time,car_ID_TX,car_ID_RX,snr_values,distance_values,rel_speed_values,snr_values_norm,distance_values_norm,rel_speed_values_norm,composite_snr_db,use_nn,testing_case,psnr,accuracy
10,v1,v2,40.0,20.22,20.0,1.0,0.1011,0.4,15.2892,False,fuzzy_logic_fixed_snr,15.2626,0.9971
10,v1,v5,40.0,110.0,20.0,1.0,0.55,0.4,3.5207,False,fuzzy_logic_fixed_snr,3.5076,0.9873
10,v1,v6,40.0,190.02,10.0,1.0,0.9501,0.2,1.1308,True,fuzzy_logic_fixed_snr,2.2375,0.7756
10,v2,v1,20.0,20.22,20.0,0.6,0.1011,0.4,-4.7108,True,fuzzy_logic_fixed_snr,1.4049,0.4029
10,v2,v5,20.0,130.03,40.0,0.6,0.6502,0.8,-19.4167,True,fuzzy_logic_fixed_snr,0.5051,0.1236
10,v3,v4,20.0,50.09,30.0,0.6,0.2504,0.6,-12.0125,True,fuzzy_logic_fixed_snr,0.7575,0.1711
10,v3,v7,20.0,100.0,30.0,0.6,0.5,0.6,-16.8165,True,fuzzy_logic_fixed_snr,0.5624,0.1387
10,v3,v8,20.0,130.03,10.0,0.6,0.6502,0.2,-16.2332,True,fuzzy_logic_fixed_snr,0.5724,0.1514
10,v4,v3,40.0,50.09,30.0,1.0,0.2504,0.6,7.9875,False,fuzzy_logic_fixed_snr,7.9679,0.9893
10,v4,v7,40.0,50.09,0.0,1.0,0.2504,0.0,12.804,False,fuzzy_logic_fixed_snr,12.7677,0.9961
10,v4,v8,40.0,80.0,20.0,1.0,0.4,0.4,5.7336,False,fuzzy_logic_fixed_snr,5.7058,0.9844
10,v4,v12,40.0,170.0,20.0,1.0,0.85,0.4,0.4958,True,fuzzy_logic_fixed_snr,2.1446,0.716
10,v4,v16,40.0,170.0,20.0,1.0,0.85,0.4,0.4958,True,fuzzy_logic_fixed_snr,2.147,0.7014
11,v1,v2,40.0,3.0,10.0,1.0,0.015,0.2,29.9578,False,fuzzy_logic_fixed_snr,29.9253,0.999
11,v1,v5,40.0,90.0,10.0,1.0,0.45,0.2,6.3239,False,fuzzy_logic_fixed_snr,6.2972,0.9893
11,v2,v1,20.0,3.0,10.0,0.6,0.015,0.2,9.9578,False,fuzzy_logic_fixed_snr,9.9296,0.9945
11,v2,v5,20.0,90.05,20.0,0.6,0.4502,0.4,-15.0887,True,fuzzy_logic_fixed_snr,0.6117,0.1539
11,v2,v6,20.0,200.0,0.0,0.6,1.0,0.0,-16.8165,True,fuzzy_logic_fixed_snr,0.5649,0.1324
11,v3,v4,20.0,80.06,10.0,0.6,0.4003,0.2,-12.8626,True,fuzzy_logic_fixed_snr,0.7156,0.1795
11,v3,v7,20.0,130.0,30.0,0.6,0.65,0.6,-18.6396,True,fuzzy_logic_fixed_snr,0.5182,0.1422
11,v3,v8,20.0,140.03,20.0,0.6,0.7002,0.4,-18.1566,True,fuzzy_logic_fixed_snr,0.5102,0.1385
11,v4,v7,40.0,50.09,20.0,1.0,0.2504,0.4,8.987,False,fuzzy_logic_fixed_snr,8.9681,0.9893
11,v4,v8,40.0,60.0,10.0,1.0,0.3,0.2,9.1413,False,fuzzy_logic_fixed_snr,9.1025,0.9926
11,v4,v3,40.0,80.06,10.0,1.0,0.4003,0.2,7.1374,False,fuzzy_logic_fixed_snr,7.0987,0.9867
11,v4,v11,40.0,140.03,30.0,1.0,0.7002,0.6,0.8439,True,fuzzy_logic_fixed_snr,2.1978,0.7465
11,v4,v12,40.0,190.0,10.0,1.0,0.95,0.2,1.1317,True,fuzzy_logic_fixed_snr,2.2418,0.7488
12,v1,v2,40.0,10.44,20.0,1.0,0.0522,0.4,19.8836,False,fuzzy_logic_fixed_snr,19.8579,0.9961
12,v1,v5,40.0,100.0,0.0,1.0,0.5,0.0,8.0,False,fuzzy_logic_fixed_snr,7.9669,0.9912
12,v1,v6,40.0,190.02,10.0,1.0,0.9501,0.2,1.1308,True,fuzzy_logic_fixed_snr,2.2401,0.7363
12,v2,v1,20.0,10.44,20.0,0.6,0.0522,0.4,-0.1164,True,fuzzy_logic_fixed_snr,2.0466,0.6766
12,v2,v5,20.0,110.04,20.0,0.6,0.5502,0.4,-16.4818,True,fuzzy_logic_fixed_snr,0.5566,0.141
12,v2,v6,20.0,200.0,10.0,0.6,1.0,0.2,-19.2247,True,fuzzy_logic_fixed_snr,0.4929,0.1248
12,v3,v4,20.0,70.06,0.0,0.6,0.3503,0.0,-9.5279,True,fuzzy_logic_fixed_snr,0.9235,0.2148
12,v3,v7,20.0,100.0,20.0,0.6,0.5,0.4,-15.817,True,fuzzy_logic_fixed_snr,0.5934,0.1512
12,v3,v8,20.0,120.04,20.0,0.6,0.6002,0.4,-17.086,True,fuzzy_logic_fixed_snr,0.5512,0.1605
12,v3,v11,20.0,180.0,10.0,0.6,0.9,0.2,-18.4926,True,fuzzy_logic_fixed_snr,0.5257,0.1219
12,v4,v7,40.0,30.15,20.0,1.0,0.1507,0.4,12.5145,False,fuzzy_logic_fixed_snr,12.4867,0.9951
12,v4,v8,40.0,50.0,20.0,1.0,0.25,0.4,8.9995,False,fuzzy_logic_fixed_snr,8.9835,0.9906
12,v4,v3,40.0,70.06,0.0,1.0,0.3503,0.0,10.4721,False,fuzzy_logic_fixed_snr,10.4584,0.9932
12,v4,v11,40.0,110.04,10.0,1.0,0.5502,0.2,4.9269,False,fuzzy_logic_fixed_snr,4.9122,0.9893
12,v4,v12,40.0,180.0,10.0,1.0,0.9,0.2,1.5074,True,fuzzy_logic_fixed_snr,2.2774,0.7943
13,v1,v2,40.0,30.15,10.0,1.0,0.1507,0.2,13.9232,False,fuzzy_logic_fixed_snr,13.8958,0.9951
13,v1,v5,40.0,100.0,30.0,1.0,0.5,0.6,3.1835,True,fuzzy_logic_fixed_snr,2.4737,0.8486
13,v1,v6,40.0,180.02,0.0,1.0,0.9001,0.0,3.9147,True,fuzzy_logic_fixed_snr,2.5396,0.8678
13,v2,v1,20.0,30.15,10.0,0.6,0.1507,0.2,-6.0768,False,fuzzy_logic_fixed_snr,-6.1041,0.8146
13,v2,v5,20.0,130.03,20.0,0.6,0.6502,0.4,-17.6419,True,fuzzy_logic_fixed_snr,0.5415,0.1221
13,v3,v4,20.0,70.06,10.0,0.6,0.3503,0.2,-11.9362,True,fuzzy_logic_fixed_snr,0.76,0.2199
13,v3,v7,20.0,120.0,10.0,0.6,0.6,0.2,-15.6751,True,fuzzy_logic_fixed_snr,0.5943,0.1514
13,v3,v8,20.0,140.03,20.0,0.6,0.7002,0.4,-18.1566,True,fuzzy_logic_fixed_snr,0.531,0.1361
13,v3,v11,20.0,190.0,10.0,0.6,0.95,0.2,-18.8683,True,fuzzy_logic_fixed_snr,0.5086,0.1268
13,v4,v7,40.0,50.09,20.0,1.0,0.2504,0.4,8.987,False,fuzzy_logic_fixed_snr,8.9601,0.9932
13,v4,v8,40.0,70.0,10.0,1.0,0.35,0.2,8.0702,False,fuzzy_logic_fixed_snr,8.0268,0.9922
13,v4,v3,40.0,70.06,10.0,1.0,0.3503,0.2,8.0638,False,fuzzy_logic_fixed_snr,8.0278,0.9941
13,v4,v11,40.0,120.04,0.0,1.0,0.6002,0.0,6.7309,False,fuzzy_logic_fixed_snr,6.6949,0.9912
13,v4,v12,40.0,170.0,0.0,1.0,0.85,0.0,4.3128,True,fuzzy_logic_fixed_snr,2.5666,0.8801
14,v1,v2,40.0,20.22,30.0,1.0,0.1011,0.6,14.2897,False,fuzzy_logic_fixed_snr,14.2611,0.9941
14,v1,v5,40.0,130.0,30.0,1.0,0.65,0.6,1.3604,True,fuzzy_logic_fixed_snr,2.2644,0.7719
14,v1,v6,40.0,180.02,40.0,1.0,0.9001,0.8,-1.6771,True,fuzzy_logic_fixed_snr,1.8462,0.6193
14,v2,v1,20.0,20.22,30.0,0.6,0.1011,0.6,-5.7103,True,fuzzy_logic_fixed_snr,1.2922,0.365
14,v2,v5,20.0,150.03,0.0,0.6,0.7501,0.0,-14.8188,True,fuzzy_logic_fixed_snr,0.6354,0.1633
14,v2,v6,20.0,200.0,10.0,0.6,1.0,0.2,-19.2247,True,fuzzy_logic_fixed_snr,0.4993,0.1293
14,v3,v4,20.0,80.06,10.0,0.6,0.4003,0.2,-12.8626,True,fuzzy_logic_fixed_snr,0.6996,0.1865
14,v3,v7,20.0,110.0,10.0,0.6,0.55,0.2,-15.0705,True,fuzzy_logic_fixed_snr,0.6173,0.157
14,v3,v8,20.0,160.03,10.0,0.6,0.8001,0.2,-17.6754,True,fuzzy_logic_fixed_snr,0.5442,0.1416
14,v3,v11,20.0,200.0,10.0,0.6,1.0,0.2,-19.2247,True,fuzzy_logic_fixed_snr,0.5071,0.1139
14,v4,v7,40.0,30.15,20.0,1.0,0.1507,0.4,12.5145,False,fuzzy_logic_fixed_snr,12.4936,0.9941
14,v4,v8,40.0,80.0,0.0,1.0,0.4,0.0,9.5506,False,fuzzy_logic_fixed_snr,9.5113,0.9951
14,v4,v3,40.0,80.06,10.0,1.0,0.4003,0.2,7.1374,False,fuzzy_logic_fixed_snr,7.1196,0.9912
14,v4,v11,40.0,120.04,0.0,1.0,0.6002,0.0,6.7309,False,fuzzy_logic_fixed_snr,6.7013,0.9916
14,v4,v12,40.0,170.0,20.0,1.0,0.85,0.4,0.4958,True,fuzzy_logic_fixed_snr,2.1428,0.7252
15,v1,v2,40.0,50.09,20.0,1.0,0.2504,0.4,8.987,False,fuzzy_logic_fixed_snr,8.9549,0.9932
15,v1,v5,40.0,100.0,10.0,1.0,0.5,0.2,5.5918,False,fuzzy_logic_fixed_snr,5.5586,0.9891
15,v1,v6,40.0,140.03,10.0,1.0,0.7002,0.2,3.2521,False,fuzzy_logic_fixed_snr,3.2212,0.9818
15,v2,v1,20.0,50.09,20.0,0.6,0.2504,0.4,-11.013,True,fuzzy_logic_fixed_snr,0.8189,0.2203
15,v2,v5,20.0,150.03,10.0,0.6,0.7501,0.2,-17.2271,True,fuzzy_logic_fixed_snr,0.5485,0.1252
15,v2,v6,20.0,190.0,30.0,0.6,0.95,0.6,-21.2765,True,fuzzy_logic_fixed_snr,0.4644,0.1264
15,v3,v4,20.0,70.06,30.0,0.6,0.3503,0.6,-14.3444,True,fuzzy_logic_fixed_snr,0.6494,0.1561
15,v3,v7,20.0,120.0,20.0,0.6,0.6,0.4,-17.0839,True,fuzzy_logic_fixed_snr,0.5657,0.1404
15,v3,v8,20.0,150.03,10.0,0.6,0.7501,0.2,-17.2271,True,fuzzy_logic_fixed_snr,0.5451,0.1176
15,v3,v11,20.0,190.0,10.0,0.6,0.95,0.2,-18.8683,True,fuzzy_logic_fixed_snr,0.4911,0.1297
15,v4,v7,40.0,50.09,10.0,1.0,0.2504,0.2,10.3958,False,fuzzy_logic_fixed_snr,10.3519,0.9961
15,v4,v3,40.0,70.06,30.0,1.0,0.3503,0.6,5.6556,False,fuzzy_logic_fixed_snr,5.6315,0.9855
15,v4,v8,40.0,80.0,40.0,1.0,0.4,0.8,3.9588,True,fuzzy_logic_fixed_snr,2.5379,0.8639
15,v4,v11,40.0,120.04,40.0,1.0,0.6002,0.8,1.1392,True,fuzzy_logic_fixed_snr,2.2397,0.7666
15,v4,v12,40.0,190.0,40.0,1.0,0.95,0.8,-2.0518,True,fuzzy_logic_fixed_snr,1.7921,0.576
16,v1,v2,40.0,30.15,0.0,1.0,0.1507,0.0,16.3315,False,fuzzy_logic_fixed_snr,16.3044,0.9941
16,v1,v5,40.0,110.0,20.0,1.0,0.55,0.4,3.5207,False,fuzzy_logic_fixed_snr,3.4993,0.9736
16,v1,v6,40.0,130.03,10.0,1.0,0.6502,0.2,3.7668,False,fuzzy_logic_fixed_snr,3.7515,0.9783
16,v2,v1,20.0,30.15,0.0,0.6,0.1507,0.0,-3.6685,False,fuzzy_logic_fixed_snr,-3.6968,0.9146
16,v2,v5,20.0,140.03,20.0,0.6,0.7002,0.4,-18.1566,True,fuzzy_logic_fixed_snr,0.5127,0.1424
16,v2,v6,20.0,160.0,10.0,0.6,0.8,0.2,-17.6742,True,fuzzy_logic_fixed_snr,0.5372,0.1486
16,v3,v4,20.0,100.04,40.0,0.6,0.5002,0.8,-17.5949,True,fuzzy_logic_fixed_snr,0.5448,0.1365
16,v3,v7,20.0,140.0,0.0,0.6,0.7,0.0,-14.338,True,fuzzy_logic_fixed_snr,0.6485,0.1709
16,v3,v8,20.0,140.03,0.0,0.6,0.7002,0.0,-14.3396,True,fuzzy_logic_fixed_snr,0.6598,0.1611
16,v3,v11,20.0,180.0,10.0,0.6,0.9,0.2,-18.4926,True,fuzzy_logic_fixed_snr,0.5305,0.1416
16,v4,v8,40.0,40.0,40.0,1.0,0.2,0.8,8.7753,True,fuzzy_logic_fixed_snr,2.8239,0.9428
16,v4,v7,40.0,40.11,40.0,1.0,0.2006,0.8,8.7558,True,fuzzy_logic_fixed_snr,2.8215,0.9377
16,v4,v11,40.0,80.06,30.0,1.0,0.4003,0.6,4.7292,False,fuzzy_logic_fixed_snr,4.7058,0.9873
16,v4,v3,40.0,100.04,40.0,1.0,0.5002,0.8,2.4051,True,fuzzy_logic_fixed_snr,2.3967,0.8189
16,v4,v12,40.0,150.0,40.0,1.0,0.75,0.8,-0.4092,True,fuzzy_logic_fixed_snr,2.0046,0.6717
17,v1,v2,40.0,30.15,40.0,1.0,0.1507,0.8,10.7397,True,fuzzy_logic_fixed_snr,2.8781,0.9477
17,v1,v5,40.0,130.0,30.0,1.0,0.65,0.6,1.3604,True,fuzzy_logic_fixed_snr,2.2688,0.7758
17,v1,v6,40.0,140.03,40.0,1.0,0.7002,0.8,0.0686,True,fuzzy_logic_fixed_snr,2.0971,0.7078
17,v2,v1,20.0,30.15,40.0,0.6,0.1507,0.8,-9.2603,True,fuzzy_logic_fixed_snr,0.9153,0.2213
17,v2,v5,20.0,160.03,10.0,0.6,0.8001,0.2,-17.6754,True,fuzzy_logic_fixed_snr,0.5346,0.1377
17,v2,v6,20.0,170.0,0.0,0.6,0.85,0.0,-15.6872,True,fuzzy_logic_fixed_snr,0.5874,0.1645
17,v3,v4,20.0,60.07,0.0,0.6,0.3004,0.0,-8.4591,True,fuzzy_logic_fixed_snr,1.0137,0.2826
17,v3,v7,20.0,140.0,0.0,0.6,0.7,0.0,-14.338,True,fuzzy_logic_fixed_snr,0.6414,0.1617
17,v3,v8,20.0,140.03,10.0,0.6,0.7002,0.2,-16.7479,True,fuzzy_logic_fixed_snr,0.5257,0.1408
17,v3,v11,20.0,170.0,20.0,0.6,0.85,0.4,-19.5042,True,fuzzy_logic_fixed_snr,0.4835,0.1375
17,v4,v3,40.0,60.07,0.0,1.0,0.3004,0.0,11.5409,False,fuzzy_logic_fixed_snr,11.5181,0.9951
17,v4,v8,40.0,80.0,10.0,1.0,0.4,0.2,7.1423,False,fuzzy_logic_fixed_snr,7.1033,0.9922
17,v4,v7,40.0,80.06,0.0,1.0,0.4003,0.0,9.5457,False,fuzzy_logic_fixed_snr,9.5119,0.9955
17,v4,v11,40.0,110.04,20.0,1.0,0.5502,0.4,3.5182,False,fuzzy_logic_fixed_snr,3.4886,0.9902
17,v4,v12,40.0,190.0,0.0,1.0,0.95,0.0,3.5399,True,fuzzy_logic_fixed_snr,2.502,0.8617
18,v1,v2,40.0,70.06,10.0,1.0,0.3503,0.2,8.0638,False,fuzzy_logic_fixed_snr,8.027,0.9893
18,v1,v5,40.0,100.0,30.0,1.0,0.5,0.6,3.1835,True,fuzzy_logic_fixed_snr,2.4667,0.8547
18,v1,v6,40.0,100.04,40.0,1.0,0.5002,0.8,2.4051,True,fuzzy_logic_fixed_snr,2.3844,0.8311
18,v2,v1,20.0,70.06,10.0,0.6,0.3503,0.2,-11.9362,True,fuzzy_logic_fixed_snr,0.7477,0.1545
18,v2,v6,20.0,170.0,30.0,0.6,0.85,0.6,-20.5037,True,fuzzy_logic_fixed_snr,0.4754,0.123
18,v2,v5,20.0,170.03,20.0,0.6,0.8501,0.4,-19.5052,True,fuzzy_logic_fixed_snr,0.4859,0.0996
18,v3,v4,20.0,60.07,10.0,0.6,0.3004,0.2,-10.8673,True,fuzzy_logic_fixed_snr,0.8017,0.2014
18,v3,v8,20.0,130.03,0.0,0.6,0.6502,0.0,-13.8249,True,fuzzy_logic_fixed_snr,0.6639,0.1678
18,v3,v7,20.0,140.0,20.0,0.6,0.7,0.4,-18.155,True,fuzzy_logic_fixed_snr,0.5289,0.1387
18,v3,v11,20.0,150.0,10.0,0.6,0.75,0.2,-17.2257,True,fuzzy_logic_fixed_snr,0.5288,0.1553
18,v4,v3,40.0,60.07,10.0,1.0,0.3004,0.2,9.1327,False,fuzzy_logic_fixed_snr,9.1022,0.9936
18,v4,v8,40.0,70.0,10.0,1.0,0.35,0.2,8.0702,False,fuzzy_logic_fixed_snr,8.0499,0.9941
18,v4,v7,40.0,80.06,10.0,1.0,0.4003,0.2,7.1374,False,fuzzy_logic_fixed_snr,7.1112,0.99
18,v4,v11,40.0,90.05,0.0,1.0,0.4502,0.0,8.7283,False,fuzzy_logic_fixed_snr,8.7092,0.9912
18,v4,v12,40.0,190.0,30.0,1.0,0.95,0.6,-1.2765,True,fuzzy_logic_fixed_snr,1.8876,0.6336
19,v1,v2,40.0,60.07,20.0,1.0,0.3004,0.4,7.7239,False,fuzzy_logic_fixed_snr,7.7027,0.9893
19,v1,v5,40.0,130.0,0.0,1.0,0.65,0.0,6.1769,False,fuzzy_logic_fixed_snr,6.1478,0.9883
19,v1,v6,40.0,140.03,10.0,1.0,0.7002,0.2,3.2521,False,fuzzy_logic_fixed_snr,3.227,0.9824
19,v2,v1,20.0,60.07,20.0,0.6,0.3004,0.4,-12.2761,True,fuzzy_logic_fixed_snr,0.7396,0.1926
19,v2,v5,20.0,190.02,20.0,0.6,0.9501,0.4,-20.2779,True,fuzzy_logic_fixed_snr,0.4659,0.1178
19,v2,v6,20.0,200.0,30.0,0.6,1.0,0.6,-21.633,True,fuzzy_logic_fixed_snr,0.4557,0.1367
19,v3,v4,20.0,50.09,30.0,0.6,0.2504,0.6,-12.0125,True,fuzzy_logic_fixed_snr,0.7509,0.1982
19,v3,v7,20.0,120.0,30.0,0.6,0.6,0.6,-18.0834,True,fuzzy_logic_fixed_snr,0.5278,0.1256
19,v3,v8,20.0,130.03,0.0,0.6,0.6502,0.0,-13.8249,True,fuzzy_logic_fixed_snr,0.6646,0.1621
19,v3,v11,20.0,140.0,0.0,0.6,0.7,0.0,-14.338,True,fuzzy_logic_fixed_snr,0.6535,0.1668
19,v4,v3,40.0,50.09,30.0,1.0,0.2504,0.6,7.9875,False,fuzzy_logic_fixed_snr,7.948,0.9932
19,v4,v7,40.0,70.06,0.0,1.0,0.3503,0.0,10.4721,False,fuzzy_logic_fixed_snr,10.4361,0.9951
19,v4,v8,40.0,80.0,30.0,1.0,0.4,0.6,4.7341,False,fuzzy_logic_fixed_snr,4.7089,0.9883
19,v4,v11,40.0,90.05,30.0,1.0,0.4502,0.6,3.9118,True,fuzzy_logic_fixed_snr,2.5447,0.8648
19,v4,v12,40.0,160.0,20.0,1.0,0.8,0.4,0.9171,True,fuzzy_logic_fixed_snr,2.209,0.751
20,v1,v2,40.0,40.11,0.0,1.0,0.2006,0.0,14.3476,False,fuzzy_logic_fixed_snr,14.3159,0.9961
20,v1,v5,40.0,130.0,30.0,1.0,0.65,0.6,1.3604,True,fuzzy_logic_fixed_snr,2.2583,0.7701
20,v1,v6,40.0,130.03,30.0,1.0,0.6502,0.6,1.3586,True,fuzzy_logic_fixed_snr,2.2605,0.7723
20,v2,v1,20.0,40.11,0.0,0.6,0.2006,0.0,-5.6524,False,fuzzy_logic_fixed_snr,-5.6731,0.8475
20,v2,v6,20.0,170.0,30.0,0.6,0.85,0.6,-20.5037,True,fuzzy_logic_fixed_snr,0.4588,0.1199
20,v2,v5,20.0,170.03,30.0,0.6,0.8501,0.6,-20.5047,True,fuzzy_logic_fixed_snr,0.475,0.1178
20,v3,v4,20.0,80.06,30.0,0.6,0.4003,0.6,-15.2708,True,fuzzy_logic_fixed_snr,0.613,0.15
20,v3,v8,20.0,130.03,10.0,0.6,0.6502,0.2,-16.2332,True,fuzzy_logic_fixed_snr,0.573,0.1387
20,v3,v11,20.0,140.0,20.0,0.6,0.7,0.4,-18.155,True,fuzzy_logic_fixed_snr,0.5059,0.1324
20,v3,v7,20.0,150.0,0.0,0.6,0.75,0.0,-14.8175,True,fuzzy_logic_fixed_snr,0.6319,0.1809
20,v4,v8,40.0,50.0,20.0,1.0,0.25,0.4,8.9995,False,fuzzy_logic_fixed_snr,8.9733,0.9893
20,v4,v11,40.0,60.07,10.0,1.0,0.3004,0.2,9.1327,False,fuzzy_logic_fixed_snr,9.0855,0.9941
20,v4,v7,40.0,70.06,30.0,1.0,0.3503,0.6,5.6556,False,fuzzy_logic_fixed_snr,5.6297,0.9893
20,v4,v3,40.0,80.06,30.0,1.0,0.4003,0.6,4.7292,False,fuzzy_logic_fixed_snr,4.7093,0.9902
20,v4,v12,40.0,140.0,10.0,1.0,0.7,0.2,3.2537,False,fuzzy_logic_fixed_snr,3.2244,0.9844
21,v1,v2,40.0,40.11,30.0,1.0,0.2006,0.6,9.5311,False,fuzzy_logic_fixed_snr,9.4967,0.9961
21,v1,v5,40.0,160.0,0.0,1.0,0.8,0.0,4.7341,True,fuzzy_logic_fixed_snr,2.6093,0.8887
21,v1,v6,40.0,160.03,40.0,1.0,0.8001,0.8,-0.8589,True,fuzzy_logic_fixed_snr,1.9545,0.6379
21,v2,v1,20.0,40.11,30.0,0.6,0.2006,0.6,-10.4689,True,fuzzy_logic_fixed_snr,0.8378,0.1887
21,v2,v6,20.0,200.0,10.0,0.6,1.0,0.2,-19.2247,True,fuzzy_logic_fixed_snr,0.5058,0.1213
21,v3,v4,20.0,110.04,40.0,0.6,0.5502,0.8,-18.2566,True,fuzzy_logic_fixed_snr,0.5208,0.1553
21,v3,v8,20.0,140.03,40.0,0.6,0.7002,0.8,-19.9314,True,fuzzy_logic_fixed_snr,0.4764,0.1273
21,v3,v7,20.0,150.0,40.0,0.6,0.75,0.8,-20.4092,True,fuzzy_logic_fixed_snr,0.4588,0.1217
21,v3,v11,20.0,160.0,10.0,0.6,0.8,0.2,-17.6742,True,fuzzy_logic_fixed_snr,0.5431,0.1441
21,v4,v8,40.0,30.0,0.0,1.0,0.15,0.0,16.3661,False,fuzzy_logic_fixed_snr,16.3395,0.9971
21,v4,v7,40.0,40.11,0.0,1.0,0.2006,0.0,14.3476,False,fuzzy_logic_fixed_snr,14.3225,0.9941
21,v4,v11,40.0,50.09,30.0,1.0,0.2504,0.6,7.9875,False,fuzzy_logic_fixed_snr,7.9565,0.9912
21,v4,v3,40.0,110.04,40.0,1.0,0.5502,0.8,1.7434,True,fuzzy_logic_fixed_snr,2.3122,0.7885
21,v4,v12,40.0,130.0,30.0,1.0,0.65,0.6,1.3604,True,fuzzy_logic_fixed_snr,2.2573,0.7859
22,v1,v2,40.0,70.06,10.0,1.0,0.3503,0.2,8.0638,False,fuzzy_logic_fixed_snr,8.0365,0.9932
22,v1,v6,40.0,120.04,10.0,1.0,0.6002,0.2,4.3227,False,fuzzy_logic_fixed_snr,4.2937,0.9932
22,v1,v5,40.0,160.0,20.0,1.0,0.8,0.4,0.9171,True,fuzzy_logic_fixed_snr,2.1954,0.7619
22,v2,v1,20.0,70.06,10.0,0.6,0.3503,0.2,-11.9362,True,fuzzy_logic_fixed_snr,0.7623,0.1924
22,v2,v6,20.0,190.0,0.0,0.6,0.95,0.0,-16.4601,True,fuzzy_logic_fixed_snr,0.5656,0.1232
22,v3,v4,20.0,150.03,10.0,0.6,0.7501,0.2,-17.2271,True,fuzzy_logic_fixed_snr,0.5542,0.1451
22,v3,v11,20.0,170.0,20.0,0.6,0.85,0.4,-19.5042,True,fuzzy_logic_fixed_snr,0.5001,0.1188
22,v3,v8,20.0,180.02,10.0,0.6,0.9001,0.2,-18.4936,True,fuzzy_logic_fixed_snr,0.4774,0.1414
22,v3,v7,20.0,190.0,10.0,0.6,0.95,0.2,-18.8683,True,fuzzy_logic_fixed_snr,0.5065,0.1342
22,v4,v11,40.0,20.22,30.0,1.0,0.1011,0.6,14.2897,False,fuzzy_logic_fixed_snr,14.2691,0.9941
22,v4,v8,40.0,30.0,20.0,1.0,0.15,0.4,12.5491,False,fuzzy_logic_fixed_snr,12.5259,0.9961
22,v4,v7,40.0,40.11,20.0,1.0,0.2006,0.4,10.5306,False,fuzzy_logic_fixed_snr,10.5066,0.9906
22,v4,v12,40.0,100.0,10.0,1.0,0.5,0.2,5.5918,False,fuzzy_logic_fixed_snr,5.5575,0.9887
22,v4,v3,40.0,150.03,10.0,1.0,0.7501,0.2,2.7729,False,fuzzy_logic_fixed_snr,2.7363,0.9814
23,v1,v2,40.0,80.06,30.0,1.0,0.4003,0.6,4.7292,False,fuzzy_logic_fixed_snr,4.7037,0.9854
23,v1,v6,40.0,110.04,30.0,1.0,0.5502,0.6,2.5187,True,fuzzy_logic_fixed_snr,2.4055,0.8164
23,v1,v5,40.0,140.0,40.0,1.0,0.7,0.8,0.0702,True,fuzzy_logic_fixed_snr,2.0872,0.7027
23,v2,v1,20.0,80.06,30.0,0.6,0.4003,0.6,-15.2708,True,fuzzy_logic_fixed_snr,0.6005,0.1666
23,v2,v6,20.0,190.0,0.0,0.6,0.95,0.0,-16.4601,True,fuzzy_logic_fixed_snr,0.5663,0.1506
23,v3,v4,20.0,140.03,40.0,0.6,0.7002,0.8,-19.9314,True,fuzzy_logic_fixed_snr,0.4782,0.1229
23,v3,v11,20.0,190.0,30.0,0.6,0.95,0.6,-21.2765,True,fuzzy_logic_fixed_snr,0.4564,0.117
23,v3,v8,20.0,190.02,40.0,0.6,0.9501,0.8,-22.0527,True,fuzzy_logic_fixed_snr,0.4372,0.1236
23,v3,v7,20.0,200.0,0.0,0.6,1.0,0.0,-16.8165,True,fuzzy_logic_fixed_snr,0.5469,0.1258
23,v4,v8,40.0,50.0,0.0,1.0,0.25,0.0,12.8165,False,fuzzy_logic_fixed_snr,12.7933,0.9961
23,v4,v11,40.0,50.09,10.0,1.0,0.2504,0.2,10.3958,False,fuzzy_logic_fixed_snr,10.3677,0.9922
23,v4,v7,40.0,60.07,40.0,1.0,0.3004,0.8,5.9491,True,fuzzy_logic_fixed_snr,2.6929,0.9074
23,v4,v12,40.0,90.0,40.0,1.0,0.45,0.8,3.1404,True,fuzzy_logic_fixed_snr,2.4722,0.8469
23,v4,v3,40.0,140.03,40.0,1.0,0.7002,0.8,0.0686,True,fuzzy_logic_fixed_snr,2.0961,0.7035
24,v1,v2,40.0,50.09,0.0,1.0,0.2504,0.0,12.804,False,fuzzy_logic_fixed_snr,12.7731,0.9941
24,v1,v6,40.0,140.03,30.0,1.0,0.7002,0.6,0.8439,True,fuzzy_logic_fixed_snr,2.2193,0.7596
24,v1,v5,40.0,180.0,20.0,1.0,0.9,0.4,0.0987,True,fuzzy_logic_fixed_snr,2.095,0.7012
24,v2,v1,20.0,50.09,0.0,0.6,0.2504,0.0,-7.196,False,fuzzy_logic_fixed_snr,-7.2084,0.7781
24,v2,v6,20.0,190.0,30.0,0.6,0.95,0.6,-21.2765,True,fuzzy_logic_fixed_snr,0.4576,0.1117
24,v3,v4,20.0,100.04,20.0,0.6,0.5002,0.4,-15.8201,True,fuzzy_logic_fixed_snr,0.588,0.1412
24,v3,v8,20.0,150.03,30.0,0.6,0.7501,0.6,-19.6353,True,fuzzy_logic_fixed_snr,0.5041,0.1342
24,v3,v11,20.0,160.0,30.0,0.6,0.8,0.6,-20.0824,True,fuzzy_logic_fixed_snr,0.469,0.1102
24,v3,v7,20.0,200.0,20.0,0.6,1.0,0.4,-20.6334,True,fuzzy_logic_fixed_snr,0.4438,0.1154
24,v4,v8,40.0,50.0,10.0,1.0,0.25,0.2,10.4082,False,fuzzy_logic_fixed_snr,10.3732,0.9936
24,v4,v11,40.0,60.07,10.0,1.0,0.3004,0.2,9.1327,False,fuzzy_logic_fixed_snr,9.0986,0.9932
24,v4,v3,40.0,100.04,20.0,1.0,0.5002,0.4,4.1799,False,fuzzy_logic_fixed_snr,4.1556,0.9902
24,v4,v7,40.0,100.04,0.0,1.0,0.5002,0.0,7.9969,False,fuzzy_logic_fixed_snr,7.9631,0.9883
24,v4,v12,40.0,130.0,0.0,1.0,0.65,0.0,6.1769,False,fuzzy_logic_fixed_snr,6.1502,0.9893
25,v1,v2,40.0,50.09,40.0,1.0,0.2504,0.8,7.2122,True,fuzzy_logic_fixed_snr,2.7687,0.924
25,v1,v6,40.0,170.03,10.0,1.0,0.8501,0.2,1.9035,True,fuzzy_logic_fixed_snr,2.3185,0.7754
25,v1,v5,40.0,200.0,20.0,1.0,1.0,0.4,-0.6334,True,fuzzy_logic_fixed_snr,1.9733,0.6586
25,v2,v1,20.0,50.09,40.0,0.6,0.2504,0.8,-12.7878,True,fuzzy_logic_fixed_snr,0.705,0.1793
25,v3,v4,20.0,120.04,30.0,0.6,0.6002,0.6,-18.0856,True,fuzzy_logic_fixed_snr,0.5361,0.132
25,v3,v8,20.0,180.02,10.0,0.6,0.9001,0.2,-18.4936,True,fuzzy_logic_fixed_snr,0.5088,0.1596
25,v3,v11,20.0,190.0,10.0,0.6,0.95,0.2,-18.8683,True,fuzzy_logic_fixed_snr,0.5047,0.126
25,v4,v8,40.0,60.0,40.0,1.0,0.3,0.8,5.9578,True,fuzzy_logic_fixed_snr,2.7031,0.9123
25,v4,v11,40.0,70.06,20.0,1.0,0.3503,0.4,6.6551,False,fuzzy_logic_fixed_snr,6.6282,0.9922
25,v4,v7,40.0,100.04,20.0,1.0,0.5002,0.4,4.1799,False,fuzzy_logic_fixed_snr,4.1451,0.9863
25,v4,v3,40.0,120.04,30.0,1.0,0.6002,0.6,1.9144,True,fuzzy_logic_fixed_snr,2.3462,0.808
25,v4,v12,40.0,130.0,30.0,1.0,0.65,0.6,1.3604,True,fuzzy_logic_fixed_snr,2.2635,0.7639
26,v1,v2,40.0,90.05,10.0,1.0,0.4502,0.2,6.32,False,fuzzy_logic_fixed_snr,6.2941,0.9902
26,v1,v6,40.0,160.03,40.0,1.0,0.8001,0.8,-0.8589,True,fuzzy_logic_fixed_snr,1.9495,0.6547
26,v1,v5,40.0,180.0,0.0,1.0,0.9,0.0,3.9156,True,fuzzy_logic_fixed_snr,2.5434,0.8738
26,v2,v1,20.0,90.05,10.0,0.6,0.4502,0.2,-13.68,True,fuzzy_logic_fixed_snr,0.6936,0.1604
26,v3,v4,20.0,90.05,20.0,0.6,0.4502,0.4,-15.0887,True,fuzzy_logic_fixed_snr,0.6023,0.1533
26,v3,v11,20.0,180.0,10.0,0.6,0.9,0.2,-18.4926,True,fuzzy_logic_fixed_snr,0.5153,0.1371
26,v3,v8,20.0,190.02,0.0,0.6,0.9501,0.0,-16.4609,True,fuzzy_logic_fixed_snr,0.5587,0.1363
26,v4,v3,40.0,90.05,20.0,1.0,0.4502,0.4,4.9113,False,fuzzy_logic_fixed_snr,4.8909,0.9848
26,v4,v11,40.0,90.05,10.0,1.0,0.4502,0.2,6.32,False,fuzzy_logic_fixed_snr,6.2836,0.9854
26,v4,v8,40.0,100.0,20.0,1.0,0.5,0.4,4.183,False,fuzzy_logic_fixed_snr,4.1563,0.9871
26,v4,v7,40.0,120.04,10.0,1.0,0.6002,0.2,4.3227,False,fuzzy_logic_fixed_snr,4.307,0.9854
26,v4,v12,40.0,160.0,20.0,1.0,0.8,0.4,0.9171,True,fuzzy_logic_fixed_snr,2.1972,0.7461
27,v1,v2,40.0,100.04,20.0,1.0,0.5002,0.4,4.1799,False,fuzzy_logic_fixed_snr,4.168,0.9893
27,v1,v6,40.0,120.04,0.0,1.0,0.6002,0.0,6.7309,False,fuzzy_logic_fixed_snr,6.7055,0.9893
27,v1,v5,40.0,180.0,10.0,1.0,0.9,0.2,1.5074,True,fuzzy_logic_fixed_snr,2.2887,0.7631
27,v2,v1,20.0,100.04,20.0,0.6,0.5002,0.4,-15.8201,True,fuzzy_logic_fixed_snr,0.5844,0.1652
27,v3,v4,20.0,110.04,20.0,0.6,0.5502,0.4,-16.4818,True,fuzzy_logic_fixed_snr,0.5488,0.1707
27,v3,v11,20.0,190.0,40.0,0.6,0.95,0.8,-22.0518,True,fuzzy_logic_fixed_snr,0.4407,0.134
27,v3,v8,20.0,190.02,30.0,0.6,0.9501,0.6,-21.2774,True,fuzzy_logic_fixed_snr,0.453,0.1355
27,v4,v8,40.0,80.0,10.0,1.0,0.4,0.2,7.1423,False,fuzzy_logic_fixed_snr,7.1083,0.9887
27,v4,v11,40.0,80.06,20.0,1.0,0.4003,0.4,5.7287,False,fuzzy_logic_fixed_snr,5.6995,0.9887
27,v4,v3,40.0,110.04,20.0,1.0,0.5502,0.4,3.5182,False,fuzzy_logic_fixed_snr,3.4948,0.9863
27,v4,v7,40.0,110.04,10.0,1.0,0.5502,0.2,4.9269,False,fuzzy_logic_fixed_snr,4.9049,0.9854
27,v4,v12,40.0,140.0,20.0,1.0,0.7,0.4,1.845,True,fuzzy_logic_fixed_snr,2.3312,0.8145
28,v1,v2,40.0,80.06,20.0,1.0,0.4003,0.4,5.7287,False,fuzzy_logic_fixed_snr,5.7153,0.9902
28,v1,v6,40.0,120.04,10.0,1.0,0.6002,0.2,4.3227,False,fuzzy_logic_fixed_snr,4.2988,0.9818
28,v1,v5,40.0,190.0,10.0,1.0,0.95,0.2,1.1317,True,fuzzy_logic_fixed_snr,2.2385,0.7672
28,v2,v1,20.0,80.06,20.0,0.6,0.4003,0.4,-14.2713,True,fuzzy_logic_fixed_snr,0.6362,0.1547
28,v2,v6,20.0,200.0,10.0,0.6,1.0,0.2,-19.2247,True,fuzzy_logic_fixed_snr,0.4756,0.126
28,v3,v4,20.0,90.05,10.0,0.6,0.4502,0.2,-13.68,True,fuzzy_logic_fixed_snr,0.6677,0.1408
28,v3,v11,20.0,150.0,10.0,0.6,0.75,0.2,-17.2257,True,fuzzy_logic_fixed_snr,0.5541,0.1221
28,v3,v8,20.0,160.03,10.0,0.6,0.8001,0.2,-17.6754,True,fuzzy_logic_fixed_snr,0.5215,0.1293
28,v4,v11,40.0,60.07,0.0,1.0,0.3004,0.0,11.5409,False,fuzzy_logic_fixed_snr,11.513,0.9945
28,v4,v8,40.0,70.0,20.0,1.0,0.35,0.4,6.6615,False,fuzzy_logic_fixed_snr,6.6404,0.9877
28,v4,v3,40.0,90.05,10.0,1.0,0.4502,0.2,6.32,False,fuzzy_logic_fixed_snr,6.2951,0.9877
28,v4,v7,40.0,120.04,0.0,1.0,0.6002,0.0,6.7309,False,fuzzy_logic_fixed_snr,6.7125,0.9906
28,v4,v12,40.0,160.0,20.0,1.0,0.8,0.4,0.9171,True,fuzzy_logic_fixed_snr,2.2026,0.7607
29,v1,v2,40.0,100.04,10.0,1.0,0.5002,0.2,5.5886,False,fuzzy_logic_fixed_snr,5.5637,0.9926
29,v1,v6,40.0,110.04,20.0,1.0,0.5502,0.4,3.5182,False,fuzzy_logic_fixed_snr,3.4984,0.977
29,v1,v5,40.0,180.0,10.0,1.0,0.9,0.2,1.5074,True,fuzzy_logic_fixed_snr,2.2752,0.7645
29,v2,v1,20.0,100.04,10.0,0.6,0.5002,0.2,-14.4114,True,fuzzy_logic_fixed_snr,0.6248,0.1441
29,v3,v4,20.0,100.04,10.0,0.6,0.5002,0.2,-14.4114,True,fuzzy_logic_fixed_snr,0.641,0.1674
29,v3,v8,20.0,150.03,20.0,0.6,0.7501,0.4,-18.6358,True,fuzzy_logic_fixed_snr,0.5024,0.1193
29,v3,v11,20.0,160.0,10.0,0.6,0.8,0.2,-17.6742,True,fuzzy_logic_fixed_snr,0.5615,0.1465
29,v4,v8,40.0,50.0,30.0,1.0,0.25,0.6,8.0,False,fuzzy_logic_fixed_snr,7.9782,0.9916
29,v4,v11,40.0,60.07,0.0,1.0,0.3004,0.0,11.5409,False,fuzzy_logic_fixed_snr,11.5053,0.9951
29,v4,v3,40.0,100.04,10.0,1.0,0.5002,0.2,5.5886,False,fuzzy_logic_fixed_snr,5.5667,0.9896
29,v4,v7,40.0,120.04,20.0,1.0,0.6002,0.4,2.914,False,fuzzy_logic_fixed_snr,2.8954,0.9814
29,v4,v12,40.0,140.0,20.0,1.0,0.7,0.4,1.845,True,fuzzy_logic_fixed_snr,2.3199,0.7844
30,v1,v6,40.0,90.05,10.0,1.0,0.4502,0.2,6.32,False,fuzzy_logic_fixed_snr,6.2938,0.9887
30,v1,v2,40.0,110.04,10.0,1.0,0.5502,0.2,4.9269,False,fuzzy_logic_fixed_snr,4.9016,0.9863
30,v1,v5,40.0,170.0,10.0,1.0,0.85,0.2,1.9046,True,fuzzy_logic_fixed_snr,2.3406,0.8025
30,v2,v1,20.0,110.04,10.0,0.6,0.5502,0.2,-15.0731,True,fuzzy_logic_fixed_snr,0.6238,0.1678
30,v2,v6,20.0,200.0,0.0,0.6,1.0,0.0,-16.8165,True,fuzzy_logic_fixed_snr,0.5556,0.1232
30,v3,v4,20.0,90.05,20.0,0.6,0.4502,0.4,-15.0887,True,fuzzy_logic_fixed_snr,0.6218,0.1555
30,v3,v11,20.0,150.0,20.0,0.6,0.75,0.4,-18.6344,True,fuzzy_logic_fixed_snr,0.4895,0.1107
30,v3,v8,20.0,170.03,10.0,0.6,0.8501,0.2,-18.0965,True,fuzzy_logic_fixed_snr,0.5233,0.1303
30,v4,v11,40.0,60.07,0.0,1.0,0.3004,0.0,11.5409,False,fuzzy_logic_fixed_snr,11.5134,0.9916
30,v4,v8,40.0,80.0,30.0,1.0,0.4,0.6,4.7341,False,fuzzy_logic_fixed_snr,4.7013,0.9873
30,v4,v3,40.0,90.05,20.0,1.0,0.4502,0.4,4.9113,False,fuzzy_logic_fixed_snr,4.8921,0.9873
30,v4,v7,40.0,140.03,40.0,1.0,0.7002,0.8,0.0686,True,fuzzy_logic_fixed_snr,2.089,0.7102
30,v4,v12,40.0,160.0,0.0,1.0,0.8,0.0,4.7341,True,fuzzy_logic_fixed_snr,2.6138,0.8855
31,v1,v2,40.0,100.04,0.0,1.0,0.5002,0.0,7.9969,False,fuzzy_logic_fixed_snr,7.9639,0.9912
31,v1,v6,40.0,100.04,20.0,1.0,0.5002,0.4,4.1799,False,fuzzy_logic_fixed_snr,4.159,0.9877
31,v1,v5,40.0,180.0,20.0,1.0,0.9,0.4,0.0987,True,fuzzy_logic_fixed_snr,2.0865,0.7049
31,v2,v1,20.0,100.04,0.0,0.6,0.5002,0.0,-12.0031,True,fuzzy_logic_fixed_snr,0.7425,0.1973
31,v2,v6,20.0,200.0,20.0,0.6,1.0,0.4,-20.6334,True,fuzzy_logic_fixed_snr,0.4565,0.1123
31,v3,v4,20.0,110.04,10.0,0.6,0.5502,0.2,-15.0731,True,fuzzy_logic_fixed_snr,0.6055,0.1562
31,v3,v8,20.0,160.03,10.0,0.6,0.8001,0.2,-17.6754,True,fuzzy_logic_fixed_snr,0.5277,0.1355
31,v3,v11,20.0,170.0,30.0,0.6,0.85,0.6,-20.5037,True,fuzzy_logic_fixed_snr,0.48,0.1469
31,v4,v8,40.0,50.0,0.0,1.0,0.25,0.0,12.8165,False,fuzzy_logic_fixed_snr,12.7834,0.9922
31,v4,v11,40.0,60.07,40.0,1.0,0.3004,0.8,5.9491,True,fuzzy_logic_fixed_snr,2.701,0.9109
31,v4,v7,40.0,100.04,10.0,1.0,0.5002,0.2,5.5886,False,fuzzy_logic_fixed_snr,5.5584,0.9893
31,v4,v3,40.0,110.04,10.0,1.0,0.5502,0.2,4.9269,False,fuzzy_logic_fixed_snr,4.9061,0.9873
31,v4,v12,40.0,160.0,10.0,1.0,0.8,0.2,2.3258,True,fuzzy_logic_fixed_snr,2.3795,0.7994
32,v1,v2,40.0,100.04,20.0,1.0,0.5002,0.4,4.1799,False,fuzzy_logic_fixed_snr,4.1549,0.9828
32,v1,v6,40.0,120.04,20.0,1.0,0.6002,0.4,2.914,False,fuzzy_logic_fixed_snr,2.886,0.9828
32,v1,v5,40.0,160.0,0.0,1.0,0.8,0.0,4.7341,True,fuzzy_logic_fixed_snr,2.6186,0.8857
32,v2,v1,20.0,100.04,20.0,0.6,0.5002,0.4,-15.8201,True,fuzzy_logic_fixed_snr,0.5723,0.1293
32,v3,v4,20.0,100.04,20.0,0.6,0.5002,0.4,-15.8201,True,fuzzy_logic_fixed_snr,0.5868,0.149
32,v3,v8,20.0,150.03,20.0,0.6,0.7501,0.4,-18.6358,True,fuzzy_logic_fixed_snr,0.5134,0.1338
32,v3,v11,20.0,200.0,40.0,0.6,1.0,0.8,-22.4082,True,fuzzy_logic_fixed_snr,0.4279,0.1008
32,v4,v8,40.0,50.0,0.0,1.0,0.25,0.0,12.8165,False,fuzzy_logic_fixed_snr,12.7882,0.9971
32,v4,v3,40.0,100.04,20.0,1.0,0.5002,0.4,4.1799,False,fuzzy_logic_fixed_snr,4.1508,0.9887
32,v4,v11,40.0,100.04,20.0,1.0,0.5002,0.4,4.1799,False,fuzzy_logic_fixed_snr,4.1696,0.9854
32,v4,v7,40.0,110.04,10.0,1.0,0.5502,0.2,4.9269,False,fuzzy_logic_fixed_snr,4.9101,0.9877
32,v4,v12,40.0,170.0,10.0,1.0,0.85,0.2,1.9046,True,fuzzy_logic_fixed_snr,2.3249,0.7816
33,v1,v2,40.0,80.06,40.0,1.0,0.4003,0.8,3.9539,True,fuzzy_logic_fixed_snr,2.5535,0.8791
33,v1,v6,40.0,140.03,10.0,1.0,0.7002,0.2,3.2521,False,fuzzy_logic_fixed_snr,3.2329,0.9844
33,v1,v5,40.0,160.0,30.0,1.0,0.8,0.6,-0.0824,True,fuzzy_logic_fixed_snr,2.0734,0.685
33,v2,v1,20.0,80.06,40.0,0.6,0.4003,0.8,-16.0461,True,fuzzy_logic_fixed_snr,0.5855,0.1264
33,v3,v4,20.0,80.06,0.0,0.6,0.4003,0.0,-10.4543,True,fuzzy_logic_fixed_snr,0.8625,0.2137
33,v3,v8,20.0,130.03,20.0,0.6,0.6502,0.4,-17.6419,True,fuzzy_logic_fixed_snr,0.5386,0.1449
33,v3,v11,20.0,160.0,10.0,0.6,0.8,0.2,-17.6742,True,fuzzy_logic_fixed_snr,0.5503,0.1568
33,v3,v7,20.0,180.0,20.0,0.6,0.9,0.4,-19.9013,True,fuzzy_logic_fixed_snr,0.4578,0.117
33,v4,v8,40.0,50.0,20.0,1.0,0.25,0.4,8.9995,False,fuzzy_logic_fixed_snr,8.9658,0.9941
33,v4,v3,40.0,80.06,0.0,1.0,0.4003,0.0,9.5457,False,fuzzy_logic_fixed_snr,9.5262,0.9932
33,v4,v11,40.0,80.06,10.0,1.0,0.4003,0.2,7.1374,False,fuzzy_logic_fixed_snr,7.1153,0.9912
33,v4,v7,40.0,100.04,20.0,1.0,0.5002,0.4,4.1799,False,fuzzy_logic_fixed_snr,4.1622,0.9854
33,v4,v12,40.0,180.0,10.0,1.0,0.9,0.2,1.5074,True,fuzzy_logic_fixed_snr,2.286,0.7658
34,v1,v2,40.0,40.11,20.0,1.0,0.2006,0.4,10.5306,False,fuzzy_logic_fixed_snr,10.5115,0.9932
34,v1,v6,40.0,150.03,10.0,1.0,0.7501,0.2,2.7729,False,fuzzy_logic_fixed_snr,2.7501,0.9824
34,v1,v5,40.0,190.0,10.0,1.0,0.95,0.2,1.1317,True,fuzzy_logic_fixed_snr,2.2453,0.7594
34,v2,v1,20.0,40.11,20.0,0.6,0.2006,0.4,-9.4694,True,fuzzy_logic_fixed_snr,0.9161,0.2105
34,v2,v6,20.0,190.0,10.0,0.6,0.95,0.2,-18.8683,True,fuzzy_logic_fixed_snr,0.485,0.1326
34,v3,v4,20.0,80.06,10.0,0.6,0.4003,0.2,-12.8626,True,fuzzy_logic_fixed_snr,0.723,0.1955
34,v3,v8,20.0,110.04,10.0,0.6,0.5502,0.2,-15.0731,True,fuzzy_logic_fixed_snr,0.6153,0.1512
34,v3,v11,20.0,150.0,20.0,0.6,0.75,0.4,-18.6344,True,fuzzy_logic_fixed_snr,0.5233,0.1355
34,v3,v7,20.0,160.0,0.0,0.6,0.8,0.0,-15.2659,True,fuzzy_logic_fixed_snr,0.6173,0.1529
34,v4,v8,40.0,30.0,20.0,1.0,0.15,0.4,12.5491,False,fuzzy_logic_fixed_snr,12.5245,0.9971
34,v4,v11,40.0,70.06,10.0,1.0,0.3503,0.2,8.0638,False,fuzzy_logic_fixed_snr,8.0471,0.9916
34,v4,v3,40.0,80.06,10.0,1.0,0.4003,0.2,7.1374,False,fuzzy_logic_fixed_snr,7.104,0.9883
34,v4,v7,40.0,80.06,10.0,1.0,0.4003,0.2,7.1374,False,fuzzy_logic_fixed_snr,7.1107,0.9922
34,v4,v12,40.0,170.0,20.0,1.0,0.85,0.4,0.4958,True,fuzzy_logic_fixed_snr,2.1627,0.7457
35,v1,v2,40.0,20.22,0.0,1.0,0.1011,0.0,19.1062,False,fuzzy_logic_fixed_snr,19.086,0.9951
35,v1,v6,40.0,160.03,0.0,1.0,0.8001,0.0,4.7329,True,fuzzy_logic_fixed_snr,2.6198,0.8926
35,v1,v5,40.0,200.0,20.0,1.0,1.0,0.4,-0.6334,True,fuzzy_logic_fixed_snr,1.9974,0.6574
35,v2,v1,20.0,20.22,0.0,0.6,0.1011,0.0,-0.8938,False,fuzzy_logic_fixed_snr,-0.926,0.9613
35,v2,v6,20.0,180.0,0.0,0.6,0.9,0.0,-16.0844,True,fuzzy_logic_fixed_snr,0.5791,0.1365
35,v3,v4,20.0,70.06,0.0,0.6,0.3503,0.0,-9.5279,True,fuzzy_logic_fixed_snr,0.9148,0.2248
35,v3,v8,20.0,120.04,40.0,0.6,0.6002,0.8,-18.8608,True,fuzzy_logic_fixed_snr,0.4975,0.1365
35,v3,v11,20.0,130.0,40.0,0.6,0.65,0.8,-19.4149,True,fuzzy_logic_fixed_snr,0.4922,0.1209
35,v3,v7,20.0,160.0,10.0,0.6,0.8,0.2,-17.6742,True,fuzzy_logic_fixed_snr,0.5333,0.1225
35,v4,v8,40.0,50.0,40.0,1.0,0.25,0.8,7.2247,True,fuzzy_logic_fixed_snr,2.7702,0.927
35,v4,v11,40.0,60.07,40.0,1.0,0.3004,0.8,5.9491,True,fuzzy_logic_fixed_snr,2.697,0.9127
35,v4,v3,40.0,70.06,0.0,1.0,0.3503,0.0,10.4721,False,fuzzy_logic_fixed_snr,10.4479,0.9941
35,v4,v7,40.0,90.05,10.0,1.0,0.4502,0.2,6.32,False,fuzzy_logic_fixed_snr,6.2978,0.9857
35,v4,v12,40.0,150.0,10.0,1.0,0.75,0.2,2.7743,False,fuzzy_logic_fixed_snr,2.7568,0.9883
36,v1,v2,40.0,20.22,10.0,1.0,0.1011,0.2,16.698,False,fuzzy_logic_fixed_snr,16.6792,0.9971
36,v1,v6,40.0,160.03,0.0,1.0,0.8001,0.0,4.7329,True,fuzzy_logic_fixed_snr,2.6162,0.8902
36,v1,v5,40.0,180.0,10.0,1.0,0.9,0.2,1.5074,True,fuzzy_logic_fixed_snr,2.2852,0.7879
36,v2,v1,20.0,20.22,10.0,0.6,0.1011,0.2,-3.302,False,fuzzy_logic_fixed_snr,-3.3246,0.9105
36,v2,v6,20.0,180.0,10.0,0.6,0.9,0.2,-18.4926,True,fuzzy_logic_fixed_snr,0.5155,0.1475
36,v3,v4,20.0,70.06,10.0,0.6,0.3503,0.2,-11.9362,True,fuzzy_logic_fixed_snr,0.7714,0.1721
36,v3,v8,20.0,80.06,10.0,0.6,0.4003,0.2,-12.8626,True,fuzzy_logic_fixed_snr,0.7195,0.1748
36,v3,v11,20.0,90.0,30.0,0.6,0.45,0.6,-16.0844,True,fuzzy_logic_fixed_snr,0.5794,0.1518
36,v3,v7,20.0,150.0,30.0,0.6,0.75,0.6,-19.6339,True,fuzzy_logic_fixed_snr,0.479,0.1137
36,v4,v8,40.0,10.0,0.0,1.0,0.05,0.0,24.0,False,fuzzy_logic_fixed_snr,23.9689,0.9971
36,v4,v11,40.0,20.22,20.0,1.0,0.1011,0.4,15.2892,False,fuzzy_logic_fixed_snr,15.247,0.9971
36,v4,v3,40.0,70.06,10.0,1.0,0.3503,0.2,8.0638,False,fuzzy_logic_fixed_snr,8.0387,0.9916
36,v4,v7,40.0,80.06,20.0,1.0,0.4003,0.4,5.7287,False,fuzzy_logic_fixed_snr,5.7132,0.9912
36,v4,v12,40.0,140.0,10.0,1.0,0.7,0.2,3.2537,False,fuzzy_logic_fixed_snr,3.2213,0.9795
37,v1,v2,40.0,30.15,0.0,1.0,0.1507,0.0,16.3315,False,fuzzy_logic_fixed_snr,16.3105,0.998
37,v1,v6,40.0,160.03,10.0,1.0,0.8001,0.2,2.3246,True,fuzzy_logic_fixed_snr,2.3742,0.8156
37,v1,v5,40.0,170.0,20.0,1.0,0.85,0.4,0.4958,True,fuzzy_logic_fixed_snr,2.1345,0.7143
37,v2,v1,20.0,30.15,0.0,0.6,0.1507,0.0,-3.6685,False,fuzzy_logic_fixed_snr,-3.6857,0.91
37,v2,v6,20.0,190.0,10.0,0.6,0.95,0.2,-18.8683,True,fuzzy_logic_fixed_snr,0.4925,0.118
37,v3,v4,20.0,80.06,20.0,0.6,0.4003,0.4,-14.2713,True,fuzzy_logic_fixed_snr,0.644,0.1523
37,v3,v8,20.0,90.05,10.0,0.6,0.4502,0.2,-13.68,True,fuzzy_logic_fixed_snr,0.6764,0.1607
37,v3,v11,20.0,120.0,10.0,0.6,0.6,0.2,-15.6751,True,fuzzy_logic_fixed_snr,0.5875,0.1273
37,v3,v7,20.0,180.0,10.0,0.6,0.9,0.2,-18.4926,True,fuzzy_logic_fixed_snr,0.4971,0.132
37,v4,v8,40.0,10.0,30.0,1.0,0.05,0.6,19.1835,False,fuzzy_logic_fixed_snr,19.1603,0.9971
37,v4,v11,40.0,40.11,30.0,1.0,0.2006,0.6,9.5311,False,fuzzy_logic_fixed_snr,9.5011,0.9936
37,v4,v3,40.0,80.06,20.0,1.0,0.4003,0.4,5.7287,False,fuzzy_logic_fixed_snr,5.7001,0.9883
37,v4,v7,40.0,100.04,30.0,1.0,0.5002,0.6,3.1804,True,fuzzy_logic_fixed_snr,2.4783,0.8508
37,v4,v12,40.0,150.0,40.0,1.0,0.75,0.8,-0.4092,True,fuzzy_logic_fixed_snr,2.0202,0.6877
38,v1,v2,40.0,30.15,0.0,1.0,0.1507,0.0,16.3315,False,fuzzy_logic_fixed_snr,16.3037,0.9961
38,v1,v6,40.0,170.03,0.0,1.0,0.8501,0.0,4.3117,True,fuzzy_logic_fixed_snr,2.5773,0.8855
38,v1,v5,40.0,190.0,10.0,1.0,0.95,0.2,1.1317,True,fuzzy_logic_fixed_snr,2.2372,0.7596
38,v2,v1,20.0,30.15,0.0,0.6,0.1507,0.0,-3.6685,False,fuzzy_logic_fixed_snr,-3.6973,0.9088
38,v2,v6,20.0,200.0,0.0,0.6,1.0,0.0,-16.8165,True,fuzzy_logic_fixed_snr,0.5636,0.1447
38,v3,v4,20.0,60.07,40.0,0.6,0.3004,0.8,-14.0509,True,fuzzy_logic_fixed_snr,0.666,0.165
38,v3,v8,20.0,100.04,40.0,0.6,0.5002,0.8,-17.5949,True,fuzzy_logic_fixed_snr,0.5484,0.1326
38,v3,v11,20.0,130.0,10.0,0.6,0.65,0.2,-16.2313,True,fuzzy_logic_fixed_snr,0.573,0.1393
38,v3,v7,20.0,190.0,10.0,0.6,0.95,0.2,-18.8683,True,fuzzy_logic_fixed_snr,0.5341,0.1389
38,v4,v8,40.0,40.0,0.0,1.0,0.2,0.0,14.367,False,fuzzy_logic_fixed_snr,14.343,0.9932
38,v4,v3,40.0,60.07,40.0,1.0,0.3004,0.8,5.9491,True,fuzzy_logic_fixed_snr,2.6933,0.9203
38,v4,v11,40.0,70.06,30.0,1.0,0.3503,0.6,5.6556,False,fuzzy_logic_fixed_snr,5.6294,0.9863
38,v4,v7,40.0,130.03,30.0,1.0,0.6502,0.6,1.3586,True,fuzzy_logic_fixed_snr,2.255,0.7672
38,v4,v12,40.0,190.0,30.0,1.0,0.95,0.6,-1.2765,True,fuzzy_logic_fixed_snr,1.887,0.6186
39,v1,v2,40.0,30.15,30.0,1.0,0.1507,0.6,11.515,False,fuzzy_logic_fixed_snr,11.4999,0.9922
39,v1,v6,40.0,170.03,20.0,1.0,0.8501,0.4,0.4948,True,fuzzy_logic_fixed_snr,2.1533,0.7492
39,v1,v5,40.0,180.0,0.0,1.0,0.9,0.0,3.9156,True,fuzzy_logic_fixed_snr,2.5479,0.8555
39,v2,v1,20.0,30.15,30.0,0.6,0.1507,0.6,-8.485,True,fuzzy_logic_fixed_snr,1.0175,0.2477
39,v2,v6,20.0,200.0,10.0,0.6,1.0,0.2,-19.2247,True,fuzzy_logic_fixed_snr,0.4971,0.1309
39,v3,v4,20.0,100.04,10.0,0.6,0.5002,0.2,-14.4114,True,fuzzy_logic_fixed_snr,0.62,0.1447
39,v3,v11,20.0,140.0,30.0,0.6,0.7,0.6,-19.1545,True,fuzzy_logic_fixed_snr,0.5102,0.1344
39,v3,v8,20.0,140.03,20.0,0.6,0.7002,0.4,-18.1566,True,fuzzy_logic_fixed_snr,0.5146,0.1471
39,v3,v7,20.0,200.0,0.0,0.6,1.0,0.0,-16.8165,True,fuzzy_logic_fixed_snr,0.5684,0.1447
39,v4,v8,40.0,40.0,10.0,1.0,0.2,0.2,11.9588,False,fuzzy_logic_fixed_snr,11.9366,0.9941
39,v4,v11,40.0,40.11,20.0,1.0,0.2006,0.4,10.5306,False,fuzzy_logic_fixed_snr,10.4929,0.9955
39,v4,v3,40.0,100.04,10.0,1.0,0.5002,0.2,5.5886,False,fuzzy_logic_fixed_snr,5.562,0.9822
39,v4,v7,40.0,100.04,10.0,1.0,0.5002,0.2,5.5886,False,fuzzy_logic_fixed_snr,5.5764,0.9926
39,v4,v12,40.0,160.0,10.0,1.0,0.8,0.2,2.3258,True,fuzzy_logic_fixed_snr,2.3789,0.8102
40,v1,v2,40.0,3.0,20.0,1.0,0.015,0.4,28.5491,False,fuzzy_logic_fixed_snr,28.5246,1.0
40,v1,v5,40.0,180.0,10.0,1.0,0.9,0.2,1.5074,True,fuzzy_logic_fixed_snr,2.278,0.7611
40,v1,v6,40.0,190.02,30.0,1.0,0.9501,0.6,-1.2774,True,fuzzy_logic_fixed_snr,1.8975,0.6342
40,v2,v1,20.0,3.0,20.0,0.6,0.015,0.4,8.5491,True,fuzzy_logic_fixed_snr,2.8199,0.9338
40,v2,v5,20.0,180.02,10.0,0.6,0.9001,0.2,-18.4936,True,fuzzy_logic_fixed_snr,0.5119,0.1199
40,v2,v6,20.0,190.0,10.0,0.6,0.95,0.2,-18.8683,True,fuzzy_logic_fixed_snr,0.5041,0.1121
40,v3,v4,20.0,110.04,10.0,0.6,0.5502,0.2,-15.0731,True,fuzzy_logic_fixed_snr,0.6018,0.1666
40,v3,v8,20.0,160.03,10.0,0.6,0.8001,0.2,-17.6754,True,fuzzy_logic_fixed_snr,0.5214,0.1199
40,v3,v11,20.0,170.0,0.0,0.6,0.85,0.0,-15.6872,True,fuzzy_logic_fixed_snr,0.6006,0.159
40,v3,v7,20.0,200.0,10.0,0.6,1.0,0.2,-19.2247,True,fuzzy_logic_fixed_snr,0.4998,0.1283
40,v4,v8,40.0,50.0,0.0,1.0,0.25,0.0,12.8165,False,fuzzy_logic_fixed_snr,12.7966,0.998
40,v4,v11,40.0,60.07,10.0,1.0,0.3004,0.2,9.1327,False,fuzzy_logic_fixed_snr,9.1076,0.9932
40,v4,v7,40.0,90.05,0.0,1.0,0.4502,0.0,8.7283,False,fuzzy_logic_fixed_snr,8.6932,0.9932
40,v4,v3,40.0,110.04,10.0,1.0,0.5502,0.2,4.9269,False,fuzzy_logic_fixed_snr,4.9028,0.9832
40,v4,v12,40.0,150.0,0.0,1.0,0.75,0.0,5.1825,False,fuzzy_logic_fixed_snr,5.1487,0.9912
41,v1,v2,40.0,20.22,0.0,1.0,0.1011,0.0,19.1062,False,fuzzy_logic_fixed_snr,19.0851,0.998
41,v1,v6,40.0,160.03,40.0,1.0,0.8001,0.8,-0.8589,True,fuzzy_logic_fixed_snr,1.9395,0.6199
41,v1,v5,40.0,170.0,0.0,1.0,0.85,0.0,4.3128,True,fuzzy_logic_fixed_snr,2.5745,0.8707
41,v2,v1,20.0,20.22,0.0,0.6,0.1011,0.0,-0.8938,False,fuzzy_logic_fixed_snr,-0.9231,0.9535
41,v2,v6,20.0,180.0,40.0,0.6,0.9,0.8,-21.6761,True,fuzzy_logic_fixed_snr,0.4416,0.1305
41,v2,v5,20.0,190.02,0.0,0.6,0.9501,0.0,-16.4609,True,fuzzy_logic_fixed_snr,0.5614,0.1189
41,v3,v4,20.0,120.04,0.0,0.6,0.6002,0.0,-13.2691,True,fuzzy_logic_fixed_snr,0.6802,0.1488
41,v3,v11,20.0,170.0,10.0,0.6,0.85,0.2,-18.0954,True,fuzzy_logic_fixed_snr,0.5187,0.151
41,v3,v8,20.0,170.03,0.0,0.6,0.8501,0.0,-15.6883,True,fuzzy_logic_fixed_snr,0.6021,0.1676
41,v4,v8,40.0,50.0,0.0,1.0,0.25,0.0,12.8165,False,fuzzy_logic_fixed_snr,12.7933,0.9971
41,v4,v11,40.0,50.09,10.0,1.0,0.2504,0.2,10.3958,False,fuzzy_logic_fixed_snr,10.3688,0.9951
41,v4,v7,40.0,90.05,0.0,1.0,0.4502,0.0,8.7283,False,fuzzy_logic_fixed_snr,8.7026,0.9877
41,v4,v3,40.0,120.04,0.0,1.0,0.6002,0.0,6.7309,False,fuzzy_logic_fixed_snr,6.7094,0.9932
41,v4,v12,40.0,150.0,30.0,1.0,0.75,0.6,0.3661,True,fuzzy_logic_fixed_snr,2.1268,0.7117
42,v1,v2,40.0,20.22,10.0,1.0,0.1011,0.2,16.698,False,fuzzy_logic_fixed_snr,16.6627,0.998
42,v1,v6,40.0,120.04,10.0,1.0,0.6002,0.2,4.3227,False,fuzzy_logic_fixed_snr,4.2914,0.9877
42,v1,v5,40.0,170.0,10.0,1.0,0.85,0.2,1.9046,True,fuzzy_logic_fixed_snr,2.3202,0.7961
42,v2,v1,20.0,20.22,10.0,0.6,0.1011,0.2,-3.302,False,fuzzy_logic_fixed_snr,-3.3289,0.9271
42,v2,v6,20.0,140.0,0.0,0.6,0.7,0.0,-14.338,True,fuzzy_logic_fixed_snr,0.6393,0.1729
42,v2,v5,20.0,190.02,20.0,0.6,0.9501,0.4,-20.2779,True,fuzzy_logic_fixed_snr,0.4718,0.1281
42,v3,v4,20.0,120.04,40.0,0.6,0.6002,0.8,-18.8608,True,fuzzy_logic_fixed_snr,0.5,0.1289
42,v3,v8,20.0,170.03,30.0,0.6,0.8501,0.6,-20.5047,True,fuzzy_logic_fixed_snr,0.4813,0.1307
42,v3,v11,20.0,180.0,0.0,0.6,0.9,0.0,-16.0844,True,fuzzy_logic_fixed_snr,0.5825,0.1424
42,v4,v8,40.0,50.0,10.0,1.0,0.25,0.2,10.4082,False,fuzzy_logic_fixed_snr,10.3936,0.9912
42,v4,v11,40.0,60.07,40.0,1.0,0.3004,0.8,5.9491,True,fuzzy_logic_fixed_snr,2.6964,0.9143
42,v4,v7,40.0,90.05,0.0,1.0,0.4502,0.0,8.7283,False,fuzzy_logic_fixed_snr,8.7028,0.9941
42,v4,v12,40.0,120.0,0.0,1.0,0.6,0.0,6.7331,False,fuzzy_logic_fixed_snr,6.7123,0.9932
42,v4,v3,40.0,120.04,40.0,1.0,0.6002,0.8,1.1392,True,fuzzy_logic_fixed_snr,2.2316,0.7342
43,v1,v2,40.0,30.15,10.0,1.0,0.1507,0.2,13.9232,False,fuzzy_logic_fixed_snr,13.8993,0.9961
43,v1,v6,40.0,110.04,20.0,1.0,0.5502,0.4,3.5182,False,fuzzy_logic_fixed_snr,3.4902,0.9789
43,v1,v5,40.0,180.0,0.0,1.0,0.9,0.0,3.9156,True,fuzzy_logic_fixed_snr,2.5406,0.8568
43,v2,v1,20.0,30.15,10.0,0.6,0.1507,0.2,-6.0768,False,fuzzy_logic_fixed_snr,-6.1101,0.8188
43,v2,v6,20.0,140.0,10.0,0.6,0.7,0.2,-16.7463,True,fuzzy_logic_fixed_snr,0.5431,0.1301
43,v3,v4,20.0,80.06,20.0,0.6,0.4003,0.4,-14.2713,True,fuzzy_logic_fixed_snr,0.6441,0.157
43,v3,v8,20.0,140.03,10.0,0.6,0.7002,0.2,-16.7479,True,fuzzy_logic_fixed_snr,0.5828,0.1475
43,v3,v7,20.0,170.0,20.0,0.6,0.85,0.4,-19.5042,True,fuzzy_logic_fixed_snr,0.4905,0.1357
43,v3,v11,20.0,180.0,10.0,0.6,0.9,0.2,-18.4926,True,fuzzy_logic_fixed_snr,0.5053,0.1287
43,v4,v8,40.0,60.0,30.0,1.0,0.3,0.6,6.7331,False,fuzzy_logic_fixed_snr,6.7081,0.9877
43,v4,v3,40.0,80.06,20.0,1.0,0.4003,0.4,5.7287,False,fuzzy_logic_fixed_snr,5.7049,0.9873
43,v4,v7,40.0,90.05,0.0,1.0,0.4502,0.0,8.7283,False,fuzzy_logic_fixed_snr,8.696,0.9951
43,v4,v11,40.0,100.04,30.0,1.0,0.5002,0.6,3.1804,True,fuzzy_logic_fixed_snr,2.4745,0.8545
43,v4,v12,40.0,120.0,20.0,1.0,0.6,0.4,2.9161,False,fuzzy_logic_fixed_snr,2.8833,0.9734
44,v1,v2,40.0,20.22,0.0,1.0,0.1011,0.0,19.1062,False,fuzzy_logic_fixed_snr,19.0801,0.9961
44,v1,v6,40.0,130.03,10.0,1.0,0.6502,0.2,3.7668,False,fuzzy_logic_fixed_snr,3.747,0.9854
44,v1,v5,40.0,180.0,10.0,1.0,0.9,0.2,1.5074,True,fuzzy_logic_fixed_snr,2.2871,0.7852
44,v2,v1,20.0,20.22,0.0,0.6,0.1011,0.0,-0.8938,False,fuzzy_logic_fixed_snr,-0.9218,0.9633
44,v2,v6,20.0,150.0,10.0,0.6,0.75,0.2,-17.2257,True,fuzzy_logic_fixed_snr,0.5505,0.1252
44,v3,v4,20.0,100.04,10.0,0.6,0.5002,0.2,-14.4114,True,fuzzy_logic_fixed_snr,0.6528,0.1664
44,v3,v8,20.0,130.03,30.0,0.6,0.6502,0.6,-18.6414,True,fuzzy_logic_fixed_snr,0.5225,0.132
44,v3,v11,20.0,170.0,20.0,0.6,0.85,0.4,-19.5042,True,fuzzy_logic_fixed_snr,0.4963,0.1303
44,v3,v7,20.0,190.0,20.0,0.6,0.95,0.4,-20.277,True,fuzzy_logic_fixed_snr,0.4856,0.1082
44,v4,v8,40.0,30.0,40.0,1.0,0.15,0.8,10.7743,True,fuzzy_logic_fixed_snr,2.8804,0.9406
44,v4,v11,40.0,70.06,30.0,1.0,0.3503,0.6,5.6556,False,fuzzy_logic_fixed_snr,5.6294,0.9902
44,v4,v7,40.0,90.05,30.0,1.0,0.4502,0.6,3.9118,True,fuzzy_logic_fixed_snr,2.5425,0.8891
44,v4,v12,40.0,100.0,10.0,1.0,0.5,0.2,5.5918,False,fuzzy_logic_fixed_snr,5.5598,0.9877
44,v4,v3,40.0,100.04,10.0,1.0,0.5002,0.2,5.5886,False,fuzzy_logic_fixed_snr,5.5655,0.9932
45,v1,v2,40.0,20.22,20.0,1.0,0.1011,0.4,15.2892,False,fuzzy_logic_fixed_snr,15.2703,0.999
45,v1,v6,40.0,140.03,10.0,1.0,0.7002,0.2,3.2521,False,fuzzy_logic_fixed_snr,3.222,0.9805
45,v1,v5,40.0,190.0,10.0,1.0,0.95,0.2,1.1317,True,fuzzy_logic_fixed_snr,2.2392,0.7578
45,v2,v1,20.0,20.22,20.0,0.6,0.1011,0.4,-4.7108,True,fuzzy_logic_fixed_snr,1.4185,0.4033
45,v2,v6,20.0,160.0,10.0,0.6,0.8,0.2,-17.6742,True,fuzzy_logic_fixed_snr,0.5149,0.1475
45,v3,v4,20.0,90.05,0.0,0.6,0.4502,0.0,-11.2717,True,fuzzy_logic_fixed_snr,0.7783,0.1918
45,v3,v8,20.0,160.03,0.0,0.6,0.8001,0.0,-15.2671,True,fuzzy_logic_fixed_snr,0.6002,0.1484
45,v3,v11,20.0,190.0,20.0,0.6,0.95,0.4,-20.277,True,fuzzy_logic_fixed_snr,0.4772,0.1164
45,v4,v8,40.0,70.0,0.0,1.0,0.35,0.0,10.4784,False,fuzzy_logic_fixed_snr,10.451,0.9912
45,v4,v3,40.0,90.05,0.0,1.0,0.4502,0.0,8.7283,False,fuzzy_logic_fixed_snr,8.6996,0.9941
45,v4,v11,40.0,100.04,20.0,1.0,0.5002,0.4,4.1799,False,fuzzy_logic_fixed_snr,4.1531,0.9834
45,v4,v12,40.0,110.0,10.0,1.0,0.55,0.2,4.9295,False,fuzzy_logic_fixed_snr,4.9084,0.9834
45,v4,v7,40.0,120.04,20.0,1.0,0.6002,0.4,2.914,False,fuzzy_logic_fixed_snr,2.8936,0.9854
46,v1,v2,40.0,3.0,30.0,1.0,0.015,0.6,27.5496,False,fuzzy_logic_fixed_snr,27.5256,0.999
46,v1,v6,40.0,150.03,0.0,1.0,0.7501,0.0,5.1812,False,fuzzy_logic_fixed_snr,5.1533,0.9916
46,v1,v5,40.0,200.0,20.0,1.0,1.0,0.4,-0.6334,True,fuzzy_logic_fixed_snr,1.9972,0.6607
46,v2,v1,20.0,3.0,30.0,0.6,0.015,0.6,7.5496,True,fuzzy_logic_fixed_snr,2.7784,0.9318
46,v2,v6,20.0,150.0,30.0,0.6,0.75,0.6,-19.6339,True,fuzzy_logic_fixed_snr,0.4754,0.1447
46,v3,v4,20.0,90.05,20.0,0.6,0.4502,0.4,-15.0887,True,fuzzy_logic_fixed_snr,0.6272,0.173
46,v3,v8,20.0,160.03,20.0,0.6,0.8001,0.4,-19.0841,True,fuzzy_logic_fixed_snr,0.494,0.1127
46,v3,v11,20.0,170.0,30.0,0.6,0.85,0.6,-20.5037,True,fuzzy_logic_fixed_snr,0.4669,0.1164
46,v3,v7,20.0,190.0,10.0,0.6,0.95,0.2,-18.8683,True,fuzzy_logic_fixed_snr,0.5079,0.1209
46,v4,v8,40.0,70.0,0.0,1.0,0.35,0.0,10.4784,False,fuzzy_logic_fixed_snr,10.4479,0.999
46,v4,v11,40.0,80.06,10.0,1.0,0.4003,0.2,7.1374,False,fuzzy_logic_fixed_snr,7.1156,0.9887
46,v4,v3,40.0,90.05,20.0,1.0,0.4502,0.4,4.9113,False,fuzzy_logic_fixed_snr,4.8956,0.9854
46,v4,v7,40.0,100.04,10.0,1.0,0.5002,0.2,5.5886,False,fuzzy_logic_fixed_snr,5.5711,0.9867
46,v4,v12,40.0,120.0,20.0,1.0,0.6,0.4,2.9161,False,fuzzy_logic_fixed_snr,2.8912,0.9834
47,v1,v2,40.0,30.15,0.0,1.0,0.1507,0.0,16.3315,False,fuzzy_logic_fixed_snr,16.2985,0.9951
47,v1,v6,40.0,150.03,0.0,1.0,0.7501,0.0,5.1812,False,fuzzy_logic_fixed_snr,5.1707,0.9877
47,v2,v1,20.0,30.15,0.0,0.6,0.1507,0.0,-3.6685,False,fuzzy_logic_fixed_snr,-3.6961,0.8928
47,v2,v6,20.0,120.0,0.0,0.6,0.6,0.0,-13.2669,True,fuzzy_logic_fixed_snr,0.7002,0.167
47,v2,v5,20.0,190.02,10.0,0.6,0.9501,0.2,-18.8692,True,fuzzy_logic_fixed_snr,0.4969,0.1467
47,v3,v4,20.0,70.06,10.0,0.6,0.3503,0.2,-11.9362,True,fuzzy_logic_fixed_snr,0.7642,0.2102
47,v3,v11,20.0,140.0,0.0,0.6,0.7,0.0,-14.338,True,fuzzy_logic_fixed_snr,0.6342,0.1506
47,v3,v8,20.0,140.03,30.0,0.6,0.7002,0.6,-19.1561,True,fuzzy_logic_fixed_snr,0.4923,0.1334
47,v3,v12,20.0,170.03,20.0,0.6,0.8501,0.4,-19.5052,True,fuzzy_logic_fixed_snr,0.491,0.1322
47,v3,v7,20.0,180.0,10.0,0.6,0.9,0.2,-18.4926,True,fuzzy_logic_fixed_snr,0.5044,0.1271
47,v4,v8,40.0,70.0,40.0,1.0,0.35,0.8,4.8867,True,fuzzy_logic_fixed_snr,2.6288,0.8951
47,v4,v3,40.0,70.06,10.0,1.0,0.3503,0.2,8.0638,False,fuzzy_logic_fixed_snr,8.0545,0.9941
47,v4,v11,40.0,70.06,10.0,1.0,0.3503,0.2,8.0638,False,fuzzy_logic_fixed_snr,8.0368,0.9932
47,v4,v12,40.0,100.0,30.0,1.0,0.5,0.6,3.1835,True,fuzzy_logic_fixed_snr,2.4708,0.8281
47,v4,v7,40.0,110.04,0.0,1.0,0.5502,0.0,7.3351,False,fuzzy_logic_fixed_snr,7.3052,0.9932
48,v1,v2,40.0,30.15,10.0,1.0,0.1507,0.2,13.9232,False,fuzzy_logic_fixed_snr,13.884,0.9941
48,v1,v6,40.0,150.03,30.0,1.0,0.7501,0.6,0.3647,True,fuzzy_logic_fixed_snr,2.1273,0.7342
48,v2,v1,20.0,30.15,10.0,0.6,0.1507,0.2,-6.0768,False,fuzzy_logic_fixed_snr,-6.0996,0.8209
48,v2,v6,20.0,120.0,20.0,0.6,0.6,0.4,-17.0839,True,fuzzy_logic_fixed_snr,0.5354,0.1406
48,v3,v4,20.0,80.06,10.0,0.6,0.4003,0.2,-12.8626,True,fuzzy_logic_fixed_snr,0.7184,0.16
48,v3,v8,20.0,110.04,10.0,0.6,0.5502,0.2,-15.0731,True,fuzzy_logic_fixed_snr,0.6394,0.1572
48,v3,v11,20.0,140.0,30.0,0.6,0.7,0.6,-19.1545,True,fuzzy_logic_fixed_snr,0.501,0.1268
48,v3,v12,20.0,150.03,10.0,0.6,0.7501,0.2,-17.2271,True,fuzzy_logic_fixed_snr,0.5426,0.1443
48,v3,v7,20.0,190.0,0.0,0.6,0.95,0.0,-16.4601,True,fuzzy_logic_fixed_snr,0.5724,0.1426
48,v4,v8,40.0,30.0,0.0,1.0,0.15,0.0,16.3661,False,fuzzy_logic_fixed_snr,16.3346,0.9951
48,v4,v11,40.0,60.07,20.0,1.0,0.3004,0.4,7.7239,False,fuzzy_logic_fixed_snr,7.7096,0.9941
48,v4,v12,40.0,70.0,0.0,1.0,0.35,0.0,10.4784,False,fuzzy_logic_fixed_snr,10.4459,0.9971
48,v4,v3,40.0,80.06,10.0,1.0,0.4003,0.2,7.1374,False,fuzzy_logic_fixed_snr,7.1118,0.9922
48,v4,v7,40.0,110.04,10.0,1.0,0.5502,0.2,4.9269,False,fuzzy_logic_fixed_snr,4.9079,0.9863
49,v1,v2,40.0,20.22,10.0,1.0,0.1011,0.2,16.698,False,fuzzy_logic_fixed_snr,16.6759,0.9961
49,v1,v6,40.0,120.04,0.0,1.0,0.6002,0.0,6.7309,False,fuzzy_logic_fixed_snr,6.7006,0.9902
49,v2,v1,20.0,20.22,10.0,0.6,0.1011,0.2,-3.302,False,fuzzy_logic_fixed_snr,-3.3278,0.9119
49,v2,v6,20.0,100.0,10.0,0.6,0.5,0.2,-14.4082,True,fuzzy_logic_fixed_snr,0.6443,0.1627
49,v3,v4,20.0,70.06,10.0,0.6,0.3503,0.2,-11.9362,True,fuzzy_logic_fixed_snr,0.7514,0.1877
49,v3,v8,20.0,100.04,10.0,0.6,0.5002,0.2,-14.4114,True,fuzzy_logic_fixed_snr,0.6561,0.1736
49,v3,v11,20.0,110.0,10.0,0.6,0.55,0.2,-15.0705,True,fuzzy_logic_fixed_snr,0.6075,0.1562
49,v3,v12,20.0,140.03,30.0,0.6,0.7002,0.6,-19.1561,True,fuzzy_logic_fixed_snr,0.4957,0.1277
49,v3,v7,20.0,190.0,10.0,0.6,0.95,0.2,-18.8683,True,fuzzy_logic_fixed_snr,0.518,0.1395
49,v4,v8,40.0,30.0,0.0,1.0,0.15,0.0,16.3661,False,fuzzy_logic_fixed_snr,16.3293,0.998
49,v4,v11,40.0,40.11,0.0,1.0,0.2006,0.0,14.3476,False,fuzzy_logic_fixed_snr,14.32,0.998
49,v4,v12,40.0,70.0,40.0,1.0,0.35,0.8,4.8867,True,fuzzy_logic_fixed_snr,2.628,0.8949
49,v4,v3,40.0,70.06,10.0,1.0,0.3503,0.2,8.0638,False,fuzzy_logic_fixed_snr,8.053,0.9912
49,v4,v7,40.0,120.04,0.0,1.0,0.6002,0.0,6.7309,False,fuzzy_logic_fixed_snr,6.7094,0.9932
50,v1,v2,40.0,30.15,10.0,1.0,0.1507,0.2,13.9232,False,fuzzy_logic_fixed_snr,13.8965,0.9932
50,v1,v6,40.0,120.04,30.0,1.0,0.6002,0.6,1.9144,True,fuzzy_logic_fixed_snr,2.3442,0.8105
50,v2,v1,20.0,30.15,10.0,0.6,0.1507,0.2,-6.0768,False,fuzzy_logic_fixed_snr,-6.1018,0.8184
50,v2,v6,20.0,90.0,20.0,0.6,0.45,0.4,-15.0849,True,fuzzy_logic_fixed_snr,0.6005,0.1482
50,v3,v4,20.0,80.06,0.0,0.6,0.4003,0.0,-10.4543,True,fuzzy_logic_fixed_snr,0.8399,0.2156
50,v3,v8,20.0,110.04,10.0,0.6,0.5502,0.2,-15.0731,True,fuzzy_logic_fixed_snr,0.6163,0.1557
50,v3,v12,20.0,110.04,0.0,0.6,0.5502,0.0,-12.6649,True,fuzzy_logic_fixed_snr,0.7101,0.1785
50,v3,v11,20.0,120.0,20.0,0.6,0.6,0.4,-17.0839,True,fuzzy_logic_fixed_snr,0.5438,0.1434
50,v3,v7,20.0,200.0,0.0,0.6,1.0,0.0,-16.8165,True,fuzzy_logic_fixed_snr,0.529,0.1297
50,v4,v8,40.0,30.0,10.0,1.0,0.15,0.2,13.9578,False,fuzzy_logic_fixed_snr,13.9271,0.9971
50,v4,v12,40.0,30.0,0.0,1.0,0.15,0.0,16.3661,False,fuzzy_logic_fixed_snr,16.3398,0.9932
50,v4,v11,40.0,40.11,20.0,1.0,0.2006,0.4,10.5306,False,fuzzy_logic_fixed_snr,10.4988,0.9941
50,v4,v3,40.0,80.06,0.0,1.0,0.4003,0.0,9.5457,False,fuzzy_logic_fixed_snr,9.5279,0.9941
50,v4,v7,40.0,120.04,0.0,1.0,0.6002,0.0,6.7309,False,fuzzy_logic_fixed_snr,6.7022,0.9883
51,v1,v2,40.0,40.11,10.0,1.0,0.2006,0.2,11.9393,False,fuzzy_logic_fixed_snr,11.921,0.9941
51,v1,v6,40.0,150.03,0.0,1.0,0.7501,0.0,5.1812,False,fuzzy_logic_fixed_snr,5.1484,0.9863
51,v2,v1,20.0,40.11,10.0,0.6,0.2006,0.2,-8.0607,False,fuzzy_logic_fixed_snr,-8.0935,0.7156
51,v2,v6,20.0,110.0,10.0,0.6,0.55,0.2,-15.0705,True,fuzzy_logic_fixed_snr,0.6363,0.1455
51,v3,v4,20.0,80.06,10.0,0.6,0.4003,0.2,-12.8626,True,fuzzy_logic_fixed_snr,0.717,0.1842
51,v3,v12,20.0,110.04,30.0,0.6,0.5502,0.6,-17.4813,True,fuzzy_logic_fixed_snr,0.5503,0.1457
51,v3,v8,20.0,120.04,0.0,0.6,0.6002,0.0,-13.2691,True,fuzzy_logic_fixed_snr,0.689,0.1689
51,v3,v11,20.0,140.0,30.0,0.6,0.7,0.6,-19.1545,True,fuzzy_logic_fixed_snr,0.4867,0.1307
51,v3,v7,20.0,200.0,40.0,0.6,1.0,0.8,-22.4082,True,fuzzy_logic_fixed_snr,0.441,0.1297
51,v4,v12,40.0,30.0,20.0,1.0,0.15,0.4,12.5491,False,fuzzy_logic_fixed_snr,12.5206,0.9912
51,v4,v8,40.0,40.0,10.0,1.0,0.2,0.2,11.9588,False,fuzzy_logic_fixed_snr,11.9268,0.9932
51,v4,v11,40.0,60.07,20.0,1.0,0.3004,0.4,7.7239,False,fuzzy_logic_fixed_snr,7.6937,0.9922
51,v4,v3,40.0,80.06,10.0,1.0,0.4003,0.2,7.1374,False,fuzzy_logic_fixed_snr,7.104,0.9893
51,v4,v7,40.0,120.04,30.0,1.0,0.6002,0.6,1.9144,True,fuzzy_logic_fixed_snr,2.3411,0.7992
52,v1,v2,40.0,30.15,10.0,1.0,0.1507,0.2,13.9232,False,fuzzy_logic_fixed_snr,13.8873,0.998
52,v1,v6,40.0,150.03,30.0,1.0,0.7501,0.6,0.3647,True,fuzzy_logic_fixed_snr,2.1357,0.7307
52,v2,v1,20.0,30.15,10.0,0.6,0.1507,0.2,-6.0768,False,fuzzy_logic_fixed_snr,-6.1112,0.824
52,v2,v6,20.0,120.0,20.0,0.6,0.6,0.4,-17.0839,True,fuzzy_logic_fixed_snr,0.5448,0.1404
52,v3,v4,20.0,70.06,20.0,0.6,0.3503,0.4,-13.3449,True,fuzzy_logic_fixed_snr,0.6974,0.175
52,v3,v12,20.0,80.06,10.0,0.6,0.4003,0.2,-12.8626,True,fuzzy_logic_fixed_snr,0.708,0.1588
52,v3,v11,20.0,110.0,0.0,0.6,0.55,0.0,-12.6623,True,fuzzy_logic_fixed_snr,0.7069,0.1979
52,v3,v8,20.0,120.04,20.0,0.6,0.6002,0.4,-17.086,True,fuzzy_logic_fixed_snr,0.557,0.1395
52,v3,v7,20.0,160.0,20.0,0.6,0.8,0.4,-19.0829,True,fuzzy_logic_fixed_snr,0.4937,0.1348
52,v4,v12,40.0,10.0,30.0,1.0,0.05,0.6,19.1835,False,fuzzy_logic_fixed_snr,19.1509,0.9971
52,v4,v11,40.0,40.11,20.0,1.0,0.2006,0.4,10.5306,False,fuzzy_logic_fixed_snr,10.4941,0.9922
52,v4,v8,40.0,50.0,0.0,1.0,0.25,0.0,12.8165,False,fuzzy_logic_fixed_snr,12.7883,0.9941
52,v4,v3,40.0,70.06,20.0,1.0,0.3503,0.4,6.6551,False,fuzzy_logic_fixed_snr,6.6156,0.9961
52,v4,v7,40.0,90.05,40.0,1.0,0.4502,0.8,3.1365,True,fuzzy_logic_fixed_snr,2.4725,0.843
53,v1,v2,40.0,20.22,30.0,1.0,0.1011,0.6,14.2897,False,fuzzy_logic_fixed_snr,14.2603,0.9951
53,v1,v6,40.0,120.04,40.0,1.0,0.6002,0.8,1.1392,True,fuzzy_logic_fixed_snr,2.2234,0.7521
53,v2,v1,20.0,20.22,30.0,0.6,0.1011,0.6,-5.7103,True,fuzzy_logic_fixed_snr,1.3087,0.343
53,v2,v6,20.0,100.0,10.0,0.6,0.5,0.2,-14.4082,True,fuzzy_logic_fixed_snr,0.6453,0.1658
53,v3,v4,20.0,50.09,10.0,0.6,0.2504,0.2,-9.6042,False,fuzzy_logic_fixed_snr,-9.633,0.648
53,v3,v12,20.0,90.05,20.0,0.6,0.4502,0.4,-15.0887,True,fuzzy_logic_fixed_snr,0.6232,0.1656
53,v3,v8,20.0,100.04,10.0,0.6,0.5002,0.2,-14.4114,True,fuzzy_logic_fixed_snr,0.6319,0.1547
53,v3,v11,20.0,110.0,20.0,0.6,0.55,0.4,-16.4793,True,fuzzy_logic_fixed_snr,0.5522,0.1439
53,v3,v7,20.0,180.0,20.0,0.6,0.9,0.4,-19.9013,True,fuzzy_logic_fixed_snr,0.48,0.1352
53,v4,v12,40.0,40.0,30.0,1.0,0.2,0.6,9.5506,False,fuzzy_logic_fixed_snr,9.5222,0.9893
53,v4,v8,40.0,50.0,0.0,1.0,0.25,0.0,12.8165,False,fuzzy_logic_fixed_snr,12.7875,0.9941
53,v4,v3,40.0,50.09,10.0,1.0,0.2504,0.2,10.3958,False,fuzzy_logic_fixed_snr,10.3629,0.9941
53,v4,v11,40.0,60.07,10.0,1.0,0.3004,0.2,9.1327,False,fuzzy_logic_fixed_snr,9.1066,0.9951
53,v4,v7,40.0,130.03,10.0,1.0,0.6502,0.2,3.7668,False,fuzzy_logic_fixed_snr,3.7267,0.9863
54,v1,v2,40.0,10.44,40.0,1.0,0.0522,0.8,18.1088,True,fuzzy_logic_fixed_snr,2.9423,0.952
54,v1,v6,40.0,80.06,30.0,1.0,0.4003,0.6,4.7292,False,fuzzy_logic_fixed_snr,4.6971,0.9893
54,v2,v1,20.0,10.44,40.0,0.6,0.0522,0.8,-1.8912,True,fuzzy_logic_fixed_snr,1.7785,0.5896
54,v2,v6,20.0,90.0,10.0,0.6,0.45,0.2,-13.6761,True,fuzzy_logic_fixed_snr,0.6808,0.165
54,v3,v4,20.0,40.11,20.0,0.6,0.2006,0.4,-9.4694,True,fuzzy_logic_fixed_snr,0.9312,0.2322
54,v3,v11,20.0,90.0,10.0,0.6,0.45,0.2,-13.6761,True,fuzzy_logic_fixed_snr,0.6726,0.1717
54,v3,v8,20.0,90.05,20.0,0.6,0.4502,0.4,-15.0887,True,fuzzy_logic_fixed_snr,0.6094,0.1527
54,v3,v12,20.0,110.04,20.0,0.6,0.5502,0.4,-16.4818,True,fuzzy_logic_fixed_snr,0.5663,0.1396
54,v3,v7,20.0,160.0,10.0,0.6,0.8,0.2,-17.6742,True,fuzzy_logic_fixed_snr,0.5302,0.1215
54,v4,v3,40.0,40.11,20.0,1.0,0.2006,0.4,10.5306,False,fuzzy_logic_fixed_snr,10.5003,0.9951
54,v4,v8,40.0,50.0,0.0,1.0,0.25,0.0,12.8165,False,fuzzy_logic_fixed_snr,12.797,0.998
54,v4,v11,40.0,50.09,30.0,1.0,0.2504,0.6,7.9875,False,fuzzy_logic_fixed_snr,7.9557,0.9902
54,v4,v12,40.0,70.0,0.0,1.0,0.35,0.0,10.4784,False,fuzzy_logic_fixed_snr,10.4441,0.9932
54,v4,v7,40.0,120.04,10.0,1.0,0.6002,0.2,4.3227,False,fuzzy_logic_fixed_snr,4.3028,0.9848
55,v1,v2,40.0,30.15,10.0,1.0,0.1507,0.2,13.9232,False,fuzzy_logic_fixed_snr,13.8957,0.9961
55,v1,v6,40.0,110.04,20.0,1.0,0.5502,0.4,3.5182,False,fuzzy_logic_fixed_snr,3.4884,0.9809
55,v2,v1,20.0,30.15,10.0,0.6,0.1507,0.2,-6.0768,False,fuzzy_logic_fixed_snr,-6.1021,0.8381
55,v2,v6,20.0,80.0,10.0,0.6,0.4,0.2,-12.8577,True,fuzzy_logic_fixed_snr,0.7149,0.1863
55,v3,v4,20.0,20.22,10.0,0.6,0.1011,0.2,-3.302,False,fuzzy_logic_fixed_snr,-3.3353,0.9203
55,v3,v8,20.0,70.06,20.0,0.6,0.3503,0.4,-13.3449,True,fuzzy_logic_fixed_snr,0.6758,0.1701
55,v3,v12,20.0,90.05,0.0,0.6,0.4502,0.0,-11.2717,True,fuzzy_logic_fixed_snr,0.7985,0.2113
55,v3,v11,20.0,100.0,20.0,0.6,0.5,0.4,-15.817,True,fuzzy_logic_fixed_snr,0.6027,0.1424
55,v3,v7,20.0,150.0,10.0,0.6,0.75,0.2,-17.2257,True,fuzzy_logic_fixed_snr,0.5311,0.1131
55,v4,v3,40.0,20.22,10.0,1.0,0.1011,0.2,16.698,False,fuzzy_logic_fixed_snr,16.6451,0.998
55,v4,v8,40.0,50.0,10.0,1.0,0.25,0.2,10.4082,False,fuzzy_logic_fixed_snr,10.3831,0.9951
55,v4,v12,40.0,70.0,10.0,1.0,0.35,0.2,8.0702,False,fuzzy_logic_fixed_snr,8.0492,0.9883
55,v4,v11,40.0,80.06,30.0,1.0,0.4003,0.6,4.7292,False,fuzzy_logic_fixed_snr,4.7037,0.9828
55,v4,v7,40.0,130.03,0.0,1.0,0.6502,0.0,6.1751,False,fuzzy_logic_fixed_snr,6.1565,0.9883
56,v1,v2,40.0,20.22,30.0,1.0,0.1011,0.6,14.2897,False,fuzzy_logic_fixed_snr,14.2607,0.998
56,v1,v6,40.0,90.05,10.0,1.0,0.4502,0.2,6.32,False,fuzzy_logic_fixed_snr,6.2992,0.9932
56,v2,v1,20.0,20.22,30.0,0.6,0.1011,0.6,-5.7103,True,fuzzy_logic_fixed_snr,1.297,0.3684
56,v2,v6,20.0,70.0,40.0,0.6,0.35,0.8,-15.1133,True,fuzzy_logic_fixed_snr,0.6212,0.1916
56,v3,v4,20.0,10.44,30.0,0.6,0.0522,0.6,-1.1159,True,fuzzy_logic_fixed_snr,1.9446,0.6498
56,v3,v8,20.0,50.09,20.0,0.6,0.2504,0.4,-11.013,True,fuzzy_logic_fixed_snr,0.8206,0.2053
56,v3,v12,20.0,90.05,30.0,0.6,0.4502,0.6,-16.0882,True,fuzzy_logic_fixed_snr,0.5905,0.1576
56,v3,v11,20.0,120.0,10.0,0.6,0.6,0.2,-15.6751,True,fuzzy_logic_fixed_snr,0.5916,0.1465
56,v3,v7,20.0,140.0,20.0,0.6,0.7,0.4,-18.155,True,fuzzy_logic_fixed_snr,0.5355,0.1387
56,v4,v3,40.0,10.44,30.0,1.0,0.0522,0.6,18.8841,False,fuzzy_logic_fixed_snr,18.8639,0.9971
56,v4,v8,40.0,40.0,10.0,1.0,0.2,0.2,11.9588,False,fuzzy_logic_fixed_snr,11.931,0.9941
56,v4,v12,40.0,80.0,0.0,1.0,0.4,0.0,9.5506,False,fuzzy_logic_fixed_snr,9.5251,0.9912
56,v4,v11,40.0,110.04,20.0,1.0,0.5502,0.4,3.5182,False,fuzzy_logic_fixed_snr,3.4945,0.9848
56,v4,v7,40.0,130.03,10.0,1.0,0.6502,0.2,3.7668,False,fuzzy_logic_fixed_snr,3.7367,0.9863
57,v1,v2,40.0,50.09,10.0,1.0,0.2504,0.2,10.3958,False,fuzzy_logic_fixed_snr,10.3701,0.9906
57,v1,v6,40.0,80.06,20.0,1.0,0.4003,0.4,5.7287,False,fuzzy_logic_fixed_snr,5.6972,0.9854
57,v2,v6,20.0,30.0,10.0,0.6,0.15,0.2,-6.0422,False,fuzzy_logic_fixed_snr,-6.0623,0.8227
57,v2,v1,20.0,50.09,10.0,0.6,0.2504,0.2,-9.6042,False,fuzzy_logic_fixed_snr,-9.6181,0.6232
57,v2,v5,20.0,190.02,20.0,0.6,0.9501,0.4,-20.2779,True,fuzzy_logic_fixed_snr,0.4728,0.1186
57,v3,v4,20.0,20.22,40.0,0.6,0.1011,0.8,-6.4855,True,fuzzy_logic_fixed_snr,1.1994,0.3094
57,v3,v8,20.0,30.15,30.0,0.6,0.1507,0.6,-8.485,True,fuzzy_logic_fixed_snr,1.0247,0.2551
57,v3,v12,20.0,60.07,30.0,0.6,0.3004,0.6,-13.2756,True,fuzzy_logic_fixed_snr,0.6818,0.1787
57,v3,v11,20.0,110.0,40.0,0.6,0.55,0.8,-18.254,True,fuzzy_logic_fixed_snr,0.5116,0.1346
57,v3,v7,20.0,120.0,40.0,0.6,0.6,0.8,-18.8587,True,fuzzy_logic_fixed_snr,0.5071,0.134
57,v4,v3,40.0,20.22,40.0,1.0,0.1011,0.8,13.5145,True,fuzzy_logic_fixed_snr,2.9153,0.9477
57,v4,v8,40.0,50.0,10.0,1.0,0.25,0.2,10.4082,False,fuzzy_logic_fixed_snr,10.3756,0.9922
57,v4,v12,40.0,80.0,10.0,1.0,0.4,0.2,7.1423,False,fuzzy_logic_fixed_snr,7.1111,0.9867
57,v4,v11,40.0,130.03,0.0,1.0,0.6502,0.0,6.1751,False,fuzzy_logic_fixed_snr,6.1486,0.9873
57,v4,v7,40.0,140.03,0.0,1.0,0.7002,0.0,5.6604,False,fuzzy_logic_fixed_snr,5.6366,0.9867
58,v1,v2,40.0,40.11,10.0,1.0,0.2006,0.2,11.9393,False,fuzzy_logic_fixed_snr,11.9115,0.998
58,v1,v6,40.0,60.07,10.0,1.0,0.3004,0.2,9.1327,False,fuzzy_logic_fixed_snr,9.1,0.9951
58,v2,v6,20.0,20.0,0.0,0.6,0.1,0.0,-0.8165,False,fuzzy_logic_fixed_snr,-0.8332,0.9588
58,v2,v1,20.0,40.11,10.0,0.6,0.2006,0.2,-8.0607,False,fuzzy_logic_fixed_snr,-8.0929,0.7174
58,v2,v5,20.0,170.03,30.0,0.6,0.8501,0.6,-20.5047,True,fuzzy_logic_fixed_snr,0.4648,0.1074
58,v3,v4,20.0,20.22,20.0,0.6,0.1011,0.4,-4.7108,True,fuzzy_logic_fixed_snr,1.4206,0.3857
58,v3,v8,20.0,60.07,0.0,0.6,0.3004,0.0,-8.4591,True,fuzzy_logic_fixed_snr,1.0204,0.259
58,v3,v12,20.0,90.05,10.0,0.6,0.4502,0.2,-13.68,True,fuzzy_logic_fixed_snr,0.6769,0.1764
58,v3,v11,20.0,150.0,20.0,0.6,0.75,0.4,-18.6344,True,fuzzy_logic_fixed_snr,0.4938,0.127
58,v3,v7,20.0,160.0,30.0,0.6,0.8,0.6,-20.0824,True,fuzzy_logic_fixed_snr,0.4617,0.1096
58,v4,v3,40.0,20.22,20.0,1.0,0.1011,0.4,15.2892,False,fuzzy_logic_fixed_snr,15.2646,0.9961
58,v4,v8,40.0,40.0,20.0,1.0,0.2,0.4,10.5501,False,fuzzy_logic_fixed_snr,10.5261,0.9961
58,v4,v12,40.0,70.0,10.0,1.0,0.35,0.2,8.0702,False,fuzzy_logic_fixed_snr,8.0434,0.9912
58,v4,v11,40.0,130.03,0.0,1.0,0.6502,0.0,6.1751,False,fuzzy_logic_fixed_snr,6.1514,0.9863
58,v4,v7,40.0,140.03,10.0,1.0,0.7002,0.2,3.2521,False,fuzzy_logic_fixed_snr,3.2266,0.9867
59,v1,v2,40.0,30.15,20.0,1.0,0.1507,0.4,12.5145,False,fuzzy_logic_fixed_snr,12.4991,0.9961
59,v1,v6,40.0,50.09,10.0,1.0,0.2504,0.2,10.3958,False,fuzzy_logic_fixed_snr,10.3775,0.9961
59,v2,v6,20.0,20.0,10.0,0.6,0.1,0.2,-3.2247,False,fuzzy_logic_fixed_snr,-3.2557,0.924
59,v2,v1,20.0,30.15,20.0,0.6,0.1507,0.4,-7.4855,True,fuzzy_logic_fixed_snr,1.1075,0.2922
59,v3,v4,20.0,3.0,10.0,0.6,0.015,0.2,9.9578,False,fuzzy_logic_fixed_snr,9.9402,0.9936
59,v3,v8,20.0,60.07,0.0,0.6,0.3004,0.0,-8.4591,True,fuzzy_logic_fixed_snr,1.0362,0.2771
59,v3,v12,20.0,80.06,30.0,0.6,0.4003,0.6,-15.2708,True,fuzzy_logic_fixed_snr,0.6209,0.1508
59,v3,v7,20.0,130.0,0.0,0.6,0.65,0.0,-13.8231,True,fuzzy_logic_fixed_snr,0.6672,0.1666
59,v3,v11,20.0,130.0,20.0,0.6,0.65,0.4,-17.6401,True,fuzzy_logic_fixed_snr,0.5275,0.1492
59,v4,v3,40.0,3.0,10.0,1.0,0.015,0.2,29.9578,False,fuzzy_logic_fixed_snr,29.9308,0.999
59,v4,v8,40.0,60.0,10.0,1.0,0.3,0.2,9.1413,False,fuzzy_logic_fixed_snr,9.1125,0.9922
59,v4,v12,40.0,80.0,20.0,1.0,0.4,0.4,5.7336,False,fuzzy_logic_fixed_snr,5.7053,0.9828
59,v4,v7,40.0,130.03,10.0,1.0,0.6502,0.2,3.7668,False,fuzzy_logic_fixed_snr,3.7461,0.9809
59,v4,v11,40.0,130.03,10.0,1.0,0.6502,0.2,3.7668,False,fuzzy_logic_fixed_snr,3.7402,0.9818
60,v1,v2,40.0,10.44,0.0,1.0,0.0522,0.0,23.7006,False,fuzzy_logic_fixed_snr,23.6807,0.9971
60,v1,v6,40.0,40.11,20.0,1.0,0.2006,0.4,10.5306,False,fuzzy_logic_fixed_snr,10.5033,0.9961
60,v2,v1,20.0,10.44,0.0,0.6,0.0522,0.0,3.7006,False,fuzzy_logic_fixed_snr,3.6794,0.9854
60,v2,v6,20.0,30.0,20.0,0.6,0.15,0.4,-7.4509,True,fuzzy_logic_fixed_snr,1.1145,0.2943
60,v3,v4,20.0,10.44,20.0,0.6,0.0522,0.4,-0.1164,True,fuzzy_logic_fixed_snr,2.0721,0.6893
60,v3,v8,20.0,60.07,30.0,0.6,0.3004,0.6,-13.2756,True,fuzzy_logic_fixed_snr,0.6829,0.1723
60,v3,v12,20.0,110.04,10.0,0.6,0.5502,0.2,-15.0731,True,fuzzy_logic_fixed_snr,0.6313,0.1666
60,v3,v7,20.0,130.0,30.0,0.6,0.65,0.6,-18.6396,True,fuzzy_logic_fixed_snr,0.5097,0.1289
60,v3,v11,20.0,150.0,20.0,0.6,0.75,0.4,-18.6344,True,fuzzy_logic_fixed_snr,0.511,0.1502
60,v4,v3,40.0,10.44,20.0,1.0,0.0522,0.4,19.8836,False,fuzzy_logic_fixed_snr,19.8574,0.9971
60,v4,v8,40.0,50.0,10.0,1.0,0.25,0.2,10.4082,False,fuzzy_logic_fixed_snr,10.3822,0.9932
60,v4,v12,40.0,100.0,30.0,1.0,0.5,0.6,3.1835,True,fuzzy_logic_fixed_snr,2.4584,0.8555
60,v4,v7,40.0,120.04,10.0,1.0,0.6002,0.2,4.3227,False,fuzzy_logic_fixed_snr,4.3005,0.9887
60,v4,v11,40.0,140.03,0.0,1.0,0.7002,0.0,5.6604,False,fuzzy_logic_fixed_snr,5.635,0.9922
61,v1,v2,40.0,10.44,0.0,1.0,0.0522,0.0,23.7006,False,fuzzy_logic_fixed_snr,23.6733,0.998
61,v1,v6,40.0,60.07,0.0,1.0,0.3004,0.0,11.5409,False,fuzzy_logic_fixed_snr,11.51,0.9902
61,v2,v1,20.0,10.44,0.0,0.6,0.0522,0.0,3.7006,False,fuzzy_logic_fixed_snr,3.677,0.9873
61,v2,v6,20.0,50.0,0.0,0.6,0.25,0.0,-7.1835,False,fuzzy_logic_fixed_snr,-7.2117,0.7635
61,v3,v4,20.0,10.44,10.0,0.6,0.0522,0.2,1.2923,False,fuzzy_logic_fixed_snr,1.2645,0.9727
61,v3,v8,20.0,30.15,10.0,0.6,0.1507,0.2,-6.0768,False,fuzzy_logic_fixed_snr,-6.1034,0.8207
61,v3,v7,20.0,100.0,0.0,0.6,0.5,0.0,-12.0,True,fuzzy_logic_fixed_snr,0.7763,0.1832
61,v3,v12,20.0,120.04,40.0,0.6,0.6002,0.8,-18.8608,True,fuzzy_logic_fixed_snr,0.5008,0.1229
61,v3,v11,20.0,130.0,0.0,0.6,0.65,0.0,-13.8231,True,fuzzy_logic_fixed_snr,0.662,0.1484
61,v4,v3,40.0,10.44,10.0,1.0,0.0522,0.2,21.2923,False,fuzzy_logic_fixed_snr,21.2599,0.998
61,v4,v8,40.0,40.0,0.0,1.0,0.2,0.0,14.367,False,fuzzy_logic_fixed_snr,14.3336,0.9971
61,v4,v7,40.0,110.04,10.0,1.0,0.5502,0.2,4.9269,False,fuzzy_logic_fixed_snr,4.8932,0.9867
61,v4,v12,40.0,130.0,30.0,1.0,0.65,0.6,1.3604,True,fuzzy_logic_fixed_snr,2.2528,0.776
61,v4,v11,40.0,140.03,10.0,1.0,0.7002,0.2,3.2521,False,fuzzy_logic_fixed_snr,3.2228,0.9822
62,v1,v2,40.0,10.44,30.0,1.0,0.0522,0.6,18.8841,False,fuzzy_logic_fixed_snr,18.8634,0.998
62,v1,v6,40.0,60.07,0.0,1.0,0.3004,0.0,11.5409,False,fuzzy_logic_fixed_snr,11.5151,0.9951
62,v2,v1,20.0,10.44,30.0,0.6,0.0522,0.6,-1.1159,True,fuzzy_logic_fixed_snr,1.9011,0.6115
62,v2,v6,20.0,50.0,30.0,0.6,0.25,0.6,-12.0,True,fuzzy_logic_fixed_snr,0.7714,0.1754
62,v3,v4,20.0,3.0,10.0,0.6,0.015,0.2,9.9578,False,fuzzy_logic_fixed_snr,9.9293,0.9941
62,v3,v8,20.0,40.11,10.0,0.6,0.2006,0.2,-8.0607,False,fuzzy_logic_fixed_snr,-8.0838,0.7281
62,v3,v7,20.0,100.0,10.0,0.6,0.5,0.2,-14.4082,True,fuzzy_logic_fixed_snr,0.6388,0.1648
62,v3,v11,20.0,130.0,10.0,0.6,0.65,0.2,-16.2313,True,fuzzy_logic_fixed_snr,0.573,0.143
62,v3,v12,20.0,160.03,20.0,0.6,0.8001,0.4,-19.0841,True,fuzzy_logic_fixed_snr,0.5101,0.1215
62,v4,v3,40.0,3.0,10.0,1.0,0.015,0.2,29.9578,False,fuzzy_logic_fixed_snr,29.9312,0.9971
62,v4,v8,40.0,40.0,20.0,1.0,0.2,0.4,10.5501,False,fuzzy_logic_fixed_snr,10.5131,0.9902
62,v4,v7,40.0,100.04,0.0,1.0,0.5002,0.0,7.9969,False,fuzzy_logic_fixed_snr,7.965,0.9916
62,v4,v11,40.0,130.03,0.0,1.0,0.6502,0.0,6.1751,False,fuzzy_logic_fixed_snr,6.1468,0.9912
62,v4,v12,40.0,160.0,10.0,1.0,0.8,0.2,2.3258,True,fuzzy_logic_fixed_snr,2.3727,0.808
63,v1,v2,40.0,20.22,40.0,1.0,0.1011,0.8,13.5145,True,fuzzy_logic_fixed_snr,2.9146,0.9535
63,v1,v6,40.0,60.07,30.0,1.0,0.3004,0.6,6.7244,False,fuzzy_logic_fixed_snr,6.6874,0.9893
63,v2,v1,20.0,20.22,40.0,0.6,0.1011,0.8,-6.4855,True,fuzzy_logic_fixed_snr,1.1906,0.3307
63,v2,v6,20.0,80.0,10.0,0.6,0.4,0.2,-12.8577,True,fuzzy_logic_fixed_snr,0.7272,0.1902
63,v3,v4,20.0,10.44,10.0,0.6,0.0522,0.2,1.2923,False,fuzzy_logic_fixed_snr,1.2663,0.975
63,v3,v8,20.0,50.09,20.0,0.6,0.2504,0.4,-11.013,True,fuzzy_logic_fixed_snr,0.8238,0.2066
63,v3,v7,20.0,90.0,10.0,0.6,0.45,0.2,-13.6761,True,fuzzy_logic_fixed_snr,0.6627,0.1531
63,v3,v11,20.0,120.0,10.0,0.6,0.6,0.2,-15.6751,True,fuzzy_logic_fixed_snr,0.601,0.1555
63,v3,v12,20.0,140.03,0.0,0.6,0.7002,0.0,-14.3396,True,fuzzy_logic_fixed_snr,0.6491,0.149
63,v4,v3,40.0,10.44,10.0,1.0,0.0522,0.2,21.2923,False,fuzzy_logic_fixed_snr,21.2506,0.998
63,v4,v8,40.0,60.0,30.0,1.0,0.3,0.6,6.7331,False,fuzzy_logic_fixed_snr,6.7031,0.9877
63,v4,v7,40.0,100.04,0.0,1.0,0.5002,0.0,7.9969,False,fuzzy_logic_fixed_snr,7.9603,0.9912
63,v4,v11,40.0,130.03,20.0,1.0,0.6502,0.4,2.3581,True,fuzzy_logic_fixed_snr,2.3885,0.8137
63,v4,v12,40.0,150.0,10.0,1.0,0.75,0.2,2.7743,False,fuzzy_logic_fixed_snr,2.7482,0.9867
64,v1,v6,40.0,30.15,10.0,1.0,0.1507,0.2,13.9232,False,fuzzy_logic_fixed_snr,13.8954,0.9941
64,v1,v2,40.0,60.07,20.0,1.0,0.3004,0.4,7.7239,False,fuzzy_logic_fixed_snr,7.7027,0.9902
64,v2,v1,20.0,60.07,20.0,0.6,0.3004,0.4,-12.2761,True,fuzzy_logic_fixed_snr,0.7438,0.1859
64,v2,v6,20.0,90.0,10.0,0.6,0.45,0.2,-13.6761,True,fuzzy_logic_fixed_snr,0.6769,0.1465
64,v3,v4,20.0,20.22,10.0,0.6,0.1011,0.2,-3.302,False,fuzzy_logic_fixed_snr,-3.3314,0.9131
64,v3,v8,20.0,70.06,10.0,0.6,0.3503,0.2,-11.9362,True,fuzzy_logic_fixed_snr,0.7611,0.1572
64,v3,v7,20.0,80.0,0.0,0.6,0.4,0.0,-10.4494,True,fuzzy_logic_fixed_snr,0.8469,0.2074
64,v3,v11,20.0,130.0,20.0,0.6,0.65,0.4,-17.6401,True,fuzzy_logic_fixed_snr,0.55,0.1383
64,v3,v12,20.0,140.03,10.0,0.6,0.7002,0.2,-16.7479,True,fuzzy_logic_fixed_snr,0.5455,0.1416
64,v4,v3,40.0,20.22,10.0,1.0,0.1011,0.2,16.698,False,fuzzy_logic_fixed_snr,16.6707,0.998
64,v4,v8,40.0,90.0,20.0,1.0,0.45,0.4,4.9151,False,fuzzy_logic_fixed_snr,4.8722,0.9863
64,v4,v7,40.0,100.04,10.0,1.0,0.5002,0.2,5.5886,False,fuzzy_logic_fixed_snr,5.5476,0.9893
64,v4,v11,40.0,150.03,30.0,1.0,0.7501,0.6,0.3647,True,fuzzy_logic_fixed_snr,2.1385,0.7385
64,v4,v12,40.0,160.0,20.0,1.0,0.8,0.4,0.9171,True,fuzzy_logic_fixed_snr,2.2061,0.7521
65,v1,v6,40.0,20.22,10.0,1.0,0.1011,0.2,16.698,False,fuzzy_logic_fixed_snr,16.6826,0.998
65,v1,v2,40.0,80.06,20.0,1.0,0.4003,0.4,5.7287,False,fuzzy_logic_fixed_snr,5.6958,0.9867
65,v2,v1,20.0,80.06,20.0,0.6,0.4003,0.4,-14.2713,True,fuzzy_logic_fixed_snr,0.647,0.1406
65,v2,v6,20.0,100.0,30.0,0.6,0.5,0.6,-16.8165,True,fuzzy_logic_fixed_snr,0.5472,0.1234
65,v3,v4,20.0,30.15,40.0,0.6,0.1507,0.8,-9.2603,True,fuzzy_logic_fixed_snr,0.9312,0.2293
65,v3,v7,20.0,80.0,20.0,0.6,0.4,0.4,-14.2664,True,fuzzy_logic_fixed_snr,0.6414,0.1488
65,v3,v8,20.0,80.06,30.0,0.6,0.4003,0.6,-15.2708,True,fuzzy_logic_fixed_snr,0.6137,0.1533
65,v3,v11,20.0,150.0,30.0,0.6,0.75,0.6,-19.6339,True,fuzzy_logic_fixed_snr,0.4959,0.1531
65,v3,v12,20.0,150.03,30.0,0.6,0.7501,0.6,-19.6353,True,fuzzy_logic_fixed_snr,0.4815,0.1105
65,v4,v3,40.0,30.15,40.0,1.0,0.1507,0.8,10.7397,True,fuzzy_logic_fixed_snr,2.8768,0.9422
65,v4,v8,40.0,110.0,10.0,1.0,0.55,0.2,4.9295,False,fuzzy_logic_fixed_snr,4.9095,0.9893
65,v4,v7,40.0,110.04,20.0,1.0,0.5502,0.4,3.5182,False,fuzzy_logic_fixed_snr,3.4793,0.9789
65,v4,v12,40.0,180.0,10.0,1.0,0.9,0.2,1.5074,True,fuzzy_logic_fixed_snr,2.2874,0.7779
65,v4,v11,40.0,180.02,10.0,1.0,0.9001,0.2,1.5064,True,fuzzy_logic_fixed_snr,2.2714,0.7812
66,v1,v6,40.0,10.44,20.0,1.0,0.0522,0.4,19.8836,False,fuzzy_logic_fixed_snr,19.8579,0.9971
66,v1,v2,40.0,60.07,20.0,1.0,0.3004,0.4,7.7239,False,fuzzy_logic_fixed_snr,7.7124,0.9922
66,v2,v1,20.0,60.07,20.0,0.6,0.3004,0.4,-12.2761,True,fuzzy_logic_fixed_snr,0.7366,0.2021
66,v2,v6,20.0,70.0,0.0,0.6,0.35,0.0,-9.5216,True,fuzzy_logic_fixed_snr,0.9271,0.257
66,v3,v4,20.0,10.44,10.0,0.6,0.0522,0.2,1.2923,False,fuzzy_logic_fixed_snr,1.2645,0.9805
66,v3,v7,20.0,100.0,20.0,0.6,0.5,0.4,-15.817,True,fuzzy_logic_fixed_snr,0.5798,0.1539
66,v3,v8,20.0,110.04,0.0,0.6,0.5502,0.0,-12.6649,True,fuzzy_logic_fixed_snr,0.7353,0.1895
66,v3,v11,20.0,180.0,30.0,0.6,0.9,0.6,-20.9008,True,fuzzy_logic_fixed_snr,0.46,0.1471
66,v3,v12,20.0,180.02,10.0,0.6,0.9001,0.2,-18.4936,True,fuzzy_logic_fixed_snr,0.5203,0.1309
66,v4,v3,40.0,10.44,10.0,1.0,0.0522,0.2,21.2923,False,fuzzy_logic_fixed_snr,21.2625,0.998
66,v4,v7,40.0,90.05,30.0,1.0,0.4502,0.6,3.9118,True,fuzzy_logic_fixed_snr,2.5476,0.8658
66,v4,v8,40.0,100.0,10.0,1.0,0.5,0.2,5.5918,False,fuzzy_logic_fixed_snr,5.5663,0.9844
66,v4,v12,40.0,170.0,20.0,1.0,0.85,0.4,0.4958,True,fuzzy_logic_fixed_snr,2.1553,0.7328
66,v4,v11,40.0,170.03,40.0,1.0,0.8501,0.8,-1.28,True,fuzzy_logic_fixed_snr,1.9098,0.6027
67,v1,v6,40.0,30.15,30.0,1.0,0.1507,0.6,11.515,False,fuzzy_logic_fixed_snr,11.4828,0.9893
67,v1,v2,40.0,40.11,30.0,1.0,0.2006,0.6,9.5311,False,fuzzy_logic_fixed_snr,9.5098,0.9902
67,v2,v1,20.0,40.11,30.0,0.6,0.2006,0.6,-10.4689,True,fuzzy_logic_fixed_snr,0.8616,0.2174
67,v2,v6,20.0,70.0,0.0,0.6,0.35,0.0,-9.5216,True,fuzzy_logic_fixed_snr,0.9259,0.2336
67,v3,v4,20.0,20.22,10.0,0.6,0.1011,0.2,-3.302,False,fuzzy_logic_fixed_snr,-3.3328,0.9168
67,v3,v7,20.0,80.0,40.0,0.6,0.4,0.8,-16.0412,True,fuzzy_logic_fixed_snr,0.5786,0.1396
67,v3,v8,20.0,110.04,20.0,0.6,0.5502,0.4,-16.4818,True,fuzzy_logic_fixed_snr,0.5753,0.1436
67,v3,v11,20.0,150.0,0.0,0.6,0.75,0.0,-14.8175,True,fuzzy_logic_fixed_snr,0.632,0.1559
67,v3,v12,20.0,170.03,20.0,0.6,0.8501,0.4,-19.5052,True,fuzzy_logic_fixed_snr,0.4757,0.1174
67,v4,v3,40.0,20.22,10.0,1.0,0.1011,0.2,16.698,False,fuzzy_logic_fixed_snr,16.6677,0.9951
67,v4,v7,40.0,60.07,30.0,1.0,0.3004,0.6,6.7244,False,fuzzy_logic_fixed_snr,6.7,0.9902
67,v4,v8,40.0,90.0,10.0,1.0,0.45,0.2,6.3239,False,fuzzy_logic_fixed_snr,6.3036,0.9932
67,v4,v11,40.0,130.03,10.0,1.0,0.6502,0.2,3.7668,False,fuzzy_logic_fixed_snr,3.7415,0.9805
67,v4,v12,40.0,150.0,10.0,1.0,0.75,0.2,2.7743,False,fuzzy_logic_fixed_snr,2.7538,0.9844
68,v1,v6,40.0,3.0,40.0,1.0,0.015,0.8,26.7743,True,fuzzy_logic_fixed_snr,2.9549,0.952
68,v1,v2,40.0,70.06,10.0,1.0,0.3503,0.2,8.0638,False,fuzzy_logic_fixed_snr,8.0331,0.9916
68,v1,v13,40.0,180.0,30.0,1.0,0.9,0.6,-0.9008,True,fuzzy_logic_fixed_snr,1.9449,0.6375
68,v2,v6,20.0,70.0,30.0,0.6,0.35,0.6,-14.338,True,fuzzy_logic_fixed_snr,0.6381,0.1459
68,v2,v1,20.0,70.06,10.0,0.6,0.3503,0.2,-11.9362,True,fuzzy_logic_fixed_snr,0.7422,0.1971
68,v3,v4,20.0,10.44,30.0,0.6,0.0522,0.6,-1.1159,True,fuzzy_logic_fixed_snr,1.9083,0.6346
68,v3,v7,20.0,40.0,10.0,0.6,0.2,0.2,-8.0412,False,fuzzy_logic_fixed_snr,-8.0671,0.7184
68,v3,v8,20.0,90.05,10.0,0.6,0.4502,0.2,-13.68,True,fuzzy_logic_fixed_snr,0.6775,0.1693
68,v3,v11,20.0,150.0,0.0,0.6,0.75,0.0,-14.8175,True,fuzzy_logic_fixed_snr,0.6307,0.1553
68,v3,v12,20.0,150.03,10.0,0.6,0.7501,0.2,-17.2271,True,fuzzy_logic_fixed_snr,0.542,0.133
68,v4,v3,40.0,10.44,30.0,1.0,0.0522,0.6,18.8841,False,fuzzy_logic_fixed_snr,18.8471,0.998
68,v4,v7,40.0,30.15,20.0,1.0,0.1507,0.4,12.5145,False,fuzzy_logic_fixed_snr,12.4785,0.998
68,v4,v8,40.0,80.0,40.0,1.0,0.4,0.8,3.9588,True,fuzzy_logic_fixed_snr,2.5458,0.8566
68,v4,v12,40.0,140.0,20.0,1.0,0.7,0.4,1.845,True,fuzzy_logic_fixed_snr,2.31,0.7785
68,v4,v11,40.0,140.03,30.0,1.0,0.7002,0.6,0.8439,True,fuzzy_logic_fixed_snr,2.198,0.7365
69,v1,v6,40.0,40.11,30.0,1.0,0.2006,0.6,9.5311,False,fuzzy_logic_fixed_snr,9.5144,0.998
69,v1,v2,40.0,80.06,10.0,1.0,0.4003,0.2,7.1374,False,fuzzy_logic_fixed_snr,7.1082,0.9932
69,v1,v13,40.0,150.0,0.0,1.0,0.75,0.0,5.1825,False,fuzzy_logic_fixed_snr,5.1602,0.9873
69,v2,v6,20.0,40.0,20.0,0.6,0.2,0.4,-9.4499,True,fuzzy_logic_fixed_snr,0.9159,0.2332
69,v2,v1,20.0,80.06,10.0,0.6,0.4003,0.2,-12.8626,True,fuzzy_logic_fixed_snr,0.7065,0.1576
69,v3,v4,20.0,40.11,30.0,0.6,0.2006,0.6,-10.4689,True,fuzzy_logic_fixed_snr,0.8447,0.2047
69,v3,v7,20.0,50.0,20.0,0.6,0.25,0.4,-11.0005,True,fuzzy_logic_fixed_snr,0.8141,0.2004
69,v3,v8,20.0,80.06,0.0,0.6,0.4003,0.0,-10.4543,True,fuzzy_logic_fixed_snr,0.8375,0.2031
69,v3,v11,20.0,150.0,30.0,0.6,0.75,0.6,-19.6339,True,fuzzy_logic_fixed_snr,0.5005,0.1238
69,v3,v12,20.0,160.03,10.0,0.6,0.8001,0.2,-17.6754,True,fuzzy_logic_fixed_snr,0.5455,0.1508
69,v4,v7,40.0,10.44,10.0,1.0,0.0522,0.2,21.2923,False,fuzzy_logic_fixed_snr,21.2754,0.998
69,v4,v8,40.0,40.0,30.0,1.0,0.2,0.6,9.5506,False,fuzzy_logic_fixed_snr,9.5218,0.9932
69,v4,v3,40.0,40.11,30.0,1.0,0.2006,0.6,9.5311,False,fuzzy_logic_fixed_snr,9.504,0.9932
69,v4,v11,40.0,110.04,0.0,1.0,0.5502,0.0,7.3351,False,fuzzy_logic_fixed_snr,7.3155,0.9873
69,v4,v12,40.0,120.0,20.0,1.0,0.6,0.4,2.9161,False,fuzzy_logic_fixed_snr,2.899,0.9824
70,v1,v6,40.0,70.06,10.0,1.0,0.3503,0.2,8.0638,False,fuzzy_logic_fixed_snr,8.0347,0.9951
70,v1,v2,40.0,90.05,0.0,1.0,0.4502,0.0,8.7283,False,fuzzy_logic_fixed_snr,8.7011,0.9932
70,v1,v13,40.0,150.0,30.0,1.0,0.75,0.6,0.3661,True,fuzzy_logic_fixed_snr,2.1078,0.718
70,v1,v5,40.0,180.0,30.0,1.0,0.9,0.6,-0.9008,True,fuzzy_logic_fixed_snr,1.955,0.6549
70,v2,v6,20.0,20.0,10.0,0.6,0.1,0.2,-3.2247,False,fuzzy_logic_fixed_snr,-3.2673,0.9105
70,v2,v1,20.0,90.05,0.0,0.6,0.4502,0.0,-11.2717,True,fuzzy_logic_fixed_snr,0.8103,0.2223
70,v3,v7,20.0,70.0,30.0,0.6,0.35,0.6,-14.338,True,fuzzy_logic_fixed_snr,0.6518,0.1518
70,v3,v4,20.0,70.06,10.0,0.6,0.3503,0.2,-11.9362,True,fuzzy_logic_fixed_snr,0.7534,0.1777
70,v3,v8,20.0,80.06,10.0,0.6,0.4003,0.2,-12.8626,True,fuzzy_logic_fixed_snr,0.7279,0.167
70,v3,v12,20.0,170.03,0.0,0.6,0.8501,0.0,-15.6883,True,fuzzy_logic_fixed_snr,0.5954,0.1572
70,v3,v11,20.0,180.0,10.0,0.6,0.9,0.2,-18.4926,True,fuzzy_logic_fixed_snr,0.5247,0.1326
70,v4,v7,40.0,3.0,20.0,1.0,0.015,0.4,28.5491,False,fuzzy_logic_fixed_snr,28.5179,0.998
70,v4,v8,40.0,10.0,0.0,1.0,0.05,0.0,24.0,False,fuzzy_logic_fixed_snr,23.9788,0.999
70,v4,v3,40.0,70.06,10.0,1.0,0.3503,0.2,8.0638,False,fuzzy_logic_fixed_snr,8.0343,0.9961
70,v4,v12,40.0,100.0,10.0,1.0,0.5,0.2,5.5918,False,fuzzy_logic_fixed_snr,5.5793,0.9906
70,v4,v11,40.0,110.04,0.0,1.0,0.5502,0.0,7.3351,False,fuzzy_logic_fixed_snr,7.2942,0.9902
71,v1,v6,40.0,60.07,30.0,1.0,0.3004,0.6,6.7244,False,fuzzy_logic_fixed_snr,6.6964,0.9883
71,v1,v2,40.0,90.05,0.0,1.0,0.4502,0.0,8.7283,False,fuzzy_logic_fixed_snr,8.7,0.9941
71,v1,v13,40.0,180.0,30.0,1.0,0.9,0.6,-0.9008,True,fuzzy_logic_fixed_snr,1.9581,0.6445
71,v2,v6,20.0,30.0,30.0,0.6,0.15,0.6,-8.4504,True,fuzzy_logic_fixed_snr,1.0128,0.2504
71,v2,v1,20.0,90.05,0.0,0.6,0.4502,0.0,-11.2717,True,fuzzy_logic_fixed_snr,0.8141,0.2061
71,v3,v7,20.0,40.0,30.0,0.6,0.2,0.6,-10.4494,True,fuzzy_logic_fixed_snr,0.8571,0.2018
71,v3,v4,20.0,60.07,30.0,0.6,0.3004,0.6,-13.2756,True,fuzzy_logic_fixed_snr,0.6882,0.1869
71,v3,v8,20.0,70.06,0.0,0.6,0.3503,0.0,-9.5279,True,fuzzy_logic_fixed_snr,0.9184,0.2537
71,v3,v11,20.0,170.0,20.0,0.6,0.85,0.4,-19.5042,True,fuzzy_logic_fixed_snr,0.4752,0.126
71,v3,v12,20.0,170.03,30.0,0.6,0.8501,0.6,-20.5047,True,fuzzy_logic_fixed_snr,0.4718,0.1342
71,v4,v8,40.0,10.0,30.0,1.0,0.05,0.6,19.1835,False,fuzzy_logic_fixed_snr,19.1648,0.998
71,v4,v7,40.0,20.22,0.0,1.0,0.1011,0.0,19.1062,False,fuzzy_logic_fixed_snr,19.0733,0.9971
71,v4,v3,40.0,60.07,30.0,1.0,0.3004,0.6,6.7244,False,fuzzy_logic_fixed_snr,6.7028,0.9873
71,v4,v12,40.0,110.0,0.0,1.0,0.55,0.0,7.3377,False,fuzzy_logic_fixed_snr,7.3112,0.9887
71,v4,v11,40.0,110.04,10.0,1.0,0.5502,0.2,4.9269,False,fuzzy_logic_fixed_snr,4.9025,0.9857
72,v1,v2,40.0,90.05,0.0,1.0,0.4502,0.0,8.7283,False,fuzzy_logic_fixed_snr,8.7013,0.9906
72,v1,v6,40.0,90.05,10.0,1.0,0.4502,0.2,6.32,False,fuzzy_logic_fixed_snr,6.2917,0.9932
72,v1,v13,40.0,150.0,10.0,1.0,0.75,0.2,2.7743,False,fuzzy_logic_fixed_snr,2.7523,0.9809
72,v2,v6,20.0,0.0,10.0,0.6,0.0,0.2,33.5918,False,fuzzy_logic_fixed_snr,33.5591,1.0
72,v2,v1,20.0,90.05,0.0,0.6,0.4502,0.0,-11.2717,True,fuzzy_logic_fixed_snr,0.7806,0.1912
72,v3,v7,20.0,70.0,30.0,0.6,0.35,0.6,-14.338,True,fuzzy_logic_fixed_snr,0.6554,0.1621
72,v3,v8,20.0,70.06,10.0,0.6,0.3503,0.2,-11.9362,True,fuzzy_logic_fixed_snr,0.7829,0.2043
72,v3,v4,20.0,90.05,10.0,0.6,0.4502,0.2,-13.68,True,fuzzy_logic_fixed_snr,0.6754,0.1664
72,v3,v11,20.0,190.0,10.0,0.6,0.95,0.2,-18.8683,True,fuzzy_logic_fixed_snr,0.4982,0.1178
72,v4,v8,40.0,20.0,20.0,1.0,0.1,0.4,15.3666,False,fuzzy_logic_fixed_snr,15.3409,0.9951
72,v4,v7,40.0,20.22,40.0,1.0,0.1011,0.8,13.5145,True,fuzzy_logic_fixed_snr,2.9161,0.9445
72,v4,v3,40.0,90.05,10.0,1.0,0.4502,0.2,6.32,False,fuzzy_logic_fixed_snr,6.289,0.9893
72,v4,v11,40.0,100.04,20.0,1.0,0.5002,0.4,4.1799,False,fuzzy_logic_fixed_snr,4.1513,0.9848
72,v4,v12,40.0,110.0,0.0,1.0,0.55,0.0,7.3377,False,fuzzy_logic_fixed_snr,7.314,0.9912
73,v1,v2,40.0,90.05,0.0,1.0,0.4502,0.0,8.7283,False,fuzzy_logic_fixed_snr,8.6916,0.9932
73,v1,v6,40.0,100.04,30.0,1.0,0.5002,0.6,3.1804,True,fuzzy_logic_fixed_snr,2.4696,0.8502
73,v1,v13,40.0,140.0,40.0,1.0,0.7,0.8,0.0702,True,fuzzy_logic_fixed_snr,2.0921,0.7309
73,v1,v5,40.0,200.0,0.0,1.0,1.0,0.0,3.1835,True,fuzzy_logic_fixed_snr,2.4742,0.8486
73,v2,v6,20.0,10.0,30.0,0.6,0.05,0.6,-0.8165,True,fuzzy_logic_fixed_snr,1.9431,0.6424
73,v2,v1,20.0,90.05,0.0,0.6,0.4502,0.0,-11.2717,True,fuzzy_logic_fixed_snr,0.8165,0.2053
73,v3,v7,20.0,40.0,40.0,0.6,0.2,0.8,-11.2247,True,fuzzy_logic_fixed_snr,0.8154,0.1809
73,v3,v8,20.0,60.07,0.0,0.6,0.3004,0.0,-8.4591,True,fuzzy_logic_fixed_snr,1.0206,0.2689
73,v3,v4,20.0,100.04,30.0,0.6,0.5002,0.6,-16.8196,True,fuzzy_logic_fixed_snr,0.5626,0.1445
73,v3,v11,20.0,180.0,30.0,0.6,0.9,0.6,-20.9008,True,fuzzy_logic_fixed_snr,0.478,0.1305
73,v4,v8,40.0,40.0,30.0,1.0,0.2,0.6,9.5506,False,fuzzy_logic_fixed_snr,9.5215,0.9932
73,v4,v7,40.0,60.07,10.0,1.0,0.3004,0.2,9.1327,False,fuzzy_logic_fixed_snr,9.1031,0.9926
73,v4,v11,40.0,80.06,0.0,1.0,0.4003,0.0,9.5457,False,fuzzy_logic_fixed_snr,9.5124,0.9932
73,v4,v3,40.0,100.04,30.0,1.0,0.5002,0.6,3.1804,True,fuzzy_logic_fixed_snr,2.4837,0.8631
73,v4,v12,40.0,110.0,30.0,1.0,0.55,0.6,2.5212,True,fuzzy_logic_fixed_snr,2.3959,0.8207
74,v1,v6,40.0,70.06,10.0,1.0,0.3503,0.2,8.0638,False,fuzzy_logic_fixed_snr,8.0403,0.9912
74,v1,v2,40.0,90.05,20.0,1.0,0.4502,0.4,4.9113,False,fuzzy_logic_fixed_snr,4.8823,0.9832
74,v1,v13,40.0,180.0,40.0,1.0,0.9,0.8,-1.6761,True,fuzzy_logic_fixed_snr,1.8251,0.5748
74,v1,v5,40.0,200.0,0.0,1.0,1.0,0.0,3.1835,True,fuzzy_logic_fixed_snr,2.4737,0.8492
74,v2,v6,20.0,20.0,10.0,0.6,0.1,0.2,-3.2247,False,fuzzy_logic_fixed_snr,-3.2497,0.9135
74,v2,v1,20.0,90.05,20.0,0.6,0.4502,0.4,-15.0887,True,fuzzy_logic_fixed_snr,0.6124,0.1631
74,v3,v7,20.0,0.0,20.0,0.6,0.0,0.4,32.183,True,fuzzy_logic_fixed_snr,2.9555,0.9523
74,v3,v8,20.0,60.07,0.0,0.6,0.3004,0.0,-8.4591,True,fuzzy_logic_fixed_snr,0.9967,0.248
74,v3,v4,20.0,70.06,30.0,0.6,0.3503,0.6,-14.3444,True,fuzzy_logic_fixed_snr,0.6398,0.1617
74,v3,v11,20.0,150.0,20.0,0.6,0.75,0.4,-18.6344,True,fuzzy_logic_fixed_snr,0.5198,0.1338
74,v4,v8,40.0,10.0,30.0,1.0,0.05,0.6,19.1835,False,fuzzy_logic_fixed_snr,19.1579,0.998
74,v4,v3,40.0,70.06,30.0,1.0,0.3503,0.6,5.6556,False,fuzzy_logic_fixed_snr,5.6288,0.9887
74,v4,v7,40.0,70.06,10.0,1.0,0.3503,0.2,8.0638,False,fuzzy_logic_fixed_snr,8.0523,0.9902
74,v4,v11,40.0,80.06,10.0,1.0,0.4003,0.2,7.1374,False,fuzzy_logic_fixed_snr,7.1147,0.9906
74,v4,v12,40.0,140.0,20.0,1.0,0.7,0.4,1.845,True,fuzzy_logic_fixed_snr,2.3186,0.7881
75,v1,v6,40.0,80.06,10.0,1.0,0.4003,0.2,7.1374,False,fuzzy_logic_fixed_snr,7.1085,0.9912
75,v1,v2,40.0,110.04,40.0,1.0,0.5502,0.8,1.7434,True,fuzzy_logic_fixed_snr,2.3051,0.7881
75,v1,v13,40.0,140.0,20.0,1.0,0.7,0.4,1.845,True,fuzzy_logic_fixed_snr,2.3211,0.7945
75,v1,v14,40.0,170.03,30.0,1.0,0.8501,0.6,-0.5047,True,fuzzy_logic_fixed_snr,2.0125,0.6459
75,v1,v5,40.0,200.0,30.0,1.0,1.0,0.6,-1.633,True,fuzzy_logic_fixed_snr,1.8333,0.5896
75,v2,v6,20.0,30.0,30.0,0.6,0.15,0.6,-8.4504,True,fuzzy_logic_fixed_snr,1.0217,0.2705
75,v2,v1,20.0,110.04,40.0,0.6,0.5502,0.8,-18.2566,True,fuzzy_logic_fixed_snr,0.507,0.1324
75,v3,v7,20.0,20.0,20.0,0.6,0.1,0.4,-4.6334,True,fuzzy_logic_fixed_snr,1.4035,0.4182
75,v3,v8,20.0,60.07,10.0,0.6,0.3004,0.2,-10.8673,True,fuzzy_logic_fixed_snr,0.8229,0.1916
75,v3,v4,20.0,100.04,20.0,0.6,0.5002,0.4,-15.8201,True,fuzzy_logic_fixed_snr,0.5859,0.1266
75,v3,v11,20.0,170.0,20.0,0.6,0.85,0.4,-19.5042,True,fuzzy_logic_fixed_snr,0.4649,0.1076
75,v4,v8,40.0,40.0,10.0,1.0,0.2,0.2,11.9588,False,fuzzy_logic_fixed_snr,11.9413,0.9941
75,v4,v11,40.0,70.06,0.0,1.0,0.3503,0.0,10.4721,False,fuzzy_logic_fixed_snr,10.4582,0.9912
75,v4,v7,40.0,80.06,0.0,1.0,0.4003,0.0,9.5457,False,fuzzy_logic_fixed_snr,9.523,0.9932
75,v4,v3,40.0,100.04,20.0,1.0,0.5002,0.4,4.1799,False,fuzzy_logic_fixed_snr,4.1589,0.9854
75,v4,v12,40.0,120.0,30.0,1.0,0.6,0.6,1.9166,True,fuzzy_logic_fixed_snr,2.3375,0.7943
76,v1,v6,40.0,90.05,20.0,1.0,0.4502,0.4,4.9113,False,fuzzy_logic_fixed_snr,4.8886,0.9902
76,v1,v13,40.0,120.0,20.0,1.0,0.6,0.4,2.9161,False,fuzzy_logic_fixed_snr,2.885,0.9824
76,v1,v14,40.0,140.03,0.0,1.0,0.7002,0.0,5.6604,False,fuzzy_logic_fixed_snr,5.6411,0.9883
76,v1,v2,40.0,150.03,0.0,1.0,0.7501,0.0,5.1812,False,fuzzy_logic_fixed_snr,5.1539,0.9902
76,v1,v5,40.0,170.0,0.0,1.0,0.85,0.0,4.3128,True,fuzzy_logic_fixed_snr,2.5743,0.882
76,v2,v6,20.0,60.0,20.0,0.6,0.3,0.4,-12.2674,True,fuzzy_logic_fixed_snr,0.7287,0.1734
76,v2,v1,20.0,150.03,0.0,0.6,0.7501,0.0,-14.8188,True,fuzzy_logic_fixed_snr,0.6115,0.159
76,v3,v7,20.0,0.0,10.0,0.6,0.0,0.2,33.5918,False,fuzzy_logic_fixed_snr,33.5694,0.999
76,v3,v8,20.0,50.09,40.0,0.6,0.2504,0.8,-12.7878,True,fuzzy_logic_fixed_snr,0.7234,0.1672
76,v3,v4,20.0,80.06,30.0,0.6,0.4003,0.6,-15.2708,True,fuzzy_logic_fixed_snr,0.6054,0.1365
76,v3,v11,20.0,150.0,40.0,0.6,0.75,0.8,-20.4092,True,fuzzy_logic_fixed_snr,0.4759,0.1182
76,v4,v8,40.0,30.0,10.0,1.0,0.15,0.2,13.9578,False,fuzzy_logic_fixed_snr,13.932,0.9961
76,v4,v11,40.0,70.06,10.0,1.0,0.3503,0.2,8.0638,False,fuzzy_logic_fixed_snr,8.044,0.9867
76,v4,v3,40.0,80.06,30.0,1.0,0.4003,0.6,4.7292,False,fuzzy_logic_fixed_snr,4.711,0.9867
76,v4,v7,40.0,80.06,20.0,1.0,0.4003,0.4,5.7287,False,fuzzy_logic_fixed_snr,5.6971,0.9873
76,v4,v12,40.0,150.0,10.0,1.0,0.75,0.2,2.7743,False,fuzzy_logic_fixed_snr,2.7373,0.977
77,v1,v13,40.0,100.0,0.0,1.0,0.5,0.0,8.0,False,fuzzy_logic_fixed_snr,7.9785,0.9912
77,v1,v6,40.0,110.04,10.0,1.0,0.5502,0.2,4.9269,False,fuzzy_logic_fixed_snr,4.8959,0.9896
77,v1,v14,40.0,140.03,20.0,1.0,0.7002,0.4,1.8434,True,fuzzy_logic_fixed_snr,2.3234,0.7859
77,v1,v2,40.0,150.03,0.0,1.0,0.7501,0.0,5.1812,False,fuzzy_logic_fixed_snr,5.15,0.9867
77,v1,v5,40.0,170.0,20.0,1.0,0.85,0.4,0.4958,True,fuzzy_logic_fixed_snr,2.1368,0.7395
77,v2,v6,20.0,40.0,10.0,0.6,0.2,0.2,-8.0412,False,fuzzy_logic_fixed_snr,-8.0664,0.718
77,v2,v1,20.0,150.03,0.0,0.6,0.7501,0.0,-14.8188,True,fuzzy_logic_fixed_snr,0.6148,0.1641
77,v3,v7,20.0,10.0,10.0,0.6,0.05,0.2,1.5918,False,fuzzy_logic_fixed_snr,1.5726,0.9691
77,v3,v8,20.0,10.44,30.0,0.6,0.0522,0.6,-1.1159,True,fuzzy_logic_fixed_snr,1.9276,0.6412
77,v3,v4,20.0,50.09,40.0,0.6,0.2504,0.8,-12.7878,True,fuzzy_logic_fixed_snr,0.713,0.1924
77,v3,v11,20.0,110.0,20.0,0.6,0.55,0.4,-16.4793,True,fuzzy_logic_fixed_snr,0.5585,0.1434
77,v3,v12,20.0,190.02,40.0,0.6,0.9501,0.8,-22.0527,True,fuzzy_logic_fixed_snr,0.4522,0.1395
77,v4,v8,40.0,40.0,10.0,1.0,0.2,0.2,11.9588,False,fuzzy_logic_fixed_snr,11.9286,0.9951
77,v4,v3,40.0,50.09,40.0,1.0,0.2504,0.8,7.2122,True,fuzzy_logic_fixed_snr,2.7652,0.9283
77,v4,v7,40.0,60.07,30.0,1.0,0.3004,0.6,6.7244,False,fuzzy_logic_fixed_snr,6.7142,0.9902
77,v4,v11,40.0,60.07,20.0,1.0,0.3004,0.4,7.7239,False,fuzzy_logic_fixed_snr,7.7026,0.9932
77,v4,v12,40.0,140.0,0.0,1.0,0.7,0.0,5.662,False,fuzzy_logic_fixed_snr,5.6246,0.9916
78,v1,v13,40.0,100.0,30.0,1.0,0.5,0.6,3.1835,True,fuzzy_logic_fixed_snr,2.4754,0.8531
78,v1,v6,40.0,100.04,40.0,1.0,0.5002,0.8,2.4051,True,fuzzy_logic_fixed_snr,2.3938,0.8316
78,v1,v5,40.0,150.0,20.0,1.0,0.75,0.4,1.3656,True,fuzzy_logic_fixed_snr,2.2592,0.7668
78,v1,v2,40.0,150.03,0.0,1.0,0.7501,0.0,5.1812,False,fuzzy_logic_fixed_snr,5.1672,0.9893
78,v1,v14,40.0,160.03,30.0,1.0,0.8001,0.6,-0.0836,True,fuzzy_logic_fixed_snr,2.064,0.6777
78,v2,v6,20.0,50.0,40.0,0.6,0.25,0.8,-12.7753,True,fuzzy_logic_fixed_snr,0.715,0.1811
78,v2,v1,20.0,150.03,0.0,0.6,0.7501,0.0,-14.8188,True,fuzzy_logic_fixed_snr,0.6315,0.1604
78,v3,v4,20.0,10.44,40.0,0.6,0.0522,0.8,-1.8912,True,fuzzy_logic_fixed_snr,1.8015,0.6068
78,v3,v7,20.0,20.0,10.0,0.6,0.1,0.2,-3.2247,False,fuzzy_logic_fixed_snr,-3.2519,0.9078
78,v3,v8,20.0,20.22,20.0,0.6,0.1011,0.4,-4.7108,True,fuzzy_logic_fixed_snr,1.4153,0.4025
78,v3,v11,20.0,90.0,20.0,0.6,0.45,0.4,-15.0849,True,fuzzy_logic_fixed_snr,0.6055,0.1342
78,v3,v12,20.0,150.03,0.0,0.6,0.7501,0.0,-14.8188,True,fuzzy_logic_fixed_snr,0.6087,0.1551
78,v4,v3,40.0,10.44,40.0,1.0,0.0522,0.8,18.1088,True,fuzzy_logic_fixed_snr,2.9424,0.9543
78,v4,v8,40.0,30.0,20.0,1.0,0.15,0.4,12.5491,False,fuzzy_logic_fixed_snr,12.5277,0.9922
78,v4,v7,40.0,30.15,30.0,1.0,0.1507,0.6,11.515,False,fuzzy_logic_fixed_snr,11.4881,0.9902
78,v4,v11,40.0,80.06,20.0,1.0,0.4003,0.4,5.7287,False,fuzzy_logic_fixed_snr,5.7007,0.9887
78,v4,v12,40.0,140.0,40.0,1.0,0.7,0.8,0.0702,True,fuzzy_logic_fixed_snr,2.0951,0.6777
79,v1,v6,40.0,60.07,20.0,1.0,0.3004,0.4,7.7239,False,fuzzy_logic_fixed_snr,7.708,0.9906
79,v1,v13,40.0,130.0,40.0,1.0,0.65,0.8,0.5851,True,fuzzy_logic_fixed_snr,2.1564,0.7389
79,v1,v2,40.0,150.03,30.0,1.0,0.7501,0.6,0.3647,True,fuzzy_logic_fixed_snr,2.1297,0.7336
79,v1,v5,40.0,170.0,10.0,1.0,0.85,0.2,1.9046,True,fuzzy_logic_fixed_snr,2.3264,0.7988
79,v1,v14,40.0,190.02,40.0,1.0,0.9501,0.8,-2.0527,True,fuzzy_logic_fixed_snr,1.783,0.565
79,v2,v6,20.0,90.0,10.0,0.6,0.45,0.2,-13.6761,True,fuzzy_logic_fixed_snr,0.6531,0.132
79,v2,v1,20.0,150.03,30.0,0.6,0.7501,0.6,-19.6353,True,fuzzy_logic_fixed_snr,0.4858,0.1188
79,v3,v7,20.0,30.0,20.0,0.6,0.15,0.4,-7.4509,True,fuzzy_logic_fixed_snr,1.0881,0.3086
79,v3,v4,20.0,30.15,0.0,0.6,0.1507,0.0,-3.6685,False,fuzzy_logic_fixed_snr,-3.6967,0.9209
79,v3,v8,20.0,40.11,10.0,0.6,0.2006,0.2,-8.0607,False,fuzzy_logic_fixed_snr,-8.0869,0.7502
79,v3,v11,20.0,70.0,10.0,0.6,0.35,0.2,-11.9298,True,fuzzy_logic_fixed_snr,0.7644,0.2016
79,v3,v15,20.0,140.0,20.0,0.6,0.7,0.4,-18.155,True,fuzzy_logic_fixed_snr,0.5454,0.1518
79,v4,v7,40.0,3.0,20.0,1.0,0.015,0.4,28.5491,False,fuzzy_logic_fixed_snr,28.516,0.999
79,v4,v8,40.0,10.0,10.0,1.0,0.05,0.2,21.5918,False,fuzzy_logic_fixed_snr,21.5759,0.9971
79,v4,v3,40.0,30.15,0.0,1.0,0.1507,0.0,16.3315,False,fuzzy_logic_fixed_snr,16.294,0.9961
79,v4,v11,40.0,100.04,10.0,1.0,0.5002,0.2,5.5886,False,fuzzy_logic_fixed_snr,5.571,0.9887
79,v4,v15,40.0,170.03,20.0,1.0,0.8501,0.4,0.4948,True,fuzzy_logic_fixed_snr,2.1537,0.7455
80,v1,v6,40.0,40.11,0.0,1.0,0.2006,0.0,14.3476,False,fuzzy_logic_fixed_snr,14.3354,0.998
80,v1,v2,40.0,120.04,0.0,1.0,0.6002,0.0,6.7309,False,fuzzy_logic_fixed_snr,6.6968,0.9916
80,v1,v13,40.0,170.0,30.0,1.0,0.85,0.6,-0.5037,True,fuzzy_logic_fixed_snr,2.0085,0.6809
80,v1,v5,40.0,180.0,0.0,1.0,0.9,0.0,3.9156,True,fuzzy_logic_fixed_snr,2.5418,0.8672
80,v2,v6,20.0,80.0,0.0,0.6,0.4,0.0,-10.4494,True,fuzzy_logic_fixed_snr,0.8833,0.2006
80,v2,v1,20.0,120.04,0.0,0.6,0.6002,0.0,-13.2691,True,fuzzy_logic_fixed_snr,0.6847,0.1617
80,v3,v7,20.0,10.0,10.0,0.6,0.05,0.2,1.5918,False,fuzzy_logic_fixed_snr,1.5673,0.9775
80,v3,v4,20.0,30.15,10.0,0.6,0.1507,0.2,-6.0768,False,fuzzy_logic_fixed_snr,-6.1072,0.8063
80,v3,v8,20.0,30.15,20.0,0.6,0.1507,0.4,-7.4855,True,fuzzy_logic_fixed_snr,1.1114,0.2918
80,v3,v11,20.0,60.0,10.0,0.6,0.3,0.2,-10.8587,True,fuzzy_logic_fixed_snr,0.8268,0.1998
80,v3,v12,20.0,140.03,0.0,0.6,0.7002,0.0,-14.3396,True,fuzzy_logic_fixed_snr,0.6376,0.1717
80,v4,v8,40.0,0.0,30.0,1.0,0.0,0.6,40.0,False,fuzzy_logic_fixed_snr,39.9768,0.999
80,v4,v7,40.0,20.22,20.0,1.0,0.1011,0.4,15.2892,False,fuzzy_logic_fixed_snr,15.2681,0.998
80,v4,v3,40.0,30.15,10.0,1.0,0.1507,0.2,13.9232,False,fuzzy_logic_fixed_snr,13.902,0.9961
80,v4,v11,40.0,90.05,20.0,1.0,0.4502,0.4,4.9113,False,fuzzy_logic_fixed_snr,4.8768,0.9883
80,v4,v12,40.0,170.0,10.0,1.0,0.85,0.2,1.9046,True,fuzzy_logic_fixed_snr,2.3182,0.7979
81,v1,v6,40.0,40.11,10.0,1.0,0.2006,0.2,11.9393,False,fuzzy_logic_fixed_snr,11.9118,0.9932
81,v1,v2,40.0,120.04,10.0,1.0,0.6002,0.2,4.3227,False,fuzzy_logic_fixed_snr,4.2941,0.9834
81,v1,v5,40.0,180.0,20.0,1.0,0.9,0.4,0.0987,True,fuzzy_logic_fixed_snr,2.0706,0.6879
81,v1,v13,40.0,200.0,30.0,1.0,1.0,0.6,-1.633,True,fuzzy_logic_fixed_snr,1.8322,0.5988
81,v2,v6,20.0,80.0,20.0,0.6,0.4,0.4,-14.2664,True,fuzzy_logic_fixed_snr,0.6335,0.1457
81,v2,v1,20.0,120.04,10.0,0.6,0.6002,0.2,-15.6773,True,fuzzy_logic_fixed_snr,0.5877,0.1529
81,v2,v4,20.0,190.09,60.0,0.6,0.9505,1.2,-23.2243,True,fuzzy_logic_fixed_snr,0.4185,0.1156
81,v3,v7,20.0,0.0,10.0,0.6,0.0,0.2,33.5918,False,fuzzy_logic_fixed_snr,33.5467,0.998
81,v3,v8,20.0,10.44,10.0,0.6,0.0522,0.2,1.2923,False,fuzzy_logic_fixed_snr,1.2598,0.9707
81,v3,v4,20.0,40.11,0.0,0.6,0.2006,0.0,-5.6524,False,fuzzy_logic_fixed_snr,-5.6684,0.8422
81,v3,v11,20.0,70.0,20.0,0.6,0.35,0.4,-13.3385,True,fuzzy_logic_fixed_snr,0.689,0.1805
81,v3,v12,20.0,140.03,0.0,0.6,0.7002,0.0,-14.3396,True,fuzzy_logic_fixed_snr,0.6599,0.1754
81,v4,v8,40.0,30.0,10.0,1.0,0.15,0.2,13.9578,False,fuzzy_logic_fixed_snr,13.9222,0.9965
81,v4,v3,40.0,40.11,0.0,1.0,0.2006,0.0,14.3476,False,fuzzy_logic_fixed_snr,14.32,0.9932
81,v4,v7,40.0,40.11,10.0,1.0,0.2006,0.2,11.9393,False,fuzzy_logic_fixed_snr,11.9178,0.9961
81,v4,v11,40.0,110.04,20.0,1.0,0.5502,0.4,3.5182,False,fuzzy_logic_fixed_snr,3.49,0.9877
81,v4,v12,40.0,180.0,0.0,1.0,0.9,0.0,3.9156,True,fuzzy_logic_fixed_snr,2.5517,0.8875
82,v1,v6,40.0,30.15,40.0,1.0,0.1507,0.8,10.7397,True,fuzzy_logic_fixed_snr,2.8731,0.9459
82,v1,v2,40.0,130.03,0.0,1.0,0.6502,0.0,6.1751,False,fuzzy_logic_fixed_snr,6.144,0.9945
82,v1,v5,40.0,200.0,10.0,1.0,1.0,0.2,0.7753,True,fuzzy_logic_fixed_snr,2.1645,0.7078
82,v2,v6,20.0,100.0,40.0,0.6,0.5,0.8,-17.5918,True,fuzzy_logic_fixed_snr,0.5284,0.1266
82,v2,v1,20.0,130.03,0.0,0.6,0.6502,0.0,-13.8249,True,fuzzy_logic_fixed_snr,0.6832,0.1752
82,v2,v4,20.0,130.14,60.0,0.6,0.6507,1.2,-20.5913,True,fuzzy_logic_fixed_snr,0.4542,0.123
82,v2,v8,20.0,150.12,60.0,0.6,0.7506,1.2,-21.5838,True,fuzzy_logic_fixed_snr,0.4522,0.1123
82,v2,v7,20.0,160.03,90.0,0.6,0.8001,1.8,-23.2671,True,fuzzy_logic_fixed_snr,0.4316,0.1098
82,v3,v7,20.0,10.0,10.0,0.6,0.05,0.2,1.5918,False,fuzzy_logic_fixed_snr,1.5631,0.973
82,v3,v8,20.0,20.22,20.0,0.6,0.1011,0.4,-4.7108,True,fuzzy_logic_fixed_snr,1.4222,0.3789
82,v3,v4,20.0,40.11,20.0,0.6,0.2006,0.4,-9.4694,True,fuzzy_logic_fixed_snr,0.9298,0.2338
82,v3,v11,20.0,50.0,0.0,0.6,0.25,0.0,-7.1835,False,fuzzy_logic_fixed_snr,-7.216,0.7613
82,v3,v15,20.0,120.0,10.0,0.6,0.6,0.2,-15.6751,True,fuzzy_logic_fixed_snr,0.5897,0.1613
82,v4,v8,40.0,20.0,0.0,1.0,0.1,0.0,19.1835,False,fuzzy_logic_fixed_snr,19.146,1.0
82,v4,v7,40.0,30.15,30.0,1.0,0.1507,0.6,11.515,False,fuzzy_logic_fixed_snr,11.4878,0.9951
82,v4,v3,40.0,40.11,20.0,1.0,0.2006,0.4,10.5306,False,fuzzy_logic_fixed_snr,10.4991,0.9971
82,v4,v11,40.0,90.05,20.0,1.0,0.4502,0.4,4.9113,False,fuzzy_logic_fixed_snr,4.8913,0.9941
82,v4,v2,40.0,130.14,60.0,1.0,0.6507,1.2,-0.5913,True,fuzzy_logic_fixed_snr,2.0015,0.64
83,v1,v6,40.0,10.44,20.0,1.0,0.0522,0.4,19.8836,False,fuzzy_logic_fixed_snr,19.8563,0.9971
83,v1,v2,40.0,130.03,10.0,1.0,0.6502,0.2,3.7668,False,fuzzy_logic_fixed_snr,3.7465,0.9797
83,v2,v7,20.0,70.06,60.0,0.6,0.3503,1.2,-16.2887,True,fuzzy_logic_fixed_snr,0.576,0.1508
83,v2,v4,20.0,70.26,60.0,0.6,0.3513,1.2,-16.3078,True,fuzzy_logic_fixed_snr,0.5677,0.1463
83,v2,v3,20.0,90.05,70.0,0.6,0.4502,1.4,-18.4965,True,fuzzy_logic_fixed_snr,0.4946,0.1047
83,v2,v8,20.0,90.2,30.0,0.6,0.451,0.6,-16.0998,True,fuzzy_logic_fixed_snr,0.5835,0.1635
83,v2,v1,20.0,130.03,10.0,0.6,0.6502,0.2,-16.2332,True,fuzzy_logic_fixed_snr,0.5451,0.1479
83,v3,v8,20.0,3.0,40.0,0.6,0.015,0.8,6.7743,True,fuzzy_logic_fixed_snr,2.7466,0.9205
83,v3,v7,20.0,20.0,10.0,0.6,0.1,0.2,-3.2247,False,fuzzy_logic_fixed_snr,-3.2441,0.9148
83,v3,v4,20.0,20.22,10.0,0.6,0.1011,0.2,-3.302,False,fuzzy_logic_fixed_snr,-3.3312,0.9133
83,v3,v11,20.0,50.0,0.0,0.6,0.25,0.0,-7.1835,False,fuzzy_logic_fixed_snr,-7.2137,0.7697
83,v3,v2,20.0,90.05,70.0,0.6,0.4502,1.4,-18.4965,True,fuzzy_logic_fixed_snr,0.5113,0.1318
83,v4,v7,40.0,3.0,0.0,1.0,0.015,0.0,32.3661,False,fuzzy_logic_fixed_snr,32.3345,1.0
83,v4,v8,40.0,20.0,30.0,1.0,0.1,0.6,14.367,False,fuzzy_logic_fixed_snr,14.3425,0.9961
83,v4,v3,40.0,20.22,10.0,1.0,0.1011,0.2,16.698,False,fuzzy_logic_fixed_snr,16.6734,0.9971
83,v4,v11,40.0,70.06,10.0,1.0,0.3503,0.2,8.0638,False,fuzzy_logic_fixed_snr,8.0357,0.9922
83,v4,v2,40.0,70.26,60.0,1.0,0.3513,1.2,3.6922,True,fuzzy_logic_fixed_snr,2.5195,0.8668
84,v1,v6,40.0,30.15,10.0,1.0,0.1507,0.2,13.9232,False,fuzzy_logic_fixed_snr,13.8817,0.9932
84,v1,v2,40.0,120.04,40.0,1.0,0.6002,0.8,1.1392,True,fuzzy_logic_fixed_snr,2.2404,0.7646
84,v1,v7,40.0,130.14,40.0,1.0,0.6507,0.8,0.5778,True,fuzzy_logic_fixed_snr,2.1688,0.7414
84,v1,v4,40.0,130.31,60.0,1.0,0.6516,1.2,-0.6005,True,fuzzy_logic_fixed_snr,1.9893,0.6621
84,v1,v3,40.0,140.13,20.0,1.0,0.7006,0.4,1.8386,True,fuzzy_logic_fixed_snr,2.3147,0.8092
84,v2,v7,20.0,10.44,80.0,0.6,0.0522,1.6,-3.9334,True,fuzzy_logic_fixed_snr,1.4952,0.4471
84,v2,v4,20.0,11.66,100.0,0.6,0.0583,2.0,-5.3995,True,fuzzy_logic_fixed_snr,1.3378,0.3791
84,v2,v3,20.0,20.22,60.0,0.6,0.1011,1.2,-7.6546,True,fuzzy_logic_fixed_snr,1.0847,0.2807
84,v2,v8,20.0,60.3,80.0,0.6,0.3015,1.6,-16.1189,True,fuzzy_logic_fixed_snr,0.5906,0.1666
84,v2,v11,20.0,70.06,60.0,0.6,0.3503,1.2,-16.2887,True,fuzzy_logic_fixed_snr,0.5615,0.1182
84,v3,v7,20.0,10.0,20.0,0.6,0.05,0.4,0.183,True,fuzzy_logic_fixed_snr,2.1049,0.7092
84,v3,v4,20.0,10.44,40.0,0.6,0.0522,0.8,-1.8912,True,fuzzy_logic_fixed_snr,1.8295,0.618
84,v3,v2,20.0,20.22,60.0,0.6,0.1011,1.2,-7.6546,True,fuzzy_logic_fixed_snr,1.0865,0.2578
84,v3,v8,20.0,40.11,20.0,0.6,0.2006,0.4,-9.4694,True,fuzzy_logic_fixed_snr,0.9364,0.2455
84,v3,v11,20.0,50.0,0.0,0.6,0.25,0.0,-7.1835,False,fuzzy_logic_fixed_snr,-7.2064,0.7838
84,v4,v7,40.0,3.0,20.0,1.0,0.015,0.4,28.5491,False,fuzzy_logic_fixed_snr,28.5142,0.9971
84,v4,v3,40.0,10.44,40.0,1.0,0.0522,0.8,18.1088,True,fuzzy_logic_fixed_snr,2.9444,0.9568
84,v4,v2,40.0,11.66,100.0,1.0,0.0583,2.0,14.6005,True,fuzzy_logic_fixed_snr,2.9229,0.95
84,v4,v8,40.0,50.0,20.0,1.0,0.25,0.4,8.9995,False,fuzzy_logic_fixed_snr,8.9604,0.9922
84,v4,v11,40.0,60.07,40.0,1.0,0.3004,0.8,5.9491,True,fuzzy_logic_fixed_snr,2.6989,0.9119
85,v1,v6,40.0,20.22,10.0,1.0,0.1011,0.2,16.698,False,fuzzy_logic_fixed_snr,16.6716,0.9971
85,v1,v4,40.0,70.58,80.0,1.0,0.3529,1.6,2.7875,True,fuzzy_logic_fixed_snr,2.43,0.8463
85,v1,v7,40.0,90.2,70.0,1.0,0.451,1.4,1.492,True,fuzzy_logic_fixed_snr,2.2637,0.7758
85,v1,v3,40.0,120.15,90.0,1.0,0.6007,1.8,-1.2756,True,fuzzy_logic_fixed_snr,1.8847,0.6148
85,v1,v8,40.0,140.29,70.0,1.0,0.7014,1.4,-1.5771,True,fuzzy_logic_fixed_snr,1.8482,0.5844
85,v2,v11,20.0,10.44,60.0,0.6,0.0522,1.2,-3.0602,True,fuzzy_logic_fixed_snr,1.6268,0.5072
85,v2,v8,20.0,20.88,80.0,0.6,0.1044,1.6,-8.7498,True,fuzzy_logic_fixed_snr,0.991,0.2805
85,v2,v3,20.0,40.11,100.0,0.6,0.2006,2.0,-13.9836,True,fuzzy_logic_fixed_snr,0.6442,0.1521
85,v2,v7,20.0,70.06,80.0,0.6,0.3503,1.6,-17.1619,True,fuzzy_logic_fixed_snr,0.5588,0.133
85,v2,v15,20.0,70.06,80.0,0.6,0.3503,1.6,-17.1619,True,fuzzy_logic_fixed_snr,0.5457,0.1377
85,v3,v8,20.0,20.22,20.0,0.6,0.1011,0.4,-4.7108,True,fuzzy_logic_fixed_snr,1.4026,0.4062
85,v3,v7,20.0,30.0,20.0,0.6,0.15,0.4,-7.4509,True,fuzzy_logic_fixed_snr,1.1233,0.2846
85,v3,v2,20.0,40.11,100.0,0.6,0.2006,2.0,-13.9836,True,fuzzy_logic_fixed_snr,0.647,0.158
85,v3,v11,20.0,50.0,40.0,0.6,0.25,0.8,-12.7753,True,fuzzy_logic_fixed_snr,0.682,0.1744
85,v3,v4,20.0,50.09,10.0,0.6,0.2504,0.2,-9.6042,False,fuzzy_logic_fixed_snr,-9.6457,0.6213
85,v4,v7,40.0,20.22,10.0,1.0,0.1011,0.2,16.698,False,fuzzy_logic_fixed_snr,16.6612,0.998
85,v4,v3,40.0,50.09,10.0,1.0,0.2504,0.2,10.3958,False,fuzzy_logic_fixed_snr,10.3681,0.9926
85,v4,v8,40.0,70.0,10.0,1.0,0.35,0.2,8.0702,False,fuzzy_logic_fixed_snr,8.0429,0.9883
85,v4,v1,40.0,70.58,80.0,1.0,0.3529,1.6,2.7875,True,fuzzy_logic_fixed_snr,2.4406,0.8256
85,v4,v2,40.0,90.2,90.0,1.0,0.451,1.8,0.7167,True,fuzzy_logic_fixed_snr,2.1855,0.7346
86,v1,v6,40.0,10.44,0.0,1.0,0.0522,0.0,23.7006,False,fuzzy_logic_fixed_snr,23.6755,0.998
86,v1,v4,40.0,13.45,40.0,1.0,0.0673,0.8,16.3468,True,fuzzy_logic_fixed_snr,2.9357,0.9471
86,v1,v7,40.0,20.88,60.0,1.0,0.1044,1.2,12.1233,True,fuzzy_logic_fixed_snr,2.8949,0.9412
86,v1,v3,40.0,30.59,70.0,1.0,0.153,1.4,9.0051,True,fuzzy_logic_fixed_snr,2.8344,0.9387
86,v1,v8,40.0,70.58,40.0,1.0,0.3529,0.8,4.8297,True,fuzzy_logic_fixed_snr,2.6231,0.9066
86,v2,v15,20.0,10.44,90.0,0.6,0.0522,1.8,-4.2994,True,fuzzy_logic_fixed_snr,1.4554,0.4441
86,v2,v12,20.0,11.66,90.0,0.6,0.0583,1.8,-5.0683,True,fuzzy_logic_fixed_snr,1.3684,0.3771
86,v2,v11,20.0,50.09,90.0,0.6,0.2504,1.8,-15.196,True,fuzzy_logic_fixed_snr,0.6197,0.1752
86,v2,v16,20.0,90.2,90.0,0.6,0.451,1.8,-19.2833,True,fuzzy_logic_fixed_snr,0.4978,0.1305
86,v2,v8,20.0,100.18,50.0,0.6,0.5009,1.0,-18.2377,True,fuzzy_logic_fixed_snr,0.5318,0.1459
86,v3,v7,20.0,10.0,10.0,0.6,0.05,0.2,1.5918,False,fuzzy_logic_fixed_snr,1.564,0.9717
86,v3,v1,20.0,30.59,70.0,0.6,0.153,1.4,-10.9949,True,fuzzy_logic_fixed_snr,0.8124,0.1965
86,v3,v4,20.0,40.11,30.0,0.6,0.2006,0.6,-10.4689,True,fuzzy_logic_fixed_snr,0.8434,0.1986
86,v3,v6,20.0,40.11,70.0,0.6,0.2006,1.4,-12.8772,True,fuzzy_logic_fixed_snr,0.702,0.1566
86,v3,v8,20.0,40.11,30.0,0.6,0.2006,0.6,-10.4689,True,fuzzy_logic_fixed_snr,0.8596,0.2361
86,v4,v6,40.0,6.0,40.0,1.0,0.03,0.8,21.9578,True,fuzzy_logic_fixed_snr,2.9519,0.9563
86,v4,v1,40.0,13.45,40.0,1.0,0.0673,0.8,16.3468,True,fuzzy_logic_fixed_snr,2.9338,0.9543
86,v4,v7,40.0,30.15,20.0,1.0,0.1507,0.4,12.5145,False,fuzzy_logic_fixed_snr,12.4829,0.9951
86,v4,v3,40.0,40.11,30.0,1.0,0.2006,0.6,9.5311,False,fuzzy_logic_fixed_snr,9.4969,0.9941
86,v4,v8,40.0,80.0,0.0,1.0,0.4,0.0,9.5506,False,fuzzy_logic_fixed_snr,9.5226,0.9912
87,v1,v6,40.0,10.44,20.0,1.0,0.0522,0.4,19.8836,False,fuzzy_logic_fixed_snr,19.8487,0.998
87,v1,v8,40.0,31.32,40.0,1.0,0.1566,0.8,10.4749,True,fuzzy_logic_fixed_snr,2.8698,0.9506
87,v1,v3,40.0,40.45,70.0,1.0,0.2022,1.4,7.065,True,fuzzy_logic_fixed_snr,2.759,0.9281
87,v1,v7,40.0,40.45,70.0,1.0,0.2022,1.4,7.065,True,fuzzy_logic_fixed_snr,2.765,0.9307
87,v1,v11,40.0,40.45,80.0,1.0,0.2022,1.6,6.6558,True,fuzzy_logic_fixed_snr,2.7454,0.9068
87,v2,v16,20.0,6.0,90.0,0.6,0.03,1.8,-0.4504,True,fuzzy_logic_fixed_snr,2.019,0.6824
87,v2,v15,20.0,100.04,90.0,0.6,0.5002,1.8,-20.0031,True,fuzzy_logic_fixed_snr,0.4987,0.1316
87,v2,v19,20.0,100.04,100.0,0.6,0.5002,2.0,-20.3343,True,fuzzy_logic_fixed_snr,0.4864,0.1188
87,v2,v12,20.0,100.18,70.0,0.6,0.5009,1.4,-19.2372,True,fuzzy_logic_fixed_snr,0.5036,0.127
87,v2,v11,20.0,140.03,100.0,0.6,0.7002,2.0,-22.6708,True,fuzzy_logic_fixed_snr,0.4092,0.1031
87,v3,v7,20.0,0.0,0.0,0.6,0.0,0.0,36.0,False,fuzzy_logic_fixed_snr,35.9727,0.998
87,v3,v4,20.0,10.44,10.0,0.6,0.0522,0.2,1.2923,False,fuzzy_logic_fixed_snr,1.2623,0.9656
87,v3,v6,20.0,30.15,50.0,0.6,0.1507,1.0,-9.8937,True,fuzzy_logic_fixed_snr,0.8848,0.2316
87,v3,v1,20.0,40.45,70.0,0.6,0.2022,1.4,-12.935,True,fuzzy_logic_fixed_snr,0.7058,0.1549
87,v3,v8,20.0,70.06,30.0,0.6,0.3503,0.6,-14.3444,True,fuzzy_logic_fixed_snr,0.6217,0.1625
87,v4,v3,40.0,10.44,10.0,1.0,0.0522,0.2,21.2923,False,fuzzy_logic_fixed_snr,21.2639,0.999
87,v4,v7,40.0,10.44,10.0,1.0,0.0522,0.2,21.2923,False,fuzzy_logic_fixed_snr,21.2592,0.9961
87,v4,v6,40.0,40.45,60.0,1.0,0.2022,1.2,7.5289,True,fuzzy_logic_fixed_snr,2.7743,0.9318
87,v4,v1,40.0,50.8,80.0,1.0,0.254,1.6,5.0718,True,fuzzy_logic_fixed_snr,2.6463,0.8877
87,v4,v8,40.0,80.0,40.0,1.0,0.4,0.8,3.9588,True,fuzzy_logic_fixed_snr,2.5516,0.8742
88,v1,v15,40.0,11.66,60.0,1.0,0.0583,1.2,16.1709,True,fuzzy_logic_fixed_snr,2.9322,0.9504
88,v1,v8,40.0,13.45,40.0,1.0,0.0673,0.8,16.3468,True,fuzzy_logic_fixed_snr,2.9364,0.9523
88,v1,v6,40.0,30.15,0.0,1.0,0.1507,0.0,16.3315,False,fuzzy_logic_fixed_snr,16.3087,0.998
88,v1,v12,40.0,31.32,40.0,1.0,0.1566,0.8,10.4749,True,fuzzy_logic_fixed_snr,2.873,0.9406
88,v1,v11,40.0,40.45,60.0,1.0,0.2022,1.2,7.5289,True,fuzzy_logic_fixed_snr,2.7792,0.9148
88,v2,v19,20.0,3.0,60.0,0.6,0.015,1.2,5.6053,True,fuzzy_logic_fixed_snr,2.6783,0.9084
88,v2,v16,20.0,90.2,60.0,0.6,0.451,1.2,-18.0441,True,fuzzy_logic_fixed_snr,0.4945,0.1234
88,v2,v12,20.0,170.11,40.0,0.6,0.8505,0.8,-21.2833,True,fuzzy_logic_fixed_snr,0.4357,0.1193
88,v2,v15,20.0,190.02,60.0,0.6,0.9501,1.2,-23.2217,True,fuzzy_logic_fixed_snr,0.433,0.1117
88,v3,v7,20.0,0.0,20.0,0.6,0.0,0.4,32.183,True,fuzzy_logic_fixed_snr,2.9562,0.9514
88,v3,v4,20.0,20.22,10.0,0.6,0.1011,0.2,-3.302,False,fuzzy_logic_fixed_snr,-3.3331,0.9115
88,v3,v11,20.0,70.0,0.0,0.6,0.35,0.0,-9.5216,True,fuzzy_logic_fixed_snr,0.9448,0.2363
88,v3,v6,20.0,80.06,60.0,0.6,0.4003,1.2,-17.2151,True,fuzzy_logic_fixed_snr,0.5515,0.1572
88,v3,v5,20.0,80.22,70.0,0.6,0.4011,1.4,-17.6936,True,fuzzy_logic_fixed_snr,0.5364,0.1459
88,v4,v3,40.0,20.22,10.0,1.0,0.1011,0.2,16.698,False,fuzzy_logic_fixed_snr,16.674,0.998
88,v4,v7,40.0,20.22,10.0,1.0,0.1011,0.2,16.698,False,fuzzy_logic_fixed_snr,16.6692,0.998
88,v4,v5,40.0,60.67,80.0,1.0,0.3034,1.6,3.8383,True,fuzzy_logic_fixed_snr,2.5294,0.859
88,v4,v13,40.0,80.5,90.0,1.0,0.4025,1.8,1.5069,True,fuzzy_logic_fixed_snr,2.2727,0.7807
88,v4,v11,40.0,90.05,10.0,1.0,0.4502,0.2,6.32,False,fuzzy_logic_fixed_snr,6.2952,0.9912
89,v1,v12,40.0,13.45,80.0,1.0,0.0673,1.6,14.3046,True,fuzzy_logic_fixed_snr,2.9205,0.9496
89,v1,v6,40.0,30.15,30.0,1.0,0.1507,0.6,11.515,False,fuzzy_logic_fixed_snr,11.4899,0.9961
89,v1,v15,40.0,50.36,60.0,1.0,0.2518,1.2,6.006,True,fuzzy_logic_fixed_snr,2.7035,0.9123
89,v1,v8,40.0,50.8,60.0,1.0,0.254,1.2,5.9449,True,fuzzy_logic_fixed_snr,2.6982,0.9092
89,v1,v16,40.0,50.8,90.0,1.0,0.254,1.8,4.7057,True,fuzzy_logic_fixed_snr,2.6051,0.9039
89,v2,v19,20.0,60.07,30.0,0.6,0.3004,0.6,-13.2756,True,fuzzy_logic_fixed_snr,0.6792,0.1754
89,v2,v16,20.0,150.12,60.0,0.6,0.7506,1.2,-21.5838,True,fuzzy_logic_fixed_snr,0.4511,0.1178
89,v3,v5,20.0,11.66,70.0,0.6,0.0583,1.4,-4.293,True,fuzzy_logic_fixed_snr,1.4648,0.4406
89,v3,v7,20.0,20.0,20.0,0.6,0.1,0.4,-4.6334,True,fuzzy_logic_fixed_snr,1.4139,0.4264
89,v3,v13,20.0,20.88,50.0,0.6,0.1044,1.0,-7.3411,True,fuzzy_logic_fixed_snr,1.0881,0.3121
89,v3,v4,20.0,30.15,0.0,0.6,0.1507,0.0,-3.6685,False,fuzzy_logic_fixed_snr,-3.6937,0.9086
89,v3,v11,20.0,70.0,10.0,0.6,0.35,0.2,-11.9298,True,fuzzy_logic_fixed_snr,0.7266,0.1717
89,v4,v7,40.0,10.44,20.0,1.0,0.0522,0.4,19.8836,False,fuzzy_logic_fixed_snr,19.8455,0.9971
89,v4,v13,40.0,13.45,50.0,1.0,0.0673,1.0,15.7134,True,fuzzy_logic_fixed_snr,2.9317,0.9564
89,v4,v5,40.0,21.93,70.0,1.0,0.1097,1.4,11.3181,True,fuzzy_logic_fixed_snr,2.887,0.9529
89,v4,v3,40.0,30.15,0.0,1.0,0.1507,0.0,16.3315,False,fuzzy_logic_fixed_snr,16.3152,0.9961
89,v4,v14,40.0,50.36,80.0,1.0,0.2518,1.6,5.1329,True,fuzzy_logic_fixed_snr,2.6475,0.9053
90,v1,v16,40.0,41.0,40.0,1.0,0.205,0.8,8.6037,True,fuzzy_logic_fixed_snr,2.8161,0.9389
90,v1,v6,40.0,60.07,10.0,1.0,0.3004,0.2,9.1327,False,fuzzy_logic_fixed_snr,9.11,0.9902
90,v1,v19,40.0,80.22,50.0,1.0,0.4011,1.0,3.3059,True,fuzzy_logic_fixed_snr,2.4876,0.8605
90,v1,v12,40.0,90.45,40.0,1.0,0.4522,0.8,3.1058,True,fuzzy_logic_fixed_snr,2.4638,0.835
90,v1,v15,40.0,110.16,80.0,1.0,0.5508,1.6,-0.3065,True,fuzzy_logic_fixed_snr,2.031,0.6887
90,v2,v19,20.0,90.05,40.0,0.6,0.4502,0.8,-16.8635,True,fuzzy_logic_fixed_snr,0.5691,0.1338
90,v2,v20,20.0,150.12,70.0,0.6,0.7506,1.4,-22.0477,True,fuzzy_logic_fixed_snr,0.4299,0.0949
90,v2,v1,20.0,170.03,10.0,0.6,0.8501,0.2,-18.0965,True,fuzzy_logic_fixed_snr,0.5148,0.1199
90,v3,v14,20.0,3.0,70.0,0.6,0.015,1.4,5.1413,True,fuzzy_logic_fixed_snr,2.6543,0.9064
90,v3,v4,20.0,30.15,10.0,0.6,0.1507,0.2,-6.0768,False,fuzzy_logic_fixed_snr,-6.0996,0.8236
90,v3,v13,20.0,30.59,70.0,0.6,0.153,1.4,-10.9949,True,fuzzy_logic_fixed_snr,0.8112,0.1701
90,v3,v7,20.0,40.0,0.0,0.6,0.2,0.0,-5.633,False,fuzzy_logic_fixed_snr,-5.6607,0.8496
90,v3,v11,20.0,60.0,10.0,0.6,0.3,0.2,-10.8587,True,fuzzy_logic_fixed_snr,0.8323,0.1932
90,v4,v7,40.0,10.44,10.0,1.0,0.0522,0.2,21.2923,False,fuzzy_logic_fixed_snr,21.2734,0.9971
90,v4,v3,40.0,30.15,10.0,1.0,0.1507,0.2,13.9232,False,fuzzy_logic_fixed_snr,13.8938,0.9971
90,v4,v14,40.0,30.59,80.0,1.0,0.153,1.6,8.5959,True,fuzzy_logic_fixed_snr,2.8175,0.9293
90,v4,v9,40.0,41.0,50.0,1.0,0.205,1.0,7.9702,True,fuzzy_logic_fixed_snr,2.7927,0.9266
90,v4,v10,40.0,50.36,40.0,1.0,0.2518,0.8,7.175,True,fuzzy_logic_fixed_snr,2.7591,0.9221
91,v1,v19,40.0,30.59,70.0,1.0,0.153,1.4,9.0051,True,fuzzy_logic_fixed_snr,2.8378,0.9264
91,v1,v6,40.0,70.06,20.0,1.0,0.3503,0.4,6.6551,False,fuzzy_logic_fixed_snr,6.6311,0.9906
91,v1,v16,40.0,80.5,60.0,1.0,0.4025,1.2,2.7461,True,fuzzy_logic_fixed_snr,2.4294,0.8295
91,v1,v12,40.0,130.31,80.0,1.0,0.6516,1.6,-1.4736,True,fuzzy_logic_fixed_snr,1.8642,0.5951
91,v1,v2,40.0,160.03,20.0,1.0,0.8001,0.4,0.9159,True,fuzzy_logic_fixed_snr,2.2102,0.7475
91,v2,v20,20.0,80.22,60.0,0.6,0.4011,1.2,-17.2297,True,fuzzy_logic_fixed_snr,0.5509,0.1533
91,v2,v19,20.0,130.03,50.0,0.6,0.6502,1.0,-20.0502,True,fuzzy_logic_fixed_snr,0.485,0.1207
91,v2,v1,20.0,160.03,20.0,0.6,0.8001,0.4,-19.0841,True,fuzzy_logic_fixed_snr,0.4993,0.1291
91,v3,v9,20.0,30.59,60.0,0.6,0.153,1.2,-10.531,True,fuzzy_logic_fixed_snr,0.8374,0.2006
91,v3,v7,20.0,40.0,20.0,0.6,0.2,0.4,-9.4499,True,fuzzy_logic_fixed_snr,0.9249,0.2225
91,v3,v4,20.0,40.11,0.0,0.6,0.2006,0.0,-5.6524,False,fuzzy_logic_fixed_snr,-5.6851,0.8283
91,v3,v11,20.0,50.0,0.0,0.6,0.25,0.0,-7.1835,False,fuzzy_logic_fixed_snr,-7.2067,0.7549
91,v3,v10,20.0,50.09,50.0,0.6,0.2504,1.0,-13.4212,True,fuzzy_logic_fixed_snr,0.7051,0.1785
91,v4,v7,40.0,3.0,20.0,1.0,0.015,0.4,28.5491,False,fuzzy_logic_fixed_snr,28.5306,1.0
91,v4,v10,40.0,11.66,50.0,1.0,0.0583,1.0,16.7065,True,fuzzy_logic_fixed_snr,2.9377,0.95
91,v4,v9,40.0,13.45,60.0,1.0,0.0673,1.2,15.1778,True,fuzzy_logic_fixed_snr,2.9292,0.9572
91,v4,v3,40.0,40.11,0.0,1.0,0.2006,0.0,14.3476,False,fuzzy_logic_fixed_snr,14.3224,0.9961
91,v4,v11,40.0,90.05,0.0,1.0,0.4502,0.0,8.7283,False,fuzzy_logic_fixed_snr,8.691,0.9961
92,v1,v19,40.0,40.45,70.0,1.0,0.2022,1.4,7.065,True,fuzzy_logic_fixed_snr,2.7642,0.9379
92,v1,v6,40.0,90.05,10.0,1.0,0.4502,0.2,6.32,False,fuzzy_logic_fixed_snr,6.2923,0.9932
92,v1,v2,40.0,140.03,10.0,1.0,0.7002,0.2,3.2521,False,fuzzy_logic_fixed_snr,3.2209,0.9779
92,v1,v16,40.0,140.29,30.0,1.0,0.7014,0.6,0.8311,True,fuzzy_logic_fixed_snr,2.1908,0.7695
92,v1,v20,40.0,160.25,30.0,1.0,0.8013,0.6,-0.0934,True,fuzzy_logic_fixed_snr,2.0659,0.6742
92,v2,v20,20.0,20.88,40.0,0.6,0.1044,0.8,-6.7077,True,fuzzy_logic_fixed_snr,1.169,0.3178
92,v2,v1,20.0,140.03,10.0,0.6,0.7002,0.2,-16.7479,True,fuzzy_logic_fixed_snr,0.5436,0.1268
92,v2,v19,20.0,180.02,80.0,0.6,0.9001,1.6,-23.7193,True,fuzzy_logic_fixed_snr,0.4105,0.11
92,v3,v10,20.0,3.0,90.0,0.6,0.015,1.8,4.3661,True,fuzzy_logic_fixed_snr,2.5887,0.8998
92,v3,v9,20.0,30.59,100.0,0.6,0.153,2.0,-12.1013,True,fuzzy_logic_fixed_snr,0.7255,0.1848
92,v3,v4,20.0,40.11,10.0,0.6,0.2006,0.2,-8.0607,False,fuzzy_logic_fixed_snr,-8.0857,0.7158
92,v3,v11,20.0,50.0,30.0,0.6,0.25,0.6,-12.0,True,fuzzy_logic_fixed_snr,0.728,0.1781
92,v3,v7,20.0,60.0,10.0,0.6,0.3,0.2,-10.8587,True,fuzzy_logic_fixed_snr,0.8279,0.2145
92,v4,v7,40.0,20.22,0.0,1.0,0.1011,0.0,19.1062,False,fuzzy_logic_fixed_snr,19.0796,1.0
92,v4,v3,40.0,40.11,10.0,1.0,0.2006,0.2,11.9393,False,fuzzy_logic_fixed_snr,11.9072,0.9922
92,v4,v10,40.0,40.45,80.0,1.0,0.2022,1.6,6.6558,True,fuzzy_logic_fixed_snr,2.7325,0.9221
92,v4,v9,40.0,70.58,90.0,1.0,0.3529,1.8,2.4215,True,fuzzy_logic_fixed_snr,2.3858,0.8311
92,v4,v11,40.0,90.05,20.0,1.0,0.4502,0.4,4.9113,False,fuzzy_logic_fixed_snr,4.8934,0.9863
93,v1,v6,40.0,80.06,20.0,1.0,0.4003,0.4,5.7287,False,fuzzy_logic_fixed_snr,5.7063,0.9848
93,v1,v19,40.0,110.16,100.0,1.0,0.5508,2.0,-1.0037,True,fuzzy_logic_fixed_snr,1.9224,0.6582
93,v1,v20,40.0,130.31,80.0,1.0,0.6516,1.6,-1.4736,True,fuzzy_logic_fixed_snr,1.8785,0.6191
93,v1,v5,40.0,150.0,30.0,1.0,0.75,0.6,0.3661,True,fuzzy_logic_fixed_snr,2.1473,0.7416
93,v1,v2,40.0,150.03,40.0,1.0,0.7501,0.8,-0.4106,True,fuzzy_logic_fixed_snr,2.0255,0.6869
93,v2,v20,20.0,20.88,40.0,0.6,0.1044,0.8,-6.7077,True,fuzzy_logic_fixed_snr,1.1823,0.3158
93,v2,v1,20.0,150.03,40.0,0.6,0.7501,0.8,-20.4106,True,fuzzy_logic_fixed_snr,0.4725,0.1309
93,v3,v4,20.0,30.15,20.0,0.6,0.1507,0.4,-7.4855,True,fuzzy_logic_fixed_snr,1.0955,0.3051
93,v3,v7,20.0,50.0,10.0,0.6,0.25,0.2,-9.5918,False,fuzzy_logic_fixed_snr,-9.6231,0.624
93,v3,v17,20.0,60.3,40.0,0.6,0.3015,0.8,-14.0768,True,fuzzy_logic_fixed_snr,0.6638,0.1717
93,v3,v11,20.0,80.0,20.0,0.6,0.4,0.4,-14.2664,True,fuzzy_logic_fixed_snr,0.6444,0.1824
93,v3,v10,20.0,90.05,70.0,0.6,0.4502,1.4,-18.4965,True,fuzzy_logic_fixed_snr,0.5169,0.1238
93,v4,v7,40.0,20.22,30.0,1.0,0.1011,0.6,14.2897,False,fuzzy_logic_fixed_snr,14.2597,0.9951
93,v4,v3,40.0,30.15,20.0,1.0,0.1507,0.4,12.5145,False,fuzzy_logic_fixed_snr,12.4891,0.9941
93,v4,v17,40.0,31.32,20.0,1.0,0.1566,0.4,12.2497,False,fuzzy_logic_fixed_snr,12.2299,0.9926
93,v4,v18,40.0,90.2,50.0,1.0,0.451,1.0,2.4915,True,fuzzy_logic_fixed_snr,2.3905,0.827
93,v4,v11,40.0,110.04,0.0,1.0,0.5502,0.0,7.3351,False,fuzzy_logic_fixed_snr,7.3122,0.9873
94,v1,v20,40.0,50.8,30.0,1.0,0.254,0.6,7.8892,False,fuzzy_logic_fixed_snr,7.8755,0.9912
94,v1,v6,40.0,100.04,10.0,1.0,0.5002,0.2,5.5886,False,fuzzy_logic_fixed_snr,5.5741,0.9887
94,v1,v2,40.0,110.04,20.0,1.0,0.5502,0.4,3.5182,False,fuzzy_logic_fixed_snr,3.4941,0.9814
94,v1,v13,40.0,170.0,10.0,1.0,0.85,0.2,1.9046,True,fuzzy_logic_fixed_snr,2.3293,0.7801
94,v1,v5,40.0,180.0,0.0,1.0,0.9,0.0,3.9156,True,fuzzy_logic_fixed_snr,2.5452,0.8678
94,v2,v20,20.0,60.3,50.0,0.6,0.3015,1.0,-14.7102,True,fuzzy_logic_fixed_snr,0.6469,0.1625
94,v2,v1,20.0,110.04,20.0,0.6,0.5502,0.4,-16.4818,True,fuzzy_logic_fixed_snr,0.5468,0.1395
94,v3,v4,20.0,10.44,20.0,0.6,0.0522,0.4,-0.1164,True,fuzzy_logic_fixed_snr,2.0715,0.676
94,v3,v17,20.0,20.88,50.0,0.6,0.1044,1.0,-7.3411,True,fuzzy_logic_fixed_snr,1.1315,0.3061
94,v3,v18,20.0,50.09,60.0,0.6,0.2504,1.2,-13.9568,True,fuzzy_logic_fixed_snr,0.6559,0.1807
94,v3,v7,20.0,60.0,20.0,0.6,0.3,0.4,-12.2674,True,fuzzy_logic_fixed_snr,0.7322,0.1869
94,v3,v11,20.0,100.0,10.0,0.6,0.5,0.2,-14.4082,True,fuzzy_logic_fixed_snr,0.6326,0.1465
94,v4,v3,40.0,10.44,20.0,1.0,0.0522,0.4,19.8836,False,fuzzy_logic_fixed_snr,19.8516,0.998
94,v4,v17,40.0,13.45,70.0,1.0,0.0673,1.4,14.7139,True,fuzzy_logic_fixed_snr,2.9239,0.949
94,v4,v18,40.0,40.45,80.0,1.0,0.2022,1.6,6.6558,True,fuzzy_logic_fixed_snr,2.7413,0.9301
94,v4,v7,40.0,50.09,0.0,1.0,0.2504,0.0,12.804,False,fuzzy_logic_fixed_snr,12.7846,0.9932
94,v4,v11,40.0,110.04,10.0,1.0,0.5502,0.2,4.9269,False,fuzzy_logic_fixed_snr,4.8964,0.9877
95,v1,v20,40.0,21.93,20.0,1.0,0.1097,0.4,14.7259,False,fuzzy_logic_fixed_snr,14.6957,0.9961
95,v1,v6,40.0,110.04,40.0,1.0,0.5502,0.8,1.7434,True,fuzzy_logic_fixed_snr,2.32,0.7969
95,v1,v2,40.0,130.03,20.0,1.0,0.6502,0.4,2.3581,True,fuzzy_logic_fixed_snr,2.3821,0.8217
95,v1,v13,40.0,160.0,0.0,1.0,0.8,0.0,4.7341,True,fuzzy_logic_fixed_snr,2.6177,0.8789
95,v1,v5,40.0,180.0,40.0,1.0,0.9,0.8,-1.6761,True,fuzzy_logic_fixed_snr,1.8413,0.5918
95,v2,v20,20.0,110.16,40.0,0.6,0.5508,0.8,-18.2644,True,fuzzy_logic_fixed_snr,0.5186,0.1328
95,v2,v1,20.0,130.03,20.0,0.6,0.6502,0.4,-17.6419,True,fuzzy_logic_fixed_snr,0.5381,0.1381
95,v3,v18,20.0,10.44,60.0,0.6,0.0522,1.2,-3.0602,True,fuzzy_logic_fixed_snr,1.6038,0.4598
95,v3,v4,20.0,30.15,0.0,0.6,0.1507,0.0,-3.6685,False,fuzzy_logic_fixed_snr,-3.7056,0.8896
95,v3,v17,20.0,30.59,70.0,0.6,0.153,1.4,-10.9949,True,fuzzy_logic_fixed_snr,0.8168,0.2148
95,v3,v7,20.0,80.0,30.0,0.6,0.4,0.6,-15.2659,True,fuzzy_logic_fixed_snr,0.6049,0.1609
95,v3,v11,20.0,90.0,0.0,0.6,0.45,0.0,-11.2679,True,fuzzy_logic_fixed_snr,0.7952,0.176
95,v4,v3,40.0,30.15,0.0,1.0,0.1507,0.0,16.3315,False,fuzzy_logic_fixed_snr,16.3055,0.9971
95,v4,v18,40.0,40.45,60.0,1.0,0.2022,1.2,7.5289,True,fuzzy_logic_fixed_snr,2.7762,0.9227
95,v4,v7,40.0,50.09,30.0,1.0,0.2504,0.6,7.9875,False,fuzzy_logic_fixed_snr,7.9592,0.9932
95,v4,v17,40.0,60.67,70.0,1.0,0.3034,1.4,4.2476,True,fuzzy_logic_fixed_snr,2.5713,0.8762
95,v4,v11,40.0,120.04,0.0,1.0,0.6002,0.0,6.7309,False,fuzzy_logic_fixed_snr,6.7073,0.9936
96,v1,v20,40.0,9.0,70.0,1.0,0.045,1.4,17.5074,True,fuzzy_logic_fixed_snr,2.9397,0.952
96,v1,v6,40.0,70.06,10.0,1.0,0.3503,0.2,8.0638,False,fuzzy_logic_fixed_snr,8.0405,0.9844
96,v1,v5,40.0,140.0,10.0,1.0,0.7,0.2,3.2537,False,fuzzy_logic_fixed_snr,3.2291,0.9799
96,v1,v2,40.0,150.03,10.0,1.0,0.7501,0.2,2.7729,False,fuzzy_logic_fixed_snr,2.7485,0.9734
96,v1,v13,40.0,160.0,10.0,1.0,0.8,0.2,2.3258,True,fuzzy_logic_fixed_snr,2.3851,0.8244
96,v2,v1,20.0,150.03,10.0,0.6,0.7501,0.2,-17.2271,True,fuzzy_logic_fixed_snr,0.5492,0.1355
96,v2,v20,20.0,150.12,80.0,0.6,0.7506,1.6,-22.457,True,fuzzy_logic_fixed_snr,0.4394,0.1232
96,v3,v4,20.0,30.15,40.0,0.6,0.1507,0.8,-9.2603,True,fuzzy_logic_fixed_snr,0.9495,0.2189
96,v3,v18,20.0,70.06,60.0,0.6,0.3503,1.2,-16.2887,True,fuzzy_logic_fixed_snr,0.5896,0.1408
96,v3,v11,20.0,90.0,40.0,0.6,0.45,0.8,-16.8596,True,fuzzy_logic_fixed_snr,0.5379,0.1332
96,v3,v17,20.0,100.18,70.0,0.6,0.5009,1.4,-19.2372,True,fuzzy_logic_fixed_snr,0.4914,0.142
96,v3,v7,20.0,110.0,30.0,0.6,0.55,0.6,-17.4788,True,fuzzy_logic_fixed_snr,0.5241,0.1408
96,v4,v3,40.0,30.15,40.0,1.0,0.1507,0.8,10.7397,True,fuzzy_logic_fixed_snr,2.8785,0.949
96,v4,v7,40.0,80.06,10.0,1.0,0.4003,0.2,7.1374,False,fuzzy_logic_fixed_snr,7.111,0.9902
96,v4,v18,40.0,100.18,20.0,1.0,0.5009,0.4,4.1705,False,fuzzy_logic_fixed_snr,4.1419,0.9838
96,v4,v11,40.0,120.04,0.0,1.0,0.6002,0.0,6.7309,False,fuzzy_logic_fixed_snr,6.7118,0.9902
96,v4,v17,40.0,130.31,30.0,1.0,0.6516,0.6,1.3438,True,fuzzy_logic_fixed_snr,2.262,0.7736
97,v1,v6,40.0,60.07,40.0,1.0,0.3004,0.8,5.9491,True,fuzzy_logic_fixed_snr,2.7005,0.9066
97,v1,v20,40.0,70.58,60.0,1.0,0.3529,1.2,3.6607,True,fuzzy_logic_fixed_snr,2.5236,0.8766
97,v1,v5,40.0,130.0,40.0,1.0,0.65,0.8,0.5851,True,fuzzy_logic_fixed_snr,2.1682,0.7373
97,v1,v2,40.0,160.03,40.0,1.0,0.8001,0.8,-0.8589,True,fuzzy_logic_fixed_snr,1.9648,0.6785
97,v1,v13,40.0,170.0,20.0,1.0,0.85,0.4,0.4958,True,fuzzy_logic_fixed_snr,2.1559,0.7232
97,v2,v1,20.0,160.03,40.0,0.6,0.8001,0.8,-20.8589,True,fuzzy_logic_fixed_snr,0.4403,0.1215
97,v3,v4,20.0,10.44,0.0,0.6,0.0522,0.0,3.7006,False,fuzzy_logic_fixed_snr,3.6887,0.9863
97,v3,v7,20.0,80.0,40.0,0.6,0.4,0.8,-16.0412,True,fuzzy_logic_fixed_snr,0.6001,0.1529
97,v3,v15,20.0,120.0,20.0,0.6,0.6,0.4,-17.0839,True,fuzzy_logic_fixed_snr,0.5413,0.1574
97,v3,v11,20.0,130.0,10.0,0.6,0.65,0.2,-16.2313,True,fuzzy_logic_fixed_snr,0.5699,0.1287
97,v3,v18,20.0,130.03,70.0,0.6,0.6502,1.4,-21.0497,True,fuzzy_logic_fixed_snr,0.4577,0.1223
97,v4,v3,40.0,10.44,0.0,1.0,0.0522,0.0,23.7006,False,fuzzy_logic_fixed_snr,23.6739,0.999
97,v4,v7,40.0,90.05,40.0,1.0,0.4502,0.8,3.1365,True,fuzzy_logic_fixed_snr,2.4656,0.8422
97,v4,v15,40.0,110.04,20.0,1.0,0.5502,0.4,3.5182,False,fuzzy_logic_fixed_snr,3.4891,0.9834
97,v4,v11,40.0,120.04,10.0,1.0,0.6002,0.2,4.3227,False,fuzzy_logic_fixed_snr,4.2986,0.9887
97,v4,v18,40.0,120.15,70.0,1.0,0.6007,1.4,-0.5003,True,fuzzy_logic_fixed_snr,1.9929,0.6643
98,v1,v6,40.0,20.22,0.0,1.0,0.1011,0.0,19.1062,False,fuzzy_logic_fixed_snr,19.0759,0.9951
98,v1,v5,40.0,90.0,20.0,1.0,0.45,0.4,4.9151,False,fuzzy_logic_fixed_snr,4.8907,0.9893
98,v1,v20,40.0,130.31,60.0,1.0,0.6516,1.2,-0.6005,True,fuzzy_logic_fixed_snr,1.9947,0.6508
98,v1,v13,40.0,150.0,10.0,1.0,0.75,0.2,2.7743,False,fuzzy_logic_fixed_snr,2.7341,0.9857
98,v3,v4,20.0,10.44,20.0,0.6,0.0522,0.4,-0.1164,True,fuzzy_logic_fixed_snr,2.0834,0.6961
98,v3,v7,20.0,40.0,10.0,0.6,0.2,0.2,-8.0412,False,fuzzy_logic_fixed_snr,-8.0613,0.75
98,v3,v11,20.0,140.0,10.0,0.6,0.7,0.2,-16.7463,True,fuzzy_logic_fixed_snr,0.5464,0.158
98,v3,v15,20.0,140.0,20.0,0.6,0.7,0.4,-18.155,True,fuzzy_logic_fixed_snr,0.5245,0.135
98,v3,v8,20.0,150.03,30.0,0.6,0.7501,0.6,-19.6353,True,fuzzy_logic_fixed_snr,0.4794,0.1287
98,v4,v3,40.0,10.44,20.0,1.0,0.0522,0.4,19.8836,False,fuzzy_logic_fixed_snr,19.8511,0.998
98,v4,v7,40.0,50.09,10.0,1.0,0.2504,0.2,10.3958,False,fuzzy_logic_fixed_snr,10.3731,0.9965
98,v4,v11,40.0,130.03,10.0,1.0,0.6502,0.2,3.7668,False,fuzzy_logic_fixed_snr,3.7336,0.9887
98,v4,v15,40.0,130.03,0.0,1.0,0.6502,0.0,6.1751,False,fuzzy_logic_fixed_snr,6.152,0.9922
98,v4,v8,40.0,140.0,10.0,1.0,0.7,0.2,3.2537,False,fuzzy_logic_fixed_snr,3.2216,0.9852
99,v1,v6,40.0,20.22,0.0,1.0,0.1011,0.0,19.1062,False,fuzzy_logic_fixed_snr,19.0807,0.9971
99,v1,v5,40.0,70.0,10.0,1.0,0.35,0.2,8.0702,False,fuzzy_logic_fixed_snr,8.0368,0.9896
99,v1,v13,40.0,140.0,0.0,1.0,0.7,0.0,5.662,False,fuzzy_logic_fixed_snr,5.6425,0.9854
99,v1,v2,40.0,190.02,20.0,1.0,0.9501,0.4,-0.2779,True,fuzzy_logic_fixed_snr,2.0354,0.7092
99,v1,v20,40.0,190.21,60.0,1.0,0.9511,1.2,-3.2286,True,fuzzy_logic_fixed_snr,1.5944,0.4881
99,v2,v1,20.0,190.02,20.0,0.6,0.9501,0.4,-20.2779,True,fuzzy_logic_fixed_snr,0.4837,0.1357
99,v3,v4,20.0,10.44,10.0,0.6,0.0522,0.2,1.2923,False,fuzzy_logic_fixed_snr,1.2633,0.9736
99,v3,v7,20.0,50.0,30.0,0.6,0.25,0.6,-12.0,True,fuzzy_logic_fixed_snr,0.7704,0.2018
99,v3,v15,20.0,120.0,10.0,0.6,0.6,0.2,-15.6751,True,fuzzy_logic_fixed_snr,0.5869,0.1535
99,v3,v8,20.0,120.04,20.0,0.6,0.6002,0.4,-17.086,True,fuzzy_logic_fixed_snr,0.5464,0.1313
99,v3,v11,20.0,130.0,30.0,0.6,0.65,0.6,-18.6396,True,fuzzy_logic_fixed_snr,0.4861,0.1314
99,v4,v3,40.0,10.44,10.0,1.0,0.0522,0.2,21.2923,False,fuzzy_logic_fixed_snr,21.2752,0.9971
99,v4,v7,40.0,40.11,40.0,1.0,0.2006,0.8,8.7558,True,fuzzy_logic_fixed_snr,2.8227,0.9412
99,v4,v8,40.0,130.0,30.0,1.0,0.65,0.6,1.3604,True,fuzzy_logic_fixed_snr,2.2605,0.7805
99,v4,v15,40.0,130.03,20.0,1.0,0.6502,0.4,2.3581,True,fuzzy_logic_fixed_snr,2.3867,0.8104
99,v4,v11,40.0,140.03,40.0,1.0,0.7002,0.8,0.0686,True,fuzzy_logic_fixed_snr,2.092,0.7102
100,v1,v6,40.0,20.22,10.0,1.0,0.1011,0.2,16.698,False,fuzzy_logic_fixed_snr,16.6663,0.998
100,v1,v5,40.0,60.0,30.0,1.0,0.3,0.6,6.7331,False,fuzzy_logic_fixed_snr,6.7058,0.9922
100,v1,v13,40.0,140.0,30.0,1.0,0.7,0.6,0.8455,True,fuzzy_logic_fixed_snr,2.1993,0.7582
100,v3,v7,20.0,20.0,30.0,0.6,0.1,0.6,-5.633,True,fuzzy_logic_fixed_snr,1.3026,0.349
100,v3,v4,20.0,20.22,10.0,0.6,0.1011,0.2,-3.302,False,fuzzy_logic_fixed_snr,-3.3366,0.9143
100,v3,v15,20.0,130.0,10.0,0.6,0.65,0.2,-16.2313,True,fuzzy_logic_fixed_snr,0.5854,0.1521
100,v3,v8,20.0,140.03,0.0,0.6,0.7002,0.0,-14.3396,True,fuzzy_logic_fixed_snr,0.6552,0.165
100,v3,v11,20.0,160.0,10.0,0.6,0.8,0.2,-17.6742,True,fuzzy_logic_fixed_snr,0.531,0.1406
100,v4,v7,40.0,3.0,20.0,1.0,0.015,0.4,28.5491,False,fuzzy_logic_fixed_snr,28.5418,0.998
100,v4,v3,40.0,20.22,10.0,1.0,0.1011,0.2,16.698,False,fuzzy_logic_fixed_snr,16.6718,0.9951
100,v4,v15,40.0,150.03,0.0,1.0,0.7501,0.0,5.1812,False,fuzzy_logic_fixed_snr,5.1584,0.9838
100,v4,v8,40.0,160.0,10.0,1.0,0.8,0.2,2.3258,True,fuzzy_logic_fixed_snr,2.3802,0.8244
100,v4,v11,40.0,180.02,20.0,1.0,0.9001,0.4,0.0977,True,fuzzy_logic_fixed_snr,2.074,0.7143
101,v1,v6,40.0,10.44,10.0,1.0,0.0522,0.2,21.2923,False,fuzzy_logic_fixed_snr,21.2726,0.999
101,v1,v5,40.0,30.0,0.0,1.0,0.15,0.0,16.3661,False,fuzzy_logic_fixed_snr,16.3397,0.9971
101,v1,v13,40.0,110.0,30.0,1.0,0.55,0.6,2.5212,True,fuzzy_logic_fixed_snr,2.4091,0.8205
101,v3,v7,20.0,10.0,0.0,0.6,0.05,0.0,4.0,False,fuzzy_logic_fixed_snr,3.9795,0.9912
101,v3,v4,20.0,10.44,20.0,0.6,0.0522,0.4,-0.1164,True,fuzzy_logic_fixed_snr,2.0584,0.6957
101,v3,v15,20.0,140.0,0.0,0.6,0.7,0.0,-14.338,True,fuzzy_logic_fixed_snr,0.6429,0.1609
101,v3,v8,20.0,140.03,30.0,0.6,0.7002,0.6,-19.1561,True,fuzzy_logic_fixed_snr,0.4929,0.1262
101,v3,v11,20.0,150.0,0.0,0.6,0.75,0.0,-14.8175,True,fuzzy_logic_fixed_snr,0.622,0.1479
101,v4,v3,40.0,10.44,20.0,1.0,0.0522,0.4,19.8836,False,fuzzy_logic_fixed_snr,19.8588,0.9971
101,v4,v7,40.0,20.22,20.0,1.0,0.1011,0.4,15.2892,False,fuzzy_logic_fixed_snr,15.259,0.9961
101,v4,v8,40.0,150.0,10.0,1.0,0.75,0.2,2.7743,False,fuzzy_logic_fixed_snr,2.7366,0.9834
101,v4,v15,40.0,150.03,20.0,1.0,0.7501,0.4,1.3642,True,fuzzy_logic_fixed_snr,2.2792,0.7891
101,v4,v11,40.0,160.03,20.0,1.0,0.8001,0.4,0.9159,True,fuzzy_logic_fixed_snr,2.1933,0.7373
102,v1,v6,40.0,20.22,30.0,1.0,0.1011,0.6,14.2897,False,fuzzy_logic_fixed_snr,14.2717,0.9971
102,v1,v5,40.0,30.0,40.0,1.0,0.15,0.8,10.7743,True,fuzzy_logic_fixed_snr,2.8763,0.9504
102,v1,v13,40.0,140.0,30.0,1.0,0.7,0.6,0.8455,True,fuzzy_logic_fixed_snr,2.1901,0.7479
102,v3,v7,20.0,10.0,20.0,0.6,0.05,0.4,0.183,True,fuzzy_logic_fixed_snr,2.1055,0.7158
102,v3,v4,20.0,10.44,10.0,0.6,0.0522,0.2,1.2923,False,fuzzy_logic_fixed_snr,1.2767,0.9766
102,v3,v15,20.0,140.0,20.0,0.6,0.7,0.4,-18.155,True,fuzzy_logic_fixed_snr,0.5316,0.1447
102,v3,v11,20.0,150.0,0.0,0.6,0.75,0.0,-14.8175,True,fuzzy_logic_fixed_snr,0.6346,0.149
102,v3,v8,20.0,170.03,20.0,0.6,0.8501,0.4,-19.5052,True,fuzzy_logic_fixed_snr,0.5051,0.1375
102,v4,v7,40.0,3.0,10.0,1.0,0.015,0.2,29.9578,False,fuzzy_logic_fixed_snr,29.9241,0.998
102,v4,v3,40.0,10.44,10.0,1.0,0.0522,0.2,21.2923,False,fuzzy_logic_fixed_snr,21.2646,0.9971
102,v4,v15,40.0,130.03,10.0,1.0,0.6502,0.2,3.7668,False,fuzzy_logic_fixed_snr,3.745,0.9867
102,v4,v11,40.0,140.03,10.0,1.0,0.7002,0.2,3.2521,False,fuzzy_logic_fixed_snr,3.2266,0.9857
102,v4,v8,40.0,160.0,10.0,1.0,0.8,0.2,2.3258,True,fuzzy_logic_fixed_snr,2.3831,0.8316
103,v1,v6,40.0,50.09,30.0,1.0,0.2504,0.6,7.9875,False,fuzzy_logic_fixed_snr,7.9628,0.9932
103,v1,v5,40.0,70.0,20.0,1.0,0.35,0.4,6.6615,False,fuzzy_logic_fixed_snr,6.6321,0.9893
103,v1,v13,40.0,170.0,0.0,1.0,0.85,0.0,4.3128,True,fuzzy_logic_fixed_snr,2.5747,0.8844
103,v3,v4,20.0,3.0,10.0,0.6,0.015,0.2,9.9578,False,fuzzy_logic_fixed_snr,9.9411,0.9912
103,v3,v7,20.0,10.0,30.0,0.6,0.05,0.6,-0.8165,True,fuzzy_logic_fixed_snr,1.9511,0.6471
103,v3,v15,20.0,120.0,10.0,0.6,0.6,0.2,-15.6751,True,fuzzy_logic_fixed_snr,0.6057,0.1398
103,v3,v11,20.0,150.0,10.0,0.6,0.75,0.2,-17.2257,True,fuzzy_logic_fixed_snr,0.5616,0.1508
103,v3,v8,20.0,150.03,30.0,0.6,0.7501,0.6,-19.6353,True,fuzzy_logic_fixed_snr,0.4768,0.1334
103,v4,v3,40.0,3.0,10.0,1.0,0.015,0.2,29.9578,False,fuzzy_logic_fixed_snr,29.9332,0.998
103,v4,v7,40.0,10.44,20.0,1.0,0.0522,0.4,19.8836,False,fuzzy_logic_fixed_snr,19.8621,0.9971
103,v4,v15,40.0,120.04,0.0,1.0,0.6002,0.0,6.7309,False,fuzzy_logic_fixed_snr,6.7103,0.9932
103,v4,v8,40.0,150.0,20.0,1.0,0.75,0.4,1.3656,True,fuzzy_logic_fixed_snr,2.2717,0.7695
103,v4,v11,40.0,150.03,20.0,1.0,0.7501,0.4,1.3642,True,fuzzy_logic_fixed_snr,2.2809,0.7805
104,v1,v6,40.0,80.06,0.0,1.0,0.4003,0.0,9.5457,False,fuzzy_logic_fixed_snr,9.5223,0.9922
104,v1,v5,40.0,90.0,30.0,1.0,0.45,0.6,3.9156,False,fuzzy_logic_fixed_snr,3.8946,0.9824
104,v1,v13,40.0,170.0,10.0,1.0,0.85,0.2,1.9046,True,fuzzy_logic_fixed_snr,2.3211,0.7967
104,v3,v4,20.0,10.44,10.0,0.6,0.0522,0.2,1.2923,False,fuzzy_logic_fixed_snr,1.2613,0.9727
104,v3,v7,20.0,20.0,10.0,0.6,0.1,0.2,-3.2247,False,fuzzy_logic_fixed_snr,-3.2452,0.9221
104,v3,v15,20.0,130.0,20.0,0.6,0.65,0.4,-17.6401,True,fuzzy_logic_fixed_snr,0.5444,0.1441
104,v3,v11,20.0,140.0,20.0,0.6,0.7,0.4,-18.155,True,fuzzy_logic_fixed_snr,0.5071,0.118
104,v3,v8,20.0,180.02,30.0,0.6,0.9001,0.6,-20.9018,True,fuzzy_logic_fixed_snr,0.4653,0.1307
104,v4,v3,40.0,10.44,10.0,1.0,0.0522,0.2,21.2923,False,fuzzy_logic_fixed_snr,21.2681,0.9971
104,v4,v7,40.0,10.44,0.0,1.0,0.0522,0.0,23.7006,False,fuzzy_logic_fixed_snr,23.6689,0.9961
104,v4,v15,40.0,120.04,10.0,1.0,0.6002,0.2,4.3227,False,fuzzy_logic_fixed_snr,4.29,0.9789
104,v4,v11,40.0,130.03,10.0,1.0,0.6502,0.2,3.7668,False,fuzzy_logic_fixed_snr,3.7453,0.9818
104,v4,v8,40.0,170.0,20.0,1.0,0.85,0.4,0.4958,True,fuzzy_logic_fixed_snr,2.143,0.7264
105,v1,v6,40.0,80.06,20.0,1.0,0.4003,0.4,5.7287,False,fuzzy_logic_fixed_snr,5.7039,0.9873
105,v1,v5,40.0,120.0,0.0,1.0,0.6,0.0,6.7331,False,fuzzy_logic_fixed_snr,6.7077,0.9912
105,v1,v13,40.0,160.0,30.0,1.0,0.8,0.6,-0.0824,True,fuzzy_logic_fixed_snr,2.0723,0.6988
105,v1,v2,40.0,190.02,10.0,1.0,0.9501,0.2,1.1308,True,fuzzy_logic_fixed_snr,2.2495,0.7836
105,v2,v1,20.0,190.02,10.0,0.6,0.9501,0.2,-18.8692,True,fuzzy_logic_fixed_snr,0.4948,0.1211
105,v3,v4,20.0,3.0,0.0,0.6,0.015,0.0,12.3661,False,fuzzy_logic_fixed_snr,12.3409,0.9961
105,v3,v7,20.0,10.0,10.0,0.6,0.05,0.2,1.5918,False,fuzzy_logic_fixed_snr,1.5746,0.9721
105,v3,v15,20.0,110.0,30.0,0.6,0.55,0.6,-17.4788,True,fuzzy_logic_fixed_snr,0.5391,0.1412
105,v3,v11,20.0,120.0,10.0,0.6,0.6,0.2,-15.6751,True,fuzzy_logic_fixed_snr,0.5711,0.1385
105,v3,v8,20.0,150.03,10.0,0.6,0.7501,0.2,-17.2271,True,fuzzy_logic_fixed_snr,0.518,0.1193
105,v4,v3,40.0,3.0,0.0,1.0,0.015,0.0,32.3661,False,fuzzy_logic_fixed_snr,32.3409,0.999
105,v4,v7,40.0,10.44,10.0,1.0,0.0522,0.2,21.2923,False,fuzzy_logic_fixed_snr,21.262,0.9961
105,v4,v15,40.0,110.04,30.0,1.0,0.5502,0.6,2.5187,True,fuzzy_logic_fixed_snr,2.4059,0.8188
105,v4,v11,40.0,120.04,10.0,1.0,0.6002,0.2,4.3227,False,fuzzy_logic_fixed_snr,4.3049,0.9877
105,v4,v8,40.0,150.0,10.0,1.0,0.75,0.2,2.7743,False,fuzzy_logic_fixed_snr,2.7463,0.975
106,v1,v6,40.0,60.07,30.0,1.0,0.3004,0.6,6.7244,False,fuzzy_logic_fixed_snr,6.7043,0.9922
106,v1,v5,40.0,120.0,40.0,1.0,0.6,0.8,1.1413,True,fuzzy_logic_fixed_snr,2.2456,0.7904
106,v1,v13,40.0,130.0,30.0,1.0,0.65,0.6,1.3604,True,fuzzy_logic_fixed_snr,2.2609,0.7768
106,v1,v2,40.0,180.02,10.0,1.0,0.9001,0.2,1.5064,True,fuzzy_logic_fixed_snr,2.296,0.7963
106,v2,v1,20.0,180.02,10.0,0.6,0.9001,0.2,-18.4936,True,fuzzy_logic_fixed_snr,0.5053,0.1193
106,v3,v4,20.0,3.0,10.0,0.6,0.015,0.2,9.9578,False,fuzzy_logic_fixed_snr,9.9263,0.9941
106,v3,v7,20.0,20.0,10.0,0.6,0.1,0.2,-3.2247,False,fuzzy_logic_fixed_snr,-3.2469,0.9279
106,v3,v15,20.0,80.0,10.0,0.6,0.4,0.2,-12.8577,True,fuzzy_logic_fixed_snr,0.7137,0.1719
106,v3,v11,20.0,110.0,10.0,0.6,0.55,0.2,-15.0705,True,fuzzy_logic_fixed_snr,0.6222,0.1588
106,v3,v8,20.0,140.03,30.0,0.6,0.7002,0.6,-19.1561,True,fuzzy_logic_fixed_snr,0.4823,0.1424
106,v4,v3,40.0,3.0,10.0,1.0,0.015,0.2,29.9578,False,fuzzy_logic_fixed_snr,29.9398,0.999
106,v4,v7,40.0,20.22,20.0,1.0,0.1011,0.4,15.2892,False,fuzzy_logic_fixed_snr,15.2708,0.9951
106,v4,v15,40.0,80.06,0.0,1.0,0.4003,0.0,9.5457,False,fuzzy_logic_fixed_snr,9.5143,0.9941
106,v4,v11,40.0,110.04,0.0,1.0,0.5502,0.0,7.3351,False,fuzzy_logic_fixed_snr,7.3074,0.9896
106,v4,v8,40.0,140.0,40.0,1.0,0.7,0.8,0.0702,True,fuzzy_logic_fixed_snr,2.0803,0.702
107,v1,v6,40.0,90.05,10.0,1.0,0.4502,0.2,6.32,False,fuzzy_logic_fixed_snr,6.2994,0.9922
107,v1,v5,40.0,160.0,10.0,1.0,0.8,0.2,2.3258,True,fuzzy_logic_fixed_snr,2.3933,0.825
107,v1,v13,40.0,160.0,20.0,1.0,0.8,0.4,0.9171,True,fuzzy_logic_fixed_snr,2.2156,0.7596
107,v1,v2,40.0,170.03,40.0,1.0,0.8501,0.8,-1.28,True,fuzzy_logic_fixed_snr,1.8902,0.617
107,v2,v1,20.0,170.03,40.0,0.6,0.8501,0.8,-21.28,True,fuzzy_logic_fixed_snr,0.4654,0.1348
107,v3,v4,20.0,10.44,10.0,0.6,0.0522,0.2,1.2923,False,fuzzy_logic_fixed_snr,1.2652,0.9764
107,v3,v7,20.0,30.0,10.0,0.6,0.15,0.2,-6.0422,False,fuzzy_logic_fixed_snr,-6.0599,0.8084
107,v3,v15,20.0,70.0,30.0,0.6,0.35,0.6,-14.338,True,fuzzy_logic_fixed_snr,0.6476,0.1633
107,v3,v11,20.0,100.0,10.0,0.6,0.5,0.2,-14.4082,True,fuzzy_logic_fixed_snr,0.6433,0.1576
107,v3,v8,20.0,170.03,0.0,0.6,0.8501,0.0,-15.6883,True,fuzzy_logic_fixed_snr,0.5669,0.1385
107,v4,v3,40.0,10.44,10.0,1.0,0.0522,0.2,21.2923,False,fuzzy_logic_fixed_snr,21.2576,0.9961
107,v4,v7,40.0,40.11,0.0,1.0,0.2006,0.0,14.3476,False,fuzzy_logic_fixed_snr,14.3282,0.998
107,v4,v15,40.0,80.06,20.0,1.0,0.4003,0.4,5.7287,False,fuzzy_logic_fixed_snr,5.7069,0.9848
107,v4,v11,40.0,110.04,0.0,1.0,0.5502,0.0,7.3351,False,fuzzy_logic_fixed_snr,7.316,0.9922
107,v4,v8,40.0,180.0,10.0,1.0,0.9,0.2,1.5074,True,fuzzy_logic_fixed_snr,2.2686,0.7812
108,v1,v6,40.0,80.06,10.0,1.0,0.4003,0.2,7.1374,False,fuzzy_logic_fixed_snr,7.1012,0.9932
108,v1,v13,40.0,140.0,0.0,1.0,0.7,0.0,5.662,False,fuzzy_logic_fixed_snr,5.6342,0.9863
108,v1,v5,40.0,150.0,40.0,1.0,0.75,0.8,-0.4092,True,fuzzy_logic_fixed_snr,2.0173,0.6721
108,v3,v7,20.0,20.0,0.0,0.6,0.1,0.0,-0.8165,False,fuzzy_logic_fixed_snr,-0.8467,0.9582
108,v3,v4,20.0,20.22,30.0,0.6,0.1011,0.6,-5.7103,True,fuzzy_logic_fixed_snr,1.2822,0.3451
108,v3,v15,20.0,40.0,10.0,0.6,0.2,0.2,-8.0412,False,fuzzy_logic_fixed_snr,-8.08,0.7102
108,v3,v11,20.0,90.0,30.0,0.6,0.45,0.6,-16.0844,True,fuzzy_logic_fixed_snr,0.5724,0.1564
108,v3,v8,20.0,170.03,30.0,0.6,0.8501,0.6,-20.5047,True,fuzzy_logic_fixed_snr,0.4699,0.1209
108,v4,v3,40.0,20.22,30.0,1.0,0.1011,0.6,14.2897,False,fuzzy_logic_fixed_snr,14.2715,0.9941
108,v4,v7,40.0,40.11,30.0,1.0,0.2006,0.6,9.5311,False,fuzzy_logic_fixed_snr,9.5102,0.9902
108,v4,v15,40.0,60.07,40.0,1.0,0.3004,0.8,5.9491,True,fuzzy_logic_fixed_snr,2.7023,0.9129
108,v4,v11,40.0,110.04,0.0,1.0,0.5502,0.0,7.3351,False,fuzzy_logic_fixed_snr,7.3084,0.9863
108,v4,v8,40.0,190.0,0.0,1.0,0.95,0.0,3.5399,True,fuzzy_logic_fixed_snr,2.5139,0.852
109,v1,v6,40.0,70.06,20.0,1.0,0.3503,0.4,6.6551,False,fuzzy_logic_fixed_snr,6.628,0.9941
109,v1,v5,40.0,110.0,20.0,1.0,0.55,0.4,3.5207,False,fuzzy_logic_fixed_snr,3.4979,0.9867
109,v1,v13,40.0,140.0,40.0,1.0,0.7,0.8,0.0702,True,fuzzy_logic_fixed_snr,2.1017,0.7268
109,v3,v7,20.0,20.0,0.0,0.6,0.1,0.0,-0.8165,False,fuzzy_logic_fixed_snr,-0.8453,0.9594
109,v3,v15,20.0,50.0,0.0,0.6,0.25,0.0,-7.1835,False,fuzzy_logic_fixed_snr,-7.2117,0.7842
109,v3,v4,20.0,50.09,10.0,0.6,0.2504,0.2,-9.6042,False,fuzzy_logic_fixed_snr,-9.6415,0.6047
109,v3,v11,20.0,60.0,0.0,0.6,0.3,0.0,-8.4504,True,fuzzy_logic_fixed_snr,1.0246,0.2604
109,v3,v8,20.0,140.03,20.0,0.6,0.7002,0.4,-18.1566,True,fuzzy_logic_fixed_snr,0.5197,0.14
109,v4,v3,40.0,50.09,10.0,1.0,0.2504,0.2,10.3958,False,fuzzy_logic_fixed_snr,10.3706,0.9941
109,v4,v7,40.0,70.06,10.0,1.0,0.3503,0.2,8.0638,False,fuzzy_logic_fixed_snr,8.0361,0.9893
109,v4,v15,40.0,100.04,10.0,1.0,0.5002,0.2,5.5886,False,fuzzy_logic_fixed_snr,5.5575,0.9896
109,v4,v11,40.0,110.04,10.0,1.0,0.5502,0.2,4.9269,False,fuzzy_logic_fixed_snr,4.9079,0.9844
109,v4,v8,40.0,190.0,30.0,1.0,0.95,0.6,-1.2765,True,fuzzy_logic_fixed_snr,1.8959,0.6264
110,v1,v6,40.0,90.05,10.0,1.0,0.4502,0.2,6.32,False,fuzzy_logic_fixed_snr,6.2959,0.9902
110,v1,v5,40.0,130.0,20.0,1.0,0.65,0.4,2.3599,True,fuzzy_logic_fixed_snr,2.383,0.8213
110,v1,v13,40.0,180.0,30.0,1.0,0.9,0.6,-0.9008,True,fuzzy_logic_fixed_snr,1.9629,0.6281
110,v3,v7,20.0,20.0,10.0,0.6,0.1,0.2,-3.2247,False,fuzzy_logic_fixed_snr,-3.2584,0.9252
110,v3,v15,20.0,50.0,20.0,0.6,0.25,0.4,-11.0005,True,fuzzy_logic_fixed_snr,0.8033,0.1922
110,v3,v11,20.0,60.0,20.0,0.6,0.3,0.4,-12.2674,True,fuzzy_logic_fixed_snr,0.7181,0.19
110,v3,v4,20.0,60.07,0.0,0.6,0.3004,0.0,-8.4591,True,fuzzy_logic_fixed_snr,1.0053,0.2582
110,v3,v8,20.0,160.03,0.0,0.6,0.8001,0.0,-15.2671,True,fuzzy_logic_fixed_snr,0.6167,0.1533
110,v4,v3,40.0,60.07,0.0,1.0,0.3004,0.0,11.5409,False,fuzzy_logic_fixed_snr,11.5242,0.9922
110,v4,v7,40.0,80.06,10.0,1.0,0.4003,0.2,7.1374,False,fuzzy_logic_fixed_snr,7.1068,0.9932
110,v4,v15,40.0,110.04,20.0,1.0,0.5502,0.4,3.5182,False,fuzzy_logic_fixed_snr,3.4941,0.9873
110,v4,v11,40.0,120.04,20.0,1.0,0.6002,0.4,2.914,False,fuzzy_logic_fixed_snr,2.8899,0.9807
111,v1,v6,40.0,100.04,10.0,1.0,0.5002,0.2,5.5886,False,fuzzy_logic_fixed_snr,5.563,0.9893
111,v1,v5,40.0,150.0,30.0,1.0,0.75,0.6,0.3661,True,fuzzy_logic_fixed_snr,2.1276,0.716
111,v1,v2,40.0,180.02,20.0,1.0,0.9001,0.4,0.0977,True,fuzzy_logic_fixed_snr,2.0811,0.6988
111,v2,v1,20.0,180.02,20.0,0.6,0.9001,0.4,-19.9023,True,fuzzy_logic_fixed_snr,0.4692,0.1348
111,v3,v7,20.0,30.0,20.0,0.6,0.15,0.4,-7.4509,True,fuzzy_logic_fixed_snr,1.1151,0.3137
111,v3,v4,20.0,60.07,10.0,0.6,0.3004,0.2,-10.8673,True,fuzzy_logic_fixed_snr,0.8346,0.2012
111,v3,v15,20.0,70.0,0.0,0.6,0.35,0.0,-9.5216,True,fuzzy_logic_fixed_snr,0.9378,0.2506
111,v3,v11,20.0,80.0,20.0,0.6,0.4,0.4,-14.2664,True,fuzzy_logic_fixed_snr,0.6566,0.1846
111,v3,v8,20.0,160.03,10.0,0.6,0.8001,0.2,-17.6754,True,fuzzy_logic_fixed_snr,0.5312,0.1391
111,v4,v3,40.0,60.07,10.0,1.0,0.3004,0.2,9.1327,False,fuzzy_logic_fixed_snr,9.1076,0.9961
111,v4,v7,40.0,90.05,30.0,1.0,0.4502,0.6,3.9118,True,fuzzy_logic_fixed_snr,2.5447,0.8707
111,v4,v15,40.0,130.03,10.0,1.0,0.6502,0.2,3.7668,False,fuzzy_logic_fixed_snr,3.7436,0.9824
111,v4,v11,40.0,140.03,30.0,1.0,0.7002,0.6,0.8439,True,fuzzy_logic_fixed_snr,2.1975,0.7379
112,v1,v6,40.0,90.05,10.0,1.0,0.4502,0.2,6.32,False,fuzzy_logic_fixed_snr,6.2977,0.9893
112,v1,v5,40.0,120.0,20.0,1.0,0.6,0.4,2.9161,False,fuzzy_logic_fixed_snr,2.8868,0.976
112,v1,v13,40.0,180.0,0.0,1.0,0.9,0.0,3.9156,True,fuzzy_logic_fixed_snr,2.5334,0.8742
112,v3,v7,20.0,50.0,10.0,0.6,0.25,0.2,-9.5918,False,fuzzy_logic_fixed_snr,-9.6139,0.6299
112,v3,v15,20.0,70.0,10.0,0.6,0.35,0.2,-11.9298,True,fuzzy_logic_fixed_snr,0.7653,0.183
112,v3,v4,20.0,70.06,20.0,0.6,0.3503,0.4,-13.3449,True,fuzzy_logic_fixed_snr,0.6787,0.1717
112,v3,v11,20.0,100.0,0.0,0.6,0.5,0.0,-12.0,True,fuzzy_logic_fixed_snr,0.7506,0.1867
112,v3,v8,20.0,170.03,30.0,0.6,0.8501,0.6,-20.5047,True,fuzzy_logic_fixed_snr,0.4679,0.1287
112,v4,v3,40.0,70.06,20.0,1.0,0.3503,0.4,6.6551,False,fuzzy_logic_fixed_snr,6.6397,0.9912
112,v4,v7,40.0,120.04,10.0,1.0,0.6002,0.2,4.3227,False,fuzzy_logic_fixed_snr,4.3007,0.9893
112,v4,v15,40.0,140.03,30.0,1.0,0.7002,0.6,0.8439,True,fuzzy_logic_fixed_snr,2.1916,0.7275
112,v4,v11,40.0,170.03,20.0,1.0,0.8501,0.4,0.4948,True,fuzzy_logic_fixed_snr,2.1346,0.7221
113,v1,v6,40.0,80.06,20.0,1.0,0.4003,0.4,5.7287,False,fuzzy_logic_fixed_snr,5.6975,0.9863
113,v1,v5,40.0,140.0,10.0,1.0,0.7,0.2,3.2537,False,fuzzy_logic_fixed_snr,3.2321,0.9828
113,v1,v13,40.0,180.0,20.0,1.0,0.9,0.4,0.0987,True,fuzzy_logic_fixed_snr,2.0905,0.6955
113,v3,v4,20.0,50.09,20.0,0.6,0.2504,0.4,-11.013,True,fuzzy_logic_fixed_snr,0.8026,0.1949
113,v3,v7,20.0,60.0,20.0,0.6,0.3,0.4,-12.2674,True,fuzzy_logic_fixed_snr,0.7592,0.1973
113,v3,v15,20.0,60.0,20.0,0.6,0.3,0.4,-12.2674,True,fuzzy_logic_fixed_snr,0.7434,0.19
113,v3,v11,20.0,100.0,20.0,0.6,0.5,0.4,-15.817,True,fuzzy_logic_fixed_snr,0.5909,0.1451
113,v4,v3,40.0,50.09,20.0,1.0,0.2504,0.4,8.987,False,fuzzy_logic_fixed_snr,8.9637,0.9941
113,v4,v7,40.0,110.04,40.0,1.0,0.5502,0.8,1.7434,True,fuzzy_logic_fixed_snr,2.3277,0.8029
113,v4,v15,40.0,110.04,40.0,1.0,0.5502,0.8,1.7434,True,fuzzy_logic_fixed_snr,2.3118,0.7883
113,v4,v11,40.0,150.03,40.0,1.0,0.7501,0.8,-0.4106,True,fuzzy_logic_fixed_snr,2.0231,0.6527
114,v1,v6,40.0,100.04,20.0,1.0,0.5002,0.4,4.1799,False,fuzzy_logic_fixed_snr,4.1557,0.9854
114,v1,v5,40.0,130.0,20.0,1.0,0.65,0.4,2.3599,True,fuzzy_logic_fixed_snr,2.3799,0.8105
114,v1,v13,40.0,200.0,30.0,1.0,1.0,0.6,-1.633,True,fuzzy_logic_fixed_snr,1.8313,0.5844
114,v3,v4,20.0,30.15,30.0,0.6,0.1507,0.6,-8.485,True,fuzzy_logic_fixed_snr,0.9902,0.2551
114,v3,v7,20.0,40.0,40.0,0.6,0.2,0.8,-11.2247,True,fuzzy_logic_fixed_snr,0.7906,0.1998
114,v3,v15,20.0,40.0,0.0,0.6,0.2,0.0,-5.633,False,fuzzy_logic_fixed_snr,-5.6547,0.8432
114,v3,v11,20.0,80.0,40.0,0.6,0.4,0.8,-16.0412,True,fuzzy_logic_fixed_snr,0.5705,0.1479
114,v3,v8,20.0,180.02,20.0,0.6,0.9001,0.4,-19.9023,True,fuzzy_logic_fixed_snr,0.4728,0.1242
114,v4,v3,40.0,30.15,30.0,1.0,0.1507,0.6,11.515,False,fuzzy_logic_fixed_snr,11.4967,0.9941
114,v4,v7,40.0,70.06,10.0,1.0,0.3503,0.2,8.0638,False,fuzzy_logic_fixed_snr,8.0449,0.9922
114,v4,v15,40.0,70.06,30.0,1.0,0.3503,0.6,5.6556,False,fuzzy_logic_fixed_snr,5.6334,0.9893
114,v4,v11,40.0,110.04,10.0,1.0,0.5502,0.2,4.9269,False,fuzzy_logic_fixed_snr,4.8963,0.9854
115,v1,v6,40.0,80.06,30.0,1.0,0.4003,0.6,4.7292,False,fuzzy_logic_fixed_snr,4.7124,0.9857
115,v1,v5,40.0,110.0,0.0,1.0,0.55,0.0,7.3377,False,fuzzy_logic_fixed_snr,7.3088,0.9838
115,v1,v13,40.0,170.0,20.0,1.0,0.85,0.4,0.4958,True,fuzzy_logic_fixed_snr,2.1514,0.7447
115,v3,v7,20.0,0.0,10.0,0.6,0.0,0.2,33.5918,False,fuzzy_logic_fixed_snr,33.5697,0.999
115,v3,v11,20.0,40.0,20.0,0.6,0.2,0.4,-9.4499,True,fuzzy_logic_fixed_snr,0.9423,0.2514
115,v3,v15,20.0,40.0,10.0,0.6,0.2,0.2,-8.0412,False,fuzzy_logic_fixed_snr,-8.0611,0.7236
115,v3,v4,20.0,60.07,30.0,0.6,0.3004,0.6,-13.2756,True,fuzzy_logic_fixed_snr,0.6782,0.1744
115,v3,v8,20.0,160.03,30.0,0.6,0.8001,0.6,-20.0836,True,fuzzy_logic_fixed_snr,0.4788,0.1154
115,v4,v3,40.0,60.07,30.0,1.0,0.3004,0.6,6.7244,False,fuzzy_logic_fixed_snr,6.7,0.9877
115,v4,v7,40.0,60.07,20.0,1.0,0.3004,0.4,7.7239,False,fuzzy_logic_fixed_snr,7.7051,0.9922
115,v4,v11,40.0,100.04,10.0,1.0,0.5002,0.2,5.5886,False,fuzzy_logic_fixed_snr,5.562,0.9922
115,v4,v15,40.0,100.04,20.0,1.0,0.5002,0.4,4.1799,False,fuzzy_logic_fixed_snr,4.1559,0.9814
116,v1,v5,40.0,110.0,0.0,1.0,0.55,0.0,7.3377,False,fuzzy_logic_fixed_snr,7.3056,0.9932
116,v1,v6,40.0,110.04,20.0,1.0,0.5502,0.4,3.5182,False,fuzzy_logic_fixed_snr,3.4925,0.9863
116,v1,v13,40.0,190.0,0.0,1.0,0.95,0.0,3.5399,True,fuzzy_logic_fixed_snr,2.5161,0.8469
116,v3,v7,20.0,10.0,30.0,0.6,0.05,0.6,-0.8165,True,fuzzy_logic_fixed_snr,1.9529,0.6496
116,v3,v11,20.0,20.0,40.0,0.6,0.1,0.8,-6.4082,True,fuzzy_logic_fixed_snr,1.2217,0.3227
116,v3,v15,20.0,30.0,40.0,0.6,0.15,0.8,-9.2257,True,fuzzy_logic_fixed_snr,0.9442,0.2373
116,v3,v4,20.0,90.05,20.0,0.6,0.4502,0.4,-15.0887,True,fuzzy_logic_fixed_snr,0.6138,0.1629
116,v3,v8,20.0,130.03,40.0,0.6,0.6502,0.8,-19.4167,True,fuzzy_logic_fixed_snr,0.492,0.1389
116,v4,v7,40.0,80.06,10.0,1.0,0.4003,0.2,7.1374,False,fuzzy_logic_fixed_snr,7.1172,0.9893
116,v4,v3,40.0,90.05,20.0,1.0,0.4502,0.4,4.9113,False,fuzzy_logic_fixed_snr,4.8819,0.9857
116,v4,v11,40.0,110.04,20.0,1.0,0.5502,0.4,3.5182,False,fuzzy_logic_fixed_snr,3.4934,0.9844
116,v4,v15,40.0,120.04,20.0,1.0,0.6002,0.4,2.914,False,fuzzy_logic_fixed_snr,2.8794,0.9744
117,v1,v5,40.0,110.0,30.0,1.0,0.55,0.6,2.5212,True,fuzzy_logic_fixed_snr,2.3944,0.8223
117,v1,v6,40.0,130.03,40.0,1.0,0.6502,0.8,0.5833,True,fuzzy_logic_fixed_snr,2.1623,0.7389
117,v1,v13,40.0,190.0,10.0,1.0,0.95,0.2,1.1317,True,fuzzy_logic_fixed_snr,2.2246,0.7621
117,v3,v15,20.0,10.0,0.0,0.6,0.05,0.0,4.0,False,fuzzy_logic_fixed_snr,3.9735,0.9932
117,v3,v11,20.0,20.0,0.0,0.6,0.1,0.0,-0.8165,False,fuzzy_logic_fixed_snr,-0.8379,0.9635
117,v3,v7,20.0,40.0,10.0,0.6,0.2,0.2,-8.0412,False,fuzzy_logic_fixed_snr,-8.0726,0.716
117,v3,v8,20.0,90.05,30.0,0.6,0.4502,0.6,-16.0882,True,fuzzy_logic_fixed_snr,0.5863,0.1314
117,v3,v4,20.0,110.04,20.0,0.6,0.5502,0.4,-16.4818,True,fuzzy_logic_fixed_snr,0.5559,0.1389
117,v4,v7,40.0,70.06,30.0,1.0,0.3503,0.6,5.6556,False,fuzzy_logic_fixed_snr,5.6259,0.9922
117,v4,v11,40.0,90.05,20.0,1.0,0.4502,0.4,4.9113,False,fuzzy_logic_fixed_snr,4.8736,0.9873
117,v4,v15,40.0,100.04,20.0,1.0,0.5002,0.4,4.1799,False,fuzzy_logic_fixed_snr,4.1527,0.9873
117,v4,v3,40.0,110.04,20.0,1.0,0.5502,0.4,3.5182,False,fuzzy_logic_fixed_snr,3.4906,0.9854
117,v4,v8,40.0,200.0,10.0,1.0,1.0,0.2,0.7753,True,fuzzy_logic_fixed_snr,2.1851,0.749
118,v1,v5,40.0,140.0,40.0,1.0,0.7,0.8,0.0702,True,fuzzy_logic_fixed_snr,2.0824,0.691
118,v1,v6,40.0,170.03,20.0,1.0,0.8501,0.4,0.4948,True,fuzzy_logic_fixed_snr,2.1434,0.707
118,v1,v13,40.0,200.0,40.0,1.0,1.0,0.8,-2.4082,True,fuzzy_logic_fixed_snr,1.7294,0.5543
118,v3,v15,20.0,10.0,0.0,0.6,0.05,0.0,4.0,False,fuzzy_logic_fixed_snr,3.9782,0.9842
118,v3,v11,20.0,20.0,30.0,0.6,0.1,0.6,-5.633,True,fuzzy_logic_fixed_snr,1.3027,0.3693
118,v3,v7,20.0,50.0,10.0,0.6,0.25,0.2,-9.5918,False,fuzzy_logic_fixed_snr,-9.615,0.6191
118,v3,v4,20.0,90.05,30.0,0.6,0.4502,0.6,-16.0882,True,fuzzy_logic_fixed_snr,0.5754,0.1445
118,v3,v8,20.0,120.04,0.0,0.6,0.6002,0.0,-13.2691,True,fuzzy_logic_fixed_snr,0.6999,0.1721
118,v4,v7,40.0,40.11,20.0,1.0,0.2006,0.4,10.5306,False,fuzzy_logic_fixed_snr,10.5099,0.9971
118,v4,v11,40.0,70.06,0.0,1.0,0.3503,0.0,10.4721,False,fuzzy_logic_fixed_snr,10.451,0.9941
118,v4,v15,40.0,80.06,30.0,1.0,0.4003,0.6,4.7292,False,fuzzy_logic_fixed_snr,4.7115,0.9883
118,v4,v3,40.0,90.05,30.0,1.0,0.4502,0.6,3.9118,True,fuzzy_logic_fixed_snr,2.541,0.8656
119,v1,v5,40.0,100.0,0.0,1.0,0.5,0.0,8.0,False,fuzzy_logic_fixed_snr,7.9783,0.9912
119,v1,v6,40.0,150.03,10.0,1.0,0.7501,0.2,2.7729,False,fuzzy_logic_fixed_snr,2.7505,0.9893
119,v1,v13,40.0,160.0,30.0,1.0,0.8,0.6,-0.0824,True,fuzzy_logic_fixed_snr,2.0697,0.6936
119,v3,v11,20.0,10.0,10.0,0.6,0.05,0.2,1.5918,False,fuzzy_logic_fixed_snr,1.5695,0.9734
119,v3,v15,20.0,10.0,20.0,0.6,0.05,0.4,0.183,True,fuzzy_logic_fixed_snr,2.0799,0.7045
119,v3,v7,20.0,40.0,20.0,0.6,0.2,0.4,-9.4499,True,fuzzy_logic_fixed_snr,0.9076,0.2314
119,v3,v4,20.0,60.07,20.0,0.6,0.3004,0.4,-12.2761,True,fuzzy_logic_fixed_snr,0.7101,0.1797
119,v3,v8,20.0,120.04,30.0,0.6,0.6002,0.6,-18.0856,True,fuzzy_logic_fixed_snr,0.5311,0.1357
119,v4,v7,40.0,20.22,0.0,1.0,0.1011,0.0,19.1062,False,fuzzy_logic_fixed_snr,19.0731,0.998
119,v4,v15,40.0,50.09,0.0,1.0,0.2504,0.0,12.804,False,fuzzy_logic_fixed_snr,12.782,0.9922
119,v4,v3,40.0,60.07,20.0,1.0,0.3004,0.4,7.7239,False,fuzzy_logic_fixed_snr,7.6974,0.9902
119,v4,v11,40.0,70.06,10.0,1.0,0.3503,0.2,8.0638,False,fuzzy_logic_fixed_snr,8.0263,0.9893
119,v4,v8,40.0,180.0,10.0,1.0,0.9,0.2,1.5074,True,fuzzy_logic_fixed_snr,2.2771,0.7754
120,v1,v5,40.0,100.0,0.0,1.0,0.5,0.0,8.0,False,fuzzy_logic_fixed_snr,7.9718,0.9941
120,v1,v13,40.0,130.0,20.0,1.0,0.65,0.4,2.3599,True,fuzzy_logic_fixed_snr,2.3603,0.8105
120,v1,v6,40.0,140.03,20.0,1.0,0.7002,0.4,1.8434,True,fuzzy_logic_fixed_snr,2.3158,0.8008
120,v3,v15,20.0,10.0,20.0,0.6,0.05,0.4,0.183,True,fuzzy_logic_fixed_snr,2.0968,0.7111
120,v3,v7,20.0,20.0,0.0,0.6,0.1,0.0,-0.8165,False,fuzzy_logic_fixed_snr,-0.8393,0.9512
120,v3,v11,20.0,20.0,10.0,0.6,0.1,0.2,-3.2247,False,fuzzy_logic_fixed_snr,-3.252,0.9156
120,v3,v4,20.0,40.11,20.0,0.6,0.2006,0.4,-9.4694,True,fuzzy_logic_fixed_snr,0.9343,0.2381
120,v3,v8,20.0,150.03,10.0,0.6,0.7501,0.2,-17.2271,True,fuzzy_logic_fixed_snr,0.5373,0.1252
120,v4,v7,40.0,20.22,20.0,1.0,0.1011,0.4,15.2892,False,fuzzy_logic_fixed_snr,15.2611,0.9912
120,v4,v3,40.0,40.11,20.0,1.0,0.2006,0.4,10.5306,False,fuzzy_logic_fixed_snr,10.5075,0.9961
120,v4,v15,40.0,50.09,40.0,1.0,0.2504,0.8,7.2122,True,fuzzy_logic_fixed_snr,2.7686,0.9311
120,v4,v11,40.0,60.07,10.0,1.0,0.3004,0.2,9.1327,False,fuzzy_logic_fixed_snr,9.1179,0.9961
120,v4,v8,40.0,190.0,30.0,1.0,0.95,0.6,-1.2765,True,fuzzy_logic_fixed_snr,1.8953,0.64
121,v1,v5,40.0,100.0,0.0,1.0,0.5,0.0,8.0,False,fuzzy_logic_fixed_snr,7.9618,0.9896
121,v1,v13,40.0,110.0,0.0,1.0,0.55,0.0,7.3377,False,fuzzy_logic_fixed_snr,7.3128,0.9893
121,v1,v6,40.0,160.03,0.0,1.0,0.8001,0.0,4.7329,True,fuzzy_logic_fixed_snr,2.6228,0.8902
121,v3,v15,20.0,10.0,40.0,0.6,0.05,0.8,-1.5918,True,fuzzy_logic_fixed_snr,1.8298,0.584
121,v3,v7,20.0,20.0,0.0,0.6,0.1,0.0,-0.8165,False,fuzzy_logic_fixed_snr,-0.8384,0.9574
121,v3,v4,20.0,20.22,40.0,0.6,0.1011,0.8,-6.4855,True,fuzzy_logic_fixed_snr,1.187,0.3158
121,v3,v11,20.0,30.0,30.0,0.6,0.15,0.6,-8.4504,True,fuzzy_logic_fixed_snr,1.0364,0.2687
121,v3,v8,20.0,140.03,0.0,0.6,0.7002,0.0,-14.3396,True,fuzzy_logic_fixed_snr,0.6424,0.152
121,v4,v7,40.0,3.0,40.0,1.0,0.015,0.8,26.7743,True,fuzzy_logic_fixed_snr,2.9552,0.9553
121,v4,v15,40.0,10.44,0.0,1.0,0.0522,0.0,23.7006,False,fuzzy_logic_fixed_snr,23.673,0.998
121,v4,v3,40.0,20.22,40.0,1.0,0.1011,0.8,13.5145,True,fuzzy_logic_fixed_snr,2.916,0.9525
121,v4,v11,40.0,50.09,10.0,1.0,0.2504,0.2,10.3958,False,fuzzy_logic_fixed_snr,10.3736,0.9893
121,v4,v8,40.0,160.0,40.0,1.0,0.8,0.8,-0.8577,True,fuzzy_logic_fixed_snr,1.9481,0.6191
122,v1,v5,40.0,100.0,20.0,1.0,0.5,0.4,4.183,False,fuzzy_logic_fixed_snr,4.1513,0.9852
122,v1,v13,40.0,110.0,20.0,1.0,0.55,0.4,3.5207,False,fuzzy_logic_fixed_snr,3.4935,0.9799
122,v1,v6,40.0,160.03,20.0,1.0,0.8001,0.4,0.9159,True,fuzzy_logic_fixed_snr,2.2067,0.7533
122,v3,v11,20.0,0.0,10.0,0.6,0.0,0.2,33.5918,False,fuzzy_logic_fixed_snr,33.5742,0.9971
122,v3,v7,20.0,20.0,10.0,0.6,0.1,0.2,-3.2247,False,fuzzy_logic_fixed_snr,-3.247,0.9111
122,v3,v15,20.0,50.0,10.0,0.6,0.25,0.2,-9.5918,False,fuzzy_logic_fixed_snr,-9.612,0.6477
122,v3,v4,20.0,60.07,20.0,0.6,0.3004,0.4,-12.2761,True,fuzzy_logic_fixed_snr,0.7438,0.1777
122,v3,v8,20.0,140.03,20.0,0.6,0.7002,0.4,-18.1566,True,fuzzy_logic_fixed_snr,0.5129,0.1396
122,v4,v15,40.0,10.44,30.0,1.0,0.0522,0.6,18.8841,False,fuzzy_logic_fixed_snr,18.854,0.9961
122,v4,v7,40.0,40.11,10.0,1.0,0.2006,0.2,11.9393,False,fuzzy_logic_fixed_snr,11.9242,0.9951
122,v4,v3,40.0,60.07,20.0,1.0,0.3004,0.4,7.7239,False,fuzzy_logic_fixed_snr,7.7111,0.9896
122,v4,v11,40.0,60.07,30.0,1.0,0.3004,0.6,6.7244,False,fuzzy_logic_fixed_snr,6.6993,0.9932
122,v4,v8,40.0,200.0,40.0,1.0,1.0,0.8,-2.4082,True,fuzzy_logic_fixed_snr,1.7154,0.5143
123,v1,v5,40.0,120.0,20.0,1.0,0.6,0.4,2.9161,False,fuzzy_logic_fixed_snr,2.8786,0.9848
123,v1,v13,40.0,130.0,20.0,1.0,0.65,0.4,2.3599,True,fuzzy_logic_fixed_snr,2.373,0.8221
123,v1,v6,40.0,140.03,10.0,1.0,0.7002,0.2,3.2521,False,fuzzy_logic_fixed_snr,3.2268,0.9809
123,v3,v7,20.0,10.0,40.0,0.6,0.05,0.8,-1.5918,True,fuzzy_logic_fixed_snr,1.8414,0.5828
123,v3,v11,20.0,10.0,40.0,0.6,0.05,0.8,-1.5918,True,fuzzy_logic_fixed_snr,1.8572,0.5984
123,v3,v4,20.0,40.11,20.0,0.6,0.2006,0.4,-9.4694,True,fuzzy_logic_fixed_snr,0.9235,0.2291
123,v3,v15,20.0,60.0,0.0,0.6,0.3,0.0,-8.4504,True,fuzzy_logic_fixed_snr,1.0167,0.2434
123,v3,v8,20.0,120.04,40.0,0.6,0.6002,0.8,-18.8608,True,fuzzy_logic_fixed_snr,0.5087,0.1297
123,v4,v15,40.0,20.22,20.0,1.0,0.1011,0.4,15.2892,False,fuzzy_logic_fixed_snr,15.2671,0.9971
123,v4,v7,40.0,30.15,20.0,1.0,0.1507,0.4,12.5145,False,fuzzy_logic_fixed_snr,12.4991,0.9951
123,v4,v11,40.0,30.15,20.0,1.0,0.1507,0.4,12.5145,False,fuzzy_logic_fixed_snr,12.4925,0.999
123,v4,v3,40.0,40.11,20.0,1.0,0.2006,0.4,10.5306,False,fuzzy_logic_fixed_snr,10.5088,0.9932
123,v4,v8,40.0,160.0,20.0,1.0,0.8,0.4,0.9171,True,fuzzy_logic_fixed_snr,2.2084,0.7617
124,v1,v5,40.0,140.0,10.0,1.0,0.7,0.2,3.2537,False,fuzzy_logic_fixed_snr,3.2184,0.9824
124,v1,v13,40.0,150.0,30.0,1.0,0.75,0.6,0.3661,True,fuzzy_logic_fixed_snr,2.1144,0.7221
124,v1,v6,40.0,150.03,10.0,1.0,0.7501,0.2,2.7729,False,fuzzy_logic_fixed_snr,2.7496,0.9854
124,v3,v7,20.0,50.0,20.0,0.6,0.25,0.4,-11.0005,True,fuzzy_logic_fixed_snr,0.8035,0.2072
124,v3,v11,20.0,50.0,0.0,0.6,0.25,0.0,-7.1835,False,fuzzy_logic_fixed_snr,-7.2119,0.7777
124,v3,v15,20.0,60.0,10.0,0.6,0.3,0.2,-10.8587,True,fuzzy_logic_fixed_snr,0.8216,0.2025
124,v3,v4,20.0,60.07,20.0,0.6,0.3004,0.4,-12.2761,True,fuzzy_logic_fixed_snr,0.7323,0.1758
124,v3,v8,20.0,80.06,10.0,0.6,0.4003,0.2,-12.8626,True,fuzzy_logic_fixed_snr,0.7021,0.1547
124,v4,v15,40.0,3.0,30.0,1.0,0.015,0.6,27.5496,False,fuzzy_logic_fixed_snr,27.5279,0.999
124,v4,v7,40.0,10.44,0.0,1.0,0.0522,0.0,23.7006,False,fuzzy_logic_fixed_snr,23.6858,0.9961
124,v4,v11,40.0,10.44,20.0,1.0,0.0522,0.4,19.8836,False,fuzzy_logic_fixed_snr,19.8648,0.9971
124,v4,v3,40.0,60.07,20.0,1.0,0.3004,0.4,7.7239,False,fuzzy_logic_fixed_snr,7.7073,0.9951
124,v4,v8,40.0,140.0,10.0,1.0,0.7,0.2,3.2537,False,fuzzy_logic_fixed_snr,3.2388,0.9814
125,v1,v13,40.0,120.0,10.0,1.0,0.6,0.2,4.3249,False,fuzzy_logic_fixed_snr,4.3015,0.9883
125,v1,v5,40.0,130.0,0.0,1.0,0.65,0.0,6.1769,False,fuzzy_logic_fixed_snr,6.1628,0.9902
125,v1,v6,40.0,140.03,0.0,1.0,0.7002,0.0,5.6604,False,fuzzy_logic_fixed_snr,5.6343,0.9902
125,v3,v11,20.0,50.0,10.0,0.6,0.25,0.2,-9.5918,False,fuzzy_logic_fixed_snr,-9.6204,0.6303
125,v3,v15,20.0,50.0,10.0,0.6,0.25,0.2,-9.5918,False,fuzzy_logic_fixed_snr,-9.6256,0.6375
125,v3,v7,20.0,70.0,10.0,0.6,0.35,0.2,-11.9298,True,fuzzy_logic_fixed_snr,0.7732,0.1871
125,v3,v8,20.0,70.06,30.0,0.6,0.3503,0.6,-14.3444,True,fuzzy_logic_fixed_snr,0.6379,0.1656
125,v3,v4,20.0,80.06,20.0,0.6,0.4003,0.4,-14.2713,True,fuzzy_logic_fixed_snr,0.6385,0.1691
125,v4,v7,40.0,10.44,10.0,1.0,0.0522,0.2,21.2923,False,fuzzy_logic_fixed_snr,21.2771,0.998
125,v4,v11,40.0,30.15,10.0,1.0,0.1507,0.2,13.9232,False,fuzzy_logic_fixed_snr,13.8989,0.9961
125,v4,v15,40.0,30.15,30.0,1.0,0.1507,0.6,11.515,False,fuzzy_logic_fixed_snr,11.4771,0.998
125,v4,v3,40.0,80.06,20.0,1.0,0.4003,0.4,5.7287,False,fuzzy_logic_fixed_snr,5.6967,0.9848
125,v4,v8,40.0,150.0,10.0,1.0,0.75,0.2,2.7743,False,fuzzy_logic_fixed_snr,2.756,0.9844
126,v1,v5,40.0,130.0,20.0,1.0,0.65,0.4,2.3599,True,fuzzy_logic_fixed_snr,2.391,0.8227
126,v1,v13,40.0,130.0,0.0,1.0,0.65,0.0,6.1769,False,fuzzy_logic_fixed_snr,6.149,0.9838
126,v1,v6,40.0,140.03,10.0,1.0,0.7002,0.2,3.2521,False,fuzzy_logic_fixed_snr,3.2312,0.9799
126,v3,v15,20.0,40.0,20.0,0.6,0.2,0.4,-9.4499,True,fuzzy_logic_fixed_snr,0.9323,0.2338
126,v3,v8,20.0,40.11,10.0,0.6,0.2006,0.2,-8.0607,False,fuzzy_logic_fixed_snr,-8.0939,0.7229
126,v3,v11,20.0,60.0,10.0,0.6,0.3,0.2,-10.8587,True,fuzzy_logic_fixed_snr,0.835,0.2182
126,v3,v7,20.0,80.0,10.0,0.6,0.4,0.2,-12.8577,True,fuzzy_logic_fixed_snr,0.721,0.1797
126,v3,v4,20.0,100.04,0.0,0.6,0.5002,0.0,-12.0031,True,fuzzy_logic_fixed_snr,0.7467,0.1773
126,v4,v7,40.0,20.22,10.0,1.0,0.1011,0.2,16.698,False,fuzzy_logic_fixed_snr,16.6597,0.998
126,v4,v11,40.0,40.11,10.0,1.0,0.2006,0.2,11.9393,False,fuzzy_logic_fixed_snr,11.9141,0.9941
126,v4,v15,40.0,60.07,20.0,1.0,0.3004,0.4,7.7239,False,fuzzy_logic_fixed_snr,7.7116,0.9922
126,v4,v3,40.0,100.04,0.0,1.0,0.5002,0.0,7.9969,False,fuzzy_logic_fixed_snr,7.9671,0.9941
126,v4,v8,40.0,140.0,10.0,1.0,0.7,0.2,3.2537,False,fuzzy_logic_fixed_snr,3.2317,0.9893
127,v1,v5,40.0,110.0,20.0,1.0,0.55,0.4,3.5207,False,fuzzy_logic_fixed_snr,3.4884,0.9834
127,v1,v13,40.0,130.0,40.0,1.0,0.65,0.8,0.5851,True,fuzzy_logic_fixed_snr,2.1737,0.7314
127,v1,v6,40.0,150.03,0.0,1.0,0.7501,0.0,5.1812,False,fuzzy_logic_fixed_snr,5.1511,0.9844
127,v3,v8,20.0,50.09,30.0,0.6,0.2504,0.6,-12.0125,True,fuzzy_logic_fixed_snr,0.758,0.1789
127,v3,v15,20.0,60.0,20.0,0.6,0.3,0.4,-12.2674,True,fuzzy_logic_fixed_snr,0.7311,0.1746
127,v3,v7,20.0,70.0,10.0,0.6,0.35,0.2,-11.9298,True,fuzzy_logic_fixed_snr,0.7427,0.1934
127,v3,v11,20.0,70.0,10.0,0.6,0.35,0.2,-11.9298,True,fuzzy_logic_fixed_snr,0.7568,0.2031
127,v3,v4,20.0,100.04,10.0,0.6,0.5002,0.2,-14.4114,True,fuzzy_logic_fixed_snr,0.6416,0.1471
127,v4,v7,40.0,30.15,0.0,1.0,0.1507,0.0,16.3315,False,fuzzy_logic_fixed_snr,16.3112,0.999
127,v4,v11,40.0,30.15,0.0,1.0,0.1507,0.0,16.3315,False,fuzzy_logic_fixed_snr,16.2945,0.9971
127,v4,v15,40.0,40.11,30.0,1.0,0.2006,0.6,9.5311,False,fuzzy_logic_fixed_snr,9.5069,0.9941
127,v4,v3,40.0,100.04,10.0,1.0,0.5002,0.2,5.5886,False,fuzzy_logic_fixed_snr,5.56,0.9902
127,v4,v8,40.0,150.0,40.0,1.0,0.75,0.8,-0.4092,True,fuzzy_logic_fixed_snr,2.0297,0.6699
128,v1,v5,40.0,90.0,30.0,1.0,0.45,0.6,3.9156,False,fuzzy_logic_fixed_snr,3.8892,0.9844
128,v1,v13,40.0,90.0,30.0,1.0,0.45,0.6,3.9156,False,fuzzy_logic_fixed_snr,3.8949,0.9834
128,v1,v6,40.0,150.03,20.0,1.0,0.7501,0.4,1.3642,True,fuzzy_logic_fixed_snr,2.2623,0.7758
128,v3,v15,20.0,40.0,10.0,0.6,0.2,0.2,-8.0412,False,fuzzy_logic_fixed_snr,-8.0539,0.7438
128,v3,v7,20.0,80.0,30.0,0.6,0.4,0.6,-15.2659,True,fuzzy_logic_fixed_snr,0.6057,0.1316
128,v3,v11,20.0,80.0,0.0,0.6,0.4,0.0,-10.4494,True,fuzzy_logic_fixed_snr,0.8548,0.2104
128,v3,v8,20.0,80.06,0.0,0.6,0.4003,0.0,-10.4543,True,fuzzy_logic_fixed_snr,0.8612,0.224
128,v3,v4,20.0,110.04,30.0,0.6,0.5502,0.6,-17.4813,True,fuzzy_logic_fixed_snr,0.5397,0.1467
128,v4,v7,40.0,30.15,0.0,1.0,0.1507,0.0,16.3315,False,fuzzy_logic_fixed_snr,16.3086,0.9961
128,v4,v11,40.0,30.15,30.0,1.0,0.1507,0.6,11.515,False,fuzzy_logic_fixed_snr,11.4816,0.9961
128,v4,v15,40.0,70.06,40.0,1.0,0.3503,0.8,4.8803,True,fuzzy_logic_fixed_snr,2.6215,0.8934
128,v4,v3,40.0,110.04,30.0,1.0,0.5502,0.6,2.5187,True,fuzzy_logic_fixed_snr,2.4053,0.8109
128,v4,v8,40.0,190.0,30.0,1.0,0.95,0.6,-1.2765,True,fuzzy_logic_fixed_snr,1.8931,0.6078
129,v1,v5,40.0,60.0,0.0,1.0,0.3,0.0,11.5496,False,fuzzy_logic_fixed_snr,11.5133,0.9922
129,v1,v13,40.0,60.0,0.0,1.0,0.3,0.0,11.5496,False,fuzzy_logic_fixed_snr,11.5282,0.9971
129,v1,v6,40.0,130.03,30.0,1.0,0.6502,0.6,1.3586,True,fuzzy_logic_fixed_snr,2.2572,0.7951
129,v3,v7,20.0,50.0,20.0,0.6,0.25,0.4,-11.0005,True,fuzzy_logic_fixed_snr,0.7987,0.2039
129,v3,v15,20.0,50.0,10.0,0.6,0.25,0.2,-9.5918,False,fuzzy_logic_fixed_snr,-9.6166,0.6764
129,v3,v11,20.0,80.0,40.0,0.6,0.4,0.8,-16.0412,True,fuzzy_logic_fixed_snr,0.5729,0.1643
129,v3,v4,20.0,80.06,40.0,0.6,0.4003,0.8,-16.0461,True,fuzzy_logic_fixed_snr,0.5713,0.1547
129,v3,v8,20.0,80.06,40.0,0.6,0.4003,0.8,-16.0461,True,fuzzy_logic_fixed_snr,0.5851,0.1375
129,v4,v11,40.0,3.0,0.0,1.0,0.015,0.0,32.3661,False,fuzzy_logic_fixed_snr,32.3429,1.0
129,v4,v7,40.0,30.15,20.0,1.0,0.1507,0.4,12.5145,False,fuzzy_logic_fixed_snr,12.4855,0.9951
129,v4,v15,40.0,30.15,30.0,1.0,0.1507,0.6,11.515,False,fuzzy_logic_fixed_snr,11.4965,0.9941
129,v4,v3,40.0,80.06,40.0,1.0,0.4003,0.8,3.9539,True,fuzzy_logic_fixed_snr,2.5347,0.8824
129,v4,v8,40.0,160.0,0.0,1.0,0.8,0.0,4.7341,True,fuzzy_logic_fixed_snr,2.6193,0.8922
130,v1,v5,40.0,60.0,10.0,1.0,0.3,0.2,9.1413,False,fuzzy_logic_fixed_snr,9.1085,0.9916
130,v1,v13,40.0,60.0,20.0,1.0,0.3,0.4,7.7326,False,fuzzy_logic_fixed_snr,7.7066,0.9951
130,v1,v6,40.0,100.04,20.0,1.0,0.5002,0.4,4.1799,False,fuzzy_logic_fixed_snr,4.1649,0.9893
130,v3,v7,20.0,30.0,10.0,0.6,0.15,0.2,-6.0422,False,fuzzy_logic_fixed_snr,-6.0685,0.8291
130,v3,v11,20.0,40.0,0.0,0.6,0.2,0.0,-5.633,False,fuzzy_logic_fixed_snr,-5.6539,0.8219
130,v3,v15,20.0,40.0,30.0,0.6,0.2,0.6,-10.4494,True,fuzzy_logic_fixed_snr,0.8551,0.2402
130,v3,v4,20.0,40.11,30.0,0.6,0.2006,0.6,-10.4689,True,fuzzy_logic_fixed_snr,0.8468,0.2129
130,v3,v8,20.0,120.04,30.0,0.6,0.6002,0.6,-18.0856,True,fuzzy_logic_fixed_snr,0.5151,0.1189
130,v4,v11,40.0,3.0,30.0,1.0,0.015,0.6,27.5496,False,fuzzy_logic_fixed_snr,27.5219,0.9971
130,v4,v15,40.0,3.0,0.0,1.0,0.015,0.0,32.3661,False,fuzzy_logic_fixed_snr,32.3303,0.998
130,v4,v7,40.0,10.44,20.0,1.0,0.0522,0.4,19.8836,False,fuzzy_logic_fixed_snr,19.8549,1.0
130,v4,v3,40.0,40.11,30.0,1.0,0.2006,0.6,9.5311,False,fuzzy_logic_fixed_snr,9.5141,0.9961
130,v4,v8,40.0,160.0,0.0,1.0,0.8,0.0,4.7341,True,fuzzy_logic_fixed_snr,2.6176,0.9004
131,v1,v5,40.0,50.0,10.0,1.0,0.25,0.2,10.4082,False,fuzzy_logic_fixed_snr,10.3793,0.9941
131,v1,v13,40.0,80.0,0.0,1.0,0.4,0.0,9.5506,False,fuzzy_logic_fixed_snr,9.5194,0.9912
131,v1,v6,40.0,120.04,20.0,1.0,0.6002,0.4,2.914,False,fuzzy_logic_fixed_snr,2.8884,0.9789
131,v3,v15,20.0,10.0,0.0,0.6,0.05,0.0,4.0,False,fuzzy_logic_fixed_snr,3.9775,0.9844
131,v3,v4,20.0,10.44,0.0,0.6,0.0522,0.0,3.7006,False,fuzzy_logic_fixed_snr,3.6727,0.9873
131,v3,v7,20.0,20.0,0.0,0.6,0.1,0.0,-0.8165,False,fuzzy_logic_fixed_snr,-0.8428,0.9574
131,v3,v11,20.0,40.0,10.0,0.6,0.2,0.2,-8.0412,False,fuzzy_logic_fixed_snr,-8.0808,0.7496
131,v3,v8,20.0,150.03,10.0,0.6,0.7501,0.2,-17.2271,True,fuzzy_logic_fixed_snr,0.556,0.1309
131,v4,v15,40.0,3.0,0.0,1.0,0.015,0.0,32.3661,False,fuzzy_logic_fixed_snr,32.3455,1.0
131,v4,v3,40.0,10.44,0.0,1.0,0.0522,0.0,23.7006,False,fuzzy_logic_fixed_snr,23.6769,0.9971
131,v4,v7,40.0,10.44,0.0,1.0,0.0522,0.0,23.7006,False,fuzzy_logic_fixed_snr,23.6735,0.998
131,v4,v11,40.0,30.15,10.0,1.0,0.1507,0.2,13.9232,False,fuzzy_logic_fixed_snr,13.8882,0.999
131,v4,v8,40.0,160.0,10.0,1.0,0.8,0.2,2.3258,True,fuzzy_logic_fixed_snr,2.3723,0.8158
132,v1,v5,40.0,60.0,30.0,1.0,0.3,0.6,6.7331,False,fuzzy_logic_fixed_snr,6.703,0.9941
132,v1,v13,40.0,80.0,10.0,1.0,0.4,0.2,7.1423,False,fuzzy_logic_fixed_snr,7.1196,0.9883
132,v1,v6,40.0,140.03,0.0,1.0,0.7002,0.0,5.6604,False,fuzzy_logic_fixed_snr,5.6196,0.9867
132,v3,v15,20.0,10.0,10.0,0.6,0.05,0.2,1.5918,False,fuzzy_logic_fixed_snr,1.565,0.9775
132,v3,v4,20.0,10.44,10.0,0.6,0.0522,0.2,1.2923,False,fuzzy_logic_fixed_snr,1.2636,0.976
132,v3,v7,20.0,20.0,30.0,0.6,0.1,0.6,-5.633,True,fuzzy_logic_fixed_snr,1.3127,0.3582
132,v3,v11,20.0,30.0,0.0,0.6,0.15,0.0,-3.6339,False,fuzzy_logic_fixed_snr,-3.6722,0.9014
132,v3,v8,20.0,140.03,10.0,0.6,0.7002,0.2,-16.7479,True,fuzzy_logic_fixed_snr,0.5471,0.1555
132,v4,v15,40.0,3.0,0.0,1.0,0.015,0.0,32.3661,False,fuzzy_logic_fixed_snr,32.3452,0.999
132,v4,v3,40.0,10.44,10.0,1.0,0.0522,0.2,21.2923,False,fuzzy_logic_fixed_snr,21.2711,0.998
132,v4,v7,40.0,10.44,20.0,1.0,0.0522,0.4,19.8836,False,fuzzy_logic_fixed_snr,19.8586,0.999
132,v4,v11,40.0,20.22,10.0,1.0,0.1011,0.2,16.698,False,fuzzy_logic_fixed_snr,16.6617,0.998
132,v4,v8,40.0,150.0,0.0,1.0,0.75,0.0,5.1825,False,fuzzy_logic_fixed_snr,5.1587,0.9844
133,v1,v13,40.0,70.0,20.0,1.0,0.35,0.4,6.6615,False,fuzzy_logic_fixed_snr,6.618,0.9916
133,v1,v5,40.0,90.0,0.0,1.0,0.45,0.0,8.7321,False,fuzzy_logic_fixed_snr,8.7172,0.998
133,v1,v6,40.0,140.03,20.0,1.0,0.7002,0.4,1.8434,True,fuzzy_logic_fixed_snr,2.3221,0.7838
133,v3,v15,20.0,20.0,20.0,0.6,0.1,0.4,-4.6334,True,fuzzy_logic_fixed_snr,1.4225,0.4045
133,v3,v4,20.0,20.22,30.0,0.6,0.1011,0.6,-5.7103,True,fuzzy_logic_fixed_snr,1.3069,0.3557
133,v3,v11,20.0,30.0,30.0,0.6,0.15,0.6,-8.4504,True,fuzzy_logic_fixed_snr,0.9984,0.25
133,v3,v7,20.0,50.0,10.0,0.6,0.25,0.2,-9.5918,False,fuzzy_logic_fixed_snr,-9.6064,0.6365
133,v3,v19,20.0,120.0,30.0,0.6,0.6,0.6,-18.0834,True,fuzzy_logic_fixed_snr,0.5385,0.1307
133,v4,v15,40.0,3.0,10.0,1.0,0.015,0.2,29.9578,False,fuzzy_logic_fixed_snr,29.933,1.0
133,v4,v11,40.0,10.44,0.0,1.0,0.0522,0.0,23.7006,False,fuzzy_logic_fixed_snr,23.6668,0.9971
133,v4,v3,40.0,20.22,30.0,1.0,0.1011,0.6,14.2897,False,fuzzy_logic_fixed_snr,14.2686,0.9932
133,v4,v7,40.0,30.15,20.0,1.0,0.1507,0.4,12.5145,False,fuzzy_logic_fixed_snr,12.4873,0.9932
133,v4,v19,40.0,140.03,0.0,1.0,0.7002,0.0,5.6604,False,fuzzy_logic_fixed_snr,5.6374,0.9896
134,v1,v13,40.0,50.0,0.0,1.0,0.25,0.0,12.8165,False,fuzzy_logic_fixed_snr,12.8004,0.9951
134,v1,v5,40.0,90.0,0.0,1.0,0.45,0.0,8.7321,False,fuzzy_logic_fixed_snr,8.717,0.9926
134,v1,v6,40.0,120.04,20.0,1.0,0.6002,0.4,2.914,False,fuzzy_logic_fixed_snr,2.8765,0.9746
134,v3,v15,20.0,40.0,30.0,0.6,0.2,0.6,-10.4494,True,fuzzy_logic_fixed_snr,0.869,0.2215
134,v3,v4,20.0,50.09,10.0,0.6,0.2504,0.2,-9.6042,False,fuzzy_logic_fixed_snr,-9.6305,0.6445
134,v3,v7,20.0,60.0,30.0,0.6,0.3,0.6,-13.2669,True,fuzzy_logic_fixed_snr,0.6634,0.1613
134,v3,v11,20.0,60.0,10.0,0.6,0.3,0.2,-10.8587,True,fuzzy_logic_fixed_snr,0.8377,0.2119
134,v3,v19,20.0,90.0,30.0,0.6,0.45,0.6,-16.0844,True,fuzzy_logic_fixed_snr,0.5626,0.1434
134,v4,v7,40.0,10.44,20.0,1.0,0.0522,0.4,19.8836,False,fuzzy_logic_fixed_snr,19.8541,0.998
134,v4,v11,40.0,10.44,0.0,1.0,0.0522,0.0,23.7006,False,fuzzy_logic_fixed_snr,23.6719,0.9961
134,v4,v15,40.0,10.44,20.0,1.0,0.0522,0.4,19.8836,False,fuzzy_logic_fixed_snr,19.8459,0.9961
134,v4,v3,40.0,50.09,10.0,1.0,0.2504,0.2,10.3958,False,fuzzy_logic_fixed_snr,10.3664,0.9922
134,v4,v19,40.0,140.03,20.0,1.0,0.7002,0.4,1.8434,True,fuzzy_logic_fixed_snr,2.328,0.7977
135,v1,v13,40.0,50.0,10.0,1.0,0.25,0.2,10.4082,False,fuzzy_logic_fixed_snr,10.3871,0.9951
135,v1,v5,40.0,90.0,10.0,1.0,0.45,0.2,6.3239,False,fuzzy_logic_fixed_snr,6.3059,0.9922
135,v1,v6,40.0,140.03,30.0,1.0,0.7002,0.6,0.8439,True,fuzzy_logic_fixed_snr,2.1894,0.752
135,v3,v19,20.0,60.0,10.0,0.6,0.3,0.2,-10.8587,True,fuzzy_logic_fixed_snr,0.85,0.2057
135,v3,v4,20.0,60.07,10.0,0.6,0.3004,0.2,-10.8673,True,fuzzy_logic_fixed_snr,0.8393,0.2008
135,v3,v11,20.0,70.0,10.0,0.6,0.35,0.2,-11.9298,True,fuzzy_logic_fixed_snr,0.7634,0.1959
135,v3,v15,20.0,70.0,20.0,0.6,0.35,0.4,-13.3385,True,fuzzy_logic_fixed_snr,0.6916,0.1674
135,v3,v7,20.0,90.0,10.0,0.6,0.45,0.2,-13.6761,True,fuzzy_logic_fixed_snr,0.6858,0.1543
135,v4,v11,40.0,10.44,0.0,1.0,0.0522,0.0,23.7006,False,fuzzy_logic_fixed_snr,23.6856,0.998
135,v4,v15,40.0,10.44,30.0,1.0,0.0522,0.6,18.8841,False,fuzzy_logic_fixed_snr,18.8425,0.998
135,v4,v7,40.0,30.15,20.0,1.0,0.1507,0.4,12.5145,False,fuzzy_logic_fixed_snr,12.4887,0.9971
135,v4,v3,40.0,60.07,10.0,1.0,0.3004,0.2,9.1327,False,fuzzy_logic_fixed_snr,9.106,0.9932
135,v4,v19,40.0,120.04,0.0,1.0,0.6002,0.0,6.7309,False,fuzzy_logic_fixed_snr,6.7051,0.9887
136,v1,v13,40.0,60.0,0.0,1.0,0.3,0.0,11.5496,False,fuzzy_logic_fixed_snr,11.5252,0.9932
136,v1,v5,40.0,100.0,20.0,1.0,0.5,0.4,4.183,False,fuzzy_logic_fixed_snr,4.1516,0.9902
136,v1,v6,40.0,170.03,20.0,1.0,0.8501,0.4,0.4948,True,fuzzy_logic_fixed_snr,2.1308,0.7121
136,v3,v4,20.0,50.09,20.0,0.6,0.2504,0.4,-11.013,True,fuzzy_logic_fixed_snr,0.8165,0.2055
136,v3,v11,20.0,60.0,0.0,0.6,0.3,0.0,-8.4504,True,fuzzy_logic_fixed_snr,1.0158,0.2611
136,v3,v19,20.0,70.0,10.0,0.6,0.35,0.2,-11.9298,True,fuzzy_logic_fixed_snr,0.7554,0.1785
136,v3,v15,20.0,90.0,0.0,0.6,0.45,0.0,-11.2679,True,fuzzy_logic_fixed_snr,0.801,0.1895
136,v3,v7,20.0,100.0,30.0,0.6,0.5,0.6,-16.8165,True,fuzzy_logic_fixed_snr,0.5457,0.1289
136,v4,v11,40.0,10.44,20.0,1.0,0.0522,0.4,19.8836,False,fuzzy_logic_fixed_snr,19.8601,0.998
136,v4,v15,40.0,40.11,20.0,1.0,0.2006,0.4,10.5306,False,fuzzy_logic_fixed_snr,10.4979,0.9932
136,v4,v3,40.0,50.09,20.0,1.0,0.2504,0.4,8.987,False,fuzzy_logic_fixed_snr,8.9634,0.9893
136,v4,v7,40.0,50.09,10.0,1.0,0.2504,0.2,10.3958,False,fuzzy_logic_fixed_snr,10.3686,0.9941
136,v4,v19,40.0,120.04,10.0,1.0,0.6002,0.2,4.3227,False,fuzzy_logic_fixed_snr,4.2957,0.9857
137,v1,v13,40.0,60.0,20.0,1.0,0.3,0.4,7.7326,False,fuzzy_logic_fixed_snr,7.7184,0.9873
137,v1,v5,40.0,120.0,10.0,1.0,0.6,0.2,4.3249,False,fuzzy_logic_fixed_snr,4.2833,0.9922
137,v1,v6,40.0,190.02,10.0,1.0,0.9501,0.2,1.1308,True,fuzzy_logic_fixed_snr,2.2295,0.7471
137,v3,v4,20.0,30.15,0.0,0.6,0.1507,0.0,-3.6685,False,fuzzy_logic_fixed_snr,-3.6745,0.9002
137,v3,v11,20.0,60.0,10.0,0.6,0.3,0.2,-10.8587,True,fuzzy_logic_fixed_snr,0.8094,0.2135
137,v3,v7,20.0,70.0,20.0,0.6,0.35,0.4,-13.3385,True,fuzzy_logic_fixed_snr,0.6952,0.1656
137,v3,v19,20.0,80.0,10.0,0.6,0.4,0.2,-12.8577,True,fuzzy_logic_fixed_snr,0.7124,0.1883
137,v3,v15,20.0,90.0,0.0,0.6,0.45,0.0,-11.2679,True,fuzzy_logic_fixed_snr,0.8163,0.1908
137,v4,v3,40.0,30.15,0.0,1.0,0.1507,0.0,16.3315,False,fuzzy_logic_fixed_snr,16.3067,0.9971
137,v4,v11,40.0,30.15,10.0,1.0,0.1507,0.2,13.9232,False,fuzzy_logic_fixed_snr,13.9019,0.998
137,v4,v7,40.0,40.11,20.0,1.0,0.2006,0.4,10.5306,False,fuzzy_logic_fixed_snr,10.502,0.9932
137,v4,v15,40.0,60.07,0.0,1.0,0.3004,0.0,11.5409,False,fuzzy_logic_fixed_snr,11.5159,0.9941
137,v4,v19,40.0,110.04,10.0,1.0,0.5502,0.2,4.9269,False,fuzzy_logic_fixed_snr,4.9068,0.9896
138,v1,v13,40.0,80.0,40.0,1.0,0.4,0.8,3.9588,True,fuzzy_logic_fixed_snr,2.5423,0.8836
138,v1,v5,40.0,130.0,40.0,1.0,0.65,0.8,0.5851,True,fuzzy_logic_fixed_snr,2.1575,0.725
138,v3,v4,20.0,30.15,0.0,0.6,0.1507,0.0,-3.6685,False,fuzzy_logic_fixed_snr,-3.7008,0.8971
138,v3,v11,20.0,70.0,30.0,0.6,0.35,0.6,-14.338,True,fuzzy_logic_fixed_snr,0.6264,0.1535
138,v3,v7,20.0,90.0,20.0,0.6,0.45,0.4,-15.0849,True,fuzzy_logic_fixed_snr,0.6367,0.1596
138,v3,v15,20.0,90.0,10.0,0.6,0.45,0.2,-13.6761,True,fuzzy_logic_fixed_snr,0.6598,0.1725
138,v3,v19,20.0,90.0,10.0,0.6,0.45,0.2,-13.6761,True,fuzzy_logic_fixed_snr,0.6744,0.176
138,v4,v3,40.0,30.15,0.0,1.0,0.1507,0.0,16.3315,False,fuzzy_logic_fixed_snr,16.3069,0.9951
138,v4,v11,40.0,40.11,30.0,1.0,0.2006,0.6,9.5311,False,fuzzy_logic_fixed_snr,9.4973,0.9922
138,v4,v7,40.0,60.07,20.0,1.0,0.3004,0.4,7.7239,False,fuzzy_logic_fixed_snr,7.6992,0.9922
138,v4,v15,40.0,60.07,10.0,1.0,0.3004,0.2,9.1327,False,fuzzy_logic_fixed_snr,9.1006,0.9912
138,v4,v19,40.0,120.04,10.0,1.0,0.6002,0.2,4.3227,False,fuzzy_logic_fixed_snr,4.2853,0.9834
139,v1,v13,40.0,40.0,30.0,1.0,0.2,0.6,9.5506,False,fuzzy_logic_fixed_snr,9.528,0.9951
139,v1,v5,40.0,90.0,20.0,1.0,0.45,0.4,4.9151,False,fuzzy_logic_fixed_snr,4.89,0.9818
139,v1,v6,40.0,170.03,10.0,1.0,0.8501,0.2,1.9035,True,fuzzy_logic_fixed_snr,2.3318,0.8055
139,v3,v4,20.0,30.15,10.0,0.6,0.1507,0.2,-6.0768,False,fuzzy_logic_fixed_snr,-6.1045,0.8168
139,v3,v11,20.0,40.0,20.0,0.6,0.2,0.4,-9.4499,True,fuzzy_logic_fixed_snr,0.9153,0.2465
139,v3,v7,20.0,70.0,10.0,0.6,0.35,0.2,-11.9298,True,fuzzy_logic_fixed_snr,0.7527,0.1797
139,v3,v15,20.0,80.0,20.0,0.6,0.4,0.4,-14.2664,True,fuzzy_logic_fixed_snr,0.6423,0.1615
139,v3,v19,20.0,100.0,20.0,0.6,0.5,0.4,-15.817,True,fuzzy_logic_fixed_snr,0.5889,0.1518
139,v4,v11,40.0,10.44,30.0,1.0,0.0522,0.6,18.8841,False,fuzzy_logic_fixed_snr,18.8671,0.9971
139,v4,v3,40.0,30.15,10.0,1.0,0.1507,0.2,13.9232,False,fuzzy_logic_fixed_snr,13.9011,0.9961
139,v4,v7,40.0,40.11,20.0,1.0,0.2006,0.4,10.5306,False,fuzzy_logic_fixed_snr,10.5145,0.9961
139,v4,v15,40.0,50.09,10.0,1.0,0.2504,0.2,10.3958,False,fuzzy_logic_fixed_snr,10.3586,0.9941
139,v4,v19,40.0,130.03,10.0,1.0,0.6502,0.2,3.7668,False,fuzzy_logic_fixed_snr,3.7475,0.9883
140,v1,v13,40.0,70.0,40.0,1.0,0.35,0.8,4.8867,True,fuzzy_logic_fixed_snr,2.6246,0.8957
140,v1,v5,40.0,110.0,20.0,1.0,0.55,0.4,3.5207,False,fuzzy_logic_fixed_snr,3.496,0.9824
140,v1,v6,40.0,160.03,0.0,1.0,0.8001,0.0,4.7329,True,fuzzy_logic_fixed_snr,2.6084,0.8854
140,v3,v4,20.0,20.22,10.0,0.6,0.1011,0.2,-3.302,False,fuzzy_logic_fixed_snr,-3.3174,0.9248
140,v3,v11,20.0,60.0,40.0,0.6,0.3,0.8,-14.0422,True,fuzzy_logic_fixed_snr,0.666,0.1598
140,v3,v15,20.0,60.0,10.0,0.6,0.3,0.2,-10.8587,True,fuzzy_logic_fixed_snr,0.8296,0.2047
140,v3,v7,20.0,80.0,0.0,0.6,0.4,0.0,-10.4494,True,fuzzy_logic_fixed_snr,0.8484,0.1912
140,v3,v19,20.0,120.0,20.0,0.6,0.6,0.4,-17.0839,True,fuzzy_logic_fixed_snr,0.5308,0.133
140,v4,v3,40.0,20.22,10.0,1.0,0.1011,0.2,16.698,False,fuzzy_logic_fixed_snr,16.6732,0.9961
140,v4,v11,40.0,40.11,30.0,1.0,0.2006,0.6,9.5311,False,fuzzy_logic_fixed_snr,9.5079,0.9941
140,v4,v15,40.0,40.11,0.0,1.0,0.2006,0.0,14.3476,False,fuzzy_logic_fixed_snr,14.3168,0.9971
140,v4,v7,40.0,60.07,10.0,1.0,0.3004,0.2,9.1327,False,fuzzy_logic_fixed_snr,9.1181,0.9941
140,v4,v19,40.0,140.03,10.0,1.0,0.7002,0.2,3.2521,False,fuzzy_logic_fixed_snr,3.2321,0.9824
141,v1,v13,40.0,30.0,20.0,1.0,0.15,0.4,12.5491,False,fuzzy_logic_fixed_snr,12.5143,0.9971
141,v1,v5,40.0,90.0,10.0,1.0,0.45,0.2,6.3239,False,fuzzy_logic_fixed_snr,6.3027,0.9896
141,v1,v6,40.0,160.03,20.0,1.0,0.8001,0.4,0.9159,True,fuzzy_logic_fixed_snr,2.1808,0.76
141,v3,v4,20.0,10.44,10.0,0.6,0.0522,0.2,1.2923,False,fuzzy_logic_fixed_snr,1.2673,0.9834
141,v3,v11,20.0,20.0,30.0,0.6,0.1,0.6,-5.633,True,fuzzy_logic_fixed_snr,1.3251,0.3742
141,v3,v15,20.0,50.0,20.0,0.6,0.25,0.4,-11.0005,True,fuzzy_logic_fixed_snr,0.8001,0.2047
141,v3,v7,20.0,80.0,40.0,0.6,0.4,0.8,-16.0412,True,fuzzy_logic_fixed_snr,0.5842,0.1688
141,v3,v19,20.0,140.0,20.0,0.6,0.7,0.4,-18.155,True,fuzzy_logic_fixed_snr,0.5231,0.1326
141,v4,v3,40.0,10.44,10.0,1.0,0.0522,0.2,21.2923,False,fuzzy_logic_fixed_snr,21.2584,0.998
141,v4,v11,40.0,10.44,20.0,1.0,0.0522,0.4,19.8836,False,fuzzy_logic_fixed_snr,19.8536,0.998
141,v4,v15,40.0,40.11,10.0,1.0,0.2006,0.2,11.9393,False,fuzzy_logic_fixed_snr,11.915,0.9961
141,v4,v7,40.0,70.06,30.0,1.0,0.3503,0.6,5.6556,False,fuzzy_logic_fixed_snr,5.6236,0.9887
141,v4,v19,40.0,150.03,10.0,1.0,0.7501,0.2,2.7729,False,fuzzy_logic_fixed_snr,2.7501,0.9793
142,v1,v13,40.0,10.0,0.0,1.0,0.05,0.0,24.0,False,fuzzy_logic_fixed_snr,23.9752,0.998
142,v1,v5,40.0,100.0,10.0,1.0,0.5,0.2,5.5918,False,fuzzy_logic_fixed_snr,5.5623,0.9902
142,v1,v6,40.0,180.02,30.0,1.0,0.9001,0.6,-0.9018,True,fuzzy_logic_fixed_snr,1.9555,0.6596
142,v3,v4,20.0,3.0,0.0,0.6,0.015,0.0,12.3661,False,fuzzy_logic_fixed_snr,12.3373,0.9906
142,v3,v11,20.0,10.0,20.0,0.6,0.05,0.4,0.183,True,fuzzy_logic_fixed_snr,2.1072,0.6934
142,v3,v15,20.0,30.0,10.0,0.6,0.15,0.2,-6.0422,False,fuzzy_logic_fixed_snr,-6.0714,0.8398
142,v3,v7,20.0,40.0,10.0,0.6,0.2,0.2,-8.0412,False,fuzzy_logic_fixed_snr,-8.0646,0.7367
142,v3,v8,20.0,150.03,10.0,0.6,0.7501,0.2,-17.2271,True,fuzzy_logic_fixed_snr,0.5469,0.1416
142,v4,v3,40.0,3.0,0.0,1.0,0.015,0.0,32.3661,False,fuzzy_logic_fixed_snr,32.3326,0.999
142,v4,v11,40.0,10.44,20.0,1.0,0.0522,0.4,19.8836,False,fuzzy_logic_fixed_snr,19.8666,0.9971
142,v4,v15,40.0,30.15,10.0,1.0,0.1507,0.2,13.9232,False,fuzzy_logic_fixed_snr,13.8879,0.9961
142,v4,v7,40.0,40.11,10.0,1.0,0.2006,0.2,11.9393,False,fuzzy_logic_fixed_snr,11.9144,0.9912
142,v4,v8,40.0,150.0,10.0,1.0,0.75,0.2,2.7743,False,fuzzy_logic_fixed_snr,2.7451,0.9775
143,v1,v13,40.0,10.0,0.0,1.0,0.05,0.0,24.0,False,fuzzy_logic_fixed_snr,23.9675,0.9971
143,v1,v5,40.0,110.0,30.0,1.0,0.55,0.6,2.5212,True,fuzzy_logic_fixed_snr,2.4078,0.8418
143,v3,v4,20.0,3.0,40.0,0.6,0.015,0.8,6.7743,True,fuzzy_logic_fixed_snr,2.7443,0.9217
143,v3,v11,20.0,10.0,40.0,0.6,0.05,0.8,-1.5918,True,fuzzy_logic_fixed_snr,1.8515,0.6055
143,v3,v15,20.0,20.0,40.0,0.6,0.1,0.8,-6.4082,True,fuzzy_logic_fixed_snr,1.2166,0.3631
143,v3,v7,20.0,30.0,0.0,0.6,0.15,0.0,-3.6339,False,fuzzy_logic_fixed_snr,-3.6527,0.9
143,v3,v19,20.0,140.0,30.0,0.6,0.7,0.6,-19.1545,True,fuzzy_logic_fixed_snr,0.5159,0.1264
143,v4,v3,40.0,3.0,40.0,1.0,0.015,0.8,26.7743,True,fuzzy_logic_fixed_snr,2.9547,0.9504
143,v4,v11,40.0,10.44,0.0,1.0,0.0522,0.0,23.7006,False,fuzzy_logic_fixed_snr,23.6676,0.998
143,v4,v15,40.0,20.22,0.0,1.0,0.1011,0.0,19.1062,False,fuzzy_logic_fixed_snr,19.073,0.998
143,v4,v7,40.0,30.15,40.0,1.0,0.1507,0.8,10.7397,True,fuzzy_logic_fixed_snr,2.8752,0.9461
143,v4,v19,40.0,140.03,10.0,1.0,0.7002,0.2,3.2521,False,fuzzy_logic_fixed_snr,3.2322,0.9844
144,v1,v13,40.0,10.0,0.0,1.0,0.05,0.0,24.0,False,fuzzy_logic_fixed_snr,23.9739,0.998
144,v1,v5,40.0,140.0,0.0,1.0,0.7,0.0,5.662,False,fuzzy_logic_fixed_snr,5.6338,0.9896
144,v3,v15,20.0,20.0,40.0,0.6,0.1,0.8,-6.4082,True,fuzzy_logic_fixed_snr,1.2236,0.3205
144,v3,v7,20.0,30.0,10.0,0.6,0.15,0.2,-6.0422,False,fuzzy_logic_fixed_snr,-6.0715,0.834
144,v3,v11,20.0,30.0,20.0,0.6,0.15,0.4,-7.4509,True,fuzzy_logic_fixed_snr,1.1088,0.2975
144,v3,v4,20.0,40.11,20.0,0.6,0.2006,0.4,-9.4694,True,fuzzy_logic_fixed_snr,0.9049,0.2275
144,v3,v19,20.0,170.0,30.0,0.6,0.85,0.6,-20.5037,True,fuzzy_logic_fixed_snr,0.4616,0.1369
144,v4,v11,40.0,10.44,0.0,1.0,0.0522,0.0,23.7006,False,fuzzy_logic_fixed_snr,23.6773,0.9971
144,v4,v15,40.0,20.22,20.0,1.0,0.1011,0.4,15.2892,False,fuzzy_logic_fixed_snr,15.2615,0.9951
144,v4,v3,40.0,40.11,20.0,1.0,0.2006,0.4,10.5306,False,fuzzy_logic_fixed_snr,10.5003,0.9916
144,v4,v7,40.0,70.06,10.0,1.0,0.3503,0.2,8.0638,False,fuzzy_logic_fixed_snr,8.0487,0.9912
144,v4,v8,40.0,130.0,20.0,1.0,0.65,0.4,2.3599,True,fuzzy_logic_fixed_snr,2.3892,0.7973
145,v1,v13,40.0,10.0,20.0,1.0,0.05,0.4,20.183,False,fuzzy_logic_fixed_snr,20.1482,0.998
145,v1,v5,40.0,140.0,40.0,1.0,0.7,0.8,0.0702,True,fuzzy_logic_fixed_snr,2.0671,0.69
145,v3,v11,20.0,10.0,10.0,0.6,0.05,0.2,1.5918,False,fuzzy_logic_fixed_snr,1.5659,0.9785
145,v3,v15,20.0,20.0,10.0,0.6,0.1,0.2,-3.2247,False,fuzzy_logic_fixed_snr,-3.2466,0.9275
145,v3,v4,20.0,20.22,0.0,0.6,0.1011,0.0,-0.8938,False,fuzzy_logic_fixed_snr,-0.9222,0.9578
145,v3,v7,20.0,40.0,20.0,0.6,0.2,0.4,-9.4499,True,fuzzy_logic_fixed_snr,0.9202,0.2289
145,v3,v8,20.0,130.03,40.0,0.6,0.6502,0.8,-19.4167,True,fuzzy_logic_fixed_snr,0.5045,0.1432
145,v4,v11,40.0,10.44,10.0,1.0,0.0522,0.2,21.2923,False,fuzzy_logic_fixed_snr,21.275,0.998
145,v4,v3,40.0,20.22,0.0,1.0,0.1011,0.0,19.1062,False,fuzzy_logic_fixed_snr,19.089,0.998
145,v4,v15,40.0,40.11,10.0,1.0,0.2006,0.2,11.9393,False,fuzzy_logic_fixed_snr,11.9047,0.9945
145,v4,v7,40.0,60.07,20.0,1.0,0.3004,0.4,7.7239,False,fuzzy_logic_fixed_snr,7.6833,0.9941
145,v4,v8,40.0,110.0,40.0,1.0,0.55,0.8,1.746,True,fuzzy_logic_fixed_snr,2.3114,0.8123
146,v1,v13,40.0,10.0,40.0,1.0,0.05,0.8,18.4082,True,fuzzy_logic_fixed_snr,2.9451,0.9514
146,v1,v5,40.0,100.0,40.0,1.0,0.5,0.8,2.4082,True,fuzzy_logic_fixed_snr,2.3923,0.8242
146,v1,v6,40.0,180.02,20.0,1.0,0.9001,0.4,0.0977,True,fuzzy_logic_fixed_snr,2.0822,0.6875
146,v3,v15,20.0,10.0,10.0,0.6,0.05,0.2,1.5918,False,fuzzy_logic_fixed_snr,1.5688,0.974
146,v3,v7,20.0,20.0,0.0,0.6,0.1,0.0,-0.8165,False,fuzzy_logic_fixed_snr,-0.8422,0.9568
146,v3,v11,20.0,20.0,10.0,0.6,0.1,0.2,-3.2247,False,fuzzy_logic_fixed_snr,-3.2505,0.9264
146,v3,v4,20.0,20.22,10.0,0.6,0.1011,0.2,-3.302,False,fuzzy_logic_fixed_snr,-3.3275,0.9217
146,v3,v19,20.0,150.0,10.0,0.6,0.75,0.2,-17.2257,True,fuzzy_logic_fixed_snr,0.5439,0.1324
146,v4,v11,40.0,3.0,20.0,1.0,0.015,0.4,28.5491,False,fuzzy_logic_fixed_snr,28.5182,0.998
146,v4,v3,40.0,20.22,10.0,1.0,0.1011,0.2,16.698,False,fuzzy_logic_fixed_snr,16.6693,0.9951
146,v4,v15,40.0,30.15,0.0,1.0,0.1507,0.0,16.3315,False,fuzzy_logic_fixed_snr,16.3015,0.9971
146,v4,v7,40.0,40.11,10.0,1.0,0.2006,0.2,11.9393,False,fuzzy_logic_fixed_snr,11.9129,0.9932
146,v4,v19,40.0,130.03,20.0,1.0,0.6502,0.4,2.3581,True,fuzzy_logic_fixed_snr,2.3809,0.8145
147,v1,v13,40.0,30.0,10.0,1.0,0.15,0.2,13.9578,False,fuzzy_logic_fixed_snr,13.938,0.9971
147,v1,v5,40.0,140.0,20.0,1.0,0.7,0.4,1.845,True,fuzzy_logic_fixed_snr,2.3381,0.8002
147,v3,v15,20.0,0.0,10.0,0.6,0.0,0.2,33.5918,False,fuzzy_logic_fixed_snr,33.5609,0.999
147,v3,v11,20.0,10.0,10.0,0.6,0.05,0.2,1.5918,False,fuzzy_logic_fixed_snr,1.5644,0.9844
147,v3,v7,20.0,20.0,30.0,0.6,0.1,0.6,-5.633,True,fuzzy_logic_fixed_snr,1.2871,0.3309
147,v3,v4,20.0,30.15,20.0,0.6,0.1507,0.4,-7.4855,True,fuzzy_logic_fixed_snr,1.0851,0.277
147,v3,v19,20.0,140.0,20.0,0.6,0.7,0.4,-18.155,True,fuzzy_logic_fixed_snr,0.5178,0.1416
147,v4,v11,40.0,20.22,30.0,1.0,0.1011,0.6,14.2897,False,fuzzy_logic_fixed_snr,14.2596,0.998
147,v4,v3,40.0,30.15,20.0,1.0,0.1507,0.4,12.5145,False,fuzzy_logic_fixed_snr,12.4947,0.9951
147,v4,v15,40.0,30.15,30.0,1.0,0.1507,0.6,11.515,False,fuzzy_logic_fixed_snr,11.4886,0.9941
147,v4,v7,40.0,50.09,10.0,1.0,0.2504,0.2,10.3958,False,fuzzy_logic_fixed_snr,10.389,0.9932
147,v4,v19,40.0,110.04,0.0,1.0,0.5502,0.0,7.3351,False,fuzzy_logic_fixed_snr,7.3066,0.9916
148,v1,v13,40.0,20.0,0.0,1.0,0.1,0.0,19.1835,False,fuzzy_logic_fixed_snr,19.1565,0.9971
148,v1,v5,40.0,120.0,20.0,1.0,0.6,0.4,2.9161,False,fuzzy_logic_fixed_snr,2.9025,0.9814
148,v1,v6,40.0,170.03,10.0,1.0,0.8501,0.2,1.9035,True,fuzzy_logic_fixed_snr,2.3245,0.7936
148,v3,v15,20.0,10.0,10.0,0.6,0.05,0.2,1.5918,False,fuzzy_logic_fixed_snr,1.5568,0.9824
148,v3,v4,20.0,10.44,30.0,0.6,0.0522,0.6,-1.1159,True,fuzzy_logic_fixed_snr,1.908,0.6184
148,v3,v11,20.0,20.0,20.0,0.6,0.1,0.4,-4.6334,True,fuzzy_logic_fixed_snr,1.4162,0.4186
148,v3,v7,20.0,50.0,10.0,0.6,0.25,0.2,-9.5918,False,fuzzy_logic_fixed_snr,-9.6208,0.6396
148,v3,v19,20.0,120.0,20.0,0.6,0.6,0.4,-17.0839,True,fuzzy_logic_fixed_snr,0.5526,0.1219
148,v4,v15,40.0,3.0,20.0,1.0,0.015,0.4,28.5491,False,fuzzy_logic_fixed_snr,28.5148,0.999
148,v4,v3,40.0,10.44,30.0,1.0,0.0522,0.6,18.8841,False,fuzzy_logic_fixed_snr,18.8501,0.9971
148,v4,v11,40.0,10.44,10.0,1.0,0.0522,0.2,21.2923,False,fuzzy_logic_fixed_snr,21.2687,0.9971
148,v4,v7,40.0,60.07,40.0,1.0,0.3004,0.8,5.9491,True,fuzzy_logic_fixed_snr,2.699,0.9055
148,v4,v8,40.0,110.0,40.0,1.0,0.55,0.8,1.746,True,fuzzy_logic_fixed_snr,2.3117,0.7842
149,v1,v13,40.0,20.0,10.0,1.0,0.1,0.2,16.7753,False,fuzzy_logic_fixed_snr,16.7413,0.9961
149,v1,v5,40.0,100.0,20.0,1.0,0.5,0.4,4.183,False,fuzzy_logic_fixed_snr,4.1527,0.9844
149,v1,v6,40.0,180.02,0.0,1.0,0.9001,0.0,3.9147,True,fuzzy_logic_fixed_snr,2.5418,0.873
149,v3,v15,20.0,20.0,10.0,0.6,0.1,0.2,-3.2247,False,fuzzy_logic_fixed_snr,-3.2685,0.9201
149,v3,v11,20.0,40.0,20.0,0.6,0.2,0.4,-9.4499,True,fuzzy_logic_fixed_snr,0.9364,0.2115
149,v3,v4,20.0,40.11,10.0,0.6,0.2006,0.2,-8.0607,False,fuzzy_logic_fixed_snr,-8.0812,0.7209
149,v3,v7,20.0,60.0,0.0,0.6,0.3,0.0,-8.4504,True,fuzzy_logic_fixed_snr,1.0129,0.2615
149,v3,v8,20.0,110.04,10.0,0.6,0.5502,0.2,-15.0731,True,fuzzy_logic_fixed_snr,0.6203,0.1664
149,v4,v11,40.0,3.0,10.0,1.0,0.015,0.2,29.9578,False,fuzzy_logic_fixed_snr,29.9243,0.999
149,v4,v15,40.0,20.22,20.0,1.0,0.1011,0.4,15.2892,False,fuzzy_logic_fixed_snr,15.2595,0.9941
149,v4,v3,40.0,40.11,10.0,1.0,0.2006,0.2,11.9393,False,fuzzy_logic_fixed_snr,11.896,0.9971
149,v4,v8,40.0,70.0,20.0,1.0,0.35,0.4,6.6615,False,fuzzy_logic_fixed_snr,6.6356,0.9936
149,v4,v7,40.0,100.04,10.0,1.0,0.5002,0.2,5.5886,False,fuzzy_logic_fixed_snr,5.5591,0.9932
150,v1,v13,40.0,10.0,10.0,1.0,0.05,0.2,21.5918,False,fuzzy_logic_fixed_snr,21.5676,0.9971
150,v1,v5,40.0,120.0,0.0,1.0,0.6,0.0,6.7331,False,fuzzy_logic_fixed_snr,6.7043,0.9883
150,v1,v6,40.0,180.02,10.0,1.0,0.9001,0.2,1.5064,True,fuzzy_logic_fixed_snr,2.2936,0.8072
150,v3,v11,20.0,20.0,20.0,0.6,0.1,0.4,-4.6334,True,fuzzy_logic_fixed_snr,1.4105,0.4051
150,v3,v15,20.0,30.0,0.0,0.6,0.15,0.0,-3.6339,False,fuzzy_logic_fixed_snr,-3.6603,0.9039
150,v3,v4,20.0,30.15,10.0,0.6,0.1507,0.2,-6.0768,False,fuzzy_logic_fixed_snr,-6.1066,0.8354
150,v3,v7,20.0,60.0,20.0,0.6,0.3,0.4,-12.2674,True,fuzzy_logic_fixed_snr,0.7582,0.1705
150,v3,v8,20.0,120.04,10.0,0.6,0.6002,0.2,-15.6773,True,fuzzy_logic_fixed_snr,0.5735,0.1357
150,v4,v15,40.0,3.0,10.0,1.0,0.015,0.2,29.9578,False,fuzzy_logic_fixed_snr,29.9475,1.0
150,v4,v11,40.0,10.44,10.0,1.0,0.0522,0.2,21.2923,False,fuzzy_logic_fixed_snr,21.2607,0.998
150,v4,v3,40.0,30.15,10.0,1.0,0.1507,0.2,13.9232,False,fuzzy_logic_fixed_snr,13.9026,0.9955
150,v4,v8,40.0,90.0,0.0,1.0,0.45,0.0,8.7321,False,fuzzy_logic_fixed_snr,8.698,0.9893
150,v4,v7,40.0,90.05,10.0,1.0,0.4502,0.2,6.32,False,fuzzy_logic_fixed_snr,6.2859,0.9922
151,v1,v13,40.0,20.0,20.0,1.0,0.1,0.4,15.3666,False,fuzzy_logic_fixed_snr,15.3447,0.9961
151,v1,v5,40.0,120.0,0.0,1.0,0.6,0.0,6.7331,False,fuzzy_logic_fixed_snr,6.7133,0.9932
151,v1,v6,40.0,170.03,20.0,1.0,0.8501,0.4,0.4948,True,fuzzy_logic_fixed_snr,2.1393,0.748
151,v3,v15,20.0,30.0,10.0,0.6,0.15,0.2,-6.0422,False,fuzzy_logic_fixed_snr,-6.0732,0.8273
151,v3,v7,20.0,40.0,20.0,0.6,0.2,0.4,-9.4499,True,fuzzy_logic_fixed_snr,0.9388,0.2377
151,v3,v11,20.0,40.0,10.0,0.6,0.2,0.2,-8.0412,False,fuzzy_logic_fixed_snr,-8.0676,0.733
151,v3,v4,20.0,40.11,10.0,0.6,0.2006,0.2,-8.0607,False,fuzzy_logic_fixed_snr,-8.0863,0.7168
151,v3,v19,20.0,130.0,10.0,0.6,0.65,0.2,-16.2313,True,fuzzy_logic_fixed_snr,0.5755,0.1533
151,v4,v11,40.0,3.0,20.0,1.0,0.015,0.4,28.5491,False,fuzzy_logic_fixed_snr,28.5221,0.998
151,v4,v15,40.0,10.44,20.0,1.0,0.0522,0.4,19.8836,False,fuzzy_logic_fixed_snr,19.855,0.999
151,v4,v3,40.0,40.11,10.0,1.0,0.2006,0.2,11.9393,False,fuzzy_logic_fixed_snr,11.9192,0.9951
151,v4,v7,40.0,80.06,10.0,1.0,0.4003,0.2,7.1374,False,fuzzy_logic_fixed_snr,7.1001,0.9912
151,v4,v8,40.0,90.0,20.0,1.0,0.45,0.4,4.9151,False,fuzzy_logic_fixed_snr,4.8856,0.9863
152,v1,v13,40.0,40.0,20.0,1.0,0.2,0.4,10.5501,False,fuzzy_logic_fixed_snr,10.5244,0.9951
152,v1,v5,40.0,120.0,0.0,1.0,0.6,0.0,6.7331,False,fuzzy_logic_fixed_snr,6.7015,0.9912
152,v1,v6,40.0,190.02,20.0,1.0,0.9501,0.4,-0.2779,True,fuzzy_logic_fixed_snr,2.0375,0.698
152,v3,v4,20.0,30.15,10.0,0.6,0.1507,0.2,-6.0768,False,fuzzy_logic_fixed_snr,-6.1117,0.8262
152,v3,v15,20.0,40.0,30.0,0.6,0.2,0.6,-10.4494,True,fuzzy_logic_fixed_snr,0.8457,0.2096
152,v3,v11,20.0,50.0,20.0,0.6,0.25,0.4,-11.0005,True,fuzzy_logic_fixed_snr,0.8116,0.1914
152,v3,v7,20.0,60.0,20.0,0.6,0.3,0.4,-12.2674,True,fuzzy_logic_fixed_snr,0.7409,0.1721
152,v3,v19,20.0,120.0,10.0,0.6,0.6,0.2,-15.6751,True,fuzzy_logic_fixed_snr,0.5932,0.1523
152,v4,v15,40.0,10.44,20.0,1.0,0.0522,0.4,19.8836,False,fuzzy_logic_fixed_snr,19.8475,0.9971
152,v4,v11,40.0,20.22,10.0,1.0,0.1011,0.2,16.698,False,fuzzy_logic_fixed_snr,16.6565,0.998
152,v4,v3,40.0,30.15,10.0,1.0,0.1507,0.2,13.9232,False,fuzzy_logic_fixed_snr,13.905,0.9961
152,v4,v7,40.0,90.05,10.0,1.0,0.4502,0.2,6.32,False,fuzzy_logic_fixed_snr,6.2903,0.9902
152,v4,v19,40.0,90.05,0.0,1.0,0.4502,0.0,8.7283,False,fuzzy_logic_fixed_snr,8.7088,0.9922
153,v1,v13,40.0,20.0,40.0,1.0,0.1,0.8,13.5918,True,fuzzy_logic_fixed_snr,2.9129,0.948
153,v1,v5,40.0,120.0,20.0,1.0,0.6,0.4,2.9161,False,fuzzy_logic_fixed_snr,2.8863,0.9799
153,v1,v6,40.0,170.03,30.0,1.0,0.8501,0.6,-0.5047,True,fuzzy_logic_fixed_snr,1.9936,0.6488
153,v3,v15,20.0,10.0,0.0,0.6,0.05,0.0,4.0,False,fuzzy_logic_fixed_snr,3.9718,0.9873
153,v3,v4,20.0,20.22,10.0,0.6,0.1011,0.2,-3.302,False,fuzzy_logic_fixed_snr,-3.3339,0.8984
153,v3,v11,20.0,30.0,20.0,0.6,0.15,0.4,-7.4509,True,fuzzy_logic_fixed_snr,1.1051,0.2955
153,v3,v7,20.0,80.0,40.0,0.6,0.4,0.8,-16.0412,True,fuzzy_logic_fixed_snr,0.5644,0.14
153,v3,v19,20.0,110.0,40.0,0.6,0.55,0.8,-18.254,True,fuzzy_logic_fixed_snr,0.5206,0.1299
153,v4,v11,40.0,10.44,10.0,1.0,0.0522,0.2,21.2923,False,fuzzy_logic_fixed_snr,21.2637,1.0
153,v4,v15,40.0,10.44,10.0,1.0,0.0522,0.2,21.2923,False,fuzzy_logic_fixed_snr,21.2685,0.999
153,v4,v3,40.0,20.22,10.0,1.0,0.1011,0.2,16.698,False,fuzzy_logic_fixed_snr,16.6797,0.9971
153,v4,v19,40.0,90.05,30.0,1.0,0.4502,0.6,3.9118,True,fuzzy_logic_fixed_snr,2.5438,0.866
153,v4,v7,40.0,100.04,30.0,1.0,0.5002,0.6,3.1804,True,fuzzy_logic_fixed_snr,2.4777,0.8543
154,v1,v13,40.0,60.0,10.0,1.0,0.3,0.2,9.1413,False,fuzzy_logic_fixed_snr,9.1121,0.9893
154,v1,v5,40.0,140.0,20.0,1.0,0.7,0.4,1.845,True,fuzzy_logic_fixed_snr,2.3263,0.807
154,v3,v11,20.0,10.0,10.0,0.6,0.05,0.2,1.5918,False,fuzzy_logic_fixed_snr,1.5573,0.9766
154,v3,v15,20.0,10.0,10.0,0.6,0.05,0.2,1.5918,False,fuzzy_logic_fixed_snr,1.5633,0.9877
154,v3,v4,20.0,10.44,20.0,0.6,0.0522,0.4,-0.1164,True,fuzzy_logic_fixed_snr,2.0485,0.6926
154,v3,v19,20.0,70.0,0.0,0.6,0.35,0.0,-9.5216,True,fuzzy_logic_fixed_snr,0.9314,0.2488
154,v3,v7,20.0,120.0,20.0,0.6,0.6,0.4,-17.0839,True,fuzzy_logic_fixed_snr,0.5216,0.1297
154,v4,v11,40.0,3.0,10.0,1.0,0.015,0.2,29.9578,False,fuzzy_logic_fixed_snr,29.9218,0.999
154,v4,v15,40.0,3.0,10.0,1.0,0.015,0.2,29.9578,False,fuzzy_logic_fixed_snr,29.9398,1.0
154,v4,v3,40.0,10.44,20.0,1.0,0.0522,0.4,19.8836,False,fuzzy_logic_fixed_snr,19.8532,0.999
154,v4,v19,40.0,60.07,20.0,1.0,0.3004,0.4,7.7239,False,fuzzy_logic_fixed_snr,7.6795,0.9863
154,v4,v7,40.0,130.03,0.0,1.0,0.6502,0.0,6.1751,False,fuzzy_logic_fixed_snr,6.151,0.9887
155,v1,v13,40.0,70.0,20.0,1.0,0.35,0.4,6.6615,False,fuzzy_logic_fixed_snr,6.6364,0.9922
155,v1,v5,40.0,160.0,20.0,1.0,0.8,0.4,0.9171,True,fuzzy_logic_fixed_snr,2.2075,0.7426
155,v3,v11,20.0,0.0,0.0,0.6,0.0,0.0,36.0,False,fuzzy_logic_fixed_snr,35.981,1.0
155,v3,v15,20.0,0.0,30.0,0.6,0.0,0.6,31.1835,True,fuzzy_logic_fixed_snr,2.9558,0.9553
155,v3,v4,20.0,10.44,20.0,0.6,0.0522,0.4,-0.1164,True,fuzzy_logic_fixed_snr,2.0581,0.6738
155,v3,v19,20.0,70.0,30.0,0.6,0.35,0.6,-14.338,True,fuzzy_logic_fixed_snr,0.6554,0.1453
155,v3,v8,20.0,120.04,0.0,0.6,0.6002,0.0,-13.2691,True,fuzzy_logic_fixed_snr,0.7026,0.1707
155,v4,v3,40.0,10.44,20.0,1.0,0.0522,0.4,19.8836,False,fuzzy_logic_fixed_snr,19.8549,0.998
155,v4,v11,40.0,10.44,20.0,1.0,0.0522,0.4,19.8836,False,fuzzy_logic_fixed_snr,19.855,0.9971
155,v4,v15,40.0,10.44,10.0,1.0,0.0522,0.2,21.2923,False,fuzzy_logic_fixed_snr,21.2654,0.9971
155,v4,v19,40.0,80.06,10.0,1.0,0.4003,0.2,7.1374,False,fuzzy_logic_fixed_snr,7.1075,0.9912
155,v4,v8,40.0,130.0,20.0,1.0,0.65,0.4,2.3599,True,fuzzy_logic_fixed_snr,2.3792,0.8381
156,v1,v13,40.0,90.0,0.0,1.0,0.45,0.0,8.7321,False,fuzzy_logic_fixed_snr,8.716,0.9906
156,v1,v5,40.0,140.0,0.0,1.0,0.7,0.0,5.662,False,fuzzy_logic_fixed_snr,5.6398,0.9887
156,v3,v11,20.0,0.0,20.0,0.6,0.0,0.4,32.183,True,fuzzy_logic_fixed_snr,2.9559,0.9523
156,v3,v4,20.0,10.44,30.0,0.6,0.0522,0.6,-1.1159,True,fuzzy_logic_fixed_snr,1.9177,0.618
156,v3,v15,20.0,30.0,20.0,0.6,0.15,0.4,-7.4509,True,fuzzy_logic_fixed_snr,1.1055,0.2881
156,v3,v19,20.0,100.0,20.0,0.6,0.5,0.4,-15.817,True,fuzzy_logic_fixed_snr,0.5956,0.1535
156,v3,v8,20.0,120.04,20.0,0.6,0.6002,0.4,-17.086,True,fuzzy_logic_fixed_snr,0.5516,0.1383
156,v4,v3,40.0,10.44,30.0,1.0,0.0522,0.6,18.8841,False,fuzzy_logic_fixed_snr,18.8586,0.998
156,v4,v11,40.0,10.44,10.0,1.0,0.0522,0.2,21.2923,False,fuzzy_logic_fixed_snr,21.2605,0.998
156,v4,v15,40.0,20.22,10.0,1.0,0.1011,0.2,16.698,False,fuzzy_logic_fixed_snr,16.6754,0.9961
156,v4,v19,40.0,90.05,10.0,1.0,0.4502,0.2,6.32,False,fuzzy_logic_fixed_snr,6.2974,0.9883
156,v4,v8,40.0,110.0,10.0,1.0,0.55,0.2,4.9295,False,fuzzy_logic_fixed_snr,4.9111,0.9854
157,v1,v13,40.0,90.0,10.0,1.0,0.45,0.2,6.3239,False,fuzzy_logic_fixed_snr,6.2902,0.9877
157,v1,v5,40.0,140.0,20.0,1.0,0.7,0.4,1.845,True,fuzzy_logic_fixed_snr,2.3171,0.7785
157,v1,v6,40.0,190.02,20.0,1.0,0.9501,0.4,-0.2779,True,fuzzy_logic_fixed_snr,2.055,0.7109
157,v3,v15,20.0,10.0,20.0,0.6,0.05,0.4,0.183,True,fuzzy_logic_fixed_snr,2.0975,0.7117
157,v3,v11,20.0,20.0,10.0,0.6,0.1,0.2,-3.2247,False,fuzzy_logic_fixed_snr,-3.2563,0.9168
157,v3,v4,20.0,20.22,30.0,0.6,0.1011,0.6,-5.7103,True,fuzzy_logic_fixed_snr,1.2877,0.3512
157,v3,v19,20.0,80.0,0.0,0.6,0.4,0.0,-10.4494,True,fuzzy_logic_fixed_snr,0.847,0.2053
157,v3,v8,20.0,100.04,30.0,0.6,0.5002,0.6,-16.8196,True,fuzzy_logic_fixed_snr,0.5508,0.1338
157,v4,v11,40.0,3.0,40.0,1.0,0.015,0.8,26.7743,True,fuzzy_logic_fixed_snr,2.9549,0.9543
157,v4,v3,40.0,20.22,30.0,1.0,0.1011,0.6,14.2897,False,fuzzy_logic_fixed_snr,14.2647,0.9961
157,v4,v15,40.0,30.15,10.0,1.0,0.1507,0.2,13.9232,False,fuzzy_logic_fixed_snr,13.8957,0.9941
157,v4,v19,40.0,100.04,30.0,1.0,0.5002,0.6,3.1804,True,fuzzy_logic_fixed_snr,2.4725,0.8645
157,v4,v8,40.0,120.0,0.0,1.0,0.6,0.0,6.7331,False,fuzzy_logic_fixed_snr,6.7072,0.9896
158,v1,v13,40.0,100.0,10.0,1.0,0.5,0.2,5.5918,False,fuzzy_logic_fixed_snr,5.5714,0.9922
158,v1,v5,40.0,160.0,20.0,1.0,0.8,0.4,0.9171,True,fuzzy_logic_fixed_snr,2.2035,0.7689
158,v3,v4,20.0,10.44,10.0,0.6,0.0522,0.2,1.2923,False,fuzzy_logic_fixed_snr,1.2754,0.9805
158,v3,v11,20.0,30.0,10.0,0.6,0.15,0.2,-6.0422,False,fuzzy_logic_fixed_snr,-6.0717,0.8129
158,v3,v15,20.0,30.0,0.0,0.6,0.15,0.0,-3.6339,False,fuzzy_logic_fixed_snr,-3.6554,0.9064
158,v3,v19,20.0,80.0,20.0,0.6,0.4,0.4,-14.2664,True,fuzzy_logic_fixed_snr,0.6589,0.1686
158,v3,v8,20.0,130.03,40.0,0.6,0.6502,0.8,-19.4167,True,fuzzy_logic_fixed_snr,0.4824,0.1414
158,v4,v3,40.0,10.44,10.0,1.0,0.0522,0.2,21.2923,False,fuzzy_logic_fixed_snr,21.2541,0.9971
158,v4,v15,40.0,20.22,10.0,1.0,0.1011,0.2,16.698,False,fuzzy_logic_fixed_snr,16.661,0.998
158,v4,v11,40.0,40.11,0.0,1.0,0.2006,0.0,14.3476,False,fuzzy_logic_fixed_snr,14.307,0.9951
158,v4,v19,40.0,70.06,10.0,1.0,0.3503,0.2,8.0638,False,fuzzy_logic_fixed_snr,8.0352,0.9941
158,v4,v8,40.0,120.0,30.0,1.0,0.6,0.6,1.9166,True,fuzzy_logic_fixed_snr,2.314,0.7848
159,v1,v13,40.0,110.0,30.0,1.0,0.55,0.6,2.5212,True,fuzzy_logic_fixed_snr,2.4079,0.834
159,v1,v5,40.0,140.0,0.0,1.0,0.7,0.0,5.662,False,fuzzy_logic_fixed_snr,5.6429,0.9922
159,v3,v11,20.0,20.0,20.0,0.6,0.1,0.4,-4.6334,True,fuzzy_logic_fixed_snr,1.4308,0.4121
159,v3,v4,20.0,20.22,20.0,0.6,0.1011,0.4,-4.7108,True,fuzzy_logic_fixed_snr,1.4236,0.4223
159,v3,v15,20.0,30.0,10.0,0.6,0.15,0.2,-6.0422,False,fuzzy_logic_fixed_snr,-6.0677,0.8377
159,v3,v19,20.0,100.0,10.0,0.6,0.5,0.2,-14.4082,True,fuzzy_logic_fixed_snr,0.6368,0.1631
159,v3,v7,20.0,150.0,10.0,0.6,0.75,0.2,-17.2257,True,fuzzy_logic_fixed_snr,0.5329,0.1387
159,v4,v15,40.0,10.44,30.0,1.0,0.0522,0.6,18.8841,False,fuzzy_logic_fixed_snr,18.8767,0.999
159,v4,v3,40.0,20.22,20.0,1.0,0.1011,0.4,15.2892,False,fuzzy_logic_fixed_snr,15.2775,0.998
159,v4,v11,40.0,40.11,40.0,1.0,0.2006,0.8,8.7558,True,fuzzy_logic_fixed_snr,2.8267,0.9441
159,v4,v19,40.0,80.06,10.0,1.0,0.4003,0.2,7.1374,False,fuzzy_logic_fixed_snr,7.1071,0.9906
159,v4,v8,40.0,150.0,40.0,1.0,0.75,0.8,-0.4092,True,fuzzy_logic_fixed_snr,2.0289,0.6838
160,v1,v13,40.0,80.0,20.0,1.0,0.4,0.4,5.7336,False,fuzzy_logic_fixed_snr,5.7006,0.9951
160,v1,v5,40.0,140.0,0.0,1.0,0.7,0.0,5.662,False,fuzzy_logic_fixed_snr,5.6239,0.9922
160,v1,v6,40.0,190.02,0.0,1.0,0.9501,0.0,3.5391,True,fuzzy_logic_fixed_snr,2.4956,0.8605
160,v3,v15,20.0,20.0,20.0,0.6,0.1,0.4,-4.6334,True,fuzzy_logic_fixed_snr,1.435,0.4066
160,v3,v11,20.0,40.0,10.0,0.6,0.2,0.2,-8.0412,False,fuzzy_logic_fixed_snr,-8.0842,0.7279
160,v3,v4,20.0,40.11,10.0,0.6,0.2006,0.2,-8.0607,False,fuzzy_logic_fixed_snr,-8.0873,0.7123
160,v3,v19,20.0,110.0,0.0,0.6,0.55,0.0,-12.6623,True,fuzzy_logic_fixed_snr,0.7161,0.1813
160,v3,v7,20.0,140.0,10.0,0.6,0.7,0.2,-16.7463,True,fuzzy_logic_fixed_snr,0.5632,0.149
160,v4,v15,40.0,20.22,10.0,1.0,0.1011,0.2,16.698,False,fuzzy_logic_fixed_snr,16.6706,0.9971
160,v4,v3,40.0,40.11,10.0,1.0,0.2006,0.2,11.9393,False,fuzzy_logic_fixed_snr,11.9221,0.9936
160,v4,v19,40.0,70.06,10.0,1.0,0.3503,0.2,8.0638,False,fuzzy_logic_fixed_snr,8.0413,0.9932
160,v4,v11,40.0,80.06,0.0,1.0,0.4003,0.0,9.5457,False,fuzzy_logic_fixed_snr,9.5133,0.9916
160,v4,v8,40.0,110.0,10.0,1.0,0.55,0.2,4.9295,False,fuzzy_logic_fixed_snr,4.8923,0.9857
10,v1,v2,40.0,20.22,20.0,1.0,0.1011,0.4,15.2892,False,fuzzy_logic_dynamic_snr,15.2599,0.999
10,v1,v5,40.0,110.0,20.0,1.0,0.55,0.4,3.5207,False,fuzzy_logic_dynamic_snr,3.4933,0.9867
10,v1,v6,40.0,190.02,10.0,1.0,0.9501,0.2,1.1308,True,fuzzy_logic_dynamic_snr,2.3464,0.8342
10,v2,v1,20.0,20.22,20.0,0.6,0.1011,0.4,-4.7108,True,fuzzy_logic_dynamic_snr,1.5359,0.4621
10,v2,v5,20.0,130.03,40.0,0.6,0.6502,0.8,-19.4167,True,fuzzy_logic_dynamic_snr,0.5484,0.124
10,v3,v4,20.0,50.09,30.0,0.6,0.2504,0.6,-12.0125,True,fuzzy_logic_dynamic_snr,0.8495,0.2074
10,v3,v7,20.0,100.0,30.0,0.6,0.5,0.6,-16.8165,True,fuzzy_logic_dynamic_snr,0.6105,0.1715
10,v3,v8,20.0,130.03,10.0,0.6,0.6502,0.2,-16.2332,True,fuzzy_logic_dynamic_snr,0.6563,0.1512
10,v4,v3,40.0,50.09,30.0,1.0,0.2504,0.6,7.9875,False,fuzzy_logic_dynamic_snr,7.9631,0.9912
10,v4,v7,40.0,50.09,0.0,1.0,0.2504,0.0,12.804,False,fuzzy_logic_dynamic_snr,12.7711,0.9961
10,v4,v8,40.0,80.0,20.0,1.0,0.4,0.4,5.7336,False,fuzzy_logic_dynamic_snr,5.701,0.9916
10,v4,v12,40.0,170.0,20.0,1.0,0.85,0.4,0.4958,True,fuzzy_logic_dynamic_snr,2.261,0.7984
10,v4,v16,40.0,170.0,20.0,1.0,0.85,0.4,0.4958,True,fuzzy_logic_dynamic_snr,2.2681,0.7947
11,v1,v2,40.0,3.0,10.0,1.0,0.015,0.2,29.9578,False,fuzzy_logic_dynamic_snr,29.9334,0.999
11,v1,v5,40.0,90.0,10.0,1.0,0.45,0.2,6.3239,False,fuzzy_logic_dynamic_snr,6.2974,0.9844
11,v2,v1,20.0,3.0,10.0,0.6,0.015,0.2,9.9578,False,fuzzy_logic_dynamic_snr,9.9212,0.9932
11,v2,v5,20.0,90.05,20.0,0.6,0.4502,0.4,-15.0887,True,fuzzy_logic_dynamic_snr,0.6717,0.1721
11,v2,v6,20.0,200.0,0.0,0.6,1.0,0.0,-16.8165,True,fuzzy_logic_dynamic_snr,0.5961,0.1426
11,v3,v4,20.0,80.06,10.0,0.6,0.4003,0.2,-12.8626,True,fuzzy_logic_dynamic_snr,0.797,0.1945
11,v3,v7,20.0,130.0,30.0,0.6,0.65,0.6,-18.6396,True,fuzzy_logic_dynamic_snr,0.5723,0.1232
11,v3,v8,20.0,140.03,20.0,0.6,0.7002,0.4,-18.1566,True,fuzzy_logic_dynamic_snr,0.5863,0.1494
11,v4,v7,40.0,50.09,20.0,1.0,0.2504,0.4,8.987,False,fuzzy_logic_dynamic_snr,8.9665,0.9922
11,v4,v8,40.0,60.0,10.0,1.0,0.3,0.2,9.1413,False,fuzzy_logic_dynamic_snr,9.1107,0.9916
11,v4,v3,40.0,80.06,10.0,1.0,0.4003,0.2,7.1374,False,fuzzy_logic_dynamic_snr,7.1149,0.9932
11,v4,v11,40.0,140.03,30.0,1.0,0.7002,0.6,0.8439,True,fuzzy_logic_dynamic_snr,2.3164,0.8162
11,v4,v12,40.0,190.0,10.0,1.0,0.95,0.2,1.1317,True,fuzzy_logic_dynamic_snr,2.3484,0.8344
12,v1,v2,40.0,10.44,20.0,1.0,0.0522,0.4,19.8836,False,fuzzy_logic_dynamic_snr,19.8628,0.998
12,v1,v5,40.0,100.0,0.0,1.0,0.5,0.0,8.0,False,fuzzy_logic_dynamic_snr,7.9727,0.9922
12,v1,v6,40.0,190.02,10.0,1.0,0.9501,0.2,1.1308,True,fuzzy_logic_dynamic_snr,2.3702,0.8238
12,v2,v1,20.0,10.44,20.0,0.6,0.0522,0.4,-0.1164,True,fuzzy_logic_dynamic_snr,2.1982,0.7605
12,v2,v5,20.0,110.04,20.0,0.6,0.5502,0.4,-16.4818,True,fuzzy_logic_dynamic_snr,0.647,0.1408
12,v2,v6,20.0,200.0,10.0,0.6,1.0,0.2,-19.2247,True,fuzzy_logic_dynamic_snr,0.5633,0.1475
12,v3,v4,20.0,70.06,0.0,0.6,0.3503,0.0,-9.5279,True,fuzzy_logic_dynamic_snr,1.0283,0.2566
12,v3,v7,20.0,100.0,20.0,0.6,0.5,0.4,-15.817,True,fuzzy_logic_dynamic_snr,0.6568,0.167
12,v3,v8,20.0,120.04,20.0,0.6,0.6002,0.4,-17.086,True,fuzzy_logic_dynamic_snr,0.6164,0.1533
12,v3,v11,20.0,180.0,10.0,0.6,0.9,0.2,-18.4926,True,fuzzy_logic_dynamic_snr,0.5522,0.1246
12,v4,v7,40.0,30.15,20.0,1.0,0.1507,0.4,12.5145,False,fuzzy_logic_dynamic_snr,12.4901,0.9941
12,v4,v8,40.0,50.0,20.0,1.0,0.25,0.4,8.9995,False,fuzzy_logic_dynamic_snr,8.9678,0.9912
12,v4,v3,40.0,70.06,0.0,1.0,0.3503,0.0,10.4721,False,fuzzy_logic_dynamic_snr,10.4405,0.9932
12,v4,v11,40.0,110.04,10.0,1.0,0.5502,0.2,4.9269,False,fuzzy_logic_dynamic_snr,4.8964,0.9922
12,v4,v12,40.0,180.0,10.0,1.0,0.9,0.2,1.5074,True,fuzzy_logic_dynamic_snr,2.3973,0.8236
13,v1,v2,40.0,30.15,10.0,1.0,0.1507,0.2,13.9232,False,fuzzy_logic_dynamic_snr,13.9052,0.9941
13,v1,v5,40.0,100.0,30.0,1.0,0.5,0.6,3.1835,True,fuzzy_logic_dynamic_snr,2.5662,0.8975
13,v1,v6,40.0,180.02,0.0,1.0,0.9001,0.0,3.9147,True,fuzzy_logic_dynamic_snr,2.6277,0.9029
13,v2,v1,20.0,30.15,10.0,0.6,0.1507,0.2,-6.0768,False,fuzzy_logic_dynamic_snr,-6.0946,0.817
13,v2,v5,20.0,130.03,20.0,0.6,0.6502,0.4,-17.6419,True,fuzzy_logic_dynamic_snr,0.6003,0.1404
13,v3,v4,20.0,70.06,10.0,0.6,0.3503,0.2,-11.9362,True,fuzzy_logic_dynamic_snr,0.8319,0.2137
13,v3,v7,20.0,120.0,10.0,0.6,0.6,0.2,-15.6751,True,fuzzy_logic_dynamic_snr,0.6739,0.1779
13,v3,v8,20.0,140.03,20.0,0.6,0.7002,0.4,-18.1566,True,fuzzy_logic_dynamic_snr,0.5811,0.1449
13,v3,v11,20.0,190.0,10.0,0.6,0.95,0.2,-18.8683,True,fuzzy_logic_dynamic_snr,0.5579,0.1291
13,v4,v7,40.0,50.09,20.0,1.0,0.2504,0.4,8.987,False,fuzzy_logic_dynamic_snr,8.9532,0.9922
13,v4,v8,40.0,70.0,10.0,1.0,0.35,0.2,8.0702,False,fuzzy_logic_dynamic_snr,8.0436,0.9922
13,v4,v3,40.0,70.06,10.0,1.0,0.3503,0.2,8.0638,False,fuzzy_logic_dynamic_snr,8.0473,0.9893
13,v4,v11,40.0,120.04,0.0,1.0,0.6002,0.0,6.7309,False,fuzzy_logic_dynamic_snr,6.7138,0.9941
13,v4,v12,40.0,170.0,0.0,1.0,0.85,0.0,4.3128,True,fuzzy_logic_dynamic_snr,2.6606,0.9119
14,v1,v2,40.0,20.22,30.0,1.0,0.1011,0.6,14.2897,False,fuzzy_logic_dynamic_snr,14.2635,0.9971
14,v1,v5,40.0,130.0,30.0,1.0,0.65,0.6,1.3604,True,fuzzy_logic_dynamic_snr,2.3772,0.8375
14,v1,v6,40.0,180.02,40.0,1.0,0.9001,0.8,-1.6771,True,fuzzy_logic_dynamic_snr,1.9572,0.6746
14,v2,v1,20.0,20.22,30.0,0.6,0.1011,0.6,-5.7103,True,fuzzy_logic_dynamic_snr,1.4308,0.408
14,v2,v5,20.0,150.03,0.0,0.6,0.7501,0.0,-14.8188,True,fuzzy_logic_dynamic_snr,0.7092,0.1441
14,v2,v6,20.0,200.0,10.0,0.6,1.0,0.2,-19.2247,True,fuzzy_logic_dynamic_snr,0.5773,0.1555
14,v3,v4,20.0,80.06,10.0,0.6,0.4003,0.2,-12.8626,True,fuzzy_logic_dynamic_snr,0.799,0.2049
14,v3,v7,20.0,110.0,10.0,0.6,0.55,0.2,-15.0705,True,fuzzy_logic_dynamic_snr,0.6682,0.1727
14,v3,v8,20.0,160.03,10.0,0.6,0.8001,0.2,-17.6754,True,fuzzy_logic_dynamic_snr,0.5799,0.1459
14,v3,v11,20.0,200.0,10.0,0.6,1.0,0.2,-19.2247,True,fuzzy_logic_dynamic_snr,0.5378,0.1313
14,v4,v7,40.0,30.15,20.0,1.0,0.1507,0.4,12.5145,False,fuzzy_logic_dynamic_snr,12.4732,0.9902
14,v4,v8,40.0,80.0,0.0,1.0,0.4,0.0,9.5506,False,fuzzy_logic_dynamic_snr,9.5351,0.9932
14,v4,v3,40.0,80.06,10.0,1.0,0.4003,0.2,7.1374,False,fuzzy_logic_dynamic_snr,7.1156,0.9844
14,v4,v11,40.0,120.04,0.0,1.0,0.6002,0.0,6.7309,False,fuzzy_logic_dynamic_snr,6.6978,0.9932
14,v4,v12,40.0,170.0,20.0,1.0,0.85,0.4,0.4958,True,fuzzy_logic_dynamic_snr,2.2784,0.7924
15,v1,v2,40.0,50.09,20.0,1.0,0.2504,0.4,8.987,False,fuzzy_logic_dynamic_snr,8.9586,0.9932
15,v1,v5,40.0,100.0,10.0,1.0,0.5,0.2,5.5918,False,fuzzy_logic_dynamic_snr,5.5523,0.9883
15,v1,v6,40.0,140.03,10.0,1.0,0.7002,0.2,3.2521,False,fuzzy_logic_dynamic_snr,3.2375,0.9883
15,v2,v1,20.0,50.09,20.0,0.6,0.2504,0.4,-11.013,True,fuzzy_logic_dynamic_snr,0.9161,0.2121
15,v2,v5,20.0,150.03,10.0,0.6,0.7501,0.2,-17.2271,True,fuzzy_logic_dynamic_snr,0.5872,0.1555
15,v2,v6,20.0,190.0,30.0,0.6,0.95,0.6,-21.2765,True,fuzzy_logic_dynamic_snr,0.5196,0.1357
15,v3,v4,20.0,70.06,30.0,0.6,0.3503,0.6,-14.3444,True,fuzzy_logic_dynamic_snr,0.6981,0.1719
15,v3,v7,20.0,120.0,20.0,0.6,0.6,0.4,-17.0839,True,fuzzy_logic_dynamic_snr,0.6064,0.1342
15,v3,v8,20.0,150.03,10.0,0.6,0.7501,0.2,-17.2271,True,fuzzy_logic_dynamic_snr,0.6047,0.1594
15,v3,v11,20.0,190.0,10.0,0.6,0.95,0.2,-18.8683,True,fuzzy_logic_dynamic_snr,0.5551,0.1383
15,v4,v7,40.0,50.09,10.0,1.0,0.2504,0.2,10.3958,False,fuzzy_logic_dynamic_snr,10.3759,0.9941
15,v4,v3,40.0,70.06,30.0,1.0,0.3503,0.6,5.6556,False,fuzzy_logic_dynamic_snr,5.6378,0.9902
15,v4,v8,40.0,80.0,40.0,1.0,0.4,0.8,3.9588,True,fuzzy_logic_dynamic_snr,2.6393,0.9064
15,v4,v11,40.0,120.04,40.0,1.0,0.6002,0.8,1.1392,True,fuzzy_logic_dynamic_snr,2.355,0.8291
15,v4,v12,40.0,190.0,40.0,1.0,0.95,0.8,-2.0518,True,fuzzy_logic_dynamic_snr,1.917,0.6656
16,v1,v2,40.0,30.15,0.0,1.0,0.1507,0.0,16.3315,False,fuzzy_logic_dynamic_snr,16.3036,0.9971
16,v1,v5,40.0,110.0,20.0,1.0,0.55,0.4,3.5207,False,fuzzy_logic_dynamic_snr,3.4927,0.9854
16,v1,v6,40.0,130.03,10.0,1.0,0.6502,0.2,3.7668,False,fuzzy_logic_dynamic_snr,3.7349,0.9779
16,v2,v1,20.0,30.15,0.0,0.6,0.1507,0.0,-3.6685,False,fuzzy_logic_dynamic_snr,-3.7007,0.902
16,v2,v5,20.0,140.03,20.0,0.6,0.7002,0.4,-18.1566,True,fuzzy_logic_dynamic_snr,0.5875,0.1488
16,v2,v6,20.0,160.0,10.0,0.6,0.8,0.2,-17.6742,True,fuzzy_logic_dynamic_snr,0.5783,0.135
16,v3,v4,20.0,100.04,40.0,0.6,0.5002,0.8,-17.5949,True,fuzzy_logic_dynamic_snr,0.6184,0.1326
16,v3,v7,20.0,140.0,0.0,0.6,0.7,0.0,-14.338,True,fuzzy_logic_dynamic_snr,0.7071,0.1607
16,v3,v8,20.0,140.03,0.0,0.6,0.7002,0.0,-14.3396,True,fuzzy_logic_dynamic_snr,0.7205,0.1795
16,v3,v11,20.0,180.0,10.0,0.6,0.9,0.2,-18.4926,True,fuzzy_logic_dynamic_snr,0.5841,0.1545
16,v4,v8,40.0,40.0,40.0,1.0,0.2,0.8,8.7753,True,fuzzy_logic_dynamic_snr,2.8601,0.9549
16,v4,v7,40.0,40.11,40.0,1.0,0.2006,0.8,8.7558,True,fuzzy_logic_dynamic_snr,2.8625,0.9539
16,v4,v11,40.0,80.06,30.0,1.0,0.4003,0.6,4.7292,False,fuzzy_logic_dynamic_snr,4.7061,0.9848
16,v4,v3,40.0,100.04,40.0,1.0,0.5002,0.8,2.4051,True,fuzzy_logic_dynamic_snr,2.4936,0.8789
16,v4,v12,40.0,150.0,40.0,1.0,0.75,0.8,-0.4092,True,fuzzy_logic_dynamic_snr,2.1493,0.7273
17,v1,v2,40.0,30.15,40.0,1.0,0.1507,0.8,10.7397,True,fuzzy_logic_dynamic_snr,2.9006,0.9578
17,v1,v5,40.0,130.0,30.0,1.0,0.65,0.6,1.3604,True,fuzzy_logic_dynamic_snr,2.3758,0.8186
17,v1,v6,40.0,140.03,40.0,1.0,0.7002,0.8,0.0686,True,fuzzy_logic_dynamic_snr,2.2193,0.7594
17,v2,v1,20.0,30.15,40.0,0.6,0.1507,0.8,-9.2603,True,fuzzy_logic_dynamic_snr,1.0295,0.2541
17,v2,v5,20.0,160.03,10.0,0.6,0.8001,0.2,-17.6754,True,fuzzy_logic_dynamic_snr,0.5823,0.1338
17,v2,v6,20.0,170.0,0.0,0.6,0.85,0.0,-15.6872,True,fuzzy_logic_dynamic_snr,0.6661,0.1564
17,v3,v4,20.0,60.07,0.0,0.6,0.3004,0.0,-8.4591,True,fuzzy_logic_dynamic_snr,1.0884,0.3047
17,v3,v7,20.0,140.0,0.0,0.6,0.7,0.0,-14.338,True,fuzzy_logic_dynamic_snr,0.7156,0.1633
17,v3,v8,20.0,140.03,10.0,0.6,0.7002,0.2,-16.7479,True,fuzzy_logic_dynamic_snr,0.6126,0.1631
17,v3,v11,20.0,170.0,20.0,0.6,0.85,0.4,-19.5042,True,fuzzy_logic_dynamic_snr,0.5473,0.1432
17,v4,v3,40.0,60.07,0.0,1.0,0.3004,0.0,11.5409,False,fuzzy_logic_dynamic_snr,11.5172,0.9941
17,v4,v8,40.0,80.0,10.0,1.0,0.4,0.2,7.1423,False,fuzzy_logic_dynamic_snr,7.1053,0.9867
17,v4,v7,40.0,80.06,0.0,1.0,0.4003,0.0,9.5457,False,fuzzy_logic_dynamic_snr,9.5229,0.9912
17,v4,v11,40.0,110.04,20.0,1.0,0.5502,0.4,3.5182,False,fuzzy_logic_dynamic_snr,3.4954,0.9873
17,v4,v12,40.0,190.0,0.0,1.0,0.95,0.0,3.5399,True,fuzzy_logic_dynamic_snr,2.5989,0.9039
18,v1,v2,40.0,70.06,10.0,1.0,0.3503,0.2,8.0638,False,fuzzy_logic_dynamic_snr,8.0432,0.9912
18,v1,v5,40.0,100.0,30.0,1.0,0.5,0.6,3.1835,True,fuzzy_logic_dynamic_snr,2.5736,0.8834
18,v1,v6,40.0,100.04,40.0,1.0,0.5002,0.8,2.4051,True,fuzzy_logic_dynamic_snr,2.4891,0.868
18,v2,v1,20.0,70.06,10.0,0.6,0.3503,0.2,-11.9362,True,fuzzy_logic_dynamic_snr,0.8288,0.2115
18,v2,v6,20.0,170.0,30.0,0.6,0.85,0.6,-20.5037,True,fuzzy_logic_dynamic_snr,0.5277,0.1283
18,v2,v5,20.0,170.03,20.0,0.6,0.8501,0.4,-19.5052,True,fuzzy_logic_dynamic_snr,0.5534,0.1244
18,v3,v4,20.0,60.07,10.0,0.6,0.3004,0.2,-10.8673,True,fuzzy_logic_dynamic_snr,0.9122,0.1982
18,v3,v8,20.0,130.03,0.0,0.6,0.6502,0.0,-13.8249,True,fuzzy_logic_dynamic_snr,0.722,0.1824
18,v3,v7,20.0,140.0,20.0,0.6,0.7,0.4,-18.155,True,fuzzy_logic_dynamic_snr,0.5811,0.1551
18,v3,v11,20.0,150.0,10.0,0.6,0.75,0.2,-17.2257,True,fuzzy_logic_dynamic_snr,0.6322,0.1473
18,v4,v3,40.0,60.07,10.0,1.0,0.3004,0.2,9.1327,False,fuzzy_logic_dynamic_snr,9.1099,0.9912
18,v4,v8,40.0,70.0,10.0,1.0,0.35,0.2,8.0702,False,fuzzy_logic_dynamic_snr,8.043,0.9932
18,v4,v7,40.0,80.06,10.0,1.0,0.4003,0.2,7.1374,False,fuzzy_logic_dynamic_snr,7.1057,0.9912
18,v4,v11,40.0,90.05,0.0,1.0,0.4502,0.0,8.7283,False,fuzzy_logic_dynamic_snr,8.7027,0.9941
18,v4,v12,40.0,190.0,30.0,1.0,0.95,0.6,-1.2765,True,fuzzy_logic_dynamic_snr,2.0483,0.6844
19,v1,v2,40.0,60.07,20.0,1.0,0.3004,0.4,7.7239,False,fuzzy_logic_dynamic_snr,7.6964,0.99
19,v1,v5,40.0,130.0,0.0,1.0,0.65,0.0,6.1769,False,fuzzy_logic_dynamic_snr,6.1467,0.9873
19,v1,v6,40.0,140.03,10.0,1.0,0.7002,0.2,3.2521,False,fuzzy_logic_dynamic_snr,3.2332,0.9883
19,v2,v1,20.0,60.07,20.0,0.6,0.3004,0.4,-12.2761,True,fuzzy_logic_dynamic_snr,0.7996,0.2143
19,v2,v5,20.0,190.02,20.0,0.6,0.9501,0.4,-20.2779,True,fuzzy_logic_dynamic_snr,0.5288,0.1342
19,v2,v6,20.0,200.0,30.0,0.6,1.0,0.6,-21.633,True,fuzzy_logic_dynamic_snr,0.4724,0.1158
19,v3,v4,20.0,50.09,30.0,0.6,0.2504,0.6,-12.0125,True,fuzzy_logic_dynamic_snr,0.8376,0.2035
19,v3,v7,20.0,120.0,30.0,0.6,0.6,0.6,-18.0834,True,fuzzy_logic_dynamic_snr,0.5722,0.1443
19,v3,v8,20.0,130.03,0.0,0.6,0.6502,0.0,-13.8249,True,fuzzy_logic_dynamic_snr,0.7299,0.166
19,v3,v11,20.0,140.0,0.0,0.6,0.7,0.0,-14.338,True,fuzzy_logic_dynamic_snr,0.7218,0.1973
19,v4,v3,40.0,50.09,30.0,1.0,0.2504,0.6,7.9875,False,fuzzy_logic_dynamic_snr,7.9651,0.9912
19,v4,v7,40.0,70.06,0.0,1.0,0.3503,0.0,10.4721,False,fuzzy_logic_dynamic_snr,10.4534,0.9936
19,v4,v8,40.0,80.0,30.0,1.0,0.4,0.6,4.7341,False,fuzzy_logic_dynamic_snr,4.7179,0.9848
19,v4,v11,40.0,90.05,30.0,1.0,0.4502,0.6,3.9118,True,fuzzy_logic_dynamic_snr,2.6363,0.902
19,v4,v12,40.0,160.0,20.0,1.0,0.8,0.4,0.9171,True,fuzzy_logic_dynamic_snr,2.3276,0.8283
20,v1,v2,40.0,40.11,0.0,1.0,0.2006,0.0,14.3476,False,fuzzy_logic_dynamic_snr,14.3261,0.9961
20,v1,v5,40.0,130.0,30.0,1.0,0.65,0.6,1.3604,True,fuzzy_logic_dynamic_snr,2.3693,0.8551
20,v1,v6,40.0,130.03,30.0,1.0,0.6502,0.6,1.3586,True,fuzzy_logic_dynamic_snr,2.3815,0.8379
20,v2,v1,20.0,40.11,0.0,0.6,0.2006,0.0,-5.6524,False,fuzzy_logic_dynamic_snr,-5.6864,0.8289
20,v2,v6,20.0,170.0,30.0,0.6,0.85,0.6,-20.5037,True,fuzzy_logic_dynamic_snr,0.518,0.1246
20,v2,v5,20.0,170.03,30.0,0.6,0.8501,0.6,-20.5047,True,fuzzy_logic_dynamic_snr,0.531,0.1193
20,v3,v4,20.0,80.06,30.0,0.6,0.4003,0.6,-15.2708,True,fuzzy_logic_dynamic_snr,0.694,0.1807
20,v3,v8,20.0,130.03,10.0,0.6,0.6502,0.2,-16.2332,True,fuzzy_logic_dynamic_snr,0.6379,0.1623
20,v3,v11,20.0,140.0,20.0,0.6,0.7,0.4,-18.155,True,fuzzy_logic_dynamic_snr,0.5846,0.1301
20,v3,v7,20.0,150.0,0.0,0.6,0.75,0.0,-14.8175,True,fuzzy_logic_dynamic_snr,0.7048,0.1752
20,v4,v8,40.0,50.0,20.0,1.0,0.25,0.4,8.9995,False,fuzzy_logic_dynamic_snr,8.9695,0.9961
20,v4,v11,40.0,60.07,10.0,1.0,0.3004,0.2,9.1327,False,fuzzy_logic_dynamic_snr,9.1043,0.9912
20,v4,v7,40.0,70.06,30.0,1.0,0.3503,0.6,5.6556,False,fuzzy_logic_dynamic_snr,5.6306,0.9912
20,v4,v3,40.0,80.06,30.0,1.0,0.4003,0.6,4.7292,False,fuzzy_logic_dynamic_snr,4.6967,0.9857
20,v4,v12,40.0,140.0,10.0,1.0,0.7,0.2,3.2537,False,fuzzy_logic_dynamic_snr,3.238,0.9799
21,v1,v2,40.0,40.11,30.0,1.0,0.2006,0.6,9.5311,False,fuzzy_logic_dynamic_snr,9.5123,0.9922
21,v1,v5,40.0,160.0,0.0,1.0,0.8,0.0,4.7341,True,fuzzy_logic_dynamic_snr,2.6969,0.9168
21,v1,v6,40.0,160.03,40.0,1.0,0.8001,0.8,-0.8589,True,fuzzy_logic_dynamic_snr,2.092,0.7234
21,v2,v1,20.0,40.11,30.0,0.6,0.2006,0.6,-10.4689,True,fuzzy_logic_dynamic_snr,0.9456,0.2379
21,v2,v6,20.0,200.0,10.0,0.6,1.0,0.2,-19.2247,True,fuzzy_logic_dynamic_snr,0.557,0.1549
21,v3,v4,20.0,110.04,40.0,0.6,0.5502,0.8,-18.2566,True,fuzzy_logic_dynamic_snr,0.5761,0.1338
21,v3,v8,20.0,140.03,40.0,0.6,0.7002,0.8,-19.9314,True,fuzzy_logic_dynamic_snr,0.5511,0.1189
21,v3,v7,20.0,150.0,40.0,0.6,0.75,0.8,-20.4092,True,fuzzy_logic_dynamic_snr,0.5121,0.1453
21,v3,v11,20.0,160.0,10.0,0.6,0.8,0.2,-17.6742,True,fuzzy_logic_dynamic_snr,0.589,0.1426
21,v4,v8,40.0,30.0,0.0,1.0,0.15,0.0,16.3661,False,fuzzy_logic_dynamic_snr,16.3338,0.998
21,v4,v7,40.0,40.11,0.0,1.0,0.2006,0.0,14.3476,False,fuzzy_logic_dynamic_snr,14.3106,0.9971
21,v4,v11,40.0,50.09,30.0,1.0,0.2504,0.6,7.9875,False,fuzzy_logic_dynamic_snr,7.9579,0.9922
21,v4,v3,40.0,110.04,40.0,1.0,0.5502,0.8,1.7434,True,fuzzy_logic_dynamic_snr,2.4175,0.8322
21,v4,v12,40.0,130.0,30.0,1.0,0.65,0.6,1.3604,True,fuzzy_logic_dynamic_snr,2.3766,0.8496
22,v1,v2,40.0,70.06,10.0,1.0,0.3503,0.2,8.0638,False,fuzzy_logic_dynamic_snr,8.0335,0.9906
22,v1,v6,40.0,120.04,10.0,1.0,0.6002,0.2,4.3227,False,fuzzy_logic_dynamic_snr,4.2985,0.9854
22,v1,v5,40.0,160.0,20.0,1.0,0.8,0.4,0.9171,True,fuzzy_logic_dynamic_snr,2.3261,0.8383
22,v2,v1,20.0,70.06,10.0,0.6,0.3503,0.2,-11.9362,True,fuzzy_logic_dynamic_snr,0.8302,0.2145
22,v2,v6,20.0,190.0,0.0,0.6,0.95,0.0,-16.4601,True,fuzzy_logic_dynamic_snr,0.6332,0.1605
22,v3,v4,20.0,150.03,10.0,0.6,0.7501,0.2,-17.2271,True,fuzzy_logic_dynamic_snr,0.5873,0.1342
22,v3,v11,20.0,170.0,20.0,0.6,0.85,0.4,-19.5042,True,fuzzy_logic_dynamic_snr,0.5421,0.1379
22,v3,v8,20.0,180.02,10.0,0.6,0.9001,0.2,-18.4936,True,fuzzy_logic_dynamic_snr,0.5881,0.1553
22,v3,v7,20.0,190.0,10.0,0.6,0.95,0.2,-18.8683,True,fuzzy_logic_dynamic_snr,0.5661,0.1309
22,v4,v11,40.0,20.22,30.0,1.0,0.1011,0.6,14.2897,False,fuzzy_logic_dynamic_snr,14.2597,0.9951
22,v4,v8,40.0,30.0,20.0,1.0,0.15,0.4,12.5491,False,fuzzy_logic_dynamic_snr,12.5153,0.9971
22,v4,v7,40.0,40.11,20.0,1.0,0.2006,0.4,10.5306,False,fuzzy_logic_dynamic_snr,10.4952,0.9932
22,v4,v12,40.0,100.0,10.0,1.0,0.5,0.2,5.5918,False,fuzzy_logic_dynamic_snr,5.5618,0.9912
22,v4,v3,40.0,150.03,10.0,1.0,0.7501,0.2,2.7729,False,fuzzy_logic_dynamic_snr,2.7485,0.9854
23,v1,v2,40.0,80.06,30.0,1.0,0.4003,0.6,4.7292,False,fuzzy_logic_dynamic_snr,4.6972,0.9883
23,v1,v6,40.0,110.04,30.0,1.0,0.5502,0.6,2.5187,True,fuzzy_logic_dynamic_snr,2.5023,0.8672
23,v1,v5,40.0,140.0,40.0,1.0,0.7,0.8,0.0702,True,fuzzy_logic_dynamic_snr,2.2227,0.7631
23,v2,v1,20.0,80.06,30.0,0.6,0.4003,0.6,-15.2708,True,fuzzy_logic_dynamic_snr,0.669,0.1646
23,v2,v6,20.0,190.0,0.0,0.6,0.95,0.0,-16.4601,True,fuzzy_logic_dynamic_snr,0.6188,0.1375
23,v3,v4,20.0,140.03,40.0,0.6,0.7002,0.8,-19.9314,True,fuzzy_logic_dynamic_snr,0.5466,0.1313
23,v3,v11,20.0,190.0,30.0,0.6,0.95,0.6,-21.2765,True,fuzzy_logic_dynamic_snr,0.5169,0.1414
23,v3,v8,20.0,190.02,40.0,0.6,0.9501,0.8,-22.0527,True,fuzzy_logic_dynamic_snr,0.4933,0.1234
23,v3,v7,20.0,200.0,0.0,0.6,1.0,0.0,-16.8165,True,fuzzy_logic_dynamic_snr,0.6086,0.1322
23,v4,v8,40.0,50.0,0.0,1.0,0.25,0.0,12.8165,False,fuzzy_logic_dynamic_snr,12.7778,0.9961
23,v4,v11,40.0,50.09,10.0,1.0,0.2504,0.2,10.3958,False,fuzzy_logic_dynamic_snr,10.3745,0.9922
23,v4,v7,40.0,60.07,40.0,1.0,0.3004,0.8,5.9491,True,fuzzy_logic_dynamic_snr,2.7596,0.9324
23,v4,v12,40.0,90.0,40.0,1.0,0.45,0.8,3.1404,True,fuzzy_logic_dynamic_snr,2.5631,0.8982
23,v4,v3,40.0,140.03,40.0,1.0,0.7002,0.8,0.0686,True,fuzzy_logic_dynamic_snr,2.2294,0.765
24,v1,v2,40.0,50.09,0.0,1.0,0.2504,0.0,12.804,False,fuzzy_logic_dynamic_snr,12.775,0.9971
24,v1,v6,40.0,140.03,30.0,1.0,0.7002,0.6,0.8439,True,fuzzy_logic_dynamic_snr,2.3173,0.8072
24,v1,v5,40.0,180.0,20.0,1.0,0.9,0.4,0.0987,True,fuzzy_logic_dynamic_snr,2.2192,0.7582
24,v2,v1,20.0,50.09,0.0,0.6,0.2504,0.0,-7.196,False,fuzzy_logic_dynamic_snr,-7.2322,0.7969
24,v2,v6,20.0,190.0,30.0,0.6,0.95,0.6,-21.2765,True,fuzzy_logic_dynamic_snr,0.5098,0.1443
24,v3,v4,20.0,100.04,20.0,0.6,0.5002,0.4,-15.8201,True,fuzzy_logic_dynamic_snr,0.6514,0.141
24,v3,v8,20.0,150.03,30.0,0.6,0.7501,0.6,-19.6353,True,fuzzy_logic_dynamic_snr,0.5429,0.1521
24,v3,v11,20.0,160.0,30.0,0.6,0.8,0.6,-20.0824,True,fuzzy_logic_dynamic_snr,0.5391,0.1422
24,v3,v7,20.0,200.0,20.0,0.6,1.0,0.4,-20.6334,True,fuzzy_logic_dynamic_snr,0.515,0.1287
24,v4,v8,40.0,50.0,10.0,1.0,0.25,0.2,10.4082,False,fuzzy_logic_dynamic_snr,10.3812,0.9971
24,v4,v11,40.0,60.07,10.0,1.0,0.3004,0.2,9.1327,False,fuzzy_logic_dynamic_snr,9.1169,0.9887
24,v4,v3,40.0,100.04,20.0,1.0,0.5002,0.4,4.1799,False,fuzzy_logic_dynamic_snr,4.1493,0.9844
24,v4,v7,40.0,100.04,0.0,1.0,0.5002,0.0,7.9969,False,fuzzy_logic_dynamic_snr,7.9708,0.9893
24,v4,v12,40.0,130.0,0.0,1.0,0.65,0.0,6.1769,False,fuzzy_logic_dynamic_snr,6.1343,0.9873
25,v1,v2,40.0,50.09,40.0,1.0,0.2504,0.8,7.2122,True,fuzzy_logic_dynamic_snr,2.814,0.9484
25,v1,v6,40.0,170.03,10.0,1.0,0.8501,0.2,1.9035,True,fuzzy_logic_dynamic_snr,2.4311,0.8469
25,v1,v5,40.0,200.0,20.0,1.0,1.0,0.4,-0.6334,True,fuzzy_logic_dynamic_snr,2.1326,0.7215
25,v2,v1,20.0,50.09,40.0,0.6,0.2504,0.8,-12.7878,True,fuzzy_logic_dynamic_snr,0.7951,0.1875
25,v3,v4,20.0,120.04,30.0,0.6,0.6002,0.6,-18.0856,True,fuzzy_logic_dynamic_snr,0.5807,0.1447
25,v3,v8,20.0,180.02,10.0,0.6,0.9001,0.2,-18.4936,True,fuzzy_logic_dynamic_snr,0.5781,0.1486
25,v3,v11,20.0,190.0,10.0,0.6,0.95,0.2,-18.8683,True,fuzzy_logic_dynamic_snr,0.5655,0.1484
25,v4,v8,40.0,60.0,40.0,1.0,0.3,0.8,5.9578,True,fuzzy_logic_dynamic_snr,2.7572,0.9338
25,v4,v11,40.0,70.06,20.0,1.0,0.3503,0.4,6.6551,False,fuzzy_logic_dynamic_snr,6.6242,0.9883
25,v4,v7,40.0,100.04,20.0,1.0,0.5002,0.4,4.1799,False,fuzzy_logic_dynamic_snr,4.1568,0.9844
25,v4,v3,40.0,120.04,30.0,1.0,0.6002,0.6,1.9144,True,fuzzy_logic_dynamic_snr,2.4353,0.8428
25,v4,v12,40.0,130.0,30.0,1.0,0.65,0.6,1.3604,True,fuzzy_logic_dynamic_snr,2.3827,0.8307
26,v1,v2,40.0,90.05,10.0,1.0,0.4502,0.2,6.32,False,fuzzy_logic_dynamic_snr,6.2917,0.9912
26,v1,v6,40.0,160.03,40.0,1.0,0.8001,0.8,-0.8589,True,fuzzy_logic_dynamic_snr,2.0951,0.716
26,v1,v5,40.0,180.0,0.0,1.0,0.9,0.0,3.9156,True,fuzzy_logic_dynamic_snr,2.632,0.9146
26,v2,v1,20.0,90.05,10.0,0.6,0.4502,0.2,-13.68,True,fuzzy_logic_dynamic_snr,0.7417,0.1674
26,v3,v4,20.0,90.05,20.0,0.6,0.4502,0.4,-15.0887,True,fuzzy_logic_dynamic_snr,0.687,0.1852
26,v3,v11,20.0,180.0,10.0,0.6,0.9,0.2,-18.4926,True,fuzzy_logic_dynamic_snr,0.5759,0.1322
26,v3,v8,20.0,190.02,0.0,0.6,0.9501,0.0,-16.4609,True,fuzzy_logic_dynamic_snr,0.6551,0.1525
26,v4,v3,40.0,90.05,20.0,1.0,0.4502,0.4,4.9113,False,fuzzy_logic_dynamic_snr,4.8984,0.9896
26,v4,v11,40.0,90.05,10.0,1.0,0.4502,0.2,6.32,False,fuzzy_logic_dynamic_snr,6.2893,0.9906
26,v4,v8,40.0,100.0,20.0,1.0,0.5,0.4,4.183,False,fuzzy_logic_dynamic_snr,4.1423,0.9863
26,v4,v7,40.0,120.04,10.0,1.0,0.6002,0.2,4.3227,False,fuzzy_logic_dynamic_snr,4.2947,0.9818
26,v4,v12,40.0,160.0,20.0,1.0,0.8,0.4,0.9171,True,fuzzy_logic_dynamic_snr,2.3138,0.8225
27,v1,v2,40.0,100.04,20.0,1.0,0.5002,0.4,4.1799,False,fuzzy_logic_dynamic_snr,4.1725,0.9854
27,v1,v6,40.0,120.04,0.0,1.0,0.6002,0.0,6.7309,False,fuzzy_logic_dynamic_snr,6.7079,0.9887
27,v1,v5,40.0,180.0,10.0,1.0,0.9,0.2,1.5074,True,fuzzy_logic_dynamic_snr,2.3865,0.8338
27,v2,v1,20.0,100.04,20.0,0.6,0.5002,0.4,-15.8201,True,fuzzy_logic_dynamic_snr,0.6554,0.1387
27,v3,v4,20.0,110.04,20.0,0.6,0.5502,0.4,-16.4818,True,fuzzy_logic_dynamic_snr,0.6397,0.1541
27,v3,v11,20.0,190.0,40.0,0.6,0.95,0.8,-22.0518,True,fuzzy_logic_dynamic_snr,0.4842,0.1273
27,v3,v8,20.0,190.02,30.0,0.6,0.9501,0.6,-21.2774,True,fuzzy_logic_dynamic_snr,0.5117,0.1215
27,v4,v8,40.0,80.0,10.0,1.0,0.4,0.2,7.1423,False,fuzzy_logic_dynamic_snr,7.109,0.9922
27,v4,v11,40.0,80.06,20.0,1.0,0.4003,0.4,5.7287,False,fuzzy_logic_dynamic_snr,5.6942,0.9887
27,v4,v3,40.0,110.04,20.0,1.0,0.5502,0.4,3.5182,False,fuzzy_logic_dynamic_snr,3.4936,0.9818
27,v4,v7,40.0,110.04,10.0,1.0,0.5502,0.2,4.9269,False,fuzzy_logic_dynamic_snr,4.8994,0.9854
27,v4,v12,40.0,140.0,20.0,1.0,0.7,0.4,1.845,True,fuzzy_logic_dynamic_snr,2.4235,0.868
28,v1,v2,40.0,80.06,20.0,1.0,0.4003,0.4,5.7287,False,fuzzy_logic_dynamic_snr,5.6937,0.9887
28,v1,v6,40.0,120.04,10.0,1.0,0.6002,0.2,4.3227,False,fuzzy_logic_dynamic_snr,4.2856,0.9873
28,v1,v5,40.0,190.0,10.0,1.0,0.95,0.2,1.1317,True,fuzzy_logic_dynamic_snr,2.362,0.8373
28,v2,v1,20.0,80.06,20.0,0.6,0.4003,0.4,-14.2713,True,fuzzy_logic_dynamic_snr,0.7138,0.1773
28,v2,v6,20.0,200.0,10.0,0.6,1.0,0.2,-19.2247,True,fuzzy_logic_dynamic_snr,0.539,0.1219
28,v3,v4,20.0,90.05,10.0,0.6,0.4502,0.2,-13.68,True,fuzzy_logic_dynamic_snr,0.7335,0.1807
28,v3,v11,20.0,150.0,10.0,0.6,0.75,0.2,-17.2257,True,fuzzy_logic_dynamic_snr,0.6185,0.1508
28,v3,v8,20.0,160.03,10.0,0.6,0.8001,0.2,-17.6754,True,fuzzy_logic_dynamic_snr,0.589,0.1408
28,v4,v11,40.0,60.07,0.0,1.0,0.3004,0.0,11.5409,False,fuzzy_logic_dynamic_snr,11.5052,0.9932
28,v4,v8,40.0,70.0,20.0,1.0,0.35,0.4,6.6615,False,fuzzy_logic_dynamic_snr,6.6369,0.9902
28,v4,v3,40.0,90.05,10.0,1.0,0.4502,0.2,6.32,False,fuzzy_logic_dynamic_snr,6.2933,0.9902
28,v4,v7,40.0,120.04,0.0,1.0,0.6002,0.0,6.7309,False,fuzzy_logic_dynamic_snr,6.7097,0.9867
28,v4,v12,40.0,160.0,20.0,1.0,0.8,0.4,0.9171,True,fuzzy_logic_dynamic_snr,2.3354,0.8443
29,v1,v2,40.0,100.04,10.0,1.0,0.5002,0.2,5.5886,False,fuzzy_logic_dynamic_snr,5.5683,0.9955
29,v1,v6,40.0,110.04,20.0,1.0,0.5502,0.4,3.5182,False,fuzzy_logic_dynamic_snr,3.5056,0.9857
29,v1,v5,40.0,180.0,10.0,1.0,0.9,0.2,1.5074,True,fuzzy_logic_dynamic_snr,2.3881,0.8408
29,v2,v1,20.0,100.04,10.0,0.6,0.5002,0.2,-14.4114,True,fuzzy_logic_dynamic_snr,0.7308,0.1949
29,v3,v4,20.0,100.04,10.0,0.6,0.5002,0.2,-14.4114,True,fuzzy_logic_dynamic_snr,0.7102,0.1762
29,v3,v8,20.0,150.03,20.0,0.6,0.7501,0.4,-18.6358,True,fuzzy_logic_dynamic_snr,0.5636,0.1258
29,v3,v11,20.0,160.0,10.0,0.6,0.8,0.2,-17.6742,True,fuzzy_logic_dynamic_snr,0.5809,0.1295
29,v4,v8,40.0,50.0,30.0,1.0,0.25,0.6,8.0,False,fuzzy_logic_dynamic_snr,7.9728,0.9951
29,v4,v11,40.0,60.07,0.0,1.0,0.3004,0.0,11.5409,False,fuzzy_logic_dynamic_snr,11.5133,0.9936
29,v4,v3,40.0,100.04,10.0,1.0,0.5002,0.2,5.5886,False,fuzzy_logic_dynamic_snr,5.5554,0.9848
29,v4,v7,40.0,120.04,20.0,1.0,0.6002,0.4,2.914,False,fuzzy_logic_dynamic_snr,2.8865,0.9838
29,v4,v12,40.0,140.0,20.0,1.0,0.7,0.4,1.845,True,fuzzy_logic_dynamic_snr,2.4414,0.8688
30,v1,v6,40.0,90.05,10.0,1.0,0.4502,0.2,6.32,False,fuzzy_logic_dynamic_snr,6.2908,0.9893
30,v1,v2,40.0,110.04,10.0,1.0,0.5502,0.2,4.9269,False,fuzzy_logic_dynamic_snr,4.8977,0.9873
30,v1,v5,40.0,170.0,10.0,1.0,0.85,0.2,1.9046,True,fuzzy_logic_dynamic_snr,2.4432,0.8627
30,v2,v1,20.0,110.04,10.0,0.6,0.5502,0.2,-15.0731,True,fuzzy_logic_dynamic_snr,0.6911,0.1586
30,v2,v6,20.0,200.0,0.0,0.6,1.0,0.0,-16.8165,True,fuzzy_logic_dynamic_snr,0.604,0.1385
30,v3,v4,20.0,90.05,20.0,0.6,0.4502,0.4,-15.0887,True,fuzzy_logic_dynamic_snr,0.6835,0.1703
30,v3,v11,20.0,150.0,20.0,0.6,0.75,0.4,-18.6344,True,fuzzy_logic_dynamic_snr,0.575,0.1328
30,v3,v8,20.0,170.03,10.0,0.6,0.8501,0.2,-18.0965,True,fuzzy_logic_dynamic_snr,0.5646,0.1633
30,v4,v11,40.0,60.07,0.0,1.0,0.3004,0.0,11.5409,False,fuzzy_logic_dynamic_snr,11.5108,0.9941
30,v4,v8,40.0,80.0,30.0,1.0,0.4,0.6,4.7341,False,fuzzy_logic_dynamic_snr,4.7038,0.9893
30,v4,v3,40.0,90.05,20.0,1.0,0.4502,0.4,4.9113,False,fuzzy_logic_dynamic_snr,4.8894,0.9883
30,v4,v7,40.0,140.03,40.0,1.0,0.7002,0.8,0.0686,True,fuzzy_logic_dynamic_snr,2.2331,0.7516
30,v4,v12,40.0,160.0,0.0,1.0,0.8,0.0,4.7341,True,fuzzy_logic_dynamic_snr,2.6895,0.923
31,v1,v2,40.0,100.04,0.0,1.0,0.5002,0.0,7.9969,False,fuzzy_logic_dynamic_snr,7.9695,0.9902
31,v1,v6,40.0,100.04,20.0,1.0,0.5002,0.4,4.1799,False,fuzzy_logic_dynamic_snr,4.1533,0.9887
31,v1,v5,40.0,180.0,20.0,1.0,0.9,0.4,0.0987,True,fuzzy_logic_dynamic_snr,2.2155,0.7762
31,v2,v1,20.0,100.04,0.0,0.6,0.5002,0.0,-12.0031,True,fuzzy_logic_dynamic_snr,0.8313,0.1744
31,v2,v6,20.0,200.0,20.0,0.6,1.0,0.4,-20.6334,True,fuzzy_logic_dynamic_snr,0.5237,0.1248
31,v3,v4,20.0,110.04,10.0,0.6,0.5502,0.2,-15.0731,True,fuzzy_logic_dynamic_snr,0.6748,0.1395
31,v3,v8,20.0,160.03,10.0,0.6,0.8001,0.2,-17.6754,True,fuzzy_logic_dynamic_snr,0.5894,0.1445
31,v3,v11,20.0,170.0,30.0,0.6,0.85,0.6,-20.5037,True,fuzzy_logic_dynamic_snr,0.5391,0.1494
31,v4,v8,40.0,50.0,0.0,1.0,0.25,0.0,12.8165,False,fuzzy_logic_dynamic_snr,12.7849,0.9961
31,v4,v11,40.0,60.07,40.0,1.0,0.3004,0.8,5.9491,True,fuzzy_logic_dynamic_snr,2.7625,0.9406
31,v4,v7,40.0,100.04,10.0,1.0,0.5002,0.2,5.5886,False,fuzzy_logic_dynamic_snr,5.5584,0.9863
31,v4,v3,40.0,110.04,10.0,1.0,0.5502,0.2,4.9269,False,fuzzy_logic_dynamic_snr,4.9035,0.9848
31,v4,v12,40.0,160.0,10.0,1.0,0.8,0.2,2.3258,True,fuzzy_logic_dynamic_snr,2.472,0.8742
32,v1,v2,40.0,100.04,20.0,1.0,0.5002,0.4,4.1799,False,fuzzy_logic_dynamic_snr,4.1656,0.9805
32,v1,v6,40.0,120.04,20.0,1.0,0.6002,0.4,2.914,False,fuzzy_logic_dynamic_snr,2.8835,0.9795
32,v1,v5,40.0,160.0,0.0,1.0,0.8,0.0,4.7341,True,fuzzy_logic_dynamic_snr,2.6829,0.9172
32,v2,v1,20.0,100.04,20.0,0.6,0.5002,0.4,-15.8201,True,fuzzy_logic_dynamic_snr,0.6628,0.1324
32,v3,v4,20.0,100.04,20.0,0.6,0.5002,0.4,-15.8201,True,fuzzy_logic_dynamic_snr,0.6488,0.1375
32,v3,v8,20.0,150.03,20.0,0.6,0.7501,0.4,-18.6358,True,fuzzy_logic_dynamic_snr,0.5585,0.1447
32,v3,v11,20.0,200.0,40.0,0.6,1.0,0.8,-22.4082,True,fuzzy_logic_dynamic_snr,0.4854,0.1184
32,v4,v8,40.0,50.0,0.0,1.0,0.25,0.0,12.8165,False,fuzzy_logic_dynamic_snr,12.7891,0.9932
32,v4,v3,40.0,100.04,20.0,1.0,0.5002,0.4,4.1799,False,fuzzy_logic_dynamic_snr,4.1446,0.9857
32,v4,v11,40.0,100.04,20.0,1.0,0.5002,0.4,4.1799,False,fuzzy_logic_dynamic_snr,4.1535,0.9863
32,v4,v7,40.0,110.04,10.0,1.0,0.5502,0.2,4.9269,False,fuzzy_logic_dynamic_snr,4.8966,0.9834
32,v4,v12,40.0,170.0,10.0,1.0,0.85,0.2,1.9046,True,fuzzy_logic_dynamic_snr,2.4551,0.8654
33,v1,v2,40.0,80.06,40.0,1.0,0.4003,0.8,3.9539,True,fuzzy_logic_dynamic_snr,2.6344,0.9201
33,v1,v6,40.0,140.03,10.0,1.0,0.7002,0.2,3.2521,False,fuzzy_logic_dynamic_snr,3.2219,0.9793
33,v1,v5,40.0,160.0,30.0,1.0,0.8,0.6,-0.0824,True,fuzzy_logic_dynamic_snr,2.2038,0.7604
33,v2,v1,20.0,80.06,40.0,0.6,0.4003,0.8,-16.0461,True,fuzzy_logic_dynamic_snr,0.6555,0.16
33,v3,v4,20.0,80.06,0.0,0.6,0.4003,0.0,-10.4543,True,fuzzy_logic_dynamic_snr,0.9338,0.2471
33,v3,v8,20.0,130.03,20.0,0.6,0.6502,0.4,-17.6419,True,fuzzy_logic_dynamic_snr,0.5804,0.143
33,v3,v11,20.0,160.0,10.0,0.6,0.8,0.2,-17.6742,True,fuzzy_logic_dynamic_snr,0.5908,0.1371
33,v3,v7,20.0,180.0,20.0,0.6,0.9,0.4,-19.9013,True,fuzzy_logic_dynamic_snr,0.5054,0.1219
33,v4,v8,40.0,50.0,20.0,1.0,0.25,0.4,8.9995,False,fuzzy_logic_dynamic_snr,8.973,0.9936
33,v4,v3,40.0,80.06,0.0,1.0,0.4003,0.0,9.5457,False,fuzzy_logic_dynamic_snr,9.524,0.9961
33,v4,v11,40.0,80.06,10.0,1.0,0.4003,0.2,7.1374,False,fuzzy_logic_dynamic_snr,7.1144,0.9881
33,v4,v7,40.0,100.04,20.0,1.0,0.5002,0.4,4.1799,False,fuzzy_logic_dynamic_snr,4.1537,0.9854
33,v4,v12,40.0,180.0,10.0,1.0,0.9,0.2,1.5074,True,fuzzy_logic_dynamic_snr,2.4042,0.8383
34,v1,v2,40.0,40.11,20.0,1.0,0.2006,0.4,10.5306,False,fuzzy_logic_dynamic_snr,10.4939,0.9971
34,v1,v6,40.0,150.03,10.0,1.0,0.7501,0.2,2.7729,False,fuzzy_logic_dynamic_snr,2.7428,0.9822
34,v1,v5,40.0,190.0,10.0,1.0,0.95,0.2,1.1317,True,fuzzy_logic_dynamic_snr,2.3756,0.8463
34,v2,v1,20.0,40.11,20.0,0.6,0.2006,0.4,-9.4694,True,fuzzy_logic_dynamic_snr,1.0357,0.2693
34,v2,v6,20.0,190.0,10.0,0.6,0.95,0.2,-18.8683,True,fuzzy_logic_dynamic_snr,0.5493,0.1207
34,v3,v4,20.0,80.06,10.0,0.6,0.4003,0.2,-12.8626,True,fuzzy_logic_dynamic_snr,0.7992,0.1895
34,v3,v8,20.0,110.04,10.0,0.6,0.5502,0.2,-15.0731,True,fuzzy_logic_dynamic_snr,0.6841,0.1656
34,v3,v11,20.0,150.0,20.0,0.6,0.75,0.4,-18.6344,True,fuzzy_logic_dynamic_snr,0.5726,0.1373
34,v3,v7,20.0,160.0,0.0,0.6,0.8,0.0,-15.2659,True,fuzzy_logic_dynamic_snr,0.6709,0.1803
34,v4,v8,40.0,30.0,20.0,1.0,0.15,0.4,12.5491,False,fuzzy_logic_dynamic_snr,12.5186,0.9961
34,v4,v11,40.0,70.06,10.0,1.0,0.3503,0.2,8.0638,False,fuzzy_logic_dynamic_snr,8.03,0.9887
34,v4,v3,40.0,80.06,10.0,1.0,0.4003,0.2,7.1374,False,fuzzy_logic_dynamic_snr,7.1188,0.9912
34,v4,v7,40.0,80.06,10.0,1.0,0.4003,0.2,7.1374,False,fuzzy_logic_dynamic_snr,7.1075,0.9932
34,v4,v12,40.0,170.0,20.0,1.0,0.85,0.4,0.4958,True,fuzzy_logic_dynamic_snr,2.27,0.7793
35,v1,v2,40.0,20.22,0.0,1.0,0.1011,0.0,19.1062,False,fuzzy_logic_dynamic_snr,19.0894,0.9971
35,v1,v6,40.0,160.03,0.0,1.0,0.8001,0.0,4.7329,True,fuzzy_logic_dynamic_snr,2.6964,0.9244
35,v1,v5,40.0,200.0,20.0,1.0,1.0,0.4,-0.6334,True,fuzzy_logic_dynamic_snr,2.1171,0.735
35,v2,v1,20.0,20.22,0.0,0.6,0.1011,0.0,-0.8938,False,fuzzy_logic_dynamic_snr,-0.9102,0.9617
35,v2,v6,20.0,180.0,0.0,0.6,0.9,0.0,-16.0844,True,fuzzy_logic_dynamic_snr,0.6501,0.1793
35,v3,v4,20.0,70.06,0.0,0.6,0.3503,0.0,-9.5279,True,fuzzy_logic_dynamic_snr,1.0311,0.2445
35,v3,v8,20.0,120.04,40.0,0.6,0.6002,0.8,-18.8608,True,fuzzy_logic_dynamic_snr,0.5607,0.1334
35,v3,v11,20.0,130.0,40.0,0.6,0.65,0.8,-19.4149,True,fuzzy_logic_dynamic_snr,0.5583,0.1322
35,v3,v7,20.0,160.0,10.0,0.6,0.8,0.2,-17.6742,True,fuzzy_logic_dynamic_snr,0.5856,0.1494
35,v4,v8,40.0,50.0,40.0,1.0,0.25,0.8,7.2247,True,fuzzy_logic_dynamic_snr,2.8174,0.9555
35,v4,v11,40.0,60.07,40.0,1.0,0.3004,0.8,5.9491,True,fuzzy_logic_dynamic_snr,2.7604,0.9357
35,v4,v3,40.0,70.06,0.0,1.0,0.3503,0.0,10.4721,False,fuzzy_logic_dynamic_snr,10.4445,0.9932
35,v4,v7,40.0,90.05,10.0,1.0,0.4502,0.2,6.32,False,fuzzy_logic_dynamic_snr,6.2908,0.9906
35,v4,v12,40.0,150.0,10.0,1.0,0.75,0.2,2.7743,False,fuzzy_logic_dynamic_snr,2.7517,0.9863
36,v1,v2,40.0,20.22,10.0,1.0,0.1011,0.2,16.698,False,fuzzy_logic_dynamic_snr,16.6715,0.9932
36,v1,v6,40.0,160.03,0.0,1.0,0.8001,0.0,4.7329,True,fuzzy_logic_dynamic_snr,2.688,0.9191
36,v1,v5,40.0,180.0,10.0,1.0,0.9,0.2,1.5074,True,fuzzy_logic_dynamic_snr,2.3897,0.8352
36,v2,v1,20.0,20.22,10.0,0.6,0.1011,0.2,-3.302,False,fuzzy_logic_dynamic_snr,-3.3292,0.891
36,v2,v6,20.0,180.0,10.0,0.6,0.9,0.2,-18.4926,True,fuzzy_logic_dynamic_snr,0.5667,0.1479
36,v3,v4,20.0,70.06,10.0,0.6,0.3503,0.2,-11.9362,True,fuzzy_logic_dynamic_snr,0.8362,0.2213
36,v3,v8,20.0,80.06,10.0,0.6,0.4003,0.2,-12.8626,True,fuzzy_logic_dynamic_snr,0.7813,0.1775
36,v3,v11,20.0,90.0,30.0,0.6,0.45,0.6,-16.0844,True,fuzzy_logic_dynamic_snr,0.6515,0.1455
36,v3,v7,20.0,150.0,30.0,0.6,0.75,0.6,-19.6339,True,fuzzy_logic_dynamic_snr,0.5391,0.1301
36,v4,v8,40.0,10.0,0.0,1.0,0.05,0.0,24.0,False,fuzzy_logic_dynamic_snr,23.9759,0.998
36,v4,v11,40.0,20.22,20.0,1.0,0.1011,0.4,15.2892,False,fuzzy_logic_dynamic_snr,15.2584,0.9961
36,v4,v3,40.0,70.06,10.0,1.0,0.3503,0.2,8.0638,False,fuzzy_logic_dynamic_snr,8.0468,0.9912
36,v4,v7,40.0,80.06,20.0,1.0,0.4003,0.4,5.7287,False,fuzzy_logic_dynamic_snr,5.7077,0.9873
36,v4,v12,40.0,140.0,10.0,1.0,0.7,0.2,3.2537,False,fuzzy_logic_dynamic_snr,3.2173,0.9779
37,v1,v2,40.0,30.15,0.0,1.0,0.1507,0.0,16.3315,False,fuzzy_logic_dynamic_snr,16.2979,0.9971
37,v1,v6,40.0,160.03,10.0,1.0,0.8001,0.2,2.3246,True,fuzzy_logic_dynamic_snr,2.4899,0.8789
37,v1,v5,40.0,170.0,20.0,1.0,0.85,0.4,0.4958,True,fuzzy_logic_dynamic_snr,2.2802,0.8018
37,v2,v1,20.0,30.15,0.0,0.6,0.1507,0.0,-3.6685,False,fuzzy_logic_dynamic_snr,-3.6934,0.9014
37,v2,v6,20.0,190.0,10.0,0.6,0.95,0.2,-18.8683,True,fuzzy_logic_dynamic_snr,0.5583,0.1422
37,v3,v4,20.0,80.06,20.0,0.6,0.4003,0.4,-14.2713,True,fuzzy_logic_dynamic_snr,0.7288,0.1813
37,v3,v8,20.0,90.05,10.0,0.6,0.4502,0.2,-13.68,True,fuzzy_logic_dynamic_snr,0.7645,0.182
37,v3,v11,20.0,120.0,10.0,0.6,0.6,0.2,-15.6751,True,fuzzy_logic_dynamic_snr,0.6833,0.1525
37,v3,v7,20.0,180.0,10.0,0.6,0.9,0.2,-18.4926,True,fuzzy_logic_dynamic_snr,0.5759,0.1494
37,v4,v8,40.0,10.0,30.0,1.0,0.05,0.6,19.1835,False,fuzzy_logic_dynamic_snr,19.1673,0.998
37,v4,v11,40.0,40.11,30.0,1.0,0.2006,0.6,9.5311,False,fuzzy_logic_dynamic_snr,9.503,0.9951
37,v4,v3,40.0,80.06,20.0,1.0,0.4003,0.4,5.7287,False,fuzzy_logic_dynamic_snr,5.696,0.9883
37,v4,v7,40.0,100.04,30.0,1.0,0.5002,0.6,3.1804,True,fuzzy_logic_dynamic_snr,2.5632,0.8992
37,v4,v12,40.0,150.0,40.0,1.0,0.75,0.8,-0.4092,True,fuzzy_logic_dynamic_snr,2.1513,0.7398
38,v1,v2,40.0,30.15,0.0,1.0,0.1507,0.0,16.3315,False,fuzzy_logic_dynamic_snr,16.3053,0.9961
38,v1,v6,40.0,170.03,0.0,1.0,0.8501,0.0,4.3117,True,fuzzy_logic_dynamic_snr,2.6648,0.9178
38,v1,v5,40.0,190.0,10.0,1.0,0.95,0.2,1.1317,True,fuzzy_logic_dynamic_snr,2.3651,0.8244
38,v2,v1,20.0,30.15,0.0,0.6,0.1507,0.0,-3.6685,False,fuzzy_logic_dynamic_snr,-3.7103,0.9064
38,v2,v6,20.0,200.0,0.0,0.6,1.0,0.0,-16.8165,True,fuzzy_logic_dynamic_snr,0.6136,0.1359
38,v3,v4,20.0,60.07,40.0,0.6,0.3004,0.8,-14.0509,True,fuzzy_logic_dynamic_snr,0.7384,0.1826
38,v3,v8,20.0,100.04,40.0,0.6,0.5002,0.8,-17.5949,True,fuzzy_logic_dynamic_snr,0.5978,0.1539
38,v3,v11,20.0,130.0,10.0,0.6,0.65,0.2,-16.2313,True,fuzzy_logic_dynamic_snr,0.6236,0.1682
38,v3,v7,20.0,190.0,10.0,0.6,0.95,0.2,-18.8683,True,fuzzy_logic_dynamic_snr,0.5494,0.1281
38,v4,v8,40.0,40.0,0.0,1.0,0.2,0.0,14.367,False,fuzzy_logic_dynamic_snr,14.3391,0.9971
38,v4,v3,40.0,60.07,40.0,1.0,0.3004,0.8,5.9491,True,fuzzy_logic_dynamic_snr,2.7589,0.9441
38,v4,v11,40.0,70.06,30.0,1.0,0.3503,0.6,5.6556,False,fuzzy_logic_dynamic_snr,5.6468,0.9951
38,v4,v7,40.0,130.03,30.0,1.0,0.6502,0.6,1.3586,True,fuzzy_logic_dynamic_snr,2.3738,0.8287
38,v4,v12,40.0,190.0,30.0,1.0,0.95,0.6,-1.2765,True,fuzzy_logic_dynamic_snr,2.0151,0.6723
39,v1,v2,40.0,30.15,30.0,1.0,0.1507,0.6,11.515,False,fuzzy_logic_dynamic_snr,11.4913,0.9932
39,v1,v6,40.0,170.03,20.0,1.0,0.8501,0.4,0.4948,True,fuzzy_logic_dynamic_snr,2.2699,0.777
39,v1,v5,40.0,180.0,0.0,1.0,0.9,0.0,3.9156,True,fuzzy_logic_dynamic_snr,2.6407,0.9191
39,v2,v1,20.0,30.15,30.0,0.6,0.1507,0.6,-8.485,True,fuzzy_logic_dynamic_snr,1.1195,0.2916
39,v2,v6,20.0,200.0,10.0,0.6,1.0,0.2,-19.2247,True,fuzzy_logic_dynamic_snr,0.5523,0.1336
39,v3,v4,20.0,100.04,10.0,0.6,0.5002,0.2,-14.4114,True,fuzzy_logic_dynamic_snr,0.707,0.1662
39,v3,v11,20.0,140.0,30.0,0.6,0.7,0.6,-19.1545,True,fuzzy_logic_dynamic_snr,0.5623,0.1393
39,v3,v8,20.0,140.03,20.0,0.6,0.7002,0.4,-18.1566,True,fuzzy_logic_dynamic_snr,0.6007,0.1346
39,v3,v7,20.0,200.0,0.0,0.6,1.0,0.0,-16.8165,True,fuzzy_logic_dynamic_snr,0.6314,0.1729
39,v4,v8,40.0,40.0,10.0,1.0,0.2,0.2,11.9588,False,fuzzy_logic_dynamic_snr,11.9185,0.9941
39,v4,v11,40.0,40.11,20.0,1.0,0.2006,0.4,10.5306,False,fuzzy_logic_dynamic_snr,10.5117,0.9941
39,v4,v3,40.0,100.04,10.0,1.0,0.5002,0.2,5.5886,False,fuzzy_logic_dynamic_snr,5.5651,0.9916
39,v4,v7,40.0,100.04,10.0,1.0,0.5002,0.2,5.5886,False,fuzzy_logic_dynamic_snr,5.556,0.9902
39,v4,v12,40.0,160.0,10.0,1.0,0.8,0.2,2.3258,True,fuzzy_logic_dynamic_snr,2.4839,0.8797
40,v1,v2,40.0,3.0,20.0,1.0,0.015,0.4,28.5491,False,fuzzy_logic_dynamic_snr,28.53,0.9971
40,v1,v5,40.0,180.0,10.0,1.0,0.9,0.2,1.5074,True,fuzzy_logic_dynamic_snr,2.3964,0.8295
40,v1,v6,40.0,190.02,30.0,1.0,0.9501,0.6,-1.2774,True,fuzzy_logic_dynamic_snr,2.0422,0.6904
40,v2,v1,20.0,3.0,20.0,0.6,0.015,0.4,8.5491,True,fuzzy_logic_dynamic_snr,2.8563,0.9553
40,v2,v5,20.0,180.02,10.0,0.6,0.9001,0.2,-18.4936,True,fuzzy_logic_dynamic_snr,0.5678,0.1525
40,v2,v6,20.0,190.0,10.0,0.6,0.95,0.2,-18.8683,True,fuzzy_logic_dynamic_snr,0.5698,0.1396
40,v3,v4,20.0,110.04,10.0,0.6,0.5502,0.2,-15.0731,True,fuzzy_logic_dynamic_snr,0.6669,0.1518
40,v3,v8,20.0,160.03,10.0,0.6,0.8001,0.2,-17.6754,True,fuzzy_logic_dynamic_snr,0.5848,0.1502
40,v3,v11,20.0,170.0,0.0,0.6,0.85,0.0,-15.6872,True,fuzzy_logic_dynamic_snr,0.6713,0.143
40,v3,v7,20.0,200.0,10.0,0.6,1.0,0.2,-19.2247,True,fuzzy_logic_dynamic_snr,0.5721,0.1426
40,v4,v8,40.0,50.0,0.0,1.0,0.25,0.0,12.8165,False,fuzzy_logic_dynamic_snr,12.7888,0.998
40,v4,v11,40.0,60.07,10.0,1.0,0.3004,0.2,9.1327,False,fuzzy_logic_dynamic_snr,9.1133,0.9922
40,v4,v7,40.0,90.05,0.0,1.0,0.4502,0.0,8.7283,False,fuzzy_logic_dynamic_snr,8.7101,0.9912
40,v4,v3,40.0,110.04,10.0,1.0,0.5502,0.2,4.9269,False,fuzzy_logic_dynamic_snr,4.9079,0.9785
40,v4,v12,40.0,150.0,0.0,1.0,0.75,0.0,5.1825,False,fuzzy_logic_dynamic_snr,5.1526,0.9893
41,v1,v2,40.0,20.22,0.0,1.0,0.1011,0.0,19.1062,False,fuzzy_logic_dynamic_snr,19.0721,0.998
41,v1,v6,40.0,160.03,40.0,1.0,0.8001,0.8,-0.8589,True,fuzzy_logic_dynamic_snr,2.0928,0.7303
41,v1,v5,40.0,170.0,0.0,1.0,0.85,0.0,4.3128,True,fuzzy_logic_dynamic_snr,2.6561,0.9127
41,v2,v1,20.0,20.22,0.0,0.6,0.1011,0.0,-0.8938,False,fuzzy_logic_dynamic_snr,-0.9207,0.9506
41,v2,v6,20.0,180.0,40.0,0.6,0.9,0.8,-21.6761,True,fuzzy_logic_dynamic_snr,0.4873,0.1322
41,v2,v5,20.0,190.02,0.0,0.6,0.9501,0.0,-16.4609,True,fuzzy_logic_dynamic_snr,0.6147,0.1398
41,v3,v4,20.0,120.04,0.0,0.6,0.6002,0.0,-13.2691,True,fuzzy_logic_dynamic_snr,0.7628,0.1807
41,v3,v11,20.0,170.0,10.0,0.6,0.85,0.2,-18.0954,True,fuzzy_logic_dynamic_snr,0.5736,0.1527
41,v3,v8,20.0,170.03,0.0,0.6,0.8501,0.0,-15.6883,True,fuzzy_logic_dynamic_snr,0.6584,0.175
41,v4,v8,40.0,50.0,0.0,1.0,0.25,0.0,12.8165,False,fuzzy_logic_dynamic_snr,12.7864,0.9951
41,v4,v11,40.0,50.09,10.0,1.0,0.2504,0.2,10.3958,False,fuzzy_logic_dynamic_snr,10.3698,0.9936
41,v4,v7,40.0,90.05,0.0,1.0,0.4502,0.0,8.7283,False,fuzzy_logic_dynamic_snr,8.6932,0.9941
41,v4,v3,40.0,120.04,0.0,1.0,0.6002,0.0,6.7309,False,fuzzy_logic_dynamic_snr,6.6983,0.9893
41,v4,v12,40.0,150.0,30.0,1.0,0.75,0.6,0.3661,True,fuzzy_logic_dynamic_snr,2.2515,0.7873
42,v1,v2,40.0,20.22,10.0,1.0,0.1011,0.2,16.698,False,fuzzy_logic_dynamic_snr,16.6629,0.9971
42,v1,v6,40.0,120.04,10.0,1.0,0.6002,0.2,4.3227,False,fuzzy_logic_dynamic_snr,4.2979,0.9887
42,v1,v5,40.0,170.0,10.0,1.0,0.85,0.2,1.9046,True,fuzzy_logic_dynamic_snr,2.4445,0.8627
42,v2,v1,20.0,20.22,10.0,0.6,0.1011,0.2,-3.302,False,fuzzy_logic_dynamic_snr,-3.3232,0.917
42,v2,v6,20.0,140.0,0.0,0.6,0.7,0.0,-14.338,True,fuzzy_logic_dynamic_snr,0.7079,0.1852
42,v2,v5,20.0,190.02,20.0,0.6,0.9501,0.4,-20.2779,True,fuzzy_logic_dynamic_snr,0.5336,0.16
42,v3,v4,20.0,120.04,40.0,0.6,0.6002,0.8,-18.8608,True,fuzzy_logic_dynamic_snr,0.5566,0.1354
42,v3,v8,20.0,170.03,30.0,0.6,0.8501,0.6,-20.5047,True,fuzzy_logic_dynamic_snr,0.5223,0.1336
42,v3,v11,20.0,180.0,0.0,0.6,0.9,0.0,-16.0844,True,fuzzy_logic_dynamic_snr,0.6606,0.1592
42,v4,v8,40.0,50.0,10.0,1.0,0.25,0.2,10.4082,False,fuzzy_logic_dynamic_snr,10.3703,0.9912
42,v4,v11,40.0,60.07,40.0,1.0,0.3004,0.8,5.9491,True,fuzzy_logic_dynamic_snr,2.7607,0.9396
42,v4,v7,40.0,90.05,0.0,1.0,0.4502,0.0,8.7283,False,fuzzy_logic_dynamic_snr,8.7021,0.9883
42,v4,v12,40.0,120.0,0.0,1.0,0.6,0.0,6.7331,False,fuzzy_logic_dynamic_snr,6.6926,0.9883
42,v4,v3,40.0,120.04,40.0,1.0,0.6002,0.8,1.1392,True,fuzzy_logic_dynamic_snr,2.3346,0.8289
43,v1,v2,40.0,30.15,10.0,1.0,0.1507,0.2,13.9232,False,fuzzy_logic_dynamic_snr,13.9039,0.9961
43,v1,v6,40.0,110.04,20.0,1.0,0.5502,0.4,3.5182,False,fuzzy_logic_dynamic_snr,3.4915,0.9824
43,v1,v5,40.0,180.0,0.0,1.0,0.9,0.0,3.9156,True,fuzzy_logic_dynamic_snr,2.6344,0.9201
43,v2,v1,20.0,30.15,10.0,0.6,0.1507,0.2,-6.0768,False,fuzzy_logic_dynamic_snr,-6.0995,0.826
43,v2,v6,20.0,140.0,10.0,0.6,0.7,0.2,-16.7463,True,fuzzy_logic_dynamic_snr,0.6309,0.1506
43,v3,v4,20.0,80.06,20.0,0.6,0.4003,0.4,-14.2713,True,fuzzy_logic_dynamic_snr,0.7076,0.1783
43,v3,v8,20.0,140.03,10.0,0.6,0.7002,0.2,-16.7479,True,fuzzy_logic_dynamic_snr,0.6249,0.1648
43,v3,v7,20.0,170.0,20.0,0.6,0.85,0.4,-19.5042,True,fuzzy_logic_dynamic_snr,0.5366,0.1258
43,v3,v11,20.0,180.0,10.0,0.6,0.9,0.2,-18.4926,True,fuzzy_logic_dynamic_snr,0.5789,0.1221
43,v4,v8,40.0,60.0,30.0,1.0,0.3,0.6,6.7331,False,fuzzy_logic_dynamic_snr,6.6991,0.9912
43,v4,v3,40.0,80.06,20.0,1.0,0.4003,0.4,5.7287,False,fuzzy_logic_dynamic_snr,5.6959,0.9834
43,v4,v7,40.0,90.05,0.0,1.0,0.4502,0.0,8.7283,False,fuzzy_logic_dynamic_snr,8.7048,0.9941
43,v4,v11,40.0,100.04,30.0,1.0,0.5002,0.6,3.1804,True,fuzzy_logic_dynamic_snr,2.5739,0.8945
43,v4,v12,40.0,120.0,20.0,1.0,0.6,0.4,2.9161,False,fuzzy_logic_dynamic_snr,2.8852,0.9818
44,v1,v2,40.0,20.22,0.0,1.0,0.1011,0.0,19.1062,False,fuzzy_logic_dynamic_snr,19.0846,0.9971
44,v1,v6,40.0,130.03,10.0,1.0,0.6502,0.2,3.7668,False,fuzzy_logic_dynamic_snr,3.729,0.9809
44,v1,v5,40.0,180.0,10.0,1.0,0.9,0.2,1.5074,True,fuzzy_logic_dynamic_snr,2.4015,0.8525
44,v2,v1,20.0,20.22,0.0,0.6,0.1011,0.0,-0.8938,False,fuzzy_logic_dynamic_snr,-0.9154,0.9592
44,v2,v6,20.0,150.0,10.0,0.6,0.75,0.2,-17.2257,True,fuzzy_logic_dynamic_snr,0.6249,0.1521
44,v3,v4,20.0,100.04,10.0,0.6,0.5002,0.2,-14.4114,True,fuzzy_logic_dynamic_snr,0.7133,0.1818
44,v3,v8,20.0,130.03,30.0,0.6,0.6502,0.6,-18.6414,True,fuzzy_logic_dynamic_snr,0.5779,0.1469
44,v3,v11,20.0,170.0,20.0,0.6,0.85,0.4,-19.5042,True,fuzzy_logic_dynamic_snr,0.5336,0.1277
44,v3,v7,20.0,190.0,20.0,0.6,0.95,0.4,-20.277,True,fuzzy_logic_dynamic_snr,0.5302,0.1225
44,v4,v8,40.0,30.0,40.0,1.0,0.15,0.8,10.7743,True,fuzzy_logic_dynamic_snr,2.9005,0.9523
44,v4,v11,40.0,70.06,30.0,1.0,0.3503,0.6,5.6556,False,fuzzy_logic_dynamic_snr,5.632,0.9912
44,v4,v7,40.0,90.05,30.0,1.0,0.4502,0.6,3.9118,True,fuzzy_logic_dynamic_snr,2.6234,0.9035
44,v4,v12,40.0,100.0,10.0,1.0,0.5,0.2,5.5918,False,fuzzy_logic_dynamic_snr,5.5626,0.9893
44,v4,v3,40.0,100.04,10.0,1.0,0.5002,0.2,5.5886,False,fuzzy_logic_dynamic_snr,5.5724,0.9932
45,v1,v2,40.0,20.22,20.0,1.0,0.1011,0.4,15.2892,False,fuzzy_logic_dynamic_snr,15.2701,0.9961
45,v1,v6,40.0,140.03,10.0,1.0,0.7002,0.2,3.2521,False,fuzzy_logic_dynamic_snr,3.2271,0.9926
45,v1,v5,40.0,190.0,10.0,1.0,0.95,0.2,1.1317,True,fuzzy_logic_dynamic_snr,2.3525,0.8211
45,v2,v1,20.0,20.22,20.0,0.6,0.1011,0.4,-4.7108,True,fuzzy_logic_dynamic_snr,1.5302,0.4834
45,v2,v6,20.0,160.0,10.0,0.6,0.8,0.2,-17.6742,True,fuzzy_logic_dynamic_snr,0.6171,0.1531
45,v3,v4,20.0,90.05,0.0,0.6,0.4502,0.0,-11.2717,True,fuzzy_logic_dynamic_snr,0.8812,0.2027
45,v3,v8,20.0,160.03,0.0,0.6,0.8001,0.0,-15.2671,True,fuzzy_logic_dynamic_snr,0.6634,0.1543
45,v3,v11,20.0,190.0,20.0,0.6,0.95,0.4,-20.277,True,fuzzy_logic_dynamic_snr,0.5186,0.127
45,v4,v8,40.0,70.0,0.0,1.0,0.35,0.0,10.4784,False,fuzzy_logic_dynamic_snr,10.4531,0.9941
45,v4,v3,40.0,90.05,0.0,1.0,0.4502,0.0,8.7283,False,fuzzy_logic_dynamic_snr,8.6948,0.9951
45,v4,v11,40.0,100.04,20.0,1.0,0.5002,0.4,4.1799,False,fuzzy_logic_dynamic_snr,4.1476,0.9857
45,v4,v12,40.0,110.0,10.0,1.0,0.55,0.2,4.9295,False,fuzzy_logic_dynamic_snr,4.8993,0.9818
45,v4,v7,40.0,120.04,20.0,1.0,0.6002,0.4,2.914,False,fuzzy_logic_dynamic_snr,2.8822,0.9809
46,v1,v2,40.0,3.0,30.0,1.0,0.015,0.6,27.5496,False,fuzzy_logic_dynamic_snr,27.521,0.998
46,v1,v6,40.0,150.03,0.0,1.0,0.7501,0.0,5.1812,False,fuzzy_logic_dynamic_snr,5.155,0.9857
46,v1,v5,40.0,200.0,20.0,1.0,1.0,0.4,-0.6334,True,fuzzy_logic_dynamic_snr,2.1158,0.7518
46,v2,v1,20.0,3.0,30.0,0.6,0.015,0.6,7.5496,True,fuzzy_logic_dynamic_snr,2.8255,0.94
46,v2,v6,20.0,150.0,30.0,0.6,0.75,0.6,-19.6339,True,fuzzy_logic_dynamic_snr,0.5425,0.1322
46,v3,v4,20.0,90.05,20.0,0.6,0.4502,0.4,-15.0887,True,fuzzy_logic_dynamic_snr,0.6719,0.1625
46,v3,v8,20.0,160.03,20.0,0.6,0.8001,0.4,-19.0841,True,fuzzy_logic_dynamic_snr,0.5607,0.1568
46,v3,v11,20.0,170.0,30.0,0.6,0.85,0.6,-20.5037,True,fuzzy_logic_dynamic_snr,0.5288,0.1287
46,v3,v7,20.0,190.0,10.0,0.6,0.95,0.2,-18.8683,True,fuzzy_logic_dynamic_snr,0.5694,0.1352
46,v4,v8,40.0,70.0,0.0,1.0,0.35,0.0,10.4784,False,fuzzy_logic_dynamic_snr,10.4545,0.9941
46,v4,v11,40.0,80.06,10.0,1.0,0.4003,0.2,7.1374,False,fuzzy_logic_dynamic_snr,7.1159,0.9887
46,v4,v3,40.0,90.05,20.0,1.0,0.4502,0.4,4.9113,False,fuzzy_logic_dynamic_snr,4.8726,0.9887
46,v4,v7,40.0,100.04,10.0,1.0,0.5002,0.2,5.5886,False,fuzzy_logic_dynamic_snr,5.5527,0.9873
46,v4,v12,40.0,120.0,20.0,1.0,0.6,0.4,2.9161,False,fuzzy_logic_dynamic_snr,2.9037,0.9812
47,v1,v2,40.0,30.15,0.0,1.0,0.1507,0.0,16.3315,False,fuzzy_logic_dynamic_snr,16.2954,0.9961
47,v1,v6,40.0,150.03,0.0,1.0,0.7501,0.0,5.1812,False,fuzzy_logic_dynamic_snr,5.164,0.9834
47,v2,v1,20.0,30.15,0.0,0.6,0.1507,0.0,-3.6685,False,fuzzy_logic_dynamic_snr,-3.6873,0.9223
47,v2,v6,20.0,120.0,0.0,0.6,0.6,0.0,-13.2669,True,fuzzy_logic_dynamic_snr,0.7572,0.1805
47,v2,v5,20.0,190.02,10.0,0.6,0.9501,0.2,-18.8692,True,fuzzy_logic_dynamic_snr,0.5557,0.1396
47,v3,v4,20.0,70.06,10.0,0.6,0.3503,0.2,-11.9362,True,fuzzy_logic_dynamic_snr,0.851,0.1969
47,v3,v11,20.0,140.0,0.0,0.6,0.7,0.0,-14.338,True,fuzzy_logic_dynamic_snr,0.7168,0.1672
47,v3,v8,20.0,140.03,30.0,0.6,0.7002,0.6,-19.1561,True,fuzzy_logic_dynamic_snr,0.5363,0.126
47,v3,v12,20.0,170.03,20.0,0.6,0.8501,0.4,-19.5052,True,fuzzy_logic_dynamic_snr,0.5425,0.1266
47,v3,v7,20.0,180.0,10.0,0.6,0.9,0.2,-18.4926,True,fuzzy_logic_dynamic_snr,0.5828,0.1379
47,v4,v8,40.0,70.0,40.0,1.0,0.35,0.8,4.8867,True,fuzzy_logic_dynamic_snr,2.699,0.9295
47,v4,v3,40.0,70.06,10.0,1.0,0.3503,0.2,8.0638,False,fuzzy_logic_dynamic_snr,8.0385,0.9922
47,v4,v11,40.0,70.06,10.0,1.0,0.3503,0.2,8.0638,False,fuzzy_logic_dynamic_snr,8.0364,0.9896
47,v4,v12,40.0,100.0,30.0,1.0,0.5,0.6,3.1835,True,fuzzy_logic_dynamic_snr,2.5792,0.9084
47,v4,v7,40.0,110.04,0.0,1.0,0.5502,0.0,7.3351,False,fuzzy_logic_dynamic_snr,7.3116,0.9932
48,v1,v2,40.0,30.15,10.0,1.0,0.1507,0.2,13.9232,False,fuzzy_logic_dynamic_snr,13.8971,0.9941
48,v1,v6,40.0,150.03,30.0,1.0,0.7501,0.6,0.3647,True,fuzzy_logic_dynamic_snr,2.2397,0.7752
48,v2,v1,20.0,30.15,10.0,0.6,0.1507,0.2,-6.0768,False,fuzzy_logic_dynamic_snr,-6.1164,0.8168
48,v2,v6,20.0,120.0,20.0,0.6,0.6,0.4,-17.0839,True,fuzzy_logic_dynamic_snr,0.6158,0.1637
48,v3,v4,20.0,80.06,10.0,0.6,0.4003,0.2,-12.8626,True,fuzzy_logic_dynamic_snr,0.7872,0.1873
48,v3,v8,20.0,110.04,10.0,0.6,0.5502,0.2,-15.0731,True,fuzzy_logic_dynamic_snr,0.6827,0.1686
48,v3,v11,20.0,140.0,30.0,0.6,0.7,0.6,-19.1545,True,fuzzy_logic_dynamic_snr,0.5365,0.1352
48,v3,v12,20.0,150.03,10.0,0.6,0.7501,0.2,-17.2271,True,fuzzy_logic_dynamic_snr,0.5923,0.1592
48,v3,v7,20.0,190.0,0.0,0.6,0.95,0.0,-16.4601,True,fuzzy_logic_dynamic_snr,0.6415,0.1568
48,v4,v8,40.0,30.0,0.0,1.0,0.15,0.0,16.3661,False,fuzzy_logic_dynamic_snr,16.3425,0.9941
48,v4,v11,40.0,60.07,20.0,1.0,0.3004,0.4,7.7239,False,fuzzy_logic_dynamic_snr,7.6814,0.9932
48,v4,v12,40.0,70.0,0.0,1.0,0.35,0.0,10.4784,False,fuzzy_logic_dynamic_snr,10.4449,0.9932
48,v4,v3,40.0,80.06,10.0,1.0,0.4003,0.2,7.1374,False,fuzzy_logic_dynamic_snr,7.1225,0.9941
48,v4,v7,40.0,110.04,10.0,1.0,0.5502,0.2,4.9269,False,fuzzy_logic_dynamic_snr,4.9001,0.9912
49,v1,v2,40.0,20.22,10.0,1.0,0.1011,0.2,16.698,False,fuzzy_logic_dynamic_snr,16.6701,0.9951
49,v1,v6,40.0,120.04,0.0,1.0,0.6002,0.0,6.7309,False,fuzzy_logic_dynamic_snr,6.6911,0.9893
49,v2,v1,20.0,20.22,10.0,0.6,0.1011,0.2,-3.302,False,fuzzy_logic_dynamic_snr,-3.3312,0.9049
49,v2,v6,20.0,100.0,10.0,0.6,0.5,0.2,-14.4082,True,fuzzy_logic_dynamic_snr,0.7172,0.1639
49,v3,v4,20.0,70.06,10.0,0.6,0.3503,0.2,-11.9362,True,fuzzy_logic_dynamic_snr,0.8554,0.2059
49,v3,v8,20.0,100.04,10.0,0.6,0.5002,0.2,-14.4114,True,fuzzy_logic_dynamic_snr,0.7171,0.1611
49,v3,v11,20.0,110.0,10.0,0.6,0.55,0.2,-15.0705,True,fuzzy_logic_dynamic_snr,0.6862,0.1748
49,v3,v12,20.0,140.03,30.0,0.6,0.7002,0.6,-19.1561,True,fuzzy_logic_dynamic_snr,0.5362,0.1301
49,v3,v7,20.0,190.0,10.0,0.6,0.95,0.2,-18.8683,True,fuzzy_logic_dynamic_snr,0.5632,0.1463
49,v4,v8,40.0,30.0,0.0,1.0,0.15,0.0,16.3661,False,fuzzy_logic_dynamic_snr,16.3373,0.9961
49,v4,v11,40.0,40.11,0.0,1.0,0.2006,0.0,14.3476,False,fuzzy_logic_dynamic_snr,14.333,0.9961
49,v4,v12,40.0,70.0,40.0,1.0,0.35,0.8,4.8867,True,fuzzy_logic_dynamic_snr,2.6994,0.9334
49,v4,v3,40.0,70.06,10.0,1.0,0.3503,0.2,8.0638,False,fuzzy_logic_dynamic_snr,8.0451,0.9912
49,v4,v7,40.0,120.04,0.0,1.0,0.6002,0.0,6.7309,False,fuzzy_logic_dynamic_snr,6.7108,0.9922
50,v1,v2,40.0,30.15,10.0,1.0,0.1507,0.2,13.9232,False,fuzzy_logic_dynamic_snr,13.9011,0.9961
50,v1,v6,40.0,120.04,30.0,1.0,0.6002,0.6,1.9144,True,fuzzy_logic_dynamic_snr,2.4526,0.8496
50,v2,v1,20.0,30.15,10.0,0.6,0.1507,0.2,-6.0768,False,fuzzy_logic_dynamic_snr,-6.0992,0.8211
50,v2,v6,20.0,90.0,20.0,0.6,0.45,0.4,-15.0849,True,fuzzy_logic_dynamic_snr,0.6746,0.1498
50,v3,v4,20.0,80.06,0.0,0.6,0.4003,0.0,-10.4543,True,fuzzy_logic_dynamic_snr,0.9472,0.2432
50,v3,v8,20.0,110.04,10.0,0.6,0.5502,0.2,-15.0731,True,fuzzy_logic_dynamic_snr,0.6853,0.152
50,v3,v12,20.0,110.04,0.0,0.6,0.5502,0.0,-12.6649,True,fuzzy_logic_dynamic_snr,0.8214,0.1832
50,v3,v11,20.0,120.0,20.0,0.6,0.6,0.4,-17.0839,True,fuzzy_logic_dynamic_snr,0.5977,0.149
50,v3,v7,20.0,200.0,0.0,0.6,1.0,0.0,-16.8165,True,fuzzy_logic_dynamic_snr,0.6082,0.165
50,v4,v8,40.0,30.0,10.0,1.0,0.15,0.2,13.9578,False,fuzzy_logic_dynamic_snr,13.9296,1.0
50,v4,v12,40.0,30.0,0.0,1.0,0.15,0.0,16.3661,False,fuzzy_logic_dynamic_snr,16.3325,0.9961
50,v4,v11,40.0,40.11,20.0,1.0,0.2006,0.4,10.5306,False,fuzzy_logic_dynamic_snr,10.5032,0.9941
50,v4,v3,40.0,80.06,0.0,1.0,0.4003,0.0,9.5457,False,fuzzy_logic_dynamic_snr,9.5152,0.9926
50,v4,v7,40.0,120.04,0.0,1.0,0.6002,0.0,6.7309,False,fuzzy_logic_dynamic_snr,6.7088,0.9912
51,v1,v2,40.0,40.11,10.0,1.0,0.2006,0.2,11.9393,False,fuzzy_logic_dynamic_snr,11.9186,0.9951
51,v1,v6,40.0,150.03,0.0,1.0,0.7501,0.0,5.1812,False,fuzzy_logic_dynamic_snr,5.1472,0.9828
51,v2,v1,20.0,40.11,10.0,0.6,0.2006,0.2,-8.0607,False,fuzzy_logic_dynamic_snr,-8.0938,0.7195
51,v2,v6,20.0,110.0,10.0,0.6,0.55,0.2,-15.0705,True,fuzzy_logic_dynamic_snr,0.6711,0.1445
51,v3,v4,20.0,80.06,10.0,0.6,0.4003,0.2,-12.8626,True,fuzzy_logic_dynamic_snr,0.8012,0.2006
51,v3,v12,20.0,110.04,30.0,0.6,0.5502,0.6,-17.4813,True,fuzzy_logic_dynamic_snr,0.5973,0.1703
51,v3,v8,20.0,120.04,0.0,0.6,0.6002,0.0,-13.2691,True,fuzzy_logic_dynamic_snr,0.7695,0.1965
51,v3,v11,20.0,140.0,30.0,0.6,0.7,0.6,-19.1545,True,fuzzy_logic_dynamic_snr,0.5512,0.1342
51,v3,v7,20.0,200.0,40.0,0.6,1.0,0.8,-22.4082,True,fuzzy_logic_dynamic_snr,0.4875,0.1396
51,v4,v12,40.0,30.0,20.0,1.0,0.15,0.4,12.5491,False,fuzzy_logic_dynamic_snr,12.5186,0.9922
51,v4,v8,40.0,40.0,10.0,1.0,0.2,0.2,11.9588,False,fuzzy_logic_dynamic_snr,11.9336,0.9941
51,v4,v11,40.0,60.07,20.0,1.0,0.3004,0.4,7.7239,False,fuzzy_logic_dynamic_snr,7.6965,0.9883
51,v4,v3,40.0,80.06,10.0,1.0,0.4003,0.2,7.1374,False,fuzzy_logic_dynamic_snr,7.109,0.9941
51,v4,v7,40.0,120.04,30.0,1.0,0.6002,0.6,1.9144,True,fuzzy_logic_dynamic_snr,2.4327,0.8559
52,v1,v2,40.0,30.15,10.0,1.0,0.1507,0.2,13.9232,False,fuzzy_logic_dynamic_snr,13.9153,0.998
52,v1,v6,40.0,150.03,30.0,1.0,0.7501,0.6,0.3647,True,fuzzy_logic_dynamic_snr,2.2481,0.7977
52,v2,v1,20.0,30.15,10.0,0.6,0.1507,0.2,-6.0768,False,fuzzy_logic_dynamic_snr,-6.1074,0.8217
52,v2,v6,20.0,120.0,20.0,0.6,0.6,0.4,-17.0839,True,fuzzy_logic_dynamic_snr,0.6116,0.1512
52,v3,v4,20.0,70.06,20.0,0.6,0.3503,0.4,-13.3449,True,fuzzy_logic_dynamic_snr,0.7549,0.1648
52,v3,v12,20.0,80.06,10.0,0.6,0.4003,0.2,-12.8626,True,fuzzy_logic_dynamic_snr,0.8002,0.1873
52,v3,v11,20.0,110.0,0.0,0.6,0.55,0.0,-12.6623,True,fuzzy_logic_dynamic_snr,0.7933,0.2127
52,v3,v8,20.0,120.04,20.0,0.6,0.6002,0.4,-17.086,True,fuzzy_logic_dynamic_snr,0.6045,0.1375
52,v3,v7,20.0,160.0,20.0,0.6,0.8,0.4,-19.0829,True,fuzzy_logic_dynamic_snr,0.5589,0.1449
52,v4,v12,40.0,10.0,30.0,1.0,0.05,0.6,19.1835,False,fuzzy_logic_dynamic_snr,19.1478,0.998
52,v4,v11,40.0,40.11,20.0,1.0,0.2006,0.4,10.5306,False,fuzzy_logic_dynamic_snr,10.5115,0.9936
52,v4,v8,40.0,50.0,0.0,1.0,0.25,0.0,12.8165,False,fuzzy_logic_dynamic_snr,12.7946,0.9971
52,v4,v3,40.0,70.06,20.0,1.0,0.3503,0.4,6.6551,False,fuzzy_logic_dynamic_snr,6.6231,0.9951
52,v4,v7,40.0,90.05,40.0,1.0,0.4502,0.8,3.1365,True,fuzzy_logic_dynamic_snr,2.5661,0.9055
53,v1,v2,40.0,20.22,30.0,1.0,0.1011,0.6,14.2897,False,fuzzy_logic_dynamic_snr,14.2636,0.9961
53,v1,v6,40.0,120.04,40.0,1.0,0.6002,0.8,1.1392,True,fuzzy_logic_dynamic_snr,2.3444,0.8305
53,v2,v1,20.0,20.22,30.0,0.6,0.1011,0.6,-5.7103,True,fuzzy_logic_dynamic_snr,1.4156,0.4139
53,v2,v6,20.0,100.0,10.0,0.6,0.5,0.2,-14.4082,True,fuzzy_logic_dynamic_snr,0.7214,0.1768
53,v3,v4,20.0,50.09,10.0,0.6,0.2504,0.2,-9.6042,False,fuzzy_logic_dynamic_snr,-9.6363,0.6219
53,v3,v12,20.0,90.05,20.0,0.6,0.4502,0.4,-15.0887,True,fuzzy_logic_dynamic_snr,0.6962,0.1686
53,v3,v8,20.0,100.04,10.0,0.6,0.5002,0.2,-14.4114,True,fuzzy_logic_dynamic_snr,0.7106,0.1887
53,v3,v11,20.0,110.0,20.0,0.6,0.55,0.4,-16.4793,True,fuzzy_logic_dynamic_snr,0.6412,0.1553
53,v3,v7,20.0,180.0,20.0,0.6,0.9,0.4,-19.9013,True,fuzzy_logic_dynamic_snr,0.5603,0.1422
53,v4,v12,40.0,40.0,30.0,1.0,0.2,0.6,9.5506,False,fuzzy_logic_dynamic_snr,9.5326,0.999
53,v4,v8,40.0,50.0,0.0,1.0,0.25,0.0,12.8165,False,fuzzy_logic_dynamic_snr,12.796,0.9941
53,v4,v3,40.0,50.09,10.0,1.0,0.2504,0.2,10.3958,False,fuzzy_logic_dynamic_snr,10.3599,0.9971
53,v4,v11,40.0,60.07,10.0,1.0,0.3004,0.2,9.1327,False,fuzzy_logic_dynamic_snr,9.1183,0.9902
53,v4,v7,40.0,130.03,10.0,1.0,0.6502,0.2,3.7668,False,fuzzy_logic_dynamic_snr,3.7462,0.9867
54,v1,v2,40.0,10.44,40.0,1.0,0.0522,0.8,18.1088,True,fuzzy_logic_dynamic_snr,2.9579,0.9582
54,v1,v6,40.0,80.06,30.0,1.0,0.4003,0.6,4.7292,False,fuzzy_logic_dynamic_snr,4.7123,0.9902
54,v2,v1,20.0,10.44,40.0,0.6,0.0522,0.8,-1.8912,True,fuzzy_logic_dynamic_snr,1.937,0.6318
54,v2,v6,20.0,90.0,10.0,0.6,0.45,0.2,-13.6761,True,fuzzy_logic_dynamic_snr,0.7456,0.1738
54,v3,v4,20.0,40.11,20.0,0.6,0.2006,0.4,-9.4694,True,fuzzy_logic_dynamic_snr,1.0294,0.2605
54,v3,v11,20.0,90.0,10.0,0.6,0.45,0.2,-13.6761,True,fuzzy_logic_dynamic_snr,0.7346,0.1729
54,v3,v8,20.0,90.05,20.0,0.6,0.4502,0.4,-15.0887,True,fuzzy_logic_dynamic_snr,0.694,0.1869
54,v3,v12,20.0,110.04,20.0,0.6,0.5502,0.4,-16.4818,True,fuzzy_logic_dynamic_snr,0.6306,0.15
54,v3,v7,20.0,160.0,10.0,0.6,0.8,0.2,-17.6742,True,fuzzy_logic_dynamic_snr,0.6031,0.1398
54,v4,v3,40.0,40.11,20.0,1.0,0.2006,0.4,10.5306,False,fuzzy_logic_dynamic_snr,10.5191,0.9941
54,v4,v8,40.0,50.0,0.0,1.0,0.25,0.0,12.8165,False,fuzzy_logic_dynamic_snr,12.793,0.9922
54,v4,v11,40.0,50.09,30.0,1.0,0.2504,0.6,7.9875,False,fuzzy_logic_dynamic_snr,7.9707,0.9902
54,v4,v12,40.0,70.0,0.0,1.0,0.35,0.0,10.4784,False,fuzzy_logic_dynamic_snr,10.4541,0.9926
54,v4,v7,40.0,120.04,10.0,1.0,0.6002,0.2,4.3227,False,fuzzy_logic_dynamic_snr,4.2909,0.9873
55,v1,v2,40.0,30.15,10.0,1.0,0.1507,0.2,13.9232,False,fuzzy_logic_dynamic_snr,13.8976,0.9971
55,v1,v6,40.0,110.04,20.0,1.0,0.5502,0.4,3.5182,False,fuzzy_logic_dynamic_snr,3.4859,0.9766
55,v2,v1,20.0,30.15,10.0,0.6,0.1507,0.2,-6.0768,False,fuzzy_logic_dynamic_snr,-6.0916,0.8217
55,v2,v6,20.0,80.0,10.0,0.6,0.4,0.2,-12.8577,True,fuzzy_logic_dynamic_snr,0.8027,0.1752
55,v3,v4,20.0,20.22,10.0,0.6,0.1011,0.2,-3.302,False,fuzzy_logic_dynamic_snr,-3.3179,0.9244
55,v3,v8,20.0,70.06,20.0,0.6,0.3503,0.4,-13.3449,True,fuzzy_logic_dynamic_snr,0.7686,0.1768
55,v3,v12,20.0,90.05,0.0,0.6,0.4502,0.0,-11.2717,True,fuzzy_logic_dynamic_snr,0.9044,0.2168
55,v3,v11,20.0,100.0,20.0,0.6,0.5,0.4,-15.817,True,fuzzy_logic_dynamic_snr,0.6745,0.152
55,v3,v7,20.0,150.0,10.0,0.6,0.75,0.2,-17.2257,True,fuzzy_logic_dynamic_snr,0.6109,0.1439
55,v4,v3,40.0,20.22,10.0,1.0,0.1011,0.2,16.698,False,fuzzy_logic_dynamic_snr,16.678,0.9961
55,v4,v8,40.0,50.0,10.0,1.0,0.25,0.2,10.4082,False,fuzzy_logic_dynamic_snr,10.3805,0.9971
55,v4,v12,40.0,70.0,10.0,1.0,0.35,0.2,8.0702,False,fuzzy_logic_dynamic_snr,8.0538,0.9932
55,v4,v11,40.0,80.06,30.0,1.0,0.4003,0.6,4.7292,False,fuzzy_logic_dynamic_snr,4.7159,0.9857
55,v4,v7,40.0,130.03,0.0,1.0,0.6502,0.0,6.1751,False,fuzzy_logic_dynamic_snr,6.1505,0.9877
56,v1,v2,40.0,20.22,30.0,1.0,0.1011,0.6,14.2897,False,fuzzy_logic_dynamic_snr,14.265,0.9951
56,v1,v6,40.0,90.05,10.0,1.0,0.4502,0.2,6.32,False,fuzzy_logic_dynamic_snr,6.2949,0.9857
56,v2,v1,20.0,20.22,30.0,0.6,0.1011,0.6,-5.7103,True,fuzzy_logic_dynamic_snr,1.4088,0.4201
56,v2,v6,20.0,70.0,40.0,0.6,0.35,0.8,-15.1133,True,fuzzy_logic_dynamic_snr,0.6714,0.1596
56,v3,v4,20.0,10.44,30.0,0.6,0.0522,0.6,-1.1159,True,fuzzy_logic_dynamic_snr,2.0751,0.7197
56,v3,v8,20.0,50.09,20.0,0.6,0.2504,0.4,-11.013,True,fuzzy_logic_dynamic_snr,0.8979,0.2168
56,v3,v12,20.0,90.05,30.0,0.6,0.4502,0.6,-16.0882,True,fuzzy_logic_dynamic_snr,0.6614,0.1289
56,v3,v11,20.0,120.0,10.0,0.6,0.6,0.2,-15.6751,True,fuzzy_logic_dynamic_snr,0.65,0.1418
56,v3,v7,20.0,140.0,20.0,0.6,0.7,0.4,-18.155,True,fuzzy_logic_dynamic_snr,0.5702,0.1156
56,v4,v3,40.0,10.44,30.0,1.0,0.0522,0.6,18.8841,False,fuzzy_logic_dynamic_snr,18.8705,0.998
56,v4,v8,40.0,40.0,10.0,1.0,0.2,0.2,11.9588,False,fuzzy_logic_dynamic_snr,11.9388,0.9971
56,v4,v12,40.0,80.0,0.0,1.0,0.4,0.0,9.5506,False,fuzzy_logic_dynamic_snr,9.5172,0.9916
56,v4,v11,40.0,110.04,20.0,1.0,0.5502,0.4,3.5182,False,fuzzy_logic_dynamic_snr,3.4943,0.9834
56,v4,v7,40.0,130.03,10.0,1.0,0.6502,0.2,3.7668,False,fuzzy_logic_dynamic_snr,3.7562,0.9844
57,v1,v2,40.0,50.09,10.0,1.0,0.2504,0.2,10.3958,False,fuzzy_logic_dynamic_snr,10.3607,0.9951
57,v1,v6,40.0,80.06,20.0,1.0,0.4003,0.4,5.7287,False,fuzzy_logic_dynamic_snr,5.7149,0.9887
57,v2,v6,20.0,30.0,10.0,0.6,0.15,0.2,-6.0422,False,fuzzy_logic_dynamic_snr,-6.0699,0.8215
57,v2,v1,20.0,50.09,10.0,0.6,0.2504,0.2,-9.6042,False,fuzzy_logic_dynamic_snr,-9.6273,0.6436
57,v2,v5,20.0,190.02,20.0,0.6,0.9501,0.4,-20.2779,True,fuzzy_logic_dynamic_snr,0.5326,0.1199
57,v3,v4,20.0,20.22,40.0,0.6,0.1011,0.8,-6.4855,True,fuzzy_logic_dynamic_snr,1.3114,0.3748
57,v3,v8,20.0,30.15,30.0,0.6,0.1507,0.6,-8.485,True,fuzzy_logic_dynamic_snr,1.1227,0.283
57,v3,v12,20.0,60.07,30.0,0.6,0.3004,0.6,-13.2756,True,fuzzy_logic_dynamic_snr,0.7621,0.2031
57,v3,v11,20.0,110.0,40.0,0.6,0.55,0.8,-18.254,True,fuzzy_logic_dynamic_snr,0.572,0.127
57,v3,v7,20.0,120.0,40.0,0.6,0.6,0.8,-18.8587,True,fuzzy_logic_dynamic_snr,0.5484,0.1262
57,v4,v3,40.0,20.22,40.0,1.0,0.1011,0.8,13.5145,True,fuzzy_logic_dynamic_snr,2.9366,0.9568
57,v4,v8,40.0,50.0,10.0,1.0,0.25,0.2,10.4082,False,fuzzy_logic_dynamic_snr,10.3749,0.9951
57,v4,v12,40.0,80.0,10.0,1.0,0.4,0.2,7.1423,False,fuzzy_logic_dynamic_snr,7.111,0.9916
57,v4,v11,40.0,130.03,0.0,1.0,0.6502,0.0,6.1751,False,fuzzy_logic_dynamic_snr,6.1445,0.9922
57,v4,v7,40.0,140.03,0.0,1.0,0.7002,0.0,5.6604,False,fuzzy_logic_dynamic_snr,5.633,0.9887
58,v1,v2,40.0,40.11,10.0,1.0,0.2006,0.2,11.9393,False,fuzzy_logic_dynamic_snr,11.9061,0.9941
58,v1,v6,40.0,60.07,10.0,1.0,0.3004,0.2,9.1327,False,fuzzy_logic_dynamic_snr,9.1008,0.9932
58,v2,v6,20.0,20.0,0.0,0.6,0.1,0.0,-0.8165,False,fuzzy_logic_dynamic_snr,-0.8466,0.9592
58,v2,v1,20.0,40.11,10.0,0.6,0.2006,0.2,-8.0607,False,fuzzy_logic_dynamic_snr,-8.083,0.7102
58,v2,v5,20.0,170.03,30.0,0.6,0.8501,0.6,-20.5047,True,fuzzy_logic_dynamic_snr,0.5229,0.1281
58,v3,v4,20.0,20.22,20.0,0.6,0.1011,0.4,-4.7108,True,fuzzy_logic_dynamic_snr,1.5657,0.4953
58,v3,v8,20.0,60.07,0.0,0.6,0.3004,0.0,-8.4591,True,fuzzy_logic_dynamic_snr,1.1092,0.3008
58,v3,v12,20.0,90.05,10.0,0.6,0.4502,0.2,-13.68,True,fuzzy_logic_dynamic_snr,0.7499,0.1934
58,v3,v11,20.0,150.0,20.0,0.6,0.75,0.4,-18.6344,True,fuzzy_logic_dynamic_snr,0.5818,0.1498
58,v3,v7,20.0,160.0,30.0,0.6,0.8,0.6,-20.0824,True,fuzzy_logic_dynamic_snr,0.5384,0.1367
58,v4,v3,40.0,20.22,20.0,1.0,0.1011,0.4,15.2892,False,fuzzy_logic_dynamic_snr,15.2699,0.9961
58,v4,v8,40.0,40.0,20.0,1.0,0.2,0.4,10.5501,False,fuzzy_logic_dynamic_snr,10.5283,0.9971
58,v4,v12,40.0,70.0,10.0,1.0,0.35,0.2,8.0702,False,fuzzy_logic_dynamic_snr,8.0333,0.9932
58,v4,v11,40.0,130.03,0.0,1.0,0.6502,0.0,6.1751,False,fuzzy_logic_dynamic_snr,6.149,0.9867
58,v4,v7,40.0,140.03,10.0,1.0,0.7002,0.2,3.2521,False,fuzzy_logic_dynamic_snr,3.2237,0.9805
59,v1,v2,40.0,30.15,20.0,1.0,0.1507,0.4,12.5145,False,fuzzy_logic_dynamic_snr,12.4808,0.9951
59,v1,v6,40.0,50.09,10.0,1.0,0.2504,0.2,10.3958,False,fuzzy_logic_dynamic_snr,10.3686,0.9912
59,v2,v6,20.0,20.0,10.0,0.6,0.1,0.2,-3.2247,False,fuzzy_logic_dynamic_snr,-3.2382,0.907
59,v2,v1,20.0,30.15,20.0,0.6,0.1507,0.4,-7.4855,True,fuzzy_logic_dynamic_snr,1.2082,0.325
59,v3,v4,20.0,3.0,10.0,0.6,0.015,0.2,9.9578,False,fuzzy_logic_dynamic_snr,9.9196,0.9955
59,v3,v8,20.0,60.07,0.0,0.6,0.3004,0.0,-8.4591,True,fuzzy_logic_dynamic_snr,1.1229,0.3268
59,v3,v12,20.0,80.06,30.0,0.6,0.4003,0.6,-15.2708,True,fuzzy_logic_dynamic_snr,0.6821,0.1688
59,v3,v7,20.0,130.0,0.0,0.6,0.65,0.0,-13.8231,True,fuzzy_logic_dynamic_snr,0.7433,0.1859
59,v3,v11,20.0,130.0,20.0,0.6,0.65,0.4,-17.6401,True,fuzzy_logic_dynamic_snr,0.5914,0.1309
59,v4,v3,40.0,3.0,10.0,1.0,0.015,0.2,29.9578,False,fuzzy_logic_dynamic_snr,29.9276,0.999
59,v4,v8,40.0,60.0,10.0,1.0,0.3,0.2,9.1413,False,fuzzy_logic_dynamic_snr,9.1122,0.9936
59,v4,v12,40.0,80.0,20.0,1.0,0.4,0.4,5.7336,False,fuzzy_logic_dynamic_snr,5.6963,0.9873
59,v4,v7,40.0,130.03,10.0,1.0,0.6502,0.2,3.7668,False,fuzzy_logic_dynamic_snr,3.7476,0.9863
59,v4,v11,40.0,130.03,10.0,1.0,0.6502,0.2,3.7668,False,fuzzy_logic_dynamic_snr,3.75,0.9844
60,v1,v2,40.0,10.44,0.0,1.0,0.0522,0.0,23.7006,False,fuzzy_logic_dynamic_snr,23.6728,0.9971
60,v1,v6,40.0,40.11,20.0,1.0,0.2006,0.4,10.5306,False,fuzzy_logic_dynamic_snr,10.5022,0.9932
60,v2,v1,20.0,10.44,0.0,0.6,0.0522,0.0,3.7006,False,fuzzy_logic_dynamic_snr,3.676,0.9834
60,v2,v6,20.0,30.0,20.0,0.6,0.15,0.4,-7.4509,True,fuzzy_logic_dynamic_snr,1.2227,0.3258
60,v3,v4,20.0,10.44,20.0,0.6,0.0522,0.4,-0.1164,True,fuzzy_logic_dynamic_snr,2.1887,0.7613
60,v3,v8,20.0,60.07,30.0,0.6,0.3004,0.6,-13.2756,True,fuzzy_logic_dynamic_snr,0.7713,0.1832
60,v3,v12,20.0,110.04,10.0,0.6,0.5502,0.2,-15.0731,True,fuzzy_logic_dynamic_snr,0.6915,0.1832
60,v3,v7,20.0,130.0,30.0,0.6,0.65,0.6,-18.6396,True,fuzzy_logic_dynamic_snr,0.5637,0.1529
60,v3,v11,20.0,150.0,20.0,0.6,0.75,0.4,-18.6344,True,fuzzy_logic_dynamic_snr,0.5842,0.1488
60,v4,v3,40.0,10.44,20.0,1.0,0.0522,0.4,19.8836,False,fuzzy_logic_dynamic_snr,19.853,0.9961
60,v4,v8,40.0,50.0,10.0,1.0,0.25,0.2,10.4082,False,fuzzy_logic_dynamic_snr,10.3872,0.9941
60,v4,v12,40.0,100.0,30.0,1.0,0.5,0.6,3.1835,True,fuzzy_logic_dynamic_snr,2.5698,0.891
60,v4,v7,40.0,120.04,10.0,1.0,0.6002,0.2,4.3227,False,fuzzy_logic_dynamic_snr,4.2953,0.9873
60,v4,v11,40.0,140.03,0.0,1.0,0.7002,0.0,5.6604,False,fuzzy_logic_dynamic_snr,5.6423,0.9936
61,v1,v2,40.0,10.44,0.0,1.0,0.0522,0.0,23.7006,False,fuzzy_logic_dynamic_snr,23.6768,0.998
61,v1,v6,40.0,60.07,0.0,1.0,0.3004,0.0,11.5409,False,fuzzy_logic_dynamic_snr,11.5187,0.9941
61,v2,v1,20.0,10.44,0.0,0.6,0.0522,0.0,3.7006,False,fuzzy_logic_dynamic_snr,3.6824,0.9863
61,v2,v6,20.0,50.0,0.0,0.6,0.25,0.0,-7.1835,False,fuzzy_logic_dynamic_snr,-7.2136,0.7648
61,v3,v4,20.0,10.44,10.0,0.6,0.0522,0.2,1.2923,False,fuzzy_logic_dynamic_snr,1.267,0.9779
61,v3,v8,20.0,30.15,10.0,0.6,0.1507,0.2,-6.0768,False,fuzzy_logic_dynamic_snr,-6.1104,0.8164
61,v3,v7,20.0,100.0,0.0,0.6,0.5,0.0,-12.0,True,fuzzy_logic_dynamic_snr,0.8525,0.199
61,v3,v12,20.0,120.04,40.0,0.6,0.6002,0.8,-18.8608,True,fuzzy_logic_dynamic_snr,0.573,0.1285
61,v3,v11,20.0,130.0,0.0,0.6,0.65,0.0,-13.8231,True,fuzzy_logic_dynamic_snr,0.7347,0.1643
61,v4,v3,40.0,10.44,10.0,1.0,0.0522,0.2,21.2923,False,fuzzy_logic_dynamic_snr,21.2674,0.9971
61,v4,v8,40.0,40.0,0.0,1.0,0.2,0.0,14.367,False,fuzzy_logic_dynamic_snr,14.3525,0.9951
61,v4,v7,40.0,110.04,10.0,1.0,0.5502,0.2,4.9269,False,fuzzy_logic_dynamic_snr,4.9024,0.9941
61,v4,v12,40.0,130.0,30.0,1.0,0.65,0.6,1.3604,True,fuzzy_logic_dynamic_snr,2.3686,0.8398
61,v4,v11,40.0,140.03,10.0,1.0,0.7002,0.2,3.2521,False,fuzzy_logic_dynamic_snr,3.228,0.9828
62,v1,v2,40.0,10.44,30.0,1.0,0.0522,0.6,18.8841,False,fuzzy_logic_dynamic_snr,18.8639,0.998
62,v1,v6,40.0,60.07,0.0,1.0,0.3004,0.0,11.5409,False,fuzzy_logic_dynamic_snr,11.5235,0.9951
62,v2,v1,20.0,10.44,30.0,0.6,0.0522,0.6,-1.1159,True,fuzzy_logic_dynamic_snr,2.0531,0.7182
62,v2,v6,20.0,50.0,30.0,0.6,0.25,0.6,-12.0,True,fuzzy_logic_dynamic_snr,0.8246,0.2016
62,v3,v4,20.0,3.0,10.0,0.6,0.015,0.2,9.9578,False,fuzzy_logic_dynamic_snr,9.9332,0.9926
62,v3,v8,20.0,40.11,10.0,0.6,0.2006,0.2,-8.0607,False,fuzzy_logic_dynamic_snr,-8.0855,0.7182
62,v3,v7,20.0,100.0,10.0,0.6,0.5,0.2,-14.4082,True,fuzzy_logic_dynamic_snr,0.6841,0.1705
62,v3,v11,20.0,130.0,10.0,0.6,0.65,0.2,-16.2313,True,fuzzy_logic_dynamic_snr,0.6345,0.1412
62,v3,v12,20.0,160.03,20.0,0.6,0.8001,0.4,-19.0841,True,fuzzy_logic_dynamic_snr,0.549,0.1188
62,v4,v3,40.0,3.0,10.0,1.0,0.015,0.2,29.9578,False,fuzzy_logic_dynamic_snr,29.9202,0.998
62,v4,v8,40.0,40.0,20.0,1.0,0.2,0.4,10.5501,False,fuzzy_logic_dynamic_snr,10.5177,0.9932
62,v4,v7,40.0,100.04,0.0,1.0,0.5002,0.0,7.9969,False,fuzzy_logic_dynamic_snr,7.9808,0.9902
62,v4,v11,40.0,130.03,0.0,1.0,0.6502,0.0,6.1751,False,fuzzy_logic_dynamic_snr,6.1685,0.9936
62,v4,v12,40.0,160.0,10.0,1.0,0.8,0.2,2.3258,True,fuzzy_logic_dynamic_snr,2.4942,0.8898
63,v1,v2,40.0,20.22,40.0,1.0,0.1011,0.8,13.5145,True,fuzzy_logic_dynamic_snr,2.9311,0.9627
63,v1,v6,40.0,60.07,30.0,1.0,0.3004,0.6,6.7244,False,fuzzy_logic_dynamic_snr,6.7075,0.9896
63,v2,v1,20.0,20.22,40.0,0.6,0.1011,0.8,-6.4855,True,fuzzy_logic_dynamic_snr,1.3163,0.3773
63,v2,v6,20.0,80.0,10.0,0.6,0.4,0.2,-12.8577,True,fuzzy_logic_dynamic_snr,0.7743,0.1795
63,v3,v4,20.0,10.44,10.0,0.6,0.0522,0.2,1.2923,False,fuzzy_logic_dynamic_snr,1.2738,0.9701
63,v3,v8,20.0,50.09,20.0,0.6,0.2504,0.4,-11.013,True,fuzzy_logic_dynamic_snr,0.9034,0.2209
63,v3,v7,20.0,90.0,10.0,0.6,0.45,0.2,-13.6761,True,fuzzy_logic_dynamic_snr,0.76,0.1898
63,v3,v11,20.0,120.0,10.0,0.6,0.6,0.2,-15.6751,True,fuzzy_logic_dynamic_snr,0.6476,0.1451
63,v3,v12,20.0,140.03,0.0,0.6,0.7002,0.0,-14.3396,True,fuzzy_logic_dynamic_snr,0.7107,0.1713
63,v4,v3,40.0,10.44,10.0,1.0,0.0522,0.2,21.2923,False,fuzzy_logic_dynamic_snr,21.2639,0.998
63,v4,v8,40.0,60.0,30.0,1.0,0.3,0.6,6.7331,False,fuzzy_logic_dynamic_snr,6.7202,0.9922
63,v4,v7,40.0,100.04,0.0,1.0,0.5002,0.0,7.9969,False,fuzzy_logic_dynamic_snr,7.9607,0.9932
63,v4,v11,40.0,130.03,20.0,1.0,0.6502,0.4,2.3581,True,fuzzy_logic_dynamic_snr,2.4835,0.8771
63,v4,v12,40.0,150.0,10.0,1.0,0.75,0.2,2.7743,False,fuzzy_logic_dynamic_snr,2.7394,0.9789
64,v1,v6,40.0,30.15,10.0,1.0,0.1507,0.2,13.9232,False,fuzzy_logic_dynamic_snr,13.8997,0.9932
64,v1,v2,40.0,60.07,20.0,1.0,0.3004,0.4,7.7239,False,fuzzy_logic_dynamic_snr,7.7018,0.9922
64,v2,v1,20.0,60.07,20.0,0.6,0.3004,0.4,-12.2761,True,fuzzy_logic_dynamic_snr,0.838,0.2303
64,v2,v6,20.0,90.0,10.0,0.6,0.45,0.2,-13.6761,True,fuzzy_logic_dynamic_snr,0.7408,0.1908
64,v3,v4,20.0,20.22,10.0,0.6,0.1011,0.2,-3.302,False,fuzzy_logic_dynamic_snr,-3.3273,0.9207
64,v3,v8,20.0,70.06,10.0,0.6,0.3503,0.2,-11.9362,True,fuzzy_logic_dynamic_snr,0.8247,0.1754
64,v3,v7,20.0,80.0,0.0,0.6,0.4,0.0,-10.4494,True,fuzzy_logic_dynamic_snr,0.9455,0.2529
64,v3,v11,20.0,130.0,20.0,0.6,0.65,0.4,-17.6401,True,fuzzy_logic_dynamic_snr,0.5697,0.1334
64,v3,v12,20.0,140.03,10.0,0.6,0.7002,0.2,-16.7479,True,fuzzy_logic_dynamic_snr,0.6228,0.1438
64,v4,v3,40.0,20.22,10.0,1.0,0.1011,0.2,16.698,False,fuzzy_logic_dynamic_snr,16.68,0.9941
64,v4,v8,40.0,90.0,20.0,1.0,0.45,0.4,4.9151,False,fuzzy_logic_dynamic_snr,4.8992,0.9848
64,v4,v7,40.0,100.04,10.0,1.0,0.5002,0.2,5.5886,False,fuzzy_logic_dynamic_snr,5.5641,0.9887
64,v4,v11,40.0,150.03,30.0,1.0,0.7501,0.6,0.3647,True,fuzzy_logic_dynamic_snr,2.2742,0.7922
64,v4,v12,40.0,160.0,20.0,1.0,0.8,0.4,0.9171,True,fuzzy_logic_dynamic_snr,2.3311,0.8291
65,v1,v6,40.0,20.22,10.0,1.0,0.1011,0.2,16.698,False,fuzzy_logic_dynamic_snr,16.6799,0.9961
65,v1,v2,40.0,80.06,20.0,1.0,0.4003,0.4,5.7287,False,fuzzy_logic_dynamic_snr,5.7025,0.9828
65,v2,v1,20.0,80.06,20.0,0.6,0.4003,0.4,-14.2713,True,fuzzy_logic_dynamic_snr,0.7101,0.1809
65,v2,v6,20.0,100.0,30.0,0.6,0.5,0.6,-16.8165,True,fuzzy_logic_dynamic_snr,0.6238,0.1617
65,v3,v4,20.0,30.15,40.0,0.6,0.1507,0.8,-9.2603,True,fuzzy_logic_dynamic_snr,1.026,0.2629
65,v3,v7,20.0,80.0,20.0,0.6,0.4,0.4,-14.2664,True,fuzzy_logic_dynamic_snr,0.7221,0.1699
65,v3,v8,20.0,80.06,30.0,0.6,0.4003,0.6,-15.2708,True,fuzzy_logic_dynamic_snr,0.6901,0.1664
65,v3,v11,20.0,150.0,30.0,0.6,0.75,0.6,-19.6339,True,fuzzy_logic_dynamic_snr,0.5439,0.1455
65,v3,v12,20.0,150.03,30.0,0.6,0.7501,0.6,-19.6353,True,fuzzy_logic_dynamic_snr,0.5403,0.1129
65,v4,v3,40.0,30.15,40.0,1.0,0.1507,0.8,10.7397,True,fuzzy_logic_dynamic_snr,2.902,0.9602
65,v4,v8,40.0,110.0,10.0,1.0,0.55,0.2,4.9295,False,fuzzy_logic_dynamic_snr,4.8928,0.9818
65,v4,v7,40.0,110.04,20.0,1.0,0.5502,0.4,3.5182,False,fuzzy_logic_dynamic_snr,3.4805,0.9824
65,v4,v12,40.0,180.0,10.0,1.0,0.9,0.2,1.5074,True,fuzzy_logic_dynamic_snr,2.403,0.8295
65,v4,v11,40.0,180.02,10.0,1.0,0.9001,0.2,1.5064,True,fuzzy_logic_dynamic_snr,2.3867,0.8213
66,v1,v6,40.0,10.44,20.0,1.0,0.0522,0.4,19.8836,False,fuzzy_logic_dynamic_snr,19.8574,0.9971
66,v1,v2,40.0,60.07,20.0,1.0,0.3004,0.4,7.7239,False,fuzzy_logic_dynamic_snr,7.6908,0.9941
66,v2,v1,20.0,60.07,20.0,0.6,0.3004,0.4,-12.2761,True,fuzzy_logic_dynamic_snr,0.8364,0.2021
66,v2,v6,20.0,70.0,0.0,0.6,0.35,0.0,-9.5216,True,fuzzy_logic_dynamic_snr,1.0314,0.2518
66,v3,v4,20.0,10.44,10.0,0.6,0.0522,0.2,1.2923,False,fuzzy_logic_dynamic_snr,1.261,0.9854
66,v3,v7,20.0,100.0,20.0,0.6,0.5,0.4,-15.817,True,fuzzy_logic_dynamic_snr,0.6725,0.1609
66,v3,v8,20.0,110.04,0.0,0.6,0.5502,0.0,-12.6649,True,fuzzy_logic_dynamic_snr,0.8032,0.2029
66,v3,v11,20.0,180.0,30.0,0.6,0.9,0.6,-20.9008,True,fuzzy_logic_dynamic_snr,0.5116,0.1332
66,v3,v12,20.0,180.02,10.0,0.6,0.9001,0.2,-18.4936,True,fuzzy_logic_dynamic_snr,0.5679,0.1365
66,v4,v3,40.0,10.44,10.0,1.0,0.0522,0.2,21.2923,False,fuzzy_logic_dynamic_snr,21.268,0.998
66,v4,v7,40.0,90.05,30.0,1.0,0.4502,0.6,3.9118,True,fuzzy_logic_dynamic_snr,2.6296,0.9178
66,v4,v8,40.0,100.0,10.0,1.0,0.5,0.2,5.5918,False,fuzzy_logic_dynamic_snr,5.5743,0.9902
66,v4,v12,40.0,170.0,20.0,1.0,0.85,0.4,0.4958,True,fuzzy_logic_dynamic_snr,2.2708,0.8117
66,v4,v11,40.0,170.03,40.0,1.0,0.8501,0.8,-1.28,True,fuzzy_logic_dynamic_snr,2.0285,0.7055
67,v1,v6,40.0,30.15,30.0,1.0,0.1507,0.6,11.515,False,fuzzy_logic_dynamic_snr,11.4911,0.9932
67,v1,v2,40.0,40.11,30.0,1.0,0.2006,0.6,9.5311,False,fuzzy_logic_dynamic_snr,9.5063,0.9926
67,v2,v1,20.0,40.11,30.0,0.6,0.2006,0.6,-10.4689,True,fuzzy_logic_dynamic_snr,0.9264,0.2219
67,v2,v6,20.0,70.0,0.0,0.6,0.35,0.0,-9.5216,True,fuzzy_logic_dynamic_snr,1.0325,0.2566
67,v3,v4,20.0,20.22,10.0,0.6,0.1011,0.2,-3.302,False,fuzzy_logic_dynamic_snr,-3.3254,0.9166
67,v3,v7,20.0,80.0,40.0,0.6,0.4,0.8,-16.0412,True,fuzzy_logic_dynamic_snr,0.6604,0.16
67,v3,v8,20.0,110.04,20.0,0.6,0.5502,0.4,-16.4818,True,fuzzy_logic_dynamic_snr,0.6423,0.1494
67,v3,v11,20.0,150.0,0.0,0.6,0.75,0.0,-14.8175,True,fuzzy_logic_dynamic_snr,0.6967,0.1738
67,v3,v12,20.0,170.03,20.0,0.6,0.8501,0.4,-19.5052,True,fuzzy_logic_dynamic_snr,0.5499,0.1434
67,v4,v3,40.0,20.22,10.0,1.0,0.1011,0.2,16.698,False,fuzzy_logic_dynamic_snr,16.6699,0.999
67,v4,v7,40.0,60.07,30.0,1.0,0.3004,0.6,6.7244,False,fuzzy_logic_dynamic_snr,6.7122,0.9912
67,v4,v8,40.0,90.0,10.0,1.0,0.45,0.2,6.3239,False,fuzzy_logic_dynamic_snr,6.2955,0.9887
67,v4,v11,40.0,130.03,10.0,1.0,0.6502,0.2,3.7668,False,fuzzy_logic_dynamic_snr,3.7425,0.9793
67,v4,v12,40.0,150.0,10.0,1.0,0.75,0.2,2.7743,False,fuzzy_logic_dynamic_snr,2.7357,0.9775
68,v1,v6,40.0,3.0,40.0,1.0,0.015,0.8,26.7743,True,fuzzy_logic_dynamic_snr,2.9672,0.9563
68,v1,v2,40.0,70.06,10.0,1.0,0.3503,0.2,8.0638,False,fuzzy_logic_dynamic_snr,8.0323,0.9922
68,v1,v13,40.0,180.0,30.0,1.0,0.9,0.6,-0.9008,True,fuzzy_logic_dynamic_snr,2.0916,0.7229
68,v2,v6,20.0,70.0,30.0,0.6,0.35,0.6,-14.338,True,fuzzy_logic_dynamic_snr,0.7098,0.1699
68,v2,v1,20.0,70.06,10.0,0.6,0.3503,0.2,-11.9362,True,fuzzy_logic_dynamic_snr,0.8302,0.1908
68,v3,v4,20.0,10.44,30.0,0.6,0.0522,0.6,-1.1159,True,fuzzy_logic_dynamic_snr,2.054,0.7188
68,v3,v7,20.0,40.0,10.0,0.6,0.2,0.2,-8.0412,False,fuzzy_logic_dynamic_snr,-8.0607,0.7596
68,v3,v8,20.0,90.05,10.0,0.6,0.4502,0.2,-13.68,True,fuzzy_logic_dynamic_snr,0.7693,0.1785
68,v3,v11,20.0,150.0,0.0,0.6,0.75,0.0,-14.8175,True,fuzzy_logic_dynamic_snr,0.6777,0.1564
68,v3,v12,20.0,150.03,10.0,0.6,0.7501,0.2,-17.2271,True,fuzzy_logic_dynamic_snr,0.6049,0.1473
68,v4,v3,40.0,10.44,30.0,1.0,0.0522,0.6,18.8841,False,fuzzy_logic_dynamic_snr,18.8558,0.9971
68,v4,v7,40.0,30.15,20.0,1.0,0.1507,0.4,12.5145,False,fuzzy_logic_dynamic_snr,12.4827,0.9961
68,v4,v8,40.0,80.0,40.0,1.0,0.4,0.8,3.9588,True,fuzzy_logic_dynamic_snr,2.6302,0.9111
68,v4,v12,40.0,140.0,20.0,1.0,0.7,0.4,1.845,True,fuzzy_logic_dynamic_snr,2.4495,0.8576
68,v4,v11,40.0,140.03,30.0,1.0,0.7002,0.6,0.8439,True,fuzzy_logic_dynamic_snr,2.3181,0.8221
69,v1,v6,40.0,40.11,30.0,1.0,0.2006,0.6,9.5311,False,fuzzy_logic_dynamic_snr,9.4835,0.9951
69,v1,v2,40.0,80.06,10.0,1.0,0.4003,0.2,7.1374,False,fuzzy_logic_dynamic_snr,7.111,0.9912
69,v1,v13,40.0,150.0,0.0,1.0,0.75,0.0,5.1825,False,fuzzy_logic_dynamic_snr,5.147,0.9822
69,v2,v6,20.0,40.0,20.0,0.6,0.2,0.4,-9.4499,True,fuzzy_logic_dynamic_snr,1.0225,0.2637
69,v2,v1,20.0,80.06,10.0,0.6,0.4003,0.2,-12.8626,True,fuzzy_logic_dynamic_snr,0.7927,0.1916
69,v3,v4,20.0,40.11,30.0,0.6,0.2006,0.6,-10.4689,True,fuzzy_logic_dynamic_snr,0.9487,0.2572
69,v3,v7,20.0,50.0,20.0,0.6,0.25,0.4,-11.0005,True,fuzzy_logic_dynamic_snr,0.8904,0.2182
69,v3,v8,20.0,80.06,0.0,0.6,0.4003,0.0,-10.4543,True,fuzzy_logic_dynamic_snr,0.9464,0.2309
69,v3,v11,20.0,150.0,30.0,0.6,0.75,0.6,-19.6339,True,fuzzy_logic_dynamic_snr,0.5251,0.14
69,v3,v12,20.0,160.03,10.0,0.6,0.8001,0.2,-17.6754,True,fuzzy_logic_dynamic_snr,0.5974,0.1377
69,v4,v7,40.0,10.44,10.0,1.0,0.0522,0.2,21.2923,False,fuzzy_logic_dynamic_snr,21.2605,0.998
69,v4,v8,40.0,40.0,30.0,1.0,0.2,0.6,9.5506,False,fuzzy_logic_dynamic_snr,9.5142,0.9941
69,v4,v3,40.0,40.11,30.0,1.0,0.2006,0.6,9.5311,False,fuzzy_logic_dynamic_snr,9.499,0.9941
69,v4,v11,40.0,110.04,0.0,1.0,0.5502,0.0,7.3351,False,fuzzy_logic_dynamic_snr,7.3032,0.9883
69,v4,v12,40.0,120.0,20.0,1.0,0.6,0.4,2.9161,False,fuzzy_logic_dynamic_snr,2.886,0.9844
70,v1,v6,40.0,70.06,10.0,1.0,0.3503,0.2,8.0638,False,fuzzy_logic_dynamic_snr,8.0487,0.9941
70,v1,v2,40.0,90.05,0.0,1.0,0.4502,0.0,8.7283,False,fuzzy_logic_dynamic_snr,8.7075,0.9916
70,v1,v13,40.0,150.0,30.0,1.0,0.75,0.6,0.3661,True,fuzzy_logic_dynamic_snr,2.2756,0.8041
70,v1,v5,40.0,180.0,30.0,1.0,0.9,0.6,-0.9008,True,fuzzy_logic_dynamic_snr,2.0865,0.7404
70,v2,v6,20.0,20.0,10.0,0.6,0.1,0.2,-3.2247,False,fuzzy_logic_dynamic_snr,-3.2464,0.9197
70,v2,v1,20.0,90.05,0.0,0.6,0.4502,0.0,-11.2717,True,fuzzy_logic_dynamic_snr,0.8863,0.2148
70,v3,v7,20.0,70.0,30.0,0.6,0.35,0.6,-14.338,True,fuzzy_logic_dynamic_snr,0.7222,0.1791
70,v3,v4,20.0,70.06,10.0,0.6,0.3503,0.2,-11.9362,True,fuzzy_logic_dynamic_snr,0.8296,0.1947
70,v3,v8,20.0,80.06,10.0,0.6,0.4003,0.2,-12.8626,True,fuzzy_logic_dynamic_snr,0.7828,0.1848
70,v3,v12,20.0,170.03,0.0,0.6,0.8501,0.0,-15.6883,True,fuzzy_logic_dynamic_snr,0.668,0.1625
70,v3,v11,20.0,180.0,10.0,0.6,0.9,0.2,-18.4926,True,fuzzy_logic_dynamic_snr,0.5879,0.1318
70,v4,v7,40.0,3.0,20.0,1.0,0.015,0.4,28.5491,False,fuzzy_logic_dynamic_snr,28.5171,0.9971
70,v4,v8,40.0,10.0,0.0,1.0,0.05,0.0,24.0,False,fuzzy_logic_dynamic_snr,23.9848,0.999
70,v4,v3,40.0,70.06,10.0,1.0,0.3503,0.2,8.0638,False,fuzzy_logic_dynamic_snr,8.0377,0.9922
70,v4,v12,40.0,100.0,10.0,1.0,0.5,0.2,5.5918,False,fuzzy_logic_dynamic_snr,5.5652,0.9863
70,v4,v11,40.0,110.04,0.0,1.0,0.5502,0.0,7.3351,False,fuzzy_logic_dynamic_snr,7.3177,0.9906
71,v1,v6,40.0,60.07,30.0,1.0,0.3004,0.6,6.7244,False,fuzzy_logic_dynamic_snr,6.6966,0.9912
71,v1,v2,40.0,90.05,0.0,1.0,0.4502,0.0,8.7283,False,fuzzy_logic_dynamic_snr,8.7036,0.9945
71,v1,v13,40.0,180.0,30.0,1.0,0.9,0.6,-0.9008,True,fuzzy_logic_dynamic_snr,2.0921,0.7098
71,v2,v6,20.0,30.0,30.0,0.6,0.15,0.6,-8.4504,True,fuzzy_logic_dynamic_snr,1.1164,0.3035
71,v2,v1,20.0,90.05,0.0,0.6,0.4502,0.0,-11.2717,True,fuzzy_logic_dynamic_snr,0.8811,0.2334
71,v3,v7,20.0,40.0,30.0,0.6,0.2,0.6,-10.4494,True,fuzzy_logic_dynamic_snr,0.9541,0.241
71,v3,v4,20.0,60.07,30.0,0.6,0.3004,0.6,-13.2756,True,fuzzy_logic_dynamic_snr,0.7808,0.1871
71,v3,v8,20.0,70.06,0.0,0.6,0.3503,0.0,-9.5279,True,fuzzy_logic_dynamic_snr,1.0064,0.2785
71,v3,v11,20.0,170.0,20.0,0.6,0.85,0.4,-19.5042,True,fuzzy_logic_dynamic_snr,0.5282,0.134
71,v3,v12,20.0,170.03,30.0,0.6,0.8501,0.6,-20.5047,True,fuzzy_logic_dynamic_snr,0.5302,0.1307
71,v4,v8,40.0,10.0,30.0,1.0,0.05,0.6,19.1835,False,fuzzy_logic_dynamic_snr,19.1549,0.9971
71,v4,v7,40.0,20.22,0.0,1.0,0.1011,0.0,19.1062,False,fuzzy_logic_dynamic_snr,19.0701,1.0
71,v4,v3,40.0,60.07,30.0,1.0,0.3004,0.6,6.7244,False,fuzzy_logic_dynamic_snr,6.7036,0.9922
71,v4,v12,40.0,110.0,0.0,1.0,0.55,0.0,7.3377,False,fuzzy_logic_dynamic_snr,7.2918,0.9941
71,v4,v11,40.0,110.04,10.0,1.0,0.5502,0.2,4.9269,False,fuzzy_logic_dynamic_snr,4.8962,0.9883
72,v1,v2,40.0,90.05,0.0,1.0,0.4502,0.0,8.7283,False,fuzzy_logic_dynamic_snr,8.7003,0.9932
72,v1,v6,40.0,90.05,10.0,1.0,0.4502,0.2,6.32,False,fuzzy_logic_dynamic_snr,6.3001,0.9912
72,v1,v13,40.0,150.0,10.0,1.0,0.75,0.2,2.7743,False,fuzzy_logic_dynamic_snr,2.7528,0.9818
72,v2,v6,20.0,0.0,10.0,0.6,0.0,0.2,33.5918,False,fuzzy_logic_dynamic_snr,33.5693,1.0
72,v2,v1,20.0,90.05,0.0,0.6,0.4502,0.0,-11.2717,True,fuzzy_logic_dynamic_snr,0.8699,0.2244
72,v3,v7,20.0,70.0,30.0,0.6,0.35,0.6,-14.338,True,fuzzy_logic_dynamic_snr,0.7386,0.1902
72,v3,v8,20.0,70.06,10.0,0.6,0.3503,0.2,-11.9362,True,fuzzy_logic_dynamic_snr,0.8445,0.2262
72,v3,v4,20.0,90.05,10.0,0.6,0.4502,0.2,-13.68,True,fuzzy_logic_dynamic_snr,0.7187,0.1646
72,v3,v11,20.0,190.0,10.0,0.6,0.95,0.2,-18.8683,True,fuzzy_logic_dynamic_snr,0.582,0.1451
72,v4,v8,40.0,20.0,20.0,1.0,0.1,0.4,15.3666,False,fuzzy_logic_dynamic_snr,15.3267,0.9971
72,v4,v7,40.0,20.22,40.0,1.0,0.1011,0.8,13.5145,True,fuzzy_logic_dynamic_snr,2.9362,0.9559
72,v4,v3,40.0,90.05,10.0,1.0,0.4502,0.2,6.32,False,fuzzy_logic_dynamic_snr,6.2901,0.9912
72,v4,v11,40.0,100.04,20.0,1.0,0.5002,0.4,4.1799,False,fuzzy_logic_dynamic_snr,4.1492,0.9902
72,v4,v12,40.0,110.0,0.0,1.0,0.55,0.0,7.3377,False,fuzzy_logic_dynamic_snr,7.3176,0.9838
73,v1,v2,40.0,90.05,0.0,1.0,0.4502,0.0,8.7283,False,fuzzy_logic_dynamic_snr,8.6918,0.9902
73,v1,v6,40.0,100.04,30.0,1.0,0.5002,0.6,3.1804,True,fuzzy_logic_dynamic_snr,2.5689,0.89
73,v1,v13,40.0,140.0,40.0,1.0,0.7,0.8,0.0702,True,fuzzy_logic_dynamic_snr,2.2192,0.7658
73,v1,v5,40.0,200.0,0.0,1.0,1.0,0.0,3.1835,True,fuzzy_logic_dynamic_snr,2.5757,0.9016
73,v2,v6,20.0,10.0,30.0,0.6,0.05,0.6,-0.8165,True,fuzzy_logic_dynamic_snr,2.0903,0.7113
73,v2,v1,20.0,90.05,0.0,0.6,0.4502,0.0,-11.2717,True,fuzzy_logic_dynamic_snr,0.9019,0.2164
73,v3,v7,20.0,40.0,40.0,0.6,0.2,0.8,-11.2247,True,fuzzy_logic_dynamic_snr,0.901,0.2223
73,v3,v8,20.0,60.07,0.0,0.6,0.3004,0.0,-8.4591,True,fuzzy_logic_dynamic_snr,1.1269,0.2969
73,v3,v4,20.0,100.04,30.0,0.6,0.5002,0.6,-16.8196,True,fuzzy_logic_dynamic_snr,0.6066,0.1486
73,v3,v11,20.0,180.0,30.0,0.6,0.9,0.6,-20.9008,True,fuzzy_logic_dynamic_snr,0.5202,0.123
73,v4,v8,40.0,40.0,30.0,1.0,0.2,0.6,9.5506,False,fuzzy_logic_dynamic_snr,9.5124,0.9941
73,v4,v7,40.0,60.07,10.0,1.0,0.3004,0.2,9.1327,False,fuzzy_logic_dynamic_snr,9.0972,0.9951
73,v4,v11,40.0,80.06,0.0,1.0,0.4003,0.0,9.5457,False,fuzzy_logic_dynamic_snr,9.5121,0.9906
73,v4,v3,40.0,100.04,30.0,1.0,0.5002,0.6,3.1804,True,fuzzy_logic_dynamic_snr,2.5655,0.8975
73,v4,v12,40.0,110.0,30.0,1.0,0.55,0.6,2.5212,True,fuzzy_logic_dynamic_snr,2.51,0.8629
74,v1,v6,40.0,70.06,10.0,1.0,0.3503,0.2,8.0638,False,fuzzy_logic_dynamic_snr,8.0246,0.9912
74,v1,v2,40.0,90.05,20.0,1.0,0.4502,0.4,4.9113,False,fuzzy_logic_dynamic_snr,4.8829,0.9838
74,v1,v13,40.0,180.0,40.0,1.0,0.9,0.8,-1.6761,True,fuzzy_logic_dynamic_snr,1.9847,0.6691
74,v1,v5,40.0,200.0,0.0,1.0,1.0,0.0,3.1835,True,fuzzy_logic_dynamic_snr,2.564,0.9025
74,v2,v6,20.0,20.0,10.0,0.6,0.1,0.2,-3.2247,False,fuzzy_logic_dynamic_snr,-3.2525,0.9197
74,v2,v1,20.0,90.05,20.0,0.6,0.4502,0.4,-15.0887,True,fuzzy_logic_dynamic_snr,0.6856,0.1676
74,v3,v7,20.0,0.0,20.0,0.6,0.0,0.4,32.183,True,fuzzy_logic_dynamic_snr,2.9685,0.9592
74,v3,v8,20.0,60.07,0.0,0.6,0.3004,0.0,-8.4591,True,fuzzy_logic_dynamic_snr,1.1061,0.3059
74,v3,v4,20.0,70.06,30.0,0.6,0.3503,0.6,-14.3444,True,fuzzy_logic_dynamic_snr,0.7121,0.1732
74,v3,v11,20.0,150.0,20.0,0.6,0.75,0.4,-18.6344,True,fuzzy_logic_dynamic_snr,0.5551,0.1475
74,v4,v8,40.0,10.0,30.0,1.0,0.05,0.6,19.1835,False,fuzzy_logic_dynamic_snr,19.1409,0.9961
74,v4,v3,40.0,70.06,30.0,1.0,0.3503,0.6,5.6556,False,fuzzy_logic_dynamic_snr,5.6392,0.9883
74,v4,v7,40.0,70.06,10.0,1.0,0.3503,0.2,8.0638,False,fuzzy_logic_dynamic_snr,8.0404,0.9902
74,v4,v11,40.0,80.06,10.0,1.0,0.4003,0.2,7.1374,False,fuzzy_logic_dynamic_snr,7.1159,0.9883
74,v4,v12,40.0,140.0,20.0,1.0,0.7,0.4,1.845,True,fuzzy_logic_dynamic_snr,2.4362,0.8689
75,v1,v6,40.0,80.06,10.0,1.0,0.4003,0.2,7.1374,False,fuzzy_logic_dynamic_snr,7.1102,0.9902
75,v1,v2,40.0,110.04,40.0,1.0,0.5502,0.8,1.7434,True,fuzzy_logic_dynamic_snr,2.42,0.8578
75,v1,v13,40.0,140.0,20.0,1.0,0.7,0.4,1.845,True,fuzzy_logic_dynamic_snr,2.436,0.8539
75,v1,v14,40.0,170.03,30.0,1.0,0.8501,0.6,-0.5047,True,fuzzy_logic_dynamic_snr,2.1415,0.7336
75,v1,v5,40.0,200.0,30.0,1.0,1.0,0.6,-1.633,True,fuzzy_logic_dynamic_snr,1.992,0.6619
75,v2,v6,20.0,30.0,30.0,0.6,0.15,0.6,-8.4504,True,fuzzy_logic_dynamic_snr,1.1246,0.2875
75,v2,v1,20.0,110.04,40.0,0.6,0.5502,0.8,-18.2566,True,fuzzy_logic_dynamic_snr,0.5813,0.1525
75,v3,v7,20.0,20.0,20.0,0.6,0.1,0.4,-4.6334,True,fuzzy_logic_dynamic_snr,1.5551,0.5086
75,v3,v8,20.0,60.07,10.0,0.6,0.3004,0.2,-10.8673,True,fuzzy_logic_dynamic_snr,0.9163,0.227
75,v3,v4,20.0,100.04,20.0,0.6,0.5002,0.4,-15.8201,True,fuzzy_logic_dynamic_snr,0.6548,0.1602
75,v3,v11,20.0,170.0,20.0,0.6,0.85,0.4,-19.5042,True,fuzzy_logic_dynamic_snr,0.5475,0.1313
75,v4,v8,40.0,40.0,10.0,1.0,0.2,0.2,11.9588,False,fuzzy_logic_dynamic_snr,11.9331,0.9951
75,v4,v11,40.0,70.06,0.0,1.0,0.3503,0.0,10.4721,False,fuzzy_logic_dynamic_snr,10.4327,0.9926
75,v4,v7,40.0,80.06,0.0,1.0,0.4003,0.0,9.5457,False,fuzzy_logic_dynamic_snr,9.5069,0.9893
75,v4,v3,40.0,100.04,20.0,1.0,0.5002,0.4,4.1799,False,fuzzy_logic_dynamic_snr,4.1618,0.9775
75,v4,v12,40.0,120.0,30.0,1.0,0.6,0.6,1.9166,True,fuzzy_logic_dynamic_snr,2.4391,0.8461
76,v1,v6,40.0,90.05,20.0,1.0,0.4502,0.4,4.9113,False,fuzzy_logic_dynamic_snr,4.8746,0.9912
76,v1,v13,40.0,120.0,20.0,1.0,0.6,0.4,2.9161,False,fuzzy_logic_dynamic_snr,2.8913,0.9834
76,v1,v14,40.0,140.03,0.0,1.0,0.7002,0.0,5.6604,False,fuzzy_logic_dynamic_snr,5.6448,0.9936
76,v1,v2,40.0,150.03,0.0,1.0,0.7501,0.0,5.1812,False,fuzzy_logic_dynamic_snr,5.1438,0.9828
76,v1,v5,40.0,170.0,0.0,1.0,0.85,0.0,4.3128,True,fuzzy_logic_dynamic_snr,2.6636,0.9217
76,v2,v6,20.0,60.0,20.0,0.6,0.3,0.4,-12.2674,True,fuzzy_logic_dynamic_snr,0.8296,0.2023
76,v2,v1,20.0,150.03,0.0,0.6,0.7501,0.0,-14.8188,True,fuzzy_logic_dynamic_snr,0.6815,0.1727
76,v3,v7,20.0,0.0,10.0,0.6,0.0,0.2,33.5918,False,fuzzy_logic_dynamic_snr,33.5634,0.999
76,v3,v8,20.0,50.09,40.0,0.6,0.2504,0.8,-12.7878,True,fuzzy_logic_dynamic_snr,0.7978,0.1881
76,v3,v4,20.0,80.06,30.0,0.6,0.4003,0.6,-15.2708,True,fuzzy_logic_dynamic_snr,0.6809,0.1609
76,v3,v11,20.0,150.0,40.0,0.6,0.75,0.8,-20.4092,True,fuzzy_logic_dynamic_snr,0.5155,0.1162
76,v4,v8,40.0,30.0,10.0,1.0,0.15,0.2,13.9578,False,fuzzy_logic_dynamic_snr,13.9409,0.9961
76,v4,v11,40.0,70.06,10.0,1.0,0.3503,0.2,8.0638,False,fuzzy_logic_dynamic_snr,8.038,0.9951
76,v4,v3,40.0,80.06,30.0,1.0,0.4003,0.6,4.7292,False,fuzzy_logic_dynamic_snr,4.7025,0.9887
76,v4,v7,40.0,80.06,20.0,1.0,0.4003,0.4,5.7287,False,fuzzy_logic_dynamic_snr,5.6986,0.9848
76,v4,v12,40.0,150.0,10.0,1.0,0.75,0.2,2.7743,False,fuzzy_logic_dynamic_snr,2.7392,0.9766
77,v1,v13,40.0,100.0,0.0,1.0,0.5,0.0,8.0,False,fuzzy_logic_dynamic_snr,7.9753,0.9912
77,v1,v6,40.0,110.04,10.0,1.0,0.5502,0.2,4.9269,False,fuzzy_logic_dynamic_snr,4.8975,0.9896
77,v1,v14,40.0,140.03,20.0,1.0,0.7002,0.4,1.8434,True,fuzzy_logic_dynamic_snr,2.4314,0.8574
77,v1,v2,40.0,150.03,0.0,1.0,0.7501,0.0,5.1812,False,fuzzy_logic_dynamic_snr,5.1602,0.9883
77,v1,v5,40.0,170.0,20.0,1.0,0.85,0.4,0.4958,True,fuzzy_logic_dynamic_snr,2.2565,0.7678
77,v2,v6,20.0,40.0,10.0,0.6,0.2,0.2,-8.0412,False,fuzzy_logic_dynamic_snr,-8.0703,0.7221
77,v2,v1,20.0,150.03,0.0,0.6,0.7501,0.0,-14.8188,True,fuzzy_logic_dynamic_snr,0.6927,0.1873
77,v3,v7,20.0,10.0,10.0,0.6,0.05,0.2,1.5918,False,fuzzy_logic_dynamic_snr,1.5623,0.975
77,v3,v8,20.0,10.44,30.0,0.6,0.0522,0.6,-1.1159,True,fuzzy_logic_dynamic_snr,2.0696,0.7051
77,v3,v4,20.0,50.09,40.0,0.6,0.2504,0.8,-12.7878,True,fuzzy_logic_dynamic_snr,0.7949,0.1982
77,v3,v11,20.0,110.0,20.0,0.6,0.55,0.4,-16.4793,True,fuzzy_logic_dynamic_snr,0.6224,0.1551
77,v3,v12,20.0,190.02,40.0,0.6,0.9501,0.8,-22.0527,True,fuzzy_logic_dynamic_snr,0.497,0.1467
77,v4,v8,40.0,40.0,10.0,1.0,0.2,0.2,11.9588,False,fuzzy_logic_dynamic_snr,11.933,0.9951
77,v4,v3,40.0,50.09,40.0,1.0,0.2504,0.8,7.2122,True,fuzzy_logic_dynamic_snr,2.8165,0.9367
77,v4,v7,40.0,60.07,30.0,1.0,0.3004,0.6,6.7244,False,fuzzy_logic_dynamic_snr,6.6937,0.9912
77,v4,v11,40.0,60.07,20.0,1.0,0.3004,0.4,7.7239,False,fuzzy_logic_dynamic_snr,7.6849,0.9877
77,v4,v12,40.0,140.0,0.0,1.0,0.7,0.0,5.662,False,fuzzy_logic_dynamic_snr,5.6264,0.9838
78,v1,v13,40.0,100.0,30.0,1.0,0.5,0.6,3.1835,True,fuzzy_logic_dynamic_snr,2.5734,0.8859
78,v1,v6,40.0,100.04,40.0,1.0,0.5002,0.8,2.4051,True,fuzzy_logic_dynamic_snr,2.4913,0.8795
78,v1,v5,40.0,150.0,20.0,1.0,0.75,0.4,1.3656,True,fuzzy_logic_dynamic_snr,2.3814,0.8383
78,v1,v2,40.0,150.03,0.0,1.0,0.7501,0.0,5.1812,False,fuzzy_logic_dynamic_snr,5.1592,0.9828
78,v1,v14,40.0,160.03,30.0,1.0,0.8001,0.6,-0.0836,True,fuzzy_logic_dynamic_snr,2.2076,0.7814
78,v2,v6,20.0,50.0,40.0,0.6,0.25,0.8,-12.7753,True,fuzzy_logic_dynamic_snr,0.7836,0.1764
78,v2,v1,20.0,150.03,0.0,0.6,0.7501,0.0,-14.8188,True,fuzzy_logic_dynamic_snr,0.6966,0.1771
78,v3,v4,20.0,10.44,40.0,0.6,0.0522,0.8,-1.8912,True,fuzzy_logic_dynamic_snr,1.9301,0.6523
78,v3,v7,20.0,20.0,10.0,0.6,0.1,0.2,-3.2247,False,fuzzy_logic_dynamic_snr,-3.2577,0.9182
78,v3,v8,20.0,20.22,20.0,0.6,0.1011,0.4,-4.7108,True,fuzzy_logic_dynamic_snr,1.5479,0.4697
78,v3,v11,20.0,90.0,20.0,0.6,0.45,0.4,-15.0849,True,fuzzy_logic_dynamic_snr,0.6795,0.1711
78,v3,v12,20.0,150.03,0.0,0.6,0.7501,0.0,-14.8188,True,fuzzy_logic_dynamic_snr,0.6835,0.1547
78,v4,v3,40.0,10.44,40.0,1.0,0.0522,0.8,18.1088,True,fuzzy_logic_dynamic_snr,2.9556,0.9641
78,v4,v8,40.0,30.0,20.0,1.0,0.15,0.4,12.5491,False,fuzzy_logic_dynamic_snr,12.5215,0.9961
78,v4,v7,40.0,30.15,30.0,1.0,0.1507,0.6,11.515,False,fuzzy_logic_dynamic_snr,11.4838,0.9961
78,v4,v11,40.0,80.06,20.0,1.0,0.4003,0.4,5.7287,False,fuzzy_logic_dynamic_snr,5.6983,0.9854
78,v4,v12,40.0,140.0,40.0,1.0,0.7,0.8,0.0702,True,fuzzy_logic_dynamic_snr,2.2402,0.7773
79,v1,v6,40.0,60.07,20.0,1.0,0.3004,0.4,7.7239,False,fuzzy_logic_dynamic_snr,7.6959,0.9902
79,v1,v13,40.0,130.0,40.0,1.0,0.65,0.8,0.5851,True,fuzzy_logic_dynamic_snr,2.2857,0.7881
79,v1,v2,40.0,150.03,30.0,1.0,0.7501,0.6,0.3647,True,fuzzy_logic_dynamic_snr,2.2552,0.7754
79,v1,v5,40.0,170.0,10.0,1.0,0.85,0.2,1.9046,True,fuzzy_logic_dynamic_snr,2.4369,0.8631
79,v1,v14,40.0,190.02,40.0,1.0,0.9501,0.8,-2.0527,True,fuzzy_logic_dynamic_snr,1.9207,0.6471
79,v2,v6,20.0,90.0,10.0,0.6,0.45,0.2,-13.6761,True,fuzzy_logic_dynamic_snr,0.7618,0.19
79,v2,v1,20.0,150.03,30.0,0.6,0.7501,0.6,-19.6353,True,fuzzy_logic_dynamic_snr,0.5567,0.1486
79,v3,v7,20.0,30.0,20.0,0.6,0.15,0.4,-7.4509,True,fuzzy_logic_dynamic_snr,1.2236,0.3568
79,v3,v4,20.0,30.15,0.0,0.6,0.1507,0.0,-3.6685,False,fuzzy_logic_dynamic_snr,-3.6813,0.8926
79,v3,v8,20.0,40.11,10.0,0.6,0.2006,0.2,-8.0607,False,fuzzy_logic_dynamic_snr,-8.0843,0.7297
79,v3,v11,20.0,70.0,10.0,0.6,0.35,0.2,-11.9298,True,fuzzy_logic_dynamic_snr,0.8426,0.2092
79,v3,v15,20.0,140.0,20.0,0.6,0.7,0.4,-18.155,True,fuzzy_logic_dynamic_snr,0.5947,0.1594
79,v4,v7,40.0,3.0,20.0,1.0,0.015,0.4,28.5491,False,fuzzy_logic_dynamic_snr,28.5185,0.998
79,v4,v8,40.0,10.0,10.0,1.0,0.05,0.2,21.5918,False,fuzzy_logic_dynamic_snr,21.5683,0.9971
79,v4,v3,40.0,30.15,0.0,1.0,0.1507,0.0,16.3315,False,fuzzy_logic_dynamic_snr,16.291,0.9971
79,v4,v11,40.0,100.04,10.0,1.0,0.5002,0.2,5.5886,False,fuzzy_logic_dynamic_snr,5.5595,0.9896
79,v4,v15,40.0,170.03,20.0,1.0,0.8501,0.4,0.4948,True,fuzzy_logic_dynamic_snr,2.2728,0.8055
80,v1,v6,40.0,40.11,0.0,1.0,0.2006,0.0,14.3476,False,fuzzy_logic_dynamic_snr,14.3194,0.9951
80,v1,v2,40.0,120.04,0.0,1.0,0.6002,0.0,6.7309,False,fuzzy_logic_dynamic_snr,6.7083,0.9887
80,v1,v13,40.0,170.0,30.0,1.0,0.85,0.6,-0.5037,True,fuzzy_logic_dynamic_snr,2.1443,0.7453
80,v1,v5,40.0,180.0,0.0,1.0,0.9,0.0,3.9156,True,fuzzy_logic_dynamic_snr,2.6347,0.9211
80,v2,v6,20.0,80.0,0.0,0.6,0.4,0.0,-10.4494,True,fuzzy_logic_dynamic_snr,0.9381,0.2422
80,v2,v1,20.0,120.04,0.0,0.6,0.6002,0.0,-13.2691,True,fuzzy_logic_dynamic_snr,0.7691,0.1928
80,v3,v7,20.0,10.0,10.0,0.6,0.05,0.2,1.5918,False,fuzzy_logic_dynamic_snr,1.561,0.9766
80,v3,v4,20.0,30.15,10.0,0.6,0.1507,0.2,-6.0768,False,fuzzy_logic_dynamic_snr,-6.101,0.802
80,v3,v8,20.0,30.15,20.0,0.6,0.1507,0.4,-7.4855,True,fuzzy_logic_dynamic_snr,1.2217,0.3475
80,v3,v11,20.0,60.0,10.0,0.6,0.3,0.2,-10.8587,True,fuzzy_logic_dynamic_snr,0.9277,0.2199
80,v3,v12,20.0,140.03,0.0,0.6,0.7002,0.0,-14.3396,True,fuzzy_logic_dynamic_snr,0.712,0.1736
80,v4,v8,40.0,0.0,30.0,1.0,0.0,0.6,40.0,False,fuzzy_logic_dynamic_snr,39.982,1.0
80,v4,v7,40.0,20.22,20.0,1.0,0.1011,0.4,15.2892,False,fuzzy_logic_dynamic_snr,15.2611,0.9961
80,v4,v3,40.0,30.15,10.0,1.0,0.1507,0.2,13.9232,False,fuzzy_logic_dynamic_snr,13.9033,0.9951
80,v4,v11,40.0,90.05,20.0,1.0,0.4502,0.4,4.9113,False,fuzzy_logic_dynamic_snr,4.8743,0.9873
80,v4,v12,40.0,170.0,10.0,1.0,0.85,0.2,1.9046,True,fuzzy_logic_dynamic_snr,2.4493,0.8631
81,v1,v6,40.0,40.11,10.0,1.0,0.2006,0.2,11.9393,False,fuzzy_logic_dynamic_snr,11.896,0.9941
81,v1,v2,40.0,120.04,10.0,1.0,0.6002,0.2,4.3227,False,fuzzy_logic_dynamic_snr,4.3026,0.9779
81,v1,v5,40.0,180.0,20.0,1.0,0.9,0.4,0.0987,True,fuzzy_logic_dynamic_snr,2.219,0.752
81,v1,v13,40.0,200.0,30.0,1.0,1.0,0.6,-1.633,True,fuzzy_logic_dynamic_snr,1.9806,0.6611
81,v2,v6,20.0,80.0,20.0,0.6,0.4,0.4,-14.2664,True,fuzzy_logic_dynamic_snr,0.7183,0.1693
81,v2,v1,20.0,120.04,10.0,0.6,0.6002,0.2,-15.6773,True,fuzzy_logic_dynamic_snr,0.666,0.1508
81,v2,v4,20.0,190.09,60.0,0.6,0.9505,1.2,-23.2243,True,fuzzy_logic_dynamic_snr,0.4863,0.1201
81,v3,v7,20.0,0.0,10.0,0.6,0.0,0.2,33.5918,False,fuzzy_logic_dynamic_snr,33.5592,0.999
81,v3,v8,20.0,10.44,10.0,0.6,0.0522,0.2,1.2923,False,fuzzy_logic_dynamic_snr,1.2539,0.9766
81,v3,v4,20.0,40.11,0.0,0.6,0.2006,0.0,-5.6524,False,fuzzy_logic_dynamic_snr,-5.6783,0.8318
81,v3,v11,20.0,70.0,20.0,0.6,0.35,0.4,-13.3385,True,fuzzy_logic_dynamic_snr,0.7587,0.1676
81,v3,v12,20.0,140.03,0.0,0.6,0.7002,0.0,-14.3396,True,fuzzy_logic_dynamic_snr,0.7177,0.166
81,v4,v8,40.0,30.0,10.0,1.0,0.15,0.2,13.9578,False,fuzzy_logic_dynamic_snr,13.932,0.9961
81,v4,v3,40.0,40.11,0.0,1.0,0.2006,0.0,14.3476,False,fuzzy_logic_dynamic_snr,14.3279,0.9961
81,v4,v7,40.0,40.11,10.0,1.0,0.2006,0.2,11.9393,False,fuzzy_logic_dynamic_snr,11.9284,0.9932
81,v4,v11,40.0,110.04,20.0,1.0,0.5502,0.4,3.5182,False,fuzzy_logic_dynamic_snr,3.4923,0.9867
81,v4,v12,40.0,180.0,0.0,1.0,0.9,0.0,3.9156,True,fuzzy_logic_dynamic_snr,2.6251,0.9137
82,v1,v6,40.0,30.15,40.0,1.0,0.1507,0.8,10.7397,True,fuzzy_logic_dynamic_snr,2.903,0.9568
82,v1,v2,40.0,130.03,0.0,1.0,0.6502,0.0,6.1751,False,fuzzy_logic_dynamic_snr,6.1431,0.9848
82,v1,v5,40.0,200.0,10.0,1.0,1.0,0.2,0.7753,True,fuzzy_logic_dynamic_snr,2.3004,0.7957
82,v2,v6,20.0,100.0,40.0,0.6,0.5,0.8,-17.5918,True,fuzzy_logic_dynamic_snr,0.5988,0.1434
82,v2,v1,20.0,130.03,0.0,0.6,0.6502,0.0,-13.8249,True,fuzzy_logic_dynamic_snr,0.7486,0.1787
82,v2,v4,20.0,130.14,60.0,0.6,0.6507,1.2,-20.5913,True,fuzzy_logic_dynamic_snr,0.5172,0.1156
82,v2,v8,20.0,150.12,60.0,0.6,0.7506,1.2,-21.5838,True,fuzzy_logic_dynamic_snr,0.4985,0.1074
82,v2,v7,20.0,160.03,90.0,0.6,0.8001,1.8,-23.2671,True,fuzzy_logic_dynamic_snr,0.464,0.1236
82,v3,v7,20.0,10.0,10.0,0.6,0.05,0.2,1.5918,False,fuzzy_logic_dynamic_snr,1.5575,0.9779
82,v3,v8,20.0,20.22,20.0,0.6,0.1011,0.4,-4.7108,True,fuzzy_logic_dynamic_snr,1.5392,0.4596
82,v3,v4,20.0,40.11,20.0,0.6,0.2006,0.4,-9.4694,True,fuzzy_logic_dynamic_snr,1.0193,0.2729
82,v3,v11,20.0,50.0,0.0,0.6,0.25,0.0,-7.1835,False,fuzzy_logic_dynamic_snr,-7.206,0.7867
82,v3,v15,20.0,120.0,10.0,0.6,0.6,0.2,-15.6751,True,fuzzy_logic_dynamic_snr,0.6636,0.1457
82,v4,v8,40.0,20.0,0.0,1.0,0.1,0.0,19.1835,False,fuzzy_logic_dynamic_snr,19.1559,0.9961
82,v4,v7,40.0,30.15,30.0,1.0,0.1507,0.6,11.515,False,fuzzy_logic_dynamic_snr,11.4953,0.998
82,v4,v3,40.0,40.11,20.0,1.0,0.2006,0.4,10.5306,False,fuzzy_logic_dynamic_snr,10.5024,0.9941
82,v4,v11,40.0,90.05,20.0,1.0,0.4502,0.4,4.9113,False,fuzzy_logic_dynamic_snr,4.883,0.9867
82,v4,v2,40.0,130.14,60.0,1.0,0.6507,1.2,-0.5913,True,fuzzy_logic_dynamic_snr,2.1378,0.7168
83,v1,v6,40.0,10.44,20.0,1.0,0.0522,0.4,19.8836,False,fuzzy_logic_dynamic_snr,19.8544,0.9971
83,v1,v2,40.0,130.03,10.0,1.0,0.6502,0.2,3.7668,False,fuzzy_logic_dynamic_snr,3.7321,0.9863
83,v2,v7,20.0,70.06,60.0,0.6,0.3503,1.2,-16.2887,True,fuzzy_logic_dynamic_snr,0.6164,0.1437
83,v2,v4,20.0,70.26,60.0,0.6,0.3513,1.2,-16.3078,True,fuzzy_logic_dynamic_snr,0.6372,0.1719
83,v2,v3,20.0,90.05,70.0,0.6,0.4502,1.4,-18.4965,True,fuzzy_logic_dynamic_snr,0.5608,0.1287
83,v2,v8,20.0,90.2,30.0,0.6,0.451,0.6,-16.0998,True,fuzzy_logic_dynamic_snr,0.6483,0.1777
83,v2,v1,20.0,130.03,10.0,0.6,0.6502,0.2,-16.2332,True,fuzzy_logic_dynamic_snr,0.6488,0.1758
83,v3,v8,20.0,3.0,40.0,0.6,0.015,0.8,6.7743,True,fuzzy_logic_dynamic_snr,2.7948,0.9451
83,v3,v7,20.0,20.0,10.0,0.6,0.1,0.2,-3.2247,False,fuzzy_logic_dynamic_snr,-3.2598,0.9221
83,v3,v4,20.0,20.22,10.0,0.6,0.1011,0.2,-3.302,False,fuzzy_logic_dynamic_snr,-3.3384,0.9221
83,v3,v11,20.0,50.0,0.0,0.6,0.25,0.0,-7.1835,False,fuzzy_logic_dynamic_snr,-7.2219,0.7668
83,v3,v2,20.0,90.05,70.0,0.6,0.4502,1.4,-18.4965,True,fuzzy_logic_dynamic_snr,0.5531,0.1373
83,v4,v7,40.0,3.0,0.0,1.0,0.015,0.0,32.3661,False,fuzzy_logic_dynamic_snr,32.3358,0.9971
83,v4,v8,40.0,20.0,30.0,1.0,0.1,0.6,14.367,False,fuzzy_logic_dynamic_snr,14.3347,0.9961
83,v4,v3,40.0,20.22,10.0,1.0,0.1011,0.2,16.698,False,fuzzy_logic_dynamic_snr,16.668,0.9971
83,v4,v11,40.0,70.06,10.0,1.0,0.3503,0.2,8.0638,False,fuzzy_logic_dynamic_snr,8.0394,0.998
83,v4,v2,40.0,70.26,60.0,1.0,0.3513,1.2,3.6922,True,fuzzy_logic_dynamic_snr,2.6094,0.9002
84,v1,v6,40.0,30.15,10.0,1.0,0.1507,0.2,13.9232,False,fuzzy_logic_dynamic_snr,13.8999,0.9932
84,v1,v2,40.0,120.04,40.0,1.0,0.6002,0.8,1.1392,True,fuzzy_logic_dynamic_snr,2.3578,0.8154
84,v1,v7,40.0,130.14,40.0,1.0,0.6507,0.8,0.5778,True,fuzzy_logic_dynamic_snr,2.2893,0.8121
84,v1,v4,40.0,130.31,60.0,1.0,0.6516,1.2,-0.6005,True,fuzzy_logic_dynamic_snr,2.1443,0.7357
84,v1,v3,40.0,140.13,20.0,1.0,0.7006,0.4,1.8386,True,fuzzy_logic_dynamic_snr,2.4269,0.8498
84,v2,v7,20.0,10.44,80.0,0.6,0.0522,1.6,-3.9334,True,fuzzy_logic_dynamic_snr,1.6641,0.5189
84,v2,v4,20.0,11.66,100.0,0.6,0.0583,2.0,-5.3995,True,fuzzy_logic_dynamic_snr,1.4705,0.4129
84,v2,v3,20.0,20.22,60.0,0.6,0.1011,1.2,-7.6546,True,fuzzy_logic_dynamic_snr,1.1886,0.3143
84,v2,v8,20.0,60.3,80.0,0.6,0.3015,1.6,-16.1189,True,fuzzy_logic_dynamic_snr,0.6312,0.1512
84,v2,v11,20.0,70.06,60.0,0.6,0.3503,1.2,-16.2887,True,fuzzy_logic_dynamic_snr,0.6363,0.1566
84,v3,v7,20.0,10.0,20.0,0.6,0.05,0.4,0.183,True,fuzzy_logic_dynamic_snr,2.2335,0.7871
84,v3,v4,20.0,10.44,40.0,0.6,0.0522,0.8,-1.8912,True,fuzzy_logic_dynamic_snr,1.9287,0.6539
84,v3,v2,20.0,20.22,60.0,0.6,0.1011,1.2,-7.6546,True,fuzzy_logic_dynamic_snr,1.2008,0.3258
84,v3,v8,20.0,40.11,20.0,0.6,0.2006,0.4,-9.4694,True,fuzzy_logic_dynamic_snr,1.0218,0.2625
84,v3,v11,20.0,50.0,0.0,0.6,0.25,0.0,-7.1835,False,fuzzy_logic_dynamic_snr,-7.2062,0.7748
84,v4,v7,40.0,3.0,20.0,1.0,0.015,0.4,28.5491,False,fuzzy_logic_dynamic_snr,28.5324,1.0
84,v4,v3,40.0,10.44,40.0,1.0,0.0522,0.8,18.1088,True,fuzzy_logic_dynamic_snr,2.9575,0.9627
84,v4,v2,40.0,11.66,100.0,1.0,0.0583,2.0,14.6005,True,fuzzy_logic_dynamic_snr,2.9417,0.9523
84,v4,v8,40.0,50.0,20.0,1.0,0.25,0.4,8.9995,False,fuzzy_logic_dynamic_snr,8.9694,0.9941
84,v4,v11,40.0,60.07,40.0,1.0,0.3004,0.8,5.9491,True,fuzzy_logic_dynamic_snr,2.7568,0.9383
85,v1,v6,40.0,20.22,10.0,1.0,0.1011,0.2,16.698,False,fuzzy_logic_dynamic_snr,16.6761,0.998
85,v1,v4,40.0,70.58,80.0,1.0,0.3529,1.6,2.7875,True,fuzzy_logic_dynamic_snr,2.5301,0.8896
85,v1,v7,40.0,90.2,70.0,1.0,0.451,1.4,1.492,True,fuzzy_logic_dynamic_snr,2.3949,0.842
85,v1,v3,40.0,120.15,90.0,1.0,0.6007,1.8,-1.2756,True,fuzzy_logic_dynamic_snr,2.0388,0.7076
85,v1,v8,40.0,140.29,70.0,1.0,0.7014,1.4,-1.5771,True,fuzzy_logic_dynamic_snr,1.9891,0.6418
85,v2,v11,20.0,10.44,60.0,0.6,0.0522,1.2,-3.0602,True,fuzzy_logic_dynamic_snr,1.7711,0.5648
85,v2,v8,20.0,20.88,80.0,0.6,0.1044,1.6,-8.7498,True,fuzzy_logic_dynamic_snr,1.1013,0.2949
85,v2,v3,20.0,40.11,100.0,0.6,0.2006,2.0,-13.9836,True,fuzzy_logic_dynamic_snr,0.7225,0.1688
85,v2,v7,20.0,70.06,80.0,0.6,0.3503,1.6,-17.1619,True,fuzzy_logic_dynamic_snr,0.6044,0.1467
85,v2,v15,20.0,70.06,80.0,0.6,0.3503,1.6,-17.1619,True,fuzzy_logic_dynamic_snr,0.6269,0.1736
85,v3,v8,20.0,20.22,20.0,0.6,0.1011,0.4,-4.7108,True,fuzzy_logic_dynamic_snr,1.5371,0.4709
85,v3,v7,20.0,30.0,20.0,0.6,0.15,0.4,-7.4509,True,fuzzy_logic_dynamic_snr,1.2191,0.3412
85,v3,v2,20.0,40.11,100.0,0.6,0.2006,2.0,-13.9836,True,fuzzy_logic_dynamic_snr,0.7262,0.1752
85,v3,v11,20.0,50.0,40.0,0.6,0.25,0.8,-12.7753,True,fuzzy_logic_dynamic_snr,0.8164,0.2029
85,v3,v4,20.0,50.09,10.0,0.6,0.2504,0.2,-9.6042,False,fuzzy_logic_dynamic_snr,-9.6306,0.6236
85,v4,v7,40.0,20.22,10.0,1.0,0.1011,0.2,16.698,False,fuzzy_logic_dynamic_snr,16.6618,0.9971
85,v4,v3,40.0,50.09,10.0,1.0,0.2504,0.2,10.3958,False,fuzzy_logic_dynamic_snr,10.3623,0.9941
85,v4,v8,40.0,70.0,10.0,1.0,0.35,0.2,8.0702,False,fuzzy_logic_dynamic_snr,8.0526,0.9941
85,v4,v1,40.0,70.58,80.0,1.0,0.3529,1.6,2.7875,True,fuzzy_logic_dynamic_snr,2.5323,0.873
85,v4,v2,40.0,90.2,90.0,1.0,0.451,1.8,0.7167,True,fuzzy_logic_dynamic_snr,2.2999,0.7844
86,v1,v6,40.0,10.44,0.0,1.0,0.0522,0.0,23.7006,False,fuzzy_logic_dynamic_snr,23.6729,0.999
86,v1,v4,40.0,13.45,40.0,1.0,0.0673,0.8,16.3468,True,fuzzy_logic_dynamic_snr,2.9508,0.9523
86,v1,v7,40.0,20.88,60.0,1.0,0.1044,1.2,12.1233,True,fuzzy_logic_dynamic_snr,2.9211,0.9611
86,v1,v3,40.0,30.59,70.0,1.0,0.153,1.4,9.0051,True,fuzzy_logic_dynamic_snr,2.8683,0.9564
86,v1,v8,40.0,70.58,40.0,1.0,0.3529,0.8,4.8297,True,fuzzy_logic_dynamic_snr,2.6979,0.9313
86,v2,v15,20.0,10.44,90.0,0.6,0.0522,1.8,-4.2994,True,fuzzy_logic_dynamic_snr,1.602,0.4908
86,v2,v12,20.0,11.66,90.0,0.6,0.0583,1.8,-5.0683,True,fuzzy_logic_dynamic_snr,1.4757,0.4305
86,v2,v11,20.0,50.09,90.0,0.6,0.2504,1.8,-15.196,True,fuzzy_logic_dynamic_snr,0.6813,0.1453
86,v2,v16,20.0,90.2,90.0,0.6,0.451,1.8,-19.2833,True,fuzzy_logic_dynamic_snr,0.5481,0.1184
86,v2,v8,20.0,100.18,50.0,0.6,0.5009,1.0,-18.2377,True,fuzzy_logic_dynamic_snr,0.5796,0.1578
86,v3,v7,20.0,10.0,10.0,0.6,0.05,0.2,1.5918,False,fuzzy_logic_dynamic_snr,1.5682,0.9766
86,v3,v1,20.0,30.59,70.0,0.6,0.153,1.4,-10.9949,True,fuzzy_logic_dynamic_snr,0.9368,0.2221
86,v3,v4,20.0,40.11,30.0,0.6,0.2006,0.6,-10.4689,True,fuzzy_logic_dynamic_snr,0.9308,0.2389
86,v3,v6,20.0,40.11,70.0,0.6,0.2006,1.4,-12.8772,True,fuzzy_logic_dynamic_snr,0.7941,0.1717
86,v3,v8,20.0,40.11,30.0,0.6,0.2006,0.6,-10.4689,True,fuzzy_logic_dynamic_snr,0.9339,0.234
86,v4,v6,40.0,6.0,40.0,1.0,0.03,0.8,21.9578,True,fuzzy_logic_dynamic_snr,2.9636,0.9533
86,v4,v1,40.0,13.45,40.0,1.0,0.0673,0.8,16.3468,True,fuzzy_logic_dynamic_snr,2.952,0.9582
86,v4,v7,40.0,30.15,20.0,1.0,0.1507,0.4,12.5145,False,fuzzy_logic_dynamic_snr,12.4856,0.998
86,v4,v3,40.0,40.11,30.0,1.0,0.2006,0.6,9.5311,False,fuzzy_logic_dynamic_snr,9.5126,0.9902
86,v4,v8,40.0,80.0,0.0,1.0,0.4,0.0,9.5506,False,fuzzy_logic_dynamic_snr,9.5156,0.9926
87,v1,v6,40.0,10.44,20.0,1.0,0.0522,0.4,19.8836,False,fuzzy_logic_dynamic_snr,19.8387,0.9971
87,v1,v8,40.0,31.32,40.0,1.0,0.1566,0.8,10.4749,True,fuzzy_logic_dynamic_snr,2.8979,0.9459
87,v1,v3,40.0,40.45,70.0,1.0,0.2022,1.4,7.065,True,fuzzy_logic_dynamic_snr,2.8158,0.9455
87,v1,v7,40.0,40.45,70.0,1.0,0.2022,1.4,7.065,True,fuzzy_logic_dynamic_snr,2.8067,0.9371
87,v1,v11,40.0,40.45,80.0,1.0,0.2022,1.6,6.6558,True,fuzzy_logic_dynamic_snr,2.7922,0.9428
87,v2,v16,20.0,6.0,90.0,0.6,0.03,1.8,-0.4504,True,fuzzy_logic_dynamic_snr,2.1479,0.74
87,v2,v15,20.0,100.04,90.0,0.6,0.5002,1.8,-20.0031,True,fuzzy_logic_dynamic_snr,0.5279,0.1357
87,v2,v19,20.0,100.04,100.0,0.6,0.5002,2.0,-20.3343,True,fuzzy_logic_dynamic_snr,0.5121,0.117
87,v2,v12,20.0,100.18,70.0,0.6,0.5009,1.4,-19.2372,True,fuzzy_logic_dynamic_snr,0.5597,0.1547
87,v2,v11,20.0,140.03,100.0,0.6,0.7002,2.0,-22.6708,True,fuzzy_logic_dynamic_snr,0.4739,0.1203
87,v3,v7,20.0,0.0,0.0,0.6,0.0,0.0,36.0,False,fuzzy_logic_dynamic_snr,35.983,0.999
87,v3,v4,20.0,10.44,10.0,0.6,0.0522,0.2,1.2923,False,fuzzy_logic_dynamic_snr,1.2574,0.9805
87,v3,v6,20.0,30.15,50.0,0.6,0.1507,1.0,-9.8937,True,fuzzy_logic_dynamic_snr,0.9775,0.2514
87,v3,v1,20.0,40.45,70.0,0.6,0.2022,1.4,-12.935,True,fuzzy_logic_dynamic_snr,0.8041,0.2039
87,v3,v8,20.0,70.06,30.0,0.6,0.3503,0.6,-14.3444,True,fuzzy_logic_dynamic_snr,0.7006,0.1748
87,v4,v3,40.0,10.44,10.0,1.0,0.0522,0.2,21.2923,False,fuzzy_logic_dynamic_snr,21.2537,1.0
87,v4,v7,40.0,10.44,10.0,1.0,0.0522,0.2,21.2923,False,fuzzy_logic_dynamic_snr,21.2628,0.999
87,v4,v6,40.0,40.45,60.0,1.0,0.2022,1.2,7.5289,True,fuzzy_logic_dynamic_snr,2.8243,0.9494
87,v4,v1,40.0,50.8,80.0,1.0,0.254,1.6,5.0718,True,fuzzy_logic_dynamic_snr,2.7068,0.9295
87,v4,v8,40.0,80.0,40.0,1.0,0.4,0.8,3.9588,True,fuzzy_logic_dynamic_snr,2.6395,0.9021
88,v1,v15,40.0,11.66,60.0,1.0,0.0583,1.2,16.1709,True,fuzzy_logic_dynamic_snr,2.9488,0.9533
88,v1,v8,40.0,13.45,40.0,1.0,0.0673,0.8,16.3468,True,fuzzy_logic_dynamic_snr,2.9518,0.9631
88,v1,v6,40.0,30.15,0.0,1.0,0.1507,0.0,16.3315,False,fuzzy_logic_dynamic_snr,16.3098,0.998
88,v1,v12,40.0,31.32,40.0,1.0,0.1566,0.8,10.4749,True,fuzzy_logic_dynamic_snr,2.8977,0.95
88,v1,v11,40.0,40.45,60.0,1.0,0.2022,1.2,7.5289,True,fuzzy_logic_dynamic_snr,2.8282,0.9529
88,v2,v19,20.0,3.0,60.0,0.6,0.015,1.2,5.6053,True,fuzzy_logic_dynamic_snr,2.7438,0.9293
88,v2,v16,20.0,90.2,60.0,0.6,0.451,1.2,-18.0441,True,fuzzy_logic_dynamic_snr,0.603,0.1318
88,v2,v12,20.0,170.11,40.0,0.6,0.8505,0.8,-21.2833,True,fuzzy_logic_dynamic_snr,0.4912,0.1111
88,v2,v15,20.0,190.02,60.0,0.6,0.9501,1.2,-23.2217,True,fuzzy_logic_dynamic_snr,0.4609,0.1131
88,v3,v7,20.0,0.0,20.0,0.6,0.0,0.4,32.183,True,fuzzy_logic_dynamic_snr,2.9681,0.9602
88,v3,v4,20.0,20.22,10.0,0.6,0.1011,0.2,-3.302,False,fuzzy_logic_dynamic_snr,-3.3219,0.9137
88,v3,v11,20.0,70.0,0.0,0.6,0.35,0.0,-9.5216,True,fuzzy_logic_dynamic_snr,1.0174,0.2809
88,v3,v6,20.0,80.06,60.0,0.6,0.4003,1.2,-17.2151,True,fuzzy_logic_dynamic_snr,0.5922,0.1465
88,v3,v5,20.0,80.22,70.0,0.6,0.4011,1.4,-17.6936,True,fuzzy_logic_dynamic_snr,0.6148,0.1574
88,v4,v3,40.0,20.22,10.0,1.0,0.1011,0.2,16.698,False,fuzzy_logic_dynamic_snr,16.681,0.9971
88,v4,v7,40.0,20.22,10.0,1.0,0.1011,0.2,16.698,False,fuzzy_logic_dynamic_snr,16.6748,0.9951
88,v4,v5,40.0,60.67,80.0,1.0,0.3034,1.6,3.8383,True,fuzzy_logic_dynamic_snr,2.6263,0.9053
88,v4,v13,40.0,80.5,90.0,1.0,0.4025,1.8,1.5069,True,fuzzy_logic_dynamic_snr,2.3865,0.8377
88,v4,v11,40.0,90.05,10.0,1.0,0.4502,0.2,6.32,False,fuzzy_logic_dynamic_snr,6.2947,0.9902
89,v1,v12,40.0,13.45,80.0,1.0,0.0673,1.6,14.3046,True,fuzzy_logic_dynamic_snr,2.9399,0.9578
89,v1,v6,40.0,30.15,30.0,1.0,0.1507,0.6,11.515,False,fuzzy_logic_dynamic_snr,11.4961,0.9961
89,v1,v15,40.0,50.36,60.0,1.0,0.2518,1.2,6.006,True,fuzzy_logic_dynamic_snr,2.7625,0.9293
89,v1,v8,40.0,50.8,60.0,1.0,0.254,1.2,5.9449,True,fuzzy_logic_dynamic_snr,2.7589,0.927
89,v1,v16,40.0,50.8,90.0,1.0,0.254,1.8,4.7057,True,fuzzy_logic_dynamic_snr,2.6845,0.9211
89,v2,v19,20.0,60.07,30.0,0.6,0.3004,0.6,-13.2756,True,fuzzy_logic_dynamic_snr,0.7726,0.2096
89,v2,v16,20.0,150.12,60.0,0.6,0.7506,1.2,-21.5838,True,fuzzy_logic_dynamic_snr,0.4918,0.1213
89,v3,v5,20.0,11.66,70.0,0.6,0.0583,1.4,-4.293,True,fuzzy_logic_dynamic_snr,1.5989,0.4828
89,v3,v7,20.0,20.0,20.0,0.6,0.1,0.4,-4.6334,True,fuzzy_logic_dynamic_snr,1.5511,0.483
89,v3,v13,20.0,20.88,50.0,0.6,0.1044,1.0,-7.3411,True,fuzzy_logic_dynamic_snr,1.2468,0.3307
89,v3,v4,20.0,30.15,0.0,0.6,0.1507,0.0,-3.6685,False,fuzzy_logic_dynamic_snr,-3.6902,0.9008
89,v3,v11,20.0,70.0,10.0,0.6,0.35,0.2,-11.9298,True,fuzzy_logic_dynamic_snr,0.8522,0.2193
89,v4,v7,40.0,10.44,20.0,1.0,0.0522,0.4,19.8836,False,fuzzy_logic_dynamic_snr,19.8565,0.998
89,v4,v13,40.0,13.45,50.0,1.0,0.0673,1.0,15.7134,True,fuzzy_logic_dynamic_snr,2.9485,0.9568
89,v4,v5,40.0,21.93,70.0,1.0,0.1097,1.4,11.3181,True,fuzzy_logic_dynamic_snr,2.9106,0.9533
89,v4,v3,40.0,30.15,0.0,1.0,0.1507,0.0,16.3315,False,fuzzy_logic_dynamic_snr,16.2939,0.9951
89,v4,v14,40.0,50.36,80.0,1.0,0.2518,1.6,5.1329,True,fuzzy_logic_dynamic_snr,2.7184,0.9357
90,v1,v16,40.0,41.0,40.0,1.0,0.205,0.8,8.6037,True,fuzzy_logic_dynamic_snr,2.8554,0.9553
90,v1,v6,40.0,60.07,10.0,1.0,0.3004,0.2,9.1327,False,fuzzy_logic_dynamic_snr,9.1029,0.9912
90,v1,v19,40.0,80.22,50.0,1.0,0.4011,1.0,3.3059,True,fuzzy_logic_dynamic_snr,2.5758,0.8947
90,v1,v12,40.0,90.45,40.0,1.0,0.4522,0.8,3.1058,True,fuzzy_logic_dynamic_snr,2.5587,0.9021
90,v1,v15,40.0,110.16,80.0,1.0,0.5508,1.6,-0.3065,True,fuzzy_logic_dynamic_snr,2.1545,0.7518
90,v2,v19,20.0,90.05,40.0,0.6,0.4502,0.8,-16.8635,True,fuzzy_logic_dynamic_snr,0.6276,0.1531
90,v2,v20,20.0,150.12,70.0,0.6,0.7506,1.4,-22.0477,True,fuzzy_logic_dynamic_snr,0.4962,0.1334
90,v2,v1,20.0,170.03,10.0,0.6,0.8501,0.2,-18.0965,True,fuzzy_logic_dynamic_snr,0.5793,0.1418
90,v3,v14,20.0,3.0,70.0,0.6,0.015,1.4,5.1413,True,fuzzy_logic_dynamic_snr,2.7172,0.9387
90,v3,v4,20.0,30.15,10.0,0.6,0.1507,0.2,-6.0768,False,fuzzy_logic_dynamic_snr,-6.1008,0.8352
90,v3,v13,20.0,30.59,70.0,0.6,0.153,1.4,-10.9949,True,fuzzy_logic_dynamic_snr,0.898,0.2078
90,v3,v7,20.0,40.0,0.0,0.6,0.2,0.0,-5.633,False,fuzzy_logic_dynamic_snr,-5.6745,0.8418
90,v3,v11,20.0,60.0,10.0,0.6,0.3,0.2,-10.8587,True,fuzzy_logic_dynamic_snr,0.9055,0.2451
90,v4,v7,40.0,10.44,10.0,1.0,0.0522,0.2,21.2923,False,fuzzy_logic_dynamic_snr,21.2605,1.0
90,v4,v3,40.0,30.15,10.0,1.0,0.1507,0.2,13.9232,False,fuzzy_logic_dynamic_snr,13.887,0.9951
90,v4,v14,40.0,30.59,80.0,1.0,0.153,1.6,8.5959,True,fuzzy_logic_dynamic_snr,2.8565,0.949
90,v4,v9,40.0,41.0,50.0,1.0,0.205,1.0,7.9702,True,fuzzy_logic_dynamic_snr,2.8406,0.95
90,v4,v10,40.0,50.36,40.0,1.0,0.2518,0.8,7.175,True,fuzzy_logic_dynamic_snr,2.813,0.9436
91,v1,v19,40.0,30.59,70.0,1.0,0.153,1.4,9.0051,True,fuzzy_logic_dynamic_snr,2.8696,0.9553
91,v1,v6,40.0,70.06,20.0,1.0,0.3503,0.4,6.6551,False,fuzzy_logic_dynamic_snr,6.6255,0.9873
91,v1,v16,40.0,80.5,60.0,1.0,0.4025,1.2,2.7461,True,fuzzy_logic_dynamic_snr,2.5249,0.8777
91,v1,v12,40.0,130.31,80.0,1.0,0.6516,1.6,-1.4736,True,fuzzy_logic_dynamic_snr,1.9941,0.6518
91,v1,v2,40.0,160.03,20.0,1.0,0.8001,0.4,0.9159,True,fuzzy_logic_dynamic_snr,2.3295,0.8244
91,v2,v20,20.0,80.22,60.0,0.6,0.4011,1.2,-17.2297,True,fuzzy_logic_dynamic_snr,0.6116,0.1549
91,v2,v19,20.0,130.03,50.0,0.6,0.6502,1.0,-20.0502,True,fuzzy_logic_dynamic_snr,0.5326,0.1229
91,v2,v1,20.0,160.03,20.0,0.6,0.8001,0.4,-19.0841,True,fuzzy_logic_dynamic_snr,0.5501,0.1219
91,v3,v9,20.0,30.59,60.0,0.6,0.153,1.2,-10.531,True,fuzzy_logic_dynamic_snr,0.9434,0.2301
91,v3,v7,20.0,40.0,20.0,0.6,0.2,0.4,-9.4499,True,fuzzy_logic_dynamic_snr,1.029,0.2604
91,v3,v4,20.0,40.11,0.0,0.6,0.2006,0.0,-5.6524,False,fuzzy_logic_dynamic_snr,-5.6683,0.8246
91,v3,v11,20.0,50.0,0.0,0.6,0.25,0.0,-7.1835,False,fuzzy_logic_dynamic_snr,-7.2188,0.7561
91,v3,v10,20.0,50.09,50.0,0.6,0.2504,1.0,-13.4212,True,fuzzy_logic_dynamic_snr,0.7417,0.1762
91,v4,v7,40.0,3.0,20.0,1.0,0.015,0.4,28.5491,False,fuzzy_logic_dynamic_snr,28.5202,0.9971
91,v4,v10,40.0,11.66,50.0,1.0,0.0583,1.0,16.7065,True,fuzzy_logic_dynamic_snr,2.9538,0.9627
91,v4,v9,40.0,13.45,60.0,1.0,0.0673,1.2,15.1778,True,fuzzy_logic_dynamic_snr,2.9469,0.9582
91,v4,v3,40.0,40.11,0.0,1.0,0.2006,0.0,14.3476,False,fuzzy_logic_dynamic_snr,14.3288,0.9941
91,v4,v11,40.0,90.05,0.0,1.0,0.4502,0.0,8.7283,False,fuzzy_logic_dynamic_snr,8.6997,0.9906
92,v1,v19,40.0,40.45,70.0,1.0,0.2022,1.4,7.065,True,fuzzy_logic_dynamic_snr,2.8099,0.9445
92,v1,v6,40.0,90.05,10.0,1.0,0.4502,0.2,6.32,False,fuzzy_logic_dynamic_snr,6.2997,0.9893
92,v1,v2,40.0,140.03,10.0,1.0,0.7002,0.2,3.2521,False,fuzzy_logic_dynamic_snr,3.2243,0.9844
92,v1,v16,40.0,140.29,30.0,1.0,0.7014,0.6,0.8311,True,fuzzy_logic_dynamic_snr,2.3188,0.8174
92,v1,v20,40.0,160.25,30.0,1.0,0.8013,0.6,-0.0934,True,fuzzy_logic_dynamic_snr,2.186,0.7496
92,v2,v20,20.0,20.88,40.0,0.6,0.1044,0.8,-6.7077,True,fuzzy_logic_dynamic_snr,1.2964,0.3934
92,v2,v1,20.0,140.03,10.0,0.6,0.7002,0.2,-16.7479,True,fuzzy_logic_dynamic_snr,0.6126,0.1506
92,v2,v19,20.0,180.02,80.0,0.6,0.9001,1.6,-23.7193,True,fuzzy_logic_dynamic_snr,0.471,0.1043
92,v3,v10,20.0,3.0,90.0,0.6,0.015,1.8,4.3661,True,fuzzy_logic_dynamic_snr,2.6643,0.9207
92,v3,v9,20.0,30.59,100.0,0.6,0.153,2.0,-12.1013,True,fuzzy_logic_dynamic_snr,0.8562,0.2025
92,v3,v4,20.0,40.11,10.0,0.6,0.2006,0.2,-8.0607,False,fuzzy_logic_dynamic_snr,-8.0931,0.7285
92,v3,v11,20.0,50.0,30.0,0.6,0.25,0.6,-12.0,True,fuzzy_logic_dynamic_snr,0.8523,0.2176
92,v3,v7,20.0,60.0,10.0,0.6,0.3,0.2,-10.8587,True,fuzzy_logic_dynamic_snr,0.9117,0.2174
92,v4,v7,40.0,20.22,0.0,1.0,0.1011,0.0,19.1062,False,fuzzy_logic_dynamic_snr,19.0702,0.9961
92,v4,v3,40.0,40.11,10.0,1.0,0.2006,0.2,11.9393,False,fuzzy_logic_dynamic_snr,11.9166,0.9912
92,v4,v10,40.0,40.45,80.0,1.0,0.2022,1.6,6.6558,True,fuzzy_logic_dynamic_snr,2.7945,0.9387
92,v4,v9,40.0,70.58,90.0,1.0,0.3529,1.8,2.4215,True,fuzzy_logic_dynamic_snr,2.5025,0.8631
92,v4,v11,40.0,90.05,20.0,1.0,0.4502,0.4,4.9113,False,fuzzy_logic_dynamic_snr,4.8805,0.9887
93,v1,v6,40.0,80.06,20.0,1.0,0.4003,0.4,5.7287,False,fuzzy_logic_dynamic_snr,5.7029,0.9941
93,v1,v19,40.0,110.16,100.0,1.0,0.5508,2.0,-1.0037,True,fuzzy_logic_dynamic_snr,2.0726,0.7248
93,v1,v20,40.0,130.31,80.0,1.0,0.6516,1.6,-1.4736,True,fuzzy_logic_dynamic_snr,2.0084,0.683
93,v1,v5,40.0,150.0,30.0,1.0,0.75,0.6,0.3661,True,fuzzy_logic_dynamic_snr,2.2545,0.7889
93,v1,v2,40.0,150.03,40.0,1.0,0.7501,0.8,-0.4106,True,fuzzy_logic_dynamic_snr,2.1547,0.7498
93,v2,v20,20.0,20.88,40.0,0.6,0.1044,0.8,-6.7077,True,fuzzy_logic_dynamic_snr,1.296,0.3701
93,v2,v1,20.0,150.03,40.0,0.6,0.7501,0.8,-20.4106,True,fuzzy_logic_dynamic_snr,0.5293,0.157
93,v3,v4,20.0,30.15,20.0,0.6,0.1507,0.4,-7.4855,True,fuzzy_logic_dynamic_snr,1.2161,0.3539
93,v3,v7,20.0,50.0,10.0,0.6,0.25,0.2,-9.5918,False,fuzzy_logic_dynamic_snr,-9.6184,0.6402
93,v3,v17,20.0,60.3,40.0,0.6,0.3015,0.8,-14.0768,True,fuzzy_logic_dynamic_snr,0.7369,0.201
93,v3,v11,20.0,80.0,20.0,0.6,0.4,0.4,-14.2664,True,fuzzy_logic_dynamic_snr,0.7173,0.1723
93,v3,v10,20.0,90.05,70.0,0.6,0.4502,1.4,-18.4965,True,fuzzy_logic_dynamic_snr,0.5874,0.1414
93,v4,v7,40.0,20.22,30.0,1.0,0.1011,0.6,14.2897,False,fuzzy_logic_dynamic_snr,14.2579,0.9951
93,v4,v3,40.0,30.15,20.0,1.0,0.1507,0.4,12.5145,False,fuzzy_logic_dynamic_snr,12.4885,0.9971
93,v4,v17,40.0,31.32,20.0,1.0,0.1566,0.4,12.2497,False,fuzzy_logic_dynamic_snr,12.2152,0.9893
93,v4,v18,40.0,90.2,50.0,1.0,0.451,1.0,2.4915,True,fuzzy_logic_dynamic_snr,2.5013,0.8766
93,v4,v11,40.0,110.04,0.0,1.0,0.5502,0.0,7.3351,False,fuzzy_logic_dynamic_snr,7.3188,0.9912
94,v1,v20,40.0,50.8,30.0,1.0,0.254,0.6,7.8892,False,fuzzy_logic_dynamic_snr,7.8586,0.9932
94,v1,v6,40.0,100.04,10.0,1.0,0.5002,0.2,5.5886,False,fuzzy_logic_dynamic_snr,5.555,0.9893
94,v1,v2,40.0,110.04,20.0,1.0,0.5502,0.4,3.5182,False,fuzzy_logic_dynamic_snr,3.4922,0.9809
94,v1,v13,40.0,170.0,10.0,1.0,0.85,0.2,1.9046,True,fuzzy_logic_dynamic_snr,2.4502,0.875
94,v1,v5,40.0,180.0,0.0,1.0,0.9,0.0,3.9156,True,fuzzy_logic_dynamic_snr,2.6337,0.9096
94,v2,v20,20.0,60.3,50.0,0.6,0.3015,1.0,-14.7102,True,fuzzy_logic_dynamic_snr,0.7048,0.1732
94,v2,v1,20.0,110.04,20.0,0.6,0.5502,0.4,-16.4818,True,fuzzy_logic_dynamic_snr,0.6286,0.1549
94,v3,v4,20.0,10.44,20.0,0.6,0.0522,0.4,-0.1164,True,fuzzy_logic_dynamic_snr,2.1924,0.7598
94,v3,v17,20.0,20.88,50.0,0.6,0.1044,1.0,-7.3411,True,fuzzy_logic_dynamic_snr,1.2095,0.3211
94,v3,v18,20.0,50.09,60.0,0.6,0.2504,1.2,-13.9568,True,fuzzy_logic_dynamic_snr,0.7557,0.1922
94,v3,v7,20.0,60.0,20.0,0.6,0.3,0.4,-12.2674,True,fuzzy_logic_dynamic_snr,0.8328,0.2123
94,v3,v11,20.0,100.0,10.0,0.6,0.5,0.2,-14.4082,True,fuzzy_logic_dynamic_snr,0.7156,0.174
94,v4,v3,40.0,10.44,20.0,1.0,0.0522,0.4,19.8836,False,fuzzy_logic_dynamic_snr,19.8556,0.9971
94,v4,v17,40.0,13.45,70.0,1.0,0.0673,1.4,14.7139,True,fuzzy_logic_dynamic_snr,2.9431,0.9621
94,v4,v18,40.0,40.45,80.0,1.0,0.2022,1.6,6.6558,True,fuzzy_logic_dynamic_snr,2.785,0.9459
94,v4,v7,40.0,50.09,0.0,1.0,0.2504,0.0,12.804,False,fuzzy_logic_dynamic_snr,12.7815,0.9951
94,v4,v11,40.0,110.04,10.0,1.0,0.5502,0.2,4.9269,False,fuzzy_logic_dynamic_snr,4.9025,0.9838
95,v1,v20,40.0,21.93,20.0,1.0,0.1097,0.4,14.7259,False,fuzzy_logic_dynamic_snr,14.6936,0.998
95,v1,v6,40.0,110.04,40.0,1.0,0.5502,0.8,1.7434,True,fuzzy_logic_dynamic_snr,2.4313,0.8459
95,v1,v2,40.0,130.03,20.0,1.0,0.6502,0.4,2.3581,True,fuzzy_logic_dynamic_snr,2.4907,0.8732
95,v1,v13,40.0,160.0,0.0,1.0,0.8,0.0,4.7341,True,fuzzy_logic_dynamic_snr,2.6866,0.9133
95,v1,v5,40.0,180.0,40.0,1.0,0.9,0.8,-1.6761,True,fuzzy_logic_dynamic_snr,1.9861,0.6604
95,v2,v20,20.0,110.16,40.0,0.6,0.5508,0.8,-18.2644,True,fuzzy_logic_dynamic_snr,0.5759,0.1383
95,v2,v1,20.0,130.03,20.0,0.6,0.6502,0.4,-17.6419,True,fuzzy_logic_dynamic_snr,0.575,0.1437
95,v3,v18,20.0,10.44,60.0,0.6,0.0522,1.2,-3.0602,True,fuzzy_logic_dynamic_snr,1.7837,0.5609
95,v3,v4,20.0,30.15,0.0,0.6,0.1507,0.0,-3.6685,False,fuzzy_logic_dynamic_snr,-3.6925,0.9078
95,v3,v17,20.0,30.59,70.0,0.6,0.153,1.4,-10.9949,True,fuzzy_logic_dynamic_snr,0.9138,0.2465
95,v3,v7,20.0,80.0,30.0,0.6,0.4,0.6,-15.2659,True,fuzzy_logic_dynamic_snr,0.6736,0.1256
95,v3,v11,20.0,90.0,0.0,0.6,0.45,0.0,-11.2679,True,fuzzy_logic_dynamic_snr,0.8854,0.2236
95,v4,v3,40.0,30.15,0.0,1.0,0.1507,0.0,16.3315,False,fuzzy_logic_dynamic_snr,16.3119,0.998
95,v4,v18,40.0,40.45,60.0,1.0,0.2022,1.2,7.5289,True,fuzzy_logic_dynamic_snr,2.8233,0.9484
95,v4,v7,40.0,50.09,30.0,1.0,0.2504,0.6,7.9875,False,fuzzy_logic_dynamic_snr,7.9561,0.9893
95,v4,v17,40.0,60.67,70.0,1.0,0.3034,1.4,4.2476,True,fuzzy_logic_dynamic_snr,2.6587,0.9195
95,v4,v11,40.0,120.04,0.0,1.0,0.6002,0.0,6.7309,False,fuzzy_logic_dynamic_snr,6.713,0.9932
96,v1,v20,40.0,9.0,70.0,1.0,0.045,1.4,17.5074,True,fuzzy_logic_dynamic_snr,2.9562,0.9563
96,v1,v6,40.0,70.06,10.0,1.0,0.3503,0.2,8.0638,False,fuzzy_logic_dynamic_snr,8.0319,0.9883
96,v1,v5,40.0,140.0,10.0,1.0,0.7,0.2,3.2537,False,fuzzy_logic_dynamic_snr,3.2357,0.9785
96,v1,v2,40.0,150.03,10.0,1.0,0.7501,0.2,2.7729,False,fuzzy_logic_dynamic_snr,2.7542,0.977
96,v1,v13,40.0,160.0,10.0,1.0,0.8,0.2,2.3258,True,fuzzy_logic_dynamic_snr,2.484,0.8801
96,v2,v1,20.0,150.03,10.0,0.6,0.7501,0.2,-17.2271,True,fuzzy_logic_dynamic_snr,0.6106,0.1463
96,v2,v20,20.0,150.12,80.0,0.6,0.7506,1.6,-22.457,True,fuzzy_logic_dynamic_snr,0.49,0.1246
96,v3,v4,20.0,30.15,40.0,0.6,0.1507,0.8,-9.2603,True,fuzzy_logic_dynamic_snr,1.0293,0.2625
96,v3,v18,20.0,70.06,60.0,0.6,0.3503,1.2,-16.2887,True,fuzzy_logic_dynamic_snr,0.6256,0.1379
96,v3,v11,20.0,90.0,40.0,0.6,0.45,0.8,-16.8596,True,fuzzy_logic_dynamic_snr,0.6285,0.1402
96,v3,v17,20.0,100.18,70.0,0.6,0.5009,1.4,-19.2372,True,fuzzy_logic_dynamic_snr,0.5505,0.1369
96,v3,v7,20.0,110.0,30.0,0.6,0.55,0.6,-17.4788,True,fuzzy_logic_dynamic_snr,0.5947,0.134
96,v4,v3,40.0,30.15,40.0,1.0,0.1507,0.8,10.7397,True,fuzzy_logic_dynamic_snr,2.9027,0.9637
96,v4,v7,40.0,80.06,10.0,1.0,0.4003,0.2,7.1374,False,fuzzy_logic_dynamic_snr,7.1183,0.9887
96,v4,v18,40.0,100.18,20.0,1.0,0.5009,0.4,4.1705,False,fuzzy_logic_dynamic_snr,4.1482,0.9828
96,v4,v11,40.0,120.04,0.0,1.0,0.6002,0.0,6.7309,False,fuzzy_logic_dynamic_snr,6.7062,0.9932
96,v4,v17,40.0,130.31,30.0,1.0,0.6516,0.6,1.3438,True,fuzzy_logic_dynamic_snr,2.3761,0.8404
97,v1,v6,40.0,60.07,40.0,1.0,0.3004,0.8,5.9491,True,fuzzy_logic_dynamic_snr,2.7561,0.9279
97,v1,v20,40.0,70.58,60.0,1.0,0.3529,1.2,3.6607,True,fuzzy_logic_dynamic_snr,2.6059,0.9143
97,v1,v5,40.0,130.0,40.0,1.0,0.65,0.8,0.5851,True,fuzzy_logic_dynamic_snr,2.2903,0.7932
97,v1,v2,40.0,160.03,40.0,1.0,0.8001,0.8,-0.8589,True,fuzzy_logic_dynamic_snr,2.0853,0.7295
97,v1,v13,40.0,170.0,20.0,1.0,0.85,0.4,0.4958,True,fuzzy_logic_dynamic_snr,2.287,0.7965
97,v2,v1,20.0,160.03,40.0,0.6,0.8001,0.8,-20.8589,True,fuzzy_logic_dynamic_snr,0.5382,0.1285
97,v3,v4,20.0,10.44,0.0,0.6,0.0522,0.0,3.7006,False,fuzzy_logic_dynamic_snr,3.6758,0.9818
97,v3,v7,20.0,80.0,40.0,0.6,0.4,0.8,-16.0412,True,fuzzy_logic_dynamic_snr,0.6387,0.1297
97,v3,v15,20.0,120.0,20.0,0.6,0.6,0.4,-17.0839,True,fuzzy_logic_dynamic_snr,0.6002,0.1604
97,v3,v11,20.0,130.0,10.0,0.6,0.65,0.2,-16.2313,True,fuzzy_logic_dynamic_snr,0.6265,0.1369
97,v3,v18,20.0,130.03,70.0,0.6,0.6502,1.4,-21.0497,True,fuzzy_logic_dynamic_snr,0.5188,0.1283
97,v4,v3,40.0,10.44,0.0,1.0,0.0522,0.0,23.7006,False,fuzzy_logic_dynamic_snr,23.6669,0.9971
97,v4,v7,40.0,90.05,40.0,1.0,0.4502,0.8,3.1365,True,fuzzy_logic_dynamic_snr,2.5664,0.8838
97,v4,v15,40.0,110.04,20.0,1.0,0.5502,0.4,3.5182,False,fuzzy_logic_dynamic_snr,3.4916,0.9809
97,v4,v11,40.0,120.04,10.0,1.0,0.6002,0.2,4.3227,False,fuzzy_logic_dynamic_snr,4.2929,0.9883
97,v4,v18,40.0,120.15,70.0,1.0,0.6007,1.4,-0.5003,True,fuzzy_logic_dynamic_snr,2.1433,0.7373
98,v1,v6,40.0,20.22,0.0,1.0,0.1011,0.0,19.1062,False,fuzzy_logic_dynamic_snr,19.0792,0.998
98,v1,v5,40.0,90.0,20.0,1.0,0.45,0.4,4.9151,False,fuzzy_logic_dynamic_snr,4.8816,0.9902
98,v1,v20,40.0,130.31,60.0,1.0,0.6516,1.2,-0.6005,True,fuzzy_logic_dynamic_snr,2.1201,0.7443
98,v1,v13,40.0,150.0,10.0,1.0,0.75,0.2,2.7743,False,fuzzy_logic_dynamic_snr,2.7529,0.9799
98,v3,v4,20.0,10.44,20.0,0.6,0.0522,0.4,-0.1164,True,fuzzy_logic_dynamic_snr,2.1865,0.7463
98,v3,v7,20.0,40.0,10.0,0.6,0.2,0.2,-8.0412,False,fuzzy_logic_dynamic_snr,-8.062,0.7299
98,v3,v11,20.0,140.0,10.0,0.6,0.7,0.2,-16.7463,True,fuzzy_logic_dynamic_snr,0.6295,0.1527
98,v3,v15,20.0,140.0,20.0,0.6,0.7,0.4,-18.155,True,fuzzy_logic_dynamic_snr,0.578,0.1344
98,v3,v8,20.0,150.03,30.0,0.6,0.7501,0.6,-19.6353,True,fuzzy_logic_dynamic_snr,0.524,0.1387
98,v4,v3,40.0,10.44,20.0,1.0,0.0522,0.4,19.8836,False,fuzzy_logic_dynamic_snr,19.8512,0.9951
98,v4,v7,40.0,50.09,10.0,1.0,0.2504,0.2,10.3958,False,fuzzy_logic_dynamic_snr,10.3681,0.9941
98,v4,v11,40.0,130.03,10.0,1.0,0.6502,0.2,3.7668,False,fuzzy_logic_dynamic_snr,3.726,0.9814
98,v4,v15,40.0,130.03,0.0,1.0,0.6502,0.0,6.1751,False,fuzzy_logic_dynamic_snr,6.154,0.9906
98,v4,v8,40.0,140.0,10.0,1.0,0.7,0.2,3.2537,False,fuzzy_logic_dynamic_snr,3.2195,0.9824
99,v1,v6,40.0,20.22,0.0,1.0,0.1011,0.0,19.1062,False,fuzzy_logic_dynamic_snr,19.082,0.9951
99,v1,v5,40.0,70.0,10.0,1.0,0.35,0.2,8.0702,False,fuzzy_logic_dynamic_snr,8.039,0.9873
99,v1,v13,40.0,140.0,0.0,1.0,0.7,0.0,5.662,False,fuzzy_logic_dynamic_snr,5.6344,0.9902
99,v1,v2,40.0,190.02,20.0,1.0,0.9501,0.4,-0.2779,True,fuzzy_logic_dynamic_snr,2.16,0.7602
99,v1,v20,40.0,190.21,60.0,1.0,0.9511,1.2,-3.2286,True,fuzzy_logic_dynamic_snr,1.7515,0.565
99,v2,v1,20.0,190.02,20.0,0.6,0.9501,0.4,-20.2779,True,fuzzy_logic_dynamic_snr,0.522,0.1238
99,v3,v4,20.0,10.44,10.0,0.6,0.0522,0.2,1.2923,False,fuzzy_logic_dynamic_snr,1.272,0.9768
99,v3,v7,20.0,50.0,30.0,0.6,0.25,0.6,-12.0,True,fuzzy_logic_dynamic_snr,0.8315,0.2068
99,v3,v15,20.0,120.0,10.0,0.6,0.6,0.2,-15.6751,True,fuzzy_logic_dynamic_snr,0.6528,0.1521
99,v3,v8,20.0,120.04,20.0,0.6,0.6002,0.4,-17.086,True,fuzzy_logic_dynamic_snr,0.6147,0.1221
99,v3,v11,20.0,130.0,30.0,0.6,0.65,0.6,-18.6396,True,fuzzy_logic_dynamic_snr,0.5675,0.1439
99,v4,v3,40.0,10.44,10.0,1.0,0.0522,0.2,21.2923,False,fuzzy_logic_dynamic_snr,21.2572,0.9961
99,v4,v7,40.0,40.11,40.0,1.0,0.2006,0.8,8.7558,True,fuzzy_logic_dynamic_snr,2.8598,0.9504
99,v4,v8,40.0,130.0,30.0,1.0,0.65,0.6,1.3604,True,fuzzy_logic_dynamic_snr,2.3776,0.8381
99,v4,v15,40.0,130.03,20.0,1.0,0.6502,0.4,2.3581,True,fuzzy_logic_dynamic_snr,2.4923,0.8604
99,v4,v11,40.0,140.03,40.0,1.0,0.7002,0.8,0.0686,True,fuzzy_logic_dynamic_snr,2.2182,0.777
100,v1,v6,40.0,20.22,10.0,1.0,0.1011,0.2,16.698,False,fuzzy_logic_dynamic_snr,16.6754,0.9971
100,v1,v5,40.0,60.0,30.0,1.0,0.3,0.6,6.7331,False,fuzzy_logic_dynamic_snr,6.7172,0.9883
100,v1,v13,40.0,140.0,30.0,1.0,0.7,0.6,0.8455,True,fuzzy_logic_dynamic_snr,2.3239,0.809
100,v3,v7,20.0,20.0,30.0,0.6,0.1,0.6,-5.633,True,fuzzy_logic_dynamic_snr,1.42,0.4064
100,v3,v4,20.0,20.22,10.0,0.6,0.1011,0.2,-3.302,False,fuzzy_logic_dynamic_snr,-3.3202,0.9166
100,v3,v15,20.0,130.0,10.0,0.6,0.65,0.2,-16.2313,True,fuzzy_logic_dynamic_snr,0.6255,0.1602
100,v3,v8,20.0,140.03,0.0,0.6,0.7002,0.0,-14.3396,True,fuzzy_logic_dynamic_snr,0.7129,0.1598
100,v3,v11,20.0,160.0,10.0,0.6,0.8,0.2,-17.6742,True,fuzzy_logic_dynamic_snr,0.5887,0.1445
100,v4,v7,40.0,3.0,20.0,1.0,0.015,0.4,28.5491,False,fuzzy_logic_dynamic_snr,28.5142,0.999
100,v4,v3,40.0,20.22,10.0,1.0,0.1011,0.2,16.698,False,fuzzy_logic_dynamic_snr,16.6772,0.9951
100,v4,v15,40.0,150.03,0.0,1.0,0.7501,0.0,5.1812,False,fuzzy_logic_dynamic_snr,5.1563,0.9877
100,v4,v8,40.0,160.0,10.0,1.0,0.8,0.2,2.3258,True,fuzzy_logic_dynamic_snr,2.486,0.8801
100,v4,v11,40.0,180.02,20.0,1.0,0.9001,0.4,0.0977,True,fuzzy_logic_dynamic_snr,2.2212,0.7814
101,v1,v6,40.0,10.44,10.0,1.0,0.0522,0.2,21.2923,False,fuzzy_logic_dynamic_snr,21.2714,0.9971
101,v1,v5,40.0,30.0,0.0,1.0,0.15,0.0,16.3661,False,fuzzy_logic_dynamic_snr,16.3499,0.9961
101,v1,v13,40.0,110.0,30.0,1.0,0.55,0.6,2.5212,True,fuzzy_logic_dynamic_snr,2.5093,0.8775
101,v3,v7,20.0,10.0,0.0,0.6,0.05,0.0,4.0,False,fuzzy_logic_dynamic_snr,3.9794,0.9805
101,v3,v4,20.0,10.44,20.0,0.6,0.0522,0.4,-0.1164,True,fuzzy_logic_dynamic_snr,2.2013,0.7658
101,v3,v15,20.0,140.0,0.0,0.6,0.7,0.0,-14.338,True,fuzzy_logic_dynamic_snr,0.7301,0.1609
101,v3,v8,20.0,140.03,30.0,0.6,0.7002,0.6,-19.1561,True,fuzzy_logic_dynamic_snr,0.5408,0.126
101,v3,v11,20.0,150.0,0.0,0.6,0.75,0.0,-14.8175,True,fuzzy_logic_dynamic_snr,0.6976,0.1621
101,v4,v3,40.0,10.44,20.0,1.0,0.0522,0.4,19.8836,False,fuzzy_logic_dynamic_snr,19.8649,0.999
101,v4,v7,40.0,20.22,20.0,1.0,0.1011,0.4,15.2892,False,fuzzy_logic_dynamic_snr,15.2625,0.998
101,v4,v8,40.0,150.0,10.0,1.0,0.75,0.2,2.7743,False,fuzzy_logic_dynamic_snr,2.7429,0.9834
101,v4,v15,40.0,150.03,20.0,1.0,0.7501,0.4,1.3642,True,fuzzy_logic_dynamic_snr,2.3867,0.8395
101,v4,v11,40.0,160.03,20.0,1.0,0.8001,0.4,0.9159,True,fuzzy_logic_dynamic_snr,2.3262,0.8033
102,v1,v6,40.0,20.22,30.0,1.0,0.1011,0.6,14.2897,False,fuzzy_logic_dynamic_snr,14.2699,0.9961
102,v1,v5,40.0,30.0,40.0,1.0,0.15,0.8,10.7743,True,fuzzy_logic_dynamic_snr,2.9013,0.9607
102,v1,v13,40.0,140.0,30.0,1.0,0.7,0.6,0.8455,True,fuzzy_logic_dynamic_snr,2.318,0.8234
102,v3,v7,20.0,10.0,20.0,0.6,0.05,0.4,0.183,True,fuzzy_logic_dynamic_snr,2.2398,0.798
102,v3,v4,20.0,10.44,10.0,0.6,0.0522,0.2,1.2923,False,fuzzy_logic_dynamic_snr,1.2599,0.975
102,v3,v15,20.0,140.0,20.0,0.6,0.7,0.4,-18.155,True,fuzzy_logic_dynamic_snr,0.5737,0.1221
102,v3,v11,20.0,150.0,0.0,0.6,0.75,0.0,-14.8175,True,fuzzy_logic_dynamic_snr,0.6975,0.177
102,v3,v8,20.0,170.03,20.0,0.6,0.8501,0.4,-19.5052,True,fuzzy_logic_dynamic_snr,0.54,0.1293
102,v4,v7,40.0,3.0,10.0,1.0,0.015,0.2,29.9578,False,fuzzy_logic_dynamic_snr,29.9318,0.998
102,v4,v3,40.0,10.44,10.0,1.0,0.0522,0.2,21.2923,False,fuzzy_logic_dynamic_snr,21.2627,0.9961
102,v4,v15,40.0,130.03,10.0,1.0,0.6502,0.2,3.7668,False,fuzzy_logic_dynamic_snr,3.7434,0.9883
102,v4,v11,40.0,140.03,10.0,1.0,0.7002,0.2,3.2521,False,fuzzy_logic_dynamic_snr,3.2119,0.9854
102,v4,v8,40.0,160.0,10.0,1.0,0.8,0.2,2.3258,True,fuzzy_logic_dynamic_snr,2.485,0.8764
103,v1,v6,40.0,50.09,30.0,1.0,0.2504,0.6,7.9875,False,fuzzy_logic_dynamic_snr,7.9611,0.9902
103,v1,v5,40.0,70.0,20.0,1.0,0.35,0.4,6.6615,False,fuzzy_logic_dynamic_snr,6.6295,0.9893
103,v1,v13,40.0,170.0,0.0,1.0,0.85,0.0,4.3128,True,fuzzy_logic_dynamic_snr,2.6571,0.9195
103,v3,v4,20.0,3.0,10.0,0.6,0.015,0.2,9.9578,False,fuzzy_logic_dynamic_snr,9.9382,0.9922
103,v3,v7,20.0,10.0,30.0,0.6,0.05,0.6,-0.8165,True,fuzzy_logic_dynamic_snr,2.0892,0.727
103,v3,v15,20.0,120.0,10.0,0.6,0.6,0.2,-15.6751,True,fuzzy_logic_dynamic_snr,0.6546,0.1551
103,v3,v11,20.0,150.0,10.0,0.6,0.75,0.2,-17.2257,True,fuzzy_logic_dynamic_snr,0.6191,0.1615
103,v3,v8,20.0,150.03,30.0,0.6,0.7501,0.6,-19.6353,True,fuzzy_logic_dynamic_snr,0.5197,0.1313
103,v4,v3,40.0,3.0,10.0,1.0,0.015,0.2,29.9578,False,fuzzy_logic_dynamic_snr,29.9196,0.9971
103,v4,v7,40.0,10.44,20.0,1.0,0.0522,0.4,19.8836,False,fuzzy_logic_dynamic_snr,19.8606,0.998
103,v4,v15,40.0,120.04,0.0,1.0,0.6002,0.0,6.7309,False,fuzzy_logic_dynamic_snr,6.7078,0.9896
103,v4,v8,40.0,150.0,20.0,1.0,0.75,0.4,1.3656,True,fuzzy_logic_dynamic_snr,2.3804,0.8268
103,v4,v11,40.0,150.03,20.0,1.0,0.7501,0.4,1.3642,True,fuzzy_logic_dynamic_snr,2.3819,0.8508
104,v1,v6,40.0,80.06,0.0,1.0,0.4003,0.0,9.5457,False,fuzzy_logic_dynamic_snr,9.5156,0.9916
104,v1,v5,40.0,90.0,30.0,1.0,0.45,0.6,3.9156,False,fuzzy_logic_dynamic_snr,3.8855,0.9867
104,v1,v13,40.0,170.0,10.0,1.0,0.85,0.2,1.9046,True,fuzzy_logic_dynamic_snr,2.4314,0.8562
104,v3,v4,20.0,10.44,10.0,0.6,0.0522,0.2,1.2923,False,fuzzy_logic_dynamic_snr,1.2679,0.9711
104,v3,v7,20.0,20.0,10.0,0.6,0.1,0.2,-3.2247,False,fuzzy_logic_dynamic_snr,-3.2498,0.9061
104,v3,v15,20.0,130.0,20.0,0.6,0.65,0.4,-17.6401,True,fuzzy_logic_dynamic_snr,0.5923,0.1346
104,v3,v11,20.0,140.0,20.0,0.6,0.7,0.4,-18.155,True,fuzzy_logic_dynamic_snr,0.5807,0.1322
104,v3,v8,20.0,180.02,30.0,0.6,0.9001,0.6,-20.9018,True,fuzzy_logic_dynamic_snr,0.5052,0.1314
104,v4,v3,40.0,10.44,10.0,1.0,0.0522,0.2,21.2923,False,fuzzy_logic_dynamic_snr,21.2631,0.9971
104,v4,v7,40.0,10.44,0.0,1.0,0.0522,0.0,23.7006,False,fuzzy_logic_dynamic_snr,23.6757,0.9971
104,v4,v15,40.0,120.04,10.0,1.0,0.6002,0.2,4.3227,False,fuzzy_logic_dynamic_snr,4.2824,0.9922
104,v4,v11,40.0,130.03,10.0,1.0,0.6502,0.2,3.7668,False,fuzzy_logic_dynamic_snr,3.7519,0.9809
104,v4,v8,40.0,170.0,20.0,1.0,0.85,0.4,0.4958,True,fuzzy_logic_dynamic_snr,2.2761,0.8078
105,v1,v6,40.0,80.06,20.0,1.0,0.4003,0.4,5.7287,False,fuzzy_logic_dynamic_snr,5.705,0.9912
105,v1,v5,40.0,120.0,0.0,1.0,0.6,0.0,6.7331,False,fuzzy_logic_dynamic_snr,6.7001,0.9896
105,v1,v13,40.0,160.0,30.0,1.0,0.8,0.6,-0.0824,True,fuzzy_logic_dynamic_snr,2.2045,0.7756
105,v1,v2,40.0,190.02,10.0,1.0,0.9501,0.2,1.1308,True,fuzzy_logic_dynamic_snr,2.3574,0.8279
105,v2,v1,20.0,190.02,10.0,0.6,0.9501,0.2,-18.8692,True,fuzzy_logic_dynamic_snr,0.557,0.1367
105,v3,v4,20.0,3.0,0.0,0.6,0.015,0.0,12.3661,False,fuzzy_logic_dynamic_snr,12.3381,0.998
105,v3,v7,20.0,10.0,10.0,0.6,0.05,0.2,1.5918,False,fuzzy_logic_dynamic_snr,1.572,0.974
105,v3,v15,20.0,110.0,30.0,0.6,0.55,0.6,-17.4788,True,fuzzy_logic_dynamic_snr,0.6004,0.1576
105,v3,v11,20.0,120.0,10.0,0.6,0.6,0.2,-15.6751,True,fuzzy_logic_dynamic_snr,0.6661,0.1557
105,v3,v8,20.0,150.03,10.0,0.6,0.7501,0.2,-17.2271,True,fuzzy_logic_dynamic_snr,0.607,0.1561
105,v4,v3,40.0,3.0,0.0,1.0,0.015,0.0,32.3661,False,fuzzy_logic_dynamic_snr,32.3247,1.0
105,v4,v7,40.0,10.44,10.0,1.0,0.0522,0.2,21.2923,False,fuzzy_logic_dynamic_snr,21.2661,0.9961
105,v4,v15,40.0,110.04,30.0,1.0,0.5502,0.6,2.5187,True,fuzzy_logic_dynamic_snr,2.4937,0.884
105,v4,v11,40.0,120.04,10.0,1.0,0.6002,0.2,4.3227,False,fuzzy_logic_dynamic_snr,4.2969,0.9844
105,v4,v8,40.0,150.0,10.0,1.0,0.75,0.2,2.7743,False,fuzzy_logic_dynamic_snr,2.7392,0.9742
106,v1,v6,40.0,60.07,30.0,1.0,0.3004,0.6,6.7244,False,fuzzy_logic_dynamic_snr,6.7012,0.9877
106,v1,v5,40.0,120.0,40.0,1.0,0.6,0.8,1.1413,True,fuzzy_logic_dynamic_snr,2.3672,0.8086
106,v1,v13,40.0,130.0,30.0,1.0,0.65,0.6,1.3604,True,fuzzy_logic_dynamic_snr,2.3777,0.8291
106,v1,v2,40.0,180.02,10.0,1.0,0.9001,0.2,1.5064,True,fuzzy_logic_dynamic_snr,2.3942,0.8455
106,v2,v1,20.0,180.02,10.0,0.6,0.9001,0.2,-18.4936,True,fuzzy_logic_dynamic_snr,0.5559,0.1219
106,v3,v4,20.0,3.0,10.0,0.6,0.015,0.2,9.9578,False,fuzzy_logic_dynamic_snr,9.9336,0.9906
106,v3,v7,20.0,20.0,10.0,0.6,0.1,0.2,-3.2247,False,fuzzy_logic_dynamic_snr,-3.2465,0.9113
106,v3,v15,20.0,80.0,10.0,0.6,0.4,0.2,-12.8577,True,fuzzy_logic_dynamic_snr,0.7914,0.2061
106,v3,v11,20.0,110.0,10.0,0.6,0.55,0.2,-15.0705,True,fuzzy_logic_dynamic_snr,0.6789,0.1666
106,v3,v8,20.0,140.03,30.0,0.6,0.7002,0.6,-19.1561,True,fuzzy_logic_dynamic_snr,0.5394,0.1346
106,v4,v3,40.0,3.0,10.0,1.0,0.015,0.2,29.9578,False,fuzzy_logic_dynamic_snr,29.9351,0.999
106,v4,v7,40.0,20.22,20.0,1.0,0.1011,0.4,15.2892,False,fuzzy_logic_dynamic_snr,15.2641,0.9961
106,v4,v15,40.0,80.06,0.0,1.0,0.4003,0.0,9.5457,False,fuzzy_logic_dynamic_snr,9.5267,0.9896
106,v4,v11,40.0,110.04,0.0,1.0,0.5502,0.0,7.3351,False,fuzzy_logic_dynamic_snr,7.3086,0.9893
106,v4,v8,40.0,140.0,40.0,1.0,0.7,0.8,0.0702,True,fuzzy_logic_dynamic_snr,2.2362,0.782
107,v1,v6,40.0,90.05,10.0,1.0,0.4502,0.2,6.32,False,fuzzy_logic_dynamic_snr,6.2854,0.9896
107,v1,v5,40.0,160.0,10.0,1.0,0.8,0.2,2.3258,True,fuzzy_logic_dynamic_snr,2.4861,0.8609
107,v1,v13,40.0,160.0,20.0,1.0,0.8,0.4,0.9171,True,fuzzy_logic_dynamic_snr,2.3243,0.8107
107,v1,v2,40.0,170.03,40.0,1.0,0.8501,0.8,-1.28,True,fuzzy_logic_dynamic_snr,2.0383,0.701
107,v2,v1,20.0,170.03,40.0,0.6,0.8501,0.8,-21.28,True,fuzzy_logic_dynamic_snr,0.5205,0.143
107,v3,v4,20.0,10.44,10.0,0.6,0.0522,0.2,1.2923,False,fuzzy_logic_dynamic_snr,1.2516,0.973
107,v3,v7,20.0,30.0,10.0,0.6,0.15,0.2,-6.0422,False,fuzzy_logic_dynamic_snr,-6.0722,0.8404
107,v3,v15,20.0,70.0,30.0,0.6,0.35,0.6,-14.338,True,fuzzy_logic_dynamic_snr,0.7337,0.1523
107,v3,v11,20.0,100.0,10.0,0.6,0.5,0.2,-14.4082,True,fuzzy_logic_dynamic_snr,0.7128,0.143
107,v3,v8,20.0,170.03,0.0,0.6,0.8501,0.0,-15.6883,True,fuzzy_logic_dynamic_snr,0.6538,0.1656
107,v4,v3,40.0,10.44,10.0,1.0,0.0522,0.2,21.2923,False,fuzzy_logic_dynamic_snr,21.2726,0.9971
107,v4,v7,40.0,40.11,0.0,1.0,0.2006,0.0,14.3476,False,fuzzy_logic_dynamic_snr,14.3233,0.998
107,v4,v15,40.0,80.06,20.0,1.0,0.4003,0.4,5.7287,False,fuzzy_logic_dynamic_snr,5.6902,0.9838
107,v4,v11,40.0,110.04,0.0,1.0,0.5502,0.0,7.3351,False,fuzzy_logic_dynamic_snr,7.3113,0.9941
107,v4,v8,40.0,180.0,10.0,1.0,0.9,0.2,1.5074,True,fuzzy_logic_dynamic_snr,2.3947,0.817
108,v1,v6,40.0,80.06,10.0,1.0,0.4003,0.2,7.1374,False,fuzzy_logic_dynamic_snr,7.1101,0.9877
108,v1,v13,40.0,140.0,0.0,1.0,0.7,0.0,5.662,False,fuzzy_logic_dynamic_snr,5.6451,0.9873
108,v1,v5,40.0,150.0,40.0,1.0,0.75,0.8,-0.4092,True,fuzzy_logic_dynamic_snr,2.1546,0.7445
108,v3,v7,20.0,20.0,0.0,0.6,0.1,0.0,-0.8165,False,fuzzy_logic_dynamic_snr,-0.8438,0.9549
108,v3,v4,20.0,20.22,30.0,0.6,0.1011,0.6,-5.7103,True,fuzzy_logic_dynamic_snr,1.4116,0.4156
108,v3,v15,20.0,40.0,10.0,0.6,0.2,0.2,-8.0412,False,fuzzy_logic_dynamic_snr,-8.0561,0.7252
108,v3,v11,20.0,90.0,30.0,0.6,0.45,0.6,-16.0844,True,fuzzy_logic_dynamic_snr,0.6395,0.1615
108,v3,v8,20.0,170.03,30.0,0.6,0.8501,0.6,-20.5047,True,fuzzy_logic_dynamic_snr,0.5207,0.1344
108,v4,v3,40.0,20.22,30.0,1.0,0.1011,0.6,14.2897,False,fuzzy_logic_dynamic_snr,14.2576,0.9951
108,v4,v7,40.0,40.11,30.0,1.0,0.2006,0.6,9.5311,False,fuzzy_logic_dynamic_snr,9.5031,0.9926
108,v4,v15,40.0,60.07,40.0,1.0,0.3004,0.8,5.9491,True,fuzzy_logic_dynamic_snr,2.7562,0.9377
108,v4,v11,40.0,110.04,0.0,1.0,0.5502,0.0,7.3351,False,fuzzy_logic_dynamic_snr,7.3071,0.9906
108,v4,v8,40.0,190.0,0.0,1.0,0.95,0.0,3.5399,True,fuzzy_logic_dynamic_snr,2.6009,0.91
109,v1,v6,40.0,70.06,20.0,1.0,0.3503,0.4,6.6551,False,fuzzy_logic_dynamic_snr,6.6349,0.9848
109,v1,v5,40.0,110.0,20.0,1.0,0.55,0.4,3.5207,False,fuzzy_logic_dynamic_snr,3.4961,0.9863
109,v1,v13,40.0,140.0,40.0,1.0,0.7,0.8,0.0702,True,fuzzy_logic_dynamic_snr,2.2093,0.7762
109,v3,v7,20.0,20.0,0.0,0.6,0.1,0.0,-0.8165,False,fuzzy_logic_dynamic_snr,-0.846,0.9545
109,v3,v15,20.0,50.0,0.0,0.6,0.25,0.0,-7.1835,False,fuzzy_logic_dynamic_snr,-7.2233,0.7762
109,v3,v4,20.0,50.09,10.0,0.6,0.2504,0.2,-9.6042,False,fuzzy_logic_dynamic_snr,-9.6349,0.6473
109,v3,v11,20.0,60.0,0.0,0.6,0.3,0.0,-8.4504,True,fuzzy_logic_dynamic_snr,1.1112,0.3029
109,v3,v8,20.0,140.03,20.0,0.6,0.7002,0.4,-18.1566,True,fuzzy_logic_dynamic_snr,0.5616,0.1383
109,v4,v3,40.0,50.09,10.0,1.0,0.2504,0.2,10.3958,False,fuzzy_logic_dynamic_snr,10.3645,0.9961
109,v4,v7,40.0,70.06,10.0,1.0,0.3503,0.2,8.0638,False,fuzzy_logic_dynamic_snr,8.0407,0.9932
109,v4,v15,40.0,100.04,10.0,1.0,0.5002,0.2,5.5886,False,fuzzy_logic_dynamic_snr,5.5556,0.9844
109,v4,v11,40.0,110.04,10.0,1.0,0.5502,0.2,4.9269,False,fuzzy_logic_dynamic_snr,4.9051,0.9912
109,v4,v8,40.0,190.0,30.0,1.0,0.95,0.6,-1.2765,True,fuzzy_logic_dynamic_snr,2.0255,0.6771
110,v1,v6,40.0,90.05,10.0,1.0,0.4502,0.2,6.32,False,fuzzy_logic_dynamic_snr,6.2838,0.9916
110,v1,v5,40.0,130.0,20.0,1.0,0.65,0.4,2.3599,True,fuzzy_logic_dynamic_snr,2.4818,0.8732
110,v1,v13,40.0,180.0,30.0,1.0,0.9,0.6,-0.9008,True,fuzzy_logic_dynamic_snr,2.0954,0.7207
110,v3,v7,20.0,20.0,10.0,0.6,0.1,0.2,-3.2247,False,fuzzy_logic_dynamic_snr,-3.2517,0.9111
110,v3,v15,20.0,50.0,20.0,0.6,0.25,0.4,-11.0005,True,fuzzy_logic_dynamic_snr,0.8977,0.2203
110,v3,v11,20.0,60.0,20.0,0.6,0.3,0.4,-12.2674,True,fuzzy_logic_dynamic_snr,0.8268,0.2156
110,v3,v4,20.0,60.07,0.0,0.6,0.3004,0.0,-8.4591,True,fuzzy_logic_dynamic_snr,1.1084,0.2922
110,v3,v8,20.0,160.03,0.0,0.6,0.8001,0.0,-15.2671,True,fuzzy_logic_dynamic_snr,0.6911,0.1691
110,v4,v3,40.0,60.07,0.0,1.0,0.3004,0.0,11.5409,False,fuzzy_logic_dynamic_snr,11.5044,0.9902
110,v4,v7,40.0,80.06,10.0,1.0,0.4003,0.2,7.1374,False,fuzzy_logic_dynamic_snr,7.1071,0.9896
110,v4,v15,40.0,110.04,20.0,1.0,0.5502,0.4,3.5182,False,fuzzy_logic_dynamic_snr,3.4928,0.9844
110,v4,v11,40.0,120.04,20.0,1.0,0.6002,0.4,2.914,False,fuzzy_logic_dynamic_snr,2.8921,0.9795
111,v1,v6,40.0,100.04,10.0,1.0,0.5002,0.2,5.5886,False,fuzzy_logic_dynamic_snr,5.5673,0.9824
111,v1,v5,40.0,150.0,30.0,1.0,0.75,0.6,0.3661,True,fuzzy_logic_dynamic_snr,2.2631,0.7906
111,v1,v2,40.0,180.02,20.0,1.0,0.9001,0.4,0.0977,True,fuzzy_logic_dynamic_snr,2.2201,0.776
111,v2,v1,20.0,180.02,20.0,0.6,0.9001,0.4,-19.9023,True,fuzzy_logic_dynamic_snr,0.531,0.1404
111,v3,v7,20.0,30.0,20.0,0.6,0.15,0.4,-7.4509,True,fuzzy_logic_dynamic_snr,1.2205,0.3521
111,v3,v4,20.0,60.07,10.0,0.6,0.3004,0.2,-10.8673,True,fuzzy_logic_dynamic_snr,0.9325,0.2553
111,v3,v15,20.0,70.0,0.0,0.6,0.35,0.0,-9.5216,True,fuzzy_logic_dynamic_snr,1.0149,0.2736
111,v3,v11,20.0,80.0,20.0,0.6,0.4,0.4,-14.2664,True,fuzzy_logic_dynamic_snr,0.7323,0.1785
111,v3,v8,20.0,160.03,10.0,0.6,0.8001,0.2,-17.6754,True,fuzzy_logic_dynamic_snr,0.5973,0.1406
111,v4,v3,40.0,60.07,10.0,1.0,0.3004,0.2,9.1327,False,fuzzy_logic_dynamic_snr,9.1018,0.9941
111,v4,v7,40.0,90.05,30.0,1.0,0.4502,0.6,3.9118,True,fuzzy_logic_dynamic_snr,2.6288,0.9057
111,v4,v15,40.0,130.03,10.0,1.0,0.6502,0.2,3.7668,False,fuzzy_logic_dynamic_snr,3.7326,0.9883
111,v4,v11,40.0,140.03,30.0,1.0,0.7002,0.6,0.8439,True,fuzzy_logic_dynamic_snr,2.3196,0.8191
112,v1,v6,40.0,90.05,10.0,1.0,0.4502,0.2,6.32,False,fuzzy_logic_dynamic_snr,6.2955,0.9854
112,v1,v5,40.0,120.0,20.0,1.0,0.6,0.4,2.9161,False,fuzzy_logic_dynamic_snr,2.8932,0.977
112,v1,v13,40.0,180.0,0.0,1.0,0.9,0.0,3.9156,True,fuzzy_logic_dynamic_snr,2.6296,0.9049
112,v3,v7,20.0,50.0,10.0,0.6,0.25,0.2,-9.5918,False,fuzzy_logic_dynamic_snr,-9.6107,0.6213
112,v3,v15,20.0,70.0,10.0,0.6,0.35,0.2,-11.9298,True,fuzzy_logic_dynamic_snr,0.8344,0.1814
112,v3,v4,20.0,70.06,20.0,0.6,0.3503,0.4,-13.3449,True,fuzzy_logic_dynamic_snr,0.7776,0.2029
112,v3,v11,20.0,100.0,0.0,0.6,0.5,0.0,-12.0,True,fuzzy_logic_dynamic_snr,0.8303,0.215
112,v3,v8,20.0,170.03,30.0,0.6,0.8501,0.6,-20.5047,True,fuzzy_logic_dynamic_snr,0.5372,0.1344
112,v4,v3,40.0,70.06,20.0,1.0,0.3503,0.4,6.6551,False,fuzzy_logic_dynamic_snr,6.6268,0.9893
112,v4,v7,40.0,120.04,10.0,1.0,0.6002,0.2,4.3227,False,fuzzy_logic_dynamic_snr,4.3009,0.9854
112,v4,v15,40.0,140.03,30.0,1.0,0.7002,0.6,0.8439,True,fuzzy_logic_dynamic_snr,2.3309,0.793
112,v4,v11,40.0,170.03,20.0,1.0,0.8501,0.4,0.4948,True,fuzzy_logic_dynamic_snr,2.2676,0.7883
113,v1,v6,40.0,80.06,20.0,1.0,0.4003,0.4,5.7287,False,fuzzy_logic_dynamic_snr,5.7041,0.9896
113,v1,v5,40.0,140.0,10.0,1.0,0.7,0.2,3.2537,False,fuzzy_logic_dynamic_snr,3.2333,0.9832
113,v1,v13,40.0,180.0,20.0,1.0,0.9,0.4,0.0987,True,fuzzy_logic_dynamic_snr,2.2177,0.7648
113,v3,v4,20.0,50.09,20.0,0.6,0.2504,0.4,-11.013,True,fuzzy_logic_dynamic_snr,0.8962,0.2188
113,v3,v7,20.0,60.0,20.0,0.6,0.3,0.4,-12.2674,True,fuzzy_logic_dynamic_snr,0.8355,0.1998
113,v3,v15,20.0,60.0,20.0,0.6,0.3,0.4,-12.2674,True,fuzzy_logic_dynamic_snr,0.8259,0.1975
113,v3,v11,20.0,100.0,20.0,0.6,0.5,0.4,-15.817,True,fuzzy_logic_dynamic_snr,0.6558,0.1465
113,v4,v3,40.0,50.09,20.0,1.0,0.2504,0.4,8.987,False,fuzzy_logic_dynamic_snr,8.9557,0.9951
113,v4,v7,40.0,110.04,40.0,1.0,0.5502,0.8,1.7434,True,fuzzy_logic_dynamic_snr,2.4245,0.8373
113,v4,v15,40.0,110.04,40.0,1.0,0.5502,0.8,1.7434,True,fuzzy_logic_dynamic_snr,2.4179,0.8457
113,v4,v11,40.0,150.03,40.0,1.0,0.7501,0.8,-0.4106,True,fuzzy_logic_dynamic_snr,2.1575,0.7479
114,v1,v6,40.0,100.04,20.0,1.0,0.5002,0.4,4.1799,False,fuzzy_logic_dynamic_snr,4.1548,0.9857
114,v1,v5,40.0,130.0,20.0,1.0,0.65,0.4,2.3599,True,fuzzy_logic_dynamic_snr,2.4849,0.8625
114,v1,v13,40.0,200.0,30.0,1.0,1.0,0.6,-1.633,True,fuzzy_logic_dynamic_snr,1.9782,0.6873
114,v3,v4,20.0,30.15,30.0,0.6,0.1507,0.6,-8.485,True,fuzzy_logic_dynamic_snr,1.1073,0.2807
114,v3,v7,20.0,40.0,40.0,0.6,0.2,0.8,-11.2247,True,fuzzy_logic_dynamic_snr,0.8752,0.2242
114,v3,v15,20.0,40.0,0.0,0.6,0.2,0.0,-5.633,False,fuzzy_logic_dynamic_snr,-5.6589,0.8549
114,v3,v11,20.0,80.0,40.0,0.6,0.4,0.8,-16.0412,True,fuzzy_logic_dynamic_snr,0.6403,0.1453
114,v3,v8,20.0,180.02,20.0,0.6,0.9001,0.4,-19.9023,True,fuzzy_logic_dynamic_snr,0.5576,0.1213
114,v4,v3,40.0,30.15,30.0,1.0,0.1507,0.6,11.515,False,fuzzy_logic_dynamic_snr,11.4885,0.9941
114,v4,v7,40.0,70.06,10.0,1.0,0.3503,0.2,8.0638,False,fuzzy_logic_dynamic_snr,8.041,0.9912
114,v4,v15,40.0,70.06,30.0,1.0,0.3503,0.6,5.6556,False,fuzzy_logic_dynamic_snr,5.6384,0.9916
114,v4,v11,40.0,110.04,10.0,1.0,0.5502,0.2,4.9269,False,fuzzy_logic_dynamic_snr,4.896,0.9883
115,v1,v6,40.0,80.06,30.0,1.0,0.4003,0.6,4.7292,False,fuzzy_logic_dynamic_snr,4.7107,0.9902
115,v1,v5,40.0,110.0,0.0,1.0,0.55,0.0,7.3377,False,fuzzy_logic_dynamic_snr,7.3136,0.9912
115,v1,v13,40.0,170.0,20.0,1.0,0.85,0.4,0.4958,True,fuzzy_logic_dynamic_snr,2.2706,0.7832
115,v3,v7,20.0,0.0,10.0,0.6,0.0,0.2,33.5918,False,fuzzy_logic_dynamic_snr,33.5706,0.999
115,v3,v11,20.0,40.0,20.0,0.6,0.2,0.4,-9.4499,True,fuzzy_logic_dynamic_snr,1.0427,0.2686
115,v3,v15,20.0,40.0,10.0,0.6,0.2,0.2,-8.0412,False,fuzzy_logic_dynamic_snr,-8.0651,0.7211
115,v3,v4,20.0,60.07,30.0,0.6,0.3004,0.6,-13.2756,True,fuzzy_logic_dynamic_snr,0.7765,0.1816
115,v3,v8,20.0,160.03,30.0,0.6,0.8001,0.6,-20.0836,True,fuzzy_logic_dynamic_snr,0.5503,0.14
115,v4,v3,40.0,60.07,30.0,1.0,0.3004,0.6,6.7244,False,fuzzy_logic_dynamic_snr,6.6928,0.9932
115,v4,v7,40.0,60.07,20.0,1.0,0.3004,0.4,7.7239,False,fuzzy_logic_dynamic_snr,7.6919,0.9932
115,v4,v11,40.0,100.04,10.0,1.0,0.5002,0.2,5.5886,False,fuzzy_logic_dynamic_snr,5.5567,0.9852
115,v4,v15,40.0,100.04,20.0,1.0,0.5002,0.4,4.1799,False,fuzzy_logic_dynamic_snr,4.1613,0.9902
116,v1,v5,40.0,110.0,0.0,1.0,0.55,0.0,7.3377,False,fuzzy_logic_dynamic_snr,7.3269,0.9951
116,v1,v6,40.0,110.04,20.0,1.0,0.5502,0.4,3.5182,False,fuzzy_logic_dynamic_snr,3.4827,0.9814
116,v1,v13,40.0,190.0,0.0,1.0,0.95,0.0,3.5399,True,fuzzy_logic_dynamic_snr,2.5971,0.9078
116,v3,v7,20.0,10.0,30.0,0.6,0.05,0.6,-0.8165,True,fuzzy_logic_dynamic_snr,2.104,0.7201
116,v3,v11,20.0,20.0,40.0,0.6,0.1,0.8,-6.4082,True,fuzzy_logic_dynamic_snr,1.3369,0.373
116,v3,v15,20.0,30.0,40.0,0.6,0.15,0.8,-9.2257,True,fuzzy_logic_dynamic_snr,1.0603,0.2922
116,v3,v4,20.0,90.05,20.0,0.6,0.4502,0.4,-15.0887,True,fuzzy_logic_dynamic_snr,0.6864,0.1789
116,v3,v8,20.0,130.03,40.0,0.6,0.6502,0.8,-19.4167,True,fuzzy_logic_dynamic_snr,0.5512,0.1338
116,v4,v7,40.0,80.06,10.0,1.0,0.4003,0.2,7.1374,False,fuzzy_logic_dynamic_snr,7.1157,0.9893
116,v4,v3,40.0,90.05,20.0,1.0,0.4502,0.4,4.9113,False,fuzzy_logic_dynamic_snr,4.8864,0.9844
116,v4,v11,40.0,110.04,20.0,1.0,0.5502,0.4,3.5182,False,fuzzy_logic_dynamic_snr,3.5038,0.9848
116,v4,v15,40.0,120.04,20.0,1.0,0.6002,0.4,2.914,False,fuzzy_logic_dynamic_snr,2.8785,0.9785
117,v1,v5,40.0,110.0,30.0,1.0,0.55,0.6,2.5212,True,fuzzy_logic_dynamic_snr,2.5175,0.8803
117,v1,v6,40.0,130.03,40.0,1.0,0.6502,0.8,0.5833,True,fuzzy_logic_dynamic_snr,2.2843,0.8119
117,v1,v13,40.0,190.0,10.0,1.0,0.95,0.2,1.1317,True,fuzzy_logic_dynamic_snr,2.3531,0.8061
117,v3,v15,20.0,10.0,0.0,0.6,0.05,0.0,4.0,False,fuzzy_logic_dynamic_snr,3.9723,0.9818
117,v3,v11,20.0,20.0,0.0,0.6,0.1,0.0,-0.8165,False,fuzzy_logic_dynamic_snr,-0.8535,0.9504
117,v3,v7,20.0,40.0,10.0,0.6,0.2,0.2,-8.0412,False,fuzzy_logic_dynamic_snr,-8.0682,0.7252
117,v3,v8,20.0,90.05,30.0,0.6,0.4502,0.6,-16.0882,True,fuzzy_logic_dynamic_snr,0.642,0.1418
117,v3,v4,20.0,110.04,20.0,0.6,0.5502,0.4,-16.4818,True,fuzzy_logic_dynamic_snr,0.6408,0.1555
117,v4,v7,40.0,70.06,30.0,1.0,0.3503,0.6,5.6556,False,fuzzy_logic_dynamic_snr,5.6277,0.9873
117,v4,v11,40.0,90.05,20.0,1.0,0.4502,0.4,4.9113,False,fuzzy_logic_dynamic_snr,4.8768,0.9863
117,v4,v15,40.0,100.04,20.0,1.0,0.5002,0.4,4.1799,False,fuzzy_logic_dynamic_snr,4.1578,0.9896
117,v4,v3,40.0,110.04,20.0,1.0,0.5502,0.4,3.5182,False,fuzzy_logic_dynamic_snr,3.4909,0.9832
117,v4,v8,40.0,200.0,10.0,1.0,1.0,0.2,0.7753,True,fuzzy_logic_dynamic_snr,2.3124,0.8045
118,v1,v5,40.0,140.0,40.0,1.0,0.7,0.8,0.0702,True,fuzzy_logic_dynamic_snr,2.2154,0.7816
118,v1,v6,40.0,170.03,20.0,1.0,0.8501,0.4,0.4948,True,fuzzy_logic_dynamic_snr,2.2761,0.7947
118,v1,v13,40.0,200.0,40.0,1.0,1.0,0.8,-2.4082,True,fuzzy_logic_dynamic_snr,1.8715,0.6242
118,v3,v15,20.0,10.0,0.0,0.6,0.05,0.0,4.0,False,fuzzy_logic_dynamic_snr,3.9712,0.9854
118,v3,v11,20.0,20.0,30.0,0.6,0.1,0.6,-5.633,True,fuzzy_logic_dynamic_snr,1.4379,0.4197
118,v3,v7,20.0,50.0,10.0,0.6,0.25,0.2,-9.5918,False,fuzzy_logic_dynamic_snr,-9.6142,0.6275
118,v3,v4,20.0,90.05,30.0,0.6,0.4502,0.6,-16.0882,True,fuzzy_logic_dynamic_snr,0.6533,0.1408
118,v3,v8,20.0,120.04,0.0,0.6,0.6002,0.0,-13.2691,True,fuzzy_logic_dynamic_snr,0.7745,0.199
118,v4,v7,40.0,40.11,20.0,1.0,0.2006,0.4,10.5306,False,fuzzy_logic_dynamic_snr,10.5136,0.9961
118,v4,v11,40.0,70.06,0.0,1.0,0.3503,0.0,10.4721,False,fuzzy_logic_dynamic_snr,10.4597,0.9945
118,v4,v15,40.0,80.06,30.0,1.0,0.4003,0.6,4.7292,False,fuzzy_logic_dynamic_snr,4.6987,0.9863
118,v4,v3,40.0,90.05,30.0,1.0,0.4502,0.6,3.9118,True,fuzzy_logic_dynamic_snr,2.6308,0.9123
119,v1,v5,40.0,100.0,0.0,1.0,0.5,0.0,8.0,False,fuzzy_logic_dynamic_snr,7.9681,0.9916
119,v1,v6,40.0,150.03,10.0,1.0,0.7501,0.2,2.7729,False,fuzzy_logic_dynamic_snr,2.7377,0.9803
119,v1,v13,40.0,160.0,30.0,1.0,0.8,0.6,-0.0824,True,fuzzy_logic_dynamic_snr,2.1886,0.7863
119,v3,v11,20.0,10.0,10.0,0.6,0.05,0.2,1.5918,False,fuzzy_logic_dynamic_snr,1.571,0.9736
119,v3,v15,20.0,10.0,20.0,0.6,0.05,0.4,0.183,True,fuzzy_logic_dynamic_snr,2.236,0.7828
119,v3,v7,20.0,40.0,20.0,0.6,0.2,0.4,-9.4499,True,fuzzy_logic_dynamic_snr,1.0279,0.2621
119,v3,v4,20.0,60.07,20.0,0.6,0.3004,0.4,-12.2761,True,fuzzy_logic_dynamic_snr,0.8293,0.2004
119,v3,v8,20.0,120.04,30.0,0.6,0.6002,0.6,-18.0856,True,fuzzy_logic_dynamic_snr,0.5776,0.1219
119,v4,v7,40.0,20.22,0.0,1.0,0.1011,0.0,19.1062,False,fuzzy_logic_dynamic_snr,19.0693,0.9951
119,v4,v15,40.0,50.09,0.0,1.0,0.2504,0.0,12.804,False,fuzzy_logic_dynamic_snr,12.7753,0.9961
119,v4,v3,40.0,60.07,20.0,1.0,0.3004,0.4,7.7239,False,fuzzy_logic_dynamic_snr,7.6942,0.9912
119,v4,v11,40.0,70.06,10.0,1.0,0.3503,0.2,8.0638,False,fuzzy_logic_dynamic_snr,8.0431,0.9902
119,v4,v8,40.0,180.0,10.0,1.0,0.9,0.2,1.5074,True,fuzzy_logic_dynamic_snr,2.4012,0.8375
120,v1,v5,40.0,100.0,0.0,1.0,0.5,0.0,8.0,False,fuzzy_logic_dynamic_snr,7.9592,0.9906
120,v1,v13,40.0,130.0,20.0,1.0,0.65,0.4,2.3599,True,fuzzy_logic_dynamic_snr,2.4868,0.8824
120,v1,v6,40.0,140.03,20.0,1.0,0.7002,0.4,1.8434,True,fuzzy_logic_dynamic_snr,2.4297,0.8516
120,v3,v15,20.0,10.0,20.0,0.6,0.05,0.4,0.183,True,fuzzy_logic_dynamic_snr,2.2292,0.7553
120,v3,v7,20.0,20.0,0.0,0.6,0.1,0.0,-0.8165,False,fuzzy_logic_dynamic_snr,-0.8273,0.9646
120,v3,v11,20.0,20.0,10.0,0.6,0.1,0.2,-3.2247,False,fuzzy_logic_dynamic_snr,-3.2601,0.9086
120,v3,v4,20.0,40.11,20.0,0.6,0.2006,0.4,-9.4694,True,fuzzy_logic_dynamic_snr,1.0275,0.2748
120,v3,v8,20.0,150.03,10.0,0.6,0.7501,0.2,-17.2271,True,fuzzy_logic_dynamic_snr,0.6272,0.1529
120,v4,v7,40.0,20.22,20.0,1.0,0.1011,0.4,15.2892,False,fuzzy_logic_dynamic_snr,15.2747,0.9951
120,v4,v3,40.0,40.11,20.0,1.0,0.2006,0.4,10.5306,False,fuzzy_logic_dynamic_snr,10.5045,0.9922
120,v4,v15,40.0,50.09,40.0,1.0,0.2504,0.8,7.2122,True,fuzzy_logic_dynamic_snr,2.8114,0.948
120,v4,v11,40.0,60.07,10.0,1.0,0.3004,0.2,9.1327,False,fuzzy_logic_dynamic_snr,9.116,0.9912
120,v4,v8,40.0,190.0,30.0,1.0,0.95,0.6,-1.2765,True,fuzzy_logic_dynamic_snr,2.0372,0.6951
121,v1,v5,40.0,100.0,0.0,1.0,0.5,0.0,8.0,False,fuzzy_logic_dynamic_snr,7.9818,0.9887
121,v1,v13,40.0,110.0,0.0,1.0,0.55,0.0,7.3377,False,fuzzy_logic_dynamic_snr,7.2966,0.9951
121,v1,v6,40.0,160.03,0.0,1.0,0.8001,0.0,4.7329,True,fuzzy_logic_dynamic_snr,2.6918,0.9318
121,v3,v15,20.0,10.0,40.0,0.6,0.05,0.8,-1.5918,True,fuzzy_logic_dynamic_snr,1.9807,0.6984
121,v3,v7,20.0,20.0,0.0,0.6,0.1,0.0,-0.8165,False,fuzzy_logic_dynamic_snr,-0.8423,0.9633
121,v3,v4,20.0,20.22,40.0,0.6,0.1011,0.8,-6.4855,True,fuzzy_logic_dynamic_snr,1.3315,0.4031
121,v3,v11,20.0,30.0,30.0,0.6,0.15,0.6,-8.4504,True,fuzzy_logic_dynamic_snr,1.1305,0.283
121,v3,v8,20.0,140.03,0.0,0.6,0.7002,0.0,-14.3396,True,fuzzy_logic_dynamic_snr,0.7258,0.1963
121,v4,v7,40.0,3.0,40.0,1.0,0.015,0.8,26.7743,True,fuzzy_logic_dynamic_snr,2.967,0.9582
121,v4,v15,40.0,10.44,0.0,1.0,0.0522,0.0,23.7006,False,fuzzy_logic_dynamic_snr,23.6667,0.9971
121,v4,v3,40.0,20.22,40.0,1.0,0.1011,0.8,13.5145,True,fuzzy_logic_dynamic_snr,2.9313,0.9602
121,v4,v11,40.0,50.09,10.0,1.0,0.2504,0.2,10.3958,False,fuzzy_logic_dynamic_snr,10.3642,0.9951
121,v4,v8,40.0,160.0,40.0,1.0,0.8,0.8,-0.8577,True,fuzzy_logic_dynamic_snr,2.087,0.7025
122,v1,v5,40.0,100.0,20.0,1.0,0.5,0.4,4.183,False,fuzzy_logic_dynamic_snr,4.151,0.9854
122,v1,v13,40.0,110.0,20.0,1.0,0.55,0.4,3.5207,False,fuzzy_logic_dynamic_snr,3.5061,0.9863
122,v1,v6,40.0,160.03,20.0,1.0,0.8001,0.4,0.9159,True,fuzzy_logic_dynamic_snr,2.3266,0.8287
122,v3,v11,20.0,0.0,10.0,0.6,0.0,0.2,33.5918,False,fuzzy_logic_dynamic_snr,33.5652,1.0
122,v3,v7,20.0,20.0,10.0,0.6,0.1,0.2,-3.2247,False,fuzzy_logic_dynamic_snr,-3.2586,0.9172
122,v3,v15,20.0,50.0,10.0,0.6,0.25,0.2,-9.5918,False,fuzzy_logic_dynamic_snr,-9.6082,0.6359
122,v3,v4,20.0,60.07,20.0,0.6,0.3004,0.4,-12.2761,True,fuzzy_logic_dynamic_snr,0.834,0.1852
122,v3,v8,20.0,140.03,20.0,0.6,0.7002,0.4,-18.1566,True,fuzzy_logic_dynamic_snr,0.5617,0.1494
122,v4,v15,40.0,10.44,30.0,1.0,0.0522,0.6,18.8841,False,fuzzy_logic_dynamic_snr,18.8582,0.9961
122,v4,v7,40.0,40.11,10.0,1.0,0.2006,0.2,11.9393,False,fuzzy_logic_dynamic_snr,11.9127,0.9922
122,v4,v3,40.0,60.07,20.0,1.0,0.3004,0.4,7.7239,False,fuzzy_logic_dynamic_snr,7.6983,0.9893
122,v4,v11,40.0,60.07,30.0,1.0,0.3004,0.6,6.7244,False,fuzzy_logic_dynamic_snr,6.6968,0.9873
122,v4,v8,40.0,200.0,40.0,1.0,1.0,0.8,-2.4082,True,fuzzy_logic_dynamic_snr,1.8553,0.6121
123,v1,v5,40.0,120.0,20.0,1.0,0.6,0.4,2.9161,False,fuzzy_logic_dynamic_snr,2.8962,0.9744
123,v1,v13,40.0,130.0,20.0,1.0,0.65,0.4,2.3599,True,fuzzy_logic_dynamic_snr,2.4988,0.8836
123,v1,v6,40.0,140.03,10.0,1.0,0.7002,0.2,3.2521,False,fuzzy_logic_dynamic_snr,3.2152,0.9838
123,v3,v7,20.0,10.0,40.0,0.6,0.05,0.8,-1.5918,True,fuzzy_logic_dynamic_snr,1.978,0.6629
123,v3,v11,20.0,10.0,40.0,0.6,0.05,0.8,-1.5918,True,fuzzy_logic_dynamic_snr,1.9917,0.6645
123,v3,v4,20.0,40.11,20.0,0.6,0.2006,0.4,-9.4694,True,fuzzy_logic_dynamic_snr,1.0328,0.2727
123,v3,v15,20.0,60.0,0.0,0.6,0.3,0.0,-8.4504,True,fuzzy_logic_dynamic_snr,1.1152,0.283
123,v3,v8,20.0,120.04,40.0,0.6,0.6002,0.8,-18.8608,True,fuzzy_logic_dynamic_snr,0.5803,0.1396
123,v4,v15,40.0,20.22,20.0,1.0,0.1011,0.4,15.2892,False,fuzzy_logic_dynamic_snr,15.2603,0.9961
123,v4,v7,40.0,30.15,20.0,1.0,0.1507,0.4,12.5145,False,fuzzy_logic_dynamic_snr,12.4883,0.998
123,v4,v11,40.0,30.15,20.0,1.0,0.1507,0.4,12.5145,False,fuzzy_logic_dynamic_snr,12.5005,0.9971
123,v4,v3,40.0,40.11,20.0,1.0,0.2006,0.4,10.5306,False,fuzzy_logic_dynamic_snr,10.5076,0.9951
123,v4,v8,40.0,160.0,20.0,1.0,0.8,0.4,0.9171,True,fuzzy_logic_dynamic_snr,2.3171,0.8109
124,v1,v5,40.0,140.0,10.0,1.0,0.7,0.2,3.2537,False,fuzzy_logic_dynamic_snr,3.2311,0.9779
124,v1,v13,40.0,150.0,30.0,1.0,0.75,0.6,0.3661,True,fuzzy_logic_dynamic_snr,2.2455,0.7965
124,v1,v6,40.0,150.03,10.0,1.0,0.7501,0.2,2.7729,False,fuzzy_logic_dynamic_snr,2.7519,0.9863
124,v3,v7,20.0,50.0,20.0,0.6,0.25,0.4,-11.0005,True,fuzzy_logic_dynamic_snr,0.8938,0.2154
124,v3,v11,20.0,50.0,0.0,0.6,0.25,0.0,-7.1835,False,fuzzy_logic_dynamic_snr,-7.2075,0.7668
124,v3,v15,20.0,60.0,10.0,0.6,0.3,0.2,-10.8587,True,fuzzy_logic_dynamic_snr,0.9042,0.2154
124,v3,v4,20.0,60.07,20.0,0.6,0.3004,0.4,-12.2761,True,fuzzy_logic_dynamic_snr,0.8154,0.1854
124,v3,v8,20.0,80.06,10.0,0.6,0.4003,0.2,-12.8626,True,fuzzy_logic_dynamic_snr,0.7791,0.1736
124,v4,v15,40.0,3.0,30.0,1.0,0.015,0.6,27.5496,False,fuzzy_logic_dynamic_snr,27.5218,0.998
124,v4,v7,40.0,10.44,0.0,1.0,0.0522,0.0,23.7006,False,fuzzy_logic_dynamic_snr,23.6617,1.0
124,v4,v11,40.0,10.44,20.0,1.0,0.0522,0.4,19.8836,False,fuzzy_logic_dynamic_snr,19.8538,0.9961
124,v4,v3,40.0,60.07,20.0,1.0,0.3004,0.4,7.7239,False,fuzzy_logic_dynamic_snr,7.692,0.9932
124,v4,v8,40.0,140.0,10.0,1.0,0.7,0.2,3.2537,False,fuzzy_logic_dynamic_snr,3.2192,0.9824
125,v1,v13,40.0,120.0,10.0,1.0,0.6,0.2,4.3249,False,fuzzy_logic_dynamic_snr,4.2911,0.9873
125,v1,v5,40.0,130.0,0.0,1.0,0.65,0.0,6.1769,False,fuzzy_logic_dynamic_snr,6.1569,0.9828
125,v1,v6,40.0,140.03,0.0,1.0,0.7002,0.0,5.6604,False,fuzzy_logic_dynamic_snr,5.6376,0.9896
125,v3,v11,20.0,50.0,10.0,0.6,0.25,0.2,-9.5918,False,fuzzy_logic_dynamic_snr,-9.6131,0.6352
125,v3,v15,20.0,50.0,10.0,0.6,0.25,0.2,-9.5918,False,fuzzy_logic_dynamic_snr,-9.615,0.6457
125,v3,v7,20.0,70.0,10.0,0.6,0.35,0.2,-11.9298,True,fuzzy_logic_dynamic_snr,0.8472,0.2156
125,v3,v8,20.0,70.06,30.0,0.6,0.3503,0.6,-14.3444,True,fuzzy_logic_dynamic_snr,0.7271,0.1639
125,v3,v4,20.0,80.06,20.0,0.6,0.4003,0.4,-14.2713,True,fuzzy_logic_dynamic_snr,0.7398,0.1576
125,v4,v7,40.0,10.44,10.0,1.0,0.0522,0.2,21.2923,False,fuzzy_logic_dynamic_snr,21.2592,0.998
125,v4,v11,40.0,30.15,10.0,1.0,0.1507,0.2,13.9232,False,fuzzy_logic_dynamic_snr,13.8855,0.9951
125,v4,v15,40.0,30.15,30.0,1.0,0.1507,0.6,11.515,False,fuzzy_logic_dynamic_snr,11.493,0.9951
125,v4,v3,40.0,80.06,20.0,1.0,0.4003,0.4,5.7287,False,fuzzy_logic_dynamic_snr,5.6914,0.9854
125,v4,v8,40.0,150.0,10.0,1.0,0.75,0.2,2.7743,False,fuzzy_logic_dynamic_snr,2.7438,0.9809
126,v1,v5,40.0,130.0,20.0,1.0,0.65,0.4,2.3599,True,fuzzy_logic_dynamic_snr,2.4942,0.8768
126,v1,v13,40.0,130.0,0.0,1.0,0.65,0.0,6.1769,False,fuzzy_logic_dynamic_snr,6.1575,0.9893
126,v1,v6,40.0,140.03,10.0,1.0,0.7002,0.2,3.2521,False,fuzzy_logic_dynamic_snr,3.2291,0.9809
126,v3,v15,20.0,40.0,20.0,0.6,0.2,0.4,-9.4499,True,fuzzy_logic_dynamic_snr,1.0235,0.2568
126,v3,v8,20.0,40.11,10.0,0.6,0.2006,0.2,-8.0607,False,fuzzy_logic_dynamic_snr,-8.0916,0.7137
126,v3,v11,20.0,60.0,10.0,0.6,0.3,0.2,-10.8587,True,fuzzy_logic_dynamic_snr,0.9138,0.2551
126,v3,v7,20.0,80.0,10.0,0.6,0.4,0.2,-12.8577,True,fuzzy_logic_dynamic_snr,0.8034,0.1928
126,v3,v4,20.0,100.04,0.0,0.6,0.5002,0.0,-12.0031,True,fuzzy_logic_dynamic_snr,0.8527,0.2002
126,v4,v7,40.0,20.22,10.0,1.0,0.1011,0.2,16.698,False,fuzzy_logic_dynamic_snr,16.6812,0.998
126,v4,v11,40.0,40.11,10.0,1.0,0.2006,0.2,11.9393,False,fuzzy_logic_dynamic_snr,11.9113,0.9941
126,v4,v15,40.0,60.07,20.0,1.0,0.3004,0.4,7.7239,False,fuzzy_logic_dynamic_snr,7.7058,0.9932
126,v4,v3,40.0,100.04,0.0,1.0,0.5002,0.0,7.9969,False,fuzzy_logic_dynamic_snr,7.9683,0.9902
126,v4,v8,40.0,140.0,10.0,1.0,0.7,0.2,3.2537,False,fuzzy_logic_dynamic_snr,3.2294,0.9824
127,v1,v5,40.0,110.0,20.0,1.0,0.55,0.4,3.5207,False,fuzzy_logic_dynamic_snr,3.4822,0.9834
127,v1,v13,40.0,130.0,40.0,1.0,0.65,0.8,0.5851,True,fuzzy_logic_dynamic_snr,2.2796,0.7893
127,v1,v6,40.0,150.03,0.0,1.0,0.7501,0.0,5.1812,False,fuzzy_logic_dynamic_snr,5.1565,0.9857
127,v3,v8,20.0,50.09,30.0,0.6,0.2504,0.6,-12.0125,True,fuzzy_logic_dynamic_snr,0.8327,0.2301
127,v3,v15,20.0,60.0,20.0,0.6,0.3,0.4,-12.2674,True,fuzzy_logic_dynamic_snr,0.84,0.2213
127,v3,v7,20.0,70.0,10.0,0.6,0.35,0.2,-11.9298,True,fuzzy_logic_dynamic_snr,0.8579,0.2012
127,v3,v11,20.0,70.0,10.0,0.6,0.35,0.2,-11.9298,True,fuzzy_logic_dynamic_snr,0.8417,0.2115
127,v3,v4,20.0,100.04,10.0,0.6,0.5002,0.2,-14.4114,True,fuzzy_logic_dynamic_snr,0.7047,0.1564
127,v4,v7,40.0,30.15,0.0,1.0,0.1507,0.0,16.3315,False,fuzzy_logic_dynamic_snr,16.3041,0.9961
127,v4,v11,40.0,30.15,0.0,1.0,0.1507,0.0,16.3315,False,fuzzy_logic_dynamic_snr,16.3023,0.9971
127,v4,v15,40.0,40.11,30.0,1.0,0.2006,0.6,9.5311,False,fuzzy_logic_dynamic_snr,9.4914,0.9941
127,v4,v3,40.0,100.04,10.0,1.0,0.5002,0.2,5.5886,False,fuzzy_logic_dynamic_snr,5.5479,0.9838
127,v4,v8,40.0,150.0,40.0,1.0,0.75,0.8,-0.4092,True,fuzzy_logic_dynamic_snr,2.15,0.7504
128,v1,v5,40.0,90.0,30.0,1.0,0.45,0.6,3.9156,False,fuzzy_logic_dynamic_snr,3.8961,0.9902
128,v1,v13,40.0,90.0,30.0,1.0,0.45,0.6,3.9156,False,fuzzy_logic_dynamic_snr,3.8847,0.9812
128,v1,v6,40.0,150.03,20.0,1.0,0.7501,0.4,1.3642,True,fuzzy_logic_dynamic_snr,2.3874,0.8322
128,v3,v15,20.0,40.0,10.0,0.6,0.2,0.2,-8.0412,False,fuzzy_logic_dynamic_snr,-8.0584,0.6959
128,v3,v7,20.0,80.0,30.0,0.6,0.4,0.6,-15.2659,True,fuzzy_logic_dynamic_snr,0.6654,0.1609
128,v3,v11,20.0,80.0,0.0,0.6,0.4,0.0,-10.4494,True,fuzzy_logic_dynamic_snr,0.9365,0.2166
128,v3,v8,20.0,80.06,0.0,0.6,0.4003,0.0,-10.4543,True,fuzzy_logic_dynamic_snr,0.9578,0.2453
128,v3,v4,20.0,110.04,30.0,0.6,0.5502,0.6,-17.4813,True,fuzzy_logic_dynamic_snr,0.6033,0.1229
128,v4,v7,40.0,30.15,0.0,1.0,0.1507,0.0,16.3315,False,fuzzy_logic_dynamic_snr,16.2972,0.9971
128,v4,v11,40.0,30.15,30.0,1.0,0.1507,0.6,11.515,False,fuzzy_logic_dynamic_snr,11.4834,0.9951
128,v4,v15,40.0,70.06,40.0,1.0,0.3503,0.8,4.8803,True,fuzzy_logic_dynamic_snr,2.7022,0.9221
128,v4,v3,40.0,110.04,30.0,1.0,0.5502,0.6,2.5187,True,fuzzy_logic_dynamic_snr,2.5009,0.8736
128,v4,v8,40.0,190.0,30.0,1.0,0.95,0.6,-1.2765,True,fuzzy_logic_dynamic_snr,2.0386,0.6992
129,v1,v5,40.0,60.0,0.0,1.0,0.3,0.0,11.5496,False,fuzzy_logic_dynamic_snr,11.527,0.9971
129,v1,v13,40.0,60.0,0.0,1.0,0.3,0.0,11.5496,False,fuzzy_logic_dynamic_snr,11.521,0.9902
129,v1,v6,40.0,130.03,30.0,1.0,0.6502,0.6,1.3586,True,fuzzy_logic_dynamic_snr,2.3747,0.8334
129,v3,v7,20.0,50.0,20.0,0.6,0.25,0.4,-11.0005,True,fuzzy_logic_dynamic_snr,0.9207,0.2174
129,v3,v15,20.0,50.0,10.0,0.6,0.25,0.2,-9.5918,False,fuzzy_logic_dynamic_snr,-9.6215,0.6203
129,v3,v11,20.0,80.0,40.0,0.6,0.4,0.8,-16.0412,True,fuzzy_logic_dynamic_snr,0.6388,0.1619
129,v3,v4,20.0,80.06,40.0,0.6,0.4003,0.8,-16.0461,True,fuzzy_logic_dynamic_snr,0.6196,0.1471
129,v3,v8,20.0,80.06,40.0,0.6,0.4003,0.8,-16.0461,True,fuzzy_logic_dynamic_snr,0.6514,0.1564
129,v4,v11,40.0,3.0,0.0,1.0,0.015,0.0,32.3661,False,fuzzy_logic_dynamic_snr,32.3359,1.0
129,v4,v7,40.0,30.15,20.0,1.0,0.1507,0.4,12.5145,False,fuzzy_logic_dynamic_snr,12.4869,0.9961
129,v4,v15,40.0,30.15,30.0,1.0,0.1507,0.6,11.515,False,fuzzy_logic_dynamic_snr,11.4901,0.9951
129,v4,v3,40.0,80.06,40.0,1.0,0.4003,0.8,3.9539,True,fuzzy_logic_dynamic_snr,2.6337,0.9182
129,v4,v8,40.0,160.0,0.0,1.0,0.8,0.0,4.7341,True,fuzzy_logic_dynamic_snr,2.6897,0.927
130,v1,v5,40.0,60.0,10.0,1.0,0.3,0.2,9.1413,False,fuzzy_logic_dynamic_snr,9.1095,0.9971
130,v1,v13,40.0,60.0,20.0,1.0,0.3,0.4,7.7326,False,fuzzy_logic_dynamic_snr,7.7024,0.9902
130,v1,v6,40.0,100.04,20.0,1.0,0.5002,0.4,4.1799,False,fuzzy_logic_dynamic_snr,4.1634,0.9883
130,v3,v7,20.0,30.0,10.0,0.6,0.15,0.2,-6.0422,False,fuzzy_logic_dynamic_snr,-6.0662,0.8125
130,v3,v11,20.0,40.0,0.0,0.6,0.2,0.0,-5.633,False,fuzzy_logic_dynamic_snr,-5.6664,0.8439
130,v3,v15,20.0,40.0,30.0,0.6,0.2,0.6,-10.4494,True,fuzzy_logic_dynamic_snr,0.9241,0.2258
130,v3,v4,20.0,40.11,30.0,0.6,0.2006,0.6,-10.4689,True,fuzzy_logic_dynamic_snr,0.9131,0.2236
130,v3,v8,20.0,120.04,30.0,0.6,0.6002,0.6,-18.0856,True,fuzzy_logic_dynamic_snr,0.5735,0.1393
130,v4,v11,40.0,3.0,30.0,1.0,0.015,0.6,27.5496,False,fuzzy_logic_dynamic_snr,27.5206,0.999
130,v4,v15,40.0,3.0,0.0,1.0,0.015,0.0,32.3661,False,fuzzy_logic_dynamic_snr,32.3372,0.999
130,v4,v7,40.0,10.44,20.0,1.0,0.0522,0.4,19.8836,False,fuzzy_logic_dynamic_snr,19.8625,0.9971
130,v4,v3,40.0,40.11,30.0,1.0,0.2006,0.6,9.5311,False,fuzzy_logic_dynamic_snr,9.5145,0.9941
130,v4,v8,40.0,160.0,0.0,1.0,0.8,0.0,4.7341,True,fuzzy_logic_dynamic_snr,2.6859,0.9234
131,v1,v5,40.0,50.0,10.0,1.0,0.25,0.2,10.4082,False,fuzzy_logic_dynamic_snr,10.3993,0.9951
131,v1,v13,40.0,80.0,0.0,1.0,0.4,0.0,9.5506,False,fuzzy_logic_dynamic_snr,9.5334,0.9955
131,v1,v6,40.0,120.04,20.0,1.0,0.6002,0.4,2.914,False,fuzzy_logic_dynamic_snr,2.8863,0.9805
131,v3,v15,20.0,10.0,0.0,0.6,0.05,0.0,4.0,False,fuzzy_logic_dynamic_snr,3.9675,0.9828
131,v3,v4,20.0,10.44,0.0,0.6,0.0522,0.0,3.7006,False,fuzzy_logic_dynamic_snr,3.6747,0.9814
131,v3,v7,20.0,20.0,0.0,0.6,0.1,0.0,-0.8165,False,fuzzy_logic_dynamic_snr,-0.8559,0.9611
131,v3,v11,20.0,40.0,10.0,0.6,0.2,0.2,-8.0412,False,fuzzy_logic_dynamic_snr,-8.061,0.7398
131,v3,v8,20.0,150.03,10.0,0.6,0.7501,0.2,-17.2271,True,fuzzy_logic_dynamic_snr,0.6023,0.134
131,v4,v15,40.0,3.0,0.0,1.0,0.015,0.0,32.3661,False,fuzzy_logic_dynamic_snr,32.341,0.999
131,v4,v3,40.0,10.44,0.0,1.0,0.0522,0.0,23.7006,False,fuzzy_logic_dynamic_snr,23.6691,0.9971
131,v4,v7,40.0,10.44,0.0,1.0,0.0522,0.0,23.7006,False,fuzzy_logic_dynamic_snr,23.6742,0.998
131,v4,v11,40.0,30.15,10.0,1.0,0.1507,0.2,13.9232,False,fuzzy_logic_dynamic_snr,13.9023,0.9971
131,v4,v8,40.0,160.0,10.0,1.0,0.8,0.2,2.3258,True,fuzzy_logic_dynamic_snr,2.4973,0.8838
132,v1,v5,40.0,60.0,30.0,1.0,0.3,0.6,6.7331,False,fuzzy_logic_dynamic_snr,6.7051,0.9877
132,v1,v13,40.0,80.0,10.0,1.0,0.4,0.2,7.1423,False,fuzzy_logic_dynamic_snr,7.1156,0.9951
132,v1,v6,40.0,140.03,0.0,1.0,0.7002,0.0,5.6604,False,fuzzy_logic_dynamic_snr,5.6377,0.9844
132,v3,v15,20.0,10.0,10.0,0.6,0.05,0.2,1.5918,False,fuzzy_logic_dynamic_snr,1.5658,0.9736
132,v3,v4,20.0,10.44,10.0,0.6,0.0522,0.2,1.2923,False,fuzzy_logic_dynamic_snr,1.2643,0.9701
132,v3,v7,20.0,20.0,30.0,0.6,0.1,0.6,-5.633,True,fuzzy_logic_dynamic_snr,1.4192,0.4189
132,v3,v11,20.0,30.0,0.0,0.6,0.15,0.0,-3.6339,False,fuzzy_logic_dynamic_snr,-3.6485,0.9186
132,v3,v8,20.0,140.03,10.0,0.6,0.7002,0.2,-16.7479,True,fuzzy_logic_dynamic_snr,0.6292,0.152
132,v4,v15,40.0,3.0,0.0,1.0,0.015,0.0,32.3661,False,fuzzy_logic_dynamic_snr,32.3369,0.999
132,v4,v3,40.0,10.44,10.0,1.0,0.0522,0.2,21.2923,False,fuzzy_logic_dynamic_snr,21.2707,0.998
132,v4,v7,40.0,10.44,20.0,1.0,0.0522,0.4,19.8836,False,fuzzy_logic_dynamic_snr,19.8606,0.998
132,v4,v11,40.0,20.22,10.0,1.0,0.1011,0.2,16.698,False,fuzzy_logic_dynamic_snr,16.656,0.9951
132,v4,v8,40.0,150.0,0.0,1.0,0.75,0.0,5.1825,False,fuzzy_logic_dynamic_snr,5.1593,0.9873
133,v1,v13,40.0,70.0,20.0,1.0,0.35,0.4,6.6615,False,fuzzy_logic_dynamic_snr,6.6304,0.9922
133,v1,v5,40.0,90.0,0.0,1.0,0.45,0.0,8.7321,False,fuzzy_logic_dynamic_snr,8.7008,0.9932
133,v1,v6,40.0,140.03,20.0,1.0,0.7002,0.4,1.8434,True,fuzzy_logic_dynamic_snr,2.435,0.8354
133,v3,v15,20.0,20.0,20.0,0.6,0.1,0.4,-4.6334,True,fuzzy_logic_dynamic_snr,1.553,0.4877
133,v3,v4,20.0,20.22,30.0,0.6,0.1011,0.6,-5.7103,True,fuzzy_logic_dynamic_snr,1.3968,0.4051
133,v3,v11,20.0,30.0,30.0,0.6,0.15,0.6,-8.4504,True,fuzzy_logic_dynamic_snr,1.107,0.2785
133,v3,v7,20.0,50.0,10.0,0.6,0.25,0.2,-9.5918,False,fuzzy_logic_dynamic_snr,-9.6162,0.6252
133,v3,v19,20.0,120.0,30.0,0.6,0.6,0.6,-18.0834,True,fuzzy_logic_dynamic_snr,0.5778,0.1299
133,v4,v15,40.0,3.0,10.0,1.0,0.015,0.2,29.9578,False,fuzzy_logic_dynamic_snr,29.9341,0.9971
133,v4,v11,40.0,10.44,0.0,1.0,0.0522,0.0,23.7006,False,fuzzy_logic_dynamic_snr,23.6867,0.999
133,v4,v3,40.0,20.22,30.0,1.0,0.1011,0.6,14.2897,False,fuzzy_logic_dynamic_snr,14.2509,0.9922
133,v4,v7,40.0,30.15,20.0,1.0,0.1507,0.4,12.5145,False,fuzzy_logic_dynamic_snr,12.4936,0.9951
133,v4,v19,40.0,140.03,0.0,1.0,0.7002,0.0,5.6604,False,fuzzy_logic_dynamic_snr,5.6393,0.9883
134,v1,v13,40.0,50.0,0.0,1.0,0.25,0.0,12.8165,False,fuzzy_logic_dynamic_snr,12.7733,0.998
134,v1,v5,40.0,90.0,0.0,1.0,0.45,0.0,8.7321,False,fuzzy_logic_dynamic_snr,8.7007,0.9922
134,v1,v6,40.0,120.04,20.0,1.0,0.6002,0.4,2.914,False,fuzzy_logic_dynamic_snr,2.8796,0.9775
134,v3,v15,20.0,40.0,30.0,0.6,0.2,0.6,-10.4494,True,fuzzy_logic_dynamic_snr,0.9382,0.2184
134,v3,v4,20.0,50.09,10.0,0.6,0.2504,0.2,-9.6042,False,fuzzy_logic_dynamic_snr,-9.639,0.6365
134,v3,v7,20.0,60.0,30.0,0.6,0.3,0.6,-13.2669,True,fuzzy_logic_dynamic_snr,0.7634,0.1814
134,v3,v11,20.0,60.0,10.0,0.6,0.3,0.2,-10.8587,True,fuzzy_logic_dynamic_snr,0.8962,0.2352
134,v3,v19,20.0,90.0,30.0,0.6,0.45,0.6,-16.0844,True,fuzzy_logic_dynamic_snr,0.6587,0.1283
134,v4,v7,40.0,10.44,20.0,1.0,0.0522,0.4,19.8836,False,fuzzy_logic_dynamic_snr,19.8702,0.9971
134,v4,v11,40.0,10.44,0.0,1.0,0.0522,0.0,23.7006,False,fuzzy_logic_dynamic_snr,23.6764,0.998
134,v4,v15,40.0,10.44,20.0,1.0,0.0522,0.4,19.8836,False,fuzzy_logic_dynamic_snr,19.8545,0.9971
134,v4,v3,40.0,50.09,10.0,1.0,0.2504,0.2,10.3958,False,fuzzy_logic_dynamic_snr,10.3673,0.9932
134,v4,v19,40.0,140.03,20.0,1.0,0.7002,0.4,1.8434,True,fuzzy_logic_dynamic_snr,2.4445,0.8566
135,v1,v13,40.0,50.0,10.0,1.0,0.25,0.2,10.4082,False,fuzzy_logic_dynamic_snr,10.3862,0.9922
135,v1,v5,40.0,90.0,10.0,1.0,0.45,0.2,6.3239,False,fuzzy_logic_dynamic_snr,6.2912,0.9873
135,v1,v6,40.0,140.03,30.0,1.0,0.7002,0.6,0.8439,True,fuzzy_logic_dynamic_snr,2.3107,0.792
135,v3,v19,20.0,60.0,10.0,0.6,0.3,0.2,-10.8587,True,fuzzy_logic_dynamic_snr,0.9124,0.2275
135,v3,v4,20.0,60.07,10.0,0.6,0.3004,0.2,-10.8673,True,fuzzy_logic_dynamic_snr,0.9225,0.2418
135,v3,v11,20.0,70.0,10.0,0.6,0.35,0.2,-11.9298,True,fuzzy_logic_dynamic_snr,0.8479,0.2262
135,v3,v15,20.0,70.0,20.0,0.6,0.35,0.4,-13.3385,True,fuzzy_logic_dynamic_snr,0.7454,0.1717
135,v3,v7,20.0,90.0,10.0,0.6,0.45,0.2,-13.6761,True,fuzzy_logic_dynamic_snr,0.7492,0.1699
135,v4,v11,40.0,10.44,0.0,1.0,0.0522,0.0,23.7006,False,fuzzy_logic_dynamic_snr,23.6633,0.9961
135,v4,v15,40.0,10.44,30.0,1.0,0.0522,0.6,18.8841,False,fuzzy_logic_dynamic_snr,18.8682,0.9951
135,v4,v7,40.0,30.15,20.0,1.0,0.1507,0.4,12.5145,False,fuzzy_logic_dynamic_snr,12.4918,0.9951
135,v4,v3,40.0,60.07,10.0,1.0,0.3004,0.2,9.1327,False,fuzzy_logic_dynamic_snr,9.1003,0.9971
135,v4,v19,40.0,120.04,0.0,1.0,0.6002,0.0,6.7309,False,fuzzy_logic_dynamic_snr,6.6986,0.9873
136,v1,v13,40.0,60.0,0.0,1.0,0.3,0.0,11.5496,False,fuzzy_logic_dynamic_snr,11.5261,0.9932
136,v1,v5,40.0,100.0,20.0,1.0,0.5,0.4,4.183,False,fuzzy_logic_dynamic_snr,4.1567,0.9842
136,v1,v6,40.0,170.03,20.0,1.0,0.8501,0.4,0.4948,True,fuzzy_logic_dynamic_snr,2.2844,0.7883
136,v3,v4,20.0,50.09,20.0,0.6,0.2504,0.4,-11.013,True,fuzzy_logic_dynamic_snr,0.9042,0.2336
136,v3,v11,20.0,60.0,0.0,0.6,0.3,0.0,-8.4504,True,fuzzy_logic_dynamic_snr,1.1014,0.3014
136,v3,v19,20.0,70.0,10.0,0.6,0.35,0.2,-11.9298,True,fuzzy_logic_dynamic_snr,0.8514,0.1973
136,v3,v15,20.0,90.0,0.0,0.6,0.45,0.0,-11.2679,True,fuzzy_logic_dynamic_snr,0.8834,0.2338
136,v3,v7,20.0,100.0,30.0,0.6,0.5,0.6,-16.8165,True,fuzzy_logic_dynamic_snr,0.6071,0.1531
136,v4,v11,40.0,10.44,20.0,1.0,0.0522,0.4,19.8836,False,fuzzy_logic_dynamic_snr,19.8543,0.999
136,v4,v15,40.0,40.11,20.0,1.0,0.2006,0.4,10.5306,False,fuzzy_logic_dynamic_snr,10.5058,0.9941
136,v4,v3,40.0,50.09,20.0,1.0,0.2504,0.4,8.987,False,fuzzy_logic_dynamic_snr,8.9633,0.9971
136,v4,v7,40.0,50.09,10.0,1.0,0.2504,0.2,10.3958,False,fuzzy_logic_dynamic_snr,10.3711,0.9922
136,v4,v19,40.0,120.04,10.0,1.0,0.6002,0.2,4.3227,False,fuzzy_logic_dynamic_snr,4.2892,0.9863
137,v1,v13,40.0,60.0,20.0,1.0,0.3,0.4,7.7326,False,fuzzy_logic_dynamic_snr,7.7095,0.9867
137,v1,v5,40.0,120.0,10.0,1.0,0.6,0.2,4.3249,False,fuzzy_logic_dynamic_snr,4.2916,0.9883
137,v1,v6,40.0,190.02,10.0,1.0,0.9501,0.2,1.1308,True,fuzzy_logic_dynamic_snr,2.3522,0.8152
137,v3,v4,20.0,30.15,0.0,0.6,0.1507,0.0,-3.6685,False,fuzzy_logic_dynamic_snr,-3.6896,0.9164
137,v3,v11,20.0,60.0,10.0,0.6,0.3,0.2,-10.8587,True,fuzzy_logic_dynamic_snr,0.9258,0.2568
137,v3,v7,20.0,70.0,20.0,0.6,0.35,0.4,-13.3385,True,fuzzy_logic_dynamic_snr,0.7549,0.1795
137,v3,v19,20.0,80.0,10.0,0.6,0.4,0.2,-12.8577,True,fuzzy_logic_dynamic_snr,0.7793,0.1863
137,v3,v15,20.0,90.0,0.0,0.6,0.45,0.0,-11.2679,True,fuzzy_logic_dynamic_snr,0.8899,0.2004
137,v4,v3,40.0,30.15,0.0,1.0,0.1507,0.0,16.3315,False,fuzzy_logic_dynamic_snr,16.293,0.9941
137,v4,v11,40.0,30.15,10.0,1.0,0.1507,0.2,13.9232,False,fuzzy_logic_dynamic_snr,13.8888,0.9971
137,v4,v7,40.0,40.11,20.0,1.0,0.2006,0.4,10.5306,False,fuzzy_logic_dynamic_snr,10.5042,0.9932
137,v4,v15,40.0,60.07,0.0,1.0,0.3004,0.0,11.5409,False,fuzzy_logic_dynamic_snr,11.516,0.9936
137,v4,v19,40.0,110.04,10.0,1.0,0.5502,0.2,4.9269,False,fuzzy_logic_dynamic_snr,4.8953,0.9906
138,v1,v13,40.0,80.0,40.0,1.0,0.4,0.8,3.9588,True,fuzzy_logic_dynamic_snr,2.6441,0.9049
138,v1,v5,40.0,130.0,40.0,1.0,0.65,0.8,0.5851,True,fuzzy_logic_dynamic_snr,2.2796,0.8084
138,v3,v4,20.0,30.15,0.0,0.6,0.1507,0.0,-3.6685,False,fuzzy_logic_dynamic_snr,-3.699,0.9053
138,v3,v11,20.0,70.0,30.0,0.6,0.35,0.6,-14.338,True,fuzzy_logic_dynamic_snr,0.7167,0.1479
138,v3,v7,20.0,90.0,20.0,0.6,0.45,0.4,-15.0849,True,fuzzy_logic_dynamic_snr,0.688,0.1773
138,v3,v15,20.0,90.0,10.0,0.6,0.45,0.2,-13.6761,True,fuzzy_logic_dynamic_snr,0.7522,0.1908
138,v3,v19,20.0,90.0,10.0,0.6,0.45,0.2,-13.6761,True,fuzzy_logic_dynamic_snr,0.7405,0.1732
138,v4,v3,40.0,30.15,0.0,1.0,0.1507,0.0,16.3315,False,fuzzy_logic_dynamic_snr,16.3029,0.9971
138,v4,v11,40.0,40.11,30.0,1.0,0.2006,0.6,9.5311,False,fuzzy_logic_dynamic_snr,9.4917,0.9883
138,v4,v7,40.0,60.07,20.0,1.0,0.3004,0.4,7.7239,False,fuzzy_logic_dynamic_snr,7.6791,0.9896
138,v4,v15,40.0,60.07,10.0,1.0,0.3004,0.2,9.1327,False,fuzzy_logic_dynamic_snr,9.1144,0.9941
138,v4,v19,40.0,120.04,10.0,1.0,0.6002,0.2,4.3227,False,fuzzy_logic_dynamic_snr,4.2794,0.9912
139,v1,v13,40.0,40.0,30.0,1.0,0.2,0.6,9.5506,False,fuzzy_logic_dynamic_snr,9.5348,0.9941
139,v1,v5,40.0,90.0,20.0,1.0,0.45,0.4,4.9151,False,fuzzy_logic_dynamic_snr,4.9,0.9871
139,v1,v6,40.0,170.03,10.0,1.0,0.8501,0.2,1.9035,True,fuzzy_logic_dynamic_snr,2.4415,0.8545
139,v3,v4,20.0,30.15,10.0,0.6,0.1507,0.2,-6.0768,False,fuzzy_logic_dynamic_snr,-6.1056,0.8258
139,v3,v11,20.0,40.0,20.0,0.6,0.2,0.4,-9.4499,True,fuzzy_logic_dynamic_snr,1.0459,0.275
139,v3,v7,20.0,70.0,10.0,0.6,0.35,0.2,-11.9298,True,fuzzy_logic_dynamic_snr,0.8461,0.1875
139,v3,v15,20.0,80.0,20.0,0.6,0.4,0.4,-14.2664,True,fuzzy_logic_dynamic_snr,0.7083,0.1504
139,v3,v19,20.0,100.0,20.0,0.6,0.5,0.4,-15.817,True,fuzzy_logic_dynamic_snr,0.6482,0.1531
139,v4,v11,40.0,10.44,30.0,1.0,0.0522,0.6,18.8841,False,fuzzy_logic_dynamic_snr,18.8606,1.0
139,v4,v3,40.0,30.15,10.0,1.0,0.1507,0.2,13.9232,False,fuzzy_logic_dynamic_snr,13.8854,0.9932
139,v4,v7,40.0,40.11,20.0,1.0,0.2006,0.4,10.5306,False,fuzzy_logic_dynamic_snr,10.5109,0.9893
139,v4,v15,40.0,50.09,10.0,1.0,0.2504,0.2,10.3958,False,fuzzy_logic_dynamic_snr,10.3749,0.9932
139,v4,v19,40.0,130.03,10.0,1.0,0.6502,0.2,3.7668,False,fuzzy_logic_dynamic_snr,3.7463,0.9883
140,v1,v13,40.0,70.0,40.0,1.0,0.35,0.8,4.8867,True,fuzzy_logic_dynamic_snr,2.6988,0.9332
140,v1,v5,40.0,110.0,20.0,1.0,0.55,0.4,3.5207,False,fuzzy_logic_dynamic_snr,3.4868,0.9838
140,v1,v6,40.0,160.03,0.0,1.0,0.8001,0.0,4.7329,True,fuzzy_logic_dynamic_snr,2.6901,0.926
140,v3,v4,20.0,20.22,10.0,0.6,0.1011,0.2,-3.302,False,fuzzy_logic_dynamic_snr,-3.3393,0.9068
140,v3,v11,20.0,60.0,40.0,0.6,0.3,0.8,-14.0422,True,fuzzy_logic_dynamic_snr,0.7078,0.1693
140,v3,v15,20.0,60.0,10.0,0.6,0.3,0.2,-10.8587,True,fuzzy_logic_dynamic_snr,0.9029,0.2363
140,v3,v7,20.0,80.0,0.0,0.6,0.4,0.0,-10.4494,True,fuzzy_logic_dynamic_snr,0.9496,0.234
140,v3,v19,20.0,120.0,20.0,0.6,0.6,0.4,-17.0839,True,fuzzy_logic_dynamic_snr,0.5896,0.1395
140,v4,v3,40.0,20.22,10.0,1.0,0.1011,0.2,16.698,False,fuzzy_logic_dynamic_snr,16.6706,0.9961
140,v4,v11,40.0,40.11,30.0,1.0,0.2006,0.6,9.5311,False,fuzzy_logic_dynamic_snr,9.5106,0.9971
140,v4,v15,40.0,40.11,0.0,1.0,0.2006,0.0,14.3476,False,fuzzy_logic_dynamic_snr,14.3303,0.9951
140,v4,v7,40.0,60.07,10.0,1.0,0.3004,0.2,9.1327,False,fuzzy_logic_dynamic_snr,9.0878,0.9912
140,v4,v19,40.0,140.03,10.0,1.0,0.7002,0.2,3.2521,False,fuzzy_logic_dynamic_snr,3.2297,0.9799
141,v1,v13,40.0,30.0,20.0,1.0,0.15,0.4,12.5491,False,fuzzy_logic_dynamic_snr,12.5106,0.9922
141,v1,v5,40.0,90.0,10.0,1.0,0.45,0.2,6.3239,False,fuzzy_logic_dynamic_snr,6.2916,0.9844
141,v1,v6,40.0,160.03,20.0,1.0,0.8001,0.4,0.9159,True,fuzzy_logic_dynamic_snr,2.3344,0.8029
141,v3,v4,20.0,10.44,10.0,0.6,0.0522,0.2,1.2923,False,fuzzy_logic_dynamic_snr,1.2762,0.9734
141,v3,v11,20.0,20.0,30.0,0.6,0.1,0.6,-5.633,True,fuzzy_logic_dynamic_snr,1.4405,0.4043
141,v3,v15,20.0,50.0,20.0,0.6,0.25,0.4,-11.0005,True,fuzzy_logic_dynamic_snr,0.8874,0.2252
141,v3,v7,20.0,80.0,40.0,0.6,0.4,0.8,-16.0412,True,fuzzy_logic_dynamic_snr,0.6465,0.1586
141,v3,v19,20.0,140.0,20.0,0.6,0.7,0.4,-18.155,True,fuzzy_logic_dynamic_snr,0.567,0.1281
141,v4,v3,40.0,10.44,10.0,1.0,0.0522,0.2,21.2923,False,fuzzy_logic_dynamic_snr,21.2642,0.9971
141,v4,v11,40.0,10.44,20.0,1.0,0.0522,0.4,19.8836,False,fuzzy_logic_dynamic_snr,19.8652,0.9961
141,v4,v15,40.0,40.11,10.0,1.0,0.2006,0.2,11.9393,False,fuzzy_logic_dynamic_snr,11.9021,0.9941
141,v4,v7,40.0,70.06,30.0,1.0,0.3503,0.6,5.6556,False,fuzzy_logic_dynamic_snr,5.637,0.9867
141,v4,v19,40.0,150.03,10.0,1.0,0.7501,0.2,2.7729,False,fuzzy_logic_dynamic_snr,2.7512,0.9838
142,v1,v13,40.0,10.0,0.0,1.0,0.05,0.0,24.0,False,fuzzy_logic_dynamic_snr,23.9677,0.998
142,v1,v5,40.0,100.0,10.0,1.0,0.5,0.2,5.5918,False,fuzzy_logic_dynamic_snr,5.5593,0.9873
142,v1,v6,40.0,180.02,30.0,1.0,0.9001,0.6,-0.9018,True,fuzzy_logic_dynamic_snr,2.0857,0.6828
142,v3,v4,20.0,3.0,0.0,0.6,0.015,0.0,12.3661,False,fuzzy_logic_dynamic_snr,12.3485,0.998
142,v3,v11,20.0,10.0,20.0,0.6,0.05,0.4,0.183,True,fuzzy_logic_dynamic_snr,2.225,0.7604
142,v3,v15,20.0,30.0,10.0,0.6,0.15,0.2,-6.0422,False,fuzzy_logic_dynamic_snr,-6.0692,0.8184
142,v3,v7,20.0,40.0,10.0,0.6,0.2,0.2,-8.0412,False,fuzzy_logic_dynamic_snr,-8.0776,0.7258
142,v3,v8,20.0,150.03,10.0,0.6,0.7501,0.2,-17.2271,True,fuzzy_logic_dynamic_snr,0.6123,0.1562
142,v4,v3,40.0,3.0,0.0,1.0,0.015,0.0,32.3661,False,fuzzy_logic_dynamic_snr,32.3478,0.999
142,v4,v11,40.0,10.44,20.0,1.0,0.0522,0.4,19.8836,False,fuzzy_logic_dynamic_snr,19.8625,0.9971
142,v4,v15,40.0,30.15,10.0,1.0,0.1507,0.2,13.9232,False,fuzzy_logic_dynamic_snr,13.8933,0.9941
142,v4,v7,40.0,40.11,10.0,1.0,0.2006,0.2,11.9393,False,fuzzy_logic_dynamic_snr,11.9241,0.9941
142,v4,v8,40.0,150.0,10.0,1.0,0.75,0.2,2.7743,False,fuzzy_logic_dynamic_snr,2.7485,0.9877
143,v1,v13,40.0,10.0,0.0,1.0,0.05,0.0,24.0,False,fuzzy_logic_dynamic_snr,23.9812,0.999
143,v1,v5,40.0,110.0,30.0,1.0,0.55,0.6,2.5212,True,fuzzy_logic_dynamic_snr,2.509,0.8803
143,v3,v4,20.0,3.0,40.0,0.6,0.015,0.8,6.7743,True,fuzzy_logic_dynamic_snr,2.7955,0.9549
143,v3,v11,20.0,10.0,40.0,0.6,0.05,0.8,-1.5918,True,fuzzy_logic_dynamic_snr,1.9727,0.6678
143,v3,v15,20.0,20.0,40.0,0.6,0.1,0.8,-6.4082,True,fuzzy_logic_dynamic_snr,1.337,0.3807
143,v3,v7,20.0,30.0,0.0,0.6,0.15,0.0,-3.6339,False,fuzzy_logic_dynamic_snr,-3.6635,0.9133
143,v3,v19,20.0,140.0,30.0,0.6,0.7,0.6,-19.1545,True,fuzzy_logic_dynamic_snr,0.5604,0.1412
143,v4,v3,40.0,3.0,40.0,1.0,0.015,0.8,26.7743,True,fuzzy_logic_dynamic_snr,2.9673,0.9572
143,v4,v11,40.0,10.44,0.0,1.0,0.0522,0.0,23.7006,False,fuzzy_logic_dynamic_snr,23.6734,0.9971
143,v4,v15,40.0,20.22,0.0,1.0,0.1011,0.0,19.1062,False,fuzzy_logic_dynamic_snr,19.0804,0.998
143,v4,v7,40.0,30.15,40.0,1.0,0.1507,0.8,10.7397,True,fuzzy_logic_dynamic_snr,2.9015,0.9584
143,v4,v19,40.0,140.03,10.0,1.0,0.7002,0.2,3.2521,False,fuzzy_logic_dynamic_snr,3.2262,0.9809
144,v1,v13,40.0,10.0,0.0,1.0,0.05,0.0,24.0,False,fuzzy_logic_dynamic_snr,23.973,0.998
144,v1,v5,40.0,140.0,0.0,1.0,0.7,0.0,5.662,False,fuzzy_logic_dynamic_snr,5.6383,0.9922
144,v3,v15,20.0,20.0,40.0,0.6,0.1,0.8,-6.4082,True,fuzzy_logic_dynamic_snr,1.3501,0.3836
144,v3,v7,20.0,30.0,10.0,0.6,0.15,0.2,-6.0422,False,fuzzy_logic_dynamic_snr,-6.0821,0.8066
144,v3,v11,20.0,30.0,20.0,0.6,0.15,0.4,-7.4509,True,fuzzy_logic_dynamic_snr,1.1777,0.3174
144,v3,v4,20.0,40.11,20.0,0.6,0.2006,0.4,-9.4694,True,fuzzy_logic_dynamic_snr,1.0247,0.2611
144,v3,v19,20.0,170.0,30.0,0.6,0.85,0.6,-20.5037,True,fuzzy_logic_dynamic_snr,0.538,0.1314
144,v4,v11,40.0,10.44,0.0,1.0,0.0522,0.0,23.7006,False,fuzzy_logic_dynamic_snr,23.6863,0.998
144,v4,v15,40.0,20.22,20.0,1.0,0.1011,0.4,15.2892,False,fuzzy_logic_dynamic_snr,15.2646,0.998
144,v4,v3,40.0,40.11,20.0,1.0,0.2006,0.4,10.5306,False,fuzzy_logic_dynamic_snr,10.5149,0.9922
144,v4,v7,40.0,70.06,10.0,1.0,0.3503,0.2,8.0638,False,fuzzy_logic_dynamic_snr,8.036,0.9941
144,v4,v8,40.0,130.0,20.0,1.0,0.65,0.4,2.3599,True,fuzzy_logic_dynamic_snr,2.4961,0.8707
145,v1,v13,40.0,10.0,20.0,1.0,0.05,0.4,20.183,False,fuzzy_logic_dynamic_snr,20.1423,0.998
145,v1,v5,40.0,140.0,40.0,1.0,0.7,0.8,0.0702,True,fuzzy_logic_dynamic_snr,2.2205,0.7652
145,v3,v11,20.0,10.0,10.0,0.6,0.05,0.2,1.5918,False,fuzzy_logic_dynamic_snr,1.5639,0.9779
145,v3,v15,20.0,20.0,10.0,0.6,0.1,0.2,-3.2247,False,fuzzy_logic_dynamic_snr,-3.253,0.9133
145,v3,v4,20.0,20.22,0.0,0.6,0.1011,0.0,-0.8938,False,fuzzy_logic_dynamic_snr,-0.9186,0.9574
145,v3,v7,20.0,40.0,20.0,0.6,0.2,0.4,-9.4499,True,fuzzy_logic_dynamic_snr,1.0062,0.2332
145,v3,v8,20.0,130.03,40.0,0.6,0.6502,0.8,-19.4167,True,fuzzy_logic_dynamic_snr,0.5439,0.1303
145,v4,v11,40.0,10.44,10.0,1.0,0.0522,0.2,21.2923,False,fuzzy_logic_dynamic_snr,21.2683,0.9971
145,v4,v3,40.0,20.22,0.0,1.0,0.1011,0.0,19.1062,False,fuzzy_logic_dynamic_snr,19.0709,0.9971
145,v4,v15,40.0,40.11,10.0,1.0,0.2006,0.2,11.9393,False,fuzzy_logic_dynamic_snr,11.9077,0.9971
145,v4,v7,40.0,60.07,20.0,1.0,0.3004,0.4,7.7239,False,fuzzy_logic_dynamic_snr,7.7045,0.9893
145,v4,v8,40.0,110.0,40.0,1.0,0.55,0.8,1.746,True,fuzzy_logic_dynamic_snr,2.4202,0.8568
146,v1,v13,40.0,10.0,40.0,1.0,0.05,0.8,18.4082,True,fuzzy_logic_dynamic_snr,2.9581,0.9621
146,v1,v5,40.0,100.0,40.0,1.0,0.5,0.8,2.4082,True,fuzzy_logic_dynamic_snr,2.4893,0.8754
146,v1,v6,40.0,180.02,20.0,1.0,0.9001,0.4,0.0977,True,fuzzy_logic_dynamic_snr,2.2254,0.7783
146,v3,v15,20.0,10.0,10.0,0.6,0.05,0.2,1.5918,False,fuzzy_logic_dynamic_snr,1.5681,0.976
146,v3,v7,20.0,20.0,0.0,0.6,0.1,0.0,-0.8165,False,fuzzy_logic_dynamic_snr,-0.8417,0.9711
146,v3,v11,20.0,20.0,10.0,0.6,0.1,0.2,-3.2247,False,fuzzy_logic_dynamic_snr,-3.2559,0.917
146,v3,v4,20.0,20.22,10.0,0.6,0.1011,0.2,-3.302,False,fuzzy_logic_dynamic_snr,-3.3357,0.933
146,v3,v19,20.0,150.0,10.0,0.6,0.75,0.2,-17.2257,True,fuzzy_logic_dynamic_snr,0.6065,0.1406
146,v4,v11,40.0,3.0,20.0,1.0,0.015,0.4,28.5491,False,fuzzy_logic_dynamic_snr,28.516,0.998
146,v4,v3,40.0,20.22,10.0,1.0,0.1011,0.2,16.698,False,fuzzy_logic_dynamic_snr,16.6566,0.9971
146,v4,v15,40.0,30.15,0.0,1.0,0.1507,0.0,16.3315,False,fuzzy_logic_dynamic_snr,16.3013,0.998
146,v4,v7,40.0,40.11,10.0,1.0,0.2006,0.2,11.9393,False,fuzzy_logic_dynamic_snr,11.9086,0.9951
146,v4,v19,40.0,130.03,20.0,1.0,0.6502,0.4,2.3581,True,fuzzy_logic_dynamic_snr,2.4954,0.8813
147,v1,v13,40.0,30.0,10.0,1.0,0.15,0.2,13.9578,False,fuzzy_logic_dynamic_snr,13.9249,0.9961
147,v1,v5,40.0,140.0,20.0,1.0,0.7,0.4,1.845,True,fuzzy_logic_dynamic_snr,2.4358,0.8635
147,v3,v15,20.0,0.0,10.0,0.6,0.0,0.2,33.5918,False,fuzzy_logic_dynamic_snr,33.5641,0.999
147,v3,v11,20.0,10.0,10.0,0.6,0.05,0.2,1.5918,False,fuzzy_logic_dynamic_snr,1.5602,0.9775
147,v3,v7,20.0,20.0,30.0,0.6,0.1,0.6,-5.633,True,fuzzy_logic_dynamic_snr,1.4137,0.4035
147,v3,v4,20.0,30.15,20.0,0.6,0.1507,0.4,-7.4855,True,fuzzy_logic_dynamic_snr,1.2085,0.3234
147,v3,v19,20.0,140.0,20.0,0.6,0.7,0.4,-18.155,True,fuzzy_logic_dynamic_snr,0.5867,0.124
147,v4,v11,40.0,20.22,30.0,1.0,0.1011,0.6,14.2897,False,fuzzy_logic_dynamic_snr,14.2635,0.9961
147,v4,v3,40.0,30.15,20.0,1.0,0.1507,0.4,12.5145,False,fuzzy_logic_dynamic_snr,12.5038,0.9951
147,v4,v15,40.0,30.15,30.0,1.0,0.1507,0.6,11.515,False,fuzzy_logic_dynamic_snr,11.4834,0.9951
147,v4,v7,40.0,50.09,10.0,1.0,0.2504,0.2,10.3958,False,fuzzy_logic_dynamic_snr,10.3647,0.9951
147,v4,v19,40.0,110.04,0.0,1.0,0.5502,0.0,7.3351,False,fuzzy_logic_dynamic_snr,7.2962,0.9922
148,v1,v13,40.0,20.0,0.0,1.0,0.1,0.0,19.1835,False,fuzzy_logic_dynamic_snr,19.1697,0.9961
148,v1,v5,40.0,120.0,20.0,1.0,0.6,0.4,2.9161,False,fuzzy_logic_dynamic_snr,2.8991,0.9857
148,v1,v6,40.0,170.03,10.0,1.0,0.8501,0.2,1.9035,True,fuzzy_logic_dynamic_snr,2.4438,0.8566
148,v3,v15,20.0,10.0,10.0,0.6,0.05,0.2,1.5918,False,fuzzy_logic_dynamic_snr,1.5717,0.975
148,v3,v4,20.0,10.44,30.0,0.6,0.0522,0.6,-1.1159,True,fuzzy_logic_dynamic_snr,2.0715,0.717
148,v3,v11,20.0,20.0,20.0,0.6,0.1,0.4,-4.6334,True,fuzzy_logic_dynamic_snr,1.5327,0.4738
148,v3,v7,20.0,50.0,10.0,0.6,0.25,0.2,-9.5918,False,fuzzy_logic_dynamic_snr,-9.6264,0.617
148,v3,v19,20.0,120.0,20.0,0.6,0.6,0.4,-17.0839,True,fuzzy_logic_dynamic_snr,0.6035,0.1324
148,v4,v15,40.0,3.0,20.0,1.0,0.015,0.4,28.5491,False,fuzzy_logic_dynamic_snr,28.5187,0.998
148,v4,v3,40.0,10.44,30.0,1.0,0.0522,0.6,18.8841,False,fuzzy_logic_dynamic_snr,18.86,0.9941
148,v4,v11,40.0,10.44,10.0,1.0,0.0522,0.2,21.2923,False,fuzzy_logic_dynamic_snr,21.2784,0.9961
148,v4,v7,40.0,60.07,40.0,1.0,0.3004,0.8,5.9491,True,fuzzy_logic_dynamic_snr,2.7542,0.9322
148,v4,v8,40.0,110.0,40.0,1.0,0.55,0.8,1.746,True,fuzzy_logic_dynamic_snr,2.4145,0.8311
149,v1,v13,40.0,20.0,10.0,1.0,0.1,0.2,16.7753,False,fuzzy_logic_dynamic_snr,16.7412,0.9971
149,v1,v5,40.0,100.0,20.0,1.0,0.5,0.4,4.183,False,fuzzy_logic_dynamic_snr,4.1506,0.9863
149,v1,v6,40.0,180.02,0.0,1.0,0.9001,0.0,3.9147,True,fuzzy_logic_dynamic_snr,2.6321,0.9158
149,v3,v15,20.0,20.0,10.0,0.6,0.1,0.2,-3.2247,False,fuzzy_logic_dynamic_snr,-3.2269,0.9059
149,v3,v11,20.0,40.0,20.0,0.6,0.2,0.4,-9.4499,True,fuzzy_logic_dynamic_snr,1.0347,0.2686
149,v3,v4,20.0,40.11,10.0,0.6,0.2006,0.2,-8.0607,False,fuzzy_logic_dynamic_snr,-8.0818,0.7162
149,v3,v7,20.0,60.0,0.0,0.6,0.3,0.0,-8.4504,True,fuzzy_logic_dynamic_snr,1.1176,0.3057
149,v3,v8,20.0,110.04,10.0,0.6,0.5502,0.2,-15.0731,True,fuzzy_logic_dynamic_snr,0.7001,0.1545
149,v4,v11,40.0,3.0,10.0,1.0,0.015,0.2,29.9578,False,fuzzy_logic_dynamic_snr,29.9372,0.998
149,v4,v15,40.0,20.22,20.0,1.0,0.1011,0.4,15.2892,False,fuzzy_logic_dynamic_snr,15.2654,0.9971
149,v4,v3,40.0,40.11,10.0,1.0,0.2006,0.2,11.9393,False,fuzzy_logic_dynamic_snr,11.9159,0.9961
149,v4,v8,40.0,70.0,20.0,1.0,0.35,0.4,6.6615,False,fuzzy_logic_dynamic_snr,6.639,0.9883
149,v4,v7,40.0,100.04,10.0,1.0,0.5002,0.2,5.5886,False,fuzzy_logic_dynamic_snr,5.5545,0.9828
150,v1,v13,40.0,10.0,10.0,1.0,0.05,0.2,21.5918,False,fuzzy_logic_dynamic_snr,21.5677,0.998
150,v1,v5,40.0,120.0,0.0,1.0,0.6,0.0,6.7331,False,fuzzy_logic_dynamic_snr,6.6944,0.9912
150,v1,v6,40.0,180.02,10.0,1.0,0.9001,0.2,1.5064,True,fuzzy_logic_dynamic_snr,2.4058,0.8531
150,v3,v11,20.0,20.0,20.0,0.6,0.1,0.4,-4.6334,True,fuzzy_logic_dynamic_snr,1.5454,0.4734
150,v3,v15,20.0,30.0,0.0,0.6,0.15,0.0,-3.6339,False,fuzzy_logic_dynamic_snr,-3.6665,0.9275
150,v3,v4,20.0,30.15,10.0,0.6,0.1507,0.2,-6.0768,False,fuzzy_logic_dynamic_snr,-6.0986,0.8264
150,v3,v7,20.0,60.0,20.0,0.6,0.3,0.4,-12.2674,True,fuzzy_logic_dynamic_snr,0.8149,0.1984
150,v3,v8,20.0,120.04,10.0,0.6,0.6002,0.2,-15.6773,True,fuzzy_logic_dynamic_snr,0.6657,0.1535
150,v4,v15,40.0,3.0,10.0,1.0,0.015,0.2,29.9578,False,fuzzy_logic_dynamic_snr,29.9246,0.999
150,v4,v11,40.0,10.44,10.0,1.0,0.0522,0.2,21.2923,False,fuzzy_logic_dynamic_snr,21.2584,0.998
150,v4,v3,40.0,30.15,10.0,1.0,0.1507,0.2,13.9232,False,fuzzy_logic_dynamic_snr,13.8881,0.9961
150,v4,v8,40.0,90.0,0.0,1.0,0.45,0.0,8.7321,False,fuzzy_logic_dynamic_snr,8.7017,0.9867
150,v4,v7,40.0,90.05,10.0,1.0,0.4502,0.2,6.32,False,fuzzy_logic_dynamic_snr,6.2901,0.9941
151,v1,v13,40.0,20.0,20.0,1.0,0.1,0.4,15.3666,False,fuzzy_logic_dynamic_snr,15.3233,0.9951
151,v1,v5,40.0,120.0,0.0,1.0,0.6,0.0,6.7331,False,fuzzy_logic_dynamic_snr,6.7101,0.9883
151,v1,v6,40.0,170.03,20.0,1.0,0.8501,0.4,0.4948,True,fuzzy_logic_dynamic_snr,2.2815,0.7918
151,v3,v15,20.0,30.0,10.0,0.6,0.15,0.2,-6.0422,False,fuzzy_logic_dynamic_snr,-6.0563,0.8234
151,v3,v7,20.0,40.0,20.0,0.6,0.2,0.4,-9.4499,True,fuzzy_logic_dynamic_snr,1.0023,0.2633
151,v3,v11,20.0,40.0,10.0,0.6,0.2,0.2,-8.0412,False,fuzzy_logic_dynamic_snr,-8.079,0.7236
151,v3,v4,20.0,40.11,10.0,0.6,0.2006,0.2,-8.0607,False,fuzzy_logic_dynamic_snr,-8.0871,0.7299
151,v3,v19,20.0,130.0,10.0,0.6,0.65,0.2,-16.2313,True,fuzzy_logic_dynamic_snr,0.6433,0.1566
151,v4,v11,40.0,3.0,20.0,1.0,0.015,0.4,28.5491,False,fuzzy_logic_dynamic_snr,28.5385,0.998
151,v4,v15,40.0,10.44,20.0,1.0,0.0522,0.4,19.8836,False,fuzzy_logic_dynamic_snr,19.8542,0.9961
151,v4,v3,40.0,40.11,10.0,1.0,0.2006,0.2,11.9393,False,fuzzy_logic_dynamic_snr,11.9096,0.9961
151,v4,v7,40.0,80.06,10.0,1.0,0.4003,0.2,7.1374,False,fuzzy_logic_dynamic_snr,7.1232,0.9941
151,v4,v8,40.0,90.0,20.0,1.0,0.45,0.4,4.9151,False,fuzzy_logic_dynamic_snr,4.8917,0.9902
152,v1,v13,40.0,40.0,20.0,1.0,0.2,0.4,10.5501,False,fuzzy_logic_dynamic_snr,10.5208,0.9961
152,v1,v5,40.0,120.0,0.0,1.0,0.6,0.0,6.7331,False,fuzzy_logic_dynamic_snr,6.7033,0.9896
152,v1,v6,40.0,190.02,20.0,1.0,0.9501,0.4,-0.2779,True,fuzzy_logic_dynamic_snr,2.1769,0.7348
152,v3,v4,20.0,30.15,10.0,0.6,0.1507,0.2,-6.0768,False,fuzzy_logic_dynamic_snr,-6.1161,0.8115
152,v3,v15,20.0,40.0,30.0,0.6,0.2,0.6,-10.4494,True,fuzzy_logic_dynamic_snr,0.9257,0.2098
152,v3,v11,20.0,50.0,20.0,0.6,0.25,0.4,-11.0005,True,fuzzy_logic_dynamic_snr,0.9052,0.2389
152,v3,v7,20.0,60.0,20.0,0.6,0.3,0.4,-12.2674,True,fuzzy_logic_dynamic_snr,0.8233,0.216
152,v3,v19,20.0,120.0,10.0,0.6,0.6,0.2,-15.6751,True,fuzzy_logic_dynamic_snr,0.6569,0.1559
152,v4,v15,40.0,10.44,20.0,1.0,0.0522,0.4,19.8836,False,fuzzy_logic_dynamic_snr,19.853,0.9961
152,v4,v11,40.0,20.22,10.0,1.0,0.1011,0.2,16.698,False,fuzzy_logic_dynamic_snr,16.6733,0.9961
152,v4,v3,40.0,30.15,10.0,1.0,0.1507,0.2,13.9232,False,fuzzy_logic_dynamic_snr,13.8982,0.9932
152,v4,v7,40.0,90.05,10.0,1.0,0.4502,0.2,6.32,False,fuzzy_logic_dynamic_snr,6.2881,0.9877
152,v4,v19,40.0,90.05,0.0,1.0,0.4502,0.0,8.7283,False,fuzzy_logic_dynamic_snr,8.7046,0.9912
153,v1,v13,40.0,20.0,40.0,1.0,0.1,0.8,13.5918,True,fuzzy_logic_dynamic_snr,2.9358,0.9598
153,v1,v5,40.0,120.0,20.0,1.0,0.6,0.4,2.9161,False,fuzzy_logic_dynamic_snr,2.8876,0.9828
153,v1,v6,40.0,170.03,30.0,1.0,0.8501,0.6,-0.5047,True,fuzzy_logic_dynamic_snr,2.1361,0.727
153,v3,v15,20.0,10.0,0.0,0.6,0.05,0.0,4.0,False,fuzzy_logic_dynamic_snr,3.965,0.9828
153,v3,v4,20.0,20.22,10.0,0.6,0.1011,0.2,-3.302,False,fuzzy_logic_dynamic_snr,-3.3309,0.9248
153,v3,v11,20.0,30.0,20.0,0.6,0.15,0.4,-7.4509,True,fuzzy_logic_dynamic_snr,1.2157,0.3217
153,v3,v7,20.0,80.0,40.0,0.6,0.4,0.8,-16.0412,True,fuzzy_logic_dynamic_snr,0.6432,0.1463
153,v3,v19,20.0,110.0,40.0,0.6,0.55,0.8,-18.254,True,fuzzy_logic_dynamic_snr,0.5798,0.1316
153,v4,v11,40.0,10.44,10.0,1.0,0.0522,0.2,21.2923,False,fuzzy_logic_dynamic_snr,21.2573,0.9961
153,v4,v15,40.0,10.44,10.0,1.0,0.0522,0.2,21.2923,False,fuzzy_logic_dynamic_snr,21.2631,0.999
153,v4,v3,40.0,20.22,10.0,1.0,0.1011,0.2,16.698,False,fuzzy_logic_dynamic_snr,16.6641,0.9971
153,v4,v19,40.0,90.05,30.0,1.0,0.4502,0.6,3.9118,True,fuzzy_logic_dynamic_snr,2.6289,0.91
153,v4,v7,40.0,100.04,30.0,1.0,0.5002,0.6,3.1804,True,fuzzy_logic_dynamic_snr,2.5706,0.8971
154,v1,v13,40.0,60.0,10.0,1.0,0.3,0.2,9.1413,False,fuzzy_logic_dynamic_snr,9.1179,0.9932
154,v1,v5,40.0,140.0,20.0,1.0,0.7,0.4,1.845,True,fuzzy_logic_dynamic_snr,2.4335,0.859
154,v3,v11,20.0,10.0,10.0,0.6,0.05,0.2,1.5918,False,fuzzy_logic_dynamic_snr,1.5634,0.977
154,v3,v15,20.0,10.0,10.0,0.6,0.05,0.2,1.5918,False,fuzzy_logic_dynamic_snr,1.5722,0.9779
154,v3,v4,20.0,10.44,20.0,0.6,0.0522,0.4,-0.1164,True,fuzzy_logic_dynamic_snr,2.1948,0.7592
154,v3,v19,20.0,70.0,0.0,0.6,0.35,0.0,-9.5216,True,fuzzy_logic_dynamic_snr,1.0106,0.2537
154,v3,v7,20.0,120.0,20.0,0.6,0.6,0.4,-17.0839,True,fuzzy_logic_dynamic_snr,0.6174,0.1412
154,v4,v11,40.0,3.0,10.0,1.0,0.015,0.2,29.9578,False,fuzzy_logic_dynamic_snr,29.9195,0.999
154,v4,v15,40.0,3.0,10.0,1.0,0.015,0.2,29.9578,False,fuzzy_logic_dynamic_snr,29.9321,0.998
154,v4,v3,40.0,10.44,20.0,1.0,0.0522,0.4,19.8836,False,fuzzy_logic_dynamic_snr,19.8401,0.998
154,v4,v19,40.0,60.07,20.0,1.0,0.3004,0.4,7.7239,False,fuzzy_logic_dynamic_snr,7.6894,0.9926
154,v4,v7,40.0,130.03,0.0,1.0,0.6502,0.0,6.1751,False,fuzzy_logic_dynamic_snr,6.1449,0.9893
155,v1,v13,40.0,70.0,20.0,1.0,0.35,0.4,6.6615,False,fuzzy_logic_dynamic_snr,6.6225,0.9902
155,v1,v5,40.0,160.0,20.0,1.0,0.8,0.4,0.9171,True,fuzzy_logic_dynamic_snr,2.319,0.8139
155,v3,v11,20.0,0.0,0.0,0.6,0.0,0.0,36.0,False,fuzzy_logic_dynamic_snr,35.9728,0.999
155,v3,v15,20.0,0.0,30.0,0.6,0.0,0.6,31.1835,True,fuzzy_logic_dynamic_snr,2.9686,0.9592
155,v3,v4,20.0,10.44,20.0,0.6,0.0522,0.4,-0.1164,True,fuzzy_logic_dynamic_snr,2.1886,0.7604
155,v3,v19,20.0,70.0,30.0,0.6,0.35,0.6,-14.338,True,fuzzy_logic_dynamic_snr,0.7267,0.1945
155,v3,v8,20.0,120.04,0.0,0.6,0.6002,0.0,-13.2691,True,fuzzy_logic_dynamic_snr,0.7639,0.1863
155,v4,v3,40.0,10.44,20.0,1.0,0.0522,0.4,19.8836,False,fuzzy_logic_dynamic_snr,19.8549,0.9961
155,v4,v11,40.0,10.44,20.0,1.0,0.0522,0.4,19.8836,False,fuzzy_logic_dynamic_snr,19.8602,0.999
155,v4,v15,40.0,10.44,10.0,1.0,0.0522,0.2,21.2923,False,fuzzy_logic_dynamic_snr,21.2684,0.999
155,v4,v19,40.0,80.06,10.0,1.0,0.4003,0.2,7.1374,False,fuzzy_logic_dynamic_snr,7.1119,0.9896
155,v4,v8,40.0,130.0,20.0,1.0,0.65,0.4,2.3599,True,fuzzy_logic_dynamic_snr,2.4784,0.8713
156,v1,v13,40.0,90.0,0.0,1.0,0.45,0.0,8.7321,False,fuzzy_logic_dynamic_snr,8.7092,0.9902
156,v1,v5,40.0,140.0,0.0,1.0,0.7,0.0,5.662,False,fuzzy_logic_dynamic_snr,5.6164,0.9912
156,v3,v11,20.0,0.0,20.0,0.6,0.0,0.4,32.183,True,fuzzy_logic_dynamic_snr,2.9684,0.9592
156,v3,v4,20.0,10.44,30.0,0.6,0.0522,0.6,-1.1159,True,fuzzy_logic_dynamic_snr,2.055,0.7004
156,v3,v15,20.0,30.0,20.0,0.6,0.15,0.4,-7.4509,True,fuzzy_logic_dynamic_snr,1.2237,0.3445
156,v3,v19,20.0,100.0,20.0,0.6,0.5,0.4,-15.817,True,fuzzy_logic_dynamic_snr,0.6084,0.1479
156,v3,v8,20.0,120.04,20.0,0.6,0.6002,0.4,-17.086,True,fuzzy_logic_dynamic_snr,0.5932,0.1352
156,v4,v3,40.0,10.44,30.0,1.0,0.0522,0.6,18.8841,False,fuzzy_logic_dynamic_snr,18.8561,0.999
156,v4,v11,40.0,10.44,10.0,1.0,0.0522,0.2,21.2923,False,fuzzy_logic_dynamic_snr,21.2586,0.9971
156,v4,v15,40.0,20.22,10.0,1.0,0.1011,0.2,16.698,False,fuzzy_logic_dynamic_snr,16.6874,0.9971
156,v4,v19,40.0,90.05,10.0,1.0,0.4502,0.2,6.32,False,fuzzy_logic_dynamic_snr,6.2958,0.9863
156,v4,v8,40.0,110.0,10.0,1.0,0.55,0.2,4.9295,False,fuzzy_logic_dynamic_snr,4.9021,0.9854
157,v1,v13,40.0,90.0,10.0,1.0,0.45,0.2,6.3239,False,fuzzy_logic_dynamic_snr,6.3021,0.9922
157,v1,v5,40.0,140.0,20.0,1.0,0.7,0.4,1.845,True,fuzzy_logic_dynamic_snr,2.4318,0.8379
157,v1,v6,40.0,190.02,20.0,1.0,0.9501,0.4,-0.2779,True,fuzzy_logic_dynamic_snr,2.1762,0.7455
157,v3,v15,20.0,10.0,20.0,0.6,0.05,0.4,0.183,True,fuzzy_logic_dynamic_snr,2.2269,0.7701
157,v3,v11,20.0,20.0,10.0,0.6,0.1,0.2,-3.2247,False,fuzzy_logic_dynamic_snr,-3.2491,0.9111
157,v3,v4,20.0,20.22,30.0,0.6,0.1011,0.6,-5.7103,True,fuzzy_logic_dynamic_snr,1.4041,0.4291
157,v3,v19,20.0,80.0,0.0,0.6,0.4,0.0,-10.4494,True,fuzzy_logic_dynamic_snr,0.9554,0.241
157,v3,v8,20.0,100.04,30.0,0.6,0.5002,0.6,-16.8196,True,fuzzy_logic_dynamic_snr,0.6219,0.1615
157,v4,v11,40.0,3.0,40.0,1.0,0.015,0.8,26.7743,True,fuzzy_logic_dynamic_snr,2.9681,0.9563
157,v4,v3,40.0,20.22,30.0,1.0,0.1011,0.6,14.2897,False,fuzzy_logic_dynamic_snr,14.2491,0.9971
157,v4,v15,40.0,30.15,10.0,1.0,0.1507,0.2,13.9232,False,fuzzy_logic_dynamic_snr,13.9077,0.9961
157,v4,v19,40.0,100.04,30.0,1.0,0.5002,0.6,3.1804,True,fuzzy_logic_dynamic_snr,2.5658,0.8883
157,v4,v8,40.0,120.0,0.0,1.0,0.6,0.0,6.7331,False,fuzzy_logic_dynamic_snr,6.7007,0.9932
158,v1,v13,40.0,100.0,10.0,1.0,0.5,0.2,5.5918,False,fuzzy_logic_dynamic_snr,5.5708,0.9861
158,v1,v5,40.0,160.0,20.0,1.0,0.8,0.4,0.9171,True,fuzzy_logic_dynamic_snr,2.3191,0.8375
158,v3,v4,20.0,10.44,10.0,0.6,0.0522,0.2,1.2923,False,fuzzy_logic_dynamic_snr,1.2783,0.974
158,v3,v11,20.0,30.0,10.0,0.6,0.15,0.2,-6.0422,False,fuzzy_logic_dynamic_snr,-6.0621,0.8143
158,v3,v15,20.0,30.0,0.0,0.6,0.15,0.0,-3.6339,False,fuzzy_logic_dynamic_snr,-3.6568,0.9049
158,v3,v19,20.0,80.0,20.0,0.6,0.4,0.4,-14.2664,True,fuzzy_logic_dynamic_snr,0.6963,0.1717
158,v3,v8,20.0,130.03,40.0,0.6,0.6502,0.8,-19.4167,True,fuzzy_logic_dynamic_snr,0.5401,0.1365
158,v4,v3,40.0,10.44,10.0,1.0,0.0522,0.2,21.2923,False,fuzzy_logic_dynamic_snr,21.256,0.998
158,v4,v15,40.0,20.22,10.0,1.0,0.1011,0.2,16.698,False,fuzzy_logic_dynamic_snr,16.6595,0.9961
158,v4,v11,40.0,40.11,0.0,1.0,0.2006,0.0,14.3476,False,fuzzy_logic_dynamic_snr,14.3137,0.9971
158,v4,v19,40.0,70.06,10.0,1.0,0.3503,0.2,8.0638,False,fuzzy_logic_dynamic_snr,8.0361,0.9916
158,v4,v8,40.0,120.0,30.0,1.0,0.6,0.6,1.9166,True,fuzzy_logic_dynamic_snr,2.4379,0.8459
159,v1,v13,40.0,110.0,30.0,1.0,0.55,0.6,2.5212,True,fuzzy_logic_dynamic_snr,2.5085,0.8688
159,v1,v5,40.0,140.0,0.0,1.0,0.7,0.0,5.662,False,fuzzy_logic_dynamic_snr,5.637,0.9912
159,v3,v11,20.0,20.0,20.0,0.6,0.1,0.4,-4.6334,True,fuzzy_logic_dynamic_snr,1.5602,0.4547
159,v3,v4,20.0,20.22,20.0,0.6,0.1011,0.4,-4.7108,True,fuzzy_logic_dynamic_snr,1.5248,0.4832
159,v3,v15,20.0,30.0,10.0,0.6,0.15,0.2,-6.0422,False,fuzzy_logic_dynamic_snr,-6.0763,0.8035
159,v3,v19,20.0,100.0,10.0,0.6,0.5,0.2,-14.4082,True,fuzzy_logic_dynamic_snr,0.6996,0.1916
159,v3,v7,20.0,150.0,10.0,0.6,0.75,0.2,-17.2257,True,fuzzy_logic_dynamic_snr,0.5927,0.1313
159,v4,v15,40.0,10.44,30.0,1.0,0.0522,0.6,18.8841,False,fuzzy_logic_dynamic_snr,18.8589,0.9971
159,v4,v3,40.0,20.22,20.0,1.0,0.1011,0.4,15.2892,False,fuzzy_logic_dynamic_snr,15.2575,0.9951
159,v4,v11,40.0,40.11,40.0,1.0,0.2006,0.8,8.7558,True,fuzzy_logic_dynamic_snr,2.8628,0.9494
159,v4,v19,40.0,80.06,10.0,1.0,0.4003,0.2,7.1374,False,fuzzy_logic_dynamic_snr,7.1117,0.9922
159,v4,v8,40.0,150.0,40.0,1.0,0.75,0.8,-0.4092,True,fuzzy_logic_dynamic_snr,2.1653,0.7617
160,v1,v13,40.0,80.0,20.0,1.0,0.4,0.4,5.7336,False,fuzzy_logic_dynamic_snr,5.7106,0.9922
160,v1,v5,40.0,140.0,0.0,1.0,0.7,0.0,5.662,False,fuzzy_logic_dynamic_snr,5.6303,0.9854
160,v1,v6,40.0,190.02,0.0,1.0,0.9501,0.0,3.5391,True,fuzzy_logic_dynamic_snr,2.596,0.9016
160,v3,v15,20.0,20.0,20.0,0.6,0.1,0.4,-4.6334,True,fuzzy_logic_dynamic_snr,1.5551,0.4924
160,v3,v11,20.0,40.0,10.0,0.6,0.2,0.2,-8.0412,False,fuzzy_logic_dynamic_snr,-8.0754,0.7324
160,v3,v4,20.0,40.11,10.0,0.6,0.2006,0.2,-8.0607,False,fuzzy_logic_dynamic_snr,-8.087,0.7258
160,v3,v19,20.0,110.0,0.0,0.6,0.55,0.0,-12.6623,True,fuzzy_logic_dynamic_snr,0.8014,0.1855
160,v3,v7,20.0,140.0,10.0,0.6,0.7,0.2,-16.7463,True,fuzzy_logic_dynamic_snr,0.6378,0.1539
160,v4,v15,40.0,20.22,10.0,1.0,0.1011,0.2,16.698,False,fuzzy_logic_dynamic_snr,16.6756,0.998
160,v4,v3,40.0,40.11,10.0,1.0,0.2006,0.2,11.9393,False,fuzzy_logic_dynamic_snr,11.9072,0.9971
160,v4,v19,40.0,70.06,10.0,1.0,0.3503,0.2,8.0638,False,fuzzy_logic_dynamic_snr,8.0335,0.9941
160,v4,v11,40.0,80.06,0.0,1.0,0.4003,0.0,9.5457,False,fuzzy_logic_dynamic_snr,9.5221,0.9932
160,v4,v8,40.0,110.0,10.0,1.0,0.55,0.2,4.9295,False,fuzzy_logic_dynamic_snr,4.9114,0.9902
10,v1,v2,40.0,20.22,20.0,1.0,0.1011,0.4,15.2892,False,all_dynamic_snr,2.9475,0.9563
10,v1,v5,40.0,110.0,20.0,1.0,0.55,0.4,3.5207,False,all_dynamic_snr,2.5966,0.9047
10,v1,v6,40.0,190.02,10.0,1.0,0.9501,0.2,1.1308,True,all_dynamic_snr,2.363,0.8289
10,v2,v1,20.0,20.22,20.0,0.6,0.1011,0.4,-4.7108,True,all_dynamic_snr,1.5596,0.4701
10,v2,v5,20.0,130.03,40.0,0.6,0.6502,0.8,-19.4167,True,all_dynamic_snr,0.5471,0.1357
10,v3,v4,20.0,50.09,30.0,0.6,0.2504,0.6,-12.0125,True,all_dynamic_snr,0.8458,0.2016
10,v3,v7,20.0,100.0,30.0,0.6,0.5,0.6,-16.8165,True,all_dynamic_snr,0.6224,0.1371
10,v3,v8,20.0,130.03,10.0,0.6,0.6502,0.2,-16.2332,True,all_dynamic_snr,0.6168,0.1395
10,v4,v3,40.0,50.09,30.0,1.0,0.2504,0.6,7.9875,False,all_dynamic_snr,2.8404,0.9525
10,v4,v7,40.0,50.09,0.0,1.0,0.2504,0.0,12.804,False,all_dynamic_snr,2.9279,0.9582
10,v4,v8,40.0,80.0,20.0,1.0,0.4,0.4,5.7336,False,all_dynamic_snr,2.7425,0.9363
10,v4,v12,40.0,170.0,20.0,1.0,0.85,0.4,0.4958,True,all_dynamic_snr,2.2884,0.7834
10,v4,v16,40.0,170.0,20.0,1.0,0.85,0.4,0.4958,True,all_dynamic_snr,2.2826,0.7863
11,v1,v2,40.0,3.0,10.0,1.0,0.015,0.2,29.9578,False,all_dynamic_snr,2.9683,0.9582
11,v1,v5,40.0,90.0,10.0,1.0,0.45,0.2,6.3239,False,all_dynamic_snr,2.7804,0.9396
11,v2,v1,20.0,3.0,10.0,0.6,0.015,0.2,9.9578,False,all_dynamic_snr,2.8873,0.9514
11,v2,v5,20.0,90.05,20.0,0.6,0.4502,0.4,-15.0887,True,all_dynamic_snr,0.6786,0.1473
11,v2,v6,20.0,200.0,0.0,0.6,1.0,0.0,-16.8165,True,all_dynamic_snr,0.5993,0.1561
11,v3,v4,20.0,80.06,10.0,0.6,0.4003,0.2,-12.8626,True,all_dynamic_snr,0.7926,0.1883
11,v3,v7,20.0,130.0,30.0,0.6,0.65,0.6,-18.6396,True,all_dynamic_snr,0.5631,0.1283
11,v3,v8,20.0,140.03,20.0,0.6,0.7002,0.4,-18.1566,True,all_dynamic_snr,0.5927,0.1459
11,v4,v7,40.0,50.09,20.0,1.0,0.2504,0.4,8.987,False,all_dynamic_snr,2.8709,0.949
11,v4,v8,40.0,60.0,10.0,1.0,0.3,0.2,9.1413,False,all_dynamic_snr,2.8709,0.9582
11,v4,v3,40.0,80.06,10.0,1.0,0.4003,0.2,7.1374,False,all_dynamic_snr,2.8096,0.9455
11,v4,v11,40.0,140.03,30.0,1.0,0.7002,0.6,0.8439,True,all_dynamic_snr,2.3254,0.807
11,v4,v12,40.0,190.0,10.0,1.0,0.95,0.2,1.1317,True,all_dynamic_snr,2.3457,0.8264
12,v1,v2,40.0,10.44,20.0,1.0,0.0522,0.4,19.8836,False,all_dynamic_snr,2.96,0.9592
12,v1,v5,40.0,100.0,0.0,1.0,0.5,0.0,8.0,False,all_dynamic_snr,2.8407,0.9529
12,v1,v6,40.0,190.02,10.0,1.0,0.9501,0.2,1.1308,True,all_dynamic_snr,2.3506,0.8326
12,v2,v1,20.0,10.44,20.0,0.6,0.0522,0.4,-0.1164,True,all_dynamic_snr,2.1913,0.7854
12,v2,v5,20.0,110.04,20.0,0.6,0.5502,0.4,-16.4818,True,all_dynamic_snr,0.6288,0.151
12,v2,v6,20.0,200.0,10.0,0.6,1.0,0.2,-19.2247,True,all_dynamic_snr,0.5418,0.1199
12,v3,v4,20.0,70.06,0.0,0.6,0.3503,0.0,-9.5279,True,all_dynamic_snr,1.0181,0.2752
12,v3,v7,20.0,100.0,20.0,0.6,0.5,0.4,-15.817,True,all_dynamic_snr,0.6636,0.175
12,v3,v8,20.0,120.04,20.0,0.6,0.6002,0.4,-17.086,True,all_dynamic_snr,0.608,0.1393
12,v3,v11,20.0,180.0,10.0,0.6,0.9,0.2,-18.4926,True,all_dynamic_snr,0.5733,0.1422
12,v4,v7,40.0,30.15,20.0,1.0,0.1507,0.4,12.5145,False,all_dynamic_snr,2.9289,0.9533
12,v4,v8,40.0,50.0,20.0,1.0,0.25,0.4,8.9995,False,all_dynamic_snr,2.8665,0.9475
12,v4,v3,40.0,70.06,0.0,1.0,0.3503,0.0,10.4721,False,all_dynamic_snr,2.8971,0.9631
12,v4,v11,40.0,110.04,10.0,1.0,0.5502,0.2,4.9269,False,all_dynamic_snr,2.7052,0.9227
12,v4,v12,40.0,180.0,10.0,1.0,0.9,0.2,1.5074,True,all_dynamic_snr,2.397,0.8473
13,v1,v2,40.0,30.15,10.0,1.0,0.1507,0.2,13.9232,False,all_dynamic_snr,2.9352,0.9592
13,v1,v5,40.0,100.0,30.0,1.0,0.5,0.6,3.1835,True,all_dynamic_snr,2.5737,0.892
13,v1,v6,40.0,180.02,0.0,1.0,0.9001,0.0,3.9147,True,all_dynamic_snr,2.6292,0.9088
13,v2,v1,20.0,30.15,10.0,0.6,0.1507,0.2,-6.0768,False,all_dynamic_snr,1.3742,0.3863
13,v2,v5,20.0,130.03,20.0,0.6,0.6502,0.4,-17.6419,True,all_dynamic_snr,0.5963,0.1531
13,v3,v4,20.0,70.06,10.0,0.6,0.3503,0.2,-11.9362,True,all_dynamic_snr,0.8224,0.2131
13,v3,v7,20.0,120.0,10.0,0.6,0.6,0.2,-15.6751,True,all_dynamic_snr,0.6785,0.149
13,v3,v8,20.0,140.03,20.0,0.6,0.7002,0.4,-18.1566,True,all_dynamic_snr,0.5762,0.1445
13,v3,v11,20.0,190.0,10.0,0.6,0.95,0.2,-18.8683,True,all_dynamic_snr,0.5613,0.1242
13,v4,v7,40.0,50.09,20.0,1.0,0.2504,0.4,8.987,False,all_dynamic_snr,2.8655,0.9621
13,v4,v8,40.0,70.0,10.0,1.0,0.35,0.2,8.0702,False,all_dynamic_snr,2.838,0.9426
13,v4,v3,40.0,70.06,10.0,1.0,0.3503,0.2,8.0638,False,all_dynamic_snr,2.8401,0.949
13,v4,v11,40.0,120.04,0.0,1.0,0.6002,0.0,6.7309,False,all_dynamic_snr,2.791,0.9436
13,v4,v12,40.0,170.0,0.0,1.0,0.85,0.0,4.3128,True,all_dynamic_snr,2.6699,0.9211
14,v1,v2,40.0,20.22,30.0,1.0,0.1011,0.6,14.2897,False,all_dynamic_snr,2.9387,0.9598
14,v1,v5,40.0,130.0,30.0,1.0,0.65,0.6,1.3604,True,all_dynamic_snr,2.3823,0.8273
14,v1,v6,40.0,180.02,40.0,1.0,0.9001,0.8,-1.6771,True,all_dynamic_snr,1.9549,0.6516
14,v2,v1,20.0,20.22,30.0,0.6,0.1011,0.6,-5.7103,True,all_dynamic_snr,1.4054,0.4135
14,v2,v5,20.0,150.03,0.0,0.6,0.7501,0.0,-14.8188,True,all_dynamic_snr,0.6952,0.1773
14,v2,v6,20.0,200.0,10.0,0.6,1.0,0.2,-19.2247,True,all_dynamic_snr,0.5514,0.1342
14,v3,v4,20.0,80.06,10.0,0.6,0.4003,0.2,-12.8626,True,all_dynamic_snr,0.8013,0.1953
14,v3,v7,20.0,110.0,10.0,0.6,0.55,0.2,-15.0705,True,all_dynamic_snr,0.6859,0.1652
14,v3,v8,20.0,160.03,10.0,0.6,0.8001,0.2,-17.6754,True,all_dynamic_snr,0.6037,0.1594
14,v3,v11,20.0,200.0,10.0,0.6,1.0,0.2,-19.2247,True,all_dynamic_snr,0.5654,0.1199
14,v4,v7,40.0,30.15,20.0,1.0,0.1507,0.4,12.5145,False,all_dynamic_snr,2.9258,0.9621
14,v4,v8,40.0,80.0,0.0,1.0,0.4,0.0,9.5506,False,all_dynamic_snr,2.8823,0.952
14,v4,v3,40.0,80.06,10.0,1.0,0.4003,0.2,7.1374,False,all_dynamic_snr,2.8084,0.9504
14,v4,v11,40.0,120.04,0.0,1.0,0.6002,0.0,6.7309,False,all_dynamic_snr,2.7963,0.9383
14,v4,v12,40.0,170.0,20.0,1.0,0.85,0.4,0.4958,True,all_dynamic_snr,2.2665,0.7959
15,v1,v2,40.0,50.09,20.0,1.0,0.2504,0.4,8.987,False,all_dynamic_snr,2.8677,0.9484
15,v1,v5,40.0,100.0,10.0,1.0,0.5,0.2,5.5918,False,all_dynamic_snr,2.7456,0.9309
15,v1,v6,40.0,140.03,10.0,1.0,0.7002,0.2,3.2521,False,all_dynamic_snr,2.5768,0.8939
15,v2,v1,20.0,50.09,20.0,0.6,0.2504,0.4,-11.013,True,all_dynamic_snr,0.9053,0.2203
15,v2,v5,20.0,150.03,10.0,0.6,0.7501,0.2,-17.2271,True,all_dynamic_snr,0.6217,0.1471
15,v2,v6,20.0,190.0,30.0,0.6,0.95,0.6,-21.2765,True,all_dynamic_snr,0.5227,0.1223
15,v3,v4,20.0,70.06,30.0,0.6,0.3503,0.6,-14.3444,True,all_dynamic_snr,0.718,0.1514
15,v3,v7,20.0,120.0,20.0,0.6,0.6,0.4,-17.0839,True,all_dynamic_snr,0.6166,0.1387
15,v3,v8,20.0,150.03,10.0,0.6,0.7501,0.2,-17.2271,True,all_dynamic_snr,0.5902,0.152
15,v3,v11,20.0,190.0,10.0,0.6,0.95,0.2,-18.8683,True,all_dynamic_snr,0.5656,0.1496
15,v4,v7,40.0,50.09,10.0,1.0,0.2504,0.2,10.3958,False,all_dynamic_snr,2.895,0.9553
15,v4,v3,40.0,70.06,30.0,1.0,0.3503,0.6,5.6556,False,all_dynamic_snr,2.7384,0.9344
15,v4,v8,40.0,80.0,40.0,1.0,0.4,0.8,3.9588,True,all_dynamic_snr,2.6303,0.9012
15,v4,v11,40.0,120.04,40.0,1.0,0.6002,0.8,1.1392,True,all_dynamic_snr,2.349,0.8338
15,v4,v12,40.0,190.0,40.0,1.0,0.95,0.8,-2.0518,True,all_dynamic_snr,1.9124,0.6178
16,v1,v2,40.0,30.15,0.0,1.0,0.1507,0.0,16.3315,False,all_dynamic_snr,2.9509,0.9607
16,v1,v5,40.0,110.0,20.0,1.0,0.55,0.4,3.5207,False,all_dynamic_snr,2.5972,0.8951
16,v1,v6,40.0,130.03,10.0,1.0,0.6502,0.2,3.7668,False,all_dynamic_snr,2.6167,0.8918
16,v2,v1,20.0,30.15,0.0,0.6,0.1507,0.0,-3.6685,False,all_dynamic_snr,1.7015,0.5062
16,v2,v5,20.0,140.03,20.0,0.6,0.7002,0.4,-18.1566,True,all_dynamic_snr,0.5618,0.1316
16,v2,v6,20.0,160.0,10.0,0.6,0.8,0.2,-17.6742,True,all_dynamic_snr,0.6238,0.1389
16,v3,v4,20.0,100.04,40.0,0.6,0.5002,0.8,-17.5949,True,all_dynamic_snr,0.5742,0.1471
16,v3,v7,20.0,140.0,0.0,0.6,0.7,0.0,-14.338,True,all_dynamic_snr,0.7194,0.1705
16,v3,v8,20.0,140.03,0.0,0.6,0.7002,0.0,-14.3396,True,all_dynamic_snr,0.7096,0.1709
16,v3,v11,20.0,180.0,10.0,0.6,0.9,0.2,-18.4926,True,all_dynamic_snr,0.5605,0.1184
16,v4,v8,40.0,40.0,40.0,1.0,0.2,0.8,8.7753,True,all_dynamic_snr,2.8608,0.9514
16,v4,v7,40.0,40.11,40.0,1.0,0.2006,0.8,8.7558,True,all_dynamic_snr,2.8603,0.9494
16,v4,v11,40.0,80.06,30.0,1.0,0.4003,0.6,4.7292,False,all_dynamic_snr,2.6836,0.9254
16,v4,v3,40.0,100.04,40.0,1.0,0.5002,0.8,2.4051,True,all_dynamic_snr,2.505,0.8766
16,v4,v12,40.0,150.0,40.0,1.0,0.75,0.8,-0.4092,True,all_dynamic_snr,2.1479,0.734
17,v1,v2,40.0,30.15,40.0,1.0,0.1507,0.8,10.7397,True,all_dynamic_snr,2.9032,0.9563
17,v1,v5,40.0,130.0,30.0,1.0,0.65,0.6,1.3604,True,all_dynamic_snr,2.3885,0.8396
17,v1,v6,40.0,140.03,40.0,1.0,0.7002,0.8,0.0686,True,all_dynamic_snr,2.218,0.7621
17,v2,v1,20.0,30.15,40.0,0.6,0.1507,0.8,-9.2603,True,all_dynamic_snr,1.0357,0.2631
17,v2,v5,20.0,160.03,10.0,0.6,0.8001,0.2,-17.6754,True,all_dynamic_snr,0.5869,0.1678
17,v2,v6,20.0,170.0,0.0,0.6,0.85,0.0,-15.6872,True,all_dynamic_snr,0.6524,0.1496
17,v3,v4,20.0,60.07,0.0,0.6,0.3004,0.0,-8.4591,True,all_dynamic_snr,1.125,0.3111
17,v3,v7,20.0,140.0,0.0,0.6,0.7,0.0,-14.338,True,all_dynamic_snr,0.7091,0.1664
17,v3,v8,20.0,140.03,10.0,0.6,0.7002,0.2,-16.7479,True,all_dynamic_snr,0.6308,0.1588
17,v3,v11,20.0,170.0,20.0,0.6,0.85,0.4,-19.5042,True,all_dynamic_snr,0.5463,0.1395
17,v4,v3,40.0,60.07,0.0,1.0,0.3004,0.0,11.5409,False,all_dynamic_snr,2.913,0.9598
17,v4,v8,40.0,80.0,10.0,1.0,0.4,0.2,7.1423,False,all_dynamic_snr,2.8105,0.941
17,v4,v7,40.0,80.06,0.0,1.0,0.4003,0.0,9.5457,False,all_dynamic_snr,2.8751,0.9563
17,v4,v11,40.0,110.04,20.0,1.0,0.5502,0.4,3.5182,False,all_dynamic_snr,2.5946,0.9117
17,v4,v12,40.0,190.0,0.0,1.0,0.95,0.0,3.5399,True,all_dynamic_snr,2.6018,0.8955
18,v1,v2,40.0,70.06,10.0,1.0,0.3503,0.2,8.0638,False,all_dynamic_snr,2.8428,0.9484
18,v1,v5,40.0,100.0,30.0,1.0,0.5,0.6,3.1835,True,all_dynamic_snr,2.5732,0.8967
18,v1,v6,40.0,100.04,40.0,1.0,0.5002,0.8,2.4051,True,all_dynamic_snr,2.497,0.8746
18,v2,v1,20.0,70.06,10.0,0.6,0.3503,0.2,-11.9362,True,all_dynamic_snr,0.8225,0.2002
18,v2,v6,20.0,170.0,30.0,0.6,0.85,0.6,-20.5037,True,all_dynamic_snr,0.5204,0.1393
18,v2,v5,20.0,170.03,20.0,0.6,0.8501,0.4,-19.5052,True,all_dynamic_snr,0.5496,0.1287
18,v3,v4,20.0,60.07,10.0,0.6,0.3004,0.2,-10.8673,True,all_dynamic_snr,0.8865,0.2107
18,v3,v8,20.0,130.03,0.0,0.6,0.6502,0.0,-13.8249,True,all_dynamic_snr,0.7575,0.2014
18,v3,v7,20.0,140.0,20.0,0.6,0.7,0.4,-18.155,True,all_dynamic_snr,0.5694,0.1465
18,v3,v11,20.0,150.0,10.0,0.6,0.75,0.2,-17.2257,True,all_dynamic_snr,0.5978,0.1523
18,v4,v3,40.0,60.07,10.0,1.0,0.3004,0.2,9.1327,False,all_dynamic_snr,2.8698,0.952
18,v4,v8,40.0,70.0,10.0,1.0,0.35,0.2,8.0702,False,all_dynamic_snr,2.849,0.95
18,v4,v7,40.0,80.06,10.0,1.0,0.4003,0.2,7.1374,False,all_dynamic_snr,2.8141,0.9465
18,v4,v11,40.0,90.05,0.0,1.0,0.4502,0.0,8.7283,False,all_dynamic_snr,2.8608,0.9504
18,v4,v12,40.0,190.0,30.0,1.0,0.95,0.6,-1.2765,True,all_dynamic_snr,2.0355,0.6994
19,v1,v2,40.0,60.07,20.0,1.0,0.3004,0.4,7.7239,False,all_dynamic_snr,2.8306,0.9357
19,v1,v5,40.0,130.0,0.0,1.0,0.65,0.0,6.1769,False,all_dynamic_snr,2.7652,0.9373
19,v1,v6,40.0,140.03,10.0,1.0,0.7002,0.2,3.2521,False,all_dynamic_snr,2.5789,0.8967
19,v2,v1,20.0,60.07,20.0,0.6,0.3004,0.4,-12.2761,True,all_dynamic_snr,0.8259,0.2104
19,v2,v5,20.0,190.02,20.0,0.6,0.9501,0.4,-20.2779,True,all_dynamic_snr,0.5271,0.1324
19,v2,v6,20.0,200.0,30.0,0.6,1.0,0.6,-21.633,True,all_dynamic_snr,0.5187,0.1238
19,v3,v4,20.0,50.09,30.0,0.6,0.2504,0.6,-12.0125,True,all_dynamic_snr,0.8583,0.209
19,v3,v7,20.0,120.0,30.0,0.6,0.6,0.6,-18.0834,True,all_dynamic_snr,0.5861,0.1229
19,v3,v8,20.0,130.03,0.0,0.6,0.6502,0.0,-13.8249,True,all_dynamic_snr,0.7352,0.1648
19,v3,v11,20.0,140.0,0.0,0.6,0.7,0.0,-14.338,True,all_dynamic_snr,0.738,0.1713
19,v4,v3,40.0,50.09,30.0,1.0,0.2504,0.6,7.9875,False,all_dynamic_snr,2.8388,0.948
19,v4,v7,40.0,70.06,0.0,1.0,0.3503,0.0,10.4721,False,all_dynamic_snr,2.8988,0.9592
19,v4,v8,40.0,80.0,30.0,1.0,0.4,0.6,4.7341,False,all_dynamic_snr,2.6935,0.923
19,v4,v11,40.0,90.05,30.0,1.0,0.4502,0.6,3.9118,True,all_dynamic_snr,2.6304,0.9166
19,v4,v12,40.0,160.0,20.0,1.0,0.8,0.4,0.9171,True,all_dynamic_snr,2.3429,0.8334
20,v1,v2,40.0,40.11,0.0,1.0,0.2006,0.0,14.3476,False,all_dynamic_snr,2.9395,0.9523
20,v1,v5,40.0,130.0,30.0,1.0,0.65,0.6,1.3604,True,all_dynamic_snr,2.3737,0.8313
20,v1,v6,40.0,130.03,30.0,1.0,0.6502,0.6,1.3586,True,all_dynamic_snr,2.3723,0.8361
20,v2,v1,20.0,40.11,0.0,0.6,0.2006,0.0,-5.6524,False,all_dynamic_snr,1.4183,0.4105
20,v2,v6,20.0,170.0,30.0,0.6,0.85,0.6,-20.5037,True,all_dynamic_snr,0.5226,0.125
20,v2,v5,20.0,170.03,30.0,0.6,0.8501,0.6,-20.5047,True,all_dynamic_snr,0.5213,0.1301
20,v3,v4,20.0,80.06,30.0,0.6,0.4003,0.6,-15.2708,True,all_dynamic_snr,0.6813,0.1627
20,v3,v8,20.0,130.03,10.0,0.6,0.6502,0.2,-16.2332,True,all_dynamic_snr,0.6263,0.1375
20,v3,v11,20.0,140.0,20.0,0.6,0.7,0.4,-18.155,True,all_dynamic_snr,0.5702,0.1445
20,v3,v7,20.0,150.0,0.0,0.6,0.75,0.0,-14.8175,True,all_dynamic_snr,0.7044,0.1861
20,v4,v8,40.0,50.0,20.0,1.0,0.25,0.4,8.9995,False,all_dynamic_snr,2.8691,0.9504
20,v4,v11,40.0,60.07,10.0,1.0,0.3004,0.2,9.1327,False,all_dynamic_snr,2.8712,0.9559
20,v4,v7,40.0,70.06,30.0,1.0,0.3503,0.6,5.6556,False,all_dynamic_snr,2.7462,0.9348
20,v4,v3,40.0,80.06,30.0,1.0,0.4003,0.6,4.7292,False,all_dynamic_snr,2.6886,0.9227
20,v4,v12,40.0,140.0,10.0,1.0,0.7,0.2,3.2537,False,all_dynamic_snr,2.5812,0.8965
21,v1,v2,40.0,40.11,30.0,1.0,0.2006,0.6,9.5311,False,all_dynamic_snr,2.8849,0.9533
21,v1,v5,40.0,160.0,0.0,1.0,0.8,0.0,4.7341,True,all_dynamic_snr,2.6938,0.9309
21,v1,v6,40.0,160.03,40.0,1.0,0.8001,0.8,-0.8589,True,all_dynamic_snr,2.0809,0.7188
21,v2,v1,20.0,40.11,30.0,0.6,0.2006,0.6,-10.4689,True,all_dynamic_snr,0.9706,0.243
21,v2,v6,20.0,200.0,10.0,0.6,1.0,0.2,-19.2247,True,all_dynamic_snr,0.5481,0.1277
21,v3,v4,20.0,110.04,40.0,0.6,0.5502,0.8,-18.2566,True,all_dynamic_snr,0.6037,0.1412
21,v3,v8,20.0,140.03,40.0,0.6,0.7002,0.8,-19.9314,True,all_dynamic_snr,0.5211,0.1326
21,v3,v7,20.0,150.0,40.0,0.6,0.75,0.8,-20.4092,True,all_dynamic_snr,0.53,0.1223
21,v3,v11,20.0,160.0,10.0,0.6,0.8,0.2,-17.6742,True,all_dynamic_snr,0.5948,0.1695
21,v4,v8,40.0,30.0,0.0,1.0,0.15,0.0,16.3661,False,all_dynamic_snr,2.9505,0.9582
21,v4,v7,40.0,40.11,0.0,1.0,0.2006,0.0,14.3476,False,all_dynamic_snr,2.9404,0.9598
21,v4,v11,40.0,50.09,30.0,1.0,0.2504,0.6,7.9875,False,all_dynamic_snr,2.8375,0.9514
21,v4,v3,40.0,110.04,40.0,1.0,0.5502,0.8,1.7434,True,all_dynamic_snr,2.4263,0.8562
21,v4,v12,40.0,130.0,30.0,1.0,0.65,0.6,1.3604,True,all_dynamic_snr,2.3787,0.8357
22,v1,v2,40.0,70.06,10.0,1.0,0.3503,0.2,8.0638,False,all_dynamic_snr,2.8388,0.9504
22,v1,v6,40.0,120.04,10.0,1.0,0.6002,0.2,4.3227,False,all_dynamic_snr,2.6619,0.9215
22,v1,v5,40.0,160.0,20.0,1.0,0.8,0.4,0.9171,True,all_dynamic_snr,2.3242,0.7898
22,v2,v1,20.0,70.06,10.0,0.6,0.3503,0.2,-11.9362,True,all_dynamic_snr,0.8438,0.1889
22,v2,v6,20.0,190.0,0.0,0.6,0.95,0.0,-16.4601,True,all_dynamic_snr,0.6164,0.141
22,v3,v4,20.0,150.03,10.0,0.6,0.7501,0.2,-17.2271,True,all_dynamic_snr,0.6027,0.1428
22,v3,v11,20.0,170.0,20.0,0.6,0.85,0.4,-19.5042,True,all_dynamic_snr,0.5655,0.1506
22,v3,v8,20.0,180.02,10.0,0.6,0.9001,0.2,-18.4936,True,all_dynamic_snr,0.5512,0.1311
22,v3,v7,20.0,190.0,10.0,0.6,0.95,0.2,-18.8683,True,all_dynamic_snr,0.5604,0.1469
22,v4,v11,40.0,20.22,30.0,1.0,0.1011,0.6,14.2897,False,all_dynamic_snr,2.9376,0.9488
22,v4,v8,40.0,30.0,20.0,1.0,0.15,0.4,12.5491,False,all_dynamic_snr,2.923,0.9553
22,v4,v7,40.0,40.11,20.0,1.0,0.2006,0.4,10.5306,False,all_dynamic_snr,2.901,0.9523
22,v4,v12,40.0,100.0,10.0,1.0,0.5,0.2,5.5918,False,all_dynamic_snr,2.73,0.9367
22,v4,v3,40.0,150.03,10.0,1.0,0.7501,0.2,2.7729,False,all_dynamic_snr,2.5303,0.8838
23,v1,v2,40.0,80.06,30.0,1.0,0.4003,0.6,4.7292,False,all_dynamic_snr,2.6891,0.9211
23,v1,v6,40.0,110.04,30.0,1.0,0.5502,0.6,2.5187,True,all_dynamic_snr,2.5024,0.8938
23,v1,v5,40.0,140.0,40.0,1.0,0.7,0.8,0.0702,True,all_dynamic_snr,2.2198,0.7713
23,v2,v1,20.0,80.06,30.0,0.6,0.4003,0.6,-15.2708,True,all_dynamic_snr,0.6807,0.1707
23,v2,v6,20.0,190.0,0.0,0.6,0.95,0.0,-16.4601,True,all_dynamic_snr,0.6223,0.1521
23,v3,v4,20.0,140.03,40.0,0.6,0.7002,0.8,-19.9314,True,all_dynamic_snr,0.5545,0.1229
23,v3,v11,20.0,190.0,30.0,0.6,0.95,0.6,-21.2765,True,all_dynamic_snr,0.5131,0.1291
23,v3,v8,20.0,190.02,40.0,0.6,0.9501,0.8,-22.0527,True,all_dynamic_snr,0.4914,0.1156
23,v3,v7,20.0,200.0,0.0,0.6,1.0,0.0,-16.8165,True,all_dynamic_snr,0.6216,0.1494
23,v4,v8,40.0,50.0,0.0,1.0,0.25,0.0,12.8165,False,all_dynamic_snr,2.9275,0.9504
23,v4,v11,40.0,50.09,10.0,1.0,0.2504,0.2,10.3958,False,all_dynamic_snr,2.8965,0.9588
23,v4,v7,40.0,60.07,40.0,1.0,0.3004,0.8,5.9491,True,all_dynamic_snr,2.7627,0.9377
23,v4,v12,40.0,90.0,40.0,1.0,0.45,0.8,3.1404,True,all_dynamic_snr,2.5738,0.8982
23,v4,v3,40.0,140.03,40.0,1.0,0.7002,0.8,0.0686,True,all_dynamic_snr,2.2208,0.7637
24,v1,v2,40.0,50.09,0.0,1.0,0.2504,0.0,12.804,False,all_dynamic_snr,2.9296,0.9588
24,v1,v6,40.0,140.03,30.0,1.0,0.7002,0.6,0.8439,True,all_dynamic_snr,2.3274,0.8191
24,v1,v5,40.0,180.0,20.0,1.0,0.9,0.4,0.0987,True,all_dynamic_snr,2.2141,0.7885
24,v2,v1,20.0,50.09,0.0,0.6,0.2504,0.0,-7.196,False,all_dynamic_snr,1.2314,0.3314
24,v2,v6,20.0,190.0,30.0,0.6,0.95,0.6,-21.2765,True,all_dynamic_snr,0.5141,0.1287
24,v3,v4,20.0,100.04,20.0,0.6,0.5002,0.4,-15.8201,True,all_dynamic_snr,0.6424,0.1564
24,v3,v8,20.0,150.03,30.0,0.6,0.7501,0.6,-19.6353,True,all_dynamic_snr,0.5421,0.1557
24,v3,v11,20.0,160.0,30.0,0.6,0.8,0.6,-20.0824,True,all_dynamic_snr,0.5246,0.1133
24,v3,v7,20.0,200.0,20.0,0.6,1.0,0.4,-20.6334,True,all_dynamic_snr,0.5042,0.1195
24,v4,v8,40.0,50.0,10.0,1.0,0.25,0.2,10.4082,False,all_dynamic_snr,2.9,0.9553
24,v4,v11,40.0,60.07,10.0,1.0,0.3004,0.2,9.1327,False,all_dynamic_snr,2.8711,0.9465
24,v4,v3,40.0,100.04,20.0,1.0,0.5002,0.4,4.1799,False,all_dynamic_snr,2.6415,0.9178
24,v4,v7,40.0,100.04,0.0,1.0,0.5002,0.0,7.9969,False,all_dynamic_snr,2.8432,0.9529
24,v4,v12,40.0,130.0,0.0,1.0,0.65,0.0,6.1769,False,all_dynamic_snr,2.7731,0.9393
25,v1,v2,40.0,50.09,40.0,1.0,0.2504,0.8,7.2122,True,all_dynamic_snr,2.8147,0.9559
25,v1,v6,40.0,170.03,10.0,1.0,0.8501,0.2,1.9035,True,all_dynamic_snr,2.4485,0.851
25,v1,v5,40.0,200.0,20.0,1.0,1.0,0.4,-0.6334,True,all_dynamic_snr,2.1212,0.7293
25,v2,v1,20.0,50.09,40.0,0.6,0.2504,0.8,-12.7878,True,all_dynamic_snr,0.7939,0.1787
25,v3,v4,20.0,120.04,30.0,0.6,0.6002,0.6,-18.0856,True,all_dynamic_snr,0.5861,0.1367
25,v3,v8,20.0,180.02,10.0,0.6,0.9001,0.2,-18.4936,True,all_dynamic_snr,0.5721,0.1359
25,v3,v11,20.0,190.0,10.0,0.6,0.95,0.2,-18.8683,True,all_dynamic_snr,0.5541,0.1375
25,v4,v8,40.0,60.0,40.0,1.0,0.3,0.8,5.9578,True,all_dynamic_snr,2.7558,0.9357
25,v4,v11,40.0,70.06,20.0,1.0,0.3503,0.4,6.6551,False,all_dynamic_snr,2.7916,0.9455
25,v4,v7,40.0,100.04,20.0,1.0,0.5002,0.4,4.1799,False,all_dynamic_snr,2.6614,0.925
25,v4,v3,40.0,120.04,30.0,1.0,0.6002,0.6,1.9144,True,all_dynamic_snr,2.4421,0.8594
25,v4,v12,40.0,130.0,30.0,1.0,0.65,0.6,1.3604,True,all_dynamic_snr,2.3843,0.8273
26,v1,v2,40.0,90.05,10.0,1.0,0.4502,0.2,6.32,False,all_dynamic_snr,2.7791,0.9391
26,v1,v6,40.0,160.03,40.0,1.0,0.8001,0.8,-0.8589,True,all_dynamic_snr,2.0963,0.7201
26,v1,v5,40.0,180.0,0.0,1.0,0.9,0.0,3.9156,True,all_dynamic_snr,2.6365,0.91
26,v2,v1,20.0,90.05,10.0,0.6,0.4502,0.2,-13.68,True,all_dynamic_snr,0.7491,0.1773
26,v3,v4,20.0,90.05,20.0,0.6,0.4502,0.4,-15.0887,True,all_dynamic_snr,0.6661,0.1564
26,v3,v11,20.0,180.0,10.0,0.6,0.9,0.2,-18.4926,True,all_dynamic_snr,0.568,0.1432
26,v3,v8,20.0,190.02,0.0,0.6,0.9501,0.0,-16.4609,True,all_dynamic_snr,0.6437,0.1541
26,v4,v3,40.0,90.05,20.0,1.0,0.4502,0.4,4.9113,False,all_dynamic_snr,2.7007,0.9152
26,v4,v11,40.0,90.05,10.0,1.0,0.4502,0.2,6.32,False,all_dynamic_snr,2.7781,0.942
26,v4,v8,40.0,100.0,20.0,1.0,0.5,0.4,4.183,False,all_dynamic_snr,2.6488,0.9092
26,v4,v7,40.0,120.04,10.0,1.0,0.6002,0.2,4.3227,False,all_dynamic_snr,2.6618,0.9127
26,v4,v12,40.0,160.0,20.0,1.0,0.8,0.4,0.9171,True,all_dynamic_snr,2.3272,0.8158
27,v1,v2,40.0,100.04,20.0,1.0,0.5002,0.4,4.1799,False,all_dynamic_snr,2.6514,0.9221
27,v1,v6,40.0,120.04,0.0,1.0,0.6002,0.0,6.7309,False,all_dynamic_snr,2.7923,0.9387
27,v1,v5,40.0,180.0,10.0,1.0,0.9,0.2,1.5074,True,all_dynamic_snr,2.3949,0.8355
27,v2,v1,20.0,100.04,20.0,0.6,0.5002,0.4,-15.8201,True,all_dynamic_snr,0.6645,0.1639
27,v3,v4,20.0,110.04,20.0,0.6,0.5502,0.4,-16.4818,True,all_dynamic_snr,0.6399,0.1352
27,v3,v11,20.0,190.0,40.0,0.6,0.95,0.8,-22.0518,True,all_dynamic_snr,0.4923,0.1041
27,v3,v8,20.0,190.02,30.0,0.6,0.9501,0.6,-21.2774,True,all_dynamic_snr,0.5103,0.1254
27,v4,v8,40.0,80.0,10.0,1.0,0.4,0.2,7.1423,False,all_dynamic_snr,2.8142,0.9428
27,v4,v11,40.0,80.06,20.0,1.0,0.4003,0.4,5.7287,False,all_dynamic_snr,2.7466,0.9318
27,v4,v3,40.0,110.04,20.0,1.0,0.5502,0.4,3.5182,False,all_dynamic_snr,2.6127,0.9104
27,v4,v7,40.0,110.04,10.0,1.0,0.5502,0.2,4.9269,False,all_dynamic_snr,2.706,0.9221
27,v4,v12,40.0,140.0,20.0,1.0,0.7,0.4,1.845,True,all_dynamic_snr,2.446,0.8781
28,v1,v2,40.0,80.06,20.0,1.0,0.4003,0.4,5.7287,False,all_dynamic_snr,2.7484,0.9348
28,v1,v6,40.0,120.04,10.0,1.0,0.6002,0.2,4.3227,False,all_dynamic_snr,2.6652,0.9289
28,v1,v5,40.0,190.0,10.0,1.0,0.95,0.2,1.1317,True,all_dynamic_snr,2.351,0.816
28,v2,v1,20.0,80.06,20.0,0.6,0.4003,0.4,-14.2713,True,all_dynamic_snr,0.709,0.1773
28,v2,v6,20.0,200.0,10.0,0.6,1.0,0.2,-19.2247,True,all_dynamic_snr,0.5475,0.1365
28,v3,v4,20.0,90.05,10.0,0.6,0.4502,0.2,-13.68,True,all_dynamic_snr,0.7529,0.1604
28,v3,v11,20.0,150.0,10.0,0.6,0.75,0.2,-17.2257,True,all_dynamic_snr,0.5997,0.1365
28,v3,v8,20.0,160.03,10.0,0.6,0.8001,0.2,-17.6754,True,all_dynamic_snr,0.5937,0.1574
28,v4,v11,40.0,60.07,0.0,1.0,0.3004,0.0,11.5409,False,all_dynamic_snr,2.9133,0.9568
28,v4,v8,40.0,70.0,20.0,1.0,0.35,0.4,6.6615,False,all_dynamic_snr,2.7932,0.9475
28,v4,v3,40.0,90.05,10.0,1.0,0.4502,0.2,6.32,False,all_dynamic_snr,2.773,0.9354
28,v4,v7,40.0,120.04,0.0,1.0,0.6002,0.0,6.7309,False,all_dynamic_snr,2.7954,0.9412
28,v4,v12,40.0,160.0,20.0,1.0,0.8,0.4,0.9171,True,all_dynamic_snr,2.331,0.809
29,v1,v2,40.0,100.04,10.0,1.0,0.5002,0.2,5.5886,False,all_dynamic_snr,2.7385,0.94
29,v1,v6,40.0,110.04,20.0,1.0,0.5502,0.4,3.5182,False,all_dynamic_snr,2.6022,0.899
29,v1,v5,40.0,180.0,10.0,1.0,0.9,0.2,1.5074,True,all_dynamic_snr,2.3947,0.8379
29,v2,v1,20.0,100.04,10.0,0.6,0.5002,0.2,-14.4114,True,all_dynamic_snr,0.7187,0.1641
29,v3,v4,20.0,100.04,10.0,0.6,0.5002,0.2,-14.4114,True,all_dynamic_snr,0.7029,0.1611
29,v3,v8,20.0,150.03,20.0,0.6,0.7501,0.4,-18.6358,True,all_dynamic_snr,0.5923,0.1564
29,v3,v11,20.0,160.0,10.0,0.6,0.8,0.2,-17.6742,True,all_dynamic_snr,0.5817,0.126
29,v4,v8,40.0,50.0,30.0,1.0,0.25,0.6,8.0,False,all_dynamic_snr,2.8418,0.9568
29,v4,v11,40.0,60.07,0.0,1.0,0.3004,0.0,11.5409,False,all_dynamic_snr,2.9117,0.9523
29,v4,v3,40.0,100.04,10.0,1.0,0.5002,0.2,5.5886,False,all_dynamic_snr,2.746,0.9373
29,v4,v7,40.0,120.04,20.0,1.0,0.6002,0.4,2.914,False,all_dynamic_snr,2.5528,0.9074
29,v4,v12,40.0,140.0,20.0,1.0,0.7,0.4,1.845,True,all_dynamic_snr,2.4405,0.8559
30,v1,v6,40.0,90.05,10.0,1.0,0.4502,0.2,6.32,False,all_dynamic_snr,2.7777,0.9445
30,v1,v2,40.0,110.04,10.0,1.0,0.5502,0.2,4.9269,False,all_dynamic_snr,2.6957,0.9246
30,v1,v5,40.0,170.0,10.0,1.0,0.85,0.2,1.9046,True,all_dynamic_snr,2.4465,0.8646
30,v2,v1,20.0,110.04,10.0,0.6,0.5502,0.2,-15.0731,True,all_dynamic_snr,0.6803,0.1635
30,v2,v6,20.0,200.0,0.0,0.6,1.0,0.0,-16.8165,True,all_dynamic_snr,0.6156,0.1584
30,v3,v4,20.0,90.05,20.0,0.6,0.4502,0.4,-15.0887,True,all_dynamic_snr,0.6911,0.1508
30,v3,v11,20.0,150.0,20.0,0.6,0.75,0.4,-18.6344,True,all_dynamic_snr,0.5481,0.1256
30,v3,v8,20.0,170.03,10.0,0.6,0.8501,0.2,-18.0965,True,all_dynamic_snr,0.5733,0.1547
30,v4,v11,40.0,60.07,0.0,1.0,0.3004,0.0,11.5409,False,all_dynamic_snr,2.9141,0.9568
30,v4,v8,40.0,80.0,30.0,1.0,0.4,0.6,4.7341,False,all_dynamic_snr,2.6904,0.9207
30,v4,v3,40.0,90.05,20.0,1.0,0.4502,0.4,4.9113,False,all_dynamic_snr,2.7019,0.9295
30,v4,v7,40.0,140.03,40.0,1.0,0.7002,0.8,0.0686,True,all_dynamic_snr,2.2196,0.7689
30,v4,v12,40.0,160.0,0.0,1.0,0.8,0.0,4.7341,True,all_dynamic_snr,2.6902,0.9219
31,v1,v2,40.0,100.04,0.0,1.0,0.5002,0.0,7.9969,False,all_dynamic_snr,2.842,0.9533
31,v1,v6,40.0,100.04,20.0,1.0,0.5002,0.4,4.1799,False,all_dynamic_snr,2.6428,0.9146
31,v1,v5,40.0,180.0,20.0,1.0,0.9,0.4,0.0987,True,all_dynamic_snr,2.217,0.7777
31,v2,v1,20.0,100.04,0.0,0.6,0.5002,0.0,-12.0031,True,all_dynamic_snr,0.8365,0.215
31,v2,v6,20.0,200.0,20.0,0.6,1.0,0.4,-20.6334,True,all_dynamic_snr,0.5294,0.1168
31,v3,v4,20.0,110.04,10.0,0.6,0.5502,0.2,-15.0731,True,all_dynamic_snr,0.6882,0.1598
31,v3,v8,20.0,160.03,10.0,0.6,0.8001,0.2,-17.6754,True,all_dynamic_snr,0.5823,0.116
31,v3,v11,20.0,170.0,30.0,0.6,0.85,0.6,-20.5037,True,all_dynamic_snr,0.5282,0.1297
31,v4,v8,40.0,50.0,0.0,1.0,0.25,0.0,12.8165,False,all_dynamic_snr,2.9304,0.9578
31,v4,v11,40.0,60.07,40.0,1.0,0.3004,0.8,5.9491,True,all_dynamic_snr,2.7553,0.9406
31,v4,v7,40.0,100.04,10.0,1.0,0.5002,0.2,5.5886,False,all_dynamic_snr,2.7417,0.9318
31,v4,v3,40.0,110.04,10.0,1.0,0.5502,0.2,4.9269,False,all_dynamic_snr,2.7036,0.9279
31,v4,v12,40.0,160.0,10.0,1.0,0.8,0.2,2.3258,True,all_dynamic_snr,2.483,0.8572
32,v1,v2,40.0,100.04,20.0,1.0,0.5002,0.4,4.1799,False,all_dynamic_snr,2.6521,0.9107
32,v1,v6,40.0,120.04,20.0,1.0,0.6002,0.4,2.914,False,all_dynamic_snr,2.5412,0.8979
32,v1,v5,40.0,160.0,0.0,1.0,0.8,0.0,4.7341,True,all_dynamic_snr,2.6821,0.9201
32,v2,v1,20.0,100.04,20.0,0.6,0.5002,0.4,-15.8201,True,all_dynamic_snr,0.6569,0.1613
32,v3,v4,20.0,100.04,20.0,0.6,0.5002,0.4,-15.8201,True,all_dynamic_snr,0.6752,0.1613
32,v3,v8,20.0,150.03,20.0,0.6,0.7501,0.4,-18.6358,True,all_dynamic_snr,0.5858,0.1537
32,v3,v11,20.0,200.0,40.0,0.6,1.0,0.8,-22.4082,True,all_dynamic_snr,0.4979,0.1064
32,v4,v8,40.0,50.0,0.0,1.0,0.25,0.0,12.8165,False,all_dynamic_snr,2.9245,0.9611
32,v4,v3,40.0,100.04,20.0,1.0,0.5002,0.4,4.1799,False,all_dynamic_snr,2.6464,0.9227
32,v4,v11,40.0,100.04,20.0,1.0,0.5002,0.4,4.1799,False,all_dynamic_snr,2.6476,0.9262
32,v4,v7,40.0,110.04,10.0,1.0,0.5502,0.2,4.9269,False,all_dynamic_snr,2.6952,0.9268
32,v4,v12,40.0,170.0,10.0,1.0,0.85,0.2,1.9046,True,all_dynamic_snr,2.4401,0.8555
33,v1,v2,40.0,80.06,40.0,1.0,0.4003,0.8,3.9539,True,all_dynamic_snr,2.6355,0.9193
33,v1,v6,40.0,140.03,10.0,1.0,0.7002,0.2,3.2521,False,all_dynamic_snr,2.5791,0.9043
33,v1,v5,40.0,160.0,30.0,1.0,0.8,0.6,-0.0824,True,all_dynamic_snr,2.2048,0.7768
33,v2,v1,20.0,80.06,40.0,0.6,0.4003,0.8,-16.0461,True,all_dynamic_snr,0.6459,0.1596
33,v3,v4,20.0,80.06,0.0,0.6,0.4003,0.0,-10.4543,True,all_dynamic_snr,0.9688,0.2621
33,v3,v8,20.0,130.03,20.0,0.6,0.6502,0.4,-17.6419,True,all_dynamic_snr,0.6116,0.1533
33,v3,v11,20.0,160.0,10.0,0.6,0.8,0.2,-17.6742,True,all_dynamic_snr,0.6012,0.1371
33,v3,v7,20.0,180.0,20.0,0.6,0.9,0.4,-19.9013,True,all_dynamic_snr,0.5383,0.1252
33,v4,v8,40.0,50.0,20.0,1.0,0.25,0.4,8.9995,False,all_dynamic_snr,2.8675,0.952
33,v4,v3,40.0,80.06,0.0,1.0,0.4003,0.0,9.5457,False,all_dynamic_snr,2.8782,0.9523
33,v4,v11,40.0,80.06,10.0,1.0,0.4003,0.2,7.1374,False,all_dynamic_snr,2.814,0.95
33,v4,v7,40.0,100.04,20.0,1.0,0.5002,0.4,4.1799,False,all_dynamic_snr,2.6429,0.9111
33,v4,v12,40.0,180.0,10.0,1.0,0.9,0.2,1.5074,True,all_dynamic_snr,2.4071,0.8381
34,v1,v2,40.0,40.11,20.0,1.0,0.2006,0.4,10.5306,False,all_dynamic_snr,2.8954,0.9504
34,v1,v6,40.0,150.03,10.0,1.0,0.7501,0.2,2.7729,False,all_dynamic_snr,2.5223,0.877
34,v1,v5,40.0,190.0,10.0,1.0,0.95,0.2,1.1317,True,all_dynamic_snr,2.3546,0.8357
34,v2,v1,20.0,40.11,20.0,0.6,0.2006,0.4,-9.4694,True,all_dynamic_snr,1.0344,0.2957
34,v2,v6,20.0,190.0,10.0,0.6,0.95,0.2,-18.8683,True,all_dynamic_snr,0.5471,0.1287
34,v3,v4,20.0,80.06,10.0,0.6,0.4003,0.2,-12.8626,True,all_dynamic_snr,0.7973,0.2182
34,v3,v8,20.0,110.04,10.0,0.6,0.5502,0.2,-15.0731,True,all_dynamic_snr,0.6845,0.1676
34,v3,v11,20.0,150.0,20.0,0.6,0.75,0.4,-18.6344,True,all_dynamic_snr,0.5656,0.1379
34,v3,v7,20.0,160.0,0.0,0.6,0.8,0.0,-15.2659,True,all_dynamic_snr,0.6865,0.1516
34,v4,v8,40.0,30.0,20.0,1.0,0.15,0.4,12.5491,False,all_dynamic_snr,2.9239,0.9557
34,v4,v11,40.0,70.06,10.0,1.0,0.3503,0.2,8.0638,False,all_dynamic_snr,2.8369,0.94
34,v4,v3,40.0,80.06,10.0,1.0,0.4003,0.2,7.1374,False,all_dynamic_snr,2.8109,0.9484
34,v4,v7,40.0,80.06,10.0,1.0,0.4003,0.2,7.1374,False,all_dynamic_snr,2.8098,0.9471
34,v4,v12,40.0,170.0,20.0,1.0,0.85,0.4,0.4958,True,all_dynamic_snr,2.2667,0.7797
35,v1,v2,40.0,20.22,0.0,1.0,0.1011,0.0,19.1062,False,all_dynamic_snr,2.9591,0.9572
35,v1,v6,40.0,160.03,0.0,1.0,0.8001,0.0,4.7329,True,all_dynamic_snr,2.6954,0.9299
35,v1,v5,40.0,200.0,20.0,1.0,1.0,0.4,-0.6334,True,all_dynamic_snr,2.133,0.7273
35,v2,v1,20.0,20.22,0.0,0.6,0.1011,0.0,-0.8938,False,all_dynamic_snr,2.0859,0.7141
35,v2,v6,20.0,180.0,0.0,0.6,0.9,0.0,-16.0844,True,all_dynamic_snr,0.6198,0.15
35,v3,v4,20.0,70.06,0.0,0.6,0.3503,0.0,-9.5279,True,all_dynamic_snr,1.0133,0.2539
35,v3,v8,20.0,120.04,40.0,0.6,0.6002,0.8,-18.8608,True,all_dynamic_snr,0.5561,0.1213
35,v3,v11,20.0,130.0,40.0,0.6,0.65,0.8,-19.4149,True,all_dynamic_snr,0.5494,0.1262
35,v3,v7,20.0,160.0,10.0,0.6,0.8,0.2,-17.6742,True,all_dynamic_snr,0.5729,0.1498
35,v4,v8,40.0,50.0,40.0,1.0,0.25,0.8,7.2247,True,all_dynamic_snr,2.8107,0.948
35,v4,v11,40.0,60.07,40.0,1.0,0.3004,0.8,5.9491,True,all_dynamic_snr,2.7672,0.9451
35,v4,v3,40.0,70.06,0.0,1.0,0.3503,0.0,10.4721,False,all_dynamic_snr,2.8955,0.9504
35,v4,v7,40.0,90.05,10.0,1.0,0.4502,0.2,6.32,False,all_dynamic_snr,2.7747,0.934
35,v4,v12,40.0,150.0,10.0,1.0,0.75,0.2,2.7743,False,all_dynamic_snr,2.5407,0.8914
36,v1,v2,40.0,20.22,10.0,1.0,0.1011,0.2,16.698,False,all_dynamic_snr,2.9509,0.9617
36,v1,v6,40.0,160.03,0.0,1.0,0.8001,0.0,4.7329,True,all_dynamic_snr,2.6922,0.9258
36,v1,v5,40.0,180.0,10.0,1.0,0.9,0.2,1.5074,True,all_dynamic_snr,2.4027,0.8354
36,v2,v1,20.0,20.22,10.0,0.6,0.1011,0.2,-3.302,False,all_dynamic_snr,1.7403,0.5676
36,v2,v6,20.0,180.0,10.0,0.6,0.9,0.2,-18.4926,True,all_dynamic_snr,0.5806,0.1184
36,v3,v4,20.0,70.06,10.0,0.6,0.3503,0.2,-11.9362,True,all_dynamic_snr,0.847,0.2211
36,v3,v8,20.0,80.06,10.0,0.6,0.4003,0.2,-12.8626,True,all_dynamic_snr,0.8062,0.199
36,v3,v11,20.0,90.0,30.0,0.6,0.45,0.6,-16.0844,True,all_dynamic_snr,0.6562,0.1545
36,v3,v7,20.0,150.0,30.0,0.6,0.75,0.6,-19.6339,True,all_dynamic_snr,0.5371,0.124
36,v4,v8,40.0,10.0,0.0,1.0,0.05,0.0,24.0,False,all_dynamic_snr,2.9636,0.9568
36,v4,v11,40.0,20.22,20.0,1.0,0.1011,0.4,15.2892,False,all_dynamic_snr,2.9462,0.9568
36,v4,v3,40.0,70.06,10.0,1.0,0.3503,0.2,8.0638,False,all_dynamic_snr,2.8391,0.9471
36,v4,v7,40.0,80.06,20.0,1.0,0.4003,0.4,5.7287,False,all_dynamic_snr,2.7534,0.9324
36,v4,v12,40.0,140.0,10.0,1.0,0.7,0.2,3.2537,False,all_dynamic_snr,2.5768,0.8887
37,v1,v2,40.0,30.15,0.0,1.0,0.1507,0.0,16.3315,False,all_dynamic_snr,2.9504,0.9627
37,v1,v6,40.0,160.03,10.0,1.0,0.8001,0.2,2.3246,True,all_dynamic_snr,2.4892,0.8773
37,v1,v5,40.0,170.0,20.0,1.0,0.85,0.4,0.4958,True,all_dynamic_snr,2.279,0.7998
37,v2,v1,20.0,30.15,0.0,0.6,0.1507,0.0,-3.6685,False,all_dynamic_snr,1.7058,0.5498
37,v2,v6,20.0,190.0,10.0,0.6,0.95,0.2,-18.8683,True,all_dynamic_snr,0.5537,0.1359
37,v3,v4,20.0,80.06,20.0,0.6,0.4003,0.4,-14.2713,True,all_dynamic_snr,0.7253,0.1689
37,v3,v8,20.0,90.05,10.0,0.6,0.4502,0.2,-13.68,True,all_dynamic_snr,0.7448,0.1963
37,v3,v11,20.0,120.0,10.0,0.6,0.6,0.2,-15.6751,True,all_dynamic_snr,0.663,0.1646
37,v3,v7,20.0,180.0,10.0,0.6,0.9,0.2,-18.4926,True,all_dynamic_snr,0.5616,0.1352
37,v4,v8,40.0,10.0,30.0,1.0,0.05,0.6,19.1835,False,all_dynamic_snr,2.9606,0.9617
37,v4,v11,40.0,40.11,30.0,1.0,0.2006,0.6,9.5311,False,all_dynamic_snr,2.8812,0.949
37,v4,v3,40.0,80.06,20.0,1.0,0.4003,0.4,5.7287,False,all_dynamic_snr,2.7526,0.9422
37,v4,v7,40.0,100.04,30.0,1.0,0.5002,0.6,3.1804,True,all_dynamic_snr,2.5771,0.9104
37,v4,v12,40.0,150.0,40.0,1.0,0.75,0.8,-0.4092,True,all_dynamic_snr,2.169,0.75
38,v1,v2,40.0,30.15,0.0,1.0,0.1507,0.0,16.3315,False,all_dynamic_snr,2.9521,0.9602
38,v1,v6,40.0,170.03,0.0,1.0,0.8501,0.0,4.3117,True,all_dynamic_snr,2.6545,0.9166
38,v1,v5,40.0,190.0,10.0,1.0,0.95,0.2,1.1317,True,all_dynamic_snr,2.3613,0.818
38,v2,v1,20.0,30.15,0.0,0.6,0.1507,0.0,-3.6685,False,all_dynamic_snr,1.7094,0.5492
38,v2,v6,20.0,200.0,0.0,0.6,1.0,0.0,-16.8165,True,all_dynamic_snr,0.624,0.1588
38,v3,v4,20.0,60.07,40.0,0.6,0.3004,0.8,-14.0509,True,all_dynamic_snr,0.7432,0.1787
38,v3,v8,20.0,100.04,40.0,0.6,0.5002,0.8,-17.5949,True,all_dynamic_snr,0.6003,0.1498
38,v3,v11,20.0,130.0,10.0,0.6,0.65,0.2,-16.2313,True,all_dynamic_snr,0.6274,0.1604
38,v3,v7,20.0,190.0,10.0,0.6,0.95,0.2,-18.8683,True,all_dynamic_snr,0.5735,0.1518
38,v4,v8,40.0,40.0,0.0,1.0,0.2,0.0,14.367,False,all_dynamic_snr,2.9422,0.9627
38,v4,v3,40.0,60.07,40.0,1.0,0.3004,0.8,5.9491,True,all_dynamic_snr,2.7574,0.9301
38,v4,v11,40.0,70.06,30.0,1.0,0.3503,0.6,5.6556,False,all_dynamic_snr,2.7395,0.9379
38,v4,v7,40.0,130.03,30.0,1.0,0.6502,0.6,1.3586,True,all_dynamic_snr,2.375,0.8461
38,v4,v12,40.0,190.0,30.0,1.0,0.95,0.6,-1.2765,True,all_dynamic_snr,2.0326,0.6791
39,v1,v2,40.0,30.15,30.0,1.0,0.1507,0.6,11.515,False,all_dynamic_snr,2.9141,0.9553
39,v1,v6,40.0,170.03,20.0,1.0,0.8501,0.4,0.4948,True,all_dynamic_snr,2.2731,0.7945
39,v1,v5,40.0,180.0,0.0,1.0,0.9,0.0,3.9156,True,all_dynamic_snr,2.6327,0.9182
39,v2,v1,20.0,30.15,30.0,0.6,0.1507,0.6,-8.485,True,all_dynamic_snr,1.1178,0.3092
39,v2,v6,20.0,200.0,10.0,0.6,1.0,0.2,-19.2247,True,all_dynamic_snr,0.5565,0.1416
39,v3,v4,20.0,100.04,10.0,0.6,0.5002,0.2,-14.4114,True,all_dynamic_snr,0.714,0.1682
39,v3,v11,20.0,140.0,30.0,0.6,0.7,0.6,-19.1545,True,all_dynamic_snr,0.5347,0.1348
39,v3,v8,20.0,140.03,20.0,0.6,0.7002,0.4,-18.1566,True,all_dynamic_snr,0.5874,0.1283
39,v3,v7,20.0,200.0,0.0,0.6,1.0,0.0,-16.8165,True,all_dynamic_snr,0.6236,0.1443
39,v4,v8,40.0,40.0,10.0,1.0,0.2,0.2,11.9588,False,all_dynamic_snr,2.9166,0.9568
39,v4,v11,40.0,40.11,20.0,1.0,0.2006,0.4,10.5306,False,all_dynamic_snr,2.8983,0.9543
39,v4,v3,40.0,100.04,10.0,1.0,0.5002,0.2,5.5886,False,all_dynamic_snr,2.74,0.9275
39,v4,v7,40.0,100.04,10.0,1.0,0.5002,0.2,5.5886,False,all_dynamic_snr,2.7347,0.9293
39,v4,v12,40.0,160.0,10.0,1.0,0.8,0.2,2.3258,True,all_dynamic_snr,2.4846,0.8791
40,v1,v2,40.0,3.0,20.0,1.0,0.015,0.4,28.5491,False,all_dynamic_snr,2.9676,0.9592
40,v1,v5,40.0,180.0,10.0,1.0,0.9,0.2,1.5074,True,all_dynamic_snr,2.3965,0.8502
40,v1,v6,40.0,190.02,30.0,1.0,0.9501,0.6,-1.2774,True,all_dynamic_snr,2.0385,0.6846
40,v2,v1,20.0,3.0,20.0,0.6,0.015,0.4,8.5491,True,all_dynamic_snr,2.8626,0.95
40,v2,v5,20.0,180.02,10.0,0.6,0.9001,0.2,-18.4936,True,all_dynamic_snr,0.5856,0.1428
40,v2,v6,20.0,190.0,10.0,0.6,0.95,0.2,-18.8683,True,all_dynamic_snr,0.5707,0.1266
40,v3,v4,20.0,110.04,10.0,0.6,0.5502,0.2,-15.0731,True,all_dynamic_snr,0.6871,0.1441
40,v3,v8,20.0,160.03,10.0,0.6,0.8001,0.2,-17.6754,True,all_dynamic_snr,0.5886,0.1271
40,v3,v11,20.0,170.0,0.0,0.6,0.85,0.0,-15.6872,True,all_dynamic_snr,0.6438,0.1559
40,v3,v7,20.0,200.0,10.0,0.6,1.0,0.2,-19.2247,True,all_dynamic_snr,0.5328,0.1256
40,v4,v8,40.0,50.0,0.0,1.0,0.25,0.0,12.8165,False,all_dynamic_snr,2.9274,0.9539
40,v4,v11,40.0,60.07,10.0,1.0,0.3004,0.2,9.1327,False,all_dynamic_snr,2.869,0.9518
40,v4,v7,40.0,90.05,0.0,1.0,0.4502,0.0,8.7283,False,all_dynamic_snr,2.864,0.9514
40,v4,v3,40.0,110.04,10.0,1.0,0.5502,0.2,4.9269,False,all_dynamic_snr,2.7023,0.9258
40,v4,v12,40.0,150.0,0.0,1.0,0.75,0.0,5.1825,False,all_dynamic_snr,2.7138,0.923
41,v1,v2,40.0,20.22,0.0,1.0,0.1011,0.0,19.1062,False,all_dynamic_snr,2.9601,0.9578
41,v1,v6,40.0,160.03,40.0,1.0,0.8001,0.8,-0.8589,True,all_dynamic_snr,2.0884,0.7178
41,v1,v5,40.0,170.0,0.0,1.0,0.85,0.0,4.3128,True,all_dynamic_snr,2.6696,0.9059
41,v2,v1,20.0,20.22,0.0,0.6,0.1011,0.0,-0.8938,False,all_dynamic_snr,2.1042,0.7158
41,v2,v6,20.0,180.0,40.0,0.6,0.9,0.8,-21.6761,True,all_dynamic_snr,0.5058,0.1115
41,v2,v5,20.0,190.02,0.0,0.6,0.9501,0.0,-16.4609,True,all_dynamic_snr,0.6422,0.1531
41,v3,v4,20.0,120.04,0.0,0.6,0.6002,0.0,-13.2691,True,all_dynamic_snr,0.7649,0.1893
41,v3,v11,20.0,170.0,10.0,0.6,0.85,0.2,-18.0954,True,all_dynamic_snr,0.5586,0.1355
41,v3,v8,20.0,170.03,0.0,0.6,0.8501,0.0,-15.6883,True,all_dynamic_snr,0.67,0.1559
41,v4,v8,40.0,50.0,0.0,1.0,0.25,0.0,12.8165,False,all_dynamic_snr,2.9276,0.9539
41,v4,v11,40.0,50.09,10.0,1.0,0.2504,0.2,10.3958,False,all_dynamic_snr,2.8967,0.9553
41,v4,v7,40.0,90.05,0.0,1.0,0.4502,0.0,8.7283,False,all_dynamic_snr,2.8644,0.9504
41,v4,v3,40.0,120.04,0.0,1.0,0.6002,0.0,6.7309,False,all_dynamic_snr,2.7956,0.9402
41,v4,v12,40.0,150.0,30.0,1.0,0.75,0.6,0.3661,True,all_dynamic_snr,2.2663,0.7914
42,v1,v2,40.0,20.22,10.0,1.0,0.1011,0.2,16.698,False,all_dynamic_snr,2.9533,0.9568
42,v1,v6,40.0,120.04,10.0,1.0,0.6002,0.2,4.3227,False,all_dynamic_snr,2.6631,0.9119
42,v1,v5,40.0,170.0,10.0,1.0,0.85,0.2,1.9046,True,all_dynamic_snr,2.449,0.8752
42,v2,v1,20.0,20.22,10.0,0.6,0.1011,0.2,-3.302,False,all_dynamic_snr,1.7282,0.5605
42,v2,v6,20.0,140.0,0.0,0.6,0.7,0.0,-14.338,True,all_dynamic_snr,0.7292,0.1562
42,v2,v5,20.0,190.02,20.0,0.6,0.9501,0.4,-20.2779,True,all_dynamic_snr,0.5298,0.149
42,v3,v4,20.0,120.04,40.0,0.6,0.6002,0.8,-18.8608,True,all_dynamic_snr,0.559,0.1252
42,v3,v8,20.0,170.03,30.0,0.6,0.8501,0.6,-20.5047,True,all_dynamic_snr,0.5381,0.1369
42,v3,v11,20.0,180.0,0.0,0.6,0.9,0.0,-16.0844,True,all_dynamic_snr,0.6341,0.1469
42,v4,v8,40.0,50.0,10.0,1.0,0.25,0.2,10.4082,False,all_dynamic_snr,2.8951,0.9557
42,v4,v11,40.0,60.07,40.0,1.0,0.3004,0.8,5.9491,True,all_dynamic_snr,2.7618,0.9449
42,v4,v7,40.0,90.05,0.0,1.0,0.4502,0.0,8.7283,False,all_dynamic_snr,2.8606,0.9549
42,v4,v12,40.0,120.0,0.0,1.0,0.6,0.0,6.7331,False,all_dynamic_snr,2.7916,0.9363
42,v4,v3,40.0,120.04,40.0,1.0,0.6002,0.8,1.1392,True,all_dynamic_snr,2.35,0.824
43,v1,v2,40.0,30.15,10.0,1.0,0.1507,0.2,13.9232,False,all_dynamic_snr,2.9364,0.9598
43,v1,v6,40.0,110.04,20.0,1.0,0.5502,0.4,3.5182,False,all_dynamic_snr,2.599,0.9023
43,v1,v5,40.0,180.0,0.0,1.0,0.9,0.0,3.9156,True,all_dynamic_snr,2.6289,0.9172
43,v2,v1,20.0,30.15,10.0,0.6,0.1507,0.2,-6.0768,False,all_dynamic_snr,1.3716,0.4156
43,v2,v6,20.0,140.0,10.0,0.6,0.7,0.2,-16.7463,True,all_dynamic_snr,0.618,0.1539
43,v3,v4,20.0,80.06,20.0,0.6,0.4003,0.4,-14.2713,True,all_dynamic_snr,0.7467,0.1771
43,v3,v8,20.0,140.03,10.0,0.6,0.7002,0.2,-16.7479,True,all_dynamic_snr,0.6118,0.1557
43,v3,v7,20.0,170.0,20.0,0.6,0.85,0.4,-19.5042,True,all_dynamic_snr,0.5419,0.1533
43,v3,v11,20.0,180.0,10.0,0.6,0.9,0.2,-18.4926,True,all_dynamic_snr,0.5741,0.127
43,v4,v8,40.0,60.0,30.0,1.0,0.3,0.6,6.7331,False,all_dynamic_snr,2.7944,0.9402
43,v4,v3,40.0,80.06,20.0,1.0,0.4003,0.4,5.7287,False,all_dynamic_snr,2.7415,0.9363
43,v4,v7,40.0,90.05,0.0,1.0,0.4502,0.0,8.7283,False,all_dynamic_snr,2.8588,0.9494
43,v4,v11,40.0,100.04,30.0,1.0,0.5002,0.6,3.1804,True,all_dynamic_snr,2.5643,0.8936
43,v4,v12,40.0,120.0,20.0,1.0,0.6,0.4,2.9161,False,all_dynamic_snr,2.5424,0.8896
44,v1,v2,40.0,20.22,0.0,1.0,0.1011,0.0,19.1062,False,all_dynamic_snr,2.9606,0.9572
44,v1,v6,40.0,130.03,10.0,1.0,0.6502,0.2,3.7668,False,all_dynamic_snr,2.6195,0.8951
44,v1,v5,40.0,180.0,10.0,1.0,0.9,0.2,1.5074,True,all_dynamic_snr,2.3988,0.8396
44,v2,v1,20.0,20.22,0.0,0.6,0.1011,0.0,-0.8938,False,all_dynamic_snr,2.0892,0.7246
44,v2,v6,20.0,150.0,10.0,0.6,0.75,0.2,-17.2257,True,all_dynamic_snr,0.6108,0.1361
44,v3,v4,20.0,100.04,10.0,0.6,0.5002,0.2,-14.4114,True,all_dynamic_snr,0.7245,0.1662
44,v3,v8,20.0,130.03,30.0,0.6,0.6502,0.6,-18.6414,True,all_dynamic_snr,0.5608,0.1314
44,v3,v11,20.0,170.0,20.0,0.6,0.85,0.4,-19.5042,True,all_dynamic_snr,0.5564,0.1348
44,v3,v7,20.0,190.0,20.0,0.6,0.95,0.4,-20.277,True,all_dynamic_snr,0.532,0.1445
44,v4,v8,40.0,30.0,40.0,1.0,0.15,0.8,10.7743,True,all_dynamic_snr,2.9031,0.9617
44,v4,v11,40.0,70.06,30.0,1.0,0.3503,0.6,5.6556,False,all_dynamic_snr,2.7429,0.9402
44,v4,v7,40.0,90.05,30.0,1.0,0.4502,0.6,3.9118,True,all_dynamic_snr,2.6365,0.8975
44,v4,v12,40.0,100.0,10.0,1.0,0.5,0.2,5.5918,False,all_dynamic_snr,2.7415,0.9426
44,v4,v3,40.0,100.04,10.0,1.0,0.5002,0.2,5.5886,False,all_dynamic_snr,2.7405,0.9309
45,v1,v2,40.0,20.22,20.0,1.0,0.1011,0.4,15.2892,False,all_dynamic_snr,2.946,0.9549
45,v1,v6,40.0,140.03,10.0,1.0,0.7002,0.2,3.2521,False,all_dynamic_snr,2.5854,0.8934
45,v1,v5,40.0,190.0,10.0,1.0,0.95,0.2,1.1317,True,all_dynamic_snr,2.3463,0.8316
45,v2,v1,20.0,20.22,20.0,0.6,0.1011,0.4,-4.7108,True,all_dynamic_snr,1.5294,0.4611
45,v2,v6,20.0,160.0,10.0,0.6,0.8,0.2,-17.6742,True,all_dynamic_snr,0.5891,0.1383
45,v3,v4,20.0,90.05,0.0,0.6,0.4502,0.0,-11.2717,True,all_dynamic_snr,0.8957,0.2342
45,v3,v8,20.0,160.03,0.0,0.6,0.8001,0.0,-15.2671,True,all_dynamic_snr,0.7002,0.168
45,v3,v11,20.0,190.0,20.0,0.6,0.95,0.4,-20.277,True,all_dynamic_snr,0.5153,0.1242
45,v4,v8,40.0,70.0,0.0,1.0,0.35,0.0,10.4784,False,all_dynamic_snr,2.8996,0.9543
45,v4,v3,40.0,90.05,0.0,1.0,0.4502,0.0,8.7283,False,all_dynamic_snr,2.8614,0.9533
45,v4,v11,40.0,100.04,20.0,1.0,0.5002,0.4,4.1799,False,all_dynamic_snr,2.6406,0.9074
45,v4,v12,40.0,110.0,10.0,1.0,0.55,0.2,4.9295,False,all_dynamic_snr,2.6984,0.9273
45,v4,v7,40.0,120.04,20.0,1.0,0.6002,0.4,2.914,False,all_dynamic_snr,2.5483,0.8686
46,v1,v2,40.0,3.0,30.0,1.0,0.015,0.6,27.5496,False,all_dynamic_snr,2.9677,0.9563
46,v1,v6,40.0,150.03,0.0,1.0,0.7501,0.0,5.1812,False,all_dynamic_snr,2.7125,0.933
46,v1,v5,40.0,200.0,20.0,1.0,1.0,0.4,-0.6334,True,all_dynamic_snr,2.1157,0.7195
46,v2,v1,20.0,3.0,30.0,0.6,0.015,0.6,7.5496,True,all_dynamic_snr,2.8223,0.9441
46,v2,v6,20.0,150.0,30.0,0.6,0.75,0.6,-19.6339,True,all_dynamic_snr,0.5483,0.1209
46,v3,v4,20.0,90.05,20.0,0.6,0.4502,0.4,-15.0887,True,all_dynamic_snr,0.693,0.1713
46,v3,v8,20.0,160.03,20.0,0.6,0.8001,0.4,-19.0841,True,all_dynamic_snr,0.5501,0.1252
46,v3,v11,20.0,170.0,30.0,0.6,0.85,0.6,-20.5037,True,all_dynamic_snr,0.5297,0.1354
46,v3,v7,20.0,190.0,10.0,0.6,0.95,0.2,-18.8683,True,all_dynamic_snr,0.5651,0.1369
46,v4,v8,40.0,70.0,0.0,1.0,0.35,0.0,10.4784,False,all_dynamic_snr,2.8985,0.9578
46,v4,v11,40.0,80.06,10.0,1.0,0.4003,0.2,7.1374,False,all_dynamic_snr,2.8119,0.9436
46,v4,v3,40.0,90.05,20.0,1.0,0.4502,0.4,4.9113,False,all_dynamic_snr,2.7016,0.9289
46,v4,v7,40.0,100.04,10.0,1.0,0.5002,0.2,5.5886,False,all_dynamic_snr,2.7384,0.926
46,v4,v12,40.0,120.0,20.0,1.0,0.6,0.4,2.9161,False,all_dynamic_snr,2.5454,0.8789
47,v1,v2,40.0,30.15,0.0,1.0,0.1507,0.0,16.3315,False,all_dynamic_snr,2.9493,0.9637
47,v1,v6,40.0,150.03,0.0,1.0,0.7501,0.0,5.1812,False,all_dynamic_snr,2.72,0.9289
47,v2,v1,20.0,30.15,0.0,0.6,0.1507,0.0,-3.6685,False,all_dynamic_snr,1.6827,0.5299
47,v2,v6,20.0,120.0,0.0,0.6,0.6,0.0,-13.2669,True,all_dynamic_snr,0.7608,0.1896
47,v2,v5,20.0,190.02,10.0,0.6,0.9501,0.2,-18.8692,True,all_dynamic_snr,0.5538,0.1387
47,v3,v4,20.0,70.06,10.0,0.6,0.3503,0.2,-11.9362,True,all_dynamic_snr,0.8384,0.2262
47,v3,v11,20.0,140.0,0.0,0.6,0.7,0.0,-14.338,True,all_dynamic_snr,0.718,0.175
47,v3,v8,20.0,140.03,30.0,0.6,0.7002,0.6,-19.1561,True,all_dynamic_snr,0.5503,0.1238
47,v3,v12,20.0,170.03,20.0,0.6,0.8501,0.4,-19.5052,True,all_dynamic_snr,0.54,0.123
47,v3,v7,20.0,180.0,10.0,0.6,0.9,0.2,-18.4926,True,all_dynamic_snr,0.5785,0.1199
47,v4,v8,40.0,70.0,40.0,1.0,0.35,0.8,4.8867,True,all_dynamic_snr,2.6941,0.9217
47,v4,v3,40.0,70.06,10.0,1.0,0.3503,0.2,8.0638,False,all_dynamic_snr,2.8431,0.951
47,v4,v11,40.0,70.06,10.0,1.0,0.3503,0.2,8.0638,False,all_dynamic_snr,2.8428,0.9539
47,v4,v12,40.0,100.0,30.0,1.0,0.5,0.6,3.1835,True,all_dynamic_snr,2.5731,0.883
47,v4,v7,40.0,110.04,0.0,1.0,0.5502,0.0,7.3351,False,all_dynamic_snr,2.8191,0.9412
48,v1,v2,40.0,30.15,10.0,1.0,0.1507,0.2,13.9232,False,all_dynamic_snr,2.9342,0.9553
48,v1,v6,40.0,150.03,30.0,1.0,0.7501,0.6,0.3647,True,all_dynamic_snr,2.2557,0.7832
48,v2,v1,20.0,30.15,10.0,0.6,0.1507,0.2,-6.0768,False,all_dynamic_snr,1.3718,0.3984
48,v2,v6,20.0,120.0,20.0,0.6,0.6,0.4,-17.0839,True,all_dynamic_snr,0.6135,0.1391
48,v3,v4,20.0,80.06,10.0,0.6,0.4003,0.2,-12.8626,True,all_dynamic_snr,0.7962,0.1766
48,v3,v8,20.0,110.04,10.0,0.6,0.5502,0.2,-15.0731,True,all_dynamic_snr,0.6757,0.1564
48,v3,v11,20.0,140.0,30.0,0.6,0.7,0.6,-19.1545,True,all_dynamic_snr,0.547,0.1184
48,v3,v12,20.0,150.03,10.0,0.6,0.7501,0.2,-17.2271,True,all_dynamic_snr,0.5936,0.1314
48,v3,v7,20.0,190.0,0.0,0.6,0.95,0.0,-16.4601,True,all_dynamic_snr,0.6327,0.1654
48,v4,v8,40.0,30.0,0.0,1.0,0.15,0.0,16.3661,False,all_dynamic_snr,2.9525,0.9553
48,v4,v11,40.0,60.07,20.0,1.0,0.3004,0.4,7.7239,False,all_dynamic_snr,2.8328,0.9516
48,v4,v12,40.0,70.0,0.0,1.0,0.35,0.0,10.4784,False,all_dynamic_snr,2.9013,0.9563
48,v4,v3,40.0,80.06,10.0,1.0,0.4003,0.2,7.1374,False,all_dynamic_snr,2.813,0.9426
48,v4,v7,40.0,110.04,10.0,1.0,0.5502,0.2,4.9269,False,all_dynamic_snr,2.7009,0.9223
49,v1,v2,40.0,20.22,10.0,1.0,0.1011,0.2,16.698,False,all_dynamic_snr,2.9517,0.9592
49,v1,v6,40.0,120.04,0.0,1.0,0.6002,0.0,6.7309,False,all_dynamic_snr,2.7983,0.9441
49,v2,v1,20.0,20.22,10.0,0.6,0.1011,0.2,-3.302,False,all_dynamic_snr,1.7251,0.5705
49,v2,v6,20.0,100.0,10.0,0.6,0.5,0.2,-14.4082,True,all_dynamic_snr,0.7164,0.185
49,v3,v4,20.0,70.06,10.0,0.6,0.3503,0.2,-11.9362,True,all_dynamic_snr,0.8204,0.2055
49,v3,v8,20.0,100.04,10.0,0.6,0.5002,0.2,-14.4114,True,all_dynamic_snr,0.7123,0.1689
49,v3,v11,20.0,110.0,10.0,0.6,0.55,0.2,-15.0705,True,all_dynamic_snr,0.6826,0.1561
49,v3,v12,20.0,140.03,30.0,0.6,0.7002,0.6,-19.1561,True,all_dynamic_snr,0.5495,0.1348
49,v3,v7,20.0,190.0,10.0,0.6,0.95,0.2,-18.8683,True,all_dynamic_snr,0.5545,0.1146
49,v4,v8,40.0,30.0,0.0,1.0,0.15,0.0,16.3661,False,all_dynamic_snr,2.9514,0.9568
49,v4,v11,40.0,40.11,0.0,1.0,0.2006,0.0,14.3476,False,all_dynamic_snr,2.9389,0.9582
49,v4,v12,40.0,70.0,40.0,1.0,0.35,0.8,4.8867,True,all_dynamic_snr,2.6962,0.9332
49,v4,v3,40.0,70.06,10.0,1.0,0.3503,0.2,8.0638,False,all_dynamic_snr,2.841,0.9523
49,v4,v7,40.0,120.04,0.0,1.0,0.6002,0.0,6.7309,False,all_dynamic_snr,2.7976,0.9455
50,v1,v2,40.0,30.15,10.0,1.0,0.1507,0.2,13.9232,False,all_dynamic_snr,2.9373,0.9582
50,v1,v6,40.0,120.04,30.0,1.0,0.6002,0.6,1.9144,True,all_dynamic_snr,2.4517,0.8314
50,v2,v1,20.0,30.15,10.0,0.6,0.1507,0.2,-6.0768,False,all_dynamic_snr,1.3805,0.3979
50,v2,v6,20.0,90.0,20.0,0.6,0.45,0.4,-15.0849,True,all_dynamic_snr,0.6754,0.1703
50,v3,v4,20.0,80.06,0.0,0.6,0.4003,0.0,-10.4543,True,all_dynamic_snr,0.9504,0.2594
50,v3,v8,20.0,110.04,10.0,0.6,0.5502,0.2,-15.0731,True,all_dynamic_snr,0.6789,0.16
50,v3,v12,20.0,110.04,0.0,0.6,0.5502,0.0,-12.6649,True,all_dynamic_snr,0.8185,0.2088
50,v3,v11,20.0,120.0,20.0,0.6,0.6,0.4,-17.0839,True,all_dynamic_snr,0.6058,0.1439
50,v3,v7,20.0,200.0,0.0,0.6,1.0,0.0,-16.8165,True,all_dynamic_snr,0.6213,0.1354
50,v4,v8,40.0,30.0,10.0,1.0,0.15,0.2,13.9578,False,all_dynamic_snr,2.9375,0.9533
50,v4,v12,40.0,30.0,0.0,1.0,0.15,0.0,16.3661,False,all_dynamic_snr,2.9513,0.9592
50,v4,v11,40.0,40.11,20.0,1.0,0.2006,0.4,10.5306,False,all_dynamic_snr,2.897,0.9479
50,v4,v3,40.0,80.06,0.0,1.0,0.4003,0.0,9.5457,False,all_dynamic_snr,2.8812,0.952
50,v4,v7,40.0,120.04,0.0,1.0,0.6002,0.0,6.7309,False,all_dynamic_snr,2.7978,0.948
51,v1,v2,40.0,40.11,10.0,1.0,0.2006,0.2,11.9393,False,all_dynamic_snr,2.918,0.9598
51,v1,v6,40.0,150.03,0.0,1.0,0.7501,0.0,5.1812,False,all_dynamic_snr,2.7176,0.9289
51,v2,v1,20.0,40.11,10.0,0.6,0.2006,0.2,-8.0607,False,all_dynamic_snr,1.15,0.3266
51,v2,v6,20.0,110.0,10.0,0.6,0.55,0.2,-15.0705,True,all_dynamic_snr,0.6805,0.1676
51,v3,v4,20.0,80.06,10.0,0.6,0.4003,0.2,-12.8626,True,all_dynamic_snr,0.8074,0.2076
51,v3,v12,20.0,110.04,30.0,0.6,0.5502,0.6,-17.4813,True,all_dynamic_snr,0.6072,0.1602
51,v3,v8,20.0,120.04,0.0,0.6,0.6002,0.0,-13.2691,True,all_dynamic_snr,0.7652,0.1813
51,v3,v11,20.0,140.0,30.0,0.6,0.7,0.6,-19.1545,True,all_dynamic_snr,0.5482,0.1434
51,v3,v7,20.0,200.0,40.0,0.6,1.0,0.8,-22.4082,True,all_dynamic_snr,0.4782,0.1137
51,v4,v12,40.0,30.0,20.0,1.0,0.15,0.4,12.5491,False,all_dynamic_snr,2.9272,0.9578
51,v4,v8,40.0,40.0,10.0,1.0,0.2,0.2,11.9588,False,all_dynamic_snr,2.9197,0.9553
51,v4,v11,40.0,60.07,20.0,1.0,0.3004,0.4,7.7239,False,all_dynamic_snr,2.8329,0.9412
51,v4,v3,40.0,80.06,10.0,1.0,0.4003,0.2,7.1374,False,all_dynamic_snr,2.8066,0.9588
51,v4,v7,40.0,120.04,30.0,1.0,0.6002,0.6,1.9144,True,all_dynamic_snr,2.447,0.8641
52,v1,v2,40.0,30.15,10.0,1.0,0.1507,0.2,13.9232,False,all_dynamic_snr,2.9398,0.9582
52,v1,v6,40.0,150.03,30.0,1.0,0.7501,0.6,0.3647,True,all_dynamic_snr,2.2786,0.8051
52,v2,v1,20.0,30.15,10.0,0.6,0.1507,0.2,-6.0768,False,all_dynamic_snr,1.3673,0.3879
52,v2,v6,20.0,120.0,20.0,0.6,0.6,0.4,-17.0839,True,all_dynamic_snr,0.6148,0.1539
52,v3,v4,20.0,70.06,20.0,0.6,0.3503,0.4,-13.3449,True,all_dynamic_snr,0.7654,0.1943
52,v3,v12,20.0,80.06,10.0,0.6,0.4003,0.2,-12.8626,True,all_dynamic_snr,0.7838,0.193
52,v3,v11,20.0,110.0,0.0,0.6,0.55,0.0,-12.6623,True,all_dynamic_snr,0.7869,0.1822
52,v3,v8,20.0,120.04,20.0,0.6,0.6002,0.4,-17.086,True,all_dynamic_snr,0.6245,0.1297
52,v3,v7,20.0,160.0,20.0,0.6,0.8,0.4,-19.0829,True,all_dynamic_snr,0.5627,0.1479
52,v4,v12,40.0,10.0,30.0,1.0,0.05,0.6,19.1835,False,all_dynamic_snr,2.9601,0.9553
52,v4,v11,40.0,40.11,20.0,1.0,0.2006,0.4,10.5306,False,all_dynamic_snr,2.8987,0.9559
52,v4,v8,40.0,50.0,0.0,1.0,0.25,0.0,12.8165,False,all_dynamic_snr,2.9294,0.9598
52,v4,v3,40.0,70.06,20.0,1.0,0.3503,0.4,6.6551,False,all_dynamic_snr,2.7926,0.9426
52,v4,v7,40.0,90.05,40.0,1.0,0.4502,0.8,3.1365,True,all_dynamic_snr,2.5703,0.9062
53,v1,v2,40.0,20.22,30.0,1.0,0.1011,0.6,14.2897,False,all_dynamic_snr,2.9397,0.9582
53,v1,v6,40.0,120.04,40.0,1.0,0.6002,0.8,1.1392,True,all_dynamic_snr,2.3459,0.8154
53,v2,v1,20.0,20.22,30.0,0.6,0.1011,0.6,-5.7103,True,all_dynamic_snr,1.4161,0.4016
53,v2,v6,20.0,100.0,10.0,0.6,0.5,0.2,-14.4082,True,all_dynamic_snr,0.7185,0.1809
53,v3,v4,20.0,50.09,10.0,0.6,0.2504,0.2,-9.6042,False,all_dynamic_snr,1.0205,0.2912
53,v3,v12,20.0,90.05,20.0,0.6,0.4502,0.4,-15.0887,True,all_dynamic_snr,0.7022,0.1697
53,v3,v8,20.0,100.04,10.0,0.6,0.5002,0.2,-14.4114,True,all_dynamic_snr,0.7027,0.1426
53,v3,v11,20.0,110.0,20.0,0.6,0.55,0.4,-16.4793,True,all_dynamic_snr,0.6347,0.1531
53,v3,v7,20.0,180.0,20.0,0.6,0.9,0.4,-19.9013,True,all_dynamic_snr,0.5314,0.1355
53,v4,v12,40.0,40.0,30.0,1.0,0.2,0.6,9.5506,False,all_dynamic_snr,2.8823,0.9529
53,v4,v8,40.0,50.0,0.0,1.0,0.25,0.0,12.8165,False,all_dynamic_snr,2.9279,0.9602
53,v4,v3,40.0,50.09,10.0,1.0,0.2504,0.2,10.3958,False,all_dynamic_snr,2.8959,0.9543
53,v4,v11,40.0,60.07,10.0,1.0,0.3004,0.2,9.1327,False,all_dynamic_snr,2.8714,0.9543
53,v4,v7,40.0,130.03,10.0,1.0,0.6502,0.2,3.7668,False,all_dynamic_snr,2.608,0.9078
54,v1,v2,40.0,10.44,40.0,1.0,0.0522,0.8,18.1088,True,all_dynamic_snr,2.9576,0.9582
54,v1,v6,40.0,80.06,30.0,1.0,0.4003,0.6,4.7292,False,all_dynamic_snr,2.6975,0.9143
54,v2,v1,20.0,10.44,40.0,0.6,0.0522,0.8,-1.8912,True,all_dynamic_snr,1.9268,0.6424
54,v2,v6,20.0,90.0,10.0,0.6,0.45,0.2,-13.6761,True,all_dynamic_snr,0.7549,0.2029
54,v3,v4,20.0,40.11,20.0,0.6,0.2006,0.4,-9.4694,True,all_dynamic_snr,1.0354,0.2619
54,v3,v11,20.0,90.0,10.0,0.6,0.45,0.2,-13.6761,True,all_dynamic_snr,0.7329,0.1855
54,v3,v8,20.0,90.05,20.0,0.6,0.4502,0.4,-15.0887,True,all_dynamic_snr,0.696,0.1639
54,v3,v12,20.0,110.04,20.0,0.6,0.5502,0.4,-16.4818,True,all_dynamic_snr,0.6421,0.1602
54,v3,v7,20.0,160.0,10.0,0.6,0.8,0.2,-17.6742,True,all_dynamic_snr,0.5898,0.1291
54,v4,v3,40.0,40.11,20.0,1.0,0.2006,0.4,10.5306,False,all_dynamic_snr,2.8991,0.9494
54,v4,v8,40.0,50.0,0.0,1.0,0.25,0.0,12.8165,False,all_dynamic_snr,2.9271,0.9611
54,v4,v11,40.0,50.09,30.0,1.0,0.2504,0.6,7.9875,False,all_dynamic_snr,2.8408,0.9455
54,v4,v12,40.0,70.0,0.0,1.0,0.35,0.0,10.4784,False,all_dynamic_snr,2.8988,0.9564
54,v4,v7,40.0,120.04,10.0,1.0,0.6002,0.2,4.3227,False,all_dynamic_snr,2.6672,0.9211
55,v1,v2,40.0,30.15,10.0,1.0,0.1507,0.2,13.9232,False,all_dynamic_snr,2.9393,0.9611
55,v1,v6,40.0,110.04,20.0,1.0,0.5502,0.4,3.5182,False,all_dynamic_snr,2.5961,0.902
55,v2,v1,20.0,30.15,10.0,0.6,0.1507,0.2,-6.0768,False,all_dynamic_snr,1.3568,0.384
55,v2,v6,20.0,80.0,10.0,0.6,0.4,0.2,-12.8577,True,all_dynamic_snr,0.7827,0.1953
55,v3,v4,20.0,20.22,10.0,0.6,0.1011,0.2,-3.302,False,all_dynamic_snr,1.7366,0.5541
55,v3,v8,20.0,70.06,20.0,0.6,0.3503,0.4,-13.3449,True,all_dynamic_snr,0.7709,0.184
55,v3,v12,20.0,90.05,0.0,0.6,0.4502,0.0,-11.2717,True,all_dynamic_snr,0.8782,0.2205
55,v3,v11,20.0,100.0,20.0,0.6,0.5,0.4,-15.817,True,all_dynamic_snr,0.6557,0.1477
55,v3,v7,20.0,150.0,10.0,0.6,0.75,0.2,-17.2257,True,all_dynamic_snr,0.6038,0.1482
55,v4,v3,40.0,20.22,10.0,1.0,0.1011,0.2,16.698,False,all_dynamic_snr,2.9518,0.9617
55,v4,v8,40.0,50.0,10.0,1.0,0.25,0.2,10.4082,False,all_dynamic_snr,2.8965,0.9572
55,v4,v12,40.0,70.0,10.0,1.0,0.35,0.2,8.0702,False,all_dynamic_snr,2.839,0.9475
55,v4,v11,40.0,80.06,30.0,1.0,0.4003,0.6,4.7292,False,all_dynamic_snr,2.6824,0.9285
55,v4,v7,40.0,130.03,0.0,1.0,0.6502,0.0,6.1751,False,all_dynamic_snr,2.7652,0.9426
56,v1,v2,40.0,20.22,30.0,1.0,0.1011,0.6,14.2897,False,all_dynamic_snr,2.94,0.9611
56,v1,v6,40.0,90.05,10.0,1.0,0.4502,0.2,6.32,False,all_dynamic_snr,2.7782,0.9383
56,v2,v1,20.0,20.22,30.0,0.6,0.1011,0.6,-5.7103,True,all_dynamic_snr,1.4105,0.4238
56,v2,v6,20.0,70.0,40.0,0.6,0.35,0.8,-15.1133,True,all_dynamic_snr,0.6824,0.1816
56,v3,v4,20.0,10.44,30.0,0.6,0.0522,0.6,-1.1159,True,all_dynamic_snr,2.0551,0.6814
56,v3,v8,20.0,50.09,20.0,0.6,0.2504,0.4,-11.013,True,all_dynamic_snr,0.8964,0.2209
56,v3,v12,20.0,90.05,30.0,0.6,0.4502,0.6,-16.0882,True,all_dynamic_snr,0.6261,0.168
56,v3,v11,20.0,120.0,10.0,0.6,0.6,0.2,-15.6751,True,all_dynamic_snr,0.653,0.1592
56,v3,v7,20.0,140.0,20.0,0.6,0.7,0.4,-18.155,True,all_dynamic_snr,0.594,0.1408
56,v4,v3,40.0,10.44,30.0,1.0,0.0522,0.6,18.8841,False,all_dynamic_snr,2.9581,0.9588
56,v4,v8,40.0,40.0,10.0,1.0,0.2,0.2,11.9588,False,all_dynamic_snr,2.9178,0.9537
56,v4,v12,40.0,80.0,0.0,1.0,0.4,0.0,9.5506,False,all_dynamic_snr,2.8812,0.9529
56,v4,v11,40.0,110.04,20.0,1.0,0.5502,0.4,3.5182,False,all_dynamic_snr,2.605,0.9168
56,v4,v7,40.0,130.03,10.0,1.0,0.6502,0.2,3.7668,False,all_dynamic_snr,2.6259,0.898
57,v1,v2,40.0,50.09,10.0,1.0,0.2504,0.2,10.3958,False,all_dynamic_snr,2.8998,0.9543
57,v1,v6,40.0,80.06,20.0,1.0,0.4003,0.4,5.7287,False,all_dynamic_snr,2.7508,0.9344
57,v2,v6,20.0,30.0,10.0,0.6,0.15,0.2,-6.0422,False,all_dynamic_snr,1.3809,0.4055
57,v2,v1,20.0,50.09,10.0,0.6,0.2504,0.2,-9.6042,False,all_dynamic_snr,1.0239,0.2582
57,v2,v5,20.0,190.02,20.0,0.6,0.9501,0.4,-20.2779,True,all_dynamic_snr,0.5248,0.1408
57,v3,v4,20.0,20.22,40.0,0.6,0.1011,0.8,-6.4855,True,all_dynamic_snr,1.3364,0.4027
57,v3,v8,20.0,30.15,30.0,0.6,0.1507,0.6,-8.485,True,all_dynamic_snr,1.1008,0.3018
57,v3,v12,20.0,60.07,30.0,0.6,0.3004,0.6,-13.2756,True,all_dynamic_snr,0.745,0.1736
57,v3,v11,20.0,110.0,40.0,0.6,0.55,0.8,-18.254,True,all_dynamic_snr,0.5937,0.1469
57,v3,v7,20.0,120.0,40.0,0.6,0.6,0.8,-18.8587,True,all_dynamic_snr,0.5592,0.1178
57,v4,v3,40.0,20.22,40.0,1.0,0.1011,0.8,13.5145,True,all_dynamic_snr,2.9342,0.9607
57,v4,v8,40.0,50.0,10.0,1.0,0.25,0.2,10.4082,False,all_dynamic_snr,2.8919,0.9617
57,v4,v12,40.0,80.0,10.0,1.0,0.4,0.2,7.1423,False,all_dynamic_snr,2.8074,0.9475
57,v4,v11,40.0,130.03,0.0,1.0,0.6502,0.0,6.1751,False,all_dynamic_snr,2.7715,0.9393
57,v4,v7,40.0,140.03,0.0,1.0,0.7002,0.0,5.6604,False,all_dynamic_snr,2.7424,0.9402
58,v1,v2,40.0,40.11,10.0,1.0,0.2006,0.2,11.9393,False,all_dynamic_snr,2.9184,0.9563
58,v1,v6,40.0,60.07,10.0,1.0,0.3004,0.2,9.1327,False,all_dynamic_snr,2.8764,0.9459
58,v2,v6,20.0,20.0,0.0,0.6,0.1,0.0,-0.8165,False,all_dynamic_snr,2.0799,0.6986
58,v2,v1,20.0,40.11,10.0,0.6,0.2006,0.2,-8.0607,False,all_dynamic_snr,1.1365,0.3135
58,v2,v5,20.0,170.03,30.0,0.6,0.8501,0.6,-20.5047,True,all_dynamic_snr,0.5216,0.1514
58,v3,v4,20.0,20.22,20.0,0.6,0.1011,0.4,-4.7108,True,all_dynamic_snr,1.5353,0.4619
58,v3,v8,20.0,60.07,0.0,0.6,0.3004,0.0,-8.4591,True,all_dynamic_snr,1.1134,0.2979
58,v3,v12,20.0,90.05,10.0,0.6,0.4502,0.2,-13.68,True,all_dynamic_snr,0.7314,0.1953
58,v3,v11,20.0,150.0,20.0,0.6,0.75,0.4,-18.6344,True,all_dynamic_snr,0.5685,0.1451
58,v3,v7,20.0,160.0,30.0,0.6,0.8,0.6,-20.0824,True,all_dynamic_snr,0.5259,0.1244
58,v4,v3,40.0,20.22,20.0,1.0,0.1011,0.4,15.2892,False,all_dynamic_snr,2.9449,0.9568
58,v4,v8,40.0,40.0,20.0,1.0,0.2,0.4,10.5501,False,all_dynamic_snr,2.8966,0.9553
58,v4,v12,40.0,70.0,10.0,1.0,0.35,0.2,8.0702,False,all_dynamic_snr,2.8406,0.948
58,v4,v11,40.0,130.03,0.0,1.0,0.6502,0.0,6.1751,False,all_dynamic_snr,2.7748,0.95
58,v4,v7,40.0,140.03,10.0,1.0,0.7002,0.2,3.2521,False,all_dynamic_snr,2.5807,0.9031
59,v1,v2,40.0,30.15,20.0,1.0,0.1507,0.4,12.5145,False,all_dynamic_snr,2.9245,0.9523
59,v1,v6,40.0,50.09,10.0,1.0,0.2504,0.2,10.3958,False,all_dynamic_snr,2.8955,0.9547
59,v2,v6,20.0,20.0,10.0,0.6,0.1,0.2,-3.2247,False,all_dynamic_snr,1.7573,0.5805
59,v2,v1,20.0,30.15,20.0,0.6,0.1507,0.4,-7.4855,True,all_dynamic_snr,1.2278,0.3412
59,v3,v4,20.0,3.0,10.0,0.6,0.015,0.2,9.9578,False,all_dynamic_snr,2.8847,0.9617
59,v3,v8,20.0,60.07,0.0,0.6,0.3004,0.0,-8.4591,True,all_dynamic_snr,1.1319,0.2955
59,v3,v12,20.0,80.06,30.0,0.6,0.4003,0.6,-15.2708,True,all_dynamic_snr,0.6572,0.1379
59,v3,v7,20.0,130.0,0.0,0.6,0.65,0.0,-13.8231,True,all_dynamic_snr,0.7451,0.1715
59,v3,v11,20.0,130.0,20.0,0.6,0.65,0.4,-17.6401,True,all_dynamic_snr,0.58,0.1436
59,v4,v3,40.0,3.0,10.0,1.0,0.015,0.2,29.9578,False,all_dynamic_snr,2.9687,0.9592
59,v4,v8,40.0,60.0,10.0,1.0,0.3,0.2,9.1413,False,all_dynamic_snr,2.8694,0.9588
59,v4,v12,40.0,80.0,20.0,1.0,0.4,0.4,5.7336,False,all_dynamic_snr,2.7527,0.9318
59,v4,v7,40.0,130.03,10.0,1.0,0.6502,0.2,3.7668,False,all_dynamic_snr,2.6241,0.9127
59,v4,v11,40.0,130.03,10.0,1.0,0.6502,0.2,3.7668,False,all_dynamic_snr,2.6162,0.9023
60,v1,v2,40.0,10.44,0.0,1.0,0.0522,0.0,23.7006,False,all_dynamic_snr,2.966,0.9602
60,v1,v6,40.0,40.11,20.0,1.0,0.2006,0.4,10.5306,False,all_dynamic_snr,2.8959,0.9553
60,v2,v1,20.0,10.44,0.0,0.6,0.0522,0.0,3.7006,False,all_dynamic_snr,2.6172,0.9084
60,v2,v6,20.0,30.0,20.0,0.6,0.15,0.4,-7.4509,True,all_dynamic_snr,1.2142,0.3387
60,v3,v4,20.0,10.44,20.0,0.6,0.0522,0.4,-0.1164,True,all_dynamic_snr,2.2007,0.7721
60,v3,v8,20.0,60.07,30.0,0.6,0.3004,0.6,-13.2756,True,all_dynamic_snr,0.7712,0.1822
60,v3,v12,20.0,110.04,10.0,0.6,0.5502,0.2,-15.0731,True,all_dynamic_snr,0.6753,0.165
60,v3,v7,20.0,130.0,30.0,0.6,0.65,0.6,-18.6396,True,all_dynamic_snr,0.5662,0.1428
60,v3,v11,20.0,150.0,20.0,0.6,0.75,0.4,-18.6344,True,all_dynamic_snr,0.5672,0.1346
60,v4,v3,40.0,10.44,20.0,1.0,0.0522,0.4,19.8836,False,all_dynamic_snr,2.9594,0.9598
60,v4,v8,40.0,50.0,10.0,1.0,0.25,0.2,10.4082,False,all_dynamic_snr,2.8958,0.9572
60,v4,v12,40.0,100.0,30.0,1.0,0.5,0.6,3.1835,True,all_dynamic_snr,2.5707,0.9133
60,v4,v7,40.0,120.04,10.0,1.0,0.6002,0.2,4.3227,False,all_dynamic_snr,2.6682,0.9143
60,v4,v11,40.0,140.03,0.0,1.0,0.7002,0.0,5.6604,False,all_dynamic_snr,2.7447,0.95
61,v1,v2,40.0,10.44,0.0,1.0,0.0522,0.0,23.7006,False,all_dynamic_snr,2.9662,0.9582
61,v1,v6,40.0,60.07,0.0,1.0,0.3004,0.0,11.5409,False,all_dynamic_snr,2.9136,0.9484
61,v2,v1,20.0,10.44,0.0,0.6,0.0522,0.0,3.7006,False,all_dynamic_snr,2.6088,0.9139
61,v2,v6,20.0,50.0,0.0,0.6,0.25,0.0,-7.1835,False,all_dynamic_snr,1.2558,0.3535
61,v3,v4,20.0,10.44,10.0,0.6,0.0522,0.2,1.2923,False,all_dynamic_snr,2.3755,0.834
61,v3,v8,20.0,30.15,10.0,0.6,0.1507,0.2,-6.0768,False,all_dynamic_snr,1.3646,0.4094
61,v3,v7,20.0,100.0,0.0,0.6,0.5,0.0,-12.0,True,all_dynamic_snr,0.8447,0.1865
61,v3,v12,20.0,120.04,40.0,0.6,0.6002,0.8,-18.8608,True,all_dynamic_snr,0.5764,0.1293
61,v3,v11,20.0,130.0,0.0,0.6,0.65,0.0,-13.8231,True,all_dynamic_snr,0.7295,0.1729
61,v4,v3,40.0,10.44,10.0,1.0,0.0522,0.2,21.2923,False,all_dynamic_snr,2.9621,0.9582
61,v4,v8,40.0,40.0,0.0,1.0,0.2,0.0,14.367,False,all_dynamic_snr,2.9406,0.9598
61,v4,v7,40.0,110.04,10.0,1.0,0.5502,0.2,4.9269,False,all_dynamic_snr,2.6979,0.9318
61,v4,v12,40.0,130.0,30.0,1.0,0.65,0.6,1.3604,True,all_dynamic_snr,2.3841,0.8213
61,v4,v11,40.0,140.03,10.0,1.0,0.7002,0.2,3.2521,False,all_dynamic_snr,2.5704,0.8971
62,v1,v2,40.0,10.44,30.0,1.0,0.0522,0.6,18.8841,False,all_dynamic_snr,2.9594,0.9582
62,v1,v6,40.0,60.07,0.0,1.0,0.3004,0.0,11.5409,False,all_dynamic_snr,2.9137,0.9527
62,v2,v1,20.0,10.44,30.0,0.6,0.0522,0.6,-1.1159,True,all_dynamic_snr,2.0554,0.7008
62,v2,v6,20.0,50.0,30.0,0.6,0.25,0.6,-12.0,True,all_dynamic_snr,0.8352,0.2301
62,v3,v4,20.0,3.0,10.0,0.6,0.015,0.2,9.9578,False,all_dynamic_snr,2.8882,0.9539
62,v3,v8,20.0,40.11,10.0,0.6,0.2006,0.2,-8.0607,False,all_dynamic_snr,1.1265,0.2963
62,v3,v7,20.0,100.0,10.0,0.6,0.5,0.2,-14.4082,True,all_dynamic_snr,0.705,0.1666
62,v3,v11,20.0,130.0,10.0,0.6,0.65,0.2,-16.2313,True,all_dynamic_snr,0.6613,0.1648
62,v3,v12,20.0,160.03,20.0,0.6,0.8001,0.4,-19.0841,True,all_dynamic_snr,0.5557,0.1414
62,v4,v3,40.0,3.0,10.0,1.0,0.015,0.2,29.9578,False,all_dynamic_snr,2.9689,0.9582
62,v4,v8,40.0,40.0,20.0,1.0,0.2,0.4,10.5501,False,all_dynamic_snr,2.8999,0.9568
62,v4,v7,40.0,100.04,0.0,1.0,0.5002,0.0,7.9969,False,all_dynamic_snr,2.8397,0.9475
62,v4,v11,40.0,130.03,0.0,1.0,0.6502,0.0,6.1751,False,all_dynamic_snr,2.7753,0.9389
62,v4,v12,40.0,160.0,10.0,1.0,0.8,0.2,2.3258,True,all_dynamic_snr,2.4919,0.8621
63,v1,v2,40.0,20.22,40.0,1.0,0.1011,0.8,13.5145,True,all_dynamic_snr,2.9327,0.9611
63,v1,v6,40.0,60.07,30.0,1.0,0.3004,0.6,6.7244,False,all_dynamic_snr,2.7956,0.9457
63,v2,v1,20.0,20.22,40.0,0.6,0.1011,0.8,-6.4855,True,all_dynamic_snr,1.3248,0.3812
63,v2,v6,20.0,80.0,10.0,0.6,0.4,0.2,-12.8577,True,all_dynamic_snr,0.7991,0.1744
63,v3,v4,20.0,10.44,10.0,0.6,0.0522,0.2,1.2923,False,all_dynamic_snr,2.3736,0.8328
63,v3,v8,20.0,50.09,20.0,0.6,0.2504,0.4,-11.013,True,all_dynamic_snr,0.9166,0.215
63,v3,v7,20.0,90.0,10.0,0.6,0.45,0.2,-13.6761,True,all_dynamic_snr,0.7587,0.2174
63,v3,v11,20.0,120.0,10.0,0.6,0.6,0.2,-15.6751,True,all_dynamic_snr,0.6545,0.1809
63,v3,v12,20.0,140.03,0.0,0.6,0.7002,0.0,-14.3396,True,all_dynamic_snr,0.709,0.1818
63,v4,v3,40.0,10.44,10.0,1.0,0.0522,0.2,21.2923,False,all_dynamic_snr,2.9628,0.9598
63,v4,v8,40.0,60.0,30.0,1.0,0.3,0.6,6.7331,False,all_dynamic_snr,2.7917,0.9471
63,v4,v7,40.0,100.04,0.0,1.0,0.5002,0.0,7.9969,False,all_dynamic_snr,2.8411,0.951
63,v4,v11,40.0,130.03,20.0,1.0,0.6502,0.4,2.3581,True,all_dynamic_snr,2.494,0.8805
63,v4,v12,40.0,150.0,10.0,1.0,0.75,0.2,2.7743,False,all_dynamic_snr,2.5276,0.8764
64,v1,v6,40.0,30.15,10.0,1.0,0.1507,0.2,13.9232,False,all_dynamic_snr,2.9382,0.9572
64,v1,v2,40.0,60.07,20.0,1.0,0.3004,0.4,7.7239,False,all_dynamic_snr,2.8304,0.951
64,v2,v1,20.0,60.07,20.0,0.6,0.3004,0.4,-12.2761,True,all_dynamic_snr,0.8226,0.1982
64,v2,v6,20.0,90.0,10.0,0.6,0.45,0.2,-13.6761,True,all_dynamic_snr,0.7491,0.1783
64,v3,v4,20.0,20.22,10.0,0.6,0.1011,0.2,-3.302,False,all_dynamic_snr,1.7311,0.5541
64,v3,v8,20.0,70.06,10.0,0.6,0.3503,0.2,-11.9362,True,all_dynamic_snr,0.8556,0.1936
64,v3,v7,20.0,80.0,0.0,0.6,0.4,0.0,-10.4494,True,all_dynamic_snr,0.9405,0.217
64,v3,v11,20.0,130.0,20.0,0.6,0.65,0.4,-17.6401,True,all_dynamic_snr,0.5841,0.1297
64,v3,v12,20.0,140.03,10.0,0.6,0.7002,0.2,-16.7479,True,all_dynamic_snr,0.6196,0.14
64,v4,v3,40.0,20.22,10.0,1.0,0.1011,0.2,16.698,False,all_dynamic_snr,2.9527,0.9637
64,v4,v8,40.0,90.0,20.0,1.0,0.45,0.4,4.9151,False,all_dynamic_snr,2.7025,0.9197
64,v4,v7,40.0,100.04,10.0,1.0,0.5002,0.2,5.5886,False,all_dynamic_snr,2.7393,0.926
64,v4,v11,40.0,150.03,30.0,1.0,0.7501,0.6,0.3647,True,all_dynamic_snr,2.2544,0.7982
64,v4,v12,40.0,160.0,20.0,1.0,0.8,0.4,0.9171,True,all_dynamic_snr,2.3295,0.8105
65,v1,v6,40.0,20.22,10.0,1.0,0.1011,0.2,16.698,False,all_dynamic_snr,2.953,0.9572
65,v1,v2,40.0,80.06,20.0,1.0,0.4003,0.4,5.7287,False,all_dynamic_snr,2.7427,0.9309
65,v2,v1,20.0,80.06,20.0,0.6,0.4003,0.4,-14.2713,True,all_dynamic_snr,0.7226,0.1709
65,v2,v6,20.0,100.0,30.0,0.6,0.5,0.6,-16.8165,True,all_dynamic_snr,0.6166,0.1613
65,v3,v4,20.0,30.15,40.0,0.6,0.1507,0.8,-9.2603,True,all_dynamic_snr,1.055,0.2918
65,v3,v7,20.0,80.0,20.0,0.6,0.4,0.4,-14.2664,True,all_dynamic_snr,0.7064,0.1527
65,v3,v8,20.0,80.06,30.0,0.6,0.4003,0.6,-15.2708,True,all_dynamic_snr,0.6718,0.16
65,v3,v11,20.0,150.0,30.0,0.6,0.75,0.6,-19.6339,True,all_dynamic_snr,0.5324,0.1357
65,v3,v12,20.0,150.03,30.0,0.6,0.7501,0.6,-19.6353,True,all_dynamic_snr,0.5414,0.1295
65,v4,v3,40.0,30.15,40.0,1.0,0.1507,0.8,10.7397,True,all_dynamic_snr,2.8967,0.9592
65,v4,v8,40.0,110.0,10.0,1.0,0.55,0.2,4.9295,False,all_dynamic_snr,2.7021,0.9244
65,v4,v7,40.0,110.04,20.0,1.0,0.5502,0.4,3.5182,False,all_dynamic_snr,2.6023,0.8918
65,v4,v12,40.0,180.0,10.0,1.0,0.9,0.2,1.5074,True,all_dynamic_snr,2.3995,0.8402
65,v4,v11,40.0,180.02,10.0,1.0,0.9001,0.2,1.5064,True,all_dynamic_snr,2.3957,0.8365
66,v1,v6,40.0,10.44,20.0,1.0,0.0522,0.4,19.8836,False,all_dynamic_snr,2.9612,0.9592
66,v1,v2,40.0,60.07,20.0,1.0,0.3004,0.4,7.7239,False,all_dynamic_snr,2.8301,0.9406
66,v2,v1,20.0,60.07,20.0,0.6,0.3004,0.4,-12.2761,True,all_dynamic_snr,0.8082,0.1719
66,v2,v6,20.0,70.0,0.0,0.6,0.35,0.0,-9.5216,True,all_dynamic_snr,1.0195,0.2664
66,v3,v4,20.0,10.44,10.0,0.6,0.0522,0.2,1.2923,False,all_dynamic_snr,2.3692,0.8385
66,v3,v7,20.0,100.0,20.0,0.6,0.5,0.4,-15.817,True,all_dynamic_snr,0.6298,0.1299
66,v3,v8,20.0,110.04,0.0,0.6,0.5502,0.0,-12.6649,True,all_dynamic_snr,0.8026,0.2002
66,v3,v11,20.0,180.0,30.0,0.6,0.9,0.6,-20.9008,True,all_dynamic_snr,0.511,0.1477
66,v3,v12,20.0,180.02,10.0,0.6,0.9001,0.2,-18.4936,True,all_dynamic_snr,0.5544,0.1396
66,v4,v3,40.0,10.44,10.0,1.0,0.0522,0.2,21.2923,False,all_dynamic_snr,2.9639,0.9592
66,v4,v7,40.0,90.05,30.0,1.0,0.4502,0.6,3.9118,True,all_dynamic_snr,2.6359,0.9139
66,v4,v8,40.0,100.0,10.0,1.0,0.5,0.2,5.5918,False,all_dynamic_snr,2.7366,0.9379
66,v4,v12,40.0,170.0,20.0,1.0,0.85,0.4,0.4958,True,all_dynamic_snr,2.2833,0.8057
66,v4,v11,40.0,170.03,40.0,1.0,0.8501,0.8,-1.28,True,all_dynamic_snr,2.0317,0.6859
67,v1,v6,40.0,30.15,30.0,1.0,0.1507,0.6,11.515,False,all_dynamic_snr,2.9119,0.9563
67,v1,v2,40.0,40.11,30.0,1.0,0.2006,0.6,9.5311,False,all_dynamic_snr,2.8789,0.9549
67,v2,v1,20.0,40.11,30.0,0.6,0.2006,0.6,-10.4689,True,all_dynamic_snr,0.9572,0.2406
67,v2,v6,20.0,70.0,0.0,0.6,0.35,0.0,-9.5216,True,all_dynamic_snr,1.0187,0.2484
67,v3,v4,20.0,20.22,10.0,0.6,0.1011,0.2,-3.302,False,all_dynamic_snr,1.7402,0.5697
67,v3,v7,20.0,80.0,40.0,0.6,0.4,0.8,-16.0412,True,all_dynamic_snr,0.6467,0.1438
67,v3,v8,20.0,110.04,20.0,0.6,0.5502,0.4,-16.4818,True,all_dynamic_snr,0.6621,0.1686
67,v3,v11,20.0,150.0,0.0,0.6,0.75,0.0,-14.8175,True,all_dynamic_snr,0.6926,0.1656
67,v3,v12,20.0,170.03,20.0,0.6,0.8501,0.4,-19.5052,True,all_dynamic_snr,0.5303,0.1355
67,v4,v3,40.0,20.22,10.0,1.0,0.1011,0.2,16.698,False,all_dynamic_snr,2.953,0.9588
67,v4,v7,40.0,60.07,30.0,1.0,0.3004,0.6,6.7244,False,all_dynamic_snr,2.798,0.9441
67,v4,v8,40.0,90.0,10.0,1.0,0.45,0.2,6.3239,False,all_dynamic_snr,2.7787,0.9373
67,v4,v11,40.0,130.03,10.0,1.0,0.6502,0.2,3.7668,False,all_dynamic_snr,2.6144,0.9107
67,v4,v12,40.0,150.0,10.0,1.0,0.75,0.2,2.7743,False,all_dynamic_snr,2.5394,0.8949
68,v1,v6,40.0,3.0,40.0,1.0,0.015,0.8,26.7743,True,all_dynamic_snr,2.9658,0.9572
68,v1,v2,40.0,70.06,10.0,1.0,0.3503,0.2,8.0638,False,all_dynamic_snr,2.8417,0.9494
68,v1,v13,40.0,180.0,30.0,1.0,0.9,0.6,-0.9008,True,all_dynamic_snr,2.1076,0.742
68,v2,v6,20.0,70.0,30.0,0.6,0.35,0.6,-14.338,True,all_dynamic_snr,0.6989,0.1896
68,v2,v1,20.0,70.06,10.0,0.6,0.3503,0.2,-11.9362,True,all_dynamic_snr,0.8096,0.2037
68,v3,v4,20.0,10.44,30.0,0.6,0.0522,0.6,-1.1159,True,all_dynamic_snr,2.0357,0.6799
68,v3,v7,20.0,40.0,10.0,0.6,0.2,0.2,-8.0412,False,all_dynamic_snr,1.1619,0.3086
68,v3,v8,20.0,90.05,10.0,0.6,0.4502,0.2,-13.68,True,all_dynamic_snr,0.7513,0.1697
68,v3,v11,20.0,150.0,0.0,0.6,0.75,0.0,-14.8175,True,all_dynamic_snr,0.7019,0.1877
68,v3,v12,20.0,150.03,10.0,0.6,0.7501,0.2,-17.2271,True,all_dynamic_snr,0.5983,0.1293
68,v4,v3,40.0,10.44,30.0,1.0,0.0522,0.6,18.8841,False,all_dynamic_snr,2.9593,0.9617
68,v4,v7,40.0,30.15,20.0,1.0,0.1507,0.4,12.5145,False,all_dynamic_snr,2.9247,0.9563
68,v4,v8,40.0,80.0,40.0,1.0,0.4,0.8,3.9588,True,all_dynamic_snr,2.6279,0.9174
68,v4,v12,40.0,140.0,20.0,1.0,0.7,0.4,1.845,True,all_dynamic_snr,2.4331,0.858
68,v4,v11,40.0,140.03,30.0,1.0,0.7002,0.6,0.8439,True,all_dynamic_snr,2.3154,0.8215
69,v1,v6,40.0,40.11,30.0,1.0,0.2006,0.6,9.5311,False,all_dynamic_snr,2.8793,0.9578
69,v1,v2,40.0,80.06,10.0,1.0,0.4003,0.2,7.1374,False,all_dynamic_snr,2.8139,0.9467
69,v1,v13,40.0,150.0,0.0,1.0,0.75,0.0,5.1825,False,all_dynamic_snr,2.72,0.9328
69,v2,v6,20.0,40.0,20.0,0.6,0.2,0.4,-9.4499,True,all_dynamic_snr,1.0186,0.2596
69,v2,v1,20.0,80.06,10.0,0.6,0.4003,0.2,-12.8626,True,all_dynamic_snr,0.7967,0.1896
69,v3,v4,20.0,40.11,30.0,0.6,0.2006,0.6,-10.4689,True,all_dynamic_snr,0.9479,0.2383
69,v3,v7,20.0,50.0,20.0,0.6,0.25,0.4,-11.0005,True,all_dynamic_snr,0.9102,0.2051
69,v3,v8,20.0,80.06,0.0,0.6,0.4003,0.0,-10.4543,True,all_dynamic_snr,0.9452,0.2371
69,v3,v11,20.0,150.0,30.0,0.6,0.75,0.6,-19.6339,True,all_dynamic_snr,0.5509,0.1406
69,v3,v12,20.0,160.03,10.0,0.6,0.8001,0.2,-17.6754,True,all_dynamic_snr,0.6049,0.152
69,v4,v7,40.0,10.44,10.0,1.0,0.0522,0.2,21.2923,False,all_dynamic_snr,2.962,0.9578
69,v4,v8,40.0,40.0,30.0,1.0,0.2,0.6,9.5506,False,all_dynamic_snr,2.8829,0.9578
69,v4,v3,40.0,40.11,30.0,1.0,0.2006,0.6,9.5311,False,all_dynamic_snr,2.8777,0.9514
69,v4,v11,40.0,110.04,0.0,1.0,0.5502,0.0,7.3351,False,all_dynamic_snr,2.8144,0.9451
69,v4,v12,40.0,120.0,20.0,1.0,0.6,0.4,2.9161,False,all_dynamic_snr,2.5467,0.8793
70,v1,v6,40.0,70.06,10.0,1.0,0.3503,0.2,8.0638,False,all_dynamic_snr,2.8408,0.9475
70,v1,v2,40.0,90.05,0.0,1.0,0.4502,0.0,8.7283,False,all_dynamic_snr,2.8614,0.948
70,v1,v13,40.0,150.0,30.0,1.0,0.75,0.6,0.3661,True,all_dynamic_snr,2.2555,0.7811
70,v1,v5,40.0,180.0,30.0,1.0,0.9,0.6,-0.9008,True,all_dynamic_snr,2.1009,0.7373
70,v2,v6,20.0,20.0,10.0,0.6,0.1,0.2,-3.2247,False,all_dynamic_snr,1.7564,0.585
70,v2,v1,20.0,90.05,0.0,0.6,0.4502,0.0,-11.2717,True,all_dynamic_snr,0.8781,0.2309
70,v3,v7,20.0,70.0,30.0,0.6,0.35,0.6,-14.338,True,all_dynamic_snr,0.7187,0.1645
70,v3,v4,20.0,70.06,10.0,0.6,0.3503,0.2,-11.9362,True,all_dynamic_snr,0.8506,0.2031
70,v3,v8,20.0,80.06,10.0,0.6,0.4003,0.2,-12.8626,True,all_dynamic_snr,0.8018,0.1977
70,v3,v12,20.0,170.03,0.0,0.6,0.8501,0.0,-15.6883,True,all_dynamic_snr,0.648,0.1584
70,v3,v11,20.0,180.0,10.0,0.6,0.9,0.2,-18.4926,True,all_dynamic_snr,0.5599,0.1336
70,v4,v7,40.0,3.0,20.0,1.0,0.015,0.4,28.5491,False,all_dynamic_snr,2.968,0.9572
70,v4,v8,40.0,10.0,0.0,1.0,0.05,0.0,24.0,False,all_dynamic_snr,2.9659,0.9563
70,v4,v3,40.0,70.06,10.0,1.0,0.3503,0.2,8.0638,False,all_dynamic_snr,2.8456,0.9436
70,v4,v12,40.0,100.0,10.0,1.0,0.5,0.2,5.5918,False,all_dynamic_snr,2.7337,0.9436
70,v4,v11,40.0,110.04,0.0,1.0,0.5502,0.0,7.3351,False,all_dynamic_snr,2.8182,0.9465
71,v1,v6,40.0,60.07,30.0,1.0,0.3004,0.6,6.7244,False,all_dynamic_snr,2.7941,0.9406
71,v1,v2,40.0,90.05,0.0,1.0,0.4502,0.0,8.7283,False,all_dynamic_snr,2.8606,0.952
71,v1,v13,40.0,180.0,30.0,1.0,0.9,0.6,-0.9008,True,all_dynamic_snr,2.0862,0.7232
71,v2,v6,20.0,30.0,30.0,0.6,0.15,0.6,-8.4504,True,all_dynamic_snr,1.1153,0.2871
71,v2,v1,20.0,90.05,0.0,0.6,0.4502,0.0,-11.2717,True,all_dynamic_snr,0.8668,0.215
71,v3,v7,20.0,40.0,30.0,0.6,0.2,0.6,-10.4494,True,all_dynamic_snr,0.9226,0.2254
71,v3,v4,20.0,60.07,30.0,0.6,0.3004,0.6,-13.2756,True,all_dynamic_snr,0.7713,0.1672
71,v3,v8,20.0,70.06,0.0,0.6,0.3503,0.0,-9.5279,True,all_dynamic_snr,0.9951,0.2607
71,v3,v11,20.0,170.0,20.0,0.6,0.85,0.4,-19.5042,True,all_dynamic_snr,0.5451,0.1342
71,v3,v12,20.0,170.03,30.0,0.6,0.8501,0.6,-20.5047,True,all_dynamic_snr,0.5186,0.1068
71,v4,v8,40.0,10.0,30.0,1.0,0.05,0.6,19.1835,False,all_dynamic_snr,2.9591,0.9627
71,v4,v7,40.0,20.22,0.0,1.0,0.1011,0.0,19.1062,False,all_dynamic_snr,2.9595,0.9592
71,v4,v3,40.0,60.07,30.0,1.0,0.3004,0.6,6.7244,False,all_dynamic_snr,2.7958,0.9529
71,v4,v12,40.0,110.0,0.0,1.0,0.55,0.0,7.3377,False,all_dynamic_snr,2.8137,0.9402
71,v4,v11,40.0,110.04,10.0,1.0,0.5502,0.2,4.9269,False,all_dynamic_snr,2.7037,0.926
72,v1,v2,40.0,90.05,0.0,1.0,0.4502,0.0,8.7283,False,all_dynamic_snr,2.8601,0.9494
72,v1,v6,40.0,90.05,10.0,1.0,0.4502,0.2,6.32,False,all_dynamic_snr,2.7737,0.9396
72,v1,v13,40.0,150.0,10.0,1.0,0.75,0.2,2.7743,False,all_dynamic_snr,2.5283,0.8732
72,v2,v6,20.0,0.0,10.0,0.6,0.0,0.2,33.5918,False,all_dynamic_snr,2.9688,0.9592
72,v2,v1,20.0,90.05,0.0,0.6,0.4502,0.0,-11.2717,True,all_dynamic_snr,0.8727,0.2133
72,v3,v7,20.0,70.0,30.0,0.6,0.35,0.6,-14.338,True,all_dynamic_snr,0.7123,0.1666
72,v3,v8,20.0,70.06,10.0,0.6,0.3503,0.2,-11.9362,True,all_dynamic_snr,0.8427,0.2027
72,v3,v4,20.0,90.05,10.0,0.6,0.4502,0.2,-13.68,True,all_dynamic_snr,0.7687,0.1793
72,v3,v11,20.0,190.0,10.0,0.6,0.95,0.2,-18.8683,True,all_dynamic_snr,0.5514,0.134
72,v4,v8,40.0,20.0,20.0,1.0,0.1,0.4,15.3666,False,all_dynamic_snr,2.9464,0.9617
72,v4,v7,40.0,20.22,40.0,1.0,0.1011,0.8,13.5145,True,all_dynamic_snr,2.9326,0.9572
72,v4,v3,40.0,90.05,10.0,1.0,0.4502,0.2,6.32,False,all_dynamic_snr,2.7806,0.9363
72,v4,v11,40.0,100.04,20.0,1.0,0.5002,0.4,4.1799,False,all_dynamic_snr,2.6592,0.9086
72,v4,v12,40.0,110.0,0.0,1.0,0.55,0.0,7.3377,False,all_dynamic_snr,2.8143,0.9514
73,v1,v2,40.0,90.05,0.0,1.0,0.4502,0.0,8.7283,False,all_dynamic_snr,2.8601,0.9504
73,v1,v6,40.0,100.04,30.0,1.0,0.5002,0.6,3.1804,True,all_dynamic_snr,2.5664,0.8971
73,v1,v13,40.0,140.0,40.0,1.0,0.7,0.8,0.0702,True,all_dynamic_snr,2.2153,0.7832
73,v1,v5,40.0,200.0,0.0,1.0,1.0,0.0,3.1835,True,all_dynamic_snr,2.5647,0.8918
73,v2,v6,20.0,10.0,30.0,0.6,0.05,0.6,-0.8165,True,all_dynamic_snr,2.1,0.7201
73,v2,v1,20.0,90.05,0.0,0.6,0.4502,0.0,-11.2717,True,all_dynamic_snr,0.8808,0.2211
73,v3,v7,20.0,40.0,40.0,0.6,0.2,0.8,-11.2247,True,all_dynamic_snr,0.8736,0.2123
73,v3,v8,20.0,60.07,0.0,0.6,0.3004,0.0,-8.4591,True,all_dynamic_snr,1.1015,0.3068
73,v3,v4,20.0,100.04,30.0,0.6,0.5002,0.6,-16.8196,True,all_dynamic_snr,0.6196,0.1547
73,v3,v11,20.0,180.0,30.0,0.6,0.9,0.6,-20.9008,True,all_dynamic_snr,0.5253,0.1359
73,v4,v8,40.0,40.0,30.0,1.0,0.2,0.6,9.5506,False,all_dynamic_snr,2.8782,0.9529
73,v4,v7,40.0,60.07,10.0,1.0,0.3004,0.2,9.1327,False,all_dynamic_snr,2.8689,0.9449
73,v4,v11,40.0,80.06,0.0,1.0,0.4003,0.0,9.5457,False,all_dynamic_snr,2.8763,0.9465
73,v4,v3,40.0,100.04,30.0,1.0,0.5002,0.6,3.1804,True,all_dynamic_snr,2.575,0.8967
73,v4,v12,40.0,110.0,30.0,1.0,0.55,0.6,2.5212,True,all_dynamic_snr,2.5108,0.8762
74,v1,v6,40.0,70.06,10.0,1.0,0.3503,0.2,8.0638,False,all_dynamic_snr,2.8429,0.9494
74,v1,v2,40.0,90.05,20.0,1.0,0.4502,0.4,4.9113,False,all_dynamic_snr,2.7047,0.9217
74,v1,v13,40.0,180.0,40.0,1.0,0.9,0.8,-1.6761,True,all_dynamic_snr,1.9901,0.6873
74,v1,v5,40.0,200.0,0.0,1.0,1.0,0.0,3.1835,True,all_dynamic_snr,2.5785,0.8936
74,v2,v6,20.0,20.0,10.0,0.6,0.1,0.2,-3.2247,False,all_dynamic_snr,1.7634,0.5646
74,v2,v1,20.0,90.05,20.0,0.6,0.4502,0.4,-15.0887,True,all_dynamic_snr,0.6857,0.1619
74,v3,v7,20.0,0.0,20.0,0.6,0.0,0.4,32.183,True,all_dynamic_snr,2.969,0.9582
74,v3,v8,20.0,60.07,0.0,0.6,0.3004,0.0,-8.4591,True,all_dynamic_snr,1.1153,0.2943
74,v3,v4,20.0,70.06,30.0,0.6,0.3503,0.6,-14.3444,True,all_dynamic_snr,0.7336,0.1754
74,v3,v11,20.0,150.0,20.0,0.6,0.75,0.4,-18.6344,True,all_dynamic_snr,0.5609,0.1469
74,v4,v8,40.0,10.0,30.0,1.0,0.05,0.6,19.1835,False,all_dynamic_snr,2.9576,0.9617
74,v4,v3,40.0,70.06,30.0,1.0,0.3503,0.6,5.6556,False,all_dynamic_snr,2.7394,0.9289
74,v4,v7,40.0,70.06,10.0,1.0,0.3503,0.2,8.0638,False,all_dynamic_snr,2.8417,0.9533
74,v4,v11,40.0,80.06,10.0,1.0,0.4003,0.2,7.1374,False,all_dynamic_snr,2.8069,0.9461
74,v4,v12,40.0,140.0,20.0,1.0,0.7,0.4,1.845,True,all_dynamic_snr,2.4261,0.8701
75,v1,v6,40.0,80.06,10.0,1.0,0.4003,0.2,7.1374,False,all_dynamic_snr,2.8123,0.9422
75,v1,v2,40.0,110.04,40.0,1.0,0.5502,0.8,1.7434,True,all_dynamic_snr,2.4303,0.8389
75,v1,v13,40.0,140.0,20.0,1.0,0.7,0.4,1.845,True,all_dynamic_snr,2.4328,0.8557
75,v1,v14,40.0,170.03,30.0,1.0,0.8501,0.6,-0.5047,True,all_dynamic_snr,2.1358,0.725
75,v1,v5,40.0,200.0,30.0,1.0,1.0,0.6,-1.633,True,all_dynamic_snr,1.9868,0.6518
75,v2,v6,20.0,30.0,30.0,0.6,0.15,0.6,-8.4504,True,all_dynamic_snr,1.1126,0.2967
75,v2,v1,20.0,110.04,40.0,0.6,0.5502,0.8,-18.2566,True,all_dynamic_snr,0.5891,0.1455
75,v3,v7,20.0,20.0,20.0,0.6,0.1,0.4,-4.6334,True,all_dynamic_snr,1.5627,0.5025
75,v3,v8,20.0,60.07,10.0,0.6,0.3004,0.2,-10.8673,True,all_dynamic_snr,0.9134,0.2375
75,v3,v4,20.0,100.04,20.0,0.6,0.5002,0.4,-15.8201,True,all_dynamic_snr,0.6711,0.1625
75,v3,v11,20.0,170.0,20.0,0.6,0.85,0.4,-19.5042,True,all_dynamic_snr,0.5385,0.1332
75,v4,v8,40.0,40.0,10.0,1.0,0.2,0.2,11.9588,False,all_dynamic_snr,2.9182,0.9553
75,v4,v11,40.0,70.06,0.0,1.0,0.3503,0.0,10.4721,False,all_dynamic_snr,2.8969,0.9537
75,v4,v7,40.0,80.06,0.0,1.0,0.4003,0.0,9.5457,False,all_dynamic_snr,2.8806,0.9529
75,v4,v3,40.0,100.04,20.0,1.0,0.5002,0.4,4.1799,False,all_dynamic_snr,2.6529,0.9273
75,v4,v12,40.0,120.0,30.0,1.0,0.6,0.6,1.9166,True,all_dynamic_snr,2.4425,0.8512
76,v1,v6,40.0,90.05,20.0,1.0,0.4502,0.4,4.9113,False,all_dynamic_snr,2.7017,0.9166
76,v1,v13,40.0,120.0,20.0,1.0,0.6,0.4,2.9161,False,all_dynamic_snr,2.5505,0.8783
76,v1,v14,40.0,140.03,0.0,1.0,0.7002,0.0,5.6604,False,all_dynamic_snr,2.7424,0.9365
76,v1,v2,40.0,150.03,0.0,1.0,0.7501,0.0,5.1812,False,all_dynamic_snr,2.7188,0.9328
76,v1,v5,40.0,170.0,0.0,1.0,0.85,0.0,4.3128,True,all_dynamic_snr,2.652,0.917
76,v2,v6,20.0,60.0,20.0,0.6,0.3,0.4,-12.2674,True,all_dynamic_snr,0.826,0.202
76,v2,v1,20.0,150.03,0.0,0.6,0.7501,0.0,-14.8188,True,all_dynamic_snr,0.6967,0.1689
76,v3,v7,20.0,0.0,10.0,0.6,0.0,0.2,33.5918,False,all_dynamic_snr,2.9688,0.9592
76,v3,v8,20.0,50.09,40.0,0.6,0.2504,0.8,-12.7878,True,all_dynamic_snr,0.8127,0.201
76,v3,v4,20.0,80.06,30.0,0.6,0.4003,0.6,-15.2708,True,all_dynamic_snr,0.681,0.157
76,v3,v11,20.0,150.0,40.0,0.6,0.75,0.8,-20.4092,True,all_dynamic_snr,0.5321,0.1029
76,v4,v8,40.0,30.0,10.0,1.0,0.15,0.2,13.9578,False,all_dynamic_snr,2.9373,0.9646
76,v4,v11,40.0,70.06,10.0,1.0,0.3503,0.2,8.0638,False,all_dynamic_snr,2.8401,0.9367
76,v4,v3,40.0,80.06,30.0,1.0,0.4003,0.6,4.7292,False,all_dynamic_snr,2.6856,0.9178
76,v4,v7,40.0,80.06,20.0,1.0,0.4003,0.4,5.7287,False,all_dynamic_snr,2.7458,0.9373
76,v4,v12,40.0,150.0,10.0,1.0,0.75,0.2,2.7743,False,all_dynamic_snr,2.5332,0.8979
77,v1,v13,40.0,100.0,0.0,1.0,0.5,0.0,8.0,False,all_dynamic_snr,2.8378,0.95
77,v1,v6,40.0,110.04,10.0,1.0,0.5502,0.2,4.9269,False,all_dynamic_snr,2.7026,0.9207
77,v1,v14,40.0,140.03,20.0,1.0,0.7002,0.4,1.8434,True,all_dynamic_snr,2.4222,0.8322
77,v1,v2,40.0,150.03,0.0,1.0,0.7501,0.0,5.1812,False,all_dynamic_snr,2.7117,0.9348
77,v1,v5,40.0,170.0,20.0,1.0,0.85,0.4,0.4958,True,all_dynamic_snr,2.2702,0.7775
77,v2,v6,20.0,40.0,10.0,0.6,0.2,0.2,-8.0412,False,all_dynamic_snr,1.1546,0.3141
77,v2,v1,20.0,150.03,0.0,0.6,0.7501,0.0,-14.8188,True,all_dynamic_snr,0.7054,0.1762
77,v3,v7,20.0,10.0,10.0,0.6,0.05,0.2,1.5918,False,all_dynamic_snr,2.4075,0.8547
77,v3,v8,20.0,10.44,30.0,0.6,0.0522,0.6,-1.1159,True,all_dynamic_snr,2.058,0.6963
77,v3,v4,20.0,50.09,40.0,0.6,0.2504,0.8,-12.7878,True,all_dynamic_snr,0.7934,0.2037
77,v3,v11,20.0,110.0,20.0,0.6,0.55,0.4,-16.4793,True,all_dynamic_snr,0.6485,0.1355
77,v3,v12,20.0,190.02,40.0,0.6,0.9501,0.8,-22.0527,True,all_dynamic_snr,0.4871,0.1211
77,v4,v8,40.0,40.0,10.0,1.0,0.2,0.2,11.9588,False,all_dynamic_snr,2.9195,0.9559
77,v4,v3,40.0,50.09,40.0,1.0,0.2504,0.8,7.2122,True,all_dynamic_snr,2.8184,0.9529
77,v4,v7,40.0,60.07,30.0,1.0,0.3004,0.6,6.7244,False,all_dynamic_snr,2.7946,0.9338
77,v4,v11,40.0,60.07,20.0,1.0,0.3004,0.4,7.7239,False,all_dynamic_snr,2.8272,0.9465
77,v4,v12,40.0,140.0,0.0,1.0,0.7,0.0,5.662,False,all_dynamic_snr,2.7466,0.9373
78,v1,v13,40.0,100.0,30.0,1.0,0.5,0.6,3.1835,True,all_dynamic_snr,2.5685,0.8934
78,v1,v6,40.0,100.04,40.0,1.0,0.5002,0.8,2.4051,True,all_dynamic_snr,2.4972,0.8732
78,v1,v5,40.0,150.0,20.0,1.0,0.75,0.4,1.3656,True,all_dynamic_snr,2.3913,0.8453
78,v1,v2,40.0,150.03,0.0,1.0,0.7501,0.0,5.1812,False,all_dynamic_snr,2.7175,0.9299
78,v1,v14,40.0,160.03,30.0,1.0,0.8001,0.6,-0.0836,True,all_dynamic_snr,2.1957,0.7654
78,v2,v6,20.0,50.0,40.0,0.6,0.25,0.8,-12.7753,True,all_dynamic_snr,0.7844,0.1996
78,v2,v1,20.0,150.03,0.0,0.6,0.7501,0.0,-14.8188,True,all_dynamic_snr,0.7013,0.159
78,v3,v4,20.0,10.44,40.0,0.6,0.0522,0.8,-1.8912,True,all_dynamic_snr,1.944,0.6588
78,v3,v7,20.0,20.0,10.0,0.6,0.1,0.2,-3.2247,False,all_dynamic_snr,1.7512,0.5807
78,v3,v8,20.0,20.22,20.0,0.6,0.1011,0.4,-4.7108,True,all_dynamic_snr,1.565,0.4842
78,v3,v11,20.0,90.0,20.0,0.6,0.45,0.4,-15.0849,True,all_dynamic_snr,0.7045,0.1721
78,v3,v12,20.0,150.03,0.0,0.6,0.7501,0.0,-14.8188,True,all_dynamic_snr,0.6975,0.173
78,v4,v3,40.0,10.44,40.0,1.0,0.0522,0.8,18.1088,True,all_dynamic_snr,2.9572,0.9572
78,v4,v8,40.0,30.0,20.0,1.0,0.15,0.4,12.5491,False,all_dynamic_snr,2.9273,0.9592
78,v4,v7,40.0,30.15,30.0,1.0,0.1507,0.6,11.515,False,all_dynamic_snr,2.9138,0.9543
78,v4,v11,40.0,80.06,20.0,1.0,0.4003,0.4,5.7287,False,all_dynamic_snr,2.7492,0.9309
78,v4,v12,40.0,140.0,40.0,1.0,0.7,0.8,0.0702,True,all_dynamic_snr,2.2232,0.7693
79,v1,v6,40.0,60.07,20.0,1.0,0.3004,0.4,7.7239,False,all_dynamic_snr,2.8299,0.9436
79,v1,v13,40.0,130.0,40.0,1.0,0.65,0.8,0.5851,True,all_dynamic_snr,2.2814,0.8141
79,v1,v2,40.0,150.03,30.0,1.0,0.7501,0.6,0.3647,True,all_dynamic_snr,2.2591,0.7891
79,v1,v5,40.0,170.0,10.0,1.0,0.85,0.2,1.9046,True,all_dynamic_snr,2.4458,0.8561
79,v1,v14,40.0,190.02,40.0,1.0,0.9501,0.8,-2.0527,True,all_dynamic_snr,1.9103,0.627
79,v2,v6,20.0,90.0,10.0,0.6,0.45,0.2,-13.6761,True,all_dynamic_snr,0.7343,0.2018
79,v2,v1,20.0,150.03,30.0,0.6,0.7501,0.6,-19.6353,True,all_dynamic_snr,0.5411,0.1285
79,v3,v7,20.0,30.0,20.0,0.6,0.15,0.4,-7.4509,True,all_dynamic_snr,1.2121,0.3133
79,v3,v4,20.0,30.15,0.0,0.6,0.1507,0.0,-3.6685,False,all_dynamic_snr,1.6694,0.5266
79,v3,v8,20.0,40.11,10.0,0.6,0.2006,0.2,-8.0607,False,all_dynamic_snr,1.1629,0.3059
79,v3,v11,20.0,70.0,10.0,0.6,0.35,0.2,-11.9298,True,all_dynamic_snr,0.8538,0.2146
79,v3,v15,20.0,140.0,20.0,0.6,0.7,0.4,-18.155,True,all_dynamic_snr,0.5544,0.1598
79,v4,v7,40.0,3.0,20.0,1.0,0.015,0.4,28.5491,False,all_dynamic_snr,2.9686,0.9572
79,v4,v8,40.0,10.0,10.0,1.0,0.05,0.2,21.5918,False,all_dynamic_snr,2.9637,0.9598
79,v4,v3,40.0,30.15,0.0,1.0,0.1507,0.0,16.3315,False,all_dynamic_snr,2.952,0.9602
79,v4,v11,40.0,100.04,10.0,1.0,0.5002,0.2,5.5886,False,all_dynamic_snr,2.7417,0.9354
79,v4,v15,40.0,170.03,20.0,1.0,0.8501,0.4,0.4948,True,all_dynamic_snr,2.287,0.7928
80,v1,v6,40.0,40.11,0.0,1.0,0.2006,0.0,14.3476,False,all_dynamic_snr,2.9396,0.9572
80,v1,v2,40.0,120.04,0.0,1.0,0.6002,0.0,6.7309,False,all_dynamic_snr,2.7975,0.9471
80,v1,v13,40.0,170.0,30.0,1.0,0.85,0.6,-0.5037,True,all_dynamic_snr,2.1436,0.7537
80,v1,v5,40.0,180.0,0.0,1.0,0.9,0.0,3.9156,True,all_dynamic_snr,2.6266,0.9148
80,v2,v6,20.0,80.0,0.0,0.6,0.4,0.0,-10.4494,True,all_dynamic_snr,0.9333,0.2539
80,v2,v1,20.0,120.04,0.0,0.6,0.6002,0.0,-13.2691,True,all_dynamic_snr,0.7641,0.1852
80,v3,v7,20.0,10.0,10.0,0.6,0.05,0.2,1.5918,False,all_dynamic_snr,2.4206,0.8506
80,v3,v4,20.0,30.15,10.0,0.6,0.1507,0.2,-6.0768,False,all_dynamic_snr,1.3664,0.3883
80,v3,v8,20.0,30.15,20.0,0.6,0.1507,0.4,-7.4855,True,all_dynamic_snr,1.2061,0.3111
80,v3,v11,20.0,60.0,10.0,0.6,0.3,0.2,-10.8587,True,all_dynamic_snr,0.9293,0.2064
80,v3,v12,20.0,140.03,0.0,0.6,0.7002,0.0,-14.3396,True,all_dynamic_snr,0.7224,0.1799
80,v4,v8,40.0,0.0,30.0,1.0,0.0,0.6,40.0,False,all_dynamic_snr,2.9684,0.9592
80,v4,v7,40.0,20.22,20.0,1.0,0.1011,0.4,15.2892,False,all_dynamic_snr,2.9476,0.9553
80,v4,v3,40.0,30.15,10.0,1.0,0.1507,0.2,13.9232,False,all_dynamic_snr,2.9364,0.9582
80,v4,v11,40.0,90.05,20.0,1.0,0.4502,0.4,4.9113,False,all_dynamic_snr,2.6971,0.9191
80,v4,v12,40.0,170.0,10.0,1.0,0.85,0.2,1.9046,True,all_dynamic_snr,2.4436,0.8436
81,v1,v6,40.0,40.11,10.0,1.0,0.2006,0.2,11.9393,False,all_dynamic_snr,2.9196,0.9553
81,v1,v2,40.0,120.04,10.0,1.0,0.6002,0.2,4.3227,False,all_dynamic_snr,2.6651,0.9221
81,v1,v5,40.0,180.0,20.0,1.0,0.9,0.4,0.0987,True,all_dynamic_snr,2.2264,0.7668
81,v1,v13,40.0,200.0,30.0,1.0,1.0,0.6,-1.633,True,all_dynamic_snr,1.9795,0.649
81,v2,v6,20.0,80.0,20.0,0.6,0.4,0.4,-14.2664,True,all_dynamic_snr,0.6889,0.1652
81,v2,v1,20.0,120.04,10.0,0.6,0.6002,0.2,-15.6773,True,all_dynamic_snr,0.6799,0.1514
81,v2,v4,20.0,190.09,60.0,0.6,0.9505,1.2,-23.2243,True,all_dynamic_snr,0.4793,0.1223
81,v3,v7,20.0,0.0,10.0,0.6,0.0,0.2,33.5918,False,all_dynamic_snr,2.9681,0.9592
81,v3,v8,20.0,10.44,10.0,0.6,0.0522,0.2,1.2923,False,all_dynamic_snr,2.3785,0.8305
81,v3,v4,20.0,40.11,0.0,0.6,0.2006,0.0,-5.6524,False,all_dynamic_snr,1.4179,0.4152
81,v3,v11,20.0,70.0,20.0,0.6,0.35,0.4,-13.3385,True,all_dynamic_snr,0.7979,0.1846
81,v3,v12,20.0,140.03,0.0,0.6,0.7002,0.0,-14.3396,True,all_dynamic_snr,0.7176,0.1605
81,v4,v8,40.0,30.0,10.0,1.0,0.15,0.2,13.9578,False,all_dynamic_snr,2.9372,0.9559
81,v4,v3,40.0,40.11,0.0,1.0,0.2006,0.0,14.3476,False,all_dynamic_snr,2.9446,0.9553
81,v4,v7,40.0,40.11,10.0,1.0,0.2006,0.2,11.9393,False,all_dynamic_snr,2.9184,0.9592
81,v4,v11,40.0,110.04,20.0,1.0,0.5502,0.4,3.5182,False,all_dynamic_snr,2.6046,0.8967
81,v4,v12,40.0,180.0,0.0,1.0,0.9,0.0,3.9156,True,all_dynamic_snr,2.6337,0.9047
82,v1,v6,40.0,30.15,40.0,1.0,0.1507,0.8,10.7397,True,all_dynamic_snr,2.9022,0.9553
82,v1,v2,40.0,130.03,0.0,1.0,0.6502,0.0,6.1751,False,all_dynamic_snr,2.7649,0.9363
82,v1,v5,40.0,200.0,10.0,1.0,1.0,0.2,0.7753,True,all_dynamic_snr,2.2988,0.793
82,v2,v6,20.0,100.0,40.0,0.6,0.5,0.8,-17.5918,True,all_dynamic_snr,0.5984,0.149
82,v2,v1,20.0,130.03,0.0,0.6,0.6502,0.0,-13.8249,True,all_dynamic_snr,0.7192,0.1625
82,v2,v4,20.0,130.14,60.0,0.6,0.6507,1.2,-20.5913,True,all_dynamic_snr,0.538,0.1295
82,v2,v8,20.0,150.12,60.0,0.6,0.7506,1.2,-21.5838,True,all_dynamic_snr,0.5025,0.1291
82,v2,v7,20.0,160.03,90.0,0.6,0.8001,1.8,-23.2671,True,all_dynamic_snr,0.483,0.1184
82,v3,v7,20.0,10.0,10.0,0.6,0.05,0.2,1.5918,False,all_dynamic_snr,2.402,0.8527
82,v3,v8,20.0,20.22,20.0,0.6,0.1011,0.4,-4.7108,True,all_dynamic_snr,1.5603,0.4986
82,v3,v4,20.0,40.11,20.0,0.6,0.2006,0.4,-9.4694,True,all_dynamic_snr,1.0273,0.2432
82,v3,v11,20.0,50.0,0.0,0.6,0.25,0.0,-7.1835,False,all_dynamic_snr,1.2283,0.3324
82,v3,v15,20.0,120.0,10.0,0.6,0.6,0.2,-15.6751,True,all_dynamic_snr,0.6642,0.1648
82,v4,v8,40.0,20.0,0.0,1.0,0.1,0.0,19.1835,False,all_dynamic_snr,2.9596,0.9592
82,v4,v7,40.0,30.15,30.0,1.0,0.1507,0.6,11.515,False,all_dynamic_snr,2.9134,0.9607
82,v4,v3,40.0,40.11,20.0,1.0,0.2006,0.4,10.5306,False,all_dynamic_snr,2.899,0.9578
82,v4,v11,40.0,90.05,20.0,1.0,0.4502,0.4,4.9113,False,all_dynamic_snr,2.7027,0.924
82,v4,v2,40.0,130.14,60.0,1.0,0.6507,1.2,-0.5913,True,all_dynamic_snr,2.1271,0.7316
83,v1,v6,40.0,10.44,20.0,1.0,0.0522,0.4,19.8836,False,all_dynamic_snr,2.9608,0.9563
83,v1,v2,40.0,130.03,10.0,1.0,0.6502,0.2,3.7668,False,all_dynamic_snr,2.622,0.9066
83,v2,v7,20.0,70.06,60.0,0.6,0.3503,1.2,-16.2887,True,all_dynamic_snr,0.6357,0.1584
83,v2,v4,20.0,70.26,60.0,0.6,0.3513,1.2,-16.3078,True,all_dynamic_snr,0.6261,0.1693
83,v2,v3,20.0,90.05,70.0,0.6,0.4502,1.4,-18.4965,True,all_dynamic_snr,0.5899,0.1496
83,v2,v8,20.0,90.2,30.0,0.6,0.451,0.6,-16.0998,True,all_dynamic_snr,0.6364,0.1275
83,v2,v1,20.0,130.03,10.0,0.6,0.6502,0.2,-16.2332,True,all_dynamic_snr,0.6383,0.158
83,v3,v8,20.0,3.0,40.0,0.6,0.015,0.8,6.7743,True,all_dynamic_snr,2.7994,0.9387
83,v3,v7,20.0,20.0,10.0,0.6,0.1,0.2,-3.2247,False,all_dynamic_snr,1.742,0.5498
83,v3,v4,20.0,20.22,10.0,0.6,0.1011,0.2,-3.302,False,all_dynamic_snr,1.7503,0.574
83,v3,v11,20.0,50.0,0.0,0.6,0.25,0.0,-7.1835,False,all_dynamic_snr,1.2496,0.3352
83,v3,v2,20.0,90.05,70.0,0.6,0.4502,1.4,-18.4965,True,all_dynamic_snr,0.5822,0.1639
83,v4,v7,40.0,3.0,0.0,1.0,0.015,0.0,32.3661,False,all_dynamic_snr,2.9684,0.9611
83,v4,v8,40.0,20.0,30.0,1.0,0.1,0.6,14.367,False,all_dynamic_snr,2.9401,0.9582
83,v4,v3,40.0,20.22,10.0,1.0,0.1011,0.2,16.698,False,all_dynamic_snr,2.9516,0.9563
83,v4,v11,40.0,70.06,10.0,1.0,0.3503,0.2,8.0638,False,all_dynamic_snr,2.8433,0.9436
83,v4,v2,40.0,70.26,60.0,1.0,0.3513,1.2,3.6922,True,all_dynamic_snr,2.6075,0.8996
84,v1,v6,40.0,30.15,10.0,1.0,0.1507,0.2,13.9232,False,all_dynamic_snr,2.9365,0.9617
84,v1,v2,40.0,120.04,40.0,1.0,0.6002,0.8,1.1392,True,all_dynamic_snr,2.3501,0.8125
84,v1,v7,40.0,130.14,40.0,1.0,0.6507,0.8,0.5778,True,all_dynamic_snr,2.2927,0.8051
84,v1,v4,40.0,130.31,60.0,1.0,0.6516,1.2,-0.6005,True,all_dynamic_snr,2.1282,0.7502
84,v1,v3,40.0,140.13,20.0,1.0,0.7006,0.4,1.8386,True,all_dynamic_snr,2.432,0.8633
84,v2,v7,20.0,10.44,80.0,0.6,0.0522,1.6,-3.9334,True,all_dynamic_snr,1.6393,0.5184
84,v2,v4,20.0,11.66,100.0,0.6,0.0583,2.0,-5.3995,True,all_dynamic_snr,1.457,0.4533
84,v2,v3,20.0,20.22,60.0,0.6,0.1011,1.2,-7.6546,True,all_dynamic_snr,1.2076,0.3014
84,v2,v8,20.0,60.3,80.0,0.6,0.3015,1.6,-16.1189,True,all_dynamic_snr,0.6244,0.1611
84,v2,v11,20.0,70.06,60.0,0.6,0.3503,1.2,-16.2887,True,all_dynamic_snr,0.6344,0.1467
84,v3,v7,20.0,10.0,20.0,0.6,0.05,0.4,0.183,True,all_dynamic_snr,2.2332,0.7818
84,v3,v4,20.0,10.44,40.0,0.6,0.0522,0.8,-1.8912,True,all_dynamic_snr,1.9574,0.6723
84,v3,v2,20.0,20.22,60.0,0.6,0.1011,1.2,-7.6546,True,all_dynamic_snr,1.1954,0.3352
84,v3,v8,20.0,40.11,20.0,0.6,0.2006,0.4,-9.4694,True,all_dynamic_snr,1.0154,0.2602
84,v3,v11,20.0,50.0,0.0,0.6,0.25,0.0,-7.1835,False,all_dynamic_snr,1.2386,0.3488
84,v4,v7,40.0,3.0,20.0,1.0,0.015,0.4,28.5491,False,all_dynamic_snr,2.9686,0.9602
84,v4,v3,40.0,10.44,40.0,1.0,0.0522,0.8,18.1088,True,all_dynamic_snr,2.9576,0.9572
84,v4,v2,40.0,11.66,100.0,1.0,0.0583,2.0,14.6005,True,all_dynamic_snr,2.942,0.9559
84,v4,v8,40.0,50.0,20.0,1.0,0.25,0.4,8.9995,False,all_dynamic_snr,2.8696,0.9514
84,v4,v11,40.0,60.07,40.0,1.0,0.3004,0.8,5.9491,True,all_dynamic_snr,2.7592,0.9408
85,v1,v6,40.0,20.22,10.0,1.0,0.1011,0.2,16.698,False,all_dynamic_snr,2.9513,0.9598
85,v1,v4,40.0,70.58,80.0,1.0,0.3529,1.6,2.7875,True,all_dynamic_snr,2.5453,0.8889
85,v1,v7,40.0,90.2,70.0,1.0,0.451,1.4,1.492,True,all_dynamic_snr,2.4032,0.8447
85,v1,v3,40.0,120.15,90.0,1.0,0.6007,1.8,-1.2756,True,all_dynamic_snr,2.0356,0.7082
85,v1,v8,40.0,140.29,70.0,1.0,0.7014,1.4,-1.5771,True,all_dynamic_snr,1.9939,0.6672
85,v2,v11,20.0,10.44,60.0,0.6,0.0522,1.2,-3.0602,True,all_dynamic_snr,1.7965,0.5805
85,v2,v8,20.0,20.88,80.0,0.6,0.1044,1.6,-8.7498,True,all_dynamic_snr,1.0971,0.2902
85,v2,v3,20.0,40.11,100.0,0.6,0.2006,2.0,-13.9836,True,all_dynamic_snr,0.7521,0.1859
85,v2,v7,20.0,70.06,80.0,0.6,0.3503,1.6,-17.1619,True,all_dynamic_snr,0.6028,0.1479
85,v2,v15,20.0,70.06,80.0,0.6,0.3503,1.6,-17.1619,True,all_dynamic_snr,0.5945,0.1359
85,v3,v8,20.0,20.22,20.0,0.6,0.1011,0.4,-4.7108,True,all_dynamic_snr,1.5602,0.4766
85,v3,v7,20.0,30.0,20.0,0.6,0.15,0.4,-7.4509,True,all_dynamic_snr,1.2149,0.3512
85,v3,v2,20.0,40.11,100.0,0.6,0.2006,2.0,-13.9836,True,all_dynamic_snr,0.7437,0.1801
85,v3,v11,20.0,50.0,40.0,0.6,0.25,0.8,-12.7753,True,all_dynamic_snr,0.7971,0.1992
85,v3,v4,20.0,50.09,10.0,0.6,0.2504,0.2,-9.6042,False,all_dynamic_snr,1.008,0.2719
85,v4,v7,40.0,20.22,10.0,1.0,0.1011,0.2,16.698,False,all_dynamic_snr,2.9489,0.9602
85,v4,v3,40.0,50.09,10.0,1.0,0.2504,0.2,10.3958,False,all_dynamic_snr,2.8977,0.9549
85,v4,v8,40.0,70.0,10.0,1.0,0.35,0.2,8.0702,False,all_dynamic_snr,2.8405,0.9469
85,v4,v1,40.0,70.58,80.0,1.0,0.3529,1.6,2.7875,True,all_dynamic_snr,2.5266,0.8867
85,v4,v2,40.0,90.2,90.0,1.0,0.451,1.8,0.7167,True,all_dynamic_snr,2.3109,0.8168
86,v1,v6,40.0,10.44,0.0,1.0,0.0522,0.0,23.7006,False,all_dynamic_snr,2.9651,0.9563
86,v1,v4,40.0,13.45,40.0,1.0,0.0673,0.8,16.3468,True,all_dynamic_snr,2.9513,0.9578
86,v1,v7,40.0,20.88,60.0,1.0,0.1044,1.2,12.1233,True,all_dynamic_snr,2.9194,0.9578
86,v1,v3,40.0,30.59,70.0,1.0,0.153,1.4,9.0051,True,all_dynamic_snr,2.8674,0.9553
86,v1,v8,40.0,70.58,40.0,1.0,0.3529,0.8,4.8297,True,all_dynamic_snr,2.6882,0.9187
86,v2,v15,20.0,10.44,90.0,0.6,0.0522,1.8,-4.2994,True,all_dynamic_snr,1.5887,0.4998
86,v2,v12,20.0,11.66,90.0,0.6,0.0583,1.8,-5.0683,True,all_dynamic_snr,1.5111,0.4555
86,v2,v11,20.0,50.09,90.0,0.6,0.2504,1.8,-15.196,True,all_dynamic_snr,0.6587,0.1553
86,v2,v16,20.0,90.2,90.0,0.6,0.451,1.8,-19.2833,True,all_dynamic_snr,0.5417,0.1314
86,v2,v8,20.0,100.18,50.0,0.6,0.5009,1.0,-18.2377,True,all_dynamic_snr,0.5862,0.1441
86,v3,v7,20.0,10.0,10.0,0.6,0.05,0.2,1.5918,False,all_dynamic_snr,2.4059,0.833
86,v3,v1,20.0,30.59,70.0,0.6,0.153,1.4,-10.9949,True,all_dynamic_snr,0.9162,0.2336
86,v3,v4,20.0,40.11,30.0,0.6,0.2006,0.6,-10.4689,True,all_dynamic_snr,0.9494,0.2107
86,v3,v6,20.0,40.11,70.0,0.6,0.2006,1.4,-12.8772,True,all_dynamic_snr,0.791,0.1902
86,v3,v8,20.0,40.11,30.0,0.6,0.2006,0.6,-10.4689,True,all_dynamic_snr,0.9418,0.2262
86,v4,v6,40.0,6.0,40.0,1.0,0.03,0.8,21.9578,True,all_dynamic_snr,2.9634,0.9607
86,v4,v1,40.0,13.45,40.0,1.0,0.0673,0.8,16.3468,True,all_dynamic_snr,2.9518,0.9543
86,v4,v7,40.0,30.15,20.0,1.0,0.1507,0.4,12.5145,False,all_dynamic_snr,2.9238,0.9529
86,v4,v3,40.0,40.11,30.0,1.0,0.2006,0.6,9.5311,False,all_dynamic_snr,2.8813,0.9471
86,v4,v8,40.0,80.0,0.0,1.0,0.4,0.0,9.5506,False,all_dynamic_snr,2.8772,0.9426
87,v1,v6,40.0,10.44,20.0,1.0,0.0522,0.4,19.8836,False,all_dynamic_snr,2.9607,0.9621
87,v1,v8,40.0,31.32,40.0,1.0,0.1566,0.8,10.4749,True,all_dynamic_snr,2.902,0.9549
87,v1,v3,40.0,40.45,70.0,1.0,0.2022,1.4,7.065,True,all_dynamic_snr,2.8098,0.9377
87,v1,v7,40.0,40.45,70.0,1.0,0.2022,1.4,7.065,True,all_dynamic_snr,2.8122,0.9436
87,v1,v11,40.0,40.45,80.0,1.0,0.2022,1.6,6.6558,True,all_dynamic_snr,2.7954,0.9436
87,v2,v16,20.0,6.0,90.0,0.6,0.03,1.8,-0.4504,True,all_dynamic_snr,2.1667,0.7182
87,v2,v15,20.0,100.04,90.0,0.6,0.5002,1.8,-20.0031,True,all_dynamic_snr,0.5308,0.1355
87,v2,v19,20.0,100.04,100.0,0.6,0.5002,2.0,-20.3343,True,all_dynamic_snr,0.5343,0.1238
87,v2,v12,20.0,100.18,70.0,0.6,0.5009,1.4,-19.2372,True,all_dynamic_snr,0.5528,0.1375
87,v2,v11,20.0,140.03,100.0,0.6,0.7002,2.0,-22.6708,True,all_dynamic_snr,0.4934,0.142
87,v3,v7,20.0,0.0,0.0,0.6,0.0,0.0,36.0,False,all_dynamic_snr,2.9688,0.9592
87,v3,v4,20.0,10.44,10.0,0.6,0.0522,0.2,1.2923,False,all_dynamic_snr,2.3749,0.8438
87,v3,v6,20.0,30.15,50.0,0.6,0.1507,1.0,-9.8937,True,all_dynamic_snr,0.981,0.2539
87,v3,v1,20.0,40.45,70.0,0.6,0.2022,1.4,-12.935,True,all_dynamic_snr,0.7987,0.1855
87,v3,v8,20.0,70.06,30.0,0.6,0.3503,0.6,-14.3444,True,all_dynamic_snr,0.7201,0.184
87,v4,v3,40.0,10.44,10.0,1.0,0.0522,0.2,21.2923,False,all_dynamic_snr,2.9644,0.9592
87,v4,v7,40.0,10.44,10.0,1.0,0.0522,0.2,21.2923,False,all_dynamic_snr,2.9638,0.9563
87,v4,v6,40.0,40.45,60.0,1.0,0.2022,1.2,7.5289,True,all_dynamic_snr,2.8235,0.9371
87,v4,v1,40.0,50.8,80.0,1.0,0.254,1.6,5.0718,True,all_dynamic_snr,2.7163,0.9305
87,v4,v8,40.0,80.0,40.0,1.0,0.4,0.8,3.9588,True,all_dynamic_snr,2.6369,0.9029
88,v1,v15,40.0,11.66,60.0,1.0,0.0583,1.2,16.1709,True,all_dynamic_snr,2.9494,0.9582
88,v1,v8,40.0,13.45,40.0,1.0,0.0673,0.8,16.3468,True,all_dynamic_snr,2.9522,0.9539
88,v1,v6,40.0,30.15,0.0,1.0,0.1507,0.0,16.3315,False,all_dynamic_snr,2.9516,0.9592
88,v1,v12,40.0,31.32,40.0,1.0,0.1566,0.8,10.4749,True,all_dynamic_snr,2.8966,0.952
88,v1,v11,40.0,40.45,60.0,1.0,0.2022,1.2,7.5289,True,all_dynamic_snr,2.8235,0.9367
88,v2,v19,20.0,3.0,60.0,0.6,0.015,1.2,5.6053,True,all_dynamic_snr,2.7417,0.9363
88,v2,v16,20.0,90.2,60.0,0.6,0.451,1.2,-18.0441,True,all_dynamic_snr,0.6,0.1543
88,v2,v12,20.0,170.11,40.0,0.6,0.8505,0.8,-21.2833,True,all_dynamic_snr,0.5068,0.1338
88,v2,v15,20.0,190.02,60.0,0.6,0.9501,1.2,-23.2217,True,all_dynamic_snr,0.4857,0.1365
88,v3,v7,20.0,0.0,20.0,0.6,0.0,0.4,32.183,True,all_dynamic_snr,2.9697,0.9602
88,v3,v4,20.0,20.22,10.0,0.6,0.1011,0.2,-3.302,False,all_dynamic_snr,1.7285,0.5367
88,v3,v11,20.0,70.0,0.0,0.6,0.35,0.0,-9.5216,True,all_dynamic_snr,1.0146,0.2535
88,v3,v6,20.0,80.06,60.0,0.6,0.4003,1.2,-17.2151,True,all_dynamic_snr,0.608,0.14
88,v3,v5,20.0,80.22,70.0,0.6,0.4011,1.4,-17.6936,True,all_dynamic_snr,0.5775,0.1365
88,v4,v3,40.0,20.22,10.0,1.0,0.1011,0.2,16.698,False,all_dynamic_snr,2.9531,0.9539
88,v4,v7,40.0,20.22,10.0,1.0,0.1011,0.2,16.698,False,all_dynamic_snr,2.9522,0.9553
88,v4,v5,40.0,60.67,80.0,1.0,0.3034,1.6,3.8383,True,all_dynamic_snr,2.6213,0.8889
88,v4,v13,40.0,80.5,90.0,1.0,0.4025,1.8,1.5069,True,all_dynamic_snr,2.4047,0.8434
88,v4,v11,40.0,90.05,10.0,1.0,0.4502,0.2,6.32,False,all_dynamic_snr,2.7743,0.9426
89,v1,v12,40.0,13.45,80.0,1.0,0.0673,1.6,14.3046,True,all_dynamic_snr,2.9406,0.9549
89,v1,v6,40.0,30.15,30.0,1.0,0.1507,0.6,11.515,False,all_dynamic_snr,2.9111,0.9588
89,v1,v15,40.0,50.36,60.0,1.0,0.2518,1.2,6.006,True,all_dynamic_snr,2.7635,0.9324
89,v1,v8,40.0,50.8,60.0,1.0,0.254,1.2,5.9449,True,all_dynamic_snr,2.7603,0.9305
89,v1,v16,40.0,50.8,90.0,1.0,0.254,1.8,4.7057,True,all_dynamic_snr,2.6808,0.923
89,v2,v19,20.0,60.07,30.0,0.6,0.3004,0.6,-13.2756,True,all_dynamic_snr,0.777,0.1963
89,v2,v16,20.0,150.12,60.0,0.6,0.7506,1.2,-21.5838,True,all_dynamic_snr,0.4925,0.116
89,v3,v5,20.0,11.66,70.0,0.6,0.0583,1.4,-4.293,True,all_dynamic_snr,1.6227,0.4965
89,v3,v7,20.0,20.0,20.0,0.6,0.1,0.4,-4.6334,True,all_dynamic_snr,1.5533,0.4793
89,v3,v13,20.0,20.88,50.0,0.6,0.1044,1.0,-7.3411,True,all_dynamic_snr,1.2266,0.3086
89,v3,v4,20.0,30.15,0.0,0.6,0.1507,0.0,-3.6685,False,all_dynamic_snr,1.6957,0.518
89,v3,v11,20.0,70.0,10.0,0.6,0.35,0.2,-11.9298,True,all_dynamic_snr,0.843,0.1951
89,v4,v7,40.0,10.44,20.0,1.0,0.0522,0.4,19.8836,False,all_dynamic_snr,2.9626,0.9592
89,v4,v13,40.0,13.45,50.0,1.0,0.0673,1.0,15.7134,True,all_dynamic_snr,2.949,0.9592
89,v4,v5,40.0,21.93,70.0,1.0,0.1097,1.4,11.3181,True,all_dynamic_snr,2.9113,0.9572
89,v4,v3,40.0,30.15,0.0,1.0,0.1507,0.0,16.3315,False,all_dynamic_snr,2.9503,0.9559
89,v4,v14,40.0,50.36,80.0,1.0,0.2518,1.6,5.1329,True,all_dynamic_snr,2.7089,0.9266
90,v1,v16,40.0,41.0,40.0,1.0,0.205,0.8,8.6037,True,all_dynamic_snr,2.859,0.9455
90,v1,v6,40.0,60.07,10.0,1.0,0.3004,0.2,9.1327,False,all_dynamic_snr,2.8689,0.9563
90,v1,v19,40.0,80.22,50.0,1.0,0.4011,1.0,3.3059,True,all_dynamic_snr,2.5865,0.902
90,v1,v12,40.0,90.45,40.0,1.0,0.4522,0.8,3.1058,True,all_dynamic_snr,2.5675,0.8836
90,v1,v15,40.0,110.16,80.0,1.0,0.5508,1.6,-0.3065,True,all_dynamic_snr,2.1663,0.7672
90,v2,v19,20.0,90.05,40.0,0.6,0.4502,0.8,-16.8635,True,all_dynamic_snr,0.6297,0.1471
90,v2,v20,20.0,150.12,70.0,0.6,0.7506,1.4,-22.0477,True,all_dynamic_snr,0.5065,0.1445
90,v2,v1,20.0,170.03,10.0,0.6,0.8501,0.2,-18.0965,True,all_dynamic_snr,0.5938,0.1387
90,v3,v14,20.0,3.0,70.0,0.6,0.015,1.4,5.1413,True,all_dynamic_snr,2.7165,0.923
90,v3,v4,20.0,30.15,10.0,0.6,0.1507,0.2,-6.0768,False,all_dynamic_snr,1.3672,0.399
90,v3,v13,20.0,30.59,70.0,0.6,0.153,1.4,-10.9949,True,all_dynamic_snr,0.9008,0.2012
90,v3,v7,20.0,40.0,0.0,0.6,0.2,0.0,-5.633,False,all_dynamic_snr,1.4306,0.4316
90,v3,v11,20.0,60.0,10.0,0.6,0.3,0.2,-10.8587,True,all_dynamic_snr,0.9103,0.2344
90,v4,v7,40.0,10.44,10.0,1.0,0.0522,0.2,21.2923,False,all_dynamic_snr,2.9635,0.9598
90,v4,v3,40.0,30.15,10.0,1.0,0.1507,0.2,13.9232,False,all_dynamic_snr,2.9389,0.9553
90,v4,v14,40.0,30.59,80.0,1.0,0.153,1.6,8.5959,True,all_dynamic_snr,2.8628,0.9484
90,v4,v9,40.0,41.0,50.0,1.0,0.205,1.0,7.9702,True,all_dynamic_snr,2.8398,0.949
90,v4,v10,40.0,50.36,40.0,1.0,0.2518,0.8,7.175,True,all_dynamic_snr,2.811,0.943
91,v1,v19,40.0,30.59,70.0,1.0,0.153,1.4,9.0051,True,all_dynamic_snr,2.8669,0.951
91,v1,v6,40.0,70.06,20.0,1.0,0.3503,0.4,6.6551,False,all_dynamic_snr,2.7946,0.9393
91,v1,v16,40.0,80.5,60.0,1.0,0.4025,1.2,2.7461,True,all_dynamic_snr,2.5287,0.8736
91,v1,v12,40.0,130.31,80.0,1.0,0.6516,1.6,-1.4736,True,all_dynamic_snr,1.9967,0.6727
91,v1,v2,40.0,160.03,20.0,1.0,0.8001,0.4,0.9159,True,all_dynamic_snr,2.3274,0.8311
91,v2,v20,20.0,80.22,60.0,0.6,0.4011,1.2,-17.2297,True,all_dynamic_snr,0.615,0.1453
91,v2,v19,20.0,130.03,50.0,0.6,0.6502,1.0,-20.0502,True,all_dynamic_snr,0.5347,0.1242
91,v2,v1,20.0,160.03,20.0,0.6,0.8001,0.4,-19.0841,True,all_dynamic_snr,0.5667,0.1215
91,v3,v9,20.0,30.59,60.0,0.6,0.153,1.2,-10.531,True,all_dynamic_snr,0.9501,0.2402
91,v3,v7,20.0,40.0,20.0,0.6,0.2,0.4,-9.4499,True,all_dynamic_snr,1.0034,0.2551
91,v3,v4,20.0,40.11,0.0,0.6,0.2006,0.0,-5.6524,False,all_dynamic_snr,1.4184,0.4193
91,v3,v11,20.0,50.0,0.0,0.6,0.25,0.0,-7.1835,False,all_dynamic_snr,1.2463,0.3484
91,v3,v10,20.0,50.09,50.0,0.6,0.2504,1.0,-13.4212,True,all_dynamic_snr,0.7646,0.1807
91,v4,v7,40.0,3.0,20.0,1.0,0.015,0.4,28.5491,False,all_dynamic_snr,2.9681,0.9582
91,v4,v10,40.0,11.66,50.0,1.0,0.0583,1.0,16.7065,True,all_dynamic_snr,2.9534,0.9572
91,v4,v9,40.0,13.45,60.0,1.0,0.0673,1.2,15.1778,True,all_dynamic_snr,2.9471,0.9582
91,v4,v3,40.0,40.11,0.0,1.0,0.2006,0.0,14.3476,False,all_dynamic_snr,2.9398,0.9611
91,v4,v11,40.0,90.05,0.0,1.0,0.4502,0.0,8.7283,False,all_dynamic_snr,2.8618,0.9578
92,v1,v19,40.0,40.45,70.0,1.0,0.2022,1.4,7.065,True,all_dynamic_snr,2.8088,0.9426
92,v1,v6,40.0,90.05,10.0,1.0,0.4502,0.2,6.32,False,all_dynamic_snr,2.775,0.9381
92,v1,v2,40.0,140.03,10.0,1.0,0.7002,0.2,3.2521,False,all_dynamic_snr,2.5744,0.8938
92,v1,v16,40.0,140.29,30.0,1.0,0.7014,0.6,0.8311,True,all_dynamic_snr,2.3156,0.799
92,v1,v20,40.0,160.25,30.0,1.0,0.8013,0.6,-0.0934,True,all_dynamic_snr,2.2057,0.7719
92,v2,v20,20.0,20.88,40.0,0.6,0.1044,0.8,-6.7077,True,all_dynamic_snr,1.3001,0.3852
92,v2,v1,20.0,140.03,10.0,0.6,0.7002,0.2,-16.7479,True,all_dynamic_snr,0.6115,0.14
92,v2,v19,20.0,180.02,80.0,0.6,0.9001,1.6,-23.7193,True,all_dynamic_snr,0.4656,0.116
92,v3,v10,20.0,3.0,90.0,0.6,0.015,1.8,4.3661,True,all_dynamic_snr,2.6638,0.923
92,v3,v9,20.0,30.59,100.0,0.6,0.153,2.0,-12.1013,True,all_dynamic_snr,0.8449,0.2229
92,v3,v4,20.0,40.11,10.0,0.6,0.2006,0.2,-8.0607,False,all_dynamic_snr,1.1444,0.2943
92,v3,v11,20.0,50.0,30.0,0.6,0.25,0.6,-12.0,True,all_dynamic_snr,0.8281,0.1891
92,v3,v7,20.0,60.0,10.0,0.6,0.3,0.2,-10.8587,True,all_dynamic_snr,0.9138,0.2211
92,v4,v7,40.0,20.22,0.0,1.0,0.1011,0.0,19.1062,False,all_dynamic_snr,2.9586,0.9563
92,v4,v3,40.0,40.11,10.0,1.0,0.2006,0.2,11.9393,False,all_dynamic_snr,2.9151,0.9598
92,v4,v10,40.0,40.45,80.0,1.0,0.2022,1.6,6.6558,True,all_dynamic_snr,2.7949,0.9406
92,v4,v9,40.0,70.58,90.0,1.0,0.3529,1.8,2.4215,True,all_dynamic_snr,2.4926,0.8775
92,v4,v11,40.0,90.05,20.0,1.0,0.4502,0.4,4.9113,False,all_dynamic_snr,2.704,0.935
93,v1,v6,40.0,80.06,20.0,1.0,0.4003,0.4,5.7287,False,all_dynamic_snr,2.7438,0.9303
93,v1,v19,40.0,110.16,100.0,1.0,0.5508,2.0,-1.0037,True,all_dynamic_snr,2.062,0.7178
93,v1,v20,40.0,130.31,80.0,1.0,0.6516,1.6,-1.4736,True,all_dynamic_snr,2.0045,0.6707
93,v1,v5,40.0,150.0,30.0,1.0,0.75,0.6,0.3661,True,all_dynamic_snr,2.2581,0.8016
93,v1,v2,40.0,150.03,40.0,1.0,0.7501,0.8,-0.4106,True,all_dynamic_snr,2.1501,0.7334
93,v2,v20,20.0,20.88,40.0,0.6,0.1044,0.8,-6.7077,True,all_dynamic_snr,1.2922,0.3611
93,v2,v1,20.0,150.03,40.0,0.6,0.7501,0.8,-20.4106,True,all_dynamic_snr,0.534,0.1357
93,v3,v4,20.0,30.15,20.0,0.6,0.1507,0.4,-7.4855,True,all_dynamic_snr,1.1962,0.3197
93,v3,v7,20.0,50.0,10.0,0.6,0.25,0.2,-9.5918,False,all_dynamic_snr,1.0173,0.2549
93,v3,v17,20.0,60.3,40.0,0.6,0.3015,0.8,-14.0768,True,all_dynamic_snr,0.7344,0.1695
93,v3,v11,20.0,80.0,20.0,0.6,0.4,0.4,-14.2664,True,all_dynamic_snr,0.7295,0.1797
93,v3,v10,20.0,90.05,70.0,0.6,0.4502,1.4,-18.4965,True,all_dynamic_snr,0.5582,0.1271
93,v4,v7,40.0,20.22,30.0,1.0,0.1011,0.6,14.2897,False,all_dynamic_snr,2.9412,0.9621
93,v4,v3,40.0,30.15,20.0,1.0,0.1507,0.4,12.5145,False,all_dynamic_snr,2.9243,0.9607
93,v4,v17,40.0,31.32,20.0,1.0,0.1566,0.4,12.2497,False,all_dynamic_snr,2.9217,0.9533
93,v4,v18,40.0,90.2,50.0,1.0,0.451,1.0,2.4915,True,all_dynamic_snr,2.5023,0.8816
93,v4,v11,40.0,110.04,0.0,1.0,0.5502,0.0,7.3351,False,all_dynamic_snr,2.8148,0.9441
94,v1,v20,40.0,50.8,30.0,1.0,0.254,0.6,7.8892,False,all_dynamic_snr,2.8331,0.9445
94,v1,v6,40.0,100.04,10.0,1.0,0.5002,0.2,5.5886,False,all_dynamic_snr,2.7404,0.9328
94,v1,v2,40.0,110.04,20.0,1.0,0.5502,0.4,3.5182,False,all_dynamic_snr,2.5969,0.8977
94,v1,v13,40.0,170.0,10.0,1.0,0.85,0.2,1.9046,True,all_dynamic_snr,2.4482,0.8639
94,v1,v5,40.0,180.0,0.0,1.0,0.9,0.0,3.9156,True,all_dynamic_snr,2.6316,0.9068
94,v2,v20,20.0,60.3,50.0,0.6,0.3015,1.0,-14.7102,True,all_dynamic_snr,0.6972,0.1678
94,v2,v1,20.0,110.04,20.0,0.6,0.5502,0.4,-16.4818,True,all_dynamic_snr,0.6166,0.1473
94,v3,v4,20.0,10.44,20.0,0.6,0.0522,0.4,-0.1164,True,all_dynamic_snr,2.188,0.7645
94,v3,v17,20.0,20.88,50.0,0.6,0.1044,1.0,-7.3411,True,all_dynamic_snr,1.2344,0.324
94,v3,v18,20.0,50.09,60.0,0.6,0.2504,1.2,-13.9568,True,all_dynamic_snr,0.7335,0.1852
94,v3,v7,20.0,60.0,20.0,0.6,0.3,0.4,-12.2674,True,all_dynamic_snr,0.8319,0.2094
94,v3,v11,20.0,100.0,10.0,0.6,0.5,0.2,-14.4082,True,all_dynamic_snr,0.7216,0.1652
94,v4,v3,40.0,10.44,20.0,1.0,0.0522,0.4,19.8836,False,all_dynamic_snr,2.9618,0.9602
94,v4,v17,40.0,13.45,70.0,1.0,0.0673,1.4,14.7139,True,all_dynamic_snr,2.9411,0.9662
94,v4,v18,40.0,40.45,80.0,1.0,0.2022,1.6,6.6558,True,all_dynamic_snr,2.7935,0.9381
94,v4,v7,40.0,50.09,0.0,1.0,0.2504,0.0,12.804,False,all_dynamic_snr,2.9261,0.9602
94,v4,v11,40.0,110.04,10.0,1.0,0.5502,0.2,4.9269,False,all_dynamic_snr,2.6895,0.923
95,v1,v20,40.0,21.93,20.0,1.0,0.1097,0.4,14.7259,False,all_dynamic_snr,2.9413,0.9553
95,v1,v6,40.0,110.04,40.0,1.0,0.5502,0.8,1.7434,True,all_dynamic_snr,2.4121,0.8453
95,v1,v2,40.0,130.03,20.0,1.0,0.6502,0.4,2.3581,True,all_dynamic_snr,2.501,0.8525
95,v1,v13,40.0,160.0,0.0,1.0,0.8,0.0,4.7341,True,all_dynamic_snr,2.6922,0.927
95,v1,v5,40.0,180.0,40.0,1.0,0.9,0.8,-1.6761,True,all_dynamic_snr,1.9579,0.6398
95,v2,v20,20.0,110.16,40.0,0.6,0.5508,0.8,-18.2644,True,all_dynamic_snr,0.5934,0.152
95,v2,v1,20.0,130.03,20.0,0.6,0.6502,0.4,-17.6419,True,all_dynamic_snr,0.6163,0.1389
95,v3,v18,20.0,10.44,60.0,0.6,0.0522,1.2,-3.0602,True,all_dynamic_snr,1.7727,0.5803
95,v3,v4,20.0,30.15,0.0,0.6,0.1507,0.0,-3.6685,False,all_dynamic_snr,1.6753,0.5467
95,v3,v17,20.0,30.59,70.0,0.6,0.153,1.4,-10.9949,True,all_dynamic_snr,0.9034,0.2221
95,v3,v7,20.0,80.0,30.0,0.6,0.4,0.6,-15.2659,True,all_dynamic_snr,0.6547,0.1648
95,v3,v11,20.0,90.0,0.0,0.6,0.45,0.0,-11.2679,True,all_dynamic_snr,0.8697,0.1891
95,v4,v3,40.0,30.15,0.0,1.0,0.1507,0.0,16.3315,False,all_dynamic_snr,2.9519,0.9563
95,v4,v18,40.0,40.45,60.0,1.0,0.2022,1.2,7.5289,True,all_dynamic_snr,2.826,0.942
95,v4,v7,40.0,50.09,30.0,1.0,0.2504,0.6,7.9875,False,all_dynamic_snr,2.8403,0.9445
95,v4,v17,40.0,60.67,70.0,1.0,0.3034,1.4,4.2476,True,all_dynamic_snr,2.6621,0.926
95,v4,v11,40.0,120.04,0.0,1.0,0.6002,0.0,6.7309,False,all_dynamic_snr,2.7903,0.9465
96,v1,v20,40.0,9.0,70.0,1.0,0.045,1.4,17.5074,True,all_dynamic_snr,2.9557,0.9617
96,v1,v6,40.0,70.06,10.0,1.0,0.3503,0.2,8.0638,False,all_dynamic_snr,2.8436,0.948
96,v1,v5,40.0,140.0,10.0,1.0,0.7,0.2,3.2537,False,all_dynamic_snr,2.5768,0.8916
96,v1,v2,40.0,150.03,10.0,1.0,0.7501,0.2,2.7729,False,all_dynamic_snr,2.5272,0.8943
96,v1,v13,40.0,160.0,10.0,1.0,0.8,0.2,2.3258,True,all_dynamic_snr,2.4808,0.8605
96,v2,v1,20.0,150.03,10.0,0.6,0.7501,0.2,-17.2271,True,all_dynamic_snr,0.6132,0.1451
96,v2,v20,20.0,150.12,80.0,0.6,0.7506,1.6,-22.457,True,all_dynamic_snr,0.4784,0.1166
96,v3,v4,20.0,30.15,40.0,0.6,0.1507,0.8,-9.2603,True,all_dynamic_snr,1.0343,0.2596
96,v3,v18,20.0,70.06,60.0,0.6,0.3503,1.2,-16.2887,True,all_dynamic_snr,0.6299,0.1658
96,v3,v11,20.0,90.0,40.0,0.6,0.45,0.8,-16.8596,True,all_dynamic_snr,0.6147,0.1506
96,v3,v17,20.0,100.18,70.0,0.6,0.5009,1.4,-19.2372,True,all_dynamic_snr,0.558,0.1277
96,v3,v7,20.0,110.0,30.0,0.6,0.55,0.6,-17.4788,True,all_dynamic_snr,0.6071,0.1592
96,v4,v3,40.0,30.15,40.0,1.0,0.1507,0.8,10.7397,True,all_dynamic_snr,2.8993,0.9582
96,v4,v7,40.0,80.06,10.0,1.0,0.4003,0.2,7.1374,False,all_dynamic_snr,2.8122,0.9484
96,v4,v18,40.0,100.18,20.0,1.0,0.5009,0.4,4.1705,False,all_dynamic_snr,2.6428,0.9187
96,v4,v11,40.0,120.04,0.0,1.0,0.6002,0.0,6.7309,False,all_dynamic_snr,2.7943,0.9367
96,v4,v17,40.0,130.31,30.0,1.0,0.6516,0.6,1.3438,True,all_dynamic_snr,2.3713,0.818
97,v1,v6,40.0,60.07,40.0,1.0,0.3004,0.8,5.9491,True,all_dynamic_snr,2.7561,0.9299
97,v1,v20,40.0,70.58,60.0,1.0,0.3529,1.2,3.6607,True,all_dynamic_snr,2.6068,0.9041
97,v1,v5,40.0,130.0,40.0,1.0,0.65,0.8,0.5851,True,all_dynamic_snr,2.2821,0.7906
97,v1,v2,40.0,160.03,40.0,1.0,0.8001,0.8,-0.8589,True,all_dynamic_snr,2.1042,0.7367
97,v1,v13,40.0,170.0,20.0,1.0,0.85,0.4,0.4958,True,all_dynamic_snr,2.2739,0.7984
97,v2,v1,20.0,160.03,40.0,0.6,0.8001,0.8,-20.8589,True,all_dynamic_snr,0.503,0.1363
97,v3,v4,20.0,10.44,0.0,0.6,0.0522,0.0,3.7006,False,all_dynamic_snr,2.606,0.91
97,v3,v7,20.0,80.0,40.0,0.6,0.4,0.8,-16.0412,True,all_dynamic_snr,0.6579,0.1654
97,v3,v15,20.0,120.0,20.0,0.6,0.6,0.4,-17.0839,True,all_dynamic_snr,0.6129,0.1391
97,v3,v11,20.0,130.0,10.0,0.6,0.65,0.2,-16.2313,True,all_dynamic_snr,0.6305,0.1559
97,v3,v18,20.0,130.03,70.0,0.6,0.6502,1.4,-21.0497,True,all_dynamic_snr,0.5242,0.1127
97,v4,v3,40.0,10.44,0.0,1.0,0.0522,0.0,23.7006,False,all_dynamic_snr,2.9643,0.9553
97,v4,v7,40.0,90.05,40.0,1.0,0.4502,0.8,3.1365,True,all_dynamic_snr,2.5703,0.8896
97,v4,v15,40.0,110.04,20.0,1.0,0.5502,0.4,3.5182,False,all_dynamic_snr,2.5905,0.8947
97,v4,v11,40.0,120.04,10.0,1.0,0.6002,0.2,4.3227,False,all_dynamic_snr,2.6556,0.9088
97,v4,v18,40.0,120.15,70.0,1.0,0.6007,1.4,-0.5003,True,all_dynamic_snr,2.1536,0.7424
98,v1,v6,40.0,20.22,0.0,1.0,0.1011,0.0,19.1062,False,all_dynamic_snr,2.9614,0.9582
98,v1,v5,40.0,90.0,20.0,1.0,0.45,0.4,4.9151,False,all_dynamic_snr,2.7034,0.9279
98,v1,v20,40.0,130.31,60.0,1.0,0.6516,1.2,-0.6005,True,all_dynamic_snr,2.1352,0.734
98,v1,v13,40.0,150.0,10.0,1.0,0.75,0.2,2.7743,False,all_dynamic_snr,2.5302,0.9137
98,v3,v4,20.0,10.44,20.0,0.6,0.0522,0.4,-0.1164,True,all_dynamic_snr,2.1925,0.7727
98,v3,v7,20.0,40.0,10.0,0.6,0.2,0.2,-8.0412,False,all_dynamic_snr,1.1886,0.325
98,v3,v11,20.0,140.0,10.0,0.6,0.7,0.2,-16.7463,True,all_dynamic_snr,0.6133,0.1402
98,v3,v15,20.0,140.0,20.0,0.6,0.7,0.4,-18.155,True,all_dynamic_snr,0.6032,0.1354
98,v3,v8,20.0,150.03,30.0,0.6,0.7501,0.6,-19.6353,True,all_dynamic_snr,0.5477,0.1426
98,v4,v3,40.0,10.44,20.0,1.0,0.0522,0.4,19.8836,False,all_dynamic_snr,2.9591,0.9598
98,v4,v7,40.0,50.09,10.0,1.0,0.2504,0.2,10.3958,False,all_dynamic_snr,2.8943,0.9617
98,v4,v11,40.0,130.03,10.0,1.0,0.6502,0.2,3.7668,False,all_dynamic_snr,2.6127,0.9021
98,v4,v15,40.0,130.03,0.0,1.0,0.6502,0.0,6.1751,False,all_dynamic_snr,2.7666,0.9471
98,v4,v8,40.0,140.0,10.0,1.0,0.7,0.2,3.2537,False,all_dynamic_snr,2.5694,0.8895
99,v1,v6,40.0,20.22,0.0,1.0,0.1011,0.0,19.1062,False,all_dynamic_snr,2.9599,0.9621
99,v1,v5,40.0,70.0,10.0,1.0,0.35,0.2,8.0702,False,all_dynamic_snr,2.8428,0.949
99,v1,v13,40.0,140.0,0.0,1.0,0.7,0.0,5.662,False,all_dynamic_snr,2.7499,0.9299
99,v1,v2,40.0,190.02,20.0,1.0,0.9501,0.4,-0.2779,True,all_dynamic_snr,2.1637,0.7484
99,v1,v20,40.0,190.21,60.0,1.0,0.9511,1.2,-3.2286,True,all_dynamic_snr,1.754,0.5467
99,v2,v1,20.0,190.02,20.0,0.6,0.9501,0.4,-20.2779,True,all_dynamic_snr,0.5342,0.1332
99,v3,v4,20.0,10.44,10.0,0.6,0.0522,0.2,1.2923,False,all_dynamic_snr,2.3629,0.8203
99,v3,v7,20.0,50.0,30.0,0.6,0.25,0.6,-12.0,True,all_dynamic_snr,0.8338,0.2115
99,v3,v15,20.0,120.0,10.0,0.6,0.6,0.2,-15.6751,True,all_dynamic_snr,0.6544,0.152
99,v3,v8,20.0,120.04,20.0,0.6,0.6002,0.4,-17.086,True,all_dynamic_snr,0.6192,0.1391
99,v3,v11,20.0,130.0,30.0,0.6,0.65,0.6,-18.6396,True,all_dynamic_snr,0.5786,0.1217
99,v4,v3,40.0,10.44,10.0,1.0,0.0522,0.2,21.2923,False,all_dynamic_snr,2.9635,0.9533
99,v4,v7,40.0,40.11,40.0,1.0,0.2006,0.8,8.7558,True,all_dynamic_snr,2.8618,0.9477
99,v4,v8,40.0,130.0,30.0,1.0,0.65,0.6,1.3604,True,all_dynamic_snr,2.3754,0.8273
99,v4,v15,40.0,130.03,20.0,1.0,0.6502,0.4,2.3581,True,all_dynamic_snr,2.501,0.8717
99,v4,v11,40.0,140.03,40.0,1.0,0.7002,0.8,0.0686,True,all_dynamic_snr,2.2247,0.7684
100,v1,v6,40.0,20.22,10.0,1.0,0.1011,0.2,16.698,False,all_dynamic_snr,2.9515,0.9523
100,v1,v5,40.0,60.0,30.0,1.0,0.3,0.6,6.7331,False,all_dynamic_snr,2.7887,0.9461
100,v1,v13,40.0,140.0,30.0,1.0,0.7,0.6,0.8455,True,all_dynamic_snr,2.3118,0.8121
100,v3,v7,20.0,20.0,30.0,0.6,0.1,0.6,-5.633,True,all_dynamic_snr,1.4221,0.4143
100,v3,v4,20.0,20.22,10.0,0.6,0.1011,0.2,-3.302,False,all_dynamic_snr,1.731,0.5727
100,v3,v15,20.0,130.0,10.0,0.6,0.65,0.2,-16.2313,True,all_dynamic_snr,0.647,0.1572
100,v3,v8,20.0,140.03,0.0,0.6,0.7002,0.0,-14.3396,True,all_dynamic_snr,0.7088,0.1422
100,v3,v11,20.0,160.0,10.0,0.6,0.8,0.2,-17.6742,True,all_dynamic_snr,0.5844,0.1252
100,v4,v7,40.0,3.0,20.0,1.0,0.015,0.4,28.5491,False,all_dynamic_snr,2.9682,0.9563
100,v4,v3,40.0,20.22,10.0,1.0,0.1011,0.2,16.698,False,all_dynamic_snr,2.9514,0.9563
100,v4,v15,40.0,150.03,0.0,1.0,0.7501,0.0,5.1812,False,all_dynamic_snr,2.7119,0.9248
100,v4,v8,40.0,160.0,10.0,1.0,0.8,0.2,2.3258,True,all_dynamic_snr,2.4986,0.875
100,v4,v11,40.0,180.02,20.0,1.0,0.9001,0.4,0.0977,True,all_dynamic_snr,2.2141,0.7748
101,v1,v6,40.0,10.44,10.0,1.0,0.0522,0.2,21.2923,False,all_dynamic_snr,2.9638,0.9553
101,v1,v5,40.0,30.0,0.0,1.0,0.15,0.0,16.3661,False,all_dynamic_snr,2.9507,0.9578
101,v1,v13,40.0,110.0,30.0,1.0,0.55,0.6,2.5212,True,all_dynamic_snr,2.4996,0.8658
101,v3,v7,20.0,10.0,0.0,0.6,0.05,0.0,4.0,False,all_dynamic_snr,2.6411,0.9146
101,v3,v4,20.0,10.44,20.0,0.6,0.0522,0.4,-0.1164,True,all_dynamic_snr,2.2034,0.7717
101,v3,v15,20.0,140.0,0.0,0.6,0.7,0.0,-14.338,True,all_dynamic_snr,0.706,0.1762
101,v3,v8,20.0,140.03,30.0,0.6,0.7002,0.6,-19.1561,True,all_dynamic_snr,0.5339,0.1307
101,v3,v11,20.0,150.0,0.0,0.6,0.75,0.0,-14.8175,True,all_dynamic_snr,0.6992,0.1607
101,v4,v3,40.0,10.44,20.0,1.0,0.0522,0.4,19.8836,False,all_dynamic_snr,2.9602,0.9627
101,v4,v7,40.0,20.22,20.0,1.0,0.1011,0.4,15.2892,False,all_dynamic_snr,2.9464,0.9572
101,v4,v8,40.0,150.0,10.0,1.0,0.75,0.2,2.7743,False,all_dynamic_snr,2.5469,0.874
101,v4,v15,40.0,150.03,20.0,1.0,0.7501,0.4,1.3642,True,all_dynamic_snr,2.3864,0.8354
101,v4,v11,40.0,160.03,20.0,1.0,0.8001,0.4,0.9159,True,all_dynamic_snr,2.3332,0.8248
102,v1,v6,40.0,20.22,30.0,1.0,0.1011,0.6,14.2897,False,all_dynamic_snr,2.9427,0.9598
102,v1,v5,40.0,30.0,40.0,1.0,0.15,0.8,10.7743,True,all_dynamic_snr,2.8999,0.951
102,v1,v13,40.0,140.0,30.0,1.0,0.7,0.6,0.8455,True,all_dynamic_snr,2.3228,0.8225
102,v3,v7,20.0,10.0,20.0,0.6,0.05,0.4,0.183,True,all_dynamic_snr,2.2336,0.7953
102,v3,v4,20.0,10.44,10.0,0.6,0.0522,0.2,1.2923,False,all_dynamic_snr,2.3704,0.8473
102,v3,v15,20.0,140.0,20.0,0.6,0.7,0.4,-18.155,True,all_dynamic_snr,0.5838,0.1453
102,v3,v11,20.0,150.0,0.0,0.6,0.75,0.0,-14.8175,True,all_dynamic_snr,0.6962,0.1658
102,v3,v8,20.0,170.03,20.0,0.6,0.8501,0.4,-19.5052,True,all_dynamic_snr,0.5488,0.1195
102,v4,v7,40.0,3.0,10.0,1.0,0.015,0.2,29.9578,False,all_dynamic_snr,2.9681,0.9582
102,v4,v3,40.0,10.44,10.0,1.0,0.0522,0.2,21.2923,False,all_dynamic_snr,2.9625,0.9572
102,v4,v15,40.0,130.03,10.0,1.0,0.6502,0.2,3.7668,False,all_dynamic_snr,2.6213,0.9156
102,v4,v11,40.0,140.03,10.0,1.0,0.7002,0.2,3.2521,False,all_dynamic_snr,2.5787,0.8928
102,v4,v8,40.0,160.0,10.0,1.0,0.8,0.2,2.3258,True,all_dynamic_snr,2.484,0.859
103,v1,v6,40.0,50.09,30.0,1.0,0.2504,0.6,7.9875,False,all_dynamic_snr,2.8398,0.9465
103,v1,v5,40.0,70.0,20.0,1.0,0.35,0.4,6.6615,False,all_dynamic_snr,2.7885,0.9438
103,v1,v13,40.0,170.0,0.0,1.0,0.85,0.0,4.3128,True,all_dynamic_snr,2.6631,0.9059
103,v3,v4,20.0,3.0,10.0,0.6,0.015,0.2,9.9578,False,all_dynamic_snr,2.8891,0.9529
103,v3,v7,20.0,10.0,30.0,0.6,0.05,0.6,-0.8165,True,all_dynamic_snr,2.0914,0.7137
103,v3,v15,20.0,120.0,10.0,0.6,0.6,0.2,-15.6751,True,all_dynamic_snr,0.6574,0.1363
103,v3,v11,20.0,150.0,10.0,0.6,0.75,0.2,-17.2257,True,all_dynamic_snr,0.6082,0.1293
103,v3,v8,20.0,150.03,30.0,0.6,0.7501,0.6,-19.6353,True,all_dynamic_snr,0.5492,0.1332
103,v4,v3,40.0,3.0,10.0,1.0,0.015,0.2,29.9578,False,all_dynamic_snr,2.9686,0.9572
103,v4,v7,40.0,10.44,20.0,1.0,0.0522,0.4,19.8836,False,all_dynamic_snr,2.9595,0.9559
103,v4,v15,40.0,120.04,0.0,1.0,0.6002,0.0,6.7309,False,all_dynamic_snr,2.8048,0.9504
103,v4,v8,40.0,150.0,20.0,1.0,0.75,0.4,1.3656,True,all_dynamic_snr,2.3878,0.8293
103,v4,v11,40.0,150.03,20.0,1.0,0.7501,0.4,1.3642,True,all_dynamic_snr,2.3814,0.8398
104,v1,v6,40.0,80.06,0.0,1.0,0.4003,0.0,9.5457,False,all_dynamic_snr,2.8775,0.9523
104,v1,v5,40.0,90.0,30.0,1.0,0.45,0.6,3.9156,False,all_dynamic_snr,2.6253,0.9221
104,v1,v13,40.0,170.0,10.0,1.0,0.85,0.2,1.9046,True,all_dynamic_snr,2.4484,0.8479
104,v3,v4,20.0,10.44,10.0,0.6,0.0522,0.2,1.2923,False,all_dynamic_snr,2.3627,0.8447
104,v3,v7,20.0,20.0,10.0,0.6,0.1,0.2,-3.2247,False,all_dynamic_snr,1.7532,0.5686
104,v3,v15,20.0,130.0,20.0,0.6,0.65,0.4,-17.6401,True,all_dynamic_snr,0.6012,0.152
104,v3,v11,20.0,140.0,20.0,0.6,0.7,0.4,-18.155,True,all_dynamic_snr,0.5815,0.1404
104,v3,v8,20.0,180.02,30.0,0.6,0.9001,0.6,-20.9018,True,all_dynamic_snr,0.5275,0.1215
104,v4,v3,40.0,10.44,10.0,1.0,0.0522,0.2,21.2923,False,all_dynamic_snr,2.9617,0.9572
104,v4,v7,40.0,10.44,0.0,1.0,0.0522,0.0,23.7006,False,all_dynamic_snr,2.9648,0.9553
104,v4,v15,40.0,120.04,10.0,1.0,0.6002,0.2,4.3227,False,all_dynamic_snr,2.6547,0.9172
104,v4,v11,40.0,130.03,10.0,1.0,0.6502,0.2,3.7668,False,all_dynamic_snr,2.6151,0.9059
104,v4,v8,40.0,170.0,20.0,1.0,0.85,0.4,0.4958,True,all_dynamic_snr,2.2754,0.776
105,v1,v6,40.0,80.06,20.0,1.0,0.4003,0.4,5.7287,False,all_dynamic_snr,2.7543,0.9377
105,v1,v5,40.0,120.0,0.0,1.0,0.6,0.0,6.7331,False,all_dynamic_snr,2.7978,0.9387
105,v1,v13,40.0,160.0,30.0,1.0,0.8,0.6,-0.0824,True,all_dynamic_snr,2.1998,0.7672
105,v1,v2,40.0,190.02,10.0,1.0,0.9501,0.2,1.1308,True,all_dynamic_snr,2.3518,0.8188
105,v2,v1,20.0,190.02,10.0,0.6,0.9501,0.2,-18.8692,True,all_dynamic_snr,0.5374,0.1287
105,v3,v4,20.0,3.0,0.0,0.6,0.015,0.0,12.3661,False,all_dynamic_snr,2.9226,0.9592
105,v3,v7,20.0,10.0,10.0,0.6,0.05,0.2,1.5918,False,all_dynamic_snr,2.405,0.8393
105,v3,v15,20.0,110.0,30.0,0.6,0.55,0.6,-17.4788,True,all_dynamic_snr,0.6006,0.1592
105,v3,v11,20.0,120.0,10.0,0.6,0.6,0.2,-15.6751,True,all_dynamic_snr,0.6837,0.1432
105,v3,v8,20.0,150.03,10.0,0.6,0.7501,0.2,-17.2271,True,all_dynamic_snr,0.6245,0.1385
105,v4,v3,40.0,3.0,0.0,1.0,0.015,0.0,32.3661,False,all_dynamic_snr,2.9686,0.9592
105,v4,v7,40.0,10.44,10.0,1.0,0.0522,0.2,21.2923,False,all_dynamic_snr,2.9647,0.9553
105,v4,v15,40.0,110.04,30.0,1.0,0.5502,0.6,2.5187,True,all_dynamic_snr,2.4995,0.8691
105,v4,v11,40.0,120.04,10.0,1.0,0.6002,0.2,4.3227,False,all_dynamic_snr,2.6649,0.9201
105,v4,v8,40.0,150.0,10.0,1.0,0.75,0.2,2.7743,False,all_dynamic_snr,2.5343,0.8895
106,v1,v6,40.0,60.07,30.0,1.0,0.3004,0.6,6.7244,False,all_dynamic_snr,2.7956,0.9438
106,v1,v5,40.0,120.0,40.0,1.0,0.6,0.8,1.1413,True,all_dynamic_snr,2.3545,0.8279
106,v1,v13,40.0,130.0,30.0,1.0,0.65,0.6,1.3604,True,all_dynamic_snr,2.3898,0.8402
106,v1,v2,40.0,180.02,10.0,1.0,0.9001,0.2,1.5064,True,all_dynamic_snr,2.3877,0.842
106,v2,v1,20.0,180.02,10.0,0.6,0.9001,0.2,-18.4936,True,all_dynamic_snr,0.5677,0.1309
106,v3,v4,20.0,3.0,10.0,0.6,0.015,0.2,9.9578,False,all_dynamic_snr,2.8885,0.9508
106,v3,v7,20.0,20.0,10.0,0.6,0.1,0.2,-3.2247,False,all_dynamic_snr,1.7353,0.5754
106,v3,v15,20.0,80.0,10.0,0.6,0.4,0.2,-12.8577,True,all_dynamic_snr,0.8008,0.1875
106,v3,v11,20.0,110.0,10.0,0.6,0.55,0.2,-15.0705,True,all_dynamic_snr,0.6707,0.1779
106,v3,v8,20.0,140.03,30.0,0.6,0.7002,0.6,-19.1561,True,all_dynamic_snr,0.5555,0.1328
106,v4,v3,40.0,3.0,10.0,1.0,0.015,0.2,29.9578,False,all_dynamic_snr,2.9681,0.9602
106,v4,v7,40.0,20.22,20.0,1.0,0.1011,0.4,15.2892,False,all_dynamic_snr,2.9465,0.9572
106,v4,v15,40.0,80.06,0.0,1.0,0.4003,0.0,9.5457,False,all_dynamic_snr,2.8773,0.9533
106,v4,v11,40.0,110.04,0.0,1.0,0.5502,0.0,7.3351,False,all_dynamic_snr,2.8202,0.9416
106,v4,v8,40.0,140.0,40.0,1.0,0.7,0.8,0.0702,True,all_dynamic_snr,2.2249,0.7672
107,v1,v6,40.0,90.05,10.0,1.0,0.4502,0.2,6.32,False,all_dynamic_snr,2.7728,0.9367
107,v1,v5,40.0,160.0,10.0,1.0,0.8,0.2,2.3258,True,all_dynamic_snr,2.4789,0.8662
107,v1,v13,40.0,160.0,20.0,1.0,0.8,0.4,0.9171,True,all_dynamic_snr,2.3153,0.8137
107,v1,v2,40.0,170.03,40.0,1.0,0.8501,0.8,-1.28,True,all_dynamic_snr,2.0139,0.7064
107,v2,v1,20.0,170.03,40.0,0.6,0.8501,0.8,-21.28,True,all_dynamic_snr,0.5021,0.126
107,v3,v4,20.0,10.44,10.0,0.6,0.0522,0.2,1.2923,False,all_dynamic_snr,2.3723,0.8322
107,v3,v7,20.0,30.0,10.0,0.6,0.15,0.2,-6.0422,False,all_dynamic_snr,1.3557,0.3988
107,v3,v15,20.0,70.0,30.0,0.6,0.35,0.6,-14.338,True,all_dynamic_snr,0.7207,0.1633
107,v3,v11,20.0,100.0,10.0,0.6,0.5,0.2,-14.4082,True,all_dynamic_snr,0.6836,0.1646
107,v3,v8,20.0,170.03,0.0,0.6,0.8501,0.0,-15.6883,True,all_dynamic_snr,0.6575,0.1598
107,v4,v3,40.0,10.44,10.0,1.0,0.0522,0.2,21.2923,False,all_dynamic_snr,2.964,0.9572
107,v4,v7,40.0,40.11,0.0,1.0,0.2006,0.0,14.3476,False,all_dynamic_snr,2.9399,0.9553
107,v4,v15,40.0,80.06,20.0,1.0,0.4003,0.4,5.7287,False,all_dynamic_snr,2.7432,0.9246
107,v4,v11,40.0,110.04,0.0,1.0,0.5502,0.0,7.3351,False,all_dynamic_snr,2.8205,0.9533
107,v4,v8,40.0,180.0,10.0,1.0,0.9,0.2,1.5074,True,all_dynamic_snr,2.3988,0.8242
108,v1,v6,40.0,80.06,10.0,1.0,0.4003,0.2,7.1374,False,all_dynamic_snr,2.812,0.9416
108,v1,v13,40.0,140.0,0.0,1.0,0.7,0.0,5.662,False,all_dynamic_snr,2.7438,0.9406
108,v1,v5,40.0,150.0,40.0,1.0,0.75,0.8,-0.4092,True,all_dynamic_snr,2.1414,0.7535
108,v3,v7,20.0,20.0,0.0,0.6,0.1,0.0,-0.8165,False,all_dynamic_snr,2.1036,0.7109
108,v3,v4,20.0,20.22,30.0,0.6,0.1011,0.6,-5.7103,True,all_dynamic_snr,1.3764,0.4061
108,v3,v15,20.0,40.0,10.0,0.6,0.2,0.2,-8.0412,False,all_dynamic_snr,1.147,0.2924
108,v3,v11,20.0,90.0,30.0,0.6,0.45,0.6,-16.0844,True,all_dynamic_snr,0.6533,0.1443
108,v3,v8,20.0,170.03,30.0,0.6,0.8501,0.6,-20.5047,True,all_dynamic_snr,0.5406,0.1439
108,v4,v3,40.0,20.22,30.0,1.0,0.1011,0.6,14.2897,False,all_dynamic_snr,2.939,0.9607
108,v4,v7,40.0,40.11,30.0,1.0,0.2006,0.6,9.5311,False,all_dynamic_snr,2.8815,0.95
108,v4,v15,40.0,60.07,40.0,1.0,0.3004,0.8,5.9491,True,all_dynamic_snr,2.7632,0.9367
108,v4,v11,40.0,110.04,0.0,1.0,0.5502,0.0,7.3351,False,all_dynamic_snr,2.8182,0.9426
108,v4,v8,40.0,190.0,0.0,1.0,0.95,0.0,3.5399,True,all_dynamic_snr,2.5975,0.908
109,v1,v6,40.0,70.06,20.0,1.0,0.3503,0.4,6.6551,False,all_dynamic_snr,2.7918,0.9436
109,v1,v5,40.0,110.0,20.0,1.0,0.55,0.4,3.5207,False,all_dynamic_snr,2.5958,0.8906
109,v1,v13,40.0,140.0,40.0,1.0,0.7,0.8,0.0702,True,all_dynamic_snr,2.2275,0.7732
109,v3,v7,20.0,20.0,0.0,0.6,0.1,0.0,-0.8165,False,all_dynamic_snr,2.0914,0.7387
109,v3,v15,20.0,50.0,0.0,0.6,0.25,0.0,-7.1835,False,all_dynamic_snr,1.2417,0.3354
109,v3,v4,20.0,50.09,10.0,0.6,0.2504,0.2,-9.6042,False,all_dynamic_snr,1.0118,0.2486
109,v3,v11,20.0,60.0,0.0,0.6,0.3,0.0,-8.4504,True,all_dynamic_snr,1.1033,0.2863
109,v3,v8,20.0,140.03,20.0,0.6,0.7002,0.4,-18.1566,True,all_dynamic_snr,0.5792,0.1494
109,v4,v3,40.0,50.09,10.0,1.0,0.2504,0.2,10.3958,False,all_dynamic_snr,2.8967,0.9533
109,v4,v7,40.0,70.06,10.0,1.0,0.3503,0.2,8.0638,False,all_dynamic_snr,2.8427,0.948
109,v4,v15,40.0,100.04,10.0,1.0,0.5002,0.2,5.5886,False,all_dynamic_snr,2.7411,0.9328
109,v4,v11,40.0,110.04,10.0,1.0,0.5502,0.2,4.9269,False,all_dynamic_snr,2.7002,0.9111
109,v4,v8,40.0,190.0,30.0,1.0,0.95,0.6,-1.2765,True,all_dynamic_snr,2.0373,0.6953
110,v1,v6,40.0,90.05,10.0,1.0,0.4502,0.2,6.32,False,all_dynamic_snr,2.7749,0.949
110,v1,v5,40.0,130.0,20.0,1.0,0.65,0.4,2.3599,True,all_dynamic_snr,2.4924,0.8779
110,v1,v13,40.0,180.0,30.0,1.0,0.9,0.6,-0.9008,True,all_dynamic_snr,2.1155,0.7346
110,v3,v7,20.0,20.0,10.0,0.6,0.1,0.2,-3.2247,False,all_dynamic_snr,1.7254,0.5623
110,v3,v15,20.0,50.0,20.0,0.6,0.25,0.4,-11.0005,True,all_dynamic_snr,0.908,0.2346
110,v3,v11,20.0,60.0,20.0,0.6,0.3,0.4,-12.2674,True,all_dynamic_snr,0.8278,0.1936
110,v3,v4,20.0,60.07,0.0,0.6,0.3004,0.0,-8.4591,True,all_dynamic_snr,1.1126,0.3098
110,v3,v8,20.0,160.03,0.0,0.6,0.8001,0.0,-15.2671,True,all_dynamic_snr,0.6869,0.1789
110,v4,v3,40.0,60.07,0.0,1.0,0.3004,0.0,11.5409,False,all_dynamic_snr,2.9166,0.9533
110,v4,v7,40.0,80.06,10.0,1.0,0.4003,0.2,7.1374,False,all_dynamic_snr,2.8068,0.9432
110,v4,v15,40.0,110.04,20.0,1.0,0.5502,0.4,3.5182,False,all_dynamic_snr,2.5886,0.9049
110,v4,v11,40.0,120.04,20.0,1.0,0.6002,0.4,2.914,False,all_dynamic_snr,2.5599,0.8861
111,v1,v6,40.0,100.04,10.0,1.0,0.5002,0.2,5.5886,False,all_dynamic_snr,2.7345,0.923
111,v1,v5,40.0,150.0,30.0,1.0,0.75,0.6,0.3661,True,all_dynamic_snr,2.2512,0.7992
111,v1,v2,40.0,180.02,20.0,1.0,0.9001,0.4,0.0977,True,all_dynamic_snr,2.2316,0.7916
111,v2,v1,20.0,180.02,20.0,0.6,0.9001,0.4,-19.9023,True,all_dynamic_snr,0.5312,0.117
111,v3,v7,20.0,30.0,20.0,0.6,0.15,0.4,-7.4509,True,all_dynamic_snr,1.1923,0.3326
111,v3,v4,20.0,60.07,10.0,0.6,0.3004,0.2,-10.8673,True,all_dynamic_snr,0.9173,0.2346
111,v3,v15,20.0,70.0,0.0,0.6,0.35,0.0,-9.5216,True,all_dynamic_snr,1.0136,0.2656
111,v3,v11,20.0,80.0,20.0,0.6,0.4,0.4,-14.2664,True,all_dynamic_snr,0.7141,0.1621
111,v3,v8,20.0,160.03,10.0,0.6,0.8001,0.2,-17.6754,True,all_dynamic_snr,0.5904,0.1361
111,v4,v3,40.0,60.07,10.0,1.0,0.3004,0.2,9.1327,False,all_dynamic_snr,2.869,0.9514
111,v4,v7,40.0,90.05,30.0,1.0,0.4502,0.6,3.9118,True,all_dynamic_snr,2.6253,0.9107
111,v4,v15,40.0,130.03,10.0,1.0,0.6502,0.2,3.7668,False,all_dynamic_snr,2.6218,0.9035
111,v4,v11,40.0,140.03,30.0,1.0,0.7002,0.6,0.8439,True,all_dynamic_snr,2.3258,0.8053
112,v1,v6,40.0,90.05,10.0,1.0,0.4502,0.2,6.32,False,all_dynamic_snr,2.7834,0.949
112,v1,v5,40.0,120.0,20.0,1.0,0.6,0.4,2.9161,False,all_dynamic_snr,2.5334,0.8779
112,v1,v13,40.0,180.0,0.0,1.0,0.9,0.0,3.9156,True,all_dynamic_snr,2.6321,0.9195
112,v3,v7,20.0,50.0,10.0,0.6,0.25,0.2,-9.5918,False,all_dynamic_snr,0.9966,0.252
112,v3,v15,20.0,70.0,10.0,0.6,0.35,0.2,-11.9298,True,all_dynamic_snr,0.8611,0.1951
112,v3,v4,20.0,70.06,20.0,0.6,0.3503,0.4,-13.3449,True,all_dynamic_snr,0.7605,0.1891
112,v3,v11,20.0,100.0,0.0,0.6,0.5,0.0,-12.0,True,all_dynamic_snr,0.8477,0.1906
112,v3,v8,20.0,170.03,30.0,0.6,0.8501,0.6,-20.5047,True,all_dynamic_snr,0.542,0.1361
112,v4,v3,40.0,70.06,20.0,1.0,0.3503,0.4,6.6551,False,all_dynamic_snr,2.7973,0.9396
112,v4,v7,40.0,120.04,10.0,1.0,0.6002,0.2,4.3227,False,all_dynamic_snr,2.663,0.9152
112,v4,v15,40.0,140.03,30.0,1.0,0.7002,0.6,0.8439,True,all_dynamic_snr,2.3045,0.8072
112,v4,v11,40.0,170.03,20.0,1.0,0.8501,0.4,0.4948,True,all_dynamic_snr,2.2607,0.7936
113,v1,v6,40.0,80.06,20.0,1.0,0.4003,0.4,5.7287,False,all_dynamic_snr,2.7431,0.9367
113,v1,v5,40.0,140.0,10.0,1.0,0.7,0.2,3.2537,False,all_dynamic_snr,2.5783,0.9088
113,v1,v13,40.0,180.0,20.0,1.0,0.9,0.4,0.0987,True,all_dynamic_snr,2.2216,0.7732
113,v3,v4,20.0,50.09,20.0,0.6,0.2504,0.4,-11.013,True,all_dynamic_snr,0.9093,0.1984
113,v3,v7,20.0,60.0,20.0,0.6,0.3,0.4,-12.2674,True,all_dynamic_snr,0.8531,0.1924
113,v3,v15,20.0,60.0,20.0,0.6,0.3,0.4,-12.2674,True,all_dynamic_snr,0.8256,0.2023
113,v3,v11,20.0,100.0,20.0,0.6,0.5,0.4,-15.817,True,all_dynamic_snr,0.6595,0.1738
113,v4,v3,40.0,50.09,20.0,1.0,0.2504,0.4,8.987,False,all_dynamic_snr,2.8688,0.9572
113,v4,v7,40.0,110.04,40.0,1.0,0.5502,0.8,1.7434,True,all_dynamic_snr,2.4363,0.8484
113,v4,v15,40.0,110.04,40.0,1.0,0.5502,0.8,1.7434,True,all_dynamic_snr,2.4271,0.8455
113,v4,v11,40.0,150.03,40.0,1.0,0.7501,0.8,-0.4106,True,all_dynamic_snr,2.1641,0.7412
114,v1,v6,40.0,100.04,20.0,1.0,0.5002,0.4,4.1799,False,all_dynamic_snr,2.6498,0.9078
114,v1,v5,40.0,130.0,20.0,1.0,0.65,0.4,2.3599,True,all_dynamic_snr,2.4934,0.8682
114,v1,v13,40.0,200.0,30.0,1.0,1.0,0.6,-1.633,True,all_dynamic_snr,1.9829,0.6834
114,v3,v4,20.0,30.15,30.0,0.6,0.1507,0.6,-8.485,True,all_dynamic_snr,1.0916,0.2852
114,v3,v7,20.0,40.0,40.0,0.6,0.2,0.8,-11.2247,True,all_dynamic_snr,0.8787,0.2242
114,v3,v15,20.0,40.0,0.0,0.6,0.2,0.0,-5.633,False,all_dynamic_snr,1.4214,0.4021
114,v3,v11,20.0,80.0,40.0,0.6,0.4,0.8,-16.0412,True,all_dynamic_snr,0.644,0.1557
114,v3,v8,20.0,180.02,20.0,0.6,0.9001,0.4,-19.9023,True,all_dynamic_snr,0.5418,0.132
114,v4,v3,40.0,30.15,30.0,1.0,0.1507,0.6,11.515,False,all_dynamic_snr,2.9136,0.9568
114,v4,v7,40.0,70.06,10.0,1.0,0.3503,0.2,8.0638,False,all_dynamic_snr,2.8417,0.9533
114,v4,v15,40.0,70.06,30.0,1.0,0.3503,0.6,5.6556,False,all_dynamic_snr,2.7402,0.9406
114,v4,v11,40.0,110.04,10.0,1.0,0.5502,0.2,4.9269,False,all_dynamic_snr,2.7046,0.9217
115,v1,v6,40.0,80.06,30.0,1.0,0.4003,0.6,4.7292,False,all_dynamic_snr,2.6864,0.9225
115,v1,v5,40.0,110.0,0.0,1.0,0.55,0.0,7.3377,False,all_dynamic_snr,2.8204,0.9539
115,v1,v13,40.0,170.0,20.0,1.0,0.85,0.4,0.4958,True,all_dynamic_snr,2.2776,0.7961
115,v3,v7,20.0,0.0,10.0,0.6,0.0,0.2,33.5918,False,all_dynamic_snr,2.9685,0.9572
115,v3,v11,20.0,40.0,20.0,0.6,0.2,0.4,-9.4499,True,all_dynamic_snr,1.0284,0.2725
115,v3,v15,20.0,40.0,10.0,0.6,0.2,0.2,-8.0412,False,all_dynamic_snr,1.1545,0.3131
115,v3,v4,20.0,60.07,30.0,0.6,0.3004,0.6,-13.2756,True,all_dynamic_snr,0.7751,0.1879
115,v3,v8,20.0,160.03,30.0,0.6,0.8001,0.6,-20.0836,True,all_dynamic_snr,0.541,0.1316
115,v4,v3,40.0,60.07,30.0,1.0,0.3004,0.6,6.7244,False,all_dynamic_snr,2.7954,0.9484
115,v4,v7,40.0,60.07,20.0,1.0,0.3004,0.4,7.7239,False,all_dynamic_snr,2.8305,0.95
115,v4,v11,40.0,100.04,10.0,1.0,0.5002,0.2,5.5886,False,all_dynamic_snr,2.7362,0.9338
115,v4,v15,40.0,100.04,20.0,1.0,0.5002,0.4,4.1799,False,all_dynamic_snr,2.6523,0.907
116,v1,v5,40.0,110.0,0.0,1.0,0.55,0.0,7.3377,False,all_dynamic_snr,2.8136,0.9416
116,v1,v6,40.0,110.04,20.0,1.0,0.5502,0.4,3.5182,False,all_dynamic_snr,2.5988,0.9055
116,v1,v13,40.0,190.0,0.0,1.0,0.95,0.0,3.5399,True,all_dynamic_snr,2.6006,0.9123
116,v3,v7,20.0,10.0,30.0,0.6,0.05,0.6,-0.8165,True,all_dynamic_snr,2.0867,0.7373
116,v3,v11,20.0,20.0,40.0,0.6,0.1,0.8,-6.4082,True,all_dynamic_snr,1.3393,0.3664
116,v3,v15,20.0,30.0,40.0,0.6,0.15,0.8,-9.2257,True,all_dynamic_snr,1.0395,0.2561
116,v3,v4,20.0,90.05,20.0,0.6,0.4502,0.4,-15.0887,True,all_dynamic_snr,0.6986,0.1738
116,v3,v8,20.0,130.03,40.0,0.6,0.6502,0.8,-19.4167,True,all_dynamic_snr,0.5273,0.1154
116,v4,v7,40.0,80.06,10.0,1.0,0.4003,0.2,7.1374,False,all_dynamic_snr,2.8111,0.9506
116,v4,v3,40.0,90.05,20.0,1.0,0.4502,0.4,4.9113,False,all_dynamic_snr,2.6962,0.926
116,v4,v11,40.0,110.04,20.0,1.0,0.5502,0.4,3.5182,False,all_dynamic_snr,2.5989,0.9104
116,v4,v15,40.0,120.04,20.0,1.0,0.6002,0.4,2.914,False,all_dynamic_snr,2.556,0.8971
117,v1,v5,40.0,110.0,30.0,1.0,0.55,0.6,2.5212,True,all_dynamic_snr,2.5071,0.8941
117,v1,v6,40.0,130.03,40.0,1.0,0.6502,0.8,0.5833,True,all_dynamic_snr,2.2814,0.8152
117,v1,v13,40.0,190.0,10.0,1.0,0.95,0.2,1.1317,True,all_dynamic_snr,2.361,0.8148
117,v3,v15,20.0,10.0,0.0,0.6,0.05,0.0,4.0,False,all_dynamic_snr,2.6297,0.923
117,v3,v11,20.0,20.0,0.0,0.6,0.1,0.0,-0.8165,False,all_dynamic_snr,2.1061,0.7373
117,v3,v7,20.0,40.0,10.0,0.6,0.2,0.2,-8.0412,False,all_dynamic_snr,1.1543,0.3076
117,v3,v8,20.0,90.05,30.0,0.6,0.4502,0.6,-16.0882,True,all_dynamic_snr,0.6564,0.1596
117,v3,v4,20.0,110.04,20.0,0.6,0.5502,0.4,-16.4818,True,all_dynamic_snr,0.6305,0.1615
117,v4,v7,40.0,70.06,30.0,1.0,0.3503,0.6,5.6556,False,all_dynamic_snr,2.748,0.9344
117,v4,v11,40.0,90.05,20.0,1.0,0.4502,0.4,4.9113,False,all_dynamic_snr,2.7009,0.9252
117,v4,v15,40.0,100.04,20.0,1.0,0.5002,0.4,4.1799,False,all_dynamic_snr,2.654,0.9016
117,v4,v3,40.0,110.04,20.0,1.0,0.5502,0.4,3.5182,False,all_dynamic_snr,2.605,0.9064
117,v4,v8,40.0,200.0,10.0,1.0,1.0,0.2,0.7753,True,all_dynamic_snr,2.3073,0.8023
118,v1,v5,40.0,140.0,40.0,1.0,0.7,0.8,0.0702,True,all_dynamic_snr,2.2131,0.7578
118,v1,v6,40.0,170.03,20.0,1.0,0.8501,0.4,0.4948,True,all_dynamic_snr,2.2973,0.8131
118,v1,v13,40.0,200.0,40.0,1.0,1.0,0.8,-2.4082,True,all_dynamic_snr,1.8672,0.6178
118,v3,v15,20.0,10.0,0.0,0.6,0.05,0.0,4.0,False,all_dynamic_snr,2.6356,0.9129
118,v3,v11,20.0,20.0,30.0,0.6,0.1,0.6,-5.633,True,all_dynamic_snr,1.4393,0.4266
118,v3,v7,20.0,50.0,10.0,0.6,0.25,0.2,-9.5918,False,all_dynamic_snr,1.0256,0.2756
118,v3,v4,20.0,90.05,30.0,0.6,0.4502,0.6,-16.0882,True,all_dynamic_snr,0.6333,0.1361
118,v3,v8,20.0,120.04,0.0,0.6,0.6002,0.0,-13.2691,True,all_dynamic_snr,0.7619,0.1836
118,v4,v7,40.0,40.11,20.0,1.0,0.2006,0.4,10.5306,False,all_dynamic_snr,2.9033,0.9543
118,v4,v11,40.0,70.06,0.0,1.0,0.3503,0.0,10.4721,False,all_dynamic_snr,2.8975,0.9592
118,v4,v15,40.0,80.06,30.0,1.0,0.4003,0.6,4.7292,False,all_dynamic_snr,2.6853,0.9309
118,v4,v3,40.0,90.05,30.0,1.0,0.4502,0.6,3.9118,True,all_dynamic_snr,2.6321,0.908
119,v1,v5,40.0,100.0,0.0,1.0,0.5,0.0,8.0,False,all_dynamic_snr,2.8408,0.9445
119,v1,v6,40.0,150.03,10.0,1.0,0.7501,0.2,2.7729,False,all_dynamic_snr,2.5289,0.8768
119,v1,v13,40.0,160.0,30.0,1.0,0.8,0.6,-0.0824,True,all_dynamic_snr,2.2119,0.7828
119,v3,v11,20.0,10.0,10.0,0.6,0.05,0.2,1.5918,False,all_dynamic_snr,2.4169,0.8555
119,v3,v15,20.0,10.0,20.0,0.6,0.05,0.4,0.183,True,all_dynamic_snr,2.2266,0.7668
119,v3,v7,20.0,40.0,20.0,0.6,0.2,0.4,-9.4499,True,all_dynamic_snr,1.0168,0.2658
119,v3,v4,20.0,60.07,20.0,0.6,0.3004,0.4,-12.2761,True,all_dynamic_snr,0.8196,0.2033
119,v3,v8,20.0,120.04,30.0,0.6,0.6002,0.6,-18.0856,True,all_dynamic_snr,0.5836,0.1289
119,v4,v7,40.0,20.22,0.0,1.0,0.1011,0.0,19.1062,False,all_dynamic_snr,2.9606,0.9621
119,v4,v15,40.0,50.09,0.0,1.0,0.2504,0.0,12.804,False,all_dynamic_snr,2.9278,0.9572
119,v4,v3,40.0,60.07,20.0,1.0,0.3004,0.4,7.7239,False,all_dynamic_snr,2.8312,0.9549
119,v4,v11,40.0,70.06,10.0,1.0,0.3503,0.2,8.0638,False,all_dynamic_snr,2.8438,0.948
119,v4,v8,40.0,180.0,10.0,1.0,0.9,0.2,1.5074,True,all_dynamic_snr,2.3881,0.8299
120,v1,v5,40.0,100.0,0.0,1.0,0.5,0.0,8.0,False,all_dynamic_snr,2.8397,0.95
120,v1,v13,40.0,130.0,20.0,1.0,0.65,0.4,2.3599,True,all_dynamic_snr,2.4847,0.8529
120,v1,v6,40.0,140.03,20.0,1.0,0.7002,0.4,1.8434,True,all_dynamic_snr,2.431,0.834
120,v3,v15,20.0,10.0,20.0,0.6,0.05,0.4,0.183,True,all_dynamic_snr,2.2212,0.7795
120,v3,v7,20.0,20.0,0.0,0.6,0.1,0.0,-0.8165,False,all_dynamic_snr,2.1132,0.7264
120,v3,v11,20.0,20.0,10.0,0.6,0.1,0.2,-3.2247,False,all_dynamic_snr,1.7592,0.5457
120,v3,v4,20.0,40.11,20.0,0.6,0.2006,0.4,-9.4694,True,all_dynamic_snr,1.0075,0.2402
120,v3,v8,20.0,150.03,10.0,0.6,0.7501,0.2,-17.2271,True,all_dynamic_snr,0.6036,0.1338
120,v4,v7,40.0,20.22,20.0,1.0,0.1011,0.4,15.2892,False,all_dynamic_snr,2.9469,0.9533
120,v4,v3,40.0,40.11,20.0,1.0,0.2006,0.4,10.5306,False,all_dynamic_snr,2.8969,0.9543
120,v4,v15,40.0,50.09,40.0,1.0,0.2504,0.8,7.2122,True,all_dynamic_snr,2.8151,0.9475
120,v4,v11,40.0,60.07,10.0,1.0,0.3004,0.2,9.1327,False,all_dynamic_snr,2.8738,0.9504
120,v4,v8,40.0,190.0,30.0,1.0,0.95,0.6,-1.2765,True,all_dynamic_snr,2.0392,0.7164
121,v1,v5,40.0,100.0,0.0,1.0,0.5,0.0,8.0,False,all_dynamic_snr,2.8381,0.9428
121,v1,v13,40.0,110.0,0.0,1.0,0.55,0.0,7.3377,False,all_dynamic_snr,2.8136,0.9396
121,v1,v6,40.0,160.03,0.0,1.0,0.8001,0.0,4.7329,True,all_dynamic_snr,2.6852,0.9117
121,v3,v15,20.0,10.0,40.0,0.6,0.05,0.8,-1.5918,True,all_dynamic_snr,2.0015,0.6961
121,v3,v7,20.0,20.0,0.0,0.6,0.1,0.0,-0.8165,False,all_dynamic_snr,2.0981,0.7305
121,v3,v4,20.0,20.22,40.0,0.6,0.1011,0.8,-6.4855,True,all_dynamic_snr,1.3073,0.375
121,v3,v11,20.0,30.0,30.0,0.6,0.15,0.6,-8.4504,True,all_dynamic_snr,1.1383,0.3187
121,v3,v8,20.0,140.03,0.0,0.6,0.7002,0.0,-14.3396,True,all_dynamic_snr,0.7165,0.1711
121,v4,v7,40.0,3.0,40.0,1.0,0.015,0.8,26.7743,True,all_dynamic_snr,2.967,0.9592
121,v4,v15,40.0,10.44,0.0,1.0,0.0522,0.0,23.7006,False,all_dynamic_snr,2.9648,0.9602
121,v4,v3,40.0,20.22,40.0,1.0,0.1011,0.8,13.5145,True,all_dynamic_snr,2.9345,0.9627
121,v4,v11,40.0,50.09,10.0,1.0,0.2504,0.2,10.3958,False,all_dynamic_snr,2.8942,0.9582
121,v4,v8,40.0,160.0,40.0,1.0,0.8,0.8,-0.8577,True,all_dynamic_snr,2.1037,0.7322
122,v1,v5,40.0,100.0,20.0,1.0,0.5,0.4,4.183,False,all_dynamic_snr,2.6504,0.915
122,v1,v13,40.0,110.0,20.0,1.0,0.55,0.4,3.5207,False,all_dynamic_snr,2.6039,0.9057
122,v1,v6,40.0,160.03,20.0,1.0,0.8001,0.4,0.9159,True,all_dynamic_snr,2.3237,0.8162
122,v3,v11,20.0,0.0,10.0,0.6,0.0,0.2,33.5918,False,all_dynamic_snr,2.9686,0.9592
122,v3,v7,20.0,20.0,10.0,0.6,0.1,0.2,-3.2247,False,all_dynamic_snr,1.7617,0.5602
122,v3,v15,20.0,50.0,10.0,0.6,0.25,0.2,-9.5918,False,all_dynamic_snr,1.0153,0.2543
122,v3,v4,20.0,60.07,20.0,0.6,0.3004,0.4,-12.2761,True,all_dynamic_snr,0.8447,0.2033
122,v3,v8,20.0,140.03,20.0,0.6,0.7002,0.4,-18.1566,True,all_dynamic_snr,0.5813,0.1441
122,v4,v15,40.0,10.44,30.0,1.0,0.0522,0.6,18.8841,False,all_dynamic_snr,2.9573,0.9611
122,v4,v7,40.0,40.11,10.0,1.0,0.2006,0.2,11.9393,False,all_dynamic_snr,2.9189,0.9529
122,v4,v3,40.0,60.07,20.0,1.0,0.3004,0.4,7.7239,False,all_dynamic_snr,2.8326,0.9465
122,v4,v11,40.0,60.07,30.0,1.0,0.3004,0.6,6.7244,False,all_dynamic_snr,2.7983,0.9461
122,v4,v8,40.0,200.0,40.0,1.0,1.0,0.8,-2.4082,True,all_dynamic_snr,1.8897,0.6396
123,v1,v5,40.0,120.0,20.0,1.0,0.6,0.4,2.9161,False,all_dynamic_snr,2.5458,0.8809
123,v1,v13,40.0,130.0,20.0,1.0,0.65,0.4,2.3599,True,all_dynamic_snr,2.4889,0.8596
123,v1,v6,40.0,140.03,10.0,1.0,0.7002,0.2,3.2521,False,all_dynamic_snr,2.5701,0.9049
123,v3,v7,20.0,10.0,40.0,0.6,0.05,0.8,-1.5918,True,all_dynamic_snr,2.0013,0.6814
123,v3,v11,20.0,10.0,40.0,0.6,0.05,0.8,-1.5918,True,all_dynamic_snr,1.9839,0.6746
123,v3,v4,20.0,40.11,20.0,0.6,0.2006,0.4,-9.4694,True,all_dynamic_snr,1.0223,0.2598
123,v3,v15,20.0,60.0,0.0,0.6,0.3,0.0,-8.4504,True,all_dynamic_snr,1.1279,0.3141
123,v3,v8,20.0,120.04,40.0,0.6,0.6002,0.8,-18.8608,True,all_dynamic_snr,0.5607,0.1529
123,v4,v15,40.0,20.22,20.0,1.0,0.1011,0.4,15.2892,False,all_dynamic_snr,2.9452,0.9617
123,v4,v7,40.0,30.15,20.0,1.0,0.1507,0.4,12.5145,False,all_dynamic_snr,2.9258,0.9584
123,v4,v11,40.0,30.15,20.0,1.0,0.1507,0.4,12.5145,False,all_dynamic_snr,2.9249,0.9539
123,v4,v3,40.0,40.11,20.0,1.0,0.2006,0.4,10.5306,False,all_dynamic_snr,2.8975,0.95
123,v4,v8,40.0,160.0,20.0,1.0,0.8,0.4,0.9171,True,all_dynamic_snr,2.3231,0.7896
124,v1,v5,40.0,140.0,10.0,1.0,0.7,0.2,3.2537,False,all_dynamic_snr,2.5714,0.8828
124,v1,v13,40.0,150.0,30.0,1.0,0.75,0.6,0.3661,True,all_dynamic_snr,2.2595,0.7943
124,v1,v6,40.0,150.03,10.0,1.0,0.7501,0.2,2.7729,False,all_dynamic_snr,2.5392,0.8957
124,v3,v7,20.0,50.0,20.0,0.6,0.25,0.4,-11.0005,True,all_dynamic_snr,0.8993,0.2277
124,v3,v11,20.0,50.0,0.0,0.6,0.25,0.0,-7.1835,False,all_dynamic_snr,1.2331,0.3545
124,v3,v15,20.0,60.0,10.0,0.6,0.3,0.2,-10.8587,True,all_dynamic_snr,0.9098,0.2258
124,v3,v4,20.0,60.07,20.0,0.6,0.3004,0.4,-12.2761,True,all_dynamic_snr,0.8362,0.1662
124,v3,v8,20.0,80.06,10.0,0.6,0.4003,0.2,-12.8626,True,all_dynamic_snr,0.7719,0.1789
124,v4,v15,40.0,3.0,30.0,1.0,0.015,0.6,27.5496,False,all_dynamic_snr,2.9674,0.9592
124,v4,v7,40.0,10.44,0.0,1.0,0.0522,0.0,23.7006,False,all_dynamic_snr,2.965,0.9572
124,v4,v11,40.0,10.44,20.0,1.0,0.0522,0.4,19.8836,False,all_dynamic_snr,2.9628,0.9631
124,v4,v3,40.0,60.07,20.0,1.0,0.3004,0.4,7.7239,False,all_dynamic_snr,2.8364,0.9445
124,v4,v8,40.0,140.0,10.0,1.0,0.7,0.2,3.2537,False,all_dynamic_snr,2.5697,0.9006
125,v1,v13,40.0,120.0,10.0,1.0,0.6,0.2,4.3249,False,all_dynamic_snr,2.6656,0.9236
125,v1,v5,40.0,130.0,0.0,1.0,0.65,0.0,6.1769,False,all_dynamic_snr,2.7667,0.9387
125,v1,v6,40.0,140.03,0.0,1.0,0.7002,0.0,5.6604,False,all_dynamic_snr,2.7405,0.9344
125,v3,v11,20.0,50.0,10.0,0.6,0.25,0.2,-9.5918,False,all_dynamic_snr,1.0052,0.2744
125,v3,v15,20.0,50.0,10.0,0.6,0.25,0.2,-9.5918,False,all_dynamic_snr,1.0084,0.2523
125,v3,v7,20.0,70.0,10.0,0.6,0.35,0.2,-11.9298,True,all_dynamic_snr,0.8507,0.1893
125,v3,v8,20.0,70.06,30.0,0.6,0.3503,0.6,-14.3444,True,all_dynamic_snr,0.7176,0.1855
125,v3,v4,20.0,80.06,20.0,0.6,0.4003,0.4,-14.2713,True,all_dynamic_snr,0.7021,0.158
125,v4,v7,40.0,10.44,10.0,1.0,0.0522,0.2,21.2923,False,all_dynamic_snr,2.9628,0.9598
125,v4,v11,40.0,30.15,10.0,1.0,0.1507,0.2,13.9232,False,all_dynamic_snr,2.9374,0.9566
125,v4,v15,40.0,30.15,30.0,1.0,0.1507,0.6,11.515,False,all_dynamic_snr,2.9124,0.9539
125,v4,v3,40.0,80.06,20.0,1.0,0.4003,0.4,5.7287,False,all_dynamic_snr,2.7482,0.9422
125,v4,v8,40.0,150.0,10.0,1.0,0.75,0.2,2.7743,False,all_dynamic_snr,2.535,0.9023
126,v1,v5,40.0,130.0,20.0,1.0,0.65,0.4,2.3599,True,all_dynamic_snr,2.491,0.8801
126,v1,v13,40.0,130.0,0.0,1.0,0.65,0.0,6.1769,False,all_dynamic_snr,2.7631,0.9285
126,v1,v6,40.0,140.03,10.0,1.0,0.7002,0.2,3.2521,False,all_dynamic_snr,2.5742,0.8904
126,v3,v15,20.0,40.0,20.0,0.6,0.2,0.4,-9.4499,True,all_dynamic_snr,1.0186,0.2631
126,v3,v8,20.0,40.11,10.0,0.6,0.2006,0.2,-8.0607,False,all_dynamic_snr,1.1599,0.3174
126,v3,v11,20.0,60.0,10.0,0.6,0.3,0.2,-10.8587,True,all_dynamic_snr,0.9225,0.2244
126,v3,v7,20.0,80.0,10.0,0.6,0.4,0.2,-12.8577,True,all_dynamic_snr,0.7816,0.2055
126,v3,v4,20.0,100.04,0.0,0.6,0.5002,0.0,-12.0031,True,all_dynamic_snr,0.8585,0.2084
126,v4,v7,40.0,20.22,10.0,1.0,0.1011,0.2,16.698,False,all_dynamic_snr,2.9514,0.9592
126,v4,v11,40.0,40.11,10.0,1.0,0.2006,0.2,11.9393,False,all_dynamic_snr,2.9169,0.9627
126,v4,v15,40.0,60.07,20.0,1.0,0.3004,0.4,7.7239,False,all_dynamic_snr,2.8295,0.948
126,v4,v3,40.0,100.04,0.0,1.0,0.5002,0.0,7.9969,False,all_dynamic_snr,2.8408,0.949
126,v4,v8,40.0,140.0,10.0,1.0,0.7,0.2,3.2537,False,all_dynamic_snr,2.5765,0.8988
127,v1,v5,40.0,110.0,20.0,1.0,0.55,0.4,3.5207,False,all_dynamic_snr,2.596,0.916
127,v1,v13,40.0,130.0,40.0,1.0,0.65,0.8,0.5851,True,all_dynamic_snr,2.2873,0.8248
127,v1,v6,40.0,150.03,0.0,1.0,0.7501,0.0,5.1812,False,all_dynamic_snr,2.7147,0.9254
127,v3,v8,20.0,50.09,30.0,0.6,0.2504,0.6,-12.0125,True,all_dynamic_snr,0.8407,0.2154
127,v3,v15,20.0,60.0,20.0,0.6,0.3,0.4,-12.2674,True,all_dynamic_snr,0.8467,0.2057
127,v3,v7,20.0,70.0,10.0,0.6,0.35,0.2,-11.9298,True,all_dynamic_snr,0.8512,0.223
127,v3,v11,20.0,70.0,10.0,0.6,0.35,0.2,-11.9298,True,all_dynamic_snr,0.8453,0.2068
127,v3,v4,20.0,100.04,10.0,0.6,0.5002,0.2,-14.4114,True,all_dynamic_snr,0.718,0.1607
127,v4,v7,40.0,30.15,0.0,1.0,0.1507,0.0,16.3315,False,all_dynamic_snr,2.9503,0.9607
127,v4,v11,40.0,30.15,0.0,1.0,0.1507,0.0,16.3315,False,all_dynamic_snr,2.9515,0.9637
127,v4,v15,40.0,40.11,30.0,1.0,0.2006,0.6,9.5311,False,all_dynamic_snr,2.8804,0.9484
127,v4,v3,40.0,100.04,10.0,1.0,0.5002,0.2,5.5886,False,all_dynamic_snr,2.7403,0.9338
127,v4,v8,40.0,150.0,40.0,1.0,0.75,0.8,-0.4092,True,all_dynamic_snr,2.156,0.7404
128,v1,v5,40.0,90.0,30.0,1.0,0.45,0.6,3.9156,False,all_dynamic_snr,2.622,0.9213
128,v1,v13,40.0,90.0,30.0,1.0,0.45,0.6,3.9156,False,all_dynamic_snr,2.6367,0.9166
128,v1,v6,40.0,150.03,20.0,1.0,0.7501,0.4,1.3642,True,all_dynamic_snr,2.3781,0.8357
128,v3,v15,20.0,40.0,10.0,0.6,0.2,0.2,-8.0412,False,all_dynamic_snr,1.1665,0.3156
128,v3,v7,20.0,80.0,30.0,0.6,0.4,0.6,-15.2659,True,all_dynamic_snr,0.6767,0.1916
128,v3,v11,20.0,80.0,0.0,0.6,0.4,0.0,-10.4494,True,all_dynamic_snr,0.9391,0.2428
128,v3,v8,20.0,80.06,0.0,0.6,0.4003,0.0,-10.4543,True,all_dynamic_snr,0.9339,0.2324
128,v3,v4,20.0,110.04,30.0,0.6,0.5502,0.6,-17.4813,True,all_dynamic_snr,0.5863,0.1469
128,v4,v7,40.0,30.15,0.0,1.0,0.1507,0.0,16.3315,False,all_dynamic_snr,2.9516,0.9592
128,v4,v11,40.0,30.15,30.0,1.0,0.1507,0.6,11.515,False,all_dynamic_snr,2.9113,0.9514
128,v4,v15,40.0,70.06,40.0,1.0,0.3503,0.8,4.8803,True,all_dynamic_snr,2.7052,0.9207
128,v4,v3,40.0,110.04,30.0,1.0,0.5502,0.6,2.5187,True,all_dynamic_snr,2.506,0.874
128,v4,v8,40.0,190.0,30.0,1.0,0.95,0.6,-1.2765,True,all_dynamic_snr,2.0189,0.6879
129,v1,v5,40.0,60.0,0.0,1.0,0.3,0.0,11.5496,False,all_dynamic_snr,2.9149,0.9523
129,v1,v13,40.0,60.0,0.0,1.0,0.3,0.0,11.5496,False,all_dynamic_snr,2.9139,0.9553
129,v1,v6,40.0,130.03,30.0,1.0,0.6502,0.6,1.3586,True,all_dynamic_snr,2.3748,0.8281
129,v3,v7,20.0,50.0,20.0,0.6,0.25,0.4,-11.0005,True,all_dynamic_snr,0.8972,0.2209
129,v3,v15,20.0,50.0,10.0,0.6,0.25,0.2,-9.5918,False,all_dynamic_snr,1.0047,0.2561
129,v3,v11,20.0,80.0,40.0,0.6,0.4,0.8,-16.0412,True,all_dynamic_snr,0.6416,0.15
129,v3,v4,20.0,80.06,40.0,0.6,0.4003,0.8,-16.0461,True,all_dynamic_snr,0.6591,0.1543
129,v3,v8,20.0,80.06,40.0,0.6,0.4003,0.8,-16.0461,True,all_dynamic_snr,0.6758,0.1734
129,v4,v11,40.0,3.0,0.0,1.0,0.015,0.0,32.3661,False,all_dynamic_snr,2.969,0.9592
129,v4,v7,40.0,30.15,20.0,1.0,0.1507,0.4,12.5145,False,all_dynamic_snr,2.9268,0.9646
129,v4,v15,40.0,30.15,30.0,1.0,0.1507,0.6,11.515,False,all_dynamic_snr,2.9134,0.9627
129,v4,v3,40.0,80.06,40.0,1.0,0.4003,0.8,3.9539,True,all_dynamic_snr,2.6317,0.9074
129,v4,v8,40.0,160.0,0.0,1.0,0.8,0.0,4.7341,True,all_dynamic_snr,2.689,0.9236
130,v1,v5,40.0,60.0,10.0,1.0,0.3,0.2,9.1413,False,all_dynamic_snr,2.8728,0.9553
130,v1,v13,40.0,60.0,20.0,1.0,0.3,0.4,7.7326,False,all_dynamic_snr,2.8344,0.9428
130,v1,v6,40.0,100.04,20.0,1.0,0.5002,0.4,4.1799,False,all_dynamic_snr,2.6565,0.9148
130,v3,v7,20.0,30.0,10.0,0.6,0.15,0.2,-6.0422,False,all_dynamic_snr,1.3863,0.4012
130,v3,v11,20.0,40.0,0.0,0.6,0.2,0.0,-5.633,False,all_dynamic_snr,1.416,0.4111
130,v3,v15,20.0,40.0,30.0,0.6,0.2,0.6,-10.4494,True,all_dynamic_snr,0.9601,0.2365
130,v3,v4,20.0,40.11,30.0,0.6,0.2006,0.6,-10.4689,True,all_dynamic_snr,0.9503,0.2336
130,v3,v8,20.0,120.04,30.0,0.6,0.6002,0.6,-18.0856,True,all_dynamic_snr,0.5873,0.1486
130,v4,v11,40.0,3.0,30.0,1.0,0.015,0.6,27.5496,False,all_dynamic_snr,2.9676,0.9572
130,v4,v15,40.0,3.0,0.0,1.0,0.015,0.0,32.3661,False,all_dynamic_snr,2.969,0.9602
130,v4,v7,40.0,10.44,20.0,1.0,0.0522,0.4,19.8836,False,all_dynamic_snr,2.9606,0.9563
130,v4,v3,40.0,40.11,30.0,1.0,0.2006,0.6,9.5311,False,all_dynamic_snr,2.8782,0.9508
130,v4,v8,40.0,160.0,0.0,1.0,0.8,0.0,4.7341,True,all_dynamic_snr,2.6922,0.924
131,v1,v5,40.0,50.0,10.0,1.0,0.25,0.2,10.4082,False,all_dynamic_snr,2.901,0.9578
131,v1,v13,40.0,80.0,0.0,1.0,0.4,0.0,9.5506,False,all_dynamic_snr,2.881,0.9455
131,v1,v6,40.0,120.04,20.0,1.0,0.6002,0.4,2.914,False,all_dynamic_snr,2.5539,0.8834
131,v3,v15,20.0,10.0,0.0,0.6,0.05,0.0,4.0,False,all_dynamic_snr,2.6404,0.9199
131,v3,v4,20.0,10.44,0.0,0.6,0.0522,0.0,3.7006,False,all_dynamic_snr,2.61,0.9127
131,v3,v7,20.0,20.0,0.0,0.6,0.1,0.0,-0.8165,False,all_dynamic_snr,2.0844,0.7141
131,v3,v11,20.0,40.0,10.0,0.6,0.2,0.2,-8.0412,False,all_dynamic_snr,1.1437,0.3123
131,v3,v8,20.0,150.03,10.0,0.6,0.7501,0.2,-17.2271,True,all_dynamic_snr,0.6293,0.1395
131,v4,v15,40.0,3.0,0.0,1.0,0.015,0.0,32.3661,False,all_dynamic_snr,2.9691,0.9572
131,v4,v3,40.0,10.44,0.0,1.0,0.0522,0.0,23.7006,False,all_dynamic_snr,2.9669,0.9582
131,v4,v7,40.0,10.44,0.0,1.0,0.0522,0.0,23.7006,False,all_dynamic_snr,2.9658,0.9592
131,v4,v11,40.0,30.15,10.0,1.0,0.1507,0.2,13.9232,False,all_dynamic_snr,2.938,0.9607
131,v4,v8,40.0,160.0,10.0,1.0,0.8,0.2,2.3258,True,all_dynamic_snr,2.4831,0.8535
132,v1,v5,40.0,60.0,30.0,1.0,0.3,0.6,6.7331,False,all_dynamic_snr,2.7919,0.9363
132,v1,v13,40.0,80.0,10.0,1.0,0.4,0.2,7.1423,False,all_dynamic_snr,2.811,0.9457
132,v1,v6,40.0,140.03,0.0,1.0,0.7002,0.0,5.6604,False,all_dynamic_snr,2.7416,0.9354
132,v3,v15,20.0,10.0,10.0,0.6,0.05,0.2,1.5918,False,all_dynamic_snr,2.3994,0.8447
132,v3,v4,20.0,10.44,10.0,0.6,0.0522,0.2,1.2923,False,all_dynamic_snr,2.3654,0.8395
132,v3,v7,20.0,20.0,30.0,0.6,0.1,0.6,-5.633,True,all_dynamic_snr,1.4304,0.4035
132,v3,v11,20.0,30.0,0.0,0.6,0.15,0.0,-3.6339,False,all_dynamic_snr,1.6887,0.5502
132,v3,v8,20.0,140.03,10.0,0.6,0.7002,0.2,-16.7479,True,all_dynamic_snr,0.6196,0.1582
132,v4,v15,40.0,3.0,0.0,1.0,0.015,0.0,32.3661,False,all_dynamic_snr,2.9689,0.9582
132,v4,v3,40.0,10.44,10.0,1.0,0.0522,0.2,21.2923,False,all_dynamic_snr,2.9645,0.9588
132,v4,v7,40.0,10.44,20.0,1.0,0.0522,0.4,19.8836,False,all_dynamic_snr,2.9604,0.9533
132,v4,v11,40.0,20.22,10.0,1.0,0.1011,0.2,16.698,False,all_dynamic_snr,2.952,0.9627
132,v4,v8,40.0,150.0,0.0,1.0,0.75,0.0,5.1825,False,all_dynamic_snr,2.7187,0.9387
133,v1,v13,40.0,70.0,20.0,1.0,0.35,0.4,6.6615,False,all_dynamic_snr,2.7951,0.9445
133,v1,v5,40.0,90.0,0.0,1.0,0.45,0.0,8.7321,False,all_dynamic_snr,2.8648,0.9578
133,v1,v6,40.0,140.03,20.0,1.0,0.7002,0.4,1.8434,True,all_dynamic_snr,2.4396,0.8648
133,v3,v15,20.0,20.0,20.0,0.6,0.1,0.4,-4.6334,True,all_dynamic_snr,1.5497,0.4563
133,v3,v4,20.0,20.22,30.0,0.6,0.1011,0.6,-5.7103,True,all_dynamic_snr,1.4141,0.4264
133,v3,v11,20.0,30.0,30.0,0.6,0.15,0.6,-8.4504,True,all_dynamic_snr,1.1074,0.2926
133,v3,v7,20.0,50.0,10.0,0.6,0.25,0.2,-9.5918,False,all_dynamic_snr,1.0167,0.2633
133,v3,v19,20.0,120.0,30.0,0.6,0.6,0.6,-18.0834,True,all_dynamic_snr,0.5834,0.1334
133,v4,v15,40.0,3.0,10.0,1.0,0.015,0.2,29.9578,False,all_dynamic_snr,2.9684,0.9582
133,v4,v11,40.0,10.44,0.0,1.0,0.0522,0.0,23.7006,False,all_dynamic_snr,2.9644,0.9582
133,v4,v3,40.0,20.22,30.0,1.0,0.1011,0.6,14.2897,False,all_dynamic_snr,2.9422,0.9563
133,v4,v7,40.0,30.15,20.0,1.0,0.1507,0.4,12.5145,False,all_dynamic_snr,2.9259,0.9563
133,v4,v19,40.0,140.03,0.0,1.0,0.7002,0.0,5.6604,False,all_dynamic_snr,2.7422,0.9393
134,v1,v13,40.0,50.0,0.0,1.0,0.25,0.0,12.8165,False,all_dynamic_snr,2.926,0.9549
134,v1,v5,40.0,90.0,0.0,1.0,0.45,0.0,8.7321,False,all_dynamic_snr,2.8602,0.9529
134,v1,v6,40.0,120.04,20.0,1.0,0.6002,0.4,2.914,False,all_dynamic_snr,2.5566,0.8723
134,v3,v15,20.0,40.0,30.0,0.6,0.2,0.6,-10.4494,True,all_dynamic_snr,0.9301,0.2268
134,v3,v4,20.0,50.09,10.0,0.6,0.2504,0.2,-9.6042,False,all_dynamic_snr,1.031,0.2715
134,v3,v7,20.0,60.0,30.0,0.6,0.3,0.6,-13.2669,True,all_dynamic_snr,0.773,0.1818
134,v3,v11,20.0,60.0,10.0,0.6,0.3,0.2,-10.8587,True,all_dynamic_snr,0.8997,0.2281
134,v3,v19,20.0,90.0,30.0,0.6,0.45,0.6,-16.0844,True,all_dynamic_snr,0.6359,0.1414
134,v4,v7,40.0,10.44,20.0,1.0,0.0522,0.4,19.8836,False,all_dynamic_snr,2.9614,0.9607
134,v4,v11,40.0,10.44,0.0,1.0,0.0522,0.0,23.7006,False,all_dynamic_snr,2.9657,0.9582
134,v4,v15,40.0,10.44,20.0,1.0,0.0522,0.4,19.8836,False,all_dynamic_snr,2.9623,0.9637
134,v4,v3,40.0,50.09,10.0,1.0,0.2504,0.2,10.3958,False,all_dynamic_snr,2.8949,0.9623
134,v4,v19,40.0,140.03,20.0,1.0,0.7002,0.4,1.8434,True,all_dynamic_snr,2.4321,0.8576
135,v1,v13,40.0,50.0,10.0,1.0,0.25,0.2,10.4082,False,all_dynamic_snr,2.898,0.9543
135,v1,v5,40.0,90.0,10.0,1.0,0.45,0.2,6.3239,False,all_dynamic_snr,2.7766,0.9445
135,v1,v6,40.0,140.03,30.0,1.0,0.7002,0.6,0.8439,True,all_dynamic_snr,2.3119,0.8076
135,v3,v19,20.0,60.0,10.0,0.6,0.3,0.2,-10.8587,True,all_dynamic_snr,0.9052,0.2379
135,v3,v4,20.0,60.07,10.0,0.6,0.3004,0.2,-10.8673,True,all_dynamic_snr,0.9109,0.2266
135,v3,v11,20.0,70.0,10.0,0.6,0.35,0.2,-11.9298,True,all_dynamic_snr,0.8555,0.2209
135,v3,v15,20.0,70.0,20.0,0.6,0.35,0.4,-13.3385,True,all_dynamic_snr,0.7632,0.1621
135,v3,v7,20.0,90.0,10.0,0.6,0.45,0.2,-13.6761,True,all_dynamic_snr,0.7436,0.1898
135,v4,v11,40.0,10.44,0.0,1.0,0.0522,0.0,23.7006,False,all_dynamic_snr,2.9653,0.9592
135,v4,v15,40.0,10.44,30.0,1.0,0.0522,0.6,18.8841,False,all_dynamic_snr,2.9576,0.9631
135,v4,v7,40.0,30.15,20.0,1.0,0.1507,0.4,12.5145,False,all_dynamic_snr,2.9247,0.9621
135,v4,v3,40.0,60.07,10.0,1.0,0.3004,0.2,9.1327,False,all_dynamic_snr,2.8722,0.9504
135,v4,v19,40.0,120.04,0.0,1.0,0.6002,0.0,6.7309,False,all_dynamic_snr,2.7898,0.9461
136,v1,v13,40.0,60.0,0.0,1.0,0.3,0.0,11.5496,False,all_dynamic_snr,2.9148,0.9563
136,v1,v5,40.0,100.0,20.0,1.0,0.5,0.4,4.183,False,all_dynamic_snr,2.6493,0.9041
136,v1,v6,40.0,170.03,20.0,1.0,0.8501,0.4,0.4948,True,all_dynamic_snr,2.2881,0.7986
136,v3,v4,20.0,50.09,20.0,0.6,0.2504,0.4,-11.013,True,all_dynamic_snr,0.9224,0.2182
136,v3,v11,20.0,60.0,0.0,0.6,0.3,0.0,-8.4504,True,all_dynamic_snr,1.1246,0.2883
136,v3,v19,20.0,70.0,10.0,0.6,0.35,0.2,-11.9298,True,all_dynamic_snr,0.8656,0.1996
136,v3,v15,20.0,90.0,0.0,0.6,0.45,0.0,-11.2679,True,all_dynamic_snr,0.8646,0.1979
136,v3,v7,20.0,100.0,30.0,0.6,0.5,0.6,-16.8165,True,all_dynamic_snr,0.5897,0.1232
136,v4,v11,40.0,10.44,20.0,1.0,0.0522,0.4,19.8836,False,all_dynamic_snr,2.9627,0.9602
136,v4,v15,40.0,40.11,20.0,1.0,0.2006,0.4,10.5306,False,all_dynamic_snr,2.8981,0.9539
136,v4,v3,40.0,50.09,20.0,1.0,0.2504,0.4,8.987,False,all_dynamic_snr,2.8645,0.9549
136,v4,v7,40.0,50.09,10.0,1.0,0.2504,0.2,10.3958,False,all_dynamic_snr,2.8912,0.9494
136,v4,v19,40.0,120.04,10.0,1.0,0.6002,0.2,4.3227,False,all_dynamic_snr,2.6618,0.9094
137,v1,v13,40.0,60.0,20.0,1.0,0.3,0.4,7.7326,False,all_dynamic_snr,2.8312,0.941
137,v1,v5,40.0,120.0,10.0,1.0,0.6,0.2,4.3249,False,all_dynamic_snr,2.6659,0.917
137,v1,v6,40.0,190.02,10.0,1.0,0.9501,0.2,1.1308,True,all_dynamic_snr,2.3574,0.8219
137,v3,v4,20.0,30.15,0.0,0.6,0.1507,0.0,-3.6685,False,all_dynamic_snr,1.6981,0.5572
137,v3,v11,20.0,60.0,10.0,0.6,0.3,0.2,-10.8587,True,all_dynamic_snr,0.8823,0.2049
137,v3,v7,20.0,70.0,20.0,0.6,0.35,0.4,-13.3385,True,all_dynamic_snr,0.7727,0.1801
137,v3,v19,20.0,80.0,10.0,0.6,0.4,0.2,-12.8577,True,all_dynamic_snr,0.7852,0.1631
137,v3,v15,20.0,90.0,0.0,0.6,0.45,0.0,-11.2679,True,all_dynamic_snr,0.8717,0.2117
137,v4,v3,40.0,30.15,0.0,1.0,0.1507,0.0,16.3315,False,all_dynamic_snr,2.9507,0.9592
137,v4,v11,40.0,30.15,10.0,1.0,0.1507,0.2,13.9232,False,all_dynamic_snr,2.9364,0.9553
137,v4,v7,40.0,40.11,20.0,1.0,0.2006,0.4,10.5306,False,all_dynamic_snr,2.9,0.9523
137,v4,v15,40.0,60.07,0.0,1.0,0.3004,0.0,11.5409,False,all_dynamic_snr,2.9125,0.949
137,v4,v19,40.0,110.04,10.0,1.0,0.5502,0.2,4.9269,False,all_dynamic_snr,2.7073,0.9207
138,v1,v13,40.0,80.0,40.0,1.0,0.4,0.8,3.9588,True,all_dynamic_snr,2.6395,0.9158
138,v1,v5,40.0,130.0,40.0,1.0,0.65,0.8,0.5851,True,all_dynamic_snr,2.2854,0.792
138,v3,v4,20.0,30.15,0.0,0.6,0.1507,0.0,-3.6685,False,all_dynamic_snr,1.6844,0.5277
138,v3,v11,20.0,70.0,30.0,0.6,0.35,0.6,-14.338,True,all_dynamic_snr,0.7159,0.1697
138,v3,v7,20.0,90.0,20.0,0.6,0.45,0.4,-15.0849,True,all_dynamic_snr,0.7033,0.166
138,v3,v15,20.0,90.0,10.0,0.6,0.45,0.2,-13.6761,True,all_dynamic_snr,0.7488,0.1701
138,v3,v19,20.0,90.0,10.0,0.6,0.45,0.2,-13.6761,True,all_dynamic_snr,0.7422,0.176
138,v4,v3,40.0,30.15,0.0,1.0,0.1507,0.0,16.3315,False,all_dynamic_snr,2.9494,0.9572
138,v4,v11,40.0,40.11,30.0,1.0,0.2006,0.6,9.5311,False,all_dynamic_snr,2.8793,0.9475
138,v4,v7,40.0,60.07,20.0,1.0,0.3004,0.4,7.7239,False,all_dynamic_snr,2.8307,0.9461
138,v4,v15,40.0,60.07,10.0,1.0,0.3004,0.2,9.1327,False,all_dynamic_snr,2.8703,0.952
138,v4,v19,40.0,120.04,10.0,1.0,0.6002,0.2,4.3227,False,all_dynamic_snr,2.6655,0.9121
139,v1,v13,40.0,40.0,30.0,1.0,0.2,0.6,9.5506,False,all_dynamic_snr,2.8828,0.9553
139,v1,v5,40.0,90.0,20.0,1.0,0.45,0.4,4.9151,False,all_dynamic_snr,2.6997,0.9324
139,v1,v6,40.0,170.03,10.0,1.0,0.8501,0.2,1.9035,True,all_dynamic_snr,2.4403,0.8531
139,v3,v4,20.0,30.15,10.0,0.6,0.1507,0.2,-6.0768,False,all_dynamic_snr,1.3744,0.3885
139,v3,v11,20.0,40.0,20.0,0.6,0.2,0.4,-9.4499,True,all_dynamic_snr,1.0292,0.277
139,v3,v7,20.0,70.0,10.0,0.6,0.35,0.2,-11.9298,True,all_dynamic_snr,0.8405,0.2002
139,v3,v15,20.0,80.0,20.0,0.6,0.4,0.4,-14.2664,True,all_dynamic_snr,0.7146,0.1596
139,v3,v19,20.0,100.0,20.0,0.6,0.5,0.4,-15.817,True,all_dynamic_snr,0.658,0.1605
139,v4,v11,40.0,10.44,30.0,1.0,0.0522,0.6,18.8841,False,all_dynamic_snr,2.96,0.9549
139,v4,v3,40.0,30.15,10.0,1.0,0.1507,0.2,13.9232,False,all_dynamic_snr,2.9344,0.9572
139,v4,v7,40.0,40.11,20.0,1.0,0.2006,0.4,10.5306,False,all_dynamic_snr,2.9004,0.9484
139,v4,v15,40.0,50.09,10.0,1.0,0.2504,0.2,10.3958,False,all_dynamic_snr,2.8977,0.9494
139,v4,v19,40.0,130.03,10.0,1.0,0.6502,0.2,3.7668,False,all_dynamic_snr,2.6113,0.9068
140,v1,v13,40.0,70.0,40.0,1.0,0.35,0.8,4.8867,True,all_dynamic_snr,2.6913,0.9156
140,v1,v5,40.0,110.0,20.0,1.0,0.55,0.4,3.5207,False,all_dynamic_snr,2.5966,0.9
140,v1,v6,40.0,160.03,0.0,1.0,0.8001,0.0,4.7329,True,all_dynamic_snr,2.6909,0.9145
140,v3,v4,20.0,20.22,10.0,0.6,0.1011,0.2,-3.302,False,all_dynamic_snr,1.747,0.5713
140,v3,v11,20.0,60.0,40.0,0.6,0.3,0.8,-14.0422,True,all_dynamic_snr,0.7397,0.1811
140,v3,v15,20.0,60.0,10.0,0.6,0.3,0.2,-10.8587,True,all_dynamic_snr,0.9176,0.2213
140,v3,v7,20.0,80.0,0.0,0.6,0.4,0.0,-10.4494,True,all_dynamic_snr,0.9502,0.2564
140,v3,v19,20.0,120.0,20.0,0.6,0.6,0.4,-17.0839,True,all_dynamic_snr,0.6113,0.1396
140,v4,v3,40.0,20.22,10.0,1.0,0.1011,0.2,16.698,False,all_dynamic_snr,2.9543,0.9602
140,v4,v11,40.0,40.11,30.0,1.0,0.2006,0.6,9.5311,False,all_dynamic_snr,2.8782,0.952
140,v4,v15,40.0,40.11,0.0,1.0,0.2006,0.0,14.3476,False,all_dynamic_snr,2.939,0.9572
140,v4,v7,40.0,60.07,10.0,1.0,0.3004,0.2,9.1327,False,all_dynamic_snr,2.8672,0.9465
140,v4,v19,40.0,140.03,10.0,1.0,0.7002,0.2,3.2521,False,all_dynamic_snr,2.5728,0.9002
141,v1,v13,40.0,30.0,20.0,1.0,0.15,0.4,12.5491,False,all_dynamic_snr,2.9248,0.9637
141,v1,v5,40.0,90.0,10.0,1.0,0.45,0.2,6.3239,False,all_dynamic_snr,2.7766,0.948
141,v1,v6,40.0,160.03,20.0,1.0,0.8001,0.4,0.9159,True,all_dynamic_snr,2.3357,0.8246
141,v3,v4,20.0,10.44,10.0,0.6,0.0522,0.2,1.2923,False,all_dynamic_snr,2.3839,0.8275
141,v3,v11,20.0,20.0,30.0,0.6,0.1,0.6,-5.633,True,all_dynamic_snr,1.4074,0.4287
141,v3,v15,20.0,50.0,20.0,0.6,0.25,0.4,-11.0005,True,all_dynamic_snr,0.8995,0.2463
141,v3,v7,20.0,80.0,40.0,0.6,0.4,0.8,-16.0412,True,all_dynamic_snr,0.6397,0.1486
141,v3,v19,20.0,140.0,20.0,0.6,0.7,0.4,-18.155,True,all_dynamic_snr,0.5849,0.1379
141,v4,v3,40.0,10.44,10.0,1.0,0.0522,0.2,21.2923,False,all_dynamic_snr,2.9635,0.9607
141,v4,v11,40.0,10.44,20.0,1.0,0.0522,0.4,19.8836,False,all_dynamic_snr,2.9617,0.9588
141,v4,v15,40.0,40.11,10.0,1.0,0.2006,0.2,11.9393,False,all_dynamic_snr,2.9166,0.9598
141,v4,v7,40.0,70.06,30.0,1.0,0.3503,0.6,5.6556,False,all_dynamic_snr,2.7465,0.9309
141,v4,v19,40.0,150.03,10.0,1.0,0.7501,0.2,2.7729,False,all_dynamic_snr,2.5356,0.8691
142,v1,v13,40.0,10.0,0.0,1.0,0.05,0.0,24.0,False,all_dynamic_snr,2.9656,0.9592
142,v1,v5,40.0,100.0,10.0,1.0,0.5,0.2,5.5918,False,all_dynamic_snr,2.7447,0.9334
142,v1,v6,40.0,180.02,30.0,1.0,0.9001,0.6,-0.9018,True,all_dynamic_snr,2.0917,0.7217
142,v3,v4,20.0,3.0,0.0,0.6,0.015,0.0,12.3661,False,all_dynamic_snr,2.9235,0.9604
142,v3,v11,20.0,10.0,20.0,0.6,0.05,0.4,0.183,True,all_dynamic_snr,2.2241,0.7842
142,v3,v15,20.0,30.0,10.0,0.6,0.15,0.2,-6.0422,False,all_dynamic_snr,1.3842,0.392
142,v3,v7,20.0,40.0,10.0,0.6,0.2,0.2,-8.0412,False,all_dynamic_snr,1.1541,0.2906
142,v3,v8,20.0,150.03,10.0,0.6,0.7501,0.2,-17.2271,True,all_dynamic_snr,0.5639,0.1381
142,v4,v3,40.0,3.0,0.0,1.0,0.015,0.0,32.3661,False,all_dynamic_snr,2.9689,0.9582
142,v4,v11,40.0,10.44,20.0,1.0,0.0522,0.4,19.8836,False,all_dynamic_snr,2.9597,0.9582
142,v4,v15,40.0,30.15,10.0,1.0,0.1507,0.2,13.9232,False,all_dynamic_snr,2.9391,0.9549
142,v4,v7,40.0,40.11,10.0,1.0,0.2006,0.2,11.9393,False,all_dynamic_snr,2.9188,0.95
142,v4,v8,40.0,150.0,10.0,1.0,0.75,0.2,2.7743,False,all_dynamic_snr,2.5341,0.8836
143,v1,v13,40.0,10.0,0.0,1.0,0.05,0.0,24.0,False,all_dynamic_snr,2.9652,0.9592
143,v1,v5,40.0,110.0,30.0,1.0,0.55,0.6,2.5212,True,all_dynamic_snr,2.5046,0.8703
143,v3,v4,20.0,3.0,40.0,0.6,0.015,0.8,6.7743,True,all_dynamic_snr,2.7974,0.9395
143,v3,v11,20.0,10.0,40.0,0.6,0.05,0.8,-1.5918,True,all_dynamic_snr,1.9957,0.6938
143,v3,v15,20.0,20.0,40.0,0.6,0.1,0.8,-6.4082,True,all_dynamic_snr,1.3184,0.3732
143,v3,v7,20.0,30.0,0.0,0.6,0.15,0.0,-3.6339,False,all_dynamic_snr,1.6994,0.5238
143,v3,v19,20.0,140.0,30.0,0.6,0.7,0.6,-19.1545,True,all_dynamic_snr,0.559,0.1184
143,v4,v3,40.0,3.0,40.0,1.0,0.015,0.8,26.7743,True,all_dynamic_snr,2.9669,0.9592
143,v4,v11,40.0,10.44,0.0,1.0,0.0522,0.0,23.7006,False,all_dynamic_snr,2.9652,0.9572
143,v4,v15,40.0,20.22,0.0,1.0,0.1011,0.0,19.1062,False,all_dynamic_snr,2.9596,0.9553
143,v4,v7,40.0,30.15,40.0,1.0,0.1507,0.8,10.7397,True,all_dynamic_snr,2.9,0.9529
143,v4,v19,40.0,140.03,10.0,1.0,0.7002,0.2,3.2521,False,all_dynamic_snr,2.5744,0.882
144,v1,v13,40.0,10.0,0.0,1.0,0.05,0.0,24.0,False,all_dynamic_snr,2.9669,0.9572
144,v1,v5,40.0,140.0,0.0,1.0,0.7,0.0,5.662,False,all_dynamic_snr,2.7459,0.9393
144,v3,v15,20.0,20.0,40.0,0.6,0.1,0.8,-6.4082,True,all_dynamic_snr,1.3128,0.3666
144,v3,v7,20.0,30.0,10.0,0.6,0.15,0.2,-6.0422,False,all_dynamic_snr,1.3737,0.3998
144,v3,v11,20.0,30.0,20.0,0.6,0.15,0.4,-7.4509,True,all_dynamic_snr,1.2252,0.3369
144,v3,v4,20.0,40.11,20.0,0.6,0.2006,0.4,-9.4694,True,all_dynamic_snr,1.0355,0.2826
144,v3,v19,20.0,170.0,30.0,0.6,0.85,0.6,-20.5037,True,all_dynamic_snr,0.5214,0.1381
144,v4,v11,40.0,10.44,0.0,1.0,0.0522,0.0,23.7006,False,all_dynamic_snr,2.9655,0.9559
144,v4,v15,40.0,20.22,20.0,1.0,0.1011,0.4,15.2892,False,all_dynamic_snr,2.946,0.966
144,v4,v3,40.0,40.11,20.0,1.0,0.2006,0.4,10.5306,False,all_dynamic_snr,2.9003,0.952
144,v4,v7,40.0,70.06,10.0,1.0,0.3503,0.2,8.0638,False,all_dynamic_snr,2.8429,0.9559
144,v4,v8,40.0,130.0,20.0,1.0,0.65,0.4,2.3599,True,all_dynamic_snr,2.4989,0.8645
145,v1,v13,40.0,10.0,20.0,1.0,0.05,0.4,20.183,False,all_dynamic_snr,2.962,0.9611
145,v1,v5,40.0,140.0,40.0,1.0,0.7,0.8,0.0702,True,all_dynamic_snr,2.2218,0.7977
145,v3,v11,20.0,10.0,10.0,0.6,0.05,0.2,1.5918,False,all_dynamic_snr,2.4006,0.843
145,v3,v15,20.0,20.0,10.0,0.6,0.1,0.2,-3.2247,False,all_dynamic_snr,1.7568,0.5527
145,v3,v4,20.0,20.22,0.0,0.6,0.1011,0.0,-0.8938,False,all_dynamic_snr,2.0949,0.7406
145,v3,v7,20.0,40.0,20.0,0.6,0.2,0.4,-9.4499,True,all_dynamic_snr,1.0433,0.2725
145,v3,v8,20.0,130.03,40.0,0.6,0.6502,0.8,-19.4167,True,all_dynamic_snr,0.5511,0.1426
145,v4,v11,40.0,10.44,10.0,1.0,0.0522,0.2,21.2923,False,all_dynamic_snr,2.9614,0.9592
145,v4,v3,40.0,20.22,0.0,1.0,0.1011,0.0,19.1062,False,all_dynamic_snr,2.9581,0.9592
145,v4,v15,40.0,40.11,10.0,1.0,0.2006,0.2,11.9393,False,all_dynamic_snr,2.9184,0.9533
145,v4,v7,40.0,60.07,20.0,1.0,0.3004,0.4,7.7239,False,all_dynamic_snr,2.8352,0.9475
145,v4,v8,40.0,110.0,40.0,1.0,0.55,0.8,1.746,True,all_dynamic_snr,2.4267,0.8281
146,v1,v13,40.0,10.0,40.0,1.0,0.05,0.8,18.4082,True,all_dynamic_snr,2.9577,0.9582
146,v1,v5,40.0,100.0,40.0,1.0,0.5,0.8,2.4082,True,all_dynamic_snr,2.4817,0.8596
146,v1,v6,40.0,180.02,20.0,1.0,0.9001,0.4,0.0977,True,all_dynamic_snr,2.2235,0.7621
146,v3,v15,20.0,10.0,10.0,0.6,0.05,0.2,1.5918,False,all_dynamic_snr,2.4029,0.842
146,v3,v7,20.0,20.0,0.0,0.6,0.1,0.0,-0.8165,False,all_dynamic_snr,2.0913,0.7154
146,v3,v11,20.0,20.0,10.0,0.6,0.1,0.2,-3.2247,False,all_dynamic_snr,1.7597,0.5664
146,v3,v4,20.0,20.22,10.0,0.6,0.1011,0.2,-3.302,False,all_dynamic_snr,1.7387,0.5529
146,v3,v19,20.0,150.0,10.0,0.6,0.75,0.2,-17.2257,True,all_dynamic_snr,0.6033,0.1359
146,v4,v11,40.0,3.0,20.0,1.0,0.015,0.4,28.5491,False,all_dynamic_snr,2.9686,0.9582
146,v4,v3,40.0,20.22,10.0,1.0,0.1011,0.2,16.698,False,all_dynamic_snr,2.9525,0.965
146,v4,v15,40.0,30.15,0.0,1.0,0.1507,0.0,16.3315,False,all_dynamic_snr,2.9507,0.9588
146,v4,v7,40.0,40.11,10.0,1.0,0.2006,0.2,11.9393,False,all_dynamic_snr,2.9188,0.9611
146,v4,v19,40.0,130.03,20.0,1.0,0.6502,0.4,2.3581,True,all_dynamic_snr,2.4852,0.8676
147,v1,v13,40.0,30.0,10.0,1.0,0.15,0.2,13.9578,False,all_dynamic_snr,2.9368,0.9527
147,v1,v5,40.0,140.0,20.0,1.0,0.7,0.4,1.845,True,all_dynamic_snr,2.4289,0.8416
147,v3,v15,20.0,0.0,10.0,0.6,0.0,0.2,33.5918,False,all_dynamic_snr,2.9685,0.9592
147,v3,v11,20.0,10.0,10.0,0.6,0.05,0.2,1.5918,False,all_dynamic_snr,2.4071,0.8521
147,v3,v7,20.0,20.0,30.0,0.6,0.1,0.6,-5.633,True,all_dynamic_snr,1.4578,0.4668
147,v3,v4,20.0,30.15,20.0,0.6,0.1507,0.4,-7.4855,True,all_dynamic_snr,1.2211,0.3514
147,v3,v19,20.0,140.0,20.0,0.6,0.7,0.4,-18.155,True,all_dynamic_snr,0.5951,0.1473
147,v4,v11,40.0,20.22,30.0,1.0,0.1011,0.6,14.2897,False,all_dynamic_snr,2.9417,0.9592
147,v4,v3,40.0,30.15,20.0,1.0,0.1507,0.4,12.5145,False,all_dynamic_snr,2.924,0.9568
147,v4,v15,40.0,30.15,30.0,1.0,0.1507,0.6,11.515,False,all_dynamic_snr,2.9104,0.948
147,v4,v7,40.0,50.09,10.0,1.0,0.2504,0.2,10.3958,False,all_dynamic_snr,2.8959,0.9543
147,v4,v19,40.0,110.04,0.0,1.0,0.5502,0.0,7.3351,False,all_dynamic_snr,2.8157,0.9471
148,v1,v13,40.0,20.0,0.0,1.0,0.1,0.0,19.1835,False,all_dynamic_snr,2.96,0.9637
148,v1,v5,40.0,120.0,20.0,1.0,0.6,0.4,2.9161,False,all_dynamic_snr,2.5509,0.9139
148,v1,v6,40.0,170.03,10.0,1.0,0.8501,0.2,1.9035,True,all_dynamic_snr,2.4455,0.8553
148,v3,v15,20.0,10.0,10.0,0.6,0.05,0.2,1.5918,False,all_dynamic_snr,2.4038,0.8395
148,v3,v4,20.0,10.44,30.0,0.6,0.0522,0.6,-1.1159,True,all_dynamic_snr,2.0505,0.6988
148,v3,v11,20.0,20.0,20.0,0.6,0.1,0.4,-4.6334,True,all_dynamic_snr,1.5549,0.4678
148,v3,v7,20.0,50.0,10.0,0.6,0.25,0.2,-9.5918,False,all_dynamic_snr,1.027,0.2475
148,v3,v19,20.0,120.0,20.0,0.6,0.6,0.4,-17.0839,True,all_dynamic_snr,0.6115,0.1512
148,v4,v15,40.0,3.0,20.0,1.0,0.015,0.4,28.5491,False,all_dynamic_snr,2.9681,0.9602
148,v4,v3,40.0,10.44,30.0,1.0,0.0522,0.6,18.8841,False,all_dynamic_snr,2.9584,0.9563
148,v4,v11,40.0,10.44,10.0,1.0,0.0522,0.2,21.2923,False,all_dynamic_snr,2.9618,0.9563
148,v4,v7,40.0,60.07,40.0,1.0,0.3004,0.8,5.9491,True,all_dynamic_snr,2.7589,0.9418
148,v4,v8,40.0,110.0,40.0,1.0,0.55,0.8,1.746,True,all_dynamic_snr,2.4277,0.8471
149,v1,v13,40.0,20.0,10.0,1.0,0.1,0.2,16.7753,False,all_dynamic_snr,2.9526,0.9582
149,v1,v5,40.0,100.0,20.0,1.0,0.5,0.4,4.183,False,all_dynamic_snr,2.6489,0.9148
149,v1,v6,40.0,180.02,0.0,1.0,0.9001,0.0,3.9147,True,all_dynamic_snr,2.6399,0.9111
149,v3,v15,20.0,20.0,10.0,0.6,0.1,0.2,-3.2247,False,all_dynamic_snr,1.7559,0.5729
149,v3,v11,20.0,40.0,20.0,0.6,0.2,0.4,-9.4499,True,all_dynamic_snr,1.0288,0.2703
149,v3,v4,20.0,40.11,10.0,0.6,0.2006,0.2,-8.0607,False,all_dynamic_snr,1.1341,0.2793
149,v3,v7,20.0,60.0,0.0,0.6,0.3,0.0,-8.4504,True,all_dynamic_snr,1.1361,0.3164
149,v3,v8,20.0,110.04,10.0,0.6,0.5502,0.2,-15.0731,True,all_dynamic_snr,0.6817,0.1684
149,v4,v11,40.0,3.0,10.0,1.0,0.015,0.2,29.9578,False,all_dynamic_snr,2.9681,0.9592
149,v4,v15,40.0,20.22,20.0,1.0,0.1011,0.4,15.2892,False,all_dynamic_snr,2.9459,0.9582
149,v4,v3,40.0,40.11,10.0,1.0,0.2006,0.2,11.9393,False,all_dynamic_snr,2.9175,0.952
149,v4,v8,40.0,70.0,20.0,1.0,0.35,0.4,6.6615,False,all_dynamic_snr,2.7937,0.9451
149,v4,v7,40.0,100.04,10.0,1.0,0.5002,0.2,5.5886,False,all_dynamic_snr,2.7384,0.9328
150,v1,v13,40.0,10.0,10.0,1.0,0.05,0.2,21.5918,False,all_dynamic_snr,2.9647,0.9592
150,v1,v5,40.0,120.0,0.0,1.0,0.6,0.0,6.7331,False,all_dynamic_snr,2.7974,0.9426
150,v1,v6,40.0,180.02,10.0,1.0,0.9001,0.2,1.5064,True,all_dynamic_snr,2.4025,0.8418
150,v3,v11,20.0,20.0,20.0,0.6,0.1,0.4,-4.6334,True,all_dynamic_snr,1.5395,0.4838
150,v3,v15,20.0,30.0,0.0,0.6,0.15,0.0,-3.6339,False,all_dynamic_snr,1.6947,0.532
150,v3,v4,20.0,30.15,10.0,0.6,0.1507,0.2,-6.0768,False,all_dynamic_snr,1.3825,0.4023
150,v3,v7,20.0,60.0,20.0,0.6,0.3,0.4,-12.2674,True,all_dynamic_snr,0.8139,0.1959
150,v3,v8,20.0,120.04,10.0,0.6,0.6002,0.2,-15.6773,True,all_dynamic_snr,0.6521,0.1463
150,v4,v15,40.0,3.0,10.0,1.0,0.015,0.2,29.9578,False,all_dynamic_snr,2.9685,0.9602
150,v4,v11,40.0,10.44,10.0,1.0,0.0522,0.2,21.2923,False,all_dynamic_snr,2.9618,0.9588
150,v4,v3,40.0,30.15,10.0,1.0,0.1507,0.2,13.9232,False,all_dynamic_snr,2.9363,0.9582
150,v4,v8,40.0,90.0,0.0,1.0,0.45,0.0,8.7321,False,all_dynamic_snr,2.8641,0.9604
150,v4,v7,40.0,90.05,10.0,1.0,0.4502,0.2,6.32,False,all_dynamic_snr,2.7797,0.9445
151,v1,v13,40.0,20.0,20.0,1.0,0.1,0.4,15.3666,False,all_dynamic_snr,2.9474,0.9592
151,v1,v5,40.0,120.0,0.0,1.0,0.6,0.0,6.7331,False,all_dynamic_snr,2.7904,0.9422
151,v1,v6,40.0,170.03,20.0,1.0,0.8501,0.4,0.4948,True,all_dynamic_snr,2.271,0.7822
151,v3,v15,20.0,30.0,10.0,0.6,0.15,0.2,-6.0422,False,all_dynamic_snr,1.3807,0.3754
151,v3,v7,20.0,40.0,20.0,0.6,0.2,0.4,-9.4499,True,all_dynamic_snr,1.0049,0.2166
151,v3,v11,20.0,40.0,10.0,0.6,0.2,0.2,-8.0412,False,all_dynamic_snr,1.151,0.2914
151,v3,v4,20.0,40.11,10.0,0.6,0.2006,0.2,-8.0607,False,all_dynamic_snr,1.1405,0.3094
151,v3,v19,20.0,130.0,10.0,0.6,0.65,0.2,-16.2313,True,all_dynamic_snr,0.6468,0.1641
151,v4,v11,40.0,3.0,20.0,1.0,0.015,0.4,28.5491,False,all_dynamic_snr,2.9676,0.9617
151,v4,v15,40.0,10.44,20.0,1.0,0.0522,0.4,19.8836,False,all_dynamic_snr,2.9606,0.9572
151,v4,v3,40.0,40.11,10.0,1.0,0.2006,0.2,11.9393,False,all_dynamic_snr,2.919,0.9559
151,v4,v7,40.0,80.06,10.0,1.0,0.4003,0.2,7.1374,False,all_dynamic_snr,2.8126,0.9576
151,v4,v8,40.0,90.0,20.0,1.0,0.45,0.4,4.9151,False,all_dynamic_snr,2.6942,0.9221
152,v1,v13,40.0,40.0,20.0,1.0,0.2,0.4,10.5501,False,all_dynamic_snr,2.9007,0.9549
152,v1,v5,40.0,120.0,0.0,1.0,0.6,0.0,6.7331,False,all_dynamic_snr,2.798,0.9555
152,v1,v6,40.0,190.02,20.0,1.0,0.9501,0.4,-0.2779,True,all_dynamic_snr,2.1698,0.7447
152,v3,v4,20.0,30.15,10.0,0.6,0.1507,0.2,-6.0768,False,all_dynamic_snr,1.3643,0.351
152,v3,v15,20.0,40.0,30.0,0.6,0.2,0.6,-10.4494,True,all_dynamic_snr,0.9628,0.2283
152,v3,v11,20.0,50.0,20.0,0.6,0.25,0.4,-11.0005,True,all_dynamic_snr,0.9219,0.2051
152,v3,v7,20.0,60.0,20.0,0.6,0.3,0.4,-12.2674,True,all_dynamic_snr,0.8407,0.1875
152,v3,v19,20.0,120.0,10.0,0.6,0.6,0.2,-15.6751,True,all_dynamic_snr,0.6498,0.1619
152,v4,v15,40.0,10.44,20.0,1.0,0.0522,0.4,19.8836,False,all_dynamic_snr,2.9609,0.9533
152,v4,v11,40.0,20.22,10.0,1.0,0.1011,0.2,16.698,False,all_dynamic_snr,2.9516,0.9588
152,v4,v3,40.0,30.15,10.0,1.0,0.1507,0.2,13.9232,False,all_dynamic_snr,2.9373,0.9514
152,v4,v7,40.0,90.05,10.0,1.0,0.4502,0.2,6.32,False,all_dynamic_snr,2.7769,0.9367
152,v4,v19,40.0,90.05,0.0,1.0,0.4502,0.0,8.7283,False,all_dynamic_snr,2.8575,0.9523
153,v1,v13,40.0,20.0,40.0,1.0,0.1,0.8,13.5918,True,all_dynamic_snr,2.9348,0.9637
153,v1,v5,40.0,120.0,20.0,1.0,0.6,0.4,2.9161,False,all_dynamic_snr,2.5455,0.8879
153,v1,v6,40.0,170.03,30.0,1.0,0.8501,0.6,-0.5047,True,all_dynamic_snr,2.1383,0.7584
153,v3,v15,20.0,10.0,0.0,0.6,0.05,0.0,4.0,False,all_dynamic_snr,2.6398,0.9238
153,v3,v4,20.0,20.22,10.0,0.6,0.1011,0.2,-3.302,False,all_dynamic_snr,1.7522,0.5953
153,v3,v11,20.0,30.0,20.0,0.6,0.15,0.4,-7.4509,True,all_dynamic_snr,1.2248,0.3379
153,v3,v7,20.0,80.0,40.0,0.6,0.4,0.8,-16.0412,True,all_dynamic_snr,0.6509,0.1523
153,v3,v19,20.0,110.0,40.0,0.6,0.55,0.8,-18.254,True,all_dynamic_snr,0.5895,0.132
153,v4,v11,40.0,10.44,10.0,1.0,0.0522,0.2,21.2923,False,all_dynamic_snr,2.9631,0.9602
153,v4,v15,40.0,10.44,10.0,1.0,0.0522,0.2,21.2923,False,all_dynamic_snr,2.9638,0.9602
153,v4,v3,40.0,20.22,10.0,1.0,0.1011,0.2,16.698,False,all_dynamic_snr,2.952,0.9592
153,v4,v19,40.0,90.05,30.0,1.0,0.4502,0.6,3.9118,True,all_dynamic_snr,2.6308,0.9127
153,v4,v7,40.0,100.04,30.0,1.0,0.5002,0.6,3.1804,True,all_dynamic_snr,2.578,0.8822
154,v1,v13,40.0,60.0,10.0,1.0,0.3,0.2,9.1413,False,all_dynamic_snr,2.8731,0.9445
154,v1,v5,40.0,140.0,20.0,1.0,0.7,0.4,1.845,True,all_dynamic_snr,2.4366,0.8664
154,v3,v11,20.0,10.0,10.0,0.6,0.05,0.2,1.5918,False,all_dynamic_snr,2.4068,0.843
154,v3,v15,20.0,10.0,10.0,0.6,0.05,0.2,1.5918,False,all_dynamic_snr,2.4018,0.8305
154,v3,v4,20.0,10.44,20.0,0.6,0.0522,0.4,-0.1164,True,all_dynamic_snr,2.1872,0.7865
154,v3,v19,20.0,70.0,0.0,0.6,0.35,0.0,-9.5216,True,all_dynamic_snr,1.0397,0.29
154,v3,v7,20.0,120.0,20.0,0.6,0.6,0.4,-17.0839,True,all_dynamic_snr,0.6011,0.1398
154,v4,v11,40.0,3.0,10.0,1.0,0.015,0.2,29.9578,False,all_dynamic_snr,2.9678,0.9582
154,v4,v15,40.0,3.0,10.0,1.0,0.015,0.2,29.9578,False,all_dynamic_snr,2.9677,0.9592
154,v4,v3,40.0,10.44,20.0,1.0,0.0522,0.4,19.8836,False,all_dynamic_snr,2.9615,0.9563
154,v4,v19,40.0,60.07,20.0,1.0,0.3004,0.4,7.7239,False,all_dynamic_snr,2.8336,0.9484
154,v4,v7,40.0,130.03,0.0,1.0,0.6502,0.0,6.1751,False,all_dynamic_snr,2.773,0.9332
155,v1,v13,40.0,70.0,20.0,1.0,0.35,0.4,6.6615,False,all_dynamic_snr,2.7927,0.9471
155,v1,v5,40.0,160.0,20.0,1.0,0.8,0.4,0.9171,True,all_dynamic_snr,2.337,0.8191
155,v3,v11,20.0,0.0,0.0,0.6,0.0,0.0,36.0,False,all_dynamic_snr,2.9691,0.9592
155,v3,v15,20.0,0.0,30.0,0.6,0.0,0.6,31.1835,True,all_dynamic_snr,2.9684,0.9572
155,v3,v4,20.0,10.44,20.0,0.6,0.0522,0.4,-0.1164,True,all_dynamic_snr,2.1893,0.7553
155,v3,v19,20.0,70.0,30.0,0.6,0.35,0.6,-14.338,True,all_dynamic_snr,0.7102,0.159
155,v3,v8,20.0,120.04,0.0,0.6,0.6002,0.0,-13.2691,True,all_dynamic_snr,0.7574,0.1758
155,v4,v3,40.0,10.44,20.0,1.0,0.0522,0.4,19.8836,False,all_dynamic_snr,2.9618,0.965
155,v4,v11,40.0,10.44,20.0,1.0,0.0522,0.4,19.8836,False,all_dynamic_snr,2.9607,0.9582
155,v4,v15,40.0,10.44,10.0,1.0,0.0522,0.2,21.2923,False,all_dynamic_snr,2.9636,0.9598
155,v4,v19,40.0,80.06,10.0,1.0,0.4003,0.2,7.1374,False,all_dynamic_snr,2.8113,0.9441
155,v4,v8,40.0,130.0,20.0,1.0,0.65,0.4,2.3599,True,all_dynamic_snr,2.4914,0.8582
156,v1,v13,40.0,90.0,0.0,1.0,0.45,0.0,8.7321,False,all_dynamic_snr,2.8585,0.949
156,v1,v5,40.0,140.0,0.0,1.0,0.7,0.0,5.662,False,all_dynamic_snr,2.7424,0.9266
156,v3,v11,20.0,0.0,20.0,0.6,0.0,0.4,32.183,True,all_dynamic_snr,2.9688,0.9572
156,v3,v4,20.0,10.44,30.0,0.6,0.0522,0.6,-1.1159,True,all_dynamic_snr,2.0588,0.7014
156,v3,v15,20.0,30.0,20.0,0.6,0.15,0.4,-7.4509,True,all_dynamic_snr,1.2155,0.3303
156,v3,v19,20.0,100.0,20.0,0.6,0.5,0.4,-15.817,True,all_dynamic_snr,0.6771,0.1758
156,v3,v8,20.0,120.04,20.0,0.6,0.6002,0.4,-17.086,True,all_dynamic_snr,0.5971,0.1562
156,v4,v3,40.0,10.44,30.0,1.0,0.0522,0.6,18.8841,False,all_dynamic_snr,2.9592,0.9563
156,v4,v11,40.0,10.44,10.0,1.0,0.0522,0.2,21.2923,False,all_dynamic_snr,2.9617,0.9602
156,v4,v15,40.0,20.22,10.0,1.0,0.1011,0.2,16.698,False,all_dynamic_snr,2.9523,0.9563
156,v4,v19,40.0,90.05,10.0,1.0,0.4502,0.2,6.32,False,all_dynamic_snr,2.7747,0.9338
156,v4,v8,40.0,110.0,10.0,1.0,0.55,0.2,4.9295,False,all_dynamic_snr,2.7017,0.9172
157,v1,v13,40.0,90.0,10.0,1.0,0.45,0.2,6.3239,False,all_dynamic_snr,2.7794,0.9373
157,v1,v5,40.0,140.0,20.0,1.0,0.7,0.4,1.845,True,all_dynamic_snr,2.4377,0.8668
157,v1,v6,40.0,190.02,20.0,1.0,0.9501,0.4,-0.2779,True,all_dynamic_snr,2.1612,0.741
157,v3,v15,20.0,10.0,20.0,0.6,0.05,0.4,0.183,True,all_dynamic_snr,2.2454,0.7973
157,v3,v11,20.0,20.0,10.0,0.6,0.1,0.2,-3.2247,False,all_dynamic_snr,1.7659,0.5875
157,v3,v4,20.0,20.22,30.0,0.6,0.1011,0.6,-5.7103,True,all_dynamic_snr,1.4115,0.4107
157,v3,v19,20.0,80.0,0.0,0.6,0.4,0.0,-10.4494,True,all_dynamic_snr,0.9311,0.235
157,v3,v8,20.0,100.04,30.0,0.6,0.5002,0.6,-16.8196,True,all_dynamic_snr,0.6188,0.1648
157,v4,v11,40.0,3.0,40.0,1.0,0.015,0.8,26.7743,True,all_dynamic_snr,2.9673,0.9611
157,v4,v3,40.0,20.22,30.0,1.0,0.1011,0.6,14.2897,False,all_dynamic_snr,2.9379,0.9598
157,v4,v15,40.0,30.15,10.0,1.0,0.1507,0.2,13.9232,False,all_dynamic_snr,2.9396,0.9533
157,v4,v19,40.0,100.04,30.0,1.0,0.5002,0.6,3.1804,True,all_dynamic_snr,2.5728,0.8828
157,v4,v8,40.0,120.0,0.0,1.0,0.6,0.0,6.7331,False,all_dynamic_snr,2.7964,0.9406
158,v1,v13,40.0,100.0,10.0,1.0,0.5,0.2,5.5918,False,all_dynamic_snr,2.7403,0.9309
158,v1,v5,40.0,160.0,20.0,1.0,0.8,0.4,0.9171,True,all_dynamic_snr,2.3393,0.81
158,v3,v4,20.0,10.44,10.0,0.6,0.0522,0.2,1.2923,False,all_dynamic_snr,2.3733,0.8215
158,v3,v11,20.0,30.0,10.0,0.6,0.15,0.2,-6.0422,False,all_dynamic_snr,1.3579,0.3918
158,v3,v15,20.0,30.0,0.0,0.6,0.15,0.0,-3.6339,False,all_dynamic_snr,1.6777,0.5459
158,v3,v19,20.0,80.0,20.0,0.6,0.4,0.4,-14.2664,True,all_dynamic_snr,0.7313,0.1826
158,v3,v8,20.0,130.03,40.0,0.6,0.6502,0.8,-19.4167,True,all_dynamic_snr,0.5451,0.1313
158,v4,v3,40.0,10.44,10.0,1.0,0.0522,0.2,21.2923,False,all_dynamic_snr,2.9653,0.9578
158,v4,v15,40.0,20.22,10.0,1.0,0.1011,0.2,16.698,False,all_dynamic_snr,2.9507,0.9607
158,v4,v11,40.0,40.11,0.0,1.0,0.2006,0.0,14.3476,False,all_dynamic_snr,2.94,0.9572
158,v4,v19,40.0,70.06,10.0,1.0,0.3503,0.2,8.0638,False,all_dynamic_snr,2.8416,0.9451
158,v4,v8,40.0,120.0,30.0,1.0,0.6,0.6,1.9166,True,all_dynamic_snr,2.4409,0.8674
159,v1,v13,40.0,110.0,30.0,1.0,0.55,0.6,2.5212,True,all_dynamic_snr,2.5154,0.8863
159,v1,v5,40.0,140.0,0.0,1.0,0.7,0.0,5.662,False,all_dynamic_snr,2.7426,0.9348
159,v3,v11,20.0,20.0,20.0,0.6,0.1,0.4,-4.6334,True,all_dynamic_snr,1.538,0.4578
159,v3,v4,20.0,20.22,20.0,0.6,0.1011,0.4,-4.7108,True,all_dynamic_snr,1.5605,0.4684
159,v3,v15,20.0,30.0,10.0,0.6,0.15,0.2,-6.0422,False,all_dynamic_snr,1.3696,0.3893
159,v3,v19,20.0,100.0,10.0,0.6,0.5,0.2,-14.4082,True,all_dynamic_snr,0.7016,0.1705
159,v3,v7,20.0,150.0,10.0,0.6,0.75,0.2,-17.2257,True,all_dynamic_snr,0.5941,0.1459
159,v4,v15,40.0,10.44,30.0,1.0,0.0522,0.6,18.8841,False,all_dynamic_snr,2.9583,0.9617
159,v4,v3,40.0,20.22,20.0,1.0,0.1011,0.4,15.2892,False,all_dynamic_snr,2.9468,0.9582
159,v4,v11,40.0,40.11,40.0,1.0,0.2006,0.8,8.7558,True,all_dynamic_snr,2.8595,0.9549
159,v4,v19,40.0,80.06,10.0,1.0,0.4003,0.2,7.1374,False,all_dynamic_snr,2.8102,0.9514
159,v4,v8,40.0,150.0,40.0,1.0,0.75,0.8,-0.4092,True,all_dynamic_snr,2.1535,0.7477
160,v1,v13,40.0,80.0,20.0,1.0,0.4,0.4,5.7336,False,all_dynamic_snr,2.7454,0.9371
160,v1,v5,40.0,140.0,0.0,1.0,0.7,0.0,5.662,False,all_dynamic_snr,2.7448,0.9408
160,v1,v6,40.0,190.02,0.0,1.0,0.9501,0.0,3.5391,True,all_dynamic_snr,2.5941,0.8945
160,v3,v15,20.0,20.0,20.0,0.6,0.1,0.4,-4.6334,True,all_dynamic_snr,1.5751,0.4816
160,v3,v11,20.0,40.0,10.0,0.6,0.2,0.2,-8.0412,False,all_dynamic_snr,1.1439,0.2832
160,v3,v4,20.0,40.11,10.0,0.6,0.2006,0.2,-8.0607,False,all_dynamic_snr,1.1455,0.2824
160,v3,v19,20.0,110.0,0.0,0.6,0.55,0.0,-12.6623,True,all_dynamic_snr,0.796,0.1854
160,v3,v7,20.0,140.0,10.0,0.6,0.7,0.2,-16.7463,True,all_dynamic_snr,0.6186,0.1473
160,v4,v15,40.0,20.22,10.0,1.0,0.1011,0.2,16.698,False,all_dynamic_snr,2.9528,0.9574
160,v4,v3,40.0,40.11,10.0,1.0,0.2006,0.2,11.9393,False,all_dynamic_snr,2.9184,0.9598
160,v4,v19,40.0,70.06,10.0,1.0,0.3503,0.2,8.0638,False,all_dynamic_snr,2.8402,0.951
160,v4,v11,40.0,80.06,0.0,1.0,0.4003,0.0,9.5457,False,all_dynamic_snr,2.8778,0.9504
160,v4,v8,40.0,110.0,10.0,1.0,0.55,0.2,4.9295,False,all_dynamic_snr,2.7043,0.9311
10,v1,v2,40.0,20.22,20.0,1.0,0.1011,0.4,15.2892,False,all_direct,15.2577,0.998
10,v1,v5,40.0,110.0,20.0,1.0,0.55,0.4,3.5207,False,all_direct,3.4832,0.9854
10,v1,v6,40.0,190.02,10.0,1.0,0.9501,0.2,1.1308,True,all_direct,1.1008,0.9725
10,v2,v1,20.0,20.22,20.0,0.6,0.1011,0.4,-4.7108,True,all_direct,-4.729,0.8887
10,v2,v5,20.0,130.03,40.0,0.6,0.6502,0.8,-19.4167,True,all_direct,-19.4478,0.2283
10,v3,v4,20.0,50.09,30.0,0.6,0.2504,0.6,-12.0125,True,all_direct,-12.0318,0.5084
10,v3,v7,20.0,100.0,30.0,0.6,0.5,0.6,-16.8165,True,all_direct,-16.8379,0.2977
10,v3,v8,20.0,130.03,10.0,0.6,0.6502,0.2,-16.2332,True,all_direct,-16.2547,0.3063
10,v4,v3,40.0,50.09,30.0,1.0,0.2504,0.6,7.9875,False,all_direct,7.9677,0.9896
10,v4,v7,40.0,50.09,0.0,1.0,0.2504,0.0,12.804,False,all_direct,12.7759,0.9932
10,v4,v8,40.0,80.0,20.0,1.0,0.4,0.4,5.7336,False,all_direct,5.704,0.9863
10,v4,v12,40.0,170.0,20.0,1.0,0.85,0.4,0.4958,True,all_direct,0.4746,0.9721
10,v4,v16,40.0,170.0,20.0,1.0,0.85,0.4,0.4958,True,all_direct,0.45,0.975
11,v1,v2,40.0,3.0,10.0,1.0,0.015,0.2,29.9578,False,all_direct,29.9273,0.998
11,v1,v5,40.0,90.0,10.0,1.0,0.45,0.2,6.3239,False,all_direct,6.3176,0.9893
11,v2,v1,20.0,3.0,10.0,0.6,0.015,0.2,9.9578,False,all_direct,9.9248,0.9922
11,v2,v5,20.0,90.05,20.0,0.6,0.4502,0.4,-15.0887,True,all_direct,-15.1155,0.3412
11,v2,v6,20.0,200.0,0.0,0.6,1.0,0.0,-16.8165,True,all_direct,-16.8359,0.285
11,v3,v4,20.0,80.06,10.0,0.6,0.4003,0.2,-12.8626,True,all_direct,-12.8877,0.4465
11,v3,v7,20.0,130.0,30.0,0.6,0.65,0.6,-18.6396,True,all_direct,-18.6742,0.2238
11,v3,v8,20.0,140.03,20.0,0.6,0.7002,0.4,-18.1566,True,all_direct,-18.1807,0.2686
11,v4,v7,40.0,50.09,20.0,1.0,0.2504,0.4,8.987,False,all_direct,8.956,0.9916
11,v4,v8,40.0,60.0,10.0,1.0,0.3,0.2,9.1413,False,all_direct,9.1024,0.9941
11,v4,v3,40.0,80.06,10.0,1.0,0.4003,0.2,7.1374,False,all_direct,7.1103,0.9883
11,v4,v11,40.0,140.03,30.0,1.0,0.7002,0.6,0.8439,True,all_direct,0.8164,0.9701
11,v4,v12,40.0,190.0,10.0,1.0,0.95,0.2,1.1317,True,all_direct,1.0943,0.9785
12,v1,v2,40.0,10.44,20.0,1.0,0.0522,0.4,19.8836,False,all_direct,19.8569,0.9961
12,v1,v5,40.0,100.0,0.0,1.0,0.5,0.0,8.0,False,all_direct,7.9641,0.9893
12,v1,v6,40.0,190.02,10.0,1.0,0.9501,0.2,1.1308,True,all_direct,1.0975,0.9676
12,v2,v1,20.0,10.44,20.0,0.6,0.0522,0.4,-0.1164,True,all_direct,-0.1359,0.9525
12,v2,v5,20.0,110.04,20.0,0.6,0.5502,0.4,-16.4818,True,all_direct,-16.5152,0.2975
12,v2,v6,20.0,200.0,10.0,0.6,1.0,0.2,-19.2247,True,all_direct,-19.257,0.2105
12,v3,v4,20.0,70.06,0.0,0.6,0.3503,0.0,-9.5279,True,all_direct,-9.5515,0.6428
12,v3,v7,20.0,100.0,20.0,0.6,0.5,0.4,-15.817,True,all_direct,-15.8583,0.3211
12,v3,v8,20.0,120.04,20.0,0.6,0.6002,0.4,-17.086,True,all_direct,-17.1029,0.267
12,v3,v11,20.0,180.0,10.0,0.6,0.9,0.2,-18.4926,True,all_direct,-18.5204,0.2633
12,v4,v7,40.0,30.15,20.0,1.0,0.1507,0.4,12.5145,False,all_direct,12.5002,0.9961
12,v4,v8,40.0,50.0,20.0,1.0,0.25,0.4,8.9995,False,all_direct,8.9667,0.9941
12,v4,v3,40.0,70.06,0.0,1.0,0.3503,0.0,10.4721,False,all_direct,10.4548,0.9941
12,v4,v11,40.0,110.04,10.0,1.0,0.5502,0.2,4.9269,False,all_direct,4.9103,0.9857
12,v4,v12,40.0,180.0,10.0,1.0,0.9,0.2,1.5074,True,all_direct,1.4891,0.9699
13,v1,v2,40.0,30.15,10.0,1.0,0.1507,0.2,13.9232,False,all_direct,13.9081,0.9961
13,v1,v5,40.0,100.0,30.0,1.0,0.5,0.6,3.1835,True,all_direct,3.1549,0.9834
13,v1,v6,40.0,180.02,0.0,1.0,0.9001,0.0,3.9147,True,all_direct,3.8877,0.9871
13,v2,v1,20.0,30.15,10.0,0.6,0.1507,0.2,-6.0768,False,all_direct,-6.1088,0.8289
13,v2,v5,20.0,130.03,20.0,0.6,0.6502,0.4,-17.6419,True,all_direct,-17.6681,0.2527
13,v3,v4,20.0,70.06,10.0,0.6,0.3503,0.2,-11.9362,True,all_direct,-11.961,0.5064
13,v3,v7,20.0,120.0,10.0,0.6,0.6,0.2,-15.6751,True,all_direct,-15.693,0.3344
13,v3,v8,20.0,140.03,20.0,0.6,0.7002,0.4,-18.1566,True,all_direct,-18.1694,0.2326
13,v3,v11,20.0,190.0,10.0,0.6,0.95,0.2,-18.8683,True,all_direct,-18.8877,0.2256
13,v4,v7,40.0,50.09,20.0,1.0,0.2504,0.4,8.987,False,all_direct,8.9623,0.9951
13,v4,v8,40.0,70.0,10.0,1.0,0.35,0.2,8.0702,False,all_direct,8.046,0.9912
13,v4,v3,40.0,70.06,10.0,1.0,0.3503,0.2,8.0638,False,all_direct,8.0449,0.9941
13,v4,v11,40.0,120.04,0.0,1.0,0.6002,0.0,6.7309,False,all_direct,6.6985,0.9922
13,v4,v12,40.0,170.0,0.0,1.0,0.85,0.0,4.3128,True,all_direct,4.2776,0.9857
14,v1,v2,40.0,20.22,30.0,1.0,0.1011,0.6,14.2897,False,all_direct,14.2626,0.9971
14,v1,v5,40.0,130.0,30.0,1.0,0.65,0.6,1.3604,True,all_direct,1.3303,0.9779
14,v1,v6,40.0,180.02,40.0,1.0,0.9001,0.8,-1.6771,True,all_direct,-1.6934,0.9506
14,v2,v1,20.0,20.22,30.0,0.6,0.1011,0.6,-5.7103,True,all_direct,-5.7383,0.8393
14,v2,v5,20.0,150.03,0.0,0.6,0.7501,0.0,-14.8188,True,all_direct,-14.8508,0.3693
14,v2,v6,20.0,200.0,10.0,0.6,1.0,0.2,-19.2247,True,all_direct,-19.2454,0.2164
14,v3,v4,20.0,80.06,10.0,0.6,0.4003,0.2,-12.8626,True,all_direct,-12.8924,0.4439
14,v3,v7,20.0,110.0,10.0,0.6,0.55,0.2,-15.0705,True,all_direct,-15.0916,0.3334
14,v3,v8,20.0,160.03,10.0,0.6,0.8001,0.2,-17.6754,True,all_direct,-17.7018,0.2512
14,v3,v11,20.0,200.0,10.0,0.6,1.0,0.2,-19.2247,True,all_direct,-19.2455,0.1984
14,v4,v7,40.0,30.15,20.0,1.0,0.1507,0.4,12.5145,False,all_direct,12.4866,0.9932
14,v4,v8,40.0,80.0,0.0,1.0,0.4,0.0,9.5506,False,all_direct,9.529,0.9951
14,v4,v3,40.0,80.06,10.0,1.0,0.4003,0.2,7.1374,False,all_direct,7.1154,0.9912
14,v4,v11,40.0,120.04,0.0,1.0,0.6002,0.0,6.7309,False,all_direct,6.7133,0.9922
14,v4,v12,40.0,170.0,20.0,1.0,0.85,0.4,0.4958,True,all_direct,0.472,0.9676
15,v1,v2,40.0,50.09,20.0,1.0,0.2504,0.4,8.987,False,all_direct,8.9607,0.9922
15,v1,v5,40.0,100.0,10.0,1.0,0.5,0.2,5.5918,False,all_direct,5.5645,0.9887
15,v1,v6,40.0,140.03,10.0,1.0,0.7002,0.2,3.2521,False,all_direct,3.2178,0.977
15,v2,v1,20.0,50.09,20.0,0.6,0.2504,0.4,-11.013,True,all_direct,-11.0353,0.5563
15,v2,v5,20.0,150.03,10.0,0.6,0.7501,0.2,-17.2271,True,all_direct,-17.2602,0.2777
15,v2,v6,20.0,190.0,30.0,0.6,0.95,0.6,-21.2765,True,all_direct,-21.3063,0.1777
15,v3,v4,20.0,70.06,30.0,0.6,0.3503,0.6,-14.3444,True,all_direct,-14.3642,0.3432
15,v3,v7,20.0,120.0,20.0,0.6,0.6,0.4,-17.0839,True,all_direct,-17.1063,0.2527
15,v3,v8,20.0,150.03,10.0,0.6,0.7501,0.2,-17.2271,True,all_direct,-17.2389,0.2771
15,v3,v11,20.0,190.0,10.0,0.6,0.95,0.2,-18.8683,True,all_direct,-18.895,0.226
15,v4,v7,40.0,50.09,10.0,1.0,0.2504,0.2,10.3958,False,all_direct,10.3681,0.9932
15,v4,v3,40.0,70.06,30.0,1.0,0.3503,0.6,5.6556,False,all_direct,5.629,0.9842
15,v4,v8,40.0,80.0,40.0,1.0,0.4,0.8,3.9588,True,all_direct,3.9199,0.9896
15,v4,v11,40.0,120.04,40.0,1.0,0.6002,0.8,1.1392,True,all_direct,1.1069,0.9715
15,v4,v12,40.0,190.0,40.0,1.0,0.95,0.8,-2.0518,True,all_direct,-2.079,0.9498
16,v1,v2,40.0,30.15,0.0,1.0,0.1507,0.0,16.3315,False,all_direct,16.3071,0.9961
16,v1,v5,40.0,110.0,20.0,1.0,0.55,0.4,3.5207,False,all_direct,3.4938,0.9863
16,v1,v6,40.0,130.03,10.0,1.0,0.6502,0.2,3.7668,False,all_direct,3.7422,0.9805
16,v2,v1,20.0,30.15,0.0,0.6,0.1507,0.0,-3.6685,False,all_direct,-3.6978,0.9105
16,v2,v5,20.0,140.03,20.0,0.6,0.7002,0.4,-18.1566,True,all_direct,-18.186,0.241
16,v2,v6,20.0,160.0,10.0,0.6,0.8,0.2,-17.6742,True,all_direct,-17.7022,0.2543
16,v3,v4,20.0,100.04,40.0,0.6,0.5002,0.8,-17.5949,True,all_direct,-17.6181,0.2709
16,v3,v7,20.0,140.0,0.0,0.6,0.7,0.0,-14.338,True,all_direct,-14.3532,0.3986
16,v3,v8,20.0,140.03,0.0,0.6,0.7002,0.0,-14.3396,True,all_direct,-14.3633,0.3756
16,v3,v11,20.0,180.0,10.0,0.6,0.9,0.2,-18.4926,True,all_direct,-18.5231,0.234
16,v4,v8,40.0,40.0,40.0,1.0,0.2,0.8,8.7753,True,all_direct,8.7526,0.9926
16,v4,v7,40.0,40.11,40.0,1.0,0.2006,0.8,8.7558,True,all_direct,8.7252,0.9912
16,v4,v11,40.0,80.06,30.0,1.0,0.4003,0.6,4.7292,False,all_direct,4.7078,0.9844
16,v4,v3,40.0,100.04,40.0,1.0,0.5002,0.8,2.4051,True,all_direct,2.3626,0.977
16,v4,v12,40.0,150.0,40.0,1.0,0.75,0.8,-0.4092,True,all_direct,-0.4324,0.9668
17,v1,v2,40.0,30.15,40.0,1.0,0.1507,0.8,10.7397,True,all_direct,10.723,0.9926
17,v1,v5,40.0,130.0,30.0,1.0,0.65,0.6,1.3604,True,all_direct,1.3342,0.9725
17,v1,v6,40.0,140.03,40.0,1.0,0.7002,0.8,0.0686,True,all_direct,0.0442,0.9656
17,v2,v1,20.0,30.15,40.0,0.6,0.1507,0.8,-9.2603,True,all_direct,-9.2957,0.6365
17,v2,v5,20.0,160.03,10.0,0.6,0.8001,0.2,-17.6754,True,all_direct,-17.7053,0.2645
17,v2,v6,20.0,170.0,0.0,0.6,0.85,0.0,-15.6872,True,all_direct,-15.711,0.3314
17,v3,v4,20.0,60.07,0.0,0.6,0.3004,0.0,-8.4591,True,all_direct,-8.4713,0.6957
17,v3,v7,20.0,140.0,0.0,0.6,0.7,0.0,-14.338,True,all_direct,-14.3548,0.3785
17,v3,v8,20.0,140.03,10.0,0.6,0.7002,0.2,-16.7479,True,all_direct,-16.7778,0.2891
17,v3,v11,20.0,170.0,20.0,0.6,0.85,0.4,-19.5042,True,all_direct,-19.5154,0.2088
17,v4,v3,40.0,60.07,0.0,1.0,0.3004,0.0,11.5409,False,all_direct,11.5247,0.9971
17,v4,v8,40.0,80.0,10.0,1.0,0.4,0.2,7.1423,False,all_direct,7.1154,0.9857
17,v4,v7,40.0,80.06,0.0,1.0,0.4003,0.0,9.5457,False,all_direct,9.5301,0.9902
17,v4,v11,40.0,110.04,20.0,1.0,0.5502,0.4,3.5182,False,all_direct,3.495,0.9857
17,v4,v12,40.0,190.0,0.0,1.0,0.95,0.0,3.5399,True,all_direct,3.5083,0.9848
18,v1,v2,40.0,70.06,10.0,1.0,0.3503,0.2,8.0638,False,all_direct,8.0377,0.9951
18,v1,v5,40.0,100.0,30.0,1.0,0.5,0.6,3.1835,True,all_direct,3.1539,0.9824
18,v1,v6,40.0,100.04,40.0,1.0,0.5002,0.8,2.4051,True,all_direct,2.3773,0.9834
18,v2,v1,20.0,70.06,10.0,0.6,0.3503,0.2,-11.9362,True,all_direct,-11.9496,0.485
18,v2,v6,20.0,170.0,30.0,0.6,0.85,0.6,-20.5037,True,all_direct,-20.5373,0.1982
18,v2,v5,20.0,170.03,20.0,0.6,0.8501,0.4,-19.5052,True,all_direct,-19.5346,0.2186
18,v3,v4,20.0,60.07,10.0,0.6,0.3004,0.2,-10.8673,True,all_direct,-10.9096,0.5727
18,v3,v8,20.0,130.03,0.0,0.6,0.6502,0.0,-13.8249,True,all_direct,-13.8669,0.3943
18,v3,v7,20.0,140.0,20.0,0.6,0.7,0.4,-18.155,True,all_direct,-18.1827,0.2604
18,v3,v11,20.0,150.0,10.0,0.6,0.75,0.2,-17.2257,True,all_direct,-17.2624,0.2697
18,v4,v3,40.0,60.07,10.0,1.0,0.3004,0.2,9.1327,False,all_direct,9.1016,0.9951
18,v4,v8,40.0,70.0,10.0,1.0,0.35,0.2,8.0702,False,all_direct,8.0487,0.9951
18,v4,v7,40.0,80.06,10.0,1.0,0.4003,0.2,7.1374,False,all_direct,7.1084,0.9873
18,v4,v11,40.0,90.05,0.0,1.0,0.4502,0.0,8.7283,False,all_direct,8.7095,0.9912
18,v4,v12,40.0,190.0,30.0,1.0,0.95,0.6,-1.2765,True,all_direct,-1.303,0.9623
19,v1,v2,40.0,60.07,20.0,1.0,0.3004,0.4,7.7239,False,all_direct,7.6975,0.9922
19,v1,v5,40.0,130.0,0.0,1.0,0.65,0.0,6.1769,False,all_direct,6.1481,0.9887
19,v1,v6,40.0,140.03,10.0,1.0,0.7002,0.2,3.2521,False,all_direct,3.2311,0.9857
19,v2,v1,20.0,60.07,20.0,0.6,0.3004,0.4,-12.2761,True,all_direct,-12.2938,0.4875
19,v2,v5,20.0,190.02,20.0,0.6,0.9501,0.4,-20.2779,True,all_direct,-20.3108,0.1949
19,v2,v6,20.0,200.0,30.0,0.6,1.0,0.6,-21.633,True,all_direct,-21.6614,0.1951
19,v3,v4,20.0,50.09,30.0,0.6,0.2504,0.6,-12.0125,True,all_direct,-12.0436,0.4768
19,v3,v7,20.0,120.0,30.0,0.6,0.6,0.6,-18.0834,True,all_direct,-18.1133,0.2705
19,v3,v8,20.0,130.03,0.0,0.6,0.6502,0.0,-13.8249,True,all_direct,-13.8495,0.4043
19,v3,v11,20.0,140.0,0.0,0.6,0.7,0.0,-14.338,True,all_direct,-14.35,0.3879
19,v4,v3,40.0,50.09,30.0,1.0,0.2504,0.6,7.9875,False,all_direct,7.9615,0.9912
19,v4,v7,40.0,70.06,0.0,1.0,0.3503,0.0,10.4721,False,all_direct,10.451,0.9936
19,v4,v8,40.0,80.0,30.0,1.0,0.4,0.6,4.7341,False,all_direct,4.7028,0.9838
19,v4,v11,40.0,90.05,30.0,1.0,0.4502,0.6,3.9118,True,all_direct,3.8961,0.9824
19,v4,v12,40.0,160.0,20.0,1.0,0.8,0.4,0.9171,True,all_direct,0.8771,0.9666
20,v1,v2,40.0,40.11,0.0,1.0,0.2006,0.0,14.3476,False,all_direct,14.3354,0.9922
20,v1,v5,40.0,130.0,30.0,1.0,0.65,0.6,1.3604,True,all_direct,1.3322,0.9854
20,v1,v6,40.0,130.03,30.0,1.0,0.6502,0.6,1.3586,True,all_direct,1.3348,0.9676
20,v2,v1,20.0,40.11,0.0,0.6,0.2006,0.0,-5.6524,False,all_direct,-5.6752,0.8324
20,v2,v6,20.0,170.0,30.0,0.6,0.85,0.6,-20.5037,True,all_direct,-20.5285,0.2031
20,v2,v5,20.0,170.03,30.0,0.6,0.8501,0.6,-20.5047,True,all_direct,-20.5411,0.1938
20,v3,v4,20.0,80.06,30.0,0.6,0.4003,0.6,-15.2708,True,all_direct,-15.3113,0.349
20,v3,v8,20.0,130.03,10.0,0.6,0.6502,0.2,-16.2332,True,all_direct,-16.264,0.2955
20,v3,v11,20.0,140.0,20.0,0.6,0.7,0.4,-18.155,True,all_direct,-18.1737,0.2789
20,v3,v7,20.0,150.0,0.0,0.6,0.75,0.0,-14.8175,True,all_direct,-14.8419,0.3441
20,v4,v8,40.0,50.0,20.0,1.0,0.25,0.4,8.9995,False,all_direct,8.9656,0.9922
20,v4,v11,40.0,60.07,10.0,1.0,0.3004,0.2,9.1327,False,all_direct,9.1024,0.9961
20,v4,v7,40.0,70.06,30.0,1.0,0.3503,0.6,5.6556,False,all_direct,5.6351,0.9912
20,v4,v3,40.0,80.06,30.0,1.0,0.4003,0.6,4.7292,False,all_direct,4.6983,0.9834
20,v4,v12,40.0,140.0,10.0,1.0,0.7,0.2,3.2537,False,all_direct,3.2375,0.9828
21,v1,v2,40.0,40.11,30.0,1.0,0.2006,0.6,9.5311,False,all_direct,9.512,0.9951
21,v1,v5,40.0,160.0,0.0,1.0,0.8,0.0,4.7341,True,all_direct,4.7142,0.9881
21,v1,v6,40.0,160.03,40.0,1.0,0.8001,0.8,-0.8589,True,all_direct,-0.8921,0.957
21,v2,v1,20.0,40.11,30.0,0.6,0.2006,0.6,-10.4689,True,all_direct,-10.5007,0.5697
21,v2,v6,20.0,200.0,10.0,0.6,1.0,0.2,-19.2247,True,all_direct,-19.2538,0.2031
21,v3,v4,20.0,110.04,40.0,0.6,0.5502,0.8,-18.2566,True,all_direct,-18.2851,0.2465
21,v3,v8,20.0,140.03,40.0,0.6,0.7002,0.8,-19.9314,True,all_direct,-19.9516,0.2299
21,v3,v7,20.0,150.0,40.0,0.6,0.75,0.8,-20.4092,True,all_direct,-20.4314,0.2176
21,v3,v11,20.0,160.0,10.0,0.6,0.8,0.2,-17.6742,True,all_direct,-17.7173,0.2744
21,v4,v8,40.0,30.0,0.0,1.0,0.15,0.0,16.3661,False,all_direct,16.3569,0.9951
21,v4,v7,40.0,40.11,0.0,1.0,0.2006,0.0,14.3476,False,all_direct,14.3108,0.9926
21,v4,v11,40.0,50.09,30.0,1.0,0.2504,0.6,7.9875,False,all_direct,7.962,0.9877
21,v4,v3,40.0,110.04,40.0,1.0,0.5502,0.8,1.7434,True,all_direct,1.7139,0.9688
21,v4,v12,40.0,130.0,30.0,1.0,0.65,0.6,1.3604,True,all_direct,1.3424,0.9828
22,v1,v2,40.0,70.06,10.0,1.0,0.3503,0.2,8.0638,False,all_direct,8.0472,0.9912
22,v1,v6,40.0,120.04,10.0,1.0,0.6002,0.2,4.3227,False,all_direct,4.2893,0.9902
22,v1,v5,40.0,160.0,20.0,1.0,0.8,0.4,0.9171,True,all_direct,0.8856,0.9711
22,v2,v1,20.0,70.06,10.0,0.6,0.3503,0.2,-11.9362,True,all_direct,-11.957,0.5025
22,v2,v6,20.0,190.0,0.0,0.6,0.95,0.0,-16.4601,True,all_direct,-16.478,0.2857
22,v3,v4,20.0,150.03,10.0,0.6,0.7501,0.2,-17.2271,True,all_direct,-17.2535,0.2383
22,v3,v11,20.0,170.0,20.0,0.6,0.85,0.4,-19.5042,True,all_direct,-19.5408,0.2252
22,v3,v8,20.0,180.02,10.0,0.6,0.9001,0.2,-18.4936,True,all_direct,-18.5057,0.257
22,v3,v7,20.0,190.0,10.0,0.6,0.95,0.2,-18.8683,True,all_direct,-18.8852,0.2359
22,v4,v11,40.0,20.22,30.0,1.0,0.1011,0.6,14.2897,False,all_direct,14.2522,0.9932
22,v4,v8,40.0,30.0,20.0,1.0,0.15,0.4,12.5491,False,all_direct,12.5192,0.998
22,v4,v7,40.0,40.11,20.0,1.0,0.2006,0.4,10.5306,False,all_direct,10.4957,0.9916
22,v4,v12,40.0,100.0,10.0,1.0,0.5,0.2,5.5918,False,all_direct,5.5645,0.9848
22,v4,v3,40.0,150.03,10.0,1.0,0.7501,0.2,2.7729,False,all_direct,2.7448,0.9779
23,v1,v2,40.0,80.06,30.0,1.0,0.4003,0.6,4.7292,False,all_direct,4.7052,0.9883
23,v1,v6,40.0,110.04,30.0,1.0,0.5502,0.6,2.5187,True,all_direct,2.4982,0.9893
23,v1,v5,40.0,140.0,40.0,1.0,0.7,0.8,0.0702,True,all_direct,0.0422,0.9617
23,v2,v1,20.0,80.06,30.0,0.6,0.4003,0.6,-15.2708,True,all_direct,-15.2868,0.3662
23,v2,v6,20.0,190.0,0.0,0.6,0.95,0.0,-16.4601,True,all_direct,-16.4846,0.3068
23,v3,v4,20.0,140.03,40.0,0.6,0.7002,0.8,-19.9314,True,all_direct,-19.9519,0.2391
23,v3,v11,20.0,190.0,30.0,0.6,0.95,0.6,-21.2765,True,all_direct,-21.3043,0.1953
23,v3,v8,20.0,190.02,40.0,0.6,0.9501,0.8,-22.0527,True,all_direct,-22.0836,0.1875
23,v3,v7,20.0,200.0,0.0,0.6,1.0,0.0,-16.8165,True,all_direct,-16.8422,0.2736
23,v4,v8,40.0,50.0,0.0,1.0,0.25,0.0,12.8165,False,all_direct,12.7941,0.9941
23,v4,v11,40.0,50.09,10.0,1.0,0.2504,0.2,10.3958,False,all_direct,10.3681,0.9961
23,v4,v7,40.0,60.07,40.0,1.0,0.3004,0.8,5.9491,True,all_direct,5.9221,0.9902
23,v4,v12,40.0,90.0,40.0,1.0,0.45,0.8,3.1404,True,all_direct,3.1195,0.9775
23,v4,v3,40.0,140.03,40.0,1.0,0.7002,0.8,0.0686,True,all_direct,0.0394,0.9686
24,v1,v2,40.0,50.09,0.0,1.0,0.2504,0.0,12.804,False,all_direct,12.7721,0.9961
24,v1,v6,40.0,140.03,30.0,1.0,0.7002,0.6,0.8439,True,all_direct,0.826,0.9725
24,v1,v5,40.0,180.0,20.0,1.0,0.9,0.4,0.0987,True,all_direct,0.0671,0.9656
24,v2,v1,20.0,50.09,0.0,0.6,0.2504,0.0,-7.196,False,all_direct,-7.2188,0.7539
24,v2,v6,20.0,190.0,30.0,0.6,0.95,0.6,-21.2765,True,all_direct,-21.3012,0.201
24,v3,v4,20.0,100.04,20.0,0.6,0.5002,0.4,-15.8201,True,all_direct,-15.8438,0.3352
24,v3,v8,20.0,150.03,30.0,0.6,0.7501,0.6,-19.6353,True,all_direct,-19.6635,0.1992
24,v3,v11,20.0,160.0,30.0,0.6,0.8,0.6,-20.0824,True,all_direct,-20.1066,0.2107
24,v3,v7,20.0,200.0,20.0,0.6,1.0,0.4,-20.6334,True,all_direct,-20.6555,0.2197
24,v4,v8,40.0,50.0,10.0,1.0,0.25,0.2,10.4082,False,all_direct,10.3834,0.9922
24,v4,v11,40.0,60.07,10.0,1.0,0.3004,0.2,9.1327,False,all_direct,9.107,0.9951
24,v4,v3,40.0,100.04,20.0,1.0,0.5002,0.4,4.1799,False,all_direct,4.1404,0.9887
24,v4,v7,40.0,100.04,0.0,1.0,0.5002,0.0,7.9969,False,all_direct,7.976,0.9941
24,v4,v12,40.0,130.0,0.0,1.0,0.65,0.0,6.1769,False,all_direct,6.1464,0.9893
25,v1,v2,40.0,50.09,40.0,1.0,0.2504,0.8,7.2122,True,all_direct,7.2045,0.9883
25,v1,v6,40.0,170.03,10.0,1.0,0.8501,0.2,1.9035,True,all_direct,1.8731,0.977
25,v1,v5,40.0,200.0,20.0,1.0,1.0,0.4,-0.6334,True,all_direct,-0.6525,0.9646
25,v2,v1,20.0,50.09,40.0,0.6,0.2504,0.8,-12.7878,True,all_direct,-12.8153,0.4727
25,v3,v4,20.0,120.04,30.0,0.6,0.6002,0.6,-18.0856,True,all_direct,-18.1033,0.2639
25,v3,v8,20.0,180.02,10.0,0.6,0.9001,0.2,-18.4936,True,all_direct,-18.5097,0.2607
25,v3,v11,20.0,190.0,10.0,0.6,0.95,0.2,-18.8683,True,all_direct,-18.8918,0.2391
25,v4,v8,40.0,60.0,40.0,1.0,0.3,0.8,5.9578,True,all_direct,5.9301,0.9873
25,v4,v11,40.0,70.06,20.0,1.0,0.3503,0.4,6.6551,False,all_direct,6.6331,0.9916
25,v4,v7,40.0,100.04,20.0,1.0,0.5002,0.4,4.1799,False,all_direct,4.1458,0.9854
25,v4,v3,40.0,120.04,30.0,1.0,0.6002,0.6,1.9144,True,all_direct,1.8855,0.9766
25,v4,v12,40.0,130.0,30.0,1.0,0.65,0.6,1.3604,True,all_direct,1.3239,0.9744
26,v1,v2,40.0,90.05,10.0,1.0,0.4502,0.2,6.32,False,all_direct,6.289,0.9873
26,v1,v6,40.0,160.03,40.0,1.0,0.8001,0.8,-0.8589,True,all_direct,-0.8819,0.951
26,v1,v5,40.0,180.0,0.0,1.0,0.9,0.0,3.9156,True,all_direct,3.8811,0.9863
26,v2,v1,20.0,90.05,10.0,0.6,0.4502,0.2,-13.68,True,all_direct,-13.7153,0.4012
26,v3,v4,20.0,90.05,20.0,0.6,0.4502,0.4,-15.0887,True,all_direct,-15.1145,0.3615
26,v3,v11,20.0,180.0,10.0,0.6,0.9,0.2,-18.4926,True,all_direct,-18.5175,0.2416
26,v3,v8,20.0,190.02,0.0,0.6,0.9501,0.0,-16.4609,True,all_direct,-16.4768,0.2955
26,v4,v3,40.0,90.05,20.0,1.0,0.4502,0.4,4.9113,False,all_direct,4.8834,0.9842
26,v4,v11,40.0,90.05,10.0,1.0,0.4502,0.2,6.32,False,all_direct,6.2896,0.9896
26,v4,v8,40.0,100.0,20.0,1.0,0.5,0.4,4.183,False,all_direct,4.1505,0.9828
26,v4,v7,40.0,120.04,10.0,1.0,0.6002,0.2,4.3227,False,all_direct,4.2954,0.9873
26,v4,v12,40.0,160.0,20.0,1.0,0.8,0.4,0.9171,True,all_direct,0.8874,0.9721
27,v1,v2,40.0,100.04,20.0,1.0,0.5002,0.4,4.1799,False,all_direct,4.1532,0.9893
27,v1,v6,40.0,120.04,0.0,1.0,0.6002,0.0,6.7309,False,all_direct,6.7033,0.9912
27,v1,v5,40.0,180.0,10.0,1.0,0.9,0.2,1.5074,True,all_direct,1.4818,0.9746
27,v2,v1,20.0,100.04,20.0,0.6,0.5002,0.4,-15.8201,True,all_direct,-15.8385,0.3203
27,v3,v4,20.0,110.04,20.0,0.6,0.5502,0.4,-16.4818,True,all_direct,-16.5117,0.3027
27,v3,v11,20.0,190.0,40.0,0.6,0.95,0.8,-22.0518,True,all_direct,-22.0815,0.1678
27,v3,v8,20.0,190.02,30.0,0.6,0.9501,0.6,-21.2774,True,all_direct,-21.2978,0.1967
27,v4,v8,40.0,80.0,10.0,1.0,0.4,0.2,7.1423,False,all_direct,7.1257,0.9906
27,v4,v11,40.0,80.06,20.0,1.0,0.4003,0.4,5.7287,False,all_direct,5.7051,0.9848
27,v4,v3,40.0,110.04,20.0,1.0,0.5502,0.4,3.5182,False,all_direct,3.4867,0.9883
27,v4,v7,40.0,110.04,10.0,1.0,0.5502,0.2,4.9269,False,all_direct,4.906,0.9814
27,v4,v12,40.0,140.0,20.0,1.0,0.7,0.4,1.845,True,all_direct,1.8202,0.9721
28,v1,v2,40.0,80.06,20.0,1.0,0.4003,0.4,5.7287,False,all_direct,5.6932,0.9887
28,v1,v6,40.0,120.04,10.0,1.0,0.6002,0.2,4.3227,False,all_direct,4.2951,0.9824
28,v1,v5,40.0,190.0,10.0,1.0,0.95,0.2,1.1317,True,all_direct,1.1078,0.9711
28,v2,v1,20.0,80.06,20.0,0.6,0.4003,0.4,-14.2713,True,all_direct,-14.2918,0.3604
28,v2,v6,20.0,200.0,10.0,0.6,1.0,0.2,-19.2247,True,all_direct,-19.2558,0.2266
28,v3,v4,20.0,90.05,10.0,0.6,0.4502,0.2,-13.68,True,all_direct,-13.701,0.432
28,v3,v11,20.0,150.0,10.0,0.6,0.75,0.2,-17.2257,True,all_direct,-17.2644,0.2801
28,v3,v8,20.0,160.03,10.0,0.6,0.8001,0.2,-17.6754,True,all_direct,-17.7117,0.2672
28,v4,v11,40.0,60.07,0.0,1.0,0.3004,0.0,11.5409,False,all_direct,11.5075,0.9941
28,v4,v8,40.0,70.0,20.0,1.0,0.35,0.4,6.6615,False,all_direct,6.6457,0.9912
28,v4,v3,40.0,90.05,10.0,1.0,0.4502,0.2,6.32,False,all_direct,6.2913,0.9863
28,v4,v7,40.0,120.04,0.0,1.0,0.6002,0.0,6.7309,False,all_direct,6.6936,0.9902
28,v4,v12,40.0,160.0,20.0,1.0,0.8,0.4,0.9171,True,all_direct,0.8862,0.9689
29,v1,v2,40.0,100.04,10.0,1.0,0.5002,0.2,5.5886,False,all_direct,5.569,0.9857
29,v1,v6,40.0,110.04,20.0,1.0,0.5502,0.4,3.5182,False,all_direct,3.5053,0.9838
29,v1,v5,40.0,180.0,10.0,1.0,0.9,0.2,1.5074,True,all_direct,1.4813,0.976
29,v2,v1,20.0,100.04,10.0,0.6,0.5002,0.2,-14.4114,True,all_direct,-14.4291,0.3836
29,v3,v4,20.0,100.04,10.0,0.6,0.5002,0.2,-14.4114,True,all_direct,-14.4294,0.3705
29,v3,v8,20.0,150.03,20.0,0.6,0.7501,0.4,-18.6358,True,all_direct,-18.6768,0.2328
29,v3,v11,20.0,160.0,10.0,0.6,0.8,0.2,-17.6742,True,all_direct,-17.7033,0.2506
29,v4,v8,40.0,50.0,30.0,1.0,0.25,0.6,8.0,False,all_direct,7.9569,0.9951
29,v4,v11,40.0,60.07,0.0,1.0,0.3004,0.0,11.5409,False,all_direct,11.516,0.9961
29,v4,v3,40.0,100.04,10.0,1.0,0.5002,0.2,5.5886,False,all_direct,5.5619,0.9883
29,v4,v7,40.0,120.04,20.0,1.0,0.6002,0.4,2.914,False,all_direct,2.8926,0.977
29,v4,v12,40.0,140.0,20.0,1.0,0.7,0.4,1.845,True,all_direct,1.821,0.9863
30,v1,v6,40.0,90.05,10.0,1.0,0.4502,0.2,6.32,False,all_direct,6.2931,0.9887
30,v1,v2,40.0,110.04,10.0,1.0,0.5502,0.2,4.9269,False,all_direct,4.8962,0.9824
30,v1,v5,40.0,170.0,10.0,1.0,0.85,0.2,1.9046,True,all_direct,1.8783,0.9814
30,v2,v1,20.0,110.04,10.0,0.6,0.5502,0.2,-15.0731,True,all_direct,-15.1026,0.3355
30,v2,v6,20.0,200.0,0.0,0.6,1.0,0.0,-16.8165,True,all_direct,-16.8221,0.2842
30,v3,v4,20.0,90.05,20.0,0.6,0.4502,0.4,-15.0887,True,all_direct,-15.1124,0.3365
30,v3,v11,20.0,150.0,20.0,0.6,0.75,0.4,-18.6344,True,all_direct,-18.6604,0.2168
30,v3,v8,20.0,170.03,10.0,0.6,0.8501,0.2,-18.0965,True,all_direct,-18.1247,0.2545
30,v4,v11,40.0,60.07,0.0,1.0,0.3004,0.0,11.5409,False,all_direct,11.5166,0.9951
30,v4,v8,40.0,80.0,30.0,1.0,0.4,0.6,4.7341,False,all_direct,4.7186,0.9824
30,v4,v3,40.0,90.05,20.0,1.0,0.4502,0.4,4.9113,False,all_direct,4.8849,0.9896
30,v4,v7,40.0,140.03,40.0,1.0,0.7002,0.8,0.0686,True,all_direct,0.0497,0.9629
30,v4,v12,40.0,160.0,0.0,1.0,0.8,0.0,4.7341,True,all_direct,4.7206,0.9873
31,v1,v2,40.0,100.04,0.0,1.0,0.5002,0.0,7.9969,False,all_direct,7.9742,0.9912
31,v1,v6,40.0,100.04,20.0,1.0,0.5002,0.4,4.1799,False,all_direct,4.1638,0.9857
31,v1,v5,40.0,180.0,20.0,1.0,0.9,0.4,0.0987,True,all_direct,0.0641,0.9695
31,v2,v1,20.0,100.04,0.0,0.6,0.5002,0.0,-12.0031,True,all_direct,-12.0184,0.5084
31,v2,v6,20.0,200.0,20.0,0.6,1.0,0.4,-20.6334,True,all_direct,-20.6742,0.2305
31,v3,v4,20.0,110.04,10.0,0.6,0.5502,0.2,-15.0731,True,all_direct,-15.1051,0.3623
31,v3,v8,20.0,160.03,10.0,0.6,0.8001,0.2,-17.6754,True,all_direct,-17.7007,0.2656
31,v3,v11,20.0,170.0,30.0,0.6,0.85,0.6,-20.5037,True,all_direct,-20.5444,0.2203
31,v4,v8,40.0,50.0,0.0,1.0,0.25,0.0,12.8165,False,all_direct,12.7987,0.9961
31,v4,v11,40.0,60.07,40.0,1.0,0.3004,0.8,5.9491,True,all_direct,5.9278,0.9932
31,v4,v7,40.0,100.04,10.0,1.0,0.5002,0.2,5.5886,False,all_direct,5.573,0.9857
31,v4,v3,40.0,110.04,10.0,1.0,0.5502,0.2,4.9269,False,all_direct,4.9055,0.99
31,v4,v12,40.0,160.0,10.0,1.0,0.8,0.2,2.3258,True,all_direct,2.297,0.9805
32,v1,v2,40.0,100.04,20.0,1.0,0.5002,0.4,4.1799,False,all_direct,4.1409,0.9838
32,v1,v6,40.0,120.04,20.0,1.0,0.6002,0.4,2.914,False,all_direct,2.8853,0.9793
32,v1,v5,40.0,160.0,0.0,1.0,0.8,0.0,4.7341,True,all_direct,4.7057,0.9828
32,v2,v1,20.0,100.04,20.0,0.6,0.5002,0.4,-15.8201,True,all_direct,-15.8615,0.3039
32,v3,v4,20.0,100.04,20.0,0.6,0.5002,0.4,-15.8201,True,all_direct,-15.8397,0.3328
32,v3,v8,20.0,150.03,20.0,0.6,0.7501,0.4,-18.6358,True,all_direct,-18.6651,0.2355
32,v3,v11,20.0,200.0,40.0,0.6,1.0,0.8,-22.4082,True,all_direct,-22.4275,0.1721
32,v4,v8,40.0,50.0,0.0,1.0,0.25,0.0,12.8165,False,all_direct,12.795,0.9971
32,v4,v3,40.0,100.04,20.0,1.0,0.5002,0.4,4.1799,False,all_direct,4.1472,0.9828
32,v4,v11,40.0,100.04,20.0,1.0,0.5002,0.4,4.1799,False,all_direct,4.1515,0.9812
32,v4,v7,40.0,110.04,10.0,1.0,0.5502,0.2,4.9269,False,all_direct,4.9103,0.9891
32,v4,v12,40.0,170.0,10.0,1.0,0.85,0.2,1.9046,True,all_direct,1.8843,0.9727
33,v1,v2,40.0,80.06,40.0,1.0,0.4003,0.8,3.9539,True,all_direct,3.9182,0.9844
33,v1,v6,40.0,140.03,10.0,1.0,0.7002,0.2,3.2521,False,all_direct,3.2257,0.9824
33,v1,v5,40.0,160.0,30.0,1.0,0.8,0.6,-0.0824,True,all_direct,-0.1181,0.9662
33,v2,v1,20.0,80.06,40.0,0.6,0.4003,0.8,-16.0461,True,all_direct,-16.0818,0.3049
33,v3,v4,20.0,80.06,0.0,0.6,0.4003,0.0,-10.4543,True,all_direct,-10.4909,0.5814
33,v3,v8,20.0,130.03,20.0,0.6,0.6502,0.4,-17.6419,True,all_direct,-17.6853,0.2627
33,v3,v11,20.0,160.0,10.0,0.6,0.8,0.2,-17.6742,True,all_direct,-17.7101,0.2721
33,v3,v7,20.0,180.0,20.0,0.6,0.9,0.4,-19.9013,True,all_direct,-19.9221,0.2117
33,v4,v8,40.0,50.0,20.0,1.0,0.25,0.4,8.9995,False,all_direct,8.9767,0.9906
33,v4,v3,40.0,80.06,0.0,1.0,0.4003,0.0,9.5457,False,all_direct,9.5235,0.9922
33,v4,v11,40.0,80.06,10.0,1.0,0.4003,0.2,7.1374,False,all_direct,7.1052,0.9896
33,v4,v7,40.0,100.04,20.0,1.0,0.5002,0.4,4.1799,False,all_direct,4.1579,0.9863
33,v4,v12,40.0,180.0,10.0,1.0,0.9,0.2,1.5074,True,all_direct,1.4805,0.9801
34,v1,v2,40.0,40.11,20.0,1.0,0.2006,0.4,10.5306,False,all_direct,10.5061,0.9912
34,v1,v6,40.0,150.03,10.0,1.0,0.7501,0.2,2.7729,False,all_direct,2.7475,0.9838
34,v1,v5,40.0,190.0,10.0,1.0,0.95,0.2,1.1317,True,all_direct,1.0985,0.9834
34,v2,v1,20.0,40.11,20.0,0.6,0.2006,0.4,-9.4694,True,all_direct,-9.5041,0.665
34,v2,v6,20.0,190.0,10.0,0.6,0.95,0.2,-18.8683,True,all_direct,-18.8987,0.2613
34,v3,v4,20.0,80.06,10.0,0.6,0.4003,0.2,-12.8626,True,all_direct,-12.8903,0.449
34,v3,v8,20.0,110.04,10.0,0.6,0.5502,0.2,-15.0731,True,all_direct,-15.1045,0.324
34,v3,v11,20.0,150.0,20.0,0.6,0.75,0.4,-18.6344,True,all_direct,-18.6569,0.2332
34,v3,v7,20.0,160.0,0.0,0.6,0.8,0.0,-15.2659,True,all_direct,-15.2912,0.3773
34,v4,v8,40.0,30.0,20.0,1.0,0.15,0.4,12.5491,False,all_direct,12.5394,0.9932
34,v4,v11,40.0,70.06,10.0,1.0,0.3503,0.2,8.0638,False,all_direct,8.035,0.9932
34,v4,v3,40.0,80.06,10.0,1.0,0.4003,0.2,7.1374,False,all_direct,7.1165,0.9867
34,v4,v7,40.0,80.06,10.0,1.0,0.4003,0.2,7.1374,False,all_direct,7.1154,0.9902
34,v4,v12,40.0,170.0,20.0,1.0,0.85,0.4,0.4958,True,all_direct,0.464,0.9676
35,v1,v2,40.0,20.22,0.0,1.0,0.1011,0.0,19.1062,False,all_direct,19.0669,0.9961
35,v1,v6,40.0,160.03,0.0,1.0,0.8001,0.0,4.7329,True,all_direct,4.7088,0.9814
35,v1,v5,40.0,200.0,20.0,1.0,1.0,0.4,-0.6334,True,all_direct,-0.656,0.9613
35,v2,v1,20.0,20.22,0.0,0.6,0.1011,0.0,-0.8938,False,all_direct,-0.9254,0.9633
35,v2,v6,20.0,180.0,0.0,0.6,0.9,0.0,-16.0844,True,all_direct,-16.1129,0.3004
35,v3,v4,20.0,70.06,0.0,0.6,0.3503,0.0,-9.5279,True,all_direct,-9.5412,0.6314
35,v3,v8,20.0,120.04,40.0,0.6,0.6002,0.8,-18.8608,True,all_direct,-18.8922,0.2254
35,v3,v11,20.0,130.0,40.0,0.6,0.65,0.8,-19.4149,True,all_direct,-19.4406,0.2477
35,v3,v7,20.0,160.0,10.0,0.6,0.8,0.2,-17.6742,True,all_direct,-17.7078,0.2686
35,v4,v8,40.0,50.0,40.0,1.0,0.25,0.8,7.2247,True,all_direct,7.1951,0.9912
35,v4,v11,40.0,60.07,40.0,1.0,0.3004,0.8,5.9491,True,all_direct,5.9161,0.9902
35,v4,v3,40.0,70.06,0.0,1.0,0.3503,0.0,10.4721,False,all_direct,10.4493,0.9932
35,v4,v7,40.0,90.05,10.0,1.0,0.4502,0.2,6.32,False,all_direct,6.2989,0.9887
35,v4,v12,40.0,150.0,10.0,1.0,0.75,0.2,2.7743,False,all_direct,2.7381,0.9828
36,v1,v2,40.0,20.22,10.0,1.0,0.1011,0.2,16.698,False,all_direct,16.6794,0.9971
36,v1,v6,40.0,160.03,0.0,1.0,0.8001,0.0,4.7329,True,all_direct,4.7203,0.9848
36,v1,v5,40.0,180.0,10.0,1.0,0.9,0.2,1.5074,True,all_direct,1.4808,0.975
36,v2,v1,20.0,20.22,10.0,0.6,0.1011,0.2,-3.302,False,all_direct,-3.333,0.9187
36,v2,v6,20.0,180.0,10.0,0.6,0.9,0.2,-18.4926,True,all_direct,-18.5248,0.2252
36,v3,v4,20.0,70.06,10.0,0.6,0.3503,0.2,-11.9362,True,all_direct,-11.957,0.4877
36,v3,v8,20.0,80.06,10.0,0.6,0.4003,0.2,-12.8626,True,all_direct,-12.8774,0.4357
36,v3,v11,20.0,90.0,30.0,0.6,0.45,0.6,-16.0844,True,all_direct,-16.1027,0.3041
36,v3,v7,20.0,150.0,30.0,0.6,0.75,0.6,-19.6339,True,all_direct,-19.6622,0.2143
36,v4,v8,40.0,10.0,0.0,1.0,0.05,0.0,24.0,False,all_direct,23.9731,0.9971
36,v4,v11,40.0,20.22,20.0,1.0,0.1011,0.4,15.2892,False,all_direct,15.2752,0.9961
36,v4,v3,40.0,70.06,10.0,1.0,0.3503,0.2,8.0638,False,all_direct,8.0379,0.9922
36,v4,v7,40.0,80.06,20.0,1.0,0.4003,0.4,5.7287,False,all_direct,5.706,0.9912
36,v4,v12,40.0,140.0,10.0,1.0,0.7,0.2,3.2537,False,all_direct,3.2204,0.9857
37,v1,v2,40.0,30.15,0.0,1.0,0.1507,0.0,16.3315,False,all_direct,16.2942,0.9961
37,v1,v6,40.0,160.03,10.0,1.0,0.8001,0.2,2.3246,True,all_direct,2.2871,0.9818
37,v1,v5,40.0,170.0,20.0,1.0,0.85,0.4,0.4958,True,all_direct,0.4684,0.9705
37,v2,v1,20.0,30.15,0.0,0.6,0.1507,0.0,-3.6685,False,all_direct,-3.6987,0.9113
37,v2,v6,20.0,190.0,10.0,0.6,0.95,0.2,-18.8683,True,all_direct,-18.8827,0.2209
37,v3,v4,20.0,80.06,20.0,0.6,0.4003,0.4,-14.2713,True,all_direct,-14.3085,0.384
37,v3,v8,20.0,90.05,10.0,0.6,0.4502,0.2,-13.68,True,all_direct,-13.7102,0.408
37,v3,v11,20.0,120.0,10.0,0.6,0.6,0.2,-15.6751,True,all_direct,-15.694,0.3072
37,v3,v7,20.0,180.0,10.0,0.6,0.9,0.2,-18.4926,True,all_direct,-18.5199,0.2316
37,v4,v8,40.0,10.0,30.0,1.0,0.05,0.6,19.1835,False,all_direct,19.1501,0.998
37,v4,v11,40.0,40.11,30.0,1.0,0.2006,0.6,9.5311,False,all_direct,9.5053,0.9932
37,v4,v3,40.0,80.06,20.0,1.0,0.4003,0.4,5.7287,False,all_direct,5.7106,0.9848
37,v4,v7,40.0,100.04,30.0,1.0,0.5002,0.6,3.1804,True,all_direct,3.1515,0.9838
37,v4,v12,40.0,150.0,40.0,1.0,0.75,0.8,-0.4092,True,all_direct,-0.4321,0.9619
38,v1,v2,40.0,30.15,0.0,1.0,0.1507,0.0,16.3315,False,all_direct,16.2925,0.9971
38,v1,v6,40.0,170.03,0.0,1.0,0.8501,0.0,4.3117,True,all_direct,4.2859,0.9902
38,v1,v5,40.0,190.0,10.0,1.0,0.95,0.2,1.1317,True,all_direct,1.089,0.9756
38,v2,v1,20.0,30.15,0.0,0.6,0.1507,0.0,-3.6685,False,all_direct,-3.6982,0.892
38,v2,v6,20.0,200.0,0.0,0.6,1.0,0.0,-16.8165,True,all_direct,-16.8445,0.3008
38,v3,v4,20.0,60.07,40.0,0.6,0.3004,0.8,-14.0509,True,all_direct,-14.0839,0.3807
38,v3,v8,20.0,100.04,40.0,0.6,0.5002,0.8,-17.5949,True,all_direct,-17.6099,0.259
38,v3,v11,20.0,130.0,10.0,0.6,0.65,0.2,-16.2313,True,all_direct,-16.2643,0.3123
38,v3,v7,20.0,190.0,10.0,0.6,0.95,0.2,-18.8683,True,all_direct,-18.8956,0.2465
38,v4,v8,40.0,40.0,0.0,1.0,0.2,0.0,14.367,False,all_direct,14.3456,0.9951
38,v4,v3,40.0,60.07,40.0,1.0,0.3004,0.8,5.9491,True,all_direct,5.9214,0.9912
38,v4,v11,40.0,70.06,30.0,1.0,0.3503,0.6,5.6556,False,all_direct,5.6227,0.9922
38,v4,v7,40.0,130.03,30.0,1.0,0.6502,0.6,1.3586,True,all_direct,1.3221,0.9844
38,v4,v12,40.0,190.0,30.0,1.0,0.95,0.6,-1.2765,True,all_direct,-1.2992,0.9508
39,v1,v2,40.0,30.15,30.0,1.0,0.1507,0.6,11.515,False,all_direct,11.4863,0.9951
39,v1,v6,40.0,170.03,20.0,1.0,0.8501,0.4,0.4948,True,all_direct,0.4648,0.974
39,v1,v5,40.0,180.0,0.0,1.0,0.9,0.0,3.9156,True,all_direct,3.8925,0.9873
39,v2,v1,20.0,30.15,30.0,0.6,0.1507,0.6,-8.485,True,all_direct,-8.5187,0.7117
39,v2,v6,20.0,200.0,10.0,0.6,1.0,0.2,-19.2247,True,all_direct,-19.2509,0.2205
39,v3,v4,20.0,100.04,10.0,0.6,0.5002,0.2,-14.4114,True,all_direct,-14.442,0.3881
39,v3,v11,20.0,140.0,30.0,0.6,0.7,0.6,-19.1545,True,all_direct,-19.1922,0.2055
39,v3,v8,20.0,140.03,20.0,0.6,0.7002,0.4,-18.1566,True,all_direct,-18.1848,0.2631
39,v3,v7,20.0,200.0,0.0,0.6,1.0,0.0,-16.8165,True,all_direct,-16.842,0.3002
39,v4,v8,40.0,40.0,10.0,1.0,0.2,0.2,11.9588,False,all_direct,11.9281,0.9932
39,v4,v11,40.0,40.11,20.0,1.0,0.2006,0.4,10.5306,False,all_direct,10.4979,0.9896
39,v4,v3,40.0,100.04,10.0,1.0,0.5002,0.2,5.5886,False,all_direct,5.5579,0.9883
39,v4,v7,40.0,100.04,10.0,1.0,0.5002,0.2,5.5886,False,all_direct,5.5733,0.9832
39,v4,v12,40.0,160.0,10.0,1.0,0.8,0.2,2.3258,True,all_direct,2.2963,0.9783
40,v1,v2,40.0,3.0,20.0,1.0,0.015,0.4,28.5491,False,all_direct,28.525,0.998
40,v1,v5,40.0,180.0,10.0,1.0,0.9,0.2,1.5074,True,all_direct,1.4798,0.9809
40,v1,v6,40.0,190.02,30.0,1.0,0.9501,0.6,-1.2774,True,all_direct,-1.3044,0.952
40,v2,v1,20.0,3.0,20.0,0.6,0.015,0.4,8.5491,True,all_direct,8.5356,0.9932
40,v2,v5,20.0,180.02,10.0,0.6,0.9001,0.2,-18.4936,True,all_direct,-18.5244,0.2283
40,v2,v6,20.0,190.0,10.0,0.6,0.95,0.2,-18.8683,True,all_direct,-18.9086,0.2256
40,v3,v4,20.0,110.04,10.0,0.6,0.5502,0.2,-15.0731,True,all_direct,-15.1015,0.3504
40,v3,v8,20.0,160.03,10.0,0.6,0.8001,0.2,-17.6754,True,all_direct,-17.7051,0.273
40,v3,v11,20.0,170.0,0.0,0.6,0.85,0.0,-15.6872,True,all_direct,-15.7101,0.3393
40,v3,v7,20.0,200.0,10.0,0.6,1.0,0.2,-19.2247,True,all_direct,-19.2516,0.2398
40,v4,v8,40.0,50.0,0.0,1.0,0.25,0.0,12.8165,False,all_direct,12.7842,0.9971
40,v4,v11,40.0,60.07,10.0,1.0,0.3004,0.2,9.1327,False,all_direct,9.1134,0.9955
40,v4,v7,40.0,90.05,0.0,1.0,0.4502,0.0,8.7283,False,all_direct,8.7121,0.9932
40,v4,v3,40.0,110.04,10.0,1.0,0.5502,0.2,4.9269,False,all_direct,4.9006,0.9877
40,v4,v12,40.0,150.0,0.0,1.0,0.75,0.0,5.1825,False,all_direct,5.1504,0.9902
41,v1,v2,40.0,20.22,0.0,1.0,0.1011,0.0,19.1062,False,all_direct,19.0739,0.999
41,v1,v6,40.0,160.03,40.0,1.0,0.8001,0.8,-0.8589,True,all_direct,-0.8875,0.9613
41,v1,v5,40.0,170.0,0.0,1.0,0.85,0.0,4.3128,True,all_direct,4.2848,0.9883
41,v2,v1,20.0,20.22,0.0,0.6,0.1011,0.0,-0.8938,False,all_direct,-0.916,0.9555
41,v2,v6,20.0,180.0,40.0,0.6,0.9,0.8,-21.6761,True,all_direct,-21.699,0.19
41,v2,v5,20.0,190.02,0.0,0.6,0.9501,0.0,-16.4609,True,all_direct,-16.4815,0.291
41,v3,v4,20.0,120.04,0.0,0.6,0.6002,0.0,-13.2691,True,all_direct,-13.3037,0.4201
41,v3,v11,20.0,170.0,10.0,0.6,0.85,0.2,-18.0954,True,all_direct,-18.1161,0.2406
41,v3,v8,20.0,170.03,0.0,0.6,0.8501,0.0,-15.6883,True,all_direct,-15.7126,0.3432
41,v4,v8,40.0,50.0,0.0,1.0,0.25,0.0,12.8165,False,all_direct,12.8101,0.9961
41,v4,v11,40.0,50.09,10.0,1.0,0.2504,0.2,10.3958,False,all_direct,10.372,0.9893
41,v4,v7,40.0,90.05,0.0,1.0,0.4502,0.0,8.7283,False,all_direct,8.696,0.9932
41,v4,v3,40.0,120.04,0.0,1.0,0.6002,0.0,6.7309,False,all_direct,6.7077,0.9867
41,v4,v12,40.0,150.0,30.0,1.0,0.75,0.6,0.3661,True,all_direct,0.344,0.9686
42,v1,v2,40.0,20.22,10.0,1.0,0.1011,0.2,16.698,False,all_direct,16.6687,0.9971
42,v1,v6,40.0,120.04,10.0,1.0,0.6002,0.2,4.3227,False,all_direct,4.2993,0.9857
42,v1,v5,40.0,170.0,10.0,1.0,0.85,0.2,1.9046,True,all_direct,1.8827,0.9756
42,v2,v1,20.0,20.22,10.0,0.6,0.1011,0.2,-3.302,False,all_direct,-3.327,0.924
42,v2,v6,20.0,140.0,0.0,0.6,0.7,0.0,-14.338,True,all_direct,-14.3702,0.3652
42,v2,v5,20.0,190.02,20.0,0.6,0.9501,0.4,-20.2779,True,all_direct,-20.2929,0.2057
42,v3,v4,20.0,120.04,40.0,0.6,0.6002,0.8,-18.8608,True,all_direct,-18.8807,0.2309
42,v3,v8,20.0,170.03,30.0,0.6,0.8501,0.6,-20.5047,True,all_direct,-20.5304,0.1994
42,v3,v11,20.0,180.0,0.0,0.6,0.9,0.0,-16.0844,True,all_direct,-16.1099,0.3088
42,v4,v8,40.0,50.0,10.0,1.0,0.25,0.2,10.4082,False,all_direct,10.3768,0.9932
42,v4,v11,40.0,60.07,40.0,1.0,0.3004,0.8,5.9491,True,all_direct,5.9378,0.9912
42,v4,v7,40.0,90.05,0.0,1.0,0.4502,0.0,8.7283,False,all_direct,8.7114,0.9867
42,v4,v12,40.0,120.0,0.0,1.0,0.6,0.0,6.7331,False,all_direct,6.7033,0.9922
42,v4,v3,40.0,120.04,40.0,1.0,0.6002,0.8,1.1392,True,all_direct,1.1073,0.9711
43,v1,v2,40.0,30.15,10.0,1.0,0.1507,0.2,13.9232,False,all_direct,13.9085,0.9971
43,v1,v6,40.0,110.04,20.0,1.0,0.5502,0.4,3.5182,False,all_direct,3.5009,0.9852
43,v1,v5,40.0,180.0,0.0,1.0,0.9,0.0,3.9156,True,all_direct,3.9034,0.9863
43,v2,v1,20.0,30.15,10.0,0.6,0.1507,0.2,-6.0768,False,all_direct,-6.0993,0.8244
43,v2,v6,20.0,140.0,10.0,0.6,0.7,0.2,-16.7463,True,all_direct,-16.7882,0.2758
43,v3,v4,20.0,80.06,20.0,0.6,0.4003,0.4,-14.2713,True,all_direct,-14.2945,0.3826
43,v3,v8,20.0,140.03,10.0,0.6,0.7002,0.2,-16.7479,True,all_direct,-16.774,0.3088
43,v3,v7,20.0,170.0,20.0,0.6,0.85,0.4,-19.5042,True,all_direct,-19.5176,0.2211
43,v3,v11,20.0,180.0,10.0,0.6,0.9,0.2,-18.4926,True,all_direct,-18.5139,0.2566
43,v4,v8,40.0,60.0,30.0,1.0,0.3,0.6,6.7331,False,all_direct,6.7154,0.9902
43,v4,v3,40.0,80.06,20.0,1.0,0.4003,0.4,5.7287,False,all_direct,5.7131,0.9857
43,v4,v7,40.0,90.05,0.0,1.0,0.4502,0.0,8.7283,False,all_direct,8.6944,0.9932
43,v4,v11,40.0,100.04,30.0,1.0,0.5002,0.6,3.1804,True,all_direct,3.1562,0.9883
43,v4,v12,40.0,120.0,20.0,1.0,0.6,0.4,2.9161,False,all_direct,2.891,0.9775
44,v1,v2,40.0,20.22,0.0,1.0,0.1011,0.0,19.1062,False,all_direct,19.0676,0.9951
44,v1,v6,40.0,130.03,10.0,1.0,0.6502,0.2,3.7668,False,all_direct,3.7403,0.9854
44,v1,v5,40.0,180.0,10.0,1.0,0.9,0.2,1.5074,True,all_direct,1.4907,0.9715
44,v2,v1,20.0,20.22,0.0,0.6,0.1011,0.0,-0.8938,False,all_direct,-0.9282,0.9553
44,v2,v6,20.0,150.0,10.0,0.6,0.75,0.2,-17.2257,True,all_direct,-17.2564,0.2498
44,v3,v4,20.0,100.04,10.0,0.6,0.5002,0.2,-14.4114,True,all_direct,-14.4318,0.3744
44,v3,v8,20.0,130.03,30.0,0.6,0.6502,0.6,-18.6414,True,all_direct,-18.6826,0.2244
44,v3,v11,20.0,170.0,20.0,0.6,0.85,0.4,-19.5042,True,all_direct,-19.5317,0.2133
44,v3,v7,20.0,190.0,20.0,0.6,0.95,0.4,-20.277,True,all_direct,-20.301,0.1891
44,v4,v8,40.0,30.0,40.0,1.0,0.15,0.8,10.7743,True,all_direct,10.7348,0.9941
44,v4,v11,40.0,70.06,30.0,1.0,0.3503,0.6,5.6556,False,all_direct,5.6315,0.9863
44,v4,v7,40.0,90.05,30.0,1.0,0.4502,0.6,3.9118,True,all_direct,3.8897,0.9883
44,v4,v12,40.0,100.0,10.0,1.0,0.5,0.2,5.5918,False,all_direct,5.573,0.9832
44,v4,v3,40.0,100.04,10.0,1.0,0.5002,0.2,5.5886,False,all_direct,5.5543,0.9867
45,v1,v2,40.0,20.22,20.0,1.0,0.1011,0.4,15.2892,False,all_direct,15.2625,0.9971
45,v1,v6,40.0,140.03,10.0,1.0,0.7002,0.2,3.2521,False,all_direct,3.2319,0.9766
45,v1,v5,40.0,190.0,10.0,1.0,0.95,0.2,1.1317,True,all_direct,1.098,0.9711
45,v2,v1,20.0,20.22,20.0,0.6,0.1011,0.4,-4.7108,True,all_direct,-4.7427,0.8723
45,v2,v6,20.0,160.0,10.0,0.6,0.8,0.2,-17.6742,True,all_direct,-17.6931,0.275
45,v3,v4,20.0,90.05,0.0,0.6,0.4502,0.0,-11.2717,True,all_direct,-11.2963,0.5133
45,v3,v8,20.0,160.03,0.0,0.6,0.8001,0.0,-15.2671,True,all_direct,-15.2974,0.3693
45,v3,v11,20.0,190.0,20.0,0.6,0.95,0.4,-20.277,True,all_direct,-20.2946,0.1871
45,v4,v8,40.0,70.0,0.0,1.0,0.35,0.0,10.4784,False,all_direct,10.4513,0.9971
45,v4,v3,40.0,90.05,0.0,1.0,0.4502,0.0,8.7283,False,all_direct,8.6941,0.9932
45,v4,v11,40.0,100.04,20.0,1.0,0.5002,0.4,4.1799,False,all_direct,4.143,0.9893
45,v4,v12,40.0,110.0,10.0,1.0,0.55,0.2,4.9295,False,all_direct,4.8972,0.9873
45,v4,v7,40.0,120.04,20.0,1.0,0.6002,0.4,2.914,False,all_direct,2.8967,0.9795
46,v1,v2,40.0,3.0,30.0,1.0,0.015,0.6,27.5496,False,all_direct,27.5332,0.998
46,v1,v6,40.0,150.03,0.0,1.0,0.7501,0.0,5.1812,False,all_direct,5.151,0.9863
46,v1,v5,40.0,200.0,20.0,1.0,1.0,0.4,-0.6334,True,all_direct,-0.6545,0.9594
46,v2,v1,20.0,3.0,30.0,0.6,0.015,0.6,7.5496,True,all_direct,7.525,0.9951
46,v2,v6,20.0,150.0,30.0,0.6,0.75,0.6,-19.6339,True,all_direct,-19.6738,0.2137
46,v3,v4,20.0,90.05,20.0,0.6,0.4502,0.4,-15.0887,True,all_direct,-15.1197,0.36
46,v3,v8,20.0,160.03,20.0,0.6,0.8001,0.4,-19.0841,True,all_direct,-19.1167,0.2324
46,v3,v11,20.0,170.0,30.0,0.6,0.85,0.6,-20.5037,True,all_direct,-20.5328,0.2121
46,v3,v7,20.0,190.0,10.0,0.6,0.95,0.2,-18.8683,True,all_direct,-18.8934,0.2248
46,v4,v8,40.0,70.0,0.0,1.0,0.35,0.0,10.4784,False,all_direct,10.4451,0.9941
46,v4,v11,40.0,80.06,10.0,1.0,0.4003,0.2,7.1374,False,all_direct,7.0941,0.9902
46,v4,v3,40.0,90.05,20.0,1.0,0.4502,0.4,4.9113,False,all_direct,4.8779,0.9824
46,v4,v7,40.0,100.04,10.0,1.0,0.5002,0.2,5.5886,False,all_direct,5.5684,0.9922
46,v4,v12,40.0,120.0,20.0,1.0,0.6,0.4,2.9161,False,all_direct,2.8838,0.9824
47,v1,v2,40.0,30.15,0.0,1.0,0.1507,0.0,16.3315,False,all_direct,16.303,0.9961
47,v1,v6,40.0,150.03,0.0,1.0,0.7501,0.0,5.1812,False,all_direct,5.155,0.9799
47,v2,v1,20.0,30.15,0.0,0.6,0.1507,0.0,-3.6685,False,all_direct,-3.6934,0.8994
47,v2,v6,20.0,120.0,0.0,0.6,0.6,0.0,-13.2669,True,all_direct,-13.2964,0.4186
47,v2,v5,20.0,190.02,10.0,0.6,0.9501,0.2,-18.8692,True,all_direct,-18.8978,0.2203
47,v3,v4,20.0,70.06,10.0,0.6,0.3503,0.2,-11.9362,True,all_direct,-11.9654,0.5033
47,v3,v11,20.0,140.0,0.0,0.6,0.7,0.0,-14.338,True,all_direct,-14.376,0.3795
47,v3,v8,20.0,140.03,30.0,0.6,0.7002,0.6,-19.1561,True,all_direct,-19.1793,0.2369
47,v3,v12,20.0,170.03,20.0,0.6,0.8501,0.4,-19.5052,True,all_direct,-19.5332,0.2408
47,v3,v7,20.0,180.0,10.0,0.6,0.9,0.2,-18.4926,True,all_direct,-18.5209,0.2334
47,v4,v8,40.0,70.0,40.0,1.0,0.35,0.8,4.8867,True,all_direct,4.8755,0.9857
47,v4,v3,40.0,70.06,10.0,1.0,0.3503,0.2,8.0638,False,all_direct,8.0455,0.9877
47,v4,v11,40.0,70.06,10.0,1.0,0.3503,0.2,8.0638,False,all_direct,8.0407,0.9891
47,v4,v12,40.0,100.0,30.0,1.0,0.5,0.6,3.1835,True,all_direct,3.1615,0.9838
47,v4,v7,40.0,110.04,0.0,1.0,0.5502,0.0,7.3351,False,all_direct,7.3183,0.9902
48,v1,v2,40.0,30.15,10.0,1.0,0.1507,0.2,13.9232,False,all_direct,13.8893,0.9971
48,v1,v6,40.0,150.03,30.0,1.0,0.7501,0.6,0.3647,True,all_direct,0.345,0.9703
48,v2,v1,20.0,30.15,10.0,0.6,0.1507,0.2,-6.0768,False,all_direct,-6.1036,0.8178
48,v2,v6,20.0,120.0,20.0,0.6,0.6,0.4,-17.0839,True,all_direct,-17.1161,0.2711
48,v3,v4,20.0,80.06,10.0,0.6,0.4003,0.2,-12.8626,True,all_direct,-12.9019,0.45
48,v3,v8,20.0,110.04,10.0,0.6,0.5502,0.2,-15.0731,True,all_direct,-15.0923,0.3658
48,v3,v11,20.0,140.0,30.0,0.6,0.7,0.6,-19.1545,True,all_direct,-19.1889,0.2025
48,v3,v12,20.0,150.03,10.0,0.6,0.7501,0.2,-17.2271,True,all_direct,-17.2566,0.2721
48,v3,v7,20.0,190.0,0.0,0.6,0.95,0.0,-16.4601,True,all_direct,-16.4902,0.3275
48,v4,v8,40.0,30.0,0.0,1.0,0.15,0.0,16.3661,False,all_direct,16.3493,0.9961
48,v4,v11,40.0,60.07,20.0,1.0,0.3004,0.4,7.7239,False,all_direct,7.6883,0.9893
48,v4,v12,40.0,70.0,0.0,1.0,0.35,0.0,10.4784,False,all_direct,10.4367,0.9932
48,v4,v3,40.0,80.06,10.0,1.0,0.4003,0.2,7.1374,False,all_direct,7.1069,0.9922
48,v4,v7,40.0,110.04,10.0,1.0,0.5502,0.2,4.9269,False,all_direct,4.9052,0.9848
49,v1,v2,40.0,20.22,10.0,1.0,0.1011,0.2,16.698,False,all_direct,16.6639,0.9961
49,v1,v6,40.0,120.04,0.0,1.0,0.6002,0.0,6.7309,False,all_direct,6.6913,0.9922
49,v2,v1,20.0,20.22,10.0,0.6,0.1011,0.2,-3.302,False,all_direct,-3.3298,0.9299
49,v2,v6,20.0,100.0,10.0,0.6,0.5,0.2,-14.4082,True,all_direct,-14.4308,0.385
49,v3,v4,20.0,70.06,10.0,0.6,0.3503,0.2,-11.9362,True,all_direct,-11.9526,0.4709
49,v3,v8,20.0,100.04,10.0,0.6,0.5002,0.2,-14.4114,True,all_direct,-14.4378,0.3652
49,v3,v11,20.0,110.0,10.0,0.6,0.55,0.2,-15.0705,True,all_direct,-15.1042,0.3223
49,v3,v12,20.0,140.03,30.0,0.6,0.7002,0.6,-19.1561,True,all_direct,-19.1888,0.2355
49,v3,v7,20.0,190.0,10.0,0.6,0.95,0.2,-18.8683,True,all_direct,-18.8945,0.2174
49,v4,v8,40.0,30.0,0.0,1.0,0.15,0.0,16.3661,False,all_direct,16.3429,0.9932
49,v4,v11,40.0,40.11,0.0,1.0,0.2006,0.0,14.3476,False,all_direct,14.3259,0.999
49,v4,v12,40.0,70.0,40.0,1.0,0.35,0.8,4.8867,True,all_direct,4.8568,0.9893
49,v4,v3,40.0,70.06,10.0,1.0,0.3503,0.2,8.0638,False,all_direct,8.0345,0.9896
49,v4,v7,40.0,120.04,0.0,1.0,0.6002,0.0,6.7309,False,all_direct,6.7015,0.9912
50,v1,v2,40.0,30.15,10.0,1.0,0.1507,0.2,13.9232,False,all_direct,13.9075,0.998
50,v1,v6,40.0,120.04,30.0,1.0,0.6002,0.6,1.9144,True,all_direct,1.8912,0.9795
50,v2,v1,20.0,30.15,10.0,0.6,0.1507,0.2,-6.0768,False,all_direct,-6.0919,0.8207
50,v2,v6,20.0,90.0,20.0,0.6,0.45,0.4,-15.0849,True,all_direct,-15.1049,0.3488
50,v3,v4,20.0,80.06,0.0,0.6,0.4003,0.0,-10.4543,True,all_direct,-10.4856,0.5631
50,v3,v8,20.0,110.04,10.0,0.6,0.5502,0.2,-15.0731,True,all_direct,-15.1075,0.3381
50,v3,v12,20.0,110.04,0.0,0.6,0.5502,0.0,-12.6649,True,all_direct,-12.7036,0.4422
50,v3,v11,20.0,120.0,20.0,0.6,0.6,0.4,-17.0839,True,all_direct,-17.1045,0.2797
50,v3,v7,20.0,200.0,0.0,0.6,1.0,0.0,-16.8165,True,all_direct,-16.8476,0.2646
50,v4,v8,40.0,30.0,10.0,1.0,0.15,0.2,13.9578,False,all_direct,13.9302,0.9971
50,v4,v12,40.0,30.0,0.0,1.0,0.15,0.0,16.3661,False,all_direct,16.3432,0.9951
50,v4,v11,40.0,40.11,20.0,1.0,0.2006,0.4,10.5306,False,all_direct,10.5013,0.9941
50,v4,v3,40.0,80.06,0.0,1.0,0.4003,0.0,9.5457,False,all_direct,9.5229,0.9971
50,v4,v7,40.0,120.04,0.0,1.0,0.6002,0.0,6.7309,False,all_direct,6.6953,0.9896
51,v1,v2,40.0,40.11,10.0,1.0,0.2006,0.2,11.9393,False,all_direct,11.9087,0.9961
51,v1,v6,40.0,150.03,0.0,1.0,0.7501,0.0,5.1812,False,all_direct,5.1548,0.9902
51,v2,v1,20.0,40.11,10.0,0.6,0.2006,0.2,-8.0607,False,all_direct,-8.0945,0.7223
51,v2,v6,20.0,110.0,10.0,0.6,0.55,0.2,-15.0705,True,all_direct,-15.0955,0.3498
51,v3,v4,20.0,80.06,10.0,0.6,0.4003,0.2,-12.8626,True,all_direct,-12.8819,0.4389
51,v3,v12,20.0,110.04,30.0,0.6,0.5502,0.6,-17.4813,True,all_direct,-17.5025,0.249
51,v3,v8,20.0,120.04,0.0,0.6,0.6002,0.0,-13.2691,True,all_direct,-13.2861,0.4336
51,v3,v11,20.0,140.0,30.0,0.6,0.7,0.6,-19.1545,True,all_direct,-19.1933,0.2309
51,v3,v7,20.0,200.0,40.0,0.6,1.0,0.8,-22.4082,True,all_direct,-22.4291,0.1738
51,v4,v12,40.0,30.0,20.0,1.0,0.15,0.4,12.5491,False,all_direct,12.5235,0.9906
51,v4,v8,40.0,40.0,10.0,1.0,0.2,0.2,11.9588,False,all_direct,11.9347,0.9961
51,v4,v11,40.0,60.07,20.0,1.0,0.3004,0.4,7.7239,False,all_direct,7.6935,0.9932
51,v4,v3,40.0,80.06,10.0,1.0,0.4003,0.2,7.1374,False,all_direct,7.1067,0.9863
51,v4,v7,40.0,120.04,30.0,1.0,0.6002,0.6,1.9144,True,all_direct,1.8933,0.976
52,v1,v2,40.0,30.15,10.0,1.0,0.1507,0.2,13.9232,False,all_direct,13.9014,0.9941
52,v1,v6,40.0,150.03,30.0,1.0,0.7501,0.6,0.3647,True,all_direct,0.3328,0.9736
52,v2,v1,20.0,30.15,10.0,0.6,0.1507,0.2,-6.0768,False,all_direct,-6.1098,0.8434
52,v2,v6,20.0,120.0,20.0,0.6,0.6,0.4,-17.0839,True,all_direct,-17.1157,0.2834
52,v3,v4,20.0,70.06,20.0,0.6,0.3503,0.4,-13.3449,True,all_direct,-13.3682,0.4607
52,v3,v12,20.0,80.06,10.0,0.6,0.4003,0.2,-12.8626,True,all_direct,-12.8971,0.4184
52,v3,v11,20.0,110.0,0.0,0.6,0.55,0.0,-12.6623,True,all_direct,-12.6805,0.4326
52,v3,v8,20.0,120.04,20.0,0.6,0.6002,0.4,-17.086,True,all_direct,-17.1129,0.2674
52,v3,v7,20.0,160.0,20.0,0.6,0.8,0.4,-19.0829,True,all_direct,-19.1004,0.2314
52,v4,v12,40.0,10.0,30.0,1.0,0.05,0.6,19.1835,False,all_direct,19.1524,0.998
52,v4,v11,40.0,40.11,20.0,1.0,0.2006,0.4,10.5306,False,all_direct,10.4984,0.9951
52,v4,v8,40.0,50.0,0.0,1.0,0.25,0.0,12.8165,False,all_direct,12.7806,0.9971
52,v4,v3,40.0,70.06,20.0,1.0,0.3503,0.4,6.6551,False,all_direct,6.6177,0.9852
52,v4,v7,40.0,90.05,40.0,1.0,0.4502,0.8,3.1365,True,all_direct,3.1107,0.9754
53,v1,v2,40.0,20.22,30.0,1.0,0.1011,0.6,14.2897,False,all_direct,14.2498,0.9922
53,v1,v6,40.0,120.04,40.0,1.0,0.6002,0.8,1.1392,True,all_direct,1.1106,0.9754
53,v2,v1,20.0,20.22,30.0,0.6,0.1011,0.6,-5.7103,True,all_direct,-5.7411,0.841
53,v2,v6,20.0,100.0,10.0,0.6,0.5,0.2,-14.4082,True,all_direct,-14.4485,0.3912
53,v3,v4,20.0,50.09,10.0,0.6,0.2504,0.2,-9.6042,False,all_direct,-9.6198,0.6195
53,v3,v12,20.0,90.05,20.0,0.6,0.4502,0.4,-15.0887,True,all_direct,-15.1199,0.3057
53,v3,v8,20.0,100.04,10.0,0.6,0.5002,0.2,-14.4114,True,all_direct,-14.4446,0.3496
53,v3,v11,20.0,110.0,20.0,0.6,0.55,0.4,-16.4793,True,all_direct,-16.5154,0.3053
53,v3,v7,20.0,180.0,20.0,0.6,0.9,0.4,-19.9013,True,all_direct,-19.932,0.2041
53,v4,v12,40.0,40.0,30.0,1.0,0.2,0.6,9.5506,False,all_direct,9.523,0.9912
53,v4,v8,40.0,50.0,0.0,1.0,0.25,0.0,12.8165,False,all_direct,12.7781,0.9941
53,v4,v3,40.0,50.09,10.0,1.0,0.2504,0.2,10.3958,False,all_direct,10.3716,0.9951
53,v4,v11,40.0,60.07,10.0,1.0,0.3004,0.2,9.1327,False,all_direct,9.1127,0.9916
53,v4,v7,40.0,130.03,10.0,1.0,0.6502,0.2,3.7668,False,all_direct,3.7361,0.9902
54,v1,v2,40.0,10.44,40.0,1.0,0.0522,0.8,18.1088,True,all_direct,18.0721,0.9961
54,v1,v6,40.0,80.06,30.0,1.0,0.4003,0.6,4.7292,False,all_direct,4.7009,0.9857
54,v2,v1,20.0,10.44,40.0,0.6,0.0522,0.8,-1.8912,True,all_direct,-1.9135,0.9383
54,v2,v6,20.0,90.0,10.0,0.6,0.45,0.2,-13.6761,True,all_direct,-13.7051,0.4053
54,v3,v4,20.0,40.11,20.0,0.6,0.2006,0.4,-9.4694,True,all_direct,-9.4994,0.6424
54,v3,v11,20.0,90.0,10.0,0.6,0.45,0.2,-13.6761,True,all_direct,-13.7102,0.3967
54,v3,v8,20.0,90.05,20.0,0.6,0.4502,0.4,-15.0887,True,all_direct,-15.1147,0.3445
54,v3,v12,20.0,110.04,20.0,0.6,0.5502,0.4,-16.4818,True,all_direct,-16.5017,0.2869
54,v3,v7,20.0,160.0,10.0,0.6,0.8,0.2,-17.6742,True,all_direct,-17.7052,0.2635
54,v4,v3,40.0,40.11,20.0,1.0,0.2006,0.4,10.5306,False,all_direct,10.5041,0.9951
54,v4,v8,40.0,50.0,0.0,1.0,0.25,0.0,12.8165,False,all_direct,12.7863,0.9951
54,v4,v11,40.0,50.09,30.0,1.0,0.2504,0.6,7.9875,False,all_direct,7.961,0.9912
54,v4,v12,40.0,70.0,0.0,1.0,0.35,0.0,10.4784,False,all_direct,10.4537,0.9941
54,v4,v7,40.0,120.04,10.0,1.0,0.6002,0.2,4.3227,False,all_direct,4.2943,0.9922
55,v1,v2,40.0,30.15,10.0,1.0,0.1507,0.2,13.9232,False,all_direct,13.9011,0.9951
55,v1,v6,40.0,110.04,20.0,1.0,0.5502,0.4,3.5182,False,all_direct,3.4991,0.9867
55,v2,v1,20.0,30.15,10.0,0.6,0.1507,0.2,-6.0768,False,all_direct,-6.1128,0.8443
55,v2,v6,20.0,80.0,10.0,0.6,0.4,0.2,-12.8577,True,all_direct,-12.8726,0.4379
55,v3,v4,20.0,20.22,10.0,0.6,0.1011,0.2,-3.302,False,all_direct,-3.3282,0.9191
55,v3,v8,20.0,70.06,20.0,0.6,0.3503,0.4,-13.3449,True,all_direct,-13.3788,0.4143
55,v3,v12,20.0,90.05,0.0,0.6,0.4502,0.0,-11.2717,True,all_direct,-11.3078,0.523
55,v3,v11,20.0,100.0,20.0,0.6,0.5,0.4,-15.817,True,all_direct,-15.8516,0.3029
55,v3,v7,20.0,150.0,10.0,0.6,0.75,0.2,-17.2257,True,all_direct,-17.2449,0.2967
55,v4,v3,40.0,20.22,10.0,1.0,0.1011,0.2,16.698,False,all_direct,16.6713,0.999
55,v4,v8,40.0,50.0,10.0,1.0,0.25,0.2,10.4082,False,all_direct,10.3876,0.9936
55,v4,v12,40.0,70.0,10.0,1.0,0.35,0.2,8.0702,False,all_direct,8.0569,0.9912
55,v4,v11,40.0,80.06,30.0,1.0,0.4003,0.6,4.7292,False,all_direct,4.7162,0.9824
55,v4,v7,40.0,130.03,0.0,1.0,0.6502,0.0,6.1751,False,all_direct,6.1462,0.9883
56,v1,v2,40.0,20.22,30.0,1.0,0.1011,0.6,14.2897,False,all_direct,14.2693,0.9971
56,v1,v6,40.0,90.05,10.0,1.0,0.4502,0.2,6.32,False,all_direct,6.3082,0.9883
56,v2,v1,20.0,20.22,30.0,0.6,0.1011,0.6,-5.7103,True,all_direct,-5.7436,0.8297
56,v2,v6,20.0,70.0,40.0,0.6,0.35,0.8,-15.1133,True,all_direct,-15.1316,0.3311
56,v3,v4,20.0,10.44,30.0,0.6,0.0522,0.6,-1.1159,True,all_direct,-1.1431,0.9598
56,v3,v8,20.0,50.09,20.0,0.6,0.2504,0.4,-11.013,True,all_direct,-11.0385,0.5275
56,v3,v12,20.0,90.05,30.0,0.6,0.4502,0.6,-16.0882,True,all_direct,-16.1171,0.2982
56,v3,v11,20.0,120.0,10.0,0.6,0.6,0.2,-15.6751,True,all_direct,-15.703,0.3031
56,v3,v7,20.0,140.0,20.0,0.6,0.7,0.4,-18.155,True,all_direct,-18.1638,0.2566
56,v4,v3,40.0,10.44,30.0,1.0,0.0522,0.6,18.8841,False,all_direct,18.8609,0.9961
56,v4,v8,40.0,40.0,10.0,1.0,0.2,0.2,11.9588,False,all_direct,11.9216,0.9951
56,v4,v12,40.0,80.0,0.0,1.0,0.4,0.0,9.5506,False,all_direct,9.5323,0.9951
56,v4,v11,40.0,110.04,20.0,1.0,0.5502,0.4,3.5182,False,all_direct,3.4834,0.9809
56,v4,v7,40.0,130.03,10.0,1.0,0.6502,0.2,3.7668,False,all_direct,3.7445,0.9848
57,v1,v2,40.0,50.09,10.0,1.0,0.2504,0.2,10.3958,False,all_direct,10.3719,0.9961
57,v1,v6,40.0,80.06,20.0,1.0,0.4003,0.4,5.7287,False,all_direct,5.6951,0.9863
57,v2,v6,20.0,30.0,10.0,0.6,0.15,0.2,-6.0422,False,all_direct,-6.0716,0.8105
57,v2,v1,20.0,50.09,10.0,0.6,0.2504,0.2,-9.6042,False,all_direct,-9.6334,0.6211
57,v2,v5,20.0,190.02,20.0,0.6,0.9501,0.4,-20.2779,True,all_direct,-20.2896,0.2006
57,v3,v4,20.0,20.22,40.0,0.6,0.1011,0.8,-6.4855,True,all_direct,-6.4966,0.8168
57,v3,v8,20.0,30.15,30.0,0.6,0.1507,0.6,-8.485,True,all_direct,-8.5035,0.6938
57,v3,v12,20.0,60.07,30.0,0.6,0.3004,0.6,-13.2756,True,all_direct,-13.3014,0.4324
57,v3,v11,20.0,110.0,40.0,0.6,0.55,0.8,-18.254,True,all_direct,-18.289,0.2461
57,v3,v7,20.0,120.0,40.0,0.6,0.6,0.8,-18.8587,True,all_direct,-18.8848,0.243
57,v4,v3,40.0,20.22,40.0,1.0,0.1011,0.8,13.5145,True,all_direct,13.4802,0.9971
57,v4,v8,40.0,50.0,10.0,1.0,0.25,0.2,10.4082,False,all_direct,10.3776,0.9902
57,v4,v12,40.0,80.0,10.0,1.0,0.4,0.2,7.1423,False,all_direct,7.1314,0.9951
57,v4,v11,40.0,130.03,0.0,1.0,0.6502,0.0,6.1751,False,all_direct,6.1658,0.9873
57,v4,v7,40.0,140.03,0.0,1.0,0.7002,0.0,5.6604,False,all_direct,5.6379,0.9883
58,v1,v2,40.0,40.11,10.0,1.0,0.2006,0.2,11.9393,False,all_direct,11.9038,0.9971
58,v1,v6,40.0,60.07,10.0,1.0,0.3004,0.2,9.1327,False,all_direct,9.1009,0.9912
58,v2,v6,20.0,20.0,0.0,0.6,0.1,0.0,-0.8165,False,all_direct,-0.8361,0.9594
58,v2,v1,20.0,40.11,10.0,0.6,0.2006,0.2,-8.0607,False,all_direct,-8.0953,0.7129
58,v2,v5,20.0,170.03,30.0,0.6,0.8501,0.6,-20.5047,True,all_direct,-20.5357,0.2031
58,v3,v4,20.0,20.22,20.0,0.6,0.1011,0.4,-4.7108,True,all_direct,-4.7478,0.8656
58,v3,v8,20.0,60.07,0.0,0.6,0.3004,0.0,-8.4591,True,all_direct,-8.4795,0.6652
58,v3,v12,20.0,90.05,10.0,0.6,0.4502,0.2,-13.68,True,all_direct,-13.7024,0.3955
58,v3,v11,20.0,150.0,20.0,0.6,0.75,0.4,-18.6344,True,all_direct,-18.6607,0.2348
58,v3,v7,20.0,160.0,30.0,0.6,0.8,0.6,-20.0824,True,all_direct,-20.1022,0.2109
58,v4,v3,40.0,20.22,20.0,1.0,0.1011,0.4,15.2892,False,all_direct,15.2631,0.9971
58,v4,v8,40.0,40.0,20.0,1.0,0.2,0.4,10.5501,False,all_direct,10.5219,0.9961
58,v4,v12,40.0,70.0,10.0,1.0,0.35,0.2,8.0702,False,all_direct,8.0445,0.9916
58,v4,v11,40.0,130.03,0.0,1.0,0.6502,0.0,6.1751,False,all_direct,6.1509,0.9805
58,v4,v7,40.0,140.03,10.0,1.0,0.7002,0.2,3.2521,False,all_direct,3.2262,0.9834
59,v1,v2,40.0,30.15,20.0,1.0,0.1507,0.4,12.5145,False,all_direct,12.4892,0.9926
59,v1,v6,40.0,50.09,10.0,1.0,0.2504,0.2,10.3958,False,all_direct,10.3576,0.9951
59,v2,v6,20.0,20.0,10.0,0.6,0.1,0.2,-3.2247,False,all_direct,-3.2477,0.9236
59,v2,v1,20.0,30.15,20.0,0.6,0.1507,0.4,-7.4855,True,all_direct,-7.5179,0.7611
59,v3,v4,20.0,3.0,10.0,0.6,0.015,0.2,9.9578,False,all_direct,9.9326,0.9941
59,v3,v8,20.0,60.07,0.0,0.6,0.3004,0.0,-8.4591,True,all_direct,-8.4912,0.7104
59,v3,v12,20.0,80.06,30.0,0.6,0.4003,0.6,-15.2708,True,all_direct,-15.2917,0.3484
59,v3,v7,20.0,130.0,0.0,0.6,0.65,0.0,-13.8231,True,all_direct,-13.8458,0.3926
59,v3,v11,20.0,130.0,20.0,0.6,0.65,0.4,-17.6401,True,all_direct,-17.6641,0.2826
59,v4,v3,40.0,3.0,10.0,1.0,0.015,0.2,29.9578,False,all_direct,29.9266,0.999
59,v4,v8,40.0,60.0,10.0,1.0,0.3,0.2,9.1413,False,all_direct,9.1122,0.9971
59,v4,v12,40.0,80.0,20.0,1.0,0.4,0.4,5.7336,False,all_direct,5.7021,0.9842
59,v4,v7,40.0,130.03,10.0,1.0,0.6502,0.2,3.7668,False,all_direct,3.7361,0.9838
59,v4,v11,40.0,130.03,10.0,1.0,0.6502,0.2,3.7668,False,all_direct,3.7379,0.9863
60,v1,v2,40.0,10.44,0.0,1.0,0.0522,0.0,23.7006,False,all_direct,23.6819,0.998
60,v1,v6,40.0,40.11,20.0,1.0,0.2006,0.4,10.5306,False,all_direct,10.4967,0.9951
60,v2,v1,20.0,10.44,0.0,0.6,0.0522,0.0,3.7006,False,all_direct,3.6846,0.9854
60,v2,v6,20.0,30.0,20.0,0.6,0.15,0.4,-7.4509,True,all_direct,-7.4817,0.7641
60,v3,v4,20.0,10.44,20.0,0.6,0.0522,0.4,-0.1164,True,all_direct,-0.1538,0.9582
60,v3,v8,20.0,60.07,30.0,0.6,0.3004,0.6,-13.2756,True,all_direct,-13.3017,0.4242
60,v3,v12,20.0,110.04,10.0,0.6,0.5502,0.2,-15.0731,True,all_direct,-15.0955,0.3482
60,v3,v7,20.0,130.0,30.0,0.6,0.65,0.6,-18.6396,True,all_direct,-18.6599,0.2336
60,v3,v11,20.0,150.0,20.0,0.6,0.75,0.4,-18.6344,True,all_direct,-18.6536,0.2441
60,v4,v3,40.0,10.44,20.0,1.0,0.0522,0.4,19.8836,False,all_direct,19.8537,0.999
60,v4,v8,40.0,50.0,10.0,1.0,0.25,0.2,10.4082,False,all_direct,10.3756,0.9936
60,v4,v12,40.0,100.0,30.0,1.0,0.5,0.6,3.1835,True,all_direct,3.1507,0.9838
60,v4,v7,40.0,120.04,10.0,1.0,0.6002,0.2,4.3227,False,all_direct,4.2973,0.9873
60,v4,v11,40.0,140.03,0.0,1.0,0.7002,0.0,5.6604,False,all_direct,5.6427,0.9893
61,v1,v2,40.0,10.44,0.0,1.0,0.0522,0.0,23.7006,False,all_direct,23.683,0.998
61,v1,v6,40.0,60.07,0.0,1.0,0.3004,0.0,11.5409,False,all_direct,11.5155,0.9941
61,v2,v1,20.0,10.44,0.0,0.6,0.0522,0.0,3.7006,False,all_direct,3.6709,0.9785
61,v2,v6,20.0,50.0,0.0,0.6,0.25,0.0,-7.1835,False,all_direct,-7.2142,0.7732
61,v3,v4,20.0,10.44,10.0,0.6,0.0522,0.2,1.2923,False,all_direct,1.2612,0.9799
61,v3,v8,20.0,30.15,10.0,0.6,0.1507,0.2,-6.0768,False,all_direct,-6.1061,0.8156
61,v3,v7,20.0,100.0,0.0,0.6,0.5,0.0,-12.0,True,all_direct,-12.0338,0.5057
61,v3,v12,20.0,120.04,40.0,0.6,0.6002,0.8,-18.8608,True,all_direct,-18.9031,0.2324
61,v3,v11,20.0,130.0,0.0,0.6,0.65,0.0,-13.8231,True,all_direct,-13.8532,0.4084
61,v4,v3,40.0,10.44,10.0,1.0,0.0522,0.2,21.2923,False,all_direct,21.2719,0.9971
61,v4,v8,40.0,40.0,0.0,1.0,0.2,0.0,14.367,False,all_direct,14.3315,0.9941
61,v4,v7,40.0,110.04,10.0,1.0,0.5502,0.2,4.9269,False,all_direct,4.9078,0.9848
61,v4,v12,40.0,130.0,30.0,1.0,0.65,0.6,1.3604,True,all_direct,1.3423,0.9711
61,v4,v11,40.0,140.03,10.0,1.0,0.7002,0.2,3.2521,False,all_direct,3.2302,0.9818
62,v1,v2,40.0,10.44,30.0,1.0,0.0522,0.6,18.8841,False,all_direct,18.8681,0.9961
62,v1,v6,40.0,60.07,0.0,1.0,0.3004,0.0,11.5409,False,all_direct,11.5076,0.9971
62,v2,v1,20.0,10.44,30.0,0.6,0.0522,0.6,-1.1159,True,all_direct,-1.1497,0.952
62,v2,v6,20.0,50.0,30.0,0.6,0.25,0.6,-12.0,True,all_direct,-12.0243,0.4752
62,v3,v4,20.0,3.0,10.0,0.6,0.015,0.2,9.9578,False,all_direct,9.9297,0.9961
62,v3,v8,20.0,40.11,10.0,0.6,0.2006,0.2,-8.0607,False,all_direct,-8.0893,0.7117
62,v3,v7,20.0,100.0,10.0,0.6,0.5,0.2,-14.4082,True,all_direct,-14.445,0.3873
62,v3,v11,20.0,130.0,10.0,0.6,0.65,0.2,-16.2313,True,all_direct,-16.2635,0.302
62,v3,v12,20.0,160.03,20.0,0.6,0.8001,0.4,-19.0841,True,all_direct,-19.1157,0.2365
62,v4,v3,40.0,3.0,10.0,1.0,0.015,0.2,29.9578,False,all_direct,29.92,0.998
62,v4,v8,40.0,40.0,20.0,1.0,0.2,0.4,10.5501,False,all_direct,10.5301,0.9922
62,v4,v7,40.0,100.04,0.0,1.0,0.5002,0.0,7.9969,False,all_direct,7.9666,0.9932
62,v4,v11,40.0,130.03,0.0,1.0,0.6502,0.0,6.1751,False,all_direct,6.1521,0.9877
62,v4,v12,40.0,160.0,10.0,1.0,0.8,0.2,2.3258,True,all_direct,2.3039,0.9789
63,v1,v2,40.0,20.22,40.0,1.0,0.1011,0.8,13.5145,True,all_direct,13.4895,0.9926
63,v1,v6,40.0,60.07,30.0,1.0,0.3004,0.6,6.7244,False,all_direct,6.705,0.9941
63,v2,v1,20.0,20.22,40.0,0.6,0.1011,0.8,-6.4855,True,all_direct,-6.5039,0.8021
63,v2,v6,20.0,80.0,10.0,0.6,0.4,0.2,-12.8577,True,all_direct,-12.8665,0.4252
63,v3,v4,20.0,10.44,10.0,0.6,0.0522,0.2,1.2923,False,all_direct,1.2683,0.975
63,v3,v8,20.0,50.09,20.0,0.6,0.2504,0.4,-11.013,True,all_direct,-11.0414,0.5357
63,v3,v7,20.0,90.0,10.0,0.6,0.45,0.2,-13.6761,True,all_direct,-13.7021,0.3955
63,v3,v11,20.0,120.0,10.0,0.6,0.6,0.2,-15.6751,True,all_direct,-15.6922,0.3316
63,v3,v12,20.0,140.03,0.0,0.6,0.7002,0.0,-14.3396,True,all_direct,-14.3648,0.3689
63,v4,v3,40.0,10.44,10.0,1.0,0.0522,0.2,21.2923,False,all_direct,21.2644,0.9971
63,v4,v8,40.0,60.0,30.0,1.0,0.3,0.6,6.7331,False,all_direct,6.7041,0.9902
63,v4,v7,40.0,100.04,0.0,1.0,0.5002,0.0,7.9969,False,all_direct,7.9735,0.9922
63,v4,v11,40.0,130.03,20.0,1.0,0.6502,0.4,2.3581,True,all_direct,2.3297,0.9779
63,v4,v12,40.0,150.0,10.0,1.0,0.75,0.2,2.7743,False,all_direct,2.7508,0.9844
64,v1,v6,40.0,30.15,10.0,1.0,0.1507,0.2,13.9232,False,all_direct,13.8998,0.9951
64,v1,v2,40.0,60.07,20.0,1.0,0.3004,0.4,7.7239,False,all_direct,7.6904,0.9902
64,v2,v1,20.0,60.07,20.0,0.6,0.3004,0.4,-12.2761,True,all_direct,-12.3038,0.4635
64,v2,v6,20.0,90.0,10.0,0.6,0.45,0.2,-13.6761,True,all_direct,-13.7158,0.4143
64,v3,v4,20.0,20.22,10.0,0.6,0.1011,0.2,-3.302,False,all_direct,-3.3223,0.909
64,v3,v8,20.0,70.06,10.0,0.6,0.3503,0.2,-11.9362,True,all_direct,-11.9675,0.4949
64,v3,v7,20.0,80.0,0.0,0.6,0.4,0.0,-10.4494,True,all_direct,-10.4769,0.5832
64,v3,v11,20.0,130.0,20.0,0.6,0.65,0.4,-17.6401,True,all_direct,-17.6751,0.2668
64,v3,v12,20.0,140.03,10.0,0.6,0.7002,0.2,-16.7479,True,all_direct,-16.7632,0.2855
64,v4,v3,40.0,20.22,10.0,1.0,0.1011,0.2,16.698,False,all_direct,16.6705,0.9971
64,v4,v8,40.0,90.0,20.0,1.0,0.45,0.4,4.9151,False,all_direct,4.8911,0.9877
64,v4,v7,40.0,100.04,10.0,1.0,0.5002,0.2,5.5886,False,all_direct,5.5477,0.9873
64,v4,v11,40.0,150.03,30.0,1.0,0.7501,0.6,0.3647,True,all_direct,0.3345,0.976
64,v4,v12,40.0,160.0,20.0,1.0,0.8,0.4,0.9171,True,all_direct,0.8889,0.9744
65,v1,v6,40.0,20.22,10.0,1.0,0.1011,0.2,16.698,False,all_direct,16.6749,0.998
65,v1,v2,40.0,80.06,20.0,1.0,0.4003,0.4,5.7287,False,all_direct,5.7051,0.9893
65,v2,v1,20.0,80.06,20.0,0.6,0.4003,0.4,-14.2713,True,all_direct,-14.3056,0.3939
65,v2,v6,20.0,100.0,30.0,0.6,0.5,0.6,-16.8165,True,all_direct,-16.8415,0.2824
65,v3,v4,20.0,30.15,40.0,0.6,0.1507,0.8,-9.2603,True,all_direct,-9.2775,0.642
65,v3,v7,20.0,80.0,20.0,0.6,0.4,0.4,-14.2664,True,all_direct,-14.2896,0.3883
65,v3,v8,20.0,80.06,30.0,0.6,0.4003,0.6,-15.2708,True,all_direct,-15.3135,0.315
65,v3,v11,20.0,150.0,30.0,0.6,0.75,0.6,-19.6339,True,all_direct,-19.6663,0.2197
65,v3,v12,20.0,150.03,30.0,0.6,0.7501,0.6,-19.6353,True,all_direct,-19.6637,0.2217
65,v4,v3,40.0,30.15,40.0,1.0,0.1507,0.8,10.7397,True,all_direct,10.713,0.998
65,v4,v8,40.0,110.0,10.0,1.0,0.55,0.2,4.9295,False,all_direct,4.8896,0.9854
65,v4,v7,40.0,110.04,20.0,1.0,0.5502,0.4,3.5182,False,all_direct,3.4902,0.9844
65,v4,v12,40.0,180.0,10.0,1.0,0.9,0.2,1.5074,True,all_direct,1.4765,0.9707
65,v4,v11,40.0,180.02,10.0,1.0,0.9001,0.2,1.5064,True,all_direct,1.4737,0.973
66,v1,v6,40.0,10.44,20.0,1.0,0.0522,0.4,19.8836,False,all_direct,19.8569,0.998
66,v1,v2,40.0,60.07,20.0,1.0,0.3004,0.4,7.7239,False,all_direct,7.6989,0.9906
66,v2,v1,20.0,60.07,20.0,0.6,0.3004,0.4,-12.2761,True,all_direct,-12.2867,0.4756
66,v2,v6,20.0,70.0,0.0,0.6,0.35,0.0,-9.5216,True,all_direct,-9.5524,0.6467
66,v3,v4,20.0,10.44,10.0,0.6,0.0522,0.2,1.2923,False,all_direct,1.2794,0.975
66,v3,v7,20.0,100.0,20.0,0.6,0.5,0.4,-15.817,True,all_direct,-15.8451,0.3336
66,v3,v8,20.0,110.04,0.0,0.6,0.5502,0.0,-12.6649,True,all_direct,-12.7053,0.4836
66,v3,v11,20.0,180.0,30.0,0.6,0.9,0.6,-20.9008,True,all_direct,-20.9175,0.215
66,v3,v12,20.0,180.02,10.0,0.6,0.9001,0.2,-18.4936,True,all_direct,-18.5201,0.2336
66,v4,v3,40.0,10.44,10.0,1.0,0.0522,0.2,21.2923,False,all_direct,21.268,0.9971
66,v4,v7,40.0,90.05,30.0,1.0,0.4502,0.6,3.9118,True,all_direct,3.8828,0.9809
66,v4,v8,40.0,100.0,10.0,1.0,0.5,0.2,5.5918,False,all_direct,5.5752,0.9893
66,v4,v12,40.0,170.0,20.0,1.0,0.85,0.4,0.4958,True,all_direct,0.4683,0.9682
66,v4,v11,40.0,170.03,40.0,1.0,0.8501,0.8,-1.28,True,all_direct,-1.3158,0.9602
67,v1,v6,40.0,30.15,30.0,1.0,0.1507,0.6,11.515,False,all_direct,11.4935,0.9951
67,v1,v2,40.0,40.11,30.0,1.0,0.2006,0.6,9.5311,False,all_direct,9.5047,0.9912
67,v2,v1,20.0,40.11,30.0,0.6,0.2006,0.6,-10.4689,True,all_direct,-10.4929,0.5871
67,v2,v6,20.0,70.0,0.0,0.6,0.35,0.0,-9.5216,True,all_direct,-9.5444,0.6313
67,v3,v4,20.0,20.22,10.0,0.6,0.1011,0.2,-3.302,False,all_direct,-3.3273,0.9115
67,v3,v7,20.0,80.0,40.0,0.6,0.4,0.8,-16.0412,True,all_direct,-16.0756,0.3117
67,v3,v8,20.0,110.04,20.0,0.6,0.5502,0.4,-16.4818,True,all_direct,-16.5105,0.2861
67,v3,v11,20.0,150.0,0.0,0.6,0.75,0.0,-14.8175,True,all_direct,-14.8484,0.3469
67,v3,v12,20.0,170.03,20.0,0.6,0.8501,0.4,-19.5052,True,all_direct,-19.536,0.233
67,v4,v3,40.0,20.22,10.0,1.0,0.1011,0.2,16.698,False,all_direct,16.6747,0.999
67,v4,v7,40.0,60.07,30.0,1.0,0.3004,0.6,6.7244,False,all_direct,6.7018,0.9896
67,v4,v8,40.0,90.0,10.0,1.0,0.45,0.2,6.3239,False,all_direct,6.2936,0.9893
67,v4,v11,40.0,130.03,10.0,1.0,0.6502,0.2,3.7668,False,all_direct,3.7375,0.9832
67,v4,v12,40.0,150.0,10.0,1.0,0.75,0.2,2.7743,False,all_direct,2.7544,0.9912
68,v1,v6,40.0,3.0,40.0,1.0,0.015,0.8,26.7743,True,all_direct,26.7435,0.998
68,v1,v2,40.0,70.06,10.0,1.0,0.3503,0.2,8.0638,False,all_direct,8.034,0.9951
68,v1,v13,40.0,180.0,30.0,1.0,0.9,0.6,-0.9008,True,all_direct,-0.9276,0.9598
68,v2,v6,20.0,70.0,30.0,0.6,0.35,0.6,-14.338,True,all_direct,-14.3738,0.3703
68,v2,v1,20.0,70.06,10.0,0.6,0.3503,0.2,-11.9362,True,all_direct,-11.955,0.4922
68,v3,v4,20.0,10.44,30.0,0.6,0.0522,0.6,-1.1159,True,all_direct,-1.1443,0.9451
68,v3,v7,20.0,40.0,10.0,0.6,0.2,0.2,-8.0412,False,all_direct,-8.0702,0.7203
68,v3,v8,20.0,90.05,10.0,0.6,0.4502,0.2,-13.68,True,all_direct,-13.709,0.4186
68,v3,v11,20.0,150.0,0.0,0.6,0.75,0.0,-14.8175,True,all_direct,-14.8556,0.3512
68,v3,v12,20.0,150.03,10.0,0.6,0.7501,0.2,-17.2271,True,all_direct,-17.2542,0.2881
68,v4,v3,40.0,10.44,30.0,1.0,0.0522,0.6,18.8841,False,all_direct,18.8553,0.9961
68,v4,v7,40.0,30.15,20.0,1.0,0.1507,0.4,12.5145,False,all_direct,12.4914,0.9961
68,v4,v8,40.0,80.0,40.0,1.0,0.4,0.8,3.9588,True,all_direct,3.9366,0.9883
68,v4,v12,40.0,140.0,20.0,1.0,0.7,0.4,1.845,True,all_direct,1.8224,0.9799
68,v4,v11,40.0,140.03,30.0,1.0,0.7002,0.6,0.8439,True,all_direct,0.8135,0.9598
69,v1,v6,40.0,40.11,30.0,1.0,0.2006,0.6,9.5311,False,all_direct,9.5146,0.9932
69,v1,v2,40.0,80.06,10.0,1.0,0.4003,0.2,7.1374,False,all_direct,7.1051,0.9887
69,v1,v13,40.0,150.0,0.0,1.0,0.75,0.0,5.1825,False,all_direct,5.1557,0.9922
69,v2,v6,20.0,40.0,20.0,0.6,0.2,0.4,-9.4499,True,all_direct,-9.4699,0.6258
69,v2,v1,20.0,80.06,10.0,0.6,0.4003,0.2,-12.8626,True,all_direct,-12.8894,0.4332
69,v3,v4,20.0,40.11,30.0,0.6,0.2006,0.6,-10.4689,True,all_direct,-10.5065,0.5617
69,v3,v7,20.0,50.0,20.0,0.6,0.25,0.4,-11.0005,True,all_direct,-11.0188,0.5486
69,v3,v8,20.0,80.06,0.0,0.6,0.4003,0.0,-10.4543,True,all_direct,-10.4925,0.5988
69,v3,v11,20.0,150.0,30.0,0.6,0.75,0.6,-19.6339,True,all_direct,-19.6446,0.2156
69,v3,v12,20.0,160.03,10.0,0.6,0.8001,0.2,-17.6754,True,all_direct,-17.7042,0.2455
69,v4,v7,40.0,10.44,10.0,1.0,0.0522,0.2,21.2923,False,all_direct,21.2578,1.0
69,v4,v8,40.0,40.0,30.0,1.0,0.2,0.6,9.5506,False,all_direct,9.5185,0.9951
69,v4,v3,40.0,40.11,30.0,1.0,0.2006,0.6,9.5311,False,all_direct,9.511,0.9922
69,v4,v11,40.0,110.04,0.0,1.0,0.5502,0.0,7.3351,False,all_direct,7.3125,0.9932
69,v4,v12,40.0,120.0,20.0,1.0,0.6,0.4,2.9161,False,all_direct,2.8854,0.9824
70,v1,v6,40.0,70.06,10.0,1.0,0.3503,0.2,8.0638,False,all_direct,8.033,0.9941
70,v1,v2,40.0,90.05,0.0,1.0,0.4502,0.0,8.7283,False,all_direct,8.6983,0.9932
70,v1,v13,40.0,150.0,30.0,1.0,0.75,0.6,0.3661,True,all_direct,0.3369,0.9672
70,v1,v5,40.0,180.0,30.0,1.0,0.9,0.6,-0.9008,True,all_direct,-0.9263,0.9531
70,v2,v6,20.0,20.0,10.0,0.6,0.1,0.2,-3.2247,False,all_direct,-3.2493,0.9168
70,v2,v1,20.0,90.05,0.0,0.6,0.4502,0.0,-11.2717,True,all_direct,-11.2976,0.5178
70,v3,v7,20.0,70.0,30.0,0.6,0.35,0.6,-14.338,True,all_direct,-14.3648,0.3857
70,v3,v4,20.0,70.06,10.0,0.6,0.3503,0.2,-11.9362,True,all_direct,-11.957,0.5
70,v3,v8,20.0,80.06,10.0,0.6,0.4003,0.2,-12.8626,True,all_direct,-12.8731,0.4504
70,v3,v12,20.0,170.03,0.0,0.6,0.8501,0.0,-15.6883,True,all_direct,-15.7104,0.3156
70,v3,v11,20.0,180.0,10.0,0.6,0.9,0.2,-18.4926,True,all_direct,-18.5248,0.2449
70,v4,v7,40.0,3.0,20.0,1.0,0.015,0.4,28.5491,False,all_direct,28.5108,0.9971
70,v4,v8,40.0,10.0,0.0,1.0,0.05,0.0,24.0,False,all_direct,23.9674,1.0
70,v4,v3,40.0,70.06,10.0,1.0,0.3503,0.2,8.0638,False,all_direct,8.0343,0.9922
70,v4,v12,40.0,100.0,10.0,1.0,0.5,0.2,5.5918,False,all_direct,5.577,0.9867
70,v4,v11,40.0,110.04,0.0,1.0,0.5502,0.0,7.3351,False,all_direct,7.3115,0.9893
71,v1,v6,40.0,60.07,30.0,1.0,0.3004,0.6,6.7244,False,all_direct,6.701,0.9893
71,v1,v2,40.0,90.05,0.0,1.0,0.4502,0.0,8.7283,False,all_direct,8.7139,0.9941
71,v1,v13,40.0,180.0,30.0,1.0,0.9,0.6,-0.9008,True,all_direct,-0.9155,0.9514
71,v2,v6,20.0,30.0,30.0,0.6,0.15,0.6,-8.4504,True,all_direct,-8.4859,0.692
71,v2,v1,20.0,90.05,0.0,0.6,0.4502,0.0,-11.2717,True,all_direct,-11.2914,0.5146
71,v3,v7,20.0,40.0,30.0,0.6,0.2,0.6,-10.4494,True,all_direct,-10.4806,0.5949
71,v3,v4,20.0,60.07,30.0,0.6,0.3004,0.6,-13.2756,True,all_direct,-13.2933,0.4141
71,v3,v8,20.0,70.06,0.0,0.6,0.3503,0.0,-9.5279,True,all_direct,-9.5504,0.6434
71,v3,v11,20.0,170.0,20.0,0.6,0.85,0.4,-19.5042,True,all_direct,-19.5299,0.1936
71,v3,v12,20.0,170.03,30.0,0.6,0.8501,0.6,-20.5047,True,all_direct,-20.54,0.2137
71,v4,v8,40.0,10.0,30.0,1.0,0.05,0.6,19.1835,False,all_direct,19.1662,0.999
71,v4,v7,40.0,20.22,0.0,1.0,0.1011,0.0,19.1062,False,all_direct,19.0712,0.9951
71,v4,v3,40.0,60.07,30.0,1.0,0.3004,0.6,6.7244,False,all_direct,6.6876,0.9941
71,v4,v12,40.0,110.0,0.0,1.0,0.55,0.0,7.3377,False,all_direct,7.3172,0.9951
71,v4,v11,40.0,110.04,10.0,1.0,0.5502,0.2,4.9269,False,all_direct,4.8855,0.9834
72,v1,v2,40.0,90.05,0.0,1.0,0.4502,0.0,8.7283,False,all_direct,8.6947,0.9941
72,v1,v6,40.0,90.05,10.0,1.0,0.4502,0.2,6.32,False,all_direct,6.2781,0.9902
72,v1,v13,40.0,150.0,10.0,1.0,0.75,0.2,2.7743,False,all_direct,2.7556,0.9932
72,v2,v6,20.0,0.0,10.0,0.6,0.0,0.2,33.5918,False,all_direct,33.5636,1.0
72,v2,v1,20.0,90.05,0.0,0.6,0.4502,0.0,-11.2717,True,all_direct,-11.299,0.5141
72,v3,v7,20.0,70.0,30.0,0.6,0.35,0.6,-14.338,True,all_direct,-14.3636,0.3496
72,v3,v8,20.0,70.06,10.0,0.6,0.3503,0.2,-11.9362,True,all_direct,-11.9714,0.498
72,v3,v4,20.0,90.05,10.0,0.6,0.4502,0.2,-13.68,True,all_direct,-13.711,0.41
72,v3,v11,20.0,190.0,10.0,0.6,0.95,0.2,-18.8683,True,all_direct,-18.9005,0.234
72,v4,v8,40.0,20.0,20.0,1.0,0.1,0.4,15.3666,False,all_direct,15.3339,0.9971
72,v4,v7,40.0,20.22,40.0,1.0,0.1011,0.8,13.5145,True,all_direct,13.4925,0.9971
72,v4,v3,40.0,90.05,10.0,1.0,0.4502,0.2,6.32,False,all_direct,6.2978,0.9912
72,v4,v11,40.0,100.04,20.0,1.0,0.5002,0.4,4.1799,False,all_direct,4.1538,0.9814
72,v4,v12,40.0,110.0,0.0,1.0,0.55,0.0,7.3377,False,all_direct,7.3181,0.9922
73,v1,v2,40.0,90.05,0.0,1.0,0.4502,0.0,8.7283,False,all_direct,8.7024,0.9922
73,v1,v6,40.0,100.04,30.0,1.0,0.5002,0.6,3.1804,True,all_direct,3.1532,0.9873
73,v1,v13,40.0,140.0,40.0,1.0,0.7,0.8,0.0702,True,all_direct,0.0428,0.9633
73,v1,v5,40.0,200.0,0.0,1.0,1.0,0.0,3.1835,True,all_direct,3.1621,0.9854
73,v2,v6,20.0,10.0,30.0,0.6,0.05,0.6,-0.8165,True,all_direct,-0.8408,0.9627
73,v2,v1,20.0,90.05,0.0,0.6,0.4502,0.0,-11.2717,True,all_direct,-11.2877,0.5389
73,v3,v7,20.0,40.0,40.0,0.6,0.2,0.8,-11.2247,True,all_direct,-11.2542,0.5393
73,v3,v8,20.0,60.07,0.0,0.6,0.3004,0.0,-8.4591,True,all_direct,-8.484,0.6852
73,v3,v4,20.0,100.04,30.0,0.6,0.5002,0.6,-16.8196,True,all_direct,-16.8483,0.2773
73,v3,v11,20.0,180.0,30.0,0.6,0.9,0.6,-20.9008,True,all_direct,-20.9158,0.1971
73,v4,v8,40.0,40.0,30.0,1.0,0.2,0.6,9.5506,False,all_direct,9.5222,0.9932
73,v4,v7,40.0,60.07,10.0,1.0,0.3004,0.2,9.1327,False,all_direct,9.1097,0.9922
73,v4,v11,40.0,80.06,0.0,1.0,0.4003,0.0,9.5457,False,all_direct,9.5165,0.9902
73,v4,v3,40.0,100.04,30.0,1.0,0.5002,0.6,3.1804,True,all_direct,3.1611,0.9838
73,v4,v12,40.0,110.0,30.0,1.0,0.55,0.6,2.5212,True,all_direct,2.504,0.977
74,v1,v6,40.0,70.06,10.0,1.0,0.3503,0.2,8.0638,False,all_direct,8.0527,0.9896
74,v1,v2,40.0,90.05,20.0,1.0,0.4502,0.4,4.9113,False,all_direct,4.874,0.9834
74,v1,v13,40.0,180.0,40.0,1.0,0.9,0.8,-1.6761,True,all_direct,-1.7047,0.9432
74,v1,v5,40.0,200.0,0.0,1.0,1.0,0.0,3.1835,True,all_direct,3.1532,0.9783
74,v2,v6,20.0,20.0,10.0,0.6,0.1,0.2,-3.2247,False,all_direct,-3.2535,0.9174
74,v2,v1,20.0,90.05,20.0,0.6,0.4502,0.4,-15.0887,True,all_direct,-15.1125,0.332
74,v3,v7,20.0,0.0,20.0,0.6,0.0,0.4,32.183,True,all_direct,32.1597,1.0
74,v3,v8,20.0,60.07,0.0,0.6,0.3004,0.0,-8.4591,True,all_direct,-8.4849,0.7068
74,v3,v4,20.0,70.06,30.0,0.6,0.3503,0.6,-14.3444,True,all_direct,-14.3786,0.342
74,v3,v11,20.0,150.0,20.0,0.6,0.75,0.4,-18.6344,True,all_direct,-18.6587,0.2213
74,v4,v8,40.0,10.0,30.0,1.0,0.05,0.6,19.1835,False,all_direct,19.1597,0.9961
74,v4,v3,40.0,70.06,30.0,1.0,0.3503,0.6,5.6556,False,all_direct,5.6392,0.9873
74,v4,v7,40.0,70.06,10.0,1.0,0.3503,0.2,8.0638,False,all_direct,8.0243,0.9932
74,v4,v11,40.0,80.06,10.0,1.0,0.4003,0.2,7.1374,False,all_direct,7.1246,0.9893
74,v4,v12,40.0,140.0,20.0,1.0,0.7,0.4,1.845,True,all_direct,1.818,0.9783
75,v1,v6,40.0,80.06,10.0,1.0,0.4003,0.2,7.1374,False,all_direct,7.1235,0.9902
75,v1,v2,40.0,110.04,40.0,1.0,0.5502,0.8,1.7434,True,all_direct,1.7138,0.9793
75,v1,v13,40.0,140.0,20.0,1.0,0.7,0.4,1.845,True,all_direct,1.8284,0.976
75,v1,v14,40.0,170.03,30.0,1.0,0.8501,0.6,-0.5047,True,all_direct,-0.5381,0.9662
75,v1,v5,40.0,200.0,30.0,1.0,1.0,0.6,-1.633,True,all_direct,-1.6644,0.9521
75,v2,v6,20.0,30.0,30.0,0.6,0.15,0.6,-8.4504,True,all_direct,-8.4808,0.7082
75,v2,v1,20.0,110.04,40.0,0.6,0.5502,0.8,-18.2566,True,all_direct,-18.297,0.2527
75,v3,v7,20.0,20.0,20.0,0.6,0.1,0.4,-4.6334,True,all_direct,-4.657,0.8969
75,v3,v8,20.0,60.07,10.0,0.6,0.3004,0.2,-10.8673,True,all_direct,-10.9039,0.5492
75,v3,v4,20.0,100.04,20.0,0.6,0.5002,0.4,-15.8201,True,all_direct,-15.8413,0.3369
75,v3,v11,20.0,170.0,20.0,0.6,0.85,0.4,-19.5042,True,all_direct,-19.5364,0.1988
75,v4,v8,40.0,40.0,10.0,1.0,0.2,0.2,11.9588,False,all_direct,11.9268,0.9961
75,v4,v11,40.0,70.06,0.0,1.0,0.3503,0.0,10.4721,False,all_direct,10.4398,0.9906
75,v4,v7,40.0,80.06,0.0,1.0,0.4003,0.0,9.5457,False,all_direct,9.5283,0.998
75,v4,v3,40.0,100.04,20.0,1.0,0.5002,0.4,4.1799,False,all_direct,4.1649,0.9818
75,v4,v12,40.0,120.0,30.0,1.0,0.6,0.6,1.9166,True,all_direct,1.895,0.9729
76,v1,v6,40.0,90.05,20.0,1.0,0.4502,0.4,4.9113,False,all_direct,4.8788,0.9828
76,v1,v13,40.0,120.0,20.0,1.0,0.6,0.4,2.9161,False,all_direct,2.8959,0.9873
76,v1,v14,40.0,140.03,0.0,1.0,0.7002,0.0,5.6604,False,all_direct,5.6417,0.9842
76,v1,v2,40.0,150.03,0.0,1.0,0.7501,0.0,5.1812,False,all_direct,5.1554,0.9912
76,v1,v5,40.0,170.0,0.0,1.0,0.85,0.0,4.3128,True,all_direct,4.2851,0.9883
76,v2,v6,20.0,60.0,20.0,0.6,0.3,0.4,-12.2674,True,all_direct,-12.2974,0.4764
76,v2,v1,20.0,150.03,0.0,0.6,0.7501,0.0,-14.8188,True,all_direct,-14.8477,0.3207
76,v3,v7,20.0,0.0,10.0,0.6,0.0,0.2,33.5918,False,all_direct,33.5544,1.0
76,v3,v8,20.0,50.09,40.0,0.6,0.2504,0.8,-12.7878,True,all_direct,-12.8085,0.4689
76,v3,v4,20.0,80.06,30.0,0.6,0.4003,0.6,-15.2708,True,all_direct,-15.2936,0.3463
76,v3,v11,20.0,150.0,40.0,0.6,0.75,0.8,-20.4092,True,all_direct,-20.4311,0.1813
76,v4,v8,40.0,30.0,10.0,1.0,0.15,0.2,13.9578,False,all_direct,13.9236,0.9932
76,v4,v11,40.0,70.06,10.0,1.0,0.3503,0.2,8.0638,False,all_direct,8.0374,0.9941
76,v4,v3,40.0,80.06,30.0,1.0,0.4003,0.6,4.7292,False,all_direct,4.7103,0.9922
76,v4,v7,40.0,80.06,20.0,1.0,0.4003,0.4,5.7287,False,all_direct,5.7037,0.9877
76,v4,v12,40.0,150.0,10.0,1.0,0.75,0.2,2.7743,False,all_direct,2.7474,0.977
77,v1,v13,40.0,100.0,0.0,1.0,0.5,0.0,8.0,False,all_direct,7.9782,0.9912
77,v1,v6,40.0,110.04,10.0,1.0,0.5502,0.2,4.9269,False,all_direct,4.9004,0.9887
77,v1,v14,40.0,140.03,20.0,1.0,0.7002,0.4,1.8434,True,all_direct,1.8157,0.9803
77,v1,v2,40.0,150.03,0.0,1.0,0.7501,0.0,5.1812,False,all_direct,5.1623,0.9883
77,v1,v5,40.0,170.0,20.0,1.0,0.85,0.4,0.4958,True,all_direct,0.4792,0.967
77,v2,v6,20.0,40.0,10.0,0.6,0.2,0.2,-8.0412,False,all_direct,-8.0512,0.7203
77,v2,v1,20.0,150.03,0.0,0.6,0.7501,0.0,-14.8188,True,all_direct,-14.8476,0.3352
77,v3,v7,20.0,10.0,10.0,0.6,0.05,0.2,1.5918,False,all_direct,1.5703,0.9779
77,v3,v8,20.0,10.44,30.0,0.6,0.0522,0.6,-1.1159,True,all_direct,-1.1474,0.9512
77,v3,v4,20.0,50.09,40.0,0.6,0.2504,0.8,-12.7878,True,all_direct,-12.8272,0.458
77,v3,v11,20.0,110.0,20.0,0.6,0.55,0.4,-16.4793,True,all_direct,-16.501,0.2965
77,v3,v12,20.0,190.02,40.0,0.6,0.9501,0.8,-22.0527,True,all_direct,-22.0697,0.1842
77,v4,v8,40.0,40.0,10.0,1.0,0.2,0.2,11.9588,False,all_direct,11.9253,0.999
77,v4,v3,40.0,50.09,40.0,1.0,0.2504,0.8,7.2122,True,all_direct,7.1901,0.9941
77,v4,v7,40.0,60.07,30.0,1.0,0.3004,0.6,6.7244,False,all_direct,6.6982,0.9883
77,v4,v11,40.0,60.07,20.0,1.0,0.3004,0.4,7.7239,False,all_direct,7.6989,0.9941
77,v4,v12,40.0,140.0,0.0,1.0,0.7,0.0,5.662,False,all_direct,5.6308,0.9922
78,v1,v13,40.0,100.0,30.0,1.0,0.5,0.6,3.1835,True,all_direct,3.1647,0.9844
78,v1,v6,40.0,100.04,40.0,1.0,0.5002,0.8,2.4051,True,all_direct,2.3693,0.9785
78,v1,v5,40.0,150.0,20.0,1.0,0.75,0.4,1.3656,True,all_direct,1.3312,0.9754
78,v1,v2,40.0,150.03,0.0,1.0,0.7501,0.0,5.1812,False,all_direct,5.1539,0.9883
78,v1,v14,40.0,160.03,30.0,1.0,0.8001,0.6,-0.0836,True,all_direct,-0.1139,0.9564
78,v2,v6,20.0,50.0,40.0,0.6,0.25,0.8,-12.7753,True,all_direct,-12.7988,0.468
78,v2,v1,20.0,150.03,0.0,0.6,0.7501,0.0,-14.8188,True,all_direct,-14.8394,0.3414
78,v3,v4,20.0,10.44,40.0,0.6,0.0522,0.8,-1.8912,True,all_direct,-1.9158,0.9494
78,v3,v7,20.0,20.0,10.0,0.6,0.1,0.2,-3.2247,False,all_direct,-3.2499,0.9328
78,v3,v8,20.0,20.22,20.0,0.6,0.1011,0.4,-4.7108,True,all_direct,-4.7433,0.8816
78,v3,v11,20.0,90.0,20.0,0.6,0.45,0.4,-15.0849,True,all_direct,-15.1123,0.3359
78,v3,v12,20.0,150.03,0.0,0.6,0.7501,0.0,-14.8188,True,all_direct,-14.8386,0.3379
78,v4,v3,40.0,10.44,40.0,1.0,0.0522,0.8,18.1088,True,all_direct,18.0838,0.998
78,v4,v8,40.0,30.0,20.0,1.0,0.15,0.4,12.5491,False,all_direct,12.5173,0.9941
78,v4,v7,40.0,30.15,30.0,1.0,0.1507,0.6,11.515,False,all_direct,11.4923,0.9951
78,v4,v11,40.0,80.06,20.0,1.0,0.4003,0.4,5.7287,False,all_direct,5.6998,0.9922
78,v4,v12,40.0,140.0,40.0,1.0,0.7,0.8,0.0702,True,all_direct,0.04,0.9688
79,v1,v6,40.0,60.07,20.0,1.0,0.3004,0.4,7.7239,False,all_direct,7.7026,0.9863
79,v1,v13,40.0,130.0,40.0,1.0,0.65,0.8,0.5851,True,all_direct,0.5576,0.974
79,v1,v2,40.0,150.03,30.0,1.0,0.7501,0.6,0.3647,True,all_direct,0.3601,0.9775
79,v1,v5,40.0,170.0,10.0,1.0,0.85,0.2,1.9046,True,all_direct,1.8798,0.9764
79,v1,v14,40.0,190.02,40.0,1.0,0.9501,0.8,-2.0527,True,all_direct,-2.0805,0.9584
79,v2,v6,20.0,90.0,10.0,0.6,0.45,0.2,-13.6761,True,all_direct,-13.6919,0.375
79,v2,v1,20.0,150.03,30.0,0.6,0.7501,0.6,-19.6353,True,all_direct,-19.6663,0.2387
79,v3,v7,20.0,30.0,20.0,0.6,0.15,0.4,-7.4509,True,all_direct,-7.4603,0.7531
79,v3,v4,20.0,30.15,0.0,0.6,0.1507,0.0,-3.6685,False,all_direct,-3.7016,0.9113
79,v3,v8,20.0,40.11,10.0,0.6,0.2006,0.2,-8.0607,False,all_direct,-8.091,0.7213
79,v3,v11,20.0,70.0,10.0,0.6,0.35,0.2,-11.9298,True,all_direct,-11.9574,0.5062
79,v3,v15,20.0,140.0,20.0,0.6,0.7,0.4,-18.155,True,all_direct,-18.1788,0.2334
79,v4,v7,40.0,3.0,20.0,1.0,0.015,0.4,28.5491,False,all_direct,28.5264,0.998
79,v4,v8,40.0,10.0,10.0,1.0,0.05,0.2,21.5918,False,all_direct,21.5542,0.9971
79,v4,v3,40.0,30.15,0.0,1.0,0.1507,0.0,16.3315,False,all_direct,16.3002,0.998
79,v4,v11,40.0,100.04,10.0,1.0,0.5002,0.2,5.5886,False,all_direct,5.5681,0.9848
79,v4,v15,40.0,170.03,20.0,1.0,0.8501,0.4,0.4948,True,all_direct,0.47,0.9672
80,v1,v6,40.0,40.11,0.0,1.0,0.2006,0.0,14.3476,False,all_direct,14.3263,0.999
80,v1,v2,40.0,120.04,0.0,1.0,0.6002,0.0,6.7309,False,all_direct,6.7031,0.9873
80,v1,v13,40.0,170.0,30.0,1.0,0.85,0.6,-0.5037,True,all_direct,-0.5181,0.9619
80,v1,v5,40.0,180.0,0.0,1.0,0.9,0.0,3.9156,True,all_direct,3.8984,0.9848
80,v2,v6,20.0,80.0,0.0,0.6,0.4,0.0,-10.4494,True,all_direct,-10.488,0.5631
80,v2,v1,20.0,120.04,0.0,0.6,0.6002,0.0,-13.2691,True,all_direct,-13.2982,0.4328
80,v3,v7,20.0,10.0,10.0,0.6,0.05,0.2,1.5918,False,all_direct,1.5653,0.973
80,v3,v4,20.0,30.15,10.0,0.6,0.1507,0.2,-6.0768,False,all_direct,-6.1086,0.8176
80,v3,v8,20.0,30.15,20.0,0.6,0.1507,0.4,-7.4855,True,all_direct,-7.5185,0.7566
80,v3,v11,20.0,60.0,10.0,0.6,0.3,0.2,-10.8587,True,all_direct,-10.8909,0.5604
80,v3,v12,20.0,140.03,0.0,0.6,0.7002,0.0,-14.3396,True,all_direct,-14.378,0.3762
80,v4,v8,40.0,0.0,30.0,1.0,0.0,0.6,40.0,False,all_direct,39.9765,1.0
80,v4,v7,40.0,20.22,20.0,1.0,0.1011,0.4,15.2892,False,all_direct,15.2574,0.9961
80,v4,v3,40.0,30.15,10.0,1.0,0.1507,0.2,13.9232,False,all_direct,13.8989,0.9961
80,v4,v11,40.0,90.05,20.0,1.0,0.4502,0.4,4.9113,False,all_direct,4.8917,0.9881
80,v4,v12,40.0,170.0,10.0,1.0,0.85,0.2,1.9046,True,all_direct,1.872,0.9867
81,v1,v6,40.0,40.11,10.0,1.0,0.2006,0.2,11.9393,False,all_direct,11.9097,0.998
81,v1,v2,40.0,120.04,10.0,1.0,0.6002,0.2,4.3227,False,all_direct,4.3083,0.9896
81,v1,v5,40.0,180.0,20.0,1.0,0.9,0.4,0.0987,True,all_direct,0.0656,0.959
81,v1,v13,40.0,200.0,30.0,1.0,1.0,0.6,-1.633,True,all_direct,-1.6585,0.9484
81,v2,v6,20.0,80.0,20.0,0.6,0.4,0.4,-14.2664,True,all_direct,-14.3029,0.36
81,v2,v1,20.0,120.04,10.0,0.6,0.6002,0.2,-15.6773,True,all_direct,-15.7041,0.342
81,v2,v4,20.0,190.09,60.0,0.6,0.9505,1.2,-23.2243,True,all_direct,-23.2588,0.1561
81,v3,v7,20.0,0.0,10.0,0.6,0.0,0.2,33.5918,False,all_direct,33.5701,0.998
81,v3,v8,20.0,10.44,10.0,0.6,0.0522,0.2,1.2923,False,all_direct,1.2735,0.9736
81,v3,v4,20.0,40.11,0.0,0.6,0.2006,0.0,-5.6524,False,all_direct,-5.6886,0.8492
81,v3,v11,20.0,70.0,20.0,0.6,0.35,0.4,-13.3385,True,all_direct,-13.3606,0.4182
81,v3,v12,20.0,140.03,0.0,0.6,0.7002,0.0,-14.3396,True,all_direct,-14.364,0.3709
81,v4,v8,40.0,30.0,10.0,1.0,0.15,0.2,13.9578,False,all_direct,13.9355,0.9961
81,v4,v3,40.0,40.11,0.0,1.0,0.2006,0.0,14.3476,False,all_direct,14.3114,0.9971
81,v4,v7,40.0,40.11,10.0,1.0,0.2006,0.2,11.9393,False,all_direct,11.9146,0.9951
81,v4,v11,40.0,110.04,20.0,1.0,0.5502,0.4,3.5182,False,all_direct,3.4765,0.9861
81,v4,v12,40.0,180.0,0.0,1.0,0.9,0.0,3.9156,True,all_direct,3.8877,0.9828
82,v1,v6,40.0,30.15,40.0,1.0,0.1507,0.8,10.7397,True,all_direct,10.7178,0.9912
82,v1,v2,40.0,130.03,0.0,1.0,0.6502,0.0,6.1751,False,all_direct,6.1437,0.9857
82,v1,v5,40.0,200.0,10.0,1.0,1.0,0.2,0.7753,True,all_direct,0.7431,0.973
82,v2,v6,20.0,100.0,40.0,0.6,0.5,0.8,-17.5918,True,all_direct,-17.6161,0.2502
82,v2,v1,20.0,130.03,0.0,0.6,0.6502,0.0,-13.8249,True,all_direct,-13.8577,0.3961
82,v2,v4,20.0,130.14,60.0,0.6,0.6507,1.2,-20.5913,True,all_direct,-20.6214,0.2129
82,v2,v8,20.0,150.12,60.0,0.6,0.7506,1.2,-21.5838,True,all_direct,-21.6086,0.1939
82,v2,v7,20.0,160.03,90.0,0.6,0.8001,1.8,-23.2671,True,all_direct,-23.2976,0.1514
82,v3,v7,20.0,10.0,10.0,0.6,0.05,0.2,1.5918,False,all_direct,1.5715,0.9789
82,v3,v8,20.0,20.22,20.0,0.6,0.1011,0.4,-4.7108,True,all_direct,-4.743,0.8723
82,v3,v4,20.0,40.11,20.0,0.6,0.2006,0.4,-9.4694,True,all_direct,-9.5086,0.6672
82,v3,v11,20.0,50.0,0.0,0.6,0.25,0.0,-7.1835,False,all_direct,-7.2007,0.7883
82,v3,v15,20.0,120.0,10.0,0.6,0.6,0.2,-15.6751,True,all_direct,-15.6947,0.3168
82,v4,v8,40.0,20.0,0.0,1.0,0.1,0.0,19.1835,False,all_direct,19.1539,0.9961
82,v4,v7,40.0,30.15,30.0,1.0,0.1507,0.6,11.515,False,all_direct,11.4781,0.9941
82,v4,v3,40.0,40.11,20.0,1.0,0.2006,0.4,10.5306,False,all_direct,10.5026,0.998
82,v4,v11,40.0,90.05,20.0,1.0,0.4502,0.4,4.9113,False,all_direct,4.8805,0.9816
82,v4,v2,40.0,130.14,60.0,1.0,0.6507,1.2,-0.5913,True,all_direct,-0.6204,0.9646
83,v1,v6,40.0,10.44,20.0,1.0,0.0522,0.4,19.8836,False,all_direct,19.8313,0.9961
83,v1,v2,40.0,130.03,10.0,1.0,0.6502,0.2,3.7668,False,all_direct,3.7445,0.9795
83,v2,v7,20.0,70.06,60.0,0.6,0.3503,1.2,-16.2887,True,all_direct,-16.3137,0.2996
83,v2,v4,20.0,70.26,60.0,0.6,0.3513,1.2,-16.3078,True,all_direct,-16.3317,0.2832
83,v2,v3,20.0,90.05,70.0,0.6,0.4502,1.4,-18.4965,True,all_direct,-18.5151,0.2508
83,v2,v8,20.0,90.2,30.0,0.6,0.451,0.6,-16.0998,True,all_direct,-16.1208,0.3133
83,v2,v1,20.0,130.03,10.0,0.6,0.6502,0.2,-16.2332,True,all_direct,-16.2598,0.3027
83,v3,v8,20.0,3.0,40.0,0.6,0.015,0.8,6.7743,True,all_direct,6.75,0.9877
83,v3,v7,20.0,20.0,10.0,0.6,0.1,0.2,-3.2247,False,all_direct,-3.2635,0.924
83,v3,v4,20.0,20.22,10.0,0.6,0.1011,0.2,-3.302,False,all_direct,-3.3302,0.925
83,v3,v11,20.0,50.0,0.0,0.6,0.25,0.0,-7.1835,False,all_direct,-7.2166,0.7586
83,v3,v2,20.0,90.05,70.0,0.6,0.4502,1.4,-18.4965,True,all_direct,-18.5166,0.2404
83,v4,v7,40.0,3.0,0.0,1.0,0.015,0.0,32.3661,False,all_direct,32.3499,0.998
83,v4,v8,40.0,20.0,30.0,1.0,0.1,0.6,14.367,False,all_direct,14.3413,0.9971
83,v4,v3,40.0,20.22,10.0,1.0,0.1011,0.2,16.698,False,all_direct,16.6719,0.9961
83,v4,v11,40.0,70.06,10.0,1.0,0.3503,0.2,8.0638,False,all_direct,8.0354,0.9922
83,v4,v2,40.0,70.26,60.0,1.0,0.3513,1.2,3.6922,True,all_direct,3.6652,0.9873
84,v1,v6,40.0,30.15,10.0,1.0,0.1507,0.2,13.9232,False,all_direct,13.891,0.9941
84,v1,v2,40.0,120.04,40.0,1.0,0.6002,0.8,1.1392,True,all_direct,1.1079,0.976
84,v1,v7,40.0,130.14,40.0,1.0,0.6507,0.8,0.5778,True,all_direct,0.5477,0.9697
84,v1,v4,40.0,130.31,60.0,1.0,0.6516,1.2,-0.6005,True,all_direct,-0.6327,0.9563
84,v1,v3,40.0,140.13,20.0,1.0,0.7006,0.4,1.8386,True,all_direct,1.8186,0.9818
84,v2,v7,20.0,10.44,80.0,0.6,0.0522,1.6,-3.9334,True,all_direct,-3.9506,0.8963
84,v2,v4,20.0,11.66,100.0,0.6,0.0583,2.0,-5.3995,True,all_direct,-5.4235,0.8316
84,v2,v3,20.0,20.22,60.0,0.6,0.1011,1.2,-7.6546,True,all_direct,-7.6811,0.7396
84,v2,v8,20.0,60.3,80.0,0.6,0.3015,1.6,-16.1189,True,all_direct,-16.1528,0.3098
84,v2,v11,20.0,70.06,60.0,0.6,0.3503,1.2,-16.2887,True,all_direct,-16.3145,0.291
84,v3,v7,20.0,10.0,20.0,0.6,0.05,0.4,0.183,True,all_direct,0.1583,0.9672
84,v3,v4,20.0,10.44,40.0,0.6,0.0522,0.8,-1.8912,True,all_direct,-1.924,0.9588
84,v3,v2,20.0,20.22,60.0,0.6,0.1011,1.2,-7.6546,True,all_direct,-7.6851,0.7459
84,v3,v8,20.0,40.11,20.0,0.6,0.2006,0.4,-9.4694,True,all_direct,-9.4978,0.6498
84,v3,v11,20.0,50.0,0.0,0.6,0.25,0.0,-7.1835,False,all_direct,-7.2156,0.7623
84,v4,v7,40.0,3.0,20.0,1.0,0.015,0.4,28.5491,False,all_direct,28.5312,0.999
84,v4,v3,40.0,10.44,40.0,1.0,0.0522,0.8,18.1088,True,all_direct,18.0737,0.998
84,v4,v2,40.0,11.66,100.0,1.0,0.0583,2.0,14.6005,True,all_direct,14.5642,0.9951
84,v4,v8,40.0,50.0,20.0,1.0,0.25,0.4,8.9995,False,all_direct,8.9698,0.9912
84,v4,v11,40.0,60.07,40.0,1.0,0.3004,0.8,5.9491,True,all_direct,5.9102,0.9877
85,v1,v6,40.0,20.22,10.0,1.0,0.1011,0.2,16.698,False,all_direct,16.6763,0.9971
85,v1,v4,40.0,70.58,80.0,1.0,0.3529,1.6,2.7875,True,all_direct,2.7679,0.9867
85,v1,v7,40.0,90.2,70.0,1.0,0.451,1.4,1.492,True,all_direct,1.4583,0.9764
85,v1,v3,40.0,120.15,90.0,1.0,0.6007,1.8,-1.2756,True,all_direct,-1.2903,0.9477
85,v1,v8,40.0,140.29,70.0,1.0,0.7014,1.4,-1.5771,True,all_direct,-1.6049,0.9461
85,v2,v11,20.0,10.44,60.0,0.6,0.0522,1.2,-3.0602,True,all_direct,-3.0972,0.9293
85,v2,v8,20.0,20.88,80.0,0.6,0.1044,1.6,-8.7498,True,all_direct,-8.7709,0.6963
85,v2,v3,20.0,40.11,100.0,0.6,0.2006,2.0,-13.9836,True,all_direct,-14.0058,0.4084
85,v2,v7,20.0,70.06,80.0,0.6,0.3503,1.6,-17.1619,True,all_direct,-17.202,0.2779
85,v2,v15,20.0,70.06,80.0,0.6,0.3503,1.6,-17.1619,True,all_direct,-17.1838,0.2711
85,v3,v8,20.0,20.22,20.0,0.6,0.1011,0.4,-4.7108,True,all_direct,-4.7405,0.8877
85,v3,v7,20.0,30.0,20.0,0.6,0.15,0.4,-7.4509,True,all_direct,-7.4749,0.7381
85,v3,v2,20.0,40.11,100.0,0.6,0.2006,2.0,-13.9836,True,all_direct,-14.009,0.3727
85,v3,v11,20.0,50.0,40.0,0.6,0.25,0.8,-12.7753,True,all_direct,-12.8065,0.4766
85,v3,v4,20.0,50.09,10.0,0.6,0.2504,0.2,-9.6042,False,all_direct,-9.6311,0.6484
85,v4,v7,40.0,20.22,10.0,1.0,0.1011,0.2,16.698,False,all_direct,16.6675,0.9971
85,v4,v3,40.0,50.09,10.0,1.0,0.2504,0.2,10.3958,False,all_direct,10.3654,0.9951
85,v4,v8,40.0,70.0,10.0,1.0,0.35,0.2,8.0702,False,all_direct,8.0439,0.9916
85,v4,v1,40.0,70.58,80.0,1.0,0.3529,1.6,2.7875,True,all_direct,2.7683,0.9822
85,v4,v2,40.0,90.2,90.0,1.0,0.451,1.8,0.7167,True,all_direct,0.6863,0.9656
86,v1,v6,40.0,10.44,0.0,1.0,0.0522,0.0,23.7006,False,all_direct,23.6715,0.998
86,v1,v4,40.0,13.45,40.0,1.0,0.0673,0.8,16.3468,True,all_direct,16.3276,0.9951
86,v1,v7,40.0,20.88,60.0,1.0,0.1044,1.2,12.1233,True,all_direct,12.0927,0.9961
86,v1,v3,40.0,30.59,70.0,1.0,0.153,1.4,9.0051,True,all_direct,8.9724,0.9916
86,v1,v8,40.0,70.58,40.0,1.0,0.3529,0.8,4.8297,True,all_direct,4.8018,0.9828
86,v2,v15,20.0,10.44,90.0,0.6,0.0522,1.8,-4.2994,True,all_direct,-4.3274,0.8932
86,v2,v12,20.0,11.66,90.0,0.6,0.0583,1.8,-5.0683,True,all_direct,-5.0961,0.8494
86,v2,v11,20.0,50.09,90.0,0.6,0.2504,1.8,-15.196,True,all_direct,-15.2163,0.3555
86,v2,v16,20.0,90.2,90.0,0.6,0.451,1.8,-19.2833,True,all_direct,-19.3043,0.2164
86,v2,v8,20.0,100.18,50.0,0.6,0.5009,1.0,-18.2377,True,all_direct,-18.2644,0.2459
86,v3,v7,20.0,10.0,10.0,0.6,0.05,0.2,1.5918,False,all_direct,1.5618,0.9756
86,v3,v1,20.0,30.59,70.0,0.6,0.153,1.4,-10.9949,True,all_direct,-11.0171,0.5586
86,v3,v4,20.0,40.11,30.0,0.6,0.2006,0.6,-10.4689,True,all_direct,-10.489,0.5715
86,v3,v6,20.0,40.11,70.0,0.6,0.2006,1.4,-12.8772,True,all_direct,-12.8896,0.4629
86,v3,v8,20.0,40.11,30.0,0.6,0.2006,0.6,-10.4689,True,all_direct,-10.4978,0.5846
86,v4,v6,40.0,6.0,40.0,1.0,0.03,0.8,21.9578,True,all_direct,21.9329,0.999
86,v4,v1,40.0,13.45,40.0,1.0,0.0673,0.8,16.3468,True,all_direct,16.3145,0.999
86,v4,v7,40.0,30.15,20.0,1.0,0.1507,0.4,12.5145,False,all_direct,12.4884,0.9961
86,v4,v3,40.0,40.11,30.0,1.0,0.2006,0.6,9.5311,False,all_direct,9.5046,0.998
86,v4,v8,40.0,80.0,0.0,1.0,0.4,0.0,9.5506,False,all_direct,9.5347,0.9961
87,v1,v6,40.0,10.44,20.0,1.0,0.0522,0.4,19.8836,False,all_direct,19.8615,0.998
87,v1,v8,40.0,31.32,40.0,1.0,0.1566,0.8,10.4749,True,all_direct,10.4505,0.9951
87,v1,v3,40.0,40.45,70.0,1.0,0.2022,1.4,7.065,True,all_direct,7.0372,0.9893
87,v1,v7,40.0,40.45,70.0,1.0,0.2022,1.4,7.065,True,all_direct,7.0457,0.9916
87,v1,v11,40.0,40.45,80.0,1.0,0.2022,1.6,6.6558,True,all_direct,6.6302,0.9893
87,v2,v16,20.0,6.0,90.0,0.6,0.03,1.8,-0.4504,True,all_direct,-0.4712,0.9533
87,v2,v15,20.0,100.04,90.0,0.6,0.5002,1.8,-20.0031,True,all_direct,-20.0329,0.2047
87,v2,v19,20.0,100.04,100.0,0.6,0.5002,2.0,-20.3343,True,all_direct,-20.356,0.2191
87,v2,v12,20.0,100.18,70.0,0.6,0.5009,1.4,-19.2372,True,all_direct,-19.2593,0.2045
87,v2,v11,20.0,140.03,100.0,0.6,0.7002,2.0,-22.6708,True,all_direct,-22.6948,0.1844
87,v3,v7,20.0,0.0,0.0,0.6,0.0,0.0,36.0,False,all_direct,35.9745,1.0
87,v3,v4,20.0,10.44,10.0,0.6,0.0522,0.2,1.2923,False,all_direct,1.2527,0.9734
87,v3,v6,20.0,30.15,50.0,0.6,0.1507,1.0,-9.8937,True,all_direct,-9.9257,0.6055
87,v3,v1,20.0,40.45,70.0,0.6,0.2022,1.4,-12.935,True,all_direct,-12.9643,0.4279
87,v3,v8,20.0,70.06,30.0,0.6,0.3503,0.6,-14.3444,True,all_direct,-14.3699,0.3846
87,v4,v3,40.0,10.44,10.0,1.0,0.0522,0.2,21.2923,False,all_direct,21.269,0.998
87,v4,v7,40.0,10.44,10.0,1.0,0.0522,0.2,21.2923,False,all_direct,21.2744,0.999
87,v4,v6,40.0,40.45,60.0,1.0,0.2022,1.2,7.5289,True,all_direct,7.5,0.9941
87,v4,v1,40.0,50.8,80.0,1.0,0.254,1.6,5.0718,True,all_direct,5.0448,0.9887
87,v4,v8,40.0,80.0,40.0,1.0,0.4,0.8,3.9588,True,all_direct,3.9271,0.9857
88,v1,v15,40.0,11.66,60.0,1.0,0.0583,1.2,16.1709,True,all_direct,16.1495,0.9965
88,v1,v8,40.0,13.45,40.0,1.0,0.0673,0.8,16.3468,True,all_direct,16.3235,0.998
88,v1,v6,40.0,30.15,0.0,1.0,0.1507,0.0,16.3315,False,all_direct,16.3045,0.999
88,v1,v12,40.0,31.32,40.0,1.0,0.1566,0.8,10.4749,True,all_direct,10.4447,0.9961
88,v1,v11,40.0,40.45,60.0,1.0,0.2022,1.2,7.5289,True,all_direct,7.5012,0.9883
88,v2,v19,20.0,3.0,60.0,0.6,0.015,1.2,5.6053,True,all_direct,5.5792,0.9922
88,v2,v16,20.0,90.2,60.0,0.6,0.451,1.2,-18.0441,True,all_direct,-18.0647,0.2605
88,v2,v12,20.0,170.11,40.0,0.6,0.8505,0.8,-21.2833,True,all_direct,-21.3028,0.1977
88,v2,v15,20.0,190.02,60.0,0.6,0.9501,1.2,-23.2217,True,all_direct,-23.2722,0.1844
88,v3,v7,20.0,0.0,20.0,0.6,0.0,0.4,32.183,True,all_direct,32.15,0.998
88,v3,v4,20.0,20.22,10.0,0.6,0.1011,0.2,-3.302,False,all_direct,-3.3251,0.9119
88,v3,v11,20.0,70.0,0.0,0.6,0.35,0.0,-9.5216,True,all_direct,-9.5378,0.6473
88,v3,v6,20.0,80.06,60.0,0.6,0.4003,1.2,-17.2151,True,all_direct,-17.2422,0.2781
88,v3,v5,20.0,80.22,70.0,0.6,0.4011,1.4,-17.6936,True,all_direct,-17.7125,0.2658
88,v4,v3,40.0,20.22,10.0,1.0,0.1011,0.2,16.698,False,all_direct,16.6682,0.999
88,v4,v7,40.0,20.22,10.0,1.0,0.1011,0.2,16.698,False,all_direct,16.6716,0.998
88,v4,v5,40.0,60.67,80.0,1.0,0.3034,1.6,3.8383,True,all_direct,3.8128,0.9834
88,v4,v13,40.0,80.5,90.0,1.0,0.4025,1.8,1.5069,True,all_direct,1.4697,0.976
88,v4,v11,40.0,90.05,10.0,1.0,0.4502,0.2,6.32,False,all_direct,6.2941,0.9838
89,v1,v12,40.0,13.45,80.0,1.0,0.0673,1.6,14.3046,True,all_direct,14.2815,1.0
89,v1,v6,40.0,30.15,30.0,1.0,0.1507,0.6,11.515,False,all_direct,11.4867,0.9922
89,v1,v15,40.0,50.36,60.0,1.0,0.2518,1.2,6.006,True,all_direct,5.9814,0.9896
89,v1,v8,40.0,50.8,60.0,1.0,0.254,1.2,5.9449,True,all_direct,5.9109,0.9873
89,v1,v16,40.0,50.8,90.0,1.0,0.254,1.8,4.7057,True,all_direct,4.6931,0.9873
89,v2,v19,20.0,60.07,30.0,0.6,0.3004,0.6,-13.2756,True,all_direct,-13.304,0.4428
89,v2,v16,20.0,150.12,60.0,0.6,0.7506,1.2,-21.5838,True,all_direct,-21.6003,0.2039
89,v3,v5,20.0,11.66,70.0,0.6,0.0583,1.4,-4.293,True,all_direct,-4.32,0.8986
89,v3,v7,20.0,20.0,20.0,0.6,0.1,0.4,-4.6334,True,all_direct,-4.6635,0.8719
89,v3,v13,20.0,20.88,50.0,0.6,0.1044,1.0,-7.3411,True,all_direct,-7.3666,0.7713
89,v3,v4,20.0,30.15,0.0,0.6,0.1507,0.0,-3.6685,False,all_direct,-3.6912,0.9156
89,v3,v11,20.0,70.0,10.0,0.6,0.35,0.2,-11.9298,True,all_direct,-11.9661,0.4752
89,v4,v7,40.0,10.44,20.0,1.0,0.0522,0.4,19.8836,False,all_direct,19.87,0.998
89,v4,v13,40.0,13.45,50.0,1.0,0.0673,1.0,15.7134,True,all_direct,15.6947,0.9971
89,v4,v5,40.0,21.93,70.0,1.0,0.1097,1.4,11.3181,True,all_direct,11.2915,0.9932
89,v4,v3,40.0,30.15,0.0,1.0,0.1507,0.0,16.3315,False,all_direct,16.3088,0.998
89,v4,v14,40.0,50.36,80.0,1.0,0.2518,1.6,5.1329,True,all_direct,5.1076,0.9828
90,v1,v16,40.0,41.0,40.0,1.0,0.205,0.8,8.6037,True,all_direct,8.5726,0.9877
90,v1,v6,40.0,60.07,10.0,1.0,0.3004,0.2,9.1327,False,all_direct,9.1013,0.9941
90,v1,v19,40.0,80.22,50.0,1.0,0.4011,1.0,3.3059,True,all_direct,3.2741,0.9822
90,v1,v12,40.0,90.45,40.0,1.0,0.4522,0.8,3.1058,True,all_direct,3.0809,0.9838
90,v1,v15,40.0,110.16,80.0,1.0,0.5508,1.6,-0.3065,True,all_direct,-0.3326,0.9633
90,v2,v19,20.0,90.05,40.0,0.6,0.4502,0.8,-16.8635,True,all_direct,-16.8954,0.2809
90,v2,v20,20.0,150.12,70.0,0.6,0.7506,1.4,-22.0477,True,all_direct,-22.0886,0.1742
90,v2,v1,20.0,170.03,10.0,0.6,0.8501,0.2,-18.0965,True,all_direct,-18.1176,0.2703
90,v3,v14,20.0,3.0,70.0,0.6,0.015,1.4,5.1413,True,all_direct,5.1253,0.9912
90,v3,v4,20.0,30.15,10.0,0.6,0.1507,0.2,-6.0768,False,all_direct,-6.1139,0.8117
90,v3,v13,20.0,30.59,70.0,0.6,0.153,1.4,-10.9949,True,all_direct,-11.0222,0.5465
90,v3,v7,20.0,40.0,0.0,0.6,0.2,0.0,-5.633,False,all_direct,-5.6568,0.8076
90,v3,v11,20.0,60.0,10.0,0.6,0.3,0.2,-10.8587,True,all_direct,-10.8987,0.5541
90,v4,v7,40.0,10.44,10.0,1.0,0.0522,0.2,21.2923,False,all_direct,21.2614,0.9971
90,v4,v3,40.0,30.15,10.0,1.0,0.1507,0.2,13.9232,False,all_direct,13.8922,0.9971
90,v4,v14,40.0,30.59,80.0,1.0,0.153,1.6,8.5959,True,all_direct,8.5768,0.9906
90,v4,v9,40.0,41.0,50.0,1.0,0.205,1.0,7.9702,True,all_direct,7.9452,0.9887
90,v4,v10,40.0,50.36,40.0,1.0,0.2518,0.8,7.175,True,all_direct,7.1499,0.9902
91,v1,v19,40.0,30.59,70.0,1.0,0.153,1.4,9.0051,True,all_direct,8.9756,0.9932
91,v1,v6,40.0,70.06,20.0,1.0,0.3503,0.4,6.6551,False,all_direct,6.6291,0.9936
91,v1,v16,40.0,80.5,60.0,1.0,0.4025,1.2,2.7461,True,all_direct,2.7233,0.9844
91,v1,v12,40.0,130.31,80.0,1.0,0.6516,1.6,-1.4736,True,all_direct,-1.5022,0.9598
91,v1,v2,40.0,160.03,20.0,1.0,0.8001,0.4,0.9159,True,all_direct,0.8956,0.9676
91,v2,v20,20.0,80.22,60.0,0.6,0.4011,1.2,-17.2297,True,all_direct,-17.2559,0.2975
91,v2,v19,20.0,130.03,50.0,0.6,0.6502,1.0,-20.0502,True,all_direct,-20.079,0.199
91,v2,v1,20.0,160.03,20.0,0.6,0.8001,0.4,-19.0841,True,all_direct,-19.1227,0.248
91,v3,v9,20.0,30.59,60.0,0.6,0.153,1.2,-10.531,True,all_direct,-10.5537,0.5713
91,v3,v7,20.0,40.0,20.0,0.6,0.2,0.4,-9.4499,True,all_direct,-9.4734,0.6168
91,v3,v4,20.0,40.11,0.0,0.6,0.2006,0.0,-5.6524,False,all_direct,-5.6855,0.8389
91,v3,v11,20.0,50.0,0.0,0.6,0.25,0.0,-7.1835,False,all_direct,-7.209,0.7836
91,v3,v10,20.0,50.09,50.0,0.6,0.2504,1.0,-13.4212,True,all_direct,-13.4375,0.4363
91,v4,v7,40.0,3.0,20.0,1.0,0.015,0.4,28.5491,False,all_direct,28.5239,0.998
91,v4,v10,40.0,11.66,50.0,1.0,0.0583,1.0,16.7065,True,all_direct,16.6722,0.9961
91,v4,v9,40.0,13.45,60.0,1.0,0.0673,1.2,15.1778,True,all_direct,15.1495,0.9961
91,v4,v3,40.0,40.11,0.0,1.0,0.2006,0.0,14.3476,False,all_direct,14.3201,0.9971
91,v4,v11,40.0,90.05,0.0,1.0,0.4502,0.0,8.7283,False,all_direct,8.6907,0.9926
92,v1,v19,40.0,40.45,70.0,1.0,0.2022,1.4,7.065,True,all_direct,7.0374,0.9951
92,v1,v6,40.0,90.05,10.0,1.0,0.4502,0.2,6.32,False,all_direct,6.3027,0.9916
92,v1,v2,40.0,140.03,10.0,1.0,0.7002,0.2,3.2521,False,all_direct,3.2249,0.9824
92,v1,v16,40.0,140.29,30.0,1.0,0.7014,0.6,0.8311,True,all_direct,0.8007,0.977
92,v1,v20,40.0,160.25,30.0,1.0,0.8013,0.6,-0.0934,True,all_direct,-0.1259,0.9611
92,v2,v20,20.0,20.88,40.0,0.6,0.1044,0.8,-6.7077,True,all_direct,-6.7312,0.7816
92,v2,v1,20.0,140.03,10.0,0.6,0.7002,0.2,-16.7479,True,all_direct,-16.7818,0.2748
92,v2,v19,20.0,180.02,80.0,0.6,0.9001,1.6,-23.7193,True,all_direct,-23.7447,0.16
92,v3,v10,20.0,3.0,90.0,0.6,0.015,1.8,4.3661,True,all_direct,4.3337,0.9824
92,v3,v9,20.0,30.59,100.0,0.6,0.153,2.0,-12.1013,True,all_direct,-12.1276,0.4908
92,v3,v4,20.0,40.11,10.0,0.6,0.2006,0.2,-8.0607,False,all_direct,-8.095,0.7279
92,v3,v11,20.0,50.0,30.0,0.6,0.25,0.6,-12.0,True,all_direct,-12.0209,0.4869
92,v3,v7,20.0,60.0,10.0,0.6,0.3,0.2,-10.8587,True,all_direct,-10.8727,0.54
92,v4,v7,40.0,20.22,0.0,1.0,0.1011,0.0,19.1062,False,all_direct,19.0711,0.9961
92,v4,v3,40.0,40.11,10.0,1.0,0.2006,0.2,11.9393,False,all_direct,11.9051,0.9932
92,v4,v10,40.0,40.45,80.0,1.0,0.2022,1.6,6.6558,True,all_direct,6.6248,0.9912
92,v4,v9,40.0,70.58,90.0,1.0,0.3529,1.8,2.4215,True,all_direct,2.397,0.9785
92,v4,v11,40.0,90.05,20.0,1.0,0.4502,0.4,4.9113,False,all_direct,4.8745,0.9873
93,v1,v6,40.0,80.06,20.0,1.0,0.4003,0.4,5.7287,False,all_direct,5.6901,0.9883
93,v1,v19,40.0,110.16,100.0,1.0,0.5508,2.0,-1.0037,True,all_direct,-1.0263,0.9516
93,v1,v20,40.0,130.31,80.0,1.0,0.6516,1.6,-1.4736,True,all_direct,-1.4971,0.9535
93,v1,v5,40.0,150.0,30.0,1.0,0.75,0.6,0.3661,True,all_direct,0.3256,0.9721
93,v1,v2,40.0,150.03,40.0,1.0,0.7501,0.8,-0.4106,True,all_direct,-0.4403,0.9609
93,v2,v20,20.0,20.88,40.0,0.6,0.1044,0.8,-6.7077,True,all_direct,-6.7336,0.7914
93,v2,v1,20.0,150.03,40.0,0.6,0.7501,0.8,-20.4106,True,all_direct,-20.4426,0.2012
93,v3,v4,20.0,30.15,20.0,0.6,0.1507,0.4,-7.4855,True,all_direct,-7.51,0.7471
93,v3,v7,20.0,50.0,10.0,0.6,0.25,0.2,-9.5918,False,all_direct,-9.6093,0.6564
93,v3,v17,20.0,60.3,40.0,0.6,0.3015,0.8,-14.0768,True,all_direct,-14.1074,0.373
93,v3,v11,20.0,80.0,20.0,0.6,0.4,0.4,-14.2664,True,all_direct,-14.2907,0.392
93,v3,v10,20.0,90.05,70.0,0.6,0.4502,1.4,-18.4965,True,all_direct,-18.5272,0.2344
93,v4,v7,40.0,20.22,30.0,1.0,0.1011,0.6,14.2897,False,all_direct,14.2566,0.9941
93,v4,v3,40.0,30.15,20.0,1.0,0.1507,0.4,12.5145,False,all_direct,12.4794,0.9922
93,v4,v17,40.0,31.32,20.0,1.0,0.1566,0.4,12.2497,False,all_direct,12.2229,0.998
93,v4,v18,40.0,90.2,50.0,1.0,0.451,1.0,2.4915,True,all_direct,2.4633,0.976
93,v4,v11,40.0,110.04,0.0,1.0,0.5502,0.0,7.3351,False,all_direct,7.3161,0.9896
94,v1,v20,40.0,50.8,30.0,1.0,0.254,0.6,7.8892,False,all_direct,7.8578,0.9941
94,v1,v6,40.0,100.04,10.0,1.0,0.5002,0.2,5.5886,False,all_direct,5.5638,0.9863
94,v1,v2,40.0,110.04,20.0,1.0,0.5502,0.4,3.5182,False,all_direct,3.4743,0.9852
94,v1,v13,40.0,170.0,10.0,1.0,0.85,0.2,1.9046,True,all_direct,1.892,0.9746
94,v1,v5,40.0,180.0,0.0,1.0,0.9,0.0,3.9156,True,all_direct,3.8903,0.9834
94,v2,v20,20.0,60.3,50.0,0.6,0.3015,1.0,-14.7102,True,all_direct,-14.737,0.3482
94,v2,v1,20.0,110.04,20.0,0.6,0.5502,0.4,-16.4818,True,all_direct,-16.5094,0.3262
94,v3,v4,20.0,10.44,20.0,0.6,0.0522,0.4,-0.1164,True,all_direct,-0.1457,0.9604
94,v3,v17,20.0,20.88,50.0,0.6,0.1044,1.0,-7.3411,True,all_direct,-7.3602,0.757
94,v3,v18,20.0,50.09,60.0,0.6,0.2504,1.2,-13.9568,True,all_direct,-13.986,0.4016
94,v3,v7,20.0,60.0,20.0,0.6,0.3,0.4,-12.2674,True,all_direct,-12.2889,0.4795
94,v3,v11,20.0,100.0,10.0,0.6,0.5,0.2,-14.4082,True,all_direct,-14.4311,0.3572
94,v4,v3,40.0,10.44,20.0,1.0,0.0522,0.4,19.8836,False,all_direct,19.8605,0.9961
94,v4,v17,40.0,13.45,70.0,1.0,0.0673,1.4,14.7139,True,all_direct,14.6819,0.9951
94,v4,v18,40.0,40.45,80.0,1.0,0.2022,1.6,6.6558,True,all_direct,6.6387,0.9932
94,v4,v7,40.0,50.09,0.0,1.0,0.2504,0.0,12.804,False,all_direct,12.7891,0.9932
94,v4,v11,40.0,110.04,10.0,1.0,0.5502,0.2,4.9269,False,all_direct,4.9018,0.9902
95,v1,v20,40.0,21.93,20.0,1.0,0.1097,0.4,14.7259,False,all_direct,14.6832,0.9971
95,v1,v6,40.0,110.04,40.0,1.0,0.5502,0.8,1.7434,True,all_direct,1.7204,0.9711
95,v1,v2,40.0,130.03,20.0,1.0,0.6502,0.4,2.3581,True,all_direct,2.3424,0.9803
95,v1,v13,40.0,160.0,0.0,1.0,0.8,0.0,4.7341,True,all_direct,4.7203,0.9877
95,v1,v5,40.0,180.0,40.0,1.0,0.9,0.8,-1.6761,True,all_direct,-1.6911,0.941
95,v2,v20,20.0,110.16,40.0,0.6,0.5508,0.8,-18.2644,True,all_direct,-18.2792,0.2346
95,v2,v1,20.0,130.03,20.0,0.6,0.6502,0.4,-17.6419,True,all_direct,-17.6798,0.2693
95,v3,v18,20.0,10.44,60.0,0.6,0.0522,1.2,-3.0602,True,all_direct,-3.0856,0.9338
95,v3,v4,20.0,30.15,0.0,0.6,0.1507,0.0,-3.6685,False,all_direct,-3.6994,0.9145
95,v3,v17,20.0,30.59,70.0,0.6,0.153,1.4,-10.9949,True,all_direct,-11.014,0.5516
95,v3,v7,20.0,80.0,30.0,0.6,0.4,0.6,-15.2659,True,all_direct,-15.2819,0.3563
95,v3,v11,20.0,90.0,0.0,0.6,0.45,0.0,-11.2679,True,all_direct,-11.2941,0.5389
95,v4,v3,40.0,30.15,0.0,1.0,0.1507,0.0,16.3315,False,all_direct,16.2927,1.0
95,v4,v18,40.0,40.45,60.0,1.0,0.2022,1.2,7.5289,True,all_direct,7.4996,0.9932
95,v4,v7,40.0,50.09,30.0,1.0,0.2504,0.6,7.9875,False,all_direct,7.9541,0.9932
95,v4,v17,40.0,60.67,70.0,1.0,0.3034,1.4,4.2476,True,all_direct,4.22,0.9873
95,v4,v11,40.0,120.04,0.0,1.0,0.6002,0.0,6.7309,False,all_direct,6.6991,0.9916
96,v1,v20,40.0,9.0,70.0,1.0,0.045,1.4,17.5074,True,all_direct,17.4981,0.9971
96,v1,v6,40.0,70.06,10.0,1.0,0.3503,0.2,8.0638,False,all_direct,8.0346,0.9906
96,v1,v5,40.0,140.0,10.0,1.0,0.7,0.2,3.2537,False,all_direct,3.2301,0.9828
96,v1,v2,40.0,150.03,10.0,1.0,0.7501,0.2,2.7729,False,all_direct,2.7417,0.975
96,v1,v13,40.0,160.0,10.0,1.0,0.8,0.2,2.3258,True,all_direct,2.3064,0.9824
96,v2,v1,20.0,150.03,10.0,0.6,0.7501,0.2,-17.2271,True,all_direct,-17.2614,0.2523
96,v2,v20,20.0,150.12,80.0,0.6,0.7506,1.6,-22.457,True,all_direct,-22.4756,0.1916
96,v3,v4,20.0,30.15,40.0,0.6,0.1507,0.8,-9.2603,True,all_direct,-9.299,0.6459
96,v3,v18,20.0,70.06,60.0,0.6,0.3503,1.2,-16.2887,True,all_direct,-16.3184,0.3078
96,v3,v11,20.0,90.0,40.0,0.6,0.45,0.8,-16.8596,True,all_direct,-16.8884,0.2785
96,v3,v17,20.0,100.18,70.0,0.6,0.5009,1.4,-19.2372,True,all_direct,-19.2629,0.2166
96,v3,v7,20.0,110.0,30.0,0.6,0.55,0.6,-17.4788,True,all_direct,-17.5066,0.252
96,v4,v3,40.0,30.15,40.0,1.0,0.1507,0.8,10.7397,True,all_direct,10.7137,0.9896
96,v4,v7,40.0,80.06,10.0,1.0,0.4003,0.2,7.1374,False,all_direct,7.1091,0.9893
96,v4,v18,40.0,100.18,20.0,1.0,0.5009,0.4,4.1705,False,all_direct,4.1392,0.9809
96,v4,v11,40.0,120.04,0.0,1.0,0.6002,0.0,6.7309,False,all_direct,6.6972,0.9883
96,v4,v17,40.0,130.31,30.0,1.0,0.6516,0.6,1.3438,True,all_direct,1.3142,0.9785
97,v1,v6,40.0,60.07,40.0,1.0,0.3004,0.8,5.9491,True,all_direct,5.921,0.9932
97,v1,v20,40.0,70.58,60.0,1.0,0.3529,1.2,3.6607,True,all_direct,3.6271,0.9807
97,v1,v5,40.0,130.0,40.0,1.0,0.65,0.8,0.5851,True,all_direct,0.5588,0.9746
97,v1,v2,40.0,160.03,40.0,1.0,0.8001,0.8,-0.8589,True,all_direct,-0.8839,0.9512
97,v1,v13,40.0,170.0,20.0,1.0,0.85,0.4,0.4958,True,all_direct,0.4544,0.9662
97,v2,v1,20.0,160.03,40.0,0.6,0.8001,0.8,-20.8589,True,all_direct,-20.8853,0.215
97,v3,v4,20.0,10.44,0.0,0.6,0.0522,0.0,3.7006,False,all_direct,3.6613,0.9844
97,v3,v7,20.0,80.0,40.0,0.6,0.4,0.8,-16.0412,True,all_direct,-16.0668,0.2984
97,v3,v15,20.0,120.0,20.0,0.6,0.6,0.4,-17.0839,True,all_direct,-17.0982,0.2773
97,v3,v11,20.0,130.0,10.0,0.6,0.65,0.2,-16.2313,True,all_direct,-16.2482,0.2963
97,v3,v18,20.0,130.03,70.0,0.6,0.6502,1.4,-21.0497,True,all_direct,-21.0794,0.2168
97,v4,v3,40.0,10.44,0.0,1.0,0.0522,0.0,23.7006,False,all_direct,23.6782,0.9971
97,v4,v7,40.0,90.05,40.0,1.0,0.4502,0.8,3.1365,True,all_direct,3.1117,0.9789
97,v4,v15,40.0,110.04,20.0,1.0,0.5502,0.4,3.5182,False,all_direct,3.485,0.9832
97,v4,v11,40.0,120.04,10.0,1.0,0.6002,0.2,4.3227,False,all_direct,4.308,0.9805
97,v4,v18,40.0,120.15,70.0,1.0,0.6007,1.4,-0.5003,True,all_direct,-0.5345,0.9672
98,v1,v6,40.0,20.22,0.0,1.0,0.1011,0.0,19.1062,False,all_direct,19.0836,0.9971
98,v1,v5,40.0,90.0,20.0,1.0,0.45,0.4,4.9151,False,all_direct,4.9078,0.9867
98,v1,v20,40.0,130.31,60.0,1.0,0.6516,1.2,-0.6005,True,all_direct,-0.6213,0.9592
98,v1,v13,40.0,150.0,10.0,1.0,0.75,0.2,2.7743,False,all_direct,2.7458,0.9863
98,v3,v4,20.0,10.44,20.0,0.6,0.0522,0.4,-0.1164,True,all_direct,-0.1465,0.967
98,v3,v7,20.0,40.0,10.0,0.6,0.2,0.2,-8.0412,False,all_direct,-8.0666,0.7119
98,v3,v11,20.0,140.0,10.0,0.6,0.7,0.2,-16.7463,True,all_direct,-16.7554,0.2873
98,v3,v15,20.0,140.0,20.0,0.6,0.7,0.4,-18.155,True,all_direct,-18.1762,0.2342
98,v3,v8,20.0,150.03,30.0,0.6,0.7501,0.6,-19.6353,True,all_direct,-19.6578,0.2031
98,v4,v3,40.0,10.44,20.0,1.0,0.0522,0.4,19.8836,False,all_direct,19.8374,0.998
98,v4,v7,40.0,50.09,10.0,1.0,0.2504,0.2,10.3958,False,all_direct,10.381,0.9951
98,v4,v11,40.0,130.03,10.0,1.0,0.6502,0.2,3.7668,False,all_direct,3.7448,0.9844
98,v4,v15,40.0,130.03,0.0,1.0,0.6502,0.0,6.1751,False,all_direct,6.1607,0.9857
98,v4,v8,40.0,140.0,10.0,1.0,0.7,0.2,3.2537,False,all_direct,3.2248,0.9834
99,v1,v6,40.0,20.22,0.0,1.0,0.1011,0.0,19.1062,False,all_direct,19.0815,0.9961
99,v1,v5,40.0,70.0,10.0,1.0,0.35,0.2,8.0702,False,all_direct,8.0356,0.9893
99,v1,v13,40.0,140.0,0.0,1.0,0.7,0.0,5.662,False,all_direct,5.6405,0.9857
99,v1,v2,40.0,190.02,20.0,1.0,0.9501,0.4,-0.2779,True,all_direct,-0.3055,0.9623
99,v1,v20,40.0,190.21,60.0,1.0,0.9511,1.2,-3.2286,True,all_direct,-3.2449,0.9168
99,v2,v1,20.0,190.02,20.0,0.6,0.9501,0.4,-20.2779,True,all_direct,-20.3062,0.2039
99,v3,v4,20.0,10.44,10.0,0.6,0.0522,0.2,1.2923,False,all_direct,1.2675,0.9756
99,v3,v7,20.0,50.0,30.0,0.6,0.25,0.6,-12.0,True,all_direct,-12.0292,0.4863
99,v3,v15,20.0,120.0,10.0,0.6,0.6,0.2,-15.6751,True,all_direct,-15.7229,0.3113
99,v3,v8,20.0,120.04,20.0,0.6,0.6002,0.4,-17.086,True,all_direct,-17.1115,0.2676
99,v3,v11,20.0,130.0,30.0,0.6,0.65,0.6,-18.6396,True,all_direct,-18.6531,0.2535
99,v4,v3,40.0,10.44,10.0,1.0,0.0522,0.2,21.2923,False,all_direct,21.2666,0.998
99,v4,v7,40.0,40.11,40.0,1.0,0.2006,0.8,8.7558,True,all_direct,8.7268,0.9922
99,v4,v8,40.0,130.0,30.0,1.0,0.65,0.6,1.3604,True,all_direct,1.3492,0.977
99,v4,v15,40.0,130.03,20.0,1.0,0.6502,0.4,2.3581,True,all_direct,2.3375,0.9779
99,v4,v11,40.0,140.03,40.0,1.0,0.7002,0.8,0.0686,True,all_direct,0.0421,0.966
100,v1,v6,40.0,20.22,10.0,1.0,0.1011,0.2,16.698,False,all_direct,16.6676,0.999
100,v1,v5,40.0,60.0,30.0,1.0,0.3,0.6,6.7331,False,all_direct,6.7033,0.9893
100,v1,v13,40.0,140.0,30.0,1.0,0.7,0.6,0.8455,True,all_direct,0.8215,0.9734
100,v3,v7,20.0,20.0,30.0,0.6,0.1,0.6,-5.633,True,all_direct,-5.6587,0.852
100,v3,v4,20.0,20.22,10.0,0.6,0.1011,0.2,-3.302,False,all_direct,-3.3301,0.902
100,v3,v15,20.0,130.0,10.0,0.6,0.65,0.2,-16.2313,True,all_direct,-16.2668,0.3033
100,v3,v8,20.0,140.03,0.0,0.6,0.7002,0.0,-14.3396,True,all_direct,-14.3644,0.385
100,v3,v11,20.0,160.0,10.0,0.6,0.8,0.2,-17.6742,True,all_direct,-17.6959,0.2531
100,v4,v7,40.0,3.0,20.0,1.0,0.015,0.4,28.5491,False,all_direct,28.5192,1.0
100,v4,v3,40.0,20.22,10.0,1.0,0.1011,0.2,16.698,False,all_direct,16.6582,0.9941
100,v4,v15,40.0,150.03,0.0,1.0,0.7501,0.0,5.1812,False,all_direct,5.1543,0.9844
100,v4,v8,40.0,160.0,10.0,1.0,0.8,0.2,2.3258,True,all_direct,2.3062,0.974
100,v4,v11,40.0,180.02,20.0,1.0,0.9001,0.4,0.0977,True,all_direct,0.067,0.9639
101,v1,v6,40.0,10.44,10.0,1.0,0.0522,0.2,21.2923,False,all_direct,21.2814,0.998
101,v1,v5,40.0,30.0,0.0,1.0,0.15,0.0,16.3661,False,all_direct,16.3426,0.9971
101,v1,v13,40.0,110.0,30.0,1.0,0.55,0.6,2.5212,True,all_direct,2.4875,0.9758
101,v3,v7,20.0,10.0,0.0,0.6,0.05,0.0,4.0,False,all_direct,3.9737,0.9857
101,v3,v4,20.0,10.44,20.0,0.6,0.0522,0.4,-0.1164,True,all_direct,-0.1482,0.9686
101,v3,v15,20.0,140.0,0.0,0.6,0.7,0.0,-14.338,True,all_direct,-14.3666,0.384
101,v3,v8,20.0,140.03,30.0,0.6,0.7002,0.6,-19.1561,True,all_direct,-19.1897,0.2336
101,v3,v11,20.0,150.0,0.0,0.6,0.75,0.0,-14.8175,True,all_direct,-14.8561,0.3566
101,v4,v3,40.0,10.44,20.0,1.0,0.0522,0.4,19.8836,False,all_direct,19.856,0.998
101,v4,v7,40.0,20.22,20.0,1.0,0.1011,0.4,15.2892,False,all_direct,15.263,0.9961
101,v4,v8,40.0,150.0,10.0,1.0,0.75,0.2,2.7743,False,all_direct,2.7505,0.9852
101,v4,v15,40.0,150.03,20.0,1.0,0.7501,0.4,1.3642,True,all_direct,1.3361,0.974
101,v4,v11,40.0,160.03,20.0,1.0,0.8001,0.4,0.9159,True,all_direct,0.8857,0.9736
102,v1,v6,40.0,20.22,30.0,1.0,0.1011,0.6,14.2897,False,all_direct,14.2649,0.9951
102,v1,v5,40.0,30.0,40.0,1.0,0.15,0.8,10.7743,True,all_direct,10.7433,0.9902
102,v1,v13,40.0,140.0,30.0,1.0,0.7,0.6,0.8455,True,all_direct,0.8225,0.9777
102,v3,v7,20.0,10.0,20.0,0.6,0.05,0.4,0.183,True,all_direct,0.1526,0.9627
102,v3,v4,20.0,10.44,10.0,0.6,0.0522,0.2,1.2923,False,all_direct,1.2671,0.9707
102,v3,v15,20.0,140.0,20.0,0.6,0.7,0.4,-18.155,True,all_direct,-18.192,0.2439
102,v3,v11,20.0,150.0,0.0,0.6,0.75,0.0,-14.8175,True,all_direct,-14.8465,0.3678
102,v3,v8,20.0,170.03,20.0,0.6,0.8501,0.4,-19.5052,True,all_direct,-19.5269,0.2285
102,v4,v7,40.0,3.0,10.0,1.0,0.015,0.2,29.9578,False,all_direct,29.9225,0.999
102,v4,v3,40.0,10.44,10.0,1.0,0.0522,0.2,21.2923,False,all_direct,21.2659,0.9961
102,v4,v15,40.0,130.03,10.0,1.0,0.6502,0.2,3.7668,False,all_direct,3.7453,0.9861
102,v4,v11,40.0,140.03,10.0,1.0,0.7002,0.2,3.2521,False,all_direct,3.235,0.9834
102,v4,v8,40.0,160.0,10.0,1.0,0.8,0.2,2.3258,True,all_direct,2.2981,0.9818
103,v1,v6,40.0,50.09,30.0,1.0,0.2504,0.6,7.9875,False,all_direct,7.9637,0.9893
103,v1,v5,40.0,70.0,20.0,1.0,0.35,0.4,6.6615,False,all_direct,6.6338,0.9873
103,v1,v13,40.0,170.0,0.0,1.0,0.85,0.0,4.3128,True,all_direct,4.2769,0.9854
103,v3,v4,20.0,3.0,10.0,0.6,0.015,0.2,9.9578,False,all_direct,9.9282,0.9922
103,v3,v7,20.0,10.0,30.0,0.6,0.05,0.6,-0.8165,True,all_direct,-0.8366,0.9568
103,v3,v15,20.0,120.0,10.0,0.6,0.6,0.2,-15.6751,True,all_direct,-15.6976,0.3287
103,v3,v11,20.0,150.0,10.0,0.6,0.75,0.2,-17.2257,True,all_direct,-17.2528,0.2695
103,v3,v8,20.0,150.03,30.0,0.6,0.7501,0.6,-19.6353,True,all_direct,-19.6539,0.2143
103,v4,v3,40.0,3.0,10.0,1.0,0.015,0.2,29.9578,False,all_direct,29.926,0.998
103,v4,v7,40.0,10.44,20.0,1.0,0.0522,0.4,19.8836,False,all_direct,19.8641,0.998
103,v4,v15,40.0,120.04,0.0,1.0,0.6002,0.0,6.7309,False,all_direct,6.6997,0.9902
103,v4,v8,40.0,150.0,20.0,1.0,0.75,0.4,1.3656,True,all_direct,1.3215,0.973
103,v4,v11,40.0,150.03,20.0,1.0,0.7501,0.4,1.3642,True,all_direct,1.3353,0.974
104,v1,v6,40.0,80.06,0.0,1.0,0.4003,0.0,9.5457,False,all_direct,9.5198,0.9951
104,v1,v5,40.0,90.0,30.0,1.0,0.45,0.6,3.9156,False,all_direct,3.8963,0.9828
104,v1,v13,40.0,170.0,10.0,1.0,0.85,0.2,1.9046,True,all_direct,1.892,0.9814
104,v3,v4,20.0,10.44,10.0,0.6,0.0522,0.2,1.2923,False,all_direct,1.2629,0.9746
104,v3,v7,20.0,20.0,10.0,0.6,0.1,0.2,-3.2247,False,all_direct,-3.2513,0.9115
104,v3,v15,20.0,130.0,20.0,0.6,0.65,0.4,-17.6401,True,all_direct,-17.6638,0.259
104,v3,v11,20.0,140.0,20.0,0.6,0.7,0.4,-18.155,True,all_direct,-18.1818,0.2541
104,v3,v8,20.0,180.02,30.0,0.6,0.9001,0.6,-20.9018,True,all_direct,-20.9224,0.1824
104,v4,v3,40.0,10.44,10.0,1.0,0.0522,0.2,21.2923,False,all_direct,21.2651,0.998
104,v4,v7,40.0,10.44,0.0,1.0,0.0522,0.0,23.7006,False,all_direct,23.6759,0.998
104,v4,v15,40.0,120.04,10.0,1.0,0.6002,0.2,4.3227,False,all_direct,4.3031,0.9844
104,v4,v11,40.0,130.03,10.0,1.0,0.6502,0.2,3.7668,False,all_direct,3.7404,0.9834
104,v4,v8,40.0,170.0,20.0,1.0,0.85,0.4,0.4958,True,all_direct,0.4693,0.9668
105,v1,v6,40.0,80.06,20.0,1.0,0.4003,0.4,5.7287,False,all_direct,5.7082,0.9863
105,v1,v5,40.0,120.0,0.0,1.0,0.6,0.0,6.7331,False,all_direct,6.7116,0.9922
105,v1,v13,40.0,160.0,30.0,1.0,0.8,0.6,-0.0824,True,all_direct,-0.117,0.9611
105,v1,v2,40.0,190.02,10.0,1.0,0.9501,0.2,1.1308,True,all_direct,1.115,0.9676
105,v2,v1,20.0,190.02,10.0,0.6,0.9501,0.2,-18.8692,True,all_direct,-18.8961,0.2496
105,v3,v4,20.0,3.0,0.0,0.6,0.015,0.0,12.3661,False,all_direct,12.3305,0.9941
105,v3,v7,20.0,10.0,10.0,0.6,0.05,0.2,1.5918,False,all_direct,1.5641,0.9799
105,v3,v15,20.0,110.0,30.0,0.6,0.55,0.6,-17.4788,True,all_direct,-17.5039,0.2744
105,v3,v11,20.0,120.0,10.0,0.6,0.6,0.2,-15.6751,True,all_direct,-15.7102,0.3207
105,v3,v8,20.0,150.03,10.0,0.6,0.7501,0.2,-17.2271,True,all_direct,-17.2465,0.275
105,v4,v3,40.0,3.0,0.0,1.0,0.015,0.0,32.3661,False,all_direct,32.3466,0.999
105,v4,v7,40.0,10.44,10.0,1.0,0.0522,0.2,21.2923,False,all_direct,21.2683,0.9971
105,v4,v15,40.0,110.04,30.0,1.0,0.5502,0.6,2.5187,True,all_direct,2.4941,0.9848
105,v4,v11,40.0,120.04,10.0,1.0,0.6002,0.2,4.3227,False,all_direct,4.2876,0.9912
105,v4,v8,40.0,150.0,10.0,1.0,0.75,0.2,2.7743,False,all_direct,2.7449,0.9725
106,v1,v6,40.0,60.07,30.0,1.0,0.3004,0.6,6.7244,False,all_direct,6.6976,0.9893
106,v1,v5,40.0,120.0,40.0,1.0,0.6,0.8,1.1413,True,all_direct,1.1257,0.973
106,v1,v13,40.0,130.0,30.0,1.0,0.65,0.6,1.3604,True,all_direct,1.3207,0.9721
106,v1,v2,40.0,180.02,10.0,1.0,0.9001,0.2,1.5064,True,all_direct,1.4849,0.9775
106,v2,v1,20.0,180.02,10.0,0.6,0.9001,0.2,-18.4936,True,all_direct,-18.5208,0.2389
106,v3,v4,20.0,3.0,10.0,0.6,0.015,0.2,9.9578,False,all_direct,9.9286,0.9951
106,v3,v7,20.0,20.0,10.0,0.6,0.1,0.2,-3.2247,False,all_direct,-3.2515,0.923
106,v3,v15,20.0,80.0,10.0,0.6,0.4,0.2,-12.8577,True,all_direct,-12.8824,0.4607
106,v3,v11,20.0,110.0,10.0,0.6,0.55,0.2,-15.0705,True,all_direct,-15.0961,0.3357
106,v3,v8,20.0,140.03,30.0,0.6,0.7002,0.6,-19.1561,True,all_direct,-19.1825,0.2305
106,v4,v3,40.0,3.0,10.0,1.0,0.015,0.2,29.9578,False,all_direct,29.9394,0.998
106,v4,v7,40.0,20.22,20.0,1.0,0.1011,0.4,15.2892,False,all_direct,15.2645,0.9971
106,v4,v15,40.0,80.06,0.0,1.0,0.4003,0.0,9.5457,False,all_direct,9.531,0.9965
106,v4,v11,40.0,110.04,0.0,1.0,0.5502,0.0,7.3351,False,all_direct,7.2969,0.9896
106,v4,v8,40.0,140.0,40.0,1.0,0.7,0.8,0.0702,True,all_direct,0.0362,0.9482
107,v1,v6,40.0,90.05,10.0,1.0,0.4502,0.2,6.32,False,all_direct,6.3046,0.9906
107,v1,v5,40.0,160.0,10.0,1.0,0.8,0.2,2.3258,True,all_direct,2.3132,0.9789
107,v1,v13,40.0,160.0,20.0,1.0,0.8,0.4,0.9171,True,all_direct,0.9022,0.9666
107,v1,v2,40.0,170.03,40.0,1.0,0.8501,0.8,-1.28,True,all_direct,-1.3047,0.9598
107,v2,v1,20.0,170.03,40.0,0.6,0.8501,0.8,-21.28,True,all_direct,-21.3092,0.2002
107,v3,v4,20.0,10.44,10.0,0.6,0.0522,0.2,1.2923,False,all_direct,1.2608,0.9805
107,v3,v7,20.0,30.0,10.0,0.6,0.15,0.2,-6.0422,False,all_direct,-6.0735,0.8215
107,v3,v15,20.0,70.0,30.0,0.6,0.35,0.6,-14.338,True,all_direct,-14.3636,0.3539
107,v3,v11,20.0,100.0,10.0,0.6,0.5,0.2,-14.4082,True,all_direct,-14.4229,0.3662
107,v3,v8,20.0,170.03,0.0,0.6,0.8501,0.0,-15.6883,True,all_direct,-15.7157,0.3188
107,v4,v3,40.0,10.44,10.0,1.0,0.0522,0.2,21.2923,False,all_direct,21.2652,0.998
107,v4,v7,40.0,40.11,0.0,1.0,0.2006,0.0,14.3476,False,all_direct,14.3312,0.9961
107,v4,v15,40.0,80.06,20.0,1.0,0.4003,0.4,5.7287,False,all_direct,5.6893,0.9873
107,v4,v11,40.0,110.04,0.0,1.0,0.5502,0.0,7.3351,False,all_direct,7.2976,0.9902
107,v4,v8,40.0,180.0,10.0,1.0,0.9,0.2,1.5074,True,all_direct,1.4781,0.9775
108,v1,v6,40.0,80.06,10.0,1.0,0.4003,0.2,7.1374,False,all_direct,7.1129,0.9877
108,v1,v13,40.0,140.0,0.0,1.0,0.7,0.0,5.662,False,all_direct,5.6331,0.9893
108,v1,v5,40.0,150.0,40.0,1.0,0.75,0.8,-0.4092,True,all_direct,-0.437,0.95
108,v3,v7,20.0,20.0,0.0,0.6,0.1,0.0,-0.8165,False,all_direct,-0.8494,0.9506
108,v3,v4,20.0,20.22,30.0,0.6,0.1011,0.6,-5.7103,True,all_direct,-5.7292,0.8373
108,v3,v15,20.0,40.0,10.0,0.6,0.2,0.2,-8.0412,False,all_direct,-8.0662,0.7158
108,v3,v11,20.0,90.0,30.0,0.6,0.45,0.6,-16.0844,True,all_direct,-16.1146,0.3211
108,v3,v8,20.0,170.03,30.0,0.6,0.8501,0.6,-20.5047,True,all_direct,-20.5445,0.2113
108,v4,v3,40.0,20.22,30.0,1.0,0.1011,0.6,14.2897,False,all_direct,14.249,0.9971
108,v4,v7,40.0,40.11,30.0,1.0,0.2006,0.6,9.5311,False,all_direct,9.5028,0.9941
108,v4,v15,40.0,60.07,40.0,1.0,0.3004,0.8,5.9491,True,all_direct,5.9157,0.9887
108,v4,v11,40.0,110.04,0.0,1.0,0.5502,0.0,7.3351,False,all_direct,7.3081,0.9922
108,v4,v8,40.0,190.0,0.0,1.0,0.95,0.0,3.5399,True,all_direct,3.5195,0.9832
109,v1,v6,40.0,70.06,20.0,1.0,0.3503,0.4,6.6551,False,all_direct,6.6203,0.9912
109,v1,v5,40.0,110.0,20.0,1.0,0.55,0.4,3.5207,False,all_direct,3.4914,0.9834
109,v1,v13,40.0,140.0,40.0,1.0,0.7,0.8,0.0702,True,all_direct,0.0601,0.9682
109,v3,v7,20.0,20.0,0.0,0.6,0.1,0.0,-0.8165,False,all_direct,-0.846,0.9584
109,v3,v15,20.0,50.0,0.0,0.6,0.25,0.0,-7.1835,False,all_direct,-7.2249,0.758
109,v3,v4,20.0,50.09,10.0,0.6,0.2504,0.2,-9.6042,False,all_direct,-9.6282,0.643
109,v3,v11,20.0,60.0,0.0,0.6,0.3,0.0,-8.4504,True,all_direct,-8.4666,0.6762
109,v3,v8,20.0,140.03,20.0,0.6,0.7002,0.4,-18.1566,True,all_direct,-18.1869,0.2586
109,v4,v3,40.0,50.09,10.0,1.0,0.2504,0.2,10.3958,False,all_direct,10.3778,0.9936
109,v4,v7,40.0,70.06,10.0,1.0,0.3503,0.2,8.0638,False,all_direct,8.0356,0.9922
109,v4,v15,40.0,100.04,10.0,1.0,0.5002,0.2,5.5886,False,all_direct,5.5687,0.9883
109,v4,v11,40.0,110.04,10.0,1.0,0.5502,0.2,4.9269,False,all_direct,4.9047,0.9893
109,v4,v8,40.0,190.0,30.0,1.0,0.95,0.6,-1.2765,True,all_direct,-1.3026,0.9578
110,v1,v6,40.0,90.05,10.0,1.0,0.4502,0.2,6.32,False,all_direct,6.2857,0.9838
110,v1,v5,40.0,130.0,20.0,1.0,0.65,0.4,2.3599,True,all_direct,2.3447,0.9844
110,v1,v13,40.0,180.0,30.0,1.0,0.9,0.6,-0.9008,True,all_direct,-0.93,0.9428
110,v3,v7,20.0,20.0,10.0,0.6,0.1,0.2,-3.2247,False,all_direct,-3.2519,0.9084
110,v3,v15,20.0,50.0,20.0,0.6,0.25,0.4,-11.0005,True,all_direct,-11.0237,0.583
110,v3,v11,20.0,60.0,20.0,0.6,0.3,0.4,-12.2674,True,all_direct,-12.2963,0.4756
110,v3,v4,20.0,60.07,0.0,0.6,0.3004,0.0,-8.4591,True,all_direct,-8.4952,0.6955
110,v3,v8,20.0,160.03,0.0,0.6,0.8001,0.0,-15.2671,True,all_direct,-15.2914,0.3227
110,v4,v3,40.0,60.07,0.0,1.0,0.3004,0.0,11.5409,False,all_direct,11.5213,0.998
110,v4,v7,40.0,80.06,10.0,1.0,0.4003,0.2,7.1374,False,all_direct,7.1092,0.9893
110,v4,v15,40.0,110.04,20.0,1.0,0.5502,0.4,3.5182,False,all_direct,3.5015,0.9824
110,v4,v11,40.0,120.04,20.0,1.0,0.6002,0.4,2.914,False,all_direct,2.8836,0.9818
111,v1,v6,40.0,100.04,10.0,1.0,0.5002,0.2,5.5886,False,all_direct,5.5567,0.9854
111,v1,v5,40.0,150.0,30.0,1.0,0.75,0.6,0.3661,True,all_direct,0.3534,0.9711
111,v1,v2,40.0,180.02,20.0,1.0,0.9001,0.4,0.0977,True,all_direct,0.0678,0.9656
111,v2,v1,20.0,180.02,20.0,0.6,0.9001,0.4,-19.9023,True,all_direct,-19.9248,0.1916
111,v3,v7,20.0,30.0,20.0,0.6,0.15,0.4,-7.4509,True,all_direct,-7.471,0.7695
111,v3,v4,20.0,60.07,10.0,0.6,0.3004,0.2,-10.8673,True,all_direct,-10.9063,0.5621
111,v3,v15,20.0,70.0,0.0,0.6,0.35,0.0,-9.5216,True,all_direct,-9.542,0.6301
111,v3,v11,20.0,80.0,20.0,0.6,0.4,0.4,-14.2664,True,all_direct,-14.2913,0.3822
111,v3,v8,20.0,160.03,10.0,0.6,0.8001,0.2,-17.6754,True,all_direct,-17.7019,0.2549
111,v4,v3,40.0,60.07,10.0,1.0,0.3004,0.2,9.1327,False,all_direct,9.105,0.9922
111,v4,v7,40.0,90.05,30.0,1.0,0.4502,0.6,3.9118,True,all_direct,3.8835,0.9863
111,v4,v15,40.0,130.03,10.0,1.0,0.6502,0.2,3.7668,False,all_direct,3.7429,0.9814
111,v4,v11,40.0,140.03,30.0,1.0,0.7002,0.6,0.8439,True,all_direct,0.8111,0.973
112,v1,v6,40.0,90.05,10.0,1.0,0.4502,0.2,6.32,False,all_direct,6.2849,0.9883
112,v1,v5,40.0,120.0,20.0,1.0,0.6,0.4,2.9161,False,all_direct,2.8975,0.9824
112,v1,v13,40.0,180.0,0.0,1.0,0.9,0.0,3.9156,True,all_direct,3.8975,0.9893
112,v3,v7,20.0,50.0,10.0,0.6,0.25,0.2,-9.5918,False,all_direct,-9.6214,0.6471
112,v3,v15,20.0,70.0,10.0,0.6,0.35,0.2,-11.9298,True,all_direct,-11.9726,0.5424
112,v3,v4,20.0,70.06,20.0,0.6,0.3503,0.4,-13.3449,True,all_direct,-13.3684,0.4383
112,v3,v11,20.0,100.0,0.0,0.6,0.5,0.0,-12.0,True,all_direct,-12.0245,0.4877
112,v3,v8,20.0,170.03,30.0,0.6,0.8501,0.6,-20.5047,True,all_direct,-20.5248,0.1777
112,v4,v3,40.0,70.06,20.0,1.0,0.3503,0.4,6.6551,False,all_direct,6.6313,0.9926
112,v4,v7,40.0,120.04,10.0,1.0,0.6002,0.2,4.3227,False,all_direct,4.294,0.9883
112,v4,v15,40.0,140.03,30.0,1.0,0.7002,0.6,0.8439,True,all_direct,0.8181,0.9775
112,v4,v11,40.0,170.03,20.0,1.0,0.8501,0.4,0.4948,True,all_direct,0.4605,0.973
113,v1,v6,40.0,80.06,20.0,1.0,0.4003,0.4,5.7287,False,all_direct,5.7073,0.9863
113,v1,v5,40.0,140.0,10.0,1.0,0.7,0.2,3.2537,False,all_direct,3.2297,0.9814
113,v1,v13,40.0,180.0,20.0,1.0,0.9,0.4,0.0987,True,all_direct,0.0669,0.9666
113,v3,v4,20.0,50.09,20.0,0.6,0.2504,0.4,-11.013,True,all_direct,-11.0324,0.5701
113,v3,v7,20.0,60.0,20.0,0.6,0.3,0.4,-12.2674,True,all_direct,-12.2836,0.4795
113,v3,v15,20.0,60.0,20.0,0.6,0.3,0.4,-12.2674,True,all_direct,-12.2947,0.4621
113,v3,v11,20.0,100.0,20.0,0.6,0.5,0.4,-15.817,True,all_direct,-15.8483,0.3006
113,v4,v3,40.0,50.09,20.0,1.0,0.2504,0.4,8.987,False,all_direct,8.9521,0.9941
113,v4,v7,40.0,110.04,40.0,1.0,0.5502,0.8,1.7434,True,all_direct,1.7149,0.9818
113,v4,v15,40.0,110.04,40.0,1.0,0.5502,0.8,1.7434,True,all_direct,1.711,0.9734
113,v4,v11,40.0,150.03,40.0,1.0,0.7501,0.8,-0.4106,True,all_direct,-0.4548,0.9631
114,v1,v6,40.0,100.04,20.0,1.0,0.5002,0.4,4.1799,False,all_direct,4.1558,0.976
114,v1,v5,40.0,130.0,20.0,1.0,0.65,0.4,2.3599,True,all_direct,2.3414,0.9785
114,v1,v13,40.0,200.0,30.0,1.0,1.0,0.6,-1.633,True,all_direct,-1.6708,0.9461
114,v3,v4,20.0,30.15,30.0,0.6,0.1507,0.6,-8.485,True,all_direct,-8.5042,0.7131
114,v3,v7,20.0,40.0,40.0,0.6,0.2,0.8,-11.2247,True,all_direct,-11.2599,0.5145
114,v3,v15,20.0,40.0,0.0,0.6,0.2,0.0,-5.633,False,all_direct,-5.6775,0.8449
114,v3,v11,20.0,80.0,40.0,0.6,0.4,0.8,-16.0412,True,all_direct,-16.0707,0.324
114,v3,v8,20.0,180.02,20.0,0.6,0.9001,0.4,-19.9023,True,all_direct,-19.9277,0.2102
114,v4,v3,40.0,30.15,30.0,1.0,0.1507,0.6,11.515,False,all_direct,11.4882,0.9932
114,v4,v7,40.0,70.06,10.0,1.0,0.3503,0.2,8.0638,False,all_direct,8.045,0.9926
114,v4,v15,40.0,70.06,30.0,1.0,0.3503,0.6,5.6556,False,all_direct,5.6255,0.9893
114,v4,v11,40.0,110.04,10.0,1.0,0.5502,0.2,4.9269,False,all_direct,4.9033,0.9887
115,v1,v6,40.0,80.06,30.0,1.0,0.4003,0.6,4.7292,False,all_direct,4.6847,0.9844
115,v1,v5,40.0,110.0,0.0,1.0,0.55,0.0,7.3377,False,all_direct,7.2998,0.9906
115,v1,v13,40.0,170.0,20.0,1.0,0.85,0.4,0.4958,True,all_direct,0.4743,0.9633
115,v3,v7,20.0,0.0,10.0,0.6,0.0,0.2,33.5918,False,all_direct,33.5653,1.0
115,v3,v11,20.0,40.0,20.0,0.6,0.2,0.4,-9.4499,True,all_direct,-9.4863,0.6211
115,v3,v15,20.0,40.0,10.0,0.6,0.2,0.2,-8.0412,False,all_direct,-8.0669,0.7338
115,v3,v4,20.0,60.07,30.0,0.6,0.3004,0.6,-13.2756,True,all_direct,-13.3095,0.4602
115,v3,v8,20.0,160.03,30.0,0.6,0.8001,0.6,-20.0836,True,all_direct,-20.1213,0.1912
115,v4,v3,40.0,60.07,30.0,1.0,0.3004,0.6,6.7244,False,all_direct,6.6997,0.9891
115,v4,v7,40.0,60.07,20.0,1.0,0.3004,0.4,7.7239,False,all_direct,7.6858,0.9906
115,v4,v11,40.0,100.04,10.0,1.0,0.5002,0.2,5.5886,False,all_direct,5.5759,0.9902
115,v4,v15,40.0,100.04,20.0,1.0,0.5002,0.4,4.1799,False,all_direct,4.1604,0.9854
116,v1,v5,40.0,110.0,0.0,1.0,0.55,0.0,7.3377,False,all_direct,7.3142,0.9877
116,v1,v6,40.0,110.04,20.0,1.0,0.5502,0.4,3.5182,False,all_direct,3.49,0.9834
116,v1,v13,40.0,190.0,0.0,1.0,0.95,0.0,3.5399,True,all_direct,3.5069,0.9814
116,v3,v7,20.0,10.0,30.0,0.6,0.05,0.6,-0.8165,True,all_direct,-0.8326,0.9627
116,v3,v11,20.0,20.0,40.0,0.6,0.1,0.8,-6.4082,True,all_direct,-6.4424,0.8057
116,v3,v15,20.0,30.0,40.0,0.6,0.15,0.8,-9.2257,True,all_direct,-9.253,0.6535
116,v3,v4,20.0,90.05,20.0,0.6,0.4502,0.4,-15.0887,True,all_direct,-15.1274,0.3738
116,v3,v8,20.0,130.03,40.0,0.6,0.6502,0.8,-19.4167,True,all_direct,-19.4344,0.2398
116,v4,v7,40.0,80.06,10.0,1.0,0.4003,0.2,7.1374,False,all_direct,7.1141,0.9893
116,v4,v3,40.0,90.05,20.0,1.0,0.4502,0.4,4.9113,False,all_direct,4.8803,0.9873
116,v4,v11,40.0,110.04,20.0,1.0,0.5502,0.4,3.5182,False,all_direct,3.4944,0.9893
116,v4,v15,40.0,120.04,20.0,1.0,0.6002,0.4,2.914,False,all_direct,2.8838,0.9799
117,v1,v5,40.0,110.0,30.0,1.0,0.55,0.6,2.5212,True,all_direct,2.4989,0.9834
117,v1,v6,40.0,130.03,40.0,1.0,0.6502,0.8,0.5833,True,all_direct,0.5717,0.966
117,v1,v13,40.0,190.0,10.0,1.0,0.95,0.2,1.1317,True,all_direct,1.1082,0.9773
117,v3,v15,20.0,10.0,0.0,0.6,0.05,0.0,4.0,False,all_direct,3.9692,0.9854
117,v3,v11,20.0,20.0,0.0,0.6,0.1,0.0,-0.8165,False,all_direct,-0.8464,0.9617
117,v3,v7,20.0,40.0,10.0,0.6,0.2,0.2,-8.0412,False,all_direct,-8.0849,0.7055
117,v3,v8,20.0,90.05,30.0,0.6,0.4502,0.6,-16.0882,True,all_direct,-16.1215,0.3066
117,v3,v4,20.0,110.04,20.0,0.6,0.5502,0.4,-16.4818,True,all_direct,-16.5229,0.2824
117,v4,v7,40.0,70.06,30.0,1.0,0.3503,0.6,5.6556,False,all_direct,5.6292,0.9803
117,v4,v11,40.0,90.05,20.0,1.0,0.4502,0.4,4.9113,False,all_direct,4.877,0.9861
117,v4,v15,40.0,100.04,20.0,1.0,0.5002,0.4,4.1799,False,all_direct,4.1577,0.9789
117,v4,v3,40.0,110.04,20.0,1.0,0.5502,0.4,3.5182,False,all_direct,3.4792,0.9748
117,v4,v8,40.0,200.0,10.0,1.0,1.0,0.2,0.7753,True,all_direct,0.7612,0.9711
118,v1,v5,40.0,140.0,40.0,1.0,0.7,0.8,0.0702,True,all_direct,0.0498,0.9672
118,v1,v6,40.0,170.03,20.0,1.0,0.8501,0.4,0.4948,True,all_direct,0.4576,0.9717
118,v1,v13,40.0,200.0,40.0,1.0,1.0,0.8,-2.4082,True,all_direct,-2.4327,0.9439
118,v3,v15,20.0,10.0,0.0,0.6,0.05,0.0,4.0,False,all_direct,3.9751,0.9863
118,v3,v11,20.0,20.0,30.0,0.6,0.1,0.6,-5.633,True,all_direct,-5.664,0.8406
118,v3,v7,20.0,50.0,10.0,0.6,0.25,0.2,-9.5918,False,all_direct,-9.6165,0.6301
118,v3,v4,20.0,90.05,30.0,0.6,0.4502,0.6,-16.0882,True,all_direct,-16.1144,0.2867
118,v3,v8,20.0,120.04,0.0,0.6,0.6002,0.0,-13.2691,True,all_direct,-13.2903,0.4285
118,v4,v7,40.0,40.11,20.0,1.0,0.2006,0.4,10.5306,False,all_direct,10.4958,0.9941
118,v4,v11,40.0,70.06,0.0,1.0,0.3503,0.0,10.4721,False,all_direct,10.436,0.9926
118,v4,v15,40.0,80.06,30.0,1.0,0.4003,0.6,4.7292,False,all_direct,4.7087,0.9799
118,v4,v3,40.0,90.05,30.0,1.0,0.4502,0.6,3.9118,True,all_direct,3.8792,0.9818
119,v1,v5,40.0,100.0,0.0,1.0,0.5,0.0,8.0,False,all_direct,7.9771,0.9941
119,v1,v6,40.0,150.03,10.0,1.0,0.7501,0.2,2.7729,False,all_direct,2.7479,0.9824
119,v1,v13,40.0,160.0,30.0,1.0,0.8,0.6,-0.0824,True,all_direct,-0.1245,0.9666
119,v3,v11,20.0,10.0,10.0,0.6,0.05,0.2,1.5918,False,all_direct,1.5716,0.9727
119,v3,v15,20.0,10.0,20.0,0.6,0.05,0.4,0.183,True,all_direct,0.1544,0.9682
119,v3,v7,20.0,40.0,20.0,0.6,0.2,0.4,-9.4499,True,all_direct,-9.4724,0.6521
119,v3,v4,20.0,60.07,20.0,0.6,0.3004,0.4,-12.2761,True,all_direct,-12.2993,0.4738
119,v3,v8,20.0,120.04,30.0,0.6,0.6002,0.6,-18.0856,True,all_direct,-18.1137,0.2535
119,v4,v7,40.0,20.22,0.0,1.0,0.1011,0.0,19.1062,False,all_direct,19.0712,0.9971
119,v4,v15,40.0,50.09,0.0,1.0,0.2504,0.0,12.804,False,all_direct,12.7789,0.9951
119,v4,v3,40.0,60.07,20.0,1.0,0.3004,0.4,7.7239,False,all_direct,7.6958,0.9951
119,v4,v11,40.0,70.06,10.0,1.0,0.3503,0.2,8.0638,False,all_direct,8.0396,0.9951
119,v4,v8,40.0,180.0,10.0,1.0,0.9,0.2,1.5074,True,all_direct,1.4741,0.967
120,v1,v5,40.0,100.0,0.0,1.0,0.5,0.0,8.0,False,all_direct,7.9677,0.9912
120,v1,v13,40.0,130.0,20.0,1.0,0.65,0.4,2.3599,True,all_direct,2.324,0.9844
120,v1,v6,40.0,140.03,20.0,1.0,0.7002,0.4,1.8434,True,all_direct,1.828,0.9775
120,v3,v15,20.0,10.0,20.0,0.6,0.05,0.4,0.183,True,all_direct,0.1553,0.9695
120,v3,v7,20.0,20.0,0.0,0.6,0.1,0.0,-0.8165,False,all_direct,-0.8364,0.9623
120,v3,v11,20.0,20.0,10.0,0.6,0.1,0.2,-3.2247,False,all_direct,-3.2551,0.9205
120,v3,v4,20.0,40.11,20.0,0.6,0.2006,0.4,-9.4694,True,all_direct,-9.4965,0.6461
120,v3,v8,20.0,150.03,10.0,0.6,0.7501,0.2,-17.2271,True,all_direct,-17.2515,0.2748
120,v4,v7,40.0,20.22,20.0,1.0,0.1011,0.4,15.2892,False,all_direct,15.2637,0.9951
120,v4,v3,40.0,40.11,20.0,1.0,0.2006,0.4,10.5306,False,all_direct,10.5025,0.9922
120,v4,v15,40.0,50.09,40.0,1.0,0.2504,0.8,7.2122,True,all_direct,7.1926,0.9932
120,v4,v11,40.0,60.07,10.0,1.0,0.3004,0.2,9.1327,False,all_direct,9.1096,0.9926
120,v4,v8,40.0,190.0,30.0,1.0,0.95,0.6,-1.2765,True,all_direct,-1.3046,0.949
121,v1,v5,40.0,100.0,0.0,1.0,0.5,0.0,8.0,False,all_direct,7.9691,0.9922
121,v1,v13,40.0,110.0,0.0,1.0,0.55,0.0,7.3377,False,all_direct,7.3135,0.9922
121,v1,v6,40.0,160.03,0.0,1.0,0.8001,0.0,4.7329,True,all_direct,4.6971,0.9854
121,v3,v15,20.0,10.0,40.0,0.6,0.05,0.8,-1.5918,True,all_direct,-1.6143,0.949
121,v3,v7,20.0,20.0,0.0,0.6,0.1,0.0,-0.8165,False,all_direct,-0.8421,0.9496
121,v3,v4,20.0,20.22,40.0,0.6,0.1011,0.8,-6.4855,True,all_direct,-6.5074,0.7982
121,v3,v11,20.0,30.0,30.0,0.6,0.15,0.6,-8.4504,True,all_direct,-8.4787,0.7027
121,v3,v8,20.0,140.03,0.0,0.6,0.7002,0.0,-14.3396,True,all_direct,-14.3622,0.3918
121,v4,v7,40.0,3.0,40.0,1.0,0.015,0.8,26.7743,True,all_direct,26.7488,1.0
121,v4,v15,40.0,10.44,0.0,1.0,0.0522,0.0,23.7006,False,all_direct,23.666,0.998
121,v4,v3,40.0,20.22,40.0,1.0,0.1011,0.8,13.5145,True,all_direct,13.4824,0.9961
121,v4,v11,40.0,50.09,10.0,1.0,0.2504,0.2,10.3958,False,all_direct,10.3768,0.9951
121,v4,v8,40.0,160.0,40.0,1.0,0.8,0.8,-0.8577,True,all_direct,-0.889,0.9539
122,v1,v5,40.0,100.0,20.0,1.0,0.5,0.4,4.183,False,all_direct,4.1571,0.9857
122,v1,v13,40.0,110.0,20.0,1.0,0.55,0.4,3.5207,False,all_direct,3.4925,0.9854
122,v1,v6,40.0,160.03,20.0,1.0,0.8001,0.4,0.9159,True,all_direct,0.8929,0.9795
122,v3,v11,20.0,0.0,10.0,0.6,0.0,0.2,33.5918,False,all_direct,33.562,0.998
122,v3,v7,20.0,20.0,10.0,0.6,0.1,0.2,-3.2247,False,all_direct,-3.2519,0.9145
122,v3,v15,20.0,50.0,10.0,0.6,0.25,0.2,-9.5918,False,all_direct,-9.621,0.6201
122,v3,v4,20.0,60.07,20.0,0.6,0.3004,0.4,-12.2761,True,all_direct,-12.3002,0.4898
122,v3,v8,20.0,140.03,20.0,0.6,0.7002,0.4,-18.1566,True,all_direct,-18.1768,0.2439
122,v4,v15,40.0,10.44,30.0,1.0,0.0522,0.6,18.8841,False,all_direct,18.864,0.9961
122,v4,v7,40.0,40.11,10.0,1.0,0.2006,0.2,11.9393,False,all_direct,11.9169,0.9971
122,v4,v3,40.0,60.07,20.0,1.0,0.3004,0.4,7.7239,False,all_direct,7.7068,0.9926
122,v4,v11,40.0,60.07,30.0,1.0,0.3004,0.6,6.7244,False,all_direct,6.7046,0.9883
122,v4,v8,40.0,200.0,40.0,1.0,1.0,0.8,-2.4082,True,all_direct,-2.4393,0.9396
123,v1,v5,40.0,120.0,20.0,1.0,0.6,0.4,2.9161,False,all_direct,2.8811,0.9844
123,v1,v13,40.0,130.0,20.0,1.0,0.65,0.4,2.3599,True,all_direct,2.3453,0.9844
123,v1,v6,40.0,140.03,10.0,1.0,0.7002,0.2,3.2521,False,all_direct,3.2236,0.9818
123,v3,v7,20.0,10.0,40.0,0.6,0.05,0.8,-1.5918,True,all_direct,-1.6187,0.9506
123,v3,v11,20.0,10.0,40.0,0.6,0.05,0.8,-1.5918,True,all_direct,-1.6214,0.9398
123,v3,v4,20.0,40.11,20.0,0.6,0.2006,0.4,-9.4694,True,all_direct,-9.4999,0.6355
123,v3,v15,20.0,60.0,0.0,0.6,0.3,0.0,-8.4504,True,all_direct,-8.484,0.7109
123,v3,v8,20.0,120.04,40.0,0.6,0.6002,0.8,-18.8608,True,all_direct,-18.8846,0.2367
123,v4,v15,40.0,20.22,20.0,1.0,0.1011,0.4,15.2892,False,all_direct,15.2669,0.9961
123,v4,v7,40.0,30.15,20.0,1.0,0.1507,0.4,12.5145,False,all_direct,12.4909,0.9971
123,v4,v11,40.0,30.15,20.0,1.0,0.1507,0.4,12.5145,False,all_direct,12.4904,0.9941
123,v4,v3,40.0,40.11,20.0,1.0,0.2006,0.4,10.5306,False,all_direct,10.5072,0.9961
123,v4,v8,40.0,160.0,20.0,1.0,0.8,0.4,0.9171,True,all_direct,0.8883,0.973
124,v1,v5,40.0,140.0,10.0,1.0,0.7,0.2,3.2537,False,all_direct,3.2228,0.9805
124,v1,v13,40.0,150.0,30.0,1.0,0.75,0.6,0.3661,True,all_direct,0.3519,0.9756
124,v1,v6,40.0,150.03,10.0,1.0,0.7501,0.2,2.7729,False,all_direct,2.7502,0.9854
124,v3,v7,20.0,50.0,20.0,0.6,0.25,0.4,-11.0005,True,all_direct,-11.029,0.5535
124,v3,v11,20.0,50.0,0.0,0.6,0.25,0.0,-7.1835,False,all_direct,-7.2133,0.766
124,v3,v15,20.0,60.0,10.0,0.6,0.3,0.2,-10.8587,True,all_direct,-10.8869,0.574
124,v3,v4,20.0,60.07,20.0,0.6,0.3004,0.4,-12.2761,True,all_direct,-12.3087,0.4684
124,v3,v8,20.0,80.06,10.0,0.6,0.4003,0.2,-12.8626,True,all_direct,-12.8927,0.4437
124,v4,v15,40.0,3.0,30.0,1.0,0.015,0.6,27.5496,False,all_direct,27.5298,0.998
124,v4,v7,40.0,10.44,0.0,1.0,0.0522,0.0,23.7006,False,all_direct,23.6733,0.999
124,v4,v11,40.0,10.44,20.0,1.0,0.0522,0.4,19.8836,False,all_direct,19.8592,0.9971
124,v4,v3,40.0,60.07,20.0,1.0,0.3004,0.4,7.7239,False,all_direct,7.6892,0.9877
124,v4,v8,40.0,140.0,10.0,1.0,0.7,0.2,3.2537,False,all_direct,3.2224,0.9854
125,v1,v13,40.0,120.0,10.0,1.0,0.6,0.2,4.3249,False,all_direct,4.2925,0.9887
125,v1,v5,40.0,130.0,0.0,1.0,0.65,0.0,6.1769,False,all_direct,6.1471,0.9932
125,v1,v6,40.0,140.03,0.0,1.0,0.7002,0.0,5.6604,False,all_direct,5.6208,0.9902
125,v3,v11,20.0,50.0,10.0,0.6,0.25,0.2,-9.5918,False,all_direct,-9.6113,0.6459
125,v3,v15,20.0,50.0,10.0,0.6,0.25,0.2,-9.5918,False,all_direct,-9.6135,0.6131
125,v3,v7,20.0,70.0,10.0,0.6,0.35,0.2,-11.9298,True,all_direct,-11.9495,0.5135
125,v3,v8,20.0,70.06,30.0,0.6,0.3503,0.6,-14.3444,True,all_direct,-14.3836,0.3803
125,v3,v4,20.0,80.06,20.0,0.6,0.4003,0.4,-14.2713,True,all_direct,-14.2895,0.3863
125,v4,v7,40.0,10.44,10.0,1.0,0.0522,0.2,21.2923,False,all_direct,21.2473,0.9941
125,v4,v11,40.0,30.15,10.0,1.0,0.1507,0.2,13.9232,False,all_direct,13.8957,0.9932
125,v4,v15,40.0,30.15,30.0,1.0,0.1507,0.6,11.515,False,all_direct,11.4862,0.9971
125,v4,v3,40.0,80.06,20.0,1.0,0.4003,0.4,5.7287,False,all_direct,5.6968,0.9883
125,v4,v8,40.0,150.0,10.0,1.0,0.75,0.2,2.7743,False,all_direct,2.7504,0.9744
126,v1,v5,40.0,130.0,20.0,1.0,0.65,0.4,2.3599,True,all_direct,2.3356,0.9809
126,v1,v13,40.0,130.0,0.0,1.0,0.65,0.0,6.1769,False,all_direct,6.1678,0.9912
126,v1,v6,40.0,140.03,10.0,1.0,0.7002,0.2,3.2521,False,all_direct,3.2339,0.9893
126,v3,v15,20.0,40.0,20.0,0.6,0.2,0.4,-9.4499,True,all_direct,-9.4784,0.6361
126,v3,v8,20.0,40.11,10.0,0.6,0.2006,0.2,-8.0607,False,all_direct,-8.0916,0.74
126,v3,v11,20.0,60.0,10.0,0.6,0.3,0.2,-10.8587,True,all_direct,-10.8914,0.5379
126,v3,v7,20.0,80.0,10.0,0.6,0.4,0.2,-12.8577,True,all_direct,-12.8906,0.4416
126,v3,v4,20.0,100.04,0.0,0.6,0.5002,0.0,-12.0031,True,all_direct,-12.0272,0.484
126,v4,v7,40.0,20.22,10.0,1.0,0.1011,0.2,16.698,False,all_direct,16.6609,0.9961
126,v4,v11,40.0,40.11,10.0,1.0,0.2006,0.2,11.9393,False,all_direct,11.9178,0.9932
126,v4,v15,40.0,60.07,20.0,1.0,0.3004,0.4,7.7239,False,all_direct,7.697,0.9912
126,v4,v3,40.0,100.04,0.0,1.0,0.5002,0.0,7.9969,False,all_direct,7.9797,0.9877
126,v4,v8,40.0,140.0,10.0,1.0,0.7,0.2,3.2537,False,all_direct,3.2197,0.9844
127,v1,v5,40.0,110.0,20.0,1.0,0.55,0.4,3.5207,False,all_direct,3.4899,0.9814
127,v1,v13,40.0,130.0,40.0,1.0,0.65,0.8,0.5851,True,all_direct,0.5649,0.9701
127,v1,v6,40.0,150.03,0.0,1.0,0.7501,0.0,5.1812,False,all_direct,5.155,0.9932
127,v3,v8,20.0,50.09,30.0,0.6,0.2504,0.6,-12.0125,True,all_direct,-12.0511,0.483
127,v3,v15,20.0,60.0,20.0,0.6,0.3,0.4,-12.2674,True,all_direct,-12.302,0.4824
127,v3,v7,20.0,70.0,10.0,0.6,0.35,0.2,-11.9298,True,all_direct,-11.962,0.5053
127,v3,v11,20.0,70.0,10.0,0.6,0.35,0.2,-11.9298,True,all_direct,-11.9597,0.5018
127,v3,v4,20.0,100.04,10.0,0.6,0.5002,0.2,-14.4114,True,all_direct,-14.4454,0.3775
127,v4,v7,40.0,30.15,0.0,1.0,0.1507,0.0,16.3315,False,all_direct,16.3062,0.9961
127,v4,v11,40.0,30.15,0.0,1.0,0.1507,0.0,16.3315,False,all_direct,16.3033,0.9971
127,v4,v15,40.0,40.11,30.0,1.0,0.2006,0.6,9.5311,False,all_direct,9.5037,0.998
127,v4,v3,40.0,100.04,10.0,1.0,0.5002,0.2,5.5886,False,all_direct,5.5685,0.9838
127,v4,v8,40.0,150.0,40.0,1.0,0.75,0.8,-0.4092,True,all_direct,-0.4256,0.9697
128,v1,v5,40.0,90.0,30.0,1.0,0.45,0.6,3.9156,False,all_direct,3.8907,0.9883
128,v1,v13,40.0,90.0,30.0,1.0,0.45,0.6,3.9156,False,all_direct,3.8814,0.9887
128,v1,v6,40.0,150.03,20.0,1.0,0.7501,0.4,1.3642,True,all_direct,1.3378,0.9676
128,v3,v15,20.0,40.0,10.0,0.6,0.2,0.2,-8.0412,False,all_direct,-8.0689,0.7264
128,v3,v7,20.0,80.0,30.0,0.6,0.4,0.6,-15.2659,True,all_direct,-15.294,0.3645
128,v3,v11,20.0,80.0,0.0,0.6,0.4,0.0,-10.4494,True,all_direct,-10.4835,0.5887
128,v3,v8,20.0,80.06,0.0,0.6,0.4003,0.0,-10.4543,True,all_direct,-10.4759,0.5783
128,v3,v4,20.0,110.04,30.0,0.6,0.5502,0.6,-17.4813,True,all_direct,-17.5151,0.2875
128,v4,v7,40.0,30.15,0.0,1.0,0.1507,0.0,16.3315,False,all_direct,16.2966,1.0
128,v4,v11,40.0,30.15,30.0,1.0,0.1507,0.6,11.515,False,all_direct,11.4815,0.9961
128,v4,v15,40.0,70.06,40.0,1.0,0.3503,0.8,4.8803,True,all_direct,4.857,0.9893
128,v4,v3,40.0,110.04,30.0,1.0,0.5502,0.6,2.5187,True,all_direct,2.4959,0.9789
128,v4,v8,40.0,190.0,30.0,1.0,0.95,0.6,-1.2765,True,all_direct,-1.2943,0.9549
129,v1,v5,40.0,60.0,0.0,1.0,0.3,0.0,11.5496,False,all_direct,11.5358,0.9941
129,v1,v13,40.0,60.0,0.0,1.0,0.3,0.0,11.5496,False,all_direct,11.5127,0.9971
129,v1,v6,40.0,130.03,30.0,1.0,0.6502,0.6,1.3586,True,all_direct,1.3282,0.9805
129,v3,v7,20.0,50.0,20.0,0.6,0.25,0.4,-11.0005,True,all_direct,-11.0263,0.5459
129,v3,v15,20.0,50.0,10.0,0.6,0.25,0.2,-9.5918,False,all_direct,-9.622,0.648
129,v3,v11,20.0,80.0,40.0,0.6,0.4,0.8,-16.0412,True,all_direct,-16.0714,0.318
129,v3,v4,20.0,80.06,40.0,0.6,0.4003,0.8,-16.0461,True,all_direct,-16.0747,0.3377
129,v3,v8,20.0,80.06,40.0,0.6,0.4003,0.8,-16.0461,True,all_direct,-16.0712,0.2967
129,v4,v11,40.0,3.0,0.0,1.0,0.015,0.0,32.3661,False,all_direct,32.3425,0.998
129,v4,v7,40.0,30.15,20.0,1.0,0.1507,0.4,12.5145,False,all_direct,12.4916,0.9941
129,v4,v15,40.0,30.15,30.0,1.0,0.1507,0.6,11.515,False,all_direct,11.4819,0.9951
129,v4,v3,40.0,80.06,40.0,1.0,0.4003,0.8,3.9539,True,all_direct,3.9284,0.9838
129,v4,v8,40.0,160.0,0.0,1.0,0.8,0.0,4.7341,True,all_direct,4.6977,0.977
130,v1,v5,40.0,60.0,10.0,1.0,0.3,0.2,9.1413,False,all_direct,9.1209,0.9932
130,v1,v13,40.0,60.0,20.0,1.0,0.3,0.4,7.7326,False,all_direct,7.7045,0.9902
130,v1,v6,40.0,100.04,20.0,1.0,0.5002,0.4,4.1799,False,all_direct,4.1542,0.9922
130,v3,v7,20.0,30.0,10.0,0.6,0.15,0.2,-6.0422,False,all_direct,-6.0704,0.8271
130,v3,v11,20.0,40.0,0.0,0.6,0.2,0.0,-5.633,False,all_direct,-5.6548,0.8375
130,v3,v15,20.0,40.0,30.0,0.6,0.2,0.6,-10.4494,True,all_direct,-10.4799,0.5916
130,v3,v4,20.0,40.11,30.0,0.6,0.2006,0.6,-10.4689,True,all_direct,-10.5049,0.5725
130,v3,v8,20.0,120.04,30.0,0.6,0.6002,0.6,-18.0856,True,all_direct,-18.107,0.2588
130,v4,v11,40.0,3.0,30.0,1.0,0.015,0.6,27.5496,False,all_direct,27.5127,0.998
130,v4,v15,40.0,3.0,0.0,1.0,0.015,0.0,32.3661,False,all_direct,32.3397,0.998
130,v4,v7,40.0,10.44,20.0,1.0,0.0522,0.4,19.8836,False,all_direct,19.8468,0.9971
130,v4,v3,40.0,40.11,30.0,1.0,0.2006,0.6,9.5311,False,all_direct,9.5038,0.9926
130,v4,v8,40.0,160.0,0.0,1.0,0.8,0.0,4.7341,True,all_direct,4.7078,0.9838
131,v1,v5,40.0,50.0,10.0,1.0,0.25,0.2,10.4082,False,all_direct,10.3718,0.9941
131,v1,v13,40.0,80.0,0.0,1.0,0.4,0.0,9.5506,False,all_direct,9.5266,0.9941
131,v1,v6,40.0,120.04,20.0,1.0,0.6002,0.4,2.914,False,all_direct,2.8821,0.9838
131,v3,v15,20.0,10.0,0.0,0.6,0.05,0.0,4.0,False,all_direct,3.9745,0.9824
131,v3,v4,20.0,10.44,0.0,0.6,0.0522,0.0,3.7006,False,all_direct,3.6798,0.9705
131,v3,v7,20.0,20.0,0.0,0.6,0.1,0.0,-0.8165,False,all_direct,-0.8485,0.9615
131,v3,v11,20.0,40.0,10.0,0.6,0.2,0.2,-8.0412,False,all_direct,-8.0668,0.7109
131,v3,v8,20.0,150.03,10.0,0.6,0.7501,0.2,-17.2271,True,all_direct,-17.252,0.2648
131,v4,v15,40.0,3.0,0.0,1.0,0.015,0.0,32.3661,False,all_direct,32.3405,0.999
131,v4,v3,40.0,10.44,0.0,1.0,0.0522,0.0,23.7006,False,all_direct,23.6625,0.999
131,v4,v7,40.0,10.44,0.0,1.0,0.0522,0.0,23.7006,False,all_direct,23.6785,0.999
131,v4,v11,40.0,30.15,10.0,1.0,0.1507,0.2,13.9232,False,all_direct,13.8989,0.9951
131,v4,v8,40.0,160.0,10.0,1.0,0.8,0.2,2.3258,True,all_direct,2.2989,0.9744
132,v1,v5,40.0,60.0,30.0,1.0,0.3,0.6,6.7331,False,all_direct,6.7106,0.9902
132,v1,v13,40.0,80.0,10.0,1.0,0.4,0.2,7.1423,False,all_direct,7.117,0.9922
132,v1,v6,40.0,140.03,0.0,1.0,0.7002,0.0,5.6604,False,all_direct,5.6409,0.9916
132,v3,v15,20.0,10.0,10.0,0.6,0.05,0.2,1.5918,False,all_direct,1.5669,0.9734
132,v3,v4,20.0,10.44,10.0,0.6,0.0522,0.2,1.2923,False,all_direct,1.2763,0.9707
132,v3,v7,20.0,20.0,30.0,0.6,0.1,0.6,-5.633,True,all_direct,-5.6728,0.8494
132,v3,v11,20.0,30.0,0.0,0.6,0.15,0.0,-3.6339,False,all_direct,-3.6565,0.9027
132,v3,v8,20.0,140.03,10.0,0.6,0.7002,0.2,-16.7479,True,all_direct,-16.7795,0.2627
132,v4,v15,40.0,3.0,0.0,1.0,0.015,0.0,32.3661,False,all_direct,32.3386,0.998
132,v4,v3,40.0,10.44,10.0,1.0,0.0522,0.2,21.2923,False,all_direct,21.2616,0.999
132,v4,v7,40.0,10.44,20.0,1.0,0.0522,0.4,19.8836,False,all_direct,19.8708,0.9961
132,v4,v11,40.0,20.22,10.0,1.0,0.1011,0.2,16.698,False,all_direct,16.6759,0.9971
132,v4,v8,40.0,150.0,0.0,1.0,0.75,0.0,5.1825,False,all_direct,5.161,0.9922
133,v1,v13,40.0,70.0,20.0,1.0,0.35,0.4,6.6615,False,all_direct,6.6221,0.9906
133,v1,v5,40.0,90.0,0.0,1.0,0.45,0.0,8.7321,False,all_direct,8.7014,0.9877
133,v1,v6,40.0,140.03,20.0,1.0,0.7002,0.4,1.8434,True,all_direct,1.8113,0.977
133,v3,v15,20.0,20.0,20.0,0.6,0.1,0.4,-4.6334,True,all_direct,-4.6604,0.8918
133,v3,v4,20.0,20.22,30.0,0.6,0.1011,0.6,-5.7103,True,all_direct,-5.7532,0.8359
133,v3,v11,20.0,30.0,30.0,0.6,0.15,0.6,-8.4504,True,all_direct,-8.4805,0.709
133,v3,v7,20.0,50.0,10.0,0.6,0.25,0.2,-9.5918,False,all_direct,-9.6134,0.6166
133,v3,v19,20.0,120.0,30.0,0.6,0.6,0.6,-18.0834,True,all_direct,-18.0991,0.2617
133,v4,v15,40.0,3.0,10.0,1.0,0.015,0.2,29.9578,False,all_direct,29.9246,0.9961
133,v4,v11,40.0,10.44,0.0,1.0,0.0522,0.0,23.7006,False,all_direct,23.6735,0.999
133,v4,v3,40.0,20.22,30.0,1.0,0.1011,0.6,14.2897,False,all_direct,14.2592,0.9932
133,v4,v7,40.0,30.15,20.0,1.0,0.1507,0.4,12.5145,False,all_direct,12.4783,0.9922
133,v4,v19,40.0,140.03,0.0,1.0,0.7002,0.0,5.6604,False,all_direct,5.6348,0.9863
134,v1,v13,40.0,50.0,0.0,1.0,0.25,0.0,12.8165,False,all_direct,12.7948,0.9941
134,v1,v5,40.0,90.0,0.0,1.0,0.45,0.0,8.7321,False,all_direct,8.7103,0.9912
134,v1,v6,40.0,120.04,20.0,1.0,0.6002,0.4,2.914,False,all_direct,2.887,0.9824
134,v3,v15,20.0,40.0,30.0,0.6,0.2,0.6,-10.4494,True,all_direct,-10.4781,0.5553
134,v3,v4,20.0,50.09,10.0,0.6,0.2504,0.2,-9.6042,False,all_direct,-9.621,0.6385
134,v3,v7,20.0,60.0,30.0,0.6,0.3,0.6,-13.2669,True,all_direct,-13.298,0.4277
134,v3,v11,20.0,60.0,10.0,0.6,0.3,0.2,-10.8587,True,all_direct,-10.886,0.5365
134,v3,v19,20.0,90.0,30.0,0.6,0.45,0.6,-16.0844,True,all_direct,-16.1124,0.2945
134,v4,v7,40.0,10.44,20.0,1.0,0.0522,0.4,19.8836,False,all_direct,19.8531,0.9971
134,v4,v11,40.0,10.44,0.0,1.0,0.0522,0.0,23.7006,False,all_direct,23.6725,0.999
134,v4,v15,40.0,10.44,20.0,1.0,0.0522,0.4,19.8836,False,all_direct,19.8507,0.9971
134,v4,v3,40.0,50.09,10.0,1.0,0.2504,0.2,10.3958,False,all_direct,10.3552,0.9893
134,v4,v19,40.0,140.03,20.0,1.0,0.7002,0.4,1.8434,True,all_direct,1.812,0.9795
135,v1,v13,40.0,50.0,10.0,1.0,0.25,0.2,10.4082,False,all_direct,10.3895,0.9912
135,v1,v5,40.0,90.0,10.0,1.0,0.45,0.2,6.3239,False,all_direct,6.2871,0.9893
135,v1,v6,40.0,140.03,30.0,1.0,0.7002,0.6,0.8439,True,all_direct,0.8113,0.9633
135,v3,v19,20.0,60.0,10.0,0.6,0.3,0.2,-10.8587,True,all_direct,-10.8849,0.5719
135,v3,v4,20.0,60.07,10.0,0.6,0.3004,0.2,-10.8673,True,all_direct,-10.9112,0.5361
135,v3,v11,20.0,70.0,10.0,0.6,0.35,0.2,-11.9298,True,all_direct,-11.9641,0.5051
135,v3,v15,20.0,70.0,20.0,0.6,0.35,0.4,-13.3385,True,all_direct,-13.3656,0.4221
135,v3,v7,20.0,90.0,10.0,0.6,0.45,0.2,-13.6761,True,all_direct,-13.6908,0.4104
135,v4,v11,40.0,10.44,0.0,1.0,0.0522,0.0,23.7006,False,all_direct,23.6632,0.9971
135,v4,v15,40.0,10.44,30.0,1.0,0.0522,0.6,18.8841,False,all_direct,18.8625,0.9971
135,v4,v7,40.0,30.15,20.0,1.0,0.1507,0.4,12.5145,False,all_direct,12.4928,0.9951
135,v4,v3,40.0,60.07,10.0,1.0,0.3004,0.2,9.1327,False,all_direct,9.0974,0.998
135,v4,v19,40.0,120.04,0.0,1.0,0.6002,0.0,6.7309,False,all_direct,6.6987,0.9896
136,v1,v13,40.0,60.0,0.0,1.0,0.3,0.0,11.5496,False,all_direct,11.5086,0.9951
136,v1,v5,40.0,100.0,20.0,1.0,0.5,0.4,4.183,False,all_direct,4.1472,0.9883
136,v1,v6,40.0,170.03,20.0,1.0,0.8501,0.4,0.4948,True,all_direct,0.4751,0.9736
136,v3,v4,20.0,50.09,20.0,0.6,0.2504,0.4,-11.013,True,all_direct,-11.0369,0.5576
136,v3,v11,20.0,60.0,0.0,0.6,0.3,0.0,-8.4504,True,all_direct,-8.4718,0.6963
136,v3,v19,20.0,70.0,10.0,0.6,0.35,0.2,-11.9298,True,all_direct,-11.9544,0.5043
136,v3,v15,20.0,90.0,0.0,0.6,0.45,0.0,-11.2679,True,all_direct,-11.2763,0.4955
136,v3,v7,20.0,100.0,30.0,0.6,0.5,0.6,-16.8165,True,all_direct,-16.831,0.3008
136,v4,v11,40.0,10.44,20.0,1.0,0.0522,0.4,19.8836,False,all_direct,19.8486,0.999
136,v4,v15,40.0,40.11,20.0,1.0,0.2006,0.4,10.5306,False,all_direct,10.5209,0.9922
136,v4,v3,40.0,50.09,20.0,1.0,0.2504,0.4,8.987,False,all_direct,8.9513,0.9922
136,v4,v7,40.0,50.09,10.0,1.0,0.2504,0.2,10.3958,False,all_direct,10.3596,0.9916
136,v4,v19,40.0,120.04,10.0,1.0,0.6002,0.2,4.3227,False,all_direct,4.2993,0.9832
137,v1,v13,40.0,60.0,20.0,1.0,0.3,0.4,7.7326,False,all_direct,7.7004,0.9932
137,v1,v5,40.0,120.0,10.0,1.0,0.6,0.2,4.3249,False,all_direct,4.2928,0.9779
137,v1,v6,40.0,190.02,10.0,1.0,0.9501,0.2,1.1308,True,all_direct,1.1173,0.9656
137,v3,v4,20.0,30.15,0.0,0.6,0.1507,0.0,-3.6685,False,all_direct,-3.7041,0.8994
137,v3,v11,20.0,60.0,10.0,0.6,0.3,0.2,-10.8587,True,all_direct,-10.879,0.5406
137,v3,v7,20.0,70.0,20.0,0.6,0.35,0.4,-13.3385,True,all_direct,-13.3684,0.4203
137,v3,v19,20.0,80.0,10.0,0.6,0.4,0.2,-12.8577,True,all_direct,-12.8967,0.4498
137,v3,v15,20.0,90.0,0.0,0.6,0.45,0.0,-11.2679,True,all_direct,-11.3058,0.5295
137,v4,v3,40.0,30.15,0.0,1.0,0.1507,0.0,16.3315,False,all_direct,16.3018,0.9951
137,v4,v11,40.0,30.15,10.0,1.0,0.1507,0.2,13.9232,False,all_direct,13.8998,0.9961
137,v4,v7,40.0,40.11,20.0,1.0,0.2006,0.4,10.5306,False,all_direct,10.4893,0.9906
137,v4,v15,40.0,60.07,0.0,1.0,0.3004,0.0,11.5409,False,all_direct,11.512,0.9951
137,v4,v19,40.0,110.04,10.0,1.0,0.5502,0.2,4.9269,False,all_direct,4.9084,0.9893
138,v1,v13,40.0,80.0,40.0,1.0,0.4,0.8,3.9588,True,all_direct,3.9422,0.9834
138,v1,v5,40.0,130.0,40.0,1.0,0.65,0.8,0.5851,True,all_direct,0.5575,0.9662
138,v3,v4,20.0,30.15,0.0,0.6,0.1507,0.0,-3.6685,False,all_direct,-3.6812,0.9166
138,v3,v11,20.0,70.0,30.0,0.6,0.35,0.6,-14.338,True,all_direct,-14.3637,0.3674
138,v3,v7,20.0,90.0,20.0,0.6,0.45,0.4,-15.0849,True,all_direct,-15.1063,0.3576
138,v3,v15,20.0,90.0,10.0,0.6,0.45,0.2,-13.6761,True,all_direct,-13.702,0.3969
138,v3,v19,20.0,90.0,10.0,0.6,0.45,0.2,-13.6761,True,all_direct,-13.7,0.407
138,v4,v3,40.0,30.15,0.0,1.0,0.1507,0.0,16.3315,False,all_direct,16.3102,0.9961
138,v4,v11,40.0,40.11,30.0,1.0,0.2006,0.6,9.5311,False,all_direct,9.5033,0.9971
138,v4,v7,40.0,60.07,20.0,1.0,0.3004,0.4,7.7239,False,all_direct,7.7034,0.9941
138,v4,v15,40.0,60.07,10.0,1.0,0.3004,0.2,9.1327,False,all_direct,9.1045,0.9922
138,v4,v19,40.0,120.04,10.0,1.0,0.6002,0.2,4.3227,False,all_direct,4.3009,0.9857
139,v1,v13,40.0,40.0,30.0,1.0,0.2,0.6,9.5506,False,all_direct,9.5268,0.9916
139,v1,v5,40.0,90.0,20.0,1.0,0.45,0.4,4.9151,False,all_direct,4.8912,0.9932
139,v1,v6,40.0,170.03,10.0,1.0,0.8501,0.2,1.9035,True,all_direct,1.8697,0.9779
139,v3,v4,20.0,30.15,10.0,0.6,0.1507,0.2,-6.0768,False,all_direct,-6.1067,0.8432
139,v3,v11,20.0,40.0,20.0,0.6,0.2,0.4,-9.4499,True,all_direct,-9.4704,0.6443
139,v3,v7,20.0,70.0,10.0,0.6,0.35,0.2,-11.9298,True,all_direct,-11.9596,0.5002
139,v3,v15,20.0,80.0,20.0,0.6,0.4,0.4,-14.2664,True,all_direct,-14.294,0.3814
139,v3,v19,20.0,100.0,20.0,0.6,0.5,0.4,-15.817,True,all_direct,-15.8474,0.318
139,v4,v11,40.0,10.44,30.0,1.0,0.0522,0.6,18.8841,False,all_direct,18.8515,0.998
139,v4,v3,40.0,30.15,10.0,1.0,0.1507,0.2,13.9232,False,all_direct,13.8978,0.9951
139,v4,v7,40.0,40.11,20.0,1.0,0.2006,0.4,10.5306,False,all_direct,10.4996,0.9951
139,v4,v15,40.0,50.09,10.0,1.0,0.2504,0.2,10.3958,False,all_direct,10.3615,0.9906
139,v4,v19,40.0,130.03,10.0,1.0,0.6502,0.2,3.7668,False,all_direct,3.7432,0.9844
140,v1,v13,40.0,70.0,40.0,1.0,0.35,0.8,4.8867,True,all_direct,4.8632,0.9863
140,v1,v5,40.0,110.0,20.0,1.0,0.55,0.4,3.5207,False,all_direct,3.4957,0.9854
140,v1,v6,40.0,160.03,0.0,1.0,0.8001,0.0,4.7329,True,all_direct,4.6974,0.9887
140,v3,v4,20.0,20.22,10.0,0.6,0.1011,0.2,-3.302,False,all_direct,-3.3421,0.9113
140,v3,v11,20.0,60.0,40.0,0.6,0.3,0.8,-14.0422,True,all_direct,-14.0664,0.4105
140,v3,v15,20.0,60.0,10.0,0.6,0.3,0.2,-10.8587,True,all_direct,-10.8917,0.5602
140,v3,v7,20.0,80.0,0.0,0.6,0.4,0.0,-10.4494,True,all_direct,-10.474,0.5912
140,v3,v19,20.0,120.0,20.0,0.6,0.6,0.4,-17.0839,True,all_direct,-17.1092,0.2875
140,v4,v3,40.0,20.22,10.0,1.0,0.1011,0.2,16.698,False,all_direct,16.6566,0.9951
140,v4,v11,40.0,40.11,30.0,1.0,0.2006,0.6,9.5311,False,all_direct,9.5075,0.9932
140,v4,v15,40.0,40.11,0.0,1.0,0.2006,0.0,14.3476,False,all_direct,14.3221,0.9961
140,v4,v7,40.0,60.07,10.0,1.0,0.3004,0.2,9.1327,False,all_direct,9.1222,0.9932
140,v4,v19,40.0,140.03,10.0,1.0,0.7002,0.2,3.2521,False,all_direct,3.224,0.9818
141,v1,v13,40.0,30.0,20.0,1.0,0.15,0.4,12.5491,False,all_direct,12.5187,0.9961
141,v1,v5,40.0,90.0,10.0,1.0,0.45,0.2,6.3239,False,all_direct,6.3078,0.9941
141,v1,v6,40.0,160.03,20.0,1.0,0.8001,0.4,0.9159,True,all_direct,0.8902,0.9658
141,v3,v4,20.0,10.44,10.0,0.6,0.0522,0.2,1.2923,False,all_direct,1.2643,0.9805
141,v3,v11,20.0,20.0,30.0,0.6,0.1,0.6,-5.633,True,all_direct,-5.6475,0.86
141,v3,v15,20.0,50.0,20.0,0.6,0.25,0.4,-11.0005,True,all_direct,-11.0227,0.5621
141,v3,v7,20.0,80.0,40.0,0.6,0.4,0.8,-16.0412,True,all_direct,-16.0631,0.2941
141,v3,v19,20.0,140.0,20.0,0.6,0.7,0.4,-18.155,True,all_direct,-18.1819,0.2363
141,v4,v3,40.0,10.44,10.0,1.0,0.0522,0.2,21.2923,False,all_direct,21.2793,0.9971
141,v4,v11,40.0,10.44,20.0,1.0,0.0522,0.4,19.8836,False,all_direct,19.8502,0.998
141,v4,v15,40.0,40.11,10.0,1.0,0.2006,0.2,11.9393,False,all_direct,11.9114,0.998
141,v4,v7,40.0,70.06,30.0,1.0,0.3503,0.6,5.6556,False,all_direct,5.6313,0.9863
141,v4,v19,40.0,150.03,10.0,1.0,0.7501,0.2,2.7729,False,all_direct,2.7468,0.9848
142,v1,v13,40.0,10.0,0.0,1.0,0.05,0.0,24.0,False,all_direct,23.9858,0.998
142,v1,v5,40.0,100.0,10.0,1.0,0.5,0.2,5.5918,False,all_direct,5.5603,0.9857
142,v1,v6,40.0,180.02,30.0,1.0,0.9001,0.6,-0.9018,True,all_direct,-0.9402,0.9521
142,v3,v4,20.0,3.0,0.0,0.6,0.015,0.0,12.3661,False,all_direct,12.3295,0.998
142,v3,v11,20.0,10.0,20.0,0.6,0.05,0.4,0.183,True,all_direct,0.1615,0.9633
142,v3,v15,20.0,30.0,10.0,0.6,0.15,0.2,-6.0422,False,all_direct,-6.0724,0.8117
142,v3,v7,20.0,40.0,10.0,0.6,0.2,0.2,-8.0412,False,all_direct,-8.0664,0.7363
142,v3,v8,20.0,150.03,10.0,0.6,0.7501,0.2,-17.2271,True,all_direct,-17.2645,0.2859
142,v4,v3,40.0,3.0,0.0,1.0,0.015,0.0,32.3661,False,all_direct,32.3472,1.0
142,v4,v11,40.0,10.44,20.0,1.0,0.0522,0.4,19.8836,False,all_direct,19.8589,0.999
142,v4,v15,40.0,30.15,10.0,1.0,0.1507,0.2,13.9232,False,all_direct,13.9033,0.998
142,v4,v7,40.0,40.11,10.0,1.0,0.2006,0.2,11.9393,False,all_direct,11.8925,0.9971
142,v4,v8,40.0,150.0,10.0,1.0,0.75,0.2,2.7743,False,all_direct,2.7435,0.9818
143,v1,v13,40.0,10.0,0.0,1.0,0.05,0.0,24.0,False,all_direct,23.981,0.998
143,v1,v5,40.0,110.0,30.0,1.0,0.55,0.6,2.5212,True,all_direct,2.4883,0.9818
143,v3,v4,20.0,3.0,40.0,0.6,0.015,0.8,6.7743,True,all_direct,6.7434,0.9893
143,v3,v11,20.0,10.0,40.0,0.6,0.05,0.8,-1.5918,True,all_direct,-1.6211,0.9545
143,v3,v15,20.0,20.0,40.0,0.6,0.1,0.8,-6.4082,True,all_direct,-6.4341,0.8113
143,v3,v7,20.0,30.0,0.0,0.6,0.15,0.0,-3.6339,False,all_direct,-3.6638,0.9172
143,v3,v19,20.0,140.0,30.0,0.6,0.7,0.6,-19.1545,True,all_direct,-19.1743,0.2289
143,v4,v3,40.0,3.0,40.0,1.0,0.015,0.8,26.7743,True,all_direct,26.7479,0.9971
143,v4,v11,40.0,10.44,0.0,1.0,0.0522,0.0,23.7006,False,all_direct,23.6776,1.0
143,v4,v15,40.0,20.22,0.0,1.0,0.1011,0.0,19.1062,False,all_direct,19.074,0.9961
143,v4,v7,40.0,30.15,40.0,1.0,0.1507,0.8,10.7397,True,all_direct,10.7174,0.9912
143,v4,v19,40.0,140.03,10.0,1.0,0.7002,0.2,3.2521,False,all_direct,3.2261,0.9746
144,v1,v13,40.0,10.0,0.0,1.0,0.05,0.0,24.0,False,all_direct,23.9761,0.999
144,v1,v5,40.0,140.0,0.0,1.0,0.7,0.0,5.662,False,all_direct,5.6397,0.9887
144,v3,v15,20.0,20.0,40.0,0.6,0.1,0.8,-6.4082,True,all_direct,-6.4346,0.8203
144,v3,v7,20.0,30.0,10.0,0.6,0.15,0.2,-6.0422,False,all_direct,-6.0662,0.8299
144,v3,v11,20.0,30.0,20.0,0.6,0.15,0.4,-7.4509,True,all_direct,-7.4797,0.748
144,v3,v4,20.0,40.11,20.0,0.6,0.2006,0.4,-9.4694,True,all_direct,-9.5036,0.6459
144,v3,v19,20.0,170.0,30.0,0.6,0.85,0.6,-20.5037,True,all_direct,-20.5368,0.1949
144,v4,v11,40.0,10.44,0.0,1.0,0.0522,0.0,23.7006,False,all_direct,23.6595,0.998
144,v4,v15,40.0,20.22,20.0,1.0,0.1011,0.4,15.2892,False,all_direct,15.2603,0.9971
144,v4,v3,40.0,40.11,20.0,1.0,0.2006,0.4,10.5306,False,all_direct,10.5131,0.9941
144,v4,v7,40.0,70.06,10.0,1.0,0.3503,0.2,8.0638,False,all_direct,8.0323,0.9936
144,v4,v8,40.0,130.0,20.0,1.0,0.65,0.4,2.3599,True,all_direct,2.3207,0.9834
145,v1,v13,40.0,10.0,20.0,1.0,0.05,0.4,20.183,False,all_direct,20.1557,0.9951
145,v1,v5,40.0,140.0,40.0,1.0,0.7,0.8,0.0702,True,all_direct,0.0428,0.9668
145,v3,v11,20.0,10.0,10.0,0.6,0.05,0.2,1.5918,False,all_direct,1.5658,0.9766
145,v3,v15,20.0,20.0,10.0,0.6,0.1,0.2,-3.2247,False,all_direct,-3.2506,0.9061
145,v3,v4,20.0,20.22,0.0,0.6,0.1011,0.0,-0.8938,False,all_direct,-0.9176,0.9523
145,v3,v7,20.0,40.0,20.0,0.6,0.2,0.4,-9.4499,True,all_direct,-9.4789,0.642
145,v3,v8,20.0,130.03,40.0,0.6,0.6502,0.8,-19.4167,True,all_direct,-19.4402,0.2068
145,v4,v11,40.0,10.44,10.0,1.0,0.0522,0.2,21.2923,False,all_direct,21.2575,0.9971
145,v4,v3,40.0,20.22,0.0,1.0,0.1011,0.0,19.1062,False,all_direct,19.0895,0.998
145,v4,v15,40.0,40.11,10.0,1.0,0.2006,0.2,11.9393,False,all_direct,11.9172,0.9951
145,v4,v7,40.0,60.07,20.0,1.0,0.3004,0.4,7.7239,False,all_direct,7.6911,0.9922
145,v4,v8,40.0,110.0,40.0,1.0,0.55,0.8,1.746,True,all_direct,1.71,0.976
146,v1,v13,40.0,10.0,40.0,1.0,0.05,0.8,18.4082,True,all_direct,18.3753,0.9961
146,v1,v5,40.0,100.0,40.0,1.0,0.5,0.8,2.4082,True,all_direct,2.395,0.9783
146,v1,v6,40.0,180.02,20.0,1.0,0.9001,0.4,0.0977,True,all_direct,0.0706,0.9633
146,v3,v15,20.0,10.0,10.0,0.6,0.05,0.2,1.5918,False,all_direct,1.5615,0.977
146,v3,v7,20.0,20.0,0.0,0.6,0.1,0.0,-0.8165,False,all_direct,-0.849,0.9602
146,v3,v11,20.0,20.0,10.0,0.6,0.1,0.2,-3.2247,False,all_direct,-3.2558,0.9355
146,v3,v4,20.0,20.22,10.0,0.6,0.1011,0.2,-3.302,False,all_direct,-3.3276,0.9137
146,v3,v19,20.0,150.0,10.0,0.6,0.75,0.2,-17.2257,True,all_direct,-17.2453,0.2666
146,v4,v11,40.0,3.0,20.0,1.0,0.015,0.4,28.5491,False,all_direct,28.5175,0.9971
146,v4,v3,40.0,20.22,10.0,1.0,0.1011,0.2,16.698,False,all_direct,16.6619,0.998
146,v4,v15,40.0,30.15,0.0,1.0,0.1507,0.0,16.3315,False,all_direct,16.3178,0.998
146,v4,v7,40.0,40.11,10.0,1.0,0.2006,0.2,11.9393,False,all_direct,11.9063,0.998
146,v4,v19,40.0,130.03,20.0,1.0,0.6502,0.4,2.3581,True,all_direct,2.3497,0.975
147,v1,v13,40.0,30.0,10.0,1.0,0.15,0.2,13.9578,False,all_direct,13.942,0.998
147,v1,v5,40.0,140.0,20.0,1.0,0.7,0.4,1.845,True,all_direct,1.8205,0.9721
147,v3,v15,20.0,0.0,10.0,0.6,0.0,0.2,33.5918,False,all_direct,33.5741,0.999
147,v3,v11,20.0,10.0,10.0,0.6,0.05,0.2,1.5918,False,all_direct,1.5695,0.9779
147,v3,v7,20.0,20.0,30.0,0.6,0.1,0.6,-5.633,True,all_direct,-5.6421,0.8457
147,v3,v4,20.0,30.15,20.0,0.6,0.1507,0.4,-7.4855,True,all_direct,-7.5115,0.7717
147,v3,v19,20.0,140.0,20.0,0.6,0.7,0.4,-18.155,True,all_direct,-18.1923,0.2535
147,v4,v11,40.0,20.22,30.0,1.0,0.1011,0.6,14.2897,False,all_direct,14.254,0.9971
147,v4,v3,40.0,30.15,20.0,1.0,0.1507,0.4,12.5145,False,all_direct,12.4892,0.9961
147,v4,v15,40.0,30.15,30.0,1.0,0.1507,0.6,11.515,False,all_direct,11.4811,0.9951
147,v4,v7,40.0,50.09,10.0,1.0,0.2504,0.2,10.3958,False,all_direct,10.3734,0.9961
147,v4,v19,40.0,110.04,0.0,1.0,0.5502,0.0,7.3351,False,all_direct,7.2967,0.9961
148,v1,v13,40.0,20.0,0.0,1.0,0.1,0.0,19.1835,False,all_direct,19.1641,0.999
148,v1,v5,40.0,120.0,20.0,1.0,0.6,0.4,2.9161,False,all_direct,2.8974,0.9775
148,v1,v6,40.0,170.03,10.0,1.0,0.8501,0.2,1.9035,True,all_direct,1.8728,0.973
148,v3,v15,20.0,10.0,10.0,0.6,0.05,0.2,1.5918,False,all_direct,1.5604,0.9775
148,v3,v4,20.0,10.44,30.0,0.6,0.0522,0.6,-1.1159,True,all_direct,-1.1434,0.9516
148,v3,v11,20.0,20.0,20.0,0.6,0.1,0.4,-4.6334,True,all_direct,-4.6678,0.8707
148,v3,v7,20.0,50.0,10.0,0.6,0.25,0.2,-9.5918,False,all_direct,-9.6168,0.6176
148,v3,v19,20.0,120.0,20.0,0.6,0.6,0.4,-17.0839,True,all_direct,-17.1104,0.2658
148,v4,v15,40.0,3.0,20.0,1.0,0.015,0.4,28.5491,False,all_direct,28.5288,0.9971
148,v4,v3,40.0,10.44,30.0,1.0,0.0522,0.6,18.8841,False,all_direct,18.8739,0.999
148,v4,v11,40.0,10.44,10.0,1.0,0.0522,0.2,21.2923,False,all_direct,21.2524,0.999
148,v4,v7,40.0,60.07,40.0,1.0,0.3004,0.8,5.9491,True,all_direct,5.9338,0.9916
148,v4,v8,40.0,110.0,40.0,1.0,0.55,0.8,1.746,True,all_direct,1.7224,0.9734
149,v1,v13,40.0,20.0,10.0,1.0,0.1,0.2,16.7753,False,all_direct,16.7571,0.9971
149,v1,v5,40.0,100.0,20.0,1.0,0.5,0.4,4.183,False,all_direct,4.1523,0.9867
149,v1,v6,40.0,180.02,0.0,1.0,0.9001,0.0,3.9147,True,all_direct,3.8872,0.9838
149,v3,v15,20.0,20.0,10.0,0.6,0.1,0.2,-3.2247,False,all_direct,-3.2426,0.9229
149,v3,v11,20.0,40.0,20.0,0.6,0.2,0.4,-9.4499,True,all_direct,-9.4709,0.6064
149,v3,v4,20.0,40.11,10.0,0.6,0.2006,0.2,-8.0607,False,all_direct,-8.1049,0.715
149,v3,v7,20.0,60.0,0.0,0.6,0.3,0.0,-8.4504,True,all_direct,-8.4797,0.6854
149,v3,v8,20.0,110.04,10.0,0.6,0.5502,0.2,-15.0731,True,all_direct,-15.0886,0.3406
149,v4,v11,40.0,3.0,10.0,1.0,0.015,0.2,29.9578,False,all_direct,29.9434,0.998
149,v4,v15,40.0,20.22,20.0,1.0,0.1011,0.4,15.2892,False,all_direct,15.2671,0.9961
149,v4,v3,40.0,40.11,10.0,1.0,0.2006,0.2,11.9393,False,all_direct,11.9136,0.9951
149,v4,v8,40.0,70.0,20.0,1.0,0.35,0.4,6.6615,False,all_direct,6.6417,0.9941
149,v4,v7,40.0,100.04,10.0,1.0,0.5002,0.2,5.5886,False,all_direct,5.5635,0.9922
150,v1,v13,40.0,10.0,10.0,1.0,0.05,0.2,21.5918,False,all_direct,21.5654,0.998
150,v1,v5,40.0,120.0,0.0,1.0,0.6,0.0,6.7331,False,all_direct,6.7095,0.9867
150,v1,v6,40.0,180.02,10.0,1.0,0.9001,0.2,1.5064,True,all_direct,1.4799,0.9834
150,v3,v11,20.0,20.0,20.0,0.6,0.1,0.4,-4.6334,True,all_direct,-4.6626,0.8775
150,v3,v15,20.0,30.0,0.0,0.6,0.15,0.0,-3.6339,False,all_direct,-3.6491,0.9305
150,v3,v4,20.0,30.15,10.0,0.6,0.1507,0.2,-6.0768,False,all_direct,-6.1112,0.8125
150,v3,v7,20.0,60.0,20.0,0.6,0.3,0.4,-12.2674,True,all_direct,-12.3047,0.4686
150,v3,v8,20.0,120.04,10.0,0.6,0.6002,0.2,-15.6773,True,all_direct,-15.7144,0.3346
150,v4,v15,40.0,3.0,10.0,1.0,0.015,0.2,29.9578,False,all_direct,29.9357,0.998
150,v4,v11,40.0,10.44,10.0,1.0,0.0522,0.2,21.2923,False,all_direct,21.268,0.999
150,v4,v3,40.0,30.15,10.0,1.0,0.1507,0.2,13.9232,False,all_direct,13.8926,0.9971
150,v4,v8,40.0,90.0,0.0,1.0,0.45,0.0,8.7321,False,all_direct,8.693,0.9912
150,v4,v7,40.0,90.05,10.0,1.0,0.4502,0.2,6.32,False,all_direct,6.2857,0.9887
151,v1,v13,40.0,20.0,20.0,1.0,0.1,0.4,15.3666,False,all_direct,15.3344,0.9941
151,v1,v5,40.0,120.0,0.0,1.0,0.6,0.0,6.7331,False,all_direct,6.703,0.9896
151,v1,v6,40.0,170.03,20.0,1.0,0.8501,0.4,0.4948,True,all_direct,0.4627,0.9646
151,v3,v15,20.0,30.0,10.0,0.6,0.15,0.2,-6.0422,False,all_direct,-6.0613,0.8117
151,v3,v7,20.0,40.0,20.0,0.6,0.2,0.4,-9.4499,True,all_direct,-9.4714,0.6695
151,v3,v11,20.0,40.0,10.0,0.6,0.2,0.2,-8.0412,False,all_direct,-8.0663,0.7137
151,v3,v4,20.0,40.11,10.0,0.6,0.2006,0.2,-8.0607,False,all_direct,-8.0873,0.7193
151,v3,v19,20.0,130.0,10.0,0.6,0.65,0.2,-16.2313,True,all_direct,-16.253,0.3197
151,v4,v11,40.0,3.0,20.0,1.0,0.015,0.4,28.5491,False,all_direct,28.5168,0.999
151,v4,v15,40.0,10.44,20.0,1.0,0.0522,0.4,19.8836,False,all_direct,19.8574,1.0
151,v4,v3,40.0,40.11,10.0,1.0,0.2006,0.2,11.9393,False,all_direct,11.9103,0.9951
151,v4,v7,40.0,80.06,10.0,1.0,0.4003,0.2,7.1374,False,all_direct,7.1112,0.9951
151,v4,v8,40.0,90.0,20.0,1.0,0.45,0.4,4.9151,False,all_direct,4.8916,0.9863
152,v1,v13,40.0,40.0,20.0,1.0,0.2,0.4,10.5501,False,all_direct,10.5261,0.9951
152,v1,v5,40.0,120.0,0.0,1.0,0.6,0.0,6.7331,False,all_direct,6.7059,0.9893
152,v1,v6,40.0,190.02,20.0,1.0,0.9501,0.4,-0.2779,True,all_direct,-0.3016,0.9631
152,v3,v4,20.0,30.15,10.0,0.6,0.1507,0.2,-6.0768,False,all_direct,-6.0999,0.8229
152,v3,v15,20.0,40.0,30.0,0.6,0.2,0.6,-10.4494,True,all_direct,-10.4803,0.5646
152,v3,v11,20.0,50.0,20.0,0.6,0.25,0.4,-11.0005,True,all_direct,-11.024,0.565
152,v3,v7,20.0,60.0,20.0,0.6,0.3,0.4,-12.2674,True,all_direct,-12.2883,0.4904
152,v3,v19,20.0,120.0,10.0,0.6,0.6,0.2,-15.6751,True,all_direct,-15.7119,0.3396
152,v4,v15,40.0,10.44,20.0,1.0,0.0522,0.4,19.8836,False,all_direct,19.8525,0.998
152,v4,v11,40.0,20.22,10.0,1.0,0.1011,0.2,16.698,False,all_direct,16.6833,0.9951
152,v4,v3,40.0,30.15,10.0,1.0,0.1507,0.2,13.9232,False,all_direct,13.8948,0.998
152,v4,v7,40.0,90.05,10.0,1.0,0.4502,0.2,6.32,False,all_direct,6.2875,0.9893
152,v4,v19,40.0,90.05,0.0,1.0,0.4502,0.0,8.7283,False,all_direct,8.6986,0.9922
153,v1,v13,40.0,20.0,40.0,1.0,0.1,0.8,13.5918,True,all_direct,13.5718,0.998
153,v1,v5,40.0,120.0,20.0,1.0,0.6,0.4,2.9161,False,all_direct,2.8931,0.9795
153,v1,v6,40.0,170.03,30.0,1.0,0.8501,0.6,-0.5047,True,all_direct,-0.5428,0.9516
153,v3,v15,20.0,10.0,0.0,0.6,0.05,0.0,4.0,False,all_direct,3.9759,0.9844
153,v3,v4,20.0,20.22,10.0,0.6,0.1011,0.2,-3.302,False,all_direct,-3.3257,0.9131
153,v3,v11,20.0,30.0,20.0,0.6,0.15,0.4,-7.4509,True,all_direct,-7.4656,0.7373
153,v3,v7,20.0,80.0,40.0,0.6,0.4,0.8,-16.0412,True,all_direct,-16.0752,0.3217
153,v3,v19,20.0,110.0,40.0,0.6,0.55,0.8,-18.254,True,all_direct,-18.2856,0.2549
153,v4,v11,40.0,10.44,10.0,1.0,0.0522,0.2,21.2923,False,all_direct,21.2566,0.998
153,v4,v15,40.0,10.44,10.0,1.0,0.0522,0.2,21.2923,False,all_direct,21.2696,0.999
153,v4,v3,40.0,20.22,10.0,1.0,0.1011,0.2,16.698,False,all_direct,16.6704,0.9971
153,v4,v19,40.0,90.05,30.0,1.0,0.4502,0.6,3.9118,True,all_direct,3.881,0.9834
153,v4,v7,40.0,100.04,30.0,1.0,0.5002,0.6,3.1804,True,all_direct,3.1522,0.9818
154,v1,v13,40.0,60.0,10.0,1.0,0.3,0.2,9.1413,False,all_direct,9.1165,0.9916
154,v1,v5,40.0,140.0,20.0,1.0,0.7,0.4,1.845,True,all_direct,1.8218,0.9789
154,v3,v11,20.0,10.0,10.0,0.6,0.05,0.2,1.5918,False,all_direct,1.5728,0.9775
154,v3,v15,20.0,10.0,10.0,0.6,0.05,0.2,1.5918,False,all_direct,1.5708,0.9695
154,v3,v4,20.0,10.44,20.0,0.6,0.0522,0.4,-0.1164,True,all_direct,-0.1366,0.9721
154,v3,v19,20.0,70.0,0.0,0.6,0.35,0.0,-9.5216,True,all_direct,-9.5416,0.6381
154,v3,v7,20.0,120.0,20.0,0.6,0.6,0.4,-17.0839,True,all_direct,-17.1179,0.2873
154,v4,v11,40.0,3.0,10.0,1.0,0.015,0.2,29.9578,False,all_direct,29.9267,0.999
154,v4,v15,40.0,3.0,10.0,1.0,0.015,0.2,29.9578,False,all_direct,29.931,0.998
154,v4,v3,40.0,10.44,20.0,1.0,0.0522,0.4,19.8836,False,all_direct,19.8502,0.999
154,v4,v19,40.0,60.07,20.0,1.0,0.3004,0.4,7.7239,False,all_direct,7.7018,0.9893
154,v4,v7,40.0,130.03,0.0,1.0,0.6502,0.0,6.1751,False,all_direct,6.1398,0.9887
155,v1,v13,40.0,70.0,20.0,1.0,0.35,0.4,6.6615,False,all_direct,6.632,0.9906
155,v1,v5,40.0,160.0,20.0,1.0,0.8,0.4,0.9171,True,all_direct,0.8822,0.9594
155,v3,v11,20.0,0.0,0.0,0.6,0.0,0.0,36.0,False,all_direct,35.9767,0.999
155,v3,v15,20.0,0.0,30.0,0.6,0.0,0.6,31.1835,True,all_direct,31.1587,0.999
155,v3,v4,20.0,10.44,20.0,0.6,0.0522,0.4,-0.1164,True,all_direct,-0.1347,0.9686
155,v3,v19,20.0,70.0,30.0,0.6,0.35,0.6,-14.338,True,all_direct,-14.371,0.3916
155,v3,v8,20.0,120.04,0.0,0.6,0.6002,0.0,-13.2691,True,all_direct,-13.2925,0.4178
155,v4,v3,40.0,10.44,20.0,1.0,0.0522,0.4,19.8836,False,all_direct,19.8642,0.998
155,v4,v11,40.0,10.44,20.0,1.0,0.0522,0.4,19.8836,False,all_direct,19.8583,0.9961
155,v4,v15,40.0,10.44,10.0,1.0,0.0522,0.2,21.2923,False,all_direct,21.2711,0.999
155,v4,v19,40.0,80.06,10.0,1.0,0.4003,0.2,7.1374,False,all_direct,7.1072,0.9863
155,v4,v8,40.0,130.0,20.0,1.0,0.65,0.4,2.3599,True,all_direct,2.3455,0.973
156,v1,v13,40.0,90.0,0.0,1.0,0.45,0.0,8.7321,False,all_direct,8.7012,0.9922
156,v1,v5,40.0,140.0,0.0,1.0,0.7,0.0,5.662,False,all_direct,5.6334,0.9883
156,v3,v11,20.0,0.0,20.0,0.6,0.0,0.4,32.183,True,all_direct,32.1547,0.998
156,v3,v4,20.0,10.44,30.0,0.6,0.0522,0.6,-1.1159,True,all_direct,-1.1346,0.9721
156,v3,v15,20.0,30.0,20.0,0.6,0.15,0.4,-7.4509,True,all_direct,-7.4825,0.7713
156,v3,v19,20.0,100.0,20.0,0.6,0.5,0.4,-15.817,True,all_direct,-15.8403,0.2879
156,v3,v8,20.0,120.04,20.0,0.6,0.6002,0.4,-17.086,True,all_direct,-17.1004,0.2879
156,v4,v3,40.0,10.44,30.0,1.0,0.0522,0.6,18.8841,False,all_direct,18.8548,0.9961
156,v4,v11,40.0,10.44,10.0,1.0,0.0522,0.2,21.2923,False,all_direct,21.2683,0.998
156,v4,v15,40.0,20.22,10.0,1.0,0.1011,0.2,16.698,False,all_direct,16.6702,0.9941
156,v4,v19,40.0,90.05,10.0,1.0,0.4502,0.2,6.32,False,all_direct,6.2974,0.9867
156,v4,v8,40.0,110.0,10.0,1.0,0.55,0.2,4.9295,False,all_direct,4.9146,0.9893
157,v1,v13,40.0,90.0,10.0,1.0,0.45,0.2,6.3239,False,all_direct,6.2914,0.9838
157,v1,v5,40.0,140.0,20.0,1.0,0.7,0.4,1.845,True,all_direct,1.821,0.974
157,v1,v6,40.0,190.02,20.0,1.0,0.9501,0.4,-0.2779,True,all_direct,-0.3165,0.9682
157,v3,v15,20.0,10.0,20.0,0.6,0.05,0.4,0.183,True,all_direct,0.1569,0.976
157,v3,v11,20.0,20.0,10.0,0.6,0.1,0.2,-3.2247,False,all_direct,-3.247,0.916
157,v3,v4,20.0,20.22,30.0,0.6,0.1011,0.6,-5.7103,True,all_direct,-5.7495,0.8422
157,v3,v19,20.0,80.0,0.0,0.6,0.4,0.0,-10.4494,True,all_direct,-10.4783,0.5684
157,v3,v8,20.0,100.04,30.0,0.6,0.5002,0.6,-16.8196,True,all_direct,-16.8521,0.3033
157,v4,v11,40.0,3.0,40.0,1.0,0.015,0.8,26.7743,True,all_direct,26.7512,0.998
157,v4,v3,40.0,20.22,30.0,1.0,0.1011,0.6,14.2897,False,all_direct,14.2688,0.9961
157,v4,v15,40.0,30.15,10.0,1.0,0.1507,0.2,13.9232,False,all_direct,13.9069,0.9951
157,v4,v19,40.0,100.04,30.0,1.0,0.5002,0.6,3.1804,True,all_direct,3.1514,0.9848
157,v4,v8,40.0,120.0,0.0,1.0,0.6,0.0,6.7331,False,all_direct,6.6947,0.9902
158,v1,v13,40.0,100.0,10.0,1.0,0.5,0.2,5.5918,False,all_direct,5.5684,0.9893
158,v1,v5,40.0,160.0,20.0,1.0,0.8,0.4,0.9171,True,all_direct,0.8897,0.9691
158,v3,v4,20.0,10.44,10.0,0.6,0.0522,0.2,1.2923,False,all_direct,1.2659,0.977
158,v3,v11,20.0,30.0,10.0,0.6,0.15,0.2,-6.0422,False,all_direct,-6.0675,0.8129
158,v3,v15,20.0,30.0,0.0,0.6,0.15,0.0,-3.6339,False,all_direct,-3.6585,0.9205
158,v3,v19,20.0,80.0,20.0,0.6,0.4,0.4,-14.2664,True,all_direct,-14.2929,0.3625
158,v3,v8,20.0,130.03,40.0,0.6,0.6502,0.8,-19.4167,True,all_direct,-19.4417,0.2059
158,v4,v3,40.0,10.44,10.0,1.0,0.0522,0.2,21.2923,False,all_direct,21.2613,0.998
158,v4,v15,40.0,20.22,10.0,1.0,0.1011,0.2,16.698,False,all_direct,16.6671,0.999
158,v4,v11,40.0,40.11,0.0,1.0,0.2006,0.0,14.3476,False,all_direct,14.3151,0.9951
158,v4,v19,40.0,70.06,10.0,1.0,0.3503,0.2,8.0638,False,all_direct,8.0401,0.9893
158,v4,v8,40.0,120.0,30.0,1.0,0.6,0.6,1.9166,True,all_direct,1.8809,0.9793
159,v1,v13,40.0,110.0,30.0,1.0,0.55,0.6,2.5212,True,all_direct,2.5022,0.9834
159,v1,v5,40.0,140.0,0.0,1.0,0.7,0.0,5.662,False,all_direct,5.6262,0.9916
159,v3,v11,20.0,20.0,20.0,0.6,0.1,0.4,-4.6334,True,all_direct,-4.6564,0.8854
159,v3,v4,20.0,20.22,20.0,0.6,0.1011,0.4,-4.7108,True,all_direct,-4.7306,0.8775
159,v3,v15,20.0,30.0,10.0,0.6,0.15,0.2,-6.0422,False,all_direct,-6.0778,0.8074
159,v3,v19,20.0,100.0,10.0,0.6,0.5,0.2,-14.4082,True,all_direct,-14.4297,0.4027
159,v3,v7,20.0,150.0,10.0,0.6,0.75,0.2,-17.2257,True,all_direct,-17.2512,0.2611
159,v4,v15,40.0,10.44,30.0,1.0,0.0522,0.6,18.8841,False,all_direct,18.8587,0.999
159,v4,v3,40.0,20.22,20.0,1.0,0.1011,0.4,15.2892,False,all_direct,15.2674,0.9961
159,v4,v11,40.0,40.11,40.0,1.0,0.2006,0.8,8.7558,True,all_direct,8.7223,0.9916
159,v4,v19,40.0,80.06,10.0,1.0,0.4003,0.2,7.1374,False,all_direct,7.1185,0.9916
159,v4,v8,40.0,150.0,40.0,1.0,0.75,0.8,-0.4092,True,all_direct,-0.4317,0.9656
160,v1,v13,40.0,80.0,20.0,1.0,0.4,0.4,5.7336,False,all_direct,5.7094,0.9863
160,v1,v5,40.0,140.0,0.0,1.0,0.7,0.0,5.662,False,all_direct,5.6383,0.9854
160,v1,v6,40.0,190.02,0.0,1.0,0.9501,0.0,3.5391,True,all_direct,3.5226,0.9805
160,v3,v15,20.0,20.0,20.0,0.6,0.1,0.4,-4.6334,True,all_direct,-4.6474,0.8965
160,v3,v11,20.0,40.0,10.0,0.6,0.2,0.2,-8.0412,False,all_direct,-8.0643,0.7166
160,v3,v4,20.0,40.11,10.0,0.6,0.2006,0.2,-8.0607,False,all_direct,-8.0773,0.7107
160,v3,v19,20.0,110.0,0.0,0.6,0.55,0.0,-12.6623,True,all_direct,-12.6943,0.4525
160,v3,v7,20.0,140.0,10.0,0.6,0.7,0.2,-16.7463,True,all_direct,-16.7743,0.3057
160,v4,v15,40.0,20.22,10.0,1.0,0.1011,0.2,16.698,False,all_direct,16.6604,0.9971
160,v4,v3,40.0,40.11,10.0,1.0,0.2006,0.2,11.9393,False,all_direct,11.9132,0.9932
160,v4,v19,40.0,70.06,10.0,1.0,0.3503,0.2,8.0638,False,all_direct,8.0419,0.9951
160,v4,v11,40.0,80.06,0.0,1.0,0.4003,0.0,9.5457,False,all_direct,9.5032,0.9951
160,v4,v8,40.0,110.0,10.0,1.0,0.55,0.2,4.9295,False,all_direct,4.9101,0.9893
