time,car_ID_TX,car_ID_RX,snr_values,distance_values,rel_speed_values,snr_values_norm,distance_values_norm,rel_speed_values_norm,composite_snr_db,use_nn,testing_case,psnr,accuracy
10,v1,v2,40.0,20.22,20.0,1.0,0.1011,0.4,15.2892,False,fuzzy_logic_fixed_snr,15.265,0.998
10,v1,v5,40.0,110.0,20.0,1.0,0.55,0.4,3.5207,False,fuzzy_logic_fixed_snr,3.499,0.9828
10,v1,v6,40.0,190.02,10.0,1.0,0.9501,0.2,1.1308,True,fuzzy_logic_fixed_snr,2.2355,0.767
10,v2,v1,20.0,20.22,20.0,0.6,0.1011,0.4,-4.7108,True,fuzzy_logic_fixed_snr,1.4106,0.4037
10,v2,v5,20.0,130.03,40.0,0.6,0.6502,0.8,-19.4167,True,fuzzy_logic_fixed_snr,0.5014,0.1305
10,v3,v4,20.0,50.09,30.0,0.6,0.2504,0.6,-12.0125,True,fuzzy_logic_fixed_snr,0.7602,0.2072
10,v3,v7,20.0,100.0,30.0,0.6,0.5,0.6,-16.8165,True,fuzzy_logic_fixed_snr,0.5733,0.1396
10,v3,v8,20.0,130.03,10.0,0.6,0.6502,0.2,-16.2332,True,fuzzy_logic_fixed_snr,0.5682,0.1385
10,v4,v3,40.0,50.09,30.0,1.0,0.2504,0.6,7.9875,False,fuzzy_logic_fixed_snr,7.9398,0.9961
10,v4,v7,40.0,50.09,0.0,1.0,0.2504,0.0,12.804,False,fuzzy_logic_fixed_snr,12.779,0.9961
10,v4,v8,40.0,80.0,20.0,1.0,0.4,0.4,5.7336,False,fuzzy_logic_fixed_snr,5.7139,0.9902
10,v4,v12,40.0,170.0,20.0,1.0,0.85,0.4,0.4958,True,fuzzy_logic_fixed_snr,2.1485,0.7508
10,v4,v16,40.0,170.0,20.0,1.0,0.85,0.4,0.4958,True,fuzzy_logic_fixed_snr,2.1311,0.7311
11,v1,v2,40.0,3.0,10.0,1.0,0.015,0.2,29.9578,False,fuzzy_logic_fixed_snr,29.9168,0.999
11,v1,v5,40.0,90.0,10.0,1.0,0.45,0.2,6.3239,False,fuzzy_logic_fixed_snr,6.2977,0.9922
11,v2,v1,20.0,3.0,10.0,0.6,0.015,0.2,9.9578,False,fuzzy_logic_fixed_snr,9.9307,0.9887
11,v2,v5,20.0,90.05,20.0,0.6,0.4502,0.4,-15.0887,True,fuzzy_logic_fixed_snr,0.6333,0.1521
11,v2,v6,20.0,200.0,0.0,0.6,1.0,0.0,-16.8165,True,fuzzy_logic_fixed_snr,0.5744,0.1559
11,v3,v4,20.0,80.06,10.0,0.6,0.4003,0.2,-12.8626,True,fuzzy_logic_fixed_snr,0.7009,0.1631
11,v3,v7,20.0,130.0,30.0,0.6,0.65,0.6,-18.6396,True,fuzzy_logic_fixed_snr,0.4849,0.1148
11,v3,v8,20.0,140.03,20.0,0.6,0.7002,0.4,-18.1566,True,fuzzy_logic_fixed_snr,0.5242,0.1205
11,v4,v7,40.0,50.09,20.0,1.0,0.2504,0.4,8.987,False,fuzzy_logic_fixed_snr,8.9565,0.9922
11,v4,v8,40.0,60.0,10.0,1.0,0.3,0.2,9.1413,False,fuzzy_logic_fixed_snr,9.1124,0.9926
11,v4,v3,40.0,80.06,10.0,1.0,0.4003,0.2,7.1374,False,fuzzy_logic_fixed_snr,7.1241,0.9932
11,v4,v11,40.0,140.03,30.0,1.0,0.7002,0.6,0.8439,True,fuzzy_logic_fixed_snr,2.2033,0.7631
11,v4,v12,40.0,190.0,10.0,1.0,0.95,0.2,1.1317,True,fuzzy_logic_fixed_snr,2.226,0.7359
12,v1,v2,40.0,10.44,20.0,1.0,0.0522,0.4,19.8836,False,fuzzy_logic_fixed_snr,19.8606,0.999
12,v1,v5,40.0,100.0,0.0,1.0,0.5,0.0,8.0,False,fuzzy_logic_fixed_snr,7.9614,0.9893
12,v1,v6,40.0,190.02,10.0,1.0,0.9501,0.2,1.1308,True,fuzzy_logic_fixed_snr,2.2322,0.7621
12,v2,v1,20.0,10.44,20.0,0.6,0.0522,0.4,-0.1164,True,fuzzy_logic_fixed_snr,2.0328,0.6762
12,v2,v5,20.0,110.04,20.0,0.6,0.5502,0.4,-16.4818,True,fuzzy_logic_fixed_snr,0.5646,0.1494
12,v2,v6,20.0,200.0,10.0,0.6,1.0,0.2,-19.2247,True,fuzzy_logic_fixed_snr,0.5007,0.1248
12,v3,v4,20.0,70.06,0.0,0.6,0.3503,0.0,-9.5279,True,fuzzy_logic_fixed_snr,0.8971,0.2102
12,v3,v7,20.0,100.0,20.0,0.6,0.5,0.4,-15.817,True,fuzzy_logic_fixed_snr,0.5939,0.148
12,v3,v8,20.0,120.04,20.0,0.6,0.6002,0.4,-17.086,True,fuzzy_logic_fixed_snr,0.5504,0.1432
12,v3,v11,20.0,180.0,10.0,0.6,0.9,0.2,-18.4926,True,fuzzy_logic_fixed_snr,0.5109,0.1395
12,v4,v7,40.0,30.15,20.0,1.0,0.1507,0.4,12.5145,False,fuzzy_logic_fixed_snr,12.486,0.9971
12,v4,v8,40.0,50.0,20.0,1.0,0.25,0.4,8.9995,False,fuzzy_logic_fixed_snr,8.9761,0.9922
12,v4,v3,40.0,70.06,0.0,1.0,0.3503,0.0,10.4721,False,fuzzy_logic_fixed_snr,10.4456,0.9912
12,v4,v11,40.0,110.04,10.0,1.0,0.5502,0.2,4.9269,False,fuzzy_logic_fixed_snr,4.8998,0.9848
12,v4,v12,40.0,180.0,10.0,1.0,0.9,0.2,1.5074,True,fuzzy_logic_fixed_snr,2.2788,0.7688
13,v1,v2,40.0,30.15,10.0,1.0,0.1507,0.2,13.9232,False,fuzzy_logic_fixed_snr,13.8962,0.998
13,v1,v5,40.0,100.0,30.0,1.0,0.5,0.6,3.1835,True,fuzzy_logic_fixed_snr,2.4791,0.8398
13,v1,v6,40.0,180.02,0.0,1.0,0.9001,0.0,3.9147,True,fuzzy_logic_fixed_snr,2.5422,0.8625
13,v2,v1,20.0,30.15,10.0,0.6,0.1507,0.2,-6.0768,False,fuzzy_logic_fixed_snr,-6.1024,0.8111
13,v2,v5,20.0,130.03,20.0,0.6,0.6502,0.4,-17.6419,True,fuzzy_logic_fixed_snr,0.5262,0.134
13,v3,v4,20.0,70.06,10.0,0.6,0.3503,0.2,-11.9362,True,fuzzy_logic_fixed_snr,0.7642,0.1877
13,v3,v7,20.0,120.0,10.0,0.6,0.6,0.2,-15.6751,True,fuzzy_logic_fixed_snr,0.5841,0.1379
13,v3,v8,20.0,140.03,20.0,0.6,0.7002,0.4,-18.1566,True,fuzzy_logic_fixed_snr,0.5277,0.1314
13,v3,v11,20.0,190.0,10.0,0.6,0.95,0.2,-18.8683,True,fuzzy_logic_fixed_snr,0.5103,0.1439
13,v4,v7,40.0,50.09,20.0,1.0,0.2504,0.4,8.987,False,fuzzy_logic_fixed_snr,8.9538,0.9922
13,v4,v8,40.0,70.0,10.0,1.0,0.35,0.2,8.0702,False,fuzzy_logic_fixed_snr,8.0542,0.9893
13,v4,v3,40.0,70.06,10.0,1.0,0.3503,0.2,8.0638,False,fuzzy_logic_fixed_snr,8.0332,0.9945
13,v4,v11,40.0,120.04,0.0,1.0,0.6002,0.0,6.7309,False,fuzzy_logic_fixed_snr,6.702,0.9854
13,v4,v12,40.0,170.0,0.0,1.0,0.85,0.0,4.3128,True,fuzzy_logic_fixed_snr,2.5872,0.8918
14,v1,v2,40.0,20.22,30.0,1.0,0.1011,0.6,14.2897,False,fuzzy_logic_fixed_snr,14.2553,0.9951
14,v1,v5,40.0,130.0,30.0,1.0,0.65,0.6,1.3604,True,fuzzy_logic_fixed_snr,2.2645,0.7777
14,v1,v6,40.0,180.02,40.0,1.0,0.9001,0.8,-1.6771,True,fuzzy_logic_fixed_snr,1.8344,0.6057
14,v2,v1,20.0,20.22,30.0,0.6,0.1011,0.6,-5.7103,True,fuzzy_logic_fixed_snr,1.2778,0.3527
14,v2,v5,20.0,150.03,0.0,0.6,0.7501,0.0,-14.8188,True,fuzzy_logic_fixed_snr,0.6225,0.1492
14,v2,v6,20.0,200.0,10.0,0.6,1.0,0.2,-19.2247,True,fuzzy_logic_fixed_snr,0.4842,0.127
14,v3,v4,20.0,80.06,10.0,0.6,0.4003,0.2,-12.8626,True,fuzzy_logic_fixed_snr,0.7297,0.1789
14,v3,v7,20.0,110.0,10.0,0.6,0.55,0.2,-15.0705,True,fuzzy_logic_fixed_snr,0.6075,0.1293
14,v3,v8,20.0,160.03,10.0,0.6,0.8001,0.2,-17.6754,True,fuzzy_logic_fixed_snr,0.5135,0.1406
14,v3,v11,20.0,200.0,10.0,0.6,1.0,0.2,-19.2247,True,fuzzy_logic_fixed_snr,0.4887,0.1072
14,v4,v7,40.0,30.15,20.0,1.0,0.1507,0.4,12.5145,False,fuzzy_logic_fixed_snr,12.4856,0.9932
14,v4,v8,40.0,80.0,0.0,1.0,0.4,0.0,9.5506,False,fuzzy_logic_fixed_snr,9.5203,0.9951
14,v4,v3,40.0,80.06,10.0,1.0,0.4003,0.2,7.1374,False,fuzzy_logic_fixed_snr,7.105,0.9877
14,v4,v11,40.0,120.04,0.0,1.0,0.6002,0.0,6.7309,False,fuzzy_logic_fixed_snr,6.6866,0.9932
14,v4,v12,40.0,170.0,20.0,1.0,0.85,0.4,0.4958,True,fuzzy_logic_fixed_snr,2.1515,0.7242
15,v1,v2,40.0,50.09,20.0,1.0,0.2504,0.4,8.987,False,fuzzy_logic_fixed_snr,8.9671,0.9922
15,v1,v5,40.0,100.0,10.0,1.0,0.5,0.2,5.5918,False,fuzzy_logic_fixed_snr,5.5748,0.9922
15,v1,v6,40.0,140.03,10.0,1.0,0.7002,0.2,3.2521,False,fuzzy_logic_fixed_snr,3.2184,0.9906
15,v2,v1,20.0,50.09,20.0,0.6,0.2504,0.4,-11.013,True,fuzzy_logic_fixed_snr,0.8204,0.2027
15,v2,v5,20.0,150.03,10.0,0.6,0.7501,0.2,-17.2271,True,fuzzy_logic_fixed_snr,0.5406,0.1484
15,v2,v6,20.0,190.0,30.0,0.6,0.95,0.6,-21.2765,True,fuzzy_logic_fixed_snr,0.465,0.1176
15,v3,v4,20.0,70.06,30.0,0.6,0.3503,0.6,-14.3444,True,fuzzy_logic_fixed_snr,0.6488,0.1588
15,v3,v7,20.0,120.0,20.0,0.6,0.6,0.4,-17.0839,True,fuzzy_logic_fixed_snr,0.5436,0.1363
15,v3,v8,20.0,150.03,10.0,0.6,0.7501,0.2,-17.2271,True,fuzzy_logic_fixed_snr,0.5521,0.1355
15,v3,v11,20.0,190.0,10.0,0.6,0.95,0.2,-18.8683,True,fuzzy_logic_fixed_snr,0.4935,0.1273
15,v4,v7,40.0,50.09,10.0,1.0,0.2504,0.2,10.3958,False,fuzzy_logic_fixed_snr,10.3679,0.9951
15,v4,v3,40.0,70.06,30.0,1.0,0.3503,0.6,5.6556,False,fuzzy_logic_fixed_snr,5.6207,0.9867
15,v4,v8,40.0,80.0,40.0,1.0,0.4,0.8,3.9588,True,fuzzy_logic_fixed_snr,2.5523,0.8879
15,v4,v11,40.0,120.04,40.0,1.0,0.6002,0.8,1.1392,True,fuzzy_logic_fixed_snr,2.231,0.7471
15,v4,v12,40.0,190.0,40.0,1.0,0.95,0.8,-2.0518,True,fuzzy_logic_fixed_snr,1.7644,0.5705
16,v1,v2,40.0,30.15,0.0,1.0,0.1507,0.0,16.3315,False,fuzzy_logic_fixed_snr,16.2948,0.999
16,v1,v5,40.0,110.0,20.0,1.0,0.55,0.4,3.5207,False,fuzzy_logic_fixed_snr,3.4809,0.9854
16,v1,v6,40.0,130.03,10.0,1.0,0.6502,0.2,3.7668,False,fuzzy_logic_fixed_snr,3.7487,0.9838
16,v2,v1,20.0,30.15,0.0,0.6,0.1507,0.0,-3.6685,False,fuzzy_logic_fixed_snr,-3.7067,0.8951
16,v2,v5,20.0,140.03,20.0,0.6,0.7002,0.4,-18.1566,True,fuzzy_logic_fixed_snr,0.5207,0.1232
16,v2,v6,20.0,160.0,10.0,0.6,0.8,0.2,-17.6742,True,fuzzy_logic_fixed_snr,0.5468,0.1504
16,v3,v4,20.0,100.04,40.0,0.6,0.5002,0.8,-17.5949,True,fuzzy_logic_fixed_snr,0.5337,0.1428
16,v3,v7,20.0,140.0,0.0,0.6,0.7,0.0,-14.338,True,fuzzy_logic_fixed_snr,0.6508,0.1623
16,v3,v8,20.0,140.03,0.0,0.6,0.7002,0.0,-14.3396,True,fuzzy_logic_fixed_snr,0.6466,0.1582
16,v3,v11,20.0,180.0,10.0,0.6,0.9,0.2,-18.4926,True,fuzzy_logic_fixed_snr,0.5024,0.1146
16,v4,v8,40.0,40.0,40.0,1.0,0.2,0.8,8.7753,True,fuzzy_logic_fixed_snr,2.8281,0.9357
16,v4,v7,40.0,40.11,40.0,1.0,0.2006,0.8,8.7558,True,fuzzy_logic_fixed_snr,2.8231,0.9416
16,v4,v11,40.0,80.06,30.0,1.0,0.4003,0.6,4.7292,False,fuzzy_logic_fixed_snr,4.6976,0.9902
16,v4,v3,40.0,100.04,40.0,1.0,0.5002,0.8,2.4051,True,fuzzy_logic_fixed_snr,2.3823,0.8109
16,v4,v12,40.0,150.0,40.0,1.0,0.75,0.8,-0.4092,True,fuzzy_logic_fixed_snr,2.0271,0.6832
17,v1,v2,40.0,30.15,40.0,1.0,0.1507,0.8,10.7397,True,fuzzy_logic_fixed_snr,2.8757,0.9471
17,v1,v5,40.0,130.0,30.0,1.0,0.65,0.6,1.3604,True,fuzzy_logic_fixed_snr,2.2696,0.7771
17,v1,v6,40.0,140.03,40.0,1.0,0.7002,0.8,0.0686,True,fuzzy_logic_fixed_snr,2.1003,0.7059
17,v2,v1,20.0,30.15,40.0,0.6,0.1507,0.8,-9.2603,True,fuzzy_logic_fixed_snr,0.9357,0.2326
17,v2,v5,20.0,160.03,10.0,0.6,0.8001,0.2,-17.6754,True,fuzzy_logic_fixed_snr,0.5301,0.1453
17,v2,v6,20.0,170.0,0.0,0.6,0.85,0.0,-15.6872,True,fuzzy_logic_fixed_snr,0.5853,0.1549
17,v3,v4,20.0,60.07,0.0,0.6,0.3004,0.0,-8.4591,True,fuzzy_logic_fixed_snr,1.0191,0.2578
17,v3,v7,20.0,140.0,0.0,0.6,0.7,0.0,-14.338,True,fuzzy_logic_fixed_snr,0.64,0.1643
17,v3,v8,20.0,140.03,10.0,0.6,0.7002,0.2,-16.7479,True,fuzzy_logic_fixed_snr,0.5681,0.1408
17,v3,v11,20.0,170.0,20.0,0.6,0.85,0.4,-19.5042,True,fuzzy_logic_fixed_snr,0.4881,0.133
17,v4,v3,40.0,60.07,0.0,1.0,0.3004,0.0,11.5409,False,fuzzy_logic_fixed_snr,11.5194,0.9941
17,v4,v8,40.0,80.0,10.0,1.0,0.4,0.2,7.1423,False,fuzzy_logic_fixed_snr,7.1122,0.9877
17,v4,v7,40.0,80.06,0.0,1.0,0.4003,0.0,9.5457,False,fuzzy_logic_fixed_snr,9.5228,0.9893
17,v4,v11,40.0,110.04,20.0,1.0,0.5502,0.4,3.5182,False,fuzzy_logic_fixed_snr,3.4976,0.9863
17,v4,v12,40.0,190.0,0.0,1.0,0.95,0.0,3.5399,True,fuzzy_logic_fixed_snr,2.5183,0.8631
18,v1,v2,40.0,70.06,10.0,1.0,0.3503,0.2,8.0638,False,fuzzy_logic_fixed_snr,8.0301,0.9932
18,v1,v5,40.0,100.0,30.0,1.0,0.5,0.6,3.1835,True,fuzzy_logic_fixed_snr,2.4625,0.8629
18,v1,v6,40.0,100.04,40.0,1.0,0.5002,0.8,2.4051,True,fuzzy_logic_fixed_snr,2.3857,0.8238
18,v2,v1,20.0,70.06,10.0,0.6,0.3503,0.2,-11.9362,True,fuzzy_logic_fixed_snr,0.7455,0.1887
18,v2,v6,20.0,170.0,30.0,0.6,0.85,0.6,-20.5037,True,fuzzy_logic_fixed_snr,0.4717,0.1023
18,v2,v5,20.0,170.03,20.0,0.6,0.8501,0.4,-19.5052,True,fuzzy_logic_fixed_snr,0.4932,0.1225
18,v3,v4,20.0,60.07,10.0,0.6,0.3004,0.2,-10.8673,True,fuzzy_logic_fixed_snr,0.8381,0.2117
18,v3,v8,20.0,130.03,0.0,0.6,0.6502,0.0,-13.8249,True,fuzzy_logic_fixed_snr,0.6761,0.1766
18,v3,v7,20.0,140.0,20.0,0.6,0.7,0.4,-18.155,True,fuzzy_logic_fixed_snr,0.5171,0.1293
18,v3,v11,20.0,150.0,10.0,0.6,0.75,0.2,-17.2257,True,fuzzy_logic_fixed_snr,0.5386,0.1301
18,v4,v3,40.0,60.07,10.0,1.0,0.3004,0.2,9.1327,False,fuzzy_logic_fixed_snr,9.1038,0.9961
18,v4,v8,40.0,70.0,10.0,1.0,0.35,0.2,8.0702,False,fuzzy_logic_fixed_snr,8.044,0.9951
18,v4,v7,40.0,80.06,10.0,1.0,0.4003,0.2,7.1374,False,fuzzy_logic_fixed_snr,7.1267,0.9916
18,v4,v11,40.0,90.05,0.0,1.0,0.4502,0.0,8.7283,False,fuzzy_logic_fixed_snr,8.7001,0.9896
18,v4,v12,40.0,190.0,30.0,1.0,0.95,0.6,-1.2765,True,fuzzy_logic_fixed_snr,1.8978,0.6123
19,v1,v2,40.0,60.07,20.0,1.0,0.3004,0.4,7.7239,False,fuzzy_logic_fixed_snr,7.7069,0.9922
19,v1,v5,40.0,130.0,0.0,1.0,0.65,0.0,6.1769,False,fuzzy_logic_fixed_snr,6.1472,0.9902
19,v1,v6,40.0,140.03,10.0,1.0,0.7002,0.2,3.2521,False,fuzzy_logic_fixed_snr,3.2246,0.9848
19,v2,v1,20.0,60.07,20.0,0.6,0.3004,0.4,-12.2761,True,fuzzy_logic_fixed_snr,0.7392,0.1863
19,v2,v5,20.0,190.02,20.0,0.6,0.9501,0.4,-20.2779,True,fuzzy_logic_fixed_snr,0.4607,0.1326
19,v2,v6,20.0,200.0,30.0,0.6,1.0,0.6,-21.633,True,fuzzy_logic_fixed_snr,0.448,0.1188
19,v3,v4,20.0,50.09,30.0,0.6,0.2504,0.6,-12.0125,True,fuzzy_logic_fixed_snr,0.7503,0.1738
19,v3,v7,20.0,120.0,30.0,0.6,0.6,0.6,-18.0834,True,fuzzy_logic_fixed_snr,0.518,0.1393
19,v3,v8,20.0,130.03,0.0,0.6,0.6502,0.0,-13.8249,True,fuzzy_logic_fixed_snr,0.6848,0.1805
19,v3,v11,20.0,140.0,0.0,0.6,0.7,0.0,-14.338,True,fuzzy_logic_fixed_snr,0.6605,0.1695
19,v4,v3,40.0,50.09,30.0,1.0,0.2504,0.6,7.9875,False,fuzzy_logic_fixed_snr,7.9644,0.9916
19,v4,v7,40.0,70.06,0.0,1.0,0.3503,0.0,10.4721,False,fuzzy_logic_fixed_snr,10.4473,0.9912
19,v4,v8,40.0,80.0,30.0,1.0,0.4,0.6,4.7341,False,fuzzy_logic_fixed_snr,4.6913,0.9893
19,v4,v11,40.0,90.05,30.0,1.0,0.4502,0.6,3.9118,True,fuzzy_logic_fixed_snr,2.5498,0.8703
19,v4,v12,40.0,160.0,20.0,1.0,0.8,0.4,0.9171,True,fuzzy_logic_fixed_snr,2.1966,0.7281
20,v1,v2,40.0,40.11,0.0,1.0,0.2006,0.0,14.3476,False,fuzzy_logic_fixed_snr,14.3283,0.9961
20,v1,v5,40.0,130.0,30.0,1.0,0.65,0.6,1.3604,True,fuzzy_logic_fixed_snr,2.263,0.7471
20,v1,v6,40.0,130.03,30.0,1.0,0.6502,0.6,1.3586,True,fuzzy_logic_fixed_snr,2.2686,0.7902
20,v2,v1,20.0,40.11,0.0,0.6,0.2006,0.0,-5.6524,False,fuzzy_logic_fixed_snr,-5.6738,0.8518
20,v2,v6,20.0,170.0,30.0,0.6,0.85,0.6,-20.5037,True,fuzzy_logic_fixed_snr,0.4505,0.1232
20,v2,v5,20.0,170.03,30.0,0.6,0.8501,0.6,-20.5047,True,fuzzy_logic_fixed_snr,0.4657,0.1359
20,v3,v4,20.0,80.06,30.0,0.6,0.4003,0.6,-15.2708,True,fuzzy_logic_fixed_snr,0.5948,0.1227
20,v3,v8,20.0,130.03,10.0,0.6,0.6502,0.2,-16.2332,True,fuzzy_logic_fixed_snr,0.575,0.1428
20,v3,v11,20.0,140.0,20.0,0.6,0.7,0.4,-18.155,True,fuzzy_logic_fixed_snr,0.5204,0.1344
20,v3,v7,20.0,150.0,0.0,0.6,0.75,0.0,-14.8175,True,fuzzy_logic_fixed_snr,0.6223,0.1598
20,v4,v8,40.0,50.0,20.0,1.0,0.25,0.4,8.9995,False,fuzzy_logic_fixed_snr,8.9711,0.9877
20,v4,v11,40.0,60.07,10.0,1.0,0.3004,0.2,9.1327,False,fuzzy_logic_fixed_snr,9.1089,0.9941
20,v4,v7,40.0,70.06,30.0,1.0,0.3503,0.6,5.6556,False,fuzzy_logic_fixed_snr,5.6332,0.9848
20,v4,v3,40.0,80.06,30.0,1.0,0.4003,0.6,4.7292,False,fuzzy_logic_fixed_snr,4.6989,0.9867
20,v4,v12,40.0,140.0,10.0,1.0,0.7,0.2,3.2537,False,fuzzy_logic_fixed_snr,3.2228,0.9902
21,v1,v2,40.0,40.11,30.0,1.0,0.2006,0.6,9.5311,False,fuzzy_logic_fixed_snr,9.5005,0.9922
21,v1,v5,40.0,160.0,0.0,1.0,0.8,0.0,4.7341,True,fuzzy_logic_fixed_snr,2.6082,0.8848
21,v1,v6,40.0,160.03,40.0,1.0,0.8001,0.8,-0.8589,True,fuzzy_logic_fixed_snr,1.9655,0.657
21,v2,v1,20.0,40.11,30.0,0.6,0.2006,0.6,-10.4689,True,fuzzy_logic_fixed_snr,0.8327,0.1861
21,v2,v6,20.0,200.0,10.0,0.6,1.0,0.2,-19.2247,True,fuzzy_logic_fixed_snr,0.4942,0.125
21,v3,v4,20.0,110.04,40.0,0.6,0.5502,0.8,-18.2566,True,fuzzy_logic_fixed_snr,0.5231,0.1299
21,v3,v8,20.0,140.03,40.0,0.6,0.7002,0.8,-19.9314,True,fuzzy_logic_fixed_snr,0.4854,0.1309
21,v3,v7,20.0,150.0,40.0,0.6,0.75,0.8,-20.4092,True,fuzzy_logic_fixed_snr,0.4687,0.1219
21,v3,v11,20.0,160.0,10.0,0.6,0.8,0.2,-17.6742,True,fuzzy_logic_fixed_snr,0.5157,0.1438
21,v4,v8,40.0,30.0,0.0,1.0,0.15,0.0,16.3661,False,fuzzy_logic_fixed_snr,16.3282,0.9971
21,v4,v7,40.0,40.11,0.0,1.0,0.2006,0.0,14.3476,False,fuzzy_logic_fixed_snr,14.3214,0.9951
21,v4,v11,40.0,50.09,30.0,1.0,0.2504,0.6,7.9875,False,fuzzy_logic_fixed_snr,7.951,0.9922
21,v4,v3,40.0,110.04,40.0,1.0,0.5502,0.8,1.7434,True,fuzzy_logic_fixed_snr,2.3119,0.7898
21,v4,v12,40.0,130.0,30.0,1.0,0.65,0.6,1.3604,True,fuzzy_logic_fixed_snr,2.2619,0.7646
22,v1,v2,40.0,70.06,10.0,1.0,0.3503,0.2,8.0638,False,fuzzy_logic_fixed_snr,8.03,0.9951
22,v1,v6,40.0,120.04,10.0,1.0,0.6002,0.2,4.3227,False,fuzzy_logic_fixed_snr,4.3022,0.9902
22,v1,v5,40.0,160.0,20.0,1.0,0.8,0.4,0.9171,True,fuzzy_logic_fixed_snr,2.2034,0.7592
22,v2,v1,20.0,70.06,10.0,0.6,0.3503,0.2,-11.9362,True,fuzzy_logic_fixed_snr,0.7537,0.1834
22,v2,v6,20.0,190.0,0.0,0.6,0.95,0.0,-16.4601,True,fuzzy_logic_fixed_snr,0.5732,0.158
22,v3,v4,20.0,150.03,10.0,0.6,0.7501,0.2,-17.2271,True,fuzzy_logic_fixed_snr,0.5432,0.148
22,v3,v11,20.0,170.0,20.0,0.6,0.85,0.4,-19.5042,True,fuzzy_logic_fixed_snr,0.4844,0.1293
22,v3,v8,20.0,180.02,10.0,0.6,0.9001,0.2,-18.4936,True,fuzzy_logic_fixed_snr,0.5093,0.158
22,v3,v7,20.0,190.0,10.0,0.6,0.95,0.2,-18.8683,True,fuzzy_logic_fixed_snr,0.5083,0.1396
22,v4,v11,40.0,20.22,30.0,1.0,0.1011,0.6,14.2897,False,fuzzy_logic_fixed_snr,14.2586,0.9971
22,v4,v8,40.0,30.0,20.0,1.0,0.15,0.4,12.5491,False,fuzzy_logic_fixed_snr,12.5305,0.9941
22,v4,v7,40.0,40.11,20.0,1.0,0.2006,0.4,10.5306,False,fuzzy_logic_fixed_snr,10.505,0.9961
22,v4,v12,40.0,100.0,10.0,1.0,0.5,0.2,5.5918,False,fuzzy_logic_fixed_snr,5.5625,0.9893
22,v4,v3,40.0,150.03,10.0,1.0,0.7501,0.2,2.7729,False,fuzzy_logic_fixed_snr,2.7395,0.9854
23,v1,v2,40.0,80.06,30.0,1.0,0.4003,0.6,4.7292,False,fuzzy_logic_fixed_snr,4.7002,0.9902
23,v1,v6,40.0,110.04,30.0,1.0,0.5502,0.6,2.5187,True,fuzzy_logic_fixed_snr,2.3999,0.8326
23,v1,v5,40.0,140.0,40.0,1.0,0.7,0.8,0.0702,True,fuzzy_logic_fixed_snr,2.0904,0.7
23,v2,v1,20.0,80.06,30.0,0.6,0.4003,0.6,-15.2708,True,fuzzy_logic_fixed_snr,0.6146,0.1664
23,v2,v6,20.0,190.0,0.0,0.6,0.95,0.0,-16.4601,True,fuzzy_logic_fixed_snr,0.5497,0.1391
23,v3,v4,20.0,140.03,40.0,0.6,0.7002,0.8,-19.9314,True,fuzzy_logic_fixed_snr,0.4838,0.1313
23,v3,v11,20.0,190.0,30.0,0.6,0.95,0.6,-21.2765,True,fuzzy_logic_fixed_snr,0.4592,0.1227
23,v3,v8,20.0,190.02,40.0,0.6,0.9501,0.8,-22.0527,True,fuzzy_logic_fixed_snr,0.4456,0.1158
23,v3,v7,20.0,200.0,0.0,0.6,1.0,0.0,-16.8165,True,fuzzy_logic_fixed_snr,0.5278,0.1477
23,v4,v8,40.0,50.0,0.0,1.0,0.25,0.0,12.8165,False,fuzzy_logic_fixed_snr,12.8022,0.998
23,v4,v11,40.0,50.09,10.0,1.0,0.2504,0.2,10.3958,False,fuzzy_logic_fixed_snr,10.3577,0.9932
23,v4,v7,40.0,60.07,40.0,1.0,0.3004,0.8,5.9491,True,fuzzy_logic_fixed_snr,2.6894,0.8996
23,v4,v12,40.0,90.0,40.0,1.0,0.45,0.8,3.1404,True,fuzzy_logic_fixed_snr,2.4735,0.8561
23,v4,v3,40.0,140.03,40.0,1.0,0.7002,0.8,0.0686,True,fuzzy_logic_fixed_snr,2.1012,0.6938
24,v1,v2,40.0,50.09,0.0,1.0,0.2504,0.0,12.804,False,fuzzy_logic_fixed_snr,12.7793,0.9951
24,v1,v6,40.0,140.03,30.0,1.0,0.7002,0.6,0.8439,True,fuzzy_logic_fixed_snr,2.1864,0.7549
24,v1,v5,40.0,180.0,20.0,1.0,0.9,0.4,0.0987,True,fuzzy_logic_fixed_snr,2.0903,0.7086
24,v2,v1,20.0,50.09,0.0,0.6,0.2504,0.0,-7.196,False,fuzzy_logic_fixed_snr,-7.2362,0.8
24,v2,v6,20.0,190.0,30.0,0.6,0.95,0.6,-21.2765,True,fuzzy_logic_fixed_snr,0.4399,0.1193
24,v3,v4,20.0,100.04,20.0,0.6,0.5002,0.4,-15.8201,True,fuzzy_logic_fixed_snr,0.5945,0.1334
24,v3,v8,20.0,150.03,30.0,0.6,0.7501,0.6,-19.6353,True,fuzzy_logic_fixed_snr,0.4876,0.1199
24,v3,v11,20.0,160.0,30.0,0.6,0.8,0.6,-20.0824,True,fuzzy_logic_fixed_snr,0.4931,0.1063
24,v3,v7,20.0,200.0,20.0,0.6,1.0,0.4,-20.6334,True,fuzzy_logic_fixed_snr,0.4713,0.132
24,v4,v8,40.0,50.0,10.0,1.0,0.25,0.2,10.4082,False,fuzzy_logic_fixed_snr,10.3751,0.9961
24,v4,v11,40.0,60.07,10.0,1.0,0.3004,0.2,9.1327,False,fuzzy_logic_fixed_snr,9.1121,0.9941
24,v4,v3,40.0,100.04,20.0,1.0,0.5002,0.4,4.1799,False,fuzzy_logic_fixed_snr,4.1514,0.9799
24,v4,v7,40.0,100.04,0.0,1.0,0.5002,0.0,7.9969,False,fuzzy_logic_fixed_snr,7.9744,0.9912
24,v4,v12,40.0,130.0,0.0,1.0,0.65,0.0,6.1769,False,fuzzy_logic_fixed_snr,6.1518,0.9922
25,v1,v2,40.0,50.09,40.0,1.0,0.2504,0.8,7.2122,True,fuzzy_logic_fixed_snr,2.764,0.9227
25,v1,v6,40.0,170.03,10.0,1.0,0.8501,0.2,1.9035,True,fuzzy_logic_fixed_snr,2.3353,0.8105
25,v1,v5,40.0,200.0,20.0,1.0,1.0,0.4,-0.6334,True,fuzzy_logic_fixed_snr,1.9787,0.6461
25,v2,v1,20.0,50.09,40.0,0.6,0.2504,0.8,-12.7878,True,fuzzy_logic_fixed_snr,0.7254,0.1838
25,v3,v4,20.0,120.04,30.0,0.6,0.6002,0.6,-18.0856,True,fuzzy_logic_fixed_snr,0.5197,0.1078
25,v3,v8,20.0,180.02,10.0,0.6,0.9001,0.2,-18.4936,True,fuzzy_logic_fixed_snr,0.4912,0.1402
25,v3,v11,20.0,190.0,10.0,0.6,0.95,0.2,-18.8683,True,fuzzy_logic_fixed_snr,0.5027,0.1355
25,v4,v8,40.0,60.0,40.0,1.0,0.3,0.8,5.9578,True,fuzzy_logic_fixed_snr,2.7034,0.9184
25,v4,v11,40.0,70.06,20.0,1.0,0.3503,0.4,6.6551,False,fuzzy_logic_fixed_snr,6.6394,0.9893
25,v4,v7,40.0,100.04,20.0,1.0,0.5002,0.4,4.1799,False,fuzzy_logic_fixed_snr,4.1609,0.9838
25,v4,v3,40.0,120.04,30.0,1.0,0.6002,0.6,1.9144,True,fuzzy_logic_fixed_snr,2.3192,0.785
25,v4,v12,40.0,130.0,30.0,1.0,0.65,0.6,1.3604,True,fuzzy_logic_fixed_snr,2.2465,0.7752
26,v1,v2,40.0,90.05,10.0,1.0,0.4502,0.2,6.32,False,fuzzy_logic_fixed_snr,6.3039,0.9932
26,v1,v6,40.0,160.03,40.0,1.0,0.8001,0.8,-0.8589,True,fuzzy_logic_fixed_snr,1.9598,0.6586
26,v1,v5,40.0,180.0,0.0,1.0,0.9,0.0,3.9156,True,fuzzy_logic_fixed_snr,2.5446,0.8684
26,v2,v1,20.0,90.05,10.0,0.6,0.4502,0.2,-13.68,True,fuzzy_logic_fixed_snr,0.6642,0.157
26,v3,v4,20.0,90.05,20.0,0.6,0.4502,0.4,-15.0887,True,fuzzy_logic_fixed_snr,0.6295,0.1543
26,v3,v11,20.0,180.0,10.0,0.6,0.9,0.2,-18.4926,True,fuzzy_logic_fixed_snr,0.5223,0.1326
26,v3,v8,20.0,190.02,0.0,0.6,0.9501,0.0,-16.4609,True,fuzzy_logic_fixed_snr,0.5643,0.1412
26,v4,v3,40.0,90.05,20.0,1.0,0.4502,0.4,4.9113,False,fuzzy_logic_fixed_snr,4.8882,0.9818
26,v4,v11,40.0,90.05,10.0,1.0,0.4502,0.2,6.32,False,fuzzy_logic_fixed_snr,6.295,0.9867
26,v4,v8,40.0,100.0,20.0,1.0,0.5,0.4,4.183,False,fuzzy_logic_fixed_snr,4.1503,0.9902
26,v4,v7,40.0,120.04,10.0,1.0,0.6002,0.2,4.3227,False,fuzzy_logic_fixed_snr,4.2988,0.9873
26,v4,v12,40.0,160.0,20.0,1.0,0.8,0.4,0.9171,True,fuzzy_logic_fixed_snr,2.206,0.7555
27,v1,v2,40.0,100.04,20.0,1.0,0.5002,0.4,4.1799,False,fuzzy_logic_fixed_snr,4.1505,0.9873
27,v1,v6,40.0,120.04,0.0,1.0,0.6002,0.0,6.7309,False,fuzzy_logic_fixed_snr,6.7023,0.9877
27,v1,v5,40.0,180.0,10.0,1.0,0.9,0.2,1.5074,True,fuzzy_logic_fixed_snr,2.2827,0.7875
27,v2,v1,20.0,100.04,20.0,0.6,0.5002,0.4,-15.8201,True,fuzzy_logic_fixed_snr,0.5902,0.1613
27,v3,v4,20.0,110.04,20.0,0.6,0.5502,0.4,-16.4818,True,fuzzy_logic_fixed_snr,0.5639,0.1287
27,v3,v11,20.0,190.0,40.0,0.6,0.95,0.8,-22.0518,True,fuzzy_logic_fixed_snr,0.4429,0.1135
27,v3,v8,20.0,190.02,30.0,0.6,0.9501,0.6,-21.2774,True,fuzzy_logic_fixed_snr,0.4411,0.1104
27,v4,v8,40.0,80.0,10.0,1.0,0.4,0.2,7.1423,False,fuzzy_logic_fixed_snr,7.1072,0.9922
27,v4,v11,40.0,80.06,20.0,1.0,0.4003,0.4,5.7287,False,fuzzy_logic_fixed_snr,5.7017,0.9824
27,v4,v3,40.0,110.04,20.0,1.0,0.5502,0.4,3.5182,False,fuzzy_logic_fixed_snr,3.4881,0.9834
27,v4,v7,40.0,110.04,10.0,1.0,0.5502,0.2,4.9269,False,fuzzy_logic_fixed_snr,4.906,0.9893
27,v4,v12,40.0,140.0,20.0,1.0,0.7,0.4,1.845,True,fuzzy_logic_fixed_snr,2.3206,0.7928
28,v1,v2,40.0,80.06,20.0,1.0,0.4003,0.4,5.7287,False,fuzzy_logic_fixed_snr,5.708,0.9916
28,v1,v6,40.0,120.04,10.0,1.0,0.6002,0.2,4.3227,False,fuzzy_logic_fixed_snr,4.2893,0.9838
28,v1,v5,40.0,190.0,10.0,1.0,0.95,0.2,1.1317,True,fuzzy_logic_fixed_snr,2.234,0.7783
28,v2,v1,20.0,80.06,20.0,0.6,0.4003,0.4,-14.2713,True,fuzzy_logic_fixed_snr,0.6489,0.1596
28,v2,v6,20.0,200.0,10.0,0.6,1.0,0.2,-19.2247,True,fuzzy_logic_fixed_snr,0.4886,0.1316
28,v3,v4,20.0,90.05,10.0,0.6,0.4502,0.2,-13.68,True,fuzzy_logic_fixed_snr,0.6418,0.1701
28,v3,v11,20.0,150.0,10.0,0.6,0.75,0.2,-17.2257,True,fuzzy_logic_fixed_snr,0.5419,0.1223
28,v3,v8,20.0,160.03,10.0,0.6,0.8001,0.2,-17.6754,True,fuzzy_logic_fixed_snr,0.5219,0.1279
28,v4,v11,40.0,60.07,0.0,1.0,0.3004,0.0,11.5409,False,fuzzy_logic_fixed_snr,11.5155,0.9961
28,v4,v8,40.0,70.0,20.0,1.0,0.35,0.4,6.6615,False,fuzzy_logic_fixed_snr,6.6407,0.9867
28,v4,v3,40.0,90.05,10.0,1.0,0.4502,0.2,6.32,False,fuzzy_logic_fixed_snr,6.2906,0.9896
28,v4,v7,40.0,120.04,0.0,1.0,0.6002,0.0,6.7309,False,fuzzy_logic_fixed_snr,6.7184,0.9873
28,v4,v12,40.0,160.0,20.0,1.0,0.8,0.4,0.9171,True,fuzzy_logic_fixed_snr,2.2079,0.7613
29,v1,v2,40.0,100.04,10.0,1.0,0.5002,0.2,5.5886,False,fuzzy_logic_fixed_snr,5.5808,0.9893
29,v1,v6,40.0,110.04,20.0,1.0,0.5502,0.4,3.5182,False,fuzzy_logic_fixed_snr,3.506,0.9814
29,v1,v5,40.0,180.0,10.0,1.0,0.9,0.2,1.5074,True,fuzzy_logic_fixed_snr,2.2725,0.7736
29,v2,v1,20.0,100.04,10.0,0.6,0.5002,0.2,-14.4114,True,fuzzy_logic_fixed_snr,0.6477,0.1732
29,v3,v4,20.0,100.04,10.0,0.6,0.5002,0.2,-14.4114,True,fuzzy_logic_fixed_snr,0.6449,0.1527
29,v3,v8,20.0,150.03,20.0,0.6,0.7501,0.4,-18.6358,True,fuzzy_logic_fixed_snr,0.4923,0.1295
29,v3,v11,20.0,160.0,10.0,0.6,0.8,0.2,-17.6742,True,fuzzy_logic_fixed_snr,0.5392,0.148
29,v4,v8,40.0,50.0,30.0,1.0,0.25,0.6,8.0,False,fuzzy_logic_fixed_snr,7.9719,0.9932
29,v4,v11,40.0,60.07,0.0,1.0,0.3004,0.0,11.5409,False,fuzzy_logic_fixed_snr,11.5339,0.9951
29,v4,v3,40.0,100.04,10.0,1.0,0.5002,0.2,5.5886,False,fuzzy_logic_fixed_snr,5.5621,0.9941
29,v4,v7,40.0,120.04,20.0,1.0,0.6002,0.4,2.914,False,fuzzy_logic_fixed_snr,2.8783,0.9828
29,v4,v12,40.0,140.0,20.0,1.0,0.7,0.4,1.845,True,fuzzy_logic_fixed_snr,2.3239,0.7949
30,v1,v6,40.0,90.05,10.0,1.0,0.4502,0.2,6.32,False,fuzzy_logic_fixed_snr,6.2829,0.9893
30,v1,v2,40.0,110.04,10.0,1.0,0.5502,0.2,4.9269,False,fuzzy_logic_fixed_snr,4.889,0.9854
30,v1,v5,40.0,170.0,10.0,1.0,0.85,0.2,1.9046,True,fuzzy_logic_fixed_snr,2.3343,0.8098
30,v2,v1,20.0,110.04,10.0,0.6,0.5502,0.2,-15.0731,True,fuzzy_logic_fixed_snr,0.6044,0.1258
30,v2,v6,20.0,200.0,0.0,0.6,1.0,0.0,-16.8165,True,fuzzy_logic_fixed_snr,0.5666,0.151
30,v3,v4,20.0,90.05,20.0,0.6,0.4502,0.4,-15.0887,True,fuzzy_logic_fixed_snr,0.6278,0.1719
30,v3,v11,20.0,150.0,20.0,0.6,0.75,0.4,-18.6344,True,fuzzy_logic_fixed_snr,0.5097,0.1303
30,v3,v8,20.0,170.03,10.0,0.6,0.8501,0.2,-18.0965,True,fuzzy_logic_fixed_snr,0.5029,0.1553
30,v4,v11,40.0,60.07,0.0,1.0,0.3004,0.0,11.5409,False,fuzzy_logic_fixed_snr,11.5172,0.9932
30,v4,v8,40.0,80.0,30.0,1.0,0.4,0.6,4.7341,False,fuzzy_logic_fixed_snr,4.7115,0.9887
30,v4,v3,40.0,90.05,20.0,1.0,0.4502,0.4,4.9113,False,fuzzy_logic_fixed_snr,4.879,0.9848
30,v4,v7,40.0,140.03,40.0,1.0,0.7002,0.8,0.0686,True,fuzzy_logic_fixed_snr,2.0833,0.6934
30,v4,v12,40.0,160.0,0.0,1.0,0.8,0.0,4.7341,True,fuzzy_logic_fixed_snr,2.6103,0.8961
31,v1,v2,40.0,100.04,0.0,1.0,0.5002,0.0,7.9969,False,fuzzy_logic_fixed_snr,7.9635,0.9936
31,v1,v6,40.0,100.04,20.0,1.0,0.5002,0.4,4.1799,False,fuzzy_logic_fixed_snr,4.1603,0.9873
31,v1,v5,40.0,180.0,20.0,1.0,0.9,0.4,0.0987,True,fuzzy_logic_fixed_snr,2.101,0.7305
31,v2,v1,20.0,100.04,0.0,0.6,0.5002,0.0,-12.0031,True,fuzzy_logic_fixed_snr,0.7542,0.1828
31,v2,v6,20.0,200.0,20.0,0.6,1.0,0.4,-20.6334,True,fuzzy_logic_fixed_snr,0.4576,0.1219
31,v3,v4,20.0,110.04,10.0,0.6,0.5502,0.2,-15.0731,True,fuzzy_logic_fixed_snr,0.6232,0.1592
31,v3,v8,20.0,160.03,10.0,0.6,0.8001,0.2,-17.6754,True,fuzzy_logic_fixed_snr,0.5326,0.1297
31,v3,v11,20.0,170.0,30.0,0.6,0.85,0.6,-20.5037,True,fuzzy_logic_fixed_snr,0.4718,0.1326
31,v4,v8,40.0,50.0,0.0,1.0,0.25,0.0,12.8165,False,fuzzy_logic_fixed_snr,12.7975,0.9932
31,v4,v11,40.0,60.07,40.0,1.0,0.3004,0.8,5.9491,True,fuzzy_logic_fixed_snr,2.6952,0.9195
31,v4,v7,40.0,100.04,10.0,1.0,0.5002,0.2,5.5886,False,fuzzy_logic_fixed_snr,5.5575,0.9912
31,v4,v3,40.0,110.04,10.0,1.0,0.5502,0.2,4.9269,False,fuzzy_logic_fixed_snr,4.8997,0.9838
31,v4,v12,40.0,160.0,10.0,1.0,0.8,0.2,2.3258,True,fuzzy_logic_fixed_snr,2.3927,0.8229
32,v1,v2,40.0,100.04,20.0,1.0,0.5002,0.4,4.1799,False,fuzzy_logic_fixed_snr,4.1685,0.9863
32,v1,v6,40.0,120.04,20.0,1.0,0.6002,0.4,2.914,False,fuzzy_logic_fixed_snr,2.8814,0.977
32,v1,v5,40.0,160.0,0.0,1.0,0.8,0.0,4.7341,True,fuzzy_logic_fixed_snr,2.618,0.8838
32,v2,v1,20.0,100.04,20.0,0.6,0.5002,0.4,-15.8201,True,fuzzy_logic_fixed_snr,0.5888,0.1535
32,v3,v4,20.0,100.04,20.0,0.6,0.5002,0.4,-15.8201,True,fuzzy_logic_fixed_snr,0.5713,0.1334
32,v3,v8,20.0,150.03,20.0,0.6,0.7501,0.4,-18.6358,True,fuzzy_logic_fixed_snr,0.5013,0.1453
32,v3,v11,20.0,200.0,40.0,0.6,1.0,0.8,-22.4082,True,fuzzy_logic_fixed_snr,0.444,0.1273
32,v4,v8,40.0,50.0,0.0,1.0,0.25,0.0,12.8165,False,fuzzy_logic_fixed_snr,12.7829,0.9961
32,v4,v3,40.0,100.04,20.0,1.0,0.5002,0.4,4.1799,False,fuzzy_logic_fixed_snr,4.1519,0.9838
32,v4,v11,40.0,100.04,20.0,1.0,0.5002,0.4,4.1799,False,fuzzy_logic_fixed_snr,4.162,0.9857
32,v4,v7,40.0,110.04,10.0,1.0,0.5502,0.2,4.9269,False,fuzzy_logic_fixed_snr,4.9012,0.9854
32,v4,v12,40.0,170.0,10.0,1.0,0.85,0.2,1.9046,True,fuzzy_logic_fixed_snr,2.3141,0.7779
33,v1,v2,40.0,80.06,40.0,1.0,0.4003,0.8,3.9539,True,fuzzy_logic_fixed_snr,2.5467,0.882
33,v1,v6,40.0,140.03,10.0,1.0,0.7002,0.2,3.2521,False,fuzzy_logic_fixed_snr,3.2187,0.9805
33,v1,v5,40.0,160.0,30.0,1.0,0.8,0.6,-0.0824,True,fuzzy_logic_fixed_snr,2.0717,0.7037
33,v2,v1,20.0,80.06,40.0,0.6,0.4003,0.8,-16.0461,True,fuzzy_logic_fixed_snr,0.5663,0.1369
33,v3,v4,20.0,80.06,0.0,0.6,0.4003,0.0,-10.4543,True,fuzzy_logic_fixed_snr,0.841,0.2064
33,v3,v8,20.0,130.03,20.0,0.6,0.6502,0.4,-17.6419,True,fuzzy_logic_fixed_snr,0.5317,0.134
33,v3,v11,20.0,160.0,10.0,0.6,0.8,0.2,-17.6742,True,fuzzy_logic_fixed_snr,0.532,0.1463
33,v3,v7,20.0,180.0,20.0,0.6,0.9,0.4,-19.9013,True,fuzzy_logic_fixed_snr,0.4817,0.1316
33,v4,v8,40.0,50.0,20.0,1.0,0.25,0.4,8.9995,False,fuzzy_logic_fixed_snr,8.9775,0.9941
33,v4,v3,40.0,80.06,0.0,1.0,0.4003,0.0,9.5457,False,fuzzy_logic_fixed_snr,9.5238,0.9912
33,v4,v11,40.0,80.06,10.0,1.0,0.4003,0.2,7.1374,False,fuzzy_logic_fixed_snr,7.1179,0.9902
33,v4,v7,40.0,100.04,20.0,1.0,0.5002,0.4,4.1799,False,fuzzy_logic_fixed_snr,4.1516,0.9854
33,v4,v12,40.0,180.0,10.0,1.0,0.9,0.2,1.5074,True,fuzzy_logic_fixed_snr,2.2824,0.7998
34,v1,v2,40.0,40.11,20.0,1.0,0.2006,0.4,10.5306,False,fuzzy_logic_fixed_snr,10.5115,0.9961
34,v1,v6,40.0,150.03,10.0,1.0,0.7501,0.2,2.7729,False,fuzzy_logic_fixed_snr,2.7489,0.9812
34,v1,v5,40.0,190.0,10.0,1.0,0.95,0.2,1.1317,True,fuzzy_logic_fixed_snr,2.2305,0.7662
34,v2,v1,20.0,40.11,20.0,0.6,0.2006,0.4,-9.4694,True,fuzzy_logic_fixed_snr,0.941,0.2314
34,v2,v6,20.0,190.0,10.0,0.6,0.95,0.2,-18.8683,True,fuzzy_logic_fixed_snr,0.5126,0.1191
34,v3,v4,20.0,80.06,10.0,0.6,0.4003,0.2,-12.8626,True,fuzzy_logic_fixed_snr,0.7172,0.1896
34,v3,v8,20.0,110.04,10.0,0.6,0.5502,0.2,-15.0731,True,fuzzy_logic_fixed_snr,0.6168,0.1539
34,v3,v11,20.0,150.0,20.0,0.6,0.75,0.4,-18.6344,True,fuzzy_logic_fixed_snr,0.4829,0.1344
34,v3,v7,20.0,160.0,0.0,0.6,0.8,0.0,-15.2659,True,fuzzy_logic_fixed_snr,0.6184,0.1494
34,v4,v8,40.0,30.0,20.0,1.0,0.15,0.4,12.5491,False,fuzzy_logic_fixed_snr,12.5308,0.9941
34,v4,v11,40.0,70.06,10.0,1.0,0.3503,0.2,8.0638,False,fuzzy_logic_fixed_snr,8.037,0.9912
34,v4,v3,40.0,80.06,10.0,1.0,0.4003,0.2,7.1374,False,fuzzy_logic_fixed_snr,7.1155,0.9893
34,v4,v7,40.0,80.06,10.0,1.0,0.4003,0.2,7.1374,False,fuzzy_logic_fixed_snr,7.1175,0.9906
34,v4,v12,40.0,170.0,20.0,1.0,0.85,0.4,0.4958,True,fuzzy_logic_fixed_snr,2.1489,0.7262
35,v1,v2,40.0,20.22,0.0,1.0,0.1011,0.0,19.1062,False,fuzzy_logic_fixed_snr,19.0929,0.998
35,v1,v6,40.0,160.03,0.0,1.0,0.8001,0.0,4.7329,True,fuzzy_logic_fixed_snr,2.6134,0.8924
35,v1,v5,40.0,200.0,20.0,1.0,1.0,0.4,-0.6334,True,fuzzy_logic_fixed_snr,1.9946,0.6533
35,v2,v1,20.0,20.22,0.0,0.6,0.1011,0.0,-0.8938,False,fuzzy_logic_fixed_snr,-0.9196,0.9539
35,v2,v6,20.0,180.0,0.0,0.6,0.9,0.0,-16.0844,True,fuzzy_logic_fixed_snr,0.5684,0.1518
35,v3,v4,20.0,70.06,0.0,0.6,0.3503,0.0,-9.5279,True,fuzzy_logic_fixed_snr,0.9117,0.2068
35,v3,v8,20.0,120.04,40.0,0.6,0.6002,0.8,-18.8608,True,fuzzy_logic_fixed_snr,0.4904,0.142
35,v3,v11,20.0,130.0,40.0,0.6,0.65,0.8,-19.4149,True,fuzzy_logic_fixed_snr,0.4796,0.1119
35,v3,v7,20.0,160.0,10.0,0.6,0.8,0.2,-17.6742,True,fuzzy_logic_fixed_snr,0.5401,0.1445
35,v4,v8,40.0,50.0,40.0,1.0,0.25,0.8,7.2247,True,fuzzy_logic_fixed_snr,2.7645,0.9227
35,v4,v11,40.0,60.07,40.0,1.0,0.3004,0.8,5.9491,True,fuzzy_logic_fixed_snr,2.7032,0.9143
35,v4,v3,40.0,70.06,0.0,1.0,0.3503,0.0,10.4721,False,fuzzy_logic_fixed_snr,10.4437,0.9951
35,v4,v7,40.0,90.05,10.0,1.0,0.4502,0.2,6.32,False,fuzzy_logic_fixed_snr,6.3053,0.9873
35,v4,v12,40.0,150.0,10.0,1.0,0.75,0.2,2.7743,False,fuzzy_logic_fixed_snr,2.7558,0.9785
36,v1,v2,40.0,20.22,10.0,1.0,0.1011,0.2,16.698,False,fuzzy_logic_fixed_snr,16.677,0.9971
36,v1,v6,40.0,160.03,0.0,1.0,0.8001,0.0,4.7329,True,fuzzy_logic_fixed_snr,2.6161,0.8848
36,v1,v5,40.0,180.0,10.0,1.0,0.9,0.2,1.5074,True,fuzzy_logic_fixed_snr,2.282,0.7758
36,v2,v1,20.0,20.22,10.0,0.6,0.1011,0.2,-3.302,False,fuzzy_logic_fixed_snr,-3.3299,0.9088
36,v2,v6,20.0,180.0,10.0,0.6,0.9,0.2,-18.4926,True,fuzzy_logic_fixed_snr,0.5081,0.116
36,v3,v4,20.0,70.06,10.0,0.6,0.3503,0.2,-11.9362,True,fuzzy_logic_fixed_snr,0.764,0.1967
36,v3,v8,20.0,80.06,10.0,0.6,0.4003,0.2,-12.8626,True,fuzzy_logic_fixed_snr,0.7216,0.175
36,v3,v11,20.0,90.0,30.0,0.6,0.45,0.6,-16.0844,True,fuzzy_logic_fixed_snr,0.5759,0.1381
36,v3,v7,20.0,150.0,30.0,0.6,0.75,0.6,-19.6339,True,fuzzy_logic_fixed_snr,0.4865,0.1418
36,v4,v8,40.0,10.0,0.0,1.0,0.05,0.0,24.0,False,fuzzy_logic_fixed_snr,23.9759,1.0
36,v4,v11,40.0,20.22,20.0,1.0,0.1011,0.4,15.2892,False,fuzzy_logic_fixed_snr,15.2761,0.9961
36,v4,v3,40.0,70.06,10.0,1.0,0.3503,0.2,8.0638,False,fuzzy_logic_fixed_snr,8.0266,0.9912
36,v4,v7,40.0,80.06,20.0,1.0,0.4003,0.4,5.7287,False,fuzzy_logic_fixed_snr,5.7021,0.9857
36,v4,v12,40.0,140.0,10.0,1.0,0.7,0.2,3.2537,False,fuzzy_logic_fixed_snr,3.229,0.9814
37,v1,v2,40.0,30.15,0.0,1.0,0.1507,0.0,16.3315,False,fuzzy_logic_fixed_snr,16.2994,0.9961
37,v1,v6,40.0,160.03,10.0,1.0,0.8001,0.2,2.3246,True,fuzzy_logic_fixed_snr,2.3769,0.8148
37,v1,v5,40.0,170.0,20.0,1.0,0.85,0.4,0.4958,True,fuzzy_logic_fixed_snr,2.1548,0.7242
37,v2,v1,20.0,30.15,0.0,0.6,0.1507,0.0,-3.6685,False,fuzzy_logic_fixed_snr,-3.6978,0.9158
37,v2,v6,20.0,190.0,10.0,0.6,0.95,0.2,-18.8683,True,fuzzy_logic_fixed_snr,0.5009,0.1275
37,v3,v4,20.0,80.06,20.0,0.6,0.4003,0.4,-14.2713,True,fuzzy_logic_fixed_snr,0.643,0.1717
37,v3,v8,20.0,90.05,10.0,0.6,0.4502,0.2,-13.68,True,fuzzy_logic_fixed_snr,0.6643,0.1584
37,v3,v11,20.0,120.0,10.0,0.6,0.6,0.2,-15.6751,True,fuzzy_logic_fixed_snr,0.5819,0.1332
37,v3,v7,20.0,180.0,10.0,0.6,0.9,0.2,-18.4926,True,fuzzy_logic_fixed_snr,0.5073,0.1414
37,v4,v8,40.0,10.0,30.0,1.0,0.05,0.6,19.1835,False,fuzzy_logic_fixed_snr,19.1609,0.998
37,v4,v11,40.0,40.11,30.0,1.0,0.2006,0.6,9.5311,False,fuzzy_logic_fixed_snr,9.5086,0.9961
37,v4,v3,40.0,80.06,20.0,1.0,0.4003,0.4,5.7287,False,fuzzy_logic_fixed_snr,5.6973,0.9861
37,v4,v7,40.0,100.04,30.0,1.0,0.5002,0.6,3.1804,True,fuzzy_logic_fixed_snr,2.468,0.8467
37,v4,v12,40.0,150.0,40.0,1.0,0.75,0.8,-0.4092,True,fuzzy_logic_fixed_snr,1.9974,0.6686
38,v1,v2,40.0,30.15,0.0,1.0,0.1507,0.0,16.3315,False,fuzzy_logic_fixed_snr,16.3056,0.9971
38,v1,v6,40.0,170.03,0.0,1.0,0.8501,0.0,4.3117,True,fuzzy_logic_fixed_snr,2.5791,0.8904
38,v1,v5,40.0,190.0,10.0,1.0,0.95,0.2,1.1317,True,fuzzy_logic_fixed_snr,2.2263,0.7682
38,v2,v1,20.0,30.15,0.0,0.6,0.1507,0.0,-3.6685,False,fuzzy_logic_fixed_snr,-3.6971,0.9109
38,v2,v6,20.0,200.0,0.0,0.6,1.0,0.0,-16.8165,True,fuzzy_logic_fixed_snr,0.5508,0.1287
38,v3,v4,20.0,60.07,40.0,0.6,0.3004,0.8,-14.0509,True,fuzzy_logic_fixed_snr,0.6529,0.1604
38,v3,v8,20.0,100.04,40.0,0.6,0.5002,0.8,-17.5949,True,fuzzy_logic_fixed_snr,0.5321,0.1336
38,v3,v11,20.0,130.0,10.0,0.6,0.65,0.2,-16.2313,True,fuzzy_logic_fixed_snr,0.5716,0.1441
38,v3,v7,20.0,190.0,10.0,0.6,0.95,0.2,-18.8683,True,fuzzy_logic_fixed_snr,0.51,0.117
38,v4,v8,40.0,40.0,0.0,1.0,0.2,0.0,14.367,False,fuzzy_logic_fixed_snr,14.3315,0.9951
38,v4,v3,40.0,60.07,40.0,1.0,0.3004,0.8,5.9491,True,fuzzy_logic_fixed_snr,2.7026,0.9043
38,v4,v11,40.0,70.06,30.0,1.0,0.3503,0.6,5.6556,False,fuzzy_logic_fixed_snr,5.6357,0.9893
38,v4,v7,40.0,130.03,30.0,1.0,0.6502,0.6,1.3586,True,fuzzy_logic_fixed_snr,2.2655,0.7871
38,v4,v12,40.0,190.0,30.0,1.0,0.95,0.6,-1.2765,True,fuzzy_logic_fixed_snr,1.8895,0.6137
39,v1,v2,40.0,30.15,30.0,1.0,0.1507,0.6,11.515,False,fuzzy_logic_fixed_snr,11.4999,0.9926
39,v1,v6,40.0,170.03,20.0,1.0,0.8501,0.4,0.4948,True,fuzzy_logic_fixed_snr,2.163,0.7322
39,v1,v5,40.0,180.0,0.0,1.0,0.9,0.0,3.9156,True,fuzzy_logic_fixed_snr,2.5463,0.8602
39,v2,v1,20.0,30.15,30.0,0.6,0.1507,0.6,-8.485,True,fuzzy_logic_fixed_snr,0.9958,0.2682
39,v2,v6,20.0,200.0,10.0,0.6,1.0,0.2,-19.2247,True,fuzzy_logic_fixed_snr,0.4859,0.1424
39,v3,v4,20.0,100.04,10.0,0.6,0.5002,0.2,-14.4114,True,fuzzy_logic_fixed_snr,0.6388,0.141
39,v3,v11,20.0,140.0,30.0,0.6,0.7,0.6,-19.1545,True,fuzzy_logic_fixed_snr,0.5047,0.1285
39,v3,v8,20.0,140.03,20.0,0.6,0.7002,0.4,-18.1566,True,fuzzy_logic_fixed_snr,0.5165,0.1293
39,v3,v7,20.0,200.0,0.0,0.6,1.0,0.0,-16.8165,True,fuzzy_logic_fixed_snr,0.5617,0.1334
39,v4,v8,40.0,40.0,10.0,1.0,0.2,0.2,11.9588,False,fuzzy_logic_fixed_snr,11.9207,0.9941
39,v4,v11,40.0,40.11,20.0,1.0,0.2006,0.4,10.5306,False,fuzzy_logic_fixed_snr,10.4941,0.9912
39,v4,v3,40.0,100.04,10.0,1.0,0.5002,0.2,5.5886,False,fuzzy_logic_fixed_snr,5.5634,0.9883
39,v4,v7,40.0,100.04,10.0,1.0,0.5002,0.2,5.5886,False,fuzzy_logic_fixed_snr,5.5648,0.9941
39,v4,v12,40.0,160.0,10.0,1.0,0.8,0.2,2.3258,True,fuzzy_logic_fixed_snr,2.3852,0.8123
40,v1,v2,40.0,3.0,20.0,1.0,0.015,0.4,28.5491,False,fuzzy_logic_fixed_snr,28.5191,1.0
40,v1,v5,40.0,180.0,10.0,1.0,0.9,0.2,1.5074,True,fuzzy_logic_fixed_snr,2.2768,0.7828
40,v1,v6,40.0,190.02,30.0,1.0,0.9501,0.6,-1.2774,True,fuzzy_logic_fixed_snr,1.8956,0.6182
40,v2,v1,20.0,3.0,20.0,0.6,0.015,0.4,8.5491,True,fuzzy_logic_fixed_snr,2.8215,0.9422
40,v2,v5,20.0,180.02,10.0,0.6,0.9001,0.2,-18.4936,True,fuzzy_logic_fixed_snr,0.4923,0.1326
40,v2,v6,20.0,190.0,10.0,0.6,0.95,0.2,-18.8683,True,fuzzy_logic_fixed_snr,0.479,0.1307
40,v3,v4,20.0,110.04,10.0,0.6,0.5502,0.2,-15.0731,True,fuzzy_logic_fixed_snr,0.5973,0.1561
40,v3,v8,20.0,160.03,10.0,0.6,0.8001,0.2,-17.6754,True,fuzzy_logic_fixed_snr,0.5352,0.133
40,v3,v11,20.0,170.0,0.0,0.6,0.85,0.0,-15.6872,True,fuzzy_logic_fixed_snr,0.5962,0.1377
40,v3,v7,20.0,200.0,10.0,0.6,1.0,0.2,-19.2247,True,fuzzy_logic_fixed_snr,0.486,0.1236
40,v4,v8,40.0,50.0,0.0,1.0,0.25,0.0,12.8165,False,fuzzy_logic_fixed_snr,12.7789,0.9932
40,v4,v11,40.0,60.07,10.0,1.0,0.3004,0.2,9.1327,False,fuzzy_logic_fixed_snr,9.1141,0.9951
40,v4,v7,40.0,90.05,0.0,1.0,0.4502,0.0,8.7283,False,fuzzy_logic_fixed_snr,8.7093,0.9941
40,v4,v3,40.0,110.04,10.0,1.0,0.5502,0.2,4.9269,False,fuzzy_logic_fixed_snr,4.8945,0.9922
40,v4,v12,40.0,150.0,0.0,1.0,0.75,0.0,5.1825,False,fuzzy_logic_fixed_snr,5.1502,0.9863
41,v1,v2,40.0,20.22,0.0,1.0,0.1011,0.0,19.1062,False,fuzzy_logic_fixed_snr,19.0833,0.9961
41,v1,v6,40.0,160.03,40.0,1.0,0.8001,0.8,-0.8589,True,fuzzy_logic_fixed_snr,1.9466,0.6297
41,v1,v5,40.0,170.0,0.0,1.0,0.85,0.0,4.3128,True,fuzzy_logic_fixed_snr,2.5875,0.8822
41,v2,v1,20.0,20.22,0.0,0.6,0.1011,0.0,-0.8938,False,fuzzy_logic_fixed_snr,-0.9121,0.9549
41,v2,v6,20.0,180.0,40.0,0.6,0.9,0.8,-21.6761,True,fuzzy_logic_fixed_snr,0.446,0.1129
41,v2,v5,20.0,190.02,0.0,0.6,0.9501,0.0,-16.4609,True,fuzzy_logic_fixed_snr,0.5727,0.1469
41,v3,v4,20.0,120.04,0.0,0.6,0.6002,0.0,-13.2691,True,fuzzy_logic_fixed_snr,0.699,0.1441
41,v3,v11,20.0,170.0,10.0,0.6,0.85,0.2,-18.0954,True,fuzzy_logic_fixed_snr,0.5278,0.1521
41,v3,v8,20.0,170.03,0.0,0.6,0.8501,0.0,-15.6883,True,fuzzy_logic_fixed_snr,0.6179,0.1598
41,v4,v8,40.0,50.0,0.0,1.0,0.25,0.0,12.8165,False,fuzzy_logic_fixed_snr,12.7899,0.9961
41,v4,v11,40.0,50.09,10.0,1.0,0.2504,0.2,10.3958,False,fuzzy_logic_fixed_snr,10.3528,0.9922
41,v4,v7,40.0,90.05,0.0,1.0,0.4502,0.0,8.7283,False,fuzzy_logic_fixed_snr,8.6969,0.9867
41,v4,v3,40.0,120.04,0.0,1.0,0.6002,0.0,6.7309,False,fuzzy_logic_fixed_snr,6.6978,0.9896
41,v4,v12,40.0,150.0,30.0,1.0,0.75,0.6,0.3661,True,fuzzy_logic_fixed_snr,2.1174,0.7174
42,v1,v2,40.0,20.22,10.0,1.0,0.1011,0.2,16.698,False,fuzzy_logic_fixed_snr,16.6688,0.9961
42,v1,v6,40.0,120.04,10.0,1.0,0.6002,0.2,4.3227,False,fuzzy_logic_fixed_snr,4.3059,0.9844
42,v1,v5,40.0,170.0,10.0,1.0,0.85,0.2,1.9046,True,fuzzy_logic_fixed_snr,2.3144,0.7941
42,v2,v1,20.0,20.22,10.0,0.6,0.1011,0.2,-3.302,False,fuzzy_logic_fixed_snr,-3.3314,0.9443
42,v2,v6,20.0,140.0,0.0,0.6,0.7,0.0,-14.338,True,fuzzy_logic_fixed_snr,0.6525,0.1449
42,v2,v5,20.0,190.02,20.0,0.6,0.9501,0.4,-20.2779,True,fuzzy_logic_fixed_snr,0.4897,0.1422
42,v3,v4,20.0,120.04,40.0,0.6,0.6002,0.8,-18.8608,True,fuzzy_logic_fixed_snr,0.5001,0.1342
42,v3,v8,20.0,170.03,30.0,0.6,0.8501,0.6,-20.5047,True,fuzzy_logic_fixed_snr,0.4764,0.1314
42,v3,v11,20.0,180.0,0.0,0.6,0.9,0.0,-16.0844,True,fuzzy_logic_fixed_snr,0.584,0.165
42,v4,v8,40.0,50.0,10.0,1.0,0.25,0.2,10.4082,False,fuzzy_logic_fixed_snr,10.3949,0.9941
42,v4,v11,40.0,60.07,40.0,1.0,0.3004,0.8,5.9491,True,fuzzy_logic_fixed_snr,2.7039,0.9062
42,v4,v7,40.0,90.05,0.0,1.0,0.4502,0.0,8.7283,False,fuzzy_logic_fixed_snr,8.7099,0.9922
42,v4,v12,40.0,120.0,0.0,1.0,0.6,0.0,6.7331,False,fuzzy_logic_fixed_snr,6.7133,0.9922
42,v4,v3,40.0,120.04,40.0,1.0,0.6002,0.8,1.1392,True,fuzzy_logic_fixed_snr,2.2436,0.7857
43,v1,v2,40.0,30.15,10.0,1.0,0.1507,0.2,13.9232,False,fuzzy_logic_fixed_snr,13.9042,0.9975
43,v1,v6,40.0,110.04,20.0,1.0,0.5502,0.4,3.5182,False,fuzzy_logic_fixed_snr,3.4881,0.9883
43,v1,v5,40.0,180.0,0.0,1.0,0.9,0.0,3.9156,True,fuzzy_logic_fixed_snr,2.5465,0.8789
43,v2,v1,20.0,30.15,10.0,0.6,0.1507,0.2,-6.0768,False,fuzzy_logic_fixed_snr,-6.1127,0.8369
43,v2,v6,20.0,140.0,10.0,0.6,0.7,0.2,-16.7463,True,fuzzy_logic_fixed_snr,0.5759,0.1535
43,v3,v4,20.0,80.06,20.0,0.6,0.4003,0.4,-14.2713,True,fuzzy_logic_fixed_snr,0.6524,0.1453
43,v3,v8,20.0,140.03,10.0,0.6,0.7002,0.2,-16.7479,True,fuzzy_logic_fixed_snr,0.5638,0.1641
43,v3,v7,20.0,170.0,20.0,0.6,0.85,0.4,-19.5042,True,fuzzy_logic_fixed_snr,0.4887,0.1295
43,v3,v11,20.0,180.0,10.0,0.6,0.9,0.2,-18.4926,True,fuzzy_logic_fixed_snr,0.5054,0.1439
43,v4,v8,40.0,60.0,30.0,1.0,0.3,0.6,6.7331,False,fuzzy_logic_fixed_snr,6.7071,0.9887
43,v4,v3,40.0,80.06,20.0,1.0,0.4003,0.4,5.7287,False,fuzzy_logic_fixed_snr,5.7024,0.9883
43,v4,v7,40.0,90.05,0.0,1.0,0.4502,0.0,8.7283,False,fuzzy_logic_fixed_snr,8.7103,0.9893
43,v4,v11,40.0,100.04,30.0,1.0,0.5002,0.6,3.1804,True,fuzzy_logic_fixed_snr,2.4809,0.8586
43,v4,v12,40.0,120.0,20.0,1.0,0.6,0.4,2.9161,False,fuzzy_logic_fixed_snr,2.8831,0.9814
44,v1,v2,40.0,20.22,0.0,1.0,0.1011,0.0,19.1062,False,fuzzy_logic_fixed_snr,19.0806,0.998
44,v1,v6,40.0,130.03,10.0,1.0,0.6502,0.2,3.7668,False,fuzzy_logic_fixed_snr,3.7385,0.9838
44,v1,v5,40.0,180.0,10.0,1.0,0.9,0.2,1.5074,True,fuzzy_logic_fixed_snr,2.2851,0.8008
44,v2,v1,20.0,20.22,0.0,0.6,0.1011,0.0,-0.8938,False,fuzzy_logic_fixed_snr,-0.9261,0.9701
44,v2,v6,20.0,150.0,10.0,0.6,0.75,0.2,-17.2257,True,fuzzy_logic_fixed_snr,0.5414,0.1377
44,v3,v4,20.0,100.04,10.0,0.6,0.5002,0.2,-14.4114,True,fuzzy_logic_fixed_snr,0.6224,0.1639
44,v3,v8,20.0,130.03,30.0,0.6,0.6502,0.6,-18.6414,True,fuzzy_logic_fixed_snr,0.522,0.1547
44,v3,v11,20.0,170.0,20.0,0.6,0.85,0.4,-19.5042,True,fuzzy_logic_fixed_snr,0.4925,0.1256
44,v3,v7,20.0,190.0,20.0,0.6,0.95,0.4,-20.277,True,fuzzy_logic_fixed_snr,0.4664,0.1094
44,v4,v8,40.0,30.0,40.0,1.0,0.15,0.8,10.7743,True,fuzzy_logic_fixed_snr,2.8761,0.9422
44,v4,v11,40.0,70.06,30.0,1.0,0.3503,0.6,5.6556,False,fuzzy_logic_fixed_snr,5.6358,0.9883
44,v4,v7,40.0,90.05,30.0,1.0,0.4502,0.6,3.9118,True,fuzzy_logic_fixed_snr,2.5419,0.8613
44,v4,v12,40.0,100.0,10.0,1.0,0.5,0.2,5.5918,False,fuzzy_logic_fixed_snr,5.5706,0.9873
44,v4,v3,40.0,100.04,10.0,1.0,0.5002,0.2,5.5886,False,fuzzy_logic_fixed_snr,5.5447,0.9902
45,v1,v2,40.0,20.22,20.0,1.0,0.1011,0.4,15.2892,False,fuzzy_logic_fixed_snr,15.2623,0.9941
45,v1,v6,40.0,140.03,10.0,1.0,0.7002,0.2,3.2521,False,fuzzy_logic_fixed_snr,3.2094,0.9828
45,v1,v5,40.0,190.0,10.0,1.0,0.95,0.2,1.1317,True,fuzzy_logic_fixed_snr,2.2199,0.7602
45,v2,v1,20.0,20.22,20.0,0.6,0.1011,0.4,-4.7108,True,fuzzy_logic_fixed_snr,1.4004,0.4115
45,v2,v6,20.0,160.0,10.0,0.6,0.8,0.2,-17.6742,True,fuzzy_logic_fixed_snr,0.5283,0.1365
45,v3,v4,20.0,90.05,0.0,0.6,0.4502,0.0,-11.2717,True,fuzzy_logic_fixed_snr,0.8076,0.185
45,v3,v8,20.0,160.03,0.0,0.6,0.8001,0.0,-15.2671,True,fuzzy_logic_fixed_snr,0.5948,0.1518
45,v3,v11,20.0,190.0,20.0,0.6,0.95,0.4,-20.277,True,fuzzy_logic_fixed_snr,0.4724,0.109
45,v4,v8,40.0,70.0,0.0,1.0,0.35,0.0,10.4784,False,fuzzy_logic_fixed_snr,10.4595,0.9951
45,v4,v3,40.0,90.05,0.0,1.0,0.4502,0.0,8.7283,False,fuzzy_logic_fixed_snr,8.6931,0.9971
45,v4,v11,40.0,100.04,20.0,1.0,0.5002,0.4,4.1799,False,fuzzy_logic_fixed_snr,4.1443,0.9893
45,v4,v12,40.0,110.0,10.0,1.0,0.55,0.2,4.9295,False,fuzzy_logic_fixed_snr,4.8923,0.9844
45,v4,v7,40.0,120.04,20.0,1.0,0.6002,0.4,2.914,False,fuzzy_logic_fixed_snr,2.8865,0.9824
46,v1,v2,40.0,3.0,30.0,1.0,0.015,0.6,27.5496,False,fuzzy_logic_fixed_snr,27.515,0.998
46,v1,v6,40.0,150.03,0.0,1.0,0.7501,0.0,5.1812,False,fuzzy_logic_fixed_snr,5.1557,0.9883
46,v1,v5,40.0,200.0,20.0,1.0,1.0,0.4,-0.6334,True,fuzzy_logic_fixed_snr,1.9943,0.6551
46,v2,v1,20.0,3.0,30.0,0.6,0.015,0.6,7.5496,True,fuzzy_logic_fixed_snr,2.7837,0.9221
46,v2,v6,20.0,150.0,30.0,0.6,0.75,0.6,-19.6339,True,fuzzy_logic_fixed_snr,0.4818,0.1195
46,v3,v4,20.0,90.05,20.0,0.6,0.4502,0.4,-15.0887,True,fuzzy_logic_fixed_snr,0.6325,0.1666
46,v3,v8,20.0,160.03,20.0,0.6,0.8001,0.4,-19.0841,True,fuzzy_logic_fixed_snr,0.5047,0.1381
46,v3,v11,20.0,170.0,30.0,0.6,0.85,0.6,-20.5037,True,fuzzy_logic_fixed_snr,0.4801,0.1223
46,v3,v7,20.0,190.0,10.0,0.6,0.95,0.2,-18.8683,True,fuzzy_logic_fixed_snr,0.4842,0.148
46,v4,v8,40.0,70.0,0.0,1.0,0.35,0.0,10.4784,False,fuzzy_logic_fixed_snr,10.4553,0.9932
46,v4,v11,40.0,80.06,10.0,1.0,0.4003,0.2,7.1374,False,fuzzy_logic_fixed_snr,7.0982,0.9887
46,v4,v3,40.0,90.05,20.0,1.0,0.4502,0.4,4.9113,False,fuzzy_logic_fixed_snr,4.9002,0.9848
46,v4,v7,40.0,100.04,10.0,1.0,0.5002,0.2,5.5886,False,fuzzy_logic_fixed_snr,5.5568,0.9793
46,v4,v12,40.0,120.0,20.0,1.0,0.6,0.4,2.9161,False,fuzzy_logic_fixed_snr,2.8865,0.9805
47,v1,v2,40.0,30.15,0.0,1.0,0.1507,0.0,16.3315,False,fuzzy_logic_fixed_snr,16.2936,0.998
47,v1,v6,40.0,150.03,0.0,1.0,0.7501,0.0,5.1812,False,fuzzy_logic_fixed_snr,5.1526,0.9867
47,v2,v1,20.0,30.15,0.0,0.6,0.1507,0.0,-3.6685,False,fuzzy_logic_fixed_snr,-3.698,0.9035
47,v2,v6,20.0,120.0,0.0,0.6,0.6,0.0,-13.2669,True,fuzzy_logic_fixed_snr,0.7008,0.1523
47,v2,v5,20.0,190.02,10.0,0.6,0.9501,0.2,-18.8692,True,fuzzy_logic_fixed_snr,0.5219,0.1404
47,v3,v4,20.0,70.06,10.0,0.6,0.3503,0.2,-11.9362,True,fuzzy_logic_fixed_snr,0.7639,0.1918
47,v3,v11,20.0,140.0,0.0,0.6,0.7,0.0,-14.338,True,fuzzy_logic_fixed_snr,0.637,0.1574
47,v3,v8,20.0,140.03,30.0,0.6,0.7002,0.6,-19.1561,True,fuzzy_logic_fixed_snr,0.5053,0.1432
47,v3,v12,20.0,170.03,20.0,0.6,0.8501,0.4,-19.5052,True,fuzzy_logic_fixed_snr,0.4709,0.1203
47,v3,v7,20.0,180.0,10.0,0.6,0.9,0.2,-18.4926,True,fuzzy_logic_fixed_snr,0.5084,0.1102
47,v4,v8,40.0,70.0,40.0,1.0,0.35,0.8,4.8867,True,fuzzy_logic_fixed_snr,2.6254,0.8918
47,v4,v3,40.0,70.06,10.0,1.0,0.3503,0.2,8.0638,False,fuzzy_logic_fixed_snr,8.0444,0.9912
47,v4,v11,40.0,70.06,10.0,1.0,0.3503,0.2,8.0638,False,fuzzy_logic_fixed_snr,8.0328,0.9951
47,v4,v12,40.0,100.0,30.0,1.0,0.5,0.6,3.1835,True,fuzzy_logic_fixed_snr,2.4652,0.8453
47,v4,v7,40.0,110.04,0.0,1.0,0.5502,0.0,7.3351,False,fuzzy_logic_fixed_snr,7.3004,0.9961
48,v1,v2,40.0,30.15,10.0,1.0,0.1507,0.2,13.9232,False,fuzzy_logic_fixed_snr,13.8882,0.9951
48,v1,v6,40.0,150.03,30.0,1.0,0.7501,0.6,0.3647,True,fuzzy_logic_fixed_snr,2.1307,0.7295
48,v2,v1,20.0,30.15,10.0,0.6,0.1507,0.2,-6.0768,False,fuzzy_logic_fixed_snr,-6.097,0.8219
48,v2,v6,20.0,120.0,20.0,0.6,0.6,0.4,-17.0839,True,fuzzy_logic_fixed_snr,0.5564,0.1529
48,v3,v4,20.0,80.06,10.0,0.6,0.4003,0.2,-12.8626,True,fuzzy_logic_fixed_snr,0.7101,0.1666
48,v3,v8,20.0,110.04,10.0,0.6,0.5502,0.2,-15.0731,True,fuzzy_logic_fixed_snr,0.6269,0.1646
48,v3,v11,20.0,140.0,30.0,0.6,0.7,0.6,-19.1545,True,fuzzy_logic_fixed_snr,0.4871,0.1381
48,v3,v12,20.0,150.03,10.0,0.6,0.7501,0.2,-17.2271,True,fuzzy_logic_fixed_snr,0.5582,0.1479
48,v3,v7,20.0,190.0,0.0,0.6,0.95,0.0,-16.4601,True,fuzzy_logic_fixed_snr,0.5805,0.1627
48,v4,v8,40.0,30.0,0.0,1.0,0.15,0.0,16.3661,False,fuzzy_logic_fixed_snr,16.336,0.9971
48,v4,v11,40.0,60.07,20.0,1.0,0.3004,0.4,7.7239,False,fuzzy_logic_fixed_snr,7.7025,0.9932
48,v4,v12,40.0,70.0,0.0,1.0,0.35,0.0,10.4784,False,fuzzy_logic_fixed_snr,10.45,0.9955
48,v4,v3,40.0,80.06,10.0,1.0,0.4003,0.2,7.1374,False,fuzzy_logic_fixed_snr,7.1163,0.9902
48,v4,v7,40.0,110.04,10.0,1.0,0.5502,0.2,4.9269,False,fuzzy_logic_fixed_snr,4.9063,0.9814
49,v1,v2,40.0,20.22,10.0,1.0,0.1011,0.2,16.698,False,fuzzy_logic_fixed_snr,16.6845,0.9951
49,v1,v6,40.0,120.04,0.0,1.0,0.6002,0.0,6.7309,False,fuzzy_logic_fixed_snr,6.7021,0.9896
49,v2,v1,20.0,20.22,10.0,0.6,0.1011,0.2,-3.302,False,fuzzy_logic_fixed_snr,-3.3404,0.9156
49,v2,v6,20.0,100.0,10.0,0.6,0.5,0.2,-14.4082,True,fuzzy_logic_fixed_snr,0.6388,0.157
49,v3,v4,20.0,70.06,10.0,0.6,0.3503,0.2,-11.9362,True,fuzzy_logic_fixed_snr,0.7494,0.1822
49,v3,v8,20.0,100.04,10.0,0.6,0.5002,0.2,-14.4114,True,fuzzy_logic_fixed_snr,0.6475,0.1717
49,v3,v11,20.0,110.0,10.0,0.6,0.55,0.2,-15.0705,True,fuzzy_logic_fixed_snr,0.6036,0.168
49,v3,v12,20.0,140.03,30.0,0.6,0.7002,0.6,-19.1561,True,fuzzy_logic_fixed_snr,0.4849,0.1244
49,v3,v7,20.0,190.0,10.0,0.6,0.95,0.2,-18.8683,True,fuzzy_logic_fixed_snr,0.4942,0.1508
49,v4,v8,40.0,30.0,0.0,1.0,0.15,0.0,16.3661,False,fuzzy_logic_fixed_snr,16.3491,0.999
49,v4,v11,40.0,40.11,0.0,1.0,0.2006,0.0,14.3476,False,fuzzy_logic_fixed_snr,14.3104,0.9951
49,v4,v12,40.0,70.0,40.0,1.0,0.35,0.8,4.8867,True,fuzzy_logic_fixed_snr,2.6264,0.8791
49,v4,v3,40.0,70.06,10.0,1.0,0.3503,0.2,8.0638,False,fuzzy_logic_fixed_snr,8.0324,0.9906
49,v4,v7,40.0,120.04,0.0,1.0,0.6002,0.0,6.7309,False,fuzzy_logic_fixed_snr,6.7022,0.9822
50,v1,v2,40.0,30.15,10.0,1.0,0.1507,0.2,13.9232,False,fuzzy_logic_fixed_snr,13.9112,0.9961
50,v1,v6,40.0,120.04,30.0,1.0,0.6002,0.6,1.9144,True,fuzzy_logic_fixed_snr,2.3358,0.8158
50,v2,v1,20.0,30.15,10.0,0.6,0.1507,0.2,-6.0768,False,fuzzy_logic_fixed_snr,-6.11,0.8021
50,v2,v6,20.0,90.0,20.0,0.6,0.45,0.4,-15.0849,True,fuzzy_logic_fixed_snr,0.6104,0.1428
50,v3,v4,20.0,80.06,0.0,0.6,0.4003,0.0,-10.4543,True,fuzzy_logic_fixed_snr,0.8728,0.2166
50,v3,v8,20.0,110.04,10.0,0.6,0.5502,0.2,-15.0731,True,fuzzy_logic_fixed_snr,0.6129,0.1521
50,v3,v12,20.0,110.04,0.0,0.6,0.5502,0.0,-12.6649,True,fuzzy_logic_fixed_snr,0.7158,0.1742
50,v3,v11,20.0,120.0,20.0,0.6,0.6,0.4,-17.0839,True,fuzzy_logic_fixed_snr,0.5446,0.1387
50,v3,v7,20.0,200.0,0.0,0.6,1.0,0.0,-16.8165,True,fuzzy_logic_fixed_snr,0.5507,0.1398
50,v4,v8,40.0,30.0,10.0,1.0,0.15,0.2,13.9578,False,fuzzy_logic_fixed_snr,13.9417,0.9961
50,v4,v12,40.0,30.0,0.0,1.0,0.15,0.0,16.3661,False,fuzzy_logic_fixed_snr,16.3454,0.998
50,v4,v11,40.0,40.11,20.0,1.0,0.2006,0.4,10.5306,False,fuzzy_logic_fixed_snr,10.4932,0.9906
50,v4,v3,40.0,80.06,0.0,1.0,0.4003,0.0,9.5457,False,fuzzy_logic_fixed_snr,9.518,0.9893
50,v4,v7,40.0,120.04,0.0,1.0,0.6002,0.0,6.7309,False,fuzzy_logic_fixed_snr,6.7018,0.9922
51,v1,v2,40.0,40.11,10.0,1.0,0.2006,0.2,11.9393,False,fuzzy_logic_fixed_snr,11.9299,0.9961
51,v1,v6,40.0,150.03,0.0,1.0,0.7501,0.0,5.1812,False,fuzzy_logic_fixed_snr,5.1471,0.9887
51,v2,v1,20.0,40.11,10.0,0.6,0.2006,0.2,-8.0607,False,fuzzy_logic_fixed_snr,-8.0921,0.7105
51,v2,v6,20.0,110.0,10.0,0.6,0.55,0.2,-15.0705,True,fuzzy_logic_fixed_snr,0.6207,0.1531
51,v3,v4,20.0,80.06,10.0,0.6,0.4003,0.2,-12.8626,True,fuzzy_logic_fixed_snr,0.7149,0.183
51,v3,v12,20.0,110.04,30.0,0.6,0.5502,0.6,-17.4813,True,fuzzy_logic_fixed_snr,0.5375,0.1455
51,v3,v8,20.0,120.04,0.0,0.6,0.6002,0.0,-13.2691,True,fuzzy_logic_fixed_snr,0.6973,0.1779
51,v3,v11,20.0,140.0,30.0,0.6,0.7,0.6,-19.1545,True,fuzzy_logic_fixed_snr,0.4983,0.1365
51,v3,v7,20.0,200.0,40.0,0.6,1.0,0.8,-22.4082,True,fuzzy_logic_fixed_snr,0.4319,0.1428
51,v4,v12,40.0,30.0,20.0,1.0,0.15,0.4,12.5491,False,fuzzy_logic_fixed_snr,12.5197,0.9945
51,v4,v8,40.0,40.0,10.0,1.0,0.2,0.2,11.9588,False,fuzzy_logic_fixed_snr,11.9279,0.9961
51,v4,v11,40.0,60.07,20.0,1.0,0.3004,0.4,7.7239,False,fuzzy_logic_fixed_snr,7.6948,0.9902
51,v4,v3,40.0,80.06,10.0,1.0,0.4003,0.2,7.1374,False,fuzzy_logic_fixed_snr,7.1158,0.9941
51,v4,v7,40.0,120.04,30.0,1.0,0.6002,0.6,1.9144,True,fuzzy_logic_fixed_snr,2.3538,0.808
52,v1,v2,40.0,30.15,10.0,1.0,0.1507,0.2,13.9232,False,fuzzy_logic_fixed_snr,13.8927,0.9941
52,v1,v6,40.0,150.03,30.0,1.0,0.7501,0.6,0.3647,True,fuzzy_logic_fixed_snr,2.1365,0.7086
52,v2,v1,20.0,30.15,10.0,0.6,0.1507,0.2,-6.0768,False,fuzzy_logic_fixed_snr,-6.0888,0.8318
52,v2,v6,20.0,120.0,20.0,0.6,0.6,0.4,-17.0839,True,fuzzy_logic_fixed_snr,0.5403,0.1486
52,v3,v4,20.0,70.06,20.0,0.6,0.3503,0.4,-13.3449,True,fuzzy_logic_fixed_snr,0.6773,0.157
52,v3,v12,20.0,80.06,10.0,0.6,0.4003,0.2,-12.8626,True,fuzzy_logic_fixed_snr,0.6952,0.1898
52,v3,v11,20.0,110.0,0.0,0.6,0.55,0.0,-12.6623,True,fuzzy_logic_fixed_snr,0.6958,0.1891
52,v3,v8,20.0,120.04,20.0,0.6,0.6002,0.4,-17.086,True,fuzzy_logic_fixed_snr,0.5303,0.1381
52,v3,v7,20.0,160.0,20.0,0.6,0.8,0.4,-19.0829,True,fuzzy_logic_fixed_snr,0.4763,0.1258
52,v4,v12,40.0,10.0,30.0,1.0,0.05,0.6,19.1835,False,fuzzy_logic_fixed_snr,19.1627,0.999
52,v4,v11,40.0,40.11,20.0,1.0,0.2006,0.4,10.5306,False,fuzzy_logic_fixed_snr,10.5065,0.9912
52,v4,v8,40.0,50.0,0.0,1.0,0.25,0.0,12.8165,False,fuzzy_logic_fixed_snr,12.7748,0.998
52,v4,v3,40.0,70.06,20.0,1.0,0.3503,0.4,6.6551,False,fuzzy_logic_fixed_snr,6.6253,0.9941
52,v4,v7,40.0,90.05,40.0,1.0,0.4502,0.8,3.1365,True,fuzzy_logic_fixed_snr,2.4605,0.8508
53,v1,v2,40.0,20.22,30.0,1.0,0.1011,0.6,14.2897,False,fuzzy_logic_fixed_snr,14.2531,0.9971
53,v1,v6,40.0,120.04,40.0,1.0,0.6002,0.8,1.1392,True,fuzzy_logic_fixed_snr,2.2202,0.7461
53,v2,v1,20.0,20.22,30.0,0.6,0.1011,0.6,-5.7103,True,fuzzy_logic_fixed_snr,1.2629,0.3352
53,v2,v6,20.0,100.0,10.0,0.6,0.5,0.2,-14.4082,True,fuzzy_logic_fixed_snr,0.6399,0.148
53,v3,v4,20.0,50.09,10.0,0.6,0.2504,0.2,-9.6042,False,fuzzy_logic_fixed_snr,-9.6341,0.6514
53,v3,v12,20.0,90.05,20.0,0.6,0.4502,0.4,-15.0887,True,fuzzy_logic_fixed_snr,0.6259,0.1309
53,v3,v8,20.0,100.04,10.0,0.6,0.5002,0.2,-14.4114,True,fuzzy_logic_fixed_snr,0.6396,0.1602
53,v3,v11,20.0,110.0,20.0,0.6,0.55,0.4,-16.4793,True,fuzzy_logic_fixed_snr,0.5654,0.1496
53,v3,v7,20.0,180.0,20.0,0.6,0.9,0.4,-19.9013,True,fuzzy_logic_fixed_snr,0.4608,0.1129
53,v4,v12,40.0,40.0,30.0,1.0,0.2,0.6,9.5506,False,fuzzy_logic_fixed_snr,9.5141,0.9941
53,v4,v8,40.0,50.0,0.0,1.0,0.25,0.0,12.8165,False,fuzzy_logic_fixed_snr,12.805,0.9961
53,v4,v3,40.0,50.09,10.0,1.0,0.2504,0.2,10.3958,False,fuzzy_logic_fixed_snr,10.3744,0.9912
53,v4,v11,40.0,60.07,10.0,1.0,0.3004,0.2,9.1327,False,fuzzy_logic_fixed_snr,9.1183,0.9936
53,v4,v7,40.0,130.03,10.0,1.0,0.6502,0.2,3.7668,False,fuzzy_logic_fixed_snr,3.7264,0.9867
54,v1,v2,40.0,10.44,40.0,1.0,0.0522,0.8,18.1088,True,fuzzy_logic_fixed_snr,2.9435,0.948
54,v1,v6,40.0,80.06,30.0,1.0,0.4003,0.6,4.7292,False,fuzzy_logic_fixed_snr,4.6993,0.9873
54,v2,v1,20.0,10.44,40.0,0.6,0.0522,0.8,-1.8912,True,fuzzy_logic_fixed_snr,1.7954,0.5699
54,v2,v6,20.0,90.0,10.0,0.6,0.45,0.2,-13.6761,True,fuzzy_logic_fixed_snr,0.6989,0.1607
54,v3,v4,20.0,40.11,20.0,0.6,0.2006,0.4,-9.4694,True,fuzzy_logic_fixed_snr,0.9172,0.2307
54,v3,v11,20.0,90.0,10.0,0.6,0.45,0.2,-13.6761,True,fuzzy_logic_fixed_snr,0.6627,0.1639
54,v3,v8,20.0,90.05,20.0,0.6,0.4502,0.4,-15.0887,True,fuzzy_logic_fixed_snr,0.6302,0.1684
54,v3,v12,20.0,110.04,20.0,0.6,0.5502,0.4,-16.4818,True,fuzzy_logic_fixed_snr,0.5788,0.1588
54,v3,v7,20.0,160.0,10.0,0.6,0.8,0.2,-17.6742,True,fuzzy_logic_fixed_snr,0.5491,0.1367
54,v4,v3,40.0,40.11,20.0,1.0,0.2006,0.4,10.5306,False,fuzzy_logic_fixed_snr,10.5029,0.9936
54,v4,v8,40.0,50.0,0.0,1.0,0.25,0.0,12.8165,False,fuzzy_logic_fixed_snr,12.7817,0.9951
54,v4,v11,40.0,50.09,30.0,1.0,0.2504,0.6,7.9875,False,fuzzy_logic_fixed_snr,7.9694,0.9951
54,v4,v12,40.0,70.0,0.0,1.0,0.35,0.0,10.4784,False,fuzzy_logic_fixed_snr,10.4446,0.9906
54,v4,v7,40.0,120.04,10.0,1.0,0.6002,0.2,4.3227,False,fuzzy_logic_fixed_snr,4.2975,0.9883
55,v1,v2,40.0,30.15,10.0,1.0,0.1507,0.2,13.9232,False,fuzzy_logic_fixed_snr,13.9023,0.9941
55,v1,v6,40.0,110.04,20.0,1.0,0.5502,0.4,3.5182,False,fuzzy_logic_fixed_snr,3.4994,0.9854
55,v2,v1,20.0,30.15,10.0,0.6,0.1507,0.2,-6.0768,False,fuzzy_logic_fixed_snr,-6.1001,0.8139
55,v2,v6,20.0,80.0,10.0,0.6,0.4,0.2,-12.8577,True,fuzzy_logic_fixed_snr,0.7014,0.1631
55,v3,v4,20.0,20.22,10.0,0.6,0.1011,0.2,-3.302,False,fuzzy_logic_fixed_snr,-3.335,0.9211
55,v3,v8,20.0,70.06,20.0,0.6,0.3503,0.4,-13.3449,True,fuzzy_logic_fixed_snr,0.6918,0.1658
55,v3,v12,20.0,90.05,0.0,0.6,0.4502,0.0,-11.2717,True,fuzzy_logic_fixed_snr,0.815,0.2115
55,v3,v11,20.0,100.0,20.0,0.6,0.5,0.4,-15.817,True,fuzzy_logic_fixed_snr,0.5988,0.142
55,v3,v7,20.0,150.0,10.0,0.6,0.75,0.2,-17.2257,True,fuzzy_logic_fixed_snr,0.5374,0.1213
55,v4,v3,40.0,20.22,10.0,1.0,0.1011,0.2,16.698,False,fuzzy_logic_fixed_snr,16.6721,0.9961
55,v4,v8,40.0,50.0,10.0,1.0,0.25,0.2,10.4082,False,fuzzy_logic_fixed_snr,10.3863,0.9951
55,v4,v12,40.0,70.0,10.0,1.0,0.35,0.2,8.0702,False,fuzzy_logic_fixed_snr,8.043,0.9932
55,v4,v11,40.0,80.06,30.0,1.0,0.4003,0.6,4.7292,False,fuzzy_logic_fixed_snr,4.7002,0.9877
55,v4,v7,40.0,130.03,0.0,1.0,0.6502,0.0,6.1751,False,fuzzy_logic_fixed_snr,6.1524,0.9883
56,v1,v2,40.0,20.22,30.0,1.0,0.1011,0.6,14.2897,False,fuzzy_logic_fixed_snr,14.2717,0.9961
56,v1,v6,40.0,90.05,10.0,1.0,0.4502,0.2,6.32,False,fuzzy_logic_fixed_snr,6.2975,0.9893
56,v2,v1,20.0,20.22,30.0,0.6,0.1011,0.6,-5.7103,True,fuzzy_logic_fixed_snr,1.2879,0.3746
56,v2,v6,20.0,70.0,40.0,0.6,0.35,0.8,-15.1133,True,fuzzy_logic_fixed_snr,0.6186,0.1576
56,v3,v4,20.0,10.44,30.0,0.6,0.0522,0.6,-1.1159,True,fuzzy_logic_fixed_snr,1.9009,0.6152
56,v3,v8,20.0,50.09,20.0,0.6,0.2504,0.4,-11.013,True,fuzzy_logic_fixed_snr,0.8258,0.1994
56,v3,v12,20.0,90.05,30.0,0.6,0.4502,0.6,-16.0882,True,fuzzy_logic_fixed_snr,0.5778,0.1607
56,v3,v11,20.0,120.0,10.0,0.6,0.6,0.2,-15.6751,True,fuzzy_logic_fixed_snr,0.5924,0.1459
56,v3,v7,20.0,140.0,20.0,0.6,0.7,0.4,-18.155,True,fuzzy_logic_fixed_snr,0.4932,0.127
56,v4,v3,40.0,10.44,30.0,1.0,0.0522,0.6,18.8841,False,fuzzy_logic_fixed_snr,18.8468,0.9971
56,v4,v8,40.0,40.0,10.0,1.0,0.2,0.2,11.9588,False,fuzzy_logic_fixed_snr,11.9292,0.9932
56,v4,v12,40.0,80.0,0.0,1.0,0.4,0.0,9.5506,False,fuzzy_logic_fixed_snr,9.5203,0.9902
56,v4,v11,40.0,110.04,20.0,1.0,0.5502,0.4,3.5182,False,fuzzy_logic_fixed_snr,3.4946,0.9834
56,v4,v7,40.0,130.03,10.0,1.0,0.6502,0.2,3.7668,False,fuzzy_logic_fixed_snr,3.7523,0.9824
57,v1,v2,40.0,50.09,10.0,1.0,0.2504,0.2,10.3958,False,fuzzy_logic_fixed_snr,10.3675,0.9912
57,v1,v6,40.0,80.06,20.0,1.0,0.4003,0.4,5.7287,False,fuzzy_logic_fixed_snr,5.7013,0.9893
57,v2,v6,20.0,30.0,10.0,0.6,0.15,0.2,-6.0422,False,fuzzy_logic_fixed_snr,-6.0702,0.8395
57,v2,v1,20.0,50.09,10.0,0.6,0.2504,0.2,-9.6042,False,fuzzy_logic_fixed_snr,-9.6259,0.6176
57,v2,v5,20.0,190.02,20.0,0.6,0.9501,0.4,-20.2779,True,fuzzy_logic_fixed_snr,0.4734,0.1061
57,v3,v4,20.0,20.22,40.0,0.6,0.1011,0.8,-6.4855,True,fuzzy_logic_fixed_snr,1.213,0.3293
57,v3,v8,20.0,30.15,30.0,0.6,0.1507,0.6,-8.485,True,fuzzy_logic_fixed_snr,0.997,0.2689
57,v3,v12,20.0,60.07,30.0,0.6,0.3004,0.6,-13.2756,True,fuzzy_logic_fixed_snr,0.7101,0.1795
57,v3,v11,20.0,110.0,40.0,0.6,0.55,0.8,-18.254,True,fuzzy_logic_fixed_snr,0.5111,0.1242
57,v3,v7,20.0,120.0,40.0,0.6,0.6,0.8,-18.8587,True,fuzzy_logic_fixed_snr,0.5029,0.1395
57,v4,v3,40.0,20.22,40.0,1.0,0.1011,0.8,13.5145,True,fuzzy_logic_fixed_snr,2.9151,0.9588
57,v4,v8,40.0,50.0,10.0,1.0,0.25,0.2,10.4082,False,fuzzy_logic_fixed_snr,10.3668,0.9922
57,v4,v12,40.0,80.0,10.0,1.0,0.4,0.2,7.1423,False,fuzzy_logic_fixed_snr,7.1115,0.9912
57,v4,v11,40.0,130.03,0.0,1.0,0.6502,0.0,6.1751,False,fuzzy_logic_fixed_snr,6.1423,0.9893
57,v4,v7,40.0,140.03,0.0,1.0,0.7002,0.0,5.6604,False,fuzzy_logic_fixed_snr,5.6365,0.9893
58,v1,v2,40.0,40.11,10.0,1.0,0.2006,0.2,11.9393,False,fuzzy_logic_fixed_snr,11.916,0.9951
58,v1,v6,40.0,60.07,10.0,1.0,0.3004,0.2,9.1327,False,fuzzy_logic_fixed_snr,9.1099,0.9941
58,v2,v6,20.0,20.0,0.0,0.6,0.1,0.0,-0.8165,False,fuzzy_logic_fixed_snr,-0.8405,0.9568
58,v2,v1,20.0,40.11,10.0,0.6,0.2006,0.2,-8.0607,False,fuzzy_logic_fixed_snr,-8.0867,0.7209
58,v2,v5,20.0,170.03,30.0,0.6,0.8501,0.6,-20.5047,True,fuzzy_logic_fixed_snr,0.479,0.1367
58,v3,v4,20.0,20.22,20.0,0.6,0.1011,0.4,-4.7108,True,fuzzy_logic_fixed_snr,1.425,0.4059
58,v3,v8,20.0,60.07,0.0,0.6,0.3004,0.0,-8.4591,True,fuzzy_logic_fixed_snr,1.0154,0.2607
58,v3,v12,20.0,90.05,10.0,0.6,0.4502,0.2,-13.68,True,fuzzy_logic_fixed_snr,0.6862,0.1619
58,v3,v11,20.0,150.0,20.0,0.6,0.75,0.4,-18.6344,True,fuzzy_logic_fixed_snr,0.5227,0.1469
58,v3,v7,20.0,160.0,30.0,0.6,0.8,0.6,-20.0824,True,fuzzy_logic_fixed_snr,0.4825,0.1277
58,v4,v3,40.0,20.22,20.0,1.0,0.1011,0.4,15.2892,False,fuzzy_logic_fixed_snr,15.2747,0.9961
58,v4,v8,40.0,40.0,20.0,1.0,0.2,0.4,10.5501,False,fuzzy_logic_fixed_snr,10.5188,0.9971
58,v4,v12,40.0,70.0,10.0,1.0,0.35,0.2,8.0702,False,fuzzy_logic_fixed_snr,8.0429,0.9922
58,v4,v11,40.0,130.03,0.0,1.0,0.6502,0.0,6.1751,False,fuzzy_logic_fixed_snr,6.1382,0.9893
58,v4,v7,40.0,140.03,10.0,1.0,0.7002,0.2,3.2521,False,fuzzy_logic_fixed_snr,3.2247,0.9844
59,v1,v2,40.0,30.15,20.0,1.0,0.1507,0.4,12.5145,False,fuzzy_logic_fixed_snr,12.4927,0.9941
59,v1,v6,40.0,50.09,10.0,1.0,0.2504,0.2,10.3958,False,fuzzy_logic_fixed_snr,10.3798,0.9926
59,v2,v6,20.0,20.0,10.0,0.6,0.1,0.2,-3.2247,False,fuzzy_logic_fixed_snr,-3.2513,0.926
59,v2,v1,20.0,30.15,20.0,0.6,0.1507,0.4,-7.4855,True,fuzzy_logic_fixed_snr,1.0968,0.3178
59,v3,v4,20.0,3.0,10.0,0.6,0.015,0.2,9.9578,False,fuzzy_logic_fixed_snr,9.9374,0.9951
59,v3,v8,20.0,60.07,0.0,0.6,0.3004,0.0,-8.4591,True,fuzzy_logic_fixed_snr,1.0066,0.2355
59,v3,v12,20.0,80.06,30.0,0.6,0.4003,0.6,-15.2708,True,fuzzy_logic_fixed_snr,0.5849,0.1629
59,v3,v7,20.0,130.0,0.0,0.6,0.65,0.0,-13.8231,True,fuzzy_logic_fixed_snr,0.6706,0.1691
59,v3,v11,20.0,130.0,20.0,0.6,0.65,0.4,-17.6401,True,fuzzy_logic_fixed_snr,0.5268,0.1424
59,v4,v3,40.0,3.0,10.0,1.0,0.015,0.2,29.9578,False,fuzzy_logic_fixed_snr,29.9377,1.0
59,v4,v8,40.0,60.0,10.0,1.0,0.3,0.2,9.1413,False,fuzzy_logic_fixed_snr,9.1172,0.9951
59,v4,v12,40.0,80.0,20.0,1.0,0.4,0.4,5.7336,False,fuzzy_logic_fixed_snr,5.7039,0.9873
59,v4,v7,40.0,130.03,10.0,1.0,0.6502,0.2,3.7668,False,fuzzy_logic_fixed_snr,3.7396,0.9893
59,v4,v11,40.0,130.03,10.0,1.0,0.6502,0.2,3.7668,False,fuzzy_logic_fixed_snr,3.7281,0.9809
60,v1,v2,40.0,10.44,0.0,1.0,0.0522,0.0,23.7006,False,fuzzy_logic_fixed_snr,23.6721,0.9971
60,v1,v6,40.0,40.11,20.0,1.0,0.2006,0.4,10.5306,False,fuzzy_logic_fixed_snr,10.5087,0.9961
60,v2,v1,20.0,10.44,0.0,0.6,0.0522,0.0,3.7006,False,fuzzy_logic_fixed_snr,3.6729,0.9838
60,v2,v6,20.0,30.0,20.0,0.6,0.15,0.4,-7.4509,True,fuzzy_logic_fixed_snr,1.0866,0.2943
60,v3,v4,20.0,10.44,20.0,0.6,0.0522,0.4,-0.1164,True,fuzzy_logic_fixed_snr,2.0407,0.6793
60,v3,v8,20.0,60.07,30.0,0.6,0.3004,0.6,-13.2756,True,fuzzy_logic_fixed_snr,0.6731,0.1461
60,v3,v12,20.0,110.04,10.0,0.6,0.5502,0.2,-15.0731,True,fuzzy_logic_fixed_snr,0.6017,0.1402
60,v3,v7,20.0,130.0,30.0,0.6,0.65,0.6,-18.6396,True,fuzzy_logic_fixed_snr,0.4964,0.1209
60,v3,v11,20.0,150.0,20.0,0.6,0.75,0.4,-18.6344,True,fuzzy_logic_fixed_snr,0.5045,0.1182
60,v4,v3,40.0,10.44,20.0,1.0,0.0522,0.4,19.8836,False,fuzzy_logic_fixed_snr,19.8568,0.998
60,v4,v8,40.0,50.0,10.0,1.0,0.25,0.2,10.4082,False,fuzzy_logic_fixed_snr,10.3699,0.9932
60,v4,v12,40.0,100.0,30.0,1.0,0.5,0.6,3.1835,True,fuzzy_logic_fixed_snr,2.4596,0.8688
60,v4,v7,40.0,120.04,10.0,1.0,0.6002,0.2,4.3227,False,fuzzy_logic_fixed_snr,4.3027,0.9932
60,v4,v11,40.0,140.03,0.0,1.0,0.7002,0.0,5.6604,False,fuzzy_logic_fixed_snr,5.6255,0.9922
61,v1,v2,40.0,10.44,0.0,1.0,0.0522,0.0,23.7006,False,fuzzy_logic_fixed_snr,23.6755,0.9971
61,v1,v6,40.0,60.07,0.0,1.0,0.3004,0.0,11.5409,False,fuzzy_logic_fixed_snr,11.5105,0.9941
61,v2,v1,20.0,10.44,0.0,0.6,0.0522,0.0,3.7006,False,fuzzy_logic_fixed_snr,3.6815,0.9848
61,v2,v6,20.0,50.0,0.0,0.6,0.25,0.0,-7.1835,False,fuzzy_logic_fixed_snr,-7.2118,0.7662
61,v3,v4,20.0,10.44,10.0,0.6,0.0522,0.2,1.2923,False,fuzzy_logic_fixed_snr,1.2757,0.9789
61,v3,v8,20.0,30.15,10.0,0.6,0.1507,0.2,-6.0768,False,fuzzy_logic_fixed_snr,-6.1095,0.8424
61,v3,v7,20.0,100.0,0.0,0.6,0.5,0.0,-12.0,True,fuzzy_logic_fixed_snr,0.7678,0.1988
61,v3,v12,20.0,120.04,40.0,0.6,0.6002,0.8,-18.8608,True,fuzzy_logic_fixed_snr,0.497,0.1277
61,v3,v11,20.0,130.0,0.0,0.6,0.65,0.0,-13.8231,True,fuzzy_logic_fixed_snr,0.6587,0.1553
61,v4,v3,40.0,10.44,10.0,1.0,0.0522,0.2,21.2923,False,fuzzy_logic_fixed_snr,21.2688,0.9961
61,v4,v8,40.0,40.0,0.0,1.0,0.2,0.0,14.367,False,fuzzy_logic_fixed_snr,14.3492,0.999
61,v4,v7,40.0,110.04,10.0,1.0,0.5502,0.2,4.9269,False,fuzzy_logic_fixed_snr,4.9062,0.9842
61,v4,v12,40.0,130.0,30.0,1.0,0.65,0.6,1.3604,True,fuzzy_logic_fixed_snr,2.2818,0.7787
61,v4,v11,40.0,140.03,10.0,1.0,0.7002,0.2,3.2521,False,fuzzy_logic_fixed_snr,3.2231,0.9828
62,v1,v2,40.0,10.44,30.0,1.0,0.0522,0.6,18.8841,False,fuzzy_logic_fixed_snr,18.858,0.998
62,v1,v6,40.0,60.07,0.0,1.0,0.3004,0.0,11.5409,False,fuzzy_logic_fixed_snr,11.5245,0.9941
62,v2,v1,20.0,10.44,30.0,0.6,0.0522,0.6,-1.1159,True,fuzzy_logic_fixed_snr,1.9305,0.6461
62,v2,v6,20.0,50.0,30.0,0.6,0.25,0.6,-12.0,True,fuzzy_logic_fixed_snr,0.7552,0.1926
62,v3,v4,20.0,3.0,10.0,0.6,0.015,0.2,9.9578,False,fuzzy_logic_fixed_snr,9.9253,0.9932
62,v3,v8,20.0,40.11,10.0,0.6,0.2006,0.2,-8.0607,False,fuzzy_logic_fixed_snr,-8.0765,0.7207
62,v3,v7,20.0,100.0,10.0,0.6,0.5,0.2,-14.4082,True,fuzzy_logic_fixed_snr,0.6456,0.173
62,v3,v11,20.0,130.0,10.0,0.6,0.65,0.2,-16.2313,True,fuzzy_logic_fixed_snr,0.5641,0.1498
62,v3,v12,20.0,160.03,20.0,0.6,0.8001,0.4,-19.0841,True,fuzzy_logic_fixed_snr,0.5101,0.1172
62,v4,v3,40.0,3.0,10.0,1.0,0.015,0.2,29.9578,False,fuzzy_logic_fixed_snr,29.929,0.998
62,v4,v8,40.0,40.0,20.0,1.0,0.2,0.4,10.5501,False,fuzzy_logic_fixed_snr,10.5191,0.9932
62,v4,v7,40.0,100.04,0.0,1.0,0.5002,0.0,7.9969,False,fuzzy_logic_fixed_snr,7.9691,0.9936
62,v4,v11,40.0,130.03,0.0,1.0,0.6502,0.0,6.1751,False,fuzzy_logic_fixed_snr,6.156,0.9893
62,v4,v12,40.0,160.0,10.0,1.0,0.8,0.2,2.3258,True,fuzzy_logic_fixed_snr,2.3745,0.8064
63,v1,v2,40.0,20.22,40.0,1.0,0.1011,0.8,13.5145,True,fuzzy_logic_fixed_snr,2.9152,0.952
63,v1,v6,40.0,60.07,30.0,1.0,0.3004,0.6,6.7244,False,fuzzy_logic_fixed_snr,6.6781,0.9906
63,v2,v1,20.0,20.22,40.0,0.6,0.1011,0.8,-6.4855,True,fuzzy_logic_fixed_snr,1.1991,0.3518
63,v2,v6,20.0,80.0,10.0,0.6,0.4,0.2,-12.8577,True,fuzzy_logic_fixed_snr,0.7126,0.1951
63,v3,v4,20.0,10.44,10.0,0.6,0.0522,0.2,1.2923,False,fuzzy_logic_fixed_snr,1.2637,0.9676
63,v3,v8,20.0,50.09,20.0,0.6,0.2504,0.4,-11.013,True,fuzzy_logic_fixed_snr,0.824,0.2094
63,v3,v7,20.0,90.0,10.0,0.6,0.45,0.2,-13.6761,True,fuzzy_logic_fixed_snr,0.6619,0.1635
63,v3,v11,20.0,120.0,10.0,0.6,0.6,0.2,-15.6751,True,fuzzy_logic_fixed_snr,0.6014,0.1529
63,v3,v12,20.0,140.03,0.0,0.6,0.7002,0.0,-14.3396,True,fuzzy_logic_fixed_snr,0.6382,0.1625
63,v4,v3,40.0,10.44,10.0,1.0,0.0522,0.2,21.2923,False,fuzzy_logic_fixed_snr,21.2704,0.9961
63,v4,v8,40.0,60.0,30.0,1.0,0.3,0.6,6.7331,False,fuzzy_logic_fixed_snr,6.7013,0.9951
63,v4,v7,40.0,100.04,0.0,1.0,0.5002,0.0,7.9969,False,fuzzy_logic_fixed_snr,7.9606,0.9883
63,v4,v11,40.0,130.03,20.0,1.0,0.6502,0.4,2.3581,True,fuzzy_logic_fixed_snr,2.4004,0.8395
63,v4,v12,40.0,150.0,10.0,1.0,0.75,0.2,2.7743,False,fuzzy_logic_fixed_snr,2.7479,0.9785
64,v1,v6,40.0,30.15,10.0,1.0,0.1507,0.2,13.9232,False,fuzzy_logic_fixed_snr,13.9011,0.9951
64,v1,v2,40.0,60.07,20.0,1.0,0.3004,0.4,7.7239,False,fuzzy_logic_fixed_snr,7.703,0.9893
64,v2,v1,20.0,60.07,20.0,0.6,0.3004,0.4,-12.2761,True,fuzzy_logic_fixed_snr,0.7347,0.1744
64,v2,v6,20.0,90.0,10.0,0.6,0.45,0.2,-13.6761,True,fuzzy_logic_fixed_snr,0.6882,0.1613
64,v3,v4,20.0,20.22,10.0,0.6,0.1011,0.2,-3.302,False,fuzzy_logic_fixed_snr,-3.3111,0.9166
64,v3,v8,20.0,70.06,10.0,0.6,0.3503,0.2,-11.9362,True,fuzzy_logic_fixed_snr,0.7434,0.1893
64,v3,v7,20.0,80.0,0.0,0.6,0.4,0.0,-10.4494,True,fuzzy_logic_fixed_snr,0.8566,0.2082
64,v3,v11,20.0,130.0,20.0,0.6,0.65,0.4,-17.6401,True,fuzzy_logic_fixed_snr,0.5455,0.1205
64,v3,v12,20.0,140.03,10.0,0.6,0.7002,0.2,-16.7479,True,fuzzy_logic_fixed_snr,0.5564,0.1465
64,v4,v3,40.0,20.22,10.0,1.0,0.1011,0.2,16.698,False,fuzzy_logic_fixed_snr,16.6575,0.9971
64,v4,v8,40.0,90.0,20.0,1.0,0.45,0.4,4.9151,False,fuzzy_logic_fixed_snr,4.8926,0.9818
64,v4,v7,40.0,100.04,10.0,1.0,0.5002,0.2,5.5886,False,fuzzy_logic_fixed_snr,5.5614,0.9883
64,v4,v11,40.0,150.03,30.0,1.0,0.7501,0.6,0.3647,True,fuzzy_logic_fixed_snr,2.1155,0.7086
64,v4,v12,40.0,160.0,20.0,1.0,0.8,0.4,0.9171,True,fuzzy_logic_fixed_snr,2.2069,0.7488
65,v1,v6,40.0,20.22,10.0,1.0,0.1011,0.2,16.698,False,fuzzy_logic_fixed_snr,16.669,0.998
65,v1,v2,40.0,80.06,20.0,1.0,0.4003,0.4,5.7287,False,fuzzy_logic_fixed_snr,5.6932,0.9926
65,v2,v1,20.0,80.06,20.0,0.6,0.4003,0.4,-14.2713,True,fuzzy_logic_fixed_snr,0.6579,0.1855
65,v2,v6,20.0,100.0,30.0,0.6,0.5,0.6,-16.8165,True,fuzzy_logic_fixed_snr,0.5574,0.1459
65,v3,v4,20.0,30.15,40.0,0.6,0.1507,0.8,-9.2603,True,fuzzy_logic_fixed_snr,0.9556,0.2242
65,v3,v7,20.0,80.0,20.0,0.6,0.4,0.4,-14.2664,True,fuzzy_logic_fixed_snr,0.6504,0.1537
65,v3,v8,20.0,80.06,30.0,0.6,0.4003,0.6,-15.2708,True,fuzzy_logic_fixed_snr,0.6214,0.1689
65,v3,v11,20.0,150.0,30.0,0.6,0.75,0.6,-19.6339,True,fuzzy_logic_fixed_snr,0.4674,0.1301
65,v3,v12,20.0,150.03,30.0,0.6,0.7501,0.6,-19.6353,True,fuzzy_logic_fixed_snr,0.4965,0.1104
65,v4,v3,40.0,30.15,40.0,1.0,0.1507,0.8,10.7397,True,fuzzy_logic_fixed_snr,2.8743,0.9406
65,v4,v8,40.0,110.0,10.0,1.0,0.55,0.2,4.9295,False,fuzzy_logic_fixed_snr,4.8941,0.9828
65,v4,v7,40.0,110.04,20.0,1.0,0.5502,0.4,3.5182,False,fuzzy_logic_fixed_snr,3.4943,0.9818
65,v4,v12,40.0,180.0,10.0,1.0,0.9,0.2,1.5074,True,fuzzy_logic_fixed_snr,2.2797,0.7592
65,v4,v11,40.0,180.02,10.0,1.0,0.9001,0.2,1.5064,True,fuzzy_logic_fixed_snr,2.2727,0.7869
66,v1,v6,40.0,10.44,20.0,1.0,0.0522,0.4,19.8836,False,fuzzy_logic_fixed_snr,19.853,0.9971
66,v1,v2,40.0,60.07,20.0,1.0,0.3004,0.4,7.7239,False,fuzzy_logic_fixed_snr,7.6926,0.9922
66,v2,v1,20.0,60.07,20.0,0.6,0.3004,0.4,-12.2761,True,fuzzy_logic_fixed_snr,0.7524,0.1773
66,v2,v6,20.0,70.0,0.0,0.6,0.35,0.0,-9.5216,True,fuzzy_logic_fixed_snr,0.9168,0.2113
66,v3,v4,20.0,10.44,10.0,0.6,0.0522,0.2,1.2923,False,fuzzy_logic_fixed_snr,1.2679,0.976
66,v3,v7,20.0,100.0,20.0,0.6,0.5,0.4,-15.817,True,fuzzy_logic_fixed_snr,0.5689,0.1498
66,v3,v8,20.0,110.04,0.0,0.6,0.5502,0.0,-12.6649,True,fuzzy_logic_fixed_snr,0.7275,0.1887
66,v3,v11,20.0,180.0,30.0,0.6,0.9,0.6,-20.9008,True,fuzzy_logic_fixed_snr,0.455,0.1086
66,v3,v12,20.0,180.02,10.0,0.6,0.9001,0.2,-18.4936,True,fuzzy_logic_fixed_snr,0.5171,0.1297
66,v4,v3,40.0,10.44,10.0,1.0,0.0522,0.2,21.2923,False,fuzzy_logic_fixed_snr,21.2805,0.998
66,v4,v7,40.0,90.05,30.0,1.0,0.4502,0.6,3.9118,True,fuzzy_logic_fixed_snr,2.5433,0.8676
66,v4,v8,40.0,100.0,10.0,1.0,0.5,0.2,5.5918,False,fuzzy_logic_fixed_snr,5.5592,0.9877
66,v4,v12,40.0,170.0,20.0,1.0,0.85,0.4,0.4958,True,fuzzy_logic_fixed_snr,2.1337,0.7172
66,v4,v11,40.0,170.03,40.0,1.0,0.8501,0.8,-1.28,True,fuzzy_logic_fixed_snr,1.9028,0.6234
67,v1,v6,40.0,30.15,30.0,1.0,0.1507,0.6,11.515,False,fuzzy_logic_fixed_snr,11.4759,0.9971
67,v1,v2,40.0,40.11,30.0,1.0,0.2006,0.6,9.5311,False,fuzzy_logic_fixed_snr,9.5032,0.9941
67,v2,v1,20.0,40.11,30.0,0.6,0.2006,0.6,-10.4689,True,fuzzy_logic_fixed_snr,0.8547,0.2084
67,v2,v6,20.0,70.0,0.0,0.6,0.35,0.0,-9.5216,True,fuzzy_logic_fixed_snr,0.9163,0.2486
67,v3,v4,20.0,20.22,10.0,0.6,0.1011,0.2,-3.302,False,fuzzy_logic_fixed_snr,-3.3332,0.9117
67,v3,v7,20.0,80.0,40.0,0.6,0.4,0.8,-16.0412,True,fuzzy_logic_fixed_snr,0.5682,0.1348
67,v3,v8,20.0,110.04,20.0,0.6,0.5502,0.4,-16.4818,True,fuzzy_logic_fixed_snr,0.5532,0.1594
67,v3,v11,20.0,150.0,0.0,0.6,0.75,0.0,-14.8175,True,fuzzy_logic_fixed_snr,0.6154,0.1381
67,v3,v12,20.0,170.03,20.0,0.6,0.8501,0.4,-19.5052,True,fuzzy_logic_fixed_snr,0.4742,0.1119
67,v4,v3,40.0,20.22,10.0,1.0,0.1011,0.2,16.698,False,fuzzy_logic_fixed_snr,16.672,0.9971
67,v4,v7,40.0,60.07,30.0,1.0,0.3004,0.6,6.7244,False,fuzzy_logic_fixed_snr,6.6978,0.9922
67,v4,v8,40.0,90.0,10.0,1.0,0.45,0.2,6.3239,False,fuzzy_logic_fixed_snr,6.2928,0.9887
67,v4,v11,40.0,130.03,10.0,1.0,0.6502,0.2,3.7668,False,fuzzy_logic_fixed_snr,3.7451,0.9887
67,v4,v12,40.0,150.0,10.0,1.0,0.75,0.2,2.7743,False,fuzzy_logic_fixed_snr,2.7587,0.9803
68,v1,v6,40.0,3.0,40.0,1.0,0.015,0.8,26.7743,True,fuzzy_logic_fixed_snr,2.9546,0.9539
68,v1,v2,40.0,70.06,10.0,1.0,0.3503,0.2,8.0638,False,fuzzy_logic_fixed_snr,8.0493,0.9971
68,v1,v13,40.0,180.0,30.0,1.0,0.9,0.6,-0.9008,True,fuzzy_logic_fixed_snr,1.9405,0.6498
68,v2,v6,20.0,70.0,30.0,0.6,0.35,0.6,-14.338,True,fuzzy_logic_fixed_snr,0.6459,0.1361
68,v2,v1,20.0,70.06,10.0,0.6,0.3503,0.2,-11.9362,True,fuzzy_logic_fixed_snr,0.7701,0.1984
68,v3,v4,20.0,10.44,30.0,0.6,0.0522,0.6,-1.1159,True,fuzzy_logic_fixed_snr,1.9028,0.6236
68,v3,v7,20.0,40.0,10.0,0.6,0.2,0.2,-8.0412,False,fuzzy_logic_fixed_snr,-8.0737,0.7244
68,v3,v8,20.0,90.05,10.0,0.6,0.4502,0.2,-13.68,True,fuzzy_logic_fixed_snr,0.679,0.1889
68,v3,v11,20.0,150.0,0.0,0.6,0.75,0.0,-14.8175,True,fuzzy_logic_fixed_snr,0.6583,0.1545
68,v3,v12,20.0,150.03,10.0,0.6,0.7501,0.2,-17.2271,True,fuzzy_logic_fixed_snr,0.5279,0.141
68,v4,v3,40.0,10.44,30.0,1.0,0.0522,0.6,18.8841,False,fuzzy_logic_fixed_snr,18.8525,0.999
68,v4,v7,40.0,30.15,20.0,1.0,0.1507,0.4,12.5145,False,fuzzy_logic_fixed_snr,12.4851,0.9971
68,v4,v8,40.0,80.0,40.0,1.0,0.4,0.8,3.9588,True,fuzzy_logic_fixed_snr,2.5386,0.8742
68,v4,v12,40.0,140.0,20.0,1.0,0.7,0.4,1.845,True,fuzzy_logic_fixed_snr,2.3205,0.7963
68,v4,v11,40.0,140.03,30.0,1.0,0.7002,0.6,0.8439,True,fuzzy_logic_fixed_snr,2.2073,0.7484
69,v1,v6,40.0,40.11,30.0,1.0,0.2006,0.6,9.5311,False,fuzzy_logic_fixed_snr,9.5095,0.9902
69,v1,v2,40.0,80.06,10.0,1.0,0.4003,0.2,7.1374,False,fuzzy_logic_fixed_snr,7.1125,0.9922
69,v1,v13,40.0,150.0,0.0,1.0,0.75,0.0,5.1825,False,fuzzy_logic_fixed_snr,5.1514,0.9877
69,v2,v6,20.0,40.0,20.0,0.6,0.2,0.4,-9.4499,True,fuzzy_logic_fixed_snr,0.9037,0.2062
69,v2,v1,20.0,80.06,10.0,0.6,0.4003,0.2,-12.8626,True,fuzzy_logic_fixed_snr,0.7112,0.182
69,v3,v4,20.0,40.11,30.0,0.6,0.2006,0.6,-10.4689,True,fuzzy_logic_fixed_snr,0.8698,0.2398
69,v3,v7,20.0,50.0,20.0,0.6,0.25,0.4,-11.0005,True,fuzzy_logic_fixed_snr,0.8158,0.2027
69,v3,v8,20.0,80.06,0.0,0.6,0.4003,0.0,-10.4543,True,fuzzy_logic_fixed_snr,0.8584,0.215
69,v3,v11,20.0,150.0,30.0,0.6,0.75,0.6,-19.6339,True,fuzzy_logic_fixed_snr,0.493,0.1328
69,v3,v12,20.0,160.03,10.0,0.6,0.8001,0.2,-17.6754,True,fuzzy_logic_fixed_snr,0.5465,0.1279
69,v4,v7,40.0,10.44,10.0,1.0,0.0522,0.2,21.2923,False,fuzzy_logic_fixed_snr,21.2648,0.9961
69,v4,v8,40.0,40.0,30.0,1.0,0.2,0.6,9.5506,False,fuzzy_logic_fixed_snr,9.5205,0.9961
69,v4,v3,40.0,40.11,30.0,1.0,0.2006,0.6,9.5311,False,fuzzy_logic_fixed_snr,9.5057,0.9961
69,v4,v11,40.0,110.04,0.0,1.0,0.5502,0.0,7.3351,False,fuzzy_logic_fixed_snr,7.297,0.9902
69,v4,v12,40.0,120.0,20.0,1.0,0.6,0.4,2.9161,False,fuzzy_logic_fixed_snr,2.8971,0.9805
70,v1,v6,40.0,70.06,10.0,1.0,0.3503,0.2,8.0638,False,fuzzy_logic_fixed_snr,8.0606,0.9941
70,v1,v2,40.0,90.05,0.0,1.0,0.4502,0.0,8.7283,False,fuzzy_logic_fixed_snr,8.7045,0.9932
70,v1,v13,40.0,150.0,30.0,1.0,0.75,0.6,0.3661,True,fuzzy_logic_fixed_snr,2.1294,0.7238
70,v1,v5,40.0,180.0,30.0,1.0,0.9,0.6,-0.9008,True,fuzzy_logic_fixed_snr,1.9496,0.6189
70,v2,v6,20.0,20.0,10.0,0.6,0.1,0.2,-3.2247,False,fuzzy_logic_fixed_snr,-3.2535,0.9223
70,v2,v1,20.0,90.05,0.0,0.6,0.4502,0.0,-11.2717,True,fuzzy_logic_fixed_snr,0.7879,0.1998
70,v3,v7,20.0,70.0,30.0,0.6,0.35,0.6,-14.338,True,fuzzy_logic_fixed_snr,0.6197,0.1885
70,v3,v4,20.0,70.06,10.0,0.6,0.3503,0.2,-11.9362,True,fuzzy_logic_fixed_snr,0.7765,0.1781
70,v3,v8,20.0,80.06,10.0,0.6,0.4003,0.2,-12.8626,True,fuzzy_logic_fixed_snr,0.6886,0.1756
70,v3,v12,20.0,170.03,0.0,0.6,0.8501,0.0,-15.6883,True,fuzzy_logic_fixed_snr,0.5844,0.142
70,v3,v11,20.0,180.0,10.0,0.6,0.9,0.2,-18.4926,True,fuzzy_logic_fixed_snr,0.5078,0.143
70,v4,v7,40.0,3.0,20.0,1.0,0.015,0.4,28.5491,False,fuzzy_logic_fixed_snr,28.5225,0.999
70,v4,v8,40.0,10.0,0.0,1.0,0.05,0.0,24.0,False,fuzzy_logic_fixed_snr,23.9732,1.0
70,v4,v3,40.0,70.06,10.0,1.0,0.3503,0.2,8.0638,False,fuzzy_logic_fixed_snr,8.0353,0.9941
70,v4,v12,40.0,100.0,10.0,1.0,0.5,0.2,5.5918,False,fuzzy_logic_fixed_snr,5.567,0.9902
70,v4,v11,40.0,110.04,0.0,1.0,0.5502,0.0,7.3351,False,fuzzy_logic_fixed_snr,7.3255,0.9883
71,v1,v6,40.0,60.07,30.0,1.0,0.3004,0.6,6.7244,False,fuzzy_logic_fixed_snr,6.7035,0.9871
71,v1,v2,40.0,90.05,0.0,1.0,0.4502,0.0,8.7283,False,fuzzy_logic_fixed_snr,8.6992,0.9877
71,v1,v13,40.0,180.0,30.0,1.0,0.9,0.6,-0.9008,True,fuzzy_logic_fixed_snr,1.9629,0.6504
71,v2,v6,20.0,30.0,30.0,0.6,0.15,0.6,-8.4504,True,fuzzy_logic_fixed_snr,1.0037,0.276
71,v2,v1,20.0,90.05,0.0,0.6,0.4502,0.0,-11.2717,True,fuzzy_logic_fixed_snr,0.795,0.1813
71,v3,v7,20.0,40.0,30.0,0.6,0.2,0.6,-10.4494,True,fuzzy_logic_fixed_snr,0.8735,0.2158
71,v3,v4,20.0,60.07,30.0,0.6,0.3004,0.6,-13.2756,True,fuzzy_logic_fixed_snr,0.6811,0.1709
71,v3,v8,20.0,70.06,0.0,0.6,0.3503,0.0,-9.5279,True,fuzzy_logic_fixed_snr,0.9364,0.216
71,v3,v11,20.0,170.0,20.0,0.6,0.85,0.4,-19.5042,True,fuzzy_logic_fixed_snr,0.5003,0.1225
71,v3,v12,20.0,170.03,30.0,0.6,0.8501,0.6,-20.5047,True,fuzzy_logic_fixed_snr,0.4671,0.1205
71,v4,v8,40.0,10.0,30.0,1.0,0.05,0.6,19.1835,False,fuzzy_logic_fixed_snr,19.1554,0.9961
71,v4,v7,40.0,20.22,0.0,1.0,0.1011,0.0,19.1062,False,fuzzy_logic_fixed_snr,19.0799,0.9971
71,v4,v3,40.0,60.07,30.0,1.0,0.3004,0.6,6.7244,False,fuzzy_logic_fixed_snr,6.6907,0.9883
71,v4,v12,40.0,110.0,0.0,1.0,0.55,0.0,7.3377,False,fuzzy_logic_fixed_snr,7.3011,0.9887
71,v4,v11,40.0,110.04,10.0,1.0,0.5502,0.2,4.9269,False,fuzzy_logic_fixed_snr,4.8995,0.9854
72,v1,v2,40.0,90.05,0.0,1.0,0.4502,0.0,8.7283,False,fuzzy_logic_fixed_snr,8.7095,0.9922
72,v1,v6,40.0,90.05,10.0,1.0,0.4502,0.2,6.32,False,fuzzy_logic_fixed_snr,6.2951,0.9902
72,v1,v13,40.0,150.0,10.0,1.0,0.75,0.2,2.7743,False,fuzzy_logic_fixed_snr,2.7488,0.9799
72,v2,v6,20.0,0.0,10.0,0.6,0.0,0.2,33.5918,False,fuzzy_logic_fixed_snr,33.5679,0.998
72,v2,v1,20.0,90.05,0.0,0.6,0.4502,0.0,-11.2717,True,fuzzy_logic_fixed_snr,0.809,0.207
72,v3,v7,20.0,70.0,30.0,0.6,0.35,0.6,-14.338,True,fuzzy_logic_fixed_snr,0.635,0.1537
72,v3,v8,20.0,70.06,10.0,0.6,0.3503,0.2,-11.9362,True,fuzzy_logic_fixed_snr,0.7608,0.1877
72,v3,v4,20.0,90.05,10.0,0.6,0.4502,0.2,-13.68,True,fuzzy_logic_fixed_snr,0.6472,0.158
72,v3,v11,20.0,190.0,10.0,0.6,0.95,0.2,-18.8683,True,fuzzy_logic_fixed_snr,0.5074,0.1389
72,v4,v8,40.0,20.0,20.0,1.0,0.1,0.4,15.3666,False,fuzzy_logic_fixed_snr,15.3475,0.9961
72,v4,v7,40.0,20.22,40.0,1.0,0.1011,0.8,13.5145,True,fuzzy_logic_fixed_snr,2.9135,0.9465
72,v4,v3,40.0,90.05,10.0,1.0,0.4502,0.2,6.32,False,fuzzy_logic_fixed_snr,6.2803,0.9902
72,v4,v11,40.0,100.04,20.0,1.0,0.5002,0.4,4.1799,False,fuzzy_logic_fixed_snr,4.1552,0.9799
72,v4,v12,40.0,110.0,0.0,1.0,0.55,0.0,7.3377,False,fuzzy_logic_fixed_snr,7.3065,0.9926
73,v1,v2,40.0,90.05,0.0,1.0,0.4502,0.0,8.7283,False,fuzzy_logic_fixed_snr,8.6975,0.9922
73,v1,v6,40.0,100.04,30.0,1.0,0.5002,0.6,3.1804,True,fuzzy_logic_fixed_snr,2.4688,0.8383
73,v1,v13,40.0,140.0,40.0,1.0,0.7,0.8,0.0702,True,fuzzy_logic_fixed_snr,2.0875,0.7125
73,v1,v5,40.0,200.0,0.0,1.0,1.0,0.0,3.1835,True,fuzzy_logic_fixed_snr,2.4657,0.8496
73,v2,v6,20.0,10.0,30.0,0.6,0.05,0.6,-0.8165,True,fuzzy_logic_fixed_snr,1.9703,0.6609
73,v2,v1,20.0,90.05,0.0,0.6,0.4502,0.0,-11.2717,True,fuzzy_logic_fixed_snr,0.7868,0.2115
73,v3,v7,20.0,40.0,40.0,0.6,0.2,0.8,-11.2247,True,fuzzy_logic_fixed_snr,0.7917,0.2285
73,v3,v8,20.0,60.07,0.0,0.6,0.3004,0.0,-8.4591,True,fuzzy_logic_fixed_snr,1.0043,0.2457
73,v3,v4,20.0,100.04,30.0,0.6,0.5002,0.6,-16.8196,True,fuzzy_logic_fixed_snr,0.5493,0.1322
73,v3,v11,20.0,180.0,30.0,0.6,0.9,0.6,-20.9008,True,fuzzy_logic_fixed_snr,0.4596,0.1063
73,v4,v8,40.0,40.0,30.0,1.0,0.2,0.6,9.5506,False,fuzzy_logic_fixed_snr,9.529,0.9922
73,v4,v7,40.0,60.07,10.0,1.0,0.3004,0.2,9.1327,False,fuzzy_logic_fixed_snr,9.1013,0.9902
73,v4,v11,40.0,80.06,0.0,1.0,0.4003,0.0,9.5457,False,fuzzy_logic_fixed_snr,9.506,0.9951
73,v4,v3,40.0,100.04,30.0,1.0,0.5002,0.6,3.1804,True,fuzzy_logic_fixed_snr,2.4909,0.8502
73,v4,v12,40.0,110.0,30.0,1.0,0.55,0.6,2.5212,True,fuzzy_logic_fixed_snr,2.3991,0.7977
74,v1,v6,40.0,70.06,10.0,1.0,0.3503,0.2,8.0638,False,fuzzy_logic_fixed_snr,8.0471,0.9912
74,v1,v2,40.0,90.05,20.0,1.0,0.4502,0.4,4.9113,False,fuzzy_logic_fixed_snr,4.8885,0.9867
74,v1,v13,40.0,180.0,40.0,1.0,0.9,0.8,-1.6761,True,fuzzy_logic_fixed_snr,1.8269,0.5813
74,v1,v5,40.0,200.0,0.0,1.0,1.0,0.0,3.1835,True,fuzzy_logic_fixed_snr,2.4713,0.8551
74,v2,v6,20.0,20.0,10.0,0.6,0.1,0.2,-3.2247,False,fuzzy_logic_fixed_snr,-3.2399,0.9219
74,v2,v1,20.0,90.05,20.0,0.6,0.4502,0.4,-15.0887,True,fuzzy_logic_fixed_snr,0.6161,0.1414
74,v3,v7,20.0,0.0,20.0,0.6,0.0,0.4,32.183,True,fuzzy_logic_fixed_snr,2.9561,0.9523
74,v3,v8,20.0,60.07,0.0,0.6,0.3004,0.0,-8.4591,True,fuzzy_logic_fixed_snr,1.0195,0.2621
74,v3,v4,20.0,70.06,30.0,0.6,0.3503,0.6,-14.3444,True,fuzzy_logic_fixed_snr,0.6436,0.1564
74,v3,v11,20.0,150.0,20.0,0.6,0.75,0.4,-18.6344,True,fuzzy_logic_fixed_snr,0.4943,0.1406
74,v4,v8,40.0,10.0,30.0,1.0,0.05,0.6,19.1835,False,fuzzy_logic_fixed_snr,19.1481,0.9961
74,v4,v3,40.0,70.06,30.0,1.0,0.3503,0.6,5.6556,False,fuzzy_logic_fixed_snr,5.628,0.9883
74,v4,v7,40.0,70.06,10.0,1.0,0.3503,0.2,8.0638,False,fuzzy_logic_fixed_snr,8.0439,0.9922
74,v4,v11,40.0,80.06,10.0,1.0,0.4003,0.2,7.1374,False,fuzzy_logic_fixed_snr,7.1251,0.9906
74,v4,v12,40.0,140.0,20.0,1.0,0.7,0.4,1.845,True,fuzzy_logic_fixed_snr,2.3321,0.7922
75,v1,v6,40.0,80.06,10.0,1.0,0.4003,0.2,7.1374,False,fuzzy_logic_fixed_snr,7.1191,0.9887
75,v1,v2,40.0,110.04,40.0,1.0,0.5502,0.8,1.7434,True,fuzzy_logic_fixed_snr,2.2987,0.7855
75,v1,v13,40.0,140.0,20.0,1.0,0.7,0.4,1.845,True,fuzzy_logic_fixed_snr,2.3246,0.8012
75,v1,v14,40.0,170.03,30.0,1.0,0.8501,0.6,-0.5047,True,fuzzy_logic_fixed_snr,2.0,0.6684
75,v1,v5,40.0,200.0,30.0,1.0,1.0,0.6,-1.633,True,fuzzy_logic_fixed_snr,1.8487,0.616
75,v2,v6,20.0,30.0,30.0,0.6,0.15,0.6,-8.4504,True,fuzzy_logic_fixed_snr,1.0319,0.26
75,v2,v1,20.0,110.04,40.0,0.6,0.5502,0.8,-18.2566,True,fuzzy_logic_fixed_snr,0.5105,0.1256
75,v3,v7,20.0,20.0,20.0,0.6,0.1,0.4,-4.6334,True,fuzzy_logic_fixed_snr,1.4317,0.408
75,v3,v8,20.0,60.07,10.0,0.6,0.3004,0.2,-10.8673,True,fuzzy_logic_fixed_snr,0.8293,0.2225
75,v3,v4,20.0,100.04,20.0,0.6,0.5002,0.4,-15.8201,True,fuzzy_logic_fixed_snr,0.5945,0.1498
75,v3,v11,20.0,170.0,20.0,0.6,0.85,0.4,-19.5042,True,fuzzy_logic_fixed_snr,0.4883,0.1326
75,v4,v8,40.0,40.0,10.0,1.0,0.2,0.2,11.9588,False,fuzzy_logic_fixed_snr,11.9214,0.9926
75,v4,v11,40.0,70.06,0.0,1.0,0.3503,0.0,10.4721,False,fuzzy_logic_fixed_snr,10.449,0.9961
75,v4,v7,40.0,80.06,0.0,1.0,0.4003,0.0,9.5457,False,fuzzy_logic_fixed_snr,9.5097,0.9896
75,v4,v3,40.0,100.04,20.0,1.0,0.5002,0.4,4.1799,False,fuzzy_logic_fixed_snr,4.1451,0.9799
75,v4,v12,40.0,120.0,30.0,1.0,0.6,0.6,1.9166,True,fuzzy_logic_fixed_snr,2.3164,0.7768
76,v1,v6,40.0,90.05,20.0,1.0,0.4502,0.4,4.9113,False,fuzzy_logic_fixed_snr,4.8807,0.9906
76,v1,v13,40.0,120.0,20.0,1.0,0.6,0.4,2.9161,False,fuzzy_logic_fixed_snr,2.8845,0.9779
76,v1,v14,40.0,140.03,0.0,1.0,0.7002,0.0,5.6604,False,fuzzy_logic_fixed_snr,5.6407,0.9932
76,v1,v2,40.0,150.03,0.0,1.0,0.7501,0.0,5.1812,False,fuzzy_logic_fixed_snr,5.1535,0.9832
76,v1,v5,40.0,170.0,0.0,1.0,0.85,0.0,4.3128,True,fuzzy_logic_fixed_snr,2.5797,0.8795
76,v2,v6,20.0,60.0,20.0,0.6,0.3,0.4,-12.2674,True,fuzzy_logic_fixed_snr,0.7376,0.1859
76,v2,v1,20.0,150.03,0.0,0.6,0.7501,0.0,-14.8188,True,fuzzy_logic_fixed_snr,0.6536,0.1586
76,v3,v7,20.0,0.0,10.0,0.6,0.0,0.2,33.5918,False,fuzzy_logic_fixed_snr,33.5724,0.998
76,v3,v8,20.0,50.09,40.0,0.6,0.2504,0.8,-12.7878,True,fuzzy_logic_fixed_snr,0.7054,0.1709
76,v3,v4,20.0,80.06,30.0,0.6,0.4003,0.6,-15.2708,True,fuzzy_logic_fixed_snr,0.6021,0.1484
76,v3,v11,20.0,150.0,40.0,0.6,0.75,0.8,-20.4092,True,fuzzy_logic_fixed_snr,0.4724,0.1246
76,v4,v8,40.0,30.0,10.0,1.0,0.15,0.2,13.9578,False,fuzzy_logic_fixed_snr,13.9323,0.9941
76,v4,v11,40.0,70.06,10.0,1.0,0.3503,0.2,8.0638,False,fuzzy_logic_fixed_snr,8.0266,0.9941
76,v4,v3,40.0,80.06,30.0,1.0,0.4003,0.6,4.7292,False,fuzzy_logic_fixed_snr,4.7014,0.9877
76,v4,v7,40.0,80.06,20.0,1.0,0.4003,0.4,5.7287,False,fuzzy_logic_fixed_snr,5.708,0.9902
76,v4,v12,40.0,150.0,10.0,1.0,0.75,0.2,2.7743,False,fuzzy_logic_fixed_snr,2.7494,0.9789
77,v1,v13,40.0,100.0,0.0,1.0,0.5,0.0,8.0,False,fuzzy_logic_fixed_snr,7.9751,0.9945
77,v1,v6,40.0,110.04,10.0,1.0,0.5502,0.2,4.9269,False,fuzzy_logic_fixed_snr,4.8983,0.9852
77,v1,v14,40.0,140.03,20.0,1.0,0.7002,0.4,1.8434,True,fuzzy_logic_fixed_snr,2.3116,0.8023
77,v1,v2,40.0,150.03,0.0,1.0,0.7501,0.0,5.1812,False,fuzzy_logic_fixed_snr,5.1624,0.9902
77,v1,v5,40.0,170.0,20.0,1.0,0.85,0.4,0.4958,True,fuzzy_logic_fixed_snr,2.1437,0.7166
77,v2,v6,20.0,40.0,10.0,0.6,0.2,0.2,-8.0412,False,fuzzy_logic_fixed_snr,-8.0734,0.7178
77,v2,v1,20.0,150.03,0.0,0.6,0.7501,0.0,-14.8188,True,fuzzy_logic_fixed_snr,0.6195,0.1344
77,v3,v7,20.0,10.0,10.0,0.6,0.05,0.2,1.5918,False,fuzzy_logic_fixed_snr,1.5734,0.977
77,v3,v8,20.0,10.44,30.0,0.6,0.0522,0.6,-1.1159,True,fuzzy_logic_fixed_snr,1.9174,0.6064
77,v3,v4,20.0,50.09,40.0,0.6,0.2504,0.8,-12.7878,True,fuzzy_logic_fixed_snr,0.7264,0.1754
77,v3,v11,20.0,110.0,20.0,0.6,0.55,0.4,-16.4793,True,fuzzy_logic_fixed_snr,0.5722,0.1504
77,v3,v12,20.0,190.02,40.0,0.6,0.9501,0.8,-22.0527,True,fuzzy_logic_fixed_snr,0.439,0.1369
77,v4,v8,40.0,40.0,10.0,1.0,0.2,0.2,11.9588,False,fuzzy_logic_fixed_snr,11.9263,0.9961
77,v4,v3,40.0,50.09,40.0,1.0,0.2504,0.8,7.2122,True,fuzzy_logic_fixed_snr,2.767,0.9301
77,v4,v7,40.0,60.07,30.0,1.0,0.3004,0.6,6.7244,False,fuzzy_logic_fixed_snr,6.6933,0.9877
77,v4,v11,40.0,60.07,20.0,1.0,0.3004,0.4,7.7239,False,fuzzy_logic_fixed_snr,7.696,0.9936
77,v4,v12,40.0,140.0,0.0,1.0,0.7,0.0,5.662,False,fuzzy_logic_fixed_snr,5.6369,0.9896
78,v1,v13,40.0,100.0,30.0,1.0,0.5,0.6,3.1835,True,fuzzy_logic_fixed_snr,2.4742,0.867
78,v1,v6,40.0,100.04,40.0,1.0,0.5002,0.8,2.4051,True,fuzzy_logic_fixed_snr,2.3732,0.8039
78,v1,v5,40.0,150.0,20.0,1.0,0.75,0.4,1.3656,True,fuzzy_logic_fixed_snr,2.2717,0.7791
78,v1,v2,40.0,150.03,0.0,1.0,0.7501,0.0,5.1812,False,fuzzy_logic_fixed_snr,5.1638,0.9883
78,v1,v14,40.0,160.03,30.0,1.0,0.8001,0.6,-0.0836,True,fuzzy_logic_fixed_snr,2.0796,0.699
78,v2,v6,20.0,50.0,40.0,0.6,0.25,0.8,-12.7753,True,fuzzy_logic_fixed_snr,0.708,0.1617
78,v2,v1,20.0,150.03,0.0,0.6,0.7501,0.0,-14.8188,True,fuzzy_logic_fixed_snr,0.6266,0.1676
78,v3,v4,20.0,10.44,40.0,0.6,0.0522,0.8,-1.8912,True,fuzzy_logic_fixed_snr,1.8214,0.5887
78,v3,v7,20.0,20.0,10.0,0.6,0.1,0.2,-3.2247,False,fuzzy_logic_fixed_snr,-3.2498,0.9137
78,v3,v8,20.0,20.22,20.0,0.6,0.1011,0.4,-4.7108,True,fuzzy_logic_fixed_snr,1.4112,0.4148
78,v3,v11,20.0,90.0,20.0,0.6,0.45,0.4,-15.0849,True,fuzzy_logic_fixed_snr,0.6306,0.1555
78,v3,v12,20.0,150.03,0.0,0.6,0.7501,0.0,-14.8188,True,fuzzy_logic_fixed_snr,0.6152,0.1621
78,v4,v3,40.0,10.44,40.0,1.0,0.0522,0.8,18.1088,True,fuzzy_logic_fixed_snr,2.9432,0.95
78,v4,v8,40.0,30.0,20.0,1.0,0.15,0.4,12.5491,False,fuzzy_logic_fixed_snr,12.5107,0.9961
78,v4,v7,40.0,30.15,30.0,1.0,0.1507,0.6,11.515,False,fuzzy_logic_fixed_snr,11.4797,0.9932
78,v4,v11,40.0,80.06,20.0,1.0,0.4003,0.4,5.7287,False,fuzzy_logic_fixed_snr,5.7077,0.9863
78,v4,v12,40.0,140.0,40.0,1.0,0.7,0.8,0.0702,True,fuzzy_logic_fixed_snr,2.1124,0.7014
79,v1,v6,40.0,60.07,20.0,1.0,0.3004,0.4,7.7239,False,fuzzy_logic_fixed_snr,7.6875,0.9912
79,v1,v13,40.0,130.0,40.0,1.0,0.65,0.8,0.5851,True,fuzzy_logic_fixed_snr,2.1546,0.7303
79,v1,v2,40.0,150.03,30.0,1.0,0.7501,0.6,0.3647,True,fuzzy_logic_fixed_snr,2.1404,0.715
79,v1,v5,40.0,170.0,10.0,1.0,0.85,0.2,1.9046,True,fuzzy_logic_fixed_snr,2.3381,0.8027
79,v1,v14,40.0,190.02,40.0,1.0,0.9501,0.8,-2.0527,True,fuzzy_logic_fixed_snr,1.7922,0.5875
79,v2,v6,20.0,90.0,10.0,0.6,0.45,0.2,-13.6761,True,fuzzy_logic_fixed_snr,0.6683,0.1754
79,v2,v1,20.0,150.03,30.0,0.6,0.7501,0.6,-19.6353,True,fuzzy_logic_fixed_snr,0.4813,0.1332
79,v3,v7,20.0,30.0,20.0,0.6,0.15,0.4,-7.4509,True,fuzzy_logic_fixed_snr,1.0987,0.2875
79,v3,v4,20.0,30.15,0.0,0.6,0.1507,0.0,-3.6685,False,fuzzy_logic_fixed_snr,-3.6921,0.9135
79,v3,v8,20.0,40.11,10.0,0.6,0.2006,0.2,-8.0607,False,fuzzy_logic_fixed_snr,-8.104,0.7236
79,v3,v11,20.0,70.0,10.0,0.6,0.35,0.2,-11.9298,True,fuzzy_logic_fixed_snr,0.7603,0.1928
79,v3,v15,20.0,140.0,20.0,0.6,0.7,0.4,-18.155,True,fuzzy_logic_fixed_snr,0.5111,0.1275
79,v4,v7,40.0,3.0,20.0,1.0,0.015,0.4,28.5491,False,fuzzy_logic_fixed_snr,28.517,0.999
79,v4,v8,40.0,10.0,10.0,1.0,0.05,0.2,21.5918,False,fuzzy_logic_fixed_snr,21.5629,1.0
79,v4,v3,40.0,30.15,0.0,1.0,0.1507,0.0,16.3315,False,fuzzy_logic_fixed_snr,16.3149,0.9961
79,v4,v11,40.0,100.04,10.0,1.0,0.5002,0.2,5.5886,False,fuzzy_logic_fixed_snr,5.5555,0.9932
79,v4,v15,40.0,170.03,20.0,1.0,0.8501,0.4,0.4948,True,fuzzy_logic_fixed_snr,2.1557,0.7104
80,v1,v6,40.0,40.11,0.0,1.0,0.2006,0.0,14.3476,False,fuzzy_logic_fixed_snr,14.3367,0.9951
80,v1,v2,40.0,120.04,0.0,1.0,0.6002,0.0,6.7309,False,fuzzy_logic_fixed_snr,6.6979,0.9877
80,v1,v13,40.0,170.0,30.0,1.0,0.85,0.6,-0.5037,True,fuzzy_logic_fixed_snr,1.9958,0.6469
80,v1,v5,40.0,180.0,0.0,1.0,0.9,0.0,3.9156,True,fuzzy_logic_fixed_snr,2.5424,0.857
80,v2,v6,20.0,80.0,0.0,0.6,0.4,0.0,-10.4494,True,fuzzy_logic_fixed_snr,0.8415,0.2166
80,v2,v1,20.0,120.04,0.0,0.6,0.6002,0.0,-13.2691,True,fuzzy_logic_fixed_snr,0.6884,0.1734
80,v3,v7,20.0,10.0,10.0,0.6,0.05,0.2,1.5918,False,fuzzy_logic_fixed_snr,1.5563,0.9779
80,v3,v4,20.0,30.15,10.0,0.6,0.1507,0.2,-6.0768,False,fuzzy_logic_fixed_snr,-6.12,0.8373
80,v3,v8,20.0,30.15,20.0,0.6,0.1507,0.4,-7.4855,True,fuzzy_logic_fixed_snr,1.0693,0.2689
80,v3,v11,20.0,60.0,10.0,0.6,0.3,0.2,-10.8587,True,fuzzy_logic_fixed_snr,0.8313,0.208
80,v3,v12,20.0,140.03,0.0,0.6,0.7002,0.0,-14.3396,True,fuzzy_logic_fixed_snr,0.6372,0.1527
80,v4,v8,40.0,0.0,30.0,1.0,0.0,0.6,40.0,False,fuzzy_logic_fixed_snr,39.9717,0.999
80,v4,v7,40.0,20.22,20.0,1.0,0.1011,0.4,15.2892,False,fuzzy_logic_fixed_snr,15.2534,0.9961
80,v4,v3,40.0,30.15,10.0,1.0,0.1507,0.2,13.9232,False,fuzzy_logic_fixed_snr,13.8979,0.998
80,v4,v11,40.0,90.05,20.0,1.0,0.4502,0.4,4.9113,False,fuzzy_logic_fixed_snr,4.8733,0.9857
80,v4,v12,40.0,170.0,10.0,1.0,0.85,0.2,1.9046,True,fuzzy_logic_fixed_snr,2.3249,0.7877
81,v1,v6,40.0,40.11,10.0,1.0,0.2006,0.2,11.9393,False,fuzzy_logic_fixed_snr,11.9081,0.9951
81,v1,v2,40.0,120.04,10.0,1.0,0.6002,0.2,4.3227,False,fuzzy_logic_fixed_snr,4.2949,0.9828
81,v1,v5,40.0,180.0,20.0,1.0,0.9,0.4,0.0987,True,fuzzy_logic_fixed_snr,2.088,0.7002
81,v1,v13,40.0,200.0,30.0,1.0,1.0,0.6,-1.633,True,fuzzy_logic_fixed_snr,1.8326,0.5949
81,v2,v6,20.0,80.0,20.0,0.6,0.4,0.4,-14.2664,True,fuzzy_logic_fixed_snr,0.6311,0.1555
81,v2,v1,20.0,120.04,10.0,0.6,0.6002,0.2,-15.6773,True,fuzzy_logic_fixed_snr,0.6084,0.151
81,v2,v4,20.0,190.09,60.0,0.6,0.9505,1.2,-23.2243,True,fuzzy_logic_fixed_snr,0.4154,0.1158
81,v3,v7,20.0,0.0,10.0,0.6,0.0,0.2,33.5918,False,fuzzy_logic_fixed_snr,33.5653,0.9971
81,v3,v8,20.0,10.44,10.0,0.6,0.0522,0.2,1.2923,False,fuzzy_logic_fixed_snr,1.2651,0.9756
81,v3,v4,20.0,40.11,0.0,0.6,0.2006,0.0,-5.6524,False,fuzzy_logic_fixed_snr,-5.6834,0.8406
81,v3,v11,20.0,70.0,20.0,0.6,0.35,0.4,-13.3385,True,fuzzy_logic_fixed_snr,0.6909,0.1775
81,v3,v12,20.0,140.03,0.0,0.6,0.7002,0.0,-14.3396,True,fuzzy_logic_fixed_snr,0.6414,0.1559
81,v4,v8,40.0,30.0,10.0,1.0,0.15,0.2,13.9578,False,fuzzy_logic_fixed_snr,13.9383,0.998
81,v4,v3,40.0,40.11,0.0,1.0,0.2006,0.0,14.3476,False,fuzzy_logic_fixed_snr,14.3147,0.9941
81,v4,v7,40.0,40.11,10.0,1.0,0.2006,0.2,11.9393,False,fuzzy_logic_fixed_snr,11.9176,0.9951
81,v4,v11,40.0,110.04,20.0,1.0,0.5502,0.4,3.5182,False,fuzzy_logic_fixed_snr,3.5012,0.9809
81,v4,v12,40.0,180.0,0.0,1.0,0.9,0.0,3.9156,True,fuzzy_logic_fixed_snr,2.5505,0.8836
82,v1,v6,40.0,30.15,40.0,1.0,0.1507,0.8,10.7397,True,fuzzy_logic_fixed_snr,2.8742,0.9465
82,v1,v2,40.0,130.03,0.0,1.0,0.6502,0.0,6.1751,False,fuzzy_logic_fixed_snr,6.142,0.9863
82,v1,v5,40.0,200.0,10.0,1.0,1.0,0.2,0.7753,True,fuzzy_logic_fixed_snr,2.1704,0.7303
82,v2,v6,20.0,100.0,40.0,0.6,0.5,0.8,-17.5918,True,fuzzy_logic_fixed_snr,0.5291,0.1297
82,v2,v1,20.0,130.03,0.0,0.6,0.6502,0.0,-13.8249,True,fuzzy_logic_fixed_snr,0.6535,0.1752
82,v2,v4,20.0,130.14,60.0,0.6,0.6507,1.2,-20.5913,True,fuzzy_logic_fixed_snr,0.4815,0.1141
82,v2,v8,20.0,150.12,60.0,0.6,0.7506,1.2,-21.5838,True,fuzzy_logic_fixed_snr,0.4449,0.1221
82,v2,v7,20.0,160.03,90.0,0.6,0.8001,1.8,-23.2671,True,fuzzy_logic_fixed_snr,0.434,0.1229
82,v3,v7,20.0,10.0,10.0,0.6,0.05,0.2,1.5918,False,fuzzy_logic_fixed_snr,1.571,0.9746
82,v3,v8,20.0,20.22,20.0,0.6,0.1011,0.4,-4.7108,True,fuzzy_logic_fixed_snr,1.3865,0.4096
82,v3,v4,20.0,40.11,20.0,0.6,0.2006,0.4,-9.4694,True,fuzzy_logic_fixed_snr,0.9381,0.234
82,v3,v11,20.0,50.0,0.0,0.6,0.25,0.0,-7.1835,False,fuzzy_logic_fixed_snr,-7.2038,0.767
82,v3,v15,20.0,120.0,10.0,0.6,0.6,0.2,-15.6751,True,fuzzy_logic_fixed_snr,0.6032,0.1379
82,v4,v8,40.0,20.0,0.0,1.0,0.1,0.0,19.1835,False,fuzzy_logic_fixed_snr,19.1555,0.998
82,v4,v7,40.0,30.15,30.0,1.0,0.1507,0.6,11.515,False,fuzzy_logic_fixed_snr,11.4936,0.9941
82,v4,v3,40.0,40.11,20.0,1.0,0.2006,0.4,10.5306,False,fuzzy_logic_fixed_snr,10.5069,0.9941
82,v4,v11,40.0,90.05,20.0,1.0,0.4502,0.4,4.9113,False,fuzzy_logic_fixed_snr,4.8718,0.9893
82,v4,v2,40.0,130.14,60.0,1.0,0.6507,1.2,-0.5913,True,fuzzy_logic_fixed_snr,1.9991,0.668
83,v1,v6,40.0,10.44,20.0,1.0,0.0522,0.4,19.8836,False,fuzzy_logic_fixed_snr,19.8585,0.9971
83,v1,v2,40.0,130.03,10.0,1.0,0.6502,0.2,3.7668,False,fuzzy_logic_fixed_snr,3.7487,0.9814
83,v2,v7,20.0,70.06,60.0,0.6,0.3503,1.2,-16.2887,True,fuzzy_logic_fixed_snr,0.5597,0.1318
83,v2,v4,20.0,70.26,60.0,0.6,0.3513,1.2,-16.3078,True,fuzzy_logic_fixed_snr,0.5488,0.1387
83,v2,v3,20.0,90.05,70.0,0.6,0.4502,1.4,-18.4965,True,fuzzy_logic_fixed_snr,0.5148,0.1254
83,v2,v8,20.0,90.2,30.0,0.6,0.451,0.6,-16.0998,True,fuzzy_logic_fixed_snr,0.5811,0.1637
83,v2,v1,20.0,130.03,10.0,0.6,0.6502,0.2,-16.2332,True,fuzzy_logic_fixed_snr,0.5873,0.1568
83,v3,v8,20.0,3.0,40.0,0.6,0.015,0.8,6.7743,True,fuzzy_logic_fixed_snr,2.7468,0.9143
83,v3,v7,20.0,20.0,10.0,0.6,0.1,0.2,-3.2247,False,fuzzy_logic_fixed_snr,-3.2434,0.9104
83,v3,v4,20.0,20.22,10.0,0.6,0.1011,0.2,-3.302,False,fuzzy_logic_fixed_snr,-3.3366,0.9229
83,v3,v11,20.0,50.0,0.0,0.6,0.25,0.0,-7.1835,False,fuzzy_logic_fixed_snr,-7.207,0.7676
83,v3,v2,20.0,90.05,70.0,0.6,0.4502,1.4,-18.4965,True,fuzzy_logic_fixed_snr,0.5035,0.1361
83,v4,v7,40.0,3.0,0.0,1.0,0.015,0.0,32.3661,False,fuzzy_logic_fixed_snr,32.3305,0.998
83,v4,v8,40.0,20.0,30.0,1.0,0.1,0.6,14.367,False,fuzzy_logic_fixed_snr,14.3394,0.9971
83,v4,v3,40.0,20.22,10.0,1.0,0.1011,0.2,16.698,False,fuzzy_logic_fixed_snr,16.6728,0.998
83,v4,v11,40.0,70.06,10.0,1.0,0.3503,0.2,8.0638,False,fuzzy_logic_fixed_snr,8.0328,0.9893
83,v4,v2,40.0,70.26,60.0,1.0,0.3513,1.2,3.6922,True,fuzzy_logic_fixed_snr,2.52,0.8709
84,v1,v6,40.0,30.15,10.0,1.0,0.1507,0.2,13.9232,False,fuzzy_logic_fixed_snr,13.8982,0.9961
84,v1,v2,40.0,120.04,40.0,1.0,0.6002,0.8,1.1392,True,fuzzy_logic_fixed_snr,2.2348,0.767
84,v1,v7,40.0,130.14,40.0,1.0,0.6507,0.8,0.5778,True,fuzzy_logic_fixed_snr,2.1628,0.7496
84,v1,v4,40.0,130.31,60.0,1.0,0.6516,1.2,-0.6005,True,fuzzy_logic_fixed_snr,2.0094,0.6631
84,v1,v3,40.0,140.13,20.0,1.0,0.7006,0.4,1.8386,True,fuzzy_logic_fixed_snr,2.3381,0.7959
84,v2,v7,20.0,10.44,80.0,0.6,0.0522,1.6,-3.9334,True,fuzzy_logic_fixed_snr,1.5397,0.4545
84,v2,v4,20.0,11.66,100.0,0.6,0.0583,2.0,-5.3995,True,fuzzy_logic_fixed_snr,1.3214,0.3512
84,v2,v3,20.0,20.22,60.0,0.6,0.1011,1.2,-7.6546,True,fuzzy_logic_fixed_snr,1.0755,0.2881
84,v2,v8,20.0,60.3,80.0,0.6,0.3015,1.6,-16.1189,True,fuzzy_logic_fixed_snr,0.5944,0.1594
84,v2,v11,20.0,70.06,60.0,0.6,0.3503,1.2,-16.2887,True,fuzzy_logic_fixed_snr,0.5672,0.134
84,v3,v7,20.0,10.0,20.0,0.6,0.05,0.4,0.183,True,fuzzy_logic_fixed_snr,2.1109,0.7127
84,v3,v4,20.0,10.44,40.0,0.6,0.0522,0.8,-1.8912,True,fuzzy_logic_fixed_snr,1.8037,0.5859
84,v3,v2,20.0,20.22,60.0,0.6,0.1011,1.2,-7.6546,True,fuzzy_logic_fixed_snr,1.0831,0.2811
84,v3,v8,20.0,40.11,20.0,0.6,0.2006,0.4,-9.4694,True,fuzzy_logic_fixed_snr,0.8915,0.2301
84,v3,v11,20.0,50.0,0.0,0.6,0.25,0.0,-7.1835,False,fuzzy_logic_fixed_snr,-7.2002,0.7631
84,v4,v7,40.0,3.0,20.0,1.0,0.015,0.4,28.5491,False,fuzzy_logic_fixed_snr,28.5123,0.998
84,v4,v3,40.0,10.44,40.0,1.0,0.0522,0.8,18.1088,True,fuzzy_logic_fixed_snr,2.9441,0.951
84,v4,v2,40.0,11.66,100.0,1.0,0.0583,2.0,14.6005,True,fuzzy_logic_fixed_snr,2.925,0.9533
84,v4,v8,40.0,50.0,20.0,1.0,0.25,0.4,8.9995,False,fuzzy_logic_fixed_snr,8.9774,0.9912
84,v4,v11,40.0,60.07,40.0,1.0,0.3004,0.8,5.9491,True,fuzzy_logic_fixed_snr,2.701,0.9109
85,v1,v6,40.0,20.22,10.0,1.0,0.1011,0.2,16.698,False,fuzzy_logic_fixed_snr,16.6656,0.9951
85,v1,v4,40.0,70.58,80.0,1.0,0.3529,1.6,2.7875,True,fuzzy_logic_fixed_snr,2.4315,0.8291
85,v1,v7,40.0,90.2,70.0,1.0,0.451,1.4,1.492,True,fuzzy_logic_fixed_snr,2.3024,0.7961
85,v1,v3,40.0,120.15,90.0,1.0,0.6007,1.8,-1.2756,True,fuzzy_logic_fixed_snr,1.8847,0.6084
85,v1,v8,40.0,140.29,70.0,1.0,0.7014,1.4,-1.5771,True,fuzzy_logic_fixed_snr,1.8224,0.5803
85,v2,v11,20.0,10.44,60.0,0.6,0.0522,1.2,-3.0602,True,fuzzy_logic_fixed_snr,1.6466,0.5111
85,v2,v8,20.0,20.88,80.0,0.6,0.1044,1.6,-8.7498,True,fuzzy_logic_fixed_snr,0.9961,0.2377
85,v2,v3,20.0,40.11,100.0,0.6,0.2006,2.0,-13.9836,True,fuzzy_logic_fixed_snr,0.633,0.166
85,v2,v7,20.0,70.06,80.0,0.6,0.3503,1.6,-17.1619,True,fuzzy_logic_fixed_snr,0.5492,0.1307
85,v2,v15,20.0,70.06,80.0,0.6,0.3503,1.6,-17.1619,True,fuzzy_logic_fixed_snr,0.5559,0.1566
85,v3,v8,20.0,20.22,20.0,0.6,0.1011,0.4,-4.7108,True,fuzzy_logic_fixed_snr,1.4095,0.3947
85,v3,v7,20.0,30.0,20.0,0.6,0.15,0.4,-7.4509,True,fuzzy_logic_fixed_snr,1.0918,0.2826
85,v3,v2,20.0,40.11,100.0,0.6,0.2006,2.0,-13.9836,True,fuzzy_logic_fixed_snr,0.6584,0.1547
85,v3,v11,20.0,50.0,40.0,0.6,0.25,0.8,-12.7753,True,fuzzy_logic_fixed_snr,0.7286,0.1949
85,v3,v4,20.0,50.09,10.0,0.6,0.2504,0.2,-9.6042,False,fuzzy_logic_fixed_snr,-9.6422,0.6434
85,v4,v7,40.0,20.22,10.0,1.0,0.1011,0.2,16.698,False,fuzzy_logic_fixed_snr,16.6825,0.999
85,v4,v3,40.0,50.09,10.0,1.0,0.2504,0.2,10.3958,False,fuzzy_logic_fixed_snr,10.3754,0.9941
85,v4,v8,40.0,70.0,10.0,1.0,0.35,0.2,8.0702,False,fuzzy_logic_fixed_snr,8.0474,0.9883
85,v4,v1,40.0,70.58,80.0,1.0,0.3529,1.6,2.7875,True,fuzzy_logic_fixed_snr,2.4262,0.8256
85,v4,v2,40.0,90.2,90.0,1.0,0.451,1.8,0.7167,True,fuzzy_logic_fixed_snr,2.1759,0.7355
86,v1,v6,40.0,10.44,0.0,1.0,0.0522,0.0,23.7006,False,fuzzy_logic_fixed_snr,23.677,0.998
86,v1,v4,40.0,13.45,40.0,1.0,0.0673,0.8,16.3468,True,fuzzy_logic_fixed_snr,2.937,0.9494
86,v1,v7,40.0,20.88,60.0,1.0,0.1044,1.2,12.1233,True,fuzzy_logic_fixed_snr,2.8999,0.95
86,v1,v3,40.0,30.59,70.0,1.0,0.153,1.4,9.0051,True,fuzzy_logic_fixed_snr,2.8334,0.9348
86,v1,v8,40.0,70.58,40.0,1.0,0.3529,0.8,4.8297,True,fuzzy_logic_fixed_snr,2.6248,0.883
86,v2,v15,20.0,10.44,90.0,0.6,0.0522,1.8,-4.2994,True,fuzzy_logic_fixed_snr,1.4623,0.4348
86,v2,v12,20.0,11.66,90.0,0.6,0.0583,1.8,-5.0683,True,fuzzy_logic_fixed_snr,1.3482,0.3867
86,v2,v11,20.0,50.09,90.0,0.6,0.2504,1.8,-15.196,True,fuzzy_logic_fixed_snr,0.6043,0.152
86,v2,v16,20.0,90.2,90.0,0.6,0.451,1.8,-19.2833,True,fuzzy_logic_fixed_snr,0.4911,0.1238
86,v2,v8,20.0,100.18,50.0,0.6,0.5009,1.0,-18.2377,True,fuzzy_logic_fixed_snr,0.5173,0.1219
86,v3,v7,20.0,10.0,10.0,0.6,0.05,0.2,1.5918,False,fuzzy_logic_fixed_snr,1.559,0.9775
86,v3,v1,20.0,30.59,70.0,0.6,0.153,1.4,-10.9949,True,fuzzy_logic_fixed_snr,0.8257,0.2273
86,v3,v4,20.0,40.11,30.0,0.6,0.2006,0.6,-10.4689,True,fuzzy_logic_fixed_snr,0.8512,0.1982
86,v3,v6,20.0,40.11,70.0,0.6,0.2006,1.4,-12.8772,True,fuzzy_logic_fixed_snr,0.7179,0.175
86,v3,v8,20.0,40.11,30.0,0.6,0.2006,0.6,-10.4689,True,fuzzy_logic_fixed_snr,0.8406,0.2221
86,v4,v6,40.0,6.0,40.0,1.0,0.03,0.8,21.9578,True,fuzzy_logic_fixed_snr,2.9516,0.951
86,v4,v1,40.0,13.45,40.0,1.0,0.0673,0.8,16.3468,True,fuzzy_logic_fixed_snr,2.9339,0.9514
86,v4,v7,40.0,30.15,20.0,1.0,0.1507,0.4,12.5145,False,fuzzy_logic_fixed_snr,12.497,0.9932
86,v4,v3,40.0,40.11,30.0,1.0,0.2006,0.6,9.5311,False,fuzzy_logic_fixed_snr,9.5022,0.9951
86,v4,v8,40.0,80.0,0.0,1.0,0.4,0.0,9.5506,False,fuzzy_logic_fixed_snr,9.5081,0.9961
87,v1,v6,40.0,10.44,20.0,1.0,0.0522,0.4,19.8836,False,fuzzy_logic_fixed_snr,19.8602,0.998
87,v1,v8,40.0,31.32,40.0,1.0,0.1566,0.8,10.4749,True,fuzzy_logic_fixed_snr,2.8717,0.9373
87,v1,v3,40.0,40.45,70.0,1.0,0.2022,1.4,7.065,True,fuzzy_logic_fixed_snr,2.7633,0.9313
87,v1,v7,40.0,40.45,70.0,1.0,0.2022,1.4,7.065,True,fuzzy_logic_fixed_snr,2.7619,0.9227
87,v1,v11,40.0,40.45,80.0,1.0,0.2022,1.6,6.6558,True,fuzzy_logic_fixed_snr,2.7328,0.9246
87,v2,v16,20.0,6.0,90.0,0.6,0.03,1.8,-0.4504,True,fuzzy_logic_fixed_snr,2.0231,0.6719
87,v2,v15,20.0,100.04,90.0,0.6,0.5002,1.8,-20.0031,True,fuzzy_logic_fixed_snr,0.4587,0.1137
87,v2,v19,20.0,100.04,100.0,0.6,0.5002,2.0,-20.3343,True,fuzzy_logic_fixed_snr,0.4695,0.1297
87,v2,v12,20.0,100.18,70.0,0.6,0.5009,1.4,-19.2372,True,fuzzy_logic_fixed_snr,0.4917,0.1197
87,v2,v11,20.0,140.03,100.0,0.6,0.7002,2.0,-22.6708,True,fuzzy_logic_fixed_snr,0.4486,0.1242
87,v3,v7,20.0,0.0,0.0,0.6,0.0,0.0,36.0,False,fuzzy_logic_fixed_snr,35.969,1.0
87,v3,v4,20.0,10.44,10.0,0.6,0.0522,0.2,1.2923,False,fuzzy_logic_fixed_snr,1.2717,0.9756
87,v3,v6,20.0,30.15,50.0,0.6,0.1507,1.0,-9.8937,True,fuzzy_logic_fixed_snr,0.8982,0.2193
87,v3,v1,20.0,40.45,70.0,0.6,0.2022,1.4,-12.935,True,fuzzy_logic_fixed_snr,0.7065,0.173
87,v3,v8,20.0,70.06,30.0,0.6,0.3503,0.6,-14.3444,True,fuzzy_logic_fixed_snr,0.647,0.1709
87,v4,v3,40.0,10.44,10.0,1.0,0.0522,0.2,21.2923,False,fuzzy_logic_fixed_snr,21.2692,0.998
87,v4,v7,40.0,10.44,10.0,1.0,0.0522,0.2,21.2923,False,fuzzy_logic_fixed_snr,21.2648,0.9961
87,v4,v6,40.0,40.45,60.0,1.0,0.2022,1.2,7.5289,True,fuzzy_logic_fixed_snr,2.7831,0.9348
87,v4,v1,40.0,50.8,80.0,1.0,0.254,1.6,5.0718,True,fuzzy_logic_fixed_snr,2.644,0.9061
87,v4,v8,40.0,80.0,40.0,1.0,0.4,0.8,3.9588,True,fuzzy_logic_fixed_snr,2.5455,0.8576
88,v1,v15,40.0,11.66,60.0,1.0,0.0583,1.2,16.1709,True,fuzzy_logic_fixed_snr,2.9367,0.9559
88,v1,v8,40.0,13.45,40.0,1.0,0.0673,0.8,16.3468,True,fuzzy_logic_fixed_snr,2.9356,0.951
88,v1,v6,40.0,30.15,0.0,1.0,0.1507,0.0,16.3315,False,fuzzy_logic_fixed_snr,16.3119,0.9971
88,v1,v12,40.0,31.32,40.0,1.0,0.1566,0.8,10.4749,True,fuzzy_logic_fixed_snr,2.871,0.9514
88,v1,v11,40.0,40.45,60.0,1.0,0.2022,1.2,7.5289,True,fuzzy_logic_fixed_snr,2.7805,0.9295
88,v2,v19,20.0,3.0,60.0,0.6,0.015,1.2,5.6053,True,fuzzy_logic_fixed_snr,2.6834,0.9035
88,v2,v16,20.0,90.2,60.0,0.6,0.451,1.2,-18.0441,True,fuzzy_logic_fixed_snr,0.5276,0.1248
88,v2,v12,20.0,170.11,40.0,0.6,0.8505,0.8,-21.2833,True,fuzzy_logic_fixed_snr,0.4573,0.1297
88,v2,v15,20.0,190.02,60.0,0.6,0.9501,1.2,-23.2217,True,fuzzy_logic_fixed_snr,0.425,0.1195
88,v3,v7,20.0,0.0,20.0,0.6,0.0,0.4,32.183,True,fuzzy_logic_fixed_snr,2.956,0.9504
88,v3,v4,20.0,20.22,10.0,0.6,0.1011,0.2,-3.302,False,fuzzy_logic_fixed_snr,-3.3313,0.923
88,v3,v11,20.0,70.0,0.0,0.6,0.35,0.0,-9.5216,True,fuzzy_logic_fixed_snr,0.9235,0.2199
88,v3,v6,20.0,80.06,60.0,0.6,0.4003,1.2,-17.2151,True,fuzzy_logic_fixed_snr,0.5471,0.1496
88,v3,v5,20.0,80.22,70.0,0.6,0.4011,1.4,-17.6936,True,fuzzy_logic_fixed_snr,0.535,0.1543
88,v4,v3,40.0,20.22,10.0,1.0,0.1011,0.2,16.698,False,fuzzy_logic_fixed_snr,16.6844,0.998
88,v4,v7,40.0,20.22,10.0,1.0,0.1011,0.2,16.698,False,fuzzy_logic_fixed_snr,16.6792,0.9971
88,v4,v5,40.0,60.67,80.0,1.0,0.3034,1.6,3.8383,True,fuzzy_logic_fixed_snr,2.5387,0.8643
88,v4,v13,40.0,80.5,90.0,1.0,0.4025,1.8,1.5069,True,fuzzy_logic_fixed_snr,2.2836,0.775
88,v4,v11,40.0,90.05,10.0,1.0,0.4502,0.2,6.32,False,fuzzy_logic_fixed_snr,6.2922,0.9941
89,v1,v12,40.0,13.45,80.0,1.0,0.0673,1.6,14.3046,True,fuzzy_logic_fixed_snr,2.9237,0.9506
89,v1,v6,40.0,30.15,30.0,1.0,0.1507,0.6,11.515,False,fuzzy_logic_fixed_snr,11.4802,0.9932
89,v1,v15,40.0,50.36,60.0,1.0,0.2518,1.2,6.006,True,fuzzy_logic_fixed_snr,2.7037,0.909
89,v1,v8,40.0,50.8,60.0,1.0,0.254,1.2,5.9449,True,fuzzy_logic_fixed_snr,2.6986,0.9107
89,v1,v16,40.0,50.8,90.0,1.0,0.254,1.8,4.7057,True,fuzzy_logic_fixed_snr,2.6089,0.9027
89,v2,v19,20.0,60.07,30.0,0.6,0.3004,0.6,-13.2756,True,fuzzy_logic_fixed_snr,0.7054,0.1643
89,v2,v16,20.0,150.12,60.0,0.6,0.7506,1.2,-21.5838,True,fuzzy_logic_fixed_snr,0.4271,0.0994
89,v3,v5,20.0,11.66,70.0,0.6,0.0583,1.4,-4.293,True,fuzzy_logic_fixed_snr,1.4671,0.4033
89,v3,v7,20.0,20.0,20.0,0.6,0.1,0.4,-4.6334,True,fuzzy_logic_fixed_snr,1.4281,0.3885
89,v3,v13,20.0,20.88,50.0,0.6,0.1044,1.0,-7.3411,True,fuzzy_logic_fixed_snr,1.1271,0.3117
89,v3,v4,20.0,30.15,0.0,0.6,0.1507,0.0,-3.6685,False,fuzzy_logic_fixed_snr,-3.6919,0.9121
89,v3,v11,20.0,70.0,10.0,0.6,0.35,0.2,-11.9298,True,fuzzy_logic_fixed_snr,0.7589,0.209
89,v4,v7,40.0,10.44,20.0,1.0,0.0522,0.4,19.8836,False,fuzzy_logic_fixed_snr,19.8473,0.998
89,v4,v13,40.0,13.45,50.0,1.0,0.0673,1.0,15.7134,True,fuzzy_logic_fixed_snr,2.933,0.9494
89,v4,v5,40.0,21.93,70.0,1.0,0.1097,1.4,11.3181,True,fuzzy_logic_fixed_snr,2.8867,0.9525
89,v4,v3,40.0,30.15,0.0,1.0,0.1507,0.0,16.3315,False,fuzzy_logic_fixed_snr,16.3095,0.998
89,v4,v14,40.0,50.36,80.0,1.0,0.2518,1.6,5.1329,True,fuzzy_logic_fixed_snr,2.6453,0.9006
90,v1,v16,40.0,41.0,40.0,1.0,0.205,0.8,8.6037,True,fuzzy_logic_fixed_snr,2.8227,0.9279
90,v1,v6,40.0,60.07,10.0,1.0,0.3004,0.2,9.1327,False,fuzzy_logic_fixed_snr,9.1171,0.9932
90,v1,v19,40.0,80.22,50.0,1.0,0.4011,1.0,3.3059,True,fuzzy_logic_fixed_snr,2.4862,0.8549
90,v1,v12,40.0,90.45,40.0,1.0,0.4522,0.8,3.1058,True,fuzzy_logic_fixed_snr,2.467,0.8516
90,v1,v15,40.0,110.16,80.0,1.0,0.5508,1.6,-0.3065,True,fuzzy_logic_fixed_snr,2.0303,0.6742
90,v2,v19,20.0,90.05,40.0,0.6,0.4502,0.8,-16.8635,True,fuzzy_logic_fixed_snr,0.5393,0.1326
90,v2,v20,20.0,150.12,70.0,0.6,0.7506,1.4,-22.0477,True,fuzzy_logic_fixed_snr,0.4173,0.1105
90,v2,v1,20.0,170.03,10.0,0.6,0.8501,0.2,-18.0965,True,fuzzy_logic_fixed_snr,0.5301,0.14
90,v3,v14,20.0,3.0,70.0,0.6,0.015,1.4,5.1413,True,fuzzy_logic_fixed_snr,2.6416,0.9023
90,v3,v4,20.0,30.15,10.0,0.6,0.1507,0.2,-6.0768,False,fuzzy_logic_fixed_snr,-6.1077,0.8186
90,v3,v13,20.0,30.59,70.0,0.6,0.153,1.4,-10.9949,True,fuzzy_logic_fixed_snr,0.7924,0.2008
90,v3,v7,20.0,40.0,0.0,0.6,0.2,0.0,-5.633,False,fuzzy_logic_fixed_snr,-5.6647,0.8355
90,v3,v11,20.0,60.0,10.0,0.6,0.3,0.2,-10.8587,True,fuzzy_logic_fixed_snr,0.8153,0.1996
90,v4,v7,40.0,10.44,10.0,1.0,0.0522,0.2,21.2923,False,fuzzy_logic_fixed_snr,21.2811,0.9971
90,v4,v3,40.0,30.15,10.0,1.0,0.1507,0.2,13.9232,False,fuzzy_logic_fixed_snr,13.8774,0.9971
90,v4,v14,40.0,30.59,80.0,1.0,0.153,1.6,8.5959,True,fuzzy_logic_fixed_snr,2.8211,0.9373
90,v4,v9,40.0,41.0,50.0,1.0,0.205,1.0,7.9702,True,fuzzy_logic_fixed_snr,2.7995,0.9338
90,v4,v10,40.0,50.36,40.0,1.0,0.2518,0.8,7.175,True,fuzzy_logic_fixed_snr,2.7639,0.9225
91,v1,v19,40.0,30.59,70.0,1.0,0.153,1.4,9.0051,True,fuzzy_logic_fixed_snr,2.8293,0.9432
91,v1,v6,40.0,70.06,20.0,1.0,0.3503,0.4,6.6551,False,fuzzy_logic_fixed_snr,6.624,0.9912
91,v1,v16,40.0,80.5,60.0,1.0,0.4025,1.2,2.7461,True,fuzzy_logic_fixed_snr,2.436,0.842
91,v1,v12,40.0,130.31,80.0,1.0,0.6516,1.6,-1.4736,True,fuzzy_logic_fixed_snr,1.8696,0.6154
91,v1,v2,40.0,160.03,20.0,1.0,0.8001,0.4,0.9159,True,fuzzy_logic_fixed_snr,2.1938,0.7633
91,v2,v20,20.0,80.22,60.0,0.6,0.4011,1.2,-17.2297,True,fuzzy_logic_fixed_snr,0.5503,0.1463
91,v2,v19,20.0,130.03,50.0,0.6,0.6502,1.0,-20.0502,True,fuzzy_logic_fixed_snr,0.4827,0.1277
91,v2,v1,20.0,160.03,20.0,0.6,0.8001,0.4,-19.0841,True,fuzzy_logic_fixed_snr,0.4995,0.1484
91,v3,v9,20.0,30.59,60.0,0.6,0.153,1.2,-10.531,True,fuzzy_logic_fixed_snr,0.8562,0.2139
91,v3,v7,20.0,40.0,20.0,0.6,0.2,0.4,-9.4499,True,fuzzy_logic_fixed_snr,0.921,0.2373
91,v3,v4,20.0,40.11,0.0,0.6,0.2006,0.0,-5.6524,False,fuzzy_logic_fixed_snr,-5.6734,0.8441
91,v3,v11,20.0,50.0,0.0,0.6,0.25,0.0,-7.1835,False,fuzzy_logic_fixed_snr,-7.2193,0.7648
91,v3,v10,20.0,50.09,50.0,0.6,0.2504,1.0,-13.4212,True,fuzzy_logic_fixed_snr,0.689,0.1834
91,v4,v7,40.0,3.0,20.0,1.0,0.015,0.4,28.5491,False,fuzzy_logic_fixed_snr,28.5199,0.998
91,v4,v10,40.0,11.66,50.0,1.0,0.0583,1.0,16.7065,True,fuzzy_logic_fixed_snr,2.9355,0.9523
91,v4,v9,40.0,13.45,60.0,1.0,0.0673,1.2,15.1778,True,fuzzy_logic_fixed_snr,2.9283,0.95
91,v4,v3,40.0,40.11,0.0,1.0,0.2006,0.0,14.3476,False,fuzzy_logic_fixed_snr,14.3163,0.9971
91,v4,v11,40.0,90.05,0.0,1.0,0.4502,0.0,8.7283,False,fuzzy_logic_fixed_snr,8.7032,0.9912
92,v1,v19,40.0,40.45,70.0,1.0,0.2022,1.4,7.065,True,fuzzy_logic_fixed_snr,2.758,0.9191
92,v1,v6,40.0,90.05,10.0,1.0,0.4502,0.2,6.32,False,fuzzy_logic_fixed_snr,6.2909,0.9893
92,v1,v2,40.0,140.03,10.0,1.0,0.7002,0.2,3.2521,False,fuzzy_logic_fixed_snr,3.2215,0.9857
92,v1,v16,40.0,140.29,30.0,1.0,0.7014,0.6,0.8311,True,fuzzy_logic_fixed_snr,2.1891,0.7324
92,v1,v20,40.0,160.25,30.0,1.0,0.8013,0.6,-0.0934,True,fuzzy_logic_fixed_snr,2.0522,0.6746
92,v2,v20,20.0,20.88,40.0,0.6,0.1044,0.8,-6.7077,True,fuzzy_logic_fixed_snr,1.1788,0.3115
92,v2,v1,20.0,140.03,10.0,0.6,0.7002,0.2,-16.7479,True,fuzzy_logic_fixed_snr,0.5525,0.1203
92,v2,v19,20.0,180.02,80.0,0.6,0.9001,1.6,-23.7193,True,fuzzy_logic_fixed_snr,0.4213,0.1039
92,v3,v10,20.0,3.0,90.0,0.6,0.015,1.8,4.3661,True,fuzzy_logic_fixed_snr,2.59,0.8836
92,v3,v9,20.0,30.59,100.0,0.6,0.153,2.0,-12.1013,True,fuzzy_logic_fixed_snr,0.7535,0.1918
92,v3,v4,20.0,40.11,10.0,0.6,0.2006,0.2,-8.0607,False,fuzzy_logic_fixed_snr,-8.1052,0.7035
92,v3,v11,20.0,50.0,30.0,0.6,0.25,0.6,-12.0,True,fuzzy_logic_fixed_snr,0.768,0.1928
92,v3,v7,20.0,60.0,10.0,0.6,0.3,0.2,-10.8587,True,fuzzy_logic_fixed_snr,0.8225,0.2365
92,v4,v7,40.0,20.22,0.0,1.0,0.1011,0.0,19.1062,False,fuzzy_logic_fixed_snr,19.0815,0.9961
92,v4,v3,40.0,40.11,10.0,1.0,0.2006,0.2,11.9393,False,fuzzy_logic_fixed_snr,11.9249,0.9922
92,v4,v10,40.0,40.45,80.0,1.0,0.2022,1.6,6.6558,True,fuzzy_logic_fixed_snr,2.7395,0.9217
92,v4,v9,40.0,70.58,90.0,1.0,0.3529,1.8,2.4215,True,fuzzy_logic_fixed_snr,2.3837,0.8219
92,v4,v11,40.0,90.05,20.0,1.0,0.4502,0.4,4.9113,False,fuzzy_logic_fixed_snr,4.8768,0.9883
93,v1,v6,40.0,80.06,20.0,1.0,0.4003,0.4,5.7287,False,fuzzy_logic_fixed_snr,5.7043,0.9867
93,v1,v19,40.0,110.16,100.0,1.0,0.5508,2.0,-1.0037,True,fuzzy_logic_fixed_snr,1.9345,0.6361
93,v1,v20,40.0,130.31,80.0,1.0,0.6516,1.6,-1.4736,True,fuzzy_logic_fixed_snr,1.8764,0.6135
93,v1,v5,40.0,150.0,30.0,1.0,0.75,0.6,0.3661,True,fuzzy_logic_fixed_snr,2.1189,0.723
93,v1,v2,40.0,150.03,40.0,1.0,0.7501,0.8,-0.4106,True,fuzzy_logic_fixed_snr,2.0041,0.6729
93,v2,v20,20.0,20.88,40.0,0.6,0.1044,0.8,-6.7077,True,fuzzy_logic_fixed_snr,1.1762,0.3436
93,v2,v1,20.0,150.03,40.0,0.6,0.7501,0.8,-20.4106,True,fuzzy_logic_fixed_snr,0.4756,0.1205
93,v3,v4,20.0,30.15,20.0,0.6,0.1507,0.4,-7.4855,True,fuzzy_logic_fixed_snr,1.1048,0.2879
93,v3,v7,20.0,50.0,10.0,0.6,0.25,0.2,-9.5918,False,fuzzy_logic_fixed_snr,-9.6195,0.6205
93,v3,v17,20.0,60.3,40.0,0.6,0.3015,0.8,-14.0768,True,fuzzy_logic_fixed_snr,0.647,0.1686
93,v3,v11,20.0,80.0,20.0,0.6,0.4,0.4,-14.2664,True,fuzzy_logic_fixed_snr,0.6427,0.1527
93,v3,v10,20.0,90.05,70.0,0.6,0.4502,1.4,-18.4965,True,fuzzy_logic_fixed_snr,0.4996,0.1459
93,v4,v7,40.0,20.22,30.0,1.0,0.1011,0.6,14.2897,False,fuzzy_logic_fixed_snr,14.2654,0.9961
93,v4,v3,40.0,30.15,20.0,1.0,0.1507,0.4,12.5145,False,fuzzy_logic_fixed_snr,12.4894,0.9951
93,v4,v17,40.0,31.32,20.0,1.0,0.1566,0.4,12.2497,False,fuzzy_logic_fixed_snr,12.2223,0.9971
93,v4,v18,40.0,90.2,50.0,1.0,0.451,1.0,2.4915,True,fuzzy_logic_fixed_snr,2.4074,0.8191
93,v4,v11,40.0,110.04,0.0,1.0,0.5502,0.0,7.3351,False,fuzzy_logic_fixed_snr,7.3111,0.9912
94,v1,v20,40.0,50.8,30.0,1.0,0.254,0.6,7.8892,False,fuzzy_logic_fixed_snr,7.8622,0.9912
94,v1,v6,40.0,100.04,10.0,1.0,0.5002,0.2,5.5886,False,fuzzy_logic_fixed_snr,5.5619,0.9873
94,v1,v2,40.0,110.04,20.0,1.0,0.5502,0.4,3.5182,False,fuzzy_logic_fixed_snr,3.495,0.9873
94,v1,v13,40.0,170.0,10.0,1.0,0.85,0.2,1.9046,True,fuzzy_logic_fixed_snr,2.3351,0.7779
94,v1,v5,40.0,180.0,0.0,1.0,0.9,0.0,3.9156,True,fuzzy_logic_fixed_snr,2.5343,0.8775
94,v2,v20,20.0,60.3,50.0,0.6,0.3015,1.0,-14.7102,True,fuzzy_logic_fixed_snr,0.6182,0.159
94,v2,v1,20.0,110.04,20.0,0.6,0.5502,0.4,-16.4818,True,fuzzy_logic_fixed_snr,0.5681,0.1309
94,v3,v4,20.0,10.44,20.0,0.6,0.0522,0.4,-0.1164,True,fuzzy_logic_fixed_snr,2.0545,0.6875
94,v3,v17,20.0,20.88,50.0,0.6,0.1044,1.0,-7.3411,True,fuzzy_logic_fixed_snr,1.1166,0.3104
94,v3,v18,20.0,50.09,60.0,0.6,0.2504,1.2,-13.9568,True,fuzzy_logic_fixed_snr,0.665,0.1635
94,v3,v7,20.0,60.0,20.0,0.6,0.3,0.4,-12.2674,True,fuzzy_logic_fixed_snr,0.7586,0.1902
94,v3,v11,20.0,100.0,10.0,0.6,0.5,0.2,-14.4082,True,fuzzy_logic_fixed_snr,0.6442,0.158
94,v4,v3,40.0,10.44,20.0,1.0,0.0522,0.4,19.8836,False,fuzzy_logic_fixed_snr,19.8503,0.998
94,v4,v17,40.0,13.45,70.0,1.0,0.0673,1.4,14.7139,True,fuzzy_logic_fixed_snr,2.926,0.9539
94,v4,v18,40.0,40.45,80.0,1.0,0.2022,1.6,6.6558,True,fuzzy_logic_fixed_snr,2.74,0.927
94,v4,v7,40.0,50.09,0.0,1.0,0.2504,0.0,12.804,False,fuzzy_logic_fixed_snr,12.7653,0.9951
94,v4,v11,40.0,110.04,10.0,1.0,0.5502,0.2,4.9269,False,fuzzy_logic_fixed_snr,4.9005,0.9883
95,v1,v20,40.0,21.93,20.0,1.0,0.1097,0.4,14.7259,False,fuzzy_logic_fixed_snr,14.7052,0.9961
95,v1,v6,40.0,110.04,40.0,1.0,0.5502,0.8,1.7434,True,fuzzy_logic_fixed_snr,2.3145,0.7799
95,v1,v2,40.0,130.03,20.0,1.0,0.6502,0.4,2.3581,True,fuzzy_logic_fixed_snr,2.3864,0.8021
95,v1,v13,40.0,160.0,0.0,1.0,0.8,0.0,4.7341,True,fuzzy_logic_fixed_snr,2.6149,0.8957
95,v1,v5,40.0,180.0,40.0,1.0,0.9,0.8,-1.6761,True,fuzzy_logic_fixed_snr,1.8371,0.5996
95,v2,v20,20.0,110.16,40.0,0.6,0.5508,0.8,-18.2644,True,fuzzy_logic_fixed_snr,0.523,0.1461
95,v2,v1,20.0,130.03,20.0,0.6,0.6502,0.4,-17.6419,True,fuzzy_logic_fixed_snr,0.5066,0.1424
95,v3,v18,20.0,10.44,60.0,0.6,0.0522,1.2,-3.0602,True,fuzzy_logic_fixed_snr,1.6381,0.5021
95,v3,v4,20.0,30.15,0.0,0.6,0.1507,0.0,-3.6685,False,fuzzy_logic_fixed_snr,-3.699,0.9066
95,v3,v17,20.0,30.59,70.0,0.6,0.153,1.4,-10.9949,True,fuzzy_logic_fixed_snr,0.8075,0.1904
95,v3,v7,20.0,80.0,30.0,0.6,0.4,0.6,-15.2659,True,fuzzy_logic_fixed_snr,0.6026,0.1508
95,v3,v11,20.0,90.0,0.0,0.6,0.45,0.0,-11.2679,True,fuzzy_logic_fixed_snr,0.8,0.1787
95,v4,v3,40.0,30.15,0.0,1.0,0.1507,0.0,16.3315,False,fuzzy_logic_fixed_snr,16.3057,0.9961
95,v4,v18,40.0,40.45,60.0,1.0,0.2022,1.2,7.5289,True,fuzzy_logic_fixed_snr,2.7784,0.927
95,v4,v7,40.0,50.09,30.0,1.0,0.2504,0.6,7.9875,False,fuzzy_logic_fixed_snr,7.9552,0.9922
95,v4,v17,40.0,60.67,70.0,1.0,0.3034,1.4,4.2476,True,fuzzy_logic_fixed_snr,2.5823,0.8883
95,v4,v11,40.0,120.04,0.0,1.0,0.6002,0.0,6.7309,False,fuzzy_logic_fixed_snr,6.7081,0.9922
96,v1,v20,40.0,9.0,70.0,1.0,0.045,1.4,17.5074,True,fuzzy_logic_fixed_snr,2.9395,0.9529
96,v1,v6,40.0,70.06,10.0,1.0,0.3503,0.2,8.0638,False,fuzzy_logic_fixed_snr,8.052,0.9922
96,v1,v5,40.0,140.0,10.0,1.0,0.7,0.2,3.2537,False,fuzzy_logic_fixed_snr,3.231,0.9844
96,v1,v2,40.0,150.03,10.0,1.0,0.7501,0.2,2.7729,False,fuzzy_logic_fixed_snr,2.7374,0.9799
96,v1,v13,40.0,160.0,10.0,1.0,0.8,0.2,2.3258,True,fuzzy_logic_fixed_snr,2.3846,0.8213
96,v2,v1,20.0,150.03,10.0,0.6,0.7501,0.2,-17.2271,True,fuzzy_logic_fixed_snr,0.5232,0.1535
96,v2,v20,20.0,150.12,80.0,0.6,0.7506,1.6,-22.457,True,fuzzy_logic_fixed_snr,0.4412,0.1355
96,v3,v4,20.0,30.15,40.0,0.6,0.1507,0.8,-9.2603,True,fuzzy_logic_fixed_snr,0.9398,0.248
96,v3,v18,20.0,70.06,60.0,0.6,0.3503,1.2,-16.2887,True,fuzzy_logic_fixed_snr,0.5566,0.1357
96,v3,v11,20.0,90.0,40.0,0.6,0.45,0.8,-16.8596,True,fuzzy_logic_fixed_snr,0.548,0.1391
96,v3,v17,20.0,100.18,70.0,0.6,0.5009,1.4,-19.2372,True,fuzzy_logic_fixed_snr,0.4898,0.1229
96,v3,v7,20.0,110.0,30.0,0.6,0.55,0.6,-17.4788,True,fuzzy_logic_fixed_snr,0.5279,0.1363
96,v4,v3,40.0,30.15,40.0,1.0,0.1507,0.8,10.7397,True,fuzzy_logic_fixed_snr,2.8745,0.9441
96,v4,v7,40.0,80.06,10.0,1.0,0.4003,0.2,7.1374,False,fuzzy_logic_fixed_snr,7.1164,0.9893
96,v4,v18,40.0,100.18,20.0,1.0,0.5009,0.4,4.1705,False,fuzzy_logic_fixed_snr,4.1498,0.9852
96,v4,v11,40.0,120.04,0.0,1.0,0.6002,0.0,6.7309,False,fuzzy_logic_fixed_snr,6.71,0.9922
96,v4,v17,40.0,130.31,30.0,1.0,0.6516,0.6,1.3438,True,fuzzy_logic_fixed_snr,2.2515,0.7611
97,v1,v6,40.0,60.07,40.0,1.0,0.3004,0.8,5.9491,True,fuzzy_logic_fixed_snr,2.7011,0.9105
97,v1,v20,40.0,70.58,60.0,1.0,0.3529,1.2,3.6607,True,fuzzy_logic_fixed_snr,2.5193,0.8551
97,v1,v5,40.0,130.0,40.0,1.0,0.65,0.8,0.5851,True,fuzzy_logic_fixed_snr,2.1742,0.7281
97,v1,v2,40.0,160.03,40.0,1.0,0.8001,0.8,-0.8589,True,fuzzy_logic_fixed_snr,1.9654,0.666
97,v1,v13,40.0,170.0,20.0,1.0,0.85,0.4,0.4958,True,fuzzy_logic_fixed_snr,2.1497,0.7111
97,v2,v1,20.0,160.03,40.0,0.6,0.8001,0.8,-20.8589,True,fuzzy_logic_fixed_snr,0.4667,0.1188
97,v3,v4,20.0,10.44,0.0,0.6,0.0522,0.0,3.7006,False,fuzzy_logic_fixed_snr,3.6612,0.9854
97,v3,v7,20.0,80.0,40.0,0.6,0.4,0.8,-16.0412,True,fuzzy_logic_fixed_snr,0.6035,0.1422
97,v3,v15,20.0,120.0,20.0,0.6,0.6,0.4,-17.0839,True,fuzzy_logic_fixed_snr,0.5458,0.1484
97,v3,v11,20.0,130.0,10.0,0.6,0.65,0.2,-16.2313,True,fuzzy_logic_fixed_snr,0.5758,0.1473
97,v3,v18,20.0,130.03,70.0,0.6,0.6502,1.4,-21.0497,True,fuzzy_logic_fixed_snr,0.4492,0.1186
97,v4,v3,40.0,10.44,0.0,1.0,0.0522,0.0,23.7006,False,fuzzy_logic_fixed_snr,23.6613,0.998
97,v4,v7,40.0,90.05,40.0,1.0,0.4502,0.8,3.1365,True,fuzzy_logic_fixed_snr,2.4739,0.8553
97,v4,v15,40.0,110.04,20.0,1.0,0.5502,0.4,3.5182,False,fuzzy_logic_fixed_snr,3.4949,0.9814
97,v4,v11,40.0,120.04,10.0,1.0,0.6002,0.2,4.3227,False,fuzzy_logic_fixed_snr,4.2945,0.9857
97,v4,v18,40.0,120.15,70.0,1.0,0.6007,1.4,-0.5003,True,fuzzy_logic_fixed_snr,2.0165,0.675
98,v1,v6,40.0,20.22,0.0,1.0,0.1011,0.0,19.1062,False,fuzzy_logic_fixed_snr,19.0854,0.9951
98,v1,v5,40.0,90.0,20.0,1.0,0.45,0.4,4.9151,False,fuzzy_logic_fixed_snr,4.8856,0.9863
98,v1,v20,40.0,130.31,60.0,1.0,0.6516,1.2,-0.6005,True,fuzzy_logic_fixed_snr,1.986,0.6639
98,v1,v13,40.0,150.0,10.0,1.0,0.75,0.2,2.7743,False,fuzzy_logic_fixed_snr,2.7459,0.9795
98,v3,v4,20.0,10.44,20.0,0.6,0.0522,0.4,-0.1164,True,fuzzy_logic_fixed_snr,2.064,0.6863
98,v3,v7,20.0,40.0,10.0,0.6,0.2,0.2,-8.0412,False,fuzzy_logic_fixed_snr,-8.0572,0.735
98,v3,v11,20.0,140.0,10.0,0.6,0.7,0.2,-16.7463,True,fuzzy_logic_fixed_snr,0.5544,0.1355
98,v3,v15,20.0,140.0,20.0,0.6,0.7,0.4,-18.155,True,fuzzy_logic_fixed_snr,0.5138,0.1246
98,v3,v8,20.0,150.03,30.0,0.6,0.7501,0.6,-19.6353,True,fuzzy_logic_fixed_snr,0.4806,0.1295
98,v4,v3,40.0,10.44,20.0,1.0,0.0522,0.4,19.8836,False,fuzzy_logic_fixed_snr,19.8485,0.9971
98,v4,v7,40.0,50.09,10.0,1.0,0.2504,0.2,10.3958,False,fuzzy_logic_fixed_snr,10.3704,0.9932
98,v4,v11,40.0,130.03,10.0,1.0,0.6502,0.2,3.7668,False,fuzzy_logic_fixed_snr,3.745,0.9844
98,v4,v15,40.0,130.03,0.0,1.0,0.6502,0.0,6.1751,False,fuzzy_logic_fixed_snr,6.1474,0.9912
98,v4,v8,40.0,140.0,10.0,1.0,0.7,0.2,3.2537,False,fuzzy_logic_fixed_snr,3.2171,0.9809
99,v1,v6,40.0,20.22,0.0,1.0,0.1011,0.0,19.1062,False,fuzzy_logic_fixed_snr,19.0792,0.998
99,v1,v5,40.0,70.0,10.0,1.0,0.35,0.2,8.0702,False,fuzzy_logic_fixed_snr,8.0407,0.9932
99,v1,v13,40.0,140.0,0.0,1.0,0.7,0.0,5.662,False,fuzzy_logic_fixed_snr,5.6334,0.9803
99,v1,v2,40.0,190.02,20.0,1.0,0.9501,0.4,-0.2779,True,fuzzy_logic_fixed_snr,2.0413,0.6934
99,v1,v20,40.0,190.21,60.0,1.0,0.9511,1.2,-3.2286,True,fuzzy_logic_fixed_snr,1.6317,0.5266
99,v2,v1,20.0,190.02,20.0,0.6,0.9501,0.4,-20.2779,True,fuzzy_logic_fixed_snr,0.4812,0.1293
99,v3,v4,20.0,10.44,10.0,0.6,0.0522,0.2,1.2923,False,fuzzy_logic_fixed_snr,1.2658,0.9754
99,v3,v7,20.0,50.0,30.0,0.6,0.25,0.6,-12.0,True,fuzzy_logic_fixed_snr,0.7711,0.1828
99,v3,v15,20.0,120.0,10.0,0.6,0.6,0.2,-15.6751,True,fuzzy_logic_fixed_snr,0.5984,0.1541
99,v3,v8,20.0,120.04,20.0,0.6,0.6002,0.4,-17.086,True,fuzzy_logic_fixed_snr,0.5389,0.142
99,v3,v11,20.0,130.0,30.0,0.6,0.65,0.6,-18.6396,True,fuzzy_logic_fixed_snr,0.5174,0.1434
99,v4,v3,40.0,10.44,10.0,1.0,0.0522,0.2,21.2923,False,fuzzy_logic_fixed_snr,21.2665,0.9961
99,v4,v7,40.0,40.11,40.0,1.0,0.2006,0.8,8.7558,True,fuzzy_logic_fixed_snr,2.8227,0.9342
99,v4,v8,40.0,130.0,30.0,1.0,0.65,0.6,1.3604,True,fuzzy_logic_fixed_snr,2.2658,0.774
99,v4,v15,40.0,130.03,20.0,1.0,0.6502,0.4,2.3581,True,fuzzy_logic_fixed_snr,2.3821,0.833
99,v4,v11,40.0,140.03,40.0,1.0,0.7002,0.8,0.0686,True,fuzzy_logic_fixed_snr,2.0925,0.7199
100,v1,v6,40.0,20.22,10.0,1.0,0.1011,0.2,16.698,False,fuzzy_logic_fixed_snr,16.6726,0.9961
100,v1,v5,40.0,60.0,30.0,1.0,0.3,0.6,6.7331,False,fuzzy_logic_fixed_snr,6.7051,0.9883
100,v1,v13,40.0,140.0,30.0,1.0,0.7,0.6,0.8455,True,fuzzy_logic_fixed_snr,2.1946,0.7545
100,v3,v7,20.0,20.0,30.0,0.6,0.1,0.6,-5.633,True,fuzzy_logic_fixed_snr,1.293,0.3635
100,v3,v4,20.0,20.22,10.0,0.6,0.1011,0.2,-3.302,False,fuzzy_logic_fixed_snr,-3.3338,0.9285
100,v3,v15,20.0,130.0,10.0,0.6,0.65,0.2,-16.2313,True,fuzzy_logic_fixed_snr,0.5638,0.1273
100,v3,v8,20.0,140.03,0.0,0.6,0.7002,0.0,-14.3396,True,fuzzy_logic_fixed_snr,0.6583,0.1611
100,v3,v11,20.0,160.0,10.0,0.6,0.8,0.2,-17.6742,True,fuzzy_logic_fixed_snr,0.5346,0.1334
100,v4,v7,40.0,3.0,20.0,1.0,0.015,0.4,28.5491,False,fuzzy_logic_fixed_snr,28.5348,0.998
100,v4,v3,40.0,20.22,10.0,1.0,0.1011,0.2,16.698,False,fuzzy_logic_fixed_snr,16.6682,0.998
100,v4,v15,40.0,150.03,0.0,1.0,0.7501,0.0,5.1812,False,fuzzy_logic_fixed_snr,5.1424,0.9902
100,v4,v8,40.0,160.0,10.0,1.0,0.8,0.2,2.3258,True,fuzzy_logic_fixed_snr,2.3816,0.8227
100,v4,v11,40.0,180.02,20.0,1.0,0.9001,0.4,0.0977,True,fuzzy_logic_fixed_snr,2.0879,0.7105
101,v1,v6,40.0,10.44,10.0,1.0,0.0522,0.2,21.2923,False,fuzzy_logic_fixed_snr,21.2636,0.999
101,v1,v5,40.0,30.0,0.0,1.0,0.15,0.0,16.3661,False,fuzzy_logic_fixed_snr,16.3476,0.9971
101,v1,v13,40.0,110.0,30.0,1.0,0.55,0.6,2.5212,True,fuzzy_logic_fixed_snr,2.3892,0.8328
101,v3,v7,20.0,10.0,0.0,0.6,0.05,0.0,4.0,False,fuzzy_logic_fixed_snr,3.9658,0.9883
101,v3,v4,20.0,10.44,20.0,0.6,0.0522,0.4,-0.1164,True,fuzzy_logic_fixed_snr,2.067,0.71
101,v3,v15,20.0,140.0,0.0,0.6,0.7,0.0,-14.338,True,fuzzy_logic_fixed_snr,0.6466,0.1748
101,v3,v8,20.0,140.03,30.0,0.6,0.7002,0.6,-19.1561,True,fuzzy_logic_fixed_snr,0.5015,0.1428
101,v3,v11,20.0,150.0,0.0,0.6,0.75,0.0,-14.8175,True,fuzzy_logic_fixed_snr,0.6104,0.1549
101,v4,v3,40.0,10.44,20.0,1.0,0.0522,0.4,19.8836,False,fuzzy_logic_fixed_snr,19.8619,0.9951
101,v4,v7,40.0,20.22,20.0,1.0,0.1011,0.4,15.2892,False,fuzzy_logic_fixed_snr,15.2612,0.9951
101,v4,v8,40.0,150.0,10.0,1.0,0.75,0.2,2.7743,False,fuzzy_logic_fixed_snr,2.7487,0.9766
101,v4,v15,40.0,150.03,20.0,1.0,0.7501,0.4,1.3642,True,fuzzy_logic_fixed_snr,2.2535,0.7918
101,v4,v11,40.0,160.03,20.0,1.0,0.8001,0.4,0.9159,True,fuzzy_logic_fixed_snr,2.2142,0.7443
102,v1,v6,40.0,20.22,30.0,1.0,0.1011,0.6,14.2897,False,fuzzy_logic_fixed_snr,14.2716,0.9961
102,v1,v5,40.0,30.0,40.0,1.0,0.15,0.8,10.7743,True,fuzzy_logic_fixed_snr,2.8769,0.9371
102,v1,v13,40.0,140.0,30.0,1.0,0.7,0.6,0.8455,True,fuzzy_logic_fixed_snr,2.1866,0.7377
102,v3,v7,20.0,10.0,20.0,0.6,0.05,0.4,0.183,True,fuzzy_logic_fixed_snr,2.1164,0.7207
102,v3,v4,20.0,10.44,10.0,0.6,0.0522,0.2,1.2923,False,fuzzy_logic_fixed_snr,1.2687,0.976
102,v3,v15,20.0,140.0,20.0,0.6,0.7,0.4,-18.155,True,fuzzy_logic_fixed_snr,0.517,0.1445
102,v3,v11,20.0,150.0,0.0,0.6,0.75,0.0,-14.8175,True,fuzzy_logic_fixed_snr,0.6281,0.1512
102,v3,v8,20.0,170.03,20.0,0.6,0.8501,0.4,-19.5052,True,fuzzy_logic_fixed_snr,0.483,0.1297
102,v4,v7,40.0,3.0,10.0,1.0,0.015,0.2,29.9578,False,fuzzy_logic_fixed_snr,29.9404,0.998
102,v4,v3,40.0,10.44,10.0,1.0,0.0522,0.2,21.2923,False,fuzzy_logic_fixed_snr,21.2627,0.999
102,v4,v15,40.0,130.03,10.0,1.0,0.6502,0.2,3.7668,False,fuzzy_logic_fixed_snr,3.747,0.9814
102,v4,v11,40.0,140.03,10.0,1.0,0.7002,0.2,3.2521,False,fuzzy_logic_fixed_snr,3.2268,0.9809
102,v4,v8,40.0,160.0,10.0,1.0,0.8,0.2,2.3258,True,fuzzy_logic_fixed_snr,2.3838,0.8148
103,v1,v6,40.0,50.09,30.0,1.0,0.2504,0.6,7.9875,False,fuzzy_logic_fixed_snr,7.9555,0.9877
103,v1,v5,40.0,70.0,20.0,1.0,0.35,0.4,6.6615,False,fuzzy_logic_fixed_snr,6.629,0.9912
103,v1,v13,40.0,170.0,0.0,1.0,0.85,0.0,4.3128,True,fuzzy_logic_fixed_snr,2.581,0.8744
103,v3,v4,20.0,3.0,10.0,0.6,0.015,0.2,9.9578,False,fuzzy_logic_fixed_snr,9.9309,0.9922
103,v3,v7,20.0,10.0,30.0,0.6,0.05,0.6,-0.8165,True,fuzzy_logic_fixed_snr,1.9462,0.6219
103,v3,v15,20.0,120.0,10.0,0.6,0.6,0.2,-15.6751,True,fuzzy_logic_fixed_snr,0.591,0.1512
103,v3,v11,20.0,150.0,10.0,0.6,0.75,0.2,-17.2257,True,fuzzy_logic_fixed_snr,0.5491,0.1373
103,v3,v8,20.0,150.03,30.0,0.6,0.7501,0.6,-19.6353,True,fuzzy_logic_fixed_snr,0.5086,0.1189
103,v4,v3,40.0,3.0,10.0,1.0,0.015,0.2,29.9578,False,fuzzy_logic_fixed_snr,29.9342,0.9971
103,v4,v7,40.0,10.44,20.0,1.0,0.0522,0.4,19.8836,False,fuzzy_logic_fixed_snr,19.8489,0.9961
103,v4,v15,40.0,120.04,0.0,1.0,0.6002,0.0,6.7309,False,fuzzy_logic_fixed_snr,6.6956,0.9922
103,v4,v8,40.0,150.0,20.0,1.0,0.75,0.4,1.3656,True,fuzzy_logic_fixed_snr,2.2577,0.773
103,v4,v11,40.0,150.03,20.0,1.0,0.7501,0.4,1.3642,True,fuzzy_logic_fixed_snr,2.2696,0.7775
104,v1,v6,40.0,80.06,0.0,1.0,0.4003,0.0,9.5457,False,fuzzy_logic_fixed_snr,9.5246,0.9951
104,v1,v5,40.0,90.0,30.0,1.0,0.45,0.6,3.9156,False,fuzzy_logic_fixed_snr,3.891,0.9838
104,v1,v13,40.0,170.0,10.0,1.0,0.85,0.2,1.9046,True,fuzzy_logic_fixed_snr,2.3291,0.8037
104,v3,v4,20.0,10.44,10.0,0.6,0.0522,0.2,1.2923,False,fuzzy_logic_fixed_snr,1.27,0.9775
104,v3,v7,20.0,20.0,10.0,0.6,0.1,0.2,-3.2247,False,fuzzy_logic_fixed_snr,-3.2463,0.918
104,v3,v15,20.0,130.0,20.0,0.6,0.65,0.4,-17.6401,True,fuzzy_logic_fixed_snr,0.5518,0.1357
104,v3,v11,20.0,140.0,20.0,0.6,0.7,0.4,-18.155,True,fuzzy_logic_fixed_snr,0.5014,0.1262
104,v3,v8,20.0,180.02,30.0,0.6,0.9001,0.6,-20.9018,True,fuzzy_logic_fixed_snr,0.4642,0.1219
104,v4,v3,40.0,10.44,10.0,1.0,0.0522,0.2,21.2923,False,fuzzy_logic_fixed_snr,21.2689,0.9971
104,v4,v7,40.0,10.44,0.0,1.0,0.0522,0.0,23.7006,False,fuzzy_logic_fixed_snr,23.6758,0.998
104,v4,v15,40.0,120.04,10.0,1.0,0.6002,0.2,4.3227,False,fuzzy_logic_fixed_snr,4.3005,0.9824
104,v4,v11,40.0,130.03,10.0,1.0,0.6502,0.2,3.7668,False,fuzzy_logic_fixed_snr,3.734,0.9818
104,v4,v8,40.0,170.0,20.0,1.0,0.85,0.4,0.4958,True,fuzzy_logic_fixed_snr,2.1355,0.7156
105,v1,v6,40.0,80.06,20.0,1.0,0.4003,0.4,5.7287,False,fuzzy_logic_fixed_snr,5.7148,0.9906
105,v1,v5,40.0,120.0,0.0,1.0,0.6,0.0,6.7331,False,fuzzy_logic_fixed_snr,6.714,0.9941
105,v1,v13,40.0,160.0,30.0,1.0,0.8,0.6,-0.0824,True,fuzzy_logic_fixed_snr,2.0621,0.676
105,v1,v2,40.0,190.02,10.0,1.0,0.9501,0.2,1.1308,True,fuzzy_logic_fixed_snr,2.2311,0.7648
105,v2,v1,20.0,190.02,10.0,0.6,0.9501,0.2,-18.8692,True,fuzzy_logic_fixed_snr,0.4862,0.1158
105,v3,v4,20.0,3.0,0.0,0.6,0.015,0.0,12.3661,False,fuzzy_logic_fixed_snr,12.3412,0.9971
105,v3,v7,20.0,10.0,10.0,0.6,0.05,0.2,1.5918,False,fuzzy_logic_fixed_snr,1.5606,0.9756
105,v3,v15,20.0,110.0,30.0,0.6,0.55,0.6,-17.4788,True,fuzzy_logic_fixed_snr,0.5518,0.1457
105,v3,v11,20.0,120.0,10.0,0.6,0.6,0.2,-15.6751,True,fuzzy_logic_fixed_snr,0.5957,0.1686
105,v3,v8,20.0,150.03,10.0,0.6,0.7501,0.2,-17.2271,True,fuzzy_logic_fixed_snr,0.5403,0.1369
105,v4,v3,40.0,3.0,0.0,1.0,0.015,0.0,32.3661,False,fuzzy_logic_fixed_snr,32.3412,1.0
105,v4,v7,40.0,10.44,10.0,1.0,0.0522,0.2,21.2923,False,fuzzy_logic_fixed_snr,21.2666,0.9961
105,v4,v15,40.0,110.04,30.0,1.0,0.5502,0.6,2.5187,True,fuzzy_logic_fixed_snr,2.4055,0.8285
105,v4,v11,40.0,120.04,10.0,1.0,0.6002,0.2,4.3227,False,fuzzy_logic_fixed_snr,4.2994,0.9834
105,v4,v8,40.0,150.0,10.0,1.0,0.75,0.2,2.7743,False,fuzzy_logic_fixed_snr,2.7495,0.975
106,v1,v6,40.0,60.07,30.0,1.0,0.3004,0.6,6.7244,False,fuzzy_logic_fixed_snr,6.7076,0.9932
106,v1,v5,40.0,120.0,40.0,1.0,0.6,0.8,1.1413,True,fuzzy_logic_fixed_snr,2.2253,0.7596
106,v1,v13,40.0,130.0,30.0,1.0,0.65,0.6,1.3604,True,fuzzy_logic_fixed_snr,2.2723,0.7754
106,v1,v2,40.0,180.02,10.0,1.0,0.9001,0.2,1.5064,True,fuzzy_logic_fixed_snr,2.2736,0.7811
106,v2,v1,20.0,180.02,10.0,0.6,0.9001,0.2,-18.4936,True,fuzzy_logic_fixed_snr,0.5153,0.1396
106,v3,v4,20.0,3.0,10.0,0.6,0.015,0.2,9.9578,False,fuzzy_logic_fixed_snr,9.9156,0.9941
106,v3,v7,20.0,20.0,10.0,0.6,0.1,0.2,-3.2247,False,fuzzy_logic_fixed_snr,-3.2483,0.8998
106,v3,v15,20.0,80.0,10.0,0.6,0.4,0.2,-12.8577,True,fuzzy_logic_fixed_snr,0.7168,0.1744
106,v3,v11,20.0,110.0,10.0,0.6,0.55,0.2,-15.0705,True,fuzzy_logic_fixed_snr,0.6211,0.1543
106,v3,v8,20.0,140.03,30.0,0.6,0.7002,0.6,-19.1561,True,fuzzy_logic_fixed_snr,0.4888,0.1514
106,v4,v3,40.0,3.0,10.0,1.0,0.015,0.2,29.9578,False,fuzzy_logic_fixed_snr,29.9391,1.0
106,v4,v7,40.0,20.22,20.0,1.0,0.1011,0.4,15.2892,False,fuzzy_logic_fixed_snr,15.2531,0.9951
106,v4,v15,40.0,80.06,0.0,1.0,0.4003,0.0,9.5457,False,fuzzy_logic_fixed_snr,9.5361,0.9961
106,v4,v11,40.0,110.04,0.0,1.0,0.5502,0.0,7.3351,False,fuzzy_logic_fixed_snr,7.3114,0.9922
106,v4,v8,40.0,140.0,40.0,1.0,0.7,0.8,0.0702,True,fuzzy_logic_fixed_snr,2.0772,0.6982
107,v1,v6,40.0,90.05,10.0,1.0,0.4502,0.2,6.32,False,fuzzy_logic_fixed_snr,6.2888,0.9857
107,v1,v5,40.0,160.0,10.0,1.0,0.8,0.2,2.3258,True,fuzzy_logic_fixed_snr,2.3878,0.8174
107,v1,v13,40.0,160.0,20.0,1.0,0.8,0.4,0.9171,True,fuzzy_logic_fixed_snr,2.2001,0.7498
107,v1,v2,40.0,170.03,40.0,1.0,0.8501,0.8,-1.28,True,fuzzy_logic_fixed_snr,1.8923,0.6277
107,v2,v1,20.0,170.03,40.0,0.6,0.8501,0.8,-21.28,True,fuzzy_logic_fixed_snr,0.4521,0.1248
107,v3,v4,20.0,10.44,10.0,0.6,0.0522,0.2,1.2923,False,fuzzy_logic_fixed_snr,1.2492,0.9715
107,v3,v7,20.0,30.0,10.0,0.6,0.15,0.2,-6.0422,False,fuzzy_logic_fixed_snr,-6.066,0.8127
107,v3,v15,20.0,70.0,30.0,0.6,0.35,0.6,-14.338,True,fuzzy_logic_fixed_snr,0.631,0.1768
107,v3,v11,20.0,100.0,10.0,0.6,0.5,0.2,-14.4082,True,fuzzy_logic_fixed_snr,0.6526,0.1568
107,v3,v8,20.0,170.03,0.0,0.6,0.8501,0.0,-15.6883,True,fuzzy_logic_fixed_snr,0.5959,0.1467
107,v4,v3,40.0,10.44,10.0,1.0,0.0522,0.2,21.2923,False,fuzzy_logic_fixed_snr,21.2729,0.998
107,v4,v7,40.0,40.11,0.0,1.0,0.2006,0.0,14.3476,False,fuzzy_logic_fixed_snr,14.3195,0.9971
107,v4,v15,40.0,80.06,20.0,1.0,0.4003,0.4,5.7287,False,fuzzy_logic_fixed_snr,5.7084,0.9912
107,v4,v11,40.0,110.04,0.0,1.0,0.5502,0.0,7.3351,False,fuzzy_logic_fixed_snr,7.3054,0.9912
107,v4,v8,40.0,180.0,10.0,1.0,0.9,0.2,1.5074,True,fuzzy_logic_fixed_snr,2.276,0.7863
108,v1,v6,40.0,80.06,10.0,1.0,0.4003,0.2,7.1374,False,fuzzy_logic_fixed_snr,7.1137,0.9932
108,v1,v13,40.0,140.0,0.0,1.0,0.7,0.0,5.662,False,fuzzy_logic_fixed_snr,5.6418,0.9883
108,v1,v5,40.0,150.0,40.0,1.0,0.75,0.8,-0.4092,True,fuzzy_logic_fixed_snr,2.0103,0.6516
108,v3,v7,20.0,20.0,0.0,0.6,0.1,0.0,-0.8165,False,fuzzy_logic_fixed_snr,-0.8516,0.9588
108,v3,v4,20.0,20.22,30.0,0.6,0.1011,0.6,-5.7103,True,fuzzy_logic_fixed_snr,1.3001,0.3543
108,v3,v15,20.0,40.0,10.0,0.6,0.2,0.2,-8.0412,False,fuzzy_logic_fixed_snr,-8.0619,0.7055
108,v3,v11,20.0,90.0,30.0,0.6,0.45,0.6,-16.0844,True,fuzzy_logic_fixed_snr,0.5733,0.132
108,v3,v8,20.0,170.03,30.0,0.6,0.8501,0.6,-20.5047,True,fuzzy_logic_fixed_snr,0.4693,0.1127
108,v4,v3,40.0,20.22,30.0,1.0,0.1011,0.6,14.2897,False,fuzzy_logic_fixed_snr,14.2668,0.9961
108,v4,v7,40.0,40.11,30.0,1.0,0.2006,0.6,9.5311,False,fuzzy_logic_fixed_snr,9.5051,0.9971
108,v4,v15,40.0,60.07,40.0,1.0,0.3004,0.8,5.9491,True,fuzzy_logic_fixed_snr,2.698,0.8992
108,v4,v11,40.0,110.04,0.0,1.0,0.5502,0.0,7.3351,False,fuzzy_logic_fixed_snr,7.2976,0.9906
108,v4,v8,40.0,190.0,0.0,1.0,0.95,0.0,3.5399,True,fuzzy_logic_fixed_snr,2.5066,0.8678
109,v1,v6,40.0,70.06,20.0,1.0,0.3503,0.4,6.6551,False,fuzzy_logic_fixed_snr,6.631,0.9893
109,v1,v5,40.0,110.0,20.0,1.0,0.55,0.4,3.5207,False,fuzzy_logic_fixed_snr,3.5018,0.9773
109,v1,v13,40.0,140.0,40.0,1.0,0.7,0.8,0.0702,True,fuzzy_logic_fixed_snr,2.0959,0.7047
109,v3,v7,20.0,20.0,0.0,0.6,0.1,0.0,-0.8165,False,fuzzy_logic_fixed_snr,-0.8358,0.9607
109,v3,v15,20.0,50.0,0.0,0.6,0.25,0.0,-7.1835,False,fuzzy_logic_fixed_snr,-7.2102,0.7754
109,v3,v4,20.0,50.09,10.0,0.6,0.2504,0.2,-9.6042,False,fuzzy_logic_fixed_snr,-9.6274,0.6166
109,v3,v11,20.0,60.0,0.0,0.6,0.3,0.0,-8.4504,True,fuzzy_logic_fixed_snr,1.0141,0.2719
109,v3,v8,20.0,140.03,20.0,0.6,0.7002,0.4,-18.1566,True,fuzzy_logic_fixed_snr,0.5165,0.1266
109,v4,v3,40.0,50.09,10.0,1.0,0.2504,0.2,10.3958,False,fuzzy_logic_fixed_snr,10.3496,0.9912
109,v4,v7,40.0,70.06,10.0,1.0,0.3503,0.2,8.0638,False,fuzzy_logic_fixed_snr,8.0527,0.9936
109,v4,v15,40.0,100.04,10.0,1.0,0.5002,0.2,5.5886,False,fuzzy_logic_fixed_snr,5.5677,0.9902
109,v4,v11,40.0,110.04,10.0,1.0,0.5502,0.2,4.9269,False,fuzzy_logic_fixed_snr,4.8941,0.9799
109,v4,v8,40.0,190.0,30.0,1.0,0.95,0.6,-1.2765,True,fuzzy_logic_fixed_snr,1.8837,0.5984
110,v1,v6,40.0,90.05,10.0,1.0,0.4502,0.2,6.32,False,fuzzy_logic_fixed_snr,6.2805,0.9893
110,v1,v5,40.0,130.0,20.0,1.0,0.65,0.4,2.3599,True,fuzzy_logic_fixed_snr,2.3796,0.8111
110,v1,v13,40.0,180.0,30.0,1.0,0.9,0.6,-0.9008,True,fuzzy_logic_fixed_snr,1.9469,0.6547
110,v3,v7,20.0,20.0,10.0,0.6,0.1,0.2,-3.2247,False,fuzzy_logic_fixed_snr,-3.2625,0.909
110,v3,v15,20.0,50.0,20.0,0.6,0.25,0.4,-11.0005,True,fuzzy_logic_fixed_snr,0.8191,0.2014
110,v3,v11,20.0,60.0,20.0,0.6,0.3,0.4,-12.2674,True,fuzzy_logic_fixed_snr,0.7306,0.1695
110,v3,v4,20.0,60.07,0.0,0.6,0.3004,0.0,-8.4591,True,fuzzy_logic_fixed_snr,1.0076,0.2441
110,v3,v8,20.0,160.03,0.0,0.6,0.8001,0.0,-15.2671,True,fuzzy_logic_fixed_snr,0.6228,0.1699
110,v4,v3,40.0,60.07,0.0,1.0,0.3004,0.0,11.5409,False,fuzzy_logic_fixed_snr,11.5151,0.9912
110,v4,v7,40.0,80.06,10.0,1.0,0.4003,0.2,7.1374,False,fuzzy_logic_fixed_snr,7.1014,0.9902
110,v4,v15,40.0,110.04,20.0,1.0,0.5502,0.4,3.5182,False,fuzzy_logic_fixed_snr,3.4886,0.9863
110,v4,v11,40.0,120.04,20.0,1.0,0.6002,0.4,2.914,False,fuzzy_logic_fixed_snr,2.8894,0.9803
111,v1,v6,40.0,100.04,10.0,1.0,0.5002,0.2,5.5886,False,fuzzy_logic_fixed_snr,5.5613,0.9809
111,v1,v5,40.0,150.0,30.0,1.0,0.75,0.6,0.3661,True,fuzzy_logic_fixed_snr,2.1388,0.7275
111,v1,v2,40.0,180.02,20.0,1.0,0.9001,0.4,0.0977,True,fuzzy_logic_fixed_snr,2.1181,0.7193
111,v2,v1,20.0,180.02,20.0,0.6,0.9001,0.4,-19.9023,True,fuzzy_logic_fixed_snr,0.4858,0.1092
111,v3,v7,20.0,30.0,20.0,0.6,0.15,0.4,-7.4509,True,fuzzy_logic_fixed_snr,1.0989,0.3016
111,v3,v4,20.0,60.07,10.0,0.6,0.3004,0.2,-10.8673,True,fuzzy_logic_fixed_snr,0.8446,0.2115
111,v3,v15,20.0,70.0,0.0,0.6,0.35,0.0,-9.5216,True,fuzzy_logic_fixed_snr,0.9343,0.2418
111,v3,v11,20.0,80.0,20.0,0.6,0.4,0.4,-14.2664,True,fuzzy_logic_fixed_snr,0.6506,0.174
111,v3,v8,20.0,160.03,10.0,0.6,0.8001,0.2,-17.6754,True,fuzzy_logic_fixed_snr,0.5392,0.1387
111,v4,v3,40.0,60.07,10.0,1.0,0.3004,0.2,9.1327,False,fuzzy_logic_fixed_snr,9.1143,0.9883
111,v4,v7,40.0,90.05,30.0,1.0,0.4502,0.6,3.9118,True,fuzzy_logic_fixed_snr,2.5427,0.8459
111,v4,v15,40.0,130.03,10.0,1.0,0.6502,0.2,3.7668,False,fuzzy_logic_fixed_snr,3.7355,0.9877
111,v4,v11,40.0,140.03,30.0,1.0,0.7002,0.6,0.8439,True,fuzzy_logic_fixed_snr,2.1948,0.7494
112,v1,v6,40.0,90.05,10.0,1.0,0.4502,0.2,6.32,False,fuzzy_logic_fixed_snr,6.2882,0.9857
112,v1,v5,40.0,120.0,20.0,1.0,0.6,0.4,2.9161,False,fuzzy_logic_fixed_snr,2.8945,0.9799
112,v1,v13,40.0,180.0,0.0,1.0,0.9,0.0,3.9156,True,fuzzy_logic_fixed_snr,2.5395,0.859
112,v3,v7,20.0,50.0,10.0,0.6,0.25,0.2,-9.5918,False,fuzzy_logic_fixed_snr,-9.6149,0.6262
112,v3,v15,20.0,70.0,10.0,0.6,0.35,0.2,-11.9298,True,fuzzy_logic_fixed_snr,0.7633,0.1875
112,v3,v4,20.0,70.06,20.0,0.6,0.3503,0.4,-13.3449,True,fuzzy_logic_fixed_snr,0.6971,0.1904
112,v3,v11,20.0,100.0,0.0,0.6,0.5,0.0,-12.0,True,fuzzy_logic_fixed_snr,0.7629,0.1938
112,v3,v8,20.0,170.03,30.0,0.6,0.8501,0.6,-20.5047,True,fuzzy_logic_fixed_snr,0.4661,0.1273
112,v4,v3,40.0,70.06,20.0,1.0,0.3503,0.4,6.6551,False,fuzzy_logic_fixed_snr,6.6365,0.9906
112,v4,v7,40.0,120.04,10.0,1.0,0.6002,0.2,4.3227,False,fuzzy_logic_fixed_snr,4.3047,0.9854
112,v4,v15,40.0,140.03,30.0,1.0,0.7002,0.6,0.8439,True,fuzzy_logic_fixed_snr,2.182,0.7418
112,v4,v11,40.0,170.03,20.0,1.0,0.8501,0.4,0.4948,True,fuzzy_logic_fixed_snr,2.1575,0.7371
113,v1,v6,40.0,80.06,20.0,1.0,0.4003,0.4,5.7287,False,fuzzy_logic_fixed_snr,5.6995,0.9902
113,v1,v5,40.0,140.0,10.0,1.0,0.7,0.2,3.2537,False,fuzzy_logic_fixed_snr,3.222,0.9824
113,v1,v13,40.0,180.0,20.0,1.0,0.9,0.4,0.0987,True,fuzzy_logic_fixed_snr,2.1167,0.7135
113,v3,v4,20.0,50.09,20.0,0.6,0.2504,0.4,-11.013,True,fuzzy_logic_fixed_snr,0.8423,0.2221
113,v3,v7,20.0,60.0,20.0,0.6,0.3,0.4,-12.2674,True,fuzzy_logic_fixed_snr,0.7221,0.1879
113,v3,v15,20.0,60.0,20.0,0.6,0.3,0.4,-12.2674,True,fuzzy_logic_fixed_snr,0.7261,0.184
113,v3,v11,20.0,100.0,20.0,0.6,0.5,0.4,-15.817,True,fuzzy_logic_fixed_snr,0.5869,0.1303
113,v4,v3,40.0,50.09,20.0,1.0,0.2504,0.4,8.987,False,fuzzy_logic_fixed_snr,8.9567,0.9912
113,v4,v7,40.0,110.04,40.0,1.0,0.5502,0.8,1.7434,True,fuzzy_logic_fixed_snr,2.305,0.8061
113,v4,v15,40.0,110.04,40.0,1.0,0.5502,0.8,1.7434,True,fuzzy_logic_fixed_snr,2.3081,0.7836
113,v4,v11,40.0,150.03,40.0,1.0,0.7501,0.8,-0.4106,True,fuzzy_logic_fixed_snr,2.0203,0.6678
114,v1,v6,40.0,100.04,20.0,1.0,0.5002,0.4,4.1799,False,fuzzy_logic_fixed_snr,4.1624,0.9809
114,v1,v5,40.0,130.0,20.0,1.0,0.65,0.4,2.3599,True,fuzzy_logic_fixed_snr,2.3927,0.8172
114,v1,v13,40.0,200.0,30.0,1.0,1.0,0.6,-1.633,True,fuzzy_logic_fixed_snr,1.8421,0.5912
114,v3,v4,20.0,30.15,30.0,0.6,0.1507,0.6,-8.485,True,fuzzy_logic_fixed_snr,0.9916,0.2572
114,v3,v7,20.0,40.0,40.0,0.6,0.2,0.8,-11.2247,True,fuzzy_logic_fixed_snr,0.7885,0.1846
114,v3,v15,20.0,40.0,0.0,0.6,0.2,0.0,-5.633,False,fuzzy_logic_fixed_snr,-5.6573,0.8586
114,v3,v11,20.0,80.0,40.0,0.6,0.4,0.8,-16.0412,True,fuzzy_logic_fixed_snr,0.5658,0.1447
114,v3,v8,20.0,180.02,20.0,0.6,0.9001,0.4,-19.9023,True,fuzzy_logic_fixed_snr,0.478,0.124
114,v4,v3,40.0,30.15,30.0,1.0,0.1507,0.6,11.515,False,fuzzy_logic_fixed_snr,11.497,0.9951
114,v4,v7,40.0,70.06,10.0,1.0,0.3503,0.2,8.0638,False,fuzzy_logic_fixed_snr,8.0296,0.9951
114,v4,v15,40.0,70.06,30.0,1.0,0.3503,0.6,5.6556,False,fuzzy_logic_fixed_snr,5.6315,0.9863
114,v4,v11,40.0,110.04,10.0,1.0,0.5502,0.2,4.9269,False,fuzzy_logic_fixed_snr,4.9039,0.9873
115,v1,v6,40.0,80.06,30.0,1.0,0.4003,0.6,4.7292,False,fuzzy_logic_fixed_snr,4.7121,0.9883
115,v1,v5,40.0,110.0,0.0,1.0,0.55,0.0,7.3377,False,fuzzy_logic_fixed_snr,7.2975,0.9906
115,v1,v13,40.0,170.0,20.0,1.0,0.85,0.4,0.4958,True,fuzzy_logic_fixed_snr,2.151,0.7211
115,v3,v7,20.0,0.0,10.0,0.6,0.0,0.2,33.5918,False,fuzzy_logic_fixed_snr,33.5568,1.0
115,v3,v11,20.0,40.0,20.0,0.6,0.2,0.4,-9.4499,True,fuzzy_logic_fixed_snr,0.9088,0.2395
115,v3,v15,20.0,40.0,10.0,0.6,0.2,0.2,-8.0412,False,fuzzy_logic_fixed_snr,-8.0571,0.7314
115,v3,v4,20.0,60.07,30.0,0.6,0.3004,0.6,-13.2756,True,fuzzy_logic_fixed_snr,0.7001,0.1729
115,v3,v8,20.0,160.03,30.0,0.6,0.8001,0.6,-20.0836,True,fuzzy_logic_fixed_snr,0.4568,0.1361
115,v4,v3,40.0,60.07,30.0,1.0,0.3004,0.6,6.7244,False,fuzzy_logic_fixed_snr,6.6991,0.9873
115,v4,v7,40.0,60.07,20.0,1.0,0.3004,0.4,7.7239,False,fuzzy_logic_fixed_snr,7.6947,0.9854
115,v4,v11,40.0,100.04,10.0,1.0,0.5002,0.2,5.5886,False,fuzzy_logic_fixed_snr,5.5649,0.9893
115,v4,v15,40.0,100.04,20.0,1.0,0.5002,0.4,4.1799,False,fuzzy_logic_fixed_snr,4.1485,0.9838
116,v1,v5,40.0,110.0,0.0,1.0,0.55,0.0,7.3377,False,fuzzy_logic_fixed_snr,7.3116,0.9951
116,v1,v6,40.0,110.04,20.0,1.0,0.5502,0.4,3.5182,False,fuzzy_logic_fixed_snr,3.4911,0.9854
116,v1,v13,40.0,190.0,0.0,1.0,0.95,0.0,3.5399,True,fuzzy_logic_fixed_snr,2.5029,0.8508
116,v3,v7,20.0,10.0,30.0,0.6,0.05,0.6,-0.8165,True,fuzzy_logic_fixed_snr,1.946,0.6525
116,v3,v11,20.0,20.0,40.0,0.6,0.1,0.8,-6.4082,True,fuzzy_logic_fixed_snr,1.2069,0.3164
116,v3,v15,20.0,30.0,40.0,0.6,0.15,0.8,-9.2257,True,fuzzy_logic_fixed_snr,0.9383,0.2273
116,v3,v4,20.0,90.05,20.0,0.6,0.4502,0.4,-15.0887,True,fuzzy_logic_fixed_snr,0.6204,0.1447
116,v3,v8,20.0,130.03,40.0,0.6,0.6502,0.8,-19.4167,True,fuzzy_logic_fixed_snr,0.5172,0.123
116,v4,v7,40.0,80.06,10.0,1.0,0.4003,0.2,7.1374,False,fuzzy_logic_fixed_snr,7.1242,0.9893
116,v4,v3,40.0,90.05,20.0,1.0,0.4502,0.4,4.9113,False,fuzzy_logic_fixed_snr,4.8758,0.9857
116,v4,v11,40.0,110.04,20.0,1.0,0.5502,0.4,3.5182,False,fuzzy_logic_fixed_snr,3.4789,0.9818
116,v4,v15,40.0,120.04,20.0,1.0,0.6002,0.4,2.914,False,fuzzy_logic_fixed_snr,2.8882,0.9824
117,v1,v5,40.0,110.0,30.0,1.0,0.55,0.6,2.5212,True,fuzzy_logic_fixed_snr,2.4166,0.8389
117,v1,v6,40.0,130.03,40.0,1.0,0.6502,0.8,0.5833,True,fuzzy_logic_fixed_snr,2.1513,0.7252
117,v1,v13,40.0,190.0,10.0,1.0,0.95,0.2,1.1317,True,fuzzy_logic_fixed_snr,2.237,0.7492
117,v3,v15,20.0,10.0,0.0,0.6,0.05,0.0,4.0,False,fuzzy_logic_fixed_snr,3.9639,0.9863
117,v3,v11,20.0,20.0,0.0,0.6,0.1,0.0,-0.8165,False,fuzzy_logic_fixed_snr,-0.8631,0.9643
117,v3,v7,20.0,40.0,10.0,0.6,0.2,0.2,-8.0412,False,fuzzy_logic_fixed_snr,-8.0595,0.7305
117,v3,v8,20.0,90.05,30.0,0.6,0.4502,0.6,-16.0882,True,fuzzy_logic_fixed_snr,0.5448,0.1309
117,v3,v4,20.0,110.04,20.0,0.6,0.5502,0.4,-16.4818,True,fuzzy_logic_fixed_snr,0.5614,0.1199
117,v4,v7,40.0,70.06,30.0,1.0,0.3503,0.6,5.6556,False,fuzzy_logic_fixed_snr,5.6245,0.9883
117,v4,v11,40.0,90.05,20.0,1.0,0.4502,0.4,4.9113,False,fuzzy_logic_fixed_snr,4.8906,0.9824
117,v4,v15,40.0,100.04,20.0,1.0,0.5002,0.4,4.1799,False,fuzzy_logic_fixed_snr,4.1605,0.9883
117,v4,v3,40.0,110.04,20.0,1.0,0.5502,0.4,3.5182,False,fuzzy_logic_fixed_snr,3.4948,0.9828
117,v4,v8,40.0,200.0,10.0,1.0,1.0,0.2,0.7753,True,fuzzy_logic_fixed_snr,2.1918,0.7484
118,v1,v5,40.0,140.0,40.0,1.0,0.7,0.8,0.0702,True,fuzzy_logic_fixed_snr,2.0885,0.7035
118,v1,v6,40.0,170.03,20.0,1.0,0.8501,0.4,0.4948,True,fuzzy_logic_fixed_snr,2.1476,0.7102
118,v1,v13,40.0,200.0,40.0,1.0,1.0,0.8,-2.4082,True,fuzzy_logic_fixed_snr,1.7214,0.5477
118,v3,v15,20.0,10.0,0.0,0.6,0.05,0.0,4.0,False,fuzzy_logic_fixed_snr,3.9699,0.9867
118,v3,v11,20.0,20.0,30.0,0.6,0.1,0.6,-5.633,True,fuzzy_logic_fixed_snr,1.3021,0.3559
118,v3,v7,20.0,50.0,10.0,0.6,0.25,0.2,-9.5918,False,fuzzy_logic_fixed_snr,-9.6225,0.6559
118,v3,v4,20.0,90.05,30.0,0.6,0.4502,0.6,-16.0882,True,fuzzy_logic_fixed_snr,0.5873,0.1479
118,v3,v8,20.0,120.04,0.0,0.6,0.6002,0.0,-13.2691,True,fuzzy_logic_fixed_snr,0.6787,0.1385
118,v4,v7,40.0,40.11,20.0,1.0,0.2006,0.4,10.5306,False,fuzzy_logic_fixed_snr,10.5102,0.9912
118,v4,v11,40.0,70.06,0.0,1.0,0.3503,0.0,10.4721,False,fuzzy_logic_fixed_snr,10.4473,0.9951
118,v4,v15,40.0,80.06,30.0,1.0,0.4003,0.6,4.7292,False,fuzzy_logic_fixed_snr,4.6895,0.9844
118,v4,v3,40.0,90.05,30.0,1.0,0.4502,0.6,3.9118,True,fuzzy_logic_fixed_snr,2.5396,0.8744
119,v1,v5,40.0,100.0,0.0,1.0,0.5,0.0,8.0,False,fuzzy_logic_fixed_snr,7.9664,0.9916
119,v1,v6,40.0,150.03,10.0,1.0,0.7501,0.2,2.7729,False,fuzzy_logic_fixed_snr,2.7432,0.9838
119,v1,v13,40.0,160.0,30.0,1.0,0.8,0.6,-0.0824,True,fuzzy_logic_fixed_snr,2.061,0.6844
119,v3,v11,20.0,10.0,10.0,0.6,0.05,0.2,1.5918,False,fuzzy_logic_fixed_snr,1.5511,0.9721
119,v3,v15,20.0,10.0,20.0,0.6,0.05,0.4,0.183,True,fuzzy_logic_fixed_snr,2.1084,0.7051
119,v3,v7,20.0,40.0,20.0,0.6,0.2,0.4,-9.4499,True,fuzzy_logic_fixed_snr,0.9243,0.2303
119,v3,v4,20.0,60.07,20.0,0.6,0.3004,0.4,-12.2761,True,fuzzy_logic_fixed_snr,0.737,0.1826
119,v3,v8,20.0,120.04,30.0,0.6,0.6002,0.6,-18.0856,True,fuzzy_logic_fixed_snr,0.5248,0.11
119,v4,v7,40.0,20.22,0.0,1.0,0.1011,0.0,19.1062,False,fuzzy_logic_fixed_snr,19.0739,0.9961
119,v4,v15,40.0,50.09,0.0,1.0,0.2504,0.0,12.804,False,fuzzy_logic_fixed_snr,12.7819,0.9941
119,v4,v3,40.0,60.07,20.0,1.0,0.3004,0.4,7.7239,False,fuzzy_logic_fixed_snr,7.7039,0.9912
119,v4,v11,40.0,70.06,10.0,1.0,0.3503,0.2,8.0638,False,fuzzy_logic_fixed_snr,8.039,0.9932
119,v4,v8,40.0,180.0,10.0,1.0,0.9,0.2,1.5074,True,fuzzy_logic_fixed_snr,2.2806,0.7754
120,v1,v5,40.0,100.0,0.0,1.0,0.5,0.0,8.0,False,fuzzy_logic_fixed_snr,7.976,0.9941
120,v1,v13,40.0,130.0,20.0,1.0,0.65,0.4,2.3599,True,fuzzy_logic_fixed_snr,2.3878,0.823
120,v1,v6,40.0,140.03,20.0,1.0,0.7002,0.4,1.8434,True,fuzzy_logic_fixed_snr,2.3348,0.802
120,v3,v15,20.0,10.0,20.0,0.6,0.05,0.4,0.183,True,fuzzy_logic_fixed_snr,2.1014,0.7035
120,v3,v7,20.0,20.0,0.0,0.6,0.1,0.0,-0.8165,False,fuzzy_logic_fixed_snr,-0.8475,0.9633
120,v3,v11,20.0,20.0,10.0,0.6,0.1,0.2,-3.2247,False,fuzzy_logic_fixed_snr,-3.2556,0.9123
120,v3,v4,20.0,40.11,20.0,0.6,0.2006,0.4,-9.4694,True,fuzzy_logic_fixed_snr,0.9123,0.2215
120,v3,v8,20.0,150.03,10.0,0.6,0.7501,0.2,-17.2271,True,fuzzy_logic_fixed_snr,0.5539,0.1498
120,v4,v7,40.0,20.22,20.0,1.0,0.1011,0.4,15.2892,False,fuzzy_logic_fixed_snr,15.2483,0.9961
120,v4,v3,40.0,40.11,20.0,1.0,0.2006,0.4,10.5306,False,fuzzy_logic_fixed_snr,10.5071,0.9961
120,v4,v15,40.0,50.09,40.0,1.0,0.2504,0.8,7.2122,True,fuzzy_logic_fixed_snr,2.7631,0.9289
120,v4,v11,40.0,60.07,10.0,1.0,0.3004,0.2,9.1327,False,fuzzy_logic_fixed_snr,9.1052,0.9912
120,v4,v8,40.0,190.0,30.0,1.0,0.95,0.6,-1.2765,True,fuzzy_logic_fixed_snr,1.8982,0.6451
121,v1,v5,40.0,100.0,0.0,1.0,0.5,0.0,8.0,False,fuzzy_logic_fixed_snr,7.9681,0.9893
121,v1,v13,40.0,110.0,0.0,1.0,0.55,0.0,7.3377,False,fuzzy_logic_fixed_snr,7.3163,0.9916
121,v1,v6,40.0,160.03,0.0,1.0,0.8001,0.0,4.7329,True,fuzzy_logic_fixed_snr,2.6082,0.8764
121,v3,v15,20.0,10.0,40.0,0.6,0.05,0.8,-1.5918,True,fuzzy_logic_fixed_snr,1.8509,0.5846
121,v3,v7,20.0,20.0,0.0,0.6,0.1,0.0,-0.8165,False,fuzzy_logic_fixed_snr,-0.8469,0.9627
121,v3,v4,20.0,20.22,40.0,0.6,0.1011,0.8,-6.4855,True,fuzzy_logic_fixed_snr,1.1993,0.315
121,v3,v11,20.0,30.0,30.0,0.6,0.15,0.6,-8.4504,True,fuzzy_logic_fixed_snr,1.002,0.2492
121,v3,v8,20.0,140.03,0.0,0.6,0.7002,0.0,-14.3396,True,fuzzy_logic_fixed_snr,0.6324,0.1557
121,v4,v7,40.0,3.0,40.0,1.0,0.015,0.8,26.7743,True,fuzzy_logic_fixed_snr,2.9553,0.9539
121,v4,v15,40.0,10.44,0.0,1.0,0.0522,0.0,23.7006,False,fuzzy_logic_fixed_snr,23.6673,0.999
121,v4,v3,40.0,20.22,40.0,1.0,0.1011,0.8,13.5145,True,fuzzy_logic_fixed_snr,2.9121,0.9475
121,v4,v11,40.0,50.09,10.0,1.0,0.2504,0.2,10.3958,False,fuzzy_logic_fixed_snr,10.3682,0.9941
121,v4,v8,40.0,160.0,40.0,1.0,0.8,0.8,-0.8577,True,fuzzy_logic_fixed_snr,1.9374,0.6369
122,v1,v5,40.0,100.0,20.0,1.0,0.5,0.4,4.183,False,fuzzy_logic_fixed_snr,4.1642,0.9848
122,v1,v13,40.0,110.0,20.0,1.0,0.55,0.4,3.5207,False,fuzzy_logic_fixed_snr,3.4939,0.9818
122,v1,v6,40.0,160.03,20.0,1.0,0.8001,0.4,0.9159,True,fuzzy_logic_fixed_snr,2.2061,0.7428
122,v3,v11,20.0,0.0,10.0,0.6,0.0,0.2,33.5918,False,fuzzy_logic_fixed_snr,33.5637,1.0
122,v3,v7,20.0,20.0,10.0,0.6,0.1,0.2,-3.2247,False,fuzzy_logic_fixed_snr,-3.2412,0.9088
122,v3,v15,20.0,50.0,10.0,0.6,0.25,0.2,-9.5918,False,fuzzy_logic_fixed_snr,-9.6213,0.6314
122,v3,v4,20.0,60.07,20.0,0.6,0.3004,0.4,-12.2761,True,fuzzy_logic_fixed_snr,0.7373,0.1629
122,v3,v8,20.0,140.03,20.0,0.6,0.7002,0.4,-18.1566,True,fuzzy_logic_fixed_snr,0.5163,0.1449
122,v4,v15,40.0,10.44,30.0,1.0,0.0522,0.6,18.8841,False,fuzzy_logic_fixed_snr,18.8491,0.998
122,v4,v7,40.0,40.11,10.0,1.0,0.2006,0.2,11.9393,False,fuzzy_logic_fixed_snr,11.9207,0.9945
122,v4,v3,40.0,60.07,20.0,1.0,0.3004,0.4,7.7239,False,fuzzy_logic_fixed_snr,7.6999,0.9873
122,v4,v11,40.0,60.07,30.0,1.0,0.3004,0.6,6.7244,False,fuzzy_logic_fixed_snr,6.7008,0.9912
122,v4,v8,40.0,200.0,40.0,1.0,1.0,0.8,-2.4082,True,fuzzy_logic_fixed_snr,1.7312,0.5277
123,v1,v5,40.0,120.0,20.0,1.0,0.6,0.4,2.9161,False,fuzzy_logic_fixed_snr,2.8945,0.9818
123,v1,v13,40.0,130.0,20.0,1.0,0.65,0.4,2.3599,True,fuzzy_logic_fixed_snr,2.3861,0.817
123,v1,v6,40.0,140.03,10.0,1.0,0.7002,0.2,3.2521,False,fuzzy_logic_fixed_snr,3.2213,0.9877
123,v3,v7,20.0,10.0,40.0,0.6,0.05,0.8,-1.5918,True,fuzzy_logic_fixed_snr,1.8375,0.6059
123,v3,v11,20.0,10.0,40.0,0.6,0.05,0.8,-1.5918,True,fuzzy_logic_fixed_snr,1.833,0.6049
123,v3,v4,20.0,40.11,20.0,0.6,0.2006,0.4,-9.4694,True,fuzzy_logic_fixed_snr,0.9225,0.2539
123,v3,v15,20.0,60.0,0.0,0.6,0.3,0.0,-8.4504,True,fuzzy_logic_fixed_snr,1.0323,0.2719
123,v3,v8,20.0,120.04,40.0,0.6,0.6002,0.8,-18.8608,True,fuzzy_logic_fixed_snr,0.4973,0.1221
123,v4,v15,40.0,20.22,20.0,1.0,0.1011,0.4,15.2892,False,fuzzy_logic_fixed_snr,15.2669,0.9971
123,v4,v7,40.0,30.15,20.0,1.0,0.1507,0.4,12.5145,False,fuzzy_logic_fixed_snr,12.4929,0.9941
123,v4,v11,40.0,30.15,20.0,1.0,0.1507,0.4,12.5145,False,fuzzy_logic_fixed_snr,12.4884,0.9971
123,v4,v3,40.0,40.11,20.0,1.0,0.2006,0.4,10.5306,False,fuzzy_logic_fixed_snr,10.5005,0.9932
123,v4,v8,40.0,160.0,20.0,1.0,0.8,0.4,0.9171,True,fuzzy_logic_fixed_snr,2.2025,0.7625
124,v1,v5,40.0,140.0,10.0,1.0,0.7,0.2,3.2537,False,fuzzy_logic_fixed_snr,3.2286,0.9805
124,v1,v13,40.0,150.0,30.0,1.0,0.75,0.6,0.3661,True,fuzzy_logic_fixed_snr,2.1311,0.7373
124,v1,v6,40.0,150.03,10.0,1.0,0.7501,0.2,2.7729,False,fuzzy_logic_fixed_snr,2.7535,0.9848
124,v3,v7,20.0,50.0,20.0,0.6,0.25,0.4,-11.0005,True,fuzzy_logic_fixed_snr,0.8003,0.1721
124,v3,v11,20.0,50.0,0.0,0.6,0.25,0.0,-7.1835,False,fuzzy_logic_fixed_snr,-7.2163,0.7633
124,v3,v15,20.0,60.0,10.0,0.6,0.3,0.2,-10.8587,True,fuzzy_logic_fixed_snr,0.8336,0.2053
124,v3,v4,20.0,60.07,20.0,0.6,0.3004,0.4,-12.2761,True,fuzzy_logic_fixed_snr,0.7479,0.1955
124,v3,v8,20.0,80.06,10.0,0.6,0.4003,0.2,-12.8626,True,fuzzy_logic_fixed_snr,0.7057,0.1834
124,v4,v15,40.0,3.0,30.0,1.0,0.015,0.6,27.5496,False,fuzzy_logic_fixed_snr,27.52,0.999
124,v4,v7,40.0,10.44,0.0,1.0,0.0522,0.0,23.7006,False,fuzzy_logic_fixed_snr,23.672,0.999
124,v4,v11,40.0,10.44,20.0,1.0,0.0522,0.4,19.8836,False,fuzzy_logic_fixed_snr,19.8659,0.9971
124,v4,v3,40.0,60.07,20.0,1.0,0.3004,0.4,7.7239,False,fuzzy_logic_fixed_snr,7.6823,0.9922
124,v4,v8,40.0,140.0,10.0,1.0,0.7,0.2,3.2537,False,fuzzy_logic_fixed_snr,3.2243,0.9812
125,v1,v13,40.0,120.0,10.0,1.0,0.6,0.2,4.3249,False,fuzzy_logic_fixed_snr,4.2876,0.9887
125,v1,v5,40.0,130.0,0.0,1.0,0.65,0.0,6.1769,False,fuzzy_logic_fixed_snr,6.1514,0.9902
125,v1,v6,40.0,140.03,0.0,1.0,0.7002,0.0,5.6604,False,fuzzy_logic_fixed_snr,5.6329,0.9912
125,v3,v11,20.0,50.0,10.0,0.6,0.25,0.2,-9.5918,False,fuzzy_logic_fixed_snr,-9.6253,0.6311
125,v3,v15,20.0,50.0,10.0,0.6,0.25,0.2,-9.5918,False,fuzzy_logic_fixed_snr,-9.6181,0.5963
125,v3,v7,20.0,70.0,10.0,0.6,0.35,0.2,-11.9298,True,fuzzy_logic_fixed_snr,0.7479,0.1768
125,v3,v8,20.0,70.06,30.0,0.6,0.3503,0.6,-14.3444,True,fuzzy_logic_fixed_snr,0.6559,0.1736
125,v3,v4,20.0,80.06,20.0,0.6,0.4003,0.4,-14.2713,True,fuzzy_logic_fixed_snr,0.6346,0.1588
125,v4,v7,40.0,10.44,10.0,1.0,0.0522,0.2,21.2923,False,fuzzy_logic_fixed_snr,21.2717,0.9971
125,v4,v11,40.0,30.15,10.0,1.0,0.1507,0.2,13.9232,False,fuzzy_logic_fixed_snr,13.9183,0.9971
125,v4,v15,40.0,30.15,30.0,1.0,0.1507,0.6,11.515,False,fuzzy_logic_fixed_snr,11.4908,0.9932
125,v4,v3,40.0,80.06,20.0,1.0,0.4003,0.4,5.7287,False,fuzzy_logic_fixed_snr,5.6927,0.9912
125,v4,v8,40.0,150.0,10.0,1.0,0.75,0.2,2.7743,False,fuzzy_logic_fixed_snr,2.7454,0.9779
126,v1,v5,40.0,130.0,20.0,1.0,0.65,0.4,2.3599,True,fuzzy_logic_fixed_snr,2.3725,0.808
126,v1,v13,40.0,130.0,0.0,1.0,0.65,0.0,6.1769,False,fuzzy_logic_fixed_snr,6.1378,0.9951
126,v1,v6,40.0,140.03,10.0,1.0,0.7002,0.2,3.2521,False,fuzzy_logic_fixed_snr,3.2294,0.9838
126,v3,v15,20.0,40.0,20.0,0.6,0.2,0.4,-9.4499,True,fuzzy_logic_fixed_snr,0.9367,0.2426
126,v3,v8,20.0,40.11,10.0,0.6,0.2006,0.2,-8.0607,False,fuzzy_logic_fixed_snr,-8.0848,0.7211
126,v3,v11,20.0,60.0,10.0,0.6,0.3,0.2,-10.8587,True,fuzzy_logic_fixed_snr,0.8177,0.2049
126,v3,v7,20.0,80.0,10.0,0.6,0.4,0.2,-12.8577,True,fuzzy_logic_fixed_snr,0.7299,0.1662
126,v3,v4,20.0,100.04,0.0,0.6,0.5002,0.0,-12.0031,True,fuzzy_logic_fixed_snr,0.7595,0.182
126,v4,v7,40.0,20.22,10.0,1.0,0.1011,0.2,16.698,False,fuzzy_logic_fixed_snr,16.6675,0.999
126,v4,v11,40.0,40.11,10.0,1.0,0.2006,0.2,11.9393,False,fuzzy_logic_fixed_snr,11.9046,0.9951
126,v4,v15,40.0,60.07,20.0,1.0,0.3004,0.4,7.7239,False,fuzzy_logic_fixed_snr,7.6911,0.9877
126,v4,v3,40.0,100.04,0.0,1.0,0.5002,0.0,7.9969,False,fuzzy_logic_fixed_snr,7.9606,0.9893
126,v4,v8,40.0,140.0,10.0,1.0,0.7,0.2,3.2537,False,fuzzy_logic_fixed_snr,3.2183,0.9863
127,v1,v5,40.0,110.0,20.0,1.0,0.55,0.4,3.5207,False,fuzzy_logic_fixed_snr,3.4952,0.9838
127,v1,v13,40.0,130.0,40.0,1.0,0.65,0.8,0.5851,True,fuzzy_logic_fixed_snr,2.1477,0.7256
127,v1,v6,40.0,150.03,0.0,1.0,0.7501,0.0,5.1812,False,fuzzy_logic_fixed_snr,5.165,0.9932
127,v3,v8,20.0,50.09,30.0,0.6,0.2504,0.6,-12.0125,True,fuzzy_logic_fixed_snr,0.7696,0.1836
127,v3,v15,20.0,60.0,20.0,0.6,0.3,0.4,-12.2674,True,fuzzy_logic_fixed_snr,0.7355,0.1604
127,v3,v7,20.0,70.0,10.0,0.6,0.35,0.2,-11.9298,True,fuzzy_logic_fixed_snr,0.762,0.1939
127,v3,v11,20.0,70.0,10.0,0.6,0.35,0.2,-11.9298,True,fuzzy_logic_fixed_snr,0.7497,0.1758
127,v3,v4,20.0,100.04,10.0,0.6,0.5002,0.2,-14.4114,True,fuzzy_logic_fixed_snr,0.641,0.1598
127,v4,v7,40.0,30.15,0.0,1.0,0.1507,0.0,16.3315,False,fuzzy_logic_fixed_snr,16.2924,0.9951
127,v4,v11,40.0,30.15,0.0,1.0,0.1507,0.0,16.3315,False,fuzzy_logic_fixed_snr,16.3109,0.9971
127,v4,v15,40.0,40.11,30.0,1.0,0.2006,0.6,9.5311,False,fuzzy_logic_fixed_snr,9.4994,0.9951
127,v4,v3,40.0,100.04,10.0,1.0,0.5002,0.2,5.5886,False,fuzzy_logic_fixed_snr,5.5582,0.9922
127,v4,v8,40.0,150.0,40.0,1.0,0.75,0.8,-0.4092,True,fuzzy_logic_fixed_snr,2.0334,0.6467
128,v1,v5,40.0,90.0,30.0,1.0,0.45,0.6,3.9156,False,fuzzy_logic_fixed_snr,3.8893,0.9883
128,v1,v13,40.0,90.0,30.0,1.0,0.45,0.6,3.9156,False,fuzzy_logic_fixed_snr,3.88,0.9844
128,v1,v6,40.0,150.03,20.0,1.0,0.7501,0.4,1.3642,True,fuzzy_logic_fixed_snr,2.267,0.7707
128,v3,v15,20.0,40.0,10.0,0.6,0.2,0.2,-8.0412,False,fuzzy_logic_fixed_snr,-8.0712,0.7172
128,v3,v7,20.0,80.0,30.0,0.6,0.4,0.6,-15.2659,True,fuzzy_logic_fixed_snr,0.5909,0.142
128,v3,v11,20.0,80.0,0.0,0.6,0.4,0.0,-10.4494,True,fuzzy_logic_fixed_snr,0.852,0.2066
128,v3,v8,20.0,80.06,0.0,0.6,0.4003,0.0,-10.4543,True,fuzzy_logic_fixed_snr,0.8507,0.2215
128,v3,v4,20.0,110.04,30.0,0.6,0.5502,0.6,-17.4813,True,fuzzy_logic_fixed_snr,0.5382,0.1484
128,v4,v7,40.0,30.15,0.0,1.0,0.1507,0.0,16.3315,False,fuzzy_logic_fixed_snr,16.3047,0.9961
128,v4,v11,40.0,30.15,30.0,1.0,0.1507,0.6,11.515,False,fuzzy_logic_fixed_snr,11.4963,0.9932
128,v4,v15,40.0,70.06,40.0,1.0,0.3503,0.8,4.8803,True,fuzzy_logic_fixed_snr,2.6224,0.8828
128,v4,v3,40.0,110.04,30.0,1.0,0.5502,0.6,2.5187,True,fuzzy_logic_fixed_snr,2.4038,0.8314
128,v4,v8,40.0,190.0,30.0,1.0,0.95,0.6,-1.2765,True,fuzzy_logic_fixed_snr,1.8957,0.6283
129,v1,v5,40.0,60.0,0.0,1.0,0.3,0.0,11.5496,False,fuzzy_logic_fixed_snr,11.5273,0.9971
129,v1,v13,40.0,60.0,0.0,1.0,0.3,0.0,11.5496,False,fuzzy_logic_fixed_snr,11.5279,0.9941
129,v1,v6,40.0,130.03,30.0,1.0,0.6502,0.6,1.3586,True,fuzzy_logic_fixed_snr,2.2612,0.7695
129,v3,v7,20.0,50.0,20.0,0.6,0.25,0.4,-11.0005,True,fuzzy_logic_fixed_snr,0.8089,0.1951
129,v3,v15,20.0,50.0,10.0,0.6,0.25,0.2,-9.5918,False,fuzzy_logic_fixed_snr,-9.6248,0.6117
129,v3,v11,20.0,80.0,40.0,0.6,0.4,0.8,-16.0412,True,fuzzy_logic_fixed_snr,0.5718,0.1396
129,v3,v4,20.0,80.06,40.0,0.6,0.4003,0.8,-16.0461,True,fuzzy_logic_fixed_snr,0.5869,0.1348
129,v3,v8,20.0,80.06,40.0,0.6,0.4003,0.8,-16.0461,True,fuzzy_logic_fixed_snr,0.5684,0.1447
129,v4,v11,40.0,3.0,0.0,1.0,0.015,0.0,32.3661,False,fuzzy_logic_fixed_snr,32.342,0.999
129,v4,v7,40.0,30.15,20.0,1.0,0.1507,0.4,12.5145,False,fuzzy_logic_fixed_snr,12.4832,0.9926
129,v4,v15,40.0,30.15,30.0,1.0,0.1507,0.6,11.515,False,fuzzy_logic_fixed_snr,11.4818,0.9955
129,v4,v3,40.0,80.06,40.0,1.0,0.4003,0.8,3.9539,True,fuzzy_logic_fixed_snr,2.5431,0.8588
129,v4,v8,40.0,160.0,0.0,1.0,0.8,0.0,4.7341,True,fuzzy_logic_fixed_snr,2.6141,0.8877
130,v1,v5,40.0,60.0,10.0,1.0,0.3,0.2,9.1413,False,fuzzy_logic_fixed_snr,9.122,0.9887
130,v1,v13,40.0,60.0,20.0,1.0,0.3,0.4,7.7326,False,fuzzy_logic_fixed_snr,7.7054,0.9873
130,v1,v6,40.0,100.04,20.0,1.0,0.5002,0.4,4.1799,False,fuzzy_logic_fixed_snr,4.1481,0.9795
130,v3,v7,20.0,30.0,10.0,0.6,0.15,0.2,-6.0422,False,fuzzy_logic_fixed_snr,-6.0705,0.7979
130,v3,v11,20.0,40.0,0.0,0.6,0.2,0.0,-5.633,False,fuzzy_logic_fixed_snr,-5.6538,0.8562
130,v3,v15,20.0,40.0,30.0,0.6,0.2,0.6,-10.4494,True,fuzzy_logic_fixed_snr,0.8564,0.2492
130,v3,v4,20.0,40.11,30.0,0.6,0.2006,0.6,-10.4689,True,fuzzy_logic_fixed_snr,0.8342,0.2209
130,v3,v8,20.0,120.04,30.0,0.6,0.6002,0.6,-18.0856,True,fuzzy_logic_fixed_snr,0.5228,0.1371
130,v4,v11,40.0,3.0,30.0,1.0,0.015,0.6,27.5496,False,fuzzy_logic_fixed_snr,27.5366,0.999
130,v4,v15,40.0,3.0,0.0,1.0,0.015,0.0,32.3661,False,fuzzy_logic_fixed_snr,32.3459,0.998
130,v4,v7,40.0,10.44,20.0,1.0,0.0522,0.4,19.8836,False,fuzzy_logic_fixed_snr,19.852,0.9971
130,v4,v3,40.0,40.11,30.0,1.0,0.2006,0.6,9.5311,False,fuzzy_logic_fixed_snr,9.4996,0.9961
130,v4,v8,40.0,160.0,0.0,1.0,0.8,0.0,4.7341,True,fuzzy_logic_fixed_snr,2.616,0.8805
131,v1,v5,40.0,50.0,10.0,1.0,0.25,0.2,10.4082,False,fuzzy_logic_fixed_snr,10.3743,0.9932
131,v1,v13,40.0,80.0,0.0,1.0,0.4,0.0,9.5506,False,fuzzy_logic_fixed_snr,9.5331,0.9971
131,v1,v6,40.0,120.04,20.0,1.0,0.6002,0.4,2.914,False,fuzzy_logic_fixed_snr,2.891,0.9721
131,v3,v15,20.0,10.0,0.0,0.6,0.05,0.0,4.0,False,fuzzy_logic_fixed_snr,3.9709,0.9902
131,v3,v4,20.0,10.44,0.0,0.6,0.0522,0.0,3.7006,False,fuzzy_logic_fixed_snr,3.6688,0.9834
131,v3,v7,20.0,20.0,0.0,0.6,0.1,0.0,-0.8165,False,fuzzy_logic_fixed_snr,-0.8363,0.9607
131,v3,v11,20.0,40.0,10.0,0.6,0.2,0.2,-8.0412,False,fuzzy_logic_fixed_snr,-8.06,0.7426
131,v3,v8,20.0,150.03,10.0,0.6,0.7501,0.2,-17.2271,True,fuzzy_logic_fixed_snr,0.5393,0.1352
131,v4,v15,40.0,3.0,0.0,1.0,0.015,0.0,32.3661,False,fuzzy_logic_fixed_snr,32.3325,0.999
131,v4,v3,40.0,10.44,0.0,1.0,0.0522,0.0,23.7006,False,fuzzy_logic_fixed_snr,23.6725,0.998
131,v4,v7,40.0,10.44,0.0,1.0,0.0522,0.0,23.7006,False,fuzzy_logic_fixed_snr,23.6653,0.9971
131,v4,v11,40.0,30.15,10.0,1.0,0.1507,0.2,13.9232,False,fuzzy_logic_fixed_snr,13.8954,0.9951
131,v4,v8,40.0,160.0,10.0,1.0,0.8,0.2,2.3258,True,fuzzy_logic_fixed_snr,2.3761,0.8275
132,v1,v5,40.0,60.0,30.0,1.0,0.3,0.6,6.7331,False,fuzzy_logic_fixed_snr,6.7095,0.9873
132,v1,v13,40.0,80.0,10.0,1.0,0.4,0.2,7.1423,False,fuzzy_logic_fixed_snr,7.1145,0.9912
132,v1,v6,40.0,140.03,0.0,1.0,0.7002,0.0,5.6604,False,fuzzy_logic_fixed_snr,5.6381,0.9922
132,v3,v15,20.0,10.0,10.0,0.6,0.05,0.2,1.5918,False,fuzzy_logic_fixed_snr,1.5687,0.9793
132,v3,v4,20.0,10.44,10.0,0.6,0.0522,0.2,1.2923,False,fuzzy_logic_fixed_snr,1.2585,0.977
132,v3,v7,20.0,20.0,30.0,0.6,0.1,0.6,-5.633,True,fuzzy_logic_fixed_snr,1.274,0.3582
132,v3,v11,20.0,30.0,0.0,0.6,0.15,0.0,-3.6339,False,fuzzy_logic_fixed_snr,-3.6513,0.8988
132,v3,v8,20.0,140.03,10.0,0.6,0.7002,0.2,-16.7479,True,fuzzy_logic_fixed_snr,0.5562,0.14
132,v4,v15,40.0,3.0,0.0,1.0,0.015,0.0,32.3661,False,fuzzy_logic_fixed_snr,32.3321,0.999
132,v4,v3,40.0,10.44,10.0,1.0,0.0522,0.2,21.2923,False,fuzzy_logic_fixed_snr,21.2616,0.9971
132,v4,v7,40.0,10.44,20.0,1.0,0.0522,0.4,19.8836,False,fuzzy_logic_fixed_snr,19.8537,0.9961
132,v4,v11,40.0,20.22,10.0,1.0,0.1011,0.2,16.698,False,fuzzy_logic_fixed_snr,16.6722,0.9941
132,v4,v8,40.0,150.0,0.0,1.0,0.75,0.0,5.1825,False,fuzzy_logic_fixed_snr,5.1477,0.9863
133,v1,v13,40.0,70.0,20.0,1.0,0.35,0.4,6.6615,False,fuzzy_logic_fixed_snr,6.6392,0.9861
133,v1,v5,40.0,90.0,0.0,1.0,0.45,0.0,8.7321,False,fuzzy_logic_fixed_snr,8.7007,0.9922
133,v1,v6,40.0,140.03,20.0,1.0,0.7002,0.4,1.8434,True,fuzzy_logic_fixed_snr,2.3012,0.7975
133,v3,v15,20.0,20.0,20.0,0.6,0.1,0.4,-4.6334,True,fuzzy_logic_fixed_snr,1.4173,0.4059
133,v3,v4,20.0,20.22,30.0,0.6,0.1011,0.6,-5.7103,True,fuzzy_logic_fixed_snr,1.3013,0.3449
133,v3,v11,20.0,30.0,30.0,0.6,0.15,0.6,-8.4504,True,fuzzy_logic_fixed_snr,1.0162,0.2725
133,v3,v7,20.0,50.0,10.0,0.6,0.25,0.2,-9.5918,False,fuzzy_logic_fixed_snr,-9.6132,0.6564
133,v3,v19,20.0,120.0,30.0,0.6,0.6,0.6,-18.0834,True,fuzzy_logic_fixed_snr,0.5086,0.1357
133,v4,v15,40.0,3.0,10.0,1.0,0.015,0.2,29.9578,False,fuzzy_logic_fixed_snr,29.9359,1.0
133,v4,v11,40.0,10.44,0.0,1.0,0.0522,0.0,23.7006,False,fuzzy_logic_fixed_snr,23.6705,0.998
133,v4,v3,40.0,20.22,30.0,1.0,0.1011,0.6,14.2897,False,fuzzy_logic_fixed_snr,14.2593,0.9971
133,v4,v7,40.0,30.15,20.0,1.0,0.1507,0.4,12.5145,False,fuzzy_logic_fixed_snr,12.4891,0.9951
133,v4,v19,40.0,140.03,0.0,1.0,0.7002,0.0,5.6604,False,fuzzy_logic_fixed_snr,5.6345,0.9893
134,v1,v13,40.0,50.0,0.0,1.0,0.25,0.0,12.8165,False,fuzzy_logic_fixed_snr,12.7955,0.998
134,v1,v5,40.0,90.0,0.0,1.0,0.45,0.0,8.7321,False,fuzzy_logic_fixed_snr,8.6986,0.9873
134,v1,v6,40.0,120.04,20.0,1.0,0.6002,0.4,2.914,False,fuzzy_logic_fixed_snr,2.8913,0.9824
134,v3,v15,20.0,40.0,30.0,0.6,0.2,0.6,-10.4494,True,fuzzy_logic_fixed_snr,0.8472,0.2119
134,v3,v4,20.0,50.09,10.0,0.6,0.2504,0.2,-9.6042,False,fuzzy_logic_fixed_snr,-9.6203,0.6137
134,v3,v7,20.0,60.0,30.0,0.6,0.3,0.6,-13.2669,True,fuzzy_logic_fixed_snr,0.7014,0.1721
134,v3,v11,20.0,60.0,10.0,0.6,0.3,0.2,-10.8587,True,fuzzy_logic_fixed_snr,0.8271,0.2064
134,v3,v19,20.0,90.0,30.0,0.6,0.45,0.6,-16.0844,True,fuzzy_logic_fixed_snr,0.5856,0.15
134,v4,v7,40.0,10.44,20.0,1.0,0.0522,0.4,19.8836,False,fuzzy_logic_fixed_snr,19.8576,0.9951
134,v4,v11,40.0,10.44,0.0,1.0,0.0522,0.0,23.7006,False,fuzzy_logic_fixed_snr,23.673,0.9951
134,v4,v15,40.0,10.44,20.0,1.0,0.0522,0.4,19.8836,False,fuzzy_logic_fixed_snr,19.8499,0.9971
134,v4,v3,40.0,50.09,10.0,1.0,0.2504,0.2,10.3958,False,fuzzy_logic_fixed_snr,10.3665,0.9951
134,v4,v19,40.0,140.03,20.0,1.0,0.7002,0.4,1.8434,True,fuzzy_logic_fixed_snr,2.3309,0.7982
135,v1,v13,40.0,50.0,10.0,1.0,0.25,0.2,10.4082,False,fuzzy_logic_fixed_snr,10.3914,0.9941
135,v1,v5,40.0,90.0,10.0,1.0,0.45,0.2,6.3239,False,fuzzy_logic_fixed_snr,6.2997,0.9883
135,v1,v6,40.0,140.03,30.0,1.0,0.7002,0.6,0.8439,True,fuzzy_logic_fixed_snr,2.1989,0.7477
135,v3,v19,20.0,60.0,10.0,0.6,0.3,0.2,-10.8587,True,fuzzy_logic_fixed_snr,0.817,0.2051
135,v3,v4,20.0,60.07,10.0,0.6,0.3004,0.2,-10.8673,True,fuzzy_logic_fixed_snr,0.8083,0.2018
135,v3,v11,20.0,70.0,10.0,0.6,0.35,0.2,-11.9298,True,fuzzy_logic_fixed_snr,0.7436,0.1852
135,v3,v15,20.0,70.0,20.0,0.6,0.35,0.4,-13.3385,True,fuzzy_logic_fixed_snr,0.6874,0.1871
135,v3,v7,20.0,90.0,10.0,0.6,0.45,0.2,-13.6761,True,fuzzy_logic_fixed_snr,0.6742,0.1506
135,v4,v11,40.0,10.44,0.0,1.0,0.0522,0.0,23.7006,False,fuzzy_logic_fixed_snr,23.6662,0.9971
135,v4,v15,40.0,10.44,30.0,1.0,0.0522,0.6,18.8841,False,fuzzy_logic_fixed_snr,18.866,0.998
135,v4,v7,40.0,30.15,20.0,1.0,0.1507,0.4,12.5145,False,fuzzy_logic_fixed_snr,12.4978,0.9971
135,v4,v3,40.0,60.07,10.0,1.0,0.3004,0.2,9.1327,False,fuzzy_logic_fixed_snr,9.1064,0.9932
135,v4,v19,40.0,120.04,0.0,1.0,0.6002,0.0,6.7309,False,fuzzy_logic_fixed_snr,6.7133,0.9867
136,v1,v13,40.0,60.0,0.0,1.0,0.3,0.0,11.5496,False,fuzzy_logic_fixed_snr,11.5274,0.9961
136,v1,v5,40.0,100.0,20.0,1.0,0.5,0.4,4.183,False,fuzzy_logic_fixed_snr,4.1579,0.9863
136,v1,v6,40.0,170.03,20.0,1.0,0.8501,0.4,0.4948,True,fuzzy_logic_fixed_snr,2.1615,0.7316
136,v3,v4,20.0,50.09,20.0,0.6,0.2504,0.4,-11.013,True,fuzzy_logic_fixed_snr,0.8047,0.1975
136,v3,v11,20.0,60.0,0.0,0.6,0.3,0.0,-8.4504,True,fuzzy_logic_fixed_snr,1.0213,0.2504
136,v3,v19,20.0,70.0,10.0,0.6,0.35,0.2,-11.9298,True,fuzzy_logic_fixed_snr,0.7652,0.2154
136,v3,v15,20.0,90.0,0.0,0.6,0.45,0.0,-11.2679,True,fuzzy_logic_fixed_snr,0.8073,0.2154
136,v3,v7,20.0,100.0,30.0,0.6,0.5,0.6,-16.8165,True,fuzzy_logic_fixed_snr,0.559,0.1361
136,v4,v11,40.0,10.44,20.0,1.0,0.0522,0.4,19.8836,False,fuzzy_logic_fixed_snr,19.8415,0.9961
136,v4,v15,40.0,40.11,20.0,1.0,0.2006,0.4,10.5306,False,fuzzy_logic_fixed_snr,10.5189,0.9902
136,v4,v3,40.0,50.09,20.0,1.0,0.2504,0.4,8.987,False,fuzzy_logic_fixed_snr,8.9625,0.9922
136,v4,v7,40.0,50.09,10.0,1.0,0.2504,0.2,10.3958,False,fuzzy_logic_fixed_snr,10.3713,0.998
136,v4,v19,40.0,120.04,10.0,1.0,0.6002,0.2,4.3227,False,fuzzy_logic_fixed_snr,4.2928,0.9844
137,v1,v13,40.0,60.0,20.0,1.0,0.3,0.4,7.7326,False,fuzzy_logic_fixed_snr,7.7069,0.9922
137,v1,v5,40.0,120.0,10.0,1.0,0.6,0.2,4.3249,False,fuzzy_logic_fixed_snr,4.2875,0.9828
137,v1,v6,40.0,190.02,10.0,1.0,0.9501,0.2,1.1308,True,fuzzy_logic_fixed_snr,2.2354,0.7492
137,v3,v4,20.0,30.15,0.0,0.6,0.1507,0.0,-3.6685,False,fuzzy_logic_fixed_snr,-3.6802,0.9207
137,v3,v11,20.0,60.0,10.0,0.6,0.3,0.2,-10.8587,True,fuzzy_logic_fixed_snr,0.8149,0.1965
137,v3,v7,20.0,70.0,20.0,0.6,0.35,0.4,-13.3385,True,fuzzy_logic_fixed_snr,0.6818,0.1668
137,v3,v19,20.0,80.0,10.0,0.6,0.4,0.2,-12.8577,True,fuzzy_logic_fixed_snr,0.7241,0.1916
137,v3,v15,20.0,90.0,0.0,0.6,0.45,0.0,-11.2679,True,fuzzy_logic_fixed_snr,0.7873,0.2061
137,v4,v3,40.0,30.15,0.0,1.0,0.1507,0.0,16.3315,False,fuzzy_logic_fixed_snr,16.3179,0.9961
137,v4,v11,40.0,30.15,10.0,1.0,0.1507,0.2,13.9232,False,fuzzy_logic_fixed_snr,13.8924,0.9961
137,v4,v7,40.0,40.11,20.0,1.0,0.2006,0.4,10.5306,False,fuzzy_logic_fixed_snr,10.5121,0.9922
137,v4,v15,40.0,60.07,0.0,1.0,0.3004,0.0,11.5409,False,fuzzy_logic_fixed_snr,11.5028,0.9922
137,v4,v19,40.0,110.04,10.0,1.0,0.5502,0.2,4.9269,False,fuzzy_logic_fixed_snr,4.8913,0.9828
138,v1,v13,40.0,80.0,40.0,1.0,0.4,0.8,3.9588,True,fuzzy_logic_fixed_snr,2.553,0.8707
138,v1,v5,40.0,130.0,40.0,1.0,0.65,0.8,0.5851,True,fuzzy_logic_fixed_snr,2.1553,0.7473
138,v3,v4,20.0,30.15,0.0,0.6,0.1507,0.0,-3.6685,False,fuzzy_logic_fixed_snr,-3.6986,0.9059
138,v3,v11,20.0,70.0,30.0,0.6,0.35,0.6,-14.338,True,fuzzy_logic_fixed_snr,0.6421,0.1635
138,v3,v7,20.0,90.0,20.0,0.6,0.45,0.4,-15.0849,True,fuzzy_logic_fixed_snr,0.597,0.1344
138,v3,v15,20.0,90.0,10.0,0.6,0.45,0.2,-13.6761,True,fuzzy_logic_fixed_snr,0.6876,0.165
138,v3,v19,20.0,90.0,10.0,0.6,0.45,0.2,-13.6761,True,fuzzy_logic_fixed_snr,0.657,0.1633
138,v4,v3,40.0,30.15,0.0,1.0,0.1507,0.0,16.3315,False,fuzzy_logic_fixed_snr,16.3179,0.9971
138,v4,v11,40.0,40.11,30.0,1.0,0.2006,0.6,9.5311,False,fuzzy_logic_fixed_snr,9.4916,0.9902
138,v4,v7,40.0,60.07,20.0,1.0,0.3004,0.4,7.7239,False,fuzzy_logic_fixed_snr,7.6919,0.9961
138,v4,v15,40.0,60.07,10.0,1.0,0.3004,0.2,9.1327,False,fuzzy_logic_fixed_snr,9.1085,0.9916
138,v4,v19,40.0,120.04,10.0,1.0,0.6002,0.2,4.3227,False,fuzzy_logic_fixed_snr,4.2885,0.9844
139,v1,v13,40.0,40.0,30.0,1.0,0.2,0.6,9.5506,False,fuzzy_logic_fixed_snr,9.5242,0.9961
139,v1,v5,40.0,90.0,20.0,1.0,0.45,0.4,4.9151,False,fuzzy_logic_fixed_snr,4.8963,0.9867
139,v1,v6,40.0,170.03,10.0,1.0,0.8501,0.2,1.9035,True,fuzzy_logic_fixed_snr,2.3396,0.7961
139,v3,v4,20.0,30.15,10.0,0.6,0.1507,0.2,-6.0768,False,fuzzy_logic_fixed_snr,-6.1072,0.8207
139,v3,v11,20.0,40.0,20.0,0.6,0.2,0.4,-9.4499,True,fuzzy_logic_fixed_snr,0.9316,0.2189
139,v3,v7,20.0,70.0,10.0,0.6,0.35,0.2,-11.9298,True,fuzzy_logic_fixed_snr,0.7623,0.1695
139,v3,v15,20.0,80.0,20.0,0.6,0.4,0.4,-14.2664,True,fuzzy_logic_fixed_snr,0.6428,0.1488
139,v3,v19,20.0,100.0,20.0,0.6,0.5,0.4,-15.817,True,fuzzy_logic_fixed_snr,0.5825,0.1432
139,v4,v11,40.0,10.44,30.0,1.0,0.0522,0.6,18.8841,False,fuzzy_logic_fixed_snr,18.8618,0.999
139,v4,v3,40.0,30.15,10.0,1.0,0.1507,0.2,13.9232,False,fuzzy_logic_fixed_snr,13.8964,0.9941
139,v4,v7,40.0,40.11,20.0,1.0,0.2006,0.4,10.5306,False,fuzzy_logic_fixed_snr,10.4992,0.9936
139,v4,v15,40.0,50.09,10.0,1.0,0.2504,0.2,10.3958,False,fuzzy_logic_fixed_snr,10.3768,0.9932
139,v4,v19,40.0,130.03,10.0,1.0,0.6502,0.2,3.7668,False,fuzzy_logic_fixed_snr,3.7439,0.9834
140,v1,v13,40.0,70.0,40.0,1.0,0.35,0.8,4.8867,True,fuzzy_logic_fixed_snr,2.6213,0.8938
140,v1,v5,40.0,110.0,20.0,1.0,0.55,0.4,3.5207,False,fuzzy_logic_fixed_snr,3.4972,0.9863
140,v1,v6,40.0,160.03,0.0,1.0,0.8001,0.0,4.7329,True,fuzzy_logic_fixed_snr,2.6067,0.8766
140,v3,v4,20.0,20.22,10.0,0.6,0.1011,0.2,-3.302,False,fuzzy_logic_fixed_snr,-3.3173,0.9096
140,v3,v11,20.0,60.0,40.0,0.6,0.3,0.8,-14.0422,True,fuzzy_logic_fixed_snr,0.6391,0.166
140,v3,v15,20.0,60.0,10.0,0.6,0.3,0.2,-10.8587,True,fuzzy_logic_fixed_snr,0.8162,0.1961
140,v3,v7,20.0,80.0,0.0,0.6,0.4,0.0,-10.4494,True,fuzzy_logic_fixed_snr,0.8472,0.2193
140,v3,v19,20.0,120.0,20.0,0.6,0.6,0.4,-17.0839,True,fuzzy_logic_fixed_snr,0.5467,0.1428
140,v4,v3,40.0,20.22,10.0,1.0,0.1011,0.2,16.698,False,fuzzy_logic_fixed_snr,16.6824,0.9971
140,v4,v11,40.0,40.11,30.0,1.0,0.2006,0.6,9.5311,False,fuzzy_logic_fixed_snr,9.502,0.9951
140,v4,v15,40.0,40.11,0.0,1.0,0.2006,0.0,14.3476,False,fuzzy_logic_fixed_snr,14.3285,0.9951
140,v4,v7,40.0,60.07,10.0,1.0,0.3004,0.2,9.1327,False,fuzzy_logic_fixed_snr,9.0985,0.9951
140,v4,v19,40.0,140.03,10.0,1.0,0.7002,0.2,3.2521,False,fuzzy_logic_fixed_snr,3.2264,0.9873
141,v1,v13,40.0,30.0,20.0,1.0,0.15,0.4,12.5491,False,fuzzy_logic_fixed_snr,12.53,0.9941
141,v1,v5,40.0,90.0,10.0,1.0,0.45,0.2,6.3239,False,fuzzy_logic_fixed_snr,6.2822,0.9873
141,v1,v6,40.0,160.03,20.0,1.0,0.8001,0.4,0.9159,True,fuzzy_logic_fixed_snr,2.1986,0.7564
141,v3,v4,20.0,10.44,10.0,0.6,0.0522,0.2,1.2923,False,fuzzy_logic_fixed_snr,1.2572,0.9725
141,v3,v11,20.0,20.0,30.0,0.6,0.1,0.6,-5.633,True,fuzzy_logic_fixed_snr,1.2795,0.3574
141,v3,v15,20.0,50.0,20.0,0.6,0.25,0.4,-11.0005,True,fuzzy_logic_fixed_snr,0.8038,0.2137
141,v3,v7,20.0,80.0,40.0,0.6,0.4,0.8,-16.0412,True,fuzzy_logic_fixed_snr,0.5821,0.1496
141,v3,v19,20.0,140.0,20.0,0.6,0.7,0.4,-18.155,True,fuzzy_logic_fixed_snr,0.529,0.1367
141,v4,v3,40.0,10.44,10.0,1.0,0.0522,0.2,21.2923,False,fuzzy_logic_fixed_snr,21.2641,0.9961
141,v4,v11,40.0,10.44,20.0,1.0,0.0522,0.4,19.8836,False,fuzzy_logic_fixed_snr,19.861,0.9971
141,v4,v15,40.0,40.11,10.0,1.0,0.2006,0.2,11.9393,False,fuzzy_logic_fixed_snr,11.9123,0.9936
141,v4,v7,40.0,70.06,30.0,1.0,0.3503,0.6,5.6556,False,fuzzy_logic_fixed_snr,5.6206,0.9912
141,v4,v19,40.0,150.03,10.0,1.0,0.7501,0.2,2.7729,False,fuzzy_logic_fixed_snr,2.7302,0.9795
142,v1,v13,40.0,10.0,0.0,1.0,0.05,0.0,24.0,False,fuzzy_logic_fixed_snr,23.9843,0.9971
142,v1,v5,40.0,100.0,10.0,1.0,0.5,0.2,5.5918,False,fuzzy_logic_fixed_snr,5.5631,0.9887
142,v1,v6,40.0,180.02,30.0,1.0,0.9001,0.6,-0.9018,True,fuzzy_logic_fixed_snr,1.9486,0.6498
142,v3,v4,20.0,3.0,0.0,0.6,0.015,0.0,12.3661,False,fuzzy_logic_fixed_snr,12.3264,0.9916
142,v3,v11,20.0,10.0,20.0,0.6,0.05,0.4,0.183,True,fuzzy_logic_fixed_snr,2.1013,0.7057
142,v3,v15,20.0,30.0,10.0,0.6,0.15,0.2,-6.0422,False,fuzzy_logic_fixed_snr,-6.0784,0.8357
142,v3,v7,20.0,40.0,10.0,0.6,0.2,0.2,-8.0412,False,fuzzy_logic_fixed_snr,-8.076,0.718
142,v3,v8,20.0,150.03,10.0,0.6,0.7501,0.2,-17.2271,True,fuzzy_logic_fixed_snr,0.5368,0.142
142,v4,v3,40.0,3.0,0.0,1.0,0.015,0.0,32.3661,False,fuzzy_logic_fixed_snr,32.3451,0.998
142,v4,v11,40.0,10.44,20.0,1.0,0.0522,0.4,19.8836,False,fuzzy_logic_fixed_snr,19.8616,0.9971
142,v4,v15,40.0,30.15,10.0,1.0,0.1507,0.2,13.9232,False,fuzzy_logic_fixed_snr,13.9043,0.9971
142,v4,v7,40.0,40.11,10.0,1.0,0.2006,0.2,11.9393,False,fuzzy_logic_fixed_snr,11.9227,0.9961
142,v4,v8,40.0,150.0,10.0,1.0,0.75,0.2,2.7743,False,fuzzy_logic_fixed_snr,2.7539,0.9857
143,v1,v13,40.0,10.0,0.0,1.0,0.05,0.0,24.0,False,fuzzy_logic_fixed_snr,23.9713,1.0
143,v1,v5,40.0,110.0,30.0,1.0,0.55,0.6,2.5212,True,fuzzy_logic_fixed_snr,2.3931,0.8197
143,v3,v4,20.0,3.0,40.0,0.6,0.015,0.8,6.7743,True,fuzzy_logic_fixed_snr,2.7413,0.9068
143,v3,v11,20.0,10.0,40.0,0.6,0.05,0.8,-1.5918,True,fuzzy_logic_fixed_snr,1.8679,0.6092
143,v3,v15,20.0,20.0,40.0,0.6,0.1,0.8,-6.4082,True,fuzzy_logic_fixed_snr,1.2044,0.3219
143,v3,v7,20.0,30.0,0.0,0.6,0.15,0.0,-3.6339,False,fuzzy_logic_fixed_snr,-3.6486,0.9117
143,v3,v19,20.0,140.0,30.0,0.6,0.7,0.6,-19.1545,True,fuzzy_logic_fixed_snr,0.4933,0.123
143,v4,v3,40.0,3.0,40.0,1.0,0.015,0.8,26.7743,True,fuzzy_logic_fixed_snr,2.954,0.9555
143,v4,v11,40.0,10.44,0.0,1.0,0.0522,0.0,23.7006,False,fuzzy_logic_fixed_snr,23.6657,0.9971
143,v4,v15,40.0,20.22,0.0,1.0,0.1011,0.0,19.1062,False,fuzzy_logic_fixed_snr,19.0761,0.9971
143,v4,v7,40.0,30.15,40.0,1.0,0.1507,0.8,10.7397,True,fuzzy_logic_fixed_snr,2.8794,0.9406
143,v4,v19,40.0,140.03,10.0,1.0,0.7002,0.2,3.2521,False,fuzzy_logic_fixed_snr,3.2347,0.9854
144,v1,v13,40.0,10.0,0.0,1.0,0.05,0.0,24.0,False,fuzzy_logic_fixed_snr,23.9719,0.9971
144,v1,v5,40.0,140.0,0.0,1.0,0.7,0.0,5.662,False,fuzzy_logic_fixed_snr,5.6304,0.9902
144,v3,v15,20.0,20.0,40.0,0.6,0.1,0.8,-6.4082,True,fuzzy_logic_fixed_snr,1.193,0.3234
144,v3,v7,20.0,30.0,10.0,0.6,0.15,0.2,-6.0422,False,fuzzy_logic_fixed_snr,-6.0691,0.8184
144,v3,v11,20.0,30.0,20.0,0.6,0.15,0.4,-7.4509,True,fuzzy_logic_fixed_snr,1.1095,0.2695
144,v3,v4,20.0,40.11,20.0,0.6,0.2006,0.4,-9.4694,True,fuzzy_logic_fixed_snr,0.9471,0.2316
144,v3,v19,20.0,170.0,30.0,0.6,0.85,0.6,-20.5037,True,fuzzy_logic_fixed_snr,0.4784,0.142
144,v4,v11,40.0,10.44,0.0,1.0,0.0522,0.0,23.7006,False,fuzzy_logic_fixed_snr,23.6673,0.9971
144,v4,v15,40.0,20.22,20.0,1.0,0.1011,0.4,15.2892,False,fuzzy_logic_fixed_snr,15.2602,0.9961
144,v4,v3,40.0,40.11,20.0,1.0,0.2006,0.4,10.5306,False,fuzzy_logic_fixed_snr,10.4978,0.9951
144,v4,v7,40.0,70.06,10.0,1.0,0.3503,0.2,8.0638,False,fuzzy_logic_fixed_snr,8.0474,0.9961
144,v4,v8,40.0,130.0,20.0,1.0,0.65,0.4,2.3599,True,fuzzy_logic_fixed_snr,2.3934,0.8254
145,v1,v13,40.0,10.0,20.0,1.0,0.05,0.4,20.183,False,fuzzy_logic_fixed_snr,20.1516,0.9961
145,v1,v5,40.0,140.0,40.0,1.0,0.7,0.8,0.0702,True,fuzzy_logic_fixed_snr,2.0919,0.6943
145,v3,v11,20.0,10.0,10.0,0.6,0.05,0.2,1.5918,False,fuzzy_logic_fixed_snr,1.5706,0.975
145,v3,v15,20.0,20.0,10.0,0.6,0.1,0.2,-3.2247,False,fuzzy_logic_fixed_snr,-3.2599,0.9164
145,v3,v4,20.0,20.22,0.0,0.6,0.1011,0.0,-0.8938,False,fuzzy_logic_fixed_snr,-0.9092,0.9516
145,v3,v7,20.0,40.0,20.0,0.6,0.2,0.4,-9.4499,True,fuzzy_logic_fixed_snr,0.9434,0.2369
145,v3,v8,20.0,130.03,40.0,0.6,0.6502,0.8,-19.4167,True,fuzzy_logic_fixed_snr,0.4732,0.126
145,v4,v11,40.0,10.44,10.0,1.0,0.0522,0.2,21.2923,False,fuzzy_logic_fixed_snr,21.2537,0.999
145,v4,v3,40.0,20.22,0.0,1.0,0.1011,0.0,19.1062,False,fuzzy_logic_fixed_snr,19.077,0.998
145,v4,v15,40.0,40.11,10.0,1.0,0.2006,0.2,11.9393,False,fuzzy_logic_fixed_snr,11.8987,0.9951
145,v4,v7,40.0,60.07,20.0,1.0,0.3004,0.4,7.7239,False,fuzzy_logic_fixed_snr,7.6889,0.9926
145,v4,v8,40.0,110.0,40.0,1.0,0.55,0.8,1.746,True,fuzzy_logic_fixed_snr,2.3113,0.8125
146,v1,v13,40.0,10.0,40.0,1.0,0.05,0.8,18.4082,True,fuzzy_logic_fixed_snr,2.9446,0.9559
146,v1,v5,40.0,100.0,40.0,1.0,0.5,0.8,2.4082,True,fuzzy_logic_fixed_snr,2.3791,0.8045
146,v1,v6,40.0,180.02,20.0,1.0,0.9001,0.4,0.0977,True,fuzzy_logic_fixed_snr,2.0938,0.6805
146,v3,v15,20.0,10.0,10.0,0.6,0.05,0.2,1.5918,False,fuzzy_logic_fixed_snr,1.5691,0.976
146,v3,v7,20.0,20.0,0.0,0.6,0.1,0.0,-0.8165,False,fuzzy_logic_fixed_snr,-0.8507,0.965
146,v3,v11,20.0,20.0,10.0,0.6,0.1,0.2,-3.2247,False,fuzzy_logic_fixed_snr,-3.2513,0.9158
146,v3,v4,20.0,20.22,10.0,0.6,0.1011,0.2,-3.302,False,fuzzy_logic_fixed_snr,-3.3326,0.9059
146,v3,v19,20.0,150.0,10.0,0.6,0.75,0.2,-17.2257,True,fuzzy_logic_fixed_snr,0.5349,0.1412
146,v4,v11,40.0,3.0,20.0,1.0,0.015,0.4,28.5491,False,fuzzy_logic_fixed_snr,28.5271,0.999
146,v4,v3,40.0,20.22,10.0,1.0,0.1011,0.2,16.698,False,fuzzy_logic_fixed_snr,16.685,0.9951
146,v4,v15,40.0,30.15,0.0,1.0,0.1507,0.0,16.3315,False,fuzzy_logic_fixed_snr,16.3003,0.9961
146,v4,v7,40.0,40.11,10.0,1.0,0.2006,0.2,11.9393,False,fuzzy_logic_fixed_snr,11.9065,0.9941
146,v4,v19,40.0,130.03,20.0,1.0,0.6502,0.4,2.3581,True,fuzzy_logic_fixed_snr,2.386,0.8105
147,v1,v13,40.0,30.0,10.0,1.0,0.15,0.2,13.9578,False,fuzzy_logic_fixed_snr,13.9318,0.9961
147,v1,v5,40.0,140.0,20.0,1.0,0.7,0.4,1.845,True,fuzzy_logic_fixed_snr,2.3233,0.8053
147,v3,v15,20.0,0.0,10.0,0.6,0.0,0.2,33.5918,False,fuzzy_logic_fixed_snr,33.5665,0.999
147,v3,v11,20.0,10.0,10.0,0.6,0.05,0.2,1.5918,False,fuzzy_logic_fixed_snr,1.5696,0.9799
147,v3,v7,20.0,20.0,30.0,0.6,0.1,0.6,-5.633,True,fuzzy_logic_fixed_snr,1.318,0.3332
147,v3,v4,20.0,30.15,20.0,0.6,0.1507,0.4,-7.4855,True,fuzzy_logic_fixed_snr,1.1107,0.2857
147,v3,v19,20.0,140.0,20.0,0.6,0.7,0.4,-18.155,True,fuzzy_logic_fixed_snr,0.5296,0.1383
147,v4,v11,40.0,20.22,30.0,1.0,0.1011,0.6,14.2897,False,fuzzy_logic_fixed_snr,14.2575,0.9971
147,v4,v3,40.0,30.15,20.0,1.0,0.1507,0.4,12.5145,False,fuzzy_logic_fixed_snr,12.4924,0.9932
147,v4,v15,40.0,30.15,30.0,1.0,0.1507,0.6,11.515,False,fuzzy_logic_fixed_snr,11.4844,0.9932
147,v4,v7,40.0,50.09,10.0,1.0,0.2504,0.2,10.3958,False,fuzzy_logic_fixed_snr,10.3724,0.9971
147,v4,v19,40.0,110.04,0.0,1.0,0.5502,0.0,7.3351,False,fuzzy_logic_fixed_snr,7.3092,0.9893
148,v1,v13,40.0,20.0,0.0,1.0,0.1,0.0,19.1835,False,fuzzy_logic_fixed_snr,19.1611,0.9971
148,v1,v5,40.0,120.0,20.0,1.0,0.6,0.4,2.9161,False,fuzzy_logic_fixed_snr,2.8989,0.9863
148,v1,v6,40.0,170.03,10.0,1.0,0.8501,0.2,1.9035,True,fuzzy_logic_fixed_snr,2.3222,0.7953
148,v3,v15,20.0,10.0,10.0,0.6,0.05,0.2,1.5918,False,fuzzy_logic_fixed_snr,1.5573,0.9814
148,v3,v4,20.0,10.44,30.0,0.6,0.0522,0.6,-1.1159,True,fuzzy_logic_fixed_snr,1.9098,0.6156
148,v3,v11,20.0,20.0,20.0,0.6,0.1,0.4,-4.6334,True,fuzzy_logic_fixed_snr,1.411,0.4467
148,v3,v7,20.0,50.0,10.0,0.6,0.25,0.2,-9.5918,False,fuzzy_logic_fixed_snr,-9.6219,0.6117
148,v3,v19,20.0,120.0,20.0,0.6,0.6,0.4,-17.0839,True,fuzzy_logic_fixed_snr,0.5584,0.132
148,v4,v15,40.0,3.0,20.0,1.0,0.015,0.4,28.5491,False,fuzzy_logic_fixed_snr,28.526,1.0
148,v4,v3,40.0,10.44,30.0,1.0,0.0522,0.6,18.8841,False,fuzzy_logic_fixed_snr,18.8547,0.999
148,v4,v11,40.0,10.44,10.0,1.0,0.0522,0.2,21.2923,False,fuzzy_logic_fixed_snr,21.2672,0.9971
148,v4,v7,40.0,60.07,40.0,1.0,0.3004,0.8,5.9491,True,fuzzy_logic_fixed_snr,2.695,0.9162
148,v4,v8,40.0,110.0,40.0,1.0,0.55,0.8,1.746,True,fuzzy_logic_fixed_snr,2.3136,0.7807
149,v1,v13,40.0,20.0,10.0,1.0,0.1,0.2,16.7753,False,fuzzy_logic_fixed_snr,16.75,0.998
149,v1,v5,40.0,100.0,20.0,1.0,0.5,0.4,4.183,False,fuzzy_logic_fixed_snr,4.1489,0.9873
149,v1,v6,40.0,180.02,0.0,1.0,0.9001,0.0,3.9147,True,fuzzy_logic_fixed_snr,2.5465,0.8809
149,v3,v15,20.0,20.0,10.0,0.6,0.1,0.2,-3.2247,False,fuzzy_logic_fixed_snr,-3.2395,0.9281
149,v3,v11,20.0,40.0,20.0,0.6,0.2,0.4,-9.4499,True,fuzzy_logic_fixed_snr,0.9307,0.2449
149,v3,v4,20.0,40.11,10.0,0.6,0.2006,0.2,-8.0607,False,fuzzy_logic_fixed_snr,-8.0916,0.7193
149,v3,v7,20.0,60.0,0.0,0.6,0.3,0.0,-8.4504,True,fuzzy_logic_fixed_snr,1.0202,0.2898
149,v3,v8,20.0,110.04,10.0,0.6,0.5502,0.2,-15.0731,True,fuzzy_logic_fixed_snr,0.6076,0.1469
149,v4,v11,40.0,3.0,10.0,1.0,0.015,0.2,29.9578,False,fuzzy_logic_fixed_snr,29.9264,0.998
149,v4,v15,40.0,20.22,20.0,1.0,0.1011,0.4,15.2892,False,fuzzy_logic_fixed_snr,15.2527,0.9926
149,v4,v3,40.0,40.11,10.0,1.0,0.2006,0.2,11.9393,False,fuzzy_logic_fixed_snr,11.9037,0.9961
149,v4,v8,40.0,70.0,20.0,1.0,0.35,0.4,6.6615,False,fuzzy_logic_fixed_snr,6.6393,0.9902
149,v4,v7,40.0,100.04,10.0,1.0,0.5002,0.2,5.5886,False,fuzzy_logic_fixed_snr,5.5505,0.9838
150,v1,v13,40.0,10.0,10.0,1.0,0.05,0.2,21.5918,False,fuzzy_logic_fixed_snr,21.5655,0.998
150,v1,v5,40.0,120.0,0.0,1.0,0.6,0.0,6.7331,False,fuzzy_logic_fixed_snr,6.7064,0.9916
150,v1,v6,40.0,180.02,10.0,1.0,0.9001,0.2,1.5064,True,fuzzy_logic_fixed_snr,2.2821,0.8023
150,v3,v11,20.0,20.0,20.0,0.6,0.1,0.4,-4.6334,True,fuzzy_logic_fixed_snr,1.4314,0.4035
150,v3,v15,20.0,30.0,0.0,0.6,0.15,0.0,-3.6339,False,fuzzy_logic_fixed_snr,-3.6627,0.9119
150,v3,v4,20.0,30.15,10.0,0.6,0.1507,0.2,-6.0768,False,fuzzy_logic_fixed_snr,-6.1231,0.8133
150,v3,v7,20.0,60.0,20.0,0.6,0.3,0.4,-12.2674,True,fuzzy_logic_fixed_snr,0.735,0.1734
150,v3,v8,20.0,120.04,10.0,0.6,0.6002,0.2,-15.6773,True,fuzzy_logic_fixed_snr,0.5944,0.165
150,v4,v15,40.0,3.0,10.0,1.0,0.015,0.2,29.9578,False,fuzzy_logic_fixed_snr,29.9189,1.0
150,v4,v11,40.0,10.44,10.0,1.0,0.0522,0.2,21.2923,False,fuzzy_logic_fixed_snr,21.27,0.999
150,v4,v3,40.0,30.15,10.0,1.0,0.1507,0.2,13.9232,False,fuzzy_logic_fixed_snr,13.9034,0.9951
150,v4,v8,40.0,90.0,0.0,1.0,0.45,0.0,8.7321,False,fuzzy_logic_fixed_snr,8.699,0.9912
150,v4,v7,40.0,90.05,10.0,1.0,0.4502,0.2,6.32,False,fuzzy_logic_fixed_snr,6.2921,0.9932
151,v1,v13,40.0,20.0,20.0,1.0,0.1,0.4,15.3666,False,fuzzy_logic_fixed_snr,15.3382,0.9961
151,v1,v5,40.0,120.0,0.0,1.0,0.6,0.0,6.7331,False,fuzzy_logic_fixed_snr,6.6908,0.9902
151,v1,v6,40.0,170.03,20.0,1.0,0.8501,0.4,0.4948,True,fuzzy_logic_fixed_snr,2.1588,0.7402
151,v3,v15,20.0,30.0,10.0,0.6,0.15,0.2,-6.0422,False,fuzzy_logic_fixed_snr,-6.0629,0.8189
151,v3,v7,20.0,40.0,20.0,0.6,0.2,0.4,-9.4499,True,fuzzy_logic_fixed_snr,0.9075,0.2375
151,v3,v11,20.0,40.0,10.0,0.6,0.2,0.2,-8.0412,False,fuzzy_logic_fixed_snr,-8.0667,0.7324
151,v3,v4,20.0,40.11,10.0,0.6,0.2006,0.2,-8.0607,False,fuzzy_logic_fixed_snr,-8.0981,0.7109
151,v3,v19,20.0,130.0,10.0,0.6,0.65,0.2,-16.2313,True,fuzzy_logic_fixed_snr,0.5669,0.132
151,v4,v11,40.0,3.0,20.0,1.0,0.015,0.4,28.5491,False,fuzzy_logic_fixed_snr,28.5197,0.998
151,v4,v15,40.0,10.44,20.0,1.0,0.0522,0.4,19.8836,False,fuzzy_logic_fixed_snr,19.8563,1.0
151,v4,v3,40.0,40.11,10.0,1.0,0.2006,0.2,11.9393,False,fuzzy_logic_fixed_snr,11.9035,0.9961
151,v4,v7,40.0,80.06,10.0,1.0,0.4003,0.2,7.1374,False,fuzzy_logic_fixed_snr,7.1035,0.9922
151,v4,v8,40.0,90.0,20.0,1.0,0.45,0.4,4.9151,False,fuzzy_logic_fixed_snr,4.8737,0.9873
152,v1,v13,40.0,40.0,20.0,1.0,0.2,0.4,10.5501,False,fuzzy_logic_fixed_snr,10.5149,0.9922
152,v1,v5,40.0,120.0,0.0,1.0,0.6,0.0,6.7331,False,fuzzy_logic_fixed_snr,6.7075,0.9941
152,v1,v6,40.0,190.02,20.0,1.0,0.9501,0.4,-0.2779,True,fuzzy_logic_fixed_snr,2.026,0.6824
152,v3,v4,20.0,30.15,10.0,0.6,0.1507,0.2,-6.0768,False,fuzzy_logic_fixed_snr,-6.1,0.8305
152,v3,v15,20.0,40.0,30.0,0.6,0.2,0.6,-10.4494,True,fuzzy_logic_fixed_snr,0.8745,0.2146
152,v3,v11,20.0,50.0,20.0,0.6,0.25,0.4,-11.0005,True,fuzzy_logic_fixed_snr,0.8188,0.1994
152,v3,v7,20.0,60.0,20.0,0.6,0.3,0.4,-12.2674,True,fuzzy_logic_fixed_snr,0.7421,0.1893
152,v3,v19,20.0,120.0,10.0,0.6,0.6,0.2,-15.6751,True,fuzzy_logic_fixed_snr,0.5931,0.148
152,v4,v15,40.0,10.44,20.0,1.0,0.0522,0.4,19.8836,False,fuzzy_logic_fixed_snr,19.8526,0.998
152,v4,v11,40.0,20.22,10.0,1.0,0.1011,0.2,16.698,False,fuzzy_logic_fixed_snr,16.6792,0.9971
152,v4,v3,40.0,30.15,10.0,1.0,0.1507,0.2,13.9232,False,fuzzy_logic_fixed_snr,13.8932,0.9951
152,v4,v7,40.0,90.05,10.0,1.0,0.4502,0.2,6.32,False,fuzzy_logic_fixed_snr,6.2863,0.9922
152,v4,v19,40.0,90.05,0.0,1.0,0.4502,0.0,8.7283,False,fuzzy_logic_fixed_snr,8.7075,0.9902
153,v1,v13,40.0,20.0,40.0,1.0,0.1,0.8,13.5918,True,fuzzy_logic_fixed_snr,2.9177,0.9543
153,v1,v5,40.0,120.0,20.0,1.0,0.6,0.4,2.9161,False,fuzzy_logic_fixed_snr,2.8868,0.9818
153,v1,v6,40.0,170.03,30.0,1.0,0.8501,0.6,-0.5047,True,fuzzy_logic_fixed_snr,2.0063,0.6586
153,v3,v15,20.0,10.0,0.0,0.6,0.05,0.0,4.0,False,fuzzy_logic_fixed_snr,3.9686,0.9863
153,v3,v4,20.0,20.22,10.0,0.6,0.1011,0.2,-3.302,False,fuzzy_logic_fixed_snr,-3.3125,0.9088
153,v3,v11,20.0,30.0,20.0,0.6,0.15,0.4,-7.4509,True,fuzzy_logic_fixed_snr,1.0953,0.2814
153,v3,v7,20.0,80.0,40.0,0.6,0.4,0.8,-16.0412,True,fuzzy_logic_fixed_snr,0.5694,0.1457
153,v3,v19,20.0,110.0,40.0,0.6,0.55,0.8,-18.254,True,fuzzy_logic_fixed_snr,0.5114,0.1154
153,v4,v11,40.0,10.44,10.0,1.0,0.0522,0.2,21.2923,False,fuzzy_logic_fixed_snr,21.26,0.9971
153,v4,v15,40.0,10.44,10.0,1.0,0.0522,0.2,21.2923,False,fuzzy_logic_fixed_snr,21.2516,1.0
153,v4,v3,40.0,20.22,10.0,1.0,0.1011,0.2,16.698,False,fuzzy_logic_fixed_snr,16.6759,0.9951
153,v4,v19,40.0,90.05,30.0,1.0,0.4502,0.6,3.9118,True,fuzzy_logic_fixed_snr,2.5493,0.8615
153,v4,v7,40.0,100.04,30.0,1.0,0.5002,0.6,3.1804,True,fuzzy_logic_fixed_snr,2.4609,0.8379
154,v1,v13,40.0,60.0,10.0,1.0,0.3,0.2,9.1413,False,fuzzy_logic_fixed_snr,9.1054,0.9922
154,v1,v5,40.0,140.0,20.0,1.0,0.7,0.4,1.845,True,fuzzy_logic_fixed_snr,2.3192,0.8014
154,v3,v11,20.0,10.0,10.0,0.6,0.05,0.2,1.5918,False,fuzzy_logic_fixed_snr,1.5626,0.9818
154,v3,v15,20.0,10.0,10.0,0.6,0.05,0.2,1.5918,False,fuzzy_logic_fixed_snr,1.5654,0.973
154,v3,v4,20.0,10.44,20.0,0.6,0.0522,0.4,-0.1164,True,fuzzy_logic_fixed_snr,2.0762,0.6854
154,v3,v19,20.0,70.0,0.0,0.6,0.35,0.0,-9.5216,True,fuzzy_logic_fixed_snr,0.9044,0.249
154,v3,v7,20.0,120.0,20.0,0.6,0.6,0.4,-17.0839,True,fuzzy_logic_fixed_snr,0.5545,0.1512
154,v4,v11,40.0,3.0,10.0,1.0,0.015,0.2,29.9578,False,fuzzy_logic_fixed_snr,29.9462,0.999
154,v4,v15,40.0,3.0,10.0,1.0,0.015,0.2,29.9578,False,fuzzy_logic_fixed_snr,29.9306,0.998
154,v4,v3,40.0,10.44,20.0,1.0,0.0522,0.4,19.8836,False,fuzzy_logic_fixed_snr,19.8639,0.998
154,v4,v19,40.0,60.07,20.0,1.0,0.3004,0.4,7.7239,False,fuzzy_logic_fixed_snr,7.6932,0.9896
154,v4,v7,40.0,130.03,0.0,1.0,0.6502,0.0,6.1751,False,fuzzy_logic_fixed_snr,6.1458,0.9893
155,v1,v13,40.0,70.0,20.0,1.0,0.35,0.4,6.6615,False,fuzzy_logic_fixed_snr,6.6382,0.9912
155,v1,v5,40.0,160.0,20.0,1.0,0.8,0.4,0.9171,True,fuzzy_logic_fixed_snr,2.2118,0.7451
155,v3,v11,20.0,0.0,0.0,0.6,0.0,0.0,36.0,False,fuzzy_logic_fixed_snr,35.9756,1.0
155,v3,v15,20.0,0.0,30.0,0.6,0.0,0.6,31.1835,True,fuzzy_logic_fixed_snr,2.9558,0.9504
155,v3,v4,20.0,10.44,20.0,0.6,0.0522,0.4,-0.1164,True,fuzzy_logic_fixed_snr,2.0578,0.6836
155,v3,v19,20.0,70.0,30.0,0.6,0.35,0.6,-14.338,True,fuzzy_logic_fixed_snr,0.6435,0.1521
155,v3,v8,20.0,120.04,0.0,0.6,0.6002,0.0,-13.2691,True,fuzzy_logic_fixed_snr,0.6851,0.1725
155,v4,v3,40.0,10.44,20.0,1.0,0.0522,0.4,19.8836,False,fuzzy_logic_fixed_snr,19.8506,0.9951
155,v4,v11,40.0,10.44,20.0,1.0,0.0522,0.4,19.8836,False,fuzzy_logic_fixed_snr,19.8539,0.998
155,v4,v15,40.0,10.44,10.0,1.0,0.0522,0.2,21.2923,False,fuzzy_logic_fixed_snr,21.2582,0.999
155,v4,v19,40.0,80.06,10.0,1.0,0.4003,0.2,7.1374,False,fuzzy_logic_fixed_snr,7.099,0.9902
155,v4,v8,40.0,130.0,20.0,1.0,0.65,0.4,2.3599,True,fuzzy_logic_fixed_snr,2.3843,0.8031
156,v1,v13,40.0,90.0,0.0,1.0,0.45,0.0,8.7321,False,fuzzy_logic_fixed_snr,8.699,0.9936
156,v1,v5,40.0,140.0,0.0,1.0,0.7,0.0,5.662,False,fuzzy_logic_fixed_snr,5.6326,0.9887
156,v3,v11,20.0,0.0,20.0,0.6,0.0,0.4,32.183,True,fuzzy_logic_fixed_snr,2.9557,0.9523
156,v3,v4,20.0,10.44,30.0,0.6,0.0522,0.6,-1.1159,True,fuzzy_logic_fixed_snr,1.9176,0.6459
156,v3,v15,20.0,30.0,20.0,0.6,0.15,0.4,-7.4509,True,fuzzy_logic_fixed_snr,1.1056,0.2684
156,v3,v19,20.0,100.0,20.0,0.6,0.5,0.4,-15.817,True,fuzzy_logic_fixed_snr,0.5855,0.1455
156,v3,v8,20.0,120.04,20.0,0.6,0.6002,0.4,-17.086,True,fuzzy_logic_fixed_snr,0.5606,0.1387
156,v4,v3,40.0,10.44,30.0,1.0,0.0522,0.6,18.8841,False,fuzzy_logic_fixed_snr,18.8471,0.999
156,v4,v11,40.0,10.44,10.0,1.0,0.0522,0.2,21.2923,False,fuzzy_logic_fixed_snr,21.279,0.999
156,v4,v15,40.0,20.22,10.0,1.0,0.1011,0.2,16.698,False,fuzzy_logic_fixed_snr,16.6745,0.998
156,v4,v19,40.0,90.05,10.0,1.0,0.4502,0.2,6.32,False,fuzzy_logic_fixed_snr,6.2963,0.9848
156,v4,v8,40.0,110.0,10.0,1.0,0.55,0.2,4.9295,False,fuzzy_logic_fixed_snr,4.8976,0.9834
157,v1,v13,40.0,90.0,10.0,1.0,0.45,0.2,6.3239,False,fuzzy_logic_fixed_snr,6.293,0.9887
157,v1,v5,40.0,140.0,20.0,1.0,0.7,0.4,1.845,True,fuzzy_logic_fixed_snr,2.319,0.8041
157,v1,v6,40.0,190.02,20.0,1.0,0.9501,0.4,-0.2779,True,fuzzy_logic_fixed_snr,2.0252,0.6797
157,v3,v15,20.0,10.0,20.0,0.6,0.05,0.4,0.183,True,fuzzy_logic_fixed_snr,2.1102,0.701
157,v3,v11,20.0,20.0,10.0,0.6,0.1,0.2,-3.2247,False,fuzzy_logic_fixed_snr,-3.2609,0.9182
157,v3,v4,20.0,20.22,30.0,0.6,0.1011,0.6,-5.7103,True,fuzzy_logic_fixed_snr,1.2986,0.3574
157,v3,v19,20.0,80.0,0.0,0.6,0.4,0.0,-10.4494,True,fuzzy_logic_fixed_snr,0.842,0.2074
157,v3,v8,20.0,100.04,30.0,0.6,0.5002,0.6,-16.8196,True,fuzzy_logic_fixed_snr,0.5599,0.1346
157,v4,v11,40.0,3.0,40.0,1.0,0.015,0.8,26.7743,True,fuzzy_logic_fixed_snr,2.9554,0.9563
157,v4,v3,40.0,20.22,30.0,1.0,0.1011,0.6,14.2897,False,fuzzy_logic_fixed_snr,14.2601,0.9941
157,v4,v15,40.0,30.15,10.0,1.0,0.1507,0.2,13.9232,False,fuzzy_logic_fixed_snr,13.8964,0.9951
157,v4,v19,40.0,100.04,30.0,1.0,0.5002,0.6,3.1804,True,fuzzy_logic_fixed_snr,2.4701,0.8506
157,v4,v8,40.0,120.0,0.0,1.0,0.6,0.0,6.7331,False,fuzzy_logic_fixed_snr,6.7226,0.9922
158,v1,v13,40.0,100.0,10.0,1.0,0.5,0.2,5.5918,False,fuzzy_logic_fixed_snr,5.5736,0.9912
158,v1,v5,40.0,160.0,20.0,1.0,0.8,0.4,0.9171,True,fuzzy_logic_fixed_snr,2.2012,0.7525
158,v3,v4,20.0,10.44,10.0,0.6,0.0522,0.2,1.2923,False,fuzzy_logic_fixed_snr,1.2682,0.9832
158,v3,v11,20.0,30.0,10.0,0.6,0.15,0.2,-6.0422,False,fuzzy_logic_fixed_snr,-6.08,0.8287
158,v3,v15,20.0,30.0,0.0,0.6,0.15,0.0,-3.6339,False,fuzzy_logic_fixed_snr,-3.6608,0.8941
158,v3,v19,20.0,80.0,20.0,0.6,0.4,0.4,-14.2664,True,fuzzy_logic_fixed_snr,0.634,0.1385
158,v3,v8,20.0,130.03,40.0,0.6,0.6502,0.8,-19.4167,True,fuzzy_logic_fixed_snr,0.4915,0.1426
158,v4,v3,40.0,10.44,10.0,1.0,0.0522,0.2,21.2923,False,fuzzy_logic_fixed_snr,21.2662,0.998
158,v4,v15,40.0,20.22,10.0,1.0,0.1011,0.2,16.698,False,fuzzy_logic_fixed_snr,16.678,0.999
158,v4,v11,40.0,40.11,0.0,1.0,0.2006,0.0,14.3476,False,fuzzy_logic_fixed_snr,14.3054,0.9961
158,v4,v19,40.0,70.06,10.0,1.0,0.3503,0.2,8.0638,False,fuzzy_logic_fixed_snr,8.0324,0.9912
158,v4,v8,40.0,120.0,30.0,1.0,0.6,0.6,1.9166,True,fuzzy_logic_fixed_snr,2.3283,0.7795
159,v1,v13,40.0,110.0,30.0,1.0,0.55,0.6,2.5212,True,fuzzy_logic_fixed_snr,2.3997,0.8307
159,v1,v5,40.0,140.0,0.0,1.0,0.7,0.0,5.662,False,fuzzy_logic_fixed_snr,5.6303,0.9828
159,v3,v11,20.0,20.0,20.0,0.6,0.1,0.4,-4.6334,True,fuzzy_logic_fixed_snr,1.4171,0.4053
159,v3,v4,20.0,20.22,20.0,0.6,0.1011,0.4,-4.7108,True,fuzzy_logic_fixed_snr,1.4113,0.4145
159,v3,v15,20.0,30.0,10.0,0.6,0.15,0.2,-6.0422,False,fuzzy_logic_fixed_snr,-6.0674,0.841
159,v3,v19,20.0,100.0,10.0,0.6,0.5,0.2,-14.4082,True,fuzzy_logic_fixed_snr,0.6302,0.1557
159,v3,v7,20.0,150.0,10.0,0.6,0.75,0.2,-17.2257,True,fuzzy_logic_fixed_snr,0.5494,0.1195
159,v4,v15,40.0,10.44,30.0,1.0,0.0522,0.6,18.8841,False,fuzzy_logic_fixed_snr,18.8658,1.0
159,v4,v3,40.0,20.22,20.0,1.0,0.1011,0.4,15.2892,False,fuzzy_logic_fixed_snr,15.2579,0.9951
159,v4,v11,40.0,40.11,40.0,1.0,0.2006,0.8,8.7558,True,fuzzy_logic_fixed_snr,2.8238,0.932
159,v4,v19,40.0,80.06,10.0,1.0,0.4003,0.2,7.1374,False,fuzzy_logic_fixed_snr,7.1142,0.9951
159,v4,v8,40.0,150.0,40.0,1.0,0.75,0.8,-0.4092,True,fuzzy_logic_fixed_snr,2.0317,0.6664
160,v1,v13,40.0,80.0,20.0,1.0,0.4,0.4,5.7336,False,fuzzy_logic_fixed_snr,5.7169,0.9854
160,v1,v5,40.0,140.0,0.0,1.0,0.7,0.0,5.662,False,fuzzy_logic_fixed_snr,5.6468,0.9912
160,v1,v6,40.0,190.02,0.0,1.0,0.9501,0.0,3.5391,True,fuzzy_logic_fixed_snr,2.5006,0.8635
160,v3,v15,20.0,20.0,20.0,0.6,0.1,0.4,-4.6334,True,fuzzy_logic_fixed_snr,1.4169,0.4191
160,v3,v11,20.0,40.0,10.0,0.6,0.2,0.2,-8.0412,False,fuzzy_logic_fixed_snr,-8.0588,0.7258
160,v3,v4,20.0,40.11,10.0,0.6,0.2006,0.2,-8.0607,False,fuzzy_logic_fixed_snr,-8.0778,0.7217
160,v3,v19,20.0,110.0,0.0,0.6,0.55,0.0,-12.6623,True,fuzzy_logic_fixed_snr,0.7181,0.1779
160,v3,v7,20.0,140.0,10.0,0.6,0.7,0.2,-16.7463,True,fuzzy_logic_fixed_snr,0.5478,0.1475
160,v4,v15,40.0,20.22,10.0,1.0,0.1011,0.2,16.698,False,fuzzy_logic_fixed_snr,16.6617,0.9922
160,v4,v3,40.0,40.11,10.0,1.0,0.2006,0.2,11.9393,False,fuzzy_logic_fixed_snr,11.9189,0.9961
160,v4,v19,40.0,70.06,10.0,1.0,0.3503,0.2,8.0638,False,fuzzy_logic_fixed_snr,8.0372,0.9922
160,v4,v11,40.0,80.06,0.0,1.0,0.4003,0.0,9.5457,False,fuzzy_logic_fixed_snr,9.5339,0.9926
160,v4,v8,40.0,110.0,10.0,1.0,0.55,0.2,4.9295,False,fuzzy_logic_fixed_snr,4.9002,0.9873
10,v1,v2,40.0,20.22,20.0,1.0,0.1011,0.4,15.2892,False,fuzzy_logic_dynamic_snr,15.2545,0.9971
10,v1,v5,40.0,110.0,20.0,1.0,0.55,0.4,3.5207,False,fuzzy_logic_dynamic_snr,3.5056,0.976
10,v1,v6,40.0,190.02,10.0,1.0,0.9501,0.2,1.1308,True,fuzzy_logic_dynamic_snr,2.3614,0.8342
10,v2,v1,20.0,20.22,20.0,0.6,0.1011,0.4,-4.7108,True,fuzzy_logic_dynamic_snr,1.5516,0.451
10,v2,v5,20.0,130.03,40.0,0.6,0.6502,0.8,-19.4167,True,fuzzy_logic_dynamic_snr,0.552,0.1301
10,v3,v4,20.0,50.09,30.0,0.6,0.2504,0.6,-12.0125,True,fuzzy_logic_dynamic_snr,0.8653,0.2277
10,v3,v7,20.0,100.0,30.0,0.6,0.5,0.6,-16.8165,True,fuzzy_logic_dynamic_snr,0.6245,0.149
10,v3,v8,20.0,130.03,10.0,0.6,0.6502,0.2,-16.2332,True,fuzzy_logic_dynamic_snr,0.6301,0.1576
10,v4,v3,40.0,50.09,30.0,1.0,0.2504,0.6,7.9875,False,fuzzy_logic_dynamic_snr,7.9513,0.9896
10,v4,v7,40.0,50.09,0.0,1.0,0.2504,0.0,12.804,False,fuzzy_logic_dynamic_snr,12.7681,0.9961
10,v4,v8,40.0,80.0,20.0,1.0,0.4,0.4,5.7336,False,fuzzy_logic_dynamic_snr,5.7118,0.9887
10,v4,v12,40.0,170.0,20.0,1.0,0.85,0.4,0.4958,True,fuzzy_logic_dynamic_snr,2.2844,0.784
10,v4,v16,40.0,170.0,20.0,1.0,0.85,0.4,0.4958,True,fuzzy_logic_dynamic_snr,2.2727,0.7855
11,v1,v2,40.0,3.0,10.0,1.0,0.015,0.2,29.9578,False,fuzzy_logic_dynamic_snr,29.9251,0.999
11,v1,v5,40.0,90.0,10.0,1.0,0.45,0.2,6.3239,False,fuzzy_logic_dynamic_snr,6.2972,0.9863
11,v2,v1,20.0,3.0,10.0,0.6,0.015,0.2,9.9578,False,fuzzy_logic_dynamic_snr,9.9346,0.9922
11,v2,v5,20.0,90.05,20.0,0.6,0.4502,0.4,-15.0887,True,fuzzy_logic_dynamic_snr,0.7026,0.1744
11,v2,v6,20.0,200.0,0.0,0.6,1.0,0.0,-16.8165,True,fuzzy_logic_dynamic_snr,0.6111,0.1605
11,v3,v4,20.0,80.06,10.0,0.6,0.4003,0.2,-12.8626,True,fuzzy_logic_dynamic_snr,0.795,0.1734
11,v3,v7,20.0,130.0,30.0,0.6,0.65,0.6,-18.6396,True,fuzzy_logic_dynamic_snr,0.572,0.1396
11,v3,v8,20.0,140.03,20.0,0.6,0.7002,0.4,-18.1566,True,fuzzy_logic_dynamic_snr,0.6006,0.1602
11,v4,v7,40.0,50.09,20.0,1.0,0.2504,0.4,8.987,False,fuzzy_logic_dynamic_snr,8.9723,0.9902
11,v4,v8,40.0,60.0,10.0,1.0,0.3,0.2,9.1413,False,fuzzy_logic_dynamic_snr,9.127,0.9941
11,v4,v3,40.0,80.06,10.0,1.0,0.4003,0.2,7.1374,False,fuzzy_logic_dynamic_snr,7.1212,0.9941
11,v4,v11,40.0,140.03,30.0,1.0,0.7002,0.6,0.8439,True,fuzzy_logic_dynamic_snr,2.3281,0.8146
11,v4,v12,40.0,190.0,10.0,1.0,0.95,0.2,1.1317,True,fuzzy_logic_dynamic_snr,2.3349,0.8268
12,v1,v2,40.0,10.44,20.0,1.0,0.0522,0.4,19.8836,False,fuzzy_logic_dynamic_snr,19.8523,0.998
12,v1,v5,40.0,100.0,0.0,1.0,0.5,0.0,8.0,False,fuzzy_logic_dynamic_snr,7.9763,0.9912
12,v1,v6,40.0,190.02,10.0,1.0,0.9501,0.2,1.1308,True,fuzzy_logic_dynamic_snr,2.3618,0.8422
12,v2,v1,20.0,10.44,20.0,0.6,0.0522,0.4,-0.1164,True,fuzzy_logic_dynamic_snr,2.1903,0.7268
12,v2,v5,20.0,110.04,20.0,0.6,0.5502,0.4,-16.4818,True,fuzzy_logic_dynamic_snr,0.6214,0.1598
12,v2,v6,20.0,200.0,10.0,0.6,1.0,0.2,-19.2247,True,fuzzy_logic_dynamic_snr,0.5655,0.1412
12,v3,v4,20.0,70.06,0.0,0.6,0.3503,0.0,-9.5279,True,fuzzy_logic_dynamic_snr,1.0198,0.2805
12,v3,v7,20.0,100.0,20.0,0.6,0.5,0.4,-15.817,True,fuzzy_logic_dynamic_snr,0.6699,0.1578
12,v3,v8,20.0,120.04,20.0,0.6,0.6002,0.4,-17.086,True,fuzzy_logic_dynamic_snr,0.6164,0.1395
12,v3,v11,20.0,180.0,10.0,0.6,0.9,0.2,-18.4926,True,fuzzy_logic_dynamic_snr,0.5726,0.1359
12,v4,v7,40.0,30.15,20.0,1.0,0.1507,0.4,12.5145,False,fuzzy_logic_dynamic_snr,12.5005,0.998
12,v4,v8,40.0,50.0,20.0,1.0,0.25,0.4,8.9995,False,fuzzy_logic_dynamic_snr,8.97,0.9951
12,v4,v3,40.0,70.06,0.0,1.0,0.3503,0.0,10.4721,False,fuzzy_logic_dynamic_snr,10.4562,0.9932
12,v4,v11,40.0,110.04,10.0,1.0,0.5502,0.2,4.9269,False,fuzzy_logic_dynamic_snr,4.8897,0.9824
12,v4,v12,40.0,180.0,10.0,1.0,0.9,0.2,1.5074,True,fuzzy_logic_dynamic_snr,2.3834,0.8232
13,v1,v2,40.0,30.15,10.0,1.0,0.1507,0.2,13.9232,False,fuzzy_logic_dynamic_snr,13.895,0.9971
13,v1,v5,40.0,100.0,30.0,1.0,0.5,0.6,3.1835,True,fuzzy_logic_dynamic_snr,2.5638,0.882
13,v1,v6,40.0,180.02,0.0,1.0,0.9001,0.0,3.9147,True,fuzzy_logic_dynamic_snr,2.6328,0.9227
13,v2,v1,20.0,30.15,10.0,0.6,0.1507,0.2,-6.0768,False,fuzzy_logic_dynamic_snr,-6.0928,0.8307
13,v2,v5,20.0,130.03,20.0,0.6,0.6502,0.4,-17.6419,True,fuzzy_logic_dynamic_snr,0.5946,0.1438
13,v3,v4,20.0,70.06,10.0,0.6,0.3503,0.2,-11.9362,True,fuzzy_logic_dynamic_snr,0.8525,0.2117
13,v3,v7,20.0,120.0,10.0,0.6,0.6,0.2,-15.6751,True,fuzzy_logic_dynamic_snr,0.6596,0.1449
13,v3,v8,20.0,140.03,20.0,0.6,0.7002,0.4,-18.1566,True,fuzzy_logic_dynamic_snr,0.5745,0.1334
13,v3,v11,20.0,190.0,10.0,0.6,0.95,0.2,-18.8683,True,fuzzy_logic_dynamic_snr,0.5661,0.1283
13,v4,v7,40.0,50.09,20.0,1.0,0.2504,0.4,8.987,False,fuzzy_logic_dynamic_snr,8.9622,0.9941
13,v4,v8,40.0,70.0,10.0,1.0,0.35,0.2,8.0702,False,fuzzy_logic_dynamic_snr,8.0514,0.9941
13,v4,v3,40.0,70.06,10.0,1.0,0.3503,0.2,8.0638,False,fuzzy_logic_dynamic_snr,8.0434,0.9902
13,v4,v11,40.0,120.04,0.0,1.0,0.6002,0.0,6.7309,False,fuzzy_logic_dynamic_snr,6.7025,0.9873
13,v4,v12,40.0,170.0,0.0,1.0,0.85,0.0,4.3128,True,fuzzy_logic_dynamic_snr,2.6712,0.9266
14,v1,v2,40.0,20.22,30.0,1.0,0.1011,0.6,14.2897,False,fuzzy_logic_dynamic_snr,14.2632,0.9951
14,v1,v5,40.0,130.0,30.0,1.0,0.65,0.6,1.3604,True,fuzzy_logic_dynamic_snr,2.3863,0.8564
14,v1,v6,40.0,180.02,40.0,1.0,0.9001,0.8,-1.6771,True,fuzzy_logic_dynamic_snr,1.9786,0.6531
14,v2,v1,20.0,20.22,30.0,0.6,0.1011,0.6,-5.7103,True,fuzzy_logic_dynamic_snr,1.4199,0.4109
14,v2,v5,20.0,150.03,0.0,0.6,0.7501,0.0,-14.8188,True,fuzzy_logic_dynamic_snr,0.6888,0.168
14,v2,v6,20.0,200.0,10.0,0.6,1.0,0.2,-19.2247,True,fuzzy_logic_dynamic_snr,0.5525,0.1307
14,v3,v4,20.0,80.06,10.0,0.6,0.4003,0.2,-12.8626,True,fuzzy_logic_dynamic_snr,0.7862,0.1875
14,v3,v7,20.0,110.0,10.0,0.6,0.55,0.2,-15.0705,True,fuzzy_logic_dynamic_snr,0.6807,0.1701
14,v3,v8,20.0,160.03,10.0,0.6,0.8001,0.2,-17.6754,True,fuzzy_logic_dynamic_snr,0.6002,0.1678
14,v3,v11,20.0,200.0,10.0,0.6,1.0,0.2,-19.2247,True,fuzzy_logic_dynamic_snr,0.5403,0.1186
14,v4,v7,40.0,30.15,20.0,1.0,0.1507,0.4,12.5145,False,fuzzy_logic_dynamic_snr,12.4951,0.9961
14,v4,v8,40.0,80.0,0.0,1.0,0.4,0.0,9.5506,False,fuzzy_logic_dynamic_snr,9.5173,0.9912
14,v4,v3,40.0,80.06,10.0,1.0,0.4003,0.2,7.1374,False,fuzzy_logic_dynamic_snr,7.1286,0.9863
14,v4,v11,40.0,120.04,0.0,1.0,0.6002,0.0,6.7309,False,fuzzy_logic_dynamic_snr,6.7104,0.9902
14,v4,v12,40.0,170.0,20.0,1.0,0.85,0.4,0.4958,True,fuzzy_logic_dynamic_snr,2.2857,0.7949
15,v1,v2,40.0,50.09,20.0,1.0,0.2504,0.4,8.987,False,fuzzy_logic_dynamic_snr,8.9591,0.9922
15,v1,v5,40.0,100.0,10.0,1.0,0.5,0.2,5.5918,False,fuzzy_logic_dynamic_snr,5.5639,0.9848
15,v1,v6,40.0,140.03,10.0,1.0,0.7002,0.2,3.2521,False,fuzzy_logic_dynamic_snr,3.2214,0.9779
15,v2,v1,20.0,50.09,20.0,0.6,0.2504,0.4,-11.013,True,fuzzy_logic_dynamic_snr,0.9064,0.2271
15,v2,v5,20.0,150.03,10.0,0.6,0.7501,0.2,-17.2271,True,fuzzy_logic_dynamic_snr,0.6073,0.1592
15,v2,v6,20.0,190.0,30.0,0.6,0.95,0.6,-21.2765,True,fuzzy_logic_dynamic_snr,0.5267,0.1154
15,v3,v4,20.0,70.06,30.0,0.6,0.3503,0.6,-14.3444,True,fuzzy_logic_dynamic_snr,0.7062,0.1779
15,v3,v7,20.0,120.0,20.0,0.6,0.6,0.4,-17.0839,True,fuzzy_logic_dynamic_snr,0.6026,0.127
15,v3,v8,20.0,150.03,10.0,0.6,0.7501,0.2,-17.2271,True,fuzzy_logic_dynamic_snr,0.606,0.1551
15,v3,v11,20.0,190.0,10.0,0.6,0.95,0.2,-18.8683,True,fuzzy_logic_dynamic_snr,0.5658,0.1246
15,v4,v7,40.0,50.09,10.0,1.0,0.2504,0.2,10.3958,False,fuzzy_logic_dynamic_snr,10.364,0.9906
15,v4,v3,40.0,70.06,30.0,1.0,0.3503,0.6,5.6556,False,fuzzy_logic_dynamic_snr,5.6287,0.9867
15,v4,v8,40.0,80.0,40.0,1.0,0.4,0.8,3.9588,True,fuzzy_logic_dynamic_snr,2.6385,0.9156
15,v4,v11,40.0,120.04,40.0,1.0,0.6002,0.8,1.1392,True,fuzzy_logic_dynamic_snr,2.3488,0.8209
15,v4,v12,40.0,190.0,40.0,1.0,0.95,0.8,-2.0518,True,fuzzy_logic_dynamic_snr,1.9297,0.6404
16,v1,v2,40.0,30.15,0.0,1.0,0.1507,0.0,16.3315,False,fuzzy_logic_dynamic_snr,16.3054,0.9932
16,v1,v5,40.0,110.0,20.0,1.0,0.55,0.4,3.5207,False,fuzzy_logic_dynamic_snr,3.4966,0.9848
16,v1,v6,40.0,130.03,10.0,1.0,0.6502,0.2,3.7668,False,fuzzy_logic_dynamic_snr,3.7252,0.9844
16,v2,v1,20.0,30.15,0.0,0.6,0.1507,0.0,-3.6685,False,fuzzy_logic_dynamic_snr,-3.6891,0.9129
16,v2,v5,20.0,140.03,20.0,0.6,0.7002,0.4,-18.1566,True,fuzzy_logic_dynamic_snr,0.5785,0.1346
16,v2,v6,20.0,160.0,10.0,0.6,0.8,0.2,-17.6742,True,fuzzy_logic_dynamic_snr,0.62,0.1338
16,v3,v4,20.0,100.04,40.0,0.6,0.5002,0.8,-17.5949,True,fuzzy_logic_dynamic_snr,0.5881,0.1371
16,v3,v7,20.0,140.0,0.0,0.6,0.7,0.0,-14.338,True,fuzzy_logic_dynamic_snr,0.7357,0.1693
16,v3,v8,20.0,140.03,0.0,0.6,0.7002,0.0,-14.3396,True,fuzzy_logic_dynamic_snr,0.7236,0.1658
16,v3,v11,20.0,180.0,10.0,0.6,0.9,0.2,-18.4926,True,fuzzy_logic_dynamic_snr,0.5797,0.1467
16,v4,v8,40.0,40.0,40.0,1.0,0.2,0.8,8.7753,True,fuzzy_logic_dynamic_snr,2.8623,0.9514
16,v4,v7,40.0,40.11,40.0,1.0,0.2006,0.8,8.7558,True,fuzzy_logic_dynamic_snr,2.8572,0.9406
16,v4,v11,40.0,80.06,30.0,1.0,0.4003,0.6,4.7292,False,fuzzy_logic_dynamic_snr,4.7046,0.9857
16,v4,v3,40.0,100.04,40.0,1.0,0.5002,0.8,2.4051,True,fuzzy_logic_dynamic_snr,2.4975,0.8625
16,v4,v12,40.0,150.0,40.0,1.0,0.75,0.8,-0.4092,True,fuzzy_logic_dynamic_snr,2.1474,0.742
17,v1,v2,40.0,30.15,40.0,1.0,0.1507,0.8,10.7397,True,fuzzy_logic_dynamic_snr,2.8982,0.9523
17,v1,v5,40.0,130.0,30.0,1.0,0.65,0.6,1.3604,True,fuzzy_logic_dynamic_snr,2.375,0.8369
17,v1,v6,40.0,140.03,40.0,1.0,0.7002,0.8,0.0686,True,fuzzy_logic_dynamic_snr,2.2206,0.7492
17,v2,v1,20.0,30.15,40.0,0.6,0.1507,0.8,-9.2603,True,fuzzy_logic_dynamic_snr,1.0573,0.268
17,v2,v5,20.0,160.03,10.0,0.6,0.8001,0.2,-17.6754,True,fuzzy_logic_dynamic_snr,0.5858,0.1494
17,v2,v6,20.0,170.0,0.0,0.6,0.85,0.0,-15.6872,True,fuzzy_logic_dynamic_snr,0.6719,0.1604
17,v3,v4,20.0,60.07,0.0,0.6,0.3004,0.0,-8.4591,True,fuzzy_logic_dynamic_snr,1.1007,0.3037
17,v3,v7,20.0,140.0,0.0,0.6,0.7,0.0,-14.338,True,fuzzy_logic_dynamic_snr,0.7135,0.1617
17,v3,v8,20.0,140.03,10.0,0.6,0.7002,0.2,-16.7479,True,fuzzy_logic_dynamic_snr,0.6196,0.1627
17,v3,v11,20.0,170.0,20.0,0.6,0.85,0.4,-19.5042,True,fuzzy_logic_dynamic_snr,0.5291,0.1117
17,v4,v3,40.0,60.07,0.0,1.0,0.3004,0.0,11.5409,False,fuzzy_logic_dynamic_snr,11.5063,0.9922
17,v4,v8,40.0,80.0,10.0,1.0,0.4,0.2,7.1423,False,fuzzy_logic_dynamic_snr,7.1192,0.9912
17,v4,v7,40.0,80.06,0.0,1.0,0.4003,0.0,9.5457,False,fuzzy_logic_dynamic_snr,9.5229,0.9922
17,v4,v11,40.0,110.04,20.0,1.0,0.5502,0.4,3.5182,False,fuzzy_logic_dynamic_snr,3.4962,0.9834
17,v4,v12,40.0,190.0,0.0,1.0,0.95,0.0,3.5399,True,fuzzy_logic_dynamic_snr,2.6006,0.9045
18,v1,v2,40.0,70.06,10.0,1.0,0.3503,0.2,8.0638,False,fuzzy_logic_dynamic_snr,8.0429,0.9906
18,v1,v5,40.0,100.0,30.0,1.0,0.5,0.6,3.1835,True,fuzzy_logic_dynamic_snr,2.5674,0.898
18,v1,v6,40.0,100.04,40.0,1.0,0.5002,0.8,2.4051,True,fuzzy_logic_dynamic_snr,2.4978,0.873
18,v2,v1,20.0,70.06,10.0,0.6,0.3503,0.2,-11.9362,True,fuzzy_logic_dynamic_snr,0.8481,0.2133
18,v2,v6,20.0,170.0,30.0,0.6,0.85,0.6,-20.5037,True,fuzzy_logic_dynamic_snr,0.5279,0.1453
18,v2,v5,20.0,170.03,20.0,0.6,0.8501,0.4,-19.5052,True,fuzzy_logic_dynamic_snr,0.5213,0.1408
18,v3,v4,20.0,60.07,10.0,0.6,0.3004,0.2,-10.8673,True,fuzzy_logic_dynamic_snr,0.9204,0.2508
18,v3,v8,20.0,130.03,0.0,0.6,0.6502,0.0,-13.8249,True,fuzzy_logic_dynamic_snr,0.7404,0.1719
18,v3,v7,20.0,140.0,20.0,0.6,0.7,0.4,-18.155,True,fuzzy_logic_dynamic_snr,0.5961,0.1459
18,v3,v11,20.0,150.0,10.0,0.6,0.75,0.2,-17.2257,True,fuzzy_logic_dynamic_snr,0.6051,0.1383
18,v4,v3,40.0,60.07,10.0,1.0,0.3004,0.2,9.1327,False,fuzzy_logic_dynamic_snr,9.095,0.9906
18,v4,v8,40.0,70.0,10.0,1.0,0.35,0.2,8.0702,False,fuzzy_logic_dynamic_snr,8.0644,0.9887
18,v4,v7,40.0,80.06,10.0,1.0,0.4003,0.2,7.1374,False,fuzzy_logic_dynamic_snr,7.1066,0.9883
18,v4,v11,40.0,90.05,0.0,1.0,0.4502,0.0,8.7283,False,fuzzy_logic_dynamic_snr,8.6989,0.9912
18,v4,v12,40.0,190.0,30.0,1.0,0.95,0.6,-1.2765,True,fuzzy_logic_dynamic_snr,2.0381,0.6896
19,v1,v2,40.0,60.07,20.0,1.0,0.3004,0.4,7.7239,False,fuzzy_logic_dynamic_snr,7.6981,0.9877
19,v1,v5,40.0,130.0,0.0,1.0,0.65,0.0,6.1769,False,fuzzy_logic_dynamic_snr,6.1434,0.9896
19,v1,v6,40.0,140.03,10.0,1.0,0.7002,0.2,3.2521,False,fuzzy_logic_dynamic_snr,3.2227,0.9809
19,v2,v1,20.0,60.07,20.0,0.6,0.3004,0.4,-12.2761,True,fuzzy_logic_dynamic_snr,0.831,0.2016
19,v2,v5,20.0,190.02,20.0,0.6,0.9501,0.4,-20.2779,True,fuzzy_logic_dynamic_snr,0.5337,0.1203
19,v2,v6,20.0,200.0,30.0,0.6,1.0,0.6,-21.633,True,fuzzy_logic_dynamic_snr,0.5198,0.1303
19,v3,v4,20.0,50.09,30.0,0.6,0.2504,0.6,-12.0125,True,fuzzy_logic_dynamic_snr,0.8271,0.1939
19,v3,v7,20.0,120.0,30.0,0.6,0.6,0.6,-18.0834,True,fuzzy_logic_dynamic_snr,0.577,0.1316
19,v3,v8,20.0,130.03,0.0,0.6,0.6502,0.0,-13.8249,True,fuzzy_logic_dynamic_snr,0.7334,0.1898
19,v3,v11,20.0,140.0,0.0,0.6,0.7,0.0,-14.338,True,fuzzy_logic_dynamic_snr,0.7055,0.1535
19,v4,v3,40.0,50.09,30.0,1.0,0.2504,0.6,7.9875,False,fuzzy_logic_dynamic_snr,7.9584,0.9951
19,v4,v7,40.0,70.06,0.0,1.0,0.3503,0.0,10.4721,False,fuzzy_logic_dynamic_snr,10.4442,0.9951
19,v4,v8,40.0,80.0,30.0,1.0,0.4,0.6,4.7341,False,fuzzy_logic_dynamic_snr,4.7071,0.9932
19,v4,v11,40.0,90.05,30.0,1.0,0.4502,0.6,3.9118,True,fuzzy_logic_dynamic_snr,2.6307,0.9068
19,v4,v12,40.0,160.0,20.0,1.0,0.8,0.4,0.9171,True,fuzzy_logic_dynamic_snr,2.3298,0.8053
20,v1,v2,40.0,40.11,0.0,1.0,0.2006,0.0,14.3476,False,fuzzy_logic_dynamic_snr,14.3215,0.9961
20,v1,v5,40.0,130.0,30.0,1.0,0.65,0.6,1.3604,True,fuzzy_logic_dynamic_snr,2.3759,0.8445
20,v1,v6,40.0,130.03,30.0,1.0,0.6502,0.6,1.3586,True,fuzzy_logic_dynamic_snr,2.377,0.8422
20,v2,v1,20.0,40.11,0.0,0.6,0.2006,0.0,-5.6524,False,fuzzy_logic_dynamic_snr,-5.6731,0.8281
20,v2,v6,20.0,170.0,30.0,0.6,0.85,0.6,-20.5037,True,fuzzy_logic_dynamic_snr,0.5345,0.1285
20,v2,v5,20.0,170.03,30.0,0.6,0.8501,0.6,-20.5047,True,fuzzy_logic_dynamic_snr,0.5067,0.1148
20,v3,v4,20.0,80.06,30.0,0.6,0.4003,0.6,-15.2708,True,fuzzy_logic_dynamic_snr,0.6646,0.1633
20,v3,v8,20.0,130.03,10.0,0.6,0.6502,0.2,-16.2332,True,fuzzy_logic_dynamic_snr,0.6476,0.1527
20,v3,v11,20.0,140.0,20.0,0.6,0.7,0.4,-18.155,True,fuzzy_logic_dynamic_snr,0.5748,0.1344
20,v3,v7,20.0,150.0,0.0,0.6,0.75,0.0,-14.8175,True,fuzzy_logic_dynamic_snr,0.6907,0.1643
20,v4,v8,40.0,50.0,20.0,1.0,0.25,0.4,8.9995,False,fuzzy_logic_dynamic_snr,8.9639,0.9912
20,v4,v11,40.0,60.07,10.0,1.0,0.3004,0.2,9.1327,False,fuzzy_logic_dynamic_snr,9.1056,0.9902
20,v4,v7,40.0,70.06,30.0,1.0,0.3503,0.6,5.6556,False,fuzzy_logic_dynamic_snr,5.6321,0.9863
20,v4,v3,40.0,80.06,30.0,1.0,0.4003,0.6,4.7292,False,fuzzy_logic_dynamic_snr,4.6992,0.9883
20,v4,v12,40.0,140.0,10.0,1.0,0.7,0.2,3.2537,False,fuzzy_logic_dynamic_snr,3.2223,0.9832
21,v1,v2,40.0,40.11,30.0,1.0,0.2006,0.6,9.5311,False,fuzzy_logic_dynamic_snr,9.5138,0.9951
21,v1,v5,40.0,160.0,0.0,1.0,0.8,0.0,4.7341,True,fuzzy_logic_dynamic_snr,2.6888,0.9166
21,v1,v6,40.0,160.03,40.0,1.0,0.8001,0.8,-0.8589,True,fuzzy_logic_dynamic_snr,2.0765,0.7275
21,v2,v1,20.0,40.11,30.0,0.6,0.2006,0.6,-10.4689,True,fuzzy_logic_dynamic_snr,0.9402,0.223
21,v2,v6,20.0,200.0,10.0,0.6,1.0,0.2,-19.2247,True,fuzzy_logic_dynamic_snr,0.5573,0.1482
21,v3,v4,20.0,110.04,40.0,0.6,0.5502,0.8,-18.2566,True,fuzzy_logic_dynamic_snr,0.5648,0.1256
21,v3,v8,20.0,140.03,40.0,0.6,0.7002,0.8,-19.9314,True,fuzzy_logic_dynamic_snr,0.53,0.1475
21,v3,v7,20.0,150.0,40.0,0.6,0.75,0.8,-20.4092,True,fuzzy_logic_dynamic_snr,0.5029,0.11
21,v3,v11,20.0,160.0,10.0,0.6,0.8,0.2,-17.6742,True,fuzzy_logic_dynamic_snr,0.5913,0.1434
21,v4,v8,40.0,30.0,0.0,1.0,0.15,0.0,16.3661,False,fuzzy_logic_dynamic_snr,16.3303,0.9951
21,v4,v7,40.0,40.11,0.0,1.0,0.2006,0.0,14.3476,False,fuzzy_logic_dynamic_snr,14.326,0.9971
21,v4,v11,40.0,50.09,30.0,1.0,0.2504,0.6,7.9875,False,fuzzy_logic_dynamic_snr,7.9606,0.9887
21,v4,v3,40.0,110.04,40.0,1.0,0.5502,0.8,1.7434,True,fuzzy_logic_dynamic_snr,2.4073,0.8375
21,v4,v12,40.0,130.0,30.0,1.0,0.65,0.6,1.3604,True,fuzzy_logic_dynamic_snr,2.3757,0.8334
22,v1,v2,40.0,70.06,10.0,1.0,0.3503,0.2,8.0638,False,fuzzy_logic_dynamic_snr,8.0457,0.9893
22,v1,v6,40.0,120.04,10.0,1.0,0.6002,0.2,4.3227,False,fuzzy_logic_dynamic_snr,4.2939,0.9797
22,v1,v5,40.0,160.0,20.0,1.0,0.8,0.4,0.9171,True,fuzzy_logic_dynamic_snr,2.3246,0.8094
22,v2,v1,20.0,70.06,10.0,0.6,0.3503,0.2,-11.9362,True,fuzzy_logic_dynamic_snr,0.831,0.2066
22,v2,v6,20.0,190.0,0.0,0.6,0.95,0.0,-16.4601,True,fuzzy_logic_dynamic_snr,0.6355,0.1436
22,v3,v4,20.0,150.03,10.0,0.6,0.7501,0.2,-17.2271,True,fuzzy_logic_dynamic_snr,0.6068,0.1586
22,v3,v11,20.0,170.0,20.0,0.6,0.85,0.4,-19.5042,True,fuzzy_logic_dynamic_snr,0.5504,0.1336
22,v3,v8,20.0,180.02,10.0,0.6,0.9001,0.2,-18.4936,True,fuzzy_logic_dynamic_snr,0.5804,0.1479
22,v3,v7,20.0,190.0,10.0,0.6,0.95,0.2,-18.8683,True,fuzzy_logic_dynamic_snr,0.5493,0.1621
22,v4,v11,40.0,20.22,30.0,1.0,0.1011,0.6,14.2897,False,fuzzy_logic_dynamic_snr,14.2581,0.9941
22,v4,v8,40.0,30.0,20.0,1.0,0.15,0.4,12.5491,False,fuzzy_logic_dynamic_snr,12.5279,0.9951
22,v4,v7,40.0,40.11,20.0,1.0,0.2006,0.4,10.5306,False,fuzzy_logic_dynamic_snr,10.5233,0.9951
22,v4,v12,40.0,100.0,10.0,1.0,0.5,0.2,5.5918,False,fuzzy_logic_dynamic_snr,5.5716,0.9941
22,v4,v3,40.0,150.03,10.0,1.0,0.7501,0.2,2.7729,False,fuzzy_logic_dynamic_snr,2.755,0.9824
23,v1,v2,40.0,80.06,30.0,1.0,0.4003,0.6,4.7292,False,fuzzy_logic_dynamic_snr,4.7136,0.9842
23,v1,v6,40.0,110.04,30.0,1.0,0.5502,0.6,2.5187,True,fuzzy_logic_dynamic_snr,2.5055,0.8826
23,v1,v5,40.0,140.0,40.0,1.0,0.7,0.8,0.0702,True,fuzzy_logic_dynamic_snr,2.2212,0.7684
23,v2,v1,20.0,80.06,30.0,0.6,0.4003,0.6,-15.2708,True,fuzzy_logic_dynamic_snr,0.6851,0.1662
23,v2,v6,20.0,190.0,0.0,0.6,0.95,0.0,-16.4601,True,fuzzy_logic_dynamic_snr,0.6144,0.1465
23,v3,v4,20.0,140.03,40.0,0.6,0.7002,0.8,-19.9314,True,fuzzy_logic_dynamic_snr,0.5399,0.1287
23,v3,v11,20.0,190.0,30.0,0.6,0.95,0.6,-21.2765,True,fuzzy_logic_dynamic_snr,0.5104,0.1295
23,v3,v8,20.0,190.02,40.0,0.6,0.9501,0.8,-22.0527,True,fuzzy_logic_dynamic_snr,0.5047,0.1275
23,v3,v7,20.0,200.0,0.0,0.6,1.0,0.0,-16.8165,True,fuzzy_logic_dynamic_snr,0.6344,0.1311
23,v4,v8,40.0,50.0,0.0,1.0,0.25,0.0,12.8165,False,fuzzy_logic_dynamic_snr,12.7898,0.9941
23,v4,v11,40.0,50.09,10.0,1.0,0.2504,0.2,10.3958,False,fuzzy_logic_dynamic_snr,10.3605,0.9951
23,v4,v7,40.0,60.07,40.0,1.0,0.3004,0.8,5.9491,True,fuzzy_logic_dynamic_snr,2.7584,0.9363
23,v4,v12,40.0,90.0,40.0,1.0,0.45,0.8,3.1404,True,fuzzy_logic_dynamic_snr,2.5619,0.8977
23,v4,v3,40.0,140.03,40.0,1.0,0.7002,0.8,0.0686,True,fuzzy_logic_dynamic_snr,2.208,0.7625
24,v1,v2,40.0,50.09,0.0,1.0,0.2504,0.0,12.804,False,fuzzy_logic_dynamic_snr,12.7788,0.9951
24,v1,v6,40.0,140.03,30.0,1.0,0.7002,0.6,0.8439,True,fuzzy_logic_dynamic_snr,2.3158,0.8027
24,v1,v5,40.0,180.0,20.0,1.0,0.9,0.4,0.0987,True,fuzzy_logic_dynamic_snr,2.2188,0.7807
24,v2,v1,20.0,50.09,0.0,0.6,0.2504,0.0,-7.196,False,fuzzy_logic_dynamic_snr,-7.2173,0.7602
24,v2,v6,20.0,190.0,30.0,0.6,0.95,0.6,-21.2765,True,fuzzy_logic_dynamic_snr,0.5082,0.1357
24,v3,v4,20.0,100.04,20.0,0.6,0.5002,0.4,-15.8201,True,fuzzy_logic_dynamic_snr,0.663,0.1645
24,v3,v8,20.0,150.03,30.0,0.6,0.7501,0.6,-19.6353,True,fuzzy_logic_dynamic_snr,0.5557,0.1301
24,v3,v11,20.0,160.0,30.0,0.6,0.8,0.6,-20.0824,True,fuzzy_logic_dynamic_snr,0.5487,0.127
24,v3,v7,20.0,200.0,20.0,0.6,1.0,0.4,-20.6334,True,fuzzy_logic_dynamic_snr,0.504,0.1184
24,v4,v8,40.0,50.0,10.0,1.0,0.25,0.2,10.4082,False,fuzzy_logic_dynamic_snr,10.3808,0.9971
24,v4,v11,40.0,60.07,10.0,1.0,0.3004,0.2,9.1327,False,fuzzy_logic_dynamic_snr,9.1139,0.9902
24,v4,v3,40.0,100.04,20.0,1.0,0.5002,0.4,4.1799,False,fuzzy_logic_dynamic_snr,4.1568,0.9902
24,v4,v7,40.0,100.04,0.0,1.0,0.5002,0.0,7.9969,False,fuzzy_logic_dynamic_snr,7.9766,0.9893
24,v4,v12,40.0,130.0,0.0,1.0,0.65,0.0,6.1769,False,fuzzy_logic_dynamic_snr,6.1459,0.9844
25,v1,v2,40.0,50.09,40.0,1.0,0.2504,0.8,7.2122,True,fuzzy_logic_dynamic_snr,2.8145,0.9432
25,v1,v6,40.0,170.03,10.0,1.0,0.8501,0.2,1.9035,True,fuzzy_logic_dynamic_snr,2.4385,0.8779
25,v1,v5,40.0,200.0,20.0,1.0,1.0,0.4,-0.6334,True,fuzzy_logic_dynamic_snr,2.1228,0.7416
25,v2,v1,20.0,50.09,40.0,0.6,0.2504,0.8,-12.7878,True,fuzzy_logic_dynamic_snr,0.8026,0.21
25,v3,v4,20.0,120.04,30.0,0.6,0.6002,0.6,-18.0856,True,fuzzy_logic_dynamic_snr,0.5909,0.1492
25,v3,v8,20.0,180.02,10.0,0.6,0.9001,0.2,-18.4936,True,fuzzy_logic_dynamic_snr,0.566,0.1262
25,v3,v11,20.0,190.0,10.0,0.6,0.95,0.2,-18.8683,True,fuzzy_logic_dynamic_snr,0.5777,0.1248
25,v4,v8,40.0,60.0,40.0,1.0,0.3,0.8,5.9578,True,fuzzy_logic_dynamic_snr,2.7591,0.942
25,v4,v11,40.0,70.06,20.0,1.0,0.3503,0.4,6.6551,False,fuzzy_logic_dynamic_snr,6.624,0.9916
25,v4,v7,40.0,100.04,20.0,1.0,0.5002,0.4,4.1799,False,fuzzy_logic_dynamic_snr,4.1515,0.9883
25,v4,v3,40.0,120.04,30.0,1.0,0.6002,0.6,1.9144,True,fuzzy_logic_dynamic_snr,2.4397,0.8533
25,v4,v12,40.0,130.0,30.0,1.0,0.65,0.6,1.3604,True,fuzzy_logic_dynamic_snr,2.3822,0.8314
26,v1,v2,40.0,90.05,10.0,1.0,0.4502,0.2,6.32,False,fuzzy_logic_dynamic_snr,6.3055,0.9883
26,v1,v6,40.0,160.03,40.0,1.0,0.8001,0.8,-0.8589,True,fuzzy_logic_dynamic_snr,2.092,0.7145
26,v1,v5,40.0,180.0,0.0,1.0,0.9,0.0,3.9156,True,fuzzy_logic_dynamic_snr,2.6379,0.924
26,v2,v1,20.0,90.05,10.0,0.6,0.4502,0.2,-13.68,True,fuzzy_logic_dynamic_snr,0.736,0.1666
26,v3,v4,20.0,90.05,20.0,0.6,0.4502,0.4,-15.0887,True,fuzzy_logic_dynamic_snr,0.6785,0.1494
26,v3,v11,20.0,180.0,10.0,0.6,0.9,0.2,-18.4926,True,fuzzy_logic_dynamic_snr,0.5608,0.1396
26,v3,v8,20.0,190.02,0.0,0.6,0.9501,0.0,-16.4609,True,fuzzy_logic_dynamic_snr,0.6244,0.1496
26,v4,v3,40.0,90.05,20.0,1.0,0.4502,0.4,4.9113,False,fuzzy_logic_dynamic_snr,4.8774,0.9844
26,v4,v11,40.0,90.05,10.0,1.0,0.4502,0.2,6.32,False,fuzzy_logic_dynamic_snr,6.2857,0.9902
26,v4,v8,40.0,100.0,20.0,1.0,0.5,0.4,4.183,False,fuzzy_logic_dynamic_snr,4.1558,0.9867
26,v4,v7,40.0,120.04,10.0,1.0,0.6002,0.2,4.3227,False,fuzzy_logic_dynamic_snr,4.2964,0.9854
26,v4,v12,40.0,160.0,20.0,1.0,0.8,0.4,0.9171,True,fuzzy_logic_dynamic_snr,2.3134,0.8297
27,v1,v2,40.0,100.04,20.0,1.0,0.5002,0.4,4.1799,False,fuzzy_logic_dynamic_snr,4.1341,0.9842
27,v1,v6,40.0,120.04,0.0,1.0,0.6002,0.0,6.7309,False,fuzzy_logic_dynamic_snr,6.7069,0.9971
27,v1,v5,40.0,180.0,10.0,1.0,0.9,0.2,1.5074,True,fuzzy_logic_dynamic_snr,2.4009,0.8477
27,v2,v1,20.0,100.04,20.0,0.6,0.5002,0.4,-15.8201,True,fuzzy_logic_dynamic_snr,0.6521,0.1459
27,v3,v4,20.0,110.04,20.0,0.6,0.5502,0.4,-16.4818,True,fuzzy_logic_dynamic_snr,0.621,0.1486
27,v3,v11,20.0,190.0,40.0,0.6,0.95,0.8,-22.0518,True,fuzzy_logic_dynamic_snr,0.5084,0.1102
27,v3,v8,20.0,190.02,30.0,0.6,0.9501,0.6,-21.2774,True,fuzzy_logic_dynamic_snr,0.5153,0.1354
27,v4,v8,40.0,80.0,10.0,1.0,0.4,0.2,7.1423,False,fuzzy_logic_dynamic_snr,7.1079,0.9893
27,v4,v11,40.0,80.06,20.0,1.0,0.4003,0.4,5.7287,False,fuzzy_logic_dynamic_snr,5.7069,0.9834
27,v4,v3,40.0,110.04,20.0,1.0,0.5502,0.4,3.5182,False,fuzzy_logic_dynamic_snr,3.499,0.9922
27,v4,v7,40.0,110.04,10.0,1.0,0.5502,0.2,4.9269,False,fuzzy_logic_dynamic_snr,4.9127,0.9912
27,v4,v12,40.0,140.0,20.0,1.0,0.7,0.4,1.845,True,fuzzy_logic_dynamic_snr,2.4388,0.8574
28,v1,v2,40.0,80.06,20.0,1.0,0.4003,0.4,5.7287,False,fuzzy_logic_dynamic_snr,5.6895,0.9896
28,v1,v6,40.0,120.04,10.0,1.0,0.6002,0.2,4.3227,False,fuzzy_logic_dynamic_snr,4.2968,0.9838
28,v1,v5,40.0,190.0,10.0,1.0,0.95,0.2,1.1317,True,fuzzy_logic_dynamic_snr,2.363,0.8344
28,v2,v1,20.0,80.06,20.0,0.6,0.4003,0.4,-14.2713,True,fuzzy_logic_dynamic_snr,0.7176,0.1668
28,v2,v6,20.0,200.0,10.0,0.6,1.0,0.2,-19.2247,True,fuzzy_logic_dynamic_snr,0.5568,0.1471
28,v3,v4,20.0,90.05,10.0,0.6,0.4502,0.2,-13.68,True,fuzzy_logic_dynamic_snr,0.7591,0.1742
28,v3,v11,20.0,150.0,10.0,0.6,0.75,0.2,-17.2257,True,fuzzy_logic_dynamic_snr,0.595,0.1395
28,v3,v8,20.0,160.03,10.0,0.6,0.8001,0.2,-17.6754,True,fuzzy_logic_dynamic_snr,0.5938,0.1543
28,v4,v11,40.0,60.07,0.0,1.0,0.3004,0.0,11.5409,False,fuzzy_logic_dynamic_snr,11.514,0.9932
28,v4,v8,40.0,70.0,20.0,1.0,0.35,0.4,6.6615,False,fuzzy_logic_dynamic_snr,6.6425,0.9877
28,v4,v3,40.0,90.05,10.0,1.0,0.4502,0.2,6.32,False,fuzzy_logic_dynamic_snr,6.2984,0.9883
28,v4,v7,40.0,120.04,0.0,1.0,0.6002,0.0,6.7309,False,fuzzy_logic_dynamic_snr,6.6972,0.9916
28,v4,v12,40.0,160.0,20.0,1.0,0.8,0.4,0.9171,True,fuzzy_logic_dynamic_snr,2.3434,0.8289
29,v1,v2,40.0,100.04,10.0,1.0,0.5002,0.2,5.5886,False,fuzzy_logic_dynamic_snr,5.5524,0.9824
29,v1,v6,40.0,110.04,20.0,1.0,0.5502,0.4,3.5182,False,fuzzy_logic_dynamic_snr,3.4821,0.9932
29,v1,v5,40.0,180.0,10.0,1.0,0.9,0.2,1.5074,True,fuzzy_logic_dynamic_snr,2.4015,0.8449
29,v2,v1,20.0,100.04,10.0,0.6,0.5002,0.2,-14.4114,True,fuzzy_logic_dynamic_snr,0.7139,0.1625
29,v3,v4,20.0,100.04,10.0,0.6,0.5002,0.2,-14.4114,True,fuzzy_logic_dynamic_snr,0.6986,0.1764
29,v3,v8,20.0,150.03,20.0,0.6,0.7501,0.4,-18.6358,True,fuzzy_logic_dynamic_snr,0.5545,0.1348
29,v3,v11,20.0,160.0,10.0,0.6,0.8,0.2,-17.6742,True,fuzzy_logic_dynamic_snr,0.5822,0.1164
29,v4,v8,40.0,50.0,30.0,1.0,0.25,0.6,8.0,False,fuzzy_logic_dynamic_snr,7.9791,0.9941
29,v4,v11,40.0,60.07,0.0,1.0,0.3004,0.0,11.5409,False,fuzzy_logic_dynamic_snr,11.5098,0.9926
29,v4,v3,40.0,100.04,10.0,1.0,0.5002,0.2,5.5886,False,fuzzy_logic_dynamic_snr,5.5635,0.9883
29,v4,v7,40.0,120.04,20.0,1.0,0.6002,0.4,2.914,False,fuzzy_logic_dynamic_snr,2.8939,0.974
29,v4,v12,40.0,140.0,20.0,1.0,0.7,0.4,1.845,True,fuzzy_logic_dynamic_snr,2.4294,0.868
30,v1,v6,40.0,90.05,10.0,1.0,0.4502,0.2,6.32,False,fuzzy_logic_dynamic_snr,6.2873,0.9906
30,v1,v2,40.0,110.04,10.0,1.0,0.5502,0.2,4.9269,False,fuzzy_logic_dynamic_snr,4.8947,0.9936
30,v1,v5,40.0,170.0,10.0,1.0,0.85,0.2,1.9046,True,fuzzy_logic_dynamic_snr,2.4543,0.852
30,v2,v1,20.0,110.04,10.0,0.6,0.5502,0.2,-15.0731,True,fuzzy_logic_dynamic_snr,0.6798,0.1604
30,v2,v6,20.0,200.0,0.0,0.6,1.0,0.0,-16.8165,True,fuzzy_logic_dynamic_snr,0.6056,0.1547
30,v3,v4,20.0,90.05,20.0,0.6,0.4502,0.4,-15.0887,True,fuzzy_logic_dynamic_snr,0.6829,0.1613
30,v3,v11,20.0,150.0,20.0,0.6,0.75,0.4,-18.6344,True,fuzzy_logic_dynamic_snr,0.5715,0.1473
30,v3,v8,20.0,170.03,10.0,0.6,0.8501,0.2,-18.0965,True,fuzzy_logic_dynamic_snr,0.5936,0.157
30,v4,v11,40.0,60.07,0.0,1.0,0.3004,0.0,11.5409,False,fuzzy_logic_dynamic_snr,11.5134,0.9941
30,v4,v8,40.0,80.0,30.0,1.0,0.4,0.6,4.7341,False,fuzzy_logic_dynamic_snr,4.7024,0.9854
30,v4,v3,40.0,90.05,20.0,1.0,0.4502,0.4,4.9113,False,fuzzy_logic_dynamic_snr,4.8859,0.9863
30,v4,v7,40.0,140.03,40.0,1.0,0.7002,0.8,0.0686,True,fuzzy_logic_dynamic_snr,2.2117,0.7691
30,v4,v12,40.0,160.0,0.0,1.0,0.8,0.0,4.7341,True,fuzzy_logic_dynamic_snr,2.6885,0.9062
31,v1,v2,40.0,100.04,0.0,1.0,0.5002,0.0,7.9969,False,fuzzy_logic_dynamic_snr,7.9766,0.9883
31,v1,v6,40.0,100.04,20.0,1.0,0.5002,0.4,4.1799,False,fuzzy_logic_dynamic_snr,4.1489,0.9832
31,v1,v5,40.0,180.0,20.0,1.0,0.9,0.4,0.0987,True,fuzzy_logic_dynamic_snr,2.2237,0.7533
31,v2,v1,20.0,100.04,0.0,0.6,0.5002,0.0,-12.0031,True,fuzzy_logic_dynamic_snr,0.8541,0.207
31,v2,v6,20.0,200.0,20.0,0.6,1.0,0.4,-20.6334,True,fuzzy_logic_dynamic_snr,0.5129,0.1184
31,v3,v4,20.0,110.04,10.0,0.6,0.5502,0.2,-15.0731,True,fuzzy_logic_dynamic_snr,0.6782,0.1656
31,v3,v8,20.0,160.03,10.0,0.6,0.8001,0.2,-17.6754,True,fuzzy_logic_dynamic_snr,0.5777,0.1322
31,v3,v11,20.0,170.0,30.0,0.6,0.85,0.6,-20.5037,True,fuzzy_logic_dynamic_snr,0.5234,0.1289
31,v4,v8,40.0,50.0,0.0,1.0,0.25,0.0,12.8165,False,fuzzy_logic_dynamic_snr,12.7889,0.9951
31,v4,v11,40.0,60.07,40.0,1.0,0.3004,0.8,5.9491,True,fuzzy_logic_dynamic_snr,2.7584,0.9367
31,v4,v7,40.0,100.04,10.0,1.0,0.5002,0.2,5.5886,False,fuzzy_logic_dynamic_snr,5.5607,0.9902
31,v4,v3,40.0,110.04,10.0,1.0,0.5502,0.2,4.9269,False,fuzzy_logic_dynamic_snr,4.9017,0.9867
31,v4,v12,40.0,160.0,10.0,1.0,0.8,0.2,2.3258,True,fuzzy_logic_dynamic_snr,2.4785,0.8676
32,v1,v2,40.0,100.04,20.0,1.0,0.5002,0.4,4.1799,False,fuzzy_logic_dynamic_snr,4.1389,0.9854
32,v1,v6,40.0,120.04,20.0,1.0,0.6002,0.4,2.914,False,fuzzy_logic_dynamic_snr,2.8997,0.9795
32,v1,v5,40.0,160.0,0.0,1.0,0.8,0.0,4.7341,True,fuzzy_logic_dynamic_snr,2.6874,0.9301
32,v2,v1,20.0,100.04,20.0,0.6,0.5002,0.4,-15.8201,True,fuzzy_logic_dynamic_snr,0.649,0.168
32,v3,v4,20.0,100.04,20.0,0.6,0.5002,0.4,-15.8201,True,fuzzy_logic_dynamic_snr,0.6558,0.1688
32,v3,v8,20.0,150.03,20.0,0.6,0.7501,0.4,-18.6358,True,fuzzy_logic_dynamic_snr,0.5636,0.1514
32,v3,v11,20.0,200.0,40.0,0.6,1.0,0.8,-22.4082,True,fuzzy_logic_dynamic_snr,0.475,0.1217
32,v4,v8,40.0,50.0,0.0,1.0,0.25,0.0,12.8165,False,fuzzy_logic_dynamic_snr,12.7804,0.9951
32,v4,v3,40.0,100.04,20.0,1.0,0.5002,0.4,4.1799,False,fuzzy_logic_dynamic_snr,4.1508,0.9805
32,v4,v11,40.0,100.04,20.0,1.0,0.5002,0.4,4.1799,False,fuzzy_logic_dynamic_snr,4.1495,0.9873
32,v4,v7,40.0,110.04,10.0,1.0,0.5502,0.2,4.9269,False,fuzzy_logic_dynamic_snr,4.9045,0.9883
32,v4,v12,40.0,170.0,10.0,1.0,0.85,0.2,1.9046,True,fuzzy_logic_dynamic_snr,2.4459,0.8525
33,v1,v2,40.0,80.06,40.0,1.0,0.4003,0.8,3.9539,True,fuzzy_logic_dynamic_snr,2.6266,0.9064
33,v1,v6,40.0,140.03,10.0,1.0,0.7002,0.2,3.2521,False,fuzzy_logic_dynamic_snr,3.2283,0.9848
33,v1,v5,40.0,160.0,30.0,1.0,0.8,0.6,-0.0824,True,fuzzy_logic_dynamic_snr,2.1999,0.7604
33,v2,v1,20.0,80.06,40.0,0.6,0.4003,0.8,-16.0461,True,fuzzy_logic_dynamic_snr,0.6504,0.1576
33,v3,v4,20.0,80.06,0.0,0.6,0.4003,0.0,-10.4543,True,fuzzy_logic_dynamic_snr,0.9311,0.2127
33,v3,v8,20.0,130.03,20.0,0.6,0.6502,0.4,-17.6419,True,fuzzy_logic_dynamic_snr,0.6024,0.1582
33,v3,v11,20.0,160.0,10.0,0.6,0.8,0.2,-17.6742,True,fuzzy_logic_dynamic_snr,0.601,0.143
33,v3,v7,20.0,180.0,20.0,0.6,0.9,0.4,-19.9013,True,fuzzy_logic_dynamic_snr,0.5398,0.117
33,v4,v8,40.0,50.0,20.0,1.0,0.25,0.4,8.9995,False,fuzzy_logic_dynamic_snr,8.9725,0.9906
33,v4,v3,40.0,80.06,0.0,1.0,0.4003,0.0,9.5457,False,fuzzy_logic_dynamic_snr,9.526,0.9951
33,v4,v11,40.0,80.06,10.0,1.0,0.4003,0.2,7.1374,False,fuzzy_logic_dynamic_snr,7.1058,0.9912
33,v4,v7,40.0,100.04,20.0,1.0,0.5002,0.4,4.1799,False,fuzzy_logic_dynamic_snr,4.1499,0.9863
33,v4,v12,40.0,180.0,10.0,1.0,0.9,0.2,1.5074,True,fuzzy_logic_dynamic_snr,2.4043,0.8396
34,v1,v2,40.0,40.11,20.0,1.0,0.2006,0.4,10.5306,False,fuzzy_logic_dynamic_snr,10.4932,0.9922
34,v1,v6,40.0,150.03,10.0,1.0,0.7501,0.2,2.7729,False,fuzzy_logic_dynamic_snr,2.7512,0.9824
34,v1,v5,40.0,190.0,10.0,1.0,0.95,0.2,1.1317,True,fuzzy_logic_dynamic_snr,2.36,0.8129
34,v2,v1,20.0,40.11,20.0,0.6,0.2006,0.4,-9.4694,True,fuzzy_logic_dynamic_snr,1.0128,0.273
34,v2,v6,20.0,190.0,10.0,0.6,0.95,0.2,-18.8683,True,fuzzy_logic_dynamic_snr,0.5476,0.1322
34,v3,v4,20.0,80.06,10.0,0.6,0.4003,0.2,-12.8626,True,fuzzy_logic_dynamic_snr,0.7875,0.1879
34,v3,v8,20.0,110.04,10.0,0.6,0.5502,0.2,-15.0731,True,fuzzy_logic_dynamic_snr,0.6705,0.1426
34,v3,v11,20.0,150.0,20.0,0.6,0.75,0.4,-18.6344,True,fuzzy_logic_dynamic_snr,0.5649,0.1375
34,v3,v7,20.0,160.0,0.0,0.6,0.8,0.0,-15.2659,True,fuzzy_logic_dynamic_snr,0.6852,0.1654
34,v4,v8,40.0,30.0,20.0,1.0,0.15,0.4,12.5491,False,fuzzy_logic_dynamic_snr,12.5239,0.998
34,v4,v11,40.0,70.06,10.0,1.0,0.3503,0.2,8.0638,False,fuzzy_logic_dynamic_snr,8.0294,0.9857
34,v4,v3,40.0,80.06,10.0,1.0,0.4003,0.2,7.1374,False,fuzzy_logic_dynamic_snr,7.1114,0.9883
34,v4,v7,40.0,80.06,10.0,1.0,0.4003,0.2,7.1374,False,fuzzy_logic_dynamic_snr,7.1181,0.9867
34,v4,v12,40.0,170.0,20.0,1.0,0.85,0.4,0.4958,True,fuzzy_logic_dynamic_snr,2.2717,0.7979
35,v1,v2,40.0,20.22,0.0,1.0,0.1011,0.0,19.1062,False,fuzzy_logic_dynamic_snr,19.0848,0.999
35,v1,v6,40.0,160.03,0.0,1.0,0.8001,0.0,4.7329,True,fuzzy_logic_dynamic_snr,2.6965,0.9205
35,v1,v5,40.0,200.0,20.0,1.0,1.0,0.4,-0.6334,True,fuzzy_logic_dynamic_snr,2.1137,0.7291
35,v2,v1,20.0,20.22,0.0,0.6,0.1011,0.0,-0.8938,False,fuzzy_logic_dynamic_snr,-0.9238,0.9523
35,v2,v6,20.0,180.0,0.0,0.6,0.9,0.0,-16.0844,True,fuzzy_logic_dynamic_snr,0.6284,0.1629
35,v3,v4,20.0,70.06,0.0,0.6,0.3503,0.0,-9.5279,True,fuzzy_logic_dynamic_snr,1.0179,0.2557
35,v3,v8,20.0,120.04,40.0,0.6,0.6002,0.8,-18.8608,True,fuzzy_logic_dynamic_snr,0.5452,0.1279
35,v3,v11,20.0,130.0,40.0,0.6,0.65,0.8,-19.4149,True,fuzzy_logic_dynamic_snr,0.5547,0.1299
35,v3,v7,20.0,160.0,10.0,0.6,0.8,0.2,-17.6742,True,fuzzy_logic_dynamic_snr,0.5878,0.1281
35,v4,v8,40.0,50.0,40.0,1.0,0.25,0.8,7.2247,True,fuzzy_logic_dynamic_snr,2.8124,0.949
35,v4,v11,40.0,60.07,40.0,1.0,0.3004,0.8,5.9491,True,fuzzy_logic_dynamic_snr,2.7597,0.9371
35,v4,v3,40.0,70.06,0.0,1.0,0.3503,0.0,10.4721,False,fuzzy_logic_dynamic_snr,10.4456,0.9936
35,v4,v7,40.0,90.05,10.0,1.0,0.4502,0.2,6.32,False,fuzzy_logic_dynamic_snr,6.2907,0.9896
35,v4,v12,40.0,150.0,10.0,1.0,0.75,0.2,2.7743,False,fuzzy_logic_dynamic_snr,2.7464,0.9805
36,v1,v2,40.0,20.22,10.0,1.0,0.1011,0.2,16.698,False,fuzzy_logic_dynamic_snr,16.6722,0.998
36,v1,v6,40.0,160.03,0.0,1.0,0.8001,0.0,4.7329,True,fuzzy_logic_dynamic_snr,2.6902,0.9338
36,v1,v5,40.0,180.0,10.0,1.0,0.9,0.2,1.5074,True,fuzzy_logic_dynamic_snr,2.3776,0.8293
36,v2,v1,20.0,20.22,10.0,0.6,0.1011,0.2,-3.302,False,fuzzy_logic_dynamic_snr,-3.3239,0.9088
36,v2,v6,20.0,180.0,10.0,0.6,0.9,0.2,-18.4926,True,fuzzy_logic_dynamic_snr,0.5761,0.1576
36,v3,v4,20.0,70.06,10.0,0.6,0.3503,0.2,-11.9362,True,fuzzy_logic_dynamic_snr,0.8422,0.1783
36,v3,v8,20.0,80.06,10.0,0.6,0.4003,0.2,-12.8626,True,fuzzy_logic_dynamic_snr,0.7801,0.1779
36,v3,v11,20.0,90.0,30.0,0.6,0.45,0.6,-16.0844,True,fuzzy_logic_dynamic_snr,0.6456,0.1602
36,v3,v7,20.0,150.0,30.0,0.6,0.75,0.6,-19.6339,True,fuzzy_logic_dynamic_snr,0.5584,0.1459
36,v4,v8,40.0,10.0,0.0,1.0,0.05,0.0,24.0,False,fuzzy_logic_dynamic_snr,23.9764,0.998
36,v4,v11,40.0,20.22,20.0,1.0,0.1011,0.4,15.2892,False,fuzzy_logic_dynamic_snr,15.2592,0.998
36,v4,v3,40.0,70.06,10.0,1.0,0.3503,0.2,8.0638,False,fuzzy_logic_dynamic_snr,8.0425,0.9951
36,v4,v7,40.0,80.06,20.0,1.0,0.4003,0.4,5.7287,False,fuzzy_logic_dynamic_snr,5.6991,0.9857
36,v4,v12,40.0,140.0,10.0,1.0,0.7,0.2,3.2537,False,fuzzy_logic_dynamic_snr,3.2288,0.9848
37,v1,v2,40.0,30.15,0.0,1.0,0.1507,0.0,16.3315,False,fuzzy_logic_dynamic_snr,16.3029,0.9971
37,v1,v6,40.0,160.03,10.0,1.0,0.8001,0.2,2.3246,True,fuzzy_logic_dynamic_snr,2.4859,0.8682
37,v1,v5,40.0,170.0,20.0,1.0,0.85,0.4,0.4958,True,fuzzy_logic_dynamic_snr,2.285,0.8105
37,v2,v1,20.0,30.15,0.0,0.6,0.1507,0.0,-3.6685,False,fuzzy_logic_dynamic_snr,-3.6904,0.9168
37,v2,v6,20.0,190.0,10.0,0.6,0.95,0.2,-18.8683,True,fuzzy_logic_dynamic_snr,0.5637,0.1283
37,v3,v4,20.0,80.06,20.0,0.6,0.4003,0.4,-14.2713,True,fuzzy_logic_dynamic_snr,0.7157,0.1918
37,v3,v8,20.0,90.05,10.0,0.6,0.4502,0.2,-13.68,True,fuzzy_logic_dynamic_snr,0.7446,0.1895
37,v3,v11,20.0,120.0,10.0,0.6,0.6,0.2,-15.6751,True,fuzzy_logic_dynamic_snr,0.6441,0.1514
37,v3,v7,20.0,180.0,10.0,0.6,0.9,0.2,-18.4926,True,fuzzy_logic_dynamic_snr,0.5789,0.1521
37,v4,v8,40.0,10.0,30.0,1.0,0.05,0.6,19.1835,False,fuzzy_logic_dynamic_snr,19.1605,0.9961
37,v4,v11,40.0,40.11,30.0,1.0,0.2006,0.6,9.5311,False,fuzzy_logic_dynamic_snr,9.4948,0.9932
37,v4,v3,40.0,80.06,20.0,1.0,0.4003,0.4,5.7287,False,fuzzy_logic_dynamic_snr,5.7018,0.9854
37,v4,v7,40.0,100.04,30.0,1.0,0.5002,0.6,3.1804,True,fuzzy_logic_dynamic_snr,2.5714,0.8838
37,v4,v12,40.0,150.0,40.0,1.0,0.75,0.8,-0.4092,True,fuzzy_logic_dynamic_snr,2.1656,0.7553
38,v1,v2,40.0,30.15,0.0,1.0,0.1507,0.0,16.3315,False,fuzzy_logic_dynamic_snr,16.2976,0.9951
38,v1,v6,40.0,170.03,0.0,1.0,0.8501,0.0,4.3117,True,fuzzy_logic_dynamic_snr,2.66,0.9217
38,v1,v5,40.0,190.0,10.0,1.0,0.95,0.2,1.1317,True,fuzzy_logic_dynamic_snr,2.34,0.8139
38,v2,v1,20.0,30.15,0.0,0.6,0.1507,0.0,-3.6685,False,fuzzy_logic_dynamic_snr,-3.6865,0.9078
38,v2,v6,20.0,200.0,0.0,0.6,1.0,0.0,-16.8165,True,fuzzy_logic_dynamic_snr,0.6057,0.1502
38,v3,v4,20.0,60.07,40.0,0.6,0.3004,0.8,-14.0509,True,fuzzy_logic_dynamic_snr,0.7334,0.19
38,v3,v8,20.0,100.04,40.0,0.6,0.5002,0.8,-17.5949,True,fuzzy_logic_dynamic_snr,0.6059,0.1432
38,v3,v11,20.0,130.0,10.0,0.6,0.65,0.2,-16.2313,True,fuzzy_logic_dynamic_snr,0.6262,0.1412
38,v3,v7,20.0,190.0,10.0,0.6,0.95,0.2,-18.8683,True,fuzzy_logic_dynamic_snr,0.5421,0.1238
38,v4,v8,40.0,40.0,0.0,1.0,0.2,0.0,14.367,False,fuzzy_logic_dynamic_snr,14.3399,0.9941
38,v4,v3,40.0,60.07,40.0,1.0,0.3004,0.8,5.9491,True,fuzzy_logic_dynamic_snr,2.7597,0.9309
38,v4,v11,40.0,70.06,30.0,1.0,0.3503,0.6,5.6556,False,fuzzy_logic_dynamic_snr,5.6329,0.9883
38,v4,v7,40.0,130.03,30.0,1.0,0.6502,0.6,1.3586,True,fuzzy_logic_dynamic_snr,2.392,0.8428
38,v4,v12,40.0,190.0,30.0,1.0,0.95,0.6,-1.2765,True,fuzzy_logic_dynamic_snr,2.0301,0.6715
39,v1,v2,40.0,30.15,30.0,1.0,0.1507,0.6,11.515,False,fuzzy_logic_dynamic_snr,11.4965,0.9961
39,v1,v6,40.0,170.03,20.0,1.0,0.8501,0.4,0.4948,True,fuzzy_logic_dynamic_snr,2.2788,0.8021
39,v1,v5,40.0,180.0,0.0,1.0,0.9,0.0,3.9156,True,fuzzy_logic_dynamic_snr,2.6275,0.9104
39,v2,v1,20.0,30.15,30.0,0.6,0.1507,0.6,-8.485,True,fuzzy_logic_dynamic_snr,1.1363,0.2926
39,v2,v6,20.0,200.0,10.0,0.6,1.0,0.2,-19.2247,True,fuzzy_logic_dynamic_snr,0.5447,0.1232
39,v3,v4,20.0,100.04,10.0,0.6,0.5002,0.2,-14.4114,True,fuzzy_logic_dynamic_snr,0.7194,0.1801
39,v3,v11,20.0,140.0,30.0,0.6,0.7,0.6,-19.1545,True,fuzzy_logic_dynamic_snr,0.5511,0.1217
39,v3,v8,20.0,140.03,20.0,0.6,0.7002,0.4,-18.1566,True,fuzzy_logic_dynamic_snr,0.59,0.1396
39,v3,v7,20.0,200.0,0.0,0.6,1.0,0.0,-16.8165,True,fuzzy_logic_dynamic_snr,0.6245,0.1621
39,v4,v8,40.0,40.0,10.0,1.0,0.2,0.2,11.9588,False,fuzzy_logic_dynamic_snr,11.9484,0.9961
39,v4,v11,40.0,40.11,20.0,1.0,0.2006,0.4,10.5306,False,fuzzy_logic_dynamic_snr,10.5041,0.9932
39,v4,v3,40.0,100.04,10.0,1.0,0.5002,0.2,5.5886,False,fuzzy_logic_dynamic_snr,5.5663,0.9896
39,v4,v7,40.0,100.04,10.0,1.0,0.5002,0.2,5.5886,False,fuzzy_logic_dynamic_snr,5.5601,0.9902
39,v4,v12,40.0,160.0,10.0,1.0,0.8,0.2,2.3258,True,fuzzy_logic_dynamic_snr,2.4813,0.8799
40,v1,v2,40.0,3.0,20.0,1.0,0.015,0.4,28.5491,False,fuzzy_logic_dynamic_snr,28.5168,0.9971
40,v1,v5,40.0,180.0,10.0,1.0,0.9,0.2,1.5074,True,fuzzy_logic_dynamic_snr,2.3925,0.8369
40,v1,v6,40.0,190.02,30.0,1.0,0.9501,0.6,-1.2774,True,fuzzy_logic_dynamic_snr,2.0357,0.6971
40,v2,v1,20.0,3.0,20.0,0.6,0.015,0.4,8.5491,True,fuzzy_logic_dynamic_snr,2.8561,0.9494
40,v2,v5,20.0,180.02,10.0,0.6,0.9001,0.2,-18.4936,True,fuzzy_logic_dynamic_snr,0.5731,0.126
40,v2,v6,20.0,190.0,10.0,0.6,0.95,0.2,-18.8683,True,fuzzy_logic_dynamic_snr,0.5526,0.1426
40,v3,v4,20.0,110.04,10.0,0.6,0.5502,0.2,-15.0731,True,fuzzy_logic_dynamic_snr,0.6786,0.1627
40,v3,v8,20.0,160.03,10.0,0.6,0.8001,0.2,-17.6754,True,fuzzy_logic_dynamic_snr,0.599,0.1486
40,v3,v11,20.0,170.0,0.0,0.6,0.85,0.0,-15.6872,True,fuzzy_logic_dynamic_snr,0.6561,0.165
40,v3,v7,20.0,200.0,10.0,0.6,1.0,0.2,-19.2247,True,fuzzy_logic_dynamic_snr,0.5422,0.1354
40,v4,v8,40.0,50.0,0.0,1.0,0.25,0.0,12.8165,False,fuzzy_logic_dynamic_snr,12.788,0.9971
40,v4,v11,40.0,60.07,10.0,1.0,0.3004,0.2,9.1327,False,fuzzy_logic_dynamic_snr,9.0853,0.9922
40,v4,v7,40.0,90.05,0.0,1.0,0.4502,0.0,8.7283,False,fuzzy_logic_dynamic_snr,8.6995,0.9941
40,v4,v3,40.0,110.04,10.0,1.0,0.5502,0.2,4.9269,False,fuzzy_logic_dynamic_snr,4.9053,0.9857
40,v4,v12,40.0,150.0,0.0,1.0,0.75,0.0,5.1825,False,fuzzy_logic_dynamic_snr,5.1536,0.9922
41,v1,v2,40.0,20.22,0.0,1.0,0.1011,0.0,19.1062,False,fuzzy_logic_dynamic_snr,19.0848,0.998
41,v1,v6,40.0,160.03,40.0,1.0,0.8001,0.8,-0.8589,True,fuzzy_logic_dynamic_snr,2.1046,0.7281
41,v1,v5,40.0,170.0,0.0,1.0,0.85,0.0,4.3128,True,fuzzy_logic_dynamic_snr,2.6596,0.909
41,v2,v1,20.0,20.22,0.0,0.6,0.1011,0.0,-0.8938,False,fuzzy_logic_dynamic_snr,-0.922,0.9529
41,v2,v6,20.0,180.0,40.0,0.6,0.9,0.8,-21.6761,True,fuzzy_logic_dynamic_snr,0.5121,0.1256
41,v2,v5,20.0,190.02,0.0,0.6,0.9501,0.0,-16.4609,True,fuzzy_logic_dynamic_snr,0.6331,0.174
41,v3,v4,20.0,120.04,0.0,0.6,0.6002,0.0,-13.2691,True,fuzzy_logic_dynamic_snr,0.775,0.1939
41,v3,v11,20.0,170.0,10.0,0.6,0.85,0.2,-18.0954,True,fuzzy_logic_dynamic_snr,0.5777,0.1562
41,v3,v8,20.0,170.03,0.0,0.6,0.8501,0.0,-15.6883,True,fuzzy_logic_dynamic_snr,0.6343,0.1623
41,v4,v8,40.0,50.0,0.0,1.0,0.25,0.0,12.8165,False,fuzzy_logic_dynamic_snr,12.7935,0.9961
41,v4,v11,40.0,50.09,10.0,1.0,0.2504,0.2,10.3958,False,fuzzy_logic_dynamic_snr,10.367,0.9932
41,v4,v7,40.0,90.05,0.0,1.0,0.4502,0.0,8.7283,False,fuzzy_logic_dynamic_snr,8.6966,0.9951
41,v4,v3,40.0,120.04,0.0,1.0,0.6002,0.0,6.7309,False,fuzzy_logic_dynamic_snr,6.7118,0.9877
41,v4,v12,40.0,150.0,30.0,1.0,0.75,0.6,0.3661,True,fuzzy_logic_dynamic_snr,2.2663,0.8104
42,v1,v2,40.0,20.22,10.0,1.0,0.1011,0.2,16.698,False,fuzzy_logic_dynamic_snr,16.6754,0.9975
42,v1,v6,40.0,120.04,10.0,1.0,0.6002,0.2,4.3227,False,fuzzy_logic_dynamic_snr,4.2912,0.9848
42,v1,v5,40.0,170.0,10.0,1.0,0.85,0.2,1.9046,True,fuzzy_logic_dynamic_snr,2.4398,0.8633
42,v2,v1,20.0,20.22,10.0,0.6,0.1011,0.2,-3.302,False,fuzzy_logic_dynamic_snr,-3.3224,0.9084
42,v2,v6,20.0,140.0,0.0,0.6,0.7,0.0,-14.338,True,fuzzy_logic_dynamic_snr,0.7142,0.1842
42,v2,v5,20.0,190.02,20.0,0.6,0.9501,0.4,-20.2779,True,fuzzy_logic_dynamic_snr,0.5321,0.1324
42,v3,v4,20.0,120.04,40.0,0.6,0.6002,0.8,-18.8608,True,fuzzy_logic_dynamic_snr,0.5688,0.1248
42,v3,v8,20.0,170.03,30.0,0.6,0.8501,0.6,-20.5047,True,fuzzy_logic_dynamic_snr,0.5285,0.1387
42,v3,v11,20.0,180.0,0.0,0.6,0.9,0.0,-16.0844,True,fuzzy_logic_dynamic_snr,0.6556,0.1691
42,v4,v8,40.0,50.0,10.0,1.0,0.25,0.2,10.4082,False,fuzzy_logic_dynamic_snr,10.3821,0.998
42,v4,v11,40.0,60.07,40.0,1.0,0.3004,0.8,5.9491,True,fuzzy_logic_dynamic_snr,2.7588,0.9322
42,v4,v7,40.0,90.05,0.0,1.0,0.4502,0.0,8.7283,False,fuzzy_logic_dynamic_snr,8.6994,0.9893
42,v4,v12,40.0,120.0,0.0,1.0,0.6,0.0,6.7331,False,fuzzy_logic_dynamic_snr,6.7088,0.9922
42,v4,v3,40.0,120.04,40.0,1.0,0.6002,0.8,1.1392,True,fuzzy_logic_dynamic_snr,2.3479,0.8303
43,v1,v2,40.0,30.15,10.0,1.0,0.1507,0.2,13.9232,False,fuzzy_logic_dynamic_snr,13.8941,0.9941
43,v1,v6,40.0,110.04,20.0,1.0,0.5502,0.4,3.5182,False,fuzzy_logic_dynamic_snr,3.5,0.9863
43,v1,v5,40.0,180.0,0.0,1.0,0.9,0.0,3.9156,True,fuzzy_logic_dynamic_snr,2.6319,0.9207
43,v2,v1,20.0,30.15,10.0,0.6,0.1507,0.2,-6.0768,False,fuzzy_logic_dynamic_snr,-6.1081,0.8324
43,v2,v6,20.0,140.0,10.0,0.6,0.7,0.2,-16.7463,True,fuzzy_logic_dynamic_snr,0.6247,0.1424
43,v3,v4,20.0,80.06,20.0,0.6,0.4003,0.4,-14.2713,True,fuzzy_logic_dynamic_snr,0.7077,0.1752
43,v3,v8,20.0,140.03,10.0,0.6,0.7002,0.2,-16.7479,True,fuzzy_logic_dynamic_snr,0.6626,0.1689
43,v3,v7,20.0,170.0,20.0,0.6,0.85,0.4,-19.5042,True,fuzzy_logic_dynamic_snr,0.5346,0.1223
43,v3,v11,20.0,180.0,10.0,0.6,0.9,0.2,-18.4926,True,fuzzy_logic_dynamic_snr,0.5876,0.1381
43,v4,v8,40.0,60.0,30.0,1.0,0.3,0.6,6.7331,False,fuzzy_logic_dynamic_snr,6.6975,0.9912
43,v4,v3,40.0,80.06,20.0,1.0,0.4003,0.4,5.7287,False,fuzzy_logic_dynamic_snr,5.7016,0.9932
43,v4,v7,40.0,90.05,0.0,1.0,0.4502,0.0,8.7283,False,fuzzy_logic_dynamic_snr,8.6964,0.9902
43,v4,v11,40.0,100.04,30.0,1.0,0.5002,0.6,3.1804,True,fuzzy_logic_dynamic_snr,2.5652,0.8832
43,v4,v12,40.0,120.0,20.0,1.0,0.6,0.4,2.9161,False,fuzzy_logic_dynamic_snr,2.8948,0.9844
44,v1,v2,40.0,20.22,0.0,1.0,0.1011,0.0,19.1062,False,fuzzy_logic_dynamic_snr,19.0882,0.999
44,v1,v6,40.0,130.03,10.0,1.0,0.6502,0.2,3.7668,False,fuzzy_logic_dynamic_snr,3.7447,0.9887
44,v1,v5,40.0,180.0,10.0,1.0,0.9,0.2,1.5074,True,fuzzy_logic_dynamic_snr,2.4029,0.8432
44,v2,v1,20.0,20.22,0.0,0.6,0.1011,0.0,-0.8938,False,fuzzy_logic_dynamic_snr,-0.9155,0.952
44,v2,v6,20.0,150.0,10.0,0.6,0.75,0.2,-17.2257,True,fuzzy_logic_dynamic_snr,0.5969,0.1381
44,v3,v4,20.0,100.04,10.0,0.6,0.5002,0.2,-14.4114,True,fuzzy_logic_dynamic_snr,0.6995,0.1527
44,v3,v8,20.0,130.03,30.0,0.6,0.6502,0.6,-18.6414,True,fuzzy_logic_dynamic_snr,0.5705,0.1291
44,v3,v11,20.0,170.0,20.0,0.6,0.85,0.4,-19.5042,True,fuzzy_logic_dynamic_snr,0.5541,0.1369
44,v3,v7,20.0,190.0,20.0,0.6,0.95,0.4,-20.277,True,fuzzy_logic_dynamic_snr,0.5341,0.1305
44,v4,v8,40.0,30.0,40.0,1.0,0.15,0.8,10.7743,True,fuzzy_logic_dynamic_snr,2.904,0.9543
44,v4,v11,40.0,70.06,30.0,1.0,0.3503,0.6,5.6556,False,fuzzy_logic_dynamic_snr,5.637,0.9883
44,v4,v7,40.0,90.05,30.0,1.0,0.4502,0.6,3.9118,True,fuzzy_logic_dynamic_snr,2.629,0.9178
44,v4,v12,40.0,100.0,10.0,1.0,0.5,0.2,5.5918,False,fuzzy_logic_dynamic_snr,5.5832,0.9883
44,v4,v3,40.0,100.04,10.0,1.0,0.5002,0.2,5.5886,False,fuzzy_logic_dynamic_snr,5.5723,0.9941
45,v1,v2,40.0,20.22,20.0,1.0,0.1011,0.4,15.2892,False,fuzzy_logic_dynamic_snr,15.2631,0.9932
45,v1,v6,40.0,140.03,10.0,1.0,0.7002,0.2,3.2521,False,fuzzy_logic_dynamic_snr,3.2247,0.9902
45,v1,v5,40.0,190.0,10.0,1.0,0.95,0.2,1.1317,True,fuzzy_logic_dynamic_snr,2.3546,0.8268
45,v2,v1,20.0,20.22,20.0,0.6,0.1011,0.4,-4.7108,True,fuzzy_logic_dynamic_snr,1.5426,0.4896
45,v2,v6,20.0,160.0,10.0,0.6,0.8,0.2,-17.6742,True,fuzzy_logic_dynamic_snr,0.6012,0.1332
45,v3,v4,20.0,90.05,0.0,0.6,0.4502,0.0,-11.2717,True,fuzzy_logic_dynamic_snr,0.8921,0.2115
45,v3,v8,20.0,160.03,0.0,0.6,0.8001,0.0,-15.2671,True,fuzzy_logic_dynamic_snr,0.6851,0.1643
45,v3,v11,20.0,190.0,20.0,0.6,0.95,0.4,-20.277,True,fuzzy_logic_dynamic_snr,0.5337,0.1381
45,v4,v8,40.0,70.0,0.0,1.0,0.35,0.0,10.4784,False,fuzzy_logic_dynamic_snr,10.4575,0.9912
45,v4,v3,40.0,90.05,0.0,1.0,0.4502,0.0,8.7283,False,fuzzy_logic_dynamic_snr,8.6949,0.9916
45,v4,v11,40.0,100.04,20.0,1.0,0.5002,0.4,4.1799,False,fuzzy_logic_dynamic_snr,4.1447,0.9834
45,v4,v12,40.0,110.0,10.0,1.0,0.55,0.2,4.9295,False,fuzzy_logic_dynamic_snr,4.9067,0.9863
45,v4,v7,40.0,120.04,20.0,1.0,0.6002,0.4,2.914,False,fuzzy_logic_dynamic_snr,2.8975,0.9779
46,v1,v2,40.0,3.0,30.0,1.0,0.015,0.6,27.5496,False,fuzzy_logic_dynamic_snr,27.5113,0.999
46,v1,v6,40.0,150.03,0.0,1.0,0.7501,0.0,5.1812,False,fuzzy_logic_dynamic_snr,5.1491,0.9873
46,v1,v5,40.0,200.0,20.0,1.0,1.0,0.4,-0.6334,True,fuzzy_logic_dynamic_snr,2.1399,0.7309
46,v2,v1,20.0,3.0,30.0,0.6,0.015,0.6,7.5496,True,fuzzy_logic_dynamic_snr,2.8207,0.948
46,v2,v6,20.0,150.0,30.0,0.6,0.75,0.6,-19.6339,True,fuzzy_logic_dynamic_snr,0.5413,0.1307
46,v3,v4,20.0,90.05,20.0,0.6,0.4502,0.4,-15.0887,True,fuzzy_logic_dynamic_snr,0.6712,0.1752
46,v3,v8,20.0,160.03,20.0,0.6,0.8001,0.4,-19.0841,True,fuzzy_logic_dynamic_snr,0.5631,0.1412
46,v3,v11,20.0,170.0,30.0,0.6,0.85,0.6,-20.5037,True,fuzzy_logic_dynamic_snr,0.5305,0.1328
46,v3,v7,20.0,190.0,10.0,0.6,0.95,0.2,-18.8683,True,fuzzy_logic_dynamic_snr,0.5582,0.1244
46,v4,v8,40.0,70.0,0.0,1.0,0.35,0.0,10.4784,False,fuzzy_logic_dynamic_snr,10.4466,0.9941
46,v4,v11,40.0,80.06,10.0,1.0,0.4003,0.2,7.1374,False,fuzzy_logic_dynamic_snr,7.1073,0.9848
46,v4,v3,40.0,90.05,20.0,1.0,0.4502,0.4,4.9113,False,fuzzy_logic_dynamic_snr,4.8823,0.9902
46,v4,v7,40.0,100.04,10.0,1.0,0.5002,0.2,5.5886,False,fuzzy_logic_dynamic_snr,5.5524,0.9873
46,v4,v12,40.0,120.0,20.0,1.0,0.6,0.4,2.9161,False,fuzzy_logic_dynamic_snr,2.9006,0.977
47,v1,v2,40.0,30.15,0.0,1.0,0.1507,0.0,16.3315,False,fuzzy_logic_dynamic_snr,16.3133,0.9961
47,v1,v6,40.0,150.03,0.0,1.0,0.7501,0.0,5.1812,False,fuzzy_logic_dynamic_snr,5.1583,0.9902
47,v2,v1,20.0,30.15,0.0,0.6,0.1507,0.0,-3.6685,False,fuzzy_logic_dynamic_snr,-3.6902,0.9143
47,v2,v6,20.0,120.0,0.0,0.6,0.6,0.0,-13.2669,True,fuzzy_logic_dynamic_snr,0.7552,0.1787
47,v2,v5,20.0,190.02,10.0,0.6,0.9501,0.2,-18.8692,True,fuzzy_logic_dynamic_snr,0.5544,0.1467
47,v3,v4,20.0,70.06,10.0,0.6,0.3503,0.2,-11.9362,True,fuzzy_logic_dynamic_snr,0.8185,0.1945
47,v3,v11,20.0,140.0,0.0,0.6,0.7,0.0,-14.338,True,fuzzy_logic_dynamic_snr,0.7114,0.1648
47,v3,v8,20.0,140.03,30.0,0.6,0.7002,0.6,-19.1561,True,fuzzy_logic_dynamic_snr,0.544,0.1291
47,v3,v12,20.0,170.03,20.0,0.6,0.8501,0.4,-19.5052,True,fuzzy_logic_dynamic_snr,0.5468,0.1316
47,v3,v7,20.0,180.0,10.0,0.6,0.9,0.2,-18.4926,True,fuzzy_logic_dynamic_snr,0.5683,0.1371
47,v4,v8,40.0,70.0,40.0,1.0,0.35,0.8,4.8867,True,fuzzy_logic_dynamic_snr,2.6949,0.9285
47,v4,v3,40.0,70.06,10.0,1.0,0.3503,0.2,8.0638,False,fuzzy_logic_dynamic_snr,8.044,0.9922
47,v4,v11,40.0,70.06,10.0,1.0,0.3503,0.2,8.0638,False,fuzzy_logic_dynamic_snr,8.0309,0.9922
47,v4,v12,40.0,100.0,30.0,1.0,0.5,0.6,3.1835,True,fuzzy_logic_dynamic_snr,2.5625,0.8924
47,v4,v7,40.0,110.04,0.0,1.0,0.5502,0.0,7.3351,False,fuzzy_logic_dynamic_snr,7.3181,0.9932
48,v1,v2,40.0,30.15,10.0,1.0,0.1507,0.2,13.9232,False,fuzzy_logic_dynamic_snr,13.8903,0.9971
48,v1,v6,40.0,150.03,30.0,1.0,0.7501,0.6,0.3647,True,fuzzy_logic_dynamic_snr,2.2626,0.7906
48,v2,v1,20.0,30.15,10.0,0.6,0.1507,0.2,-6.0768,False,fuzzy_logic_dynamic_snr,-6.1084,0.8127
48,v2,v6,20.0,120.0,20.0,0.6,0.6,0.4,-17.0839,True,fuzzy_logic_dynamic_snr,0.6061,0.1437
48,v3,v4,20.0,80.06,10.0,0.6,0.4003,0.2,-12.8626,True,fuzzy_logic_dynamic_snr,0.786,0.1838
48,v3,v8,20.0,110.04,10.0,0.6,0.5502,0.2,-15.0731,True,fuzzy_logic_dynamic_snr,0.6759,0.151
48,v3,v11,20.0,140.0,30.0,0.6,0.7,0.6,-19.1545,True,fuzzy_logic_dynamic_snr,0.5495,0.1354
48,v3,v12,20.0,150.03,10.0,0.6,0.7501,0.2,-17.2271,True,fuzzy_logic_dynamic_snr,0.6111,0.1361
48,v3,v7,20.0,190.0,0.0,0.6,0.95,0.0,-16.4601,True,fuzzy_logic_dynamic_snr,0.6208,0.1592
48,v4,v8,40.0,30.0,0.0,1.0,0.15,0.0,16.3661,False,fuzzy_logic_dynamic_snr,16.3511,0.999
48,v4,v11,40.0,60.07,20.0,1.0,0.3004,0.4,7.7239,False,fuzzy_logic_dynamic_snr,7.6913,0.9916
48,v4,v12,40.0,70.0,0.0,1.0,0.35,0.0,10.4784,False,fuzzy_logic_dynamic_snr,10.4488,0.9951
48,v4,v3,40.0,80.06,10.0,1.0,0.4003,0.2,7.1374,False,fuzzy_logic_dynamic_snr,7.1124,0.9877
48,v4,v7,40.0,110.04,10.0,1.0,0.5502,0.2,4.9269,False,fuzzy_logic_dynamic_snr,4.9107,0.9863
49,v1,v2,40.0,20.22,10.0,1.0,0.1011,0.2,16.698,False,fuzzy_logic_dynamic_snr,16.6634,0.9961
49,v1,v6,40.0,120.04,0.0,1.0,0.6002,0.0,6.7309,False,fuzzy_logic_dynamic_snr,6.7135,0.9902
49,v2,v1,20.0,20.22,10.0,0.6,0.1011,0.2,-3.302,False,fuzzy_logic_dynamic_snr,-3.3328,0.9107
49,v2,v6,20.0,100.0,10.0,0.6,0.5,0.2,-14.4082,True,fuzzy_logic_dynamic_snr,0.7002,0.1885
49,v3,v4,20.0,70.06,10.0,0.6,0.3503,0.2,-11.9362,True,fuzzy_logic_dynamic_snr,0.8676,0.1975
49,v3,v8,20.0,100.04,10.0,0.6,0.5002,0.2,-14.4114,True,fuzzy_logic_dynamic_snr,0.7077,0.1857
49,v3,v11,20.0,110.0,10.0,0.6,0.55,0.2,-15.0705,True,fuzzy_logic_dynamic_snr,0.6877,0.1596
49,v3,v12,20.0,140.03,30.0,0.6,0.7002,0.6,-19.1561,True,fuzzy_logic_dynamic_snr,0.5529,0.1387
49,v3,v7,20.0,190.0,10.0,0.6,0.95,0.2,-18.8683,True,fuzzy_logic_dynamic_snr,0.5465,0.1482
49,v4,v8,40.0,30.0,0.0,1.0,0.15,0.0,16.3661,False,fuzzy_logic_dynamic_snr,16.3375,0.9961
49,v4,v11,40.0,40.11,0.0,1.0,0.2006,0.0,14.3476,False,fuzzy_logic_dynamic_snr,14.3092,0.9941
49,v4,v12,40.0,70.0,40.0,1.0,0.35,0.8,4.8867,True,fuzzy_logic_dynamic_snr,2.7055,0.9283
49,v4,v3,40.0,70.06,10.0,1.0,0.3503,0.2,8.0638,False,fuzzy_logic_dynamic_snr,8.0337,0.9932
49,v4,v7,40.0,120.04,0.0,1.0,0.6002,0.0,6.7309,False,fuzzy_logic_dynamic_snr,6.7058,0.9912
50,v1,v2,40.0,30.15,10.0,1.0,0.1507,0.2,13.9232,False,fuzzy_logic_dynamic_snr,13.8948,0.9922
50,v1,v6,40.0,120.04,30.0,1.0,0.6002,0.6,1.9144,True,fuzzy_logic_dynamic_snr,2.4467,0.8441
50,v2,v1,20.0,30.15,10.0,0.6,0.1507,0.2,-6.0768,False,fuzzy_logic_dynamic_snr,-6.1083,0.8285
50,v2,v6,20.0,90.0,20.0,0.6,0.45,0.4,-15.0849,True,fuzzy_logic_dynamic_snr,0.6829,0.1701
50,v3,v4,20.0,80.06,0.0,0.6,0.4003,0.0,-10.4543,True,fuzzy_logic_dynamic_snr,0.9596,0.2338
50,v3,v8,20.0,110.04,10.0,0.6,0.5502,0.2,-15.0731,True,fuzzy_logic_dynamic_snr,0.673,0.1551
50,v3,v12,20.0,110.04,0.0,0.6,0.5502,0.0,-12.6649,True,fuzzy_logic_dynamic_snr,0.8063,0.2035
50,v3,v11,20.0,120.0,20.0,0.6,0.6,0.4,-17.0839,True,fuzzy_logic_dynamic_snr,0.6294,0.1584
50,v3,v7,20.0,200.0,0.0,0.6,1.0,0.0,-16.8165,True,fuzzy_logic_dynamic_snr,0.6164,0.148
50,v4,v8,40.0,30.0,10.0,1.0,0.15,0.2,13.9578,False,fuzzy_logic_dynamic_snr,13.9237,0.998
50,v4,v12,40.0,30.0,0.0,1.0,0.15,0.0,16.3661,False,fuzzy_logic_dynamic_snr,16.3435,0.998
50,v4,v11,40.0,40.11,20.0,1.0,0.2006,0.4,10.5306,False,fuzzy_logic_dynamic_snr,10.5065,0.9932
50,v4,v3,40.0,80.06,0.0,1.0,0.4003,0.0,9.5457,False,fuzzy_logic_dynamic_snr,9.5176,0.9961
50,v4,v7,40.0,120.04,0.0,1.0,0.6002,0.0,6.7309,False,fuzzy_logic_dynamic_snr,6.7066,0.9912
51,v1,v2,40.0,40.11,10.0,1.0,0.2006,0.2,11.9393,False,fuzzy_logic_dynamic_snr,11.9169,0.9961
51,v1,v6,40.0,150.03,0.0,1.0,0.7501,0.0,5.1812,False,fuzzy_logic_dynamic_snr,5.1569,0.9902
51,v2,v1,20.0,40.11,10.0,0.6,0.2006,0.2,-8.0607,False,fuzzy_logic_dynamic_snr,-8.0989,0.708
51,v2,v6,20.0,110.0,10.0,0.6,0.55,0.2,-15.0705,True,fuzzy_logic_dynamic_snr,0.697,0.1791
51,v3,v4,20.0,80.06,10.0,0.6,0.4003,0.2,-12.8626,True,fuzzy_logic_dynamic_snr,0.8054,0.1977
51,v3,v12,20.0,110.04,30.0,0.6,0.5502,0.6,-17.4813,True,fuzzy_logic_dynamic_snr,0.5953,0.149
51,v3,v8,20.0,120.04,0.0,0.6,0.6002,0.0,-13.2691,True,fuzzy_logic_dynamic_snr,0.7545,0.1668
51,v3,v11,20.0,140.0,30.0,0.6,0.7,0.6,-19.1545,True,fuzzy_logic_dynamic_snr,0.5542,0.1234
51,v3,v7,20.0,200.0,40.0,0.6,1.0,0.8,-22.4082,True,fuzzy_logic_dynamic_snr,0.5075,0.1143
51,v4,v12,40.0,30.0,20.0,1.0,0.15,0.4,12.5491,False,fuzzy_logic_dynamic_snr,12.5343,0.9961
51,v4,v8,40.0,40.0,10.0,1.0,0.2,0.2,11.9588,False,fuzzy_logic_dynamic_snr,11.9302,0.9951
51,v4,v11,40.0,60.07,20.0,1.0,0.3004,0.4,7.7239,False,fuzzy_logic_dynamic_snr,7.7055,0.9941
51,v4,v3,40.0,80.06,10.0,1.0,0.4003,0.2,7.1374,False,fuzzy_logic_dynamic_snr,7.1014,0.9893
51,v4,v7,40.0,120.04,30.0,1.0,0.6002,0.6,1.9144,True,fuzzy_logic_dynamic_snr,2.4425,0.8613
52,v1,v2,40.0,30.15,10.0,1.0,0.1507,0.2,13.9232,False,fuzzy_logic_dynamic_snr,13.894,0.9941
52,v1,v6,40.0,150.03,30.0,1.0,0.7501,0.6,0.3647,True,fuzzy_logic_dynamic_snr,2.2562,0.7695
52,v2,v1,20.0,30.15,10.0,0.6,0.1507,0.2,-6.0768,False,fuzzy_logic_dynamic_snr,-6.1048,0.8104
52,v2,v6,20.0,120.0,20.0,0.6,0.6,0.4,-17.0839,True,fuzzy_logic_dynamic_snr,0.6202,0.1498
52,v3,v4,20.0,70.06,20.0,0.6,0.3503,0.4,-13.3449,True,fuzzy_logic_dynamic_snr,0.7472,0.209
52,v3,v12,20.0,80.06,10.0,0.6,0.4003,0.2,-12.8626,True,fuzzy_logic_dynamic_snr,0.8,0.1973
52,v3,v11,20.0,110.0,0.0,0.6,0.55,0.0,-12.6623,True,fuzzy_logic_dynamic_snr,0.804,0.1824
52,v3,v8,20.0,120.04,20.0,0.6,0.6002,0.4,-17.086,True,fuzzy_logic_dynamic_snr,0.6118,0.1465
52,v3,v7,20.0,160.0,20.0,0.6,0.8,0.4,-19.0829,True,fuzzy_logic_dynamic_snr,0.562,0.142
52,v4,v12,40.0,10.0,30.0,1.0,0.05,0.6,19.1835,False,fuzzy_logic_dynamic_snr,19.1652,0.998
52,v4,v11,40.0,40.11,20.0,1.0,0.2006,0.4,10.5306,False,fuzzy_logic_dynamic_snr,10.5131,0.9912
52,v4,v8,40.0,50.0,0.0,1.0,0.25,0.0,12.8165,False,fuzzy_logic_dynamic_snr,12.784,0.9951
52,v4,v3,40.0,70.06,20.0,1.0,0.3503,0.4,6.6551,False,fuzzy_logic_dynamic_snr,6.6105,0.9912
52,v4,v7,40.0,90.05,40.0,1.0,0.4502,0.8,3.1365,True,fuzzy_logic_dynamic_snr,2.5618,0.8836
53,v1,v2,40.0,20.22,30.0,1.0,0.1011,0.6,14.2897,False,fuzzy_logic_dynamic_snr,14.2699,0.9961
53,v1,v6,40.0,120.04,40.0,1.0,0.6002,0.8,1.1392,True,fuzzy_logic_dynamic_snr,2.3463,0.8275
53,v2,v1,20.0,20.22,30.0,0.6,0.1011,0.6,-5.7103,True,fuzzy_logic_dynamic_snr,1.4145,0.39
53,v2,v6,20.0,100.0,10.0,0.6,0.5,0.2,-14.4082,True,fuzzy_logic_dynamic_snr,0.6845,0.1656
53,v3,v4,20.0,50.09,10.0,0.6,0.2504,0.2,-9.6042,False,fuzzy_logic_dynamic_snr,-9.6171,0.635
53,v3,v12,20.0,90.05,20.0,0.6,0.4502,0.4,-15.0887,True,fuzzy_logic_dynamic_snr,0.6777,0.1516
53,v3,v8,20.0,100.04,10.0,0.6,0.5002,0.2,-14.4114,True,fuzzy_logic_dynamic_snr,0.7007,0.1656
53,v3,v11,20.0,110.0,20.0,0.6,0.55,0.4,-16.4793,True,fuzzy_logic_dynamic_snr,0.6286,0.1613
53,v3,v7,20.0,180.0,20.0,0.6,0.9,0.4,-19.9013,True,fuzzy_logic_dynamic_snr,0.523,0.116
53,v4,v12,40.0,40.0,30.0,1.0,0.2,0.6,9.5506,False,fuzzy_logic_dynamic_snr,9.5091,0.9922
53,v4,v8,40.0,50.0,0.0,1.0,0.25,0.0,12.8165,False,fuzzy_logic_dynamic_snr,12.793,0.9971
53,v4,v3,40.0,50.09,10.0,1.0,0.2504,0.2,10.3958,False,fuzzy_logic_dynamic_snr,10.3602,0.9961
53,v4,v11,40.0,60.07,10.0,1.0,0.3004,0.2,9.1327,False,fuzzy_logic_dynamic_snr,9.1034,0.9902
53,v4,v7,40.0,130.03,10.0,1.0,0.6502,0.2,3.7668,False,fuzzy_logic_dynamic_snr,3.7443,0.9828
54,v1,v2,40.0,10.44,40.0,1.0,0.0522,0.8,18.1088,True,fuzzy_logic_dynamic_snr,2.9579,0.9631
54,v1,v6,40.0,80.06,30.0,1.0,0.4003,0.6,4.7292,False,fuzzy_logic_dynamic_snr,4.6946,0.9844
54,v2,v1,20.0,10.44,40.0,0.6,0.0522,0.8,-1.8912,True,fuzzy_logic_dynamic_snr,1.9598,0.6512
54,v2,v6,20.0,90.0,10.0,0.6,0.45,0.2,-13.6761,True,fuzzy_logic_dynamic_snr,0.749,0.1768
54,v3,v4,20.0,40.11,20.0,0.6,0.2006,0.4,-9.4694,True,fuzzy_logic_dynamic_snr,1.026,0.2365
54,v3,v11,20.0,90.0,10.0,0.6,0.45,0.2,-13.6761,True,fuzzy_logic_dynamic_snr,0.7502,0.1896
54,v3,v8,20.0,90.05,20.0,0.6,0.4502,0.4,-15.0887,True,fuzzy_logic_dynamic_snr,0.6803,0.167
54,v3,v12,20.0,110.04,20.0,0.6,0.5502,0.4,-16.4818,True,fuzzy_logic_dynamic_snr,0.637,0.1426
54,v3,v7,20.0,160.0,10.0,0.6,0.8,0.2,-17.6742,True,fuzzy_logic_dynamic_snr,0.5962,0.1437
54,v4,v3,40.0,40.11,20.0,1.0,0.2006,0.4,10.5306,False,fuzzy_logic_dynamic_snr,10.5002,0.9922
54,v4,v8,40.0,50.0,0.0,1.0,0.25,0.0,12.8165,False,fuzzy_logic_dynamic_snr,12.7922,0.9941
54,v4,v11,40.0,50.09,30.0,1.0,0.2504,0.6,7.9875,False,fuzzy_logic_dynamic_snr,7.9637,0.9912
54,v4,v12,40.0,70.0,0.0,1.0,0.35,0.0,10.4784,False,fuzzy_logic_dynamic_snr,10.4439,0.9932
54,v4,v7,40.0,120.04,10.0,1.0,0.6002,0.2,4.3227,False,fuzzy_logic_dynamic_snr,4.296,0.9877
55,v1,v2,40.0,30.15,10.0,1.0,0.1507,0.2,13.9232,False,fuzzy_logic_dynamic_snr,13.8994,0.9961
55,v1,v6,40.0,110.04,20.0,1.0,0.5502,0.4,3.5182,False,fuzzy_logic_dynamic_snr,3.4948,0.9854
55,v2,v1,20.0,30.15,10.0,0.6,0.1507,0.2,-6.0768,False,fuzzy_logic_dynamic_snr,-6.0994,0.8363
55,v2,v6,20.0,80.0,10.0,0.6,0.4,0.2,-12.8577,True,fuzzy_logic_dynamic_snr,0.7923,0.2113
55,v3,v4,20.0,20.22,10.0,0.6,0.1011,0.2,-3.302,False,fuzzy_logic_dynamic_snr,-3.3277,0.9088
55,v3,v8,20.0,70.06,20.0,0.6,0.3503,0.4,-13.3449,True,fuzzy_logic_dynamic_snr,0.7382,0.1955
55,v3,v12,20.0,90.05,0.0,0.6,0.4502,0.0,-11.2717,True,fuzzy_logic_dynamic_snr,0.9043,0.2279
55,v3,v11,20.0,100.0,20.0,0.6,0.5,0.4,-15.817,True,fuzzy_logic_dynamic_snr,0.6444,0.1516
55,v3,v7,20.0,150.0,10.0,0.6,0.75,0.2,-17.2257,True,fuzzy_logic_dynamic_snr,0.6122,0.1398
55,v4,v3,40.0,20.22,10.0,1.0,0.1011,0.2,16.698,False,fuzzy_logic_dynamic_snr,16.6726,0.998
55,v4,v8,40.0,50.0,10.0,1.0,0.25,0.2,10.4082,False,fuzzy_logic_dynamic_snr,10.3809,0.9926
55,v4,v12,40.0,70.0,10.0,1.0,0.35,0.2,8.0702,False,fuzzy_logic_dynamic_snr,8.0563,0.9896
55,v4,v11,40.0,80.06,30.0,1.0,0.4003,0.6,4.7292,False,fuzzy_logic_dynamic_snr,4.7016,0.9844
55,v4,v7,40.0,130.03,0.0,1.0,0.6502,0.0,6.1751,False,fuzzy_logic_dynamic_snr,6.1443,0.9896
56,v1,v2,40.0,20.22,30.0,1.0,0.1011,0.6,14.2897,False,fuzzy_logic_dynamic_snr,14.2751,0.9961
56,v1,v6,40.0,90.05,10.0,1.0,0.4502,0.2,6.32,False,fuzzy_logic_dynamic_snr,6.2876,0.9871
56,v2,v1,20.0,20.22,30.0,0.6,0.1011,0.6,-5.7103,True,fuzzy_logic_dynamic_snr,1.4241,0.3975
56,v2,v6,20.0,70.0,40.0,0.6,0.35,0.8,-15.1133,True,fuzzy_logic_dynamic_snr,0.6831,0.1656
56,v3,v4,20.0,10.44,30.0,0.6,0.0522,0.6,-1.1159,True,fuzzy_logic_dynamic_snr,2.0648,0.7184
56,v3,v8,20.0,50.09,20.0,0.6,0.2504,0.4,-11.013,True,fuzzy_logic_dynamic_snr,0.911,0.216
56,v3,v12,20.0,90.05,30.0,0.6,0.4502,0.6,-16.0882,True,fuzzy_logic_dynamic_snr,0.652,0.1689
56,v3,v11,20.0,120.0,10.0,0.6,0.6,0.2,-15.6751,True,fuzzy_logic_dynamic_snr,0.6437,0.1676
56,v3,v7,20.0,140.0,20.0,0.6,0.7,0.4,-18.155,True,fuzzy_logic_dynamic_snr,0.5787,0.1459
56,v4,v3,40.0,10.44,30.0,1.0,0.0522,0.6,18.8841,False,fuzzy_logic_dynamic_snr,18.857,0.9951
56,v4,v8,40.0,40.0,10.0,1.0,0.2,0.2,11.9588,False,fuzzy_logic_dynamic_snr,11.937,0.9936
56,v4,v12,40.0,80.0,0.0,1.0,0.4,0.0,9.5506,False,fuzzy_logic_dynamic_snr,9.521,0.9941
56,v4,v11,40.0,110.04,20.0,1.0,0.5502,0.4,3.5182,False,fuzzy_logic_dynamic_snr,3.4782,0.9848
56,v4,v7,40.0,130.03,10.0,1.0,0.6502,0.2,3.7668,False,fuzzy_logic_dynamic_snr,3.7523,0.9793
57,v1,v2,40.0,50.09,10.0,1.0,0.2504,0.2,10.3958,False,fuzzy_logic_dynamic_snr,10.3771,0.9941
57,v1,v6,40.0,80.06,20.0,1.0,0.4003,0.4,5.7287,False,fuzzy_logic_dynamic_snr,5.7022,0.9867
57,v2,v6,20.0,30.0,10.0,0.6,0.15,0.2,-6.0422,False,fuzzy_logic_dynamic_snr,-6.0662,0.8201
57,v2,v1,20.0,50.09,10.0,0.6,0.2504,0.2,-9.6042,False,fuzzy_logic_dynamic_snr,-9.6293,0.6469
57,v2,v5,20.0,190.02,20.0,0.6,0.9501,0.4,-20.2779,True,fuzzy_logic_dynamic_snr,0.5155,0.1273
57,v3,v4,20.0,20.22,40.0,0.6,0.1011,0.8,-6.4855,True,fuzzy_logic_dynamic_snr,1.3086,0.3547
57,v3,v8,20.0,30.15,30.0,0.6,0.1507,0.6,-8.485,True,fuzzy_logic_dynamic_snr,1.092,0.29
57,v3,v12,20.0,60.07,30.0,0.6,0.3004,0.6,-13.2756,True,fuzzy_logic_dynamic_snr,0.7735,0.2006
57,v3,v11,20.0,110.0,40.0,0.6,0.55,0.8,-18.254,True,fuzzy_logic_dynamic_snr,0.5872,0.141
57,v3,v7,20.0,120.0,40.0,0.6,0.6,0.8,-18.8587,True,fuzzy_logic_dynamic_snr,0.5609,0.1436
57,v4,v3,40.0,20.22,40.0,1.0,0.1011,0.8,13.5145,True,fuzzy_logic_dynamic_snr,2.9369,0.9602
57,v4,v8,40.0,50.0,10.0,1.0,0.25,0.2,10.4082,False,fuzzy_logic_dynamic_snr,10.3815,0.9941
57,v4,v12,40.0,80.0,10.0,1.0,0.4,0.2,7.1423,False,fuzzy_logic_dynamic_snr,7.1144,0.9912
57,v4,v11,40.0,130.03,0.0,1.0,0.6502,0.0,6.1751,False,fuzzy_logic_dynamic_snr,6.1475,0.9834
57,v4,v7,40.0,140.03,0.0,1.0,0.7002,0.0,5.6604,False,fuzzy_logic_dynamic_snr,5.6372,0.9896
58,v1,v2,40.0,40.11,10.0,1.0,0.2006,0.2,11.9393,False,fuzzy_logic_dynamic_snr,11.9103,0.9961
58,v1,v6,40.0,60.07,10.0,1.0,0.3004,0.2,9.1327,False,fuzzy_logic_dynamic_snr,9.1042,0.9951
58,v2,v6,20.0,20.0,0.0,0.6,0.1,0.0,-0.8165,False,fuzzy_logic_dynamic_snr,-0.8416,0.9533
58,v2,v1,20.0,40.11,10.0,0.6,0.2006,0.2,-8.0607,False,fuzzy_logic_dynamic_snr,-8.0822,0.7148
58,v2,v5,20.0,170.03,30.0,0.6,0.8501,0.6,-20.5047,True,fuzzy_logic_dynamic_snr,0.5345,0.1357
58,v3,v4,20.0,20.22,20.0,0.6,0.1011,0.4,-4.7108,True,fuzzy_logic_dynamic_snr,1.5454,0.4711
58,v3,v8,20.0,60.07,0.0,0.6,0.3004,0.0,-8.4591,True,fuzzy_logic_dynamic_snr,1.1097,0.315
58,v3,v12,20.0,90.05,10.0,0.6,0.4502,0.2,-13.68,True,fuzzy_logic_dynamic_snr,0.7739,0.1896
58,v3,v11,20.0,150.0,20.0,0.6,0.75,0.4,-18.6344,True,fuzzy_logic_dynamic_snr,0.5598,0.1539
58,v3,v7,20.0,160.0,30.0,0.6,0.8,0.6,-20.0824,True,fuzzy_logic_dynamic_snr,0.5239,0.126
58,v4,v3,40.0,20.22,20.0,1.0,0.1011,0.4,15.2892,False,fuzzy_logic_dynamic_snr,15.2575,0.998
58,v4,v8,40.0,40.0,20.0,1.0,0.2,0.4,10.5501,False,fuzzy_logic_dynamic_snr,10.5197,0.9941
58,v4,v12,40.0,70.0,10.0,1.0,0.35,0.2,8.0702,False,fuzzy_logic_dynamic_snr,8.0409,0.9932
58,v4,v11,40.0,130.03,0.0,1.0,0.6502,0.0,6.1751,False,fuzzy_logic_dynamic_snr,6.1478,0.9912
58,v4,v7,40.0,140.03,10.0,1.0,0.7002,0.2,3.2521,False,fuzzy_logic_dynamic_snr,3.2266,0.9902
59,v1,v2,40.0,30.15,20.0,1.0,0.1507,0.4,12.5145,False,fuzzy_logic_dynamic_snr,12.4978,0.9951
59,v1,v6,40.0,50.09,10.0,1.0,0.2504,0.2,10.3958,False,fuzzy_logic_dynamic_snr,10.3699,0.9932
59,v2,v6,20.0,20.0,10.0,0.6,0.1,0.2,-3.2247,False,fuzzy_logic_dynamic_snr,-3.2471,0.9186
59,v2,v1,20.0,30.15,20.0,0.6,0.1507,0.4,-7.4855,True,fuzzy_logic_dynamic_snr,1.2239,0.3523
59,v3,v4,20.0,3.0,10.0,0.6,0.015,0.2,9.9578,False,fuzzy_logic_dynamic_snr,9.9235,0.9922
59,v3,v8,20.0,60.07,0.0,0.6,0.3004,0.0,-8.4591,True,fuzzy_logic_dynamic_snr,1.1003,0.2518
59,v3,v12,20.0,80.06,30.0,0.6,0.4003,0.6,-15.2708,True,fuzzy_logic_dynamic_snr,0.6782,0.1475
59,v3,v7,20.0,130.0,0.0,0.6,0.65,0.0,-13.8231,True,fuzzy_logic_dynamic_snr,0.7371,0.1869
59,v3,v11,20.0,130.0,20.0,0.6,0.65,0.4,-17.6401,True,fuzzy_logic_dynamic_snr,0.593,0.1592
59,v4,v3,40.0,3.0,10.0,1.0,0.015,0.2,29.9578,False,fuzzy_logic_dynamic_snr,29.9253,0.999
59,v4,v8,40.0,60.0,10.0,1.0,0.3,0.2,9.1413,False,fuzzy_logic_dynamic_snr,9.1127,0.9941
59,v4,v12,40.0,80.0,20.0,1.0,0.4,0.4,5.7336,False,fuzzy_logic_dynamic_snr,5.7083,0.9883
59,v4,v7,40.0,130.03,10.0,1.0,0.6502,0.2,3.7668,False,fuzzy_logic_dynamic_snr,3.7456,0.9857
59,v4,v11,40.0,130.03,10.0,1.0,0.6502,0.2,3.7668,False,fuzzy_logic_dynamic_snr,3.7386,0.9902
60,v1,v2,40.0,10.44,0.0,1.0,0.0522,0.0,23.7006,False,fuzzy_logic_dynamic_snr,23.6643,0.9971
60,v1,v6,40.0,40.11,20.0,1.0,0.2006,0.4,10.5306,False,fuzzy_logic_dynamic_snr,10.4974,1.0
60,v2,v1,20.0,10.44,0.0,0.6,0.0522,0.0,3.7006,False,fuzzy_logic_dynamic_snr,3.6606,0.9902
60,v2,v6,20.0,30.0,20.0,0.6,0.15,0.4,-7.4509,True,fuzzy_logic_dynamic_snr,1.2221,0.3398
60,v3,v4,20.0,10.44,20.0,0.6,0.0522,0.4,-0.1164,True,fuzzy_logic_dynamic_snr,2.1987,0.7484
60,v3,v8,20.0,60.07,30.0,0.6,0.3004,0.6,-13.2756,True,fuzzy_logic_dynamic_snr,0.78,0.2008
60,v3,v12,20.0,110.04,10.0,0.6,0.5502,0.2,-15.0731,True,fuzzy_logic_dynamic_snr,0.6991,0.1635
60,v3,v7,20.0,130.0,30.0,0.6,0.65,0.6,-18.6396,True,fuzzy_logic_dynamic_snr,0.5667,0.1355
60,v3,v11,20.0,150.0,20.0,0.6,0.75,0.4,-18.6344,True,fuzzy_logic_dynamic_snr,0.5666,0.1242
60,v4,v3,40.0,10.44,20.0,1.0,0.0522,0.4,19.8836,False,fuzzy_logic_dynamic_snr,19.8607,0.9971
60,v4,v8,40.0,50.0,10.0,1.0,0.25,0.2,10.4082,False,fuzzy_logic_dynamic_snr,10.3848,0.9941
60,v4,v12,40.0,100.0,30.0,1.0,0.5,0.6,3.1835,True,fuzzy_logic_dynamic_snr,2.5648,0.9045
60,v4,v7,40.0,120.04,10.0,1.0,0.6002,0.2,4.3227,False,fuzzy_logic_dynamic_snr,4.2961,0.9818
60,v4,v11,40.0,140.03,0.0,1.0,0.7002,0.0,5.6604,False,fuzzy_logic_dynamic_snr,5.6356,0.9844
61,v1,v2,40.0,10.44,0.0,1.0,0.0522,0.0,23.7006,False,fuzzy_logic_dynamic_snr,23.661,0.998
61,v1,v6,40.0,60.07,0.0,1.0,0.3004,0.0,11.5409,False,fuzzy_logic_dynamic_snr,11.517,0.9932
61,v2,v1,20.0,10.44,0.0,0.6,0.0522,0.0,3.7006,False,fuzzy_logic_dynamic_snr,3.6732,0.9848
61,v2,v6,20.0,50.0,0.0,0.6,0.25,0.0,-7.1835,False,fuzzy_logic_dynamic_snr,-7.2099,0.7625
61,v3,v4,20.0,10.44,10.0,0.6,0.0522,0.2,1.2923,False,fuzzy_logic_dynamic_snr,1.2525,0.9744
61,v3,v8,20.0,30.15,10.0,0.6,0.1507,0.2,-6.0768,False,fuzzy_logic_dynamic_snr,-6.0974,0.8094
61,v3,v7,20.0,100.0,0.0,0.6,0.5,0.0,-12.0,True,fuzzy_logic_dynamic_snr,0.8495,0.2088
61,v3,v12,20.0,120.04,40.0,0.6,0.6002,0.8,-18.8608,True,fuzzy_logic_dynamic_snr,0.5698,0.135
61,v3,v11,20.0,130.0,0.0,0.6,0.65,0.0,-13.8231,True,fuzzy_logic_dynamic_snr,0.736,0.1895
61,v4,v3,40.0,10.44,10.0,1.0,0.0522,0.2,21.2923,False,fuzzy_logic_dynamic_snr,21.2658,0.9971
61,v4,v8,40.0,40.0,0.0,1.0,0.2,0.0,14.367,False,fuzzy_logic_dynamic_snr,14.3292,0.9971
61,v4,v7,40.0,110.04,10.0,1.0,0.5502,0.2,4.9269,False,fuzzy_logic_dynamic_snr,4.9008,0.9922
61,v4,v12,40.0,130.0,30.0,1.0,0.65,0.6,1.3604,True,fuzzy_logic_dynamic_snr,2.3651,0.7996
61,v4,v11,40.0,140.03,10.0,1.0,0.7002,0.2,3.2521,False,fuzzy_logic_dynamic_snr,3.2151,0.9838
62,v1,v2,40.0,10.44,30.0,1.0,0.0522,0.6,18.8841,False,fuzzy_logic_dynamic_snr,18.8596,0.998
62,v1,v6,40.0,60.07,0.0,1.0,0.3004,0.0,11.5409,False,fuzzy_logic_dynamic_snr,11.5143,0.9932
62,v2,v1,20.0,10.44,30.0,0.6,0.0522,0.6,-1.1159,True,fuzzy_logic_dynamic_snr,2.0589,0.6953
62,v2,v6,20.0,50.0,30.0,0.6,0.25,0.6,-12.0,True,fuzzy_logic_dynamic_snr,0.8253,0.1975
62,v3,v4,20.0,3.0,10.0,0.6,0.015,0.2,9.9578,False,fuzzy_logic_dynamic_snr,9.9257,0.9961
62,v3,v8,20.0,40.11,10.0,0.6,0.2006,0.2,-8.0607,False,fuzzy_logic_dynamic_snr,-8.0785,0.7221
62,v3,v7,20.0,100.0,10.0,0.6,0.5,0.2,-14.4082,True,fuzzy_logic_dynamic_snr,0.7155,0.1754
62,v3,v11,20.0,130.0,10.0,0.6,0.65,0.2,-16.2313,True,fuzzy_logic_dynamic_snr,0.6506,0.1676
62,v3,v12,20.0,160.03,20.0,0.6,0.8001,0.4,-19.0841,True,fuzzy_logic_dynamic_snr,0.56,0.1406
62,v4,v3,40.0,3.0,10.0,1.0,0.015,0.2,29.9578,False,fuzzy_logic_dynamic_snr,29.9174,0.9971
62,v4,v8,40.0,40.0,20.0,1.0,0.2,0.4,10.5501,False,fuzzy_logic_dynamic_snr,10.5218,0.9893
62,v4,v7,40.0,100.04,0.0,1.0,0.5002,0.0,7.9969,False,fuzzy_logic_dynamic_snr,7.9713,0.9912
62,v4,v11,40.0,130.03,0.0,1.0,0.6502,0.0,6.1751,False,fuzzy_logic_dynamic_snr,6.165,0.9902
62,v4,v12,40.0,160.0,10.0,1.0,0.8,0.2,2.3258,True,fuzzy_logic_dynamic_snr,2.4837,0.8766
63,v1,v2,40.0,20.22,40.0,1.0,0.1011,0.8,13.5145,True,fuzzy_logic_dynamic_snr,2.9326,0.9559
63,v1,v6,40.0,60.07,30.0,1.0,0.3004,0.6,6.7244,False,fuzzy_logic_dynamic_snr,6.696,0.9896
63,v2,v1,20.0,20.22,40.0,0.6,0.1011,0.8,-6.4855,True,fuzzy_logic_dynamic_snr,1.3032,0.3631
63,v2,v6,20.0,80.0,10.0,0.6,0.4,0.2,-12.8577,True,fuzzy_logic_dynamic_snr,0.7869,0.168
63,v3,v4,20.0,10.44,10.0,0.6,0.0522,0.2,1.2923,False,fuzzy_logic_dynamic_snr,1.2648,0.9736
63,v3,v8,20.0,50.09,20.0,0.6,0.2504,0.4,-11.013,True,fuzzy_logic_dynamic_snr,0.918,0.225
63,v3,v7,20.0,90.0,10.0,0.6,0.45,0.2,-13.6761,True,fuzzy_logic_dynamic_snr,0.7461,0.1814
63,v3,v11,20.0,120.0,10.0,0.6,0.6,0.2,-15.6751,True,fuzzy_logic_dynamic_snr,0.659,0.1773
63,v3,v12,20.0,140.03,0.0,0.6,0.7002,0.0,-14.3396,True,fuzzy_logic_dynamic_snr,0.7102,0.1699
63,v4,v3,40.0,10.44,10.0,1.0,0.0522,0.2,21.2923,False,fuzzy_logic_dynamic_snr,21.2523,0.9971
63,v4,v8,40.0,60.0,30.0,1.0,0.3,0.6,6.7331,False,fuzzy_logic_dynamic_snr,6.7043,0.9893
63,v4,v7,40.0,100.04,0.0,1.0,0.5002,0.0,7.9969,False,fuzzy_logic_dynamic_snr,7.956,0.9941
63,v4,v11,40.0,130.03,20.0,1.0,0.6502,0.4,2.3581,True,fuzzy_logic_dynamic_snr,2.4886,0.8873
63,v4,v12,40.0,150.0,10.0,1.0,0.75,0.2,2.7743,False,fuzzy_logic_dynamic_snr,2.7568,0.9844
64,v1,v6,40.0,30.15,10.0,1.0,0.1507,0.2,13.9232,False,fuzzy_logic_dynamic_snr,13.9122,0.9932
64,v1,v2,40.0,60.07,20.0,1.0,0.3004,0.4,7.7239,False,fuzzy_logic_dynamic_snr,7.6987,0.9932
64,v2,v1,20.0,60.07,20.0,0.6,0.3004,0.4,-12.2761,True,fuzzy_logic_dynamic_snr,0.8192,0.202
64,v2,v6,20.0,90.0,10.0,0.6,0.45,0.2,-13.6761,True,fuzzy_logic_dynamic_snr,0.7419,0.1807
64,v3,v4,20.0,20.22,10.0,0.6,0.1011,0.2,-3.302,False,fuzzy_logic_dynamic_snr,-3.3315,0.923
64,v3,v8,20.0,70.06,10.0,0.6,0.3503,0.2,-11.9362,True,fuzzy_logic_dynamic_snr,0.8342,0.1955
64,v3,v7,20.0,80.0,0.0,0.6,0.4,0.0,-10.4494,True,fuzzy_logic_dynamic_snr,0.9513,0.2326
64,v3,v11,20.0,130.0,20.0,0.6,0.65,0.4,-17.6401,True,fuzzy_logic_dynamic_snr,0.5917,0.1346
64,v3,v12,20.0,140.03,10.0,0.6,0.7002,0.2,-16.7479,True,fuzzy_logic_dynamic_snr,0.6101,0.1527
64,v4,v3,40.0,20.22,10.0,1.0,0.1011,0.2,16.698,False,fuzzy_logic_dynamic_snr,16.668,0.9961
64,v4,v8,40.0,90.0,20.0,1.0,0.45,0.4,4.9151,False,fuzzy_logic_dynamic_snr,4.8906,0.9902
64,v4,v7,40.0,100.04,10.0,1.0,0.5002,0.2,5.5886,False,fuzzy_logic_dynamic_snr,5.5711,0.9902
64,v4,v11,40.0,150.03,30.0,1.0,0.7501,0.6,0.3647,True,fuzzy_logic_dynamic_snr,2.2665,0.7715
64,v4,v12,40.0,160.0,20.0,1.0,0.8,0.4,0.9171,True,fuzzy_logic_dynamic_snr,2.3166,0.7998
65,v1,v6,40.0,20.22,10.0,1.0,0.1011,0.2,16.698,False,fuzzy_logic_dynamic_snr,16.6704,0.9951
65,v1,v2,40.0,80.06,20.0,1.0,0.4003,0.4,5.7287,False,fuzzy_logic_dynamic_snr,5.7005,0.9867
65,v2,v1,20.0,80.06,20.0,0.6,0.4003,0.4,-14.2713,True,fuzzy_logic_dynamic_snr,0.7069,0.1609
65,v2,v6,20.0,100.0,30.0,0.6,0.5,0.6,-16.8165,True,fuzzy_logic_dynamic_snr,0.6275,0.1471
65,v3,v4,20.0,30.15,40.0,0.6,0.1507,0.8,-9.2603,True,fuzzy_logic_dynamic_snr,1.0656,0.2672
65,v3,v7,20.0,80.0,20.0,0.6,0.4,0.4,-14.2664,True,fuzzy_logic_dynamic_snr,0.7222,0.1715
65,v3,v8,20.0,80.06,30.0,0.6,0.4003,0.6,-15.2708,True,fuzzy_logic_dynamic_snr,0.6848,0.1684
65,v3,v11,20.0,150.0,30.0,0.6,0.75,0.6,-19.6339,True,fuzzy_logic_dynamic_snr,0.5362,0.1092
65,v3,v12,20.0,150.03,30.0,0.6,0.7501,0.6,-19.6353,True,fuzzy_logic_dynamic_snr,0.5352,0.1307
65,v4,v3,40.0,30.15,40.0,1.0,0.1507,0.8,10.7397,True,fuzzy_logic_dynamic_snr,2.9016,0.9543
65,v4,v8,40.0,110.0,10.0,1.0,0.55,0.2,4.9295,False,fuzzy_logic_dynamic_snr,4.9088,0.9906
65,v4,v7,40.0,110.04,20.0,1.0,0.5502,0.4,3.5182,False,fuzzy_logic_dynamic_snr,3.4928,0.9828
65,v4,v12,40.0,180.0,10.0,1.0,0.9,0.2,1.5074,True,fuzzy_logic_dynamic_snr,2.4048,0.8586
65,v4,v11,40.0,180.02,10.0,1.0,0.9001,0.2,1.5064,True,fuzzy_logic_dynamic_snr,2.4029,0.8494
66,v1,v6,40.0,10.44,20.0,1.0,0.0522,0.4,19.8836,False,fuzzy_logic_dynamic_snr,19.847,0.9971
66,v1,v2,40.0,60.07,20.0,1.0,0.3004,0.4,7.7239,False,fuzzy_logic_dynamic_snr,7.6986,0.9932
66,v2,v1,20.0,60.07,20.0,0.6,0.3004,0.4,-12.2761,True,fuzzy_logic_dynamic_snr,0.8229,0.1992
66,v2,v6,20.0,70.0,0.0,0.6,0.35,0.0,-9.5216,True,fuzzy_logic_dynamic_snr,1.0369,0.2588
66,v3,v4,20.0,10.44,10.0,0.6,0.0522,0.2,1.2923,False,fuzzy_logic_dynamic_snr,1.2641,0.9795
66,v3,v7,20.0,100.0,20.0,0.6,0.5,0.4,-15.817,True,fuzzy_logic_dynamic_snr,0.6672,0.1604
66,v3,v8,20.0,110.04,0.0,0.6,0.5502,0.0,-12.6649,True,fuzzy_logic_dynamic_snr,0.7978,0.202
66,v3,v11,20.0,180.0,30.0,0.6,0.9,0.6,-20.9008,True,fuzzy_logic_dynamic_snr,0.5351,0.1338
66,v3,v12,20.0,180.02,10.0,0.6,0.9001,0.2,-18.4936,True,fuzzy_logic_dynamic_snr,0.5782,0.1328
66,v4,v3,40.0,10.44,10.0,1.0,0.0522,0.2,21.2923,False,fuzzy_logic_dynamic_snr,21.2661,0.9971
66,v4,v7,40.0,90.05,30.0,1.0,0.4502,0.6,3.9118,True,fuzzy_logic_dynamic_snr,2.6315,0.91
66,v4,v8,40.0,100.0,10.0,1.0,0.5,0.2,5.5918,False,fuzzy_logic_dynamic_snr,5.5686,0.9893
66,v4,v12,40.0,170.0,20.0,1.0,0.85,0.4,0.4958,True,fuzzy_logic_dynamic_snr,2.2974,0.8098
66,v4,v11,40.0,170.03,40.0,1.0,0.8501,0.8,-1.28,True,fuzzy_logic_dynamic_snr,2.0349,0.7242
67,v1,v6,40.0,30.15,30.0,1.0,0.1507,0.6,11.515,False,fuzzy_logic_dynamic_snr,11.4879,0.9922
67,v1,v2,40.0,40.11,30.0,1.0,0.2006,0.6,9.5311,False,fuzzy_logic_dynamic_snr,9.4994,0.9932
67,v2,v1,20.0,40.11,30.0,0.6,0.2006,0.6,-10.4689,True,fuzzy_logic_dynamic_snr,0.9427,0.2301
67,v2,v6,20.0,70.0,0.0,0.6,0.35,0.0,-9.5216,True,fuzzy_logic_dynamic_snr,1.0183,0.2898
67,v3,v4,20.0,20.22,10.0,0.6,0.1011,0.2,-3.302,False,fuzzy_logic_dynamic_snr,-3.3305,0.9092
67,v3,v7,20.0,80.0,40.0,0.6,0.4,0.8,-16.0412,True,fuzzy_logic_dynamic_snr,0.6399,0.151
67,v3,v8,20.0,110.04,20.0,0.6,0.5502,0.4,-16.4818,True,fuzzy_logic_dynamic_snr,0.6396,0.1553
67,v3,v11,20.0,150.0,0.0,0.6,0.75,0.0,-14.8175,True,fuzzy_logic_dynamic_snr,0.7029,0.1867
67,v3,v12,20.0,170.03,20.0,0.6,0.8501,0.4,-19.5052,True,fuzzy_logic_dynamic_snr,0.5454,0.1465
67,v4,v3,40.0,20.22,10.0,1.0,0.1011,0.2,16.698,False,fuzzy_logic_dynamic_snr,16.6709,0.9961
67,v4,v7,40.0,60.07,30.0,1.0,0.3004,0.6,6.7244,False,fuzzy_logic_dynamic_snr,6.7039,0.9867
67,v4,v8,40.0,90.0,10.0,1.0,0.45,0.2,6.3239,False,fuzzy_logic_dynamic_snr,6.2904,0.9828
67,v4,v11,40.0,130.03,10.0,1.0,0.6502,0.2,3.7668,False,fuzzy_logic_dynamic_snr,3.748,0.9867
67,v4,v12,40.0,150.0,10.0,1.0,0.75,0.2,2.7743,False,fuzzy_logic_dynamic_snr,2.7502,0.9711
68,v1,v6,40.0,3.0,40.0,1.0,0.015,0.8,26.7743,True,fuzzy_logic_dynamic_snr,2.9678,0.9553
68,v1,v2,40.0,70.06,10.0,1.0,0.3503,0.2,8.0638,False,fuzzy_logic_dynamic_snr,8.0445,0.9893
68,v1,v13,40.0,180.0,30.0,1.0,0.9,0.6,-0.9008,True,fuzzy_logic_dynamic_snr,2.0802,0.7053
68,v2,v6,20.0,70.0,30.0,0.6,0.35,0.6,-14.338,True,fuzzy_logic_dynamic_snr,0.7171,0.176
68,v2,v1,20.0,70.06,10.0,0.6,0.3503,0.2,-11.9362,True,fuzzy_logic_dynamic_snr,0.8484,0.2023
68,v3,v4,20.0,10.44,30.0,0.6,0.0522,0.6,-1.1159,True,fuzzy_logic_dynamic_snr,2.0617,0.727
68,v3,v7,20.0,40.0,10.0,0.6,0.2,0.2,-8.0412,False,fuzzy_logic_dynamic_snr,-8.0706,0.7127
68,v3,v8,20.0,90.05,10.0,0.6,0.4502,0.2,-13.68,True,fuzzy_logic_dynamic_snr,0.7508,0.1846
68,v3,v11,20.0,150.0,0.0,0.6,0.75,0.0,-14.8175,True,fuzzy_logic_dynamic_snr,0.6968,0.1666
68,v3,v12,20.0,150.03,10.0,0.6,0.7501,0.2,-17.2271,True,fuzzy_logic_dynamic_snr,0.6241,0.1512
68,v4,v3,40.0,10.44,30.0,1.0,0.0522,0.6,18.8841,False,fuzzy_logic_dynamic_snr,18.8465,0.9971
68,v4,v7,40.0,30.15,20.0,1.0,0.1507,0.4,12.5145,False,fuzzy_logic_dynamic_snr,12.4854,0.9961
68,v4,v8,40.0,80.0,40.0,1.0,0.4,0.8,3.9588,True,fuzzy_logic_dynamic_snr,2.6413,0.9111
68,v4,v12,40.0,140.0,20.0,1.0,0.7,0.4,1.845,True,fuzzy_logic_dynamic_snr,2.4394,0.8615
68,v4,v11,40.0,140.03,30.0,1.0,0.7002,0.6,0.8439,True,fuzzy_logic_dynamic_snr,2.317,0.81
69,v1,v6,40.0,40.11,30.0,1.0,0.2006,0.6,9.5311,False,fuzzy_logic_dynamic_snr,9.5065,0.9912
69,v1,v2,40.0,80.06,10.0,1.0,0.4003,0.2,7.1374,False,fuzzy_logic_dynamic_snr,7.1109,0.9877
69,v1,v13,40.0,150.0,0.0,1.0,0.75,0.0,5.1825,False,fuzzy_logic_dynamic_snr,5.1604,0.9854
69,v2,v6,20.0,40.0,20.0,0.6,0.2,0.4,-9.4499,True,fuzzy_logic_dynamic_snr,1.0184,0.2699
69,v2,v1,20.0,80.06,10.0,0.6,0.4003,0.2,-12.8626,True,fuzzy_logic_dynamic_snr,0.7932,0.2041
69,v3,v4,20.0,40.11,30.0,0.6,0.2006,0.6,-10.4689,True,fuzzy_logic_dynamic_snr,0.9551,0.2227
69,v3,v7,20.0,50.0,20.0,0.6,0.25,0.4,-11.0005,True,fuzzy_logic_dynamic_snr,0.9012,0.2174
69,v3,v8,20.0,80.06,0.0,0.6,0.4003,0.0,-10.4543,True,fuzzy_logic_dynamic_snr,0.9585,0.2361
69,v3,v11,20.0,150.0,30.0,0.6,0.75,0.6,-19.6339,True,fuzzy_logic_dynamic_snr,0.5357,0.1389
69,v3,v12,20.0,160.03,10.0,0.6,0.8001,0.2,-17.6754,True,fuzzy_logic_dynamic_snr,0.5907,0.143
69,v4,v7,40.0,10.44,10.0,1.0,0.0522,0.2,21.2923,False,fuzzy_logic_dynamic_snr,21.2627,0.998
69,v4,v8,40.0,40.0,30.0,1.0,0.2,0.6,9.5506,False,fuzzy_logic_dynamic_snr,9.5344,0.9932
69,v4,v3,40.0,40.11,30.0,1.0,0.2006,0.6,9.5311,False,fuzzy_logic_dynamic_snr,9.5023,0.9922
69,v4,v11,40.0,110.04,0.0,1.0,0.5502,0.0,7.3351,False,fuzzy_logic_dynamic_snr,7.2987,0.9857
69,v4,v12,40.0,120.0,20.0,1.0,0.6,0.4,2.9161,False,fuzzy_logic_dynamic_snr,2.8791,0.9854
70,v1,v6,40.0,70.06,10.0,1.0,0.3503,0.2,8.0638,False,fuzzy_logic_dynamic_snr,8.0367,0.9971
70,v1,v2,40.0,90.05,0.0,1.0,0.4502,0.0,8.7283,False,fuzzy_logic_dynamic_snr,8.6996,0.9932
70,v1,v13,40.0,150.0,30.0,1.0,0.75,0.6,0.3661,True,fuzzy_logic_dynamic_snr,2.2617,0.7795
70,v1,v5,40.0,180.0,30.0,1.0,0.9,0.6,-0.9008,True,fuzzy_logic_dynamic_snr,2.0794,0.698
70,v2,v6,20.0,20.0,10.0,0.6,0.1,0.2,-3.2247,False,fuzzy_logic_dynamic_snr,-3.2503,0.9205
70,v2,v1,20.0,90.05,0.0,0.6,0.4502,0.0,-11.2717,True,fuzzy_logic_dynamic_snr,0.883,0.2248
70,v3,v7,20.0,70.0,30.0,0.6,0.35,0.6,-14.338,True,fuzzy_logic_dynamic_snr,0.7057,0.1818
70,v3,v4,20.0,70.06,10.0,0.6,0.3503,0.2,-11.9362,True,fuzzy_logic_dynamic_snr,0.8568,0.2104
70,v3,v8,20.0,80.06,10.0,0.6,0.4003,0.2,-12.8626,True,fuzzy_logic_dynamic_snr,0.7873,0.1895
70,v3,v12,20.0,170.03,0.0,0.6,0.8501,0.0,-15.6883,True,fuzzy_logic_dynamic_snr,0.6652,0.16
70,v3,v11,20.0,180.0,10.0,0.6,0.9,0.2,-18.4926,True,fuzzy_logic_dynamic_snr,0.5653,0.1322
70,v4,v7,40.0,3.0,20.0,1.0,0.015,0.4,28.5491,False,fuzzy_logic_dynamic_snr,28.5221,0.999
70,v4,v8,40.0,10.0,0.0,1.0,0.05,0.0,24.0,False,fuzzy_logic_dynamic_snr,23.9715,0.998
70,v4,v3,40.0,70.06,10.0,1.0,0.3503,0.2,8.0638,False,fuzzy_logic_dynamic_snr,8.0506,0.9961
70,v4,v12,40.0,100.0,10.0,1.0,0.5,0.2,5.5918,False,fuzzy_logic_dynamic_snr,5.5757,0.9883
70,v4,v11,40.0,110.04,0.0,1.0,0.5502,0.0,7.3351,False,fuzzy_logic_dynamic_snr,7.301,0.9902
71,v1,v6,40.0,60.07,30.0,1.0,0.3004,0.6,6.7244,False,fuzzy_logic_dynamic_snr,6.6971,0.9902
71,v1,v2,40.0,90.05,0.0,1.0,0.4502,0.0,8.7283,False,fuzzy_logic_dynamic_snr,8.69,0.9926
71,v1,v13,40.0,180.0,30.0,1.0,0.9,0.6,-0.9008,True,fuzzy_logic_dynamic_snr,2.0971,0.7232
71,v2,v6,20.0,30.0,30.0,0.6,0.15,0.6,-8.4504,True,fuzzy_logic_dynamic_snr,1.1031,0.2945
71,v2,v1,20.0,90.05,0.0,0.6,0.4502,0.0,-11.2717,True,fuzzy_logic_dynamic_snr,0.9042,0.215
71,v3,v7,20.0,40.0,30.0,0.6,0.2,0.6,-10.4494,True,fuzzy_logic_dynamic_snr,0.9268,0.2322
71,v3,v4,20.0,60.07,30.0,0.6,0.3004,0.6,-13.2756,True,fuzzy_logic_dynamic_snr,0.7519,0.2029
71,v3,v8,20.0,70.06,0.0,0.6,0.3503,0.0,-9.5279,True,fuzzy_logic_dynamic_snr,1.0138,0.2916
71,v3,v11,20.0,170.0,20.0,0.6,0.85,0.4,-19.5042,True,fuzzy_logic_dynamic_snr,0.5448,0.1363
71,v3,v12,20.0,170.03,30.0,0.6,0.8501,0.6,-20.5047,True,fuzzy_logic_dynamic_snr,0.5254,0.1234
71,v4,v8,40.0,10.0,30.0,1.0,0.05,0.6,19.1835,False,fuzzy_logic_dynamic_snr,19.1626,0.998
71,v4,v7,40.0,20.22,0.0,1.0,0.1011,0.0,19.1062,False,fuzzy_logic_dynamic_snr,19.0778,0.9961
71,v4,v3,40.0,60.07,30.0,1.0,0.3004,0.6,6.7244,False,fuzzy_logic_dynamic_snr,6.6936,0.9932
71,v4,v12,40.0,110.0,0.0,1.0,0.55,0.0,7.3377,False,fuzzy_logic_dynamic_snr,7.3133,0.9867
71,v4,v11,40.0,110.04,10.0,1.0,0.5502,0.2,4.9269,False,fuzzy_logic_dynamic_snr,4.9078,0.9863
72,v1,v2,40.0,90.05,0.0,1.0,0.4502,0.0,8.7283,False,fuzzy_logic_dynamic_snr,8.6876,0.9883
72,v1,v6,40.0,90.05,10.0,1.0,0.4502,0.2,6.32,False,fuzzy_logic_dynamic_snr,6.3072,0.9906
72,v1,v13,40.0,150.0,10.0,1.0,0.75,0.2,2.7743,False,fuzzy_logic_dynamic_snr,2.7447,0.9814
72,v2,v6,20.0,0.0,10.0,0.6,0.0,0.2,33.5918,False,fuzzy_logic_dynamic_snr,33.5537,0.998
72,v2,v1,20.0,90.05,0.0,0.6,0.4502,0.0,-11.2717,True,fuzzy_logic_dynamic_snr,0.8685,0.2076
72,v3,v7,20.0,70.0,30.0,0.6,0.35,0.6,-14.338,True,fuzzy_logic_dynamic_snr,0.6978,0.1764
72,v3,v8,20.0,70.06,10.0,0.6,0.3503,0.2,-11.9362,True,fuzzy_logic_dynamic_snr,0.8339,0.1934
72,v3,v4,20.0,90.05,10.0,0.6,0.4502,0.2,-13.68,True,fuzzy_logic_dynamic_snr,0.7342,0.1707
72,v3,v11,20.0,190.0,10.0,0.6,0.95,0.2,-18.8683,True,fuzzy_logic_dynamic_snr,0.5526,0.1223
72,v4,v8,40.0,20.0,20.0,1.0,0.1,0.4,15.3666,False,fuzzy_logic_dynamic_snr,15.3378,0.9951
72,v4,v7,40.0,20.22,40.0,1.0,0.1011,0.8,13.5145,True,fuzzy_logic_dynamic_snr,2.936,0.9494
72,v4,v3,40.0,90.05,10.0,1.0,0.4502,0.2,6.32,False,fuzzy_logic_dynamic_snr,6.2965,0.9842
72,v4,v11,40.0,100.04,20.0,1.0,0.5002,0.4,4.1799,False,fuzzy_logic_dynamic_snr,4.1483,0.9848
72,v4,v12,40.0,110.0,0.0,1.0,0.55,0.0,7.3377,False,fuzzy_logic_dynamic_snr,7.3083,0.9951
73,v1,v2,40.0,90.05,0.0,1.0,0.4502,0.0,8.7283,False,fuzzy_logic_dynamic_snr,8.7021,0.9912
73,v1,v6,40.0,100.04,30.0,1.0,0.5002,0.6,3.1804,True,fuzzy_logic_dynamic_snr,2.5742,0.8957
73,v1,v13,40.0,140.0,40.0,1.0,0.7,0.8,0.0702,True,fuzzy_logic_dynamic_snr,2.2149,0.7689
73,v1,v5,40.0,200.0,0.0,1.0,1.0,0.0,3.1835,True,fuzzy_logic_dynamic_snr,2.5703,0.9059
73,v2,v6,20.0,10.0,30.0,0.6,0.05,0.6,-0.8165,True,fuzzy_logic_dynamic_snr,2.1013,0.7195
73,v2,v1,20.0,90.05,0.0,0.6,0.4502,0.0,-11.2717,True,fuzzy_logic_dynamic_snr,0.8642,0.2219
73,v3,v7,20.0,40.0,40.0,0.6,0.2,0.8,-11.2247,True,fuzzy_logic_dynamic_snr,0.8877,0.2209
73,v3,v8,20.0,60.07,0.0,0.6,0.3004,0.0,-8.4591,True,fuzzy_logic_dynamic_snr,1.1118,0.3041
73,v3,v4,20.0,100.04,30.0,0.6,0.5002,0.6,-16.8196,True,fuzzy_logic_dynamic_snr,0.6164,0.1416
73,v3,v11,20.0,180.0,30.0,0.6,0.9,0.6,-20.9008,True,fuzzy_logic_dynamic_snr,0.4923,0.1453
73,v4,v8,40.0,40.0,30.0,1.0,0.2,0.6,9.5506,False,fuzzy_logic_dynamic_snr,9.5263,0.9912
73,v4,v7,40.0,60.07,10.0,1.0,0.3004,0.2,9.1327,False,fuzzy_logic_dynamic_snr,9.1092,0.9916
73,v4,v11,40.0,80.06,0.0,1.0,0.4003,0.0,9.5457,False,fuzzy_logic_dynamic_snr,9.5225,0.9932
73,v4,v3,40.0,100.04,30.0,1.0,0.5002,0.6,3.1804,True,fuzzy_logic_dynamic_snr,2.572,0.9004
73,v4,v12,40.0,110.0,30.0,1.0,0.55,0.6,2.5212,True,fuzzy_logic_dynamic_snr,2.507,0.8773
74,v1,v6,40.0,70.06,10.0,1.0,0.3503,0.2,8.0638,False,fuzzy_logic_dynamic_snr,8.0457,0.9961
74,v1,v2,40.0,90.05,20.0,1.0,0.4502,0.4,4.9113,False,fuzzy_logic_dynamic_snr,4.8909,0.9893
74,v1,v13,40.0,180.0,40.0,1.0,0.9,0.8,-1.6761,True,fuzzy_logic_dynamic_snr,1.9777,0.6732
74,v1,v5,40.0,200.0,0.0,1.0,1.0,0.0,3.1835,True,fuzzy_logic_dynamic_snr,2.5667,0.9021
74,v2,v6,20.0,20.0,10.0,0.6,0.1,0.2,-3.2247,False,fuzzy_logic_dynamic_snr,-3.2541,0.9176
74,v2,v1,20.0,90.05,20.0,0.6,0.4502,0.4,-15.0887,True,fuzzy_logic_dynamic_snr,0.701,0.1494
74,v3,v7,20.0,0.0,20.0,0.6,0.0,0.4,32.183,True,fuzzy_logic_dynamic_snr,2.9689,0.9572
74,v3,v8,20.0,60.07,0.0,0.6,0.3004,0.0,-8.4591,True,fuzzy_logic_dynamic_snr,1.1335,0.2902
74,v3,v4,20.0,70.06,30.0,0.6,0.3503,0.6,-14.3444,True,fuzzy_logic_dynamic_snr,0.7135,0.1691
74,v3,v11,20.0,150.0,20.0,0.6,0.75,0.4,-18.6344,True,fuzzy_logic_dynamic_snr,0.5725,0.1227
74,v4,v8,40.0,10.0,30.0,1.0,0.05,0.6,19.1835,False,fuzzy_logic_dynamic_snr,19.1673,0.998
74,v4,v3,40.0,70.06,30.0,1.0,0.3503,0.6,5.6556,False,fuzzy_logic_dynamic_snr,5.6221,0.9863
74,v4,v7,40.0,70.06,10.0,1.0,0.3503,0.2,8.0638,False,fuzzy_logic_dynamic_snr,8.046,0.9916
74,v4,v11,40.0,80.06,10.0,1.0,0.4003,0.2,7.1374,False,fuzzy_logic_dynamic_snr,7.1036,0.9854
74,v4,v12,40.0,140.0,20.0,1.0,0.7,0.4,1.845,True,fuzzy_logic_dynamic_snr,2.4339,0.8617
75,v1,v6,40.0,80.06,10.0,1.0,0.4003,0.2,7.1374,False,fuzzy_logic_dynamic_snr,7.1139,0.9906
75,v1,v2,40.0,110.04,40.0,1.0,0.5502,0.8,1.7434,True,fuzzy_logic_dynamic_snr,2.4179,0.8455
75,v1,v13,40.0,140.0,20.0,1.0,0.7,0.4,1.845,True,fuzzy_logic_dynamic_snr,2.4376,0.8557
75,v1,v14,40.0,170.03,30.0,1.0,0.8501,0.6,-0.5047,True,fuzzy_logic_dynamic_snr,2.1318,0.7236
75,v1,v5,40.0,200.0,30.0,1.0,1.0,0.6,-1.633,True,fuzzy_logic_dynamic_snr,1.9792,0.6801
75,v2,v6,20.0,30.0,30.0,0.6,0.15,0.6,-8.4504,True,fuzzy_logic_dynamic_snr,1.114,0.3051
75,v2,v1,20.0,110.04,40.0,0.6,0.5502,0.8,-18.2566,True,fuzzy_logic_dynamic_snr,0.5996,0.1738
75,v3,v7,20.0,20.0,20.0,0.6,0.1,0.4,-4.6334,True,fuzzy_logic_dynamic_snr,1.5448,0.4916
75,v3,v8,20.0,60.07,10.0,0.6,0.3004,0.2,-10.8673,True,fuzzy_logic_dynamic_snr,0.9228,0.2219
75,v3,v4,20.0,100.04,20.0,0.6,0.5002,0.4,-15.8201,True,fuzzy_logic_dynamic_snr,0.6712,0.1641
75,v3,v11,20.0,170.0,20.0,0.6,0.85,0.4,-19.5042,True,fuzzy_logic_dynamic_snr,0.5474,0.1252
75,v4,v8,40.0,40.0,10.0,1.0,0.2,0.2,11.9588,False,fuzzy_logic_dynamic_snr,11.9378,0.9922
75,v4,v11,40.0,70.06,0.0,1.0,0.3503,0.0,10.4721,False,fuzzy_logic_dynamic_snr,10.4429,0.9971
75,v4,v7,40.0,80.06,0.0,1.0,0.4003,0.0,9.5457,False,fuzzy_logic_dynamic_snr,9.5253,0.9932
75,v4,v3,40.0,100.04,20.0,1.0,0.5002,0.4,4.1799,False,fuzzy_logic_dynamic_snr,4.1577,0.9873
75,v4,v12,40.0,120.0,30.0,1.0,0.6,0.6,1.9166,True,fuzzy_logic_dynamic_snr,2.4451,0.8594
76,v1,v6,40.0,90.05,20.0,1.0,0.4502,0.4,4.9113,False,fuzzy_logic_dynamic_snr,4.8892,0.9877
76,v1,v13,40.0,120.0,20.0,1.0,0.6,0.4,2.9161,False,fuzzy_logic_dynamic_snr,2.8818,0.9844
76,v1,v14,40.0,140.03,0.0,1.0,0.7002,0.0,5.6604,False,fuzzy_logic_dynamic_snr,5.639,0.9893
76,v1,v2,40.0,150.03,0.0,1.0,0.7501,0.0,5.1812,False,fuzzy_logic_dynamic_snr,5.1442,0.9893
76,v1,v5,40.0,170.0,0.0,1.0,0.85,0.0,4.3128,True,fuzzy_logic_dynamic_snr,2.6659,0.9064
76,v2,v6,20.0,60.0,20.0,0.6,0.3,0.4,-12.2674,True,fuzzy_logic_dynamic_snr,0.8216,0.2061
76,v2,v1,20.0,150.03,0.0,0.6,0.7501,0.0,-14.8188,True,fuzzy_logic_dynamic_snr,0.6884,0.1799
76,v3,v7,20.0,0.0,10.0,0.6,0.0,0.2,33.5918,False,fuzzy_logic_dynamic_snr,33.5677,0.999
76,v3,v8,20.0,50.09,40.0,0.6,0.2504,0.8,-12.7878,True,fuzzy_logic_dynamic_snr,0.8007,0.185
76,v3,v4,20.0,80.06,30.0,0.6,0.4003,0.6,-15.2708,True,fuzzy_logic_dynamic_snr,0.6646,0.1637
76,v3,v11,20.0,150.0,40.0,0.6,0.75,0.8,-20.4092,True,fuzzy_logic_dynamic_snr,0.5338,0.1406
76,v4,v8,40.0,30.0,10.0,1.0,0.15,0.2,13.9578,False,fuzzy_logic_dynamic_snr,13.9294,0.998
76,v4,v11,40.0,70.06,10.0,1.0,0.3503,0.2,8.0638,False,fuzzy_logic_dynamic_snr,8.0414,0.9932
76,v4,v3,40.0,80.06,30.0,1.0,0.4003,0.6,4.7292,False,fuzzy_logic_dynamic_snr,4.7141,0.9883
76,v4,v7,40.0,80.06,20.0,1.0,0.4003,0.4,5.7287,False,fuzzy_logic_dynamic_snr,5.7035,0.9832
76,v4,v12,40.0,150.0,10.0,1.0,0.75,0.2,2.7743,False,fuzzy_logic_dynamic_snr,2.759,0.976
77,v1,v13,40.0,100.0,0.0,1.0,0.5,0.0,8.0,False,fuzzy_logic_dynamic_snr,7.9636,0.9951
77,v1,v6,40.0,110.04,10.0,1.0,0.5502,0.2,4.9269,False,fuzzy_logic_dynamic_snr,4.8975,0.9883
77,v1,v14,40.0,140.03,20.0,1.0,0.7002,0.4,1.8434,True,fuzzy_logic_dynamic_snr,2.4375,0.8414
77,v1,v2,40.0,150.03,0.0,1.0,0.7501,0.0,5.1812,False,fuzzy_logic_dynamic_snr,5.1535,0.9902
77,v1,v5,40.0,170.0,20.0,1.0,0.85,0.4,0.4958,True,fuzzy_logic_dynamic_snr,2.2751,0.7934
77,v2,v6,20.0,40.0,10.0,0.6,0.2,0.2,-8.0412,False,fuzzy_logic_dynamic_snr,-8.0685,0.74
77,v2,v1,20.0,150.03,0.0,0.6,0.7501,0.0,-14.8188,True,fuzzy_logic_dynamic_snr,0.689,0.1572
77,v3,v7,20.0,10.0,10.0,0.6,0.05,0.2,1.5918,False,fuzzy_logic_dynamic_snr,1.5718,0.9715
77,v3,v8,20.0,10.44,30.0,0.6,0.0522,0.6,-1.1159,True,fuzzy_logic_dynamic_snr,2.0507,0.718
77,v3,v4,20.0,50.09,40.0,0.6,0.2504,0.8,-12.7878,True,fuzzy_logic_dynamic_snr,0.7979,0.2006
77,v3,v11,20.0,110.0,20.0,0.6,0.55,0.4,-16.4793,True,fuzzy_logic_dynamic_snr,0.645,0.1633
77,v3,v12,20.0,190.02,40.0,0.6,0.9501,0.8,-22.0527,True,fuzzy_logic_dynamic_snr,0.4924,0.1234
77,v4,v8,40.0,40.0,10.0,1.0,0.2,0.2,11.9588,False,fuzzy_logic_dynamic_snr,11.9262,0.9951
77,v4,v3,40.0,50.09,40.0,1.0,0.2504,0.8,7.2122,True,fuzzy_logic_dynamic_snr,2.817,0.9465
77,v4,v7,40.0,60.07,30.0,1.0,0.3004,0.6,6.7244,False,fuzzy_logic_dynamic_snr,6.6857,0.9867
77,v4,v11,40.0,60.07,20.0,1.0,0.3004,0.4,7.7239,False,fuzzy_logic_dynamic_snr,7.706,0.9916
77,v4,v12,40.0,140.0,0.0,1.0,0.7,0.0,5.662,False,fuzzy_logic_dynamic_snr,5.6516,0.9873
78,v1,v13,40.0,100.0,30.0,1.0,0.5,0.6,3.1835,True,fuzzy_logic_dynamic_snr,2.5647,0.9045
78,v1,v6,40.0,100.04,40.0,1.0,0.5002,0.8,2.4051,True,fuzzy_logic_dynamic_snr,2.4875,0.857
78,v1,v5,40.0,150.0,20.0,1.0,0.75,0.4,1.3656,True,fuzzy_logic_dynamic_snr,2.3744,0.8268
78,v1,v2,40.0,150.03,0.0,1.0,0.7501,0.0,5.1812,False,fuzzy_logic_dynamic_snr,5.1396,0.9877
78,v1,v14,40.0,160.03,30.0,1.0,0.8001,0.6,-0.0836,True,fuzzy_logic_dynamic_snr,2.1942,0.7736
78,v2,v6,20.0,50.0,40.0,0.6,0.25,0.8,-12.7753,True,fuzzy_logic_dynamic_snr,0.7818,0.1736
78,v2,v1,20.0,150.03,0.0,0.6,0.7501,0.0,-14.8188,True,fuzzy_logic_dynamic_snr,0.6981,0.1785
78,v3,v4,20.0,10.44,40.0,0.6,0.0522,0.8,-1.8912,True,fuzzy_logic_dynamic_snr,1.9415,0.6271
78,v3,v7,20.0,20.0,10.0,0.6,0.1,0.2,-3.2247,False,fuzzy_logic_dynamic_snr,-3.2597,0.9344
78,v3,v8,20.0,20.22,20.0,0.6,0.1011,0.4,-4.7108,True,fuzzy_logic_dynamic_snr,1.5318,0.4848
78,v3,v11,20.0,90.0,20.0,0.6,0.45,0.4,-15.0849,True,fuzzy_logic_dynamic_snr,0.6675,0.1727
78,v3,v12,20.0,150.03,0.0,0.6,0.7501,0.0,-14.8188,True,fuzzy_logic_dynamic_snr,0.6959,0.1734
78,v4,v3,40.0,10.44,40.0,1.0,0.0522,0.8,18.1088,True,fuzzy_logic_dynamic_snr,2.9574,0.9588
78,v4,v8,40.0,30.0,20.0,1.0,0.15,0.4,12.5491,False,fuzzy_logic_dynamic_snr,12.5256,0.9971
78,v4,v7,40.0,30.15,30.0,1.0,0.1507,0.6,11.515,False,fuzzy_logic_dynamic_snr,11.4888,0.9932
78,v4,v11,40.0,80.06,20.0,1.0,0.4003,0.4,5.7287,False,fuzzy_logic_dynamic_snr,5.6965,0.9896
78,v4,v12,40.0,140.0,40.0,1.0,0.7,0.8,0.0702,True,fuzzy_logic_dynamic_snr,2.2198,0.7701
79,v1,v6,40.0,60.07,20.0,1.0,0.3004,0.4,7.7239,False,fuzzy_logic_dynamic_snr,7.6951,0.9922
79,v1,v13,40.0,130.0,40.0,1.0,0.65,0.8,0.5851,True,fuzzy_logic_dynamic_snr,2.2886,0.8082
79,v1,v2,40.0,150.03,30.0,1.0,0.7501,0.6,0.3647,True,fuzzy_logic_dynamic_snr,2.2585,0.8014
79,v1,v5,40.0,170.0,10.0,1.0,0.85,0.2,1.9046,True,fuzzy_logic_dynamic_snr,2.4509,0.8604
79,v1,v14,40.0,190.02,40.0,1.0,0.9501,0.8,-2.0527,True,fuzzy_logic_dynamic_snr,1.9197,0.6561
79,v2,v6,20.0,90.0,10.0,0.6,0.45,0.2,-13.6761,True,fuzzy_logic_dynamic_snr,0.7313,0.1709
79,v2,v1,20.0,150.03,30.0,0.6,0.7501,0.6,-19.6353,True,fuzzy_logic_dynamic_snr,0.5463,0.1463
79,v3,v7,20.0,30.0,20.0,0.6,0.15,0.4,-7.4509,True,fuzzy_logic_dynamic_snr,1.2031,0.3248
79,v3,v4,20.0,30.15,0.0,0.6,0.1507,0.0,-3.6685,False,fuzzy_logic_dynamic_snr,-3.6995,0.8955
79,v3,v8,20.0,40.11,10.0,0.6,0.2006,0.2,-8.0607,False,fuzzy_logic_dynamic_snr,-8.0707,0.7406
79,v3,v11,20.0,70.0,10.0,0.6,0.35,0.2,-11.9298,True,fuzzy_logic_dynamic_snr,0.8504,0.2328
79,v3,v15,20.0,140.0,20.0,0.6,0.7,0.4,-18.155,True,fuzzy_logic_dynamic_snr,0.5915,0.143
79,v4,v7,40.0,3.0,20.0,1.0,0.015,0.4,28.5491,False,fuzzy_logic_dynamic_snr,28.5142,0.999
79,v4,v8,40.0,10.0,10.0,1.0,0.05,0.2,21.5918,False,fuzzy_logic_dynamic_snr,21.5618,0.998
79,v4,v3,40.0,30.15,0.0,1.0,0.1507,0.0,16.3315,False,fuzzy_logic_dynamic_snr,16.301,0.9941
79,v4,v11,40.0,100.04,10.0,1.0,0.5002,0.2,5.5886,False,fuzzy_logic_dynamic_snr,5.5493,0.9887
79,v4,v15,40.0,170.03,20.0,1.0,0.8501,0.4,0.4948,True,fuzzy_logic_dynamic_snr,2.2755,0.8025
80,v1,v6,40.0,40.11,0.0,1.0,0.2006,0.0,14.3476,False,fuzzy_logic_dynamic_snr,14.3086,0.9932
80,v1,v2,40.0,120.04,0.0,1.0,0.6002,0.0,6.7309,False,fuzzy_logic_dynamic_snr,6.7092,0.999
80,v1,v13,40.0,170.0,30.0,1.0,0.85,0.6,-0.5037,True,fuzzy_logic_dynamic_snr,2.1337,0.7436
80,v1,v5,40.0,180.0,0.0,1.0,0.9,0.0,3.9156,True,fuzzy_logic_dynamic_snr,2.6256,0.9051
80,v2,v6,20.0,80.0,0.0,0.6,0.4,0.0,-10.4494,True,fuzzy_logic_dynamic_snr,0.9439,0.2277
80,v2,v1,20.0,120.04,0.0,0.6,0.6002,0.0,-13.2691,True,fuzzy_logic_dynamic_snr,0.7711,0.1738
80,v3,v7,20.0,10.0,10.0,0.6,0.05,0.2,1.5918,False,fuzzy_logic_dynamic_snr,1.5635,0.9736
80,v3,v4,20.0,30.15,10.0,0.6,0.1507,0.2,-6.0768,False,fuzzy_logic_dynamic_snr,-6.1076,0.8205
80,v3,v8,20.0,30.15,20.0,0.6,0.1507,0.4,-7.4855,True,fuzzy_logic_dynamic_snr,1.2028,0.3275
80,v3,v11,20.0,60.0,10.0,0.6,0.3,0.2,-10.8587,True,fuzzy_logic_dynamic_snr,0.888,0.2213
80,v3,v12,20.0,140.03,0.0,0.6,0.7002,0.0,-14.3396,True,fuzzy_logic_dynamic_snr,0.7093,0.1674
80,v4,v8,40.0,0.0,30.0,1.0,0.0,0.6,40.0,False,fuzzy_logic_dynamic_snr,39.9738,0.999
80,v4,v7,40.0,20.22,20.0,1.0,0.1011,0.4,15.2892,False,fuzzy_logic_dynamic_snr,15.267,0.9941
80,v4,v3,40.0,30.15,10.0,1.0,0.1507,0.2,13.9232,False,fuzzy_logic_dynamic_snr,13.9016,0.9932
80,v4,v11,40.0,90.05,20.0,1.0,0.4502,0.4,4.9113,False,fuzzy_logic_dynamic_snr,4.8889,0.9883
80,v4,v12,40.0,170.0,10.0,1.0,0.85,0.2,1.9046,True,fuzzy_logic_dynamic_snr,2.4478,0.8512
81,v1,v6,40.0,40.11,10.0,1.0,0.2006,0.2,11.9393,False,fuzzy_logic_dynamic_snr,11.908,0.9951
81,v1,v2,40.0,120.04,10.0,1.0,0.6002,0.2,4.3227,False,fuzzy_logic_dynamic_snr,4.3009,0.9838
81,v1,v5,40.0,180.0,20.0,1.0,0.9,0.4,0.0987,True,fuzzy_logic_dynamic_snr,2.218,0.7816
81,v1,v13,40.0,200.0,30.0,1.0,1.0,0.6,-1.633,True,fuzzy_logic_dynamic_snr,1.9874,0.6871
81,v2,v6,20.0,80.0,20.0,0.6,0.4,0.4,-14.2664,True,fuzzy_logic_dynamic_snr,0.7166,0.1773
81,v2,v1,20.0,120.04,10.0,0.6,0.6002,0.2,-15.6773,True,fuzzy_logic_dynamic_snr,0.6645,0.1754
81,v2,v4,20.0,190.09,60.0,0.6,0.9505,1.2,-23.2243,True,fuzzy_logic_dynamic_snr,0.4827,0.1219
81,v3,v7,20.0,0.0,10.0,0.6,0.0,0.2,33.5918,False,fuzzy_logic_dynamic_snr,33.559,0.9971
81,v3,v8,20.0,10.44,10.0,0.6,0.0522,0.2,1.2923,False,fuzzy_logic_dynamic_snr,1.2648,0.9844
81,v3,v4,20.0,40.11,0.0,0.6,0.2006,0.0,-5.6524,False,fuzzy_logic_dynamic_snr,-5.6798,0.8408
81,v3,v11,20.0,70.0,20.0,0.6,0.35,0.4,-13.3385,True,fuzzy_logic_dynamic_snr,0.7808,0.191
81,v3,v12,20.0,140.03,0.0,0.6,0.7002,0.0,-14.3396,True,fuzzy_logic_dynamic_snr,0.7326,0.1889
81,v4,v8,40.0,30.0,10.0,1.0,0.15,0.2,13.9578,False,fuzzy_logic_dynamic_snr,13.9296,0.9951
81,v4,v3,40.0,40.11,0.0,1.0,0.2006,0.0,14.3476,False,fuzzy_logic_dynamic_snr,14.3211,0.9971
81,v4,v7,40.0,40.11,10.0,1.0,0.2006,0.2,11.9393,False,fuzzy_logic_dynamic_snr,11.9163,0.9912
81,v4,v11,40.0,110.04,20.0,1.0,0.5502,0.4,3.5182,False,fuzzy_logic_dynamic_snr,3.4857,0.9814
81,v4,v12,40.0,180.0,0.0,1.0,0.9,0.0,3.9156,True,fuzzy_logic_dynamic_snr,2.6376,0.9166
82,v1,v6,40.0,30.15,40.0,1.0,0.1507,0.8,10.7397,True,fuzzy_logic_dynamic_snr,2.9022,0.9543
82,v1,v2,40.0,130.03,0.0,1.0,0.6502,0.0,6.1751,False,fuzzy_logic_dynamic_snr,6.1479,0.9906
82,v1,v5,40.0,200.0,10.0,1.0,1.0,0.2,0.7753,True,fuzzy_logic_dynamic_snr,2.3233,0.8133
82,v2,v6,20.0,100.0,40.0,0.6,0.5,0.8,-17.5918,True,fuzzy_logic_dynamic_snr,0.6042,0.1418
82,v2,v1,20.0,130.03,0.0,0.6,0.6502,0.0,-13.8249,True,fuzzy_logic_dynamic_snr,0.7456,0.1723
82,v2,v4,20.0,130.14,60.0,0.6,0.6507,1.2,-20.5913,True,fuzzy_logic_dynamic_snr,0.5396,0.1383
82,v2,v8,20.0,150.12,60.0,0.6,0.7506,1.2,-21.5838,True,fuzzy_logic_dynamic_snr,0.488,0.1295
82,v2,v7,20.0,160.03,90.0,0.6,0.8001,1.8,-23.2671,True,fuzzy_logic_dynamic_snr,0.4623,0.1291
82,v3,v7,20.0,10.0,10.0,0.6,0.05,0.2,1.5918,False,fuzzy_logic_dynamic_snr,1.5652,0.9639
82,v3,v8,20.0,20.22,20.0,0.6,0.1011,0.4,-4.7108,True,fuzzy_logic_dynamic_snr,1.5336,0.457
82,v3,v4,20.0,40.11,20.0,0.6,0.2006,0.4,-9.4694,True,fuzzy_logic_dynamic_snr,1.0195,0.2625
82,v3,v11,20.0,50.0,0.0,0.6,0.25,0.0,-7.1835,False,fuzzy_logic_dynamic_snr,-7.2081,0.7787
82,v3,v15,20.0,120.0,10.0,0.6,0.6,0.2,-15.6751,True,fuzzy_logic_dynamic_snr,0.6576,0.1557
82,v4,v8,40.0,20.0,0.0,1.0,0.1,0.0,19.1835,False,fuzzy_logic_dynamic_snr,19.1532,0.9971
82,v4,v7,40.0,30.15,30.0,1.0,0.1507,0.6,11.515,False,fuzzy_logic_dynamic_snr,11.4875,0.9941
82,v4,v3,40.0,40.11,20.0,1.0,0.2006,0.4,10.5306,False,fuzzy_logic_dynamic_snr,10.509,0.9961
82,v4,v11,40.0,90.05,20.0,1.0,0.4502,0.4,4.9113,False,fuzzy_logic_dynamic_snr,4.8802,0.9873
82,v4,v2,40.0,130.14,60.0,1.0,0.6507,1.2,-0.5913,True,fuzzy_logic_dynamic_snr,2.1377,0.7336
83,v1,v6,40.0,10.44,20.0,1.0,0.0522,0.4,19.8836,False,fuzzy_logic_dynamic_snr,19.8441,0.9961
83,v1,v2,40.0,130.03,10.0,1.0,0.6502,0.2,3.7668,False,fuzzy_logic_dynamic_snr,3.7344,0.9775
83,v2,v7,20.0,70.06,60.0,0.6,0.3503,1.2,-16.2887,True,fuzzy_logic_dynamic_snr,0.6402,0.1637
83,v2,v4,20.0,70.26,60.0,0.6,0.3513,1.2,-16.3078,True,fuzzy_logic_dynamic_snr,0.656,0.1744
83,v2,v3,20.0,90.05,70.0,0.6,0.4502,1.4,-18.4965,True,fuzzy_logic_dynamic_snr,0.5561,0.1295
83,v2,v8,20.0,90.2,30.0,0.6,0.451,0.6,-16.0998,True,fuzzy_logic_dynamic_snr,0.6541,0.1555
83,v2,v1,20.0,130.03,10.0,0.6,0.6502,0.2,-16.2332,True,fuzzy_logic_dynamic_snr,0.6294,0.1574
83,v3,v8,20.0,3.0,40.0,0.6,0.015,0.8,6.7743,True,fuzzy_logic_dynamic_snr,2.7947,0.9424
83,v3,v7,20.0,20.0,10.0,0.6,0.1,0.2,-3.2247,False,fuzzy_logic_dynamic_snr,-3.2558,0.924
83,v3,v4,20.0,20.22,10.0,0.6,0.1011,0.2,-3.302,False,fuzzy_logic_dynamic_snr,-3.3227,0.9033
83,v3,v11,20.0,50.0,0.0,0.6,0.25,0.0,-7.1835,False,fuzzy_logic_dynamic_snr,-7.2106,0.768
83,v3,v2,20.0,90.05,70.0,0.6,0.4502,1.4,-18.4965,True,fuzzy_logic_dynamic_snr,0.5781,0.1457
83,v4,v7,40.0,3.0,0.0,1.0,0.015,0.0,32.3661,False,fuzzy_logic_dynamic_snr,32.3311,1.0
83,v4,v8,40.0,20.0,30.0,1.0,0.1,0.6,14.367,False,fuzzy_logic_dynamic_snr,14.3443,0.9961
83,v4,v3,40.0,20.22,10.0,1.0,0.1011,0.2,16.698,False,fuzzy_logic_dynamic_snr,16.6643,0.9961
83,v4,v11,40.0,70.06,10.0,1.0,0.3503,0.2,8.0638,False,fuzzy_logic_dynamic_snr,8.0413,0.9941
83,v4,v2,40.0,70.26,60.0,1.0,0.3513,1.2,3.6922,True,fuzzy_logic_dynamic_snr,2.6114,0.8908
84,v1,v6,40.0,30.15,10.0,1.0,0.1507,0.2,13.9232,False,fuzzy_logic_dynamic_snr,13.9,0.9951
84,v1,v2,40.0,120.04,40.0,1.0,0.6002,0.8,1.1392,True,fuzzy_logic_dynamic_snr,2.3702,0.8455
84,v1,v7,40.0,130.14,40.0,1.0,0.6507,0.8,0.5778,True,fuzzy_logic_dynamic_snr,2.2845,0.7939
84,v1,v4,40.0,130.31,60.0,1.0,0.6516,1.2,-0.6005,True,fuzzy_logic_dynamic_snr,2.1391,0.7434
84,v1,v3,40.0,140.13,20.0,1.0,0.7006,0.4,1.8386,True,fuzzy_logic_dynamic_snr,2.4247,0.8424
84,v2,v7,20.0,10.44,80.0,0.6,0.0522,1.6,-3.9334,True,fuzzy_logic_dynamic_snr,1.6633,0.5295
84,v2,v4,20.0,11.66,100.0,0.6,0.0583,2.0,-5.3995,True,fuzzy_logic_dynamic_snr,1.4505,0.4268
84,v2,v3,20.0,20.22,60.0,0.6,0.1011,1.2,-7.6546,True,fuzzy_logic_dynamic_snr,1.1988,0.3291
84,v2,v8,20.0,60.3,80.0,0.6,0.3015,1.6,-16.1189,True,fuzzy_logic_dynamic_snr,0.645,0.1256
84,v2,v11,20.0,70.06,60.0,0.6,0.3503,1.2,-16.2887,True,fuzzy_logic_dynamic_snr,0.6316,0.1336
84,v3,v7,20.0,10.0,20.0,0.6,0.05,0.4,0.183,True,fuzzy_logic_dynamic_snr,2.2396,0.7725
84,v3,v4,20.0,10.44,40.0,0.6,0.0522,0.8,-1.8912,True,fuzzy_logic_dynamic_snr,1.9433,0.657
84,v3,v2,20.0,20.22,60.0,0.6,0.1011,1.2,-7.6546,True,fuzzy_logic_dynamic_snr,1.1786,0.3371
84,v3,v8,20.0,40.11,20.0,0.6,0.2006,0.4,-9.4694,True,fuzzy_logic_dynamic_snr,1.0316,0.2869
84,v3,v11,20.0,50.0,0.0,0.6,0.25,0.0,-7.1835,False,fuzzy_logic_dynamic_snr,-7.1975,0.7611
84,v4,v7,40.0,3.0,20.0,1.0,0.015,0.4,28.5491,False,fuzzy_logic_dynamic_snr,28.514,0.998
84,v4,v3,40.0,10.44,40.0,1.0,0.0522,0.8,18.1088,True,fuzzy_logic_dynamic_snr,2.958,0.9637
84,v4,v2,40.0,11.66,100.0,1.0,0.0583,2.0,14.6005,True,fuzzy_logic_dynamic_snr,2.9409,0.9563
84,v4,v8,40.0,50.0,20.0,1.0,0.25,0.4,8.9995,False,fuzzy_logic_dynamic_snr,8.9712,0.9896
84,v4,v11,40.0,60.07,40.0,1.0,0.3004,0.8,5.9491,True,fuzzy_logic_dynamic_snr,2.759,0.9377
85,v1,v6,40.0,20.22,10.0,1.0,0.1011,0.2,16.698,False,fuzzy_logic_dynamic_snr,16.6624,0.9961
85,v1,v4,40.0,70.58,80.0,1.0,0.3529,1.6,2.7875,True,fuzzy_logic_dynamic_snr,2.5372,0.8801
85,v1,v7,40.0,90.2,70.0,1.0,0.451,1.4,1.492,True,fuzzy_logic_dynamic_snr,2.3996,0.8391
85,v1,v3,40.0,120.15,90.0,1.0,0.6007,1.8,-1.2756,True,fuzzy_logic_dynamic_snr,2.0113,0.7018
85,v1,v8,40.0,140.29,70.0,1.0,0.7014,1.4,-1.5771,True,fuzzy_logic_dynamic_snr,1.9852,0.6834
85,v2,v11,20.0,10.44,60.0,0.6,0.0522,1.2,-3.0602,True,fuzzy_logic_dynamic_snr,1.7818,0.5936
85,v2,v8,20.0,20.88,80.0,0.6,0.1044,1.6,-8.7498,True,fuzzy_logic_dynamic_snr,1.1029,0.2881
85,v2,v3,20.0,40.11,100.0,0.6,0.2006,2.0,-13.9836,True,fuzzy_logic_dynamic_snr,0.7433,0.1822
85,v2,v7,20.0,70.06,80.0,0.6,0.3503,1.6,-17.1619,True,fuzzy_logic_dynamic_snr,0.6065,0.1463
85,v2,v15,20.0,70.06,80.0,0.6,0.3503,1.6,-17.1619,True,fuzzy_logic_dynamic_snr,0.5977,0.1439
85,v3,v8,20.0,20.22,20.0,0.6,0.1011,0.4,-4.7108,True,fuzzy_logic_dynamic_snr,1.532,0.4713
85,v3,v7,20.0,30.0,20.0,0.6,0.15,0.4,-7.4509,True,fuzzy_logic_dynamic_snr,1.1987,0.3451
85,v3,v2,20.0,40.11,100.0,0.6,0.2006,2.0,-13.9836,True,fuzzy_logic_dynamic_snr,0.7302,0.1736
85,v3,v11,20.0,50.0,40.0,0.6,0.25,0.8,-12.7753,True,fuzzy_logic_dynamic_snr,0.7952,0.1879
85,v3,v4,20.0,50.09,10.0,0.6,0.2504,0.2,-9.6042,False,fuzzy_logic_dynamic_snr,-9.6164,0.6359
85,v4,v7,40.0,20.22,10.0,1.0,0.1011,0.2,16.698,False,fuzzy_logic_dynamic_snr,16.6703,0.9961
85,v4,v3,40.0,50.09,10.0,1.0,0.2504,0.2,10.3958,False,fuzzy_logic_dynamic_snr,10.3553,0.9951
85,v4,v8,40.0,70.0,10.0,1.0,0.35,0.2,8.0702,False,fuzzy_logic_dynamic_snr,8.0556,0.9951
85,v4,v1,40.0,70.58,80.0,1.0,0.3529,1.6,2.7875,True,fuzzy_logic_dynamic_snr,2.5319,0.8797
85,v4,v2,40.0,90.2,90.0,1.0,0.451,1.8,0.7167,True,fuzzy_logic_dynamic_snr,2.3055,0.8041
86,v1,v6,40.0,10.44,0.0,1.0,0.0522,0.0,23.7006,False,fuzzy_logic_dynamic_snr,23.6656,0.9971
86,v1,v4,40.0,13.45,40.0,1.0,0.0673,0.8,16.3468,True,fuzzy_logic_dynamic_snr,2.952,0.9578
86,v1,v7,40.0,20.88,60.0,1.0,0.1044,1.2,12.1233,True,fuzzy_logic_dynamic_snr,2.9226,0.9598
86,v1,v3,40.0,30.59,70.0,1.0,0.153,1.4,9.0051,True,fuzzy_logic_dynamic_snr,2.8649,0.9568
86,v1,v8,40.0,70.58,40.0,1.0,0.3529,0.8,4.8297,True,fuzzy_logic_dynamic_snr,2.6955,0.9205
86,v2,v15,20.0,10.44,90.0,0.6,0.0522,1.8,-4.2994,True,fuzzy_logic_dynamic_snr,1.6047,0.5229
86,v2,v12,20.0,11.66,90.0,0.6,0.0583,1.8,-5.0683,True,fuzzy_logic_dynamic_snr,1.4922,0.4605
86,v2,v11,20.0,50.09,90.0,0.6,0.2504,1.8,-15.196,True,fuzzy_logic_dynamic_snr,0.6533,0.1691
86,v2,v16,20.0,90.2,90.0,0.6,0.451,1.8,-19.2833,True,fuzzy_logic_dynamic_snr,0.5522,0.1303
86,v2,v8,20.0,100.18,50.0,0.6,0.5009,1.0,-18.2377,True,fuzzy_logic_dynamic_snr,0.569,0.1369
86,v3,v7,20.0,10.0,10.0,0.6,0.05,0.2,1.5918,False,fuzzy_logic_dynamic_snr,1.5602,0.975
86,v3,v1,20.0,30.59,70.0,0.6,0.153,1.4,-10.9949,True,fuzzy_logic_dynamic_snr,0.9112,0.2289
86,v3,v4,20.0,40.11,30.0,0.6,0.2006,0.6,-10.4689,True,fuzzy_logic_dynamic_snr,0.96,0.2324
86,v3,v6,20.0,40.11,70.0,0.6,0.2006,1.4,-12.8772,True,fuzzy_logic_dynamic_snr,0.781,0.168
86,v3,v8,20.0,40.11,30.0,0.6,0.2006,0.6,-10.4689,True,fuzzy_logic_dynamic_snr,0.9612,0.2463
86,v4,v6,40.0,6.0,40.0,1.0,0.03,0.8,21.9578,True,fuzzy_logic_dynamic_snr,2.9639,0.9572
86,v4,v1,40.0,13.45,40.0,1.0,0.0673,0.8,16.3468,True,fuzzy_logic_dynamic_snr,2.9492,0.9582
86,v4,v7,40.0,30.15,20.0,1.0,0.1507,0.4,12.5145,False,fuzzy_logic_dynamic_snr,12.4982,0.9932
86,v4,v3,40.0,40.11,30.0,1.0,0.2006,0.6,9.5311,False,fuzzy_logic_dynamic_snr,9.5012,0.9951
86,v4,v8,40.0,80.0,0.0,1.0,0.4,0.0,9.5506,False,fuzzy_logic_dynamic_snr,9.5305,0.9932
87,v1,v6,40.0,10.44,20.0,1.0,0.0522,0.4,19.8836,False,fuzzy_logic_dynamic_snr,19.8479,0.998
87,v1,v8,40.0,31.32,40.0,1.0,0.1566,0.8,10.4749,True,fuzzy_logic_dynamic_snr,2.8993,0.9543
87,v1,v3,40.0,40.45,70.0,1.0,0.2022,1.4,7.065,True,fuzzy_logic_dynamic_snr,2.8078,0.951
87,v1,v7,40.0,40.45,70.0,1.0,0.2022,1.4,7.065,True,fuzzy_logic_dynamic_snr,2.8072,0.9416
87,v1,v11,40.0,40.45,80.0,1.0,0.2022,1.6,6.6558,True,fuzzy_logic_dynamic_snr,2.7936,0.9459
87,v2,v16,20.0,6.0,90.0,0.6,0.03,1.8,-0.4504,True,fuzzy_logic_dynamic_snr,2.1561,0.7236
87,v2,v15,20.0,100.04,90.0,0.6,0.5002,1.8,-20.0031,True,fuzzy_logic_dynamic_snr,0.5391,0.1373
87,v2,v19,20.0,100.04,100.0,0.6,0.5002,2.0,-20.3343,True,fuzzy_logic_dynamic_snr,0.5353,0.127
87,v2,v12,20.0,100.18,70.0,0.6,0.5009,1.4,-19.2372,True,fuzzy_logic_dynamic_snr,0.5561,0.132
87,v2,v11,20.0,140.03,100.0,0.6,0.7002,2.0,-22.6708,True,fuzzy_logic_dynamic_snr,0.4847,0.1195
87,v3,v7,20.0,0.0,0.0,0.6,0.0,0.0,36.0,False,fuzzy_logic_dynamic_snr,35.9739,0.999
87,v3,v4,20.0,10.44,10.0,0.6,0.0522,0.2,1.2923,False,fuzzy_logic_dynamic_snr,1.2611,0.9779
87,v3,v6,20.0,30.15,50.0,0.6,0.1507,1.0,-9.8937,True,fuzzy_logic_dynamic_snr,0.981,0.2484
87,v3,v1,20.0,40.45,70.0,0.6,0.2022,1.4,-12.935,True,fuzzy_logic_dynamic_snr,0.7736,0.1877
87,v3,v8,20.0,70.06,30.0,0.6,0.3503,0.6,-14.3444,True,fuzzy_logic_dynamic_snr,0.6933,0.1707
87,v4,v3,40.0,10.44,10.0,1.0,0.0522,0.2,21.2923,False,fuzzy_logic_dynamic_snr,21.2676,0.9971
87,v4,v7,40.0,10.44,10.0,1.0,0.0522,0.2,21.2923,False,fuzzy_logic_dynamic_snr,21.2588,0.998
87,v4,v6,40.0,40.45,60.0,1.0,0.2022,1.2,7.5289,True,fuzzy_logic_dynamic_snr,2.8269,0.9494
87,v4,v1,40.0,50.8,80.0,1.0,0.254,1.6,5.0718,True,fuzzy_logic_dynamic_snr,2.7111,0.9244
87,v4,v8,40.0,80.0,40.0,1.0,0.4,0.8,3.9588,True,fuzzy_logic_dynamic_snr,2.6276,0.8996
88,v1,v15,40.0,11.66,60.0,1.0,0.0583,1.2,16.1709,True,fuzzy_logic_dynamic_snr,2.9493,0.9576
88,v1,v8,40.0,13.45,40.0,1.0,0.0673,0.8,16.3468,True,fuzzy_logic_dynamic_snr,2.9497,0.9578
88,v1,v6,40.0,30.15,0.0,1.0,0.1507,0.0,16.3315,False,fuzzy_logic_dynamic_snr,16.2959,0.9951
88,v1,v12,40.0,31.32,40.0,1.0,0.1566,0.8,10.4749,True,fuzzy_logic_dynamic_snr,2.8957,0.9607
88,v1,v11,40.0,40.45,60.0,1.0,0.2022,1.2,7.5289,True,fuzzy_logic_dynamic_snr,2.8253,0.9412
88,v2,v19,20.0,3.0,60.0,0.6,0.015,1.2,5.6053,True,fuzzy_logic_dynamic_snr,2.7401,0.9285
88,v2,v16,20.0,90.2,60.0,0.6,0.451,1.2,-18.0441,True,fuzzy_logic_dynamic_snr,0.5695,0.1418
88,v2,v12,20.0,170.11,40.0,0.6,0.8505,0.8,-21.2833,True,fuzzy_logic_dynamic_snr,0.4992,0.1311
88,v2,v15,20.0,190.02,60.0,0.6,0.9501,1.2,-23.2217,True,fuzzy_logic_dynamic_snr,0.4809,0.125
88,v3,v7,20.0,0.0,20.0,0.6,0.0,0.4,32.183,True,fuzzy_logic_dynamic_snr,2.9685,0.9582
88,v3,v4,20.0,20.22,10.0,0.6,0.1011,0.2,-3.302,False,fuzzy_logic_dynamic_snr,-3.3344,0.9197
88,v3,v11,20.0,70.0,0.0,0.6,0.35,0.0,-9.5216,True,fuzzy_logic_dynamic_snr,1.0076,0.2613
88,v3,v6,20.0,80.06,60.0,0.6,0.4003,1.2,-17.2151,True,fuzzy_logic_dynamic_snr,0.5926,0.1342
88,v3,v5,20.0,80.22,70.0,0.6,0.4011,1.4,-17.6936,True,fuzzy_logic_dynamic_snr,0.605,0.1527
88,v4,v3,40.0,20.22,10.0,1.0,0.1011,0.2,16.698,False,fuzzy_logic_dynamic_snr,16.6687,0.9971
88,v4,v7,40.0,20.22,10.0,1.0,0.1011,0.2,16.698,False,fuzzy_logic_dynamic_snr,16.6823,0.9951
88,v4,v5,40.0,60.67,80.0,1.0,0.3034,1.6,3.8383,True,fuzzy_logic_dynamic_snr,2.6225,0.9111
88,v4,v13,40.0,80.5,90.0,1.0,0.4025,1.8,1.5069,True,fuzzy_logic_dynamic_snr,2.3957,0.8455
88,v4,v11,40.0,90.05,10.0,1.0,0.4502,0.2,6.32,False,fuzzy_logic_dynamic_snr,6.2853,0.9877
89,v1,v12,40.0,13.45,80.0,1.0,0.0673,1.6,14.3046,True,fuzzy_logic_dynamic_snr,2.9405,0.9611
89,v1,v6,40.0,30.15,30.0,1.0,0.1507,0.6,11.515,False,fuzzy_logic_dynamic_snr,11.4835,0.9941
89,v1,v15,40.0,50.36,60.0,1.0,0.2518,1.2,6.006,True,fuzzy_logic_dynamic_snr,2.7581,0.9389
89,v1,v8,40.0,50.8,60.0,1.0,0.254,1.2,5.9449,True,fuzzy_logic_dynamic_snr,2.7575,0.9402
89,v1,v16,40.0,50.8,90.0,1.0,0.254,1.8,4.7057,True,fuzzy_logic_dynamic_snr,2.6927,0.9158
89,v2,v19,20.0,60.07,30.0,0.6,0.3004,0.6,-13.2756,True,fuzzy_logic_dynamic_snr,0.7691,0.1861
89,v2,v16,20.0,150.12,60.0,0.6,0.7506,1.2,-21.5838,True,fuzzy_logic_dynamic_snr,0.512,0.1293
89,v3,v5,20.0,11.66,70.0,0.6,0.0583,1.4,-4.293,True,fuzzy_logic_dynamic_snr,1.6,0.4955
89,v3,v7,20.0,20.0,20.0,0.6,0.1,0.4,-4.6334,True,fuzzy_logic_dynamic_snr,1.5482,0.4936
89,v3,v13,20.0,20.88,50.0,0.6,0.1044,1.0,-7.3411,True,fuzzy_logic_dynamic_snr,1.2435,0.3455
89,v3,v4,20.0,30.15,0.0,0.6,0.1507,0.0,-3.6685,False,fuzzy_logic_dynamic_snr,-3.6932,0.9109
89,v3,v11,20.0,70.0,10.0,0.6,0.35,0.2,-11.9298,True,fuzzy_logic_dynamic_snr,0.8472,0.2191
89,v4,v7,40.0,10.44,20.0,1.0,0.0522,0.4,19.8836,False,fuzzy_logic_dynamic_snr,19.8546,0.9951
89,v4,v13,40.0,13.45,50.0,1.0,0.0673,1.0,15.7134,True,fuzzy_logic_dynamic_snr,2.9464,0.9598
89,v4,v5,40.0,21.93,70.0,1.0,0.1097,1.4,11.3181,True,fuzzy_logic_dynamic_snr,2.9124,0.9559
89,v4,v3,40.0,30.15,0.0,1.0,0.1507,0.0,16.3315,False,fuzzy_logic_dynamic_snr,16.3083,0.9961
89,v4,v14,40.0,50.36,80.0,1.0,0.2518,1.6,5.1329,True,fuzzy_logic_dynamic_snr,2.7125,0.9408
90,v1,v16,40.0,41.0,40.0,1.0,0.205,0.8,8.6037,True,fuzzy_logic_dynamic_snr,2.8563,0.95
90,v1,v6,40.0,60.07,10.0,1.0,0.3004,0.2,9.1327,False,fuzzy_logic_dynamic_snr,9.1146,0.9922
90,v1,v19,40.0,80.22,50.0,1.0,0.4011,1.0,3.3059,True,fuzzy_logic_dynamic_snr,2.5795,0.8891
90,v1,v12,40.0,90.45,40.0,1.0,0.4522,0.8,3.1058,True,fuzzy_logic_dynamic_snr,2.5619,0.8848
90,v1,v15,40.0,110.16,80.0,1.0,0.5508,1.6,-0.3065,True,fuzzy_logic_dynamic_snr,2.1711,0.768
90,v2,v19,20.0,90.05,40.0,0.6,0.4502,0.8,-16.8635,True,fuzzy_logic_dynamic_snr,0.6269,0.1561
90,v2,v20,20.0,150.12,70.0,0.6,0.7506,1.4,-22.0477,True,fuzzy_logic_dynamic_snr,0.51,0.1199
90,v2,v1,20.0,170.03,10.0,0.6,0.8501,0.2,-18.0965,True,fuzzy_logic_dynamic_snr,0.5811,0.1328
90,v3,v14,20.0,3.0,70.0,0.6,0.015,1.4,5.1413,True,fuzzy_logic_dynamic_snr,2.7111,0.9402
90,v3,v4,20.0,30.15,10.0,0.6,0.1507,0.2,-6.0768,False,fuzzy_logic_dynamic_snr,-6.102,0.8316
90,v3,v13,20.0,30.59,70.0,0.6,0.153,1.4,-10.9949,True,fuzzy_logic_dynamic_snr,0.8942,0.2295
90,v3,v7,20.0,40.0,0.0,0.6,0.2,0.0,-5.633,False,fuzzy_logic_dynamic_snr,-5.6646,0.8385
90,v3,v11,20.0,60.0,10.0,0.6,0.3,0.2,-10.8587,True,fuzzy_logic_dynamic_snr,0.9046,0.2436
90,v4,v7,40.0,10.44,10.0,1.0,0.0522,0.2,21.2923,False,fuzzy_logic_dynamic_snr,21.2659,0.9971
90,v4,v3,40.0,30.15,10.0,1.0,0.1507,0.2,13.9232,False,fuzzy_logic_dynamic_snr,13.9079,0.9961
90,v4,v14,40.0,30.59,80.0,1.0,0.153,1.6,8.5959,True,fuzzy_logic_dynamic_snr,2.8591,0.9518
90,v4,v9,40.0,41.0,50.0,1.0,0.205,1.0,7.9702,True,fuzzy_logic_dynamic_snr,2.8409,0.9494
90,v4,v10,40.0,50.36,40.0,1.0,0.2518,0.8,7.175,True,fuzzy_logic_dynamic_snr,2.8125,0.9383
91,v1,v19,40.0,30.59,70.0,1.0,0.153,1.4,9.0051,True,fuzzy_logic_dynamic_snr,2.8702,0.9523
91,v1,v6,40.0,70.06,20.0,1.0,0.3503,0.4,6.6551,False,fuzzy_logic_dynamic_snr,6.6341,0.9854
91,v1,v16,40.0,80.5,60.0,1.0,0.4025,1.2,2.7461,True,fuzzy_logic_dynamic_snr,2.5278,0.8822
91,v1,v12,40.0,130.31,80.0,1.0,0.6516,1.6,-1.4736,True,fuzzy_logic_dynamic_snr,2.0012,0.6637
91,v1,v2,40.0,160.03,20.0,1.0,0.8001,0.4,0.9159,True,fuzzy_logic_dynamic_snr,2.322,0.8299
91,v2,v20,20.0,80.22,60.0,0.6,0.4011,1.2,-17.2297,True,fuzzy_logic_dynamic_snr,0.5899,0.1719
91,v2,v19,20.0,130.03,50.0,0.6,0.6502,1.0,-20.0502,True,fuzzy_logic_dynamic_snr,0.5383,0.1309
91,v2,v1,20.0,160.03,20.0,0.6,0.8001,0.4,-19.0841,True,fuzzy_logic_dynamic_snr,0.5571,0.142
91,v3,v9,20.0,30.59,60.0,0.6,0.153,1.2,-10.531,True,fuzzy_logic_dynamic_snr,0.9496,0.2361
91,v3,v7,20.0,40.0,20.0,0.6,0.2,0.4,-9.4499,True,fuzzy_logic_dynamic_snr,1.0397,0.2695
91,v3,v4,20.0,40.11,0.0,0.6,0.2006,0.0,-5.6524,False,fuzzy_logic_dynamic_snr,-5.681,0.8447
91,v3,v11,20.0,50.0,0.0,0.6,0.25,0.0,-7.1835,False,fuzzy_logic_dynamic_snr,-7.1997,0.775
91,v3,v10,20.0,50.09,50.0,0.6,0.2504,1.0,-13.4212,True,fuzzy_logic_dynamic_snr,0.7615,0.183
91,v4,v7,40.0,3.0,20.0,1.0,0.015,0.4,28.5491,False,fuzzy_logic_dynamic_snr,28.517,0.9971
91,v4,v10,40.0,11.66,50.0,1.0,0.0583,1.0,16.7065,True,fuzzy_logic_dynamic_snr,2.9525,0.9602
91,v4,v9,40.0,13.45,60.0,1.0,0.0673,1.2,15.1778,True,fuzzy_logic_dynamic_snr,2.9434,0.9553
91,v4,v3,40.0,40.11,0.0,1.0,0.2006,0.0,14.3476,False,fuzzy_logic_dynamic_snr,14.3272,0.9922
91,v4,v11,40.0,90.05,0.0,1.0,0.4502,0.0,8.7283,False,fuzzy_logic_dynamic_snr,8.7057,0.9922
92,v1,v19,40.0,40.45,70.0,1.0,0.2022,1.4,7.065,True,fuzzy_logic_dynamic_snr,2.8101,0.9494
92,v1,v6,40.0,90.05,10.0,1.0,0.4502,0.2,6.32,False,fuzzy_logic_dynamic_snr,6.2981,0.9912
92,v1,v2,40.0,140.03,10.0,1.0,0.7002,0.2,3.2521,False,fuzzy_logic_dynamic_snr,3.2234,0.9799
92,v1,v16,40.0,140.29,30.0,1.0,0.7014,0.6,0.8311,True,fuzzy_logic_dynamic_snr,2.3246,0.8113
92,v1,v20,40.0,160.25,30.0,1.0,0.8013,0.6,-0.0934,True,fuzzy_logic_dynamic_snr,2.1995,0.768
92,v2,v20,20.0,20.88,40.0,0.6,0.1044,0.8,-6.7077,True,fuzzy_logic_dynamic_snr,1.3085,0.3631
92,v2,v1,20.0,140.03,10.0,0.6,0.7002,0.2,-16.7479,True,fuzzy_logic_dynamic_snr,0.6248,0.1611
92,v2,v19,20.0,180.02,80.0,0.6,0.9001,1.6,-23.7193,True,fuzzy_logic_dynamic_snr,0.4709,0.1039
92,v3,v10,20.0,3.0,90.0,0.6,0.015,1.8,4.3661,True,fuzzy_logic_dynamic_snr,2.6628,0.9191
92,v3,v9,20.0,30.59,100.0,0.6,0.153,2.0,-12.1013,True,fuzzy_logic_dynamic_snr,0.8481,0.2209
92,v3,v4,20.0,40.11,10.0,0.6,0.2006,0.2,-8.0607,False,fuzzy_logic_dynamic_snr,-8.093,0.7025
92,v3,v11,20.0,50.0,30.0,0.6,0.25,0.6,-12.0,True,fuzzy_logic_dynamic_snr,0.8431,0.2137
92,v3,v7,20.0,60.0,10.0,0.6,0.3,0.2,-10.8587,True,fuzzy_logic_dynamic_snr,0.9308,0.2328
92,v4,v7,40.0,20.22,0.0,1.0,0.1011,0.0,19.1062,False,fuzzy_logic_dynamic_snr,19.0854,0.998
92,v4,v3,40.0,40.11,10.0,1.0,0.2006,0.2,11.9393,False,fuzzy_logic_dynamic_snr,11.9118,0.9941
92,v4,v10,40.0,40.45,80.0,1.0,0.2022,1.6,6.6558,True,fuzzy_logic_dynamic_snr,2.7938,0.9455
92,v4,v9,40.0,70.58,90.0,1.0,0.3529,1.8,2.4215,True,fuzzy_logic_dynamic_snr,2.4891,0.8672
92,v4,v11,40.0,90.05,20.0,1.0,0.4502,0.4,4.9113,False,fuzzy_logic_dynamic_snr,4.883,0.9812
93,v1,v6,40.0,80.06,20.0,1.0,0.4003,0.4,5.7287,False,fuzzy_logic_dynamic_snr,5.6891,0.9883
93,v1,v19,40.0,110.16,100.0,1.0,0.5508,2.0,-1.0037,True,fuzzy_logic_dynamic_snr,2.0698,0.7012
93,v1,v20,40.0,130.31,80.0,1.0,0.6516,1.6,-1.4736,True,fuzzy_logic_dynamic_snr,2.0076,0.6971
93,v1,v5,40.0,150.0,30.0,1.0,0.75,0.6,0.3661,True,fuzzy_logic_dynamic_snr,2.256,0.8043
93,v1,v2,40.0,150.03,40.0,1.0,0.7501,0.8,-0.4106,True,fuzzy_logic_dynamic_snr,2.1725,0.7682
93,v2,v20,20.0,20.88,40.0,0.6,0.1044,0.8,-6.7077,True,fuzzy_logic_dynamic_snr,1.2939,0.3453
93,v2,v1,20.0,150.03,40.0,0.6,0.7501,0.8,-20.4106,True,fuzzy_logic_dynamic_snr,0.5289,0.1369
93,v3,v4,20.0,30.15,20.0,0.6,0.1507,0.4,-7.4855,True,fuzzy_logic_dynamic_snr,1.2074,0.3295
93,v3,v7,20.0,50.0,10.0,0.6,0.25,0.2,-9.5918,False,fuzzy_logic_dynamic_snr,-9.6185,0.6621
93,v3,v17,20.0,60.3,40.0,0.6,0.3015,0.8,-14.0768,True,fuzzy_logic_dynamic_snr,0.7214,0.1752
93,v3,v11,20.0,80.0,20.0,0.6,0.4,0.4,-14.2664,True,fuzzy_logic_dynamic_snr,0.7209,0.1701
93,v3,v10,20.0,90.05,70.0,0.6,0.4502,1.4,-18.4965,True,fuzzy_logic_dynamic_snr,0.5668,0.1299
93,v4,v7,40.0,20.22,30.0,1.0,0.1011,0.6,14.2897,False,fuzzy_logic_dynamic_snr,14.2637,0.9951
93,v4,v3,40.0,30.15,20.0,1.0,0.1507,0.4,12.5145,False,fuzzy_logic_dynamic_snr,12.4879,0.9961
93,v4,v17,40.0,31.32,20.0,1.0,0.1566,0.4,12.2497,False,fuzzy_logic_dynamic_snr,12.2251,0.9951
93,v4,v18,40.0,90.2,50.0,1.0,0.451,1.0,2.4915,True,fuzzy_logic_dynamic_snr,2.4998,0.873
93,v4,v11,40.0,110.04,0.0,1.0,0.5502,0.0,7.3351,False,fuzzy_logic_dynamic_snr,7.3088,0.9932
94,v1,v20,40.0,50.8,30.0,1.0,0.254,0.6,7.8892,False,fuzzy_logic_dynamic_snr,7.8663,0.9883
94,v1,v6,40.0,100.04,10.0,1.0,0.5002,0.2,5.5886,False,fuzzy_logic_dynamic_snr,5.5711,0.9838
94,v1,v2,40.0,110.04,20.0,1.0,0.5502,0.4,3.5182,False,fuzzy_logic_dynamic_snr,3.4886,0.9834
94,v1,v13,40.0,170.0,10.0,1.0,0.85,0.2,1.9046,True,fuzzy_logic_dynamic_snr,2.433,0.8467
94,v1,v5,40.0,180.0,0.0,1.0,0.9,0.0,3.9156,True,fuzzy_logic_dynamic_snr,2.6339,0.9121
94,v2,v20,20.0,60.3,50.0,0.6,0.3015,1.0,-14.7102,True,fuzzy_logic_dynamic_snr,0.7055,0.1832
94,v2,v1,20.0,110.04,20.0,0.6,0.5502,0.4,-16.4818,True,fuzzy_logic_dynamic_snr,0.6244,0.1279
94,v3,v4,20.0,10.44,20.0,0.6,0.0522,0.4,-0.1164,True,fuzzy_logic_dynamic_snr,2.1999,0.7588
94,v3,v17,20.0,20.88,50.0,0.6,0.1044,1.0,-7.3411,True,fuzzy_logic_dynamic_snr,1.2508,0.3381
94,v3,v18,20.0,50.09,60.0,0.6,0.2504,1.2,-13.9568,True,fuzzy_logic_dynamic_snr,0.7542,0.1662
94,v3,v7,20.0,60.0,20.0,0.6,0.3,0.4,-12.2674,True,fuzzy_logic_dynamic_snr,0.8462,0.2064
94,v3,v11,20.0,100.0,10.0,0.6,0.5,0.2,-14.4082,True,fuzzy_logic_dynamic_snr,0.6821,0.1795
94,v4,v3,40.0,10.44,20.0,1.0,0.0522,0.4,19.8836,False,fuzzy_logic_dynamic_snr,19.8512,0.9961
94,v4,v17,40.0,13.45,70.0,1.0,0.0673,1.4,14.7139,True,fuzzy_logic_dynamic_snr,2.943,0.9568
94,v4,v18,40.0,40.45,80.0,1.0,0.2022,1.6,6.6558,True,fuzzy_logic_dynamic_snr,2.7883,0.9426
94,v4,v7,40.0,50.09,0.0,1.0,0.2504,0.0,12.804,False,fuzzy_logic_dynamic_snr,12.7855,0.9961
94,v4,v11,40.0,110.04,10.0,1.0,0.5502,0.2,4.9269,False,fuzzy_logic_dynamic_snr,4.8983,0.9932
95,v1,v20,40.0,21.93,20.0,1.0,0.1097,0.4,14.7259,False,fuzzy_logic_dynamic_snr,14.6917,0.9971
95,v1,v6,40.0,110.04,40.0,1.0,0.5502,0.8,1.7434,True,fuzzy_logic_dynamic_snr,2.4241,0.8561
95,v1,v2,40.0,130.03,20.0,1.0,0.6502,0.4,2.3581,True,fuzzy_logic_dynamic_snr,2.4869,0.8605
95,v1,v13,40.0,160.0,0.0,1.0,0.8,0.0,4.7341,True,fuzzy_logic_dynamic_snr,2.6927,0.9211
95,v1,v5,40.0,180.0,40.0,1.0,0.9,0.8,-1.6761,True,fuzzy_logic_dynamic_snr,1.9701,0.6672
95,v2,v20,20.0,110.16,40.0,0.6,0.5508,0.8,-18.2644,True,fuzzy_logic_dynamic_snr,0.5591,0.1254
95,v2,v1,20.0,130.03,20.0,0.6,0.6502,0.4,-17.6419,True,fuzzy_logic_dynamic_snr,0.5989,0.1422
95,v3,v18,20.0,10.44,60.0,0.6,0.0522,1.2,-3.0602,True,fuzzy_logic_dynamic_snr,1.7685,0.5895
95,v3,v4,20.0,30.15,0.0,0.6,0.1507,0.0,-3.6685,False,fuzzy_logic_dynamic_snr,-3.7053,0.9109
95,v3,v17,20.0,30.59,70.0,0.6,0.153,1.4,-10.9949,True,fuzzy_logic_dynamic_snr,0.9038,0.2273
95,v3,v7,20.0,80.0,30.0,0.6,0.4,0.6,-15.2659,True,fuzzy_logic_dynamic_snr,0.6769,0.1584
95,v3,v11,20.0,90.0,0.0,0.6,0.45,0.0,-11.2679,True,fuzzy_logic_dynamic_snr,0.8871,0.2258
95,v4,v3,40.0,30.15,0.0,1.0,0.1507,0.0,16.3315,False,fuzzy_logic_dynamic_snr,16.3047,0.9971
95,v4,v18,40.0,40.45,60.0,1.0,0.2022,1.2,7.5289,True,fuzzy_logic_dynamic_snr,2.8277,0.9484
95,v4,v7,40.0,50.09,30.0,1.0,0.2504,0.6,7.9875,False,fuzzy_logic_dynamic_snr,7.9612,0.9891
95,v4,v17,40.0,60.67,70.0,1.0,0.3034,1.4,4.2476,True,fuzzy_logic_dynamic_snr,2.651,0.9088
95,v4,v11,40.0,120.04,0.0,1.0,0.6002,0.0,6.7309,False,fuzzy_logic_dynamic_snr,6.7254,0.9912
96,v1,v20,40.0,9.0,70.0,1.0,0.045,1.4,17.5074,True,fuzzy_logic_dynamic_snr,2.9522,0.9646
96,v1,v6,40.0,70.06,10.0,1.0,0.3503,0.2,8.0638,False,fuzzy_logic_dynamic_snr,8.0361,0.9902
96,v1,v5,40.0,140.0,10.0,1.0,0.7,0.2,3.2537,False,fuzzy_logic_dynamic_snr,3.2365,0.9793
96,v1,v2,40.0,150.03,10.0,1.0,0.7501,0.2,2.7729,False,fuzzy_logic_dynamic_snr,2.7485,0.9828
96,v1,v13,40.0,160.0,10.0,1.0,0.8,0.2,2.3258,True,fuzzy_logic_dynamic_snr,2.4914,0.8592
96,v2,v1,20.0,150.03,10.0,0.6,0.7501,0.2,-17.2271,True,fuzzy_logic_dynamic_snr,0.6055,0.1662
96,v2,v20,20.0,150.12,80.0,0.6,0.7506,1.6,-22.457,True,fuzzy_logic_dynamic_snr,0.4975,0.1277
96,v3,v4,20.0,30.15,40.0,0.6,0.1507,0.8,-9.2603,True,fuzzy_logic_dynamic_snr,1.0676,0.2807
96,v3,v18,20.0,70.06,60.0,0.6,0.3503,1.2,-16.2887,True,fuzzy_logic_dynamic_snr,0.6434,0.1508
96,v3,v11,20.0,90.0,40.0,0.6,0.45,0.8,-16.8596,True,fuzzy_logic_dynamic_snr,0.6175,0.1479
96,v3,v17,20.0,100.18,70.0,0.6,0.5009,1.4,-19.2372,True,fuzzy_logic_dynamic_snr,0.572,0.1266
96,v3,v7,20.0,110.0,30.0,0.6,0.55,0.6,-17.4788,True,fuzzy_logic_dynamic_snr,0.5898,0.1529
96,v4,v3,40.0,30.15,40.0,1.0,0.1507,0.8,10.7397,True,fuzzy_logic_dynamic_snr,2.9007,0.9611
96,v4,v7,40.0,80.06,10.0,1.0,0.4003,0.2,7.1374,False,fuzzy_logic_dynamic_snr,7.1091,0.9902
96,v4,v18,40.0,100.18,20.0,1.0,0.5009,0.4,4.1705,False,fuzzy_logic_dynamic_snr,4.1434,0.9822
96,v4,v11,40.0,120.04,0.0,1.0,0.6002,0.0,6.7309,False,fuzzy_logic_dynamic_snr,6.701,0.9941
96,v4,v17,40.0,130.31,30.0,1.0,0.6516,0.6,1.3438,True,fuzzy_logic_dynamic_snr,2.384,0.8451
97,v1,v6,40.0,60.07,40.0,1.0,0.3004,0.8,5.9491,True,fuzzy_logic_dynamic_snr,2.7597,0.9375
97,v1,v20,40.0,70.58,60.0,1.0,0.3529,1.2,3.6607,True,fuzzy_logic_dynamic_snr,2.6122,0.8979
97,v1,v5,40.0,130.0,40.0,1.0,0.65,0.8,0.5851,True,fuzzy_logic_dynamic_snr,2.2782,0.79
97,v1,v2,40.0,160.03,40.0,1.0,0.8001,0.8,-0.8589,True,fuzzy_logic_dynamic_snr,2.1009,0.7377
97,v1,v13,40.0,170.0,20.0,1.0,0.85,0.4,0.4958,True,fuzzy_logic_dynamic_snr,2.2757,0.8016
97,v2,v1,20.0,160.03,40.0,0.6,0.8001,0.8,-20.8589,True,fuzzy_logic_dynamic_snr,0.5111,0.1092
97,v3,v4,20.0,10.44,0.0,0.6,0.0522,0.0,3.7006,False,fuzzy_logic_dynamic_snr,3.6663,0.9893
97,v3,v7,20.0,80.0,40.0,0.6,0.4,0.8,-16.0412,True,fuzzy_logic_dynamic_snr,0.6386,0.1553
97,v3,v15,20.0,120.0,20.0,0.6,0.6,0.4,-17.0839,True,fuzzy_logic_dynamic_snr,0.6168,0.1457
97,v3,v11,20.0,130.0,10.0,0.6,0.65,0.2,-16.2313,True,fuzzy_logic_dynamic_snr,0.6482,0.1412
97,v3,v18,20.0,130.03,70.0,0.6,0.6502,1.4,-21.0497,True,fuzzy_logic_dynamic_snr,0.5256,0.125
97,v4,v3,40.0,10.44,0.0,1.0,0.0522,0.0,23.7006,False,fuzzy_logic_dynamic_snr,23.6781,0.9971
97,v4,v7,40.0,90.05,40.0,1.0,0.4502,0.8,3.1365,True,fuzzy_logic_dynamic_snr,2.5724,0.9055
97,v4,v15,40.0,110.04,20.0,1.0,0.5502,0.4,3.5182,False,fuzzy_logic_dynamic_snr,3.484,0.9838
97,v4,v11,40.0,120.04,10.0,1.0,0.6002,0.2,4.3227,False,fuzzy_logic_dynamic_snr,4.2882,0.9902
97,v4,v18,40.0,120.15,70.0,1.0,0.6007,1.4,-0.5003,True,fuzzy_logic_dynamic_snr,2.1458,0.7549
98,v1,v6,40.0,20.22,0.0,1.0,0.1011,0.0,19.1062,False,fuzzy_logic_dynamic_snr,19.0862,0.998
98,v1,v5,40.0,90.0,20.0,1.0,0.45,0.4,4.9151,False,fuzzy_logic_dynamic_snr,4.8884,0.9896
98,v1,v20,40.0,130.31,60.0,1.0,0.6516,1.2,-0.6005,True,fuzzy_logic_dynamic_snr,2.124,0.7492
98,v1,v13,40.0,150.0,10.0,1.0,0.75,0.2,2.7743,False,fuzzy_logic_dynamic_snr,2.7479,0.9824
98,v3,v4,20.0,10.44,20.0,0.6,0.0522,0.4,-0.1164,True,fuzzy_logic_dynamic_snr,2.1806,0.7662
98,v3,v7,20.0,40.0,10.0,0.6,0.2,0.2,-8.0412,False,fuzzy_logic_dynamic_snr,-8.0487,0.742
98,v3,v11,20.0,140.0,10.0,0.6,0.7,0.2,-16.7463,True,fuzzy_logic_dynamic_snr,0.6424,0.1443
98,v3,v15,20.0,140.0,20.0,0.6,0.7,0.4,-18.155,True,fuzzy_logic_dynamic_snr,0.5783,0.1271
98,v3,v8,20.0,150.03,30.0,0.6,0.7501,0.6,-19.6353,True,fuzzy_logic_dynamic_snr,0.5238,0.1246
98,v4,v3,40.0,10.44,20.0,1.0,0.0522,0.4,19.8836,False,fuzzy_logic_dynamic_snr,19.8671,0.998
98,v4,v7,40.0,50.09,10.0,1.0,0.2504,0.2,10.3958,False,fuzzy_logic_dynamic_snr,10.3704,0.9936
98,v4,v11,40.0,130.03,10.0,1.0,0.6502,0.2,3.7668,False,fuzzy_logic_dynamic_snr,3.7465,0.9873
98,v4,v15,40.0,130.03,0.0,1.0,0.6502,0.0,6.1751,False,fuzzy_logic_dynamic_snr,6.1579,0.9893
98,v4,v8,40.0,140.0,10.0,1.0,0.7,0.2,3.2537,False,fuzzy_logic_dynamic_snr,3.218,0.9854
99,v1,v6,40.0,20.22,0.0,1.0,0.1011,0.0,19.1062,False,fuzzy_logic_dynamic_snr,19.0726,0.9961
99,v1,v5,40.0,70.0,10.0,1.0,0.35,0.2,8.0702,False,fuzzy_logic_dynamic_snr,8.041,0.9932
99,v1,v13,40.0,140.0,0.0,1.0,0.7,0.0,5.662,False,fuzzy_logic_dynamic_snr,5.643,0.9873
99,v1,v2,40.0,190.02,20.0,1.0,0.9501,0.4,-0.2779,True,fuzzy_logic_dynamic_snr,2.1613,0.7439
99,v1,v20,40.0,190.21,60.0,1.0,0.9511,1.2,-3.2286,True,fuzzy_logic_dynamic_snr,1.7737,0.5604
99,v2,v1,20.0,190.02,20.0,0.6,0.9501,0.4,-20.2779,True,fuzzy_logic_dynamic_snr,0.5269,0.132
99,v3,v4,20.0,10.44,10.0,0.6,0.0522,0.2,1.2923,False,fuzzy_logic_dynamic_snr,1.2719,0.9764
99,v3,v7,20.0,50.0,30.0,0.6,0.25,0.6,-12.0,True,fuzzy_logic_dynamic_snr,0.8602,0.2143
99,v3,v15,20.0,120.0,10.0,0.6,0.6,0.2,-15.6751,True,fuzzy_logic_dynamic_snr,0.6624,0.1553
99,v3,v8,20.0,120.04,20.0,0.6,0.6002,0.4,-17.086,True,fuzzy_logic_dynamic_snr,0.6133,0.1533
99,v3,v11,20.0,130.0,30.0,0.6,0.65,0.6,-18.6396,True,fuzzy_logic_dynamic_snr,0.5636,0.1318
99,v4,v3,40.0,10.44,10.0,1.0,0.0522,0.2,21.2923,False,fuzzy_logic_dynamic_snr,21.2709,0.998
99,v4,v7,40.0,40.11,40.0,1.0,0.2006,0.8,8.7558,True,fuzzy_logic_dynamic_snr,2.8619,0.9568
99,v4,v8,40.0,130.0,30.0,1.0,0.65,0.6,1.3604,True,fuzzy_logic_dynamic_snr,2.3746,0.835
99,v4,v15,40.0,130.03,20.0,1.0,0.6502,0.4,2.3581,True,fuzzy_logic_dynamic_snr,2.4895,0.8656
99,v4,v11,40.0,140.03,40.0,1.0,0.7002,0.8,0.0686,True,fuzzy_logic_dynamic_snr,2.2249,0.7805
100,v1,v6,40.0,20.22,10.0,1.0,0.1011,0.2,16.698,False,fuzzy_logic_dynamic_snr,16.6791,0.999
100,v1,v5,40.0,60.0,30.0,1.0,0.3,0.6,6.7331,False,fuzzy_logic_dynamic_snr,6.697,0.9854
100,v1,v13,40.0,140.0,30.0,1.0,0.7,0.6,0.8455,True,fuzzy_logic_dynamic_snr,2.3154,0.8
100,v3,v7,20.0,20.0,30.0,0.6,0.1,0.6,-5.633,True,fuzzy_logic_dynamic_snr,1.4057,0.4221
100,v3,v4,20.0,20.22,10.0,0.6,0.1011,0.2,-3.302,False,fuzzy_logic_dynamic_snr,-3.3246,0.9223
100,v3,v15,20.0,130.0,10.0,0.6,0.65,0.2,-16.2313,True,fuzzy_logic_dynamic_snr,0.6504,0.1459
100,v3,v8,20.0,140.03,0.0,0.6,0.7002,0.0,-14.3396,True,fuzzy_logic_dynamic_snr,0.7135,0.1883
100,v3,v11,20.0,160.0,10.0,0.6,0.8,0.2,-17.6742,True,fuzzy_logic_dynamic_snr,0.5931,0.1453
100,v4,v7,40.0,3.0,20.0,1.0,0.015,0.4,28.5491,False,fuzzy_logic_dynamic_snr,28.5187,0.9971
100,v4,v3,40.0,20.22,10.0,1.0,0.1011,0.2,16.698,False,fuzzy_logic_dynamic_snr,16.6793,0.9961
100,v4,v15,40.0,150.03,0.0,1.0,0.7501,0.0,5.1812,False,fuzzy_logic_dynamic_snr,5.1444,0.9857
100,v4,v8,40.0,160.0,10.0,1.0,0.8,0.2,2.3258,True,fuzzy_logic_dynamic_snr,2.4859,0.8637
100,v4,v11,40.0,180.02,20.0,1.0,0.9001,0.4,0.0977,True,fuzzy_logic_dynamic_snr,2.2282,0.7836
101,v1,v6,40.0,10.44,10.0,1.0,0.0522,0.2,21.2923,False,fuzzy_logic_dynamic_snr,21.2631,0.999
101,v1,v5,40.0,30.0,0.0,1.0,0.15,0.0,16.3661,False,fuzzy_logic_dynamic_snr,16.3451,0.9971
101,v1,v13,40.0,110.0,30.0,1.0,0.55,0.6,2.5212,True,fuzzy_logic_dynamic_snr,2.5061,0.8785
101,v3,v7,20.0,10.0,0.0,0.6,0.05,0.0,4.0,False,fuzzy_logic_dynamic_snr,3.9748,0.9824
101,v3,v4,20.0,10.44,20.0,0.6,0.0522,0.4,-0.1164,True,fuzzy_logic_dynamic_snr,2.2091,0.7568
101,v3,v15,20.0,140.0,0.0,0.6,0.7,0.0,-14.338,True,fuzzy_logic_dynamic_snr,0.7275,0.1719
101,v3,v8,20.0,140.03,30.0,0.6,0.7002,0.6,-19.1561,True,fuzzy_logic_dynamic_snr,0.5554,0.1416
101,v3,v11,20.0,150.0,0.0,0.6,0.75,0.0,-14.8175,True,fuzzy_logic_dynamic_snr,0.7093,0.1729
101,v4,v3,40.0,10.44,20.0,1.0,0.0522,0.4,19.8836,False,fuzzy_logic_dynamic_snr,19.8575,0.998
101,v4,v7,40.0,20.22,20.0,1.0,0.1011,0.4,15.2892,False,fuzzy_logic_dynamic_snr,15.2572,0.998
101,v4,v8,40.0,150.0,10.0,1.0,0.75,0.2,2.7743,False,fuzzy_logic_dynamic_snr,2.75,0.9854
101,v4,v15,40.0,150.03,20.0,1.0,0.7501,0.4,1.3642,True,fuzzy_logic_dynamic_snr,2.3672,0.8285
101,v4,v11,40.0,160.03,20.0,1.0,0.8001,0.4,0.9159,True,fuzzy_logic_dynamic_snr,2.336,0.8178
102,v1,v6,40.0,20.22,30.0,1.0,0.1011,0.6,14.2897,False,fuzzy_logic_dynamic_snr,14.2573,0.9961
102,v1,v5,40.0,30.0,40.0,1.0,0.15,0.8,10.7743,True,fuzzy_logic_dynamic_snr,2.9042,0.9543
102,v1,v13,40.0,140.0,30.0,1.0,0.7,0.6,0.8455,True,fuzzy_logic_dynamic_snr,2.3164,0.8033
102,v3,v7,20.0,10.0,20.0,0.6,0.05,0.4,0.183,True,fuzzy_logic_dynamic_snr,2.2391,0.7779
102,v3,v4,20.0,10.44,10.0,0.6,0.0522,0.2,1.2923,False,fuzzy_logic_dynamic_snr,1.2648,0.9766
102,v3,v15,20.0,140.0,20.0,0.6,0.7,0.4,-18.155,True,fuzzy_logic_dynamic_snr,0.5914,0.1402
102,v3,v11,20.0,150.0,0.0,0.6,0.75,0.0,-14.8175,True,fuzzy_logic_dynamic_snr,0.6886,0.1785
102,v3,v8,20.0,170.03,20.0,0.6,0.8501,0.4,-19.5052,True,fuzzy_logic_dynamic_snr,0.552,0.1283
102,v4,v7,40.0,3.0,10.0,1.0,0.015,0.2,29.9578,False,fuzzy_logic_dynamic_snr,29.9281,0.998
102,v4,v3,40.0,10.44,10.0,1.0,0.0522,0.2,21.2923,False,fuzzy_logic_dynamic_snr,21.2716,0.9951
102,v4,v15,40.0,130.03,10.0,1.0,0.6502,0.2,3.7668,False,fuzzy_logic_dynamic_snr,3.7343,0.9883
102,v4,v11,40.0,140.03,10.0,1.0,0.7002,0.2,3.2521,False,fuzzy_logic_dynamic_snr,3.226,0.9744
102,v4,v8,40.0,160.0,10.0,1.0,0.8,0.2,2.3258,True,fuzzy_logic_dynamic_snr,2.488,0.885
103,v1,v6,40.0,50.09,30.0,1.0,0.2504,0.6,7.9875,False,fuzzy_logic_dynamic_snr,7.9554,0.9961
103,v1,v5,40.0,70.0,20.0,1.0,0.35,0.4,6.6615,False,fuzzy_logic_dynamic_snr,6.6281,0.9863
103,v1,v13,40.0,170.0,0.0,1.0,0.85,0.0,4.3128,True,fuzzy_logic_dynamic_snr,2.6635,0.9244
103,v3,v4,20.0,3.0,10.0,0.6,0.015,0.2,9.9578,False,fuzzy_logic_dynamic_snr,9.9227,0.9893
103,v3,v7,20.0,10.0,30.0,0.6,0.05,0.6,-0.8165,True,fuzzy_logic_dynamic_snr,2.0847,0.7063
103,v3,v15,20.0,120.0,10.0,0.6,0.6,0.2,-15.6751,True,fuzzy_logic_dynamic_snr,0.6612,0.1723
103,v3,v11,20.0,150.0,10.0,0.6,0.75,0.2,-17.2257,True,fuzzy_logic_dynamic_snr,0.5978,0.1418
103,v3,v8,20.0,150.03,30.0,0.6,0.7501,0.6,-19.6353,True,fuzzy_logic_dynamic_snr,0.5508,0.1492
103,v4,v3,40.0,3.0,10.0,1.0,0.015,0.2,29.9578,False,fuzzy_logic_dynamic_snr,29.9362,0.998
103,v4,v7,40.0,10.44,20.0,1.0,0.0522,0.4,19.8836,False,fuzzy_logic_dynamic_snr,19.8555,0.998
103,v4,v15,40.0,120.04,0.0,1.0,0.6002,0.0,6.7309,False,fuzzy_logic_dynamic_snr,6.7052,0.9922
103,v4,v8,40.0,150.0,20.0,1.0,0.75,0.4,1.3656,True,fuzzy_logic_dynamic_snr,2.3868,0.8369
103,v4,v11,40.0,150.03,20.0,1.0,0.7501,0.4,1.3642,True,fuzzy_logic_dynamic_snr,2.3772,0.8363
104,v1,v6,40.0,80.06,0.0,1.0,0.4003,0.0,9.5457,False,fuzzy_logic_dynamic_snr,9.5204,0.9961
104,v1,v5,40.0,90.0,30.0,1.0,0.45,0.6,3.9156,False,fuzzy_logic_dynamic_snr,3.8909,0.9854
104,v1,v13,40.0,170.0,10.0,1.0,0.85,0.2,1.9046,True,fuzzy_logic_dynamic_snr,2.4395,0.8432
104,v3,v4,20.0,10.44,10.0,0.6,0.0522,0.2,1.2923,False,fuzzy_logic_dynamic_snr,1.2603,0.9721
104,v3,v7,20.0,20.0,10.0,0.6,0.1,0.2,-3.2247,False,fuzzy_logic_dynamic_snr,-3.2422,0.9305
104,v3,v15,20.0,130.0,20.0,0.6,0.65,0.4,-17.6401,True,fuzzy_logic_dynamic_snr,0.5867,0.1465
104,v3,v11,20.0,140.0,20.0,0.6,0.7,0.4,-18.155,True,fuzzy_logic_dynamic_snr,0.566,0.1439
104,v3,v8,20.0,180.02,30.0,0.6,0.9001,0.6,-20.9018,True,fuzzy_logic_dynamic_snr,0.5213,0.1355
104,v4,v3,40.0,10.44,10.0,1.0,0.0522,0.2,21.2923,False,fuzzy_logic_dynamic_snr,21.2682,0.9961
104,v4,v7,40.0,10.44,0.0,1.0,0.0522,0.0,23.7006,False,fuzzy_logic_dynamic_snr,23.6732,0.9971
104,v4,v15,40.0,120.04,10.0,1.0,0.6002,0.2,4.3227,False,fuzzy_logic_dynamic_snr,4.2983,0.9832
104,v4,v11,40.0,130.03,10.0,1.0,0.6502,0.2,3.7668,False,fuzzy_logic_dynamic_snr,3.7479,0.9863
104,v4,v8,40.0,170.0,20.0,1.0,0.85,0.4,0.4958,True,fuzzy_logic_dynamic_snr,2.2866,0.8115
105,v1,v6,40.0,80.06,20.0,1.0,0.4003,0.4,5.7287,False,fuzzy_logic_dynamic_snr,5.6934,0.9945
105,v1,v5,40.0,120.0,0.0,1.0,0.6,0.0,6.7331,False,fuzzy_logic_dynamic_snr,6.6906,0.9912
105,v1,v13,40.0,160.0,30.0,1.0,0.8,0.6,-0.0824,True,fuzzy_logic_dynamic_snr,2.2044,0.7518
105,v1,v2,40.0,190.02,10.0,1.0,0.9501,0.2,1.1308,True,fuzzy_logic_dynamic_snr,2.353,0.8143
105,v2,v1,20.0,190.02,10.0,0.6,0.9501,0.2,-18.8692,True,fuzzy_logic_dynamic_snr,0.5577,0.1365
105,v3,v4,20.0,3.0,0.0,0.6,0.015,0.0,12.3661,False,fuzzy_logic_dynamic_snr,12.3351,0.9955
105,v3,v7,20.0,10.0,10.0,0.6,0.05,0.2,1.5918,False,fuzzy_logic_dynamic_snr,1.5603,0.9756
105,v3,v15,20.0,110.0,30.0,0.6,0.55,0.6,-17.4788,True,fuzzy_logic_dynamic_snr,0.5904,0.1527
105,v3,v11,20.0,120.0,10.0,0.6,0.6,0.2,-15.6751,True,fuzzy_logic_dynamic_snr,0.6546,0.1572
105,v3,v8,20.0,150.03,10.0,0.6,0.7501,0.2,-17.2271,True,fuzzy_logic_dynamic_snr,0.587,0.1535
105,v4,v3,40.0,3.0,0.0,1.0,0.015,0.0,32.3661,False,fuzzy_logic_dynamic_snr,32.3383,1.0
105,v4,v7,40.0,10.44,10.0,1.0,0.0522,0.2,21.2923,False,fuzzy_logic_dynamic_snr,21.2744,0.999
105,v4,v15,40.0,110.04,30.0,1.0,0.5502,0.6,2.5187,True,fuzzy_logic_dynamic_snr,2.4997,0.8766
105,v4,v11,40.0,120.04,10.0,1.0,0.6002,0.2,4.3227,False,fuzzy_logic_dynamic_snr,4.2916,0.9883
105,v4,v8,40.0,150.0,10.0,1.0,0.75,0.2,2.7743,False,fuzzy_logic_dynamic_snr,2.7468,0.9818
106,v1,v6,40.0,60.07,30.0,1.0,0.3004,0.6,6.7244,False,fuzzy_logic_dynamic_snr,6.7006,0.9902
106,v1,v5,40.0,120.0,40.0,1.0,0.6,0.8,1.1413,True,fuzzy_logic_dynamic_snr,2.3601,0.8307
106,v1,v13,40.0,130.0,30.0,1.0,0.65,0.6,1.3604,True,fuzzy_logic_dynamic_snr,2.3898,0.841
106,v1,v2,40.0,180.02,10.0,1.0,0.9001,0.2,1.5064,True,fuzzy_logic_dynamic_snr,2.3994,0.8537
106,v2,v1,20.0,180.02,10.0,0.6,0.9001,0.2,-18.4936,True,fuzzy_logic_dynamic_snr,0.5706,0.1547
106,v3,v4,20.0,3.0,10.0,0.6,0.015,0.2,9.9578,False,fuzzy_logic_dynamic_snr,9.93,0.9951
106,v3,v7,20.0,20.0,10.0,0.6,0.1,0.2,-3.2247,False,fuzzy_logic_dynamic_snr,-3.239,0.927
106,v3,v15,20.0,80.0,10.0,0.6,0.4,0.2,-12.8577,True,fuzzy_logic_dynamic_snr,0.8004,0.1795
106,v3,v11,20.0,110.0,10.0,0.6,0.55,0.2,-15.0705,True,fuzzy_logic_dynamic_snr,0.6753,0.1719
106,v3,v8,20.0,140.03,30.0,0.6,0.7002,0.6,-19.1561,True,fuzzy_logic_dynamic_snr,0.5804,0.1393
106,v4,v3,40.0,3.0,10.0,1.0,0.015,0.2,29.9578,False,fuzzy_logic_dynamic_snr,29.9362,0.999
106,v4,v7,40.0,20.22,20.0,1.0,0.1011,0.4,15.2892,False,fuzzy_logic_dynamic_snr,15.26,0.9951
106,v4,v15,40.0,80.06,0.0,1.0,0.4003,0.0,9.5457,False,fuzzy_logic_dynamic_snr,9.5266,0.9971
106,v4,v11,40.0,110.04,0.0,1.0,0.5502,0.0,7.3351,False,fuzzy_logic_dynamic_snr,7.3011,0.9906
106,v4,v8,40.0,140.0,40.0,1.0,0.7,0.8,0.0702,True,fuzzy_logic_dynamic_snr,2.2153,0.7588
107,v1,v6,40.0,90.05,10.0,1.0,0.4502,0.2,6.32,False,fuzzy_logic_dynamic_snr,6.2931,0.9902
107,v1,v5,40.0,160.0,10.0,1.0,0.8,0.2,2.3258,True,fuzzy_logic_dynamic_snr,2.4887,0.8629
107,v1,v13,40.0,160.0,20.0,1.0,0.8,0.4,0.9171,True,fuzzy_logic_dynamic_snr,2.3381,0.8078
107,v1,v2,40.0,170.03,40.0,1.0,0.8501,0.8,-1.28,True,fuzzy_logic_dynamic_snr,2.0489,0.7055
107,v2,v1,20.0,170.03,40.0,0.6,0.8501,0.8,-21.28,True,fuzzy_logic_dynamic_snr,0.5234,0.123
107,v3,v4,20.0,10.44,10.0,0.6,0.0522,0.2,1.2923,False,fuzzy_logic_dynamic_snr,1.2674,0.973
107,v3,v7,20.0,30.0,10.0,0.6,0.15,0.2,-6.0422,False,fuzzy_logic_dynamic_snr,-6.0661,0.8254
107,v3,v15,20.0,70.0,30.0,0.6,0.35,0.6,-14.338,True,fuzzy_logic_dynamic_snr,0.7174,0.1764
107,v3,v11,20.0,100.0,10.0,0.6,0.5,0.2,-14.4082,True,fuzzy_logic_dynamic_snr,0.7201,0.1732
107,v3,v8,20.0,170.03,0.0,0.6,0.8501,0.0,-15.6883,True,fuzzy_logic_dynamic_snr,0.6903,0.1719
107,v4,v3,40.0,10.44,10.0,1.0,0.0522,0.2,21.2923,False,fuzzy_logic_dynamic_snr,21.2665,0.999
107,v4,v7,40.0,40.11,0.0,1.0,0.2006,0.0,14.3476,False,fuzzy_logic_dynamic_snr,14.3103,0.999
107,v4,v15,40.0,80.06,20.0,1.0,0.4003,0.4,5.7287,False,fuzzy_logic_dynamic_snr,5.7079,0.9912
107,v4,v11,40.0,110.04,0.0,1.0,0.5502,0.0,7.3351,False,fuzzy_logic_dynamic_snr,7.3012,0.9912
107,v4,v8,40.0,180.0,10.0,1.0,0.9,0.2,1.5074,True,fuzzy_logic_dynamic_snr,2.4056,0.8461
108,v1,v6,40.0,80.06,10.0,1.0,0.4003,0.2,7.1374,False,fuzzy_logic_dynamic_snr,7.1085,0.9912
108,v1,v13,40.0,140.0,0.0,1.0,0.7,0.0,5.662,False,fuzzy_logic_dynamic_snr,5.6304,0.9941
108,v1,v5,40.0,150.0,40.0,1.0,0.75,0.8,-0.4092,True,fuzzy_logic_dynamic_snr,2.1502,0.7365
108,v3,v7,20.0,20.0,0.0,0.6,0.1,0.0,-0.8165,False,fuzzy_logic_dynamic_snr,-0.8369,0.9604
108,v3,v4,20.0,20.22,30.0,0.6,0.1011,0.6,-5.7103,True,fuzzy_logic_dynamic_snr,1.3894,0.4002
108,v3,v15,20.0,40.0,10.0,0.6,0.2,0.2,-8.0412,False,fuzzy_logic_dynamic_snr,-8.0542,0.7229
108,v3,v11,20.0,90.0,30.0,0.6,0.45,0.6,-16.0844,True,fuzzy_logic_dynamic_snr,0.6611,0.1477
108,v3,v8,20.0,170.03,30.0,0.6,0.8501,0.6,-20.5047,True,fuzzy_logic_dynamic_snr,0.5322,0.1375
108,v4,v3,40.0,20.22,30.0,1.0,0.1011,0.6,14.2897,False,fuzzy_logic_dynamic_snr,14.261,0.9951
108,v4,v7,40.0,40.11,30.0,1.0,0.2006,0.6,9.5311,False,fuzzy_logic_dynamic_snr,9.5047,0.9941
108,v4,v15,40.0,60.07,40.0,1.0,0.3004,0.8,5.9491,True,fuzzy_logic_dynamic_snr,2.763,0.9377
108,v4,v11,40.0,110.04,0.0,1.0,0.5502,0.0,7.3351,False,fuzzy_logic_dynamic_snr,7.323,0.9941
108,v4,v8,40.0,190.0,0.0,1.0,0.95,0.0,3.5399,True,fuzzy_logic_dynamic_snr,2.5995,0.9094
109,v1,v6,40.0,70.06,20.0,1.0,0.3503,0.4,6.6551,False,fuzzy_logic_dynamic_snr,6.6253,0.9867
109,v1,v5,40.0,110.0,20.0,1.0,0.55,0.4,3.5207,False,fuzzy_logic_dynamic_snr,3.4945,0.9814
109,v1,v13,40.0,140.0,40.0,1.0,0.7,0.8,0.0702,True,fuzzy_logic_dynamic_snr,2.2314,0.773
109,v3,v7,20.0,20.0,0.0,0.6,0.1,0.0,-0.8165,False,fuzzy_logic_dynamic_snr,-0.8488,0.949
109,v3,v15,20.0,50.0,0.0,0.6,0.25,0.0,-7.1835,False,fuzzy_logic_dynamic_snr,-7.2102,0.7602
109,v3,v4,20.0,50.09,10.0,0.6,0.2504,0.2,-9.6042,False,fuzzy_logic_dynamic_snr,-9.6298,0.6506
109,v3,v11,20.0,60.0,0.0,0.6,0.3,0.0,-8.4504,True,fuzzy_logic_dynamic_snr,1.1186,0.3004
109,v3,v8,20.0,140.03,20.0,0.6,0.7002,0.4,-18.1566,True,fuzzy_logic_dynamic_snr,0.5727,0.1266
109,v4,v3,40.0,50.09,10.0,1.0,0.2504,0.2,10.3958,False,fuzzy_logic_dynamic_snr,10.3585,0.9971
109,v4,v7,40.0,70.06,10.0,1.0,0.3503,0.2,8.0638,False,fuzzy_logic_dynamic_snr,8.0446,0.9916
109,v4,v15,40.0,100.04,10.0,1.0,0.5002,0.2,5.5886,False,fuzzy_logic_dynamic_snr,5.5594,0.9932
109,v4,v11,40.0,110.04,10.0,1.0,0.5502,0.2,4.9269,False,fuzzy_logic_dynamic_snr,4.897,0.9902
109,v4,v8,40.0,190.0,30.0,1.0,0.95,0.6,-1.2765,True,fuzzy_logic_dynamic_snr,2.051,0.6867
110,v1,v6,40.0,90.05,10.0,1.0,0.4502,0.2,6.32,False,fuzzy_logic_dynamic_snr,6.2916,0.9961
110,v1,v5,40.0,130.0,20.0,1.0,0.65,0.4,2.3599,True,fuzzy_logic_dynamic_snr,2.5025,0.8771
110,v1,v13,40.0,180.0,30.0,1.0,0.9,0.6,-0.9008,True,fuzzy_logic_dynamic_snr,2.0878,0.7076
110,v3,v7,20.0,20.0,10.0,0.6,0.1,0.2,-3.2247,False,fuzzy_logic_dynamic_snr,-3.2581,0.9266
110,v3,v15,20.0,50.0,20.0,0.6,0.25,0.4,-11.0005,True,fuzzy_logic_dynamic_snr,0.9001,0.2264
110,v3,v11,20.0,60.0,20.0,0.6,0.3,0.4,-12.2674,True,fuzzy_logic_dynamic_snr,0.8492,0.2217
110,v3,v4,20.0,60.07,0.0,0.6,0.3004,0.0,-8.4591,True,fuzzy_logic_dynamic_snr,1.1062,0.2855
110,v3,v8,20.0,160.03,0.0,0.6,0.8001,0.0,-15.2671,True,fuzzy_logic_dynamic_snr,0.677,0.1504
110,v4,v3,40.0,60.07,0.0,1.0,0.3004,0.0,11.5409,False,fuzzy_logic_dynamic_snr,11.5134,0.998
110,v4,v7,40.0,80.06,10.0,1.0,0.4003,0.2,7.1374,False,fuzzy_logic_dynamic_snr,7.1076,0.9932
110,v4,v15,40.0,110.04,20.0,1.0,0.5502,0.4,3.5182,False,fuzzy_logic_dynamic_snr,3.4921,0.9902
110,v4,v11,40.0,120.04,20.0,1.0,0.6002,0.4,2.914,False,fuzzy_logic_dynamic_snr,2.8859,0.9867
111,v1,v6,40.0,100.04,10.0,1.0,0.5002,0.2,5.5886,False,fuzzy_logic_dynamic_snr,5.5632,0.9916
111,v1,v5,40.0,150.0,30.0,1.0,0.75,0.6,0.3661,True,fuzzy_logic_dynamic_snr,2.2639,0.7996
111,v1,v2,40.0,180.02,20.0,1.0,0.9001,0.4,0.0977,True,fuzzy_logic_dynamic_snr,2.2224,0.8008
111,v2,v1,20.0,180.02,20.0,0.6,0.9001,0.4,-19.9023,True,fuzzy_logic_dynamic_snr,0.53,0.1365
111,v3,v7,20.0,30.0,20.0,0.6,0.15,0.4,-7.4509,True,fuzzy_logic_dynamic_snr,1.1969,0.3275
111,v3,v4,20.0,60.07,10.0,0.6,0.3004,0.2,-10.8673,True,fuzzy_logic_dynamic_snr,0.9262,0.2322
111,v3,v15,20.0,70.0,0.0,0.6,0.35,0.0,-9.5216,True,fuzzy_logic_dynamic_snr,1.0067,0.2635
111,v3,v11,20.0,80.0,20.0,0.6,0.4,0.4,-14.2664,True,fuzzy_logic_dynamic_snr,0.7405,0.1836
111,v3,v8,20.0,160.03,10.0,0.6,0.8001,0.2,-17.6754,True,fuzzy_logic_dynamic_snr,0.5866,0.1467
111,v4,v3,40.0,60.07,10.0,1.0,0.3004,0.2,9.1327,False,fuzzy_logic_dynamic_snr,9.1011,0.9902
111,v4,v7,40.0,90.05,30.0,1.0,0.4502,0.6,3.9118,True,fuzzy_logic_dynamic_snr,2.6244,0.909
111,v4,v15,40.0,130.03,10.0,1.0,0.6502,0.2,3.7668,False,fuzzy_logic_dynamic_snr,3.7504,0.9873
111,v4,v11,40.0,140.03,30.0,1.0,0.7002,0.6,0.8439,True,fuzzy_logic_dynamic_snr,2.3191,0.802
112,v1,v6,40.0,90.05,10.0,1.0,0.4502,0.2,6.32,False,fuzzy_logic_dynamic_snr,6.3024,0.9883
112,v1,v5,40.0,120.0,20.0,1.0,0.6,0.4,2.9161,False,fuzzy_logic_dynamic_snr,2.8928,0.9834
112,v1,v13,40.0,180.0,0.0,1.0,0.9,0.0,3.9156,True,fuzzy_logic_dynamic_snr,2.6299,0.9141
112,v3,v7,20.0,50.0,10.0,0.6,0.25,0.2,-9.5918,False,fuzzy_logic_dynamic_snr,-9.6137,0.6324
112,v3,v15,20.0,70.0,10.0,0.6,0.35,0.2,-11.9298,True,fuzzy_logic_dynamic_snr,0.8361,0.2143
112,v3,v4,20.0,70.06,20.0,0.6,0.3503,0.4,-13.3449,True,fuzzy_logic_dynamic_snr,0.7568,0.1791
112,v3,v11,20.0,100.0,0.0,0.6,0.5,0.0,-12.0,True,fuzzy_logic_dynamic_snr,0.8411,0.216
112,v3,v8,20.0,170.03,30.0,0.6,0.8501,0.6,-20.5047,True,fuzzy_logic_dynamic_snr,0.5272,0.1359
112,v4,v3,40.0,70.06,20.0,1.0,0.3503,0.4,6.6551,False,fuzzy_logic_dynamic_snr,6.6285,0.9857
112,v4,v7,40.0,120.04,10.0,1.0,0.6002,0.2,4.3227,False,fuzzy_logic_dynamic_snr,4.2857,0.9873
112,v4,v15,40.0,140.03,30.0,1.0,0.7002,0.6,0.8439,True,fuzzy_logic_dynamic_snr,2.3248,0.8025
112,v4,v11,40.0,170.03,20.0,1.0,0.8501,0.4,0.4948,True,fuzzy_logic_dynamic_snr,2.2735,0.8012
113,v1,v6,40.0,80.06,20.0,1.0,0.4003,0.4,5.7287,False,fuzzy_logic_dynamic_snr,5.7115,0.9857
113,v1,v5,40.0,140.0,10.0,1.0,0.7,0.2,3.2537,False,fuzzy_logic_dynamic_snr,3.2173,0.9824
113,v1,v13,40.0,180.0,20.0,1.0,0.9,0.4,0.0987,True,fuzzy_logic_dynamic_snr,2.2291,0.7771
113,v3,v4,20.0,50.09,20.0,0.6,0.2504,0.4,-11.013,True,fuzzy_logic_dynamic_snr,0.8935,0.2352
113,v3,v7,20.0,60.0,20.0,0.6,0.3,0.4,-12.2674,True,fuzzy_logic_dynamic_snr,0.8293,0.2092
113,v3,v15,20.0,60.0,20.0,0.6,0.3,0.4,-12.2674,True,fuzzy_logic_dynamic_snr,0.8152,0.1906
113,v3,v11,20.0,100.0,20.0,0.6,0.5,0.4,-15.817,True,fuzzy_logic_dynamic_snr,0.6425,0.1465
113,v4,v3,40.0,50.09,20.0,1.0,0.2504,0.4,8.987,False,fuzzy_logic_dynamic_snr,8.9607,0.9893
113,v4,v7,40.0,110.04,40.0,1.0,0.5502,0.8,1.7434,True,fuzzy_logic_dynamic_snr,2.4228,0.851
113,v4,v15,40.0,110.04,40.0,1.0,0.5502,0.8,1.7434,True,fuzzy_logic_dynamic_snr,2.4339,0.8396
113,v4,v11,40.0,150.03,40.0,1.0,0.7501,0.8,-0.4106,True,fuzzy_logic_dynamic_snr,2.1587,0.7346
114,v1,v6,40.0,100.04,20.0,1.0,0.5002,0.4,4.1799,False,fuzzy_logic_dynamic_snr,4.1524,0.9838
114,v1,v5,40.0,130.0,20.0,1.0,0.65,0.4,2.3599,True,fuzzy_logic_dynamic_snr,2.501,0.8707
114,v1,v13,40.0,200.0,30.0,1.0,1.0,0.6,-1.633,True,fuzzy_logic_dynamic_snr,1.9791,0.6838
114,v3,v4,20.0,30.15,30.0,0.6,0.1507,0.6,-8.485,True,fuzzy_logic_dynamic_snr,1.1253,0.2961
114,v3,v7,20.0,40.0,40.0,0.6,0.2,0.8,-11.2247,True,fuzzy_logic_dynamic_snr,0.9183,0.2162
114,v3,v15,20.0,40.0,0.0,0.6,0.2,0.0,-5.633,False,fuzzy_logic_dynamic_snr,-5.6629,0.8438
114,v3,v11,20.0,80.0,40.0,0.6,0.4,0.8,-16.0412,True,fuzzy_logic_dynamic_snr,0.6348,0.158
114,v3,v8,20.0,180.02,20.0,0.6,0.9001,0.4,-19.9023,True,fuzzy_logic_dynamic_snr,0.5489,0.1387
114,v4,v3,40.0,30.15,30.0,1.0,0.1507,0.6,11.515,False,fuzzy_logic_dynamic_snr,11.4945,0.9941
114,v4,v7,40.0,70.06,10.0,1.0,0.3503,0.2,8.0638,False,fuzzy_logic_dynamic_snr,8.0449,0.9926
114,v4,v15,40.0,70.06,30.0,1.0,0.3503,0.6,5.6556,False,fuzzy_logic_dynamic_snr,5.6319,0.9922
114,v4,v11,40.0,110.04,10.0,1.0,0.5502,0.2,4.9269,False,fuzzy_logic_dynamic_snr,4.902,0.9893
115,v1,v6,40.0,80.06,30.0,1.0,0.4003,0.6,4.7292,False,fuzzy_logic_dynamic_snr,4.7104,0.9834
115,v1,v5,40.0,110.0,0.0,1.0,0.55,0.0,7.3377,False,fuzzy_logic_dynamic_snr,7.3064,0.9916
115,v1,v13,40.0,170.0,20.0,1.0,0.85,0.4,0.4958,True,fuzzy_logic_dynamic_snr,2.2779,0.8035
115,v3,v7,20.0,0.0,10.0,0.6,0.0,0.2,33.5918,False,fuzzy_logic_dynamic_snr,33.5651,0.999
115,v3,v11,20.0,40.0,20.0,0.6,0.2,0.4,-9.4499,True,fuzzy_logic_dynamic_snr,1.0226,0.2662
115,v3,v15,20.0,40.0,10.0,0.6,0.2,0.2,-8.0412,False,fuzzy_logic_dynamic_snr,-8.0647,0.7063
115,v3,v4,20.0,60.07,30.0,0.6,0.3004,0.6,-13.2756,True,fuzzy_logic_dynamic_snr,0.7622,0.1744
115,v3,v8,20.0,160.03,30.0,0.6,0.8001,0.6,-20.0836,True,fuzzy_logic_dynamic_snr,0.5364,0.1439
115,v4,v3,40.0,60.07,30.0,1.0,0.3004,0.6,6.7244,False,fuzzy_logic_dynamic_snr,6.7002,0.9873
115,v4,v7,40.0,60.07,20.0,1.0,0.3004,0.4,7.7239,False,fuzzy_logic_dynamic_snr,7.6972,0.9932
115,v4,v11,40.0,100.04,10.0,1.0,0.5002,0.2,5.5886,False,fuzzy_logic_dynamic_snr,5.5622,0.9893
115,v4,v15,40.0,100.04,20.0,1.0,0.5002,0.4,4.1799,False,fuzzy_logic_dynamic_snr,4.1534,0.9867
116,v1,v5,40.0,110.0,0.0,1.0,0.55,0.0,7.3377,False,fuzzy_logic_dynamic_snr,7.3129,0.9887
116,v1,v6,40.0,110.04,20.0,1.0,0.5502,0.4,3.5182,False,fuzzy_logic_dynamic_snr,3.4893,0.9867
116,v1,v13,40.0,190.0,0.0,1.0,0.95,0.0,3.5399,True,fuzzy_logic_dynamic_snr,2.603,0.8938
116,v3,v7,20.0,10.0,30.0,0.6,0.05,0.6,-0.8165,True,fuzzy_logic_dynamic_snr,2.0904,0.7063
116,v3,v11,20.0,20.0,40.0,0.6,0.1,0.8,-6.4082,True,fuzzy_logic_dynamic_snr,1.3306,0.3773
116,v3,v15,20.0,30.0,40.0,0.6,0.15,0.8,-9.2257,True,fuzzy_logic_dynamic_snr,1.0512,0.2613
116,v3,v4,20.0,90.05,20.0,0.6,0.4502,0.4,-15.0887,True,fuzzy_logic_dynamic_snr,0.6954,0.1775
116,v3,v8,20.0,130.03,40.0,0.6,0.6502,0.8,-19.4167,True,fuzzy_logic_dynamic_snr,0.551,0.1381
116,v4,v7,40.0,80.06,10.0,1.0,0.4003,0.2,7.1374,False,fuzzy_logic_dynamic_snr,7.1113,0.9932
116,v4,v3,40.0,90.05,20.0,1.0,0.4502,0.4,4.9113,False,fuzzy_logic_dynamic_snr,4.8976,0.9912
116,v4,v11,40.0,110.04,20.0,1.0,0.5502,0.4,3.5182,False,fuzzy_logic_dynamic_snr,3.4827,0.9848
116,v4,v15,40.0,120.04,20.0,1.0,0.6002,0.4,2.914,False,fuzzy_logic_dynamic_snr,2.8895,0.976
117,v1,v5,40.0,110.0,30.0,1.0,0.55,0.6,2.5212,True,fuzzy_logic_dynamic_snr,2.5115,0.8824
117,v1,v6,40.0,130.03,40.0,1.0,0.6502,0.8,0.5833,True,fuzzy_logic_dynamic_snr,2.2775,0.8158
117,v1,v13,40.0,190.0,10.0,1.0,0.95,0.2,1.1317,True,fuzzy_logic_dynamic_snr,2.3572,0.8248
117,v3,v15,20.0,10.0,0.0,0.6,0.05,0.0,4.0,False,fuzzy_logic_dynamic_snr,3.9671,0.9803
117,v3,v11,20.0,20.0,0.0,0.6,0.1,0.0,-0.8165,False,fuzzy_logic_dynamic_snr,-0.8397,0.9594
117,v3,v7,20.0,40.0,10.0,0.6,0.2,0.2,-8.0412,False,fuzzy_logic_dynamic_snr,-8.0729,0.7453
117,v3,v8,20.0,90.05,30.0,0.6,0.4502,0.6,-16.0882,True,fuzzy_logic_dynamic_snr,0.6443,0.1539
117,v3,v4,20.0,110.04,20.0,0.6,0.5502,0.4,-16.4818,True,fuzzy_logic_dynamic_snr,0.6403,0.159
117,v4,v7,40.0,70.06,30.0,1.0,0.3503,0.6,5.6556,False,fuzzy_logic_dynamic_snr,5.6233,0.9893
117,v4,v11,40.0,90.05,20.0,1.0,0.4502,0.4,4.9113,False,fuzzy_logic_dynamic_snr,4.8942,0.9863
117,v4,v15,40.0,100.04,20.0,1.0,0.5002,0.4,4.1799,False,fuzzy_logic_dynamic_snr,4.145,0.9818
117,v4,v3,40.0,110.04,20.0,1.0,0.5502,0.4,3.5182,False,fuzzy_logic_dynamic_snr,3.4767,0.9826
117,v4,v8,40.0,200.0,10.0,1.0,1.0,0.2,0.7753,True,fuzzy_logic_dynamic_snr,2.3066,0.8129
118,v1,v5,40.0,140.0,40.0,1.0,0.7,0.8,0.0702,True,fuzzy_logic_dynamic_snr,2.2121,0.7631
118,v1,v6,40.0,170.03,20.0,1.0,0.8501,0.4,0.4948,True,fuzzy_logic_dynamic_snr,2.2762,0.7812
118,v1,v13,40.0,200.0,40.0,1.0,1.0,0.8,-2.4082,True,fuzzy_logic_dynamic_snr,1.8687,0.602
118,v3,v15,20.0,10.0,0.0,0.6,0.05,0.0,4.0,False,fuzzy_logic_dynamic_snr,3.976,0.9822
118,v3,v11,20.0,20.0,30.0,0.6,0.1,0.6,-5.633,True,fuzzy_logic_dynamic_snr,1.4184,0.3895
118,v3,v7,20.0,50.0,10.0,0.6,0.25,0.2,-9.5918,False,fuzzy_logic_dynamic_snr,-9.6215,0.618
118,v3,v4,20.0,90.05,30.0,0.6,0.4502,0.6,-16.0882,True,fuzzy_logic_dynamic_snr,0.6323,0.167
118,v3,v8,20.0,120.04,0.0,0.6,0.6002,0.0,-13.2691,True,fuzzy_logic_dynamic_snr,0.755,0.1939
118,v4,v7,40.0,40.11,20.0,1.0,0.2006,0.4,10.5306,False,fuzzy_logic_dynamic_snr,10.4963,0.9941
118,v4,v11,40.0,70.06,0.0,1.0,0.3503,0.0,10.4721,False,fuzzy_logic_dynamic_snr,10.4434,0.9932
118,v4,v15,40.0,80.06,30.0,1.0,0.4003,0.6,4.7292,False,fuzzy_logic_dynamic_snr,4.704,0.9922
118,v4,v3,40.0,90.05,30.0,1.0,0.4502,0.6,3.9118,True,fuzzy_logic_dynamic_snr,2.6306,0.9139
119,v1,v5,40.0,100.0,0.0,1.0,0.5,0.0,8.0,False,fuzzy_logic_dynamic_snr,7.962,0.9912
119,v1,v6,40.0,150.03,10.0,1.0,0.7501,0.2,2.7729,False,fuzzy_logic_dynamic_snr,2.7516,0.9834
119,v1,v13,40.0,160.0,30.0,1.0,0.8,0.6,-0.0824,True,fuzzy_logic_dynamic_snr,2.2225,0.7674
119,v3,v11,20.0,10.0,10.0,0.6,0.05,0.2,1.5918,False,fuzzy_logic_dynamic_snr,1.5736,0.9795
119,v3,v15,20.0,10.0,20.0,0.6,0.05,0.4,0.183,True,fuzzy_logic_dynamic_snr,2.233,0.7738
119,v3,v7,20.0,40.0,20.0,0.6,0.2,0.4,-9.4499,True,fuzzy_logic_dynamic_snr,1.0362,0.2592
119,v3,v4,20.0,60.07,20.0,0.6,0.3004,0.4,-12.2761,True,fuzzy_logic_dynamic_snr,0.8268,0.1688
119,v3,v8,20.0,120.04,30.0,0.6,0.6002,0.6,-18.0856,True,fuzzy_logic_dynamic_snr,0.5771,0.1434
119,v4,v7,40.0,20.22,0.0,1.0,0.1011,0.0,19.1062,False,fuzzy_logic_dynamic_snr,19.0643,0.999
119,v4,v15,40.0,50.09,0.0,1.0,0.2504,0.0,12.804,False,fuzzy_logic_dynamic_snr,12.7705,0.9971
119,v4,v3,40.0,60.07,20.0,1.0,0.3004,0.4,7.7239,False,fuzzy_logic_dynamic_snr,7.7018,0.9902
119,v4,v11,40.0,70.06,10.0,1.0,0.3503,0.2,8.0638,False,fuzzy_logic_dynamic_snr,8.0435,0.9877
119,v4,v8,40.0,180.0,10.0,1.0,0.9,0.2,1.5074,True,fuzzy_logic_dynamic_snr,2.3951,0.841
120,v1,v5,40.0,100.0,0.0,1.0,0.5,0.0,8.0,False,fuzzy_logic_dynamic_snr,7.9617,0.9922
120,v1,v13,40.0,130.0,20.0,1.0,0.65,0.4,2.3599,True,fuzzy_logic_dynamic_snr,2.4918,0.8545
120,v1,v6,40.0,140.03,20.0,1.0,0.7002,0.4,1.8434,True,fuzzy_logic_dynamic_snr,2.44,0.8676
120,v3,v15,20.0,10.0,20.0,0.6,0.05,0.4,0.183,True,fuzzy_logic_dynamic_snr,2.2356,0.7844
120,v3,v7,20.0,20.0,0.0,0.6,0.1,0.0,-0.8165,False,fuzzy_logic_dynamic_snr,-0.8423,0.958
120,v3,v11,20.0,20.0,10.0,0.6,0.1,0.2,-3.2247,False,fuzzy_logic_dynamic_snr,-3.2426,0.9369
120,v3,v4,20.0,40.11,20.0,0.6,0.2006,0.4,-9.4694,True,fuzzy_logic_dynamic_snr,1.0163,0.2713
120,v3,v8,20.0,150.03,10.0,0.6,0.7501,0.2,-17.2271,True,fuzzy_logic_dynamic_snr,0.6053,0.1414
120,v4,v7,40.0,20.22,20.0,1.0,0.1011,0.4,15.2892,False,fuzzy_logic_dynamic_snr,15.2667,0.9971
120,v4,v3,40.0,40.11,20.0,1.0,0.2006,0.4,10.5306,False,fuzzy_logic_dynamic_snr,10.4807,0.9902
120,v4,v15,40.0,50.09,40.0,1.0,0.2504,0.8,7.2122,True,fuzzy_logic_dynamic_snr,2.8167,0.9451
120,v4,v11,40.0,60.07,10.0,1.0,0.3004,0.2,9.1327,False,fuzzy_logic_dynamic_snr,9.1089,0.9951
120,v4,v8,40.0,190.0,30.0,1.0,0.95,0.6,-1.2765,True,fuzzy_logic_dynamic_snr,2.0365,0.6785
121,v1,v5,40.0,100.0,0.0,1.0,0.5,0.0,8.0,False,fuzzy_logic_dynamic_snr,7.9849,0.9941
121,v1,v13,40.0,110.0,0.0,1.0,0.55,0.0,7.3377,False,fuzzy_logic_dynamic_snr,7.3089,0.9941
121,v1,v6,40.0,160.03,0.0,1.0,0.8001,0.0,4.7329,True,fuzzy_logic_dynamic_snr,2.6853,0.9293
121,v3,v15,20.0,10.0,40.0,0.6,0.05,0.8,-1.5918,True,fuzzy_logic_dynamic_snr,1.9715,0.6697
121,v3,v7,20.0,20.0,0.0,0.6,0.1,0.0,-0.8165,False,fuzzy_logic_dynamic_snr,-0.842,0.9563
121,v3,v4,20.0,20.22,40.0,0.6,0.1011,0.8,-6.4855,True,fuzzy_logic_dynamic_snr,1.3259,0.3852
121,v3,v11,20.0,30.0,30.0,0.6,0.15,0.6,-8.4504,True,fuzzy_logic_dynamic_snr,1.1154,0.301
121,v3,v8,20.0,140.03,0.0,0.6,0.7002,0.0,-14.3396,True,fuzzy_logic_dynamic_snr,0.7121,0.1631
121,v4,v7,40.0,3.0,40.0,1.0,0.015,0.8,26.7743,True,fuzzy_logic_dynamic_snr,2.967,0.9592
121,v4,v15,40.0,10.44,0.0,1.0,0.0522,0.0,23.7006,False,fuzzy_logic_dynamic_snr,23.6772,0.9961
121,v4,v3,40.0,20.22,40.0,1.0,0.1011,0.8,13.5145,True,fuzzy_logic_dynamic_snr,2.9321,0.9553
121,v4,v11,40.0,50.09,10.0,1.0,0.2504,0.2,10.3958,False,fuzzy_logic_dynamic_snr,10.3721,0.9926
121,v4,v8,40.0,160.0,40.0,1.0,0.8,0.8,-0.8577,True,fuzzy_logic_dynamic_snr,2.0952,0.7287
122,v1,v5,40.0,100.0,20.0,1.0,0.5,0.4,4.183,False,fuzzy_logic_dynamic_snr,4.1625,0.9814
122,v1,v13,40.0,110.0,20.0,1.0,0.55,0.4,3.5207,False,fuzzy_logic_dynamic_snr,3.4997,0.9838
122,v1,v6,40.0,160.03,20.0,1.0,0.8001,0.4,0.9159,True,fuzzy_logic_dynamic_snr,2.3286,0.8402
122,v3,v11,20.0,0.0,10.0,0.6,0.0,0.2,33.5918,False,fuzzy_logic_dynamic_snr,33.5578,0.998
122,v3,v7,20.0,20.0,10.0,0.6,0.1,0.2,-3.2247,False,fuzzy_logic_dynamic_snr,-3.2483,0.9113
122,v3,v15,20.0,50.0,10.0,0.6,0.25,0.2,-9.5918,False,fuzzy_logic_dynamic_snr,-9.6048,0.6209
122,v3,v4,20.0,60.07,20.0,0.6,0.3004,0.4,-12.2761,True,fuzzy_logic_dynamic_snr,0.8298,0.1896
122,v3,v8,20.0,140.03,20.0,0.6,0.7002,0.4,-18.1566,True,fuzzy_logic_dynamic_snr,0.5741,0.1455
122,v4,v15,40.0,10.44,30.0,1.0,0.0522,0.6,18.8841,False,fuzzy_logic_dynamic_snr,18.8587,0.999
122,v4,v7,40.0,40.11,10.0,1.0,0.2006,0.2,11.9393,False,fuzzy_logic_dynamic_snr,11.9038,0.9896
122,v4,v3,40.0,60.07,20.0,1.0,0.3004,0.4,7.7239,False,fuzzy_logic_dynamic_snr,7.7009,0.9893
122,v4,v11,40.0,60.07,30.0,1.0,0.3004,0.6,6.7244,False,fuzzy_logic_dynamic_snr,6.7048,0.9873
122,v4,v8,40.0,200.0,40.0,1.0,1.0,0.8,-2.4082,True,fuzzy_logic_dynamic_snr,1.8823,0.6443
123,v1,v5,40.0,120.0,20.0,1.0,0.6,0.4,2.9161,False,fuzzy_logic_dynamic_snr,2.8829,0.9818
123,v1,v13,40.0,130.0,20.0,1.0,0.65,0.4,2.3599,True,fuzzy_logic_dynamic_snr,2.4882,0.8838
123,v1,v6,40.0,140.03,10.0,1.0,0.7002,0.2,3.2521,False,fuzzy_logic_dynamic_snr,3.2207,0.9863
123,v3,v7,20.0,10.0,40.0,0.6,0.05,0.8,-1.5918,True,fuzzy_logic_dynamic_snr,1.9727,0.6773
123,v3,v11,20.0,10.0,40.0,0.6,0.05,0.8,-1.5918,True,fuzzy_logic_dynamic_snr,1.9903,0.684
123,v3,v4,20.0,40.11,20.0,0.6,0.2006,0.4,-9.4694,True,fuzzy_logic_dynamic_snr,1.0031,0.2578
123,v3,v15,20.0,60.0,0.0,0.6,0.3,0.0,-8.4504,True,fuzzy_logic_dynamic_snr,1.1244,0.3094
123,v3,v8,20.0,120.04,40.0,0.6,0.6002,0.8,-18.8608,True,fuzzy_logic_dynamic_snr,0.5617,0.1297
123,v4,v15,40.0,20.22,20.0,1.0,0.1011,0.4,15.2892,False,fuzzy_logic_dynamic_snr,15.2704,0.9971
123,v4,v7,40.0,30.15,20.0,1.0,0.1507,0.4,12.5145,False,fuzzy_logic_dynamic_snr,12.4903,0.9951
123,v4,v11,40.0,30.15,20.0,1.0,0.1507,0.4,12.5145,False,fuzzy_logic_dynamic_snr,12.4932,0.9951
123,v4,v3,40.0,40.11,20.0,1.0,0.2006,0.4,10.5306,False,fuzzy_logic_dynamic_snr,10.5108,0.9922
123,v4,v8,40.0,160.0,20.0,1.0,0.8,0.4,0.9171,True,fuzzy_logic_dynamic_snr,2.3281,0.826
124,v1,v5,40.0,140.0,10.0,1.0,0.7,0.2,3.2537,False,fuzzy_logic_dynamic_snr,3.2281,0.9848
124,v1,v13,40.0,150.0,30.0,1.0,0.75,0.6,0.3661,True,fuzzy_logic_dynamic_snr,2.2541,0.79
124,v1,v6,40.0,150.03,10.0,1.0,0.7501,0.2,2.7729,False,fuzzy_logic_dynamic_snr,2.7445,0.9814
124,v3,v7,20.0,50.0,20.0,0.6,0.25,0.4,-11.0005,True,fuzzy_logic_dynamic_snr,0.9185,0.2227
124,v3,v11,20.0,50.0,0.0,0.6,0.25,0.0,-7.1835,False,fuzzy_logic_dynamic_snr,-7.2041,0.7805
124,v3,v15,20.0,60.0,10.0,0.6,0.3,0.2,-10.8587,True,fuzzy_logic_dynamic_snr,0.9174,0.2238
124,v3,v4,20.0,60.07,20.0,0.6,0.3004,0.4,-12.2761,True,fuzzy_logic_dynamic_snr,0.8314,0.1992
124,v3,v8,20.0,80.06,10.0,0.6,0.4003,0.2,-12.8626,True,fuzzy_logic_dynamic_snr,0.7923,0.198
124,v4,v15,40.0,3.0,30.0,1.0,0.015,0.6,27.5496,False,fuzzy_logic_dynamic_snr,27.5267,0.999
124,v4,v7,40.0,10.44,0.0,1.0,0.0522,0.0,23.7006,False,fuzzy_logic_dynamic_snr,23.6863,0.998
124,v4,v11,40.0,10.44,20.0,1.0,0.0522,0.4,19.8836,False,fuzzy_logic_dynamic_snr,19.8586,0.999
124,v4,v3,40.0,60.07,20.0,1.0,0.3004,0.4,7.7239,False,fuzzy_logic_dynamic_snr,7.7017,0.9922
124,v4,v8,40.0,140.0,10.0,1.0,0.7,0.2,3.2537,False,fuzzy_logic_dynamic_snr,3.2283,0.9795
125,v1,v13,40.0,120.0,10.0,1.0,0.6,0.2,4.3249,False,fuzzy_logic_dynamic_snr,4.2885,0.9883
125,v1,v5,40.0,130.0,0.0,1.0,0.65,0.0,6.1769,False,fuzzy_logic_dynamic_snr,6.1428,0.9922
125,v1,v6,40.0,140.03,0.0,1.0,0.7002,0.0,5.6604,False,fuzzy_logic_dynamic_snr,5.6416,0.9916
125,v3,v11,20.0,50.0,10.0,0.6,0.25,0.2,-9.5918,False,fuzzy_logic_dynamic_snr,-9.6116,0.6336
125,v3,v15,20.0,50.0,10.0,0.6,0.25,0.2,-9.5918,False,fuzzy_logic_dynamic_snr,-9.6064,0.6434
125,v3,v7,20.0,70.0,10.0,0.6,0.35,0.2,-11.9298,True,fuzzy_logic_dynamic_snr,0.8308,0.2096
125,v3,v8,20.0,70.06,30.0,0.6,0.3503,0.6,-14.3444,True,fuzzy_logic_dynamic_snr,0.7286,0.1746
125,v3,v4,20.0,80.06,20.0,0.6,0.4003,0.4,-14.2713,True,fuzzy_logic_dynamic_snr,0.7264,0.1633
125,v4,v7,40.0,10.44,10.0,1.0,0.0522,0.2,21.2923,False,fuzzy_logic_dynamic_snr,21.2649,0.9971
125,v4,v11,40.0,30.15,10.0,1.0,0.1507,0.2,13.9232,False,fuzzy_logic_dynamic_snr,13.9028,0.998
125,v4,v15,40.0,30.15,30.0,1.0,0.1507,0.6,11.515,False,fuzzy_logic_dynamic_snr,11.4856,0.9932
125,v4,v3,40.0,80.06,20.0,1.0,0.4003,0.4,5.7287,False,fuzzy_logic_dynamic_snr,5.7014,0.9873
125,v4,v8,40.0,150.0,10.0,1.0,0.75,0.2,2.7743,False,fuzzy_logic_dynamic_snr,2.7483,0.9756
126,v1,v5,40.0,130.0,20.0,1.0,0.65,0.4,2.3599,True,fuzzy_logic_dynamic_snr,2.4966,0.8805
126,v1,v13,40.0,130.0,0.0,1.0,0.65,0.0,6.1769,False,fuzzy_logic_dynamic_snr,6.148,0.9893
126,v1,v6,40.0,140.03,10.0,1.0,0.7002,0.2,3.2521,False,fuzzy_logic_dynamic_snr,3.2207,0.9814
126,v3,v15,20.0,40.0,20.0,0.6,0.2,0.4,-9.4499,True,fuzzy_logic_dynamic_snr,1.0202,0.2719
126,v3,v8,20.0,40.11,10.0,0.6,0.2006,0.2,-8.0607,False,fuzzy_logic_dynamic_snr,-8.0858,0.7152
126,v3,v11,20.0,60.0,10.0,0.6,0.3,0.2,-10.8587,True,fuzzy_logic_dynamic_snr,0.9327,0.2295
126,v3,v7,20.0,80.0,10.0,0.6,0.4,0.2,-12.8577,True,fuzzy_logic_dynamic_snr,0.7998,0.2113
126,v3,v4,20.0,100.04,0.0,0.6,0.5002,0.0,-12.0031,True,fuzzy_logic_dynamic_snr,0.8492,0.2375
126,v4,v7,40.0,20.22,10.0,1.0,0.1011,0.2,16.698,False,fuzzy_logic_dynamic_snr,16.6701,0.9951
126,v4,v11,40.0,40.11,10.0,1.0,0.2006,0.2,11.9393,False,fuzzy_logic_dynamic_snr,11.9071,0.9945
126,v4,v15,40.0,60.07,20.0,1.0,0.3004,0.4,7.7239,False,fuzzy_logic_dynamic_snr,7.6912,0.9922
126,v4,v3,40.0,100.04,0.0,1.0,0.5002,0.0,7.9969,False,fuzzy_logic_dynamic_snr,7.9821,0.9961
126,v4,v8,40.0,140.0,10.0,1.0,0.7,0.2,3.2537,False,fuzzy_logic_dynamic_snr,3.2212,0.9883
127,v1,v5,40.0,110.0,20.0,1.0,0.55,0.4,3.5207,False,fuzzy_logic_dynamic_snr,3.5016,0.9773
127,v1,v13,40.0,130.0,40.0,1.0,0.65,0.8,0.5851,True,fuzzy_logic_dynamic_snr,2.2762,0.8258
127,v1,v6,40.0,150.03,0.0,1.0,0.7501,0.0,5.1812,False,fuzzy_logic_dynamic_snr,5.1621,0.9871
127,v3,v8,20.0,50.09,30.0,0.6,0.2504,0.6,-12.0125,True,fuzzy_logic_dynamic_snr,0.8225,0.2064
127,v3,v15,20.0,60.0,20.0,0.6,0.3,0.4,-12.2674,True,fuzzy_logic_dynamic_snr,0.8366,0.1873
127,v3,v7,20.0,70.0,10.0,0.6,0.35,0.2,-11.9298,True,fuzzy_logic_dynamic_snr,0.833,0.2027
127,v3,v11,20.0,70.0,10.0,0.6,0.35,0.2,-11.9298,True,fuzzy_logic_dynamic_snr,0.8616,0.2004
127,v3,v4,20.0,100.04,10.0,0.6,0.5002,0.2,-14.4114,True,fuzzy_logic_dynamic_snr,0.7088,0.175
127,v4,v7,40.0,30.15,0.0,1.0,0.1507,0.0,16.3315,False,fuzzy_logic_dynamic_snr,16.2939,0.9971
127,v4,v11,40.0,30.15,0.0,1.0,0.1507,0.0,16.3315,False,fuzzy_logic_dynamic_snr,16.3122,0.9961
127,v4,v15,40.0,40.11,30.0,1.0,0.2006,0.6,9.5311,False,fuzzy_logic_dynamic_snr,9.5091,0.9932
127,v4,v3,40.0,100.04,10.0,1.0,0.5002,0.2,5.5886,False,fuzzy_logic_dynamic_snr,5.5439,0.9896
127,v4,v8,40.0,150.0,40.0,1.0,0.75,0.8,-0.4092,True,fuzzy_logic_dynamic_snr,2.157,0.741
128,v1,v5,40.0,90.0,30.0,1.0,0.45,0.6,3.9156,False,fuzzy_logic_dynamic_snr,3.8896,0.9818
128,v1,v13,40.0,90.0,30.0,1.0,0.45,0.6,3.9156,False,fuzzy_logic_dynamic_snr,3.8721,0.9873
128,v1,v6,40.0,150.03,20.0,1.0,0.7501,0.4,1.3642,True,fuzzy_logic_dynamic_snr,2.3719,0.8365
128,v3,v15,20.0,40.0,10.0,0.6,0.2,0.2,-8.0412,False,fuzzy_logic_dynamic_snr,-8.0616,0.7215
128,v3,v7,20.0,80.0,30.0,0.6,0.4,0.6,-15.2659,True,fuzzy_logic_dynamic_snr,0.6592,0.1676
128,v3,v11,20.0,80.0,0.0,0.6,0.4,0.0,-10.4494,True,fuzzy_logic_dynamic_snr,0.9406,0.2512
128,v3,v8,20.0,80.06,0.0,0.6,0.4003,0.0,-10.4543,True,fuzzy_logic_dynamic_snr,0.966,0.2256
128,v3,v4,20.0,110.04,30.0,0.6,0.5502,0.6,-17.4813,True,fuzzy_logic_dynamic_snr,0.5955,0.1484
128,v4,v7,40.0,30.15,0.0,1.0,0.1507,0.0,16.3315,False,fuzzy_logic_dynamic_snr,16.303,0.9951
128,v4,v11,40.0,30.15,30.0,1.0,0.1507,0.6,11.515,False,fuzzy_logic_dynamic_snr,11.4909,0.9896
128,v4,v15,40.0,70.06,40.0,1.0,0.3503,0.8,4.8803,True,fuzzy_logic_dynamic_snr,2.6975,0.9344
128,v4,v3,40.0,110.04,30.0,1.0,0.5502,0.6,2.5187,True,fuzzy_logic_dynamic_snr,2.5047,0.8717
128,v4,v8,40.0,190.0,30.0,1.0,0.95,0.6,-1.2765,True,fuzzy_logic_dynamic_snr,2.0166,0.6928
129,v1,v5,40.0,60.0,0.0,1.0,0.3,0.0,11.5496,False,fuzzy_logic_dynamic_snr,11.5198,0.9912
129,v1,v13,40.0,60.0,0.0,1.0,0.3,0.0,11.5496,False,fuzzy_logic_dynamic_snr,11.5162,0.9941
129,v1,v6,40.0,130.03,30.0,1.0,0.6502,0.6,1.3586,True,fuzzy_logic_dynamic_snr,2.3786,0.8131
129,v3,v7,20.0,50.0,20.0,0.6,0.25,0.4,-11.0005,True,fuzzy_logic_dynamic_snr,0.8917,0.2115
129,v3,v15,20.0,50.0,10.0,0.6,0.25,0.2,-9.5918,False,fuzzy_logic_dynamic_snr,-9.6263,0.6098
129,v3,v11,20.0,80.0,40.0,0.6,0.4,0.8,-16.0412,True,fuzzy_logic_dynamic_snr,0.6522,0.1693
129,v3,v4,20.0,80.06,40.0,0.6,0.4003,0.8,-16.0461,True,fuzzy_logic_dynamic_snr,0.654,0.1279
129,v3,v8,20.0,80.06,40.0,0.6,0.4003,0.8,-16.0461,True,fuzzy_logic_dynamic_snr,0.6294,0.1586
129,v4,v11,40.0,3.0,0.0,1.0,0.015,0.0,32.3661,False,fuzzy_logic_dynamic_snr,32.343,0.999
129,v4,v7,40.0,30.15,20.0,1.0,0.1507,0.4,12.5145,False,fuzzy_logic_dynamic_snr,12.4972,0.9955
129,v4,v15,40.0,30.15,30.0,1.0,0.1507,0.6,11.515,False,fuzzy_logic_dynamic_snr,11.4827,0.9941
129,v4,v3,40.0,80.06,40.0,1.0,0.4003,0.8,3.9539,True,fuzzy_logic_dynamic_snr,2.6268,0.9031
129,v4,v8,40.0,160.0,0.0,1.0,0.8,0.0,4.7341,True,fuzzy_logic_dynamic_snr,2.6851,0.9162
130,v1,v5,40.0,60.0,10.0,1.0,0.3,0.2,9.1413,False,fuzzy_logic_dynamic_snr,9.1153,0.9896
130,v1,v13,40.0,60.0,20.0,1.0,0.3,0.4,7.7326,False,fuzzy_logic_dynamic_snr,7.7008,0.9893
130,v1,v6,40.0,100.04,20.0,1.0,0.5002,0.4,4.1799,False,fuzzy_logic_dynamic_snr,4.1648,0.9857
130,v3,v7,20.0,30.0,10.0,0.6,0.15,0.2,-6.0422,False,fuzzy_logic_dynamic_snr,-6.066,0.8246
130,v3,v11,20.0,40.0,0.0,0.6,0.2,0.0,-5.633,False,fuzzy_logic_dynamic_snr,-5.658,0.826
130,v3,v15,20.0,40.0,30.0,0.6,0.2,0.6,-10.4494,True,fuzzy_logic_dynamic_snr,0.9631,0.2389
130,v3,v4,20.0,40.11,30.0,0.6,0.2006,0.6,-10.4689,True,fuzzy_logic_dynamic_snr,0.9463,0.2273
130,v3,v8,20.0,120.04,30.0,0.6,0.6002,0.6,-18.0856,True,fuzzy_logic_dynamic_snr,0.5791,0.1268
130,v4,v11,40.0,3.0,30.0,1.0,0.015,0.6,27.5496,False,fuzzy_logic_dynamic_snr,27.5269,0.998
130,v4,v15,40.0,3.0,0.0,1.0,0.015,0.0,32.3661,False,fuzzy_logic_dynamic_snr,32.3478,0.998
130,v4,v7,40.0,10.44,20.0,1.0,0.0522,0.4,19.8836,False,fuzzy_logic_dynamic_snr,19.8526,0.998
130,v4,v3,40.0,40.11,30.0,1.0,0.2006,0.6,9.5311,False,fuzzy_logic_dynamic_snr,9.5076,0.9922
130,v4,v8,40.0,160.0,0.0,1.0,0.8,0.0,4.7341,True,fuzzy_logic_dynamic_snr,2.6876,0.9221
131,v1,v5,40.0,50.0,10.0,1.0,0.25,0.2,10.4082,False,fuzzy_logic_dynamic_snr,10.376,0.9932
131,v1,v13,40.0,80.0,0.0,1.0,0.4,0.0,9.5506,False,fuzzy_logic_dynamic_snr,9.5231,0.9932
131,v1,v6,40.0,120.04,20.0,1.0,0.6002,0.4,2.914,False,fuzzy_logic_dynamic_snr,2.8845,0.9795
131,v3,v15,20.0,10.0,0.0,0.6,0.05,0.0,4.0,False,fuzzy_logic_dynamic_snr,3.9638,0.9857
131,v3,v4,20.0,10.44,0.0,0.6,0.0522,0.0,3.7006,False,fuzzy_logic_dynamic_snr,3.6668,0.9787
131,v3,v7,20.0,20.0,0.0,0.6,0.1,0.0,-0.8165,False,fuzzy_logic_dynamic_snr,-0.832,0.9555
131,v3,v11,20.0,40.0,10.0,0.6,0.2,0.2,-8.0412,False,fuzzy_logic_dynamic_snr,-8.06,0.725
131,v3,v8,20.0,150.03,10.0,0.6,0.7501,0.2,-17.2271,True,fuzzy_logic_dynamic_snr,0.6005,0.1279
131,v4,v15,40.0,3.0,0.0,1.0,0.015,0.0,32.3661,False,fuzzy_logic_dynamic_snr,32.3421,1.0
131,v4,v3,40.0,10.44,0.0,1.0,0.0522,0.0,23.7006,False,fuzzy_logic_dynamic_snr,23.668,0.9961
131,v4,v7,40.0,10.44,0.0,1.0,0.0522,0.0,23.7006,False,fuzzy_logic_dynamic_snr,23.671,0.998
131,v4,v11,40.0,30.15,10.0,1.0,0.1507,0.2,13.9232,False,fuzzy_logic_dynamic_snr,13.9007,0.9951
131,v4,v8,40.0,160.0,10.0,1.0,0.8,0.2,2.3258,True,fuzzy_logic_dynamic_snr,2.4907,0.8756
132,v1,v5,40.0,60.0,30.0,1.0,0.3,0.6,6.7331,False,fuzzy_logic_dynamic_snr,6.6986,0.9926
132,v1,v13,40.0,80.0,10.0,1.0,0.4,0.2,7.1423,False,fuzzy_logic_dynamic_snr,7.1198,0.9863
132,v1,v6,40.0,140.03,0.0,1.0,0.7002,0.0,5.6604,False,fuzzy_logic_dynamic_snr,5.6316,0.9893
132,v3,v15,20.0,10.0,10.0,0.6,0.05,0.2,1.5918,False,fuzzy_logic_dynamic_snr,1.5633,0.9721
132,v3,v4,20.0,10.44,10.0,0.6,0.0522,0.2,1.2923,False,fuzzy_logic_dynamic_snr,1.2708,0.9736
132,v3,v7,20.0,20.0,30.0,0.6,0.1,0.6,-5.633,True,fuzzy_logic_dynamic_snr,1.4236,0.4027
132,v3,v11,20.0,30.0,0.0,0.6,0.15,0.0,-3.6339,False,fuzzy_logic_dynamic_snr,-3.6638,0.916
132,v3,v8,20.0,140.03,10.0,0.6,0.7002,0.2,-16.7479,True,fuzzy_logic_dynamic_snr,0.6155,0.1541
132,v4,v15,40.0,3.0,0.0,1.0,0.015,0.0,32.3661,False,fuzzy_logic_dynamic_snr,32.3415,1.0
132,v4,v3,40.0,10.44,10.0,1.0,0.0522,0.2,21.2923,False,fuzzy_logic_dynamic_snr,21.2643,0.999
132,v4,v7,40.0,10.44,20.0,1.0,0.0522,0.4,19.8836,False,fuzzy_logic_dynamic_snr,19.862,0.9971
132,v4,v11,40.0,20.22,10.0,1.0,0.1011,0.2,16.698,False,fuzzy_logic_dynamic_snr,16.67,0.999
132,v4,v8,40.0,150.0,0.0,1.0,0.75,0.0,5.1825,False,fuzzy_logic_dynamic_snr,5.1671,0.9896
133,v1,v13,40.0,70.0,20.0,1.0,0.35,0.4,6.6615,False,fuzzy_logic_dynamic_snr,6.6425,0.9902
133,v1,v5,40.0,90.0,0.0,1.0,0.45,0.0,8.7321,False,fuzzy_logic_dynamic_snr,8.7007,0.993
133,v1,v6,40.0,140.03,20.0,1.0,0.7002,0.4,1.8434,True,fuzzy_logic_dynamic_snr,2.4383,0.8549
133,v3,v15,20.0,20.0,20.0,0.6,0.1,0.4,-4.6334,True,fuzzy_logic_dynamic_snr,1.5434,0.4748
133,v3,v4,20.0,20.22,30.0,0.6,0.1011,0.6,-5.7103,True,fuzzy_logic_dynamic_snr,1.4158,0.4182
133,v3,v11,20.0,30.0,30.0,0.6,0.15,0.6,-8.4504,True,fuzzy_logic_dynamic_snr,1.1262,0.3102
133,v3,v7,20.0,50.0,10.0,0.6,0.25,0.2,-9.5918,False,fuzzy_logic_dynamic_snr,-9.6201,0.6246
133,v3,v19,20.0,120.0,30.0,0.6,0.6,0.6,-18.0834,True,fuzzy_logic_dynamic_snr,0.5712,0.143
133,v4,v15,40.0,3.0,10.0,1.0,0.015,0.2,29.9578,False,fuzzy_logic_dynamic_snr,29.9374,0.9971
133,v4,v11,40.0,10.44,0.0,1.0,0.0522,0.0,23.7006,False,fuzzy_logic_dynamic_snr,23.6665,0.999
133,v4,v3,40.0,20.22,30.0,1.0,0.1011,0.6,14.2897,False,fuzzy_logic_dynamic_snr,14.2724,0.9951
133,v4,v7,40.0,30.15,20.0,1.0,0.1507,0.4,12.5145,False,fuzzy_logic_dynamic_snr,12.4889,0.998
133,v4,v19,40.0,140.03,0.0,1.0,0.7002,0.0,5.6604,False,fuzzy_logic_dynamic_snr,5.6338,0.9873
134,v1,v13,40.0,50.0,0.0,1.0,0.25,0.0,12.8165,False,fuzzy_logic_dynamic_snr,12.7909,0.9961
134,v1,v5,40.0,90.0,0.0,1.0,0.45,0.0,8.7321,False,fuzzy_logic_dynamic_snr,8.7054,0.9932
134,v1,v6,40.0,120.04,20.0,1.0,0.6002,0.4,2.914,False,fuzzy_logic_dynamic_snr,2.8775,0.9795
134,v3,v15,20.0,40.0,30.0,0.6,0.2,0.6,-10.4494,True,fuzzy_logic_dynamic_snr,0.9334,0.2578
134,v3,v4,20.0,50.09,10.0,0.6,0.2504,0.2,-9.6042,False,fuzzy_logic_dynamic_snr,-9.6257,0.658
134,v3,v7,20.0,60.0,30.0,0.6,0.3,0.6,-13.2669,True,fuzzy_logic_dynamic_snr,0.7447,0.182
134,v3,v11,20.0,60.0,10.0,0.6,0.3,0.2,-10.8587,True,fuzzy_logic_dynamic_snr,0.9306,0.2254
134,v3,v19,20.0,90.0,30.0,0.6,0.45,0.6,-16.0844,True,fuzzy_logic_dynamic_snr,0.6533,0.1355
134,v4,v7,40.0,10.44,20.0,1.0,0.0522,0.4,19.8836,False,fuzzy_logic_dynamic_snr,19.8555,0.9961
134,v4,v11,40.0,10.44,0.0,1.0,0.0522,0.0,23.7006,False,fuzzy_logic_dynamic_snr,23.6716,0.9951
134,v4,v15,40.0,10.44,20.0,1.0,0.0522,0.4,19.8836,False,fuzzy_logic_dynamic_snr,19.8653,0.9971
134,v4,v3,40.0,50.09,10.0,1.0,0.2504,0.2,10.3958,False,fuzzy_logic_dynamic_snr,10.3737,0.9926
134,v4,v19,40.0,140.03,20.0,1.0,0.7002,0.4,1.8434,True,fuzzy_logic_dynamic_snr,2.4389,0.852
135,v1,v13,40.0,50.0,10.0,1.0,0.25,0.2,10.4082,False,fuzzy_logic_dynamic_snr,10.396,0.9971
135,v1,v5,40.0,90.0,10.0,1.0,0.45,0.2,6.3239,False,fuzzy_logic_dynamic_snr,6.3021,0.992
135,v1,v6,40.0,140.03,30.0,1.0,0.7002,0.6,0.8439,True,fuzzy_logic_dynamic_snr,2.3174,0.8125
135,v3,v19,20.0,60.0,10.0,0.6,0.3,0.2,-10.8587,True,fuzzy_logic_dynamic_snr,0.9282,0.2197
135,v3,v4,20.0,60.07,10.0,0.6,0.3004,0.2,-10.8673,True,fuzzy_logic_dynamic_snr,0.9251,0.2266
135,v3,v11,20.0,70.0,10.0,0.6,0.35,0.2,-11.9298,True,fuzzy_logic_dynamic_snr,0.8247,0.1965
135,v3,v15,20.0,70.0,20.0,0.6,0.35,0.4,-13.3385,True,fuzzy_logic_dynamic_snr,0.77,0.1873
135,v3,v7,20.0,90.0,10.0,0.6,0.45,0.2,-13.6761,True,fuzzy_logic_dynamic_snr,0.746,0.166
135,v4,v11,40.0,10.44,0.0,1.0,0.0522,0.0,23.7006,False,fuzzy_logic_dynamic_snr,23.667,0.999
135,v4,v15,40.0,10.44,30.0,1.0,0.0522,0.6,18.8841,False,fuzzy_logic_dynamic_snr,18.8516,0.998
135,v4,v7,40.0,30.15,20.0,1.0,0.1507,0.4,12.5145,False,fuzzy_logic_dynamic_snr,12.4917,0.9945
135,v4,v3,40.0,60.07,10.0,1.0,0.3004,0.2,9.1327,False,fuzzy_logic_dynamic_snr,9.1095,0.9932
135,v4,v19,40.0,120.04,0.0,1.0,0.6002,0.0,6.7309,False,fuzzy_logic_dynamic_snr,6.7068,0.9906
136,v1,v13,40.0,60.0,0.0,1.0,0.3,0.0,11.5496,False,fuzzy_logic_dynamic_snr,11.5202,0.9951
136,v1,v5,40.0,100.0,20.0,1.0,0.5,0.4,4.183,False,fuzzy_logic_dynamic_snr,4.1447,0.9857
136,v1,v6,40.0,170.03,20.0,1.0,0.8501,0.4,0.4948,True,fuzzy_logic_dynamic_snr,2.2681,0.7908
136,v3,v4,20.0,50.09,20.0,0.6,0.2504,0.4,-11.013,True,fuzzy_logic_dynamic_snr,0.9158,0.216
136,v3,v11,20.0,60.0,0.0,0.6,0.3,0.0,-8.4504,True,fuzzy_logic_dynamic_snr,1.1149,0.2967
136,v3,v19,20.0,70.0,10.0,0.6,0.35,0.2,-11.9298,True,fuzzy_logic_dynamic_snr,0.8471,0.2121
136,v3,v15,20.0,90.0,0.0,0.6,0.45,0.0,-11.2679,True,fuzzy_logic_dynamic_snr,0.9009,0.2123
136,v3,v7,20.0,100.0,30.0,0.6,0.5,0.6,-16.8165,True,fuzzy_logic_dynamic_snr,0.6235,0.1607
136,v4,v11,40.0,10.44,20.0,1.0,0.0522,0.4,19.8836,False,fuzzy_logic_dynamic_snr,19.8559,0.9971
136,v4,v15,40.0,40.11,20.0,1.0,0.2006,0.4,10.5306,False,fuzzy_logic_dynamic_snr,10.4976,0.9916
136,v4,v3,40.0,50.09,20.0,1.0,0.2504,0.4,8.987,False,fuzzy_logic_dynamic_snr,8.9512,0.9922
136,v4,v7,40.0,50.09,10.0,1.0,0.2504,0.2,10.3958,False,fuzzy_logic_dynamic_snr,10.3744,0.9951
136,v4,v19,40.0,120.04,10.0,1.0,0.6002,0.2,4.3227,False,fuzzy_logic_dynamic_snr,4.2945,0.9842
137,v1,v13,40.0,60.0,20.0,1.0,0.3,0.4,7.7326,False,fuzzy_logic_dynamic_snr,7.701,0.9893
137,v1,v5,40.0,120.0,10.0,1.0,0.6,0.2,4.3249,False,fuzzy_logic_dynamic_snr,4.2925,0.9902
137,v1,v6,40.0,190.02,10.0,1.0,0.9501,0.2,1.1308,True,fuzzy_logic_dynamic_snr,2.3577,0.8305
137,v3,v4,20.0,30.15,0.0,0.6,0.1507,0.0,-3.6685,False,fuzzy_logic_dynamic_snr,-3.6956,0.9133
137,v3,v11,20.0,60.0,10.0,0.6,0.3,0.2,-10.8587,True,fuzzy_logic_dynamic_snr,0.9404,0.2412
137,v3,v7,20.0,70.0,20.0,0.6,0.35,0.4,-13.3385,True,fuzzy_logic_dynamic_snr,0.768,0.183
137,v3,v19,20.0,80.0,10.0,0.6,0.4,0.2,-12.8577,True,fuzzy_logic_dynamic_snr,0.7794,0.2221
137,v3,v15,20.0,90.0,0.0,0.6,0.45,0.0,-11.2679,True,fuzzy_logic_dynamic_snr,0.9163,0.2375
137,v4,v3,40.0,30.15,0.0,1.0,0.1507,0.0,16.3315,False,fuzzy_logic_dynamic_snr,16.3017,0.9951
137,v4,v11,40.0,30.15,10.0,1.0,0.1507,0.2,13.9232,False,fuzzy_logic_dynamic_snr,13.9079,0.9971
137,v4,v7,40.0,40.11,20.0,1.0,0.2006,0.4,10.5306,False,fuzzy_logic_dynamic_snr,10.5057,0.9932
137,v4,v15,40.0,60.07,0.0,1.0,0.3004,0.0,11.5409,False,fuzzy_logic_dynamic_snr,11.5065,0.9932
137,v4,v19,40.0,110.04,10.0,1.0,0.5502,0.2,4.9269,False,fuzzy_logic_dynamic_snr,4.9003,0.9838
138,v1,v13,40.0,80.0,40.0,1.0,0.4,0.8,3.9588,True,fuzzy_logic_dynamic_snr,2.6328,0.9227
138,v1,v5,40.0,130.0,40.0,1.0,0.65,0.8,0.5851,True,fuzzy_logic_dynamic_snr,2.2883,0.7881
138,v3,v4,20.0,30.15,0.0,0.6,0.1507,0.0,-3.6685,False,fuzzy_logic_dynamic_snr,-3.6975,0.9027
138,v3,v11,20.0,70.0,30.0,0.6,0.35,0.6,-14.338,True,fuzzy_logic_dynamic_snr,0.7169,0.16
138,v3,v7,20.0,90.0,20.0,0.6,0.45,0.4,-15.0849,True,fuzzy_logic_dynamic_snr,0.6959,0.1805
138,v3,v15,20.0,90.0,10.0,0.6,0.45,0.2,-13.6761,True,fuzzy_logic_dynamic_snr,0.7573,0.1854
138,v3,v19,20.0,90.0,10.0,0.6,0.45,0.2,-13.6761,True,fuzzy_logic_dynamic_snr,0.7526,0.1826
138,v4,v3,40.0,30.15,0.0,1.0,0.1507,0.0,16.3315,False,fuzzy_logic_dynamic_snr,16.3123,0.9951
138,v4,v11,40.0,40.11,30.0,1.0,0.2006,0.6,9.5311,False,fuzzy_logic_dynamic_snr,9.5043,0.9932
138,v4,v7,40.0,60.07,20.0,1.0,0.3004,0.4,7.7239,False,fuzzy_logic_dynamic_snr,7.6876,0.9932
138,v4,v15,40.0,60.07,10.0,1.0,0.3004,0.2,9.1327,False,fuzzy_logic_dynamic_snr,9.1054,0.9941
138,v4,v19,40.0,120.04,10.0,1.0,0.6002,0.2,4.3227,False,fuzzy_logic_dynamic_snr,4.291,0.9824
139,v1,v13,40.0,40.0,30.0,1.0,0.2,0.6,9.5506,False,fuzzy_logic_dynamic_snr,9.5296,0.9932
139,v1,v5,40.0,90.0,20.0,1.0,0.45,0.4,4.9151,False,fuzzy_logic_dynamic_snr,4.8954,0.9883
139,v1,v6,40.0,170.03,10.0,1.0,0.8501,0.2,1.9035,True,fuzzy_logic_dynamic_snr,2.4416,0.8449
139,v3,v4,20.0,30.15,10.0,0.6,0.1507,0.2,-6.0768,False,fuzzy_logic_dynamic_snr,-6.1019,0.833
139,v3,v11,20.0,40.0,20.0,0.6,0.2,0.4,-9.4499,True,fuzzy_logic_dynamic_snr,1.0179,0.2623
139,v3,v7,20.0,70.0,10.0,0.6,0.35,0.2,-11.9298,True,fuzzy_logic_dynamic_snr,0.814,0.2131
139,v3,v15,20.0,80.0,20.0,0.6,0.4,0.4,-14.2664,True,fuzzy_logic_dynamic_snr,0.7228,0.1816
139,v3,v19,20.0,100.0,20.0,0.6,0.5,0.4,-15.817,True,fuzzy_logic_dynamic_snr,0.6593,0.1729
139,v4,v11,40.0,10.44,30.0,1.0,0.0522,0.6,18.8841,False,fuzzy_logic_dynamic_snr,18.8572,0.999
139,v4,v3,40.0,30.15,10.0,1.0,0.1507,0.2,13.9232,False,fuzzy_logic_dynamic_snr,13.8996,0.9941
139,v4,v7,40.0,40.11,20.0,1.0,0.2006,0.4,10.5306,False,fuzzy_logic_dynamic_snr,10.5032,0.9932
139,v4,v15,40.0,50.09,10.0,1.0,0.2504,0.2,10.3958,False,fuzzy_logic_dynamic_snr,10.3598,0.9922
139,v4,v19,40.0,130.03,10.0,1.0,0.6502,0.2,3.7668,False,fuzzy_logic_dynamic_snr,3.7436,0.9818
140,v1,v13,40.0,70.0,40.0,1.0,0.35,0.8,4.8867,True,fuzzy_logic_dynamic_snr,2.6949,0.926
140,v1,v5,40.0,110.0,20.0,1.0,0.55,0.4,3.5207,False,fuzzy_logic_dynamic_snr,3.5,0.9854
140,v1,v6,40.0,160.03,0.0,1.0,0.8001,0.0,4.7329,True,fuzzy_logic_dynamic_snr,2.683,0.9217
140,v3,v4,20.0,20.22,10.0,0.6,0.1011,0.2,-3.302,False,fuzzy_logic_dynamic_snr,-3.332,0.9035
140,v3,v11,20.0,60.0,40.0,0.6,0.3,0.8,-14.0422,True,fuzzy_logic_dynamic_snr,0.7341,0.1813
140,v3,v15,20.0,60.0,10.0,0.6,0.3,0.2,-10.8587,True,fuzzy_logic_dynamic_snr,0.929,0.2256
140,v3,v7,20.0,80.0,0.0,0.6,0.4,0.0,-10.4494,True,fuzzy_logic_dynamic_snr,0.932,0.2297
140,v3,v19,20.0,120.0,20.0,0.6,0.6,0.4,-17.0839,True,fuzzy_logic_dynamic_snr,0.6206,0.1539
140,v4,v3,40.0,20.22,10.0,1.0,0.1011,0.2,16.698,False,fuzzy_logic_dynamic_snr,16.6717,0.999
140,v4,v11,40.0,40.11,30.0,1.0,0.2006,0.6,9.5311,False,fuzzy_logic_dynamic_snr,9.517,0.9936
140,v4,v15,40.0,40.11,0.0,1.0,0.2006,0.0,14.3476,False,fuzzy_logic_dynamic_snr,14.3221,0.9941
140,v4,v7,40.0,60.07,10.0,1.0,0.3004,0.2,9.1327,False,fuzzy_logic_dynamic_snr,9.1099,0.9912
140,v4,v19,40.0,140.03,10.0,1.0,0.7002,0.2,3.2521,False,fuzzy_logic_dynamic_snr,3.2134,0.9775
141,v1,v13,40.0,30.0,20.0,1.0,0.15,0.4,12.5491,False,fuzzy_logic_dynamic_snr,12.5155,0.9916
141,v1,v5,40.0,90.0,10.0,1.0,0.45,0.2,6.3239,False,fuzzy_logic_dynamic_snr,6.2996,0.9873
141,v1,v6,40.0,160.03,20.0,1.0,0.8001,0.4,0.9159,True,fuzzy_logic_dynamic_snr,2.311,0.808
141,v3,v4,20.0,10.44,10.0,0.6,0.0522,0.2,1.2923,False,fuzzy_logic_dynamic_snr,1.2731,0.9705
141,v3,v11,20.0,20.0,30.0,0.6,0.1,0.6,-5.633,True,fuzzy_logic_dynamic_snr,1.4183,0.4189
141,v3,v15,20.0,50.0,20.0,0.6,0.25,0.4,-11.0005,True,fuzzy_logic_dynamic_snr,0.8972,0.2268
141,v3,v7,20.0,80.0,40.0,0.6,0.4,0.8,-16.0412,True,fuzzy_logic_dynamic_snr,0.6511,0.1627
141,v3,v19,20.0,140.0,20.0,0.6,0.7,0.4,-18.155,True,fuzzy_logic_dynamic_snr,0.5652,0.1348
141,v4,v3,40.0,10.44,10.0,1.0,0.0522,0.2,21.2923,False,fuzzy_logic_dynamic_snr,21.2581,0.998
141,v4,v11,40.0,10.44,20.0,1.0,0.0522,0.4,19.8836,False,fuzzy_logic_dynamic_snr,19.858,0.998
141,v4,v15,40.0,40.11,10.0,1.0,0.2006,0.2,11.9393,False,fuzzy_logic_dynamic_snr,11.9105,0.9941
141,v4,v7,40.0,70.06,30.0,1.0,0.3503,0.6,5.6556,False,fuzzy_logic_dynamic_snr,5.6273,0.9873
141,v4,v19,40.0,150.03,10.0,1.0,0.7501,0.2,2.7729,False,fuzzy_logic_dynamic_snr,2.7527,0.9773
142,v1,v13,40.0,10.0,0.0,1.0,0.05,0.0,24.0,False,fuzzy_logic_dynamic_snr,23.9757,0.998
142,v1,v5,40.0,100.0,10.0,1.0,0.5,0.2,5.5918,False,fuzzy_logic_dynamic_snr,5.568,0.9834
142,v1,v6,40.0,180.02,30.0,1.0,0.9001,0.6,-0.9018,True,fuzzy_logic_dynamic_snr,2.0835,0.7242
142,v3,v4,20.0,3.0,0.0,0.6,0.015,0.0,12.3661,False,fuzzy_logic_dynamic_snr,12.3297,0.9941
142,v3,v11,20.0,10.0,20.0,0.6,0.05,0.4,0.183,True,fuzzy_logic_dynamic_snr,2.2263,0.7688
142,v3,v15,20.0,30.0,10.0,0.6,0.15,0.2,-6.0422,False,fuzzy_logic_dynamic_snr,-6.0613,0.8148
142,v3,v7,20.0,40.0,10.0,0.6,0.2,0.2,-8.0412,False,fuzzy_logic_dynamic_snr,-8.0545,0.7328
142,v3,v8,20.0,150.03,10.0,0.6,0.7501,0.2,-17.2271,True,fuzzy_logic_dynamic_snr,0.6079,0.1695
142,v4,v3,40.0,3.0,0.0,1.0,0.015,0.0,32.3661,False,fuzzy_logic_dynamic_snr,32.3351,0.999
142,v4,v11,40.0,10.44,20.0,1.0,0.0522,0.4,19.8836,False,fuzzy_logic_dynamic_snr,19.8492,0.9971
142,v4,v15,40.0,30.15,10.0,1.0,0.1507,0.2,13.9232,False,fuzzy_logic_dynamic_snr,13.8994,0.9941
142,v4,v7,40.0,40.11,10.0,1.0,0.2006,0.2,11.9393,False,fuzzy_logic_dynamic_snr,11.9103,0.9945
142,v4,v8,40.0,150.0,10.0,1.0,0.75,0.2,2.7743,False,fuzzy_logic_dynamic_snr,2.7559,0.9842
143,v1,v13,40.0,10.0,0.0,1.0,0.05,0.0,24.0,False,fuzzy_logic_dynamic_snr,23.9794,0.999
143,v1,v5,40.0,110.0,30.0,1.0,0.55,0.6,2.5212,True,fuzzy_logic_dynamic_snr,2.5018,0.8656
143,v3,v4,20.0,3.0,40.0,0.6,0.015,0.8,6.7743,True,fuzzy_logic_dynamic_snr,2.7964,0.9438
143,v3,v11,20.0,10.0,40.0,0.6,0.05,0.8,-1.5918,True,fuzzy_logic_dynamic_snr,1.9908,0.6705
143,v3,v15,20.0,20.0,40.0,0.6,0.1,0.8,-6.4082,True,fuzzy_logic_dynamic_snr,1.3239,0.3953
143,v3,v7,20.0,30.0,0.0,0.6,0.15,0.0,-3.6339,False,fuzzy_logic_dynamic_snr,-3.6626,0.9033
143,v3,v19,20.0,140.0,30.0,0.6,0.7,0.6,-19.1545,True,fuzzy_logic_dynamic_snr,0.5472,0.1195
143,v4,v3,40.0,3.0,40.0,1.0,0.015,0.8,26.7743,True,fuzzy_logic_dynamic_snr,2.9682,0.9582
143,v4,v11,40.0,10.44,0.0,1.0,0.0522,0.0,23.7006,False,fuzzy_logic_dynamic_snr,23.6717,0.998
143,v4,v15,40.0,20.22,0.0,1.0,0.1011,0.0,19.1062,False,fuzzy_logic_dynamic_snr,19.0757,0.998
143,v4,v7,40.0,30.15,40.0,1.0,0.1507,0.8,10.7397,True,fuzzy_logic_dynamic_snr,2.902,0.9592
143,v4,v19,40.0,140.03,10.0,1.0,0.7002,0.2,3.2521,False,fuzzy_logic_dynamic_snr,3.2127,0.9893
144,v1,v13,40.0,10.0,0.0,1.0,0.05,0.0,24.0,False,fuzzy_logic_dynamic_snr,23.9798,0.9961
144,v1,v5,40.0,140.0,0.0,1.0,0.7,0.0,5.662,False,fuzzy_logic_dynamic_snr,5.6439,0.9896
144,v3,v15,20.0,20.0,40.0,0.6,0.1,0.8,-6.4082,True,fuzzy_logic_dynamic_snr,1.3243,0.3619
144,v3,v7,20.0,30.0,10.0,0.6,0.15,0.2,-6.0422,False,fuzzy_logic_dynamic_snr,-6.0814,0.8135
144,v3,v11,20.0,30.0,20.0,0.6,0.15,0.4,-7.4509,True,fuzzy_logic_dynamic_snr,1.2115,0.3209
144,v3,v4,20.0,40.11,20.0,0.6,0.2006,0.4,-9.4694,True,fuzzy_logic_dynamic_snr,1.0217,0.2527
144,v3,v19,20.0,170.0,30.0,0.6,0.85,0.6,-20.5037,True,fuzzy_logic_dynamic_snr,0.5301,0.1373
144,v4,v11,40.0,10.44,0.0,1.0,0.0522,0.0,23.7006,False,fuzzy_logic_dynamic_snr,23.6742,0.998
144,v4,v15,40.0,20.22,20.0,1.0,0.1011,0.4,15.2892,False,fuzzy_logic_dynamic_snr,15.2736,0.9941
144,v4,v3,40.0,40.11,20.0,1.0,0.2006,0.4,10.5306,False,fuzzy_logic_dynamic_snr,10.5057,0.9926
144,v4,v7,40.0,70.06,10.0,1.0,0.3503,0.2,8.0638,False,fuzzy_logic_dynamic_snr,8.0362,0.9906
144,v4,v8,40.0,130.0,20.0,1.0,0.65,0.4,2.3599,True,fuzzy_logic_dynamic_snr,2.4862,0.8656
145,v1,v13,40.0,10.0,20.0,1.0,0.05,0.4,20.183,False,fuzzy_logic_dynamic_snr,20.1534,0.9971
145,v1,v5,40.0,140.0,40.0,1.0,0.7,0.8,0.0702,True,fuzzy_logic_dynamic_snr,2.2133,0.7549
145,v3,v11,20.0,10.0,10.0,0.6,0.05,0.2,1.5918,False,fuzzy_logic_dynamic_snr,1.5661,0.977
145,v3,v15,20.0,20.0,10.0,0.6,0.1,0.2,-3.2247,False,fuzzy_logic_dynamic_snr,-3.2619,0.9221
145,v3,v4,20.0,20.22,0.0,0.6,0.1011,0.0,-0.8938,False,fuzzy_logic_dynamic_snr,-0.9096,0.9416
145,v3,v7,20.0,40.0,20.0,0.6,0.2,0.4,-9.4499,True,fuzzy_logic_dynamic_snr,1.0332,0.2625
145,v3,v8,20.0,130.03,40.0,0.6,0.6502,0.8,-19.4167,True,fuzzy_logic_dynamic_snr,0.5298,0.1223
145,v4,v11,40.0,10.44,10.0,1.0,0.0522,0.2,21.2923,False,fuzzy_logic_dynamic_snr,21.2772,0.998
145,v4,v3,40.0,20.22,0.0,1.0,0.1011,0.0,19.1062,False,fuzzy_logic_dynamic_snr,19.0777,0.998
145,v4,v15,40.0,40.11,10.0,1.0,0.2006,0.2,11.9393,False,fuzzy_logic_dynamic_snr,11.9082,0.998
145,v4,v7,40.0,60.07,20.0,1.0,0.3004,0.4,7.7239,False,fuzzy_logic_dynamic_snr,7.6993,0.9922
145,v4,v8,40.0,110.0,40.0,1.0,0.55,0.8,1.746,True,fuzzy_logic_dynamic_snr,2.4171,0.8484
146,v1,v13,40.0,10.0,40.0,1.0,0.05,0.8,18.4082,True,fuzzy_logic_dynamic_snr,2.9581,0.9637
146,v1,v5,40.0,100.0,40.0,1.0,0.5,0.8,2.4082,True,fuzzy_logic_dynamic_snr,2.4986,0.8773
146,v1,v6,40.0,180.02,20.0,1.0,0.9001,0.4,0.0977,True,fuzzy_logic_dynamic_snr,2.237,0.7797
146,v3,v15,20.0,10.0,10.0,0.6,0.05,0.2,1.5918,False,fuzzy_logic_dynamic_snr,1.5538,0.9803
146,v3,v7,20.0,20.0,0.0,0.6,0.1,0.0,-0.8165,False,fuzzy_logic_dynamic_snr,-0.8378,0.9691
146,v3,v11,20.0,20.0,10.0,0.6,0.1,0.2,-3.2247,False,fuzzy_logic_dynamic_snr,-3.2434,0.9242
146,v3,v4,20.0,20.22,10.0,0.6,0.1011,0.2,-3.302,False,fuzzy_logic_dynamic_snr,-3.3374,0.9197
146,v3,v19,20.0,150.0,10.0,0.6,0.75,0.2,-17.2257,True,fuzzy_logic_dynamic_snr,0.6267,0.1553
146,v4,v11,40.0,3.0,20.0,1.0,0.015,0.4,28.5491,False,fuzzy_logic_dynamic_snr,28.5331,0.998
146,v4,v3,40.0,20.22,10.0,1.0,0.1011,0.2,16.698,False,fuzzy_logic_dynamic_snr,16.673,0.9971
146,v4,v15,40.0,30.15,0.0,1.0,0.1507,0.0,16.3315,False,fuzzy_logic_dynamic_snr,16.3085,0.9951
146,v4,v7,40.0,40.11,10.0,1.0,0.2006,0.2,11.9393,False,fuzzy_logic_dynamic_snr,11.9146,0.9951
146,v4,v19,40.0,130.03,20.0,1.0,0.6502,0.4,2.3581,True,fuzzy_logic_dynamic_snr,2.4942,0.882
147,v1,v13,40.0,30.0,10.0,1.0,0.15,0.2,13.9578,False,fuzzy_logic_dynamic_snr,13.9376,0.9961
147,v1,v5,40.0,140.0,20.0,1.0,0.7,0.4,1.845,True,fuzzy_logic_dynamic_snr,2.4336,0.8609
147,v3,v15,20.0,0.0,10.0,0.6,0.0,0.2,33.5918,False,fuzzy_logic_dynamic_snr,33.5649,1.0
147,v3,v11,20.0,10.0,10.0,0.6,0.05,0.2,1.5918,False,fuzzy_logic_dynamic_snr,1.564,0.9729
147,v3,v7,20.0,20.0,30.0,0.6,0.1,0.6,-5.633,True,fuzzy_logic_dynamic_snr,1.4198,0.4264
147,v3,v4,20.0,30.15,20.0,0.6,0.1507,0.4,-7.4855,True,fuzzy_logic_dynamic_snr,1.2115,0.3137
147,v3,v19,20.0,140.0,20.0,0.6,0.7,0.4,-18.155,True,fuzzy_logic_dynamic_snr,0.6035,0.1361
147,v4,v11,40.0,20.22,30.0,1.0,0.1011,0.6,14.2897,False,fuzzy_logic_dynamic_snr,14.2525,0.9961
147,v4,v3,40.0,30.15,20.0,1.0,0.1507,0.4,12.5145,False,fuzzy_logic_dynamic_snr,12.4824,0.9951
147,v4,v15,40.0,30.15,30.0,1.0,0.1507,0.6,11.515,False,fuzzy_logic_dynamic_snr,11.4956,0.9951
147,v4,v7,40.0,50.09,10.0,1.0,0.2504,0.2,10.3958,False,fuzzy_logic_dynamic_snr,10.3702,0.9922
147,v4,v19,40.0,110.04,0.0,1.0,0.5502,0.0,7.3351,False,fuzzy_logic_dynamic_snr,7.3014,0.9902
148,v1,v13,40.0,20.0,0.0,1.0,0.1,0.0,19.1835,False,fuzzy_logic_dynamic_snr,19.1778,0.998
148,v1,v5,40.0,120.0,20.0,1.0,0.6,0.4,2.9161,False,fuzzy_logic_dynamic_snr,2.8736,0.9828
148,v1,v6,40.0,170.03,10.0,1.0,0.8501,0.2,1.9035,True,fuzzy_logic_dynamic_snr,2.4426,0.8424
148,v3,v15,20.0,10.0,10.0,0.6,0.05,0.2,1.5918,False,fuzzy_logic_dynamic_snr,1.5609,0.9805
148,v3,v4,20.0,10.44,30.0,0.6,0.0522,0.6,-1.1159,True,fuzzy_logic_dynamic_snr,2.0623,0.718
148,v3,v11,20.0,20.0,20.0,0.6,0.1,0.4,-4.6334,True,fuzzy_logic_dynamic_snr,1.5658,0.4682
148,v3,v7,20.0,50.0,10.0,0.6,0.25,0.2,-9.5918,False,fuzzy_logic_dynamic_snr,-9.6121,0.6066
148,v3,v19,20.0,120.0,20.0,0.6,0.6,0.4,-17.0839,True,fuzzy_logic_dynamic_snr,0.6216,0.1576
148,v4,v15,40.0,3.0,20.0,1.0,0.015,0.4,28.5491,False,fuzzy_logic_dynamic_snr,28.5174,0.999
148,v4,v3,40.0,10.44,30.0,1.0,0.0522,0.6,18.8841,False,fuzzy_logic_dynamic_snr,18.8552,1.0
148,v4,v11,40.0,10.44,10.0,1.0,0.0522,0.2,21.2923,False,fuzzy_logic_dynamic_snr,21.2586,0.998
148,v4,v7,40.0,60.07,40.0,1.0,0.3004,0.8,5.9491,True,fuzzy_logic_dynamic_snr,2.7615,0.9432
148,v4,v8,40.0,110.0,40.0,1.0,0.55,0.8,1.746,True,fuzzy_logic_dynamic_snr,2.4191,0.8432
149,v1,v13,40.0,20.0,10.0,1.0,0.1,0.2,16.7753,False,fuzzy_logic_dynamic_snr,16.744,0.9971
149,v1,v5,40.0,100.0,20.0,1.0,0.5,0.4,4.183,False,fuzzy_logic_dynamic_snr,4.1476,0.9877
149,v1,v6,40.0,180.02,0.0,1.0,0.9001,0.0,3.9147,True,fuzzy_logic_dynamic_snr,2.6262,0.9117
149,v3,v15,20.0,20.0,10.0,0.6,0.1,0.2,-3.2247,False,fuzzy_logic_dynamic_snr,-3.2579,0.9373
149,v3,v11,20.0,40.0,20.0,0.6,0.2,0.4,-9.4499,True,fuzzy_logic_dynamic_snr,1.0146,0.2641
149,v3,v4,20.0,40.11,10.0,0.6,0.2006,0.2,-8.0607,False,fuzzy_logic_dynamic_snr,-8.0828,0.7033
149,v3,v7,20.0,60.0,0.0,0.6,0.3,0.0,-8.4504,True,fuzzy_logic_dynamic_snr,1.1075,0.2848
149,v3,v8,20.0,110.04,10.0,0.6,0.5502,0.2,-15.0731,True,fuzzy_logic_dynamic_snr,0.6971,0.1844
149,v4,v11,40.0,3.0,10.0,1.0,0.015,0.2,29.9578,False,fuzzy_logic_dynamic_snr,29.9314,0.998
149,v4,v15,40.0,20.22,20.0,1.0,0.1011,0.4,15.2892,False,fuzzy_logic_dynamic_snr,15.2738,0.9951
149,v4,v3,40.0,40.11,10.0,1.0,0.2006,0.2,11.9393,False,fuzzy_logic_dynamic_snr,11.9072,0.9961
149,v4,v8,40.0,70.0,20.0,1.0,0.35,0.4,6.6615,False,fuzzy_logic_dynamic_snr,6.633,0.9887
149,v4,v7,40.0,100.04,10.0,1.0,0.5002,0.2,5.5886,False,fuzzy_logic_dynamic_snr,5.5612,0.9893
150,v1,v13,40.0,10.0,10.0,1.0,0.05,0.2,21.5918,False,fuzzy_logic_dynamic_snr,21.5668,0.998
150,v1,v5,40.0,120.0,0.0,1.0,0.6,0.0,6.7331,False,fuzzy_logic_dynamic_snr,6.716,0.9941
150,v1,v6,40.0,180.02,10.0,1.0,0.9001,0.2,1.5064,True,fuzzy_logic_dynamic_snr,2.3911,0.8436
150,v3,v11,20.0,20.0,20.0,0.6,0.1,0.4,-4.6334,True,fuzzy_logic_dynamic_snr,1.5624,0.4586
150,v3,v15,20.0,30.0,0.0,0.6,0.15,0.0,-3.6339,False,fuzzy_logic_dynamic_snr,-3.6687,0.9062
150,v3,v4,20.0,30.15,10.0,0.6,0.1507,0.2,-6.0768,False,fuzzy_logic_dynamic_snr,-6.1085,0.801
150,v3,v7,20.0,60.0,20.0,0.6,0.3,0.4,-12.2674,True,fuzzy_logic_dynamic_snr,0.8085,0.1951
150,v3,v8,20.0,120.04,10.0,0.6,0.6002,0.2,-15.6773,True,fuzzy_logic_dynamic_snr,0.6659,0.1719
150,v4,v15,40.0,3.0,10.0,1.0,0.015,0.2,29.9578,False,fuzzy_logic_dynamic_snr,29.9276,0.998
150,v4,v11,40.0,10.44,10.0,1.0,0.0522,0.2,21.2923,False,fuzzy_logic_dynamic_snr,21.2655,0.998
150,v4,v3,40.0,30.15,10.0,1.0,0.1507,0.2,13.9232,False,fuzzy_logic_dynamic_snr,13.8972,0.998
150,v4,v8,40.0,90.0,0.0,1.0,0.45,0.0,8.7321,False,fuzzy_logic_dynamic_snr,8.7094,0.9951
150,v4,v7,40.0,90.05,10.0,1.0,0.4502,0.2,6.32,False,fuzzy_logic_dynamic_snr,6.2955,0.9936
151,v1,v13,40.0,20.0,20.0,1.0,0.1,0.4,15.3666,False,fuzzy_logic_dynamic_snr,15.3414,0.9971
151,v1,v5,40.0,120.0,0.0,1.0,0.6,0.0,6.7331,False,fuzzy_logic_dynamic_snr,6.7163,0.9857
151,v1,v6,40.0,170.03,20.0,1.0,0.8501,0.4,0.4948,True,fuzzy_logic_dynamic_snr,2.2571,0.8025
151,v3,v15,20.0,30.0,10.0,0.6,0.15,0.2,-6.0422,False,fuzzy_logic_dynamic_snr,-6.0596,0.8121
151,v3,v7,20.0,40.0,20.0,0.6,0.2,0.4,-9.4499,True,fuzzy_logic_dynamic_snr,1.0384,0.258
151,v3,v11,20.0,40.0,10.0,0.6,0.2,0.2,-8.0412,False,fuzzy_logic_dynamic_snr,-8.0697,0.7139
151,v3,v4,20.0,40.11,10.0,0.6,0.2006,0.2,-8.0607,False,fuzzy_logic_dynamic_snr,-8.0845,0.7172
151,v3,v19,20.0,130.0,10.0,0.6,0.65,0.2,-16.2313,True,fuzzy_logic_dynamic_snr,0.6343,0.1621
151,v4,v11,40.0,3.0,20.0,1.0,0.015,0.4,28.5491,False,fuzzy_logic_dynamic_snr,28.5187,1.0
151,v4,v15,40.0,10.44,20.0,1.0,0.0522,0.4,19.8836,False,fuzzy_logic_dynamic_snr,19.8624,0.9951
151,v4,v3,40.0,40.11,10.0,1.0,0.2006,0.2,11.9393,False,fuzzy_logic_dynamic_snr,11.9151,0.9961
151,v4,v7,40.0,80.06,10.0,1.0,0.4003,0.2,7.1374,False,fuzzy_logic_dynamic_snr,7.1135,0.9863
151,v4,v8,40.0,90.0,20.0,1.0,0.45,0.4,4.9151,False,fuzzy_logic_dynamic_snr,4.8855,0.9922
152,v1,v13,40.0,40.0,20.0,1.0,0.2,0.4,10.5501,False,fuzzy_logic_dynamic_snr,10.5279,0.9941
152,v1,v5,40.0,120.0,0.0,1.0,0.6,0.0,6.7331,False,fuzzy_logic_dynamic_snr,6.706,0.9873
152,v1,v6,40.0,190.02,20.0,1.0,0.9501,0.4,-0.2779,True,fuzzy_logic_dynamic_snr,2.1706,0.7738
152,v3,v4,20.0,30.15,10.0,0.6,0.1507,0.2,-6.0768,False,fuzzy_logic_dynamic_snr,-6.1053,0.8287
152,v3,v15,20.0,40.0,30.0,0.6,0.2,0.6,-10.4494,True,fuzzy_logic_dynamic_snr,0.9526,0.2346
152,v3,v11,20.0,50.0,20.0,0.6,0.25,0.4,-11.0005,True,fuzzy_logic_dynamic_snr,0.9213,0.2439
152,v3,v7,20.0,60.0,20.0,0.6,0.3,0.4,-12.2674,True,fuzzy_logic_dynamic_snr,0.8247,0.2041
152,v3,v19,20.0,120.0,10.0,0.6,0.6,0.2,-15.6751,True,fuzzy_logic_dynamic_snr,0.6505,0.1727
152,v4,v15,40.0,10.44,20.0,1.0,0.0522,0.4,19.8836,False,fuzzy_logic_dynamic_snr,19.8585,0.998
152,v4,v11,40.0,20.22,10.0,1.0,0.1011,0.2,16.698,False,fuzzy_logic_dynamic_snr,16.6708,0.9971
152,v4,v3,40.0,30.15,10.0,1.0,0.1507,0.2,13.9232,False,fuzzy_logic_dynamic_snr,13.8972,0.9971
152,v4,v7,40.0,90.05,10.0,1.0,0.4502,0.2,6.32,False,fuzzy_logic_dynamic_snr,6.2995,0.9863
152,v4,v19,40.0,90.05,0.0,1.0,0.4502,0.0,8.7283,False,fuzzy_logic_dynamic_snr,8.699,0.9932
153,v1,v13,40.0,20.0,40.0,1.0,0.1,0.8,13.5918,True,fuzzy_logic_dynamic_snr,2.9353,0.9582
153,v1,v5,40.0,120.0,20.0,1.0,0.6,0.4,2.9161,False,fuzzy_logic_dynamic_snr,2.8978,0.9805
153,v1,v6,40.0,170.03,30.0,1.0,0.8501,0.6,-0.5047,True,fuzzy_logic_dynamic_snr,2.1365,0.735
153,v3,v15,20.0,10.0,0.0,0.6,0.05,0.0,4.0,False,fuzzy_logic_dynamic_snr,3.9678,0.9877
153,v3,v4,20.0,20.22,10.0,0.6,0.1011,0.2,-3.302,False,fuzzy_logic_dynamic_snr,-3.3258,0.9281
153,v3,v11,20.0,30.0,20.0,0.6,0.15,0.4,-7.4509,True,fuzzy_logic_dynamic_snr,1.2091,0.3227
153,v3,v7,20.0,80.0,40.0,0.6,0.4,0.8,-16.0412,True,fuzzy_logic_dynamic_snr,0.6602,0.1521
153,v3,v19,20.0,110.0,40.0,0.6,0.55,0.8,-18.254,True,fuzzy_logic_dynamic_snr,0.5901,0.1418
153,v4,v11,40.0,10.44,10.0,1.0,0.0522,0.2,21.2923,False,fuzzy_logic_dynamic_snr,21.2709,1.0
153,v4,v15,40.0,10.44,10.0,1.0,0.0522,0.2,21.2923,False,fuzzy_logic_dynamic_snr,21.2607,0.9971
153,v4,v3,40.0,20.22,10.0,1.0,0.1011,0.2,16.698,False,fuzzy_logic_dynamic_snr,16.6817,0.999
153,v4,v19,40.0,90.05,30.0,1.0,0.4502,0.6,3.9118,True,fuzzy_logic_dynamic_snr,2.6323,0.899
153,v4,v7,40.0,100.04,30.0,1.0,0.5002,0.6,3.1804,True,fuzzy_logic_dynamic_snr,2.5685,0.8848
154,v1,v13,40.0,60.0,10.0,1.0,0.3,0.2,9.1413,False,fuzzy_logic_dynamic_snr,9.1117,0.9893
154,v1,v5,40.0,140.0,20.0,1.0,0.7,0.4,1.845,True,fuzzy_logic_dynamic_snr,2.4418,0.849
154,v3,v11,20.0,10.0,10.0,0.6,0.05,0.2,1.5918,False,fuzzy_logic_dynamic_snr,1.5677,0.9736
154,v3,v15,20.0,10.0,10.0,0.6,0.05,0.2,1.5918,False,fuzzy_logic_dynamic_snr,1.5717,0.9746
154,v3,v4,20.0,10.44,20.0,0.6,0.0522,0.4,-0.1164,True,fuzzy_logic_dynamic_snr,2.2021,0.7479
154,v3,v19,20.0,70.0,0.0,0.6,0.35,0.0,-9.5216,True,fuzzy_logic_dynamic_snr,1.0013,0.266
154,v3,v7,20.0,120.0,20.0,0.6,0.6,0.4,-17.0839,True,fuzzy_logic_dynamic_snr,0.61,0.1453
154,v4,v11,40.0,3.0,10.0,1.0,0.015,0.2,29.9578,False,fuzzy_logic_dynamic_snr,29.9289,1.0
154,v4,v15,40.0,3.0,10.0,1.0,0.015,0.2,29.9578,False,fuzzy_logic_dynamic_snr,29.933,1.0
154,v4,v3,40.0,10.44,20.0,1.0,0.0522,0.4,19.8836,False,fuzzy_logic_dynamic_snr,19.8493,0.9971
154,v4,v19,40.0,60.07,20.0,1.0,0.3004,0.4,7.7239,False,fuzzy_logic_dynamic_snr,7.6896,0.9902
154,v4,v7,40.0,130.03,0.0,1.0,0.6502,0.0,6.1751,False,fuzzy_logic_dynamic_snr,6.1423,0.9916
155,v1,v13,40.0,70.0,20.0,1.0,0.35,0.4,6.6615,False,fuzzy_logic_dynamic_snr,6.6453,0.9922
155,v1,v5,40.0,160.0,20.0,1.0,0.8,0.4,0.9171,True,fuzzy_logic_dynamic_snr,2.3355,0.8209
155,v3,v11,20.0,0.0,0.0,0.6,0.0,0.0,36.0,False,fuzzy_logic_dynamic_snr,35.9774,1.0
155,v3,v15,20.0,0.0,30.0,0.6,0.0,0.6,31.1835,True,fuzzy_logic_dynamic_snr,2.9682,0.9602
155,v3,v4,20.0,10.44,20.0,0.6,0.0522,0.4,-0.1164,True,fuzzy_logic_dynamic_snr,2.1819,0.7551
155,v3,v19,20.0,70.0,30.0,0.6,0.35,0.6,-14.338,True,fuzzy_logic_dynamic_snr,0.7044,0.1789
155,v3,v8,20.0,120.04,0.0,0.6,0.6002,0.0,-13.2691,True,fuzzy_logic_dynamic_snr,0.775,0.1949
155,v4,v3,40.0,10.44,20.0,1.0,0.0522,0.4,19.8836,False,fuzzy_logic_dynamic_snr,19.8486,1.0
155,v4,v11,40.0,10.44,20.0,1.0,0.0522,0.4,19.8836,False,fuzzy_logic_dynamic_snr,19.8619,0.999
155,v4,v15,40.0,10.44,10.0,1.0,0.0522,0.2,21.2923,False,fuzzy_logic_dynamic_snr,21.2649,0.998
155,v4,v19,40.0,80.06,10.0,1.0,0.4003,0.2,7.1374,False,fuzzy_logic_dynamic_snr,7.1257,0.9922
155,v4,v8,40.0,130.0,20.0,1.0,0.65,0.4,2.3599,True,fuzzy_logic_dynamic_snr,2.5038,0.8645
156,v1,v13,40.0,90.0,0.0,1.0,0.45,0.0,8.7321,False,fuzzy_logic_dynamic_snr,8.7126,0.9951
156,v1,v5,40.0,140.0,0.0,1.0,0.7,0.0,5.662,False,fuzzy_logic_dynamic_snr,5.6287,0.9873
156,v3,v11,20.0,0.0,20.0,0.6,0.0,0.4,32.183,True,fuzzy_logic_dynamic_snr,2.9687,0.9592
156,v3,v4,20.0,10.44,30.0,0.6,0.0522,0.6,-1.1159,True,fuzzy_logic_dynamic_snr,2.0475,0.7006
156,v3,v15,20.0,30.0,20.0,0.6,0.15,0.4,-7.4509,True,fuzzy_logic_dynamic_snr,1.1758,0.3041
156,v3,v19,20.0,100.0,20.0,0.6,0.5,0.4,-15.817,True,fuzzy_logic_dynamic_snr,0.6556,0.158
156,v3,v8,20.0,120.04,20.0,0.6,0.6002,0.4,-17.086,True,fuzzy_logic_dynamic_snr,0.6143,0.1561
156,v4,v3,40.0,10.44,30.0,1.0,0.0522,0.6,18.8841,False,fuzzy_logic_dynamic_snr,18.8571,0.998
156,v4,v11,40.0,10.44,10.0,1.0,0.0522,0.2,21.2923,False,fuzzy_logic_dynamic_snr,21.258,0.9971
156,v4,v15,40.0,20.22,10.0,1.0,0.1011,0.2,16.698,False,fuzzy_logic_dynamic_snr,16.6761,0.999
156,v4,v19,40.0,90.05,10.0,1.0,0.4502,0.2,6.32,False,fuzzy_logic_dynamic_snr,6.2852,0.9902
156,v4,v8,40.0,110.0,10.0,1.0,0.55,0.2,4.9295,False,fuzzy_logic_dynamic_snr,4.9119,0.9832
157,v1,v13,40.0,90.0,10.0,1.0,0.45,0.2,6.3239,False,fuzzy_logic_dynamic_snr,6.2981,0.9916
157,v1,v5,40.0,140.0,20.0,1.0,0.7,0.4,1.845,True,fuzzy_logic_dynamic_snr,2.4458,0.8521
157,v1,v6,40.0,190.02,20.0,1.0,0.9501,0.4,-0.2779,True,fuzzy_logic_dynamic_snr,2.1705,0.7746
157,v3,v15,20.0,10.0,20.0,0.6,0.05,0.4,0.183,True,fuzzy_logic_dynamic_snr,2.2493,0.7887
157,v3,v11,20.0,20.0,10.0,0.6,0.1,0.2,-3.2247,False,fuzzy_logic_dynamic_snr,-3.2426,0.9137
157,v3,v4,20.0,20.22,30.0,0.6,0.1011,0.6,-5.7103,True,fuzzy_logic_dynamic_snr,1.4196,0.4025
157,v3,v19,20.0,80.0,0.0,0.6,0.4,0.0,-10.4494,True,fuzzy_logic_dynamic_snr,0.9397,0.2477
157,v3,v8,20.0,100.04,30.0,0.6,0.5002,0.6,-16.8196,True,fuzzy_logic_dynamic_snr,0.6165,0.1375
157,v4,v11,40.0,3.0,40.0,1.0,0.015,0.8,26.7743,True,fuzzy_logic_dynamic_snr,2.9673,0.9578
157,v4,v3,40.0,20.22,30.0,1.0,0.1011,0.6,14.2897,False,fuzzy_logic_dynamic_snr,14.2656,0.9971
157,v4,v15,40.0,30.15,10.0,1.0,0.1507,0.2,13.9232,False,fuzzy_logic_dynamic_snr,13.8857,0.9941
157,v4,v19,40.0,100.04,30.0,1.0,0.5002,0.6,3.1804,True,fuzzy_logic_dynamic_snr,2.5664,0.8951
157,v4,v8,40.0,120.0,0.0,1.0,0.6,0.0,6.7331,False,fuzzy_logic_dynamic_snr,6.7095,0.9932
158,v1,v13,40.0,100.0,10.0,1.0,0.5,0.2,5.5918,False,fuzzy_logic_dynamic_snr,5.5723,0.9883
158,v1,v5,40.0,160.0,20.0,1.0,0.8,0.4,0.9171,True,fuzzy_logic_dynamic_snr,2.3141,0.8291
158,v3,v4,20.0,10.44,10.0,0.6,0.0522,0.2,1.2923,False,fuzzy_logic_dynamic_snr,1.2814,0.973
158,v3,v11,20.0,30.0,10.0,0.6,0.15,0.2,-6.0422,False,fuzzy_logic_dynamic_snr,-6.0705,0.8414
158,v3,v15,20.0,30.0,0.0,0.6,0.15,0.0,-3.6339,False,fuzzy_logic_dynamic_snr,-3.6556,0.9133
158,v3,v19,20.0,80.0,20.0,0.6,0.4,0.4,-14.2664,True,fuzzy_logic_dynamic_snr,0.7323,0.175
158,v3,v8,20.0,130.03,40.0,0.6,0.6502,0.8,-19.4167,True,fuzzy_logic_dynamic_snr,0.5652,0.1248
158,v4,v3,40.0,10.44,10.0,1.0,0.0522,0.2,21.2923,False,fuzzy_logic_dynamic_snr,21.2677,0.998
158,v4,v15,40.0,20.22,10.0,1.0,0.1011,0.2,16.698,False,fuzzy_logic_dynamic_snr,16.6599,0.9961
158,v4,v11,40.0,40.11,0.0,1.0,0.2006,0.0,14.3476,False,fuzzy_logic_dynamic_snr,14.3259,0.9922
158,v4,v19,40.0,70.06,10.0,1.0,0.3503,0.2,8.0638,False,fuzzy_logic_dynamic_snr,8.0396,0.9912
158,v4,v8,40.0,120.0,30.0,1.0,0.6,0.6,1.9166,True,fuzzy_logic_dynamic_snr,2.4366,0.8258
159,v1,v13,40.0,110.0,30.0,1.0,0.55,0.6,2.5212,True,fuzzy_logic_dynamic_snr,2.5072,0.8785
159,v1,v5,40.0,140.0,0.0,1.0,0.7,0.0,5.662,False,fuzzy_logic_dynamic_snr,5.6423,0.9848
159,v3,v11,20.0,20.0,20.0,0.6,0.1,0.4,-4.6334,True,fuzzy_logic_dynamic_snr,1.549,0.4754
159,v3,v4,20.0,20.22,20.0,0.6,0.1011,0.4,-4.7108,True,fuzzy_logic_dynamic_snr,1.5494,0.4807
159,v3,v15,20.0,30.0,10.0,0.6,0.15,0.2,-6.0422,False,fuzzy_logic_dynamic_snr,-6.066,0.8326
159,v3,v19,20.0,100.0,10.0,0.6,0.5,0.2,-14.4082,True,fuzzy_logic_dynamic_snr,0.7273,0.1627
159,v3,v7,20.0,150.0,10.0,0.6,0.75,0.2,-17.2257,True,fuzzy_logic_dynamic_snr,0.6127,0.1514
159,v4,v15,40.0,10.44,30.0,1.0,0.0522,0.6,18.8841,False,fuzzy_logic_dynamic_snr,18.8597,0.998
159,v4,v3,40.0,20.22,20.0,1.0,0.1011,0.4,15.2892,False,fuzzy_logic_dynamic_snr,15.257,0.9951
159,v4,v11,40.0,40.11,40.0,1.0,0.2006,0.8,8.7558,True,fuzzy_logic_dynamic_snr,2.8638,0.9563
159,v4,v19,40.0,80.06,10.0,1.0,0.4003,0.2,7.1374,False,fuzzy_logic_dynamic_snr,7.1075,0.9922
159,v4,v8,40.0,150.0,40.0,1.0,0.75,0.8,-0.4092,True,fuzzy_logic_dynamic_snr,2.1644,0.768
160,v1,v13,40.0,80.0,20.0,1.0,0.4,0.4,5.7336,False,fuzzy_logic_dynamic_snr,5.7131,0.9873
160,v1,v5,40.0,140.0,0.0,1.0,0.7,0.0,5.662,False,fuzzy_logic_dynamic_snr,5.6383,0.9863
160,v1,v6,40.0,190.02,0.0,1.0,0.9501,0.0,3.5391,True,fuzzy_logic_dynamic_snr,2.6021,0.9035
160,v3,v15,20.0,20.0,20.0,0.6,0.1,0.4,-4.6334,True,fuzzy_logic_dynamic_snr,1.5518,0.4752
160,v3,v11,20.0,40.0,10.0,0.6,0.2,0.2,-8.0412,False,fuzzy_logic_dynamic_snr,-8.0585,0.7447
160,v3,v4,20.0,40.11,10.0,0.6,0.2006,0.2,-8.0607,False,fuzzy_logic_dynamic_snr,-8.0817,0.7299
160,v3,v19,20.0,110.0,0.0,0.6,0.55,0.0,-12.6623,True,fuzzy_logic_dynamic_snr,0.7909,0.1992
160,v3,v7,20.0,140.0,10.0,0.6,0.7,0.2,-16.7463,True,fuzzy_logic_dynamic_snr,0.6306,0.1314
160,v4,v15,40.0,20.22,10.0,1.0,0.1011,0.2,16.698,False,fuzzy_logic_dynamic_snr,16.6747,0.999
160,v4,v3,40.0,40.11,10.0,1.0,0.2006,0.2,11.9393,False,fuzzy_logic_dynamic_snr,11.9094,0.9961
160,v4,v19,40.0,70.06,10.0,1.0,0.3503,0.2,8.0638,False,fuzzy_logic_dynamic_snr,8.0412,0.9912
160,v4,v11,40.0,80.06,0.0,1.0,0.4003,0.0,9.5457,False,fuzzy_logic_dynamic_snr,9.5179,0.9916
160,v4,v8,40.0,110.0,10.0,1.0,0.55,0.2,4.9295,False,fuzzy_logic_dynamic_snr,4.9021,0.9863
10,v1,v2,40.0,20.22,20.0,1.0,0.1011,0.4,15.2892,False,all_dynamic_snr,2.9457,0.9617
10,v1,v5,40.0,110.0,20.0,1.0,0.55,0.4,3.5207,False,all_dynamic_snr,2.5929,0.9059
10,v1,v6,40.0,190.02,10.0,1.0,0.9501,0.2,1.1308,True,all_dynamic_snr,2.3537,0.8182
10,v2,v1,20.0,20.22,20.0,0.6,0.1011,0.4,-4.7108,True,all_dynamic_snr,1.5467,0.4684
10,v2,v5,20.0,130.03,40.0,0.6,0.6502,0.8,-19.4167,True,all_dynamic_snr,0.5505,0.1385
10,v3,v4,20.0,50.09,30.0,0.6,0.2504,0.6,-12.0125,True,all_dynamic_snr,0.8411,0.1986
10,v3,v7,20.0,100.0,30.0,0.6,0.5,0.6,-16.8165,True,all_dynamic_snr,0.6296,0.1564
10,v3,v8,20.0,130.03,10.0,0.6,0.6502,0.2,-16.2332,True,all_dynamic_snr,0.631,0.1508
10,v4,v3,40.0,50.09,30.0,1.0,0.2504,0.6,7.9875,False,all_dynamic_snr,2.8404,0.9451
10,v4,v7,40.0,50.09,0.0,1.0,0.2504,0.0,12.804,False,all_dynamic_snr,2.9271,0.9588
10,v4,v8,40.0,80.0,20.0,1.0,0.4,0.4,5.7336,False,all_dynamic_snr,2.7501,0.9367
10,v4,v12,40.0,170.0,20.0,1.0,0.85,0.4,0.4958,True,all_dynamic_snr,2.2953,0.8027
10,v4,v16,40.0,170.0,20.0,1.0,0.85,0.4,0.4958,True,all_dynamic_snr,2.2779,0.7859
11,v1,v2,40.0,3.0,10.0,1.0,0.015,0.2,29.9578,False,all_dynamic_snr,2.969,0.9582
11,v1,v5,40.0,90.0,10.0,1.0,0.45,0.2,6.3239,False,all_dynamic_snr,2.778,0.9471
11,v2,v1,20.0,3.0,10.0,0.6,0.015,0.2,9.9578,False,all_dynamic_snr,2.8847,0.9602
11,v2,v5,20.0,90.05,20.0,0.6,0.4502,0.4,-15.0887,True,all_dynamic_snr,0.6891,0.1695
11,v2,v6,20.0,200.0,0.0,0.6,1.0,0.0,-16.8165,True,all_dynamic_snr,0.6114,0.1365
11,v3,v4,20.0,80.06,10.0,0.6,0.4003,0.2,-12.8626,True,all_dynamic_snr,0.7973,0.1734
11,v3,v7,20.0,130.0,30.0,0.6,0.65,0.6,-18.6396,True,all_dynamic_snr,0.5682,0.1361
11,v3,v8,20.0,140.03,20.0,0.6,0.7002,0.4,-18.1566,True,all_dynamic_snr,0.5749,0.1432
11,v4,v7,40.0,50.09,20.0,1.0,0.2504,0.4,8.987,False,all_dynamic_snr,2.8707,0.9559
11,v4,v8,40.0,60.0,10.0,1.0,0.3,0.2,9.1413,False,all_dynamic_snr,2.8698,0.9568
11,v4,v3,40.0,80.06,10.0,1.0,0.4003,0.2,7.1374,False,all_dynamic_snr,2.8134,0.9426
11,v4,v11,40.0,140.03,30.0,1.0,0.7002,0.6,0.8439,True,all_dynamic_snr,2.326,0.8186
11,v4,v12,40.0,190.0,10.0,1.0,0.95,0.2,1.1317,True,all_dynamic_snr,2.3573,0.8379
12,v1,v2,40.0,10.44,20.0,1.0,0.0522,0.4,19.8836,False,all_dynamic_snr,2.9607,0.9617
12,v1,v5,40.0,100.0,0.0,1.0,0.5,0.0,8.0,False,all_dynamic_snr,2.84,0.95
12,v1,v6,40.0,190.02,10.0,1.0,0.9501,0.2,1.1308,True,all_dynamic_snr,2.3632,0.8146
12,v2,v1,20.0,10.44,20.0,0.6,0.0522,0.4,-0.1164,True,all_dynamic_snr,2.2009,0.7646
12,v2,v5,20.0,110.04,20.0,0.6,0.5502,0.4,-16.4818,True,all_dynamic_snr,0.6241,0.1604
12,v2,v6,20.0,200.0,10.0,0.6,1.0,0.2,-19.2247,True,all_dynamic_snr,0.5644,0.1641
12,v3,v4,20.0,70.06,0.0,0.6,0.3503,0.0,-9.5279,True,all_dynamic_snr,0.9903,0.2477
12,v3,v7,20.0,100.0,20.0,0.6,0.5,0.4,-15.817,True,all_dynamic_snr,0.649,0.1359
12,v3,v8,20.0,120.04,20.0,0.6,0.6002,0.4,-17.086,True,all_dynamic_snr,0.621,0.1506
12,v3,v11,20.0,180.0,10.0,0.6,0.9,0.2,-18.4926,True,all_dynamic_snr,0.5772,0.1426
12,v4,v7,40.0,30.15,20.0,1.0,0.1507,0.4,12.5145,False,all_dynamic_snr,2.9264,0.9588
12,v4,v8,40.0,50.0,20.0,1.0,0.25,0.4,8.9995,False,all_dynamic_snr,2.871,0.948
12,v4,v3,40.0,70.06,0.0,1.0,0.3503,0.0,10.4721,False,all_dynamic_snr,2.894,0.9514
12,v4,v11,40.0,110.04,10.0,1.0,0.5502,0.2,4.9269,False,all_dynamic_snr,2.6971,0.9225
12,v4,v12,40.0,180.0,10.0,1.0,0.9,0.2,1.5074,True,all_dynamic_snr,2.388,0.8369
13,v1,v2,40.0,30.15,10.0,1.0,0.1507,0.2,13.9232,False,all_dynamic_snr,2.9375,0.9504
13,v1,v5,40.0,100.0,30.0,1.0,0.5,0.6,3.1835,True,all_dynamic_snr,2.5723,0.8977
13,v1,v6,40.0,180.02,0.0,1.0,0.9001,0.0,3.9147,True,all_dynamic_snr,2.628,0.9152
13,v2,v1,20.0,30.15,10.0,0.6,0.1507,0.2,-6.0768,False,all_dynamic_snr,1.3949,0.3803
13,v2,v5,20.0,130.03,20.0,0.6,0.6502,0.4,-17.6419,True,all_dynamic_snr,0.6086,0.1416
13,v3,v4,20.0,70.06,10.0,0.6,0.3503,0.2,-11.9362,True,all_dynamic_snr,0.8453,0.2039
13,v3,v7,20.0,120.0,10.0,0.6,0.6,0.2,-15.6751,True,all_dynamic_snr,0.6498,0.1473
13,v3,v8,20.0,140.03,20.0,0.6,0.7002,0.4,-18.1566,True,all_dynamic_snr,0.5875,0.124
13,v3,v11,20.0,190.0,10.0,0.6,0.95,0.2,-18.8683,True,all_dynamic_snr,0.5581,0.1188
13,v4,v7,40.0,50.09,20.0,1.0,0.2504,0.4,8.987,False,all_dynamic_snr,2.8662,0.9504
13,v4,v8,40.0,70.0,10.0,1.0,0.35,0.2,8.0702,False,all_dynamic_snr,2.8452,0.9523
13,v4,v3,40.0,70.06,10.0,1.0,0.3503,0.2,8.0638,False,all_dynamic_snr,2.8371,0.9539
13,v4,v11,40.0,120.04,0.0,1.0,0.6002,0.0,6.7309,False,all_dynamic_snr,2.8003,0.9422
13,v4,v12,40.0,170.0,0.0,1.0,0.85,0.0,4.3128,True,all_dynamic_snr,2.6572,0.9059
14,v1,v2,40.0,20.22,30.0,1.0,0.1011,0.6,14.2897,False,all_dynamic_snr,2.9392,0.9572
14,v1,v5,40.0,130.0,30.0,1.0,0.65,0.6,1.3604,True,all_dynamic_snr,2.3947,0.8373
14,v1,v6,40.0,180.02,40.0,1.0,0.9001,0.8,-1.6771,True,all_dynamic_snr,1.9726,0.6654
14,v2,v1,20.0,20.22,30.0,0.6,0.1011,0.6,-5.7103,True,all_dynamic_snr,1.4106,0.4105
14,v2,v5,20.0,150.03,0.0,0.6,0.7501,0.0,-14.8188,True,all_dynamic_snr,0.697,0.183
14,v2,v6,20.0,200.0,10.0,0.6,1.0,0.2,-19.2247,True,all_dynamic_snr,0.5757,0.1475
14,v3,v4,20.0,80.06,10.0,0.6,0.4003,0.2,-12.8626,True,all_dynamic_snr,0.7864,0.1852
14,v3,v7,20.0,110.0,10.0,0.6,0.55,0.2,-15.0705,True,all_dynamic_snr,0.6899,0.1666
14,v3,v8,20.0,160.03,10.0,0.6,0.8001,0.2,-17.6754,True,all_dynamic_snr,0.5891,0.1461
14,v3,v11,20.0,200.0,10.0,0.6,1.0,0.2,-19.2247,True,all_dynamic_snr,0.5744,0.1459
14,v4,v7,40.0,30.15,20.0,1.0,0.1507,0.4,12.5145,False,all_dynamic_snr,2.9263,0.9598
14,v4,v8,40.0,80.0,0.0,1.0,0.4,0.0,9.5506,False,all_dynamic_snr,2.8788,0.9484
14,v4,v3,40.0,80.06,10.0,1.0,0.4003,0.2,7.1374,False,all_dynamic_snr,2.813,0.943
14,v4,v11,40.0,120.04,0.0,1.0,0.6002,0.0,6.7309,False,all_dynamic_snr,2.7961,0.95
14,v4,v12,40.0,170.0,20.0,1.0,0.85,0.4,0.4958,True,all_dynamic_snr,2.2821,0.7826
15,v1,v2,40.0,50.09,20.0,1.0,0.2504,0.4,8.987,False,all_dynamic_snr,2.8653,0.95
15,v1,v5,40.0,100.0,10.0,1.0,0.5,0.2,5.5918,False,all_dynamic_snr,2.7396,0.9227
15,v1,v6,40.0,140.03,10.0,1.0,0.7002,0.2,3.2521,False,all_dynamic_snr,2.5776,0.8932
15,v2,v1,20.0,50.09,20.0,0.6,0.2504,0.4,-11.013,True,all_dynamic_snr,0.8963,0.2404
15,v2,v5,20.0,150.03,10.0,0.6,0.7501,0.2,-17.2271,True,all_dynamic_snr,0.5753,0.1494
15,v2,v6,20.0,190.0,30.0,0.6,0.95,0.6,-21.2765,True,all_dynamic_snr,0.5044,0.1191
15,v3,v4,20.0,70.06,30.0,0.6,0.3503,0.6,-14.3444,True,all_dynamic_snr,0.7284,0.176
15,v3,v7,20.0,120.0,20.0,0.6,0.6,0.4,-17.0839,True,all_dynamic_snr,0.6013,0.1459
15,v3,v8,20.0,150.03,10.0,0.6,0.7501,0.2,-17.2271,True,all_dynamic_snr,0.6059,0.1582
15,v3,v11,20.0,190.0,10.0,0.6,0.95,0.2,-18.8683,True,all_dynamic_snr,0.556,0.1369
15,v4,v7,40.0,50.09,10.0,1.0,0.2504,0.2,10.3958,False,all_dynamic_snr,2.8976,0.9584
15,v4,v3,40.0,70.06,30.0,1.0,0.3503,0.6,5.6556,False,all_dynamic_snr,2.7442,0.9373
15,v4,v8,40.0,80.0,40.0,1.0,0.4,0.8,3.9588,True,all_dynamic_snr,2.6425,0.9156
15,v4,v11,40.0,120.04,40.0,1.0,0.6002,0.8,1.1392,True,all_dynamic_snr,2.3575,0.823
15,v4,v12,40.0,190.0,40.0,1.0,0.95,0.8,-2.0518,True,all_dynamic_snr,1.941,0.6354
16,v1,v2,40.0,30.15,0.0,1.0,0.1507,0.0,16.3315,False,all_dynamic_snr,2.9521,0.9553
16,v1,v5,40.0,110.0,20.0,1.0,0.55,0.4,3.5207,False,all_dynamic_snr,2.5942,0.8957
16,v1,v6,40.0,130.03,10.0,1.0,0.6502,0.2,3.7668,False,all_dynamic_snr,2.6216,0.9168
16,v2,v1,20.0,30.15,0.0,0.6,0.1507,0.0,-3.6685,False,all_dynamic_snr,1.6944,0.5289
16,v2,v5,20.0,140.03,20.0,0.6,0.7002,0.4,-18.1566,True,all_dynamic_snr,0.5779,0.1166
16,v2,v6,20.0,160.0,10.0,0.6,0.8,0.2,-17.6742,True,all_dynamic_snr,0.5981,0.1543
16,v3,v4,20.0,100.04,40.0,0.6,0.5002,0.8,-17.5949,True,all_dynamic_snr,0.586,0.1453
16,v3,v7,20.0,140.0,0.0,0.6,0.7,0.0,-14.338,True,all_dynamic_snr,0.6989,0.1744
16,v3,v8,20.0,140.03,0.0,0.6,0.7002,0.0,-14.3396,True,all_dynamic_snr,0.7173,0.1604
16,v3,v11,20.0,180.0,10.0,0.6,0.9,0.2,-18.4926,True,all_dynamic_snr,0.559,0.125
16,v4,v8,40.0,40.0,40.0,1.0,0.2,0.8,8.7753,True,all_dynamic_snr,2.8619,0.9471
16,v4,v7,40.0,40.11,40.0,1.0,0.2006,0.8,8.7558,True,all_dynamic_snr,2.8596,0.951
16,v4,v11,40.0,80.06,30.0,1.0,0.4003,0.6,4.7292,False,all_dynamic_snr,2.6922,0.9199
16,v4,v3,40.0,100.04,40.0,1.0,0.5002,0.8,2.4051,True,all_dynamic_snr,2.5011,0.8613
16,v4,v12,40.0,150.0,40.0,1.0,0.75,0.8,-0.4092,True,all_dynamic_snr,2.1592,0.7479
17,v1,v2,40.0,30.15,40.0,1.0,0.1507,0.8,10.7397,True,all_dynamic_snr,2.9011,0.9553
17,v1,v5,40.0,130.0,30.0,1.0,0.65,0.6,1.3604,True,all_dynamic_snr,2.3944,0.8344
17,v1,v6,40.0,140.03,40.0,1.0,0.7002,0.8,0.0686,True,all_dynamic_snr,2.2231,0.7908
17,v2,v1,20.0,30.15,40.0,0.6,0.1507,0.8,-9.2603,True,all_dynamic_snr,1.0383,0.2664
17,v2,v5,20.0,160.03,10.0,0.6,0.8001,0.2,-17.6754,True,all_dynamic_snr,0.5728,0.1355
17,v2,v6,20.0,170.0,0.0,0.6,0.85,0.0,-15.6872,True,all_dynamic_snr,0.6385,0.1531
17,v3,v4,20.0,60.07,0.0,0.6,0.3004,0.0,-8.4591,True,all_dynamic_snr,1.1132,0.2973
17,v3,v7,20.0,140.0,0.0,0.6,0.7,0.0,-14.338,True,all_dynamic_snr,0.7158,0.1648
17,v3,v8,20.0,140.03,10.0,0.6,0.7002,0.2,-16.7479,True,all_dynamic_snr,0.6064,0.1451
17,v3,v11,20.0,170.0,20.0,0.6,0.85,0.4,-19.5042,True,all_dynamic_snr,0.5503,0.1342
17,v4,v3,40.0,60.07,0.0,1.0,0.3004,0.0,11.5409,False,all_dynamic_snr,2.9125,0.9563
17,v4,v8,40.0,80.0,10.0,1.0,0.4,0.2,7.1423,False,all_dynamic_snr,2.811,0.9367
17,v4,v7,40.0,80.06,0.0,1.0,0.4003,0.0,9.5457,False,all_dynamic_snr,2.8799,0.9529
17,v4,v11,40.0,110.04,20.0,1.0,0.5502,0.4,3.5182,False,all_dynamic_snr,2.6007,0.9152
17,v4,v12,40.0,190.0,0.0,1.0,0.95,0.0,3.5399,True,all_dynamic_snr,2.6017,0.8977
18,v1,v2,40.0,70.06,10.0,1.0,0.3503,0.2,8.0638,False,all_dynamic_snr,2.8445,0.9514
18,v1,v5,40.0,100.0,30.0,1.0,0.5,0.6,3.1835,True,all_dynamic_snr,2.5678,0.891
18,v1,v6,40.0,100.04,40.0,1.0,0.5002,0.8,2.4051,True,all_dynamic_snr,2.4863,0.8813
18,v2,v1,20.0,70.06,10.0,0.6,0.3503,0.2,-11.9362,True,all_dynamic_snr,0.8583,0.2094
18,v2,v6,20.0,170.0,30.0,0.6,0.85,0.6,-20.5037,True,all_dynamic_snr,0.5208,0.1227
18,v2,v5,20.0,170.03,20.0,0.6,0.8501,0.4,-19.5052,True,all_dynamic_snr,0.5296,0.1367
18,v3,v4,20.0,60.07,10.0,0.6,0.3004,0.2,-10.8673,True,all_dynamic_snr,0.9253,0.2105
18,v3,v8,20.0,130.03,0.0,0.6,0.6502,0.0,-13.8249,True,all_dynamic_snr,0.7248,0.1801
18,v3,v7,20.0,140.0,20.0,0.6,0.7,0.4,-18.155,True,all_dynamic_snr,0.5643,0.1395
18,v3,v11,20.0,150.0,10.0,0.6,0.75,0.2,-17.2257,True,all_dynamic_snr,0.6204,0.1436
18,v4,v3,40.0,60.07,10.0,1.0,0.3004,0.2,9.1327,False,all_dynamic_snr,2.871,0.9508
18,v4,v8,40.0,70.0,10.0,1.0,0.35,0.2,8.0702,False,all_dynamic_snr,2.8451,0.9504
18,v4,v7,40.0,80.06,10.0,1.0,0.4003,0.2,7.1374,False,all_dynamic_snr,2.808,0.9496
18,v4,v11,40.0,90.05,0.0,1.0,0.4502,0.0,8.7283,False,all_dynamic_snr,2.8619,0.9549
18,v4,v12,40.0,190.0,30.0,1.0,0.95,0.6,-1.2765,True,all_dynamic_snr,2.0277,0.6846
19,v1,v2,40.0,60.07,20.0,1.0,0.3004,0.4,7.7239,False,all_dynamic_snr,2.8298,0.948
19,v1,v5,40.0,130.0,0.0,1.0,0.65,0.0,6.1769,False,all_dynamic_snr,2.7708,0.9465
19,v1,v6,40.0,140.03,10.0,1.0,0.7002,0.2,3.2521,False,all_dynamic_snr,2.5815,0.8918
19,v2,v1,20.0,60.07,20.0,0.6,0.3004,0.4,-12.2761,True,all_dynamic_snr,0.8168,0.1945
19,v2,v5,20.0,190.02,20.0,0.6,0.9501,0.4,-20.2779,True,all_dynamic_snr,0.5313,0.1215
19,v2,v6,20.0,200.0,30.0,0.6,1.0,0.6,-21.633,True,all_dynamic_snr,0.4943,0.1084
19,v3,v4,20.0,50.09,30.0,0.6,0.2504,0.6,-12.0125,True,all_dynamic_snr,0.8393,0.2123
19,v3,v7,20.0,120.0,30.0,0.6,0.6,0.6,-18.0834,True,all_dynamic_snr,0.5931,0.1549
19,v3,v8,20.0,130.03,0.0,0.6,0.6502,0.0,-13.8249,True,all_dynamic_snr,0.7446,0.1832
19,v3,v11,20.0,140.0,0.0,0.6,0.7,0.0,-14.338,True,all_dynamic_snr,0.7282,0.1713
19,v4,v3,40.0,50.09,30.0,1.0,0.2504,0.6,7.9875,False,all_dynamic_snr,2.8422,0.9426
19,v4,v7,40.0,70.06,0.0,1.0,0.3503,0.0,10.4721,False,all_dynamic_snr,2.8953,0.9504
19,v4,v8,40.0,80.0,30.0,1.0,0.4,0.6,4.7341,False,all_dynamic_snr,2.6845,0.9236
19,v4,v11,40.0,90.05,30.0,1.0,0.4502,0.6,3.9118,True,all_dynamic_snr,2.6255,0.9182
19,v4,v12,40.0,160.0,20.0,1.0,0.8,0.4,0.9171,True,all_dynamic_snr,2.32,0.8016
20,v1,v2,40.0,40.11,0.0,1.0,0.2006,0.0,14.3476,False,all_dynamic_snr,2.9396,0.9611
20,v1,v5,40.0,130.0,30.0,1.0,0.65,0.6,1.3604,True,all_dynamic_snr,2.3831,0.8428
20,v1,v6,40.0,130.03,30.0,1.0,0.6502,0.6,1.3586,True,all_dynamic_snr,2.3699,0.8215
20,v2,v1,20.0,40.11,0.0,0.6,0.2006,0.0,-5.6524,False,all_dynamic_snr,1.4261,0.4104
20,v2,v6,20.0,170.0,30.0,0.6,0.85,0.6,-20.5037,True,all_dynamic_snr,0.5157,0.1285
20,v2,v5,20.0,170.03,30.0,0.6,0.8501,0.6,-20.5047,True,all_dynamic_snr,0.5126,0.123
20,v3,v4,20.0,80.06,30.0,0.6,0.4003,0.6,-15.2708,True,all_dynamic_snr,0.683,0.1676
20,v3,v8,20.0,130.03,10.0,0.6,0.6502,0.2,-16.2332,True,all_dynamic_snr,0.6607,0.1479
20,v3,v11,20.0,140.0,20.0,0.6,0.7,0.4,-18.155,True,all_dynamic_snr,0.5916,0.1342
20,v3,v7,20.0,150.0,0.0,0.6,0.75,0.0,-14.8175,True,all_dynamic_snr,0.7,0.177
20,v4,v8,40.0,50.0,20.0,1.0,0.25,0.4,8.9995,False,all_dynamic_snr,2.8699,0.9627
20,v4,v11,40.0,60.07,10.0,1.0,0.3004,0.2,9.1327,False,all_dynamic_snr,2.8742,0.9588
20,v4,v7,40.0,70.06,30.0,1.0,0.3503,0.6,5.6556,False,all_dynamic_snr,2.7428,0.9354
20,v4,v3,40.0,80.06,30.0,1.0,0.4003,0.6,4.7292,False,all_dynamic_snr,2.6873,0.9271
20,v4,v12,40.0,140.0,10.0,1.0,0.7,0.2,3.2537,False,all_dynamic_snr,2.5728,0.8947
21,v1,v2,40.0,40.11,30.0,1.0,0.2006,0.6,9.5311,False,all_dynamic_snr,2.8796,0.9523
21,v1,v5,40.0,160.0,0.0,1.0,0.8,0.0,4.7341,True,all_dynamic_snr,2.6913,0.927
21,v1,v6,40.0,160.03,40.0,1.0,0.8001,0.8,-0.8589,True,all_dynamic_snr,2.0963,0.7088
21,v2,v1,20.0,40.11,30.0,0.6,0.2006,0.6,-10.4689,True,all_dynamic_snr,0.9411,0.2467
21,v2,v6,20.0,200.0,10.0,0.6,1.0,0.2,-19.2247,True,all_dynamic_snr,0.5491,0.1455
21,v3,v4,20.0,110.04,40.0,0.6,0.5502,0.8,-18.2566,True,all_dynamic_snr,0.5782,0.1426
21,v3,v8,20.0,140.03,40.0,0.6,0.7002,0.8,-19.9314,True,all_dynamic_snr,0.5468,0.1391
21,v3,v7,20.0,150.0,40.0,0.6,0.75,0.8,-20.4092,True,all_dynamic_snr,0.5225,0.1352
21,v3,v11,20.0,160.0,10.0,0.6,0.8,0.2,-17.6742,True,all_dynamic_snr,0.5769,0.1307
21,v4,v8,40.0,30.0,0.0,1.0,0.15,0.0,16.3661,False,all_dynamic_snr,2.9508,0.9643
21,v4,v7,40.0,40.11,0.0,1.0,0.2006,0.0,14.3476,False,all_dynamic_snr,2.9417,0.9582
21,v4,v11,40.0,50.09,30.0,1.0,0.2504,0.6,7.9875,False,all_dynamic_snr,2.8452,0.9514
21,v4,v3,40.0,110.04,40.0,1.0,0.5502,0.8,1.7434,True,all_dynamic_snr,2.4313,0.8449
21,v4,v12,40.0,130.0,30.0,1.0,0.65,0.6,1.3604,True,all_dynamic_snr,2.3812,0.833
22,v1,v2,40.0,70.06,10.0,1.0,0.3503,0.2,8.0638,False,all_dynamic_snr,2.841,0.9396
22,v1,v6,40.0,120.04,10.0,1.0,0.6002,0.2,4.3227,False,all_dynamic_snr,2.6622,0.927
22,v1,v5,40.0,160.0,20.0,1.0,0.8,0.4,0.9171,True,all_dynamic_snr,2.3414,0.8158
22,v2,v1,20.0,70.06,10.0,0.6,0.3503,0.2,-11.9362,True,all_dynamic_snr,0.8632,0.2098
22,v2,v6,20.0,190.0,0.0,0.6,0.95,0.0,-16.4601,True,all_dynamic_snr,0.6233,0.1324
22,v3,v4,20.0,150.03,10.0,0.6,0.7501,0.2,-17.2271,True,all_dynamic_snr,0.6086,0.1313
22,v3,v11,20.0,170.0,20.0,0.6,0.85,0.4,-19.5042,True,all_dynamic_snr,0.539,0.1129
22,v3,v8,20.0,180.02,10.0,0.6,0.9001,0.2,-18.4936,True,all_dynamic_snr,0.5713,0.1443
22,v3,v7,20.0,190.0,10.0,0.6,0.95,0.2,-18.8683,True,all_dynamic_snr,0.5526,0.1379
22,v4,v11,40.0,20.22,30.0,1.0,0.1011,0.6,14.2897,False,all_dynamic_snr,2.9421,0.9592
22,v4,v8,40.0,30.0,20.0,1.0,0.15,0.4,12.5491,False,all_dynamic_snr,2.9206,0.9539
22,v4,v7,40.0,40.11,20.0,1.0,0.2006,0.4,10.5306,False,all_dynamic_snr,2.8987,0.948
22,v4,v12,40.0,100.0,10.0,1.0,0.5,0.2,5.5918,False,all_dynamic_snr,2.7419,0.9455
22,v4,v3,40.0,150.03,10.0,1.0,0.7501,0.2,2.7729,False,all_dynamic_snr,2.5302,0.8896
23,v1,v2,40.0,80.06,30.0,1.0,0.4003,0.6,4.7292,False,all_dynamic_snr,2.6885,0.9135
23,v1,v6,40.0,110.04,30.0,1.0,0.5502,0.6,2.5187,True,all_dynamic_snr,2.4974,0.8844
23,v1,v5,40.0,140.0,40.0,1.0,0.7,0.8,0.0702,True,all_dynamic_snr,2.2246,0.7654
23,v2,v1,20.0,80.06,30.0,0.6,0.4003,0.6,-15.2708,True,all_dynamic_snr,0.6816,0.1523
23,v2,v6,20.0,190.0,0.0,0.6,0.95,0.0,-16.4601,True,all_dynamic_snr,0.6341,0.1551
23,v3,v4,20.0,140.03,40.0,0.6,0.7002,0.8,-19.9314,True,all_dynamic_snr,0.5314,0.123
23,v3,v11,20.0,190.0,30.0,0.6,0.95,0.6,-21.2765,True,all_dynamic_snr,0.4999,0.125
23,v3,v8,20.0,190.02,40.0,0.6,0.9501,0.8,-22.0527,True,all_dynamic_snr,0.5032,0.1119
23,v3,v7,20.0,200.0,0.0,0.6,1.0,0.0,-16.8165,True,all_dynamic_snr,0.614,0.1551
23,v4,v8,40.0,50.0,0.0,1.0,0.25,0.0,12.8165,False,all_dynamic_snr,2.9254,0.9588
23,v4,v11,40.0,50.09,10.0,1.0,0.2504,0.2,10.3958,False,all_dynamic_snr,2.8983,0.9523
23,v4,v7,40.0,60.07,40.0,1.0,0.3004,0.8,5.9491,True,all_dynamic_snr,2.7654,0.9412
23,v4,v12,40.0,90.0,40.0,1.0,0.45,0.8,3.1404,True,all_dynamic_snr,2.5726,0.8865
23,v4,v3,40.0,140.03,40.0,1.0,0.7002,0.8,0.0686,True,all_dynamic_snr,2.2063,0.7572
24,v1,v2,40.0,50.09,0.0,1.0,0.2504,0.0,12.804,False,all_dynamic_snr,2.9268,0.9607
24,v1,v6,40.0,140.03,30.0,1.0,0.7002,0.6,0.8439,True,all_dynamic_snr,2.3169,0.8213
24,v1,v5,40.0,180.0,20.0,1.0,0.9,0.4,0.0987,True,all_dynamic_snr,2.2214,0.7609
24,v2,v1,20.0,50.09,0.0,0.6,0.2504,0.0,-7.196,False,all_dynamic_snr,1.2594,0.3572
24,v2,v6,20.0,190.0,30.0,0.6,0.95,0.6,-21.2765,True,all_dynamic_snr,0.5321,0.1322
24,v3,v4,20.0,100.04,20.0,0.6,0.5002,0.4,-15.8201,True,all_dynamic_snr,0.6466,0.1549
24,v3,v8,20.0,150.03,30.0,0.6,0.7501,0.6,-19.6353,True,all_dynamic_snr,0.5584,0.1492
24,v3,v11,20.0,160.0,30.0,0.6,0.8,0.6,-20.0824,True,all_dynamic_snr,0.5085,0.1105
24,v3,v7,20.0,200.0,20.0,0.6,1.0,0.4,-20.6334,True,all_dynamic_snr,0.5005,0.1283
24,v4,v8,40.0,50.0,10.0,1.0,0.25,0.2,10.4082,False,all_dynamic_snr,2.8979,0.9559
24,v4,v11,40.0,60.07,10.0,1.0,0.3004,0.2,9.1327,False,all_dynamic_snr,2.8698,0.9559
24,v4,v3,40.0,100.04,20.0,1.0,0.5002,0.4,4.1799,False,all_dynamic_snr,2.651,0.9135
24,v4,v7,40.0,100.04,0.0,1.0,0.5002,0.0,7.9969,False,all_dynamic_snr,2.8384,0.9484
24,v4,v12,40.0,130.0,0.0,1.0,0.65,0.0,6.1769,False,all_dynamic_snr,2.7683,0.9494
25,v1,v2,40.0,50.09,40.0,1.0,0.2504,0.8,7.2122,True,all_dynamic_snr,2.8173,0.9426
25,v1,v6,40.0,170.03,10.0,1.0,0.8501,0.2,1.9035,True,all_dynamic_snr,2.4405,0.858
25,v1,v5,40.0,200.0,20.0,1.0,1.0,0.4,-0.6334,True,all_dynamic_snr,2.1127,0.7318
25,v2,v1,20.0,50.09,40.0,0.6,0.2504,0.8,-12.7878,True,all_dynamic_snr,0.8051,0.2113
25,v3,v4,20.0,120.04,30.0,0.6,0.6002,0.6,-18.0856,True,all_dynamic_snr,0.5716,0.1576
25,v3,v8,20.0,180.02,10.0,0.6,0.9001,0.2,-18.4936,True,all_dynamic_snr,0.5507,0.1219
25,v3,v11,20.0,190.0,10.0,0.6,0.95,0.2,-18.8683,True,all_dynamic_snr,0.577,0.1453
25,v4,v8,40.0,60.0,40.0,1.0,0.3,0.8,5.9578,True,all_dynamic_snr,2.7656,0.9348
25,v4,v11,40.0,70.06,20.0,1.0,0.3503,0.4,6.6551,False,all_dynamic_snr,2.7876,0.9461
25,v4,v7,40.0,100.04,20.0,1.0,0.5002,0.4,4.1799,False,all_dynamic_snr,2.6529,0.9168
25,v4,v3,40.0,120.04,30.0,1.0,0.6002,0.6,1.9144,True,all_dynamic_snr,2.4478,0.8756
25,v4,v12,40.0,130.0,30.0,1.0,0.65,0.6,1.3604,True,all_dynamic_snr,2.3749,0.8363
26,v1,v2,40.0,90.05,10.0,1.0,0.4502,0.2,6.32,False,all_dynamic_snr,2.7791,0.9412
26,v1,v6,40.0,160.03,40.0,1.0,0.8001,0.8,-0.8589,True,all_dynamic_snr,2.0775,0.726
26,v1,v5,40.0,180.0,0.0,1.0,0.9,0.0,3.9156,True,all_dynamic_snr,2.6306,0.9084
26,v2,v1,20.0,90.05,10.0,0.6,0.4502,0.2,-13.68,True,all_dynamic_snr,0.7427,0.167
26,v3,v4,20.0,90.05,20.0,0.6,0.4502,0.4,-15.0887,True,all_dynamic_snr,0.6853,0.1744
26,v3,v11,20.0,180.0,10.0,0.6,0.9,0.2,-18.4926,True,all_dynamic_snr,0.5736,0.123
26,v3,v8,20.0,190.02,0.0,0.6,0.9501,0.0,-16.4609,True,all_dynamic_snr,0.6451,0.1553
26,v4,v3,40.0,90.05,20.0,1.0,0.4502,0.4,4.9113,False,all_dynamic_snr,2.7017,0.9201
26,v4,v11,40.0,90.05,10.0,1.0,0.4502,0.2,6.32,False,all_dynamic_snr,2.7775,0.9475
26,v4,v8,40.0,100.0,20.0,1.0,0.5,0.4,4.183,False,all_dynamic_snr,2.6501,0.9143
26,v4,v7,40.0,120.04,10.0,1.0,0.6002,0.2,4.3227,False,all_dynamic_snr,2.6651,0.9187
26,v4,v12,40.0,160.0,20.0,1.0,0.8,0.4,0.9171,True,all_dynamic_snr,2.3316,0.8039
27,v1,v2,40.0,100.04,20.0,1.0,0.5002,0.4,4.1799,False,all_dynamic_snr,2.6437,0.9139
27,v1,v6,40.0,120.04,0.0,1.0,0.6002,0.0,6.7309,False,all_dynamic_snr,2.7947,0.9441
27,v1,v5,40.0,180.0,10.0,1.0,0.9,0.2,1.5074,True,all_dynamic_snr,2.3973,0.8473
27,v2,v1,20.0,100.04,20.0,0.6,0.5002,0.4,-15.8201,True,all_dynamic_snr,0.646,0.1385
27,v3,v4,20.0,110.04,20.0,0.6,0.5502,0.4,-16.4818,True,all_dynamic_snr,0.6252,0.1547
27,v3,v11,20.0,190.0,40.0,0.6,0.95,0.8,-22.0518,True,all_dynamic_snr,0.5019,0.1307
27,v3,v8,20.0,190.02,30.0,0.6,0.9501,0.6,-21.2774,True,all_dynamic_snr,0.4977,0.1301
27,v4,v8,40.0,80.0,10.0,1.0,0.4,0.2,7.1423,False,all_dynamic_snr,2.8081,0.9396
27,v4,v11,40.0,80.06,20.0,1.0,0.4003,0.4,5.7287,False,all_dynamic_snr,2.7509,0.9361
27,v4,v3,40.0,110.04,20.0,1.0,0.5502,0.4,3.5182,False,all_dynamic_snr,2.5994,0.8986
27,v4,v7,40.0,110.04,10.0,1.0,0.5502,0.2,4.9269,False,all_dynamic_snr,2.7007,0.925
27,v4,v12,40.0,140.0,20.0,1.0,0.7,0.4,1.845,True,all_dynamic_snr,2.439,0.8498
28,v1,v2,40.0,80.06,20.0,1.0,0.4003,0.4,5.7287,False,all_dynamic_snr,2.7464,0.9445
28,v1,v6,40.0,120.04,10.0,1.0,0.6002,0.2,4.3227,False,all_dynamic_snr,2.6608,0.9162
28,v1,v5,40.0,190.0,10.0,1.0,0.95,0.2,1.1317,True,all_dynamic_snr,2.3496,0.8166
28,v2,v1,20.0,80.06,20.0,0.6,0.4003,0.4,-14.2713,True,all_dynamic_snr,0.7154,0.1656
28,v2,v6,20.0,200.0,10.0,0.6,1.0,0.2,-19.2247,True,all_dynamic_snr,0.5385,0.1295
28,v3,v4,20.0,90.05,10.0,0.6,0.4502,0.2,-13.68,True,all_dynamic_snr,0.7374,0.1861
28,v3,v11,20.0,150.0,10.0,0.6,0.75,0.2,-17.2257,True,all_dynamic_snr,0.5999,0.1535
28,v3,v8,20.0,160.03,10.0,0.6,0.8001,0.2,-17.6754,True,all_dynamic_snr,0.5883,0.1381
28,v4,v11,40.0,60.07,0.0,1.0,0.3004,0.0,11.5409,False,all_dynamic_snr,2.9133,0.9553
28,v4,v8,40.0,70.0,20.0,1.0,0.35,0.4,6.6615,False,all_dynamic_snr,2.7851,0.9328
28,v4,v3,40.0,90.05,10.0,1.0,0.4502,0.2,6.32,False,all_dynamic_snr,2.7733,0.9412
28,v4,v7,40.0,120.04,0.0,1.0,0.6002,0.0,6.7309,False,all_dynamic_snr,2.796,0.9465
28,v4,v12,40.0,160.0,20.0,1.0,0.8,0.4,0.9171,True,all_dynamic_snr,2.323,0.8148
29,v1,v2,40.0,100.04,10.0,1.0,0.5002,0.2,5.5886,False,all_dynamic_snr,2.7417,0.9348
29,v1,v6,40.0,110.04,20.0,1.0,0.5502,0.4,3.5182,False,all_dynamic_snr,2.5966,0.909
29,v1,v5,40.0,180.0,10.0,1.0,0.9,0.2,1.5074,True,all_dynamic_snr,2.3929,0.8572
29,v2,v1,20.0,100.04,10.0,0.6,0.5002,0.2,-14.4114,True,all_dynamic_snr,0.7332,0.1787
29,v3,v4,20.0,100.04,10.0,0.6,0.5002,0.2,-14.4114,True,all_dynamic_snr,0.7018,0.1766
29,v3,v8,20.0,150.03,20.0,0.6,0.7501,0.4,-18.6358,True,all_dynamic_snr,0.5895,0.1451
29,v3,v11,20.0,160.0,10.0,0.6,0.8,0.2,-17.6742,True,all_dynamic_snr,0.6093,0.1391
29,v4,v8,40.0,50.0,30.0,1.0,0.25,0.6,8.0,False,all_dynamic_snr,2.8449,0.942
29,v4,v11,40.0,60.07,0.0,1.0,0.3004,0.0,11.5409,False,all_dynamic_snr,2.914,0.9613
29,v4,v3,40.0,100.04,10.0,1.0,0.5002,0.2,5.5886,False,all_dynamic_snr,2.738,0.9246
29,v4,v7,40.0,120.04,20.0,1.0,0.6002,0.4,2.914,False,all_dynamic_snr,2.5359,0.8863
29,v4,v12,40.0,140.0,20.0,1.0,0.7,0.4,1.845,True,all_dynamic_snr,2.4311,0.8482
30,v1,v6,40.0,90.05,10.0,1.0,0.4502,0.2,6.32,False,all_dynamic_snr,2.7796,0.9377
30,v1,v2,40.0,110.04,10.0,1.0,0.5502,0.2,4.9269,False,all_dynamic_snr,2.7046,0.9354
30,v1,v5,40.0,170.0,10.0,1.0,0.85,0.2,1.9046,True,all_dynamic_snr,2.4325,0.8477
30,v2,v1,20.0,110.04,10.0,0.6,0.5502,0.2,-15.0731,True,all_dynamic_snr,0.659,0.1398
30,v2,v6,20.0,200.0,0.0,0.6,1.0,0.0,-16.8165,True,all_dynamic_snr,0.6043,0.1506
30,v3,v4,20.0,90.05,20.0,0.6,0.4502,0.4,-15.0887,True,all_dynamic_snr,0.6997,0.1584
30,v3,v11,20.0,150.0,20.0,0.6,0.75,0.4,-18.6344,True,all_dynamic_snr,0.5978,0.1311
30,v3,v8,20.0,170.03,10.0,0.6,0.8501,0.2,-18.0965,True,all_dynamic_snr,0.5723,0.1357
30,v4,v11,40.0,60.07,0.0,1.0,0.3004,0.0,11.5409,False,all_dynamic_snr,2.9154,0.9572
30,v4,v8,40.0,80.0,30.0,1.0,0.4,0.6,4.7341,False,all_dynamic_snr,2.6897,0.9215
30,v4,v3,40.0,90.05,20.0,1.0,0.4502,0.4,4.9113,False,all_dynamic_snr,2.7001,0.9254
30,v4,v7,40.0,140.03,40.0,1.0,0.7002,0.8,0.0686,True,all_dynamic_snr,2.2276,0.7871
30,v4,v12,40.0,160.0,0.0,1.0,0.8,0.0,4.7341,True,all_dynamic_snr,2.6872,0.9197
31,v1,v2,40.0,100.04,0.0,1.0,0.5002,0.0,7.9969,False,all_dynamic_snr,2.8423,0.95
31,v1,v6,40.0,100.04,20.0,1.0,0.5002,0.4,4.1799,False,all_dynamic_snr,2.6506,0.9178
31,v1,v5,40.0,180.0,20.0,1.0,0.9,0.4,0.0987,True,all_dynamic_snr,2.2317,0.7746
31,v2,v1,20.0,100.04,0.0,0.6,0.5002,0.0,-12.0031,True,all_dynamic_snr,0.8356,0.1938
31,v2,v6,20.0,200.0,20.0,0.6,1.0,0.4,-20.6334,True,all_dynamic_snr,0.5196,0.1424
31,v3,v4,20.0,110.04,10.0,0.6,0.5502,0.2,-15.0731,True,all_dynamic_snr,0.6924,0.1832
31,v3,v8,20.0,160.03,10.0,0.6,0.8001,0.2,-17.6754,True,all_dynamic_snr,0.5821,0.1459
31,v3,v11,20.0,170.0,30.0,0.6,0.85,0.6,-20.5037,True,all_dynamic_snr,0.5195,0.1299
31,v4,v8,40.0,50.0,0.0,1.0,0.25,0.0,12.8165,False,all_dynamic_snr,2.9264,0.9578
31,v4,v11,40.0,60.07,40.0,1.0,0.3004,0.8,5.9491,True,all_dynamic_snr,2.7495,0.9344
31,v4,v7,40.0,100.04,10.0,1.0,0.5002,0.2,5.5886,False,all_dynamic_snr,2.7418,0.9195
31,v4,v3,40.0,110.04,10.0,1.0,0.5502,0.2,4.9269,False,all_dynamic_snr,2.6973,0.9318
31,v4,v12,40.0,160.0,10.0,1.0,0.8,0.2,2.3258,True,all_dynamic_snr,2.4907,0.865
32,v1,v2,40.0,100.04,20.0,1.0,0.5002,0.4,4.1799,False,all_dynamic_snr,2.6549,0.9156
32,v1,v6,40.0,120.04,20.0,1.0,0.6002,0.4,2.914,False,all_dynamic_snr,2.5453,0.9006
32,v1,v5,40.0,160.0,0.0,1.0,0.8,0.0,4.7341,True,all_dynamic_snr,2.6874,0.9145
32,v2,v1,20.0,100.04,20.0,0.6,0.5002,0.4,-15.8201,True,all_dynamic_snr,0.6754,0.1631
32,v3,v4,20.0,100.04,20.0,0.6,0.5002,0.4,-15.8201,True,all_dynamic_snr,0.6483,0.1633
32,v3,v8,20.0,150.03,20.0,0.6,0.7501,0.4,-18.6358,True,all_dynamic_snr,0.5583,0.1313
32,v3,v11,20.0,200.0,40.0,0.6,1.0,0.8,-22.4082,True,all_dynamic_snr,0.4748,0.1191
32,v4,v8,40.0,50.0,0.0,1.0,0.25,0.0,12.8165,False,all_dynamic_snr,2.9288,0.9514
32,v4,v3,40.0,100.04,20.0,1.0,0.5002,0.4,4.1799,False,all_dynamic_snr,2.6481,0.9123
32,v4,v11,40.0,100.04,20.0,1.0,0.5002,0.4,4.1799,False,all_dynamic_snr,2.6584,0.9217
32,v4,v7,40.0,110.04,10.0,1.0,0.5502,0.2,4.9269,False,all_dynamic_snr,2.6965,0.9275
32,v4,v12,40.0,170.0,10.0,1.0,0.85,0.2,1.9046,True,all_dynamic_snr,2.4388,0.8588
33,v1,v2,40.0,80.06,40.0,1.0,0.4003,0.8,3.9539,True,all_dynamic_snr,2.6332,0.9104
33,v1,v6,40.0,140.03,10.0,1.0,0.7002,0.2,3.2521,False,all_dynamic_snr,2.5821,0.8775
33,v1,v5,40.0,160.0,30.0,1.0,0.8,0.6,-0.0824,True,all_dynamic_snr,2.1988,0.7494
33,v2,v1,20.0,80.06,40.0,0.6,0.4003,0.8,-16.0461,True,all_dynamic_snr,0.64,0.1535
33,v3,v4,20.0,80.06,0.0,0.6,0.4003,0.0,-10.4543,True,all_dynamic_snr,0.9346,0.2545
33,v3,v8,20.0,130.03,20.0,0.6,0.6502,0.4,-17.6419,True,all_dynamic_snr,0.5801,0.1443
33,v3,v11,20.0,160.0,10.0,0.6,0.8,0.2,-17.6742,True,all_dynamic_snr,0.5986,0.1506
33,v3,v7,20.0,180.0,20.0,0.6,0.9,0.4,-19.9013,True,all_dynamic_snr,0.541,0.1354
33,v4,v8,40.0,50.0,20.0,1.0,0.25,0.4,8.9995,False,all_dynamic_snr,2.8662,0.9465
33,v4,v3,40.0,80.06,0.0,1.0,0.4003,0.0,9.5457,False,all_dynamic_snr,2.8822,0.9598
33,v4,v11,40.0,80.06,10.0,1.0,0.4003,0.2,7.1374,False,all_dynamic_snr,2.8093,0.9367
33,v4,v7,40.0,100.04,20.0,1.0,0.5002,0.4,4.1799,False,all_dynamic_snr,2.6504,0.9107
33,v4,v12,40.0,180.0,10.0,1.0,0.9,0.2,1.5074,True,all_dynamic_snr,2.4028,0.8461
34,v1,v2,40.0,40.11,20.0,1.0,0.2006,0.4,10.5306,False,all_dynamic_snr,2.8986,0.9539
34,v1,v6,40.0,150.03,10.0,1.0,0.7501,0.2,2.7729,False,all_dynamic_snr,2.5239,0.8854
34,v1,v5,40.0,190.0,10.0,1.0,0.95,0.2,1.1317,True,all_dynamic_snr,2.3483,0.8301
34,v2,v1,20.0,40.11,20.0,0.6,0.2006,0.4,-9.4694,True,all_dynamic_snr,1.0363,0.2459
34,v2,v6,20.0,190.0,10.0,0.6,0.95,0.2,-18.8683,True,all_dynamic_snr,0.5747,0.1412
34,v3,v4,20.0,80.06,10.0,0.6,0.4003,0.2,-12.8626,True,all_dynamic_snr,0.7961,0.1789
34,v3,v8,20.0,110.04,10.0,0.6,0.5502,0.2,-15.0731,True,all_dynamic_snr,0.703,0.1775
34,v3,v11,20.0,150.0,20.0,0.6,0.75,0.4,-18.6344,True,all_dynamic_snr,0.5607,0.1383
34,v3,v7,20.0,160.0,0.0,0.6,0.8,0.0,-15.2659,True,all_dynamic_snr,0.679,0.1607
34,v4,v8,40.0,30.0,20.0,1.0,0.15,0.4,12.5491,False,all_dynamic_snr,2.922,0.9598
34,v4,v11,40.0,70.06,10.0,1.0,0.3503,0.2,8.0638,False,all_dynamic_snr,2.8396,0.948
34,v4,v3,40.0,80.06,10.0,1.0,0.4003,0.2,7.1374,False,all_dynamic_snr,2.8115,0.9475
34,v4,v7,40.0,80.06,10.0,1.0,0.4003,0.2,7.1374,False,all_dynamic_snr,2.8083,0.9416
34,v4,v12,40.0,170.0,20.0,1.0,0.85,0.4,0.4958,True,all_dynamic_snr,2.2794,0.7947
35,v1,v2,40.0,20.22,0.0,1.0,0.1011,0.0,19.1062,False,all_dynamic_snr,2.9581,0.9578
35,v1,v6,40.0,160.03,0.0,1.0,0.8001,0.0,4.7329,True,all_dynamic_snr,2.6921,0.9299
35,v1,v5,40.0,200.0,20.0,1.0,1.0,0.4,-0.6334,True,all_dynamic_snr,2.1182,0.7223
35,v2,v1,20.0,20.22,0.0,0.6,0.1011,0.0,-0.8938,False,all_dynamic_snr,2.0867,0.7096
35,v2,v6,20.0,180.0,0.0,0.6,0.9,0.0,-16.0844,True,all_dynamic_snr,0.6467,0.142
35,v3,v4,20.0,70.06,0.0,0.6,0.3503,0.0,-9.5279,True,all_dynamic_snr,1.0077,0.251
35,v3,v8,20.0,120.04,40.0,0.6,0.6002,0.8,-18.8608,True,all_dynamic_snr,0.5713,0.1375
35,v3,v11,20.0,130.0,40.0,0.6,0.65,0.8,-19.4149,True,all_dynamic_snr,0.5508,0.1238
35,v3,v7,20.0,160.0,10.0,0.6,0.8,0.2,-17.6742,True,all_dynamic_snr,0.586,0.1381
35,v4,v8,40.0,50.0,40.0,1.0,0.25,0.8,7.2247,True,all_dynamic_snr,2.815,0.9543
35,v4,v11,40.0,60.07,40.0,1.0,0.3004,0.8,5.9491,True,all_dynamic_snr,2.76,0.9318
35,v4,v3,40.0,70.06,0.0,1.0,0.3503,0.0,10.4721,False,all_dynamic_snr,2.8959,0.9547
35,v4,v7,40.0,90.05,10.0,1.0,0.4502,0.2,6.32,False,all_dynamic_snr,2.7808,0.9412
35,v4,v12,40.0,150.0,10.0,1.0,0.75,0.2,2.7743,False,all_dynamic_snr,2.5309,0.8582
36,v1,v2,40.0,20.22,10.0,1.0,0.1011,0.2,16.698,False,all_dynamic_snr,2.9513,0.9592
36,v1,v6,40.0,160.03,0.0,1.0,0.8001,0.0,4.7329,True,all_dynamic_snr,2.6892,0.924
36,v1,v5,40.0,180.0,10.0,1.0,0.9,0.2,1.5074,True,all_dynamic_snr,2.3943,0.8281
36,v2,v1,20.0,20.22,10.0,0.6,0.1011,0.2,-3.302,False,all_dynamic_snr,1.7331,0.567
36,v2,v6,20.0,180.0,10.0,0.6,0.9,0.2,-18.4926,True,all_dynamic_snr,0.5643,0.1393
36,v3,v4,20.0,70.06,10.0,0.6,0.3503,0.2,-11.9362,True,all_dynamic_snr,0.8555,0.2074
36,v3,v8,20.0,80.06,10.0,0.6,0.4003,0.2,-12.8626,True,all_dynamic_snr,0.8092,0.1926
36,v3,v11,20.0,90.0,30.0,0.6,0.45,0.6,-16.0844,True,all_dynamic_snr,0.6526,0.1461
36,v3,v7,20.0,150.0,30.0,0.6,0.75,0.6,-19.6339,True,all_dynamic_snr,0.5428,0.1285
36,v4,v8,40.0,10.0,0.0,1.0,0.05,0.0,24.0,False,all_dynamic_snr,2.9643,0.9611
36,v4,v11,40.0,20.22,20.0,1.0,0.1011,0.4,15.2892,False,all_dynamic_snr,2.9453,0.9611
36,v4,v3,40.0,70.06,10.0,1.0,0.3503,0.2,8.0638,False,all_dynamic_snr,2.8495,0.9445
36,v4,v7,40.0,80.06,20.0,1.0,0.4003,0.4,5.7287,False,all_dynamic_snr,2.7503,0.9334
36,v4,v12,40.0,140.0,10.0,1.0,0.7,0.2,3.2537,False,all_dynamic_snr,2.5736,0.8908
37,v1,v2,40.0,30.15,0.0,1.0,0.1507,0.0,16.3315,False,all_dynamic_snr,2.9489,0.9631
37,v1,v6,40.0,160.03,10.0,1.0,0.8001,0.2,2.3246,True,all_dynamic_snr,2.4901,0.8709
37,v1,v5,40.0,170.0,20.0,1.0,0.85,0.4,0.4958,True,all_dynamic_snr,2.2634,0.7818
37,v2,v1,20.0,30.15,0.0,0.6,0.1507,0.0,-3.6685,False,all_dynamic_snr,1.7037,0.5518
37,v2,v6,20.0,190.0,10.0,0.6,0.95,0.2,-18.8683,True,all_dynamic_snr,0.5372,0.1232
37,v3,v4,20.0,80.06,20.0,0.6,0.4003,0.4,-14.2713,True,all_dynamic_snr,0.7043,0.1537
37,v3,v8,20.0,90.05,10.0,0.6,0.4502,0.2,-13.68,True,all_dynamic_snr,0.7285,0.1881
37,v3,v11,20.0,120.0,10.0,0.6,0.6,0.2,-15.6751,True,all_dynamic_snr,0.6632,0.1705
37,v3,v7,20.0,180.0,10.0,0.6,0.9,0.2,-18.4926,True,all_dynamic_snr,0.5595,0.1496
37,v4,v8,40.0,10.0,30.0,1.0,0.05,0.6,19.1835,False,all_dynamic_snr,2.9602,0.9553
37,v4,v11,40.0,40.11,30.0,1.0,0.2006,0.6,9.5311,False,all_dynamic_snr,2.8802,0.9484
37,v4,v3,40.0,80.06,20.0,1.0,0.4003,0.4,5.7287,False,all_dynamic_snr,2.7503,0.9363
37,v4,v7,40.0,100.04,30.0,1.0,0.5002,0.6,3.1804,True,all_dynamic_snr,2.5655,0.9107
37,v4,v12,40.0,150.0,40.0,1.0,0.75,0.8,-0.4092,True,all_dynamic_snr,2.1582,0.7525
38,v1,v2,40.0,30.15,0.0,1.0,0.1507,0.0,16.3315,False,all_dynamic_snr,2.9479,0.9637
38,v1,v6,40.0,170.03,0.0,1.0,0.8501,0.0,4.3117,True,all_dynamic_snr,2.6594,0.9127
38,v1,v5,40.0,190.0,10.0,1.0,0.95,0.2,1.1317,True,all_dynamic_snr,2.3593,0.8328
38,v2,v1,20.0,30.15,0.0,0.6,0.1507,0.0,-3.6685,False,all_dynamic_snr,1.6878,0.5475
38,v2,v6,20.0,200.0,0.0,0.6,1.0,0.0,-16.8165,True,all_dynamic_snr,0.6238,0.1703
38,v3,v4,20.0,60.07,40.0,0.6,0.3004,0.8,-14.0509,True,all_dynamic_snr,0.7373,0.1727
38,v3,v8,20.0,100.04,40.0,0.6,0.5002,0.8,-17.5949,True,all_dynamic_snr,0.5921,0.142
38,v3,v11,20.0,130.0,10.0,0.6,0.65,0.2,-16.2313,True,all_dynamic_snr,0.6424,0.1531
38,v3,v7,20.0,190.0,10.0,0.6,0.95,0.2,-18.8683,True,all_dynamic_snr,0.5622,0.1352
38,v4,v8,40.0,40.0,0.0,1.0,0.2,0.0,14.367,False,all_dynamic_snr,2.9392,0.9588
38,v4,v3,40.0,60.07,40.0,1.0,0.3004,0.8,5.9491,True,all_dynamic_snr,2.7661,0.9383
38,v4,v11,40.0,70.06,30.0,1.0,0.3503,0.6,5.6556,False,all_dynamic_snr,2.7443,0.9359
38,v4,v7,40.0,130.03,30.0,1.0,0.6502,0.6,1.3586,True,all_dynamic_snr,2.3772,0.8244
38,v4,v12,40.0,190.0,30.0,1.0,0.95,0.6,-1.2765,True,all_dynamic_snr,2.0174,0.6818
39,v1,v2,40.0,30.15,30.0,1.0,0.1507,0.6,11.515,False,all_dynamic_snr,2.9144,0.9592
39,v1,v6,40.0,170.03,20.0,1.0,0.8501,0.4,0.4948,True,all_dynamic_snr,2.2843,0.7982
39,v1,v5,40.0,180.0,0.0,1.0,0.9,0.0,3.9156,True,all_dynamic_snr,2.6352,0.9154
39,v2,v1,20.0,30.15,30.0,0.6,0.1507,0.6,-8.485,True,all_dynamic_snr,1.0983,0.2836
39,v2,v6,20.0,200.0,10.0,0.6,1.0,0.2,-19.2247,True,all_dynamic_snr,0.5586,0.1326
39,v3,v4,20.0,100.04,10.0,0.6,0.5002,0.2,-14.4114,True,all_dynamic_snr,0.6955,0.1643
39,v3,v11,20.0,140.0,30.0,0.6,0.7,0.6,-19.1545,True,all_dynamic_snr,0.5618,0.1295
39,v3,v8,20.0,140.03,20.0,0.6,0.7002,0.4,-18.1566,True,all_dynamic_snr,0.5841,0.1533
39,v3,v7,20.0,200.0,0.0,0.6,1.0,0.0,-16.8165,True,all_dynamic_snr,0.6457,0.1568
39,v4,v8,40.0,40.0,10.0,1.0,0.2,0.2,11.9588,False,all_dynamic_snr,2.9189,0.9529
39,v4,v11,40.0,40.11,20.0,1.0,0.2006,0.4,10.5306,False,all_dynamic_snr,2.8964,0.9533
39,v4,v3,40.0,100.04,10.0,1.0,0.5002,0.2,5.5886,False,all_dynamic_snr,2.7374,0.9387
39,v4,v7,40.0,100.04,10.0,1.0,0.5002,0.2,5.5886,False,all_dynamic_snr,2.7425,0.9467
39,v4,v12,40.0,160.0,10.0,1.0,0.8,0.2,2.3258,True,all_dynamic_snr,2.4939,0.874
40,v1,v2,40.0,3.0,20.0,1.0,0.015,0.4,28.5491,False,all_dynamic_snr,2.9682,0.9592
40,v1,v5,40.0,180.0,10.0,1.0,0.9,0.2,1.5074,True,all_dynamic_snr,2.393,0.8486
40,v1,v6,40.0,190.02,30.0,1.0,0.9501,0.6,-1.2774,True,all_dynamic_snr,2.0218,0.7068
40,v2,v1,20.0,3.0,20.0,0.6,0.015,0.4,8.5491,True,all_dynamic_snr,2.8537,0.948
40,v2,v5,20.0,180.02,10.0,0.6,0.9001,0.2,-18.4936,True,all_dynamic_snr,0.5839,0.1398
40,v2,v6,20.0,190.0,10.0,0.6,0.95,0.2,-18.8683,True,all_dynamic_snr,0.555,0.134
40,v3,v4,20.0,110.04,10.0,0.6,0.5502,0.2,-15.0731,True,all_dynamic_snr,0.6874,0.1592
40,v3,v8,20.0,160.03,10.0,0.6,0.8001,0.2,-17.6754,True,all_dynamic_snr,0.618,0.1691
40,v3,v11,20.0,170.0,0.0,0.6,0.85,0.0,-15.6872,True,all_dynamic_snr,0.6676,0.1643
40,v3,v7,20.0,200.0,10.0,0.6,1.0,0.2,-19.2247,True,all_dynamic_snr,0.5459,0.1445
40,v4,v8,40.0,50.0,0.0,1.0,0.25,0.0,12.8165,False,all_dynamic_snr,2.9288,0.9602
40,v4,v11,40.0,60.07,10.0,1.0,0.3004,0.2,9.1327,False,all_dynamic_snr,2.872,0.9436
40,v4,v7,40.0,90.05,0.0,1.0,0.4502,0.0,8.7283,False,all_dynamic_snr,2.8609,0.9527
40,v4,v3,40.0,110.04,10.0,1.0,0.5502,0.2,4.9269,False,all_dynamic_snr,2.7032,0.9289
40,v4,v12,40.0,150.0,0.0,1.0,0.75,0.0,5.1825,False,all_dynamic_snr,2.7147,0.9295
41,v1,v2,40.0,20.22,0.0,1.0,0.1011,0.0,19.1062,False,all_dynamic_snr,2.9596,0.9549
41,v1,v6,40.0,160.03,40.0,1.0,0.8001,0.8,-0.8589,True,all_dynamic_snr,2.089,0.7029
41,v1,v5,40.0,170.0,0.0,1.0,0.85,0.0,4.3128,True,all_dynamic_snr,2.6584,0.9227
41,v2,v1,20.0,20.22,0.0,0.6,0.1011,0.0,-0.8938,False,all_dynamic_snr,2.0847,0.7334
41,v2,v6,20.0,180.0,40.0,0.6,0.9,0.8,-21.6761,True,all_dynamic_snr,0.4953,0.1273
41,v2,v5,20.0,190.02,0.0,0.6,0.9501,0.0,-16.4609,True,all_dynamic_snr,0.6378,0.1422
41,v3,v4,20.0,120.04,0.0,0.6,0.6002,0.0,-13.2691,True,all_dynamic_snr,0.7583,0.1896
41,v3,v11,20.0,170.0,10.0,0.6,0.85,0.2,-18.0954,True,all_dynamic_snr,0.5831,0.1494
41,v3,v8,20.0,170.03,0.0,0.6,0.8501,0.0,-15.6883,True,all_dynamic_snr,0.6519,0.1498
41,v4,v8,40.0,50.0,0.0,1.0,0.25,0.0,12.8165,False,all_dynamic_snr,2.9289,0.9598
41,v4,v11,40.0,50.09,10.0,1.0,0.2504,0.2,10.3958,False,all_dynamic_snr,2.8944,0.9533
41,v4,v7,40.0,90.05,0.0,1.0,0.4502,0.0,8.7283,False,all_dynamic_snr,2.8608,0.9523
41,v4,v3,40.0,120.04,0.0,1.0,0.6002,0.0,6.7309,False,all_dynamic_snr,2.7947,0.9504
41,v4,v12,40.0,150.0,30.0,1.0,0.75,0.6,0.3661,True,all_dynamic_snr,2.2459,0.7811
42,v1,v2,40.0,20.22,10.0,1.0,0.1011,0.2,16.698,False,all_dynamic_snr,2.9535,0.9607
42,v1,v6,40.0,120.04,10.0,1.0,0.6002,0.2,4.3227,False,all_dynamic_snr,2.6573,0.9148
42,v1,v5,40.0,170.0,10.0,1.0,0.85,0.2,1.9046,True,all_dynamic_snr,2.4346,0.8504
42,v2,v1,20.0,20.22,10.0,0.6,0.1011,0.2,-3.302,False,all_dynamic_snr,1.7365,0.5662
42,v2,v6,20.0,140.0,0.0,0.6,0.7,0.0,-14.338,True,all_dynamic_snr,0.7038,0.1637
42,v2,v5,20.0,190.02,20.0,0.6,0.9501,0.4,-20.2779,True,all_dynamic_snr,0.5322,0.1189
42,v3,v4,20.0,120.04,40.0,0.6,0.6002,0.8,-18.8608,True,all_dynamic_snr,0.5501,0.1311
42,v3,v8,20.0,170.03,30.0,0.6,0.8501,0.6,-20.5047,True,all_dynamic_snr,0.5368,0.1244
42,v3,v11,20.0,180.0,0.0,0.6,0.9,0.0,-16.0844,True,all_dynamic_snr,0.6523,0.1482
42,v4,v8,40.0,50.0,10.0,1.0,0.25,0.2,10.4082,False,all_dynamic_snr,2.8934,0.9549
42,v4,v11,40.0,60.07,40.0,1.0,0.3004,0.8,5.9491,True,all_dynamic_snr,2.7586,0.9383
42,v4,v7,40.0,90.05,0.0,1.0,0.4502,0.0,8.7283,False,all_dynamic_snr,2.861,0.9406
42,v4,v12,40.0,120.0,0.0,1.0,0.6,0.0,6.7331,False,all_dynamic_snr,2.7931,0.9422
42,v4,v3,40.0,120.04,40.0,1.0,0.6002,0.8,1.1392,True,all_dynamic_snr,2.3593,0.8393
43,v1,v2,40.0,30.15,10.0,1.0,0.1507,0.2,13.9232,False,all_dynamic_snr,2.9372,0.9563
43,v1,v6,40.0,110.04,20.0,1.0,0.5502,0.4,3.5182,False,all_dynamic_snr,2.5938,0.9041
43,v1,v5,40.0,180.0,0.0,1.0,0.9,0.0,3.9156,True,all_dynamic_snr,2.6298,0.9123
43,v2,v1,20.0,30.15,10.0,0.6,0.1507,0.2,-6.0768,False,all_dynamic_snr,1.3942,0.409
43,v2,v6,20.0,140.0,10.0,0.6,0.7,0.2,-16.7463,True,all_dynamic_snr,0.6095,0.1316
43,v3,v4,20.0,80.06,20.0,0.6,0.4003,0.4,-14.2713,True,all_dynamic_snr,0.7251,0.1771
43,v3,v8,20.0,140.03,10.0,0.6,0.7002,0.2,-16.7479,True,all_dynamic_snr,0.6356,0.1613
43,v3,v7,20.0,170.0,20.0,0.6,0.85,0.4,-19.5042,True,all_dynamic_snr,0.5367,0.1484
43,v3,v11,20.0,180.0,10.0,0.6,0.9,0.2,-18.4926,True,all_dynamic_snr,0.5702,0.1439
43,v4,v8,40.0,60.0,30.0,1.0,0.3,0.6,6.7331,False,all_dynamic_snr,2.7959,0.9381
43,v4,v3,40.0,80.06,20.0,1.0,0.4003,0.4,5.7287,False,all_dynamic_snr,2.7439,0.9465
43,v4,v7,40.0,90.05,0.0,1.0,0.4502,0.0,8.7283,False,all_dynamic_snr,2.8596,0.9563
43,v4,v11,40.0,100.04,30.0,1.0,0.5002,0.6,3.1804,True,all_dynamic_snr,2.561,0.9006
43,v4,v12,40.0,120.0,20.0,1.0,0.6,0.4,2.9161,False,all_dynamic_snr,2.5418,0.9031
44,v1,v2,40.0,20.22,0.0,1.0,0.1011,0.0,19.1062,False,all_dynamic_snr,2.9593,0.9621
44,v1,v6,40.0,130.03,10.0,1.0,0.6502,0.2,3.7668,False,all_dynamic_snr,2.618,0.9201
44,v1,v5,40.0,180.0,10.0,1.0,0.9,0.2,1.5074,True,all_dynamic_snr,2.4016,0.8438
44,v2,v1,20.0,20.22,0.0,0.6,0.1011,0.0,-0.8938,False,all_dynamic_snr,2.0908,0.7072
44,v2,v6,20.0,150.0,10.0,0.6,0.75,0.2,-17.2257,True,all_dynamic_snr,0.6252,0.1572
44,v3,v4,20.0,100.04,10.0,0.6,0.5002,0.2,-14.4114,True,all_dynamic_snr,0.707,0.1854
44,v3,v8,20.0,130.03,30.0,0.6,0.6502,0.6,-18.6414,True,all_dynamic_snr,0.5704,0.1537
44,v3,v11,20.0,170.0,20.0,0.6,0.85,0.4,-19.5042,True,all_dynamic_snr,0.5476,0.14
44,v3,v7,20.0,190.0,20.0,0.6,0.95,0.4,-20.277,True,all_dynamic_snr,0.5377,0.1291
44,v4,v8,40.0,30.0,40.0,1.0,0.15,0.8,10.7743,True,all_dynamic_snr,2.8988,0.9572
44,v4,v11,40.0,70.06,30.0,1.0,0.3503,0.6,5.6556,False,all_dynamic_snr,2.7414,0.9309
44,v4,v7,40.0,90.05,30.0,1.0,0.4502,0.6,3.9118,True,all_dynamic_snr,2.6235,0.9156
44,v4,v12,40.0,100.0,10.0,1.0,0.5,0.2,5.5918,False,all_dynamic_snr,2.7398,0.9314
44,v4,v3,40.0,100.04,10.0,1.0,0.5002,0.2,5.5886,False,all_dynamic_snr,2.7327,0.926
45,v1,v2,40.0,20.22,20.0,1.0,0.1011,0.4,15.2892,False,all_dynamic_snr,2.944,0.9559
45,v1,v6,40.0,140.03,10.0,1.0,0.7002,0.2,3.2521,False,all_dynamic_snr,2.5704,0.8986
45,v1,v5,40.0,190.0,10.0,1.0,0.95,0.2,1.1317,True,all_dynamic_snr,2.3418,0.8254
45,v2,v1,20.0,20.22,20.0,0.6,0.1011,0.4,-4.7108,True,all_dynamic_snr,1.5564,0.4604
45,v2,v6,20.0,160.0,10.0,0.6,0.8,0.2,-17.6742,True,all_dynamic_snr,0.5752,0.1551
45,v3,v4,20.0,90.05,0.0,0.6,0.4502,0.0,-11.2717,True,all_dynamic_snr,0.8971,0.2252
45,v3,v8,20.0,160.03,0.0,0.6,0.8001,0.0,-15.2671,True,all_dynamic_snr,0.6847,0.1697
45,v3,v11,20.0,190.0,20.0,0.6,0.95,0.4,-20.277,True,all_dynamic_snr,0.528,0.1309
45,v4,v8,40.0,70.0,0.0,1.0,0.35,0.0,10.4784,False,all_dynamic_snr,2.8965,0.9545
45,v4,v3,40.0,90.05,0.0,1.0,0.4502,0.0,8.7283,False,all_dynamic_snr,2.8596,0.9529
45,v4,v11,40.0,100.04,20.0,1.0,0.5002,0.4,4.1799,False,all_dynamic_snr,2.6508,0.9285
45,v4,v12,40.0,110.0,10.0,1.0,0.55,0.2,4.9295,False,all_dynamic_snr,2.7029,0.9324
45,v4,v7,40.0,120.04,20.0,1.0,0.6002,0.4,2.914,False,all_dynamic_snr,2.5345,0.8916
46,v1,v2,40.0,3.0,30.0,1.0,0.015,0.6,27.5496,False,all_dynamic_snr,2.9673,0.9607
46,v1,v6,40.0,150.03,0.0,1.0,0.7501,0.0,5.1812,False,all_dynamic_snr,2.7182,0.9285
46,v1,v5,40.0,200.0,20.0,1.0,1.0,0.4,-0.6334,True,all_dynamic_snr,2.1284,0.7402
46,v2,v1,20.0,3.0,30.0,0.6,0.015,0.6,7.5496,True,all_dynamic_snr,2.8269,0.9445
46,v2,v6,20.0,150.0,30.0,0.6,0.75,0.6,-19.6339,True,all_dynamic_snr,0.5513,0.1115
46,v3,v4,20.0,90.05,20.0,0.6,0.4502,0.4,-15.0887,True,all_dynamic_snr,0.6981,0.1709
46,v3,v8,20.0,160.03,20.0,0.6,0.8001,0.4,-19.0841,True,all_dynamic_snr,0.5416,0.1484
46,v3,v11,20.0,170.0,30.0,0.6,0.85,0.6,-20.5037,True,all_dynamic_snr,0.5275,0.1252
46,v3,v7,20.0,190.0,10.0,0.6,0.95,0.2,-18.8683,True,all_dynamic_snr,0.5641,0.1436
46,v4,v8,40.0,70.0,0.0,1.0,0.35,0.0,10.4784,False,all_dynamic_snr,2.8966,0.9588
46,v4,v11,40.0,80.06,10.0,1.0,0.4003,0.2,7.1374,False,all_dynamic_snr,2.8084,0.9529
46,v4,v3,40.0,90.05,20.0,1.0,0.4502,0.4,4.9113,False,all_dynamic_snr,2.6995,0.9283
46,v4,v7,40.0,100.04,10.0,1.0,0.5002,0.2,5.5886,False,all_dynamic_snr,2.742,0.9309
46,v4,v12,40.0,120.0,20.0,1.0,0.6,0.4,2.9161,False,all_dynamic_snr,2.5371,0.8822
47,v1,v2,40.0,30.15,0.0,1.0,0.1507,0.0,16.3315,False,all_dynamic_snr,2.9503,0.9621
47,v1,v6,40.0,150.03,0.0,1.0,0.7501,0.0,5.1812,False,all_dynamic_snr,2.7191,0.9309
47,v2,v1,20.0,30.15,0.0,0.6,0.1507,0.0,-3.6685,False,all_dynamic_snr,1.7006,0.5268
47,v2,v6,20.0,120.0,0.0,0.6,0.6,0.0,-13.2669,True,all_dynamic_snr,0.7723,0.1678
47,v2,v5,20.0,190.02,10.0,0.6,0.9501,0.2,-18.8692,True,all_dynamic_snr,0.5484,0.1127
47,v3,v4,20.0,70.06,10.0,0.6,0.3503,0.2,-11.9362,True,all_dynamic_snr,0.8319,0.1826
47,v3,v11,20.0,140.0,0.0,0.6,0.7,0.0,-14.338,True,all_dynamic_snr,0.7188,0.1758
47,v3,v8,20.0,140.03,30.0,0.6,0.7002,0.6,-19.1561,True,all_dynamic_snr,0.5472,0.1307
47,v3,v12,20.0,170.03,20.0,0.6,0.8501,0.4,-19.5052,True,all_dynamic_snr,0.5264,0.125
47,v3,v7,20.0,180.0,10.0,0.6,0.9,0.2,-18.4926,True,all_dynamic_snr,0.5681,0.1416
47,v4,v8,40.0,70.0,40.0,1.0,0.35,0.8,4.8867,True,all_dynamic_snr,2.6991,0.9217
47,v4,v3,40.0,70.06,10.0,1.0,0.3503,0.2,8.0638,False,all_dynamic_snr,2.8426,0.9432
47,v4,v11,40.0,70.06,10.0,1.0,0.3503,0.2,8.0638,False,all_dynamic_snr,2.8404,0.951
47,v4,v12,40.0,100.0,30.0,1.0,0.5,0.6,3.1835,True,all_dynamic_snr,2.5683,0.8912
47,v4,v7,40.0,110.04,0.0,1.0,0.5502,0.0,7.3351,False,all_dynamic_snr,2.8198,0.9539
48,v1,v2,40.0,30.15,10.0,1.0,0.1507,0.2,13.9232,False,all_dynamic_snr,2.9359,0.9563
48,v1,v6,40.0,150.03,30.0,1.0,0.7501,0.6,0.3647,True,all_dynamic_snr,2.2655,0.7889
48,v2,v1,20.0,30.15,10.0,0.6,0.1507,0.2,-6.0768,False,all_dynamic_snr,1.3796,0.399
48,v2,v6,20.0,120.0,20.0,0.6,0.6,0.4,-17.0839,True,all_dynamic_snr,0.6222,0.1553
48,v3,v4,20.0,80.06,10.0,0.6,0.4003,0.2,-12.8626,True,all_dynamic_snr,0.7987,0.2146
48,v3,v8,20.0,110.04,10.0,0.6,0.5502,0.2,-15.0731,True,all_dynamic_snr,0.6755,0.176
48,v3,v11,20.0,140.0,30.0,0.6,0.7,0.6,-19.1545,True,all_dynamic_snr,0.5406,0.1377
48,v3,v12,20.0,150.03,10.0,0.6,0.7501,0.2,-17.2271,True,all_dynamic_snr,0.6165,0.1391
48,v3,v7,20.0,190.0,0.0,0.6,0.95,0.0,-16.4601,True,all_dynamic_snr,0.635,0.1365
48,v4,v8,40.0,30.0,0.0,1.0,0.15,0.0,16.3661,False,all_dynamic_snr,2.9507,0.9607
48,v4,v11,40.0,60.07,20.0,1.0,0.3004,0.4,7.7239,False,all_dynamic_snr,2.8313,0.9475
48,v4,v12,40.0,70.0,0.0,1.0,0.35,0.0,10.4784,False,all_dynamic_snr,2.8992,0.9543
48,v4,v3,40.0,80.06,10.0,1.0,0.4003,0.2,7.1374,False,all_dynamic_snr,2.814,0.9465
48,v4,v7,40.0,110.04,10.0,1.0,0.5502,0.2,4.9269,False,all_dynamic_snr,2.7062,0.9256
49,v1,v2,40.0,20.22,10.0,1.0,0.1011,0.2,16.698,False,all_dynamic_snr,2.9524,0.9539
49,v1,v6,40.0,120.04,0.0,1.0,0.6002,0.0,6.7309,False,all_dynamic_snr,2.7951,0.9451
49,v2,v1,20.0,20.22,10.0,0.6,0.1011,0.2,-3.302,False,all_dynamic_snr,1.7458,0.5721
49,v2,v6,20.0,100.0,10.0,0.6,0.5,0.2,-14.4082,True,all_dynamic_snr,0.6994,0.1607
49,v3,v4,20.0,70.06,10.0,0.6,0.3503,0.2,-11.9362,True,all_dynamic_snr,0.8484,0.1939
49,v3,v8,20.0,100.04,10.0,0.6,0.5002,0.2,-14.4114,True,all_dynamic_snr,0.6998,0.1787
49,v3,v11,20.0,110.0,10.0,0.6,0.55,0.2,-15.0705,True,all_dynamic_snr,0.6864,0.175
49,v3,v12,20.0,140.03,30.0,0.6,0.7002,0.6,-19.1561,True,all_dynamic_snr,0.5517,0.1342
49,v3,v7,20.0,190.0,10.0,0.6,0.95,0.2,-18.8683,True,all_dynamic_snr,0.5602,0.1172
49,v4,v8,40.0,30.0,0.0,1.0,0.15,0.0,16.3661,False,all_dynamic_snr,2.9499,0.9572
49,v4,v11,40.0,40.11,0.0,1.0,0.2006,0.0,14.3476,False,all_dynamic_snr,2.9391,0.9621
49,v4,v12,40.0,70.0,40.0,1.0,0.35,0.8,4.8867,True,all_dynamic_snr,2.7029,0.9252
49,v4,v3,40.0,70.06,10.0,1.0,0.3503,0.2,8.0638,False,all_dynamic_snr,2.8454,0.9563
49,v4,v7,40.0,120.04,0.0,1.0,0.6002,0.0,6.7309,False,all_dynamic_snr,2.7949,0.9381
50,v1,v2,40.0,30.15,10.0,1.0,0.1507,0.2,13.9232,False,all_dynamic_snr,2.9367,0.9543
50,v1,v6,40.0,120.04,30.0,1.0,0.6002,0.6,1.9144,True,all_dynamic_snr,2.44,0.8617
50,v2,v1,20.0,30.15,10.0,0.6,0.1507,0.2,-6.0768,False,all_dynamic_snr,1.3907,0.4105
50,v2,v6,20.0,90.0,20.0,0.6,0.45,0.4,-15.0849,True,all_dynamic_snr,0.6831,0.1607
50,v3,v4,20.0,80.06,0.0,0.6,0.4003,0.0,-10.4543,True,all_dynamic_snr,0.9472,0.2385
50,v3,v8,20.0,110.04,10.0,0.6,0.5502,0.2,-15.0731,True,all_dynamic_snr,0.6852,0.1781
50,v3,v12,20.0,110.04,0.0,0.6,0.5502,0.0,-12.6649,True,all_dynamic_snr,0.7937,0.1852
50,v3,v11,20.0,120.0,20.0,0.6,0.6,0.4,-17.0839,True,all_dynamic_snr,0.6102,0.1566
50,v3,v7,20.0,200.0,0.0,0.6,1.0,0.0,-16.8165,True,all_dynamic_snr,0.6191,0.1445
50,v4,v8,40.0,30.0,10.0,1.0,0.15,0.2,13.9578,False,all_dynamic_snr,2.9377,0.9592
50,v4,v12,40.0,30.0,0.0,1.0,0.15,0.0,16.3661,False,all_dynamic_snr,2.9509,0.9559
50,v4,v11,40.0,40.11,20.0,1.0,0.2006,0.4,10.5306,False,all_dynamic_snr,2.9009,0.9592
50,v4,v3,40.0,80.06,0.0,1.0,0.4003,0.0,9.5457,False,all_dynamic_snr,2.8815,0.9533
50,v4,v7,40.0,120.04,0.0,1.0,0.6002,0.0,6.7309,False,all_dynamic_snr,2.7938,0.9459
51,v1,v2,40.0,40.11,10.0,1.0,0.2006,0.2,11.9393,False,all_dynamic_snr,2.9175,0.9617
51,v1,v6,40.0,150.03,0.0,1.0,0.7501,0.0,5.1812,False,all_dynamic_snr,2.7235,0.9354
51,v2,v1,20.0,40.11,10.0,0.6,0.2006,0.2,-8.0607,False,all_dynamic_snr,1.1388,0.3049
51,v2,v6,20.0,110.0,10.0,0.6,0.55,0.2,-15.0705,True,all_dynamic_snr,0.6576,0.148
51,v3,v4,20.0,80.06,10.0,0.6,0.4003,0.2,-12.8626,True,all_dynamic_snr,0.7942,0.1918
51,v3,v12,20.0,110.04,30.0,0.6,0.5502,0.6,-17.4813,True,all_dynamic_snr,0.5902,0.1377
51,v3,v8,20.0,120.04,0.0,0.6,0.6002,0.0,-13.2691,True,all_dynamic_snr,0.7735,0.2074
51,v3,v11,20.0,140.0,30.0,0.6,0.7,0.6,-19.1545,True,all_dynamic_snr,0.5409,0.1301
51,v3,v7,20.0,200.0,40.0,0.6,1.0,0.8,-22.4082,True,all_dynamic_snr,0.4864,0.1295
51,v4,v12,40.0,30.0,20.0,1.0,0.15,0.4,12.5491,False,all_dynamic_snr,2.9253,0.9529
51,v4,v8,40.0,40.0,10.0,1.0,0.2,0.2,11.9588,False,all_dynamic_snr,2.9197,0.9539
51,v4,v11,40.0,60.07,20.0,1.0,0.3004,0.4,7.7239,False,all_dynamic_snr,2.8303,0.9445
51,v4,v3,40.0,80.06,10.0,1.0,0.4003,0.2,7.1374,False,all_dynamic_snr,2.8119,0.9518
51,v4,v7,40.0,120.04,30.0,1.0,0.6002,0.6,1.9144,True,all_dynamic_snr,2.4433,0.85
52,v1,v2,40.0,30.15,10.0,1.0,0.1507,0.2,13.9232,False,all_dynamic_snr,2.9382,0.9578
52,v1,v6,40.0,150.03,30.0,1.0,0.7501,0.6,0.3647,True,all_dynamic_snr,2.2565,0.784
52,v2,v1,20.0,30.15,10.0,0.6,0.1507,0.2,-6.0768,False,all_dynamic_snr,1.3806,0.3793
52,v2,v6,20.0,120.0,20.0,0.6,0.6,0.4,-17.0839,True,all_dynamic_snr,0.5974,0.1377
52,v3,v4,20.0,70.06,20.0,0.6,0.3503,0.4,-13.3449,True,all_dynamic_snr,0.7676,0.1711
52,v3,v12,20.0,80.06,10.0,0.6,0.4003,0.2,-12.8626,True,all_dynamic_snr,0.7838,0.1797
52,v3,v11,20.0,110.0,0.0,0.6,0.55,0.0,-12.6623,True,all_dynamic_snr,0.7956,0.193
52,v3,v8,20.0,120.04,20.0,0.6,0.6002,0.4,-17.086,True,all_dynamic_snr,0.5903,0.1547
52,v3,v7,20.0,160.0,20.0,0.6,0.8,0.4,-19.0829,True,all_dynamic_snr,0.5399,0.1375
52,v4,v12,40.0,10.0,30.0,1.0,0.05,0.6,19.1835,False,all_dynamic_snr,2.9588,0.9617
52,v4,v11,40.0,40.11,20.0,1.0,0.2006,0.4,10.5306,False,all_dynamic_snr,2.9,0.9508
52,v4,v8,40.0,50.0,0.0,1.0,0.25,0.0,12.8165,False,all_dynamic_snr,2.9288,0.9582
52,v4,v3,40.0,70.06,20.0,1.0,0.3503,0.4,6.6551,False,all_dynamic_snr,2.7858,0.943
52,v4,v7,40.0,90.05,40.0,1.0,0.4502,0.8,3.1365,True,all_dynamic_snr,2.5642,0.9025
53,v1,v2,40.0,20.22,30.0,1.0,0.1011,0.6,14.2897,False,all_dynamic_snr,2.9404,0.9598
53,v1,v6,40.0,120.04,40.0,1.0,0.6002,0.8,1.1392,True,all_dynamic_snr,2.3505,0.8264
53,v2,v1,20.0,20.22,30.0,0.6,0.1011,0.6,-5.7103,True,all_dynamic_snr,1.3964,0.4252
53,v2,v6,20.0,100.0,10.0,0.6,0.5,0.2,-14.4082,True,all_dynamic_snr,0.716,0.1895
53,v3,v4,20.0,50.09,10.0,0.6,0.2504,0.2,-9.6042,False,all_dynamic_snr,1.0229,0.274
53,v3,v12,20.0,90.05,20.0,0.6,0.4502,0.4,-15.0887,True,all_dynamic_snr,0.6822,0.1602
53,v3,v8,20.0,100.04,10.0,0.6,0.5002,0.2,-14.4114,True,all_dynamic_snr,0.7024,0.1805
53,v3,v11,20.0,110.0,20.0,0.6,0.55,0.4,-16.4793,True,all_dynamic_snr,0.6158,0.158
53,v3,v7,20.0,180.0,20.0,0.6,0.9,0.4,-19.9013,True,all_dynamic_snr,0.5287,0.1215
53,v4,v12,40.0,40.0,30.0,1.0,0.2,0.6,9.5506,False,all_dynamic_snr,2.8832,0.9539
53,v4,v8,40.0,50.0,0.0,1.0,0.25,0.0,12.8165,False,all_dynamic_snr,2.9279,0.9559
53,v4,v3,40.0,50.09,10.0,1.0,0.2504,0.2,10.3958,False,all_dynamic_snr,2.8964,0.9559
53,v4,v11,40.0,60.07,10.0,1.0,0.3004,0.2,9.1327,False,all_dynamic_snr,2.8706,0.9572
53,v4,v7,40.0,130.03,10.0,1.0,0.6502,0.2,3.7668,False,all_dynamic_snr,2.6214,0.9
54,v1,v2,40.0,10.44,40.0,1.0,0.0522,0.8,18.1088,True,all_dynamic_snr,2.9558,0.9607
54,v1,v6,40.0,80.06,30.0,1.0,0.4003,0.6,4.7292,False,all_dynamic_snr,2.6906,0.9227
54,v2,v1,20.0,10.44,40.0,0.6,0.0522,0.8,-1.8912,True,all_dynamic_snr,1.9473,0.6555
54,v2,v6,20.0,90.0,10.0,0.6,0.45,0.2,-13.6761,True,all_dynamic_snr,0.7295,0.1764
54,v3,v4,20.0,40.11,20.0,0.6,0.2006,0.4,-9.4694,True,all_dynamic_snr,1.0402,0.2795
54,v3,v11,20.0,90.0,10.0,0.6,0.45,0.2,-13.6761,True,all_dynamic_snr,0.7394,0.192
54,v3,v8,20.0,90.05,20.0,0.6,0.4502,0.4,-15.0887,True,all_dynamic_snr,0.6969,0.1494
54,v3,v12,20.0,110.04,20.0,0.6,0.5502,0.4,-16.4818,True,all_dynamic_snr,0.6295,0.1471
54,v3,v7,20.0,160.0,10.0,0.6,0.8,0.2,-17.6742,True,all_dynamic_snr,0.6088,0.1451
54,v4,v3,40.0,40.11,20.0,1.0,0.2006,0.4,10.5306,False,all_dynamic_snr,2.8967,0.9539
54,v4,v8,40.0,50.0,0.0,1.0,0.25,0.0,12.8165,False,all_dynamic_snr,2.9268,0.9566
54,v4,v11,40.0,50.09,30.0,1.0,0.2504,0.6,7.9875,False,all_dynamic_snr,2.8372,0.952
54,v4,v12,40.0,70.0,0.0,1.0,0.35,0.0,10.4784,False,all_dynamic_snr,2.9003,0.9553
54,v4,v7,40.0,120.04,10.0,1.0,0.6002,0.2,4.3227,False,all_dynamic_snr,2.6633,0.9244
55,v1,v2,40.0,30.15,10.0,1.0,0.1507,0.2,13.9232,False,all_dynamic_snr,2.9388,0.9572
55,v1,v6,40.0,110.04,20.0,1.0,0.5502,0.4,3.5182,False,all_dynamic_snr,2.6014,0.8943
55,v2,v1,20.0,30.15,10.0,0.6,0.1507,0.2,-6.0768,False,all_dynamic_snr,1.3638,0.3785
55,v2,v6,20.0,80.0,10.0,0.6,0.4,0.2,-12.8577,True,all_dynamic_snr,0.7948,0.1939
55,v3,v4,20.0,20.22,10.0,0.6,0.1011,0.2,-3.302,False,all_dynamic_snr,1.7275,0.559
55,v3,v8,20.0,70.06,20.0,0.6,0.3503,0.4,-13.3449,True,all_dynamic_snr,0.7505,0.1719
55,v3,v12,20.0,90.05,0.0,0.6,0.4502,0.0,-11.2717,True,all_dynamic_snr,0.8886,0.2061
55,v3,v11,20.0,100.0,20.0,0.6,0.5,0.4,-15.817,True,all_dynamic_snr,0.6421,0.1502
55,v3,v7,20.0,150.0,10.0,0.6,0.75,0.2,-17.2257,True,all_dynamic_snr,0.6044,0.157
55,v4,v3,40.0,20.22,10.0,1.0,0.1011,0.2,16.698,False,all_dynamic_snr,2.9517,0.9656
55,v4,v8,40.0,50.0,10.0,1.0,0.25,0.2,10.4082,False,all_dynamic_snr,2.8975,0.9523
55,v4,v12,40.0,70.0,10.0,1.0,0.35,0.2,8.0702,False,all_dynamic_snr,2.8421,0.9426
55,v4,v11,40.0,80.06,30.0,1.0,0.4003,0.6,4.7292,False,all_dynamic_snr,2.6878,0.9229
55,v4,v7,40.0,130.03,0.0,1.0,0.6502,0.0,6.1751,False,all_dynamic_snr,2.7649,0.9314
56,v1,v2,40.0,20.22,30.0,1.0,0.1011,0.6,14.2897,False,all_dynamic_snr,2.9397,0.9621
56,v1,v6,40.0,90.05,10.0,1.0,0.4502,0.2,6.32,False,all_dynamic_snr,2.7713,0.9361
56,v2,v1,20.0,20.22,30.0,0.6,0.1011,0.6,-5.7103,True,all_dynamic_snr,1.4335,0.4023
56,v2,v6,20.0,70.0,40.0,0.6,0.35,0.8,-15.1133,True,all_dynamic_snr,0.6799,0.1576
56,v3,v4,20.0,10.44,30.0,0.6,0.0522,0.6,-1.1159,True,all_dynamic_snr,2.0462,0.6939
56,v3,v8,20.0,50.09,20.0,0.6,0.2504,0.4,-11.013,True,all_dynamic_snr,0.8805,0.2242
56,v3,v12,20.0,90.05,30.0,0.6,0.4502,0.6,-16.0882,True,all_dynamic_snr,0.655,0.174
56,v3,v11,20.0,120.0,10.0,0.6,0.6,0.2,-15.6751,True,all_dynamic_snr,0.6589,0.1604
56,v3,v7,20.0,140.0,20.0,0.6,0.7,0.4,-18.155,True,all_dynamic_snr,0.577,0.1447
56,v4,v3,40.0,10.44,30.0,1.0,0.0522,0.6,18.8841,False,all_dynamic_snr,2.9588,0.9578
56,v4,v8,40.0,40.0,10.0,1.0,0.2,0.2,11.9588,False,all_dynamic_snr,2.9209,0.9598
56,v4,v12,40.0,80.0,0.0,1.0,0.4,0.0,9.5506,False,all_dynamic_snr,2.878,0.9504
56,v4,v11,40.0,110.04,20.0,1.0,0.5502,0.4,3.5182,False,all_dynamic_snr,2.5913,0.9059
56,v4,v7,40.0,130.03,10.0,1.0,0.6502,0.2,3.7668,False,all_dynamic_snr,2.6267,0.9016
57,v1,v2,40.0,50.09,10.0,1.0,0.2504,0.2,10.3958,False,all_dynamic_snr,2.8975,0.9607
57,v1,v6,40.0,80.06,20.0,1.0,0.4003,0.4,5.7287,False,all_dynamic_snr,2.7473,0.9412
57,v2,v6,20.0,30.0,10.0,0.6,0.15,0.2,-6.0422,False,all_dynamic_snr,1.3739,0.3791
57,v2,v1,20.0,50.09,10.0,0.6,0.2504,0.2,-9.6042,False,all_dynamic_snr,0.9984,0.2516
57,v2,v5,20.0,190.02,20.0,0.6,0.9501,0.4,-20.2779,True,all_dynamic_snr,0.5368,0.1314
57,v3,v4,20.0,20.22,40.0,0.6,0.1011,0.8,-6.4855,True,all_dynamic_snr,1.3113,0.3617
57,v3,v8,20.0,30.15,30.0,0.6,0.1507,0.6,-8.485,True,all_dynamic_snr,1.1094,0.2785
57,v3,v12,20.0,60.07,30.0,0.6,0.3004,0.6,-13.2756,True,all_dynamic_snr,0.7592,0.1754
57,v3,v11,20.0,110.0,40.0,0.6,0.55,0.8,-18.254,True,all_dynamic_snr,0.573,0.1475
57,v3,v7,20.0,120.0,40.0,0.6,0.6,0.8,-18.8587,True,all_dynamic_snr,0.5272,0.1383
57,v4,v3,40.0,20.22,40.0,1.0,0.1011,0.8,13.5145,True,all_dynamic_snr,2.9338,0.9543
57,v4,v8,40.0,50.0,10.0,1.0,0.25,0.2,10.4082,False,all_dynamic_snr,2.8972,0.9566
57,v4,v12,40.0,80.0,10.0,1.0,0.4,0.2,7.1423,False,all_dynamic_snr,2.8128,0.9471
57,v4,v11,40.0,130.03,0.0,1.0,0.6502,0.0,6.1751,False,all_dynamic_snr,2.7724,0.9426
57,v4,v7,40.0,140.03,0.0,1.0,0.7002,0.0,5.6604,False,all_dynamic_snr,2.7406,0.9324
58,v1,v2,40.0,40.11,10.0,1.0,0.2006,0.2,11.9393,False,all_dynamic_snr,2.9198,0.9582
58,v1,v6,40.0,60.07,10.0,1.0,0.3004,0.2,9.1327,False,all_dynamic_snr,2.872,0.9459
58,v2,v6,20.0,20.0,0.0,0.6,0.1,0.0,-0.8165,False,all_dynamic_snr,2.1009,0.7088
58,v2,v1,20.0,40.11,10.0,0.6,0.2006,0.2,-8.0607,False,all_dynamic_snr,1.1466,0.2674
58,v2,v5,20.0,170.03,30.0,0.6,0.8501,0.6,-20.5047,True,all_dynamic_snr,0.5179,0.1217
58,v3,v4,20.0,20.22,20.0,0.6,0.1011,0.4,-4.7108,True,all_dynamic_snr,1.5438,0.4574
58,v3,v8,20.0,60.07,0.0,0.6,0.3004,0.0,-8.4591,True,all_dynamic_snr,1.0981,0.2961
58,v3,v12,20.0,90.05,10.0,0.6,0.4502,0.2,-13.68,True,all_dynamic_snr,0.7315,0.1652
58,v3,v11,20.0,150.0,20.0,0.6,0.75,0.4,-18.6344,True,all_dynamic_snr,0.5516,0.1143
58,v3,v7,20.0,160.0,30.0,0.6,0.8,0.6,-20.0824,True,all_dynamic_snr,0.5316,0.1189
58,v4,v3,40.0,20.22,20.0,1.0,0.1011,0.4,15.2892,False,all_dynamic_snr,2.9457,0.9607
58,v4,v8,40.0,40.0,20.0,1.0,0.2,0.4,10.5501,False,all_dynamic_snr,2.8985,0.9533
58,v4,v12,40.0,70.0,10.0,1.0,0.35,0.2,8.0702,False,all_dynamic_snr,2.8441,0.9406
58,v4,v11,40.0,130.03,0.0,1.0,0.6502,0.0,6.1751,False,all_dynamic_snr,2.7672,0.9289
58,v4,v7,40.0,140.03,10.0,1.0,0.7002,0.2,3.2521,False,all_dynamic_snr,2.5759,0.8977
59,v1,v2,40.0,30.15,20.0,1.0,0.1507,0.4,12.5145,False,all_dynamic_snr,2.9265,0.9592
59,v1,v6,40.0,50.09,10.0,1.0,0.2504,0.2,10.3958,False,all_dynamic_snr,2.8979,0.9588
59,v2,v6,20.0,20.0,10.0,0.6,0.1,0.2,-3.2247,False,all_dynamic_snr,1.7418,0.5666
59,v2,v1,20.0,30.15,20.0,0.6,0.1507,0.4,-7.4855,True,all_dynamic_snr,1.2041,0.3182
59,v3,v4,20.0,3.0,10.0,0.6,0.015,0.2,9.9578,False,all_dynamic_snr,2.888,0.9523
59,v3,v8,20.0,60.07,0.0,0.6,0.3004,0.0,-8.4591,True,all_dynamic_snr,1.1148,0.2869
59,v3,v12,20.0,80.06,30.0,0.6,0.4003,0.6,-15.2708,True,all_dynamic_snr,0.6743,0.1539
59,v3,v7,20.0,130.0,0.0,0.6,0.65,0.0,-13.8231,True,all_dynamic_snr,0.7574,0.174
59,v3,v11,20.0,130.0,20.0,0.6,0.65,0.4,-17.6401,True,all_dynamic_snr,0.6015,0.1568
59,v4,v3,40.0,3.0,10.0,1.0,0.015,0.2,29.9578,False,all_dynamic_snr,2.9686,0.9602
59,v4,v8,40.0,60.0,10.0,1.0,0.3,0.2,9.1413,False,all_dynamic_snr,2.8669,0.9572
59,v4,v12,40.0,80.0,20.0,1.0,0.4,0.4,5.7336,False,all_dynamic_snr,2.7475,0.9496
59,v4,v7,40.0,130.03,10.0,1.0,0.6502,0.2,3.7668,False,all_dynamic_snr,2.6191,0.9059
59,v4,v11,40.0,130.03,10.0,1.0,0.6502,0.2,3.7668,False,all_dynamic_snr,2.6135,0.9211
60,v1,v2,40.0,10.44,0.0,1.0,0.0522,0.0,23.7006,False,all_dynamic_snr,2.9658,0.9582
60,v1,v6,40.0,40.11,20.0,1.0,0.2006,0.4,10.5306,False,all_dynamic_snr,2.899,0.9543
60,v2,v1,20.0,10.44,0.0,0.6,0.0522,0.0,3.7006,False,all_dynamic_snr,2.6117,0.923
60,v2,v6,20.0,30.0,20.0,0.6,0.15,0.4,-7.4509,True,all_dynamic_snr,1.2183,0.3529
60,v3,v4,20.0,10.44,20.0,0.6,0.0522,0.4,-0.1164,True,all_dynamic_snr,2.1887,0.7479
60,v3,v8,20.0,60.07,30.0,0.6,0.3004,0.6,-13.2756,True,all_dynamic_snr,0.7813,0.1965
60,v3,v12,20.0,110.04,10.0,0.6,0.5502,0.2,-15.0731,True,all_dynamic_snr,0.7,0.165
60,v3,v7,20.0,130.0,30.0,0.6,0.65,0.6,-18.6396,True,all_dynamic_snr,0.5614,0.1342
60,v3,v11,20.0,150.0,20.0,0.6,0.75,0.4,-18.6344,True,all_dynamic_snr,0.5634,0.1336
60,v4,v3,40.0,10.44,20.0,1.0,0.0522,0.4,19.8836,False,all_dynamic_snr,2.9608,0.9578
60,v4,v8,40.0,50.0,10.0,1.0,0.25,0.2,10.4082,False,all_dynamic_snr,2.8966,0.9553
60,v4,v12,40.0,100.0,30.0,1.0,0.5,0.6,3.1835,True,all_dynamic_snr,2.5684,0.8967
60,v4,v7,40.0,120.04,10.0,1.0,0.6002,0.2,4.3227,False,all_dynamic_snr,2.6586,0.9199
60,v4,v11,40.0,140.03,0.0,1.0,0.7002,0.0,5.6604,False,all_dynamic_snr,2.7356,0.927
61,v1,v2,40.0,10.44,0.0,1.0,0.0522,0.0,23.7006,False,all_dynamic_snr,2.966,0.9592
61,v1,v6,40.0,60.07,0.0,1.0,0.3004,0.0,11.5409,False,all_dynamic_snr,2.9141,0.9602
61,v2,v1,20.0,10.44,0.0,0.6,0.0522,0.0,3.7006,False,all_dynamic_snr,2.6154,0.927
61,v2,v6,20.0,50.0,0.0,0.6,0.25,0.0,-7.1835,False,all_dynamic_snr,1.2491,0.3688
61,v3,v4,20.0,10.44,10.0,0.6,0.0522,0.2,1.2923,False,all_dynamic_snr,2.3675,0.84
61,v3,v8,20.0,30.15,10.0,0.6,0.1507,0.2,-6.0768,False,all_dynamic_snr,1.3808,0.4191
61,v3,v7,20.0,100.0,0.0,0.6,0.5,0.0,-12.0,True,all_dynamic_snr,0.8516,0.2203
61,v3,v12,20.0,120.04,40.0,0.6,0.6002,0.8,-18.8608,True,all_dynamic_snr,0.5517,0.1393
61,v3,v11,20.0,130.0,0.0,0.6,0.65,0.0,-13.8231,True,all_dynamic_snr,0.7226,0.1629
61,v4,v3,40.0,10.44,10.0,1.0,0.0522,0.2,21.2923,False,all_dynamic_snr,2.9613,0.9582
61,v4,v8,40.0,40.0,0.0,1.0,0.2,0.0,14.367,False,all_dynamic_snr,2.9409,0.9533
61,v4,v7,40.0,110.04,10.0,1.0,0.5502,0.2,4.9269,False,all_dynamic_snr,2.7019,0.9158
61,v4,v12,40.0,130.0,30.0,1.0,0.65,0.6,1.3604,True,all_dynamic_snr,2.3829,0.8449
61,v4,v11,40.0,140.03,10.0,1.0,0.7002,0.2,3.2521,False,all_dynamic_snr,2.5723,0.9
62,v1,v2,40.0,10.44,30.0,1.0,0.0522,0.6,18.8841,False,all_dynamic_snr,2.9588,0.9559
62,v1,v6,40.0,60.07,0.0,1.0,0.3004,0.0,11.5409,False,all_dynamic_snr,2.9142,0.9535
62,v2,v1,20.0,10.44,30.0,0.6,0.0522,0.6,-1.1159,True,all_dynamic_snr,2.0445,0.691
62,v2,v6,20.0,50.0,30.0,0.6,0.25,0.6,-12.0,True,all_dynamic_snr,0.8254,0.1984
62,v3,v4,20.0,3.0,10.0,0.6,0.015,0.2,9.9578,False,all_dynamic_snr,2.8911,0.9553
62,v3,v8,20.0,40.11,10.0,0.6,0.2006,0.2,-8.0607,False,all_dynamic_snr,1.1692,0.2975
62,v3,v7,20.0,100.0,10.0,0.6,0.5,0.2,-14.4082,True,all_dynamic_snr,0.6995,0.1646
62,v3,v11,20.0,130.0,10.0,0.6,0.65,0.2,-16.2313,True,all_dynamic_snr,0.6461,0.1273
62,v3,v12,20.0,160.03,20.0,0.6,0.8001,0.4,-19.0841,True,all_dynamic_snr,0.5854,0.1639
62,v4,v3,40.0,3.0,10.0,1.0,0.015,0.2,29.9578,False,all_dynamic_snr,2.9678,0.9602
62,v4,v8,40.0,40.0,20.0,1.0,0.2,0.4,10.5501,False,all_dynamic_snr,2.8991,0.9484
62,v4,v7,40.0,100.04,0.0,1.0,0.5002,0.0,7.9969,False,all_dynamic_snr,2.839,0.9494
62,v4,v11,40.0,130.03,0.0,1.0,0.6502,0.0,6.1751,False,all_dynamic_snr,2.7705,0.9393
62,v4,v12,40.0,160.0,10.0,1.0,0.8,0.2,2.3258,True,all_dynamic_snr,2.4943,0.8693
63,v1,v2,40.0,20.22,40.0,1.0,0.1011,0.8,13.5145,True,all_dynamic_snr,2.9328,0.9637
63,v1,v6,40.0,60.07,30.0,1.0,0.3004,0.6,6.7244,False,all_dynamic_snr,2.7966,0.933
63,v2,v1,20.0,20.22,40.0,0.6,0.1011,0.8,-6.4855,True,all_dynamic_snr,1.3285,0.3791
63,v2,v6,20.0,80.0,10.0,0.6,0.4,0.2,-12.8577,True,all_dynamic_snr,0.79,0.191
63,v3,v4,20.0,10.44,10.0,0.6,0.0522,0.2,1.2923,False,all_dynamic_snr,2.3805,0.8271
63,v3,v8,20.0,50.09,20.0,0.6,0.2504,0.4,-11.013,True,all_dynamic_snr,0.9127,0.2516
63,v3,v7,20.0,90.0,10.0,0.6,0.45,0.2,-13.6761,True,all_dynamic_snr,0.7436,0.1809
63,v3,v11,20.0,120.0,10.0,0.6,0.6,0.2,-15.6751,True,all_dynamic_snr,0.6618,0.1605
63,v3,v12,20.0,140.03,0.0,0.6,0.7002,0.0,-14.3396,True,all_dynamic_snr,0.7308,0.1498
63,v4,v3,40.0,10.44,10.0,1.0,0.0522,0.2,21.2923,False,all_dynamic_snr,2.9633,0.9598
63,v4,v8,40.0,60.0,30.0,1.0,0.3,0.6,6.7331,False,all_dynamic_snr,2.7923,0.9387
63,v4,v7,40.0,100.04,0.0,1.0,0.5002,0.0,7.9969,False,all_dynamic_snr,2.8401,0.9549
63,v4,v11,40.0,130.03,20.0,1.0,0.6502,0.4,2.3581,True,all_dynamic_snr,2.4841,0.8473
63,v4,v12,40.0,150.0,10.0,1.0,0.75,0.2,2.7743,False,all_dynamic_snr,2.5371,0.8854
64,v1,v6,40.0,30.15,10.0,1.0,0.1507,0.2,13.9232,False,all_dynamic_snr,2.9385,0.9553
64,v1,v2,40.0,60.07,20.0,1.0,0.3004,0.4,7.7239,False,all_dynamic_snr,2.833,0.9367
64,v2,v1,20.0,60.07,20.0,0.6,0.3004,0.4,-12.2761,True,all_dynamic_snr,0.7979,0.2137
64,v2,v6,20.0,90.0,10.0,0.6,0.45,0.2,-13.6761,True,all_dynamic_snr,0.742,0.1559
64,v3,v4,20.0,20.22,10.0,0.6,0.1011,0.2,-3.302,False,all_dynamic_snr,1.7212,0.5635
64,v3,v8,20.0,70.06,10.0,0.6,0.3503,0.2,-11.9362,True,all_dynamic_snr,0.8537,0.2096
64,v3,v7,20.0,80.0,0.0,0.6,0.4,0.0,-10.4494,True,all_dynamic_snr,0.9162,0.232
64,v3,v11,20.0,130.0,20.0,0.6,0.65,0.4,-17.6401,True,all_dynamic_snr,0.5862,0.1414
64,v3,v12,20.0,140.03,10.0,0.6,0.7002,0.2,-16.7479,True,all_dynamic_snr,0.6298,0.1412
64,v4,v3,40.0,20.22,10.0,1.0,0.1011,0.2,16.698,False,all_dynamic_snr,2.952,0.9582
64,v4,v8,40.0,90.0,20.0,1.0,0.45,0.4,4.9151,False,all_dynamic_snr,2.6984,0.9416
64,v4,v7,40.0,100.04,10.0,1.0,0.5002,0.2,5.5886,False,all_dynamic_snr,2.7431,0.9324
64,v4,v11,40.0,150.03,30.0,1.0,0.7501,0.6,0.3647,True,all_dynamic_snr,2.2593,0.7789
64,v4,v12,40.0,160.0,20.0,1.0,0.8,0.4,0.9171,True,all_dynamic_snr,2.3327,0.841
65,v1,v6,40.0,20.22,10.0,1.0,0.1011,0.2,16.698,False,all_dynamic_snr,2.9539,0.9572
65,v1,v2,40.0,80.06,20.0,1.0,0.4003,0.4,5.7287,False,all_dynamic_snr,2.7423,0.9371
65,v2,v1,20.0,80.06,20.0,0.6,0.4003,0.4,-14.2713,True,all_dynamic_snr,0.7148,0.1951
65,v2,v6,20.0,100.0,30.0,0.6,0.5,0.6,-16.8165,True,all_dynamic_snr,0.6141,0.1502
65,v3,v4,20.0,30.15,40.0,0.6,0.1507,0.8,-9.2603,True,all_dynamic_snr,1.0234,0.2654
65,v3,v7,20.0,80.0,20.0,0.6,0.4,0.4,-14.2664,True,all_dynamic_snr,0.723,0.1727
65,v3,v8,20.0,80.06,30.0,0.6,0.4003,0.6,-15.2708,True,all_dynamic_snr,0.6693,0.1535
65,v3,v11,20.0,150.0,30.0,0.6,0.75,0.6,-19.6339,True,all_dynamic_snr,0.5347,0.1322
65,v3,v12,20.0,150.03,30.0,0.6,0.7501,0.6,-19.6353,True,all_dynamic_snr,0.5401,0.133
65,v4,v3,40.0,30.15,40.0,1.0,0.1507,0.8,10.7397,True,all_dynamic_snr,2.9008,0.9449
65,v4,v8,40.0,110.0,10.0,1.0,0.55,0.2,4.9295,False,all_dynamic_snr,2.696,0.9299
65,v4,v7,40.0,110.04,20.0,1.0,0.5502,0.4,3.5182,False,all_dynamic_snr,2.6101,0.9061
65,v4,v12,40.0,180.0,10.0,1.0,0.9,0.2,1.5074,True,all_dynamic_snr,2.3986,0.827
65,v4,v11,40.0,180.02,10.0,1.0,0.9001,0.2,1.5064,True,all_dynamic_snr,2.4017,0.8281
66,v1,v6,40.0,10.44,20.0,1.0,0.0522,0.4,19.8836,False,all_dynamic_snr,2.9608,0.9582
66,v1,v2,40.0,60.07,20.0,1.0,0.3004,0.4,7.7239,False,all_dynamic_snr,2.8315,0.9367
66,v2,v1,20.0,60.07,20.0,0.6,0.3004,0.4,-12.2761,True,all_dynamic_snr,0.8128,0.1822
66,v2,v6,20.0,70.0,0.0,0.6,0.35,0.0,-9.5216,True,all_dynamic_snr,1.0243,0.2584
66,v3,v4,20.0,10.44,10.0,0.6,0.0522,0.2,1.2923,False,all_dynamic_snr,2.3662,0.8215
66,v3,v7,20.0,100.0,20.0,0.6,0.5,0.4,-15.817,True,all_dynamic_snr,0.6753,0.1609
66,v3,v8,20.0,110.04,0.0,0.6,0.5502,0.0,-12.6649,True,all_dynamic_snr,0.81,0.2094
66,v3,v11,20.0,180.0,30.0,0.6,0.9,0.6,-20.9008,True,all_dynamic_snr,0.5224,0.1164
66,v3,v12,20.0,180.02,10.0,0.6,0.9001,0.2,-18.4936,True,all_dynamic_snr,0.5472,0.14
66,v4,v3,40.0,10.44,10.0,1.0,0.0522,0.2,21.2923,False,all_dynamic_snr,2.9639,0.9588
66,v4,v7,40.0,90.05,30.0,1.0,0.4502,0.6,3.9118,True,all_dynamic_snr,2.6287,0.9094
66,v4,v8,40.0,100.0,10.0,1.0,0.5,0.2,5.5918,False,all_dynamic_snr,2.741,0.9367
66,v4,v12,40.0,170.0,20.0,1.0,0.85,0.4,0.4958,True,all_dynamic_snr,2.2696,0.7854
66,v4,v11,40.0,170.03,40.0,1.0,0.8501,0.8,-1.28,True,all_dynamic_snr,2.0261,0.6959
67,v1,v6,40.0,30.15,30.0,1.0,0.1507,0.6,11.515,False,all_dynamic_snr,2.9131,0.9592
67,v1,v2,40.0,40.11,30.0,1.0,0.2006,0.6,9.5311,False,all_dynamic_snr,2.8808,0.9559
67,v2,v1,20.0,40.11,30.0,0.6,0.2006,0.6,-10.4689,True,all_dynamic_snr,0.9456,0.2494
67,v2,v6,20.0,70.0,0.0,0.6,0.35,0.0,-9.5216,True,all_dynamic_snr,1.0099,0.2457
67,v3,v4,20.0,20.22,10.0,0.6,0.1011,0.2,-3.302,False,all_dynamic_snr,1.7479,0.5607
67,v3,v7,20.0,80.0,40.0,0.6,0.4,0.8,-16.0412,True,all_dynamic_snr,0.6742,0.1504
67,v3,v8,20.0,110.04,20.0,0.6,0.5502,0.4,-16.4818,True,all_dynamic_snr,0.6261,0.1465
67,v3,v11,20.0,150.0,0.0,0.6,0.75,0.0,-14.8175,True,all_dynamic_snr,0.689,0.177
67,v3,v12,20.0,170.03,20.0,0.6,0.8501,0.4,-19.5052,True,all_dynamic_snr,0.5517,0.1215
67,v4,v3,40.0,20.22,10.0,1.0,0.1011,0.2,16.698,False,all_dynamic_snr,2.9543,0.9621
67,v4,v7,40.0,60.07,30.0,1.0,0.3004,0.6,6.7244,False,all_dynamic_snr,2.7978,0.9451
67,v4,v8,40.0,90.0,10.0,1.0,0.45,0.2,6.3239,False,all_dynamic_snr,2.7776,0.9396
67,v4,v11,40.0,130.03,10.0,1.0,0.6502,0.2,3.7668,False,all_dynamic_snr,2.623,0.9018
67,v4,v12,40.0,150.0,10.0,1.0,0.75,0.2,2.7743,False,all_dynamic_snr,2.5258,0.876
68,v1,v6,40.0,3.0,40.0,1.0,0.015,0.8,26.7743,True,all_dynamic_snr,2.9679,0.9563
68,v1,v2,40.0,70.06,10.0,1.0,0.3503,0.2,8.0638,False,all_dynamic_snr,2.8442,0.9588
68,v1,v13,40.0,180.0,30.0,1.0,0.9,0.6,-0.9008,True,all_dynamic_snr,2.0905,0.6955
68,v2,v6,20.0,70.0,30.0,0.6,0.35,0.6,-14.338,True,all_dynamic_snr,0.693,0.1732
68,v2,v1,20.0,70.06,10.0,0.6,0.3503,0.2,-11.9362,True,all_dynamic_snr,0.8525,0.217
68,v3,v4,20.0,10.44,30.0,0.6,0.0522,0.6,-1.1159,True,all_dynamic_snr,2.0406,0.6746
68,v3,v7,20.0,40.0,10.0,0.6,0.2,0.2,-8.0412,False,all_dynamic_snr,1.1373,0.2961
68,v3,v8,20.0,90.05,10.0,0.6,0.4502,0.2,-13.68,True,all_dynamic_snr,0.7403,0.1674
68,v3,v11,20.0,150.0,0.0,0.6,0.75,0.0,-14.8175,True,all_dynamic_snr,0.6992,0.1611
68,v3,v12,20.0,150.03,10.0,0.6,0.7501,0.2,-17.2271,True,all_dynamic_snr,0.6114,0.1393
68,v4,v3,40.0,10.44,30.0,1.0,0.0522,0.6,18.8841,False,all_dynamic_snr,2.9575,0.9598
68,v4,v7,40.0,30.15,20.0,1.0,0.1507,0.4,12.5145,False,all_dynamic_snr,2.9247,0.9559
68,v4,v8,40.0,80.0,40.0,1.0,0.4,0.8,3.9588,True,all_dynamic_snr,2.617,0.9068
68,v4,v12,40.0,140.0,20.0,1.0,0.7,0.4,1.845,True,all_dynamic_snr,2.4409,0.8514
68,v4,v11,40.0,140.03,30.0,1.0,0.7002,0.6,0.8439,True,all_dynamic_snr,2.3218,0.8156
69,v1,v6,40.0,40.11,30.0,1.0,0.2006,0.6,9.5311,False,all_dynamic_snr,2.8819,0.9527
69,v1,v2,40.0,80.06,10.0,1.0,0.4003,0.2,7.1374,False,all_dynamic_snr,2.8095,0.9412
69,v1,v13,40.0,150.0,0.0,1.0,0.75,0.0,5.1825,False,all_dynamic_snr,2.714,0.9246
69,v2,v6,20.0,40.0,20.0,0.6,0.2,0.4,-9.4499,True,all_dynamic_snr,1.0098,0.2598
69,v2,v1,20.0,80.06,10.0,0.6,0.4003,0.2,-12.8626,True,all_dynamic_snr,0.7982,0.1854
69,v3,v4,20.0,40.11,30.0,0.6,0.2006,0.6,-10.4689,True,all_dynamic_snr,0.9371,0.2236
69,v3,v7,20.0,50.0,20.0,0.6,0.25,0.4,-11.0005,True,all_dynamic_snr,0.9105,0.2252
69,v3,v8,20.0,80.06,0.0,0.6,0.4003,0.0,-10.4543,True,all_dynamic_snr,0.9261,0.2262
69,v3,v11,20.0,150.0,30.0,0.6,0.75,0.6,-19.6339,True,all_dynamic_snr,0.522,0.1328
69,v3,v12,20.0,160.03,10.0,0.6,0.8001,0.2,-17.6754,True,all_dynamic_snr,0.593,0.1516
69,v4,v7,40.0,10.44,10.0,1.0,0.0522,0.2,21.2923,False,all_dynamic_snr,2.9635,0.9598
69,v4,v8,40.0,40.0,30.0,1.0,0.2,0.6,9.5506,False,all_dynamic_snr,2.8803,0.9455
69,v4,v3,40.0,40.11,30.0,1.0,0.2006,0.6,9.5311,False,all_dynamic_snr,2.8773,0.9598
69,v4,v11,40.0,110.04,0.0,1.0,0.5502,0.0,7.3351,False,all_dynamic_snr,2.8177,0.9471
69,v4,v12,40.0,120.0,20.0,1.0,0.6,0.4,2.9161,False,all_dynamic_snr,2.5382,0.891
70,v1,v6,40.0,70.06,10.0,1.0,0.3503,0.2,8.0638,False,all_dynamic_snr,2.839,0.9441
70,v1,v2,40.0,90.05,0.0,1.0,0.4502,0.0,8.7283,False,all_dynamic_snr,2.864,0.9504
70,v1,v13,40.0,150.0,30.0,1.0,0.75,0.6,0.3661,True,all_dynamic_snr,2.268,0.7992
70,v1,v5,40.0,180.0,30.0,1.0,0.9,0.6,-0.9008,True,all_dynamic_snr,2.0704,0.7008
70,v2,v6,20.0,20.0,10.0,0.6,0.1,0.2,-3.2247,False,all_dynamic_snr,1.7591,0.5518
70,v2,v1,20.0,90.05,0.0,0.6,0.4502,0.0,-11.2717,True,all_dynamic_snr,0.902,0.2324
70,v3,v7,20.0,70.0,30.0,0.6,0.35,0.6,-14.338,True,all_dynamic_snr,0.7153,0.166
70,v3,v4,20.0,70.06,10.0,0.6,0.3503,0.2,-11.9362,True,all_dynamic_snr,0.8467,0.217
70,v3,v8,20.0,80.06,10.0,0.6,0.4003,0.2,-12.8626,True,all_dynamic_snr,0.8085,0.1912
70,v3,v12,20.0,170.03,0.0,0.6,0.8501,0.0,-15.6883,True,all_dynamic_snr,0.6574,0.1586
70,v3,v11,20.0,180.0,10.0,0.6,0.9,0.2,-18.4926,True,all_dynamic_snr,0.5942,0.1545
70,v4,v7,40.0,3.0,20.0,1.0,0.015,0.4,28.5491,False,all_dynamic_snr,2.9677,0.9592
70,v4,v8,40.0,10.0,0.0,1.0,0.05,0.0,24.0,False,all_dynamic_snr,2.9659,0.9543
70,v4,v3,40.0,70.06,10.0,1.0,0.3503,0.2,8.0638,False,all_dynamic_snr,2.8399,0.9484
70,v4,v12,40.0,100.0,10.0,1.0,0.5,0.2,5.5918,False,all_dynamic_snr,2.7382,0.9289
70,v4,v11,40.0,110.04,0.0,1.0,0.5502,0.0,7.3351,False,all_dynamic_snr,2.8183,0.9475
71,v1,v6,40.0,60.07,30.0,1.0,0.3004,0.6,6.7244,False,all_dynamic_snr,2.793,0.949
71,v1,v2,40.0,90.05,0.0,1.0,0.4502,0.0,8.7283,False,all_dynamic_snr,2.8593,0.9553
71,v1,v13,40.0,180.0,30.0,1.0,0.9,0.6,-0.9008,True,all_dynamic_snr,2.0667,0.7051
71,v2,v6,20.0,30.0,30.0,0.6,0.15,0.6,-8.4504,True,all_dynamic_snr,1.1103,0.299
71,v2,v1,20.0,90.05,0.0,0.6,0.4502,0.0,-11.2717,True,all_dynamic_snr,0.8659,0.2137
71,v3,v7,20.0,40.0,30.0,0.6,0.2,0.6,-10.4494,True,all_dynamic_snr,0.946,0.2463
71,v3,v4,20.0,60.07,30.0,0.6,0.3004,0.6,-13.2756,True,all_dynamic_snr,0.7793,0.1672
71,v3,v8,20.0,70.06,0.0,0.6,0.3503,0.0,-9.5279,True,all_dynamic_snr,1.0176,0.2385
71,v3,v11,20.0,170.0,20.0,0.6,0.85,0.4,-19.5042,True,all_dynamic_snr,0.5402,0.1268
71,v3,v12,20.0,170.03,30.0,0.6,0.8501,0.6,-20.5047,True,all_dynamic_snr,0.529,0.1455
71,v4,v8,40.0,10.0,30.0,1.0,0.05,0.6,19.1835,False,all_dynamic_snr,2.9611,0.9611
71,v4,v7,40.0,20.22,0.0,1.0,0.1011,0.0,19.1062,False,all_dynamic_snr,2.9593,0.9588
71,v4,v3,40.0,60.07,30.0,1.0,0.3004,0.6,6.7244,False,all_dynamic_snr,2.7928,0.9529
71,v4,v12,40.0,110.0,0.0,1.0,0.55,0.0,7.3377,False,all_dynamic_snr,2.8218,0.9568
71,v4,v11,40.0,110.04,10.0,1.0,0.5502,0.2,4.9269,False,all_dynamic_snr,2.7056,0.9246
72,v1,v2,40.0,90.05,0.0,1.0,0.4502,0.0,8.7283,False,all_dynamic_snr,2.8605,0.9451
72,v1,v6,40.0,90.05,10.0,1.0,0.4502,0.2,6.32,False,all_dynamic_snr,2.7686,0.9324
72,v1,v13,40.0,150.0,10.0,1.0,0.75,0.2,2.7743,False,all_dynamic_snr,2.531,0.883
72,v2,v6,20.0,0.0,10.0,0.6,0.0,0.2,33.5918,False,all_dynamic_snr,2.9687,0.9582
72,v2,v1,20.0,90.05,0.0,0.6,0.4502,0.0,-11.2717,True,all_dynamic_snr,0.8803,0.2121
72,v3,v7,20.0,70.0,30.0,0.6,0.35,0.6,-14.338,True,all_dynamic_snr,0.7088,0.1658
72,v3,v8,20.0,70.06,10.0,0.6,0.3503,0.2,-11.9362,True,all_dynamic_snr,0.8566,0.2143
72,v3,v4,20.0,90.05,10.0,0.6,0.4502,0.2,-13.68,True,all_dynamic_snr,0.7441,0.1752
72,v3,v11,20.0,190.0,10.0,0.6,0.95,0.2,-18.8683,True,all_dynamic_snr,0.5594,0.1443
72,v4,v8,40.0,20.0,20.0,1.0,0.1,0.4,15.3666,False,all_dynamic_snr,2.9465,0.9652
72,v4,v7,40.0,20.22,40.0,1.0,0.1011,0.8,13.5145,True,all_dynamic_snr,2.9353,0.9627
72,v4,v3,40.0,90.05,10.0,1.0,0.4502,0.2,6.32,False,all_dynamic_snr,2.783,0.9402
72,v4,v11,40.0,100.04,20.0,1.0,0.5002,0.4,4.1799,False,all_dynamic_snr,2.6467,0.9146
72,v4,v12,40.0,110.0,0.0,1.0,0.55,0.0,7.3377,False,all_dynamic_snr,2.8186,0.95
73,v1,v2,40.0,90.05,0.0,1.0,0.4502,0.0,8.7283,False,all_dynamic_snr,2.8591,0.9436
73,v1,v6,40.0,100.04,30.0,1.0,0.5002,0.6,3.1804,True,all_dynamic_snr,2.5782,0.9074
73,v1,v13,40.0,140.0,40.0,1.0,0.7,0.8,0.0702,True,all_dynamic_snr,2.2044,0.7633
73,v1,v5,40.0,200.0,0.0,1.0,1.0,0.0,3.1835,True,all_dynamic_snr,2.5606,0.8945
73,v2,v6,20.0,10.0,30.0,0.6,0.05,0.6,-0.8165,True,all_dynamic_snr,2.0886,0.7348
73,v2,v1,20.0,90.05,0.0,0.6,0.4502,0.0,-11.2717,True,all_dynamic_snr,0.898,0.233
73,v3,v7,20.0,40.0,40.0,0.6,0.2,0.8,-11.2247,True,all_dynamic_snr,0.8869,0.2229
73,v3,v8,20.0,60.07,0.0,0.6,0.3004,0.0,-8.4591,True,all_dynamic_snr,1.1123,0.317
73,v3,v4,20.0,100.04,30.0,0.6,0.5002,0.6,-16.8196,True,all_dynamic_snr,0.6164,0.1596
73,v3,v11,20.0,180.0,30.0,0.6,0.9,0.6,-20.9008,True,all_dynamic_snr,0.523,0.1213
73,v4,v8,40.0,40.0,30.0,1.0,0.2,0.6,9.5506,False,all_dynamic_snr,2.8776,0.951
73,v4,v7,40.0,60.07,10.0,1.0,0.3004,0.2,9.1327,False,all_dynamic_snr,2.8716,0.949
73,v4,v11,40.0,80.06,0.0,1.0,0.4003,0.0,9.5457,False,all_dynamic_snr,2.8788,0.9588
73,v4,v3,40.0,100.04,30.0,1.0,0.5002,0.6,3.1804,True,all_dynamic_snr,2.5648,0.8893
73,v4,v12,40.0,110.0,30.0,1.0,0.55,0.6,2.5212,True,all_dynamic_snr,2.5011,0.8787
74,v1,v6,40.0,70.06,10.0,1.0,0.3503,0.2,8.0638,False,all_dynamic_snr,2.841,0.9449
74,v1,v2,40.0,90.05,20.0,1.0,0.4502,0.4,4.9113,False,all_dynamic_snr,2.7006,0.9277
74,v1,v13,40.0,180.0,40.0,1.0,0.9,0.8,-1.6761,True,all_dynamic_snr,1.9753,0.6602
74,v1,v5,40.0,200.0,0.0,1.0,1.0,0.0,3.1835,True,all_dynamic_snr,2.5677,0.8957
74,v2,v6,20.0,20.0,10.0,0.6,0.1,0.2,-3.2247,False,all_dynamic_snr,1.7699,0.5613
74,v2,v1,20.0,90.05,20.0,0.6,0.4502,0.4,-15.0887,True,all_dynamic_snr,0.68,0.1541
74,v3,v7,20.0,0.0,20.0,0.6,0.0,0.4,32.183,True,all_dynamic_snr,2.9685,0.9582
74,v3,v8,20.0,60.07,0.0,0.6,0.3004,0.0,-8.4591,True,all_dynamic_snr,1.1181,0.3107
74,v3,v4,20.0,70.06,30.0,0.6,0.3503,0.6,-14.3444,True,all_dynamic_snr,0.7121,0.1691
74,v3,v11,20.0,150.0,20.0,0.6,0.75,0.4,-18.6344,True,all_dynamic_snr,0.5575,0.1406
74,v4,v8,40.0,10.0,30.0,1.0,0.05,0.6,19.1835,False,all_dynamic_snr,2.9591,0.9563
74,v4,v3,40.0,70.06,30.0,1.0,0.3503,0.6,5.6556,False,all_dynamic_snr,2.7434,0.9342
74,v4,v7,40.0,70.06,10.0,1.0,0.3503,0.2,8.0638,False,all_dynamic_snr,2.8424,0.948
74,v4,v11,40.0,80.06,10.0,1.0,0.4003,0.2,7.1374,False,all_dynamic_snr,2.8077,0.9416
74,v4,v12,40.0,140.0,20.0,1.0,0.7,0.4,1.845,True,all_dynamic_snr,2.4422,0.8561
75,v1,v6,40.0,80.06,10.0,1.0,0.4003,0.2,7.1374,False,all_dynamic_snr,2.8073,0.9451
75,v1,v2,40.0,110.04,40.0,1.0,0.5502,0.8,1.7434,True,all_dynamic_snr,2.4379,0.8484
75,v1,v13,40.0,140.0,20.0,1.0,0.7,0.4,1.845,True,all_dynamic_snr,2.4264,0.8574
75,v1,v14,40.0,170.03,30.0,1.0,0.8501,0.6,-0.5047,True,all_dynamic_snr,2.1213,0.7455
75,v1,v5,40.0,200.0,30.0,1.0,1.0,0.6,-1.633,True,all_dynamic_snr,1.9752,0.6602
75,v2,v6,20.0,30.0,30.0,0.6,0.15,0.6,-8.4504,True,all_dynamic_snr,1.1277,0.2975
75,v2,v1,20.0,110.04,40.0,0.6,0.5502,0.8,-18.2566,True,all_dynamic_snr,0.5777,0.1498
75,v3,v7,20.0,20.0,20.0,0.6,0.1,0.4,-4.6334,True,all_dynamic_snr,1.5256,0.4688
75,v3,v8,20.0,60.07,10.0,0.6,0.3004,0.2,-10.8673,True,all_dynamic_snr,0.9246,0.2213
75,v3,v4,20.0,100.04,20.0,0.6,0.5002,0.4,-15.8201,True,all_dynamic_snr,0.6436,0.1404
75,v3,v11,20.0,170.0,20.0,0.6,0.85,0.4,-19.5042,True,all_dynamic_snr,0.5297,0.1252
75,v4,v8,40.0,40.0,10.0,1.0,0.2,0.2,11.9588,False,all_dynamic_snr,2.9179,0.9549
75,v4,v11,40.0,70.06,0.0,1.0,0.3503,0.0,10.4721,False,all_dynamic_snr,2.8998,0.9574
75,v4,v7,40.0,80.06,0.0,1.0,0.4003,0.0,9.5457,False,all_dynamic_snr,2.8804,0.9553
75,v4,v3,40.0,100.04,20.0,1.0,0.5002,0.4,4.1799,False,all_dynamic_snr,2.6492,0.9082
75,v4,v12,40.0,120.0,30.0,1.0,0.6,0.6,1.9166,True,all_dynamic_snr,2.4361,0.8594
76,v1,v6,40.0,90.05,20.0,1.0,0.4502,0.4,4.9113,False,all_dynamic_snr,2.704,0.9309
76,v1,v13,40.0,120.0,20.0,1.0,0.6,0.4,2.9161,False,all_dynamic_snr,2.543,0.8842
76,v1,v14,40.0,140.03,0.0,1.0,0.7002,0.0,5.6604,False,all_dynamic_snr,2.7401,0.9357
76,v1,v2,40.0,150.03,0.0,1.0,0.7501,0.0,5.1812,False,all_dynamic_snr,2.7167,0.9326
76,v1,v5,40.0,170.0,0.0,1.0,0.85,0.0,4.3128,True,all_dynamic_snr,2.6579,0.9227
76,v2,v6,20.0,60.0,20.0,0.6,0.3,0.4,-12.2674,True,all_dynamic_snr,0.8409,0.2031
76,v2,v1,20.0,150.03,0.0,0.6,0.7501,0.0,-14.8188,True,all_dynamic_snr,0.6988,0.1799
76,v3,v7,20.0,0.0,10.0,0.6,0.0,0.2,33.5918,False,all_dynamic_snr,2.9686,0.9582
76,v3,v8,20.0,50.09,40.0,0.6,0.2504,0.8,-12.7878,True,all_dynamic_snr,0.7872,0.2023
76,v3,v4,20.0,80.06,30.0,0.6,0.4003,0.6,-15.2708,True,all_dynamic_snr,0.6671,0.1555
76,v3,v11,20.0,150.0,40.0,0.6,0.75,0.8,-20.4092,True,all_dynamic_snr,0.538,0.1428
76,v4,v8,40.0,30.0,10.0,1.0,0.15,0.2,13.9578,False,all_dynamic_snr,2.939,0.9578
76,v4,v11,40.0,70.06,10.0,1.0,0.3503,0.2,8.0638,False,all_dynamic_snr,2.8464,0.9484
76,v4,v3,40.0,80.06,30.0,1.0,0.4003,0.6,4.7292,False,all_dynamic_snr,2.6849,0.9203
76,v4,v7,40.0,80.06,20.0,1.0,0.4003,0.4,5.7287,False,all_dynamic_snr,2.7468,0.9402
76,v4,v12,40.0,150.0,10.0,1.0,0.75,0.2,2.7743,False,all_dynamic_snr,2.5305,0.8814
77,v1,v13,40.0,100.0,0.0,1.0,0.5,0.0,8.0,False,all_dynamic_snr,2.8372,0.9402
77,v1,v6,40.0,110.04,10.0,1.0,0.5502,0.2,4.9269,False,all_dynamic_snr,2.7029,0.9387
77,v1,v14,40.0,140.03,20.0,1.0,0.7002,0.4,1.8434,True,all_dynamic_snr,2.4246,0.852
77,v1,v2,40.0,150.03,0.0,1.0,0.7501,0.0,5.1812,False,all_dynamic_snr,2.7198,0.9367
77,v1,v5,40.0,170.0,20.0,1.0,0.85,0.4,0.4958,True,all_dynamic_snr,2.2659,0.7906
77,v2,v6,20.0,40.0,10.0,0.6,0.2,0.2,-8.0412,False,all_dynamic_snr,1.1752,0.325
77,v2,v1,20.0,150.03,0.0,0.6,0.7501,0.0,-14.8188,True,all_dynamic_snr,0.6892,0.1562
77,v3,v7,20.0,10.0,10.0,0.6,0.05,0.2,1.5918,False,all_dynamic_snr,2.416,0.842
77,v3,v8,20.0,10.44,30.0,0.6,0.0522,0.6,-1.1159,True,all_dynamic_snr,2.0449,0.6912
77,v3,v4,20.0,50.09,40.0,0.6,0.2504,0.8,-12.7878,True,all_dynamic_snr,0.7722,0.1775
77,v3,v11,20.0,110.0,20.0,0.6,0.55,0.4,-16.4793,True,all_dynamic_snr,0.6352,0.141
77,v3,v12,20.0,190.02,40.0,0.6,0.9501,0.8,-22.0527,True,all_dynamic_snr,0.4936,0.1166
77,v4,v8,40.0,40.0,10.0,1.0,0.2,0.2,11.9588,False,all_dynamic_snr,2.9184,0.9617
77,v4,v3,40.0,50.09,40.0,1.0,0.2504,0.8,7.2122,True,all_dynamic_snr,2.8158,0.9432
77,v4,v7,40.0,60.07,30.0,1.0,0.3004,0.6,6.7244,False,all_dynamic_snr,2.7976,0.9422
77,v4,v11,40.0,60.07,20.0,1.0,0.3004,0.4,7.7239,False,all_dynamic_snr,2.8296,0.9459
77,v4,v12,40.0,140.0,0.0,1.0,0.7,0.0,5.662,False,all_dynamic_snr,2.7449,0.9398
78,v1,v13,40.0,100.0,30.0,1.0,0.5,0.6,3.1835,True,all_dynamic_snr,2.5727,0.8957
78,v1,v6,40.0,100.04,40.0,1.0,0.5002,0.8,2.4051,True,all_dynamic_snr,2.4929,0.8717
78,v1,v5,40.0,150.0,20.0,1.0,0.75,0.4,1.3656,True,all_dynamic_snr,2.3733,0.8268
78,v1,v2,40.0,150.03,0.0,1.0,0.7501,0.0,5.1812,False,all_dynamic_snr,2.7177,0.932
78,v1,v14,40.0,160.03,30.0,1.0,0.8001,0.6,-0.0836,True,all_dynamic_snr,2.2071,0.758
78,v2,v6,20.0,50.0,40.0,0.6,0.25,0.8,-12.7753,True,all_dynamic_snr,0.7833,0.1865
78,v2,v1,20.0,150.03,0.0,0.6,0.7501,0.0,-14.8188,True,all_dynamic_snr,0.6925,0.1709
78,v3,v4,20.0,10.44,40.0,0.6,0.0522,0.8,-1.8912,True,all_dynamic_snr,1.9408,0.6338
78,v3,v7,20.0,20.0,10.0,0.6,0.1,0.2,-3.2247,False,all_dynamic_snr,1.7602,0.5527
78,v3,v8,20.0,20.22,20.0,0.6,0.1011,0.4,-4.7108,True,all_dynamic_snr,1.5316,0.449
78,v3,v11,20.0,90.0,20.0,0.6,0.45,0.4,-15.0849,True,all_dynamic_snr,0.6761,0.1525
78,v3,v12,20.0,150.03,0.0,0.6,0.7501,0.0,-14.8188,True,all_dynamic_snr,0.7036,0.167
78,v4,v3,40.0,10.44,40.0,1.0,0.0522,0.8,18.1088,True,all_dynamic_snr,2.9579,0.9578
78,v4,v8,40.0,30.0,20.0,1.0,0.15,0.4,12.5491,False,all_dynamic_snr,2.9222,0.9553
78,v4,v7,40.0,30.15,30.0,1.0,0.1507,0.6,11.515,False,all_dynamic_snr,2.9117,0.9582
78,v4,v11,40.0,80.06,20.0,1.0,0.4003,0.4,5.7287,False,all_dynamic_snr,2.7437,0.9432
78,v4,v12,40.0,140.0,40.0,1.0,0.7,0.8,0.0702,True,all_dynamic_snr,2.209,0.7723
79,v1,v6,40.0,60.07,20.0,1.0,0.3004,0.4,7.7239,False,all_dynamic_snr,2.8322,0.9559
79,v1,v13,40.0,130.0,40.0,1.0,0.65,0.8,0.5851,True,all_dynamic_snr,2.2869,0.798
79,v1,v2,40.0,150.03,30.0,1.0,0.7501,0.6,0.3647,True,all_dynamic_snr,2.2496,0.7643
79,v1,v5,40.0,170.0,10.0,1.0,0.85,0.2,1.9046,True,all_dynamic_snr,2.4463,0.8463
79,v1,v14,40.0,190.02,40.0,1.0,0.9501,0.8,-2.0527,True,all_dynamic_snr,1.9254,0.6281
79,v2,v6,20.0,90.0,10.0,0.6,0.45,0.2,-13.6761,True,all_dynamic_snr,0.7543,0.1855
79,v2,v1,20.0,150.03,30.0,0.6,0.7501,0.6,-19.6353,True,all_dynamic_snr,0.5321,0.1271
79,v3,v7,20.0,30.0,20.0,0.6,0.15,0.4,-7.4509,True,all_dynamic_snr,1.2199,0.3359
79,v3,v4,20.0,30.15,0.0,0.6,0.1507,0.0,-3.6685,False,all_dynamic_snr,1.7168,0.5377
79,v3,v8,20.0,40.11,10.0,0.6,0.2006,0.2,-8.0607,False,all_dynamic_snr,1.1525,0.3127
79,v3,v11,20.0,70.0,10.0,0.6,0.35,0.2,-11.9298,True,all_dynamic_snr,0.8488,0.1965
79,v3,v15,20.0,140.0,20.0,0.6,0.7,0.4,-18.155,True,all_dynamic_snr,0.5679,0.1469
79,v4,v7,40.0,3.0,20.0,1.0,0.015,0.4,28.5491,False,all_dynamic_snr,2.9679,0.9572
79,v4,v8,40.0,10.0,10.0,1.0,0.05,0.2,21.5918,False,all_dynamic_snr,2.9638,0.9598
79,v4,v3,40.0,30.15,0.0,1.0,0.1507,0.0,16.3315,False,all_dynamic_snr,2.9516,0.9563
79,v4,v11,40.0,100.04,10.0,1.0,0.5002,0.2,5.5886,False,all_dynamic_snr,2.7357,0.9291
79,v4,v15,40.0,170.03,20.0,1.0,0.8501,0.4,0.4948,True,all_dynamic_snr,2.2827,0.8023
80,v1,v6,40.0,40.11,0.0,1.0,0.2006,0.0,14.3476,False,all_dynamic_snr,2.941,0.9572
80,v1,v2,40.0,120.04,0.0,1.0,0.6002,0.0,6.7309,False,all_dynamic_snr,2.7991,0.9426
80,v1,v13,40.0,170.0,30.0,1.0,0.85,0.6,-0.5037,True,all_dynamic_snr,2.1621,0.7488
80,v1,v5,40.0,180.0,0.0,1.0,0.9,0.0,3.9156,True,all_dynamic_snr,2.6338,0.9084
80,v2,v6,20.0,80.0,0.0,0.6,0.4,0.0,-10.4494,True,all_dynamic_snr,0.941,0.2176
80,v2,v1,20.0,120.04,0.0,0.6,0.6002,0.0,-13.2691,True,all_dynamic_snr,0.7824,0.1955
80,v3,v7,20.0,10.0,10.0,0.6,0.05,0.2,1.5918,False,all_dynamic_snr,2.4064,0.8373
80,v3,v4,20.0,30.15,10.0,0.6,0.1507,0.2,-6.0768,False,all_dynamic_snr,1.3834,0.4115
80,v3,v8,20.0,30.15,20.0,0.6,0.1507,0.4,-7.4855,True,all_dynamic_snr,1.2295,0.327
80,v3,v11,20.0,60.0,10.0,0.6,0.3,0.2,-10.8587,True,all_dynamic_snr,0.9078,0.2377
80,v3,v12,20.0,140.03,0.0,0.6,0.7002,0.0,-14.3396,True,all_dynamic_snr,0.721,0.1707
80,v4,v8,40.0,0.0,30.0,1.0,0.0,0.6,40.0,False,all_dynamic_snr,2.969,0.9592
80,v4,v7,40.0,20.22,20.0,1.0,0.1011,0.4,15.2892,False,all_dynamic_snr,2.9446,0.9582
80,v4,v3,40.0,30.15,10.0,1.0,0.1507,0.2,13.9232,False,all_dynamic_snr,2.9376,0.9598
80,v4,v11,40.0,90.05,20.0,1.0,0.4502,0.4,4.9113,False,all_dynamic_snr,2.701,0.9234
80,v4,v12,40.0,170.0,10.0,1.0,0.85,0.2,1.9046,True,all_dynamic_snr,2.435,0.8605
81,v1,v6,40.0,40.11,10.0,1.0,0.2006,0.2,11.9393,False,all_dynamic_snr,2.9186,0.9504
81,v1,v2,40.0,120.04,10.0,1.0,0.6002,0.2,4.3227,False,all_dynamic_snr,2.6589,0.9045
81,v1,v5,40.0,180.0,20.0,1.0,0.9,0.4,0.0987,True,all_dynamic_snr,2.2386,0.8068
81,v1,v13,40.0,200.0,30.0,1.0,1.0,0.6,-1.633,True,all_dynamic_snr,1.9635,0.6875
81,v2,v6,20.0,80.0,20.0,0.6,0.4,0.4,-14.2664,True,all_dynamic_snr,0.709,0.1723
81,v2,v1,20.0,120.04,10.0,0.6,0.6002,0.2,-15.6773,True,all_dynamic_snr,0.664,0.1389
81,v2,v4,20.0,190.09,60.0,0.6,0.9505,1.2,-23.2243,True,all_dynamic_snr,0.4596,0.1158
81,v3,v7,20.0,0.0,10.0,0.6,0.0,0.2,33.5918,False,all_dynamic_snr,2.9686,0.9582
81,v3,v8,20.0,10.44,10.0,0.6,0.0522,0.2,1.2923,False,all_dynamic_snr,2.3792,0.8227
81,v3,v4,20.0,40.11,0.0,0.6,0.2006,0.0,-5.6524,False,all_dynamic_snr,1.4087,0.4146
81,v3,v11,20.0,70.0,20.0,0.6,0.35,0.4,-13.3385,True,all_dynamic_snr,0.7836,0.1766
81,v3,v12,20.0,140.03,0.0,0.6,0.7002,0.0,-14.3396,True,all_dynamic_snr,0.7212,0.1754
81,v4,v8,40.0,30.0,10.0,1.0,0.15,0.2,13.9578,False,all_dynamic_snr,2.9366,0.9617
81,v4,v3,40.0,40.11,0.0,1.0,0.2006,0.0,14.3476,False,all_dynamic_snr,2.9418,0.9572
81,v4,v7,40.0,40.11,10.0,1.0,0.2006,0.2,11.9393,False,all_dynamic_snr,2.9197,0.9549
81,v4,v11,40.0,110.04,20.0,1.0,0.5502,0.4,3.5182,False,all_dynamic_snr,2.6049,0.8914
81,v4,v12,40.0,180.0,0.0,1.0,0.9,0.0,3.9156,True,all_dynamic_snr,2.6326,0.9156
82,v1,v6,40.0,30.15,40.0,1.0,0.1507,0.8,10.7397,True,all_dynamic_snr,2.8996,0.9533
82,v1,v2,40.0,130.03,0.0,1.0,0.6502,0.0,6.1751,False,all_dynamic_snr,2.7718,0.9455
82,v1,v5,40.0,200.0,10.0,1.0,1.0,0.2,0.7753,True,all_dynamic_snr,2.3146,0.8174
82,v2,v6,20.0,100.0,40.0,0.6,0.5,0.8,-17.5918,True,all_dynamic_snr,0.6007,0.1461
82,v2,v1,20.0,130.03,0.0,0.6,0.6502,0.0,-13.8249,True,all_dynamic_snr,0.7441,0.177
82,v2,v4,20.0,130.14,60.0,0.6,0.6507,1.2,-20.5913,True,all_dynamic_snr,0.5148,0.1145
82,v2,v8,20.0,150.12,60.0,0.6,0.7506,1.2,-21.5838,True,all_dynamic_snr,0.5079,0.1393
82,v2,v7,20.0,160.03,90.0,0.6,0.8001,1.8,-23.2671,True,all_dynamic_snr,0.4588,0.1139
82,v3,v7,20.0,10.0,10.0,0.6,0.05,0.2,1.5918,False,all_dynamic_snr,2.412,0.8416
82,v3,v8,20.0,20.22,20.0,0.6,0.1011,0.4,-4.7108,True,all_dynamic_snr,1.55,0.4729
82,v3,v4,20.0,40.11,20.0,0.6,0.2006,0.4,-9.4694,True,all_dynamic_snr,1.0054,0.2396
82,v3,v11,20.0,50.0,0.0,0.6,0.25,0.0,-7.1835,False,all_dynamic_snr,1.2509,0.3316
82,v3,v15,20.0,120.0,10.0,0.6,0.6,0.2,-15.6751,True,all_dynamic_snr,0.6563,0.1596
82,v4,v8,40.0,20.0,0.0,1.0,0.1,0.0,19.1835,False,all_dynamic_snr,2.9588,0.9592
82,v4,v7,40.0,30.15,30.0,1.0,0.1507,0.6,11.515,False,all_dynamic_snr,2.9127,0.9568
82,v4,v3,40.0,40.11,20.0,1.0,0.2006,0.4,10.5306,False,all_dynamic_snr,2.8997,0.9543
82,v4,v11,40.0,90.05,20.0,1.0,0.4502,0.4,4.9113,False,all_dynamic_snr,2.6969,0.9246
82,v4,v2,40.0,130.14,60.0,1.0,0.6507,1.2,-0.5913,True,all_dynamic_snr,2.1397,0.7598
83,v1,v6,40.0,10.44,20.0,1.0,0.0522,0.4,19.8836,False,all_dynamic_snr,2.9601,0.9588
83,v1,v2,40.0,130.03,10.0,1.0,0.6502,0.2,3.7668,False,all_dynamic_snr,2.6242,0.9074
83,v2,v7,20.0,70.06,60.0,0.6,0.3503,1.2,-16.2887,True,all_dynamic_snr,0.6426,0.1496
83,v2,v4,20.0,70.26,60.0,0.6,0.3513,1.2,-16.3078,True,all_dynamic_snr,0.6419,0.1521
83,v2,v3,20.0,90.05,70.0,0.6,0.4502,1.4,-18.4965,True,all_dynamic_snr,0.5965,0.1467
83,v2,v8,20.0,90.2,30.0,0.6,0.451,0.6,-16.0998,True,all_dynamic_snr,0.6405,0.1604
83,v2,v1,20.0,130.03,10.0,0.6,0.6502,0.2,-16.2332,True,all_dynamic_snr,0.649,0.1508
83,v3,v8,20.0,3.0,40.0,0.6,0.015,0.8,6.7743,True,all_dynamic_snr,2.7922,0.9514
83,v3,v7,20.0,20.0,10.0,0.6,0.1,0.2,-3.2247,False,all_dynamic_snr,1.7396,0.5367
83,v3,v4,20.0,20.22,10.0,0.6,0.1011,0.2,-3.302,False,all_dynamic_snr,1.7212,0.5504
83,v3,v11,20.0,50.0,0.0,0.6,0.25,0.0,-7.1835,False,all_dynamic_snr,1.2343,0.349
83,v3,v2,20.0,90.05,70.0,0.6,0.4502,1.4,-18.4965,True,all_dynamic_snr,0.5733,0.1393
83,v4,v7,40.0,3.0,0.0,1.0,0.015,0.0,32.3661,False,all_dynamic_snr,2.9681,0.9572
83,v4,v8,40.0,20.0,30.0,1.0,0.1,0.6,14.367,False,all_dynamic_snr,2.9414,0.9568
83,v4,v3,40.0,20.22,10.0,1.0,0.1011,0.2,16.698,False,all_dynamic_snr,2.9531,0.9588
83,v4,v11,40.0,70.06,10.0,1.0,0.3503,0.2,8.0638,False,all_dynamic_snr,2.8391,0.9396
83,v4,v2,40.0,70.26,60.0,1.0,0.3513,1.2,3.6922,True,all_dynamic_snr,2.6045,0.892
84,v1,v6,40.0,30.15,10.0,1.0,0.1507,0.2,13.9232,False,all_dynamic_snr,2.937,0.9611
84,v1,v2,40.0,120.04,40.0,1.0,0.6002,0.8,1.1392,True,all_dynamic_snr,2.3461,0.8211
84,v1,v7,40.0,130.14,40.0,1.0,0.6507,0.8,0.5778,True,all_dynamic_snr,2.2853,0.785
84,v1,v4,40.0,130.31,60.0,1.0,0.6516,1.2,-0.6005,True,all_dynamic_snr,2.1289,0.7369
84,v1,v3,40.0,140.13,20.0,1.0,0.7006,0.4,1.8386,True,all_dynamic_snr,2.4285,0.8496
84,v2,v7,20.0,10.44,80.0,0.6,0.0522,1.6,-3.9334,True,all_dynamic_snr,1.6429,0.5033
84,v2,v4,20.0,11.66,100.0,0.6,0.0583,2.0,-5.3995,True,all_dynamic_snr,1.4586,0.433
84,v2,v3,20.0,20.22,60.0,0.6,0.1011,1.2,-7.6546,True,all_dynamic_snr,1.1723,0.3063
84,v2,v8,20.0,60.3,80.0,0.6,0.3015,1.6,-16.1189,True,all_dynamic_snr,0.6298,0.1562
84,v2,v11,20.0,70.06,60.0,0.6,0.3503,1.2,-16.2887,True,all_dynamic_snr,0.6405,0.1494
84,v3,v7,20.0,10.0,20.0,0.6,0.05,0.4,0.183,True,all_dynamic_snr,2.225,0.7756
84,v3,v4,20.0,10.44,40.0,0.6,0.0522,0.8,-1.8912,True,all_dynamic_snr,1.9574,0.6363
84,v3,v2,20.0,20.22,60.0,0.6,0.1011,1.2,-7.6546,True,all_dynamic_snr,1.1855,0.3461
84,v3,v8,20.0,40.11,20.0,0.6,0.2006,0.4,-9.4694,True,all_dynamic_snr,1.028,0.2635
84,v3,v11,20.0,50.0,0.0,0.6,0.25,0.0,-7.1835,False,all_dynamic_snr,1.2384,0.3529
84,v4,v7,40.0,3.0,20.0,1.0,0.015,0.4,28.5491,False,all_dynamic_snr,2.9683,0.9607
84,v4,v3,40.0,10.44,40.0,1.0,0.0522,0.8,18.1088,True,all_dynamic_snr,2.9571,0.9568
84,v4,v2,40.0,11.66,100.0,1.0,0.0583,2.0,14.6005,True,all_dynamic_snr,2.9419,0.9563
84,v4,v8,40.0,50.0,20.0,1.0,0.25,0.4,8.9995,False,all_dynamic_snr,2.8671,0.9508
84,v4,v11,40.0,60.07,40.0,1.0,0.3004,0.8,5.9491,True,all_dynamic_snr,2.7583,0.9396
85,v1,v6,40.0,20.22,10.0,1.0,0.1011,0.2,16.698,False,all_dynamic_snr,2.9546,0.9592
85,v1,v4,40.0,70.58,80.0,1.0,0.3529,1.6,2.7875,True,all_dynamic_snr,2.537,0.8658
85,v1,v7,40.0,90.2,70.0,1.0,0.451,1.4,1.492,True,all_dynamic_snr,2.3846,0.852
85,v1,v3,40.0,120.15,90.0,1.0,0.6007,1.8,-1.2756,True,all_dynamic_snr,2.048,0.715
85,v1,v8,40.0,140.29,70.0,1.0,0.7014,1.4,-1.5771,True,all_dynamic_snr,1.9954,0.6914
85,v2,v11,20.0,10.44,60.0,0.6,0.0522,1.2,-3.0602,True,all_dynamic_snr,1.7763,0.5777
85,v2,v8,20.0,20.88,80.0,0.6,0.1044,1.6,-8.7498,True,all_dynamic_snr,1.109,0.3025
85,v2,v3,20.0,40.11,100.0,0.6,0.2006,2.0,-13.9836,True,all_dynamic_snr,0.7567,0.1568
85,v2,v7,20.0,70.06,80.0,0.6,0.3503,1.6,-17.1619,True,all_dynamic_snr,0.6191,0.1307
85,v2,v15,20.0,70.06,80.0,0.6,0.3503,1.6,-17.1619,True,all_dynamic_snr,0.6216,0.1484
85,v3,v8,20.0,20.22,20.0,0.6,0.1011,0.4,-4.7108,True,all_dynamic_snr,1.538,0.4748
85,v3,v7,20.0,30.0,20.0,0.6,0.15,0.4,-7.4509,True,all_dynamic_snr,1.2186,0.3182
85,v3,v2,20.0,40.11,100.0,0.6,0.2006,2.0,-13.9836,True,all_dynamic_snr,0.754,0.1869
85,v3,v11,20.0,50.0,40.0,0.6,0.25,0.8,-12.7753,True,all_dynamic_snr,0.7865,0.1904
85,v3,v4,20.0,50.09,10.0,0.6,0.2504,0.2,-9.6042,False,all_dynamic_snr,1.0177,0.2648
85,v4,v7,40.0,20.22,10.0,1.0,0.1011,0.2,16.698,False,all_dynamic_snr,2.9518,0.9588
85,v4,v3,40.0,50.09,10.0,1.0,0.2504,0.2,10.3958,False,all_dynamic_snr,2.8983,0.9559
85,v4,v8,40.0,70.0,10.0,1.0,0.35,0.2,8.0702,False,all_dynamic_snr,2.8394,0.9484
85,v4,v1,40.0,70.58,80.0,1.0,0.3529,1.6,2.7875,True,all_dynamic_snr,2.5313,0.8727
85,v4,v2,40.0,90.2,90.0,1.0,0.451,1.8,0.7167,True,all_dynamic_snr,2.3102,0.809
86,v1,v6,40.0,10.44,0.0,1.0,0.0522,0.0,23.7006,False,all_dynamic_snr,2.9657,0.9582
86,v1,v4,40.0,13.45,40.0,1.0,0.0673,0.8,16.3468,True,all_dynamic_snr,2.9498,0.9607
86,v1,v7,40.0,20.88,60.0,1.0,0.1044,1.2,12.1233,True,all_dynamic_snr,2.9199,0.9563
86,v1,v3,40.0,30.59,70.0,1.0,0.153,1.4,9.0051,True,all_dynamic_snr,2.8697,0.9514
86,v1,v8,40.0,70.58,40.0,1.0,0.3529,0.8,4.8297,True,all_dynamic_snr,2.692,0.9166
86,v2,v15,20.0,10.44,90.0,0.6,0.0522,1.8,-4.2994,True,all_dynamic_snr,1.5961,0.4826
86,v2,v12,20.0,11.66,90.0,0.6,0.0583,1.8,-5.0683,True,all_dynamic_snr,1.4955,0.4523
86,v2,v11,20.0,50.09,90.0,0.6,0.2504,1.8,-15.196,True,all_dynamic_snr,0.6731,0.1578
86,v2,v16,20.0,90.2,90.0,0.6,0.451,1.8,-19.2833,True,all_dynamic_snr,0.5514,0.1488
86,v2,v8,20.0,100.18,50.0,0.6,0.5009,1.0,-18.2377,True,all_dynamic_snr,0.5869,0.1422
86,v3,v7,20.0,10.0,10.0,0.6,0.05,0.2,1.5918,False,all_dynamic_snr,2.396,0.8344
86,v3,v1,20.0,30.59,70.0,0.6,0.153,1.4,-10.9949,True,all_dynamic_snr,0.8893,0.215
86,v3,v4,20.0,40.11,30.0,0.6,0.2006,0.6,-10.4689,True,all_dynamic_snr,0.9244,0.2314
86,v3,v6,20.0,40.11,70.0,0.6,0.2006,1.4,-12.8772,True,all_dynamic_snr,0.7932,0.1807
86,v3,v8,20.0,40.11,30.0,0.6,0.2006,0.6,-10.4689,True,all_dynamic_snr,0.9318,0.2279
86,v4,v6,40.0,6.0,40.0,1.0,0.03,0.8,21.9578,True,all_dynamic_snr,2.9636,0.9611
86,v4,v1,40.0,13.45,40.0,1.0,0.0673,0.8,16.3468,True,all_dynamic_snr,2.9528,0.9563
86,v4,v7,40.0,30.15,20.0,1.0,0.1507,0.4,12.5145,False,all_dynamic_snr,2.9262,0.9506
86,v4,v3,40.0,40.11,30.0,1.0,0.2006,0.6,9.5311,False,all_dynamic_snr,2.8847,0.9549
86,v4,v8,40.0,80.0,0.0,1.0,0.4,0.0,9.5506,False,all_dynamic_snr,2.8812,0.9529
87,v1,v6,40.0,10.44,20.0,1.0,0.0522,0.4,19.8836,False,all_dynamic_snr,2.9601,0.9592
87,v1,v8,40.0,31.32,40.0,1.0,0.1566,0.8,10.4749,True,all_dynamic_snr,2.8978,0.9529
87,v1,v3,40.0,40.45,70.0,1.0,0.2022,1.4,7.065,True,all_dynamic_snr,2.8085,0.9367
87,v1,v7,40.0,40.45,70.0,1.0,0.2022,1.4,7.065,True,all_dynamic_snr,2.8075,0.9367
87,v1,v11,40.0,40.45,80.0,1.0,0.2022,1.6,6.6558,True,all_dynamic_snr,2.7884,0.9514
87,v2,v16,20.0,6.0,90.0,0.6,0.03,1.8,-0.4504,True,all_dynamic_snr,2.1416,0.7479
87,v2,v15,20.0,100.04,90.0,0.6,0.5002,1.8,-20.0031,True,all_dynamic_snr,0.5299,0.1311
87,v2,v19,20.0,100.04,100.0,0.6,0.5002,2.0,-20.3343,True,all_dynamic_snr,0.5366,0.1264
87,v2,v12,20.0,100.18,70.0,0.6,0.5009,1.4,-19.2372,True,all_dynamic_snr,0.5625,0.1355
87,v2,v11,20.0,140.03,100.0,0.6,0.7002,2.0,-22.6708,True,all_dynamic_snr,0.4814,0.1322
87,v3,v7,20.0,0.0,0.0,0.6,0.0,0.0,36.0,False,all_dynamic_snr,2.9689,0.9602
87,v3,v4,20.0,10.44,10.0,0.6,0.0522,0.2,1.2923,False,all_dynamic_snr,2.3735,0.8313
87,v3,v6,20.0,30.15,50.0,0.6,0.1507,1.0,-9.8937,True,all_dynamic_snr,1.0062,0.251
87,v3,v1,20.0,40.45,70.0,0.6,0.2022,1.4,-12.935,True,all_dynamic_snr,0.7989,0.176
87,v3,v8,20.0,70.06,30.0,0.6,0.3503,0.6,-14.3444,True,all_dynamic_snr,0.7162,0.1672
87,v4,v3,40.0,10.44,10.0,1.0,0.0522,0.2,21.2923,False,all_dynamic_snr,2.9632,0.9523
87,v4,v7,40.0,10.44,10.0,1.0,0.0522,0.2,21.2923,False,all_dynamic_snr,2.9637,0.9611
87,v4,v6,40.0,40.45,60.0,1.0,0.2022,1.2,7.5289,True,all_dynamic_snr,2.8239,0.9461
87,v4,v1,40.0,50.8,80.0,1.0,0.254,1.6,5.0718,True,all_dynamic_snr,2.7091,0.9156
87,v4,v8,40.0,80.0,40.0,1.0,0.4,0.8,3.9588,True,all_dynamic_snr,2.639,0.9113
88,v1,v15,40.0,11.66,60.0,1.0,0.0583,1.2,16.1709,True,all_dynamic_snr,2.9501,0.9582
88,v1,v8,40.0,13.45,40.0,1.0,0.0673,0.8,16.3468,True,all_dynamic_snr,2.9514,0.952
88,v1,v6,40.0,30.15,0.0,1.0,0.1507,0.0,16.3315,False,all_dynamic_snr,2.951,0.9592
88,v1,v12,40.0,31.32,40.0,1.0,0.1566,0.8,10.4749,True,all_dynamic_snr,2.9001,0.95
88,v1,v11,40.0,40.45,60.0,1.0,0.2022,1.2,7.5289,True,all_dynamic_snr,2.8267,0.9543
88,v2,v19,20.0,3.0,60.0,0.6,0.015,1.2,5.6053,True,all_dynamic_snr,2.738,0.9471
88,v2,v16,20.0,90.2,60.0,0.6,0.451,1.2,-18.0441,True,all_dynamic_snr,0.5906,0.1332
88,v2,v12,20.0,170.11,40.0,0.6,0.8505,0.8,-21.2833,True,all_dynamic_snr,0.5203,0.1373
88,v2,v15,20.0,190.02,60.0,0.6,0.9501,1.2,-23.2217,True,all_dynamic_snr,0.4864,0.1063
88,v3,v7,20.0,0.0,20.0,0.6,0.0,0.4,32.183,True,all_dynamic_snr,2.9689,0.9602
88,v3,v4,20.0,20.22,10.0,0.6,0.1011,0.2,-3.302,False,all_dynamic_snr,1.7437,0.5488
88,v3,v11,20.0,70.0,0.0,0.6,0.35,0.0,-9.5216,True,all_dynamic_snr,0.9939,0.2766
88,v3,v6,20.0,80.06,60.0,0.6,0.4003,1.2,-17.2151,True,all_dynamic_snr,0.6105,0.1406
88,v3,v5,20.0,80.22,70.0,0.6,0.4011,1.4,-17.6936,True,all_dynamic_snr,0.6083,0.1264
88,v4,v3,40.0,20.22,10.0,1.0,0.1011,0.2,16.698,False,all_dynamic_snr,2.9526,0.9607
88,v4,v7,40.0,20.22,10.0,1.0,0.1011,0.2,16.698,False,all_dynamic_snr,2.9516,0.9602
88,v4,v5,40.0,60.67,80.0,1.0,0.3034,1.6,3.8383,True,all_dynamic_snr,2.6217,0.9123
88,v4,v13,40.0,80.5,90.0,1.0,0.4025,1.8,1.5069,True,all_dynamic_snr,2.3984,0.8477
88,v4,v11,40.0,90.05,10.0,1.0,0.4502,0.2,6.32,False,all_dynamic_snr,2.7771,0.9471
89,v1,v12,40.0,13.45,80.0,1.0,0.0673,1.6,14.3046,True,all_dynamic_snr,2.9398,0.9484
89,v1,v6,40.0,30.15,30.0,1.0,0.1507,0.6,11.515,False,all_dynamic_snr,2.9167,0.9504
89,v1,v15,40.0,50.36,60.0,1.0,0.2518,1.2,6.006,True,all_dynamic_snr,2.763,0.9432
89,v1,v8,40.0,50.8,60.0,1.0,0.254,1.2,5.9449,True,all_dynamic_snr,2.7598,0.9471
89,v1,v16,40.0,50.8,90.0,1.0,0.254,1.8,4.7057,True,all_dynamic_snr,2.687,0.9348
89,v2,v19,20.0,60.07,30.0,0.6,0.3004,0.6,-13.2756,True,all_dynamic_snr,0.7909,0.1793
89,v2,v16,20.0,150.12,60.0,0.6,0.7506,1.2,-21.5838,True,all_dynamic_snr,0.5075,0.143
89,v3,v5,20.0,11.66,70.0,0.6,0.0583,1.4,-4.293,True,all_dynamic_snr,1.6222,0.5145
89,v3,v7,20.0,20.0,20.0,0.6,0.1,0.4,-4.6334,True,all_dynamic_snr,1.5528,0.4586
89,v3,v13,20.0,20.88,50.0,0.6,0.1044,1.0,-7.3411,True,all_dynamic_snr,1.2315,0.3428
89,v3,v4,20.0,30.15,0.0,0.6,0.1507,0.0,-3.6685,False,all_dynamic_snr,1.6953,0.5398
89,v3,v11,20.0,70.0,10.0,0.6,0.35,0.2,-11.9298,True,all_dynamic_snr,0.8372,0.1939
89,v4,v7,40.0,10.44,20.0,1.0,0.0522,0.4,19.8836,False,all_dynamic_snr,2.9597,0.9563
89,v4,v13,40.0,13.45,50.0,1.0,0.0673,1.0,15.7134,True,all_dynamic_snr,2.9472,0.9553
89,v4,v5,40.0,21.93,70.0,1.0,0.1097,1.4,11.3181,True,all_dynamic_snr,2.91,0.9617
89,v4,v3,40.0,30.15,0.0,1.0,0.1507,0.0,16.3315,False,all_dynamic_snr,2.9525,0.9646
89,v4,v14,40.0,50.36,80.0,1.0,0.2518,1.6,5.1329,True,all_dynamic_snr,2.7073,0.925
90,v1,v16,40.0,41.0,40.0,1.0,0.205,0.8,8.6037,True,all_dynamic_snr,2.8542,0.9533
90,v1,v6,40.0,60.07,10.0,1.0,0.3004,0.2,9.1327,False,all_dynamic_snr,2.8706,0.9533
90,v1,v19,40.0,80.22,50.0,1.0,0.4011,1.0,3.3059,True,all_dynamic_snr,2.5797,0.9012
90,v1,v12,40.0,90.45,40.0,1.0,0.4522,0.8,3.1058,True,all_dynamic_snr,2.56,0.8797
90,v1,v15,40.0,110.16,80.0,1.0,0.5508,1.6,-0.3065,True,all_dynamic_snr,2.1532,0.749
90,v2,v19,20.0,90.05,40.0,0.6,0.4502,0.8,-16.8635,True,all_dynamic_snr,0.6197,0.1252
90,v2,v20,20.0,150.12,70.0,0.6,0.7506,1.4,-22.0477,True,all_dynamic_snr,0.5078,0.117
90,v2,v1,20.0,170.03,10.0,0.6,0.8501,0.2,-18.0965,True,all_dynamic_snr,0.5846,0.1525
90,v3,v14,20.0,3.0,70.0,0.6,0.015,1.4,5.1413,True,all_dynamic_snr,2.7149,0.932
90,v3,v4,20.0,30.15,10.0,0.6,0.1507,0.2,-6.0768,False,all_dynamic_snr,1.3663,0.4004
90,v3,v13,20.0,30.59,70.0,0.6,0.153,1.4,-10.9949,True,all_dynamic_snr,0.933,0.2434
90,v3,v7,20.0,40.0,0.0,0.6,0.2,0.0,-5.633,False,all_dynamic_snr,1.4318,0.418
90,v3,v11,20.0,60.0,10.0,0.6,0.3,0.2,-10.8587,True,all_dynamic_snr,0.906,0.225
90,v4,v7,40.0,10.44,10.0,1.0,0.0522,0.2,21.2923,False,all_dynamic_snr,2.9616,0.9598
90,v4,v3,40.0,30.15,10.0,1.0,0.1507,0.2,13.9232,False,all_dynamic_snr,2.9379,0.9623
90,v4,v14,40.0,30.59,80.0,1.0,0.153,1.6,8.5959,True,all_dynamic_snr,2.8562,0.9494
90,v4,v9,40.0,41.0,50.0,1.0,0.205,1.0,7.9702,True,all_dynamic_snr,2.839,0.9357
90,v4,v10,40.0,50.36,40.0,1.0,0.2518,0.8,7.175,True,all_dynamic_snr,2.8103,0.9406
91,v1,v19,40.0,30.59,70.0,1.0,0.153,1.4,9.0051,True,all_dynamic_snr,2.8683,0.9465
91,v1,v6,40.0,70.06,20.0,1.0,0.3503,0.4,6.6551,False,all_dynamic_snr,2.7906,0.9441
91,v1,v16,40.0,80.5,60.0,1.0,0.4025,1.2,2.7461,True,all_dynamic_snr,2.528,0.8863
91,v1,v12,40.0,130.31,80.0,1.0,0.6516,1.6,-1.4736,True,all_dynamic_snr,2.0093,0.6908
91,v1,v2,40.0,160.03,20.0,1.0,0.8001,0.4,0.9159,True,all_dynamic_snr,2.3234,0.8104
91,v2,v20,20.0,80.22,60.0,0.6,0.4011,1.2,-17.2297,True,all_dynamic_snr,0.6178,0.1564
91,v2,v19,20.0,130.03,50.0,0.6,0.6502,1.0,-20.0502,True,all_dynamic_snr,0.5283,0.1209
91,v2,v1,20.0,160.03,20.0,0.6,0.8001,0.4,-19.0841,True,all_dynamic_snr,0.5591,0.1273
91,v3,v9,20.0,30.59,60.0,0.6,0.153,1.2,-10.531,True,all_dynamic_snr,0.9508,0.2377
91,v3,v7,20.0,40.0,20.0,0.6,0.2,0.4,-9.4499,True,all_dynamic_snr,1.0338,0.2783
91,v3,v4,20.0,40.11,0.0,0.6,0.2006,0.0,-5.6524,False,all_dynamic_snr,1.4287,0.4273
91,v3,v11,20.0,50.0,0.0,0.6,0.25,0.0,-7.1835,False,all_dynamic_snr,1.2453,0.341
91,v3,v10,20.0,50.09,50.0,0.6,0.2504,1.0,-13.4212,True,all_dynamic_snr,0.7466,0.1813
91,v4,v7,40.0,3.0,20.0,1.0,0.015,0.4,28.5491,False,all_dynamic_snr,2.9676,0.9563
91,v4,v10,40.0,11.66,50.0,1.0,0.0583,1.0,16.7065,True,all_dynamic_snr,2.9542,0.9537
91,v4,v9,40.0,13.45,60.0,1.0,0.0673,1.2,15.1778,True,all_dynamic_snr,2.9457,0.9598
91,v4,v3,40.0,40.11,0.0,1.0,0.2006,0.0,14.3476,False,all_dynamic_snr,2.9395,0.9602
91,v4,v11,40.0,90.05,0.0,1.0,0.4502,0.0,8.7283,False,all_dynamic_snr,2.8599,0.9484
92,v1,v19,40.0,40.45,70.0,1.0,0.2022,1.4,7.065,True,all_dynamic_snr,2.8078,0.9461
92,v1,v6,40.0,90.05,10.0,1.0,0.4502,0.2,6.32,False,all_dynamic_snr,2.7722,0.9342
92,v1,v2,40.0,140.03,10.0,1.0,0.7002,0.2,3.2521,False,all_dynamic_snr,2.5669,0.8799
92,v1,v16,40.0,140.29,30.0,1.0,0.7014,0.6,0.8311,True,all_dynamic_snr,2.3217,0.7982
92,v1,v20,40.0,160.25,30.0,1.0,0.8013,0.6,-0.0934,True,all_dynamic_snr,2.1903,0.7352
92,v2,v20,20.0,20.88,40.0,0.6,0.1044,0.8,-6.7077,True,all_dynamic_snr,1.3021,0.3676
92,v2,v1,20.0,140.03,10.0,0.6,0.7002,0.2,-16.7479,True,all_dynamic_snr,0.6129,0.151
92,v2,v19,20.0,180.02,80.0,0.6,0.9001,1.6,-23.7193,True,all_dynamic_snr,0.4802,0.1209
92,v3,v10,20.0,3.0,90.0,0.6,0.015,1.8,4.3661,True,all_dynamic_snr,2.6619,0.9094
92,v3,v9,20.0,30.59,100.0,0.6,0.153,2.0,-12.1013,True,all_dynamic_snr,0.8212,0.1961
92,v3,v4,20.0,40.11,10.0,0.6,0.2006,0.2,-8.0607,False,all_dynamic_snr,1.1528,0.2961
92,v3,v11,20.0,50.0,30.0,0.6,0.25,0.6,-12.0,True,all_dynamic_snr,0.8443,0.198
92,v3,v7,20.0,60.0,10.0,0.6,0.3,0.2,-10.8587,True,all_dynamic_snr,0.8934,0.2404
92,v4,v7,40.0,20.22,0.0,1.0,0.1011,0.0,19.1062,False,all_dynamic_snr,2.9602,0.9578
92,v4,v3,40.0,40.11,10.0,1.0,0.2006,0.2,11.9393,False,all_dynamic_snr,2.9155,0.9514
92,v4,v10,40.0,40.45,80.0,1.0,0.2022,1.6,6.6558,True,all_dynamic_snr,2.7929,0.9357
92,v4,v9,40.0,70.58,90.0,1.0,0.3529,1.8,2.4215,True,all_dynamic_snr,2.4992,0.8666
92,v4,v11,40.0,90.05,20.0,1.0,0.4502,0.4,4.9113,False,all_dynamic_snr,2.6987,0.927
93,v1,v6,40.0,80.06,20.0,1.0,0.4003,0.4,5.7287,False,all_dynamic_snr,2.7516,0.9455
93,v1,v19,40.0,110.16,100.0,1.0,0.5508,2.0,-1.0037,True,all_dynamic_snr,2.0856,0.7158
93,v1,v20,40.0,130.31,80.0,1.0,0.6516,1.6,-1.4736,True,all_dynamic_snr,2.0015,0.6813
93,v1,v5,40.0,150.0,30.0,1.0,0.75,0.6,0.3661,True,all_dynamic_snr,2.2527,0.8119
93,v1,v2,40.0,150.03,40.0,1.0,0.7501,0.8,-0.4106,True,all_dynamic_snr,2.1384,0.7107
93,v2,v20,20.0,20.88,40.0,0.6,0.1044,0.8,-6.7077,True,all_dynamic_snr,1.2785,0.3619
93,v2,v1,20.0,150.03,40.0,0.6,0.7501,0.8,-20.4106,True,all_dynamic_snr,0.5325,0.1377
93,v3,v4,20.0,30.15,20.0,0.6,0.1507,0.4,-7.4855,True,all_dynamic_snr,1.2094,0.3107
93,v3,v7,20.0,50.0,10.0,0.6,0.25,0.2,-9.5918,False,all_dynamic_snr,1.0204,0.2758
93,v3,v17,20.0,60.3,40.0,0.6,0.3015,0.8,-14.0768,True,all_dynamic_snr,0.7333,0.1896
93,v3,v11,20.0,80.0,20.0,0.6,0.4,0.4,-14.2664,True,all_dynamic_snr,0.736,0.1672
93,v3,v10,20.0,90.05,70.0,0.6,0.4502,1.4,-18.4965,True,all_dynamic_snr,0.5824,0.1389
93,v4,v7,40.0,20.22,30.0,1.0,0.1011,0.6,14.2897,False,all_dynamic_snr,2.9389,0.9602
93,v4,v3,40.0,30.15,20.0,1.0,0.1507,0.4,12.5145,False,all_dynamic_snr,2.9254,0.9592
93,v4,v17,40.0,31.32,20.0,1.0,0.1566,0.4,12.2497,False,all_dynamic_snr,2.92,0.9543
93,v4,v18,40.0,90.2,50.0,1.0,0.451,1.0,2.4915,True,all_dynamic_snr,2.5089,0.882
93,v4,v11,40.0,110.04,0.0,1.0,0.5502,0.0,7.3351,False,all_dynamic_snr,2.8198,0.948
94,v1,v20,40.0,50.8,30.0,1.0,0.254,0.6,7.8892,False,all_dynamic_snr,2.8447,0.9471
94,v1,v6,40.0,100.04,10.0,1.0,0.5002,0.2,5.5886,False,all_dynamic_snr,2.7364,0.935
94,v1,v2,40.0,110.04,20.0,1.0,0.5502,0.4,3.5182,False,all_dynamic_snr,2.6035,0.9115
94,v1,v13,40.0,170.0,10.0,1.0,0.85,0.2,1.9046,True,all_dynamic_snr,2.4613,0.8568
94,v1,v5,40.0,180.0,0.0,1.0,0.9,0.0,3.9156,True,all_dynamic_snr,2.6284,0.9088
94,v2,v20,20.0,60.3,50.0,0.6,0.3015,1.0,-14.7102,True,all_dynamic_snr,0.7098,0.1715
94,v2,v1,20.0,110.04,20.0,0.6,0.5502,0.4,-16.4818,True,all_dynamic_snr,0.6395,0.1584
94,v3,v4,20.0,10.44,20.0,0.6,0.0522,0.4,-0.1164,True,all_dynamic_snr,2.1876,0.7561
94,v3,v17,20.0,20.88,50.0,0.6,0.1044,1.0,-7.3411,True,all_dynamic_snr,1.2199,0.3209
94,v3,v18,20.0,50.09,60.0,0.6,0.2504,1.2,-13.9568,True,all_dynamic_snr,0.722,0.1785
94,v3,v7,20.0,60.0,20.0,0.6,0.3,0.4,-12.2674,True,all_dynamic_snr,0.8114,0.1984
94,v3,v11,20.0,100.0,10.0,0.6,0.5,0.2,-14.4082,True,all_dynamic_snr,0.7028,0.1791
94,v4,v3,40.0,10.44,20.0,1.0,0.0522,0.4,19.8836,False,all_dynamic_snr,2.9615,0.9543
94,v4,v17,40.0,13.45,70.0,1.0,0.0673,1.4,14.7139,True,all_dynamic_snr,2.9409,0.9592
94,v4,v18,40.0,40.45,80.0,1.0,0.2022,1.6,6.6558,True,all_dynamic_snr,2.7943,0.9424
94,v4,v7,40.0,50.09,0.0,1.0,0.2504,0.0,12.804,False,all_dynamic_snr,2.9287,0.9582
94,v4,v11,40.0,110.04,10.0,1.0,0.5502,0.2,4.9269,False,all_dynamic_snr,2.7025,0.9311
95,v1,v20,40.0,21.93,20.0,1.0,0.1097,0.4,14.7259,False,all_dynamic_snr,2.941,0.9523
95,v1,v6,40.0,110.04,40.0,1.0,0.5502,0.8,1.7434,True,all_dynamic_snr,2.4309,0.8525
95,v1,v2,40.0,130.03,20.0,1.0,0.6502,0.4,2.3581,True,all_dynamic_snr,2.4916,0.8715
95,v1,v13,40.0,160.0,0.0,1.0,0.8,0.0,4.7341,True,all_dynamic_snr,2.6838,0.9236
95,v1,v5,40.0,180.0,40.0,1.0,0.9,0.8,-1.6761,True,all_dynamic_snr,1.963,0.652
95,v2,v20,20.0,110.16,40.0,0.6,0.5508,0.8,-18.2644,True,all_dynamic_snr,0.5877,0.133
95,v2,v1,20.0,130.03,20.0,0.6,0.6502,0.4,-17.6419,True,all_dynamic_snr,0.5886,0.1309
95,v3,v18,20.0,10.44,60.0,0.6,0.0522,1.2,-3.0602,True,all_dynamic_snr,1.7641,0.5627
95,v3,v4,20.0,30.15,0.0,0.6,0.1507,0.0,-3.6685,False,all_dynamic_snr,1.7107,0.5244
95,v3,v17,20.0,30.59,70.0,0.6,0.153,1.4,-10.9949,True,all_dynamic_snr,0.9025,0.2273
95,v3,v7,20.0,80.0,30.0,0.6,0.4,0.6,-15.2659,True,all_dynamic_snr,0.6556,0.1504
95,v3,v11,20.0,90.0,0.0,0.6,0.45,0.0,-11.2679,True,all_dynamic_snr,0.8741,0.2199
95,v4,v3,40.0,30.15,0.0,1.0,0.1507,0.0,16.3315,False,all_dynamic_snr,2.9506,0.9563
95,v4,v18,40.0,40.45,60.0,1.0,0.2022,1.2,7.5289,True,all_dynamic_snr,2.8275,0.9469
95,v4,v7,40.0,50.09,30.0,1.0,0.2504,0.6,7.9875,False,all_dynamic_snr,2.839,0.9488
95,v4,v17,40.0,60.67,70.0,1.0,0.3034,1.4,4.2476,True,all_dynamic_snr,2.6579,0.9064
95,v4,v11,40.0,120.04,0.0,1.0,0.6002,0.0,6.7309,False,all_dynamic_snr,2.7935,0.9412
96,v1,v20,40.0,9.0,70.0,1.0,0.045,1.4,17.5074,True,all_dynamic_snr,2.9547,0.9637
96,v1,v6,40.0,70.06,10.0,1.0,0.3503,0.2,8.0638,False,all_dynamic_snr,2.8453,0.9498
96,v1,v5,40.0,140.0,10.0,1.0,0.7,0.2,3.2537,False,all_dynamic_snr,2.5848,0.8947
96,v1,v2,40.0,150.03,10.0,1.0,0.7501,0.2,2.7729,False,all_dynamic_snr,2.5299,0.9014
96,v1,v13,40.0,160.0,10.0,1.0,0.8,0.2,2.3258,True,all_dynamic_snr,2.4709,0.8682
96,v2,v1,20.0,150.03,10.0,0.6,0.7501,0.2,-17.2271,True,all_dynamic_snr,0.6115,0.1627
96,v2,v20,20.0,150.12,80.0,0.6,0.7506,1.6,-22.457,True,all_dynamic_snr,0.4971,0.1352
96,v3,v4,20.0,30.15,40.0,0.6,0.1507,0.8,-9.2603,True,all_dynamic_snr,1.0633,0.2846
96,v3,v18,20.0,70.06,60.0,0.6,0.3503,1.2,-16.2887,True,all_dynamic_snr,0.6382,0.1533
96,v3,v11,20.0,90.0,40.0,0.6,0.45,0.8,-16.8596,True,all_dynamic_snr,0.6233,0.1527
96,v3,v17,20.0,100.18,70.0,0.6,0.5009,1.4,-19.2372,True,all_dynamic_snr,0.5685,0.1518
96,v3,v7,20.0,110.0,30.0,0.6,0.55,0.6,-17.4788,True,all_dynamic_snr,0.6032,0.1285
96,v4,v3,40.0,30.15,40.0,1.0,0.1507,0.8,10.7397,True,all_dynamic_snr,2.9019,0.9627
96,v4,v7,40.0,80.06,10.0,1.0,0.4003,0.2,7.1374,False,all_dynamic_snr,2.8149,0.9494
96,v4,v18,40.0,100.18,20.0,1.0,0.5009,0.4,4.1705,False,all_dynamic_snr,2.6553,0.9119
96,v4,v11,40.0,120.04,0.0,1.0,0.6002,0.0,6.7309,False,all_dynamic_snr,2.8001,0.9451
96,v4,v17,40.0,130.31,30.0,1.0,0.6516,0.6,1.3438,True,all_dynamic_snr,2.3863,0.8422
97,v1,v6,40.0,60.07,40.0,1.0,0.3004,0.8,5.9491,True,all_dynamic_snr,2.7622,0.9432
97,v1,v20,40.0,70.58,60.0,1.0,0.3529,1.2,3.6607,True,all_dynamic_snr,2.6088,0.8951
97,v1,v5,40.0,130.0,40.0,1.0,0.65,0.8,0.5851,True,all_dynamic_snr,2.2969,0.7836
97,v1,v2,40.0,160.03,40.0,1.0,0.8001,0.8,-0.8589,True,all_dynamic_snr,2.1053,0.7119
97,v1,v13,40.0,170.0,20.0,1.0,0.85,0.4,0.4958,True,all_dynamic_snr,2.278,0.7893
97,v2,v1,20.0,160.03,40.0,0.6,0.8001,0.8,-20.8589,True,all_dynamic_snr,0.5067,0.1176
97,v3,v4,20.0,10.44,0.0,0.6,0.0522,0.0,3.7006,False,all_dynamic_snr,2.6141,0.9029
97,v3,v7,20.0,80.0,40.0,0.6,0.4,0.8,-16.0412,True,all_dynamic_snr,0.6457,0.1678
97,v3,v15,20.0,120.0,20.0,0.6,0.6,0.4,-17.0839,True,all_dynamic_snr,0.6134,0.1559
97,v3,v11,20.0,130.0,10.0,0.6,0.65,0.2,-16.2313,True,all_dynamic_snr,0.6713,0.1498
97,v3,v18,20.0,130.03,70.0,0.6,0.6502,1.4,-21.0497,True,all_dynamic_snr,0.5228,0.1418
97,v4,v3,40.0,10.44,0.0,1.0,0.0522,0.0,23.7006,False,all_dynamic_snr,2.9655,0.9611
97,v4,v7,40.0,90.05,40.0,1.0,0.4502,0.8,3.1365,True,all_dynamic_snr,2.5621,0.8893
97,v4,v15,40.0,110.04,20.0,1.0,0.5502,0.4,3.5182,False,all_dynamic_snr,2.5974,0.9025
97,v4,v11,40.0,120.04,10.0,1.0,0.6002,0.2,4.3227,False,all_dynamic_snr,2.6656,0.9207
97,v4,v18,40.0,120.15,70.0,1.0,0.6007,1.4,-0.5003,True,all_dynamic_snr,2.1443,0.732
98,v1,v6,40.0,20.22,0.0,1.0,0.1011,0.0,19.1062,False,all_dynamic_snr,2.9587,0.9578
98,v1,v5,40.0,90.0,20.0,1.0,0.45,0.4,4.9151,False,all_dynamic_snr,2.6975,0.9184
98,v1,v20,40.0,130.31,60.0,1.0,0.6516,1.2,-0.6005,True,all_dynamic_snr,2.1457,0.7385
98,v1,v13,40.0,150.0,10.0,1.0,0.75,0.2,2.7743,False,all_dynamic_snr,2.5246,0.8938
98,v3,v4,20.0,10.44,20.0,0.6,0.0522,0.4,-0.1164,True,all_dynamic_snr,2.1958,0.7676
98,v3,v7,20.0,40.0,10.0,0.6,0.2,0.2,-8.0412,False,all_dynamic_snr,1.1489,0.3033
98,v3,v11,20.0,140.0,10.0,0.6,0.7,0.2,-16.7463,True,all_dynamic_snr,0.6152,0.1371
98,v3,v15,20.0,140.0,20.0,0.6,0.7,0.4,-18.155,True,all_dynamic_snr,0.5772,0.158
98,v3,v8,20.0,150.03,30.0,0.6,0.7501,0.6,-19.6353,True,all_dynamic_snr,0.5444,0.1404
98,v4,v3,40.0,10.44,20.0,1.0,0.0522,0.4,19.8836,False,all_dynamic_snr,2.9626,0.9602
98,v4,v7,40.0,50.09,10.0,1.0,0.2504,0.2,10.3958,False,all_dynamic_snr,2.896,0.9594
98,v4,v11,40.0,130.03,10.0,1.0,0.6502,0.2,3.7668,False,all_dynamic_snr,2.6122,0.9078
98,v4,v15,40.0,130.03,0.0,1.0,0.6502,0.0,6.1751,False,all_dynamic_snr,2.7697,0.9387
98,v4,v8,40.0,140.0,10.0,1.0,0.7,0.2,3.2537,False,all_dynamic_snr,2.5729,0.883
99,v1,v6,40.0,20.22,0.0,1.0,0.1011,0.0,19.1062,False,all_dynamic_snr,2.9609,0.9627
99,v1,v5,40.0,70.0,10.0,1.0,0.35,0.2,8.0702,False,all_dynamic_snr,2.8376,0.949
99,v1,v13,40.0,140.0,0.0,1.0,0.7,0.0,5.662,False,all_dynamic_snr,2.7443,0.9387
99,v1,v2,40.0,190.02,20.0,1.0,0.9501,0.4,-0.2779,True,all_dynamic_snr,2.1726,0.7434
99,v1,v20,40.0,190.21,60.0,1.0,0.9511,1.2,-3.2286,True,all_dynamic_snr,1.7494,0.5568
99,v2,v1,20.0,190.02,20.0,0.6,0.9501,0.4,-20.2779,True,all_dynamic_snr,0.5186,0.1244
99,v3,v4,20.0,10.44,10.0,0.6,0.0522,0.2,1.2923,False,all_dynamic_snr,2.3846,0.8369
99,v3,v7,20.0,50.0,30.0,0.6,0.25,0.6,-12.0,True,all_dynamic_snr,0.8548,0.2191
99,v3,v15,20.0,120.0,10.0,0.6,0.6,0.2,-15.6751,True,all_dynamic_snr,0.6527,0.1455
99,v3,v8,20.0,120.04,20.0,0.6,0.6002,0.4,-17.086,True,all_dynamic_snr,0.6341,0.1238
99,v3,v11,20.0,130.0,30.0,0.6,0.65,0.6,-18.6396,True,all_dynamic_snr,0.5626,0.1338
99,v4,v3,40.0,10.44,10.0,1.0,0.0522,0.2,21.2923,False,all_dynamic_snr,2.9622,0.9592
99,v4,v7,40.0,40.11,40.0,1.0,0.2006,0.8,8.7558,True,all_dynamic_snr,2.8621,0.9484
99,v4,v8,40.0,130.0,30.0,1.0,0.65,0.6,1.3604,True,all_dynamic_snr,2.3854,0.8334
99,v4,v15,40.0,130.03,20.0,1.0,0.6502,0.4,2.3581,True,all_dynamic_snr,2.4978,0.875
99,v4,v11,40.0,140.03,40.0,1.0,0.7002,0.8,0.0686,True,all_dynamic_snr,2.2052,0.7594
100,v1,v6,40.0,20.22,10.0,1.0,0.1011,0.2,16.698,False,all_dynamic_snr,2.9512,0.9582
100,v1,v5,40.0,60.0,30.0,1.0,0.3,0.6,6.7331,False,all_dynamic_snr,2.7899,0.9422
100,v1,v13,40.0,140.0,30.0,1.0,0.7,0.6,0.8455,True,all_dynamic_snr,2.3176,0.8258
100,v3,v7,20.0,20.0,30.0,0.6,0.1,0.6,-5.633,True,all_dynamic_snr,1.4151,0.3994
100,v3,v4,20.0,20.22,10.0,0.6,0.1011,0.2,-3.302,False,all_dynamic_snr,1.749,0.5879
100,v3,v15,20.0,130.0,10.0,0.6,0.65,0.2,-16.2313,True,all_dynamic_snr,0.6587,0.1568
100,v3,v8,20.0,140.03,0.0,0.6,0.7002,0.0,-14.3396,True,all_dynamic_snr,0.7232,0.1859
100,v3,v11,20.0,160.0,10.0,0.6,0.8,0.2,-17.6742,True,all_dynamic_snr,0.5965,0.1545
100,v4,v7,40.0,3.0,20.0,1.0,0.015,0.4,28.5491,False,all_dynamic_snr,2.9678,0.9598
100,v4,v3,40.0,20.22,10.0,1.0,0.1011,0.2,16.698,False,all_dynamic_snr,2.9526,0.9602
100,v4,v15,40.0,150.03,0.0,1.0,0.7501,0.0,5.1812,False,all_dynamic_snr,2.718,0.927
100,v4,v8,40.0,160.0,10.0,1.0,0.8,0.2,2.3258,True,all_dynamic_snr,2.4769,0.8889
100,v4,v11,40.0,180.02,20.0,1.0,0.9001,0.4,0.0977,True,all_dynamic_snr,2.2225,0.7748
101,v1,v6,40.0,10.44,10.0,1.0,0.0522,0.2,21.2923,False,all_dynamic_snr,2.9644,0.9578
101,v1,v5,40.0,30.0,0.0,1.0,0.15,0.0,16.3661,False,all_dynamic_snr,2.9518,0.9557
101,v1,v13,40.0,110.0,30.0,1.0,0.55,0.6,2.5212,True,all_dynamic_snr,2.5102,0.8734
101,v3,v7,20.0,10.0,0.0,0.6,0.05,0.0,4.0,False,all_dynamic_snr,2.6351,0.9098
101,v3,v4,20.0,10.44,20.0,0.6,0.0522,0.4,-0.1164,True,all_dynamic_snr,2.2015,0.7748
101,v3,v15,20.0,140.0,0.0,0.6,0.7,0.0,-14.338,True,all_dynamic_snr,0.7127,0.1789
101,v3,v8,20.0,140.03,30.0,0.6,0.7002,0.6,-19.1561,True,all_dynamic_snr,0.5502,0.1311
101,v3,v11,20.0,150.0,0.0,0.6,0.75,0.0,-14.8175,True,all_dynamic_snr,0.6932,0.1809
101,v4,v3,40.0,10.44,20.0,1.0,0.0522,0.4,19.8836,False,all_dynamic_snr,2.961,0.9602
101,v4,v7,40.0,20.22,20.0,1.0,0.1011,0.4,15.2892,False,all_dynamic_snr,2.9473,0.9592
101,v4,v8,40.0,150.0,10.0,1.0,0.75,0.2,2.7743,False,all_dynamic_snr,2.5352,0.8859
101,v4,v15,40.0,150.03,20.0,1.0,0.7501,0.4,1.3642,True,all_dynamic_snr,2.388,0.8457
101,v4,v11,40.0,160.03,20.0,1.0,0.8001,0.4,0.9159,True,all_dynamic_snr,2.3256,0.8143
102,v1,v6,40.0,20.22,30.0,1.0,0.1011,0.6,14.2897,False,all_dynamic_snr,2.939,0.9598
102,v1,v5,40.0,30.0,40.0,1.0,0.15,0.8,10.7743,True,all_dynamic_snr,2.9015,0.9494
102,v1,v13,40.0,140.0,30.0,1.0,0.7,0.6,0.8455,True,all_dynamic_snr,2.3365,0.8188
102,v3,v7,20.0,10.0,20.0,0.6,0.05,0.4,0.183,True,all_dynamic_snr,2.2233,0.7697
102,v3,v4,20.0,10.44,10.0,0.6,0.0522,0.2,1.2923,False,all_dynamic_snr,2.3772,0.8316
102,v3,v15,20.0,140.0,20.0,0.6,0.7,0.4,-18.155,True,all_dynamic_snr,0.5679,0.1313
102,v3,v11,20.0,150.0,0.0,0.6,0.75,0.0,-14.8175,True,all_dynamic_snr,0.6885,0.1705
102,v3,v8,20.0,170.03,20.0,0.6,0.8501,0.4,-19.5052,True,all_dynamic_snr,0.5434,0.1564
102,v4,v7,40.0,3.0,10.0,1.0,0.015,0.2,29.9578,False,all_dynamic_snr,2.9684,0.9582
102,v4,v3,40.0,10.44,10.0,1.0,0.0522,0.2,21.2923,False,all_dynamic_snr,2.9635,0.9607
102,v4,v15,40.0,130.03,10.0,1.0,0.6502,0.2,3.7668,False,all_dynamic_snr,2.6142,0.91
102,v4,v11,40.0,140.03,10.0,1.0,0.7002,0.2,3.2521,False,all_dynamic_snr,2.5668,0.9031
102,v4,v8,40.0,160.0,10.0,1.0,0.8,0.2,2.3258,True,all_dynamic_snr,2.4926,0.8701
103,v1,v6,40.0,50.09,30.0,1.0,0.2504,0.6,7.9875,False,all_dynamic_snr,2.8389,0.948
103,v1,v5,40.0,70.0,20.0,1.0,0.35,0.4,6.6615,False,all_dynamic_snr,2.7907,0.9357
103,v1,v13,40.0,170.0,0.0,1.0,0.85,0.0,4.3128,True,all_dynamic_snr,2.6588,0.9094
103,v3,v4,20.0,3.0,10.0,0.6,0.015,0.2,9.9578,False,all_dynamic_snr,2.8905,0.9563
103,v3,v7,20.0,10.0,30.0,0.6,0.05,0.6,-0.8165,True,all_dynamic_snr,2.0877,0.7346
103,v3,v15,20.0,120.0,10.0,0.6,0.6,0.2,-15.6751,True,all_dynamic_snr,0.6595,0.1527
103,v3,v11,20.0,150.0,10.0,0.6,0.75,0.2,-17.2257,True,all_dynamic_snr,0.6119,0.1297
103,v3,v8,20.0,150.03,30.0,0.6,0.7501,0.6,-19.6353,True,all_dynamic_snr,0.5479,0.1555
103,v4,v3,40.0,3.0,10.0,1.0,0.015,0.2,29.9578,False,all_dynamic_snr,2.9687,0.9582
103,v4,v7,40.0,10.44,20.0,1.0,0.0522,0.4,19.8836,False,all_dynamic_snr,2.9622,0.9572
103,v4,v15,40.0,120.04,0.0,1.0,0.6002,0.0,6.7309,False,all_dynamic_snr,2.7875,0.924
103,v4,v8,40.0,150.0,20.0,1.0,0.75,0.4,1.3656,True,all_dynamic_snr,2.3863,0.8445
103,v4,v11,40.0,150.03,20.0,1.0,0.7501,0.4,1.3642,True,all_dynamic_snr,2.3788,0.8293
104,v1,v6,40.0,80.06,0.0,1.0,0.4003,0.0,9.5457,False,all_dynamic_snr,2.8842,0.9543
104,v1,v5,40.0,90.0,30.0,1.0,0.45,0.6,3.9156,False,all_dynamic_snr,2.6344,0.9107
104,v1,v13,40.0,170.0,10.0,1.0,0.85,0.2,1.9046,True,all_dynamic_snr,2.4491,0.8477
104,v3,v4,20.0,10.44,10.0,0.6,0.0522,0.2,1.2923,False,all_dynamic_snr,2.3663,0.8381
104,v3,v7,20.0,20.0,10.0,0.6,0.1,0.2,-3.2247,False,all_dynamic_snr,1.7593,0.574
104,v3,v15,20.0,130.0,20.0,0.6,0.65,0.4,-17.6401,True,all_dynamic_snr,0.5895,0.1287
104,v3,v11,20.0,140.0,20.0,0.6,0.7,0.4,-18.155,True,all_dynamic_snr,0.6059,0.1543
104,v3,v8,20.0,180.02,30.0,0.6,0.9001,0.6,-20.9018,True,all_dynamic_snr,0.5129,0.1066
104,v4,v3,40.0,10.44,10.0,1.0,0.0522,0.2,21.2923,False,all_dynamic_snr,2.9635,0.9553
104,v4,v7,40.0,10.44,0.0,1.0,0.0522,0.0,23.7006,False,all_dynamic_snr,2.9649,0.9607
104,v4,v15,40.0,120.04,10.0,1.0,0.6002,0.2,4.3227,False,all_dynamic_snr,2.6605,0.9148
104,v4,v11,40.0,130.03,10.0,1.0,0.6502,0.2,3.7668,False,all_dynamic_snr,2.6226,0.9197
104,v4,v8,40.0,170.0,20.0,1.0,0.85,0.4,0.4958,True,all_dynamic_snr,2.2888,0.8107
105,v1,v6,40.0,80.06,20.0,1.0,0.4003,0.4,5.7287,False,all_dynamic_snr,2.7525,0.9455
105,v1,v5,40.0,120.0,0.0,1.0,0.6,0.0,6.7331,False,all_dynamic_snr,2.7904,0.9441
105,v1,v13,40.0,160.0,30.0,1.0,0.8,0.6,-0.0824,True,all_dynamic_snr,2.2237,0.7937
105,v1,v2,40.0,190.02,10.0,1.0,0.9501,0.2,1.1308,True,all_dynamic_snr,2.3571,0.8359
105,v2,v1,20.0,190.02,10.0,0.6,0.9501,0.2,-18.8692,True,all_dynamic_snr,0.5652,0.118
105,v3,v4,20.0,3.0,0.0,0.6,0.015,0.0,12.3661,False,all_dynamic_snr,2.9236,0.9582
105,v3,v7,20.0,10.0,10.0,0.6,0.05,0.2,1.5918,False,all_dynamic_snr,2.4125,0.8441
105,v3,v15,20.0,110.0,30.0,0.6,0.55,0.6,-17.4788,True,all_dynamic_snr,0.5917,0.1492
105,v3,v11,20.0,120.0,10.0,0.6,0.6,0.2,-15.6751,True,all_dynamic_snr,0.6417,0.1678
105,v3,v8,20.0,150.03,10.0,0.6,0.7501,0.2,-17.2271,True,all_dynamic_snr,0.5978,0.1633
105,v4,v3,40.0,3.0,0.0,1.0,0.015,0.0,32.3661,False,all_dynamic_snr,2.9689,0.9592
105,v4,v7,40.0,10.44,10.0,1.0,0.0522,0.2,21.2923,False,all_dynamic_snr,2.963,0.9602
105,v4,v15,40.0,110.04,30.0,1.0,0.5502,0.6,2.5187,True,all_dynamic_snr,2.5039,0.8707
105,v4,v11,40.0,120.04,10.0,1.0,0.6002,0.2,4.3227,False,all_dynamic_snr,2.6647,0.9139
105,v4,v8,40.0,150.0,10.0,1.0,0.75,0.2,2.7743,False,all_dynamic_snr,2.5301,0.8789
106,v1,v6,40.0,60.07,30.0,1.0,0.3004,0.6,6.7244,False,all_dynamic_snr,2.7983,0.9396
106,v1,v5,40.0,120.0,40.0,1.0,0.6,0.8,1.1413,True,all_dynamic_snr,2.3593,0.8232
106,v1,v13,40.0,130.0,30.0,1.0,0.65,0.6,1.3604,True,all_dynamic_snr,2.3732,0.8354
106,v1,v2,40.0,180.02,10.0,1.0,0.9001,0.2,1.5064,True,all_dynamic_snr,2.4082,0.8363
106,v2,v1,20.0,180.02,10.0,0.6,0.9001,0.2,-18.4936,True,all_dynamic_snr,0.5692,0.1338
106,v3,v4,20.0,3.0,10.0,0.6,0.015,0.2,9.9578,False,all_dynamic_snr,2.8889,0.95
106,v3,v7,20.0,20.0,10.0,0.6,0.1,0.2,-3.2247,False,all_dynamic_snr,1.7512,0.5729
106,v3,v15,20.0,80.0,10.0,0.6,0.4,0.2,-12.8577,True,all_dynamic_snr,0.7774,0.1986
106,v3,v11,20.0,110.0,10.0,0.6,0.55,0.2,-15.0705,True,all_dynamic_snr,0.6783,0.1709
106,v3,v8,20.0,140.03,30.0,0.6,0.7002,0.6,-19.1561,True,all_dynamic_snr,0.5678,0.1418
106,v4,v3,40.0,3.0,10.0,1.0,0.015,0.2,29.9578,False,all_dynamic_snr,2.969,0.9602
106,v4,v7,40.0,20.22,20.0,1.0,0.1011,0.4,15.2892,False,all_dynamic_snr,2.9464,0.9656
106,v4,v15,40.0,80.06,0.0,1.0,0.4003,0.0,9.5457,False,all_dynamic_snr,2.8787,0.9582
106,v4,v11,40.0,110.04,0.0,1.0,0.5502,0.0,7.3351,False,all_dynamic_snr,2.8191,0.952
106,v4,v8,40.0,140.0,40.0,1.0,0.7,0.8,0.0702,True,all_dynamic_snr,2.2216,0.7867
107,v1,v6,40.0,90.05,10.0,1.0,0.4502,0.2,6.32,False,all_dynamic_snr,2.7734,0.9496
107,v1,v5,40.0,160.0,10.0,1.0,0.8,0.2,2.3258,True,all_dynamic_snr,2.4868,0.8572
107,v1,v13,40.0,160.0,20.0,1.0,0.8,0.4,0.9171,True,all_dynamic_snr,2.3432,0.8332
107,v1,v2,40.0,170.03,40.0,1.0,0.8501,0.8,-1.28,True,all_dynamic_snr,2.0364,0.6863
107,v2,v1,20.0,170.03,40.0,0.6,0.8501,0.8,-21.28,True,all_dynamic_snr,0.502,0.1332
107,v3,v4,20.0,10.44,10.0,0.6,0.0522,0.2,1.2923,False,all_dynamic_snr,2.3733,0.8455
107,v3,v7,20.0,30.0,10.0,0.6,0.15,0.2,-6.0422,False,all_dynamic_snr,1.3499,0.3965
107,v3,v15,20.0,70.0,30.0,0.6,0.35,0.6,-14.338,True,all_dynamic_snr,0.7177,0.1828
107,v3,v11,20.0,100.0,10.0,0.6,0.5,0.2,-14.4082,True,all_dynamic_snr,0.7223,0.183
107,v3,v8,20.0,170.03,0.0,0.6,0.8501,0.0,-15.6883,True,all_dynamic_snr,0.6715,0.1574
107,v4,v3,40.0,10.44,10.0,1.0,0.0522,0.2,21.2923,False,all_dynamic_snr,2.9633,0.9572
107,v4,v7,40.0,40.11,0.0,1.0,0.2006,0.0,14.3476,False,all_dynamic_snr,2.9399,0.9563
107,v4,v15,40.0,80.06,20.0,1.0,0.4003,0.4,5.7287,False,all_dynamic_snr,2.7449,0.9242
107,v4,v11,40.0,110.04,0.0,1.0,0.5502,0.0,7.3351,False,all_dynamic_snr,2.8218,0.952
107,v4,v8,40.0,180.0,10.0,1.0,0.9,0.2,1.5074,True,all_dynamic_snr,2.4007,0.8338
108,v1,v6,40.0,80.06,10.0,1.0,0.4003,0.2,7.1374,False,all_dynamic_snr,2.8136,0.9451
108,v1,v13,40.0,140.0,0.0,1.0,0.7,0.0,5.662,False,all_dynamic_snr,2.7434,0.9299
108,v1,v5,40.0,150.0,40.0,1.0,0.75,0.8,-0.4092,True,all_dynamic_snr,2.1612,0.7314
108,v3,v7,20.0,20.0,0.0,0.6,0.1,0.0,-0.8165,False,all_dynamic_snr,2.1019,0.7188
108,v3,v4,20.0,20.22,30.0,0.6,0.1011,0.6,-5.7103,True,all_dynamic_snr,1.4144,0.4301
108,v3,v15,20.0,40.0,10.0,0.6,0.2,0.2,-8.0412,False,all_dynamic_snr,1.1635,0.308
108,v3,v11,20.0,90.0,30.0,0.6,0.45,0.6,-16.0844,True,all_dynamic_snr,0.658,0.1691
108,v3,v8,20.0,170.03,30.0,0.6,0.8501,0.6,-20.5047,True,all_dynamic_snr,0.524,0.1363
108,v4,v3,40.0,20.22,30.0,1.0,0.1011,0.6,14.2897,False,all_dynamic_snr,2.9368,0.9553
108,v4,v7,40.0,40.11,30.0,1.0,0.2006,0.6,9.5311,False,all_dynamic_snr,2.8776,0.9553
108,v4,v15,40.0,60.07,40.0,1.0,0.3004,0.8,5.9491,True,all_dynamic_snr,2.7585,0.9211
108,v4,v11,40.0,110.04,0.0,1.0,0.5502,0.0,7.3351,False,all_dynamic_snr,2.821,0.9416
108,v4,v8,40.0,190.0,0.0,1.0,0.95,0.0,3.5399,True,all_dynamic_snr,2.6038,0.9092
109,v1,v6,40.0,70.06,20.0,1.0,0.3503,0.4,6.6551,False,all_dynamic_snr,2.7945,0.95
109,v1,v5,40.0,110.0,20.0,1.0,0.55,0.4,3.5207,False,all_dynamic_snr,2.5909,0.9021
109,v1,v13,40.0,140.0,40.0,1.0,0.7,0.8,0.0702,True,all_dynamic_snr,2.2201,0.7738
109,v3,v7,20.0,20.0,0.0,0.6,0.1,0.0,-0.8165,False,all_dynamic_snr,2.0962,0.727
109,v3,v15,20.0,50.0,0.0,0.6,0.25,0.0,-7.1835,False,all_dynamic_snr,1.2296,0.3477
109,v3,v4,20.0,50.09,10.0,0.6,0.2504,0.2,-9.6042,False,all_dynamic_snr,1.0163,0.2553
109,v3,v11,20.0,60.0,0.0,0.6,0.3,0.0,-8.4504,True,all_dynamic_snr,1.1216,0.2912
109,v3,v8,20.0,140.03,20.0,0.6,0.7002,0.4,-18.1566,True,all_dynamic_snr,0.567,0.1305
109,v4,v3,40.0,50.09,10.0,1.0,0.2504,0.2,10.3958,False,all_dynamic_snr,2.8945,0.9588
109,v4,v7,40.0,70.06,10.0,1.0,0.3503,0.2,8.0638,False,all_dynamic_snr,2.8383,0.9445
109,v4,v15,40.0,100.04,10.0,1.0,0.5002,0.2,5.5886,False,all_dynamic_snr,2.7415,0.9402
109,v4,v11,40.0,110.04,10.0,1.0,0.5502,0.2,4.9269,False,all_dynamic_snr,2.7046,0.9258
109,v4,v8,40.0,190.0,30.0,1.0,0.95,0.6,-1.2765,True,all_dynamic_snr,2.0289,0.6977
110,v1,v6,40.0,90.05,10.0,1.0,0.4502,0.2,6.32,False,all_dynamic_snr,2.7767,0.942
110,v1,v5,40.0,130.0,20.0,1.0,0.65,0.4,2.3599,True,all_dynamic_snr,2.49,0.8793
110,v1,v13,40.0,180.0,30.0,1.0,0.9,0.6,-0.9008,True,all_dynamic_snr,2.0891,0.7436
110,v3,v7,20.0,20.0,10.0,0.6,0.1,0.2,-3.2247,False,all_dynamic_snr,1.7688,0.566
110,v3,v15,20.0,50.0,20.0,0.6,0.25,0.4,-11.0005,True,all_dynamic_snr,0.9023,0.2197
110,v3,v11,20.0,60.0,20.0,0.6,0.3,0.4,-12.2674,True,all_dynamic_snr,0.8444,0.2141
110,v3,v4,20.0,60.07,0.0,0.6,0.3004,0.0,-8.4591,True,all_dynamic_snr,1.0955,0.2928
110,v3,v8,20.0,160.03,0.0,0.6,0.8001,0.0,-15.2671,True,all_dynamic_snr,0.6661,0.1428
110,v4,v3,40.0,60.07,0.0,1.0,0.3004,0.0,11.5409,False,all_dynamic_snr,2.9148,0.9564
110,v4,v7,40.0,80.06,10.0,1.0,0.4003,0.2,7.1374,False,all_dynamic_snr,2.8122,0.9461
110,v4,v15,40.0,110.04,20.0,1.0,0.5502,0.4,3.5182,False,all_dynamic_snr,2.5953,0.8992
110,v4,v11,40.0,120.04,20.0,1.0,0.6002,0.4,2.914,False,all_dynamic_snr,2.5348,0.8795
111,v1,v6,40.0,100.04,10.0,1.0,0.5002,0.2,5.5886,False,all_dynamic_snr,2.73,0.9334
111,v1,v5,40.0,150.0,30.0,1.0,0.75,0.6,0.3661,True,all_dynamic_snr,2.2571,0.7697
111,v1,v2,40.0,180.02,20.0,1.0,0.9001,0.4,0.0977,True,all_dynamic_snr,2.211,0.7586
111,v2,v1,20.0,180.02,20.0,0.6,0.9001,0.4,-19.9023,True,all_dynamic_snr,0.551,0.1506
111,v3,v7,20.0,30.0,20.0,0.6,0.15,0.4,-7.4509,True,all_dynamic_snr,1.2215,0.3279
111,v3,v4,20.0,60.07,10.0,0.6,0.3004,0.2,-10.8673,True,all_dynamic_snr,0.907,0.2156
111,v3,v15,20.0,70.0,0.0,0.6,0.35,0.0,-9.5216,True,all_dynamic_snr,1.0199,0.2857
111,v3,v11,20.0,80.0,20.0,0.6,0.4,0.4,-14.2664,True,all_dynamic_snr,0.7242,0.1543
111,v3,v8,20.0,160.03,10.0,0.6,0.8001,0.2,-17.6754,True,all_dynamic_snr,0.5915,0.1437
111,v4,v3,40.0,60.07,10.0,1.0,0.3004,0.2,9.1327,False,all_dynamic_snr,2.8715,0.9533
111,v4,v7,40.0,90.05,30.0,1.0,0.4502,0.6,3.9118,True,all_dynamic_snr,2.6317,0.9137
111,v4,v15,40.0,130.03,10.0,1.0,0.6502,0.2,3.7668,False,all_dynamic_snr,2.6187,0.9113
111,v4,v11,40.0,140.03,30.0,1.0,0.7002,0.6,0.8439,True,all_dynamic_snr,2.3154,0.7982
112,v1,v6,40.0,90.05,10.0,1.0,0.4502,0.2,6.32,False,all_dynamic_snr,2.7745,0.9416
112,v1,v5,40.0,120.0,20.0,1.0,0.6,0.4,2.9161,False,all_dynamic_snr,2.5453,0.8865
112,v1,v13,40.0,180.0,0.0,1.0,0.9,0.0,3.9156,True,all_dynamic_snr,2.6283,0.9074
112,v3,v7,20.0,50.0,10.0,0.6,0.25,0.2,-9.5918,False,all_dynamic_snr,1.0038,0.2756
112,v3,v15,20.0,70.0,10.0,0.6,0.35,0.2,-11.9298,True,all_dynamic_snr,0.8627,0.2406
112,v3,v4,20.0,70.06,20.0,0.6,0.3503,0.4,-13.3449,True,all_dynamic_snr,0.753,0.1797
112,v3,v11,20.0,100.0,0.0,0.6,0.5,0.0,-12.0,True,all_dynamic_snr,0.8435,0.2006
112,v3,v8,20.0,170.03,30.0,0.6,0.8501,0.6,-20.5047,True,all_dynamic_snr,0.5283,0.1143
112,v4,v3,40.0,70.06,20.0,1.0,0.3503,0.4,6.6551,False,all_dynamic_snr,2.7896,0.9461
112,v4,v7,40.0,120.04,10.0,1.0,0.6002,0.2,4.3227,False,all_dynamic_snr,2.6582,0.9133
112,v4,v15,40.0,140.03,30.0,1.0,0.7002,0.6,0.8439,True,all_dynamic_snr,2.3192,0.8156
112,v4,v11,40.0,170.03,20.0,1.0,0.8501,0.4,0.4948,True,all_dynamic_snr,2.2745,0.7887
113,v1,v6,40.0,80.06,20.0,1.0,0.4003,0.4,5.7287,False,all_dynamic_snr,2.7449,0.9389
113,v1,v5,40.0,140.0,10.0,1.0,0.7,0.2,3.2537,False,all_dynamic_snr,2.5718,0.899
113,v1,v13,40.0,180.0,20.0,1.0,0.9,0.4,0.0987,True,all_dynamic_snr,2.2306,0.7707
113,v3,v4,20.0,50.09,20.0,0.6,0.2504,0.4,-11.013,True,all_dynamic_snr,0.9003,0.2412
113,v3,v7,20.0,60.0,20.0,0.6,0.3,0.4,-12.2674,True,all_dynamic_snr,0.8305,0.2
113,v3,v15,20.0,60.0,20.0,0.6,0.3,0.4,-12.2674,True,all_dynamic_snr,0.8357,0.1947
113,v3,v11,20.0,100.0,20.0,0.6,0.5,0.4,-15.817,True,all_dynamic_snr,0.658,0.159
113,v4,v3,40.0,50.09,20.0,1.0,0.2504,0.4,8.987,False,all_dynamic_snr,2.8657,0.9559
113,v4,v7,40.0,110.04,40.0,1.0,0.5502,0.8,1.7434,True,all_dynamic_snr,2.4246,0.8451
113,v4,v15,40.0,110.04,40.0,1.0,0.5502,0.8,1.7434,True,all_dynamic_snr,2.4189,0.8375
113,v4,v11,40.0,150.03,40.0,1.0,0.7501,0.8,-0.4106,True,all_dynamic_snr,2.158,0.7264
114,v1,v6,40.0,100.04,20.0,1.0,0.5002,0.4,4.1799,False,all_dynamic_snr,2.6562,0.9217
114,v1,v5,40.0,130.0,20.0,1.0,0.65,0.4,2.3599,True,all_dynamic_snr,2.4892,0.8766
114,v1,v13,40.0,200.0,30.0,1.0,1.0,0.6,-1.633,True,all_dynamic_snr,1.981,0.6727
114,v3,v4,20.0,30.15,30.0,0.6,0.1507,0.6,-8.485,True,all_dynamic_snr,1.1273,0.2879
114,v3,v7,20.0,40.0,40.0,0.6,0.2,0.8,-11.2247,True,all_dynamic_snr,0.893,0.2332
114,v3,v15,20.0,40.0,0.0,0.6,0.2,0.0,-5.633,False,all_dynamic_snr,1.4325,0.4168
114,v3,v11,20.0,80.0,40.0,0.6,0.4,0.8,-16.0412,True,all_dynamic_snr,0.6558,0.1428
114,v3,v8,20.0,180.02,20.0,0.6,0.9001,0.4,-19.9023,True,all_dynamic_snr,0.5286,0.1365
114,v4,v3,40.0,30.15,30.0,1.0,0.1507,0.6,11.515,False,all_dynamic_snr,2.9112,0.9471
114,v4,v7,40.0,70.06,10.0,1.0,0.3503,0.2,8.0638,False,all_dynamic_snr,2.8402,0.9549
114,v4,v15,40.0,70.06,30.0,1.0,0.3503,0.6,5.6556,False,all_dynamic_snr,2.7458,0.9354
114,v4,v11,40.0,110.04,10.0,1.0,0.5502,0.2,4.9269,False,all_dynamic_snr,2.6981,0.9303
115,v1,v6,40.0,80.06,30.0,1.0,0.4003,0.6,4.7292,False,all_dynamic_snr,2.6876,0.9305
115,v1,v5,40.0,110.0,0.0,1.0,0.55,0.0,7.3377,False,all_dynamic_snr,2.8182,0.9494
115,v1,v13,40.0,170.0,20.0,1.0,0.85,0.4,0.4958,True,all_dynamic_snr,2.2685,0.7918
115,v3,v7,20.0,0.0,10.0,0.6,0.0,0.2,33.5918,False,all_dynamic_snr,2.968,0.9592
115,v3,v11,20.0,40.0,20.0,0.6,0.2,0.4,-9.4499,True,all_dynamic_snr,1.0159,0.2656
115,v3,v15,20.0,40.0,10.0,0.6,0.2,0.2,-8.0412,False,all_dynamic_snr,1.1477,0.3037
115,v3,v4,20.0,60.07,30.0,0.6,0.3004,0.6,-13.2756,True,all_dynamic_snr,0.7633,0.1902
115,v3,v8,20.0,160.03,30.0,0.6,0.8001,0.6,-20.0836,True,all_dynamic_snr,0.5308,0.123
115,v4,v3,40.0,60.07,30.0,1.0,0.3004,0.6,6.7244,False,all_dynamic_snr,2.7961,0.9387
115,v4,v7,40.0,60.07,20.0,1.0,0.3004,0.4,7.7239,False,all_dynamic_snr,2.8352,0.9436
115,v4,v11,40.0,100.04,10.0,1.0,0.5002,0.2,5.5886,False,all_dynamic_snr,2.7352,0.95
115,v4,v15,40.0,100.04,20.0,1.0,0.5002,0.4,4.1799,False,all_dynamic_snr,2.6486,0.9156
116,v1,v5,40.0,110.0,0.0,1.0,0.55,0.0,7.3377,False,all_dynamic_snr,2.8194,0.9461
116,v1,v6,40.0,110.04,20.0,1.0,0.5502,0.4,3.5182,False,all_dynamic_snr,2.6003,0.9074
116,v1,v13,40.0,190.0,0.0,1.0,0.95,0.0,3.5399,True,all_dynamic_snr,2.5918,0.9025
116,v3,v7,20.0,10.0,30.0,0.6,0.05,0.6,-0.8165,True,all_dynamic_snr,2.0894,0.7246
116,v3,v11,20.0,20.0,40.0,0.6,0.1,0.8,-6.4082,True,all_dynamic_snr,1.3484,0.4045
116,v3,v15,20.0,30.0,40.0,0.6,0.15,0.8,-9.2257,True,all_dynamic_snr,1.0556,0.2643
116,v3,v4,20.0,90.05,20.0,0.6,0.4502,0.4,-15.0887,True,all_dynamic_snr,0.6761,0.1596
116,v3,v8,20.0,130.03,40.0,0.6,0.6502,0.8,-19.4167,True,all_dynamic_snr,0.5422,0.1354
116,v4,v7,40.0,80.06,10.0,1.0,0.4003,0.2,7.1374,False,all_dynamic_snr,2.8101,0.9451
116,v4,v3,40.0,90.05,20.0,1.0,0.4502,0.4,4.9113,False,all_dynamic_snr,2.7014,0.9174
116,v4,v11,40.0,110.04,20.0,1.0,0.5502,0.4,3.5182,False,all_dynamic_snr,2.6076,0.8996
116,v4,v15,40.0,120.04,20.0,1.0,0.6002,0.4,2.914,False,all_dynamic_snr,2.5395,0.8973
117,v1,v5,40.0,110.0,30.0,1.0,0.55,0.6,2.5212,True,all_dynamic_snr,2.5078,0.8813
117,v1,v6,40.0,130.03,40.0,1.0,0.6502,0.8,0.5833,True,all_dynamic_snr,2.294,0.8063
117,v1,v13,40.0,190.0,10.0,1.0,0.95,0.2,1.1317,True,all_dynamic_snr,2.3535,0.8217
117,v3,v15,20.0,10.0,0.0,0.6,0.05,0.0,4.0,False,all_dynamic_snr,2.6324,0.9133
117,v3,v11,20.0,20.0,0.0,0.6,0.1,0.0,-0.8165,False,all_dynamic_snr,2.0822,0.6814
117,v3,v7,20.0,40.0,10.0,0.6,0.2,0.2,-8.0412,False,all_dynamic_snr,1.1873,0.3098
117,v3,v8,20.0,90.05,30.0,0.6,0.4502,0.6,-16.0882,True,all_dynamic_snr,0.6421,0.1559
117,v3,v4,20.0,110.04,20.0,0.6,0.5502,0.4,-16.4818,True,all_dynamic_snr,0.6201,0.1527
117,v4,v7,40.0,70.06,30.0,1.0,0.3503,0.6,5.6556,False,all_dynamic_snr,2.7443,0.9355
117,v4,v11,40.0,90.05,20.0,1.0,0.4502,0.4,4.9113,False,all_dynamic_snr,2.6904,0.9178
117,v4,v15,40.0,100.04,20.0,1.0,0.5002,0.4,4.1799,False,all_dynamic_snr,2.6545,0.9236
117,v4,v3,40.0,110.04,20.0,1.0,0.5502,0.4,3.5182,False,all_dynamic_snr,2.5989,0.9016
117,v4,v8,40.0,200.0,10.0,1.0,1.0,0.2,0.7753,True,all_dynamic_snr,2.2966,0.8059
118,v1,v5,40.0,140.0,40.0,1.0,0.7,0.8,0.0702,True,all_dynamic_snr,2.2084,0.7754
118,v1,v6,40.0,170.03,20.0,1.0,0.8501,0.4,0.4948,True,all_dynamic_snr,2.2724,0.8072
118,v1,v13,40.0,200.0,40.0,1.0,1.0,0.8,-2.4082,True,all_dynamic_snr,1.8558,0.6246
118,v3,v15,20.0,10.0,0.0,0.6,0.05,0.0,4.0,False,all_dynamic_snr,2.6395,0.9057
118,v3,v11,20.0,20.0,30.0,0.6,0.1,0.6,-5.633,True,all_dynamic_snr,1.4406,0.426
118,v3,v7,20.0,50.0,10.0,0.6,0.25,0.2,-9.5918,False,all_dynamic_snr,1.0162,0.2617
118,v3,v4,20.0,90.05,30.0,0.6,0.4502,0.6,-16.0882,True,all_dynamic_snr,0.6455,0.1631
118,v3,v8,20.0,120.04,0.0,0.6,0.6002,0.0,-13.2691,True,all_dynamic_snr,0.7722,0.1994
118,v4,v7,40.0,40.11,20.0,1.0,0.2006,0.4,10.5306,False,all_dynamic_snr,2.8949,0.9533
118,v4,v11,40.0,70.06,0.0,1.0,0.3503,0.0,10.4721,False,all_dynamic_snr,2.9024,0.9598
118,v4,v15,40.0,80.06,30.0,1.0,0.4003,0.6,4.7292,False,all_dynamic_snr,2.6905,0.9166
118,v4,v3,40.0,90.05,30.0,1.0,0.4502,0.6,3.9118,True,all_dynamic_snr,2.6345,0.9033
119,v1,v5,40.0,100.0,0.0,1.0,0.5,0.0,8.0,False,all_dynamic_snr,2.84,0.9432
119,v1,v6,40.0,150.03,10.0,1.0,0.7501,0.2,2.7729,False,all_dynamic_snr,2.5319,0.8701
119,v1,v13,40.0,160.0,30.0,1.0,0.8,0.6,-0.0824,True,all_dynamic_snr,2.1959,0.7619
119,v3,v11,20.0,10.0,10.0,0.6,0.05,0.2,1.5918,False,all_dynamic_snr,2.4022,0.8328
119,v3,v15,20.0,10.0,20.0,0.6,0.05,0.4,0.183,True,all_dynamic_snr,2.2403,0.7686
119,v3,v7,20.0,40.0,20.0,0.6,0.2,0.4,-9.4499,True,all_dynamic_snr,1.0153,0.2629
119,v3,v4,20.0,60.07,20.0,0.6,0.3004,0.4,-12.2761,True,all_dynamic_snr,0.8227,0.2014
119,v3,v8,20.0,120.04,30.0,0.6,0.6002,0.6,-18.0856,True,all_dynamic_snr,0.5758,0.1389
119,v4,v7,40.0,20.22,0.0,1.0,0.1011,0.0,19.1062,False,all_dynamic_snr,2.958,0.9598
119,v4,v15,40.0,50.09,0.0,1.0,0.2504,0.0,12.804,False,all_dynamic_snr,2.9288,0.9582
119,v4,v3,40.0,60.07,20.0,1.0,0.3004,0.4,7.7239,False,all_dynamic_snr,2.8298,0.9461
119,v4,v11,40.0,70.06,10.0,1.0,0.3503,0.2,8.0638,False,all_dynamic_snr,2.8446,0.949
119,v4,v8,40.0,180.0,10.0,1.0,0.9,0.2,1.5074,True,all_dynamic_snr,2.392,0.8285
120,v1,v5,40.0,100.0,0.0,1.0,0.5,0.0,8.0,False,all_dynamic_snr,2.8384,0.9527
120,v1,v13,40.0,130.0,20.0,1.0,0.65,0.4,2.3599,True,all_dynamic_snr,2.5067,0.874
120,v1,v6,40.0,140.03,20.0,1.0,0.7002,0.4,1.8434,True,all_dynamic_snr,2.4285,0.8484
120,v3,v15,20.0,10.0,20.0,0.6,0.05,0.4,0.183,True,all_dynamic_snr,2.2431,0.7857
120,v3,v7,20.0,20.0,0.0,0.6,0.1,0.0,-0.8165,False,all_dynamic_snr,2.1014,0.7273
120,v3,v11,20.0,20.0,10.0,0.6,0.1,0.2,-3.2247,False,all_dynamic_snr,1.7369,0.55
120,v3,v4,20.0,40.11,20.0,0.6,0.2006,0.4,-9.4694,True,all_dynamic_snr,1.0141,0.2777
120,v3,v8,20.0,150.03,10.0,0.6,0.7501,0.2,-17.2271,True,all_dynamic_snr,0.6005,0.15
120,v4,v7,40.0,20.22,20.0,1.0,0.1011,0.4,15.2892,False,all_dynamic_snr,2.9463,0.9533
120,v4,v3,40.0,40.11,20.0,1.0,0.2006,0.4,10.5306,False,all_dynamic_snr,2.9014,0.9514
120,v4,v15,40.0,50.09,40.0,1.0,0.2504,0.8,7.2122,True,all_dynamic_snr,2.8101,0.9465
120,v4,v11,40.0,60.07,10.0,1.0,0.3004,0.2,9.1327,False,all_dynamic_snr,2.8689,0.9572
120,v4,v8,40.0,190.0,30.0,1.0,0.95,0.6,-1.2765,True,all_dynamic_snr,2.0274,0.6834
121,v1,v5,40.0,100.0,0.0,1.0,0.5,0.0,8.0,False,all_dynamic_snr,2.8404,0.9455
121,v1,v13,40.0,110.0,0.0,1.0,0.55,0.0,7.3377,False,all_dynamic_snr,2.815,0.9416
121,v1,v6,40.0,160.03,0.0,1.0,0.8001,0.0,4.7329,True,all_dynamic_snr,2.68,0.9209
121,v3,v15,20.0,10.0,40.0,0.6,0.05,0.8,-1.5918,True,all_dynamic_snr,1.9825,0.6898
121,v3,v7,20.0,20.0,0.0,0.6,0.1,0.0,-0.8165,False,all_dynamic_snr,2.0919,0.7221
121,v3,v4,20.0,20.22,40.0,0.6,0.1011,0.8,-6.4855,True,all_dynamic_snr,1.3236,0.374
121,v3,v11,20.0,30.0,30.0,0.6,0.15,0.6,-8.4504,True,all_dynamic_snr,1.1287,0.2701
121,v3,v8,20.0,140.03,0.0,0.6,0.7002,0.0,-14.3396,True,all_dynamic_snr,0.7224,0.1799
121,v4,v7,40.0,3.0,40.0,1.0,0.015,0.8,26.7743,True,all_dynamic_snr,2.9665,0.9572
121,v4,v15,40.0,10.44,0.0,1.0,0.0522,0.0,23.7006,False,all_dynamic_snr,2.9662,0.9572
121,v4,v3,40.0,20.22,40.0,1.0,0.1011,0.8,13.5145,True,all_dynamic_snr,2.9349,0.9553
121,v4,v11,40.0,50.09,10.0,1.0,0.2504,0.2,10.3958,False,all_dynamic_snr,2.895,0.949
121,v4,v8,40.0,160.0,40.0,1.0,0.8,0.8,-0.8577,True,all_dynamic_snr,2.0739,0.7281
122,v1,v5,40.0,100.0,20.0,1.0,0.5,0.4,4.183,False,all_dynamic_snr,2.6527,0.926
122,v1,v13,40.0,110.0,20.0,1.0,0.55,0.4,3.5207,False,all_dynamic_snr,2.5951,0.9135
122,v1,v6,40.0,160.03,20.0,1.0,0.8001,0.4,0.9159,True,all_dynamic_snr,2.3216,0.8146
122,v3,v11,20.0,0.0,10.0,0.6,0.0,0.2,33.5918,False,all_dynamic_snr,2.9685,0.9572
122,v3,v7,20.0,20.0,10.0,0.6,0.1,0.2,-3.2247,False,all_dynamic_snr,1.7527,0.568
122,v3,v15,20.0,50.0,10.0,0.6,0.25,0.2,-9.5918,False,all_dynamic_snr,1.0085,0.2527
122,v3,v4,20.0,60.07,20.0,0.6,0.3004,0.4,-12.2761,True,all_dynamic_snr,0.8138,0.1824
122,v3,v8,20.0,140.03,20.0,0.6,0.7002,0.4,-18.1566,True,all_dynamic_snr,0.5941,0.1592
122,v4,v15,40.0,10.44,30.0,1.0,0.0522,0.6,18.8841,False,all_dynamic_snr,2.9611,0.9588
122,v4,v7,40.0,40.11,10.0,1.0,0.2006,0.2,11.9393,False,all_dynamic_snr,2.92,0.9572
122,v4,v3,40.0,60.07,20.0,1.0,0.3004,0.4,7.7239,False,all_dynamic_snr,2.8344,0.9461
122,v4,v11,40.0,60.07,30.0,1.0,0.3004,0.6,6.7244,False,all_dynamic_snr,2.7956,0.9465
122,v4,v8,40.0,200.0,40.0,1.0,1.0,0.8,-2.4082,True,all_dynamic_snr,1.8592,0.6139
123,v1,v5,40.0,120.0,20.0,1.0,0.6,0.4,2.9161,False,all_dynamic_snr,2.5349,0.8918
123,v1,v13,40.0,130.0,20.0,1.0,0.65,0.4,2.3599,True,all_dynamic_snr,2.4904,0.8598
123,v1,v6,40.0,140.03,10.0,1.0,0.7002,0.2,3.2521,False,all_dynamic_snr,2.5708,0.885
123,v3,v7,20.0,10.0,40.0,0.6,0.05,0.8,-1.5918,True,all_dynamic_snr,1.9885,0.6807
123,v3,v11,20.0,10.0,40.0,0.6,0.05,0.8,-1.5918,True,all_dynamic_snr,1.9928,0.6822
123,v3,v4,20.0,40.11,20.0,0.6,0.2006,0.4,-9.4694,True,all_dynamic_snr,1.015,0.2496
123,v3,v15,20.0,60.0,0.0,0.6,0.3,0.0,-8.4504,True,all_dynamic_snr,1.1035,0.2922
123,v3,v8,20.0,120.04,40.0,0.6,0.6002,0.8,-18.8608,True,all_dynamic_snr,0.5461,0.1223
123,v4,v15,40.0,20.22,20.0,1.0,0.1011,0.4,15.2892,False,all_dynamic_snr,2.9462,0.9617
123,v4,v7,40.0,30.15,20.0,1.0,0.1507,0.4,12.5145,False,all_dynamic_snr,2.9247,0.9633
123,v4,v11,40.0,30.15,20.0,1.0,0.1507,0.4,12.5145,False,all_dynamic_snr,2.9235,0.952
123,v4,v3,40.0,40.11,20.0,1.0,0.2006,0.4,10.5306,False,all_dynamic_snr,2.8973,0.9582
123,v4,v8,40.0,160.0,20.0,1.0,0.8,0.4,0.9171,True,all_dynamic_snr,2.3195,0.8102
124,v1,v5,40.0,140.0,10.0,1.0,0.7,0.2,3.2537,False,all_dynamic_snr,2.5725,0.9041
124,v1,v13,40.0,150.0,30.0,1.0,0.75,0.6,0.3661,True,all_dynamic_snr,2.2639,0.7754
124,v1,v6,40.0,150.03,10.0,1.0,0.7501,0.2,2.7729,False,all_dynamic_snr,2.5393,0.8813
124,v3,v7,20.0,50.0,20.0,0.6,0.25,0.4,-11.0005,True,all_dynamic_snr,0.9107,0.2385
124,v3,v11,20.0,50.0,0.0,0.6,0.25,0.0,-7.1835,False,all_dynamic_snr,1.2563,0.3445
124,v3,v15,20.0,60.0,10.0,0.6,0.3,0.2,-10.8587,True,all_dynamic_snr,0.9109,0.2352
124,v3,v4,20.0,60.07,20.0,0.6,0.3004,0.4,-12.2761,True,all_dynamic_snr,0.8239,0.1775
124,v3,v8,20.0,80.06,10.0,0.6,0.4003,0.2,-12.8626,True,all_dynamic_snr,0.7961,0.1898
124,v4,v15,40.0,3.0,30.0,1.0,0.015,0.6,27.5496,False,all_dynamic_snr,2.9667,0.9592
124,v4,v7,40.0,10.44,0.0,1.0,0.0522,0.0,23.7006,False,all_dynamic_snr,2.9666,0.9592
124,v4,v11,40.0,10.44,20.0,1.0,0.0522,0.4,19.8836,False,all_dynamic_snr,2.9614,0.9533
124,v4,v3,40.0,60.07,20.0,1.0,0.3004,0.4,7.7239,False,all_dynamic_snr,2.828,0.9504
124,v4,v8,40.0,140.0,10.0,1.0,0.7,0.2,3.2537,False,all_dynamic_snr,2.5763,0.8924
125,v1,v13,40.0,120.0,10.0,1.0,0.6,0.2,4.3249,False,all_dynamic_snr,2.6629,0.9178
125,v1,v5,40.0,130.0,0.0,1.0,0.65,0.0,6.1769,False,all_dynamic_snr,2.7669,0.9328
125,v1,v6,40.0,140.03,0.0,1.0,0.7002,0.0,5.6604,False,all_dynamic_snr,2.745,0.9432
125,v3,v11,20.0,50.0,10.0,0.6,0.25,0.2,-9.5918,False,all_dynamic_snr,1.0152,0.2635
125,v3,v15,20.0,50.0,10.0,0.6,0.25,0.2,-9.5918,False,all_dynamic_snr,1.011,0.2674
125,v3,v7,20.0,70.0,10.0,0.6,0.35,0.2,-11.9298,True,all_dynamic_snr,0.8274,0.1908
125,v3,v8,20.0,70.06,30.0,0.6,0.3503,0.6,-14.3444,True,all_dynamic_snr,0.7245,0.199
125,v3,v4,20.0,80.06,20.0,0.6,0.4003,0.4,-14.2713,True,all_dynamic_snr,0.7024,0.1543
125,v4,v7,40.0,10.44,10.0,1.0,0.0522,0.2,21.2923,False,all_dynamic_snr,2.9644,0.9592
125,v4,v11,40.0,30.15,10.0,1.0,0.1507,0.2,13.9232,False,all_dynamic_snr,2.9378,0.9617
125,v4,v15,40.0,30.15,30.0,1.0,0.1507,0.6,11.515,False,all_dynamic_snr,2.9127,0.9529
125,v4,v3,40.0,80.06,20.0,1.0,0.4003,0.4,5.7287,False,all_dynamic_snr,2.7547,0.9391
125,v4,v8,40.0,150.0,10.0,1.0,0.75,0.2,2.7743,False,all_dynamic_snr,2.5316,0.8904
126,v1,v5,40.0,130.0,20.0,1.0,0.65,0.4,2.3599,True,all_dynamic_snr,2.4959,0.8717
126,v1,v13,40.0,130.0,0.0,1.0,0.65,0.0,6.1769,False,all_dynamic_snr,2.771,0.9373
126,v1,v6,40.0,140.03,10.0,1.0,0.7002,0.2,3.2521,False,all_dynamic_snr,2.5746,0.877
126,v3,v15,20.0,40.0,20.0,0.6,0.2,0.4,-9.4499,True,all_dynamic_snr,1.0261,0.2752
126,v3,v8,20.0,40.11,10.0,0.6,0.2006,0.2,-8.0607,False,all_dynamic_snr,1.1571,0.2945
126,v3,v11,20.0,60.0,10.0,0.6,0.3,0.2,-10.8587,True,all_dynamic_snr,0.9243,0.2363
126,v3,v7,20.0,80.0,10.0,0.6,0.4,0.2,-12.8577,True,all_dynamic_snr,0.7851,0.19
126,v3,v4,20.0,100.04,0.0,0.6,0.5002,0.0,-12.0031,True,all_dynamic_snr,0.8467,0.1857
126,v4,v7,40.0,20.22,10.0,1.0,0.1011,0.2,16.698,False,all_dynamic_snr,2.9502,0.9568
126,v4,v11,40.0,40.11,10.0,1.0,0.2006,0.2,11.9393,False,all_dynamic_snr,2.9189,0.9578
126,v4,v15,40.0,60.07,20.0,1.0,0.3004,0.4,7.7239,False,all_dynamic_snr,2.8298,0.951
126,v4,v3,40.0,100.04,0.0,1.0,0.5002,0.0,7.9969,False,all_dynamic_snr,2.8419,0.9523
126,v4,v8,40.0,140.0,10.0,1.0,0.7,0.2,3.2537,False,all_dynamic_snr,2.5789,0.8951
127,v1,v5,40.0,110.0,20.0,1.0,0.55,0.4,3.5207,False,all_dynamic_snr,2.6046,0.901
127,v1,v13,40.0,130.0,40.0,1.0,0.65,0.8,0.5851,True,all_dynamic_snr,2.2889,0.807
127,v1,v6,40.0,150.03,0.0,1.0,0.7501,0.0,5.1812,False,all_dynamic_snr,2.7152,0.9172
127,v3,v8,20.0,50.09,30.0,0.6,0.2504,0.6,-12.0125,True,all_dynamic_snr,0.8512,0.2088
127,v3,v15,20.0,60.0,20.0,0.6,0.3,0.4,-12.2674,True,all_dynamic_snr,0.8228,0.2064
127,v3,v7,20.0,70.0,10.0,0.6,0.35,0.2,-11.9298,True,all_dynamic_snr,0.8481,0.1875
127,v3,v11,20.0,70.0,10.0,0.6,0.35,0.2,-11.9298,True,all_dynamic_snr,0.8581,0.2393
127,v3,v4,20.0,100.04,10.0,0.6,0.5002,0.2,-14.4114,True,all_dynamic_snr,0.6962,0.175
127,v4,v7,40.0,30.15,0.0,1.0,0.1507,0.0,16.3315,False,all_dynamic_snr,2.9508,0.9592
127,v4,v11,40.0,30.15,0.0,1.0,0.1507,0.0,16.3315,False,all_dynamic_snr,2.9483,0.9572
127,v4,v15,40.0,40.11,30.0,1.0,0.2006,0.6,9.5311,False,all_dynamic_snr,2.8807,0.9533
127,v4,v3,40.0,100.04,10.0,1.0,0.5002,0.2,5.5886,False,all_dynamic_snr,2.7443,0.9182
127,v4,v8,40.0,150.0,40.0,1.0,0.75,0.8,-0.4092,True,all_dynamic_snr,2.1584,0.7707
128,v1,v5,40.0,90.0,30.0,1.0,0.45,0.6,3.9156,False,all_dynamic_snr,2.636,0.9076
128,v1,v13,40.0,90.0,30.0,1.0,0.45,0.6,3.9156,False,all_dynamic_snr,2.6226,0.916
128,v1,v6,40.0,150.03,20.0,1.0,0.7501,0.4,1.3642,True,all_dynamic_snr,2.3843,0.8453
128,v3,v15,20.0,40.0,10.0,0.6,0.2,0.2,-8.0412,False,all_dynamic_snr,1.1467,0.3016
128,v3,v7,20.0,80.0,30.0,0.6,0.4,0.6,-15.2659,True,all_dynamic_snr,0.6949,0.1689
128,v3,v11,20.0,80.0,0.0,0.6,0.4,0.0,-10.4494,True,all_dynamic_snr,0.9485,0.2313
128,v3,v8,20.0,80.06,0.0,0.6,0.4003,0.0,-10.4543,True,all_dynamic_snr,0.9215,0.2271
128,v3,v4,20.0,110.04,30.0,0.6,0.5502,0.6,-17.4813,True,all_dynamic_snr,0.5883,0.1375
128,v4,v7,40.0,30.15,0.0,1.0,0.1507,0.0,16.3315,False,all_dynamic_snr,2.9513,0.9543
128,v4,v11,40.0,30.15,30.0,1.0,0.1507,0.6,11.515,False,all_dynamic_snr,2.9142,0.9559
128,v4,v15,40.0,70.06,40.0,1.0,0.3503,0.8,4.8803,True,all_dynamic_snr,2.6961,0.9172
128,v4,v3,40.0,110.04,30.0,1.0,0.5502,0.6,2.5187,True,all_dynamic_snr,2.5047,0.875
128,v4,v8,40.0,190.0,30.0,1.0,0.95,0.6,-1.2765,True,all_dynamic_snr,2.0399,0.6791
129,v1,v5,40.0,60.0,0.0,1.0,0.3,0.0,11.5496,False,all_dynamic_snr,2.9136,0.9602
129,v1,v13,40.0,60.0,0.0,1.0,0.3,0.0,11.5496,False,all_dynamic_snr,2.9147,0.9539
129,v1,v6,40.0,130.03,30.0,1.0,0.6502,0.6,1.3586,True,all_dynamic_snr,2.3862,0.8422
129,v3,v7,20.0,50.0,20.0,0.6,0.25,0.4,-11.0005,True,all_dynamic_snr,0.8955,0.2111
129,v3,v15,20.0,50.0,10.0,0.6,0.25,0.2,-9.5918,False,all_dynamic_snr,1.0488,0.2727
129,v3,v11,20.0,80.0,40.0,0.6,0.4,0.8,-16.0412,True,all_dynamic_snr,0.6528,0.1463
129,v3,v4,20.0,80.06,40.0,0.6,0.4003,0.8,-16.0461,True,all_dynamic_snr,0.6471,0.1494
129,v3,v8,20.0,80.06,40.0,0.6,0.4003,0.8,-16.0461,True,all_dynamic_snr,0.6412,0.1494
129,v4,v11,40.0,3.0,0.0,1.0,0.015,0.0,32.3661,False,all_dynamic_snr,2.968,0.9592
129,v4,v7,40.0,30.15,20.0,1.0,0.1507,0.4,12.5145,False,all_dynamic_snr,2.9214,0.9553
129,v4,v15,40.0,30.15,30.0,1.0,0.1507,0.6,11.515,False,all_dynamic_snr,2.9124,0.9543
129,v4,v3,40.0,80.06,40.0,1.0,0.4003,0.8,3.9539,True,all_dynamic_snr,2.6338,0.9189
129,v4,v8,40.0,160.0,0.0,1.0,0.8,0.0,4.7341,True,all_dynamic_snr,2.6908,0.9318
130,v1,v5,40.0,60.0,10.0,1.0,0.3,0.2,9.1413,False,all_dynamic_snr,2.8696,0.9523
130,v1,v13,40.0,60.0,20.0,1.0,0.3,0.4,7.7326,False,all_dynamic_snr,2.8338,0.949
130,v1,v6,40.0,100.04,20.0,1.0,0.5002,0.4,4.1799,False,all_dynamic_snr,2.6506,0.9158
130,v3,v7,20.0,30.0,10.0,0.6,0.15,0.2,-6.0422,False,all_dynamic_snr,1.3771,0.3807
130,v3,v11,20.0,40.0,0.0,0.6,0.2,0.0,-5.633,False,all_dynamic_snr,1.4373,0.4492
130,v3,v15,20.0,40.0,30.0,0.6,0.2,0.6,-10.4494,True,all_dynamic_snr,0.9353,0.2527
130,v3,v4,20.0,40.11,30.0,0.6,0.2006,0.6,-10.4689,True,all_dynamic_snr,0.9522,0.2268
130,v3,v8,20.0,120.04,30.0,0.6,0.6002,0.6,-18.0856,True,all_dynamic_snr,0.5809,0.1164
130,v4,v11,40.0,3.0,30.0,1.0,0.015,0.6,27.5496,False,all_dynamic_snr,2.9677,0.9602
130,v4,v15,40.0,3.0,0.0,1.0,0.015,0.0,32.3661,False,all_dynamic_snr,2.9686,0.9592
130,v4,v7,40.0,10.44,20.0,1.0,0.0522,0.4,19.8836,False,all_dynamic_snr,2.9608,0.9588
130,v4,v3,40.0,40.11,30.0,1.0,0.2006,0.6,9.5311,False,all_dynamic_snr,2.8813,0.9563
130,v4,v8,40.0,160.0,0.0,1.0,0.8,0.0,4.7341,True,all_dynamic_snr,2.6845,0.9191
131,v1,v5,40.0,50.0,10.0,1.0,0.25,0.2,10.4082,False,all_dynamic_snr,2.8965,0.9578
131,v1,v13,40.0,80.0,0.0,1.0,0.4,0.0,9.5506,False,all_dynamic_snr,2.8811,0.9504
131,v1,v6,40.0,120.04,20.0,1.0,0.6002,0.4,2.914,False,all_dynamic_snr,2.5416,0.8994
131,v3,v15,20.0,10.0,0.0,0.6,0.05,0.0,4.0,False,all_dynamic_snr,2.6349,0.9045
131,v3,v4,20.0,10.44,0.0,0.6,0.0522,0.0,3.7006,False,all_dynamic_snr,2.6126,0.9053
131,v3,v7,20.0,20.0,0.0,0.6,0.1,0.0,-0.8165,False,all_dynamic_snr,2.1017,0.7283
131,v3,v11,20.0,40.0,10.0,0.6,0.2,0.2,-8.0412,False,all_dynamic_snr,1.135,0.3119
131,v3,v8,20.0,150.03,10.0,0.6,0.7501,0.2,-17.2271,True,all_dynamic_snr,0.6147,0.1668
131,v4,v15,40.0,3.0,0.0,1.0,0.015,0.0,32.3661,False,all_dynamic_snr,2.9682,0.9582
131,v4,v3,40.0,10.44,0.0,1.0,0.0522,0.0,23.7006,False,all_dynamic_snr,2.9665,0.9553
131,v4,v7,40.0,10.44,0.0,1.0,0.0522,0.0,23.7006,False,all_dynamic_snr,2.9658,0.9572
131,v4,v11,40.0,30.15,10.0,1.0,0.1507,0.2,13.9232,False,all_dynamic_snr,2.9353,0.9602
131,v4,v8,40.0,160.0,10.0,1.0,0.8,0.2,2.3258,True,all_dynamic_snr,2.4872,0.867
132,v1,v5,40.0,60.0,30.0,1.0,0.3,0.6,6.7331,False,all_dynamic_snr,2.7962,0.948
132,v1,v13,40.0,80.0,10.0,1.0,0.4,0.2,7.1423,False,all_dynamic_snr,2.8106,0.949
132,v1,v6,40.0,140.03,0.0,1.0,0.7002,0.0,5.6604,False,all_dynamic_snr,2.7417,0.9316
132,v3,v15,20.0,10.0,10.0,0.6,0.05,0.2,1.5918,False,all_dynamic_snr,2.4173,0.8404
132,v3,v4,20.0,10.44,10.0,0.6,0.0522,0.2,1.2923,False,all_dynamic_snr,2.3713,0.8344
132,v3,v7,20.0,20.0,30.0,0.6,0.1,0.6,-5.633,True,all_dynamic_snr,1.4238,0.4029
132,v3,v11,20.0,30.0,0.0,0.6,0.15,0.0,-3.6339,False,all_dynamic_snr,1.6561,0.5455
132,v3,v8,20.0,140.03,10.0,0.6,0.7002,0.2,-16.7479,True,all_dynamic_snr,0.6063,0.1533
132,v4,v15,40.0,3.0,0.0,1.0,0.015,0.0,32.3661,False,all_dynamic_snr,2.9691,0.9592
132,v4,v3,40.0,10.44,10.0,1.0,0.0522,0.2,21.2923,False,all_dynamic_snr,2.9627,0.9592
132,v4,v7,40.0,10.44,20.0,1.0,0.0522,0.4,19.8836,False,all_dynamic_snr,2.9609,0.9592
132,v4,v11,40.0,20.22,10.0,1.0,0.1011,0.2,16.698,False,all_dynamic_snr,2.9514,0.9518
132,v4,v8,40.0,150.0,0.0,1.0,0.75,0.0,5.1825,False,all_dynamic_snr,2.7266,0.9334
133,v1,v13,40.0,70.0,20.0,1.0,0.35,0.4,6.6615,False,all_dynamic_snr,2.7959,0.9455
133,v1,v5,40.0,90.0,0.0,1.0,0.45,0.0,8.7321,False,all_dynamic_snr,2.8643,0.9449
133,v1,v6,40.0,140.03,20.0,1.0,0.7002,0.4,1.8434,True,all_dynamic_snr,2.4292,0.8545
133,v3,v15,20.0,20.0,20.0,0.6,0.1,0.4,-4.6334,True,all_dynamic_snr,1.5502,0.4934
133,v3,v4,20.0,20.22,30.0,0.6,0.1011,0.6,-5.7103,True,all_dynamic_snr,1.4129,0.4189
133,v3,v11,20.0,30.0,30.0,0.6,0.15,0.6,-8.4504,True,all_dynamic_snr,1.1251,0.299
133,v3,v7,20.0,50.0,10.0,0.6,0.25,0.2,-9.5918,False,all_dynamic_snr,1.004,0.2377
133,v3,v19,20.0,120.0,30.0,0.6,0.6,0.6,-18.0834,True,all_dynamic_snr,0.6003,0.1586
133,v4,v15,40.0,3.0,10.0,1.0,0.015,0.2,29.9578,False,all_dynamic_snr,2.969,0.9592
133,v4,v11,40.0,10.44,0.0,1.0,0.0522,0.0,23.7006,False,all_dynamic_snr,2.9667,0.9563
133,v4,v3,40.0,20.22,30.0,1.0,0.1011,0.6,14.2897,False,all_dynamic_snr,2.9406,0.9607
133,v4,v7,40.0,30.15,20.0,1.0,0.1507,0.4,12.5145,False,all_dynamic_snr,2.9268,0.9543
133,v4,v19,40.0,140.03,0.0,1.0,0.7002,0.0,5.6604,False,all_dynamic_snr,2.7446,0.9309
134,v1,v13,40.0,50.0,0.0,1.0,0.25,0.0,12.8165,False,all_dynamic_snr,2.9262,0.9627
134,v1,v5,40.0,90.0,0.0,1.0,0.45,0.0,8.7321,False,all_dynamic_snr,2.8622,0.9539
134,v1,v6,40.0,120.04,20.0,1.0,0.6002,0.4,2.914,False,all_dynamic_snr,2.5433,0.8898
134,v3,v15,20.0,40.0,30.0,0.6,0.2,0.6,-10.4494,True,all_dynamic_snr,0.9309,0.2475
134,v3,v4,20.0,50.09,10.0,0.6,0.2504,0.2,-9.6042,False,all_dynamic_snr,1.0008,0.2592
134,v3,v7,20.0,60.0,30.0,0.6,0.3,0.6,-13.2669,True,all_dynamic_snr,0.796,0.207
134,v3,v11,20.0,60.0,10.0,0.6,0.3,0.2,-10.8587,True,all_dynamic_snr,0.9166,0.2473
134,v3,v19,20.0,90.0,30.0,0.6,0.45,0.6,-16.0844,True,all_dynamic_snr,0.6409,0.1451
134,v4,v7,40.0,10.44,20.0,1.0,0.0522,0.4,19.8836,False,all_dynamic_snr,2.9616,0.9563
134,v4,v11,40.0,10.44,0.0,1.0,0.0522,0.0,23.7006,False,all_dynamic_snr,2.9665,0.9572
134,v4,v15,40.0,10.44,20.0,1.0,0.0522,0.4,19.8836,False,all_dynamic_snr,2.9617,0.9611
134,v4,v3,40.0,50.09,10.0,1.0,0.2504,0.2,10.3958,False,all_dynamic_snr,2.8967,0.9553
134,v4,v19,40.0,140.03,20.0,1.0,0.7002,0.4,1.8434,True,all_dynamic_snr,2.427,0.8523
135,v1,v13,40.0,50.0,10.0,1.0,0.25,0.2,10.4082,False,all_dynamic_snr,2.8963,0.9584
135,v1,v5,40.0,90.0,10.0,1.0,0.45,0.2,6.3239,False,all_dynamic_snr,2.7746,0.9445
135,v1,v6,40.0,140.03,30.0,1.0,0.7002,0.6,0.8439,True,all_dynamic_snr,2.325,0.8119
135,v3,v19,20.0,60.0,10.0,0.6,0.3,0.2,-10.8587,True,all_dynamic_snr,0.9296,0.2227
135,v3,v4,20.0,60.07,10.0,0.6,0.3004,0.2,-10.8673,True,all_dynamic_snr,0.9246,0.2316
135,v3,v11,20.0,70.0,10.0,0.6,0.35,0.2,-11.9298,True,all_dynamic_snr,0.8421,0.1813
135,v3,v15,20.0,70.0,20.0,0.6,0.35,0.4,-13.3385,True,all_dynamic_snr,0.7753,0.1955
135,v3,v7,20.0,90.0,10.0,0.6,0.45,0.2,-13.6761,True,all_dynamic_snr,0.7563,0.1855
135,v4,v11,40.0,10.44,0.0,1.0,0.0522,0.0,23.7006,False,all_dynamic_snr,2.9649,0.9543
135,v4,v15,40.0,10.44,30.0,1.0,0.0522,0.6,18.8841,False,all_dynamic_snr,2.9577,0.9607
135,v4,v7,40.0,30.15,20.0,1.0,0.1507,0.4,12.5145,False,all_dynamic_snr,2.928,0.9484
135,v4,v3,40.0,60.07,10.0,1.0,0.3004,0.2,9.1327,False,all_dynamic_snr,2.867,0.9514
135,v4,v19,40.0,120.04,0.0,1.0,0.6002,0.0,6.7309,False,all_dynamic_snr,2.7948,0.9412
136,v1,v13,40.0,60.0,0.0,1.0,0.3,0.0,11.5496,False,all_dynamic_snr,2.9141,0.952
136,v1,v5,40.0,100.0,20.0,1.0,0.5,0.4,4.183,False,all_dynamic_snr,2.6496,0.9156
136,v1,v6,40.0,170.03,20.0,1.0,0.8501,0.4,0.4948,True,all_dynamic_snr,2.27,0.7947
136,v3,v4,20.0,50.09,20.0,0.6,0.2504,0.4,-11.013,True,all_dynamic_snr,0.9252,0.215
136,v3,v11,20.0,60.0,0.0,0.6,0.3,0.0,-8.4504,True,all_dynamic_snr,1.1168,0.3258
136,v3,v19,20.0,70.0,10.0,0.6,0.35,0.2,-11.9298,True,all_dynamic_snr,0.8321,0.2035
136,v3,v15,20.0,90.0,0.0,0.6,0.45,0.0,-11.2679,True,all_dynamic_snr,0.8985,0.2186
136,v3,v7,20.0,100.0,30.0,0.6,0.5,0.6,-16.8165,True,all_dynamic_snr,0.6353,0.1623
136,v4,v11,40.0,10.44,20.0,1.0,0.0522,0.4,19.8836,False,all_dynamic_snr,2.9586,0.9611
136,v4,v15,40.0,40.11,20.0,1.0,0.2006,0.4,10.5306,False,all_dynamic_snr,2.901,0.9543
136,v4,v3,40.0,50.09,20.0,1.0,0.2504,0.4,8.987,False,all_dynamic_snr,2.8661,0.9543
136,v4,v7,40.0,50.09,10.0,1.0,0.2504,0.2,10.3958,False,all_dynamic_snr,2.8992,0.9523
136,v4,v19,40.0,120.04,10.0,1.0,0.6002,0.2,4.3227,False,all_dynamic_snr,2.6608,0.9137
137,v1,v13,40.0,60.0,20.0,1.0,0.3,0.4,7.7326,False,all_dynamic_snr,2.8276,0.9549
137,v1,v5,40.0,120.0,10.0,1.0,0.6,0.2,4.3249,False,all_dynamic_snr,2.6589,0.9127
137,v1,v6,40.0,190.02,10.0,1.0,0.9501,0.2,1.1308,True,all_dynamic_snr,2.3699,0.8205
137,v3,v4,20.0,30.15,0.0,0.6,0.1507,0.0,-3.6685,False,all_dynamic_snr,1.7003,0.5414
137,v3,v11,20.0,60.0,10.0,0.6,0.3,0.2,-10.8587,True,all_dynamic_snr,0.9276,0.2324
137,v3,v7,20.0,70.0,20.0,0.6,0.35,0.4,-13.3385,True,all_dynamic_snr,0.7711,0.1986
137,v3,v19,20.0,80.0,10.0,0.6,0.4,0.2,-12.8577,True,all_dynamic_snr,0.8055,0.1752
137,v3,v15,20.0,90.0,0.0,0.6,0.45,0.0,-11.2679,True,all_dynamic_snr,0.8859,0.2162
137,v4,v3,40.0,30.15,0.0,1.0,0.1507,0.0,16.3315,False,all_dynamic_snr,2.9512,0.9588
137,v4,v11,40.0,30.15,10.0,1.0,0.1507,0.2,13.9232,False,all_dynamic_snr,2.9362,0.9602
137,v4,v7,40.0,40.11,20.0,1.0,0.2006,0.4,10.5306,False,all_dynamic_snr,2.9013,0.9627
137,v4,v15,40.0,60.07,0.0,1.0,0.3004,0.0,11.5409,False,all_dynamic_snr,2.914,0.9563
137,v4,v19,40.0,110.04,10.0,1.0,0.5502,0.2,4.9269,False,all_dynamic_snr,2.707,0.9266
138,v1,v13,40.0,80.0,40.0,1.0,0.4,0.8,3.9588,True,all_dynamic_snr,2.6354,0.9096
138,v1,v5,40.0,130.0,40.0,1.0,0.65,0.8,0.5851,True,all_dynamic_snr,2.2895,0.8141
138,v3,v4,20.0,30.15,0.0,0.6,0.1507,0.0,-3.6685,False,all_dynamic_snr,1.6793,0.5436
138,v3,v11,20.0,70.0,30.0,0.6,0.35,0.6,-14.338,True,all_dynamic_snr,0.7208,0.1717
138,v3,v7,20.0,90.0,20.0,0.6,0.45,0.4,-15.0849,True,all_dynamic_snr,0.6919,0.1447
138,v3,v15,20.0,90.0,10.0,0.6,0.45,0.2,-13.6761,True,all_dynamic_snr,0.7602,0.1764
138,v3,v19,20.0,90.0,10.0,0.6,0.45,0.2,-13.6761,True,all_dynamic_snr,0.7478,0.1713
138,v4,v3,40.0,30.15,0.0,1.0,0.1507,0.0,16.3315,False,all_dynamic_snr,2.9519,0.9637
138,v4,v11,40.0,40.11,30.0,1.0,0.2006,0.6,9.5311,False,all_dynamic_snr,2.8809,0.951
138,v4,v7,40.0,60.07,20.0,1.0,0.3004,0.4,7.7239,False,all_dynamic_snr,2.8336,0.9436
138,v4,v15,40.0,60.07,10.0,1.0,0.3004,0.2,9.1327,False,all_dynamic_snr,2.8706,0.9523
138,v4,v19,40.0,120.04,10.0,1.0,0.6002,0.2,4.3227,False,all_dynamic_snr,2.6585,0.8994
139,v1,v13,40.0,40.0,30.0,1.0,0.2,0.6,9.5506,False,all_dynamic_snr,2.8795,0.9475
139,v1,v5,40.0,90.0,20.0,1.0,0.45,0.4,4.9151,False,all_dynamic_snr,2.7039,0.9244
139,v1,v6,40.0,170.03,10.0,1.0,0.8501,0.2,1.9035,True,all_dynamic_snr,2.4471,0.8545
139,v3,v4,20.0,30.15,10.0,0.6,0.1507,0.2,-6.0768,False,all_dynamic_snr,1.3602,0.3537
139,v3,v11,20.0,40.0,20.0,0.6,0.2,0.4,-9.4499,True,all_dynamic_snr,1.0351,0.2689
139,v3,v7,20.0,70.0,10.0,0.6,0.35,0.2,-11.9298,True,all_dynamic_snr,0.8368,0.2055
139,v3,v15,20.0,80.0,20.0,0.6,0.4,0.4,-14.2664,True,all_dynamic_snr,0.7036,0.1697
139,v3,v19,20.0,100.0,20.0,0.6,0.5,0.4,-15.817,True,all_dynamic_snr,0.6616,0.1645
139,v4,v11,40.0,10.44,30.0,1.0,0.0522,0.6,18.8841,False,all_dynamic_snr,2.9585,0.9627
139,v4,v3,40.0,30.15,10.0,1.0,0.1507,0.2,13.9232,False,all_dynamic_snr,2.9359,0.9617
139,v4,v7,40.0,40.11,20.0,1.0,0.2006,0.4,10.5306,False,all_dynamic_snr,2.8977,0.9504
139,v4,v15,40.0,50.09,10.0,1.0,0.2504,0.2,10.3958,False,all_dynamic_snr,2.9001,0.9578
139,v4,v19,40.0,130.03,10.0,1.0,0.6502,0.2,3.7668,False,all_dynamic_snr,2.6163,0.9039
140,v1,v13,40.0,70.0,40.0,1.0,0.35,0.8,4.8867,True,all_dynamic_snr,2.7018,0.9248
140,v1,v5,40.0,110.0,20.0,1.0,0.55,0.4,3.5207,False,all_dynamic_snr,2.609,0.9064
140,v1,v6,40.0,160.03,0.0,1.0,0.8001,0.0,4.7329,True,all_dynamic_snr,2.6902,0.9221
140,v3,v4,20.0,20.22,10.0,0.6,0.1011,0.2,-3.302,False,all_dynamic_snr,1.7488,0.5602
140,v3,v11,20.0,60.0,40.0,0.6,0.3,0.8,-14.0422,True,all_dynamic_snr,0.7222,0.1719
140,v3,v15,20.0,60.0,10.0,0.6,0.3,0.2,-10.8587,True,all_dynamic_snr,0.927,0.224
140,v3,v7,20.0,80.0,0.0,0.6,0.4,0.0,-10.4494,True,all_dynamic_snr,0.9338,0.2402
140,v3,v19,20.0,120.0,20.0,0.6,0.6,0.4,-17.0839,True,all_dynamic_snr,0.5954,0.1477
140,v4,v3,40.0,20.22,10.0,1.0,0.1011,0.2,16.698,False,all_dynamic_snr,2.9524,0.9602
140,v4,v11,40.0,40.11,30.0,1.0,0.2006,0.6,9.5311,False,all_dynamic_snr,2.8768,0.9545
140,v4,v15,40.0,40.11,0.0,1.0,0.2006,0.0,14.3476,False,all_dynamic_snr,2.9407,0.9598
140,v4,v7,40.0,60.07,10.0,1.0,0.3004,0.2,9.1327,False,all_dynamic_snr,2.8672,0.9523
140,v4,v19,40.0,140.03,10.0,1.0,0.7002,0.2,3.2521,False,all_dynamic_snr,2.5675,0.8932
141,v1,v13,40.0,30.0,20.0,1.0,0.15,0.4,12.5491,False,all_dynamic_snr,2.9227,0.9553
141,v1,v5,40.0,90.0,10.0,1.0,0.45,0.2,6.3239,False,all_dynamic_snr,2.7786,0.9357
141,v1,v6,40.0,160.03,20.0,1.0,0.8001,0.4,0.9159,True,all_dynamic_snr,2.3239,0.8014
141,v3,v4,20.0,10.44,10.0,0.6,0.0522,0.2,1.2923,False,all_dynamic_snr,2.3703,0.8264
141,v3,v11,20.0,20.0,30.0,0.6,0.1,0.6,-5.633,True,all_dynamic_snr,1.4112,0.4102
141,v3,v15,20.0,50.0,20.0,0.6,0.25,0.4,-11.0005,True,all_dynamic_snr,0.9039,0.2318
141,v3,v7,20.0,80.0,40.0,0.6,0.4,0.8,-16.0412,True,all_dynamic_snr,0.6505,0.1432
141,v3,v19,20.0,140.0,20.0,0.6,0.7,0.4,-18.155,True,all_dynamic_snr,0.5778,0.1396
141,v4,v3,40.0,10.44,10.0,1.0,0.0522,0.2,21.2923,False,all_dynamic_snr,2.9616,0.9563
141,v4,v11,40.0,10.44,20.0,1.0,0.0522,0.4,19.8836,False,all_dynamic_snr,2.9608,0.9637
141,v4,v15,40.0,40.11,10.0,1.0,0.2006,0.2,11.9393,False,all_dynamic_snr,2.9178,0.9547
141,v4,v7,40.0,70.06,30.0,1.0,0.3503,0.6,5.6556,False,all_dynamic_snr,2.7476,0.9299
141,v4,v19,40.0,150.03,10.0,1.0,0.7501,0.2,2.7729,False,all_dynamic_snr,2.5254,0.8846
142,v1,v13,40.0,10.0,0.0,1.0,0.05,0.0,24.0,False,all_dynamic_snr,2.967,0.9592
142,v1,v5,40.0,100.0,10.0,1.0,0.5,0.2,5.5918,False,all_dynamic_snr,2.7393,0.9295
142,v1,v6,40.0,180.02,30.0,1.0,0.9001,0.6,-0.9018,True,all_dynamic_snr,2.0961,0.7125
142,v3,v4,20.0,3.0,0.0,0.6,0.015,0.0,12.3661,False,all_dynamic_snr,2.9238,0.9582
142,v3,v11,20.0,10.0,20.0,0.6,0.05,0.4,0.183,True,all_dynamic_snr,2.2426,0.7793
142,v3,v15,20.0,30.0,10.0,0.6,0.15,0.2,-6.0422,False,all_dynamic_snr,1.3746,0.4031
142,v3,v7,20.0,40.0,10.0,0.6,0.2,0.2,-8.0412,False,all_dynamic_snr,1.1519,0.308
142,v3,v8,20.0,150.03,10.0,0.6,0.7501,0.2,-17.2271,True,all_dynamic_snr,0.601,0.151
142,v4,v3,40.0,3.0,0.0,1.0,0.015,0.0,32.3661,False,all_dynamic_snr,2.9682,0.9611
142,v4,v11,40.0,10.44,20.0,1.0,0.0522,0.4,19.8836,False,all_dynamic_snr,2.9605,0.9553
142,v4,v15,40.0,30.15,10.0,1.0,0.1507,0.2,13.9232,False,all_dynamic_snr,2.9367,0.9553
142,v4,v7,40.0,40.11,10.0,1.0,0.2006,0.2,11.9393,False,all_dynamic_snr,2.9192,0.9602
142,v4,v8,40.0,150.0,10.0,1.0,0.75,0.2,2.7743,False,all_dynamic_snr,2.5372,0.8813
143,v1,v13,40.0,10.0,0.0,1.0,0.05,0.0,24.0,False,all_dynamic_snr,2.9657,0.9582
143,v1,v5,40.0,110.0,30.0,1.0,0.55,0.6,2.5212,True,all_dynamic_snr,2.5069,0.8895
143,v3,v4,20.0,3.0,40.0,0.6,0.015,0.8,6.7743,True,all_dynamic_snr,2.7985,0.9451
143,v3,v11,20.0,10.0,40.0,0.6,0.05,0.8,-1.5918,True,all_dynamic_snr,1.9935,0.6514
143,v3,v15,20.0,20.0,40.0,0.6,0.1,0.8,-6.4082,True,all_dynamic_snr,1.3409,0.3641
143,v3,v7,20.0,30.0,0.0,0.6,0.15,0.0,-3.6339,False,all_dynamic_snr,1.6832,0.5518
143,v3,v19,20.0,140.0,30.0,0.6,0.7,0.6,-19.1545,True,all_dynamic_snr,0.5577,0.1051
143,v4,v3,40.0,3.0,40.0,1.0,0.015,0.8,26.7743,True,all_dynamic_snr,2.9671,0.9592
143,v4,v11,40.0,10.44,0.0,1.0,0.0522,0.0,23.7006,False,all_dynamic_snr,2.9658,0.9572
143,v4,v15,40.0,20.22,0.0,1.0,0.1011,0.0,19.1062,False,all_dynamic_snr,2.9597,0.9598
143,v4,v7,40.0,30.15,40.0,1.0,0.1507,0.8,10.7397,True,all_dynamic_snr,2.9039,0.9559
143,v4,v19,40.0,140.03,10.0,1.0,0.7002,0.2,3.2521,False,all_dynamic_snr,2.5721,0.882
144,v1,v13,40.0,10.0,0.0,1.0,0.05,0.0,24.0,False,all_dynamic_snr,2.9659,0.9572
144,v1,v5,40.0,140.0,0.0,1.0,0.7,0.0,5.662,False,all_dynamic_snr,2.7442,0.9418
144,v3,v15,20.0,20.0,40.0,0.6,0.1,0.8,-6.4082,True,all_dynamic_snr,1.3383,0.3846
144,v3,v7,20.0,30.0,10.0,0.6,0.15,0.2,-6.0422,False,all_dynamic_snr,1.3723,0.3854
144,v3,v11,20.0,30.0,20.0,0.6,0.15,0.4,-7.4509,True,all_dynamic_snr,1.2105,0.3207
144,v3,v4,20.0,40.11,20.0,0.6,0.2006,0.4,-9.4694,True,all_dynamic_snr,1.0243,0.2725
144,v3,v19,20.0,170.0,30.0,0.6,0.85,0.6,-20.5037,True,all_dynamic_snr,0.5332,0.1262
144,v4,v11,40.0,10.44,0.0,1.0,0.0522,0.0,23.7006,False,all_dynamic_snr,2.9655,0.9582
144,v4,v15,40.0,20.22,20.0,1.0,0.1011,0.4,15.2892,False,all_dynamic_snr,2.9471,0.9588
144,v4,v3,40.0,40.11,20.0,1.0,0.2006,0.4,10.5306,False,all_dynamic_snr,2.8963,0.9469
144,v4,v7,40.0,70.06,10.0,1.0,0.3503,0.2,8.0638,False,all_dynamic_snr,2.8455,0.9598
144,v4,v8,40.0,130.0,20.0,1.0,0.65,0.4,2.3599,True,all_dynamic_snr,2.4878,0.8668
145,v1,v13,40.0,10.0,20.0,1.0,0.05,0.4,20.183,False,all_dynamic_snr,2.9618,0.9559
145,v1,v5,40.0,140.0,40.0,1.0,0.7,0.8,0.0702,True,all_dynamic_snr,2.2239,0.7812
145,v3,v11,20.0,10.0,10.0,0.6,0.05,0.2,1.5918,False,all_dynamic_snr,2.4152,0.8445
145,v3,v15,20.0,20.0,10.0,0.6,0.1,0.2,-3.2247,False,all_dynamic_snr,1.7464,0.5676
145,v3,v4,20.0,20.22,0.0,0.6,0.1011,0.0,-0.8938,False,all_dynamic_snr,2.0788,0.7039
145,v3,v7,20.0,40.0,20.0,0.6,0.2,0.4,-9.4499,True,all_dynamic_snr,1.0315,0.2535
145,v3,v8,20.0,130.03,40.0,0.6,0.6502,0.8,-19.4167,True,all_dynamic_snr,0.5556,0.1381
145,v4,v11,40.0,10.44,10.0,1.0,0.0522,0.2,21.2923,False,all_dynamic_snr,2.9641,0.9602
145,v4,v3,40.0,20.22,0.0,1.0,0.1011,0.0,19.1062,False,all_dynamic_snr,2.9578,0.9627
145,v4,v15,40.0,40.11,10.0,1.0,0.2006,0.2,11.9393,False,all_dynamic_snr,2.9209,0.9539
145,v4,v7,40.0,60.07,20.0,1.0,0.3004,0.4,7.7239,False,all_dynamic_snr,2.8352,0.9471
145,v4,v8,40.0,110.0,40.0,1.0,0.55,0.8,1.746,True,all_dynamic_snr,2.4391,0.8574
146,v1,v13,40.0,10.0,40.0,1.0,0.05,0.8,18.4082,True,all_dynamic_snr,2.9568,0.9549
146,v1,v5,40.0,100.0,40.0,1.0,0.5,0.8,2.4082,True,all_dynamic_snr,2.4947,0.8834
146,v1,v6,40.0,180.02,20.0,1.0,0.9001,0.4,0.0977,True,all_dynamic_snr,2.223,0.7746
146,v3,v15,20.0,10.0,10.0,0.6,0.05,0.2,1.5918,False,all_dynamic_snr,2.4011,0.8416
146,v3,v7,20.0,20.0,0.0,0.6,0.1,0.0,-0.8165,False,all_dynamic_snr,2.1059,0.7033
146,v3,v11,20.0,20.0,10.0,0.6,0.1,0.2,-3.2247,False,all_dynamic_snr,1.7612,0.5854
146,v3,v4,20.0,20.22,10.0,0.6,0.1011,0.2,-3.302,False,all_dynamic_snr,1.7324,0.5561
146,v3,v19,20.0,150.0,10.0,0.6,0.75,0.2,-17.2257,True,all_dynamic_snr,0.5951,0.1461
146,v4,v11,40.0,3.0,20.0,1.0,0.015,0.4,28.5491,False,all_dynamic_snr,2.9683,0.9592
146,v4,v3,40.0,20.22,10.0,1.0,0.1011,0.2,16.698,False,all_dynamic_snr,2.9513,0.9572
146,v4,v15,40.0,30.15,0.0,1.0,0.1507,0.0,16.3315,False,all_dynamic_snr,2.95,0.9553
146,v4,v7,40.0,40.11,10.0,1.0,0.2006,0.2,11.9393,False,all_dynamic_snr,2.919,0.9543
146,v4,v19,40.0,130.03,20.0,1.0,0.6502,0.4,2.3581,True,all_dynamic_snr,2.5046,0.8846
147,v1,v13,40.0,30.0,10.0,1.0,0.15,0.2,13.9578,False,all_dynamic_snr,2.937,0.9611
147,v1,v5,40.0,140.0,20.0,1.0,0.7,0.4,1.845,True,all_dynamic_snr,2.4431,0.8619
147,v3,v15,20.0,0.0,10.0,0.6,0.0,0.2,33.5918,False,all_dynamic_snr,2.9686,0.9602
147,v3,v11,20.0,10.0,10.0,0.6,0.05,0.2,1.5918,False,all_dynamic_snr,2.4134,0.8635
147,v3,v7,20.0,20.0,30.0,0.6,0.1,0.6,-5.633,True,all_dynamic_snr,1.4329,0.4094
147,v3,v4,20.0,30.15,20.0,0.6,0.1507,0.4,-7.4855,True,all_dynamic_snr,1.1952,0.3449
147,v3,v19,20.0,140.0,20.0,0.6,0.7,0.4,-18.155,True,all_dynamic_snr,0.5864,0.1514
147,v4,v11,40.0,20.22,30.0,1.0,0.1011,0.6,14.2897,False,all_dynamic_snr,2.9388,0.9637
147,v4,v3,40.0,30.15,20.0,1.0,0.1507,0.4,12.5145,False,all_dynamic_snr,2.9241,0.9553
147,v4,v15,40.0,30.15,30.0,1.0,0.1507,0.6,11.515,False,all_dynamic_snr,2.9124,0.9563
147,v4,v7,40.0,50.09,10.0,1.0,0.2504,0.2,10.3958,False,all_dynamic_snr,2.8982,0.9539
147,v4,v19,40.0,110.04,0.0,1.0,0.5502,0.0,7.3351,False,all_dynamic_snr,2.8138,0.9529
148,v1,v13,40.0,20.0,0.0,1.0,0.1,0.0,19.1835,False,all_dynamic_snr,2.959,0.9563
148,v1,v5,40.0,120.0,20.0,1.0,0.6,0.4,2.9161,False,all_dynamic_snr,2.5544,0.8873
148,v1,v6,40.0,170.03,10.0,1.0,0.8501,0.2,1.9035,True,all_dynamic_snr,2.4422,0.8373
148,v3,v15,20.0,10.0,10.0,0.6,0.05,0.2,1.5918,False,all_dynamic_snr,2.4137,0.8301
148,v3,v4,20.0,10.44,30.0,0.6,0.0522,0.6,-1.1159,True,all_dynamic_snr,2.0563,0.6977
148,v3,v11,20.0,20.0,20.0,0.6,0.1,0.4,-4.6334,True,all_dynamic_snr,1.5471,0.4768
148,v3,v7,20.0,50.0,10.0,0.6,0.25,0.2,-9.5918,False,all_dynamic_snr,1.0043,0.2723
148,v3,v19,20.0,120.0,20.0,0.6,0.6,0.4,-17.0839,True,all_dynamic_snr,0.6027,0.151
148,v4,v15,40.0,3.0,20.0,1.0,0.015,0.4,28.5491,False,all_dynamic_snr,2.9682,0.9572
148,v4,v3,40.0,10.44,30.0,1.0,0.0522,0.6,18.8841,False,all_dynamic_snr,2.9591,0.9563
148,v4,v11,40.0,10.44,10.0,1.0,0.0522,0.2,21.2923,False,all_dynamic_snr,2.9639,0.9582
148,v4,v7,40.0,60.07,40.0,1.0,0.3004,0.8,5.9491,True,all_dynamic_snr,2.7536,0.9293
148,v4,v8,40.0,110.0,40.0,1.0,0.55,0.8,1.746,True,all_dynamic_snr,2.4133,0.8486
149,v1,v13,40.0,20.0,10.0,1.0,0.1,0.2,16.7753,False,all_dynamic_snr,2.9525,0.9568
149,v1,v5,40.0,100.0,20.0,1.0,0.5,0.4,4.183,False,all_dynamic_snr,2.6464,0.9121
149,v1,v6,40.0,180.02,0.0,1.0,0.9001,0.0,3.9147,True,all_dynamic_snr,2.6248,0.9123
149,v3,v15,20.0,20.0,10.0,0.6,0.1,0.2,-3.2247,False,all_dynamic_snr,1.7433,0.5631
149,v3,v11,20.0,40.0,20.0,0.6,0.2,0.4,-9.4499,True,all_dynamic_snr,1.0119,0.2523
149,v3,v4,20.0,40.11,10.0,0.6,0.2006,0.2,-8.0607,False,all_dynamic_snr,1.1624,0.3086
149,v3,v7,20.0,60.0,0.0,0.6,0.3,0.0,-8.4504,True,all_dynamic_snr,1.1043,0.2879
149,v3,v8,20.0,110.04,10.0,0.6,0.5502,0.2,-15.0731,True,all_dynamic_snr,0.6883,0.1445
149,v4,v11,40.0,3.0,10.0,1.0,0.015,0.2,29.9578,False,all_dynamic_snr,2.9688,0.9611
149,v4,v15,40.0,20.22,20.0,1.0,0.1011,0.4,15.2892,False,all_dynamic_snr,2.9457,0.9578
149,v4,v3,40.0,40.11,10.0,1.0,0.2006,0.2,11.9393,False,all_dynamic_snr,2.9186,0.9549
149,v4,v8,40.0,70.0,20.0,1.0,0.35,0.4,6.6615,False,all_dynamic_snr,2.7901,0.9396
149,v4,v7,40.0,100.04,10.0,1.0,0.5002,0.2,5.5886,False,all_dynamic_snr,2.7409,0.9348
150,v1,v13,40.0,10.0,10.0,1.0,0.05,0.2,21.5918,False,all_dynamic_snr,2.9637,0.9578
150,v1,v5,40.0,120.0,0.0,1.0,0.6,0.0,6.7331,False,all_dynamic_snr,2.7972,0.9396
150,v1,v6,40.0,180.02,10.0,1.0,0.9001,0.2,1.5064,True,all_dynamic_snr,2.4027,0.8471
150,v3,v11,20.0,20.0,20.0,0.6,0.1,0.4,-4.6334,True,all_dynamic_snr,1.5527,0.4629
150,v3,v15,20.0,30.0,0.0,0.6,0.15,0.0,-3.6339,False,all_dynamic_snr,1.6924,0.5201
150,v3,v4,20.0,30.15,10.0,0.6,0.1507,0.2,-6.0768,False,all_dynamic_snr,1.3757,0.3986
150,v3,v7,20.0,60.0,20.0,0.6,0.3,0.4,-12.2674,True,all_dynamic_snr,0.8223,0.1996
150,v3,v8,20.0,120.04,10.0,0.6,0.6002,0.2,-15.6773,True,all_dynamic_snr,0.6593,0.1781
150,v4,v15,40.0,3.0,10.0,1.0,0.015,0.2,29.9578,False,all_dynamic_snr,2.9687,0.9582
150,v4,v11,40.0,10.44,10.0,1.0,0.0522,0.2,21.2923,False,all_dynamic_snr,2.9633,0.9641
150,v4,v3,40.0,30.15,10.0,1.0,0.1507,0.2,13.9232,False,all_dynamic_snr,2.9371,0.9553
150,v4,v8,40.0,90.0,0.0,1.0,0.45,0.0,8.7321,False,all_dynamic_snr,2.8593,0.9553
150,v4,v7,40.0,90.05,10.0,1.0,0.4502,0.2,6.32,False,all_dynamic_snr,2.7748,0.9369
151,v1,v13,40.0,20.0,20.0,1.0,0.1,0.4,15.3666,False,all_dynamic_snr,2.9475,0.9568
151,v1,v5,40.0,120.0,0.0,1.0,0.6,0.0,6.7331,False,all_dynamic_snr,2.7941,0.9432
151,v1,v6,40.0,170.03,20.0,1.0,0.8501,0.4,0.4948,True,all_dynamic_snr,2.2763,0.8098
151,v3,v15,20.0,30.0,10.0,0.6,0.15,0.2,-6.0422,False,all_dynamic_snr,1.382,0.4109
151,v3,v7,20.0,40.0,20.0,0.6,0.2,0.4,-9.4499,True,all_dynamic_snr,1.0411,0.2584
151,v3,v11,20.0,40.0,10.0,0.6,0.2,0.2,-8.0412,False,all_dynamic_snr,1.1383,0.3187
151,v3,v4,20.0,40.11,10.0,0.6,0.2006,0.2,-8.0607,False,all_dynamic_snr,1.1589,0.3012
151,v3,v19,20.0,130.0,10.0,0.6,0.65,0.2,-16.2313,True,all_dynamic_snr,0.6311,0.1594
151,v4,v11,40.0,3.0,20.0,1.0,0.015,0.4,28.5491,False,all_dynamic_snr,2.9682,0.9553
151,v4,v15,40.0,10.44,20.0,1.0,0.0522,0.4,19.8836,False,all_dynamic_snr,2.9607,0.9582
151,v4,v3,40.0,40.11,10.0,1.0,0.2006,0.2,11.9393,False,all_dynamic_snr,2.9169,0.9523
151,v4,v7,40.0,80.06,10.0,1.0,0.4003,0.2,7.1374,False,all_dynamic_snr,2.8096,0.9412
151,v4,v8,40.0,90.0,20.0,1.0,0.45,0.4,4.9151,False,all_dynamic_snr,2.6989,0.9266
152,v1,v13,40.0,40.0,20.0,1.0,0.2,0.4,10.5501,False,all_dynamic_snr,2.9001,0.949
152,v1,v5,40.0,120.0,0.0,1.0,0.6,0.0,6.7331,False,all_dynamic_snr,2.7911,0.9416
152,v1,v6,40.0,190.02,20.0,1.0,0.9501,0.4,-0.2779,True,all_dynamic_snr,2.1656,0.7412
152,v3,v4,20.0,30.15,10.0,0.6,0.1507,0.2,-6.0768,False,all_dynamic_snr,1.3556,0.3555
152,v3,v15,20.0,40.0,30.0,0.6,0.2,0.6,-10.4494,True,all_dynamic_snr,0.924,0.2219
152,v3,v11,20.0,50.0,20.0,0.6,0.25,0.4,-11.0005,True,all_dynamic_snr,0.9033,0.2488
152,v3,v7,20.0,60.0,20.0,0.6,0.3,0.4,-12.2674,True,all_dynamic_snr,0.824,0.2018
152,v3,v19,20.0,120.0,10.0,0.6,0.6,0.2,-15.6751,True,all_dynamic_snr,0.6523,0.1596
152,v4,v15,40.0,10.44,20.0,1.0,0.0522,0.4,19.8836,False,all_dynamic_snr,2.9626,0.9582
152,v4,v11,40.0,20.22,10.0,1.0,0.1011,0.2,16.698,False,all_dynamic_snr,2.9514,0.9578
152,v4,v3,40.0,30.15,10.0,1.0,0.1507,0.2,13.9232,False,all_dynamic_snr,2.9379,0.9543
152,v4,v7,40.0,90.05,10.0,1.0,0.4502,0.2,6.32,False,all_dynamic_snr,2.7726,0.9406
152,v4,v19,40.0,90.05,0.0,1.0,0.4502,0.0,8.7283,False,all_dynamic_snr,2.8613,0.9504
153,v1,v13,40.0,20.0,40.0,1.0,0.1,0.8,13.5918,True,all_dynamic_snr,2.9328,0.9592
153,v1,v5,40.0,120.0,20.0,1.0,0.6,0.4,2.9161,False,all_dynamic_snr,2.5393,0.9002
153,v1,v6,40.0,170.03,30.0,1.0,0.8501,0.6,-0.5047,True,all_dynamic_snr,2.1283,0.7162
153,v3,v15,20.0,10.0,0.0,0.6,0.05,0.0,4.0,False,all_dynamic_snr,2.6375,0.9115
153,v3,v4,20.0,20.22,10.0,0.6,0.1011,0.2,-3.302,False,all_dynamic_snr,1.7346,0.5676
153,v3,v11,20.0,30.0,20.0,0.6,0.15,0.4,-7.4509,True,all_dynamic_snr,1.2364,0.3383
153,v3,v7,20.0,80.0,40.0,0.6,0.4,0.8,-16.0412,True,all_dynamic_snr,0.6291,0.1568
153,v3,v19,20.0,110.0,40.0,0.6,0.55,0.8,-18.254,True,all_dynamic_snr,0.5702,0.1309
153,v4,v11,40.0,10.44,10.0,1.0,0.0522,0.2,21.2923,False,all_dynamic_snr,2.9637,0.9553
153,v4,v15,40.0,10.44,10.0,1.0,0.0522,0.2,21.2923,False,all_dynamic_snr,2.9629,0.9582
153,v4,v3,40.0,20.22,10.0,1.0,0.1011,0.2,16.698,False,all_dynamic_snr,2.9532,0.9617
153,v4,v19,40.0,90.05,30.0,1.0,0.4502,0.6,3.9118,True,all_dynamic_snr,2.6216,0.9055
153,v4,v7,40.0,100.04,30.0,1.0,0.5002,0.6,3.1804,True,all_dynamic_snr,2.571,0.899
154,v1,v13,40.0,60.0,10.0,1.0,0.3,0.2,9.1413,False,all_dynamic_snr,2.8721,0.9578
154,v1,v5,40.0,140.0,20.0,1.0,0.7,0.4,1.845,True,all_dynamic_snr,2.4358,0.8367
154,v3,v11,20.0,10.0,10.0,0.6,0.05,0.2,1.5918,False,all_dynamic_snr,2.4216,0.8486
154,v3,v15,20.0,10.0,10.0,0.6,0.05,0.2,1.5918,False,all_dynamic_snr,2.412,0.8498
154,v3,v4,20.0,10.44,20.0,0.6,0.0522,0.4,-0.1164,True,all_dynamic_snr,2.1992,0.7557
154,v3,v19,20.0,70.0,0.0,0.6,0.35,0.0,-9.5216,True,all_dynamic_snr,0.9987,0.2654
154,v3,v7,20.0,120.0,20.0,0.6,0.6,0.4,-17.0839,True,all_dynamic_snr,0.6152,0.1357
154,v4,v11,40.0,3.0,10.0,1.0,0.015,0.2,29.9578,False,all_dynamic_snr,2.9689,0.9582
154,v4,v15,40.0,3.0,10.0,1.0,0.015,0.2,29.9578,False,all_dynamic_snr,2.968,0.9572
154,v4,v3,40.0,10.44,20.0,1.0,0.0522,0.4,19.8836,False,all_dynamic_snr,2.9599,0.9602
154,v4,v19,40.0,60.07,20.0,1.0,0.3004,0.4,7.7239,False,all_dynamic_snr,2.832,0.9461
154,v4,v7,40.0,130.03,0.0,1.0,0.6502,0.0,6.1751,False,all_dynamic_snr,2.7682,0.9344
155,v1,v13,40.0,70.0,20.0,1.0,0.35,0.4,6.6615,False,all_dynamic_snr,2.7923,0.9381
155,v1,v5,40.0,160.0,20.0,1.0,0.8,0.4,0.9171,True,all_dynamic_snr,2.3338,0.8271
155,v3,v11,20.0,0.0,0.0,0.6,0.0,0.0,36.0,False,all_dynamic_snr,2.969,0.9572
155,v3,v15,20.0,0.0,30.0,0.6,0.0,0.6,31.1835,True,all_dynamic_snr,2.9684,0.9582
155,v3,v4,20.0,10.44,20.0,0.6,0.0522,0.4,-0.1164,True,all_dynamic_snr,2.2088,0.7668
155,v3,v19,20.0,70.0,30.0,0.6,0.35,0.6,-14.338,True,all_dynamic_snr,0.7258,0.1615
155,v3,v8,20.0,120.04,0.0,0.6,0.6002,0.0,-13.2691,True,all_dynamic_snr,0.7517,0.1656
155,v4,v3,40.0,10.44,20.0,1.0,0.0522,0.4,19.8836,False,all_dynamic_snr,2.9607,0.9533
155,v4,v11,40.0,10.44,20.0,1.0,0.0522,0.4,19.8836,False,all_dynamic_snr,2.9606,0.9553
155,v4,v15,40.0,10.44,10.0,1.0,0.0522,0.2,21.2923,False,all_dynamic_snr,2.9632,0.9617
155,v4,v19,40.0,80.06,10.0,1.0,0.4003,0.2,7.1374,False,all_dynamic_snr,2.8144,0.9465
155,v4,v8,40.0,130.0,20.0,1.0,0.65,0.4,2.3599,True,all_dynamic_snr,2.4882,0.8691
156,v1,v13,40.0,90.0,0.0,1.0,0.45,0.0,8.7321,False,all_dynamic_snr,2.8608,0.9578
156,v1,v5,40.0,140.0,0.0,1.0,0.7,0.0,5.662,False,all_dynamic_snr,2.74,0.9303
156,v3,v11,20.0,0.0,20.0,0.6,0.0,0.4,32.183,True,all_dynamic_snr,2.9684,0.9582
156,v3,v4,20.0,10.44,30.0,0.6,0.0522,0.6,-1.1159,True,all_dynamic_snr,2.0664,0.7107
156,v3,v15,20.0,30.0,20.0,0.6,0.15,0.4,-7.4509,True,all_dynamic_snr,1.2405,0.3367
156,v3,v19,20.0,100.0,20.0,0.6,0.5,0.4,-15.817,True,all_dynamic_snr,0.6606,0.1477
156,v3,v8,20.0,120.04,20.0,0.6,0.6002,0.4,-17.086,True,all_dynamic_snr,0.6037,0.1395
156,v4,v3,40.0,10.44,30.0,1.0,0.0522,0.6,18.8841,False,all_dynamic_snr,2.9584,0.9582
156,v4,v11,40.0,10.44,10.0,1.0,0.0522,0.2,21.2923,False,all_dynamic_snr,2.9635,0.9553
156,v4,v15,40.0,20.22,10.0,1.0,0.1011,0.2,16.698,False,all_dynamic_snr,2.9546,0.9582
156,v4,v19,40.0,90.05,10.0,1.0,0.4502,0.2,6.32,False,all_dynamic_snr,2.7769,0.9299
156,v4,v8,40.0,110.0,10.0,1.0,0.55,0.2,4.9295,False,all_dynamic_snr,2.7053,0.9271
157,v1,v13,40.0,90.0,10.0,1.0,0.45,0.2,6.3239,False,all_dynamic_snr,2.7796,0.9418
157,v1,v5,40.0,140.0,20.0,1.0,0.7,0.4,1.845,True,all_dynamic_snr,2.4316,0.8387
157,v1,v6,40.0,190.02,20.0,1.0,0.9501,0.4,-0.2779,True,all_dynamic_snr,2.1724,0.7492
157,v3,v15,20.0,10.0,20.0,0.6,0.05,0.4,0.183,True,all_dynamic_snr,2.2341,0.7873
157,v3,v11,20.0,20.0,10.0,0.6,0.1,0.2,-3.2247,False,all_dynamic_snr,1.7482,0.5402
157,v3,v4,20.0,20.22,30.0,0.6,0.1011,0.6,-5.7103,True,all_dynamic_snr,1.4082,0.3887
157,v3,v19,20.0,80.0,0.0,0.6,0.4,0.0,-10.4494,True,all_dynamic_snr,0.9386,0.257
157,v3,v8,20.0,100.04,30.0,0.6,0.5002,0.6,-16.8196,True,all_dynamic_snr,0.6147,0.1502
157,v4,v11,40.0,3.0,40.0,1.0,0.015,0.8,26.7743,True,all_dynamic_snr,2.9671,0.9582
157,v4,v3,40.0,20.22,30.0,1.0,0.1011,0.6,14.2897,False,all_dynamic_snr,2.9401,0.9607
157,v4,v15,40.0,30.15,10.0,1.0,0.1507,0.2,13.9232,False,all_dynamic_snr,2.9379,0.951
157,v4,v19,40.0,100.04,30.0,1.0,0.5002,0.6,3.1804,True,all_dynamic_snr,2.5819,0.909
157,v4,v8,40.0,120.0,0.0,1.0,0.6,0.0,6.7331,False,all_dynamic_snr,2.7986,0.95
158,v1,v13,40.0,100.0,10.0,1.0,0.5,0.2,5.5918,False,all_dynamic_snr,2.7362,0.935
158,v1,v5,40.0,160.0,20.0,1.0,0.8,0.4,0.9171,True,all_dynamic_snr,2.3232,0.8133
158,v3,v4,20.0,10.44,10.0,0.6,0.0522,0.2,1.2923,False,all_dynamic_snr,2.386,0.8391
158,v3,v11,20.0,30.0,10.0,0.6,0.15,0.2,-6.0422,False,all_dynamic_snr,1.3776,0.4002
158,v3,v15,20.0,30.0,0.0,0.6,0.15,0.0,-3.6339,False,all_dynamic_snr,1.6875,0.5121
158,v3,v19,20.0,80.0,20.0,0.6,0.4,0.4,-14.2664,True,all_dynamic_snr,0.7125,0.1746
158,v3,v8,20.0,130.03,40.0,0.6,0.6502,0.8,-19.4167,True,all_dynamic_snr,0.5551,0.1426
158,v4,v3,40.0,10.44,10.0,1.0,0.0522,0.2,21.2923,False,all_dynamic_snr,2.9633,0.9611
158,v4,v15,40.0,20.22,10.0,1.0,0.1011,0.2,16.698,False,all_dynamic_snr,2.9512,0.9611
158,v4,v11,40.0,40.11,0.0,1.0,0.2006,0.0,14.3476,False,all_dynamic_snr,2.9411,0.9631
158,v4,v19,40.0,70.06,10.0,1.0,0.3503,0.2,8.0638,False,all_dynamic_snr,2.8447,0.9539
158,v4,v8,40.0,120.0,30.0,1.0,0.6,0.6,1.9166,True,all_dynamic_snr,2.4486,0.8486
159,v1,v13,40.0,110.0,30.0,1.0,0.55,0.6,2.5212,True,all_dynamic_snr,2.5083,0.876
159,v1,v5,40.0,140.0,0.0,1.0,0.7,0.0,5.662,False,all_dynamic_snr,2.7475,0.9309
159,v3,v11,20.0,20.0,20.0,0.6,0.1,0.4,-4.6334,True,all_dynamic_snr,1.5485,0.4787
159,v3,v4,20.0,20.22,20.0,0.6,0.1011,0.4,-4.7108,True,all_dynamic_snr,1.5428,0.467
159,v3,v15,20.0,30.0,10.0,0.6,0.15,0.2,-6.0422,False,all_dynamic_snr,1.3578,0.3684
159,v3,v19,20.0,100.0,10.0,0.6,0.5,0.2,-14.4082,True,all_dynamic_snr,0.691,0.1605
159,v3,v7,20.0,150.0,10.0,0.6,0.75,0.2,-17.2257,True,all_dynamic_snr,0.5973,0.1268
159,v4,v15,40.0,10.44,30.0,1.0,0.0522,0.6,18.8841,False,all_dynamic_snr,2.9582,0.9578
159,v4,v3,40.0,20.22,20.0,1.0,0.1011,0.4,15.2892,False,all_dynamic_snr,2.9448,0.9529
159,v4,v11,40.0,40.11,40.0,1.0,0.2006,0.8,8.7558,True,all_dynamic_snr,2.8649,0.9469
159,v4,v19,40.0,80.06,10.0,1.0,0.4003,0.2,7.1374,False,all_dynamic_snr,2.81,0.9471
159,v4,v8,40.0,150.0,40.0,1.0,0.75,0.8,-0.4092,True,all_dynamic_snr,2.1563,0.7744
160,v1,v13,40.0,80.0,20.0,1.0,0.4,0.4,5.7336,False,all_dynamic_snr,2.7447,0.9324
160,v1,v5,40.0,140.0,0.0,1.0,0.7,0.0,5.662,False,all_dynamic_snr,2.7418,0.9322
160,v1,v6,40.0,190.02,0.0,1.0,0.9501,0.0,3.5391,True,all_dynamic_snr,2.6006,0.8967
160,v3,v15,20.0,20.0,20.0,0.6,0.1,0.4,-4.6334,True,all_dynamic_snr,1.5434,0.4449
160,v3,v11,20.0,40.0,10.0,0.6,0.2,0.2,-8.0412,False,all_dynamic_snr,1.1494,0.2969
160,v3,v4,20.0,40.11,10.0,0.6,0.2006,0.2,-8.0607,False,all_dynamic_snr,1.1468,0.3227
160,v3,v19,20.0,110.0,0.0,0.6,0.55,0.0,-12.6623,True,all_dynamic_snr,0.793,0.2008
160,v3,v7,20.0,140.0,10.0,0.6,0.7,0.2,-16.7463,True,all_dynamic_snr,0.6331,0.1311
160,v4,v15,40.0,20.22,10.0,1.0,0.1011,0.2,16.698,False,all_dynamic_snr,2.9534,0.9602
160,v4,v3,40.0,40.11,10.0,1.0,0.2006,0.2,11.9393,False,all_dynamic_snr,2.9187,0.9592
160,v4,v19,40.0,70.06,10.0,1.0,0.3503,0.2,8.0638,False,all_dynamic_snr,2.8407,0.952
160,v4,v11,40.0,80.06,0.0,1.0,0.4003,0.0,9.5457,False,all_dynamic_snr,2.8803,0.9588
160,v4,v8,40.0,110.0,10.0,1.0,0.55,0.2,4.9295,False,all_dynamic_snr,2.7045,0.9352
10,v1,v2,40.0,20.22,20.0,1.0,0.1011,0.4,15.2892,False,all_direct,15.2573,0.998
10,v1,v5,40.0,110.0,20.0,1.0,0.55,0.4,3.5207,False,all_direct,3.4884,0.9824
10,v1,v6,40.0,190.02,10.0,1.0,0.9501,0.2,1.1308,True,all_direct,1.0901,0.9727
10,v2,v1,20.0,20.22,20.0,0.6,0.1011,0.4,-4.7108,True,all_direct,-4.7277,0.8752
10,v2,v5,20.0,130.03,40.0,0.6,0.6502,0.8,-19.4167,True,all_direct,-19.4553,0.21
10,v3,v4,20.0,50.09,30.0,0.6,0.2504,0.6,-12.0125,True,all_direct,-12.0532,0.491
10,v3,v7,20.0,100.0,30.0,0.6,0.5,0.6,-16.8165,True,all_direct,-16.835,0.2992
10,v3,v8,20.0,130.03,10.0,0.6,0.6502,0.2,-16.2332,True,all_direct,-16.2588,0.2904
10,v4,v3,40.0,50.09,30.0,1.0,0.2504,0.6,7.9875,False,all_direct,7.9677,0.9941
10,v4,v7,40.0,50.09,0.0,1.0,0.2504,0.0,12.804,False,all_direct,12.776,0.998
10,v4,v8,40.0,80.0,20.0,1.0,0.4,0.4,5.7336,False,all_direct,5.7089,0.9893
10,v4,v12,40.0,170.0,20.0,1.0,0.85,0.4,0.4958,True,all_direct,0.4669,0.9637
10,v4,v16,40.0,170.0,20.0,1.0,0.85,0.4,0.4958,True,all_direct,0.4679,0.9746
11,v1,v2,40.0,3.0,10.0,1.0,0.015,0.2,29.9578,False,all_direct,29.9367,1.0
11,v1,v5,40.0,90.0,10.0,1.0,0.45,0.2,6.3239,False,all_direct,6.2866,0.9893
11,v2,v1,20.0,3.0,10.0,0.6,0.015,0.2,9.9578,False,all_direct,9.9366,0.9951
11,v2,v5,20.0,90.05,20.0,0.6,0.4502,0.4,-15.0887,True,all_direct,-15.1206,0.3502
11,v2,v6,20.0,200.0,0.0,0.6,1.0,0.0,-16.8165,True,all_direct,-16.85,0.2881
11,v3,v4,20.0,80.06,10.0,0.6,0.4003,0.2,-12.8626,True,all_direct,-12.896,0.4283
11,v3,v7,20.0,130.0,30.0,0.6,0.65,0.6,-18.6396,True,all_direct,-18.6692,0.2475
11,v3,v8,20.0,140.03,20.0,0.6,0.7002,0.4,-18.1566,True,all_direct,-18.1717,0.2379
11,v4,v7,40.0,50.09,20.0,1.0,0.2504,0.4,8.987,False,all_direct,8.9713,0.9951
11,v4,v8,40.0,60.0,10.0,1.0,0.3,0.2,9.1413,False,all_direct,9.1145,0.9961
11,v4,v3,40.0,80.06,10.0,1.0,0.4003,0.2,7.1374,False,all_direct,7.1171,0.9916
11,v4,v11,40.0,140.03,30.0,1.0,0.7002,0.6,0.8439,True,all_direct,0.8157,0.9721
11,v4,v12,40.0,190.0,10.0,1.0,0.95,0.2,1.1317,True,all_direct,1.1037,0.9707
12,v1,v2,40.0,10.44,20.0,1.0,0.0522,0.4,19.8836,False,all_direct,19.8585,0.998
12,v1,v5,40.0,100.0,0.0,1.0,0.5,0.0,8.0,False,all_direct,7.9703,0.9848
12,v1,v6,40.0,190.02,10.0,1.0,0.9501,0.2,1.1308,True,all_direct,1.1138,0.9711
12,v2,v1,20.0,10.44,20.0,0.6,0.0522,0.4,-0.1164,True,all_direct,-0.1601,0.9619
12,v2,v5,20.0,110.04,20.0,0.6,0.5502,0.4,-16.4818,True,all_direct,-16.5148,0.2969
12,v2,v6,20.0,200.0,10.0,0.6,1.0,0.2,-19.2247,True,all_direct,-19.2452,0.2178
12,v3,v4,20.0,70.06,0.0,0.6,0.3503,0.0,-9.5279,True,all_direct,-9.5679,0.6131
12,v3,v7,20.0,100.0,20.0,0.6,0.5,0.4,-15.817,True,all_direct,-15.8364,0.2887
12,v3,v8,20.0,120.04,20.0,0.6,0.6002,0.4,-17.086,True,all_direct,-17.1058,0.2674
12,v3,v11,20.0,180.0,10.0,0.6,0.9,0.2,-18.4926,True,all_direct,-18.5122,0.2588
12,v4,v7,40.0,30.15,20.0,1.0,0.1507,0.4,12.5145,False,all_direct,12.4889,0.998
12,v4,v8,40.0,50.0,20.0,1.0,0.25,0.4,8.9995,False,all_direct,8.9675,0.9951
12,v4,v3,40.0,70.06,0.0,1.0,0.3503,0.0,10.4721,False,all_direct,10.4553,0.9922
12,v4,v11,40.0,110.04,10.0,1.0,0.5502,0.2,4.9269,False,all_direct,4.9097,0.9844
12,v4,v12,40.0,180.0,10.0,1.0,0.9,0.2,1.5074,True,all_direct,1.4741,0.9756
13,v1,v2,40.0,30.15,10.0,1.0,0.1507,0.2,13.9232,False,all_direct,13.8957,0.9971
13,v1,v5,40.0,100.0,30.0,1.0,0.5,0.6,3.1835,True,all_direct,3.159,0.977
13,v1,v6,40.0,180.02,0.0,1.0,0.9001,0.0,3.9147,True,all_direct,3.8929,0.9857
13,v2,v1,20.0,30.15,10.0,0.6,0.1507,0.2,-6.0768,False,all_direct,-6.1066,0.8381
13,v2,v5,20.0,130.03,20.0,0.6,0.6502,0.4,-17.6419,True,all_direct,-17.6763,0.2537
13,v3,v4,20.0,70.06,10.0,0.6,0.3503,0.2,-11.9362,True,all_direct,-11.978,0.4992
13,v3,v7,20.0,120.0,10.0,0.6,0.6,0.2,-15.6751,True,all_direct,-15.714,0.2785
13,v3,v8,20.0,140.03,20.0,0.6,0.7002,0.4,-18.1566,True,all_direct,-18.1797,0.243
13,v3,v11,20.0,190.0,10.0,0.6,0.95,0.2,-18.8683,True,all_direct,-18.8925,0.2176
13,v4,v7,40.0,50.09,20.0,1.0,0.2504,0.4,8.987,False,all_direct,8.9486,0.9951
13,v4,v8,40.0,70.0,10.0,1.0,0.35,0.2,8.0702,False,all_direct,8.0384,0.9932
13,v4,v3,40.0,70.06,10.0,1.0,0.3503,0.2,8.0638,False,all_direct,8.0375,0.9922
13,v4,v11,40.0,120.04,0.0,1.0,0.6002,0.0,6.7309,False,all_direct,6.7048,0.9893
13,v4,v12,40.0,170.0,0.0,1.0,0.85,0.0,4.3128,True,all_direct,4.286,0.9844
14,v1,v2,40.0,20.22,30.0,1.0,0.1011,0.6,14.2897,False,all_direct,14.2661,0.9951
14,v1,v5,40.0,130.0,30.0,1.0,0.65,0.6,1.3604,True,all_direct,1.3234,0.9756
14,v1,v6,40.0,180.02,40.0,1.0,0.9001,0.8,-1.6771,True,all_direct,-1.7064,0.9484
14,v2,v1,20.0,20.22,30.0,0.6,0.1011,0.6,-5.7103,True,all_direct,-5.7347,0.8402
14,v2,v5,20.0,150.03,0.0,0.6,0.7501,0.0,-14.8188,True,all_direct,-14.8458,0.3408
14,v2,v6,20.0,200.0,10.0,0.6,1.0,0.2,-19.2247,True,all_direct,-19.2413,0.2299
14,v3,v4,20.0,80.06,10.0,0.6,0.4003,0.2,-12.8626,True,all_direct,-12.877,0.4721
14,v3,v7,20.0,110.0,10.0,0.6,0.55,0.2,-15.0705,True,all_direct,-15.0925,0.333
14,v3,v8,20.0,160.03,10.0,0.6,0.8001,0.2,-17.6754,True,all_direct,-17.7041,0.2684
14,v3,v11,20.0,200.0,10.0,0.6,1.0,0.2,-19.2247,True,all_direct,-19.2531,0.2383
14,v4,v7,40.0,30.15,20.0,1.0,0.1507,0.4,12.5145,False,all_direct,12.4931,0.9926
14,v4,v8,40.0,80.0,0.0,1.0,0.4,0.0,9.5506,False,all_direct,9.523,0.9961
14,v4,v3,40.0,80.06,10.0,1.0,0.4003,0.2,7.1374,False,all_direct,7.1214,0.9902
14,v4,v11,40.0,120.04,0.0,1.0,0.6002,0.0,6.7309,False,all_direct,6.7038,0.9877
14,v4,v12,40.0,170.0,20.0,1.0,0.85,0.4,0.4958,True,all_direct,0.4821,0.9701
15,v1,v2,40.0,50.09,20.0,1.0,0.2504,0.4,8.987,False,all_direct,8.9679,0.9932
15,v1,v5,40.0,100.0,10.0,1.0,0.5,0.2,5.5918,False,all_direct,5.5603,0.9912
15,v1,v6,40.0,140.03,10.0,1.0,0.7002,0.2,3.2521,False,all_direct,3.2194,0.9848
15,v2,v1,20.0,50.09,20.0,0.6,0.2504,0.4,-11.013,True,all_direct,-11.0345,0.5469
15,v2,v5,20.0,150.03,10.0,0.6,0.7501,0.2,-17.2271,True,all_direct,-17.2527,0.2711
15,v2,v6,20.0,190.0,30.0,0.6,0.95,0.6,-21.2765,True,all_direct,-21.296,0.1922
15,v3,v4,20.0,70.06,30.0,0.6,0.3503,0.6,-14.3444,True,all_direct,-14.3642,0.3852
15,v3,v7,20.0,120.0,20.0,0.6,0.6,0.4,-17.0839,True,all_direct,-17.11,0.2701
15,v3,v8,20.0,150.03,10.0,0.6,0.7501,0.2,-17.2271,True,all_direct,-17.2611,0.3197
15,v3,v11,20.0,190.0,10.0,0.6,0.95,0.2,-18.8683,True,all_direct,-18.8936,0.252
15,v4,v7,40.0,50.09,10.0,1.0,0.2504,0.2,10.3958,False,all_direct,10.3726,0.9941
15,v4,v3,40.0,70.06,30.0,1.0,0.3503,0.6,5.6556,False,all_direct,5.6283,0.9902
15,v4,v8,40.0,80.0,40.0,1.0,0.4,0.8,3.9588,True,all_direct,3.926,0.9838
15,v4,v11,40.0,120.04,40.0,1.0,0.6002,0.8,1.1392,True,all_direct,1.1234,0.9854
15,v4,v12,40.0,190.0,40.0,1.0,0.95,0.8,-2.0518,True,all_direct,-2.0808,0.9352
16,v1,v2,40.0,30.15,0.0,1.0,0.1507,0.0,16.3315,False,all_direct,16.3063,0.9951
16,v1,v5,40.0,110.0,20.0,1.0,0.55,0.4,3.5207,False,all_direct,3.4916,0.9838
16,v1,v6,40.0,130.03,10.0,1.0,0.6502,0.2,3.7668,False,all_direct,3.7375,0.9863
16,v2,v1,20.0,30.15,0.0,0.6,0.1507,0.0,-3.6685,False,all_direct,-3.6868,0.9029
16,v2,v5,20.0,140.03,20.0,0.6,0.7002,0.4,-18.1566,True,all_direct,-18.1841,0.2402
16,v2,v6,20.0,160.0,10.0,0.6,0.8,0.2,-17.6742,True,all_direct,-17.7057,0.2648
16,v3,v4,20.0,100.04,40.0,0.6,0.5002,0.8,-17.5949,True,all_direct,-17.6206,0.2699
16,v3,v7,20.0,140.0,0.0,0.6,0.7,0.0,-14.338,True,all_direct,-14.358,0.3789
16,v3,v8,20.0,140.03,0.0,0.6,0.7002,0.0,-14.3396,True,all_direct,-14.3748,0.3666
16,v3,v11,20.0,180.0,10.0,0.6,0.9,0.2,-18.4926,True,all_direct,-18.5177,0.2359
16,v4,v8,40.0,40.0,40.0,1.0,0.2,0.8,8.7753,True,all_direct,8.7426,0.9877
16,v4,v7,40.0,40.11,40.0,1.0,0.2006,0.8,8.7558,True,all_direct,8.7337,0.9893
16,v4,v11,40.0,80.06,30.0,1.0,0.4003,0.6,4.7292,False,all_direct,4.7049,0.9873
16,v4,v3,40.0,100.04,40.0,1.0,0.5002,0.8,2.4051,True,all_direct,2.3892,0.9824
16,v4,v12,40.0,150.0,40.0,1.0,0.75,0.8,-0.4092,True,all_direct,-0.4307,0.9557
17,v1,v2,40.0,30.15,40.0,1.0,0.1507,0.8,10.7397,True,all_direct,10.7102,0.998
17,v1,v5,40.0,130.0,30.0,1.0,0.65,0.6,1.3604,True,all_direct,1.3283,0.9711
17,v1,v6,40.0,140.03,40.0,1.0,0.7002,0.8,0.0686,True,all_direct,0.0362,0.9637
17,v2,v1,20.0,30.15,40.0,0.6,0.1507,0.8,-9.2603,True,all_direct,-9.2936,0.6516
17,v2,v5,20.0,160.03,10.0,0.6,0.8001,0.2,-17.6754,True,all_direct,-17.7045,0.2393
17,v2,v6,20.0,170.0,0.0,0.6,0.85,0.0,-15.6872,True,all_direct,-15.7103,0.3383
17,v3,v4,20.0,60.07,0.0,0.6,0.3004,0.0,-8.4591,True,all_direct,-8.4692,0.6867
17,v3,v7,20.0,140.0,0.0,0.6,0.7,0.0,-14.338,True,all_direct,-14.3673,0.376
17,v3,v8,20.0,140.03,10.0,0.6,0.7002,0.2,-16.7479,True,all_direct,-16.7781,0.2682
17,v3,v11,20.0,170.0,20.0,0.6,0.85,0.4,-19.5042,True,all_direct,-19.5295,0.2047
17,v4,v3,40.0,60.07,0.0,1.0,0.3004,0.0,11.5409,False,all_direct,11.5122,0.998
17,v4,v8,40.0,80.0,10.0,1.0,0.4,0.2,7.1423,False,all_direct,7.1096,0.9941
17,v4,v7,40.0,80.06,0.0,1.0,0.4003,0.0,9.5457,False,all_direct,9.5132,0.9961
17,v4,v11,40.0,110.04,20.0,1.0,0.5502,0.4,3.5182,False,all_direct,3.4834,0.9912
17,v4,v12,40.0,190.0,0.0,1.0,0.95,0.0,3.5399,True,all_direct,3.5212,0.9818
18,v1,v2,40.0,70.06,10.0,1.0,0.3503,0.2,8.0638,False,all_direct,8.0355,0.9961
18,v1,v5,40.0,100.0,30.0,1.0,0.5,0.6,3.1835,True,all_direct,3.1448,0.9834
18,v1,v6,40.0,100.04,40.0,1.0,0.5002,0.8,2.4051,True,all_direct,2.3691,0.9779
18,v2,v1,20.0,70.06,10.0,0.6,0.3503,0.2,-11.9362,True,all_direct,-11.9574,0.5197
18,v2,v6,20.0,170.0,30.0,0.6,0.85,0.6,-20.5037,True,all_direct,-20.5285,0.2141
18,v2,v5,20.0,170.03,20.0,0.6,0.8501,0.4,-19.5052,True,all_direct,-19.52,0.2332
18,v3,v4,20.0,60.07,10.0,0.6,0.3004,0.2,-10.8673,True,all_direct,-10.8949,0.5852
18,v3,v8,20.0,130.03,0.0,0.6,0.6502,0.0,-13.8249,True,all_direct,-13.8402,0.3811
18,v3,v7,20.0,140.0,20.0,0.6,0.7,0.4,-18.155,True,all_direct,-18.1867,0.2729
18,v3,v11,20.0,150.0,10.0,0.6,0.75,0.2,-17.2257,True,all_direct,-17.2478,0.2775
18,v4,v3,40.0,60.07,10.0,1.0,0.3004,0.2,9.1327,False,all_direct,9.105,0.9941
18,v4,v8,40.0,70.0,10.0,1.0,0.35,0.2,8.0702,False,all_direct,8.0377,0.9893
18,v4,v7,40.0,80.06,10.0,1.0,0.4003,0.2,7.1374,False,all_direct,7.1139,0.9873
18,v4,v11,40.0,90.05,0.0,1.0,0.4502,0.0,8.7283,False,all_direct,8.7089,0.9916
18,v4,v12,40.0,190.0,30.0,1.0,0.95,0.6,-1.2765,True,all_direct,-1.3077,0.9434
19,v1,v2,40.0,60.07,20.0,1.0,0.3004,0.4,7.7239,False,all_direct,7.6893,0.9893
19,v1,v5,40.0,130.0,0.0,1.0,0.65,0.0,6.1769,False,all_direct,6.1588,0.9854
19,v1,v6,40.0,140.03,10.0,1.0,0.7002,0.2,3.2521,False,all_direct,3.2232,0.9773
19,v2,v1,20.0,60.07,20.0,0.6,0.3004,0.4,-12.2761,True,all_direct,-12.3137,0.4635
19,v2,v5,20.0,190.02,20.0,0.6,0.9501,0.4,-20.2779,True,all_direct,-20.2961,0.224
19,v2,v6,20.0,200.0,30.0,0.6,1.0,0.6,-21.633,True,all_direct,-21.6585,0.1936
19,v3,v4,20.0,50.09,30.0,0.6,0.2504,0.6,-12.0125,True,all_direct,-12.0277,0.4912
19,v3,v7,20.0,120.0,30.0,0.6,0.6,0.6,-18.0834,True,all_direct,-18.0996,0.2385
19,v3,v8,20.0,130.03,0.0,0.6,0.6502,0.0,-13.8249,True,all_direct,-13.8435,0.3742
19,v3,v11,20.0,140.0,0.0,0.6,0.7,0.0,-14.338,True,all_direct,-14.3723,0.3758
19,v4,v3,40.0,50.09,30.0,1.0,0.2504,0.6,7.9875,False,all_direct,7.9767,0.9932
19,v4,v7,40.0,70.06,0.0,1.0,0.3503,0.0,10.4721,False,all_direct,10.4558,0.9951
19,v4,v8,40.0,80.0,30.0,1.0,0.4,0.6,4.7341,False,all_direct,4.7194,0.9838
19,v4,v11,40.0,90.05,30.0,1.0,0.4502,0.6,3.9118,True,all_direct,3.8869,0.9881
19,v4,v12,40.0,160.0,20.0,1.0,0.8,0.4,0.9171,True,all_direct,0.8766,0.9697
20,v1,v2,40.0,40.11,0.0,1.0,0.2006,0.0,14.3476,False,all_direct,14.3232,0.998
20,v1,v5,40.0,130.0,30.0,1.0,0.65,0.6,1.3604,True,all_direct,1.3175,0.9734
20,v1,v6,40.0,130.03,30.0,1.0,0.6502,0.6,1.3586,True,all_direct,1.3301,0.9746
20,v2,v1,20.0,40.11,0.0,0.6,0.2006,0.0,-5.6524,False,all_direct,-5.6818,0.8416
20,v2,v6,20.0,170.0,30.0,0.6,0.85,0.6,-20.5037,True,all_direct,-20.5281,0.2125
20,v2,v5,20.0,170.03,30.0,0.6,0.8501,0.6,-20.5047,True,all_direct,-20.5339,0.1795
20,v3,v4,20.0,80.06,30.0,0.6,0.4003,0.6,-15.2708,True,all_direct,-15.2951,0.3563
20,v3,v8,20.0,130.03,10.0,0.6,0.6502,0.2,-16.2332,True,all_direct,-16.2529,0.316
20,v3,v11,20.0,140.0,20.0,0.6,0.7,0.4,-18.155,True,all_direct,-18.1688,0.243
20,v3,v7,20.0,150.0,0.0,0.6,0.75,0.0,-14.8175,True,all_direct,-14.836,0.3422
20,v4,v8,40.0,50.0,20.0,1.0,0.25,0.4,8.9995,False,all_direct,8.9824,0.9941
20,v4,v11,40.0,60.07,10.0,1.0,0.3004,0.2,9.1327,False,all_direct,9.1019,0.9932
20,v4,v7,40.0,70.06,30.0,1.0,0.3503,0.6,5.6556,False,all_direct,5.6397,0.9873
20,v4,v3,40.0,80.06,30.0,1.0,0.4003,0.6,4.7292,False,all_direct,4.7104,0.9873
20,v4,v12,40.0,140.0,10.0,1.0,0.7,0.2,3.2537,False,all_direct,3.2244,0.9863
21,v1,v2,40.0,40.11,30.0,1.0,0.2006,0.6,9.5311,False,all_direct,9.5072,0.9936
21,v1,v5,40.0,160.0,0.0,1.0,0.8,0.0,4.7341,True,all_direct,4.7003,0.9893
21,v1,v6,40.0,160.03,40.0,1.0,0.8001,0.8,-0.8589,True,all_direct,-0.883,0.9588
21,v2,v1,20.0,40.11,30.0,0.6,0.2006,0.6,-10.4689,True,all_direct,-10.4875,0.593
21,v2,v6,20.0,200.0,10.0,0.6,1.0,0.2,-19.2247,True,all_direct,-19.242,0.2043
21,v3,v4,20.0,110.04,40.0,0.6,0.5502,0.8,-18.2566,True,all_direct,-18.2781,0.2451
21,v3,v8,20.0,140.03,40.0,0.6,0.7002,0.8,-19.9314,True,all_direct,-19.9584,0.2088
21,v3,v7,20.0,150.0,40.0,0.6,0.75,0.8,-20.4092,True,all_direct,-20.4264,0.2217
21,v3,v11,20.0,160.0,10.0,0.6,0.8,0.2,-17.6742,True,all_direct,-17.7065,0.26
21,v4,v8,40.0,30.0,0.0,1.0,0.15,0.0,16.3661,False,all_direct,16.3399,0.9961
21,v4,v7,40.0,40.11,0.0,1.0,0.2006,0.0,14.3476,False,all_direct,14.3136,0.9961
21,v4,v11,40.0,50.09,30.0,1.0,0.2504,0.6,7.9875,False,all_direct,7.9535,0.9902
21,v4,v3,40.0,110.04,40.0,1.0,0.5502,0.8,1.7434,True,all_direct,1.7205,0.9727
21,v4,v12,40.0,130.0,30.0,1.0,0.65,0.6,1.3604,True,all_direct,1.3555,0.9727
22,v1,v2,40.0,70.06,10.0,1.0,0.3503,0.2,8.0638,False,all_direct,8.034,0.9971
22,v1,v6,40.0,120.04,10.0,1.0,0.6002,0.2,4.3227,False,all_direct,4.2848,0.9893
22,v1,v5,40.0,160.0,20.0,1.0,0.8,0.4,0.9171,True,all_direct,0.8843,0.9672
22,v2,v1,20.0,70.06,10.0,0.6,0.3503,0.2,-11.9362,True,all_direct,-11.9615,0.468
22,v2,v6,20.0,190.0,0.0,0.6,0.95,0.0,-16.4601,True,all_direct,-16.4789,0.3094
22,v3,v4,20.0,150.03,10.0,0.6,0.7501,0.2,-17.2271,True,all_direct,-17.2466,0.2797
22,v3,v11,20.0,170.0,20.0,0.6,0.85,0.4,-19.5042,True,all_direct,-19.5278,0.2426
22,v3,v8,20.0,180.02,10.0,0.6,0.9001,0.2,-18.4936,True,all_direct,-18.524,0.2467
22,v3,v7,20.0,190.0,10.0,0.6,0.95,0.2,-18.8683,True,all_direct,-18.8887,0.2242
22,v4,v11,40.0,20.22,30.0,1.0,0.1011,0.6,14.2897,False,all_direct,14.264,0.9951
22,v4,v8,40.0,30.0,20.0,1.0,0.15,0.4,12.5491,False,all_direct,12.5147,0.9961
22,v4,v7,40.0,40.11,20.0,1.0,0.2006,0.4,10.5306,False,all_direct,10.5088,0.9941
22,v4,v12,40.0,100.0,10.0,1.0,0.5,0.2,5.5918,False,all_direct,5.5561,0.9854
22,v4,v3,40.0,150.03,10.0,1.0,0.7501,0.2,2.7729,False,all_direct,2.7461,0.9828
23,v1,v2,40.0,80.06,30.0,1.0,0.4003,0.6,4.7292,False,all_direct,4.702,0.9844
23,v1,v6,40.0,110.04,30.0,1.0,0.5502,0.6,2.5187,True,all_direct,2.4975,0.977
23,v1,v5,40.0,140.0,40.0,1.0,0.7,0.8,0.0702,True,all_direct,0.0356,0.9668
23,v2,v1,20.0,80.06,30.0,0.6,0.4003,0.6,-15.2708,True,all_direct,-15.3004,0.3449
23,v2,v6,20.0,190.0,0.0,0.6,0.95,0.0,-16.4601,True,all_direct,-16.4848,0.293
23,v3,v4,20.0,140.03,40.0,0.6,0.7002,0.8,-19.9314,True,all_direct,-19.9545,0.2082
23,v3,v11,20.0,190.0,30.0,0.6,0.95,0.6,-21.2765,True,all_direct,-21.302,0.1973
23,v3,v8,20.0,190.02,40.0,0.6,0.9501,0.8,-22.0527,True,all_direct,-22.082,0.1822
23,v3,v7,20.0,200.0,0.0,0.6,1.0,0.0,-16.8165,True,all_direct,-16.8546,0.315
23,v4,v8,40.0,50.0,0.0,1.0,0.25,0.0,12.8165,False,all_direct,12.8031,0.998
23,v4,v11,40.0,50.09,10.0,1.0,0.2504,0.2,10.3958,False,all_direct,10.3714,0.9932
23,v4,v7,40.0,60.07,40.0,1.0,0.3004,0.8,5.9491,True,all_direct,5.922,0.9912
23,v4,v12,40.0,90.0,40.0,1.0,0.45,0.8,3.1404,True,all_direct,3.1172,0.9877
23,v4,v3,40.0,140.03,40.0,1.0,0.7002,0.8,0.0686,True,all_direct,0.0389,0.9633
24,v1,v2,40.0,50.09,0.0,1.0,0.2504,0.0,12.804,False,all_direct,12.7855,0.9951
24,v1,v6,40.0,140.03,30.0,1.0,0.7002,0.6,0.8439,True,all_direct,0.8152,0.9688
24,v1,v5,40.0,180.0,20.0,1.0,0.9,0.4,0.0987,True,all_direct,0.0787,0.9643
24,v2,v1,20.0,50.09,0.0,0.6,0.2504,0.0,-7.196,False,all_direct,-7.2285,0.7455
24,v2,v6,20.0,190.0,30.0,0.6,0.95,0.6,-21.2765,True,all_direct,-21.3218,0.176
24,v3,v4,20.0,100.04,20.0,0.6,0.5002,0.4,-15.8201,True,all_direct,-15.8458,0.3098
24,v3,v8,20.0,150.03,30.0,0.6,0.7501,0.6,-19.6353,True,all_direct,-19.6625,0.2035
24,v3,v11,20.0,160.0,30.0,0.6,0.8,0.6,-20.0824,True,all_direct,-20.1094,0.2049
24,v3,v7,20.0,200.0,20.0,0.6,1.0,0.4,-20.6334,True,all_direct,-20.6558,0.2012
24,v4,v8,40.0,50.0,10.0,1.0,0.25,0.2,10.4082,False,all_direct,10.3893,0.9971
24,v4,v11,40.0,60.07,10.0,1.0,0.3004,0.2,9.1327,False,all_direct,9.1058,0.9922
24,v4,v3,40.0,100.04,20.0,1.0,0.5002,0.4,4.1799,False,all_direct,4.1607,0.9902
24,v4,v7,40.0,100.04,0.0,1.0,0.5002,0.0,7.9969,False,all_direct,7.9754,0.9932
24,v4,v12,40.0,130.0,0.0,1.0,0.65,0.0,6.1769,False,all_direct,6.143,0.9877
25,v1,v2,40.0,50.09,40.0,1.0,0.2504,0.8,7.2122,True,all_direct,7.1874,0.9877
25,v1,v6,40.0,170.03,10.0,1.0,0.8501,0.2,1.9035,True,all_direct,1.8772,0.973
25,v1,v5,40.0,200.0,20.0,1.0,1.0,0.4,-0.6334,True,all_direct,-0.6581,0.96
25,v2,v1,20.0,50.09,40.0,0.6,0.2504,0.8,-12.7878,True,all_direct,-12.8211,0.4145
25,v3,v4,20.0,120.04,30.0,0.6,0.6002,0.6,-18.0856,True,all_direct,-18.1214,0.241
25,v3,v8,20.0,180.02,10.0,0.6,0.9001,0.2,-18.4936,True,all_direct,-18.5194,0.2338
25,v3,v11,20.0,190.0,10.0,0.6,0.95,0.2,-18.8683,True,all_direct,-18.8994,0.2389
25,v4,v8,40.0,60.0,40.0,1.0,0.3,0.8,5.9578,True,all_direct,5.9326,0.9922
25,v4,v11,40.0,70.06,20.0,1.0,0.3503,0.4,6.6551,False,all_direct,6.64,0.9896
25,v4,v7,40.0,100.04,20.0,1.0,0.5002,0.4,4.1799,False,all_direct,4.1554,0.9863
25,v4,v3,40.0,120.04,30.0,1.0,0.6002,0.6,1.9144,True,all_direct,1.8857,0.9691
25,v4,v12,40.0,130.0,30.0,1.0,0.65,0.6,1.3604,True,all_direct,1.3259,0.9809
26,v1,v2,40.0,90.05,10.0,1.0,0.4502,0.2,6.32,False,all_direct,6.2954,0.9883
26,v1,v6,40.0,160.03,40.0,1.0,0.8001,0.8,-0.8589,True,all_direct,-0.8825,0.9584
26,v1,v5,40.0,180.0,0.0,1.0,0.9,0.0,3.9156,True,all_direct,3.9018,0.9873
26,v2,v1,20.0,90.05,10.0,0.6,0.4502,0.2,-13.68,True,all_direct,-13.6959,0.3977
26,v3,v4,20.0,90.05,20.0,0.6,0.4502,0.4,-15.0887,True,all_direct,-15.1158,0.3455
26,v3,v11,20.0,180.0,10.0,0.6,0.9,0.2,-18.4926,True,all_direct,-18.5251,0.2416
26,v3,v8,20.0,190.02,0.0,0.6,0.9501,0.0,-16.4609,True,all_direct,-16.4747,0.316
26,v4,v3,40.0,90.05,20.0,1.0,0.4502,0.4,4.9113,False,all_direct,4.878,0.9912
26,v4,v11,40.0,90.05,10.0,1.0,0.4502,0.2,6.32,False,all_direct,6.2843,0.9932
26,v4,v8,40.0,100.0,20.0,1.0,0.5,0.4,4.183,False,all_direct,4.1446,0.9854
26,v4,v7,40.0,120.04,10.0,1.0,0.6002,0.2,4.3227,False,all_direct,4.3007,0.9818
26,v4,v12,40.0,160.0,20.0,1.0,0.8,0.4,0.9171,True,all_direct,0.9016,0.9766
27,v1,v2,40.0,100.04,20.0,1.0,0.5002,0.4,4.1799,False,all_direct,4.1452,0.9877
27,v1,v6,40.0,120.04,0.0,1.0,0.6002,0.0,6.7309,False,all_direct,6.7043,0.9912
27,v1,v5,40.0,180.0,10.0,1.0,0.9,0.2,1.5074,True,all_direct,1.4805,0.9805
27,v2,v1,20.0,100.04,20.0,0.6,0.5002,0.4,-15.8201,True,all_direct,-15.8438,0.3096
27,v3,v4,20.0,110.04,20.0,0.6,0.5502,0.4,-16.4818,True,all_direct,-16.5245,0.3121
27,v3,v11,20.0,190.0,40.0,0.6,0.95,0.8,-22.0518,True,all_direct,-22.0758,0.193
27,v3,v8,20.0,190.02,30.0,0.6,0.9501,0.6,-21.2774,True,all_direct,-21.2936,0.1883
27,v4,v8,40.0,80.0,10.0,1.0,0.4,0.2,7.1423,False,all_direct,7.1281,0.9883
27,v4,v11,40.0,80.06,20.0,1.0,0.4003,0.4,5.7287,False,all_direct,5.7027,0.9867
27,v4,v3,40.0,110.04,20.0,1.0,0.5502,0.4,3.5182,False,all_direct,3.4993,0.9814
27,v4,v7,40.0,110.04,10.0,1.0,0.5502,0.2,4.9269,False,all_direct,4.8931,0.9809
27,v4,v12,40.0,140.0,20.0,1.0,0.7,0.4,1.845,True,all_direct,1.8245,0.9734
28,v1,v2,40.0,80.06,20.0,1.0,0.4003,0.4,5.7287,False,all_direct,5.7009,0.9912
28,v1,v6,40.0,120.04,10.0,1.0,0.6002,0.2,4.3227,False,all_direct,4.2992,0.9832
28,v1,v5,40.0,190.0,10.0,1.0,0.95,0.2,1.1317,True,all_direct,1.101,0.976
28,v2,v1,20.0,80.06,20.0,0.6,0.4003,0.4,-14.2713,True,all_direct,-14.2876,0.383
28,v2,v6,20.0,200.0,10.0,0.6,1.0,0.2,-19.2247,True,all_direct,-19.2491,0.2264
28,v3,v4,20.0,90.05,10.0,0.6,0.4502,0.2,-13.68,True,all_direct,-13.7107,0.4115
28,v3,v11,20.0,150.0,10.0,0.6,0.75,0.2,-17.2257,True,all_direct,-17.2436,0.257
28,v3,v8,20.0,160.03,10.0,0.6,0.8001,0.2,-17.6754,True,all_direct,-17.7103,0.2668
28,v4,v11,40.0,60.07,0.0,1.0,0.3004,0.0,11.5409,False,all_direct,11.5218,0.9951
28,v4,v8,40.0,70.0,20.0,1.0,0.35,0.4,6.6615,False,all_direct,6.6418,0.9854
28,v4,v3,40.0,90.05,10.0,1.0,0.4502,0.2,6.32,False,all_direct,6.303,0.9945
28,v4,v7,40.0,120.04,0.0,1.0,0.6002,0.0,6.7309,False,all_direct,6.7122,0.9893
28,v4,v12,40.0,160.0,20.0,1.0,0.8,0.4,0.9171,True,all_direct,0.8936,0.9672
29,v1,v2,40.0,100.04,10.0,1.0,0.5002,0.2,5.5886,False,all_direct,5.5567,0.9873
29,v1,v6,40.0,110.04,20.0,1.0,0.5502,0.4,3.5182,False,all_direct,3.5032,0.9824
29,v1,v5,40.0,180.0,10.0,1.0,0.9,0.2,1.5074,True,all_direct,1.4857,0.9717
29,v2,v1,20.0,100.04,10.0,0.6,0.5002,0.2,-14.4114,True,all_direct,-14.4346,0.3904
29,v3,v4,20.0,100.04,10.0,0.6,0.5002,0.2,-14.4114,True,all_direct,-14.4319,0.377
29,v3,v8,20.0,150.03,20.0,0.6,0.7501,0.4,-18.6358,True,all_direct,-18.6569,0.2328
29,v3,v11,20.0,160.0,10.0,0.6,0.8,0.2,-17.6742,True,all_direct,-17.6992,0.2605
29,v4,v8,40.0,50.0,30.0,1.0,0.25,0.6,8.0,False,all_direct,7.9728,0.9932
29,v4,v11,40.0,60.07,0.0,1.0,0.3004,0.0,11.5409,False,all_direct,11.5175,0.9951
29,v4,v3,40.0,100.04,10.0,1.0,0.5002,0.2,5.5886,False,all_direct,5.5811,0.9916
29,v4,v7,40.0,120.04,20.0,1.0,0.6002,0.4,2.914,False,all_direct,2.8901,0.9834
29,v4,v12,40.0,140.0,20.0,1.0,0.7,0.4,1.845,True,all_direct,1.8104,0.9828
30,v1,v6,40.0,90.05,10.0,1.0,0.4502,0.2,6.32,False,all_direct,6.2993,0.9863
30,v1,v2,40.0,110.04,10.0,1.0,0.5502,0.2,4.9269,False,all_direct,4.8938,0.9902
30,v1,v5,40.0,170.0,10.0,1.0,0.85,0.2,1.9046,True,all_direct,1.8788,0.9779
30,v2,v1,20.0,110.04,10.0,0.6,0.5502,0.2,-15.0731,True,all_direct,-15.0998,0.3516
30,v2,v6,20.0,200.0,0.0,0.6,1.0,0.0,-16.8165,True,all_direct,-16.8459,0.2887
30,v3,v4,20.0,90.05,20.0,0.6,0.4502,0.4,-15.0887,True,all_direct,-15.1165,0.352
30,v3,v11,20.0,150.0,20.0,0.6,0.75,0.4,-18.6344,True,all_direct,-18.6633,0.248
30,v3,v8,20.0,170.03,10.0,0.6,0.8501,0.2,-18.0965,True,all_direct,-18.1168,0.2436
30,v4,v11,40.0,60.07,0.0,1.0,0.3004,0.0,11.5409,False,all_direct,11.5072,0.998
30,v4,v8,40.0,80.0,30.0,1.0,0.4,0.6,4.7341,False,all_direct,4.7181,0.9809
30,v4,v3,40.0,90.05,20.0,1.0,0.4502,0.4,4.9113,False,all_direct,4.8704,0.9887
30,v4,v7,40.0,140.03,40.0,1.0,0.7002,0.8,0.0686,True,all_direct,0.0421,0.974
30,v4,v12,40.0,160.0,0.0,1.0,0.8,0.0,4.7341,True,all_direct,4.7101,0.9844
31,v1,v2,40.0,100.04,0.0,1.0,0.5002,0.0,7.9969,False,all_direct,7.9611,0.9902
31,v1,v6,40.0,100.04,20.0,1.0,0.5002,0.4,4.1799,False,all_direct,4.1599,0.9773
31,v1,v5,40.0,180.0,20.0,1.0,0.9,0.4,0.0987,True,all_direct,0.0886,0.9623
31,v2,v1,20.0,100.04,0.0,0.6,0.5002,0.0,-12.0031,True,all_direct,-12.0365,0.493
31,v2,v6,20.0,200.0,20.0,0.6,1.0,0.4,-20.6334,True,all_direct,-20.6623,0.2258
31,v3,v4,20.0,110.04,10.0,0.6,0.5502,0.2,-15.0731,True,all_direct,-15.0916,0.3582
31,v3,v8,20.0,160.03,10.0,0.6,0.8001,0.2,-17.6754,True,all_direct,-17.7145,0.2533
31,v3,v11,20.0,170.0,30.0,0.6,0.85,0.6,-20.5037,True,all_direct,-20.5217,0.199
31,v4,v8,40.0,50.0,0.0,1.0,0.25,0.0,12.8165,False,all_direct,12.7848,0.998
31,v4,v11,40.0,60.07,40.0,1.0,0.3004,0.8,5.9491,True,all_direct,5.9176,0.9896
31,v4,v7,40.0,100.04,10.0,1.0,0.5002,0.2,5.5886,False,all_direct,5.568,0.9883
31,v4,v3,40.0,110.04,10.0,1.0,0.5502,0.2,4.9269,False,all_direct,4.8934,0.9848
31,v4,v12,40.0,160.0,10.0,1.0,0.8,0.2,2.3258,True,all_direct,2.3037,0.9764
32,v1,v2,40.0,100.04,20.0,1.0,0.5002,0.4,4.1799,False,all_direct,4.1535,0.9854
32,v1,v6,40.0,120.04,20.0,1.0,0.6002,0.4,2.914,False,all_direct,2.8921,0.9805
32,v1,v5,40.0,160.0,0.0,1.0,0.8,0.0,4.7341,True,all_direct,4.7046,0.9912
32,v2,v1,20.0,100.04,20.0,0.6,0.5002,0.4,-15.8201,True,all_direct,-15.851,0.2967
32,v3,v4,20.0,100.04,20.0,0.6,0.5002,0.4,-15.8201,True,all_direct,-15.8411,0.3305
32,v3,v8,20.0,150.03,20.0,0.6,0.7501,0.4,-18.6358,True,all_direct,-18.6618,0.2551
32,v3,v11,20.0,200.0,40.0,0.6,1.0,0.8,-22.4082,True,all_direct,-22.428,0.184
32,v4,v8,40.0,50.0,0.0,1.0,0.25,0.0,12.8165,False,all_direct,12.7821,0.9971
32,v4,v3,40.0,100.04,20.0,1.0,0.5002,0.4,4.1799,False,all_direct,4.1459,0.9873
32,v4,v11,40.0,100.04,20.0,1.0,0.5002,0.4,4.1799,False,all_direct,4.1426,0.9883
32,v4,v7,40.0,110.04,10.0,1.0,0.5502,0.2,4.9269,False,all_direct,4.8913,0.9848
32,v4,v12,40.0,170.0,10.0,1.0,0.85,0.2,1.9046,True,all_direct,1.8944,0.9727
33,v1,v2,40.0,80.06,40.0,1.0,0.4003,0.8,3.9539,True,all_direct,3.9225,0.9922
33,v1,v6,40.0,140.03,10.0,1.0,0.7002,0.2,3.2521,False,all_direct,3.2134,0.9805
33,v1,v5,40.0,160.0,30.0,1.0,0.8,0.6,-0.0824,True,all_direct,-0.1065,0.9701
33,v2,v1,20.0,80.06,40.0,0.6,0.4003,0.8,-16.0461,True,all_direct,-16.078,0.3217
33,v3,v4,20.0,80.06,0.0,0.6,0.4003,0.0,-10.4543,True,all_direct,-10.4692,0.6029
33,v3,v8,20.0,130.03,20.0,0.6,0.6502,0.4,-17.6419,True,all_direct,-17.6556,0.2881
33,v3,v11,20.0,160.0,10.0,0.6,0.8,0.2,-17.6742,True,all_direct,-17.6875,0.2699
33,v3,v7,20.0,180.0,20.0,0.6,0.9,0.4,-19.9013,True,all_direct,-19.9234,0.2189
33,v4,v8,40.0,50.0,20.0,1.0,0.25,0.4,8.9995,False,all_direct,8.97,0.9941
33,v4,v3,40.0,80.06,0.0,1.0,0.4003,0.0,9.5457,False,all_direct,9.526,0.9932
33,v4,v11,40.0,80.06,10.0,1.0,0.4003,0.2,7.1374,False,all_direct,7.0981,0.9902
33,v4,v7,40.0,100.04,20.0,1.0,0.5002,0.4,4.1799,False,all_direct,4.1593,0.9832
33,v4,v12,40.0,180.0,10.0,1.0,0.9,0.2,1.5074,True,all_direct,1.495,0.977
34,v1,v2,40.0,40.11,20.0,1.0,0.2006,0.4,10.5306,False,all_direct,10.5105,0.9926
34,v1,v6,40.0,150.03,10.0,1.0,0.7501,0.2,2.7729,False,all_direct,2.7595,0.9824
34,v1,v5,40.0,190.0,10.0,1.0,0.95,0.2,1.1317,True,all_direct,1.1001,0.9746
34,v2,v1,20.0,40.11,20.0,0.6,0.2006,0.4,-9.4694,True,all_direct,-9.5051,0.6361
34,v2,v6,20.0,190.0,10.0,0.6,0.95,0.2,-18.8683,True,all_direct,-18.8987,0.234
34,v3,v4,20.0,80.06,10.0,0.6,0.4003,0.2,-12.8626,True,all_direct,-12.8843,0.4365
34,v3,v8,20.0,110.04,10.0,0.6,0.5502,0.2,-15.0731,True,all_direct,-15.0957,0.3453
34,v3,v11,20.0,150.0,20.0,0.6,0.75,0.4,-18.6344,True,all_direct,-18.6594,0.2484
34,v3,v7,20.0,160.0,0.0,0.6,0.8,0.0,-15.2659,True,all_direct,-15.2809,0.3285
34,v4,v8,40.0,30.0,20.0,1.0,0.15,0.4,12.5491,False,all_direct,12.5186,0.9951
34,v4,v11,40.0,70.06,10.0,1.0,0.3503,0.2,8.0638,False,all_direct,8.0403,0.9893
34,v4,v3,40.0,80.06,10.0,1.0,0.4003,0.2,7.1374,False,all_direct,7.1031,0.9926
34,v4,v7,40.0,80.06,10.0,1.0,0.4003,0.2,7.1374,False,all_direct,7.11,0.9961
34,v4,v12,40.0,170.0,20.0,1.0,0.85,0.4,0.4958,True,all_direct,0.4572,0.973
35,v1,v2,40.0,20.22,0.0,1.0,0.1011,0.0,19.1062,False,all_direct,19.0762,0.999
35,v1,v6,40.0,160.03,0.0,1.0,0.8001,0.0,4.7329,True,all_direct,4.7101,0.9932
35,v1,v5,40.0,200.0,20.0,1.0,1.0,0.4,-0.6334,True,all_direct,-0.6641,0.9523
35,v2,v1,20.0,20.22,0.0,0.6,0.1011,0.0,-0.8938,False,all_direct,-0.9125,0.9563
35,v2,v6,20.0,180.0,0.0,0.6,0.9,0.0,-16.0844,True,all_direct,-16.1015,0.3219
35,v3,v4,20.0,70.06,0.0,0.6,0.3503,0.0,-9.5279,True,all_direct,-9.5565,0.6355
35,v3,v8,20.0,120.04,40.0,0.6,0.6002,0.8,-18.8608,True,all_direct,-18.8885,0.2238
35,v3,v11,20.0,130.0,40.0,0.6,0.65,0.8,-19.4149,True,all_direct,-19.4485,0.2205
35,v3,v7,20.0,160.0,10.0,0.6,0.8,0.2,-17.6742,True,all_direct,-17.7082,0.2365
35,v4,v8,40.0,50.0,40.0,1.0,0.25,0.8,7.2247,True,all_direct,7.1903,0.9867
35,v4,v11,40.0,60.07,40.0,1.0,0.3004,0.8,5.9491,True,all_direct,5.9306,0.9877
35,v4,v3,40.0,70.06,0.0,1.0,0.3503,0.0,10.4721,False,all_direct,10.4418,0.9961
35,v4,v7,40.0,90.05,10.0,1.0,0.4502,0.2,6.32,False,all_direct,6.3033,0.9852
35,v4,v12,40.0,150.0,10.0,1.0,0.75,0.2,2.7743,False,all_direct,2.7496,0.9828
36,v1,v2,40.0,20.22,10.0,1.0,0.1011,0.2,16.698,False,all_direct,16.6706,0.9971
36,v1,v6,40.0,160.03,0.0,1.0,0.8001,0.0,4.7329,True,all_direct,4.6991,0.9883
36,v1,v5,40.0,180.0,10.0,1.0,0.9,0.2,1.5074,True,all_direct,1.4785,0.9766
36,v2,v1,20.0,20.22,10.0,0.6,0.1011,0.2,-3.302,False,all_direct,-3.338,0.9055
36,v2,v6,20.0,180.0,10.0,0.6,0.9,0.2,-18.4926,True,all_direct,-18.5156,0.2072
36,v3,v4,20.0,70.06,10.0,0.6,0.3503,0.2,-11.9362,True,all_direct,-11.9701,0.4951
36,v3,v8,20.0,80.06,10.0,0.6,0.4003,0.2,-12.8626,True,all_direct,-12.8833,0.4537
36,v3,v11,20.0,90.0,30.0,0.6,0.45,0.6,-16.0844,True,all_direct,-16.1134,0.2951
36,v3,v7,20.0,150.0,30.0,0.6,0.75,0.6,-19.6339,True,all_direct,-19.6533,0.2313
36,v4,v8,40.0,10.0,0.0,1.0,0.05,0.0,24.0,False,all_direct,23.9768,0.9971
36,v4,v11,40.0,20.22,20.0,1.0,0.1011,0.4,15.2892,False,all_direct,15.2644,0.9961
36,v4,v3,40.0,70.06,10.0,1.0,0.3503,0.2,8.0638,False,all_direct,8.0329,0.9922
36,v4,v7,40.0,80.06,20.0,1.0,0.4003,0.4,5.7287,False,all_direct,5.6876,0.9887
36,v4,v12,40.0,140.0,10.0,1.0,0.7,0.2,3.2537,False,all_direct,3.2318,0.9863
37,v1,v2,40.0,30.15,0.0,1.0,0.1507,0.0,16.3315,False,all_direct,16.307,0.9961
37,v1,v6,40.0,160.03,10.0,1.0,0.8001,0.2,2.3246,True,all_direct,2.3067,0.9754
37,v1,v5,40.0,170.0,20.0,1.0,0.85,0.4,0.4958,True,all_direct,0.4689,0.9654
37,v2,v1,20.0,30.15,0.0,0.6,0.1507,0.0,-3.6685,False,all_direct,-3.6926,0.9023
37,v2,v6,20.0,190.0,10.0,0.6,0.95,0.2,-18.8683,True,all_direct,-18.8808,0.2254
37,v3,v4,20.0,80.06,20.0,0.6,0.4003,0.4,-14.2713,True,all_direct,-14.306,0.3639
37,v3,v8,20.0,90.05,10.0,0.6,0.4502,0.2,-13.68,True,all_direct,-13.7202,0.4021
37,v3,v11,20.0,120.0,10.0,0.6,0.6,0.2,-15.6751,True,all_direct,-15.6934,0.3123
37,v3,v7,20.0,180.0,10.0,0.6,0.9,0.2,-18.4926,True,all_direct,-18.5294,0.2568
37,v4,v8,40.0,10.0,30.0,1.0,0.05,0.6,19.1835,False,all_direct,19.1614,0.998
37,v4,v11,40.0,40.11,30.0,1.0,0.2006,0.6,9.5311,False,all_direct,9.5023,0.9883
37,v4,v3,40.0,80.06,20.0,1.0,0.4003,0.4,5.7287,False,all_direct,5.6938,0.9902
37,v4,v7,40.0,100.04,30.0,1.0,0.5002,0.6,3.1804,True,all_direct,3.146,0.9844
37,v4,v12,40.0,150.0,40.0,1.0,0.75,0.8,-0.4092,True,all_direct,-0.4209,0.9662
38,v1,v2,40.0,30.15,0.0,1.0,0.1507,0.0,16.3315,False,all_direct,16.3042,0.9961
38,v1,v6,40.0,170.03,0.0,1.0,0.8501,0.0,4.3117,True,all_direct,4.2881,0.9916
38,v1,v5,40.0,190.0,10.0,1.0,0.95,0.2,1.1317,True,all_direct,1.1109,0.9756
38,v2,v1,20.0,30.15,0.0,0.6,0.1507,0.0,-3.6685,False,all_direct,-3.6882,0.9111
38,v2,v6,20.0,200.0,0.0,0.6,1.0,0.0,-16.8165,True,all_direct,-16.8406,0.2832
38,v3,v4,20.0,60.07,40.0,0.6,0.3004,0.8,-14.0509,True,all_direct,-14.0806,0.3867
38,v3,v8,20.0,100.04,40.0,0.6,0.5002,0.8,-17.5949,True,all_direct,-17.6372,0.2676
38,v3,v11,20.0,130.0,10.0,0.6,0.65,0.2,-16.2313,True,all_direct,-16.242,0.3303
38,v3,v7,20.0,190.0,10.0,0.6,0.95,0.2,-18.8683,True,all_direct,-18.8909,0.2086
38,v4,v8,40.0,40.0,0.0,1.0,0.2,0.0,14.367,False,all_direct,14.3466,0.9961
38,v4,v3,40.0,60.07,40.0,1.0,0.3004,0.8,5.9491,True,all_direct,5.9299,0.9922
38,v4,v11,40.0,70.06,30.0,1.0,0.3503,0.6,5.6556,False,all_direct,5.6324,0.9873
38,v4,v7,40.0,130.03,30.0,1.0,0.6502,0.6,1.3586,True,all_direct,1.3356,0.9688
38,v4,v12,40.0,190.0,30.0,1.0,0.95,0.6,-1.2765,True,all_direct,-1.29,0.9668
39,v1,v2,40.0,30.15,30.0,1.0,0.1507,0.6,11.515,False,all_direct,11.4905,0.9971
39,v1,v6,40.0,170.03,20.0,1.0,0.8501,0.4,0.4948,True,all_direct,0.4728,0.9676
39,v1,v5,40.0,180.0,0.0,1.0,0.9,0.0,3.9156,True,all_direct,3.8851,0.9814
39,v2,v1,20.0,30.15,30.0,0.6,0.1507,0.6,-8.485,True,all_direct,-8.5211,0.693
39,v2,v6,20.0,200.0,10.0,0.6,1.0,0.2,-19.2247,True,all_direct,-19.2429,0.2199
39,v3,v4,20.0,100.04,10.0,0.6,0.5002,0.2,-14.4114,True,all_direct,-14.4302,0.3699
39,v3,v11,20.0,140.0,30.0,0.6,0.7,0.6,-19.1545,True,all_direct,-19.1848,0.2178
39,v3,v8,20.0,140.03,20.0,0.6,0.7002,0.4,-18.1566,True,all_direct,-18.1744,0.2504
39,v3,v7,20.0,200.0,0.0,0.6,1.0,0.0,-16.8165,True,all_direct,-16.8445,0.275
39,v4,v8,40.0,40.0,10.0,1.0,0.2,0.2,11.9588,False,all_direct,11.9311,0.9932
39,v4,v11,40.0,40.11,20.0,1.0,0.2006,0.4,10.5306,False,all_direct,10.4991,0.9961
39,v4,v3,40.0,100.04,10.0,1.0,0.5002,0.2,5.5886,False,all_direct,5.562,0.9922
39,v4,v7,40.0,100.04,10.0,1.0,0.5002,0.2,5.5886,False,all_direct,5.5619,0.9857
39,v4,v12,40.0,160.0,10.0,1.0,0.8,0.2,2.3258,True,all_direct,2.2929,0.9795
40,v1,v2,40.0,3.0,20.0,1.0,0.015,0.4,28.5491,False,all_direct,28.5288,0.998
40,v1,v5,40.0,180.0,10.0,1.0,0.9,0.2,1.5074,True,all_direct,1.4726,0.9805
40,v1,v6,40.0,190.02,30.0,1.0,0.9501,0.6,-1.2774,True,all_direct,-1.3054,0.9512
40,v2,v1,20.0,3.0,20.0,0.6,0.015,0.4,8.5491,True,all_direct,8.5156,0.9922
40,v2,v5,20.0,180.02,10.0,0.6,0.9001,0.2,-18.4936,True,all_direct,-18.5216,0.2482
40,v2,v6,20.0,190.0,10.0,0.6,0.95,0.2,-18.8683,True,all_direct,-18.9044,0.2248
40,v3,v4,20.0,110.04,10.0,0.6,0.5502,0.2,-15.0731,True,all_direct,-15.0883,0.3379
40,v3,v8,20.0,160.03,10.0,0.6,0.8001,0.2,-17.6754,True,all_direct,-17.7015,0.2701
40,v3,v11,20.0,170.0,0.0,0.6,0.85,0.0,-15.6872,True,all_direct,-15.715,0.2971
40,v3,v7,20.0,200.0,10.0,0.6,1.0,0.2,-19.2247,True,all_direct,-19.2376,0.2311
40,v4,v8,40.0,50.0,0.0,1.0,0.25,0.0,12.8165,False,all_direct,12.7822,0.9941
40,v4,v11,40.0,60.07,10.0,1.0,0.3004,0.2,9.1327,False,all_direct,9.1138,0.9941
40,v4,v7,40.0,90.05,0.0,1.0,0.4502,0.0,8.7283,False,all_direct,8.7026,0.9922
40,v4,v3,40.0,110.04,10.0,1.0,0.5502,0.2,4.9269,False,all_direct,4.8919,0.9824
40,v4,v12,40.0,150.0,0.0,1.0,0.75,0.0,5.1825,False,all_direct,5.1597,0.9863
41,v1,v2,40.0,20.22,0.0,1.0,0.1011,0.0,19.1062,False,all_direct,19.0719,0.9971
41,v1,v6,40.0,160.03,40.0,1.0,0.8001,0.8,-0.8589,True,all_direct,-0.8861,0.9697
41,v1,v5,40.0,170.0,0.0,1.0,0.85,0.0,4.3128,True,all_direct,4.2998,0.9893
41,v2,v1,20.0,20.22,0.0,0.6,0.1011,0.0,-0.8938,False,all_direct,-0.917,0.9561
41,v2,v6,20.0,180.0,40.0,0.6,0.9,0.8,-21.6761,True,all_direct,-21.7097,0.2004
41,v2,v5,20.0,190.02,0.0,0.6,0.9501,0.0,-16.4609,True,all_direct,-16.4941,0.3271
41,v3,v4,20.0,120.04,0.0,0.6,0.6002,0.0,-13.2691,True,all_direct,-13.2851,0.4391
41,v3,v11,20.0,170.0,10.0,0.6,0.85,0.2,-18.0954,True,all_direct,-18.1125,0.259
41,v3,v8,20.0,170.03,0.0,0.6,0.8501,0.0,-15.6883,True,all_direct,-15.7159,0.3412
41,v4,v8,40.0,50.0,0.0,1.0,0.25,0.0,12.8165,False,all_direct,12.7863,0.9951
41,v4,v11,40.0,50.09,10.0,1.0,0.2504,0.2,10.3958,False,all_direct,10.3653,0.9932
41,v4,v7,40.0,90.05,0.0,1.0,0.4502,0.0,8.7283,False,all_direct,8.6991,0.9941
41,v4,v3,40.0,120.04,0.0,1.0,0.6002,0.0,6.7309,False,all_direct,6.6997,0.9916
41,v4,v12,40.0,150.0,30.0,1.0,0.75,0.6,0.3661,True,all_direct,0.3456,0.9711
42,v1,v2,40.0,20.22,10.0,1.0,0.1011,0.2,16.698,False,all_direct,16.6791,0.9961
42,v1,v6,40.0,120.04,10.0,1.0,0.6002,0.2,4.3227,False,all_direct,4.3101,0.9893
42,v1,v5,40.0,170.0,10.0,1.0,0.85,0.2,1.9046,True,all_direct,1.8845,0.9824
42,v2,v1,20.0,20.22,10.0,0.6,0.1011,0.2,-3.302,False,all_direct,-3.3377,0.9252
42,v2,v6,20.0,140.0,0.0,0.6,0.7,0.0,-14.338,True,all_direct,-14.3762,0.4004
42,v2,v5,20.0,190.02,20.0,0.6,0.9501,0.4,-20.2779,True,all_direct,-20.3123,0.2002
42,v3,v4,20.0,120.04,40.0,0.6,0.6002,0.8,-18.8608,True,all_direct,-18.8975,0.2309
42,v3,v8,20.0,170.03,30.0,0.6,0.8501,0.6,-20.5047,True,all_direct,-20.5396,0.1977
42,v3,v11,20.0,180.0,0.0,0.6,0.9,0.0,-16.0844,True,all_direct,-16.1134,0.2904
42,v4,v8,40.0,50.0,10.0,1.0,0.25,0.2,10.4082,False,all_direct,10.374,0.9941
42,v4,v11,40.0,60.07,40.0,1.0,0.3004,0.8,5.9491,True,all_direct,5.914,0.9893
42,v4,v7,40.0,90.05,0.0,1.0,0.4502,0.0,8.7283,False,all_direct,8.7021,0.9922
42,v4,v12,40.0,120.0,0.0,1.0,0.6,0.0,6.7331,False,all_direct,6.7168,0.9887
42,v4,v3,40.0,120.04,40.0,1.0,0.6002,0.8,1.1392,True,all_direct,1.1206,0.9799
43,v1,v2,40.0,30.15,10.0,1.0,0.1507,0.2,13.9232,False,all_direct,13.9026,0.9941
43,v1,v6,40.0,110.04,20.0,1.0,0.5502,0.4,3.5182,False,all_direct,3.5005,0.9818
43,v1,v5,40.0,180.0,0.0,1.0,0.9,0.0,3.9156,True,all_direct,3.8921,0.9803
43,v2,v1,20.0,30.15,10.0,0.6,0.1507,0.2,-6.0768,False,all_direct,-6.1024,0.8045
43,v2,v6,20.0,140.0,10.0,0.6,0.7,0.2,-16.7463,True,all_direct,-16.7649,0.3037
43,v3,v4,20.0,80.06,20.0,0.6,0.4003,0.4,-14.2713,True,all_direct,-14.2903,0.351
43,v3,v8,20.0,140.03,10.0,0.6,0.7002,0.2,-16.7479,True,all_direct,-16.773,0.2846
43,v3,v7,20.0,170.0,20.0,0.6,0.85,0.4,-19.5042,True,all_direct,-19.5334,0.2156
43,v3,v11,20.0,180.0,10.0,0.6,0.9,0.2,-18.4926,True,all_direct,-18.5242,0.2609
43,v4,v8,40.0,60.0,30.0,1.0,0.3,0.6,6.7331,False,all_direct,6.6999,0.9912
43,v4,v3,40.0,80.06,20.0,1.0,0.4003,0.4,5.7287,False,all_direct,5.7016,0.9873
43,v4,v7,40.0,90.05,0.0,1.0,0.4502,0.0,8.7283,False,all_direct,8.7045,0.9961
43,v4,v11,40.0,100.04,30.0,1.0,0.5002,0.6,3.1804,True,all_direct,3.1644,0.9805
43,v4,v12,40.0,120.0,20.0,1.0,0.6,0.4,2.9161,False,all_direct,2.892,0.9779
44,v1,v2,40.0,20.22,0.0,1.0,0.1011,0.0,19.1062,False,all_direct,19.0692,0.998
44,v1,v6,40.0,130.03,10.0,1.0,0.6502,0.2,3.7668,False,all_direct,3.7399,0.9873
44,v1,v5,40.0,180.0,10.0,1.0,0.9,0.2,1.5074,True,all_direct,1.4941,0.974
44,v2,v1,20.0,20.22,0.0,0.6,0.1011,0.0,-0.8938,False,all_direct,-0.9091,0.9564
44,v2,v6,20.0,150.0,10.0,0.6,0.75,0.2,-17.2257,True,all_direct,-17.2497,0.2818
44,v3,v4,20.0,100.04,10.0,0.6,0.5002,0.2,-14.4114,True,all_direct,-14.4321,0.3771
44,v3,v8,20.0,130.03,30.0,0.6,0.6502,0.6,-18.6414,True,all_direct,-18.6661,0.2236
44,v3,v11,20.0,170.0,20.0,0.6,0.85,0.4,-19.5042,True,all_direct,-19.5369,0.2172
44,v3,v7,20.0,190.0,20.0,0.6,0.95,0.4,-20.277,True,all_direct,-20.3017,0.216
44,v4,v8,40.0,30.0,40.0,1.0,0.15,0.8,10.7743,True,all_direct,10.7452,0.9951
44,v4,v11,40.0,70.06,30.0,1.0,0.3503,0.6,5.6556,False,all_direct,5.6447,0.9887
44,v4,v7,40.0,90.05,30.0,1.0,0.4502,0.6,3.9118,True,all_direct,3.893,0.9789
44,v4,v12,40.0,100.0,10.0,1.0,0.5,0.2,5.5918,False,all_direct,5.5666,0.9893
44,v4,v3,40.0,100.04,10.0,1.0,0.5002,0.2,5.5886,False,all_direct,5.5672,0.9902
45,v1,v2,40.0,20.22,20.0,1.0,0.1011,0.4,15.2892,False,all_direct,15.2692,0.9936
45,v1,v6,40.0,140.03,10.0,1.0,0.7002,0.2,3.2521,False,all_direct,3.2184,0.9793
45,v1,v5,40.0,190.0,10.0,1.0,0.95,0.2,1.1317,True,all_direct,1.108,0.9701
45,v2,v1,20.0,20.22,20.0,0.6,0.1011,0.4,-4.7108,True,all_direct,-4.7448,0.8818
45,v2,v6,20.0,160.0,10.0,0.6,0.8,0.2,-17.6742,True,all_direct,-17.7023,0.2553
45,v3,v4,20.0,90.05,0.0,0.6,0.4502,0.0,-11.2717,True,all_direct,-11.3031,0.5268
45,v3,v8,20.0,160.03,0.0,0.6,0.8001,0.0,-15.2671,True,all_direct,-15.2947,0.3188
45,v3,v11,20.0,190.0,20.0,0.6,0.95,0.4,-20.277,True,all_direct,-20.3064,0.1951
45,v4,v8,40.0,70.0,0.0,1.0,0.35,0.0,10.4784,False,all_direct,10.4506,0.9961
45,v4,v3,40.0,90.05,0.0,1.0,0.4502,0.0,8.7283,False,all_direct,8.7025,0.9922
45,v4,v11,40.0,100.04,20.0,1.0,0.5002,0.4,4.1799,False,all_direct,4.1636,0.9936
45,v4,v12,40.0,110.0,10.0,1.0,0.55,0.2,4.9295,False,all_direct,4.9045,0.9834
45,v4,v7,40.0,120.04,20.0,1.0,0.6002,0.4,2.914,False,all_direct,2.8802,0.9805
46,v1,v2,40.0,3.0,30.0,1.0,0.015,0.6,27.5496,False,all_direct,27.5221,0.999
46,v1,v6,40.0,150.03,0.0,1.0,0.7501,0.0,5.1812,False,all_direct,5.1483,0.9824
46,v1,v5,40.0,200.0,20.0,1.0,1.0,0.4,-0.6334,True,all_direct,-0.6648,0.9646
46,v2,v1,20.0,3.0,30.0,0.6,0.015,0.6,7.5496,True,all_direct,7.5142,0.9906
46,v2,v6,20.0,150.0,30.0,0.6,0.75,0.6,-19.6339,True,all_direct,-19.6735,0.2203
46,v3,v4,20.0,90.05,20.0,0.6,0.4502,0.4,-15.0887,True,all_direct,-15.112,0.3574
46,v3,v8,20.0,160.03,20.0,0.6,0.8001,0.4,-19.0841,True,all_direct,-19.1038,0.2258
46,v3,v11,20.0,170.0,30.0,0.6,0.85,0.6,-20.5037,True,all_direct,-20.5311,0.2098
46,v3,v7,20.0,190.0,10.0,0.6,0.95,0.2,-18.8683,True,all_direct,-18.8824,0.2328
46,v4,v8,40.0,70.0,0.0,1.0,0.35,0.0,10.4784,False,all_direct,10.4636,0.9932
46,v4,v11,40.0,80.06,10.0,1.0,0.4003,0.2,7.1374,False,all_direct,7.1206,0.9883
46,v4,v3,40.0,90.05,20.0,1.0,0.4502,0.4,4.9113,False,all_direct,4.878,0.9922
46,v4,v7,40.0,100.04,10.0,1.0,0.5002,0.2,5.5886,False,all_direct,5.5536,0.9873
46,v4,v12,40.0,120.0,20.0,1.0,0.6,0.4,2.9161,False,all_direct,2.8898,0.9805
47,v1,v2,40.0,30.15,0.0,1.0,0.1507,0.0,16.3315,False,all_direct,16.3052,0.9961
47,v1,v6,40.0,150.03,0.0,1.0,0.7501,0.0,5.1812,False,all_direct,5.1508,0.9832
47,v2,v1,20.0,30.15,0.0,0.6,0.1507,0.0,-3.6685,False,all_direct,-3.6884,0.915
47,v2,v6,20.0,120.0,0.0,0.6,0.6,0.0,-13.2669,True,all_direct,-13.2891,0.4426
47,v2,v5,20.0,190.02,10.0,0.6,0.9501,0.2,-18.8692,True,all_direct,-18.8895,0.2305
47,v3,v4,20.0,70.06,10.0,0.6,0.3503,0.2,-11.9362,True,all_direct,-11.9518,0.4918
47,v3,v11,20.0,140.0,0.0,0.6,0.7,0.0,-14.338,True,all_direct,-14.3545,0.398
47,v3,v8,20.0,140.03,30.0,0.6,0.7002,0.6,-19.1561,True,all_direct,-19.1808,0.2344
47,v3,v12,20.0,170.03,20.0,0.6,0.8501,0.4,-19.5052,True,all_direct,-19.54,0.2068
47,v3,v7,20.0,180.0,10.0,0.6,0.9,0.2,-18.4926,True,all_direct,-18.5069,0.2197
47,v4,v8,40.0,70.0,40.0,1.0,0.35,0.8,4.8867,True,all_direct,4.8459,0.9887
47,v4,v3,40.0,70.06,10.0,1.0,0.3503,0.2,8.0638,False,all_direct,8.032,0.9922
47,v4,v11,40.0,70.06,10.0,1.0,0.3503,0.2,8.0638,False,all_direct,8.0405,0.9906
47,v4,v12,40.0,100.0,30.0,1.0,0.5,0.6,3.1835,True,all_direct,3.1604,0.9785
47,v4,v7,40.0,110.04,0.0,1.0,0.5502,0.0,7.3351,False,all_direct,7.31,0.9906
48,v1,v2,40.0,30.15,10.0,1.0,0.1507,0.2,13.9232,False,all_direct,13.8987,0.9932
48,v1,v6,40.0,150.03,30.0,1.0,0.7501,0.6,0.3647,True,all_direct,0.335,0.9672
48,v2,v1,20.0,30.15,10.0,0.6,0.1507,0.2,-6.0768,False,all_direct,-6.1091,0.8127
48,v2,v6,20.0,120.0,20.0,0.6,0.6,0.4,-17.0839,True,all_direct,-17.117,0.2842
48,v3,v4,20.0,80.06,10.0,0.6,0.4003,0.2,-12.8626,True,all_direct,-12.8851,0.4494
48,v3,v8,20.0,110.04,10.0,0.6,0.5502,0.2,-15.0731,True,all_direct,-15.1086,0.359
48,v3,v11,20.0,140.0,30.0,0.6,0.7,0.6,-19.1545,True,all_direct,-19.1768,0.223
48,v3,v12,20.0,150.03,10.0,0.6,0.7501,0.2,-17.2271,True,all_direct,-17.2624,0.2707
48,v3,v7,20.0,190.0,0.0,0.6,0.95,0.0,-16.4601,True,all_direct,-16.4871,0.2939
48,v4,v8,40.0,30.0,0.0,1.0,0.15,0.0,16.3661,False,all_direct,16.3413,0.9951
48,v4,v11,40.0,60.07,20.0,1.0,0.3004,0.4,7.7239,False,all_direct,7.6991,0.9912
48,v4,v12,40.0,70.0,0.0,1.0,0.35,0.0,10.4784,False,all_direct,10.4414,0.9922
48,v4,v3,40.0,80.06,10.0,1.0,0.4003,0.2,7.1374,False,all_direct,7.0998,0.9932
48,v4,v7,40.0,110.04,10.0,1.0,0.5502,0.2,4.9269,False,all_direct,4.9056,0.9893
49,v1,v2,40.0,20.22,10.0,1.0,0.1011,0.2,16.698,False,all_direct,16.6713,0.9971
49,v1,v6,40.0,120.04,0.0,1.0,0.6002,0.0,6.7309,False,all_direct,6.7041,0.9857
49,v2,v1,20.0,20.22,10.0,0.6,0.1011,0.2,-3.302,False,all_direct,-3.3205,0.9182
49,v2,v6,20.0,100.0,10.0,0.6,0.5,0.2,-14.4082,True,all_direct,-14.4399,0.3707
49,v3,v4,20.0,70.06,10.0,0.6,0.3503,0.2,-11.9362,True,all_direct,-11.9571,0.5189
49,v3,v8,20.0,100.04,10.0,0.6,0.5002,0.2,-14.4114,True,all_direct,-14.4452,0.3799
49,v3,v11,20.0,110.0,10.0,0.6,0.55,0.2,-15.0705,True,all_direct,-15.0945,0.3488
49,v3,v12,20.0,140.03,30.0,0.6,0.7002,0.6,-19.1561,True,all_direct,-19.1859,0.2111
49,v3,v7,20.0,190.0,10.0,0.6,0.95,0.2,-18.8683,True,all_direct,-18.9045,0.232
49,v4,v8,40.0,30.0,0.0,1.0,0.15,0.0,16.3661,False,all_direct,16.3297,0.9951
49,v4,v11,40.0,40.11,0.0,1.0,0.2006,0.0,14.3476,False,all_direct,14.3145,0.9961
49,v4,v12,40.0,70.0,40.0,1.0,0.35,0.8,4.8867,True,all_direct,4.8605,0.9873
49,v4,v3,40.0,70.06,10.0,1.0,0.3503,0.2,8.0638,False,all_direct,8.0383,0.9912
49,v4,v7,40.0,120.04,0.0,1.0,0.6002,0.0,6.7309,False,all_direct,6.7011,0.9922
50,v1,v2,40.0,30.15,10.0,1.0,0.1507,0.2,13.9232,False,all_direct,13.9025,0.9941
50,v1,v6,40.0,120.04,30.0,1.0,0.6002,0.6,1.9144,True,all_direct,1.8983,0.9805
50,v2,v1,20.0,30.15,10.0,0.6,0.1507,0.2,-6.0768,False,all_direct,-6.1085,0.8086
50,v2,v6,20.0,90.0,20.0,0.6,0.45,0.4,-15.0849,True,all_direct,-15.1317,0.3564
50,v3,v4,20.0,80.06,0.0,0.6,0.4003,0.0,-10.4543,True,all_direct,-10.4878,0.5793
50,v3,v8,20.0,110.04,10.0,0.6,0.5502,0.2,-15.0731,True,all_direct,-15.1134,0.3521
50,v3,v12,20.0,110.04,0.0,0.6,0.5502,0.0,-12.6649,True,all_direct,-12.6884,0.4482
50,v3,v11,20.0,120.0,20.0,0.6,0.6,0.4,-17.0839,True,all_direct,-17.1165,0.2941
50,v3,v7,20.0,200.0,0.0,0.6,1.0,0.0,-16.8165,True,all_direct,-16.8596,0.2662
50,v4,v8,40.0,30.0,10.0,1.0,0.15,0.2,13.9578,False,all_direct,13.928,0.9961
50,v4,v12,40.0,30.0,0.0,1.0,0.15,0.0,16.3661,False,all_direct,16.3374,0.9951
50,v4,v11,40.0,40.11,20.0,1.0,0.2006,0.4,10.5306,False,all_direct,10.5136,0.9941
50,v4,v3,40.0,80.06,0.0,1.0,0.4003,0.0,9.5457,False,all_direct,9.5382,0.9932
50,v4,v7,40.0,120.04,0.0,1.0,0.6002,0.0,6.7309,False,all_direct,6.706,0.9926
51,v1,v2,40.0,40.11,10.0,1.0,0.2006,0.2,11.9393,False,all_direct,11.9144,0.9971
51,v1,v6,40.0,150.03,0.0,1.0,0.7501,0.0,5.1812,False,all_direct,5.1591,0.9838
51,v2,v1,20.0,40.11,10.0,0.6,0.2006,0.2,-8.0607,False,all_direct,-8.0797,0.7127
51,v2,v6,20.0,110.0,10.0,0.6,0.55,0.2,-15.0705,True,all_direct,-15.0989,0.3523
51,v3,v4,20.0,80.06,10.0,0.6,0.4003,0.2,-12.8626,True,all_direct,-12.8979,0.4215
51,v3,v12,20.0,110.04,30.0,0.6,0.5502,0.6,-17.4813,True,all_direct,-17.5147,0.2643
51,v3,v8,20.0,120.04,0.0,0.6,0.6002,0.0,-13.2691,True,all_direct,-13.2995,0.4229
51,v3,v11,20.0,140.0,30.0,0.6,0.7,0.6,-19.1545,True,all_direct,-19.1839,0.2262
51,v3,v7,20.0,200.0,40.0,0.6,1.0,0.8,-22.4082,True,all_direct,-22.4319,0.1783
51,v4,v12,40.0,30.0,20.0,1.0,0.15,0.4,12.5491,False,all_direct,12.5299,0.9961
51,v4,v8,40.0,40.0,10.0,1.0,0.2,0.2,11.9588,False,all_direct,11.9273,0.9932
51,v4,v11,40.0,60.07,20.0,1.0,0.3004,0.4,7.7239,False,all_direct,7.6959,0.9902
51,v4,v3,40.0,80.06,10.0,1.0,0.4003,0.2,7.1374,False,all_direct,7.1192,0.9902
51,v4,v7,40.0,120.04,30.0,1.0,0.6002,0.6,1.9144,True,all_direct,1.8804,0.976
52,v1,v2,40.0,30.15,10.0,1.0,0.1507,0.2,13.9232,False,all_direct,13.8991,0.9932
52,v1,v6,40.0,150.03,30.0,1.0,0.7501,0.6,0.3647,True,all_direct,0.3501,0.9676
52,v2,v1,20.0,30.15,10.0,0.6,0.1507,0.2,-6.0768,False,all_direct,-6.1146,0.8334
52,v2,v6,20.0,120.0,20.0,0.6,0.6,0.4,-17.0839,True,all_direct,-17.1136,0.2955
52,v3,v4,20.0,70.06,20.0,0.6,0.3503,0.4,-13.3449,True,all_direct,-13.3633,0.3982
52,v3,v12,20.0,80.06,10.0,0.6,0.4003,0.2,-12.8626,True,all_direct,-12.8797,0.4316
52,v3,v11,20.0,110.0,0.0,0.6,0.55,0.0,-12.6623,True,all_direct,-12.6954,0.4781
52,v3,v8,20.0,120.04,20.0,0.6,0.6002,0.4,-17.086,True,all_direct,-17.1184,0.2889
52,v3,v7,20.0,160.0,20.0,0.6,0.8,0.4,-19.0829,True,all_direct,-19.0991,0.2451
52,v4,v12,40.0,10.0,30.0,1.0,0.05,0.6,19.1835,False,all_direct,19.1554,0.9971
52,v4,v11,40.0,40.11,20.0,1.0,0.2006,0.4,10.5306,False,all_direct,10.4958,0.9922
52,v4,v8,40.0,50.0,0.0,1.0,0.25,0.0,12.8165,False,all_direct,12.7882,0.9971
52,v4,v3,40.0,70.06,20.0,1.0,0.3503,0.4,6.6551,False,all_direct,6.6365,0.9863
52,v4,v7,40.0,90.05,40.0,1.0,0.4502,0.8,3.1365,True,all_direct,3.1082,0.9805
53,v1,v2,40.0,20.22,30.0,1.0,0.1011,0.6,14.2897,False,all_direct,14.2616,0.9941
53,v1,v6,40.0,120.04,40.0,1.0,0.6002,0.8,1.1392,True,all_direct,1.1056,0.9754
53,v2,v1,20.0,20.22,30.0,0.6,0.1011,0.6,-5.7103,True,all_direct,-5.7484,0.8574
53,v2,v6,20.0,100.0,10.0,0.6,0.5,0.2,-14.4082,True,all_direct,-14.4364,0.3814
53,v3,v4,20.0,50.09,10.0,0.6,0.2504,0.2,-9.6042,False,all_direct,-9.6121,0.6148
53,v3,v12,20.0,90.05,20.0,0.6,0.4502,0.4,-15.0887,True,all_direct,-15.124,0.367
53,v3,v8,20.0,100.04,10.0,0.6,0.5002,0.2,-14.4114,True,all_direct,-14.427,0.3578
53,v3,v11,20.0,110.0,20.0,0.6,0.55,0.4,-16.4793,True,all_direct,-16.509,0.3064
53,v3,v7,20.0,180.0,20.0,0.6,0.9,0.4,-19.9013,True,all_direct,-19.925,0.2283
53,v4,v12,40.0,40.0,30.0,1.0,0.2,0.6,9.5506,False,all_direct,9.5335,0.9912
53,v4,v8,40.0,50.0,0.0,1.0,0.25,0.0,12.8165,False,all_direct,12.7828,0.9945
53,v4,v3,40.0,50.09,10.0,1.0,0.2504,0.2,10.3958,False,all_direct,10.3693,0.9941
53,v4,v11,40.0,60.07,10.0,1.0,0.3004,0.2,9.1327,False,all_direct,9.108,0.9941
53,v4,v7,40.0,130.03,10.0,1.0,0.6502,0.2,3.7668,False,all_direct,3.7339,0.9828
54,v1,v2,40.0,10.44,40.0,1.0,0.0522,0.8,18.1088,True,all_direct,18.0856,0.9961
54,v1,v6,40.0,80.06,30.0,1.0,0.4003,0.6,4.7292,False,all_direct,4.703,0.9883
54,v2,v1,20.0,10.44,40.0,0.6,0.0522,0.8,-1.8912,True,all_direct,-1.9251,0.9422
54,v2,v6,20.0,90.0,10.0,0.6,0.45,0.2,-13.6761,True,all_direct,-13.7046,0.4113
54,v3,v4,20.0,40.11,20.0,0.6,0.2006,0.4,-9.4694,True,all_direct,-9.5021,0.6617
54,v3,v11,20.0,90.0,10.0,0.6,0.45,0.2,-13.6761,True,all_direct,-13.7116,0.3953
54,v3,v8,20.0,90.05,20.0,0.6,0.4502,0.4,-15.0887,True,all_direct,-15.1066,0.3115
54,v3,v12,20.0,110.04,20.0,0.6,0.5502,0.4,-16.4818,True,all_direct,-16.5249,0.2957
54,v3,v7,20.0,160.0,10.0,0.6,0.8,0.2,-17.6742,True,all_direct,-17.7037,0.2578
54,v4,v3,40.0,40.11,20.0,1.0,0.2006,0.4,10.5306,False,all_direct,10.503,0.9951
54,v4,v8,40.0,50.0,0.0,1.0,0.25,0.0,12.8165,False,all_direct,12.8045,0.9961
54,v4,v11,40.0,50.09,30.0,1.0,0.2504,0.6,7.9875,False,all_direct,7.9573,0.9912
54,v4,v12,40.0,70.0,0.0,1.0,0.35,0.0,10.4784,False,all_direct,10.4394,0.9912
54,v4,v7,40.0,120.04,10.0,1.0,0.6002,0.2,4.3227,False,all_direct,4.297,0.9893
55,v1,v2,40.0,30.15,10.0,1.0,0.1507,0.2,13.9232,False,all_direct,13.8879,0.998
55,v1,v6,40.0,110.04,20.0,1.0,0.5502,0.4,3.5182,False,all_direct,3.4934,0.9887
55,v2,v1,20.0,30.15,10.0,0.6,0.1507,0.2,-6.0768,False,all_direct,-6.1108,0.8162
55,v2,v6,20.0,80.0,10.0,0.6,0.4,0.2,-12.8577,True,all_direct,-12.8711,0.4838
55,v3,v4,20.0,20.22,10.0,0.6,0.1011,0.2,-3.302,False,all_direct,-3.3254,0.9109
55,v3,v8,20.0,70.06,20.0,0.6,0.3503,0.4,-13.3449,True,all_direct,-13.3481,0.4135
55,v3,v12,20.0,90.05,0.0,0.6,0.4502,0.0,-11.2717,True,all_direct,-11.2983,0.5041
55,v3,v11,20.0,100.0,20.0,0.6,0.5,0.4,-15.817,True,all_direct,-15.8505,0.2924
55,v3,v7,20.0,150.0,10.0,0.6,0.75,0.2,-17.2257,True,all_direct,-17.2644,0.2707
55,v4,v3,40.0,20.22,10.0,1.0,0.1011,0.2,16.698,False,all_direct,16.6701,0.998
55,v4,v8,40.0,50.0,10.0,1.0,0.25,0.2,10.4082,False,all_direct,10.3896,0.9961
55,v4,v12,40.0,70.0,10.0,1.0,0.35,0.2,8.0702,False,all_direct,8.0384,0.9941
55,v4,v11,40.0,80.06,30.0,1.0,0.4003,0.6,4.7292,False,all_direct,4.6899,0.9863
55,v4,v7,40.0,130.03,0.0,1.0,0.6502,0.0,6.1751,False,all_direct,6.1542,0.9873
56,v1,v2,40.0,20.22,30.0,1.0,0.1011,0.6,14.2897,False,all_direct,14.2492,0.9936
56,v1,v6,40.0,90.05,10.0,1.0,0.4502,0.2,6.32,False,all_direct,6.2972,0.9926
56,v2,v1,20.0,20.22,30.0,0.6,0.1011,0.6,-5.7103,True,all_direct,-5.751,0.8314
56,v2,v6,20.0,70.0,40.0,0.6,0.35,0.8,-15.1133,True,all_direct,-15.1506,0.3379
56,v3,v4,20.0,10.44,30.0,0.6,0.0522,0.6,-1.1159,True,all_direct,-1.1442,0.9635
56,v3,v8,20.0,50.09,20.0,0.6,0.2504,0.4,-11.013,True,all_direct,-11.0376,0.5395
56,v3,v12,20.0,90.05,30.0,0.6,0.4502,0.6,-16.0882,True,all_direct,-16.121,0.3107
56,v3,v11,20.0,120.0,10.0,0.6,0.6,0.2,-15.6751,True,all_direct,-15.6958,0.3131
56,v3,v7,20.0,140.0,20.0,0.6,0.7,0.4,-18.155,True,all_direct,-18.1771,0.2506
56,v4,v3,40.0,10.44,30.0,1.0,0.0522,0.6,18.8841,False,all_direct,18.8601,0.9971
56,v4,v8,40.0,40.0,10.0,1.0,0.2,0.2,11.9588,False,all_direct,11.9316,0.9955
56,v4,v12,40.0,80.0,0.0,1.0,0.4,0.0,9.5506,False,all_direct,9.5302,0.9912
56,v4,v11,40.0,110.04,20.0,1.0,0.5502,0.4,3.5182,False,all_direct,3.4865,0.9805
56,v4,v7,40.0,130.03,10.0,1.0,0.6502,0.2,3.7668,False,all_direct,3.757,0.9848
57,v1,v2,40.0,50.09,10.0,1.0,0.2504,0.2,10.3958,False,all_direct,10.3623,0.9941
57,v1,v6,40.0,80.06,20.0,1.0,0.4003,0.4,5.7287,False,all_direct,5.7008,0.9883
57,v2,v6,20.0,30.0,10.0,0.6,0.15,0.2,-6.0422,False,all_direct,-6.0722,0.8293
57,v2,v1,20.0,50.09,10.0,0.6,0.2504,0.2,-9.6042,False,all_direct,-9.643,0.6129
57,v2,v5,20.0,190.02,20.0,0.6,0.9501,0.4,-20.2779,True,all_direct,-20.2989,0.2057
57,v3,v4,20.0,20.22,40.0,0.6,0.1011,0.8,-6.4855,True,all_direct,-6.5255,0.7957
57,v3,v8,20.0,30.15,30.0,0.6,0.1507,0.6,-8.485,True,all_direct,-8.5064,0.7146
57,v3,v12,20.0,60.07,30.0,0.6,0.3004,0.6,-13.2756,True,all_direct,-13.3032,0.4285
57,v3,v11,20.0,110.0,40.0,0.6,0.55,0.8,-18.254,True,all_direct,-18.2856,0.257
57,v3,v7,20.0,120.0,40.0,0.6,0.6,0.8,-18.8587,True,all_direct,-18.8821,0.2379
57,v4,v3,40.0,20.22,40.0,1.0,0.1011,0.8,13.5145,True,all_direct,13.4822,0.9961
57,v4,v8,40.0,50.0,10.0,1.0,0.25,0.2,10.4082,False,all_direct,10.3691,0.9971
57,v4,v12,40.0,80.0,10.0,1.0,0.4,0.2,7.1423,False,all_direct,7.1134,0.9912
57,v4,v11,40.0,130.03,0.0,1.0,0.6502,0.0,6.1751,False,all_direct,6.1551,0.9922
57,v4,v7,40.0,140.03,0.0,1.0,0.7002,0.0,5.6604,False,all_direct,5.6268,0.9873
58,v1,v2,40.0,40.11,10.0,1.0,0.2006,0.2,11.9393,False,all_direct,11.9046,0.9916
58,v1,v6,40.0,60.07,10.0,1.0,0.3004,0.2,9.1327,False,all_direct,9.1037,0.9912
58,v2,v6,20.0,20.0,0.0,0.6,0.1,0.0,-0.8165,False,all_direct,-0.8421,0.9539
58,v2,v1,20.0,40.11,10.0,0.6,0.2006,0.2,-8.0607,False,all_direct,-8.0948,0.7129
58,v2,v5,20.0,170.03,30.0,0.6,0.8501,0.6,-20.5047,True,all_direct,-20.5223,0.2057
58,v3,v4,20.0,20.22,20.0,0.6,0.1011,0.4,-4.7108,True,all_direct,-4.7469,0.8795
58,v3,v8,20.0,60.07,0.0,0.6,0.3004,0.0,-8.4591,True,all_direct,-8.4693,0.7102
58,v3,v12,20.0,90.05,10.0,0.6,0.4502,0.2,-13.68,True,all_direct,-13.6996,0.4152
58,v3,v11,20.0,150.0,20.0,0.6,0.75,0.4,-18.6344,True,all_direct,-18.6519,0.2369
58,v3,v7,20.0,160.0,30.0,0.6,0.8,0.6,-20.0824,True,all_direct,-20.1038,0.2045
58,v4,v3,40.0,20.22,20.0,1.0,0.1011,0.4,15.2892,False,all_direct,15.2665,0.9961
58,v4,v8,40.0,40.0,20.0,1.0,0.2,0.4,10.5501,False,all_direct,10.52,0.9941
58,v4,v12,40.0,70.0,10.0,1.0,0.35,0.2,8.0702,False,all_direct,8.0428,0.9932
58,v4,v11,40.0,130.03,0.0,1.0,0.6502,0.0,6.1751,False,all_direct,6.1577,0.9873
58,v4,v7,40.0,140.03,10.0,1.0,0.7002,0.2,3.2521,False,all_direct,3.2219,0.9805
59,v1,v2,40.0,30.15,20.0,1.0,0.1507,0.4,12.5145,False,all_direct,12.499,0.9971
59,v1,v6,40.0,50.09,10.0,1.0,0.2504,0.2,10.3958,False,all_direct,10.3584,0.9922
59,v2,v6,20.0,20.0,10.0,0.6,0.1,0.2,-3.2247,False,all_direct,-3.2489,0.9104
59,v2,v1,20.0,30.15,20.0,0.6,0.1507,0.4,-7.4855,True,all_direct,-7.5068,0.7352
59,v3,v4,20.0,3.0,10.0,0.6,0.015,0.2,9.9578,False,all_direct,9.934,0.9941
59,v3,v8,20.0,60.07,0.0,0.6,0.3004,0.0,-8.4591,True,all_direct,-8.4981,0.6816
59,v3,v12,20.0,80.06,30.0,0.6,0.4003,0.6,-15.2708,True,all_direct,-15.2937,0.3592
59,v3,v7,20.0,130.0,0.0,0.6,0.65,0.0,-13.8231,True,all_direct,-13.8361,0.3814
59,v3,v11,20.0,130.0,20.0,0.6,0.65,0.4,-17.6401,True,all_direct,-17.6562,0.2529
59,v4,v3,40.0,3.0,10.0,1.0,0.015,0.2,29.9578,False,all_direct,29.9266,0.998
59,v4,v8,40.0,60.0,10.0,1.0,0.3,0.2,9.1413,False,all_direct,9.1216,0.9926
59,v4,v12,40.0,80.0,20.0,1.0,0.4,0.4,5.7336,False,all_direct,5.7192,0.9854
59,v4,v7,40.0,130.03,10.0,1.0,0.6502,0.2,3.7668,False,all_direct,3.7344,0.9848
59,v4,v11,40.0,130.03,10.0,1.0,0.6502,0.2,3.7668,False,all_direct,3.7517,0.9814
60,v1,v2,40.0,10.44,0.0,1.0,0.0522,0.0,23.7006,False,all_direct,23.6735,0.998
60,v1,v6,40.0,40.11,20.0,1.0,0.2006,0.4,10.5306,False,all_direct,10.5096,0.9932
60,v2,v1,20.0,10.44,0.0,0.6,0.0522,0.0,3.7006,False,all_direct,3.6786,0.9814
60,v2,v6,20.0,30.0,20.0,0.6,0.15,0.4,-7.4509,True,all_direct,-7.4646,0.7467
60,v3,v4,20.0,10.44,20.0,0.6,0.0522,0.4,-0.1164,True,all_direct,-0.1537,0.9676
60,v3,v8,20.0,60.07,30.0,0.6,0.3004,0.6,-13.2756,True,all_direct,-13.2989,0.4193
60,v3,v12,20.0,110.04,10.0,0.6,0.5502,0.2,-15.0731,True,all_direct,-15.0927,0.3615
60,v3,v7,20.0,130.0,30.0,0.6,0.65,0.6,-18.6396,True,all_direct,-18.6737,0.2377
60,v3,v11,20.0,150.0,20.0,0.6,0.75,0.4,-18.6344,True,all_direct,-18.6599,0.2395
60,v4,v3,40.0,10.44,20.0,1.0,0.0522,0.4,19.8836,False,all_direct,19.8521,0.998
60,v4,v8,40.0,50.0,10.0,1.0,0.25,0.2,10.4082,False,all_direct,10.3789,0.9941
60,v4,v12,40.0,100.0,30.0,1.0,0.5,0.6,3.1835,True,all_direct,3.1653,0.9867
60,v4,v7,40.0,120.04,10.0,1.0,0.6002,0.2,4.3227,False,all_direct,4.2915,0.9863
60,v4,v11,40.0,140.03,0.0,1.0,0.7002,0.0,5.6604,False,all_direct,5.632,0.9877
61,v1,v2,40.0,10.44,0.0,1.0,0.0522,0.0,23.7006,False,all_direct,23.675,0.999
61,v1,v6,40.0,60.07,0.0,1.0,0.3004,0.0,11.5409,False,all_direct,11.51,0.9932
61,v2,v1,20.0,10.44,0.0,0.6,0.0522,0.0,3.7006,False,all_direct,3.6798,0.9834
61,v2,v6,20.0,50.0,0.0,0.6,0.25,0.0,-7.1835,False,all_direct,-7.2115,0.7615
61,v3,v4,20.0,10.44,10.0,0.6,0.0522,0.2,1.2923,False,all_direct,1.259,0.9701
61,v3,v8,20.0,30.15,10.0,0.6,0.1507,0.2,-6.0768,False,all_direct,-6.0926,0.8191
61,v3,v7,20.0,100.0,0.0,0.6,0.5,0.0,-12.0,True,all_direct,-12.0307,0.4799
61,v3,v12,20.0,120.04,40.0,0.6,0.6002,0.8,-18.8608,True,all_direct,-18.8792,0.2416
61,v3,v11,20.0,130.0,0.0,0.6,0.65,0.0,-13.8231,True,all_direct,-13.841,0.4125
61,v4,v3,40.0,10.44,10.0,1.0,0.0522,0.2,21.2923,False,all_direct,21.2552,0.998
61,v4,v8,40.0,40.0,0.0,1.0,0.2,0.0,14.367,False,all_direct,14.3359,0.9951
61,v4,v7,40.0,110.04,10.0,1.0,0.5502,0.2,4.9269,False,all_direct,4.9043,0.9838
61,v4,v12,40.0,130.0,30.0,1.0,0.65,0.6,1.3604,True,all_direct,1.3351,0.9818
61,v4,v11,40.0,140.03,10.0,1.0,0.7002,0.2,3.2521,False,all_direct,3.2366,0.9867
62,v1,v2,40.0,10.44,30.0,1.0,0.0522,0.6,18.8841,False,all_direct,18.8582,0.998
62,v1,v6,40.0,60.07,0.0,1.0,0.3004,0.0,11.5409,False,all_direct,11.5038,0.9896
62,v2,v1,20.0,10.44,30.0,0.6,0.0522,0.6,-1.1159,True,all_direct,-1.1442,0.9521
62,v2,v6,20.0,50.0,30.0,0.6,0.25,0.6,-12.0,True,all_direct,-12.0237,0.5012
62,v3,v4,20.0,3.0,10.0,0.6,0.015,0.2,9.9578,False,all_direct,9.9377,0.9926
62,v3,v8,20.0,40.11,10.0,0.6,0.2006,0.2,-8.0607,False,all_direct,-8.0929,0.7328
62,v3,v7,20.0,100.0,10.0,0.6,0.5,0.2,-14.4082,True,all_direct,-14.4212,0.3621
62,v3,v11,20.0,130.0,10.0,0.6,0.65,0.2,-16.2313,True,all_direct,-16.2487,0.2939
62,v3,v12,20.0,160.03,20.0,0.6,0.8001,0.4,-19.0841,True,all_direct,-19.1237,0.232
62,v4,v3,40.0,3.0,10.0,1.0,0.015,0.2,29.9578,False,all_direct,29.9349,0.9971
62,v4,v8,40.0,40.0,20.0,1.0,0.2,0.4,10.5501,False,all_direct,10.5365,0.9922
62,v4,v7,40.0,100.04,0.0,1.0,0.5002,0.0,7.9969,False,all_direct,7.9646,0.9896
62,v4,v11,40.0,130.03,0.0,1.0,0.6502,0.0,6.1751,False,all_direct,6.1499,0.9912
62,v4,v12,40.0,160.0,10.0,1.0,0.8,0.2,2.3258,True,all_direct,2.3003,0.9766
63,v1,v2,40.0,20.22,40.0,1.0,0.1011,0.8,13.5145,True,all_direct,13.4975,0.9951
63,v1,v6,40.0,60.07,30.0,1.0,0.3004,0.6,6.7244,False,all_direct,6.7009,0.9922
63,v2,v1,20.0,20.22,40.0,0.6,0.1011,0.8,-6.4855,True,all_direct,-6.5158,0.7898
63,v2,v6,20.0,80.0,10.0,0.6,0.4,0.2,-12.8577,True,all_direct,-12.8888,0.4414
63,v3,v4,20.0,10.44,10.0,0.6,0.0522,0.2,1.2923,False,all_direct,1.2649,0.9715
63,v3,v8,20.0,50.09,20.0,0.6,0.2504,0.4,-11.013,True,all_direct,-11.0335,0.5625
63,v3,v7,20.0,90.0,10.0,0.6,0.45,0.2,-13.6761,True,all_direct,-13.6877,0.417
63,v3,v11,20.0,120.0,10.0,0.6,0.6,0.2,-15.6751,True,all_direct,-15.6954,0.3187
63,v3,v12,20.0,140.03,0.0,0.6,0.7002,0.0,-14.3396,True,all_direct,-14.3697,0.3705
63,v4,v3,40.0,10.44,10.0,1.0,0.0522,0.2,21.2923,False,all_direct,21.2591,0.9961
63,v4,v8,40.0,60.0,30.0,1.0,0.3,0.6,6.7331,False,all_direct,6.7013,0.9932
63,v4,v7,40.0,100.04,0.0,1.0,0.5002,0.0,7.9969,False,all_direct,7.9798,0.9902
63,v4,v11,40.0,130.03,20.0,1.0,0.6502,0.4,2.3581,True,all_direct,2.3267,0.9844
63,v4,v12,40.0,150.0,10.0,1.0,0.75,0.2,2.7743,False,all_direct,2.7567,0.9799
64,v1,v6,40.0,30.15,10.0,1.0,0.1507,0.2,13.9232,False,all_direct,13.9033,0.9951
64,v1,v2,40.0,60.07,20.0,1.0,0.3004,0.4,7.7239,False,all_direct,7.6934,0.9902
64,v2,v1,20.0,60.07,20.0,0.6,0.3004,0.4,-12.2761,True,all_direct,-12.3087,0.467
64,v2,v6,20.0,90.0,10.0,0.6,0.45,0.2,-13.6761,True,all_direct,-13.7068,0.392
64,v3,v4,20.0,20.22,10.0,0.6,0.1011,0.2,-3.302,False,all_direct,-3.3158,0.9232
64,v3,v8,20.0,70.06,10.0,0.6,0.3503,0.2,-11.9362,True,all_direct,-11.958,0.5258
64,v3,v7,20.0,80.0,0.0,0.6,0.4,0.0,-10.4494,True,all_direct,-10.4785,0.5479
64,v3,v11,20.0,130.0,20.0,0.6,0.65,0.4,-17.6401,True,all_direct,-17.6695,0.273
64,v3,v12,20.0,140.03,10.0,0.6,0.7002,0.2,-16.7479,True,all_direct,-16.7686,0.2947
64,v4,v3,40.0,20.22,10.0,1.0,0.1011,0.2,16.698,False,all_direct,16.6694,0.998
64,v4,v8,40.0,90.0,20.0,1.0,0.45,0.4,4.9151,False,all_direct,4.9054,0.9887
64,v4,v7,40.0,100.04,10.0,1.0,0.5002,0.2,5.5886,False,all_direct,5.5706,0.9902
64,v4,v11,40.0,150.03,30.0,1.0,0.7501,0.6,0.3647,True,all_direct,0.3337,0.9691
64,v4,v12,40.0,160.0,20.0,1.0,0.8,0.4,0.9171,True,all_direct,0.898,0.9729
65,v1,v6,40.0,20.22,10.0,1.0,0.1011,0.2,16.698,False,all_direct,16.6897,0.9971
65,v1,v2,40.0,80.06,20.0,1.0,0.4003,0.4,5.7287,False,all_direct,5.7078,0.9902
65,v2,v1,20.0,80.06,20.0,0.6,0.4003,0.4,-14.2713,True,all_direct,-14.2965,0.3809
65,v2,v6,20.0,100.0,30.0,0.6,0.5,0.6,-16.8165,True,all_direct,-16.8474,0.2863
65,v3,v4,20.0,30.15,40.0,0.6,0.1507,0.8,-9.2603,True,all_direct,-9.2905,0.6477
65,v3,v7,20.0,80.0,20.0,0.6,0.4,0.4,-14.2664,True,all_direct,-14.2924,0.3957
65,v3,v8,20.0,80.06,30.0,0.6,0.4003,0.6,-15.2708,True,all_direct,-15.3034,0.3137
65,v3,v11,20.0,150.0,30.0,0.6,0.75,0.6,-19.6339,True,all_direct,-19.6612,0.241
65,v3,v12,20.0,150.03,30.0,0.6,0.7501,0.6,-19.6353,True,all_direct,-19.6539,0.2111
65,v4,v3,40.0,30.15,40.0,1.0,0.1507,0.8,10.7397,True,all_direct,10.7146,0.9951
65,v4,v8,40.0,110.0,10.0,1.0,0.55,0.2,4.9295,False,all_direct,4.8948,0.9906
65,v4,v7,40.0,110.04,20.0,1.0,0.5502,0.4,3.5182,False,all_direct,3.4902,0.9814
65,v4,v12,40.0,180.0,10.0,1.0,0.9,0.2,1.5074,True,all_direct,1.4808,0.9721
65,v4,v11,40.0,180.02,10.0,1.0,0.9001,0.2,1.5064,True,all_direct,1.4822,0.974
66,v1,v6,40.0,10.44,20.0,1.0,0.0522,0.4,19.8836,False,all_direct,19.8536,0.9971
66,v1,v2,40.0,60.07,20.0,1.0,0.3004,0.4,7.7239,False,all_direct,7.7032,0.9873
66,v2,v1,20.0,60.07,20.0,0.6,0.3004,0.4,-12.2761,True,all_direct,-12.3154,0.4773
66,v2,v6,20.0,70.0,0.0,0.6,0.35,0.0,-9.5216,True,all_direct,-9.5406,0.6377
66,v3,v4,20.0,10.44,10.0,0.6,0.0522,0.2,1.2923,False,all_direct,1.2559,0.9715
66,v3,v7,20.0,100.0,20.0,0.6,0.5,0.4,-15.817,True,all_direct,-15.8398,0.3266
66,v3,v8,20.0,110.04,0.0,0.6,0.5502,0.0,-12.6649,True,all_direct,-12.6979,0.4437
66,v3,v11,20.0,180.0,30.0,0.6,0.9,0.6,-20.9008,True,all_direct,-20.9225,0.1982
66,v3,v12,20.0,180.02,10.0,0.6,0.9001,0.2,-18.4936,True,all_direct,-18.5154,0.2451
66,v4,v3,40.0,10.44,10.0,1.0,0.0522,0.2,21.2923,False,all_direct,21.2563,0.9971
66,v4,v7,40.0,90.05,30.0,1.0,0.4502,0.6,3.9118,True,all_direct,3.8949,0.9818
66,v4,v8,40.0,100.0,10.0,1.0,0.5,0.2,5.5918,False,all_direct,5.5742,0.9902
66,v4,v12,40.0,170.0,20.0,1.0,0.85,0.4,0.4958,True,all_direct,0.4648,0.9721
66,v4,v11,40.0,170.03,40.0,1.0,0.8501,0.8,-1.28,True,all_direct,-1.3105,0.9588
67,v1,v6,40.0,30.15,30.0,1.0,0.1507,0.6,11.515,False,all_direct,11.4913,0.9922
67,v1,v2,40.0,40.11,30.0,1.0,0.2006,0.6,9.5311,False,all_direct,9.5152,0.9951
67,v2,v1,20.0,40.11,30.0,0.6,0.2006,0.6,-10.4689,True,all_direct,-10.4829,0.5857
67,v2,v6,20.0,70.0,0.0,0.6,0.35,0.0,-9.5216,True,all_direct,-9.5486,0.6355
67,v3,v4,20.0,20.22,10.0,0.6,0.1011,0.2,-3.302,False,all_direct,-3.3303,0.9006
67,v3,v7,20.0,80.0,40.0,0.6,0.4,0.8,-16.0412,True,all_direct,-16.0673,0.3121
67,v3,v8,20.0,110.04,20.0,0.6,0.5502,0.4,-16.4818,True,all_direct,-16.5089,0.2764
67,v3,v11,20.0,150.0,0.0,0.6,0.75,0.0,-14.8175,True,all_direct,-14.8423,0.3211
67,v3,v12,20.0,170.03,20.0,0.6,0.8501,0.4,-19.5052,True,all_direct,-19.542,0.2291
67,v4,v3,40.0,20.22,10.0,1.0,0.1011,0.2,16.698,False,all_direct,16.6782,0.998
67,v4,v7,40.0,60.07,30.0,1.0,0.3004,0.6,6.7244,False,all_direct,6.6933,0.9906
67,v4,v8,40.0,90.0,10.0,1.0,0.45,0.2,6.3239,False,all_direct,6.2904,0.9873
67,v4,v11,40.0,130.03,10.0,1.0,0.6502,0.2,3.7668,False,all_direct,3.751,0.9814
67,v4,v12,40.0,150.0,10.0,1.0,0.75,0.2,2.7743,False,all_direct,2.7457,0.9789
68,v1,v6,40.0,3.0,40.0,1.0,0.015,0.8,26.7743,True,all_direct,26.7659,0.998
68,v1,v2,40.0,70.06,10.0,1.0,0.3503,0.2,8.0638,False,all_direct,8.0318,0.9912
68,v1,v13,40.0,180.0,30.0,1.0,0.9,0.6,-0.9008,True,all_direct,-0.9254,0.9445
68,v2,v6,20.0,70.0,30.0,0.6,0.35,0.6,-14.338,True,all_direct,-14.35,0.3719
68,v2,v1,20.0,70.06,10.0,0.6,0.3503,0.2,-11.9362,True,all_direct,-11.9535,0.4959
68,v3,v4,20.0,10.44,30.0,0.6,0.0522,0.6,-1.1159,True,all_direct,-1.1404,0.9619
68,v3,v7,20.0,40.0,10.0,0.6,0.2,0.2,-8.0412,False,all_direct,-8.0675,0.7178
68,v3,v8,20.0,90.05,10.0,0.6,0.4502,0.2,-13.68,True,all_direct,-13.7021,0.4008
68,v3,v11,20.0,150.0,0.0,0.6,0.75,0.0,-14.8175,True,all_direct,-14.8319,0.3422
68,v3,v12,20.0,150.03,10.0,0.6,0.7501,0.2,-17.2271,True,all_direct,-17.2642,0.2814
68,v4,v3,40.0,10.44,30.0,1.0,0.0522,0.6,18.8841,False,all_direct,18.871,0.9971
68,v4,v7,40.0,30.15,20.0,1.0,0.1507,0.4,12.5145,False,all_direct,12.4791,0.9922
68,v4,v8,40.0,80.0,40.0,1.0,0.4,0.8,3.9588,True,all_direct,3.9198,0.9805
68,v4,v12,40.0,140.0,20.0,1.0,0.7,0.4,1.845,True,all_direct,1.815,0.9814
68,v4,v11,40.0,140.03,30.0,1.0,0.7002,0.6,0.8439,True,all_direct,0.8151,0.9799
69,v1,v6,40.0,40.11,30.0,1.0,0.2006,0.6,9.5311,False,all_direct,9.5111,0.9945
69,v1,v2,40.0,80.06,10.0,1.0,0.4003,0.2,7.1374,False,all_direct,7.1161,0.9902
69,v1,v13,40.0,150.0,0.0,1.0,0.75,0.0,5.1825,False,all_direct,5.1585,0.9877
69,v2,v6,20.0,40.0,20.0,0.6,0.2,0.4,-9.4499,True,all_direct,-9.4723,0.6586
69,v2,v1,20.0,80.06,10.0,0.6,0.4003,0.2,-12.8626,True,all_direct,-12.8825,0.4414
69,v3,v4,20.0,40.11,30.0,0.6,0.2006,0.6,-10.4689,True,all_direct,-10.5089,0.5848
69,v3,v7,20.0,50.0,20.0,0.6,0.25,0.4,-11.0005,True,all_direct,-11.0346,0.5654
69,v3,v8,20.0,80.06,0.0,0.6,0.4003,0.0,-10.4543,True,all_direct,-10.4818,0.5723
69,v3,v11,20.0,150.0,30.0,0.6,0.75,0.6,-19.6339,True,all_direct,-19.6673,0.2385
69,v3,v12,20.0,160.03,10.0,0.6,0.8001,0.2,-17.6754,True,all_direct,-17.6936,0.2781
69,v4,v7,40.0,10.44,10.0,1.0,0.0522,0.2,21.2923,False,all_direct,21.2677,0.9951
69,v4,v8,40.0,40.0,30.0,1.0,0.2,0.6,9.5506,False,all_direct,9.5224,0.9922
69,v4,v3,40.0,40.11,30.0,1.0,0.2006,0.6,9.5311,False,all_direct,9.5011,0.9941
69,v4,v11,40.0,110.04,0.0,1.0,0.5502,0.0,7.3351,False,all_direct,7.2962,0.9932
69,v4,v12,40.0,120.0,20.0,1.0,0.6,0.4,2.9161,False,all_direct,2.8837,0.9805
70,v1,v6,40.0,70.06,10.0,1.0,0.3503,0.2,8.0638,False,all_direct,8.0389,0.9902
70,v1,v2,40.0,90.05,0.0,1.0,0.4502,0.0,8.7283,False,all_direct,8.6973,0.9912
70,v1,v13,40.0,150.0,30.0,1.0,0.75,0.6,0.3661,True,all_direct,0.3488,0.9662
70,v1,v5,40.0,180.0,30.0,1.0,0.9,0.6,-0.9008,True,all_direct,-0.9267,0.9566
70,v2,v6,20.0,20.0,10.0,0.6,0.1,0.2,-3.2247,False,all_direct,-3.2416,0.9297
70,v2,v1,20.0,90.05,0.0,0.6,0.4502,0.0,-11.2717,True,all_direct,-11.3031,0.5406
70,v3,v7,20.0,70.0,30.0,0.6,0.35,0.6,-14.338,True,all_direct,-14.3605,0.3967
70,v3,v4,20.0,70.06,10.0,0.6,0.3503,0.2,-11.9362,True,all_direct,-11.9667,0.482
70,v3,v8,20.0,80.06,10.0,0.6,0.4003,0.2,-12.8626,True,all_direct,-12.8888,0.4395
70,v3,v12,20.0,170.03,0.0,0.6,0.8501,0.0,-15.6883,True,all_direct,-15.7195,0.3197
70,v3,v11,20.0,180.0,10.0,0.6,0.9,0.2,-18.4926,True,all_direct,-18.5221,0.2736
70,v4,v7,40.0,3.0,20.0,1.0,0.015,0.4,28.5491,False,all_direct,28.5167,0.999
70,v4,v8,40.0,10.0,0.0,1.0,0.05,0.0,24.0,False,all_direct,23.9721,0.998
70,v4,v3,40.0,70.06,10.0,1.0,0.3503,0.2,8.0638,False,all_direct,8.0335,0.9912
70,v4,v12,40.0,100.0,10.0,1.0,0.5,0.2,5.5918,False,all_direct,5.5545,0.9896
70,v4,v11,40.0,110.04,0.0,1.0,0.5502,0.0,7.3351,False,all_direct,7.3091,0.9912
71,v1,v6,40.0,60.07,30.0,1.0,0.3004,0.6,6.7244,False,all_direct,6.7025,0.9896
71,v1,v2,40.0,90.05,0.0,1.0,0.4502,0.0,8.7283,False,all_direct,8.7011,0.9912
71,v1,v13,40.0,180.0,30.0,1.0,0.9,0.6,-0.9008,True,all_direct,-0.9421,0.9648
71,v2,v6,20.0,30.0,30.0,0.6,0.15,0.6,-8.4504,True,all_direct,-8.4831,0.6916
71,v2,v1,20.0,90.05,0.0,0.6,0.4502,0.0,-11.2717,True,all_direct,-11.2993,0.5291
71,v3,v7,20.0,40.0,30.0,0.6,0.2,0.6,-10.4494,True,all_direct,-10.4806,0.5645
71,v3,v4,20.0,60.07,30.0,0.6,0.3004,0.6,-13.2756,True,all_direct,-13.309,0.415
71,v3,v8,20.0,70.06,0.0,0.6,0.3503,0.0,-9.5279,True,all_direct,-9.5419,0.6459
71,v3,v11,20.0,170.0,20.0,0.6,0.85,0.4,-19.5042,True,all_direct,-19.5311,0.2186
71,v3,v12,20.0,170.03,30.0,0.6,0.8501,0.6,-20.5047,True,all_direct,-20.5337,0.2172
71,v4,v8,40.0,10.0,30.0,1.0,0.05,0.6,19.1835,False,all_direct,19.1552,0.9961
71,v4,v7,40.0,20.22,0.0,1.0,0.1011,0.0,19.1062,False,all_direct,19.0831,0.999
71,v4,v3,40.0,60.07,30.0,1.0,0.3004,0.6,6.7244,False,all_direct,6.6903,0.9896
71,v4,v12,40.0,110.0,0.0,1.0,0.55,0.0,7.3377,False,all_direct,7.3124,0.9912
71,v4,v11,40.0,110.04,10.0,1.0,0.5502,0.2,4.9269,False,all_direct,4.8894,0.9854
72,v1,v2,40.0,90.05,0.0,1.0,0.4502,0.0,8.7283,False,all_direct,8.692,0.9932
72,v1,v6,40.0,90.05,10.0,1.0,0.4502,0.2,6.32,False,all_direct,6.2769,0.9883
72,v1,v13,40.0,150.0,10.0,1.0,0.75,0.2,2.7743,False,all_direct,2.7604,0.9893
72,v2,v6,20.0,0.0,10.0,0.6,0.0,0.2,33.5918,False,all_direct,33.5686,0.999
72,v2,v1,20.0,90.05,0.0,0.6,0.4502,0.0,-11.2717,True,all_direct,-11.2968,0.5467
72,v3,v7,20.0,70.0,30.0,0.6,0.35,0.6,-14.338,True,all_direct,-14.3683,0.3801
72,v3,v8,20.0,70.06,10.0,0.6,0.3503,0.2,-11.9362,True,all_direct,-11.9552,0.499
72,v3,v4,20.0,90.05,10.0,0.6,0.4502,0.2,-13.68,True,all_direct,-13.7178,0.3855
72,v3,v11,20.0,190.0,10.0,0.6,0.95,0.2,-18.8683,True,all_direct,-18.8957,0.2029
72,v4,v8,40.0,20.0,20.0,1.0,0.1,0.4,15.3666,False,all_direct,15.3284,0.9951
72,v4,v7,40.0,20.22,40.0,1.0,0.1011,0.8,13.5145,True,all_direct,13.4901,0.998
72,v4,v3,40.0,90.05,10.0,1.0,0.4502,0.2,6.32,False,all_direct,6.2873,0.9922
72,v4,v11,40.0,100.04,20.0,1.0,0.5002,0.4,4.1799,False,all_direct,4.1628,0.9848
72,v4,v12,40.0,110.0,0.0,1.0,0.55,0.0,7.3377,False,all_direct,7.3172,0.9912
73,v1,v2,40.0,90.05,0.0,1.0,0.4502,0.0,8.7283,False,all_direct,8.6998,0.9941
73,v1,v6,40.0,100.04,30.0,1.0,0.5002,0.6,3.1804,True,all_direct,3.154,0.9867
73,v1,v13,40.0,140.0,40.0,1.0,0.7,0.8,0.0702,True,all_direct,0.0395,0.9643
73,v1,v5,40.0,200.0,0.0,1.0,1.0,0.0,3.1835,True,all_direct,3.1588,0.9838
73,v2,v6,20.0,10.0,30.0,0.6,0.05,0.6,-0.8165,True,all_direct,-0.8379,0.9688
73,v2,v1,20.0,90.05,0.0,0.6,0.4502,0.0,-11.2717,True,all_direct,-11.2788,0.524
73,v3,v7,20.0,40.0,40.0,0.6,0.2,0.8,-11.2247,True,all_direct,-11.2441,0.5691
73,v3,v8,20.0,60.07,0.0,0.6,0.3004,0.0,-8.4591,True,all_direct,-8.4909,0.7164
73,v3,v4,20.0,100.04,30.0,0.6,0.5002,0.6,-16.8196,True,all_direct,-16.8413,0.298
73,v3,v11,20.0,180.0,30.0,0.6,0.9,0.6,-20.9008,True,all_direct,-20.9403,0.192
73,v4,v8,40.0,40.0,30.0,1.0,0.2,0.6,9.5506,False,all_direct,9.5244,0.9896
73,v4,v7,40.0,60.07,10.0,1.0,0.3004,0.2,9.1327,False,all_direct,9.1078,0.9912
73,v4,v11,40.0,80.06,0.0,1.0,0.4003,0.0,9.5457,False,all_direct,9.5253,0.9912
73,v4,v3,40.0,100.04,30.0,1.0,0.5002,0.6,3.1804,True,all_direct,3.1469,0.9867
73,v4,v12,40.0,110.0,30.0,1.0,0.55,0.6,2.5212,True,all_direct,2.5011,0.9805
74,v1,v6,40.0,70.06,10.0,1.0,0.3503,0.2,8.0638,False,all_direct,8.0337,0.9932
74,v1,v2,40.0,90.05,20.0,1.0,0.4502,0.4,4.9113,False,all_direct,4.8879,0.9887
74,v1,v13,40.0,180.0,40.0,1.0,0.9,0.8,-1.6761,True,all_direct,-1.7091,0.9324
74,v1,v5,40.0,200.0,0.0,1.0,1.0,0.0,3.1835,True,all_direct,3.1534,0.9844
74,v2,v6,20.0,20.0,10.0,0.6,0.1,0.2,-3.2247,False,all_direct,-3.2573,0.9092
74,v2,v1,20.0,90.05,20.0,0.6,0.4502,0.4,-15.0887,True,all_direct,-15.121,0.3438
74,v3,v7,20.0,0.0,20.0,0.6,0.0,0.4,32.183,True,all_direct,32.1578,0.998
74,v3,v8,20.0,60.07,0.0,0.6,0.3004,0.0,-8.4591,True,all_direct,-8.486,0.6902
74,v3,v4,20.0,70.06,30.0,0.6,0.3503,0.6,-14.3444,True,all_direct,-14.3956,0.3719
74,v3,v11,20.0,150.0,20.0,0.6,0.75,0.4,-18.6344,True,all_direct,-18.6627,0.2004
74,v4,v8,40.0,10.0,30.0,1.0,0.05,0.6,19.1835,False,all_direct,19.1529,0.9971
74,v4,v3,40.0,70.06,30.0,1.0,0.3503,0.6,5.6556,False,all_direct,5.6293,0.9902
74,v4,v7,40.0,70.06,10.0,1.0,0.3503,0.2,8.0638,False,all_direct,8.0364,0.9912
74,v4,v11,40.0,80.06,10.0,1.0,0.4003,0.2,7.1374,False,all_direct,7.1032,0.9893
74,v4,v12,40.0,140.0,20.0,1.0,0.7,0.4,1.845,True,all_direct,1.8267,0.9795
75,v1,v6,40.0,80.06,10.0,1.0,0.4003,0.2,7.1374,False,all_direct,7.1187,0.9902
75,v1,v2,40.0,110.04,40.0,1.0,0.5502,0.8,1.7434,True,all_direct,1.7334,0.9658
75,v1,v13,40.0,140.0,20.0,1.0,0.7,0.4,1.845,True,all_direct,1.8208,0.9668
75,v1,v14,40.0,170.03,30.0,1.0,0.8501,0.6,-0.5047,True,all_direct,-0.5379,0.957
75,v1,v5,40.0,200.0,30.0,1.0,1.0,0.6,-1.633,True,all_direct,-1.6516,0.9559
75,v2,v6,20.0,30.0,30.0,0.6,0.15,0.6,-8.4504,True,all_direct,-8.4856,0.6932
75,v2,v1,20.0,110.04,40.0,0.6,0.5502,0.8,-18.2566,True,all_direct,-18.2866,0.2584
75,v3,v7,20.0,20.0,20.0,0.6,0.1,0.4,-4.6334,True,all_direct,-4.6578,0.8889
75,v3,v8,20.0,60.07,10.0,0.6,0.3004,0.2,-10.8673,True,all_direct,-10.8835,0.5701
75,v3,v4,20.0,100.04,20.0,0.6,0.5002,0.4,-15.8201,True,all_direct,-15.8411,0.3381
75,v3,v11,20.0,170.0,20.0,0.6,0.85,0.4,-19.5042,True,all_direct,-19.5142,0.2248
75,v4,v8,40.0,40.0,10.0,1.0,0.2,0.2,11.9588,False,all_direct,11.9235,0.9941
75,v4,v11,40.0,70.06,0.0,1.0,0.3503,0.0,10.4721,False,all_direct,10.4525,0.9971
75,v4,v7,40.0,80.06,0.0,1.0,0.4003,0.0,9.5457,False,all_direct,9.5203,0.9951
75,v4,v3,40.0,100.04,20.0,1.0,0.5002,0.4,4.1799,False,all_direct,4.1398,0.9848
75,v4,v12,40.0,120.0,30.0,1.0,0.6,0.6,1.9166,True,all_direct,1.8841,0.9809
76,v1,v6,40.0,90.05,20.0,1.0,0.4502,0.4,4.9113,False,all_direct,4.8763,0.9834
76,v1,v13,40.0,120.0,20.0,1.0,0.6,0.4,2.9161,False,all_direct,2.8899,0.9789
76,v1,v14,40.0,140.03,0.0,1.0,0.7002,0.0,5.6604,False,all_direct,5.6186,0.9902
76,v1,v2,40.0,150.03,0.0,1.0,0.7501,0.0,5.1812,False,all_direct,5.159,0.9883
76,v1,v5,40.0,170.0,0.0,1.0,0.85,0.0,4.3128,True,all_direct,4.2801,0.9828
76,v2,v6,20.0,60.0,20.0,0.6,0.3,0.4,-12.2674,True,all_direct,-12.2842,0.452
76,v2,v1,20.0,150.03,0.0,0.6,0.7501,0.0,-14.8188,True,all_direct,-14.8378,0.334
76,v3,v7,20.0,0.0,10.0,0.6,0.0,0.2,33.5918,False,all_direct,33.5603,1.0
76,v3,v8,20.0,50.09,40.0,0.6,0.2504,0.8,-12.7878,True,all_direct,-12.8115,0.4188
76,v3,v4,20.0,80.06,30.0,0.6,0.4003,0.6,-15.2708,True,all_direct,-15.2976,0.3814
76,v3,v11,20.0,150.0,40.0,0.6,0.75,0.8,-20.4092,True,all_direct,-20.4381,0.1998
76,v4,v8,40.0,30.0,10.0,1.0,0.15,0.2,13.9578,False,all_direct,13.9203,0.9951
76,v4,v11,40.0,70.06,10.0,1.0,0.3503,0.2,8.0638,False,all_direct,8.0435,0.9936
76,v4,v3,40.0,80.06,30.0,1.0,0.4003,0.6,4.7292,False,all_direct,4.7033,0.9902
76,v4,v7,40.0,80.06,20.0,1.0,0.4003,0.4,5.7287,False,all_direct,5.7085,0.9896
76,v4,v12,40.0,150.0,10.0,1.0,0.75,0.2,2.7743,False,all_direct,2.7426,0.9818
77,v1,v13,40.0,100.0,0.0,1.0,0.5,0.0,8.0,False,all_direct,7.97,0.9912
77,v1,v6,40.0,110.04,10.0,1.0,0.5502,0.2,4.9269,False,all_direct,4.8972,0.9863
77,v1,v14,40.0,140.03,20.0,1.0,0.7002,0.4,1.8434,True,all_direct,1.8077,0.9775
77,v1,v2,40.0,150.03,0.0,1.0,0.7501,0.0,5.1812,False,all_direct,5.157,0.9867
77,v1,v5,40.0,170.0,20.0,1.0,0.85,0.4,0.4958,True,all_direct,0.4833,0.967
77,v2,v6,20.0,40.0,10.0,0.6,0.2,0.2,-8.0412,False,all_direct,-8.06,0.7086
77,v2,v1,20.0,150.03,0.0,0.6,0.7501,0.0,-14.8188,True,all_direct,-14.8493,0.3508
77,v3,v7,20.0,10.0,10.0,0.6,0.05,0.2,1.5918,False,all_direct,1.5694,0.9852
77,v3,v8,20.0,10.44,30.0,0.6,0.0522,0.6,-1.1159,True,all_direct,-1.1436,0.9547
77,v3,v4,20.0,50.09,40.0,0.6,0.2504,0.8,-12.7878,True,all_direct,-12.8125,0.4451
77,v3,v11,20.0,110.0,20.0,0.6,0.55,0.4,-16.4793,True,all_direct,-16.5041,0.2637
77,v3,v12,20.0,190.02,40.0,0.6,0.9501,0.8,-22.0527,True,all_direct,-22.0745,0.1627
77,v4,v8,40.0,40.0,10.0,1.0,0.2,0.2,11.9588,False,all_direct,11.929,0.9936
77,v4,v3,40.0,50.09,40.0,1.0,0.2504,0.8,7.2122,True,all_direct,7.1854,0.9902
77,v4,v7,40.0,60.07,30.0,1.0,0.3004,0.6,6.7244,False,all_direct,6.6854,0.9912
77,v4,v11,40.0,60.07,20.0,1.0,0.3004,0.4,7.7239,False,all_direct,7.7036,0.9932
77,v4,v12,40.0,140.0,0.0,1.0,0.7,0.0,5.662,False,all_direct,5.6221,0.9893
78,v1,v13,40.0,100.0,30.0,1.0,0.5,0.6,3.1835,True,all_direct,3.1531,0.9803
78,v1,v6,40.0,100.04,40.0,1.0,0.5002,0.8,2.4051,True,all_direct,2.3891,0.9775
78,v1,v5,40.0,150.0,20.0,1.0,0.75,0.4,1.3656,True,all_direct,1.3432,0.9789
78,v1,v2,40.0,150.03,0.0,1.0,0.7501,0.0,5.1812,False,all_direct,5.1615,0.9912
78,v1,v14,40.0,160.03,30.0,1.0,0.8001,0.6,-0.0836,True,all_direct,-0.1071,0.9701
78,v2,v6,20.0,50.0,40.0,0.6,0.25,0.8,-12.7753,True,all_direct,-12.8158,0.4539
78,v2,v1,20.0,150.03,0.0,0.6,0.7501,0.0,-14.8188,True,all_direct,-14.8375,0.3809
78,v3,v4,20.0,10.44,40.0,0.6,0.0522,0.8,-1.8912,True,all_direct,-1.9232,0.9473
78,v3,v7,20.0,20.0,10.0,0.6,0.1,0.2,-3.2247,False,all_direct,-3.2492,0.9152
78,v3,v8,20.0,20.22,20.0,0.6,0.1011,0.4,-4.7108,True,all_direct,-4.7359,0.8688
78,v3,v11,20.0,90.0,20.0,0.6,0.45,0.4,-15.0849,True,all_direct,-15.0994,0.3438
78,v3,v12,20.0,150.03,0.0,0.6,0.7501,0.0,-14.8188,True,all_direct,-14.8501,0.332
78,v4,v3,40.0,10.44,40.0,1.0,0.0522,0.8,18.1088,True,all_direct,18.0934,0.9951
78,v4,v8,40.0,30.0,20.0,1.0,0.15,0.4,12.5491,False,all_direct,12.5325,0.9932
78,v4,v7,40.0,30.15,30.0,1.0,0.1507,0.6,11.515,False,all_direct,11.4951,0.9951
78,v4,v11,40.0,80.06,20.0,1.0,0.4003,0.4,5.7287,False,all_direct,5.702,0.9906
78,v4,v12,40.0,140.0,40.0,1.0,0.7,0.8,0.0702,True,all_direct,0.0451,0.9725
79,v1,v6,40.0,60.07,20.0,1.0,0.3004,0.4,7.7239,False,all_direct,7.7031,0.9863
79,v1,v13,40.0,130.0,40.0,1.0,0.65,0.8,0.5851,True,all_direct,0.5728,0.9756
79,v1,v2,40.0,150.03,30.0,1.0,0.7501,0.6,0.3647,True,all_direct,0.3294,0.9639
79,v1,v5,40.0,170.0,10.0,1.0,0.85,0.2,1.9046,True,all_direct,1.8713,0.9824
79,v1,v14,40.0,190.02,40.0,1.0,0.9501,0.8,-2.0527,True,all_direct,-2.0631,0.9471
79,v2,v6,20.0,90.0,10.0,0.6,0.45,0.2,-13.6761,True,all_direct,-13.7007,0.4117
79,v2,v1,20.0,150.03,30.0,0.6,0.7501,0.6,-19.6353,True,all_direct,-19.6667,0.2229
79,v3,v7,20.0,30.0,20.0,0.6,0.15,0.4,-7.4509,True,all_direct,-7.4785,0.7641
79,v3,v4,20.0,30.15,0.0,0.6,0.1507,0.0,-3.6685,False,all_direct,-3.7061,0.9266
79,v3,v8,20.0,40.11,10.0,0.6,0.2006,0.2,-8.0607,False,all_direct,-8.0948,0.7041
79,v3,v11,20.0,70.0,10.0,0.6,0.35,0.2,-11.9298,True,all_direct,-11.954,0.4768
79,v3,v15,20.0,140.0,20.0,0.6,0.7,0.4,-18.155,True,all_direct,-18.1876,0.2398
79,v4,v7,40.0,3.0,20.0,1.0,0.015,0.4,28.5491,False,all_direct,28.5255,0.999
79,v4,v8,40.0,10.0,10.0,1.0,0.05,0.2,21.5918,False,all_direct,21.5596,0.9971
79,v4,v3,40.0,30.15,0.0,1.0,0.1507,0.0,16.3315,False,all_direct,16.3048,0.9951
79,v4,v11,40.0,100.04,10.0,1.0,0.5002,0.2,5.5886,False,all_direct,5.5601,0.9893
79,v4,v15,40.0,170.03,20.0,1.0,0.8501,0.4,0.4948,True,all_direct,0.4703,0.976
80,v1,v6,40.0,40.11,0.0,1.0,0.2006,0.0,14.3476,False,all_direct,14.313,0.9961
80,v1,v2,40.0,120.04,0.0,1.0,0.6002,0.0,6.7309,False,all_direct,6.7083,0.9873
80,v1,v13,40.0,170.0,30.0,1.0,0.85,0.6,-0.5037,True,all_direct,-0.5274,0.9643
80,v1,v5,40.0,180.0,0.0,1.0,0.9,0.0,3.9156,True,all_direct,3.8919,0.9873
80,v2,v6,20.0,80.0,0.0,0.6,0.4,0.0,-10.4494,True,all_direct,-10.4651,0.5664
80,v2,v1,20.0,120.04,0.0,0.6,0.6002,0.0,-13.2691,True,all_direct,-13.2876,0.435
80,v3,v7,20.0,10.0,10.0,0.6,0.05,0.2,1.5918,False,all_direct,1.5661,0.9795
80,v3,v4,20.0,30.15,10.0,0.6,0.1507,0.2,-6.0768,False,all_direct,-6.0959,0.816
80,v3,v8,20.0,30.15,20.0,0.6,0.1507,0.4,-7.4855,True,all_direct,-7.5098,0.7457
80,v3,v11,20.0,60.0,10.0,0.6,0.3,0.2,-10.8587,True,all_direct,-10.8784,0.558
80,v3,v12,20.0,140.03,0.0,0.6,0.7002,0.0,-14.3396,True,all_direct,-14.3748,0.3846
80,v4,v8,40.0,0.0,30.0,1.0,0.0,0.6,40.0,False,all_direct,39.9756,1.0
80,v4,v7,40.0,20.22,20.0,1.0,0.1011,0.4,15.2892,False,all_direct,15.2679,0.9951
80,v4,v3,40.0,30.15,10.0,1.0,0.1507,0.2,13.9232,False,all_direct,13.9059,0.9951
80,v4,v11,40.0,90.05,20.0,1.0,0.4502,0.4,4.9113,False,all_direct,4.8778,0.9883
80,v4,v12,40.0,170.0,10.0,1.0,0.85,0.2,1.9046,True,all_direct,1.8947,0.9838
81,v1,v6,40.0,40.11,10.0,1.0,0.2006,0.2,11.9393,False,all_direct,11.9193,0.9926
81,v1,v2,40.0,120.04,10.0,1.0,0.6002,0.2,4.3227,False,all_direct,4.3121,0.9799
81,v1,v5,40.0,180.0,20.0,1.0,0.9,0.4,0.0987,True,all_direct,0.0795,0.974
81,v1,v13,40.0,200.0,30.0,1.0,1.0,0.6,-1.633,True,all_direct,-1.6565,0.9525
81,v2,v6,20.0,80.0,20.0,0.6,0.4,0.4,-14.2664,True,all_direct,-14.2879,0.3764
81,v2,v1,20.0,120.04,10.0,0.6,0.6002,0.2,-15.6773,True,all_direct,-15.707,0.3309
81,v2,v4,20.0,190.09,60.0,0.6,0.9505,1.2,-23.2243,True,all_direct,-23.2549,0.1611
81,v3,v7,20.0,0.0,10.0,0.6,0.0,0.2,33.5918,False,all_direct,33.5795,0.998
81,v3,v8,20.0,10.44,10.0,0.6,0.0522,0.2,1.2923,False,all_direct,1.2847,0.976
81,v3,v4,20.0,40.11,0.0,0.6,0.2006,0.0,-5.6524,False,all_direct,-5.6803,0.8236
81,v3,v11,20.0,70.0,20.0,0.6,0.35,0.4,-13.3385,True,all_direct,-13.3664,0.415
81,v3,v12,20.0,140.03,0.0,0.6,0.7002,0.0,-14.3396,True,all_direct,-14.3725,0.3807
81,v4,v8,40.0,30.0,10.0,1.0,0.15,0.2,13.9578,False,all_direct,13.9371,0.9961
81,v4,v3,40.0,40.11,0.0,1.0,0.2006,0.0,14.3476,False,all_direct,14.3222,0.9961
81,v4,v7,40.0,40.11,10.0,1.0,0.2006,0.2,11.9393,False,all_direct,11.908,0.9932
81,v4,v11,40.0,110.04,20.0,1.0,0.5502,0.4,3.5182,False,all_direct,3.4807,0.9834
81,v4,v12,40.0,180.0,0.0,1.0,0.9,0.0,3.9156,True,all_direct,3.8952,0.9734
82,v1,v6,40.0,30.15,40.0,1.0,0.1507,0.8,10.7397,True,all_direct,10.7085,0.9932
82,v1,v2,40.0,130.03,0.0,1.0,0.6502,0.0,6.1751,False,all_direct,6.1493,0.9809
82,v1,v5,40.0,200.0,10.0,1.0,1.0,0.2,0.7753,True,all_direct,0.7363,0.9779
82,v2,v6,20.0,100.0,40.0,0.6,0.5,0.8,-17.5918,True,all_direct,-17.6123,0.2535
82,v2,v1,20.0,130.03,0.0,0.6,0.6502,0.0,-13.8249,True,all_direct,-13.8475,0.4227
82,v2,v4,20.0,130.14,60.0,0.6,0.6507,1.2,-20.5913,True,all_direct,-20.616,0.1996
82,v2,v8,20.0,150.12,60.0,0.6,0.7506,1.2,-21.5838,True,all_direct,-21.6188,0.1785
82,v2,v7,20.0,160.03,90.0,0.6,0.8001,1.8,-23.2671,True,all_direct,-23.3007,0.1662
82,v3,v7,20.0,10.0,10.0,0.6,0.05,0.2,1.5918,False,all_direct,1.5719,0.9705
82,v3,v8,20.0,20.22,20.0,0.6,0.1011,0.4,-4.7108,True,all_direct,-4.7354,0.8951
82,v3,v4,20.0,40.11,20.0,0.6,0.2006,0.4,-9.4694,True,all_direct,-9.4878,0.6412
82,v3,v11,20.0,50.0,0.0,0.6,0.25,0.0,-7.1835,False,all_direct,-7.1963,0.7746
82,v3,v15,20.0,120.0,10.0,0.6,0.6,0.2,-15.6751,True,all_direct,-15.7014,0.3355
82,v4,v8,40.0,20.0,0.0,1.0,0.1,0.0,19.1835,False,all_direct,19.1482,0.9951
82,v4,v7,40.0,30.15,30.0,1.0,0.1507,0.6,11.515,False,all_direct,11.4921,0.9932
82,v4,v3,40.0,40.11,20.0,1.0,0.2006,0.4,10.5306,False,all_direct,10.5058,0.9945
82,v4,v11,40.0,90.05,20.0,1.0,0.4502,0.4,4.9113,False,all_direct,4.8666,0.9822
82,v4,v2,40.0,130.14,60.0,1.0,0.6507,1.2,-0.5913,True,all_direct,-0.6157,0.9617
83,v1,v6,40.0,10.44,20.0,1.0,0.0522,0.4,19.8836,False,all_direct,19.8511,0.998
83,v1,v2,40.0,130.03,10.0,1.0,0.6502,0.2,3.7668,False,all_direct,3.749,0.9848
83,v2,v7,20.0,70.06,60.0,0.6,0.3503,1.2,-16.2887,True,all_direct,-16.3045,0.3113
83,v2,v4,20.0,70.26,60.0,0.6,0.3513,1.2,-16.3078,True,all_direct,-16.3346,0.3006
83,v2,v3,20.0,90.05,70.0,0.6,0.4502,1.4,-18.4965,True,all_direct,-18.5184,0.2184
83,v2,v8,20.0,90.2,30.0,0.6,0.451,0.6,-16.0998,True,all_direct,-16.1313,0.2852
83,v2,v1,20.0,130.03,10.0,0.6,0.6502,0.2,-16.2332,True,all_direct,-16.2599,0.2607
83,v3,v8,20.0,3.0,40.0,0.6,0.015,0.8,6.7743,True,all_direct,6.7379,0.9863
83,v3,v7,20.0,20.0,10.0,0.6,0.1,0.2,-3.2247,False,all_direct,-3.2426,0.9172
83,v3,v4,20.0,20.22,10.0,0.6,0.1011,0.2,-3.302,False,all_direct,-3.3315,0.9207
83,v3,v11,20.0,50.0,0.0,0.6,0.25,0.0,-7.1835,False,all_direct,-7.2015,0.7781
83,v3,v2,20.0,90.05,70.0,0.6,0.4502,1.4,-18.4965,True,all_direct,-18.5295,0.2371
83,v4,v7,40.0,3.0,0.0,1.0,0.015,0.0,32.3661,False,all_direct,32.351,0.9971
83,v4,v8,40.0,20.0,30.0,1.0,0.1,0.6,14.367,False,all_direct,14.3388,0.998
83,v4,v3,40.0,20.22,10.0,1.0,0.1011,0.2,16.698,False,all_direct,16.6693,0.999
83,v4,v11,40.0,70.06,10.0,1.0,0.3503,0.2,8.0638,False,all_direct,8.049,0.9941
83,v4,v2,40.0,70.26,60.0,1.0,0.3513,1.2,3.6922,True,all_direct,3.6776,0.9844
84,v1,v6,40.0,30.15,10.0,1.0,0.1507,0.2,13.9232,False,all_direct,13.8915,0.9961
84,v1,v2,40.0,120.04,40.0,1.0,0.6002,0.8,1.1392,True,all_direct,1.1218,0.9793
84,v1,v7,40.0,130.14,40.0,1.0,0.6507,0.8,0.5778,True,all_direct,0.5487,0.9676
84,v1,v4,40.0,130.31,60.0,1.0,0.6516,1.2,-0.6005,True,all_direct,-0.6259,0.9701
84,v1,v3,40.0,140.13,20.0,1.0,0.7006,0.4,1.8386,True,all_direct,1.8203,0.975
84,v2,v7,20.0,10.44,80.0,0.6,0.0522,1.6,-3.9334,True,all_direct,-3.9655,0.8805
84,v2,v4,20.0,11.66,100.0,0.6,0.0583,2.0,-5.3995,True,all_direct,-5.428,0.8479
84,v2,v3,20.0,20.22,60.0,0.6,0.1011,1.2,-7.6546,True,all_direct,-7.693,0.7588
84,v2,v8,20.0,60.3,80.0,0.6,0.3015,1.6,-16.1189,True,all_direct,-16.1341,0.29
84,v2,v11,20.0,70.06,60.0,0.6,0.3503,1.2,-16.2887,True,all_direct,-16.3301,0.3162
84,v3,v7,20.0,10.0,20.0,0.6,0.05,0.4,0.183,True,all_direct,0.1554,0.9736
84,v3,v4,20.0,10.44,40.0,0.6,0.0522,0.8,-1.8912,True,all_direct,-1.9068,0.9467
84,v3,v2,20.0,20.22,60.0,0.6,0.1011,1.2,-7.6546,True,all_direct,-7.6699,0.7605
84,v3,v8,20.0,40.11,20.0,0.6,0.2006,0.4,-9.4694,True,all_direct,-9.5022,0.6246
84,v3,v11,20.0,50.0,0.0,0.6,0.25,0.0,-7.1835,False,all_direct,-7.2166,0.7752
84,v4,v7,40.0,3.0,20.0,1.0,0.015,0.4,28.5491,False,all_direct,28.5232,0.998
84,v4,v3,40.0,10.44,40.0,1.0,0.0522,0.8,18.1088,True,all_direct,18.0853,0.9961
84,v4,v2,40.0,11.66,100.0,1.0,0.0583,2.0,14.6005,True,all_direct,14.5706,0.9971
84,v4,v8,40.0,50.0,20.0,1.0,0.25,0.4,8.9995,False,all_direct,8.9804,0.9922
84,v4,v11,40.0,60.07,40.0,1.0,0.3004,0.8,5.9491,True,all_direct,5.9223,0.9848
85,v1,v6,40.0,20.22,10.0,1.0,0.1011,0.2,16.698,False,all_direct,16.6771,0.9961
85,v1,v4,40.0,70.58,80.0,1.0,0.3529,1.6,2.7875,True,all_direct,2.7592,0.9814
85,v1,v7,40.0,90.2,70.0,1.0,0.451,1.4,1.492,True,all_direct,1.4651,0.9766
85,v1,v3,40.0,120.15,90.0,1.0,0.6007,1.8,-1.2756,True,all_direct,-1.2938,0.9518
85,v1,v8,40.0,140.29,70.0,1.0,0.7014,1.4,-1.5771,True,all_direct,-1.6025,0.9602
85,v2,v11,20.0,10.44,60.0,0.6,0.0522,1.2,-3.0602,True,all_direct,-3.07,0.9145
85,v2,v8,20.0,20.88,80.0,0.6,0.1044,1.6,-8.7498,True,all_direct,-8.7815,0.6844
85,v2,v3,20.0,40.11,100.0,0.6,0.2006,2.0,-13.9836,True,all_direct,-14.0158,0.3881
85,v2,v7,20.0,70.06,80.0,0.6,0.3503,1.6,-17.1619,True,all_direct,-17.1748,0.2648
85,v2,v15,20.0,70.06,80.0,0.6,0.3503,1.6,-17.1619,True,all_direct,-17.1979,0.268
85,v3,v8,20.0,20.22,20.0,0.6,0.1011,0.4,-4.7108,True,all_direct,-4.7399,0.877
85,v3,v7,20.0,30.0,20.0,0.6,0.15,0.4,-7.4509,True,all_direct,-7.4837,0.7494
85,v3,v2,20.0,40.11,100.0,0.6,0.2006,2.0,-13.9836,True,all_direct,-14.0134,0.4166
85,v3,v11,20.0,50.0,40.0,0.6,0.25,0.8,-12.7753,True,all_direct,-12.7968,0.4426
85,v3,v4,20.0,50.09,10.0,0.6,0.2504,0.2,-9.6042,False,all_direct,-9.6431,0.6436
85,v4,v7,40.0,20.22,10.0,1.0,0.1011,0.2,16.698,False,all_direct,16.6699,0.998
85,v4,v3,40.0,50.09,10.0,1.0,0.2504,0.2,10.3958,False,all_direct,10.3702,0.9961
85,v4,v8,40.0,70.0,10.0,1.0,0.35,0.2,8.0702,False,all_direct,8.0408,0.9941
85,v4,v1,40.0,70.58,80.0,1.0,0.3529,1.6,2.7875,True,all_direct,2.7677,0.9756
85,v4,v2,40.0,90.2,90.0,1.0,0.451,1.8,0.7167,True,all_direct,0.6941,0.975
86,v1,v6,40.0,10.44,0.0,1.0,0.0522,0.0,23.7006,False,all_direct,23.6829,0.9971
86,v1,v4,40.0,13.45,40.0,1.0,0.0673,0.8,16.3468,True,all_direct,16.319,0.9971
86,v1,v7,40.0,20.88,60.0,1.0,0.1044,1.2,12.1233,True,all_direct,12.1007,0.9951
86,v1,v3,40.0,30.59,70.0,1.0,0.153,1.4,9.0051,True,all_direct,8.98,0.9951
86,v1,v8,40.0,70.58,40.0,1.0,0.3529,0.8,4.8297,True,all_direct,4.7955,0.9834
86,v2,v15,20.0,10.44,90.0,0.6,0.0522,1.8,-4.2994,True,all_direct,-4.3253,0.8854
86,v2,v12,20.0,11.66,90.0,0.6,0.0583,1.8,-5.0683,True,all_direct,-5.1026,0.8623
86,v2,v11,20.0,50.09,90.0,0.6,0.2504,1.8,-15.196,True,all_direct,-15.2024,0.335
86,v2,v16,20.0,90.2,90.0,0.6,0.451,1.8,-19.2833,True,all_direct,-19.3115,0.2209
86,v2,v8,20.0,100.18,50.0,0.6,0.5009,1.0,-18.2377,True,all_direct,-18.2597,0.2562
86,v3,v7,20.0,10.0,10.0,0.6,0.05,0.2,1.5918,False,all_direct,1.5787,0.977
86,v3,v1,20.0,30.59,70.0,0.6,0.153,1.4,-10.9949,True,all_direct,-11.0254,0.5609
86,v3,v4,20.0,40.11,30.0,0.6,0.2006,0.6,-10.4689,True,all_direct,-10.506,0.5777
86,v3,v6,20.0,40.11,70.0,0.6,0.2006,1.4,-12.8772,True,all_direct,-12.9034,0.4547
86,v3,v8,20.0,40.11,30.0,0.6,0.2006,0.6,-10.4689,True,all_direct,-10.5048,0.5357
86,v4,v6,40.0,6.0,40.0,1.0,0.03,0.8,21.9578,True,all_direct,21.9309,0.9971
86,v4,v1,40.0,13.45,40.0,1.0,0.0673,0.8,16.3468,True,all_direct,16.3222,0.999
86,v4,v7,40.0,30.15,20.0,1.0,0.1507,0.4,12.5145,False,all_direct,12.4908,0.9926
86,v4,v3,40.0,40.11,30.0,1.0,0.2006,0.6,9.5311,False,all_direct,9.5159,0.9932
86,v4,v8,40.0,80.0,0.0,1.0,0.4,0.0,9.5506,False,all_direct,9.5298,0.9932
87,v1,v6,40.0,10.44,20.0,1.0,0.0522,0.4,19.8836,False,all_direct,19.8473,0.998
87,v1,v8,40.0,31.32,40.0,1.0,0.1566,0.8,10.4749,True,all_direct,10.45,0.9932
87,v1,v3,40.0,40.45,70.0,1.0,0.2022,1.4,7.065,True,all_direct,7.0349,0.9852
87,v1,v7,40.0,40.45,70.0,1.0,0.2022,1.4,7.065,True,all_direct,7.0348,0.9893
87,v1,v11,40.0,40.45,80.0,1.0,0.2022,1.6,6.6558,True,all_direct,6.6223,0.9873
87,v2,v16,20.0,6.0,90.0,0.6,0.03,1.8,-0.4504,True,all_direct,-0.4846,0.9639
87,v2,v15,20.0,100.04,90.0,0.6,0.5002,1.8,-20.0031,True,all_direct,-20.0319,0.2131
87,v2,v19,20.0,100.04,100.0,0.6,0.5002,2.0,-20.3343,True,all_direct,-20.351,0.2236
87,v2,v12,20.0,100.18,70.0,0.6,0.5009,1.4,-19.2372,True,all_direct,-19.2708,0.2318
87,v2,v11,20.0,140.03,100.0,0.6,0.7002,2.0,-22.6708,True,all_direct,-22.6879,0.1869
87,v3,v7,20.0,0.0,0.0,0.6,0.0,0.0,36.0,False,all_direct,35.9616,1.0
87,v3,v4,20.0,10.44,10.0,0.6,0.0522,0.2,1.2923,False,all_direct,1.2612,0.976
87,v3,v6,20.0,30.15,50.0,0.6,0.1507,1.0,-9.8937,True,all_direct,-9.922,0.6498
87,v3,v1,20.0,40.45,70.0,0.6,0.2022,1.4,-12.935,True,all_direct,-12.9543,0.4354
87,v3,v8,20.0,70.06,30.0,0.6,0.3503,0.6,-14.3444,True,all_direct,-14.3676,0.3881
87,v4,v3,40.0,10.44,10.0,1.0,0.0522,0.2,21.2923,False,all_direct,21.2612,1.0
87,v4,v7,40.0,10.44,10.0,1.0,0.0522,0.2,21.2923,False,all_direct,21.2598,0.999
87,v4,v6,40.0,40.45,60.0,1.0,0.2022,1.2,7.5289,True,all_direct,7.504,0.9906
87,v4,v1,40.0,50.8,80.0,1.0,0.254,1.6,5.0718,True,all_direct,5.0526,0.9902
87,v4,v8,40.0,80.0,40.0,1.0,0.4,0.8,3.9588,True,all_direct,3.9298,0.9814
88,v1,v15,40.0,11.66,60.0,1.0,0.0583,1.2,16.1709,True,all_direct,16.1334,0.9961
88,v1,v8,40.0,13.45,40.0,1.0,0.0673,0.8,16.3468,True,all_direct,16.3285,0.9961
88,v1,v6,40.0,30.15,0.0,1.0,0.1507,0.0,16.3315,False,all_direct,16.3104,0.9971
88,v1,v12,40.0,31.32,40.0,1.0,0.1566,0.8,10.4749,True,all_direct,10.4487,0.9932
88,v1,v11,40.0,40.45,60.0,1.0,0.2022,1.2,7.5289,True,all_direct,7.5097,0.9912
88,v2,v19,20.0,3.0,60.0,0.6,0.015,1.2,5.6053,True,all_direct,5.5889,0.9922
88,v2,v16,20.0,90.2,60.0,0.6,0.451,1.2,-18.0441,True,all_direct,-18.0684,0.2414
88,v2,v12,20.0,170.11,40.0,0.6,0.8505,0.8,-21.2833,True,all_direct,-21.3019,0.1865
88,v2,v15,20.0,190.02,60.0,0.6,0.9501,1.2,-23.2217,True,all_direct,-23.2397,0.1635
88,v3,v7,20.0,0.0,20.0,0.6,0.0,0.4,32.183,True,all_direct,32.1695,0.998
88,v3,v4,20.0,20.22,10.0,0.6,0.1011,0.2,-3.302,False,all_direct,-3.3245,0.9187
88,v3,v11,20.0,70.0,0.0,0.6,0.35,0.0,-9.5216,True,all_direct,-9.545,0.6168
88,v3,v6,20.0,80.06,60.0,0.6,0.4003,1.2,-17.2151,True,all_direct,-17.2457,0.2547
88,v3,v5,20.0,80.22,70.0,0.6,0.4011,1.4,-17.6936,True,all_direct,-17.7294,0.2527
88,v4,v3,40.0,20.22,10.0,1.0,0.1011,0.2,16.698,False,all_direct,16.6727,0.9971
88,v4,v7,40.0,20.22,10.0,1.0,0.1011,0.2,16.698,False,all_direct,16.6692,0.998
88,v4,v5,40.0,60.67,80.0,1.0,0.3034,1.6,3.8383,True,all_direct,3.8175,0.9809
88,v4,v13,40.0,80.5,90.0,1.0,0.4025,1.8,1.5069,True,all_direct,1.4825,0.9789
88,v4,v11,40.0,90.05,10.0,1.0,0.4502,0.2,6.32,False,all_direct,6.2894,0.9916
89,v1,v12,40.0,13.45,80.0,1.0,0.0673,1.6,14.3046,True,all_direct,14.2773,0.9951
89,v1,v6,40.0,30.15,30.0,1.0,0.1507,0.6,11.515,False,all_direct,11.4939,0.9945
89,v1,v15,40.0,50.36,60.0,1.0,0.2518,1.2,6.006,True,all_direct,5.9838,0.9936
89,v1,v8,40.0,50.8,60.0,1.0,0.254,1.2,5.9449,True,all_direct,5.9161,0.9814
89,v1,v16,40.0,50.8,90.0,1.0,0.254,1.8,4.7057,True,all_direct,4.678,0.9812
89,v2,v19,20.0,60.07,30.0,0.6,0.3004,0.6,-13.2756,True,all_direct,-13.2947,0.4098
89,v2,v16,20.0,150.12,60.0,0.6,0.7506,1.2,-21.5838,True,all_direct,-21.6188,0.1916
89,v3,v5,20.0,11.66,70.0,0.6,0.0583,1.4,-4.293,True,all_direct,-4.3226,0.8875
89,v3,v7,20.0,20.0,20.0,0.6,0.1,0.4,-4.6334,True,all_direct,-4.6665,0.8777
89,v3,v13,20.0,20.88,50.0,0.6,0.1044,1.0,-7.3411,True,all_direct,-7.3691,0.7721
89,v3,v4,20.0,30.15,0.0,0.6,0.1507,0.0,-3.6685,False,all_direct,-3.699,0.9127
89,v3,v11,20.0,70.0,10.0,0.6,0.35,0.2,-11.9298,True,all_direct,-11.9495,0.4953
89,v4,v7,40.0,10.44,20.0,1.0,0.0522,0.4,19.8836,False,all_direct,19.8631,0.999
89,v4,v13,40.0,13.45,50.0,1.0,0.0673,1.0,15.7134,True,all_direct,15.6829,0.9971
89,v4,v5,40.0,21.93,70.0,1.0,0.1097,1.4,11.3181,True,all_direct,11.2958,0.9941
89,v4,v3,40.0,30.15,0.0,1.0,0.1507,0.0,16.3315,False,all_direct,16.3012,0.9971
89,v4,v14,40.0,50.36,80.0,1.0,0.2518,1.6,5.1329,True,all_direct,5.1029,0.9867
90,v1,v16,40.0,41.0,40.0,1.0,0.205,0.8,8.6037,True,all_direct,8.5693,0.9863
90,v1,v6,40.0,60.07,10.0,1.0,0.3004,0.2,9.1327,False,all_direct,9.0946,0.9941
90,v1,v19,40.0,80.22,50.0,1.0,0.4011,1.0,3.3059,True,all_direct,3.2834,0.9814
90,v1,v12,40.0,90.45,40.0,1.0,0.4522,0.8,3.1058,True,all_direct,3.0857,0.9834
90,v1,v15,40.0,110.16,80.0,1.0,0.5508,1.6,-0.3065,True,all_direct,-0.3391,0.9643
90,v2,v19,20.0,90.05,40.0,0.6,0.4502,0.8,-16.8635,True,all_direct,-16.8869,0.2865
90,v2,v20,20.0,150.12,70.0,0.6,0.7506,1.4,-22.0477,True,all_direct,-22.0684,0.1828
90,v2,v1,20.0,170.03,10.0,0.6,0.8501,0.2,-18.0965,True,all_direct,-18.1292,0.2551
90,v3,v14,20.0,3.0,70.0,0.6,0.015,1.4,5.1413,True,all_direct,5.1127,0.9828
90,v3,v4,20.0,30.15,10.0,0.6,0.1507,0.2,-6.0768,False,all_direct,-6.0998,0.8084
90,v3,v13,20.0,30.59,70.0,0.6,0.153,1.4,-10.9949,True,all_direct,-11.0275,0.5539
90,v3,v7,20.0,40.0,0.0,0.6,0.2,0.0,-5.633,False,all_direct,-5.6623,0.8299
90,v3,v11,20.0,60.0,10.0,0.6,0.3,0.2,-10.8587,True,all_direct,-10.8899,0.5453
90,v4,v7,40.0,10.44,10.0,1.0,0.0522,0.2,21.2923,False,all_direct,21.2688,0.9961
90,v4,v3,40.0,30.15,10.0,1.0,0.1507,0.2,13.9232,False,all_direct,13.9008,0.9951
90,v4,v14,40.0,30.59,80.0,1.0,0.153,1.6,8.5959,True,all_direct,8.5719,0.9912
90,v4,v9,40.0,41.0,50.0,1.0,0.205,1.0,7.9702,True,all_direct,7.9468,0.9902
90,v4,v10,40.0,50.36,40.0,1.0,0.2518,0.8,7.175,True,all_direct,7.1457,0.9922
91,v1,v19,40.0,30.59,70.0,1.0,0.153,1.4,9.0051,True,all_direct,8.9898,0.9971
91,v1,v6,40.0,70.06,20.0,1.0,0.3503,0.4,6.6551,False,all_direct,6.6196,0.9906
91,v1,v16,40.0,80.5,60.0,1.0,0.4025,1.2,2.7461,True,all_direct,2.7159,0.9795
91,v1,v12,40.0,130.31,80.0,1.0,0.6516,1.6,-1.4736,True,all_direct,-1.504,0.949
91,v1,v2,40.0,160.03,20.0,1.0,0.8001,0.4,0.9159,True,all_direct,0.8962,0.977
91,v2,v20,20.0,80.22,60.0,0.6,0.4011,1.2,-17.2297,True,all_direct,-17.2546,0.2963
91,v2,v19,20.0,130.03,50.0,0.6,0.6502,1.0,-20.0502,True,all_direct,-20.0897,0.2166
91,v2,v1,20.0,160.03,20.0,0.6,0.8001,0.4,-19.0841,True,all_direct,-19.1146,0.2203
91,v3,v9,20.0,30.59,60.0,0.6,0.153,1.2,-10.531,True,all_direct,-10.5655,0.5768
91,v3,v7,20.0,40.0,20.0,0.6,0.2,0.4,-9.4499,True,all_direct,-9.4667,0.6455
91,v3,v4,20.0,40.11,0.0,0.6,0.2006,0.0,-5.6524,False,all_direct,-5.678,0.8441
91,v3,v11,20.0,50.0,0.0,0.6,0.25,0.0,-7.1835,False,all_direct,-7.198,0.768
91,v3,v10,20.0,50.09,50.0,0.6,0.2504,1.0,-13.4212,True,all_direct,-13.4457,0.4242
91,v4,v7,40.0,3.0,20.0,1.0,0.015,0.4,28.5491,False,all_direct,28.5214,0.9971
91,v4,v10,40.0,11.66,50.0,1.0,0.0583,1.0,16.7065,True,all_direct,16.6781,0.999
91,v4,v9,40.0,13.45,60.0,1.0,0.0673,1.2,15.1778,True,all_direct,15.1587,0.9941
91,v4,v3,40.0,40.11,0.0,1.0,0.2006,0.0,14.3476,False,all_direct,14.3202,0.9941
91,v4,v11,40.0,90.05,0.0,1.0,0.4502,0.0,8.7283,False,all_direct,8.7169,0.9912
92,v1,v19,40.0,40.45,70.0,1.0,0.2022,1.4,7.065,True,all_direct,7.0426,0.9932
92,v1,v6,40.0,90.05,10.0,1.0,0.4502,0.2,6.32,False,all_direct,6.2965,0.9932
92,v1,v2,40.0,140.03,10.0,1.0,0.7002,0.2,3.2521,False,all_direct,3.2284,0.9887
92,v1,v16,40.0,140.29,30.0,1.0,0.7014,0.6,0.8311,True,all_direct,0.7932,0.9721
92,v1,v20,40.0,160.25,30.0,1.0,0.8013,0.6,-0.0934,True,all_direct,-0.116,0.9648
92,v2,v20,20.0,20.88,40.0,0.6,0.1044,0.8,-6.7077,True,all_direct,-6.7373,0.7977
92,v2,v1,20.0,140.03,10.0,0.6,0.7002,0.2,-16.7479,True,all_direct,-16.782,0.2783
92,v2,v19,20.0,180.02,80.0,0.6,0.9001,1.6,-23.7193,True,all_direct,-23.7458,0.1408
92,v3,v10,20.0,3.0,90.0,0.6,0.015,1.8,4.3661,True,all_direct,4.3436,0.9805
92,v3,v9,20.0,30.59,100.0,0.6,0.153,2.0,-12.1013,True,all_direct,-12.1297,0.5125
92,v3,v4,20.0,40.11,10.0,0.6,0.2006,0.2,-8.0607,False,all_direct,-8.0951,0.7314
92,v3,v11,20.0,50.0,30.0,0.6,0.25,0.6,-12.0,True,all_direct,-12.0244,0.5059
92,v3,v7,20.0,60.0,10.0,0.6,0.3,0.2,-10.8587,True,all_direct,-10.8819,0.5367
92,v4,v7,40.0,20.22,0.0,1.0,0.1011,0.0,19.1062,False,all_direct,19.078,0.9951
92,v4,v3,40.0,40.11,10.0,1.0,0.2006,0.2,11.9393,False,all_direct,11.9147,0.9941
92,v4,v10,40.0,40.45,80.0,1.0,0.2022,1.6,6.6558,True,all_direct,6.6236,0.9896
92,v4,v9,40.0,70.58,90.0,1.0,0.3529,1.8,2.4215,True,all_direct,2.3921,0.9818
92,v4,v11,40.0,90.05,20.0,1.0,0.4502,0.4,4.9113,False,all_direct,4.8811,0.9863
93,v1,v6,40.0,80.06,20.0,1.0,0.4003,0.4,5.7287,False,all_direct,5.7028,0.9867
93,v1,v19,40.0,110.16,100.0,1.0,0.5508,2.0,-1.0037,True,all_direct,-1.0253,0.9523
93,v1,v20,40.0,130.31,80.0,1.0,0.6516,1.6,-1.4736,True,all_direct,-1.5094,0.9494
93,v1,v5,40.0,150.0,30.0,1.0,0.75,0.6,0.3661,True,all_direct,0.3386,0.9744
93,v1,v2,40.0,150.03,40.0,1.0,0.7501,0.8,-0.4106,True,all_direct,-0.4436,0.9637
93,v2,v20,20.0,20.88,40.0,0.6,0.1044,0.8,-6.7077,True,all_direct,-6.74,0.8137
93,v2,v1,20.0,150.03,40.0,0.6,0.7501,0.8,-20.4106,True,all_direct,-20.4311,0.21
93,v3,v4,20.0,30.15,20.0,0.6,0.1507,0.4,-7.4855,True,all_direct,-7.5138,0.7758
93,v3,v7,20.0,50.0,10.0,0.6,0.25,0.2,-9.5918,False,all_direct,-9.6115,0.6525
93,v3,v17,20.0,60.3,40.0,0.6,0.3015,0.8,-14.0768,True,all_direct,-14.102,0.3877
93,v3,v11,20.0,80.0,20.0,0.6,0.4,0.4,-14.2664,True,all_direct,-14.2972,0.3625
93,v3,v10,20.0,90.05,70.0,0.6,0.4502,1.4,-18.4965,True,all_direct,-18.5295,0.2545
93,v4,v7,40.0,20.22,30.0,1.0,0.1011,0.6,14.2897,False,all_direct,14.2678,0.9951
93,v4,v3,40.0,30.15,20.0,1.0,0.1507,0.4,12.5145,False,all_direct,12.5011,0.9922
93,v4,v17,40.0,31.32,20.0,1.0,0.1566,0.4,12.2497,False,all_direct,12.2346,0.9932
93,v4,v18,40.0,90.2,50.0,1.0,0.451,1.0,2.4915,True,all_direct,2.462,0.9773
93,v4,v11,40.0,110.04,0.0,1.0,0.5502,0.0,7.3351,False,all_direct,7.3109,0.9941
94,v1,v20,40.0,50.8,30.0,1.0,0.254,0.6,7.8892,False,all_direct,7.8651,0.9906
94,v1,v6,40.0,100.04,10.0,1.0,0.5002,0.2,5.5886,False,all_direct,5.5628,0.9854
94,v1,v2,40.0,110.04,20.0,1.0,0.5502,0.4,3.5182,False,all_direct,3.4882,0.9844
94,v1,v13,40.0,170.0,10.0,1.0,0.85,0.2,1.9046,True,all_direct,1.8736,0.9795
94,v1,v5,40.0,180.0,0.0,1.0,0.9,0.0,3.9156,True,all_direct,3.885,0.9838
94,v2,v20,20.0,60.3,50.0,0.6,0.3015,1.0,-14.7102,True,all_direct,-14.7392,0.3559
94,v2,v1,20.0,110.04,20.0,0.6,0.5502,0.4,-16.4818,True,all_direct,-16.5147,0.2832
94,v3,v4,20.0,10.44,20.0,0.6,0.0522,0.4,-0.1164,True,all_direct,-0.1512,0.9711
94,v3,v17,20.0,20.88,50.0,0.6,0.1044,1.0,-7.3411,True,all_direct,-7.3695,0.7502
94,v3,v18,20.0,50.09,60.0,0.6,0.2504,1.2,-13.9568,True,all_direct,-13.9948,0.3721
94,v3,v7,20.0,60.0,20.0,0.6,0.3,0.4,-12.2674,True,all_direct,-12.3008,0.4707
94,v3,v11,20.0,100.0,10.0,0.6,0.5,0.2,-14.4082,True,all_direct,-14.4236,0.3969
94,v4,v3,40.0,10.44,20.0,1.0,0.0522,0.4,19.8836,False,all_direct,19.8589,0.999
94,v4,v17,40.0,13.45,70.0,1.0,0.0673,1.4,14.7139,True,all_direct,14.687,0.9932
94,v4,v18,40.0,40.45,80.0,1.0,0.2022,1.6,6.6558,True,all_direct,6.6333,0.9912
94,v4,v7,40.0,50.09,0.0,1.0,0.2504,0.0,12.804,False,all_direct,12.777,0.9961
94,v4,v11,40.0,110.04,10.0,1.0,0.5502,0.2,4.9269,False,all_direct,4.8932,0.9902
95,v1,v20,40.0,21.93,20.0,1.0,0.1097,0.4,14.7259,False,all_direct,14.6892,0.9961
95,v1,v6,40.0,110.04,40.0,1.0,0.5502,0.8,1.7434,True,all_direct,1.7209,0.9756
95,v1,v2,40.0,130.03,20.0,1.0,0.6502,0.4,2.3581,True,all_direct,2.3461,0.9863
95,v1,v13,40.0,160.0,0.0,1.0,0.8,0.0,4.7341,True,all_direct,4.7118,0.9857
95,v1,v5,40.0,180.0,40.0,1.0,0.9,0.8,-1.6761,True,all_direct,-1.692,0.9449
95,v2,v20,20.0,110.16,40.0,0.6,0.5508,0.8,-18.2644,True,all_direct,-18.2847,0.2533
95,v2,v1,20.0,130.03,20.0,0.6,0.6502,0.4,-17.6419,True,all_direct,-17.6704,0.2582
95,v3,v18,20.0,10.44,60.0,0.6,0.0522,1.2,-3.0602,True,all_direct,-3.1051,0.9301
95,v3,v4,20.0,30.15,0.0,0.6,0.1507,0.0,-3.6685,False,all_direct,-3.6996,0.9025
95,v3,v17,20.0,30.59,70.0,0.6,0.153,1.4,-10.9949,True,all_direct,-11.02,0.5566
95,v3,v7,20.0,80.0,30.0,0.6,0.4,0.6,-15.2659,True,all_direct,-15.2972,0.3344
95,v3,v11,20.0,90.0,0.0,0.6,0.45,0.0,-11.2679,True,all_direct,-11.3043,0.5344
95,v4,v3,40.0,30.15,0.0,1.0,0.1507,0.0,16.3315,False,all_direct,16.2981,0.9961
95,v4,v18,40.0,40.45,60.0,1.0,0.2022,1.2,7.5289,True,all_direct,7.5074,0.9887
95,v4,v7,40.0,50.09,30.0,1.0,0.2504,0.6,7.9875,False,all_direct,7.9678,0.9906
95,v4,v17,40.0,60.67,70.0,1.0,0.3034,1.4,4.2476,True,all_direct,4.22,0.9779
95,v4,v11,40.0,120.04,0.0,1.0,0.6002,0.0,6.7309,False,all_direct,6.7035,0.9893
96,v1,v20,40.0,9.0,70.0,1.0,0.045,1.4,17.5074,True,all_direct,17.4725,0.9961
96,v1,v6,40.0,70.06,10.0,1.0,0.3503,0.2,8.0638,False,all_direct,8.0352,0.9922
96,v1,v5,40.0,140.0,10.0,1.0,0.7,0.2,3.2537,False,all_direct,3.2139,0.9807
96,v1,v2,40.0,150.03,10.0,1.0,0.7501,0.2,2.7729,False,all_direct,2.7429,0.9877
96,v1,v13,40.0,160.0,10.0,1.0,0.8,0.2,2.3258,True,all_direct,2.282,0.9779
96,v2,v1,20.0,150.03,10.0,0.6,0.7501,0.2,-17.2271,True,all_direct,-17.264,0.2611
96,v2,v20,20.0,150.12,80.0,0.6,0.7506,1.6,-22.457,True,all_direct,-22.4869,0.1527
96,v3,v4,20.0,30.15,40.0,0.6,0.1507,0.8,-9.2603,True,all_direct,-9.2831,0.6758
96,v3,v18,20.0,70.06,60.0,0.6,0.3503,1.2,-16.2887,True,all_direct,-16.2971,0.309
96,v3,v11,20.0,90.0,40.0,0.6,0.45,0.8,-16.8596,True,all_direct,-16.896,0.2889
96,v3,v17,20.0,100.18,70.0,0.6,0.5009,1.4,-19.2372,True,all_direct,-19.2622,0.2355
96,v3,v7,20.0,110.0,30.0,0.6,0.55,0.6,-17.4788,True,all_direct,-17.5124,0.2789
96,v4,v3,40.0,30.15,40.0,1.0,0.1507,0.8,10.7397,True,all_direct,10.7121,0.9951
96,v4,v7,40.0,80.06,10.0,1.0,0.4003,0.2,7.1374,False,all_direct,7.1124,0.9912
96,v4,v18,40.0,100.18,20.0,1.0,0.5009,0.4,4.1705,False,all_direct,4.1396,0.9848
96,v4,v11,40.0,120.04,0.0,1.0,0.6002,0.0,6.7309,False,all_direct,6.7058,0.9916
96,v4,v17,40.0,130.31,30.0,1.0,0.6516,0.6,1.3438,True,all_direct,1.3139,0.9799
97,v1,v6,40.0,60.07,40.0,1.0,0.3004,0.8,5.9491,True,all_direct,5.9112,0.9883
97,v1,v20,40.0,70.58,60.0,1.0,0.3529,1.2,3.6607,True,all_direct,3.6262,0.9814
97,v1,v5,40.0,130.0,40.0,1.0,0.65,0.8,0.5851,True,all_direct,0.5642,0.9746
97,v1,v2,40.0,160.03,40.0,1.0,0.8001,0.8,-0.8589,True,all_direct,-0.8715,0.9449
97,v1,v13,40.0,170.0,20.0,1.0,0.85,0.4,0.4958,True,all_direct,0.4744,0.9637
97,v2,v1,20.0,160.03,40.0,0.6,0.8001,0.8,-20.8589,True,all_direct,-20.8874,0.2037
97,v3,v4,20.0,10.44,0.0,0.6,0.0522,0.0,3.7006,False,all_direct,3.6734,0.9838
97,v3,v7,20.0,80.0,40.0,0.6,0.4,0.8,-16.0412,True,all_direct,-16.0753,0.3037
97,v3,v15,20.0,120.0,20.0,0.6,0.6,0.4,-17.0839,True,all_direct,-17.1191,0.275
97,v3,v11,20.0,130.0,10.0,0.6,0.65,0.2,-16.2313,True,all_direct,-16.2534,0.2986
97,v3,v18,20.0,130.03,70.0,0.6,0.6502,1.4,-21.0497,True,all_direct,-21.0725,0.2088
97,v4,v3,40.0,10.44,0.0,1.0,0.0522,0.0,23.7006,False,all_direct,23.6726,0.998
97,v4,v7,40.0,90.05,40.0,1.0,0.4502,0.8,3.1365,True,all_direct,3.1139,0.9814
97,v4,v15,40.0,110.04,20.0,1.0,0.5502,0.4,3.5182,False,all_direct,3.4988,0.9863
97,v4,v11,40.0,120.04,10.0,1.0,0.6002,0.2,4.3227,False,all_direct,4.3037,0.9873
97,v4,v18,40.0,120.15,70.0,1.0,0.6007,1.4,-0.5003,True,all_direct,-0.5193,0.9568
98,v1,v6,40.0,20.22,0.0,1.0,0.1011,0.0,19.1062,False,all_direct,19.0849,0.999
98,v1,v5,40.0,90.0,20.0,1.0,0.45,0.4,4.9151,False,all_direct,4.8828,0.9893
98,v1,v20,40.0,130.31,60.0,1.0,0.6516,1.2,-0.6005,True,all_direct,-0.6332,0.9672
98,v1,v13,40.0,150.0,10.0,1.0,0.75,0.2,2.7743,False,all_direct,2.7512,0.9789
98,v3,v4,20.0,10.44,20.0,0.6,0.0522,0.4,-0.1164,True,all_direct,-0.1456,0.9697
98,v3,v7,20.0,40.0,10.0,0.6,0.2,0.2,-8.0412,False,all_direct,-8.0664,0.7305
98,v3,v11,20.0,140.0,10.0,0.6,0.7,0.2,-16.7463,True,all_direct,-16.7643,0.2674
98,v3,v15,20.0,140.0,20.0,0.6,0.7,0.4,-18.155,True,all_direct,-18.1914,0.2451
98,v3,v8,20.0,150.03,30.0,0.6,0.7501,0.6,-19.6353,True,all_direct,-19.6671,0.2227
98,v4,v3,40.0,10.44,20.0,1.0,0.0522,0.4,19.8836,False,all_direct,19.8549,0.9971
98,v4,v7,40.0,50.09,10.0,1.0,0.2504,0.2,10.3958,False,all_direct,10.3582,0.9951
98,v4,v11,40.0,130.03,10.0,1.0,0.6502,0.2,3.7668,False,all_direct,3.7389,0.9873
98,v4,v15,40.0,130.03,0.0,1.0,0.6502,0.0,6.1751,False,all_direct,6.1537,0.9887
98,v4,v8,40.0,140.0,10.0,1.0,0.7,0.2,3.2537,False,all_direct,3.2309,0.9838
99,v1,v6,40.0,20.22,0.0,1.0,0.1011,0.0,19.1062,False,all_direct,19.0885,0.9961
99,v1,v5,40.0,70.0,10.0,1.0,0.35,0.2,8.0702,False,all_direct,8.0401,0.9912
99,v1,v13,40.0,140.0,0.0,1.0,0.7,0.0,5.662,False,all_direct,5.6343,0.9883
99,v1,v2,40.0,190.02,20.0,1.0,0.9501,0.4,-0.2779,True,all_direct,-0.3064,0.9652
99,v1,v20,40.0,190.21,60.0,1.0,0.9511,1.2,-3.2286,True,all_direct,-3.2449,0.9135
99,v2,v1,20.0,190.02,20.0,0.6,0.9501,0.4,-20.2779,True,all_direct,-20.2893,0.209
99,v3,v4,20.0,10.44,10.0,0.6,0.0522,0.2,1.2923,False,all_direct,1.2649,0.9711
99,v3,v7,20.0,50.0,30.0,0.6,0.25,0.6,-12.0,True,all_direct,-12.0275,0.4951
99,v3,v15,20.0,120.0,10.0,0.6,0.6,0.2,-15.6751,True,all_direct,-15.6947,0.2924
99,v3,v8,20.0,120.04,20.0,0.6,0.6002,0.4,-17.086,True,all_direct,-17.1057,0.2615
99,v3,v11,20.0,130.0,30.0,0.6,0.65,0.6,-18.6396,True,all_direct,-18.6582,0.2334
99,v4,v3,40.0,10.44,10.0,1.0,0.0522,0.2,21.2923,False,all_direct,21.2675,0.9951
99,v4,v7,40.0,40.11,40.0,1.0,0.2006,0.8,8.7558,True,all_direct,8.7317,0.9965
99,v4,v8,40.0,130.0,30.0,1.0,0.65,0.6,1.3604,True,all_direct,1.3236,0.9715
99,v4,v15,40.0,130.03,20.0,1.0,0.6502,0.4,2.3581,True,all_direct,2.3299,0.9857
99,v4,v11,40.0,140.03,40.0,1.0,0.7002,0.8,0.0686,True,all_direct,0.046,0.9652
100,v1,v6,40.0,20.22,10.0,1.0,0.1011,0.2,16.698,False,all_direct,16.6729,0.9961
100,v1,v5,40.0,60.0,30.0,1.0,0.3,0.6,6.7331,False,all_direct,6.7034,0.9883
100,v1,v13,40.0,140.0,30.0,1.0,0.7,0.6,0.8455,True,all_direct,0.8191,0.9678
100,v3,v7,20.0,20.0,30.0,0.6,0.1,0.6,-5.633,True,all_direct,-5.6531,0.8377
100,v3,v4,20.0,20.22,10.0,0.6,0.1011,0.2,-3.302,False,all_direct,-3.3272,0.9113
100,v3,v15,20.0,130.0,10.0,0.6,0.65,0.2,-16.2313,True,all_direct,-16.2717,0.3082
100,v3,v8,20.0,140.03,0.0,0.6,0.7002,0.0,-14.3396,True,all_direct,-14.3653,0.3686
100,v3,v11,20.0,160.0,10.0,0.6,0.8,0.2,-17.6742,True,all_direct,-17.6879,0.2596
100,v4,v7,40.0,3.0,20.0,1.0,0.015,0.4,28.5491,False,all_direct,28.521,0.998
100,v4,v3,40.0,20.22,10.0,1.0,0.1011,0.2,16.698,False,all_direct,16.6697,0.9961
100,v4,v15,40.0,150.03,0.0,1.0,0.7501,0.0,5.1812,False,all_direct,5.1565,0.9883
100,v4,v8,40.0,160.0,10.0,1.0,0.8,0.2,2.3258,True,all_direct,2.3027,0.9873
100,v4,v11,40.0,180.02,20.0,1.0,0.9001,0.4,0.0977,True,all_direct,0.0816,0.9619
101,v1,v6,40.0,10.44,10.0,1.0,0.0522,0.2,21.2923,False,all_direct,21.267,0.9971
101,v1,v5,40.0,30.0,0.0,1.0,0.15,0.0,16.3661,False,all_direct,16.3403,0.9951
101,v1,v13,40.0,110.0,30.0,1.0,0.55,0.6,2.5212,True,all_direct,2.4954,0.9785
101,v3,v7,20.0,10.0,0.0,0.6,0.05,0.0,4.0,False,all_direct,3.9652,0.9789
101,v3,v4,20.0,10.44,20.0,0.6,0.0522,0.4,-0.1164,True,all_direct,-0.1509,0.9701
101,v3,v15,20.0,140.0,0.0,0.6,0.7,0.0,-14.338,True,all_direct,-14.3701,0.3895
101,v3,v8,20.0,140.03,30.0,0.6,0.7002,0.6,-19.1561,True,all_direct,-19.1823,0.2127
101,v3,v11,20.0,150.0,0.0,0.6,0.75,0.0,-14.8175,True,all_direct,-14.852,0.3484
101,v4,v3,40.0,10.44,20.0,1.0,0.0522,0.4,19.8836,False,all_direct,19.862,0.9971
101,v4,v7,40.0,20.22,20.0,1.0,0.1011,0.4,15.2892,False,all_direct,15.2658,0.9971
101,v4,v8,40.0,150.0,10.0,1.0,0.75,0.2,2.7743,False,all_direct,2.7568,0.9844
101,v4,v15,40.0,150.03,20.0,1.0,0.7501,0.4,1.3642,True,all_direct,1.34,0.9707
101,v4,v11,40.0,160.03,20.0,1.0,0.8001,0.4,0.9159,True,all_direct,0.8846,0.9652
102,v1,v6,40.0,20.22,30.0,1.0,0.1011,0.6,14.2897,False,all_direct,14.2572,0.9951
102,v1,v5,40.0,30.0,40.0,1.0,0.15,0.8,10.7743,True,all_direct,10.7393,0.9941
102,v1,v13,40.0,140.0,30.0,1.0,0.7,0.6,0.8455,True,all_direct,0.819,0.9756
102,v3,v7,20.0,10.0,20.0,0.6,0.05,0.4,0.183,True,all_direct,0.1576,0.9602
102,v3,v4,20.0,10.44,10.0,0.6,0.0522,0.2,1.2923,False,all_direct,1.2816,0.9805
102,v3,v15,20.0,140.0,20.0,0.6,0.7,0.4,-18.155,True,all_direct,-18.1746,0.2604
102,v3,v11,20.0,150.0,0.0,0.6,0.75,0.0,-14.8175,True,all_direct,-14.85,0.3773
102,v3,v8,20.0,170.03,20.0,0.6,0.8501,0.4,-19.5052,True,all_direct,-19.5383,0.2059
102,v4,v7,40.0,3.0,10.0,1.0,0.015,0.2,29.9578,False,all_direct,29.9237,0.999
102,v4,v3,40.0,10.44,10.0,1.0,0.0522,0.2,21.2923,False,all_direct,21.2639,0.9971
102,v4,v15,40.0,130.03,10.0,1.0,0.6502,0.2,3.7668,False,all_direct,3.7518,0.9857
102,v4,v11,40.0,140.03,10.0,1.0,0.7002,0.2,3.2521,False,all_direct,3.2234,0.9799
102,v4,v8,40.0,160.0,10.0,1.0,0.8,0.2,2.3258,True,all_direct,2.2977,0.9789
103,v1,v6,40.0,50.09,30.0,1.0,0.2504,0.6,7.9875,False,all_direct,7.9539,0.9902
103,v1,v5,40.0,70.0,20.0,1.0,0.35,0.4,6.6615,False,all_direct,6.6381,0.9902
103,v1,v13,40.0,170.0,0.0,1.0,0.85,0.0,4.3128,True,all_direct,4.2881,0.9883
103,v3,v4,20.0,3.0,10.0,0.6,0.015,0.2,9.9578,False,all_direct,9.9404,0.9951
103,v3,v7,20.0,10.0,30.0,0.6,0.05,0.6,-0.8165,True,all_direct,-0.8399,0.9637
103,v3,v15,20.0,120.0,10.0,0.6,0.6,0.2,-15.6751,True,all_direct,-15.7133,0.3641
103,v3,v11,20.0,150.0,10.0,0.6,0.75,0.2,-17.2257,True,all_direct,-17.2544,0.2627
103,v3,v8,20.0,150.03,30.0,0.6,0.7501,0.6,-19.6353,True,all_direct,-19.6662,0.216
103,v4,v3,40.0,3.0,10.0,1.0,0.015,0.2,29.9578,False,all_direct,29.9252,0.9961
103,v4,v7,40.0,10.44,20.0,1.0,0.0522,0.4,19.8836,False,all_direct,19.8533,0.999
103,v4,v15,40.0,120.04,0.0,1.0,0.6002,0.0,6.7309,False,all_direct,6.702,0.9877
103,v4,v8,40.0,150.0,20.0,1.0,0.75,0.4,1.3656,True,all_direct,1.3407,0.9715
103,v4,v11,40.0,150.03,20.0,1.0,0.7501,0.4,1.3642,True,all_direct,1.3303,0.9715
104,v1,v6,40.0,80.06,0.0,1.0,0.4003,0.0,9.5457,False,all_direct,9.511,0.9951
104,v1,v5,40.0,90.0,30.0,1.0,0.45,0.6,3.9156,False,all_direct,3.8861,0.9854
104,v1,v13,40.0,170.0,10.0,1.0,0.85,0.2,1.9046,True,all_direct,1.8846,0.9727
104,v3,v4,20.0,10.44,10.0,0.6,0.0522,0.2,1.2923,False,all_direct,1.2685,0.9686
104,v3,v7,20.0,20.0,10.0,0.6,0.1,0.2,-3.2247,False,all_direct,-3.2486,0.9178
104,v3,v15,20.0,130.0,20.0,0.6,0.65,0.4,-17.6401,True,all_direct,-17.674,0.2824
104,v3,v11,20.0,140.0,20.0,0.6,0.7,0.4,-18.155,True,all_direct,-18.1858,0.2631
104,v3,v8,20.0,180.02,30.0,0.6,0.9001,0.6,-20.9018,True,all_direct,-20.93,0.2086
104,v4,v3,40.0,10.44,10.0,1.0,0.0522,0.2,21.2923,False,all_direct,21.2722,0.998
104,v4,v7,40.0,10.44,0.0,1.0,0.0522,0.0,23.7006,False,all_direct,23.6748,0.9971
104,v4,v15,40.0,120.04,10.0,1.0,0.6002,0.2,4.3227,False,all_direct,4.3036,0.9896
104,v4,v11,40.0,130.03,10.0,1.0,0.6502,0.2,3.7668,False,all_direct,3.7455,0.9854
104,v4,v8,40.0,170.0,20.0,1.0,0.85,0.4,0.4958,True,all_direct,0.47,0.9633
105,v1,v6,40.0,80.06,20.0,1.0,0.4003,0.4,5.7287,False,all_direct,5.6977,0.9863
105,v1,v5,40.0,120.0,0.0,1.0,0.6,0.0,6.7331,False,all_direct,6.7037,0.9877
105,v1,v13,40.0,160.0,30.0,1.0,0.8,0.6,-0.0824,True,all_direct,-0.1071,0.9617
105,v1,v2,40.0,190.02,10.0,1.0,0.9501,0.2,1.1308,True,all_direct,1.1156,0.9756
105,v2,v1,20.0,190.02,10.0,0.6,0.9501,0.2,-18.8692,True,all_direct,-18.8992,0.2363
105,v3,v4,20.0,3.0,0.0,0.6,0.015,0.0,12.3661,False,all_direct,12.3379,0.9961
105,v3,v7,20.0,10.0,10.0,0.6,0.05,0.2,1.5918,False,all_direct,1.5675,0.9672
105,v3,v15,20.0,110.0,30.0,0.6,0.55,0.6,-17.4788,True,all_direct,-17.5092,0.2545
105,v3,v11,20.0,120.0,10.0,0.6,0.6,0.2,-15.6751,True,all_direct,-15.6953,0.35
105,v3,v8,20.0,150.03,10.0,0.6,0.7501,0.2,-17.2271,True,all_direct,-17.259,0.2896
105,v4,v3,40.0,3.0,0.0,1.0,0.015,0.0,32.3661,False,all_direct,32.3322,1.0
105,v4,v7,40.0,10.44,10.0,1.0,0.0522,0.2,21.2923,False,all_direct,21.2679,0.998
105,v4,v15,40.0,110.04,30.0,1.0,0.5502,0.6,2.5187,True,all_direct,2.497,0.9828
105,v4,v11,40.0,120.04,10.0,1.0,0.6002,0.2,4.3227,False,all_direct,4.2993,0.9832
105,v4,v8,40.0,150.0,10.0,1.0,0.75,0.2,2.7743,False,all_direct,2.7438,0.9834
106,v1,v6,40.0,60.07,30.0,1.0,0.3004,0.6,6.7244,False,all_direct,6.71,0.9883
106,v1,v5,40.0,120.0,40.0,1.0,0.6,0.8,1.1413,True,all_direct,1.1124,0.9773
106,v1,v13,40.0,130.0,30.0,1.0,0.65,0.6,1.3604,True,all_direct,1.3372,0.976
106,v1,v2,40.0,180.02,10.0,1.0,0.9001,0.2,1.5064,True,all_direct,1.476,0.975
106,v2,v1,20.0,180.02,10.0,0.6,0.9001,0.2,-18.4936,True,all_direct,-18.5142,0.2354
106,v3,v4,20.0,3.0,10.0,0.6,0.015,0.2,9.9578,False,all_direct,9.9294,0.9951
106,v3,v7,20.0,20.0,10.0,0.6,0.1,0.2,-3.2247,False,all_direct,-3.2361,0.9209
106,v3,v15,20.0,80.0,10.0,0.6,0.4,0.2,-12.8577,True,all_direct,-12.8761,0.4215
106,v3,v11,20.0,110.0,10.0,0.6,0.55,0.2,-15.0705,True,all_direct,-15.0996,0.3363
106,v3,v8,20.0,140.03,30.0,0.6,0.7002,0.6,-19.1561,True,all_direct,-19.1902,0.2307
106,v4,v3,40.0,3.0,10.0,1.0,0.015,0.2,29.9578,False,all_direct,29.9282,0.999
106,v4,v7,40.0,20.22,20.0,1.0,0.1011,0.4,15.2892,False,all_direct,15.2728,0.999
106,v4,v15,40.0,80.06,0.0,1.0,0.4003,0.0,9.5457,False,all_direct,9.5218,0.9961
106,v4,v11,40.0,110.04,0.0,1.0,0.5502,0.0,7.3351,False,all_direct,7.3115,0.9912
106,v4,v8,40.0,140.0,40.0,1.0,0.7,0.8,0.0702,True,all_direct,0.0414,0.9613
107,v1,v6,40.0,90.05,10.0,1.0,0.4502,0.2,6.32,False,all_direct,6.2807,0.9873
107,v1,v5,40.0,160.0,10.0,1.0,0.8,0.2,2.3258,True,all_direct,2.3013,0.9779
107,v1,v13,40.0,160.0,20.0,1.0,0.8,0.4,0.9171,True,all_direct,0.887,0.9605
107,v1,v2,40.0,170.03,40.0,1.0,0.8501,0.8,-1.28,True,all_direct,-1.3001,0.9494
107,v2,v1,20.0,170.03,40.0,0.6,0.8501,0.8,-21.28,True,all_direct,-21.3121,0.1777
107,v3,v4,20.0,10.44,10.0,0.6,0.0522,0.2,1.2923,False,all_direct,1.2771,0.9824
107,v3,v7,20.0,30.0,10.0,0.6,0.15,0.2,-6.0422,False,all_direct,-6.07,0.8416
107,v3,v15,20.0,70.0,30.0,0.6,0.35,0.6,-14.338,True,all_direct,-14.3642,0.3551
107,v3,v11,20.0,100.0,10.0,0.6,0.5,0.2,-14.4082,True,all_direct,-14.437,0.3605
107,v3,v8,20.0,170.03,0.0,0.6,0.8501,0.0,-15.6883,True,all_direct,-15.7211,0.3018
107,v4,v3,40.0,10.44,10.0,1.0,0.0522,0.2,21.2923,False,all_direct,21.2633,0.998
107,v4,v7,40.0,40.11,0.0,1.0,0.2006,0.0,14.3476,False,all_direct,14.3154,0.9941
107,v4,v15,40.0,80.06,20.0,1.0,0.4003,0.4,5.7287,False,all_direct,5.7057,0.9883
107,v4,v11,40.0,110.04,0.0,1.0,0.5502,0.0,7.3351,False,all_direct,7.3159,0.9922
107,v4,v8,40.0,180.0,10.0,1.0,0.9,0.2,1.5074,True,all_direct,1.4752,0.9623
108,v1,v6,40.0,80.06,10.0,1.0,0.4003,0.2,7.1374,False,all_direct,7.1187,0.9922
108,v1,v13,40.0,140.0,0.0,1.0,0.7,0.0,5.662,False,all_direct,5.6394,0.9809
108,v1,v5,40.0,150.0,40.0,1.0,0.75,0.8,-0.4092,True,all_direct,-0.4406,0.9639
108,v3,v7,20.0,20.0,0.0,0.6,0.1,0.0,-0.8165,False,all_direct,-0.8517,0.9523
108,v3,v4,20.0,20.22,30.0,0.6,0.1011,0.6,-5.7103,True,all_direct,-5.7399,0.8225
108,v3,v15,20.0,40.0,10.0,0.6,0.2,0.2,-8.0412,False,all_direct,-8.073,0.7348
108,v3,v11,20.0,90.0,30.0,0.6,0.45,0.6,-16.0844,True,all_direct,-16.1137,0.2986
108,v3,v8,20.0,170.03,30.0,0.6,0.8501,0.6,-20.5047,True,all_direct,-20.5191,0.1961
108,v4,v3,40.0,20.22,30.0,1.0,0.1011,0.6,14.2897,False,all_direct,14.264,0.9951
108,v4,v7,40.0,40.11,30.0,1.0,0.2006,0.6,9.5311,False,all_direct,9.5032,0.9971
108,v4,v15,40.0,60.07,40.0,1.0,0.3004,0.8,5.9491,True,all_direct,5.9244,0.9902
108,v4,v11,40.0,110.04,0.0,1.0,0.5502,0.0,7.3351,False,all_direct,7.315,0.9922
108,v4,v8,40.0,190.0,0.0,1.0,0.95,0.0,3.5399,True,all_direct,3.5097,0.9773
109,v1,v6,40.0,70.06,20.0,1.0,0.3503,0.4,6.6551,False,all_direct,6.6359,0.9893
109,v1,v5,40.0,110.0,20.0,1.0,0.55,0.4,3.5207,False,all_direct,3.4915,0.9812
109,v1,v13,40.0,140.0,40.0,1.0,0.7,0.8,0.0702,True,all_direct,0.0375,0.9799
109,v3,v7,20.0,20.0,0.0,0.6,0.1,0.0,-0.8165,False,all_direct,-0.8462,0.9527
109,v3,v15,20.0,50.0,0.0,0.6,0.25,0.0,-7.1835,False,all_direct,-7.204,0.7705
109,v3,v4,20.0,50.09,10.0,0.6,0.2504,0.2,-9.6042,False,all_direct,-9.6288,0.6393
109,v3,v11,20.0,60.0,0.0,0.6,0.3,0.0,-8.4504,True,all_direct,-8.475,0.6787
109,v3,v8,20.0,140.03,20.0,0.6,0.7002,0.4,-18.1566,True,all_direct,-18.1873,0.2629
109,v4,v3,40.0,50.09,10.0,1.0,0.2504,0.2,10.3958,False,all_direct,10.3651,0.9951
109,v4,v7,40.0,70.06,10.0,1.0,0.3503,0.2,8.0638,False,all_direct,8.034,0.9971
109,v4,v15,40.0,100.04,10.0,1.0,0.5002,0.2,5.5886,False,all_direct,5.5673,0.9854
109,v4,v11,40.0,110.04,10.0,1.0,0.5502,0.2,4.9269,False,all_direct,4.8954,0.9848
109,v4,v8,40.0,190.0,30.0,1.0,0.95,0.6,-1.2765,True,all_direct,-1.3071,0.9461
110,v1,v6,40.0,90.05,10.0,1.0,0.4502,0.2,6.32,False,all_direct,6.3114,0.9951
110,v1,v5,40.0,130.0,20.0,1.0,0.65,0.4,2.3599,True,all_direct,2.335,0.9848
110,v1,v13,40.0,180.0,30.0,1.0,0.9,0.6,-0.9008,True,all_direct,-0.9228,0.9672
110,v3,v7,20.0,20.0,10.0,0.6,0.1,0.2,-3.2247,False,all_direct,-3.2503,0.9172
110,v3,v15,20.0,50.0,20.0,0.6,0.25,0.4,-11.0005,True,all_direct,-11.0215,0.5258
110,v3,v11,20.0,60.0,20.0,0.6,0.3,0.4,-12.2674,True,all_direct,-12.2899,0.459
110,v3,v4,20.0,60.07,0.0,0.6,0.3004,0.0,-8.4591,True,all_direct,-8.4698,0.7043
110,v3,v8,20.0,160.03,0.0,0.6,0.8001,0.0,-15.2671,True,all_direct,-15.2955,0.3355
110,v4,v3,40.0,60.07,0.0,1.0,0.3004,0.0,11.5409,False,all_direct,11.5115,0.9936
110,v4,v7,40.0,80.06,10.0,1.0,0.4003,0.2,7.1374,False,all_direct,7.109,0.9906
110,v4,v15,40.0,110.04,20.0,1.0,0.5502,0.4,3.5182,False,all_direct,3.4817,0.9824
110,v4,v11,40.0,120.04,20.0,1.0,0.6002,0.4,2.914,False,all_direct,2.8809,0.9824
111,v1,v6,40.0,100.04,10.0,1.0,0.5002,0.2,5.5886,False,all_direct,5.5512,0.9854
111,v1,v5,40.0,150.0,30.0,1.0,0.75,0.6,0.3661,True,all_direct,0.3404,0.9648
111,v1,v2,40.0,180.02,20.0,1.0,0.9001,0.4,0.0977,True,all_direct,0.0754,0.9637
111,v2,v1,20.0,180.02,20.0,0.6,0.9001,0.4,-19.9023,True,all_direct,-19.9292,0.2307
111,v3,v7,20.0,30.0,20.0,0.6,0.15,0.4,-7.4509,True,all_direct,-7.4717,0.7445
111,v3,v4,20.0,60.07,10.0,0.6,0.3004,0.2,-10.8673,True,all_direct,-10.8845,0.582
111,v3,v15,20.0,70.0,0.0,0.6,0.35,0.0,-9.5216,True,all_direct,-9.5579,0.6611
111,v3,v11,20.0,80.0,20.0,0.6,0.4,0.4,-14.2664,True,all_direct,-14.2981,0.3803
111,v3,v8,20.0,160.03,10.0,0.6,0.8001,0.2,-17.6754,True,all_direct,-17.6963,0.2605
111,v4,v3,40.0,60.07,10.0,1.0,0.3004,0.2,9.1327,False,all_direct,9.1134,0.9932
111,v4,v7,40.0,90.05,30.0,1.0,0.4502,0.6,3.9118,True,all_direct,3.8863,0.9871
111,v4,v15,40.0,130.03,10.0,1.0,0.6502,0.2,3.7668,False,all_direct,3.7439,0.9814
111,v4,v11,40.0,140.03,30.0,1.0,0.7002,0.6,0.8439,True,all_direct,0.8159,0.9805
112,v1,v6,40.0,90.05,10.0,1.0,0.4502,0.2,6.32,False,all_direct,6.2905,0.9883
112,v1,v5,40.0,120.0,20.0,1.0,0.6,0.4,2.9161,False,all_direct,2.8827,0.9828
112,v1,v13,40.0,180.0,0.0,1.0,0.9,0.0,3.9156,True,all_direct,3.8924,0.9873
112,v3,v7,20.0,50.0,10.0,0.6,0.25,0.2,-9.5918,False,all_direct,-9.6076,0.6234
112,v3,v15,20.0,70.0,10.0,0.6,0.35,0.2,-11.9298,True,all_direct,-11.9512,0.4826
112,v3,v4,20.0,70.06,20.0,0.6,0.3503,0.4,-13.3449,True,all_direct,-13.3893,0.4441
112,v3,v11,20.0,100.0,0.0,0.6,0.5,0.0,-12.0,True,all_direct,-12.0292,0.4777
112,v3,v8,20.0,170.03,30.0,0.6,0.8501,0.6,-20.5047,True,all_direct,-20.5308,0.2096
112,v4,v3,40.0,70.06,20.0,1.0,0.3503,0.4,6.6551,False,all_direct,6.6327,0.99
112,v4,v7,40.0,120.04,10.0,1.0,0.6002,0.2,4.3227,False,all_direct,4.2948,0.9887
112,v4,v15,40.0,140.03,30.0,1.0,0.7002,0.6,0.8439,True,all_direct,0.8146,0.9799
112,v4,v11,40.0,170.03,20.0,1.0,0.8501,0.4,0.4948,True,all_direct,0.474,0.9695
113,v1,v6,40.0,80.06,20.0,1.0,0.4003,0.4,5.7287,False,all_direct,5.7077,0.9932
113,v1,v5,40.0,140.0,10.0,1.0,0.7,0.2,3.2537,False,all_direct,3.2258,0.9863
113,v1,v13,40.0,180.0,20.0,1.0,0.9,0.4,0.0987,True,all_direct,0.0727,0.9705
113,v3,v4,20.0,50.09,20.0,0.6,0.2504,0.4,-11.013,True,all_direct,-11.0341,0.5492
113,v3,v7,20.0,60.0,20.0,0.6,0.3,0.4,-12.2674,True,all_direct,-12.3092,0.4654
113,v3,v15,20.0,60.0,20.0,0.6,0.3,0.4,-12.2674,True,all_direct,-12.3091,0.4598
113,v3,v11,20.0,100.0,20.0,0.6,0.5,0.4,-15.817,True,all_direct,-15.8258,0.3246
113,v4,v3,40.0,50.09,20.0,1.0,0.2504,0.4,8.987,False,all_direct,8.9706,0.9887
113,v4,v7,40.0,110.04,40.0,1.0,0.5502,0.8,1.7434,True,all_direct,1.7196,0.9756
113,v4,v15,40.0,110.04,40.0,1.0,0.5502,0.8,1.7434,True,all_direct,1.7228,0.9785
113,v4,v11,40.0,150.03,40.0,1.0,0.7501,0.8,-0.4106,True,all_direct,-0.4329,0.9672
114,v1,v6,40.0,100.04,20.0,1.0,0.5002,0.4,4.1799,False,all_direct,4.1533,0.976
114,v1,v5,40.0,130.0,20.0,1.0,0.65,0.4,2.3599,True,all_direct,2.3421,0.977
114,v1,v13,40.0,200.0,30.0,1.0,1.0,0.6,-1.633,True,all_direct,-1.6656,0.9379
114,v3,v4,20.0,30.15,30.0,0.6,0.1507,0.6,-8.485,True,all_direct,-8.5194,0.6771
114,v3,v7,20.0,40.0,40.0,0.6,0.2,0.8,-11.2247,True,all_direct,-11.2456,0.5439
114,v3,v15,20.0,40.0,0.0,0.6,0.2,0.0,-5.633,False,all_direct,-5.6707,0.8344
114,v3,v11,20.0,80.0,40.0,0.6,0.4,0.8,-16.0412,True,all_direct,-16.0644,0.2977
114,v3,v8,20.0,180.02,20.0,0.6,0.9001,0.4,-19.9023,True,all_direct,-19.9412,0.2355
114,v4,v3,40.0,30.15,30.0,1.0,0.1507,0.6,11.515,False,all_direct,11.5055,0.9951
114,v4,v7,40.0,70.06,10.0,1.0,0.3503,0.2,8.0638,False,all_direct,8.0428,0.9922
114,v4,v15,40.0,70.06,30.0,1.0,0.3503,0.6,5.6556,False,all_direct,5.6275,0.9873
114,v4,v11,40.0,110.04,10.0,1.0,0.5502,0.2,4.9269,False,all_direct,4.9045,0.9906
115,v1,v6,40.0,80.06,30.0,1.0,0.4003,0.6,4.7292,False,all_direct,4.6939,0.9844
115,v1,v5,40.0,110.0,0.0,1.0,0.55,0.0,7.3377,False,all_direct,7.3059,0.9902
115,v1,v13,40.0,170.0,20.0,1.0,0.85,0.4,0.4958,True,all_direct,0.4765,0.9676
115,v3,v7,20.0,0.0,10.0,0.6,0.0,0.2,33.5918,False,all_direct,33.564,0.999
115,v3,v11,20.0,40.0,20.0,0.6,0.2,0.4,-9.4499,True,all_direct,-9.4769,0.6422
115,v3,v15,20.0,40.0,10.0,0.6,0.2,0.2,-8.0412,False,all_direct,-8.0698,0.7443
115,v3,v4,20.0,60.07,30.0,0.6,0.3004,0.6,-13.2756,True,all_direct,-13.2879,0.4352
115,v3,v8,20.0,160.03,30.0,0.6,0.8001,0.6,-20.0836,True,all_direct,-20.1072,0.2133
115,v4,v3,40.0,60.07,30.0,1.0,0.3004,0.6,6.7244,False,all_direct,6.686,0.9951
115,v4,v7,40.0,60.07,20.0,1.0,0.3004,0.4,7.7239,False,all_direct,7.6837,0.9912
115,v4,v11,40.0,100.04,10.0,1.0,0.5002,0.2,5.5886,False,all_direct,5.5617,0.9887
115,v4,v15,40.0,100.04,20.0,1.0,0.5002,0.4,4.1799,False,all_direct,4.1704,0.9854
116,v1,v5,40.0,110.0,0.0,1.0,0.55,0.0,7.3377,False,all_direct,7.3129,0.9922
116,v1,v6,40.0,110.04,20.0,1.0,0.5502,0.4,3.5182,False,all_direct,3.4927,0.9873
116,v1,v13,40.0,190.0,0.0,1.0,0.95,0.0,3.5399,True,all_direct,3.5186,0.9844
116,v3,v7,20.0,10.0,30.0,0.6,0.05,0.6,-0.8165,True,all_direct,-0.8354,0.9539
116,v3,v11,20.0,20.0,40.0,0.6,0.1,0.8,-6.4082,True,all_direct,-6.4278,0.8219
116,v3,v15,20.0,30.0,40.0,0.6,0.15,0.8,-9.2257,True,all_direct,-9.2494,0.6518
116,v3,v4,20.0,90.05,20.0,0.6,0.4502,0.4,-15.0887,True,all_direct,-15.1157,0.3713
116,v3,v8,20.0,130.03,40.0,0.6,0.6502,0.8,-19.4167,True,all_direct,-19.4574,0.2172
116,v4,v7,40.0,80.06,10.0,1.0,0.4003,0.2,7.1374,False,all_direct,7.1191,0.9916
116,v4,v3,40.0,90.05,20.0,1.0,0.4502,0.4,4.9113,False,all_direct,4.8761,0.9896
116,v4,v11,40.0,110.04,20.0,1.0,0.5502,0.4,3.5182,False,all_direct,3.497,0.9779
116,v4,v15,40.0,120.04,20.0,1.0,0.6002,0.4,2.914,False,all_direct,2.8904,0.9766
117,v1,v5,40.0,110.0,30.0,1.0,0.55,0.6,2.5212,True,all_direct,2.4946,0.9814
117,v1,v6,40.0,130.03,40.0,1.0,0.6502,0.8,0.5833,True,all_direct,0.5752,0.9676
117,v1,v13,40.0,190.0,10.0,1.0,0.95,0.2,1.1317,True,all_direct,1.1067,0.977
117,v3,v15,20.0,10.0,0.0,0.6,0.05,0.0,4.0,False,all_direct,3.978,0.9854
117,v3,v11,20.0,20.0,0.0,0.6,0.1,0.0,-0.8165,False,all_direct,-0.8407,0.9613
117,v3,v7,20.0,40.0,10.0,0.6,0.2,0.2,-8.0412,False,all_direct,-8.0639,0.6998
117,v3,v8,20.0,90.05,30.0,0.6,0.4502,0.6,-16.0882,True,all_direct,-16.1261,0.3246
117,v3,v4,20.0,110.04,20.0,0.6,0.5502,0.4,-16.4818,True,all_direct,-16.5043,0.2941
117,v4,v7,40.0,70.06,30.0,1.0,0.3503,0.6,5.6556,False,all_direct,5.6326,0.9883
117,v4,v11,40.0,90.05,20.0,1.0,0.4502,0.4,4.9113,False,all_direct,4.8905,0.9824
117,v4,v15,40.0,100.04,20.0,1.0,0.5002,0.4,4.1799,False,all_direct,4.1535,0.9828
117,v4,v3,40.0,110.04,20.0,1.0,0.5502,0.4,3.5182,False,all_direct,3.5067,0.9818
117,v4,v8,40.0,200.0,10.0,1.0,1.0,0.2,0.7753,True,all_direct,0.745,0.9805
118,v1,v5,40.0,140.0,40.0,1.0,0.7,0.8,0.0702,True,all_direct,0.0401,0.9666
118,v1,v6,40.0,170.03,20.0,1.0,0.8501,0.4,0.4948,True,all_direct,0.4631,0.973
118,v1,v13,40.0,200.0,40.0,1.0,1.0,0.8,-2.4082,True,all_direct,-2.4386,0.9314
118,v3,v15,20.0,10.0,0.0,0.6,0.05,0.0,4.0,False,all_direct,3.9733,0.9902
118,v3,v11,20.0,20.0,30.0,0.6,0.1,0.6,-5.633,True,all_direct,-5.6638,0.8418
118,v3,v7,20.0,50.0,10.0,0.6,0.25,0.2,-9.5918,False,all_direct,-9.6179,0.6516
118,v3,v4,20.0,90.05,30.0,0.6,0.4502,0.6,-16.0882,True,all_direct,-16.1091,0.334
118,v3,v8,20.0,120.04,0.0,0.6,0.6002,0.0,-13.2691,True,all_direct,-13.2845,0.4148
118,v4,v7,40.0,40.11,20.0,1.0,0.2006,0.4,10.5306,False,all_direct,10.5006,0.9896
118,v4,v11,40.0,70.06,0.0,1.0,0.3503,0.0,10.4721,False,all_direct,10.435,0.9932
118,v4,v15,40.0,80.06,30.0,1.0,0.4003,0.6,4.7292,False,all_direct,4.7061,0.9854
118,v4,v3,40.0,90.05,30.0,1.0,0.4502,0.6,3.9118,True,all_direct,3.8901,0.9832
119,v1,v5,40.0,100.0,0.0,1.0,0.5,0.0,8.0,False,all_direct,7.9698,0.9877
119,v1,v6,40.0,150.03,10.0,1.0,0.7501,0.2,2.7729,False,all_direct,2.7349,0.9711
119,v1,v13,40.0,160.0,30.0,1.0,0.8,0.6,-0.0824,True,all_direct,-0.1048,0.9613
119,v3,v11,20.0,10.0,10.0,0.6,0.05,0.2,1.5918,False,all_direct,1.5786,0.9756
119,v3,v15,20.0,10.0,20.0,0.6,0.05,0.4,0.183,True,all_direct,0.1416,0.9691
119,v3,v7,20.0,40.0,20.0,0.6,0.2,0.4,-9.4499,True,all_direct,-9.4731,0.6441
119,v3,v4,20.0,60.07,20.0,0.6,0.3004,0.4,-12.2761,True,all_direct,-12.3045,0.4592
119,v3,v8,20.0,120.04,30.0,0.6,0.6002,0.6,-18.0856,True,all_direct,-18.1146,0.2383
119,v4,v7,40.0,20.22,0.0,1.0,0.1011,0.0,19.1062,False,all_direct,19.0883,0.9971
119,v4,v15,40.0,50.09,0.0,1.0,0.2504,0.0,12.804,False,all_direct,12.7872,0.9961
119,v4,v3,40.0,60.07,20.0,1.0,0.3004,0.4,7.7239,False,all_direct,7.6994,0.9902
119,v4,v11,40.0,70.06,10.0,1.0,0.3503,0.2,8.0638,False,all_direct,8.0308,0.9941
119,v4,v8,40.0,180.0,10.0,1.0,0.9,0.2,1.5074,True,all_direct,1.4837,0.977
120,v1,v5,40.0,100.0,0.0,1.0,0.5,0.0,8.0,False,all_direct,7.971,0.9932
120,v1,v13,40.0,130.0,20.0,1.0,0.65,0.4,2.3599,True,all_direct,2.3369,0.9725
120,v1,v6,40.0,140.03,20.0,1.0,0.7002,0.4,1.8434,True,all_direct,1.8173,0.977
120,v3,v15,20.0,10.0,20.0,0.6,0.05,0.4,0.183,True,all_direct,0.164,0.9639
120,v3,v7,20.0,20.0,0.0,0.6,0.1,0.0,-0.8165,False,all_direct,-0.8473,0.952
120,v3,v11,20.0,20.0,10.0,0.6,0.1,0.2,-3.2247,False,all_direct,-3.2623,0.9236
120,v3,v4,20.0,40.11,20.0,0.6,0.2006,0.4,-9.4694,True,all_direct,-9.492,0.6582
120,v3,v8,20.0,150.03,10.0,0.6,0.7501,0.2,-17.2271,True,all_direct,-17.262,0.2707
120,v4,v7,40.0,20.22,20.0,1.0,0.1011,0.4,15.2892,False,all_direct,15.2593,0.9971
120,v4,v3,40.0,40.11,20.0,1.0,0.2006,0.4,10.5306,False,all_direct,10.5176,0.9922
120,v4,v15,40.0,50.09,40.0,1.0,0.2504,0.8,7.2122,True,all_direct,7.189,0.9912
120,v4,v11,40.0,60.07,10.0,1.0,0.3004,0.2,9.1327,False,all_direct,9.1127,0.9955
120,v4,v8,40.0,190.0,30.0,1.0,0.95,0.6,-1.2765,True,all_direct,-1.2981,0.9602
121,v1,v5,40.0,100.0,0.0,1.0,0.5,0.0,8.0,False,all_direct,7.9792,0.9902
121,v1,v13,40.0,110.0,0.0,1.0,0.55,0.0,7.3377,False,all_direct,7.3151,0.9893
121,v1,v6,40.0,160.03,0.0,1.0,0.8001,0.0,4.7329,True,all_direct,4.6928,0.9873
121,v3,v15,20.0,10.0,40.0,0.6,0.05,0.8,-1.5918,True,all_direct,-1.6184,0.9352
121,v3,v7,20.0,20.0,0.0,0.6,0.1,0.0,-0.8165,False,all_direct,-0.8334,0.9574
121,v3,v4,20.0,20.22,40.0,0.6,0.1011,0.8,-6.4855,True,all_direct,-6.513,0.8098
121,v3,v11,20.0,30.0,30.0,0.6,0.15,0.6,-8.4504,True,all_direct,-8.4759,0.7105
121,v3,v8,20.0,140.03,0.0,0.6,0.7002,0.0,-14.3396,True,all_direct,-14.3557,0.3547
121,v4,v7,40.0,3.0,40.0,1.0,0.015,0.8,26.7743,True,all_direct,26.7383,0.9971
121,v4,v15,40.0,10.44,0.0,1.0,0.0522,0.0,23.7006,False,all_direct,23.6734,0.999
121,v4,v3,40.0,20.22,40.0,1.0,0.1011,0.8,13.5145,True,all_direct,13.4915,0.9971
121,v4,v11,40.0,50.09,10.0,1.0,0.2504,0.2,10.3958,False,all_direct,10.3656,0.9922
121,v4,v8,40.0,160.0,40.0,1.0,0.8,0.8,-0.8577,True,all_direct,-0.8873,0.9543
122,v1,v5,40.0,100.0,20.0,1.0,0.5,0.4,4.183,False,all_direct,4.1486,0.9834
122,v1,v13,40.0,110.0,20.0,1.0,0.55,0.4,3.5207,False,all_direct,3.5059,0.9852
122,v1,v6,40.0,160.03,20.0,1.0,0.8001,0.4,0.9159,True,all_direct,0.8809,0.9717
122,v3,v11,20.0,0.0,10.0,0.6,0.0,0.2,33.5918,False,all_direct,33.5666,0.999
122,v3,v7,20.0,20.0,10.0,0.6,0.1,0.2,-3.2247,False,all_direct,-3.2484,0.9275
122,v3,v15,20.0,50.0,10.0,0.6,0.25,0.2,-9.5918,False,all_direct,-9.6212,0.6271
122,v3,v4,20.0,60.07,20.0,0.6,0.3004,0.4,-12.2761,True,all_direct,-12.3031,0.4836
122,v3,v8,20.0,140.03,20.0,0.6,0.7002,0.4,-18.1566,True,all_direct,-18.1802,0.2611
122,v4,v15,40.0,10.44,30.0,1.0,0.0522,0.6,18.8841,False,all_direct,18.8539,0.998
122,v4,v7,40.0,40.11,10.0,1.0,0.2006,0.2,11.9393,False,all_direct,11.9146,0.9926
122,v4,v3,40.0,60.07,20.0,1.0,0.3004,0.4,7.7239,False,all_direct,7.7059,0.9951
122,v4,v11,40.0,60.07,30.0,1.0,0.3004,0.6,6.7244,False,all_direct,6.7059,0.9932
122,v4,v8,40.0,200.0,40.0,1.0,1.0,0.8,-2.4082,True,all_direct,-2.427,0.9307
123,v1,v5,40.0,120.0,20.0,1.0,0.6,0.4,2.9161,False,all_direct,2.8988,0.9795
123,v1,v13,40.0,130.0,20.0,1.0,0.65,0.4,2.3599,True,all_direct,2.335,0.9809
123,v1,v6,40.0,140.03,10.0,1.0,0.7002,0.2,3.2521,False,all_direct,3.2216,0.9814
123,v3,v7,20.0,10.0,40.0,0.6,0.05,0.8,-1.5918,True,all_direct,-1.6213,0.9438
123,v3,v11,20.0,10.0,40.0,0.6,0.05,0.8,-1.5918,True,all_direct,-1.6063,0.9391
123,v3,v4,20.0,40.11,20.0,0.6,0.2006,0.4,-9.4694,True,all_direct,-9.4857,0.6654
123,v3,v15,20.0,60.0,0.0,0.6,0.3,0.0,-8.4504,True,all_direct,-8.4835,0.6914
123,v3,v8,20.0,120.04,40.0,0.6,0.6002,0.8,-18.8608,True,all_direct,-18.8942,0.2338
123,v4,v15,40.0,20.22,20.0,1.0,0.1011,0.4,15.2892,False,all_direct,15.262,0.9941
123,v4,v7,40.0,30.15,20.0,1.0,0.1507,0.4,12.5145,False,all_direct,12.4891,0.9961
123,v4,v11,40.0,30.15,20.0,1.0,0.1507,0.4,12.5145,False,all_direct,12.4919,0.9941
123,v4,v3,40.0,40.11,20.0,1.0,0.2006,0.4,10.5306,False,all_direct,10.5048,0.9971
123,v4,v8,40.0,160.0,20.0,1.0,0.8,0.4,0.9171,True,all_direct,0.8983,0.9785
124,v1,v5,40.0,140.0,10.0,1.0,0.7,0.2,3.2537,False,all_direct,3.2413,0.9775
124,v1,v13,40.0,150.0,30.0,1.0,0.75,0.6,0.3661,True,all_direct,0.3324,0.973
124,v1,v6,40.0,150.03,10.0,1.0,0.7501,0.2,2.7729,False,all_direct,2.748,0.9824
124,v3,v7,20.0,50.0,20.0,0.6,0.25,0.4,-11.0005,True,all_direct,-11.0283,0.5484
124,v3,v11,20.0,50.0,0.0,0.6,0.25,0.0,-7.1835,False,all_direct,-7.2033,0.7672
124,v3,v15,20.0,60.0,10.0,0.6,0.3,0.2,-10.8587,True,all_direct,-10.8852,0.5588
124,v3,v4,20.0,60.07,20.0,0.6,0.3004,0.4,-12.2761,True,all_direct,-12.3001,0.4969
124,v3,v8,20.0,80.06,10.0,0.6,0.4003,0.2,-12.8626,True,all_direct,-12.8899,0.4422
124,v4,v15,40.0,3.0,30.0,1.0,0.015,0.6,27.5496,False,all_direct,27.535,0.998
124,v4,v7,40.0,10.44,0.0,1.0,0.0522,0.0,23.7006,False,all_direct,23.6777,0.998
124,v4,v11,40.0,10.44,20.0,1.0,0.0522,0.4,19.8836,False,all_direct,19.8647,0.999
124,v4,v3,40.0,60.07,20.0,1.0,0.3004,0.4,7.7239,False,all_direct,7.6994,0.9883
124,v4,v8,40.0,140.0,10.0,1.0,0.7,0.2,3.2537,False,all_direct,3.2259,0.9814
125,v1,v13,40.0,120.0,10.0,1.0,0.6,0.2,4.3249,False,all_direct,4.3045,0.9832
125,v1,v5,40.0,130.0,0.0,1.0,0.65,0.0,6.1769,False,all_direct,6.1498,0.9848
125,v1,v6,40.0,140.03,0.0,1.0,0.7002,0.0,5.6604,False,all_direct,5.6518,0.9873
125,v3,v11,20.0,50.0,10.0,0.6,0.25,0.2,-9.5918,False,all_direct,-9.6155,0.6436
125,v3,v15,20.0,50.0,10.0,0.6,0.25,0.2,-9.5918,False,all_direct,-9.6214,0.6283
125,v3,v7,20.0,70.0,10.0,0.6,0.35,0.2,-11.9298,True,all_direct,-11.9496,0.4848
125,v3,v8,20.0,70.06,30.0,0.6,0.3503,0.6,-14.3444,True,all_direct,-14.3762,0.3836
125,v3,v4,20.0,80.06,20.0,0.6,0.4003,0.4,-14.2713,True,all_direct,-14.3017,0.3793
125,v4,v7,40.0,10.44,10.0,1.0,0.0522,0.2,21.2923,False,all_direct,21.2719,0.998
125,v4,v11,40.0,30.15,10.0,1.0,0.1507,0.2,13.9232,False,all_direct,13.8926,0.9955
125,v4,v15,40.0,30.15,30.0,1.0,0.1507,0.6,11.515,False,all_direct,11.491,0.9941
125,v4,v3,40.0,80.06,20.0,1.0,0.4003,0.4,5.7287,False,all_direct,5.6995,0.9912
125,v4,v8,40.0,150.0,10.0,1.0,0.75,0.2,2.7743,False,all_direct,2.7586,0.9834
126,v1,v5,40.0,130.0,20.0,1.0,0.65,0.4,2.3599,True,all_direct,2.3364,0.9766
126,v1,v13,40.0,130.0,0.0,1.0,0.65,0.0,6.1769,False,all_direct,6.1488,0.9906
126,v1,v6,40.0,140.03,10.0,1.0,0.7002,0.2,3.2521,False,all_direct,3.2139,0.9854
126,v3,v15,20.0,40.0,20.0,0.6,0.2,0.4,-9.4499,True,all_direct,-9.4688,0.6244
126,v3,v8,20.0,40.11,10.0,0.6,0.2006,0.2,-8.0607,False,all_direct,-8.0902,0.7357
126,v3,v11,20.0,60.0,10.0,0.6,0.3,0.2,-10.8587,True,all_direct,-10.8841,0.5641
126,v3,v7,20.0,80.0,10.0,0.6,0.4,0.2,-12.8577,True,all_direct,-12.8933,0.4512
126,v3,v4,20.0,100.04,0.0,0.6,0.5002,0.0,-12.0031,True,all_direct,-12.0206,0.4887
126,v4,v7,40.0,20.22,10.0,1.0,0.1011,0.2,16.698,False,all_direct,16.6678,0.9971
126,v4,v11,40.0,40.11,10.0,1.0,0.2006,0.2,11.9393,False,all_direct,11.9205,0.9941
126,v4,v15,40.0,60.07,20.0,1.0,0.3004,0.4,7.7239,False,all_direct,7.6947,0.9922
126,v4,v3,40.0,100.04,0.0,1.0,0.5002,0.0,7.9969,False,all_direct,7.9698,0.9896
126,v4,v8,40.0,140.0,10.0,1.0,0.7,0.2,3.2537,False,all_direct,3.2316,0.9844
127,v1,v5,40.0,110.0,20.0,1.0,0.55,0.4,3.5207,False,all_direct,3.4917,0.9795
127,v1,v13,40.0,130.0,40.0,1.0,0.65,0.8,0.5851,True,all_direct,0.5637,0.9766
127,v1,v6,40.0,150.03,0.0,1.0,0.7501,0.0,5.1812,False,all_direct,5.1654,0.9822
127,v3,v8,20.0,50.09,30.0,0.6,0.2504,0.6,-12.0125,True,all_direct,-12.0406,0.4762
127,v3,v15,20.0,60.0,20.0,0.6,0.3,0.4,-12.2674,True,all_direct,-12.2795,0.4633
127,v3,v7,20.0,70.0,10.0,0.6,0.35,0.2,-11.9298,True,all_direct,-11.9568,0.498
127,v3,v11,20.0,70.0,10.0,0.6,0.35,0.2,-11.9298,True,all_direct,-11.9599,0.4576
127,v3,v4,20.0,100.04,10.0,0.6,0.5002,0.2,-14.4114,True,all_direct,-14.4491,0.373
127,v4,v7,40.0,30.15,0.0,1.0,0.1507,0.0,16.3315,False,all_direct,16.2932,0.9971
127,v4,v11,40.0,30.15,0.0,1.0,0.1507,0.0,16.3315,False,all_direct,16.3129,0.9971
127,v4,v15,40.0,40.11,30.0,1.0,0.2006,0.6,9.5311,False,all_direct,9.5018,0.9951
127,v4,v3,40.0,100.04,10.0,1.0,0.5002,0.2,5.5886,False,all_direct,5.5686,0.9902
127,v4,v8,40.0,150.0,40.0,1.0,0.75,0.8,-0.4092,True,all_direct,-0.4374,0.9623
128,v1,v5,40.0,90.0,30.0,1.0,0.45,0.6,3.9156,False,all_direct,3.8743,0.9883
128,v1,v13,40.0,90.0,30.0,1.0,0.45,0.6,3.9156,False,all_direct,3.8849,0.9902
128,v1,v6,40.0,150.03,20.0,1.0,0.7501,0.4,1.3642,True,all_direct,1.3366,0.9711
128,v3,v15,20.0,40.0,10.0,0.6,0.2,0.2,-8.0412,False,all_direct,-8.0791,0.7174
128,v3,v7,20.0,80.0,30.0,0.6,0.4,0.6,-15.2659,True,all_direct,-15.2946,0.3512
128,v3,v11,20.0,80.0,0.0,0.6,0.4,0.0,-10.4494,True,all_direct,-10.4768,0.5635
128,v3,v8,20.0,80.06,0.0,0.6,0.4003,0.0,-10.4543,True,all_direct,-10.4909,0.5557
128,v3,v4,20.0,110.04,30.0,0.6,0.5502,0.6,-17.4813,True,all_direct,-17.5091,0.265
128,v4,v7,40.0,30.15,0.0,1.0,0.1507,0.0,16.3315,False,all_direct,16.308,0.9971
128,v4,v11,40.0,30.15,30.0,1.0,0.1507,0.6,11.515,False,all_direct,11.4922,0.9941
128,v4,v15,40.0,70.06,40.0,1.0,0.3503,0.8,4.8803,True,all_direct,4.8456,0.9848
128,v4,v3,40.0,110.04,30.0,1.0,0.5502,0.6,2.5187,True,all_direct,2.5007,0.977
128,v4,v8,40.0,190.0,30.0,1.0,0.95,0.6,-1.2765,True,all_direct,-1.2975,0.9516
129,v1,v5,40.0,60.0,0.0,1.0,0.3,0.0,11.5496,False,all_direct,11.5149,0.9941
129,v1,v13,40.0,60.0,0.0,1.0,0.3,0.0,11.5496,False,all_direct,11.5234,0.9951
129,v1,v6,40.0,130.03,30.0,1.0,0.6502,0.6,1.3586,True,all_direct,1.3291,0.977
129,v3,v7,20.0,50.0,20.0,0.6,0.25,0.4,-11.0005,True,all_direct,-11.0347,0.5637
129,v3,v15,20.0,50.0,10.0,0.6,0.25,0.2,-9.5918,False,all_direct,-9.6276,0.659
129,v3,v11,20.0,80.0,40.0,0.6,0.4,0.8,-16.0412,True,all_direct,-16.0725,0.3404
129,v3,v4,20.0,80.06,40.0,0.6,0.4003,0.8,-16.0461,True,all_direct,-16.0703,0.3066
129,v3,v8,20.0,80.06,40.0,0.6,0.4003,0.8,-16.0461,True,all_direct,-16.072,0.3076
129,v4,v11,40.0,3.0,0.0,1.0,0.015,0.0,32.3661,False,all_direct,32.349,1.0
129,v4,v7,40.0,30.15,20.0,1.0,0.1507,0.4,12.5145,False,all_direct,12.4938,0.9961
129,v4,v15,40.0,30.15,30.0,1.0,0.1507,0.6,11.515,False,all_direct,11.4846,0.9941
129,v4,v3,40.0,80.06,40.0,1.0,0.4003,0.8,3.9539,True,all_direct,3.9359,0.9902
129,v4,v8,40.0,160.0,0.0,1.0,0.8,0.0,4.7341,True,all_direct,4.7047,0.9857
130,v1,v5,40.0,60.0,10.0,1.0,0.3,0.2,9.1413,False,all_direct,9.1111,0.9941
130,v1,v13,40.0,60.0,20.0,1.0,0.3,0.4,7.7326,False,all_direct,7.7058,0.9932
130,v1,v6,40.0,100.04,20.0,1.0,0.5002,0.4,4.1799,False,all_direct,4.1683,0.9834
130,v3,v7,20.0,30.0,10.0,0.6,0.15,0.2,-6.0422,False,all_direct,-6.0577,0.8133
130,v3,v11,20.0,40.0,0.0,0.6,0.2,0.0,-5.633,False,all_direct,-5.667,0.8379
130,v3,v15,20.0,40.0,30.0,0.6,0.2,0.6,-10.4494,True,all_direct,-10.4675,0.5971
130,v3,v4,20.0,40.11,30.0,0.6,0.2006,0.6,-10.4689,True,all_direct,-10.4917,0.6135
130,v3,v8,20.0,120.04,30.0,0.6,0.6002,0.6,-18.0856,True,all_direct,-18.1007,0.2545
130,v4,v11,40.0,3.0,30.0,1.0,0.015,0.6,27.5496,False,all_direct,27.5202,0.999
130,v4,v15,40.0,3.0,0.0,1.0,0.015,0.0,32.3661,False,all_direct,32.3431,1.0
130,v4,v7,40.0,10.44,20.0,1.0,0.0522,0.4,19.8836,False,all_direct,19.8469,0.9971
130,v4,v3,40.0,40.11,30.0,1.0,0.2006,0.6,9.5311,False,all_direct,9.4908,0.9961
130,v4,v8,40.0,160.0,0.0,1.0,0.8,0.0,4.7341,True,all_direct,4.7019,0.9932
131,v1,v5,40.0,50.0,10.0,1.0,0.25,0.2,10.4082,False,all_direct,10.3783,0.9951
131,v1,v13,40.0,80.0,0.0,1.0,0.4,0.0,9.5506,False,all_direct,9.5234,0.9922
131,v1,v6,40.0,120.04,20.0,1.0,0.6002,0.4,2.914,False,all_direct,2.8859,0.9824
131,v3,v15,20.0,10.0,0.0,0.6,0.05,0.0,4.0,False,all_direct,3.9719,0.9854
131,v3,v4,20.0,10.44,0.0,0.6,0.0522,0.0,3.7006,False,all_direct,3.6722,0.9805
131,v3,v7,20.0,20.0,0.0,0.6,0.1,0.0,-0.8165,False,all_direct,-0.845,0.9686
131,v3,v11,20.0,40.0,10.0,0.6,0.2,0.2,-8.0412,False,all_direct,-8.0595,0.707
131,v3,v8,20.0,150.03,10.0,0.6,0.7501,0.2,-17.2271,True,all_direct,-17.2601,0.2943
131,v4,v15,40.0,3.0,0.0,1.0,0.015,0.0,32.3661,False,all_direct,32.3424,0.9971
131,v4,v3,40.0,10.44,0.0,1.0,0.0522,0.0,23.7006,False,all_direct,23.665,0.9971
131,v4,v7,40.0,10.44,0.0,1.0,0.0522,0.0,23.7006,False,all_direct,23.6663,0.9961
131,v4,v11,40.0,30.15,10.0,1.0,0.1507,0.2,13.9232,False,all_direct,13.8931,0.9971
131,v4,v8,40.0,160.0,10.0,1.0,0.8,0.2,2.3258,True,all_direct,2.2998,0.9785
132,v1,v5,40.0,60.0,30.0,1.0,0.3,0.6,6.7331,False,all_direct,6.7021,0.9867
132,v1,v13,40.0,80.0,10.0,1.0,0.4,0.2,7.1423,False,all_direct,7.1105,0.9902
132,v1,v6,40.0,140.03,0.0,1.0,0.7002,0.0,5.6604,False,all_direct,5.6212,0.9893
132,v3,v15,20.0,10.0,10.0,0.6,0.05,0.2,1.5918,False,all_direct,1.5716,0.9711
132,v3,v4,20.0,10.44,10.0,0.6,0.0522,0.2,1.2923,False,all_direct,1.2612,0.976
132,v3,v7,20.0,20.0,30.0,0.6,0.1,0.6,-5.633,True,all_direct,-5.6552,0.8434
132,v3,v11,20.0,30.0,0.0,0.6,0.15,0.0,-3.6339,False,all_direct,-3.6582,0.9062
132,v3,v8,20.0,140.03,10.0,0.6,0.7002,0.2,-16.7479,True,all_direct,-16.7774,0.2678
132,v4,v15,40.0,3.0,0.0,1.0,0.015,0.0,32.3661,False,all_direct,32.3416,0.999
132,v4,v3,40.0,10.44,10.0,1.0,0.0522,0.2,21.2923,False,all_direct,21.2734,0.9971
132,v4,v7,40.0,10.44,20.0,1.0,0.0522,0.4,19.8836,False,all_direct,19.8638,0.998
132,v4,v11,40.0,20.22,10.0,1.0,0.1011,0.2,16.698,False,all_direct,16.6682,0.998
132,v4,v8,40.0,150.0,0.0,1.0,0.75,0.0,5.1825,False,all_direct,5.1732,0.9857
133,v1,v13,40.0,70.0,20.0,1.0,0.35,0.4,6.6615,False,all_direct,6.6313,0.9922
133,v1,v5,40.0,90.0,0.0,1.0,0.45,0.0,8.7321,False,all_direct,8.7026,0.9941
133,v1,v6,40.0,140.03,20.0,1.0,0.7002,0.4,1.8434,True,all_direct,1.8243,0.9805
133,v3,v15,20.0,20.0,20.0,0.6,0.1,0.4,-4.6334,True,all_direct,-4.6565,0.8881
133,v3,v4,20.0,20.22,30.0,0.6,0.1011,0.6,-5.7103,True,all_direct,-5.7403,0.8273
133,v3,v11,20.0,30.0,30.0,0.6,0.15,0.6,-8.4504,True,all_direct,-8.4862,0.7008
133,v3,v7,20.0,50.0,10.0,0.6,0.25,0.2,-9.5918,False,all_direct,-9.6112,0.6268
133,v3,v19,20.0,120.0,30.0,0.6,0.6,0.6,-18.0834,True,all_direct,-18.1062,0.2469
133,v4,v15,40.0,3.0,10.0,1.0,0.015,0.2,29.9578,False,all_direct,29.9265,0.999
133,v4,v11,40.0,10.44,0.0,1.0,0.0522,0.0,23.7006,False,all_direct,23.6669,0.9971
133,v4,v3,40.0,20.22,30.0,1.0,0.1011,0.6,14.2897,False,all_direct,14.2612,0.9955
133,v4,v7,40.0,30.15,20.0,1.0,0.1507,0.4,12.5145,False,all_direct,12.4799,0.9961
133,v4,v19,40.0,140.03,0.0,1.0,0.7002,0.0,5.6604,False,all_direct,5.644,0.9902
134,v1,v13,40.0,50.0,0.0,1.0,0.25,0.0,12.8165,False,all_direct,12.7968,0.9941
134,v1,v5,40.0,90.0,0.0,1.0,0.45,0.0,8.7321,False,all_direct,8.701,0.9926
134,v1,v6,40.0,120.04,20.0,1.0,0.6002,0.4,2.914,False,all_direct,2.8891,0.9805
134,v3,v15,20.0,40.0,30.0,0.6,0.2,0.6,-10.4494,True,all_direct,-10.484,0.558
134,v3,v4,20.0,50.09,10.0,0.6,0.2504,0.2,-9.6042,False,all_direct,-9.6331,0.6449
134,v3,v7,20.0,60.0,30.0,0.6,0.3,0.6,-13.2669,True,all_direct,-13.2912,0.434
134,v3,v11,20.0,60.0,10.0,0.6,0.3,0.2,-10.8587,True,all_direct,-10.8967,0.5379
134,v3,v19,20.0,90.0,30.0,0.6,0.45,0.6,-16.0844,True,all_direct,-16.1171,0.3119
134,v4,v7,40.0,10.44,20.0,1.0,0.0522,0.4,19.8836,False,all_direct,19.8511,0.9961
134,v4,v11,40.0,10.44,0.0,1.0,0.0522,0.0,23.7006,False,all_direct,23.6711,0.998
134,v4,v15,40.0,10.44,20.0,1.0,0.0522,0.4,19.8836,False,all_direct,19.8596,0.998
134,v4,v3,40.0,50.09,10.0,1.0,0.2504,0.2,10.3958,False,all_direct,10.3644,0.9945
134,v4,v19,40.0,140.03,20.0,1.0,0.7002,0.4,1.8434,True,all_direct,1.8113,0.977
135,v1,v13,40.0,50.0,10.0,1.0,0.25,0.2,10.4082,False,all_direct,10.3889,0.9916
135,v1,v5,40.0,90.0,10.0,1.0,0.45,0.2,6.3239,False,all_direct,6.2948,0.9922
135,v1,v6,40.0,140.03,30.0,1.0,0.7002,0.6,0.8439,True,all_direct,0.814,0.9707
135,v3,v19,20.0,60.0,10.0,0.6,0.3,0.2,-10.8587,True,all_direct,-10.8911,0.5811
135,v3,v4,20.0,60.07,10.0,0.6,0.3004,0.2,-10.8673,True,all_direct,-10.8922,0.5322
135,v3,v11,20.0,70.0,10.0,0.6,0.35,0.2,-11.9298,True,all_direct,-11.941,0.4879
135,v3,v15,20.0,70.0,20.0,0.6,0.35,0.4,-13.3385,True,all_direct,-13.3569,0.4131
135,v3,v7,20.0,90.0,10.0,0.6,0.45,0.2,-13.6761,True,all_direct,-13.707,0.4061
135,v4,v11,40.0,10.44,0.0,1.0,0.0522,0.0,23.7006,False,all_direct,23.6703,0.998
135,v4,v15,40.0,10.44,30.0,1.0,0.0522,0.6,18.8841,False,all_direct,18.8637,0.9961
135,v4,v7,40.0,30.15,20.0,1.0,0.1507,0.4,12.5145,False,all_direct,12.4727,0.9951
135,v4,v3,40.0,60.07,10.0,1.0,0.3004,0.2,9.1327,False,all_direct,9.0939,0.9902
135,v4,v19,40.0,120.04,0.0,1.0,0.6002,0.0,6.7309,False,all_direct,6.6939,0.9877
136,v1,v13,40.0,60.0,0.0,1.0,0.3,0.0,11.5496,False,all_direct,11.5022,0.9941
136,v1,v5,40.0,100.0,20.0,1.0,0.5,0.4,4.183,False,all_direct,4.1609,0.9824
136,v1,v6,40.0,170.03,20.0,1.0,0.8501,0.4,0.4948,True,all_direct,0.4734,0.9701
136,v3,v4,20.0,50.09,20.0,0.6,0.2504,0.4,-11.013,True,all_direct,-11.0395,0.5732
136,v3,v11,20.0,60.0,0.0,0.6,0.3,0.0,-8.4504,True,all_direct,-8.4754,0.6707
136,v3,v19,20.0,70.0,10.0,0.6,0.35,0.2,-11.9298,True,all_direct,-11.9489,0.4904
136,v3,v15,20.0,90.0,0.0,0.6,0.45,0.0,-11.2679,True,all_direct,-11.2953,0.534
136,v3,v7,20.0,100.0,30.0,0.6,0.5,0.6,-16.8165,True,all_direct,-16.8434,0.2844
136,v4,v11,40.0,10.44,20.0,1.0,0.0522,0.4,19.8836,False,all_direct,19.852,0.999
136,v4,v15,40.0,40.11,20.0,1.0,0.2006,0.4,10.5306,False,all_direct,10.5097,0.9945
136,v4,v3,40.0,50.09,20.0,1.0,0.2504,0.4,8.987,False,all_direct,8.9667,0.9922
136,v4,v7,40.0,50.09,10.0,1.0,0.2504,0.2,10.3958,False,all_direct,10.3742,0.9951
136,v4,v19,40.0,120.04,10.0,1.0,0.6002,0.2,4.3227,False,all_direct,4.3019,0.9863
137,v1,v13,40.0,60.0,20.0,1.0,0.3,0.4,7.7326,False,all_direct,7.7135,0.9896
137,v1,v5,40.0,120.0,10.0,1.0,0.6,0.2,4.3249,False,all_direct,4.3001,0.9838
137,v1,v6,40.0,190.02,10.0,1.0,0.9501,0.2,1.1308,True,all_direct,1.1013,0.9805
137,v3,v4,20.0,30.15,0.0,0.6,0.1507,0.0,-3.6685,False,all_direct,-3.7033,0.9109
137,v3,v11,20.0,60.0,10.0,0.6,0.3,0.2,-10.8587,True,all_direct,-10.89,0.5672
137,v3,v7,20.0,70.0,20.0,0.6,0.35,0.4,-13.3385,True,all_direct,-13.3677,0.4387
137,v3,v19,20.0,80.0,10.0,0.6,0.4,0.2,-12.8577,True,all_direct,-12.8883,0.4373
137,v3,v15,20.0,90.0,0.0,0.6,0.45,0.0,-11.2679,True,all_direct,-11.2939,0.5322
137,v4,v3,40.0,30.15,0.0,1.0,0.1507,0.0,16.3315,False,all_direct,16.2894,0.9961
137,v4,v11,40.0,30.15,10.0,1.0,0.1507,0.2,13.9232,False,all_direct,13.896,0.9961
137,v4,v7,40.0,40.11,20.0,1.0,0.2006,0.4,10.5306,False,all_direct,10.5006,0.9971
137,v4,v15,40.0,60.07,0.0,1.0,0.3004,0.0,11.5409,False,all_direct,11.5078,0.9961
137,v4,v19,40.0,110.04,10.0,1.0,0.5502,0.2,4.9269,False,all_direct,4.9079,0.9848
138,v1,v13,40.0,80.0,40.0,1.0,0.4,0.8,3.9588,True,all_direct,3.9271,0.9877
138,v1,v5,40.0,130.0,40.0,1.0,0.65,0.8,0.5851,True,all_direct,0.5514,0.9701
138,v3,v4,20.0,30.15,0.0,0.6,0.1507,0.0,-3.6685,False,all_direct,-3.692,0.9027
138,v3,v11,20.0,70.0,30.0,0.6,0.35,0.6,-14.338,True,all_direct,-14.3774,0.3703
138,v3,v7,20.0,90.0,20.0,0.6,0.45,0.4,-15.0849,True,all_direct,-15.117,0.359
138,v3,v15,20.0,90.0,10.0,0.6,0.45,0.2,-13.6761,True,all_direct,-13.6889,0.425
138,v3,v19,20.0,90.0,10.0,0.6,0.45,0.2,-13.6761,True,all_direct,-13.6967,0.391
138,v4,v3,40.0,30.15,0.0,1.0,0.1507,0.0,16.3315,False,all_direct,16.3137,0.9951
138,v4,v11,40.0,40.11,30.0,1.0,0.2006,0.6,9.5311,False,all_direct,9.4848,0.9932
138,v4,v7,40.0,60.07,20.0,1.0,0.3004,0.4,7.7239,False,all_direct,7.6783,0.9912
138,v4,v15,40.0,60.07,10.0,1.0,0.3004,0.2,9.1327,False,all_direct,9.097,0.9867
138,v4,v19,40.0,120.04,10.0,1.0,0.6002,0.2,4.3227,False,all_direct,4.2929,0.9848
139,v1,v13,40.0,40.0,30.0,1.0,0.2,0.6,9.5506,False,all_direct,9.5189,0.9941
139,v1,v5,40.0,90.0,20.0,1.0,0.45,0.4,4.9151,False,all_direct,4.8876,0.9951
139,v1,v6,40.0,170.03,10.0,1.0,0.8501,0.2,1.9035,True,all_direct,1.8721,0.9812
139,v3,v4,20.0,30.15,10.0,0.6,0.1507,0.2,-6.0768,False,all_direct,-6.1008,0.8307
139,v3,v11,20.0,40.0,20.0,0.6,0.2,0.4,-9.4499,True,all_direct,-9.4791,0.6568
139,v3,v7,20.0,70.0,10.0,0.6,0.35,0.2,-11.9298,True,all_direct,-11.9502,0.4908
139,v3,v15,20.0,80.0,20.0,0.6,0.4,0.4,-14.2664,True,all_direct,-14.2941,0.3932
139,v3,v19,20.0,100.0,20.0,0.6,0.5,0.4,-15.817,True,all_direct,-15.8421,0.3219
139,v4,v11,40.0,10.44,30.0,1.0,0.0522,0.6,18.8841,False,all_direct,18.8593,0.9951
139,v4,v3,40.0,30.15,10.0,1.0,0.1507,0.2,13.9232,False,all_direct,13.9045,0.9961
139,v4,v7,40.0,40.11,20.0,1.0,0.2006,0.4,10.5306,False,all_direct,10.4966,0.9912
139,v4,v15,40.0,50.09,10.0,1.0,0.2504,0.2,10.3958,False,all_direct,10.3645,0.9951
139,v4,v19,40.0,130.03,10.0,1.0,0.6502,0.2,3.7668,False,all_direct,3.7406,0.9783
140,v1,v13,40.0,70.0,40.0,1.0,0.35,0.8,4.8867,True,all_direct,4.8602,0.9838
140,v1,v5,40.0,110.0,20.0,1.0,0.55,0.4,3.5207,False,all_direct,3.4923,0.9715
140,v1,v6,40.0,160.03,0.0,1.0,0.8001,0.0,4.7329,True,all_direct,4.7153,0.9809
140,v3,v4,20.0,20.22,10.0,0.6,0.1011,0.2,-3.302,False,all_direct,-3.3344,0.8934
140,v3,v11,20.0,60.0,40.0,0.6,0.3,0.8,-14.0422,True,all_direct,-14.0755,0.4066
140,v3,v15,20.0,60.0,10.0,0.6,0.3,0.2,-10.8587,True,all_direct,-10.8856,0.568
140,v3,v7,20.0,80.0,0.0,0.6,0.4,0.0,-10.4494,True,all_direct,-10.4726,0.5666
140,v3,v19,20.0,120.0,20.0,0.6,0.6,0.4,-17.0839,True,all_direct,-17.1098,0.292
140,v4,v3,40.0,20.22,10.0,1.0,0.1011,0.2,16.698,False,all_direct,16.6744,0.999
140,v4,v11,40.0,40.11,30.0,1.0,0.2006,0.6,9.5311,False,all_direct,9.4923,0.9896
140,v4,v15,40.0,40.11,0.0,1.0,0.2006,0.0,14.3476,False,all_direct,14.3161,0.9971
140,v4,v7,40.0,60.07,10.0,1.0,0.3004,0.2,9.1327,False,all_direct,9.1053,0.9951
140,v4,v19,40.0,140.03,10.0,1.0,0.7002,0.2,3.2521,False,all_direct,3.2245,0.9844
141,v1,v13,40.0,30.0,20.0,1.0,0.15,0.4,12.5491,False,all_direct,12.5315,0.9961
141,v1,v5,40.0,90.0,10.0,1.0,0.45,0.2,6.3239,False,all_direct,6.2949,0.9857
141,v1,v6,40.0,160.03,20.0,1.0,0.8001,0.4,0.9159,True,all_direct,0.8912,0.9754
141,v3,v4,20.0,10.44,10.0,0.6,0.0522,0.2,1.2923,False,all_direct,1.2613,0.9805
141,v3,v11,20.0,20.0,30.0,0.6,0.1,0.6,-5.633,True,all_direct,-5.6681,0.8387
141,v3,v15,20.0,50.0,20.0,0.6,0.25,0.4,-11.0005,True,all_direct,-11.0353,0.5584
141,v3,v7,20.0,80.0,40.0,0.6,0.4,0.8,-16.0412,True,all_direct,-16.0639,0.3125
141,v3,v19,20.0,140.0,20.0,0.6,0.7,0.4,-18.155,True,all_direct,-18.1891,0.2488
141,v4,v3,40.0,10.44,10.0,1.0,0.0522,0.2,21.2923,False,all_direct,21.2634,0.999
141,v4,v11,40.0,10.44,20.0,1.0,0.0522,0.4,19.8836,False,all_direct,19.849,0.999
141,v4,v15,40.0,40.11,10.0,1.0,0.2006,0.2,11.9393,False,all_direct,11.9152,0.9961
141,v4,v7,40.0,70.06,30.0,1.0,0.3503,0.6,5.6556,False,all_direct,5.6223,0.9922
141,v4,v19,40.0,150.03,10.0,1.0,0.7501,0.2,2.7729,False,all_direct,2.7372,0.9797
142,v1,v13,40.0,10.0,0.0,1.0,0.05,0.0,24.0,False,all_direct,23.981,0.9971
142,v1,v5,40.0,100.0,10.0,1.0,0.5,0.2,5.5918,False,all_direct,5.5568,0.9912
142,v1,v6,40.0,180.02,30.0,1.0,0.9001,0.6,-0.9018,True,all_direct,-0.9205,0.9672
142,v3,v4,20.0,3.0,0.0,0.6,0.015,0.0,12.3661,False,all_direct,12.3551,0.9941
142,v3,v11,20.0,10.0,20.0,0.6,0.05,0.4,0.183,True,all_direct,0.1626,0.9652
142,v3,v15,20.0,30.0,10.0,0.6,0.15,0.2,-6.0422,False,all_direct,-6.0544,0.8152
142,v3,v7,20.0,40.0,10.0,0.6,0.2,0.2,-8.0412,False,all_direct,-8.0646,0.7303
142,v3,v8,20.0,150.03,10.0,0.6,0.7501,0.2,-17.2271,True,all_direct,-17.2515,0.2738
142,v4,v3,40.0,3.0,0.0,1.0,0.015,0.0,32.3661,False,all_direct,32.3399,0.998
142,v4,v11,40.0,10.44,20.0,1.0,0.0522,0.4,19.8836,False,all_direct,19.8507,0.9951
142,v4,v15,40.0,30.15,10.0,1.0,0.1507,0.2,13.9232,False,all_direct,13.8912,0.9951
142,v4,v7,40.0,40.11,10.0,1.0,0.2006,0.2,11.9393,False,all_direct,11.9369,0.9932
142,v4,v8,40.0,150.0,10.0,1.0,0.75,0.2,2.7743,False,all_direct,2.7486,0.9834
143,v1,v13,40.0,10.0,0.0,1.0,0.05,0.0,24.0,False,all_direct,23.9731,0.998
143,v1,v5,40.0,110.0,30.0,1.0,0.55,0.6,2.5212,True,all_direct,2.4906,0.9793
143,v3,v4,20.0,3.0,40.0,0.6,0.015,0.8,6.7743,True,all_direct,6.7465,0.9912
143,v3,v11,20.0,10.0,40.0,0.6,0.05,0.8,-1.5918,True,all_direct,-1.6054,0.9438
143,v3,v15,20.0,20.0,40.0,0.6,0.1,0.8,-6.4082,True,all_direct,-6.4345,0.8119
143,v3,v7,20.0,30.0,0.0,0.6,0.15,0.0,-3.6339,False,all_direct,-3.6666,0.9172
143,v3,v19,20.0,140.0,30.0,0.6,0.7,0.6,-19.1545,True,all_direct,-19.1881,0.2322
143,v4,v3,40.0,3.0,40.0,1.0,0.015,0.8,26.7743,True,all_direct,26.7517,0.998
143,v4,v11,40.0,10.44,0.0,1.0,0.0522,0.0,23.7006,False,all_direct,23.6758,0.9961
143,v4,v15,40.0,20.22,0.0,1.0,0.1011,0.0,19.1062,False,all_direct,19.0859,0.999
143,v4,v7,40.0,30.15,40.0,1.0,0.1507,0.8,10.7397,True,all_direct,10.707,0.9912
143,v4,v19,40.0,140.03,10.0,1.0,0.7002,0.2,3.2521,False,all_direct,3.2156,0.9848
144,v1,v13,40.0,10.0,0.0,1.0,0.05,0.0,24.0,False,all_direct,23.9789,0.998
144,v1,v5,40.0,140.0,0.0,1.0,0.7,0.0,5.662,False,all_direct,5.6268,0.9867
144,v3,v15,20.0,20.0,40.0,0.6,0.1,0.8,-6.4082,True,all_direct,-6.4331,0.8088
144,v3,v7,20.0,30.0,10.0,0.6,0.15,0.2,-6.0422,False,all_direct,-6.0718,0.8275
144,v3,v11,20.0,30.0,20.0,0.6,0.15,0.4,-7.4509,True,all_direct,-7.4792,0.7746
144,v3,v4,20.0,40.11,20.0,0.6,0.2006,0.4,-9.4694,True,all_direct,-9.5053,0.6186
144,v3,v19,20.0,170.0,30.0,0.6,0.85,0.6,-20.5037,True,all_direct,-20.5326,0.2039
144,v4,v11,40.0,10.44,0.0,1.0,0.0522,0.0,23.7006,False,all_direct,23.6661,0.9961
144,v4,v15,40.0,20.22,20.0,1.0,0.1011,0.4,15.2892,False,all_direct,15.2689,0.9971
144,v4,v3,40.0,40.11,20.0,1.0,0.2006,0.4,10.5306,False,all_direct,10.5068,0.9906
144,v4,v7,40.0,70.06,10.0,1.0,0.3503,0.2,8.0638,False,all_direct,8.0326,0.9932
144,v4,v8,40.0,130.0,20.0,1.0,0.65,0.4,2.3599,True,all_direct,2.3222,0.9799
145,v1,v13,40.0,10.0,20.0,1.0,0.05,0.4,20.183,False,all_direct,20.1631,0.998
145,v1,v5,40.0,140.0,40.0,1.0,0.7,0.8,0.0702,True,all_direct,0.0531,0.9623
145,v3,v11,20.0,10.0,10.0,0.6,0.05,0.2,1.5918,False,all_direct,1.5727,0.9734
145,v3,v15,20.0,20.0,10.0,0.6,0.1,0.2,-3.2247,False,all_direct,-3.2519,0.923
145,v3,v4,20.0,20.22,0.0,0.6,0.1011,0.0,-0.8938,False,all_direct,-0.9224,0.9668
145,v3,v7,20.0,40.0,20.0,0.6,0.2,0.4,-9.4499,True,all_direct,-9.4803,0.6342
145,v3,v8,20.0,130.03,40.0,0.6,0.6502,0.8,-19.4167,True,all_direct,-19.4561,0.2053
145,v4,v11,40.0,10.44,10.0,1.0,0.0522,0.2,21.2923,False,all_direct,21.263,0.9961
145,v4,v3,40.0,20.22,0.0,1.0,0.1011,0.0,19.1062,False,all_direct,19.0804,0.999
145,v4,v15,40.0,40.11,10.0,1.0,0.2006,0.2,11.9393,False,all_direct,11.9178,0.998
145,v4,v7,40.0,60.07,20.0,1.0,0.3004,0.4,7.7239,False,all_direct,7.6935,0.9922
145,v4,v8,40.0,110.0,40.0,1.0,0.55,0.8,1.746,True,all_direct,1.7188,0.9818
146,v1,v13,40.0,10.0,40.0,1.0,0.05,0.8,18.4082,True,all_direct,18.3763,0.999
146,v1,v5,40.0,100.0,40.0,1.0,0.5,0.8,2.4082,True,all_direct,2.3886,0.977
146,v1,v6,40.0,180.02,20.0,1.0,0.9001,0.4,0.0977,True,all_direct,0.0691,0.967
146,v3,v15,20.0,10.0,10.0,0.6,0.05,0.2,1.5918,False,all_direct,1.558,0.9707
146,v3,v7,20.0,20.0,0.0,0.6,0.1,0.0,-0.8165,False,all_direct,-0.8471,0.9617
146,v3,v11,20.0,20.0,10.0,0.6,0.1,0.2,-3.2247,False,all_direct,-3.242,0.9078
146,v3,v4,20.0,20.22,10.0,0.6,0.1011,0.2,-3.302,False,all_direct,-3.3298,0.9225
146,v3,v19,20.0,150.0,10.0,0.6,0.75,0.2,-17.2257,True,all_direct,-17.2505,0.2594
146,v4,v11,40.0,3.0,20.0,1.0,0.015,0.4,28.5491,False,all_direct,28.5287,0.998
146,v4,v3,40.0,20.22,10.0,1.0,0.1011,0.2,16.698,False,all_direct,16.6687,0.9961
146,v4,v15,40.0,30.15,0.0,1.0,0.1507,0.0,16.3315,False,all_direct,16.3093,0.9971
146,v4,v7,40.0,40.11,10.0,1.0,0.2006,0.2,11.9393,False,all_direct,11.9202,0.998
146,v4,v19,40.0,130.03,20.0,1.0,0.6502,0.4,2.3581,True,all_direct,2.3386,0.9824
147,v1,v13,40.0,30.0,10.0,1.0,0.15,0.2,13.9578,False,all_direct,13.9371,0.9961
147,v1,v5,40.0,140.0,20.0,1.0,0.7,0.4,1.845,True,all_direct,1.8079,0.9795
147,v3,v15,20.0,0.0,10.0,0.6,0.0,0.2,33.5918,False,all_direct,33.5573,0.998
147,v3,v11,20.0,10.0,10.0,0.6,0.05,0.2,1.5918,False,all_direct,1.5627,0.9701
147,v3,v7,20.0,20.0,30.0,0.6,0.1,0.6,-5.633,True,all_direct,-5.6603,0.8379
147,v3,v4,20.0,30.15,20.0,0.6,0.1507,0.4,-7.4855,True,all_direct,-7.5005,0.7479
147,v3,v19,20.0,140.0,20.0,0.6,0.7,0.4,-18.155,True,all_direct,-18.1706,0.2559
147,v4,v11,40.0,20.22,30.0,1.0,0.1011,0.6,14.2897,False,all_direct,14.259,0.9951
147,v4,v3,40.0,30.15,20.0,1.0,0.1507,0.4,12.5145,False,all_direct,12.4954,0.998
147,v4,v15,40.0,30.15,30.0,1.0,0.1507,0.6,11.515,False,all_direct,11.4977,0.9941
147,v4,v7,40.0,50.09,10.0,1.0,0.2504,0.2,10.3958,False,all_direct,10.3588,0.9922
147,v4,v19,40.0,110.04,0.0,1.0,0.5502,0.0,7.3351,False,all_direct,7.3132,0.9893
148,v1,v13,40.0,20.0,0.0,1.0,0.1,0.0,19.1835,False,all_direct,19.1564,0.9971
148,v1,v5,40.0,120.0,20.0,1.0,0.6,0.4,2.9161,False,all_direct,2.8766,0.9814
148,v1,v6,40.0,170.03,10.0,1.0,0.8501,0.2,1.9035,True,all_direct,1.8804,0.9857
148,v3,v15,20.0,10.0,10.0,0.6,0.05,0.2,1.5918,False,all_direct,1.5726,0.9779
148,v3,v4,20.0,10.44,30.0,0.6,0.0522,0.6,-1.1159,True,all_direct,-1.1474,0.9604
148,v3,v11,20.0,20.0,20.0,0.6,0.1,0.4,-4.6334,True,all_direct,-4.6733,0.8664
148,v3,v7,20.0,50.0,10.0,0.6,0.25,0.2,-9.5918,False,all_direct,-9.6206,0.6469
148,v3,v19,20.0,120.0,20.0,0.6,0.6,0.4,-17.0839,True,all_direct,-17.1084,0.2857
148,v4,v15,40.0,3.0,20.0,1.0,0.015,0.4,28.5491,False,all_direct,28.5212,0.998
148,v4,v3,40.0,10.44,30.0,1.0,0.0522,0.6,18.8841,False,all_direct,18.8444,0.998
148,v4,v11,40.0,10.44,10.0,1.0,0.0522,0.2,21.2923,False,all_direct,21.2701,0.998
148,v4,v7,40.0,60.07,40.0,1.0,0.3004,0.8,5.9491,True,all_direct,5.917,0.9863
148,v4,v8,40.0,110.0,40.0,1.0,0.55,0.8,1.746,True,all_direct,1.7181,0.9705
149,v1,v13,40.0,20.0,10.0,1.0,0.1,0.2,16.7753,False,all_direct,16.7538,0.9971
149,v1,v5,40.0,100.0,20.0,1.0,0.5,0.4,4.183,False,all_direct,4.1502,0.9828
149,v1,v6,40.0,180.02,0.0,1.0,0.9001,0.0,3.9147,True,all_direct,3.8889,0.9795
149,v3,v15,20.0,20.0,10.0,0.6,0.1,0.2,-3.2247,False,all_direct,-3.254,0.9074
149,v3,v11,20.0,40.0,20.0,0.6,0.2,0.4,-9.4499,True,all_direct,-9.4754,0.6422
149,v3,v4,20.0,40.11,10.0,0.6,0.2006,0.2,-8.0607,False,all_direct,-8.0957,0.7244
149,v3,v7,20.0,60.0,0.0,0.6,0.3,0.0,-8.4504,True,all_direct,-8.4737,0.6822
149,v3,v8,20.0,110.04,10.0,0.6,0.5502,0.2,-15.0731,True,all_direct,-15.0962,0.3619
149,v4,v11,40.0,3.0,10.0,1.0,0.015,0.2,29.9578,False,all_direct,29.9392,0.9971
149,v4,v15,40.0,20.22,20.0,1.0,0.1011,0.4,15.2892,False,all_direct,15.2652,0.9961
149,v4,v3,40.0,40.11,10.0,1.0,0.2006,0.2,11.9393,False,all_direct,11.9076,0.9941
149,v4,v8,40.0,70.0,20.0,1.0,0.35,0.4,6.6615,False,all_direct,6.6305,0.9912
149,v4,v7,40.0,100.04,10.0,1.0,0.5002,0.2,5.5886,False,all_direct,5.5506,0.9922
150,v1,v13,40.0,10.0,10.0,1.0,0.05,0.2,21.5918,False,all_direct,21.5696,0.998
150,v1,v5,40.0,120.0,0.0,1.0,0.6,0.0,6.7331,False,all_direct,6.7061,0.9916
150,v1,v6,40.0,180.02,10.0,1.0,0.9001,0.2,1.5064,True,all_direct,1.4829,0.975
150,v3,v11,20.0,20.0,20.0,0.6,0.1,0.4,-4.6334,True,all_direct,-4.6614,0.8764
150,v3,v15,20.0,30.0,0.0,0.6,0.15,0.0,-3.6339,False,all_direct,-3.6581,0.9021
150,v3,v4,20.0,30.15,10.0,0.6,0.1507,0.2,-6.0768,False,all_direct,-6.0942,0.8217
150,v3,v7,20.0,60.0,20.0,0.6,0.3,0.4,-12.2674,True,all_direct,-12.2856,0.4664
150,v3,v8,20.0,120.04,10.0,0.6,0.6002,0.2,-15.6773,True,all_direct,-15.7046,0.3229
150,v4,v15,40.0,3.0,10.0,1.0,0.015,0.2,29.9578,False,all_direct,29.936,1.0
150,v4,v11,40.0,10.44,10.0,1.0,0.0522,0.2,21.2923,False,all_direct,21.2773,0.999
150,v4,v3,40.0,30.15,10.0,1.0,0.1507,0.2,13.9232,False,all_direct,13.8892,0.9971
150,v4,v8,40.0,90.0,0.0,1.0,0.45,0.0,8.7321,False,all_direct,8.7174,0.9873
150,v4,v7,40.0,90.05,10.0,1.0,0.4502,0.2,6.32,False,all_direct,6.2935,0.9912
151,v1,v13,40.0,20.0,20.0,1.0,0.1,0.4,15.3666,False,all_direct,15.3581,0.9951
151,v1,v5,40.0,120.0,0.0,1.0,0.6,0.0,6.7331,False,all_direct,6.7095,0.9902
151,v1,v6,40.0,170.03,20.0,1.0,0.8501,0.4,0.4948,True,all_direct,0.4674,0.9691
151,v3,v15,20.0,30.0,10.0,0.6,0.15,0.2,-6.0422,False,all_direct,-6.0869,0.8123
151,v3,v7,20.0,40.0,20.0,0.6,0.2,0.4,-9.4499,True,all_direct,-9.4712,0.6453
151,v3,v11,20.0,40.0,10.0,0.6,0.2,0.2,-8.0412,False,all_direct,-8.0686,0.7217
151,v3,v4,20.0,40.11,10.0,0.6,0.2006,0.2,-8.0607,False,all_direct,-8.0808,0.7316
151,v3,v19,20.0,130.0,10.0,0.6,0.65,0.2,-16.2313,True,all_direct,-16.2505,0.2965
151,v4,v11,40.0,3.0,20.0,1.0,0.015,0.4,28.5491,False,all_direct,28.5237,0.9961
151,v4,v15,40.0,10.44,20.0,1.0,0.0522,0.4,19.8836,False,all_direct,19.8644,0.998
151,v4,v3,40.0,40.11,10.0,1.0,0.2006,0.2,11.9393,False,all_direct,11.9049,0.9932
151,v4,v7,40.0,80.06,10.0,1.0,0.4003,0.2,7.1374,False,all_direct,7.1071,0.9891
151,v4,v8,40.0,90.0,20.0,1.0,0.45,0.4,4.9151,False,all_direct,4.8793,0.9854
152,v1,v13,40.0,40.0,20.0,1.0,0.2,0.4,10.5501,False,all_direct,10.5181,0.9961
152,v1,v5,40.0,120.0,0.0,1.0,0.6,0.0,6.7331,False,all_direct,6.6922,0.9912
152,v1,v6,40.0,190.02,20.0,1.0,0.9501,0.4,-0.2779,True,all_direct,-0.2909,0.9711
152,v3,v4,20.0,30.15,10.0,0.6,0.1507,0.2,-6.0768,False,all_direct,-6.1068,0.7861
152,v3,v15,20.0,40.0,30.0,0.6,0.2,0.6,-10.4494,True,all_direct,-10.4732,0.5684
152,v3,v11,20.0,50.0,20.0,0.6,0.25,0.4,-11.0005,True,all_direct,-11.0297,0.5908
152,v3,v7,20.0,60.0,20.0,0.6,0.3,0.4,-12.2674,True,all_direct,-12.3034,0.499
152,v3,v19,20.0,120.0,10.0,0.6,0.6,0.2,-15.6751,True,all_direct,-15.7106,0.3322
152,v4,v15,40.0,10.44,20.0,1.0,0.0522,0.4,19.8836,False,all_direct,19.8572,0.998
152,v4,v11,40.0,20.22,10.0,1.0,0.1011,0.2,16.698,False,all_direct,16.6747,0.9961
152,v4,v3,40.0,30.15,10.0,1.0,0.1507,0.2,13.9232,False,all_direct,13.9036,0.998
152,v4,v7,40.0,90.05,10.0,1.0,0.4502,0.2,6.32,False,all_direct,6.2876,0.9922
152,v4,v19,40.0,90.05,0.0,1.0,0.4502,0.0,8.7283,False,all_direct,8.6928,0.9932
153,v1,v13,40.0,20.0,40.0,1.0,0.1,0.8,13.5918,True,all_direct,13.5706,0.998
153,v1,v5,40.0,120.0,20.0,1.0,0.6,0.4,2.9161,False,all_direct,2.8938,0.9758
153,v1,v6,40.0,170.03,30.0,1.0,0.8501,0.6,-0.5047,True,all_direct,-0.524,0.9666
153,v3,v15,20.0,10.0,0.0,0.6,0.05,0.0,4.0,False,all_direct,3.97,0.9863
153,v3,v4,20.0,20.22,10.0,0.6,0.1011,0.2,-3.302,False,all_direct,-3.327,0.9084
153,v3,v11,20.0,30.0,20.0,0.6,0.15,0.4,-7.4509,True,all_direct,-7.4851,0.7604
153,v3,v7,20.0,80.0,40.0,0.6,0.4,0.8,-16.0412,True,all_direct,-16.0645,0.3023
153,v3,v19,20.0,110.0,40.0,0.6,0.55,0.8,-18.254,True,all_direct,-18.2812,0.2453
153,v4,v11,40.0,10.44,10.0,1.0,0.0522,0.2,21.2923,False,all_direct,21.2521,0.999
153,v4,v15,40.0,10.44,10.0,1.0,0.0522,0.2,21.2923,False,all_direct,21.2599,0.998
153,v4,v3,40.0,20.22,10.0,1.0,0.1011,0.2,16.698,False,all_direct,16.665,0.9971
153,v4,v19,40.0,90.05,30.0,1.0,0.4502,0.6,3.9118,True,all_direct,3.8984,0.9789
153,v4,v7,40.0,100.04,30.0,1.0,0.5002,0.6,3.1804,True,all_direct,3.1499,0.9834
154,v1,v13,40.0,60.0,10.0,1.0,0.3,0.2,9.1413,False,all_direct,9.1206,0.9922
154,v1,v5,40.0,140.0,20.0,1.0,0.7,0.4,1.845,True,all_direct,1.8294,0.9789
154,v3,v11,20.0,10.0,10.0,0.6,0.05,0.2,1.5918,False,all_direct,1.5554,0.9734
154,v3,v15,20.0,10.0,10.0,0.6,0.05,0.2,1.5918,False,all_direct,1.558,0.975
154,v3,v4,20.0,10.44,20.0,0.6,0.0522,0.4,-0.1164,True,all_direct,-0.1383,0.9666
154,v3,v19,20.0,70.0,0.0,0.6,0.35,0.0,-9.5216,True,all_direct,-9.5607,0.626
154,v3,v7,20.0,120.0,20.0,0.6,0.6,0.4,-17.0839,True,all_direct,-17.124,0.2955
154,v4,v11,40.0,3.0,10.0,1.0,0.015,0.2,29.9578,False,all_direct,29.9311,0.999
154,v4,v15,40.0,3.0,10.0,1.0,0.015,0.2,29.9578,False,all_direct,29.9208,1.0
154,v4,v3,40.0,10.44,20.0,1.0,0.0522,0.4,19.8836,False,all_direct,19.8592,0.998
154,v4,v19,40.0,60.07,20.0,1.0,0.3004,0.4,7.7239,False,all_direct,7.6876,0.9926
154,v4,v7,40.0,130.03,0.0,1.0,0.6502,0.0,6.1751,False,all_direct,6.153,0.9922
155,v1,v13,40.0,70.0,20.0,1.0,0.35,0.4,6.6615,False,all_direct,6.6265,0.9863
155,v1,v5,40.0,160.0,20.0,1.0,0.8,0.4,0.9171,True,all_direct,0.9062,0.9746
155,v3,v11,20.0,0.0,0.0,0.6,0.0,0.0,36.0,False,all_direct,35.9768,0.999
155,v3,v15,20.0,0.0,30.0,0.6,0.0,0.6,31.1835,True,all_direct,31.1527,0.999
155,v3,v4,20.0,10.44,20.0,0.6,0.0522,0.4,-0.1164,True,all_direct,-0.1364,0.9541
155,v3,v19,20.0,70.0,30.0,0.6,0.35,0.6,-14.338,True,all_direct,-14.3642,0.3684
155,v3,v8,20.0,120.04,0.0,0.6,0.6002,0.0,-13.2691,True,all_direct,-13.3063,0.4307
155,v4,v3,40.0,10.44,20.0,1.0,0.0522,0.4,19.8836,False,all_direct,19.8553,0.9961
155,v4,v11,40.0,10.44,20.0,1.0,0.0522,0.4,19.8836,False,all_direct,19.8544,0.9971
155,v4,v15,40.0,10.44,10.0,1.0,0.0522,0.2,21.2923,False,all_direct,21.2705,0.9951
155,v4,v19,40.0,80.06,10.0,1.0,0.4003,0.2,7.1374,False,all_direct,7.0974,0.9896
155,v4,v8,40.0,130.0,20.0,1.0,0.65,0.4,2.3599,True,all_direct,2.3305,0.9795
156,v1,v13,40.0,90.0,0.0,1.0,0.45,0.0,8.7321,False,all_direct,8.7114,0.9961
156,v1,v5,40.0,140.0,0.0,1.0,0.7,0.0,5.662,False,all_direct,5.6248,0.9857
156,v3,v11,20.0,0.0,20.0,0.6,0.0,0.4,32.183,True,all_direct,32.1628,0.9971
156,v3,v4,20.0,10.44,30.0,0.6,0.0522,0.6,-1.1159,True,all_direct,-1.1505,0.9564
156,v3,v15,20.0,30.0,20.0,0.6,0.15,0.4,-7.4509,True,all_direct,-7.4839,0.7715
156,v3,v19,20.0,100.0,20.0,0.6,0.5,0.4,-15.817,True,all_direct,-15.847,0.2777
156,v3,v8,20.0,120.04,20.0,0.6,0.6002,0.4,-17.086,True,all_direct,-17.1076,0.2852
156,v4,v3,40.0,10.44,30.0,1.0,0.0522,0.6,18.8841,False,all_direct,18.8668,0.9961
156,v4,v11,40.0,10.44,10.0,1.0,0.0522,0.2,21.2923,False,all_direct,21.2659,0.9961
156,v4,v15,40.0,20.22,10.0,1.0,0.1011,0.2,16.698,False,all_direct,16.6749,0.998
156,v4,v19,40.0,90.05,10.0,1.0,0.4502,0.2,6.32,False,all_direct,6.2896,0.9916
156,v4,v8,40.0,110.0,10.0,1.0,0.55,0.2,4.9295,False,all_direct,4.9203,0.9896
157,v1,v13,40.0,90.0,10.0,1.0,0.45,0.2,6.3239,False,all_direct,6.296,0.9887
157,v1,v5,40.0,140.0,20.0,1.0,0.7,0.4,1.845,True,all_direct,1.8301,0.9744
157,v1,v6,40.0,190.02,20.0,1.0,0.9501,0.4,-0.2779,True,all_direct,-0.3002,0.9682
157,v3,v15,20.0,10.0,20.0,0.6,0.05,0.4,0.183,True,all_direct,0.1491,0.9672
157,v3,v11,20.0,20.0,10.0,0.6,0.1,0.2,-3.2247,False,all_direct,-3.2599,0.901
157,v3,v4,20.0,20.22,30.0,0.6,0.1011,0.6,-5.7103,True,all_direct,-5.7387,0.8445
157,v3,v19,20.0,80.0,0.0,0.6,0.4,0.0,-10.4494,True,all_direct,-10.4801,0.5822
157,v3,v8,20.0,100.04,30.0,0.6,0.5002,0.6,-16.8196,True,all_direct,-16.8516,0.2668
157,v4,v11,40.0,3.0,40.0,1.0,0.015,0.8,26.7743,True,all_direct,26.7495,0.998
157,v4,v3,40.0,20.22,30.0,1.0,0.1011,0.6,14.2897,False,all_direct,14.2622,0.9971
157,v4,v15,40.0,30.15,10.0,1.0,0.1507,0.2,13.9232,False,all_direct,13.8963,0.9941
157,v4,v19,40.0,100.04,30.0,1.0,0.5002,0.6,3.1804,True,all_direct,3.1563,0.977
157,v4,v8,40.0,120.0,0.0,1.0,0.6,0.0,6.7331,False,all_direct,6.7036,0.9893
158,v1,v13,40.0,100.0,10.0,1.0,0.5,0.2,5.5918,False,all_direct,5.5706,0.9877
158,v1,v5,40.0,160.0,20.0,1.0,0.8,0.4,0.9171,True,all_direct,0.8956,0.9795
158,v3,v4,20.0,10.44,10.0,0.6,0.0522,0.2,1.2923,False,all_direct,1.2623,0.9639
158,v3,v11,20.0,30.0,10.0,0.6,0.15,0.2,-6.0422,False,all_direct,-6.0583,0.8252
158,v3,v15,20.0,30.0,0.0,0.6,0.15,0.0,-3.6339,False,all_direct,-3.6649,0.9211
158,v3,v19,20.0,80.0,20.0,0.6,0.4,0.4,-14.2664,True,all_direct,-14.2882,0.3678
158,v3,v8,20.0,130.03,40.0,0.6,0.6502,0.8,-19.4167,True,all_direct,-19.441,0.2324
158,v4,v3,40.0,10.44,10.0,1.0,0.0522,0.2,21.2923,False,all_direct,21.2754,0.998
158,v4,v15,40.0,20.22,10.0,1.0,0.1011,0.2,16.698,False,all_direct,16.6686,0.998
158,v4,v11,40.0,40.11,0.0,1.0,0.2006,0.0,14.3476,False,all_direct,14.3223,0.9961
158,v4,v19,40.0,70.06,10.0,1.0,0.3503,0.2,8.0638,False,all_direct,8.0312,0.9922
158,v4,v8,40.0,120.0,30.0,1.0,0.6,0.6,1.9166,True,all_direct,1.8825,0.9691
159,v1,v13,40.0,110.0,30.0,1.0,0.55,0.6,2.5212,True,all_direct,2.4769,0.9775
159,v1,v5,40.0,140.0,0.0,1.0,0.7,0.0,5.662,False,all_direct,5.6259,0.9883
159,v3,v11,20.0,20.0,20.0,0.6,0.1,0.4,-4.6334,True,all_direct,-4.6629,0.8762
159,v3,v4,20.0,20.22,20.0,0.6,0.1011,0.4,-4.7108,True,all_direct,-4.7502,0.874
159,v3,v15,20.0,30.0,10.0,0.6,0.15,0.2,-6.0422,False,all_direct,-6.0675,0.8242
159,v3,v19,20.0,100.0,10.0,0.6,0.5,0.2,-14.4082,True,all_direct,-14.4351,0.3936
159,v3,v7,20.0,150.0,10.0,0.6,0.75,0.2,-17.2257,True,all_direct,-17.2556,0.2666
159,v4,v15,40.0,10.44,30.0,1.0,0.0522,0.6,18.8841,False,all_direct,18.8522,0.999
159,v4,v3,40.0,20.22,20.0,1.0,0.1011,0.4,15.2892,False,all_direct,15.2566,0.9951
159,v4,v11,40.0,40.11,40.0,1.0,0.2006,0.8,8.7558,True,all_direct,8.7238,0.9922
159,v4,v19,40.0,80.06,10.0,1.0,0.4003,0.2,7.1374,False,all_direct,7.1114,0.9922
159,v4,v8,40.0,150.0,40.0,1.0,0.75,0.8,-0.4092,True,all_direct,-0.4449,0.9695
160,v1,v13,40.0,80.0,20.0,1.0,0.4,0.4,5.7336,False,all_direct,5.7105,0.9922
160,v1,v5,40.0,140.0,0.0,1.0,0.7,0.0,5.662,False,all_direct,5.6324,0.9906
160,v1,v6,40.0,190.02,0.0,1.0,0.9501,0.0,3.5391,True,all_direct,3.4999,0.9848
160,v3,v15,20.0,20.0,20.0,0.6,0.1,0.4,-4.6334,True,all_direct,-4.6551,0.8848
160,v3,v11,20.0,40.0,10.0,0.6,0.2,0.2,-8.0412,False,all_direct,-8.0742,0.7303
160,v3,v4,20.0,40.11,10.0,0.6,0.2006,0.2,-8.0607,False,all_direct,-8.0952,0.7049
160,v3,v19,20.0,110.0,0.0,0.6,0.55,0.0,-12.6623,True,all_direct,-12.6951,0.4346
160,v3,v7,20.0,140.0,10.0,0.6,0.7,0.2,-16.7463,True,all_direct,-16.765,0.2984
160,v4,v15,40.0,20.22,10.0,1.0,0.1011,0.2,16.698,False,all_direct,16.6659,0.9951
160,v4,v3,40.0,40.11,10.0,1.0,0.2006,0.2,11.9393,False,all_direct,11.9106,0.9912
160,v4,v19,40.0,70.06,10.0,1.0,0.3503,0.2,8.0638,False,all_direct,8.0359,0.9941
160,v4,v11,40.0,80.06,0.0,1.0,0.4003,0.0,9.5457,False,all_direct,9.5274,0.9916
160,v4,v8,40.0,110.0,10.0,1.0,0.55,0.2,4.9295,False,all_direct,4.8944,0.9883
10,v1,v2,40.0,20.22,20.0,1.0,0.1011,0.4,15.2892,False,deep_learning_adaptive,15.2721,0.998
10,v1,v5,40.0,110.0,20.0,1.0,0.55,0.4,3.5207,False,deep_learning_adaptive,2.597,0.9006
10,v1,v6,40.0,190.02,10.0,1.0,0.9501,0.2,1.1308,True,deep_learning_adaptive,2.3389,0.8291
10,v2,v1,20.0,20.22,20.0,0.6,0.1011,0.4,-4.7108,True,deep_learning_adaptive,1.5415,0.4727
10,v2,v5,20.0,130.03,40.0,0.6,0.6502,0.8,-19.4167,True,deep_learning_adaptive,0.564,0.1625
10,v3,v4,20.0,50.09,30.0,0.6,0.2504,0.6,-12.0125,True,deep_learning_adaptive,0.8259,0.2096
10,v3,v7,20.0,100.0,30.0,0.6,0.5,0.6,-16.8165,True,deep_learning_adaptive,0.6133,0.158
10,v3,v8,20.0,130.03,10.0,0.6,0.6502,0.2,-16.2332,True,deep_learning_adaptive,0.6412,0.1553
10,v4,v3,40.0,50.09,30.0,1.0,0.2504,0.6,7.9875,False,deep_learning_adaptive,2.841,0.9459
10,v4,v7,40.0,50.09,0.0,1.0,0.2504,0.0,12.804,False,deep_learning_adaptive,12.7629,0.9941
10,v4,v8,40.0,80.0,20.0,1.0,0.4,0.4,5.7336,False,deep_learning_adaptive,2.7516,0.9367
10,v4,v12,40.0,170.0,20.0,1.0,0.85,0.4,0.4958,True,deep_learning_adaptive,2.2801,0.8105
10,v4,v16,40.0,170.0,20.0,1.0,0.85,0.4,0.4958,True,deep_learning_adaptive,2.2827,0.798
11,v1,v2,40.0,3.0,10.0,1.0,0.015,0.2,29.9578,False,deep_learning_adaptive,29.937,0.999
11,v1,v5,40.0,90.0,10.0,1.0,0.45,0.2,6.3239,False,deep_learning_adaptive,2.7743,0.9416
11,v2,v1,20.0,3.0,10.0,0.6,0.015,0.2,9.9578,False,deep_learning_adaptive,9.9229,0.9941
11,v2,v5,20.0,90.05,20.0,0.6,0.4502,0.4,-15.0887,True,deep_learning_adaptive,0.6971,0.1957
11,v2,v6,20.0,200.0,0.0,0.6,1.0,0.0,-16.8165,True,deep_learning_adaptive,0.6189,0.1342
11,v3,v4,20.0,80.06,10.0,0.6,0.4003,0.2,-12.8626,True,deep_learning_adaptive,0.7858,0.1928
11,v3,v7,20.0,130.0,30.0,0.6,0.65,0.6,-18.6396,True,deep_learning_adaptive,0.5746,0.1516
11,v3,v8,20.0,140.03,20.0,0.6,0.7002,0.4,-18.1566,True,deep_learning_adaptive,0.5771,0.1328
11,v4,v7,40.0,50.09,20.0,1.0,0.2504,0.4,8.987,False,deep_learning_adaptive,2.8697,0.949
11,v4,v8,40.0,60.0,10.0,1.0,0.3,0.2,9.1413,False,deep_learning_adaptive,2.8739,0.95
11,v4,v3,40.0,80.06,10.0,1.0,0.4003,0.2,7.1374,False,deep_learning_adaptive,2.8067,0.9416
11,v4,v11,40.0,140.03,30.0,1.0,0.7002,0.6,0.8439,True,deep_learning_adaptive,2.3196,0.8064
11,v4,v12,40.0,190.0,10.0,1.0,0.95,0.2,1.1317,True,deep_learning_adaptive,2.3593,0.8357
12,v1,v2,40.0,10.44,20.0,1.0,0.0522,0.4,19.8836,False,deep_learning_adaptive,19.8543,0.998
12,v1,v5,40.0,100.0,0.0,1.0,0.5,0.0,8.0,False,deep_learning_adaptive,2.8414,0.9514
12,v1,v6,40.0,190.02,10.0,1.0,0.9501,0.2,1.1308,True,deep_learning_adaptive,2.3554,0.8207
12,v2,v1,20.0,10.44,20.0,0.6,0.0522,0.4,-0.1164,True,deep_learning_adaptive,2.1955,0.7801
12,v2,v5,20.0,110.04,20.0,0.6,0.5502,0.4,-16.4818,True,deep_learning_adaptive,0.6216,0.1461
12,v2,v6,20.0,200.0,10.0,0.6,1.0,0.2,-19.2247,True,deep_learning_adaptive,0.559,0.117
12,v3,v4,20.0,70.06,0.0,0.6,0.3503,0.0,-9.5279,True,deep_learning_adaptive,1.0269,0.2662
12,v3,v7,20.0,100.0,20.0,0.6,0.5,0.4,-15.817,True,deep_learning_adaptive,0.6308,0.1408
12,v3,v8,20.0,120.04,20.0,0.6,0.6002,0.4,-17.086,True,deep_learning_adaptive,0.6004,0.1238
12,v3,v11,20.0,180.0,10.0,0.6,0.9,0.2,-18.4926,True,deep_learning_adaptive,0.5887,0.1484
12,v4,v7,40.0,30.15,20.0,1.0,0.1507,0.4,12.5145,False,deep_learning_adaptive,12.4803,0.9926
12,v4,v8,40.0,50.0,20.0,1.0,0.25,0.4,8.9995,False,deep_learning_adaptive,2.8701,0.9523
12,v4,v3,40.0,70.06,0.0,1.0,0.3503,0.0,10.4721,False,deep_learning_adaptive,10.4445,0.9941
12,v4,v11,40.0,110.04,10.0,1.0,0.5502,0.2,4.9269,False,deep_learning_adaptive,2.6961,0.927
12,v4,v12,40.0,180.0,10.0,1.0,0.9,0.2,1.5074,True,deep_learning_adaptive,2.3932,0.8414
13,v1,v2,40.0,30.15,10.0,1.0,0.1507,0.2,13.9232,False,deep_learning_adaptive,13.9055,1.0
13,v1,v5,40.0,100.0,30.0,1.0,0.5,0.6,3.1835,True,deep_learning_adaptive,2.5669,0.9043
13,v1,v6,40.0,180.02,0.0,1.0,0.9001,0.0,3.9147,True,deep_learning_adaptive,2.6329,0.9074
13,v2,v1,20.0,30.15,10.0,0.6,0.1507,0.2,-6.0768,False,deep_learning_adaptive,1.3653,0.4068
13,v2,v5,20.0,130.03,20.0,0.6,0.6502,0.4,-17.6419,True,deep_learning_adaptive,0.5892,0.1328
13,v3,v4,20.0,70.06,10.0,0.6,0.3503,0.2,-11.9362,True,deep_learning_adaptive,0.8369,0.2041
13,v3,v7,20.0,120.0,10.0,0.6,0.6,0.2,-15.6751,True,deep_learning_adaptive,0.6635,0.141
13,v3,v8,20.0,140.03,20.0,0.6,0.7002,0.4,-18.1566,True,deep_learning_adaptive,0.5898,0.1547
13,v3,v11,20.0,190.0,10.0,0.6,0.95,0.2,-18.8683,True,deep_learning_adaptive,0.5741,0.1424
13,v4,v7,40.0,50.09,20.0,1.0,0.2504,0.4,8.987,False,deep_learning_adaptive,2.8658,0.952
13,v4,v8,40.0,70.0,10.0,1.0,0.35,0.2,8.0702,False,deep_learning_adaptive,2.8418,0.9539
13,v4,v3,40.0,70.06,10.0,1.0,0.3503,0.2,8.0638,False,deep_learning_adaptive,2.8418,0.9455
13,v4,v11,40.0,120.04,0.0,1.0,0.6002,0.0,6.7309,False,deep_learning_adaptive,2.794,0.9555
13,v4,v12,40.0,170.0,0.0,1.0,0.85,0.0,4.3128,True,deep_learning_adaptive,2.6647,0.9223
14,v1,v2,40.0,20.22,30.0,1.0,0.1011,0.6,14.2897,False,deep_learning_adaptive,14.2545,0.998
14,v1,v5,40.0,130.0,30.0,1.0,0.65,0.6,1.3604,True,deep_learning_adaptive,2.3876,0.8408
14,v1,v6,40.0,180.02,40.0,1.0,0.9001,0.8,-1.6771,True,deep_learning_adaptive,1.9792,0.6664
14,v2,v1,20.0,20.22,30.0,0.6,0.1011,0.6,-5.7103,True,deep_learning_adaptive,1.3916,0.4092
14,v2,v5,20.0,150.03,0.0,0.6,0.7501,0.0,-14.8188,True,deep_learning_adaptive,0.6928,0.1717
14,v2,v6,20.0,200.0,10.0,0.6,1.0,0.2,-19.2247,True,deep_learning_adaptive,0.5687,0.1361
14,v3,v4,20.0,80.06,10.0,0.6,0.4003,0.2,-12.8626,True,deep_learning_adaptive,0.7925,0.1803
14,v3,v7,20.0,110.0,10.0,0.6,0.55,0.2,-15.0705,True,deep_learning_adaptive,0.6864,0.1703
14,v3,v8,20.0,160.03,10.0,0.6,0.8001,0.2,-17.6754,True,deep_learning_adaptive,0.5885,0.1426
14,v3,v11,20.0,200.0,10.0,0.6,1.0,0.2,-19.2247,True,deep_learning_adaptive,0.5454,0.1408
14,v4,v7,40.0,30.15,20.0,1.0,0.1507,0.4,12.5145,False,deep_learning_adaptive,12.4925,0.9951
14,v4,v8,40.0,80.0,0.0,1.0,0.4,0.0,9.5506,False,deep_learning_adaptive,2.8773,0.9553
14,v4,v3,40.0,80.06,10.0,1.0,0.4003,0.2,7.1374,False,deep_learning_adaptive,2.8108,0.9494
14,v4,v11,40.0,120.04,0.0,1.0,0.6002,0.0,6.7309,False,deep_learning_adaptive,2.7968,0.9357
14,v4,v12,40.0,170.0,20.0,1.0,0.85,0.4,0.4958,True,deep_learning_adaptive,2.2859,0.7773
15,v1,v2,40.0,50.09,20.0,1.0,0.2504,0.4,8.987,False,deep_learning_adaptive,2.865,0.9533
15,v1,v5,40.0,100.0,10.0,1.0,0.5,0.2,5.5918,False,deep_learning_adaptive,2.7391,0.9406
15,v1,v6,40.0,140.03,10.0,1.0,0.7002,0.2,3.2521,False,deep_learning_adaptive,2.5805,0.8918
15,v2,v1,20.0,50.09,20.0,0.6,0.2504,0.4,-11.013,True,deep_learning_adaptive,0.8934,0.199
15,v2,v5,20.0,150.03,10.0,0.6,0.7501,0.2,-17.2271,True,deep_learning_adaptive,0.5833,0.1098
15,v2,v6,20.0,190.0,30.0,0.6,0.95,0.6,-21.2765,True,deep_learning_adaptive,0.5047,0.1303
15,v3,v4,20.0,70.06,30.0,0.6,0.3503,0.6,-14.3444,True,deep_learning_adaptive,0.6999,0.1512
15,v3,v7,20.0,120.0,20.0,0.6,0.6,0.4,-17.0839,True,deep_learning_adaptive,0.6193,0.1539
15,v3,v8,20.0,150.03,10.0,0.6,0.7501,0.2,-17.2271,True,deep_learning_adaptive,0.5992,0.1457
15,v3,v11,20.0,190.0,10.0,0.6,0.95,0.2,-18.8683,True,deep_learning_adaptive,0.568,0.1109
15,v4,v7,40.0,50.09,10.0,1.0,0.2504,0.2,10.3958,False,deep_learning_adaptive,10.3693,0.9955
15,v4,v3,40.0,70.06,30.0,1.0,0.3503,0.6,5.6556,False,deep_learning_adaptive,2.7406,0.9393
15,v4,v8,40.0,80.0,40.0,1.0,0.4,0.8,3.9588,True,deep_learning_adaptive,2.6392,0.9064
15,v4,v11,40.0,120.04,40.0,1.0,0.6002,0.8,1.1392,True,deep_learning_adaptive,2.3523,0.8293
15,v4,v12,40.0,190.0,40.0,1.0,0.95,0.8,-2.0518,True,deep_learning_adaptive,1.9149,0.6512
16,v1,v2,40.0,30.15,0.0,1.0,0.1507,0.0,16.3315,False,deep_learning_adaptive,16.3044,0.9971
16,v1,v5,40.0,110.0,20.0,1.0,0.55,0.4,3.5207,False,deep_learning_adaptive,2.6035,0.9041
16,v1,v6,40.0,130.03,10.0,1.0,0.6502,0.2,3.7668,False,deep_learning_adaptive,2.6189,0.9184
16,v2,v1,20.0,30.15,0.0,0.6,0.1507,0.0,-3.6685,False,deep_learning_adaptive,1.6868,0.5561
16,v2,v5,20.0,140.03,20.0,0.6,0.7002,0.4,-18.1566,True,deep_learning_adaptive,0.5942,0.1424
16,v2,v6,20.0,160.0,10.0,0.6,0.8,0.2,-17.6742,True,deep_learning_adaptive,0.5934,0.148
16,v3,v4,20.0,100.04,40.0,0.6,0.5002,0.8,-17.5949,True,deep_learning_adaptive,0.6137,0.1449
16,v3,v7,20.0,140.0,0.0,0.6,0.7,0.0,-14.338,True,deep_learning_adaptive,0.716,0.165
16,v3,v8,20.0,140.03,0.0,0.6,0.7002,0.0,-14.3396,True,deep_learning_adaptive,0.7076,0.1582
16,v3,v11,20.0,180.0,10.0,0.6,0.9,0.2,-18.4926,True,deep_learning_adaptive,0.5774,0.1592
16,v4,v8,40.0,40.0,40.0,1.0,0.2,0.8,8.7753,True,deep_learning_adaptive,2.8621,0.9514
16,v4,v7,40.0,40.11,40.0,1.0,0.2006,0.8,8.7558,True,deep_learning_adaptive,2.8633,0.9543
16,v4,v11,40.0,80.06,30.0,1.0,0.4003,0.6,4.7292,False,deep_learning_adaptive,2.6856,0.9248
16,v4,v3,40.0,100.04,40.0,1.0,0.5002,0.8,2.4051,True,deep_learning_adaptive,2.491,0.8742
16,v4,v12,40.0,150.0,40.0,1.0,0.75,0.8,-0.4092,True,deep_learning_adaptive,2.1279,0.732
17,v1,v2,40.0,30.15,40.0,1.0,0.1507,0.8,10.7397,True,deep_learning_adaptive,10.7008,0.9951
17,v1,v5,40.0,130.0,30.0,1.0,0.65,0.6,1.3604,True,deep_learning_adaptive,2.376,0.8346
17,v1,v6,40.0,140.03,40.0,1.0,0.7002,0.8,0.0686,True,deep_learning_adaptive,2.2227,0.7793
17,v2,v1,20.0,30.15,40.0,0.6,0.1507,0.8,-9.2603,True,deep_learning_adaptive,1.0407,0.2662
17,v2,v5,20.0,160.03,10.0,0.6,0.8001,0.2,-17.6754,True,deep_learning_adaptive,0.6074,0.1648
17,v2,v6,20.0,170.0,0.0,0.6,0.85,0.0,-15.6872,True,deep_learning_adaptive,0.664,0.1566
17,v3,v4,20.0,60.07,0.0,0.6,0.3004,0.0,-8.4591,True,deep_learning_adaptive,1.1266,0.315
17,v3,v7,20.0,140.0,0.0,0.6,0.7,0.0,-14.338,True,deep_learning_adaptive,0.7147,0.1912
17,v3,v8,20.0,140.03,10.0,0.6,0.7002,0.2,-16.7479,True,deep_learning_adaptive,0.629,0.1557
17,v3,v11,20.0,170.0,20.0,0.6,0.85,0.4,-19.5042,True,deep_learning_adaptive,0.5242,0.1148
17,v4,v3,40.0,60.07,0.0,1.0,0.3004,0.0,11.5409,False,deep_learning_adaptive,11.5237,0.9922
17,v4,v8,40.0,80.0,10.0,1.0,0.4,0.2,7.1423,False,deep_learning_adaptive,2.8113,0.9406
17,v4,v7,40.0,80.06,0.0,1.0,0.4003,0.0,9.5457,False,deep_learning_adaptive,2.8786,0.9488
17,v4,v11,40.0,110.04,20.0,1.0,0.5502,0.4,3.5182,False,deep_learning_adaptive,2.5946,0.9105
17,v4,v12,40.0,190.0,0.0,1.0,0.95,0.0,3.5399,True,deep_learning_adaptive,2.6007,0.8979
18,v1,v2,40.0,70.06,10.0,1.0,0.3503,0.2,8.0638,False,deep_learning_adaptive,2.8435,0.951
18,v1,v5,40.0,100.0,30.0,1.0,0.5,0.6,3.1835,True,deep_learning_adaptive,2.5697,0.8975
18,v1,v6,40.0,100.04,40.0,1.0,0.5002,0.8,2.4051,True,deep_learning_adaptive,2.4947,0.8863
18,v2,v1,20.0,70.06,10.0,0.6,0.3503,0.2,-11.9362,True,deep_learning_adaptive,0.841,0.2219
18,v2,v6,20.0,170.0,30.0,0.6,0.85,0.6,-20.5037,True,deep_learning_adaptive,0.5267,0.1143
18,v2,v5,20.0,170.03,20.0,0.6,0.8501,0.4,-19.5052,True,deep_learning_adaptive,0.5454,0.1281
18,v3,v4,20.0,60.07,10.0,0.6,0.3004,0.2,-10.8673,True,deep_learning_adaptive,0.9213,0.2342
18,v3,v8,20.0,130.03,0.0,0.6,0.6502,0.0,-13.8249,True,deep_learning_adaptive,0.7259,0.1672
18,v3,v7,20.0,140.0,20.0,0.6,0.7,0.4,-18.155,True,deep_learning_adaptive,0.5792,0.1428
18,v3,v11,20.0,150.0,10.0,0.6,0.75,0.2,-17.2257,True,deep_learning_adaptive,0.598,0.1564
18,v4,v3,40.0,60.07,10.0,1.0,0.3004,0.2,9.1327,False,deep_learning_adaptive,2.8679,0.9494
18,v4,v8,40.0,70.0,10.0,1.0,0.35,0.2,8.0702,False,deep_learning_adaptive,2.8418,0.9426
18,v4,v7,40.0,80.06,10.0,1.0,0.4003,0.2,7.1374,False,deep_learning_adaptive,2.8098,0.9342
18,v4,v11,40.0,90.05,0.0,1.0,0.4502,0.0,8.7283,False,deep_learning_adaptive,2.8634,0.9504
18,v4,v12,40.0,190.0,30.0,1.0,0.95,0.6,-1.2765,True,deep_learning_adaptive,2.0259,0.676
19,v1,v2,40.0,60.07,20.0,1.0,0.3004,0.4,7.7239,False,deep_learning_adaptive,2.8268,0.9445
19,v1,v5,40.0,130.0,0.0,1.0,0.65,0.0,6.1769,False,deep_learning_adaptive,2.7699,0.9328
19,v1,v6,40.0,140.03,10.0,1.0,0.7002,0.2,3.2521,False,deep_learning_adaptive,2.5717,0.8992
19,v2,v1,20.0,60.07,20.0,0.6,0.3004,0.4,-12.2761,True,deep_learning_adaptive,0.8121,0.2115
19,v2,v5,20.0,190.02,20.0,0.6,0.9501,0.4,-20.2779,True,deep_learning_adaptive,0.5258,0.1201
19,v2,v6,20.0,200.0,30.0,0.6,1.0,0.6,-21.633,True,deep_learning_adaptive,0.5048,0.1131
19,v3,v4,20.0,50.09,30.0,0.6,0.2504,0.6,-12.0125,True,deep_learning_adaptive,0.8358,0.2078
19,v3,v7,20.0,120.0,30.0,0.6,0.6,0.6,-18.0834,True,deep_learning_adaptive,0.582,0.1342
19,v3,v8,20.0,130.03,0.0,0.6,0.6502,0.0,-13.8249,True,deep_learning_adaptive,0.7416,0.1902
19,v3,v11,20.0,140.0,0.0,0.6,0.7,0.0,-14.338,True,deep_learning_adaptive,0.7148,0.1859
19,v4,v3,40.0,50.09,30.0,1.0,0.2504,0.6,7.9875,False,deep_learning_adaptive,2.8378,0.949
19,v4,v7,40.0,70.06,0.0,1.0,0.3503,0.0,10.4721,False,deep_learning_adaptive,10.4466,0.9926
19,v4,v8,40.0,80.0,30.0,1.0,0.4,0.6,4.7341,False,deep_learning_adaptive,2.6954,0.9289
19,v4,v11,40.0,90.05,30.0,1.0,0.4502,0.6,3.9118,True,deep_learning_adaptive,2.6229,0.9127
19,v4,v12,40.0,160.0,20.0,1.0,0.8,0.4,0.9171,True,deep_learning_adaptive,2.3218,0.8166
20,v1,v2,40.0,40.11,0.0,1.0,0.2006,0.0,14.3476,False,deep_learning_adaptive,14.3223,0.9961
20,v1,v5,40.0,130.0,30.0,1.0,0.65,0.6,1.3604,True,deep_learning_adaptive,2.3735,0.8271
20,v1,v6,40.0,130.03,30.0,1.0,0.6502,0.6,1.3586,True,deep_learning_adaptive,2.3755,0.826
20,v2,v1,20.0,40.11,0.0,0.6,0.2006,0.0,-5.6524,False,deep_learning_adaptive,1.4151,0.373
20,v2,v6,20.0,170.0,30.0,0.6,0.85,0.6,-20.5037,True,deep_learning_adaptive,0.5313,0.1201
20,v2,v5,20.0,170.03,30.0,0.6,0.8501,0.6,-20.5047,True,deep_learning_adaptive,0.5341,0.14
20,v3,v4,20.0,80.06,30.0,0.6,0.4003,0.6,-15.2708,True,deep_learning_adaptive,0.6769,0.1527
20,v3,v8,20.0,130.03,10.0,0.6,0.6502,0.2,-16.2332,True,deep_learning_adaptive,0.6435,0.1637
20,v3,v11,20.0,140.0,20.0,0.6,0.7,0.4,-18.155,True,deep_learning_adaptive,0.5803,0.1391
20,v3,v7,20.0,150.0,0.0,0.6,0.75,0.0,-14.8175,True,deep_learning_adaptive,0.6806,0.1543
20,v4,v8,40.0,50.0,20.0,1.0,0.25,0.4,8.9995,False,deep_learning_adaptive,2.8635,0.9563
20,v4,v11,40.0,60.07,10.0,1.0,0.3004,0.2,9.1327,False,deep_learning_adaptive,2.8683,0.949
20,v4,v7,40.0,70.06,30.0,1.0,0.3503,0.6,5.6556,False,deep_learning_adaptive,2.743,0.9309
20,v4,v3,40.0,80.06,30.0,1.0,0.4003,0.6,4.7292,False,deep_learning_adaptive,2.681,0.9244
20,v4,v12,40.0,140.0,10.0,1.0,0.7,0.2,3.2537,False,deep_learning_adaptive,2.5808,0.891
21,v1,v2,40.0,40.11,30.0,1.0,0.2006,0.6,9.5311,False,deep_learning_adaptive,2.8823,0.9514
21,v1,v5,40.0,160.0,0.0,1.0,0.8,0.0,4.7341,True,deep_learning_adaptive,2.686,0.925
21,v1,v6,40.0,160.03,40.0,1.0,0.8001,0.8,-0.8589,True,deep_learning_adaptive,2.0825,0.7119
21,v2,v1,20.0,40.11,30.0,0.6,0.2006,0.6,-10.4689,True,deep_learning_adaptive,0.9486,0.2209
21,v2,v6,20.0,200.0,10.0,0.6,1.0,0.2,-19.2247,True,deep_learning_adaptive,0.5447,0.1391
21,v3,v4,20.0,110.04,40.0,0.6,0.5502,0.8,-18.2566,True,deep_learning_adaptive,0.5804,0.1367
21,v3,v8,20.0,140.03,40.0,0.6,0.7002,0.8,-19.9314,True,deep_learning_adaptive,0.5416,0.1412
21,v3,v7,20.0,150.0,40.0,0.6,0.75,0.8,-20.4092,True,deep_learning_adaptive,0.5272,0.116
21,v3,v11,20.0,160.0,10.0,0.6,0.8,0.2,-17.6742,True,deep_learning_adaptive,0.5806,0.1549
21,v4,v8,40.0,30.0,0.0,1.0,0.15,0.0,16.3661,False,deep_learning_adaptive,16.3292,0.999
21,v4,v7,40.0,40.11,0.0,1.0,0.2006,0.0,14.3476,False,deep_learning_adaptive,14.3253,0.9951
21,v4,v11,40.0,50.09,30.0,1.0,0.2504,0.6,7.9875,False,deep_learning_adaptive,2.8417,0.9518
21,v4,v3,40.0,110.04,40.0,1.0,0.5502,0.8,1.7434,True,deep_learning_adaptive,2.43,0.851
21,v4,v12,40.0,130.0,30.0,1.0,0.65,0.6,1.3604,True,deep_learning_adaptive,2.3663,0.8371
22,v1,v2,40.0,70.06,10.0,1.0,0.3503,0.2,8.0638,False,deep_learning_adaptive,2.8417,0.951
22,v1,v6,40.0,120.04,10.0,1.0,0.6002,0.2,4.3227,False,deep_learning_adaptive,2.6558,0.9123
22,v1,v5,40.0,160.0,20.0,1.0,0.8,0.4,0.9171,True,deep_learning_adaptive,2.334,0.8332
22,v2,v1,20.0,70.06,10.0,0.6,0.3503,0.2,-11.9362,True,deep_learning_adaptive,0.8384,0.208
22,v2,v6,20.0,190.0,0.0,0.6,0.95,0.0,-16.4601,True,deep_learning_adaptive,0.6378,0.1619
22,v3,v4,20.0,150.03,10.0,0.6,0.7501,0.2,-17.2271,True,deep_learning_adaptive,0.5951,0.1445
22,v3,v11,20.0,170.0,20.0,0.6,0.85,0.4,-19.5042,True,deep_learning_adaptive,0.5491,0.1455
22,v3,v8,20.0,180.02,10.0,0.6,0.9001,0.2,-18.4936,True,deep_learning_adaptive,0.5665,0.148
22,v3,v7,20.0,190.0,10.0,0.6,0.95,0.2,-18.8683,True,deep_learning_adaptive,0.5556,0.1326
22,v4,v11,40.0,20.22,30.0,1.0,0.1011,0.6,14.2897,False,deep_learning_adaptive,14.2631,0.9971
22,v4,v8,40.0,30.0,20.0,1.0,0.15,0.4,12.5491,False,deep_learning_adaptive,12.5223,0.9971
22,v4,v7,40.0,40.11,20.0,1.0,0.2006,0.4,10.5306,False,deep_learning_adaptive,10.5023,0.9912
22,v4,v12,40.0,100.0,10.0,1.0,0.5,0.2,5.5918,False,deep_learning_adaptive,2.7412,0.9195
22,v4,v3,40.0,150.03,10.0,1.0,0.7501,0.2,2.7729,False,deep_learning_adaptive,2.5289,0.8932
23,v1,v2,40.0,80.06,30.0,1.0,0.4003,0.6,4.7292,False,deep_learning_adaptive,2.6873,0.9191
23,v1,v6,40.0,110.04,30.0,1.0,0.5502,0.6,2.5187,True,deep_learning_adaptive,2.5024,0.8717
23,v1,v5,40.0,140.0,40.0,1.0,0.7,0.8,0.0702,True,deep_learning_adaptive,2.222,0.7941
23,v2,v1,20.0,80.06,30.0,0.6,0.4003,0.6,-15.2708,True,deep_learning_adaptive,0.676,0.1596
23,v2,v6,20.0,190.0,0.0,0.6,0.95,0.0,-16.4601,True,deep_learning_adaptive,0.6294,0.1537
23,v3,v4,20.0,140.03,40.0,0.6,0.7002,0.8,-19.9314,True,deep_learning_adaptive,0.5348,0.1326
23,v3,v11,20.0,190.0,30.0,0.6,0.95,0.6,-21.2765,True,deep_learning_adaptive,0.5155,0.1283
23,v3,v8,20.0,190.02,40.0,0.6,0.9501,0.8,-22.0527,True,deep_learning_adaptive,0.4814,0.124
23,v3,v7,20.0,200.0,0.0,0.6,1.0,0.0,-16.8165,True,deep_learning_adaptive,0.6073,0.143
23,v4,v8,40.0,50.0,0.0,1.0,0.25,0.0,12.8165,False,deep_learning_adaptive,12.789,0.9971
23,v4,v11,40.0,50.09,10.0,1.0,0.2504,0.2,10.3958,False,deep_learning_adaptive,10.367,0.9975
23,v4,v7,40.0,60.07,40.0,1.0,0.3004,0.8,5.9491,True,deep_learning_adaptive,2.7525,0.9396
23,v4,v12,40.0,90.0,40.0,1.0,0.45,0.8,3.1404,True,deep_learning_adaptive,2.5707,0.9
23,v4,v3,40.0,140.03,40.0,1.0,0.7002,0.8,0.0686,True,deep_learning_adaptive,2.2317,0.7543
24,v1,v2,40.0,50.09,0.0,1.0,0.2504,0.0,12.804,False,deep_learning_adaptive,12.7765,0.9951
24,v1,v6,40.0,140.03,30.0,1.0,0.7002,0.6,0.8439,True,deep_learning_adaptive,2.3147,0.8041
24,v1,v5,40.0,180.0,20.0,1.0,0.9,0.4,0.0987,True,deep_learning_adaptive,2.2143,0.7438
24,v2,v1,20.0,50.09,0.0,0.6,0.2504,0.0,-7.196,False,deep_learning_adaptive,1.2306,0.3404
24,v2,v6,20.0,190.0,30.0,0.6,0.95,0.6,-21.2765,True,deep_learning_adaptive,0.5117,0.1354
24,v3,v4,20.0,100.04,20.0,0.6,0.5002,0.4,-15.8201,True,deep_learning_adaptive,0.6559,0.1523
24,v3,v8,20.0,150.03,30.0,0.6,0.7501,0.6,-19.6353,True,deep_learning_adaptive,0.5413,0.134
24,v3,v11,20.0,160.0,30.0,0.6,0.8,0.6,-20.0824,True,deep_learning_adaptive,0.528,0.1354
24,v3,v7,20.0,200.0,20.0,0.6,1.0,0.4,-20.6334,True,deep_learning_adaptive,0.5155,0.1393
24,v4,v8,40.0,50.0,10.0,1.0,0.25,0.2,10.4082,False,deep_learning_adaptive,10.3766,0.9887
24,v4,v11,40.0,60.07,10.0,1.0,0.3004,0.2,9.1327,False,deep_learning_adaptive,2.8716,0.9504
24,v4,v3,40.0,100.04,20.0,1.0,0.5002,0.4,4.1799,False,deep_learning_adaptive,2.6565,0.9234
24,v4,v7,40.0,100.04,0.0,1.0,0.5002,0.0,7.9969,False,deep_learning_adaptive,2.8383,0.949
24,v4,v12,40.0,130.0,0.0,1.0,0.65,0.0,6.1769,False,deep_learning_adaptive,2.7679,0.9348
25,v1,v2,40.0,50.09,40.0,1.0,0.2504,0.8,7.2122,True,deep_learning_adaptive,2.813,0.9469
25,v1,v6,40.0,170.03,10.0,1.0,0.8501,0.2,1.9035,True,deep_learning_adaptive,2.4539,0.8635
25,v1,v5,40.0,200.0,20.0,1.0,1.0,0.4,-0.6334,True,deep_learning_adaptive,2.1319,0.7367
25,v2,v1,20.0,50.09,40.0,0.6,0.2504,0.8,-12.7878,True,deep_learning_adaptive,0.7969,0.1771
25,v3,v4,20.0,120.04,30.0,0.6,0.6002,0.6,-18.0856,True,deep_learning_adaptive,0.5563,0.1406
25,v3,v8,20.0,180.02,10.0,0.6,0.9001,0.2,-18.4936,True,deep_learning_adaptive,0.5799,0.1504
25,v3,v11,20.0,190.0,10.0,0.6,0.95,0.2,-18.8683,True,deep_learning_adaptive,0.5652,0.1129
25,v4,v8,40.0,60.0,40.0,1.0,0.3,0.8,5.9578,True,deep_learning_adaptive,2.7566,0.9324
25,v4,v11,40.0,70.06,20.0,1.0,0.3503,0.4,6.6551,False,deep_learning_adaptive,2.7882,0.9412
25,v4,v7,40.0,100.04,20.0,1.0,0.5002,0.4,4.1799,False,deep_learning_adaptive,2.6409,0.9123
25,v4,v3,40.0,120.04,30.0,1.0,0.6002,0.6,1.9144,True,deep_learning_adaptive,2.4432,0.835
25,v4,v12,40.0,130.0,30.0,1.0,0.65,0.6,1.3604,True,deep_learning_adaptive,2.3802,0.8303
26,v1,v2,40.0,90.05,10.0,1.0,0.4502,0.2,6.32,False,deep_learning_adaptive,2.781,0.9465
26,v1,v6,40.0,160.03,40.0,1.0,0.8001,0.8,-0.8589,True,deep_learning_adaptive,2.089,0.6938
26,v1,v5,40.0,180.0,0.0,1.0,0.9,0.0,3.9156,True,deep_learning_adaptive,2.6274,0.9187
26,v2,v1,20.0,90.05,10.0,0.6,0.4502,0.2,-13.68,True,deep_learning_adaptive,0.7316,0.1584
26,v3,v4,20.0,90.05,20.0,0.6,0.4502,0.4,-15.0887,True,deep_learning_adaptive,0.6906,0.1525
26,v3,v11,20.0,180.0,10.0,0.6,0.9,0.2,-18.4926,True,deep_learning_adaptive,0.5619,0.1627
26,v3,v8,20.0,190.02,0.0,0.6,0.9501,0.0,-16.4609,True,deep_learning_adaptive,0.6327,0.1365
26,v4,v3,40.0,90.05,20.0,1.0,0.4502,0.4,4.9113,False,deep_learning_adaptive,2.7023,0.9182
26,v4,v11,40.0,90.05,10.0,1.0,0.4502,0.2,6.32,False,deep_learning_adaptive,2.7767,0.9402
26,v4,v8,40.0,100.0,20.0,1.0,0.5,0.4,4.183,False,deep_learning_adaptive,2.6477,0.9162
26,v4,v7,40.0,120.04,10.0,1.0,0.6002,0.2,4.3227,False,deep_learning_adaptive,2.6571,0.9033
26,v4,v12,40.0,160.0,20.0,1.0,0.8,0.4,0.9171,True,deep_learning_adaptive,2.3306,0.8264
27,v1,v2,40.0,100.04,20.0,1.0,0.5002,0.4,4.1799,False,deep_learning_adaptive,2.6467,0.9025
27,v1,v6,40.0,120.04,0.0,1.0,0.6002,0.0,6.7309,False,deep_learning_adaptive,2.7941,0.9426
27,v1,v5,40.0,180.0,10.0,1.0,0.9,0.2,1.5074,True,deep_learning_adaptive,2.4102,0.8514
27,v2,v1,20.0,100.04,20.0,0.6,0.5002,0.4,-15.8201,True,deep_learning_adaptive,0.6287,0.1875
27,v3,v4,20.0,110.04,20.0,0.6,0.5502,0.4,-16.4818,True,deep_learning_adaptive,0.6288,0.1496
27,v3,v11,20.0,190.0,40.0,0.6,0.95,0.8,-22.0518,True,deep_learning_adaptive,0.4858,0.1266
27,v3,v8,20.0,190.02,30.0,0.6,0.9501,0.6,-21.2774,True,deep_learning_adaptive,0.5037,0.1189
27,v4,v8,40.0,80.0,10.0,1.0,0.4,0.2,7.1423,False,deep_learning_adaptive,2.8131,0.9455
27,v4,v11,40.0,80.06,20.0,1.0,0.4003,0.4,5.7287,False,deep_learning_adaptive,2.7438,0.9342
27,v4,v3,40.0,110.04,20.0,1.0,0.5502,0.4,3.5182,False,deep_learning_adaptive,2.6009,0.9055
27,v4,v7,40.0,110.04,10.0,1.0,0.5502,0.2,4.9269,False,deep_learning_adaptive,2.6987,0.9348
27,v4,v12,40.0,140.0,20.0,1.0,0.7,0.4,1.845,True,deep_learning_adaptive,2.439,0.8598
28,v1,v2,40.0,80.06,20.0,1.0,0.4003,0.4,5.7287,False,deep_learning_adaptive,2.7479,0.9412
28,v1,v6,40.0,120.04,10.0,1.0,0.6002,0.2,4.3227,False,deep_learning_adaptive,2.6679,0.909
28,v1,v5,40.0,190.0,10.0,1.0,0.95,0.2,1.1317,True,deep_learning_adaptive,2.3495,0.8357
28,v2,v1,20.0,80.06,20.0,0.6,0.4003,0.4,-14.2713,True,deep_learning_adaptive,0.7405,0.1826
28,v2,v6,20.0,200.0,10.0,0.6,1.0,0.2,-19.2247,True,deep_learning_adaptive,0.5503,0.116
28,v3,v4,20.0,90.05,10.0,0.6,0.4502,0.2,-13.68,True,deep_learning_adaptive,0.7445,0.1768
28,v3,v11,20.0,150.0,10.0,0.6,0.75,0.2,-17.2257,True,deep_learning_adaptive,0.6211,0.1561
28,v3,v8,20.0,160.03,10.0,0.6,0.8001,0.2,-17.6754,True,deep_learning_adaptive,0.5596,0.1416
28,v4,v11,40.0,60.07,0.0,1.0,0.3004,0.0,11.5409,False,deep_learning_adaptive,11.5057,0.9941
28,v4,v8,40.0,70.0,20.0,1.0,0.35,0.4,6.6615,False,deep_learning_adaptive,2.789,0.9416
28,v4,v3,40.0,90.05,10.0,1.0,0.4502,0.2,6.32,False,deep_learning_adaptive,2.7725,0.9344
28,v4,v7,40.0,120.04,0.0,1.0,0.6002,0.0,6.7309,False,deep_learning_adaptive,2.8017,0.9559
28,v4,v12,40.0,160.0,20.0,1.0,0.8,0.4,0.9171,True,deep_learning_adaptive,2.3224,0.8096
29,v1,v2,40.0,100.04,10.0,1.0,0.5002,0.2,5.5886,False,deep_learning_adaptive,2.7392,0.9387
29,v1,v6,40.0,110.04,20.0,1.0,0.5502,0.4,3.5182,False,deep_learning_adaptive,2.601,0.9117
29,v1,v5,40.0,180.0,10.0,1.0,0.9,0.2,1.5074,True,deep_learning_adaptive,2.3869,0.8287
29,v2,v1,20.0,100.04,10.0,0.6,0.5002,0.2,-14.4114,True,deep_learning_adaptive,0.7309,0.1836
29,v3,v4,20.0,100.04,10.0,0.6,0.5002,0.2,-14.4114,True,deep_learning_adaptive,0.7201,0.1719
29,v3,v8,20.0,150.03,20.0,0.6,0.7501,0.4,-18.6358,True,deep_learning_adaptive,0.5615,0.1422
29,v3,v11,20.0,160.0,10.0,0.6,0.8,0.2,-17.6742,True,deep_learning_adaptive,0.5848,0.141
29,v4,v8,40.0,50.0,30.0,1.0,0.25,0.6,8.0,False,deep_learning_adaptive,2.8377,0.95
29,v4,v11,40.0,60.07,0.0,1.0,0.3004,0.0,11.5409,False,deep_learning_adaptive,11.5071,0.998
29,v4,v3,40.0,100.04,10.0,1.0,0.5002,0.2,5.5886,False,deep_learning_adaptive,2.7372,0.9246
29,v4,v7,40.0,120.04,20.0,1.0,0.6002,0.4,2.914,False,deep_learning_adaptive,2.5479,0.8842
29,v4,v12,40.0,140.0,20.0,1.0,0.7,0.4,1.845,True,deep_learning_adaptive,2.4308,0.8484
30,v1,v6,40.0,90.05,10.0,1.0,0.4502,0.2,6.32,False,deep_learning_adaptive,2.7745,0.9383
30,v1,v2,40.0,110.04,10.0,1.0,0.5502,0.2,4.9269,False,deep_learning_adaptive,2.7002,0.9137
30,v1,v5,40.0,170.0,10.0,1.0,0.85,0.2,1.9046,True,deep_learning_adaptive,2.4373,0.8477
30,v2,v1,20.0,110.04,10.0,0.6,0.5502,0.2,-15.0731,True,deep_learning_adaptive,0.672,0.1582
30,v2,v6,20.0,200.0,0.0,0.6,1.0,0.0,-16.8165,True,deep_learning_adaptive,0.6298,0.1588
30,v3,v4,20.0,90.05,20.0,0.6,0.4502,0.4,-15.0887,True,deep_learning_adaptive,0.6822,0.1588
30,v3,v11,20.0,150.0,20.0,0.6,0.75,0.4,-18.6344,True,deep_learning_adaptive,0.5483,0.1303
30,v3,v8,20.0,170.03,10.0,0.6,0.8501,0.2,-18.0965,True,deep_learning_adaptive,0.5839,0.1471
30,v4,v11,40.0,60.07,0.0,1.0,0.3004,0.0,11.5409,False,deep_learning_adaptive,11.5164,0.9961
30,v4,v8,40.0,80.0,30.0,1.0,0.4,0.6,4.7341,False,deep_learning_adaptive,2.6947,0.9156
30,v4,v3,40.0,90.05,20.0,1.0,0.4502,0.4,4.9113,False,deep_learning_adaptive,2.7018,0.9324
30,v4,v7,40.0,140.03,40.0,1.0,0.7002,0.8,0.0686,True,deep_learning_adaptive,2.2292,0.7688
30,v4,v12,40.0,160.0,0.0,1.0,0.8,0.0,4.7341,True,deep_learning_adaptive,2.6867,0.9348
31,v1,v2,40.0,100.04,0.0,1.0,0.5002,0.0,7.9969,False,deep_learning_adaptive,2.8353,0.9572
31,v1,v6,40.0,100.04,20.0,1.0,0.5002,0.4,4.1799,False,deep_learning_adaptive,2.6481,0.9123
31,v1,v5,40.0,180.0,20.0,1.0,0.9,0.4,0.0987,True,deep_learning_adaptive,2.2232,0.7689
31,v2,v1,20.0,100.04,0.0,0.6,0.5002,0.0,-12.0031,True,deep_learning_adaptive,0.8448,0.202
31,v2,v6,20.0,200.0,20.0,0.6,1.0,0.4,-20.6334,True,deep_learning_adaptive,0.5318,0.1314
31,v3,v4,20.0,110.04,10.0,0.6,0.5502,0.2,-15.0731,True,deep_learning_adaptive,0.6948,0.1506
31,v3,v8,20.0,160.03,10.0,0.6,0.8001,0.2,-17.6754,True,deep_learning_adaptive,0.5811,0.1408
31,v3,v11,20.0,170.0,30.0,0.6,0.85,0.6,-20.5037,True,deep_learning_adaptive,0.5229,0.127
31,v4,v8,40.0,50.0,0.0,1.0,0.25,0.0,12.8165,False,deep_learning_adaptive,12.7819,0.9951
31,v4,v11,40.0,60.07,40.0,1.0,0.3004,0.8,5.9491,True,deep_learning_adaptive,2.7619,0.9422
31,v4,v7,40.0,100.04,10.0,1.0,0.5002,0.2,5.5886,False,deep_learning_adaptive,2.7407,0.9426
31,v4,v3,40.0,110.04,10.0,1.0,0.5502,0.2,4.9269,False,deep_learning_adaptive,2.7019,0.9211
31,v4,v12,40.0,160.0,10.0,1.0,0.8,0.2,2.3258,True,deep_learning_adaptive,2.4911,0.8723
32,v1,v2,40.0,100.04,20.0,1.0,0.5002,0.4,4.1799,False,deep_learning_adaptive,2.6489,0.908
32,v1,v6,40.0,120.04,20.0,1.0,0.6002,0.4,2.914,False,deep_learning_adaptive,2.5473,0.8777
32,v1,v5,40.0,160.0,0.0,1.0,0.8,0.0,4.7341,True,deep_learning_adaptive,2.6791,0.9084
32,v2,v1,20.0,100.04,20.0,0.6,0.5002,0.4,-15.8201,True,deep_learning_adaptive,0.649,0.1252
32,v3,v4,20.0,100.04,20.0,0.6,0.5002,0.4,-15.8201,True,deep_learning_adaptive,0.6603,0.1684
32,v3,v8,20.0,150.03,20.0,0.6,0.7501,0.4,-18.6358,True,deep_learning_adaptive,0.5781,0.1395
32,v3,v11,20.0,200.0,40.0,0.6,1.0,0.8,-22.4082,True,deep_learning_adaptive,0.4719,0.1186
32,v4,v8,40.0,50.0,0.0,1.0,0.25,0.0,12.8165,False,deep_learning_adaptive,12.7968,0.9971
32,v4,v3,40.0,100.04,20.0,1.0,0.5002,0.4,4.1799,False,deep_learning_adaptive,2.6516,0.9098
32,v4,v11,40.0,100.04,20.0,1.0,0.5002,0.4,4.1799,False,deep_learning_adaptive,2.6507,0.9211
32,v4,v7,40.0,110.04,10.0,1.0,0.5502,0.2,4.9269,False,deep_learning_adaptive,2.6952,0.9283
32,v4,v12,40.0,170.0,10.0,1.0,0.85,0.2,1.9046,True,deep_learning_adaptive,2.4581,0.8506
33,v1,v2,40.0,80.06,40.0,1.0,0.4003,0.8,3.9539,True,deep_learning_adaptive,2.6365,0.9045
33,v1,v6,40.0,140.03,10.0,1.0,0.7002,0.2,3.2521,False,deep_learning_adaptive,2.5808,0.9096
33,v1,v5,40.0,160.0,30.0,1.0,0.8,0.6,-0.0824,True,deep_learning_adaptive,2.2038,0.7508
33,v2,v1,20.0,80.06,40.0,0.6,0.4003,0.8,-16.0461,True,deep_learning_adaptive,0.6459,0.165
33,v3,v4,20.0,80.06,0.0,0.6,0.4003,0.0,-10.4543,True,deep_learning_adaptive,0.9298,0.2334
33,v3,v8,20.0,130.03,20.0,0.6,0.6502,0.4,-17.6419,True,deep_learning_adaptive,0.5992,0.1533
33,v3,v11,20.0,160.0,10.0,0.6,0.8,0.2,-17.6742,True,deep_learning_adaptive,0.5828,0.1355
33,v3,v7,20.0,180.0,20.0,0.6,0.9,0.4,-19.9013,True,deep_learning_adaptive,0.5491,0.1283
33,v4,v8,40.0,50.0,20.0,1.0,0.25,0.4,8.9995,False,deep_learning_adaptive,2.8651,0.952
33,v4,v3,40.0,80.06,0.0,1.0,0.4003,0.0,9.5457,False,deep_learning_adaptive,2.8789,0.9543
33,v4,v11,40.0,80.06,10.0,1.0,0.4003,0.2,7.1374,False,deep_learning_adaptive,2.8109,0.9439
33,v4,v7,40.0,100.04,20.0,1.0,0.5002,0.4,4.1799,False,deep_learning_adaptive,2.6514,0.9162
33,v4,v12,40.0,180.0,10.0,1.0,0.9,0.2,1.5074,True,deep_learning_adaptive,2.3847,0.8475
34,v1,v2,40.0,40.11,20.0,1.0,0.2006,0.4,10.5306,False,deep_learning_adaptive,10.5162,0.9932
34,v1,v6,40.0,150.03,10.0,1.0,0.7501,0.2,2.7729,False,deep_learning_adaptive,2.533,0.8896
34,v1,v5,40.0,190.0,10.0,1.0,0.95,0.2,1.1317,True,deep_learning_adaptive,2.3486,0.8125
34,v2,v1,20.0,40.11,20.0,0.6,0.2006,0.4,-9.4694,True,deep_learning_adaptive,1.0103,0.2531
34,v2,v6,20.0,190.0,10.0,0.6,0.95,0.2,-18.8683,True,deep_learning_adaptive,0.5732,0.1385
34,v3,v4,20.0,80.06,10.0,0.6,0.4003,0.2,-12.8626,True,deep_learning_adaptive,0.8046,0.1895
34,v3,v8,20.0,110.04,10.0,0.6,0.5502,0.2,-15.0731,True,deep_learning_adaptive,0.6925,0.1701
34,v3,v11,20.0,150.0,20.0,0.6,0.75,0.4,-18.6344,True,deep_learning_adaptive,0.5497,0.1287
34,v3,v7,20.0,160.0,0.0,0.6,0.8,0.0,-15.2659,True,deep_learning_adaptive,0.6854,0.1611
34,v4,v8,40.0,30.0,20.0,1.0,0.15,0.4,12.5491,False,deep_learning_adaptive,12.5275,0.9941
34,v4,v11,40.0,70.06,10.0,1.0,0.3503,0.2,8.0638,False,deep_learning_adaptive,2.8458,0.952
34,v4,v3,40.0,80.06,10.0,1.0,0.4003,0.2,7.1374,False,deep_learning_adaptive,2.8071,0.9447
34,v4,v7,40.0,80.06,10.0,1.0,0.4003,0.2,7.1374,False,deep_learning_adaptive,2.8082,0.9457
34,v4,v12,40.0,170.0,20.0,1.0,0.85,0.4,0.4958,True,deep_learning_adaptive,2.2671,0.7668
35,v1,v2,40.0,20.22,0.0,1.0,0.1011,0.0,19.1062,False,deep_learning_adaptive,19.0772,0.999
35,v1,v6,40.0,160.03,0.0,1.0,0.8001,0.0,4.7329,True,deep_learning_adaptive,2.6916,0.9305
35,v1,v5,40.0,200.0,20.0,1.0,1.0,0.4,-0.6334,True,deep_learning_adaptive,2.1352,0.7541
35,v2,v1,20.0,20.22,0.0,0.6,0.1011,0.0,-0.8938,False,deep_learning_adaptive,2.0776,0.7186
35,v2,v6,20.0,180.0,0.0,0.6,0.9,0.0,-16.0844,True,deep_learning_adaptive,0.6338,0.143
35,v3,v4,20.0,70.06,0.0,0.6,0.3503,0.0,-9.5279,True,deep_learning_adaptive,1.0026,0.259
35,v3,v8,20.0,120.04,40.0,0.6,0.6002,0.8,-18.8608,True,deep_learning_adaptive,0.5617,0.1621
35,v3,v11,20.0,130.0,40.0,0.6,0.65,0.8,-19.4149,True,deep_learning_adaptive,0.5268,0.1195
35,v3,v7,20.0,160.0,10.0,0.6,0.8,0.2,-17.6742,True,deep_learning_adaptive,0.5891,0.15
35,v4,v8,40.0,50.0,40.0,1.0,0.25,0.8,7.2247,True,deep_learning_adaptive,2.8135,0.9318
35,v4,v11,40.0,60.07,40.0,1.0,0.3004,0.8,5.9491,True,deep_learning_adaptive,2.757,0.9402
35,v4,v3,40.0,70.06,0.0,1.0,0.3503,0.0,10.4721,False,deep_learning_adaptive,10.4525,0.9945
35,v4,v7,40.0,90.05,10.0,1.0,0.4502,0.2,6.32,False,deep_learning_adaptive,2.7739,0.9332
35,v4,v12,40.0,150.0,10.0,1.0,0.75,0.2,2.7743,False,deep_learning_adaptive,2.523,0.8811
36,v1,v2,40.0,20.22,10.0,1.0,0.1011,0.2,16.698,False,deep_learning_adaptive,16.6652,0.9941
36,v1,v6,40.0,160.03,0.0,1.0,0.8001,0.0,4.7329,True,deep_learning_adaptive,2.6799,0.9285
36,v1,v5,40.0,180.0,10.0,1.0,0.9,0.2,1.5074,True,deep_learning_adaptive,2.3997,0.8414
36,v2,v1,20.0,20.22,10.0,0.6,0.1011,0.2,-3.302,False,deep_learning_adaptive,1.7237,0.5492
36,v2,v6,20.0,180.0,10.0,0.6,0.9,0.2,-18.4926,True,deep_learning_adaptive,0.5763,0.1406
36,v3,v4,20.0,70.06,10.0,0.6,0.3503,0.2,-11.9362,True,deep_learning_adaptive,0.8179,0.1785
36,v3,v8,20.0,80.06,10.0,0.6,0.4003,0.2,-12.8626,True,deep_learning_adaptive,0.798,0.1721
36,v3,v11,20.0,90.0,30.0,0.6,0.45,0.6,-16.0844,True,deep_learning_adaptive,0.6511,0.1479
36,v3,v7,20.0,150.0,30.0,0.6,0.75,0.6,-19.6339,True,deep_learning_adaptive,0.5481,0.1244
36,v4,v8,40.0,10.0,0.0,1.0,0.05,0.0,24.0,False,deep_learning_adaptive,23.9786,1.0
36,v4,v11,40.0,20.22,20.0,1.0,0.1011,0.4,15.2892,False,deep_learning_adaptive,15.2604,0.9971
36,v4,v3,40.0,70.06,10.0,1.0,0.3503,0.2,8.0638,False,deep_learning_adaptive,2.8411,0.9514
36,v4,v7,40.0,80.06,20.0,1.0,0.4003,0.4,5.7287,False,deep_learning_adaptive,2.7464,0.9279
36,v4,v12,40.0,140.0,10.0,1.0,0.7,0.2,3.2537,False,deep_learning_adaptive,2.5753,0.8826
37,v1,v2,40.0,30.15,0.0,1.0,0.1507,0.0,16.3315,False,deep_learning_adaptive,16.3029,0.9971
37,v1,v6,40.0,160.03,10.0,1.0,0.8001,0.2,2.3246,True,deep_learning_adaptive,2.4809,0.8736
37,v1,v5,40.0,170.0,20.0,1.0,0.85,0.4,0.4958,True,deep_learning_adaptive,2.2768,0.8014
37,v2,v1,20.0,30.15,0.0,0.6,0.1507,0.0,-3.6685,False,deep_learning_adaptive,1.6853,0.535
37,v2,v6,20.0,190.0,10.0,0.6,0.95,0.2,-18.8683,True,deep_learning_adaptive,0.5426,0.1205
37,v3,v4,20.0,80.06,20.0,0.6,0.4003,0.4,-14.2713,True,deep_learning_adaptive,0.7145,0.1689
37,v3,v8,20.0,90.05,10.0,0.6,0.4502,0.2,-13.68,True,deep_learning_adaptive,0.7516,0.1912
37,v3,v11,20.0,120.0,10.0,0.6,0.6,0.2,-15.6751,True,deep_learning_adaptive,0.6668,0.1445
37,v3,v7,20.0,180.0,10.0,0.6,0.9,0.2,-18.4926,True,deep_learning_adaptive,0.5725,0.1621
37,v4,v8,40.0,10.0,30.0,1.0,0.05,0.6,19.1835,False,deep_learning_adaptive,19.1411,0.9971
37,v4,v11,40.0,40.11,30.0,1.0,0.2006,0.6,9.5311,False,deep_learning_adaptive,2.8818,0.9563
37,v4,v3,40.0,80.06,20.0,1.0,0.4003,0.4,5.7287,False,deep_learning_adaptive,2.752,0.949
37,v4,v7,40.0,100.04,30.0,1.0,0.5002,0.6,3.1804,True,deep_learning_adaptive,2.5642,0.9
37,v4,v12,40.0,150.0,40.0,1.0,0.75,0.8,-0.4092,True,deep_learning_adaptive,2.143,0.7414
38,v1,v2,40.0,30.15,0.0,1.0,0.1507,0.0,16.3315,False,deep_learning_adaptive,16.3101,0.999
38,v1,v6,40.0,170.03,0.0,1.0,0.8501,0.0,4.3117,True,deep_learning_adaptive,2.6613,0.9191
38,v1,v5,40.0,190.0,10.0,1.0,0.95,0.2,1.1317,True,deep_learning_adaptive,2.3417,0.8182
38,v2,v1,20.0,30.15,0.0,0.6,0.1507,0.0,-3.6685,False,deep_learning_adaptive,1.6917,0.5352
38,v2,v6,20.0,200.0,0.0,0.6,1.0,0.0,-16.8165,True,deep_learning_adaptive,0.632,0.1535
38,v3,v4,20.0,60.07,40.0,0.6,0.3004,0.8,-14.0509,True,deep_learning_adaptive,0.727,0.1865
38,v3,v8,20.0,100.04,40.0,0.6,0.5002,0.8,-17.5949,True,deep_learning_adaptive,0.5891,0.1369
38,v3,v11,20.0,130.0,10.0,0.6,0.65,0.2,-16.2313,True,deep_learning_adaptive,0.6432,0.1566
38,v3,v7,20.0,190.0,10.0,0.6,0.95,0.2,-18.8683,True,deep_learning_adaptive,0.5578,0.1158
38,v4,v8,40.0,40.0,0.0,1.0,0.2,0.0,14.367,False,deep_learning_adaptive,14.3436,0.998
38,v4,v3,40.0,60.07,40.0,1.0,0.3004,0.8,5.9491,True,deep_learning_adaptive,2.7586,0.9426
38,v4,v11,40.0,70.06,30.0,1.0,0.3503,0.6,5.6556,False,deep_learning_adaptive,2.7385,0.926
38,v4,v7,40.0,130.03,30.0,1.0,0.6502,0.6,1.3586,True,deep_learning_adaptive,2.376,0.8313
38,v4,v12,40.0,190.0,30.0,1.0,0.95,0.6,-1.2765,True,deep_learning_adaptive,2.0312,0.6775
39,v1,v2,40.0,30.15,30.0,1.0,0.1507,0.6,11.515,False,deep_learning_adaptive,11.4975,0.9932
39,v1,v6,40.0,170.03,20.0,1.0,0.8501,0.4,0.4948,True,deep_learning_adaptive,2.266,0.7863
39,v1,v5,40.0,180.0,0.0,1.0,0.9,0.0,3.9156,True,deep_learning_adaptive,2.6244,0.901
39,v2,v1,20.0,30.15,30.0,0.6,0.1507,0.6,-8.485,True,deep_learning_adaptive,1.1164,0.2977
39,v2,v6,20.0,200.0,10.0,0.6,1.0,0.2,-19.2247,True,deep_learning_adaptive,0.56,0.1332
39,v3,v4,20.0,100.04,10.0,0.6,0.5002,0.2,-14.4114,True,deep_learning_adaptive,0.7038,0.1641
39,v3,v11,20.0,140.0,30.0,0.6,0.7,0.6,-19.1545,True,deep_learning_adaptive,0.5535,0.1234
39,v3,v8,20.0,140.03,20.0,0.6,0.7002,0.4,-18.1566,True,deep_learning_adaptive,0.5805,0.1463
39,v3,v7,20.0,200.0,0.0,0.6,1.0,0.0,-16.8165,True,deep_learning_adaptive,0.6086,0.1506
39,v4,v8,40.0,40.0,10.0,1.0,0.2,0.2,11.9588,False,deep_learning_adaptive,11.928,0.9951
39,v4,v11,40.0,40.11,20.0,1.0,0.2006,0.4,10.5306,False,deep_learning_adaptive,10.5029,0.9922
39,v4,v3,40.0,100.04,10.0,1.0,0.5002,0.2,5.5886,False,deep_learning_adaptive,2.7414,0.9396
39,v4,v7,40.0,100.04,10.0,1.0,0.5002,0.2,5.5886,False,deep_learning_adaptive,2.7368,0.9295
39,v4,v12,40.0,160.0,10.0,1.0,0.8,0.2,2.3258,True,deep_learning_adaptive,2.5003,0.8762
40,v1,v2,40.0,3.0,20.0,1.0,0.015,0.4,28.5491,False,deep_learning_adaptive,28.523,1.0
40,v1,v5,40.0,180.0,10.0,1.0,0.9,0.2,1.5074,True,deep_learning_adaptive,2.4091,0.8416
40,v1,v6,40.0,190.02,30.0,1.0,0.9501,0.6,-1.2774,True,deep_learning_adaptive,2.0332,0.6922
40,v2,v1,20.0,3.0,20.0,0.6,0.015,0.4,8.5491,True,deep_learning_adaptive,8.5235,0.9922
40,v2,v5,20.0,180.02,10.0,0.6,0.9001,0.2,-18.4936,True,deep_learning_adaptive,0.5656,0.1295
40,v2,v6,20.0,190.0,10.0,0.6,0.95,0.2,-18.8683,True,deep_learning_adaptive,0.5655,0.1332
40,v3,v4,20.0,110.04,10.0,0.6,0.5502,0.2,-15.0731,True,deep_learning_adaptive,0.6722,0.1576
40,v3,v8,20.0,160.03,10.0,0.6,0.8001,0.2,-17.6754,True,deep_learning_adaptive,0.5907,0.1529
40,v3,v11,20.0,170.0,0.0,0.6,0.85,0.0,-15.6872,True,deep_learning_adaptive,0.6612,0.1602
40,v3,v7,20.0,200.0,10.0,0.6,1.0,0.2,-19.2247,True,deep_learning_adaptive,0.5593,0.133
40,v4,v8,40.0,50.0,0.0,1.0,0.25,0.0,12.8165,False,deep_learning_adaptive,12.7803,0.9961
40,v4,v11,40.0,60.07,10.0,1.0,0.3004,0.2,9.1327,False,deep_learning_adaptive,2.8732,0.9539
40,v4,v7,40.0,90.05,0.0,1.0,0.4502,0.0,8.7283,False,deep_learning_adaptive,2.8605,0.9484
40,v4,v3,40.0,110.04,10.0,1.0,0.5502,0.2,4.9269,False,deep_learning_adaptive,2.6953,0.926
40,v4,v12,40.0,150.0,0.0,1.0,0.75,0.0,5.1825,False,deep_learning_adaptive,2.7168,0.9354
41,v1,v2,40.0,20.22,0.0,1.0,0.1011,0.0,19.1062,False,deep_learning_adaptive,19.0782,0.999
41,v1,v6,40.0,160.03,40.0,1.0,0.8001,0.8,-0.8589,True,deep_learning_adaptive,2.1041,0.7271
41,v1,v5,40.0,170.0,0.0,1.0,0.85,0.0,4.3128,True,deep_learning_adaptive,2.6628,0.9217
41,v2,v1,20.0,20.22,0.0,0.6,0.1011,0.0,-0.8938,False,deep_learning_adaptive,2.0945,0.7451
41,v2,v6,20.0,180.0,40.0,0.6,0.9,0.8,-21.6761,True,deep_learning_adaptive,0.4987,0.1389
41,v2,v5,20.0,190.02,0.0,0.6,0.9501,0.0,-16.4609,True,deep_learning_adaptive,0.6415,0.1518
41,v3,v4,20.0,120.04,0.0,0.6,0.6002,0.0,-13.2691,True,deep_learning_adaptive,0.795,0.1996
41,v3,v11,20.0,170.0,10.0,0.6,0.85,0.2,-18.0954,True,deep_learning_adaptive,0.5901,0.1648
41,v3,v8,20.0,170.03,0.0,0.6,0.8501,0.0,-15.6883,True,deep_learning_adaptive,0.6447,0.158
41,v4,v8,40.0,50.0,0.0,1.0,0.25,0.0,12.8165,False,deep_learning_adaptive,12.7784,0.9951
41,v4,v11,40.0,50.09,10.0,1.0,0.2504,0.2,10.3958,False,deep_learning_adaptive,10.3591,0.9941
41,v4,v7,40.0,90.05,0.0,1.0,0.4502,0.0,8.7283,False,deep_learning_adaptive,2.8614,0.9594
41,v4,v3,40.0,120.04,0.0,1.0,0.6002,0.0,6.7309,False,deep_learning_adaptive,2.7986,0.9418
41,v4,v12,40.0,150.0,30.0,1.0,0.75,0.6,0.3661,True,deep_learning_adaptive,2.2656,0.8035
42,v1,v2,40.0,20.22,10.0,1.0,0.1011,0.2,16.698,False,deep_learning_adaptive,16.6704,0.998
42,v1,v6,40.0,120.04,10.0,1.0,0.6002,0.2,4.3227,False,deep_learning_adaptive,2.6546,0.9234
42,v1,v5,40.0,170.0,10.0,1.0,0.85,0.2,1.9046,True,deep_learning_adaptive,2.436,0.8492
42,v2,v1,20.0,20.22,10.0,0.6,0.1011,0.2,-3.302,False,deep_learning_adaptive,1.7408,0.5578
42,v2,v6,20.0,140.0,0.0,0.6,0.7,0.0,-14.338,True,deep_learning_adaptive,0.7207,0.1646
42,v2,v5,20.0,190.02,20.0,0.6,0.9501,0.4,-20.2779,True,deep_learning_adaptive,0.5463,0.1449
42,v3,v4,20.0,120.04,40.0,0.6,0.6002,0.8,-18.8608,True,deep_learning_adaptive,0.5621,0.1338
42,v3,v8,20.0,170.03,30.0,0.6,0.8501,0.6,-20.5047,True,deep_learning_adaptive,0.5278,0.1432
42,v3,v11,20.0,180.0,0.0,0.6,0.9,0.0,-16.0844,True,deep_learning_adaptive,0.6698,0.1641
42,v4,v8,40.0,50.0,10.0,1.0,0.25,0.2,10.4082,False,deep_learning_adaptive,10.3769,0.9941
42,v4,v11,40.0,60.07,40.0,1.0,0.3004,0.8,5.9491,True,deep_learning_adaptive,2.7609,0.9377
42,v4,v7,40.0,90.05,0.0,1.0,0.4502,0.0,8.7283,False,deep_learning_adaptive,2.8628,0.9455
42,v4,v12,40.0,120.0,0.0,1.0,0.6,0.0,6.7331,False,deep_learning_adaptive,2.791,0.9441
42,v4,v3,40.0,120.04,40.0,1.0,0.6002,0.8,1.1392,True,deep_learning_adaptive,2.3579,0.8266
43,v1,v2,40.0,30.15,10.0,1.0,0.1507,0.2,13.9232,False,deep_learning_adaptive,13.8894,0.9961
43,v1,v6,40.0,110.04,20.0,1.0,0.5502,0.4,3.5182,False,deep_learning_adaptive,2.5956,0.8941
43,v1,v5,40.0,180.0,0.0,1.0,0.9,0.0,3.9156,True,deep_learning_adaptive,2.6301,0.9045
43,v2,v1,20.0,30.15,10.0,0.6,0.1507,0.2,-6.0768,False,deep_learning_adaptive,1.3649,0.3947
43,v2,v6,20.0,140.0,10.0,0.6,0.7,0.2,-16.7463,True,deep_learning_adaptive,0.6142,0.1396
43,v3,v4,20.0,80.06,20.0,0.6,0.4003,0.4,-14.2713,True,deep_learning_adaptive,0.7188,0.1633
43,v3,v8,20.0,140.03,10.0,0.6,0.7002,0.2,-16.7479,True,deep_learning_adaptive,0.6245,0.1576
43,v3,v7,20.0,170.0,20.0,0.6,0.85,0.4,-19.5042,True,deep_learning_adaptive,0.5628,0.1438
43,v3,v11,20.0,180.0,10.0,0.6,0.9,0.2,-18.4926,True,deep_learning_adaptive,0.57,0.1328
43,v4,v8,40.0,60.0,30.0,1.0,0.3,0.6,6.7331,False,deep_learning_adaptive,2.7946,0.9318
43,v4,v3,40.0,80.06,20.0,1.0,0.4003,0.4,5.7287,False,deep_learning_adaptive,2.7412,0.9234
43,v4,v7,40.0,90.05,0.0,1.0,0.4502,0.0,8.7283,False,deep_learning_adaptive,2.8617,0.9459
43,v4,v11,40.0,100.04,30.0,1.0,0.5002,0.6,3.1804,True,deep_learning_adaptive,2.5538,0.8854
43,v4,v12,40.0,120.0,20.0,1.0,0.6,0.4,2.9161,False,deep_learning_adaptive,2.5504,0.9037
44,v1,v2,40.0,20.22,0.0,1.0,0.1011,0.0,19.1062,False,deep_learning_adaptive,19.0763,0.9971
44,v1,v6,40.0,130.03,10.0,1.0,0.6502,0.2,3.7668,False,deep_learning_adaptive,2.6261,0.9121
44,v1,v5,40.0,180.0,10.0,1.0,0.9,0.2,1.5074,True,deep_learning_adaptive,2.3983,0.8408
44,v2,v1,20.0,20.22,0.0,0.6,0.1011,0.0,-0.8938,False,deep_learning_adaptive,2.0761,0.7137
44,v2,v6,20.0,150.0,10.0,0.6,0.75,0.2,-17.2257,True,deep_learning_adaptive,0.6023,0.143
44,v3,v4,20.0,100.04,10.0,0.6,0.5002,0.2,-14.4114,True,deep_learning_adaptive,0.7205,0.1771
44,v3,v8,20.0,130.03,30.0,0.6,0.6502,0.6,-18.6414,True,deep_learning_adaptive,0.5696,0.1336
44,v3,v11,20.0,170.0,20.0,0.6,0.85,0.4,-19.5042,True,deep_learning_adaptive,0.5524,0.1279
44,v3,v7,20.0,190.0,20.0,0.6,0.95,0.4,-20.277,True,deep_learning_adaptive,0.5539,0.15
44,v4,v8,40.0,30.0,40.0,1.0,0.15,0.8,10.7743,True,deep_learning_adaptive,10.7456,0.9941
44,v4,v11,40.0,70.06,30.0,1.0,0.3503,0.6,5.6556,False,deep_learning_adaptive,2.7432,0.9354
44,v4,v7,40.0,90.05,30.0,1.0,0.4502,0.6,3.9118,True,deep_learning_adaptive,2.6298,0.9021
44,v4,v12,40.0,100.0,10.0,1.0,0.5,0.2,5.5918,False,deep_learning_adaptive,2.7358,0.9367
44,v4,v3,40.0,100.04,10.0,1.0,0.5002,0.2,5.5886,False,deep_learning_adaptive,2.737,0.9357
45,v1,v2,40.0,20.22,20.0,1.0,0.1011,0.4,15.2892,False,deep_learning_adaptive,15.2576,0.9971
45,v1,v6,40.0,140.03,10.0,1.0,0.7002,0.2,3.2521,False,deep_learning_adaptive,2.5815,0.8953
45,v1,v5,40.0,190.0,10.0,1.0,0.95,0.2,1.1317,True,deep_learning_adaptive,2.3524,0.8385
45,v2,v1,20.0,20.22,20.0,0.6,0.1011,0.4,-4.7108,True,deep_learning_adaptive,1.5429,0.4615
45,v2,v6,20.0,160.0,10.0,0.6,0.8,0.2,-17.6742,True,deep_learning_adaptive,0.5832,0.158
45,v3,v4,20.0,90.05,0.0,0.6,0.4502,0.0,-11.2717,True,deep_learning_adaptive,0.8819,0.2131
45,v3,v8,20.0,160.03,0.0,0.6,0.8001,0.0,-15.2671,True,deep_learning_adaptive,0.6718,0.1508
45,v3,v11,20.0,190.0,20.0,0.6,0.95,0.4,-20.277,True,deep_learning_adaptive,0.5275,0.1313
45,v4,v8,40.0,70.0,0.0,1.0,0.35,0.0,10.4784,False,deep_learning_adaptive,10.4598,0.9932
45,v4,v3,40.0,90.05,0.0,1.0,0.4502,0.0,8.7283,False,deep_learning_adaptive,2.8638,0.9471
45,v4,v11,40.0,100.04,20.0,1.0,0.5002,0.4,4.1799,False,deep_learning_adaptive,2.6495,0.9143
45,v4,v12,40.0,110.0,10.0,1.0,0.55,0.2,4.9295,False,deep_learning_adaptive,2.7019,0.9225
45,v4,v7,40.0,120.04,20.0,1.0,0.6002,0.4,2.914,False,deep_learning_adaptive,2.5397,0.8789
46,v1,v2,40.0,3.0,30.0,1.0,0.015,0.6,27.5496,False,deep_learning_adaptive,27.5369,0.9971
46,v1,v6,40.0,150.03,0.0,1.0,0.7501,0.0,5.1812,False,deep_learning_adaptive,2.7207,0.9271
46,v1,v5,40.0,200.0,20.0,1.0,1.0,0.4,-0.6334,True,deep_learning_adaptive,2.1092,0.718
46,v2,v1,20.0,3.0,30.0,0.6,0.015,0.6,7.5496,True,deep_learning_adaptive,7.5182,0.9902
46,v2,v6,20.0,150.0,30.0,0.6,0.75,0.6,-19.6339,True,deep_learning_adaptive,0.5303,0.1334
46,v3,v4,20.0,90.05,20.0,0.6,0.4502,0.4,-15.0887,True,deep_learning_adaptive,0.6813,0.1494
46,v3,v8,20.0,160.03,20.0,0.6,0.8001,0.4,-19.0841,True,deep_learning_adaptive,0.5517,0.1215
46,v3,v11,20.0,170.0,30.0,0.6,0.85,0.6,-20.5037,True,deep_learning_adaptive,0.5347,0.141
46,v3,v7,20.0,190.0,10.0,0.6,0.95,0.2,-18.8683,True,deep_learning_adaptive,0.5612,0.1348
46,v4,v8,40.0,70.0,0.0,1.0,0.35,0.0,10.4784,False,deep_learning_adaptive,10.4573,0.9902
46,v4,v11,40.0,80.06,10.0,1.0,0.4003,0.2,7.1374,False,deep_learning_adaptive,2.8135,0.9393
46,v4,v3,40.0,90.05,20.0,1.0,0.4502,0.4,4.9113,False,deep_learning_adaptive,2.6877,0.9158
46,v4,v7,40.0,100.04,10.0,1.0,0.5002,0.2,5.5886,False,deep_learning_adaptive,2.7431,0.9396
46,v4,v12,40.0,120.0,20.0,1.0,0.6,0.4,2.9161,False,deep_learning_adaptive,2.5437,0.8971
47,v1,v2,40.0,30.15,0.0,1.0,0.1507,0.0,16.3315,False,deep_learning_adaptive,16.3031,0.998
47,v1,v6,40.0,150.03,0.0,1.0,0.7501,0.0,5.1812,False,deep_learning_adaptive,2.7164,0.9254
47,v2,v1,20.0,30.15,0.0,0.6,0.1507,0.0,-3.6685,False,deep_learning_adaptive,1.6886,0.5551
47,v2,v6,20.0,120.0,0.0,0.6,0.6,0.0,-13.2669,True,deep_learning_adaptive,0.7689,0.1799
47,v2,v5,20.0,190.02,10.0,0.6,0.9501,0.2,-18.8692,True,deep_learning_adaptive,0.568,0.1303
47,v3,v4,20.0,70.06,10.0,0.6,0.3503,0.2,-11.9362,True,deep_learning_adaptive,0.8533,0.2094
47,v3,v11,20.0,140.0,0.0,0.6,0.7,0.0,-14.338,True,deep_learning_adaptive,0.7336,0.1775
47,v3,v8,20.0,140.03,30.0,0.6,0.7002,0.6,-19.1561,True,deep_learning_adaptive,0.5563,0.1361
47,v3,v12,20.0,170.03,20.0,0.6,0.8501,0.4,-19.5052,True,deep_learning_adaptive,0.539,0.1363
47,v3,v7,20.0,180.0,10.0,0.6,0.9,0.2,-18.4926,True,deep_learning_adaptive,0.5537,0.1469
47,v4,v8,40.0,70.0,40.0,1.0,0.35,0.8,4.8867,True,deep_learning_adaptive,2.7058,0.9201
47,v4,v3,40.0,70.06,10.0,1.0,0.3503,0.2,8.0638,False,deep_learning_adaptive,2.8382,0.9488
47,v4,v11,40.0,70.06,10.0,1.0,0.3503,0.2,8.0638,False,deep_learning_adaptive,2.8443,0.9563
47,v4,v12,40.0,100.0,30.0,1.0,0.5,0.6,3.1835,True,deep_learning_adaptive,2.5816,0.8947
47,v4,v7,40.0,110.04,0.0,1.0,0.5502,0.0,7.3351,False,deep_learning_adaptive,2.8177,0.9533
48,v1,v2,40.0,30.15,10.0,1.0,0.1507,0.2,13.9232,False,deep_learning_adaptive,13.8859,0.9971
48,v1,v6,40.0,150.03,30.0,1.0,0.7501,0.6,0.3647,True,deep_learning_adaptive,2.264,0.7891
48,v2,v1,20.0,30.15,10.0,0.6,0.1507,0.2,-6.0768,False,deep_learning_adaptive,1.3759,0.4051
48,v2,v6,20.0,120.0,20.0,0.6,0.6,0.4,-17.0839,True,deep_learning_adaptive,0.6305,0.1447
48,v3,v4,20.0,80.06,10.0,0.6,0.4003,0.2,-12.8626,True,deep_learning_adaptive,0.7825,0.2033
48,v3,v8,20.0,110.04,10.0,0.6,0.5502,0.2,-15.0731,True,deep_learning_adaptive,0.7074,0.1828
48,v3,v11,20.0,140.0,30.0,0.6,0.7,0.6,-19.1545,True,deep_learning_adaptive,0.5691,0.1236
48,v3,v12,20.0,150.03,10.0,0.6,0.7501,0.2,-17.2271,True,deep_learning_adaptive,0.6064,0.1508
48,v3,v7,20.0,190.0,0.0,0.6,0.95,0.0,-16.4601,True,deep_learning_adaptive,0.6221,0.149
48,v4,v8,40.0,30.0,0.0,1.0,0.15,0.0,16.3661,False,deep_learning_adaptive,16.3342,0.9971
48,v4,v11,40.0,60.07,20.0,1.0,0.3004,0.4,7.7239,False,deep_learning_adaptive,2.8334,0.9445
48,v4,v12,40.0,70.0,0.0,1.0,0.35,0.0,10.4784,False,deep_learning_adaptive,10.455,0.9932
48,v4,v3,40.0,80.06,10.0,1.0,0.4003,0.2,7.1374,False,deep_learning_adaptive,2.8117,0.948
48,v4,v7,40.0,110.04,10.0,1.0,0.5502,0.2,4.9269,False,deep_learning_adaptive,2.7039,0.9275
49,v1,v2,40.0,20.22,10.0,1.0,0.1011,0.2,16.698,False,deep_learning_adaptive,16.6666,0.9971
49,v1,v6,40.0,120.04,0.0,1.0,0.6002,0.0,6.7309,False,deep_learning_adaptive,2.8031,0.9422
49,v2,v1,20.0,20.22,10.0,0.6,0.1011,0.2,-3.302,False,deep_learning_adaptive,1.7342,0.5535
49,v2,v6,20.0,100.0,10.0,0.6,0.5,0.2,-14.4082,True,deep_learning_adaptive,0.7166,0.174
49,v3,v4,20.0,70.06,10.0,0.6,0.3503,0.2,-11.9362,True,deep_learning_adaptive,0.8475,0.2051
49,v3,v8,20.0,100.04,10.0,0.6,0.5002,0.2,-14.4114,True,deep_learning_adaptive,0.719,0.157
49,v3,v11,20.0,110.0,10.0,0.6,0.55,0.2,-15.0705,True,deep_learning_adaptive,0.672,0.1721
49,v3,v12,20.0,140.03,30.0,0.6,0.7002,0.6,-19.1561,True,deep_learning_adaptive,0.5683,0.1498
49,v3,v7,20.0,190.0,10.0,0.6,0.95,0.2,-18.8683,True,deep_learning_adaptive,0.5283,0.1365
49,v4,v8,40.0,30.0,0.0,1.0,0.15,0.0,16.3661,False,deep_learning_adaptive,16.3396,0.9951
49,v4,v11,40.0,40.11,0.0,1.0,0.2006,0.0,14.3476,False,deep_learning_adaptive,14.3133,0.9961
49,v4,v12,40.0,70.0,40.0,1.0,0.35,0.8,4.8867,True,deep_learning_adaptive,2.694,0.9254
49,v4,v3,40.0,70.06,10.0,1.0,0.3503,0.2,8.0638,False,deep_learning_adaptive,2.8417,0.948
49,v4,v7,40.0,120.04,0.0,1.0,0.6002,0.0,6.7309,False,deep_learning_adaptive,2.7968,0.9445
50,v1,v2,40.0,30.15,10.0,1.0,0.1507,0.2,13.9232,False,deep_learning_adaptive,13.9062,0.9951
50,v1,v6,40.0,120.04,30.0,1.0,0.6002,0.6,1.9144,True,deep_learning_adaptive,2.4513,0.8783
50,v2,v1,20.0,30.15,10.0,0.6,0.1507,0.2,-6.0768,False,deep_learning_adaptive,1.3516,0.3795
50,v2,v6,20.0,90.0,20.0,0.6,0.45,0.4,-15.0849,True,deep_learning_adaptive,0.686,0.1504
50,v3,v4,20.0,80.06,0.0,0.6,0.4003,0.0,-10.4543,True,deep_learning_adaptive,0.946,0.2559
50,v3,v8,20.0,110.04,10.0,0.6,0.5502,0.2,-15.0731,True,deep_learning_adaptive,0.6891,0.1758
50,v3,v12,20.0,110.04,0.0,0.6,0.5502,0.0,-12.6649,True,deep_learning_adaptive,0.8011,0.1887
50,v3,v11,20.0,120.0,20.0,0.6,0.6,0.4,-17.0839,True,deep_learning_adaptive,0.5969,0.1449
50,v3,v7,20.0,200.0,0.0,0.6,1.0,0.0,-16.8165,True,deep_learning_adaptive,0.633,0.167
50,v4,v8,40.0,30.0,10.0,1.0,0.15,0.2,13.9578,False,deep_learning_adaptive,13.9313,0.9971
50,v4,v12,40.0,30.0,0.0,1.0,0.15,0.0,16.3661,False,deep_learning_adaptive,16.3433,0.9961
50,v4,v11,40.0,40.11,20.0,1.0,0.2006,0.4,10.5306,False,deep_learning_adaptive,10.51,0.9941
50,v4,v3,40.0,80.06,0.0,1.0,0.4003,0.0,9.5457,False,deep_learning_adaptive,2.8819,0.9445
50,v4,v7,40.0,120.04,0.0,1.0,0.6002,0.0,6.7309,False,deep_learning_adaptive,2.7942,0.9504
51,v1,v2,40.0,40.11,10.0,1.0,0.2006,0.2,11.9393,False,deep_learning_adaptive,11.9179,0.9941
51,v1,v6,40.0,150.03,0.0,1.0,0.7501,0.0,5.1812,False,deep_learning_adaptive,2.7269,0.9367
51,v2,v1,20.0,40.11,10.0,0.6,0.2006,0.2,-8.0607,False,deep_learning_adaptive,1.135,0.2828
51,v2,v6,20.0,110.0,10.0,0.6,0.55,0.2,-15.0705,True,deep_learning_adaptive,0.6926,0.166
51,v3,v4,20.0,80.06,10.0,0.6,0.4003,0.2,-12.8626,True,deep_learning_adaptive,0.776,0.1775
51,v3,v12,20.0,110.04,30.0,0.6,0.5502,0.6,-17.4813,True,deep_learning_adaptive,0.6048,0.1381
51,v3,v8,20.0,120.04,0.0,0.6,0.6002,0.0,-13.2691,True,deep_learning_adaptive,0.7684,0.1887
51,v3,v11,20.0,140.0,30.0,0.6,0.7,0.6,-19.1545,True,deep_learning_adaptive,0.5578,0.1348
51,v3,v7,20.0,200.0,40.0,0.6,1.0,0.8,-22.4082,True,deep_learning_adaptive,0.4917,0.1371
51,v4,v12,40.0,30.0,20.0,1.0,0.15,0.4,12.5491,False,deep_learning_adaptive,12.5141,0.9961
51,v4,v8,40.0,40.0,10.0,1.0,0.2,0.2,11.9588,False,deep_learning_adaptive,11.9285,0.9936
51,v4,v11,40.0,60.07,20.0,1.0,0.3004,0.4,7.7239,False,deep_learning_adaptive,2.8289,0.9451
51,v4,v3,40.0,80.06,10.0,1.0,0.4003,0.2,7.1374,False,deep_learning_adaptive,2.8142,0.9445
51,v4,v7,40.0,120.04,30.0,1.0,0.6002,0.6,1.9144,True,deep_learning_adaptive,2.4533,0.8639
52,v1,v2,40.0,30.15,10.0,1.0,0.1507,0.2,13.9232,False,deep_learning_adaptive,13.894,0.9961
52,v1,v6,40.0,150.03,30.0,1.0,0.7501,0.6,0.3647,True,deep_learning_adaptive,2.2551,0.7834
52,v2,v1,20.0,30.15,10.0,0.6,0.1507,0.2,-6.0768,False,deep_learning_adaptive,1.37,0.3924
52,v2,v6,20.0,120.0,20.0,0.6,0.6,0.4,-17.0839,True,deep_learning_adaptive,0.6124,0.1814
52,v3,v4,20.0,70.06,20.0,0.6,0.3503,0.4,-13.3449,True,deep_learning_adaptive,0.7458,0.182
52,v3,v12,20.0,80.06,10.0,0.6,0.4003,0.2,-12.8626,True,deep_learning_adaptive,0.7943,0.1893
52,v3,v11,20.0,110.0,0.0,0.6,0.55,0.0,-12.6623,True,deep_learning_adaptive,0.7928,0.2082
52,v3,v8,20.0,120.04,20.0,0.6,0.6002,0.4,-17.086,True,deep_learning_adaptive,0.6127,0.1762
52,v3,v7,20.0,160.0,20.0,0.6,0.8,0.4,-19.0829,True,deep_learning_adaptive,0.555,0.1217
52,v4,v12,40.0,10.0,30.0,1.0,0.05,0.6,19.1835,False,deep_learning_adaptive,19.1473,0.999
52,v4,v11,40.0,40.11,20.0,1.0,0.2006,0.4,10.5306,False,deep_learning_adaptive,10.5014,0.9961
52,v4,v8,40.0,50.0,0.0,1.0,0.25,0.0,12.8165,False,deep_learning_adaptive,12.7922,0.9951
52,v4,v3,40.0,70.06,20.0,1.0,0.3503,0.4,6.6551,False,deep_learning_adaptive,2.7897,0.942
52,v4,v7,40.0,90.05,40.0,1.0,0.4502,0.8,3.1365,True,deep_learning_adaptive,2.5642,0.8936
53,v1,v2,40.0,20.22,30.0,1.0,0.1011,0.6,14.2897,False,deep_learning_adaptive,14.2705,0.999
53,v1,v6,40.0,120.04,40.0,1.0,0.6002,0.8,1.1392,True,deep_learning_adaptive,2.3473,0.8086
53,v2,v1,20.0,20.22,30.0,0.6,0.1011,0.6,-5.7103,True,deep_learning_adaptive,1.4211,0.4291
53,v2,v6,20.0,100.0,10.0,0.6,0.5,0.2,-14.4082,True,deep_learning_adaptive,0.7111,0.1891
53,v3,v4,20.0,50.09,10.0,0.6,0.2504,0.2,-9.6042,False,deep_learning_adaptive,1.0311,0.2791
53,v3,v12,20.0,90.05,20.0,0.6,0.4502,0.4,-15.0887,True,deep_learning_adaptive,0.6925,0.1572
53,v3,v8,20.0,100.04,10.0,0.6,0.5002,0.2,-14.4114,True,deep_learning_adaptive,0.7053,0.1705
53,v3,v11,20.0,110.0,20.0,0.6,0.55,0.4,-16.4793,True,deep_learning_adaptive,0.6358,0.1316
53,v3,v7,20.0,180.0,20.0,0.6,0.9,0.4,-19.9013,True,deep_learning_adaptive,0.5468,0.1439
53,v4,v12,40.0,40.0,30.0,1.0,0.2,0.6,9.5506,False,deep_learning_adaptive,2.8797,0.9523
53,v4,v8,40.0,50.0,0.0,1.0,0.25,0.0,12.8165,False,deep_learning_adaptive,12.7809,0.9951
53,v4,v3,40.0,50.09,10.0,1.0,0.2504,0.2,10.3958,False,deep_learning_adaptive,10.3709,0.9971
53,v4,v11,40.0,60.07,10.0,1.0,0.3004,0.2,9.1327,False,deep_learning_adaptive,2.8728,0.9549
53,v4,v7,40.0,130.03,10.0,1.0,0.6502,0.2,3.7668,False,deep_learning_adaptive,2.6218,0.9117
54,v1,v2,40.0,10.44,40.0,1.0,0.0522,0.8,18.1088,True,deep_learning_adaptive,18.071,0.9971
54,v1,v6,40.0,80.06,30.0,1.0,0.4003,0.6,4.7292,False,deep_learning_adaptive,2.6791,0.9162
54,v2,v1,20.0,10.44,40.0,0.6,0.0522,0.8,-1.8912,True,deep_learning_adaptive,1.9421,0.6365
54,v2,v6,20.0,90.0,10.0,0.6,0.45,0.2,-13.6761,True,deep_learning_adaptive,0.7514,0.1813
54,v3,v4,20.0,40.11,20.0,0.6,0.2006,0.4,-9.4694,True,deep_learning_adaptive,1.0096,0.2617
54,v3,v11,20.0,90.0,10.0,0.6,0.45,0.2,-13.6761,True,deep_learning_adaptive,0.7435,0.1645
54,v3,v8,20.0,90.05,20.0,0.6,0.4502,0.4,-15.0887,True,deep_learning_adaptive,0.6643,0.1723
54,v3,v12,20.0,110.04,20.0,0.6,0.5502,0.4,-16.4818,True,deep_learning_adaptive,0.6356,0.1506
54,v3,v7,20.0,160.0,10.0,0.6,0.8,0.2,-17.6742,True,deep_learning_adaptive,0.6302,0.1648
54,v4,v3,40.0,40.11,20.0,1.0,0.2006,0.4,10.5306,False,deep_learning_adaptive,10.4941,0.9961
54,v4,v8,40.0,50.0,0.0,1.0,0.25,0.0,12.8165,False,deep_learning_adaptive,12.7959,0.9936
54,v4,v11,40.0,50.09,30.0,1.0,0.2504,0.6,7.9875,False,deep_learning_adaptive,2.8393,0.9504
54,v4,v12,40.0,70.0,0.0,1.0,0.35,0.0,10.4784,False,deep_learning_adaptive,10.4517,0.9922
54,v4,v7,40.0,120.04,10.0,1.0,0.6002,0.2,4.3227,False,deep_learning_adaptive,2.6588,0.9152
55,v1,v2,40.0,30.15,10.0,1.0,0.1507,0.2,13.9232,False,deep_learning_adaptive,13.9005,0.999
55,v1,v6,40.0,110.04,20.0,1.0,0.5502,0.4,3.5182,False,deep_learning_adaptive,2.5968,0.9023
55,v2,v1,20.0,30.15,10.0,0.6,0.1507,0.2,-6.0768,False,deep_learning_adaptive,1.3736,0.3928
55,v2,v6,20.0,80.0,10.0,0.6,0.4,0.2,-12.8577,True,deep_learning_adaptive,0.7813,0.2008
55,v3,v4,20.0,20.22,10.0,0.6,0.1011,0.2,-3.302,False,deep_learning_adaptive,1.7349,0.54
55,v3,v8,20.0,70.06,20.0,0.6,0.3503,0.4,-13.3449,True,deep_learning_adaptive,0.7494,0.1865
55,v3,v12,20.0,90.05,0.0,0.6,0.4502,0.0,-11.2717,True,deep_learning_adaptive,0.8893,0.2283
55,v3,v11,20.0,100.0,20.0,0.6,0.5,0.4,-15.817,True,deep_learning_adaptive,0.6493,0.1756
55,v3,v7,20.0,150.0,10.0,0.6,0.75,0.2,-17.2257,True,deep_learning_adaptive,0.5921,0.1332
55,v4,v3,40.0,20.22,10.0,1.0,0.1011,0.2,16.698,False,deep_learning_adaptive,16.6741,0.9961
55,v4,v8,40.0,50.0,10.0,1.0,0.25,0.2,10.4082,False,deep_learning_adaptive,10.3932,0.9941
55,v4,v12,40.0,70.0,10.0,1.0,0.35,0.2,8.0702,False,deep_learning_adaptive,2.8395,0.9549
55,v4,v11,40.0,80.06,30.0,1.0,0.4003,0.6,4.7292,False,deep_learning_adaptive,2.6876,0.9295
55,v4,v7,40.0,130.03,0.0,1.0,0.6502,0.0,6.1751,False,deep_learning_adaptive,2.7726,0.9402
56,v1,v2,40.0,20.22,30.0,1.0,0.1011,0.6,14.2897,False,deep_learning_adaptive,14.2822,0.9941
56,v1,v6,40.0,90.05,10.0,1.0,0.4502,0.2,6.32,False,deep_learning_adaptive,2.7808,0.952
56,v2,v1,20.0,20.22,30.0,0.6,0.1011,0.6,-5.7103,True,deep_learning_adaptive,1.3979,0.4188
56,v2,v6,20.0,70.0,40.0,0.6,0.35,0.8,-15.1133,True,deep_learning_adaptive,0.6759,0.1686
56,v3,v4,20.0,10.44,30.0,0.6,0.0522,0.6,-1.1159,True,deep_learning_adaptive,2.058,0.6957
56,v3,v8,20.0,50.09,20.0,0.6,0.2504,0.4,-11.013,True,deep_learning_adaptive,0.9042,0.2125
56,v3,v12,20.0,90.05,30.0,0.6,0.4502,0.6,-16.0882,True,deep_learning_adaptive,0.655,0.1502
56,v3,v11,20.0,120.0,10.0,0.6,0.6,0.2,-15.6751,True,deep_learning_adaptive,0.6546,0.1711
56,v3,v7,20.0,140.0,20.0,0.6,0.7,0.4,-18.155,True,deep_learning_adaptive,0.5758,0.1357
56,v4,v3,40.0,10.44,30.0,1.0,0.0522,0.6,18.8841,False,deep_learning_adaptive,18.8464,0.9961
56,v4,v8,40.0,40.0,10.0,1.0,0.2,0.2,11.9588,False,deep_learning_adaptive,11.9302,0.9961
56,v4,v12,40.0,80.0,0.0,1.0,0.4,0.0,9.5506,False,deep_learning_adaptive,2.8814,0.9543
56,v4,v11,40.0,110.04,20.0,1.0,0.5502,0.4,3.5182,False,deep_learning_adaptive,2.6036,0.9221
56,v4,v7,40.0,130.03,10.0,1.0,0.6502,0.2,3.7668,False,deep_learning_adaptive,2.6118,0.9133
57,v1,v2,40.0,50.09,10.0,1.0,0.2504,0.2,10.3958,False,deep_learning_adaptive,10.3667,0.9951
57,v1,v6,40.0,80.06,20.0,1.0,0.4003,0.4,5.7287,False,deep_learning_adaptive,2.7496,0.9295
57,v2,v6,20.0,30.0,10.0,0.6,0.15,0.2,-6.0422,False,deep_learning_adaptive,1.3741,0.4109
57,v2,v1,20.0,50.09,10.0,0.6,0.2504,0.2,-9.6042,False,deep_learning_adaptive,1.0274,0.265
57,v2,v5,20.0,190.02,20.0,0.6,0.9501,0.4,-20.2779,True,deep_learning_adaptive,0.5307,0.14
57,v3,v4,20.0,20.22,40.0,0.6,0.1011,0.8,-6.4855,True,deep_learning_adaptive,1.3267,0.3875
57,v3,v8,20.0,30.15,30.0,0.6,0.1507,0.6,-8.485,True,deep_learning_adaptive,1.1134,0.2775
57,v3,v12,20.0,60.07,30.0,0.6,0.3004,0.6,-13.2756,True,deep_learning_adaptive,0.7509,0.1795
57,v3,v11,20.0,110.0,40.0,0.6,0.55,0.8,-18.254,True,deep_learning_adaptive,0.6031,0.1514
57,v3,v7,20.0,120.0,40.0,0.6,0.6,0.8,-18.8587,True,deep_learning_adaptive,0.5602,0.1535
57,v4,v3,40.0,20.22,40.0,1.0,0.1011,0.8,13.5145,True,deep_learning_adaptive,13.484,0.9945
57,v4,v8,40.0,50.0,10.0,1.0,0.25,0.2,10.4082,False,deep_learning_adaptive,10.3729,0.9971
57,v4,v12,40.0,80.0,10.0,1.0,0.4,0.2,7.1423,False,deep_learning_adaptive,2.8138,0.9504
57,v4,v11,40.0,130.03,0.0,1.0,0.6502,0.0,6.1751,False,deep_learning_adaptive,2.7723,0.9318
57,v4,v7,40.0,140.03,0.0,1.0,0.7002,0.0,5.6604,False,deep_learning_adaptive,2.7407,0.9354
58,v1,v2,40.0,40.11,10.0,1.0,0.2006,0.2,11.9393,False,deep_learning_adaptive,11.9011,0.998
58,v1,v6,40.0,60.07,10.0,1.0,0.3004,0.2,9.1327,False,deep_learning_adaptive,2.8709,0.9572
58,v2,v6,20.0,20.0,0.0,0.6,0.1,0.0,-0.8165,False,deep_learning_adaptive,2.08,0.7248
58,v2,v1,20.0,40.11,10.0,0.6,0.2006,0.2,-8.0607,False,deep_learning_adaptive,1.1401,0.3004
58,v2,v5,20.0,170.03,30.0,0.6,0.8501,0.6,-20.5047,True,deep_learning_adaptive,0.5321,0.1125
58,v3,v4,20.0,20.22,20.0,0.6,0.1011,0.4,-4.7108,True,deep_learning_adaptive,1.5333,0.4666
58,v3,v8,20.0,60.07,0.0,0.6,0.3004,0.0,-8.4591,True,deep_learning_adaptive,1.1045,0.282
58,v3,v12,20.0,90.05,10.0,0.6,0.4502,0.2,-13.68,True,deep_learning_adaptive,0.7459,0.1988
58,v3,v11,20.0,150.0,20.0,0.6,0.75,0.4,-18.6344,True,deep_learning_adaptive,0.5506,0.1395
58,v3,v7,20.0,160.0,30.0,0.6,0.8,0.6,-20.0824,True,deep_learning_adaptive,0.5336,0.1439
58,v4,v3,40.0,20.22,20.0,1.0,0.1011,0.4,15.2892,False,deep_learning_adaptive,15.2481,0.9961
58,v4,v8,40.0,40.0,20.0,1.0,0.2,0.4,10.5501,False,deep_learning_adaptive,10.5185,0.9932
58,v4,v12,40.0,70.0,10.0,1.0,0.35,0.2,8.0702,False,deep_learning_adaptive,2.8368,0.9523
58,v4,v11,40.0,130.03,0.0,1.0,0.6502,0.0,6.1751,False,deep_learning_adaptive,2.7656,0.9422
58,v4,v7,40.0,140.03,10.0,1.0,0.7002,0.2,3.2521,False,deep_learning_adaptive,2.5592,0.8896
59,v1,v2,40.0,30.15,20.0,1.0,0.1507,0.4,12.5145,False,deep_learning_adaptive,12.4991,0.9941
59,v1,v6,40.0,50.09,10.0,1.0,0.2504,0.2,10.3958,False,deep_learning_adaptive,10.3672,0.9941
59,v2,v6,20.0,20.0,10.0,0.6,0.1,0.2,-3.2247,False,deep_learning_adaptive,1.7564,0.5602
59,v2,v1,20.0,30.15,20.0,0.6,0.1507,0.4,-7.4855,True,deep_learning_adaptive,1.2102,0.3422
59,v3,v4,20.0,3.0,10.0,0.6,0.015,0.2,9.9578,False,deep_learning_adaptive,9.9246,0.9916
59,v3,v8,20.0,60.07,0.0,0.6,0.3004,0.0,-8.4591,True,deep_learning_adaptive,1.1156,0.2988
59,v3,v12,20.0,80.06,30.0,0.6,0.4003,0.6,-15.2708,True,deep_learning_adaptive,0.6739,0.1568
59,v3,v7,20.0,130.0,0.0,0.6,0.65,0.0,-13.8231,True,deep_learning_adaptive,0.7453,0.1795
59,v3,v11,20.0,130.0,20.0,0.6,0.65,0.4,-17.6401,True,deep_learning_adaptive,0.6072,0.1527
59,v4,v3,40.0,3.0,10.0,1.0,0.015,0.2,29.9578,False,deep_learning_adaptive,29.9338,0.999
59,v4,v8,40.0,60.0,10.0,1.0,0.3,0.2,9.1413,False,deep_learning_adaptive,2.8728,0.95
59,v4,v12,40.0,80.0,20.0,1.0,0.4,0.4,5.7336,False,deep_learning_adaptive,2.7453,0.9402
59,v4,v7,40.0,130.03,10.0,1.0,0.6502,0.2,3.7668,False,deep_learning_adaptive,2.615,0.9084
59,v4,v11,40.0,130.03,10.0,1.0,0.6502,0.2,3.7668,False,deep_learning_adaptive,2.6185,0.8967
60,v1,v2,40.0,10.44,0.0,1.0,0.0522,0.0,23.7006,False,deep_learning_adaptive,23.6631,1.0
60,v1,v6,40.0,40.11,20.0,1.0,0.2006,0.4,10.5306,False,deep_learning_adaptive,10.5029,0.9971
60,v2,v1,20.0,10.44,0.0,0.6,0.0522,0.0,3.7006,False,deep_learning_adaptive,2.6264,0.9096
60,v2,v6,20.0,30.0,20.0,0.6,0.15,0.4,-7.4509,True,deep_learning_adaptive,1.2209,0.3477
60,v3,v4,20.0,10.44,20.0,0.6,0.0522,0.4,-0.1164,True,deep_learning_adaptive,2.1885,0.7547
60,v3,v8,20.0,60.07,30.0,0.6,0.3004,0.6,-13.2756,True,deep_learning_adaptive,0.7672,0.1838
60,v3,v12,20.0,110.04,10.0,0.6,0.5502,0.2,-15.0731,True,deep_learning_adaptive,0.6916,0.1762
60,v3,v7,20.0,130.0,30.0,0.6,0.65,0.6,-18.6396,True,deep_learning_adaptive,0.5723,0.1516
60,v3,v11,20.0,150.0,20.0,0.6,0.75,0.4,-18.6344,True,deep_learning_adaptive,0.5742,0.1395
60,v4,v3,40.0,10.44,20.0,1.0,0.0522,0.4,19.8836,False,deep_learning_adaptive,19.8572,0.998
60,v4,v8,40.0,50.0,10.0,1.0,0.25,0.2,10.4082,False,deep_learning_adaptive,10.3643,0.9971
60,v4,v12,40.0,100.0,30.0,1.0,0.5,0.6,3.1835,True,deep_learning_adaptive,2.5747,0.8928
60,v4,v7,40.0,120.04,10.0,1.0,0.6002,0.2,4.3227,False,deep_learning_adaptive,2.6687,0.9232
60,v4,v11,40.0,140.03,0.0,1.0,0.7002,0.0,5.6604,False,deep_learning_adaptive,2.7469,0.9377
61,v1,v2,40.0,10.44,0.0,1.0,0.0522,0.0,23.7006,False,deep_learning_adaptive,23.6801,0.998
61,v1,v6,40.0,60.07,0.0,1.0,0.3004,0.0,11.5409,False,deep_learning_adaptive,11.5247,0.9951
61,v2,v1,20.0,10.44,0.0,0.6,0.0522,0.0,3.7006,False,deep_learning_adaptive,2.619,0.9088
61,v2,v6,20.0,50.0,0.0,0.6,0.25,0.0,-7.1835,False,deep_learning_adaptive,1.2227,0.3309
61,v3,v4,20.0,10.44,10.0,0.6,0.0522,0.2,1.2923,False,deep_learning_adaptive,2.3781,0.8441
61,v3,v8,20.0,30.15,10.0,0.6,0.1507,0.2,-6.0768,False,deep_learning_adaptive,1.3883,0.4156
61,v3,v7,20.0,100.0,0.0,0.6,0.5,0.0,-12.0,True,deep_learning_adaptive,0.844,0.1994
61,v3,v12,20.0,120.04,40.0,0.6,0.6002,0.8,-18.8608,True,deep_learning_adaptive,0.5638,0.1445
61,v3,v11,20.0,130.0,0.0,0.6,0.65,0.0,-13.8231,True,deep_learning_adaptive,0.726,0.1787
61,v4,v3,40.0,10.44,10.0,1.0,0.0522,0.2,21.2923,False,deep_learning_adaptive,21.255,0.999
61,v4,v8,40.0,40.0,0.0,1.0,0.2,0.0,14.367,False,deep_learning_adaptive,14.3474,1.0
61,v4,v7,40.0,110.04,10.0,1.0,0.5502,0.2,4.9269,False,deep_learning_adaptive,2.7068,0.9264
61,v4,v12,40.0,130.0,30.0,1.0,0.65,0.6,1.3604,True,deep_learning_adaptive,2.3621,0.8377
61,v4,v11,40.0,140.03,10.0,1.0,0.7002,0.2,3.2521,False,deep_learning_adaptive,2.568,0.9023
62,v1,v2,40.0,10.44,30.0,1.0,0.0522,0.6,18.8841,False,deep_learning_adaptive,18.8615,0.9961
62,v1,v6,40.0,60.07,0.0,1.0,0.3004,0.0,11.5409,False,deep_learning_adaptive,11.5097,0.9941
62,v2,v1,20.0,10.44,30.0,0.6,0.0522,0.6,-1.1159,True,deep_learning_adaptive,2.0597,0.7004
62,v2,v6,20.0,50.0,30.0,0.6,0.25,0.6,-12.0,True,deep_learning_adaptive,0.8527,0.2045
62,v3,v4,20.0,3.0,10.0,0.6,0.015,0.2,9.9578,False,deep_learning_adaptive,9.9171,0.9902
62,v3,v8,20.0,40.11,10.0,0.6,0.2006,0.2,-8.0607,False,deep_learning_adaptive,1.1399,0.3102
62,v3,v7,20.0,100.0,10.0,0.6,0.5,0.2,-14.4082,True,deep_learning_adaptive,0.7139,0.1777
62,v3,v11,20.0,130.0,10.0,0.6,0.65,0.2,-16.2313,True,deep_learning_adaptive,0.6386,0.1654
62,v3,v12,20.0,160.03,20.0,0.6,0.8001,0.4,-19.0841,True,deep_learning_adaptive,0.57,0.141
62,v4,v3,40.0,3.0,10.0,1.0,0.015,0.2,29.9578,False,deep_learning_adaptive,29.9341,0.998
62,v4,v8,40.0,40.0,20.0,1.0,0.2,0.4,10.5501,False,deep_learning_adaptive,10.5276,0.9971
62,v4,v7,40.0,100.04,0.0,1.0,0.5002,0.0,7.9969,False,deep_learning_adaptive,2.8394,0.9461
62,v4,v11,40.0,130.03,0.0,1.0,0.6502,0.0,6.1751,False,deep_learning_adaptive,2.7731,0.933
62,v4,v12,40.0,160.0,10.0,1.0,0.8,0.2,2.3258,True,deep_learning_adaptive,2.4845,0.867
63,v1,v2,40.0,20.22,40.0,1.0,0.1011,0.8,13.5145,True,deep_learning_adaptive,13.4884,0.9902
63,v1,v6,40.0,60.07,30.0,1.0,0.3004,0.6,6.7244,False,deep_learning_adaptive,2.7929,0.948
63,v2,v1,20.0,20.22,40.0,0.6,0.1011,0.8,-6.4855,True,deep_learning_adaptive,1.3193,0.3469
63,v2,v6,20.0,80.0,10.0,0.6,0.4,0.2,-12.8577,True,deep_learning_adaptive,0.7817,0.1895
63,v3,v4,20.0,10.44,10.0,0.6,0.0522,0.2,1.2923,False,deep_learning_adaptive,2.3689,0.834
63,v3,v8,20.0,50.09,20.0,0.6,0.2504,0.4,-11.013,True,deep_learning_adaptive,0.9063,0.216
63,v3,v7,20.0,90.0,10.0,0.6,0.45,0.2,-13.6761,True,deep_learning_adaptive,0.7575,0.2006
63,v3,v11,20.0,120.0,10.0,0.6,0.6,0.2,-15.6751,True,deep_learning_adaptive,0.6502,0.15
63,v3,v12,20.0,140.03,0.0,0.6,0.7002,0.0,-14.3396,True,deep_learning_adaptive,0.6977,0.1813
63,v4,v3,40.0,10.44,10.0,1.0,0.0522,0.2,21.2923,False,deep_learning_adaptive,21.2607,0.998
63,v4,v8,40.0,60.0,30.0,1.0,0.3,0.6,6.7331,False,deep_learning_adaptive,2.7943,0.9348
63,v4,v7,40.0,100.04,0.0,1.0,0.5002,0.0,7.9969,False,deep_learning_adaptive,2.84,0.9479
63,v4,v11,40.0,130.03,20.0,1.0,0.6502,0.4,2.3581,True,deep_learning_adaptive,2.4878,0.8613
63,v4,v12,40.0,150.0,10.0,1.0,0.75,0.2,2.7743,False,deep_learning_adaptive,2.5366,0.8971
64,v1,v6,40.0,30.15,10.0,1.0,0.1507,0.2,13.9232,False,deep_learning_adaptive,13.8958,0.9971
64,v1,v2,40.0,60.07,20.0,1.0,0.3004,0.4,7.7239,False,deep_learning_adaptive,2.8304,0.9387
64,v2,v1,20.0,60.07,20.0,0.6,0.3004,0.4,-12.2761,True,deep_learning_adaptive,0.8265,0.2031
64,v2,v6,20.0,90.0,10.0,0.6,0.45,0.2,-13.6761,True,deep_learning_adaptive,0.7582,0.1924
64,v3,v4,20.0,20.22,10.0,0.6,0.1011,0.2,-3.302,False,deep_learning_adaptive,1.7228,0.5355
64,v3,v8,20.0,70.06,10.0,0.6,0.3503,0.2,-11.9362,True,deep_learning_adaptive,0.8312,0.1998
64,v3,v7,20.0,80.0,0.0,0.6,0.4,0.0,-10.4494,True,deep_learning_adaptive,0.9454,0.251
64,v3,v11,20.0,130.0,20.0,0.6,0.65,0.4,-17.6401,True,deep_learning_adaptive,0.5899,0.1408
64,v3,v12,20.0,140.03,10.0,0.6,0.7002,0.2,-16.7479,True,deep_learning_adaptive,0.6156,0.1498
64,v4,v3,40.0,20.22,10.0,1.0,0.1011,0.2,16.698,False,deep_learning_adaptive,16.6705,0.9971
64,v4,v8,40.0,90.0,20.0,1.0,0.45,0.4,4.9151,False,deep_learning_adaptive,2.6949,0.926
64,v4,v7,40.0,100.04,10.0,1.0,0.5002,0.2,5.5886,False,deep_learning_adaptive,2.7427,0.9264
64,v4,v11,40.0,150.03,30.0,1.0,0.7501,0.6,0.3647,True,deep_learning_adaptive,2.2563,0.7918
64,v4,v12,40.0,160.0,20.0,1.0,0.8,0.4,0.9171,True,deep_learning_adaptive,2.3277,0.8242
65,v1,v6,40.0,20.22,10.0,1.0,0.1011,0.2,16.698,False,deep_learning_adaptive,16.6815,0.9971
65,v1,v2,40.0,80.06,20.0,1.0,0.4003,0.4,5.7287,False,deep_learning_adaptive,2.745,0.9363
65,v2,v1,20.0,80.06,20.0,0.6,0.4003,0.4,-14.2713,True,deep_learning_adaptive,0.7132,0.1842
65,v2,v6,20.0,100.0,30.0,0.6,0.5,0.6,-16.8165,True,deep_learning_adaptive,0.6185,0.1355
65,v3,v4,20.0,30.15,40.0,0.6,0.1507,0.8,-9.2603,True,deep_learning_adaptive,1.0389,0.2912
65,v3,v7,20.0,80.0,20.0,0.6,0.4,0.4,-14.2664,True,deep_learning_adaptive,0.7112,0.1602
65,v3,v8,20.0,80.06,30.0,0.6,0.4003,0.6,-15.2708,True,deep_learning_adaptive,0.675,0.1594
65,v3,v11,20.0,150.0,30.0,0.6,0.75,0.6,-19.6339,True,deep_learning_adaptive,0.5511,0.1266
65,v3,v12,20.0,150.03,30.0,0.6,0.7501,0.6,-19.6353,True,deep_learning_adaptive,0.5362,0.1211
65,v4,v3,40.0,30.15,40.0,1.0,0.1507,0.8,10.7397,True,deep_learning_adaptive,10.692,0.9922
65,v4,v8,40.0,110.0,10.0,1.0,0.55,0.2,4.9295,False,deep_learning_adaptive,2.697,0.934
65,v4,v7,40.0,110.04,20.0,1.0,0.5502,0.4,3.5182,False,deep_learning_adaptive,2.5982,0.9078
65,v4,v12,40.0,180.0,10.0,1.0,0.9,0.2,1.5074,True,deep_learning_adaptive,2.402,0.8508
65,v4,v11,40.0,180.02,10.0,1.0,0.9001,0.2,1.5064,True,deep_learning_adaptive,2.4075,0.8289
66,v1,v6,40.0,10.44,20.0,1.0,0.0522,0.4,19.8836,False,deep_learning_adaptive,19.8444,0.9971
66,v1,v2,40.0,60.07,20.0,1.0,0.3004,0.4,7.7239,False,deep_learning_adaptive,2.8308,0.9504
66,v2,v1,20.0,60.07,20.0,0.6,0.3004,0.4,-12.2761,True,deep_learning_adaptive,0.8242,0.209
66,v2,v6,20.0,70.0,0.0,0.6,0.35,0.0,-9.5216,True,deep_learning_adaptive,1.0474,0.2752
66,v3,v4,20.0,10.44,10.0,0.6,0.0522,0.2,1.2923,False,deep_learning_adaptive,2.3691,0.8252
66,v3,v7,20.0,100.0,20.0,0.6,0.5,0.4,-15.817,True,deep_learning_adaptive,0.6521,0.1385
66,v3,v8,20.0,110.04,0.0,0.6,0.5502,0.0,-12.6649,True,deep_learning_adaptive,0.7977,0.1998
66,v3,v11,20.0,180.0,30.0,0.6,0.9,0.6,-20.9008,True,deep_learning_adaptive,0.5096,0.1414
66,v3,v12,20.0,180.02,10.0,0.6,0.9001,0.2,-18.4936,True,deep_learning_adaptive,0.5815,0.1418
66,v4,v3,40.0,10.44,10.0,1.0,0.0522,0.2,21.2923,False,deep_learning_adaptive,21.2675,0.998
66,v4,v7,40.0,90.05,30.0,1.0,0.4502,0.6,3.9118,True,deep_learning_adaptive,2.6298,0.9117
66,v4,v8,40.0,100.0,10.0,1.0,0.5,0.2,5.5918,False,deep_learning_adaptive,2.7445,0.9328
66,v4,v12,40.0,170.0,20.0,1.0,0.85,0.4,0.4958,True,deep_learning_adaptive,2.2698,0.7822
66,v4,v11,40.0,170.03,40.0,1.0,0.8501,0.8,-1.28,True,deep_learning_adaptive,2.0321,0.6785
67,v1,v6,40.0,30.15,30.0,1.0,0.1507,0.6,11.515,False,deep_learning_adaptive,11.4985,0.9955
67,v1,v2,40.0,40.11,30.0,1.0,0.2006,0.6,9.5311,False,deep_learning_adaptive,2.8777,0.9568
67,v2,v1,20.0,40.11,30.0,0.6,0.2006,0.6,-10.4689,True,deep_learning_adaptive,0.9467,0.2486
67,v2,v6,20.0,70.0,0.0,0.6,0.35,0.0,-9.5216,True,deep_learning_adaptive,1.0417,0.2527
67,v3,v4,20.0,20.22,10.0,0.6,0.1011,0.2,-3.302,False,deep_learning_adaptive,1.7335,0.5693
67,v3,v7,20.0,80.0,40.0,0.6,0.4,0.8,-16.0412,True,deep_learning_adaptive,0.6247,0.1453
67,v3,v8,20.0,110.04,20.0,0.6,0.5502,0.4,-16.4818,True,deep_learning_adaptive,0.6204,0.1457
67,v3,v11,20.0,150.0,0.0,0.6,0.75,0.0,-14.8175,True,deep_learning_adaptive,0.7029,0.1893
67,v3,v12,20.0,170.03,20.0,0.6,0.8501,0.4,-19.5052,True,deep_learning_adaptive,0.5537,0.142
67,v4,v3,40.0,20.22,10.0,1.0,0.1011,0.2,16.698,False,deep_learning_adaptive,16.6801,0.9971
67,v4,v7,40.0,60.07,30.0,1.0,0.3004,0.6,6.7244,False,deep_learning_adaptive,2.794,0.9348
67,v4,v8,40.0,90.0,10.0,1.0,0.45,0.2,6.3239,False,deep_learning_adaptive,2.78,0.9318
67,v4,v11,40.0,130.03,10.0,1.0,0.6502,0.2,3.7668,False,deep_learning_adaptive,2.6211,0.8971
67,v4,v12,40.0,150.0,10.0,1.0,0.75,0.2,2.7743,False,deep_learning_adaptive,2.526,0.8916
68,v1,v6,40.0,3.0,40.0,1.0,0.015,0.8,26.7743,True,deep_learning_adaptive,26.7582,0.9961
68,v1,v2,40.0,70.06,10.0,1.0,0.3503,0.2,8.0638,False,deep_learning_adaptive,2.8437,0.9549
68,v1,v13,40.0,180.0,30.0,1.0,0.9,0.6,-0.9008,True,deep_learning_adaptive,2.1062,0.7229
68,v2,v6,20.0,70.0,30.0,0.6,0.35,0.6,-14.338,True,deep_learning_adaptive,0.7052,0.1941
68,v2,v1,20.0,70.06,10.0,0.6,0.3503,0.2,-11.9362,True,deep_learning_adaptive,0.8496,0.2023
68,v3,v4,20.0,10.44,30.0,0.6,0.0522,0.6,-1.1159,True,deep_learning_adaptive,2.0581,0.6881
68,v3,v7,20.0,40.0,10.0,0.6,0.2,0.2,-8.0412,False,deep_learning_adaptive,1.1373,0.3121
68,v3,v8,20.0,90.05,10.0,0.6,0.4502,0.2,-13.68,True,deep_learning_adaptive,0.7496,0.1535
68,v3,v11,20.0,150.0,0.0,0.6,0.75,0.0,-14.8175,True,deep_learning_adaptive,0.705,0.1803
68,v3,v12,20.0,150.03,10.0,0.6,0.7501,0.2,-17.2271,True,deep_learning_adaptive,0.6064,0.1311
68,v4,v3,40.0,10.44,30.0,1.0,0.0522,0.6,18.8841,False,deep_learning_adaptive,18.8602,0.999
68,v4,v7,40.0,30.15,20.0,1.0,0.1507,0.4,12.5145,False,deep_learning_adaptive,12.4902,0.998
68,v4,v8,40.0,80.0,40.0,1.0,0.4,0.8,3.9588,True,deep_learning_adaptive,2.6279,0.9187
68,v4,v12,40.0,140.0,20.0,1.0,0.7,0.4,1.845,True,deep_learning_adaptive,2.4339,0.8527
68,v4,v11,40.0,140.03,30.0,1.0,0.7002,0.6,0.8439,True,deep_learning_adaptive,2.3249,0.8137
69,v1,v6,40.0,40.11,30.0,1.0,0.2006,0.6,9.5311,False,deep_learning_adaptive,2.8815,0.9523
69,v1,v2,40.0,80.06,10.0,1.0,0.4003,0.2,7.1374,False,deep_learning_adaptive,2.8113,0.9426
69,v1,v13,40.0,150.0,0.0,1.0,0.75,0.0,5.1825,False,deep_learning_adaptive,2.7133,0.9236
69,v2,v6,20.0,40.0,20.0,0.6,0.2,0.4,-9.4499,True,deep_learning_adaptive,1.0135,0.2375
69,v2,v1,20.0,80.06,10.0,0.6,0.4003,0.2,-12.8626,True,deep_learning_adaptive,0.7839,0.201
69,v3,v4,20.0,40.11,30.0,0.6,0.2006,0.6,-10.4689,True,deep_learning_adaptive,0.9296,0.2465
69,v3,v7,20.0,50.0,20.0,0.6,0.25,0.4,-11.0005,True,deep_learning_adaptive,0.9121,0.208
69,v3,v8,20.0,80.06,0.0,0.6,0.4003,0.0,-10.4543,True,deep_learning_adaptive,0.9302,0.2338
69,v3,v11,20.0,150.0,30.0,0.6,0.75,0.6,-19.6339,True,deep_learning_adaptive,0.5231,0.1248
69,v3,v12,20.0,160.03,10.0,0.6,0.8001,0.2,-17.6754,True,deep_learning_adaptive,0.5966,0.1582
69,v4,v7,40.0,10.44,10.0,1.0,0.0522,0.2,21.2923,False,deep_learning_adaptive,21.2617,0.9971
69,v4,v8,40.0,40.0,30.0,1.0,0.2,0.6,9.5506,False,deep_learning_adaptive,2.8792,0.9537
69,v4,v3,40.0,40.11,30.0,1.0,0.2006,0.6,9.5311,False,deep_learning_adaptive,2.8819,0.948
69,v4,v11,40.0,110.04,0.0,1.0,0.5502,0.0,7.3351,False,deep_learning_adaptive,2.8146,0.9396
69,v4,v12,40.0,120.0,20.0,1.0,0.6,0.4,2.9161,False,deep_learning_adaptive,2.5385,0.8816
70,v1,v6,40.0,70.06,10.0,1.0,0.3503,0.2,8.0638,False,deep_learning_adaptive,2.8435,0.9543
70,v1,v2,40.0,90.05,0.0,1.0,0.4502,0.0,8.7283,False,deep_learning_adaptive,2.861,0.952
70,v1,v13,40.0,150.0,30.0,1.0,0.75,0.6,0.3661,True,deep_learning_adaptive,2.2498,0.7836
70,v1,v5,40.0,180.0,30.0,1.0,0.9,0.6,-0.9008,True,deep_learning_adaptive,2.0895,0.7174
70,v2,v6,20.0,20.0,10.0,0.6,0.1,0.2,-3.2247,False,deep_learning_adaptive,1.7519,0.5637
70,v2,v1,20.0,90.05,0.0,0.6,0.4502,0.0,-11.2717,True,deep_learning_adaptive,0.8966,0.2277
70,v3,v7,20.0,70.0,30.0,0.6,0.35,0.6,-14.338,True,deep_learning_adaptive,0.711,0.1672
70,v3,v4,20.0,70.06,10.0,0.6,0.3503,0.2,-11.9362,True,deep_learning_adaptive,0.8364,0.2248
70,v3,v8,20.0,80.06,10.0,0.6,0.4003,0.2,-12.8626,True,deep_learning_adaptive,0.7879,0.2012
70,v3,v12,20.0,170.03,0.0,0.6,0.8501,0.0,-15.6883,True,deep_learning_adaptive,0.6617,0.1682
70,v3,v11,20.0,180.0,10.0,0.6,0.9,0.2,-18.4926,True,deep_learning_adaptive,0.5574,0.1414
70,v4,v7,40.0,3.0,20.0,1.0,0.015,0.4,28.5491,False,deep_learning_adaptive,28.5204,0.9971
70,v4,v8,40.0,10.0,0.0,1.0,0.05,0.0,24.0,False,deep_learning_adaptive,23.9792,0.998
70,v4,v3,40.0,70.06,10.0,1.0,0.3503,0.2,8.0638,False,deep_learning_adaptive,2.8398,0.9406
70,v4,v12,40.0,100.0,10.0,1.0,0.5,0.2,5.5918,False,deep_learning_adaptive,2.7359,0.9254
70,v4,v11,40.0,110.04,0.0,1.0,0.5502,0.0,7.3351,False,deep_learning_adaptive,2.821,0.94
71,v1,v6,40.0,60.07,30.0,1.0,0.3004,0.6,6.7244,False,deep_learning_adaptive,2.796,0.9494
71,v1,v2,40.0,90.05,0.0,1.0,0.4502,0.0,8.7283,False,deep_learning_adaptive,2.8607,0.9484
71,v1,v13,40.0,180.0,30.0,1.0,0.9,0.6,-0.9008,True,deep_learning_adaptive,2.0911,0.7051
71,v2,v6,20.0,30.0,30.0,0.6,0.15,0.6,-8.4504,True,deep_learning_adaptive,1.0994,0.2744
71,v2,v1,20.0,90.05,0.0,0.6,0.4502,0.0,-11.2717,True,deep_learning_adaptive,0.8794,0.2311
71,v3,v7,20.0,40.0,30.0,0.6,0.2,0.6,-10.4494,True,deep_learning_adaptive,0.9385,0.2094
71,v3,v4,20.0,60.07,30.0,0.6,0.3004,0.6,-13.2756,True,deep_learning_adaptive,0.7624,0.1902
71,v3,v8,20.0,70.06,0.0,0.6,0.3503,0.0,-9.5279,True,deep_learning_adaptive,1.018,0.2783
71,v3,v11,20.0,170.0,20.0,0.6,0.85,0.4,-19.5042,True,deep_learning_adaptive,0.5427,0.1422
71,v3,v12,20.0,170.03,30.0,0.6,0.8501,0.6,-20.5047,True,deep_learning_adaptive,0.5259,0.1273
71,v4,v8,40.0,10.0,30.0,1.0,0.05,0.6,19.1835,False,deep_learning_adaptive,19.1594,0.9971
71,v4,v7,40.0,20.22,0.0,1.0,0.1011,0.0,19.1062,False,deep_learning_adaptive,19.0847,0.9961
71,v4,v3,40.0,60.07,30.0,1.0,0.3004,0.6,6.7244,False,deep_learning_adaptive,2.7919,0.9381
71,v4,v12,40.0,110.0,0.0,1.0,0.55,0.0,7.3377,False,deep_learning_adaptive,2.819,0.9436
71,v4,v11,40.0,110.04,10.0,1.0,0.5502,0.2,4.9269,False,deep_learning_adaptive,2.7067,0.9172
72,v1,v2,40.0,90.05,0.0,1.0,0.4502,0.0,8.7283,False,deep_learning_adaptive,2.8624,0.9523
72,v1,v6,40.0,90.05,10.0,1.0,0.4502,0.2,6.32,False,deep_learning_adaptive,2.7798,0.9402
72,v1,v13,40.0,150.0,10.0,1.0,0.75,0.2,2.7743,False,deep_learning_adaptive,2.529,0.8857
72,v2,v6,20.0,0.0,10.0,0.6,0.0,0.2,33.5918,False,deep_learning_adaptive,33.563,0.999
72,v2,v1,20.0,90.05,0.0,0.6,0.4502,0.0,-11.2717,True,deep_learning_adaptive,0.8708,0.2146
72,v3,v7,20.0,70.0,30.0,0.6,0.35,0.6,-14.338,True,deep_learning_adaptive,0.7184,0.1613
72,v3,v8,20.0,70.06,10.0,0.6,0.3503,0.2,-11.9362,True,deep_learning_adaptive,0.831,0.2287
72,v3,v4,20.0,90.05,10.0,0.6,0.4502,0.2,-13.68,True,deep_learning_adaptive,0.7591,0.1844
72,v3,v11,20.0,190.0,10.0,0.6,0.95,0.2,-18.8683,True,deep_learning_adaptive,0.5442,0.1451
72,v4,v8,40.0,20.0,20.0,1.0,0.1,0.4,15.3666,False,deep_learning_adaptive,15.3525,0.9936
72,v4,v7,40.0,20.22,40.0,1.0,0.1011,0.8,13.5145,True,deep_learning_adaptive,13.4762,0.9922
72,v4,v3,40.0,90.05,10.0,1.0,0.4502,0.2,6.32,False,deep_learning_adaptive,2.7771,0.9467
72,v4,v11,40.0,100.04,20.0,1.0,0.5002,0.4,4.1799,False,deep_learning_adaptive,2.6492,0.9006
72,v4,v12,40.0,110.0,0.0,1.0,0.55,0.0,7.3377,False,deep_learning_adaptive,2.8199,0.9426
73,v1,v2,40.0,90.05,0.0,1.0,0.4502,0.0,8.7283,False,deep_learning_adaptive,2.8593,0.9529
73,v1,v6,40.0,100.04,30.0,1.0,0.5002,0.6,3.1804,True,deep_learning_adaptive,2.5769,0.9
73,v1,v13,40.0,140.0,40.0,1.0,0.7,0.8,0.0702,True,deep_learning_adaptive,2.2273,0.7604
73,v1,v5,40.0,200.0,0.0,1.0,1.0,0.0,3.1835,True,deep_learning_adaptive,2.5656,0.89
73,v2,v6,20.0,10.0,30.0,0.6,0.05,0.6,-0.8165,True,deep_learning_adaptive,2.1011,0.7023
73,v2,v1,20.0,90.05,0.0,0.6,0.4502,0.0,-11.2717,True,deep_learning_adaptive,0.8907,0.2295
73,v3,v7,20.0,40.0,40.0,0.6,0.2,0.8,-11.2247,True,deep_learning_adaptive,0.8751,0.2209
73,v3,v8,20.0,60.07,0.0,0.6,0.3004,0.0,-8.4591,True,deep_learning_adaptive,1.1004,0.3117
73,v3,v4,20.0,100.04,30.0,0.6,0.5002,0.6,-16.8196,True,deep_learning_adaptive,0.6238,0.1441
73,v3,v11,20.0,180.0,30.0,0.6,0.9,0.6,-20.9008,True,deep_learning_adaptive,0.5216,0.1365
73,v4,v8,40.0,40.0,30.0,1.0,0.2,0.6,9.5506,False,deep_learning_adaptive,2.8804,0.9592
73,v4,v7,40.0,60.07,10.0,1.0,0.3004,0.2,9.1327,False,deep_learning_adaptive,2.8695,0.9568
73,v4,v11,40.0,80.06,0.0,1.0,0.4003,0.0,9.5457,False,deep_learning_adaptive,2.8775,0.9488
73,v4,v3,40.0,100.04,30.0,1.0,0.5002,0.6,3.1804,True,deep_learning_adaptive,2.5618,0.8875
73,v4,v12,40.0,110.0,30.0,1.0,0.55,0.6,2.5212,True,deep_learning_adaptive,2.5087,0.8666
74,v1,v6,40.0,70.06,10.0,1.0,0.3503,0.2,8.0638,False,deep_learning_adaptive,2.841,0.9471
74,v1,v2,40.0,90.05,20.0,1.0,0.4502,0.4,4.9113,False,deep_learning_adaptive,2.7003,0.9217
74,v1,v13,40.0,180.0,40.0,1.0,0.9,0.8,-1.6761,True,deep_learning_adaptive,1.9615,0.6525
74,v1,v5,40.0,200.0,0.0,1.0,1.0,0.0,3.1835,True,deep_learning_adaptive,2.5674,0.8986
74,v2,v6,20.0,20.0,10.0,0.6,0.1,0.2,-3.2247,False,deep_learning_adaptive,1.7455,0.5838
74,v2,v1,20.0,90.05,20.0,0.6,0.4502,0.4,-15.0887,True,deep_learning_adaptive,0.6912,0.1814
74,v3,v7,20.0,0.0,20.0,0.6,0.0,0.4,32.183,True,deep_learning_adaptive,32.1623,0.999
74,v3,v8,20.0,60.07,0.0,0.6,0.3004,0.0,-8.4591,True,deep_learning_adaptive,1.1328,0.2955
74,v3,v4,20.0,70.06,30.0,0.6,0.3503,0.6,-14.3444,True,deep_learning_adaptive,0.7221,0.1686
74,v3,v11,20.0,150.0,20.0,0.6,0.75,0.4,-18.6344,True,deep_learning_adaptive,0.5604,0.142
74,v4,v8,40.0,10.0,30.0,1.0,0.05,0.6,19.1835,False,deep_learning_adaptive,19.1611,0.9971
74,v4,v3,40.0,70.06,30.0,1.0,0.3503,0.6,5.6556,False,deep_learning_adaptive,2.7434,0.9383
74,v4,v7,40.0,70.06,10.0,1.0,0.3503,0.2,8.0638,False,deep_learning_adaptive,2.8385,0.9504
74,v4,v11,40.0,80.06,10.0,1.0,0.4003,0.2,7.1374,False,deep_learning_adaptive,2.811,0.952
74,v4,v12,40.0,140.0,20.0,1.0,0.7,0.4,1.845,True,deep_learning_adaptive,2.4416,0.8561
75,v1,v6,40.0,80.06,10.0,1.0,0.4003,0.2,7.1374,False,deep_learning_adaptive,2.8089,0.9436
75,v1,v2,40.0,110.04,40.0,1.0,0.5502,0.8,1.7434,True,deep_learning_adaptive,2.4331,0.843
75,v1,v13,40.0,140.0,20.0,1.0,0.7,0.4,1.845,True,deep_learning_adaptive,2.4357,0.8574
75,v1,v14,40.0,170.03,30.0,1.0,0.8501,0.6,-0.5047,True,deep_learning_adaptive,2.1439,0.7283
75,v1,v5,40.0,200.0,30.0,1.0,1.0,0.6,-1.633,True,deep_learning_adaptive,1.9665,0.6732
75,v2,v6,20.0,30.0,30.0,0.6,0.15,0.6,-8.4504,True,deep_learning_adaptive,1.1087,0.2832
75,v2,v1,20.0,110.04,40.0,0.6,0.5502,0.8,-18.2566,True,deep_learning_adaptive,0.5891,0.126
75,v3,v7,20.0,20.0,20.0,0.6,0.1,0.4,-4.6334,True,deep_learning_adaptive,1.5613,0.5006
75,v3,v8,20.0,60.07,10.0,0.6,0.3004,0.2,-10.8673,True,deep_learning_adaptive,0.9336,0.2311
75,v3,v4,20.0,100.04,20.0,0.6,0.5002,0.4,-15.8201,True,deep_learning_adaptive,0.6564,0.1578
75,v3,v11,20.0,170.0,20.0,0.6,0.85,0.4,-19.5042,True,deep_learning_adaptive,0.5404,0.1342
75,v4,v8,40.0,40.0,10.0,1.0,0.2,0.2,11.9588,False,deep_learning_adaptive,11.9383,0.9961
75,v4,v11,40.0,70.06,0.0,1.0,0.3503,0.0,10.4721,False,deep_learning_adaptive,10.4356,0.9932
75,v4,v7,40.0,80.06,0.0,1.0,0.4003,0.0,9.5457,False,deep_learning_adaptive,2.8826,0.9529
75,v4,v3,40.0,100.04,20.0,1.0,0.5002,0.4,4.1799,False,deep_learning_adaptive,2.6542,0.9158
75,v4,v12,40.0,120.0,30.0,1.0,0.6,0.6,1.9166,True,deep_learning_adaptive,2.4449,0.8623
76,v1,v6,40.0,90.05,20.0,1.0,0.4502,0.4,4.9113,False,deep_learning_adaptive,2.7011,0.9229
76,v1,v13,40.0,120.0,20.0,1.0,0.6,0.4,2.9161,False,deep_learning_adaptive,2.5379,0.8762
76,v1,v14,40.0,140.03,0.0,1.0,0.7002,0.0,5.6604,False,deep_learning_adaptive,2.7429,0.9357
76,v1,v2,40.0,150.03,0.0,1.0,0.7501,0.0,5.1812,False,deep_learning_adaptive,2.7098,0.9391
76,v1,v5,40.0,170.0,0.0,1.0,0.85,0.0,4.3128,True,deep_learning_adaptive,2.6554,0.9236
76,v2,v6,20.0,60.0,20.0,0.6,0.3,0.4,-12.2674,True,deep_learning_adaptive,0.8257,0.1836
76,v2,v1,20.0,150.03,0.0,0.6,0.7501,0.0,-14.8188,True,deep_learning_adaptive,0.6841,0.1678
76,v3,v7,20.0,0.0,10.0,0.6,0.0,0.2,33.5918,False,deep_learning_adaptive,33.558,0.999
76,v3,v8,20.0,50.09,40.0,0.6,0.2504,0.8,-12.7878,True,deep_learning_adaptive,0.7911,0.1795
76,v3,v4,20.0,80.06,30.0,0.6,0.4003,0.6,-15.2708,True,deep_learning_adaptive,0.6927,0.1594
76,v3,v11,20.0,150.0,40.0,0.6,0.75,0.8,-20.4092,True,deep_learning_adaptive,0.5238,0.1186
76,v4,v8,40.0,30.0,10.0,1.0,0.15,0.2,13.9578,False,deep_learning_adaptive,13.9311,0.9902
76,v4,v11,40.0,70.06,10.0,1.0,0.3503,0.2,8.0638,False,deep_learning_adaptive,2.8421,0.9471
76,v4,v3,40.0,80.06,30.0,1.0,0.4003,0.6,4.7292,False,deep_learning_adaptive,2.6906,0.9305
76,v4,v7,40.0,80.06,20.0,1.0,0.4003,0.4,5.7287,False,deep_learning_adaptive,2.7475,0.9363
76,v4,v12,40.0,150.0,10.0,1.0,0.75,0.2,2.7743,False,deep_learning_adaptive,2.5323,0.885
77,v1,v13,40.0,100.0,0.0,1.0,0.5,0.0,8.0,False,deep_learning_adaptive,2.8377,0.9475
77,v1,v6,40.0,110.04,10.0,1.0,0.5502,0.2,4.9269,False,deep_learning_adaptive,2.7058,0.9211
77,v1,v14,40.0,140.03,20.0,1.0,0.7002,0.4,1.8434,True,deep_learning_adaptive,2.4332,0.8457
77,v1,v2,40.0,150.03,0.0,1.0,0.7501,0.0,5.1812,False,deep_learning_adaptive,2.7146,0.9318
77,v1,v5,40.0,170.0,20.0,1.0,0.85,0.4,0.4958,True,deep_learning_adaptive,2.2831,0.7801
77,v2,v6,20.0,40.0,10.0,0.6,0.2,0.2,-8.0412,False,deep_learning_adaptive,1.1581,0.2838
77,v2,v1,20.0,150.03,0.0,0.6,0.7501,0.0,-14.8188,True,deep_learning_adaptive,0.6956,0.1422
77,v3,v7,20.0,10.0,10.0,0.6,0.05,0.2,1.5918,False,deep_learning_adaptive,2.4089,0.8361
77,v3,v8,20.0,10.44,30.0,0.6,0.0522,0.6,-1.1159,True,deep_learning_adaptive,2.0646,0.6959
77,v3,v4,20.0,50.09,40.0,0.6,0.2504,0.8,-12.7878,True,deep_learning_adaptive,0.807,0.2014
77,v3,v11,20.0,110.0,20.0,0.6,0.55,0.4,-16.4793,True,deep_learning_adaptive,0.6261,0.1531
77,v3,v12,20.0,190.02,40.0,0.6,0.9501,0.8,-22.0527,True,deep_learning_adaptive,0.4815,0.1369
77,v4,v8,40.0,40.0,10.0,1.0,0.2,0.2,11.9588,False,deep_learning_adaptive,11.9203,0.9941
77,v4,v3,40.0,50.09,40.0,1.0,0.2504,0.8,7.2122,True,deep_learning_adaptive,2.8136,0.952
77,v4,v7,40.0,60.07,30.0,1.0,0.3004,0.6,6.7244,False,deep_learning_adaptive,2.8,0.942
77,v4,v11,40.0,60.07,20.0,1.0,0.3004,0.4,7.7239,False,deep_learning_adaptive,2.8297,0.9438
77,v4,v12,40.0,140.0,0.0,1.0,0.7,0.0,5.662,False,deep_learning_adaptive,2.7404,0.9402
78,v1,v13,40.0,100.0,30.0,1.0,0.5,0.6,3.1835,True,deep_learning_adaptive,2.5717,0.8994
78,v1,v6,40.0,100.04,40.0,1.0,0.5002,0.8,2.4051,True,deep_learning_adaptive,2.4927,0.8736
78,v1,v5,40.0,150.0,20.0,1.0,0.75,0.4,1.3656,True,deep_learning_adaptive,2.388,0.8426
78,v1,v2,40.0,150.03,0.0,1.0,0.7501,0.0,5.1812,False,deep_learning_adaptive,2.7142,0.924
78,v1,v14,40.0,160.03,30.0,1.0,0.8001,0.6,-0.0836,True,deep_learning_adaptive,2.2052,0.758
78,v2,v6,20.0,50.0,40.0,0.6,0.25,0.8,-12.7753,True,deep_learning_adaptive,0.7917,0.183
78,v2,v1,20.0,150.03,0.0,0.6,0.7501,0.0,-14.8188,True,deep_learning_adaptive,0.7056,0.1615
78,v3,v4,20.0,10.44,40.0,0.6,0.0522,0.8,-1.8912,True,deep_learning_adaptive,1.9439,0.6574
78,v3,v7,20.0,20.0,10.0,0.6,0.1,0.2,-3.2247,False,deep_learning_adaptive,1.7571,0.5854
78,v3,v8,20.0,20.22,20.0,0.6,0.1011,0.4,-4.7108,True,deep_learning_adaptive,1.5386,0.4504
78,v3,v11,20.0,90.0,20.0,0.6,0.45,0.4,-15.0849,True,deep_learning_adaptive,0.6859,0.1641
78,v3,v12,20.0,150.03,0.0,0.6,0.7501,0.0,-14.8188,True,deep_learning_adaptive,0.6974,0.1666
78,v4,v3,40.0,10.44,40.0,1.0,0.0522,0.8,18.1088,True,deep_learning_adaptive,18.0838,0.9961
78,v4,v8,40.0,30.0,20.0,1.0,0.15,0.4,12.5491,False,deep_learning_adaptive,12.534,0.9932
78,v4,v7,40.0,30.15,30.0,1.0,0.1507,0.6,11.515,False,deep_learning_adaptive,11.4943,0.9926
78,v4,v11,40.0,80.06,20.0,1.0,0.4003,0.4,5.7287,False,deep_learning_adaptive,2.7478,0.9377
78,v4,v12,40.0,140.0,40.0,1.0,0.7,0.8,0.0702,True,deep_learning_adaptive,2.2374,0.7785
79,v1,v6,40.0,60.07,20.0,1.0,0.3004,0.4,7.7239,False,deep_learning_adaptive,2.8301,0.9416
79,v1,v13,40.0,130.0,40.0,1.0,0.65,0.8,0.5851,True,deep_learning_adaptive,2.2877,0.7881
79,v1,v2,40.0,150.03,30.0,1.0,0.7501,0.6,0.3647,True,deep_learning_adaptive,2.2548,0.7807
79,v1,v5,40.0,170.0,10.0,1.0,0.85,0.2,1.9046,True,deep_learning_adaptive,2.4318,0.8582
79,v1,v14,40.0,190.02,40.0,1.0,0.9501,0.8,-2.0527,True,deep_learning_adaptive,1.924,0.6318
79,v2,v6,20.0,90.0,10.0,0.6,0.45,0.2,-13.6761,True,deep_learning_adaptive,0.7499,0.1998
79,v2,v1,20.0,150.03,30.0,0.6,0.7501,0.6,-19.6353,True,deep_learning_adaptive,0.5162,0.1313
79,v3,v7,20.0,30.0,20.0,0.6,0.15,0.4,-7.4509,True,deep_learning_adaptive,1.1907,0.3053
79,v3,v4,20.0,30.15,0.0,0.6,0.1507,0.0,-3.6685,False,deep_learning_adaptive,1.6865,0.5311
79,v3,v8,20.0,40.11,10.0,0.6,0.2006,0.2,-8.0607,False,deep_learning_adaptive,1.1382,0.3014
79,v3,v11,20.0,70.0,10.0,0.6,0.35,0.2,-11.9298,True,deep_learning_adaptive,0.866,0.2117
79,v3,v15,20.0,140.0,20.0,0.6,0.7,0.4,-18.155,True,deep_learning_adaptive,0.589,0.1463
79,v4,v7,40.0,3.0,20.0,1.0,0.015,0.4,28.5491,False,deep_learning_adaptive,28.5248,0.9971
79,v4,v8,40.0,10.0,10.0,1.0,0.05,0.2,21.5918,False,deep_learning_adaptive,21.5573,0.9971
79,v4,v3,40.0,30.15,0.0,1.0,0.1507,0.0,16.3315,False,deep_learning_adaptive,16.3071,0.999
79,v4,v11,40.0,100.04,10.0,1.0,0.5002,0.2,5.5886,False,deep_learning_adaptive,2.7377,0.9357
79,v4,v15,40.0,170.03,20.0,1.0,0.8501,0.4,0.4948,True,deep_learning_adaptive,2.2867,0.7961
80,v1,v6,40.0,40.11,0.0,1.0,0.2006,0.0,14.3476,False,deep_learning_adaptive,14.3251,0.9932
80,v1,v2,40.0,120.04,0.0,1.0,0.6002,0.0,6.7309,False,deep_learning_adaptive,2.7974,0.9432
80,v1,v13,40.0,170.0,30.0,1.0,0.85,0.6,-0.5037,True,deep_learning_adaptive,2.135,0.7264
80,v1,v5,40.0,180.0,0.0,1.0,0.9,0.0,3.9156,True,deep_learning_adaptive,2.6272,0.9184
80,v2,v6,20.0,80.0,0.0,0.6,0.4,0.0,-10.4494,True,deep_learning_adaptive,0.9313,0.2516
80,v2,v1,20.0,120.04,0.0,0.6,0.6002,0.0,-13.2691,True,deep_learning_adaptive,0.7586,0.192
80,v3,v7,20.0,10.0,10.0,0.6,0.05,0.2,1.5918,False,deep_learning_adaptive,2.3999,0.8307
80,v3,v4,20.0,30.15,10.0,0.6,0.1507,0.2,-6.0768,False,deep_learning_adaptive,1.3739,0.3902
80,v3,v8,20.0,30.15,20.0,0.6,0.1507,0.4,-7.4855,True,deep_learning_adaptive,1.2033,0.323
80,v3,v11,20.0,60.0,10.0,0.6,0.3,0.2,-10.8587,True,deep_learning_adaptive,0.8994,0.2223
80,v3,v12,20.0,140.03,0.0,0.6,0.7002,0.0,-14.3396,True,deep_learning_adaptive,0.7099,0.1725
80,v4,v8,40.0,0.0,30.0,1.0,0.0,0.6,40.0,False,deep_learning_adaptive,39.9766,0.999
80,v4,v7,40.0,20.22,20.0,1.0,0.1011,0.4,15.2892,False,deep_learning_adaptive,15.2607,0.998
80,v4,v3,40.0,30.15,10.0,1.0,0.1507,0.2,13.9232,False,deep_learning_adaptive,13.9061,0.9951
80,v4,v11,40.0,90.05,20.0,1.0,0.4502,0.4,4.9113,False,deep_learning_adaptive,2.7084,0.9133
80,v4,v12,40.0,170.0,10.0,1.0,0.85,0.2,1.9046,True,deep_learning_adaptive,2.437,0.8531
81,v1,v6,40.0,40.11,10.0,1.0,0.2006,0.2,11.9393,False,deep_learning_adaptive,11.9117,0.9951
81,v1,v2,40.0,120.04,10.0,1.0,0.6002,0.2,4.3227,False,deep_learning_adaptive,2.6632,0.9182
81,v1,v5,40.0,180.0,20.0,1.0,0.9,0.4,0.0987,True,deep_learning_adaptive,2.2239,0.7707
81,v1,v13,40.0,200.0,30.0,1.0,1.0,0.6,-1.633,True,deep_learning_adaptive,1.9741,0.6738
81,v2,v6,20.0,80.0,20.0,0.6,0.4,0.4,-14.2664,True,deep_learning_adaptive,0.7353,0.1754
81,v2,v1,20.0,120.04,10.0,0.6,0.6002,0.2,-15.6773,True,deep_learning_adaptive,0.6502,0.1459
81,v2,v4,20.0,190.09,60.0,0.6,0.9505,1.2,-23.2243,True,deep_learning_adaptive,0.4856,0.1207
81,v3,v7,20.0,0.0,10.0,0.6,0.0,0.2,33.5918,False,deep_learning_adaptive,33.5759,0.999
81,v3,v8,20.0,10.44,10.0,0.6,0.0522,0.2,1.2923,False,deep_learning_adaptive,2.381,0.8412
81,v3,v4,20.0,40.11,0.0,0.6,0.2006,0.0,-5.6524,False,deep_learning_adaptive,1.4154,0.3826
81,v3,v11,20.0,70.0,20.0,0.6,0.35,0.4,-13.3385,True,deep_learning_adaptive,0.762,0.1703
81,v3,v12,20.0,140.03,0.0,0.6,0.7002,0.0,-14.3396,True,deep_learning_adaptive,0.714,0.1777
81,v4,v8,40.0,30.0,10.0,1.0,0.15,0.2,13.9578,False,deep_learning_adaptive,13.9402,0.9941
81,v4,v3,40.0,40.11,0.0,1.0,0.2006,0.0,14.3476,False,deep_learning_adaptive,14.3176,0.9971
81,v4,v7,40.0,40.11,10.0,1.0,0.2006,0.2,11.9393,False,deep_learning_adaptive,11.9192,0.998
81,v4,v11,40.0,110.04,20.0,1.0,0.5502,0.4,3.5182,False,deep_learning_adaptive,2.5924,0.898
81,v4,v12,40.0,180.0,0.0,1.0,0.9,0.0,3.9156,True,deep_learning_adaptive,2.6379,0.917
82,v1,v6,40.0,30.15,40.0,1.0,0.1507,0.8,10.7397,True,deep_learning_adaptive,10.7174,0.9941
82,v1,v2,40.0,130.03,0.0,1.0,0.6502,0.0,6.1751,False,deep_learning_adaptive,2.7767,0.94
82,v1,v5,40.0,200.0,10.0,1.0,1.0,0.2,0.7753,True,deep_learning_adaptive,2.3015,0.8172
82,v2,v6,20.0,100.0,40.0,0.6,0.5,0.8,-17.5918,True,deep_learning_adaptive,0.5926,0.1455
82,v2,v1,20.0,130.03,0.0,0.6,0.6502,0.0,-13.8249,True,deep_learning_adaptive,0.7194,0.1807
82,v2,v4,20.0,130.14,60.0,0.6,0.6507,1.2,-20.5913,True,deep_learning_adaptive,0.5162,0.1402
82,v2,v8,20.0,150.12,60.0,0.6,0.7506,1.2,-21.5838,True,deep_learning_adaptive,0.4847,0.1107
82,v2,v7,20.0,160.03,90.0,0.6,0.8001,1.8,-23.2671,True,deep_learning_adaptive,0.4877,0.1225
82,v3,v7,20.0,10.0,10.0,0.6,0.05,0.2,1.5918,False,deep_learning_adaptive,2.3934,0.8488
82,v3,v8,20.0,20.22,20.0,0.6,0.1011,0.4,-4.7108,True,deep_learning_adaptive,1.5567,0.4824
82,v3,v4,20.0,40.11,20.0,0.6,0.2006,0.4,-9.4694,True,deep_learning_adaptive,1.0366,0.2875
82,v3,v11,20.0,50.0,0.0,0.6,0.25,0.0,-7.1835,False,deep_learning_adaptive,1.2335,0.3496
82,v3,v15,20.0,120.0,10.0,0.6,0.6,0.2,-15.6751,True,deep_learning_adaptive,0.6752,0.1469
82,v4,v8,40.0,20.0,0.0,1.0,0.1,0.0,19.1835,False,deep_learning_adaptive,19.1752,0.9971
82,v4,v7,40.0,30.15,30.0,1.0,0.1507,0.6,11.515,False,deep_learning_adaptive,11.4894,0.9932
82,v4,v3,40.0,40.11,20.0,1.0,0.2006,0.4,10.5306,False,deep_learning_adaptive,10.4992,0.9902
82,v4,v11,40.0,90.05,20.0,1.0,0.4502,0.4,4.9113,False,deep_learning_adaptive,2.7006,0.9191
82,v4,v2,40.0,130.14,60.0,1.0,0.6507,1.2,-0.5913,True,deep_learning_adaptive,2.1333,0.7395
83,v1,v6,40.0,10.44,20.0,1.0,0.0522,0.4,19.8836,False,deep_learning_adaptive,19.8556,1.0
83,v1,v2,40.0,130.03,10.0,1.0,0.6502,0.2,3.7668,False,deep_learning_adaptive,2.6232,0.9016
83,v2,v7,20.0,70.06,60.0,0.6,0.3503,1.2,-16.2887,True,deep_learning_adaptive,0.6284,0.1404
83,v2,v4,20.0,70.26,60.0,0.6,0.3513,1.2,-16.3078,True,deep_learning_adaptive,0.6347,0.158
83,v2,v3,20.0,90.05,70.0,0.6,0.4502,1.4,-18.4965,True,deep_learning_adaptive,0.5734,0.1324
83,v2,v8,20.0,90.2,30.0,0.6,0.451,0.6,-16.0998,True,deep_learning_adaptive,0.6427,0.1674
83,v2,v1,20.0,130.03,10.0,0.6,0.6502,0.2,-16.2332,True,deep_learning_adaptive,0.6483,0.1521
83,v3,v8,20.0,3.0,40.0,0.6,0.015,0.8,6.7743,True,deep_learning_adaptive,6.7389,0.9893
83,v3,v7,20.0,20.0,10.0,0.6,0.1,0.2,-3.2247,False,deep_learning_adaptive,1.757,0.5697
83,v3,v4,20.0,20.22,10.0,0.6,0.1011,0.2,-3.302,False,deep_learning_adaptive,1.7384,0.5732
83,v3,v11,20.0,50.0,0.0,0.6,0.25,0.0,-7.1835,False,deep_learning_adaptive,1.2527,0.3584
83,v3,v2,20.0,90.05,70.0,0.6,0.4502,1.4,-18.4965,True,deep_learning_adaptive,0.5875,0.1449
83,v4,v7,40.0,3.0,0.0,1.0,0.015,0.0,32.3661,False,deep_learning_adaptive,32.3346,0.999
83,v4,v8,40.0,20.0,30.0,1.0,0.1,0.6,14.367,False,deep_learning_adaptive,14.3391,0.9951
83,v4,v3,40.0,20.22,10.0,1.0,0.1011,0.2,16.698,False,deep_learning_adaptive,16.6621,0.9971
83,v4,v11,40.0,70.06,10.0,1.0,0.3503,0.2,8.0638,False,deep_learning_adaptive,2.8401,0.9484
83,v4,v2,40.0,70.26,60.0,1.0,0.3513,1.2,3.6922,True,deep_learning_adaptive,2.6137,0.9207
84,v1,v6,40.0,30.15,10.0,1.0,0.1507,0.2,13.9232,False,deep_learning_adaptive,13.9062,0.9961
84,v1,v2,40.0,120.04,40.0,1.0,0.6002,0.8,1.1392,True,deep_learning_adaptive,2.3565,0.8145
84,v1,v7,40.0,130.14,40.0,1.0,0.6507,0.8,0.5778,True,deep_learning_adaptive,2.272,0.7832
84,v1,v4,40.0,130.31,60.0,1.0,0.6516,1.2,-0.6005,True,deep_learning_adaptive,2.143,0.7141
84,v1,v3,40.0,140.13,20.0,1.0,0.7006,0.4,1.8386,True,deep_learning_adaptive,2.4317,0.8496
84,v2,v7,20.0,10.44,80.0,0.6,0.0522,1.6,-3.9334,True,deep_learning_adaptive,1.6594,0.5045
84,v2,v4,20.0,11.66,100.0,0.6,0.0583,2.0,-5.3995,True,deep_learning_adaptive,1.4638,0.425
84,v2,v3,20.0,20.22,60.0,0.6,0.1011,1.2,-7.6546,True,deep_learning_adaptive,1.1859,0.3275
84,v2,v8,20.0,60.3,80.0,0.6,0.3015,1.6,-16.1189,True,deep_learning_adaptive,0.6503,0.1514
84,v2,v11,20.0,70.06,60.0,0.6,0.3503,1.2,-16.2887,True,deep_learning_adaptive,0.644,0.1695
84,v3,v7,20.0,10.0,20.0,0.6,0.05,0.4,0.183,True,deep_learning_adaptive,2.2251,0.776
84,v3,v4,20.0,10.44,40.0,0.6,0.0522,0.8,-1.8912,True,deep_learning_adaptive,1.9369,0.6412
84,v3,v2,20.0,20.22,60.0,0.6,0.1011,1.2,-7.6546,True,deep_learning_adaptive,1.1979,0.3094
84,v3,v8,20.0,40.11,20.0,0.6,0.2006,0.4,-9.4694,True,deep_learning_adaptive,1.0182,0.2908
84,v3,v11,20.0,50.0,0.0,0.6,0.25,0.0,-7.1835,False,deep_learning_adaptive,1.2317,0.3439
84,v4,v7,40.0,3.0,20.0,1.0,0.015,0.4,28.5491,False,deep_learning_adaptive,28.5285,0.9961
84,v4,v3,40.0,10.44,40.0,1.0,0.0522,0.8,18.1088,True,deep_learning_adaptive,18.0733,0.9932
84,v4,v2,40.0,11.66,100.0,1.0,0.0583,2.0,14.6005,True,deep_learning_adaptive,14.5826,0.999
84,v4,v8,40.0,50.0,20.0,1.0,0.25,0.4,8.9995,False,deep_learning_adaptive,2.8662,0.9598
84,v4,v11,40.0,60.07,40.0,1.0,0.3004,0.8,5.9491,True,deep_learning_adaptive,2.7599,0.9352
85,v1,v6,40.0,20.22,10.0,1.0,0.1011,0.2,16.698,False,deep_learning_adaptive,16.6663,0.9971
85,v1,v4,40.0,70.58,80.0,1.0,0.3529,1.6,2.7875,True,deep_learning_adaptive,2.5396,0.8861
85,v1,v7,40.0,90.2,70.0,1.0,0.451,1.4,1.492,True,deep_learning_adaptive,2.3944,0.8301
85,v1,v3,40.0,120.15,90.0,1.0,0.6007,1.8,-1.2756,True,deep_learning_adaptive,2.0317,0.7168
85,v1,v8,40.0,140.29,70.0,1.0,0.7014,1.4,-1.5771,True,deep_learning_adaptive,1.988,0.6672
85,v2,v11,20.0,10.44,60.0,0.6,0.0522,1.2,-3.0602,True,deep_learning_adaptive,1.7664,0.5648
85,v2,v8,20.0,20.88,80.0,0.6,0.1044,1.6,-8.7498,True,deep_learning_adaptive,1.0857,0.2561
85,v2,v3,20.0,40.11,100.0,0.6,0.2006,2.0,-13.9836,True,deep_learning_adaptive,0.7388,0.1789
85,v2,v7,20.0,70.06,80.0,0.6,0.3503,1.6,-17.1619,True,deep_learning_adaptive,0.5902,0.1467
85,v2,v15,20.0,70.06,80.0,0.6,0.3503,1.6,-17.1619,True,deep_learning_adaptive,0.6241,0.1365
85,v3,v8,20.0,20.22,20.0,0.6,0.1011,0.4,-4.7108,True,deep_learning_adaptive,1.5329,0.4781
85,v3,v7,20.0,30.0,20.0,0.6,0.15,0.4,-7.4509,True,deep_learning_adaptive,1.221,0.3342
85,v3,v2,20.0,40.11,100.0,0.6,0.2006,2.0,-13.9836,True,deep_learning_adaptive,0.7226,0.1576
85,v3,v11,20.0,50.0,40.0,0.6,0.25,0.8,-12.7753,True,deep_learning_adaptive,0.7843,0.1725
85,v3,v4,20.0,50.09,10.0,0.6,0.2504,0.2,-9.6042,False,deep_learning_adaptive,1.0166,0.2543
85,v4,v7,40.0,20.22,10.0,1.0,0.1011,0.2,16.698,False,deep_learning_adaptive,16.6684,0.9961
85,v4,v3,40.0,50.09,10.0,1.0,0.2504,0.2,10.3958,False,deep_learning_adaptive,10.3654,0.9932
85,v4,v8,40.0,70.0,10.0,1.0,0.35,0.2,8.0702,False,deep_learning_adaptive,2.8472,0.9514
85,v4,v1,40.0,70.58,80.0,1.0,0.3529,1.6,2.7875,True,deep_learning_adaptive,2.533,0.8809
85,v4,v2,40.0,90.2,90.0,1.0,0.451,1.8,0.7167,True,deep_learning_adaptive,2.3268,0.8182
86,v1,v6,40.0,10.44,0.0,1.0,0.0522,0.0,23.7006,False,deep_learning_adaptive,23.6772,0.998
86,v1,v4,40.0,13.45,40.0,1.0,0.0673,0.8,16.3468,True,deep_learning_adaptive,16.3147,0.9955
86,v1,v7,40.0,20.88,60.0,1.0,0.1044,1.2,12.1233,True,deep_learning_adaptive,12.101,0.9951
86,v1,v3,40.0,30.59,70.0,1.0,0.153,1.4,9.0051,True,deep_learning_adaptive,2.8709,0.948
86,v1,v8,40.0,70.58,40.0,1.0,0.3529,0.8,4.8297,True,deep_learning_adaptive,2.6894,0.9102
86,v2,v15,20.0,10.44,90.0,0.6,0.0522,1.8,-4.2994,True,deep_learning_adaptive,1.5958,0.4789
86,v2,v12,20.0,11.66,90.0,0.6,0.0583,1.8,-5.0683,True,deep_learning_adaptive,1.5164,0.4258
86,v2,v11,20.0,50.09,90.0,0.6,0.2504,1.8,-15.196,True,deep_learning_adaptive,0.6736,0.1488
86,v2,v16,20.0,90.2,90.0,0.6,0.451,1.8,-19.2833,True,deep_learning_adaptive,0.5341,0.1299
86,v2,v8,20.0,100.18,50.0,0.6,0.5009,1.0,-18.2377,True,deep_learning_adaptive,0.5762,0.1404
86,v3,v7,20.0,10.0,10.0,0.6,0.05,0.2,1.5918,False,deep_learning_adaptive,2.3983,0.8346
86,v3,v1,20.0,30.59,70.0,0.6,0.153,1.4,-10.9949,True,deep_learning_adaptive,0.907,0.2305
86,v3,v4,20.0,40.11,30.0,0.6,0.2006,0.6,-10.4689,True,deep_learning_adaptive,0.9646,0.2699
86,v3,v6,20.0,40.11,70.0,0.6,0.2006,1.4,-12.8772,True,deep_learning_adaptive,0.7783,0.1951
86,v3,v8,20.0,40.11,30.0,0.6,0.2006,0.6,-10.4689,True,deep_learning_adaptive,0.9414,0.2311
86,v4,v6,40.0,6.0,40.0,1.0,0.03,0.8,21.9578,True,deep_learning_adaptive,21.926,0.998
86,v4,v1,40.0,13.45,40.0,1.0,0.0673,0.8,16.3468,True,deep_learning_adaptive,16.3228,0.9971
86,v4,v7,40.0,30.15,20.0,1.0,0.1507,0.4,12.5145,False,deep_learning_adaptive,12.4814,0.9961
86,v4,v3,40.0,40.11,30.0,1.0,0.2006,0.6,9.5311,False,deep_learning_adaptive,2.8789,0.9471
86,v4,v8,40.0,80.0,0.0,1.0,0.4,0.0,9.5506,False,deep_learning_adaptive,2.8793,0.9529
87,v1,v6,40.0,10.44,20.0,1.0,0.0522,0.4,19.8836,False,deep_learning_adaptive,19.8555,0.9961
87,v1,v8,40.0,31.32,40.0,1.0,0.1566,0.8,10.4749,True,deep_learning_adaptive,10.4544,0.9902
87,v1,v3,40.0,40.45,70.0,1.0,0.2022,1.4,7.065,True,deep_learning_adaptive,2.8107,0.9455
87,v1,v7,40.0,40.45,70.0,1.0,0.2022,1.4,7.065,True,deep_learning_adaptive,2.805,0.9406
87,v1,v11,40.0,40.45,80.0,1.0,0.2022,1.6,6.6558,True,deep_learning_adaptive,2.7892,0.9441
87,v2,v16,20.0,6.0,90.0,0.6,0.03,1.8,-0.4504,True,deep_learning_adaptive,2.1303,0.7373
87,v2,v15,20.0,100.04,90.0,0.6,0.5002,1.8,-20.0031,True,deep_learning_adaptive,0.5372,0.15
87,v2,v19,20.0,100.04,100.0,0.6,0.5002,2.0,-20.3343,True,deep_learning_adaptive,0.5434,0.1334
87,v2,v12,20.0,100.18,70.0,0.6,0.5009,1.4,-19.2372,True,deep_learning_adaptive,0.5525,0.1305
87,v2,v11,20.0,140.03,100.0,0.6,0.7002,2.0,-22.6708,True,deep_learning_adaptive,0.4842,0.1291
87,v3,v7,20.0,0.0,0.0,0.6,0.0,0.0,36.0,False,deep_learning_adaptive,35.9695,0.999
87,v3,v4,20.0,10.44,10.0,0.6,0.0522,0.2,1.2923,False,deep_learning_adaptive,2.3737,0.8395
87,v3,v6,20.0,30.15,50.0,0.6,0.1507,1.0,-9.8937,True,deep_learning_adaptive,0.9777,0.2391
87,v3,v1,20.0,40.45,70.0,0.6,0.2022,1.4,-12.935,True,deep_learning_adaptive,0.7876,0.1723
87,v3,v8,20.0,70.06,30.0,0.6,0.3503,0.6,-14.3444,True,deep_learning_adaptive,0.7061,0.1695
87,v4,v3,40.0,10.44,10.0,1.0,0.0522,0.2,21.2923,False,deep_learning_adaptive,21.2629,0.999
87,v4,v7,40.0,10.44,10.0,1.0,0.0522,0.2,21.2923,False,deep_learning_adaptive,21.2719,0.999
87,v4,v6,40.0,40.45,60.0,1.0,0.2022,1.2,7.5289,True,deep_learning_adaptive,2.8251,0.9451
87,v4,v1,40.0,50.8,80.0,1.0,0.254,1.6,5.0718,True,deep_learning_adaptive,2.7051,0.9279
87,v4,v8,40.0,80.0,40.0,1.0,0.4,0.8,3.9588,True,deep_learning_adaptive,2.6384,0.927
88,v1,v15,40.0,11.66,60.0,1.0,0.0583,1.2,16.1709,True,deep_learning_adaptive,16.1515,0.9961
88,v1,v8,40.0,13.45,40.0,1.0,0.0673,0.8,16.3468,True,deep_learning_adaptive,16.3199,0.9961
88,v1,v6,40.0,30.15,0.0,1.0,0.1507,0.0,16.3315,False,deep_learning_adaptive,16.3114,0.9961
88,v1,v12,40.0,31.32,40.0,1.0,0.1566,0.8,10.4749,True,deep_learning_adaptive,10.4425,0.9971
88,v1,v11,40.0,40.45,60.0,1.0,0.2022,1.2,7.5289,True,deep_learning_adaptive,2.8278,0.9441
88,v2,v19,20.0,3.0,60.0,0.6,0.015,1.2,5.6053,True,deep_learning_adaptive,2.7348,0.9268
88,v2,v16,20.0,90.2,60.0,0.6,0.451,1.2,-18.0441,True,deep_learning_adaptive,0.59,0.1338
88,v2,v12,20.0,170.11,40.0,0.6,0.8505,0.8,-21.2833,True,deep_learning_adaptive,0.5067,0.0963
88,v2,v15,20.0,190.02,60.0,0.6,0.9501,1.2,-23.2217,True,deep_learning_adaptive,0.4841,0.1063
88,v3,v7,20.0,0.0,20.0,0.6,0.0,0.4,32.183,True,deep_learning_adaptive,32.1501,1.0
88,v3,v4,20.0,20.22,10.0,0.6,0.1011,0.2,-3.302,False,deep_learning_adaptive,1.7361,0.5377
88,v3,v11,20.0,70.0,0.0,0.6,0.35,0.0,-9.5216,True,deep_learning_adaptive,1.0099,0.2471
88,v3,v6,20.0,80.06,60.0,0.6,0.4003,1.2,-17.2151,True,deep_learning_adaptive,0.6147,0.1432
88,v3,v5,20.0,80.22,70.0,0.6,0.4011,1.4,-17.6936,True,deep_learning_adaptive,0.5941,0.133
88,v4,v3,40.0,20.22,10.0,1.0,0.1011,0.2,16.698,False,deep_learning_adaptive,16.666,0.9971
88,v4,v7,40.0,20.22,10.0,1.0,0.1011,0.2,16.698,False,deep_learning_adaptive,16.6663,0.9971
88,v4,v5,40.0,60.67,80.0,1.0,0.3034,1.6,3.8383,True,deep_learning_adaptive,2.6313,0.908
88,v4,v13,40.0,80.5,90.0,1.0,0.4025,1.8,1.5069,True,deep_learning_adaptive,2.4006,0.8477
88,v4,v11,40.0,90.05,10.0,1.0,0.4502,0.2,6.32,False,deep_learning_adaptive,2.7774,0.9299
89,v1,v12,40.0,13.45,80.0,1.0,0.0673,1.6,14.3046,True,deep_learning_adaptive,14.2831,0.9951
89,v1,v6,40.0,30.15,30.0,1.0,0.1507,0.6,11.515,False,deep_learning_adaptive,11.4849,0.9955
89,v1,v15,40.0,50.36,60.0,1.0,0.2518,1.2,6.006,True,deep_learning_adaptive,2.7628,0.9402
89,v1,v8,40.0,50.8,60.0,1.0,0.254,1.2,5.9449,True,deep_learning_adaptive,2.7557,0.9396
89,v1,v16,40.0,50.8,90.0,1.0,0.254,1.8,4.7057,True,deep_learning_adaptive,2.6865,0.9242
89,v2,v19,20.0,60.07,30.0,0.6,0.3004,0.6,-13.2756,True,deep_learning_adaptive,0.7826,0.2018
89,v2,v16,20.0,150.12,60.0,0.6,0.7506,1.2,-21.5838,True,deep_learning_adaptive,0.4966,0.1117
89,v3,v5,20.0,11.66,70.0,0.6,0.0583,1.4,-4.293,True,deep_learning_adaptive,1.5939,0.4918
89,v3,v7,20.0,20.0,20.0,0.6,0.1,0.4,-4.6334,True,deep_learning_adaptive,1.5811,0.4834
89,v3,v13,20.0,20.88,50.0,0.6,0.1044,1.0,-7.3411,True,deep_learning_adaptive,1.2071,0.3529
89,v3,v4,20.0,30.15,0.0,0.6,0.1507,0.0,-3.6685,False,deep_learning_adaptive,1.6971,0.54
89,v3,v11,20.0,70.0,10.0,0.6,0.35,0.2,-11.9298,True,deep_learning_adaptive,0.8515,0.2438
89,v4,v7,40.0,10.44,20.0,1.0,0.0522,0.4,19.8836,False,deep_learning_adaptive,19.8642,1.0
89,v4,v13,40.0,13.45,50.0,1.0,0.0673,1.0,15.7134,True,deep_learning_adaptive,15.689,0.9941
89,v4,v5,40.0,21.93,70.0,1.0,0.1097,1.4,11.3181,True,deep_learning_adaptive,11.2982,0.9951
89,v4,v3,40.0,30.15,0.0,1.0,0.1507,0.0,16.3315,False,deep_learning_adaptive,16.2889,0.9971
89,v4,v14,40.0,50.36,80.0,1.0,0.2518,1.6,5.1329,True,deep_learning_adaptive,2.713,0.9264
90,v1,v16,40.0,41.0,40.0,1.0,0.205,0.8,8.6037,True,deep_learning_adaptive,2.8577,0.9533
90,v1,v6,40.0,60.07,10.0,1.0,0.3004,0.2,9.1327,False,deep_learning_adaptive,2.8671,0.9525
90,v1,v19,40.0,80.22,50.0,1.0,0.4011,1.0,3.3059,True,deep_learning_adaptive,2.5807,0.8932
90,v1,v12,40.0,90.45,40.0,1.0,0.4522,0.8,3.1058,True,deep_learning_adaptive,2.5727,0.902
90,v1,v15,40.0,110.16,80.0,1.0,0.5508,1.6,-0.3065,True,deep_learning_adaptive,2.18,0.7475
90,v2,v19,20.0,90.05,40.0,0.6,0.4502,0.8,-16.8635,True,deep_learning_adaptive,0.6068,0.1482
90,v2,v20,20.0,150.12,70.0,0.6,0.7506,1.4,-22.0477,True,deep_learning_adaptive,0.5032,0.1301
90,v2,v1,20.0,170.03,10.0,0.6,0.8501,0.2,-18.0965,True,deep_learning_adaptive,0.601,0.1414
90,v3,v14,20.0,3.0,70.0,0.6,0.015,1.4,5.1413,True,deep_learning_adaptive,2.714,0.9275
90,v3,v4,20.0,30.15,10.0,0.6,0.1507,0.2,-6.0768,False,deep_learning_adaptive,1.3536,0.3996
90,v3,v13,20.0,30.59,70.0,0.6,0.153,1.4,-10.9949,True,deep_learning_adaptive,0.8887,0.2127
90,v3,v7,20.0,40.0,0.0,0.6,0.2,0.0,-5.633,False,deep_learning_adaptive,1.4109,0.4158
90,v3,v11,20.0,60.0,10.0,0.6,0.3,0.2,-10.8587,True,deep_learning_adaptive,0.9167,0.2008
90,v4,v7,40.0,10.44,10.0,1.0,0.0522,0.2,21.2923,False,deep_learning_adaptive,21.2606,0.9971
90,v4,v3,40.0,30.15,10.0,1.0,0.1507,0.2,13.9232,False,deep_learning_adaptive,13.9024,0.9941
90,v4,v14,40.0,30.59,80.0,1.0,0.153,1.6,8.5959,True,deep_learning_adaptive,2.856,0.9393
90,v4,v9,40.0,41.0,50.0,1.0,0.205,1.0,7.9702,True,deep_learning_adaptive,2.8397,0.9494
90,v4,v10,40.0,50.36,40.0,1.0,0.2518,0.8,7.175,True,deep_learning_adaptive,2.812,0.9475
91,v1,v19,40.0,30.59,70.0,1.0,0.153,1.4,9.0051,True,deep_learning_adaptive,2.8642,0.9516
91,v1,v6,40.0,70.06,20.0,1.0,0.3503,0.4,6.6551,False,deep_learning_adaptive,2.7845,0.948
91,v1,v16,40.0,80.5,60.0,1.0,0.4025,1.2,2.7461,True,deep_learning_adaptive,2.5374,0.8689
91,v1,v12,40.0,130.31,80.0,1.0,0.6516,1.6,-1.4736,True,deep_learning_adaptive,2.0155,0.6887
91,v1,v2,40.0,160.03,20.0,1.0,0.8001,0.4,0.9159,True,deep_learning_adaptive,2.3411,0.8123
91,v2,v20,20.0,80.22,60.0,0.6,0.4011,1.2,-17.2297,True,deep_learning_adaptive,0.6256,0.1518
91,v2,v19,20.0,130.03,50.0,0.6,0.6502,1.0,-20.0502,True,deep_learning_adaptive,0.5109,0.1236
91,v2,v1,20.0,160.03,20.0,0.6,0.8001,0.4,-19.0841,True,deep_learning_adaptive,0.5787,0.1371
91,v3,v9,20.0,30.59,60.0,0.6,0.153,1.2,-10.531,True,deep_learning_adaptive,0.9558,0.2365
91,v3,v7,20.0,40.0,20.0,0.6,0.2,0.4,-9.4499,True,deep_learning_adaptive,1.0471,0.2627
91,v3,v4,20.0,40.11,0.0,0.6,0.2006,0.0,-5.6524,False,deep_learning_adaptive,1.425,0.4064
91,v3,v11,20.0,50.0,0.0,0.6,0.25,0.0,-7.1835,False,deep_learning_adaptive,1.2523,0.3418
91,v3,v10,20.0,50.09,50.0,0.6,0.2504,1.0,-13.4212,True,deep_learning_adaptive,0.7653,0.1723
91,v4,v7,40.0,3.0,20.0,1.0,0.015,0.4,28.5491,False,deep_learning_adaptive,28.5346,0.999
91,v4,v10,40.0,11.66,50.0,1.0,0.0583,1.0,16.7065,True,deep_learning_adaptive,16.6745,0.998
91,v4,v9,40.0,13.45,60.0,1.0,0.0673,1.2,15.1778,True,deep_learning_adaptive,15.1459,0.9941
91,v4,v3,40.0,40.11,0.0,1.0,0.2006,0.0,14.3476,False,deep_learning_adaptive,14.3273,0.9961
91,v4,v11,40.0,90.05,0.0,1.0,0.4502,0.0,8.7283,False,deep_learning_adaptive,2.8588,0.9475
92,v1,v19,40.0,40.45,70.0,1.0,0.2022,1.4,7.065,True,deep_learning_adaptive,2.8085,0.9484
92,v1,v6,40.0,90.05,10.0,1.0,0.4502,0.2,6.32,False,deep_learning_adaptive,2.7799,0.9348
92,v1,v2,40.0,140.03,10.0,1.0,0.7002,0.2,3.2521,False,deep_learning_adaptive,2.5636,0.901
92,v1,v16,40.0,140.29,30.0,1.0,0.7014,0.6,0.8311,True,deep_learning_adaptive,2.3127,0.8041
92,v1,v20,40.0,160.25,30.0,1.0,0.8013,0.6,-0.0934,True,deep_learning_adaptive,2.2019,0.7592
92,v2,v20,20.0,20.88,40.0,0.6,0.1044,0.8,-6.7077,True,deep_learning_adaptive,1.2925,0.3604
92,v2,v1,20.0,140.03,10.0,0.6,0.7002,0.2,-16.7479,True,deep_learning_adaptive,0.6211,0.1539
92,v2,v19,20.0,180.02,80.0,0.6,0.9001,1.6,-23.7193,True,deep_learning_adaptive,0.4696,0.1236
92,v3,v10,20.0,3.0,90.0,0.6,0.015,1.8,4.3661,True,deep_learning_adaptive,2.6665,0.9178
92,v3,v9,20.0,30.59,100.0,0.6,0.153,2.0,-12.1013,True,deep_learning_adaptive,0.8237,0.2061
92,v3,v4,20.0,40.11,10.0,0.6,0.2006,0.2,-8.0607,False,deep_learning_adaptive,1.1829,0.307
92,v3,v11,20.0,50.0,30.0,0.6,0.25,0.6,-12.0,True,deep_learning_adaptive,0.845,0.1961
92,v3,v7,20.0,60.0,10.0,0.6,0.3,0.2,-10.8587,True,deep_learning_adaptive,0.9109,0.2447
92,v4,v7,40.0,20.22,0.0,1.0,0.1011,0.0,19.1062,False,deep_learning_adaptive,19.0677,0.9961
92,v4,v3,40.0,40.11,10.0,1.0,0.2006,0.2,11.9393,False,deep_learning_adaptive,11.9048,0.9971
92,v4,v10,40.0,40.45,80.0,1.0,0.2022,1.6,6.6558,True,deep_learning_adaptive,2.7944,0.9514
92,v4,v9,40.0,70.58,90.0,1.0,0.3529,1.8,2.4215,True,deep_learning_adaptive,2.4995,0.8764
92,v4,v11,40.0,90.05,20.0,1.0,0.4502,0.4,4.9113,False,deep_learning_adaptive,2.7045,0.9234
93,v1,v6,40.0,80.06,20.0,1.0,0.4003,0.4,5.7287,False,deep_learning_adaptive,2.7449,0.9402
93,v1,v19,40.0,110.16,100.0,1.0,0.5508,2.0,-1.0037,True,deep_learning_adaptive,2.062,0.7264
93,v1,v20,40.0,130.31,80.0,1.0,0.6516,1.6,-1.4736,True,deep_learning_adaptive,2.0098,0.6768
93,v1,v5,40.0,150.0,30.0,1.0,0.75,0.6,0.3661,True,deep_learning_adaptive,2.2616,0.7809
93,v1,v2,40.0,150.03,40.0,1.0,0.7501,0.8,-0.4106,True,deep_learning_adaptive,2.1506,0.7482
93,v2,v20,20.0,20.88,40.0,0.6,0.1044,0.8,-6.7077,True,deep_learning_adaptive,1.3094,0.3527
93,v2,v1,20.0,150.03,40.0,0.6,0.7501,0.8,-20.4106,True,deep_learning_adaptive,0.5106,0.1311
93,v3,v4,20.0,30.15,20.0,0.6,0.1507,0.4,-7.4855,True,deep_learning_adaptive,1.2078,0.3309
93,v3,v7,20.0,50.0,10.0,0.6,0.25,0.2,-9.5918,False,deep_learning_adaptive,1.0074,0.265
93,v3,v17,20.0,60.3,40.0,0.6,0.3015,0.8,-14.0768,True,deep_learning_adaptive,0.7237,0.1699
93,v3,v11,20.0,80.0,20.0,0.6,0.4,0.4,-14.2664,True,deep_learning_adaptive,0.7293,0.1629
93,v3,v10,20.0,90.05,70.0,0.6,0.4502,1.4,-18.4965,True,deep_learning_adaptive,0.5781,0.1531
93,v4,v7,40.0,20.22,30.0,1.0,0.1011,0.6,14.2897,False,deep_learning_adaptive,14.2528,0.9951
93,v4,v3,40.0,30.15,20.0,1.0,0.1507,0.4,12.5145,False,deep_learning_adaptive,12.4974,0.9961
93,v4,v17,40.0,31.32,20.0,1.0,0.1566,0.4,12.2497,False,deep_learning_adaptive,12.224,0.9971
93,v4,v18,40.0,90.2,50.0,1.0,0.451,1.0,2.4915,True,deep_learning_adaptive,2.5007,0.8729
93,v4,v11,40.0,110.04,0.0,1.0,0.5502,0.0,7.3351,False,deep_learning_adaptive,2.8177,0.9471
94,v1,v20,40.0,50.8,30.0,1.0,0.254,0.6,7.8892,False,deep_learning_adaptive,2.8359,0.9412
94,v1,v6,40.0,100.04,10.0,1.0,0.5002,0.2,5.5886,False,deep_learning_adaptive,2.7382,0.9348
94,v1,v2,40.0,110.04,20.0,1.0,0.5502,0.4,3.5182,False,deep_learning_adaptive,2.6012,0.907
94,v1,v13,40.0,170.0,10.0,1.0,0.85,0.2,1.9046,True,deep_learning_adaptive,2.4429,0.848
94,v1,v5,40.0,180.0,0.0,1.0,0.9,0.0,3.9156,True,deep_learning_adaptive,2.6346,0.9217
94,v2,v20,20.0,60.3,50.0,0.6,0.3015,1.0,-14.7102,True,deep_learning_adaptive,0.7188,0.166
94,v2,v1,20.0,110.04,20.0,0.6,0.5502,0.4,-16.4818,True,deep_learning_adaptive,0.6379,0.1443
94,v3,v4,20.0,10.44,20.0,0.6,0.0522,0.4,-0.1164,True,deep_learning_adaptive,2.2014,0.7658
94,v3,v17,20.0,20.88,50.0,0.6,0.1044,1.0,-7.3411,True,deep_learning_adaptive,1.2278,0.3348
94,v3,v18,20.0,50.09,60.0,0.6,0.2504,1.2,-13.9568,True,deep_learning_adaptive,0.7492,0.1775
94,v3,v7,20.0,60.0,20.0,0.6,0.3,0.4,-12.2674,True,deep_learning_adaptive,0.8431,0.1943
94,v3,v11,20.0,100.0,10.0,0.6,0.5,0.2,-14.4082,True,deep_learning_adaptive,0.6886,0.1621
94,v4,v3,40.0,10.44,20.0,1.0,0.0522,0.4,19.8836,False,deep_learning_adaptive,19.8526,0.998
94,v4,v17,40.0,13.45,70.0,1.0,0.0673,1.4,14.7139,True,deep_learning_adaptive,14.6916,0.9971
94,v4,v18,40.0,40.45,80.0,1.0,0.2022,1.6,6.6558,True,deep_learning_adaptive,2.7925,0.9426
94,v4,v7,40.0,50.09,0.0,1.0,0.2504,0.0,12.804,False,deep_learning_adaptive,12.7762,0.9975
94,v4,v11,40.0,110.04,10.0,1.0,0.5502,0.2,4.9269,False,deep_learning_adaptive,2.7035,0.925
95,v1,v20,40.0,21.93,20.0,1.0,0.1097,0.4,14.7259,False,deep_learning_adaptive,14.7013,0.9932
95,v1,v6,40.0,110.04,40.0,1.0,0.5502,0.8,1.7434,True,deep_learning_adaptive,2.4184,0.8582
95,v1,v2,40.0,130.03,20.0,1.0,0.6502,0.4,2.3581,True,deep_learning_adaptive,2.4796,0.852
95,v1,v13,40.0,160.0,0.0,1.0,0.8,0.0,4.7341,True,deep_learning_adaptive,2.6845,0.9217
95,v1,v5,40.0,180.0,40.0,1.0,0.9,0.8,-1.6761,True,deep_learning_adaptive,1.9795,0.6596
95,v2,v20,20.0,110.16,40.0,0.6,0.5508,0.8,-18.2644,True,deep_learning_adaptive,0.5866,0.1586
95,v2,v1,20.0,130.03,20.0,0.6,0.6502,0.4,-17.6419,True,deep_learning_adaptive,0.5835,0.1313
95,v3,v18,20.0,10.44,60.0,0.6,0.0522,1.2,-3.0602,True,deep_learning_adaptive,1.7906,0.5795
95,v3,v4,20.0,30.15,0.0,0.6,0.1507,0.0,-3.6685,False,deep_learning_adaptive,1.6956,0.5527
95,v3,v17,20.0,30.59,70.0,0.6,0.153,1.4,-10.9949,True,deep_learning_adaptive,0.9201,0.1992
95,v3,v7,20.0,80.0,30.0,0.6,0.4,0.6,-15.2659,True,deep_learning_adaptive,0.6639,0.142
95,v3,v11,20.0,90.0,0.0,0.6,0.45,0.0,-11.2679,True,deep_learning_adaptive,0.8962,0.2189
95,v4,v3,40.0,30.15,0.0,1.0,0.1507,0.0,16.3315,False,deep_learning_adaptive,16.2892,0.998
95,v4,v18,40.0,40.45,60.0,1.0,0.2022,1.2,7.5289,True,deep_learning_adaptive,2.826,0.948
95,v4,v7,40.0,50.09,30.0,1.0,0.2504,0.6,7.9875,False,deep_learning_adaptive,2.8373,0.952
95,v4,v17,40.0,60.67,70.0,1.0,0.3034,1.4,4.2476,True,deep_learning_adaptive,2.6493,0.9195
95,v4,v11,40.0,120.04,0.0,1.0,0.6002,0.0,6.7309,False,deep_learning_adaptive,2.7901,0.9465
96,v1,v20,40.0,9.0,70.0,1.0,0.045,1.4,17.5074,True,deep_learning_adaptive,17.477,0.999
96,v1,v6,40.0,70.06,10.0,1.0,0.3503,0.2,8.0638,False,deep_learning_adaptive,2.838,0.9559
96,v1,v5,40.0,140.0,10.0,1.0,0.7,0.2,3.2537,False,deep_learning_adaptive,2.5677,0.8818
96,v1,v2,40.0,150.03,10.0,1.0,0.7501,0.2,2.7729,False,deep_learning_adaptive,2.538,0.8957
96,v1,v13,40.0,160.0,10.0,1.0,0.8,0.2,2.3258,True,deep_learning_adaptive,2.4857,0.8695
96,v2,v1,20.0,150.03,10.0,0.6,0.7501,0.2,-17.2271,True,deep_learning_adaptive,0.6176,0.1613
96,v2,v20,20.0,150.12,80.0,0.6,0.7506,1.6,-22.457,True,deep_learning_adaptive,0.5,0.1248
96,v3,v4,20.0,30.15,40.0,0.6,0.1507,0.8,-9.2603,True,deep_learning_adaptive,1.0307,0.2637
96,v3,v18,20.0,70.06,60.0,0.6,0.3503,1.2,-16.2887,True,deep_learning_adaptive,0.6367,0.1561
96,v3,v11,20.0,90.0,40.0,0.6,0.45,0.8,-16.8596,True,deep_learning_adaptive,0.5999,0.1346
96,v3,v17,20.0,100.18,70.0,0.6,0.5009,1.4,-19.2372,True,deep_learning_adaptive,0.5434,0.1189
96,v3,v7,20.0,110.0,30.0,0.6,0.55,0.6,-17.4788,True,deep_learning_adaptive,0.6082,0.1467
96,v4,v3,40.0,30.15,40.0,1.0,0.1507,0.8,10.7397,True,deep_learning_adaptive,10.7093,0.9941
96,v4,v7,40.0,80.06,10.0,1.0,0.4003,0.2,7.1374,False,deep_learning_adaptive,2.8113,0.9451
96,v4,v18,40.0,100.18,20.0,1.0,0.5009,0.4,4.1705,False,deep_learning_adaptive,2.6563,0.9262
96,v4,v11,40.0,120.04,0.0,1.0,0.6002,0.0,6.7309,False,deep_learning_adaptive,2.794,0.9451
96,v4,v17,40.0,130.31,30.0,1.0,0.6516,0.6,1.3438,True,deep_learning_adaptive,2.3784,0.8477
97,v1,v6,40.0,60.07,40.0,1.0,0.3004,0.8,5.9491,True,deep_learning_adaptive,2.7604,0.9289
97,v1,v20,40.0,70.58,60.0,1.0,0.3529,1.2,3.6607,True,deep_learning_adaptive,2.6057,0.9104
97,v1,v5,40.0,130.0,40.0,1.0,0.65,0.8,0.5851,True,deep_learning_adaptive,2.2924,0.8063
97,v1,v2,40.0,160.03,40.0,1.0,0.8001,0.8,-0.8589,True,deep_learning_adaptive,2.0951,0.7424
97,v1,v13,40.0,170.0,20.0,1.0,0.85,0.4,0.4958,True,deep_learning_adaptive,2.2737,0.8105
97,v2,v1,20.0,160.03,40.0,0.6,0.8001,0.8,-20.8589,True,deep_learning_adaptive,0.5205,0.1426
97,v3,v4,20.0,10.44,0.0,0.6,0.0522,0.0,3.7006,False,deep_learning_adaptive,2.6122,0.8945
97,v3,v7,20.0,80.0,40.0,0.6,0.4,0.8,-16.0412,True,deep_learning_adaptive,0.6488,0.1492
97,v3,v15,20.0,120.0,20.0,0.6,0.6,0.4,-17.0839,True,deep_learning_adaptive,0.6105,0.1645
97,v3,v11,20.0,130.0,10.0,0.6,0.65,0.2,-16.2313,True,deep_learning_adaptive,0.6371,0.1641
97,v3,v18,20.0,130.03,70.0,0.6,0.6502,1.4,-21.0497,True,deep_learning_adaptive,0.5087,0.1316
97,v4,v3,40.0,10.44,0.0,1.0,0.0522,0.0,23.7006,False,deep_learning_adaptive,23.6773,0.998
97,v4,v7,40.0,90.05,40.0,1.0,0.4502,0.8,3.1365,True,deep_learning_adaptive,2.5598,0.874
97,v4,v15,40.0,110.04,20.0,1.0,0.5502,0.4,3.5182,False,deep_learning_adaptive,2.5968,0.9
97,v4,v11,40.0,120.04,10.0,1.0,0.6002,0.2,4.3227,False,deep_learning_adaptive,2.6589,0.9217
97,v4,v18,40.0,120.15,70.0,1.0,0.6007,1.4,-0.5003,True,deep_learning_adaptive,2.1381,0.7148
98,v1,v6,40.0,20.22,0.0,1.0,0.1011,0.0,19.1062,False,deep_learning_adaptive,19.0758,0.9971
98,v1,v5,40.0,90.0,20.0,1.0,0.45,0.4,4.9151,False,deep_learning_adaptive,2.7005,0.9314
98,v1,v20,40.0,130.31,60.0,1.0,0.6516,1.2,-0.6005,True,deep_learning_adaptive,2.1496,0.7426
98,v1,v13,40.0,150.0,10.0,1.0,0.75,0.2,2.7743,False,deep_learning_adaptive,2.5349,0.8795
98,v3,v4,20.0,10.44,20.0,0.6,0.0522,0.4,-0.1164,True,deep_learning_adaptive,2.1884,0.7568
98,v3,v7,20.0,40.0,10.0,0.6,0.2,0.2,-8.0412,False,deep_learning_adaptive,1.1539,0.323
98,v3,v11,20.0,140.0,10.0,0.6,0.7,0.2,-16.7463,True,deep_learning_adaptive,0.6357,0.1506
98,v3,v15,20.0,140.0,20.0,0.6,0.7,0.4,-18.155,True,deep_learning_adaptive,0.5993,0.1508
98,v3,v8,20.0,150.03,30.0,0.6,0.7501,0.6,-19.6353,True,deep_learning_adaptive,0.5382,0.1297
98,v4,v3,40.0,10.44,20.0,1.0,0.0522,0.4,19.8836,False,deep_learning_adaptive,19.8561,0.9971
98,v4,v7,40.0,50.09,10.0,1.0,0.2504,0.2,10.3958,False,deep_learning_adaptive,10.3595,0.9961
98,v4,v11,40.0,130.03,10.0,1.0,0.6502,0.2,3.7668,False,deep_learning_adaptive,2.6187,0.9016
98,v4,v15,40.0,130.03,0.0,1.0,0.6502,0.0,6.1751,False,deep_learning_adaptive,2.7657,0.927
98,v4,v8,40.0,140.0,10.0,1.0,0.7,0.2,3.2537,False,deep_learning_adaptive,2.5736,0.8965
99,v1,v6,40.0,20.22,0.0,1.0,0.1011,0.0,19.1062,False,deep_learning_adaptive,19.0763,0.9961
99,v1,v5,40.0,70.0,10.0,1.0,0.35,0.2,8.0702,False,deep_learning_adaptive,2.8404,0.9469
99,v1,v13,40.0,140.0,0.0,1.0,0.7,0.0,5.662,False,deep_learning_adaptive,2.7445,0.9338
99,v1,v2,40.0,190.02,20.0,1.0,0.9501,0.4,-0.2779,True,deep_learning_adaptive,2.1538,0.7566
99,v1,v20,40.0,190.21,60.0,1.0,0.9511,1.2,-3.2286,True,deep_learning_adaptive,1.7427,0.5486
99,v2,v1,20.0,190.02,20.0,0.6,0.9501,0.4,-20.2779,True,deep_learning_adaptive,0.5489,0.1461
99,v3,v4,20.0,10.44,10.0,0.6,0.0522,0.2,1.2923,False,deep_learning_adaptive,2.3705,0.8174
99,v3,v7,20.0,50.0,30.0,0.6,0.25,0.6,-12.0,True,deep_learning_adaptive,0.8488,0.1965
99,v3,v15,20.0,120.0,10.0,0.6,0.6,0.2,-15.6751,True,deep_learning_adaptive,0.6495,0.1557
99,v3,v8,20.0,120.04,20.0,0.6,0.6002,0.4,-17.086,True,deep_learning_adaptive,0.6125,0.1666
99,v3,v11,20.0,130.0,30.0,0.6,0.65,0.6,-18.6396,True,deep_learning_adaptive,0.5633,0.15
99,v4,v3,40.0,10.44,10.0,1.0,0.0522,0.2,21.2923,False,deep_learning_adaptive,21.2592,0.998
99,v4,v7,40.0,40.11,40.0,1.0,0.2006,0.8,8.7558,True,deep_learning_adaptive,2.8615,0.9451
99,v4,v8,40.0,130.0,30.0,1.0,0.65,0.6,1.3604,True,deep_learning_adaptive,2.37,0.8484
99,v4,v15,40.0,130.03,20.0,1.0,0.6502,0.4,2.3581,True,deep_learning_adaptive,2.4845,0.8629
99,v4,v11,40.0,140.03,40.0,1.0,0.7002,0.8,0.0686,True,deep_learning_adaptive,2.2209,0.7777
100,v1,v6,40.0,20.22,10.0,1.0,0.1011,0.2,16.698,False,deep_learning_adaptive,16.6763,0.9971
100,v1,v5,40.0,60.0,30.0,1.0,0.3,0.6,6.7331,False,deep_learning_adaptive,2.7929,0.9367
100,v1,v13,40.0,140.0,30.0,1.0,0.7,0.6,0.8455,True,deep_learning_adaptive,2.3202,0.8119
100,v3,v7,20.0,20.0,30.0,0.6,0.1,0.6,-5.633,True,deep_learning_adaptive,1.4208,0.4184
100,v3,v4,20.0,20.22,10.0,0.6,0.1011,0.2,-3.302,False,deep_learning_adaptive,1.7454,0.5588
100,v3,v15,20.0,130.0,10.0,0.6,0.65,0.2,-16.2313,True,deep_learning_adaptive,0.6394,0.1432
100,v3,v8,20.0,140.03,0.0,0.6,0.7002,0.0,-14.3396,True,deep_learning_adaptive,0.7079,0.1754
100,v3,v11,20.0,160.0,10.0,0.6,0.8,0.2,-17.6742,True,deep_learning_adaptive,0.6019,0.1299
100,v4,v7,40.0,3.0,20.0,1.0,0.015,0.4,28.5491,False,deep_learning_adaptive,28.5274,0.999
100,v4,v3,40.0,20.22,10.0,1.0,0.1011,0.2,16.698,False,deep_learning_adaptive,16.6713,0.9961
100,v4,v15,40.0,150.03,0.0,1.0,0.7501,0.0,5.1812,False,deep_learning_adaptive,2.7166,0.9293
100,v4,v8,40.0,160.0,10.0,1.0,0.8,0.2,2.3258,True,deep_learning_adaptive,2.4809,0.8566
100,v4,v11,40.0,180.02,20.0,1.0,0.9001,0.4,0.0977,True,deep_learning_adaptive,2.2166,0.7723
101,v1,v6,40.0,10.44,10.0,1.0,0.0522,0.2,21.2923,False,deep_learning_adaptive,21.2548,0.998
101,v1,v5,40.0,30.0,0.0,1.0,0.15,0.0,16.3661,False,deep_learning_adaptive,16.3288,0.9951
101,v1,v13,40.0,110.0,30.0,1.0,0.55,0.6,2.5212,True,deep_learning_adaptive,2.5162,0.8795
101,v3,v7,20.0,10.0,0.0,0.6,0.05,0.0,4.0,False,deep_learning_adaptive,2.6329,0.9039
101,v3,v4,20.0,10.44,20.0,0.6,0.0522,0.4,-0.1164,True,deep_learning_adaptive,2.1977,0.7586
101,v3,v15,20.0,140.0,0.0,0.6,0.7,0.0,-14.338,True,deep_learning_adaptive,0.6988,0.1789
101,v3,v8,20.0,140.03,30.0,0.6,0.7002,0.6,-19.1561,True,deep_learning_adaptive,0.5545,0.1363
101,v3,v11,20.0,150.0,0.0,0.6,0.75,0.0,-14.8175,True,deep_learning_adaptive,0.6998,0.1754
101,v4,v3,40.0,10.44,20.0,1.0,0.0522,0.4,19.8836,False,deep_learning_adaptive,19.8569,0.9971
101,v4,v7,40.0,20.22,20.0,1.0,0.1011,0.4,15.2892,False,deep_learning_adaptive,15.2548,0.999
101,v4,v8,40.0,150.0,10.0,1.0,0.75,0.2,2.7743,False,deep_learning_adaptive,2.5345,0.891
101,v4,v15,40.0,150.03,20.0,1.0,0.7501,0.4,1.3642,True,deep_learning_adaptive,2.374,0.8221
101,v4,v11,40.0,160.03,20.0,1.0,0.8001,0.4,0.9159,True,deep_learning_adaptive,2.3331,0.8092
102,v1,v6,40.0,20.22,30.0,1.0,0.1011,0.6,14.2897,False,deep_learning_adaptive,14.2617,0.999
102,v1,v5,40.0,30.0,40.0,1.0,0.15,0.8,10.7743,True,deep_learning_adaptive,10.7511,0.9912
102,v1,v13,40.0,140.0,30.0,1.0,0.7,0.6,0.8455,True,deep_learning_adaptive,2.3081,0.807
102,v3,v7,20.0,10.0,20.0,0.6,0.05,0.4,0.183,True,deep_learning_adaptive,2.2393,0.7904
102,v3,v4,20.0,10.44,10.0,0.6,0.0522,0.2,1.2923,False,deep_learning_adaptive,2.3619,0.8363
102,v3,v15,20.0,140.0,20.0,0.6,0.7,0.4,-18.155,True,deep_learning_adaptive,0.5572,0.1209
102,v3,v11,20.0,150.0,0.0,0.6,0.75,0.0,-14.8175,True,deep_learning_adaptive,0.6841,0.1617
102,v3,v8,20.0,170.03,20.0,0.6,0.8501,0.4,-19.5052,True,deep_learning_adaptive,0.5491,0.1434
102,v4,v7,40.0,3.0,10.0,1.0,0.015,0.2,29.9578,False,deep_learning_adaptive,29.9409,0.998
102,v4,v3,40.0,10.44,10.0,1.0,0.0522,0.2,21.2923,False,deep_learning_adaptive,21.2758,0.998
102,v4,v15,40.0,130.03,10.0,1.0,0.6502,0.2,3.7668,False,deep_learning_adaptive,2.6211,0.901
102,v4,v11,40.0,140.03,10.0,1.0,0.7002,0.2,3.2521,False,deep_learning_adaptive,2.5788,0.8988
102,v4,v8,40.0,160.0,10.0,1.0,0.8,0.2,2.3258,True,deep_learning_adaptive,2.4902,0.8799
103,v1,v6,40.0,50.09,30.0,1.0,0.2504,0.6,7.9875,False,deep_learning_adaptive,2.8374,0.9426
103,v1,v5,40.0,70.0,20.0,1.0,0.35,0.4,6.6615,False,deep_learning_adaptive,2.7857,0.9334
103,v1,v13,40.0,170.0,0.0,1.0,0.85,0.0,4.3128,True,deep_learning_adaptive,2.6596,0.9168
103,v3,v4,20.0,3.0,10.0,0.6,0.015,0.2,9.9578,False,deep_learning_adaptive,9.928,0.9912
103,v3,v7,20.0,10.0,30.0,0.6,0.05,0.6,-0.8165,True,deep_learning_adaptive,2.1069,0.7375
103,v3,v15,20.0,120.0,10.0,0.6,0.6,0.2,-15.6751,True,deep_learning_adaptive,0.6595,0.1547
103,v3,v11,20.0,150.0,10.0,0.6,0.75,0.2,-17.2257,True,deep_learning_adaptive,0.605,0.1607
103,v3,v8,20.0,150.03,30.0,0.6,0.7501,0.6,-19.6353,True,deep_learning_adaptive,0.5298,0.1273
103,v4,v3,40.0,3.0,10.0,1.0,0.015,0.2,29.9578,False,deep_learning_adaptive,29.921,0.9961
103,v4,v7,40.0,10.44,20.0,1.0,0.0522,0.4,19.8836,False,deep_learning_adaptive,19.8551,0.9961
103,v4,v15,40.0,120.04,0.0,1.0,0.6002,0.0,6.7309,False,deep_learning_adaptive,2.7969,0.9422
103,v4,v8,40.0,150.0,20.0,1.0,0.75,0.4,1.3656,True,deep_learning_adaptive,2.3762,0.8328
103,v4,v11,40.0,150.03,20.0,1.0,0.7501,0.4,1.3642,True,deep_learning_adaptive,2.3665,0.8486
104,v1,v6,40.0,80.06,0.0,1.0,0.4003,0.0,9.5457,False,deep_learning_adaptive,2.8836,0.9604
104,v1,v5,40.0,90.0,30.0,1.0,0.45,0.6,3.9156,False,deep_learning_adaptive,2.6236,0.8986
104,v1,v13,40.0,170.0,10.0,1.0,0.85,0.2,1.9046,True,deep_learning_adaptive,2.4479,0.8445
104,v3,v4,20.0,10.44,10.0,0.6,0.0522,0.2,1.2923,False,deep_learning_adaptive,2.3639,0.8473
104,v3,v7,20.0,20.0,10.0,0.6,0.1,0.2,-3.2247,False,deep_learning_adaptive,1.7654,0.5545
104,v3,v15,20.0,130.0,20.0,0.6,0.65,0.4,-17.6401,True,deep_learning_adaptive,0.5859,0.1521
104,v3,v11,20.0,140.0,20.0,0.6,0.7,0.4,-18.155,True,deep_learning_adaptive,0.5744,0.1283
104,v3,v8,20.0,180.02,30.0,0.6,0.9001,0.6,-20.9018,True,deep_learning_adaptive,0.5255,0.1297
104,v4,v3,40.0,10.44,10.0,1.0,0.0522,0.2,21.2923,False,deep_learning_adaptive,21.248,0.998
104,v4,v7,40.0,10.44,0.0,1.0,0.0522,0.0,23.7006,False,deep_learning_adaptive,23.6761,0.998
104,v4,v15,40.0,120.04,10.0,1.0,0.6002,0.2,4.3227,False,deep_learning_adaptive,2.6568,0.9215
104,v4,v11,40.0,130.03,10.0,1.0,0.6502,0.2,3.7668,False,deep_learning_adaptive,2.6157,0.9201
104,v4,v8,40.0,170.0,20.0,1.0,0.85,0.4,0.4958,True,deep_learning_adaptive,2.27,0.7902
105,v1,v6,40.0,80.06,20.0,1.0,0.4003,0.4,5.7287,False,deep_learning_adaptive,2.7471,0.9279
105,v1,v5,40.0,120.0,0.0,1.0,0.6,0.0,6.7331,False,deep_learning_adaptive,2.7934,0.9439
105,v1,v13,40.0,160.0,30.0,1.0,0.8,0.6,-0.0824,True,deep_learning_adaptive,2.1987,0.7508
105,v1,v2,40.0,190.02,10.0,1.0,0.9501,0.2,1.1308,True,deep_learning_adaptive,2.3617,0.823
105,v2,v1,20.0,190.02,10.0,0.6,0.9501,0.2,-18.8692,True,deep_learning_adaptive,0.5728,0.1496
105,v3,v4,20.0,3.0,0.0,0.6,0.015,0.0,12.3661,False,deep_learning_adaptive,12.3464,0.9951
105,v3,v7,20.0,10.0,10.0,0.6,0.05,0.2,1.5918,False,deep_learning_adaptive,2.3965,0.8291
105,v3,v15,20.0,110.0,30.0,0.6,0.55,0.6,-17.4788,True,deep_learning_adaptive,0.6048,0.1508
105,v3,v11,20.0,120.0,10.0,0.6,0.6,0.2,-15.6751,True,deep_learning_adaptive,0.6764,0.1488
105,v3,v8,20.0,150.03,10.0,0.6,0.7501,0.2,-17.2271,True,deep_learning_adaptive,0.617,0.1479
105,v4,v3,40.0,3.0,0.0,1.0,0.015,0.0,32.3661,False,deep_learning_adaptive,32.3466,0.999
105,v4,v7,40.0,10.44,10.0,1.0,0.0522,0.2,21.2923,False,deep_learning_adaptive,21.2674,0.9971
105,v4,v15,40.0,110.04,30.0,1.0,0.5502,0.6,2.5187,True,deep_learning_adaptive,2.5037,0.8732
105,v4,v11,40.0,120.04,10.0,1.0,0.6002,0.2,4.3227,False,deep_learning_adaptive,2.6636,0.9205
105,v4,v8,40.0,150.0,10.0,1.0,0.75,0.2,2.7743,False,deep_learning_adaptive,2.5471,0.8922
106,v1,v6,40.0,60.07,30.0,1.0,0.3004,0.6,6.7244,False,deep_learning_adaptive,2.7879,0.9426
106,v1,v5,40.0,120.0,40.0,1.0,0.6,0.8,1.1413,True,deep_learning_adaptive,2.3728,0.8043
106,v1,v13,40.0,130.0,30.0,1.0,0.65,0.6,1.3604,True,deep_learning_adaptive,2.3789,0.8297
106,v1,v2,40.0,180.02,10.0,1.0,0.9001,0.2,1.5064,True,deep_learning_adaptive,2.3991,0.8531
106,v2,v1,20.0,180.02,10.0,0.6,0.9001,0.2,-18.4936,True,deep_learning_adaptive,0.5821,0.1369
106,v3,v4,20.0,3.0,10.0,0.6,0.015,0.2,9.9578,False,deep_learning_adaptive,9.9344,0.9922
106,v3,v7,20.0,20.0,10.0,0.6,0.1,0.2,-3.2247,False,deep_learning_adaptive,1.7478,0.5752
106,v3,v15,20.0,80.0,10.0,0.6,0.4,0.2,-12.8577,True,deep_learning_adaptive,0.7924,0.1861
106,v3,v11,20.0,110.0,10.0,0.6,0.55,0.2,-15.0705,True,deep_learning_adaptive,0.6723,0.1883
106,v3,v8,20.0,140.03,30.0,0.6,0.7002,0.6,-19.1561,True,deep_learning_adaptive,0.5491,0.1268
106,v4,v3,40.0,3.0,10.0,1.0,0.015,0.2,29.9578,False,deep_learning_adaptive,29.9388,0.9971
106,v4,v7,40.0,20.22,20.0,1.0,0.1011,0.4,15.2892,False,deep_learning_adaptive,15.2613,0.9971
106,v4,v15,40.0,80.06,0.0,1.0,0.4003,0.0,9.5457,False,deep_learning_adaptive,2.882,0.9568
106,v4,v11,40.0,110.04,0.0,1.0,0.5502,0.0,7.3351,False,deep_learning_adaptive,2.8146,0.9469
106,v4,v8,40.0,140.0,40.0,1.0,0.7,0.8,0.0702,True,deep_learning_adaptive,2.2296,0.7635
107,v1,v6,40.0,90.05,10.0,1.0,0.4502,0.2,6.32,False,deep_learning_adaptive,2.7747,0.9438
107,v1,v5,40.0,160.0,10.0,1.0,0.8,0.2,2.3258,True,deep_learning_adaptive,2.4991,0.8939
107,v1,v13,40.0,160.0,20.0,1.0,0.8,0.4,0.9171,True,deep_learning_adaptive,2.3286,0.81
107,v1,v2,40.0,170.03,40.0,1.0,0.8501,0.8,-1.28,True,deep_learning_adaptive,2.0293,0.6848
107,v2,v1,20.0,170.03,40.0,0.6,0.8501,0.8,-21.28,True,deep_learning_adaptive,0.5129,0.109
107,v3,v4,20.0,10.44,10.0,0.6,0.0522,0.2,1.2923,False,deep_learning_adaptive,2.3775,0.8295
107,v3,v7,20.0,30.0,10.0,0.6,0.15,0.2,-6.0422,False,deep_learning_adaptive,1.3872,0.3961
107,v3,v15,20.0,70.0,30.0,0.6,0.35,0.6,-14.338,True,deep_learning_adaptive,0.7125,0.1561
107,v3,v11,20.0,100.0,10.0,0.6,0.5,0.2,-14.4082,True,deep_learning_adaptive,0.7084,0.1719
107,v3,v8,20.0,170.03,0.0,0.6,0.8501,0.0,-15.6883,True,deep_learning_adaptive,0.6637,0.1318
107,v4,v3,40.0,10.44,10.0,1.0,0.0522,0.2,21.2923,False,deep_learning_adaptive,21.2718,0.9971
107,v4,v7,40.0,40.11,0.0,1.0,0.2006,0.0,14.3476,False,deep_learning_adaptive,14.313,0.998
107,v4,v15,40.0,80.06,20.0,1.0,0.4003,0.4,5.7287,False,deep_learning_adaptive,2.7498,0.9379
107,v4,v11,40.0,110.04,0.0,1.0,0.5502,0.0,7.3351,False,deep_learning_adaptive,2.8199,0.9357
107,v4,v8,40.0,180.0,10.0,1.0,0.9,0.2,1.5074,True,deep_learning_adaptive,2.4048,0.8311
108,v1,v6,40.0,80.06,10.0,1.0,0.4003,0.2,7.1374,False,deep_learning_adaptive,2.8088,0.9348
108,v1,v13,40.0,140.0,0.0,1.0,0.7,0.0,5.662,False,deep_learning_adaptive,2.746,0.9285
108,v1,v5,40.0,150.0,40.0,1.0,0.75,0.8,-0.4092,True,deep_learning_adaptive,2.1383,0.7393
108,v3,v7,20.0,20.0,0.0,0.6,0.1,0.0,-0.8165,False,deep_learning_adaptive,2.1041,0.6982
108,v3,v4,20.0,20.22,30.0,0.6,0.1011,0.6,-5.7103,True,deep_learning_adaptive,1.4315,0.4043
108,v3,v15,20.0,40.0,10.0,0.6,0.2,0.2,-8.0412,False,deep_learning_adaptive,1.1579,0.2822
108,v3,v11,20.0,90.0,30.0,0.6,0.45,0.6,-16.0844,True,deep_learning_adaptive,0.6497,0.1627
108,v3,v8,20.0,170.03,30.0,0.6,0.8501,0.6,-20.5047,True,deep_learning_adaptive,0.5179,0.123
108,v4,v3,40.0,20.22,30.0,1.0,0.1011,0.6,14.2897,False,deep_learning_adaptive,14.2589,0.9941
108,v4,v7,40.0,40.11,30.0,1.0,0.2006,0.6,9.5311,False,deep_learning_adaptive,2.8806,0.9537
108,v4,v15,40.0,60.07,40.0,1.0,0.3004,0.8,5.9491,True,deep_learning_adaptive,2.7597,0.9465
108,v4,v11,40.0,110.04,0.0,1.0,0.5502,0.0,7.3351,False,deep_learning_adaptive,2.8166,0.9441
108,v4,v8,40.0,190.0,0.0,1.0,0.95,0.0,3.5399,True,deep_learning_adaptive,2.6082,0.9115
109,v1,v6,40.0,70.06,20.0,1.0,0.3503,0.4,6.6551,False,deep_learning_adaptive,2.7941,0.9373
109,v1,v5,40.0,110.0,20.0,1.0,0.55,0.4,3.5207,False,deep_learning_adaptive,2.5973,0.9094
109,v1,v13,40.0,140.0,40.0,1.0,0.7,0.8,0.0702,True,deep_learning_adaptive,2.2109,0.7809
109,v3,v7,20.0,20.0,0.0,0.6,0.1,0.0,-0.8165,False,deep_learning_adaptive,2.1062,0.7312
109,v3,v15,20.0,50.0,0.0,0.6,0.25,0.0,-7.1835,False,deep_learning_adaptive,1.2543,0.3416
109,v3,v4,20.0,50.09,10.0,0.6,0.2504,0.2,-9.6042,False,deep_learning_adaptive,1.0116,0.2586
109,v3,v11,20.0,60.0,0.0,0.6,0.3,0.0,-8.4504,True,deep_learning_adaptive,1.0904,0.2893
109,v3,v8,20.0,140.03,20.0,0.6,0.7002,0.4,-18.1566,True,deep_learning_adaptive,0.5751,0.1457
109,v4,v3,40.0,50.09,10.0,1.0,0.2504,0.2,10.3958,False,deep_learning_adaptive,10.368,0.9922
109,v4,v7,40.0,70.06,10.0,1.0,0.3503,0.2,8.0638,False,deep_learning_adaptive,2.8432,0.9471
109,v4,v15,40.0,100.04,10.0,1.0,0.5002,0.2,5.5886,False,deep_learning_adaptive,2.7401,0.9393
109,v4,v11,40.0,110.04,10.0,1.0,0.5502,0.2,4.9269,False,deep_learning_adaptive,2.6971,0.924
109,v4,v8,40.0,190.0,30.0,1.0,0.95,0.6,-1.2765,True,deep_learning_adaptive,2.0329,0.6854
110,v1,v6,40.0,90.05,10.0,1.0,0.4502,0.2,6.32,False,deep_learning_adaptive,2.7768,0.9393
110,v1,v5,40.0,130.0,20.0,1.0,0.65,0.4,2.3599,True,deep_learning_adaptive,2.4937,0.8488
110,v1,v13,40.0,180.0,30.0,1.0,0.9,0.6,-0.9008,True,deep_learning_adaptive,2.0964,0.734
110,v3,v7,20.0,20.0,10.0,0.6,0.1,0.2,-3.2247,False,deep_learning_adaptive,1.7553,0.5561
110,v3,v15,20.0,50.0,20.0,0.6,0.25,0.4,-11.0005,True,deep_learning_adaptive,0.9022,0.2137
110,v3,v11,20.0,60.0,20.0,0.6,0.3,0.4,-12.2674,True,deep_learning_adaptive,0.8174,0.1809
110,v3,v4,20.0,60.07,0.0,0.6,0.3004,0.0,-8.4591,True,deep_learning_adaptive,1.1108,0.2695
110,v3,v8,20.0,160.03,0.0,0.6,0.8001,0.0,-15.2671,True,deep_learning_adaptive,0.6791,0.1582
110,v4,v3,40.0,60.07,0.0,1.0,0.3004,0.0,11.5409,False,deep_learning_adaptive,11.5119,0.9971
110,v4,v7,40.0,80.06,10.0,1.0,0.4003,0.2,7.1374,False,deep_learning_adaptive,2.8169,0.9387
110,v4,v15,40.0,110.04,20.0,1.0,0.5502,0.4,3.5182,False,deep_learning_adaptive,2.5988,0.9162
110,v4,v11,40.0,120.04,20.0,1.0,0.6002,0.4,2.914,False,deep_learning_adaptive,2.5461,0.8916
111,v1,v6,40.0,100.04,10.0,1.0,0.5002,0.2,5.5886,False,deep_learning_adaptive,2.745,0.9328
111,v1,v5,40.0,150.0,30.0,1.0,0.75,0.6,0.3661,True,deep_learning_adaptive,2.2546,0.7805
111,v1,v2,40.0,180.02,20.0,1.0,0.9001,0.4,0.0977,True,deep_learning_adaptive,2.2093,0.7672
111,v2,v1,20.0,180.02,20.0,0.6,0.9001,0.4,-19.9023,True,deep_learning_adaptive,0.5196,0.1408
111,v3,v7,20.0,30.0,20.0,0.6,0.15,0.4,-7.4509,True,deep_learning_adaptive,1.2134,0.3346
111,v3,v4,20.0,60.07,10.0,0.6,0.3004,0.2,-10.8673,True,deep_learning_adaptive,0.9255,0.2188
111,v3,v15,20.0,70.0,0.0,0.6,0.35,0.0,-9.5216,True,deep_learning_adaptive,1.0253,0.2473
111,v3,v11,20.0,80.0,20.0,0.6,0.4,0.4,-14.2664,True,deep_learning_adaptive,0.7224,0.1764
111,v3,v8,20.0,160.03,10.0,0.6,0.8001,0.2,-17.6754,True,deep_learning_adaptive,0.5803,0.1281
111,v4,v3,40.0,60.07,10.0,1.0,0.3004,0.2,9.1327,False,deep_learning_adaptive,2.8715,0.9559
111,v4,v7,40.0,90.05,30.0,1.0,0.4502,0.6,3.9118,True,deep_learning_adaptive,2.6316,0.9145
111,v4,v15,40.0,130.03,10.0,1.0,0.6502,0.2,3.7668,False,deep_learning_adaptive,2.62,0.902
111,v4,v11,40.0,140.03,30.0,1.0,0.7002,0.6,0.8439,True,deep_learning_adaptive,2.3127,0.8096
112,v1,v6,40.0,90.05,10.0,1.0,0.4502,0.2,6.32,False,deep_learning_adaptive,2.7709,0.94
112,v1,v5,40.0,120.0,20.0,1.0,0.6,0.4,2.9161,False,deep_learning_adaptive,2.5476,0.8867
112,v1,v13,40.0,180.0,0.0,1.0,0.9,0.0,3.9156,True,deep_learning_adaptive,2.6282,0.9113
112,v3,v7,20.0,50.0,10.0,0.6,0.25,0.2,-9.5918,False,deep_learning_adaptive,1.0058,0.2588
112,v3,v15,20.0,70.0,10.0,0.6,0.35,0.2,-11.9298,True,deep_learning_adaptive,0.8416,0.2119
112,v3,v4,20.0,70.06,20.0,0.6,0.3503,0.4,-13.3449,True,deep_learning_adaptive,0.7592,0.2014
112,v3,v11,20.0,100.0,0.0,0.6,0.5,0.0,-12.0,True,deep_learning_adaptive,0.8275,0.21
112,v3,v8,20.0,170.03,30.0,0.6,0.8501,0.6,-20.5047,True,deep_learning_adaptive,0.515,0.1316
112,v4,v3,40.0,70.06,20.0,1.0,0.3503,0.4,6.6551,False,deep_learning_adaptive,2.7883,0.9396
112,v4,v7,40.0,120.04,10.0,1.0,0.6002,0.2,4.3227,False,deep_learning_adaptive,2.6588,0.8971
112,v4,v15,40.0,140.03,30.0,1.0,0.7002,0.6,0.8439,True,deep_learning_adaptive,2.3204,0.7977
112,v4,v11,40.0,170.03,20.0,1.0,0.8501,0.4,0.4948,True,deep_learning_adaptive,2.273,0.8107
113,v1,v6,40.0,80.06,20.0,1.0,0.4003,0.4,5.7287,False,deep_learning_adaptive,2.7484,0.935
113,v1,v5,40.0,140.0,10.0,1.0,0.7,0.2,3.2537,False,deep_learning_adaptive,2.5753,0.8941
113,v1,v13,40.0,180.0,20.0,1.0,0.9,0.4,0.0987,True,deep_learning_adaptive,2.2184,0.773
113,v3,v4,20.0,50.09,20.0,0.6,0.2504,0.4,-11.013,True,deep_learning_adaptive,0.9201,0.2383
113,v3,v7,20.0,60.0,20.0,0.6,0.3,0.4,-12.2674,True,deep_learning_adaptive,0.8225,0.1922
113,v3,v15,20.0,60.0,20.0,0.6,0.3,0.4,-12.2674,True,deep_learning_adaptive,0.813,0.2088
113,v3,v11,20.0,100.0,20.0,0.6,0.5,0.4,-15.817,True,deep_learning_adaptive,0.6672,0.1613
113,v4,v3,40.0,50.09,20.0,1.0,0.2504,0.4,8.987,False,deep_learning_adaptive,2.868,0.9602
113,v4,v7,40.0,110.04,40.0,1.0,0.5502,0.8,1.7434,True,deep_learning_adaptive,2.4337,0.8547
113,v4,v15,40.0,110.04,40.0,1.0,0.5502,0.8,1.7434,True,deep_learning_adaptive,2.422,0.8516
113,v4,v11,40.0,150.03,40.0,1.0,0.7501,0.8,-0.4106,True,deep_learning_adaptive,2.1252,0.7424
114,v1,v6,40.0,100.04,20.0,1.0,0.5002,0.4,4.1799,False,deep_learning_adaptive,2.6567,0.9113
114,v1,v5,40.0,130.0,20.0,1.0,0.65,0.4,2.3599,True,deep_learning_adaptive,2.4978,0.877
114,v1,v13,40.0,200.0,30.0,1.0,1.0,0.6,-1.633,True,deep_learning_adaptive,1.9809,0.6668
114,v3,v4,20.0,30.15,30.0,0.6,0.1507,0.6,-8.485,True,deep_learning_adaptive,1.1147,0.2965
114,v3,v7,20.0,40.0,40.0,0.6,0.2,0.8,-11.2247,True,deep_learning_adaptive,0.8912,0.2225
114,v3,v15,20.0,40.0,0.0,0.6,0.2,0.0,-5.633,False,deep_learning_adaptive,1.4488,0.4299
114,v3,v11,20.0,80.0,40.0,0.6,0.4,0.8,-16.0412,True,deep_learning_adaptive,0.6394,0.1463
114,v3,v8,20.0,180.02,20.0,0.6,0.9001,0.4,-19.9023,True,deep_learning_adaptive,0.5292,0.1158
114,v4,v3,40.0,30.15,30.0,1.0,0.1507,0.6,11.515,False,deep_learning_adaptive,11.4861,0.9951
114,v4,v7,40.0,70.06,10.0,1.0,0.3503,0.2,8.0638,False,deep_learning_adaptive,2.8425,0.9445
114,v4,v15,40.0,70.06,30.0,1.0,0.3503,0.6,5.6556,False,deep_learning_adaptive,2.7448,0.9328
114,v4,v11,40.0,110.04,10.0,1.0,0.5502,0.2,4.9269,False,deep_learning_adaptive,2.6946,0.916
115,v1,v6,40.0,80.06,30.0,1.0,0.4003,0.6,4.7292,False,deep_learning_adaptive,2.6932,0.9266
115,v1,v5,40.0,110.0,0.0,1.0,0.55,0.0,7.3377,False,deep_learning_adaptive,2.8147,0.952
115,v1,v13,40.0,170.0,20.0,1.0,0.85,0.4,0.4958,True,deep_learning_adaptive,2.2738,0.8064
115,v3,v7,20.0,0.0,10.0,0.6,0.0,0.2,33.5918,False,deep_learning_adaptive,33.5677,0.998
115,v3,v11,20.0,40.0,20.0,0.6,0.2,0.4,-9.4499,True,deep_learning_adaptive,1.0222,0.248
115,v3,v15,20.0,40.0,10.0,0.6,0.2,0.2,-8.0412,False,deep_learning_adaptive,1.1747,0.3174
115,v3,v4,20.0,60.07,30.0,0.6,0.3004,0.6,-13.2756,True,deep_learning_adaptive,0.7836,0.1906
115,v3,v8,20.0,160.03,30.0,0.6,0.8001,0.6,-20.0836,True,deep_learning_adaptive,0.5351,0.1225
115,v4,v3,40.0,60.07,30.0,1.0,0.3004,0.6,6.7244,False,deep_learning_adaptive,2.7953,0.9416
115,v4,v7,40.0,60.07,20.0,1.0,0.3004,0.4,7.7239,False,deep_learning_adaptive,2.8313,0.9484
115,v4,v11,40.0,100.04,10.0,1.0,0.5002,0.2,5.5886,False,deep_learning_adaptive,2.7383,0.9441
115,v4,v15,40.0,100.04,20.0,1.0,0.5002,0.4,4.1799,False,deep_learning_adaptive,2.6518,0.9133
116,v1,v5,40.0,110.0,0.0,1.0,0.55,0.0,7.3377,False,deep_learning_adaptive,2.8153,0.9461
116,v1,v6,40.0,110.04,20.0,1.0,0.5502,0.4,3.5182,False,deep_learning_adaptive,2.602,0.9059
116,v1,v13,40.0,190.0,0.0,1.0,0.95,0.0,3.5399,True,deep_learning_adaptive,2.5952,0.9023
116,v3,v7,20.0,10.0,30.0,0.6,0.05,0.6,-0.8165,True,deep_learning_adaptive,2.0986,0.7199
116,v3,v11,20.0,20.0,40.0,0.6,0.1,0.8,-6.4082,True,deep_learning_adaptive,1.3309,0.3754
116,v3,v15,20.0,30.0,40.0,0.6,0.15,0.8,-9.2257,True,deep_learning_adaptive,1.0322,0.2781
116,v3,v4,20.0,90.05,20.0,0.6,0.4502,0.4,-15.0887,True,deep_learning_adaptive,0.6881,0.166
116,v3,v8,20.0,130.03,40.0,0.6,0.6502,0.8,-19.4167,True,deep_learning_adaptive,0.5305,0.1438
116,v4,v7,40.0,80.06,10.0,1.0,0.4003,0.2,7.1374,False,deep_learning_adaptive,2.8129,0.9416
116,v4,v3,40.0,90.05,20.0,1.0,0.4502,0.4,4.9113,False,deep_learning_adaptive,2.7044,0.9227
116,v4,v11,40.0,110.04,20.0,1.0,0.5502,0.4,3.5182,False,deep_learning_adaptive,2.5964,0.9166
116,v4,v15,40.0,120.04,20.0,1.0,0.6002,0.4,2.914,False,deep_learning_adaptive,2.5333,0.8678
117,v1,v5,40.0,110.0,30.0,1.0,0.55,0.6,2.5212,True,deep_learning_adaptive,2.4965,0.8627
117,v1,v6,40.0,130.03,40.0,1.0,0.6502,0.8,0.5833,True,deep_learning_adaptive,2.2909,0.8049
117,v1,v13,40.0,190.0,10.0,1.0,0.95,0.2,1.1317,True,deep_learning_adaptive,2.3609,0.8061
117,v3,v15,20.0,10.0,0.0,0.6,0.05,0.0,4.0,False,deep_learning_adaptive,2.6375,0.908
117,v3,v11,20.0,20.0,0.0,0.6,0.1,0.0,-0.8165,False,deep_learning_adaptive,2.0947,0.718
117,v3,v7,20.0,40.0,10.0,0.6,0.2,0.2,-8.0412,False,deep_learning_adaptive,1.1505,0.3068
117,v3,v8,20.0,90.05,30.0,0.6,0.4502,0.6,-16.0882,True,deep_learning_adaptive,0.6394,0.1588
117,v3,v4,20.0,110.04,20.0,0.6,0.5502,0.4,-16.4818,True,deep_learning_adaptive,0.6321,0.1518
117,v4,v7,40.0,70.06,30.0,1.0,0.3503,0.6,5.6556,False,deep_learning_adaptive,2.7458,0.9406
117,v4,v11,40.0,90.05,20.0,1.0,0.4502,0.4,4.9113,False,deep_learning_adaptive,2.7012,0.923
117,v4,v15,40.0,100.04,20.0,1.0,0.5002,0.4,4.1799,False,deep_learning_adaptive,2.6478,0.9229
117,v4,v3,40.0,110.04,20.0,1.0,0.5502,0.4,3.5182,False,deep_learning_adaptive,2.5995,0.9014
117,v4,v8,40.0,200.0,10.0,1.0,1.0,0.2,0.7753,True,deep_learning_adaptive,2.312,0.8129
118,v1,v5,40.0,140.0,40.0,1.0,0.7,0.8,0.0702,True,deep_learning_adaptive,2.2197,0.7723
118,v1,v6,40.0,170.03,20.0,1.0,0.8501,0.4,0.4948,True,deep_learning_adaptive,2.2793,0.7947
118,v1,v13,40.0,200.0,40.0,1.0,1.0,0.8,-2.4082,True,deep_learning_adaptive,1.8566,0.6195
118,v3,v15,20.0,10.0,0.0,0.6,0.05,0.0,4.0,False,deep_learning_adaptive,2.6336,0.9078
118,v3,v11,20.0,20.0,30.0,0.6,0.1,0.6,-5.633,True,deep_learning_adaptive,1.4114,0.3861
118,v3,v7,20.0,50.0,10.0,0.6,0.25,0.2,-9.5918,False,deep_learning_adaptive,1.0183,0.2406
118,v3,v4,20.0,90.05,30.0,0.6,0.4502,0.6,-16.0882,True,deep_learning_adaptive,0.6343,0.1303
118,v3,v8,20.0,120.04,0.0,0.6,0.6002,0.0,-13.2691,True,deep_learning_adaptive,0.767,0.1891
118,v4,v7,40.0,40.11,20.0,1.0,0.2006,0.4,10.5306,False,deep_learning_adaptive,10.5001,0.9951
118,v4,v11,40.0,70.06,0.0,1.0,0.3503,0.0,10.4721,False,deep_learning_adaptive,10.4308,0.998
118,v4,v15,40.0,80.06,30.0,1.0,0.4003,0.6,4.7292,False,deep_learning_adaptive,2.6859,0.9256
118,v4,v3,40.0,90.05,30.0,1.0,0.4502,0.6,3.9118,True,deep_learning_adaptive,2.6321,0.926
119,v1,v5,40.0,100.0,0.0,1.0,0.5,0.0,8.0,False,deep_learning_adaptive,2.8444,0.951
119,v1,v6,40.0,150.03,10.0,1.0,0.7501,0.2,2.7729,False,deep_learning_adaptive,2.5286,0.8742
119,v1,v13,40.0,160.0,30.0,1.0,0.8,0.6,-0.0824,True,deep_learning_adaptive,2.2134,0.7605
119,v3,v11,20.0,10.0,10.0,0.6,0.05,0.2,1.5918,False,deep_learning_adaptive,2.4068,0.8328
119,v3,v15,20.0,10.0,20.0,0.6,0.05,0.4,0.183,True,deep_learning_adaptive,2.244,0.793
119,v3,v7,20.0,40.0,20.0,0.6,0.2,0.4,-9.4499,True,deep_learning_adaptive,1.015,0.2516
119,v3,v4,20.0,60.07,20.0,0.6,0.3004,0.4,-12.2761,True,deep_learning_adaptive,0.8121,0.1982
119,v3,v8,20.0,120.04,30.0,0.6,0.6002,0.6,-18.0856,True,deep_learning_adaptive,0.5702,0.151
119,v4,v7,40.0,20.22,0.0,1.0,0.1011,0.0,19.1062,False,deep_learning_adaptive,19.0793,0.9971
119,v4,v15,40.0,50.09,0.0,1.0,0.2504,0.0,12.804,False,deep_learning_adaptive,12.7835,0.9951
119,v4,v3,40.0,60.07,20.0,1.0,0.3004,0.4,7.7239,False,deep_learning_adaptive,2.8305,0.9514
119,v4,v11,40.0,70.06,10.0,1.0,0.3503,0.2,8.0638,False,deep_learning_adaptive,2.8442,0.9523
119,v4,v8,40.0,180.0,10.0,1.0,0.9,0.2,1.5074,True,deep_learning_adaptive,2.4117,0.8447
120,v1,v5,40.0,100.0,0.0,1.0,0.5,0.0,8.0,False,deep_learning_adaptive,2.8436,0.9535
120,v1,v13,40.0,130.0,20.0,1.0,0.65,0.4,2.3599,True,deep_learning_adaptive,2.4851,0.8734
120,v1,v6,40.0,140.03,20.0,1.0,0.7002,0.4,1.8434,True,deep_learning_adaptive,2.4298,0.8484
120,v3,v15,20.0,10.0,20.0,0.6,0.05,0.4,0.183,True,deep_learning_adaptive,2.2568,0.7826
120,v3,v7,20.0,20.0,0.0,0.6,0.1,0.0,-0.8165,False,deep_learning_adaptive,2.0987,0.7188
120,v3,v11,20.0,20.0,10.0,0.6,0.1,0.2,-3.2247,False,deep_learning_adaptive,1.7287,0.5734
120,v3,v4,20.0,40.11,20.0,0.6,0.2006,0.4,-9.4694,True,deep_learning_adaptive,1.025,0.2656
120,v3,v8,20.0,150.03,10.0,0.6,0.7501,0.2,-17.2271,True,deep_learning_adaptive,0.5782,0.1494
120,v4,v7,40.0,20.22,20.0,1.0,0.1011,0.4,15.2892,False,deep_learning_adaptive,15.2639,0.9932
120,v4,v3,40.0,40.11,20.0,1.0,0.2006,0.4,10.5306,False,deep_learning_adaptive,10.5085,0.9941
120,v4,v15,40.0,50.09,40.0,1.0,0.2504,0.8,7.2122,True,deep_learning_adaptive,2.8104,0.9416
120,v4,v11,40.0,60.07,10.0,1.0,0.3004,0.2,9.1327,False,deep_learning_adaptive,2.8739,0.95
120,v4,v8,40.0,190.0,30.0,1.0,0.95,0.6,-1.2765,True,deep_learning_adaptive,2.0407,0.6762
121,v1,v5,40.0,100.0,0.0,1.0,0.5,0.0,8.0,False,deep_learning_adaptive,2.8405,0.9563
121,v1,v13,40.0,110.0,0.0,1.0,0.55,0.0,7.3377,False,deep_learning_adaptive,2.8156,0.952
121,v1,v6,40.0,160.03,0.0,1.0,0.8001,0.0,4.7329,True,deep_learning_adaptive,2.6893,0.9217
121,v3,v15,20.0,10.0,40.0,0.6,0.05,0.8,-1.5918,True,deep_learning_adaptive,1.985,0.6637
121,v3,v7,20.0,20.0,0.0,0.6,0.1,0.0,-0.8165,False,deep_learning_adaptive,2.0929,0.6932
121,v3,v4,20.0,20.22,40.0,0.6,0.1011,0.8,-6.4855,True,deep_learning_adaptive,1.3117,0.3492
121,v3,v11,20.0,30.0,30.0,0.6,0.15,0.6,-8.4504,True,deep_learning_adaptive,1.1033,0.2887
121,v3,v8,20.0,140.03,0.0,0.6,0.7002,0.0,-14.3396,True,deep_learning_adaptive,0.7082,0.1758
121,v4,v7,40.0,3.0,40.0,1.0,0.015,0.8,26.7743,True,deep_learning_adaptive,26.7468,0.998
121,v4,v15,40.0,10.44,0.0,1.0,0.0522,0.0,23.7006,False,deep_learning_adaptive,23.6678,0.9971
121,v4,v3,40.0,20.22,40.0,1.0,0.1011,0.8,13.5145,True,deep_learning_adaptive,13.4838,0.998
121,v4,v11,40.0,50.09,10.0,1.0,0.2504,0.2,10.3958,False,deep_learning_adaptive,10.3718,0.9906
121,v4,v8,40.0,160.0,40.0,1.0,0.8,0.8,-0.8577,True,deep_learning_adaptive,2.0847,0.7084
122,v1,v5,40.0,100.0,20.0,1.0,0.5,0.4,4.183,False,deep_learning_adaptive,2.6419,0.9117
122,v1,v13,40.0,110.0,20.0,1.0,0.55,0.4,3.5207,False,deep_learning_adaptive,2.6017,0.9025
122,v1,v6,40.0,160.03,20.0,1.0,0.8001,0.4,0.9159,True,deep_learning_adaptive,2.3318,0.824
122,v3,v11,20.0,0.0,10.0,0.6,0.0,0.2,33.5918,False,deep_learning_adaptive,33.5651,1.0
122,v3,v7,20.0,20.0,10.0,0.6,0.1,0.2,-3.2247,False,deep_learning_adaptive,1.7372,0.5545
122,v3,v15,20.0,50.0,10.0,0.6,0.25,0.2,-9.5918,False,deep_learning_adaptive,1.0043,0.2549
122,v3,v4,20.0,60.07,20.0,0.6,0.3004,0.4,-12.2761,True,deep_learning_adaptive,0.8241,0.199
122,v3,v8,20.0,140.03,20.0,0.6,0.7002,0.4,-18.1566,True,deep_learning_adaptive,0.5723,0.1512
122,v4,v15,40.0,10.44,30.0,1.0,0.0522,0.6,18.8841,False,deep_learning_adaptive,18.8792,0.9951
122,v4,v7,40.0,40.11,10.0,1.0,0.2006,0.2,11.9393,False,deep_learning_adaptive,11.9159,0.9971
122,v4,v3,40.0,60.07,20.0,1.0,0.3004,0.4,7.7239,False,deep_learning_adaptive,2.8315,0.9475
122,v4,v11,40.0,60.07,30.0,1.0,0.3004,0.6,6.7244,False,deep_learning_adaptive,2.7896,0.948
122,v4,v8,40.0,200.0,40.0,1.0,1.0,0.8,-2.4082,True,deep_learning_adaptive,1.8761,0.6143
123,v1,v5,40.0,120.0,20.0,1.0,0.6,0.4,2.9161,False,deep_learning_adaptive,2.5492,0.8904
123,v1,v13,40.0,130.0,20.0,1.0,0.65,0.4,2.3599,True,deep_learning_adaptive,2.4837,0.8814
123,v1,v6,40.0,140.03,10.0,1.0,0.7002,0.2,3.2521,False,deep_learning_adaptive,2.5818,0.8947
123,v3,v7,20.0,10.0,40.0,0.6,0.05,0.8,-1.5918,True,deep_learning_adaptive,1.9737,0.6656
123,v3,v11,20.0,10.0,40.0,0.6,0.05,0.8,-1.5918,True,deep_learning_adaptive,1.9969,0.6684
123,v3,v4,20.0,40.11,20.0,0.6,0.2006,0.4,-9.4694,True,deep_learning_adaptive,0.9948,0.2486
123,v3,v15,20.0,60.0,0.0,0.6,0.3,0.0,-8.4504,True,deep_learning_adaptive,1.1235,0.2801
123,v3,v8,20.0,120.04,40.0,0.6,0.6002,0.8,-18.8608,True,deep_learning_adaptive,0.5549,0.1334
123,v4,v15,40.0,20.22,20.0,1.0,0.1011,0.4,15.2892,False,deep_learning_adaptive,15.2575,0.9961
123,v4,v7,40.0,30.15,20.0,1.0,0.1507,0.4,12.5145,False,deep_learning_adaptive,12.5022,0.9961
123,v4,v11,40.0,30.15,20.0,1.0,0.1507,0.4,12.5145,False,deep_learning_adaptive,12.491,0.9961
123,v4,v3,40.0,40.11,20.0,1.0,0.2006,0.4,10.5306,False,deep_learning_adaptive,10.4994,0.9961
123,v4,v8,40.0,160.0,20.0,1.0,0.8,0.4,0.9171,True,deep_learning_adaptive,2.3308,0.8271
124,v1,v5,40.0,140.0,10.0,1.0,0.7,0.2,3.2537,False,deep_learning_adaptive,2.5849,0.9049
124,v1,v13,40.0,150.0,30.0,1.0,0.75,0.6,0.3661,True,deep_learning_adaptive,2.2553,0.7836
124,v1,v6,40.0,150.03,10.0,1.0,0.7501,0.2,2.7729,False,deep_learning_adaptive,2.5342,0.8609
124,v3,v7,20.0,50.0,20.0,0.6,0.25,0.4,-11.0005,True,deep_learning_adaptive,0.9202,0.2459
124,v3,v11,20.0,50.0,0.0,0.6,0.25,0.0,-7.1835,False,deep_learning_adaptive,1.2473,0.3287
124,v3,v15,20.0,60.0,10.0,0.6,0.3,0.2,-10.8587,True,deep_learning_adaptive,0.9259,0.2275
124,v3,v4,20.0,60.07,20.0,0.6,0.3004,0.4,-12.2761,True,deep_learning_adaptive,0.8385,0.2182
124,v3,v8,20.0,80.06,10.0,0.6,0.4003,0.2,-12.8626,True,deep_learning_adaptive,0.7922,0.2133
124,v4,v15,40.0,3.0,30.0,1.0,0.015,0.6,27.5496,False,deep_learning_adaptive,27.5126,0.998
124,v4,v7,40.0,10.44,0.0,1.0,0.0522,0.0,23.7006,False,deep_learning_adaptive,23.6705,0.999
124,v4,v11,40.0,10.44,20.0,1.0,0.0522,0.4,19.8836,False,deep_learning_adaptive,19.8605,0.9951
124,v4,v3,40.0,60.07,20.0,1.0,0.3004,0.4,7.7239,False,deep_learning_adaptive,2.8325,0.9455
124,v4,v8,40.0,140.0,10.0,1.0,0.7,0.2,3.2537,False,deep_learning_adaptive,2.5646,0.9055
125,v1,v13,40.0,120.0,10.0,1.0,0.6,0.2,4.3249,False,deep_learning_adaptive,2.6643,0.9285
125,v1,v5,40.0,130.0,0.0,1.0,0.65,0.0,6.1769,False,deep_learning_adaptive,2.7676,0.9354
125,v1,v6,40.0,140.03,0.0,1.0,0.7002,0.0,5.6604,False,deep_learning_adaptive,2.7428,0.9383
125,v3,v11,20.0,50.0,10.0,0.6,0.25,0.2,-9.5918,False,deep_learning_adaptive,0.9983,0.2455
125,v3,v15,20.0,50.0,10.0,0.6,0.25,0.2,-9.5918,False,deep_learning_adaptive,1.022,0.2852
125,v3,v7,20.0,70.0,10.0,0.6,0.35,0.2,-11.9298,True,deep_learning_adaptive,0.8278,0.2076
125,v3,v8,20.0,70.06,30.0,0.6,0.3503,0.6,-14.3444,True,deep_learning_adaptive,0.7172,0.1881
125,v3,v4,20.0,80.06,20.0,0.6,0.4003,0.4,-14.2713,True,deep_learning_adaptive,0.726,0.1619
125,v4,v7,40.0,10.44,10.0,1.0,0.0522,0.2,21.2923,False,deep_learning_adaptive,21.2797,0.999
125,v4,v11,40.0,30.15,10.0,1.0,0.1507,0.2,13.9232,False,deep_learning_adaptive,13.9023,0.9941
125,v4,v15,40.0,30.15,30.0,1.0,0.1507,0.6,11.515,False,deep_learning_adaptive,11.4865,0.9936
125,v4,v3,40.0,80.06,20.0,1.0,0.4003,0.4,5.7287,False,deep_learning_adaptive,2.7465,0.9441
125,v4,v8,40.0,150.0,10.0,1.0,0.75,0.2,2.7743,False,deep_learning_adaptive,2.5294,0.8902
126,v1,v5,40.0,130.0,20.0,1.0,0.65,0.4,2.3599,True,deep_learning_adaptive,2.4782,0.8779
126,v1,v13,40.0,130.0,0.0,1.0,0.65,0.0,6.1769,False,deep_learning_adaptive,2.7613,0.9412
126,v1,v6,40.0,140.03,10.0,1.0,0.7002,0.2,3.2521,False,deep_learning_adaptive,2.5788,0.9123
126,v3,v15,20.0,40.0,20.0,0.6,0.2,0.4,-9.4499,True,deep_learning_adaptive,1.0388,0.2555
126,v3,v8,20.0,40.11,10.0,0.6,0.2006,0.2,-8.0607,False,deep_learning_adaptive,1.1513,0.2992
126,v3,v11,20.0,60.0,10.0,0.6,0.3,0.2,-10.8587,True,deep_learning_adaptive,0.905,0.2018
126,v3,v7,20.0,80.0,10.0,0.6,0.4,0.2,-12.8577,True,deep_learning_adaptive,0.7968,0.1902
126,v3,v4,20.0,100.04,0.0,0.6,0.5002,0.0,-12.0031,True,deep_learning_adaptive,0.8349,0.2123
126,v4,v7,40.0,20.22,10.0,1.0,0.1011,0.2,16.698,False,deep_learning_adaptive,16.6725,1.0
126,v4,v11,40.0,40.11,10.0,1.0,0.2006,0.2,11.9393,False,deep_learning_adaptive,11.9186,0.9926
126,v4,v15,40.0,60.07,20.0,1.0,0.3004,0.4,7.7239,False,deep_learning_adaptive,2.831,0.9416
126,v4,v3,40.0,100.04,0.0,1.0,0.5002,0.0,7.9969,False,deep_learning_adaptive,2.8404,0.9451
126,v4,v8,40.0,140.0,10.0,1.0,0.7,0.2,3.2537,False,deep_learning_adaptive,2.5709,0.9025
127,v1,v5,40.0,110.0,20.0,1.0,0.55,0.4,3.5207,False,deep_learning_adaptive,2.5965,0.9111
127,v1,v13,40.0,130.0,40.0,1.0,0.65,0.8,0.5851,True,deep_learning_adaptive,2.2859,0.7928
127,v1,v6,40.0,150.03,0.0,1.0,0.7501,0.0,5.1812,False,deep_learning_adaptive,2.7111,0.9234
127,v3,v8,20.0,50.09,30.0,0.6,0.2504,0.6,-12.0125,True,deep_learning_adaptive,0.8318,0.1951
127,v3,v15,20.0,60.0,20.0,0.6,0.3,0.4,-12.2674,True,deep_learning_adaptive,0.8452,0.1801
127,v3,v7,20.0,70.0,10.0,0.6,0.35,0.2,-11.9298,True,deep_learning_adaptive,0.8362,0.2078
127,v3,v11,20.0,70.0,10.0,0.6,0.35,0.2,-11.9298,True,deep_learning_adaptive,0.8464,0.2277
127,v3,v4,20.0,100.04,10.0,0.6,0.5002,0.2,-14.4114,True,deep_learning_adaptive,0.7151,0.1613
127,v4,v7,40.0,30.15,0.0,1.0,0.1507,0.0,16.3315,False,deep_learning_adaptive,16.304,0.9941
127,v4,v11,40.0,30.15,0.0,1.0,0.1507,0.0,16.3315,False,deep_learning_adaptive,16.3171,0.998
127,v4,v15,40.0,40.11,30.0,1.0,0.2006,0.6,9.5311,False,deep_learning_adaptive,2.88,0.9504
127,v4,v3,40.0,100.04,10.0,1.0,0.5002,0.2,5.5886,False,deep_learning_adaptive,2.7373,0.9338
127,v4,v8,40.0,150.0,40.0,1.0,0.75,0.8,-0.4092,True,deep_learning_adaptive,2.1542,0.7402
128,v1,v5,40.0,90.0,30.0,1.0,0.45,0.6,3.9156,False,deep_learning_adaptive,2.6227,0.9016
128,v1,v13,40.0,90.0,30.0,1.0,0.45,0.6,3.9156,False,deep_learning_adaptive,2.6286,0.9084
128,v1,v6,40.0,150.03,20.0,1.0,0.7501,0.4,1.3642,True,deep_learning_adaptive,2.3975,0.8344
128,v3,v15,20.0,40.0,10.0,0.6,0.2,0.2,-8.0412,False,deep_learning_adaptive,1.1477,0.283
128,v3,v7,20.0,80.0,30.0,0.6,0.4,0.6,-15.2659,True,deep_learning_adaptive,0.6933,0.1924
128,v3,v11,20.0,80.0,0.0,0.6,0.4,0.0,-10.4494,True,deep_learning_adaptive,0.9346,0.2381
128,v3,v8,20.0,80.06,0.0,0.6,0.4003,0.0,-10.4543,True,deep_learning_adaptive,0.947,0.2414
128,v3,v4,20.0,110.04,30.0,0.6,0.5502,0.6,-17.4813,True,deep_learning_adaptive,0.5792,0.1244
128,v4,v7,40.0,30.15,0.0,1.0,0.1507,0.0,16.3315,False,deep_learning_adaptive,16.2917,0.9971
128,v4,v11,40.0,30.15,30.0,1.0,0.1507,0.6,11.515,False,deep_learning_adaptive,11.5046,0.9941
128,v4,v15,40.0,70.06,40.0,1.0,0.3503,0.8,4.8803,True,deep_learning_adaptive,2.6937,0.917
128,v4,v3,40.0,110.04,30.0,1.0,0.5502,0.6,2.5187,True,deep_learning_adaptive,2.5024,0.8656
128,v4,v8,40.0,190.0,30.0,1.0,0.95,0.6,-1.2765,True,deep_learning_adaptive,2.0335,0.6773
129,v1,v5,40.0,60.0,0.0,1.0,0.3,0.0,11.5496,False,deep_learning_adaptive,11.5282,0.9961
129,v1,v13,40.0,60.0,0.0,1.0,0.3,0.0,11.5496,False,deep_learning_adaptive,11.52,0.9922
129,v1,v6,40.0,130.03,30.0,1.0,0.6502,0.6,1.3586,True,deep_learning_adaptive,2.3871,0.8408
129,v3,v7,20.0,50.0,20.0,0.6,0.25,0.4,-11.0005,True,deep_learning_adaptive,0.9006,0.2373
129,v3,v15,20.0,50.0,10.0,0.6,0.25,0.2,-9.5918,False,deep_learning_adaptive,1.0271,0.2412
129,v3,v11,20.0,80.0,40.0,0.6,0.4,0.8,-16.0412,True,deep_learning_adaptive,0.6536,0.1578
129,v3,v4,20.0,80.06,40.0,0.6,0.4003,0.8,-16.0461,True,deep_learning_adaptive,0.634,0.1344
129,v3,v8,20.0,80.06,40.0,0.6,0.4003,0.8,-16.0461,True,deep_learning_adaptive,0.635,0.1322
129,v4,v11,40.0,3.0,0.0,1.0,0.015,0.0,32.3661,False,deep_learning_adaptive,32.3386,0.998
129,v4,v7,40.0,30.15,20.0,1.0,0.1507,0.4,12.5145,False,deep_learning_adaptive,12.4868,0.9941
129,v4,v15,40.0,30.15,30.0,1.0,0.1507,0.6,11.515,False,deep_learning_adaptive,11.4811,0.9951
129,v4,v3,40.0,80.06,40.0,1.0,0.4003,0.8,3.9539,True,deep_learning_adaptive,2.6293,0.9125
129,v4,v8,40.0,160.0,0.0,1.0,0.8,0.0,4.7341,True,deep_learning_adaptive,2.6825,0.9086
130,v1,v5,40.0,60.0,10.0,1.0,0.3,0.2,9.1413,False,deep_learning_adaptive,2.8666,0.952
130,v1,v13,40.0,60.0,20.0,1.0,0.3,0.4,7.7326,False,deep_learning_adaptive,2.8308,0.952
130,v1,v6,40.0,100.04,20.0,1.0,0.5002,0.4,4.1799,False,deep_learning_adaptive,2.6608,0.9248
130,v3,v7,20.0,30.0,10.0,0.6,0.15,0.2,-6.0422,False,deep_learning_adaptive,1.3751,0.4066
130,v3,v11,20.0,40.0,0.0,0.6,0.2,0.0,-5.633,False,deep_learning_adaptive,1.4284,0.4332
130,v3,v15,20.0,40.0,30.0,0.6,0.2,0.6,-10.4494,True,deep_learning_adaptive,0.9554,0.2459
130,v3,v4,20.0,40.11,30.0,0.6,0.2006,0.6,-10.4689,True,deep_learning_adaptive,0.9258,0.243
130,v3,v8,20.0,120.04,30.0,0.6,0.6002,0.6,-18.0856,True,deep_learning_adaptive,0.5776,0.1521
130,v4,v11,40.0,3.0,30.0,1.0,0.015,0.6,27.5496,False,deep_learning_adaptive,27.5252,0.999
130,v4,v15,40.0,3.0,0.0,1.0,0.015,0.0,32.3661,False,deep_learning_adaptive,32.3306,0.999
130,v4,v7,40.0,10.44,20.0,1.0,0.0522,0.4,19.8836,False,deep_learning_adaptive,19.8538,0.9971
130,v4,v3,40.0,40.11,30.0,1.0,0.2006,0.6,9.5311,False,deep_learning_adaptive,2.8805,0.9537
130,v4,v8,40.0,160.0,0.0,1.0,0.8,0.0,4.7341,True,deep_learning_adaptive,2.6903,0.9279
131,v1,v5,40.0,50.0,10.0,1.0,0.25,0.2,10.4082,False,deep_learning_adaptive,10.3694,0.9951
131,v1,v13,40.0,80.0,0.0,1.0,0.4,0.0,9.5506,False,deep_learning_adaptive,2.8811,0.9559
131,v1,v6,40.0,120.04,20.0,1.0,0.6002,0.4,2.914,False,deep_learning_adaptive,2.5456,0.884
131,v3,v15,20.0,10.0,0.0,0.6,0.05,0.0,4.0,False,deep_learning_adaptive,2.6373,0.9029
131,v3,v4,20.0,10.44,0.0,0.6,0.0522,0.0,3.7006,False,deep_learning_adaptive,2.6135,0.9119
131,v3,v7,20.0,20.0,0.0,0.6,0.1,0.0,-0.8165,False,deep_learning_adaptive,2.1099,0.7307
131,v3,v11,20.0,40.0,10.0,0.6,0.2,0.2,-8.0412,False,deep_learning_adaptive,1.1337,0.2939
131,v3,v8,20.0,150.03,10.0,0.6,0.7501,0.2,-17.2271,True,deep_learning_adaptive,0.6063,0.1518
131,v4,v15,40.0,3.0,0.0,1.0,0.015,0.0,32.3661,False,deep_learning_adaptive,32.3365,0.998
131,v4,v3,40.0,10.44,0.0,1.0,0.0522,0.0,23.7006,False,deep_learning_adaptive,23.6654,0.9971
131,v4,v7,40.0,10.44,0.0,1.0,0.0522,0.0,23.7006,False,deep_learning_adaptive,23.6693,0.999
131,v4,v11,40.0,30.15,10.0,1.0,0.1507,0.2,13.9232,False,deep_learning_adaptive,13.8939,0.9951
131,v4,v8,40.0,160.0,10.0,1.0,0.8,0.2,2.3258,True,deep_learning_adaptive,2.4827,0.883
132,v1,v5,40.0,60.0,30.0,1.0,0.3,0.6,6.7331,False,deep_learning_adaptive,2.7974,0.941
132,v1,v13,40.0,80.0,10.0,1.0,0.4,0.2,7.1423,False,deep_learning_adaptive,2.8113,0.9406
132,v1,v6,40.0,140.03,0.0,1.0,0.7002,0.0,5.6604,False,deep_learning_adaptive,2.7437,0.9363
132,v3,v15,20.0,10.0,10.0,0.6,0.05,0.2,1.5918,False,deep_learning_adaptive,2.4017,0.8391
132,v3,v4,20.0,10.44,10.0,0.6,0.0522,0.2,1.2923,False,deep_learning_adaptive,2.3706,0.8332
132,v3,v7,20.0,20.0,30.0,0.6,0.1,0.6,-5.633,True,deep_learning_adaptive,1.4137,0.4109
132,v3,v11,20.0,30.0,0.0,0.6,0.15,0.0,-3.6339,False,deep_learning_adaptive,1.6927,0.5414
132,v3,v8,20.0,140.03,10.0,0.6,0.7002,0.2,-16.7479,True,deep_learning_adaptive,0.6075,0.1576
132,v4,v15,40.0,3.0,0.0,1.0,0.015,0.0,32.3661,False,deep_learning_adaptive,32.3403,1.0
132,v4,v3,40.0,10.44,10.0,1.0,0.0522,0.2,21.2923,False,deep_learning_adaptive,21.2611,0.9971
132,v4,v7,40.0,10.44,20.0,1.0,0.0522,0.4,19.8836,False,deep_learning_adaptive,19.8439,0.998
132,v4,v11,40.0,20.22,10.0,1.0,0.1011,0.2,16.698,False,deep_learning_adaptive,16.6765,0.9971
132,v4,v8,40.0,150.0,0.0,1.0,0.75,0.0,5.1825,False,deep_learning_adaptive,2.716,0.9197
133,v1,v13,40.0,70.0,20.0,1.0,0.35,0.4,6.6615,False,deep_learning_adaptive,2.7924,0.9385
133,v1,v5,40.0,90.0,0.0,1.0,0.45,0.0,8.7321,False,deep_learning_adaptive,2.8604,0.9488
133,v1,v6,40.0,140.03,20.0,1.0,0.7002,0.4,1.8434,True,deep_learning_adaptive,2.4433,0.8498
133,v3,v15,20.0,20.0,20.0,0.6,0.1,0.4,-4.6334,True,deep_learning_adaptive,1.5618,0.491
133,v3,v4,20.0,20.22,30.0,0.6,0.1011,0.6,-5.7103,True,deep_learning_adaptive,1.4104,0.4127
133,v3,v11,20.0,30.0,30.0,0.6,0.15,0.6,-8.4504,True,deep_learning_adaptive,1.1164,0.2729
133,v3,v7,20.0,50.0,10.0,0.6,0.25,0.2,-9.5918,False,deep_learning_adaptive,1.015,0.2473
133,v3,v19,20.0,120.0,30.0,0.6,0.6,0.6,-18.0834,True,deep_learning_adaptive,0.5756,0.1283
133,v4,v15,40.0,3.0,10.0,1.0,0.015,0.2,29.9578,False,deep_learning_adaptive,29.9385,1.0
133,v4,v11,40.0,10.44,0.0,1.0,0.0522,0.0,23.7006,False,deep_learning_adaptive,23.6728,0.999
133,v4,v3,40.0,20.22,30.0,1.0,0.1011,0.6,14.2897,False,deep_learning_adaptive,14.274,0.9961
133,v4,v7,40.0,30.15,20.0,1.0,0.1507,0.4,12.5145,False,deep_learning_adaptive,12.4939,0.9961
133,v4,v19,40.0,140.03,0.0,1.0,0.7002,0.0,5.6604,False,deep_learning_adaptive,2.7428,0.9354
134,v1,v13,40.0,50.0,0.0,1.0,0.25,0.0,12.8165,False,deep_learning_adaptive,12.789,0.9961
134,v1,v5,40.0,90.0,0.0,1.0,0.45,0.0,8.7321,False,deep_learning_adaptive,2.8622,0.9486
134,v1,v6,40.0,120.04,20.0,1.0,0.6002,0.4,2.914,False,deep_learning_adaptive,2.5464,0.8844
134,v3,v15,20.0,40.0,30.0,0.6,0.2,0.6,-10.4494,True,deep_learning_adaptive,0.9388,0.2363
134,v3,v4,20.0,50.09,10.0,0.6,0.2504,0.2,-9.6042,False,deep_learning_adaptive,1.0053,0.2557
134,v3,v7,20.0,60.0,30.0,0.6,0.3,0.6,-13.2669,True,deep_learning_adaptive,0.7832,0.184
134,v3,v11,20.0,60.0,10.0,0.6,0.3,0.2,-10.8587,True,deep_learning_adaptive,0.903,0.2354
134,v3,v19,20.0,90.0,30.0,0.6,0.45,0.6,-16.0844,True,deep_learning_adaptive,0.6353,0.1402
134,v4,v7,40.0,10.44,20.0,1.0,0.0522,0.4,19.8836,False,deep_learning_adaptive,19.8512,0.9971
134,v4,v11,40.0,10.44,0.0,1.0,0.0522,0.0,23.7006,False,deep_learning_adaptive,23.671,0.998
134,v4,v15,40.0,10.44,20.0,1.0,0.0522,0.4,19.8836,False,deep_learning_adaptive,19.8541,0.9971
134,v4,v3,40.0,50.09,10.0,1.0,0.2504,0.2,10.3958,False,deep_learning_adaptive,10.3688,0.9922
134,v4,v19,40.0,140.03,20.0,1.0,0.7002,0.4,1.8434,True,deep_learning_adaptive,2.4283,0.8541
135,v1,v13,40.0,50.0,10.0,1.0,0.25,0.2,10.4082,False,deep_learning_adaptive,10.3889,0.9941
135,v1,v5,40.0,90.0,10.0,1.0,0.45,0.2,6.3239,False,deep_learning_adaptive,2.7785,0.9391
135,v1,v6,40.0,140.03,30.0,1.0,0.7002,0.6,0.8439,True,deep_learning_adaptive,2.3269,0.8213
135,v3,v19,20.0,60.0,10.0,0.6,0.3,0.2,-10.8587,True,deep_learning_adaptive,0.9094,0.2363
135,v3,v4,20.0,60.07,10.0,0.6,0.3004,0.2,-10.8673,True,deep_learning_adaptive,0.9171,0.2342
135,v3,v11,20.0,70.0,10.0,0.6,0.35,0.2,-11.9298,True,deep_learning_adaptive,0.8566,0.2193
135,v3,v15,20.0,70.0,20.0,0.6,0.35,0.4,-13.3385,True,deep_learning_adaptive,0.7841,0.1648
135,v3,v7,20.0,90.0,10.0,0.6,0.45,0.2,-13.6761,True,deep_learning_adaptive,0.7512,0.1701
135,v4,v11,40.0,10.44,0.0,1.0,0.0522,0.0,23.7006,False,deep_learning_adaptive,23.6627,0.998
135,v4,v15,40.0,10.44,30.0,1.0,0.0522,0.6,18.8841,False,deep_learning_adaptive,18.8482,0.9961
135,v4,v7,40.0,30.15,20.0,1.0,0.1507,0.4,12.5145,False,deep_learning_adaptive,12.5004,0.9971
135,v4,v3,40.0,60.07,10.0,1.0,0.3004,0.2,9.1327,False,deep_learning_adaptive,2.8703,0.9572
135,v4,v19,40.0,120.04,0.0,1.0,0.6002,0.0,6.7309,False,deep_learning_adaptive,2.798,0.951
136,v1,v13,40.0,60.0,0.0,1.0,0.3,0.0,11.5496,False,deep_learning_adaptive,11.5237,0.9941
136,v1,v5,40.0,100.0,20.0,1.0,0.5,0.4,4.183,False,deep_learning_adaptive,2.6499,0.909
136,v1,v6,40.0,170.03,20.0,1.0,0.8501,0.4,0.4948,True,deep_learning_adaptive,2.2638,0.8033
136,v3,v4,20.0,50.09,20.0,0.6,0.2504,0.4,-11.013,True,deep_learning_adaptive,0.8882,0.2299
136,v3,v11,20.0,60.0,0.0,0.6,0.3,0.0,-8.4504,True,deep_learning_adaptive,1.1148,0.3029
136,v3,v19,20.0,70.0,10.0,0.6,0.35,0.2,-11.9298,True,deep_learning_adaptive,0.8405,0.1967
136,v3,v15,20.0,90.0,0.0,0.6,0.45,0.0,-11.2679,True,deep_learning_adaptive,0.897,0.2086
136,v3,v7,20.0,100.0,30.0,0.6,0.5,0.6,-16.8165,True,deep_learning_adaptive,0.6193,0.1568
136,v4,v11,40.0,10.44,20.0,1.0,0.0522,0.4,19.8836,False,deep_learning_adaptive,19.8593,0.9971
136,v4,v15,40.0,40.11,20.0,1.0,0.2006,0.4,10.5306,False,deep_learning_adaptive,10.4973,0.9955
136,v4,v3,40.0,50.09,20.0,1.0,0.2504,0.4,8.987,False,deep_learning_adaptive,2.8679,0.9568
136,v4,v7,40.0,50.09,10.0,1.0,0.2504,0.2,10.3958,False,deep_learning_adaptive,10.3673,0.9955
136,v4,v19,40.0,120.04,10.0,1.0,0.6002,0.2,4.3227,False,deep_learning_adaptive,2.6607,0.9215
137,v1,v13,40.0,60.0,20.0,1.0,0.3,0.4,7.7326,False,deep_learning_adaptive,2.831,0.9475
137,v1,v5,40.0,120.0,10.0,1.0,0.6,0.2,4.3249,False,deep_learning_adaptive,2.6642,0.9172
137,v1,v6,40.0,190.02,10.0,1.0,0.9501,0.2,1.1308,True,deep_learning_adaptive,2.3665,0.8361
137,v3,v4,20.0,30.15,0.0,0.6,0.1507,0.0,-3.6685,False,deep_learning_adaptive,1.6893,0.5023
137,v3,v11,20.0,60.0,10.0,0.6,0.3,0.2,-10.8587,True,deep_learning_adaptive,0.9189,0.2068
137,v3,v7,20.0,70.0,20.0,0.6,0.35,0.4,-13.3385,True,deep_learning_adaptive,0.7598,0.1783
137,v3,v19,20.0,80.0,10.0,0.6,0.4,0.2,-12.8577,True,deep_learning_adaptive,0.8078,0.1971
137,v3,v15,20.0,90.0,0.0,0.6,0.45,0.0,-11.2679,True,deep_learning_adaptive,0.8961,0.21
137,v4,v3,40.0,30.15,0.0,1.0,0.1507,0.0,16.3315,False,deep_learning_adaptive,16.3108,0.9971
137,v4,v11,40.0,30.15,10.0,1.0,0.1507,0.2,13.9232,False,deep_learning_adaptive,13.8876,0.9971
137,v4,v7,40.0,40.11,20.0,1.0,0.2006,0.4,10.5306,False,deep_learning_adaptive,10.5086,0.9951
137,v4,v15,40.0,60.07,0.0,1.0,0.3004,0.0,11.5409,False,deep_learning_adaptive,11.5166,0.9971
137,v4,v19,40.0,110.04,10.0,1.0,0.5502,0.2,4.9269,False,deep_learning_adaptive,2.7003,0.925
138,v1,v13,40.0,80.0,40.0,1.0,0.4,0.8,3.9588,True,deep_learning_adaptive,2.6286,0.9076
138,v1,v5,40.0,130.0,40.0,1.0,0.65,0.8,0.5851,True,deep_learning_adaptive,2.2797,0.7863
138,v3,v4,20.0,30.15,0.0,0.6,0.1507,0.0,-3.6685,False,deep_learning_adaptive,1.6728,0.5422
138,v3,v11,20.0,70.0,30.0,0.6,0.35,0.6,-14.338,True,deep_learning_adaptive,0.718,0.1668
138,v3,v7,20.0,90.0,20.0,0.6,0.45,0.4,-15.0849,True,deep_learning_adaptive,0.6649,0.1506
138,v3,v15,20.0,90.0,10.0,0.6,0.45,0.2,-13.6761,True,deep_learning_adaptive,0.7549,0.1822
138,v3,v19,20.0,90.0,10.0,0.6,0.45,0.2,-13.6761,True,deep_learning_adaptive,0.7381,0.1783
138,v4,v3,40.0,30.15,0.0,1.0,0.1507,0.0,16.3315,False,deep_learning_adaptive,16.3051,0.998
138,v4,v11,40.0,40.11,30.0,1.0,0.2006,0.6,9.5311,False,deep_learning_adaptive,2.8822,0.9582
138,v4,v7,40.0,60.07,20.0,1.0,0.3004,0.4,7.7239,False,deep_learning_adaptive,2.831,0.9504
138,v4,v15,40.0,60.07,10.0,1.0,0.3004,0.2,9.1327,False,deep_learning_adaptive,2.8702,0.9543
138,v4,v19,40.0,120.04,10.0,1.0,0.6002,0.2,4.3227,False,deep_learning_adaptive,2.6666,0.909
139,v1,v13,40.0,40.0,30.0,1.0,0.2,0.6,9.5506,False,deep_learning_adaptive,2.8796,0.9568
139,v1,v5,40.0,90.0,20.0,1.0,0.45,0.4,4.9151,False,deep_learning_adaptive,2.6965,0.9318
139,v1,v6,40.0,170.03,10.0,1.0,0.8501,0.2,1.9035,True,deep_learning_adaptive,2.4446,0.8621
139,v3,v4,20.0,30.15,10.0,0.6,0.1507,0.2,-6.0768,False,deep_learning_adaptive,1.3785,0.4045
139,v3,v11,20.0,40.0,20.0,0.6,0.2,0.4,-9.4499,True,deep_learning_adaptive,1.0197,0.2523
139,v3,v7,20.0,70.0,10.0,0.6,0.35,0.2,-11.9298,True,deep_learning_adaptive,0.8277,0.2287
139,v3,v15,20.0,80.0,20.0,0.6,0.4,0.4,-14.2664,True,deep_learning_adaptive,0.7136,0.1709
139,v3,v19,20.0,100.0,20.0,0.6,0.5,0.4,-15.817,True,deep_learning_adaptive,0.6521,0.1566
139,v4,v11,40.0,10.44,30.0,1.0,0.0522,0.6,18.8841,False,deep_learning_adaptive,18.8602,0.999
139,v4,v3,40.0,30.15,10.0,1.0,0.1507,0.2,13.9232,False,deep_learning_adaptive,13.8954,0.9961
139,v4,v7,40.0,40.11,20.0,1.0,0.2006,0.4,10.5306,False,deep_learning_adaptive,10.4915,0.9941
139,v4,v15,40.0,50.09,10.0,1.0,0.2504,0.2,10.3958,False,deep_learning_adaptive,10.3734,0.9951
139,v4,v19,40.0,130.03,10.0,1.0,0.6502,0.2,3.7668,False,deep_learning_adaptive,2.6173,0.9107
140,v1,v13,40.0,70.0,40.0,1.0,0.35,0.8,4.8867,True,deep_learning_adaptive,2.7069,0.9201
140,v1,v5,40.0,110.0,20.0,1.0,0.55,0.4,3.5207,False,deep_learning_adaptive,2.6036,0.8975
140,v1,v6,40.0,160.03,0.0,1.0,0.8001,0.0,4.7329,True,deep_learning_adaptive,2.694,0.9301
140,v3,v4,20.0,20.22,10.0,0.6,0.1011,0.2,-3.302,False,deep_learning_adaptive,1.7513,0.5486
140,v3,v11,20.0,60.0,40.0,0.6,0.3,0.8,-14.0422,True,deep_learning_adaptive,0.7273,0.1781
140,v3,v15,20.0,60.0,10.0,0.6,0.3,0.2,-10.8587,True,deep_learning_adaptive,0.9145,0.2395
140,v3,v7,20.0,80.0,0.0,0.6,0.4,0.0,-10.4494,True,deep_learning_adaptive,0.9592,0.2363
140,v3,v19,20.0,120.0,20.0,0.6,0.6,0.4,-17.0839,True,deep_learning_adaptive,0.6346,0.1457
140,v4,v3,40.0,20.22,10.0,1.0,0.1011,0.2,16.698,False,deep_learning_adaptive,16.6843,0.9971
140,v4,v11,40.0,40.11,30.0,1.0,0.2006,0.6,9.5311,False,deep_learning_adaptive,2.8767,0.9527
140,v4,v15,40.0,40.11,0.0,1.0,0.2006,0.0,14.3476,False,deep_learning_adaptive,14.3305,0.9961
140,v4,v7,40.0,60.07,10.0,1.0,0.3004,0.2,9.1327,False,deep_learning_adaptive,2.8732,0.9504
140,v4,v19,40.0,140.03,10.0,1.0,0.7002,0.2,3.2521,False,deep_learning_adaptive,2.5843,0.8945
141,v1,v13,40.0,30.0,20.0,1.0,0.15,0.4,12.5491,False,deep_learning_adaptive,12.52,0.9961
141,v1,v5,40.0,90.0,10.0,1.0,0.45,0.2,6.3239,False,deep_learning_adaptive,2.7691,0.9412
141,v1,v6,40.0,160.03,20.0,1.0,0.8001,0.4,0.9159,True,deep_learning_adaptive,2.3516,0.8279
141,v3,v4,20.0,10.44,10.0,0.6,0.0522,0.2,1.2923,False,deep_learning_adaptive,2.3655,0.8281
141,v3,v11,20.0,20.0,30.0,0.6,0.1,0.6,-5.633,True,deep_learning_adaptive,1.4183,0.4127
141,v3,v15,20.0,50.0,20.0,0.6,0.25,0.4,-11.0005,True,deep_learning_adaptive,0.8945,0.2221
141,v3,v7,20.0,80.0,40.0,0.6,0.4,0.8,-16.0412,True,deep_learning_adaptive,0.6637,0.1605
141,v3,v19,20.0,140.0,20.0,0.6,0.7,0.4,-18.155,True,deep_learning_adaptive,0.575,0.1414
141,v4,v3,40.0,10.44,10.0,1.0,0.0522,0.2,21.2923,False,deep_learning_adaptive,21.2676,0.998
141,v4,v11,40.0,10.44,20.0,1.0,0.0522,0.4,19.8836,False,deep_learning_adaptive,19.8578,0.998
141,v4,v15,40.0,40.11,10.0,1.0,0.2006,0.2,11.9393,False,deep_learning_adaptive,11.9126,0.9932
141,v4,v7,40.0,70.06,30.0,1.0,0.3503,0.6,5.6556,False,deep_learning_adaptive,2.7441,0.9305
141,v4,v19,40.0,150.03,10.0,1.0,0.7501,0.2,2.7729,False,deep_learning_adaptive,2.5311,0.8863
142,v1,v13,40.0,10.0,0.0,1.0,0.05,0.0,24.0,False,deep_learning_adaptive,23.9708,0.999
142,v1,v5,40.0,100.0,10.0,1.0,0.5,0.2,5.5918,False,deep_learning_adaptive,2.7443,0.9359
142,v1,v6,40.0,180.02,30.0,1.0,0.9001,0.6,-0.9018,True,deep_learning_adaptive,2.0953,0.7189
142,v3,v4,20.0,3.0,0.0,0.6,0.015,0.0,12.3661,False,deep_learning_adaptive,12.3295,0.9941
142,v3,v11,20.0,10.0,20.0,0.6,0.05,0.4,0.183,True,deep_learning_adaptive,2.2392,0.8057
142,v3,v15,20.0,30.0,10.0,0.6,0.15,0.2,-6.0422,False,deep_learning_adaptive,1.3776,0.3877
142,v3,v7,20.0,40.0,10.0,0.6,0.2,0.2,-8.0412,False,deep_learning_adaptive,1.1626,0.3146
142,v3,v8,20.0,150.03,10.0,0.6,0.7501,0.2,-17.2271,True,deep_learning_adaptive,0.5891,0.1141
142,v4,v3,40.0,3.0,0.0,1.0,0.015,0.0,32.3661,False,deep_learning_adaptive,32.3463,0.998
142,v4,v11,40.0,10.44,20.0,1.0,0.0522,0.4,19.8836,False,deep_learning_adaptive,19.8569,0.998
142,v4,v15,40.0,30.15,10.0,1.0,0.1507,0.2,13.9232,False,deep_learning_adaptive,13.9041,0.9941
142,v4,v7,40.0,40.11,10.0,1.0,0.2006,0.2,11.9393,False,deep_learning_adaptive,11.9135,0.9961
142,v4,v8,40.0,150.0,10.0,1.0,0.75,0.2,2.7743,False,deep_learning_adaptive,2.5334,0.8832
143,v1,v13,40.0,10.0,0.0,1.0,0.05,0.0,24.0,False,deep_learning_adaptive,23.97,0.9971
143,v1,v5,40.0,110.0,30.0,1.0,0.55,0.6,2.5212,True,deep_learning_adaptive,2.5106,0.885
143,v3,v4,20.0,3.0,40.0,0.6,0.015,0.8,6.7743,True,deep_learning_adaptive,6.7468,0.9936
143,v3,v11,20.0,10.0,40.0,0.6,0.05,0.8,-1.5918,True,deep_learning_adaptive,1.9983,0.6889
143,v3,v15,20.0,20.0,40.0,0.6,0.1,0.8,-6.4082,True,deep_learning_adaptive,1.3358,0.3824
143,v3,v7,20.0,30.0,0.0,0.6,0.15,0.0,-3.6339,False,deep_learning_adaptive,1.6907,0.5482
143,v3,v19,20.0,140.0,30.0,0.6,0.7,0.6,-19.1545,True,deep_learning_adaptive,0.5489,0.1295
143,v4,v3,40.0,3.0,40.0,1.0,0.015,0.8,26.7743,True,deep_learning_adaptive,26.7509,0.999
143,v4,v11,40.0,10.44,0.0,1.0,0.0522,0.0,23.7006,False,deep_learning_adaptive,23.6746,0.9971
143,v4,v15,40.0,20.22,0.0,1.0,0.1011,0.0,19.1062,False,deep_learning_adaptive,19.0762,0.998
143,v4,v7,40.0,30.15,40.0,1.0,0.1507,0.8,10.7397,True,deep_learning_adaptive,10.7057,0.9916
143,v4,v19,40.0,140.03,10.0,1.0,0.7002,0.2,3.2521,False,deep_learning_adaptive,2.5756,0.8875
144,v1,v13,40.0,10.0,0.0,1.0,0.05,0.0,24.0,False,deep_learning_adaptive,23.9637,0.999
144,v1,v5,40.0,140.0,0.0,1.0,0.7,0.0,5.662,False,deep_learning_adaptive,2.7501,0.9418
144,v3,v15,20.0,20.0,40.0,0.6,0.1,0.8,-6.4082,True,deep_learning_adaptive,1.3401,0.4043
144,v3,v7,20.0,30.0,10.0,0.6,0.15,0.2,-6.0422,False,deep_learning_adaptive,1.3671,0.3957
144,v3,v11,20.0,30.0,20.0,0.6,0.15,0.4,-7.4509,True,deep_learning_adaptive,1.2276,0.3264
144,v3,v4,20.0,40.11,20.0,0.6,0.2006,0.4,-9.4694,True,deep_learning_adaptive,1.0199,0.2402
144,v3,v19,20.0,170.0,30.0,0.6,0.85,0.6,-20.5037,True,deep_learning_adaptive,0.5213,0.1156
144,v4,v11,40.0,10.44,0.0,1.0,0.0522,0.0,23.7006,False,deep_learning_adaptive,23.6822,0.998
144,v4,v15,40.0,20.22,20.0,1.0,0.1011,0.4,15.2892,False,deep_learning_adaptive,15.2573,1.0
144,v4,v3,40.0,40.11,20.0,1.0,0.2006,0.4,10.5306,False,deep_learning_adaptive,10.4886,0.9951
144,v4,v7,40.0,70.06,10.0,1.0,0.3503,0.2,8.0638,False,deep_learning_adaptive,2.8456,0.9486
144,v4,v8,40.0,130.0,20.0,1.0,0.65,0.4,2.3599,True,deep_learning_adaptive,2.498,0.8684
145,v1,v13,40.0,10.0,20.0,1.0,0.05,0.4,20.183,False,deep_learning_adaptive,20.1548,0.9971
145,v1,v5,40.0,140.0,40.0,1.0,0.7,0.8,0.0702,True,deep_learning_adaptive,2.2051,0.7881
145,v3,v11,20.0,10.0,10.0,0.6,0.05,0.2,1.5918,False,deep_learning_adaptive,2.4221,0.8445
145,v3,v15,20.0,20.0,10.0,0.6,0.1,0.2,-3.2247,False,deep_learning_adaptive,1.7379,0.5752
145,v3,v4,20.0,20.22,0.0,0.6,0.1011,0.0,-0.8938,False,deep_learning_adaptive,2.0972,0.71
145,v3,v7,20.0,40.0,20.0,0.6,0.2,0.4,-9.4499,True,deep_learning_adaptive,1.0362,0.2668
145,v3,v8,20.0,130.03,40.0,0.6,0.6502,0.8,-19.4167,True,deep_learning_adaptive,0.5527,0.1277
145,v4,v11,40.0,10.44,10.0,1.0,0.0522,0.2,21.2923,False,deep_learning_adaptive,21.2679,0.998
145,v4,v3,40.0,20.22,0.0,1.0,0.1011,0.0,19.1062,False,deep_learning_adaptive,19.0821,0.9971
145,v4,v15,40.0,40.11,10.0,1.0,0.2006,0.2,11.9393,False,deep_learning_adaptive,11.901,0.998
145,v4,v7,40.0,60.07,20.0,1.0,0.3004,0.4,7.7239,False,deep_learning_adaptive,2.8313,0.9451
145,v4,v8,40.0,110.0,40.0,1.0,0.55,0.8,1.746,True,deep_learning_adaptive,2.4294,0.8412
146,v1,v13,40.0,10.0,40.0,1.0,0.05,0.8,18.4082,True,deep_learning_adaptive,18.3809,0.9961
146,v1,v5,40.0,100.0,40.0,1.0,0.5,0.8,2.4082,True,deep_learning_adaptive,2.4814,0.8775
146,v1,v6,40.0,180.02,20.0,1.0,0.9001,0.4,0.0977,True,deep_learning_adaptive,2.221,0.7797
146,v3,v15,20.0,10.0,10.0,0.6,0.05,0.2,1.5918,False,deep_learning_adaptive,2.4183,0.8576
146,v3,v7,20.0,20.0,0.0,0.6,0.1,0.0,-0.8165,False,deep_learning_adaptive,2.1148,0.7033
146,v3,v11,20.0,20.0,10.0,0.6,0.1,0.2,-3.2247,False,deep_learning_adaptive,1.7586,0.5957
146,v3,v4,20.0,20.22,10.0,0.6,0.1011,0.2,-3.302,False,deep_learning_adaptive,1.7456,0.575
146,v3,v19,20.0,150.0,10.0,0.6,0.75,0.2,-17.2257,True,deep_learning_adaptive,0.591,0.152
146,v4,v11,40.0,3.0,20.0,1.0,0.015,0.4,28.5491,False,deep_learning_adaptive,28.5236,0.998
146,v4,v3,40.0,20.22,10.0,1.0,0.1011,0.2,16.698,False,deep_learning_adaptive,16.6814,0.9951
146,v4,v15,40.0,30.15,0.0,1.0,0.1507,0.0,16.3315,False,deep_learning_adaptive,16.305,0.9971
146,v4,v7,40.0,40.11,10.0,1.0,0.2006,0.2,11.9393,False,deep_learning_adaptive,11.9141,0.998
146,v4,v19,40.0,130.03,20.0,1.0,0.6502,0.4,2.3581,True,deep_learning_adaptive,2.4992,0.8746
147,v1,v13,40.0,30.0,10.0,1.0,0.15,0.2,13.9578,False,deep_learning_adaptive,13.9286,0.9971
147,v1,v5,40.0,140.0,20.0,1.0,0.7,0.4,1.845,True,deep_learning_adaptive,2.4403,0.8418
147,v3,v15,20.0,0.0,10.0,0.6,0.0,0.2,33.5918,False,deep_learning_adaptive,33.5605,1.0
147,v3,v11,20.0,10.0,10.0,0.6,0.05,0.2,1.5918,False,deep_learning_adaptive,2.4118,0.8465
147,v3,v7,20.0,20.0,30.0,0.6,0.1,0.6,-5.633,True,deep_learning_adaptive,1.4288,0.3959
147,v3,v4,20.0,30.15,20.0,0.6,0.1507,0.4,-7.4855,True,deep_learning_adaptive,1.2158,0.323
147,v3,v19,20.0,140.0,20.0,0.6,0.7,0.4,-18.155,True,deep_learning_adaptive,0.5648,0.1404
147,v4,v11,40.0,20.22,30.0,1.0,0.1011,0.6,14.2897,False,deep_learning_adaptive,14.2652,0.9936
147,v4,v3,40.0,30.15,20.0,1.0,0.1507,0.4,12.5145,False,deep_learning_adaptive,12.4933,0.9961
147,v4,v15,40.0,30.15,30.0,1.0,0.1507,0.6,11.515,False,deep_learning_adaptive,11.4777,0.999
147,v4,v7,40.0,50.09,10.0,1.0,0.2504,0.2,10.3958,False,deep_learning_adaptive,10.3687,0.9902
147,v4,v19,40.0,110.04,0.0,1.0,0.5502,0.0,7.3351,False,deep_learning_adaptive,2.8213,0.9555
148,v1,v13,40.0,20.0,0.0,1.0,0.1,0.0,19.1835,False,deep_learning_adaptive,19.1475,0.999
148,v1,v5,40.0,120.0,20.0,1.0,0.6,0.4,2.9161,False,deep_learning_adaptive,2.5488,0.8879
148,v1,v6,40.0,170.03,10.0,1.0,0.8501,0.2,1.9035,True,deep_learning_adaptive,2.4441,0.8512
148,v3,v15,20.0,10.0,10.0,0.6,0.05,0.2,1.5918,False,deep_learning_adaptive,2.4102,0.8492
148,v3,v4,20.0,10.44,30.0,0.6,0.0522,0.6,-1.1159,True,deep_learning_adaptive,2.0667,0.701
148,v3,v11,20.0,20.0,20.0,0.6,0.1,0.4,-4.6334,True,deep_learning_adaptive,1.5694,0.4807
148,v3,v7,20.0,50.0,10.0,0.6,0.25,0.2,-9.5918,False,deep_learning_adaptive,1.0094,0.2607
148,v3,v19,20.0,120.0,20.0,0.6,0.6,0.4,-17.0839,True,deep_learning_adaptive,0.6121,0.1195
148,v4,v15,40.0,3.0,20.0,1.0,0.015,0.4,28.5491,False,deep_learning_adaptive,28.518,0.999
148,v4,v3,40.0,10.44,30.0,1.0,0.0522,0.6,18.8841,False,deep_learning_adaptive,18.8608,0.9971
148,v4,v11,40.0,10.44,10.0,1.0,0.0522,0.2,21.2923,False,deep_learning_adaptive,21.2727,0.9971
148,v4,v7,40.0,60.07,40.0,1.0,0.3004,0.8,5.9491,True,deep_learning_adaptive,2.7593,0.9318
148,v4,v8,40.0,110.0,40.0,1.0,0.55,0.8,1.746,True,deep_learning_adaptive,2.4343,0.8484
149,v1,v13,40.0,20.0,10.0,1.0,0.1,0.2,16.7753,False,deep_learning_adaptive,16.736,0.9951
149,v1,v5,40.0,100.0,20.0,1.0,0.5,0.4,4.183,False,deep_learning_adaptive,2.6533,0.9006
149,v1,v6,40.0,180.02,0.0,1.0,0.9001,0.0,3.9147,True,deep_learning_adaptive,2.6273,0.908
149,v3,v15,20.0,20.0,10.0,0.6,0.1,0.2,-3.2247,False,deep_learning_adaptive,1.758,0.5551
149,v3,v11,20.0,40.0,20.0,0.6,0.2,0.4,-9.4499,True,deep_learning_adaptive,1.0222,0.2545
149,v3,v4,20.0,40.11,10.0,0.6,0.2006,0.2,-8.0607,False,deep_learning_adaptive,1.1629,0.3057
149,v3,v7,20.0,60.0,0.0,0.6,0.3,0.0,-8.4504,True,deep_learning_adaptive,1.1234,0.307
149,v3,v8,20.0,110.04,10.0,0.6,0.5502,0.2,-15.0731,True,deep_learning_adaptive,0.6883,0.1795
149,v4,v11,40.0,3.0,10.0,1.0,0.015,0.2,29.9578,False,deep_learning_adaptive,29.9341,1.0
149,v4,v15,40.0,20.22,20.0,1.0,0.1011,0.4,15.2892,False,deep_learning_adaptive,15.2735,0.9971
149,v4,v3,40.0,40.11,10.0,1.0,0.2006,0.2,11.9393,False,deep_learning_adaptive,11.9142,0.998
149,v4,v8,40.0,70.0,20.0,1.0,0.35,0.4,6.6615,False,deep_learning_adaptive,2.7978,0.9471
149,v4,v7,40.0,100.04,10.0,1.0,0.5002,0.2,5.5886,False,deep_learning_adaptive,2.7427,0.935
150,v1,v13,40.0,10.0,10.0,1.0,0.05,0.2,21.5918,False,deep_learning_adaptive,21.5578,0.998
150,v1,v5,40.0,120.0,0.0,1.0,0.6,0.0,6.7331,False,deep_learning_adaptive,2.7927,0.9445
150,v1,v6,40.0,180.02,10.0,1.0,0.9001,0.2,1.5064,True,deep_learning_adaptive,2.3996,0.86
150,v3,v11,20.0,20.0,20.0,0.6,0.1,0.4,-4.6334,True,deep_learning_adaptive,1.563,0.4709
150,v3,v15,20.0,30.0,0.0,0.6,0.15,0.0,-3.6339,False,deep_learning_adaptive,1.6824,0.5326
150,v3,v4,20.0,30.15,10.0,0.6,0.1507,0.2,-6.0768,False,deep_learning_adaptive,1.368,0.3994
150,v3,v7,20.0,60.0,20.0,0.6,0.3,0.4,-12.2674,True,deep_learning_adaptive,0.8357,0.1971
150,v3,v8,20.0,120.04,10.0,0.6,0.6002,0.2,-15.6773,True,deep_learning_adaptive,0.6591,0.1516
150,v4,v15,40.0,3.0,10.0,1.0,0.015,0.2,29.9578,False,deep_learning_adaptive,29.9266,0.999
150,v4,v11,40.0,10.44,10.0,1.0,0.0522,0.2,21.2923,False,deep_learning_adaptive,21.2819,0.998
150,v4,v3,40.0,30.15,10.0,1.0,0.1507,0.2,13.9232,False,deep_learning_adaptive,13.8991,0.9941
150,v4,v8,40.0,90.0,0.0,1.0,0.45,0.0,8.7321,False,deep_learning_adaptive,2.8637,0.9504
150,v4,v7,40.0,90.05,10.0,1.0,0.4502,0.2,6.32,False,deep_learning_adaptive,2.774,0.9373
151,v1,v13,40.0,20.0,20.0,1.0,0.1,0.4,15.3666,False,deep_learning_adaptive,15.348,0.9961
151,v1,v5,40.0,120.0,0.0,1.0,0.6,0.0,6.7331,False,deep_learning_adaptive,2.7975,0.9455
151,v1,v6,40.0,170.03,20.0,1.0,0.8501,0.4,0.4948,True,deep_learning_adaptive,2.278,0.7633
151,v3,v15,20.0,30.0,10.0,0.6,0.15,0.2,-6.0422,False,deep_learning_adaptive,1.3914,0.3857
151,v3,v7,20.0,40.0,20.0,0.6,0.2,0.4,-9.4499,True,deep_learning_adaptive,1.0284,0.2855
151,v3,v11,20.0,40.0,10.0,0.6,0.2,0.2,-8.0412,False,deep_learning_adaptive,1.1356,0.3158
151,v3,v4,20.0,40.11,10.0,0.6,0.2006,0.2,-8.0607,False,deep_learning_adaptive,1.1439,0.3135
151,v3,v19,20.0,130.0,10.0,0.6,0.65,0.2,-16.2313,True,deep_learning_adaptive,0.6416,0.1371
151,v4,v11,40.0,3.0,20.0,1.0,0.015,0.4,28.5491,False,deep_learning_adaptive,28.5264,0.999
151,v4,v15,40.0,10.44,20.0,1.0,0.0522,0.4,19.8836,False,deep_learning_adaptive,19.8613,0.999
151,v4,v3,40.0,40.11,10.0,1.0,0.2006,0.2,11.9393,False,deep_learning_adaptive,11.9132,0.9941
151,v4,v7,40.0,80.06,10.0,1.0,0.4003,0.2,7.1374,False,deep_learning_adaptive,2.8114,0.95
151,v4,v8,40.0,90.0,20.0,1.0,0.45,0.4,4.9151,False,deep_learning_adaptive,2.6944,0.9324
152,v1,v13,40.0,40.0,20.0,1.0,0.2,0.4,10.5501,False,deep_learning_adaptive,10.524,0.9951
152,v1,v5,40.0,120.0,0.0,1.0,0.6,0.0,6.7331,False,deep_learning_adaptive,2.7977,0.9422
152,v1,v6,40.0,190.02,20.0,1.0,0.9501,0.4,-0.2779,True,deep_learning_adaptive,2.1866,0.7594
152,v3,v4,20.0,30.15,10.0,0.6,0.1507,0.2,-6.0768,False,deep_learning_adaptive,1.3801,0.4076
152,v3,v15,20.0,40.0,30.0,0.6,0.2,0.6,-10.4494,True,deep_learning_adaptive,0.9547,0.258
152,v3,v11,20.0,50.0,20.0,0.6,0.25,0.4,-11.0005,True,deep_learning_adaptive,0.881,0.2127
152,v3,v7,20.0,60.0,20.0,0.6,0.3,0.4,-12.2674,True,deep_learning_adaptive,0.82,0.2123
152,v3,v19,20.0,120.0,10.0,0.6,0.6,0.2,-15.6751,True,deep_learning_adaptive,0.6575,0.1682
152,v4,v15,40.0,10.44,20.0,1.0,0.0522,0.4,19.8836,False,deep_learning_adaptive,19.8651,0.9971
152,v4,v11,40.0,20.22,10.0,1.0,0.1011,0.2,16.698,False,deep_learning_adaptive,16.6565,0.9971
152,v4,v3,40.0,30.15,10.0,1.0,0.1507,0.2,13.9232,False,deep_learning_adaptive,13.898,0.9912
152,v4,v7,40.0,90.05,10.0,1.0,0.4502,0.2,6.32,False,deep_learning_adaptive,2.7655,0.9309
152,v4,v19,40.0,90.05,0.0,1.0,0.4502,0.0,8.7283,False,deep_learning_adaptive,2.8581,0.9475
153,v1,v13,40.0,20.0,40.0,1.0,0.1,0.8,13.5918,True,deep_learning_adaptive,13.5526,0.9951
153,v1,v5,40.0,120.0,20.0,1.0,0.6,0.4,2.9161,False,deep_learning_adaptive,2.5448,0.8805
153,v1,v6,40.0,170.03,30.0,1.0,0.8501,0.6,-0.5047,True,deep_learning_adaptive,2.1619,0.7404
153,v3,v15,20.0,10.0,0.0,0.6,0.05,0.0,4.0,False,deep_learning_adaptive,2.6324,0.9129
153,v3,v4,20.0,20.22,10.0,0.6,0.1011,0.2,-3.302,False,deep_learning_adaptive,1.7296,0.5465
153,v3,v11,20.0,30.0,20.0,0.6,0.15,0.4,-7.4509,True,deep_learning_adaptive,1.1839,0.3316
153,v3,v7,20.0,80.0,40.0,0.6,0.4,0.8,-16.0412,True,deep_learning_adaptive,0.6609,0.1566
153,v3,v19,20.0,110.0,40.0,0.6,0.55,0.8,-18.254,True,deep_learning_adaptive,0.5722,0.1387
153,v4,v11,40.0,10.44,10.0,1.0,0.0522,0.2,21.2923,False,deep_learning_adaptive,21.2711,0.9951
153,v4,v15,40.0,10.44,10.0,1.0,0.0522,0.2,21.2923,False,deep_learning_adaptive,21.2637,0.998
153,v4,v3,40.0,20.22,10.0,1.0,0.1011,0.2,16.698,False,deep_learning_adaptive,16.6755,0.9971
153,v4,v19,40.0,90.05,30.0,1.0,0.4502,0.6,3.9118,True,deep_learning_adaptive,2.6338,0.9201
153,v4,v7,40.0,100.04,30.0,1.0,0.5002,0.6,3.1804,True,deep_learning_adaptive,2.5625,0.8797
154,v1,v13,40.0,60.0,10.0,1.0,0.3,0.2,9.1413,False,deep_learning_adaptive,2.8749,0.9543
154,v1,v5,40.0,140.0,20.0,1.0,0.7,0.4,1.845,True,deep_learning_adaptive,2.4391,0.8551
154,v3,v11,20.0,10.0,10.0,0.6,0.05,0.2,1.5918,False,deep_learning_adaptive,2.4041,0.8398
154,v3,v15,20.0,10.0,10.0,0.6,0.05,0.2,1.5918,False,deep_learning_adaptive,2.4071,0.8498
154,v3,v4,20.0,10.44,20.0,0.6,0.0522,0.4,-0.1164,True,deep_learning_adaptive,2.1979,0.7615
154,v3,v19,20.0,70.0,0.0,0.6,0.35,0.0,-9.5216,True,deep_learning_adaptive,0.9992,0.2475
154,v3,v7,20.0,120.0,20.0,0.6,0.6,0.4,-17.0839,True,deep_learning_adaptive,0.6221,0.1518
154,v4,v11,40.0,3.0,10.0,1.0,0.015,0.2,29.9578,False,deep_learning_adaptive,29.928,1.0
154,v4,v15,40.0,3.0,10.0,1.0,0.015,0.2,29.9578,False,deep_learning_adaptive,29.9336,0.999
154,v4,v3,40.0,10.44,20.0,1.0,0.0522,0.4,19.8836,False,deep_learning_adaptive,19.8511,0.9971
154,v4,v19,40.0,60.07,20.0,1.0,0.3004,0.4,7.7239,False,deep_learning_adaptive,2.8343,0.9445
154,v4,v7,40.0,130.03,0.0,1.0,0.6502,0.0,6.1751,False,deep_learning_adaptive,2.7716,0.9338
155,v1,v13,40.0,70.0,20.0,1.0,0.35,0.4,6.6615,False,deep_learning_adaptive,2.7938,0.9494
155,v1,v5,40.0,160.0,20.0,1.0,0.8,0.4,0.9171,True,deep_learning_adaptive,2.3272,0.825
155,v3,v11,20.0,0.0,0.0,0.6,0.0,0.0,36.0,False,deep_learning_adaptive,35.9654,0.999
155,v3,v15,20.0,0.0,30.0,0.6,0.0,0.6,31.1835,True,deep_learning_adaptive,31.1569,0.9971
155,v3,v4,20.0,10.44,20.0,0.6,0.0522,0.4,-0.1164,True,deep_learning_adaptive,2.1977,0.7721
155,v3,v19,20.0,70.0,30.0,0.6,0.35,0.6,-14.338,True,deep_learning_adaptive,0.7121,0.1764
155,v3,v8,20.0,120.04,0.0,0.6,0.6002,0.0,-13.2691,True,deep_learning_adaptive,0.7743,0.1816
155,v4,v3,40.0,10.44,20.0,1.0,0.0522,0.4,19.8836,False,deep_learning_adaptive,19.8515,0.999
155,v4,v11,40.0,10.44,20.0,1.0,0.0522,0.4,19.8836,False,deep_learning_adaptive,19.8535,0.9971
155,v4,v15,40.0,10.44,10.0,1.0,0.0522,0.2,21.2923,False,deep_learning_adaptive,21.2706,0.9961
155,v4,v19,40.0,80.06,10.0,1.0,0.4003,0.2,7.1374,False,deep_learning_adaptive,2.8101,0.9396
155,v4,v8,40.0,130.0,20.0,1.0,0.65,0.4,2.3599,True,deep_learning_adaptive,2.4893,0.8764
156,v1,v13,40.0,90.0,0.0,1.0,0.45,0.0,8.7321,False,deep_learning_adaptive,2.8612,0.9479
156,v1,v5,40.0,140.0,0.0,1.0,0.7,0.0,5.662,False,deep_learning_adaptive,2.7375,0.9373
156,v3,v11,20.0,0.0,20.0,0.6,0.0,0.4,32.183,True,deep_learning_adaptive,32.158,0.998
156,v3,v4,20.0,10.44,30.0,0.6,0.0522,0.6,-1.1159,True,deep_learning_adaptive,2.0738,0.7004
156,v3,v15,20.0,30.0,20.0,0.6,0.15,0.4,-7.4509,True,deep_learning_adaptive,1.2202,0.3379
156,v3,v19,20.0,100.0,20.0,0.6,0.5,0.4,-15.817,True,deep_learning_adaptive,0.6611,0.191
156,v3,v8,20.0,120.04,20.0,0.6,0.6002,0.4,-17.086,True,deep_learning_adaptive,0.6237,0.1598
156,v4,v3,40.0,10.44,30.0,1.0,0.0522,0.6,18.8841,False,deep_learning_adaptive,18.8584,0.9971
156,v4,v11,40.0,10.44,10.0,1.0,0.0522,0.2,21.2923,False,deep_learning_adaptive,21.2755,0.9971
156,v4,v15,40.0,20.22,10.0,1.0,0.1011,0.2,16.698,False,deep_learning_adaptive,16.6741,0.9951
156,v4,v19,40.0,90.05,10.0,1.0,0.4502,0.2,6.32,False,deep_learning_adaptive,2.7774,0.9412
156,v4,v8,40.0,110.0,10.0,1.0,0.55,0.2,4.9295,False,deep_learning_adaptive,2.6971,0.934
157,v1,v13,40.0,90.0,10.0,1.0,0.45,0.2,6.3239,False,deep_learning_adaptive,2.7762,0.9406
157,v1,v5,40.0,140.0,20.0,1.0,0.7,0.4,1.845,True,deep_learning_adaptive,2.4439,0.8594
157,v1,v6,40.0,190.02,20.0,1.0,0.9501,0.4,-0.2779,True,deep_learning_adaptive,2.1761,0.752
157,v3,v15,20.0,10.0,20.0,0.6,0.05,0.4,0.183,True,deep_learning_adaptive,2.2233,0.7674
157,v3,v11,20.0,20.0,10.0,0.6,0.1,0.2,-3.2247,False,deep_learning_adaptive,1.7484,0.5365
157,v3,v4,20.0,20.22,30.0,0.6,0.1011,0.6,-5.7103,True,deep_learning_adaptive,1.4199,0.4359
157,v3,v19,20.0,80.0,0.0,0.6,0.4,0.0,-10.4494,True,deep_learning_adaptive,0.9654,0.2246
157,v3,v8,20.0,100.04,30.0,0.6,0.5002,0.6,-16.8196,True,deep_learning_adaptive,0.6309,0.1686
157,v4,v11,40.0,3.0,40.0,1.0,0.015,0.8,26.7743,True,deep_learning_adaptive,26.748,0.999
157,v4,v3,40.0,20.22,30.0,1.0,0.1011,0.6,14.2897,False,deep_learning_adaptive,14.2626,0.9961
157,v4,v15,40.0,30.15,10.0,1.0,0.1507,0.2,13.9232,False,deep_learning_adaptive,13.8938,0.9945
157,v4,v19,40.0,100.04,30.0,1.0,0.5002,0.6,3.1804,True,deep_learning_adaptive,2.5684,0.9049
157,v4,v8,40.0,120.0,0.0,1.0,0.6,0.0,6.7331,False,deep_learning_adaptive,2.7955,0.9406
158,v1,v13,40.0,100.0,10.0,1.0,0.5,0.2,5.5918,False,deep_learning_adaptive,2.7394,0.926
158,v1,v5,40.0,160.0,20.0,1.0,0.8,0.4,0.9171,True,deep_learning_adaptive,2.3237,0.8199
158,v3,v4,20.0,10.44,10.0,0.6,0.0522,0.2,1.2923,False,deep_learning_adaptive,2.3615,0.8404
158,v3,v11,20.0,30.0,10.0,0.6,0.15,0.2,-6.0422,False,deep_learning_adaptive,1.3526,0.365
158,v3,v15,20.0,30.0,0.0,0.6,0.15,0.0,-3.6339,False,deep_learning_adaptive,1.6906,0.5434
158,v3,v19,20.0,80.0,20.0,0.6,0.4,0.4,-14.2664,True,deep_learning_adaptive,0.7227,0.1545
158,v3,v8,20.0,130.03,40.0,0.6,0.6502,0.8,-19.4167,True,deep_learning_adaptive,0.5393,0.1309
158,v4,v3,40.0,10.44,10.0,1.0,0.0522,0.2,21.2923,False,deep_learning_adaptive,21.2702,0.999
158,v4,v15,40.0,20.22,10.0,1.0,0.1011,0.2,16.698,False,deep_learning_adaptive,16.6678,0.9951
158,v4,v11,40.0,40.11,0.0,1.0,0.2006,0.0,14.3476,False,deep_learning_adaptive,14.3182,0.9941
158,v4,v19,40.0,70.06,10.0,1.0,0.3503,0.2,8.0638,False,deep_learning_adaptive,2.8431,0.951
158,v4,v8,40.0,120.0,30.0,1.0,0.6,0.6,1.9166,True,deep_learning_adaptive,2.437,0.8695
159,v1,v13,40.0,110.0,30.0,1.0,0.55,0.6,2.5212,True,deep_learning_adaptive,2.5111,0.8697
159,v1,v5,40.0,140.0,0.0,1.0,0.7,0.0,5.662,False,deep_learning_adaptive,2.7421,0.9377
159,v3,v11,20.0,20.0,20.0,0.6,0.1,0.4,-4.6334,True,deep_learning_adaptive,1.5545,0.4742
159,v3,v4,20.0,20.22,20.0,0.6,0.1011,0.4,-4.7108,True,deep_learning_adaptive,1.538,0.4713
159,v3,v15,20.0,30.0,10.0,0.6,0.15,0.2,-6.0422,False,deep_learning_adaptive,1.3775,0.4068
159,v3,v19,20.0,100.0,10.0,0.6,0.5,0.2,-14.4082,True,deep_learning_adaptive,0.6947,0.1756
159,v3,v7,20.0,150.0,10.0,0.6,0.75,0.2,-17.2257,True,deep_learning_adaptive,0.5929,0.1295
159,v4,v15,40.0,10.44,30.0,1.0,0.0522,0.6,18.8841,False,deep_learning_adaptive,18.8588,0.9971
159,v4,v3,40.0,20.22,20.0,1.0,0.1011,0.4,15.2892,False,deep_learning_adaptive,15.2665,0.9941
159,v4,v11,40.0,40.11,40.0,1.0,0.2006,0.8,8.7558,True,deep_learning_adaptive,2.859,0.9533
159,v4,v19,40.0,80.06,10.0,1.0,0.4003,0.2,7.1374,False,deep_learning_adaptive,2.8162,0.94
159,v4,v8,40.0,150.0,40.0,1.0,0.75,0.8,-0.4092,True,deep_learning_adaptive,2.154,0.7395
160,v1,v13,40.0,80.0,20.0,1.0,0.4,0.4,5.7336,False,deep_learning_adaptive,2.7544,0.9354
160,v1,v5,40.0,140.0,0.0,1.0,0.7,0.0,5.662,False,deep_learning_adaptive,2.7501,0.9412
160,v1,v6,40.0,190.02,0.0,1.0,0.9501,0.0,3.5391,True,deep_learning_adaptive,2.5929,0.9145
160,v3,v15,20.0,20.0,20.0,0.6,0.1,0.4,-4.6334,True,deep_learning_adaptive,1.5529,0.4758
160,v3,v11,20.0,40.0,10.0,0.6,0.2,0.2,-8.0412,False,deep_learning_adaptive,1.1672,0.3184
160,v3,v4,20.0,40.11,10.0,0.6,0.2006,0.2,-8.0607,False,deep_learning_adaptive,1.1641,0.3102
160,v3,v19,20.0,110.0,0.0,0.6,0.55,0.0,-12.6623,True,deep_learning_adaptive,0.8027,0.2049
160,v3,v7,20.0,140.0,10.0,0.6,0.7,0.2,-16.7463,True,deep_learning_adaptive,0.618,0.1531
160,v4,v15,40.0,20.22,10.0,1.0,0.1011,0.2,16.698,False,deep_learning_adaptive,16.6602,0.999
160,v4,v3,40.0,40.11,10.0,1.0,0.2006,0.2,11.9393,False,deep_learning_adaptive,11.9139,0.9951
160,v4,v19,40.0,70.06,10.0,1.0,0.3503,0.2,8.0638,False,deep_learning_adaptive,2.8421,0.9445
160,v4,v11,40.0,80.06,0.0,1.0,0.4003,0.0,9.5457,False,deep_learning_adaptive,2.8805,0.95
160,v4,v8,40.0,110.0,10.0,1.0,0.55,0.2,4.9295,False,deep_learning_adaptive,2.6996,0.9236
