time,car_ID_TX,car_ID_RX,snr_values,distance_values,rel_speed_values,snr_values_norm,distance_values_norm,rel_speed_values_norm,composite_snr_db,use_nn,testing_case,psnr,accuracy
10,v1,v2,40.0,20.22,20.0,1.0,0.1011,0.4,36.9112,False,fuzzy_logic_fixed_snr,36.8797,0.999
10,v1,v5,40.0,110.0,20.0,1.0,0.55,0.4,35.4401,False,fuzzy_logic_fixed_snr,35.4143,0.998
10,v1,v6,40.0,190.02,10.0,1.0,0.9501,0.2,35.1414,True,fuzzy_logic_fixed_snr,2.9568,0.9514
10,v2,v1,20.0,20.22,20.0,0.6,0.1011,0.4,16.9112,True,fuzzy_logic_fixed_snr,2.9403,0.9504
10,v2,v5,20.0,130.03,40.0,0.6,0.6502,0.8,15.0729,True,fuzzy_logic_fixed_snr,2.9299,0.95
10,v3,v4,20.0,50.09,30.0,0.6,0.2504,0.6,15.9984,True,fuzzy_logic_fixed_snr,2.9337,0.9549
10,v3,v7,20.0,100.0,30.0,0.6,0.5,0.6,15.3979,True,fuzzy_logic_fixed_snr,2.9283,0.9461
10,v3,v8,20.0,130.03,10.0,0.6,0.6502,0.2,15.4709,True,fuzzy_logic_fixed_snr,2.9303,0.9529
10,v4,v3,40.0,50.09,30.0,1.0,0.2504,0.6,35.9984,False,fuzzy_logic_fixed_snr,35.9679,1.0
10,v4,v7,40.0,50.09,0.0,1.0,0.2504,0.0,36.6005,False,fuzzy_logic_fixed_snr,36.5778,1.0
10,v4,v8,40.0,80.0,20.0,1.0,0.4,0.4,35.7167,False,fuzzy_logic_fixed_snr,35.6862,0.999
10,v4,v12,40.0,170.0,20.0,1.0,0.85,0.4,35.062,True,fuzzy_logic_fixed_snr,2.9566,0.9523
10,v4,v16,40.0,170.0,20.0,1.0,0.85,0.4,35.062,True,fuzzy_logic_fixed_snr,2.9566,0.9504
11,v1,v2,40.0,3.0,10.0,1.0,0.015,0.2,38.7447,False,fuzzy_logic_fixed_snr,38.729,0.999
11,v1,v5,40.0,90.0,10.0,1.0,0.45,0.2,35.7905,False,fuzzy_logic_fixed_snr,35.7611,1.0
11,v2,v1,20.0,3.0,10.0,0.6,0.015,0.2,18.7447,False,fuzzy_logic_fixed_snr,18.7085,0.998
11,v2,v5,20.0,90.05,20.0,0.6,0.4502,0.4,15.6139,True,fuzzy_logic_fixed_snr,2.9313,0.9529
11,v2,v6,20.0,200.0,0.0,0.6,1.0,0.0,15.3979,True,fuzzy_logic_fixed_snr,2.9291,0.9525
11,v3,v4,20.0,80.06,10.0,0.6,0.4003,0.2,15.8922,True,fuzzy_logic_fixed_snr,2.9324,0.9465
11,v3,v7,20.0,130.0,30.0,0.6,0.65,0.6,15.1701,True,fuzzy_logic_fixed_snr,2.9304,0.952
11,v3,v8,20.0,140.03,20.0,0.6,0.7002,0.4,15.2304,True,fuzzy_logic_fixed_snr,2.9309,0.9523
11,v4,v7,40.0,50.09,20.0,1.0,0.2504,0.4,36.1234,False,fuzzy_logic_fixed_snr,36.1009,0.998
11,v4,v8,40.0,60.0,10.0,1.0,0.3,0.2,36.1427,False,fuzzy_logic_fixed_snr,36.1095,0.999
11,v4,v3,40.0,80.06,10.0,1.0,0.4003,0.2,35.8922,False,fuzzy_logic_fixed_snr,35.8675,0.998
11,v4,v11,40.0,140.03,30.0,1.0,0.7002,0.6,35.1055,True,fuzzy_logic_fixed_snr,2.9569,0.9523
11,v4,v12,40.0,190.0,10.0,1.0,0.95,0.2,35.1415,True,fuzzy_logic_fixed_snr,2.9562,0.9504
12,v1,v2,40.0,10.44,20.0,1.0,0.0522,0.4,37.4855,False,fuzzy_logic_fixed_snr,37.4597,1.0
12,v1,v5,40.0,100.0,0.0,1.0,0.5,0.0,36.0,False,fuzzy_logic_fixed_snr,35.9662,0.999
12,v1,v6,40.0,190.02,10.0,1.0,0.9501,0.2,35.1414,True,fuzzy_logic_fixed_snr,2.9561,0.9514
12,v2,v1,20.0,10.44,20.0,0.6,0.0522,0.4,17.4855,True,fuzzy_logic_fixed_snr,2.9416,0.9514
12,v2,v5,20.0,110.04,20.0,0.6,0.5502,0.4,15.4398,True,fuzzy_logic_fixed_snr,2.9302,0.9514
12,v2,v6,20.0,200.0,10.0,0.6,1.0,0.2,15.0969,True,fuzzy_logic_fixed_snr,2.927,0.9549
12,v3,v4,20.0,70.06,0.0,0.6,0.3503,0.0,16.309,True,fuzzy_logic_fixed_snr,2.9366,0.9529
12,v3,v7,20.0,100.0,20.0,0.6,0.5,0.4,15.5229,True,fuzzy_logic_fixed_snr,2.9302,0.9518
12,v3,v8,20.0,120.04,20.0,0.6,0.6002,0.4,15.3642,True,fuzzy_logic_fixed_snr,2.9313,0.9475
12,v3,v11,20.0,180.0,10.0,0.6,0.9,0.2,15.1884,True,fuzzy_logic_fixed_snr,2.93,0.942
12,v4,v7,40.0,30.15,20.0,1.0,0.1507,0.4,36.5643,False,fuzzy_logic_fixed_snr,36.5401,0.999
12,v4,v8,40.0,50.0,20.0,1.0,0.25,0.4,36.1249,False,fuzzy_logic_fixed_snr,36.0936,0.999
12,v4,v3,40.0,70.06,0.0,1.0,0.3503,0.0,36.309,False,fuzzy_logic_fixed_snr,36.2809,1.0
12,v4,v11,40.0,110.04,10.0,1.0,0.5502,0.2,35.6159,False,fuzzy_logic_fixed_snr,35.5823,0.999
12,v4,v12,40.0,180.0,10.0,1.0,0.9,0.2,35.1884,True,fuzzy_logic_fixed_snr,2.9566,0.9533
13,v1,v2,40.0,30.15,10.0,1.0,0.1507,0.2,36.7404,False,fuzzy_logic_fixed_snr,36.7077,0.999
13,v1,v5,40.0,100.0,30.0,1.0,0.5,0.6,35.3979,True,fuzzy_logic_fixed_snr,2.9563,0.9523
13,v1,v6,40.0,180.02,0.0,1.0,0.9001,0.0,35.4893,True,fuzzy_logic_fixed_snr,2.9563,0.9523
13,v2,v1,20.0,30.15,10.0,0.6,0.1507,0.2,16.7404,False,fuzzy_logic_fixed_snr,16.7181,0.9951
13,v2,v5,20.0,130.03,20.0,0.6,0.6502,0.4,15.2948,True,fuzzy_logic_fixed_snr,2.9307,0.9523
13,v3,v4,20.0,70.06,10.0,0.6,0.3503,0.2,16.008,True,fuzzy_logic_fixed_snr,2.9332,0.9539
13,v3,v7,20.0,120.0,10.0,0.6,0.6,0.2,15.5406,True,fuzzy_logic_fixed_snr,2.9317,0.9494
13,v3,v8,20.0,140.03,20.0,0.6,0.7002,0.4,15.2304,True,fuzzy_logic_fixed_snr,2.9274,0.9471
13,v3,v11,20.0,190.0,10.0,0.6,0.95,0.2,15.1415,True,fuzzy_logic_fixed_snr,2.9295,0.9523
13,v4,v7,40.0,50.09,20.0,1.0,0.2504,0.4,36.1234,False,fuzzy_logic_fixed_snr,36.0962,0.998
13,v4,v8,40.0,70.0,10.0,1.0,0.35,0.2,36.0088,False,fuzzy_logic_fixed_snr,35.9741,1.0
13,v4,v3,40.0,70.06,10.0,1.0,0.3503,0.2,36.008,False,fuzzy_logic_fixed_snr,35.9688,0.998
13,v4,v11,40.0,120.04,0.0,1.0,0.6002,0.0,35.8414,False,fuzzy_logic_fixed_snr,35.8145,1.0
13,v4,v12,40.0,170.0,0.0,1.0,0.85,0.0,35.5391,True,fuzzy_logic_fixed_snr,2.9564,0.9514
14,v1,v2,40.0,20.22,30.0,1.0,0.1011,0.6,36.7862,False,fuzzy_logic_fixed_snr,36.7544,1.0
14,v1,v5,40.0,130.0,30.0,1.0,0.65,0.6,35.1701,True,fuzzy_logic_fixed_snr,2.9564,0.9523
14,v1,v6,40.0,180.02,40.0,1.0,0.9001,0.8,34.7904,True,fuzzy_logic_fixed_snr,2.9564,0.9529
14,v2,v1,20.0,20.22,30.0,0.6,0.1011,0.6,16.7862,True,fuzzy_logic_fixed_snr,2.9366,0.9484
14,v2,v5,20.0,150.03,0.0,0.6,0.7501,0.0,15.6476,True,fuzzy_logic_fixed_snr,2.9315,0.9529
14,v2,v6,20.0,200.0,10.0,0.6,1.0,0.2,15.0969,True,fuzzy_logic_fixed_snr,2.9279,0.9494
14,v3,v4,20.0,80.06,10.0,0.6,0.4003,0.2,15.8922,True,fuzzy_logic_fixed_snr,2.9332,0.9465
14,v3,v7,20.0,110.0,10.0,0.6,0.55,0.2,15.6162,True,fuzzy_logic_fixed_snr,2.9289,0.9506
14,v3,v8,20.0,160.03,10.0,0.6,0.8001,0.2,15.2906,True,fuzzy_logic_fixed_snr,2.9286,0.9533
14,v3,v11,20.0,200.0,10.0,0.6,1.0,0.2,15.0969,True,fuzzy_logic_fixed_snr,2.9298,0.951
14,v4,v7,40.0,30.15,20.0,1.0,0.1507,0.4,36.5643,False,fuzzy_logic_fixed_snr,36.5197,1.0
14,v4,v8,40.0,80.0,0.0,1.0,0.4,0.0,36.1938,False,fuzzy_logic_fixed_snr,36.1584,0.998
14,v4,v3,40.0,80.06,10.0,1.0,0.4003,0.2,35.8922,False,fuzzy_logic_fixed_snr,35.8682,1.0
14,v4,v11,40.0,120.04,0.0,1.0,0.6002,0.0,35.8414,False,fuzzy_logic_fixed_snr,35.8298,1.0
14,v4,v12,40.0,170.0,20.0,1.0,0.85,0.4,35.062,True,fuzzy_logic_fixed_snr,2.9559,0.9523
15,v1,v2,40.0,50.09,20.0,1.0,0.2504,0.4,36.1234,False,fuzzy_logic_fixed_snr,36.1105,1.0
15,v1,v5,40.0,100.0,10.0,1.0,0.5,0.2,35.699,False,fuzzy_logic_fixed_snr,35.6771,1.0
15,v1,v6,40.0,140.03,10.0,1.0,0.7002,0.2,35.4065,False,fuzzy_logic_fixed_snr,35.3816,0.9971
15,v2,v1,20.0,50.09,20.0,0.6,0.2504,0.4,16.1234,True,fuzzy_logic_fixed_snr,2.934,0.9555
15,v2,v5,20.0,150.03,10.0,0.6,0.7501,0.2,15.3466,True,fuzzy_logic_fixed_snr,2.9292,0.9475
15,v2,v6,20.0,190.0,30.0,0.6,0.95,0.6,14.8404,True,fuzzy_logic_fixed_snr,2.924,0.9559
15,v3,v4,20.0,70.06,30.0,0.6,0.3503,0.6,15.7069,True,fuzzy_logic_fixed_snr,2.9308,0.9549
15,v3,v7,20.0,120.0,20.0,0.6,0.6,0.4,15.3645,True,fuzzy_logic_fixed_snr,2.9294,0.9516
15,v3,v8,20.0,150.03,10.0,0.6,0.7501,0.2,15.3466,True,fuzzy_logic_fixed_snr,2.9306,0.952
15,v3,v11,20.0,190.0,10.0,0.6,0.95,0.2,15.1415,True,fuzzy_logic_fixed_snr,2.9273,0.949
15,v4,v7,40.0,50.09,10.0,1.0,0.2504,0.2,36.2995,False,fuzzy_logic_fixed_snr,36.2652,0.999
15,v4,v3,40.0,70.06,30.0,1.0,0.3503,0.6,35.7069,False,fuzzy_logic_fixed_snr,35.6804,0.999
15,v4,v8,40.0,80.0,40.0,1.0,0.4,0.8,35.4949,True,fuzzy_logic_fixed_snr,2.9564,0.9504
15,v4,v11,40.0,120.04,40.0,1.0,0.6002,0.8,35.1424,True,fuzzy_logic_fixed_snr,2.9565,0.9514
15,v4,v12,40.0,190.0,40.0,1.0,0.95,0.8,34.7435,True,fuzzy_logic_fixed_snr,2.9563,0.9514
16,v1,v2,40.0,30.15,0.0,1.0,0.1507,0.0,37.0414,False,fuzzy_logic_fixed_snr,37.0188,1.0
16,v1,v5,40.0,110.0,20.0,1.0,0.55,0.4,35.4401,False,fuzzy_logic_fixed_snr,35.413,1.0
16,v1,v6,40.0,130.03,10.0,1.0,0.6502,0.2,35.4709,False,fuzzy_logic_fixed_snr,35.443,1.0
16,v2,v1,20.0,30.15,0.0,0.6,0.1507,0.0,17.0414,False,fuzzy_logic_fixed_snr,17.0193,0.9971
16,v2,v5,20.0,140.03,20.0,0.6,0.7002,0.4,15.2304,True,fuzzy_logic_fixed_snr,2.9282,0.9543
16,v2,v6,20.0,160.0,10.0,0.6,0.8,0.2,15.2907,True,fuzzy_logic_fixed_snr,2.9289,0.948
16,v3,v4,20.0,100.04,40.0,0.6,0.5002,0.8,15.3006,True,fuzzy_logic_fixed_snr,2.9298,0.9539
16,v3,v7,20.0,140.0,0.0,0.6,0.7,0.0,15.7077,True,fuzzy_logic_fixed_snr,2.9334,0.95
16,v3,v8,20.0,140.03,0.0,0.6,0.7002,0.0,15.7075,True,fuzzy_logic_fixed_snr,2.9337,0.9508
16,v3,v11,20.0,180.0,10.0,0.6,0.9,0.2,15.1884,True,fuzzy_logic_fixed_snr,2.9295,0.952
16,v4,v8,40.0,40.0,40.0,1.0,0.2,0.8,36.0969,True,fuzzy_logic_fixed_snr,2.9566,0.9514
16,v4,v7,40.0,40.11,40.0,1.0,0.2006,0.8,36.0945,True,fuzzy_logic_fixed_snr,2.9565,0.9523
16,v4,v11,40.0,80.06,30.0,1.0,0.4003,0.6,35.5911,False,fuzzy_logic_fixed_snr,35.5626,1.0
16,v4,v3,40.0,100.04,40.0,1.0,0.5002,0.8,35.3006,True,fuzzy_logic_fixed_snr,2.9563,0.9504
16,v4,v12,40.0,150.0,40.0,1.0,0.75,0.8,34.9488,True,fuzzy_logic_fixed_snr,2.9567,0.9543
17,v1,v2,40.0,30.15,40.0,1.0,0.1507,0.8,36.3425,True,fuzzy_logic_fixed_snr,2.9561,0.9523
17,v1,v5,40.0,130.0,30.0,1.0,0.65,0.6,35.1701,True,fuzzy_logic_fixed_snr,2.9562,0.9514
17,v1,v6,40.0,140.03,40.0,1.0,0.7002,0.8,35.0086,True,fuzzy_logic_fixed_snr,2.957,0.9514
17,v2,v1,20.0,30.15,40.0,0.6,0.1507,0.8,16.3425,True,fuzzy_logic_fixed_snr,2.9351,0.952
17,v2,v5,20.0,160.03,10.0,0.6,0.8001,0.2,15.2906,True,fuzzy_logic_fixed_snr,2.9298,0.9539
17,v2,v6,20.0,170.0,0.0,0.6,0.85,0.0,15.5391,True,fuzzy_logic_fixed_snr,2.9312,0.9549
17,v3,v4,20.0,60.07,0.0,0.6,0.3004,0.0,16.4426,True,fuzzy_logic_fixed_snr,2.9352,0.9572
17,v3,v7,20.0,140.0,0.0,0.6,0.7,0.0,15.7077,True,fuzzy_logic_fixed_snr,2.9319,0.9549
17,v3,v8,20.0,140.03,10.0,0.6,0.7002,0.2,15.4065,True,fuzzy_logic_fixed_snr,2.9318,0.9539
17,v3,v11,20.0,170.0,20.0,0.6,0.85,0.4,15.062,True,fuzzy_logic_fixed_snr,2.9284,0.9543
17,v4,v3,40.0,60.07,0.0,1.0,0.3004,0.0,36.4426,False,fuzzy_logic_fixed_snr,36.4167,0.998
17,v4,v8,40.0,80.0,10.0,1.0,0.4,0.2,35.8928,False,fuzzy_logic_fixed_snr,35.8717,1.0
17,v4,v7,40.0,80.06,0.0,1.0,0.4003,0.0,36.1932,False,fuzzy_logic_fixed_snr,36.1765,0.999
17,v4,v11,40.0,110.04,20.0,1.0,0.5502,0.4,35.4398,False,fuzzy_logic_fixed_snr,35.4082,1.0
17,v4,v12,40.0,190.0,0.0,1.0,0.95,0.0,35.4425,True,fuzzy_logic_fixed_snr,2.9562,0.9523
18,v1,v2,40.0,70.06,10.0,1.0,0.3503,0.2,36.008,False,fuzzy_logic_fixed_snr,35.9834,1.0
18,v1,v5,40.0,100.0,30.0,1.0,0.5,0.6,35.3979,True,fuzzy_logic_fixed_snr,2.957,0.9514
18,v1,v6,40.0,100.04,40.0,1.0,0.5002,0.8,35.3006,True,fuzzy_logic_fixed_snr,2.9564,0.9533
18,v2,v1,20.0,70.06,10.0,0.6,0.3503,0.2,16.008,True,fuzzy_logic_fixed_snr,2.9321,0.9572
18,v2,v6,20.0,170.0,30.0,0.6,0.85,0.6,14.937,True,fuzzy_logic_fixed_snr,2.9276,0.951
18,v2,v5,20.0,170.03,20.0,0.6,0.8501,0.4,15.0618,True,fuzzy_logic_fixed_snr,2.9274,0.9506
18,v3,v4,20.0,60.07,10.0,0.6,0.3004,0.2,16.1416,True,fuzzy_logic_fixed_snr,2.9328,0.952
18,v3,v8,20.0,130.03,0.0,0.6,0.6502,0.0,15.7719,True,fuzzy_logic_fixed_snr,2.9344,0.9504
18,v3,v7,20.0,140.0,20.0,0.6,0.7,0.4,15.2306,True,fuzzy_logic_fixed_snr,2.9285,0.9504
18,v3,v11,20.0,150.0,10.0,0.6,0.75,0.2,15.3468,True,fuzzy_logic_fixed_snr,2.9293,0.9533
18,v4,v3,40.0,60.07,10.0,1.0,0.3004,0.2,36.1416,False,fuzzy_logic_fixed_snr,36.1224,1.0
18,v4,v8,40.0,70.0,10.0,1.0,0.35,0.2,36.0088,False,fuzzy_logic_fixed_snr,35.9888,0.999
18,v4,v7,40.0,80.06,10.0,1.0,0.4003,0.2,35.8922,False,fuzzy_logic_fixed_snr,35.8658,1.0
18,v4,v11,40.0,90.05,0.0,1.0,0.4502,0.0,36.091,False,fuzzy_logic_fixed_snr,36.0641,1.0
18,v4,v12,40.0,190.0,30.0,1.0,0.95,0.6,34.8404,True,fuzzy_logic_fixed_snr,2.9561,0.9533
19,v1,v2,40.0,60.07,20.0,1.0,0.3004,0.4,35.9655,False,fuzzy_logic_fixed_snr,35.9435,0.999
19,v1,v5,40.0,130.0,0.0,1.0,0.65,0.0,35.7721,False,fuzzy_logic_fixed_snr,35.7517,1.0
19,v1,v6,40.0,140.03,10.0,1.0,0.7002,0.2,35.4065,False,fuzzy_logic_fixed_snr,35.3961,0.998
19,v2,v1,20.0,60.07,20.0,0.6,0.3004,0.4,15.9655,True,fuzzy_logic_fixed_snr,2.9343,0.9529
19,v2,v5,20.0,190.02,20.0,0.6,0.9501,0.4,14.9653,True,fuzzy_logic_fixed_snr,2.929,0.9543
19,v2,v6,20.0,200.0,30.0,0.6,1.0,0.6,14.7959,True,fuzzy_logic_fixed_snr,2.9275,0.9516
19,v3,v4,20.0,50.09,30.0,0.6,0.2504,0.6,15.9984,True,fuzzy_logic_fixed_snr,2.9337,0.9533
19,v3,v7,20.0,120.0,30.0,0.6,0.6,0.6,15.2396,True,fuzzy_logic_fixed_snr,2.9296,0.9504
19,v3,v8,20.0,130.03,0.0,0.6,0.6502,0.0,15.7719,True,fuzzy_logic_fixed_snr,2.9308,0.9539
19,v3,v11,20.0,140.0,0.0,0.6,0.7,0.0,15.7077,True,fuzzy_logic_fixed_snr,2.9311,0.9486
19,v4,v3,40.0,50.09,30.0,1.0,0.2504,0.6,35.9984,False,fuzzy_logic_fixed_snr,35.9711,1.0
19,v4,v7,40.0,70.06,0.0,1.0,0.3503,0.0,36.309,False,fuzzy_logic_fixed_snr,36.2882,0.9971
19,v4,v8,40.0,80.0,30.0,1.0,0.4,0.6,35.5918,False,fuzzy_logic_fixed_snr,35.5602,0.999
19,v4,v11,40.0,90.05,30.0,1.0,0.4502,0.6,35.489,True,fuzzy_logic_fixed_snr,2.9558,0.9494
19,v4,v12,40.0,160.0,20.0,1.0,0.8,0.4,35.1146,True,fuzzy_logic_fixed_snr,2.9566,0.9533
20,v1,v2,40.0,40.11,0.0,1.0,0.2006,0.0,36.7934,False,fuzzy_logic_fixed_snr,36.7652,1.0
20,v1,v5,40.0,130.0,30.0,1.0,0.65,0.6,35.1701,True,fuzzy_logic_fixed_snr,2.9568,0.9523
20,v1,v6,40.0,130.03,30.0,1.0,0.6502,0.6,35.1698,True,fuzzy_logic_fixed_snr,2.9567,0.9504
20,v2,v1,20.0,40.11,0.0,0.6,0.2006,0.0,16.7934,False,fuzzy_logic_fixed_snr,16.7699,0.9951
20,v2,v6,20.0,170.0,30.0,0.6,0.85,0.6,14.937,True,fuzzy_logic_fixed_snr,2.9267,0.9543
20,v2,v5,20.0,170.03,30.0,0.6,0.8501,0.6,14.9369,True,fuzzy_logic_fixed_snr,2.9251,0.9584
20,v3,v4,20.0,80.06,30.0,0.6,0.4003,0.6,15.5911,True,fuzzy_logic_fixed_snr,2.9308,0.9545
20,v3,v8,20.0,130.03,10.0,0.6,0.6502,0.2,15.4709,True,fuzzy_logic_fixed_snr,2.9307,0.952
20,v3,v11,20.0,140.0,20.0,0.6,0.7,0.4,15.2306,True,fuzzy_logic_fixed_snr,2.9299,0.9523
20,v3,v7,20.0,150.0,0.0,0.6,0.75,0.0,15.6478,True,fuzzy_logic_fixed_snr,2.9311,0.9496
20,v4,v8,40.0,50.0,20.0,1.0,0.25,0.4,36.1249,False,fuzzy_logic_fixed_snr,36.0985,0.999
20,v4,v11,40.0,60.07,10.0,1.0,0.3004,0.2,36.1416,False,fuzzy_logic_fixed_snr,36.1045,1.0
20,v4,v7,40.0,70.06,30.0,1.0,0.3503,0.6,35.7069,False,fuzzy_logic_fixed_snr,35.6882,0.998
20,v4,v3,40.0,80.06,30.0,1.0,0.4003,0.6,35.5911,False,fuzzy_logic_fixed_snr,35.5659,0.999
20,v4,v12,40.0,140.0,10.0,1.0,0.7,0.2,35.4067,False,fuzzy_logic_fixed_snr,35.3806,1.0
21,v1,v2,40.0,40.11,30.0,1.0,0.2006,0.6,36.1914,False,fuzzy_logic_fixed_snr,36.166,0.999
21,v1,v5,40.0,160.0,0.0,1.0,0.8,0.0,35.5918,True,fuzzy_logic_fixed_snr,2.956,0.9514
21,v1,v6,40.0,160.03,40.0,1.0,0.8001,0.8,34.8926,True,fuzzy_logic_fixed_snr,2.957,0.9523
21,v2,v1,20.0,40.11,30.0,0.6,0.2006,0.6,16.1914,True,fuzzy_logic_fixed_snr,2.9369,0.9549
21,v2,v6,20.0,200.0,10.0,0.6,1.0,0.2,15.0969,True,fuzzy_logic_fixed_snr,2.9276,0.9484
21,v3,v4,20.0,110.04,40.0,0.6,0.5502,0.8,15.2179,True,fuzzy_logic_fixed_snr,2.9294,0.9555
21,v3,v8,20.0,140.03,40.0,0.6,0.7002,0.8,15.0086,True,fuzzy_logic_fixed_snr,2.9265,0.9465
21,v3,v7,20.0,150.0,40.0,0.6,0.75,0.8,14.9488,True,fuzzy_logic_fixed_snr,2.9242,0.9563
21,v3,v11,20.0,160.0,10.0,0.6,0.8,0.2,15.2907,True,fuzzy_logic_fixed_snr,2.928,0.9471
21,v4,v8,40.0,30.0,0.0,1.0,0.15,0.0,37.0458,False,fuzzy_logic_fixed_snr,37.0233,1.0
21,v4,v7,40.0,40.11,0.0,1.0,0.2006,0.0,36.7934,False,fuzzy_logic_fixed_snr,36.7624,0.999
21,v4,v11,40.0,50.09,30.0,1.0,0.2504,0.6,35.9984,False,fuzzy_logic_fixed_snr,35.9683,0.999
21,v4,v3,40.0,110.04,40.0,1.0,0.5502,0.8,35.2179,True,fuzzy_logic_fixed_snr,2.956,0.9533
21,v4,v12,40.0,130.0,30.0,1.0,0.65,0.6,35.1701,True,fuzzy_logic_fixed_snr,2.9565,0.9523
22,v1,v2,40.0,70.06,10.0,1.0,0.3503,0.2,36.008,False,fuzzy_logic_fixed_snr,35.982,1.0
22,v1,v6,40.0,120.04,10.0,1.0,0.6002,0.2,35.5403,False,fuzzy_logic_fixed_snr,35.513,0.998
22,v1,v5,40.0,160.0,20.0,1.0,0.8,0.4,35.1146,True,fuzzy_logic_fixed_snr,2.956,0.9504
22,v2,v1,20.0,70.06,10.0,0.6,0.3503,0.2,16.008,True,fuzzy_logic_fixed_snr,2.9314,0.9568
22,v2,v6,20.0,190.0,0.0,0.6,0.95,0.0,15.4425,True,fuzzy_logic_fixed_snr,2.9291,0.9461
22,v3,v4,20.0,150.03,10.0,0.6,0.7501,0.2,15.3466,True,fuzzy_logic_fixed_snr,2.9276,0.9514
22,v3,v11,20.0,170.0,20.0,0.6,0.85,0.4,15.062,True,fuzzy_logic_fixed_snr,2.9282,0.9504
22,v3,v8,20.0,180.02,10.0,0.6,0.9001,0.2,15.1883,True,fuzzy_logic_fixed_snr,2.9269,0.9529
22,v3,v7,20.0,190.0,10.0,0.6,0.95,0.2,15.1415,True,fuzzy_logic_fixed_snr,2.9277,0.9549
22,v4,v11,40.0,20.22,30.0,1.0,0.1011,0.6,36.7862,False,fuzzy_logic_fixed_snr,36.7564,1.0
22,v4,v8,40.0,30.0,20.0,1.0,0.15,0.4,36.5686,False,fuzzy_logic_fixed_snr,36.5387,1.0
22,v4,v7,40.0,40.11,20.0,1.0,0.2006,0.4,36.3163,False,fuzzy_logic_fixed_snr,36.2924,1.0
22,v4,v12,40.0,100.0,10.0,1.0,0.5,0.2,35.699,False,fuzzy_logic_fixed_snr,35.6809,0.999
22,v4,v3,40.0,150.03,10.0,1.0,0.7501,0.2,35.3466,False,fuzzy_logic_fixed_snr,35.3284,0.999
23,v1,v2,40.0,80.06,30.0,1.0,0.4003,0.6,35.5911,False,fuzzy_logic_fixed_snr,35.572,0.999
23,v1,v6,40.0,110.04,30.0,1.0,0.5502,0.6,35.3148,True,fuzzy_logic_fixed_snr,2.9558,0.9514
23,v1,v5,40.0,140.0,40.0,1.0,0.7,0.8,35.0088,True,fuzzy_logic_fixed_snr,2.9567,0.9523
23,v2,v1,20.0,80.06,30.0,0.6,0.4003,0.6,15.5911,True,fuzzy_logic_fixed_snr,2.9324,0.948
23,v2,v6,20.0,190.0,0.0,0.6,0.95,0.0,15.4425,True,fuzzy_logic_fixed_snr,2.9304,0.9484
23,v3,v4,20.0,140.03,40.0,0.6,0.7002,0.8,15.0086,True,fuzzy_logic_fixed_snr,2.928,0.9506
23,v3,v11,20.0,190.0,30.0,0.6,0.95,0.6,14.8404,True,fuzzy_logic_fixed_snr,2.9255,0.9543
23,v3,v8,20.0,190.02,40.0,0.6,0.9501,0.8,14.7434,True,fuzzy_logic_fixed_snr,2.9268,0.9484
23,v3,v7,20.0,200.0,0.0,0.6,1.0,0.0,15.3979,True,fuzzy_logic_fixed_snr,2.9288,0.9543
23,v4,v8,40.0,50.0,0.0,1.0,0.25,0.0,36.6021,False,fuzzy_logic_fixed_snr,36.5813,1.0
23,v4,v11,40.0,50.09,10.0,1.0,0.2504,0.2,36.2995,False,fuzzy_logic_fixed_snr,36.2878,0.999
23,v4,v7,40.0,60.07,40.0,1.0,0.3004,0.8,35.7436,True,fuzzy_logic_fixed_snr,2.9565,0.9504
23,v4,v12,40.0,90.0,40.0,1.0,0.45,0.8,35.3925,True,fuzzy_logic_fixed_snr,2.9565,0.9514
23,v4,v3,40.0,140.03,40.0,1.0,0.7002,0.8,35.0086,True,fuzzy_logic_fixed_snr,2.9573,0.9533
24,v1,v2,40.0,50.09,0.0,1.0,0.2504,0.0,36.6005,False,fuzzy_logic_fixed_snr,36.5793,0.999
24,v1,v6,40.0,140.03,30.0,1.0,0.7002,0.6,35.1055,True,fuzzy_logic_fixed_snr,2.9561,0.9523
24,v1,v5,40.0,180.0,20.0,1.0,0.9,0.4,35.0123,True,fuzzy_logic_fixed_snr,2.9565,0.9514
24,v2,v1,20.0,50.09,0.0,0.6,0.2504,0.0,16.6005,False,fuzzy_logic_fixed_snr,16.5664,0.9951
24,v2,v6,20.0,190.0,30.0,0.6,0.95,0.6,14.8404,True,fuzzy_logic_fixed_snr,2.9267,0.9545
24,v3,v4,20.0,100.04,20.0,0.6,0.5002,0.4,15.5225,True,fuzzy_logic_fixed_snr,2.9302,0.9529
24,v3,v8,20.0,150.03,30.0,0.6,0.7501,0.6,15.0456,True,fuzzy_logic_fixed_snr,2.9304,0.9529
24,v3,v11,20.0,160.0,30.0,0.6,0.8,0.6,14.9897,True,fuzzy_logic_fixed_snr,2.9279,0.9484
24,v3,v7,20.0,200.0,20.0,0.6,1.0,0.4,14.9208,True,fuzzy_logic_fixed_snr,2.9271,0.9506
24,v4,v8,40.0,50.0,10.0,1.0,0.25,0.2,36.301,False,fuzzy_logic_fixed_snr,36.273,0.999
24,v4,v11,40.0,60.07,10.0,1.0,0.3004,0.2,36.1416,False,fuzzy_logic_fixed_snr,36.1078,0.999
24,v4,v3,40.0,100.04,20.0,1.0,0.5002,0.4,35.5225,False,fuzzy_logic_fixed_snr,35.5006,0.998
24,v4,v7,40.0,100.04,0.0,1.0,0.5002,0.0,35.9996,False,fuzzy_logic_fixed_snr,35.9725,1.0
24,v4,v12,40.0,130.0,0.0,1.0,0.65,0.0,35.7721,False,fuzzy_logic_fixed_snr,35.7431,1.0
25,v1,v2,40.0,50.09,40.0,1.0,0.2504,0.8,35.9015,True,fuzzy_logic_fixed_snr,2.9561,0.9523
25,v1,v6,40.0,170.03,10.0,1.0,0.8501,0.2,35.2379,True,fuzzy_logic_fixed_snr,2.9566,0.9514
25,v1,v5,40.0,200.0,20.0,1.0,1.0,0.4,34.9208,True,fuzzy_logic_fixed_snr,2.9564,0.9529
25,v2,v1,20.0,50.09,40.0,0.6,0.2504,0.8,15.9015,True,fuzzy_logic_fixed_snr,2.9332,0.9514
25,v3,v4,20.0,120.04,30.0,0.6,0.6002,0.6,15.2393,True,fuzzy_logic_fixed_snr,2.9322,0.9436
25,v3,v8,20.0,180.02,10.0,0.6,0.9001,0.2,15.1883,True,fuzzy_logic_fixed_snr,2.9315,0.952
25,v3,v11,20.0,190.0,10.0,0.6,0.95,0.2,15.1415,True,fuzzy_logic_fixed_snr,2.9299,0.9529
25,v4,v8,40.0,60.0,40.0,1.0,0.3,0.8,35.7447,True,fuzzy_logic_fixed_snr,2.9562,0.9514
25,v4,v11,40.0,70.06,20.0,1.0,0.3503,0.4,35.8319,False,fuzzy_logic_fixed_snr,35.8007,1.0
25,v4,v7,40.0,100.04,20.0,1.0,0.5002,0.4,35.5225,False,fuzzy_logic_fixed_snr,35.4871,0.998
25,v4,v3,40.0,120.04,30.0,1.0,0.6002,0.6,35.2393,True,fuzzy_logic_fixed_snr,2.9572,0.9504
25,v4,v12,40.0,130.0,30.0,1.0,0.65,0.6,35.1701,True,fuzzy_logic_fixed_snr,2.9565,0.9514
26,v1,v2,40.0,90.05,10.0,1.0,0.4502,0.2,35.79,False,fuzzy_logic_fixed_snr,35.7566,0.999
26,v1,v6,40.0,160.03,40.0,1.0,0.8001,0.8,34.8926,True,fuzzy_logic_fixed_snr,2.9569,0.9533
26,v1,v5,40.0,180.0,0.0,1.0,0.9,0.0,35.4895,True,fuzzy_logic_fixed_snr,2.9569,0.9514
26,v2,v1,20.0,90.05,10.0,0.6,0.4502,0.2,15.79,True,fuzzy_logic_fixed_snr,2.9307,0.952
26,v3,v4,20.0,90.05,20.0,0.6,0.4502,0.4,15.6139,True,fuzzy_logic_fixed_snr,2.931,0.9539
26,v3,v11,20.0,180.0,10.0,0.6,0.9,0.2,15.1884,True,fuzzy_logic_fixed_snr,2.9266,0.9545
26,v3,v8,20.0,190.02,0.0,0.6,0.9501,0.0,15.4424,True,fuzzy_logic_fixed_snr,2.9283,0.9553
26,v4,v3,40.0,90.05,20.0,1.0,0.4502,0.4,35.6139,False,fuzzy_logic_fixed_snr,35.5775,1.0
26,v4,v11,40.0,90.05,10.0,1.0,0.4502,0.2,35.79,False,fuzzy_logic_fixed_snr,35.7733,0.999
26,v4,v8,40.0,100.0,20.0,1.0,0.5,0.4,35.5229,False,fuzzy_logic_fixed_snr,35.4992,0.9971
26,v4,v7,40.0,120.04,10.0,1.0,0.6002,0.2,35.5403,False,fuzzy_logic_fixed_snr,35.4962,0.999
26,v4,v12,40.0,160.0,20.0,1.0,0.8,0.4,35.1146,True,fuzzy_logic_fixed_snr,2.956,0.9514
27,v1,v2,40.0,100.04,20.0,1.0,0.5002,0.4,35.5225,False,fuzzy_logic_fixed_snr,35.5042,0.999
27,v1,v6,40.0,120.04,0.0,1.0,0.6002,0.0,35.8414,False,fuzzy_logic_fixed_snr,35.8053,0.999
27,v1,v5,40.0,180.0,10.0,1.0,0.9,0.2,35.1884,True,fuzzy_logic_fixed_snr,2.9564,0.9533
27,v2,v1,20.0,100.04,20.0,0.6,0.5002,0.4,15.5225,True,fuzzy_logic_fixed_snr,2.9308,0.9559
27,v3,v4,20.0,110.04,20.0,0.6,0.5502,0.4,15.4398,True,fuzzy_logic_fixed_snr,2.9301,0.9553
27,v3,v11,20.0,190.0,40.0,0.6,0.95,0.8,14.7435,True,fuzzy_logic_fixed_snr,2.924,0.9461
27,v3,v8,20.0,190.02,30.0,0.6,0.9501,0.6,14.8403,True,fuzzy_logic_fixed_snr,2.9245,0.9494
27,v4,v8,40.0,80.0,10.0,1.0,0.4,0.2,35.8928,False,fuzzy_logic_fixed_snr,35.8792,1.0
27,v4,v11,40.0,80.06,20.0,1.0,0.4003,0.4,35.7161,False,fuzzy_logic_fixed_snr,35.6884,0.999
27,v4,v3,40.0,110.04,20.0,1.0,0.5502,0.4,35.4398,False,fuzzy_logic_fixed_snr,35.4106,1.0
27,v4,v7,40.0,110.04,10.0,1.0,0.5502,0.2,35.6159,False,fuzzy_logic_fixed_snr,35.5837,0.999
27,v4,v12,40.0,140.0,20.0,1.0,0.7,0.4,35.2306,True,fuzzy_logic_fixed_snr,2.9567,0.9514
28,v1,v2,40.0,80.06,20.0,1.0,0.4003,0.4,35.7161,False,fuzzy_logic_fixed_snr,35.6888,0.999
28,v1,v6,40.0,120.04,10.0,1.0,0.6002,0.2,35.5403,False,fuzzy_logic_fixed_snr,35.5128,1.0
28,v1,v5,40.0,190.0,10.0,1.0,0.95,0.2,35.1415,True,fuzzy_logic_fixed_snr,2.9566,0.9514
28,v2,v1,20.0,80.06,20.0,0.6,0.4003,0.4,15.7161,True,fuzzy_logic_fixed_snr,2.9319,0.95
28,v2,v6,20.0,200.0,10.0,0.6,1.0,0.2,15.0969,True,fuzzy_logic_fixed_snr,2.9303,0.9529
28,v3,v4,20.0,90.05,10.0,0.6,0.4502,0.2,15.79,True,fuzzy_logic_fixed_snr,2.9318,0.9545
28,v3,v11,20.0,150.0,10.0,0.6,0.75,0.2,15.3468,True,fuzzy_logic_fixed_snr,2.931,0.9543
28,v3,v8,20.0,160.03,10.0,0.6,0.8001,0.2,15.2906,True,fuzzy_logic_fixed_snr,2.9314,0.9559
28,v4,v11,40.0,60.07,0.0,1.0,0.3004,0.0,36.4426,False,fuzzy_logic_fixed_snr,36.4137,1.0
28,v4,v8,40.0,70.0,20.0,1.0,0.35,0.4,35.8327,False,fuzzy_logic_fixed_snr,35.8037,1.0
28,v4,v3,40.0,90.05,10.0,1.0,0.4502,0.2,35.79,False,fuzzy_logic_fixed_snr,35.7687,1.0
28,v4,v7,40.0,120.04,0.0,1.0,0.6002,0.0,35.8414,False,fuzzy_logic_fixed_snr,35.8204,1.0
28,v4,v12,40.0,160.0,20.0,1.0,0.8,0.4,35.1146,True,fuzzy_logic_fixed_snr,2.9565,0.9523
29,v1,v2,40.0,100.04,10.0,1.0,0.5002,0.2,35.6986,False,fuzzy_logic_fixed_snr,35.6813,0.998
29,v1,v6,40.0,110.04,20.0,1.0,0.5502,0.4,35.4398,False,fuzzy_logic_fixed_snr,35.4046,1.0
29,v1,v5,40.0,180.0,10.0,1.0,0.9,0.2,35.1884,True,fuzzy_logic_fixed_snr,2.9565,0.9533
29,v2,v1,20.0,100.04,10.0,0.6,0.5002,0.2,15.6986,True,fuzzy_logic_fixed_snr,2.9333,0.9445
29,v3,v4,20.0,100.04,10.0,0.6,0.5002,0.2,15.6986,True,fuzzy_logic_fixed_snr,2.9332,0.9514
29,v3,v8,20.0,150.03,20.0,0.6,0.7501,0.4,15.1705,True,fuzzy_logic_fixed_snr,2.9292,0.9588
29,v3,v11,20.0,160.0,10.0,0.6,0.8,0.2,15.2907,True,fuzzy_logic_fixed_snr,2.9298,0.9539
29,v4,v8,40.0,50.0,30.0,1.0,0.25,0.6,36.0,False,fuzzy_logic_fixed_snr,35.9737,1.0
29,v4,v11,40.0,60.07,0.0,1.0,0.3004,0.0,36.4426,False,fuzzy_logic_fixed_snr,36.4071,0.998
29,v4,v3,40.0,100.04,10.0,1.0,0.5002,0.2,35.6986,False,fuzzy_logic_fixed_snr,35.6667,1.0
29,v4,v7,40.0,120.04,20.0,1.0,0.6002,0.4,35.3642,False,fuzzy_logic_fixed_snr,35.3466,0.999
29,v4,v12,40.0,140.0,20.0,1.0,0.7,0.4,35.2306,True,fuzzy_logic_fixed_snr,2.9562,0.9514
30,v1,v6,40.0,90.05,10.0,1.0,0.4502,0.2,35.79,False,fuzzy_logic_fixed_snr,35.7727,1.0
30,v1,v2,40.0,110.04,10.0,1.0,0.5502,0.2,35.6159,False,fuzzy_logic_fixed_snr,35.5835,0.999
30,v1,v5,40.0,170.0,10.0,1.0,0.85,0.2,35.2381,True,fuzzy_logic_fixed_snr,2.9564,0.9494
30,v2,v1,20.0,110.04,10.0,0.6,0.5502,0.2,15.6159,True,fuzzy_logic_fixed_snr,2.9308,0.9525
30,v2,v6,20.0,200.0,0.0,0.6,1.0,0.0,15.3979,True,fuzzy_logic_fixed_snr,2.9293,0.9426
30,v3,v4,20.0,90.05,20.0,0.6,0.4502,0.4,15.6139,True,fuzzy_logic_fixed_snr,2.9324,0.9539
30,v3,v11,20.0,150.0,20.0,0.6,0.75,0.4,15.1707,True,fuzzy_logic_fixed_snr,2.9305,0.9549
30,v3,v8,20.0,170.03,10.0,0.6,0.8501,0.2,15.2379,True,fuzzy_logic_fixed_snr,2.9306,0.9529
30,v4,v11,40.0,60.07,0.0,1.0,0.3004,0.0,36.4426,False,fuzzy_logic_fixed_snr,36.4283,0.998
30,v4,v8,40.0,80.0,30.0,1.0,0.4,0.6,35.5918,False,fuzzy_logic_fixed_snr,35.5594,1.0
30,v4,v3,40.0,90.05,20.0,1.0,0.4502,0.4,35.6139,False,fuzzy_logic_fixed_snr,35.5903,1.0
30,v4,v7,40.0,140.03,40.0,1.0,0.7002,0.8,35.0086,True,fuzzy_logic_fixed_snr,2.9565,0.9523
30,v4,v12,40.0,160.0,0.0,1.0,0.8,0.0,35.5918,True,fuzzy_logic_fixed_snr,2.9558,0.9533
31,v1,v2,40.0,100.04,0.0,1.0,0.5002,0.0,35.9996,False,fuzzy_logic_fixed_snr,35.9726,0.999
31,v1,v6,40.0,100.04,20.0,1.0,0.5002,0.4,35.5225,False,fuzzy_logic_fixed_snr,35.4889,1.0
31,v1,v5,40.0,180.0,20.0,1.0,0.9,0.4,35.0123,True,fuzzy_logic_fixed_snr,2.9562,0.9523
31,v2,v1,20.0,100.04,0.0,0.6,0.5002,0.0,15.9996,True,fuzzy_logic_fixed_snr,2.9349,0.9525
31,v2,v6,20.0,200.0,20.0,0.6,1.0,0.4,14.9208,True,fuzzy_logic_fixed_snr,2.9262,0.9494
31,v3,v4,20.0,110.04,10.0,0.6,0.5502,0.2,15.6159,True,fuzzy_logic_fixed_snr,2.9317,0.949
31,v3,v8,20.0,160.03,10.0,0.6,0.8001,0.2,15.2906,True,fuzzy_logic_fixed_snr,2.9295,0.9543
31,v3,v11,20.0,170.0,30.0,0.6,0.85,0.6,14.937,True,fuzzy_logic_fixed_snr,2.9273,0.9572
31,v4,v8,40.0,50.0,0.0,1.0,0.25,0.0,36.6021,False,fuzzy_logic_fixed_snr,36.5721,1.0
31,v4,v11,40.0,60.07,40.0,1.0,0.3004,0.8,35.7436,True,fuzzy_logic_fixed_snr,2.9563,0.9494
31,v4,v7,40.0,100.04,10.0,1.0,0.5002,0.2,35.6986,False,fuzzy_logic_fixed_snr,35.6779,1.0
31,v4,v3,40.0,110.04,10.0,1.0,0.5502,0.2,35.6159,False,fuzzy_logic_fixed_snr,35.5928,0.998
31,v4,v12,40.0,160.0,10.0,1.0,0.8,0.2,35.2907,True,fuzzy_logic_fixed_snr,2.9568,0.9514
32,v1,v2,40.0,100.04,20.0,1.0,0.5002,0.4,35.5225,False,fuzzy_logic_fixed_snr,35.5033,1.0
32,v1,v6,40.0,120.04,20.0,1.0,0.6002,0.4,35.3642,False,fuzzy_logic_fixed_snr,35.3281,1.0
32,v1,v5,40.0,160.0,0.0,1.0,0.8,0.0,35.5918,True,fuzzy_logic_fixed_snr,2.9564,0.9504
32,v2,v1,20.0,100.04,20.0,0.6,0.5002,0.4,15.5225,True,fuzzy_logic_fixed_snr,2.9299,0.9506
32,v3,v4,20.0,100.04,20.0,0.6,0.5002,0.4,15.5225,True,fuzzy_logic_fixed_snr,2.9308,0.949
32,v3,v8,20.0,150.03,20.0,0.6,0.7501,0.4,15.1705,True,fuzzy_logic_fixed_snr,2.9291,0.949
32,v3,v11,20.0,200.0,40.0,0.6,1.0,0.8,14.699,True,fuzzy_logic_fixed_snr,2.9274,0.9563
32,v4,v8,40.0,50.0,0.0,1.0,0.25,0.0,36.6021,False,fuzzy_logic_fixed_snr,36.5716,1.0
32,v4,v3,40.0,100.04,20.0,1.0,0.5002,0.4,35.5225,False,fuzzy_logic_fixed_snr,35.4994,0.999
32,v4,v11,40.0,100.04,20.0,1.0,0.5002,0.4,35.5225,False,fuzzy_logic_fixed_snr,35.4973,1.0
32,v4,v7,40.0,110.04,10.0,1.0,0.5502,0.2,35.6159,False,fuzzy_logic_fixed_snr,35.5772,1.0
32,v4,v12,40.0,170.0,10.0,1.0,0.85,0.2,35.2381,True,fuzzy_logic_fixed_snr,2.9564,0.9504
33,v1,v2,40.0,80.06,40.0,1.0,0.4003,0.8,35.4942,True,fuzzy_logic_fixed_snr,2.9568,0.9533
33,v1,v6,40.0,140.03,10.0,1.0,0.7002,0.2,35.4065,False,fuzzy_logic_fixed_snr,35.388,0.9971
33,v1,v5,40.0,160.0,30.0,1.0,0.8,0.6,34.9897,True,fuzzy_logic_fixed_snr,2.9568,0.9514
33,v2,v1,20.0,80.06,40.0,0.6,0.4003,0.8,15.4942,True,fuzzy_logic_fixed_snr,2.9321,0.9529
33,v3,v4,20.0,80.06,0.0,0.6,0.4003,0.0,16.1932,True,fuzzy_logic_fixed_snr,2.9351,0.9543
33,v3,v8,20.0,130.03,20.0,0.6,0.6502,0.4,15.2948,True,fuzzy_logic_fixed_snr,2.9301,0.949
33,v3,v11,20.0,160.0,10.0,0.6,0.8,0.2,15.2907,True,fuzzy_logic_fixed_snr,2.9304,0.9539
33,v3,v7,20.0,180.0,20.0,0.6,0.9,0.4,15.0123,True,fuzzy_logic_fixed_snr,2.9257,0.952
33,v4,v8,40.0,50.0,20.0,1.0,0.25,0.4,36.1249,False,fuzzy_logic_fixed_snr,36.093,1.0
33,v4,v3,40.0,80.06,0.0,1.0,0.4003,0.0,36.1932,False,fuzzy_logic_fixed_snr,36.1571,1.0
33,v4,v11,40.0,80.06,10.0,1.0,0.4003,0.2,35.8922,False,fuzzy_logic_fixed_snr,35.8732,0.999
33,v4,v7,40.0,100.04,20.0,1.0,0.5002,0.4,35.5225,False,fuzzy_logic_fixed_snr,35.4914,0.999
33,v4,v12,40.0,180.0,10.0,1.0,0.9,0.2,35.1884,True,fuzzy_logic_fixed_snr,2.9565,0.9514
34,v1,v2,40.0,40.11,20.0,1.0,0.2006,0.4,36.3163,False,fuzzy_logic_fixed_snr,36.2819,0.998
34,v1,v6,40.0,150.03,10.0,1.0,0.7501,0.2,35.3466,False,fuzzy_logic_fixed_snr,35.3015,1.0
34,v1,v5,40.0,190.0,10.0,1.0,0.95,0.2,35.1415,True,fuzzy_logic_fixed_snr,2.9564,0.9514
34,v2,v1,20.0,40.11,20.0,0.6,0.2006,0.4,16.3163,True,fuzzy_logic_fixed_snr,2.932,0.9449
34,v2,v6,20.0,190.0,10.0,0.6,0.95,0.2,15.1415,True,fuzzy_logic_fixed_snr,2.9274,0.9553
34,v3,v4,20.0,80.06,10.0,0.6,0.4003,0.2,15.8922,True,fuzzy_logic_fixed_snr,2.9317,0.9475
34,v3,v8,20.0,110.04,10.0,0.6,0.5502,0.2,15.6159,True,fuzzy_logic_fixed_snr,2.9311,0.951
34,v3,v11,20.0,150.0,20.0,0.6,0.75,0.4,15.1707,True,fuzzy_logic_fixed_snr,2.9285,0.9549
34,v3,v7,20.0,160.0,0.0,0.6,0.8,0.0,15.5918,True,fuzzy_logic_fixed_snr,2.9311,0.9539
34,v4,v8,40.0,30.0,20.0,1.0,0.15,0.4,36.5686,False,fuzzy_logic_fixed_snr,36.5408,0.999
34,v4,v11,40.0,70.06,10.0,1.0,0.3503,0.2,36.008,False,fuzzy_logic_fixed_snr,35.9758,0.999
34,v4,v3,40.0,80.06,10.0,1.0,0.4003,0.2,35.8922,False,fuzzy_logic_fixed_snr,35.873,0.999
34,v4,v7,40.0,80.06,10.0,1.0,0.4003,0.2,35.8922,False,fuzzy_logic_fixed_snr,35.8622,1.0
34,v4,v12,40.0,170.0,20.0,1.0,0.85,0.4,35.062,True,fuzzy_logic_fixed_snr,2.9565,0.951
35,v1,v2,40.0,20.22,0.0,1.0,0.1011,0.0,37.3883,False,fuzzy_logic_fixed_snr,37.3619,0.999
35,v1,v6,40.0,160.03,0.0,1.0,0.8001,0.0,35.5916,True,fuzzy_logic_fixed_snr,2.9565,0.9514
35,v1,v5,40.0,200.0,20.0,1.0,1.0,0.4,34.9208,True,fuzzy_logic_fixed_snr,2.9564,0.9523
35,v2,v1,20.0,20.22,0.0,0.6,0.1011,0.0,17.3883,False,fuzzy_logic_fixed_snr,17.3595,0.9971
35,v2,v6,20.0,180.0,0.0,0.6,0.9,0.0,15.4895,True,fuzzy_logic_fixed_snr,2.9312,0.9533
35,v3,v4,20.0,70.06,0.0,0.6,0.3503,0.0,16.309,True,fuzzy_logic_fixed_snr,2.9343,0.9555
35,v3,v8,20.0,120.04,40.0,0.6,0.6002,0.8,15.1424,True,fuzzy_logic_fixed_snr,2.9286,0.952
35,v3,v11,20.0,130.0,40.0,0.6,0.65,0.8,15.0731,True,fuzzy_logic_fixed_snr,2.9266,0.9461
35,v3,v7,20.0,160.0,10.0,0.6,0.8,0.2,15.2907,True,fuzzy_logic_fixed_snr,2.9295,0.952
35,v4,v8,40.0,50.0,40.0,1.0,0.25,0.8,35.9031,True,fuzzy_logic_fixed_snr,2.9563,0.9504
35,v4,v11,40.0,60.07,40.0,1.0,0.3004,0.8,35.7436,True,fuzzy_logic_fixed_snr,2.9564,0.9494
35,v4,v3,40.0,70.06,0.0,1.0,0.3503,0.0,36.309,False,fuzzy_logic_fixed_snr,36.2802,0.999
35,v4,v7,40.0,90.05,10.0,1.0,0.4502,0.2,35.79,False,fuzzy_logic_fixed_snr,35.7717,1.0
35,v4,v12,40.0,150.0,10.0,1.0,0.75,0.2,35.3468,False,fuzzy_logic_fixed_snr,35.3172,1.0
36,v1,v2,40.0,20.22,10.0,1.0,0.1011,0.2,37.0872,False,fuzzy_logic_fixed_snr,37.0479,1.0
36,v1,v6,40.0,160.03,0.0,1.0,0.8001,0.0,35.5916,True,fuzzy_logic_fixed_snr,2.9567,0.9504
36,v1,v5,40.0,180.0,10.0,1.0,0.9,0.2,35.1884,True,fuzzy_logic_fixed_snr,2.956,0.9523
36,v2,v1,20.0,20.22,10.0,0.6,0.1011,0.2,17.0872,False,fuzzy_logic_fixed_snr,17.0709,0.999
36,v2,v6,20.0,180.0,10.0,0.6,0.9,0.2,15.1884,True,fuzzy_logic_fixed_snr,2.9283,0.951
36,v3,v4,20.0,70.06,10.0,0.6,0.3503,0.2,16.008,True,fuzzy_logic_fixed_snr,2.9325,0.9514
36,v3,v8,20.0,80.06,10.0,0.6,0.4003,0.2,15.8922,True,fuzzy_logic_fixed_snr,2.9342,0.9533
36,v3,v11,20.0,90.0,30.0,0.6,0.45,0.6,15.4895,True,fuzzy_logic_fixed_snr,2.9323,0.9475
36,v3,v7,20.0,150.0,30.0,0.6,0.75,0.6,15.0458,True,fuzzy_logic_fixed_snr,2.9268,0.951
36,v4,v8,40.0,10.0,0.0,1.0,0.05,0.0,38.0,False,fuzzy_logic_fixed_snr,37.966,1.0
36,v4,v11,40.0,20.22,20.0,1.0,0.1011,0.4,36.9112,False,fuzzy_logic_fixed_snr,36.8769,1.0
36,v4,v3,40.0,70.06,10.0,1.0,0.3503,0.2,36.008,False,fuzzy_logic_fixed_snr,35.9859,0.999
36,v4,v7,40.0,80.06,20.0,1.0,0.4003,0.4,35.7161,False,fuzzy_logic_fixed_snr,35.6836,0.999
36,v4,v12,40.0,140.0,10.0,1.0,0.7,0.2,35.4067,False,fuzzy_logic_fixed_snr,35.3741,1.0
37,v1,v2,40.0,30.15,0.0,1.0,0.1507,0.0,37.0414,False,fuzzy_logic_fixed_snr,36.9955,1.0
37,v1,v6,40.0,160.03,10.0,1.0,0.8001,0.2,35.2906,True,fuzzy_logic_fixed_snr,2.9566,0.9523
37,v1,v5,40.0,170.0,20.0,1.0,0.85,0.4,35.062,True,fuzzy_logic_fixed_snr,2.9563,0.9504
37,v2,v1,20.0,30.15,0.0,0.6,0.1507,0.0,17.0414,False,fuzzy_logic_fixed_snr,17.0054,0.9971
37,v2,v6,20.0,190.0,10.0,0.6,0.95,0.2,15.1415,True,fuzzy_logic_fixed_snr,2.9288,0.952
37,v3,v4,20.0,80.06,20.0,0.6,0.4003,0.4,15.7161,True,fuzzy_logic_fixed_snr,2.9317,0.9539
37,v3,v8,20.0,90.05,10.0,0.6,0.4502,0.2,15.79,True,fuzzy_logic_fixed_snr,2.9319,0.9529
37,v3,v11,20.0,120.0,10.0,0.6,0.6,0.2,15.5406,True,fuzzy_logic_fixed_snr,2.932,0.9494
37,v3,v7,20.0,180.0,10.0,0.6,0.9,0.2,15.1884,True,fuzzy_logic_fixed_snr,2.9287,0.9496
37,v4,v8,40.0,10.0,30.0,1.0,0.05,0.6,37.3979,False,fuzzy_logic_fixed_snr,37.3833,1.0
37,v4,v11,40.0,40.11,30.0,1.0,0.2006,0.6,36.1914,False,fuzzy_logic_fixed_snr,36.1745,1.0
37,v4,v3,40.0,80.06,20.0,1.0,0.4003,0.4,35.7161,False,fuzzy_logic_fixed_snr,35.6895,1.0
37,v4,v7,40.0,100.04,30.0,1.0,0.5002,0.6,35.3975,True,fuzzy_logic_fixed_snr,2.9566,0.9533
37,v4,v12,40.0,150.0,40.0,1.0,0.75,0.8,34.9488,True,fuzzy_logic_fixed_snr,2.957,0.9514
38,v1,v2,40.0,30.15,0.0,1.0,0.1507,0.0,37.0414,False,fuzzy_logic_fixed_snr,37.0112,0.998
38,v1,v6,40.0,170.03,0.0,1.0,0.8501,0.0,35.539,True,fuzzy_logic_fixed_snr,2.9564,0.9504
38,v1,v5,40.0,190.0,10.0,1.0,0.95,0.2,35.1415,True,fuzzy_logic_fixed_snr,2.9567,0.9504
38,v2,v1,20.0,30.15,0.0,0.6,0.1507,0.0,17.0414,False,fuzzy_logic_fixed_snr,17.0042,0.9941
38,v2,v6,20.0,200.0,0.0,0.6,1.0,0.0,15.3979,True,fuzzy_logic_fixed_snr,2.9293,0.948
38,v3,v4,20.0,60.07,40.0,0.6,0.3004,0.8,15.7436,True,fuzzy_logic_fixed_snr,2.9325,0.9529
38,v3,v8,20.0,100.04,40.0,0.6,0.5002,0.8,15.3006,True,fuzzy_logic_fixed_snr,2.9272,0.9484
38,v3,v11,20.0,130.0,10.0,0.6,0.65,0.2,15.4711,True,fuzzy_logic_fixed_snr,2.9292,0.9533
38,v3,v7,20.0,190.0,10.0,0.6,0.95,0.2,15.1415,True,fuzzy_logic_fixed_snr,2.9281,0.9574
38,v4,v8,40.0,40.0,0.0,1.0,0.2,0.0,36.7959,False,fuzzy_logic_fixed_snr,36.7664,0.999
38,v4,v3,40.0,60.07,40.0,1.0,0.3004,0.8,35.7436,True,fuzzy_logic_fixed_snr,2.9569,0.9514
38,v4,v11,40.0,70.06,30.0,1.0,0.3503,0.6,35.7069,False,fuzzy_logic_fixed_snr,35.6773,1.0
38,v4,v7,40.0,130.03,30.0,1.0,0.6502,0.6,35.1698,True,fuzzy_logic_fixed_snr,2.9565,0.9539
38,v4,v12,40.0,190.0,30.0,1.0,0.95,0.6,34.8404,True,fuzzy_logic_fixed_snr,2.9561,0.9523
39,v1,v2,40.0,30.15,30.0,1.0,0.1507,0.6,36.4394,False,fuzzy_logic_fixed_snr,36.4202,1.0
39,v1,v6,40.0,170.03,20.0,1.0,0.8501,0.4,35.0618,True,fuzzy_logic_fixed_snr,2.9559,0.9533
39,v1,v5,40.0,180.0,0.0,1.0,0.9,0.0,35.4895,True,fuzzy_logic_fixed_snr,2.9565,0.9539
39,v2,v1,20.0,30.15,30.0,0.6,0.1507,0.6,16.4394,True,fuzzy_logic_fixed_snr,2.9362,0.9578
39,v2,v6,20.0,200.0,10.0,0.6,1.0,0.2,15.0969,True,fuzzy_logic_fixed_snr,2.9276,0.9514
39,v3,v4,20.0,100.04,10.0,0.6,0.5002,0.2,15.6986,True,fuzzy_logic_fixed_snr,2.9311,0.9563
39,v3,v11,20.0,140.0,30.0,0.6,0.7,0.6,15.1057,True,fuzzy_logic_fixed_snr,2.927,0.9484
39,v3,v8,20.0,140.03,20.0,0.6,0.7002,0.4,15.2304,True,fuzzy_logic_fixed_snr,2.931,0.9455
39,v3,v7,20.0,200.0,0.0,0.6,1.0,0.0,15.3979,True,fuzzy_logic_fixed_snr,2.9294,0.9563
39,v4,v8,40.0,40.0,10.0,1.0,0.2,0.2,36.4949,False,fuzzy_logic_fixed_snr,36.4501,0.998
39,v4,v11,40.0,40.11,20.0,1.0,0.2006,0.4,36.3163,False,fuzzy_logic_fixed_snr,36.2989,0.998
39,v4,v3,40.0,100.04,10.0,1.0,0.5002,0.2,35.6986,False,fuzzy_logic_fixed_snr,35.6701,1.0
39,v4,v7,40.0,100.04,10.0,1.0,0.5002,0.2,35.6986,False,fuzzy_logic_fixed_snr,35.678,1.0
39,v4,v12,40.0,160.0,10.0,1.0,0.8,0.2,35.2907,True,fuzzy_logic_fixed_snr,2.9564,0.9514
40,v1,v2,40.0,3.0,20.0,1.0,0.015,0.4,38.5686,False,fuzzy_logic_fixed_snr,38.5412,0.999
40,v1,v5,40.0,180.0,10.0,1.0,0.9,0.2,35.1884,True,fuzzy_logic_fixed_snr,2.957,0.9543
40,v1,v6,40.0,190.02,30.0,1.0,0.9501,0.6,34.8403,True,fuzzy_logic_fixed_snr,2.9562,0.9514
40,v2,v1,20.0,3.0,20.0,0.6,0.015,0.4,18.5686,True,fuzzy_logic_fixed_snr,2.9451,0.9539
40,v2,v5,20.0,180.02,10.0,0.6,0.9001,0.2,15.1883,True,fuzzy_logic_fixed_snr,2.9287,0.951
40,v2,v6,20.0,190.0,10.0,0.6,0.95,0.2,15.1415,True,fuzzy_logic_fixed_snr,2.9299,0.9533
40,v3,v4,20.0,110.04,10.0,0.6,0.5502,0.2,15.6159,True,fuzzy_logic_fixed_snr,2.9348,0.9539
40,v3,v8,20.0,160.03,10.0,0.6,0.8001,0.2,15.2906,True,fuzzy_logic_fixed_snr,2.9299,0.9494
40,v3,v11,20.0,170.0,0.0,0.6,0.85,0.0,15.5391,True,fuzzy_logic_fixed_snr,2.9299,0.9514
40,v3,v7,20.0,200.0,10.0,0.6,1.0,0.2,15.0969,True,fuzzy_logic_fixed_snr,2.9278,0.9504
40,v4,v8,40.0,50.0,0.0,1.0,0.25,0.0,36.6021,False,fuzzy_logic_fixed_snr,36.5646,0.999
40,v4,v11,40.0,60.07,10.0,1.0,0.3004,0.2,36.1416,False,fuzzy_logic_fixed_snr,36.1269,1.0
40,v4,v7,40.0,90.05,0.0,1.0,0.4502,0.0,36.091,False,fuzzy_logic_fixed_snr,36.0652,1.0
40,v4,v3,40.0,110.04,10.0,1.0,0.5502,0.2,35.6159,False,fuzzy_logic_fixed_snr,35.586,1.0
40,v4,v12,40.0,150.0,0.0,1.0,0.75,0.0,35.6478,False,fuzzy_logic_fixed_snr,35.6341,0.998
41,v1,v2,40.0,20.22,0.0,1.0,0.1011,0.0,37.3883,False,fuzzy_logic_fixed_snr,37.3651,0.999
41,v1,v6,40.0,160.03,40.0,1.0,0.8001,0.8,34.8926,True,fuzzy_logic_fixed_snr,2.9566,0.9533
41,v1,v5,40.0,170.0,0.0,1.0,0.85,0.0,35.5391,True,fuzzy_logic_fixed_snr,2.9566,0.9523
41,v2,v1,20.0,20.22,0.0,0.6,0.1011,0.0,17.3883,False,fuzzy_logic_fixed_snr,17.365,0.9971
41,v2,v6,20.0,180.0,40.0,0.6,0.9,0.8,14.7905,True,fuzzy_logic_fixed_snr,2.9253,0.9494
41,v2,v5,20.0,190.02,0.0,0.6,0.9501,0.0,15.4424,True,fuzzy_logic_fixed_snr,2.9309,0.9523
41,v3,v4,20.0,120.04,0.0,0.6,0.6002,0.0,15.8414,True,fuzzy_logic_fixed_snr,2.9338,0.9516
41,v3,v11,20.0,170.0,10.0,0.6,0.85,0.2,15.2381,True,fuzzy_logic_fixed_snr,2.9286,0.9451
41,v3,v8,20.0,170.03,0.0,0.6,0.8501,0.0,15.539,True,fuzzy_logic_fixed_snr,2.9304,0.9549
41,v4,v8,40.0,50.0,0.0,1.0,0.25,0.0,36.6021,False,fuzzy_logic_fixed_snr,36.5723,1.0
41,v4,v11,40.0,50.09,10.0,1.0,0.2504,0.2,36.2995,False,fuzzy_logic_fixed_snr,36.2805,0.998
41,v4,v7,40.0,90.05,0.0,1.0,0.4502,0.0,36.091,False,fuzzy_logic_fixed_snr,36.0644,0.999
41,v4,v3,40.0,120.04,0.0,1.0,0.6002,0.0,35.8414,False,fuzzy_logic_fixed_snr,35.8236,0.999
41,v4,v12,40.0,150.0,30.0,1.0,0.75,0.6,35.0458,True,fuzzy_logic_fixed_snr,2.9569,0.9514
42,v1,v2,40.0,20.22,10.0,1.0,0.1011,0.2,37.0872,False,fuzzy_logic_fixed_snr,37.0513,0.999
42,v1,v6,40.0,120.04,10.0,1.0,0.6002,0.2,35.5403,False,fuzzy_logic_fixed_snr,35.5186,1.0
42,v1,v5,40.0,170.0,10.0,1.0,0.85,0.2,35.2381,True,fuzzy_logic_fixed_snr,2.9563,0.9504
42,v2,v1,20.0,20.22,10.0,0.6,0.1011,0.2,17.0872,False,fuzzy_logic_fixed_snr,17.067,0.9971
42,v2,v6,20.0,140.0,0.0,0.6,0.7,0.0,15.7077,True,fuzzy_logic_fixed_snr,2.9301,0.9477
42,v2,v5,20.0,190.02,20.0,0.6,0.9501,0.4,14.9653,True,fuzzy_logic_fixed_snr,2.9265,0.9475
42,v3,v4,20.0,120.04,40.0,0.6,0.6002,0.8,15.1424,True,fuzzy_logic_fixed_snr,2.9273,0.952
42,v3,v8,20.0,170.03,30.0,0.6,0.8501,0.6,14.9369,True,fuzzy_logic_fixed_snr,2.9283,0.952
42,v3,v11,20.0,180.0,0.0,0.6,0.9,0.0,15.4895,True,fuzzy_logic_fixed_snr,2.9305,0.9578
42,v4,v8,40.0,50.0,10.0,1.0,0.25,0.2,36.301,False,fuzzy_logic_fixed_snr,36.284,1.0
42,v4,v11,40.0,60.07,40.0,1.0,0.3004,0.8,35.7436,True,fuzzy_logic_fixed_snr,2.9564,0.9514
42,v4,v7,40.0,90.05,0.0,1.0,0.4502,0.0,36.091,False,fuzzy_logic_fixed_snr,36.0598,0.999
42,v4,v12,40.0,120.0,0.0,1.0,0.6,0.0,35.8416,False,fuzzy_logic_fixed_snr,35.8116,1.0
42,v4,v3,40.0,120.04,40.0,1.0,0.6002,0.8,35.1424,True,fuzzy_logic_fixed_snr,2.9563,0.9533
43,v1,v2,40.0,30.15,10.0,1.0,0.1507,0.2,36.7404,False,fuzzy_logic_fixed_snr,36.7066,0.999
43,v1,v6,40.0,110.04,20.0,1.0,0.5502,0.4,35.4398,False,fuzzy_logic_fixed_snr,35.4115,1.0
43,v1,v5,40.0,180.0,0.0,1.0,0.9,0.0,35.4895,True,fuzzy_logic_fixed_snr,2.9567,0.9523
43,v2,v1,20.0,30.15,10.0,0.6,0.1507,0.2,16.7404,False,fuzzy_logic_fixed_snr,16.7123,0.9971
43,v2,v6,20.0,140.0,10.0,0.6,0.7,0.2,15.4067,True,fuzzy_logic_fixed_snr,2.9302,0.9523
43,v3,v4,20.0,80.06,20.0,0.6,0.4003,0.4,15.7161,True,fuzzy_logic_fixed_snr,2.9326,0.9607
43,v3,v8,20.0,140.03,10.0,0.6,0.7002,0.2,15.4065,True,fuzzy_logic_fixed_snr,2.9312,0.9582
43,v3,v7,20.0,170.0,20.0,0.6,0.85,0.4,15.062,True,fuzzy_logic_fixed_snr,2.9283,0.949
43,v3,v11,20.0,180.0,10.0,0.6,0.9,0.2,15.1884,True,fuzzy_logic_fixed_snr,2.9276,0.9504
43,v4,v8,40.0,60.0,30.0,1.0,0.3,0.6,35.8416,False,fuzzy_logic_fixed_snr,35.8145,0.999
43,v4,v3,40.0,80.06,20.0,1.0,0.4003,0.4,35.7161,False,fuzzy_logic_fixed_snr,35.6975,0.999
43,v4,v7,40.0,90.05,0.0,1.0,0.4502,0.0,36.091,False,fuzzy_logic_fixed_snr,36.0559,0.999
43,v4,v11,40.0,100.04,30.0,1.0,0.5002,0.6,35.3975,True,fuzzy_logic_fixed_snr,2.9563,0.9523
43,v4,v12,40.0,120.0,20.0,1.0,0.6,0.4,35.3645,False,fuzzy_logic_fixed_snr,35.3226,1.0
44,v1,v2,40.0,20.22,0.0,1.0,0.1011,0.0,37.3883,False,fuzzy_logic_fixed_snr,37.3744,1.0
44,v1,v6,40.0,130.03,10.0,1.0,0.6502,0.2,35.4709,False,fuzzy_logic_fixed_snr,35.4367,1.0
44,v1,v5,40.0,180.0,10.0,1.0,0.9,0.2,35.1884,True,fuzzy_logic_fixed_snr,2.9569,0.9514
44,v2,v1,20.0,20.22,0.0,0.6,0.1011,0.0,17.3883,False,fuzzy_logic_fixed_snr,17.3503,1.0
44,v2,v6,20.0,150.0,10.0,0.6,0.75,0.2,15.3468,True,fuzzy_logic_fixed_snr,2.9297,0.9535
44,v3,v4,20.0,100.04,10.0,0.6,0.5002,0.2,15.6986,True,fuzzy_logic_fixed_snr,2.9329,0.9559
44,v3,v8,20.0,130.03,30.0,0.6,0.6502,0.6,15.1698,True,fuzzy_logic_fixed_snr,2.9292,0.949
44,v3,v11,20.0,170.0,20.0,0.6,0.85,0.4,15.062,True,fuzzy_logic_fixed_snr,2.9306,0.9506
44,v3,v7,20.0,190.0,20.0,0.6,0.95,0.4,14.9654,True,fuzzy_logic_fixed_snr,2.9279,0.9529
44,v4,v8,40.0,30.0,40.0,1.0,0.15,0.8,36.3468,True,fuzzy_logic_fixed_snr,2.9565,0.9514
44,v4,v11,40.0,70.06,30.0,1.0,0.3503,0.6,35.7069,False,fuzzy_logic_fixed_snr,35.673,0.999
44,v4,v7,40.0,90.05,30.0,1.0,0.4502,0.6,35.489,True,fuzzy_logic_fixed_snr,2.9562,0.9504
44,v4,v12,40.0,100.0,10.0,1.0,0.5,0.2,35.699,False,fuzzy_logic_fixed_snr,35.6828,0.999
44,v4,v3,40.0,100.04,10.0,1.0,0.5002,0.2,35.6986,False,fuzzy_logic_fixed_snr,35.668,0.999
45,v1,v2,40.0,20.22,20.0,1.0,0.1011,0.4,36.9112,False,fuzzy_logic_fixed_snr,36.8829,1.0
45,v1,v6,40.0,140.03,10.0,1.0,0.7002,0.2,35.4065,False,fuzzy_logic_fixed_snr,35.3864,0.999
45,v1,v5,40.0,190.0,10.0,1.0,0.95,0.2,35.1415,True,fuzzy_logic_fixed_snr,2.9565,0.9514
45,v2,v1,20.0,20.22,20.0,0.6,0.1011,0.4,16.9112,True,fuzzy_logic_fixed_snr,2.9375,0.9539
45,v2,v6,20.0,160.0,10.0,0.6,0.8,0.2,15.2907,True,fuzzy_logic_fixed_snr,2.9294,0.9564
45,v3,v4,20.0,90.05,0.0,0.6,0.4502,0.0,16.091,True,fuzzy_logic_fixed_snr,2.9339,0.9598
45,v3,v8,20.0,160.03,0.0,0.6,0.8001,0.0,15.5916,True,fuzzy_logic_fixed_snr,2.931,0.9432
45,v3,v11,20.0,190.0,20.0,0.6,0.95,0.4,14.9654,True,fuzzy_logic_fixed_snr,2.9273,0.952
45,v4,v8,40.0,70.0,0.0,1.0,0.35,0.0,36.3098,False,fuzzy_logic_fixed_snr,36.2847,0.998
45,v4,v3,40.0,90.05,0.0,1.0,0.4502,0.0,36.091,False,fuzzy_logic_fixed_snr,36.0703,0.999
45,v4,v11,40.0,100.04,20.0,1.0,0.5002,0.4,35.5225,False,fuzzy_logic_fixed_snr,35.4961,0.998
45,v4,v12,40.0,110.0,10.0,1.0,0.55,0.2,35.6162,False,fuzzy_logic_fixed_snr,35.5892,1.0
45,v4,v7,40.0,120.04,20.0,1.0,0.6002,0.4,35.3642,False,fuzzy_logic_fixed_snr,35.3346,1.0
46,v1,v2,40.0,3.0,30.0,1.0,0.015,0.6,38.4437,False,fuzzy_logic_fixed_snr,38.4195,1.0
46,v1,v6,40.0,150.03,0.0,1.0,0.7501,0.0,35.6476,False,fuzzy_logic_fixed_snr,35.6253,0.999
46,v1,v5,40.0,200.0,20.0,1.0,1.0,0.4,34.9208,True,fuzzy_logic_fixed_snr,2.9562,0.9523
46,v2,v1,20.0,3.0,30.0,0.6,0.015,0.6,18.4437,True,fuzzy_logic_fixed_snr,2.9443,0.9563
46,v2,v6,20.0,150.0,30.0,0.6,0.75,0.6,15.0458,True,fuzzy_logic_fixed_snr,2.9277,0.9484
46,v3,v4,20.0,90.05,20.0,0.6,0.4502,0.4,15.6139,True,fuzzy_logic_fixed_snr,2.9323,0.9525
46,v3,v8,20.0,160.03,20.0,0.6,0.8001,0.4,15.1145,True,fuzzy_logic_fixed_snr,2.9263,0.949
46,v3,v11,20.0,170.0,30.0,0.6,0.85,0.6,14.937,True,fuzzy_logic_fixed_snr,2.9249,0.9455
46,v3,v7,20.0,190.0,10.0,0.6,0.95,0.2,15.1415,True,fuzzy_logic_fixed_snr,2.9272,0.9549
46,v4,v8,40.0,70.0,0.0,1.0,0.35,0.0,36.3098,False,fuzzy_logic_fixed_snr,36.2893,0.9971
46,v4,v11,40.0,80.06,10.0,1.0,0.4003,0.2,35.8922,False,fuzzy_logic_fixed_snr,35.8777,1.0
46,v4,v3,40.0,90.05,20.0,1.0,0.4502,0.4,35.6139,False,fuzzy_logic_fixed_snr,35.5781,0.999
46,v4,v7,40.0,100.04,10.0,1.0,0.5002,0.2,35.6986,False,fuzzy_logic_fixed_snr,35.6665,0.999
46,v4,v12,40.0,120.0,20.0,1.0,0.6,0.4,35.3645,False,fuzzy_logic_fixed_snr,35.3306,1.0
47,v1,v2,40.0,30.15,0.0,1.0,0.1507,0.0,37.0414,False,fuzzy_logic_fixed_snr,37.0173,1.0
47,v1,v6,40.0,150.03,0.0,1.0,0.7501,0.0,35.6476,False,fuzzy_logic_fixed_snr,35.6228,0.999
47,v2,v1,20.0,30.15,0.0,0.6,0.1507,0.0,17.0414,False,fuzzy_logic_fixed_snr,17.019,0.998
47,v2,v6,20.0,120.0,0.0,0.6,0.6,0.0,15.8416,True,fuzzy_logic_fixed_snr,2.9331,0.9523
47,v2,v5,20.0,190.02,10.0,0.6,0.9501,0.2,15.1414,True,fuzzy_logic_fixed_snr,2.9303,0.9504
47,v3,v4,20.0,70.06,10.0,0.6,0.3503,0.2,16.008,True,fuzzy_logic_fixed_snr,2.9328,0.9494
47,v3,v11,20.0,140.0,0.0,0.6,0.7,0.0,15.7077,True,fuzzy_logic_fixed_snr,2.9313,0.9471
47,v3,v8,20.0,140.03,30.0,0.6,0.7002,0.6,15.1055,True,fuzzy_logic_fixed_snr,2.9243,0.95
47,v3,v12,20.0,170.03,20.0,0.6,0.8501,0.4,15.0618,True,fuzzy_logic_fixed_snr,2.929,0.9543
47,v3,v7,20.0,180.0,10.0,0.6,0.9,0.2,15.1884,True,fuzzy_logic_fixed_snr,2.9277,0.9617
47,v4,v8,40.0,70.0,40.0,1.0,0.35,0.8,35.6108,True,fuzzy_logic_fixed_snr,2.9562,0.9539
47,v4,v3,40.0,70.06,10.0,1.0,0.3503,0.2,36.008,False,fuzzy_logic_fixed_snr,35.98,1.0
47,v4,v11,40.0,70.06,10.0,1.0,0.3503,0.2,36.008,False,fuzzy_logic_fixed_snr,35.9797,1.0
47,v4,v12,40.0,100.0,30.0,1.0,0.5,0.6,35.3979,True,fuzzy_logic_fixed_snr,2.9563,0.9514
47,v4,v7,40.0,110.04,0.0,1.0,0.5502,0.0,35.9169,False,fuzzy_logic_fixed_snr,35.8862,1.0
48,v1,v2,40.0,30.15,10.0,1.0,0.1507,0.2,36.7404,False,fuzzy_logic_fixed_snr,36.722,0.999
48,v1,v6,40.0,150.03,30.0,1.0,0.7501,0.6,35.0456,True,fuzzy_logic_fixed_snr,2.9568,0.9504
48,v2,v1,20.0,30.15,10.0,0.6,0.1507,0.2,16.7404,False,fuzzy_logic_fixed_snr,16.7133,0.9961
48,v2,v6,20.0,120.0,20.0,0.6,0.6,0.4,15.3645,True,fuzzy_logic_fixed_snr,2.9302,0.9484
48,v3,v4,20.0,80.06,10.0,0.6,0.4003,0.2,15.8922,True,fuzzy_logic_fixed_snr,2.932,0.949
48,v3,v8,20.0,110.04,10.0,0.6,0.5502,0.2,15.6159,True,fuzzy_logic_fixed_snr,2.9319,0.9523
48,v3,v11,20.0,140.0,30.0,0.6,0.7,0.6,15.1057,True,fuzzy_logic_fixed_snr,2.9271,0.9539
48,v3,v12,20.0,150.03,10.0,0.6,0.7501,0.2,15.3466,True,fuzzy_logic_fixed_snr,2.9285,0.9529
48,v3,v7,20.0,190.0,0.0,0.6,0.95,0.0,15.4425,True,fuzzy_logic_fixed_snr,2.9314,0.9582
48,v4,v8,40.0,30.0,0.0,1.0,0.15,0.0,37.0458,False,fuzzy_logic_fixed_snr,37.0084,1.0
48,v4,v11,40.0,60.07,20.0,1.0,0.3004,0.4,35.9655,False,fuzzy_logic_fixed_snr,35.9398,0.999
48,v4,v12,40.0,70.0,0.0,1.0,0.35,0.0,36.3098,False,fuzzy_logic_fixed_snr,36.2883,0.999
48,v4,v3,40.0,80.06,10.0,1.0,0.4003,0.2,35.8922,False,fuzzy_logic_fixed_snr,35.8698,0.998
48,v4,v7,40.0,110.04,10.0,1.0,0.5502,0.2,35.6159,False,fuzzy_logic_fixed_snr,35.5838,0.999
49,v1,v2,40.0,20.22,10.0,1.0,0.1011,0.2,37.0872,False,fuzzy_logic_fixed_snr,37.0647,0.999
49,v1,v6,40.0,120.04,0.0,1.0,0.6002,0.0,35.8414,False,fuzzy_logic_fixed_snr,35.8028,1.0
49,v2,v1,20.0,20.22,10.0,0.6,0.1011,0.2,17.0872,False,fuzzy_logic_fixed_snr,17.0611,0.9951
49,v2,v6,20.0,100.0,10.0,0.6,0.5,0.2,15.699,True,fuzzy_logic_fixed_snr,2.9308,0.9529
49,v3,v4,20.0,70.06,10.0,0.6,0.3503,0.2,16.008,True,fuzzy_logic_fixed_snr,2.9326,0.952
49,v3,v8,20.0,100.04,10.0,0.6,0.5002,0.2,15.6986,True,fuzzy_logic_fixed_snr,2.9329,0.9543
49,v3,v11,20.0,110.0,10.0,0.6,0.55,0.2,15.6162,True,fuzzy_logic_fixed_snr,2.9323,0.95
49,v3,v12,20.0,140.03,30.0,0.6,0.7002,0.6,15.1055,True,fuzzy_logic_fixed_snr,2.9283,0.9588
49,v3,v7,20.0,190.0,10.0,0.6,0.95,0.2,15.1415,True,fuzzy_logic_fixed_snr,2.9269,0.9529
49,v4,v8,40.0,30.0,0.0,1.0,0.15,0.0,37.0458,False,fuzzy_logic_fixed_snr,37.0211,0.999
49,v4,v11,40.0,40.11,0.0,1.0,0.2006,0.0,36.7934,False,fuzzy_logic_fixed_snr,36.7744,1.0
49,v4,v12,40.0,70.0,40.0,1.0,0.35,0.8,35.6108,True,fuzzy_logic_fixed_snr,2.9563,0.9523
49,v4,v3,40.0,70.06,10.0,1.0,0.3503,0.2,36.008,False,fuzzy_logic_fixed_snr,35.9692,1.0
49,v4,v7,40.0,120.04,0.0,1.0,0.6002,0.0,35.8414,False,fuzzy_logic_fixed_snr,35.8189,1.0
50,v1,v2,40.0,30.15,10.0,1.0,0.1507,0.2,36.7404,False,fuzzy_logic_fixed_snr,36.7149,0.999
50,v1,v6,40.0,120.04,30.0,1.0,0.6002,0.6,35.2393,True,fuzzy_logic_fixed_snr,2.9564,0.9504
50,v2,v1,20.0,30.15,10.0,0.6,0.1507,0.2,16.7404,False,fuzzy_logic_fixed_snr,16.7101,0.9951
50,v2,v6,20.0,90.0,20.0,0.6,0.45,0.4,15.6144,True,fuzzy_logic_fixed_snr,2.9286,0.9549
50,v3,v4,20.0,80.06,0.0,0.6,0.4003,0.0,16.1932,True,fuzzy_logic_fixed_snr,2.9337,0.9598
50,v3,v8,20.0,110.04,10.0,0.6,0.5502,0.2,15.6159,True,fuzzy_logic_fixed_snr,2.93,0.949
50,v3,v12,20.0,110.04,0.0,0.6,0.5502,0.0,15.9169,True,fuzzy_logic_fixed_snr,2.9327,0.9484
50,v3,v11,20.0,120.0,20.0,0.6,0.6,0.4,15.3645,True,fuzzy_logic_fixed_snr,2.9296,0.9525
50,v3,v7,20.0,200.0,0.0,0.6,1.0,0.0,15.3979,True,fuzzy_logic_fixed_snr,2.9305,0.9475
50,v4,v8,40.0,30.0,10.0,1.0,0.15,0.2,36.7447,False,fuzzy_logic_fixed_snr,36.713,0.998
50,v4,v12,40.0,30.0,0.0,1.0,0.15,0.0,37.0458,False,fuzzy_logic_fixed_snr,37.0054,0.999
50,v4,v11,40.0,40.11,20.0,1.0,0.2006,0.4,36.3163,False,fuzzy_logic_fixed_snr,36.2932,1.0
50,v4,v3,40.0,80.06,0.0,1.0,0.4003,0.0,36.1932,False,fuzzy_logic_fixed_snr,36.1708,1.0
50,v4,v7,40.0,120.04,0.0,1.0,0.6002,0.0,35.8414,False,fuzzy_logic_fixed_snr,35.8134,0.999
51,v1,v2,40.0,40.11,10.0,1.0,0.2006,0.2,36.4924,False,fuzzy_logic_fixed_snr,36.4615,0.999
51,v1,v6,40.0,150.03,0.0,1.0,0.7501,0.0,35.6476,False,fuzzy_logic_fixed_snr,35.6258,1.0
51,v2,v1,20.0,40.11,10.0,0.6,0.2006,0.2,16.4924,False,fuzzy_logic_fixed_snr,16.4519,0.9961
51,v2,v6,20.0,110.0,10.0,0.6,0.55,0.2,15.6162,True,fuzzy_logic_fixed_snr,2.9314,0.9578
51,v3,v4,20.0,80.06,10.0,0.6,0.4003,0.2,15.8922,True,fuzzy_logic_fixed_snr,2.9316,0.952
51,v3,v12,20.0,110.04,30.0,0.6,0.5502,0.6,15.3148,True,fuzzy_logic_fixed_snr,2.9294,0.9559
51,v3,v8,20.0,120.04,0.0,0.6,0.6002,0.0,15.8414,True,fuzzy_logic_fixed_snr,2.934,0.9559
51,v3,v11,20.0,140.0,30.0,0.6,0.7,0.6,15.1057,True,fuzzy_logic_fixed_snr,2.9276,0.9494
51,v3,v7,20.0,200.0,40.0,0.6,1.0,0.8,14.699,True,fuzzy_logic_fixed_snr,2.9256,0.952
51,v4,v12,40.0,30.0,20.0,1.0,0.15,0.4,36.5686,False,fuzzy_logic_fixed_snr,36.5313,1.0
51,v4,v8,40.0,40.0,10.0,1.0,0.2,0.2,36.4949,False,fuzzy_logic_fixed_snr,36.4789,0.999
51,v4,v11,40.0,60.07,20.0,1.0,0.3004,0.4,35.9655,False,fuzzy_logic_fixed_snr,35.9385,0.999
51,v4,v3,40.0,80.06,10.0,1.0,0.4003,0.2,35.8922,False,fuzzy_logic_fixed_snr,35.8537,1.0
51,v4,v7,40.0,120.04,30.0,1.0,0.6002,0.6,35.2393,True,fuzzy_logic_fixed_snr,2.957,0.9514
52,v1,v2,40.0,30.15,10.0,1.0,0.1507,0.2,36.7404,False,fuzzy_logic_fixed_snr,36.7265,0.999
52,v1,v6,40.0,150.03,30.0,1.0,0.7501,0.6,35.0456,True,fuzzy_logic_fixed_snr,2.9561,0.9523
52,v2,v1,20.0,30.15,10.0,0.6,0.1507,0.2,16.7404,False,fuzzy_logic_fixed_snr,16.7095,0.9961
52,v2,v6,20.0,120.0,20.0,0.6,0.6,0.4,15.3645,True,fuzzy_logic_fixed_snr,2.9289,0.9533
52,v3,v4,20.0,70.06,20.0,0.6,0.3503,0.4,15.8319,True,fuzzy_logic_fixed_snr,2.9336,0.9539
52,v3,v12,20.0,80.06,10.0,0.6,0.4003,0.2,15.8922,True,fuzzy_logic_fixed_snr,2.9328,0.9514
52,v3,v11,20.0,110.0,0.0,0.6,0.55,0.0,15.9172,True,fuzzy_logic_fixed_snr,2.9349,0.9471
52,v3,v8,20.0,120.04,20.0,0.6,0.6002,0.4,15.3642,True,fuzzy_logic_fixed_snr,2.9307,0.9602
52,v3,v7,20.0,160.0,20.0,0.6,0.8,0.4,15.1146,True,fuzzy_logic_fixed_snr,2.9307,0.9475
52,v4,v12,40.0,10.0,30.0,1.0,0.05,0.6,37.3979,False,fuzzy_logic_fixed_snr,37.3773,0.999
52,v4,v11,40.0,40.11,20.0,1.0,0.2006,0.4,36.3163,False,fuzzy_logic_fixed_snr,36.2924,1.0
52,v4,v8,40.0,50.0,0.0,1.0,0.25,0.0,36.6021,False,fuzzy_logic_fixed_snr,36.5827,0.998
52,v4,v3,40.0,70.06,20.0,1.0,0.3503,0.4,35.8319,False,fuzzy_logic_fixed_snr,35.7975,0.999
52,v4,v7,40.0,90.05,40.0,1.0,0.4502,0.8,35.3921,True,fuzzy_logic_fixed_snr,2.9565,0.9504
53,v1,v2,40.0,20.22,30.0,1.0,0.1011,0.6,36.7862,False,fuzzy_logic_fixed_snr,36.7672,1.0
53,v1,v6,40.0,120.04,40.0,1.0,0.6002,0.8,35.1424,True,fuzzy_logic_fixed_snr,2.9563,0.9523
53,v2,v1,20.0,20.22,30.0,0.6,0.1011,0.6,16.7862,True,fuzzy_logic_fixed_snr,2.9378,0.9516
53,v2,v6,20.0,100.0,10.0,0.6,0.5,0.2,15.699,True,fuzzy_logic_fixed_snr,2.9311,0.9484
53,v3,v4,20.0,50.09,10.0,0.6,0.2504,0.2,16.2995,False,fuzzy_logic_fixed_snr,16.2605,0.9961
53,v3,v12,20.0,90.05,20.0,0.6,0.4502,0.4,15.6139,True,fuzzy_logic_fixed_snr,2.9318,0.9539
53,v3,v8,20.0,100.04,10.0,0.6,0.5002,0.2,15.6986,True,fuzzy_logic_fixed_snr,2.9322,0.951
53,v3,v11,20.0,110.0,20.0,0.6,0.55,0.4,15.4401,True,fuzzy_logic_fixed_snr,2.9317,0.9574
53,v3,v7,20.0,180.0,20.0,0.6,0.9,0.4,15.0123,True,fuzzy_logic_fixed_snr,2.9272,0.9549
53,v4,v12,40.0,40.0,30.0,1.0,0.2,0.6,36.1938,False,fuzzy_logic_fixed_snr,36.1558,0.999
53,v4,v8,40.0,50.0,0.0,1.0,0.25,0.0,36.6021,False,fuzzy_logic_fixed_snr,36.5747,1.0
53,v4,v3,40.0,50.09,10.0,1.0,0.2504,0.2,36.2995,False,fuzzy_logic_fixed_snr,36.2705,0.999
53,v4,v11,40.0,60.07,10.0,1.0,0.3004,0.2,36.1416,False,fuzzy_logic_fixed_snr,36.1073,1.0
53,v4,v7,40.0,130.03,10.0,1.0,0.6502,0.2,35.4709,False,fuzzy_logic_fixed_snr,35.4412,0.999
54,v1,v2,40.0,10.44,40.0,1.0,0.0522,0.8,37.2636,True,fuzzy_logic_fixed_snr,2.9568,0.9504
54,v1,v6,40.0,80.06,30.0,1.0,0.4003,0.6,35.5911,False,fuzzy_logic_fixed_snr,35.5795,0.9971
54,v2,v1,20.0,10.44,40.0,0.6,0.0522,0.8,17.2636,True,fuzzy_logic_fixed_snr,2.9395,0.9494
54,v2,v6,20.0,90.0,10.0,0.6,0.45,0.2,15.7905,True,fuzzy_logic_fixed_snr,2.9314,0.9535
54,v3,v4,20.0,40.11,20.0,0.6,0.2006,0.4,16.3163,True,fuzzy_logic_fixed_snr,2.9355,0.952
54,v3,v11,20.0,90.0,10.0,0.6,0.45,0.2,15.7905,True,fuzzy_logic_fixed_snr,2.9324,0.9504
54,v3,v8,20.0,90.05,20.0,0.6,0.4502,0.4,15.6139,True,fuzzy_logic_fixed_snr,2.93,0.9514
54,v3,v12,20.0,110.04,20.0,0.6,0.5502,0.4,15.4398,True,fuzzy_logic_fixed_snr,2.9308,0.9545
54,v3,v7,20.0,160.0,10.0,0.6,0.8,0.2,15.2907,True,fuzzy_logic_fixed_snr,2.9294,0.9471
54,v4,v3,40.0,40.11,20.0,1.0,0.2006,0.4,36.3163,False,fuzzy_logic_fixed_snr,36.2926,0.999
54,v4,v8,40.0,50.0,0.0,1.0,0.25,0.0,36.6021,False,fuzzy_logic_fixed_snr,36.5851,0.999
54,v4,v11,40.0,50.09,30.0,1.0,0.2504,0.6,35.9984,False,fuzzy_logic_fixed_snr,35.9726,0.999
54,v4,v12,40.0,70.0,0.0,1.0,0.35,0.0,36.3098,False,fuzzy_logic_fixed_snr,36.2804,1.0
54,v4,v7,40.0,120.04,10.0,1.0,0.6002,0.2,35.5403,False,fuzzy_logic_fixed_snr,35.5154,1.0
55,v1,v2,40.0,30.15,10.0,1.0,0.1507,0.2,36.7404,False,fuzzy_logic_fixed_snr,36.7127,1.0
55,v1,v6,40.0,110.04,20.0,1.0,0.5502,0.4,35.4398,False,fuzzy_logic_fixed_snr,35.4227,0.998
55,v2,v1,20.0,30.15,10.0,0.6,0.1507,0.2,16.7404,False,fuzzy_logic_fixed_snr,16.729,0.9971
55,v2,v6,20.0,80.0,10.0,0.6,0.4,0.2,15.8928,True,fuzzy_logic_fixed_snr,2.9331,0.9523
55,v3,v4,20.0,20.22,10.0,0.6,0.1011,0.2,17.0872,False,fuzzy_logic_fixed_snr,17.0655,0.999
55,v3,v8,20.0,70.06,20.0,0.6,0.3503,0.4,15.8319,True,fuzzy_logic_fixed_snr,2.9339,0.952
55,v3,v12,20.0,90.05,0.0,0.6,0.4502,0.0,16.091,True,fuzzy_logic_fixed_snr,2.9328,0.952
55,v3,v11,20.0,100.0,20.0,0.6,0.5,0.4,15.5229,True,fuzzy_logic_fixed_snr,2.9323,0.9471
55,v3,v7,20.0,150.0,10.0,0.6,0.75,0.2,15.3468,True,fuzzy_logic_fixed_snr,2.9327,0.951
55,v4,v3,40.0,20.22,10.0,1.0,0.1011,0.2,37.0872,False,fuzzy_logic_fixed_snr,37.0621,1.0
55,v4,v8,40.0,50.0,10.0,1.0,0.25,0.2,36.301,False,fuzzy_logic_fixed_snr,36.2709,0.999
55,v4,v12,40.0,70.0,10.0,1.0,0.35,0.2,36.0088,False,fuzzy_logic_fixed_snr,35.9776,0.999
55,v4,v11,40.0,80.06,30.0,1.0,0.4003,0.6,35.5911,False,fuzzy_logic_fixed_snr,35.5736,0.999
55,v4,v7,40.0,130.03,0.0,1.0,0.6502,0.0,35.7719,False,fuzzy_logic_fixed_snr,35.7383,0.999
56,v1,v2,40.0,20.22,30.0,1.0,0.1011,0.6,36.7862,False,fuzzy_logic_fixed_snr,36.7594,1.0
56,v1,v6,40.0,90.05,10.0,1.0,0.4502,0.2,35.79,False,fuzzy_logic_fixed_snr,35.7705,0.998
56,v2,v1,20.0,20.22,30.0,0.6,0.1011,0.6,16.7862,True,fuzzy_logic_fixed_snr,2.9382,0.9494
56,v2,v6,20.0,70.0,40.0,0.6,0.35,0.8,15.6108,True,fuzzy_logic_fixed_snr,2.9335,0.9527
56,v3,v4,20.0,10.44,30.0,0.6,0.0522,0.6,17.3605,True,fuzzy_logic_fixed_snr,2.9394,0.95
56,v3,v8,20.0,50.09,20.0,0.6,0.2504,0.4,16.1234,True,fuzzy_logic_fixed_snr,2.9324,0.952
56,v3,v12,20.0,90.05,30.0,0.6,0.4502,0.6,15.489,True,fuzzy_logic_fixed_snr,2.9312,0.9475
56,v3,v11,20.0,120.0,10.0,0.6,0.6,0.2,15.5406,True,fuzzy_logic_fixed_snr,2.9287,0.9494
56,v3,v7,20.0,140.0,20.0,0.6,0.7,0.4,15.2306,True,fuzzy_logic_fixed_snr,2.9279,0.95
56,v4,v3,40.0,10.44,30.0,1.0,0.0522,0.6,37.3605,False,fuzzy_logic_fixed_snr,37.3444,1.0
56,v4,v8,40.0,40.0,10.0,1.0,0.2,0.2,36.4949,False,fuzzy_logic_fixed_snr,36.4697,1.0
56,v4,v12,40.0,80.0,0.0,1.0,0.4,0.0,36.1938,False,fuzzy_logic_fixed_snr,36.1686,1.0
56,v4,v11,40.0,110.04,20.0,1.0,0.5502,0.4,35.4398,False,fuzzy_logic_fixed_snr,35.4144,0.999
56,v4,v7,40.0,130.03,10.0,1.0,0.6502,0.2,35.4709,False,fuzzy_logic_fixed_snr,35.4462,1.0
57,v1,v2,40.0,50.09,10.0,1.0,0.2504,0.2,36.2995,False,fuzzy_logic_fixed_snr,36.2739,1.0
57,v1,v6,40.0,80.06,20.0,1.0,0.4003,0.4,35.7161,False,fuzzy_logic_fixed_snr,35.6876,0.998
57,v2,v6,20.0,30.0,10.0,0.6,0.15,0.2,16.7447,False,fuzzy_logic_fixed_snr,16.724,0.9951
57,v2,v1,20.0,50.09,10.0,0.6,0.2504,0.2,16.2995,False,fuzzy_logic_fixed_snr,16.2723,0.9912
57,v2,v5,20.0,190.02,20.0,0.6,0.9501,0.4,14.9653,True,fuzzy_logic_fixed_snr,2.9285,0.9504
57,v3,v4,20.0,20.22,40.0,0.6,0.1011,0.8,16.6893,True,fuzzy_logic_fixed_snr,2.938,0.9559
57,v3,v8,20.0,30.15,30.0,0.6,0.1507,0.6,16.4394,True,fuzzy_logic_fixed_snr,2.9348,0.952
57,v3,v12,20.0,60.07,30.0,0.6,0.3004,0.6,15.8406,True,fuzzy_logic_fixed_snr,2.932,0.9539
57,v3,v11,20.0,110.0,40.0,0.6,0.55,0.8,15.2182,True,fuzzy_logic_fixed_snr,2.9289,0.9539
57,v3,v7,20.0,120.0,40.0,0.6,0.6,0.8,15.1427,True,fuzzy_logic_fixed_snr,2.9301,0.9553
57,v4,v3,40.0,20.22,40.0,1.0,0.1011,0.8,36.6893,True,fuzzy_logic_fixed_snr,2.9563,0.9494
57,v4,v8,40.0,50.0,10.0,1.0,0.25,0.2,36.301,False,fuzzy_logic_fixed_snr,36.2702,1.0
57,v4,v12,40.0,80.0,10.0,1.0,0.4,0.2,35.8928,False,fuzzy_logic_fixed_snr,35.8687,0.998
57,v4,v11,40.0,130.03,0.0,1.0,0.6502,0.0,35.7719,False,fuzzy_logic_fixed_snr,35.7522,1.0
57,v4,v7,40.0,140.03,0.0,1.0,0.7002,0.0,35.7075,False,fuzzy_logic_fixed_snr,35.6848,0.998
58,v1,v2,40.0,40.11,10.0,1.0,0.2006,0.2,36.4924,False,fuzzy_logic_fixed_snr,36.4592,1.0
58,v1,v6,40.0,60.07,10.0,1.0,0.3004,0.2,36.1416,False,fuzzy_logic_fixed_snr,36.1255,0.999
58,v2,v6,20.0,20.0,0.0,0.6,0.1,0.0,17.3979,False,fuzzy_logic_fixed_snr,17.3686,0.9971
58,v2,v1,20.0,40.11,10.0,0.6,0.2006,0.2,16.4924,False,fuzzy_logic_fixed_snr,16.4619,0.9961
58,v2,v5,20.0,170.03,30.0,0.6,0.8501,0.6,14.9369,True,fuzzy_logic_fixed_snr,2.925,0.9523
58,v3,v4,20.0,20.22,20.0,0.6,0.1011,0.4,16.9112,True,fuzzy_logic_fixed_snr,2.9393,0.9545
58,v3,v8,20.0,60.07,0.0,0.6,0.3004,0.0,16.4426,True,fuzzy_logic_fixed_snr,2.935,0.9523
58,v3,v12,20.0,90.05,10.0,0.6,0.4502,0.2,15.79,True,fuzzy_logic_fixed_snr,2.9328,0.9572
58,v3,v11,20.0,150.0,20.0,0.6,0.75,0.4,15.1707,True,fuzzy_logic_fixed_snr,2.9296,0.9461
58,v3,v7,20.0,160.0,30.0,0.6,0.8,0.6,14.9897,True,fuzzy_logic_fixed_snr,2.9253,0.9559
58,v4,v3,40.0,20.22,20.0,1.0,0.1011,0.4,36.9112,False,fuzzy_logic_fixed_snr,36.89,0.999
58,v4,v8,40.0,40.0,20.0,1.0,0.2,0.4,36.3188,False,fuzzy_logic_fixed_snr,36.2849,1.0
58,v4,v12,40.0,70.0,10.0,1.0,0.35,0.2,36.0088,False,fuzzy_logic_fixed_snr,35.9779,0.999
58,v4,v11,40.0,130.03,0.0,1.0,0.6502,0.0,35.7719,False,fuzzy_logic_fixed_snr,35.7389,0.998
58,v4,v7,40.0,140.03,10.0,1.0,0.7002,0.2,35.4065,False,fuzzy_logic_fixed_snr,35.3827,1.0
59,v1,v2,40.0,30.15,20.0,1.0,0.1507,0.4,36.5643,False,fuzzy_logic_fixed_snr,36.5411,0.999
59,v1,v6,40.0,50.09,10.0,1.0,0.2504,0.2,36.2995,False,fuzzy_logic_fixed_snr,36.2811,0.999
59,v2,v6,20.0,20.0,10.0,0.6,0.1,0.2,17.0969,False,fuzzy_logic_fixed_snr,17.0572,0.998
59,v2,v1,20.0,30.15,20.0,0.6,0.1507,0.4,16.5643,True,fuzzy_logic_fixed_snr,2.9338,0.948
59,v3,v4,20.0,3.0,10.0,0.6,0.015,0.2,18.7447,False,fuzzy_logic_fixed_snr,18.7225,0.9971
59,v3,v8,20.0,60.07,0.0,0.6,0.3004,0.0,16.4426,True,fuzzy_logic_fixed_snr,2.9367,0.9477
59,v3,v12,20.0,80.06,30.0,0.6,0.4003,0.6,15.5911,True,fuzzy_logic_fixed_snr,2.9325,0.9529
59,v3,v7,20.0,130.0,0.0,0.6,0.65,0.0,15.7721,True,fuzzy_logic_fixed_snr,2.9349,0.9504
59,v3,v11,20.0,130.0,20.0,0.6,0.65,0.4,15.295,True,fuzzy_logic_fixed_snr,2.9306,0.9504
59,v4,v3,40.0,3.0,10.0,1.0,0.015,0.2,38.7447,False,fuzzy_logic_fixed_snr,38.7251,0.999
59,v4,v8,40.0,60.0,10.0,1.0,0.3,0.2,36.1427,False,fuzzy_logic_fixed_snr,36.112,0.999
59,v4,v12,40.0,80.0,20.0,1.0,0.4,0.4,35.7167,False,fuzzy_logic_fixed_snr,35.6859,0.999
59,v4,v7,40.0,130.03,10.0,1.0,0.6502,0.2,35.4709,False,fuzzy_logic_fixed_snr,35.4481,1.0
59,v4,v11,40.0,130.03,10.0,1.0,0.6502,0.2,35.4709,False,fuzzy_logic_fixed_snr,35.4479,0.999
60,v1,v2,40.0,10.44,0.0,1.0,0.0522,0.0,37.9626,False,fuzzy_logic_fixed_snr,37.9443,1.0
60,v1,v6,40.0,40.11,20.0,1.0,0.2006,0.4,36.3163,False,fuzzy_logic_fixed_snr,36.2848,0.999
60,v2,v1,20.0,10.44,0.0,0.6,0.0522,0.0,17.9626,False,fuzzy_logic_fixed_snr,17.9333,0.998
60,v2,v6,20.0,30.0,20.0,0.6,0.15,0.4,16.5686,True,fuzzy_logic_fixed_snr,2.9369,0.9545
60,v3,v4,20.0,10.44,20.0,0.6,0.0522,0.4,17.4855,True,fuzzy_logic_fixed_snr,2.94,0.9504
60,v3,v8,20.0,60.07,30.0,0.6,0.3004,0.6,15.8406,True,fuzzy_logic_fixed_snr,2.9312,0.9504
60,v3,v12,20.0,110.04,10.0,0.6,0.5502,0.2,15.6159,True,fuzzy_logic_fixed_snr,2.9347,0.9494
60,v3,v7,20.0,130.0,30.0,0.6,0.65,0.6,15.1701,True,fuzzy_logic_fixed_snr,2.9297,0.95
60,v3,v11,20.0,150.0,20.0,0.6,0.75,0.4,15.1707,True,fuzzy_logic_fixed_snr,2.9281,0.949
60,v4,v3,40.0,10.44,20.0,1.0,0.0522,0.4,37.4855,False,fuzzy_logic_fixed_snr,37.4567,1.0
60,v4,v8,40.0,50.0,10.0,1.0,0.25,0.2,36.301,False,fuzzy_logic_fixed_snr,36.2767,0.999
60,v4,v12,40.0,100.0,30.0,1.0,0.5,0.6,35.3979,True,fuzzy_logic_fixed_snr,2.9564,0.9523
60,v4,v7,40.0,120.04,10.0,1.0,0.6002,0.2,35.5403,False,fuzzy_logic_fixed_snr,35.5081,0.998
60,v4,v11,40.0,140.03,0.0,1.0,0.7002,0.0,35.7075,False,fuzzy_logic_fixed_snr,35.6902,0.999
61,v1,v2,40.0,10.44,0.0,1.0,0.0522,0.0,37.9626,False,fuzzy_logic_fixed_snr,37.9233,1.0
61,v1,v6,40.0,60.07,0.0,1.0,0.3004,0.0,36.4426,False,fuzzy_logic_fixed_snr,36.4129,0.999
61,v2,v1,20.0,10.44,0.0,0.6,0.0522,0.0,17.9626,False,fuzzy_logic_fixed_snr,17.9329,0.9951
61,v2,v6,20.0,50.0,0.0,0.6,0.25,0.0,16.6021,False,fuzzy_logic_fixed_snr,16.564,0.998
61,v3,v4,20.0,10.44,10.0,0.6,0.0522,0.2,17.6615,False,fuzzy_logic_fixed_snr,17.6341,0.9961
61,v3,v8,20.0,30.15,10.0,0.6,0.1507,0.2,16.7404,False,fuzzy_logic_fixed_snr,16.7214,0.9961
61,v3,v7,20.0,100.0,0.0,0.6,0.5,0.0,16.0,True,fuzzy_logic_fixed_snr,2.9324,0.9494
61,v3,v12,20.0,120.04,40.0,0.6,0.6002,0.8,15.1424,True,fuzzy_logic_fixed_snr,2.926,0.951
61,v3,v11,20.0,130.0,0.0,0.6,0.65,0.0,15.7721,True,fuzzy_logic_fixed_snr,2.9335,0.9504
61,v4,v3,40.0,10.44,10.0,1.0,0.0522,0.2,37.6615,False,fuzzy_logic_fixed_snr,37.6407,0.999
61,v4,v8,40.0,40.0,0.0,1.0,0.2,0.0,36.7959,False,fuzzy_logic_fixed_snr,36.7807,0.999
61,v4,v7,40.0,110.04,10.0,1.0,0.5502,0.2,35.6159,False,fuzzy_logic_fixed_snr,35.5849,1.0
61,v4,v12,40.0,130.0,30.0,1.0,0.65,0.6,35.1701,True,fuzzy_logic_fixed_snr,2.957,0.952
61,v4,v11,40.0,140.03,10.0,1.0,0.7002,0.2,35.4065,False,fuzzy_logic_fixed_snr,35.3819,0.999
62,v1,v2,40.0,10.44,30.0,1.0,0.0522,0.6,37.3605,False,fuzzy_logic_fixed_snr,37.3424,1.0
62,v1,v6,40.0,60.07,0.0,1.0,0.3004,0.0,36.4426,False,fuzzy_logic_fixed_snr,36.4065,0.998
62,v2,v1,20.0,10.44,30.0,0.6,0.0522,0.6,17.3605,True,fuzzy_logic_fixed_snr,2.9419,0.951
62,v2,v6,20.0,50.0,30.0,0.6,0.25,0.6,16.0,True,fuzzy_logic_fixed_snr,2.9319,0.951
62,v3,v4,20.0,3.0,10.0,0.6,0.015,0.2,18.7447,False,fuzzy_logic_fixed_snr,18.7058,0.9971
62,v3,v8,20.0,40.11,10.0,0.6,0.2006,0.2,16.4924,False,fuzzy_logic_fixed_snr,16.4711,0.9971
62,v3,v7,20.0,100.0,10.0,0.6,0.5,0.2,15.699,True,fuzzy_logic_fixed_snr,2.9331,0.9514
62,v3,v11,20.0,130.0,10.0,0.6,0.65,0.2,15.4711,True,fuzzy_logic_fixed_snr,2.9294,0.9461
62,v3,v12,20.0,160.03,20.0,0.6,0.8001,0.4,15.1145,True,fuzzy_logic_fixed_snr,2.9281,0.9498
62,v4,v3,40.0,3.0,10.0,1.0,0.015,0.2,38.7447,False,fuzzy_logic_fixed_snr,38.7049,0.999
62,v4,v8,40.0,40.0,20.0,1.0,0.2,0.4,36.3188,False,fuzzy_logic_fixed_snr,36.2868,1.0
62,v4,v7,40.0,100.04,0.0,1.0,0.5002,0.0,35.9996,False,fuzzy_logic_fixed_snr,35.9765,0.998
62,v4,v11,40.0,130.03,0.0,1.0,0.6502,0.0,35.7719,False,fuzzy_logic_fixed_snr,35.7394,0.998
62,v4,v12,40.0,160.0,10.0,1.0,0.8,0.2,35.2907,True,fuzzy_logic_fixed_snr,2.9562,0.9514
63,v1,v2,40.0,20.22,40.0,1.0,0.1011,0.8,36.6893,True,fuzzy_logic_fixed_snr,2.9566,0.9514
63,v1,v6,40.0,60.07,30.0,1.0,0.3004,0.6,35.8406,False,fuzzy_logic_fixed_snr,35.8183,1.0
63,v2,v1,20.0,20.22,40.0,0.6,0.1011,0.8,16.6893,True,fuzzy_logic_fixed_snr,2.9373,0.9523
63,v2,v6,20.0,80.0,10.0,0.6,0.4,0.2,15.8928,True,fuzzy_logic_fixed_snr,2.9325,0.95
63,v3,v4,20.0,10.44,10.0,0.6,0.0522,0.2,17.6615,False,fuzzy_logic_fixed_snr,17.6302,0.9961
63,v3,v8,20.0,50.09,20.0,0.6,0.2504,0.4,16.1234,True,fuzzy_logic_fixed_snr,2.9336,0.9578
63,v3,v7,20.0,90.0,10.0,0.6,0.45,0.2,15.7905,True,fuzzy_logic_fixed_snr,2.932,0.9484
63,v3,v11,20.0,120.0,10.0,0.6,0.6,0.2,15.5406,True,fuzzy_logic_fixed_snr,2.9321,0.9504
63,v3,v12,20.0,140.03,0.0,0.6,0.7002,0.0,15.7075,True,fuzzy_logic_fixed_snr,2.9321,0.9539
63,v4,v3,40.0,10.44,10.0,1.0,0.0522,0.2,37.6615,False,fuzzy_logic_fixed_snr,37.6398,0.998
63,v4,v8,40.0,60.0,30.0,1.0,0.3,0.6,35.8416,False,fuzzy_logic_fixed_snr,35.8111,1.0
63,v4,v7,40.0,100.04,0.0,1.0,0.5002,0.0,35.9996,False,fuzzy_logic_fixed_snr,35.9786,0.999
63,v4,v11,40.0,130.03,20.0,1.0,0.6502,0.4,35.2948,True,fuzzy_logic_fixed_snr,2.9564,0.9543
63,v4,v12,40.0,150.0,10.0,1.0,0.75,0.2,35.3468,False,fuzzy_logic_fixed_snr,35.3285,1.0
64,v1,v6,40.0,30.15,10.0,1.0,0.1507,0.2,36.7404,False,fuzzy_logic_fixed_snr,36.7158,1.0
64,v1,v2,40.0,60.07,20.0,1.0,0.3004,0.4,35.9655,False,fuzzy_logic_fixed_snr,35.9544,1.0
64,v2,v1,20.0,60.07,20.0,0.6,0.3004,0.4,15.9655,True,fuzzy_logic_fixed_snr,2.9322,0.9494
64,v2,v6,20.0,90.0,10.0,0.6,0.45,0.2,15.7905,True,fuzzy_logic_fixed_snr,2.9331,0.952
64,v3,v4,20.0,20.22,10.0,0.6,0.1011,0.2,17.0872,False,fuzzy_logic_fixed_snr,17.0523,0.9951
64,v3,v8,20.0,70.06,10.0,0.6,0.3503,0.2,16.008,True,fuzzy_logic_fixed_snr,2.9343,0.9549
64,v3,v7,20.0,80.0,0.0,0.6,0.4,0.0,16.1938,True,fuzzy_logic_fixed_snr,2.9339,0.9529
64,v3,v11,20.0,130.0,20.0,0.6,0.65,0.4,15.295,True,fuzzy_logic_fixed_snr,2.9291,0.9504
64,v3,v12,20.0,140.03,10.0,0.6,0.7002,0.2,15.4065,True,fuzzy_logic_fixed_snr,2.9307,0.9514
64,v4,v3,40.0,20.22,10.0,1.0,0.1011,0.2,37.0872,False,fuzzy_logic_fixed_snr,37.0532,0.999
64,v4,v8,40.0,90.0,20.0,1.0,0.45,0.4,35.6144,False,fuzzy_logic_fixed_snr,35.5856,1.0
64,v4,v7,40.0,100.04,10.0,1.0,0.5002,0.2,35.6986,False,fuzzy_logic_fixed_snr,35.6662,0.999
64,v4,v11,40.0,150.03,30.0,1.0,0.7501,0.6,35.0456,True,fuzzy_logic_fixed_snr,2.9564,0.9539
64,v4,v12,40.0,160.0,20.0,1.0,0.8,0.4,35.1146,True,fuzzy_logic_fixed_snr,2.9566,0.9523
65,v1,v6,40.0,20.22,10.0,1.0,0.1011,0.2,37.0872,False,fuzzy_logic_fixed_snr,37.0601,0.999
65,v1,v2,40.0,80.06,20.0,1.0,0.4003,0.4,35.7161,False,fuzzy_logic_fixed_snr,35.689,0.999
65,v2,v1,20.0,80.06,20.0,0.6,0.4003,0.4,15.7161,True,fuzzy_logic_fixed_snr,2.93,0.9455
65,v2,v6,20.0,100.0,30.0,0.6,0.5,0.6,15.3979,True,fuzzy_logic_fixed_snr,2.9313,0.948
65,v3,v4,20.0,30.15,40.0,0.6,0.1507,0.8,16.3425,True,fuzzy_logic_fixed_snr,2.9362,0.9504
65,v3,v7,20.0,80.0,20.0,0.6,0.4,0.4,15.7167,True,fuzzy_logic_fixed_snr,2.9323,0.9563
65,v3,v8,20.0,80.06,30.0,0.6,0.4003,0.6,15.5911,True,fuzzy_logic_fixed_snr,2.9338,0.9553
65,v3,v11,20.0,150.0,30.0,0.6,0.75,0.6,15.0458,True,fuzzy_logic_fixed_snr,2.9271,0.9539
65,v3,v12,20.0,150.03,30.0,0.6,0.7501,0.6,15.0456,True,fuzzy_logic_fixed_snr,2.9291,0.95
65,v4,v3,40.0,30.15,40.0,1.0,0.1507,0.8,36.3425,True,fuzzy_logic_fixed_snr,2.9568,0.9514
65,v4,v8,40.0,110.0,10.0,1.0,0.55,0.2,35.6162,False,fuzzy_logic_fixed_snr,35.5905,0.999
65,v4,v7,40.0,110.04,20.0,1.0,0.5502,0.4,35.4398,False,fuzzy_logic_fixed_snr,35.4119,1.0
65,v4,v12,40.0,180.0,10.0,1.0,0.9,0.2,35.1884,True,fuzzy_logic_fixed_snr,2.9564,0.9514
65,v4,v11,40.0,180.02,10.0,1.0,0.9001,0.2,35.1883,True,fuzzy_logic_fixed_snr,2.9568,0.9523
66,v1,v6,40.0,10.44,20.0,1.0,0.0522,0.4,37.4855,False,fuzzy_logic_fixed_snr,37.4525,0.999
66,v1,v2,40.0,60.07,20.0,1.0,0.3004,0.4,35.9655,False,fuzzy_logic_fixed_snr,35.9362,1.0
66,v2,v1,20.0,60.07,20.0,0.6,0.3004,0.4,15.9655,True,fuzzy_logic_fixed_snr,2.9331,0.9549
66,v2,v6,20.0,70.0,0.0,0.6,0.35,0.0,16.3098,True,fuzzy_logic_fixed_snr,2.9367,0.948
66,v3,v4,20.0,10.44,10.0,0.6,0.0522,0.2,17.6615,False,fuzzy_logic_fixed_snr,17.6451,0.9941
66,v3,v7,20.0,100.0,20.0,0.6,0.5,0.4,15.5229,True,fuzzy_logic_fixed_snr,2.9282,0.95
66,v3,v8,20.0,110.04,0.0,0.6,0.5502,0.0,15.9169,True,fuzzy_logic_fixed_snr,2.9339,0.9574
66,v3,v11,20.0,180.0,30.0,0.6,0.9,0.6,14.8874,True,fuzzy_logic_fixed_snr,2.9278,0.952
66,v3,v12,20.0,180.02,10.0,0.6,0.9001,0.2,15.1883,True,fuzzy_logic_fixed_snr,2.9275,0.9553
66,v4,v3,40.0,10.44,10.0,1.0,0.0522,0.2,37.6615,False,fuzzy_logic_fixed_snr,37.6291,0.999
66,v4,v7,40.0,90.05,30.0,1.0,0.4502,0.6,35.489,True,fuzzy_logic_fixed_snr,2.9569,0.9514
66,v4,v8,40.0,100.0,10.0,1.0,0.5,0.2,35.699,False,fuzzy_logic_fixed_snr,35.6679,0.998
66,v4,v12,40.0,170.0,20.0,1.0,0.85,0.4,35.062,True,fuzzy_logic_fixed_snr,2.9564,0.9514
66,v4,v11,40.0,170.03,40.0,1.0,0.8501,0.8,34.84,True,fuzzy_logic_fixed_snr,2.9561,0.9504
67,v1,v6,40.0,30.15,30.0,1.0,0.1507,0.6,36.4394,False,fuzzy_logic_fixed_snr,36.4077,0.999
67,v1,v2,40.0,40.11,30.0,1.0,0.2006,0.6,36.1914,False,fuzzy_logic_fixed_snr,36.1789,0.999
67,v2,v1,20.0,40.11,30.0,0.6,0.2006,0.6,16.1914,True,fuzzy_logic_fixed_snr,2.9365,0.9559
67,v2,v6,20.0,70.0,0.0,0.6,0.35,0.0,16.3098,True,fuzzy_logic_fixed_snr,2.9333,0.952
67,v3,v4,20.0,20.22,10.0,0.6,0.1011,0.2,17.0872,False,fuzzy_logic_fixed_snr,17.0539,0.998
67,v3,v7,20.0,80.0,40.0,0.6,0.4,0.8,15.4949,True,fuzzy_logic_fixed_snr,2.9318,0.9559
67,v3,v8,20.0,110.04,20.0,0.6,0.5502,0.4,15.4398,True,fuzzy_logic_fixed_snr,2.929,0.9549
67,v3,v11,20.0,150.0,0.0,0.6,0.75,0.0,15.6478,True,fuzzy_logic_fixed_snr,2.9307,0.9461
67,v3,v12,20.0,170.03,20.0,0.6,0.8501,0.4,15.0618,True,fuzzy_logic_fixed_snr,2.9258,0.9461
67,v4,v3,40.0,20.22,10.0,1.0,0.1011,0.2,37.0872,False,fuzzy_logic_fixed_snr,37.0752,0.999
67,v4,v7,40.0,60.07,30.0,1.0,0.3004,0.6,35.8406,False,fuzzy_logic_fixed_snr,35.8112,1.0
67,v4,v8,40.0,90.0,10.0,1.0,0.45,0.2,35.7905,False,fuzzy_logic_fixed_snr,35.7636,0.999
67,v4,v11,40.0,130.03,10.0,1.0,0.6502,0.2,35.4709,False,fuzzy_logic_fixed_snr,35.4302,0.998
67,v4,v12,40.0,150.0,10.0,1.0,0.75,0.2,35.3468,False,fuzzy_logic_fixed_snr,35.3137,0.999
68,v1,v6,40.0,3.0,40.0,1.0,0.015,0.8,38.3468,True,fuzzy_logic_fixed_snr,2.9563,0.9514
68,v1,v2,40.0,70.06,10.0,1.0,0.3503,0.2,36.008,False,fuzzy_logic_fixed_snr,35.9792,1.0
68,v1,v13,40.0,180.0,30.0,1.0,0.9,0.6,34.8874,True,fuzzy_logic_fixed_snr,2.9562,0.9523
68,v2,v6,20.0,70.0,30.0,0.6,0.35,0.6,15.7077,True,fuzzy_logic_fixed_snr,2.9341,0.9549
68,v2,v1,20.0,70.06,10.0,0.6,0.3503,0.2,16.008,True,fuzzy_logic_fixed_snr,2.9331,0.9529
68,v3,v4,20.0,10.44,30.0,0.6,0.0522,0.6,17.3605,True,fuzzy_logic_fixed_snr,2.9388,0.95
68,v3,v7,20.0,40.0,10.0,0.6,0.2,0.2,16.4949,False,fuzzy_logic_fixed_snr,16.4667,0.998
68,v3,v8,20.0,90.05,10.0,0.6,0.4502,0.2,15.79,True,fuzzy_logic_fixed_snr,2.9324,0.9451
68,v3,v11,20.0,150.0,0.0,0.6,0.75,0.0,15.6478,True,fuzzy_logic_fixed_snr,2.9304,0.9539
68,v3,v12,20.0,150.03,10.0,0.6,0.7501,0.2,15.3466,True,fuzzy_logic_fixed_snr,2.9286,0.9529
68,v4,v3,40.0,10.44,30.0,1.0,0.0522,0.6,37.3605,False,fuzzy_logic_fixed_snr,37.3279,0.999
68,v4,v7,40.0,30.15,20.0,1.0,0.1507,0.4,36.5643,False,fuzzy_logic_fixed_snr,36.5445,1.0
68,v4,v8,40.0,80.0,40.0,1.0,0.4,0.8,35.4949,True,fuzzy_logic_fixed_snr,2.9562,0.9523
68,v4,v12,40.0,140.0,20.0,1.0,0.7,0.4,35.2306,True,fuzzy_logic_fixed_snr,2.9566,0.9504
68,v4,v11,40.0,140.03,30.0,1.0,0.7002,0.6,35.1055,True,fuzzy_logic_fixed_snr,2.9567,0.9504
69,v1,v6,40.0,40.11,30.0,1.0,0.2006,0.6,36.1914,False,fuzzy_logic_fixed_snr,36.1791,0.999
69,v1,v2,40.0,80.06,10.0,1.0,0.4003,0.2,35.8922,False,fuzzy_logic_fixed_snr,35.8668,0.998
69,v1,v13,40.0,150.0,0.0,1.0,0.75,0.0,35.6478,False,fuzzy_logic_fixed_snr,35.6244,0.999
69,v2,v6,20.0,40.0,20.0,0.6,0.2,0.4,16.3188,True,fuzzy_logic_fixed_snr,2.9348,0.951
69,v2,v1,20.0,80.06,10.0,0.6,0.4003,0.2,15.8922,True,fuzzy_logic_fixed_snr,2.9323,0.9514
69,v3,v4,20.0,40.11,30.0,0.6,0.2006,0.6,16.1914,True,fuzzy_logic_fixed_snr,2.9327,0.9475
69,v3,v7,20.0,50.0,20.0,0.6,0.25,0.4,16.1249,True,fuzzy_logic_fixed_snr,2.9336,0.952
69,v3,v8,20.0,80.06,0.0,0.6,0.4003,0.0,16.1932,True,fuzzy_logic_fixed_snr,2.9345,0.9539
69,v3,v11,20.0,150.0,30.0,0.6,0.75,0.6,15.0458,True,fuzzy_logic_fixed_snr,2.9315,0.951
69,v3,v12,20.0,160.03,10.0,0.6,0.8001,0.2,15.2906,True,fuzzy_logic_fixed_snr,2.9302,0.9523
69,v4,v7,40.0,10.44,10.0,1.0,0.0522,0.2,37.6615,False,fuzzy_logic_fixed_snr,37.6368,0.999
69,v4,v8,40.0,40.0,30.0,1.0,0.2,0.6,36.1938,False,fuzzy_logic_fixed_snr,36.17,0.999
69,v4,v3,40.0,40.11,30.0,1.0,0.2006,0.6,36.1914,False,fuzzy_logic_fixed_snr,36.1675,0.999
69,v4,v11,40.0,110.04,0.0,1.0,0.5502,0.0,35.9169,False,fuzzy_logic_fixed_snr,35.8822,1.0
69,v4,v12,40.0,120.0,20.0,1.0,0.6,0.4,35.3645,False,fuzzy_logic_fixed_snr,35.346,0.998
70,v1,v6,40.0,70.06,10.0,1.0,0.3503,0.2,36.008,False,fuzzy_logic_fixed_snr,35.9706,0.999
70,v1,v2,40.0,90.05,0.0,1.0,0.4502,0.0,36.091,False,fuzzy_logic_fixed_snr,36.0599,0.999
70,v1,v13,40.0,150.0,30.0,1.0,0.75,0.6,35.0458,True,fuzzy_logic_fixed_snr,2.9561,0.9533
70,v1,v5,40.0,180.0,30.0,1.0,0.9,0.6,34.8874,True,fuzzy_logic_fixed_snr,2.9566,0.9523
70,v2,v6,20.0,20.0,10.0,0.6,0.1,0.2,17.0969,False,fuzzy_logic_fixed_snr,17.079,0.998
70,v2,v1,20.0,90.05,0.0,0.6,0.4502,0.0,16.091,True,fuzzy_logic_fixed_snr,2.9336,0.9559
70,v3,v7,20.0,70.0,30.0,0.6,0.35,0.6,15.7077,True,fuzzy_logic_fixed_snr,2.9324,0.9523
70,v3,v4,20.0,70.06,10.0,0.6,0.3503,0.2,16.008,True,fuzzy_logic_fixed_snr,2.9337,0.9494
70,v3,v8,20.0,80.06,10.0,0.6,0.4003,0.2,15.8922,True,fuzzy_logic_fixed_snr,2.9324,0.9455
70,v3,v12,20.0,170.03,0.0,0.6,0.8501,0.0,15.539,True,fuzzy_logic_fixed_snr,2.9288,0.9494
70,v3,v11,20.0,180.0,10.0,0.6,0.9,0.2,15.1884,True,fuzzy_logic_fixed_snr,2.93,0.9461
70,v4,v7,40.0,3.0,20.0,1.0,0.015,0.4,38.5686,False,fuzzy_logic_fixed_snr,38.5385,0.999
70,v4,v8,40.0,10.0,0.0,1.0,0.05,0.0,38.0,False,fuzzy_logic_fixed_snr,37.9742,0.999
70,v4,v3,40.0,70.06,10.0,1.0,0.3503,0.2,36.008,False,fuzzy_logic_fixed_snr,35.9695,0.999
70,v4,v12,40.0,100.0,10.0,1.0,0.5,0.2,35.699,False,fuzzy_logic_fixed_snr,35.6802,0.999
70,v4,v11,40.0,110.04,0.0,1.0,0.5502,0.0,35.9169,False,fuzzy_logic_fixed_snr,35.879,0.999
71,v1,v6,40.0,60.07,30.0,1.0,0.3004,0.6,35.8406,False,fuzzy_logic_fixed_snr,35.8114,0.999
71,v1,v2,40.0,90.05,0.0,1.0,0.4502,0.0,36.091,False,fuzzy_logic_fixed_snr,36.0532,1.0
71,v1,v13,40.0,180.0,30.0,1.0,0.9,0.6,34.8874,True,fuzzy_logic_fixed_snr,2.9569,0.9533
71,v2,v6,20.0,30.0,30.0,0.6,0.15,0.6,16.4437,True,fuzzy_logic_fixed_snr,2.9353,0.9539
71,v2,v1,20.0,90.05,0.0,0.6,0.4502,0.0,16.091,True,fuzzy_logic_fixed_snr,2.9332,0.9514
71,v3,v7,20.0,40.0,30.0,0.6,0.2,0.6,16.1938,True,fuzzy_logic_fixed_snr,2.9364,0.9436
71,v3,v4,20.0,60.07,30.0,0.6,0.3004,0.6,15.8406,True,fuzzy_logic_fixed_snr,2.9332,0.949
71,v3,v8,20.0,70.06,0.0,0.6,0.3503,0.0,16.309,True,fuzzy_logic_fixed_snr,2.9335,0.9516
71,v3,v11,20.0,170.0,20.0,0.6,0.85,0.4,15.062,True,fuzzy_logic_fixed_snr,2.9288,0.9588
71,v3,v12,20.0,170.03,30.0,0.6,0.8501,0.6,14.9369,True,fuzzy_logic_fixed_snr,2.9258,0.949
71,v4,v8,40.0,10.0,30.0,1.0,0.05,0.6,37.3979,False,fuzzy_logic_fixed_snr,37.3637,0.999
71,v4,v7,40.0,20.22,0.0,1.0,0.1011,0.0,37.3883,False,fuzzy_logic_fixed_snr,37.3511,0.998
71,v4,v3,40.0,60.07,30.0,1.0,0.3004,0.6,35.8406,False,fuzzy_logic_fixed_snr,35.8145,0.998
71,v4,v12,40.0,110.0,0.0,1.0,0.55,0.0,35.9172,False,fuzzy_logic_fixed_snr,35.8856,0.999
71,v4,v11,40.0,110.04,10.0,1.0,0.5502,0.2,35.6159,False,fuzzy_logic_fixed_snr,35.6012,1.0
72,v1,v2,40.0,90.05,0.0,1.0,0.4502,0.0,36.091,False,fuzzy_logic_fixed_snr,36.0606,0.999
72,v1,v6,40.0,90.05,10.0,1.0,0.4502,0.2,35.79,False,fuzzy_logic_fixed_snr,35.765,0.998
72,v1,v13,40.0,150.0,10.0,1.0,0.75,0.2,35.3468,False,fuzzy_logic_fixed_snr,35.3198,1.0
72,v2,v6,20.0,0.0,10.0,0.6,0.0,0.2,21.699,False,fuzzy_logic_fixed_snr,21.6653,0.998
72,v2,v1,20.0,90.05,0.0,0.6,0.4502,0.0,16.091,True,fuzzy_logic_fixed_snr,2.9345,0.9504
72,v3,v7,20.0,70.0,30.0,0.6,0.35,0.6,15.7077,True,fuzzy_logic_fixed_snr,2.9321,0.9514
72,v3,v8,20.0,70.06,10.0,0.6,0.3503,0.2,16.008,True,fuzzy_logic_fixed_snr,2.9341,0.9543
72,v3,v4,20.0,90.05,10.0,0.6,0.4502,0.2,15.79,True,fuzzy_logic_fixed_snr,2.9321,0.9523
72,v3,v11,20.0,190.0,10.0,0.6,0.95,0.2,15.1415,True,fuzzy_logic_fixed_snr,2.9285,0.952
72,v4,v8,40.0,20.0,20.0,1.0,0.1,0.4,36.9208,False,fuzzy_logic_fixed_snr,36.8898,0.999
72,v4,v7,40.0,20.22,40.0,1.0,0.1011,0.8,36.6893,True,fuzzy_logic_fixed_snr,2.9562,0.9514
72,v4,v3,40.0,90.05,10.0,1.0,0.4502,0.2,35.79,False,fuzzy_logic_fixed_snr,35.7542,0.998
72,v4,v11,40.0,100.04,20.0,1.0,0.5002,0.4,35.5225,False,fuzzy_logic_fixed_snr,35.4913,0.999
72,v4,v12,40.0,110.0,0.0,1.0,0.55,0.0,35.9172,False,fuzzy_logic_fixed_snr,35.8853,0.998
73,v1,v2,40.0,90.05,0.0,1.0,0.4502,0.0,36.091,False,fuzzy_logic_fixed_snr,36.0588,0.999
73,v1,v6,40.0,100.04,30.0,1.0,0.5002,0.6,35.3975,True,fuzzy_logic_fixed_snr,2.9572,0.9533
73,v1,v13,40.0,140.0,40.0,1.0,0.7,0.8,35.0088,True,fuzzy_logic_fixed_snr,2.9572,0.9514
73,v1,v5,40.0,200.0,0.0,1.0,1.0,0.0,35.3979,True,fuzzy_logic_fixed_snr,2.9563,0.9494
73,v2,v6,20.0,10.0,30.0,0.6,0.05,0.6,17.3979,True,fuzzy_logic_fixed_snr,2.941,0.9529
73,v2,v1,20.0,90.05,0.0,0.6,0.4502,0.0,16.091,True,fuzzy_logic_fixed_snr,2.9339,0.9514
73,v3,v7,20.0,40.0,40.0,0.6,0.2,0.8,16.0969,True,fuzzy_logic_fixed_snr,2.9342,0.9559
73,v3,v8,20.0,60.07,0.0,0.6,0.3004,0.0,16.4426,True,fuzzy_logic_fixed_snr,2.9353,0.9559
73,v3,v4,20.0,100.04,30.0,0.6,0.5002,0.6,15.3975,True,fuzzy_logic_fixed_snr,2.9304,0.9523
73,v3,v11,20.0,180.0,30.0,0.6,0.9,0.6,14.8874,True,fuzzy_logic_fixed_snr,2.925,0.9529
73,v4,v8,40.0,40.0,30.0,1.0,0.2,0.6,36.1938,False,fuzzy_logic_fixed_snr,36.1646,1.0
73,v4,v7,40.0,60.07,10.0,1.0,0.3004,0.2,36.1416,False,fuzzy_logic_fixed_snr,36.1118,0.999
73,v4,v11,40.0,80.06,0.0,1.0,0.4003,0.0,36.1932,False,fuzzy_logic_fixed_snr,36.1777,1.0
73,v4,v3,40.0,100.04,30.0,1.0,0.5002,0.6,35.3975,True,fuzzy_logic_fixed_snr,2.9567,0.9514
73,v4,v12,40.0,110.0,30.0,1.0,0.55,0.6,35.3152,True,fuzzy_logic_fixed_snr,2.9563,0.9504
74,v1,v6,40.0,70.06,10.0,1.0,0.3503,0.2,36.008,False,fuzzy_logic_fixed_snr,35.9741,1.0
74,v1,v2,40.0,90.05,20.0,1.0,0.4502,0.4,35.6139,False,fuzzy_logic_fixed_snr,35.588,1.0
74,v1,v13,40.0,180.0,40.0,1.0,0.9,0.8,34.7905,True,fuzzy_logic_fixed_snr,2.9562,0.9514
74,v1,v5,40.0,200.0,0.0,1.0,1.0,0.0,35.3979,True,fuzzy_logic_fixed_snr,2.9564,0.9504
74,v2,v6,20.0,20.0,10.0,0.6,0.1,0.2,17.0969,False,fuzzy_logic_fixed_snr,17.0693,0.9971
74,v2,v1,20.0,90.05,20.0,0.6,0.4502,0.4,15.6139,True,fuzzy_logic_fixed_snr,2.9308,0.9494
74,v3,v7,20.0,0.0,20.0,0.6,0.0,0.4,21.5229,True,fuzzy_logic_fixed_snr,2.9505,0.9568
74,v3,v8,20.0,60.07,0.0,0.6,0.3004,0.0,16.4426,True,fuzzy_logic_fixed_snr,2.9367,0.951
74,v3,v4,20.0,70.06,30.0,0.6,0.3503,0.6,15.7069,True,fuzzy_logic_fixed_snr,2.9315,0.9559
74,v3,v11,20.0,150.0,20.0,0.6,0.75,0.4,15.1707,True,fuzzy_logic_fixed_snr,2.9308,0.9498
74,v4,v8,40.0,10.0,30.0,1.0,0.05,0.6,37.3979,False,fuzzy_logic_fixed_snr,37.3772,1.0
74,v4,v3,40.0,70.06,30.0,1.0,0.3503,0.6,35.7069,False,fuzzy_logic_fixed_snr,35.6786,0.999
74,v4,v7,40.0,70.06,10.0,1.0,0.3503,0.2,36.008,False,fuzzy_logic_fixed_snr,35.9784,0.999
74,v4,v11,40.0,80.06,10.0,1.0,0.4003,0.2,35.8922,False,fuzzy_logic_fixed_snr,35.8665,1.0
74,v4,v12,40.0,140.0,20.0,1.0,0.7,0.4,35.2306,True,fuzzy_logic_fixed_snr,2.9564,0.9543
75,v1,v6,40.0,80.06,10.0,1.0,0.4003,0.2,35.8922,False,fuzzy_logic_fixed_snr,35.8613,0.999
75,v1,v2,40.0,110.04,40.0,1.0,0.5502,0.8,35.2179,True,fuzzy_logic_fixed_snr,2.9566,0.9533
75,v1,v13,40.0,140.0,20.0,1.0,0.7,0.4,35.2306,True,fuzzy_logic_fixed_snr,2.9572,0.9514
75,v1,v14,40.0,170.03,30.0,1.0,0.8501,0.6,34.9369,True,fuzzy_logic_fixed_snr,2.9569,0.9494
75,v1,v5,40.0,200.0,30.0,1.0,1.0,0.6,34.7959,True,fuzzy_logic_fixed_snr,2.9565,0.9494
75,v2,v6,20.0,30.0,30.0,0.6,0.15,0.6,16.4437,True,fuzzy_logic_fixed_snr,2.9356,0.95
75,v2,v1,20.0,110.04,40.0,0.6,0.5502,0.8,15.2179,True,fuzzy_logic_fixed_snr,2.93,0.9455
75,v3,v7,20.0,20.0,20.0,0.6,0.1,0.4,16.9208,True,fuzzy_logic_fixed_snr,2.9387,0.9598
75,v3,v8,20.0,60.07,10.0,0.6,0.3004,0.2,16.1416,True,fuzzy_logic_fixed_snr,2.9343,0.9514
75,v3,v4,20.0,100.04,20.0,0.6,0.5002,0.4,15.5225,True,fuzzy_logic_fixed_snr,2.9314,0.9486
75,v3,v11,20.0,170.0,20.0,0.6,0.85,0.4,15.062,True,fuzzy_logic_fixed_snr,2.9265,0.9533
75,v4,v8,40.0,40.0,10.0,1.0,0.2,0.2,36.4949,False,fuzzy_logic_fixed_snr,36.4683,0.999
75,v4,v11,40.0,70.06,0.0,1.0,0.3503,0.0,36.309,False,fuzzy_logic_fixed_snr,36.278,1.0
75,v4,v7,40.0,80.06,0.0,1.0,0.4003,0.0,36.1932,False,fuzzy_logic_fixed_snr,36.1683,0.999
75,v4,v3,40.0,100.04,20.0,1.0,0.5002,0.4,35.5225,False,fuzzy_logic_fixed_snr,35.4893,0.999
75,v4,v12,40.0,120.0,30.0,1.0,0.6,0.6,35.2396,True,fuzzy_logic_fixed_snr,2.9567,0.9514
76,v1,v6,40.0,90.05,20.0,1.0,0.4502,0.4,35.6139,False,fuzzy_logic_fixed_snr,35.5917,1.0
76,v1,v13,40.0,120.0,20.0,1.0,0.6,0.4,35.3645,False,fuzzy_logic_fixed_snr,35.3394,0.999
76,v1,v14,40.0,140.03,0.0,1.0,0.7002,0.0,35.7075,False,fuzzy_logic_fixed_snr,35.6794,0.999
76,v1,v2,40.0,150.03,0.0,1.0,0.7501,0.0,35.6476,False,fuzzy_logic_fixed_snr,35.6197,1.0
76,v1,v5,40.0,170.0,0.0,1.0,0.85,0.0,35.5391,True,fuzzy_logic_fixed_snr,2.9561,0.9533
76,v2,v6,20.0,60.0,20.0,0.6,0.3,0.4,15.9666,True,fuzzy_logic_fixed_snr,2.9341,0.9529
76,v2,v1,20.0,150.03,0.0,0.6,0.7501,0.0,15.6476,True,fuzzy_logic_fixed_snr,2.9318,0.9533
76,v3,v7,20.0,0.0,10.0,0.6,0.0,0.2,21.699,False,fuzzy_logic_fixed_snr,21.6703,0.998
76,v3,v8,20.0,50.09,40.0,0.6,0.2504,0.8,15.9015,True,fuzzy_logic_fixed_snr,2.9339,0.951
76,v3,v4,20.0,80.06,30.0,0.6,0.4003,0.6,15.5911,True,fuzzy_logic_fixed_snr,2.9309,0.9523
76,v3,v11,20.0,150.0,40.0,0.6,0.75,0.8,14.9488,True,fuzzy_logic_fixed_snr,2.9263,0.9494
76,v4,v8,40.0,30.0,10.0,1.0,0.15,0.2,36.7447,False,fuzzy_logic_fixed_snr,36.7078,1.0
76,v4,v11,40.0,70.06,10.0,1.0,0.3503,0.2,36.008,False,fuzzy_logic_fixed_snr,35.9821,1.0
76,v4,v3,40.0,80.06,30.0,1.0,0.4003,0.6,35.5911,False,fuzzy_logic_fixed_snr,35.5542,1.0
76,v4,v7,40.0,80.06,20.0,1.0,0.4003,0.4,35.7161,False,fuzzy_logic_fixed_snr,35.6907,0.999
76,v4,v12,40.0,150.0,10.0,1.0,0.75,0.2,35.3468,False,fuzzy_logic_fixed_snr,35.3206,0.998
77,v1,v13,40.0,100.0,0.0,1.0,0.5,0.0,36.0,False,fuzzy_logic_fixed_snr,35.9782,1.0
77,v1,v6,40.0,110.04,10.0,1.0,0.5502,0.2,35.6159,False,fuzzy_logic_fixed_snr,35.5969,1.0
77,v1,v14,40.0,140.03,20.0,1.0,0.7002,0.4,35.2304,True,fuzzy_logic_fixed_snr,2.9565,0.9514
77,v1,v2,40.0,150.03,0.0,1.0,0.7501,0.0,35.6476,False,fuzzy_logic_fixed_snr,35.6253,0.999
77,v1,v5,40.0,170.0,20.0,1.0,0.85,0.4,35.062,True,fuzzy_logic_fixed_snr,2.9564,0.9494
77,v2,v6,20.0,40.0,10.0,0.6,0.2,0.2,16.4949,False,fuzzy_logic_fixed_snr,16.4572,0.998
77,v2,v1,20.0,150.03,0.0,0.6,0.7501,0.0,15.6476,True,fuzzy_logic_fixed_snr,2.932,0.9504
77,v3,v7,20.0,10.0,10.0,0.6,0.05,0.2,17.699,False,fuzzy_logic_fixed_snr,17.6741,0.998
77,v3,v8,20.0,10.44,30.0,0.6,0.0522,0.6,17.3605,True,fuzzy_logic_fixed_snr,2.9405,0.9514
77,v3,v4,20.0,50.09,40.0,0.6,0.2504,0.8,15.9015,True,fuzzy_logic_fixed_snr,2.9322,0.9484
77,v3,v11,20.0,110.0,20.0,0.6,0.55,0.4,15.4401,True,fuzzy_logic_fixed_snr,2.9307,0.9475
77,v3,v12,20.0,190.02,40.0,0.6,0.9501,0.8,14.7434,True,fuzzy_logic_fixed_snr,2.9253,0.9467
77,v4,v8,40.0,40.0,10.0,1.0,0.2,0.2,36.4949,False,fuzzy_logic_fixed_snr,36.4656,0.998
77,v4,v3,40.0,50.09,40.0,1.0,0.2504,0.8,35.9015,True,fuzzy_logic_fixed_snr,2.9565,0.9494
77,v4,v7,40.0,60.07,30.0,1.0,0.3004,0.6,35.8406,False,fuzzy_logic_fixed_snr,35.8119,1.0
77,v4,v11,40.0,60.07,20.0,1.0,0.3004,0.4,35.9655,False,fuzzy_logic_fixed_snr,35.9494,0.999
77,v4,v12,40.0,140.0,0.0,1.0,0.7,0.0,35.7077,False,fuzzy_logic_fixed_snr,35.6787,0.999
78,v1,v13,40.0,100.0,30.0,1.0,0.5,0.6,35.3979,True,fuzzy_logic_fixed_snr,2.9564,0.9514
78,v1,v6,40.0,100.04,40.0,1.0,0.5002,0.8,35.3006,True,fuzzy_logic_fixed_snr,2.9564,0.9504
78,v1,v5,40.0,150.0,20.0,1.0,0.75,0.4,35.1707,True,fuzzy_logic_fixed_snr,2.9562,0.9523
78,v1,v2,40.0,150.03,0.0,1.0,0.7501,0.0,35.6476,False,fuzzy_logic_fixed_snr,35.6194,0.998
78,v1,v14,40.0,160.03,30.0,1.0,0.8001,0.6,34.9895,True,fuzzy_logic_fixed_snr,2.9556,0.9504
78,v2,v6,20.0,50.0,40.0,0.6,0.25,0.8,15.9031,True,fuzzy_logic_fixed_snr,2.9337,0.9514
78,v2,v1,20.0,150.03,0.0,0.6,0.7501,0.0,15.6476,True,fuzzy_logic_fixed_snr,2.9334,0.9549
78,v3,v4,20.0,10.44,40.0,0.6,0.0522,0.8,17.2636,True,fuzzy_logic_fixed_snr,2.9392,0.9529
78,v3,v7,20.0,20.0,10.0,0.6,0.1,0.2,17.0969,False,fuzzy_logic_fixed_snr,17.0722,0.9961
78,v3,v8,20.0,20.22,20.0,0.6,0.1011,0.4,16.9112,True,fuzzy_logic_fixed_snr,2.9383,0.9523
78,v3,v11,20.0,90.0,20.0,0.6,0.45,0.4,15.6144,True,fuzzy_logic_fixed_snr,2.9318,0.9504
78,v3,v12,20.0,150.03,0.0,0.6,0.7501,0.0,15.6476,True,fuzzy_logic_fixed_snr,2.931,0.9523
78,v4,v3,40.0,10.44,40.0,1.0,0.0522,0.8,37.2636,True,fuzzy_logic_fixed_snr,2.9564,0.9523
78,v4,v8,40.0,30.0,20.0,1.0,0.15,0.4,36.5686,False,fuzzy_logic_fixed_snr,36.5386,0.999
78,v4,v7,40.0,30.15,30.0,1.0,0.1507,0.6,36.4394,False,fuzzy_logic_fixed_snr,36.4043,1.0
78,v4,v11,40.0,80.06,20.0,1.0,0.4003,0.4,35.7161,False,fuzzy_logic_fixed_snr,35.6966,0.999
78,v4,v12,40.0,140.0,40.0,1.0,0.7,0.8,35.0088,True,fuzzy_logic_fixed_snr,2.956,0.9523
79,v1,v6,40.0,60.07,20.0,1.0,0.3004,0.4,35.9655,False,fuzzy_logic_fixed_snr,35.9578,1.0
79,v1,v13,40.0,130.0,40.0,1.0,0.65,0.8,35.0731,True,fuzzy_logic_fixed_snr,2.9566,0.9533
79,v1,v2,40.0,150.03,30.0,1.0,0.7501,0.6,35.0456,True,fuzzy_logic_fixed_snr,2.9565,0.9533
79,v1,v5,40.0,170.0,10.0,1.0,0.85,0.2,35.2381,True,fuzzy_logic_fixed_snr,2.9562,0.9504
79,v1,v14,40.0,190.02,40.0,1.0,0.9501,0.8,34.7434,True,fuzzy_logic_fixed_snr,2.9574,0.9523
79,v2,v6,20.0,90.0,10.0,0.6,0.45,0.2,15.7905,True,fuzzy_logic_fixed_snr,2.9311,0.9539
79,v2,v1,20.0,150.03,30.0,0.6,0.7501,0.6,15.0456,True,fuzzy_logic_fixed_snr,2.9279,0.9504
79,v3,v7,20.0,30.0,20.0,0.6,0.15,0.4,16.5686,True,fuzzy_logic_fixed_snr,2.936,0.9523
79,v3,v4,20.0,30.15,0.0,0.6,0.1507,0.0,17.0414,False,fuzzy_logic_fixed_snr,17.0312,0.9951
79,v3,v8,20.0,40.11,10.0,0.6,0.2006,0.2,16.4924,False,fuzzy_logic_fixed_snr,16.4614,0.9961
79,v3,v11,20.0,70.0,10.0,0.6,0.35,0.2,16.0088,True,fuzzy_logic_fixed_snr,2.9302,0.95
79,v3,v15,20.0,140.0,20.0,0.6,0.7,0.4,15.2306,True,fuzzy_logic_fixed_snr,2.9295,0.9529
79,v4,v7,40.0,3.0,20.0,1.0,0.015,0.4,38.5686,False,fuzzy_logic_fixed_snr,38.5316,1.0
79,v4,v8,40.0,10.0,10.0,1.0,0.05,0.2,37.699,False,fuzzy_logic_fixed_snr,37.6711,1.0
79,v4,v3,40.0,30.15,0.0,1.0,0.1507,0.0,37.0414,False,fuzzy_logic_fixed_snr,37.0113,1.0
79,v4,v11,40.0,100.04,10.0,1.0,0.5002,0.2,35.6986,False,fuzzy_logic_fixed_snr,35.6698,0.999
79,v4,v15,40.0,170.03,20.0,1.0,0.8501,0.4,35.0618,True,fuzzy_logic_fixed_snr,2.9562,0.9523
80,v1,v6,40.0,40.11,0.0,1.0,0.2006,0.0,36.7934,False,fuzzy_logic_fixed_snr,36.7514,1.0
80,v1,v2,40.0,120.04,0.0,1.0,0.6002,0.0,35.8414,False,fuzzy_logic_fixed_snr,35.8159,0.998
80,v1,v13,40.0,170.0,30.0,1.0,0.85,0.6,34.937,True,fuzzy_logic_fixed_snr,2.956,0.9523
80,v1,v5,40.0,180.0,0.0,1.0,0.9,0.0,35.4895,True,fuzzy_logic_fixed_snr,2.9565,0.9504
80,v2,v6,20.0,80.0,0.0,0.6,0.4,0.0,16.1938,True,fuzzy_logic_fixed_snr,2.9335,0.949
80,v2,v1,20.0,120.04,0.0,0.6,0.6002,0.0,15.8414,True,fuzzy_logic_fixed_snr,2.9315,0.9465
80,v3,v7,20.0,10.0,10.0,0.6,0.05,0.2,17.699,False,fuzzy_logic_fixed_snr,17.6702,0.9971
80,v3,v4,20.0,30.15,10.0,0.6,0.1507,0.2,16.7404,False,fuzzy_logic_fixed_snr,16.7223,0.9961
80,v3,v8,20.0,30.15,20.0,0.6,0.1507,0.4,16.5643,True,fuzzy_logic_fixed_snr,2.938,0.9549
80,v3,v11,20.0,60.0,10.0,0.6,0.3,0.2,16.1427,True,fuzzy_logic_fixed_snr,2.9339,0.949
80,v3,v12,20.0,140.03,0.0,0.6,0.7002,0.0,15.7075,True,fuzzy_logic_fixed_snr,2.9345,0.9529
80,v4,v8,40.0,0.0,30.0,1.0,0.0,0.6,40.0,False,fuzzy_logic_fixed_snr,39.9777,1.0
80,v4,v7,40.0,20.22,20.0,1.0,0.1011,0.4,36.9112,False,fuzzy_logic_fixed_snr,36.887,1.0
80,v4,v3,40.0,30.15,10.0,1.0,0.1507,0.2,36.7404,False,fuzzy_logic_fixed_snr,36.7195,0.999
80,v4,v11,40.0,90.05,20.0,1.0,0.4502,0.4,35.6139,False,fuzzy_logic_fixed_snr,35.5835,1.0
80,v4,v12,40.0,170.0,10.0,1.0,0.85,0.2,35.2381,True,fuzzy_logic_fixed_snr,2.9565,0.9533
81,v1,v6,40.0,40.11,10.0,1.0,0.2006,0.2,36.4924,False,fuzzy_logic_fixed_snr,36.4682,0.999
81,v1,v2,40.0,120.04,10.0,1.0,0.6002,0.2,35.5403,False,fuzzy_logic_fixed_snr,35.5001,1.0
81,v1,v5,40.0,180.0,20.0,1.0,0.9,0.4,35.0123,True,fuzzy_logic_fixed_snr,2.9565,0.9523
81,v1,v13,40.0,200.0,30.0,1.0,1.0,0.6,34.7959,True,fuzzy_logic_fixed_snr,2.9566,0.9523
81,v2,v6,20.0,80.0,20.0,0.6,0.4,0.4,15.7167,True,fuzzy_logic_fixed_snr,2.9317,0.9529
81,v2,v1,20.0,120.04,10.0,0.6,0.6002,0.2,15.5403,True,fuzzy_logic_fixed_snr,2.9286,0.9471
81,v2,v4,20.0,190.09,60.0,0.6,0.9505,1.2,14.597,True,fuzzy_logic_fixed_snr,2.9252,0.9533
81,v3,v7,20.0,0.0,10.0,0.6,0.0,0.2,21.699,False,fuzzy_logic_fixed_snr,21.6749,0.998
81,v3,v8,20.0,10.44,10.0,0.6,0.0522,0.2,17.6615,False,fuzzy_logic_fixed_snr,17.6362,0.9941
81,v3,v4,20.0,40.11,0.0,0.6,0.2006,0.0,16.7934,False,fuzzy_logic_fixed_snr,16.7664,0.9971
81,v3,v11,20.0,70.0,20.0,0.6,0.35,0.4,15.8327,True,fuzzy_logic_fixed_snr,2.9318,0.9523
81,v3,v12,20.0,140.03,0.0,0.6,0.7002,0.0,15.7075,True,fuzzy_logic_fixed_snr,2.9334,0.9543
81,v4,v8,40.0,30.0,10.0,1.0,0.15,0.2,36.7447,False,fuzzy_logic_fixed_snr,36.7353,0.999
81,v4,v3,40.0,40.11,0.0,1.0,0.2006,0.0,36.7934,False,fuzzy_logic_fixed_snr,36.7713,0.999
81,v4,v7,40.0,40.11,10.0,1.0,0.2006,0.2,36.4924,False,fuzzy_logic_fixed_snr,36.4633,0.999
81,v4,v11,40.0,110.04,20.0,1.0,0.5502,0.4,35.4398,False,fuzzy_logic_fixed_snr,35.4067,1.0
81,v4,v12,40.0,180.0,0.0,1.0,0.9,0.0,35.4895,True,fuzzy_logic_fixed_snr,2.957,0.9504
82,v1,v6,40.0,30.15,40.0,1.0,0.1507,0.8,36.3425,True,fuzzy_logic_fixed_snr,2.9566,0.9523
82,v1,v2,40.0,130.03,0.0,1.0,0.6502,0.0,35.7719,False,fuzzy_logic_fixed_snr,35.7357,0.998
82,v1,v5,40.0,200.0,10.0,1.0,1.0,0.2,35.0969,True,fuzzy_logic_fixed_snr,2.9564,0.9543
82,v2,v6,20.0,100.0,40.0,0.6,0.5,0.8,15.301,True,fuzzy_logic_fixed_snr,2.928,0.9525
82,v2,v1,20.0,130.03,0.0,0.6,0.6502,0.0,15.7719,True,fuzzy_logic_fixed_snr,2.9344,0.951
82,v2,v4,20.0,130.14,60.0,0.6,0.6507,1.2,14.9261,True,fuzzy_logic_fixed_snr,2.9267,0.9504
82,v2,v8,20.0,150.12,60.0,0.6,0.7506,1.2,14.802,True,fuzzy_logic_fixed_snr,2.928,0.9559
82,v2,v7,20.0,160.03,90.0,0.6,0.8001,1.8,14.5916,True,fuzzy_logic_fixed_snr,2.9265,0.9514
82,v3,v7,20.0,10.0,10.0,0.6,0.05,0.2,17.699,False,fuzzy_logic_fixed_snr,17.6622,0.998
82,v3,v8,20.0,20.22,20.0,0.6,0.1011,0.4,16.9112,True,fuzzy_logic_fixed_snr,2.9378,0.9523
82,v3,v4,20.0,40.11,20.0,0.6,0.2006,0.4,16.3163,True,fuzzy_logic_fixed_snr,2.9373,0.9553
82,v3,v11,20.0,50.0,0.0,0.6,0.25,0.0,16.6021,False,fuzzy_logic_fixed_snr,16.5663,0.999
82,v3,v15,20.0,120.0,10.0,0.6,0.6,0.2,15.5406,True,fuzzy_logic_fixed_snr,2.9317,0.9529
82,v4,v8,40.0,20.0,0.0,1.0,0.1,0.0,37.3979,False,fuzzy_logic_fixed_snr,37.3689,0.999
82,v4,v7,40.0,30.15,30.0,1.0,0.1507,0.6,36.4394,False,fuzzy_logic_fixed_snr,36.4079,0.999
82,v4,v3,40.0,40.11,20.0,1.0,0.2006,0.4,36.3163,False,fuzzy_logic_fixed_snr,36.2891,0.999
82,v4,v11,40.0,90.05,20.0,1.0,0.4502,0.4,35.6139,False,fuzzy_logic_fixed_snr,35.5852,1.0
82,v4,v2,40.0,130.14,60.0,1.0,0.6507,1.2,34.9261,True,fuzzy_logic_fixed_snr,2.9554,0.9494
83,v1,v6,40.0,10.44,20.0,1.0,0.0522,0.4,37.4855,False,fuzzy_logic_fixed_snr,37.4494,0.999
83,v1,v2,40.0,130.03,10.0,1.0,0.6502,0.2,35.4709,False,fuzzy_logic_fixed_snr,35.4438,0.999
83,v2,v7,20.0,70.06,60.0,0.6,0.3503,1.2,15.4639,True,fuzzy_logic_fixed_snr,2.9309,0.9553
83,v2,v4,20.0,70.26,60.0,0.6,0.3513,1.2,15.4615,True,fuzzy_logic_fixed_snr,2.9298,0.9553
83,v2,v3,20.0,90.05,70.0,0.6,0.4502,1.4,15.1879,True,fuzzy_logic_fixed_snr,2.9291,0.952
83,v2,v8,20.0,90.2,30.0,0.6,0.451,0.6,15.4875,True,fuzzy_logic_fixed_snr,2.9296,0.9451
83,v2,v1,20.0,130.03,10.0,0.6,0.6502,0.2,15.4709,True,fuzzy_logic_fixed_snr,2.9293,0.9465
83,v3,v8,20.0,3.0,40.0,0.6,0.015,0.8,18.3468,True,fuzzy_logic_fixed_snr,2.9433,0.9533
83,v3,v7,20.0,20.0,10.0,0.6,0.1,0.2,17.0969,False,fuzzy_logic_fixed_snr,17.0819,0.9951
83,v3,v4,20.0,20.22,10.0,0.6,0.1011,0.2,17.0872,False,fuzzy_logic_fixed_snr,17.0696,0.9961
83,v3,v11,20.0,50.0,0.0,0.6,0.25,0.0,16.6021,False,fuzzy_logic_fixed_snr,16.5713,0.998
83,v3,v2,20.0,90.05,70.0,0.6,0.4502,1.4,15.1879,True,fuzzy_logic_fixed_snr,2.928,0.9523
83,v4,v7,40.0,3.0,0.0,1.0,0.015,0.0,39.0458,False,fuzzy_logic_fixed_snr,39.0292,1.0
83,v4,v8,40.0,20.0,30.0,1.0,0.1,0.6,36.7959,False,fuzzy_logic_fixed_snr,36.7826,1.0
83,v4,v3,40.0,20.22,10.0,1.0,0.1011,0.2,37.0872,False,fuzzy_logic_fixed_snr,37.0642,1.0
83,v4,v11,40.0,70.06,10.0,1.0,0.3503,0.2,36.008,False,fuzzy_logic_fixed_snr,35.9868,1.0
83,v4,v2,40.0,70.26,60.0,1.0,0.3513,1.2,35.4615,True,fuzzy_logic_fixed_snr,2.956,0.9504
84,v1,v6,40.0,30.15,10.0,1.0,0.1507,0.2,36.7404,False,fuzzy_logic_fixed_snr,36.7059,0.999
84,v1,v2,40.0,120.04,40.0,1.0,0.6002,0.8,35.1424,True,fuzzy_logic_fixed_snr,2.9562,0.9504
84,v1,v7,40.0,130.14,40.0,1.0,0.6507,0.8,35.0722,True,fuzzy_logic_fixed_snr,2.9563,0.9514
84,v1,v4,40.0,130.31,60.0,1.0,0.6516,1.2,34.9249,True,fuzzy_logic_fixed_snr,2.9556,0.9533
84,v1,v3,40.0,140.13,20.0,1.0,0.7006,0.4,35.2298,True,fuzzy_logic_fixed_snr,2.9569,0.9494
84,v2,v7,20.0,10.44,80.0,0.6,0.0522,1.6,17.0083,True,fuzzy_logic_fixed_snr,2.9391,0.9484
84,v2,v4,20.0,11.66,100.0,0.6,0.0583,2.0,16.8251,True,fuzzy_logic_fixed_snr,2.9383,0.9557
84,v2,v3,20.0,20.22,60.0,0.6,0.1011,1.2,16.5432,True,fuzzy_logic_fixed_snr,2.938,0.9471
84,v2,v8,20.0,60.3,80.0,0.6,0.3015,1.6,15.4851,True,fuzzy_logic_fixed_snr,2.9305,0.9563
84,v2,v11,20.0,70.06,60.0,0.6,0.3503,1.2,15.4639,True,fuzzy_logic_fixed_snr,2.9312,0.9539
84,v3,v7,20.0,10.0,20.0,0.6,0.05,0.4,17.5229,True,fuzzy_logic_fixed_snr,2.9398,0.951
84,v3,v4,20.0,10.44,40.0,0.6,0.0522,0.8,17.2636,True,fuzzy_logic_fixed_snr,2.9403,0.9504
84,v3,v2,20.0,20.22,60.0,0.6,0.1011,1.2,16.5432,True,fuzzy_logic_fixed_snr,2.9375,0.952
84,v3,v8,20.0,40.11,20.0,0.6,0.2006,0.4,16.3163,True,fuzzy_logic_fixed_snr,2.9375,0.9514
84,v3,v11,20.0,50.0,0.0,0.6,0.25,0.0,16.6021,False,fuzzy_logic_fixed_snr,16.5601,0.9961
84,v4,v7,40.0,3.0,20.0,1.0,0.015,0.4,38.5686,False,fuzzy_logic_fixed_snr,38.5341,1.0
84,v4,v3,40.0,10.44,40.0,1.0,0.0522,0.8,37.2636,True,fuzzy_logic_fixed_snr,2.9565,0.9514
84,v4,v2,40.0,11.66,100.0,1.0,0.0583,2.0,36.8251,True,fuzzy_logic_fixed_snr,2.9564,0.9514
84,v4,v8,40.0,50.0,20.0,1.0,0.25,0.4,36.1249,False,fuzzy_logic_fixed_snr,36.1102,1.0
84,v4,v11,40.0,60.07,40.0,1.0,0.3004,0.8,35.7436,True,fuzzy_logic_fixed_snr,2.9566,0.9533
85,v1,v6,40.0,20.22,10.0,1.0,0.1011,0.2,37.0872,False,fuzzy_logic_fixed_snr,37.0453,1.0
85,v1,v4,40.0,70.58,80.0,1.0,0.3529,1.6,35.3484,True,fuzzy_logic_fixed_snr,2.9562,0.9504
85,v1,v7,40.0,90.2,70.0,1.0,0.451,1.4,35.1865,True,fuzzy_logic_fixed_snr,2.9566,0.9523
85,v1,v3,40.0,120.15,90.0,1.0,0.6007,1.8,34.8406,True,fuzzy_logic_fixed_snr,2.9563,0.9523
85,v1,v8,40.0,140.29,70.0,1.0,0.7014,1.4,34.8029,True,fuzzy_logic_fixed_snr,2.9569,0.9533
85,v2,v11,20.0,10.44,60.0,0.6,0.0522,1.2,17.1175,True,fuzzy_logic_fixed_snr,2.9397,0.9539
85,v2,v8,20.0,20.88,80.0,0.6,0.1044,1.6,16.4063,True,fuzzy_logic_fixed_snr,2.9362,0.9539
85,v2,v3,20.0,40.11,100.0,0.6,0.2006,2.0,15.7521,True,fuzzy_logic_fixed_snr,2.9329,0.9461
85,v2,v7,20.0,70.06,80.0,0.6,0.3503,1.6,15.3548,True,fuzzy_logic_fixed_snr,2.9284,0.9529
85,v2,v15,20.0,70.06,80.0,0.6,0.3503,1.6,15.3548,True,fuzzy_logic_fixed_snr,2.9317,0.9549
85,v3,v8,20.0,20.22,20.0,0.6,0.1011,0.4,16.9112,True,fuzzy_logic_fixed_snr,2.9373,0.952
85,v3,v7,20.0,30.0,20.0,0.6,0.15,0.4,16.5686,True,fuzzy_logic_fixed_snr,2.9352,0.9523
85,v3,v2,20.0,40.11,100.0,0.6,0.2006,2.0,15.7521,True,fuzzy_logic_fixed_snr,2.9324,0.9494
85,v3,v11,20.0,50.0,40.0,0.6,0.25,0.8,15.9031,True,fuzzy_logic_fixed_snr,2.931,0.9543
85,v3,v4,20.0,50.09,10.0,0.6,0.2504,0.2,16.2995,False,fuzzy_logic_fixed_snr,16.2705,0.9971
85,v4,v7,40.0,20.22,10.0,1.0,0.1011,0.2,37.0872,False,fuzzy_logic_fixed_snr,37.0545,0.998
85,v4,v3,40.0,50.09,10.0,1.0,0.2504,0.2,36.2995,False,fuzzy_logic_fixed_snr,36.2762,1.0
85,v4,v8,40.0,70.0,10.0,1.0,0.35,0.2,36.0088,False,fuzzy_logic_fixed_snr,35.9941,0.998
85,v4,v1,40.0,70.58,80.0,1.0,0.3529,1.6,35.3484,True,fuzzy_logic_fixed_snr,2.9571,0.9494
85,v4,v2,40.0,90.2,90.0,1.0,0.451,1.8,35.0896,True,fuzzy_logic_fixed_snr,2.9563,0.9533
86,v1,v6,40.0,10.44,0.0,1.0,0.0522,0.0,37.9626,False,fuzzy_logic_fixed_snr,37.9352,1.0
86,v1,v4,40.0,13.45,40.0,1.0,0.0673,0.8,37.0434,True,fuzzy_logic_fixed_snr,2.9562,0.9514
86,v1,v7,40.0,20.88,60.0,1.0,0.1044,1.2,36.5154,True,fuzzy_logic_fixed_snr,2.9565,0.9533
86,v1,v3,40.0,30.59,70.0,1.0,0.153,1.4,36.1256,True,fuzzy_logic_fixed_snr,2.9571,0.9514
86,v1,v8,40.0,70.58,40.0,1.0,0.3529,0.8,35.6037,True,fuzzy_logic_fixed_snr,2.956,0.9523
86,v2,v15,20.0,10.44,90.0,0.6,0.0522,1.8,16.9626,True,fuzzy_logic_fixed_snr,2.9378,0.9568
86,v2,v12,20.0,11.66,90.0,0.6,0.0583,1.8,16.8665,True,fuzzy_logic_fixed_snr,2.9379,0.949
86,v2,v11,20.0,50.09,90.0,0.6,0.2504,1.8,15.6005,True,fuzzy_logic_fixed_snr,2.929,0.9578
86,v2,v16,20.0,90.2,90.0,0.6,0.451,1.8,15.0896,True,fuzzy_logic_fixed_snr,2.9274,0.949
86,v2,v8,20.0,100.18,50.0,0.6,0.5009,1.0,15.2203,True,fuzzy_logic_fixed_snr,2.9296,0.9514
86,v3,v7,20.0,10.0,10.0,0.6,0.05,0.2,17.699,False,fuzzy_logic_fixed_snr,17.6782,0.9961
86,v3,v1,20.0,30.59,70.0,0.6,0.153,1.4,16.1256,True,fuzzy_logic_fixed_snr,2.9341,0.9436
86,v3,v4,20.0,40.11,30.0,0.6,0.2006,0.6,16.1914,True,fuzzy_logic_fixed_snr,2.9335,0.9523
86,v3,v6,20.0,40.11,70.0,0.6,0.2006,1.4,15.8904,True,fuzzy_logic_fixed_snr,2.934,0.9549
86,v3,v8,20.0,40.11,30.0,0.6,0.2006,0.6,16.1914,True,fuzzy_logic_fixed_snr,2.9349,0.9516
86,v4,v6,40.0,6.0,40.0,1.0,0.03,0.8,37.7447,True,fuzzy_logic_fixed_snr,2.9566,0.9514
86,v4,v1,40.0,13.45,40.0,1.0,0.0673,0.8,37.0434,True,fuzzy_logic_fixed_snr,2.9565,0.9504
86,v4,v7,40.0,30.15,20.0,1.0,0.1507,0.4,36.5643,False,fuzzy_logic_fixed_snr,36.5445,0.999
86,v4,v3,40.0,40.11,30.0,1.0,0.2006,0.6,36.1914,False,fuzzy_logic_fixed_snr,36.166,1.0
86,v4,v8,40.0,80.0,0.0,1.0,0.4,0.0,36.1938,False,fuzzy_logic_fixed_snr,36.1723,1.0
87,v1,v6,40.0,10.44,20.0,1.0,0.0522,0.4,37.4855,False,fuzzy_logic_fixed_snr,37.4614,1.0
87,v1,v8,40.0,31.32,40.0,1.0,0.1566,0.8,36.3094,True,fuzzy_logic_fixed_snr,2.9568,0.9504
87,v1,v3,40.0,40.45,70.0,1.0,0.2022,1.4,35.8831,True,fuzzy_logic_fixed_snr,2.9565,0.9514
87,v1,v7,40.0,40.45,70.0,1.0,0.2022,1.4,35.8831,True,fuzzy_logic_fixed_snr,2.9563,0.9514
87,v1,v11,40.0,40.45,80.0,1.0,0.2022,1.6,35.832,True,fuzzy_logic_fixed_snr,2.9561,0.9523
87,v2,v16,20.0,6.0,90.0,0.6,0.03,1.8,17.4437,True,fuzzy_logic_fixed_snr,2.9388,0.9539
87,v2,v15,20.0,100.04,90.0,0.6,0.5002,1.8,14.9996,True,fuzzy_logic_fixed_snr,2.9244,0.9514
87,v2,v19,20.0,100.04,100.0,0.6,0.5002,2.0,14.9582,True,fuzzy_logic_fixed_snr,2.9265,0.9564
87,v2,v12,20.0,100.18,70.0,0.6,0.5009,1.4,15.0953,True,fuzzy_logic_fixed_snr,2.9266,0.9574
87,v2,v11,20.0,140.03,100.0,0.6,0.7002,2.0,14.6662,True,fuzzy_logic_fixed_snr,2.9228,0.9484
87,v3,v7,20.0,0.0,0.0,0.6,0.0,0.0,22.0,False,fuzzy_logic_fixed_snr,21.9672,0.9961
87,v3,v4,20.0,10.44,10.0,0.6,0.0522,0.2,17.6615,False,fuzzy_logic_fixed_snr,17.6303,1.0
87,v3,v6,20.0,30.15,50.0,0.6,0.1507,1.0,16.2633,True,fuzzy_logic_fixed_snr,2.9356,0.9504
87,v3,v1,20.0,40.45,70.0,0.6,0.2022,1.4,15.8831,True,fuzzy_logic_fixed_snr,2.9324,0.9584
87,v3,v8,20.0,70.06,30.0,0.6,0.3503,0.6,15.7069,True,fuzzy_logic_fixed_snr,2.9303,0.9465
87,v4,v3,40.0,10.44,10.0,1.0,0.0522,0.2,37.6615,False,fuzzy_logic_fixed_snr,37.6306,1.0
87,v4,v7,40.0,10.44,10.0,1.0,0.0522,0.2,37.6615,False,fuzzy_logic_fixed_snr,37.6379,1.0
87,v4,v6,40.0,40.45,60.0,1.0,0.2022,1.2,35.9411,True,fuzzy_logic_fixed_snr,2.9564,0.9514
87,v4,v1,40.0,50.8,80.0,1.0,0.254,1.6,35.634,True,fuzzy_logic_fixed_snr,2.9562,0.9494
87,v4,v8,40.0,80.0,40.0,1.0,0.4,0.8,35.4949,True,fuzzy_logic_fixed_snr,2.9556,0.9514
88,v1,v15,40.0,11.66,60.0,1.0,0.0583,1.2,37.0214,True,fuzzy_logic_fixed_snr,2.9568,0.9523
88,v1,v8,40.0,13.45,40.0,1.0,0.0673,0.8,37.0434,True,fuzzy_logic_fixed_snr,2.9561,0.9523
88,v1,v6,40.0,30.15,0.0,1.0,0.1507,0.0,37.0414,False,fuzzy_logic_fixed_snr,37.013,1.0
88,v1,v12,40.0,31.32,40.0,1.0,0.1566,0.8,36.3094,True,fuzzy_logic_fixed_snr,2.9566,0.9514
88,v1,v11,40.0,40.45,60.0,1.0,0.2022,1.2,35.9411,True,fuzzy_logic_fixed_snr,2.956,0.9484
88,v2,v19,20.0,3.0,60.0,0.6,0.015,1.2,18.2007,True,fuzzy_logic_fixed_snr,2.9439,0.9592
88,v2,v16,20.0,90.2,60.0,0.6,0.451,1.2,15.2445,True,fuzzy_logic_fixed_snr,2.9305,0.9559
88,v2,v12,20.0,170.11,40.0,0.6,0.8505,0.8,14.8396,True,fuzzy_logic_fixed_snr,2.9265,0.9533
88,v2,v15,20.0,190.02,60.0,0.6,0.9501,1.2,14.5973,True,fuzzy_logic_fixed_snr,2.9212,0.95
88,v3,v7,20.0,0.0,20.0,0.6,0.0,0.4,21.5229,True,fuzzy_logic_fixed_snr,2.9506,0.9529
88,v3,v4,20.0,20.22,10.0,0.6,0.1011,0.2,17.0872,False,fuzzy_logic_fixed_snr,17.0513,0.9971
88,v3,v11,20.0,70.0,0.0,0.6,0.35,0.0,16.3098,True,fuzzy_logic_fixed_snr,2.9348,0.9525
88,v3,v6,20.0,80.06,60.0,0.6,0.4003,1.2,15.3481,True,fuzzy_logic_fixed_snr,2.9301,0.9523
88,v3,v5,20.0,80.22,70.0,0.6,0.4011,1.4,15.2883,True,fuzzy_logic_fixed_snr,2.9313,0.9471
88,v4,v3,40.0,20.22,10.0,1.0,0.1011,0.2,37.0872,False,fuzzy_logic_fixed_snr,37.063,1.0
88,v4,v7,40.0,20.22,10.0,1.0,0.1011,0.2,37.0872,False,fuzzy_logic_fixed_snr,37.0601,0.999
88,v4,v5,40.0,60.67,80.0,1.0,0.3034,1.6,35.4798,True,fuzzy_logic_fixed_snr,2.9568,0.9514
88,v4,v13,40.0,80.5,90.0,1.0,0.4025,1.8,35.1884,True,fuzzy_logic_fixed_snr,2.956,0.9514
88,v4,v11,40.0,90.05,10.0,1.0,0.4502,0.2,35.79,False,fuzzy_logic_fixed_snr,35.7697,0.999
89,v1,v12,40.0,13.45,80.0,1.0,0.0673,1.6,36.7881,True,fuzzy_logic_fixed_snr,2.9563,0.9533
89,v1,v6,40.0,30.15,30.0,1.0,0.1507,0.6,36.4394,False,fuzzy_logic_fixed_snr,36.4129,0.999
89,v1,v15,40.0,50.36,60.0,1.0,0.2518,1.2,35.7508,True,fuzzy_logic_fixed_snr,2.9556,0.9523
89,v1,v8,40.0,50.8,60.0,1.0,0.254,1.2,35.7431,True,fuzzy_logic_fixed_snr,2.9567,0.9504
89,v1,v16,40.0,50.8,90.0,1.0,0.254,1.8,35.5882,True,fuzzy_logic_fixed_snr,2.9565,0.9543
89,v2,v19,20.0,60.07,30.0,0.6,0.3004,0.6,15.8406,True,fuzzy_logic_fixed_snr,2.9326,0.9523
89,v2,v16,20.0,150.12,60.0,0.6,0.7506,1.2,14.802,True,fuzzy_logic_fixed_snr,2.9252,0.9598
89,v3,v5,20.0,11.66,70.0,0.6,0.0583,1.4,16.9634,True,fuzzy_logic_fixed_snr,2.938,0.9568
89,v3,v7,20.0,20.0,20.0,0.6,0.1,0.4,16.9208,True,fuzzy_logic_fixed_snr,2.9366,0.9471
89,v3,v13,20.0,20.88,50.0,0.6,0.1044,1.0,16.5824,True,fuzzy_logic_fixed_snr,2.9372,0.9559
89,v3,v4,20.0,30.15,0.0,0.6,0.1507,0.0,17.0414,False,fuzzy_logic_fixed_snr,17.0105,0.998
89,v3,v11,20.0,70.0,10.0,0.6,0.35,0.2,16.0088,True,fuzzy_logic_fixed_snr,2.9337,0.949
89,v4,v7,40.0,10.44,20.0,1.0,0.0522,0.4,37.4855,False,fuzzy_logic_fixed_snr,37.4589,1.0
89,v4,v13,40.0,13.45,50.0,1.0,0.0673,1.0,36.9642,True,fuzzy_logic_fixed_snr,2.9569,0.9533
89,v4,v5,40.0,21.93,70.0,1.0,0.1097,1.4,36.4148,True,fuzzy_logic_fixed_snr,2.9565,0.9523
89,v4,v3,40.0,30.15,0.0,1.0,0.1507,0.0,37.0414,False,fuzzy_logic_fixed_snr,37.001,1.0
89,v4,v14,40.0,50.36,80.0,1.0,0.2518,1.6,35.6416,True,fuzzy_logic_fixed_snr,2.9565,0.9523
90,v1,v16,40.0,41.0,40.0,1.0,0.205,0.8,36.0755,True,fuzzy_logic_fixed_snr,2.9566,0.9514
90,v1,v6,40.0,60.07,10.0,1.0,0.3004,0.2,36.1416,False,fuzzy_logic_fixed_snr,36.1099,0.998
90,v1,v19,40.0,80.22,50.0,1.0,0.4011,1.0,35.4132,True,fuzzy_logic_fixed_snr,2.9569,0.9514
90,v1,v12,40.0,90.45,40.0,1.0,0.4522,0.8,35.3882,True,fuzzy_logic_fixed_snr,2.9562,0.9514
90,v1,v15,40.0,110.16,80.0,1.0,0.5508,1.6,34.9617,True,fuzzy_logic_fixed_snr,2.9561,0.9523
90,v2,v19,20.0,90.05,40.0,0.6,0.4502,0.8,15.3921,True,fuzzy_logic_fixed_snr,2.9292,0.9516
90,v2,v20,20.0,150.12,70.0,0.6,0.7506,1.4,14.744,True,fuzzy_logic_fixed_snr,2.9284,0.9549
90,v2,v1,20.0,170.03,10.0,0.6,0.8501,0.2,15.2379,True,fuzzy_logic_fixed_snr,2.9271,0.9523
90,v3,v14,20.0,3.0,70.0,0.6,0.015,1.4,18.1427,True,fuzzy_logic_fixed_snr,2.9421,0.9504
90,v3,v4,20.0,30.15,10.0,0.6,0.1507,0.2,16.7404,False,fuzzy_logic_fixed_snr,16.7058,0.9951
90,v3,v13,20.0,30.59,70.0,0.6,0.153,1.4,16.1256,True,fuzzy_logic_fixed_snr,2.9338,0.9504
90,v3,v7,20.0,40.0,0.0,0.6,0.2,0.0,16.7959,False,fuzzy_logic_fixed_snr,16.7718,0.9971
90,v3,v11,20.0,60.0,10.0,0.6,0.3,0.2,16.1427,True,fuzzy_logic_fixed_snr,2.935,0.9563
90,v4,v7,40.0,10.44,10.0,1.0,0.0522,0.2,37.6615,False,fuzzy_logic_fixed_snr,37.6415,1.0
90,v4,v3,40.0,30.15,10.0,1.0,0.1507,0.2,36.7404,False,fuzzy_logic_fixed_snr,36.7129,0.999
90,v4,v14,40.0,30.59,80.0,1.0,0.153,1.6,36.0745,True,fuzzy_logic_fixed_snr,2.9563,0.9514
90,v4,v9,40.0,41.0,50.0,1.0,0.205,1.0,35.9963,True,fuzzy_logic_fixed_snr,2.9564,0.9514
90,v4,v10,40.0,50.36,40.0,1.0,0.2518,0.8,35.8969,True,fuzzy_logic_fixed_snr,2.9563,0.9523
91,v1,v19,40.0,30.59,70.0,1.0,0.153,1.4,36.1256,True,fuzzy_logic_fixed_snr,2.9565,0.9504
91,v1,v6,40.0,70.06,20.0,1.0,0.3503,0.4,35.8319,False,fuzzy_logic_fixed_snr,35.7992,0.999
91,v1,v16,40.0,80.5,60.0,1.0,0.4025,1.2,35.3433,True,fuzzy_logic_fixed_snr,2.9562,0.9543
91,v1,v12,40.0,130.31,80.0,1.0,0.6516,1.6,34.8158,True,fuzzy_logic_fixed_snr,2.956,0.9523
91,v1,v2,40.0,160.03,20.0,1.0,0.8001,0.4,35.1145,True,fuzzy_logic_fixed_snr,2.9564,0.9514
91,v2,v20,20.0,80.22,60.0,0.6,0.4011,1.2,15.3463,True,fuzzy_logic_fixed_snr,2.9318,0.951
91,v2,v19,20.0,130.03,50.0,0.6,0.6502,1.0,14.9937,True,fuzzy_logic_fixed_snr,2.9244,0.9514
91,v2,v1,20.0,160.03,20.0,0.6,0.8001,0.4,15.1145,True,fuzzy_logic_fixed_snr,2.9295,0.9539
91,v3,v9,20.0,30.59,60.0,0.6,0.153,1.2,16.1836,True,fuzzy_logic_fixed_snr,2.9362,0.9455
91,v3,v7,20.0,40.0,20.0,0.6,0.2,0.4,16.3188,True,fuzzy_logic_fixed_snr,2.9345,0.951
91,v3,v4,20.0,40.11,0.0,0.6,0.2006,0.0,16.7934,False,fuzzy_logic_fixed_snr,16.7786,0.9971
91,v3,v11,20.0,50.0,0.0,0.6,0.25,0.0,16.6021,False,fuzzy_logic_fixed_snr,16.577,0.998
91,v3,v10,20.0,50.09,50.0,0.6,0.2504,1.0,15.8223,True,fuzzy_logic_fixed_snr,2.9303,0.9484
91,v4,v7,40.0,3.0,20.0,1.0,0.015,0.4,38.5686,False,fuzzy_logic_fixed_snr,38.5428,1.0
91,v4,v10,40.0,11.66,50.0,1.0,0.0583,1.0,37.0883,True,fuzzy_logic_fixed_snr,2.9566,0.9514
91,v4,v9,40.0,13.45,60.0,1.0,0.0673,1.2,36.8972,True,fuzzy_logic_fixed_snr,2.9566,0.9514
91,v4,v3,40.0,40.11,0.0,1.0,0.2006,0.0,36.7934,False,fuzzy_logic_fixed_snr,36.7583,1.0
91,v4,v11,40.0,90.05,0.0,1.0,0.4502,0.0,36.091,False,fuzzy_logic_fixed_snr,36.0647,0.999
92,v1,v19,40.0,40.45,70.0,1.0,0.2022,1.4,35.8831,True,fuzzy_logic_fixed_snr,2.9565,0.9514
92,v1,v6,40.0,90.05,10.0,1.0,0.4502,0.2,35.79,False,fuzzy_logic_fixed_snr,35.7747,1.0
92,v1,v2,40.0,140.03,10.0,1.0,0.7002,0.2,35.4065,False,fuzzy_logic_fixed_snr,35.3761,0.998
92,v1,v16,40.0,140.29,30.0,1.0,0.7014,0.6,35.1039,True,fuzzy_logic_fixed_snr,2.9566,0.9533
92,v1,v20,40.0,160.25,30.0,1.0,0.8013,0.6,34.9883,True,fuzzy_logic_fixed_snr,2.9568,0.9523
92,v2,v20,20.0,20.88,40.0,0.6,0.1044,0.8,16.6615,True,fuzzy_logic_fixed_snr,2.9351,0.9504
92,v2,v1,20.0,140.03,10.0,0.6,0.7002,0.2,15.4065,True,fuzzy_logic_fixed_snr,2.9274,0.9523
92,v2,v19,20.0,180.02,80.0,0.6,0.9001,1.6,14.5351,True,fuzzy_logic_fixed_snr,2.925,0.9484
92,v3,v10,20.0,3.0,90.0,0.6,0.015,1.8,18.0458,True,fuzzy_logic_fixed_snr,2.9428,0.9523
92,v3,v9,20.0,30.59,100.0,0.6,0.153,2.0,15.9873,True,fuzzy_logic_fixed_snr,2.9356,0.9484
92,v3,v4,20.0,40.11,10.0,0.6,0.2006,0.2,16.4924,False,fuzzy_logic_fixed_snr,16.4698,0.9941
92,v3,v11,20.0,50.0,30.0,0.6,0.25,0.6,16.0,True,fuzzy_logic_fixed_snr,2.9329,0.9514
92,v3,v7,20.0,60.0,10.0,0.6,0.3,0.2,16.1427,True,fuzzy_logic_fixed_snr,2.9332,0.9514
92,v4,v7,40.0,20.22,0.0,1.0,0.1011,0.0,37.3883,False,fuzzy_logic_fixed_snr,37.3719,1.0
92,v4,v3,40.0,40.11,10.0,1.0,0.2006,0.2,36.4924,False,fuzzy_logic_fixed_snr,36.4637,0.999
92,v4,v10,40.0,40.45,80.0,1.0,0.2022,1.6,35.832,True,fuzzy_logic_fixed_snr,2.9562,0.9494
92,v4,v9,40.0,70.58,90.0,1.0,0.3529,1.8,35.3027,True,fuzzy_logic_fixed_snr,2.9564,0.9533
92,v4,v11,40.0,90.05,20.0,1.0,0.4502,0.4,35.6139,False,fuzzy_logic_fixed_snr,35.5898,0.999
93,v1,v6,40.0,80.06,20.0,1.0,0.4003,0.4,35.7161,False,fuzzy_logic_fixed_snr,35.6751,1.0
93,v1,v19,40.0,110.16,100.0,1.0,0.5508,2.0,34.8745,True,fuzzy_logic_fixed_snr,2.9573,0.9514
93,v1,v20,40.0,130.31,80.0,1.0,0.6516,1.6,34.8158,True,fuzzy_logic_fixed_snr,2.9566,0.9504
93,v1,v5,40.0,150.0,30.0,1.0,0.75,0.6,35.0458,True,fuzzy_logic_fixed_snr,2.9567,0.9523
93,v1,v2,40.0,150.03,40.0,1.0,0.7501,0.8,34.9487,True,fuzzy_logic_fixed_snr,2.9562,0.9514
93,v2,v20,20.0,20.88,40.0,0.6,0.1044,0.8,16.6615,True,fuzzy_logic_fixed_snr,2.9356,0.9494
93,v2,v1,20.0,150.03,40.0,0.6,0.7501,0.8,14.9487,True,fuzzy_logic_fixed_snr,2.9291,0.9584
93,v3,v4,20.0,30.15,20.0,0.6,0.1507,0.4,16.5643,True,fuzzy_logic_fixed_snr,2.9373,0.9549
93,v3,v7,20.0,50.0,10.0,0.6,0.25,0.2,16.301,False,fuzzy_logic_fixed_snr,16.2791,0.9961
93,v3,v17,20.0,60.3,40.0,0.6,0.3015,0.8,15.7404,True,fuzzy_logic_fixed_snr,2.9325,0.951
93,v3,v11,20.0,80.0,20.0,0.6,0.4,0.4,15.7167,True,fuzzy_logic_fixed_snr,2.9324,0.9543
93,v3,v10,20.0,90.05,70.0,0.6,0.4502,1.4,15.1879,True,fuzzy_logic_fixed_snr,2.9288,0.951
93,v4,v7,40.0,20.22,30.0,1.0,0.1011,0.6,36.7862,False,fuzzy_logic_fixed_snr,36.7579,1.0
93,v4,v3,40.0,30.15,20.0,1.0,0.1507,0.4,36.5643,False,fuzzy_logic_fixed_snr,36.5263,0.998
93,v4,v17,40.0,31.32,20.0,1.0,0.1566,0.4,36.5312,False,fuzzy_logic_fixed_snr,36.5123,1.0
93,v4,v18,40.0,90.2,50.0,1.0,0.451,1.0,35.3114,True,fuzzy_logic_fixed_snr,2.9566,0.9533
93,v4,v11,40.0,110.04,0.0,1.0,0.5502,0.0,35.9169,False,fuzzy_logic_fixed_snr,35.8777,0.999
94,v1,v20,40.0,50.8,30.0,1.0,0.254,0.6,35.9862,False,fuzzy_logic_fixed_snr,35.959,1.0
94,v1,v6,40.0,100.04,10.0,1.0,0.5002,0.2,35.6986,False,fuzzy_logic_fixed_snr,35.6809,1.0
94,v1,v2,40.0,110.04,20.0,1.0,0.5502,0.4,35.4398,False,fuzzy_logic_fixed_snr,35.4231,0.999
94,v1,v13,40.0,170.0,10.0,1.0,0.85,0.2,35.2381,True,fuzzy_logic_fixed_snr,2.9569,0.9523
94,v1,v5,40.0,180.0,0.0,1.0,0.9,0.0,35.4895,True,fuzzy_logic_fixed_snr,2.9567,0.9523
94,v2,v20,20.0,60.3,50.0,0.6,0.3015,1.0,15.6612,True,fuzzy_logic_fixed_snr,2.9317,0.9471
94,v2,v1,20.0,110.04,20.0,0.6,0.5502,0.4,15.4398,True,fuzzy_logic_fixed_snr,2.9283,0.9543
94,v3,v4,20.0,10.44,20.0,0.6,0.0522,0.4,17.4855,True,fuzzy_logic_fixed_snr,2.9398,0.952
94,v3,v17,20.0,20.88,50.0,0.6,0.1044,1.0,16.5824,True,fuzzy_logic_fixed_snr,2.9366,0.951
94,v3,v18,20.0,50.09,60.0,0.6,0.2504,1.2,15.7554,True,fuzzy_logic_fixed_snr,2.9331,0.9598
94,v3,v7,20.0,60.0,20.0,0.6,0.3,0.4,15.9666,True,fuzzy_logic_fixed_snr,2.9331,0.9465
94,v3,v11,20.0,100.0,10.0,0.6,0.5,0.2,15.699,True,fuzzy_logic_fixed_snr,2.9311,0.9539
94,v4,v3,40.0,10.44,20.0,1.0,0.0522,0.4,37.4855,False,fuzzy_logic_fixed_snr,37.4529,1.0
94,v4,v17,40.0,13.45,70.0,1.0,0.0673,1.4,36.8392,True,fuzzy_logic_fixed_snr,2.9563,0.9523
94,v4,v18,40.0,40.45,80.0,1.0,0.2022,1.6,35.832,True,fuzzy_logic_fixed_snr,2.9568,0.9523
94,v4,v7,40.0,50.09,0.0,1.0,0.2504,0.0,36.6005,False,fuzzy_logic_fixed_snr,36.5752,0.9971
94,v4,v11,40.0,110.04,10.0,1.0,0.5502,0.2,35.6159,False,fuzzy_logic_fixed_snr,35.5829,0.998
95,v1,v20,40.0,21.93,20.0,1.0,0.1097,0.4,36.8407,False,fuzzy_logic_fixed_snr,36.8095,1.0
95,v1,v6,40.0,110.04,40.0,1.0,0.5502,0.8,35.2179,True,fuzzy_logic_fixed_snr,2.956,0.9514
95,v1,v2,40.0,130.03,20.0,1.0,0.6502,0.4,35.2948,True,fuzzy_logic_fixed_snr,2.9571,0.9504
95,v1,v13,40.0,160.0,0.0,1.0,0.8,0.0,35.5918,True,fuzzy_logic_fixed_snr,2.9565,0.9504
95,v1,v5,40.0,180.0,40.0,1.0,0.9,0.8,34.7905,True,fuzzy_logic_fixed_snr,2.9568,0.9543
95,v2,v20,20.0,110.16,40.0,0.6,0.5508,0.8,15.217,True,fuzzy_logic_fixed_snr,2.9293,0.951
95,v2,v1,20.0,130.03,20.0,0.6,0.6502,0.4,15.2948,True,fuzzy_logic_fixed_snr,2.9295,0.952
95,v3,v18,20.0,10.44,60.0,0.6,0.0522,1.2,17.1175,True,fuzzy_logic_fixed_snr,2.9404,0.9555
95,v3,v4,20.0,30.15,0.0,0.6,0.1507,0.0,17.0414,False,fuzzy_logic_fixed_snr,17.019,0.999
95,v3,v17,20.0,30.59,70.0,0.6,0.153,1.4,16.1256,True,fuzzy_logic_fixed_snr,2.9347,0.9484
95,v3,v7,20.0,80.0,30.0,0.6,0.4,0.6,15.5918,True,fuzzy_logic_fixed_snr,2.932,0.9514
95,v3,v11,20.0,90.0,0.0,0.6,0.45,0.0,16.0915,True,fuzzy_logic_fixed_snr,2.9325,0.9504
95,v4,v3,40.0,30.15,0.0,1.0,0.1507,0.0,37.0414,False,fuzzy_logic_fixed_snr,37.0135,0.999
95,v4,v18,40.0,40.45,60.0,1.0,0.2022,1.2,35.9411,True,fuzzy_logic_fixed_snr,2.9562,0.9504
95,v4,v7,40.0,50.09,30.0,1.0,0.2504,0.6,35.9984,False,fuzzy_logic_fixed_snr,35.973,0.999
95,v4,v17,40.0,60.67,70.0,1.0,0.3034,1.4,35.5309,True,fuzzy_logic_fixed_snr,2.9563,0.9523
95,v4,v11,40.0,120.04,0.0,1.0,0.6002,0.0,35.8414,False,fuzzy_logic_fixed_snr,35.8144,0.999
96,v1,v20,40.0,9.0,70.0,1.0,0.045,1.4,37.1884,True,fuzzy_logic_fixed_snr,2.9568,0.9514
96,v1,v6,40.0,70.06,10.0,1.0,0.3503,0.2,36.008,False,fuzzy_logic_fixed_snr,35.9742,0.999
96,v1,v5,40.0,140.0,10.0,1.0,0.7,0.2,35.4067,False,fuzzy_logic_fixed_snr,35.3828,0.999
96,v1,v2,40.0,150.03,10.0,1.0,0.7501,0.2,35.3466,False,fuzzy_logic_fixed_snr,35.3237,0.9961
96,v1,v13,40.0,160.0,10.0,1.0,0.8,0.2,35.2907,True,fuzzy_logic_fixed_snr,2.957,0.9514
96,v2,v1,20.0,150.03,10.0,0.6,0.7501,0.2,15.3466,True,fuzzy_logic_fixed_snr,2.93,0.9471
96,v2,v20,20.0,150.12,80.0,0.6,0.7506,1.6,14.6929,True,fuzzy_logic_fixed_snr,2.9256,0.9568
96,v3,v4,20.0,30.15,40.0,0.6,0.1507,0.8,16.3425,True,fuzzy_logic_fixed_snr,2.937,0.9559
96,v3,v18,20.0,70.06,60.0,0.6,0.3503,1.2,15.4639,True,fuzzy_logic_fixed_snr,2.9305,0.9549
96,v3,v11,20.0,90.0,40.0,0.6,0.45,0.8,15.3925,True,fuzzy_logic_fixed_snr,2.9297,0.9588
96,v3,v17,20.0,100.18,70.0,0.6,0.5009,1.4,15.0953,True,fuzzy_logic_fixed_snr,2.9287,0.9553
96,v3,v7,20.0,110.0,30.0,0.6,0.55,0.6,15.3152,True,fuzzy_logic_fixed_snr,2.9308,0.9543
96,v4,v3,40.0,30.15,40.0,1.0,0.1507,0.8,36.3425,True,fuzzy_logic_fixed_snr,2.9567,0.9523
96,v4,v7,40.0,80.06,10.0,1.0,0.4003,0.2,35.8922,False,fuzzy_logic_fixed_snr,35.86,0.999
96,v4,v18,40.0,100.18,20.0,1.0,0.5009,0.4,35.5213,False,fuzzy_logic_fixed_snr,35.4957,0.999
96,v4,v11,40.0,120.04,0.0,1.0,0.6002,0.0,35.8414,False,fuzzy_logic_fixed_snr,35.816,0.999
96,v4,v17,40.0,130.31,30.0,1.0,0.6516,0.6,35.168,True,fuzzy_logic_fixed_snr,2.9562,0.9533
97,v1,v6,40.0,60.07,40.0,1.0,0.3004,0.8,35.7436,True,fuzzy_logic_fixed_snr,2.9569,0.9494
97,v1,v20,40.0,70.58,60.0,1.0,0.3529,1.2,35.4576,True,fuzzy_logic_fixed_snr,2.9569,0.9494
97,v1,v5,40.0,130.0,40.0,1.0,0.65,0.8,35.0731,True,fuzzy_logic_fixed_snr,2.9566,0.9504
97,v1,v2,40.0,160.03,40.0,1.0,0.8001,0.8,34.8926,True,fuzzy_logic_fixed_snr,2.9562,0.9514
97,v1,v13,40.0,170.0,20.0,1.0,0.85,0.4,35.062,True,fuzzy_logic_fixed_snr,2.9555,0.9504
97,v2,v1,20.0,160.03,40.0,0.6,0.8001,0.8,14.8926,True,fuzzy_logic_fixed_snr,2.9282,0.9598
97,v3,v4,20.0,10.44,0.0,0.6,0.0522,0.0,17.9626,False,fuzzy_logic_fixed_snr,17.9394,0.998
97,v3,v7,20.0,80.0,40.0,0.6,0.4,0.8,15.4949,True,fuzzy_logic_fixed_snr,2.9324,0.95
97,v3,v15,20.0,120.0,20.0,0.6,0.6,0.4,15.3645,True,fuzzy_logic_fixed_snr,2.9296,0.9555
97,v3,v11,20.0,130.0,10.0,0.6,0.65,0.2,15.4711,True,fuzzy_logic_fixed_snr,2.9304,0.9504
97,v3,v18,20.0,130.03,70.0,0.6,0.6502,1.4,14.8688,True,fuzzy_logic_fixed_snr,2.9258,0.9523
97,v4,v3,40.0,10.44,0.0,1.0,0.0522,0.0,37.9626,False,fuzzy_logic_fixed_snr,37.9466,0.999
97,v4,v7,40.0,90.05,40.0,1.0,0.4502,0.8,35.3921,True,fuzzy_logic_fixed_snr,2.956,0.9504
97,v4,v15,40.0,110.04,20.0,1.0,0.5502,0.4,35.4398,False,fuzzy_logic_fixed_snr,35.4163,0.999
97,v4,v11,40.0,120.04,10.0,1.0,0.6002,0.2,35.5403,False,fuzzy_logic_fixed_snr,35.5166,0.999
97,v4,v18,40.0,120.15,70.0,1.0,0.6007,1.4,34.9375,True,fuzzy_logic_fixed_snr,2.957,0.9533
98,v1,v6,40.0,20.22,0.0,1.0,0.1011,0.0,37.3883,False,fuzzy_logic_fixed_snr,37.3646,1.0
98,v1,v5,40.0,90.0,20.0,1.0,0.45,0.4,35.6144,False,fuzzy_logic_fixed_snr,35.583,1.0
98,v1,v20,40.0,130.31,60.0,1.0,0.6516,1.2,34.9249,True,fuzzy_logic_fixed_snr,2.9563,0.9514
98,v1,v13,40.0,150.0,10.0,1.0,0.75,0.2,35.3468,False,fuzzy_logic_fixed_snr,35.3322,1.0
98,v3,v4,20.0,10.44,20.0,0.6,0.0522,0.4,17.4855,True,fuzzy_logic_fixed_snr,2.9384,0.9506
98,v3,v7,20.0,40.0,10.0,0.6,0.2,0.2,16.4949,False,fuzzy_logic_fixed_snr,16.4721,0.9971
98,v3,v11,20.0,140.0,10.0,0.6,0.7,0.2,15.4067,True,fuzzy_logic_fixed_snr,2.9307,0.9514
98,v3,v15,20.0,140.0,20.0,0.6,0.7,0.4,15.2306,True,fuzzy_logic_fixed_snr,2.9289,0.9559
98,v3,v8,20.0,150.03,30.0,0.6,0.7501,0.6,15.0456,True,fuzzy_logic_fixed_snr,2.9258,0.9471
98,v4,v3,40.0,10.44,20.0,1.0,0.0522,0.4,37.4855,False,fuzzy_logic_fixed_snr,37.4606,1.0
98,v4,v7,40.0,50.09,10.0,1.0,0.2504,0.2,36.2995,False,fuzzy_logic_fixed_snr,36.2721,1.0
98,v4,v11,40.0,130.03,10.0,1.0,0.6502,0.2,35.4709,False,fuzzy_logic_fixed_snr,35.4444,0.999
98,v4,v15,40.0,130.03,0.0,1.0,0.6502,0.0,35.7719,False,fuzzy_logic_fixed_snr,35.748,0.999
98,v4,v8,40.0,140.0,10.0,1.0,0.7,0.2,35.4067,False,fuzzy_logic_fixed_snr,35.3723,0.998
99,v1,v6,40.0,20.22,0.0,1.0,0.1011,0.0,37.3883,False,fuzzy_logic_fixed_snr,37.3825,0.999
99,v1,v5,40.0,70.0,10.0,1.0,0.35,0.2,36.0088,False,fuzzy_logic_fixed_snr,35.9841,1.0
99,v1,v13,40.0,140.0,0.0,1.0,0.7,0.0,35.7077,False,fuzzy_logic_fixed_snr,35.6711,0.999
99,v1,v2,40.0,190.02,20.0,1.0,0.9501,0.4,34.9653,True,fuzzy_logic_fixed_snr,2.9566,0.9514
99,v1,v20,40.0,190.21,60.0,1.0,0.9511,1.2,34.5964,True,fuzzy_logic_fixed_snr,2.9568,0.9494
99,v2,v1,20.0,190.02,20.0,0.6,0.9501,0.4,14.9653,True,fuzzy_logic_fixed_snr,2.9261,0.9563
99,v3,v4,20.0,10.44,10.0,0.6,0.0522,0.2,17.6615,False,fuzzy_logic_fixed_snr,17.6346,0.9961
99,v3,v7,20.0,50.0,30.0,0.6,0.25,0.6,16.0,True,fuzzy_logic_fixed_snr,2.9331,0.9494
99,v3,v15,20.0,120.0,10.0,0.6,0.6,0.2,15.5406,True,fuzzy_logic_fixed_snr,2.9338,0.9494
99,v3,v8,20.0,120.04,20.0,0.6,0.6002,0.4,15.3642,True,fuzzy_logic_fixed_snr,2.93,0.9504
99,v3,v11,20.0,130.0,30.0,0.6,0.65,0.6,15.1701,True,fuzzy_logic_fixed_snr,2.9297,0.9529
99,v4,v3,40.0,10.44,10.0,1.0,0.0522,0.2,37.6615,False,fuzzy_logic_fixed_snr,37.6432,1.0
99,v4,v7,40.0,40.11,40.0,1.0,0.2006,0.8,36.0945,True,fuzzy_logic_fixed_snr,2.9564,0.9523
99,v4,v8,40.0,130.0,30.0,1.0,0.65,0.6,35.1701,True,fuzzy_logic_fixed_snr,2.9563,0.9529
99,v4,v15,40.0,130.03,20.0,1.0,0.6502,0.4,35.2948,True,fuzzy_logic_fixed_snr,2.957,0.9543
99,v4,v11,40.0,140.03,40.0,1.0,0.7002,0.8,35.0086,True,fuzzy_logic_fixed_snr,2.9564,0.9514
100,v1,v6,40.0,20.22,10.0,1.0,0.1011,0.2,37.0872,False,fuzzy_logic_fixed_snr,37.0639,0.999
100,v1,v5,40.0,60.0,30.0,1.0,0.3,0.6,35.8416,False,fuzzy_logic_fixed_snr,35.8054,1.0
100,v1,v13,40.0,140.0,30.0,1.0,0.7,0.6,35.1057,True,fuzzy_logic_fixed_snr,2.9562,0.9523
100,v3,v7,20.0,20.0,30.0,0.6,0.1,0.6,16.7959,True,fuzzy_logic_fixed_snr,2.936,0.9572
100,v3,v4,20.0,20.22,10.0,0.6,0.1011,0.2,17.0872,False,fuzzy_logic_fixed_snr,17.0601,0.9971
100,v3,v15,20.0,130.0,10.0,0.6,0.65,0.2,15.4711,True,fuzzy_logic_fixed_snr,2.9309,0.9539
100,v3,v8,20.0,140.03,0.0,0.6,0.7002,0.0,15.7075,True,fuzzy_logic_fixed_snr,2.9314,0.9461
100,v3,v11,20.0,160.0,10.0,0.6,0.8,0.2,15.2907,True,fuzzy_logic_fixed_snr,2.9291,0.9504
100,v4,v7,40.0,3.0,20.0,1.0,0.015,0.4,38.5686,False,fuzzy_logic_fixed_snr,38.5407,0.999
100,v4,v3,40.0,20.22,10.0,1.0,0.1011,0.2,37.0872,False,fuzzy_logic_fixed_snr,37.0521,0.999
100,v4,v15,40.0,150.03,0.0,1.0,0.7501,0.0,35.6476,False,fuzzy_logic_fixed_snr,35.618,0.999
100,v4,v8,40.0,160.0,10.0,1.0,0.8,0.2,35.2907,True,fuzzy_logic_fixed_snr,2.9567,0.9523
100,v4,v11,40.0,180.02,20.0,1.0,0.9001,0.4,35.0122,True,fuzzy_logic_fixed_snr,2.9568,0.9504
101,v1,v6,40.0,10.44,10.0,1.0,0.0522,0.2,37.6615,False,fuzzy_logic_fixed_snr,37.6386,1.0
101,v1,v5,40.0,30.0,0.0,1.0,0.15,0.0,37.0458,False,fuzzy_logic_fixed_snr,37.0244,0.999
101,v1,v13,40.0,110.0,30.0,1.0,0.55,0.6,35.3152,True,fuzzy_logic_fixed_snr,2.9564,0.9514
101,v3,v7,20.0,10.0,0.0,0.6,0.05,0.0,18.0,False,fuzzy_logic_fixed_snr,17.9664,0.9971
101,v3,v4,20.0,10.44,20.0,0.6,0.0522,0.4,17.4855,True,fuzzy_logic_fixed_snr,2.9401,0.9514
101,v3,v15,20.0,140.0,0.0,0.6,0.7,0.0,15.7077,True,fuzzy_logic_fixed_snr,2.9318,0.9582
101,v3,v8,20.0,140.03,30.0,0.6,0.7002,0.6,15.1055,True,fuzzy_logic_fixed_snr,2.9286,0.9504
101,v3,v11,20.0,150.0,0.0,0.6,0.75,0.0,15.6478,True,fuzzy_logic_fixed_snr,2.9336,0.9549
101,v4,v3,40.0,10.44,20.0,1.0,0.0522,0.4,37.4855,False,fuzzy_logic_fixed_snr,37.4609,0.999
101,v4,v7,40.0,20.22,20.0,1.0,0.1011,0.4,36.9112,False,fuzzy_logic_fixed_snr,36.8963,1.0
101,v4,v8,40.0,150.0,10.0,1.0,0.75,0.2,35.3468,False,fuzzy_logic_fixed_snr,35.3041,0.998
101,v4,v15,40.0,150.03,20.0,1.0,0.7501,0.4,35.1705,True,fuzzy_logic_fixed_snr,2.9567,0.9523
101,v4,v11,40.0,160.03,20.0,1.0,0.8001,0.4,35.1145,True,fuzzy_logic_fixed_snr,2.956,0.9514
102,v1,v6,40.0,20.22,30.0,1.0,0.1011,0.6,36.7862,False,fuzzy_logic_fixed_snr,36.7661,1.0
102,v1,v5,40.0,30.0,40.0,1.0,0.15,0.8,36.3468,True,fuzzy_logic_fixed_snr,2.9564,0.9514
102,v1,v13,40.0,140.0,30.0,1.0,0.7,0.6,35.1057,True,fuzzy_logic_fixed_snr,2.9567,0.9523
102,v3,v7,20.0,10.0,20.0,0.6,0.05,0.4,17.5229,True,fuzzy_logic_fixed_snr,2.9428,0.9537
102,v3,v4,20.0,10.44,10.0,0.6,0.0522,0.2,17.6615,False,fuzzy_logic_fixed_snr,17.6249,0.9961
102,v3,v15,20.0,140.0,20.0,0.6,0.7,0.4,15.2306,True,fuzzy_logic_fixed_snr,2.9298,0.95
102,v3,v11,20.0,150.0,0.0,0.6,0.75,0.0,15.6478,True,fuzzy_logic_fixed_snr,2.9319,0.9504
102,v3,v8,20.0,170.03,20.0,0.6,0.8501,0.4,15.0618,True,fuzzy_logic_fixed_snr,2.9264,0.9563
102,v4,v7,40.0,3.0,10.0,1.0,0.015,0.2,38.7447,False,fuzzy_logic_fixed_snr,38.7067,1.0
102,v4,v3,40.0,10.44,10.0,1.0,0.0522,0.2,37.6615,False,fuzzy_logic_fixed_snr,37.6207,0.999
102,v4,v15,40.0,130.03,10.0,1.0,0.6502,0.2,35.4709,False,fuzzy_logic_fixed_snr,35.4485,1.0
102,v4,v11,40.0,140.03,10.0,1.0,0.7002,0.2,35.4065,False,fuzzy_logic_fixed_snr,35.3863,1.0
102,v4,v8,40.0,160.0,10.0,1.0,0.8,0.2,35.2907,True,fuzzy_logic_fixed_snr,2.9564,0.9504
103,v1,v6,40.0,50.09,30.0,1.0,0.2504,0.6,35.9984,False,fuzzy_logic_fixed_snr,35.9635,0.999
103,v1,v5,40.0,70.0,20.0,1.0,0.35,0.4,35.8327,False,fuzzy_logic_fixed_snr,35.8109,0.999
103,v1,v13,40.0,170.0,0.0,1.0,0.85,0.0,35.5391,True,fuzzy_logic_fixed_snr,2.9567,0.9533
103,v3,v4,20.0,3.0,10.0,0.6,0.015,0.2,18.7447,False,fuzzy_logic_fixed_snr,18.7221,0.9971
103,v3,v7,20.0,10.0,30.0,0.6,0.05,0.6,17.3979,True,fuzzy_logic_fixed_snr,2.9411,0.9555
103,v3,v15,20.0,120.0,10.0,0.6,0.6,0.2,15.5406,True,fuzzy_logic_fixed_snr,2.9287,0.949
103,v3,v11,20.0,150.0,10.0,0.6,0.75,0.2,15.3468,True,fuzzy_logic_fixed_snr,2.9289,0.9418
103,v3,v8,20.0,150.03,30.0,0.6,0.7501,0.6,15.0456,True,fuzzy_logic_fixed_snr,2.9269,0.9533
103,v4,v3,40.0,3.0,10.0,1.0,0.015,0.2,38.7447,False,fuzzy_logic_fixed_snr,38.7316,0.999
103,v4,v7,40.0,10.44,20.0,1.0,0.0522,0.4,37.4855,False,fuzzy_logic_fixed_snr,37.4683,1.0
103,v4,v15,40.0,120.04,0.0,1.0,0.6002,0.0,35.8414,False,fuzzy_logic_fixed_snr,35.8148,0.999
103,v4,v8,40.0,150.0,20.0,1.0,0.75,0.4,35.1707,True,fuzzy_logic_fixed_snr,2.9564,0.9533
103,v4,v11,40.0,150.03,20.0,1.0,0.7501,0.4,35.1705,True,fuzzy_logic_fixed_snr,2.9563,0.9514
104,v1,v6,40.0,80.06,0.0,1.0,0.4003,0.0,36.1932,False,fuzzy_logic_fixed_snr,36.1681,1.0
104,v1,v5,40.0,90.0,30.0,1.0,0.45,0.6,35.4895,False,fuzzy_logic_fixed_snr,35.4454,1.0
104,v1,v13,40.0,170.0,10.0,1.0,0.85,0.2,35.2381,True,fuzzy_logic_fixed_snr,2.9568,0.9523
104,v3,v4,20.0,10.44,10.0,0.6,0.0522,0.2,17.6615,False,fuzzy_logic_fixed_snr,17.6286,0.9951
104,v3,v7,20.0,20.0,10.0,0.6,0.1,0.2,17.0969,False,fuzzy_logic_fixed_snr,17.0738,0.9961
104,v3,v15,20.0,130.0,20.0,0.6,0.65,0.4,15.295,True,fuzzy_logic_fixed_snr,2.9281,0.9504
104,v3,v11,20.0,140.0,20.0,0.6,0.7,0.4,15.2306,True,fuzzy_logic_fixed_snr,2.9283,0.9451
104,v3,v8,20.0,180.02,30.0,0.6,0.9001,0.6,14.8873,True,fuzzy_logic_fixed_snr,2.9249,0.9578
104,v4,v3,40.0,10.44,10.0,1.0,0.0522,0.2,37.6615,False,fuzzy_logic_fixed_snr,37.6392,1.0
104,v4,v7,40.0,10.44,0.0,1.0,0.0522,0.0,37.9626,False,fuzzy_logic_fixed_snr,37.936,1.0
104,v4,v15,40.0,120.04,10.0,1.0,0.6002,0.2,35.5403,False,fuzzy_logic_fixed_snr,35.5123,0.999
104,v4,v11,40.0,130.03,10.0,1.0,0.6502,0.2,35.4709,False,fuzzy_logic_fixed_snr,35.4443,1.0
104,v4,v8,40.0,170.0,20.0,1.0,0.85,0.4,35.062,True,fuzzy_logic_fixed_snr,2.9563,0.9504
105,v1,v6,40.0,80.06,20.0,1.0,0.4003,0.4,35.7161,False,fuzzy_logic_fixed_snr,35.6867,0.998
105,v1,v5,40.0,120.0,0.0,1.0,0.6,0.0,35.8416,False,fuzzy_logic_fixed_snr,35.8252,1.0
105,v1,v13,40.0,160.0,30.0,1.0,0.8,0.6,34.9897,True,fuzzy_logic_fixed_snr,2.9569,0.9533
105,v1,v2,40.0,190.02,10.0,1.0,0.9501,0.2,35.1414,True,fuzzy_logic_fixed_snr,2.9566,0.9514
105,v2,v1,20.0,190.02,10.0,0.6,0.9501,0.2,15.1414,True,fuzzy_logic_fixed_snr,2.9271,0.9529
105,v3,v4,20.0,3.0,0.0,0.6,0.015,0.0,19.0458,False,fuzzy_logic_fixed_snr,19.0357,0.9971
105,v3,v7,20.0,10.0,10.0,0.6,0.05,0.2,17.699,False,fuzzy_logic_fixed_snr,17.6612,0.9971
105,v3,v15,20.0,110.0,30.0,0.6,0.55,0.6,15.3152,True,fuzzy_logic_fixed_snr,2.9319,0.9563
105,v3,v11,20.0,120.0,10.0,0.6,0.6,0.2,15.5406,True,fuzzy_logic_fixed_snr,2.932,0.949
105,v3,v8,20.0,150.03,10.0,0.6,0.7501,0.2,15.3466,True,fuzzy_logic_fixed_snr,2.9293,0.9549
105,v4,v3,40.0,3.0,0.0,1.0,0.015,0.0,39.0458,False,fuzzy_logic_fixed_snr,39.0167,1.0
105,v4,v7,40.0,10.44,10.0,1.0,0.0522,0.2,37.6615,False,fuzzy_logic_fixed_snr,37.6287,1.0
105,v4,v15,40.0,110.04,30.0,1.0,0.5502,0.6,35.3148,True,fuzzy_logic_fixed_snr,2.9563,0.9533
105,v4,v11,40.0,120.04,10.0,1.0,0.6002,0.2,35.5403,False,fuzzy_logic_fixed_snr,35.5211,0.998
105,v4,v8,40.0,150.0,10.0,1.0,0.75,0.2,35.3468,False,fuzzy_logic_fixed_snr,35.3169,0.999
106,v1,v6,40.0,60.07,30.0,1.0,0.3004,0.6,35.8406,False,fuzzy_logic_fixed_snr,35.8175,1.0
106,v1,v5,40.0,120.0,40.0,1.0,0.6,0.8,35.1427,True,fuzzy_logic_fixed_snr,2.9563,0.9504
106,v1,v13,40.0,130.0,30.0,1.0,0.65,0.6,35.1701,True,fuzzy_logic_fixed_snr,2.956,0.9523
106,v1,v2,40.0,180.02,10.0,1.0,0.9001,0.2,35.1883,True,fuzzy_logic_fixed_snr,2.9563,0.9494
106,v2,v1,20.0,180.02,10.0,0.6,0.9001,0.2,15.1883,True,fuzzy_logic_fixed_snr,2.9299,0.952
106,v3,v4,20.0,3.0,10.0,0.6,0.015,0.2,18.7447,False,fuzzy_logic_fixed_snr,18.7266,0.9971
106,v3,v7,20.0,20.0,10.0,0.6,0.1,0.2,17.0969,False,fuzzy_logic_fixed_snr,17.0706,0.9912
106,v3,v15,20.0,80.0,10.0,0.6,0.4,0.2,15.8928,True,fuzzy_logic_fixed_snr,2.9339,0.952
106,v3,v11,20.0,110.0,10.0,0.6,0.55,0.2,15.6162,True,fuzzy_logic_fixed_snr,2.93,0.9594
106,v3,v8,20.0,140.03,30.0,0.6,0.7002,0.6,15.1055,True,fuzzy_logic_fixed_snr,2.9267,0.9465
106,v4,v3,40.0,3.0,10.0,1.0,0.015,0.2,38.7447,False,fuzzy_logic_fixed_snr,38.7248,0.999
106,v4,v7,40.0,20.22,20.0,1.0,0.1011,0.4,36.9112,False,fuzzy_logic_fixed_snr,36.8851,0.999
106,v4,v15,40.0,80.06,0.0,1.0,0.4003,0.0,36.1932,False,fuzzy_logic_fixed_snr,36.1755,1.0
106,v4,v11,40.0,110.04,0.0,1.0,0.5502,0.0,35.9169,False,fuzzy_logic_fixed_snr,35.89,1.0
106,v4,v8,40.0,140.0,40.0,1.0,0.7,0.8,35.0088,True,fuzzy_logic_fixed_snr,2.9566,0.9523
107,v1,v6,40.0,90.05,10.0,1.0,0.4502,0.2,35.79,False,fuzzy_logic_fixed_snr,35.7719,1.0
107,v1,v5,40.0,160.0,10.0,1.0,0.8,0.2,35.2907,True,fuzzy_logic_fixed_snr,2.9563,0.9523
107,v1,v13,40.0,160.0,20.0,1.0,0.8,0.4,35.1146,True,fuzzy_logic_fixed_snr,2.9566,0.9504
107,v1,v2,40.0,170.03,40.0,1.0,0.8501,0.8,34.84,True,fuzzy_logic_fixed_snr,2.9564,0.951
107,v2,v1,20.0,170.03,40.0,0.6,0.8501,0.8,14.84,True,fuzzy_logic_fixed_snr,2.9272,0.9516
107,v3,v4,20.0,10.44,10.0,0.6,0.0522,0.2,17.6615,False,fuzzy_logic_fixed_snr,17.631,0.999
107,v3,v7,20.0,30.0,10.0,0.6,0.15,0.2,16.7447,False,fuzzy_logic_fixed_snr,16.7144,0.9941
107,v3,v15,20.0,70.0,30.0,0.6,0.35,0.6,15.7077,True,fuzzy_logic_fixed_snr,2.9299,0.9533
107,v3,v11,20.0,100.0,10.0,0.6,0.5,0.2,15.699,True,fuzzy_logic_fixed_snr,2.9299,0.9539
107,v3,v8,20.0,170.03,0.0,0.6,0.8501,0.0,15.539,True,fuzzy_logic_fixed_snr,2.9329,0.951
107,v4,v3,40.0,10.44,10.0,1.0,0.0522,0.2,37.6615,False,fuzzy_logic_fixed_snr,37.6242,0.999
107,v4,v7,40.0,40.11,0.0,1.0,0.2006,0.0,36.7934,False,fuzzy_logic_fixed_snr,36.7768,0.998
107,v4,v15,40.0,80.06,20.0,1.0,0.4003,0.4,35.7161,False,fuzzy_logic_fixed_snr,35.6887,1.0
107,v4,v11,40.0,110.04,0.0,1.0,0.5502,0.0,35.9169,False,fuzzy_logic_fixed_snr,35.894,1.0
107,v4,v8,40.0,180.0,10.0,1.0,0.9,0.2,35.1884,True,fuzzy_logic_fixed_snr,2.9567,0.9504
108,v1,v6,40.0,80.06,10.0,1.0,0.4003,0.2,35.8922,False,fuzzy_logic_fixed_snr,35.8694,1.0
108,v1,v13,40.0,140.0,0.0,1.0,0.7,0.0,35.7077,False,fuzzy_logic_fixed_snr,35.677,1.0
108,v1,v5,40.0,150.0,40.0,1.0,0.75,0.8,34.9488,True,fuzzy_logic_fixed_snr,2.9566,0.9514
108,v3,v7,20.0,20.0,0.0,0.6,0.1,0.0,17.3979,False,fuzzy_logic_fixed_snr,17.3754,0.9951
108,v3,v4,20.0,20.22,30.0,0.6,0.1011,0.6,16.7862,True,fuzzy_logic_fixed_snr,2.9368,0.952
108,v3,v15,20.0,40.0,10.0,0.6,0.2,0.2,16.4949,False,fuzzy_logic_fixed_snr,16.4589,0.9951
108,v3,v11,20.0,90.0,30.0,0.6,0.45,0.6,15.4895,True,fuzzy_logic_fixed_snr,2.9319,0.9543
108,v3,v8,20.0,170.03,30.0,0.6,0.8501,0.6,14.9369,True,fuzzy_logic_fixed_snr,2.9261,0.9426
108,v4,v3,40.0,20.22,30.0,1.0,0.1011,0.6,36.7862,False,fuzzy_logic_fixed_snr,36.76,0.999
108,v4,v7,40.0,40.11,30.0,1.0,0.2006,0.6,36.1914,False,fuzzy_logic_fixed_snr,36.173,1.0
108,v4,v15,40.0,60.07,40.0,1.0,0.3004,0.8,35.7436,True,fuzzy_logic_fixed_snr,2.9565,0.9494
108,v4,v11,40.0,110.04,0.0,1.0,0.5502,0.0,35.9169,False,fuzzy_logic_fixed_snr,35.8855,0.999
108,v4,v8,40.0,190.0,0.0,1.0,0.95,0.0,35.4425,True,fuzzy_logic_fixed_snr,2.9564,0.9494
109,v1,v6,40.0,70.06,20.0,1.0,0.3503,0.4,35.8319,False,fuzzy_logic_fixed_snr,35.801,0.998
109,v1,v5,40.0,110.0,20.0,1.0,0.55,0.4,35.4401,False,fuzzy_logic_fixed_snr,35.416,1.0
109,v1,v13,40.0,140.0,40.0,1.0,0.7,0.8,35.0088,True,fuzzy_logic_fixed_snr,2.9566,0.9514
109,v3,v7,20.0,20.0,0.0,0.6,0.1,0.0,17.3979,False,fuzzy_logic_fixed_snr,17.3817,0.9961
109,v3,v15,20.0,50.0,0.0,0.6,0.25,0.0,16.6021,False,fuzzy_logic_fixed_snr,16.5715,0.998
109,v3,v4,20.0,50.09,10.0,0.6,0.2504,0.2,16.2995,False,fuzzy_logic_fixed_snr,16.2666,0.9936
109,v3,v11,20.0,60.0,0.0,0.6,0.3,0.0,16.4437,True,fuzzy_logic_fixed_snr,2.9359,0.9484
109,v3,v8,20.0,140.03,20.0,0.6,0.7002,0.4,15.2304,True,fuzzy_logic_fixed_snr,2.9307,0.952
109,v4,v3,40.0,50.09,10.0,1.0,0.2504,0.2,36.2995,False,fuzzy_logic_fixed_snr,36.2815,0.999
109,v4,v7,40.0,70.06,10.0,1.0,0.3503,0.2,36.008,False,fuzzy_logic_fixed_snr,35.9698,0.998
109,v4,v15,40.0,100.04,10.0,1.0,0.5002,0.2,35.6986,False,fuzzy_logic_fixed_snr,35.6783,1.0
109,v4,v11,40.0,110.04,10.0,1.0,0.5502,0.2,35.6159,False,fuzzy_logic_fixed_snr,35.5856,1.0
109,v4,v8,40.0,190.0,30.0,1.0,0.95,0.6,34.8404,True,fuzzy_logic_fixed_snr,2.9563,0.9523
110,v1,v6,40.0,90.05,10.0,1.0,0.4502,0.2,35.79,False,fuzzy_logic_fixed_snr,35.7615,1.0
110,v1,v5,40.0,130.0,20.0,1.0,0.65,0.4,35.295,True,fuzzy_logic_fixed_snr,2.9566,0.9504
110,v1,v13,40.0,180.0,30.0,1.0,0.9,0.6,34.8874,True,fuzzy_logic_fixed_snr,2.956,0.9514
110,v3,v7,20.0,20.0,10.0,0.6,0.1,0.2,17.0969,False,fuzzy_logic_fixed_snr,17.066,0.9971
110,v3,v15,20.0,50.0,20.0,0.6,0.25,0.4,16.1249,True,fuzzy_logic_fixed_snr,2.9336,0.952
110,v3,v11,20.0,60.0,20.0,0.6,0.3,0.4,15.9666,True,fuzzy_logic_fixed_snr,2.9309,0.9504
110,v3,v4,20.0,60.07,0.0,0.6,0.3004,0.0,16.4426,True,fuzzy_logic_fixed_snr,2.9376,0.9543
110,v3,v8,20.0,160.03,0.0,0.6,0.8001,0.0,15.5916,True,fuzzy_logic_fixed_snr,2.9298,0.948
110,v4,v3,40.0,60.07,0.0,1.0,0.3004,0.0,36.4426,False,fuzzy_logic_fixed_snr,36.4154,0.999
110,v4,v7,40.0,80.06,10.0,1.0,0.4003,0.2,35.8922,False,fuzzy_logic_fixed_snr,35.8621,0.999
110,v4,v15,40.0,110.04,20.0,1.0,0.5502,0.4,35.4398,False,fuzzy_logic_fixed_snr,35.41,0.998
110,v4,v11,40.0,120.04,20.0,1.0,0.6002,0.4,35.3642,False,fuzzy_logic_fixed_snr,35.3428,0.999
111,v1,v6,40.0,100.04,10.0,1.0,0.5002,0.2,35.6986,False,fuzzy_logic_fixed_snr,35.6687,0.999
111,v1,v5,40.0,150.0,30.0,1.0,0.75,0.6,35.0458,True,fuzzy_logic_fixed_snr,2.957,0.9523
111,v1,v2,40.0,180.02,20.0,1.0,0.9001,0.4,35.0122,True,fuzzy_logic_fixed_snr,2.9566,0.9533
111,v2,v1,20.0,180.02,20.0,0.6,0.9001,0.4,15.0122,True,fuzzy_logic_fixed_snr,2.9274,0.9496
111,v3,v7,20.0,30.0,20.0,0.6,0.15,0.4,16.5686,True,fuzzy_logic_fixed_snr,2.9355,0.9514
111,v3,v4,20.0,60.07,10.0,0.6,0.3004,0.2,16.1416,True,fuzzy_logic_fixed_snr,2.934,0.951
111,v3,v15,20.0,70.0,0.0,0.6,0.35,0.0,16.3098,True,fuzzy_logic_fixed_snr,2.9345,0.9586
111,v3,v11,20.0,80.0,20.0,0.6,0.4,0.4,15.7167,True,fuzzy_logic_fixed_snr,2.9327,0.9486
111,v3,v8,20.0,160.03,10.0,0.6,0.8001,0.2,15.2906,True,fuzzy_logic_fixed_snr,2.9281,0.949
111,v4,v3,40.0,60.07,10.0,1.0,0.3004,0.2,36.1416,False,fuzzy_logic_fixed_snr,36.1199,0.999
111,v4,v7,40.0,90.05,30.0,1.0,0.4502,0.6,35.489,True,fuzzy_logic_fixed_snr,2.9567,0.9514
111,v4,v15,40.0,130.03,10.0,1.0,0.6502,0.2,35.4709,False,fuzzy_logic_fixed_snr,35.4517,1.0
111,v4,v11,40.0,140.03,30.0,1.0,0.7002,0.6,35.1055,True,fuzzy_logic_fixed_snr,2.9565,0.9533
112,v1,v6,40.0,90.05,10.0,1.0,0.4502,0.2,35.79,False,fuzzy_logic_fixed_snr,35.7727,0.999
112,v1,v5,40.0,120.0,20.0,1.0,0.6,0.4,35.3645,False,fuzzy_logic_fixed_snr,35.3322,1.0
112,v1,v13,40.0,180.0,0.0,1.0,0.9,0.0,35.4895,True,fuzzy_logic_fixed_snr,2.9565,0.9514
112,v3,v7,20.0,50.0,10.0,0.6,0.25,0.2,16.301,False,fuzzy_logic_fixed_snr,16.2728,0.9971
112,v3,v15,20.0,70.0,10.0,0.6,0.35,0.2,16.0088,True,fuzzy_logic_fixed_snr,2.9335,0.9504
112,v3,v4,20.0,70.06,20.0,0.6,0.3503,0.4,15.8319,True,fuzzy_logic_fixed_snr,2.9338,0.9465
112,v3,v11,20.0,100.0,0.0,0.6,0.5,0.0,16.0,True,fuzzy_logic_fixed_snr,2.9338,0.9514
112,v3,v8,20.0,170.03,30.0,0.6,0.8501,0.6,14.9369,True,fuzzy_logic_fixed_snr,2.9277,0.9549
112,v4,v3,40.0,70.06,20.0,1.0,0.3503,0.4,35.8319,False,fuzzy_logic_fixed_snr,35.8022,0.998
112,v4,v7,40.0,120.04,10.0,1.0,0.6002,0.2,35.5403,False,fuzzy_logic_fixed_snr,35.5175,1.0
112,v4,v15,40.0,140.03,30.0,1.0,0.7002,0.6,35.1055,True,fuzzy_logic_fixed_snr,2.9561,0.9523
112,v4,v11,40.0,170.03,20.0,1.0,0.8501,0.4,35.0618,True,fuzzy_logic_fixed_snr,2.9563,0.9549
113,v1,v6,40.0,80.06,20.0,1.0,0.4003,0.4,35.7161,False,fuzzy_logic_fixed_snr,35.6871,0.999
113,v1,v5,40.0,140.0,10.0,1.0,0.7,0.2,35.4067,False,fuzzy_logic_fixed_snr,35.378,0.998
113,v1,v13,40.0,180.0,20.0,1.0,0.9,0.4,35.0123,True,fuzzy_logic_fixed_snr,2.9568,0.9533
113,v3,v4,20.0,50.09,20.0,0.6,0.2504,0.4,16.1234,True,fuzzy_logic_fixed_snr,2.9347,0.9506
113,v3,v7,20.0,60.0,20.0,0.6,0.3,0.4,15.9666,True,fuzzy_logic_fixed_snr,2.932,0.9555
113,v3,v15,20.0,60.0,20.0,0.6,0.3,0.4,15.9666,True,fuzzy_logic_fixed_snr,2.9332,0.95
113,v3,v11,20.0,100.0,20.0,0.6,0.5,0.4,15.5229,True,fuzzy_logic_fixed_snr,2.9291,0.952
113,v4,v3,40.0,50.09,20.0,1.0,0.2504,0.4,36.1234,False,fuzzy_logic_fixed_snr,36.115,0.999
113,v4,v7,40.0,110.04,40.0,1.0,0.5502,0.8,35.2179,True,fuzzy_logic_fixed_snr,2.9567,0.9533
113,v4,v15,40.0,110.04,40.0,1.0,0.5502,0.8,35.2179,True,fuzzy_logic_fixed_snr,2.9565,0.9514
113,v4,v11,40.0,150.03,40.0,1.0,0.7501,0.8,34.9487,True,fuzzy_logic_fixed_snr,2.9565,0.952
114,v1,v6,40.0,100.04,20.0,1.0,0.5002,0.4,35.5225,False,fuzzy_logic_fixed_snr,35.4984,0.998
114,v1,v5,40.0,130.0,20.0,1.0,0.65,0.4,35.295,True,fuzzy_logic_fixed_snr,2.9569,0.9504
114,v1,v13,40.0,200.0,30.0,1.0,1.0,0.6,34.7959,True,fuzzy_logic_fixed_snr,2.9562,0.9514
114,v3,v4,20.0,30.15,30.0,0.6,0.1507,0.6,16.4394,True,fuzzy_logic_fixed_snr,2.9363,0.9455
114,v3,v7,20.0,40.0,40.0,0.6,0.2,0.8,16.0969,True,fuzzy_logic_fixed_snr,2.9352,0.9504
114,v3,v15,20.0,40.0,0.0,0.6,0.2,0.0,16.7959,False,fuzzy_logic_fixed_snr,16.7572,0.9971
114,v3,v11,20.0,80.0,40.0,0.6,0.4,0.8,15.4949,True,fuzzy_logic_fixed_snr,2.9305,0.9514
114,v3,v8,20.0,180.02,20.0,0.6,0.9001,0.4,15.0122,True,fuzzy_logic_fixed_snr,2.9281,0.9475
114,v4,v3,40.0,30.15,30.0,1.0,0.1507,0.6,36.4394,False,fuzzy_logic_fixed_snr,36.4141,1.0
114,v4,v7,40.0,70.06,10.0,1.0,0.3503,0.2,36.008,False,fuzzy_logic_fixed_snr,35.9801,1.0
114,v4,v15,40.0,70.06,30.0,1.0,0.3503,0.6,35.7069,False,fuzzy_logic_fixed_snr,35.6718,1.0
114,v4,v11,40.0,110.04,10.0,1.0,0.5502,0.2,35.6159,False,fuzzy_logic_fixed_snr,35.5937,0.999
115,v1,v6,40.0,80.06,30.0,1.0,0.4003,0.6,35.5911,False,fuzzy_logic_fixed_snr,35.5581,1.0
115,v1,v5,40.0,110.0,0.0,1.0,0.55,0.0,35.9172,False,fuzzy_logic_fixed_snr,35.8873,0.999
115,v1,v13,40.0,170.0,20.0,1.0,0.85,0.4,35.062,True,fuzzy_logic_fixed_snr,2.956,0.9514
115,v3,v7,20.0,0.0,10.0,0.6,0.0,0.2,21.699,False,fuzzy_logic_fixed_snr,21.6692,0.999
115,v3,v11,20.0,40.0,20.0,0.6,0.2,0.4,16.3188,True,fuzzy_logic_fixed_snr,2.9351,0.9549
115,v3,v15,20.0,40.0,10.0,0.6,0.2,0.2,16.4949,False,fuzzy_logic_fixed_snr,16.4595,0.9961
115,v3,v4,20.0,60.07,30.0,0.6,0.3004,0.6,15.8406,True,fuzzy_logic_fixed_snr,2.9319,0.9529
115,v3,v8,20.0,160.03,30.0,0.6,0.8001,0.6,14.9895,True,fuzzy_logic_fixed_snr,2.9259,0.95
115,v4,v3,40.0,60.07,30.0,1.0,0.3004,0.6,35.8406,False,fuzzy_logic_fixed_snr,35.8122,1.0
115,v4,v7,40.0,60.07,20.0,1.0,0.3004,0.4,35.9655,False,fuzzy_logic_fixed_snr,35.9338,1.0
115,v4,v11,40.0,100.04,10.0,1.0,0.5002,0.2,35.6986,False,fuzzy_logic_fixed_snr,35.6674,1.0
115,v4,v15,40.0,100.04,20.0,1.0,0.5002,0.4,35.5225,False,fuzzy_logic_fixed_snr,35.4954,0.998
116,v1,v5,40.0,110.0,0.0,1.0,0.55,0.0,35.9172,False,fuzzy_logic_fixed_snr,35.8947,0.998
116,v1,v6,40.0,110.04,20.0,1.0,0.5502,0.4,35.4398,False,fuzzy_logic_fixed_snr,35.4075,0.998
116,v1,v13,40.0,190.0,0.0,1.0,0.95,0.0,35.4425,True,fuzzy_logic_fixed_snr,2.9563,0.9504
116,v3,v7,20.0,10.0,30.0,0.6,0.05,0.6,17.3979,True,fuzzy_logic_fixed_snr,2.9417,0.9471
116,v3,v11,20.0,20.0,40.0,0.6,0.1,0.8,16.699,True,fuzzy_logic_fixed_snr,2.9368,0.9602
116,v3,v15,20.0,30.0,40.0,0.6,0.15,0.8,16.3468,True,fuzzy_logic_fixed_snr,2.9361,0.9553
116,v3,v4,20.0,90.05,20.0,0.6,0.4502,0.4,15.6139,True,fuzzy_logic_fixed_snr,2.9309,0.9523
116,v3,v8,20.0,130.03,40.0,0.6,0.6502,0.8,15.0729,True,fuzzy_logic_fixed_snr,2.9269,0.949
116,v4,v7,40.0,80.06,10.0,1.0,0.4003,0.2,35.8922,False,fuzzy_logic_fixed_snr,35.8774,1.0
116,v4,v3,40.0,90.05,20.0,1.0,0.4502,0.4,35.6139,False,fuzzy_logic_fixed_snr,35.5806,1.0
116,v4,v11,40.0,110.04,20.0,1.0,0.5502,0.4,35.4398,False,fuzzy_logic_fixed_snr,35.4163,1.0
116,v4,v15,40.0,120.04,20.0,1.0,0.6002,0.4,35.3642,False,fuzzy_logic_fixed_snr,35.3353,1.0
117,v1,v5,40.0,110.0,30.0,1.0,0.55,0.6,35.3152,True,fuzzy_logic_fixed_snr,2.956,0.9533
117,v1,v6,40.0,130.03,40.0,1.0,0.6502,0.8,35.0729,True,fuzzy_logic_fixed_snr,2.9563,0.9543
117,v1,v13,40.0,190.0,10.0,1.0,0.95,0.2,35.1415,True,fuzzy_logic_fixed_snr,2.956,0.9514
117,v3,v15,20.0,10.0,0.0,0.6,0.05,0.0,18.0,False,fuzzy_logic_fixed_snr,17.9751,0.999
117,v3,v11,20.0,20.0,0.0,0.6,0.1,0.0,17.3979,False,fuzzy_logic_fixed_snr,17.3735,0.9971
117,v3,v7,20.0,40.0,10.0,0.6,0.2,0.2,16.4949,False,fuzzy_logic_fixed_snr,16.4694,0.9941
117,v3,v8,20.0,90.05,30.0,0.6,0.4502,0.6,15.489,True,fuzzy_logic_fixed_snr,2.9299,0.9559
117,v3,v4,20.0,110.04,20.0,0.6,0.5502,0.4,15.4398,True,fuzzy_logic_fixed_snr,2.9283,0.9529
117,v4,v7,40.0,70.06,30.0,1.0,0.3503,0.6,35.7069,False,fuzzy_logic_fixed_snr,35.6637,0.999
117,v4,v11,40.0,90.05,20.0,1.0,0.4502,0.4,35.6139,False,fuzzy_logic_fixed_snr,35.5839,0.998
117,v4,v15,40.0,100.04,20.0,1.0,0.5002,0.4,35.5225,False,fuzzy_logic_fixed_snr,35.5006,0.999
117,v4,v3,40.0,110.04,20.0,1.0,0.5502,0.4,35.4398,False,fuzzy_logic_fixed_snr,35.4146,0.999
117,v4,v8,40.0,200.0,10.0,1.0,1.0,0.2,35.0969,True,fuzzy_logic_fixed_snr,2.9565,0.9533
118,v1,v5,40.0,140.0,40.0,1.0,0.7,0.8,35.0088,True,fuzzy_logic_fixed_snr,2.9558,0.9514
118,v1,v6,40.0,170.03,20.0,1.0,0.8501,0.4,35.0618,True,fuzzy_logic_fixed_snr,2.9564,0.9523
118,v1,v13,40.0,200.0,40.0,1.0,1.0,0.8,34.699,True,fuzzy_logic_fixed_snr,2.9571,0.9529
118,v3,v15,20.0,10.0,0.0,0.6,0.05,0.0,18.0,False,fuzzy_logic_fixed_snr,17.9709,0.9951
118,v3,v11,20.0,20.0,30.0,0.6,0.1,0.6,16.7959,True,fuzzy_logic_fixed_snr,2.9381,0.952
118,v3,v7,20.0,50.0,10.0,0.6,0.25,0.2,16.301,False,fuzzy_logic_fixed_snr,16.277,0.9941
118,v3,v4,20.0,90.05,30.0,0.6,0.4502,0.6,15.489,True,fuzzy_logic_fixed_snr,2.9303,0.9529
118,v3,v8,20.0,120.04,0.0,0.6,0.6002,0.0,15.8414,True,fuzzy_logic_fixed_snr,2.9356,0.9514
118,v4,v7,40.0,40.11,20.0,1.0,0.2006,0.4,36.3163,False,fuzzy_logic_fixed_snr,36.2917,0.999
118,v4,v11,40.0,70.06,0.0,1.0,0.3503,0.0,36.309,False,fuzzy_logic_fixed_snr,36.2764,1.0
118,v4,v15,40.0,80.06,30.0,1.0,0.4003,0.6,35.5911,False,fuzzy_logic_fixed_snr,35.5717,1.0
118,v4,v3,40.0,90.05,30.0,1.0,0.4502,0.6,35.489,True,fuzzy_logic_fixed_snr,2.9566,0.9514
119,v1,v5,40.0,100.0,0.0,1.0,0.5,0.0,36.0,False,fuzzy_logic_fixed_snr,35.9794,1.0
119,v1,v6,40.0,150.03,10.0,1.0,0.7501,0.2,35.3466,False,fuzzy_logic_fixed_snr,35.3102,0.999
119,v1,v13,40.0,160.0,30.0,1.0,0.8,0.6,34.9897,True,fuzzy_logic_fixed_snr,2.9561,0.9514
119,v3,v11,20.0,10.0,10.0,0.6,0.05,0.2,17.699,False,fuzzy_logic_fixed_snr,17.6752,0.998
119,v3,v15,20.0,10.0,20.0,0.6,0.05,0.4,17.5229,True,fuzzy_logic_fixed_snr,2.9405,0.951
119,v3,v7,20.0,40.0,20.0,0.6,0.2,0.4,16.3188,True,fuzzy_logic_fixed_snr,2.9346,0.9504
119,v3,v4,20.0,60.07,20.0,0.6,0.3004,0.4,15.9655,True,fuzzy_logic_fixed_snr,2.9324,0.9535
119,v3,v8,20.0,120.04,30.0,0.6,0.6002,0.6,15.2393,True,fuzzy_logic_fixed_snr,2.9304,0.952
119,v4,v7,40.0,20.22,0.0,1.0,0.1011,0.0,37.3883,False,fuzzy_logic_fixed_snr,37.3629,0.999
119,v4,v15,40.0,50.09,0.0,1.0,0.2504,0.0,36.6005,False,fuzzy_logic_fixed_snr,36.5867,1.0
119,v4,v3,40.0,60.07,20.0,1.0,0.3004,0.4,35.9655,False,fuzzy_logic_fixed_snr,35.9402,1.0
119,v4,v11,40.0,70.06,10.0,1.0,0.3503,0.2,36.008,False,fuzzy_logic_fixed_snr,35.9847,1.0
119,v4,v8,40.0,180.0,10.0,1.0,0.9,0.2,35.1884,True,fuzzy_logic_fixed_snr,2.9563,0.9504
120,v1,v5,40.0,100.0,0.0,1.0,0.5,0.0,36.0,False,fuzzy_logic_fixed_snr,35.9743,1.0
120,v1,v13,40.0,130.0,20.0,1.0,0.65,0.4,35.295,True,fuzzy_logic_fixed_snr,2.9566,0.9504
120,v1,v6,40.0,140.03,20.0,1.0,0.7002,0.4,35.2304,True,fuzzy_logic_fixed_snr,2.9561,0.9523
120,v3,v15,20.0,10.0,20.0,0.6,0.05,0.4,17.5229,True,fuzzy_logic_fixed_snr,2.9405,0.9465
120,v3,v7,20.0,20.0,0.0,0.6,0.1,0.0,17.3979,False,fuzzy_logic_fixed_snr,17.3715,0.9932
120,v3,v11,20.0,20.0,10.0,0.6,0.1,0.2,17.0969,False,fuzzy_logic_fixed_snr,17.0788,0.998
120,v3,v4,20.0,40.11,20.0,0.6,0.2006,0.4,16.3163,True,fuzzy_logic_fixed_snr,2.9356,0.9549
120,v3,v8,20.0,150.03,10.0,0.6,0.7501,0.2,15.3466,True,fuzzy_logic_fixed_snr,2.9291,0.9529
120,v4,v7,40.0,20.22,20.0,1.0,0.1011,0.4,36.9112,False,fuzzy_logic_fixed_snr,36.9,1.0
120,v4,v3,40.0,40.11,20.0,1.0,0.2006,0.4,36.3163,False,fuzzy_logic_fixed_snr,36.287,0.998
120,v4,v15,40.0,50.09,40.0,1.0,0.2504,0.8,35.9015,True,fuzzy_logic_fixed_snr,2.9564,0.9504
120,v4,v11,40.0,60.07,10.0,1.0,0.3004,0.2,36.1416,False,fuzzy_logic_fixed_snr,36.1133,0.9971
120,v4,v8,40.0,190.0,30.0,1.0,0.95,0.6,34.8404,True,fuzzy_logic_fixed_snr,2.956,0.9533
121,v1,v5,40.0,100.0,0.0,1.0,0.5,0.0,36.0,False,fuzzy_logic_fixed_snr,35.966,0.999
121,v1,v13,40.0,110.0,0.0,1.0,0.55,0.0,35.9172,False,fuzzy_logic_fixed_snr,35.8777,0.999
121,v1,v6,40.0,160.03,0.0,1.0,0.8001,0.0,35.5916,True,fuzzy_logic_fixed_snr,2.9565,0.9533
121,v3,v15,20.0,10.0,40.0,0.6,0.05,0.8,17.301,True,fuzzy_logic_fixed_snr,2.941,0.9543
121,v3,v7,20.0,20.0,0.0,0.6,0.1,0.0,17.3979,False,fuzzy_logic_fixed_snr,17.3718,0.999
121,v3,v4,20.0,20.22,40.0,0.6,0.1011,0.8,16.6893,True,fuzzy_logic_fixed_snr,2.9354,0.9471
121,v3,v11,20.0,30.0,30.0,0.6,0.15,0.6,16.4437,True,fuzzy_logic_fixed_snr,2.9342,0.9514
121,v3,v8,20.0,140.03,0.0,0.6,0.7002,0.0,15.7075,True,fuzzy_logic_fixed_snr,2.9302,0.9445
121,v4,v7,40.0,3.0,40.0,1.0,0.015,0.8,38.3468,True,fuzzy_logic_fixed_snr,2.9566,0.9523
121,v4,v15,40.0,10.44,0.0,1.0,0.0522,0.0,37.9626,False,fuzzy_logic_fixed_snr,37.9234,1.0
121,v4,v3,40.0,20.22,40.0,1.0,0.1011,0.8,36.6893,True,fuzzy_logic_fixed_snr,2.9564,0.9494
121,v4,v11,40.0,50.09,10.0,1.0,0.2504,0.2,36.2995,False,fuzzy_logic_fixed_snr,36.2683,1.0
121,v4,v8,40.0,160.0,40.0,1.0,0.8,0.8,34.8928,True,fuzzy_logic_fixed_snr,2.9567,0.9563
122,v1,v5,40.0,100.0,20.0,1.0,0.5,0.4,35.5229,False,fuzzy_logic_fixed_snr,35.5001,1.0
122,v1,v13,40.0,110.0,20.0,1.0,0.55,0.4,35.4401,False,fuzzy_logic_fixed_snr,35.3942,0.999
122,v1,v6,40.0,160.03,20.0,1.0,0.8001,0.4,35.1145,True,fuzzy_logic_fixed_snr,2.9568,0.9514
122,v3,v11,20.0,0.0,10.0,0.6,0.0,0.2,21.699,False,fuzzy_logic_fixed_snr,21.6754,0.9971
122,v3,v7,20.0,20.0,10.0,0.6,0.1,0.2,17.0969,False,fuzzy_logic_fixed_snr,17.0741,0.998
122,v3,v15,20.0,50.0,10.0,0.6,0.25,0.2,16.301,False,fuzzy_logic_fixed_snr,16.2773,0.9961
122,v3,v4,20.0,60.07,20.0,0.6,0.3004,0.4,15.9655,True,fuzzy_logic_fixed_snr,2.9325,0.9496
122,v3,v8,20.0,140.03,20.0,0.6,0.7002,0.4,15.2304,True,fuzzy_logic_fixed_snr,2.9276,0.9549
122,v4,v15,40.0,10.44,30.0,1.0,0.0522,0.6,37.3605,False,fuzzy_logic_fixed_snr,37.3246,0.999
122,v4,v7,40.0,40.11,10.0,1.0,0.2006,0.2,36.4924,False,fuzzy_logic_fixed_snr,36.4726,0.998
122,v4,v3,40.0,60.07,20.0,1.0,0.3004,0.4,35.9655,False,fuzzy_logic_fixed_snr,35.9322,0.998
122,v4,v11,40.0,60.07,30.0,1.0,0.3004,0.6,35.8406,False,fuzzy_logic_fixed_snr,35.8197,1.0
122,v4,v8,40.0,200.0,40.0,1.0,1.0,0.8,34.699,True,fuzzy_logic_fixed_snr,2.9561,0.9504
123,v1,v5,40.0,120.0,20.0,1.0,0.6,0.4,35.3645,False,fuzzy_logic_fixed_snr,35.3408,0.9971
123,v1,v13,40.0,130.0,20.0,1.0,0.65,0.4,35.295,True,fuzzy_logic_fixed_snr,2.9566,0.9504
123,v1,v6,40.0,140.03,10.0,1.0,0.7002,0.2,35.4065,False,fuzzy_logic_fixed_snr,35.3851,0.998
123,v3,v7,20.0,10.0,40.0,0.6,0.05,0.8,17.301,True,fuzzy_logic_fixed_snr,2.9389,0.949
123,v3,v11,20.0,10.0,40.0,0.6,0.05,0.8,17.301,True,fuzzy_logic_fixed_snr,2.9413,0.95
123,v3,v4,20.0,40.11,20.0,0.6,0.2006,0.4,16.3163,True,fuzzy_logic_fixed_snr,2.9328,0.9525
123,v3,v15,20.0,60.0,0.0,0.6,0.3,0.0,16.4437,True,fuzzy_logic_fixed_snr,2.9357,0.9559
123,v3,v8,20.0,120.04,40.0,0.6,0.6002,0.8,15.1424,True,fuzzy_logic_fixed_snr,2.9257,0.9494
123,v4,v15,40.0,20.22,20.0,1.0,0.1011,0.4,36.9112,False,fuzzy_logic_fixed_snr,36.8784,0.998
123,v4,v7,40.0,30.15,20.0,1.0,0.1507,0.4,36.5643,False,fuzzy_logic_fixed_snr,36.5332,0.999
123,v4,v11,40.0,30.15,20.0,1.0,0.1507,0.4,36.5643,False,fuzzy_logic_fixed_snr,36.5455,0.999
123,v4,v3,40.0,40.11,20.0,1.0,0.2006,0.4,36.3163,False,fuzzy_logic_fixed_snr,36.2907,0.999
123,v4,v8,40.0,160.0,20.0,1.0,0.8,0.4,35.1146,True,fuzzy_logic_fixed_snr,2.9565,0.9514
124,v1,v5,40.0,140.0,10.0,1.0,0.7,0.2,35.4067,False,fuzzy_logic_fixed_snr,35.3641,1.0
124,v1,v13,40.0,150.0,30.0,1.0,0.75,0.6,35.0458,True,fuzzy_logic_fixed_snr,2.9562,0.9523
124,v1,v6,40.0,150.03,10.0,1.0,0.7501,0.2,35.3466,False,fuzzy_logic_fixed_snr,35.317,1.0
124,v3,v7,20.0,50.0,20.0,0.6,0.25,0.4,16.1249,True,fuzzy_logic_fixed_snr,2.9342,0.9475
124,v3,v11,20.0,50.0,0.0,0.6,0.25,0.0,16.6021,False,fuzzy_logic_fixed_snr,16.5829,0.9945
124,v3,v15,20.0,60.0,10.0,0.6,0.3,0.2,16.1427,True,fuzzy_logic_fixed_snr,2.9338,0.9535
124,v3,v4,20.0,60.07,20.0,0.6,0.3004,0.4,15.9655,True,fuzzy_logic_fixed_snr,2.9331,0.9445
124,v3,v8,20.0,80.06,10.0,0.6,0.4003,0.2,15.8922,True,fuzzy_logic_fixed_snr,2.9325,0.9416
124,v4,v15,40.0,3.0,30.0,1.0,0.015,0.6,38.4437,False,fuzzy_logic_fixed_snr,38.4267,0.999
124,v4,v7,40.0,10.44,0.0,1.0,0.0522,0.0,37.9626,False,fuzzy_logic_fixed_snr,37.94,0.999
124,v4,v11,40.0,10.44,20.0,1.0,0.0522,0.4,37.4855,False,fuzzy_logic_fixed_snr,37.4667,1.0
124,v4,v3,40.0,60.07,20.0,1.0,0.3004,0.4,35.9655,False,fuzzy_logic_fixed_snr,35.933,0.999
124,v4,v8,40.0,140.0,10.0,1.0,0.7,0.2,35.4067,False,fuzzy_logic_fixed_snr,35.3604,0.999
125,v1,v13,40.0,120.0,10.0,1.0,0.6,0.2,35.5406,False,fuzzy_logic_fixed_snr,35.5114,1.0
125,v1,v5,40.0,130.0,0.0,1.0,0.65,0.0,35.7721,False,fuzzy_logic_fixed_snr,35.7509,0.999
125,v1,v6,40.0,140.03,0.0,1.0,0.7002,0.0,35.7075,False,fuzzy_logic_fixed_snr,35.6753,1.0
125,v3,v11,20.0,50.0,10.0,0.6,0.25,0.2,16.301,False,fuzzy_logic_fixed_snr,16.2743,0.9961
125,v3,v15,20.0,50.0,10.0,0.6,0.25,0.2,16.301,False,fuzzy_logic_fixed_snr,16.27,0.9971
125,v3,v7,20.0,70.0,10.0,0.6,0.35,0.2,16.0088,True,fuzzy_logic_fixed_snr,2.9331,0.9533
125,v3,v8,20.0,70.06,30.0,0.6,0.3503,0.6,15.7069,True,fuzzy_logic_fixed_snr,2.9315,0.9523
125,v3,v4,20.0,80.06,20.0,0.6,0.4003,0.4,15.7161,True,fuzzy_logic_fixed_snr,2.9341,0.9529
125,v4,v7,40.0,10.44,10.0,1.0,0.0522,0.2,37.6615,False,fuzzy_logic_fixed_snr,37.6261,0.999
125,v4,v11,40.0,30.15,10.0,1.0,0.1507,0.2,36.7404,False,fuzzy_logic_fixed_snr,36.7109,1.0
125,v4,v15,40.0,30.15,30.0,1.0,0.1507,0.6,36.4394,False,fuzzy_logic_fixed_snr,36.4282,0.999
125,v4,v3,40.0,80.06,20.0,1.0,0.4003,0.4,35.7161,False,fuzzy_logic_fixed_snr,35.6926,0.999
125,v4,v8,40.0,150.0,10.0,1.0,0.75,0.2,35.3468,False,fuzzy_logic_fixed_snr,35.3244,0.999
126,v1,v5,40.0,130.0,20.0,1.0,0.65,0.4,35.295,True,fuzzy_logic_fixed_snr,2.9569,0.9533
126,v1,v13,40.0,130.0,0.0,1.0,0.65,0.0,35.7721,False,fuzzy_logic_fixed_snr,35.7441,1.0
126,v1,v6,40.0,140.03,10.0,1.0,0.7002,0.2,35.4065,False,fuzzy_logic_fixed_snr,35.3731,0.999
126,v3,v15,20.0,40.0,20.0,0.6,0.2,0.4,16.3188,True,fuzzy_logic_fixed_snr,2.9357,0.9504
126,v3,v8,20.0,40.11,10.0,0.6,0.2006,0.2,16.4924,False,fuzzy_logic_fixed_snr,16.4641,0.9971
126,v3,v11,20.0,60.0,10.0,0.6,0.3,0.2,16.1427,True,fuzzy_logic_fixed_snr,2.9357,0.9514
126,v3,v7,20.0,80.0,10.0,0.6,0.4,0.2,15.8928,True,fuzzy_logic_fixed_snr,2.9335,0.9533
126,v3,v4,20.0,100.04,0.0,0.6,0.5002,0.0,15.9996,True,fuzzy_logic_fixed_snr,2.9333,0.9559
126,v4,v7,40.0,20.22,10.0,1.0,0.1011,0.2,37.0872,False,fuzzy_logic_fixed_snr,37.0613,0.999
126,v4,v11,40.0,40.11,10.0,1.0,0.2006,0.2,36.4924,False,fuzzy_logic_fixed_snr,36.4724,0.999
126,v4,v15,40.0,60.07,20.0,1.0,0.3004,0.4,35.9655,False,fuzzy_logic_fixed_snr,35.932,1.0
126,v4,v3,40.0,100.04,0.0,1.0,0.5002,0.0,35.9996,False,fuzzy_logic_fixed_snr,35.9687,0.999
126,v4,v8,40.0,140.0,10.0,1.0,0.7,0.2,35.4067,False,fuzzy_logic_fixed_snr,35.3787,0.999
127,v1,v5,40.0,110.0,20.0,1.0,0.55,0.4,35.4401,False,fuzzy_logic_fixed_snr,35.4099,0.999
127,v1,v13,40.0,130.0,40.0,1.0,0.65,0.8,35.0731,True,fuzzy_logic_fixed_snr,2.9568,0.9504
127,v1,v6,40.0,150.03,0.0,1.0,0.7501,0.0,35.6476,False,fuzzy_logic_fixed_snr,35.6208,1.0
127,v3,v8,20.0,50.09,30.0,0.6,0.2504,0.6,15.9984,True,fuzzy_logic_fixed_snr,2.9343,0.9572
127,v3,v15,20.0,60.0,20.0,0.6,0.3,0.4,15.9666,True,fuzzy_logic_fixed_snr,2.9337,0.9553
127,v3,v7,20.0,70.0,10.0,0.6,0.35,0.2,16.0088,True,fuzzy_logic_fixed_snr,2.9328,0.9518
127,v3,v11,20.0,70.0,10.0,0.6,0.35,0.2,16.0088,True,fuzzy_logic_fixed_snr,2.9306,0.9451
127,v3,v4,20.0,100.04,10.0,0.6,0.5002,0.2,15.6986,True,fuzzy_logic_fixed_snr,2.932,0.9529
127,v4,v7,40.0,30.15,0.0,1.0,0.1507,0.0,37.0414,False,fuzzy_logic_fixed_snr,37.014,0.999
127,v4,v11,40.0,30.15,0.0,1.0,0.1507,0.0,37.0414,False,fuzzy_logic_fixed_snr,37.0234,0.999
127,v4,v15,40.0,40.11,30.0,1.0,0.2006,0.6,36.1914,False,fuzzy_logic_fixed_snr,36.1666,1.0
127,v4,v3,40.0,100.04,10.0,1.0,0.5002,0.2,35.6986,False,fuzzy_logic_fixed_snr,35.6704,0.999
127,v4,v8,40.0,150.0,40.0,1.0,0.75,0.8,34.9488,True,fuzzy_logic_fixed_snr,2.9569,0.9514
128,v1,v5,40.0,90.0,30.0,1.0,0.45,0.6,35.4895,False,fuzzy_logic_fixed_snr,35.4689,0.999
128,v1,v13,40.0,90.0,30.0,1.0,0.45,0.6,35.4895,False,fuzzy_logic_fixed_snr,35.4697,0.999
128,v1,v6,40.0,150.03,20.0,1.0,0.7501,0.4,35.1705,True,fuzzy_logic_fixed_snr,2.9569,0.9514
128,v3,v15,20.0,40.0,10.0,0.6,0.2,0.2,16.4949,False,fuzzy_logic_fixed_snr,16.4817,0.9971
128,v3,v7,20.0,80.0,30.0,0.6,0.4,0.6,15.5918,True,fuzzy_logic_fixed_snr,2.9303,0.9568
128,v3,v11,20.0,80.0,0.0,0.6,0.4,0.0,16.1938,True,fuzzy_logic_fixed_snr,2.9343,0.949
128,v3,v8,20.0,80.06,0.0,0.6,0.4003,0.0,16.1932,True,fuzzy_logic_fixed_snr,2.9353,0.9523
128,v3,v4,20.0,110.04,30.0,0.6,0.5502,0.6,15.3148,True,fuzzy_logic_fixed_snr,2.9315,0.9535
128,v4,v7,40.0,30.15,0.0,1.0,0.1507,0.0,37.0414,False,fuzzy_logic_fixed_snr,37.021,1.0
128,v4,v11,40.0,30.15,30.0,1.0,0.1507,0.6,36.4394,False,fuzzy_logic_fixed_snr,36.4142,1.0
128,v4,v15,40.0,70.06,40.0,1.0,0.3503,0.8,35.61,True,fuzzy_logic_fixed_snr,2.9569,0.9504
128,v4,v3,40.0,110.04,30.0,1.0,0.5502,0.6,35.3148,True,fuzzy_logic_fixed_snr,2.9567,0.9523
128,v4,v8,40.0,190.0,30.0,1.0,0.95,0.6,34.8404,True,fuzzy_logic_fixed_snr,2.9562,0.9523
129,v1,v5,40.0,60.0,0.0,1.0,0.3,0.0,36.4437,False,fuzzy_logic_fixed_snr,36.4241,0.999
129,v1,v13,40.0,60.0,0.0,1.0,0.3,0.0,36.4437,False,fuzzy_logic_fixed_snr,36.4097,0.999
129,v1,v6,40.0,130.03,30.0,1.0,0.6502,0.6,35.1698,True,fuzzy_logic_fixed_snr,2.956,0.9484
129,v3,v7,20.0,50.0,20.0,0.6,0.25,0.4,16.1249,True,fuzzy_logic_fixed_snr,2.9376,0.9445
129,v3,v15,20.0,50.0,10.0,0.6,0.25,0.2,16.301,False,fuzzy_logic_fixed_snr,16.2706,0.9951
129,v3,v11,20.0,80.0,40.0,0.6,0.4,0.8,15.4949,True,fuzzy_logic_fixed_snr,2.9325,0.951
129,v3,v4,20.0,80.06,40.0,0.6,0.4003,0.8,15.4942,True,fuzzy_logic_fixed_snr,2.9308,0.9484
129,v3,v8,20.0,80.06,40.0,0.6,0.4003,0.8,15.4942,True,fuzzy_logic_fixed_snr,2.9311,0.9504
129,v4,v11,40.0,3.0,0.0,1.0,0.015,0.0,39.0458,False,fuzzy_logic_fixed_snr,39.0305,1.0
129,v4,v7,40.0,30.15,20.0,1.0,0.1507,0.4,36.5643,False,fuzzy_logic_fixed_snr,36.5387,1.0
129,v4,v15,40.0,30.15,30.0,1.0,0.1507,0.6,36.4394,False,fuzzy_logic_fixed_snr,36.4116,0.999
129,v4,v3,40.0,80.06,40.0,1.0,0.4003,0.8,35.4942,True,fuzzy_logic_fixed_snr,2.9563,0.9523
129,v4,v8,40.0,160.0,0.0,1.0,0.8,0.0,35.5918,True,fuzzy_logic_fixed_snr,2.9567,0.9504
130,v1,v5,40.0,60.0,10.0,1.0,0.3,0.2,36.1427,False,fuzzy_logic_fixed_snr,36.117,0.999
130,v1,v13,40.0,60.0,20.0,1.0,0.3,0.4,35.9666,False,fuzzy_logic_fixed_snr,35.9402,1.0
130,v1,v6,40.0,100.04,20.0,1.0,0.5002,0.4,35.5225,False,fuzzy_logic_fixed_snr,35.4881,1.0
130,v3,v7,20.0,30.0,10.0,0.6,0.15,0.2,16.7447,False,fuzzy_logic_fixed_snr,16.7138,0.9941
130,v3,v11,20.0,40.0,0.0,0.6,0.2,0.0,16.7959,False,fuzzy_logic_fixed_snr,16.7819,0.998
130,v3,v15,20.0,40.0,30.0,0.6,0.2,0.6,16.1938,True,fuzzy_logic_fixed_snr,2.9328,0.9441
130,v3,v4,20.0,40.11,30.0,0.6,0.2006,0.6,16.1914,True,fuzzy_logic_fixed_snr,2.9345,0.951
130,v3,v8,20.0,120.04,30.0,0.6,0.6002,0.6,15.2393,True,fuzzy_logic_fixed_snr,2.9281,0.9471
130,v4,v11,40.0,3.0,30.0,1.0,0.015,0.6,38.4437,False,fuzzy_logic_fixed_snr,38.4139,1.0
130,v4,v15,40.0,3.0,0.0,1.0,0.015,0.0,39.0458,False,fuzzy_logic_fixed_snr,39.0237,1.0
130,v4,v7,40.0,10.44,20.0,1.0,0.0522,0.4,37.4855,False,fuzzy_logic_fixed_snr,37.4679,1.0
130,v4,v3,40.0,40.11,30.0,1.0,0.2006,0.6,36.1914,False,fuzzy_logic_fixed_snr,36.1551,1.0
130,v4,v8,40.0,160.0,0.0,1.0,0.8,0.0,35.5918,True,fuzzy_logic_fixed_snr,2.9562,0.9533
131,v1,v5,40.0,50.0,10.0,1.0,0.25,0.2,36.301,False,fuzzy_logic_fixed_snr,36.2739,1.0
131,v1,v13,40.0,80.0,0.0,1.0,0.4,0.0,36.1938,False,fuzzy_logic_fixed_snr,36.1589,1.0
131,v1,v6,40.0,120.04,20.0,1.0,0.6002,0.4,35.3642,False,fuzzy_logic_fixed_snr,35.3402,0.999
131,v3,v15,20.0,10.0,0.0,0.6,0.05,0.0,18.0,False,fuzzy_logic_fixed_snr,17.9673,0.9971
131,v3,v4,20.0,10.44,0.0,0.6,0.0522,0.0,17.9626,False,fuzzy_logic_fixed_snr,17.9286,0.9961
131,v3,v7,20.0,20.0,0.0,0.6,0.1,0.0,17.3979,False,fuzzy_logic_fixed_snr,17.3691,0.9961
131,v3,v11,20.0,40.0,10.0,0.6,0.2,0.2,16.4949,False,fuzzy_logic_fixed_snr,16.473,0.9971
131,v3,v8,20.0,150.03,10.0,0.6,0.7501,0.2,15.3466,True,fuzzy_logic_fixed_snr,2.9285,0.9475
131,v4,v15,40.0,3.0,0.0,1.0,0.015,0.0,39.0458,False,fuzzy_logic_fixed_snr,39.0125,0.999
131,v4,v3,40.0,10.44,0.0,1.0,0.0522,0.0,37.9626,False,fuzzy_logic_fixed_snr,37.9433,0.999
131,v4,v7,40.0,10.44,0.0,1.0,0.0522,0.0,37.9626,False,fuzzy_logic_fixed_snr,37.9372,0.999
131,v4,v11,40.0,30.15,10.0,1.0,0.1507,0.2,36.7404,False,fuzzy_logic_fixed_snr,36.7237,1.0
131,v4,v8,40.0,160.0,10.0,1.0,0.8,0.2,35.2907,True,fuzzy_logic_fixed_snr,2.9564,0.9484
132,v1,v5,40.0,60.0,30.0,1.0,0.3,0.6,35.8416,False,fuzzy_logic_fixed_snr,35.8242,1.0
132,v1,v13,40.0,80.0,10.0,1.0,0.4,0.2,35.8928,False,fuzzy_logic_fixed_snr,35.8578,1.0
132,v1,v6,40.0,140.03,0.0,1.0,0.7002,0.0,35.7075,False,fuzzy_logic_fixed_snr,35.6851,0.999
132,v3,v15,20.0,10.0,10.0,0.6,0.05,0.2,17.699,False,fuzzy_logic_fixed_snr,17.6724,0.9951
132,v3,v4,20.0,10.44,10.0,0.6,0.0522,0.2,17.6615,False,fuzzy_logic_fixed_snr,17.6345,0.9951
132,v3,v7,20.0,20.0,30.0,0.6,0.1,0.6,16.7959,True,fuzzy_logic_fixed_snr,2.9386,0.952
132,v3,v11,20.0,30.0,0.0,0.6,0.15,0.0,17.0458,False,fuzzy_logic_fixed_snr,17.0261,1.0
132,v3,v8,20.0,140.03,10.0,0.6,0.7002,0.2,15.4065,True,fuzzy_logic_fixed_snr,2.9284,0.9461
132,v4,v15,40.0,3.0,0.0,1.0,0.015,0.0,39.0458,False,fuzzy_logic_fixed_snr,39.0177,0.999
132,v4,v3,40.0,10.44,10.0,1.0,0.0522,0.2,37.6615,False,fuzzy_logic_fixed_snr,37.641,0.999
132,v4,v7,40.0,10.44,20.0,1.0,0.0522,0.4,37.4855,False,fuzzy_logic_fixed_snr,37.4496,1.0
132,v4,v11,40.0,20.22,10.0,1.0,0.1011,0.2,37.0872,False,fuzzy_logic_fixed_snr,37.0611,1.0
132,v4,v8,40.0,150.0,0.0,1.0,0.75,0.0,35.6478,False,fuzzy_logic_fixed_snr,35.6286,1.0
133,v1,v13,40.0,70.0,20.0,1.0,0.35,0.4,35.8327,False,fuzzy_logic_fixed_snr,35.8115,0.9971
133,v1,v5,40.0,90.0,0.0,1.0,0.45,0.0,36.0915,False,fuzzy_logic_fixed_snr,36.0639,0.999
133,v1,v6,40.0,140.03,20.0,1.0,0.7002,0.4,35.2304,True,fuzzy_logic_fixed_snr,2.9568,0.9533
133,v3,v15,20.0,20.0,20.0,0.6,0.1,0.4,16.9208,True,fuzzy_logic_fixed_snr,2.9381,0.9553
133,v3,v4,20.0,20.22,30.0,0.6,0.1011,0.6,16.7862,True,fuzzy_logic_fixed_snr,2.937,0.9566
133,v3,v11,20.0,30.0,30.0,0.6,0.15,0.6,16.4437,True,fuzzy_logic_fixed_snr,2.9353,0.9523
133,v3,v7,20.0,50.0,10.0,0.6,0.25,0.2,16.301,False,fuzzy_logic_fixed_snr,16.2736,0.9971
133,v3,v19,20.0,120.0,30.0,0.6,0.6,0.6,15.2396,True,fuzzy_logic_fixed_snr,2.9292,0.952
133,v4,v15,40.0,3.0,10.0,1.0,0.015,0.2,38.7447,False,fuzzy_logic_fixed_snr,38.7094,0.999
133,v4,v11,40.0,10.44,0.0,1.0,0.0522,0.0,37.9626,False,fuzzy_logic_fixed_snr,37.9436,0.999
133,v4,v3,40.0,20.22,30.0,1.0,0.1011,0.6,36.7862,False,fuzzy_logic_fixed_snr,36.7736,1.0
133,v4,v7,40.0,30.15,20.0,1.0,0.1507,0.4,36.5643,False,fuzzy_logic_fixed_snr,36.5473,1.0
133,v4,v19,40.0,140.03,0.0,1.0,0.7002,0.0,35.7075,False,fuzzy_logic_fixed_snr,35.6783,1.0
134,v1,v13,40.0,50.0,0.0,1.0,0.25,0.0,36.6021,False,fuzzy_logic_fixed_snr,36.5719,0.999
134,v1,v5,40.0,90.0,0.0,1.0,0.45,0.0,36.0915,False,fuzzy_logic_fixed_snr,36.0748,1.0
134,v1,v6,40.0,120.04,20.0,1.0,0.6002,0.4,35.3642,False,fuzzy_logic_fixed_snr,35.3304,1.0
134,v3,v15,20.0,40.0,30.0,0.6,0.2,0.6,16.1938,True,fuzzy_logic_fixed_snr,2.9352,0.951
134,v3,v4,20.0,50.09,10.0,0.6,0.2504,0.2,16.2995,False,fuzzy_logic_fixed_snr,16.2711,0.9951
134,v3,v7,20.0,60.0,30.0,0.6,0.3,0.6,15.8416,True,fuzzy_logic_fixed_snr,2.9321,0.9553
134,v3,v11,20.0,60.0,10.0,0.6,0.3,0.2,16.1427,True,fuzzy_logic_fixed_snr,2.9331,0.9484
134,v3,v19,20.0,90.0,30.0,0.6,0.45,0.6,15.4895,True,fuzzy_logic_fixed_snr,2.9319,0.9504
134,v4,v7,40.0,10.44,20.0,1.0,0.0522,0.4,37.4855,False,fuzzy_logic_fixed_snr,37.4571,1.0
134,v4,v11,40.0,10.44,0.0,1.0,0.0522,0.0,37.9626,False,fuzzy_logic_fixed_snr,37.9274,0.999
134,v4,v15,40.0,10.44,20.0,1.0,0.0522,0.4,37.4855,False,fuzzy_logic_fixed_snr,37.4506,1.0
134,v4,v3,40.0,50.09,10.0,1.0,0.2504,0.2,36.2995,False,fuzzy_logic_fixed_snr,36.2699,0.998
134,v4,v19,40.0,140.03,20.0,1.0,0.7002,0.4,35.2304,True,fuzzy_logic_fixed_snr,2.956,0.9523
135,v1,v13,40.0,50.0,10.0,1.0,0.25,0.2,36.301,False,fuzzy_logic_fixed_snr,36.266,0.999
135,v1,v5,40.0,90.0,10.0,1.0,0.45,0.2,35.7905,False,fuzzy_logic_fixed_snr,35.763,1.0
135,v1,v6,40.0,140.03,30.0,1.0,0.7002,0.6,35.1055,True,fuzzy_logic_fixed_snr,2.9566,0.9514
135,v3,v19,20.0,60.0,10.0,0.6,0.3,0.2,16.1427,True,fuzzy_logic_fixed_snr,2.9345,0.948
135,v3,v4,20.0,60.07,10.0,0.6,0.3004,0.2,16.1416,True,fuzzy_logic_fixed_snr,2.9342,0.9484
135,v3,v11,20.0,70.0,10.0,0.6,0.35,0.2,16.0088,True,fuzzy_logic_fixed_snr,2.9324,0.9484
135,v3,v15,20.0,70.0,20.0,0.6,0.35,0.4,15.8327,True,fuzzy_logic_fixed_snr,2.9326,0.952
135,v3,v7,20.0,90.0,10.0,0.6,0.45,0.2,15.7905,True,fuzzy_logic_fixed_snr,2.9298,0.9523
135,v4,v11,40.0,10.44,0.0,1.0,0.0522,0.0,37.9626,False,fuzzy_logic_fixed_snr,37.9367,1.0
135,v4,v15,40.0,10.44,30.0,1.0,0.0522,0.6,37.3605,False,fuzzy_logic_fixed_snr,37.3462,0.999
135,v4,v7,40.0,30.15,20.0,1.0,0.1507,0.4,36.5643,False,fuzzy_logic_fixed_snr,36.5316,0.999
135,v4,v3,40.0,60.07,10.0,1.0,0.3004,0.2,36.1416,False,fuzzy_logic_fixed_snr,36.1142,0.999
135,v4,v19,40.0,120.04,0.0,1.0,0.6002,0.0,35.8414,False,fuzzy_logic_fixed_snr,35.8158,1.0
136,v1,v13,40.0,60.0,0.0,1.0,0.3,0.0,36.4437,False,fuzzy_logic_fixed_snr,36.4089,1.0
136,v1,v5,40.0,100.0,20.0,1.0,0.5,0.4,35.5229,False,fuzzy_logic_fixed_snr,35.5128,1.0
136,v1,v6,40.0,170.03,20.0,1.0,0.8501,0.4,35.0618,True,fuzzy_logic_fixed_snr,2.9568,0.9494
136,v3,v4,20.0,50.09,20.0,0.6,0.2504,0.4,16.1234,True,fuzzy_logic_fixed_snr,2.9356,0.9475
136,v3,v11,20.0,60.0,0.0,0.6,0.3,0.0,16.4437,True,fuzzy_logic_fixed_snr,2.9367,0.9504
136,v3,v19,20.0,70.0,10.0,0.6,0.35,0.2,16.0088,True,fuzzy_logic_fixed_snr,2.934,0.9475
136,v3,v15,20.0,90.0,0.0,0.6,0.45,0.0,16.0915,True,fuzzy_logic_fixed_snr,2.9348,0.9523
136,v3,v7,20.0,100.0,30.0,0.6,0.5,0.6,15.3979,True,fuzzy_logic_fixed_snr,2.9306,0.9533
136,v4,v11,40.0,10.44,20.0,1.0,0.0522,0.4,37.4855,False,fuzzy_logic_fixed_snr,37.4498,1.0
136,v4,v15,40.0,40.11,20.0,1.0,0.2006,0.4,36.3163,False,fuzzy_logic_fixed_snr,36.2937,1.0
136,v4,v3,40.0,50.09,20.0,1.0,0.2504,0.4,36.1234,False,fuzzy_logic_fixed_snr,36.109,0.999
136,v4,v7,40.0,50.09,10.0,1.0,0.2504,0.2,36.2995,False,fuzzy_logic_fixed_snr,36.2736,0.999
136,v4,v19,40.0,120.04,10.0,1.0,0.6002,0.2,35.5403,False,fuzzy_logic_fixed_snr,35.515,0.999
137,v1,v13,40.0,60.0,20.0,1.0,0.3,0.4,35.9666,False,fuzzy_logic_fixed_snr,35.9367,0.999
137,v1,v5,40.0,120.0,10.0,1.0,0.6,0.2,35.5406,False,fuzzy_logic_fixed_snr,35.5234,0.999
137,v1,v6,40.0,190.02,10.0,1.0,0.9501,0.2,35.1414,True,fuzzy_logic_fixed_snr,2.9565,0.9533
137,v3,v4,20.0,30.15,0.0,0.6,0.1507,0.0,17.0414,False,fuzzy_logic_fixed_snr,17.0081,0.9971
137,v3,v11,20.0,60.0,10.0,0.6,0.3,0.2,16.1427,True,fuzzy_logic_fixed_snr,2.9358,0.9539
137,v3,v7,20.0,70.0,20.0,0.6,0.35,0.4,15.8327,True,fuzzy_logic_fixed_snr,2.9343,0.9525
137,v3,v19,20.0,80.0,10.0,0.6,0.4,0.2,15.8928,True,fuzzy_logic_fixed_snr,2.9314,0.9514
137,v3,v15,20.0,90.0,0.0,0.6,0.45,0.0,16.0915,True,fuzzy_logic_fixed_snr,2.9351,0.9445
137,v4,v3,40.0,30.15,0.0,1.0,0.1507,0.0,37.0414,False,fuzzy_logic_fixed_snr,37.0106,0.999
137,v4,v11,40.0,30.15,10.0,1.0,0.1507,0.2,36.7404,False,fuzzy_logic_fixed_snr,36.7177,0.999
137,v4,v7,40.0,40.11,20.0,1.0,0.2006,0.4,36.3163,False,fuzzy_logic_fixed_snr,36.2905,1.0
137,v4,v15,40.0,60.07,0.0,1.0,0.3004,0.0,36.4426,False,fuzzy_logic_fixed_snr,36.4233,1.0
137,v4,v19,40.0,110.04,10.0,1.0,0.5502,0.2,35.6159,False,fuzzy_logic_fixed_snr,35.589,1.0
138,v1,v13,40.0,80.0,40.0,1.0,0.4,0.8,35.4949,True,fuzzy_logic_fixed_snr,2.957,0.9504
138,v1,v5,40.0,130.0,40.0,1.0,0.65,0.8,35.0731,True,fuzzy_logic_fixed_snr,2.9565,0.9514
138,v3,v4,20.0,30.15,0.0,0.6,0.1507,0.0,17.0414,False,fuzzy_logic_fixed_snr,17.0082,0.9971
138,v3,v11,20.0,70.0,30.0,0.6,0.35,0.6,15.7077,True,fuzzy_logic_fixed_snr,2.9329,0.9539
138,v3,v7,20.0,90.0,20.0,0.6,0.45,0.4,15.6144,True,fuzzy_logic_fixed_snr,2.9296,0.951
138,v3,v15,20.0,90.0,10.0,0.6,0.45,0.2,15.7905,True,fuzzy_logic_fixed_snr,2.9329,0.95
138,v3,v19,20.0,90.0,10.0,0.6,0.45,0.2,15.7905,True,fuzzy_logic_fixed_snr,2.9341,0.9588
138,v4,v3,40.0,30.15,0.0,1.0,0.1507,0.0,37.0414,False,fuzzy_logic_fixed_snr,37.01,0.999
138,v4,v11,40.0,40.11,30.0,1.0,0.2006,0.6,36.1914,False,fuzzy_logic_fixed_snr,36.1707,0.999
138,v4,v7,40.0,60.07,20.0,1.0,0.3004,0.4,35.9655,False,fuzzy_logic_fixed_snr,35.9331,1.0
138,v4,v15,40.0,60.07,10.0,1.0,0.3004,0.2,36.1416,False,fuzzy_logic_fixed_snr,36.1173,1.0
138,v4,v19,40.0,120.04,10.0,1.0,0.6002,0.2,35.5403,False,fuzzy_logic_fixed_snr,35.5162,0.999
139,v1,v13,40.0,40.0,30.0,1.0,0.2,0.6,36.1938,False,fuzzy_logic_fixed_snr,36.1657,1.0
139,v1,v5,40.0,90.0,20.0,1.0,0.45,0.4,35.6144,False,fuzzy_logic_fixed_snr,35.5895,1.0
139,v1,v6,40.0,170.03,10.0,1.0,0.8501,0.2,35.2379,True,fuzzy_logic_fixed_snr,2.9562,0.9523
139,v3,v4,20.0,30.15,10.0,0.6,0.1507,0.2,16.7404,False,fuzzy_logic_fixed_snr,16.709,0.9951
139,v3,v11,20.0,40.0,20.0,0.6,0.2,0.4,16.3188,True,fuzzy_logic_fixed_snr,2.9378,0.9549
139,v3,v7,20.0,70.0,10.0,0.6,0.35,0.2,16.0088,True,fuzzy_logic_fixed_snr,2.9318,0.948
139,v3,v15,20.0,80.0,20.0,0.6,0.4,0.4,15.7167,True,fuzzy_logic_fixed_snr,2.9334,0.9475
139,v3,v19,20.0,100.0,20.0,0.6,0.5,0.4,15.5229,True,fuzzy_logic_fixed_snr,2.9314,0.9471
139,v4,v11,40.0,10.44,30.0,1.0,0.0522,0.6,37.3605,False,fuzzy_logic_fixed_snr,37.3269,0.999
139,v4,v3,40.0,30.15,10.0,1.0,0.1507,0.2,36.7404,False,fuzzy_logic_fixed_snr,36.7095,0.999
139,v4,v7,40.0,40.11,20.0,1.0,0.2006,0.4,36.3163,False,fuzzy_logic_fixed_snr,36.296,1.0
139,v4,v15,40.0,50.09,10.0,1.0,0.2504,0.2,36.2995,False,fuzzy_logic_fixed_snr,36.2797,0.999
139,v4,v19,40.0,130.03,10.0,1.0,0.6502,0.2,35.4709,False,fuzzy_logic_fixed_snr,35.4516,0.999
140,v1,v13,40.0,70.0,40.0,1.0,0.35,0.8,35.6108,True,fuzzy_logic_fixed_snr,2.9564,0.9494
140,v1,v5,40.0,110.0,20.0,1.0,0.55,0.4,35.4401,False,fuzzy_logic_fixed_snr,35.4158,0.999
140,v1,v6,40.0,160.03,0.0,1.0,0.8001,0.0,35.5916,True,fuzzy_logic_fixed_snr,2.9561,0.9523
140,v3,v4,20.0,20.22,10.0,0.6,0.1011,0.2,17.0872,False,fuzzy_logic_fixed_snr,17.0662,0.999
140,v3,v11,20.0,60.0,40.0,0.6,0.3,0.8,15.7447,True,fuzzy_logic_fixed_snr,2.9336,0.9529
140,v3,v15,20.0,60.0,10.0,0.6,0.3,0.2,16.1427,True,fuzzy_logic_fixed_snr,2.9331,0.9539
140,v3,v7,20.0,80.0,0.0,0.6,0.4,0.0,16.1938,True,fuzzy_logic_fixed_snr,2.935,0.95
140,v3,v19,20.0,120.0,20.0,0.6,0.6,0.4,15.3645,True,fuzzy_logic_fixed_snr,2.9279,0.9465
140,v4,v3,40.0,20.22,10.0,1.0,0.1011,0.2,37.0872,False,fuzzy_logic_fixed_snr,37.0506,0.999
140,v4,v11,40.0,40.11,30.0,1.0,0.2006,0.6,36.1914,False,fuzzy_logic_fixed_snr,36.1662,0.999
140,v4,v15,40.0,40.11,0.0,1.0,0.2006,0.0,36.7934,False,fuzzy_logic_fixed_snr,36.763,0.998
140,v4,v7,40.0,60.07,10.0,1.0,0.3004,0.2,36.1416,False,fuzzy_logic_fixed_snr,36.121,0.998
140,v4,v19,40.0,140.03,10.0,1.0,0.7002,0.2,35.4065,False,fuzzy_logic_fixed_snr,35.3916,1.0
141,v1,v13,40.0,30.0,20.0,1.0,0.15,0.4,36.5686,False,fuzzy_logic_fixed_snr,36.5543,1.0
141,v1,v5,40.0,90.0,10.0,1.0,0.45,0.2,35.7905,False,fuzzy_logic_fixed_snr,35.769,0.998
141,v1,v6,40.0,160.03,20.0,1.0,0.8001,0.4,35.1145,True,fuzzy_logic_fixed_snr,2.9567,0.9514
141,v3,v4,20.0,10.44,10.0,0.6,0.0522,0.2,17.6615,False,fuzzy_logic_fixed_snr,17.6301,0.9971
141,v3,v11,20.0,20.0,30.0,0.6,0.1,0.6,16.7959,True,fuzzy_logic_fixed_snr,2.9387,0.949
141,v3,v15,20.0,50.0,20.0,0.6,0.25,0.4,16.1249,True,fuzzy_logic_fixed_snr,2.9354,0.9475
141,v3,v7,20.0,80.0,40.0,0.6,0.4,0.8,15.4949,True,fuzzy_logic_fixed_snr,2.9301,0.951
141,v3,v19,20.0,140.0,20.0,0.6,0.7,0.4,15.2306,True,fuzzy_logic_fixed_snr,2.93,0.9574
141,v4,v3,40.0,10.44,10.0,1.0,0.0522,0.2,37.6615,False,fuzzy_logic_fixed_snr,37.6356,1.0
141,v4,v11,40.0,10.44,20.0,1.0,0.0522,0.4,37.4855,False,fuzzy_logic_fixed_snr,37.4637,1.0
141,v4,v15,40.0,40.11,10.0,1.0,0.2006,0.2,36.4924,False,fuzzy_logic_fixed_snr,36.4704,0.999
141,v4,v7,40.0,70.06,30.0,1.0,0.3503,0.6,35.7069,False,fuzzy_logic_fixed_snr,35.6706,0.998
141,v4,v19,40.0,150.03,10.0,1.0,0.7501,0.2,35.3466,False,fuzzy_logic_fixed_snr,35.3238,0.998
142,v1,v13,40.0,10.0,0.0,1.0,0.05,0.0,38.0,False,fuzzy_logic_fixed_snr,37.977,1.0
142,v1,v5,40.0,100.0,10.0,1.0,0.5,0.2,35.699,False,fuzzy_logic_fixed_snr,35.6809,0.999
142,v1,v6,40.0,180.02,30.0,1.0,0.9001,0.6,34.8873,True,fuzzy_logic_fixed_snr,2.9572,0.9533
142,v3,v4,20.0,3.0,0.0,0.6,0.015,0.0,19.0458,False,fuzzy_logic_fixed_snr,19.0263,0.9941
142,v3,v11,20.0,10.0,20.0,0.6,0.05,0.4,17.5229,True,fuzzy_logic_fixed_snr,2.9392,0.9555
142,v3,v15,20.0,30.0,10.0,0.6,0.15,0.2,16.7447,False,fuzzy_logic_fixed_snr,16.7335,0.9951
142,v3,v7,20.0,40.0,10.0,0.6,0.2,0.2,16.4949,False,fuzzy_logic_fixed_snr,16.4724,0.998
142,v3,v8,20.0,150.03,10.0,0.6,0.7501,0.2,15.3466,True,fuzzy_logic_fixed_snr,2.9285,0.952
142,v4,v3,40.0,3.0,0.0,1.0,0.015,0.0,39.0458,False,fuzzy_logic_fixed_snr,39.019,1.0
142,v4,v11,40.0,10.44,20.0,1.0,0.0522,0.4,37.4855,False,fuzzy_logic_fixed_snr,37.4586,0.999
142,v4,v15,40.0,30.15,10.0,1.0,0.1507,0.2,36.7404,False,fuzzy_logic_fixed_snr,36.7157,0.999
142,v4,v7,40.0,40.11,10.0,1.0,0.2006,0.2,36.4924,False,fuzzy_logic_fixed_snr,36.4617,1.0
142,v4,v8,40.0,150.0,10.0,1.0,0.75,0.2,35.3468,False,fuzzy_logic_fixed_snr,35.3272,0.999
143,v1,v13,40.0,10.0,0.0,1.0,0.05,0.0,38.0,False,fuzzy_logic_fixed_snr,37.9724,0.999
143,v1,v5,40.0,110.0,30.0,1.0,0.55,0.6,35.3152,True,fuzzy_logic_fixed_snr,2.9568,0.9504
143,v3,v4,20.0,3.0,40.0,0.6,0.015,0.8,18.3468,True,fuzzy_logic_fixed_snr,2.9435,0.9529
143,v3,v11,20.0,10.0,40.0,0.6,0.05,0.8,17.301,True,fuzzy_logic_fixed_snr,2.9405,0.95
143,v3,v15,20.0,20.0,40.0,0.6,0.1,0.8,16.699,True,fuzzy_logic_fixed_snr,2.9378,0.9494
143,v3,v7,20.0,30.0,0.0,0.6,0.15,0.0,17.0458,False,fuzzy_logic_fixed_snr,17.012,0.9961
143,v3,v19,20.0,140.0,30.0,0.6,0.7,0.6,15.1057,True,fuzzy_logic_fixed_snr,2.9282,0.951
143,v4,v3,40.0,3.0,40.0,1.0,0.015,0.8,38.3468,True,fuzzy_logic_fixed_snr,2.9569,0.9484
143,v4,v11,40.0,10.44,0.0,1.0,0.0522,0.0,37.9626,False,fuzzy_logic_fixed_snr,37.9466,1.0
143,v4,v15,40.0,20.22,0.0,1.0,0.1011,0.0,37.3883,False,fuzzy_logic_fixed_snr,37.3664,0.999
143,v4,v7,40.0,30.15,40.0,1.0,0.1507,0.8,36.3425,True,fuzzy_logic_fixed_snr,2.957,0.951
143,v4,v19,40.0,140.03,10.0,1.0,0.7002,0.2,35.4065,False,fuzzy_logic_fixed_snr,35.3898,1.0
144,v1,v13,40.0,10.0,0.0,1.0,0.05,0.0,38.0,False,fuzzy_logic_fixed_snr,37.9657,1.0
144,v1,v5,40.0,140.0,0.0,1.0,0.7,0.0,35.7077,False,fuzzy_logic_fixed_snr,35.6787,0.998
144,v3,v15,20.0,20.0,40.0,0.6,0.1,0.8,16.699,True,fuzzy_logic_fixed_snr,2.9347,0.9592
144,v3,v7,20.0,30.0,10.0,0.6,0.15,0.2,16.7447,False,fuzzy_logic_fixed_snr,16.7247,0.9961
144,v3,v11,20.0,30.0,20.0,0.6,0.15,0.4,16.5686,True,fuzzy_logic_fixed_snr,2.9367,0.9514
144,v3,v4,20.0,40.11,20.0,0.6,0.2006,0.4,16.3163,True,fuzzy_logic_fixed_snr,2.9341,0.9506
144,v3,v19,20.0,170.0,30.0,0.6,0.85,0.6,14.937,True,fuzzy_logic_fixed_snr,2.9275,0.9529
144,v4,v11,40.0,10.44,0.0,1.0,0.0522,0.0,37.9626,False,fuzzy_logic_fixed_snr,37.948,1.0
144,v4,v15,40.0,20.22,20.0,1.0,0.1011,0.4,36.9112,False,fuzzy_logic_fixed_snr,36.881,0.999
144,v4,v3,40.0,40.11,20.0,1.0,0.2006,0.4,36.3163,False,fuzzy_logic_fixed_snr,36.2857,0.999
144,v4,v7,40.0,70.06,10.0,1.0,0.3503,0.2,36.008,False,fuzzy_logic_fixed_snr,35.996,0.999
144,v4,v8,40.0,130.0,20.0,1.0,0.65,0.4,35.295,True,fuzzy_logic_fixed_snr,2.9567,0.9533
145,v1,v13,40.0,10.0,20.0,1.0,0.05,0.4,37.5229,False,fuzzy_logic_fixed_snr,37.4988,0.999
145,v1,v5,40.0,140.0,40.0,1.0,0.7,0.8,35.0088,True,fuzzy_logic_fixed_snr,2.9561,0.9504
145,v3,v11,20.0,10.0,10.0,0.6,0.05,0.2,17.699,False,fuzzy_logic_fixed_snr,17.6764,0.998
145,v3,v15,20.0,20.0,10.0,0.6,0.1,0.2,17.0969,False,fuzzy_logic_fixed_snr,17.0661,0.9971
145,v3,v4,20.0,20.22,0.0,0.6,0.1011,0.0,17.3883,False,fuzzy_logic_fixed_snr,17.3601,0.9971
145,v3,v7,20.0,40.0,20.0,0.6,0.2,0.4,16.3188,True,fuzzy_logic_fixed_snr,2.9369,0.9486
145,v3,v8,20.0,130.03,40.0,0.6,0.6502,0.8,15.0729,True,fuzzy_logic_fixed_snr,2.9265,0.9504
145,v4,v11,40.0,10.44,10.0,1.0,0.0522,0.2,37.6615,False,fuzzy_logic_fixed_snr,37.6373,0.998
145,v4,v3,40.0,20.22,0.0,1.0,0.1011,0.0,37.3883,False,fuzzy_logic_fixed_snr,37.363,0.999
145,v4,v15,40.0,40.11,10.0,1.0,0.2006,0.2,36.4924,False,fuzzy_logic_fixed_snr,36.4594,1.0
145,v4,v7,40.0,60.07,20.0,1.0,0.3004,0.4,35.9655,False,fuzzy_logic_fixed_snr,35.9302,0.999
145,v4,v8,40.0,110.0,40.0,1.0,0.55,0.8,35.2182,True,fuzzy_logic_fixed_snr,2.9563,0.9504
146,v1,v13,40.0,10.0,40.0,1.0,0.05,0.8,37.301,True,fuzzy_logic_fixed_snr,2.9567,0.9494
146,v1,v5,40.0,100.0,40.0,1.0,0.5,0.8,35.301,True,fuzzy_logic_fixed_snr,2.9564,0.9484
146,v1,v6,40.0,180.02,20.0,1.0,0.9001,0.4,35.0122,True,fuzzy_logic_fixed_snr,2.9566,0.9523
146,v3,v15,20.0,10.0,10.0,0.6,0.05,0.2,17.699,False,fuzzy_logic_fixed_snr,17.6741,0.998
146,v3,v7,20.0,20.0,0.0,0.6,0.1,0.0,17.3979,False,fuzzy_logic_fixed_snr,17.3755,0.998
146,v3,v11,20.0,20.0,10.0,0.6,0.1,0.2,17.0969,False,fuzzy_logic_fixed_snr,17.0702,0.9961
146,v3,v4,20.0,20.22,10.0,0.6,0.1011,0.2,17.0872,False,fuzzy_logic_fixed_snr,17.0594,0.9961
146,v3,v19,20.0,150.0,10.0,0.6,0.75,0.2,15.3468,True,fuzzy_logic_fixed_snr,2.9296,0.952
146,v4,v11,40.0,3.0,20.0,1.0,0.015,0.4,38.5686,False,fuzzy_logic_fixed_snr,38.5379,0.999
146,v4,v3,40.0,20.22,10.0,1.0,0.1011,0.2,37.0872,False,fuzzy_logic_fixed_snr,37.0584,0.999
146,v4,v15,40.0,30.15,0.0,1.0,0.1507,0.0,37.0414,False,fuzzy_logic_fixed_snr,37.0174,1.0
146,v4,v7,40.0,40.11,10.0,1.0,0.2006,0.2,36.4924,False,fuzzy_logic_fixed_snr,36.4665,1.0
146,v4,v19,40.0,130.03,20.0,1.0,0.6502,0.4,35.2948,True,fuzzy_logic_fixed_snr,2.9561,0.9504
147,v1,v13,40.0,30.0,10.0,1.0,0.15,0.2,36.7447,False,fuzzy_logic_fixed_snr,36.717,1.0
147,v1,v5,40.0,140.0,20.0,1.0,0.7,0.4,35.2306,True,fuzzy_logic_fixed_snr,2.9569,0.9494
147,v3,v15,20.0,0.0,10.0,0.6,0.0,0.2,21.699,False,fuzzy_logic_fixed_snr,21.6557,0.998
147,v3,v11,20.0,10.0,10.0,0.6,0.05,0.2,17.699,False,fuzzy_logic_fixed_snr,17.6758,0.9936
147,v3,v7,20.0,20.0,30.0,0.6,0.1,0.6,16.7959,True,fuzzy_logic_fixed_snr,2.9379,0.9508
147,v3,v4,20.0,30.15,20.0,0.6,0.1507,0.4,16.5643,True,fuzzy_logic_fixed_snr,2.937,0.9479
147,v3,v19,20.0,140.0,20.0,0.6,0.7,0.4,15.2306,True,fuzzy_logic_fixed_snr,2.9271,0.95
147,v4,v11,40.0,20.22,30.0,1.0,0.1011,0.6,36.7862,False,fuzzy_logic_fixed_snr,36.7677,0.999
147,v4,v3,40.0,30.15,20.0,1.0,0.1507,0.4,36.5643,False,fuzzy_logic_fixed_snr,36.5407,0.999
147,v4,v15,40.0,30.15,30.0,1.0,0.1507,0.6,36.4394,False,fuzzy_logic_fixed_snr,36.4144,1.0
147,v4,v7,40.0,50.09,10.0,1.0,0.2504,0.2,36.2995,False,fuzzy_logic_fixed_snr,36.2831,1.0
147,v4,v19,40.0,110.04,0.0,1.0,0.5502,0.0,35.9169,False,fuzzy_logic_fixed_snr,35.897,1.0
148,v1,v13,40.0,20.0,0.0,1.0,0.1,0.0,37.3979,False,fuzzy_logic_fixed_snr,37.3644,1.0
148,v1,v5,40.0,120.0,20.0,1.0,0.6,0.4,35.3645,False,fuzzy_logic_fixed_snr,35.3266,0.999
148,v1,v6,40.0,170.03,10.0,1.0,0.8501,0.2,35.2379,True,fuzzy_logic_fixed_snr,2.9569,0.9523
148,v3,v15,20.0,10.0,10.0,0.6,0.05,0.2,17.699,False,fuzzy_logic_fixed_snr,17.6663,0.9971
148,v3,v4,20.0,10.44,30.0,0.6,0.0522,0.6,17.3605,True,fuzzy_logic_fixed_snr,2.9382,0.9475
148,v3,v11,20.0,20.0,20.0,0.6,0.1,0.4,16.9208,True,fuzzy_logic_fixed_snr,2.938,0.9533
148,v3,v7,20.0,50.0,10.0,0.6,0.25,0.2,16.301,False,fuzzy_logic_fixed_snr,16.2722,0.9961
148,v3,v19,20.0,120.0,20.0,0.6,0.6,0.4,15.3645,True,fuzzy_logic_fixed_snr,2.9324,0.9549
148,v4,v15,40.0,3.0,20.0,1.0,0.015,0.4,38.5686,False,fuzzy_logic_fixed_snr,38.5378,0.999
148,v4,v3,40.0,10.44,30.0,1.0,0.0522,0.6,37.3605,False,fuzzy_logic_fixed_snr,37.3399,1.0
148,v4,v11,40.0,10.44,10.0,1.0,0.0522,0.2,37.6615,False,fuzzy_logic_fixed_snr,37.6332,0.999
148,v4,v7,40.0,60.07,40.0,1.0,0.3004,0.8,35.7436,True,fuzzy_logic_fixed_snr,2.957,0.9533
148,v4,v8,40.0,110.0,40.0,1.0,0.55,0.8,35.2182,True,fuzzy_logic_fixed_snr,2.9562,0.9523
149,v1,v13,40.0,20.0,10.0,1.0,0.1,0.2,37.0969,False,fuzzy_logic_fixed_snr,37.0667,0.999
149,v1,v5,40.0,100.0,20.0,1.0,0.5,0.4,35.5229,False,fuzzy_logic_fixed_snr,35.4956,1.0
149,v1,v6,40.0,180.02,0.0,1.0,0.9001,0.0,35.4893,True,fuzzy_logic_fixed_snr,2.9565,0.9504
149,v3,v15,20.0,20.0,10.0,0.6,0.1,0.2,17.0969,False,fuzzy_logic_fixed_snr,17.0492,0.9971
149,v3,v11,20.0,40.0,20.0,0.6,0.2,0.4,16.3188,True,fuzzy_logic_fixed_snr,2.9352,0.9494
149,v3,v4,20.0,40.11,10.0,0.6,0.2006,0.2,16.4924,False,fuzzy_logic_fixed_snr,16.4584,0.9971
149,v3,v7,20.0,60.0,0.0,0.6,0.3,0.0,16.4437,True,fuzzy_logic_fixed_snr,2.9363,0.9568
149,v3,v8,20.0,110.04,10.0,0.6,0.5502,0.2,15.6159,True,fuzzy_logic_fixed_snr,2.93,0.9543
149,v4,v11,40.0,3.0,10.0,1.0,0.015,0.2,38.7447,False,fuzzy_logic_fixed_snr,38.7164,1.0
149,v4,v15,40.0,20.22,20.0,1.0,0.1011,0.4,36.9112,False,fuzzy_logic_fixed_snr,36.8892,0.999
149,v4,v3,40.0,40.11,10.0,1.0,0.2006,0.2,36.4924,False,fuzzy_logic_fixed_snr,36.4694,1.0
149,v4,v8,40.0,70.0,20.0,1.0,0.35,0.4,35.8327,False,fuzzy_logic_fixed_snr,35.8054,1.0
149,v4,v7,40.0,100.04,10.0,1.0,0.5002,0.2,35.6986,False,fuzzy_logic_fixed_snr,35.6729,0.999
150,v1,v13,40.0,10.0,10.0,1.0,0.05,0.2,37.699,False,fuzzy_logic_fixed_snr,37.6604,1.0
150,v1,v5,40.0,120.0,0.0,1.0,0.6,0.0,35.8416,False,fuzzy_logic_fixed_snr,35.8133,0.999
150,v1,v6,40.0,180.02,10.0,1.0,0.9001,0.2,35.1883,True,fuzzy_logic_fixed_snr,2.9563,0.9514
150,v3,v11,20.0,20.0,20.0,0.6,0.1,0.4,16.9208,True,fuzzy_logic_fixed_snr,2.9377,0.9539
150,v3,v15,20.0,30.0,0.0,0.6,0.15,0.0,17.0458,False,fuzzy_logic_fixed_snr,17.0226,0.9941
150,v3,v4,20.0,30.15,10.0,0.6,0.1507,0.2,16.7404,False,fuzzy_logic_fixed_snr,16.7202,0.998
150,v3,v7,20.0,60.0,20.0,0.6,0.3,0.4,15.9666,True,fuzzy_logic_fixed_snr,2.9319,0.9484
150,v3,v8,20.0,120.04,10.0,0.6,0.6002,0.2,15.5403,True,fuzzy_logic_fixed_snr,2.9307,0.9535
150,v4,v15,40.0,3.0,10.0,1.0,0.015,0.2,38.7447,False,fuzzy_logic_fixed_snr,38.7208,1.0
150,v4,v11,40.0,10.44,10.0,1.0,0.0522,0.2,37.6615,False,fuzzy_logic_fixed_snr,37.634,1.0
150,v4,v3,40.0,30.15,10.0,1.0,0.1507,0.2,36.7404,False,fuzzy_logic_fixed_snr,36.7131,1.0
150,v4,v8,40.0,90.0,0.0,1.0,0.45,0.0,36.0915,False,fuzzy_logic_fixed_snr,36.0638,0.998
150,v4,v7,40.0,90.05,10.0,1.0,0.4502,0.2,35.79,False,fuzzy_logic_fixed_snr,35.7777,0.999
151,v1,v13,40.0,20.0,20.0,1.0,0.1,0.4,36.9208,False,fuzzy_logic_fixed_snr,36.8897,0.999
151,v1,v5,40.0,120.0,0.0,1.0,0.6,0.0,35.8416,False,fuzzy_logic_fixed_snr,35.813,1.0
151,v1,v6,40.0,170.03,20.0,1.0,0.8501,0.4,35.0618,True,fuzzy_logic_fixed_snr,2.9562,0.9514
151,v3,v15,20.0,30.0,10.0,0.6,0.15,0.2,16.7447,False,fuzzy_logic_fixed_snr,16.7153,0.998
151,v3,v7,20.0,40.0,20.0,0.6,0.2,0.4,16.3188,True,fuzzy_logic_fixed_snr,2.938,0.9553
151,v3,v11,20.0,40.0,10.0,0.6,0.2,0.2,16.4949,False,fuzzy_logic_fixed_snr,16.4689,0.9961
151,v3,v4,20.0,40.11,10.0,0.6,0.2006,0.2,16.4924,False,fuzzy_logic_fixed_snr,16.4602,0.9961
151,v3,v19,20.0,130.0,10.0,0.6,0.65,0.2,15.4711,True,fuzzy_logic_fixed_snr,2.9328,0.9508
151,v4,v11,40.0,3.0,20.0,1.0,0.015,0.4,38.5686,False,fuzzy_logic_fixed_snr,38.547,1.0
151,v4,v15,40.0,10.44,20.0,1.0,0.0522,0.4,37.4855,False,fuzzy_logic_fixed_snr,37.461,1.0
151,v4,v3,40.0,40.11,10.0,1.0,0.2006,0.2,36.4924,False,fuzzy_logic_fixed_snr,36.4478,0.999
151,v4,v7,40.0,80.06,10.0,1.0,0.4003,0.2,35.8922,False,fuzzy_logic_fixed_snr,35.8653,0.999
151,v4,v8,40.0,90.0,20.0,1.0,0.45,0.4,35.6144,False,fuzzy_logic_fixed_snr,35.6003,1.0
152,v1,v13,40.0,40.0,20.0,1.0,0.2,0.4,36.3188,False,fuzzy_logic_fixed_snr,36.2929,1.0
152,v1,v5,40.0,120.0,0.0,1.0,0.6,0.0,35.8416,False,fuzzy_logic_fixed_snr,35.8101,0.999
152,v1,v6,40.0,190.02,20.0,1.0,0.9501,0.4,34.9653,True,fuzzy_logic_fixed_snr,2.9566,0.9514
152,v3,v4,20.0,30.15,10.0,0.6,0.1507,0.2,16.7404,False,fuzzy_logic_fixed_snr,16.7076,0.998
152,v3,v15,20.0,40.0,30.0,0.6,0.2,0.6,16.1938,True,fuzzy_logic_fixed_snr,2.9351,0.9523
152,v3,v11,20.0,50.0,20.0,0.6,0.25,0.4,16.1249,True,fuzzy_logic_fixed_snr,2.9345,0.9514
152,v3,v7,20.0,60.0,20.0,0.6,0.3,0.4,15.9666,True,fuzzy_logic_fixed_snr,2.9323,0.9545
152,v3,v19,20.0,120.0,10.0,0.6,0.6,0.2,15.5406,True,fuzzy_logic_fixed_snr,2.928,0.952
152,v4,v15,40.0,10.44,20.0,1.0,0.0522,0.4,37.4855,False,fuzzy_logic_fixed_snr,37.4654,1.0
152,v4,v11,40.0,20.22,10.0,1.0,0.1011,0.2,37.0872,False,fuzzy_logic_fixed_snr,37.0617,1.0
152,v4,v3,40.0,30.15,10.0,1.0,0.1507,0.2,36.7404,False,fuzzy_logic_fixed_snr,36.7181,0.999
152,v4,v7,40.0,90.05,10.0,1.0,0.4502,0.2,35.79,False,fuzzy_logic_fixed_snr,35.7697,0.999
152,v4,v19,40.0,90.05,0.0,1.0,0.4502,0.0,36.091,False,fuzzy_logic_fixed_snr,36.0687,0.999
153,v1,v13,40.0,20.0,40.0,1.0,0.1,0.8,36.699,True,fuzzy_logic_fixed_snr,2.9565,0.9533
153,v1,v5,40.0,120.0,20.0,1.0,0.6,0.4,35.3645,False,fuzzy_logic_fixed_snr,35.3385,0.998
153,v1,v6,40.0,170.03,30.0,1.0,0.8501,0.6,34.9369,True,fuzzy_logic_fixed_snr,2.9563,0.9523
153,v3,v15,20.0,10.0,0.0,0.6,0.05,0.0,18.0,False,fuzzy_logic_fixed_snr,17.9788,0.9941
153,v3,v4,20.0,20.22,10.0,0.6,0.1011,0.2,17.0872,False,fuzzy_logic_fixed_snr,17.0587,0.998
153,v3,v11,20.0,30.0,20.0,0.6,0.15,0.4,16.5686,True,fuzzy_logic_fixed_snr,2.9371,0.952
153,v3,v7,20.0,80.0,40.0,0.6,0.4,0.8,15.4949,True,fuzzy_logic_fixed_snr,2.9304,0.9455
153,v3,v19,20.0,110.0,40.0,0.6,0.55,0.8,15.2182,True,fuzzy_logic_fixed_snr,2.9288,0.9436
153,v4,v11,40.0,10.44,10.0,1.0,0.0522,0.2,37.6615,False,fuzzy_logic_fixed_snr,37.6389,0.999
153,v4,v15,40.0,10.44,10.0,1.0,0.0522,0.2,37.6615,False,fuzzy_logic_fixed_snr,37.6363,0.999
153,v4,v3,40.0,20.22,10.0,1.0,0.1011,0.2,37.0872,False,fuzzy_logic_fixed_snr,37.0654,1.0
153,v4,v19,40.0,90.05,30.0,1.0,0.4502,0.6,35.489,True,fuzzy_logic_fixed_snr,2.9562,0.9523
153,v4,v7,40.0,100.04,30.0,1.0,0.5002,0.6,35.3975,True,fuzzy_logic_fixed_snr,2.9567,0.9504
154,v1,v13,40.0,60.0,10.0,1.0,0.3,0.2,36.1427,False,fuzzy_logic_fixed_snr,36.1178,0.999
154,v1,v5,40.0,140.0,20.0,1.0,0.7,0.4,35.2306,True,fuzzy_logic_fixed_snr,2.9567,0.9514
154,v3,v11,20.0,10.0,10.0,0.6,0.05,0.2,17.699,False,fuzzy_logic_fixed_snr,17.6696,0.9951
154,v3,v15,20.0,10.0,10.0,0.6,0.05,0.2,17.699,False,fuzzy_logic_fixed_snr,17.6699,0.999
154,v3,v4,20.0,10.44,20.0,0.6,0.0522,0.4,17.4855,True,fuzzy_logic_fixed_snr,2.9404,0.9525
154,v3,v19,20.0,70.0,0.0,0.6,0.35,0.0,16.3098,True,fuzzy_logic_fixed_snr,2.9361,0.9553
154,v3,v7,20.0,120.0,20.0,0.6,0.6,0.4,15.3645,True,fuzzy_logic_fixed_snr,2.9284,0.9549
154,v4,v11,40.0,3.0,10.0,1.0,0.015,0.2,38.7447,False,fuzzy_logic_fixed_snr,38.7231,1.0
154,v4,v15,40.0,3.0,10.0,1.0,0.015,0.2,38.7447,False,fuzzy_logic_fixed_snr,38.7144,1.0
154,v4,v3,40.0,10.44,20.0,1.0,0.0522,0.4,37.4855,False,fuzzy_logic_fixed_snr,37.4592,1.0
154,v4,v19,40.0,60.07,20.0,1.0,0.3004,0.4,35.9655,False,fuzzy_logic_fixed_snr,35.9422,1.0
154,v4,v7,40.0,130.03,0.0,1.0,0.6502,0.0,35.7719,False,fuzzy_logic_fixed_snr,35.7541,1.0
155,v1,v13,40.0,70.0,20.0,1.0,0.35,0.4,35.8327,False,fuzzy_logic_fixed_snr,35.7954,0.999
155,v1,v5,40.0,160.0,20.0,1.0,0.8,0.4,35.1146,True,fuzzy_logic_fixed_snr,2.9567,0.9523
155,v3,v11,20.0,0.0,0.0,0.6,0.0,0.0,22.0,False,fuzzy_logic_fixed_snr,21.9739,0.999
155,v3,v15,20.0,0.0,30.0,0.6,0.0,0.6,21.3979,True,fuzzy_logic_fixed_snr,2.9497,0.9494
155,v3,v4,20.0,10.44,20.0,0.6,0.0522,0.4,17.4855,True,fuzzy_logic_fixed_snr,2.9396,0.9504
155,v3,v19,20.0,70.0,30.0,0.6,0.35,0.6,15.7077,True,fuzzy_logic_fixed_snr,2.9281,0.952
155,v3,v8,20.0,120.04,0.0,0.6,0.6002,0.0,15.8414,True,fuzzy_logic_fixed_snr,2.9307,0.9516
155,v4,v3,40.0,10.44,20.0,1.0,0.0522,0.4,37.4855,False,fuzzy_logic_fixed_snr,37.4619,1.0
155,v4,v11,40.0,10.44,20.0,1.0,0.0522,0.4,37.4855,False,fuzzy_logic_fixed_snr,37.4524,0.999
155,v4,v15,40.0,10.44,10.0,1.0,0.0522,0.2,37.6615,False,fuzzy_logic_fixed_snr,37.6199,0.999
155,v4,v19,40.0,80.06,10.0,1.0,0.4003,0.2,35.8922,False,fuzzy_logic_fixed_snr,35.858,1.0
155,v4,v8,40.0,130.0,20.0,1.0,0.65,0.4,35.295,True,fuzzy_logic_fixed_snr,2.9565,0.9533
156,v1,v13,40.0,90.0,0.0,1.0,0.45,0.0,36.0915,False,fuzzy_logic_fixed_snr,36.062,1.0
156,v1,v5,40.0,140.0,0.0,1.0,0.7,0.0,35.7077,False,fuzzy_logic_fixed_snr,35.6923,0.998
156,v3,v11,20.0,0.0,20.0,0.6,0.0,0.4,21.5229,True,fuzzy_logic_fixed_snr,2.9501,0.952
156,v3,v4,20.0,10.44,30.0,0.6,0.0522,0.6,17.3605,True,fuzzy_logic_fixed_snr,2.9396,0.9494
156,v3,v15,20.0,30.0,20.0,0.6,0.15,0.4,16.5686,True,fuzzy_logic_fixed_snr,2.9368,0.9529
156,v3,v19,20.0,100.0,20.0,0.6,0.5,0.4,15.5229,True,fuzzy_logic_fixed_snr,2.9315,0.9486
156,v3,v8,20.0,120.04,20.0,0.6,0.6002,0.4,15.3642,True,fuzzy_logic_fixed_snr,2.9298,0.9506
156,v4,v3,40.0,10.44,30.0,1.0,0.0522,0.6,37.3605,False,fuzzy_logic_fixed_snr,37.3237,0.998
156,v4,v11,40.0,10.44,10.0,1.0,0.0522,0.2,37.6615,False,fuzzy_logic_fixed_snr,37.6261,1.0
156,v4,v15,40.0,20.22,10.0,1.0,0.1011,0.2,37.0872,False,fuzzy_logic_fixed_snr,37.0602,0.9971
156,v4,v19,40.0,90.05,10.0,1.0,0.4502,0.2,35.79,False,fuzzy_logic_fixed_snr,35.7725,0.999
156,v4,v8,40.0,110.0,10.0,1.0,0.55,0.2,35.6162,False,fuzzy_logic_fixed_snr,35.5822,0.999
157,v1,v13,40.0,90.0,10.0,1.0,0.45,0.2,35.7905,False,fuzzy_logic_fixed_snr,35.7662,0.999
157,v1,v5,40.0,140.0,20.0,1.0,0.7,0.4,35.2306,True,fuzzy_logic_fixed_snr,2.9566,0.9504
157,v1,v6,40.0,190.02,20.0,1.0,0.9501,0.4,34.9653,True,fuzzy_logic_fixed_snr,2.9559,0.9523
157,v3,v15,20.0,10.0,20.0,0.6,0.05,0.4,17.5229,True,fuzzy_logic_fixed_snr,2.9401,0.9504
157,v3,v11,20.0,20.0,10.0,0.6,0.1,0.2,17.0969,False,fuzzy_logic_fixed_snr,17.0766,0.9971
157,v3,v4,20.0,20.22,30.0,0.6,0.1011,0.6,16.7862,True,fuzzy_logic_fixed_snr,2.9379,0.9455
157,v3,v19,20.0,80.0,0.0,0.6,0.4,0.0,16.1938,True,fuzzy_logic_fixed_snr,2.9357,0.9436
157,v3,v8,20.0,100.04,30.0,0.6,0.5002,0.6,15.3975,True,fuzzy_logic_fixed_snr,2.9318,0.9588
157,v4,v11,40.0,3.0,40.0,1.0,0.015,0.8,38.3468,True,fuzzy_logic_fixed_snr,2.9568,0.9504
157,v4,v3,40.0,20.22,30.0,1.0,0.1011,0.6,36.7862,False,fuzzy_logic_fixed_snr,36.7742,0.999
157,v4,v15,40.0,30.15,10.0,1.0,0.1507,0.2,36.7404,False,fuzzy_logic_fixed_snr,36.7162,0.999
157,v4,v19,40.0,100.04,30.0,1.0,0.5002,0.6,35.3975,True,fuzzy_logic_fixed_snr,2.9566,0.9533
157,v4,v8,40.0,120.0,0.0,1.0,0.6,0.0,35.8416,False,fuzzy_logic_fixed_snr,35.8178,0.999
158,v1,v13,40.0,100.0,10.0,1.0,0.5,0.2,35.699,False,fuzzy_logic_fixed_snr,35.6715,1.0
158,v1,v5,40.0,160.0,20.0,1.0,0.8,0.4,35.1146,True,fuzzy_logic_fixed_snr,2.9561,0.9514
158,v3,v4,20.0,10.44,10.0,0.6,0.0522,0.2,17.6615,False,fuzzy_logic_fixed_snr,17.6368,0.9971
158,v3,v11,20.0,30.0,10.0,0.6,0.15,0.2,16.7447,False,fuzzy_logic_fixed_snr,16.7254,0.9951
158,v3,v15,20.0,30.0,0.0,0.6,0.15,0.0,17.0458,False,fuzzy_logic_fixed_snr,17.0265,0.9961
158,v3,v19,20.0,80.0,20.0,0.6,0.4,0.4,15.7167,True,fuzzy_logic_fixed_snr,2.9312,0.951
158,v3,v8,20.0,130.03,40.0,0.6,0.6502,0.8,15.0729,True,fuzzy_logic_fixed_snr,2.9303,0.952
158,v4,v3,40.0,10.44,10.0,1.0,0.0522,0.2,37.6615,False,fuzzy_logic_fixed_snr,37.6402,0.999
158,v4,v15,40.0,20.22,10.0,1.0,0.1011,0.2,37.0872,False,fuzzy_logic_fixed_snr,37.0635,0.999
158,v4,v11,40.0,40.11,0.0,1.0,0.2006,0.0,36.7934,False,fuzzy_logic_fixed_snr,36.7736,1.0
158,v4,v19,40.0,70.06,10.0,1.0,0.3503,0.2,36.008,False,fuzzy_logic_fixed_snr,35.9668,1.0
158,v4,v8,40.0,120.0,30.0,1.0,0.6,0.6,35.2396,True,fuzzy_logic_fixed_snr,2.9566,0.9523
159,v1,v13,40.0,110.0,30.0,1.0,0.55,0.6,35.3152,True,fuzzy_logic_fixed_snr,2.9567,0.9504
159,v1,v5,40.0,140.0,0.0,1.0,0.7,0.0,35.7077,False,fuzzy_logic_fixed_snr,35.6818,0.999
159,v3,v11,20.0,20.0,20.0,0.6,0.1,0.4,16.9208,True,fuzzy_logic_fixed_snr,2.9381,0.9514
159,v3,v4,20.0,20.22,20.0,0.6,0.1011,0.4,16.9112,True,fuzzy_logic_fixed_snr,2.9384,0.9533
159,v3,v15,20.0,30.0,10.0,0.6,0.15,0.2,16.7447,False,fuzzy_logic_fixed_snr,16.7151,0.9971
159,v3,v19,20.0,100.0,10.0,0.6,0.5,0.2,15.699,True,fuzzy_logic_fixed_snr,2.9314,0.951
159,v3,v7,20.0,150.0,10.0,0.6,0.75,0.2,15.3468,True,fuzzy_logic_fixed_snr,2.9294,0.9563
159,v4,v15,40.0,10.44,30.0,1.0,0.0522,0.6,37.3605,False,fuzzy_logic_fixed_snr,37.3303,0.999
159,v4,v3,40.0,20.22,20.0,1.0,0.1011,0.4,36.9112,False,fuzzy_logic_fixed_snr,36.8737,1.0
159,v4,v11,40.0,40.11,40.0,1.0,0.2006,0.8,36.0945,True,fuzzy_logic_fixed_snr,2.9559,0.9514
159,v4,v19,40.0,80.06,10.0,1.0,0.4003,0.2,35.8922,False,fuzzy_logic_fixed_snr,35.8549,0.998
159,v4,v8,40.0,150.0,40.0,1.0,0.75,0.8,34.9488,True,fuzzy_logic_fixed_snr,2.9561,0.9514
160,v1,v13,40.0,80.0,20.0,1.0,0.4,0.4,35.7167,False,fuzzy_logic_fixed_snr,35.6921,0.998
160,v1,v5,40.0,140.0,0.0,1.0,0.7,0.0,35.7077,False,fuzzy_logic_fixed_snr,35.6862,0.999
160,v1,v6,40.0,190.02,0.0,1.0,0.9501,0.0,35.4424,True,fuzzy_logic_fixed_snr,2.9563,0.9523
160,v3,v15,20.0,20.0,20.0,0.6,0.1,0.4,16.9208,True,fuzzy_logic_fixed_snr,2.9387,0.9529
160,v3,v11,20.0,40.0,10.0,0.6,0.2,0.2,16.4949,False,fuzzy_logic_fixed_snr,16.4671,0.9951
160,v3,v4,20.0,40.11,10.0,0.6,0.2006,0.2,16.4924,False,fuzzy_logic_fixed_snr,16.4734,0.9941
160,v3,v19,20.0,110.0,0.0,0.6,0.55,0.0,15.9172,True,fuzzy_logic_fixed_snr,2.9337,0.9455
160,v3,v7,20.0,140.0,10.0,0.6,0.7,0.2,15.4067,True,fuzzy_logic_fixed_snr,2.9293,0.9539
160,v4,v15,40.0,20.22,10.0,1.0,0.1011,0.2,37.0872,False,fuzzy_logic_fixed_snr,37.0494,1.0
160,v4,v3,40.0,40.11,10.0,1.0,0.2006,0.2,36.4924,False,fuzzy_logic_fixed_snr,36.4736,1.0
160,v4,v19,40.0,70.06,10.0,1.0,0.3503,0.2,36.008,False,fuzzy_logic_fixed_snr,35.9851,1.0
160,v4,v11,40.0,80.06,0.0,1.0,0.4003,0.0,36.1932,False,fuzzy_logic_fixed_snr,36.1679,0.998
160,v4,v8,40.0,110.0,10.0,1.0,0.55,0.2,35.6162,False,fuzzy_logic_fixed_snr,35.5875,1.0
10,v1,v2,40.0,20.22,20.0,1.0,0.1011,0.4,36.9112,False,fuzzy_logic_dynamic_snr,36.8842,0.998
10,v1,v5,40.0,110.0,20.0,1.0,0.55,0.4,35.4401,False,fuzzy_logic_dynamic_snr,35.4164,0.999
10,v1,v6,40.0,190.02,10.0,1.0,0.9501,0.2,35.1414,True,fuzzy_logic_dynamic_snr,2.9685,0.9592
10,v2,v1,20.0,20.22,20.0,0.6,0.1011,0.4,16.9112,True,fuzzy_logic_dynamic_snr,2.9526,0.9582
10,v2,v5,20.0,130.03,40.0,0.6,0.6502,0.8,15.0729,True,fuzzy_logic_dynamic_snr,2.944,0.9572
10,v3,v4,20.0,50.09,30.0,0.6,0.2504,0.6,15.9984,True,fuzzy_logic_dynamic_snr,2.9496,0.9578
10,v3,v7,20.0,100.0,30.0,0.6,0.5,0.6,15.3979,True,fuzzy_logic_dynamic_snr,2.9454,0.9539
10,v3,v8,20.0,130.03,10.0,0.6,0.6502,0.2,15.4709,True,fuzzy_logic_dynamic_snr,2.9477,0.9611
10,v4,v3,40.0,50.09,30.0,1.0,0.2504,0.6,35.9984,False,fuzzy_logic_dynamic_snr,35.9746,1.0
10,v4,v7,40.0,50.09,0.0,1.0,0.2504,0.0,36.6005,False,fuzzy_logic_dynamic_snr,36.5811,1.0
10,v4,v8,40.0,80.0,20.0,1.0,0.4,0.4,35.7167,False,fuzzy_logic_dynamic_snr,35.687,0.999
10,v4,v12,40.0,170.0,20.0,1.0,0.85,0.4,35.062,True,fuzzy_logic_dynamic_snr,2.9684,0.9592
10,v4,v16,40.0,170.0,20.0,1.0,0.85,0.4,35.062,True,fuzzy_logic_dynamic_snr,2.9684,0.9592
11,v1,v2,40.0,3.0,10.0,1.0,0.015,0.2,38.7447,False,fuzzy_logic_dynamic_snr,38.7129,1.0
11,v1,v5,40.0,90.0,10.0,1.0,0.45,0.2,35.7905,False,fuzzy_logic_dynamic_snr,35.7522,0.999
11,v2,v1,20.0,3.0,10.0,0.6,0.015,0.2,18.7447,False,fuzzy_logic_dynamic_snr,18.7192,0.9961
11,v2,v5,20.0,90.05,20.0,0.6,0.4502,0.4,15.6139,True,fuzzy_logic_dynamic_snr,2.9474,0.9572
11,v2,v6,20.0,200.0,0.0,0.6,1.0,0.0,15.3979,True,fuzzy_logic_dynamic_snr,2.9458,0.9543
11,v3,v4,20.0,80.06,10.0,0.6,0.4003,0.2,15.8922,True,fuzzy_logic_dynamic_snr,2.9505,0.9611
11,v3,v7,20.0,130.0,30.0,0.6,0.65,0.6,15.1701,True,fuzzy_logic_dynamic_snr,2.9459,0.9602
11,v3,v8,20.0,140.03,20.0,0.6,0.7002,0.4,15.2304,True,fuzzy_logic_dynamic_snr,2.9442,0.9559
11,v4,v7,40.0,50.09,20.0,1.0,0.2504,0.4,36.1234,False,fuzzy_logic_dynamic_snr,36.1019,1.0
11,v4,v8,40.0,60.0,10.0,1.0,0.3,0.2,36.1427,False,fuzzy_logic_dynamic_snr,36.1143,1.0
11,v4,v3,40.0,80.06,10.0,1.0,0.4003,0.2,35.8922,False,fuzzy_logic_dynamic_snr,35.8662,1.0
11,v4,v11,40.0,140.03,30.0,1.0,0.7002,0.6,35.1055,True,fuzzy_logic_dynamic_snr,2.9683,0.9592
11,v4,v12,40.0,190.0,10.0,1.0,0.95,0.2,35.1415,True,fuzzy_logic_dynamic_snr,2.9686,0.9582
12,v1,v2,40.0,10.44,20.0,1.0,0.0522,0.4,37.4855,False,fuzzy_logic_dynamic_snr,37.4573,1.0
12,v1,v5,40.0,100.0,0.0,1.0,0.5,0.0,36.0,False,fuzzy_logic_dynamic_snr,35.9768,0.999
12,v1,v6,40.0,190.02,10.0,1.0,0.9501,0.2,35.1414,True,fuzzy_logic_dynamic_snr,2.9685,0.9592
12,v2,v1,20.0,10.44,20.0,0.6,0.0522,0.4,17.4855,True,fuzzy_logic_dynamic_snr,2.9547,0.9559
12,v2,v5,20.0,110.04,20.0,0.6,0.5502,0.4,15.4398,True,fuzzy_logic_dynamic_snr,2.9454,0.9617
12,v2,v6,20.0,200.0,10.0,0.6,1.0,0.2,15.0969,True,fuzzy_logic_dynamic_snr,2.9429,0.9602
12,v3,v4,20.0,70.06,0.0,0.6,0.3503,0.0,16.309,True,fuzzy_logic_dynamic_snr,2.9491,0.9611
12,v3,v7,20.0,100.0,20.0,0.6,0.5,0.4,15.5229,True,fuzzy_logic_dynamic_snr,2.9467,0.9588
12,v3,v8,20.0,120.04,20.0,0.6,0.6002,0.4,15.3642,True,fuzzy_logic_dynamic_snr,2.9468,0.9602
12,v3,v11,20.0,180.0,10.0,0.6,0.9,0.2,15.1884,True,fuzzy_logic_dynamic_snr,2.9467,0.9641
12,v4,v7,40.0,30.15,20.0,1.0,0.1507,0.4,36.5643,False,fuzzy_logic_dynamic_snr,36.5392,0.999
12,v4,v8,40.0,50.0,20.0,1.0,0.25,0.4,36.1249,False,fuzzy_logic_dynamic_snr,36.0981,1.0
12,v4,v3,40.0,70.06,0.0,1.0,0.3503,0.0,36.309,False,fuzzy_logic_dynamic_snr,36.2901,0.998
12,v4,v11,40.0,110.04,10.0,1.0,0.5502,0.2,35.6159,False,fuzzy_logic_dynamic_snr,35.5913,0.998
12,v4,v12,40.0,180.0,10.0,1.0,0.9,0.2,35.1884,True,fuzzy_logic_dynamic_snr,2.9689,0.9572
13,v1,v2,40.0,30.15,10.0,1.0,0.1507,0.2,36.7404,False,fuzzy_logic_dynamic_snr,36.7105,0.999
13,v1,v5,40.0,100.0,30.0,1.0,0.5,0.6,35.3979,True,fuzzy_logic_dynamic_snr,2.9689,0.9582
13,v1,v6,40.0,180.02,0.0,1.0,0.9001,0.0,35.4893,True,fuzzy_logic_dynamic_snr,2.969,0.9602
13,v2,v1,20.0,30.15,10.0,0.6,0.1507,0.2,16.7404,False,fuzzy_logic_dynamic_snr,16.7111,0.9961
13,v2,v5,20.0,130.03,20.0,0.6,0.6502,0.4,15.2948,True,fuzzy_logic_dynamic_snr,2.9472,0.9592
13,v3,v4,20.0,70.06,10.0,0.6,0.3503,0.2,16.008,True,fuzzy_logic_dynamic_snr,2.9503,0.9533
13,v3,v7,20.0,120.0,10.0,0.6,0.6,0.2,15.5406,True,fuzzy_logic_dynamic_snr,2.9467,0.9582
13,v3,v8,20.0,140.03,20.0,0.6,0.7002,0.4,15.2304,True,fuzzy_logic_dynamic_snr,2.9445,0.9625
13,v3,v11,20.0,190.0,10.0,0.6,0.95,0.2,15.1415,True,fuzzy_logic_dynamic_snr,2.9468,0.9617
13,v4,v7,40.0,50.09,20.0,1.0,0.2504,0.4,36.1234,False,fuzzy_logic_dynamic_snr,36.0888,0.998
13,v4,v8,40.0,70.0,10.0,1.0,0.35,0.2,36.0088,False,fuzzy_logic_dynamic_snr,35.9728,0.999
13,v4,v3,40.0,70.06,10.0,1.0,0.3503,0.2,36.008,False,fuzzy_logic_dynamic_snr,35.9789,0.998
13,v4,v11,40.0,120.04,0.0,1.0,0.6002,0.0,35.8414,False,fuzzy_logic_dynamic_snr,35.8066,0.999
13,v4,v12,40.0,170.0,0.0,1.0,0.85,0.0,35.5391,True,fuzzy_logic_dynamic_snr,2.9684,0.9572
14,v1,v2,40.0,20.22,30.0,1.0,0.1011,0.6,36.7862,False,fuzzy_logic_dynamic_snr,36.7583,1.0
14,v1,v5,40.0,130.0,30.0,1.0,0.65,0.6,35.1701,True,fuzzy_logic_dynamic_snr,2.9687,0.9592
14,v1,v6,40.0,180.02,40.0,1.0,0.9001,0.8,34.7904,True,fuzzy_logic_dynamic_snr,2.9685,0.9592
14,v2,v1,20.0,20.22,30.0,0.6,0.1011,0.6,16.7862,True,fuzzy_logic_dynamic_snr,2.9536,0.9568
14,v2,v5,20.0,150.03,0.0,0.6,0.7501,0.0,15.6476,True,fuzzy_logic_dynamic_snr,2.9482,0.9617
14,v2,v6,20.0,200.0,10.0,0.6,1.0,0.2,15.0969,True,fuzzy_logic_dynamic_snr,2.9434,0.9621
14,v3,v4,20.0,80.06,10.0,0.6,0.4003,0.2,15.8922,True,fuzzy_logic_dynamic_snr,2.9486,0.9578
14,v3,v7,20.0,110.0,10.0,0.6,0.55,0.2,15.6162,True,fuzzy_logic_dynamic_snr,2.9485,0.9578
14,v3,v8,20.0,160.03,10.0,0.6,0.8001,0.2,15.2906,True,fuzzy_logic_dynamic_snr,2.9442,0.9578
14,v3,v11,20.0,200.0,10.0,0.6,1.0,0.2,15.0969,True,fuzzy_logic_dynamic_snr,2.9441,0.9543
14,v4,v7,40.0,30.15,20.0,1.0,0.1507,0.4,36.5643,False,fuzzy_logic_dynamic_snr,36.5327,0.998
14,v4,v8,40.0,80.0,0.0,1.0,0.4,0.0,36.1938,False,fuzzy_logic_dynamic_snr,36.1641,1.0
14,v4,v3,40.0,80.06,10.0,1.0,0.4003,0.2,35.8922,False,fuzzy_logic_dynamic_snr,35.8764,0.999
14,v4,v11,40.0,120.04,0.0,1.0,0.6002,0.0,35.8414,False,fuzzy_logic_dynamic_snr,35.8121,1.0
14,v4,v12,40.0,170.0,20.0,1.0,0.85,0.4,35.062,True,fuzzy_logic_dynamic_snr,2.9683,0.9602
15,v1,v2,40.0,50.09,20.0,1.0,0.2504,0.4,36.1234,False,fuzzy_logic_dynamic_snr,36.0983,0.999
15,v1,v5,40.0,100.0,10.0,1.0,0.5,0.2,35.699,False,fuzzy_logic_dynamic_snr,35.6712,1.0
15,v1,v6,40.0,140.03,10.0,1.0,0.7002,0.2,35.4065,False,fuzzy_logic_dynamic_snr,35.3666,1.0
15,v2,v1,20.0,50.09,20.0,0.6,0.2504,0.4,16.1234,True,fuzzy_logic_dynamic_snr,2.9486,0.9549
15,v2,v5,20.0,150.03,10.0,0.6,0.7501,0.2,15.3466,True,fuzzy_logic_dynamic_snr,2.9441,0.9602
15,v2,v6,20.0,190.0,30.0,0.6,0.95,0.6,14.8404,True,fuzzy_logic_dynamic_snr,2.9443,0.9568
15,v3,v4,20.0,70.06,30.0,0.6,0.3503,0.6,15.7069,True,fuzzy_logic_dynamic_snr,2.948,0.9617
15,v3,v7,20.0,120.0,20.0,0.6,0.6,0.4,15.3645,True,fuzzy_logic_dynamic_snr,2.9467,0.9607
15,v3,v8,20.0,150.03,10.0,0.6,0.7501,0.2,15.3466,True,fuzzy_logic_dynamic_snr,2.9471,0.9627
15,v3,v11,20.0,190.0,10.0,0.6,0.95,0.2,15.1415,True,fuzzy_logic_dynamic_snr,2.9448,0.9553
15,v4,v7,40.0,50.09,10.0,1.0,0.2504,0.2,36.2995,False,fuzzy_logic_dynamic_snr,36.2784,0.998
15,v4,v3,40.0,70.06,30.0,1.0,0.3503,0.6,35.7069,False,fuzzy_logic_dynamic_snr,35.6753,1.0
15,v4,v8,40.0,80.0,40.0,1.0,0.4,0.8,35.4949,True,fuzzy_logic_dynamic_snr,2.9685,0.9592
15,v4,v11,40.0,120.04,40.0,1.0,0.6002,0.8,35.1424,True,fuzzy_logic_dynamic_snr,2.9692,0.9592
15,v4,v12,40.0,190.0,40.0,1.0,0.95,0.8,34.7435,True,fuzzy_logic_dynamic_snr,2.9689,0.9592
16,v1,v2,40.0,30.15,0.0,1.0,0.1507,0.0,37.0414,False,fuzzy_logic_dynamic_snr,37.0245,0.999
16,v1,v5,40.0,110.0,20.0,1.0,0.55,0.4,35.4401,False,fuzzy_logic_dynamic_snr,35.4154,1.0
16,v1,v6,40.0,130.03,10.0,1.0,0.6502,0.2,35.4709,False,fuzzy_logic_dynamic_snr,35.4427,1.0
16,v2,v1,20.0,30.15,0.0,0.6,0.1507,0.0,17.0414,False,fuzzy_logic_dynamic_snr,17.0228,0.999
16,v2,v5,20.0,140.03,20.0,0.6,0.7002,0.4,15.2304,True,fuzzy_logic_dynamic_snr,2.9442,0.9572
16,v2,v6,20.0,160.0,10.0,0.6,0.8,0.2,15.2907,True,fuzzy_logic_dynamic_snr,2.9469,0.9588
16,v3,v4,20.0,100.04,40.0,0.6,0.5002,0.8,15.3006,True,fuzzy_logic_dynamic_snr,2.9453,0.9611
16,v3,v7,20.0,140.0,0.0,0.6,0.7,0.0,15.7077,True,fuzzy_logic_dynamic_snr,2.9502,0.9582
16,v3,v8,20.0,140.03,0.0,0.6,0.7002,0.0,15.7075,True,fuzzy_logic_dynamic_snr,2.9483,0.9543
16,v3,v11,20.0,180.0,10.0,0.6,0.9,0.2,15.1884,True,fuzzy_logic_dynamic_snr,2.9442,0.9553
16,v4,v8,40.0,40.0,40.0,1.0,0.2,0.8,36.0969,True,fuzzy_logic_dynamic_snr,2.9684,0.9582
16,v4,v7,40.0,40.11,40.0,1.0,0.2006,0.8,36.0945,True,fuzzy_logic_dynamic_snr,2.9695,0.9582
16,v4,v11,40.0,80.06,30.0,1.0,0.4003,0.6,35.5911,False,fuzzy_logic_dynamic_snr,35.575,1.0
16,v4,v3,40.0,100.04,40.0,1.0,0.5002,0.8,35.3006,True,fuzzy_logic_dynamic_snr,2.9692,0.9602
16,v4,v12,40.0,150.0,40.0,1.0,0.75,0.8,34.9488,True,fuzzy_logic_dynamic_snr,2.9681,0.9592
17,v1,v2,40.0,30.15,40.0,1.0,0.1507,0.8,36.3425,True,fuzzy_logic_dynamic_snr,2.969,0.9592
17,v1,v5,40.0,130.0,30.0,1.0,0.65,0.6,35.1701,True,fuzzy_logic_dynamic_snr,2.9691,0.9582
17,v1,v6,40.0,140.03,40.0,1.0,0.7002,0.8,35.0086,True,fuzzy_logic_dynamic_snr,2.9694,0.9592
17,v2,v1,20.0,30.15,40.0,0.6,0.1507,0.8,16.3425,True,fuzzy_logic_dynamic_snr,2.9505,0.9588
17,v2,v5,20.0,160.03,10.0,0.6,0.8001,0.2,15.2906,True,fuzzy_logic_dynamic_snr,2.9459,0.9631
17,v2,v6,20.0,170.0,0.0,0.6,0.85,0.0,15.5391,True,fuzzy_logic_dynamic_snr,2.9471,0.9578
17,v3,v4,20.0,60.07,0.0,0.6,0.3004,0.0,16.4426,True,fuzzy_logic_dynamic_snr,2.9521,0.9582
17,v3,v7,20.0,140.0,0.0,0.6,0.7,0.0,15.7077,True,fuzzy_logic_dynamic_snr,2.9479,0.9582
17,v3,v8,20.0,140.03,10.0,0.6,0.7002,0.2,15.4065,True,fuzzy_logic_dynamic_snr,2.9472,0.9662
17,v3,v11,20.0,170.0,20.0,0.6,0.85,0.4,15.062,True,fuzzy_logic_dynamic_snr,2.9469,0.9553
17,v4,v3,40.0,60.07,0.0,1.0,0.3004,0.0,36.4426,False,fuzzy_logic_dynamic_snr,36.4121,0.999
17,v4,v8,40.0,80.0,10.0,1.0,0.4,0.2,35.8928,False,fuzzy_logic_dynamic_snr,35.8715,0.999
17,v4,v7,40.0,80.06,0.0,1.0,0.4003,0.0,36.1932,False,fuzzy_logic_dynamic_snr,36.163,0.999
17,v4,v11,40.0,110.04,20.0,1.0,0.5502,0.4,35.4398,False,fuzzy_logic_dynamic_snr,35.4171,0.998
17,v4,v12,40.0,190.0,0.0,1.0,0.95,0.0,35.4425,True,fuzzy_logic_dynamic_snr,2.9689,0.9582
18,v1,v2,40.0,70.06,10.0,1.0,0.3503,0.2,36.008,False,fuzzy_logic_dynamic_snr,35.9897,0.999
18,v1,v5,40.0,100.0,30.0,1.0,0.5,0.6,35.3979,True,fuzzy_logic_dynamic_snr,2.9689,0.9592
18,v1,v6,40.0,100.04,40.0,1.0,0.5002,0.8,35.3006,True,fuzzy_logic_dynamic_snr,2.9682,0.9592
18,v2,v1,20.0,70.06,10.0,0.6,0.3503,0.2,16.008,True,fuzzy_logic_dynamic_snr,2.9487,0.9592
18,v2,v6,20.0,170.0,30.0,0.6,0.85,0.6,14.937,True,fuzzy_logic_dynamic_snr,2.9426,0.9572
18,v2,v5,20.0,170.03,20.0,0.6,0.8501,0.4,15.0618,True,fuzzy_logic_dynamic_snr,2.9448,0.9504
18,v3,v4,20.0,60.07,10.0,0.6,0.3004,0.2,16.1416,True,fuzzy_logic_dynamic_snr,2.9493,0.9607
18,v3,v8,20.0,130.03,0.0,0.6,0.6502,0.0,15.7719,True,fuzzy_logic_dynamic_snr,2.9489,0.9559
18,v3,v7,20.0,140.0,20.0,0.6,0.7,0.4,15.2306,True,fuzzy_logic_dynamic_snr,2.9459,0.9637
18,v3,v11,20.0,150.0,10.0,0.6,0.75,0.2,15.3468,True,fuzzy_logic_dynamic_snr,2.9465,0.9572
18,v4,v3,40.0,60.07,10.0,1.0,0.3004,0.2,36.1416,False,fuzzy_logic_dynamic_snr,36.1202,1.0
18,v4,v8,40.0,70.0,10.0,1.0,0.35,0.2,36.0088,False,fuzzy_logic_dynamic_snr,35.9922,1.0
18,v4,v7,40.0,80.06,10.0,1.0,0.4003,0.2,35.8922,False,fuzzy_logic_dynamic_snr,35.8709,0.998
18,v4,v11,40.0,90.05,0.0,1.0,0.4502,0.0,36.091,False,fuzzy_logic_dynamic_snr,36.0636,1.0
18,v4,v12,40.0,190.0,30.0,1.0,0.95,0.6,34.8404,True,fuzzy_logic_dynamic_snr,2.9694,0.9572
19,v1,v2,40.0,60.07,20.0,1.0,0.3004,0.4,35.9655,False,fuzzy_logic_dynamic_snr,35.9433,0.999
19,v1,v5,40.0,130.0,0.0,1.0,0.65,0.0,35.7721,False,fuzzy_logic_dynamic_snr,35.7417,0.998
19,v1,v6,40.0,140.03,10.0,1.0,0.7002,0.2,35.4065,False,fuzzy_logic_dynamic_snr,35.3831,0.999
19,v2,v1,20.0,60.07,20.0,0.6,0.3004,0.4,15.9655,True,fuzzy_logic_dynamic_snr,2.9499,0.9582
19,v2,v5,20.0,190.02,20.0,0.6,0.9501,0.4,14.9653,True,fuzzy_logic_dynamic_snr,2.9438,0.9539
19,v2,v6,20.0,200.0,30.0,0.6,1.0,0.6,14.7959,True,fuzzy_logic_dynamic_snr,2.9412,0.9578
19,v3,v4,20.0,50.09,30.0,0.6,0.2504,0.6,15.9984,True,fuzzy_logic_dynamic_snr,2.9508,0.9607
19,v3,v7,20.0,120.0,30.0,0.6,0.6,0.6,15.2396,True,fuzzy_logic_dynamic_snr,2.9472,0.9602
19,v3,v8,20.0,130.03,0.0,0.6,0.6502,0.0,15.7719,True,fuzzy_logic_dynamic_snr,2.9488,0.9563
19,v3,v11,20.0,140.0,0.0,0.6,0.7,0.0,15.7077,True,fuzzy_logic_dynamic_snr,2.9499,0.9588
19,v4,v3,40.0,50.09,30.0,1.0,0.2504,0.6,35.9984,False,fuzzy_logic_dynamic_snr,35.9636,0.998
19,v4,v7,40.0,70.06,0.0,1.0,0.3503,0.0,36.309,False,fuzzy_logic_dynamic_snr,36.2814,1.0
19,v4,v8,40.0,80.0,30.0,1.0,0.4,0.6,35.5918,False,fuzzy_logic_dynamic_snr,35.5607,1.0
19,v4,v11,40.0,90.05,30.0,1.0,0.4502,0.6,35.489,True,fuzzy_logic_dynamic_snr,2.9683,0.9592
19,v4,v12,40.0,160.0,20.0,1.0,0.8,0.4,35.1146,True,fuzzy_logic_dynamic_snr,2.9686,0.9572
20,v1,v2,40.0,40.11,0.0,1.0,0.2006,0.0,36.7934,False,fuzzy_logic_dynamic_snr,36.7683,0.999
20,v1,v5,40.0,130.0,30.0,1.0,0.65,0.6,35.1701,True,fuzzy_logic_dynamic_snr,2.969,0.9611
20,v1,v6,40.0,130.03,30.0,1.0,0.6502,0.6,35.1698,True,fuzzy_logic_dynamic_snr,2.9689,0.9592
20,v2,v1,20.0,40.11,0.0,0.6,0.2006,0.0,16.7934,False,fuzzy_logic_dynamic_snr,16.764,0.9961
20,v2,v6,20.0,170.0,30.0,0.6,0.85,0.6,14.937,True,fuzzy_logic_dynamic_snr,2.9441,0.9607
20,v2,v5,20.0,170.03,30.0,0.6,0.8501,0.6,14.9369,True,fuzzy_logic_dynamic_snr,2.9447,0.9559
20,v3,v4,20.0,80.06,30.0,0.6,0.4003,0.6,15.5911,True,fuzzy_logic_dynamic_snr,2.9477,0.9543
20,v3,v8,20.0,130.03,10.0,0.6,0.6502,0.2,15.4709,True,fuzzy_logic_dynamic_snr,2.9463,0.9602
20,v3,v11,20.0,140.0,20.0,0.6,0.7,0.4,15.2306,True,fuzzy_logic_dynamic_snr,2.9449,0.9559
20,v3,v7,20.0,150.0,0.0,0.6,0.75,0.0,15.6478,True,fuzzy_logic_dynamic_snr,2.9484,0.9592
20,v4,v8,40.0,50.0,20.0,1.0,0.25,0.4,36.1249,False,fuzzy_logic_dynamic_snr,36.1103,0.999
20,v4,v11,40.0,60.07,10.0,1.0,0.3004,0.2,36.1416,False,fuzzy_logic_dynamic_snr,36.1177,0.999
20,v4,v7,40.0,70.06,30.0,1.0,0.3503,0.6,35.7069,False,fuzzy_logic_dynamic_snr,35.6803,0.999
20,v4,v3,40.0,80.06,30.0,1.0,0.4003,0.6,35.5911,False,fuzzy_logic_dynamic_snr,35.5632,0.999
20,v4,v12,40.0,140.0,10.0,1.0,0.7,0.2,35.4067,False,fuzzy_logic_dynamic_snr,35.378,0.999
21,v1,v2,40.0,40.11,30.0,1.0,0.2006,0.6,36.1914,False,fuzzy_logic_dynamic_snr,36.157,1.0
21,v1,v5,40.0,160.0,0.0,1.0,0.8,0.0,35.5918,True,fuzzy_logic_dynamic_snr,2.9687,0.9582
21,v1,v6,40.0,160.03,40.0,1.0,0.8001,0.8,34.8926,True,fuzzy_logic_dynamic_snr,2.9687,0.9592
21,v2,v1,20.0,40.11,30.0,0.6,0.2006,0.6,16.1914,True,fuzzy_logic_dynamic_snr,2.9509,0.9572
21,v2,v6,20.0,200.0,10.0,0.6,1.0,0.2,15.0969,True,fuzzy_logic_dynamic_snr,2.9428,0.9539
21,v3,v4,20.0,110.04,40.0,0.6,0.5502,0.8,15.2179,True,fuzzy_logic_dynamic_snr,2.9456,0.9631
21,v3,v8,20.0,140.03,40.0,0.6,0.7002,0.8,15.0086,True,fuzzy_logic_dynamic_snr,2.9423,0.9563
21,v3,v7,20.0,150.0,40.0,0.6,0.75,0.8,14.9488,True,fuzzy_logic_dynamic_snr,2.9419,0.9582
21,v3,v11,20.0,160.0,10.0,0.6,0.8,0.2,15.2907,True,fuzzy_logic_dynamic_snr,2.9437,0.9602
21,v4,v8,40.0,30.0,0.0,1.0,0.15,0.0,37.0458,False,fuzzy_logic_dynamic_snr,37.0328,0.998
21,v4,v7,40.0,40.11,0.0,1.0,0.2006,0.0,36.7934,False,fuzzy_logic_dynamic_snr,36.7558,0.999
21,v4,v11,40.0,50.09,30.0,1.0,0.2504,0.6,35.9984,False,fuzzy_logic_dynamic_snr,35.9704,0.998
21,v4,v3,40.0,110.04,40.0,1.0,0.5502,0.8,35.2179,True,fuzzy_logic_dynamic_snr,2.9685,0.9582
21,v4,v12,40.0,130.0,30.0,1.0,0.65,0.6,35.1701,True,fuzzy_logic_dynamic_snr,2.9686,0.9611
22,v1,v2,40.0,70.06,10.0,1.0,0.3503,0.2,36.008,False,fuzzy_logic_dynamic_snr,35.9816,1.0
22,v1,v6,40.0,120.04,10.0,1.0,0.6002,0.2,35.5403,False,fuzzy_logic_dynamic_snr,35.5106,0.998
22,v1,v5,40.0,160.0,20.0,1.0,0.8,0.4,35.1146,True,fuzzy_logic_dynamic_snr,2.969,0.9572
22,v2,v1,20.0,70.06,10.0,0.6,0.3503,0.2,16.008,True,fuzzy_logic_dynamic_snr,2.9479,0.9602
22,v2,v6,20.0,190.0,0.0,0.6,0.95,0.0,15.4425,True,fuzzy_logic_dynamic_snr,2.9465,0.9588
22,v3,v4,20.0,150.03,10.0,0.6,0.7501,0.2,15.3466,True,fuzzy_logic_dynamic_snr,2.9445,0.9572
22,v3,v11,20.0,170.0,20.0,0.6,0.85,0.4,15.062,True,fuzzy_logic_dynamic_snr,2.9447,0.9578
22,v3,v8,20.0,180.02,10.0,0.6,0.9001,0.2,15.1883,True,fuzzy_logic_dynamic_snr,2.9444,0.9572
22,v3,v7,20.0,190.0,10.0,0.6,0.95,0.2,15.1415,True,fuzzy_logic_dynamic_snr,2.9465,0.9633
22,v4,v11,40.0,20.22,30.0,1.0,0.1011,0.6,36.7862,False,fuzzy_logic_dynamic_snr,36.764,1.0
22,v4,v8,40.0,30.0,20.0,1.0,0.15,0.4,36.5686,False,fuzzy_logic_dynamic_snr,36.5423,0.999
22,v4,v7,40.0,40.11,20.0,1.0,0.2006,0.4,36.3163,False,fuzzy_logic_dynamic_snr,36.2863,0.999
22,v4,v12,40.0,100.0,10.0,1.0,0.5,0.2,35.699,False,fuzzy_logic_dynamic_snr,35.6755,0.999
22,v4,v3,40.0,150.03,10.0,1.0,0.7501,0.2,35.3466,False,fuzzy_logic_dynamic_snr,35.3153,0.999
23,v1,v2,40.0,80.06,30.0,1.0,0.4003,0.6,35.5911,False,fuzzy_logic_dynamic_snr,35.5667,0.999
23,v1,v6,40.0,110.04,30.0,1.0,0.5502,0.6,35.3148,True,fuzzy_logic_dynamic_snr,2.9687,0.9592
23,v1,v5,40.0,140.0,40.0,1.0,0.7,0.8,35.0088,True,fuzzy_logic_dynamic_snr,2.9689,0.9602
23,v2,v1,20.0,80.06,30.0,0.6,0.4003,0.6,15.5911,True,fuzzy_logic_dynamic_snr,2.9474,0.9592
23,v2,v6,20.0,190.0,0.0,0.6,0.95,0.0,15.4425,True,fuzzy_logic_dynamic_snr,2.9471,0.9578
23,v3,v4,20.0,140.03,40.0,0.6,0.7002,0.8,15.0086,True,fuzzy_logic_dynamic_snr,2.947,0.9559
23,v3,v11,20.0,190.0,30.0,0.6,0.95,0.6,14.8404,True,fuzzy_logic_dynamic_snr,2.9453,0.9611
23,v3,v8,20.0,190.02,40.0,0.6,0.9501,0.8,14.7434,True,fuzzy_logic_dynamic_snr,2.9404,0.9592
23,v3,v7,20.0,200.0,0.0,0.6,1.0,0.0,15.3979,True,fuzzy_logic_dynamic_snr,2.9434,0.9582
23,v4,v8,40.0,50.0,0.0,1.0,0.25,0.0,36.6021,False,fuzzy_logic_dynamic_snr,36.5665,0.999
23,v4,v11,40.0,50.09,10.0,1.0,0.2504,0.2,36.2995,False,fuzzy_logic_dynamic_snr,36.2688,0.999
23,v4,v7,40.0,60.07,40.0,1.0,0.3004,0.8,35.7436,True,fuzzy_logic_dynamic_snr,2.9688,0.9602
23,v4,v12,40.0,90.0,40.0,1.0,0.45,0.8,35.3925,True,fuzzy_logic_dynamic_snr,2.9687,0.9611
23,v4,v3,40.0,140.03,40.0,1.0,0.7002,0.8,35.0086,True,fuzzy_logic_dynamic_snr,2.9691,0.9592
24,v1,v2,40.0,50.09,0.0,1.0,0.2504,0.0,36.6005,False,fuzzy_logic_dynamic_snr,36.5804,1.0
24,v1,v6,40.0,140.03,30.0,1.0,0.7002,0.6,35.1055,True,fuzzy_logic_dynamic_snr,2.969,0.9592
24,v1,v5,40.0,180.0,20.0,1.0,0.9,0.4,35.0123,True,fuzzy_logic_dynamic_snr,2.9686,0.9582
24,v2,v1,20.0,50.09,0.0,0.6,0.2504,0.0,16.6005,False,fuzzy_logic_dynamic_snr,16.5666,0.999
24,v2,v6,20.0,190.0,30.0,0.6,0.95,0.6,14.8404,True,fuzzy_logic_dynamic_snr,2.9427,0.9607
24,v3,v4,20.0,100.04,20.0,0.6,0.5002,0.4,15.5225,True,fuzzy_logic_dynamic_snr,2.9472,0.9582
24,v3,v8,20.0,150.03,30.0,0.6,0.7501,0.6,15.0456,True,fuzzy_logic_dynamic_snr,2.9438,0.9563
24,v3,v11,20.0,160.0,30.0,0.6,0.8,0.6,14.9897,True,fuzzy_logic_dynamic_snr,2.9441,0.9568
24,v3,v7,20.0,200.0,20.0,0.6,1.0,0.4,14.9208,True,fuzzy_logic_dynamic_snr,2.944,0.9588
24,v4,v8,40.0,50.0,10.0,1.0,0.25,0.2,36.301,False,fuzzy_logic_dynamic_snr,36.2691,0.999
24,v4,v11,40.0,60.07,10.0,1.0,0.3004,0.2,36.1416,False,fuzzy_logic_dynamic_snr,36.1218,0.998
24,v4,v3,40.0,100.04,20.0,1.0,0.5002,0.4,35.5225,False,fuzzy_logic_dynamic_snr,35.493,1.0
24,v4,v7,40.0,100.04,0.0,1.0,0.5002,0.0,35.9996,False,fuzzy_logic_dynamic_snr,35.9628,0.999
24,v4,v12,40.0,130.0,0.0,1.0,0.65,0.0,35.7721,False,fuzzy_logic_dynamic_snr,35.7579,0.999
25,v1,v2,40.0,50.09,40.0,1.0,0.2504,0.8,35.9015,True,fuzzy_logic_dynamic_snr,2.9685,0.9592
25,v1,v6,40.0,170.03,10.0,1.0,0.8501,0.2,35.2379,True,fuzzy_logic_dynamic_snr,2.9687,0.9582
25,v1,v5,40.0,200.0,20.0,1.0,1.0,0.4,34.9208,True,fuzzy_logic_dynamic_snr,2.9686,0.9602
25,v2,v1,20.0,50.09,40.0,0.6,0.2504,0.8,15.9015,True,fuzzy_logic_dynamic_snr,2.9484,0.9553
25,v3,v4,20.0,120.04,30.0,0.6,0.6002,0.6,15.2393,True,fuzzy_logic_dynamic_snr,2.9455,0.9572
25,v3,v8,20.0,180.02,10.0,0.6,0.9001,0.2,15.1883,True,fuzzy_logic_dynamic_snr,2.9437,0.9607
25,v3,v11,20.0,190.0,10.0,0.6,0.95,0.2,15.1415,True,fuzzy_logic_dynamic_snr,2.9466,0.9563
25,v4,v8,40.0,60.0,40.0,1.0,0.3,0.8,35.7447,True,fuzzy_logic_dynamic_snr,2.9689,0.9582
25,v4,v11,40.0,70.06,20.0,1.0,0.3503,0.4,35.8319,False,fuzzy_logic_dynamic_snr,35.8013,0.999
25,v4,v7,40.0,100.04,20.0,1.0,0.5002,0.4,35.5225,False,fuzzy_logic_dynamic_snr,35.4905,1.0
25,v4,v3,40.0,120.04,30.0,1.0,0.6002,0.6,35.2393,True,fuzzy_logic_dynamic_snr,2.9685,0.9582
25,v4,v12,40.0,130.0,30.0,1.0,0.65,0.6,35.1701,True,fuzzy_logic_dynamic_snr,2.9684,0.9592
26,v1,v2,40.0,90.05,10.0,1.0,0.4502,0.2,35.79,False,fuzzy_logic_dynamic_snr,35.7704,1.0
26,v1,v6,40.0,160.03,40.0,1.0,0.8001,0.8,34.8926,True,fuzzy_logic_dynamic_snr,2.9684,0.9582
26,v1,v5,40.0,180.0,0.0,1.0,0.9,0.0,35.4895,True,fuzzy_logic_dynamic_snr,2.9687,0.9582
26,v2,v1,20.0,90.05,10.0,0.6,0.4502,0.2,15.79,True,fuzzy_logic_dynamic_snr,2.9469,0.9588
26,v3,v4,20.0,90.05,20.0,0.6,0.4502,0.4,15.6139,True,fuzzy_logic_dynamic_snr,2.9459,0.9631
26,v3,v11,20.0,180.0,10.0,0.6,0.9,0.2,15.1884,True,fuzzy_logic_dynamic_snr,2.9433,0.9572
26,v3,v8,20.0,190.02,0.0,0.6,0.9501,0.0,15.4424,True,fuzzy_logic_dynamic_snr,2.9469,0.9553
26,v4,v3,40.0,90.05,20.0,1.0,0.4502,0.4,35.6139,False,fuzzy_logic_dynamic_snr,35.581,0.999
26,v4,v11,40.0,90.05,10.0,1.0,0.4502,0.2,35.79,False,fuzzy_logic_dynamic_snr,35.7646,0.999
26,v4,v8,40.0,100.0,20.0,1.0,0.5,0.4,35.5229,False,fuzzy_logic_dynamic_snr,35.5003,0.998
26,v4,v7,40.0,120.04,10.0,1.0,0.6002,0.2,35.5403,False,fuzzy_logic_dynamic_snr,35.5084,0.999
26,v4,v12,40.0,160.0,20.0,1.0,0.8,0.4,35.1146,True,fuzzy_logic_dynamic_snr,2.9685,0.9602
27,v1,v2,40.0,100.04,20.0,1.0,0.5002,0.4,35.5225,False,fuzzy_logic_dynamic_snr,35.4886,0.999
27,v1,v6,40.0,120.04,0.0,1.0,0.6002,0.0,35.8414,False,fuzzy_logic_dynamic_snr,35.8176,0.998
27,v1,v5,40.0,180.0,10.0,1.0,0.9,0.2,35.1884,True,fuzzy_logic_dynamic_snr,2.9695,0.9582
27,v2,v1,20.0,100.04,20.0,0.6,0.5002,0.4,15.5225,True,fuzzy_logic_dynamic_snr,2.9491,0.9598
27,v3,v4,20.0,110.04,20.0,0.6,0.5502,0.4,15.4398,True,fuzzy_logic_dynamic_snr,2.9468,0.9572
27,v3,v11,20.0,190.0,40.0,0.6,0.95,0.8,14.7435,True,fuzzy_logic_dynamic_snr,2.9415,0.9559
27,v3,v8,20.0,190.02,30.0,0.6,0.9501,0.6,14.8403,True,fuzzy_logic_dynamic_snr,2.9436,0.9588
27,v4,v8,40.0,80.0,10.0,1.0,0.4,0.2,35.8928,False,fuzzy_logic_dynamic_snr,35.8562,1.0
27,v4,v11,40.0,80.06,20.0,1.0,0.4003,0.4,35.7161,False,fuzzy_logic_dynamic_snr,35.6956,0.999
27,v4,v3,40.0,110.04,20.0,1.0,0.5502,0.4,35.4398,False,fuzzy_logic_dynamic_snr,35.4199,1.0
27,v4,v7,40.0,110.04,10.0,1.0,0.5502,0.2,35.6159,False,fuzzy_logic_dynamic_snr,35.5943,0.998
27,v4,v12,40.0,140.0,20.0,1.0,0.7,0.4,35.2306,True,fuzzy_logic_dynamic_snr,2.9692,0.9592
28,v1,v2,40.0,80.06,20.0,1.0,0.4003,0.4,35.7161,False,fuzzy_logic_dynamic_snr,35.6909,0.999
28,v1,v6,40.0,120.04,10.0,1.0,0.6002,0.2,35.5403,False,fuzzy_logic_dynamic_snr,35.4948,1.0
28,v1,v5,40.0,190.0,10.0,1.0,0.95,0.2,35.1415,True,fuzzy_logic_dynamic_snr,2.9679,0.9592
28,v2,v1,20.0,80.06,20.0,0.6,0.4003,0.4,15.7161,True,fuzzy_logic_dynamic_snr,2.9474,0.9592
28,v2,v6,20.0,200.0,10.0,0.6,1.0,0.2,15.0969,True,fuzzy_logic_dynamic_snr,2.9436,0.9553
28,v3,v4,20.0,90.05,10.0,0.6,0.4502,0.2,15.79,True,fuzzy_logic_dynamic_snr,2.9468,0.9514
28,v3,v11,20.0,150.0,10.0,0.6,0.75,0.2,15.3468,True,fuzzy_logic_dynamic_snr,2.9459,0.9539
28,v3,v8,20.0,160.03,10.0,0.6,0.8001,0.2,15.2906,True,fuzzy_logic_dynamic_snr,2.9461,0.9582
28,v4,v11,40.0,60.07,0.0,1.0,0.3004,0.0,36.4426,False,fuzzy_logic_dynamic_snr,36.4002,1.0
28,v4,v8,40.0,70.0,20.0,1.0,0.35,0.4,35.8327,False,fuzzy_logic_dynamic_snr,35.8096,1.0
28,v4,v3,40.0,90.05,10.0,1.0,0.4502,0.2,35.79,False,fuzzy_logic_dynamic_snr,35.7536,0.999
28,v4,v7,40.0,120.04,0.0,1.0,0.6002,0.0,35.8414,False,fuzzy_logic_dynamic_snr,35.8266,0.999
28,v4,v12,40.0,160.0,20.0,1.0,0.8,0.4,35.1146,True,fuzzy_logic_dynamic_snr,2.9688,0.9592
29,v1,v2,40.0,100.04,10.0,1.0,0.5002,0.2,35.6986,False,fuzzy_logic_dynamic_snr,35.6717,0.999
29,v1,v6,40.0,110.04,20.0,1.0,0.5502,0.4,35.4398,False,fuzzy_logic_dynamic_snr,35.4075,0.999
29,v1,v5,40.0,180.0,10.0,1.0,0.9,0.2,35.1884,True,fuzzy_logic_dynamic_snr,2.9692,0.9602
29,v2,v1,20.0,100.04,10.0,0.6,0.5002,0.2,15.6986,True,fuzzy_logic_dynamic_snr,2.9475,0.9582
29,v3,v4,20.0,100.04,10.0,0.6,0.5002,0.2,15.6986,True,fuzzy_logic_dynamic_snr,2.9471,0.9602
29,v3,v8,20.0,150.03,20.0,0.6,0.7501,0.4,15.1705,True,fuzzy_logic_dynamic_snr,2.9455,0.9598
29,v3,v11,20.0,160.0,10.0,0.6,0.8,0.2,15.2907,True,fuzzy_logic_dynamic_snr,2.946,0.9563
29,v4,v8,40.0,50.0,30.0,1.0,0.25,0.6,36.0,False,fuzzy_logic_dynamic_snr,35.9648,1.0
29,v4,v11,40.0,60.07,0.0,1.0,0.3004,0.0,36.4426,False,fuzzy_logic_dynamic_snr,36.4194,0.999
29,v4,v3,40.0,100.04,10.0,1.0,0.5002,0.2,35.6986,False,fuzzy_logic_dynamic_snr,35.6628,1.0
29,v4,v7,40.0,120.04,20.0,1.0,0.6002,0.4,35.3642,False,fuzzy_logic_dynamic_snr,35.3337,1.0
29,v4,v12,40.0,140.0,20.0,1.0,0.7,0.4,35.2306,True,fuzzy_logic_dynamic_snr,2.9686,0.9602
30,v1,v6,40.0,90.05,10.0,1.0,0.4502,0.2,35.79,False,fuzzy_logic_dynamic_snr,35.7661,1.0
30,v1,v2,40.0,110.04,10.0,1.0,0.5502,0.2,35.6159,False,fuzzy_logic_dynamic_snr,35.5863,0.999
30,v1,v5,40.0,170.0,10.0,1.0,0.85,0.2,35.2381,True,fuzzy_logic_dynamic_snr,2.9691,0.9592
30,v2,v1,20.0,110.04,10.0,0.6,0.5502,0.2,15.6159,True,fuzzy_logic_dynamic_snr,2.947,0.9592
30,v2,v6,20.0,200.0,0.0,0.6,1.0,0.0,15.3979,True,fuzzy_logic_dynamic_snr,2.9454,0.9557
30,v3,v4,20.0,90.05,20.0,0.6,0.4502,0.4,15.6139,True,fuzzy_logic_dynamic_snr,2.9481,0.9621
30,v3,v11,20.0,150.0,20.0,0.6,0.75,0.4,15.1707,True,fuzzy_logic_dynamic_snr,2.9441,0.9617
30,v3,v8,20.0,170.03,10.0,0.6,0.8501,0.2,15.2379,True,fuzzy_logic_dynamic_snr,2.9468,0.9578
30,v4,v11,40.0,60.07,0.0,1.0,0.3004,0.0,36.4426,False,fuzzy_logic_dynamic_snr,36.4299,0.999
30,v4,v8,40.0,80.0,30.0,1.0,0.4,0.6,35.5918,False,fuzzy_logic_dynamic_snr,35.5556,1.0
30,v4,v3,40.0,90.05,20.0,1.0,0.4502,0.4,35.6139,False,fuzzy_logic_dynamic_snr,35.5752,1.0
30,v4,v7,40.0,140.03,40.0,1.0,0.7002,0.8,35.0086,True,fuzzy_logic_dynamic_snr,2.9687,0.9592
30,v4,v12,40.0,160.0,0.0,1.0,0.8,0.0,35.5918,True,fuzzy_logic_dynamic_snr,2.9691,0.9592
31,v1,v2,40.0,100.04,0.0,1.0,0.5002,0.0,35.9996,False,fuzzy_logic_dynamic_snr,35.9694,0.999
31,v1,v6,40.0,100.04,20.0,1.0,0.5002,0.4,35.5225,False,fuzzy_logic_dynamic_snr,35.4809,0.999
31,v1,v5,40.0,180.0,20.0,1.0,0.9,0.4,35.0123,True,fuzzy_logic_dynamic_snr,2.9689,0.9592
31,v2,v1,20.0,100.04,0.0,0.6,0.5002,0.0,15.9996,True,fuzzy_logic_dynamic_snr,2.9492,0.9543
31,v2,v6,20.0,200.0,20.0,0.6,1.0,0.4,14.9208,True,fuzzy_logic_dynamic_snr,2.9442,0.9656
31,v3,v4,20.0,110.04,10.0,0.6,0.5502,0.2,15.6159,True,fuzzy_logic_dynamic_snr,2.9484,0.9568
31,v3,v8,20.0,160.03,10.0,0.6,0.8001,0.2,15.2906,True,fuzzy_logic_dynamic_snr,2.9444,0.9588
31,v3,v11,20.0,170.0,30.0,0.6,0.85,0.6,14.937,True,fuzzy_logic_dynamic_snr,2.9435,0.9637
31,v4,v8,40.0,50.0,0.0,1.0,0.25,0.0,36.6021,False,fuzzy_logic_dynamic_snr,36.5856,0.999
31,v4,v11,40.0,60.07,40.0,1.0,0.3004,0.8,35.7436,True,fuzzy_logic_dynamic_snr,2.9691,0.9592
31,v4,v7,40.0,100.04,10.0,1.0,0.5002,0.2,35.6986,False,fuzzy_logic_dynamic_snr,35.6636,0.999
31,v4,v3,40.0,110.04,10.0,1.0,0.5502,0.2,35.6159,False,fuzzy_logic_dynamic_snr,35.5871,0.999
31,v4,v12,40.0,160.0,10.0,1.0,0.8,0.2,35.2907,True,fuzzy_logic_dynamic_snr,2.9687,0.9592
32,v1,v2,40.0,100.04,20.0,1.0,0.5002,0.4,35.5225,False,fuzzy_logic_dynamic_snr,35.5004,0.999
32,v1,v6,40.0,120.04,20.0,1.0,0.6002,0.4,35.3642,False,fuzzy_logic_dynamic_snr,35.3526,0.999
32,v1,v5,40.0,160.0,0.0,1.0,0.8,0.0,35.5918,True,fuzzy_logic_dynamic_snr,2.9689,0.9582
32,v2,v1,20.0,100.04,20.0,0.6,0.5002,0.4,15.5225,True,fuzzy_logic_dynamic_snr,2.947,0.9563
32,v3,v4,20.0,100.04,20.0,0.6,0.5002,0.4,15.5225,True,fuzzy_logic_dynamic_snr,2.9472,0.9607
32,v3,v8,20.0,150.03,20.0,0.6,0.7501,0.4,15.1705,True,fuzzy_logic_dynamic_snr,2.9443,0.9631
32,v3,v11,20.0,200.0,40.0,0.6,1.0,0.8,14.699,True,fuzzy_logic_dynamic_snr,2.9433,0.9563
32,v4,v8,40.0,50.0,0.0,1.0,0.25,0.0,36.6021,False,fuzzy_logic_dynamic_snr,36.5655,1.0
32,v4,v3,40.0,100.04,20.0,1.0,0.5002,0.4,35.5225,False,fuzzy_logic_dynamic_snr,35.4814,0.998
32,v4,v11,40.0,100.04,20.0,1.0,0.5002,0.4,35.5225,False,fuzzy_logic_dynamic_snr,35.4778,0.999
32,v4,v7,40.0,110.04,10.0,1.0,0.5502,0.2,35.6159,False,fuzzy_logic_dynamic_snr,35.5834,1.0
32,v4,v12,40.0,170.0,10.0,1.0,0.85,0.2,35.2381,True,fuzzy_logic_dynamic_snr,2.969,0.9602
33,v1,v2,40.0,80.06,40.0,1.0,0.4003,0.8,35.4942,True,fuzzy_logic_dynamic_snr,2.9685,0.9592
33,v1,v6,40.0,140.03,10.0,1.0,0.7002,0.2,35.4065,False,fuzzy_logic_dynamic_snr,35.3836,0.999
33,v1,v5,40.0,160.0,30.0,1.0,0.8,0.6,34.9897,True,fuzzy_logic_dynamic_snr,2.9687,0.9582
33,v2,v1,20.0,80.06,40.0,0.6,0.4003,0.8,15.4942,True,fuzzy_logic_dynamic_snr,2.9456,0.9627
33,v3,v4,20.0,80.06,0.0,0.6,0.4003,0.0,16.1932,True,fuzzy_logic_dynamic_snr,2.95,0.9523
33,v3,v8,20.0,130.03,20.0,0.6,0.6502,0.4,15.2948,True,fuzzy_logic_dynamic_snr,2.9459,0.9578
33,v3,v11,20.0,160.0,10.0,0.6,0.8,0.2,15.2907,True,fuzzy_logic_dynamic_snr,2.9453,0.9621
33,v3,v7,20.0,180.0,20.0,0.6,0.9,0.4,15.0123,True,fuzzy_logic_dynamic_snr,2.9457,0.9621
33,v4,v8,40.0,50.0,20.0,1.0,0.25,0.4,36.1249,False,fuzzy_logic_dynamic_snr,36.0977,0.999
33,v4,v3,40.0,80.06,0.0,1.0,0.4003,0.0,36.1932,False,fuzzy_logic_dynamic_snr,36.1633,0.998
33,v4,v11,40.0,80.06,10.0,1.0,0.4003,0.2,35.8922,False,fuzzy_logic_dynamic_snr,35.8624,1.0
33,v4,v7,40.0,100.04,20.0,1.0,0.5002,0.4,35.5225,False,fuzzy_logic_dynamic_snr,35.502,0.999
33,v4,v12,40.0,180.0,10.0,1.0,0.9,0.2,35.1884,True,fuzzy_logic_dynamic_snr,2.969,0.9582
34,v1,v2,40.0,40.11,20.0,1.0,0.2006,0.4,36.3163,False,fuzzy_logic_dynamic_snr,36.2921,1.0
34,v1,v6,40.0,150.03,10.0,1.0,0.7501,0.2,35.3466,False,fuzzy_logic_dynamic_snr,35.3203,0.999
34,v1,v5,40.0,190.0,10.0,1.0,0.95,0.2,35.1415,True,fuzzy_logic_dynamic_snr,2.9684,0.9582
34,v2,v1,20.0,40.11,20.0,0.6,0.2006,0.4,16.3163,True,fuzzy_logic_dynamic_snr,2.9522,0.9578
34,v2,v6,20.0,190.0,10.0,0.6,0.95,0.2,15.1415,True,fuzzy_logic_dynamic_snr,2.9443,0.9504
34,v3,v4,20.0,80.06,10.0,0.6,0.4003,0.2,15.8922,True,fuzzy_logic_dynamic_snr,2.9479,0.9607
34,v3,v8,20.0,110.04,10.0,0.6,0.5502,0.2,15.6159,True,fuzzy_logic_dynamic_snr,2.9478,0.9598
34,v3,v11,20.0,150.0,20.0,0.6,0.75,0.4,15.1707,True,fuzzy_logic_dynamic_snr,2.9454,0.9543
34,v3,v7,20.0,160.0,0.0,0.6,0.8,0.0,15.5918,True,fuzzy_logic_dynamic_snr,2.948,0.9588
34,v4,v8,40.0,30.0,20.0,1.0,0.15,0.4,36.5686,False,fuzzy_logic_dynamic_snr,36.5377,0.999
34,v4,v11,40.0,70.06,10.0,1.0,0.3503,0.2,36.008,False,fuzzy_logic_dynamic_snr,35.9886,1.0
34,v4,v3,40.0,80.06,10.0,1.0,0.4003,0.2,35.8922,False,fuzzy_logic_dynamic_snr,35.8587,0.999
34,v4,v7,40.0,80.06,10.0,1.0,0.4003,0.2,35.8922,False,fuzzy_logic_dynamic_snr,35.8469,1.0
34,v4,v12,40.0,170.0,20.0,1.0,0.85,0.4,35.062,True,fuzzy_logic_dynamic_snr,2.969,0.9592
35,v1,v2,40.0,20.22,0.0,1.0,0.1011,0.0,37.3883,False,fuzzy_logic_dynamic_snr,37.3562,0.998
35,v1,v6,40.0,160.03,0.0,1.0,0.8001,0.0,35.5916,True,fuzzy_logic_dynamic_snr,2.9686,0.9602
35,v1,v5,40.0,200.0,20.0,1.0,1.0,0.4,34.9208,True,fuzzy_logic_dynamic_snr,2.9692,0.9582
35,v2,v1,20.0,20.22,0.0,0.6,0.1011,0.0,17.3883,False,fuzzy_logic_dynamic_snr,17.3638,0.9961
35,v2,v6,20.0,180.0,0.0,0.6,0.9,0.0,15.4895,True,fuzzy_logic_dynamic_snr,2.944,0.9523
35,v3,v4,20.0,70.06,0.0,0.6,0.3503,0.0,16.309,True,fuzzy_logic_dynamic_snr,2.9521,0.9588
35,v3,v8,20.0,120.04,40.0,0.6,0.6002,0.8,15.1424,True,fuzzy_logic_dynamic_snr,2.9451,0.9588
35,v3,v11,20.0,130.0,40.0,0.6,0.65,0.8,15.0731,True,fuzzy_logic_dynamic_snr,2.9435,0.9656
35,v3,v7,20.0,160.0,10.0,0.6,0.8,0.2,15.2907,True,fuzzy_logic_dynamic_snr,2.9467,0.9588
35,v4,v8,40.0,50.0,40.0,1.0,0.25,0.8,35.9031,True,fuzzy_logic_dynamic_snr,2.9689,0.9592
35,v4,v11,40.0,60.07,40.0,1.0,0.3004,0.8,35.7436,True,fuzzy_logic_dynamic_snr,2.969,0.9592
35,v4,v3,40.0,70.06,0.0,1.0,0.3503,0.0,36.309,False,fuzzy_logic_dynamic_snr,36.2752,1.0
35,v4,v7,40.0,90.05,10.0,1.0,0.4502,0.2,35.79,False,fuzzy_logic_dynamic_snr,35.7583,1.0
35,v4,v12,40.0,150.0,10.0,1.0,0.75,0.2,35.3468,False,fuzzy_logic_dynamic_snr,35.3254,0.999
36,v1,v2,40.0,20.22,10.0,1.0,0.1011,0.2,37.0872,False,fuzzy_logic_dynamic_snr,37.0754,0.999
36,v1,v6,40.0,160.03,0.0,1.0,0.8001,0.0,35.5916,True,fuzzy_logic_dynamic_snr,2.9684,0.9582
36,v1,v5,40.0,180.0,10.0,1.0,0.9,0.2,35.1884,True,fuzzy_logic_dynamic_snr,2.9687,0.9592
36,v2,v1,20.0,20.22,10.0,0.6,0.1011,0.2,17.0872,False,fuzzy_logic_dynamic_snr,17.059,0.9975
36,v2,v6,20.0,180.0,10.0,0.6,0.9,0.2,15.1884,True,fuzzy_logic_dynamic_snr,2.9454,0.9607
36,v3,v4,20.0,70.06,10.0,0.6,0.3503,0.2,16.008,True,fuzzy_logic_dynamic_snr,2.9484,0.9646
36,v3,v8,20.0,80.06,10.0,0.6,0.4003,0.2,15.8922,True,fuzzy_logic_dynamic_snr,2.948,0.9578
36,v3,v11,20.0,90.0,30.0,0.6,0.45,0.6,15.4895,True,fuzzy_logic_dynamic_snr,2.9452,0.9641
36,v3,v7,20.0,150.0,30.0,0.6,0.75,0.6,15.0458,True,fuzzy_logic_dynamic_snr,2.9451,0.9578
36,v4,v8,40.0,10.0,0.0,1.0,0.05,0.0,38.0,False,fuzzy_logic_dynamic_snr,37.9736,0.999
36,v4,v11,40.0,20.22,20.0,1.0,0.1011,0.4,36.9112,False,fuzzy_logic_dynamic_snr,36.8731,0.999
36,v4,v3,40.0,70.06,10.0,1.0,0.3503,0.2,36.008,False,fuzzy_logic_dynamic_snr,35.9913,0.999
36,v4,v7,40.0,80.06,20.0,1.0,0.4003,0.4,35.7161,False,fuzzy_logic_dynamic_snr,35.6851,0.999
36,v4,v12,40.0,140.0,10.0,1.0,0.7,0.2,35.4067,False,fuzzy_logic_dynamic_snr,35.3936,0.999
37,v1,v2,40.0,30.15,0.0,1.0,0.1507,0.0,37.0414,False,fuzzy_logic_dynamic_snr,37.0105,0.999
37,v1,v6,40.0,160.03,10.0,1.0,0.8001,0.2,35.2906,True,fuzzy_logic_dynamic_snr,2.9686,0.9592
37,v1,v5,40.0,170.0,20.0,1.0,0.85,0.4,35.062,True,fuzzy_logic_dynamic_snr,2.9684,0.9582
37,v2,v1,20.0,30.15,0.0,0.6,0.1507,0.0,17.0414,False,fuzzy_logic_dynamic_snr,17.0171,0.999
37,v2,v6,20.0,190.0,10.0,0.6,0.95,0.2,15.1415,True,fuzzy_logic_dynamic_snr,2.9441,0.9553
37,v3,v4,20.0,80.06,20.0,0.6,0.4003,0.4,15.7161,True,fuzzy_logic_dynamic_snr,2.9486,0.9578
37,v3,v8,20.0,90.05,10.0,0.6,0.4502,0.2,15.79,True,fuzzy_logic_dynamic_snr,2.947,0.9578
37,v3,v11,20.0,120.0,10.0,0.6,0.6,0.2,15.5406,True,fuzzy_logic_dynamic_snr,2.9453,0.9578
37,v3,v7,20.0,180.0,10.0,0.6,0.9,0.2,15.1884,True,fuzzy_logic_dynamic_snr,2.9455,0.9621
37,v4,v8,40.0,10.0,30.0,1.0,0.05,0.6,37.3979,False,fuzzy_logic_dynamic_snr,37.3622,0.998
37,v4,v11,40.0,40.11,30.0,1.0,0.2006,0.6,36.1914,False,fuzzy_logic_dynamic_snr,36.1639,0.999
37,v4,v3,40.0,80.06,20.0,1.0,0.4003,0.4,35.7161,False,fuzzy_logic_dynamic_snr,35.6861,1.0
37,v4,v7,40.0,100.04,30.0,1.0,0.5002,0.6,35.3975,True,fuzzy_logic_dynamic_snr,2.9692,0.9582
37,v4,v12,40.0,150.0,40.0,1.0,0.75,0.8,34.9488,True,fuzzy_logic_dynamic_snr,2.9687,0.9582
38,v1,v2,40.0,30.15,0.0,1.0,0.1507,0.0,37.0414,False,fuzzy_logic_dynamic_snr,37.0129,0.999
38,v1,v6,40.0,170.03,0.0,1.0,0.8501,0.0,35.539,True,fuzzy_logic_dynamic_snr,2.9691,0.9602
38,v1,v5,40.0,190.0,10.0,1.0,0.95,0.2,35.1415,True,fuzzy_logic_dynamic_snr,2.9687,0.9582
38,v2,v1,20.0,30.15,0.0,0.6,0.1507,0.0,17.0414,False,fuzzy_logic_dynamic_snr,17.0183,0.999
38,v2,v6,20.0,200.0,0.0,0.6,1.0,0.0,15.3979,True,fuzzy_logic_dynamic_snr,2.9468,0.9631
38,v3,v4,20.0,60.07,40.0,0.6,0.3004,0.8,15.7436,True,fuzzy_logic_dynamic_snr,2.9466,0.9582
38,v3,v8,20.0,100.04,40.0,0.6,0.5002,0.8,15.3006,True,fuzzy_logic_dynamic_snr,2.9467,0.9592
38,v3,v11,20.0,130.0,10.0,0.6,0.65,0.2,15.4711,True,fuzzy_logic_dynamic_snr,2.945,0.9553
38,v3,v7,20.0,190.0,10.0,0.6,0.95,0.2,15.1415,True,fuzzy_logic_dynamic_snr,2.9445,0.9602
38,v4,v8,40.0,40.0,0.0,1.0,0.2,0.0,36.7959,False,fuzzy_logic_dynamic_snr,36.77,1.0
38,v4,v3,40.0,60.07,40.0,1.0,0.3004,0.8,35.7436,True,fuzzy_logic_dynamic_snr,2.9687,0.9592
38,v4,v11,40.0,70.06,30.0,1.0,0.3503,0.6,35.7069,False,fuzzy_logic_dynamic_snr,35.6805,0.999
38,v4,v7,40.0,130.03,30.0,1.0,0.6502,0.6,35.1698,True,fuzzy_logic_dynamic_snr,2.9692,0.9592
38,v4,v12,40.0,190.0,30.0,1.0,0.95,0.6,34.8404,True,fuzzy_logic_dynamic_snr,2.9689,0.9602
39,v1,v2,40.0,30.15,30.0,1.0,0.1507,0.6,36.4394,False,fuzzy_logic_dynamic_snr,36.4085,1.0
39,v1,v6,40.0,170.03,20.0,1.0,0.8501,0.4,35.0618,True,fuzzy_logic_dynamic_snr,2.9686,0.9602
39,v1,v5,40.0,180.0,0.0,1.0,0.9,0.0,35.4895,True,fuzzy_logic_dynamic_snr,2.9688,0.9592
39,v2,v1,20.0,30.15,30.0,0.6,0.1507,0.6,16.4394,True,fuzzy_logic_dynamic_snr,2.9519,0.9605
39,v2,v6,20.0,200.0,10.0,0.6,1.0,0.2,15.0969,True,fuzzy_logic_dynamic_snr,2.9444,0.9607
39,v3,v4,20.0,100.04,10.0,0.6,0.5002,0.2,15.6986,True,fuzzy_logic_dynamic_snr,2.95,0.9611
39,v3,v11,20.0,140.0,30.0,0.6,0.7,0.6,15.1057,True,fuzzy_logic_dynamic_snr,2.945,0.9582
39,v3,v8,20.0,140.03,20.0,0.6,0.7002,0.4,15.2304,True,fuzzy_logic_dynamic_snr,2.9462,0.9578
39,v3,v7,20.0,200.0,0.0,0.6,1.0,0.0,15.3979,True,fuzzy_logic_dynamic_snr,2.9476,0.9582
39,v4,v8,40.0,40.0,10.0,1.0,0.2,0.2,36.4949,False,fuzzy_logic_dynamic_snr,36.4677,0.998
39,v4,v11,40.0,40.11,20.0,1.0,0.2006,0.4,36.3163,False,fuzzy_logic_dynamic_snr,36.291,0.999
39,v4,v3,40.0,100.04,10.0,1.0,0.5002,0.2,35.6986,False,fuzzy_logic_dynamic_snr,35.6744,1.0
39,v4,v7,40.0,100.04,10.0,1.0,0.5002,0.2,35.6986,False,fuzzy_logic_dynamic_snr,35.6724,1.0
39,v4,v12,40.0,160.0,10.0,1.0,0.8,0.2,35.2907,True,fuzzy_logic_dynamic_snr,2.9691,0.9592
40,v1,v2,40.0,3.0,20.0,1.0,0.015,0.4,38.5686,False,fuzzy_logic_dynamic_snr,38.5333,1.0
40,v1,v5,40.0,180.0,10.0,1.0,0.9,0.2,35.1884,True,fuzzy_logic_dynamic_snr,2.9692,0.9592
40,v1,v6,40.0,190.02,30.0,1.0,0.9501,0.6,34.8403,True,fuzzy_logic_dynamic_snr,2.9689,0.9572
40,v2,v1,20.0,3.0,20.0,0.6,0.015,0.4,18.5686,True,fuzzy_logic_dynamic_snr,2.9581,0.966
40,v2,v5,20.0,180.02,10.0,0.6,0.9001,0.2,15.1883,True,fuzzy_logic_dynamic_snr,2.9446,0.9582
40,v2,v6,20.0,190.0,10.0,0.6,0.95,0.2,15.1415,True,fuzzy_logic_dynamic_snr,2.9463,0.9578
40,v3,v4,20.0,110.04,10.0,0.6,0.5502,0.2,15.6159,True,fuzzy_logic_dynamic_snr,2.9463,0.9563
40,v3,v8,20.0,160.03,10.0,0.6,0.8001,0.2,15.2906,True,fuzzy_logic_dynamic_snr,2.9436,0.9602
40,v3,v11,20.0,170.0,0.0,0.6,0.85,0.0,15.5391,True,fuzzy_logic_dynamic_snr,2.9479,0.9582
40,v3,v7,20.0,200.0,10.0,0.6,1.0,0.2,15.0969,True,fuzzy_logic_dynamic_snr,2.9466,0.9563
40,v4,v8,40.0,50.0,0.0,1.0,0.25,0.0,36.6021,False,fuzzy_logic_dynamic_snr,36.5715,0.999
40,v4,v11,40.0,60.07,10.0,1.0,0.3004,0.2,36.1416,False,fuzzy_logic_dynamic_snr,36.1165,1.0
40,v4,v7,40.0,90.05,0.0,1.0,0.4502,0.0,36.091,False,fuzzy_logic_dynamic_snr,36.0663,1.0
40,v4,v3,40.0,110.04,10.0,1.0,0.5502,0.2,35.6159,False,fuzzy_logic_dynamic_snr,35.5998,1.0
40,v4,v12,40.0,150.0,0.0,1.0,0.75,0.0,35.6478,False,fuzzy_logic_dynamic_snr,35.6201,0.998
41,v1,v2,40.0,20.22,0.0,1.0,0.1011,0.0,37.3883,False,fuzzy_logic_dynamic_snr,37.3585,0.999
41,v1,v6,40.0,160.03,40.0,1.0,0.8001,0.8,34.8926,True,fuzzy_logic_dynamic_snr,2.969,0.9592
41,v1,v5,40.0,170.0,0.0,1.0,0.85,0.0,35.5391,True,fuzzy_logic_dynamic_snr,2.9686,0.9611
41,v2,v1,20.0,20.22,0.0,0.6,0.1011,0.0,17.3883,False,fuzzy_logic_dynamic_snr,17.3652,0.9961
41,v2,v6,20.0,180.0,40.0,0.6,0.9,0.8,14.7905,True,fuzzy_logic_dynamic_snr,2.9454,0.9588
41,v2,v5,20.0,190.02,0.0,0.6,0.9501,0.0,15.4424,True,fuzzy_logic_dynamic_snr,2.9467,0.9607
41,v3,v4,20.0,120.04,0.0,0.6,0.6002,0.0,15.8414,True,fuzzy_logic_dynamic_snr,2.9488,0.9533
41,v3,v11,20.0,170.0,10.0,0.6,0.85,0.2,15.2381,True,fuzzy_logic_dynamic_snr,2.9449,0.9553
41,v3,v8,20.0,170.03,0.0,0.6,0.8501,0.0,15.539,True,fuzzy_logic_dynamic_snr,2.9483,0.9621
41,v4,v8,40.0,50.0,0.0,1.0,0.25,0.0,36.6021,False,fuzzy_logic_dynamic_snr,36.5774,1.0
41,v4,v11,40.0,50.09,10.0,1.0,0.2504,0.2,36.2995,False,fuzzy_logic_dynamic_snr,36.2727,0.999
41,v4,v7,40.0,90.05,0.0,1.0,0.4502,0.0,36.091,False,fuzzy_logic_dynamic_snr,36.0566,1.0
41,v4,v3,40.0,120.04,0.0,1.0,0.6002,0.0,35.8414,False,fuzzy_logic_dynamic_snr,35.8059,1.0
41,v4,v12,40.0,150.0,30.0,1.0,0.75,0.6,35.0458,True,fuzzy_logic_dynamic_snr,2.9686,0.9572
42,v1,v2,40.0,20.22,10.0,1.0,0.1011,0.2,37.0872,False,fuzzy_logic_dynamic_snr,37.0571,1.0
42,v1,v6,40.0,120.04,10.0,1.0,0.6002,0.2,35.5403,False,fuzzy_logic_dynamic_snr,35.5115,0.999
42,v1,v5,40.0,170.0,10.0,1.0,0.85,0.2,35.2381,True,fuzzy_logic_dynamic_snr,2.9691,0.9592
42,v2,v1,20.0,20.22,10.0,0.6,0.1011,0.2,17.0872,False,fuzzy_logic_dynamic_snr,17.0645,0.9951
42,v2,v6,20.0,140.0,0.0,0.6,0.7,0.0,15.7077,True,fuzzy_logic_dynamic_snr,2.947,0.9572
42,v2,v5,20.0,190.02,20.0,0.6,0.9501,0.4,14.9653,True,fuzzy_logic_dynamic_snr,2.9436,0.9559
42,v3,v4,20.0,120.04,40.0,0.6,0.6002,0.8,15.1424,True,fuzzy_logic_dynamic_snr,2.9465,0.9588
42,v3,v8,20.0,170.03,30.0,0.6,0.8501,0.6,14.9369,True,fuzzy_logic_dynamic_snr,2.9442,0.9611
42,v3,v11,20.0,180.0,0.0,0.6,0.9,0.0,15.4895,True,fuzzy_logic_dynamic_snr,2.9456,0.9592
42,v4,v8,40.0,50.0,10.0,1.0,0.25,0.2,36.301,False,fuzzy_logic_dynamic_snr,36.2747,0.998
42,v4,v11,40.0,60.07,40.0,1.0,0.3004,0.8,35.7436,True,fuzzy_logic_dynamic_snr,2.9691,0.9592
42,v4,v7,40.0,90.05,0.0,1.0,0.4502,0.0,36.091,False,fuzzy_logic_dynamic_snr,36.0806,0.999
42,v4,v12,40.0,120.0,0.0,1.0,0.6,0.0,35.8416,False,fuzzy_logic_dynamic_snr,35.8244,1.0
42,v4,v3,40.0,120.04,40.0,1.0,0.6002,0.8,35.1424,True,fuzzy_logic_dynamic_snr,2.969,0.9592
43,v1,v2,40.0,30.15,10.0,1.0,0.1507,0.2,36.7404,False,fuzzy_logic_dynamic_snr,36.6965,0.999
43,v1,v6,40.0,110.04,20.0,1.0,0.5502,0.4,35.4398,False,fuzzy_logic_dynamic_snr,35.4088,0.999
43,v1,v5,40.0,180.0,0.0,1.0,0.9,0.0,35.4895,True,fuzzy_logic_dynamic_snr,2.969,0.9582
43,v2,v1,20.0,30.15,10.0,0.6,0.1507,0.2,16.7404,False,fuzzy_logic_dynamic_snr,16.7188,0.9961
43,v2,v6,20.0,140.0,10.0,0.6,0.7,0.2,15.4067,True,fuzzy_logic_dynamic_snr,2.9465,0.9553
43,v3,v4,20.0,80.06,20.0,0.6,0.4003,0.4,15.7161,True,fuzzy_logic_dynamic_snr,2.948,0.9563
43,v3,v8,20.0,140.03,10.0,0.6,0.7002,0.2,15.4065,True,fuzzy_logic_dynamic_snr,2.9459,0.9559
43,v3,v7,20.0,170.0,20.0,0.6,0.85,0.4,15.062,True,fuzzy_logic_dynamic_snr,2.9461,0.9592
43,v3,v11,20.0,180.0,10.0,0.6,0.9,0.2,15.1884,True,fuzzy_logic_dynamic_snr,2.9454,0.9549
43,v4,v8,40.0,60.0,30.0,1.0,0.3,0.6,35.8416,False,fuzzy_logic_dynamic_snr,35.8163,1.0
43,v4,v3,40.0,80.06,20.0,1.0,0.4003,0.4,35.7161,False,fuzzy_logic_dynamic_snr,35.6959,1.0
43,v4,v7,40.0,90.05,0.0,1.0,0.4502,0.0,36.091,False,fuzzy_logic_dynamic_snr,36.0562,0.999
43,v4,v11,40.0,100.04,30.0,1.0,0.5002,0.6,35.3975,True,fuzzy_logic_dynamic_snr,2.9686,0.9582
43,v4,v12,40.0,120.0,20.0,1.0,0.6,0.4,35.3645,False,fuzzy_logic_dynamic_snr,35.345,0.999
44,v1,v2,40.0,20.22,0.0,1.0,0.1011,0.0,37.3883,False,fuzzy_logic_dynamic_snr,37.3682,1.0
44,v1,v6,40.0,130.03,10.0,1.0,0.6502,0.2,35.4709,False,fuzzy_logic_dynamic_snr,35.4485,1.0
44,v1,v5,40.0,180.0,10.0,1.0,0.9,0.2,35.1884,True,fuzzy_logic_dynamic_snr,2.9686,0.9592
44,v2,v1,20.0,20.22,0.0,0.6,0.1011,0.0,17.3883,False,fuzzy_logic_dynamic_snr,17.3699,0.9971
44,v2,v6,20.0,150.0,10.0,0.6,0.75,0.2,15.3468,True,fuzzy_logic_dynamic_snr,2.9432,0.9621
44,v3,v4,20.0,100.04,10.0,0.6,0.5002,0.2,15.6986,True,fuzzy_logic_dynamic_snr,2.9478,0.9549
44,v3,v8,20.0,130.03,30.0,0.6,0.6502,0.6,15.1698,True,fuzzy_logic_dynamic_snr,2.9438,0.9592
44,v3,v11,20.0,170.0,20.0,0.6,0.85,0.4,15.062,True,fuzzy_logic_dynamic_snr,2.9454,0.9588
44,v3,v7,20.0,190.0,20.0,0.6,0.95,0.4,14.9654,True,fuzzy_logic_dynamic_snr,2.9459,0.9607
44,v4,v8,40.0,30.0,40.0,1.0,0.15,0.8,36.3468,True,fuzzy_logic_dynamic_snr,2.9689,0.9572
44,v4,v11,40.0,70.06,30.0,1.0,0.3503,0.6,35.7069,False,fuzzy_logic_dynamic_snr,35.6826,0.999
44,v4,v7,40.0,90.05,30.0,1.0,0.4502,0.6,35.489,True,fuzzy_logic_dynamic_snr,2.9686,0.9582
44,v4,v12,40.0,100.0,10.0,1.0,0.5,0.2,35.699,False,fuzzy_logic_dynamic_snr,35.6693,1.0
44,v4,v3,40.0,100.04,10.0,1.0,0.5002,0.2,35.6986,False,fuzzy_logic_dynamic_snr,35.6763,0.999
45,v1,v2,40.0,20.22,20.0,1.0,0.1011,0.4,36.9112,False,fuzzy_logic_dynamic_snr,36.8825,1.0
45,v1,v6,40.0,140.03,10.0,1.0,0.7002,0.2,35.4065,False,fuzzy_logic_dynamic_snr,35.3774,0.999
45,v1,v5,40.0,190.0,10.0,1.0,0.95,0.2,35.1415,True,fuzzy_logic_dynamic_snr,2.9686,0.9582
45,v2,v1,20.0,20.22,20.0,0.6,0.1011,0.4,16.9112,True,fuzzy_logic_dynamic_snr,2.9535,0.9617
45,v2,v6,20.0,160.0,10.0,0.6,0.8,0.2,15.2907,True,fuzzy_logic_dynamic_snr,2.9467,0.9588
45,v3,v4,20.0,90.05,0.0,0.6,0.4502,0.0,16.091,True,fuzzy_logic_dynamic_snr,2.9502,0.9611
45,v3,v8,20.0,160.03,0.0,0.6,0.8001,0.0,15.5916,True,fuzzy_logic_dynamic_snr,2.947,0.9588
45,v3,v11,20.0,190.0,20.0,0.6,0.95,0.4,14.9654,True,fuzzy_logic_dynamic_snr,2.9426,0.9568
45,v4,v8,40.0,70.0,0.0,1.0,0.35,0.0,36.3098,False,fuzzy_logic_dynamic_snr,36.2778,1.0
45,v4,v3,40.0,90.05,0.0,1.0,0.4502,0.0,36.091,False,fuzzy_logic_dynamic_snr,36.0726,1.0
45,v4,v11,40.0,100.04,20.0,1.0,0.5002,0.4,35.5225,False,fuzzy_logic_dynamic_snr,35.4948,0.999
45,v4,v12,40.0,110.0,10.0,1.0,0.55,0.2,35.6162,False,fuzzy_logic_dynamic_snr,35.5856,0.999
45,v4,v7,40.0,120.04,20.0,1.0,0.6002,0.4,35.3642,False,fuzzy_logic_dynamic_snr,35.341,0.998
46,v1,v2,40.0,3.0,30.0,1.0,0.015,0.6,38.4437,False,fuzzy_logic_dynamic_snr,38.4087,1.0
46,v1,v6,40.0,150.03,0.0,1.0,0.7501,0.0,35.6476,False,fuzzy_logic_dynamic_snr,35.6325,0.999
46,v1,v5,40.0,200.0,20.0,1.0,1.0,0.4,34.9208,True,fuzzy_logic_dynamic_snr,2.9688,0.9582
46,v2,v1,20.0,3.0,30.0,0.6,0.015,0.6,18.4437,True,fuzzy_logic_dynamic_snr,2.9589,0.9617
46,v2,v6,20.0,150.0,30.0,0.6,0.75,0.6,15.0458,True,fuzzy_logic_dynamic_snr,2.9449,0.9523
46,v3,v4,20.0,90.05,20.0,0.6,0.4502,0.4,15.6139,True,fuzzy_logic_dynamic_snr,2.9488,0.9598
46,v3,v8,20.0,160.03,20.0,0.6,0.8001,0.4,15.1145,True,fuzzy_logic_dynamic_snr,2.9449,0.9641
46,v3,v11,20.0,170.0,30.0,0.6,0.85,0.6,14.937,True,fuzzy_logic_dynamic_snr,2.9452,0.9533
46,v3,v7,20.0,190.0,10.0,0.6,0.95,0.2,15.1415,True,fuzzy_logic_dynamic_snr,2.9455,0.9568
46,v4,v8,40.0,70.0,0.0,1.0,0.35,0.0,36.3098,False,fuzzy_logic_dynamic_snr,36.2888,1.0
46,v4,v11,40.0,80.06,10.0,1.0,0.4003,0.2,35.8922,False,fuzzy_logic_dynamic_snr,35.8585,0.999
46,v4,v3,40.0,90.05,20.0,1.0,0.4502,0.4,35.6139,False,fuzzy_logic_dynamic_snr,35.5889,1.0
46,v4,v7,40.0,100.04,10.0,1.0,0.5002,0.2,35.6986,False,fuzzy_logic_dynamic_snr,35.6809,0.999
46,v4,v12,40.0,120.0,20.0,1.0,0.6,0.4,35.3645,False,fuzzy_logic_dynamic_snr,35.3415,1.0
47,v1,v2,40.0,30.15,0.0,1.0,0.1507,0.0,37.0414,False,fuzzy_logic_dynamic_snr,37.0065,0.999
47,v1,v6,40.0,150.03,0.0,1.0,0.7501,0.0,35.6476,False,fuzzy_logic_dynamic_snr,35.6178,1.0
47,v2,v1,20.0,30.15,0.0,0.6,0.1507,0.0,17.0414,False,fuzzy_logic_dynamic_snr,17.0109,0.9961
47,v2,v6,20.0,120.0,0.0,0.6,0.6,0.0,15.8416,True,fuzzy_logic_dynamic_snr,2.9489,0.9582
47,v2,v5,20.0,190.02,10.0,0.6,0.9501,0.2,15.1414,True,fuzzy_logic_dynamic_snr,2.9455,0.9617
47,v3,v4,20.0,70.06,10.0,0.6,0.3503,0.2,16.008,True,fuzzy_logic_dynamic_snr,2.9509,0.9566
47,v3,v11,20.0,140.0,0.0,0.6,0.7,0.0,15.7077,True,fuzzy_logic_dynamic_snr,2.9482,0.9617
47,v3,v8,20.0,140.03,30.0,0.6,0.7002,0.6,15.1055,True,fuzzy_logic_dynamic_snr,2.9453,0.9568
47,v3,v12,20.0,170.03,20.0,0.6,0.8501,0.4,15.0618,True,fuzzy_logic_dynamic_snr,2.9462,0.9611
47,v3,v7,20.0,180.0,10.0,0.6,0.9,0.2,15.1884,True,fuzzy_logic_dynamic_snr,2.9439,0.9549
47,v4,v8,40.0,70.0,40.0,1.0,0.35,0.8,35.6108,True,fuzzy_logic_dynamic_snr,2.9691,0.9592
47,v4,v3,40.0,70.06,10.0,1.0,0.3503,0.2,36.008,False,fuzzy_logic_dynamic_snr,35.9756,0.998
47,v4,v11,40.0,70.06,10.0,1.0,0.3503,0.2,36.008,False,fuzzy_logic_dynamic_snr,35.9868,0.998
47,v4,v12,40.0,100.0,30.0,1.0,0.5,0.6,35.3979,True,fuzzy_logic_dynamic_snr,2.9686,0.9592
47,v4,v7,40.0,110.04,0.0,1.0,0.5502,0.0,35.9169,False,fuzzy_logic_dynamic_snr,35.8852,1.0
48,v1,v2,40.0,30.15,10.0,1.0,0.1507,0.2,36.7404,False,fuzzy_logic_dynamic_snr,36.715,0.9971
48,v1,v6,40.0,150.03,30.0,1.0,0.7501,0.6,35.0456,True,fuzzy_logic_dynamic_snr,2.9688,0.9592
48,v2,v1,20.0,30.15,10.0,0.6,0.1507,0.2,16.7404,False,fuzzy_logic_dynamic_snr,16.7065,0.9961
48,v2,v6,20.0,120.0,20.0,0.6,0.6,0.4,15.3645,True,fuzzy_logic_dynamic_snr,2.9446,0.9563
48,v3,v4,20.0,80.06,10.0,0.6,0.4003,0.2,15.8922,True,fuzzy_logic_dynamic_snr,2.9478,0.9611
48,v3,v8,20.0,110.04,10.0,0.6,0.5502,0.2,15.6159,True,fuzzy_logic_dynamic_snr,2.9467,0.9607
48,v3,v11,20.0,140.0,30.0,0.6,0.7,0.6,15.1057,True,fuzzy_logic_dynamic_snr,2.9457,0.9627
48,v3,v12,20.0,150.03,10.0,0.6,0.7501,0.2,15.3466,True,fuzzy_logic_dynamic_snr,2.946,0.9621
48,v3,v7,20.0,190.0,0.0,0.6,0.95,0.0,15.4425,True,fuzzy_logic_dynamic_snr,2.9472,0.9617
48,v4,v8,40.0,30.0,0.0,1.0,0.15,0.0,37.0458,False,fuzzy_logic_dynamic_snr,37.0279,0.998
48,v4,v11,40.0,60.07,20.0,1.0,0.3004,0.4,35.9655,False,fuzzy_logic_dynamic_snr,35.9399,1.0
48,v4,v12,40.0,70.0,0.0,1.0,0.35,0.0,36.3098,False,fuzzy_logic_dynamic_snr,36.2784,1.0
48,v4,v3,40.0,80.06,10.0,1.0,0.4003,0.2,35.8922,False,fuzzy_logic_dynamic_snr,35.8697,1.0
48,v4,v7,40.0,110.04,10.0,1.0,0.5502,0.2,35.6159,False,fuzzy_logic_dynamic_snr,35.5897,0.999
49,v1,v2,40.0,20.22,10.0,1.0,0.1011,0.2,37.0872,False,fuzzy_logic_dynamic_snr,37.0558,1.0
49,v1,v6,40.0,120.04,0.0,1.0,0.6002,0.0,35.8414,False,fuzzy_logic_dynamic_snr,35.8271,1.0
49,v2,v1,20.0,20.22,10.0,0.6,0.1011,0.2,17.0872,False,fuzzy_logic_dynamic_snr,17.0482,0.9951
49,v2,v6,20.0,100.0,10.0,0.6,0.5,0.2,15.699,True,fuzzy_logic_dynamic_snr,2.9463,0.9602
49,v3,v4,20.0,70.06,10.0,0.6,0.3503,0.2,16.008,True,fuzzy_logic_dynamic_snr,2.9495,0.9607
49,v3,v8,20.0,100.04,10.0,0.6,0.5002,0.2,15.6986,True,fuzzy_logic_dynamic_snr,2.947,0.9514
49,v3,v11,20.0,110.0,10.0,0.6,0.55,0.2,15.6162,True,fuzzy_logic_dynamic_snr,2.9483,0.9582
49,v3,v12,20.0,140.03,30.0,0.6,0.7002,0.6,15.1055,True,fuzzy_logic_dynamic_snr,2.9448,0.9523
49,v3,v7,20.0,190.0,10.0,0.6,0.95,0.2,15.1415,True,fuzzy_logic_dynamic_snr,2.9433,0.9592
49,v4,v8,40.0,30.0,0.0,1.0,0.15,0.0,37.0458,False,fuzzy_logic_dynamic_snr,37.0213,0.998
49,v4,v11,40.0,40.11,0.0,1.0,0.2006,0.0,36.7934,False,fuzzy_logic_dynamic_snr,36.77,1.0
49,v4,v12,40.0,70.0,40.0,1.0,0.35,0.8,35.6108,True,fuzzy_logic_dynamic_snr,2.9692,0.9592
49,v4,v3,40.0,70.06,10.0,1.0,0.3503,0.2,36.008,False,fuzzy_logic_dynamic_snr,35.9765,1.0
49,v4,v7,40.0,120.04,0.0,1.0,0.6002,0.0,35.8414,False,fuzzy_logic_dynamic_snr,35.8166,0.999
50,v1,v2,40.0,30.15,10.0,1.0,0.1507,0.2,36.7404,False,fuzzy_logic_dynamic_snr,36.7127,0.999
50,v1,v6,40.0,120.04,30.0,1.0,0.6002,0.6,35.2393,True,fuzzy_logic_dynamic_snr,2.9687,0.9582
50,v2,v1,20.0,30.15,10.0,0.6,0.1507,0.2,16.7404,False,fuzzy_logic_dynamic_snr,16.7162,0.998
50,v2,v6,20.0,90.0,20.0,0.6,0.45,0.4,15.6144,True,fuzzy_logic_dynamic_snr,2.9491,0.9572
50,v3,v4,20.0,80.06,0.0,0.6,0.4003,0.0,16.1932,True,fuzzy_logic_dynamic_snr,2.9498,0.9666
50,v3,v8,20.0,110.04,10.0,0.6,0.5502,0.2,15.6159,True,fuzzy_logic_dynamic_snr,2.9453,0.9568
50,v3,v12,20.0,110.04,0.0,0.6,0.5502,0.0,15.9169,True,fuzzy_logic_dynamic_snr,2.9483,0.9572
50,v3,v11,20.0,120.0,20.0,0.6,0.6,0.4,15.3645,True,fuzzy_logic_dynamic_snr,2.947,0.9621
50,v3,v7,20.0,200.0,0.0,0.6,1.0,0.0,15.3979,True,fuzzy_logic_dynamic_snr,2.9466,0.9563
50,v4,v8,40.0,30.0,10.0,1.0,0.15,0.2,36.7447,False,fuzzy_logic_dynamic_snr,36.72,1.0
50,v4,v12,40.0,30.0,0.0,1.0,0.15,0.0,37.0458,False,fuzzy_logic_dynamic_snr,37.0119,0.998
50,v4,v11,40.0,40.11,20.0,1.0,0.2006,0.4,36.3163,False,fuzzy_logic_dynamic_snr,36.2886,1.0
50,v4,v3,40.0,80.06,0.0,1.0,0.4003,0.0,36.1932,False,fuzzy_logic_dynamic_snr,36.1584,0.999
50,v4,v7,40.0,120.04,0.0,1.0,0.6002,0.0,35.8414,False,fuzzy_logic_dynamic_snr,35.8066,0.999
51,v1,v2,40.0,40.11,10.0,1.0,0.2006,0.2,36.4924,False,fuzzy_logic_dynamic_snr,36.4569,1.0
51,v1,v6,40.0,150.03,0.0,1.0,0.7501,0.0,35.6476,False,fuzzy_logic_dynamic_snr,35.6376,1.0
51,v2,v1,20.0,40.11,10.0,0.6,0.2006,0.2,16.4924,False,fuzzy_logic_dynamic_snr,16.4584,0.9971
51,v2,v6,20.0,110.0,10.0,0.6,0.55,0.2,15.6162,True,fuzzy_logic_dynamic_snr,2.9446,0.9611
51,v3,v4,20.0,80.06,10.0,0.6,0.4003,0.2,15.8922,True,fuzzy_logic_dynamic_snr,2.9477,0.9646
51,v3,v12,20.0,110.04,30.0,0.6,0.5502,0.6,15.3148,True,fuzzy_logic_dynamic_snr,2.9447,0.9572
51,v3,v8,20.0,120.04,0.0,0.6,0.6002,0.0,15.8414,True,fuzzy_logic_dynamic_snr,2.949,0.9553
51,v3,v11,20.0,140.0,30.0,0.6,0.7,0.6,15.1057,True,fuzzy_logic_dynamic_snr,2.9436,0.9553
51,v3,v7,20.0,200.0,40.0,0.6,1.0,0.8,14.699,True,fuzzy_logic_dynamic_snr,2.9449,0.9588
51,v4,v12,40.0,30.0,20.0,1.0,0.15,0.4,36.5686,False,fuzzy_logic_dynamic_snr,36.5327,1.0
51,v4,v8,40.0,40.0,10.0,1.0,0.2,0.2,36.4949,False,fuzzy_logic_dynamic_snr,36.4697,1.0
51,v4,v11,40.0,60.07,20.0,1.0,0.3004,0.4,35.9655,False,fuzzy_logic_dynamic_snr,35.9258,1.0
51,v4,v3,40.0,80.06,10.0,1.0,0.4003,0.2,35.8922,False,fuzzy_logic_dynamic_snr,35.8683,0.999
51,v4,v7,40.0,120.04,30.0,1.0,0.6002,0.6,35.2393,True,fuzzy_logic_dynamic_snr,2.9688,0.9592
52,v1,v2,40.0,30.15,10.0,1.0,0.1507,0.2,36.7404,False,fuzzy_logic_dynamic_snr,36.7139,1.0
52,v1,v6,40.0,150.03,30.0,1.0,0.7501,0.6,35.0456,True,fuzzy_logic_dynamic_snr,2.9688,0.9592
52,v2,v1,20.0,30.15,10.0,0.6,0.1507,0.2,16.7404,False,fuzzy_logic_dynamic_snr,16.7156,0.998
52,v2,v6,20.0,120.0,20.0,0.6,0.6,0.4,15.3645,True,fuzzy_logic_dynamic_snr,2.9463,0.9543
52,v3,v4,20.0,70.06,20.0,0.6,0.3503,0.4,15.8319,True,fuzzy_logic_dynamic_snr,2.9482,0.9578
52,v3,v12,20.0,80.06,10.0,0.6,0.4003,0.2,15.8922,True,fuzzy_logic_dynamic_snr,2.9489,0.9592
52,v3,v11,20.0,110.0,0.0,0.6,0.55,0.0,15.9172,True,fuzzy_logic_dynamic_snr,2.9497,0.9598
52,v3,v8,20.0,120.04,20.0,0.6,0.6002,0.4,15.3642,True,fuzzy_logic_dynamic_snr,2.9472,0.9557
52,v3,v7,20.0,160.0,20.0,0.6,0.8,0.4,15.1146,True,fuzzy_logic_dynamic_snr,2.9421,0.9598
52,v4,v12,40.0,10.0,30.0,1.0,0.05,0.6,37.3979,False,fuzzy_logic_dynamic_snr,37.3735,0.998
52,v4,v11,40.0,40.11,20.0,1.0,0.2006,0.4,36.3163,False,fuzzy_logic_dynamic_snr,36.2955,0.999
52,v4,v8,40.0,50.0,0.0,1.0,0.25,0.0,36.6021,False,fuzzy_logic_dynamic_snr,36.568,0.999
52,v4,v3,40.0,70.06,20.0,1.0,0.3503,0.4,35.8319,False,fuzzy_logic_dynamic_snr,35.8037,0.999
52,v4,v7,40.0,90.05,40.0,1.0,0.4502,0.8,35.3921,True,fuzzy_logic_dynamic_snr,2.9686,0.9602
53,v1,v2,40.0,20.22,30.0,1.0,0.1011,0.6,36.7862,False,fuzzy_logic_dynamic_snr,36.76,1.0
53,v1,v6,40.0,120.04,40.0,1.0,0.6002,0.8,35.1424,True,fuzzy_logic_dynamic_snr,2.9688,0.9602
53,v2,v1,20.0,20.22,30.0,0.6,0.1011,0.6,16.7862,True,fuzzy_logic_dynamic_snr,2.9536,0.9563
53,v2,v6,20.0,100.0,10.0,0.6,0.5,0.2,15.699,True,fuzzy_logic_dynamic_snr,2.9451,0.9553
53,v3,v4,20.0,50.09,10.0,0.6,0.2504,0.2,16.2995,False,fuzzy_logic_dynamic_snr,16.2664,0.998
53,v3,v12,20.0,90.05,20.0,0.6,0.4502,0.4,15.6139,True,fuzzy_logic_dynamic_snr,2.9448,0.9607
53,v3,v8,20.0,100.04,10.0,0.6,0.5002,0.2,15.6986,True,fuzzy_logic_dynamic_snr,2.9472,0.9582
53,v3,v11,20.0,110.0,20.0,0.6,0.55,0.4,15.4401,True,fuzzy_logic_dynamic_snr,2.9464,0.9637
53,v3,v7,20.0,180.0,20.0,0.6,0.9,0.4,15.0123,True,fuzzy_logic_dynamic_snr,2.9445,0.9592
53,v4,v12,40.0,40.0,30.0,1.0,0.2,0.6,36.1938,False,fuzzy_logic_dynamic_snr,36.1663,1.0
53,v4,v8,40.0,50.0,0.0,1.0,0.25,0.0,36.6021,False,fuzzy_logic_dynamic_snr,36.5773,1.0
53,v4,v3,40.0,50.09,10.0,1.0,0.2504,0.2,36.2995,False,fuzzy_logic_dynamic_snr,36.2641,0.999
53,v4,v11,40.0,60.07,10.0,1.0,0.3004,0.2,36.1416,False,fuzzy_logic_dynamic_snr,36.1049,0.9971
53,v4,v7,40.0,130.03,10.0,1.0,0.6502,0.2,35.4709,False,fuzzy_logic_dynamic_snr,35.4411,0.999
54,v1,v2,40.0,10.44,40.0,1.0,0.0522,0.8,37.2636,True,fuzzy_logic_dynamic_snr,2.969,0.9582
54,v1,v6,40.0,80.06,30.0,1.0,0.4003,0.6,35.5911,False,fuzzy_logic_dynamic_snr,35.5697,1.0
54,v2,v1,20.0,10.44,40.0,0.6,0.0522,0.8,17.2636,True,fuzzy_logic_dynamic_snr,2.9536,0.9592
54,v2,v6,20.0,90.0,10.0,0.6,0.45,0.2,15.7905,True,fuzzy_logic_dynamic_snr,2.9463,0.9588
54,v3,v4,20.0,40.11,20.0,0.6,0.2006,0.4,16.3163,True,fuzzy_logic_dynamic_snr,2.9505,0.9627
54,v3,v11,20.0,90.0,10.0,0.6,0.45,0.2,15.7905,True,fuzzy_logic_dynamic_snr,2.9471,0.9607
54,v3,v8,20.0,90.05,20.0,0.6,0.4502,0.4,15.6139,True,fuzzy_logic_dynamic_snr,2.9494,0.9598
54,v3,v12,20.0,110.04,20.0,0.6,0.5502,0.4,15.4398,True,fuzzy_logic_dynamic_snr,2.9469,0.9588
54,v3,v7,20.0,160.0,10.0,0.6,0.8,0.2,15.2907,True,fuzzy_logic_dynamic_snr,2.9496,0.9631
54,v4,v3,40.0,40.11,20.0,1.0,0.2006,0.4,36.3163,False,fuzzy_logic_dynamic_snr,36.2843,0.998
54,v4,v8,40.0,50.0,0.0,1.0,0.25,0.0,36.6021,False,fuzzy_logic_dynamic_snr,36.5829,0.999
54,v4,v11,40.0,50.09,30.0,1.0,0.2504,0.6,35.9984,False,fuzzy_logic_dynamic_snr,35.9664,0.998
54,v4,v12,40.0,70.0,0.0,1.0,0.35,0.0,36.3098,False,fuzzy_logic_dynamic_snr,36.2661,0.998
54,v4,v7,40.0,120.04,10.0,1.0,0.6002,0.2,35.5403,False,fuzzy_logic_dynamic_snr,35.5156,0.998
55,v1,v2,40.0,30.15,10.0,1.0,0.1507,0.2,36.7404,False,fuzzy_logic_dynamic_snr,36.7245,0.999
55,v1,v6,40.0,110.04,20.0,1.0,0.5502,0.4,35.4398,False,fuzzy_logic_dynamic_snr,35.4168,0.999
55,v2,v1,20.0,30.15,10.0,0.6,0.1507,0.2,16.7404,False,fuzzy_logic_dynamic_snr,16.7138,0.9971
55,v2,v6,20.0,80.0,10.0,0.6,0.4,0.2,15.8928,True,fuzzy_logic_dynamic_snr,2.9503,0.9568
55,v3,v4,20.0,20.22,10.0,0.6,0.1011,0.2,17.0872,False,fuzzy_logic_dynamic_snr,17.0684,0.998
55,v3,v8,20.0,70.06,20.0,0.6,0.3503,0.4,15.8319,True,fuzzy_logic_dynamic_snr,2.9478,0.9582
55,v3,v12,20.0,90.05,0.0,0.6,0.4502,0.0,16.091,True,fuzzy_logic_dynamic_snr,2.9497,0.9582
55,v3,v11,20.0,100.0,20.0,0.6,0.5,0.4,15.5229,True,fuzzy_logic_dynamic_snr,2.9462,0.9588
55,v3,v7,20.0,150.0,10.0,0.6,0.75,0.2,15.3468,True,fuzzy_logic_dynamic_snr,2.9458,0.9592
55,v4,v3,40.0,20.22,10.0,1.0,0.1011,0.2,37.0872,False,fuzzy_logic_dynamic_snr,37.0637,0.999
55,v4,v8,40.0,50.0,10.0,1.0,0.25,0.2,36.301,False,fuzzy_logic_dynamic_snr,36.2815,1.0
55,v4,v12,40.0,70.0,10.0,1.0,0.35,0.2,36.0088,False,fuzzy_logic_dynamic_snr,35.9824,0.999
55,v4,v11,40.0,80.06,30.0,1.0,0.4003,0.6,35.5911,False,fuzzy_logic_dynamic_snr,35.5688,0.999
55,v4,v7,40.0,130.03,0.0,1.0,0.6502,0.0,35.7719,False,fuzzy_logic_dynamic_snr,35.7376,0.9971
56,v1,v2,40.0,20.22,30.0,1.0,0.1011,0.6,36.7862,False,fuzzy_logic_dynamic_snr,36.761,0.999
56,v1,v6,40.0,90.05,10.0,1.0,0.4502,0.2,35.79,False,fuzzy_logic_dynamic_snr,35.7673,1.0
56,v2,v1,20.0,20.22,30.0,0.6,0.1011,0.6,16.7862,True,fuzzy_logic_dynamic_snr,2.9534,0.9617
56,v2,v6,20.0,70.0,40.0,0.6,0.35,0.8,15.6108,True,fuzzy_logic_dynamic_snr,2.9467,0.9572
56,v3,v4,20.0,10.44,30.0,0.6,0.0522,0.6,17.3605,True,fuzzy_logic_dynamic_snr,2.9531,0.9529
56,v3,v8,20.0,50.09,20.0,0.6,0.2504,0.4,16.1234,True,fuzzy_logic_dynamic_snr,2.9489,0.9592
56,v3,v12,20.0,90.05,30.0,0.6,0.4502,0.6,15.489,True,fuzzy_logic_dynamic_snr,2.9447,0.9582
56,v3,v11,20.0,120.0,10.0,0.6,0.6,0.2,15.5406,True,fuzzy_logic_dynamic_snr,2.9462,0.9592
56,v3,v7,20.0,140.0,20.0,0.6,0.7,0.4,15.2306,True,fuzzy_logic_dynamic_snr,2.9468,0.9611
56,v4,v3,40.0,10.44,30.0,1.0,0.0522,0.6,37.3605,False,fuzzy_logic_dynamic_snr,37.334,0.998
56,v4,v8,40.0,40.0,10.0,1.0,0.2,0.2,36.4949,False,fuzzy_logic_dynamic_snr,36.4653,0.999
56,v4,v12,40.0,80.0,0.0,1.0,0.4,0.0,36.1938,False,fuzzy_logic_dynamic_snr,36.1701,1.0
56,v4,v11,40.0,110.04,20.0,1.0,0.5502,0.4,35.4398,False,fuzzy_logic_dynamic_snr,35.4124,0.999
56,v4,v7,40.0,130.03,10.0,1.0,0.6502,0.2,35.4709,False,fuzzy_logic_dynamic_snr,35.4403,1.0
57,v1,v2,40.0,50.09,10.0,1.0,0.2504,0.2,36.2995,False,fuzzy_logic_dynamic_snr,36.2783,1.0
57,v1,v6,40.0,80.06,20.0,1.0,0.4003,0.4,35.7161,False,fuzzy_logic_dynamic_snr,35.6904,0.999
57,v2,v6,20.0,30.0,10.0,0.6,0.15,0.2,16.7447,False,fuzzy_logic_dynamic_snr,16.7073,0.998
57,v2,v1,20.0,50.09,10.0,0.6,0.2504,0.2,16.2995,False,fuzzy_logic_dynamic_snr,16.2688,0.998
57,v2,v5,20.0,190.02,20.0,0.6,0.9501,0.4,14.9653,True,fuzzy_logic_dynamic_snr,2.9456,0.9539
57,v3,v4,20.0,20.22,40.0,0.6,0.1011,0.8,16.6893,True,fuzzy_logic_dynamic_snr,2.9512,0.9611
57,v3,v8,20.0,30.15,30.0,0.6,0.1507,0.6,16.4394,True,fuzzy_logic_dynamic_snr,2.9491,0.9611
57,v3,v12,20.0,60.07,30.0,0.6,0.3004,0.6,15.8406,True,fuzzy_logic_dynamic_snr,2.9496,0.9553
57,v3,v11,20.0,110.0,40.0,0.6,0.55,0.8,15.2182,True,fuzzy_logic_dynamic_snr,2.9463,0.9617
57,v3,v7,20.0,120.0,40.0,0.6,0.6,0.8,15.1427,True,fuzzy_logic_dynamic_snr,2.9458,0.9621
57,v4,v3,40.0,20.22,40.0,1.0,0.1011,0.8,36.6893,True,fuzzy_logic_dynamic_snr,2.9688,0.9582
57,v4,v8,40.0,50.0,10.0,1.0,0.25,0.2,36.301,False,fuzzy_logic_dynamic_snr,36.2716,1.0
57,v4,v12,40.0,80.0,10.0,1.0,0.4,0.2,35.8928,False,fuzzy_logic_dynamic_snr,35.862,0.999
57,v4,v11,40.0,130.03,0.0,1.0,0.6502,0.0,35.7719,False,fuzzy_logic_dynamic_snr,35.752,0.999
57,v4,v7,40.0,140.03,0.0,1.0,0.7002,0.0,35.7075,False,fuzzy_logic_dynamic_snr,35.6796,0.998
58,v1,v2,40.0,40.11,10.0,1.0,0.2006,0.2,36.4924,False,fuzzy_logic_dynamic_snr,36.4642,0.999
58,v1,v6,40.0,60.07,10.0,1.0,0.3004,0.2,36.1416,False,fuzzy_logic_dynamic_snr,36.1105,1.0
58,v2,v6,20.0,20.0,0.0,0.6,0.1,0.0,17.3979,False,fuzzy_logic_dynamic_snr,17.3564,0.998
58,v2,v1,20.0,40.11,10.0,0.6,0.2006,0.2,16.4924,False,fuzzy_logic_dynamic_snr,16.4595,0.9971
58,v2,v5,20.0,170.03,30.0,0.6,0.8501,0.6,14.9369,True,fuzzy_logic_dynamic_snr,2.9436,0.9578
58,v3,v4,20.0,20.22,20.0,0.6,0.1011,0.4,16.9112,True,fuzzy_logic_dynamic_snr,2.9522,0.9602
58,v3,v8,20.0,60.07,0.0,0.6,0.3004,0.0,16.4426,True,fuzzy_logic_dynamic_snr,2.9505,0.9559
58,v3,v12,20.0,90.05,10.0,0.6,0.4502,0.2,15.79,True,fuzzy_logic_dynamic_snr,2.9498,0.9582
58,v3,v11,20.0,150.0,20.0,0.6,0.75,0.4,15.1707,True,fuzzy_logic_dynamic_snr,2.9447,0.9637
58,v3,v7,20.0,160.0,30.0,0.6,0.8,0.6,14.9897,True,fuzzy_logic_dynamic_snr,2.9444,0.9559
58,v4,v3,40.0,20.22,20.0,1.0,0.1011,0.4,36.9112,False,fuzzy_logic_dynamic_snr,36.8871,1.0
58,v4,v8,40.0,40.0,20.0,1.0,0.2,0.4,36.3188,False,fuzzy_logic_dynamic_snr,36.3017,0.998
58,v4,v12,40.0,70.0,10.0,1.0,0.35,0.2,36.0088,False,fuzzy_logic_dynamic_snr,35.9952,1.0
58,v4,v11,40.0,130.03,0.0,1.0,0.6502,0.0,35.7719,False,fuzzy_logic_dynamic_snr,35.7387,0.999
58,v4,v7,40.0,140.03,10.0,1.0,0.7002,0.2,35.4065,False,fuzzy_logic_dynamic_snr,35.3825,0.998
59,v1,v2,40.0,30.15,20.0,1.0,0.1507,0.4,36.5643,False,fuzzy_logic_dynamic_snr,36.5312,1.0
59,v1,v6,40.0,50.09,10.0,1.0,0.2504,0.2,36.2995,False,fuzzy_logic_dynamic_snr,36.2722,0.999
59,v2,v6,20.0,20.0,10.0,0.6,0.1,0.2,17.0969,False,fuzzy_logic_dynamic_snr,17.062,0.998
59,v2,v1,20.0,30.15,20.0,0.6,0.1507,0.4,16.5643,True,fuzzy_logic_dynamic_snr,2.9525,0.9572
59,v3,v4,20.0,3.0,10.0,0.6,0.015,0.2,18.7447,False,fuzzy_logic_dynamic_snr,18.7183,0.9971
59,v3,v8,20.0,60.07,0.0,0.6,0.3004,0.0,16.4426,True,fuzzy_logic_dynamic_snr,2.9498,0.9568
59,v3,v12,20.0,80.06,30.0,0.6,0.4003,0.6,15.5911,True,fuzzy_logic_dynamic_snr,2.9493,0.9592
59,v3,v7,20.0,130.0,0.0,0.6,0.65,0.0,15.7721,True,fuzzy_logic_dynamic_snr,2.9496,0.9592
59,v3,v11,20.0,130.0,20.0,0.6,0.65,0.4,15.295,True,fuzzy_logic_dynamic_snr,2.9459,0.9568
59,v4,v3,40.0,3.0,10.0,1.0,0.015,0.2,38.7447,False,fuzzy_logic_dynamic_snr,38.7109,0.999
59,v4,v8,40.0,60.0,10.0,1.0,0.3,0.2,36.1427,False,fuzzy_logic_dynamic_snr,36.1051,0.999
59,v4,v12,40.0,80.0,20.0,1.0,0.4,0.4,35.7167,False,fuzzy_logic_dynamic_snr,35.674,1.0
59,v4,v7,40.0,130.03,10.0,1.0,0.6502,0.2,35.4709,False,fuzzy_logic_dynamic_snr,35.4393,1.0
59,v4,v11,40.0,130.03,10.0,1.0,0.6502,0.2,35.4709,False,fuzzy_logic_dynamic_snr,35.4217,1.0
60,v1,v2,40.0,10.44,0.0,1.0,0.0522,0.0,37.9626,False,fuzzy_logic_dynamic_snr,37.9303,1.0
60,v1,v6,40.0,40.11,20.0,1.0,0.2006,0.4,36.3163,False,fuzzy_logic_dynamic_snr,36.2932,0.998
60,v2,v1,20.0,10.44,0.0,0.6,0.0522,0.0,17.9626,False,fuzzy_logic_dynamic_snr,17.925,0.998
60,v2,v6,20.0,30.0,20.0,0.6,0.15,0.4,16.5686,True,fuzzy_logic_dynamic_snr,2.952,0.9637
60,v3,v4,20.0,10.44,20.0,0.6,0.0522,0.4,17.4855,True,fuzzy_logic_dynamic_snr,2.9537,0.9553
60,v3,v8,20.0,60.07,30.0,0.6,0.3004,0.6,15.8406,True,fuzzy_logic_dynamic_snr,2.9472,0.9621
60,v3,v12,20.0,110.04,10.0,0.6,0.5502,0.2,15.6159,True,fuzzy_logic_dynamic_snr,2.9486,0.9553
60,v3,v7,20.0,130.0,30.0,0.6,0.65,0.6,15.1701,True,fuzzy_logic_dynamic_snr,2.9438,0.9563
60,v3,v11,20.0,150.0,20.0,0.6,0.75,0.4,15.1707,True,fuzzy_logic_dynamic_snr,2.9447,0.9559
60,v4,v3,40.0,10.44,20.0,1.0,0.0522,0.4,37.4855,False,fuzzy_logic_dynamic_snr,37.4539,1.0
60,v4,v8,40.0,50.0,10.0,1.0,0.25,0.2,36.301,False,fuzzy_logic_dynamic_snr,36.2746,0.999
60,v4,v12,40.0,100.0,30.0,1.0,0.5,0.6,35.3979,True,fuzzy_logic_dynamic_snr,2.9685,0.9592
60,v4,v7,40.0,120.04,10.0,1.0,0.6002,0.2,35.5403,False,fuzzy_logic_dynamic_snr,35.5249,0.999
60,v4,v11,40.0,140.03,0.0,1.0,0.7002,0.0,35.7075,False,fuzzy_logic_dynamic_snr,35.6796,0.999
61,v1,v2,40.0,10.44,0.0,1.0,0.0522,0.0,37.9626,False,fuzzy_logic_dynamic_snr,37.9291,1.0
61,v1,v6,40.0,60.07,0.0,1.0,0.3004,0.0,36.4426,False,fuzzy_logic_dynamic_snr,36.4051,0.999
61,v2,v1,20.0,10.44,0.0,0.6,0.0522,0.0,17.9626,False,fuzzy_logic_dynamic_snr,17.9438,0.9941
61,v2,v6,20.0,50.0,0.0,0.6,0.25,0.0,16.6021,False,fuzzy_logic_dynamic_snr,16.5713,0.9961
61,v3,v4,20.0,10.44,10.0,0.6,0.0522,0.2,17.6615,False,fuzzy_logic_dynamic_snr,17.6214,0.9961
61,v3,v8,20.0,30.15,10.0,0.6,0.1507,0.2,16.7404,False,fuzzy_logic_dynamic_snr,16.7178,0.9955
61,v3,v7,20.0,100.0,0.0,0.6,0.5,0.0,16.0,True,fuzzy_logic_dynamic_snr,2.9499,0.9553
61,v3,v12,20.0,120.04,40.0,0.6,0.6002,0.8,15.1424,True,fuzzy_logic_dynamic_snr,2.945,0.9617
61,v3,v11,20.0,130.0,0.0,0.6,0.65,0.0,15.7721,True,fuzzy_logic_dynamic_snr,2.9464,0.9602
61,v4,v3,40.0,10.44,10.0,1.0,0.0522,0.2,37.6615,False,fuzzy_logic_dynamic_snr,37.6303,1.0
61,v4,v8,40.0,40.0,0.0,1.0,0.2,0.0,36.7959,False,fuzzy_logic_dynamic_snr,36.7762,1.0
61,v4,v7,40.0,110.04,10.0,1.0,0.5502,0.2,35.6159,False,fuzzy_logic_dynamic_snr,35.5763,0.999
61,v4,v12,40.0,130.0,30.0,1.0,0.65,0.6,35.1701,True,fuzzy_logic_dynamic_snr,2.9688,0.9611
61,v4,v11,40.0,140.03,10.0,1.0,0.7002,0.2,35.4065,False,fuzzy_logic_dynamic_snr,35.3872,0.999
62,v1,v2,40.0,10.44,30.0,1.0,0.0522,0.6,37.3605,False,fuzzy_logic_dynamic_snr,37.3438,1.0
62,v1,v6,40.0,60.07,0.0,1.0,0.3004,0.0,36.4426,False,fuzzy_logic_dynamic_snr,36.415,0.999
62,v2,v1,20.0,10.44,30.0,0.6,0.0522,0.6,17.3605,True,fuzzy_logic_dynamic_snr,2.9535,0.9602
62,v2,v6,20.0,50.0,30.0,0.6,0.25,0.6,16.0,True,fuzzy_logic_dynamic_snr,2.947,0.9588
62,v3,v4,20.0,3.0,10.0,0.6,0.015,0.2,18.7447,False,fuzzy_logic_dynamic_snr,18.7032,1.0
62,v3,v8,20.0,40.11,10.0,0.6,0.2006,0.2,16.4924,False,fuzzy_logic_dynamic_snr,16.4757,0.998
62,v3,v7,20.0,100.0,10.0,0.6,0.5,0.2,15.699,True,fuzzy_logic_dynamic_snr,2.9488,0.9641
62,v3,v11,20.0,130.0,10.0,0.6,0.65,0.2,15.4711,True,fuzzy_logic_dynamic_snr,2.9441,0.9533
62,v3,v12,20.0,160.03,20.0,0.6,0.8001,0.4,15.1145,True,fuzzy_logic_dynamic_snr,2.9451,0.9592
62,v4,v3,40.0,3.0,10.0,1.0,0.015,0.2,38.7447,False,fuzzy_logic_dynamic_snr,38.7114,0.999
62,v4,v8,40.0,40.0,20.0,1.0,0.2,0.4,36.3188,False,fuzzy_logic_dynamic_snr,36.2979,0.999
62,v4,v7,40.0,100.04,0.0,1.0,0.5002,0.0,35.9996,False,fuzzy_logic_dynamic_snr,35.9645,0.999
62,v4,v11,40.0,130.03,0.0,1.0,0.6502,0.0,35.7719,False,fuzzy_logic_dynamic_snr,35.7539,1.0
62,v4,v12,40.0,160.0,10.0,1.0,0.8,0.2,35.2907,True,fuzzy_logic_dynamic_snr,2.9691,0.9592
63,v1,v2,40.0,20.22,40.0,1.0,0.1011,0.8,36.6893,True,fuzzy_logic_dynamic_snr,2.9691,0.9592
63,v1,v6,40.0,60.07,30.0,1.0,0.3004,0.6,35.8406,False,fuzzy_logic_dynamic_snr,35.7963,0.999
63,v2,v1,20.0,20.22,40.0,0.6,0.1011,0.8,16.6893,True,fuzzy_logic_dynamic_snr,2.9525,0.9582
63,v2,v6,20.0,80.0,10.0,0.6,0.4,0.2,15.8928,True,fuzzy_logic_dynamic_snr,2.9498,0.9588
63,v3,v4,20.0,10.44,10.0,0.6,0.0522,0.2,17.6615,False,fuzzy_logic_dynamic_snr,17.6321,0.998
63,v3,v8,20.0,50.09,20.0,0.6,0.2504,0.4,16.1234,True,fuzzy_logic_dynamic_snr,2.9502,0.9553
63,v3,v7,20.0,90.0,10.0,0.6,0.45,0.2,15.7905,True,fuzzy_logic_dynamic_snr,2.948,0.9563
63,v3,v11,20.0,120.0,10.0,0.6,0.6,0.2,15.5406,True,fuzzy_logic_dynamic_snr,2.9458,0.9605
63,v3,v12,20.0,140.03,0.0,0.6,0.7002,0.0,15.7075,True,fuzzy_logic_dynamic_snr,2.9483,0.9602
63,v4,v3,40.0,10.44,10.0,1.0,0.0522,0.2,37.6615,False,fuzzy_logic_dynamic_snr,37.6385,0.999
63,v4,v8,40.0,60.0,30.0,1.0,0.3,0.6,35.8416,False,fuzzy_logic_dynamic_snr,35.8011,1.0
63,v4,v7,40.0,100.04,0.0,1.0,0.5002,0.0,35.9996,False,fuzzy_logic_dynamic_snr,35.9727,1.0
63,v4,v11,40.0,130.03,20.0,1.0,0.6502,0.4,35.2948,True,fuzzy_logic_dynamic_snr,2.9688,0.9592
63,v4,v12,40.0,150.0,10.0,1.0,0.75,0.2,35.3468,False,fuzzy_logic_dynamic_snr,35.3284,0.999
64,v1,v6,40.0,30.15,10.0,1.0,0.1507,0.2,36.7404,False,fuzzy_logic_dynamic_snr,36.7172,1.0
64,v1,v2,40.0,60.07,20.0,1.0,0.3004,0.4,35.9655,False,fuzzy_logic_dynamic_snr,35.9412,1.0
64,v2,v1,20.0,60.07,20.0,0.6,0.3004,0.4,15.9655,True,fuzzy_logic_dynamic_snr,2.9501,0.9533
64,v2,v6,20.0,90.0,10.0,0.6,0.45,0.2,15.7905,True,fuzzy_logic_dynamic_snr,2.9476,0.9588
64,v3,v4,20.0,20.22,10.0,0.6,0.1011,0.2,17.0872,False,fuzzy_logic_dynamic_snr,17.0551,0.998
64,v3,v8,20.0,70.06,10.0,0.6,0.3503,0.2,16.008,True,fuzzy_logic_dynamic_snr,2.9471,0.9607
64,v3,v7,20.0,80.0,0.0,0.6,0.4,0.0,16.1938,True,fuzzy_logic_dynamic_snr,2.9492,0.9592
64,v3,v11,20.0,130.0,20.0,0.6,0.65,0.4,15.295,True,fuzzy_logic_dynamic_snr,2.9467,0.9611
64,v3,v12,20.0,140.03,10.0,0.6,0.7002,0.2,15.4065,True,fuzzy_logic_dynamic_snr,2.9464,0.9572
64,v4,v3,40.0,20.22,10.0,1.0,0.1011,0.2,37.0872,False,fuzzy_logic_dynamic_snr,37.0654,0.999
64,v4,v8,40.0,90.0,20.0,1.0,0.45,0.4,35.6144,False,fuzzy_logic_dynamic_snr,35.5865,1.0
64,v4,v7,40.0,100.04,10.0,1.0,0.5002,0.2,35.6986,False,fuzzy_logic_dynamic_snr,35.6707,1.0
64,v4,v11,40.0,150.03,30.0,1.0,0.7501,0.6,35.0456,True,fuzzy_logic_dynamic_snr,2.9688,0.9592
64,v4,v12,40.0,160.0,20.0,1.0,0.8,0.4,35.1146,True,fuzzy_logic_dynamic_snr,2.9691,0.9602
65,v1,v6,40.0,20.22,10.0,1.0,0.1011,0.2,37.0872,False,fuzzy_logic_dynamic_snr,37.0585,0.998
65,v1,v2,40.0,80.06,20.0,1.0,0.4003,0.4,35.7161,False,fuzzy_logic_dynamic_snr,35.6848,0.999
65,v2,v1,20.0,80.06,20.0,0.6,0.4003,0.4,15.7161,True,fuzzy_logic_dynamic_snr,2.9481,0.9631
65,v2,v6,20.0,100.0,30.0,0.6,0.5,0.6,15.3979,True,fuzzy_logic_dynamic_snr,2.9488,0.9572
65,v3,v4,20.0,30.15,40.0,0.6,0.1507,0.8,16.3425,True,fuzzy_logic_dynamic_snr,2.9506,0.9563
65,v3,v7,20.0,80.0,20.0,0.6,0.4,0.4,15.7167,True,fuzzy_logic_dynamic_snr,2.9483,0.9572
65,v3,v8,20.0,80.06,30.0,0.6,0.4003,0.6,15.5911,True,fuzzy_logic_dynamic_snr,2.9486,0.9563
65,v3,v11,20.0,150.0,30.0,0.6,0.75,0.6,15.0458,True,fuzzy_logic_dynamic_snr,2.9452,0.9627
65,v3,v12,20.0,150.03,30.0,0.6,0.7501,0.6,15.0456,True,fuzzy_logic_dynamic_snr,2.9448,0.9484
65,v4,v3,40.0,30.15,40.0,1.0,0.1507,0.8,36.3425,True,fuzzy_logic_dynamic_snr,2.9688,0.9582
65,v4,v8,40.0,110.0,10.0,1.0,0.55,0.2,35.6162,False,fuzzy_logic_dynamic_snr,35.5831,0.998
65,v4,v7,40.0,110.04,20.0,1.0,0.5502,0.4,35.4398,False,fuzzy_logic_dynamic_snr,35.416,0.999
65,v4,v12,40.0,180.0,10.0,1.0,0.9,0.2,35.1884,True,fuzzy_logic_dynamic_snr,2.968,0.9582
65,v4,v11,40.0,180.02,10.0,1.0,0.9001,0.2,35.1883,True,fuzzy_logic_dynamic_snr,2.9685,0.9572
66,v1,v6,40.0,10.44,20.0,1.0,0.0522,0.4,37.4855,False,fuzzy_logic_dynamic_snr,37.4554,1.0
66,v1,v2,40.0,60.07,20.0,1.0,0.3004,0.4,35.9655,False,fuzzy_logic_dynamic_snr,35.9535,0.999
66,v2,v1,20.0,60.07,20.0,0.6,0.3004,0.4,15.9655,True,fuzzy_logic_dynamic_snr,2.9481,0.9563
66,v2,v6,20.0,70.0,0.0,0.6,0.35,0.0,16.3098,True,fuzzy_logic_dynamic_snr,2.9488,0.9598
66,v3,v4,20.0,10.44,10.0,0.6,0.0522,0.2,17.6615,False,fuzzy_logic_dynamic_snr,17.6344,0.998
66,v3,v7,20.0,100.0,20.0,0.6,0.5,0.4,15.5229,True,fuzzy_logic_dynamic_snr,2.9477,0.9592
66,v3,v8,20.0,110.04,0.0,0.6,0.5502,0.0,15.9169,True,fuzzy_logic_dynamic_snr,2.9495,0.9568
66,v3,v11,20.0,180.0,30.0,0.6,0.9,0.6,14.8874,True,fuzzy_logic_dynamic_snr,2.9446,0.9607
66,v3,v12,20.0,180.02,10.0,0.6,0.9001,0.2,15.1883,True,fuzzy_logic_dynamic_snr,2.946,0.9611
66,v4,v3,40.0,10.44,10.0,1.0,0.0522,0.2,37.6615,False,fuzzy_logic_dynamic_snr,37.6297,0.999
66,v4,v7,40.0,90.05,30.0,1.0,0.4502,0.6,35.489,True,fuzzy_logic_dynamic_snr,2.9687,0.9602
66,v4,v8,40.0,100.0,10.0,1.0,0.5,0.2,35.699,False,fuzzy_logic_dynamic_snr,35.6708,1.0
66,v4,v12,40.0,170.0,20.0,1.0,0.85,0.4,35.062,True,fuzzy_logic_dynamic_snr,2.9692,0.9592
66,v4,v11,40.0,170.03,40.0,1.0,0.8501,0.8,34.84,True,fuzzy_logic_dynamic_snr,2.9688,0.9582
67,v1,v6,40.0,30.15,30.0,1.0,0.1507,0.6,36.4394,False,fuzzy_logic_dynamic_snr,36.4097,0.999
67,v1,v2,40.0,40.11,30.0,1.0,0.2006,0.6,36.1914,False,fuzzy_logic_dynamic_snr,36.1636,1.0
67,v2,v1,20.0,40.11,30.0,0.6,0.2006,0.6,16.1914,True,fuzzy_logic_dynamic_snr,2.9492,0.9553
67,v2,v6,20.0,70.0,0.0,0.6,0.35,0.0,16.3098,True,fuzzy_logic_dynamic_snr,2.9506,0.9627
67,v3,v4,20.0,20.22,10.0,0.6,0.1011,0.2,17.0872,False,fuzzy_logic_dynamic_snr,17.0582,0.999
67,v3,v7,20.0,80.0,40.0,0.6,0.4,0.8,15.4949,True,fuzzy_logic_dynamic_snr,2.949,0.9602
67,v3,v8,20.0,110.04,20.0,0.6,0.5502,0.4,15.4398,True,fuzzy_logic_dynamic_snr,2.9463,0.9582
67,v3,v11,20.0,150.0,0.0,0.6,0.75,0.0,15.6478,True,fuzzy_logic_dynamic_snr,2.9488,0.9553
67,v3,v12,20.0,170.03,20.0,0.6,0.8501,0.4,15.0618,True,fuzzy_logic_dynamic_snr,2.9432,0.9611
67,v4,v3,40.0,20.22,10.0,1.0,0.1011,0.2,37.0872,False,fuzzy_logic_dynamic_snr,37.058,0.998
67,v4,v7,40.0,60.07,30.0,1.0,0.3004,0.6,35.8406,False,fuzzy_logic_dynamic_snr,35.8189,1.0
67,v4,v8,40.0,90.0,10.0,1.0,0.45,0.2,35.7905,False,fuzzy_logic_dynamic_snr,35.7734,1.0
67,v4,v11,40.0,130.03,10.0,1.0,0.6502,0.2,35.4709,False,fuzzy_logic_dynamic_snr,35.4398,0.999
67,v4,v12,40.0,150.0,10.0,1.0,0.75,0.2,35.3468,False,fuzzy_logic_dynamic_snr,35.3168,1.0
68,v1,v6,40.0,3.0,40.0,1.0,0.015,0.8,38.3468,True,fuzzy_logic_dynamic_snr,2.9692,0.9602
68,v1,v2,40.0,70.06,10.0,1.0,0.3503,0.2,36.008,False,fuzzy_logic_dynamic_snr,35.9783,1.0
68,v1,v13,40.0,180.0,30.0,1.0,0.9,0.6,34.8874,True,fuzzy_logic_dynamic_snr,2.9689,0.9592
68,v2,v6,20.0,70.0,30.0,0.6,0.35,0.6,15.7077,True,fuzzy_logic_dynamic_snr,2.948,0.9563
68,v2,v1,20.0,70.06,10.0,0.6,0.3503,0.2,16.008,True,fuzzy_logic_dynamic_snr,2.9491,0.9617
68,v3,v4,20.0,10.44,30.0,0.6,0.0522,0.6,17.3605,True,fuzzy_logic_dynamic_snr,2.9558,0.9568
68,v3,v7,20.0,40.0,10.0,0.6,0.2,0.2,16.4949,False,fuzzy_logic_dynamic_snr,16.4643,0.998
68,v3,v8,20.0,90.05,10.0,0.6,0.4502,0.2,15.79,True,fuzzy_logic_dynamic_snr,2.9486,0.9637
68,v3,v11,20.0,150.0,0.0,0.6,0.75,0.0,15.6478,True,fuzzy_logic_dynamic_snr,2.9473,0.9588
68,v3,v12,20.0,150.03,10.0,0.6,0.7501,0.2,15.3466,True,fuzzy_logic_dynamic_snr,2.9461,0.9598
68,v4,v3,40.0,10.44,30.0,1.0,0.0522,0.6,37.3605,False,fuzzy_logic_dynamic_snr,37.3383,1.0
68,v4,v7,40.0,30.15,20.0,1.0,0.1507,0.4,36.5643,False,fuzzy_logic_dynamic_snr,36.5333,0.998
68,v4,v8,40.0,80.0,40.0,1.0,0.4,0.8,35.4949,True,fuzzy_logic_dynamic_snr,2.9688,0.9602
68,v4,v12,40.0,140.0,20.0,1.0,0.7,0.4,35.2306,True,fuzzy_logic_dynamic_snr,2.9684,0.9582
68,v4,v11,40.0,140.03,30.0,1.0,0.7002,0.6,35.1055,True,fuzzy_logic_dynamic_snr,2.9691,0.9582
69,v1,v6,40.0,40.11,30.0,1.0,0.2006,0.6,36.1914,False,fuzzy_logic_dynamic_snr,36.1566,1.0
69,v1,v2,40.0,80.06,10.0,1.0,0.4003,0.2,35.8922,False,fuzzy_logic_dynamic_snr,35.848,0.999
69,v1,v13,40.0,150.0,0.0,1.0,0.75,0.0,35.6478,False,fuzzy_logic_dynamic_snr,35.6297,0.999
69,v2,v6,20.0,40.0,20.0,0.6,0.2,0.4,16.3188,True,fuzzy_logic_dynamic_snr,2.9519,0.9598
69,v2,v1,20.0,80.06,10.0,0.6,0.4003,0.2,15.8922,True,fuzzy_logic_dynamic_snr,2.9487,0.9563
69,v3,v4,20.0,40.11,30.0,0.6,0.2006,0.6,16.1914,True,fuzzy_logic_dynamic_snr,2.9499,0.9582
69,v3,v7,20.0,50.0,20.0,0.6,0.25,0.4,16.1249,True,fuzzy_logic_dynamic_snr,2.9485,0.9553
69,v3,v8,20.0,80.06,0.0,0.6,0.4003,0.0,16.1932,True,fuzzy_logic_dynamic_snr,2.9507,0.9559
69,v3,v11,20.0,150.0,30.0,0.6,0.75,0.6,15.0458,True,fuzzy_logic_dynamic_snr,2.9454,0.9607
69,v3,v12,20.0,160.03,10.0,0.6,0.8001,0.2,15.2906,True,fuzzy_logic_dynamic_snr,2.9439,0.9582
69,v4,v7,40.0,10.44,10.0,1.0,0.0522,0.2,37.6615,False,fuzzy_logic_dynamic_snr,37.6268,1.0
69,v4,v8,40.0,40.0,30.0,1.0,0.2,0.6,36.1938,False,fuzzy_logic_dynamic_snr,36.166,0.998
69,v4,v3,40.0,40.11,30.0,1.0,0.2006,0.6,36.1914,False,fuzzy_logic_dynamic_snr,36.1658,0.999
69,v4,v11,40.0,110.04,0.0,1.0,0.5502,0.0,35.9169,False,fuzzy_logic_dynamic_snr,35.8874,0.999
69,v4,v12,40.0,120.0,20.0,1.0,0.6,0.4,35.3645,False,fuzzy_logic_dynamic_snr,35.3376,0.999
70,v1,v6,40.0,70.06,10.0,1.0,0.3503,0.2,36.008,False,fuzzy_logic_dynamic_snr,35.9627,0.999
70,v1,v2,40.0,90.05,0.0,1.0,0.4502,0.0,36.091,False,fuzzy_logic_dynamic_snr,36.068,0.999
70,v1,v13,40.0,150.0,30.0,1.0,0.75,0.6,35.0458,True,fuzzy_logic_dynamic_snr,2.9685,0.9582
70,v1,v5,40.0,180.0,30.0,1.0,0.9,0.6,34.8874,True,fuzzy_logic_dynamic_snr,2.9685,0.9582
70,v2,v6,20.0,20.0,10.0,0.6,0.1,0.2,17.0969,False,fuzzy_logic_dynamic_snr,17.0648,0.9951
70,v2,v1,20.0,90.05,0.0,0.6,0.4502,0.0,16.091,True,fuzzy_logic_dynamic_snr,2.9516,0.9572
70,v3,v7,20.0,70.0,30.0,0.6,0.35,0.6,15.7077,True,fuzzy_logic_dynamic_snr,2.9488,0.9568
70,v3,v4,20.0,70.06,10.0,0.6,0.3503,0.2,16.008,True,fuzzy_logic_dynamic_snr,2.9516,0.9602
70,v3,v8,20.0,80.06,10.0,0.6,0.4003,0.2,15.8922,True,fuzzy_logic_dynamic_snr,2.9476,0.9566
70,v3,v12,20.0,170.03,0.0,0.6,0.8501,0.0,15.539,True,fuzzy_logic_dynamic_snr,2.9475,0.9572
70,v3,v11,20.0,180.0,10.0,0.6,0.9,0.2,15.1884,True,fuzzy_logic_dynamic_snr,2.9432,0.9607
70,v4,v7,40.0,3.0,20.0,1.0,0.015,0.4,38.5686,False,fuzzy_logic_dynamic_snr,38.5448,1.0
70,v4,v8,40.0,10.0,0.0,1.0,0.05,0.0,38.0,False,fuzzy_logic_dynamic_snr,37.9799,1.0
70,v4,v3,40.0,70.06,10.0,1.0,0.3503,0.2,36.008,False,fuzzy_logic_dynamic_snr,35.9728,0.999
70,v4,v12,40.0,100.0,10.0,1.0,0.5,0.2,35.699,False,fuzzy_logic_dynamic_snr,35.6697,0.999
70,v4,v11,40.0,110.04,0.0,1.0,0.5502,0.0,35.9169,False,fuzzy_logic_dynamic_snr,35.8885,0.999
71,v1,v6,40.0,60.07,30.0,1.0,0.3004,0.6,35.8406,False,fuzzy_logic_dynamic_snr,35.812,1.0
71,v1,v2,40.0,90.05,0.0,1.0,0.4502,0.0,36.091,False,fuzzy_logic_dynamic_snr,36.0501,0.999
71,v1,v13,40.0,180.0,30.0,1.0,0.9,0.6,34.8874,True,fuzzy_logic_dynamic_snr,2.9689,0.9592
71,v2,v6,20.0,30.0,30.0,0.6,0.15,0.6,16.4437,True,fuzzy_logic_dynamic_snr,2.9525,0.9602
71,v2,v1,20.0,90.05,0.0,0.6,0.4502,0.0,16.091,True,fuzzy_logic_dynamic_snr,2.9503,0.9607
71,v3,v7,20.0,40.0,30.0,0.6,0.2,0.6,16.1938,True,fuzzy_logic_dynamic_snr,2.9519,0.9588
71,v3,v4,20.0,60.07,30.0,0.6,0.3004,0.6,15.8406,True,fuzzy_logic_dynamic_snr,2.9492,0.9563
71,v3,v8,20.0,70.06,0.0,0.6,0.3503,0.0,16.309,True,fuzzy_logic_dynamic_snr,2.9493,0.9572
71,v3,v11,20.0,170.0,20.0,0.6,0.85,0.4,15.062,True,fuzzy_logic_dynamic_snr,2.945,0.9568
71,v3,v12,20.0,170.03,30.0,0.6,0.8501,0.6,14.9369,True,fuzzy_logic_dynamic_snr,2.9468,0.9582
71,v4,v8,40.0,10.0,30.0,1.0,0.05,0.6,37.3979,False,fuzzy_logic_dynamic_snr,37.3746,1.0
71,v4,v7,40.0,20.22,0.0,1.0,0.1011,0.0,37.3883,False,fuzzy_logic_dynamic_snr,37.3664,0.998
71,v4,v3,40.0,60.07,30.0,1.0,0.3004,0.6,35.8406,False,fuzzy_logic_dynamic_snr,35.8183,0.998
71,v4,v12,40.0,110.0,0.0,1.0,0.55,0.0,35.9172,False,fuzzy_logic_dynamic_snr,35.897,0.998
71,v4,v11,40.0,110.04,10.0,1.0,0.5502,0.2,35.6159,False,fuzzy_logic_dynamic_snr,35.5945,0.998
72,v1,v2,40.0,90.05,0.0,1.0,0.4502,0.0,36.091,False,fuzzy_logic_dynamic_snr,36.0617,0.999
72,v1,v6,40.0,90.05,10.0,1.0,0.4502,0.2,35.79,False,fuzzy_logic_dynamic_snr,35.7536,1.0
72,v1,v13,40.0,150.0,10.0,1.0,0.75,0.2,35.3468,False,fuzzy_logic_dynamic_snr,35.3225,0.999
72,v2,v6,20.0,0.0,10.0,0.6,0.0,0.2,21.699,False,fuzzy_logic_dynamic_snr,21.6799,0.998
72,v2,v1,20.0,90.05,0.0,0.6,0.4502,0.0,16.091,True,fuzzy_logic_dynamic_snr,2.9482,0.9553
72,v3,v7,20.0,70.0,30.0,0.6,0.35,0.6,15.7077,True,fuzzy_logic_dynamic_snr,2.9482,0.9568
72,v3,v8,20.0,70.06,10.0,0.6,0.3503,0.2,16.008,True,fuzzy_logic_dynamic_snr,2.949,0.9602
72,v3,v4,20.0,90.05,10.0,0.6,0.4502,0.2,15.79,True,fuzzy_logic_dynamic_snr,2.9484,0.9559
72,v3,v11,20.0,190.0,10.0,0.6,0.95,0.2,15.1415,True,fuzzy_logic_dynamic_snr,2.9408,0.9588
72,v4,v8,40.0,20.0,20.0,1.0,0.1,0.4,36.9208,False,fuzzy_logic_dynamic_snr,36.8999,1.0
72,v4,v7,40.0,20.22,40.0,1.0,0.1011,0.8,36.6893,True,fuzzy_logic_dynamic_snr,2.9688,0.9602
72,v4,v3,40.0,90.05,10.0,1.0,0.4502,0.2,35.79,False,fuzzy_logic_dynamic_snr,35.7672,1.0
72,v4,v11,40.0,100.04,20.0,1.0,0.5002,0.4,35.5225,False,fuzzy_logic_dynamic_snr,35.5044,0.998
72,v4,v12,40.0,110.0,0.0,1.0,0.55,0.0,35.9172,False,fuzzy_logic_dynamic_snr,35.8876,1.0
73,v1,v2,40.0,90.05,0.0,1.0,0.4502,0.0,36.091,False,fuzzy_logic_dynamic_snr,36.0586,0.999
73,v1,v6,40.0,100.04,30.0,1.0,0.5002,0.6,35.3975,True,fuzzy_logic_dynamic_snr,2.9688,0.9582
73,v1,v13,40.0,140.0,40.0,1.0,0.7,0.8,35.0088,True,fuzzy_logic_dynamic_snr,2.969,0.9592
73,v1,v5,40.0,200.0,0.0,1.0,1.0,0.0,35.3979,True,fuzzy_logic_dynamic_snr,2.969,0.9592
73,v2,v6,20.0,10.0,30.0,0.6,0.05,0.6,17.3979,True,fuzzy_logic_dynamic_snr,2.9574,0.9588
73,v2,v1,20.0,90.05,0.0,0.6,0.4502,0.0,16.091,True,fuzzy_logic_dynamic_snr,2.9493,0.9563
73,v3,v7,20.0,40.0,40.0,0.6,0.2,0.8,16.0969,True,fuzzy_logic_dynamic_snr,2.9489,0.9607
73,v3,v8,20.0,60.07,0.0,0.6,0.3004,0.0,16.4426,True,fuzzy_logic_dynamic_snr,2.9504,0.9572
73,v3,v4,20.0,100.04,30.0,0.6,0.5002,0.6,15.3975,True,fuzzy_logic_dynamic_snr,2.9463,0.9627
73,v3,v11,20.0,180.0,30.0,0.6,0.9,0.6,14.8874,True,fuzzy_logic_dynamic_snr,2.9427,0.965
73,v4,v8,40.0,40.0,30.0,1.0,0.2,0.6,36.1938,False,fuzzy_logic_dynamic_snr,36.1658,1.0
73,v4,v7,40.0,60.07,10.0,1.0,0.3004,0.2,36.1416,False,fuzzy_logic_dynamic_snr,36.1219,1.0
73,v4,v11,40.0,80.06,0.0,1.0,0.4003,0.0,36.1932,False,fuzzy_logic_dynamic_snr,36.1656,0.998
73,v4,v3,40.0,100.04,30.0,1.0,0.5002,0.6,35.3975,True,fuzzy_logic_dynamic_snr,2.9687,0.9602
73,v4,v12,40.0,110.0,30.0,1.0,0.55,0.6,35.3152,True,fuzzy_logic_dynamic_snr,2.9688,0.9592
74,v1,v6,40.0,70.06,10.0,1.0,0.3503,0.2,36.008,False,fuzzy_logic_dynamic_snr,35.9781,0.998
74,v1,v2,40.0,90.05,20.0,1.0,0.4502,0.4,35.6139,False,fuzzy_logic_dynamic_snr,35.5868,1.0
74,v1,v13,40.0,180.0,40.0,1.0,0.9,0.8,34.7905,True,fuzzy_logic_dynamic_snr,2.9683,0.9592
74,v1,v5,40.0,200.0,0.0,1.0,1.0,0.0,35.3979,True,fuzzy_logic_dynamic_snr,2.9693,0.9582
74,v2,v6,20.0,20.0,10.0,0.6,0.1,0.2,17.0969,False,fuzzy_logic_dynamic_snr,17.075,0.998
74,v2,v1,20.0,90.05,20.0,0.6,0.4502,0.4,15.6139,True,fuzzy_logic_dynamic_snr,2.9477,0.9553
74,v3,v7,20.0,0.0,20.0,0.6,0.0,0.4,21.5229,True,fuzzy_logic_dynamic_snr,2.9646,0.9563
74,v3,v8,20.0,60.07,0.0,0.6,0.3004,0.0,16.4426,True,fuzzy_logic_dynamic_snr,2.9516,0.9646
74,v3,v4,20.0,70.06,30.0,0.6,0.3503,0.6,15.7069,True,fuzzy_logic_dynamic_snr,2.948,0.9627
74,v3,v11,20.0,150.0,20.0,0.6,0.75,0.4,15.1707,True,fuzzy_logic_dynamic_snr,2.9456,0.9563
74,v4,v8,40.0,10.0,30.0,1.0,0.05,0.6,37.3979,False,fuzzy_logic_dynamic_snr,37.3752,0.999
74,v4,v3,40.0,70.06,30.0,1.0,0.3503,0.6,35.7069,False,fuzzy_logic_dynamic_snr,35.6839,0.998
74,v4,v7,40.0,70.06,10.0,1.0,0.3503,0.2,36.008,False,fuzzy_logic_dynamic_snr,35.9791,1.0
74,v4,v11,40.0,80.06,10.0,1.0,0.4003,0.2,35.8922,False,fuzzy_logic_dynamic_snr,35.8695,0.999
74,v4,v12,40.0,140.0,20.0,1.0,0.7,0.4,35.2306,True,fuzzy_logic_dynamic_snr,2.9687,0.9602
75,v1,v6,40.0,80.06,10.0,1.0,0.4003,0.2,35.8922,False,fuzzy_logic_dynamic_snr,35.8541,1.0
75,v1,v2,40.0,110.04,40.0,1.0,0.5502,0.8,35.2179,True,fuzzy_logic_dynamic_snr,2.969,0.9592
75,v1,v13,40.0,140.0,20.0,1.0,0.7,0.4,35.2306,True,fuzzy_logic_dynamic_snr,2.9692,0.9602
75,v1,v14,40.0,170.03,30.0,1.0,0.8501,0.6,34.9369,True,fuzzy_logic_dynamic_snr,2.9684,0.9592
75,v1,v5,40.0,200.0,30.0,1.0,1.0,0.6,34.7959,True,fuzzy_logic_dynamic_snr,2.9685,0.9592
75,v2,v6,20.0,30.0,30.0,0.6,0.15,0.6,16.4437,True,fuzzy_logic_dynamic_snr,2.9509,0.9543
75,v2,v1,20.0,110.04,40.0,0.6,0.5502,0.8,15.2179,True,fuzzy_logic_dynamic_snr,2.9453,0.9539
75,v3,v7,20.0,20.0,20.0,0.6,0.1,0.4,16.9208,True,fuzzy_logic_dynamic_snr,2.9539,0.9559
75,v3,v8,20.0,60.07,10.0,0.6,0.3004,0.2,16.1416,True,fuzzy_logic_dynamic_snr,2.9481,0.9553
75,v3,v4,20.0,100.04,20.0,0.6,0.5002,0.4,15.5225,True,fuzzy_logic_dynamic_snr,2.947,0.9547
75,v3,v11,20.0,170.0,20.0,0.6,0.85,0.4,15.062,True,fuzzy_logic_dynamic_snr,2.9445,0.9529
75,v4,v8,40.0,40.0,10.0,1.0,0.2,0.2,36.4949,False,fuzzy_logic_dynamic_snr,36.4601,1.0
75,v4,v11,40.0,70.06,0.0,1.0,0.3503,0.0,36.309,False,fuzzy_logic_dynamic_snr,36.2744,1.0
75,v4,v7,40.0,80.06,0.0,1.0,0.4003,0.0,36.1932,False,fuzzy_logic_dynamic_snr,36.1734,0.998
75,v4,v3,40.0,100.04,20.0,1.0,0.5002,0.4,35.5225,False,fuzzy_logic_dynamic_snr,35.4914,0.999
75,v4,v12,40.0,120.0,30.0,1.0,0.6,0.6,35.2396,True,fuzzy_logic_dynamic_snr,2.9691,0.9592
76,v1,v6,40.0,90.05,20.0,1.0,0.4502,0.4,35.6139,False,fuzzy_logic_dynamic_snr,35.5996,0.998
76,v1,v13,40.0,120.0,20.0,1.0,0.6,0.4,35.3645,False,fuzzy_logic_dynamic_snr,35.3335,1.0
76,v1,v14,40.0,140.03,0.0,1.0,0.7002,0.0,35.7075,False,fuzzy_logic_dynamic_snr,35.6898,1.0
76,v1,v2,40.0,150.03,0.0,1.0,0.7501,0.0,35.6476,False,fuzzy_logic_dynamic_snr,35.6255,0.998
76,v1,v5,40.0,170.0,0.0,1.0,0.85,0.0,35.5391,True,fuzzy_logic_dynamic_snr,2.969,0.9572
76,v2,v6,20.0,60.0,20.0,0.6,0.3,0.4,15.9666,True,fuzzy_logic_dynamic_snr,2.9473,0.9563
76,v2,v1,20.0,150.03,0.0,0.6,0.7501,0.0,15.6476,True,fuzzy_logic_dynamic_snr,2.9471,0.9592
76,v3,v7,20.0,0.0,10.0,0.6,0.0,0.2,21.699,False,fuzzy_logic_dynamic_snr,21.6729,0.998
76,v3,v8,20.0,50.09,40.0,0.6,0.2504,0.8,15.9015,True,fuzzy_logic_dynamic_snr,2.9502,0.9566
76,v3,v4,20.0,80.06,30.0,0.6,0.4003,0.6,15.5911,True,fuzzy_logic_dynamic_snr,2.9471,0.9617
76,v3,v11,20.0,150.0,40.0,0.6,0.75,0.8,14.9488,True,fuzzy_logic_dynamic_snr,2.9434,0.9607
76,v4,v8,40.0,30.0,10.0,1.0,0.15,0.2,36.7447,False,fuzzy_logic_dynamic_snr,36.7195,0.999
76,v4,v11,40.0,70.06,10.0,1.0,0.3503,0.2,36.008,False,fuzzy_logic_dynamic_snr,35.9672,0.998
76,v4,v3,40.0,80.06,30.0,1.0,0.4003,0.6,35.5911,False,fuzzy_logic_dynamic_snr,35.5716,1.0
76,v4,v7,40.0,80.06,20.0,1.0,0.4003,0.4,35.7161,False,fuzzy_logic_dynamic_snr,35.6928,0.998
76,v4,v12,40.0,150.0,10.0,1.0,0.75,0.2,35.3468,False,fuzzy_logic_dynamic_snr,35.3247,0.998
77,v1,v13,40.0,100.0,0.0,1.0,0.5,0.0,36.0,False,fuzzy_logic_dynamic_snr,35.97,1.0
77,v1,v6,40.0,110.04,10.0,1.0,0.5502,0.2,35.6159,False,fuzzy_logic_dynamic_snr,35.5751,1.0
77,v1,v14,40.0,140.03,20.0,1.0,0.7002,0.4,35.2304,True,fuzzy_logic_dynamic_snr,2.9686,0.9582
77,v1,v2,40.0,150.03,0.0,1.0,0.7501,0.0,35.6476,False,fuzzy_logic_dynamic_snr,35.6191,1.0
77,v1,v5,40.0,170.0,20.0,1.0,0.85,0.4,35.062,True,fuzzy_logic_dynamic_snr,2.9687,0.9602
77,v2,v6,20.0,40.0,10.0,0.6,0.2,0.2,16.4949,False,fuzzy_logic_dynamic_snr,16.4526,0.9951
77,v2,v1,20.0,150.03,0.0,0.6,0.7501,0.0,15.6476,True,fuzzy_logic_dynamic_snr,2.9492,0.9563
77,v3,v7,20.0,10.0,10.0,0.6,0.05,0.2,17.699,False,fuzzy_logic_dynamic_snr,17.6819,0.998
77,v3,v8,20.0,10.44,30.0,0.6,0.0522,0.6,17.3605,True,fuzzy_logic_dynamic_snr,2.9545,0.9578
77,v3,v4,20.0,50.09,40.0,0.6,0.2504,0.8,15.9015,True,fuzzy_logic_dynamic_snr,2.9495,0.9592
77,v3,v11,20.0,110.0,20.0,0.6,0.55,0.4,15.4401,True,fuzzy_logic_dynamic_snr,2.9476,0.9514
77,v3,v12,20.0,190.02,40.0,0.6,0.9501,0.8,14.7434,True,fuzzy_logic_dynamic_snr,2.9424,0.9611
77,v4,v8,40.0,40.0,10.0,1.0,0.2,0.2,36.4949,False,fuzzy_logic_dynamic_snr,36.4649,0.999
77,v4,v3,40.0,50.09,40.0,1.0,0.2504,0.8,35.9015,True,fuzzy_logic_dynamic_snr,2.969,0.9582
77,v4,v7,40.0,60.07,30.0,1.0,0.3004,0.6,35.8406,False,fuzzy_logic_dynamic_snr,35.8104,1.0
77,v4,v11,40.0,60.07,20.0,1.0,0.3004,0.4,35.9655,False,fuzzy_logic_dynamic_snr,35.9403,0.998
77,v4,v12,40.0,140.0,0.0,1.0,0.7,0.0,35.7077,False,fuzzy_logic_dynamic_snr,35.6781,0.998
78,v1,v13,40.0,100.0,30.0,1.0,0.5,0.6,35.3979,True,fuzzy_logic_dynamic_snr,2.9691,0.9592
78,v1,v6,40.0,100.04,40.0,1.0,0.5002,0.8,35.3006,True,fuzzy_logic_dynamic_snr,2.9688,0.9582
78,v1,v5,40.0,150.0,20.0,1.0,0.75,0.4,35.1707,True,fuzzy_logic_dynamic_snr,2.9692,0.9592
78,v1,v2,40.0,150.03,0.0,1.0,0.7501,0.0,35.6476,False,fuzzy_logic_dynamic_snr,35.6181,0.999
78,v1,v14,40.0,160.03,30.0,1.0,0.8001,0.6,34.9895,True,fuzzy_logic_dynamic_snr,2.9687,0.9592
78,v2,v6,20.0,50.0,40.0,0.6,0.25,0.8,15.9031,True,fuzzy_logic_dynamic_snr,2.9491,0.9553
78,v2,v1,20.0,150.03,0.0,0.6,0.7501,0.0,15.6476,True,fuzzy_logic_dynamic_snr,2.9478,0.9559
78,v3,v4,20.0,10.44,40.0,0.6,0.0522,0.8,17.2636,True,fuzzy_logic_dynamic_snr,2.9515,0.9572
78,v3,v7,20.0,20.0,10.0,0.6,0.1,0.2,17.0969,False,fuzzy_logic_dynamic_snr,17.0622,0.998
78,v3,v8,20.0,20.22,20.0,0.6,0.1011,0.4,16.9112,True,fuzzy_logic_dynamic_snr,2.9524,0.9592
78,v3,v11,20.0,90.0,20.0,0.6,0.45,0.4,15.6144,True,fuzzy_logic_dynamic_snr,2.9459,0.9611
78,v3,v12,20.0,150.03,0.0,0.6,0.7501,0.0,15.6476,True,fuzzy_logic_dynamic_snr,2.9468,0.9627
78,v4,v3,40.0,10.44,40.0,1.0,0.0522,0.8,37.2636,True,fuzzy_logic_dynamic_snr,2.9685,0.9602
78,v4,v8,40.0,30.0,20.0,1.0,0.15,0.4,36.5686,False,fuzzy_logic_dynamic_snr,36.5319,0.999
78,v4,v7,40.0,30.15,30.0,1.0,0.1507,0.6,36.4394,False,fuzzy_logic_dynamic_snr,36.423,0.999
78,v4,v11,40.0,80.06,20.0,1.0,0.4003,0.4,35.7161,False,fuzzy_logic_dynamic_snr,35.6899,1.0
78,v4,v12,40.0,140.0,40.0,1.0,0.7,0.8,35.0088,True,fuzzy_logic_dynamic_snr,2.9685,0.9563
79,v1,v6,40.0,60.07,20.0,1.0,0.3004,0.4,35.9655,False,fuzzy_logic_dynamic_snr,35.9348,1.0
79,v1,v13,40.0,130.0,40.0,1.0,0.65,0.8,35.0731,True,fuzzy_logic_dynamic_snr,2.9689,0.9592
79,v1,v2,40.0,150.03,30.0,1.0,0.7501,0.6,35.0456,True,fuzzy_logic_dynamic_snr,2.9693,0.9582
79,v1,v5,40.0,170.0,10.0,1.0,0.85,0.2,35.2381,True,fuzzy_logic_dynamic_snr,2.9688,0.9602
79,v1,v14,40.0,190.02,40.0,1.0,0.9501,0.8,34.7434,True,fuzzy_logic_dynamic_snr,2.9686,0.9582
79,v2,v6,20.0,90.0,10.0,0.6,0.45,0.2,15.7905,True,fuzzy_logic_dynamic_snr,2.9478,0.9572
79,v2,v1,20.0,150.03,30.0,0.6,0.7501,0.6,15.0456,True,fuzzy_logic_dynamic_snr,2.9462,0.9504
79,v3,v7,20.0,30.0,20.0,0.6,0.15,0.4,16.5686,True,fuzzy_logic_dynamic_snr,2.9524,0.9627
79,v3,v4,20.0,30.15,0.0,0.6,0.1507,0.0,17.0414,False,fuzzy_logic_dynamic_snr,17.0102,0.9971
79,v3,v8,20.0,40.11,10.0,0.6,0.2006,0.2,16.4924,False,fuzzy_logic_dynamic_snr,16.4603,0.998
79,v3,v11,20.0,70.0,10.0,0.6,0.35,0.2,16.0088,True,fuzzy_logic_dynamic_snr,2.9488,0.9563
79,v3,v15,20.0,140.0,20.0,0.6,0.7,0.4,15.2306,True,fuzzy_logic_dynamic_snr,2.9454,0.9617
79,v4,v7,40.0,3.0,20.0,1.0,0.015,0.4,38.5686,False,fuzzy_logic_dynamic_snr,38.5541,1.0
79,v4,v8,40.0,10.0,10.0,1.0,0.05,0.2,37.699,False,fuzzy_logic_dynamic_snr,37.6633,1.0
79,v4,v3,40.0,30.15,0.0,1.0,0.1507,0.0,37.0414,False,fuzzy_logic_dynamic_snr,37.0208,0.998
79,v4,v11,40.0,100.04,10.0,1.0,0.5002,0.2,35.6986,False,fuzzy_logic_dynamic_snr,35.6682,0.998
79,v4,v15,40.0,170.03,20.0,1.0,0.8501,0.4,35.0618,True,fuzzy_logic_dynamic_snr,2.9687,0.9592
80,v1,v6,40.0,40.11,0.0,1.0,0.2006,0.0,36.7934,False,fuzzy_logic_dynamic_snr,36.7675,1.0
80,v1,v2,40.0,120.04,0.0,1.0,0.6002,0.0,35.8414,False,fuzzy_logic_dynamic_snr,35.8093,0.999
80,v1,v13,40.0,170.0,30.0,1.0,0.85,0.6,34.937,True,fuzzy_logic_dynamic_snr,2.9688,0.9592
80,v1,v5,40.0,180.0,0.0,1.0,0.9,0.0,35.4895,True,fuzzy_logic_dynamic_snr,2.9693,0.9592
80,v2,v6,20.0,80.0,0.0,0.6,0.4,0.0,16.1938,True,fuzzy_logic_dynamic_snr,2.9496,0.9602
80,v2,v1,20.0,120.04,0.0,0.6,0.6002,0.0,15.8414,True,fuzzy_logic_dynamic_snr,2.9485,0.9588
80,v3,v7,20.0,10.0,10.0,0.6,0.05,0.2,17.699,False,fuzzy_logic_dynamic_snr,17.6734,0.999
80,v3,v4,20.0,30.15,10.0,0.6,0.1507,0.2,16.7404,False,fuzzy_logic_dynamic_snr,16.7066,0.999
80,v3,v8,20.0,30.15,20.0,0.6,0.1507,0.4,16.5643,True,fuzzy_logic_dynamic_snr,2.9516,0.9611
80,v3,v11,20.0,60.0,10.0,0.6,0.3,0.2,16.1427,True,fuzzy_logic_dynamic_snr,2.9497,0.9568
80,v3,v12,20.0,140.03,0.0,0.6,0.7002,0.0,15.7075,True,fuzzy_logic_dynamic_snr,2.9489,0.9578
80,v4,v8,40.0,0.0,30.0,1.0,0.0,0.6,40.0,False,fuzzy_logic_dynamic_snr,39.9797,1.0
80,v4,v7,40.0,20.22,20.0,1.0,0.1011,0.4,36.9112,False,fuzzy_logic_dynamic_snr,36.8804,0.999
80,v4,v3,40.0,30.15,10.0,1.0,0.1507,0.2,36.7404,False,fuzzy_logic_dynamic_snr,36.7188,1.0
80,v4,v11,40.0,90.05,20.0,1.0,0.4502,0.4,35.6139,False,fuzzy_logic_dynamic_snr,35.5904,0.998
80,v4,v12,40.0,170.0,10.0,1.0,0.85,0.2,35.2381,True,fuzzy_logic_dynamic_snr,2.969,0.9582
81,v1,v6,40.0,40.11,10.0,1.0,0.2006,0.2,36.4924,False,fuzzy_logic_dynamic_snr,36.4591,1.0
81,v1,v2,40.0,120.04,10.0,1.0,0.6002,0.2,35.5403,False,fuzzy_logic_dynamic_snr,35.5045,1.0
81,v1,v5,40.0,180.0,20.0,1.0,0.9,0.4,35.0123,True,fuzzy_logic_dynamic_snr,2.9687,0.9602
81,v1,v13,40.0,200.0,30.0,1.0,1.0,0.6,34.7959,True,fuzzy_logic_dynamic_snr,2.969,0.9592
81,v2,v6,20.0,80.0,20.0,0.6,0.4,0.4,15.7167,True,fuzzy_logic_dynamic_snr,2.9453,0.9627
81,v2,v1,20.0,120.04,10.0,0.6,0.6002,0.2,15.5403,True,fuzzy_logic_dynamic_snr,2.947,0.9529
81,v2,v4,20.0,190.09,60.0,0.6,0.9505,1.2,14.597,True,fuzzy_logic_dynamic_snr,2.9401,0.9578
81,v3,v7,20.0,0.0,10.0,0.6,0.0,0.2,21.699,False,fuzzy_logic_dynamic_snr,21.6795,0.9971
81,v3,v8,20.0,10.44,10.0,0.6,0.0522,0.2,17.6615,False,fuzzy_logic_dynamic_snr,17.637,0.9961
81,v3,v4,20.0,40.11,0.0,0.6,0.2006,0.0,16.7934,False,fuzzy_logic_dynamic_snr,16.7673,0.9951
81,v3,v11,20.0,70.0,20.0,0.6,0.35,0.4,15.8327,True,fuzzy_logic_dynamic_snr,2.9464,0.9523
81,v3,v12,20.0,140.03,0.0,0.6,0.7002,0.0,15.7075,True,fuzzy_logic_dynamic_snr,2.9466,0.9543
81,v4,v8,40.0,30.0,10.0,1.0,0.15,0.2,36.7447,False,fuzzy_logic_dynamic_snr,36.7186,1.0
81,v4,v3,40.0,40.11,0.0,1.0,0.2006,0.0,36.7934,False,fuzzy_logic_dynamic_snr,36.7679,0.999
81,v4,v7,40.0,40.11,10.0,1.0,0.2006,0.2,36.4924,False,fuzzy_logic_dynamic_snr,36.4792,0.999
81,v4,v11,40.0,110.04,20.0,1.0,0.5502,0.4,35.4398,False,fuzzy_logic_dynamic_snr,35.4121,0.998
81,v4,v12,40.0,180.0,0.0,1.0,0.9,0.0,35.4895,True,fuzzy_logic_dynamic_snr,2.9691,0.9602
82,v1,v6,40.0,30.15,40.0,1.0,0.1507,0.8,36.3425,True,fuzzy_logic_dynamic_snr,2.9692,0.9582
82,v1,v2,40.0,130.03,0.0,1.0,0.6502,0.0,35.7719,False,fuzzy_logic_dynamic_snr,35.7443,0.998
82,v1,v5,40.0,200.0,10.0,1.0,1.0,0.2,35.0969,True,fuzzy_logic_dynamic_snr,2.9688,0.9592
82,v2,v6,20.0,100.0,40.0,0.6,0.5,0.8,15.301,True,fuzzy_logic_dynamic_snr,2.9476,0.9563
82,v2,v1,20.0,130.03,0.0,0.6,0.6502,0.0,15.7719,True,fuzzy_logic_dynamic_snr,2.9483,0.9588
82,v2,v4,20.0,130.14,60.0,0.6,0.6507,1.2,14.9261,True,fuzzy_logic_dynamic_snr,2.9437,0.9543
82,v2,v8,20.0,150.12,60.0,0.6,0.7506,1.2,14.802,True,fuzzy_logic_dynamic_snr,2.9416,0.9568
82,v2,v7,20.0,160.03,90.0,0.6,0.8001,1.8,14.5916,True,fuzzy_logic_dynamic_snr,2.9455,0.9588
82,v3,v7,20.0,10.0,10.0,0.6,0.05,0.2,17.699,False,fuzzy_logic_dynamic_snr,17.6708,0.9971
82,v3,v8,20.0,20.22,20.0,0.6,0.1011,0.4,16.9112,True,fuzzy_logic_dynamic_snr,2.953,0.9563
82,v3,v4,20.0,40.11,20.0,0.6,0.2006,0.4,16.3163,True,fuzzy_logic_dynamic_snr,2.9516,0.9617
82,v3,v11,20.0,50.0,0.0,0.6,0.25,0.0,16.6021,False,fuzzy_logic_dynamic_snr,16.5726,0.9951
82,v3,v15,20.0,120.0,10.0,0.6,0.6,0.2,15.5406,True,fuzzy_logic_dynamic_snr,2.9456,0.9533
82,v4,v8,40.0,20.0,0.0,1.0,0.1,0.0,37.3979,False,fuzzy_logic_dynamic_snr,37.3809,1.0
82,v4,v7,40.0,30.15,30.0,1.0,0.1507,0.6,36.4394,False,fuzzy_logic_dynamic_snr,36.42,1.0
82,v4,v3,40.0,40.11,20.0,1.0,0.2006,0.4,36.3163,False,fuzzy_logic_dynamic_snr,36.2921,0.999
82,v4,v11,40.0,90.05,20.0,1.0,0.4502,0.4,35.6139,False,fuzzy_logic_dynamic_snr,35.5962,0.999
82,v4,v2,40.0,130.14,60.0,1.0,0.6507,1.2,34.9261,True,fuzzy_logic_dynamic_snr,2.9693,0.9592
83,v1,v6,40.0,10.44,20.0,1.0,0.0522,0.4,37.4855,False,fuzzy_logic_dynamic_snr,37.4613,0.999
83,v1,v2,40.0,130.03,10.0,1.0,0.6502,0.2,35.4709,False,fuzzy_logic_dynamic_snr,35.4641,1.0
83,v2,v7,20.0,70.06,60.0,0.6,0.3503,1.2,15.4639,True,fuzzy_logic_dynamic_snr,2.9472,0.9568
83,v2,v4,20.0,70.26,60.0,0.6,0.3513,1.2,15.4615,True,fuzzy_logic_dynamic_snr,2.9464,0.9574
83,v2,v3,20.0,90.05,70.0,0.6,0.4502,1.4,15.1879,True,fuzzy_logic_dynamic_snr,2.9446,0.9582
83,v2,v8,20.0,90.2,30.0,0.6,0.451,0.6,15.4875,True,fuzzy_logic_dynamic_snr,2.9473,0.9641
83,v2,v1,20.0,130.03,10.0,0.6,0.6502,0.2,15.4709,True,fuzzy_logic_dynamic_snr,2.9479,0.9627
83,v3,v8,20.0,3.0,40.0,0.6,0.015,0.8,18.3468,True,fuzzy_logic_dynamic_snr,2.9588,0.9621
83,v3,v7,20.0,20.0,10.0,0.6,0.1,0.2,17.0969,False,fuzzy_logic_dynamic_snr,17.0675,0.998
83,v3,v4,20.0,20.22,10.0,0.6,0.1011,0.2,17.0872,False,fuzzy_logic_dynamic_snr,17.0662,0.9971
83,v3,v11,20.0,50.0,0.0,0.6,0.25,0.0,16.6021,False,fuzzy_logic_dynamic_snr,16.5775,0.9971
83,v3,v2,20.0,90.05,70.0,0.6,0.4502,1.4,15.1879,True,fuzzy_logic_dynamic_snr,2.9455,0.9572
83,v4,v7,40.0,3.0,0.0,1.0,0.015,0.0,39.0458,False,fuzzy_logic_dynamic_snr,39.022,0.999
83,v4,v8,40.0,20.0,30.0,1.0,0.1,0.6,36.7959,False,fuzzy_logic_dynamic_snr,36.7728,0.998
83,v4,v3,40.0,20.22,10.0,1.0,0.1011,0.2,37.0872,False,fuzzy_logic_dynamic_snr,37.0557,0.999
83,v4,v11,40.0,70.06,10.0,1.0,0.3503,0.2,36.008,False,fuzzy_logic_dynamic_snr,35.9852,1.0
83,v4,v2,40.0,70.26,60.0,1.0,0.3513,1.2,35.4615,True,fuzzy_logic_dynamic_snr,2.9685,0.9582
84,v1,v6,40.0,30.15,10.0,1.0,0.1507,0.2,36.7404,False,fuzzy_logic_dynamic_snr,36.7066,0.999
84,v1,v2,40.0,120.04,40.0,1.0,0.6002,0.8,35.1424,True,fuzzy_logic_dynamic_snr,2.969,0.9572
84,v1,v7,40.0,130.14,40.0,1.0,0.6507,0.8,35.0722,True,fuzzy_logic_dynamic_snr,2.969,0.9592
84,v1,v4,40.0,130.31,60.0,1.0,0.6516,1.2,34.9249,True,fuzzy_logic_dynamic_snr,2.9686,0.9592
84,v1,v3,40.0,140.13,20.0,1.0,0.7006,0.4,35.2298,True,fuzzy_logic_dynamic_snr,2.9682,0.9582
84,v2,v7,20.0,10.44,80.0,0.6,0.0522,1.6,17.0083,True,fuzzy_logic_dynamic_snr,2.9531,0.9621
84,v2,v4,20.0,11.66,100.0,0.6,0.0583,2.0,16.8251,True,fuzzy_logic_dynamic_snr,2.9532,0.9533
84,v2,v3,20.0,20.22,60.0,0.6,0.1011,1.2,16.5432,True,fuzzy_logic_dynamic_snr,2.9512,0.9582
84,v2,v8,20.0,60.3,80.0,0.6,0.3015,1.6,15.4851,True,fuzzy_logic_dynamic_snr,2.9468,0.9582
84,v2,v11,20.0,70.06,60.0,0.6,0.3503,1.2,15.4639,True,fuzzy_logic_dynamic_snr,2.9475,0.9572
84,v3,v7,20.0,10.0,20.0,0.6,0.05,0.4,17.5229,True,fuzzy_logic_dynamic_snr,2.9542,0.9543
84,v3,v4,20.0,10.44,40.0,0.6,0.0522,0.8,17.2636,True,fuzzy_logic_dynamic_snr,2.9555,0.9563
84,v3,v2,20.0,20.22,60.0,0.6,0.1011,1.2,16.5432,True,fuzzy_logic_dynamic_snr,2.9519,0.9588
84,v3,v8,20.0,40.11,20.0,0.6,0.2006,0.4,16.3163,True,fuzzy_logic_dynamic_snr,2.9492,0.9592
84,v3,v11,20.0,50.0,0.0,0.6,0.25,0.0,16.6021,False,fuzzy_logic_dynamic_snr,16.5812,0.998
84,v4,v7,40.0,3.0,20.0,1.0,0.015,0.4,38.5686,False,fuzzy_logic_dynamic_snr,38.5387,1.0
84,v4,v3,40.0,10.44,40.0,1.0,0.0522,0.8,37.2636,True,fuzzy_logic_dynamic_snr,2.9692,0.9592
84,v4,v2,40.0,11.66,100.0,1.0,0.0583,2.0,36.8251,True,fuzzy_logic_dynamic_snr,2.9687,0.9582
84,v4,v8,40.0,50.0,20.0,1.0,0.25,0.4,36.1249,False,fuzzy_logic_dynamic_snr,36.1026,0.998
84,v4,v11,40.0,60.07,40.0,1.0,0.3004,0.8,35.7436,True,fuzzy_logic_dynamic_snr,2.9685,0.9592
85,v1,v6,40.0,20.22,10.0,1.0,0.1011,0.2,37.0872,False,fuzzy_logic_dynamic_snr,37.064,0.999
85,v1,v4,40.0,70.58,80.0,1.0,0.3529,1.6,35.3484,True,fuzzy_logic_dynamic_snr,2.9691,0.9582
85,v1,v7,40.0,90.2,70.0,1.0,0.451,1.4,35.1865,True,fuzzy_logic_dynamic_snr,2.9687,0.9592
85,v1,v3,40.0,120.15,90.0,1.0,0.6007,1.8,34.8406,True,fuzzy_logic_dynamic_snr,2.969,0.9592
85,v1,v8,40.0,140.29,70.0,1.0,0.7014,1.4,34.8029,True,fuzzy_logic_dynamic_snr,2.9689,0.9582
85,v2,v11,20.0,10.44,60.0,0.6,0.0522,1.2,17.1175,True,fuzzy_logic_dynamic_snr,2.9541,0.9584
85,v2,v8,20.0,20.88,80.0,0.6,0.1044,1.6,16.4063,True,fuzzy_logic_dynamic_snr,2.9508,0.9568
85,v2,v3,20.0,40.11,100.0,0.6,0.2006,2.0,15.7521,True,fuzzy_logic_dynamic_snr,2.9497,0.9563
85,v2,v7,20.0,70.06,80.0,0.6,0.3503,1.6,15.3548,True,fuzzy_logic_dynamic_snr,2.9437,0.9607
85,v2,v15,20.0,70.06,80.0,0.6,0.3503,1.6,15.3548,True,fuzzy_logic_dynamic_snr,2.9465,0.9549
85,v3,v8,20.0,20.22,20.0,0.6,0.1011,0.4,16.9112,True,fuzzy_logic_dynamic_snr,2.9531,0.9553
85,v3,v7,20.0,30.0,20.0,0.6,0.15,0.4,16.5686,True,fuzzy_logic_dynamic_snr,2.9528,0.9533
85,v3,v2,20.0,40.11,100.0,0.6,0.2006,2.0,15.7521,True,fuzzy_logic_dynamic_snr,2.9484,0.9572
85,v3,v11,20.0,50.0,40.0,0.6,0.25,0.8,15.9031,True,fuzzy_logic_dynamic_snr,2.9515,0.9539
85,v3,v4,20.0,50.09,10.0,0.6,0.2504,0.2,16.2995,False,fuzzy_logic_dynamic_snr,16.2801,0.998
85,v4,v7,40.0,20.22,10.0,1.0,0.1011,0.2,37.0872,False,fuzzy_logic_dynamic_snr,37.065,1.0
85,v4,v3,40.0,50.09,10.0,1.0,0.2504,0.2,36.2995,False,fuzzy_logic_dynamic_snr,36.274,0.999
85,v4,v8,40.0,70.0,10.0,1.0,0.35,0.2,36.0088,False,fuzzy_logic_dynamic_snr,35.9803,0.998
85,v4,v1,40.0,70.58,80.0,1.0,0.3529,1.6,35.3484,True,fuzzy_logic_dynamic_snr,2.9687,0.9592
85,v4,v2,40.0,90.2,90.0,1.0,0.451,1.8,35.0896,True,fuzzy_logic_dynamic_snr,2.9687,0.9592
86,v1,v6,40.0,10.44,0.0,1.0,0.0522,0.0,37.9626,False,fuzzy_logic_dynamic_snr,37.9298,1.0
86,v1,v4,40.0,13.45,40.0,1.0,0.0673,0.8,37.0434,True,fuzzy_logic_dynamic_snr,2.9684,0.9602
86,v1,v7,40.0,20.88,60.0,1.0,0.1044,1.2,36.5154,True,fuzzy_logic_dynamic_snr,2.9686,0.9582
86,v1,v3,40.0,30.59,70.0,1.0,0.153,1.4,36.1256,True,fuzzy_logic_dynamic_snr,2.9684,0.9582
86,v1,v8,40.0,70.58,40.0,1.0,0.3529,0.8,35.6037,True,fuzzy_logic_dynamic_snr,2.9686,0.9592
86,v2,v15,20.0,10.44,90.0,0.6,0.0522,1.8,16.9626,True,fuzzy_logic_dynamic_snr,2.9538,0.9592
86,v2,v12,20.0,11.66,90.0,0.6,0.0583,1.8,16.8665,True,fuzzy_logic_dynamic_snr,2.9537,0.9602
86,v2,v11,20.0,50.09,90.0,0.6,0.2504,1.8,15.6005,True,fuzzy_logic_dynamic_snr,2.9471,0.9592
86,v2,v16,20.0,90.2,90.0,0.6,0.451,1.8,15.0896,True,fuzzy_logic_dynamic_snr,2.9443,0.9557
86,v2,v8,20.0,100.18,50.0,0.6,0.5009,1.0,15.2203,True,fuzzy_logic_dynamic_snr,2.9444,0.9523
86,v3,v7,20.0,10.0,10.0,0.6,0.05,0.2,17.699,False,fuzzy_logic_dynamic_snr,17.673,0.9971
86,v3,v1,20.0,30.59,70.0,0.6,0.153,1.4,16.1256,True,fuzzy_logic_dynamic_snr,2.9489,0.9592
86,v3,v4,20.0,40.11,30.0,0.6,0.2006,0.6,16.1914,True,fuzzy_logic_dynamic_snr,2.9488,0.9582
86,v3,v6,20.0,40.11,70.0,0.6,0.2006,1.4,15.8904,True,fuzzy_logic_dynamic_snr,2.949,0.9543
86,v3,v8,20.0,40.11,30.0,0.6,0.2006,0.6,16.1914,True,fuzzy_logic_dynamic_snr,2.9488,0.9617
86,v4,v6,40.0,6.0,40.0,1.0,0.03,0.8,37.7447,True,fuzzy_logic_dynamic_snr,2.9688,0.9602
86,v4,v1,40.0,13.45,40.0,1.0,0.0673,0.8,37.0434,True,fuzzy_logic_dynamic_snr,2.9682,0.9582
86,v4,v7,40.0,30.15,20.0,1.0,0.1507,0.4,36.5643,False,fuzzy_logic_dynamic_snr,36.5453,1.0
86,v4,v3,40.0,40.11,30.0,1.0,0.2006,0.6,36.1914,False,fuzzy_logic_dynamic_snr,36.1669,0.9971
86,v4,v8,40.0,80.0,0.0,1.0,0.4,0.0,36.1938,False,fuzzy_logic_dynamic_snr,36.1554,1.0
87,v1,v6,40.0,10.44,20.0,1.0,0.0522,0.4,37.4855,False,fuzzy_logic_dynamic_snr,37.4657,1.0
87,v1,v8,40.0,31.32,40.0,1.0,0.1566,0.8,36.3094,True,fuzzy_logic_dynamic_snr,2.9687,0.9592
87,v1,v3,40.0,40.45,70.0,1.0,0.2022,1.4,35.8831,True,fuzzy_logic_dynamic_snr,2.969,0.9602
87,v1,v7,40.0,40.45,70.0,1.0,0.2022,1.4,35.8831,True,fuzzy_logic_dynamic_snr,2.9693,0.9592
87,v1,v11,40.0,40.45,80.0,1.0,0.2022,1.6,35.832,True,fuzzy_logic_dynamic_snr,2.969,0.9592
87,v2,v16,20.0,6.0,90.0,0.6,0.03,1.8,17.4437,True,fuzzy_logic_dynamic_snr,2.9559,0.9627
87,v2,v15,20.0,100.04,90.0,0.6,0.5002,1.8,14.9996,True,fuzzy_logic_dynamic_snr,2.9445,0.9559
87,v2,v19,20.0,100.04,100.0,0.6,0.5002,2.0,14.9582,True,fuzzy_logic_dynamic_snr,2.9447,0.9563
87,v2,v12,20.0,100.18,70.0,0.6,0.5009,1.4,15.0953,True,fuzzy_logic_dynamic_snr,2.9443,0.9563
87,v2,v11,20.0,140.03,100.0,0.6,0.7002,2.0,14.6662,True,fuzzy_logic_dynamic_snr,2.9437,0.9588
87,v3,v7,20.0,0.0,0.0,0.6,0.0,0.0,22.0,False,fuzzy_logic_dynamic_snr,21.9738,0.9961
87,v3,v4,20.0,10.44,10.0,0.6,0.0522,0.2,17.6615,False,fuzzy_logic_dynamic_snr,17.6427,0.9971
87,v3,v6,20.0,30.15,50.0,0.6,0.1507,1.0,16.2633,True,fuzzy_logic_dynamic_snr,2.9503,0.9563
87,v3,v1,20.0,40.45,70.0,0.6,0.2022,1.4,15.8831,True,fuzzy_logic_dynamic_snr,2.9491,0.9563
87,v3,v8,20.0,70.06,30.0,0.6,0.3503,0.6,15.7069,True,fuzzy_logic_dynamic_snr,2.9482,0.9578
87,v4,v3,40.0,10.44,10.0,1.0,0.0522,0.2,37.6615,False,fuzzy_logic_dynamic_snr,37.6286,1.0
87,v4,v7,40.0,10.44,10.0,1.0,0.0522,0.2,37.6615,False,fuzzy_logic_dynamic_snr,37.6417,1.0
87,v4,v6,40.0,40.45,60.0,1.0,0.2022,1.2,35.9411,True,fuzzy_logic_dynamic_snr,2.9692,0.9582
87,v4,v1,40.0,50.8,80.0,1.0,0.254,1.6,35.634,True,fuzzy_logic_dynamic_snr,2.9693,0.9592
87,v4,v8,40.0,80.0,40.0,1.0,0.4,0.8,35.4949,True,fuzzy_logic_dynamic_snr,2.9689,0.9572
88,v1,v15,40.0,11.66,60.0,1.0,0.0583,1.2,37.0214,True,fuzzy_logic_dynamic_snr,2.969,0.9602
88,v1,v8,40.0,13.45,40.0,1.0,0.0673,0.8,37.0434,True,fuzzy_logic_dynamic_snr,2.9687,0.9592
88,v1,v6,40.0,30.15,0.0,1.0,0.1507,0.0,37.0414,False,fuzzy_logic_dynamic_snr,37.0198,1.0
88,v1,v12,40.0,31.32,40.0,1.0,0.1566,0.8,36.3094,True,fuzzy_logic_dynamic_snr,2.969,0.9582
88,v1,v11,40.0,40.45,60.0,1.0,0.2022,1.2,35.9411,True,fuzzy_logic_dynamic_snr,2.9684,0.9592
88,v2,v19,20.0,3.0,60.0,0.6,0.015,1.2,18.2007,True,fuzzy_logic_dynamic_snr,2.9566,0.9611
88,v2,v16,20.0,90.2,60.0,0.6,0.451,1.2,15.2445,True,fuzzy_logic_dynamic_snr,2.9455,0.9582
88,v2,v12,20.0,170.11,40.0,0.6,0.8505,0.8,14.8396,True,fuzzy_logic_dynamic_snr,2.9424,0.9602
88,v2,v15,20.0,190.02,60.0,0.6,0.9501,1.2,14.5973,True,fuzzy_logic_dynamic_snr,2.9417,0.9572
88,v3,v7,20.0,0.0,20.0,0.6,0.0,0.4,21.5229,True,fuzzy_logic_dynamic_snr,2.9637,0.9578
88,v3,v4,20.0,20.22,10.0,0.6,0.1011,0.2,17.0872,False,fuzzy_logic_dynamic_snr,17.0586,0.998
88,v3,v11,20.0,70.0,0.0,0.6,0.35,0.0,16.3098,True,fuzzy_logic_dynamic_snr,2.9501,0.9578
88,v3,v6,20.0,80.06,60.0,0.6,0.4003,1.2,15.3481,True,fuzzy_logic_dynamic_snr,2.9473,0.9607
88,v3,v5,20.0,80.22,70.0,0.6,0.4011,1.4,15.2883,True,fuzzy_logic_dynamic_snr,2.9448,0.9543
88,v4,v3,40.0,20.22,10.0,1.0,0.1011,0.2,37.0872,False,fuzzy_logic_dynamic_snr,37.0714,0.999
88,v4,v7,40.0,20.22,10.0,1.0,0.1011,0.2,37.0872,False,fuzzy_logic_dynamic_snr,37.057,1.0
88,v4,v5,40.0,60.67,80.0,1.0,0.3034,1.6,35.4798,True,fuzzy_logic_dynamic_snr,2.9689,0.9582
88,v4,v13,40.0,80.5,90.0,1.0,0.4025,1.8,35.1884,True,fuzzy_logic_dynamic_snr,2.9687,0.9602
88,v4,v11,40.0,90.05,10.0,1.0,0.4502,0.2,35.79,False,fuzzy_logic_dynamic_snr,35.7737,1.0
89,v1,v12,40.0,13.45,80.0,1.0,0.0673,1.6,36.7881,True,fuzzy_logic_dynamic_snr,2.9685,0.9592
89,v1,v6,40.0,30.15,30.0,1.0,0.1507,0.6,36.4394,False,fuzzy_logic_dynamic_snr,36.4116,0.998
89,v1,v15,40.0,50.36,60.0,1.0,0.2518,1.2,35.7508,True,fuzzy_logic_dynamic_snr,2.9685,0.9592
89,v1,v8,40.0,50.8,60.0,1.0,0.254,1.2,35.7431,True,fuzzy_logic_dynamic_snr,2.969,0.9582
89,v1,v16,40.0,50.8,90.0,1.0,0.254,1.8,35.5882,True,fuzzy_logic_dynamic_snr,2.9687,0.9592
89,v2,v19,20.0,60.07,30.0,0.6,0.3004,0.6,15.8406,True,fuzzy_logic_dynamic_snr,2.9495,0.9607
89,v2,v16,20.0,150.12,60.0,0.6,0.7506,1.2,14.802,True,fuzzy_logic_dynamic_snr,2.9442,0.9549
89,v3,v5,20.0,11.66,70.0,0.6,0.0583,1.4,16.9634,True,fuzzy_logic_dynamic_snr,2.952,0.9563
89,v3,v7,20.0,20.0,20.0,0.6,0.1,0.4,16.9208,True,fuzzy_logic_dynamic_snr,2.9529,0.9588
89,v3,v13,20.0,20.88,50.0,0.6,0.1044,1.0,16.5824,True,fuzzy_logic_dynamic_snr,2.9506,0.9578
89,v3,v4,20.0,30.15,0.0,0.6,0.1507,0.0,17.0414,False,fuzzy_logic_dynamic_snr,17.0077,0.9961
89,v3,v11,20.0,70.0,10.0,0.6,0.35,0.2,16.0088,True,fuzzy_logic_dynamic_snr,2.9484,0.9578
89,v4,v7,40.0,10.44,20.0,1.0,0.0522,0.4,37.4855,False,fuzzy_logic_dynamic_snr,37.464,1.0
89,v4,v13,40.0,13.45,50.0,1.0,0.0673,1.0,36.9642,True,fuzzy_logic_dynamic_snr,2.9694,0.9582
89,v4,v5,40.0,21.93,70.0,1.0,0.1097,1.4,36.4148,True,fuzzy_logic_dynamic_snr,2.9691,0.9592
89,v4,v3,40.0,30.15,0.0,1.0,0.1507,0.0,37.0414,False,fuzzy_logic_dynamic_snr,37.0047,1.0
89,v4,v14,40.0,50.36,80.0,1.0,0.2518,1.6,35.6416,True,fuzzy_logic_dynamic_snr,2.969,0.9582
90,v1,v16,40.0,41.0,40.0,1.0,0.205,0.8,36.0755,True,fuzzy_logic_dynamic_snr,2.9684,0.9582
90,v1,v6,40.0,60.07,10.0,1.0,0.3004,0.2,36.1416,False,fuzzy_logic_dynamic_snr,36.1106,0.999
90,v1,v19,40.0,80.22,50.0,1.0,0.4011,1.0,35.4132,True,fuzzy_logic_dynamic_snr,2.969,0.9592
90,v1,v12,40.0,90.45,40.0,1.0,0.4522,0.8,35.3882,True,fuzzy_logic_dynamic_snr,2.9688,0.9592
90,v1,v15,40.0,110.16,80.0,1.0,0.5508,1.6,34.9617,True,fuzzy_logic_dynamic_snr,2.9691,0.9582
90,v2,v19,20.0,90.05,40.0,0.6,0.4502,0.8,15.3921,True,fuzzy_logic_dynamic_snr,2.9467,0.9617
90,v2,v20,20.0,150.12,70.0,0.6,0.7506,1.4,14.744,True,fuzzy_logic_dynamic_snr,2.9438,0.9578
90,v2,v1,20.0,170.03,10.0,0.6,0.8501,0.2,15.2379,True,fuzzy_logic_dynamic_snr,2.9442,0.9611
90,v3,v14,20.0,3.0,70.0,0.6,0.015,1.4,18.1427,True,fuzzy_logic_dynamic_snr,2.9573,0.9598
90,v3,v4,20.0,30.15,10.0,0.6,0.1507,0.2,16.7404,False,fuzzy_logic_dynamic_snr,16.7122,0.9971
90,v3,v13,20.0,30.59,70.0,0.6,0.153,1.4,16.1256,True,fuzzy_logic_dynamic_snr,2.9488,0.9553
90,v3,v7,20.0,40.0,0.0,0.6,0.2,0.0,16.7959,False,fuzzy_logic_dynamic_snr,16.7672,0.9971
90,v3,v11,20.0,60.0,10.0,0.6,0.3,0.2,16.1427,True,fuzzy_logic_dynamic_snr,2.9494,0.9584
90,v4,v7,40.0,10.44,10.0,1.0,0.0522,0.2,37.6615,False,fuzzy_logic_dynamic_snr,37.6398,1.0
90,v4,v3,40.0,30.15,10.0,1.0,0.1507,0.2,36.7404,False,fuzzy_logic_dynamic_snr,36.7204,0.999
90,v4,v14,40.0,30.59,80.0,1.0,0.153,1.6,36.0745,True,fuzzy_logic_dynamic_snr,2.9692,0.9592
90,v4,v9,40.0,41.0,50.0,1.0,0.205,1.0,35.9963,True,fuzzy_logic_dynamic_snr,2.9685,0.9582
90,v4,v10,40.0,50.36,40.0,1.0,0.2518,0.8,35.8969,True,fuzzy_logic_dynamic_snr,2.969,0.9592
91,v1,v19,40.0,30.59,70.0,1.0,0.153,1.4,36.1256,True,fuzzy_logic_dynamic_snr,2.9687,0.9592
91,v1,v6,40.0,70.06,20.0,1.0,0.3503,0.4,35.8319,False,fuzzy_logic_dynamic_snr,35.7895,0.998
91,v1,v16,40.0,80.5,60.0,1.0,0.4025,1.2,35.3433,True,fuzzy_logic_dynamic_snr,2.9689,0.9592
91,v1,v12,40.0,130.31,80.0,1.0,0.6516,1.6,34.8158,True,fuzzy_logic_dynamic_snr,2.969,0.9592
91,v1,v2,40.0,160.03,20.0,1.0,0.8001,0.4,35.1145,True,fuzzy_logic_dynamic_snr,2.9692,0.9582
91,v2,v20,20.0,80.22,60.0,0.6,0.4011,1.2,15.3463,True,fuzzy_logic_dynamic_snr,2.9464,0.9621
91,v2,v19,20.0,130.03,50.0,0.6,0.6502,1.0,14.9937,True,fuzzy_logic_dynamic_snr,2.9429,0.9543
91,v2,v1,20.0,160.03,20.0,0.6,0.8001,0.4,15.1145,True,fuzzy_logic_dynamic_snr,2.9442,0.9607
91,v3,v9,20.0,30.59,60.0,0.6,0.153,1.2,16.1836,True,fuzzy_logic_dynamic_snr,2.9502,0.9568
91,v3,v7,20.0,40.0,20.0,0.6,0.2,0.4,16.3188,True,fuzzy_logic_dynamic_snr,2.9514,0.9598
91,v3,v4,20.0,40.11,0.0,0.6,0.2006,0.0,16.7934,False,fuzzy_logic_dynamic_snr,16.7568,0.9961
91,v3,v11,20.0,50.0,0.0,0.6,0.25,0.0,16.6021,False,fuzzy_logic_dynamic_snr,16.5842,0.998
91,v3,v10,20.0,50.09,50.0,0.6,0.2504,1.0,15.8223,True,fuzzy_logic_dynamic_snr,2.9491,0.9572
91,v4,v7,40.0,3.0,20.0,1.0,0.015,0.4,38.5686,False,fuzzy_logic_dynamic_snr,38.5461,1.0
91,v4,v10,40.0,11.66,50.0,1.0,0.0583,1.0,37.0883,True,fuzzy_logic_dynamic_snr,2.9693,0.9592
91,v4,v9,40.0,13.45,60.0,1.0,0.0673,1.2,36.8972,True,fuzzy_logic_dynamic_snr,2.9691,0.9592
91,v4,v3,40.0,40.11,0.0,1.0,0.2006,0.0,36.7934,False,fuzzy_logic_dynamic_snr,36.7657,1.0
91,v4,v11,40.0,90.05,0.0,1.0,0.4502,0.0,36.091,False,fuzzy_logic_dynamic_snr,36.0657,1.0
92,v1,v19,40.0,40.45,70.0,1.0,0.2022,1.4,35.8831,True,fuzzy_logic_dynamic_snr,2.9692,0.9582
92,v1,v6,40.0,90.05,10.0,1.0,0.4502,0.2,35.79,False,fuzzy_logic_dynamic_snr,35.7608,0.999
92,v1,v2,40.0,140.03,10.0,1.0,0.7002,0.2,35.4065,False,fuzzy_logic_dynamic_snr,35.3792,1.0
92,v1,v16,40.0,140.29,30.0,1.0,0.7014,0.6,35.1039,True,fuzzy_logic_dynamic_snr,2.9687,0.9592
92,v1,v20,40.0,160.25,30.0,1.0,0.8013,0.6,34.9883,True,fuzzy_logic_dynamic_snr,2.9687,0.9582
92,v2,v20,20.0,20.88,40.0,0.6,0.1044,0.8,16.6615,True,fuzzy_logic_dynamic_snr,2.9533,0.9559
92,v2,v1,20.0,140.03,10.0,0.6,0.7002,0.2,15.4065,True,fuzzy_logic_dynamic_snr,2.9456,0.9568
92,v2,v19,20.0,180.02,80.0,0.6,0.9001,1.6,14.5351,True,fuzzy_logic_dynamic_snr,2.9411,0.9578
92,v3,v10,20.0,3.0,90.0,0.6,0.015,1.8,18.0458,True,fuzzy_logic_dynamic_snr,2.9564,0.9592
92,v3,v9,20.0,30.59,100.0,0.6,0.153,2.0,15.9873,True,fuzzy_logic_dynamic_snr,2.949,0.9578
92,v3,v4,20.0,40.11,10.0,0.6,0.2006,0.2,16.4924,False,fuzzy_logic_dynamic_snr,16.4622,0.9971
92,v3,v11,20.0,50.0,30.0,0.6,0.25,0.6,16.0,True,fuzzy_logic_dynamic_snr,2.9495,0.9598
92,v3,v7,20.0,60.0,10.0,0.6,0.3,0.2,16.1427,True,fuzzy_logic_dynamic_snr,2.9503,0.9617
92,v4,v7,40.0,20.22,0.0,1.0,0.1011,0.0,37.3883,False,fuzzy_logic_dynamic_snr,37.363,1.0
92,v4,v3,40.0,40.11,10.0,1.0,0.2006,0.2,36.4924,False,fuzzy_logic_dynamic_snr,36.4761,0.998
92,v4,v10,40.0,40.45,80.0,1.0,0.2022,1.6,35.832,True,fuzzy_logic_dynamic_snr,2.9689,0.9592
92,v4,v9,40.0,70.58,90.0,1.0,0.3529,1.8,35.3027,True,fuzzy_logic_dynamic_snr,2.9689,0.9592
92,v4,v11,40.0,90.05,20.0,1.0,0.4502,0.4,35.6139,False,fuzzy_logic_dynamic_snr,35.5911,0.998
93,v1,v6,40.0,80.06,20.0,1.0,0.4003,0.4,35.7161,False,fuzzy_logic_dynamic_snr,35.6969,0.998
93,v1,v19,40.0,110.16,100.0,1.0,0.5508,2.0,34.8745,True,fuzzy_logic_dynamic_snr,2.9693,0.9602
93,v1,v20,40.0,130.31,80.0,1.0,0.6516,1.6,34.8158,True,fuzzy_logic_dynamic_snr,2.9686,0.9602
93,v1,v5,40.0,150.0,30.0,1.0,0.75,0.6,35.0458,True,fuzzy_logic_dynamic_snr,2.9685,0.9611
93,v1,v2,40.0,150.03,40.0,1.0,0.7501,0.8,34.9487,True,fuzzy_logic_dynamic_snr,2.9689,0.9582
93,v2,v20,20.0,20.88,40.0,0.6,0.1044,0.8,16.6615,True,fuzzy_logic_dynamic_snr,2.9528,0.9637
93,v2,v1,20.0,150.03,40.0,0.6,0.7501,0.8,14.9487,True,fuzzy_logic_dynamic_snr,2.9473,0.9598
93,v3,v4,20.0,30.15,20.0,0.6,0.1507,0.4,16.5643,True,fuzzy_logic_dynamic_snr,2.9512,0.9533
93,v3,v7,20.0,50.0,10.0,0.6,0.25,0.2,16.301,False,fuzzy_logic_dynamic_snr,16.2701,0.999
93,v3,v17,20.0,60.3,40.0,0.6,0.3015,0.8,15.7404,True,fuzzy_logic_dynamic_snr,2.9454,0.9611
93,v3,v11,20.0,80.0,20.0,0.6,0.4,0.4,15.7167,True,fuzzy_logic_dynamic_snr,2.9487,0.9582
93,v3,v10,20.0,90.05,70.0,0.6,0.4502,1.4,15.1879,True,fuzzy_logic_dynamic_snr,2.9475,0.9572
93,v4,v7,40.0,20.22,30.0,1.0,0.1011,0.6,36.7862,False,fuzzy_logic_dynamic_snr,36.7693,1.0
93,v4,v3,40.0,30.15,20.0,1.0,0.1507,0.4,36.5643,False,fuzzy_logic_dynamic_snr,36.5402,0.999
93,v4,v17,40.0,31.32,20.0,1.0,0.1566,0.4,36.5312,False,fuzzy_logic_dynamic_snr,36.4968,0.998
93,v4,v18,40.0,90.2,50.0,1.0,0.451,1.0,35.3114,True,fuzzy_logic_dynamic_snr,2.9692,0.9582
93,v4,v11,40.0,110.04,0.0,1.0,0.5502,0.0,35.9169,False,fuzzy_logic_dynamic_snr,35.8895,0.999
94,v1,v20,40.0,50.8,30.0,1.0,0.254,0.6,35.9862,False,fuzzy_logic_dynamic_snr,35.959,0.999
94,v1,v6,40.0,100.04,10.0,1.0,0.5002,0.2,35.6986,False,fuzzy_logic_dynamic_snr,35.6692,0.998
94,v1,v2,40.0,110.04,20.0,1.0,0.5502,0.4,35.4398,False,fuzzy_logic_dynamic_snr,35.4081,0.999
94,v1,v13,40.0,170.0,10.0,1.0,0.85,0.2,35.2381,True,fuzzy_logic_dynamic_snr,2.9689,0.9592
94,v1,v5,40.0,180.0,0.0,1.0,0.9,0.0,35.4895,True,fuzzy_logic_dynamic_snr,2.9691,0.9602
94,v2,v20,20.0,60.3,50.0,0.6,0.3015,1.0,15.6612,True,fuzzy_logic_dynamic_snr,2.949,0.9607
94,v2,v1,20.0,110.04,20.0,0.6,0.5502,0.4,15.4398,True,fuzzy_logic_dynamic_snr,2.9457,0.9582
94,v3,v4,20.0,10.44,20.0,0.6,0.0522,0.4,17.4855,True,fuzzy_logic_dynamic_snr,2.9538,0.9582
94,v3,v17,20.0,20.88,50.0,0.6,0.1044,1.0,16.5824,True,fuzzy_logic_dynamic_snr,2.9512,0.9582
94,v3,v18,20.0,50.09,60.0,0.6,0.2504,1.2,15.7554,True,fuzzy_logic_dynamic_snr,2.9494,0.9563
94,v3,v7,20.0,60.0,20.0,0.6,0.3,0.4,15.9666,True,fuzzy_logic_dynamic_snr,2.9488,0.9539
94,v3,v11,20.0,100.0,10.0,0.6,0.5,0.2,15.699,True,fuzzy_logic_dynamic_snr,2.9497,0.9553
94,v4,v3,40.0,10.44,20.0,1.0,0.0522,0.4,37.4855,False,fuzzy_logic_dynamic_snr,37.453,0.999
94,v4,v17,40.0,13.45,70.0,1.0,0.0673,1.4,36.8392,True,fuzzy_logic_dynamic_snr,2.969,0.9582
94,v4,v18,40.0,40.45,80.0,1.0,0.2022,1.6,35.832,True,fuzzy_logic_dynamic_snr,2.9688,0.9602
94,v4,v7,40.0,50.09,0.0,1.0,0.2504,0.0,36.6005,False,fuzzy_logic_dynamic_snr,36.5654,0.9971
94,v4,v11,40.0,110.04,10.0,1.0,0.5502,0.2,35.6159,False,fuzzy_logic_dynamic_snr,35.5946,0.998
95,v1,v20,40.0,21.93,20.0,1.0,0.1097,0.4,36.8407,False,fuzzy_logic_dynamic_snr,36.83,0.998
95,v1,v6,40.0,110.04,40.0,1.0,0.5502,0.8,35.2179,True,fuzzy_logic_dynamic_snr,2.9687,0.9582
95,v1,v2,40.0,130.03,20.0,1.0,0.6502,0.4,35.2948,True,fuzzy_logic_dynamic_snr,2.9688,0.9592
95,v1,v13,40.0,160.0,0.0,1.0,0.8,0.0,35.5918,True,fuzzy_logic_dynamic_snr,2.9694,0.9582
95,v1,v5,40.0,180.0,40.0,1.0,0.9,0.8,34.7905,True,fuzzy_logic_dynamic_snr,2.9688,0.9582
95,v2,v20,20.0,110.16,40.0,0.6,0.5508,0.8,15.217,True,fuzzy_logic_dynamic_snr,2.9463,0.9568
95,v2,v1,20.0,130.03,20.0,0.6,0.6502,0.4,15.2948,True,fuzzy_logic_dynamic_snr,2.9458,0.9582
95,v3,v18,20.0,10.44,60.0,0.6,0.0522,1.2,17.1175,True,fuzzy_logic_dynamic_snr,2.9538,0.9602
95,v3,v4,20.0,30.15,0.0,0.6,0.1507,0.0,17.0414,False,fuzzy_logic_dynamic_snr,17.0094,0.9961
95,v3,v17,20.0,30.59,70.0,0.6,0.153,1.4,16.1256,True,fuzzy_logic_dynamic_snr,2.9489,0.9553
95,v3,v7,20.0,80.0,30.0,0.6,0.4,0.6,15.5918,True,fuzzy_logic_dynamic_snr,2.9476,0.9592
95,v3,v11,20.0,90.0,0.0,0.6,0.45,0.0,16.0915,True,fuzzy_logic_dynamic_snr,2.9483,0.9539
95,v4,v3,40.0,30.15,0.0,1.0,0.1507,0.0,37.0414,False,fuzzy_logic_dynamic_snr,37.0193,0.999
95,v4,v18,40.0,40.45,60.0,1.0,0.2022,1.2,35.9411,True,fuzzy_logic_dynamic_snr,2.969,0.9582
95,v4,v7,40.0,50.09,30.0,1.0,0.2504,0.6,35.9984,False,fuzzy_logic_dynamic_snr,35.9663,0.999
95,v4,v17,40.0,60.67,70.0,1.0,0.3034,1.4,35.5309,True,fuzzy_logic_dynamic_snr,2.9693,0.9582
95,v4,v11,40.0,120.04,0.0,1.0,0.6002,0.0,35.8414,False,fuzzy_logic_dynamic_snr,35.8123,1.0
96,v1,v20,40.0,9.0,70.0,1.0,0.045,1.4,37.1884,True,fuzzy_logic_dynamic_snr,2.9693,0.9592
96,v1,v6,40.0,70.06,10.0,1.0,0.3503,0.2,36.008,False,fuzzy_logic_dynamic_snr,35.9757,1.0
96,v1,v5,40.0,140.0,10.0,1.0,0.7,0.2,35.4067,False,fuzzy_logic_dynamic_snr,35.3801,1.0
96,v1,v2,40.0,150.03,10.0,1.0,0.7501,0.2,35.3466,False,fuzzy_logic_dynamic_snr,35.3188,0.999
96,v1,v13,40.0,160.0,10.0,1.0,0.8,0.2,35.2907,True,fuzzy_logic_dynamic_snr,2.969,0.9582
96,v2,v1,20.0,150.03,10.0,0.6,0.7501,0.2,15.3466,True,fuzzy_logic_dynamic_snr,2.9447,0.9607
96,v2,v20,20.0,150.12,80.0,0.6,0.7506,1.6,14.6929,True,fuzzy_logic_dynamic_snr,2.9443,0.9543
96,v3,v4,20.0,30.15,40.0,0.6,0.1507,0.8,16.3425,True,fuzzy_logic_dynamic_snr,2.9506,0.9563
96,v3,v18,20.0,70.06,60.0,0.6,0.3503,1.2,15.4639,True,fuzzy_logic_dynamic_snr,2.9468,0.9563
96,v3,v11,20.0,90.0,40.0,0.6,0.45,0.8,15.3925,True,fuzzy_logic_dynamic_snr,2.9449,0.9572
96,v3,v17,20.0,100.18,70.0,0.6,0.5009,1.4,15.0953,True,fuzzy_logic_dynamic_snr,2.9447,0.9578
96,v3,v7,20.0,110.0,30.0,0.6,0.55,0.6,15.3152,True,fuzzy_logic_dynamic_snr,2.9447,0.9637
96,v4,v3,40.0,30.15,40.0,1.0,0.1507,0.8,36.3425,True,fuzzy_logic_dynamic_snr,2.969,0.9602
96,v4,v7,40.0,80.06,10.0,1.0,0.4003,0.2,35.8922,False,fuzzy_logic_dynamic_snr,35.8743,0.999
96,v4,v18,40.0,100.18,20.0,1.0,0.5009,0.4,35.5213,False,fuzzy_logic_dynamic_snr,35.4884,0.999
96,v4,v11,40.0,120.04,0.0,1.0,0.6002,0.0,35.8414,False,fuzzy_logic_dynamic_snr,35.804,1.0
96,v4,v17,40.0,130.31,30.0,1.0,0.6516,0.6,35.168,True,fuzzy_logic_dynamic_snr,2.9686,0.9572
97,v1,v6,40.0,60.07,40.0,1.0,0.3004,0.8,35.7436,True,fuzzy_logic_dynamic_snr,2.9693,0.9592
97,v1,v20,40.0,70.58,60.0,1.0,0.3529,1.2,35.4576,True,fuzzy_logic_dynamic_snr,2.9689,0.9582
97,v1,v5,40.0,130.0,40.0,1.0,0.65,0.8,35.0731,True,fuzzy_logic_dynamic_snr,2.9686,0.9602
97,v1,v2,40.0,160.03,40.0,1.0,0.8001,0.8,34.8926,True,fuzzy_logic_dynamic_snr,2.9688,0.9572
97,v1,v13,40.0,170.0,20.0,1.0,0.85,0.4,35.062,True,fuzzy_logic_dynamic_snr,2.9691,0.9582
97,v2,v1,20.0,160.03,40.0,0.6,0.8001,0.8,14.8926,True,fuzzy_logic_dynamic_snr,2.9418,0.9582
97,v3,v4,20.0,10.44,0.0,0.6,0.0522,0.0,17.9626,False,fuzzy_logic_dynamic_snr,17.9322,0.9971
97,v3,v7,20.0,80.0,40.0,0.6,0.4,0.8,15.4949,True,fuzzy_logic_dynamic_snr,2.9471,0.9611
97,v3,v15,20.0,120.0,20.0,0.6,0.6,0.4,15.3645,True,fuzzy_logic_dynamic_snr,2.9481,0.9578
97,v3,v11,20.0,130.0,10.0,0.6,0.65,0.2,15.4711,True,fuzzy_logic_dynamic_snr,2.9442,0.9568
97,v3,v18,20.0,130.03,70.0,0.6,0.6502,1.4,14.8688,True,fuzzy_logic_dynamic_snr,2.9445,0.9611
97,v4,v3,40.0,10.44,0.0,1.0,0.0522,0.0,37.9626,False,fuzzy_logic_dynamic_snr,37.9291,0.999
97,v4,v7,40.0,90.05,40.0,1.0,0.4502,0.8,35.3921,True,fuzzy_logic_dynamic_snr,2.9691,0.9582
97,v4,v15,40.0,110.04,20.0,1.0,0.5502,0.4,35.4398,False,fuzzy_logic_dynamic_snr,35.4139,1.0
97,v4,v11,40.0,120.04,10.0,1.0,0.6002,0.2,35.5403,False,fuzzy_logic_dynamic_snr,35.5077,1.0
97,v4,v18,40.0,120.15,70.0,1.0,0.6007,1.4,34.9375,True,fuzzy_logic_dynamic_snr,2.9688,0.9572
98,v1,v6,40.0,20.22,0.0,1.0,0.1011,0.0,37.3883,False,fuzzy_logic_dynamic_snr,37.3557,0.999
98,v1,v5,40.0,90.0,20.0,1.0,0.45,0.4,35.6144,False,fuzzy_logic_dynamic_snr,35.5888,0.998
98,v1,v20,40.0,130.31,60.0,1.0,0.6516,1.2,34.9249,True,fuzzy_logic_dynamic_snr,2.9689,0.9582
98,v1,v13,40.0,150.0,10.0,1.0,0.75,0.2,35.3468,False,fuzzy_logic_dynamic_snr,35.3182,1.0
98,v3,v4,20.0,10.44,20.0,0.6,0.0522,0.4,17.4855,True,fuzzy_logic_dynamic_snr,2.9552,0.9572
98,v3,v7,20.0,40.0,10.0,0.6,0.2,0.2,16.4949,False,fuzzy_logic_dynamic_snr,16.4887,0.998
98,v3,v11,20.0,140.0,10.0,0.6,0.7,0.2,15.4067,True,fuzzy_logic_dynamic_snr,2.9437,0.9592
98,v3,v15,20.0,140.0,20.0,0.6,0.7,0.4,15.2306,True,fuzzy_logic_dynamic_snr,2.9482,0.9553
98,v3,v8,20.0,150.03,30.0,0.6,0.7501,0.6,15.0456,True,fuzzy_logic_dynamic_snr,2.9452,0.9553
98,v4,v3,40.0,10.44,20.0,1.0,0.0522,0.4,37.4855,False,fuzzy_logic_dynamic_snr,37.4625,1.0
98,v4,v7,40.0,50.09,10.0,1.0,0.2504,0.2,36.2995,False,fuzzy_logic_dynamic_snr,36.2856,1.0
98,v4,v11,40.0,130.03,10.0,1.0,0.6502,0.2,35.4709,False,fuzzy_logic_dynamic_snr,35.4472,0.999
98,v4,v15,40.0,130.03,0.0,1.0,0.6502,0.0,35.7719,False,fuzzy_logic_dynamic_snr,35.7402,0.999
98,v4,v8,40.0,140.0,10.0,1.0,0.7,0.2,35.4067,False,fuzzy_logic_dynamic_snr,35.3909,0.999
99,v1,v6,40.0,20.22,0.0,1.0,0.1011,0.0,37.3883,False,fuzzy_logic_dynamic_snr,37.3615,1.0
99,v1,v5,40.0,70.0,10.0,1.0,0.35,0.2,36.0088,False,fuzzy_logic_dynamic_snr,35.9806,1.0
99,v1,v13,40.0,140.0,0.0,1.0,0.7,0.0,35.7077,False,fuzzy_logic_dynamic_snr,35.6842,1.0
99,v1,v2,40.0,190.02,20.0,1.0,0.9501,0.4,34.9653,True,fuzzy_logic_dynamic_snr,2.9687,0.9602
99,v1,v20,40.0,190.21,60.0,1.0,0.9511,1.2,34.5964,True,fuzzy_logic_dynamic_snr,2.9691,0.9592
99,v2,v1,20.0,190.02,20.0,0.6,0.9501,0.4,14.9653,True,fuzzy_logic_dynamic_snr,2.9417,0.9588
99,v3,v4,20.0,10.44,10.0,0.6,0.0522,0.2,17.6615,False,fuzzy_logic_dynamic_snr,17.6382,0.998
99,v3,v7,20.0,50.0,30.0,0.6,0.25,0.6,16.0,True,fuzzy_logic_dynamic_snr,2.9478,0.9617
99,v3,v15,20.0,120.0,10.0,0.6,0.6,0.2,15.5406,True,fuzzy_logic_dynamic_snr,2.9462,0.9553
99,v3,v8,20.0,120.04,20.0,0.6,0.6002,0.4,15.3642,True,fuzzy_logic_dynamic_snr,2.9459,0.9572
99,v3,v11,20.0,130.0,30.0,0.6,0.65,0.6,15.1701,True,fuzzy_logic_dynamic_snr,2.9429,0.9598
99,v4,v3,40.0,10.44,10.0,1.0,0.0522,0.2,37.6615,False,fuzzy_logic_dynamic_snr,37.6334,0.999
99,v4,v7,40.0,40.11,40.0,1.0,0.2006,0.8,36.0945,True,fuzzy_logic_dynamic_snr,2.9691,0.9592
99,v4,v8,40.0,130.0,30.0,1.0,0.65,0.6,35.1701,True,fuzzy_logic_dynamic_snr,2.9687,0.9572
99,v4,v15,40.0,130.03,20.0,1.0,0.6502,0.4,35.2948,True,fuzzy_logic_dynamic_snr,2.9685,0.9602
99,v4,v11,40.0,140.03,40.0,1.0,0.7002,0.8,35.0086,True,fuzzy_logic_dynamic_snr,2.9687,0.9582
100,v1,v6,40.0,20.22,10.0,1.0,0.1011,0.2,37.0872,False,fuzzy_logic_dynamic_snr,37.0488,0.999
100,v1,v5,40.0,60.0,30.0,1.0,0.3,0.6,35.8416,False,fuzzy_logic_dynamic_snr,35.8169,0.999
100,v1,v13,40.0,140.0,30.0,1.0,0.7,0.6,35.1057,True,fuzzy_logic_dynamic_snr,2.9691,0.9602
100,v3,v7,20.0,20.0,30.0,0.6,0.1,0.6,16.7959,True,fuzzy_logic_dynamic_snr,2.9535,0.9553
100,v3,v4,20.0,20.22,10.0,0.6,0.1011,0.2,17.0872,False,fuzzy_logic_dynamic_snr,17.0696,0.9971
100,v3,v15,20.0,130.0,10.0,0.6,0.65,0.2,15.4711,True,fuzzy_logic_dynamic_snr,2.9449,0.9623
100,v3,v8,20.0,140.03,0.0,0.6,0.7002,0.0,15.7075,True,fuzzy_logic_dynamic_snr,2.9477,0.9514
100,v3,v11,20.0,160.0,10.0,0.6,0.8,0.2,15.2907,True,fuzzy_logic_dynamic_snr,2.9474,0.9617
100,v4,v7,40.0,3.0,20.0,1.0,0.015,0.4,38.5686,False,fuzzy_logic_dynamic_snr,38.5401,1.0
100,v4,v3,40.0,20.22,10.0,1.0,0.1011,0.2,37.0872,False,fuzzy_logic_dynamic_snr,37.0487,1.0
100,v4,v15,40.0,150.03,0.0,1.0,0.7501,0.0,35.6476,False,fuzzy_logic_dynamic_snr,35.6245,0.999
100,v4,v8,40.0,160.0,10.0,1.0,0.8,0.2,35.2907,True,fuzzy_logic_dynamic_snr,2.9684,0.9592
100,v4,v11,40.0,180.02,20.0,1.0,0.9001,0.4,35.0122,True,fuzzy_logic_dynamic_snr,2.9683,0.9592
101,v1,v6,40.0,10.44,10.0,1.0,0.0522,0.2,37.6615,False,fuzzy_logic_dynamic_snr,37.6212,1.0
101,v1,v5,40.0,30.0,0.0,1.0,0.15,0.0,37.0458,False,fuzzy_logic_dynamic_snr,37.0125,0.998
101,v1,v13,40.0,110.0,30.0,1.0,0.55,0.6,35.3152,True,fuzzy_logic_dynamic_snr,2.9682,0.9592
101,v3,v7,20.0,10.0,0.0,0.6,0.05,0.0,18.0,False,fuzzy_logic_dynamic_snr,17.9727,0.9961
101,v3,v4,20.0,10.44,20.0,0.6,0.0522,0.4,17.4855,True,fuzzy_logic_dynamic_snr,2.9566,0.9563
101,v3,v15,20.0,140.0,0.0,0.6,0.7,0.0,15.7077,True,fuzzy_logic_dynamic_snr,2.9481,0.965
101,v3,v8,20.0,140.03,30.0,0.6,0.7002,0.6,15.1055,True,fuzzy_logic_dynamic_snr,2.9461,0.9553
101,v3,v11,20.0,150.0,0.0,0.6,0.75,0.0,15.6478,True,fuzzy_logic_dynamic_snr,2.9472,0.9592
101,v4,v3,40.0,10.44,20.0,1.0,0.0522,0.4,37.4855,False,fuzzy_logic_dynamic_snr,37.4534,0.999
101,v4,v7,40.0,20.22,20.0,1.0,0.1011,0.4,36.9112,False,fuzzy_logic_dynamic_snr,36.8866,1.0
101,v4,v8,40.0,150.0,10.0,1.0,0.75,0.2,35.3468,False,fuzzy_logic_dynamic_snr,35.3121,1.0
101,v4,v15,40.0,150.03,20.0,1.0,0.7501,0.4,35.1705,True,fuzzy_logic_dynamic_snr,2.9686,0.9572
101,v4,v11,40.0,160.03,20.0,1.0,0.8001,0.4,35.1145,True,fuzzy_logic_dynamic_snr,2.9685,0.9592
102,v1,v6,40.0,20.22,30.0,1.0,0.1011,0.6,36.7862,False,fuzzy_logic_dynamic_snr,36.7527,0.998
102,v1,v5,40.0,30.0,40.0,1.0,0.15,0.8,36.3468,True,fuzzy_logic_dynamic_snr,2.9684,0.9592
102,v1,v13,40.0,140.0,30.0,1.0,0.7,0.6,35.1057,True,fuzzy_logic_dynamic_snr,2.9689,0.9602
102,v3,v7,20.0,10.0,20.0,0.6,0.05,0.4,17.5229,True,fuzzy_logic_dynamic_snr,2.9564,0.9553
102,v3,v4,20.0,10.44,10.0,0.6,0.0522,0.2,17.6615,False,fuzzy_logic_dynamic_snr,17.6444,0.9961
102,v3,v15,20.0,140.0,20.0,0.6,0.7,0.4,15.2306,True,fuzzy_logic_dynamic_snr,2.9453,0.9543
102,v3,v11,20.0,150.0,0.0,0.6,0.75,0.0,15.6478,True,fuzzy_logic_dynamic_snr,2.9471,0.9592
102,v3,v8,20.0,170.03,20.0,0.6,0.8501,0.4,15.0618,True,fuzzy_logic_dynamic_snr,2.9449,0.9627
102,v4,v7,40.0,3.0,10.0,1.0,0.015,0.2,38.7447,False,fuzzy_logic_dynamic_snr,38.7273,1.0
102,v4,v3,40.0,10.44,10.0,1.0,0.0522,0.2,37.6615,False,fuzzy_logic_dynamic_snr,37.6366,0.998
102,v4,v15,40.0,130.03,10.0,1.0,0.6502,0.2,35.4709,False,fuzzy_logic_dynamic_snr,35.4381,1.0
102,v4,v11,40.0,140.03,10.0,1.0,0.7002,0.2,35.4065,False,fuzzy_logic_dynamic_snr,35.3941,0.999
102,v4,v8,40.0,160.0,10.0,1.0,0.8,0.2,35.2907,True,fuzzy_logic_dynamic_snr,2.9692,0.9582
103,v1,v6,40.0,50.09,30.0,1.0,0.2504,0.6,35.9984,False,fuzzy_logic_dynamic_snr,35.9577,0.998
103,v1,v5,40.0,70.0,20.0,1.0,0.35,0.4,35.8327,False,fuzzy_logic_dynamic_snr,35.8132,1.0
103,v1,v13,40.0,170.0,0.0,1.0,0.85,0.0,35.5391,True,fuzzy_logic_dynamic_snr,2.969,0.9602
103,v3,v4,20.0,3.0,10.0,0.6,0.015,0.2,18.7447,False,fuzzy_logic_dynamic_snr,18.7185,0.999
103,v3,v7,20.0,10.0,30.0,0.6,0.05,0.6,17.3979,True,fuzzy_logic_dynamic_snr,2.9539,0.9627
103,v3,v15,20.0,120.0,10.0,0.6,0.6,0.2,15.5406,True,fuzzy_logic_dynamic_snr,2.9478,0.9598
103,v3,v11,20.0,150.0,10.0,0.6,0.75,0.2,15.3468,True,fuzzy_logic_dynamic_snr,2.9458,0.9563
103,v3,v8,20.0,150.03,30.0,0.6,0.7501,0.6,15.0456,True,fuzzy_logic_dynamic_snr,2.9431,0.9553
103,v4,v3,40.0,3.0,10.0,1.0,0.015,0.2,38.7447,False,fuzzy_logic_dynamic_snr,38.7147,0.999
103,v4,v7,40.0,10.44,20.0,1.0,0.0522,0.4,37.4855,False,fuzzy_logic_dynamic_snr,37.467,1.0
103,v4,v15,40.0,120.04,0.0,1.0,0.6002,0.0,35.8414,False,fuzzy_logic_dynamic_snr,35.8134,1.0
103,v4,v8,40.0,150.0,20.0,1.0,0.75,0.4,35.1707,True,fuzzy_logic_dynamic_snr,2.969,0.9582
103,v4,v11,40.0,150.03,20.0,1.0,0.7501,0.4,35.1705,True,fuzzy_logic_dynamic_snr,2.968,0.9582
104,v1,v6,40.0,80.06,0.0,1.0,0.4003,0.0,36.1932,False,fuzzy_logic_dynamic_snr,36.1798,0.999
104,v1,v5,40.0,90.0,30.0,1.0,0.45,0.6,35.4895,False,fuzzy_logic_dynamic_snr,35.4622,0.999
104,v1,v13,40.0,170.0,10.0,1.0,0.85,0.2,35.2381,True,fuzzy_logic_dynamic_snr,2.9687,0.9592
104,v3,v4,20.0,10.44,10.0,0.6,0.0522,0.2,17.6615,False,fuzzy_logic_dynamic_snr,17.6403,0.998
104,v3,v7,20.0,20.0,10.0,0.6,0.1,0.2,17.0969,False,fuzzy_logic_dynamic_snr,17.0593,0.998
104,v3,v15,20.0,130.0,20.0,0.6,0.65,0.4,15.295,True,fuzzy_logic_dynamic_snr,2.9469,0.9574
104,v3,v11,20.0,140.0,20.0,0.6,0.7,0.4,15.2306,True,fuzzy_logic_dynamic_snr,2.9453,0.9617
104,v3,v8,20.0,180.02,30.0,0.6,0.9001,0.6,14.8873,True,fuzzy_logic_dynamic_snr,2.9442,0.9578
104,v4,v3,40.0,10.44,10.0,1.0,0.0522,0.2,37.6615,False,fuzzy_logic_dynamic_snr,37.6398,0.999
104,v4,v7,40.0,10.44,0.0,1.0,0.0522,0.0,37.9626,False,fuzzy_logic_dynamic_snr,37.9239,0.999
104,v4,v15,40.0,120.04,10.0,1.0,0.6002,0.2,35.5403,False,fuzzy_logic_dynamic_snr,35.5271,0.999
104,v4,v11,40.0,130.03,10.0,1.0,0.6502,0.2,35.4709,False,fuzzy_logic_dynamic_snr,35.4516,0.999
104,v4,v8,40.0,170.0,20.0,1.0,0.85,0.4,35.062,True,fuzzy_logic_dynamic_snr,2.9693,0.9572
105,v1,v6,40.0,80.06,20.0,1.0,0.4003,0.4,35.7161,False,fuzzy_logic_dynamic_snr,35.6878,0.999
105,v1,v5,40.0,120.0,0.0,1.0,0.6,0.0,35.8416,False,fuzzy_logic_dynamic_snr,35.8214,0.999
105,v1,v13,40.0,160.0,30.0,1.0,0.8,0.6,34.9897,True,fuzzy_logic_dynamic_snr,2.9696,0.9592
105,v1,v2,40.0,190.02,10.0,1.0,0.9501,0.2,35.1414,True,fuzzy_logic_dynamic_snr,2.9691,0.9592
105,v2,v1,20.0,190.02,10.0,0.6,0.9501,0.2,15.1414,True,fuzzy_logic_dynamic_snr,2.9455,0.9578
105,v3,v4,20.0,3.0,0.0,0.6,0.015,0.0,19.0458,False,fuzzy_logic_dynamic_snr,19.0264,0.999
105,v3,v7,20.0,10.0,10.0,0.6,0.05,0.2,17.699,False,fuzzy_logic_dynamic_snr,17.6756,0.999
105,v3,v15,20.0,110.0,30.0,0.6,0.55,0.6,15.3152,True,fuzzy_logic_dynamic_snr,2.9467,0.9602
105,v3,v11,20.0,120.0,10.0,0.6,0.6,0.2,15.5406,True,fuzzy_logic_dynamic_snr,2.947,0.9549
105,v3,v8,20.0,150.03,10.0,0.6,0.7501,0.2,15.3466,True,fuzzy_logic_dynamic_snr,2.9447,0.9549
105,v4,v3,40.0,3.0,0.0,1.0,0.015,0.0,39.0458,False,fuzzy_logic_dynamic_snr,39.0244,1.0
105,v4,v7,40.0,10.44,10.0,1.0,0.0522,0.2,37.6615,False,fuzzy_logic_dynamic_snr,37.6319,1.0
105,v4,v15,40.0,110.04,30.0,1.0,0.5502,0.6,35.3148,True,fuzzy_logic_dynamic_snr,2.9687,0.9582
105,v4,v11,40.0,120.04,10.0,1.0,0.6002,0.2,35.5403,False,fuzzy_logic_dynamic_snr,35.5097,1.0
105,v4,v8,40.0,150.0,10.0,1.0,0.75,0.2,35.3468,False,fuzzy_logic_dynamic_snr,35.3196,1.0
106,v1,v6,40.0,60.07,30.0,1.0,0.3004,0.6,35.8406,False,fuzzy_logic_dynamic_snr,35.8122,1.0
106,v1,v5,40.0,120.0,40.0,1.0,0.6,0.8,35.1427,True,fuzzy_logic_dynamic_snr,2.9689,0.9592
106,v1,v13,40.0,130.0,30.0,1.0,0.65,0.6,35.1701,True,fuzzy_logic_dynamic_snr,2.9689,0.9592
106,v1,v2,40.0,180.02,10.0,1.0,0.9001,0.2,35.1883,True,fuzzy_logic_dynamic_snr,2.9689,0.9592
106,v2,v1,20.0,180.02,10.0,0.6,0.9001,0.2,15.1883,True,fuzzy_logic_dynamic_snr,2.9441,0.9617
106,v3,v4,20.0,3.0,10.0,0.6,0.015,0.2,18.7447,False,fuzzy_logic_dynamic_snr,18.7187,0.9971
106,v3,v7,20.0,20.0,10.0,0.6,0.1,0.2,17.0969,False,fuzzy_logic_dynamic_snr,17.0671,0.9971
106,v3,v15,20.0,80.0,10.0,0.6,0.4,0.2,15.8928,True,fuzzy_logic_dynamic_snr,2.9477,0.9572
106,v3,v11,20.0,110.0,10.0,0.6,0.55,0.2,15.6162,True,fuzzy_logic_dynamic_snr,2.9488,0.9598
106,v3,v8,20.0,140.03,30.0,0.6,0.7002,0.6,15.1055,True,fuzzy_logic_dynamic_snr,2.9456,0.9539
106,v4,v3,40.0,3.0,10.0,1.0,0.015,0.2,38.7447,False,fuzzy_logic_dynamic_snr,38.7264,0.999
106,v4,v7,40.0,20.22,20.0,1.0,0.1011,0.4,36.9112,False,fuzzy_logic_dynamic_snr,36.8809,0.999
106,v4,v15,40.0,80.06,0.0,1.0,0.4003,0.0,36.1932,False,fuzzy_logic_dynamic_snr,36.169,1.0
106,v4,v11,40.0,110.04,0.0,1.0,0.5502,0.0,35.9169,False,fuzzy_logic_dynamic_snr,35.9,0.999
106,v4,v8,40.0,140.0,40.0,1.0,0.7,0.8,35.0088,True,fuzzy_logic_dynamic_snr,2.9691,0.9592
107,v1,v6,40.0,90.05,10.0,1.0,0.4502,0.2,35.79,False,fuzzy_logic_dynamic_snr,35.7684,0.999
107,v1,v5,40.0,160.0,10.0,1.0,0.8,0.2,35.2907,True,fuzzy_logic_dynamic_snr,2.969,0.9592
107,v1,v13,40.0,160.0,20.0,1.0,0.8,0.4,35.1146,True,fuzzy_logic_dynamic_snr,2.9691,0.9592
107,v1,v2,40.0,170.03,40.0,1.0,0.8501,0.8,34.84,True,fuzzy_logic_dynamic_snr,2.9686,0.9611
107,v2,v1,20.0,170.03,40.0,0.6,0.8501,0.8,14.84,True,fuzzy_logic_dynamic_snr,2.943,0.9553
107,v3,v4,20.0,10.44,10.0,0.6,0.0522,0.2,17.6615,False,fuzzy_logic_dynamic_snr,17.6316,0.9961
107,v3,v7,20.0,30.0,10.0,0.6,0.15,0.2,16.7447,False,fuzzy_logic_dynamic_snr,16.7139,0.998
107,v3,v15,20.0,70.0,30.0,0.6,0.35,0.6,15.7077,True,fuzzy_logic_dynamic_snr,2.9478,0.9539
107,v3,v11,20.0,100.0,10.0,0.6,0.5,0.2,15.699,True,fuzzy_logic_dynamic_snr,2.9471,0.9607
107,v3,v8,20.0,170.03,0.0,0.6,0.8501,0.0,15.539,True,fuzzy_logic_dynamic_snr,2.945,0.9582
107,v4,v3,40.0,10.44,10.0,1.0,0.0522,0.2,37.6615,False,fuzzy_logic_dynamic_snr,37.6361,1.0
107,v4,v7,40.0,40.11,0.0,1.0,0.2006,0.0,36.7934,False,fuzzy_logic_dynamic_snr,36.7674,1.0
107,v4,v15,40.0,80.06,20.0,1.0,0.4003,0.4,35.7161,False,fuzzy_logic_dynamic_snr,35.7091,0.999
107,v4,v11,40.0,110.04,0.0,1.0,0.5502,0.0,35.9169,False,fuzzy_logic_dynamic_snr,35.8819,1.0
107,v4,v8,40.0,180.0,10.0,1.0,0.9,0.2,35.1884,True,fuzzy_logic_dynamic_snr,2.9686,0.9592
108,v1,v6,40.0,80.06,10.0,1.0,0.4003,0.2,35.8922,False,fuzzy_logic_dynamic_snr,35.8637,0.998
108,v1,v13,40.0,140.0,0.0,1.0,0.7,0.0,35.7077,False,fuzzy_logic_dynamic_snr,35.6772,0.999
108,v1,v5,40.0,150.0,40.0,1.0,0.75,0.8,34.9488,True,fuzzy_logic_dynamic_snr,2.9682,0.9582
108,v3,v7,20.0,20.0,0.0,0.6,0.1,0.0,17.3979,False,fuzzy_logic_dynamic_snr,17.376,0.9951
108,v3,v4,20.0,20.22,30.0,0.6,0.1011,0.6,16.7862,True,fuzzy_logic_dynamic_snr,2.9529,0.9631
108,v3,v15,20.0,40.0,10.0,0.6,0.2,0.2,16.4949,False,fuzzy_logic_dynamic_snr,16.4636,0.9971
108,v3,v11,20.0,90.0,30.0,0.6,0.45,0.6,15.4895,True,fuzzy_logic_dynamic_snr,2.9467,0.9588
108,v3,v8,20.0,170.03,30.0,0.6,0.8501,0.6,14.9369,True,fuzzy_logic_dynamic_snr,2.9441,0.9568
108,v4,v3,40.0,20.22,30.0,1.0,0.1011,0.6,36.7862,False,fuzzy_logic_dynamic_snr,36.7514,1.0
108,v4,v7,40.0,40.11,30.0,1.0,0.2006,0.6,36.1914,False,fuzzy_logic_dynamic_snr,36.1498,0.999
108,v4,v15,40.0,60.07,40.0,1.0,0.3004,0.8,35.7436,True,fuzzy_logic_dynamic_snr,2.969,0.9592
108,v4,v11,40.0,110.04,0.0,1.0,0.5502,0.0,35.9169,False,fuzzy_logic_dynamic_snr,35.8848,1.0
108,v4,v8,40.0,190.0,0.0,1.0,0.95,0.0,35.4425,True,fuzzy_logic_dynamic_snr,2.969,0.9582
109,v1,v6,40.0,70.06,20.0,1.0,0.3503,0.4,35.8319,False,fuzzy_logic_dynamic_snr,35.8136,0.999
109,v1,v5,40.0,110.0,20.0,1.0,0.55,0.4,35.4401,False,fuzzy_logic_dynamic_snr,35.4065,1.0
109,v1,v13,40.0,140.0,40.0,1.0,0.7,0.8,35.0088,True,fuzzy_logic_dynamic_snr,2.9686,0.9602
109,v3,v7,20.0,20.0,0.0,0.6,0.1,0.0,17.3979,False,fuzzy_logic_dynamic_snr,17.3741,0.9961
109,v3,v15,20.0,50.0,0.0,0.6,0.25,0.0,16.6021,False,fuzzy_logic_dynamic_snr,16.5741,0.9932
109,v3,v4,20.0,50.09,10.0,0.6,0.2504,0.2,16.2995,False,fuzzy_logic_dynamic_snr,16.2717,0.9951
109,v3,v11,20.0,60.0,0.0,0.6,0.3,0.0,16.4437,True,fuzzy_logic_dynamic_snr,2.9491,0.9602
109,v3,v8,20.0,140.03,20.0,0.6,0.7002,0.4,15.2304,True,fuzzy_logic_dynamic_snr,2.9443,0.9543
109,v4,v3,40.0,50.09,10.0,1.0,0.2504,0.2,36.2995,False,fuzzy_logic_dynamic_snr,36.2709,0.999
109,v4,v7,40.0,70.06,10.0,1.0,0.3503,0.2,36.008,False,fuzzy_logic_dynamic_snr,35.974,1.0
109,v4,v15,40.0,100.04,10.0,1.0,0.5002,0.2,35.6986,False,fuzzy_logic_dynamic_snr,35.6718,0.998
109,v4,v11,40.0,110.04,10.0,1.0,0.5502,0.2,35.6159,False,fuzzy_logic_dynamic_snr,35.5935,1.0
109,v4,v8,40.0,190.0,30.0,1.0,0.95,0.6,34.8404,True,fuzzy_logic_dynamic_snr,2.9689,0.9582
110,v1,v6,40.0,90.05,10.0,1.0,0.4502,0.2,35.79,False,fuzzy_logic_dynamic_snr,35.7568,0.999
110,v1,v5,40.0,130.0,20.0,1.0,0.65,0.4,35.295,True,fuzzy_logic_dynamic_snr,2.9686,0.9592
110,v1,v13,40.0,180.0,30.0,1.0,0.9,0.6,34.8874,True,fuzzy_logic_dynamic_snr,2.9684,0.9582
110,v3,v7,20.0,20.0,10.0,0.6,0.1,0.2,17.0969,False,fuzzy_logic_dynamic_snr,17.0568,0.9971
110,v3,v15,20.0,50.0,20.0,0.6,0.25,0.4,16.1249,True,fuzzy_logic_dynamic_snr,2.9487,0.9563
110,v3,v11,20.0,60.0,20.0,0.6,0.3,0.4,15.9666,True,fuzzy_logic_dynamic_snr,2.9509,0.9607
110,v3,v4,20.0,60.07,0.0,0.6,0.3004,0.0,16.4426,True,fuzzy_logic_dynamic_snr,2.9548,0.9631
110,v3,v8,20.0,160.03,0.0,0.6,0.8001,0.0,15.5916,True,fuzzy_logic_dynamic_snr,2.947,0.9627
110,v4,v3,40.0,60.07,0.0,1.0,0.3004,0.0,36.4426,False,fuzzy_logic_dynamic_snr,36.4068,0.999
110,v4,v7,40.0,80.06,10.0,1.0,0.4003,0.2,35.8922,False,fuzzy_logic_dynamic_snr,35.8604,0.998
110,v4,v15,40.0,110.04,20.0,1.0,0.5502,0.4,35.4398,False,fuzzy_logic_dynamic_snr,35.4209,0.999
110,v4,v11,40.0,120.04,20.0,1.0,0.6002,0.4,35.3642,False,fuzzy_logic_dynamic_snr,35.3409,0.999
111,v1,v6,40.0,100.04,10.0,1.0,0.5002,0.2,35.6986,False,fuzzy_logic_dynamic_snr,35.671,1.0
111,v1,v5,40.0,150.0,30.0,1.0,0.75,0.6,35.0458,True,fuzzy_logic_dynamic_snr,2.9686,0.9592
111,v1,v2,40.0,180.02,20.0,1.0,0.9001,0.4,35.0122,True,fuzzy_logic_dynamic_snr,2.9693,0.9582
111,v2,v1,20.0,180.02,20.0,0.6,0.9001,0.4,15.0122,True,fuzzy_logic_dynamic_snr,2.943,0.9607
111,v3,v7,20.0,30.0,20.0,0.6,0.15,0.4,16.5686,True,fuzzy_logic_dynamic_snr,2.9507,0.9572
111,v3,v4,20.0,60.07,10.0,0.6,0.3004,0.2,16.1416,True,fuzzy_logic_dynamic_snr,2.9507,0.9563
111,v3,v15,20.0,70.0,0.0,0.6,0.35,0.0,16.3098,True,fuzzy_logic_dynamic_snr,2.9501,0.9572
111,v3,v11,20.0,80.0,20.0,0.6,0.4,0.4,15.7167,True,fuzzy_logic_dynamic_snr,2.9479,0.9582
111,v3,v8,20.0,160.03,10.0,0.6,0.8001,0.2,15.2906,True,fuzzy_logic_dynamic_snr,2.9471,0.9578
111,v4,v3,40.0,60.07,10.0,1.0,0.3004,0.2,36.1416,False,fuzzy_logic_dynamic_snr,36.1185,1.0
111,v4,v7,40.0,90.05,30.0,1.0,0.4502,0.6,35.489,True,fuzzy_logic_dynamic_snr,2.9688,0.9572
111,v4,v15,40.0,130.03,10.0,1.0,0.6502,0.2,35.4709,False,fuzzy_logic_dynamic_snr,35.4477,1.0
111,v4,v11,40.0,140.03,30.0,1.0,0.7002,0.6,35.1055,True,fuzzy_logic_dynamic_snr,2.9687,0.9592
112,v1,v6,40.0,90.05,10.0,1.0,0.4502,0.2,35.79,False,fuzzy_logic_dynamic_snr,35.7606,0.999
112,v1,v5,40.0,120.0,20.0,1.0,0.6,0.4,35.3645,False,fuzzy_logic_dynamic_snr,35.3407,0.999
112,v1,v13,40.0,180.0,0.0,1.0,0.9,0.0,35.4895,True,fuzzy_logic_dynamic_snr,2.969,0.9592
112,v3,v7,20.0,50.0,10.0,0.6,0.25,0.2,16.301,False,fuzzy_logic_dynamic_snr,16.2787,0.999
112,v3,v15,20.0,70.0,10.0,0.6,0.35,0.2,16.0088,True,fuzzy_logic_dynamic_snr,2.9485,0.9543
112,v3,v4,20.0,70.06,20.0,0.6,0.3503,0.4,15.8319,True,fuzzy_logic_dynamic_snr,2.9464,0.9598
112,v3,v11,20.0,100.0,0.0,0.6,0.5,0.0,16.0,True,fuzzy_logic_dynamic_snr,2.9506,0.9539
112,v3,v8,20.0,170.03,30.0,0.6,0.8501,0.6,14.9369,True,fuzzy_logic_dynamic_snr,2.9449,0.9543
112,v4,v3,40.0,70.06,20.0,1.0,0.3503,0.4,35.8319,False,fuzzy_logic_dynamic_snr,35.8004,1.0
112,v4,v7,40.0,120.04,10.0,1.0,0.6002,0.2,35.5403,False,fuzzy_logic_dynamic_snr,35.5109,0.998
112,v4,v15,40.0,140.03,30.0,1.0,0.7002,0.6,35.1055,True,fuzzy_logic_dynamic_snr,2.9686,0.9592
112,v4,v11,40.0,170.03,20.0,1.0,0.8501,0.4,35.0618,True,fuzzy_logic_dynamic_snr,2.9685,0.9592
113,v1,v6,40.0,80.06,20.0,1.0,0.4003,0.4,35.7161,False,fuzzy_logic_dynamic_snr,35.685,1.0
113,v1,v5,40.0,140.0,10.0,1.0,0.7,0.2,35.4067,False,fuzzy_logic_dynamic_snr,35.3849,1.0
113,v1,v13,40.0,180.0,20.0,1.0,0.9,0.4,35.0123,True,fuzzy_logic_dynamic_snr,2.9688,0.9582
113,v3,v4,20.0,50.09,20.0,0.6,0.2504,0.4,16.1234,True,fuzzy_logic_dynamic_snr,2.9492,0.9602
113,v3,v7,20.0,60.0,20.0,0.6,0.3,0.4,15.9666,True,fuzzy_logic_dynamic_snr,2.9501,0.9568
113,v3,v15,20.0,60.0,20.0,0.6,0.3,0.4,15.9666,True,fuzzy_logic_dynamic_snr,2.9488,0.9592
113,v3,v11,20.0,100.0,20.0,0.6,0.5,0.4,15.5229,True,fuzzy_logic_dynamic_snr,2.9484,0.9592
113,v4,v3,40.0,50.09,20.0,1.0,0.2504,0.4,36.1234,False,fuzzy_logic_dynamic_snr,36.1011,1.0
113,v4,v7,40.0,110.04,40.0,1.0,0.5502,0.8,35.2179,True,fuzzy_logic_dynamic_snr,2.9687,0.9582
113,v4,v15,40.0,110.04,40.0,1.0,0.5502,0.8,35.2179,True,fuzzy_logic_dynamic_snr,2.9686,0.9582
113,v4,v11,40.0,150.03,40.0,1.0,0.7501,0.8,34.9487,True,fuzzy_logic_dynamic_snr,2.9687,0.9572
114,v1,v6,40.0,100.04,20.0,1.0,0.5002,0.4,35.5225,False,fuzzy_logic_dynamic_snr,35.4923,0.999
114,v1,v5,40.0,130.0,20.0,1.0,0.65,0.4,35.295,True,fuzzy_logic_dynamic_snr,2.9691,0.9592
114,v1,v13,40.0,200.0,30.0,1.0,1.0,0.6,34.7959,True,fuzzy_logic_dynamic_snr,2.9683,0.9592
114,v3,v4,20.0,30.15,30.0,0.6,0.1507,0.6,16.4394,True,fuzzy_logic_dynamic_snr,2.9515,0.9607
114,v3,v7,20.0,40.0,40.0,0.6,0.2,0.8,16.0969,True,fuzzy_logic_dynamic_snr,2.9469,0.9553
114,v3,v15,20.0,40.0,0.0,0.6,0.2,0.0,16.7959,False,fuzzy_logic_dynamic_snr,16.7745,0.998
114,v3,v11,20.0,80.0,40.0,0.6,0.4,0.8,15.4949,True,fuzzy_logic_dynamic_snr,2.9451,0.9578
114,v3,v8,20.0,180.02,20.0,0.6,0.9001,0.4,15.0122,True,fuzzy_logic_dynamic_snr,2.9454,0.9572
114,v4,v3,40.0,30.15,30.0,1.0,0.1507,0.6,36.4394,False,fuzzy_logic_dynamic_snr,36.4067,0.999
114,v4,v7,40.0,70.06,10.0,1.0,0.3503,0.2,36.008,False,fuzzy_logic_dynamic_snr,35.9805,0.999
114,v4,v15,40.0,70.06,30.0,1.0,0.3503,0.6,35.7069,False,fuzzy_logic_dynamic_snr,35.6672,1.0
114,v4,v11,40.0,110.04,10.0,1.0,0.5502,0.2,35.6159,False,fuzzy_logic_dynamic_snr,35.5824,0.999
115,v1,v6,40.0,80.06,30.0,1.0,0.4003,0.6,35.5911,False,fuzzy_logic_dynamic_snr,35.5633,0.999
115,v1,v5,40.0,110.0,0.0,1.0,0.55,0.0,35.9172,False,fuzzy_logic_dynamic_snr,35.9143,1.0
115,v1,v13,40.0,170.0,20.0,1.0,0.85,0.4,35.062,True,fuzzy_logic_dynamic_snr,2.9688,0.9572
115,v3,v7,20.0,0.0,10.0,0.6,0.0,0.2,21.699,False,fuzzy_logic_dynamic_snr,21.6672,0.9961
115,v3,v11,20.0,40.0,20.0,0.6,0.2,0.4,16.3188,True,fuzzy_logic_dynamic_snr,2.9515,0.952
115,v3,v15,20.0,40.0,10.0,0.6,0.2,0.2,16.4949,False,fuzzy_logic_dynamic_snr,16.4636,0.998
115,v3,v4,20.0,60.07,30.0,0.6,0.3004,0.6,15.8406,True,fuzzy_logic_dynamic_snr,2.949,0.9586
115,v3,v8,20.0,160.03,30.0,0.6,0.8001,0.6,14.9895,True,fuzzy_logic_dynamic_snr,2.9422,0.9588
115,v4,v3,40.0,60.07,30.0,1.0,0.3004,0.6,35.8406,False,fuzzy_logic_dynamic_snr,35.8199,0.999
115,v4,v7,40.0,60.07,20.0,1.0,0.3004,0.4,35.9655,False,fuzzy_logic_dynamic_snr,35.941,1.0
115,v4,v11,40.0,100.04,10.0,1.0,0.5002,0.2,35.6986,False,fuzzy_logic_dynamic_snr,35.6667,0.999
115,v4,v15,40.0,100.04,20.0,1.0,0.5002,0.4,35.5225,False,fuzzy_logic_dynamic_snr,35.4995,1.0
116,v1,v5,40.0,110.0,0.0,1.0,0.55,0.0,35.9172,False,fuzzy_logic_dynamic_snr,35.8954,0.999
116,v1,v6,40.0,110.04,20.0,1.0,0.5502,0.4,35.4398,False,fuzzy_logic_dynamic_snr,35.3964,1.0
116,v1,v13,40.0,190.0,0.0,1.0,0.95,0.0,35.4425,True,fuzzy_logic_dynamic_snr,2.9692,0.9602
116,v3,v7,20.0,10.0,30.0,0.6,0.05,0.6,17.3979,True,fuzzy_logic_dynamic_snr,2.9528,0.9582
116,v3,v11,20.0,20.0,40.0,0.6,0.1,0.8,16.699,True,fuzzy_logic_dynamic_snr,2.9516,0.9582
116,v3,v15,20.0,30.0,40.0,0.6,0.15,0.8,16.3468,True,fuzzy_logic_dynamic_snr,2.9509,0.9582
116,v3,v4,20.0,90.05,20.0,0.6,0.4502,0.4,15.6139,True,fuzzy_logic_dynamic_snr,2.9469,0.9621
116,v3,v8,20.0,130.03,40.0,0.6,0.6502,0.8,15.0729,True,fuzzy_logic_dynamic_snr,2.9453,0.9568
116,v4,v7,40.0,80.06,10.0,1.0,0.4003,0.2,35.8922,False,fuzzy_logic_dynamic_snr,35.8607,0.999
116,v4,v3,40.0,90.05,20.0,1.0,0.4502,0.4,35.6139,False,fuzzy_logic_dynamic_snr,35.593,0.999
116,v4,v11,40.0,110.04,20.0,1.0,0.5502,0.4,35.4398,False,fuzzy_logic_dynamic_snr,35.4186,1.0
116,v4,v15,40.0,120.04,20.0,1.0,0.6002,0.4,35.3642,False,fuzzy_logic_dynamic_snr,35.3311,1.0
117,v1,v5,40.0,110.0,30.0,1.0,0.55,0.6,35.3152,True,fuzzy_logic_dynamic_snr,2.9688,0.9592
117,v1,v6,40.0,130.03,40.0,1.0,0.6502,0.8,35.0729,True,fuzzy_logic_dynamic_snr,2.969,0.9582
117,v1,v13,40.0,190.0,10.0,1.0,0.95,0.2,35.1415,True,fuzzy_logic_dynamic_snr,2.9691,0.9592
117,v3,v15,20.0,10.0,0.0,0.6,0.05,0.0,18.0,False,fuzzy_logic_dynamic_snr,17.9814,0.9971
117,v3,v11,20.0,20.0,0.0,0.6,0.1,0.0,17.3979,False,fuzzy_logic_dynamic_snr,17.3598,0.9961
117,v3,v7,20.0,40.0,10.0,0.6,0.2,0.2,16.4949,False,fuzzy_logic_dynamic_snr,16.4769,0.998
117,v3,v8,20.0,90.05,30.0,0.6,0.4502,0.6,15.489,True,fuzzy_logic_dynamic_snr,2.947,0.9563
117,v3,v4,20.0,110.04,20.0,0.6,0.5502,0.4,15.4398,True,fuzzy_logic_dynamic_snr,2.9459,0.9627
117,v4,v7,40.0,70.06,30.0,1.0,0.3503,0.6,35.7069,False,fuzzy_logic_dynamic_snr,35.6856,1.0
117,v4,v11,40.0,90.05,20.0,1.0,0.4502,0.4,35.6139,False,fuzzy_logic_dynamic_snr,35.5914,0.999
117,v4,v15,40.0,100.04,20.0,1.0,0.5002,0.4,35.5225,False,fuzzy_logic_dynamic_snr,35.4952,1.0
117,v4,v3,40.0,110.04,20.0,1.0,0.5502,0.4,35.4398,False,fuzzy_logic_dynamic_snr,35.429,1.0
117,v4,v8,40.0,200.0,10.0,1.0,1.0,0.2,35.0969,True,fuzzy_logic_dynamic_snr,2.9687,0.9592
118,v1,v5,40.0,140.0,40.0,1.0,0.7,0.8,35.0088,True,fuzzy_logic_dynamic_snr,2.9692,0.9582
118,v1,v6,40.0,170.03,20.0,1.0,0.8501,0.4,35.0618,True,fuzzy_logic_dynamic_snr,2.9689,0.9582
118,v1,v13,40.0,200.0,40.0,1.0,1.0,0.8,34.699,True,fuzzy_logic_dynamic_snr,2.9688,0.9592
118,v3,v15,20.0,10.0,0.0,0.6,0.05,0.0,18.0,False,fuzzy_logic_dynamic_snr,17.9882,0.9951
118,v3,v11,20.0,20.0,30.0,0.6,0.1,0.6,16.7959,True,fuzzy_logic_dynamic_snr,2.9535,0.9607
118,v3,v7,20.0,50.0,10.0,0.6,0.25,0.2,16.301,False,fuzzy_logic_dynamic_snr,16.2665,0.999
118,v3,v4,20.0,90.05,30.0,0.6,0.4502,0.6,15.489,True,fuzzy_logic_dynamic_snr,2.947,0.9553
118,v3,v8,20.0,120.04,0.0,0.6,0.6002,0.0,15.8414,True,fuzzy_logic_dynamic_snr,2.95,0.9582
118,v4,v7,40.0,40.11,20.0,1.0,0.2006,0.4,36.3163,False,fuzzy_logic_dynamic_snr,36.2845,0.999
118,v4,v11,40.0,70.06,0.0,1.0,0.3503,0.0,36.309,False,fuzzy_logic_dynamic_snr,36.2857,1.0
118,v4,v15,40.0,80.06,30.0,1.0,0.4003,0.6,35.5911,False,fuzzy_logic_dynamic_snr,35.5636,1.0
118,v4,v3,40.0,90.05,30.0,1.0,0.4502,0.6,35.489,True,fuzzy_logic_dynamic_snr,2.9693,0.9592
119,v1,v5,40.0,100.0,0.0,1.0,0.5,0.0,36.0,False,fuzzy_logic_dynamic_snr,35.9805,1.0
119,v1,v6,40.0,150.03,10.0,1.0,0.7501,0.2,35.3466,False,fuzzy_logic_dynamic_snr,35.318,0.999
119,v1,v13,40.0,160.0,30.0,1.0,0.8,0.6,34.9897,True,fuzzy_logic_dynamic_snr,2.969,0.9602
119,v3,v11,20.0,10.0,10.0,0.6,0.05,0.2,17.699,False,fuzzy_logic_dynamic_snr,17.6635,0.9961
119,v3,v15,20.0,10.0,20.0,0.6,0.05,0.4,17.5229,True,fuzzy_logic_dynamic_snr,2.9576,0.9592
119,v3,v7,20.0,40.0,20.0,0.6,0.2,0.4,16.3188,True,fuzzy_logic_dynamic_snr,2.9506,0.9563
119,v3,v4,20.0,60.07,20.0,0.6,0.3004,0.4,15.9655,True,fuzzy_logic_dynamic_snr,2.9496,0.9582
119,v3,v8,20.0,120.04,30.0,0.6,0.6002,0.6,15.2393,True,fuzzy_logic_dynamic_snr,2.9451,0.9598
119,v4,v7,40.0,20.22,0.0,1.0,0.1011,0.0,37.3883,False,fuzzy_logic_dynamic_snr,37.3668,1.0
119,v4,v15,40.0,50.09,0.0,1.0,0.2504,0.0,36.6005,False,fuzzy_logic_dynamic_snr,36.5716,1.0
119,v4,v3,40.0,60.07,20.0,1.0,0.3004,0.4,35.9655,False,fuzzy_logic_dynamic_snr,35.9271,0.999
119,v4,v11,40.0,70.06,10.0,1.0,0.3503,0.2,36.008,False,fuzzy_logic_dynamic_snr,35.9835,1.0
119,v4,v8,40.0,180.0,10.0,1.0,0.9,0.2,35.1884,True,fuzzy_logic_dynamic_snr,2.969,0.9592
120,v1,v5,40.0,100.0,0.0,1.0,0.5,0.0,36.0,False,fuzzy_logic_dynamic_snr,35.9751,0.998
120,v1,v13,40.0,130.0,20.0,1.0,0.65,0.4,35.295,True,fuzzy_logic_dynamic_snr,2.9683,0.9572
120,v1,v6,40.0,140.03,20.0,1.0,0.7002,0.4,35.2304,True,fuzzy_logic_dynamic_snr,2.9691,0.9592
120,v3,v15,20.0,10.0,20.0,0.6,0.05,0.4,17.5229,True,fuzzy_logic_dynamic_snr,2.9562,0.9592
120,v3,v7,20.0,20.0,0.0,0.6,0.1,0.0,17.3979,False,fuzzy_logic_dynamic_snr,17.3798,0.998
120,v3,v11,20.0,20.0,10.0,0.6,0.1,0.2,17.0969,False,fuzzy_logic_dynamic_snr,17.0703,0.998
120,v3,v4,20.0,40.11,20.0,0.6,0.2006,0.4,16.3163,True,fuzzy_logic_dynamic_snr,2.9489,0.9566
120,v3,v8,20.0,150.03,10.0,0.6,0.7501,0.2,15.3466,True,fuzzy_logic_dynamic_snr,2.9477,0.9617
120,v4,v7,40.0,20.22,20.0,1.0,0.1011,0.4,36.9112,False,fuzzy_logic_dynamic_snr,36.887,1.0
120,v4,v3,40.0,40.11,20.0,1.0,0.2006,0.4,36.3163,False,fuzzy_logic_dynamic_snr,36.2981,1.0
120,v4,v15,40.0,50.09,40.0,1.0,0.2504,0.8,35.9015,True,fuzzy_logic_dynamic_snr,2.9686,0.9592
120,v4,v11,40.0,60.07,10.0,1.0,0.3004,0.2,36.1416,False,fuzzy_logic_dynamic_snr,36.1052,0.999
120,v4,v8,40.0,190.0,30.0,1.0,0.95,0.6,34.8404,True,fuzzy_logic_dynamic_snr,2.9688,0.9582
121,v1,v5,40.0,100.0,0.0,1.0,0.5,0.0,36.0,False,fuzzy_logic_dynamic_snr,35.9627,0.999
121,v1,v13,40.0,110.0,0.0,1.0,0.55,0.0,35.9172,False,fuzzy_logic_dynamic_snr,35.9011,0.999
121,v1,v6,40.0,160.03,0.0,1.0,0.8001,0.0,35.5916,True,fuzzy_logic_dynamic_snr,2.9689,0.9602
121,v3,v15,20.0,10.0,40.0,0.6,0.05,0.8,17.301,True,fuzzy_logic_dynamic_snr,2.953,0.9582
121,v3,v7,20.0,20.0,0.0,0.6,0.1,0.0,17.3979,False,fuzzy_logic_dynamic_snr,17.3719,0.9951
121,v3,v4,20.0,20.22,40.0,0.6,0.1011,0.8,16.6893,True,fuzzy_logic_dynamic_snr,2.9512,0.9523
121,v3,v11,20.0,30.0,30.0,0.6,0.15,0.6,16.4437,True,fuzzy_logic_dynamic_snr,2.9508,0.9656
121,v3,v8,20.0,140.03,0.0,0.6,0.7002,0.0,15.7075,True,fuzzy_logic_dynamic_snr,2.9501,0.9602
121,v4,v7,40.0,3.0,40.0,1.0,0.015,0.8,38.3468,True,fuzzy_logic_dynamic_snr,2.9685,0.9592
121,v4,v15,40.0,10.44,0.0,1.0,0.0522,0.0,37.9626,False,fuzzy_logic_dynamic_snr,37.9364,0.999
121,v4,v3,40.0,20.22,40.0,1.0,0.1011,0.8,36.6893,True,fuzzy_logic_dynamic_snr,2.9688,0.9592
121,v4,v11,40.0,50.09,10.0,1.0,0.2504,0.2,36.2995,False,fuzzy_logic_dynamic_snr,36.259,1.0
121,v4,v8,40.0,160.0,40.0,1.0,0.8,0.8,34.8928,True,fuzzy_logic_dynamic_snr,2.9683,0.9592
122,v1,v5,40.0,100.0,20.0,1.0,0.5,0.4,35.5229,False,fuzzy_logic_dynamic_snr,35.4908,0.998
122,v1,v13,40.0,110.0,20.0,1.0,0.55,0.4,35.4401,False,fuzzy_logic_dynamic_snr,35.4056,0.999
122,v1,v6,40.0,160.03,20.0,1.0,0.8001,0.4,35.1145,True,fuzzy_logic_dynamic_snr,2.9687,0.9592
122,v3,v11,20.0,0.0,10.0,0.6,0.0,0.2,21.699,False,fuzzy_logic_dynamic_snr,21.678,0.998
122,v3,v7,20.0,20.0,10.0,0.6,0.1,0.2,17.0969,False,fuzzy_logic_dynamic_snr,17.0701,0.999
122,v3,v15,20.0,50.0,10.0,0.6,0.25,0.2,16.301,False,fuzzy_logic_dynamic_snr,16.2658,0.9971
122,v3,v4,20.0,60.07,20.0,0.6,0.3004,0.4,15.9655,True,fuzzy_logic_dynamic_snr,2.9486,0.9582
122,v3,v8,20.0,140.03,20.0,0.6,0.7002,0.4,15.2304,True,fuzzy_logic_dynamic_snr,2.9449,0.9547
122,v4,v15,40.0,10.44,30.0,1.0,0.0522,0.6,37.3605,False,fuzzy_logic_dynamic_snr,37.3315,0.999
122,v4,v7,40.0,40.11,10.0,1.0,0.2006,0.2,36.4924,False,fuzzy_logic_dynamic_snr,36.4574,0.998
122,v4,v3,40.0,60.07,20.0,1.0,0.3004,0.4,35.9655,False,fuzzy_logic_dynamic_snr,35.9409,1.0
122,v4,v11,40.0,60.07,30.0,1.0,0.3004,0.6,35.8406,False,fuzzy_logic_dynamic_snr,35.8177,0.998
122,v4,v8,40.0,200.0,40.0,1.0,1.0,0.8,34.699,True,fuzzy_logic_dynamic_snr,2.9684,0.9592
123,v1,v5,40.0,120.0,20.0,1.0,0.6,0.4,35.3645,False,fuzzy_logic_dynamic_snr,35.3346,1.0
123,v1,v13,40.0,130.0,20.0,1.0,0.65,0.4,35.295,True,fuzzy_logic_dynamic_snr,2.9687,0.9572
123,v1,v6,40.0,140.03,10.0,1.0,0.7002,0.2,35.4065,False,fuzzy_logic_dynamic_snr,35.3901,0.998
123,v3,v7,20.0,10.0,40.0,0.6,0.05,0.8,17.301,True,fuzzy_logic_dynamic_snr,2.9555,0.9641
123,v3,v11,20.0,10.0,40.0,0.6,0.05,0.8,17.301,True,fuzzy_logic_dynamic_snr,2.9536,0.9568
123,v3,v4,20.0,40.11,20.0,0.6,0.2006,0.4,16.3163,True,fuzzy_logic_dynamic_snr,2.951,0.9598
123,v3,v15,20.0,60.0,0.0,0.6,0.3,0.0,16.4437,True,fuzzy_logic_dynamic_snr,2.9491,0.9588
123,v3,v8,20.0,120.04,40.0,0.6,0.6002,0.8,15.1424,True,fuzzy_logic_dynamic_snr,2.9467,0.9621
123,v4,v15,40.0,20.22,20.0,1.0,0.1011,0.4,36.9112,False,fuzzy_logic_dynamic_snr,36.8719,1.0
123,v4,v7,40.0,30.15,20.0,1.0,0.1507,0.4,36.5643,False,fuzzy_logic_dynamic_snr,36.524,1.0
123,v4,v11,40.0,30.15,20.0,1.0,0.1507,0.4,36.5643,False,fuzzy_logic_dynamic_snr,36.5316,1.0
123,v4,v3,40.0,40.11,20.0,1.0,0.2006,0.4,36.3163,False,fuzzy_logic_dynamic_snr,36.2795,1.0
123,v4,v8,40.0,160.0,20.0,1.0,0.8,0.4,35.1146,True,fuzzy_logic_dynamic_snr,2.9688,0.9582
124,v1,v5,40.0,140.0,10.0,1.0,0.7,0.2,35.4067,False,fuzzy_logic_dynamic_snr,35.3818,0.999
124,v1,v13,40.0,150.0,30.0,1.0,0.75,0.6,35.0458,True,fuzzy_logic_dynamic_snr,2.9685,0.9602
124,v1,v6,40.0,150.03,10.0,1.0,0.7501,0.2,35.3466,False,fuzzy_logic_dynamic_snr,35.3252,0.999
124,v3,v7,20.0,50.0,20.0,0.6,0.25,0.4,16.1249,True,fuzzy_logic_dynamic_snr,2.9496,0.9563
124,v3,v11,20.0,50.0,0.0,0.6,0.25,0.0,16.6021,False,fuzzy_logic_dynamic_snr,16.563,0.998
124,v3,v15,20.0,60.0,10.0,0.6,0.3,0.2,16.1427,True,fuzzy_logic_dynamic_snr,2.9496,0.9568
124,v3,v4,20.0,60.07,20.0,0.6,0.3004,0.4,15.9655,True,fuzzy_logic_dynamic_snr,2.9494,0.9588
124,v3,v8,20.0,80.06,10.0,0.6,0.4003,0.2,15.8922,True,fuzzy_logic_dynamic_snr,2.9494,0.9598
124,v4,v15,40.0,3.0,30.0,1.0,0.015,0.6,38.4437,False,fuzzy_logic_dynamic_snr,38.4302,1.0
124,v4,v7,40.0,10.44,0.0,1.0,0.0522,0.0,37.9626,False,fuzzy_logic_dynamic_snr,37.9374,0.999
124,v4,v11,40.0,10.44,20.0,1.0,0.0522,0.4,37.4855,False,fuzzy_logic_dynamic_snr,37.4581,1.0
124,v4,v3,40.0,60.07,20.0,1.0,0.3004,0.4,35.9655,False,fuzzy_logic_dynamic_snr,35.942,0.999
124,v4,v8,40.0,140.0,10.0,1.0,0.7,0.2,35.4067,False,fuzzy_logic_dynamic_snr,35.371,1.0
125,v1,v13,40.0,120.0,10.0,1.0,0.6,0.2,35.5406,False,fuzzy_logic_dynamic_snr,35.518,0.999
125,v1,v5,40.0,130.0,0.0,1.0,0.65,0.0,35.7721,False,fuzzy_logic_dynamic_snr,35.749,0.999
125,v1,v6,40.0,140.03,0.0,1.0,0.7002,0.0,35.7075,False,fuzzy_logic_dynamic_snr,35.6674,0.998
125,v3,v11,20.0,50.0,10.0,0.6,0.25,0.2,16.301,False,fuzzy_logic_dynamic_snr,16.2763,0.9961
125,v3,v15,20.0,50.0,10.0,0.6,0.25,0.2,16.301,False,fuzzy_logic_dynamic_snr,16.2784,0.9971
125,v3,v7,20.0,70.0,10.0,0.6,0.35,0.2,16.0088,True,fuzzy_logic_dynamic_snr,2.9503,0.9631
125,v3,v8,20.0,70.06,30.0,0.6,0.3503,0.6,15.7069,True,fuzzy_logic_dynamic_snr,2.9484,0.9592
125,v3,v4,20.0,80.06,20.0,0.6,0.4003,0.4,15.7161,True,fuzzy_logic_dynamic_snr,2.9478,0.9563
125,v4,v7,40.0,10.44,10.0,1.0,0.0522,0.2,37.6615,False,fuzzy_logic_dynamic_snr,37.6324,0.999
125,v4,v11,40.0,30.15,10.0,1.0,0.1507,0.2,36.7404,False,fuzzy_logic_dynamic_snr,36.7081,1.0
125,v4,v15,40.0,30.15,30.0,1.0,0.1507,0.6,36.4394,False,fuzzy_logic_dynamic_snr,36.4043,0.999
125,v4,v3,40.0,80.06,20.0,1.0,0.4003,0.4,35.7161,False,fuzzy_logic_dynamic_snr,35.6904,1.0
125,v4,v8,40.0,150.0,10.0,1.0,0.75,0.2,35.3468,False,fuzzy_logic_dynamic_snr,35.3224,0.999
126,v1,v5,40.0,130.0,20.0,1.0,0.65,0.4,35.295,True,fuzzy_logic_dynamic_snr,2.9688,0.9592
126,v1,v13,40.0,130.0,0.0,1.0,0.65,0.0,35.7721,False,fuzzy_logic_dynamic_snr,35.7426,0.999
126,v1,v6,40.0,140.03,10.0,1.0,0.7002,0.2,35.4065,False,fuzzy_logic_dynamic_snr,35.3872,0.999
126,v3,v15,20.0,40.0,20.0,0.6,0.2,0.4,16.3188,True,fuzzy_logic_dynamic_snr,2.9508,0.9533
126,v3,v8,20.0,40.11,10.0,0.6,0.2006,0.2,16.4924,False,fuzzy_logic_dynamic_snr,16.4631,0.998
126,v3,v11,20.0,60.0,10.0,0.6,0.3,0.2,16.1427,True,fuzzy_logic_dynamic_snr,2.9491,0.9627
126,v3,v7,20.0,80.0,10.0,0.6,0.4,0.2,15.8928,True,fuzzy_logic_dynamic_snr,2.9471,0.9572
126,v3,v4,20.0,100.04,0.0,0.6,0.5002,0.0,15.9996,True,fuzzy_logic_dynamic_snr,2.9476,0.9621
126,v4,v7,40.0,20.22,10.0,1.0,0.1011,0.2,37.0872,False,fuzzy_logic_dynamic_snr,37.0538,1.0
126,v4,v11,40.0,40.11,10.0,1.0,0.2006,0.2,36.4924,False,fuzzy_logic_dynamic_snr,36.4714,0.999
126,v4,v15,40.0,60.07,20.0,1.0,0.3004,0.4,35.9655,False,fuzzy_logic_dynamic_snr,35.9397,0.998
126,v4,v3,40.0,100.04,0.0,1.0,0.5002,0.0,35.9996,False,fuzzy_logic_dynamic_snr,35.9827,1.0
126,v4,v8,40.0,140.0,10.0,1.0,0.7,0.2,35.4067,False,fuzzy_logic_dynamic_snr,35.3889,1.0
127,v1,v5,40.0,110.0,20.0,1.0,0.55,0.4,35.4401,False,fuzzy_logic_dynamic_snr,35.4132,1.0
127,v1,v13,40.0,130.0,40.0,1.0,0.65,0.8,35.0731,True,fuzzy_logic_dynamic_snr,2.9688,0.9602
127,v1,v6,40.0,150.03,0.0,1.0,0.7501,0.0,35.6476,False,fuzzy_logic_dynamic_snr,35.6254,1.0
127,v3,v8,20.0,50.09,30.0,0.6,0.2504,0.6,15.9984,True,fuzzy_logic_dynamic_snr,2.9504,0.9611
127,v3,v15,20.0,60.0,20.0,0.6,0.3,0.4,15.9666,True,fuzzy_logic_dynamic_snr,2.9502,0.9588
127,v3,v7,20.0,70.0,10.0,0.6,0.35,0.2,16.0088,True,fuzzy_logic_dynamic_snr,2.9478,0.9631
127,v3,v11,20.0,70.0,10.0,0.6,0.35,0.2,16.0088,True,fuzzy_logic_dynamic_snr,2.9487,0.9582
127,v3,v4,20.0,100.04,10.0,0.6,0.5002,0.2,15.6986,True,fuzzy_logic_dynamic_snr,2.9476,0.9617
127,v4,v7,40.0,30.15,0.0,1.0,0.1507,0.0,37.0414,False,fuzzy_logic_dynamic_snr,37.0176,1.0
127,v4,v11,40.0,30.15,0.0,1.0,0.1507,0.0,37.0414,False,fuzzy_logic_dynamic_snr,37.0126,0.999
127,v4,v15,40.0,40.11,30.0,1.0,0.2006,0.6,36.1914,False,fuzzy_logic_dynamic_snr,36.1638,1.0
127,v4,v3,40.0,100.04,10.0,1.0,0.5002,0.2,35.6986,False,fuzzy_logic_dynamic_snr,35.6778,0.999
127,v4,v8,40.0,150.0,40.0,1.0,0.75,0.8,34.9488,True,fuzzy_logic_dynamic_snr,2.9684,0.9592
128,v1,v5,40.0,90.0,30.0,1.0,0.45,0.6,35.4895,False,fuzzy_logic_dynamic_snr,35.4671,1.0
128,v1,v13,40.0,90.0,30.0,1.0,0.45,0.6,35.4895,False,fuzzy_logic_dynamic_snr,35.4635,1.0
128,v1,v6,40.0,150.03,20.0,1.0,0.7501,0.4,35.1705,True,fuzzy_logic_dynamic_snr,2.9693,0.9572
128,v3,v15,20.0,40.0,10.0,0.6,0.2,0.2,16.4949,False,fuzzy_logic_dynamic_snr,16.4656,0.9951
128,v3,v7,20.0,80.0,30.0,0.6,0.4,0.6,15.5918,True,fuzzy_logic_dynamic_snr,2.9464,0.9549
128,v3,v11,20.0,80.0,0.0,0.6,0.4,0.0,16.1938,True,fuzzy_logic_dynamic_snr,2.9488,0.9543
128,v3,v8,20.0,80.06,0.0,0.6,0.4003,0.0,16.1932,True,fuzzy_logic_dynamic_snr,2.9495,0.9646
128,v3,v4,20.0,110.04,30.0,0.6,0.5502,0.6,15.3148,True,fuzzy_logic_dynamic_snr,2.9485,0.9627
128,v4,v7,40.0,30.15,0.0,1.0,0.1507,0.0,37.0414,False,fuzzy_logic_dynamic_snr,37.0155,0.998
128,v4,v11,40.0,30.15,30.0,1.0,0.1507,0.6,36.4394,False,fuzzy_logic_dynamic_snr,36.4092,1.0
128,v4,v15,40.0,70.06,40.0,1.0,0.3503,0.8,35.61,True,fuzzy_logic_dynamic_snr,2.969,0.9582
128,v4,v3,40.0,110.04,30.0,1.0,0.5502,0.6,35.3148,True,fuzzy_logic_dynamic_snr,2.9685,0.9582
128,v4,v8,40.0,190.0,30.0,1.0,0.95,0.6,34.8404,True,fuzzy_logic_dynamic_snr,2.9694,0.9582
129,v1,v5,40.0,60.0,0.0,1.0,0.3,0.0,36.4437,False,fuzzy_logic_dynamic_snr,36.4169,0.999
129,v1,v13,40.0,60.0,0.0,1.0,0.3,0.0,36.4437,False,fuzzy_logic_dynamic_snr,36.42,1.0
129,v1,v6,40.0,130.03,30.0,1.0,0.6502,0.6,35.1698,True,fuzzy_logic_dynamic_snr,2.9691,0.9582
129,v3,v7,20.0,50.0,20.0,0.6,0.25,0.4,16.1249,True,fuzzy_logic_dynamic_snr,2.9511,0.9553
129,v3,v15,20.0,50.0,10.0,0.6,0.25,0.2,16.301,False,fuzzy_logic_dynamic_snr,16.2686,0.9965
129,v3,v11,20.0,80.0,40.0,0.6,0.4,0.8,15.4949,True,fuzzy_logic_dynamic_snr,2.9457,0.9549
129,v3,v4,20.0,80.06,40.0,0.6,0.4003,0.8,15.4942,True,fuzzy_logic_dynamic_snr,2.9467,0.9592
129,v3,v8,20.0,80.06,40.0,0.6,0.4003,0.8,15.4942,True,fuzzy_logic_dynamic_snr,2.947,0.9553
129,v4,v11,40.0,3.0,0.0,1.0,0.015,0.0,39.0458,False,fuzzy_logic_dynamic_snr,39.0222,1.0
129,v4,v7,40.0,30.15,20.0,1.0,0.1507,0.4,36.5643,False,fuzzy_logic_dynamic_snr,36.5473,1.0
129,v4,v15,40.0,30.15,30.0,1.0,0.1507,0.6,36.4394,False,fuzzy_logic_dynamic_snr,36.41,1.0
129,v4,v3,40.0,80.06,40.0,1.0,0.4003,0.8,35.4942,True,fuzzy_logic_dynamic_snr,2.969,0.9582
129,v4,v8,40.0,160.0,0.0,1.0,0.8,0.0,35.5918,True,fuzzy_logic_dynamic_snr,2.9693,0.9592
130,v1,v5,40.0,60.0,10.0,1.0,0.3,0.2,36.1427,False,fuzzy_logic_dynamic_snr,36.1129,0.999
130,v1,v13,40.0,60.0,20.0,1.0,0.3,0.4,35.9666,False,fuzzy_logic_dynamic_snr,35.941,0.999
130,v1,v6,40.0,100.04,20.0,1.0,0.5002,0.4,35.5225,False,fuzzy_logic_dynamic_snr,35.5028,0.998
130,v3,v7,20.0,30.0,10.0,0.6,0.15,0.2,16.7447,False,fuzzy_logic_dynamic_snr,16.7156,0.9971
130,v3,v11,20.0,40.0,0.0,0.6,0.2,0.0,16.7959,False,fuzzy_logic_dynamic_snr,16.75,0.999
130,v3,v15,20.0,40.0,30.0,0.6,0.2,0.6,16.1938,True,fuzzy_logic_dynamic_snr,2.9484,0.9563
130,v3,v4,20.0,40.11,30.0,0.6,0.2006,0.6,16.1914,True,fuzzy_logic_dynamic_snr,2.949,0.9553
130,v3,v8,20.0,120.04,30.0,0.6,0.6002,0.6,15.2393,True,fuzzy_logic_dynamic_snr,2.9451,0.9523
130,v4,v11,40.0,3.0,30.0,1.0,0.015,0.6,38.4437,False,fuzzy_logic_dynamic_snr,38.4138,1.0
130,v4,v15,40.0,3.0,0.0,1.0,0.015,0.0,39.0458,False,fuzzy_logic_dynamic_snr,39.0186,1.0
130,v4,v7,40.0,10.44,20.0,1.0,0.0522,0.4,37.4855,False,fuzzy_logic_dynamic_snr,37.4636,0.999
130,v4,v3,40.0,40.11,30.0,1.0,0.2006,0.6,36.1914,False,fuzzy_logic_dynamic_snr,36.1683,1.0
130,v4,v8,40.0,160.0,0.0,1.0,0.8,0.0,35.5918,True,fuzzy_logic_dynamic_snr,2.9685,0.9582
131,v1,v5,40.0,50.0,10.0,1.0,0.25,0.2,36.301,False,fuzzy_logic_dynamic_snr,36.2633,0.999
131,v1,v13,40.0,80.0,0.0,1.0,0.4,0.0,36.1938,False,fuzzy_logic_dynamic_snr,36.1611,1.0
131,v1,v6,40.0,120.04,20.0,1.0,0.6002,0.4,35.3642,False,fuzzy_logic_dynamic_snr,35.3385,1.0
131,v3,v15,20.0,10.0,0.0,0.6,0.05,0.0,18.0,False,fuzzy_logic_dynamic_snr,17.9763,0.998
131,v3,v4,20.0,10.44,0.0,0.6,0.0522,0.0,17.9626,False,fuzzy_logic_dynamic_snr,17.9212,0.9971
131,v3,v7,20.0,20.0,0.0,0.6,0.1,0.0,17.3979,False,fuzzy_logic_dynamic_snr,17.379,0.9961
131,v3,v11,20.0,40.0,10.0,0.6,0.2,0.2,16.4949,False,fuzzy_logic_dynamic_snr,16.4722,0.9961
131,v3,v8,20.0,150.03,10.0,0.6,0.7501,0.2,15.3466,True,fuzzy_logic_dynamic_snr,2.9457,0.9627
131,v4,v15,40.0,3.0,0.0,1.0,0.015,0.0,39.0458,False,fuzzy_logic_dynamic_snr,39.0069,1.0
131,v4,v3,40.0,10.44,0.0,1.0,0.0522,0.0,37.9626,False,fuzzy_logic_dynamic_snr,37.939,1.0
131,v4,v7,40.0,10.44,0.0,1.0,0.0522,0.0,37.9626,False,fuzzy_logic_dynamic_snr,37.9432,1.0
131,v4,v11,40.0,30.15,10.0,1.0,0.1507,0.2,36.7404,False,fuzzy_logic_dynamic_snr,36.7201,1.0
131,v4,v8,40.0,160.0,10.0,1.0,0.8,0.2,35.2907,True,fuzzy_logic_dynamic_snr,2.9688,0.9582
132,v1,v5,40.0,60.0,30.0,1.0,0.3,0.6,35.8416,False,fuzzy_logic_dynamic_snr,35.8029,1.0
132,v1,v13,40.0,80.0,10.0,1.0,0.4,0.2,35.8928,False,fuzzy_logic_dynamic_snr,35.8746,0.999
132,v1,v6,40.0,140.03,0.0,1.0,0.7002,0.0,35.7075,False,fuzzy_logic_dynamic_snr,35.6925,0.999
132,v3,v15,20.0,10.0,10.0,0.6,0.05,0.2,17.699,False,fuzzy_logic_dynamic_snr,17.6676,0.9971
132,v3,v4,20.0,10.44,10.0,0.6,0.0522,0.2,17.6615,False,fuzzy_logic_dynamic_snr,17.6295,0.9971
132,v3,v7,20.0,20.0,30.0,0.6,0.1,0.6,16.7959,True,fuzzy_logic_dynamic_snr,2.9531,0.9572
132,v3,v11,20.0,30.0,0.0,0.6,0.15,0.0,17.0458,False,fuzzy_logic_dynamic_snr,17.0128,0.9932
132,v3,v8,20.0,140.03,10.0,0.6,0.7002,0.2,15.4065,True,fuzzy_logic_dynamic_snr,2.9459,0.9559
132,v4,v15,40.0,3.0,0.0,1.0,0.015,0.0,39.0458,False,fuzzy_logic_dynamic_snr,39.025,0.998
132,v4,v3,40.0,10.44,10.0,1.0,0.0522,0.2,37.6615,False,fuzzy_logic_dynamic_snr,37.6338,0.998
132,v4,v7,40.0,10.44,20.0,1.0,0.0522,0.4,37.4855,False,fuzzy_logic_dynamic_snr,37.4484,1.0
132,v4,v11,40.0,20.22,10.0,1.0,0.1011,0.2,37.0872,False,fuzzy_logic_dynamic_snr,37.0597,0.999
132,v4,v8,40.0,150.0,0.0,1.0,0.75,0.0,35.6478,False,fuzzy_logic_dynamic_snr,35.6297,0.999
133,v1,v13,40.0,70.0,20.0,1.0,0.35,0.4,35.8327,False,fuzzy_logic_dynamic_snr,35.8059,1.0
133,v1,v5,40.0,90.0,0.0,1.0,0.45,0.0,36.0915,False,fuzzy_logic_dynamic_snr,36.0568,1.0
133,v1,v6,40.0,140.03,20.0,1.0,0.7002,0.4,35.2304,True,fuzzy_logic_dynamic_snr,2.9687,0.9592
133,v3,v15,20.0,20.0,20.0,0.6,0.1,0.4,16.9208,True,fuzzy_logic_dynamic_snr,2.9516,0.9598
133,v3,v4,20.0,20.22,30.0,0.6,0.1011,0.6,16.7862,True,fuzzy_logic_dynamic_snr,2.9512,0.9572
133,v3,v11,20.0,30.0,30.0,0.6,0.15,0.6,16.4437,True,fuzzy_logic_dynamic_snr,2.9511,0.9578
133,v3,v7,20.0,50.0,10.0,0.6,0.25,0.2,16.301,False,fuzzy_logic_dynamic_snr,16.2602,0.998
133,v3,v19,20.0,120.0,30.0,0.6,0.6,0.6,15.2396,True,fuzzy_logic_dynamic_snr,2.9439,0.9539
133,v4,v15,40.0,3.0,10.0,1.0,0.015,0.2,38.7447,False,fuzzy_logic_dynamic_snr,38.7264,1.0
133,v4,v11,40.0,10.44,0.0,1.0,0.0522,0.0,37.9626,False,fuzzy_logic_dynamic_snr,37.922,1.0
133,v4,v3,40.0,20.22,30.0,1.0,0.1011,0.6,36.7862,False,fuzzy_logic_dynamic_snr,36.7685,0.999
133,v4,v7,40.0,30.15,20.0,1.0,0.1507,0.4,36.5643,False,fuzzy_logic_dynamic_snr,36.5389,1.0
133,v4,v19,40.0,140.03,0.0,1.0,0.7002,0.0,35.7075,False,fuzzy_logic_dynamic_snr,35.6875,0.999
134,v1,v13,40.0,50.0,0.0,1.0,0.25,0.0,36.6021,False,fuzzy_logic_dynamic_snr,36.5878,0.999
134,v1,v5,40.0,90.0,0.0,1.0,0.45,0.0,36.0915,False,fuzzy_logic_dynamic_snr,36.0676,1.0
134,v1,v6,40.0,120.04,20.0,1.0,0.6002,0.4,35.3642,False,fuzzy_logic_dynamic_snr,35.3367,0.999
134,v3,v15,20.0,40.0,30.0,0.6,0.2,0.6,16.1938,True,fuzzy_logic_dynamic_snr,2.9513,0.9563
134,v3,v4,20.0,50.09,10.0,0.6,0.2504,0.2,16.2995,False,fuzzy_logic_dynamic_snr,16.2733,0.9971
134,v3,v7,20.0,60.0,30.0,0.6,0.3,0.6,15.8416,True,fuzzy_logic_dynamic_snr,2.9477,0.9602
134,v3,v11,20.0,60.0,10.0,0.6,0.3,0.2,16.1427,True,fuzzy_logic_dynamic_snr,2.9489,0.9621
134,v3,v19,20.0,90.0,30.0,0.6,0.45,0.6,15.4895,True,fuzzy_logic_dynamic_snr,2.9456,0.9578
134,v4,v7,40.0,10.44,20.0,1.0,0.0522,0.4,37.4855,False,fuzzy_logic_dynamic_snr,37.4566,1.0
134,v4,v11,40.0,10.44,0.0,1.0,0.0522,0.0,37.9626,False,fuzzy_logic_dynamic_snr,37.9539,1.0
134,v4,v15,40.0,10.44,20.0,1.0,0.0522,0.4,37.4855,False,fuzzy_logic_dynamic_snr,37.4563,1.0
134,v4,v3,40.0,50.09,10.0,1.0,0.2504,0.2,36.2995,False,fuzzy_logic_dynamic_snr,36.2746,1.0
134,v4,v19,40.0,140.03,20.0,1.0,0.7002,0.4,35.2304,True,fuzzy_logic_dynamic_snr,2.9686,0.9592
135,v1,v13,40.0,50.0,10.0,1.0,0.25,0.2,36.301,False,fuzzy_logic_dynamic_snr,36.286,1.0
135,v1,v5,40.0,90.0,10.0,1.0,0.45,0.2,35.7905,False,fuzzy_logic_dynamic_snr,35.7666,0.999
135,v1,v6,40.0,140.03,30.0,1.0,0.7002,0.6,35.1055,True,fuzzy_logic_dynamic_snr,2.9688,0.9582
135,v3,v19,20.0,60.0,10.0,0.6,0.3,0.2,16.1427,True,fuzzy_logic_dynamic_snr,2.9499,0.9656
135,v3,v4,20.0,60.07,10.0,0.6,0.3004,0.2,16.1416,True,fuzzy_logic_dynamic_snr,2.9515,0.9621
135,v3,v11,20.0,70.0,10.0,0.6,0.35,0.2,16.0088,True,fuzzy_logic_dynamic_snr,2.9522,0.9607
135,v3,v15,20.0,70.0,20.0,0.6,0.35,0.4,15.8327,True,fuzzy_logic_dynamic_snr,2.9471,0.9588
135,v3,v7,20.0,90.0,10.0,0.6,0.45,0.2,15.7905,True,fuzzy_logic_dynamic_snr,2.9506,0.9578
135,v4,v11,40.0,10.44,0.0,1.0,0.0522,0.0,37.9626,False,fuzzy_logic_dynamic_snr,37.92,1.0
135,v4,v15,40.0,10.44,30.0,1.0,0.0522,0.6,37.3605,False,fuzzy_logic_dynamic_snr,37.3346,0.999
135,v4,v7,40.0,30.15,20.0,1.0,0.1507,0.4,36.5643,False,fuzzy_logic_dynamic_snr,36.5352,1.0
135,v4,v3,40.0,60.07,10.0,1.0,0.3004,0.2,36.1416,False,fuzzy_logic_dynamic_snr,36.1028,0.999
135,v4,v19,40.0,120.04,0.0,1.0,0.6002,0.0,35.8414,False,fuzzy_logic_dynamic_snr,35.8249,1.0
136,v1,v13,40.0,60.0,0.0,1.0,0.3,0.0,36.4437,False,fuzzy_logic_dynamic_snr,36.4174,0.999
136,v1,v5,40.0,100.0,20.0,1.0,0.5,0.4,35.5229,False,fuzzy_logic_dynamic_snr,35.4922,1.0
136,v1,v6,40.0,170.03,20.0,1.0,0.8501,0.4,35.0618,True,fuzzy_logic_dynamic_snr,2.9688,0.9592
136,v3,v4,20.0,50.09,20.0,0.6,0.2504,0.4,16.1234,True,fuzzy_logic_dynamic_snr,2.9488,0.9588
136,v3,v11,20.0,60.0,0.0,0.6,0.3,0.0,16.4437,True,fuzzy_logic_dynamic_snr,2.9519,0.9602
136,v3,v19,20.0,70.0,10.0,0.6,0.35,0.2,16.0088,True,fuzzy_logic_dynamic_snr,2.9491,0.9582
136,v3,v15,20.0,90.0,0.0,0.6,0.45,0.0,16.0915,True,fuzzy_logic_dynamic_snr,2.9504,0.9572
136,v3,v7,20.0,100.0,30.0,0.6,0.5,0.6,15.3979,True,fuzzy_logic_dynamic_snr,2.9465,0.9627
136,v4,v11,40.0,10.44,20.0,1.0,0.0522,0.4,37.4855,False,fuzzy_logic_dynamic_snr,37.4554,1.0
136,v4,v15,40.0,40.11,20.0,1.0,0.2006,0.4,36.3163,False,fuzzy_logic_dynamic_snr,36.2877,1.0
136,v4,v3,40.0,50.09,20.0,1.0,0.2504,0.4,36.1234,False,fuzzy_logic_dynamic_snr,36.0909,1.0
136,v4,v7,40.0,50.09,10.0,1.0,0.2504,0.2,36.2995,False,fuzzy_logic_dynamic_snr,36.2866,1.0
136,v4,v19,40.0,120.04,10.0,1.0,0.6002,0.2,35.5403,False,fuzzy_logic_dynamic_snr,35.5193,0.998
137,v1,v13,40.0,60.0,20.0,1.0,0.3,0.4,35.9666,False,fuzzy_logic_dynamic_snr,35.9292,0.999
137,v1,v5,40.0,120.0,10.0,1.0,0.6,0.2,35.5406,False,fuzzy_logic_dynamic_snr,35.5067,1.0
137,v1,v6,40.0,190.02,10.0,1.0,0.9501,0.2,35.1414,True,fuzzy_logic_dynamic_snr,2.9688,0.9582
137,v3,v4,20.0,30.15,0.0,0.6,0.1507,0.0,17.0414,False,fuzzy_logic_dynamic_snr,17.02,0.9932
137,v3,v11,20.0,60.0,10.0,0.6,0.3,0.2,16.1427,True,fuzzy_logic_dynamic_snr,2.9501,0.9598
137,v3,v7,20.0,70.0,20.0,0.6,0.35,0.4,15.8327,True,fuzzy_logic_dynamic_snr,2.9485,0.9607
137,v3,v19,20.0,80.0,10.0,0.6,0.4,0.2,15.8928,True,fuzzy_logic_dynamic_snr,2.9516,0.9611
137,v3,v15,20.0,90.0,0.0,0.6,0.45,0.0,16.0915,True,fuzzy_logic_dynamic_snr,2.9517,0.9627
137,v4,v3,40.0,30.15,0.0,1.0,0.1507,0.0,37.0414,False,fuzzy_logic_dynamic_snr,37.0163,0.998
137,v4,v11,40.0,30.15,10.0,1.0,0.1507,0.2,36.7404,False,fuzzy_logic_dynamic_snr,36.7198,0.999
137,v4,v7,40.0,40.11,20.0,1.0,0.2006,0.4,36.3163,False,fuzzy_logic_dynamic_snr,36.2922,1.0
137,v4,v15,40.0,60.07,0.0,1.0,0.3004,0.0,36.4426,False,fuzzy_logic_dynamic_snr,36.4196,1.0
137,v4,v19,40.0,110.04,10.0,1.0,0.5502,0.2,35.6159,False,fuzzy_logic_dynamic_snr,35.5839,1.0
138,v1,v13,40.0,80.0,40.0,1.0,0.4,0.8,35.4949,True,fuzzy_logic_dynamic_snr,2.9689,0.9582
138,v1,v5,40.0,130.0,40.0,1.0,0.65,0.8,35.0731,True,fuzzy_logic_dynamic_snr,2.9683,0.9602
138,v3,v4,20.0,30.15,0.0,0.6,0.1507,0.0,17.0414,False,fuzzy_logic_dynamic_snr,17.0004,0.998
138,v3,v11,20.0,70.0,30.0,0.6,0.35,0.6,15.7077,True,fuzzy_logic_dynamic_snr,2.9492,0.9568
138,v3,v7,20.0,90.0,20.0,0.6,0.45,0.4,15.6144,True,fuzzy_logic_dynamic_snr,2.9473,0.9563
138,v3,v15,20.0,90.0,10.0,0.6,0.45,0.2,15.7905,True,fuzzy_logic_dynamic_snr,2.9474,0.9582
138,v3,v19,20.0,90.0,10.0,0.6,0.45,0.2,15.7905,True,fuzzy_logic_dynamic_snr,2.9482,0.9572
138,v4,v3,40.0,30.15,0.0,1.0,0.1507,0.0,37.0414,False,fuzzy_logic_dynamic_snr,37.0186,1.0
138,v4,v11,40.0,40.11,30.0,1.0,0.2006,0.6,36.1914,False,fuzzy_logic_dynamic_snr,36.1689,0.999
138,v4,v7,40.0,60.07,20.0,1.0,0.3004,0.4,35.9655,False,fuzzy_logic_dynamic_snr,35.9375,0.999
138,v4,v15,40.0,60.07,10.0,1.0,0.3004,0.2,36.1416,False,fuzzy_logic_dynamic_snr,36.1136,0.999
138,v4,v19,40.0,120.04,10.0,1.0,0.6002,0.2,35.5403,False,fuzzy_logic_dynamic_snr,35.5116,0.999
139,v1,v13,40.0,40.0,30.0,1.0,0.2,0.6,36.1938,False,fuzzy_logic_dynamic_snr,36.1687,0.999
139,v1,v5,40.0,90.0,20.0,1.0,0.45,0.4,35.6144,False,fuzzy_logic_dynamic_snr,35.5868,0.999
139,v1,v6,40.0,170.03,10.0,1.0,0.8501,0.2,35.2379,True,fuzzy_logic_dynamic_snr,2.9686,0.9572
139,v3,v4,20.0,30.15,10.0,0.6,0.1507,0.2,16.7404,False,fuzzy_logic_dynamic_snr,16.7117,0.998
139,v3,v11,20.0,40.0,20.0,0.6,0.2,0.4,16.3188,True,fuzzy_logic_dynamic_snr,2.9515,0.9578
139,v3,v7,20.0,70.0,10.0,0.6,0.35,0.2,16.0088,True,fuzzy_logic_dynamic_snr,2.9518,0.9568
139,v3,v15,20.0,80.0,20.0,0.6,0.4,0.4,15.7167,True,fuzzy_logic_dynamic_snr,2.9507,0.9617
139,v3,v19,20.0,100.0,20.0,0.6,0.5,0.4,15.5229,True,fuzzy_logic_dynamic_snr,2.9487,0.9607
139,v4,v11,40.0,10.44,30.0,1.0,0.0522,0.6,37.3605,False,fuzzy_logic_dynamic_snr,37.332,1.0
139,v4,v3,40.0,30.15,10.0,1.0,0.1507,0.2,36.7404,False,fuzzy_logic_dynamic_snr,36.7101,1.0
139,v4,v7,40.0,40.11,20.0,1.0,0.2006,0.4,36.3163,False,fuzzy_logic_dynamic_snr,36.2895,0.999
139,v4,v15,40.0,50.09,10.0,1.0,0.2504,0.2,36.2995,False,fuzzy_logic_dynamic_snr,36.28,0.999
139,v4,v19,40.0,130.03,10.0,1.0,0.6502,0.2,35.4709,False,fuzzy_logic_dynamic_snr,35.4447,1.0
140,v1,v13,40.0,70.0,40.0,1.0,0.35,0.8,35.6108,True,fuzzy_logic_dynamic_snr,2.9688,0.9592
140,v1,v5,40.0,110.0,20.0,1.0,0.55,0.4,35.4401,False,fuzzy_logic_dynamic_snr,35.4151,0.999
140,v1,v6,40.0,160.03,0.0,1.0,0.8001,0.0,35.5916,True,fuzzy_logic_dynamic_snr,2.969,0.9582
140,v3,v4,20.0,20.22,10.0,0.6,0.1011,0.2,17.0872,False,fuzzy_logic_dynamic_snr,17.0618,0.998
140,v3,v11,20.0,60.0,40.0,0.6,0.3,0.8,15.7447,True,fuzzy_logic_dynamic_snr,2.9496,0.9578
140,v3,v15,20.0,60.0,10.0,0.6,0.3,0.2,16.1427,True,fuzzy_logic_dynamic_snr,2.9511,0.9572
140,v3,v7,20.0,80.0,0.0,0.6,0.4,0.0,16.1938,True,fuzzy_logic_dynamic_snr,2.9508,0.9592
140,v3,v19,20.0,120.0,20.0,0.6,0.6,0.4,15.3645,True,fuzzy_logic_dynamic_snr,2.9471,0.9588
140,v4,v3,40.0,20.22,10.0,1.0,0.1011,0.2,37.0872,False,fuzzy_logic_dynamic_snr,37.0517,1.0
140,v4,v11,40.0,40.11,30.0,1.0,0.2006,0.6,36.1914,False,fuzzy_logic_dynamic_snr,36.1651,1.0
140,v4,v15,40.0,40.11,0.0,1.0,0.2006,0.0,36.7934,False,fuzzy_logic_dynamic_snr,36.756,0.998
140,v4,v7,40.0,60.07,10.0,1.0,0.3004,0.2,36.1416,False,fuzzy_logic_dynamic_snr,36.1111,1.0
140,v4,v19,40.0,140.03,10.0,1.0,0.7002,0.2,35.4065,False,fuzzy_logic_dynamic_snr,35.3819,0.999
141,v1,v13,40.0,30.0,20.0,1.0,0.15,0.4,36.5686,False,fuzzy_logic_dynamic_snr,36.5421,0.999
141,v1,v5,40.0,90.0,10.0,1.0,0.45,0.2,35.7905,False,fuzzy_logic_dynamic_snr,35.7682,1.0
141,v1,v6,40.0,160.03,20.0,1.0,0.8001,0.4,35.1145,True,fuzzy_logic_dynamic_snr,2.9689,0.9582
141,v3,v4,20.0,10.44,10.0,0.6,0.0522,0.2,17.6615,False,fuzzy_logic_dynamic_snr,17.6386,0.999
141,v3,v11,20.0,20.0,30.0,0.6,0.1,0.6,16.7959,True,fuzzy_logic_dynamic_snr,2.9505,0.9602
141,v3,v15,20.0,50.0,20.0,0.6,0.25,0.4,16.1249,True,fuzzy_logic_dynamic_snr,2.9522,0.9553
141,v3,v7,20.0,80.0,40.0,0.6,0.4,0.8,15.4949,True,fuzzy_logic_dynamic_snr,2.9466,0.9588
141,v3,v19,20.0,140.0,20.0,0.6,0.7,0.4,15.2306,True,fuzzy_logic_dynamic_snr,2.9453,0.9607
141,v4,v3,40.0,10.44,10.0,1.0,0.0522,0.2,37.6615,False,fuzzy_logic_dynamic_snr,37.6377,1.0
141,v4,v11,40.0,10.44,20.0,1.0,0.0522,0.4,37.4855,False,fuzzy_logic_dynamic_snr,37.4569,0.999
141,v4,v15,40.0,40.11,10.0,1.0,0.2006,0.2,36.4924,False,fuzzy_logic_dynamic_snr,36.4724,1.0
141,v4,v7,40.0,70.06,30.0,1.0,0.3503,0.6,35.7069,False,fuzzy_logic_dynamic_snr,35.685,0.999
141,v4,v19,40.0,150.03,10.0,1.0,0.7501,0.2,35.3466,False,fuzzy_logic_dynamic_snr,35.3117,0.999
142,v1,v13,40.0,10.0,0.0,1.0,0.05,0.0,38.0,False,fuzzy_logic_dynamic_snr,37.9701,1.0
142,v1,v5,40.0,100.0,10.0,1.0,0.5,0.2,35.699,False,fuzzy_logic_dynamic_snr,35.6655,1.0
142,v1,v6,40.0,180.02,30.0,1.0,0.9001,0.6,34.8873,True,fuzzy_logic_dynamic_snr,2.969,0.9602
142,v3,v4,20.0,3.0,0.0,0.6,0.015,0.0,19.0458,False,fuzzy_logic_dynamic_snr,19.0208,0.9961
142,v3,v11,20.0,10.0,20.0,0.6,0.05,0.4,17.5229,True,fuzzy_logic_dynamic_snr,2.9528,0.9533
142,v3,v15,20.0,30.0,10.0,0.6,0.15,0.2,16.7447,False,fuzzy_logic_dynamic_snr,16.7225,0.998
142,v3,v7,20.0,40.0,10.0,0.6,0.2,0.2,16.4949,False,fuzzy_logic_dynamic_snr,16.4654,0.9951
142,v3,v8,20.0,150.03,10.0,0.6,0.7501,0.2,15.3466,True,fuzzy_logic_dynamic_snr,2.9466,0.9617
142,v4,v3,40.0,3.0,0.0,1.0,0.015,0.0,39.0458,False,fuzzy_logic_dynamic_snr,39.0285,1.0
142,v4,v11,40.0,10.44,20.0,1.0,0.0522,0.4,37.4855,False,fuzzy_logic_dynamic_snr,37.4599,1.0
142,v4,v15,40.0,30.15,10.0,1.0,0.1507,0.2,36.7404,False,fuzzy_logic_dynamic_snr,36.7105,1.0
142,v4,v7,40.0,40.11,10.0,1.0,0.2006,0.2,36.4924,False,fuzzy_logic_dynamic_snr,36.4746,0.998
142,v4,v8,40.0,150.0,10.0,1.0,0.75,0.2,35.3468,False,fuzzy_logic_dynamic_snr,35.3074,0.998
143,v1,v13,40.0,10.0,0.0,1.0,0.05,0.0,38.0,False,fuzzy_logic_dynamic_snr,37.9799,1.0
143,v1,v5,40.0,110.0,30.0,1.0,0.55,0.6,35.3152,True,fuzzy_logic_dynamic_snr,2.9692,0.9592
143,v3,v4,20.0,3.0,40.0,0.6,0.015,0.8,18.3468,True,fuzzy_logic_dynamic_snr,2.9576,0.9592
143,v3,v11,20.0,10.0,40.0,0.6,0.05,0.8,17.301,True,fuzzy_logic_dynamic_snr,2.9556,0.9582
143,v3,v15,20.0,20.0,40.0,0.6,0.1,0.8,16.699,True,fuzzy_logic_dynamic_snr,2.9524,0.9627
143,v3,v7,20.0,30.0,0.0,0.6,0.15,0.0,17.0458,False,fuzzy_logic_dynamic_snr,17.0071,0.9951
143,v3,v19,20.0,140.0,30.0,0.6,0.7,0.6,15.1057,True,fuzzy_logic_dynamic_snr,2.9443,0.9533
143,v4,v3,40.0,3.0,40.0,1.0,0.015,0.8,38.3468,True,fuzzy_logic_dynamic_snr,2.9692,0.9592
143,v4,v11,40.0,10.44,0.0,1.0,0.0522,0.0,37.9626,False,fuzzy_logic_dynamic_snr,37.9336,0.999
143,v4,v15,40.0,20.22,0.0,1.0,0.1011,0.0,37.3883,False,fuzzy_logic_dynamic_snr,37.3488,1.0
143,v4,v7,40.0,30.15,40.0,1.0,0.1507,0.8,36.3425,True,fuzzy_logic_dynamic_snr,2.9685,0.9592
143,v4,v19,40.0,140.03,10.0,1.0,0.7002,0.2,35.4065,False,fuzzy_logic_dynamic_snr,35.3809,1.0
144,v1,v13,40.0,10.0,0.0,1.0,0.05,0.0,38.0,False,fuzzy_logic_dynamic_snr,37.9677,1.0
144,v1,v5,40.0,140.0,0.0,1.0,0.7,0.0,35.7077,False,fuzzy_logic_dynamic_snr,35.6731,0.999
144,v3,v15,20.0,20.0,40.0,0.6,0.1,0.8,16.699,True,fuzzy_logic_dynamic_snr,2.9511,0.9588
144,v3,v7,20.0,30.0,10.0,0.6,0.15,0.2,16.7447,False,fuzzy_logic_dynamic_snr,16.728,0.9951
144,v3,v11,20.0,30.0,20.0,0.6,0.15,0.4,16.5686,True,fuzzy_logic_dynamic_snr,2.9539,0.9598
144,v3,v4,20.0,40.11,20.0,0.6,0.2006,0.4,16.3163,True,fuzzy_logic_dynamic_snr,2.9511,0.9592
144,v3,v19,20.0,170.0,30.0,0.6,0.85,0.6,14.937,True,fuzzy_logic_dynamic_snr,2.9465,0.9563
144,v4,v11,40.0,10.44,0.0,1.0,0.0522,0.0,37.9626,False,fuzzy_logic_dynamic_snr,37.9264,0.999
144,v4,v15,40.0,20.22,20.0,1.0,0.1011,0.4,36.9112,False,fuzzy_logic_dynamic_snr,36.8862,1.0
144,v4,v3,40.0,40.11,20.0,1.0,0.2006,0.4,36.3163,False,fuzzy_logic_dynamic_snr,36.2931,1.0
144,v4,v7,40.0,70.06,10.0,1.0,0.3503,0.2,36.008,False,fuzzy_logic_dynamic_snr,35.9771,1.0
144,v4,v8,40.0,130.0,20.0,1.0,0.65,0.4,35.295,True,fuzzy_logic_dynamic_snr,2.9688,0.9582
145,v1,v13,40.0,10.0,20.0,1.0,0.05,0.4,37.5229,False,fuzzy_logic_dynamic_snr,37.5032,1.0
145,v1,v5,40.0,140.0,40.0,1.0,0.7,0.8,35.0088,True,fuzzy_logic_dynamic_snr,2.9688,0.9572
145,v3,v11,20.0,10.0,10.0,0.6,0.05,0.2,17.699,False,fuzzy_logic_dynamic_snr,17.6744,0.9971
145,v3,v15,20.0,20.0,10.0,0.6,0.1,0.2,17.0969,False,fuzzy_logic_dynamic_snr,17.0728,0.9961
145,v3,v4,20.0,20.22,0.0,0.6,0.1011,0.0,17.3883,False,fuzzy_logic_dynamic_snr,17.3743,0.999
145,v3,v7,20.0,40.0,20.0,0.6,0.2,0.4,16.3188,True,fuzzy_logic_dynamic_snr,2.9524,0.9646
145,v3,v8,20.0,130.03,40.0,0.6,0.6502,0.8,15.0729,True,fuzzy_logic_dynamic_snr,2.9462,0.9568
145,v4,v11,40.0,10.44,10.0,1.0,0.0522,0.2,37.6615,False,fuzzy_logic_dynamic_snr,37.6335,0.999
145,v4,v3,40.0,20.22,0.0,1.0,0.1011,0.0,37.3883,False,fuzzy_logic_dynamic_snr,37.3532,1.0
145,v4,v15,40.0,40.11,10.0,1.0,0.2006,0.2,36.4924,False,fuzzy_logic_dynamic_snr,36.4638,1.0
145,v4,v7,40.0,60.07,20.0,1.0,0.3004,0.4,35.9655,False,fuzzy_logic_dynamic_snr,35.9219,1.0
145,v4,v8,40.0,110.0,40.0,1.0,0.55,0.8,35.2182,True,fuzzy_logic_dynamic_snr,2.969,0.9582
146,v1,v13,40.0,10.0,40.0,1.0,0.05,0.8,37.301,True,fuzzy_logic_dynamic_snr,2.9694,0.9592
146,v1,v5,40.0,100.0,40.0,1.0,0.5,0.8,35.301,True,fuzzy_logic_dynamic_snr,2.9692,0.9592
146,v1,v6,40.0,180.02,20.0,1.0,0.9001,0.4,35.0122,True,fuzzy_logic_dynamic_snr,2.9687,0.9582
146,v3,v15,20.0,10.0,10.0,0.6,0.05,0.2,17.699,False,fuzzy_logic_dynamic_snr,17.6695,0.9961
146,v3,v7,20.0,20.0,0.0,0.6,0.1,0.0,17.3979,False,fuzzy_logic_dynamic_snr,17.3651,0.9971
146,v3,v11,20.0,20.0,10.0,0.6,0.1,0.2,17.0969,False,fuzzy_logic_dynamic_snr,17.0708,0.9971
146,v3,v4,20.0,20.22,10.0,0.6,0.1011,0.2,17.0872,False,fuzzy_logic_dynamic_snr,17.0624,0.9961
146,v3,v19,20.0,150.0,10.0,0.6,0.75,0.2,15.3468,True,fuzzy_logic_dynamic_snr,2.9472,0.9582
146,v4,v11,40.0,3.0,20.0,1.0,0.015,0.4,38.5686,False,fuzzy_logic_dynamic_snr,38.539,1.0
146,v4,v3,40.0,20.22,10.0,1.0,0.1011,0.2,37.0872,False,fuzzy_logic_dynamic_snr,37.0793,0.999
146,v4,v15,40.0,30.15,0.0,1.0,0.1507,0.0,37.0414,False,fuzzy_logic_dynamic_snr,37.0135,1.0
146,v4,v7,40.0,40.11,10.0,1.0,0.2006,0.2,36.4924,False,fuzzy_logic_dynamic_snr,36.4656,0.999
146,v4,v19,40.0,130.03,20.0,1.0,0.6502,0.4,35.2948,True,fuzzy_logic_dynamic_snr,2.9686,0.9572
147,v1,v13,40.0,30.0,10.0,1.0,0.15,0.2,36.7447,False,fuzzy_logic_dynamic_snr,36.7187,0.999
147,v1,v5,40.0,140.0,20.0,1.0,0.7,0.4,35.2306,True,fuzzy_logic_dynamic_snr,2.9693,0.9582
147,v3,v15,20.0,0.0,10.0,0.6,0.0,0.2,21.699,False,fuzzy_logic_dynamic_snr,21.6657,0.9971
147,v3,v11,20.0,10.0,10.0,0.6,0.05,0.2,17.699,False,fuzzy_logic_dynamic_snr,17.6622,0.9951
147,v3,v7,20.0,20.0,30.0,0.6,0.1,0.6,16.7959,True,fuzzy_logic_dynamic_snr,2.9523,0.9617
147,v3,v4,20.0,30.15,20.0,0.6,0.1507,0.4,16.5643,True,fuzzy_logic_dynamic_snr,2.9511,0.9578
147,v3,v19,20.0,140.0,20.0,0.6,0.7,0.4,15.2306,True,fuzzy_logic_dynamic_snr,2.9458,0.9656
147,v4,v11,40.0,20.22,30.0,1.0,0.1011,0.6,36.7862,False,fuzzy_logic_dynamic_snr,36.742,1.0
147,v4,v3,40.0,30.15,20.0,1.0,0.1507,0.4,36.5643,False,fuzzy_logic_dynamic_snr,36.545,0.999
147,v4,v15,40.0,30.15,30.0,1.0,0.1507,0.6,36.4394,False,fuzzy_logic_dynamic_snr,36.4182,1.0
147,v4,v7,40.0,50.09,10.0,1.0,0.2504,0.2,36.2995,False,fuzzy_logic_dynamic_snr,36.2739,0.999
147,v4,v19,40.0,110.04,0.0,1.0,0.5502,0.0,35.9169,False,fuzzy_logic_dynamic_snr,35.8812,0.998
148,v1,v13,40.0,20.0,0.0,1.0,0.1,0.0,37.3979,False,fuzzy_logic_dynamic_snr,37.36,1.0
148,v1,v5,40.0,120.0,20.0,1.0,0.6,0.4,35.3645,False,fuzzy_logic_dynamic_snr,35.3199,0.999
148,v1,v6,40.0,170.03,10.0,1.0,0.8501,0.2,35.2379,True,fuzzy_logic_dynamic_snr,2.969,0.9572
148,v3,v15,20.0,10.0,10.0,0.6,0.05,0.2,17.699,False,fuzzy_logic_dynamic_snr,17.668,0.998
148,v3,v4,20.0,10.44,30.0,0.6,0.0522,0.6,17.3605,True,fuzzy_logic_dynamic_snr,2.9546,0.9588
148,v3,v11,20.0,20.0,20.0,0.6,0.1,0.4,16.9208,True,fuzzy_logic_dynamic_snr,2.9521,0.9602
148,v3,v7,20.0,50.0,10.0,0.6,0.25,0.2,16.301,False,fuzzy_logic_dynamic_snr,16.278,0.9971
148,v3,v19,20.0,120.0,20.0,0.6,0.6,0.4,15.3645,True,fuzzy_logic_dynamic_snr,2.9476,0.9568
148,v4,v15,40.0,3.0,20.0,1.0,0.015,0.4,38.5686,False,fuzzy_logic_dynamic_snr,38.5438,0.999
148,v4,v3,40.0,10.44,30.0,1.0,0.0522,0.6,37.3605,False,fuzzy_logic_dynamic_snr,37.3423,0.999
148,v4,v11,40.0,10.44,10.0,1.0,0.0522,0.2,37.6615,False,fuzzy_logic_dynamic_snr,37.6172,1.0
148,v4,v7,40.0,60.07,40.0,1.0,0.3004,0.8,35.7436,True,fuzzy_logic_dynamic_snr,2.9684,0.9582
148,v4,v8,40.0,110.0,40.0,1.0,0.55,0.8,35.2182,True,fuzzy_logic_dynamic_snr,2.9687,0.9592
149,v1,v13,40.0,20.0,10.0,1.0,0.1,0.2,37.0969,False,fuzzy_logic_dynamic_snr,37.0797,0.999
149,v1,v5,40.0,100.0,20.0,1.0,0.5,0.4,35.5229,False,fuzzy_logic_dynamic_snr,35.4963,0.999
149,v1,v6,40.0,180.02,0.0,1.0,0.9001,0.0,35.4893,True,fuzzy_logic_dynamic_snr,2.969,0.9602
149,v3,v15,20.0,20.0,10.0,0.6,0.1,0.2,17.0969,False,fuzzy_logic_dynamic_snr,17.058,0.9941
149,v3,v11,20.0,40.0,20.0,0.6,0.2,0.4,16.3188,True,fuzzy_logic_dynamic_snr,2.95,0.9582
149,v3,v4,20.0,40.11,10.0,0.6,0.2006,0.2,16.4924,False,fuzzy_logic_dynamic_snr,16.4642,0.998
149,v3,v7,20.0,60.0,0.0,0.6,0.3,0.0,16.4437,True,fuzzy_logic_dynamic_snr,2.9488,0.9563
149,v3,v8,20.0,110.04,10.0,0.6,0.5502,0.2,15.6159,True,fuzzy_logic_dynamic_snr,2.9504,0.9572
149,v4,v11,40.0,3.0,10.0,1.0,0.015,0.2,38.7447,False,fuzzy_logic_dynamic_snr,38.724,0.999
149,v4,v15,40.0,20.22,20.0,1.0,0.1011,0.4,36.9112,False,fuzzy_logic_dynamic_snr,36.8767,1.0
149,v4,v3,40.0,40.11,10.0,1.0,0.2006,0.2,36.4924,False,fuzzy_logic_dynamic_snr,36.4626,0.999
149,v4,v8,40.0,70.0,20.0,1.0,0.35,0.4,35.8327,False,fuzzy_logic_dynamic_snr,35.8066,0.999
149,v4,v7,40.0,100.04,10.0,1.0,0.5002,0.2,35.6986,False,fuzzy_logic_dynamic_snr,35.6765,0.999
150,v1,v13,40.0,10.0,10.0,1.0,0.05,0.2,37.699,False,fuzzy_logic_dynamic_snr,37.6737,1.0
150,v1,v5,40.0,120.0,0.0,1.0,0.6,0.0,35.8416,False,fuzzy_logic_dynamic_snr,35.8101,0.999
150,v1,v6,40.0,180.02,10.0,1.0,0.9001,0.2,35.1883,True,fuzzy_logic_dynamic_snr,2.9685,0.9582
150,v3,v11,20.0,20.0,20.0,0.6,0.1,0.4,16.9208,True,fuzzy_logic_dynamic_snr,2.9519,0.9627
150,v3,v15,20.0,30.0,0.0,0.6,0.15,0.0,17.0458,False,fuzzy_logic_dynamic_snr,17.0201,0.9961
150,v3,v4,20.0,30.15,10.0,0.6,0.1507,0.2,16.7404,False,fuzzy_logic_dynamic_snr,16.711,0.998
150,v3,v7,20.0,60.0,20.0,0.6,0.3,0.4,15.9666,True,fuzzy_logic_dynamic_snr,2.9486,0.9572
150,v3,v8,20.0,120.04,10.0,0.6,0.6002,0.2,15.5403,True,fuzzy_logic_dynamic_snr,2.9467,0.9598
150,v4,v15,40.0,3.0,10.0,1.0,0.015,0.2,38.7447,False,fuzzy_logic_dynamic_snr,38.7211,0.999
150,v4,v11,40.0,10.44,10.0,1.0,0.0522,0.2,37.6615,False,fuzzy_logic_dynamic_snr,37.6431,0.999
150,v4,v3,40.0,30.15,10.0,1.0,0.1507,0.2,36.7404,False,fuzzy_logic_dynamic_snr,36.7168,1.0
150,v4,v8,40.0,90.0,0.0,1.0,0.45,0.0,36.0915,False,fuzzy_logic_dynamic_snr,36.0575,0.998
150,v4,v7,40.0,90.05,10.0,1.0,0.4502,0.2,35.79,False,fuzzy_logic_dynamic_snr,35.7619,0.999
151,v1,v13,40.0,20.0,20.0,1.0,0.1,0.4,36.9208,False,fuzzy_logic_dynamic_snr,36.8925,1.0
151,v1,v5,40.0,120.0,0.0,1.0,0.6,0.0,35.8416,False,fuzzy_logic_dynamic_snr,35.8099,0.999
151,v1,v6,40.0,170.03,20.0,1.0,0.8501,0.4,35.0618,True,fuzzy_logic_dynamic_snr,2.9687,0.9582
151,v3,v15,20.0,30.0,10.0,0.6,0.15,0.2,16.7447,False,fuzzy_logic_dynamic_snr,16.7116,0.999
151,v3,v7,20.0,40.0,20.0,0.6,0.2,0.4,16.3188,True,fuzzy_logic_dynamic_snr,2.9507,0.9533
151,v3,v11,20.0,40.0,10.0,0.6,0.2,0.2,16.4949,False,fuzzy_logic_dynamic_snr,16.4785,0.998
151,v3,v4,20.0,40.11,10.0,0.6,0.2006,0.2,16.4924,False,fuzzy_logic_dynamic_snr,16.465,0.9951
151,v3,v19,20.0,130.0,10.0,0.6,0.65,0.2,15.4711,True,fuzzy_logic_dynamic_snr,2.9453,0.9602
151,v4,v11,40.0,3.0,20.0,1.0,0.015,0.4,38.5686,False,fuzzy_logic_dynamic_snr,38.5431,1.0
151,v4,v15,40.0,10.44,20.0,1.0,0.0522,0.4,37.4855,False,fuzzy_logic_dynamic_snr,37.4499,0.999
151,v4,v3,40.0,40.11,10.0,1.0,0.2006,0.2,36.4924,False,fuzzy_logic_dynamic_snr,36.467,1.0
151,v4,v7,40.0,80.06,10.0,1.0,0.4003,0.2,35.8922,False,fuzzy_logic_dynamic_snr,35.8776,1.0
151,v4,v8,40.0,90.0,20.0,1.0,0.45,0.4,35.6144,False,fuzzy_logic_dynamic_snr,35.5943,1.0
152,v1,v13,40.0,40.0,20.0,1.0,0.2,0.4,36.3188,False,fuzzy_logic_dynamic_snr,36.2852,1.0
152,v1,v5,40.0,120.0,0.0,1.0,0.6,0.0,35.8416,False,fuzzy_logic_dynamic_snr,35.8157,0.999
152,v1,v6,40.0,190.02,20.0,1.0,0.9501,0.4,34.9653,True,fuzzy_logic_dynamic_snr,2.969,0.9602
152,v3,v4,20.0,30.15,10.0,0.6,0.1507,0.2,16.7404,False,fuzzy_logic_dynamic_snr,16.6993,0.998
152,v3,v15,20.0,40.0,30.0,0.6,0.2,0.6,16.1938,True,fuzzy_logic_dynamic_snr,2.9491,0.9572
152,v3,v11,20.0,50.0,20.0,0.6,0.25,0.4,16.1249,True,fuzzy_logic_dynamic_snr,2.9505,0.9578
152,v3,v7,20.0,60.0,20.0,0.6,0.3,0.4,15.9666,True,fuzzy_logic_dynamic_snr,2.9506,0.9592
152,v3,v19,20.0,120.0,10.0,0.6,0.6,0.2,15.5406,True,fuzzy_logic_dynamic_snr,2.9461,0.9627
152,v4,v15,40.0,10.44,20.0,1.0,0.0522,0.4,37.4855,False,fuzzy_logic_dynamic_snr,37.4636,0.9971
152,v4,v11,40.0,20.22,10.0,1.0,0.1011,0.2,37.0872,False,fuzzy_logic_dynamic_snr,37.0591,1.0
152,v4,v3,40.0,30.15,10.0,1.0,0.1507,0.2,36.7404,False,fuzzy_logic_dynamic_snr,36.7059,0.999
152,v4,v7,40.0,90.05,10.0,1.0,0.4502,0.2,35.79,False,fuzzy_logic_dynamic_snr,35.7568,1.0
152,v4,v19,40.0,90.05,0.0,1.0,0.4502,0.0,36.091,False,fuzzy_logic_dynamic_snr,36.0734,0.999
153,v1,v13,40.0,20.0,40.0,1.0,0.1,0.8,36.699,True,fuzzy_logic_dynamic_snr,2.969,0.9592
153,v1,v5,40.0,120.0,20.0,1.0,0.6,0.4,35.3645,False,fuzzy_logic_dynamic_snr,35.3336,0.999
153,v1,v6,40.0,170.03,30.0,1.0,0.8501,0.6,34.9369,True,fuzzy_logic_dynamic_snr,2.9686,0.9582
153,v3,v15,20.0,10.0,0.0,0.6,0.05,0.0,18.0,False,fuzzy_logic_dynamic_snr,17.9825,0.998
153,v3,v4,20.0,20.22,10.0,0.6,0.1011,0.2,17.0872,False,fuzzy_logic_dynamic_snr,17.0525,0.9951
153,v3,v11,20.0,30.0,20.0,0.6,0.15,0.4,16.5686,True,fuzzy_logic_dynamic_snr,2.9534,0.9602
153,v3,v7,20.0,80.0,40.0,0.6,0.4,0.8,15.4949,True,fuzzy_logic_dynamic_snr,2.9455,0.9602
153,v3,v19,20.0,110.0,40.0,0.6,0.55,0.8,15.2182,True,fuzzy_logic_dynamic_snr,2.947,0.9602
153,v4,v11,40.0,10.44,10.0,1.0,0.0522,0.2,37.6615,False,fuzzy_logic_dynamic_snr,37.6394,0.999
153,v4,v15,40.0,10.44,10.0,1.0,0.0522,0.2,37.6615,False,fuzzy_logic_dynamic_snr,37.6447,1.0
153,v4,v3,40.0,20.22,10.0,1.0,0.1011,0.2,37.0872,False,fuzzy_logic_dynamic_snr,37.0525,0.999
153,v4,v19,40.0,90.05,30.0,1.0,0.4502,0.6,35.489,True,fuzzy_logic_dynamic_snr,2.9691,0.9592
153,v4,v7,40.0,100.04,30.0,1.0,0.5002,0.6,35.3975,True,fuzzy_logic_dynamic_snr,2.969,0.9592
154,v1,v13,40.0,60.0,10.0,1.0,0.3,0.2,36.1427,False,fuzzy_logic_dynamic_snr,36.1176,0.999
154,v1,v5,40.0,140.0,20.0,1.0,0.7,0.4,35.2306,True,fuzzy_logic_dynamic_snr,2.9691,0.9582
154,v3,v11,20.0,10.0,10.0,0.6,0.05,0.2,17.699,False,fuzzy_logic_dynamic_snr,17.6543,0.999
154,v3,v15,20.0,10.0,10.0,0.6,0.05,0.2,17.699,False,fuzzy_logic_dynamic_snr,17.6732,0.9951
154,v3,v4,20.0,10.44,20.0,0.6,0.0522,0.4,17.4855,True,fuzzy_logic_dynamic_snr,2.955,0.9582
154,v3,v19,20.0,70.0,0.0,0.6,0.35,0.0,16.3098,True,fuzzy_logic_dynamic_snr,2.9505,0.9611
154,v3,v7,20.0,120.0,20.0,0.6,0.6,0.4,15.3645,True,fuzzy_logic_dynamic_snr,2.946,0.9641
154,v4,v11,40.0,3.0,10.0,1.0,0.015,0.2,38.7447,False,fuzzy_logic_dynamic_snr,38.7206,0.999
154,v4,v15,40.0,3.0,10.0,1.0,0.015,0.2,38.7447,False,fuzzy_logic_dynamic_snr,38.7095,0.999
154,v4,v3,40.0,10.44,20.0,1.0,0.0522,0.4,37.4855,False,fuzzy_logic_dynamic_snr,37.463,1.0
154,v4,v19,40.0,60.07,20.0,1.0,0.3004,0.4,35.9655,False,fuzzy_logic_dynamic_snr,35.937,0.999
154,v4,v7,40.0,130.03,0.0,1.0,0.6502,0.0,35.7719,False,fuzzy_logic_dynamic_snr,35.7445,0.998
155,v1,v13,40.0,70.0,20.0,1.0,0.35,0.4,35.8327,False,fuzzy_logic_dynamic_snr,35.8062,0.999
155,v1,v5,40.0,160.0,20.0,1.0,0.8,0.4,35.1146,True,fuzzy_logic_dynamic_snr,2.9689,0.9592
155,v3,v11,20.0,0.0,0.0,0.6,0.0,0.0,22.0,False,fuzzy_logic_dynamic_snr,21.9688,0.9971
155,v3,v15,20.0,0.0,30.0,0.6,0.0,0.6,21.3979,True,fuzzy_logic_dynamic_snr,2.9638,0.9602
155,v3,v4,20.0,10.44,20.0,0.6,0.0522,0.4,17.4855,True,fuzzy_logic_dynamic_snr,2.9545,0.9607
155,v3,v19,20.0,70.0,30.0,0.6,0.35,0.6,15.7077,True,fuzzy_logic_dynamic_snr,2.9472,0.9533
155,v3,v8,20.0,120.04,0.0,0.6,0.6002,0.0,15.8414,True,fuzzy_logic_dynamic_snr,2.95,0.9572
155,v4,v3,40.0,10.44,20.0,1.0,0.0522,0.4,37.4855,False,fuzzy_logic_dynamic_snr,37.4625,0.998
155,v4,v11,40.0,10.44,20.0,1.0,0.0522,0.4,37.4855,False,fuzzy_logic_dynamic_snr,37.4694,1.0
155,v4,v15,40.0,10.44,10.0,1.0,0.0522,0.2,37.6615,False,fuzzy_logic_dynamic_snr,37.6301,0.999
155,v4,v19,40.0,80.06,10.0,1.0,0.4003,0.2,35.8922,False,fuzzy_logic_dynamic_snr,35.8757,1.0
155,v4,v8,40.0,130.0,20.0,1.0,0.65,0.4,35.295,True,fuzzy_logic_dynamic_snr,2.9686,0.9582
156,v1,v13,40.0,90.0,0.0,1.0,0.45,0.0,36.0915,False,fuzzy_logic_dynamic_snr,36.0586,1.0
156,v1,v5,40.0,140.0,0.0,1.0,0.7,0.0,35.7077,False,fuzzy_logic_dynamic_snr,35.6839,0.999
156,v3,v11,20.0,0.0,20.0,0.6,0.0,0.4,21.5229,True,fuzzy_logic_dynamic_snr,2.9622,0.9592
156,v3,v4,20.0,10.44,30.0,0.6,0.0522,0.6,17.3605,True,fuzzy_logic_dynamic_snr,2.9545,0.9607
156,v3,v15,20.0,30.0,20.0,0.6,0.15,0.4,16.5686,True,fuzzy_logic_dynamic_snr,2.9533,0.9631
156,v3,v19,20.0,100.0,20.0,0.6,0.5,0.4,15.5229,True,fuzzy_logic_dynamic_snr,2.9472,0.9572
156,v3,v8,20.0,120.04,20.0,0.6,0.6002,0.4,15.3642,True,fuzzy_logic_dynamic_snr,2.9473,0.9607
156,v4,v3,40.0,10.44,30.0,1.0,0.0522,0.6,37.3605,False,fuzzy_logic_dynamic_snr,37.3308,0.999
156,v4,v11,40.0,10.44,10.0,1.0,0.0522,0.2,37.6615,False,fuzzy_logic_dynamic_snr,37.6369,1.0
156,v4,v15,40.0,20.22,10.0,1.0,0.1011,0.2,37.0872,False,fuzzy_logic_dynamic_snr,37.0641,1.0
156,v4,v19,40.0,90.05,10.0,1.0,0.4502,0.2,35.79,False,fuzzy_logic_dynamic_snr,35.7661,0.999
156,v4,v8,40.0,110.0,10.0,1.0,0.55,0.2,35.6162,False,fuzzy_logic_dynamic_snr,35.5893,0.999
157,v1,v13,40.0,90.0,10.0,1.0,0.45,0.2,35.7905,False,fuzzy_logic_dynamic_snr,35.758,0.9971
157,v1,v5,40.0,140.0,20.0,1.0,0.7,0.4,35.2306,True,fuzzy_logic_dynamic_snr,2.9688,0.9582
157,v1,v6,40.0,190.02,20.0,1.0,0.9501,0.4,34.9653,True,fuzzy_logic_dynamic_snr,2.9691,0.9582
157,v3,v15,20.0,10.0,20.0,0.6,0.05,0.4,17.5229,True,fuzzy_logic_dynamic_snr,2.9545,0.9523
157,v3,v11,20.0,20.0,10.0,0.6,0.1,0.2,17.0969,False,fuzzy_logic_dynamic_snr,17.0693,0.9951
157,v3,v4,20.0,20.22,30.0,0.6,0.1011,0.6,16.7862,True,fuzzy_logic_dynamic_snr,2.9545,0.9572
157,v3,v19,20.0,80.0,0.0,0.6,0.4,0.0,16.1938,True,fuzzy_logic_dynamic_snr,2.9503,0.9617
157,v3,v8,20.0,100.04,30.0,0.6,0.5002,0.6,15.3975,True,fuzzy_logic_dynamic_snr,2.9457,0.9549
157,v4,v11,40.0,3.0,40.0,1.0,0.015,0.8,38.3468,True,fuzzy_logic_dynamic_snr,2.9691,0.9582
157,v4,v3,40.0,20.22,30.0,1.0,0.1011,0.6,36.7862,False,fuzzy_logic_dynamic_snr,36.762,1.0
157,v4,v15,40.0,30.15,10.0,1.0,0.1507,0.2,36.7404,False,fuzzy_logic_dynamic_snr,36.7093,1.0
157,v4,v19,40.0,100.04,30.0,1.0,0.5002,0.6,35.3975,True,fuzzy_logic_dynamic_snr,2.9688,0.9592
157,v4,v8,40.0,120.0,0.0,1.0,0.6,0.0,35.8416,False,fuzzy_logic_dynamic_snr,35.8128,1.0
158,v1,v13,40.0,100.0,10.0,1.0,0.5,0.2,35.699,False,fuzzy_logic_dynamic_snr,35.6714,0.999
158,v1,v5,40.0,160.0,20.0,1.0,0.8,0.4,35.1146,True,fuzzy_logic_dynamic_snr,2.9684,0.9582
158,v3,v4,20.0,10.44,10.0,0.6,0.0522,0.2,17.6615,False,fuzzy_logic_dynamic_snr,17.6318,0.998
158,v3,v11,20.0,30.0,10.0,0.6,0.15,0.2,16.7447,False,fuzzy_logic_dynamic_snr,16.7187,0.9951
158,v3,v15,20.0,30.0,0.0,0.6,0.15,0.0,17.0458,False,fuzzy_logic_dynamic_snr,17.0111,0.9955
158,v3,v19,20.0,80.0,20.0,0.6,0.4,0.4,15.7167,True,fuzzy_logic_dynamic_snr,2.9452,0.9582
158,v3,v8,20.0,130.03,40.0,0.6,0.6502,0.8,15.0729,True,fuzzy_logic_dynamic_snr,2.9442,0.9523
158,v4,v3,40.0,10.44,10.0,1.0,0.0522,0.2,37.6615,False,fuzzy_logic_dynamic_snr,37.6303,0.999
158,v4,v15,40.0,20.22,10.0,1.0,0.1011,0.2,37.0872,False,fuzzy_logic_dynamic_snr,37.0694,0.999
158,v4,v11,40.0,40.11,0.0,1.0,0.2006,0.0,36.7934,False,fuzzy_logic_dynamic_snr,36.7648,0.999
158,v4,v19,40.0,70.06,10.0,1.0,0.3503,0.2,36.008,False,fuzzy_logic_dynamic_snr,35.9923,1.0
158,v4,v8,40.0,120.0,30.0,1.0,0.6,0.6,35.2396,True,fuzzy_logic_dynamic_snr,2.9688,0.9592
159,v1,v13,40.0,110.0,30.0,1.0,0.55,0.6,35.3152,True,fuzzy_logic_dynamic_snr,2.9689,0.9582
159,v1,v5,40.0,140.0,0.0,1.0,0.7,0.0,35.7077,False,fuzzy_logic_dynamic_snr,35.6774,0.999
159,v3,v11,20.0,20.0,20.0,0.6,0.1,0.4,16.9208,True,fuzzy_logic_dynamic_snr,2.9544,0.9617
159,v3,v4,20.0,20.22,20.0,0.6,0.1011,0.4,16.9112,True,fuzzy_logic_dynamic_snr,2.9546,0.9607
159,v3,v15,20.0,30.0,10.0,0.6,0.15,0.2,16.7447,False,fuzzy_logic_dynamic_snr,16.7261,0.998
159,v3,v19,20.0,100.0,10.0,0.6,0.5,0.2,15.699,True,fuzzy_logic_dynamic_snr,2.9488,0.9543
159,v3,v7,20.0,150.0,10.0,0.6,0.75,0.2,15.3468,True,fuzzy_logic_dynamic_snr,2.9451,0.9602
159,v4,v15,40.0,10.44,30.0,1.0,0.0522,0.6,37.3605,False,fuzzy_logic_dynamic_snr,37.332,0.999
159,v4,v3,40.0,20.22,20.0,1.0,0.1011,0.4,36.9112,False,fuzzy_logic_dynamic_snr,36.884,1.0
159,v4,v11,40.0,40.11,40.0,1.0,0.2006,0.8,36.0945,True,fuzzy_logic_dynamic_snr,2.9684,0.9582
159,v4,v19,40.0,80.06,10.0,1.0,0.4003,0.2,35.8922,False,fuzzy_logic_dynamic_snr,35.8612,1.0
159,v4,v8,40.0,150.0,40.0,1.0,0.75,0.8,34.9488,True,fuzzy_logic_dynamic_snr,2.9689,0.9592
160,v1,v13,40.0,80.0,20.0,1.0,0.4,0.4,35.7167,False,fuzzy_logic_dynamic_snr,35.6853,0.999
160,v1,v5,40.0,140.0,0.0,1.0,0.7,0.0,35.7077,False,fuzzy_logic_dynamic_snr,35.6798,0.998
160,v1,v6,40.0,190.02,0.0,1.0,0.9501,0.0,35.4424,True,fuzzy_logic_dynamic_snr,2.969,0.9572
160,v3,v15,20.0,20.0,20.0,0.6,0.1,0.4,16.9208,True,fuzzy_logic_dynamic_snr,2.9547,0.9598
160,v3,v11,20.0,40.0,10.0,0.6,0.2,0.2,16.4949,False,fuzzy_logic_dynamic_snr,16.468,0.9951
160,v3,v4,20.0,40.11,10.0,0.6,0.2006,0.2,16.4924,False,fuzzy_logic_dynamic_snr,16.4666,0.9961
160,v3,v19,20.0,110.0,0.0,0.6,0.55,0.0,15.9172,True,fuzzy_logic_dynamic_snr,2.9497,0.9617
160,v3,v7,20.0,140.0,10.0,0.6,0.7,0.2,15.4067,True,fuzzy_logic_dynamic_snr,2.9444,0.9592
160,v4,v15,40.0,20.22,10.0,1.0,0.1011,0.2,37.0872,False,fuzzy_logic_dynamic_snr,37.0623,0.998
160,v4,v3,40.0,40.11,10.0,1.0,0.2006,0.2,36.4924,False,fuzzy_logic_dynamic_snr,36.4689,1.0
160,v4,v19,40.0,70.06,10.0,1.0,0.3503,0.2,36.008,False,fuzzy_logic_dynamic_snr,35.9744,0.998
160,v4,v11,40.0,80.06,0.0,1.0,0.4003,0.0,36.1932,False,fuzzy_logic_dynamic_snr,36.1714,0.999
160,v4,v8,40.0,110.0,10.0,1.0,0.55,0.2,35.6162,False,fuzzy_logic_dynamic_snr,35.595,0.998
10,v1,v2,40.0,20.22,20.0,1.0,0.1011,0.4,36.9112,False,all_dynamic_snr,2.969,0.9582
10,v1,v5,40.0,110.0,20.0,1.0,0.55,0.4,35.4401,False,all_dynamic_snr,2.969,0.9572
10,v1,v6,40.0,190.02,10.0,1.0,0.9501,0.2,35.1414,True,all_dynamic_snr,2.9692,0.9582
10,v2,v1,20.0,20.22,20.0,0.6,0.1011,0.4,16.9112,True,all_dynamic_snr,2.9533,0.9611
10,v2,v5,20.0,130.03,40.0,0.6,0.6502,0.8,15.0729,True,all_dynamic_snr,2.9433,0.9607
10,v3,v4,20.0,50.09,30.0,0.6,0.2504,0.6,15.9984,True,all_dynamic_snr,2.9503,0.9621
10,v3,v7,20.0,100.0,30.0,0.6,0.5,0.6,15.3979,True,all_dynamic_snr,2.9462,0.9592
10,v3,v8,20.0,130.03,10.0,0.6,0.6502,0.2,15.4709,True,all_dynamic_snr,2.9481,0.9602
10,v4,v3,40.0,50.09,30.0,1.0,0.2504,0.6,35.9984,False,all_dynamic_snr,2.9686,0.9602
10,v4,v7,40.0,50.09,0.0,1.0,0.2504,0.0,36.6005,False,all_dynamic_snr,2.9689,0.9582
10,v4,v8,40.0,80.0,20.0,1.0,0.4,0.4,35.7167,False,all_dynamic_snr,2.9689,0.9582
10,v4,v12,40.0,170.0,20.0,1.0,0.85,0.4,35.062,True,all_dynamic_snr,2.9689,0.9582
10,v4,v16,40.0,170.0,20.0,1.0,0.85,0.4,35.062,True,all_dynamic_snr,2.9688,0.9582
11,v1,v2,40.0,3.0,10.0,1.0,0.015,0.2,38.7447,False,all_dynamic_snr,2.9684,0.9582
11,v1,v5,40.0,90.0,10.0,1.0,0.45,0.2,35.7905,False,all_dynamic_snr,2.9691,0.9602
11,v2,v1,20.0,3.0,10.0,0.6,0.015,0.2,18.7447,False,all_dynamic_snr,2.9581,0.9553
11,v2,v5,20.0,90.05,20.0,0.6,0.4502,0.4,15.6139,True,all_dynamic_snr,2.9482,0.9543
11,v2,v6,20.0,200.0,0.0,0.6,1.0,0.0,15.3979,True,all_dynamic_snr,2.9503,0.9646
11,v3,v4,20.0,80.06,10.0,0.6,0.4003,0.2,15.8922,True,all_dynamic_snr,2.9493,0.9572
11,v3,v7,20.0,130.0,30.0,0.6,0.65,0.6,15.1701,True,all_dynamic_snr,2.9463,0.9611
11,v3,v8,20.0,140.03,20.0,0.6,0.7002,0.4,15.2304,True,all_dynamic_snr,2.9471,0.9572
11,v4,v7,40.0,50.09,20.0,1.0,0.2504,0.4,36.1234,False,all_dynamic_snr,2.9687,0.9582
11,v4,v8,40.0,60.0,10.0,1.0,0.3,0.2,36.1427,False,all_dynamic_snr,2.9687,0.9582
11,v4,v3,40.0,80.06,10.0,1.0,0.4003,0.2,35.8922,False,all_dynamic_snr,2.9687,0.9592
11,v4,v11,40.0,140.03,30.0,1.0,0.7002,0.6,35.1055,True,all_dynamic_snr,2.9693,0.9592
11,v4,v12,40.0,190.0,10.0,1.0,0.95,0.2,35.1415,True,all_dynamic_snr,2.9687,0.9592
12,v1,v2,40.0,10.44,20.0,1.0,0.0522,0.4,37.4855,False,all_dynamic_snr,2.9692,0.9592
12,v1,v5,40.0,100.0,0.0,1.0,0.5,0.0,36.0,False,all_dynamic_snr,2.9686,0.9592
12,v1,v6,40.0,190.02,10.0,1.0,0.9501,0.2,35.1414,True,all_dynamic_snr,2.9686,0.9592
12,v2,v1,20.0,10.44,20.0,0.6,0.0522,0.4,17.4855,True,all_dynamic_snr,2.9564,0.9611
12,v2,v5,20.0,110.04,20.0,0.6,0.5502,0.4,15.4398,True,all_dynamic_snr,2.9489,0.9598
12,v2,v6,20.0,200.0,10.0,0.6,1.0,0.2,15.0969,True,all_dynamic_snr,2.9435,0.9592
12,v3,v4,20.0,70.06,0.0,0.6,0.3503,0.0,16.309,True,all_dynamic_snr,2.9498,0.9598
12,v3,v7,20.0,100.0,20.0,0.6,0.5,0.4,15.5229,True,all_dynamic_snr,2.9466,0.9543
12,v3,v8,20.0,120.04,20.0,0.6,0.6002,0.4,15.3642,True,all_dynamic_snr,2.9447,0.9563
12,v3,v11,20.0,180.0,10.0,0.6,0.9,0.2,15.1884,True,all_dynamic_snr,2.9453,0.9563
12,v4,v7,40.0,30.15,20.0,1.0,0.1507,0.4,36.5643,False,all_dynamic_snr,2.9686,0.9592
12,v4,v8,40.0,50.0,20.0,1.0,0.25,0.4,36.1249,False,all_dynamic_snr,2.9694,0.9592
12,v4,v3,40.0,70.06,0.0,1.0,0.3503,0.0,36.309,False,all_dynamic_snr,2.9689,0.9592
12,v4,v11,40.0,110.04,10.0,1.0,0.5502,0.2,35.6159,False,all_dynamic_snr,2.9688,0.9582
12,v4,v12,40.0,180.0,10.0,1.0,0.9,0.2,35.1884,True,all_dynamic_snr,2.9693,0.9582
13,v1,v2,40.0,30.15,10.0,1.0,0.1507,0.2,36.7404,False,all_dynamic_snr,2.9692,0.9592
13,v1,v5,40.0,100.0,30.0,1.0,0.5,0.6,35.3979,True,all_dynamic_snr,2.969,0.9592
13,v1,v6,40.0,180.02,0.0,1.0,0.9001,0.0,35.4893,True,all_dynamic_snr,2.9684,0.9592
13,v2,v1,20.0,30.15,10.0,0.6,0.1507,0.2,16.7404,False,all_dynamic_snr,2.9522,0.9563
13,v2,v5,20.0,130.03,20.0,0.6,0.6502,0.4,15.2948,True,all_dynamic_snr,2.9452,0.9617
13,v3,v4,20.0,70.06,10.0,0.6,0.3503,0.2,16.008,True,all_dynamic_snr,2.9502,0.9627
13,v3,v7,20.0,120.0,10.0,0.6,0.6,0.2,15.5406,True,all_dynamic_snr,2.9495,0.9611
13,v3,v8,20.0,140.03,20.0,0.6,0.7002,0.4,15.2304,True,all_dynamic_snr,2.9428,0.9611
13,v3,v11,20.0,190.0,10.0,0.6,0.95,0.2,15.1415,True,all_dynamic_snr,2.9458,0.9553
13,v4,v7,40.0,50.09,20.0,1.0,0.2504,0.4,36.1234,False,all_dynamic_snr,2.9687,0.9582
13,v4,v8,40.0,70.0,10.0,1.0,0.35,0.2,36.0088,False,all_dynamic_snr,2.9687,0.9592
13,v4,v3,40.0,70.06,10.0,1.0,0.3503,0.2,36.008,False,all_dynamic_snr,2.9688,0.9592
13,v4,v11,40.0,120.04,0.0,1.0,0.6002,0.0,35.8414,False,all_dynamic_snr,2.9689,0.9592
13,v4,v12,40.0,170.0,0.0,1.0,0.85,0.0,35.5391,True,all_dynamic_snr,2.9691,0.9582
14,v1,v2,40.0,20.22,30.0,1.0,0.1011,0.6,36.7862,False,all_dynamic_snr,2.9684,0.9592
14,v1,v5,40.0,130.0,30.0,1.0,0.65,0.6,35.1701,True,all_dynamic_snr,2.9686,0.9582
14,v1,v6,40.0,180.02,40.0,1.0,0.9001,0.8,34.7904,True,all_dynamic_snr,2.9689,0.9582
14,v2,v1,20.0,20.22,30.0,0.6,0.1011,0.6,16.7862,True,all_dynamic_snr,2.9522,0.9592
14,v2,v5,20.0,150.03,0.0,0.6,0.7501,0.0,15.6476,True,all_dynamic_snr,2.9468,0.9582
14,v2,v6,20.0,200.0,10.0,0.6,1.0,0.2,15.0969,True,all_dynamic_snr,2.944,0.9572
14,v3,v4,20.0,80.06,10.0,0.6,0.4003,0.2,15.8922,True,all_dynamic_snr,2.9486,0.9637
14,v3,v7,20.0,110.0,10.0,0.6,0.55,0.2,15.6162,True,all_dynamic_snr,2.9468,0.9617
14,v3,v8,20.0,160.03,10.0,0.6,0.8001,0.2,15.2906,True,all_dynamic_snr,2.9487,0.9578
14,v3,v11,20.0,200.0,10.0,0.6,1.0,0.2,15.0969,True,all_dynamic_snr,2.944,0.9621
14,v4,v7,40.0,30.15,20.0,1.0,0.1507,0.4,36.5643,False,all_dynamic_snr,2.9695,0.9582
14,v4,v8,40.0,80.0,0.0,1.0,0.4,0.0,36.1938,False,all_dynamic_snr,2.9689,0.9582
14,v4,v3,40.0,80.06,10.0,1.0,0.4003,0.2,35.8922,False,all_dynamic_snr,2.969,0.9592
14,v4,v11,40.0,120.04,0.0,1.0,0.6002,0.0,35.8414,False,all_dynamic_snr,2.9687,0.9582
14,v4,v12,40.0,170.0,20.0,1.0,0.85,0.4,35.062,True,all_dynamic_snr,2.9689,0.9602
15,v1,v2,40.0,50.09,20.0,1.0,0.2504,0.4,36.1234,False,all_dynamic_snr,2.9692,0.9582
15,v1,v5,40.0,100.0,10.0,1.0,0.5,0.2,35.699,False,all_dynamic_snr,2.9685,0.9592
15,v1,v6,40.0,140.03,10.0,1.0,0.7002,0.2,35.4065,False,all_dynamic_snr,2.9689,0.9602
15,v2,v1,20.0,50.09,20.0,0.6,0.2504,0.4,16.1234,True,all_dynamic_snr,2.9521,0.9553
15,v2,v5,20.0,150.03,10.0,0.6,0.7501,0.2,15.3466,True,all_dynamic_snr,2.9456,0.9582
15,v2,v6,20.0,190.0,30.0,0.6,0.95,0.6,14.8404,True,all_dynamic_snr,2.9436,0.9582
15,v3,v4,20.0,70.06,30.0,0.6,0.3503,0.6,15.7069,True,all_dynamic_snr,2.949,0.9598
15,v3,v7,20.0,120.0,20.0,0.6,0.6,0.4,15.3645,True,all_dynamic_snr,2.9466,0.9656
15,v3,v8,20.0,150.03,10.0,0.6,0.7501,0.2,15.3466,True,all_dynamic_snr,2.9453,0.9631
15,v3,v11,20.0,190.0,10.0,0.6,0.95,0.2,15.1415,True,all_dynamic_snr,2.9432,0.9572
15,v4,v7,40.0,50.09,10.0,1.0,0.2504,0.2,36.2995,False,all_dynamic_snr,2.9689,0.9582
15,v4,v3,40.0,70.06,30.0,1.0,0.3503,0.6,35.7069,False,all_dynamic_snr,2.9687,0.9582
15,v4,v8,40.0,80.0,40.0,1.0,0.4,0.8,35.4949,True,all_dynamic_snr,2.9692,0.9592
15,v4,v11,40.0,120.04,40.0,1.0,0.6002,0.8,35.1424,True,all_dynamic_snr,2.9688,0.9602
15,v4,v12,40.0,190.0,40.0,1.0,0.95,0.8,34.7435,True,all_dynamic_snr,2.969,0.9602
16,v1,v2,40.0,30.15,0.0,1.0,0.1507,0.0,37.0414,False,all_dynamic_snr,2.9688,0.9592
16,v1,v5,40.0,110.0,20.0,1.0,0.55,0.4,35.4401,False,all_dynamic_snr,2.9687,0.9592
16,v1,v6,40.0,130.03,10.0,1.0,0.6502,0.2,35.4709,False,all_dynamic_snr,2.9691,0.9592
16,v2,v1,20.0,30.15,0.0,0.6,0.1507,0.0,17.0414,False,all_dynamic_snr,2.9522,0.9549
16,v2,v5,20.0,140.03,20.0,0.6,0.7002,0.4,15.2304,True,all_dynamic_snr,2.9464,0.9568
16,v2,v6,20.0,160.0,10.0,0.6,0.8,0.2,15.2907,True,all_dynamic_snr,2.9468,0.9572
16,v3,v4,20.0,100.04,40.0,0.6,0.5002,0.8,15.3006,True,all_dynamic_snr,2.9454,0.9572
16,v3,v7,20.0,140.0,0.0,0.6,0.7,0.0,15.7077,True,all_dynamic_snr,2.9475,0.9588
16,v3,v8,20.0,140.03,0.0,0.6,0.7002,0.0,15.7075,True,all_dynamic_snr,2.9477,0.9592
16,v3,v11,20.0,180.0,10.0,0.6,0.9,0.2,15.1884,True,all_dynamic_snr,2.9455,0.9602
16,v4,v8,40.0,40.0,40.0,1.0,0.2,0.8,36.0969,True,all_dynamic_snr,2.9689,0.9572
16,v4,v7,40.0,40.11,40.0,1.0,0.2006,0.8,36.0945,True,all_dynamic_snr,2.9691,0.9602
16,v4,v11,40.0,80.06,30.0,1.0,0.4003,0.6,35.5911,False,all_dynamic_snr,2.969,0.9602
16,v4,v3,40.0,100.04,40.0,1.0,0.5002,0.8,35.3006,True,all_dynamic_snr,2.9688,0.9572
16,v4,v12,40.0,150.0,40.0,1.0,0.75,0.8,34.9488,True,all_dynamic_snr,2.9678,0.9582
17,v1,v2,40.0,30.15,40.0,1.0,0.1507,0.8,36.3425,True,all_dynamic_snr,2.9684,0.9611
17,v1,v5,40.0,130.0,30.0,1.0,0.65,0.6,35.1701,True,all_dynamic_snr,2.9685,0.9592
17,v1,v6,40.0,140.03,40.0,1.0,0.7002,0.8,35.0086,True,all_dynamic_snr,2.9682,0.9582
17,v2,v1,20.0,30.15,40.0,0.6,0.1507,0.8,16.3425,True,all_dynamic_snr,2.9513,0.9598
17,v2,v5,20.0,160.03,10.0,0.6,0.8001,0.2,15.2906,True,all_dynamic_snr,2.9452,0.9553
17,v2,v6,20.0,170.0,0.0,0.6,0.85,0.0,15.5391,True,all_dynamic_snr,2.9456,0.9611
17,v3,v4,20.0,60.07,0.0,0.6,0.3004,0.0,16.4426,True,all_dynamic_snr,2.9503,0.9637
17,v3,v7,20.0,140.0,0.0,0.6,0.7,0.0,15.7077,True,all_dynamic_snr,2.9502,0.9611
17,v3,v8,20.0,140.03,10.0,0.6,0.7002,0.2,15.4065,True,all_dynamic_snr,2.9465,0.9641
17,v3,v11,20.0,170.0,20.0,0.6,0.85,0.4,15.062,True,all_dynamic_snr,2.9433,0.9627
17,v4,v3,40.0,60.07,0.0,1.0,0.3004,0.0,36.4426,False,all_dynamic_snr,2.9691,0.9572
17,v4,v8,40.0,80.0,10.0,1.0,0.4,0.2,35.8928,False,all_dynamic_snr,2.9682,0.9592
17,v4,v7,40.0,80.06,0.0,1.0,0.4003,0.0,36.1932,False,all_dynamic_snr,2.9689,0.9592
17,v4,v11,40.0,110.04,20.0,1.0,0.5502,0.4,35.4398,False,all_dynamic_snr,2.9694,0.9582
17,v4,v12,40.0,190.0,0.0,1.0,0.95,0.0,35.4425,True,all_dynamic_snr,2.9692,0.9592
18,v1,v2,40.0,70.06,10.0,1.0,0.3503,0.2,36.008,False,all_dynamic_snr,2.969,0.9592
18,v1,v5,40.0,100.0,30.0,1.0,0.5,0.6,35.3979,True,all_dynamic_snr,2.9689,0.9582
18,v1,v6,40.0,100.04,40.0,1.0,0.5002,0.8,35.3006,True,all_dynamic_snr,2.9689,0.9582
18,v2,v1,20.0,70.06,10.0,0.6,0.3503,0.2,16.008,True,all_dynamic_snr,2.9482,0.966
18,v2,v6,20.0,170.0,30.0,0.6,0.85,0.6,14.937,True,all_dynamic_snr,2.9408,0.9578
18,v2,v5,20.0,170.03,20.0,0.6,0.8501,0.4,15.0618,True,all_dynamic_snr,2.9452,0.9578
18,v3,v4,20.0,60.07,10.0,0.6,0.3004,0.2,16.1416,True,all_dynamic_snr,2.9511,0.9627
18,v3,v8,20.0,130.03,0.0,0.6,0.6502,0.0,15.7719,True,all_dynamic_snr,2.9497,0.9617
18,v3,v7,20.0,140.0,20.0,0.6,0.7,0.4,15.2306,True,all_dynamic_snr,2.9451,0.9563
18,v3,v11,20.0,150.0,10.0,0.6,0.75,0.2,15.3468,True,all_dynamic_snr,2.9436,0.9627
18,v4,v3,40.0,60.07,10.0,1.0,0.3004,0.2,36.1416,False,all_dynamic_snr,2.9691,0.9592
18,v4,v8,40.0,70.0,10.0,1.0,0.35,0.2,36.0088,False,all_dynamic_snr,2.9693,0.9582
18,v4,v7,40.0,80.06,10.0,1.0,0.4003,0.2,35.8922,False,all_dynamic_snr,2.9689,0.9582
18,v4,v11,40.0,90.05,0.0,1.0,0.4502,0.0,36.091,False,all_dynamic_snr,2.9689,0.9592
18,v4,v12,40.0,190.0,30.0,1.0,0.95,0.6,34.8404,True,all_dynamic_snr,2.9686,0.9582
19,v1,v2,40.0,60.07,20.0,1.0,0.3004,0.4,35.9655,False,all_dynamic_snr,2.969,0.9592
19,v1,v5,40.0,130.0,0.0,1.0,0.65,0.0,35.7721,False,all_dynamic_snr,2.9689,0.9592
19,v1,v6,40.0,140.03,10.0,1.0,0.7002,0.2,35.4065,False,all_dynamic_snr,2.9689,0.9602
19,v2,v1,20.0,60.07,20.0,0.6,0.3004,0.4,15.9655,True,all_dynamic_snr,2.9487,0.9559
19,v2,v5,20.0,190.02,20.0,0.6,0.9501,0.4,14.9653,True,all_dynamic_snr,2.9437,0.9572
19,v2,v6,20.0,200.0,30.0,0.6,1.0,0.6,14.7959,True,all_dynamic_snr,2.9446,0.9563
19,v3,v4,20.0,50.09,30.0,0.6,0.2504,0.6,15.9984,True,all_dynamic_snr,2.9494,0.9592
19,v3,v7,20.0,120.0,30.0,0.6,0.6,0.6,15.2396,True,all_dynamic_snr,2.9457,0.9588
19,v3,v8,20.0,130.03,0.0,0.6,0.6502,0.0,15.7719,True,all_dynamic_snr,2.9475,0.9627
19,v3,v11,20.0,140.0,0.0,0.6,0.7,0.0,15.7077,True,all_dynamic_snr,2.9482,0.9563
19,v4,v3,40.0,50.09,30.0,1.0,0.2504,0.6,35.9984,False,all_dynamic_snr,2.9691,0.9582
19,v4,v7,40.0,70.06,0.0,1.0,0.3503,0.0,36.309,False,all_dynamic_snr,2.9692,0.9582
19,v4,v8,40.0,80.0,30.0,1.0,0.4,0.6,35.5918,False,all_dynamic_snr,2.9691,0.9582
19,v4,v11,40.0,90.05,30.0,1.0,0.4502,0.6,35.489,True,all_dynamic_snr,2.9687,0.9592
19,v4,v12,40.0,160.0,20.0,1.0,0.8,0.4,35.1146,True,all_dynamic_snr,2.9691,0.9582
20,v1,v2,40.0,40.11,0.0,1.0,0.2006,0.0,36.7934,False,all_dynamic_snr,2.969,0.9592
20,v1,v5,40.0,130.0,30.0,1.0,0.65,0.6,35.1701,True,all_dynamic_snr,2.9689,0.9592
20,v1,v6,40.0,130.03,30.0,1.0,0.6502,0.6,35.1698,True,all_dynamic_snr,2.9687,0.9592
20,v2,v1,20.0,40.11,0.0,0.6,0.2006,0.0,16.7934,False,all_dynamic_snr,2.9522,0.9578
20,v2,v6,20.0,170.0,30.0,0.6,0.85,0.6,14.937,True,all_dynamic_snr,2.945,0.9588
20,v2,v5,20.0,170.03,30.0,0.6,0.8501,0.6,14.9369,True,all_dynamic_snr,2.9431,0.9607
20,v3,v4,20.0,80.06,30.0,0.6,0.4003,0.6,15.5911,True,all_dynamic_snr,2.9463,0.9582
20,v3,v8,20.0,130.03,10.0,0.6,0.6502,0.2,15.4709,True,all_dynamic_snr,2.9473,0.9646
20,v3,v11,20.0,140.0,20.0,0.6,0.7,0.4,15.2306,True,all_dynamic_snr,2.9431,0.9559
20,v3,v7,20.0,150.0,0.0,0.6,0.75,0.0,15.6478,True,all_dynamic_snr,2.9474,0.9598
20,v4,v8,40.0,50.0,20.0,1.0,0.25,0.4,36.1249,False,all_dynamic_snr,2.9686,0.9592
20,v4,v11,40.0,60.07,10.0,1.0,0.3004,0.2,36.1416,False,all_dynamic_snr,2.9692,0.9592
20,v4,v7,40.0,70.06,30.0,1.0,0.3503,0.6,35.7069,False,all_dynamic_snr,2.9683,0.9582
20,v4,v3,40.0,80.06,30.0,1.0,0.4003,0.6,35.5911,False,all_dynamic_snr,2.9686,0.9563
20,v4,v12,40.0,140.0,10.0,1.0,0.7,0.2,35.4067,False,all_dynamic_snr,2.9687,0.9592
21,v1,v2,40.0,40.11,30.0,1.0,0.2006,0.6,36.1914,False,all_dynamic_snr,2.9689,0.9582
21,v1,v5,40.0,160.0,0.0,1.0,0.8,0.0,35.5918,True,all_dynamic_snr,2.9689,0.9592
21,v1,v6,40.0,160.03,40.0,1.0,0.8001,0.8,34.8926,True,all_dynamic_snr,2.969,0.9592
21,v2,v1,20.0,40.11,30.0,0.6,0.2006,0.6,16.1914,True,all_dynamic_snr,2.95,0.9598
21,v2,v6,20.0,200.0,10.0,0.6,1.0,0.2,15.0969,True,all_dynamic_snr,2.9456,0.9563
21,v3,v4,20.0,110.04,40.0,0.6,0.5502,0.8,15.2179,True,all_dynamic_snr,2.9453,0.9543
21,v3,v8,20.0,140.03,40.0,0.6,0.7002,0.8,15.0086,True,all_dynamic_snr,2.9446,0.9578
21,v3,v7,20.0,150.0,40.0,0.6,0.75,0.8,14.9488,True,all_dynamic_snr,2.9438,0.9559
21,v3,v11,20.0,160.0,10.0,0.6,0.8,0.2,15.2907,True,all_dynamic_snr,2.9449,0.9578
21,v4,v8,40.0,30.0,0.0,1.0,0.15,0.0,37.0458,False,all_dynamic_snr,2.9694,0.9592
21,v4,v7,40.0,40.11,0.0,1.0,0.2006,0.0,36.7934,False,all_dynamic_snr,2.9693,0.9592
21,v4,v11,40.0,50.09,30.0,1.0,0.2504,0.6,35.9984,False,all_dynamic_snr,2.9687,0.9602
21,v4,v3,40.0,110.04,40.0,1.0,0.5502,0.8,35.2179,True,all_dynamic_snr,2.9683,0.9602
21,v4,v12,40.0,130.0,30.0,1.0,0.65,0.6,35.1701,True,all_dynamic_snr,2.9687,0.9572
22,v1,v2,40.0,70.06,10.0,1.0,0.3503,0.2,36.008,False,all_dynamic_snr,2.969,0.9582
22,v1,v6,40.0,120.04,10.0,1.0,0.6002,0.2,35.5403,False,all_dynamic_snr,2.9689,0.9602
22,v1,v5,40.0,160.0,20.0,1.0,0.8,0.4,35.1146,True,all_dynamic_snr,2.969,0.9592
22,v2,v1,20.0,70.06,10.0,0.6,0.3503,0.2,16.008,True,all_dynamic_snr,2.9511,0.9611
22,v2,v6,20.0,190.0,0.0,0.6,0.95,0.0,15.4425,True,all_dynamic_snr,2.9456,0.9582
22,v3,v4,20.0,150.03,10.0,0.6,0.7501,0.2,15.3466,True,all_dynamic_snr,2.9466,0.9602
22,v3,v11,20.0,170.0,20.0,0.6,0.85,0.4,15.062,True,all_dynamic_snr,2.9445,0.9666
22,v3,v8,20.0,180.02,10.0,0.6,0.9001,0.2,15.1883,True,all_dynamic_snr,2.9437,0.9563
22,v3,v7,20.0,190.0,10.0,0.6,0.95,0.2,15.1415,True,all_dynamic_snr,2.9443,0.9553
22,v4,v11,40.0,20.22,30.0,1.0,0.1011,0.6,36.7862,False,all_dynamic_snr,2.9688,0.9592
22,v4,v8,40.0,30.0,20.0,1.0,0.15,0.4,36.5686,False,all_dynamic_snr,2.9687,0.9582
22,v4,v7,40.0,40.11,20.0,1.0,0.2006,0.4,36.3163,False,all_dynamic_snr,2.969,0.9582
22,v4,v12,40.0,100.0,10.0,1.0,0.5,0.2,35.699,False,all_dynamic_snr,2.9687,0.9582
22,v4,v3,40.0,150.03,10.0,1.0,0.7501,0.2,35.3466,False,all_dynamic_snr,2.9688,0.9602
23,v1,v2,40.0,80.06,30.0,1.0,0.4003,0.6,35.5911,False,all_dynamic_snr,2.9687,0.9582
23,v1,v6,40.0,110.04,30.0,1.0,0.5502,0.6,35.3148,True,all_dynamic_snr,2.9689,0.9602
23,v1,v5,40.0,140.0,40.0,1.0,0.7,0.8,35.0088,True,all_dynamic_snr,2.9688,0.9592
23,v2,v1,20.0,80.06,30.0,0.6,0.4003,0.6,15.5911,True,all_dynamic_snr,2.948,0.9572
23,v2,v6,20.0,190.0,0.0,0.6,0.95,0.0,15.4425,True,all_dynamic_snr,2.9473,0.9557
23,v3,v4,20.0,140.03,40.0,0.6,0.7002,0.8,15.0086,True,all_dynamic_snr,2.9438,0.9602
23,v3,v11,20.0,190.0,30.0,0.6,0.95,0.6,14.8404,True,all_dynamic_snr,2.9441,0.9598
23,v3,v8,20.0,190.02,40.0,0.6,0.9501,0.8,14.7434,True,all_dynamic_snr,2.9405,0.9598
23,v3,v7,20.0,200.0,0.0,0.6,1.0,0.0,15.3979,True,all_dynamic_snr,2.9454,0.9582
23,v4,v8,40.0,50.0,0.0,1.0,0.25,0.0,36.6021,False,all_dynamic_snr,2.9685,0.9582
23,v4,v11,40.0,50.09,10.0,1.0,0.2504,0.2,36.2995,False,all_dynamic_snr,2.9694,0.9592
23,v4,v7,40.0,60.07,40.0,1.0,0.3004,0.8,35.7436,True,all_dynamic_snr,2.9687,0.9592
23,v4,v12,40.0,90.0,40.0,1.0,0.45,0.8,35.3925,True,all_dynamic_snr,2.9688,0.9582
23,v4,v3,40.0,140.03,40.0,1.0,0.7002,0.8,35.0086,True,all_dynamic_snr,2.9687,0.9602
24,v1,v2,40.0,50.09,0.0,1.0,0.2504,0.0,36.6005,False,all_dynamic_snr,2.9693,0.9582
24,v1,v6,40.0,140.03,30.0,1.0,0.7002,0.6,35.1055,True,all_dynamic_snr,2.9685,0.9602
24,v1,v5,40.0,180.0,20.0,1.0,0.9,0.4,35.0123,True,all_dynamic_snr,2.9691,0.9582
24,v2,v1,20.0,50.09,0.0,0.6,0.2504,0.0,16.6005,False,all_dynamic_snr,2.9525,0.9572
24,v2,v6,20.0,190.0,30.0,0.6,0.95,0.6,14.8404,True,all_dynamic_snr,2.9421,0.9607
24,v3,v4,20.0,100.04,20.0,0.6,0.5002,0.4,15.5225,True,all_dynamic_snr,2.9473,0.9543
24,v3,v8,20.0,150.03,30.0,0.6,0.7501,0.6,15.0456,True,all_dynamic_snr,2.9441,0.9568
24,v3,v11,20.0,160.0,30.0,0.6,0.8,0.6,14.9897,True,all_dynamic_snr,2.9452,0.9553
24,v3,v7,20.0,200.0,20.0,0.6,1.0,0.4,14.9208,True,all_dynamic_snr,2.9446,0.9568
24,v4,v8,40.0,50.0,10.0,1.0,0.25,0.2,36.301,False,all_dynamic_snr,2.9686,0.9572
24,v4,v11,40.0,60.07,10.0,1.0,0.3004,0.2,36.1416,False,all_dynamic_snr,2.969,0.9582
24,v4,v3,40.0,100.04,20.0,1.0,0.5002,0.4,35.5225,False,all_dynamic_snr,2.9692,0.9592
24,v4,v7,40.0,100.04,0.0,1.0,0.5002,0.0,35.9996,False,all_dynamic_snr,2.9687,0.9582
24,v4,v12,40.0,130.0,0.0,1.0,0.65,0.0,35.7721,False,all_dynamic_snr,2.9691,0.9582
25,v1,v2,40.0,50.09,40.0,1.0,0.2504,0.8,35.9015,True,all_dynamic_snr,2.9694,0.9582
25,v1,v6,40.0,170.03,10.0,1.0,0.8501,0.2,35.2379,True,all_dynamic_snr,2.9685,0.9602
25,v1,v5,40.0,200.0,20.0,1.0,1.0,0.4,34.9208,True,all_dynamic_snr,2.9689,0.9592
25,v2,v1,20.0,50.09,40.0,0.6,0.2504,0.8,15.9015,True,all_dynamic_snr,2.947,0.9572
25,v3,v4,20.0,120.04,30.0,0.6,0.6002,0.6,15.2393,True,all_dynamic_snr,2.9429,0.9607
25,v3,v8,20.0,180.02,10.0,0.6,0.9001,0.2,15.1883,True,all_dynamic_snr,2.9449,0.9559
25,v3,v11,20.0,190.0,10.0,0.6,0.95,0.2,15.1415,True,all_dynamic_snr,2.9421,0.9494
25,v4,v8,40.0,60.0,40.0,1.0,0.3,0.8,35.7447,True,all_dynamic_snr,2.9691,0.9572
25,v4,v11,40.0,70.06,20.0,1.0,0.3503,0.4,35.8319,False,all_dynamic_snr,2.9694,0.9592
25,v4,v7,40.0,100.04,20.0,1.0,0.5002,0.4,35.5225,False,all_dynamic_snr,2.9691,0.9602
25,v4,v3,40.0,120.04,30.0,1.0,0.6002,0.6,35.2393,True,all_dynamic_snr,2.9692,0.9611
25,v4,v12,40.0,130.0,30.0,1.0,0.65,0.6,35.1701,True,all_dynamic_snr,2.9685,0.9602
26,v1,v2,40.0,90.05,10.0,1.0,0.4502,0.2,35.79,False,all_dynamic_snr,2.9688,0.9592
26,v1,v6,40.0,160.03,40.0,1.0,0.8001,0.8,34.8926,True,all_dynamic_snr,2.9687,0.9592
26,v1,v5,40.0,180.0,0.0,1.0,0.9,0.0,35.4895,True,all_dynamic_snr,2.9686,0.9592
26,v2,v1,20.0,90.05,10.0,0.6,0.4502,0.2,15.79,True,all_dynamic_snr,2.9498,0.9572
26,v3,v4,20.0,90.05,20.0,0.6,0.4502,0.4,15.6139,True,all_dynamic_snr,2.9439,0.965
26,v3,v11,20.0,180.0,10.0,0.6,0.9,0.2,15.1884,True,all_dynamic_snr,2.9464,0.9533
26,v3,v8,20.0,190.02,0.0,0.6,0.9501,0.0,15.4424,True,all_dynamic_snr,2.9467,0.9582
26,v4,v3,40.0,90.05,20.0,1.0,0.4502,0.4,35.6139,False,all_dynamic_snr,2.9683,0.9582
26,v4,v11,40.0,90.05,10.0,1.0,0.4502,0.2,35.79,False,all_dynamic_snr,2.9686,0.9602
26,v4,v8,40.0,100.0,20.0,1.0,0.5,0.4,35.5229,False,all_dynamic_snr,2.9686,0.9582
26,v4,v7,40.0,120.04,10.0,1.0,0.6002,0.2,35.5403,False,all_dynamic_snr,2.9691,0.9582
26,v4,v12,40.0,160.0,20.0,1.0,0.8,0.4,35.1146,True,all_dynamic_snr,2.9685,0.9582
27,v1,v2,40.0,100.04,20.0,1.0,0.5002,0.4,35.5225,False,all_dynamic_snr,2.969,0.9592
27,v1,v6,40.0,120.04,0.0,1.0,0.6002,0.0,35.8414,False,all_dynamic_snr,2.9687,0.9602
27,v1,v5,40.0,180.0,10.0,1.0,0.9,0.2,35.1884,True,all_dynamic_snr,2.969,0.9592
27,v2,v1,20.0,100.04,20.0,0.6,0.5002,0.4,15.5225,True,all_dynamic_snr,2.9463,0.9568
27,v3,v4,20.0,110.04,20.0,0.6,0.5502,0.4,15.4398,True,all_dynamic_snr,2.9484,0.9602
27,v3,v11,20.0,190.0,40.0,0.6,0.95,0.8,14.7435,True,all_dynamic_snr,2.9426,0.9543
27,v3,v8,20.0,190.02,30.0,0.6,0.9501,0.6,14.8403,True,all_dynamic_snr,2.9452,0.9572
27,v4,v8,40.0,80.0,10.0,1.0,0.4,0.2,35.8928,False,all_dynamic_snr,2.969,0.9592
27,v4,v11,40.0,80.06,20.0,1.0,0.4003,0.4,35.7161,False,all_dynamic_snr,2.9687,0.9592
27,v4,v3,40.0,110.04,20.0,1.0,0.5502,0.4,35.4398,False,all_dynamic_snr,2.9689,0.9592
27,v4,v7,40.0,110.04,10.0,1.0,0.5502,0.2,35.6159,False,all_dynamic_snr,2.9694,0.9572
27,v4,v12,40.0,140.0,20.0,1.0,0.7,0.4,35.2306,True,all_dynamic_snr,2.9684,0.9602
28,v1,v2,40.0,80.06,20.0,1.0,0.4003,0.4,35.7161,False,all_dynamic_snr,2.9688,0.9592
28,v1,v6,40.0,120.04,10.0,1.0,0.6002,0.2,35.5403,False,all_dynamic_snr,2.9689,0.9602
28,v1,v5,40.0,190.0,10.0,1.0,0.95,0.2,35.1415,True,all_dynamic_snr,2.9691,0.9592
28,v2,v1,20.0,80.06,20.0,0.6,0.4003,0.4,15.7161,True,all_dynamic_snr,2.9457,0.9533
28,v2,v6,20.0,200.0,10.0,0.6,1.0,0.2,15.0969,True,all_dynamic_snr,2.9466,0.9553
28,v3,v4,20.0,90.05,10.0,0.6,0.4502,0.2,15.79,True,all_dynamic_snr,2.9487,0.9627
28,v3,v11,20.0,150.0,10.0,0.6,0.75,0.2,15.3468,True,all_dynamic_snr,2.9457,0.9596
28,v3,v8,20.0,160.03,10.0,0.6,0.8001,0.2,15.2906,True,all_dynamic_snr,2.9474,0.9543
28,v4,v11,40.0,60.07,0.0,1.0,0.3004,0.0,36.4426,False,all_dynamic_snr,2.9688,0.9592
28,v4,v8,40.0,70.0,20.0,1.0,0.35,0.4,35.8327,False,all_dynamic_snr,2.9688,0.9582
28,v4,v3,40.0,90.05,10.0,1.0,0.4502,0.2,35.79,False,all_dynamic_snr,2.9687,0.9592
28,v4,v7,40.0,120.04,0.0,1.0,0.6002,0.0,35.8414,False,all_dynamic_snr,2.9688,0.9602
28,v4,v12,40.0,160.0,20.0,1.0,0.8,0.4,35.1146,True,all_dynamic_snr,2.969,0.9582
29,v1,v2,40.0,100.04,10.0,1.0,0.5002,0.2,35.6986,False,all_dynamic_snr,2.9687,0.9592
29,v1,v6,40.0,110.04,20.0,1.0,0.5502,0.4,35.4398,False,all_dynamic_snr,2.9688,0.9582
29,v1,v5,40.0,180.0,10.0,1.0,0.9,0.2,35.1884,True,all_dynamic_snr,2.9688,0.9592
29,v2,v1,20.0,100.04,10.0,0.6,0.5002,0.2,15.6986,True,all_dynamic_snr,2.9485,0.9582
29,v3,v4,20.0,100.04,10.0,0.6,0.5002,0.2,15.6986,True,all_dynamic_snr,2.9467,0.9553
29,v3,v8,20.0,150.03,20.0,0.6,0.7501,0.4,15.1705,True,all_dynamic_snr,2.9441,0.9582
29,v3,v11,20.0,160.0,10.0,0.6,0.8,0.2,15.2907,True,all_dynamic_snr,2.9429,0.9617
29,v4,v8,40.0,50.0,30.0,1.0,0.25,0.6,36.0,False,all_dynamic_snr,2.9688,0.9602
29,v4,v11,40.0,60.07,0.0,1.0,0.3004,0.0,36.4426,False,all_dynamic_snr,2.9692,0.9592
29,v4,v3,40.0,100.04,10.0,1.0,0.5002,0.2,35.6986,False,all_dynamic_snr,2.969,0.9582
29,v4,v7,40.0,120.04,20.0,1.0,0.6002,0.4,35.3642,False,all_dynamic_snr,2.9687,0.9592
29,v4,v12,40.0,140.0,20.0,1.0,0.7,0.4,35.2306,True,all_dynamic_snr,2.9686,0.9602
30,v1,v6,40.0,90.05,10.0,1.0,0.4502,0.2,35.79,False,all_dynamic_snr,2.9685,0.9592
30,v1,v2,40.0,110.04,10.0,1.0,0.5502,0.2,35.6159,False,all_dynamic_snr,2.9686,0.9592
30,v1,v5,40.0,170.0,10.0,1.0,0.85,0.2,35.2381,True,all_dynamic_snr,2.9689,0.9592
30,v2,v1,20.0,110.04,10.0,0.6,0.5502,0.2,15.6159,True,all_dynamic_snr,2.9466,0.9553
30,v2,v6,20.0,200.0,0.0,0.6,1.0,0.0,15.3979,True,all_dynamic_snr,2.9449,0.9598
30,v3,v4,20.0,90.05,20.0,0.6,0.4502,0.4,15.6139,True,all_dynamic_snr,2.9455,0.9559
30,v3,v11,20.0,150.0,20.0,0.6,0.75,0.4,15.1707,True,all_dynamic_snr,2.945,0.9549
30,v3,v8,20.0,170.03,10.0,0.6,0.8501,0.2,15.2379,True,all_dynamic_snr,2.9438,0.9607
30,v4,v11,40.0,60.07,0.0,1.0,0.3004,0.0,36.4426,False,all_dynamic_snr,2.9689,0.9592
30,v4,v8,40.0,80.0,30.0,1.0,0.4,0.6,35.5918,False,all_dynamic_snr,2.9688,0.9582
30,v4,v3,40.0,90.05,20.0,1.0,0.4502,0.4,35.6139,False,all_dynamic_snr,2.969,0.9611
30,v4,v7,40.0,140.03,40.0,1.0,0.7002,0.8,35.0086,True,all_dynamic_snr,2.9688,0.9582
30,v4,v12,40.0,160.0,0.0,1.0,0.8,0.0,35.5918,True,all_dynamic_snr,2.9686,0.9592
31,v1,v2,40.0,100.04,0.0,1.0,0.5002,0.0,35.9996,False,all_dynamic_snr,2.9693,0.9582
31,v1,v6,40.0,100.04,20.0,1.0,0.5002,0.4,35.5225,False,all_dynamic_snr,2.9688,0.9592
31,v1,v5,40.0,180.0,20.0,1.0,0.9,0.4,35.0123,True,all_dynamic_snr,2.9684,0.9592
31,v2,v1,20.0,100.04,0.0,0.6,0.5002,0.0,15.9996,True,all_dynamic_snr,2.9491,0.9598
31,v2,v6,20.0,200.0,20.0,0.6,1.0,0.4,14.9208,True,all_dynamic_snr,2.9444,0.9582
31,v3,v4,20.0,110.04,10.0,0.6,0.5502,0.2,15.6159,True,all_dynamic_snr,2.9459,0.9582
31,v3,v8,20.0,160.03,10.0,0.6,0.8001,0.2,15.2906,True,all_dynamic_snr,2.9455,0.9592
31,v3,v11,20.0,170.0,30.0,0.6,0.85,0.6,14.937,True,all_dynamic_snr,2.9434,0.9613
31,v4,v8,40.0,50.0,0.0,1.0,0.25,0.0,36.6021,False,all_dynamic_snr,2.969,0.9592
31,v4,v11,40.0,60.07,40.0,1.0,0.3004,0.8,35.7436,True,all_dynamic_snr,2.9689,0.9582
31,v4,v7,40.0,100.04,10.0,1.0,0.5002,0.2,35.6986,False,all_dynamic_snr,2.9689,0.9582
31,v4,v3,40.0,110.04,10.0,1.0,0.5502,0.2,35.6159,False,all_dynamic_snr,2.9689,0.9582
31,v4,v12,40.0,160.0,10.0,1.0,0.8,0.2,35.2907,True,all_dynamic_snr,2.9687,0.9582
32,v1,v2,40.0,100.04,20.0,1.0,0.5002,0.4,35.5225,False,all_dynamic_snr,2.9691,0.9602
32,v1,v6,40.0,120.04,20.0,1.0,0.6002,0.4,35.3642,False,all_dynamic_snr,2.9687,0.9592
32,v1,v5,40.0,160.0,0.0,1.0,0.8,0.0,35.5918,True,all_dynamic_snr,2.9692,0.9592
32,v2,v1,20.0,100.04,20.0,0.6,0.5002,0.4,15.5225,True,all_dynamic_snr,2.9463,0.9637
32,v3,v4,20.0,100.04,20.0,0.6,0.5002,0.4,15.5225,True,all_dynamic_snr,2.9456,0.9566
32,v3,v8,20.0,150.03,20.0,0.6,0.7501,0.4,15.1705,True,all_dynamic_snr,2.945,0.9576
32,v3,v11,20.0,200.0,40.0,0.6,1.0,0.8,14.699,True,all_dynamic_snr,2.9429,0.9572
32,v4,v8,40.0,50.0,0.0,1.0,0.25,0.0,36.6021,False,all_dynamic_snr,2.9689,0.9592
32,v4,v3,40.0,100.04,20.0,1.0,0.5002,0.4,35.5225,False,all_dynamic_snr,2.969,0.9602
32,v4,v11,40.0,100.04,20.0,1.0,0.5002,0.4,35.5225,False,all_dynamic_snr,2.9686,0.9592
32,v4,v7,40.0,110.04,10.0,1.0,0.5502,0.2,35.6159,False,all_dynamic_snr,2.9692,0.9582
32,v4,v12,40.0,170.0,10.0,1.0,0.85,0.2,35.2381,True,all_dynamic_snr,2.9683,0.9582
33,v1,v2,40.0,80.06,40.0,1.0,0.4003,0.8,35.4942,True,all_dynamic_snr,2.9689,0.9582
33,v1,v6,40.0,140.03,10.0,1.0,0.7002,0.2,35.4065,False,all_dynamic_snr,2.9688,0.9572
33,v1,v5,40.0,160.0,30.0,1.0,0.8,0.6,34.9897,True,all_dynamic_snr,2.9686,0.9592
33,v2,v1,20.0,80.06,40.0,0.6,0.4003,0.8,15.4942,True,all_dynamic_snr,2.9464,0.9563
33,v3,v4,20.0,80.06,0.0,0.6,0.4003,0.0,16.1932,True,all_dynamic_snr,2.9508,0.9568
33,v3,v8,20.0,130.03,20.0,0.6,0.6502,0.4,15.2948,True,all_dynamic_snr,2.9471,0.9578
33,v3,v11,20.0,160.0,10.0,0.6,0.8,0.2,15.2907,True,all_dynamic_snr,2.9456,0.9582
33,v3,v7,20.0,180.0,20.0,0.6,0.9,0.4,15.0123,True,all_dynamic_snr,2.9442,0.9592
33,v4,v8,40.0,50.0,20.0,1.0,0.25,0.4,36.1249,False,all_dynamic_snr,2.9695,0.9592
33,v4,v3,40.0,80.06,0.0,1.0,0.4003,0.0,36.1932,False,all_dynamic_snr,2.969,0.9582
33,v4,v11,40.0,80.06,10.0,1.0,0.4003,0.2,35.8922,False,all_dynamic_snr,2.9692,0.9592
33,v4,v7,40.0,100.04,20.0,1.0,0.5002,0.4,35.5225,False,all_dynamic_snr,2.9694,0.9582
33,v4,v12,40.0,180.0,10.0,1.0,0.9,0.2,35.1884,True,all_dynamic_snr,2.9685,0.9582
34,v1,v2,40.0,40.11,20.0,1.0,0.2006,0.4,36.3163,False,all_dynamic_snr,2.9685,0.9592
34,v1,v6,40.0,150.03,10.0,1.0,0.7501,0.2,35.3466,False,all_dynamic_snr,2.9687,0.9592
34,v1,v5,40.0,190.0,10.0,1.0,0.95,0.2,35.1415,True,all_dynamic_snr,2.9687,0.9602
34,v2,v1,20.0,40.11,20.0,0.6,0.2006,0.4,16.3163,True,all_dynamic_snr,2.9502,0.9582
34,v2,v6,20.0,190.0,10.0,0.6,0.95,0.2,15.1415,True,all_dynamic_snr,2.9439,0.9578
34,v3,v4,20.0,80.06,10.0,0.6,0.4003,0.2,15.8922,True,all_dynamic_snr,2.9501,0.9572
34,v3,v8,20.0,110.04,10.0,0.6,0.5502,0.2,15.6159,True,all_dynamic_snr,2.9464,0.9582
34,v3,v11,20.0,150.0,20.0,0.6,0.75,0.4,15.1707,True,all_dynamic_snr,2.9451,0.9598
34,v3,v7,20.0,160.0,0.0,0.6,0.8,0.0,15.5918,True,all_dynamic_snr,2.9487,0.9607
34,v4,v8,40.0,30.0,20.0,1.0,0.15,0.4,36.5686,False,all_dynamic_snr,2.969,0.9582
34,v4,v11,40.0,70.06,10.0,1.0,0.3503,0.2,36.008,False,all_dynamic_snr,2.969,0.9592
34,v4,v3,40.0,80.06,10.0,1.0,0.4003,0.2,35.8922,False,all_dynamic_snr,2.9687,0.9582
34,v4,v7,40.0,80.06,10.0,1.0,0.4003,0.2,35.8922,False,all_dynamic_snr,2.9686,0.9592
34,v4,v12,40.0,170.0,20.0,1.0,0.85,0.4,35.062,True,all_dynamic_snr,2.9685,0.9582
35,v1,v2,40.0,20.22,0.0,1.0,0.1011,0.0,37.3883,False,all_dynamic_snr,2.9689,0.9592
35,v1,v6,40.0,160.03,0.0,1.0,0.8001,0.0,35.5916,True,all_dynamic_snr,2.9694,0.9592
35,v1,v5,40.0,200.0,20.0,1.0,1.0,0.4,34.9208,True,all_dynamic_snr,2.9689,0.9592
35,v2,v1,20.0,20.22,0.0,0.6,0.1011,0.0,17.3883,False,all_dynamic_snr,2.9535,0.9592
35,v2,v6,20.0,180.0,0.0,0.6,0.9,0.0,15.4895,True,all_dynamic_snr,2.9442,0.9523
35,v3,v4,20.0,70.06,0.0,0.6,0.3503,0.0,16.309,True,all_dynamic_snr,2.95,0.9568
35,v3,v8,20.0,120.04,40.0,0.6,0.6002,0.8,15.1424,True,all_dynamic_snr,2.9466,0.9602
35,v3,v11,20.0,130.0,40.0,0.6,0.65,0.8,15.0731,True,all_dynamic_snr,2.945,0.9572
35,v3,v7,20.0,160.0,10.0,0.6,0.8,0.2,15.2907,True,all_dynamic_snr,2.9433,0.9598
35,v4,v8,40.0,50.0,40.0,1.0,0.25,0.8,35.9031,True,all_dynamic_snr,2.9687,0.9592
35,v4,v11,40.0,60.07,40.0,1.0,0.3004,0.8,35.7436,True,all_dynamic_snr,2.9686,0.9611
35,v4,v3,40.0,70.06,0.0,1.0,0.3503,0.0,36.309,False,all_dynamic_snr,2.9688,0.9592
35,v4,v7,40.0,90.05,10.0,1.0,0.4502,0.2,35.79,False,all_dynamic_snr,2.9689,0.9592
35,v4,v12,40.0,150.0,10.0,1.0,0.75,0.2,35.3468,False,all_dynamic_snr,2.9681,0.9582
36,v1,v2,40.0,20.22,10.0,1.0,0.1011,0.2,37.0872,False,all_dynamic_snr,2.9691,0.9602
36,v1,v6,40.0,160.03,0.0,1.0,0.8001,0.0,35.5916,True,all_dynamic_snr,2.9694,0.9592
36,v1,v5,40.0,180.0,10.0,1.0,0.9,0.2,35.1884,True,all_dynamic_snr,2.9687,0.9602
36,v2,v1,20.0,20.22,10.0,0.6,0.1011,0.2,17.0872,False,all_dynamic_snr,2.9538,0.9588
36,v2,v6,20.0,180.0,10.0,0.6,0.9,0.2,15.1884,True,all_dynamic_snr,2.9463,0.9602
36,v3,v4,20.0,70.06,10.0,0.6,0.3503,0.2,16.008,True,all_dynamic_snr,2.9498,0.9611
36,v3,v8,20.0,80.06,10.0,0.6,0.4003,0.2,15.8922,True,all_dynamic_snr,2.9477,0.9582
36,v3,v11,20.0,90.0,30.0,0.6,0.45,0.6,15.4895,True,all_dynamic_snr,2.9464,0.9572
36,v3,v7,20.0,150.0,30.0,0.6,0.75,0.6,15.0458,True,all_dynamic_snr,2.9458,0.9578
36,v4,v8,40.0,10.0,0.0,1.0,0.05,0.0,38.0,False,all_dynamic_snr,2.969,0.9582
36,v4,v11,40.0,20.22,20.0,1.0,0.1011,0.4,36.9112,False,all_dynamic_snr,2.9689,0.9592
36,v4,v3,40.0,70.06,10.0,1.0,0.3503,0.2,36.008,False,all_dynamic_snr,2.9691,0.9592
36,v4,v7,40.0,80.06,20.0,1.0,0.4003,0.4,35.7161,False,all_dynamic_snr,2.969,0.9582
36,v4,v12,40.0,140.0,10.0,1.0,0.7,0.2,35.4067,False,all_dynamic_snr,2.9686,0.9572
37,v1,v2,40.0,30.15,0.0,1.0,0.1507,0.0,37.0414,False,all_dynamic_snr,2.9689,0.9582
37,v1,v6,40.0,160.03,10.0,1.0,0.8001,0.2,35.2906,True,all_dynamic_snr,2.9696,0.9582
37,v1,v5,40.0,170.0,20.0,1.0,0.85,0.4,35.062,True,all_dynamic_snr,2.9688,0.9592
37,v2,v1,20.0,30.15,0.0,0.6,0.1507,0.0,17.0414,False,all_dynamic_snr,2.952,0.9592
37,v2,v6,20.0,190.0,10.0,0.6,0.95,0.2,15.1415,True,all_dynamic_snr,2.9453,0.9621
37,v3,v4,20.0,80.06,20.0,0.6,0.4003,0.4,15.7161,True,all_dynamic_snr,2.9475,0.9611
37,v3,v8,20.0,90.05,10.0,0.6,0.4502,0.2,15.79,True,all_dynamic_snr,2.9496,0.9627
37,v3,v11,20.0,120.0,10.0,0.6,0.6,0.2,15.5406,True,all_dynamic_snr,2.948,0.9611
37,v3,v7,20.0,180.0,10.0,0.6,0.9,0.2,15.1884,True,all_dynamic_snr,2.9439,0.9563
37,v4,v8,40.0,10.0,30.0,1.0,0.05,0.6,37.3979,False,all_dynamic_snr,2.969,0.9592
37,v4,v11,40.0,40.11,30.0,1.0,0.2006,0.6,36.1914,False,all_dynamic_snr,2.969,0.9592
37,v4,v3,40.0,80.06,20.0,1.0,0.4003,0.4,35.7161,False,all_dynamic_snr,2.9692,0.9602
37,v4,v7,40.0,100.04,30.0,1.0,0.5002,0.6,35.3975,True,all_dynamic_snr,2.9693,0.9592
37,v4,v12,40.0,150.0,40.0,1.0,0.75,0.8,34.9488,True,all_dynamic_snr,2.9694,0.9592
38,v1,v2,40.0,30.15,0.0,1.0,0.1507,0.0,37.0414,False,all_dynamic_snr,2.969,0.9592
38,v1,v6,40.0,170.03,0.0,1.0,0.8501,0.0,35.539,True,all_dynamic_snr,2.969,0.9582
38,v1,v5,40.0,190.0,10.0,1.0,0.95,0.2,35.1415,True,all_dynamic_snr,2.969,0.9582
38,v2,v1,20.0,30.15,0.0,0.6,0.1507,0.0,17.0414,False,all_dynamic_snr,2.953,0.9598
38,v2,v6,20.0,200.0,0.0,0.6,1.0,0.0,15.3979,True,all_dynamic_snr,2.9452,0.9559
38,v3,v4,20.0,60.07,40.0,0.6,0.3004,0.8,15.7436,True,all_dynamic_snr,2.9474,0.9572
38,v3,v8,20.0,100.04,40.0,0.6,0.5002,0.8,15.3006,True,all_dynamic_snr,2.9437,0.9621
38,v3,v11,20.0,130.0,10.0,0.6,0.65,0.2,15.4711,True,all_dynamic_snr,2.9467,0.9547
38,v3,v7,20.0,190.0,10.0,0.6,0.95,0.2,15.1415,True,all_dynamic_snr,2.9458,0.9598
38,v4,v8,40.0,40.0,0.0,1.0,0.2,0.0,36.7959,False,all_dynamic_snr,2.9684,0.9563
38,v4,v3,40.0,60.07,40.0,1.0,0.3004,0.8,35.7436,True,all_dynamic_snr,2.9693,0.9602
38,v4,v11,40.0,70.06,30.0,1.0,0.3503,0.6,35.7069,False,all_dynamic_snr,2.9692,0.9582
38,v4,v7,40.0,130.03,30.0,1.0,0.6502,0.6,35.1698,True,all_dynamic_snr,2.9689,0.9592
38,v4,v12,40.0,190.0,30.0,1.0,0.95,0.6,34.8404,True,all_dynamic_snr,2.9691,0.9602
39,v1,v2,40.0,30.15,30.0,1.0,0.1507,0.6,36.4394,False,all_dynamic_snr,2.9685,0.9592
39,v1,v6,40.0,170.03,20.0,1.0,0.8501,0.4,35.0618,True,all_dynamic_snr,2.9682,0.9572
39,v1,v5,40.0,180.0,0.0,1.0,0.9,0.0,35.4895,True,all_dynamic_snr,2.9686,0.9582
39,v2,v1,20.0,30.15,30.0,0.6,0.1507,0.6,16.4394,True,all_dynamic_snr,2.9509,0.9627
39,v2,v6,20.0,200.0,10.0,0.6,1.0,0.2,15.0969,True,all_dynamic_snr,2.9451,0.9607
39,v3,v4,20.0,100.04,10.0,0.6,0.5002,0.2,15.6986,True,all_dynamic_snr,2.9478,0.9592
39,v3,v11,20.0,140.0,30.0,0.6,0.7,0.6,15.1057,True,all_dynamic_snr,2.9417,0.9572
39,v3,v8,20.0,140.03,20.0,0.6,0.7002,0.4,15.2304,True,all_dynamic_snr,2.9467,0.9553
39,v3,v7,20.0,200.0,0.0,0.6,1.0,0.0,15.3979,True,all_dynamic_snr,2.9441,0.9598
39,v4,v8,40.0,40.0,10.0,1.0,0.2,0.2,36.4949,False,all_dynamic_snr,2.9686,0.9582
39,v4,v11,40.0,40.11,20.0,1.0,0.2006,0.4,36.3163,False,all_dynamic_snr,2.9686,0.9592
39,v4,v3,40.0,100.04,10.0,1.0,0.5002,0.2,35.6986,False,all_dynamic_snr,2.9682,0.9592
39,v4,v7,40.0,100.04,10.0,1.0,0.5002,0.2,35.6986,False,all_dynamic_snr,2.9686,0.9592
39,v4,v12,40.0,160.0,10.0,1.0,0.8,0.2,35.2907,True,all_dynamic_snr,2.9688,0.9582
40,v1,v2,40.0,3.0,20.0,1.0,0.015,0.4,38.5686,False,all_dynamic_snr,2.9689,0.9592
40,v1,v5,40.0,180.0,10.0,1.0,0.9,0.2,35.1884,True,all_dynamic_snr,2.9686,0.9582
40,v1,v6,40.0,190.02,30.0,1.0,0.9501,0.6,34.8403,True,all_dynamic_snr,2.9692,0.9582
40,v2,v1,20.0,3.0,20.0,0.6,0.015,0.4,18.5686,True,all_dynamic_snr,2.9595,0.9572
40,v2,v5,20.0,180.02,10.0,0.6,0.9001,0.2,15.1883,True,all_dynamic_snr,2.9446,0.9598
40,v2,v6,20.0,190.0,10.0,0.6,0.95,0.2,15.1415,True,all_dynamic_snr,2.9457,0.9504
40,v3,v4,20.0,110.04,10.0,0.6,0.5502,0.2,15.6159,True,all_dynamic_snr,2.9484,0.9617
40,v3,v8,20.0,160.03,10.0,0.6,0.8001,0.2,15.2906,True,all_dynamic_snr,2.9444,0.9572
40,v3,v11,20.0,170.0,0.0,0.6,0.85,0.0,15.5391,True,all_dynamic_snr,2.9463,0.9621
40,v3,v7,20.0,200.0,10.0,0.6,1.0,0.2,15.0969,True,all_dynamic_snr,2.946,0.9637
40,v4,v8,40.0,50.0,0.0,1.0,0.25,0.0,36.6021,False,all_dynamic_snr,2.9687,0.9572
40,v4,v11,40.0,60.07,10.0,1.0,0.3004,0.2,36.1416,False,all_dynamic_snr,2.9688,0.9602
40,v4,v7,40.0,90.05,0.0,1.0,0.4502,0.0,36.091,False,all_dynamic_snr,2.9688,0.9602
40,v4,v3,40.0,110.04,10.0,1.0,0.5502,0.2,35.6159,False,all_dynamic_snr,2.9688,0.9592
40,v4,v12,40.0,150.0,0.0,1.0,0.75,0.0,35.6478,False,all_dynamic_snr,2.9692,0.9592
41,v1,v2,40.0,20.22,0.0,1.0,0.1011,0.0,37.3883,False,all_dynamic_snr,2.9688,0.9582
41,v1,v6,40.0,160.03,40.0,1.0,0.8001,0.8,34.8926,True,all_dynamic_snr,2.9689,0.9572
41,v1,v5,40.0,170.0,0.0,1.0,0.85,0.0,35.5391,True,all_dynamic_snr,2.9688,0.9582
41,v2,v1,20.0,20.22,0.0,0.6,0.1011,0.0,17.3883,False,all_dynamic_snr,2.9565,0.9646
41,v2,v6,20.0,180.0,40.0,0.6,0.9,0.8,14.7905,True,all_dynamic_snr,2.9436,0.9578
41,v2,v5,20.0,190.02,0.0,0.6,0.9501,0.0,15.4424,True,all_dynamic_snr,2.9475,0.9553
41,v3,v4,20.0,120.04,0.0,0.6,0.6002,0.0,15.8414,True,all_dynamic_snr,2.9478,0.9582
41,v3,v11,20.0,170.0,10.0,0.6,0.85,0.2,15.2381,True,all_dynamic_snr,2.9468,0.9523
41,v3,v8,20.0,170.03,0.0,0.6,0.8501,0.0,15.539,True,all_dynamic_snr,2.9463,0.9514
41,v4,v8,40.0,50.0,0.0,1.0,0.25,0.0,36.6021,False,all_dynamic_snr,2.9691,0.9602
41,v4,v11,40.0,50.09,10.0,1.0,0.2504,0.2,36.2995,False,all_dynamic_snr,2.9692,0.9572
41,v4,v7,40.0,90.05,0.0,1.0,0.4502,0.0,36.091,False,all_dynamic_snr,2.9691,0.9602
41,v4,v3,40.0,120.04,0.0,1.0,0.6002,0.0,35.8414,False,all_dynamic_snr,2.9687,0.9582
41,v4,v12,40.0,150.0,30.0,1.0,0.75,0.6,35.0458,True,all_dynamic_snr,2.9691,0.9602
42,v1,v2,40.0,20.22,10.0,1.0,0.1011,0.2,37.0872,False,all_dynamic_snr,2.9691,0.9592
42,v1,v6,40.0,120.04,10.0,1.0,0.6002,0.2,35.5403,False,all_dynamic_snr,2.9684,0.9582
42,v1,v5,40.0,170.0,10.0,1.0,0.85,0.2,35.2381,True,all_dynamic_snr,2.9691,0.9592
42,v2,v1,20.0,20.22,10.0,0.6,0.1011,0.2,17.0872,False,all_dynamic_snr,2.9535,0.9582
42,v2,v6,20.0,140.0,0.0,0.6,0.7,0.0,15.7077,True,all_dynamic_snr,2.9471,0.9578
42,v2,v5,20.0,190.02,20.0,0.6,0.9501,0.4,14.9653,True,all_dynamic_snr,2.9409,0.9611
42,v3,v4,20.0,120.04,40.0,0.6,0.6002,0.8,15.1424,True,all_dynamic_snr,2.9435,0.9523
42,v3,v8,20.0,170.03,30.0,0.6,0.8501,0.6,14.9369,True,all_dynamic_snr,2.943,0.9607
42,v3,v11,20.0,180.0,0.0,0.6,0.9,0.0,15.4895,True,all_dynamic_snr,2.9466,0.9557
42,v4,v8,40.0,50.0,10.0,1.0,0.25,0.2,36.301,False,all_dynamic_snr,2.9686,0.9582
42,v4,v11,40.0,60.07,40.0,1.0,0.3004,0.8,35.7436,True,all_dynamic_snr,2.9688,0.9592
42,v4,v7,40.0,90.05,0.0,1.0,0.4502,0.0,36.091,False,all_dynamic_snr,2.9695,0.9582
42,v4,v12,40.0,120.0,0.0,1.0,0.6,0.0,35.8416,False,all_dynamic_snr,2.9688,0.9582
42,v4,v3,40.0,120.04,40.0,1.0,0.6002,0.8,35.1424,True,all_dynamic_snr,2.9684,0.9592
43,v1,v2,40.0,30.15,10.0,1.0,0.1507,0.2,36.7404,False,all_dynamic_snr,2.9688,0.9582
43,v1,v6,40.0,110.04,20.0,1.0,0.5502,0.4,35.4398,False,all_dynamic_snr,2.969,0.9582
43,v1,v5,40.0,180.0,0.0,1.0,0.9,0.0,35.4895,True,all_dynamic_snr,2.969,0.9602
43,v2,v1,20.0,30.15,10.0,0.6,0.1507,0.2,16.7404,False,all_dynamic_snr,2.9529,0.9572
43,v2,v6,20.0,140.0,10.0,0.6,0.7,0.2,15.4067,True,all_dynamic_snr,2.9449,0.9627
43,v3,v4,20.0,80.06,20.0,0.6,0.4003,0.4,15.7161,True,all_dynamic_snr,2.9474,0.9529
43,v3,v8,20.0,140.03,10.0,0.6,0.7002,0.2,15.4065,True,all_dynamic_snr,2.9449,0.9598
43,v3,v7,20.0,170.0,20.0,0.6,0.85,0.4,15.062,True,all_dynamic_snr,2.9461,0.9582
43,v3,v11,20.0,180.0,10.0,0.6,0.9,0.2,15.1884,True,all_dynamic_snr,2.947,0.9607
43,v4,v8,40.0,60.0,30.0,1.0,0.3,0.6,35.8416,False,all_dynamic_snr,2.9686,0.9592
43,v4,v3,40.0,80.06,20.0,1.0,0.4003,0.4,35.7161,False,all_dynamic_snr,2.9683,0.9592
43,v4,v7,40.0,90.05,0.0,1.0,0.4502,0.0,36.091,False,all_dynamic_snr,2.9685,0.9582
43,v4,v11,40.0,100.04,30.0,1.0,0.5002,0.6,35.3975,True,all_dynamic_snr,2.9696,0.9592
43,v4,v12,40.0,120.0,20.0,1.0,0.6,0.4,35.3645,False,all_dynamic_snr,2.9688,0.9572
44,v1,v2,40.0,20.22,0.0,1.0,0.1011,0.0,37.3883,False,all_dynamic_snr,2.9688,0.9592
44,v1,v6,40.0,130.03,10.0,1.0,0.6502,0.2,35.4709,False,all_dynamic_snr,2.9685,0.9602
44,v1,v5,40.0,180.0,10.0,1.0,0.9,0.2,35.1884,True,all_dynamic_snr,2.9691,0.9602
44,v2,v1,20.0,20.22,0.0,0.6,0.1011,0.0,17.3883,False,all_dynamic_snr,2.9543,0.9572
44,v2,v6,20.0,150.0,10.0,0.6,0.75,0.2,15.3468,True,all_dynamic_snr,2.945,0.9588
44,v3,v4,20.0,100.04,10.0,0.6,0.5002,0.2,15.6986,True,all_dynamic_snr,2.9466,0.9602
44,v3,v8,20.0,130.03,30.0,0.6,0.6502,0.6,15.1698,True,all_dynamic_snr,2.9438,0.9607
44,v3,v11,20.0,170.0,20.0,0.6,0.85,0.4,15.062,True,all_dynamic_snr,2.945,0.951
44,v3,v7,20.0,190.0,20.0,0.6,0.95,0.4,14.9654,True,all_dynamic_snr,2.9451,0.9592
44,v4,v8,40.0,30.0,40.0,1.0,0.15,0.8,36.3468,True,all_dynamic_snr,2.9689,0.9582
44,v4,v11,40.0,70.06,30.0,1.0,0.3503,0.6,35.7069,False,all_dynamic_snr,2.969,0.9602
44,v4,v7,40.0,90.05,30.0,1.0,0.4502,0.6,35.489,True,all_dynamic_snr,2.9692,0.9592
44,v4,v12,40.0,100.0,10.0,1.0,0.5,0.2,35.699,False,all_dynamic_snr,2.9688,0.9592
44,v4,v3,40.0,100.04,10.0,1.0,0.5002,0.2,35.6986,False,all_dynamic_snr,2.9689,0.9582
45,v1,v2,40.0,20.22,20.0,1.0,0.1011,0.4,36.9112,False,all_dynamic_snr,2.9689,0.9592
45,v1,v6,40.0,140.03,10.0,1.0,0.7002,0.2,35.4065,False,all_dynamic_snr,2.9692,0.9602
45,v1,v5,40.0,190.0,10.0,1.0,0.95,0.2,35.1415,True,all_dynamic_snr,2.969,0.9592
45,v2,v1,20.0,20.22,20.0,0.6,0.1011,0.4,16.9112,True,all_dynamic_snr,2.953,0.9578
45,v2,v6,20.0,160.0,10.0,0.6,0.8,0.2,15.2907,True,all_dynamic_snr,2.9471,0.9543
45,v3,v4,20.0,90.05,0.0,0.6,0.4502,0.0,16.091,True,all_dynamic_snr,2.9497,0.9588
45,v3,v8,20.0,160.03,0.0,0.6,0.8001,0.0,15.5916,True,all_dynamic_snr,2.9481,0.9563
45,v3,v11,20.0,190.0,20.0,0.6,0.95,0.4,14.9654,True,all_dynamic_snr,2.9442,0.9578
45,v4,v8,40.0,70.0,0.0,1.0,0.35,0.0,36.3098,False,all_dynamic_snr,2.9689,0.9592
45,v4,v3,40.0,90.05,0.0,1.0,0.4502,0.0,36.091,False,all_dynamic_snr,2.9691,0.9592
45,v4,v11,40.0,100.04,20.0,1.0,0.5002,0.4,35.5225,False,all_dynamic_snr,2.9689,0.9602
45,v4,v12,40.0,110.0,10.0,1.0,0.55,0.2,35.6162,False,all_dynamic_snr,2.9689,0.9592
45,v4,v7,40.0,120.04,20.0,1.0,0.6002,0.4,35.3642,False,all_dynamic_snr,2.969,0.9582
46,v1,v2,40.0,3.0,30.0,1.0,0.015,0.6,38.4437,False,all_dynamic_snr,2.9689,0.9582
46,v1,v6,40.0,150.03,0.0,1.0,0.7501,0.0,35.6476,False,all_dynamic_snr,2.9685,0.9602
46,v1,v5,40.0,200.0,20.0,1.0,1.0,0.4,34.9208,True,all_dynamic_snr,2.9688,0.9592
46,v2,v1,20.0,3.0,30.0,0.6,0.015,0.6,18.4437,True,all_dynamic_snr,2.9573,0.9549
46,v2,v6,20.0,150.0,30.0,0.6,0.75,0.6,15.0458,True,all_dynamic_snr,2.945,0.9586
46,v3,v4,20.0,90.05,20.0,0.6,0.4502,0.4,15.6139,True,all_dynamic_snr,2.947,0.9533
46,v3,v8,20.0,160.03,20.0,0.6,0.8001,0.4,15.1145,True,all_dynamic_snr,2.9452,0.9578
46,v3,v11,20.0,170.0,30.0,0.6,0.85,0.6,14.937,True,all_dynamic_snr,2.9438,0.9563
46,v3,v7,20.0,190.0,10.0,0.6,0.95,0.2,15.1415,True,all_dynamic_snr,2.9416,0.9611
46,v4,v8,40.0,70.0,0.0,1.0,0.35,0.0,36.3098,False,all_dynamic_snr,2.9686,0.9582
46,v4,v11,40.0,80.06,10.0,1.0,0.4003,0.2,35.8922,False,all_dynamic_snr,2.9689,0.9592
46,v4,v3,40.0,90.05,20.0,1.0,0.4502,0.4,35.6139,False,all_dynamic_snr,2.9686,0.9592
46,v4,v7,40.0,100.04,10.0,1.0,0.5002,0.2,35.6986,False,all_dynamic_snr,2.9689,0.9592
46,v4,v12,40.0,120.0,20.0,1.0,0.6,0.4,35.3645,False,all_dynamic_snr,2.9688,0.9602
47,v1,v2,40.0,30.15,0.0,1.0,0.1507,0.0,37.0414,False,all_dynamic_snr,2.969,0.9592
47,v1,v6,40.0,150.03,0.0,1.0,0.7501,0.0,35.6476,False,all_dynamic_snr,2.9688,0.9592
47,v2,v1,20.0,30.15,0.0,0.6,0.1507,0.0,17.0414,False,all_dynamic_snr,2.9523,0.9494
47,v2,v6,20.0,120.0,0.0,0.6,0.6,0.0,15.8416,True,all_dynamic_snr,2.9473,0.9559
47,v2,v5,20.0,190.02,10.0,0.6,0.9501,0.2,15.1414,True,all_dynamic_snr,2.9454,0.9592
47,v3,v4,20.0,70.06,10.0,0.6,0.3503,0.2,16.008,True,all_dynamic_snr,2.9487,0.9598
47,v3,v11,20.0,140.0,0.0,0.6,0.7,0.0,15.7077,True,all_dynamic_snr,2.9474,0.9598
47,v3,v8,20.0,140.03,30.0,0.6,0.7002,0.6,15.1055,True,all_dynamic_snr,2.9442,0.9588
47,v3,v12,20.0,170.03,20.0,0.6,0.8501,0.4,15.0618,True,all_dynamic_snr,2.9457,0.9607
47,v3,v7,20.0,180.0,10.0,0.6,0.9,0.2,15.1884,True,all_dynamic_snr,2.9472,0.9523
47,v4,v8,40.0,70.0,40.0,1.0,0.35,0.8,35.6108,True,all_dynamic_snr,2.969,0.9592
47,v4,v3,40.0,70.06,10.0,1.0,0.3503,0.2,36.008,False,all_dynamic_snr,2.9693,0.9582
47,v4,v11,40.0,70.06,10.0,1.0,0.3503,0.2,36.008,False,all_dynamic_snr,2.9689,0.9582
47,v4,v12,40.0,100.0,30.0,1.0,0.5,0.6,35.3979,True,all_dynamic_snr,2.9691,0.9602
47,v4,v7,40.0,110.04,0.0,1.0,0.5502,0.0,35.9169,False,all_dynamic_snr,2.9685,0.9592
48,v1,v2,40.0,30.15,10.0,1.0,0.1507,0.2,36.7404,False,all_dynamic_snr,2.9689,0.9592
48,v1,v6,40.0,150.03,30.0,1.0,0.7501,0.6,35.0456,True,all_dynamic_snr,2.9686,0.9582
48,v2,v1,20.0,30.15,10.0,0.6,0.1507,0.2,16.7404,False,all_dynamic_snr,2.9521,0.9607
48,v2,v6,20.0,120.0,20.0,0.6,0.6,0.4,15.3645,True,all_dynamic_snr,2.9449,0.9529
48,v3,v4,20.0,80.06,10.0,0.6,0.4003,0.2,15.8922,True,all_dynamic_snr,2.9481,0.9594
48,v3,v8,20.0,110.04,10.0,0.6,0.5502,0.2,15.6159,True,all_dynamic_snr,2.9464,0.9582
48,v3,v11,20.0,140.0,30.0,0.6,0.7,0.6,15.1057,True,all_dynamic_snr,2.9437,0.9582
48,v3,v12,20.0,150.03,10.0,0.6,0.7501,0.2,15.3466,True,all_dynamic_snr,2.9476,0.9543
48,v3,v7,20.0,190.0,0.0,0.6,0.95,0.0,15.4425,True,all_dynamic_snr,2.9465,0.9607
48,v4,v8,40.0,30.0,0.0,1.0,0.15,0.0,37.0458,False,all_dynamic_snr,2.9689,0.9602
48,v4,v11,40.0,60.07,20.0,1.0,0.3004,0.4,35.9655,False,all_dynamic_snr,2.9693,0.9563
48,v4,v12,40.0,70.0,0.0,1.0,0.35,0.0,36.3098,False,all_dynamic_snr,2.9686,0.9572
48,v4,v3,40.0,80.06,10.0,1.0,0.4003,0.2,35.8922,False,all_dynamic_snr,2.9689,0.9592
48,v4,v7,40.0,110.04,10.0,1.0,0.5502,0.2,35.6159,False,all_dynamic_snr,2.9689,0.9582
49,v1,v2,40.0,20.22,10.0,1.0,0.1011,0.2,37.0872,False,all_dynamic_snr,2.969,0.9582
49,v1,v6,40.0,120.04,0.0,1.0,0.6002,0.0,35.8414,False,all_dynamic_snr,2.9685,0.9602
49,v2,v1,20.0,20.22,10.0,0.6,0.1011,0.2,17.0872,False,all_dynamic_snr,2.9542,0.965
49,v2,v6,20.0,100.0,10.0,0.6,0.5,0.2,15.699,True,all_dynamic_snr,2.9462,0.9514
49,v3,v4,20.0,70.06,10.0,0.6,0.3503,0.2,16.008,True,all_dynamic_snr,2.9504,0.9592
49,v3,v8,20.0,100.04,10.0,0.6,0.5002,0.2,15.6986,True,all_dynamic_snr,2.9477,0.9592
49,v3,v11,20.0,110.0,10.0,0.6,0.55,0.2,15.6162,True,all_dynamic_snr,2.9472,0.9582
49,v3,v12,20.0,140.03,30.0,0.6,0.7002,0.6,15.1055,True,all_dynamic_snr,2.9447,0.9572
49,v3,v7,20.0,190.0,10.0,0.6,0.95,0.2,15.1415,True,all_dynamic_snr,2.9441,0.9621
49,v4,v8,40.0,30.0,0.0,1.0,0.15,0.0,37.0458,False,all_dynamic_snr,2.9692,0.9602
49,v4,v11,40.0,40.11,0.0,1.0,0.2006,0.0,36.7934,False,all_dynamic_snr,2.9685,0.9592
49,v4,v12,40.0,70.0,40.0,1.0,0.35,0.8,35.6108,True,all_dynamic_snr,2.9686,0.9582
49,v4,v3,40.0,70.06,10.0,1.0,0.3503,0.2,36.008,False,all_dynamic_snr,2.9687,0.9592
49,v4,v7,40.0,120.04,0.0,1.0,0.6002,0.0,35.8414,False,all_dynamic_snr,2.9686,0.9582
50,v1,v2,40.0,30.15,10.0,1.0,0.1507,0.2,36.7404,False,all_dynamic_snr,2.9692,0.9592
50,v1,v6,40.0,120.04,30.0,1.0,0.6002,0.6,35.2393,True,all_dynamic_snr,2.9684,0.9592
50,v2,v1,20.0,30.15,10.0,0.6,0.1507,0.2,16.7404,False,all_dynamic_snr,2.9521,0.9537
50,v2,v6,20.0,90.0,20.0,0.6,0.45,0.4,15.6144,True,all_dynamic_snr,2.9474,0.9598
50,v3,v4,20.0,80.06,0.0,0.6,0.4003,0.0,16.1932,True,all_dynamic_snr,2.9486,0.9514
50,v3,v8,20.0,110.04,10.0,0.6,0.5502,0.2,15.6159,True,all_dynamic_snr,2.9453,0.9588
50,v3,v12,20.0,110.04,0.0,0.6,0.5502,0.0,15.9169,True,all_dynamic_snr,2.9497,0.9572
50,v3,v11,20.0,120.0,20.0,0.6,0.6,0.4,15.3645,True,all_dynamic_snr,2.9482,0.9514
50,v3,v7,20.0,200.0,0.0,0.6,1.0,0.0,15.3979,True,all_dynamic_snr,2.9431,0.9572
50,v4,v8,40.0,30.0,10.0,1.0,0.15,0.2,36.7447,False,all_dynamic_snr,2.9692,0.9592
50,v4,v12,40.0,30.0,0.0,1.0,0.15,0.0,37.0458,False,all_dynamic_snr,2.9689,0.9582
50,v4,v11,40.0,40.11,20.0,1.0,0.2006,0.4,36.3163,False,all_dynamic_snr,2.9693,0.9602
50,v4,v3,40.0,80.06,0.0,1.0,0.4003,0.0,36.1932,False,all_dynamic_snr,2.9691,0.9582
50,v4,v7,40.0,120.04,0.0,1.0,0.6002,0.0,35.8414,False,all_dynamic_snr,2.969,0.9582
51,v1,v2,40.0,40.11,10.0,1.0,0.2006,0.2,36.4924,False,all_dynamic_snr,2.9688,0.9582
51,v1,v6,40.0,150.03,0.0,1.0,0.7501,0.0,35.6476,False,all_dynamic_snr,2.9685,0.9592
51,v2,v1,20.0,40.11,10.0,0.6,0.2006,0.2,16.4924,False,all_dynamic_snr,2.9506,0.9646
51,v2,v6,20.0,110.0,10.0,0.6,0.55,0.2,15.6162,True,all_dynamic_snr,2.9484,0.9602
51,v3,v4,20.0,80.06,10.0,0.6,0.4003,0.2,15.8922,True,all_dynamic_snr,2.9472,0.9592
51,v3,v12,20.0,110.04,30.0,0.6,0.5502,0.6,15.3148,True,all_dynamic_snr,2.9468,0.9572
51,v3,v8,20.0,120.04,0.0,0.6,0.6002,0.0,15.8414,True,all_dynamic_snr,2.947,0.9592
51,v3,v11,20.0,140.0,30.0,0.6,0.7,0.6,15.1057,True,all_dynamic_snr,2.9438,0.9559
51,v3,v7,20.0,200.0,40.0,0.6,1.0,0.8,14.699,True,all_dynamic_snr,2.9433,0.9572
51,v4,v12,40.0,30.0,20.0,1.0,0.15,0.4,36.5686,False,all_dynamic_snr,2.969,0.9592
51,v4,v8,40.0,40.0,10.0,1.0,0.2,0.2,36.4949,False,all_dynamic_snr,2.9692,0.9592
51,v4,v11,40.0,60.07,20.0,1.0,0.3004,0.4,35.9655,False,all_dynamic_snr,2.9687,0.9592
51,v4,v3,40.0,80.06,10.0,1.0,0.4003,0.2,35.8922,False,all_dynamic_snr,2.9689,0.9592
51,v4,v7,40.0,120.04,30.0,1.0,0.6002,0.6,35.2393,True,all_dynamic_snr,2.9686,0.9602
52,v1,v2,40.0,30.15,10.0,1.0,0.1507,0.2,36.7404,False,all_dynamic_snr,2.9685,0.9592
52,v1,v6,40.0,150.03,30.0,1.0,0.7501,0.6,35.0456,True,all_dynamic_snr,2.9688,0.9592
52,v2,v1,20.0,30.15,10.0,0.6,0.1507,0.2,16.7404,False,all_dynamic_snr,2.9533,0.9582
52,v2,v6,20.0,120.0,20.0,0.6,0.6,0.4,15.3645,True,all_dynamic_snr,2.945,0.9607
52,v3,v4,20.0,70.06,20.0,0.6,0.3503,0.4,15.8319,True,all_dynamic_snr,2.9509,0.9592
52,v3,v12,20.0,80.06,10.0,0.6,0.4003,0.2,15.8922,True,all_dynamic_snr,2.9477,0.9578
52,v3,v11,20.0,110.0,0.0,0.6,0.55,0.0,15.9172,True,all_dynamic_snr,2.9466,0.9611
52,v3,v8,20.0,120.04,20.0,0.6,0.6002,0.4,15.3642,True,all_dynamic_snr,2.9452,0.9572
52,v3,v7,20.0,160.0,20.0,0.6,0.8,0.4,15.1146,True,all_dynamic_snr,2.9457,0.9572
52,v4,v12,40.0,10.0,30.0,1.0,0.05,0.6,37.3979,False,all_dynamic_snr,2.9688,0.9582
52,v4,v11,40.0,40.11,20.0,1.0,0.2006,0.4,36.3163,False,all_dynamic_snr,2.9692,0.9582
52,v4,v8,40.0,50.0,0.0,1.0,0.25,0.0,36.6021,False,all_dynamic_snr,2.969,0.9592
52,v4,v3,40.0,70.06,20.0,1.0,0.3503,0.4,35.8319,False,all_dynamic_snr,2.969,0.9592
52,v4,v7,40.0,90.05,40.0,1.0,0.4502,0.8,35.3921,True,all_dynamic_snr,2.9696,0.9602
53,v1,v2,40.0,20.22,30.0,1.0,0.1011,0.6,36.7862,False,all_dynamic_snr,2.969,0.9582
53,v1,v6,40.0,120.04,40.0,1.0,0.6002,0.8,35.1424,True,all_dynamic_snr,2.9686,0.9592
53,v2,v1,20.0,20.22,30.0,0.6,0.1011,0.6,16.7862,True,all_dynamic_snr,2.9526,0.9602
53,v2,v6,20.0,100.0,10.0,0.6,0.5,0.2,15.699,True,all_dynamic_snr,2.9491,0.9646
53,v3,v4,20.0,50.09,10.0,0.6,0.2504,0.2,16.2995,False,all_dynamic_snr,2.9504,0.9568
53,v3,v12,20.0,90.05,20.0,0.6,0.4502,0.4,15.6139,True,all_dynamic_snr,2.9476,0.9533
53,v3,v8,20.0,100.04,10.0,0.6,0.5002,0.2,15.6986,True,all_dynamic_snr,2.9472,0.9607
53,v3,v11,20.0,110.0,20.0,0.6,0.55,0.4,15.4401,True,all_dynamic_snr,2.9458,0.9523
53,v3,v7,20.0,180.0,20.0,0.6,0.9,0.4,15.0123,True,all_dynamic_snr,2.9442,0.9559
53,v4,v12,40.0,40.0,30.0,1.0,0.2,0.6,36.1938,False,all_dynamic_snr,2.9693,0.9592
53,v4,v8,40.0,50.0,0.0,1.0,0.25,0.0,36.6021,False,all_dynamic_snr,2.9688,0.9592
53,v4,v3,40.0,50.09,10.0,1.0,0.2504,0.2,36.2995,False,all_dynamic_snr,2.969,0.9582
53,v4,v11,40.0,60.07,10.0,1.0,0.3004,0.2,36.1416,False,all_dynamic_snr,2.9686,0.9582
53,v4,v7,40.0,130.03,10.0,1.0,0.6502,0.2,35.4709,False,all_dynamic_snr,2.9688,0.9582
54,v1,v2,40.0,10.44,40.0,1.0,0.0522,0.8,37.2636,True,all_dynamic_snr,2.969,0.9582
54,v1,v6,40.0,80.06,30.0,1.0,0.4003,0.6,35.5911,False,all_dynamic_snr,2.969,0.9592
54,v2,v1,20.0,10.44,40.0,0.6,0.0522,0.8,17.2636,True,all_dynamic_snr,2.9542,0.9592
54,v2,v6,20.0,90.0,10.0,0.6,0.45,0.2,15.7905,True,all_dynamic_snr,2.9483,0.9592
54,v3,v4,20.0,40.11,20.0,0.6,0.2006,0.4,16.3163,True,all_dynamic_snr,2.9517,0.9598
54,v3,v11,20.0,90.0,10.0,0.6,0.45,0.2,15.7905,True,all_dynamic_snr,2.9486,0.9637
54,v3,v8,20.0,90.05,20.0,0.6,0.4502,0.4,15.6139,True,all_dynamic_snr,2.9487,0.9602
54,v3,v12,20.0,110.04,20.0,0.6,0.5502,0.4,15.4398,True,all_dynamic_snr,2.9457,0.9627
54,v3,v7,20.0,160.0,10.0,0.6,0.8,0.2,15.2907,True,all_dynamic_snr,2.9451,0.9598
54,v4,v3,40.0,40.11,20.0,1.0,0.2006,0.4,36.3163,False,all_dynamic_snr,2.9692,0.9592
54,v4,v8,40.0,50.0,0.0,1.0,0.25,0.0,36.6021,False,all_dynamic_snr,2.9694,0.9592
54,v4,v11,40.0,50.09,30.0,1.0,0.2504,0.6,35.9984,False,all_dynamic_snr,2.9688,0.9592
54,v4,v12,40.0,70.0,0.0,1.0,0.35,0.0,36.3098,False,all_dynamic_snr,2.969,0.9592
54,v4,v7,40.0,120.04,10.0,1.0,0.6002,0.2,35.5403,False,all_dynamic_snr,2.969,0.9582
55,v1,v2,40.0,30.15,10.0,1.0,0.1507,0.2,36.7404,False,all_dynamic_snr,2.9689,0.9582
55,v1,v6,40.0,110.04,20.0,1.0,0.5502,0.4,35.4398,False,all_dynamic_snr,2.9693,0.9592
55,v2,v1,20.0,30.15,10.0,0.6,0.1507,0.2,16.7404,False,all_dynamic_snr,2.9518,0.9598
55,v2,v6,20.0,80.0,10.0,0.6,0.4,0.2,15.8928,True,all_dynamic_snr,2.9492,0.9582
55,v3,v4,20.0,20.22,10.0,0.6,0.1011,0.2,17.0872,False,all_dynamic_snr,2.9528,0.9582
55,v3,v8,20.0,70.06,20.0,0.6,0.3503,0.4,15.8319,True,all_dynamic_snr,2.9467,0.9537
55,v3,v12,20.0,90.05,0.0,0.6,0.4502,0.0,16.091,True,all_dynamic_snr,2.9498,0.9592
55,v3,v11,20.0,100.0,20.0,0.6,0.5,0.4,15.5229,True,all_dynamic_snr,2.9443,0.9602
55,v3,v7,20.0,150.0,10.0,0.6,0.75,0.2,15.3468,True,all_dynamic_snr,2.9471,0.9563
55,v4,v3,40.0,20.22,10.0,1.0,0.1011,0.2,37.0872,False,all_dynamic_snr,2.9691,0.9582
55,v4,v8,40.0,50.0,10.0,1.0,0.25,0.2,36.301,False,all_dynamic_snr,2.9683,0.9592
55,v4,v12,40.0,70.0,10.0,1.0,0.35,0.2,36.0088,False,all_dynamic_snr,2.9686,0.9592
55,v4,v11,40.0,80.06,30.0,1.0,0.4003,0.6,35.5911,False,all_dynamic_snr,2.9695,0.9592
55,v4,v7,40.0,130.03,0.0,1.0,0.6502,0.0,35.7719,False,all_dynamic_snr,2.9689,0.9592
56,v1,v2,40.0,20.22,30.0,1.0,0.1011,0.6,36.7862,False,all_dynamic_snr,2.9688,0.9602
56,v1,v6,40.0,90.05,10.0,1.0,0.4502,0.2,35.79,False,all_dynamic_snr,2.9688,0.9582
56,v2,v1,20.0,20.22,30.0,0.6,0.1011,0.6,16.7862,True,all_dynamic_snr,2.9508,0.9572
56,v2,v6,20.0,70.0,40.0,0.6,0.35,0.8,15.6108,True,all_dynamic_snr,2.947,0.9598
56,v3,v4,20.0,10.44,30.0,0.6,0.0522,0.6,17.3605,True,all_dynamic_snr,2.9532,0.9617
56,v3,v8,20.0,50.09,20.0,0.6,0.2504,0.4,16.1234,True,all_dynamic_snr,2.9503,0.9607
56,v3,v12,20.0,90.05,30.0,0.6,0.4502,0.6,15.489,True,all_dynamic_snr,2.9448,0.9621
56,v3,v11,20.0,120.0,10.0,0.6,0.6,0.2,15.5406,True,all_dynamic_snr,2.9461,0.9596
56,v3,v7,20.0,140.0,20.0,0.6,0.7,0.4,15.2306,True,all_dynamic_snr,2.9467,0.9582
56,v4,v3,40.0,10.44,30.0,1.0,0.0522,0.6,37.3605,False,all_dynamic_snr,2.9688,0.9602
56,v4,v8,40.0,40.0,10.0,1.0,0.2,0.2,36.4949,False,all_dynamic_snr,2.9687,0.9582
56,v4,v12,40.0,80.0,0.0,1.0,0.4,0.0,36.1938,False,all_dynamic_snr,2.9693,0.9602
56,v4,v11,40.0,110.04,20.0,1.0,0.5502,0.4,35.4398,False,all_dynamic_snr,2.9691,0.9602
56,v4,v7,40.0,130.03,10.0,1.0,0.6502,0.2,35.4709,False,all_dynamic_snr,2.9692,0.9592
57,v1,v2,40.0,50.09,10.0,1.0,0.2504,0.2,36.2995,False,all_dynamic_snr,2.9692,0.9582
57,v1,v6,40.0,80.06,20.0,1.0,0.4003,0.4,35.7161,False,all_dynamic_snr,2.9693,0.9582
57,v2,v6,20.0,30.0,10.0,0.6,0.15,0.2,16.7447,False,all_dynamic_snr,2.9497,0.9568
57,v2,v1,20.0,50.09,10.0,0.6,0.2504,0.2,16.2995,False,all_dynamic_snr,2.9516,0.9631
57,v2,v5,20.0,190.02,20.0,0.6,0.9501,0.4,14.9653,True,all_dynamic_snr,2.9436,0.9607
57,v3,v4,20.0,20.22,40.0,0.6,0.1011,0.8,16.6893,True,all_dynamic_snr,2.9517,0.9598
57,v3,v8,20.0,30.15,30.0,0.6,0.1507,0.6,16.4394,True,all_dynamic_snr,2.952,0.9602
57,v3,v12,20.0,60.07,30.0,0.6,0.3004,0.6,15.8406,True,all_dynamic_snr,2.9479,0.9543
57,v3,v11,20.0,110.0,40.0,0.6,0.55,0.8,15.2182,True,all_dynamic_snr,2.947,0.9607
57,v3,v7,20.0,120.0,40.0,0.6,0.6,0.8,15.1427,True,all_dynamic_snr,2.948,0.9572
57,v4,v3,40.0,20.22,40.0,1.0,0.1011,0.8,36.6893,True,all_dynamic_snr,2.969,0.9563
57,v4,v8,40.0,50.0,10.0,1.0,0.25,0.2,36.301,False,all_dynamic_snr,2.9691,0.9592
57,v4,v12,40.0,80.0,10.0,1.0,0.4,0.2,35.8928,False,all_dynamic_snr,2.9694,0.9592
57,v4,v11,40.0,130.03,0.0,1.0,0.6502,0.0,35.7719,False,all_dynamic_snr,2.9691,0.9582
57,v4,v7,40.0,140.03,0.0,1.0,0.7002,0.0,35.7075,False,all_dynamic_snr,2.9683,0.9592
58,v1,v2,40.0,40.11,10.0,1.0,0.2006,0.2,36.4924,False,all_dynamic_snr,2.9692,0.9582
58,v1,v6,40.0,60.07,10.0,1.0,0.3004,0.2,36.1416,False,all_dynamic_snr,2.9688,0.9592
58,v2,v6,20.0,20.0,0.0,0.6,0.1,0.0,17.3979,False,all_dynamic_snr,2.9522,0.9598
58,v2,v1,20.0,40.11,10.0,0.6,0.2006,0.2,16.4924,False,all_dynamic_snr,2.9513,0.9607
58,v2,v5,20.0,170.03,30.0,0.6,0.8501,0.6,14.9369,True,all_dynamic_snr,2.9428,0.9533
58,v3,v4,20.0,20.22,20.0,0.6,0.1011,0.4,16.9112,True,all_dynamic_snr,2.9511,0.9563
58,v3,v8,20.0,60.07,0.0,0.6,0.3004,0.0,16.4426,True,all_dynamic_snr,2.9519,0.9576
58,v3,v12,20.0,90.05,10.0,0.6,0.4502,0.2,15.79,True,all_dynamic_snr,2.9475,0.9627
58,v3,v11,20.0,150.0,20.0,0.6,0.75,0.4,15.1707,True,all_dynamic_snr,2.9453,0.9592
58,v3,v7,20.0,160.0,30.0,0.6,0.8,0.6,14.9897,True,all_dynamic_snr,2.9457,0.9592
58,v4,v3,40.0,20.22,20.0,1.0,0.1011,0.4,36.9112,False,all_dynamic_snr,2.9697,0.9592
58,v4,v8,40.0,40.0,20.0,1.0,0.2,0.4,36.3188,False,all_dynamic_snr,2.9684,0.9602
58,v4,v12,40.0,70.0,10.0,1.0,0.35,0.2,36.0088,False,all_dynamic_snr,2.9695,0.9582
58,v4,v11,40.0,130.03,0.0,1.0,0.6502,0.0,35.7719,False,all_dynamic_snr,2.9685,0.9592
58,v4,v7,40.0,140.03,10.0,1.0,0.7002,0.2,35.4065,False,all_dynamic_snr,2.969,0.9572
59,v1,v2,40.0,30.15,20.0,1.0,0.1507,0.4,36.5643,False,all_dynamic_snr,2.9683,0.9592
59,v1,v6,40.0,50.09,10.0,1.0,0.2504,0.2,36.2995,False,all_dynamic_snr,2.9689,0.9592
59,v2,v6,20.0,20.0,10.0,0.6,0.1,0.2,17.0969,False,all_dynamic_snr,2.9539,0.9602
59,v2,v1,20.0,30.15,20.0,0.6,0.1507,0.4,16.5643,True,all_dynamic_snr,2.9536,0.9563
59,v3,v4,20.0,3.0,10.0,0.6,0.015,0.2,18.7447,False,all_dynamic_snr,2.9585,0.9637
59,v3,v8,20.0,60.07,0.0,0.6,0.3004,0.0,16.4426,True,all_dynamic_snr,2.9507,0.9563
59,v3,v12,20.0,80.06,30.0,0.6,0.4003,0.6,15.5911,True,all_dynamic_snr,2.9481,0.9637
59,v3,v7,20.0,130.0,0.0,0.6,0.65,0.0,15.7721,True,all_dynamic_snr,2.9477,0.9592
59,v3,v11,20.0,130.0,20.0,0.6,0.65,0.4,15.295,True,all_dynamic_snr,2.9456,0.9582
59,v4,v3,40.0,3.0,10.0,1.0,0.015,0.2,38.7447,False,all_dynamic_snr,2.9687,0.9582
59,v4,v8,40.0,60.0,10.0,1.0,0.3,0.2,36.1427,False,all_dynamic_snr,2.969,0.9592
59,v4,v12,40.0,80.0,20.0,1.0,0.4,0.4,35.7167,False,all_dynamic_snr,2.969,0.9572
59,v4,v7,40.0,130.03,10.0,1.0,0.6502,0.2,35.4709,False,all_dynamic_snr,2.9692,0.9592
59,v4,v11,40.0,130.03,10.0,1.0,0.6502,0.2,35.4709,False,all_dynamic_snr,2.9687,0.9592
60,v1,v2,40.0,10.44,0.0,1.0,0.0522,0.0,37.9626,False,all_dynamic_snr,2.9692,0.9582
60,v1,v6,40.0,40.11,20.0,1.0,0.2006,0.4,36.3163,False,all_dynamic_snr,2.9685,0.9582
60,v2,v1,20.0,10.44,0.0,0.6,0.0522,0.0,17.9626,False,all_dynamic_snr,2.9577,0.9582
60,v2,v6,20.0,30.0,20.0,0.6,0.15,0.4,16.5686,True,all_dynamic_snr,2.9515,0.9543
60,v3,v4,20.0,10.44,20.0,0.6,0.0522,0.4,17.4855,True,all_dynamic_snr,2.9549,0.9563
60,v3,v8,20.0,60.07,30.0,0.6,0.3004,0.6,15.8406,True,all_dynamic_snr,2.949,0.9637
60,v3,v12,20.0,110.04,10.0,0.6,0.5502,0.2,15.6159,True,all_dynamic_snr,2.9484,0.9621
60,v3,v7,20.0,130.0,30.0,0.6,0.65,0.6,15.1701,True,all_dynamic_snr,2.9457,0.9537
60,v3,v11,20.0,150.0,20.0,0.6,0.75,0.4,15.1707,True,all_dynamic_snr,2.9457,0.9553
60,v4,v3,40.0,10.44,20.0,1.0,0.0522,0.4,37.4855,False,all_dynamic_snr,2.9689,0.9592
60,v4,v8,40.0,50.0,10.0,1.0,0.25,0.2,36.301,False,all_dynamic_snr,2.969,0.9592
60,v4,v12,40.0,100.0,30.0,1.0,0.5,0.6,35.3979,True,all_dynamic_snr,2.9685,0.9582
60,v4,v7,40.0,120.04,10.0,1.0,0.6002,0.2,35.5403,False,all_dynamic_snr,2.9687,0.9582
60,v4,v11,40.0,140.03,0.0,1.0,0.7002,0.0,35.7075,False,all_dynamic_snr,2.9683,0.9582
61,v1,v2,40.0,10.44,0.0,1.0,0.0522,0.0,37.9626,False,all_dynamic_snr,2.9688,0.9592
61,v1,v6,40.0,60.07,0.0,1.0,0.3004,0.0,36.4426,False,all_dynamic_snr,2.9692,0.9602
61,v2,v1,20.0,10.44,0.0,0.6,0.0522,0.0,17.9626,False,all_dynamic_snr,2.9549,0.9602
61,v2,v6,20.0,50.0,0.0,0.6,0.25,0.0,16.6021,False,all_dynamic_snr,2.9524,0.9523
61,v3,v4,20.0,10.44,10.0,0.6,0.0522,0.2,17.6615,False,all_dynamic_snr,2.9577,0.9578
61,v3,v8,20.0,30.15,10.0,0.6,0.1507,0.2,16.7404,False,all_dynamic_snr,2.9519,0.9559
61,v3,v7,20.0,100.0,0.0,0.6,0.5,0.0,16.0,True,all_dynamic_snr,2.9481,0.9602
61,v3,v12,20.0,120.04,40.0,0.6,0.6002,0.8,15.1424,True,all_dynamic_snr,2.9424,0.9602
61,v3,v11,20.0,130.0,0.0,0.6,0.65,0.0,15.7721,True,all_dynamic_snr,2.947,0.9637
61,v4,v3,40.0,10.44,10.0,1.0,0.0522,0.2,37.6615,False,all_dynamic_snr,2.9685,0.9592
61,v4,v8,40.0,40.0,0.0,1.0,0.2,0.0,36.7959,False,all_dynamic_snr,2.9688,0.9582
61,v4,v7,40.0,110.04,10.0,1.0,0.5502,0.2,35.6159,False,all_dynamic_snr,2.9684,0.9582
61,v4,v12,40.0,130.0,30.0,1.0,0.65,0.6,35.1701,True,all_dynamic_snr,2.9688,0.9602
61,v4,v11,40.0,140.03,10.0,1.0,0.7002,0.2,35.4065,False,all_dynamic_snr,2.9689,0.9592
62,v1,v2,40.0,10.44,30.0,1.0,0.0522,0.6,37.3605,False,all_dynamic_snr,2.969,0.9582
62,v1,v6,40.0,60.07,0.0,1.0,0.3004,0.0,36.4426,False,all_dynamic_snr,2.9691,0.9592
62,v2,v1,20.0,10.44,30.0,0.6,0.0522,0.6,17.3605,True,all_dynamic_snr,2.9556,0.9637
62,v2,v6,20.0,50.0,30.0,0.6,0.25,0.6,16.0,True,all_dynamic_snr,2.9506,0.9572
62,v3,v4,20.0,3.0,10.0,0.6,0.015,0.2,18.7447,False,all_dynamic_snr,2.9594,0.9572
62,v3,v8,20.0,40.11,10.0,0.6,0.2006,0.2,16.4924,False,all_dynamic_snr,2.9524,0.9627
62,v3,v7,20.0,100.0,10.0,0.6,0.5,0.2,15.699,True,all_dynamic_snr,2.9488,0.9574
62,v3,v11,20.0,130.0,10.0,0.6,0.65,0.2,15.4711,True,all_dynamic_snr,2.9466,0.9611
62,v3,v12,20.0,160.03,20.0,0.6,0.8001,0.4,15.1145,True,all_dynamic_snr,2.9459,0.9607
62,v4,v3,40.0,3.0,10.0,1.0,0.015,0.2,38.7447,False,all_dynamic_snr,2.9691,0.9592
62,v4,v8,40.0,40.0,20.0,1.0,0.2,0.4,36.3188,False,all_dynamic_snr,2.9684,0.9592
62,v4,v7,40.0,100.04,0.0,1.0,0.5002,0.0,35.9996,False,all_dynamic_snr,2.969,0.9602
62,v4,v11,40.0,130.03,0.0,1.0,0.6502,0.0,35.7719,False,all_dynamic_snr,2.9688,0.9582
62,v4,v12,40.0,160.0,10.0,1.0,0.8,0.2,35.2907,True,all_dynamic_snr,2.9685,0.9592
63,v1,v2,40.0,20.22,40.0,1.0,0.1011,0.8,36.6893,True,all_dynamic_snr,2.9692,0.9592
63,v1,v6,40.0,60.07,30.0,1.0,0.3004,0.6,35.8406,False,all_dynamic_snr,2.9692,0.9592
63,v2,v1,20.0,20.22,40.0,0.6,0.1011,0.8,16.6893,True,all_dynamic_snr,2.9503,0.9602
63,v2,v6,20.0,80.0,10.0,0.6,0.4,0.2,15.8928,True,all_dynamic_snr,2.9476,0.9553
63,v3,v4,20.0,10.44,10.0,0.6,0.0522,0.2,17.6615,False,all_dynamic_snr,2.9534,0.9572
63,v3,v8,20.0,50.09,20.0,0.6,0.2504,0.4,16.1234,True,all_dynamic_snr,2.9507,0.9563
63,v3,v7,20.0,90.0,10.0,0.6,0.45,0.2,15.7905,True,all_dynamic_snr,2.9496,0.9582
63,v3,v11,20.0,120.0,10.0,0.6,0.6,0.2,15.5406,True,all_dynamic_snr,2.9505,0.9588
63,v3,v12,20.0,140.03,0.0,0.6,0.7002,0.0,15.7075,True,all_dynamic_snr,2.9463,0.9598
63,v4,v3,40.0,10.44,10.0,1.0,0.0522,0.2,37.6615,False,all_dynamic_snr,2.9691,0.9602
63,v4,v8,40.0,60.0,30.0,1.0,0.3,0.6,35.8416,False,all_dynamic_snr,2.9685,0.9611
63,v4,v7,40.0,100.04,0.0,1.0,0.5002,0.0,35.9996,False,all_dynamic_snr,2.9691,0.9602
63,v4,v11,40.0,130.03,20.0,1.0,0.6502,0.4,35.2948,True,all_dynamic_snr,2.9686,0.9592
63,v4,v12,40.0,150.0,10.0,1.0,0.75,0.2,35.3468,False,all_dynamic_snr,2.9689,0.9592
64,v1,v6,40.0,30.15,10.0,1.0,0.1507,0.2,36.7404,False,all_dynamic_snr,2.9689,0.9582
64,v1,v2,40.0,60.07,20.0,1.0,0.3004,0.4,35.9655,False,all_dynamic_snr,2.9686,0.9592
64,v2,v1,20.0,60.07,20.0,0.6,0.3004,0.4,15.9655,True,all_dynamic_snr,2.9501,0.9582
64,v2,v6,20.0,90.0,10.0,0.6,0.45,0.2,15.7905,True,all_dynamic_snr,2.9505,0.9572
64,v3,v4,20.0,20.22,10.0,0.6,0.1011,0.2,17.0872,False,all_dynamic_snr,2.9541,0.9553
64,v3,v8,20.0,70.06,10.0,0.6,0.3503,0.2,16.008,True,all_dynamic_snr,2.949,0.9611
64,v3,v7,20.0,80.0,0.0,0.6,0.4,0.0,16.1938,True,all_dynamic_snr,2.9489,0.9617
64,v3,v11,20.0,130.0,20.0,0.6,0.65,0.4,15.295,True,all_dynamic_snr,2.9467,0.9637
64,v3,v12,20.0,140.03,10.0,0.6,0.7002,0.2,15.4065,True,all_dynamic_snr,2.9462,0.9592
64,v4,v3,40.0,20.22,10.0,1.0,0.1011,0.2,37.0872,False,all_dynamic_snr,2.9686,0.9582
64,v4,v8,40.0,90.0,20.0,1.0,0.45,0.4,35.6144,False,all_dynamic_snr,2.9685,0.9582
64,v4,v7,40.0,100.04,10.0,1.0,0.5002,0.2,35.6986,False,all_dynamic_snr,2.9688,0.9602
64,v4,v11,40.0,150.03,30.0,1.0,0.7501,0.6,35.0456,True,all_dynamic_snr,2.9692,0.9602
64,v4,v12,40.0,160.0,20.0,1.0,0.8,0.4,35.1146,True,all_dynamic_snr,2.9687,0.9602
65,v1,v6,40.0,20.22,10.0,1.0,0.1011,0.2,37.0872,False,all_dynamic_snr,2.9689,0.9592
65,v1,v2,40.0,80.06,20.0,1.0,0.4003,0.4,35.7161,False,all_dynamic_snr,2.9688,0.9592
65,v2,v1,20.0,80.06,20.0,0.6,0.4003,0.4,15.7161,True,all_dynamic_snr,2.948,0.9607
65,v2,v6,20.0,100.0,30.0,0.6,0.5,0.6,15.3979,True,all_dynamic_snr,2.9456,0.9641
65,v3,v4,20.0,30.15,40.0,0.6,0.1507,0.8,16.3425,True,all_dynamic_snr,2.9516,0.9543
65,v3,v7,20.0,80.0,20.0,0.6,0.4,0.4,15.7167,True,all_dynamic_snr,2.9499,0.9553
65,v3,v8,20.0,80.06,30.0,0.6,0.4003,0.6,15.5911,True,all_dynamic_snr,2.9463,0.9557
65,v3,v11,20.0,150.0,30.0,0.6,0.75,0.6,15.0458,True,all_dynamic_snr,2.9443,0.9602
65,v3,v12,20.0,150.03,30.0,0.6,0.7501,0.6,15.0456,True,all_dynamic_snr,2.9455,0.9572
65,v4,v3,40.0,30.15,40.0,1.0,0.1507,0.8,36.3425,True,all_dynamic_snr,2.9691,0.9582
65,v4,v8,40.0,110.0,10.0,1.0,0.55,0.2,35.6162,False,all_dynamic_snr,2.9692,0.9592
65,v4,v7,40.0,110.04,20.0,1.0,0.5502,0.4,35.4398,False,all_dynamic_snr,2.9681,0.9572
65,v4,v12,40.0,180.0,10.0,1.0,0.9,0.2,35.1884,True,all_dynamic_snr,2.9689,0.9592
65,v4,v11,40.0,180.02,10.0,1.0,0.9001,0.2,35.1883,True,all_dynamic_snr,2.9688,0.9582
66,v1,v6,40.0,10.44,20.0,1.0,0.0522,0.4,37.4855,False,all_dynamic_snr,2.9692,0.9592
66,v1,v2,40.0,60.07,20.0,1.0,0.3004,0.4,35.9655,False,all_dynamic_snr,2.9691,0.9582
66,v2,v1,20.0,60.07,20.0,0.6,0.3004,0.4,15.9655,True,all_dynamic_snr,2.9498,0.9543
66,v2,v6,20.0,70.0,0.0,0.6,0.35,0.0,16.3098,True,all_dynamic_snr,2.9504,0.9578
66,v3,v4,20.0,10.44,10.0,0.6,0.0522,0.2,17.6615,False,all_dynamic_snr,2.9557,0.9598
66,v3,v7,20.0,100.0,20.0,0.6,0.5,0.4,15.5229,True,all_dynamic_snr,2.9464,0.9578
66,v3,v8,20.0,110.04,0.0,0.6,0.5502,0.0,15.9169,True,all_dynamic_snr,2.948,0.9592
66,v3,v11,20.0,180.0,30.0,0.6,0.9,0.6,14.8874,True,all_dynamic_snr,2.9436,0.9568
66,v3,v12,20.0,180.02,10.0,0.6,0.9001,0.2,15.1883,True,all_dynamic_snr,2.9463,0.9611
66,v4,v3,40.0,10.44,10.0,1.0,0.0522,0.2,37.6615,False,all_dynamic_snr,2.9693,0.9592
66,v4,v7,40.0,90.05,30.0,1.0,0.4502,0.6,35.489,True,all_dynamic_snr,2.9684,0.9592
66,v4,v8,40.0,100.0,10.0,1.0,0.5,0.2,35.699,False,all_dynamic_snr,2.9688,0.9592
66,v4,v12,40.0,170.0,20.0,1.0,0.85,0.4,35.062,True,all_dynamic_snr,2.9693,0.9592
66,v4,v11,40.0,170.03,40.0,1.0,0.8501,0.8,34.84,True,all_dynamic_snr,2.9692,0.9592
67,v1,v6,40.0,30.15,30.0,1.0,0.1507,0.6,36.4394,False,all_dynamic_snr,2.9689,0.9582
67,v1,v2,40.0,40.11,30.0,1.0,0.2006,0.6,36.1914,False,all_dynamic_snr,2.9686,0.9582
67,v2,v1,20.0,40.11,30.0,0.6,0.2006,0.6,16.1914,True,all_dynamic_snr,2.9514,0.9563
67,v2,v6,20.0,70.0,0.0,0.6,0.35,0.0,16.3098,True,all_dynamic_snr,2.952,0.9549
67,v3,v4,20.0,20.22,10.0,0.6,0.1011,0.2,17.0872,False,all_dynamic_snr,2.9551,0.9621
67,v3,v7,20.0,80.0,40.0,0.6,0.4,0.8,15.4949,True,all_dynamic_snr,2.9477,0.9631
67,v3,v8,20.0,110.04,20.0,0.6,0.5502,0.4,15.4398,True,all_dynamic_snr,2.9459,0.9566
67,v3,v11,20.0,150.0,0.0,0.6,0.75,0.0,15.6478,True,all_dynamic_snr,2.9464,0.9582
67,v3,v12,20.0,170.03,20.0,0.6,0.8501,0.4,15.0618,True,all_dynamic_snr,2.9453,0.9543
67,v4,v3,40.0,20.22,10.0,1.0,0.1011,0.2,37.0872,False,all_dynamic_snr,2.9689,0.9592
67,v4,v7,40.0,60.07,30.0,1.0,0.3004,0.6,35.8406,False,all_dynamic_snr,2.9687,0.9592
67,v4,v8,40.0,90.0,10.0,1.0,0.45,0.2,35.7905,False,all_dynamic_snr,2.9688,0.9572
67,v4,v11,40.0,130.03,10.0,1.0,0.6502,0.2,35.4709,False,all_dynamic_snr,2.9682,0.9582
67,v4,v12,40.0,150.0,10.0,1.0,0.75,0.2,35.3468,False,all_dynamic_snr,2.9685,0.9592
68,v1,v6,40.0,3.0,40.0,1.0,0.015,0.8,38.3468,True,all_dynamic_snr,2.9694,0.9592
68,v1,v2,40.0,70.06,10.0,1.0,0.3503,0.2,36.008,False,all_dynamic_snr,2.9686,0.9592
68,v1,v13,40.0,180.0,30.0,1.0,0.9,0.6,34.8874,True,all_dynamic_snr,2.9685,0.9592
68,v2,v6,20.0,70.0,30.0,0.6,0.35,0.6,15.7077,True,all_dynamic_snr,2.9482,0.9611
68,v2,v1,20.0,70.06,10.0,0.6,0.3503,0.2,16.008,True,all_dynamic_snr,2.9509,0.9592
68,v3,v4,20.0,10.44,30.0,0.6,0.0522,0.6,17.3605,True,all_dynamic_snr,2.9541,0.9598
68,v3,v7,20.0,40.0,10.0,0.6,0.2,0.2,16.4949,False,all_dynamic_snr,2.9516,0.9549
68,v3,v8,20.0,90.05,10.0,0.6,0.4502,0.2,15.79,True,all_dynamic_snr,2.9472,0.9592
68,v3,v11,20.0,150.0,0.0,0.6,0.75,0.0,15.6478,True,all_dynamic_snr,2.943,0.9602
68,v3,v12,20.0,150.03,10.0,0.6,0.7501,0.2,15.3466,True,all_dynamic_snr,2.9455,0.9617
68,v4,v3,40.0,10.44,30.0,1.0,0.0522,0.6,37.3605,False,all_dynamic_snr,2.9691,0.9602
68,v4,v7,40.0,30.15,20.0,1.0,0.1507,0.4,36.5643,False,all_dynamic_snr,2.9684,0.9602
68,v4,v8,40.0,80.0,40.0,1.0,0.4,0.8,35.4949,True,all_dynamic_snr,2.9689,0.9602
68,v4,v12,40.0,140.0,20.0,1.0,0.7,0.4,35.2306,True,all_dynamic_snr,2.9689,0.9592
68,v4,v11,40.0,140.03,30.0,1.0,0.7002,0.6,35.1055,True,all_dynamic_snr,2.9691,0.9582
69,v1,v6,40.0,40.11,30.0,1.0,0.2006,0.6,36.1914,False,all_dynamic_snr,2.9692,0.9572
69,v1,v2,40.0,80.06,10.0,1.0,0.4003,0.2,35.8922,False,all_dynamic_snr,2.969,0.9582
69,v1,v13,40.0,150.0,0.0,1.0,0.75,0.0,35.6478,False,all_dynamic_snr,2.9693,0.9582
69,v2,v6,20.0,40.0,20.0,0.6,0.2,0.4,16.3188,True,all_dynamic_snr,2.9506,0.9557
69,v2,v1,20.0,80.06,10.0,0.6,0.4003,0.2,15.8922,True,all_dynamic_snr,2.9489,0.9607
69,v3,v4,20.0,40.11,30.0,0.6,0.2006,0.6,16.1914,True,all_dynamic_snr,2.9493,0.9602
69,v3,v7,20.0,50.0,20.0,0.6,0.25,0.4,16.1249,True,all_dynamic_snr,2.9517,0.9563
69,v3,v8,20.0,80.06,0.0,0.6,0.4003,0.0,16.1932,True,all_dynamic_snr,2.9504,0.9568
69,v3,v11,20.0,150.0,30.0,0.6,0.75,0.6,15.0458,True,all_dynamic_snr,2.9435,0.9582
69,v3,v12,20.0,160.03,10.0,0.6,0.8001,0.2,15.2906,True,all_dynamic_snr,2.9463,0.9523
69,v4,v7,40.0,10.44,10.0,1.0,0.0522,0.2,37.6615,False,all_dynamic_snr,2.9689,0.9582
69,v4,v8,40.0,40.0,30.0,1.0,0.2,0.6,36.1938,False,all_dynamic_snr,2.9688,0.9592
69,v4,v3,40.0,40.11,30.0,1.0,0.2006,0.6,36.1914,False,all_dynamic_snr,2.9687,0.9592
69,v4,v11,40.0,110.04,0.0,1.0,0.5502,0.0,35.9169,False,all_dynamic_snr,2.969,0.9592
69,v4,v12,40.0,120.0,20.0,1.0,0.6,0.4,35.3645,False,all_dynamic_snr,2.9689,0.9592
70,v1,v6,40.0,70.06,10.0,1.0,0.3503,0.2,36.008,False,all_dynamic_snr,2.9684,0.9592
70,v1,v2,40.0,90.05,0.0,1.0,0.4502,0.0,36.091,False,all_dynamic_snr,2.9688,0.9582
70,v1,v13,40.0,150.0,30.0,1.0,0.75,0.6,35.0458,True,all_dynamic_snr,2.9687,0.9592
70,v1,v5,40.0,180.0,30.0,1.0,0.9,0.6,34.8874,True,all_dynamic_snr,2.9692,0.9592
70,v2,v6,20.0,20.0,10.0,0.6,0.1,0.2,17.0969,False,all_dynamic_snr,2.9538,0.9617
70,v2,v1,20.0,90.05,0.0,0.6,0.4502,0.0,16.091,True,all_dynamic_snr,2.9521,0.9627
70,v3,v7,20.0,70.0,30.0,0.6,0.35,0.6,15.7077,True,all_dynamic_snr,2.9481,0.9578
70,v3,v4,20.0,70.06,10.0,0.6,0.3503,0.2,16.008,True,all_dynamic_snr,2.9504,0.9617
70,v3,v8,20.0,80.06,10.0,0.6,0.4003,0.2,15.8922,True,all_dynamic_snr,2.9489,0.9592
70,v3,v12,20.0,170.03,0.0,0.6,0.8501,0.0,15.539,True,all_dynamic_snr,2.948,0.9592
70,v3,v11,20.0,180.0,10.0,0.6,0.9,0.2,15.1884,True,all_dynamic_snr,2.9434,0.9539
70,v4,v7,40.0,3.0,20.0,1.0,0.015,0.4,38.5686,False,all_dynamic_snr,2.9689,0.9592
70,v4,v8,40.0,10.0,0.0,1.0,0.05,0.0,38.0,False,all_dynamic_snr,2.9687,0.9592
70,v4,v3,40.0,70.06,10.0,1.0,0.3503,0.2,36.008,False,all_dynamic_snr,2.9692,0.9592
70,v4,v12,40.0,100.0,10.0,1.0,0.5,0.2,35.699,False,all_dynamic_snr,2.969,0.9582
70,v4,v11,40.0,110.04,0.0,1.0,0.5502,0.0,35.9169,False,all_dynamic_snr,2.9685,0.9592
71,v1,v6,40.0,60.07,30.0,1.0,0.3004,0.6,35.8406,False,all_dynamic_snr,2.9693,0.9582
71,v1,v2,40.0,90.05,0.0,1.0,0.4502,0.0,36.091,False,all_dynamic_snr,2.9691,0.9592
71,v1,v13,40.0,180.0,30.0,1.0,0.9,0.6,34.8874,True,all_dynamic_snr,2.9687,0.9572
71,v2,v6,20.0,30.0,30.0,0.6,0.15,0.6,16.4437,True,all_dynamic_snr,2.9509,0.9553
71,v2,v1,20.0,90.05,0.0,0.6,0.4502,0.0,16.091,True,all_dynamic_snr,2.9482,0.9568
71,v3,v7,20.0,40.0,30.0,0.6,0.2,0.6,16.1938,True,all_dynamic_snr,2.9499,0.9543
71,v3,v4,20.0,60.07,30.0,0.6,0.3004,0.6,15.8406,True,all_dynamic_snr,2.9463,0.9621
71,v3,v8,20.0,70.06,0.0,0.6,0.3503,0.0,16.309,True,all_dynamic_snr,2.9526,0.9572
71,v3,v11,20.0,170.0,20.0,0.6,0.85,0.4,15.062,True,all_dynamic_snr,2.9428,0.9582
71,v3,v12,20.0,170.03,30.0,0.6,0.8501,0.6,14.9369,True,all_dynamic_snr,2.9455,0.9543
71,v4,v8,40.0,10.0,30.0,1.0,0.05,0.6,37.3979,False,all_dynamic_snr,2.9691,0.9582
71,v4,v7,40.0,20.22,0.0,1.0,0.1011,0.0,37.3883,False,all_dynamic_snr,2.9687,0.9592
71,v4,v3,40.0,60.07,30.0,1.0,0.3004,0.6,35.8406,False,all_dynamic_snr,2.9687,0.9582
71,v4,v12,40.0,110.0,0.0,1.0,0.55,0.0,35.9172,False,all_dynamic_snr,2.9691,0.9582
71,v4,v11,40.0,110.04,10.0,1.0,0.5502,0.2,35.6159,False,all_dynamic_snr,2.9683,0.9592
72,v1,v2,40.0,90.05,0.0,1.0,0.4502,0.0,36.091,False,all_dynamic_snr,2.969,0.9592
72,v1,v6,40.0,90.05,10.0,1.0,0.4502,0.2,35.79,False,all_dynamic_snr,2.9687,0.9592
72,v1,v13,40.0,150.0,10.0,1.0,0.75,0.2,35.3468,False,all_dynamic_snr,2.9692,0.9592
72,v2,v6,20.0,0.0,10.0,0.6,0.0,0.2,21.699,False,all_dynamic_snr,2.9652,0.9523
72,v2,v1,20.0,90.05,0.0,0.6,0.4502,0.0,16.091,True,all_dynamic_snr,2.949,0.9533
72,v3,v7,20.0,70.0,30.0,0.6,0.35,0.6,15.7077,True,all_dynamic_snr,2.9506,0.9598
72,v3,v8,20.0,70.06,10.0,0.6,0.3503,0.2,16.008,True,all_dynamic_snr,2.949,0.965
72,v3,v4,20.0,90.05,10.0,0.6,0.4502,0.2,15.79,True,all_dynamic_snr,2.948,0.9598
72,v3,v11,20.0,190.0,10.0,0.6,0.95,0.2,15.1415,True,all_dynamic_snr,2.9455,0.9631
72,v4,v8,40.0,20.0,20.0,1.0,0.1,0.4,36.9208,False,all_dynamic_snr,2.9691,0.9572
72,v4,v7,40.0,20.22,40.0,1.0,0.1011,0.8,36.6893,True,all_dynamic_snr,2.9687,0.9582
72,v4,v3,40.0,90.05,10.0,1.0,0.4502,0.2,35.79,False,all_dynamic_snr,2.9688,0.9572
72,v4,v11,40.0,100.04,20.0,1.0,0.5002,0.4,35.5225,False,all_dynamic_snr,2.9692,0.9572
72,v4,v12,40.0,110.0,0.0,1.0,0.55,0.0,35.9172,False,all_dynamic_snr,2.9687,0.9582
73,v1,v2,40.0,90.05,0.0,1.0,0.4502,0.0,36.091,False,all_dynamic_snr,2.9691,0.9592
73,v1,v6,40.0,100.04,30.0,1.0,0.5002,0.6,35.3975,True,all_dynamic_snr,2.9686,0.9592
73,v1,v13,40.0,140.0,40.0,1.0,0.7,0.8,35.0088,True,all_dynamic_snr,2.9688,0.9611
73,v1,v5,40.0,200.0,0.0,1.0,1.0,0.0,35.3979,True,all_dynamic_snr,2.9684,0.9563
73,v2,v6,20.0,10.0,30.0,0.6,0.05,0.6,17.3979,True,all_dynamic_snr,2.9533,0.9578
73,v2,v1,20.0,90.05,0.0,0.6,0.4502,0.0,16.091,True,all_dynamic_snr,2.9507,0.9621
73,v3,v7,20.0,40.0,40.0,0.6,0.2,0.8,16.0969,True,all_dynamic_snr,2.9467,0.9607
73,v3,v8,20.0,60.07,0.0,0.6,0.3004,0.0,16.4426,True,all_dynamic_snr,2.9513,0.9617
73,v3,v4,20.0,100.04,30.0,0.6,0.5002,0.6,15.3975,True,all_dynamic_snr,2.9471,0.9641
73,v3,v11,20.0,180.0,30.0,0.6,0.9,0.6,14.8874,True,all_dynamic_snr,2.9433,0.9602
73,v4,v8,40.0,40.0,30.0,1.0,0.2,0.6,36.1938,False,all_dynamic_snr,2.9688,0.9602
73,v4,v7,40.0,60.07,10.0,1.0,0.3004,0.2,36.1416,False,all_dynamic_snr,2.969,0.9592
73,v4,v11,40.0,80.06,0.0,1.0,0.4003,0.0,36.1932,False,all_dynamic_snr,2.9686,0.9592
73,v4,v3,40.0,100.04,30.0,1.0,0.5002,0.6,35.3975,True,all_dynamic_snr,2.9685,0.9592
73,v4,v12,40.0,110.0,30.0,1.0,0.55,0.6,35.3152,True,all_dynamic_snr,2.969,0.9592
74,v1,v6,40.0,70.06,10.0,1.0,0.3503,0.2,36.008,False,all_dynamic_snr,2.9689,0.9582
74,v1,v2,40.0,90.05,20.0,1.0,0.4502,0.4,35.6139,False,all_dynamic_snr,2.9686,0.9582
74,v1,v13,40.0,180.0,40.0,1.0,0.9,0.8,34.7905,True,all_dynamic_snr,2.9684,0.9592
74,v1,v5,40.0,200.0,0.0,1.0,1.0,0.0,35.3979,True,all_dynamic_snr,2.969,0.9602
74,v2,v6,20.0,20.0,10.0,0.6,0.1,0.2,17.0969,False,all_dynamic_snr,2.9532,0.9586
74,v2,v1,20.0,90.05,20.0,0.6,0.4502,0.4,15.6139,True,all_dynamic_snr,2.9471,0.9598
74,v3,v7,20.0,0.0,20.0,0.6,0.0,0.4,21.5229,True,all_dynamic_snr,2.9622,0.9588
74,v3,v8,20.0,60.07,0.0,0.6,0.3004,0.0,16.4426,True,all_dynamic_snr,2.9514,0.9568
74,v3,v4,20.0,70.06,30.0,0.6,0.3503,0.6,15.7069,True,all_dynamic_snr,2.9467,0.9588
74,v3,v11,20.0,150.0,20.0,0.6,0.75,0.4,15.1707,True,all_dynamic_snr,2.9464,0.9588
74,v4,v8,40.0,10.0,30.0,1.0,0.05,0.6,37.3979,False,all_dynamic_snr,2.9685,0.9592
74,v4,v3,40.0,70.06,30.0,1.0,0.3503,0.6,35.7069,False,all_dynamic_snr,2.969,0.9582
74,v4,v7,40.0,70.06,10.0,1.0,0.3503,0.2,36.008,False,all_dynamic_snr,2.9684,0.9592
74,v4,v11,40.0,80.06,10.0,1.0,0.4003,0.2,35.8922,False,all_dynamic_snr,2.9686,0.9592
74,v4,v12,40.0,140.0,20.0,1.0,0.7,0.4,35.2306,True,all_dynamic_snr,2.969,0.9592
75,v1,v6,40.0,80.06,10.0,1.0,0.4003,0.2,35.8922,False,all_dynamic_snr,2.9689,0.9602
75,v1,v2,40.0,110.04,40.0,1.0,0.5502,0.8,35.2179,True,all_dynamic_snr,2.9689,0.9582
75,v1,v13,40.0,140.0,20.0,1.0,0.7,0.4,35.2306,True,all_dynamic_snr,2.9689,0.9592
75,v1,v14,40.0,170.03,30.0,1.0,0.8501,0.6,34.9369,True,all_dynamic_snr,2.969,0.9592
75,v1,v5,40.0,200.0,30.0,1.0,1.0,0.6,34.7959,True,all_dynamic_snr,2.9684,0.9592
75,v2,v6,20.0,30.0,30.0,0.6,0.15,0.6,16.4437,True,all_dynamic_snr,2.9521,0.9607
75,v2,v1,20.0,110.04,40.0,0.6,0.5502,0.8,15.2179,True,all_dynamic_snr,2.9445,0.9592
75,v3,v7,20.0,20.0,20.0,0.6,0.1,0.4,16.9208,True,all_dynamic_snr,2.9547,0.9578
75,v3,v8,20.0,60.07,10.0,0.6,0.3004,0.2,16.1416,True,all_dynamic_snr,2.9505,0.9598
75,v3,v4,20.0,100.04,20.0,0.6,0.5002,0.4,15.5225,True,all_dynamic_snr,2.9467,0.9607
75,v3,v11,20.0,170.0,20.0,0.6,0.85,0.4,15.062,True,all_dynamic_snr,2.9453,0.9578
75,v4,v8,40.0,40.0,10.0,1.0,0.2,0.2,36.4949,False,all_dynamic_snr,2.969,0.9592
75,v4,v11,40.0,70.06,0.0,1.0,0.3503,0.0,36.309,False,all_dynamic_snr,2.9686,0.9611
75,v4,v7,40.0,80.06,0.0,1.0,0.4003,0.0,36.1932,False,all_dynamic_snr,2.969,0.9592
75,v4,v3,40.0,100.04,20.0,1.0,0.5002,0.4,35.5225,False,all_dynamic_snr,2.9687,0.9592
75,v4,v12,40.0,120.0,30.0,1.0,0.6,0.6,35.2396,True,all_dynamic_snr,2.9692,0.9602
76,v1,v6,40.0,90.05,20.0,1.0,0.4502,0.4,35.6139,False,all_dynamic_snr,2.9689,0.9592
76,v1,v13,40.0,120.0,20.0,1.0,0.6,0.4,35.3645,False,all_dynamic_snr,2.969,0.9582
76,v1,v14,40.0,140.03,0.0,1.0,0.7002,0.0,35.7075,False,all_dynamic_snr,2.9686,0.9592
76,v1,v2,40.0,150.03,0.0,1.0,0.7501,0.0,35.6476,False,all_dynamic_snr,2.969,0.9582
76,v1,v5,40.0,170.0,0.0,1.0,0.85,0.0,35.5391,True,all_dynamic_snr,2.9689,0.9592
76,v2,v6,20.0,60.0,20.0,0.6,0.3,0.4,15.9666,True,all_dynamic_snr,2.95,0.9598
76,v2,v1,20.0,150.03,0.0,0.6,0.7501,0.0,15.6476,True,all_dynamic_snr,2.9473,0.9631
76,v3,v7,20.0,0.0,10.0,0.6,0.0,0.2,21.699,False,all_dynamic_snr,2.9643,0.9621
76,v3,v8,20.0,50.09,40.0,0.6,0.2504,0.8,15.9015,True,all_dynamic_snr,2.9479,0.9611
76,v3,v4,20.0,80.06,30.0,0.6,0.4003,0.6,15.5911,True,all_dynamic_snr,2.9473,0.9588
76,v3,v11,20.0,150.0,40.0,0.6,0.75,0.8,14.9488,True,all_dynamic_snr,2.9439,0.9566
76,v4,v8,40.0,30.0,10.0,1.0,0.15,0.2,36.7447,False,all_dynamic_snr,2.9685,0.9582
76,v4,v11,40.0,70.06,10.0,1.0,0.3503,0.2,36.008,False,all_dynamic_snr,2.969,0.9592
76,v4,v3,40.0,80.06,30.0,1.0,0.4003,0.6,35.5911,False,all_dynamic_snr,2.9689,0.9592
76,v4,v7,40.0,80.06,20.0,1.0,0.4003,0.4,35.7161,False,all_dynamic_snr,2.969,0.9582
76,v4,v12,40.0,150.0,10.0,1.0,0.75,0.2,35.3468,False,all_dynamic_snr,2.9687,0.9563
77,v1,v13,40.0,100.0,0.0,1.0,0.5,0.0,36.0,False,all_dynamic_snr,2.969,0.9592
77,v1,v6,40.0,110.04,10.0,1.0,0.5502,0.2,35.6159,False,all_dynamic_snr,2.9689,0.9592
77,v1,v14,40.0,140.03,20.0,1.0,0.7002,0.4,35.2304,True,all_dynamic_snr,2.9688,0.9592
77,v1,v2,40.0,150.03,0.0,1.0,0.7501,0.0,35.6476,False,all_dynamic_snr,2.9687,0.9582
77,v1,v5,40.0,170.0,20.0,1.0,0.85,0.4,35.062,True,all_dynamic_snr,2.9692,0.9592
77,v2,v6,20.0,40.0,10.0,0.6,0.2,0.2,16.4949,False,all_dynamic_snr,2.9521,0.9627
77,v2,v1,20.0,150.03,0.0,0.6,0.7501,0.0,15.6476,True,all_dynamic_snr,2.9483,0.9602
77,v3,v7,20.0,10.0,10.0,0.6,0.05,0.2,17.699,False,all_dynamic_snr,2.9577,0.9592
77,v3,v8,20.0,10.44,30.0,0.6,0.0522,0.6,17.3605,True,all_dynamic_snr,2.9533,0.9598
77,v3,v4,20.0,50.09,40.0,0.6,0.2504,0.8,15.9015,True,all_dynamic_snr,2.9471,0.9563
77,v3,v11,20.0,110.0,20.0,0.6,0.55,0.4,15.4401,True,all_dynamic_snr,2.9455,0.9582
77,v3,v12,20.0,190.02,40.0,0.6,0.9501,0.8,14.7434,True,all_dynamic_snr,2.943,0.9598
77,v4,v8,40.0,40.0,10.0,1.0,0.2,0.2,36.4949,False,all_dynamic_snr,2.969,0.9592
77,v4,v3,40.0,50.09,40.0,1.0,0.2504,0.8,35.9015,True,all_dynamic_snr,2.9685,0.9582
77,v4,v7,40.0,60.07,30.0,1.0,0.3004,0.6,35.8406,False,all_dynamic_snr,2.9692,0.9592
77,v4,v11,40.0,60.07,20.0,1.0,0.3004,0.4,35.9655,False,all_dynamic_snr,2.9692,0.9592
77,v4,v12,40.0,140.0,0.0,1.0,0.7,0.0,35.7077,False,all_dynamic_snr,2.9692,0.9602
78,v1,v13,40.0,100.0,30.0,1.0,0.5,0.6,35.3979,True,all_dynamic_snr,2.9687,0.9582
78,v1,v6,40.0,100.04,40.0,1.0,0.5002,0.8,35.3006,True,all_dynamic_snr,2.9686,0.9592
78,v1,v5,40.0,150.0,20.0,1.0,0.75,0.4,35.1707,True,all_dynamic_snr,2.9692,0.9582
78,v1,v2,40.0,150.03,0.0,1.0,0.7501,0.0,35.6476,False,all_dynamic_snr,2.9682,0.9592
78,v1,v14,40.0,160.03,30.0,1.0,0.8001,0.6,34.9895,True,all_dynamic_snr,2.969,0.9592
78,v2,v6,20.0,50.0,40.0,0.6,0.25,0.8,15.9031,True,all_dynamic_snr,2.9505,0.9611
78,v2,v1,20.0,150.03,0.0,0.6,0.7501,0.0,15.6476,True,all_dynamic_snr,2.9503,0.9611
78,v3,v4,20.0,10.44,40.0,0.6,0.0522,0.8,17.2636,True,all_dynamic_snr,2.9539,0.9621
78,v3,v7,20.0,20.0,10.0,0.6,0.1,0.2,17.0969,False,all_dynamic_snr,2.9519,0.9563
78,v3,v8,20.0,20.22,20.0,0.6,0.1011,0.4,16.9112,True,all_dynamic_snr,2.9526,0.9598
78,v3,v11,20.0,90.0,20.0,0.6,0.45,0.4,15.6144,True,all_dynamic_snr,2.9492,0.9621
78,v3,v12,20.0,150.03,0.0,0.6,0.7501,0.0,15.6476,True,all_dynamic_snr,2.9479,0.9611
78,v4,v3,40.0,10.44,40.0,1.0,0.0522,0.8,37.2636,True,all_dynamic_snr,2.9693,0.9572
78,v4,v8,40.0,30.0,20.0,1.0,0.15,0.4,36.5686,False,all_dynamic_snr,2.9685,0.9592
78,v4,v7,40.0,30.15,30.0,1.0,0.1507,0.6,36.4394,False,all_dynamic_snr,2.9685,0.9592
78,v4,v11,40.0,80.06,20.0,1.0,0.4003,0.4,35.7161,False,all_dynamic_snr,2.9687,0.9611
78,v4,v12,40.0,140.0,40.0,1.0,0.7,0.8,35.0088,True,all_dynamic_snr,2.969,0.9602
79,v1,v6,40.0,60.07,20.0,1.0,0.3004,0.4,35.9655,False,all_dynamic_snr,2.9689,0.9592
79,v1,v13,40.0,130.0,40.0,1.0,0.65,0.8,35.0731,True,all_dynamic_snr,2.968,0.9582
79,v1,v2,40.0,150.03,30.0,1.0,0.7501,0.6,35.0456,True,all_dynamic_snr,2.9683,0.9582
79,v1,v5,40.0,170.0,10.0,1.0,0.85,0.2,35.2381,True,all_dynamic_snr,2.9688,0.9602
79,v1,v14,40.0,190.02,40.0,1.0,0.9501,0.8,34.7434,True,all_dynamic_snr,2.969,0.9592
79,v2,v6,20.0,90.0,10.0,0.6,0.45,0.2,15.7905,True,all_dynamic_snr,2.9486,0.9523
79,v2,v1,20.0,150.03,30.0,0.6,0.7501,0.6,15.0456,True,all_dynamic_snr,2.9441,0.9578
79,v3,v7,20.0,30.0,20.0,0.6,0.15,0.4,16.5686,True,all_dynamic_snr,2.9526,0.9592
79,v3,v4,20.0,30.15,0.0,0.6,0.1507,0.0,17.0414,False,all_dynamic_snr,2.9521,0.9607
79,v3,v8,20.0,40.11,10.0,0.6,0.2006,0.2,16.4924,False,all_dynamic_snr,2.9531,0.9566
79,v3,v11,20.0,70.0,10.0,0.6,0.35,0.2,16.0088,True,all_dynamic_snr,2.9513,0.9627
79,v3,v15,20.0,140.0,20.0,0.6,0.7,0.4,15.2306,True,all_dynamic_snr,2.9461,0.9607
79,v4,v7,40.0,3.0,20.0,1.0,0.015,0.4,38.5686,False,all_dynamic_snr,2.9687,0.9592
79,v4,v8,40.0,10.0,10.0,1.0,0.05,0.2,37.699,False,all_dynamic_snr,2.9691,0.9592
79,v4,v3,40.0,30.15,0.0,1.0,0.1507,0.0,37.0414,False,all_dynamic_snr,2.9688,0.9592
79,v4,v11,40.0,100.04,10.0,1.0,0.5002,0.2,35.6986,False,all_dynamic_snr,2.9684,0.9602
79,v4,v15,40.0,170.03,20.0,1.0,0.8501,0.4,35.0618,True,all_dynamic_snr,2.9695,0.9592
80,v1,v6,40.0,40.11,0.0,1.0,0.2006,0.0,36.7934,False,all_dynamic_snr,2.9686,0.9602
80,v1,v2,40.0,120.04,0.0,1.0,0.6002,0.0,35.8414,False,all_dynamic_snr,2.9692,0.9572
80,v1,v13,40.0,170.0,30.0,1.0,0.85,0.6,34.937,True,all_dynamic_snr,2.9692,0.9592
80,v1,v5,40.0,180.0,0.0,1.0,0.9,0.0,35.4895,True,all_dynamic_snr,2.9681,0.9582
80,v2,v6,20.0,80.0,0.0,0.6,0.4,0.0,16.1938,True,all_dynamic_snr,2.9494,0.9611
80,v2,v1,20.0,120.04,0.0,0.6,0.6002,0.0,15.8414,True,all_dynamic_snr,2.9488,0.9588
80,v3,v7,20.0,10.0,10.0,0.6,0.05,0.2,17.699,False,all_dynamic_snr,2.9551,0.9611
80,v3,v4,20.0,30.15,10.0,0.6,0.1507,0.2,16.7404,False,all_dynamic_snr,2.9519,0.9641
80,v3,v8,20.0,30.15,20.0,0.6,0.1507,0.4,16.5643,True,all_dynamic_snr,2.951,0.9553
80,v3,v11,20.0,60.0,10.0,0.6,0.3,0.2,16.1427,True,all_dynamic_snr,2.9498,0.9582
80,v3,v12,20.0,140.03,0.0,0.6,0.7002,0.0,15.7075,True,all_dynamic_snr,2.9485,0.9598
80,v4,v8,40.0,0.0,30.0,1.0,0.0,0.6,40.0,False,all_dynamic_snr,2.9691,0.9592
80,v4,v7,40.0,20.22,20.0,1.0,0.1011,0.4,36.9112,False,all_dynamic_snr,2.9688,0.9592
80,v4,v3,40.0,30.15,10.0,1.0,0.1507,0.2,36.7404,False,all_dynamic_snr,2.9689,0.9592
80,v4,v11,40.0,90.05,20.0,1.0,0.4502,0.4,35.6139,False,all_dynamic_snr,2.9687,0.9602
80,v4,v12,40.0,170.0,10.0,1.0,0.85,0.2,35.2381,True,all_dynamic_snr,2.9687,0.9602
81,v1,v6,40.0,40.11,10.0,1.0,0.2006,0.2,36.4924,False,all_dynamic_snr,2.9687,0.9592
81,v1,v2,40.0,120.04,10.0,1.0,0.6002,0.2,35.5403,False,all_dynamic_snr,2.9686,0.9582
81,v1,v5,40.0,180.0,20.0,1.0,0.9,0.4,35.0123,True,all_dynamic_snr,2.9686,0.9582
81,v1,v13,40.0,200.0,30.0,1.0,1.0,0.6,34.7959,True,all_dynamic_snr,2.9684,0.9592
81,v2,v6,20.0,80.0,20.0,0.6,0.4,0.4,15.7167,True,all_dynamic_snr,2.9487,0.9592
81,v2,v1,20.0,120.04,10.0,0.6,0.6002,0.2,15.5403,True,all_dynamic_snr,2.9452,0.9623
81,v2,v4,20.0,190.09,60.0,0.6,0.9505,1.2,14.597,True,all_dynamic_snr,2.9428,0.9543
81,v3,v7,20.0,0.0,10.0,0.6,0.0,0.2,21.699,False,all_dynamic_snr,2.9645,0.9572
81,v3,v8,20.0,10.44,10.0,0.6,0.0522,0.2,17.6615,False,all_dynamic_snr,2.9562,0.9582
81,v3,v4,20.0,40.11,0.0,0.6,0.2006,0.0,16.7934,False,all_dynamic_snr,2.9527,0.9631
81,v3,v11,20.0,70.0,20.0,0.6,0.35,0.4,15.8327,True,all_dynamic_snr,2.9482,0.9617
81,v3,v12,20.0,140.03,0.0,0.6,0.7002,0.0,15.7075,True,all_dynamic_snr,2.9469,0.9563
81,v4,v8,40.0,30.0,10.0,1.0,0.15,0.2,36.7447,False,all_dynamic_snr,2.9689,0.9592
81,v4,v3,40.0,40.11,0.0,1.0,0.2006,0.0,36.7934,False,all_dynamic_snr,2.9685,0.9582
81,v4,v7,40.0,40.11,10.0,1.0,0.2006,0.2,36.4924,False,all_dynamic_snr,2.9684,0.9582
81,v4,v11,40.0,110.04,20.0,1.0,0.5502,0.4,35.4398,False,all_dynamic_snr,2.9687,0.9582
81,v4,v12,40.0,180.0,0.0,1.0,0.9,0.0,35.4895,True,all_dynamic_snr,2.9687,0.9582
82,v1,v6,40.0,30.15,40.0,1.0,0.1507,0.8,36.3425,True,all_dynamic_snr,2.9694,0.9582
82,v1,v2,40.0,130.03,0.0,1.0,0.6502,0.0,35.7719,False,all_dynamic_snr,2.9692,0.9582
82,v1,v5,40.0,200.0,10.0,1.0,1.0,0.2,35.0969,True,all_dynamic_snr,2.9694,0.9602
82,v2,v6,20.0,100.0,40.0,0.6,0.5,0.8,15.301,True,all_dynamic_snr,2.9441,0.9568
82,v2,v1,20.0,130.03,0.0,0.6,0.6502,0.0,15.7719,True,all_dynamic_snr,2.9494,0.9656
82,v2,v4,20.0,130.14,60.0,0.6,0.6507,1.2,14.9261,True,all_dynamic_snr,2.9455,0.9627
82,v2,v8,20.0,150.12,60.0,0.6,0.7506,1.2,14.802,True,all_dynamic_snr,2.9445,0.9543
82,v2,v7,20.0,160.03,90.0,0.6,0.8001,1.8,14.5916,True,all_dynamic_snr,2.9405,0.9553
82,v3,v7,20.0,10.0,10.0,0.6,0.05,0.2,17.699,False,all_dynamic_snr,2.9554,0.9553
82,v3,v8,20.0,20.22,20.0,0.6,0.1011,0.4,16.9112,True,all_dynamic_snr,2.9529,0.9582
82,v3,v4,20.0,40.11,20.0,0.6,0.2006,0.4,16.3163,True,all_dynamic_snr,2.9498,0.9617
82,v3,v11,20.0,50.0,0.0,0.6,0.25,0.0,16.6021,False,all_dynamic_snr,2.9528,0.9563
82,v3,v15,20.0,120.0,10.0,0.6,0.6,0.2,15.5406,True,all_dynamic_snr,2.9461,0.9607
82,v4,v8,40.0,20.0,0.0,1.0,0.1,0.0,37.3979,False,all_dynamic_snr,2.9692,0.9602
82,v4,v7,40.0,30.15,30.0,1.0,0.1507,0.6,36.4394,False,all_dynamic_snr,2.9687,0.9611
82,v4,v3,40.0,40.11,20.0,1.0,0.2006,0.4,36.3163,False,all_dynamic_snr,2.9688,0.9602
82,v4,v11,40.0,90.05,20.0,1.0,0.4502,0.4,35.6139,False,all_dynamic_snr,2.9686,0.9582
82,v4,v2,40.0,130.14,60.0,1.0,0.6507,1.2,34.9261,True,all_dynamic_snr,2.969,0.9582
83,v1,v6,40.0,10.44,20.0,1.0,0.0522,0.4,37.4855,False,all_dynamic_snr,2.969,0.9592
83,v1,v2,40.0,130.03,10.0,1.0,0.6502,0.2,35.4709,False,all_dynamic_snr,2.9683,0.9572
83,v2,v7,20.0,70.06,60.0,0.6,0.3503,1.2,15.4639,True,all_dynamic_snr,2.9462,0.9543
83,v2,v4,20.0,70.26,60.0,0.6,0.3513,1.2,15.4615,True,all_dynamic_snr,2.9465,0.9543
83,v2,v3,20.0,90.05,70.0,0.6,0.4502,1.4,15.1879,True,all_dynamic_snr,2.9436,0.9592
83,v2,v8,20.0,90.2,30.0,0.6,0.451,0.6,15.4875,True,all_dynamic_snr,2.9467,0.9572
83,v2,v1,20.0,130.03,10.0,0.6,0.6502,0.2,15.4709,True,all_dynamic_snr,2.9474,0.9607
83,v3,v8,20.0,3.0,40.0,0.6,0.015,0.8,18.3468,True,all_dynamic_snr,2.9582,0.9592
83,v3,v7,20.0,20.0,10.0,0.6,0.1,0.2,17.0969,False,all_dynamic_snr,2.9533,0.9572
83,v3,v4,20.0,20.22,10.0,0.6,0.1011,0.2,17.0872,False,all_dynamic_snr,2.9532,0.9582
83,v3,v11,20.0,50.0,0.0,0.6,0.25,0.0,16.6021,False,all_dynamic_snr,2.9507,0.9572
83,v3,v2,20.0,90.05,70.0,0.6,0.4502,1.4,15.1879,True,all_dynamic_snr,2.9443,0.9611
83,v4,v7,40.0,3.0,0.0,1.0,0.015,0.0,39.0458,False,all_dynamic_snr,2.9691,0.9582
83,v4,v8,40.0,20.0,30.0,1.0,0.1,0.6,36.7959,False,all_dynamic_snr,2.9689,0.9592
83,v4,v3,40.0,20.22,10.0,1.0,0.1011,0.2,37.0872,False,all_dynamic_snr,2.969,0.9592
83,v4,v11,40.0,70.06,10.0,1.0,0.3503,0.2,36.008,False,all_dynamic_snr,2.9689,0.9592
83,v4,v2,40.0,70.26,60.0,1.0,0.3513,1.2,35.4615,True,all_dynamic_snr,2.969,0.9592
84,v1,v6,40.0,30.15,10.0,1.0,0.1507,0.2,36.7404,False,all_dynamic_snr,2.9691,0.9592
84,v1,v2,40.0,120.04,40.0,1.0,0.6002,0.8,35.1424,True,all_dynamic_snr,2.969,0.9582
84,v1,v7,40.0,130.14,40.0,1.0,0.6507,0.8,35.0722,True,all_dynamic_snr,2.9687,0.9592
84,v1,v4,40.0,130.31,60.0,1.0,0.6516,1.2,34.9249,True,all_dynamic_snr,2.9686,0.9592
84,v1,v3,40.0,140.13,20.0,1.0,0.7006,0.4,35.2298,True,all_dynamic_snr,2.9693,0.9592
84,v2,v7,20.0,10.44,80.0,0.6,0.0522,1.6,17.0083,True,all_dynamic_snr,2.9541,0.9553
84,v2,v4,20.0,11.66,100.0,0.6,0.0583,2.0,16.8251,True,all_dynamic_snr,2.9524,0.9582
84,v2,v3,20.0,20.22,60.0,0.6,0.1011,1.2,16.5432,True,all_dynamic_snr,2.951,0.9592
84,v2,v8,20.0,60.3,80.0,0.6,0.3015,1.6,15.4851,True,all_dynamic_snr,2.948,0.9637
84,v2,v11,20.0,70.06,60.0,0.6,0.3503,1.2,15.4639,True,all_dynamic_snr,2.9468,0.9607
84,v3,v7,20.0,10.0,20.0,0.6,0.05,0.4,17.5229,True,all_dynamic_snr,2.9551,0.9598
84,v3,v4,20.0,10.44,40.0,0.6,0.0522,0.8,17.2636,True,all_dynamic_snr,2.954,0.9563
84,v3,v2,20.0,20.22,60.0,0.6,0.1011,1.2,16.5432,True,all_dynamic_snr,2.9497,0.9582
84,v3,v8,20.0,40.11,20.0,0.6,0.2006,0.4,16.3163,True,all_dynamic_snr,2.95,0.9607
84,v3,v11,20.0,50.0,0.0,0.6,0.25,0.0,16.6021,False,all_dynamic_snr,2.951,0.9578
84,v4,v7,40.0,3.0,20.0,1.0,0.015,0.4,38.5686,False,all_dynamic_snr,2.9691,0.9602
84,v4,v3,40.0,10.44,40.0,1.0,0.0522,0.8,37.2636,True,all_dynamic_snr,2.9691,0.9592
84,v4,v2,40.0,11.66,100.0,1.0,0.0583,2.0,36.8251,True,all_dynamic_snr,2.9688,0.9592
84,v4,v8,40.0,50.0,20.0,1.0,0.25,0.4,36.1249,False,all_dynamic_snr,2.969,0.9582
84,v4,v11,40.0,60.07,40.0,1.0,0.3004,0.8,35.7436,True,all_dynamic_snr,2.9688,0.9582
85,v1,v6,40.0,20.22,10.0,1.0,0.1011,0.2,37.0872,False,all_dynamic_snr,2.969,0.9611
85,v1,v4,40.0,70.58,80.0,1.0,0.3529,1.6,35.3484,True,all_dynamic_snr,2.9695,0.9592
85,v1,v7,40.0,90.2,70.0,1.0,0.451,1.4,35.1865,True,all_dynamic_snr,2.9685,0.9582
85,v1,v3,40.0,120.15,90.0,1.0,0.6007,1.8,34.8406,True,all_dynamic_snr,2.968,0.9582
85,v1,v8,40.0,140.29,70.0,1.0,0.7014,1.4,34.8029,True,all_dynamic_snr,2.9689,0.9592
85,v2,v11,20.0,10.44,60.0,0.6,0.0522,1.2,17.1175,True,all_dynamic_snr,2.9522,0.9568
85,v2,v8,20.0,20.88,80.0,0.6,0.1044,1.6,16.4063,True,all_dynamic_snr,2.9516,0.9631
85,v2,v3,20.0,40.11,100.0,0.6,0.2006,2.0,15.7521,True,all_dynamic_snr,2.9484,0.9607
85,v2,v7,20.0,70.06,80.0,0.6,0.3503,1.6,15.3548,True,all_dynamic_snr,2.945,0.9627
85,v2,v15,20.0,70.06,80.0,0.6,0.3503,1.6,15.3548,True,all_dynamic_snr,2.947,0.9553
85,v3,v8,20.0,20.22,20.0,0.6,0.1011,0.4,16.9112,True,all_dynamic_snr,2.9524,0.9617
85,v3,v7,20.0,30.0,20.0,0.6,0.15,0.4,16.5686,True,all_dynamic_snr,2.952,0.9553
85,v3,v2,20.0,40.11,100.0,0.6,0.2006,2.0,15.7521,True,all_dynamic_snr,2.9465,0.9598
85,v3,v11,20.0,50.0,40.0,0.6,0.25,0.8,15.9031,True,all_dynamic_snr,2.9463,0.9572
85,v3,v4,20.0,50.09,10.0,0.6,0.2504,0.2,16.2995,False,all_dynamic_snr,2.9518,0.9611
85,v4,v7,40.0,20.22,10.0,1.0,0.1011,0.2,37.0872,False,all_dynamic_snr,2.9685,0.9592
85,v4,v3,40.0,50.09,10.0,1.0,0.2504,0.2,36.2995,False,all_dynamic_snr,2.9687,0.9592
85,v4,v8,40.0,70.0,10.0,1.0,0.35,0.2,36.0088,False,all_dynamic_snr,2.9689,0.9592
85,v4,v1,40.0,70.58,80.0,1.0,0.3529,1.6,35.3484,True,all_dynamic_snr,2.9688,0.9592
85,v4,v2,40.0,90.2,90.0,1.0,0.451,1.8,35.0896,True,all_dynamic_snr,2.9692,0.9592
86,v1,v6,40.0,10.44,0.0,1.0,0.0522,0.0,37.9626,False,all_dynamic_snr,2.9693,0.9602
86,v1,v4,40.0,13.45,40.0,1.0,0.0673,0.8,37.0434,True,all_dynamic_snr,2.9688,0.9582
86,v1,v7,40.0,20.88,60.0,1.0,0.1044,1.2,36.5154,True,all_dynamic_snr,2.9692,0.9592
86,v1,v3,40.0,30.59,70.0,1.0,0.153,1.4,36.1256,True,all_dynamic_snr,2.9691,0.9592
86,v1,v8,40.0,70.58,40.0,1.0,0.3529,0.8,35.6037,True,all_dynamic_snr,2.9688,0.9592
86,v2,v15,20.0,10.44,90.0,0.6,0.0522,1.8,16.9626,True,all_dynamic_snr,2.952,0.9592
86,v2,v12,20.0,11.66,90.0,0.6,0.0583,1.8,16.8665,True,all_dynamic_snr,2.9548,0.9533
86,v2,v11,20.0,50.09,90.0,0.6,0.2504,1.8,15.6005,True,all_dynamic_snr,2.947,0.9539
86,v2,v16,20.0,90.2,90.0,0.6,0.451,1.8,15.0896,True,all_dynamic_snr,2.9424,0.9592
86,v2,v8,20.0,100.18,50.0,0.6,0.5009,1.0,15.2203,True,all_dynamic_snr,2.9451,0.9572
86,v3,v7,20.0,10.0,10.0,0.6,0.05,0.2,17.699,False,all_dynamic_snr,2.9553,0.9582
86,v3,v1,20.0,30.59,70.0,0.6,0.153,1.4,16.1256,True,all_dynamic_snr,2.9498,0.9607
86,v3,v4,20.0,40.11,30.0,0.6,0.2006,0.6,16.1914,True,all_dynamic_snr,2.9492,0.9607
86,v3,v6,20.0,40.11,70.0,0.6,0.2006,1.4,15.8904,True,all_dynamic_snr,2.9469,0.9572
86,v3,v8,20.0,40.11,30.0,0.6,0.2006,0.6,16.1914,True,all_dynamic_snr,2.9487,0.9549
86,v4,v6,40.0,6.0,40.0,1.0,0.03,0.8,37.7447,True,all_dynamic_snr,2.9689,0.9592
86,v4,v1,40.0,13.45,40.0,1.0,0.0673,0.8,37.0434,True,all_dynamic_snr,2.9692,0.9592
86,v4,v7,40.0,30.15,20.0,1.0,0.1507,0.4,36.5643,False,all_dynamic_snr,2.9687,0.9602
86,v4,v3,40.0,40.11,30.0,1.0,0.2006,0.6,36.1914,False,all_dynamic_snr,2.9686,0.9592
86,v4,v8,40.0,80.0,0.0,1.0,0.4,0.0,36.1938,False,all_dynamic_snr,2.9688,0.9582
87,v1,v6,40.0,10.44,20.0,1.0,0.0522,0.4,37.4855,False,all_dynamic_snr,2.9687,0.9582
87,v1,v8,40.0,31.32,40.0,1.0,0.1566,0.8,36.3094,True,all_dynamic_snr,2.9691,0.9592
87,v1,v3,40.0,40.45,70.0,1.0,0.2022,1.4,35.8831,True,all_dynamic_snr,2.9688,0.9592
87,v1,v7,40.0,40.45,70.0,1.0,0.2022,1.4,35.8831,True,all_dynamic_snr,2.9692,0.9582
87,v1,v11,40.0,40.45,80.0,1.0,0.2022,1.6,35.832,True,all_dynamic_snr,2.9689,0.9563
87,v2,v16,20.0,6.0,90.0,0.6,0.03,1.8,17.4437,True,all_dynamic_snr,2.9551,0.9656
87,v2,v15,20.0,100.04,90.0,0.6,0.5002,1.8,14.9996,True,all_dynamic_snr,2.9427,0.9533
87,v2,v19,20.0,100.04,100.0,0.6,0.5002,2.0,14.9582,True,all_dynamic_snr,2.9446,0.9543
87,v2,v12,20.0,100.18,70.0,0.6,0.5009,1.4,15.0953,True,all_dynamic_snr,2.9462,0.9607
87,v2,v11,20.0,140.03,100.0,0.6,0.7002,2.0,14.6662,True,all_dynamic_snr,2.9427,0.9631
87,v3,v7,20.0,0.0,0.0,0.6,0.0,0.0,22.0,False,all_dynamic_snr,2.9654,0.9602
87,v3,v4,20.0,10.44,10.0,0.6,0.0522,0.2,17.6615,False,all_dynamic_snr,2.955,0.9578
87,v3,v6,20.0,30.15,50.0,0.6,0.1507,1.0,16.2633,True,all_dynamic_snr,2.9506,0.9549
87,v3,v1,20.0,40.45,70.0,0.6,0.2022,1.4,15.8831,True,all_dynamic_snr,2.9495,0.9568
87,v3,v8,20.0,70.06,30.0,0.6,0.3503,0.6,15.7069,True,all_dynamic_snr,2.9491,0.9617
87,v4,v3,40.0,10.44,10.0,1.0,0.0522,0.2,37.6615,False,all_dynamic_snr,2.9688,0.9611
87,v4,v7,40.0,10.44,10.0,1.0,0.0522,0.2,37.6615,False,all_dynamic_snr,2.9688,0.9582
87,v4,v6,40.0,40.45,60.0,1.0,0.2022,1.2,35.9411,True,all_dynamic_snr,2.9693,0.9592
87,v4,v1,40.0,50.8,80.0,1.0,0.254,1.6,35.634,True,all_dynamic_snr,2.9694,0.9582
87,v4,v8,40.0,80.0,40.0,1.0,0.4,0.8,35.4949,True,all_dynamic_snr,2.9687,0.9572
88,v1,v15,40.0,11.66,60.0,1.0,0.0583,1.2,37.0214,True,all_dynamic_snr,2.9688,0.9592
88,v1,v8,40.0,13.45,40.0,1.0,0.0673,0.8,37.0434,True,all_dynamic_snr,2.969,0.9592
88,v1,v6,40.0,30.15,0.0,1.0,0.1507,0.0,37.0414,False,all_dynamic_snr,2.9686,0.9592
88,v1,v12,40.0,31.32,40.0,1.0,0.1566,0.8,36.3094,True,all_dynamic_snr,2.9688,0.9592
88,v1,v11,40.0,40.45,60.0,1.0,0.2022,1.2,35.9411,True,all_dynamic_snr,2.9685,0.9582
88,v2,v19,20.0,3.0,60.0,0.6,0.015,1.2,18.2007,True,all_dynamic_snr,2.9565,0.9588
88,v2,v16,20.0,90.2,60.0,0.6,0.451,1.2,15.2445,True,all_dynamic_snr,2.9464,0.9559
88,v2,v12,20.0,170.11,40.0,0.6,0.8505,0.8,14.8396,True,all_dynamic_snr,2.9442,0.9646
88,v2,v15,20.0,190.02,60.0,0.6,0.9501,1.2,14.5973,True,all_dynamic_snr,2.9408,0.9637
88,v3,v7,20.0,0.0,20.0,0.6,0.0,0.4,21.5229,True,all_dynamic_snr,2.962,0.9582
88,v3,v4,20.0,20.22,10.0,0.6,0.1011,0.2,17.0872,False,all_dynamic_snr,2.9546,0.9602
88,v3,v11,20.0,70.0,0.0,0.6,0.35,0.0,16.3098,True,all_dynamic_snr,2.9515,0.9563
88,v3,v6,20.0,80.06,60.0,0.6,0.4003,1.2,15.3481,True,all_dynamic_snr,2.9457,0.9621
88,v3,v5,20.0,80.22,70.0,0.6,0.4011,1.4,15.2883,True,all_dynamic_snr,2.9445,0.9588
88,v4,v3,40.0,20.22,10.0,1.0,0.1011,0.2,37.0872,False,all_dynamic_snr,2.9693,0.9582
88,v4,v7,40.0,20.22,10.0,1.0,0.1011,0.2,37.0872,False,all_dynamic_snr,2.9691,0.9602
88,v4,v5,40.0,60.67,80.0,1.0,0.3034,1.6,35.4798,True,all_dynamic_snr,2.9691,0.9592
88,v4,v13,40.0,80.5,90.0,1.0,0.4025,1.8,35.1884,True,all_dynamic_snr,2.9688,0.9572
88,v4,v11,40.0,90.05,10.0,1.0,0.4502,0.2,35.79,False,all_dynamic_snr,2.9687,0.9592
89,v1,v12,40.0,13.45,80.0,1.0,0.0673,1.6,36.7881,True,all_dynamic_snr,2.9692,0.9602
89,v1,v6,40.0,30.15,30.0,1.0,0.1507,0.6,36.4394,False,all_dynamic_snr,2.9693,0.9592
89,v1,v15,40.0,50.36,60.0,1.0,0.2518,1.2,35.7508,True,all_dynamic_snr,2.9684,0.9582
89,v1,v8,40.0,50.8,60.0,1.0,0.254,1.2,35.7431,True,all_dynamic_snr,2.969,0.9582
89,v1,v16,40.0,50.8,90.0,1.0,0.254,1.8,35.5882,True,all_dynamic_snr,2.9691,0.9592
89,v2,v19,20.0,60.07,30.0,0.6,0.3004,0.6,15.8406,True,all_dynamic_snr,2.9514,0.9631
89,v2,v16,20.0,150.12,60.0,0.6,0.7506,1.2,14.802,True,all_dynamic_snr,2.9428,0.9588
89,v3,v5,20.0,11.66,70.0,0.6,0.0583,1.4,16.9634,True,all_dynamic_snr,2.953,0.9582
89,v3,v7,20.0,20.0,20.0,0.6,0.1,0.4,16.9208,True,all_dynamic_snr,2.953,0.9631
89,v3,v13,20.0,20.88,50.0,0.6,0.1044,1.0,16.5824,True,all_dynamic_snr,2.9508,0.9611
89,v3,v4,20.0,30.15,0.0,0.6,0.1507,0.0,17.0414,False,all_dynamic_snr,2.9524,0.9553
89,v3,v11,20.0,70.0,10.0,0.6,0.35,0.2,16.0088,True,all_dynamic_snr,2.9491,0.9621
89,v4,v7,40.0,10.44,20.0,1.0,0.0522,0.4,37.4855,False,all_dynamic_snr,2.9683,0.9582
89,v4,v13,40.0,13.45,50.0,1.0,0.0673,1.0,36.9642,True,all_dynamic_snr,2.9691,0.9582
89,v4,v5,40.0,21.93,70.0,1.0,0.1097,1.4,36.4148,True,all_dynamic_snr,2.9684,0.9592
89,v4,v3,40.0,30.15,0.0,1.0,0.1507,0.0,37.0414,False,all_dynamic_snr,2.9686,0.9592
89,v4,v14,40.0,50.36,80.0,1.0,0.2518,1.6,35.6416,True,all_dynamic_snr,2.9692,0.9602
90,v1,v16,40.0,41.0,40.0,1.0,0.205,0.8,36.0755,True,all_dynamic_snr,2.9686,0.9592
90,v1,v6,40.0,60.07,10.0,1.0,0.3004,0.2,36.1416,False,all_dynamic_snr,2.9685,0.9582
90,v1,v19,40.0,80.22,50.0,1.0,0.4011,1.0,35.4132,True,all_dynamic_snr,2.9693,0.9602
90,v1,v12,40.0,90.45,40.0,1.0,0.4522,0.8,35.3882,True,all_dynamic_snr,2.9685,0.9592
90,v1,v15,40.0,110.16,80.0,1.0,0.5508,1.6,34.9617,True,all_dynamic_snr,2.9687,0.9592
90,v2,v19,20.0,90.05,40.0,0.6,0.4502,0.8,15.3921,True,all_dynamic_snr,2.9465,0.9574
90,v2,v20,20.0,150.12,70.0,0.6,0.7506,1.4,14.744,True,all_dynamic_snr,2.9424,0.966
90,v2,v1,20.0,170.03,10.0,0.6,0.8501,0.2,15.2379,True,all_dynamic_snr,2.9445,0.9563
90,v3,v14,20.0,3.0,70.0,0.6,0.015,1.4,18.1427,True,all_dynamic_snr,2.9559,0.9592
90,v3,v4,20.0,30.15,10.0,0.6,0.1507,0.2,16.7404,False,all_dynamic_snr,2.9535,0.9588
90,v3,v13,20.0,30.59,70.0,0.6,0.153,1.4,16.1256,True,all_dynamic_snr,2.9532,0.9592
90,v3,v7,20.0,40.0,0.0,0.6,0.2,0.0,16.7959,False,all_dynamic_snr,2.9529,0.9598
90,v3,v11,20.0,60.0,10.0,0.6,0.3,0.2,16.1427,True,all_dynamic_snr,2.9493,0.9607
90,v4,v7,40.0,10.44,10.0,1.0,0.0522,0.2,37.6615,False,all_dynamic_snr,2.9689,0.9582
90,v4,v3,40.0,30.15,10.0,1.0,0.1507,0.2,36.7404,False,all_dynamic_snr,2.9687,0.9582
90,v4,v14,40.0,30.59,80.0,1.0,0.153,1.6,36.0745,True,all_dynamic_snr,2.969,0.9602
90,v4,v9,40.0,41.0,50.0,1.0,0.205,1.0,35.9963,True,all_dynamic_snr,2.9683,0.9592
90,v4,v10,40.0,50.36,40.0,1.0,0.2518,0.8,35.8969,True,all_dynamic_snr,2.9692,0.9602
91,v1,v19,40.0,30.59,70.0,1.0,0.153,1.4,36.1256,True,all_dynamic_snr,2.969,0.9592
91,v1,v6,40.0,70.06,20.0,1.0,0.3503,0.4,35.8319,False,all_dynamic_snr,2.9685,0.9572
91,v1,v16,40.0,80.5,60.0,1.0,0.4025,1.2,35.3433,True,all_dynamic_snr,2.969,0.9592
91,v1,v12,40.0,130.31,80.0,1.0,0.6516,1.6,34.8158,True,all_dynamic_snr,2.969,0.9602
91,v1,v2,40.0,160.03,20.0,1.0,0.8001,0.4,35.1145,True,all_dynamic_snr,2.9686,0.9602
91,v2,v20,20.0,80.22,60.0,0.6,0.4011,1.2,15.3463,True,all_dynamic_snr,2.9469,0.9617
91,v2,v19,20.0,130.03,50.0,0.6,0.6502,1.0,14.9937,True,all_dynamic_snr,2.9444,0.9523
91,v2,v1,20.0,160.03,20.0,0.6,0.8001,0.4,15.1145,True,all_dynamic_snr,2.9455,0.9594
91,v3,v9,20.0,30.59,60.0,0.6,0.153,1.2,16.1836,True,all_dynamic_snr,2.9501,0.9672
91,v3,v7,20.0,40.0,20.0,0.6,0.2,0.4,16.3188,True,all_dynamic_snr,2.9499,0.9621
91,v3,v4,20.0,40.11,0.0,0.6,0.2006,0.0,16.7934,False,all_dynamic_snr,2.9529,0.9563
91,v3,v11,20.0,50.0,0.0,0.6,0.25,0.0,16.6021,False,all_dynamic_snr,2.952,0.9549
91,v3,v10,20.0,50.09,50.0,0.6,0.2504,1.0,15.8223,True,all_dynamic_snr,2.9475,0.9617
91,v4,v7,40.0,3.0,20.0,1.0,0.015,0.4,38.5686,False,all_dynamic_snr,2.9687,0.9592
91,v4,v10,40.0,11.66,50.0,1.0,0.0583,1.0,37.0883,True,all_dynamic_snr,2.969,0.9592
91,v4,v9,40.0,13.45,60.0,1.0,0.0673,1.2,36.8972,True,all_dynamic_snr,2.9689,0.9602
91,v4,v3,40.0,40.11,0.0,1.0,0.2006,0.0,36.7934,False,all_dynamic_snr,2.9692,0.9582
91,v4,v11,40.0,90.05,0.0,1.0,0.4502,0.0,36.091,False,all_dynamic_snr,2.9684,0.9592
92,v1,v19,40.0,40.45,70.0,1.0,0.2022,1.4,35.8831,True,all_dynamic_snr,2.9693,0.9582
92,v1,v6,40.0,90.05,10.0,1.0,0.4502,0.2,35.79,False,all_dynamic_snr,2.9688,0.9582
92,v1,v2,40.0,140.03,10.0,1.0,0.7002,0.2,35.4065,False,all_dynamic_snr,2.969,0.9572
92,v1,v16,40.0,140.29,30.0,1.0,0.7014,0.6,35.1039,True,all_dynamic_snr,2.9686,0.9602
92,v1,v20,40.0,160.25,30.0,1.0,0.8013,0.6,34.9883,True,all_dynamic_snr,2.9692,0.9592
92,v2,v20,20.0,20.88,40.0,0.6,0.1044,0.8,16.6615,True,all_dynamic_snr,2.9519,0.9566
92,v2,v1,20.0,140.03,10.0,0.6,0.7002,0.2,15.4065,True,all_dynamic_snr,2.9469,0.9572
92,v2,v19,20.0,180.02,80.0,0.6,0.9001,1.6,14.5351,True,all_dynamic_snr,2.94,0.9607
92,v3,v10,20.0,3.0,90.0,0.6,0.015,1.8,18.0458,True,all_dynamic_snr,2.9574,0.9617
92,v3,v9,20.0,30.59,100.0,0.6,0.153,2.0,15.9873,True,all_dynamic_snr,2.9487,0.9617
92,v3,v4,20.0,40.11,10.0,0.6,0.2006,0.2,16.4924,False,all_dynamic_snr,2.9522,0.9568
92,v3,v11,20.0,50.0,30.0,0.6,0.25,0.6,16.0,True,all_dynamic_snr,2.9494,0.9602
92,v3,v7,20.0,60.0,10.0,0.6,0.3,0.2,16.1427,True,all_dynamic_snr,2.9504,0.9582
92,v4,v7,40.0,20.22,0.0,1.0,0.1011,0.0,37.3883,False,all_dynamic_snr,2.9692,0.9582
92,v4,v3,40.0,40.11,10.0,1.0,0.2006,0.2,36.4924,False,all_dynamic_snr,2.9691,0.9592
92,v4,v10,40.0,40.45,80.0,1.0,0.2022,1.6,35.832,True,all_dynamic_snr,2.969,0.9582
92,v4,v9,40.0,70.58,90.0,1.0,0.3529,1.8,35.3027,True,all_dynamic_snr,2.9689,0.9592
92,v4,v11,40.0,90.05,20.0,1.0,0.4502,0.4,35.6139,False,all_dynamic_snr,2.9688,0.9602
93,v1,v6,40.0,80.06,20.0,1.0,0.4003,0.4,35.7161,False,all_dynamic_snr,2.9685,0.9572
93,v1,v19,40.0,110.16,100.0,1.0,0.5508,2.0,34.8745,True,all_dynamic_snr,2.9683,0.9572
93,v1,v20,40.0,130.31,80.0,1.0,0.6516,1.6,34.8158,True,all_dynamic_snr,2.9692,0.9572
93,v1,v5,40.0,150.0,30.0,1.0,0.75,0.6,35.0458,True,all_dynamic_snr,2.9687,0.9592
93,v1,v2,40.0,150.03,40.0,1.0,0.7501,0.8,34.9487,True,all_dynamic_snr,2.9689,0.9592
93,v2,v20,20.0,20.88,40.0,0.6,0.1044,0.8,16.6615,True,all_dynamic_snr,2.9511,0.9539
93,v2,v1,20.0,150.03,40.0,0.6,0.7501,0.8,14.9487,True,all_dynamic_snr,2.9419,0.9553
93,v3,v4,20.0,30.15,20.0,0.6,0.1507,0.4,16.5643,True,all_dynamic_snr,2.953,0.9559
93,v3,v7,20.0,50.0,10.0,0.6,0.25,0.2,16.301,False,all_dynamic_snr,2.9494,0.9518
93,v3,v17,20.0,60.3,40.0,0.6,0.3015,0.8,15.7404,True,all_dynamic_snr,2.9475,0.9572
93,v3,v11,20.0,80.0,20.0,0.6,0.4,0.4,15.7167,True,all_dynamic_snr,2.9486,0.9578
93,v3,v10,20.0,90.05,70.0,0.6,0.4502,1.4,15.1879,True,all_dynamic_snr,2.9466,0.9557
93,v4,v7,40.0,20.22,30.0,1.0,0.1011,0.6,36.7862,False,all_dynamic_snr,2.969,0.9592
93,v4,v3,40.0,30.15,20.0,1.0,0.1507,0.4,36.5643,False,all_dynamic_snr,2.9689,0.9582
93,v4,v17,40.0,31.32,20.0,1.0,0.1566,0.4,36.5312,False,all_dynamic_snr,2.9684,0.9592
93,v4,v18,40.0,90.2,50.0,1.0,0.451,1.0,35.3114,True,all_dynamic_snr,2.9686,0.9592
93,v4,v11,40.0,110.04,0.0,1.0,0.5502,0.0,35.9169,False,all_dynamic_snr,2.9691,0.9582
94,v1,v20,40.0,50.8,30.0,1.0,0.254,0.6,35.9862,False,all_dynamic_snr,2.9689,0.9592
94,v1,v6,40.0,100.04,10.0,1.0,0.5002,0.2,35.6986,False,all_dynamic_snr,2.9691,0.9582
94,v1,v2,40.0,110.04,20.0,1.0,0.5502,0.4,35.4398,False,all_dynamic_snr,2.9696,0.9602
94,v1,v13,40.0,170.0,10.0,1.0,0.85,0.2,35.2381,True,all_dynamic_snr,2.9687,0.9602
94,v1,v5,40.0,180.0,0.0,1.0,0.9,0.0,35.4895,True,all_dynamic_snr,2.9686,0.9592
94,v2,v20,20.0,60.3,50.0,0.6,0.3015,1.0,15.6612,True,all_dynamic_snr,2.9483,0.9602
94,v2,v1,20.0,110.04,20.0,0.6,0.5502,0.4,15.4398,True,all_dynamic_snr,2.9494,0.9578
94,v3,v4,20.0,10.44,20.0,0.6,0.0522,0.4,17.4855,True,all_dynamic_snr,2.9555,0.9588
94,v3,v17,20.0,20.88,50.0,0.6,0.1044,1.0,16.5824,True,all_dynamic_snr,2.9518,0.9598
94,v3,v18,20.0,50.09,60.0,0.6,0.2504,1.2,15.7554,True,all_dynamic_snr,2.9476,0.9582
94,v3,v7,20.0,60.0,20.0,0.6,0.3,0.4,15.9666,True,all_dynamic_snr,2.95,0.9602
94,v3,v11,20.0,100.0,10.0,0.6,0.5,0.2,15.699,True,all_dynamic_snr,2.9484,0.9553
94,v4,v3,40.0,10.44,20.0,1.0,0.0522,0.4,37.4855,False,all_dynamic_snr,2.9689,0.9582
94,v4,v17,40.0,13.45,70.0,1.0,0.0673,1.4,36.8392,True,all_dynamic_snr,2.9693,0.9582
94,v4,v18,40.0,40.45,80.0,1.0,0.2022,1.6,35.832,True,all_dynamic_snr,2.9689,0.9582
94,v4,v7,40.0,50.09,0.0,1.0,0.2504,0.0,36.6005,False,all_dynamic_snr,2.9691,0.9572
94,v4,v11,40.0,110.04,10.0,1.0,0.5502,0.2,35.6159,False,all_dynamic_snr,2.9685,0.9592
95,v1,v20,40.0,21.93,20.0,1.0,0.1097,0.4,36.8407,False,all_dynamic_snr,2.969,0.9611
95,v1,v6,40.0,110.04,40.0,1.0,0.5502,0.8,35.2179,True,all_dynamic_snr,2.9684,0.9592
95,v1,v2,40.0,130.03,20.0,1.0,0.6502,0.4,35.2948,True,all_dynamic_snr,2.9688,0.9582
95,v1,v13,40.0,160.0,0.0,1.0,0.8,0.0,35.5918,True,all_dynamic_snr,2.9687,0.9592
95,v1,v5,40.0,180.0,40.0,1.0,0.9,0.8,34.7905,True,all_dynamic_snr,2.9689,0.9582
95,v2,v20,20.0,110.16,40.0,0.6,0.5508,0.8,15.217,True,all_dynamic_snr,2.9461,0.9572
95,v2,v1,20.0,130.03,20.0,0.6,0.6502,0.4,15.2948,True,all_dynamic_snr,2.9464,0.9543
95,v3,v18,20.0,10.44,60.0,0.6,0.0522,1.2,17.1175,True,all_dynamic_snr,2.9553,0.9563
95,v3,v4,20.0,30.15,0.0,0.6,0.1507,0.0,17.0414,False,all_dynamic_snr,2.9548,0.9602
95,v3,v17,20.0,30.59,70.0,0.6,0.153,1.4,16.1256,True,all_dynamic_snr,2.9488,0.9563
95,v3,v7,20.0,80.0,30.0,0.6,0.4,0.6,15.5918,True,all_dynamic_snr,2.9474,0.9572
95,v3,v11,20.0,90.0,0.0,0.6,0.45,0.0,16.0915,True,all_dynamic_snr,2.9498,0.9559
95,v4,v3,40.0,30.15,0.0,1.0,0.1507,0.0,37.0414,False,all_dynamic_snr,2.9691,0.9592
95,v4,v18,40.0,40.45,60.0,1.0,0.2022,1.2,35.9411,True,all_dynamic_snr,2.9689,0.9592
95,v4,v7,40.0,50.09,30.0,1.0,0.2504,0.6,35.9984,False,all_dynamic_snr,2.9685,0.9592
95,v4,v17,40.0,60.67,70.0,1.0,0.3034,1.4,35.5309,True,all_dynamic_snr,2.9688,0.9592
95,v4,v11,40.0,120.04,0.0,1.0,0.6002,0.0,35.8414,False,all_dynamic_snr,2.969,0.9592
96,v1,v20,40.0,9.0,70.0,1.0,0.045,1.4,37.1884,True,all_dynamic_snr,2.9694,0.9582
96,v1,v6,40.0,70.06,10.0,1.0,0.3503,0.2,36.008,False,all_dynamic_snr,2.9689,0.9592
96,v1,v5,40.0,140.0,10.0,1.0,0.7,0.2,35.4067,False,all_dynamic_snr,2.9691,0.9582
96,v1,v2,40.0,150.03,10.0,1.0,0.7501,0.2,35.3466,False,all_dynamic_snr,2.9686,0.9572
96,v1,v13,40.0,160.0,10.0,1.0,0.8,0.2,35.2907,True,all_dynamic_snr,2.9692,0.9592
96,v2,v1,20.0,150.03,10.0,0.6,0.7501,0.2,15.3466,True,all_dynamic_snr,2.9459,0.9563
96,v2,v20,20.0,150.12,80.0,0.6,0.7506,1.6,14.6929,True,all_dynamic_snr,2.9438,0.968
96,v3,v4,20.0,30.15,40.0,0.6,0.1507,0.8,16.3425,True,all_dynamic_snr,2.9524,0.9596
96,v3,v18,20.0,70.06,60.0,0.6,0.3503,1.2,15.4639,True,all_dynamic_snr,2.9469,0.9553
96,v3,v11,20.0,90.0,40.0,0.6,0.45,0.8,15.3925,True,all_dynamic_snr,2.9474,0.9598
96,v3,v17,20.0,100.18,70.0,0.6,0.5009,1.4,15.0953,True,all_dynamic_snr,2.9468,0.9582
96,v3,v7,20.0,110.0,30.0,0.6,0.55,0.6,15.3152,True,all_dynamic_snr,2.9464,0.9582
96,v4,v3,40.0,30.15,40.0,1.0,0.1507,0.8,36.3425,True,all_dynamic_snr,2.9687,0.9592
96,v4,v7,40.0,80.06,10.0,1.0,0.4003,0.2,35.8922,False,all_dynamic_snr,2.9689,0.9572
96,v4,v18,40.0,100.18,20.0,1.0,0.5009,0.4,35.5213,False,all_dynamic_snr,2.9689,0.9592
96,v4,v11,40.0,120.04,0.0,1.0,0.6002,0.0,35.8414,False,all_dynamic_snr,2.9692,0.9592
96,v4,v17,40.0,130.31,30.0,1.0,0.6516,0.6,35.168,True,all_dynamic_snr,2.9689,0.9582
97,v1,v6,40.0,60.07,40.0,1.0,0.3004,0.8,35.7436,True,all_dynamic_snr,2.969,0.9582
97,v1,v20,40.0,70.58,60.0,1.0,0.3529,1.2,35.4576,True,all_dynamic_snr,2.9685,0.9592
97,v1,v5,40.0,130.0,40.0,1.0,0.65,0.8,35.0731,True,all_dynamic_snr,2.9687,0.9592
97,v1,v2,40.0,160.03,40.0,1.0,0.8001,0.8,34.8926,True,all_dynamic_snr,2.9691,0.9602
97,v1,v13,40.0,170.0,20.0,1.0,0.85,0.4,35.062,True,all_dynamic_snr,2.969,0.9602
97,v2,v1,20.0,160.03,40.0,0.6,0.8001,0.8,14.8926,True,all_dynamic_snr,2.945,0.9592
97,v3,v4,20.0,10.44,0.0,0.6,0.0522,0.0,17.9626,False,all_dynamic_snr,2.9566,0.9572
97,v3,v7,20.0,80.0,40.0,0.6,0.4,0.8,15.4949,True,all_dynamic_snr,2.9473,0.9572
97,v3,v15,20.0,120.0,20.0,0.6,0.6,0.4,15.3645,True,all_dynamic_snr,2.9477,0.9563
97,v3,v11,20.0,130.0,10.0,0.6,0.65,0.2,15.4711,True,all_dynamic_snr,2.9462,0.9523
97,v3,v18,20.0,130.03,70.0,0.6,0.6502,1.4,14.8688,True,all_dynamic_snr,2.9411,0.9582
97,v4,v3,40.0,10.44,0.0,1.0,0.0522,0.0,37.9626,False,all_dynamic_snr,2.9691,0.9582
97,v4,v7,40.0,90.05,40.0,1.0,0.4502,0.8,35.3921,True,all_dynamic_snr,2.9687,0.9611
97,v4,v15,40.0,110.04,20.0,1.0,0.5502,0.4,35.4398,False,all_dynamic_snr,2.9686,0.9602
97,v4,v11,40.0,120.04,10.0,1.0,0.6002,0.2,35.5403,False,all_dynamic_snr,2.9688,0.9572
97,v4,v18,40.0,120.15,70.0,1.0,0.6007,1.4,34.9375,True,all_dynamic_snr,2.9689,0.9592
98,v1,v6,40.0,20.22,0.0,1.0,0.1011,0.0,37.3883,False,all_dynamic_snr,2.9689,0.9592
98,v1,v5,40.0,90.0,20.0,1.0,0.45,0.4,35.6144,False,all_dynamic_snr,2.9692,0.9582
98,v1,v20,40.0,130.31,60.0,1.0,0.6516,1.2,34.9249,True,all_dynamic_snr,2.9688,0.9572
98,v1,v13,40.0,150.0,10.0,1.0,0.75,0.2,35.3468,False,all_dynamic_snr,2.9687,0.9572
98,v3,v4,20.0,10.44,20.0,0.6,0.0522,0.4,17.4855,True,all_dynamic_snr,2.9564,0.9656
98,v3,v7,20.0,40.0,10.0,0.6,0.2,0.2,16.4949,False,all_dynamic_snr,2.9504,0.9611
98,v3,v11,20.0,140.0,10.0,0.6,0.7,0.2,15.4067,True,all_dynamic_snr,2.9461,0.9572
98,v3,v15,20.0,140.0,20.0,0.6,0.7,0.4,15.2306,True,all_dynamic_snr,2.9451,0.9607
98,v3,v8,20.0,150.03,30.0,0.6,0.7501,0.6,15.0456,True,all_dynamic_snr,2.9419,0.9504
98,v4,v3,40.0,10.44,20.0,1.0,0.0522,0.4,37.4855,False,all_dynamic_snr,2.9686,0.9602
98,v4,v7,40.0,50.09,10.0,1.0,0.2504,0.2,36.2995,False,all_dynamic_snr,2.9695,0.9602
98,v4,v11,40.0,130.03,10.0,1.0,0.6502,0.2,35.4709,False,all_dynamic_snr,2.9687,0.9602
98,v4,v15,40.0,130.03,0.0,1.0,0.6502,0.0,35.7719,False,all_dynamic_snr,2.9684,0.9582
98,v4,v8,40.0,140.0,10.0,1.0,0.7,0.2,35.4067,False,all_dynamic_snr,2.9689,0.9582
99,v1,v6,40.0,20.22,0.0,1.0,0.1011,0.0,37.3883,False,all_dynamic_snr,2.9691,0.9602
99,v1,v5,40.0,70.0,10.0,1.0,0.35,0.2,36.0088,False,all_dynamic_snr,2.9688,0.9592
99,v1,v13,40.0,140.0,0.0,1.0,0.7,0.0,35.7077,False,all_dynamic_snr,2.9688,0.9582
99,v1,v2,40.0,190.02,20.0,1.0,0.9501,0.4,34.9653,True,all_dynamic_snr,2.9687,0.9592
99,v1,v20,40.0,190.21,60.0,1.0,0.9511,1.2,34.5964,True,all_dynamic_snr,2.9685,0.9582
99,v2,v1,20.0,190.02,20.0,0.6,0.9501,0.4,14.9653,True,all_dynamic_snr,2.9411,0.9602
99,v3,v4,20.0,10.44,10.0,0.6,0.0522,0.2,17.6615,False,all_dynamic_snr,2.9546,0.9553
99,v3,v7,20.0,50.0,30.0,0.6,0.25,0.6,16.0,True,all_dynamic_snr,2.9488,0.9523
99,v3,v15,20.0,120.0,10.0,0.6,0.6,0.2,15.5406,True,all_dynamic_snr,2.9463,0.9559
99,v3,v8,20.0,120.04,20.0,0.6,0.6002,0.4,15.3642,True,all_dynamic_snr,2.9464,0.9572
99,v3,v11,20.0,130.0,30.0,0.6,0.65,0.6,15.1701,True,all_dynamic_snr,2.9458,0.9666
99,v4,v3,40.0,10.44,10.0,1.0,0.0522,0.2,37.6615,False,all_dynamic_snr,2.969,0.9592
99,v4,v7,40.0,40.11,40.0,1.0,0.2006,0.8,36.0945,True,all_dynamic_snr,2.9689,0.9592
99,v4,v8,40.0,130.0,30.0,1.0,0.65,0.6,35.1701,True,all_dynamic_snr,2.9689,0.9582
99,v4,v15,40.0,130.03,20.0,1.0,0.6502,0.4,35.2948,True,all_dynamic_snr,2.9692,0.9592
99,v4,v11,40.0,140.03,40.0,1.0,0.7002,0.8,35.0086,True,all_dynamic_snr,2.9695,0.9602
100,v1,v6,40.0,20.22,10.0,1.0,0.1011,0.2,37.0872,False,all_dynamic_snr,2.9688,0.9592
100,v1,v5,40.0,60.0,30.0,1.0,0.3,0.6,35.8416,False,all_dynamic_snr,2.969,0.9592
100,v1,v13,40.0,140.0,30.0,1.0,0.7,0.6,35.1057,True,all_dynamic_snr,2.9688,0.9592
100,v3,v7,20.0,20.0,30.0,0.6,0.1,0.6,16.7959,True,all_dynamic_snr,2.9535,0.9563
100,v3,v4,20.0,20.22,10.0,0.6,0.1011,0.2,17.0872,False,all_dynamic_snr,2.9537,0.9621
100,v3,v15,20.0,130.0,10.0,0.6,0.65,0.2,15.4711,True,all_dynamic_snr,2.9466,0.9559
100,v3,v8,20.0,140.03,0.0,0.6,0.7002,0.0,15.7075,True,all_dynamic_snr,2.9488,0.9592
100,v3,v11,20.0,160.0,10.0,0.6,0.8,0.2,15.2907,True,all_dynamic_snr,2.946,0.9549
100,v4,v7,40.0,3.0,20.0,1.0,0.015,0.4,38.5686,False,all_dynamic_snr,2.9689,0.9592
100,v4,v3,40.0,20.22,10.0,1.0,0.1011,0.2,37.0872,False,all_dynamic_snr,2.9692,0.9602
100,v4,v15,40.0,150.03,0.0,1.0,0.7501,0.0,35.6476,False,all_dynamic_snr,2.9687,0.9572
100,v4,v8,40.0,160.0,10.0,1.0,0.8,0.2,35.2907,True,all_dynamic_snr,2.9689,0.9602
100,v4,v11,40.0,180.02,20.0,1.0,0.9001,0.4,35.0122,True,all_dynamic_snr,2.969,0.9572
101,v1,v6,40.0,10.44,10.0,1.0,0.0522,0.2,37.6615,False,all_dynamic_snr,2.969,0.9582
101,v1,v5,40.0,30.0,0.0,1.0,0.15,0.0,37.0458,False,all_dynamic_snr,2.9687,0.9572
101,v1,v13,40.0,110.0,30.0,1.0,0.55,0.6,35.3152,True,all_dynamic_snr,2.9689,0.9602
101,v3,v7,20.0,10.0,0.0,0.6,0.05,0.0,18.0,False,all_dynamic_snr,2.9569,0.9617
101,v3,v4,20.0,10.44,20.0,0.6,0.0522,0.4,17.4855,True,all_dynamic_snr,2.9554,0.9572
101,v3,v15,20.0,140.0,0.0,0.6,0.7,0.0,15.7077,True,all_dynamic_snr,2.9475,0.9592
101,v3,v8,20.0,140.03,30.0,0.6,0.7002,0.6,15.1055,True,all_dynamic_snr,2.9455,0.9563
101,v3,v11,20.0,150.0,0.0,0.6,0.75,0.0,15.6478,True,all_dynamic_snr,2.9477,0.9563
101,v4,v3,40.0,10.44,20.0,1.0,0.0522,0.4,37.4855,False,all_dynamic_snr,2.9688,0.9582
101,v4,v7,40.0,20.22,20.0,1.0,0.1011,0.4,36.9112,False,all_dynamic_snr,2.9691,0.9592
101,v4,v8,40.0,150.0,10.0,1.0,0.75,0.2,35.3468,False,all_dynamic_snr,2.9686,0.9592
101,v4,v15,40.0,150.03,20.0,1.0,0.7501,0.4,35.1705,True,all_dynamic_snr,2.9688,0.9582
101,v4,v11,40.0,160.03,20.0,1.0,0.8001,0.4,35.1145,True,all_dynamic_snr,2.9686,0.9592
102,v1,v6,40.0,20.22,30.0,1.0,0.1011,0.6,36.7862,False,all_dynamic_snr,2.9687,0.9582
102,v1,v5,40.0,30.0,40.0,1.0,0.15,0.8,36.3468,True,all_dynamic_snr,2.9691,0.9592
102,v1,v13,40.0,140.0,30.0,1.0,0.7,0.6,35.1057,True,all_dynamic_snr,2.9687,0.9592
102,v3,v7,20.0,10.0,20.0,0.6,0.05,0.4,17.5229,True,all_dynamic_snr,2.957,0.9611
102,v3,v4,20.0,10.44,10.0,0.6,0.0522,0.2,17.6615,False,all_dynamic_snr,2.9563,0.9572
102,v3,v15,20.0,140.0,20.0,0.6,0.7,0.4,15.2306,True,all_dynamic_snr,2.9449,0.9549
102,v3,v11,20.0,150.0,0.0,0.6,0.75,0.0,15.6478,True,all_dynamic_snr,2.9486,0.9582
102,v3,v8,20.0,170.03,20.0,0.6,0.8501,0.4,15.0618,True,all_dynamic_snr,2.9445,0.9563
102,v4,v7,40.0,3.0,10.0,1.0,0.015,0.2,38.7447,False,all_dynamic_snr,2.9693,0.9592
102,v4,v3,40.0,10.44,10.0,1.0,0.0522,0.2,37.6615,False,all_dynamic_snr,2.9692,0.9602
102,v4,v15,40.0,130.03,10.0,1.0,0.6502,0.2,35.4709,False,all_dynamic_snr,2.9689,0.9602
102,v4,v11,40.0,140.03,10.0,1.0,0.7002,0.2,35.4065,False,all_dynamic_snr,2.9689,0.9582
102,v4,v8,40.0,160.0,10.0,1.0,0.8,0.2,35.2907,True,all_dynamic_snr,2.9688,0.9572
103,v1,v6,40.0,50.09,30.0,1.0,0.2504,0.6,35.9984,False,all_dynamic_snr,2.969,0.9592
103,v1,v5,40.0,70.0,20.0,1.0,0.35,0.4,35.8327,False,all_dynamic_snr,2.9691,0.9592
103,v1,v13,40.0,170.0,0.0,1.0,0.85,0.0,35.5391,True,all_dynamic_snr,2.9689,0.9582
103,v3,v4,20.0,3.0,10.0,0.6,0.015,0.2,18.7447,False,all_dynamic_snr,2.9568,0.9617
103,v3,v7,20.0,10.0,30.0,0.6,0.05,0.6,17.3979,True,all_dynamic_snr,2.9557,0.9553
103,v3,v15,20.0,120.0,10.0,0.6,0.6,0.2,15.5406,True,all_dynamic_snr,2.9466,0.9553
103,v3,v11,20.0,150.0,10.0,0.6,0.75,0.2,15.3468,True,all_dynamic_snr,2.9459,0.9652
103,v3,v8,20.0,150.03,30.0,0.6,0.7501,0.6,15.0456,True,all_dynamic_snr,2.9456,0.9578
103,v4,v3,40.0,3.0,10.0,1.0,0.015,0.2,38.7447,False,all_dynamic_snr,2.9686,0.9602
103,v4,v7,40.0,10.44,20.0,1.0,0.0522,0.4,37.4855,False,all_dynamic_snr,2.969,0.9592
103,v4,v15,40.0,120.04,0.0,1.0,0.6002,0.0,35.8414,False,all_dynamic_snr,2.969,0.9592
103,v4,v8,40.0,150.0,20.0,1.0,0.75,0.4,35.1707,True,all_dynamic_snr,2.9691,0.9582
103,v4,v11,40.0,150.03,20.0,1.0,0.7501,0.4,35.1705,True,all_dynamic_snr,2.9689,0.9572
104,v1,v6,40.0,80.06,0.0,1.0,0.4003,0.0,36.1932,False,all_dynamic_snr,2.9686,0.9602
104,v1,v5,40.0,90.0,30.0,1.0,0.45,0.6,35.4895,False,all_dynamic_snr,2.9693,0.9602
104,v1,v13,40.0,170.0,10.0,1.0,0.85,0.2,35.2381,True,all_dynamic_snr,2.9689,0.9602
104,v3,v4,20.0,10.44,10.0,0.6,0.0522,0.2,17.6615,False,all_dynamic_snr,2.9557,0.9578
104,v3,v7,20.0,20.0,10.0,0.6,0.1,0.2,17.0969,False,all_dynamic_snr,2.9533,0.9598
104,v3,v15,20.0,130.0,20.0,0.6,0.65,0.4,15.295,True,all_dynamic_snr,2.9465,0.9543
104,v3,v11,20.0,140.0,20.0,0.6,0.7,0.4,15.2306,True,all_dynamic_snr,2.9459,0.9563
104,v3,v8,20.0,180.02,30.0,0.6,0.9001,0.6,14.8873,True,all_dynamic_snr,2.9434,0.9514
104,v4,v3,40.0,10.44,10.0,1.0,0.0522,0.2,37.6615,False,all_dynamic_snr,2.9691,0.9592
104,v4,v7,40.0,10.44,0.0,1.0,0.0522,0.0,37.9626,False,all_dynamic_snr,2.9687,0.9582
104,v4,v15,40.0,120.04,10.0,1.0,0.6002,0.2,35.5403,False,all_dynamic_snr,2.9691,0.9602
104,v4,v11,40.0,130.03,10.0,1.0,0.6502,0.2,35.4709,False,all_dynamic_snr,2.9689,0.9592
104,v4,v8,40.0,170.0,20.0,1.0,0.85,0.4,35.062,True,all_dynamic_snr,2.9691,0.9592
105,v1,v6,40.0,80.06,20.0,1.0,0.4003,0.4,35.7161,False,all_dynamic_snr,2.9688,0.9592
105,v1,v5,40.0,120.0,0.0,1.0,0.6,0.0,35.8416,False,all_dynamic_snr,2.9685,0.9592
105,v1,v13,40.0,160.0,30.0,1.0,0.8,0.6,34.9897,True,all_dynamic_snr,2.9691,0.9592
105,v1,v2,40.0,190.02,10.0,1.0,0.9501,0.2,35.1414,True,all_dynamic_snr,2.9688,0.9592
105,v2,v1,20.0,190.02,10.0,0.6,0.9501,0.2,15.1414,True,all_dynamic_snr,2.947,0.9568
105,v3,v4,20.0,3.0,0.0,0.6,0.015,0.0,19.0458,False,all_dynamic_snr,2.9606,0.9621
105,v3,v7,20.0,10.0,10.0,0.6,0.05,0.2,17.699,False,all_dynamic_snr,2.9539,0.9592
105,v3,v15,20.0,110.0,30.0,0.6,0.55,0.6,15.3152,True,all_dynamic_snr,2.9472,0.9549
105,v3,v11,20.0,120.0,10.0,0.6,0.6,0.2,15.5406,True,all_dynamic_snr,2.9462,0.9559
105,v3,v8,20.0,150.03,10.0,0.6,0.7501,0.2,15.3466,True,all_dynamic_snr,2.9482,0.9572
105,v4,v3,40.0,3.0,0.0,1.0,0.015,0.0,39.0458,False,all_dynamic_snr,2.9687,0.9592
105,v4,v7,40.0,10.44,10.0,1.0,0.0522,0.2,37.6615,False,all_dynamic_snr,2.9693,0.9592
105,v4,v15,40.0,110.04,30.0,1.0,0.5502,0.6,35.3148,True,all_dynamic_snr,2.9689,0.9582
105,v4,v11,40.0,120.04,10.0,1.0,0.6002,0.2,35.5403,False,all_dynamic_snr,2.9688,0.9602
105,v4,v8,40.0,150.0,10.0,1.0,0.75,0.2,35.3468,False,all_dynamic_snr,2.9684,0.9582
106,v1,v6,40.0,60.07,30.0,1.0,0.3004,0.6,35.8406,False,all_dynamic_snr,2.9688,0.9592
106,v1,v5,40.0,120.0,40.0,1.0,0.6,0.8,35.1427,True,all_dynamic_snr,2.9686,0.9582
106,v1,v13,40.0,130.0,30.0,1.0,0.65,0.6,35.1701,True,all_dynamic_snr,2.9691,0.9602
106,v1,v2,40.0,180.02,10.0,1.0,0.9001,0.2,35.1883,True,all_dynamic_snr,2.9685,0.9582
106,v2,v1,20.0,180.02,10.0,0.6,0.9001,0.2,15.1883,True,all_dynamic_snr,2.9466,0.9592
106,v3,v4,20.0,3.0,10.0,0.6,0.015,0.2,18.7447,False,all_dynamic_snr,2.9595,0.9598
106,v3,v7,20.0,20.0,10.0,0.6,0.1,0.2,17.0969,False,all_dynamic_snr,2.9551,0.9637
106,v3,v15,20.0,80.0,10.0,0.6,0.4,0.2,15.8928,True,all_dynamic_snr,2.9472,0.9566
106,v3,v11,20.0,110.0,10.0,0.6,0.55,0.2,15.6162,True,all_dynamic_snr,2.9466,0.9553
106,v3,v8,20.0,140.03,30.0,0.6,0.7002,0.6,15.1055,True,all_dynamic_snr,2.9444,0.9563
106,v4,v3,40.0,3.0,10.0,1.0,0.015,0.2,38.7447,False,all_dynamic_snr,2.9691,0.9572
106,v4,v7,40.0,20.22,20.0,1.0,0.1011,0.4,36.9112,False,all_dynamic_snr,2.9692,0.9582
106,v4,v15,40.0,80.06,0.0,1.0,0.4003,0.0,36.1932,False,all_dynamic_snr,2.9689,0.9582
106,v4,v11,40.0,110.04,0.0,1.0,0.5502,0.0,35.9169,False,all_dynamic_snr,2.9687,0.9592
106,v4,v8,40.0,140.0,40.0,1.0,0.7,0.8,35.0088,True,all_dynamic_snr,2.9683,0.9582
107,v1,v6,40.0,90.05,10.0,1.0,0.4502,0.2,35.79,False,all_dynamic_snr,2.9689,0.9592
107,v1,v5,40.0,160.0,10.0,1.0,0.8,0.2,35.2907,True,all_dynamic_snr,2.9687,0.9592
107,v1,v13,40.0,160.0,20.0,1.0,0.8,0.4,35.1146,True,all_dynamic_snr,2.9692,0.9602
107,v1,v2,40.0,170.03,40.0,1.0,0.8501,0.8,34.84,True,all_dynamic_snr,2.969,0.9602
107,v2,v1,20.0,170.03,40.0,0.6,0.8501,0.8,14.84,True,all_dynamic_snr,2.9432,0.9555
107,v3,v4,20.0,10.44,10.0,0.6,0.0522,0.2,17.6615,False,all_dynamic_snr,2.9568,0.9588
107,v3,v7,20.0,30.0,10.0,0.6,0.15,0.2,16.7447,False,all_dynamic_snr,2.9523,0.9617
107,v3,v15,20.0,70.0,30.0,0.6,0.35,0.6,15.7077,True,all_dynamic_snr,2.9459,0.9568
107,v3,v11,20.0,100.0,10.0,0.6,0.5,0.2,15.699,True,all_dynamic_snr,2.9482,0.9607
107,v3,v8,20.0,170.03,0.0,0.6,0.8501,0.0,15.539,True,all_dynamic_snr,2.9486,0.9611
107,v4,v3,40.0,10.44,10.0,1.0,0.0522,0.2,37.6615,False,all_dynamic_snr,2.9692,0.9592
107,v4,v7,40.0,40.11,0.0,1.0,0.2006,0.0,36.7934,False,all_dynamic_snr,2.9689,0.9582
107,v4,v15,40.0,80.06,20.0,1.0,0.4003,0.4,35.7161,False,all_dynamic_snr,2.9692,0.9582
107,v4,v11,40.0,110.04,0.0,1.0,0.5502,0.0,35.9169,False,all_dynamic_snr,2.9687,0.9592
107,v4,v8,40.0,180.0,10.0,1.0,0.9,0.2,35.1884,True,all_dynamic_snr,2.9688,0.9582
108,v1,v6,40.0,80.06,10.0,1.0,0.4003,0.2,35.8922,False,all_dynamic_snr,2.9687,0.9582
108,v1,v13,40.0,140.0,0.0,1.0,0.7,0.0,35.7077,False,all_dynamic_snr,2.9692,0.9592
108,v1,v5,40.0,150.0,40.0,1.0,0.75,0.8,34.9488,True,all_dynamic_snr,2.9694,0.9582
108,v3,v7,20.0,20.0,0.0,0.6,0.1,0.0,17.3979,False,all_dynamic_snr,2.9545,0.9582
108,v3,v4,20.0,20.22,30.0,0.6,0.1011,0.6,16.7862,True,all_dynamic_snr,2.9527,0.9623
108,v3,v15,20.0,40.0,10.0,0.6,0.2,0.2,16.4949,False,all_dynamic_snr,2.9507,0.9564
108,v3,v11,20.0,90.0,30.0,0.6,0.45,0.6,15.4895,True,all_dynamic_snr,2.9489,0.9553
108,v3,v8,20.0,170.03,30.0,0.6,0.8501,0.6,14.9369,True,all_dynamic_snr,2.9422,0.9563
108,v4,v3,40.0,20.22,30.0,1.0,0.1011,0.6,36.7862,False,all_dynamic_snr,2.9689,0.9592
108,v4,v7,40.0,40.11,30.0,1.0,0.2006,0.6,36.1914,False,all_dynamic_snr,2.9687,0.9592
108,v4,v15,40.0,60.07,40.0,1.0,0.3004,0.8,35.7436,True,all_dynamic_snr,2.9692,0.9582
108,v4,v11,40.0,110.04,0.0,1.0,0.5502,0.0,35.9169,False,all_dynamic_snr,2.9691,0.9592
108,v4,v8,40.0,190.0,0.0,1.0,0.95,0.0,35.4425,True,all_dynamic_snr,2.9688,0.9592
109,v1,v6,40.0,70.06,20.0,1.0,0.3503,0.4,35.8319,False,all_dynamic_snr,2.9691,0.9592
109,v1,v5,40.0,110.0,20.0,1.0,0.55,0.4,35.4401,False,all_dynamic_snr,2.9695,0.9563
109,v1,v13,40.0,140.0,40.0,1.0,0.7,0.8,35.0088,True,all_dynamic_snr,2.9687,0.9611
109,v3,v7,20.0,20.0,0.0,0.6,0.1,0.0,17.3979,False,all_dynamic_snr,2.954,0.9568
109,v3,v15,20.0,50.0,0.0,0.6,0.25,0.0,16.6021,False,all_dynamic_snr,2.9524,0.9553
109,v3,v4,20.0,50.09,10.0,0.6,0.2504,0.2,16.2995,False,all_dynamic_snr,2.951,0.9582
109,v3,v11,20.0,60.0,0.0,0.6,0.3,0.0,16.4437,True,all_dynamic_snr,2.952,0.9643
109,v3,v8,20.0,140.03,20.0,0.6,0.7002,0.4,15.2304,True,all_dynamic_snr,2.9441,0.9563
109,v4,v3,40.0,50.09,10.0,1.0,0.2504,0.2,36.2995,False,all_dynamic_snr,2.9687,0.9592
109,v4,v7,40.0,70.06,10.0,1.0,0.3503,0.2,36.008,False,all_dynamic_snr,2.9691,0.9602
109,v4,v15,40.0,100.04,10.0,1.0,0.5002,0.2,35.6986,False,all_dynamic_snr,2.9689,0.9592
109,v4,v11,40.0,110.04,10.0,1.0,0.5502,0.2,35.6159,False,all_dynamic_snr,2.9687,0.9582
109,v4,v8,40.0,190.0,30.0,1.0,0.95,0.6,34.8404,True,all_dynamic_snr,2.969,0.9602
110,v1,v6,40.0,90.05,10.0,1.0,0.4502,0.2,35.79,False,all_dynamic_snr,2.9691,0.9582
110,v1,v5,40.0,130.0,20.0,1.0,0.65,0.4,35.295,True,all_dynamic_snr,2.9684,0.9592
110,v1,v13,40.0,180.0,30.0,1.0,0.9,0.6,34.8874,True,all_dynamic_snr,2.9691,0.9592
110,v3,v7,20.0,20.0,10.0,0.6,0.1,0.2,17.0969,False,all_dynamic_snr,2.9542,0.9533
110,v3,v15,20.0,50.0,20.0,0.6,0.25,0.4,16.1249,True,all_dynamic_snr,2.9495,0.9563
110,v3,v11,20.0,60.0,20.0,0.6,0.3,0.4,15.9666,True,all_dynamic_snr,2.9494,0.9543
110,v3,v4,20.0,60.07,0.0,0.6,0.3004,0.0,16.4426,True,all_dynamic_snr,2.9518,0.9598
110,v3,v8,20.0,160.03,0.0,0.6,0.8001,0.0,15.5916,True,all_dynamic_snr,2.9473,0.9578
110,v4,v3,40.0,60.07,0.0,1.0,0.3004,0.0,36.4426,False,all_dynamic_snr,2.9689,0.9592
110,v4,v7,40.0,80.06,10.0,1.0,0.4003,0.2,35.8922,False,all_dynamic_snr,2.9687,0.9592
110,v4,v15,40.0,110.04,20.0,1.0,0.5502,0.4,35.4398,False,all_dynamic_snr,2.9689,0.9582
110,v4,v11,40.0,120.04,20.0,1.0,0.6002,0.4,35.3642,False,all_dynamic_snr,2.9687,0.9602
111,v1,v6,40.0,100.04,10.0,1.0,0.5002,0.2,35.6986,False,all_dynamic_snr,2.9688,0.9592
111,v1,v5,40.0,150.0,30.0,1.0,0.75,0.6,35.0458,True,all_dynamic_snr,2.9688,0.9592
111,v1,v2,40.0,180.02,20.0,1.0,0.9001,0.4,35.0122,True,all_dynamic_snr,2.9688,0.9592
111,v2,v1,20.0,180.02,20.0,0.6,0.9001,0.4,15.0122,True,all_dynamic_snr,2.9446,0.9602
111,v3,v7,20.0,30.0,20.0,0.6,0.15,0.4,16.5686,True,all_dynamic_snr,2.9503,0.9637
111,v3,v4,20.0,60.07,10.0,0.6,0.3004,0.2,16.1416,True,all_dynamic_snr,2.9506,0.9602
111,v3,v15,20.0,70.0,0.0,0.6,0.35,0.0,16.3098,True,all_dynamic_snr,2.9496,0.9504
111,v3,v11,20.0,80.0,20.0,0.6,0.4,0.4,15.7167,True,all_dynamic_snr,2.9482,0.9553
111,v3,v8,20.0,160.03,10.0,0.6,0.8001,0.2,15.2906,True,all_dynamic_snr,2.945,0.9592
111,v4,v3,40.0,60.07,10.0,1.0,0.3004,0.2,36.1416,False,all_dynamic_snr,2.9686,0.9582
111,v4,v7,40.0,90.05,30.0,1.0,0.4502,0.6,35.489,True,all_dynamic_snr,2.9686,0.9602
111,v4,v15,40.0,130.03,10.0,1.0,0.6502,0.2,35.4709,False,all_dynamic_snr,2.9693,0.9582
111,v4,v11,40.0,140.03,30.0,1.0,0.7002,0.6,35.1055,True,all_dynamic_snr,2.9685,0.9572
112,v1,v6,40.0,90.05,10.0,1.0,0.4502,0.2,35.79,False,all_dynamic_snr,2.9689,0.9572
112,v1,v5,40.0,120.0,20.0,1.0,0.6,0.4,35.3645,False,all_dynamic_snr,2.9689,0.9602
112,v1,v13,40.0,180.0,0.0,1.0,0.9,0.0,35.4895,True,all_dynamic_snr,2.9691,0.9592
112,v3,v7,20.0,50.0,10.0,0.6,0.25,0.2,16.301,False,all_dynamic_snr,2.9508,0.9617
112,v3,v15,20.0,70.0,10.0,0.6,0.35,0.2,16.0088,True,all_dynamic_snr,2.9504,0.9602
112,v3,v4,20.0,70.06,20.0,0.6,0.3503,0.4,15.8319,True,all_dynamic_snr,2.9464,0.9578
112,v3,v11,20.0,100.0,0.0,0.6,0.5,0.0,16.0,True,all_dynamic_snr,2.9489,0.9549
112,v3,v8,20.0,170.03,30.0,0.6,0.8501,0.6,14.9369,True,all_dynamic_snr,2.9428,0.9514
112,v4,v3,40.0,70.06,20.0,1.0,0.3503,0.4,35.8319,False,all_dynamic_snr,2.9687,0.9572
112,v4,v7,40.0,120.04,10.0,1.0,0.6002,0.2,35.5403,False,all_dynamic_snr,2.9687,0.9592
112,v4,v15,40.0,140.03,30.0,1.0,0.7002,0.6,35.1055,True,all_dynamic_snr,2.9691,0.9582
112,v4,v11,40.0,170.03,20.0,1.0,0.8501,0.4,35.0618,True,all_dynamic_snr,2.9689,0.9592
113,v1,v6,40.0,80.06,20.0,1.0,0.4003,0.4,35.7161,False,all_dynamic_snr,2.9684,0.9592
113,v1,v5,40.0,140.0,10.0,1.0,0.7,0.2,35.4067,False,all_dynamic_snr,2.9687,0.9592
113,v1,v13,40.0,180.0,20.0,1.0,0.9,0.4,35.0123,True,all_dynamic_snr,2.9681,0.9602
113,v3,v4,20.0,50.09,20.0,0.6,0.2504,0.4,16.1234,True,all_dynamic_snr,2.9484,0.9602
113,v3,v7,20.0,60.0,20.0,0.6,0.3,0.4,15.9666,True,all_dynamic_snr,2.95,0.9592
113,v3,v15,20.0,60.0,20.0,0.6,0.3,0.4,15.9666,True,all_dynamic_snr,2.9507,0.9523
113,v3,v11,20.0,100.0,20.0,0.6,0.5,0.4,15.5229,True,all_dynamic_snr,2.9466,0.9637
113,v4,v3,40.0,50.09,20.0,1.0,0.2504,0.4,36.1234,False,all_dynamic_snr,2.969,0.9582
113,v4,v7,40.0,110.04,40.0,1.0,0.5502,0.8,35.2179,True,all_dynamic_snr,2.9685,0.9592
113,v4,v15,40.0,110.04,40.0,1.0,0.5502,0.8,35.2179,True,all_dynamic_snr,2.969,0.9592
113,v4,v11,40.0,150.03,40.0,1.0,0.7501,0.8,34.9487,True,all_dynamic_snr,2.9696,0.9582
114,v1,v6,40.0,100.04,20.0,1.0,0.5002,0.4,35.5225,False,all_dynamic_snr,2.9687,0.9592
114,v1,v5,40.0,130.0,20.0,1.0,0.65,0.4,35.295,True,all_dynamic_snr,2.9689,0.9592
114,v1,v13,40.0,200.0,30.0,1.0,1.0,0.6,34.7959,True,all_dynamic_snr,2.9686,0.9602
114,v3,v4,20.0,30.15,30.0,0.6,0.1507,0.6,16.4394,True,all_dynamic_snr,2.9516,0.9607
114,v3,v7,20.0,40.0,40.0,0.6,0.2,0.8,16.0969,True,all_dynamic_snr,2.9507,0.9582
114,v3,v15,20.0,40.0,0.0,0.6,0.2,0.0,16.7959,False,all_dynamic_snr,2.9519,0.9553
114,v3,v11,20.0,80.0,40.0,0.6,0.4,0.8,15.4949,True,all_dynamic_snr,2.9485,0.9572
114,v3,v8,20.0,180.02,20.0,0.6,0.9001,0.4,15.0122,True,all_dynamic_snr,2.9437,0.965
114,v4,v3,40.0,30.15,30.0,1.0,0.1507,0.6,36.4394,False,all_dynamic_snr,2.9693,0.9602
114,v4,v7,40.0,70.06,10.0,1.0,0.3503,0.2,36.008,False,all_dynamic_snr,2.9687,0.9582
114,v4,v15,40.0,70.06,30.0,1.0,0.3503,0.6,35.7069,False,all_dynamic_snr,2.9685,0.9582
114,v4,v11,40.0,110.04,10.0,1.0,0.5502,0.2,35.6159,False,all_dynamic_snr,2.9693,0.9592
115,v1,v6,40.0,80.06,30.0,1.0,0.4003,0.6,35.5911,False,all_dynamic_snr,2.9692,0.9582
115,v1,v5,40.0,110.0,0.0,1.0,0.55,0.0,35.9172,False,all_dynamic_snr,2.9691,0.9592
115,v1,v13,40.0,170.0,20.0,1.0,0.85,0.4,35.062,True,all_dynamic_snr,2.9688,0.9592
115,v3,v7,20.0,0.0,10.0,0.6,0.0,0.2,21.699,False,all_dynamic_snr,2.9633,0.9533
115,v3,v11,20.0,40.0,20.0,0.6,0.2,0.4,16.3188,True,all_dynamic_snr,2.9505,0.9564
115,v3,v15,20.0,40.0,10.0,0.6,0.2,0.2,16.4949,False,all_dynamic_snr,2.9531,0.9559
115,v3,v4,20.0,60.07,30.0,0.6,0.3004,0.6,15.8406,True,all_dynamic_snr,2.9477,0.9563
115,v3,v8,20.0,160.03,30.0,0.6,0.8001,0.6,14.9895,True,all_dynamic_snr,2.9428,0.9549
115,v4,v3,40.0,60.07,30.0,1.0,0.3004,0.6,35.8406,False,all_dynamic_snr,2.9684,0.9592
115,v4,v7,40.0,60.07,20.0,1.0,0.3004,0.4,35.9655,False,all_dynamic_snr,2.9686,0.9592
115,v4,v11,40.0,100.04,10.0,1.0,0.5002,0.2,35.6986,False,all_dynamic_snr,2.9686,0.9592
115,v4,v15,40.0,100.04,20.0,1.0,0.5002,0.4,35.5225,False,all_dynamic_snr,2.9685,0.9592
116,v1,v5,40.0,110.0,0.0,1.0,0.55,0.0,35.9172,False,all_dynamic_snr,2.9686,0.9582
116,v1,v6,40.0,110.04,20.0,1.0,0.5502,0.4,35.4398,False,all_dynamic_snr,2.9686,0.9602
116,v1,v13,40.0,190.0,0.0,1.0,0.95,0.0,35.4425,True,all_dynamic_snr,2.969,0.9592
116,v3,v7,20.0,10.0,30.0,0.6,0.05,0.6,17.3979,True,all_dynamic_snr,2.9555,0.9572
116,v3,v11,20.0,20.0,40.0,0.6,0.1,0.8,16.699,True,all_dynamic_snr,2.9515,0.9621
116,v3,v15,20.0,30.0,40.0,0.6,0.15,0.8,16.3468,True,all_dynamic_snr,2.951,0.9572
116,v3,v4,20.0,90.05,20.0,0.6,0.4502,0.4,15.6139,True,all_dynamic_snr,2.9463,0.9514
116,v3,v8,20.0,130.03,40.0,0.6,0.6502,0.8,15.0729,True,all_dynamic_snr,2.9436,0.9588
116,v4,v7,40.0,80.06,10.0,1.0,0.4003,0.2,35.8922,False,all_dynamic_snr,2.9688,0.9592
116,v4,v3,40.0,90.05,20.0,1.0,0.4502,0.4,35.6139,False,all_dynamic_snr,2.9684,0.9592
116,v4,v11,40.0,110.04,20.0,1.0,0.5502,0.4,35.4398,False,all_dynamic_snr,2.9684,0.9602
116,v4,v15,40.0,120.04,20.0,1.0,0.6002,0.4,35.3642,False,all_dynamic_snr,2.9684,0.9582
117,v1,v5,40.0,110.0,30.0,1.0,0.55,0.6,35.3152,True,all_dynamic_snr,2.9685,0.9582
117,v1,v6,40.0,130.03,40.0,1.0,0.6502,0.8,35.0729,True,all_dynamic_snr,2.9687,0.9592
117,v1,v13,40.0,190.0,10.0,1.0,0.95,0.2,35.1415,True,all_dynamic_snr,2.9687,0.9582
117,v3,v15,20.0,10.0,0.0,0.6,0.05,0.0,18.0,False,all_dynamic_snr,2.9557,0.9543
117,v3,v11,20.0,20.0,0.0,0.6,0.1,0.0,17.3979,False,all_dynamic_snr,2.954,0.9637
117,v3,v7,20.0,40.0,10.0,0.6,0.2,0.2,16.4949,False,all_dynamic_snr,2.95,0.9592
117,v3,v8,20.0,90.05,30.0,0.6,0.4502,0.6,15.489,True,all_dynamic_snr,2.9456,0.9514
117,v3,v4,20.0,110.04,20.0,0.6,0.5502,0.4,15.4398,True,all_dynamic_snr,2.9451,0.9607
117,v4,v7,40.0,70.06,30.0,1.0,0.3503,0.6,35.7069,False,all_dynamic_snr,2.969,0.9592
117,v4,v11,40.0,90.05,20.0,1.0,0.4502,0.4,35.6139,False,all_dynamic_snr,2.9689,0.9592
117,v4,v15,40.0,100.04,20.0,1.0,0.5002,0.4,35.5225,False,all_dynamic_snr,2.9688,0.9572
117,v4,v3,40.0,110.04,20.0,1.0,0.5502,0.4,35.4398,False,all_dynamic_snr,2.969,0.9592
117,v4,v8,40.0,200.0,10.0,1.0,1.0,0.2,35.0969,True,all_dynamic_snr,2.9686,0.9582
118,v1,v5,40.0,140.0,40.0,1.0,0.7,0.8,35.0088,True,all_dynamic_snr,2.9682,0.9602
118,v1,v6,40.0,170.03,20.0,1.0,0.8501,0.4,35.0618,True,all_dynamic_snr,2.9688,0.9592
118,v1,v13,40.0,200.0,40.0,1.0,1.0,0.8,34.699,True,all_dynamic_snr,2.9691,0.9572
118,v3,v15,20.0,10.0,0.0,0.6,0.05,0.0,18.0,False,all_dynamic_snr,2.9571,0.9598
118,v3,v11,20.0,20.0,30.0,0.6,0.1,0.6,16.7959,True,all_dynamic_snr,2.9559,0.9607
118,v3,v7,20.0,50.0,10.0,0.6,0.25,0.2,16.301,False,all_dynamic_snr,2.9513,0.9588
118,v3,v4,20.0,90.05,30.0,0.6,0.4502,0.6,15.489,True,all_dynamic_snr,2.945,0.9598
118,v3,v8,20.0,120.04,0.0,0.6,0.6002,0.0,15.8414,True,all_dynamic_snr,2.9485,0.9572
118,v4,v7,40.0,40.11,20.0,1.0,0.2006,0.4,36.3163,False,all_dynamic_snr,2.9688,0.9582
118,v4,v11,40.0,70.06,0.0,1.0,0.3503,0.0,36.309,False,all_dynamic_snr,2.9683,0.9592
118,v4,v15,40.0,80.06,30.0,1.0,0.4003,0.6,35.5911,False,all_dynamic_snr,2.9683,0.9602
118,v4,v3,40.0,90.05,30.0,1.0,0.4502,0.6,35.489,True,all_dynamic_snr,2.969,0.9602
119,v1,v5,40.0,100.0,0.0,1.0,0.5,0.0,36.0,False,all_dynamic_snr,2.9689,0.9602
119,v1,v6,40.0,150.03,10.0,1.0,0.7501,0.2,35.3466,False,all_dynamic_snr,2.9686,0.9592
119,v1,v13,40.0,160.0,30.0,1.0,0.8,0.6,34.9897,True,all_dynamic_snr,2.969,0.9592
119,v3,v11,20.0,10.0,10.0,0.6,0.05,0.2,17.699,False,all_dynamic_snr,2.9545,0.9592
119,v3,v15,20.0,10.0,20.0,0.6,0.05,0.4,17.5229,True,all_dynamic_snr,2.9532,0.9588
119,v3,v7,20.0,40.0,20.0,0.6,0.2,0.4,16.3188,True,all_dynamic_snr,2.9497,0.9611
119,v3,v4,20.0,60.07,20.0,0.6,0.3004,0.4,15.9655,True,all_dynamic_snr,2.9507,0.9641
119,v3,v8,20.0,120.04,30.0,0.6,0.6002,0.6,15.2393,True,all_dynamic_snr,2.9431,0.9592
119,v4,v7,40.0,20.22,0.0,1.0,0.1011,0.0,37.3883,False,all_dynamic_snr,2.9687,0.9582
119,v4,v15,40.0,50.09,0.0,1.0,0.2504,0.0,36.6005,False,all_dynamic_snr,2.969,0.9602
119,v4,v3,40.0,60.07,20.0,1.0,0.3004,0.4,35.9655,False,all_dynamic_snr,2.9687,0.9582
119,v4,v11,40.0,70.06,10.0,1.0,0.3503,0.2,36.008,False,all_dynamic_snr,2.9694,0.9602
119,v4,v8,40.0,180.0,10.0,1.0,0.9,0.2,35.1884,True,all_dynamic_snr,2.9688,0.9592
120,v1,v5,40.0,100.0,0.0,1.0,0.5,0.0,36.0,False,all_dynamic_snr,2.9689,0.9582
120,v1,v13,40.0,130.0,20.0,1.0,0.65,0.4,35.295,True,all_dynamic_snr,2.9687,0.9602
120,v1,v6,40.0,140.03,20.0,1.0,0.7002,0.4,35.2304,True,all_dynamic_snr,2.9688,0.9592
120,v3,v15,20.0,10.0,20.0,0.6,0.05,0.4,17.5229,True,all_dynamic_snr,2.9557,0.9582
120,v3,v7,20.0,20.0,0.0,0.6,0.1,0.0,17.3979,False,all_dynamic_snr,2.9543,0.9582
120,v3,v11,20.0,20.0,10.0,0.6,0.1,0.2,17.0969,False,all_dynamic_snr,2.9531,0.9592
120,v3,v4,20.0,40.11,20.0,0.6,0.2006,0.4,16.3163,True,all_dynamic_snr,2.9502,0.9572
120,v3,v8,20.0,150.03,10.0,0.6,0.7501,0.2,15.3466,True,all_dynamic_snr,2.9467,0.9568
120,v4,v7,40.0,20.22,20.0,1.0,0.1011,0.4,36.9112,False,all_dynamic_snr,2.9689,0.9592
120,v4,v3,40.0,40.11,20.0,1.0,0.2006,0.4,36.3163,False,all_dynamic_snr,2.9691,0.9602
120,v4,v15,40.0,50.09,40.0,1.0,0.2504,0.8,35.9015,True,all_dynamic_snr,2.9685,0.9582
120,v4,v11,40.0,60.07,10.0,1.0,0.3004,0.2,36.1416,False,all_dynamic_snr,2.9693,0.9592
120,v4,v8,40.0,190.0,30.0,1.0,0.95,0.6,34.8404,True,all_dynamic_snr,2.9689,0.9582
121,v1,v5,40.0,100.0,0.0,1.0,0.5,0.0,36.0,False,all_dynamic_snr,2.9689,0.9592
121,v1,v13,40.0,110.0,0.0,1.0,0.55,0.0,35.9172,False,all_dynamic_snr,2.9683,0.9592
121,v1,v6,40.0,160.03,0.0,1.0,0.8001,0.0,35.5916,True,all_dynamic_snr,2.9694,0.9582
121,v3,v15,20.0,10.0,40.0,0.6,0.05,0.8,17.301,True,all_dynamic_snr,2.9532,0.9582
121,v3,v7,20.0,20.0,0.0,0.6,0.1,0.0,17.3979,False,all_dynamic_snr,2.9558,0.9602
121,v3,v4,20.0,20.22,40.0,0.6,0.1011,0.8,16.6893,True,all_dynamic_snr,2.9508,0.9607
121,v3,v11,20.0,30.0,30.0,0.6,0.15,0.6,16.4437,True,all_dynamic_snr,2.9526,0.9588
121,v3,v8,20.0,140.03,0.0,0.6,0.7002,0.0,15.7075,True,all_dynamic_snr,2.9478,0.9547
121,v4,v7,40.0,3.0,40.0,1.0,0.015,0.8,38.3468,True,all_dynamic_snr,2.9688,0.9582
121,v4,v15,40.0,10.44,0.0,1.0,0.0522,0.0,37.9626,False,all_dynamic_snr,2.9686,0.9592
121,v4,v3,40.0,20.22,40.0,1.0,0.1011,0.8,36.6893,True,all_dynamic_snr,2.9691,0.9592
121,v4,v11,40.0,50.09,10.0,1.0,0.2504,0.2,36.2995,False,all_dynamic_snr,2.969,0.9592
121,v4,v8,40.0,160.0,40.0,1.0,0.8,0.8,34.8928,True,all_dynamic_snr,2.9691,0.9592
122,v1,v5,40.0,100.0,20.0,1.0,0.5,0.4,35.5229,False,all_dynamic_snr,2.9688,0.9592
122,v1,v13,40.0,110.0,20.0,1.0,0.55,0.4,35.4401,False,all_dynamic_snr,2.9687,0.9602
122,v1,v6,40.0,160.03,20.0,1.0,0.8001,0.4,35.1145,True,all_dynamic_snr,2.9689,0.9592
122,v3,v11,20.0,0.0,10.0,0.6,0.0,0.2,21.699,False,all_dynamic_snr,2.9641,0.9582
122,v3,v7,20.0,20.0,10.0,0.6,0.1,0.2,17.0969,False,all_dynamic_snr,2.9545,0.9547
122,v3,v15,20.0,50.0,10.0,0.6,0.25,0.2,16.301,False,all_dynamic_snr,2.9498,0.9588
122,v3,v4,20.0,60.07,20.0,0.6,0.3004,0.4,15.9655,True,all_dynamic_snr,2.9495,0.9627
122,v3,v8,20.0,140.03,20.0,0.6,0.7002,0.4,15.2304,True,all_dynamic_snr,2.9465,0.9588
122,v4,v15,40.0,10.44,30.0,1.0,0.0522,0.6,37.3605,False,all_dynamic_snr,2.9687,0.9592
122,v4,v7,40.0,40.11,10.0,1.0,0.2006,0.2,36.4924,False,all_dynamic_snr,2.9687,0.9582
122,v4,v3,40.0,60.07,20.0,1.0,0.3004,0.4,35.9655,False,all_dynamic_snr,2.9689,0.9592
122,v4,v11,40.0,60.07,30.0,1.0,0.3004,0.6,35.8406,False,all_dynamic_snr,2.9689,0.9602
122,v4,v8,40.0,200.0,40.0,1.0,1.0,0.8,34.699,True,all_dynamic_snr,2.9693,0.9592
123,v1,v5,40.0,120.0,20.0,1.0,0.6,0.4,35.3645,False,all_dynamic_snr,2.9692,0.9592
123,v1,v13,40.0,130.0,20.0,1.0,0.65,0.4,35.295,True,all_dynamic_snr,2.9685,0.9572
123,v1,v6,40.0,140.03,10.0,1.0,0.7002,0.2,35.4065,False,all_dynamic_snr,2.9686,0.9592
123,v3,v7,20.0,10.0,40.0,0.6,0.05,0.8,17.301,True,all_dynamic_snr,2.9547,0.9563
123,v3,v11,20.0,10.0,40.0,0.6,0.05,0.8,17.301,True,all_dynamic_snr,2.954,0.9592
123,v3,v4,20.0,40.11,20.0,0.6,0.2006,0.4,16.3163,True,all_dynamic_snr,2.9508,0.9631
123,v3,v15,20.0,60.0,0.0,0.6,0.3,0.0,16.4437,True,all_dynamic_snr,2.9512,0.9563
123,v3,v8,20.0,120.04,40.0,0.6,0.6002,0.8,15.1424,True,all_dynamic_snr,2.9445,0.9592
123,v4,v15,40.0,20.22,20.0,1.0,0.1011,0.4,36.9112,False,all_dynamic_snr,2.9691,0.9592
123,v4,v7,40.0,30.15,20.0,1.0,0.1507,0.4,36.5643,False,all_dynamic_snr,2.9689,0.9602
123,v4,v11,40.0,30.15,20.0,1.0,0.1507,0.4,36.5643,False,all_dynamic_snr,2.9693,0.9602
123,v4,v3,40.0,40.11,20.0,1.0,0.2006,0.4,36.3163,False,all_dynamic_snr,2.969,0.9582
123,v4,v8,40.0,160.0,20.0,1.0,0.8,0.4,35.1146,True,all_dynamic_snr,2.9687,0.9602
124,v1,v5,40.0,140.0,10.0,1.0,0.7,0.2,35.4067,False,all_dynamic_snr,2.9687,0.9572
124,v1,v13,40.0,150.0,30.0,1.0,0.75,0.6,35.0458,True,all_dynamic_snr,2.9689,0.9582
124,v1,v6,40.0,150.03,10.0,1.0,0.7501,0.2,35.3466,False,all_dynamic_snr,2.969,0.9582
124,v3,v7,20.0,50.0,20.0,0.6,0.25,0.4,16.1249,True,all_dynamic_snr,2.9501,0.9602
124,v3,v11,20.0,50.0,0.0,0.6,0.25,0.0,16.6021,False,all_dynamic_snr,2.9501,0.9568
124,v3,v15,20.0,60.0,10.0,0.6,0.3,0.2,16.1427,True,all_dynamic_snr,2.9516,0.9592
124,v3,v4,20.0,60.07,20.0,0.6,0.3004,0.4,15.9655,True,all_dynamic_snr,2.9482,0.9553
124,v3,v8,20.0,80.06,10.0,0.6,0.4003,0.2,15.8922,True,all_dynamic_snr,2.9473,0.9582
124,v4,v15,40.0,3.0,30.0,1.0,0.015,0.6,38.4437,False,all_dynamic_snr,2.9688,0.9592
124,v4,v7,40.0,10.44,0.0,1.0,0.0522,0.0,37.9626,False,all_dynamic_snr,2.9689,0.9592
124,v4,v11,40.0,10.44,20.0,1.0,0.0522,0.4,37.4855,False,all_dynamic_snr,2.969,0.9592
124,v4,v3,40.0,60.07,20.0,1.0,0.3004,0.4,35.9655,False,all_dynamic_snr,2.9685,0.9582
124,v4,v8,40.0,140.0,10.0,1.0,0.7,0.2,35.4067,False,all_dynamic_snr,2.9689,0.9602
125,v1,v13,40.0,120.0,10.0,1.0,0.6,0.2,35.5406,False,all_dynamic_snr,2.969,0.9582
125,v1,v5,40.0,130.0,0.0,1.0,0.65,0.0,35.7721,False,all_dynamic_snr,2.9688,0.9592
125,v1,v6,40.0,140.03,0.0,1.0,0.7002,0.0,35.7075,False,all_dynamic_snr,2.9691,0.9582
125,v3,v11,20.0,50.0,10.0,0.6,0.25,0.2,16.301,False,all_dynamic_snr,2.9499,0.9592
125,v3,v15,20.0,50.0,10.0,0.6,0.25,0.2,16.301,False,all_dynamic_snr,2.9511,0.9572
125,v3,v7,20.0,70.0,10.0,0.6,0.35,0.2,16.0088,True,all_dynamic_snr,2.9501,0.9563
125,v3,v8,20.0,70.06,30.0,0.6,0.3503,0.6,15.7069,True,all_dynamic_snr,2.9484,0.9572
125,v3,v4,20.0,80.06,20.0,0.6,0.4003,0.4,15.7161,True,all_dynamic_snr,2.948,0.9607
125,v4,v7,40.0,10.44,10.0,1.0,0.0522,0.2,37.6615,False,all_dynamic_snr,2.9689,0.9592
125,v4,v11,40.0,30.15,10.0,1.0,0.1507,0.2,36.7404,False,all_dynamic_snr,2.9684,0.9592
125,v4,v15,40.0,30.15,30.0,1.0,0.1507,0.6,36.4394,False,all_dynamic_snr,2.9688,0.9582
125,v4,v3,40.0,80.06,20.0,1.0,0.4003,0.4,35.7161,False,all_dynamic_snr,2.9693,0.9582
125,v4,v8,40.0,150.0,10.0,1.0,0.75,0.2,35.3468,False,all_dynamic_snr,2.9688,0.9582
126,v1,v5,40.0,130.0,20.0,1.0,0.65,0.4,35.295,True,all_dynamic_snr,2.9691,0.9582
126,v1,v13,40.0,130.0,0.0,1.0,0.65,0.0,35.7721,False,all_dynamic_snr,2.969,0.9592
126,v1,v6,40.0,140.03,10.0,1.0,0.7002,0.2,35.4065,False,all_dynamic_snr,2.9691,0.9572
126,v3,v15,20.0,40.0,20.0,0.6,0.2,0.4,16.3188,True,all_dynamic_snr,2.9524,0.9637
126,v3,v8,20.0,40.11,10.0,0.6,0.2006,0.2,16.4924,False,all_dynamic_snr,2.9528,0.9578
126,v3,v11,20.0,60.0,10.0,0.6,0.3,0.2,16.1427,True,all_dynamic_snr,2.9476,0.9553
126,v3,v7,20.0,80.0,10.0,0.6,0.4,0.2,15.8928,True,all_dynamic_snr,2.9475,0.9631
126,v3,v4,20.0,100.04,0.0,0.6,0.5002,0.0,15.9996,True,all_dynamic_snr,2.9499,0.9627
126,v4,v7,40.0,20.22,10.0,1.0,0.1011,0.2,37.0872,False,all_dynamic_snr,2.9688,0.9611
126,v4,v11,40.0,40.11,10.0,1.0,0.2006,0.2,36.4924,False,all_dynamic_snr,2.9685,0.9592
126,v4,v15,40.0,60.07,20.0,1.0,0.3004,0.4,35.9655,False,all_dynamic_snr,2.969,0.9592
126,v4,v3,40.0,100.04,0.0,1.0,0.5002,0.0,35.9996,False,all_dynamic_snr,2.969,0.9592
126,v4,v8,40.0,140.0,10.0,1.0,0.7,0.2,35.4067,False,all_dynamic_snr,2.969,0.9592
127,v1,v5,40.0,110.0,20.0,1.0,0.55,0.4,35.4401,False,all_dynamic_snr,2.9688,0.9563
127,v1,v13,40.0,130.0,40.0,1.0,0.65,0.8,35.0731,True,all_dynamic_snr,2.9693,0.9592
127,v1,v6,40.0,150.03,0.0,1.0,0.7501,0.0,35.6476,False,all_dynamic_snr,2.969,0.9592
127,v3,v8,20.0,50.09,30.0,0.6,0.2504,0.6,15.9984,True,all_dynamic_snr,2.9478,0.9592
127,v3,v15,20.0,60.0,20.0,0.6,0.3,0.4,15.9666,True,all_dynamic_snr,2.9503,0.9572
127,v3,v7,20.0,70.0,10.0,0.6,0.35,0.2,16.0088,True,all_dynamic_snr,2.9494,0.9563
127,v3,v11,20.0,70.0,10.0,0.6,0.35,0.2,16.0088,True,all_dynamic_snr,2.9486,0.9617
127,v3,v4,20.0,100.04,10.0,0.6,0.5002,0.2,15.6986,True,all_dynamic_snr,2.9482,0.9631
127,v4,v7,40.0,30.15,0.0,1.0,0.1507,0.0,37.0414,False,all_dynamic_snr,2.9688,0.9592
127,v4,v11,40.0,30.15,0.0,1.0,0.1507,0.0,37.0414,False,all_dynamic_snr,2.9691,0.9592
127,v4,v15,40.0,40.11,30.0,1.0,0.2006,0.6,36.1914,False,all_dynamic_snr,2.9689,0.9592
127,v4,v3,40.0,100.04,10.0,1.0,0.5002,0.2,35.6986,False,all_dynamic_snr,2.9692,0.9582
127,v4,v8,40.0,150.0,40.0,1.0,0.75,0.8,34.9488,True,all_dynamic_snr,2.9687,0.9592
128,v1,v5,40.0,90.0,30.0,1.0,0.45,0.6,35.4895,False,all_dynamic_snr,2.9691,0.9582
128,v1,v13,40.0,90.0,30.0,1.0,0.45,0.6,35.4895,False,all_dynamic_snr,2.9695,0.9592
128,v1,v6,40.0,150.03,20.0,1.0,0.7501,0.4,35.1705,True,all_dynamic_snr,2.9686,0.9592
128,v3,v15,20.0,40.0,10.0,0.6,0.2,0.2,16.4949,False,all_dynamic_snr,2.9517,0.9602
128,v3,v7,20.0,80.0,30.0,0.6,0.4,0.6,15.5918,True,all_dynamic_snr,2.9493,0.9533
128,v3,v11,20.0,80.0,0.0,0.6,0.4,0.0,16.1938,True,all_dynamic_snr,2.953,0.9602
128,v3,v8,20.0,80.06,0.0,0.6,0.4003,0.0,16.1932,True,all_dynamic_snr,2.9488,0.9617
128,v3,v4,20.0,110.04,30.0,0.6,0.5502,0.6,15.3148,True,all_dynamic_snr,2.9462,0.9605
128,v4,v7,40.0,30.15,0.0,1.0,0.1507,0.0,37.0414,False,all_dynamic_snr,2.9686,0.9592
128,v4,v11,40.0,30.15,30.0,1.0,0.1507,0.6,36.4394,False,all_dynamic_snr,2.9689,0.9582
128,v4,v15,40.0,70.06,40.0,1.0,0.3503,0.8,35.61,True,all_dynamic_snr,2.9683,0.9582
128,v4,v3,40.0,110.04,30.0,1.0,0.5502,0.6,35.3148,True,all_dynamic_snr,2.9686,0.9592
128,v4,v8,40.0,190.0,30.0,1.0,0.95,0.6,34.8404,True,all_dynamic_snr,2.9689,0.9592
129,v1,v5,40.0,60.0,0.0,1.0,0.3,0.0,36.4437,False,all_dynamic_snr,2.9686,0.9592
129,v1,v13,40.0,60.0,0.0,1.0,0.3,0.0,36.4437,False,all_dynamic_snr,2.9689,0.9602
129,v1,v6,40.0,130.03,30.0,1.0,0.6502,0.6,35.1698,True,all_dynamic_snr,2.9691,0.9582
129,v3,v7,20.0,50.0,20.0,0.6,0.25,0.4,16.1249,True,all_dynamic_snr,2.949,0.9563
129,v3,v15,20.0,50.0,10.0,0.6,0.25,0.2,16.301,False,all_dynamic_snr,2.9501,0.9611
129,v3,v11,20.0,80.0,40.0,0.6,0.4,0.8,15.4949,True,all_dynamic_snr,2.9466,0.9646
129,v3,v4,20.0,80.06,40.0,0.6,0.4003,0.8,15.4942,True,all_dynamic_snr,2.9498,0.9582
129,v3,v8,20.0,80.06,40.0,0.6,0.4003,0.8,15.4942,True,all_dynamic_snr,2.9474,0.9572
129,v4,v11,40.0,3.0,0.0,1.0,0.015,0.0,39.0458,False,all_dynamic_snr,2.969,0.9592
129,v4,v7,40.0,30.15,20.0,1.0,0.1507,0.4,36.5643,False,all_dynamic_snr,2.9689,0.9602
129,v4,v15,40.0,30.15,30.0,1.0,0.1507,0.6,36.4394,False,all_dynamic_snr,2.9688,0.9582
129,v4,v3,40.0,80.06,40.0,1.0,0.4003,0.8,35.4942,True,all_dynamic_snr,2.9689,0.9592
129,v4,v8,40.0,160.0,0.0,1.0,0.8,0.0,35.5918,True,all_dynamic_snr,2.969,0.9582
130,v1,v5,40.0,60.0,10.0,1.0,0.3,0.2,36.1427,False,all_dynamic_snr,2.969,0.9592
130,v1,v13,40.0,60.0,20.0,1.0,0.3,0.4,35.9666,False,all_dynamic_snr,2.9688,0.9602
130,v1,v6,40.0,100.04,20.0,1.0,0.5002,0.4,35.5225,False,all_dynamic_snr,2.9685,0.9582
130,v3,v7,20.0,30.0,10.0,0.6,0.15,0.2,16.7447,False,all_dynamic_snr,2.9517,0.9539
130,v3,v11,20.0,40.0,0.0,0.6,0.2,0.0,16.7959,False,all_dynamic_snr,2.9533,0.9617
130,v3,v15,20.0,40.0,30.0,0.6,0.2,0.6,16.1938,True,all_dynamic_snr,2.9506,0.9641
130,v3,v4,20.0,40.11,30.0,0.6,0.2006,0.6,16.1914,True,all_dynamic_snr,2.9508,0.9549
130,v3,v8,20.0,120.04,30.0,0.6,0.6002,0.6,15.2393,True,all_dynamic_snr,2.9462,0.9553
130,v4,v11,40.0,3.0,30.0,1.0,0.015,0.6,38.4437,False,all_dynamic_snr,2.9694,0.9582
130,v4,v15,40.0,3.0,0.0,1.0,0.015,0.0,39.0458,False,all_dynamic_snr,2.9689,0.9582
130,v4,v7,40.0,10.44,20.0,1.0,0.0522,0.4,37.4855,False,all_dynamic_snr,2.9689,0.9602
130,v4,v3,40.0,40.11,30.0,1.0,0.2006,0.6,36.1914,False,all_dynamic_snr,2.969,0.9572
130,v4,v8,40.0,160.0,0.0,1.0,0.8,0.0,35.5918,True,all_dynamic_snr,2.9691,0.9582
131,v1,v5,40.0,50.0,10.0,1.0,0.25,0.2,36.301,False,all_dynamic_snr,2.9692,0.9602
131,v1,v13,40.0,80.0,0.0,1.0,0.4,0.0,36.1938,False,all_dynamic_snr,2.969,0.9592
131,v1,v6,40.0,120.04,20.0,1.0,0.6002,0.4,35.3642,False,all_dynamic_snr,2.969,0.9582
131,v3,v15,20.0,10.0,0.0,0.6,0.05,0.0,18.0,False,all_dynamic_snr,2.9563,0.9582
131,v3,v4,20.0,10.44,0.0,0.6,0.0522,0.0,17.9626,False,all_dynamic_snr,2.9548,0.9582
131,v3,v7,20.0,20.0,0.0,0.6,0.1,0.0,17.3979,False,all_dynamic_snr,2.9548,0.9621
131,v3,v11,20.0,40.0,10.0,0.6,0.2,0.2,16.4949,False,all_dynamic_snr,2.9527,0.9598
131,v3,v8,20.0,150.03,10.0,0.6,0.7501,0.2,15.3466,True,all_dynamic_snr,2.9462,0.9572
131,v4,v15,40.0,3.0,0.0,1.0,0.015,0.0,39.0458,False,all_dynamic_snr,2.9691,0.9592
131,v4,v3,40.0,10.44,0.0,1.0,0.0522,0.0,37.9626,False,all_dynamic_snr,2.9693,0.9602
131,v4,v7,40.0,10.44,0.0,1.0,0.0522,0.0,37.9626,False,all_dynamic_snr,2.9688,0.9582
131,v4,v11,40.0,30.15,10.0,1.0,0.1507,0.2,36.7404,False,all_dynamic_snr,2.9686,0.9592
131,v4,v8,40.0,160.0,10.0,1.0,0.8,0.2,35.2907,True,all_dynamic_snr,2.9688,0.9582
132,v1,v5,40.0,60.0,30.0,1.0,0.3,0.6,35.8416,False,all_dynamic_snr,2.9692,0.9592
132,v1,v13,40.0,80.0,10.0,1.0,0.4,0.2,35.8928,False,all_dynamic_snr,2.9695,0.9592
132,v1,v6,40.0,140.03,0.0,1.0,0.7002,0.0,35.7075,False,all_dynamic_snr,2.9689,0.9572
132,v3,v15,20.0,10.0,10.0,0.6,0.05,0.2,17.699,False,all_dynamic_snr,2.9561,0.9621
132,v3,v4,20.0,10.44,10.0,0.6,0.0522,0.2,17.6615,False,all_dynamic_snr,2.9547,0.9602
132,v3,v7,20.0,20.0,30.0,0.6,0.1,0.6,16.7959,True,all_dynamic_snr,2.9537,0.9563
132,v3,v11,20.0,30.0,0.0,0.6,0.15,0.0,17.0458,False,all_dynamic_snr,2.9551,0.9621
132,v3,v8,20.0,140.03,10.0,0.6,0.7002,0.2,15.4065,True,all_dynamic_snr,2.9464,0.9543
132,v4,v15,40.0,3.0,0.0,1.0,0.015,0.0,39.0458,False,all_dynamic_snr,2.9686,0.9592
132,v4,v3,40.0,10.44,10.0,1.0,0.0522,0.2,37.6615,False,all_dynamic_snr,2.9691,0.9602
132,v4,v7,40.0,10.44,20.0,1.0,0.0522,0.4,37.4855,False,all_dynamic_snr,2.9693,0.9602
132,v4,v11,40.0,20.22,10.0,1.0,0.1011,0.2,37.0872,False,all_dynamic_snr,2.9689,0.9572
132,v4,v8,40.0,150.0,0.0,1.0,0.75,0.0,35.6478,False,all_dynamic_snr,2.9688,0.9592
133,v1,v13,40.0,70.0,20.0,1.0,0.35,0.4,35.8327,False,all_dynamic_snr,2.9689,0.9582
133,v1,v5,40.0,90.0,0.0,1.0,0.45,0.0,36.0915,False,all_dynamic_snr,2.9689,0.9592
133,v1,v6,40.0,140.03,20.0,1.0,0.7002,0.4,35.2304,True,all_dynamic_snr,2.9691,0.9592
133,v3,v15,20.0,20.0,20.0,0.6,0.1,0.4,16.9208,True,all_dynamic_snr,2.9544,0.9568
133,v3,v4,20.0,20.22,30.0,0.6,0.1011,0.6,16.7862,True,all_dynamic_snr,2.9526,0.9637
133,v3,v11,20.0,30.0,30.0,0.6,0.15,0.6,16.4437,True,all_dynamic_snr,2.9515,0.9592
133,v3,v7,20.0,50.0,10.0,0.6,0.25,0.2,16.301,False,all_dynamic_snr,2.9496,0.9621
133,v3,v19,20.0,120.0,30.0,0.6,0.6,0.6,15.2396,True,all_dynamic_snr,2.945,0.9637
133,v4,v15,40.0,3.0,10.0,1.0,0.015,0.2,38.7447,False,all_dynamic_snr,2.9691,0.9592
133,v4,v11,40.0,10.44,0.0,1.0,0.0522,0.0,37.9626,False,all_dynamic_snr,2.9687,0.9592
133,v4,v3,40.0,20.22,30.0,1.0,0.1011,0.6,36.7862,False,all_dynamic_snr,2.9686,0.9592
133,v4,v7,40.0,30.15,20.0,1.0,0.1507,0.4,36.5643,False,all_dynamic_snr,2.9692,0.9592
133,v4,v19,40.0,140.03,0.0,1.0,0.7002,0.0,35.7075,False,all_dynamic_snr,2.9685,0.9582
134,v1,v13,40.0,50.0,0.0,1.0,0.25,0.0,36.6021,False,all_dynamic_snr,2.9689,0.9582
134,v1,v5,40.0,90.0,0.0,1.0,0.45,0.0,36.0915,False,all_dynamic_snr,2.969,0.9592
134,v1,v6,40.0,120.04,20.0,1.0,0.6002,0.4,35.3642,False,all_dynamic_snr,2.9691,0.9592
134,v3,v15,20.0,40.0,30.0,0.6,0.2,0.6,16.1938,True,all_dynamic_snr,2.9491,0.9543
134,v3,v4,20.0,50.09,10.0,0.6,0.2504,0.2,16.2995,False,all_dynamic_snr,2.9496,0.9617
134,v3,v7,20.0,60.0,30.0,0.6,0.3,0.6,15.8416,True,all_dynamic_snr,2.9486,0.9572
134,v3,v11,20.0,60.0,10.0,0.6,0.3,0.2,16.1427,True,all_dynamic_snr,2.9503,0.9598
134,v3,v19,20.0,90.0,30.0,0.6,0.45,0.6,15.4895,True,all_dynamic_snr,2.9464,0.9582
134,v4,v7,40.0,10.44,20.0,1.0,0.0522,0.4,37.4855,False,all_dynamic_snr,2.9685,0.9582
134,v4,v11,40.0,10.44,0.0,1.0,0.0522,0.0,37.9626,False,all_dynamic_snr,2.9687,0.9592
134,v4,v15,40.0,10.44,20.0,1.0,0.0522,0.4,37.4855,False,all_dynamic_snr,2.969,0.9592
134,v4,v3,40.0,50.09,10.0,1.0,0.2504,0.2,36.2995,False,all_dynamic_snr,2.9687,0.9592
134,v4,v19,40.0,140.03,20.0,1.0,0.7002,0.4,35.2304,True,all_dynamic_snr,2.969,0.9592
135,v1,v13,40.0,50.0,10.0,1.0,0.25,0.2,36.301,False,all_dynamic_snr,2.9689,0.9582
135,v1,v5,40.0,90.0,10.0,1.0,0.45,0.2,35.7905,False,all_dynamic_snr,2.9691,0.9582
135,v1,v6,40.0,140.03,30.0,1.0,0.7002,0.6,35.1055,True,all_dynamic_snr,2.9687,0.9602
135,v3,v19,20.0,60.0,10.0,0.6,0.3,0.2,16.1427,True,all_dynamic_snr,2.9504,0.9617
135,v3,v4,20.0,60.07,10.0,0.6,0.3004,0.2,16.1416,True,all_dynamic_snr,2.9487,0.9607
135,v3,v11,20.0,70.0,10.0,0.6,0.35,0.2,16.0088,True,all_dynamic_snr,2.9486,0.9592
135,v3,v15,20.0,70.0,20.0,0.6,0.35,0.4,15.8327,True,all_dynamic_snr,2.9493,0.9553
135,v3,v7,20.0,90.0,10.0,0.6,0.45,0.2,15.7905,True,all_dynamic_snr,2.9482,0.9547
135,v4,v11,40.0,10.44,0.0,1.0,0.0522,0.0,37.9626,False,all_dynamic_snr,2.9691,0.9572
135,v4,v15,40.0,10.44,30.0,1.0,0.0522,0.6,37.3605,False,all_dynamic_snr,2.9691,0.9592
135,v4,v7,40.0,30.15,20.0,1.0,0.1507,0.4,36.5643,False,all_dynamic_snr,2.9689,0.9572
135,v4,v3,40.0,60.07,10.0,1.0,0.3004,0.2,36.1416,False,all_dynamic_snr,2.9692,0.9592
135,v4,v19,40.0,120.04,0.0,1.0,0.6002,0.0,35.8414,False,all_dynamic_snr,2.969,0.9592
136,v1,v13,40.0,60.0,0.0,1.0,0.3,0.0,36.4437,False,all_dynamic_snr,2.9694,0.9592
136,v1,v5,40.0,100.0,20.0,1.0,0.5,0.4,35.5229,False,all_dynamic_snr,2.9686,0.9582
136,v1,v6,40.0,170.03,20.0,1.0,0.8501,0.4,35.0618,True,all_dynamic_snr,2.969,0.9592
136,v3,v4,20.0,50.09,20.0,0.6,0.2504,0.4,16.1234,True,all_dynamic_snr,2.9507,0.9582
136,v3,v11,20.0,60.0,0.0,0.6,0.3,0.0,16.4437,True,all_dynamic_snr,2.9507,0.9559
136,v3,v19,20.0,70.0,10.0,0.6,0.35,0.2,16.0088,True,all_dynamic_snr,2.9496,0.9578
136,v3,v15,20.0,90.0,0.0,0.6,0.45,0.0,16.0915,True,all_dynamic_snr,2.9521,0.9592
136,v3,v7,20.0,100.0,30.0,0.6,0.5,0.6,15.3979,True,all_dynamic_snr,2.9462,0.9572
136,v4,v11,40.0,10.44,20.0,1.0,0.0522,0.4,37.4855,False,all_dynamic_snr,2.969,0.9582
136,v4,v15,40.0,40.11,20.0,1.0,0.2006,0.4,36.3163,False,all_dynamic_snr,2.969,0.9602
136,v4,v3,40.0,50.09,20.0,1.0,0.2504,0.4,36.1234,False,all_dynamic_snr,2.9692,0.9582
136,v4,v7,40.0,50.09,10.0,1.0,0.2504,0.2,36.2995,False,all_dynamic_snr,2.9685,0.9563
136,v4,v19,40.0,120.04,10.0,1.0,0.6002,0.2,35.5403,False,all_dynamic_snr,2.9687,0.9592
137,v1,v13,40.0,60.0,20.0,1.0,0.3,0.4,35.9666,False,all_dynamic_snr,2.9689,0.9602
137,v1,v5,40.0,120.0,10.0,1.0,0.6,0.2,35.5406,False,all_dynamic_snr,2.9686,0.9582
137,v1,v6,40.0,190.02,10.0,1.0,0.9501,0.2,35.1414,True,all_dynamic_snr,2.969,0.9582
137,v3,v4,20.0,30.15,0.0,0.6,0.1507,0.0,17.0414,False,all_dynamic_snr,2.9547,0.9572
137,v3,v11,20.0,60.0,10.0,0.6,0.3,0.2,16.1427,True,all_dynamic_snr,2.9501,0.9656
137,v3,v7,20.0,70.0,20.0,0.6,0.35,0.4,15.8327,True,all_dynamic_snr,2.9474,0.9598
137,v3,v19,20.0,80.0,10.0,0.6,0.4,0.2,15.8928,True,all_dynamic_snr,2.9467,0.9553
137,v3,v15,20.0,90.0,0.0,0.6,0.45,0.0,16.0915,True,all_dynamic_snr,2.9511,0.9553
137,v4,v3,40.0,30.15,0.0,1.0,0.1507,0.0,37.0414,False,all_dynamic_snr,2.969,0.9592
137,v4,v11,40.0,30.15,10.0,1.0,0.1507,0.2,36.7404,False,all_dynamic_snr,2.9685,0.9592
137,v4,v7,40.0,40.11,20.0,1.0,0.2006,0.4,36.3163,False,all_dynamic_snr,2.9688,0.9592
137,v4,v15,40.0,60.07,0.0,1.0,0.3004,0.0,36.4426,False,all_dynamic_snr,2.9692,0.9582
137,v4,v19,40.0,110.04,10.0,1.0,0.5502,0.2,35.6159,False,all_dynamic_snr,2.9694,0.9602
138,v1,v13,40.0,80.0,40.0,1.0,0.4,0.8,35.4949,True,all_dynamic_snr,2.9687,0.9582
138,v1,v5,40.0,130.0,40.0,1.0,0.65,0.8,35.0731,True,all_dynamic_snr,2.9691,0.9582
138,v3,v4,20.0,30.15,0.0,0.6,0.1507,0.0,17.0414,False,all_dynamic_snr,2.9522,0.9588
138,v3,v11,20.0,70.0,30.0,0.6,0.35,0.6,15.7077,True,all_dynamic_snr,2.9486,0.9568
138,v3,v7,20.0,90.0,20.0,0.6,0.45,0.4,15.6144,True,all_dynamic_snr,2.9471,0.9611
138,v3,v15,20.0,90.0,10.0,0.6,0.45,0.2,15.7905,True,all_dynamic_snr,2.9469,0.9572
138,v3,v19,20.0,90.0,10.0,0.6,0.45,0.2,15.7905,True,all_dynamic_snr,2.9483,0.9543
138,v4,v3,40.0,30.15,0.0,1.0,0.1507,0.0,37.0414,False,all_dynamic_snr,2.9686,0.9592
138,v4,v11,40.0,40.11,30.0,1.0,0.2006,0.6,36.1914,False,all_dynamic_snr,2.9693,0.9592
138,v4,v7,40.0,60.07,20.0,1.0,0.3004,0.4,35.9655,False,all_dynamic_snr,2.9692,0.9602
138,v4,v15,40.0,60.07,10.0,1.0,0.3004,0.2,36.1416,False,all_dynamic_snr,2.9689,0.9602
138,v4,v19,40.0,120.04,10.0,1.0,0.6002,0.2,35.5403,False,all_dynamic_snr,2.9685,0.9611
139,v1,v13,40.0,40.0,30.0,1.0,0.2,0.6,36.1938,False,all_dynamic_snr,2.9684,0.9592
139,v1,v5,40.0,90.0,20.0,1.0,0.45,0.4,35.6144,False,all_dynamic_snr,2.9688,0.9582
139,v1,v6,40.0,170.03,10.0,1.0,0.8501,0.2,35.2379,True,all_dynamic_snr,2.9684,0.9582
139,v3,v4,20.0,30.15,10.0,0.6,0.1507,0.2,16.7404,False,all_dynamic_snr,2.9519,0.9582
139,v3,v11,20.0,40.0,20.0,0.6,0.2,0.4,16.3188,True,all_dynamic_snr,2.9498,0.9607
139,v3,v7,20.0,70.0,10.0,0.6,0.35,0.2,16.0088,True,all_dynamic_snr,2.9474,0.9592
139,v3,v15,20.0,80.0,20.0,0.6,0.4,0.4,15.7167,True,all_dynamic_snr,2.9491,0.9582
139,v3,v19,20.0,100.0,20.0,0.6,0.5,0.4,15.5229,True,all_dynamic_snr,2.949,0.9588
139,v4,v11,40.0,10.44,30.0,1.0,0.0522,0.6,37.3605,False,all_dynamic_snr,2.9691,0.9592
139,v4,v3,40.0,30.15,10.0,1.0,0.1507,0.2,36.7404,False,all_dynamic_snr,2.9688,0.9582
139,v4,v7,40.0,40.11,20.0,1.0,0.2006,0.4,36.3163,False,all_dynamic_snr,2.9689,0.9592
139,v4,v15,40.0,50.09,10.0,1.0,0.2504,0.2,36.2995,False,all_dynamic_snr,2.9691,0.9602
139,v4,v19,40.0,130.03,10.0,1.0,0.6502,0.2,35.4709,False,all_dynamic_snr,2.969,0.9592
140,v1,v13,40.0,70.0,40.0,1.0,0.35,0.8,35.6108,True,all_dynamic_snr,2.9686,0.9602
140,v1,v5,40.0,110.0,20.0,1.0,0.55,0.4,35.4401,False,all_dynamic_snr,2.9688,0.9582
140,v1,v6,40.0,160.03,0.0,1.0,0.8001,0.0,35.5916,True,all_dynamic_snr,2.9688,0.9592
140,v3,v4,20.0,20.22,10.0,0.6,0.1011,0.2,17.0872,False,all_dynamic_snr,2.9527,0.9523
140,v3,v11,20.0,60.0,40.0,0.6,0.3,0.8,15.7447,True,all_dynamic_snr,2.9479,0.9592
140,v3,v15,20.0,60.0,10.0,0.6,0.3,0.2,16.1427,True,all_dynamic_snr,2.9498,0.9588
140,v3,v7,20.0,80.0,0.0,0.6,0.4,0.0,16.1938,True,all_dynamic_snr,2.9502,0.9539
140,v3,v19,20.0,120.0,20.0,0.6,0.6,0.4,15.3645,True,all_dynamic_snr,2.9469,0.9572
140,v4,v3,40.0,20.22,10.0,1.0,0.1011,0.2,37.0872,False,all_dynamic_snr,2.9691,0.9582
140,v4,v11,40.0,40.11,30.0,1.0,0.2006,0.6,36.1914,False,all_dynamic_snr,2.969,0.9592
140,v4,v15,40.0,40.11,0.0,1.0,0.2006,0.0,36.7934,False,all_dynamic_snr,2.9691,0.9602
140,v4,v7,40.0,60.07,10.0,1.0,0.3004,0.2,36.1416,False,all_dynamic_snr,2.9691,0.9592
140,v4,v19,40.0,140.03,10.0,1.0,0.7002,0.2,35.4065,False,all_dynamic_snr,2.9688,0.9582
141,v1,v13,40.0,30.0,20.0,1.0,0.15,0.4,36.5686,False,all_dynamic_snr,2.9688,0.9592
141,v1,v5,40.0,90.0,10.0,1.0,0.45,0.2,35.7905,False,all_dynamic_snr,2.9691,0.9592
141,v1,v6,40.0,160.03,20.0,1.0,0.8001,0.4,35.1145,True,all_dynamic_snr,2.969,0.9592
141,v3,v4,20.0,10.44,10.0,0.6,0.0522,0.2,17.6615,False,all_dynamic_snr,2.9552,0.9637
141,v3,v11,20.0,20.0,30.0,0.6,0.1,0.6,16.7959,True,all_dynamic_snr,2.9522,0.9588
141,v3,v15,20.0,50.0,20.0,0.6,0.25,0.4,16.1249,True,all_dynamic_snr,2.9501,0.9592
141,v3,v7,20.0,80.0,40.0,0.6,0.4,0.8,15.4949,True,all_dynamic_snr,2.9459,0.9572
141,v3,v19,20.0,140.0,20.0,0.6,0.7,0.4,15.2306,True,all_dynamic_snr,2.9459,0.9533
141,v4,v3,40.0,10.44,10.0,1.0,0.0522,0.2,37.6615,False,all_dynamic_snr,2.9685,0.9592
141,v4,v11,40.0,10.44,20.0,1.0,0.0522,0.4,37.4855,False,all_dynamic_snr,2.9684,0.9582
141,v4,v15,40.0,40.11,10.0,1.0,0.2006,0.2,36.4924,False,all_dynamic_snr,2.9688,0.9592
141,v4,v7,40.0,70.06,30.0,1.0,0.3503,0.6,35.7069,False,all_dynamic_snr,2.969,0.9592
141,v4,v19,40.0,150.03,10.0,1.0,0.7501,0.2,35.3466,False,all_dynamic_snr,2.9688,0.9582
142,v1,v13,40.0,10.0,0.0,1.0,0.05,0.0,38.0,False,all_dynamic_snr,2.9689,0.9582
142,v1,v5,40.0,100.0,10.0,1.0,0.5,0.2,35.699,False,all_dynamic_snr,2.9686,0.9582
142,v1,v6,40.0,180.02,30.0,1.0,0.9001,0.6,34.8873,True,all_dynamic_snr,2.9687,0.9592
142,v3,v4,20.0,3.0,0.0,0.6,0.015,0.0,19.0458,False,all_dynamic_snr,2.96,0.9572
142,v3,v11,20.0,10.0,20.0,0.6,0.05,0.4,17.5229,True,all_dynamic_snr,2.9557,0.9627
142,v3,v15,20.0,30.0,10.0,0.6,0.15,0.2,16.7447,False,all_dynamic_snr,2.9523,0.9563
142,v3,v7,20.0,40.0,10.0,0.6,0.2,0.2,16.4949,False,all_dynamic_snr,2.9496,0.9627
142,v3,v8,20.0,150.03,10.0,0.6,0.7501,0.2,15.3466,True,all_dynamic_snr,2.9452,0.9563
142,v4,v3,40.0,3.0,0.0,1.0,0.015,0.0,39.0458,False,all_dynamic_snr,2.9693,0.9602
142,v4,v11,40.0,10.44,20.0,1.0,0.0522,0.4,37.4855,False,all_dynamic_snr,2.969,0.9582
142,v4,v15,40.0,30.15,10.0,1.0,0.1507,0.2,36.7404,False,all_dynamic_snr,2.9685,0.9582
142,v4,v7,40.0,40.11,10.0,1.0,0.2006,0.2,36.4924,False,all_dynamic_snr,2.9688,0.9582
142,v4,v8,40.0,150.0,10.0,1.0,0.75,0.2,35.3468,False,all_dynamic_snr,2.9691,0.9592
143,v1,v13,40.0,10.0,0.0,1.0,0.05,0.0,38.0,False,all_dynamic_snr,2.969,0.9592
143,v1,v5,40.0,110.0,30.0,1.0,0.55,0.6,35.3152,True,all_dynamic_snr,2.9687,0.9602
143,v3,v4,20.0,3.0,40.0,0.6,0.015,0.8,18.3468,True,all_dynamic_snr,2.9569,0.9563
143,v3,v11,20.0,10.0,40.0,0.6,0.05,0.8,17.301,True,all_dynamic_snr,2.9538,0.9553
143,v3,v15,20.0,20.0,40.0,0.6,0.1,0.8,16.699,True,all_dynamic_snr,2.9534,0.9602
143,v3,v7,20.0,30.0,0.0,0.6,0.15,0.0,17.0458,False,all_dynamic_snr,2.9533,0.9627
143,v3,v19,20.0,140.0,30.0,0.6,0.7,0.6,15.1057,True,all_dynamic_snr,2.9438,0.9637
143,v4,v3,40.0,3.0,40.0,1.0,0.015,0.8,38.3468,True,all_dynamic_snr,2.9691,0.9582
143,v4,v11,40.0,10.44,0.0,1.0,0.0522,0.0,37.9626,False,all_dynamic_snr,2.9689,0.9582
143,v4,v15,40.0,20.22,0.0,1.0,0.1011,0.0,37.3883,False,all_dynamic_snr,2.969,0.9592
143,v4,v7,40.0,30.15,40.0,1.0,0.1507,0.8,36.3425,True,all_dynamic_snr,2.9686,0.9592
143,v4,v19,40.0,140.03,10.0,1.0,0.7002,0.2,35.4065,False,all_dynamic_snr,2.9688,0.9602
144,v1,v13,40.0,10.0,0.0,1.0,0.05,0.0,38.0,False,all_dynamic_snr,2.9687,0.9592
144,v1,v5,40.0,140.0,0.0,1.0,0.7,0.0,35.7077,False,all_dynamic_snr,2.9687,0.9572
144,v3,v15,20.0,20.0,40.0,0.6,0.1,0.8,16.699,True,all_dynamic_snr,2.9517,0.9592
144,v3,v7,20.0,30.0,10.0,0.6,0.15,0.2,16.7447,False,all_dynamic_snr,2.9511,0.9611
144,v3,v11,20.0,30.0,20.0,0.6,0.15,0.4,16.5686,True,all_dynamic_snr,2.9515,0.9563
144,v3,v4,20.0,40.11,20.0,0.6,0.2006,0.4,16.3163,True,all_dynamic_snr,2.9516,0.9602
144,v3,v19,20.0,170.0,30.0,0.6,0.85,0.6,14.937,True,all_dynamic_snr,2.9437,0.9543
144,v4,v11,40.0,10.44,0.0,1.0,0.0522,0.0,37.9626,False,all_dynamic_snr,2.9692,0.9592
144,v4,v15,40.0,20.22,20.0,1.0,0.1011,0.4,36.9112,False,all_dynamic_snr,2.9688,0.9602
144,v4,v3,40.0,40.11,20.0,1.0,0.2006,0.4,36.3163,False,all_dynamic_snr,2.9697,0.9582
144,v4,v7,40.0,70.06,10.0,1.0,0.3503,0.2,36.008,False,all_dynamic_snr,2.969,0.9582
144,v4,v8,40.0,130.0,20.0,1.0,0.65,0.4,35.295,True,all_dynamic_snr,2.9691,0.9592
145,v1,v13,40.0,10.0,20.0,1.0,0.05,0.4,37.5229,False,all_dynamic_snr,2.9686,0.9572
145,v1,v5,40.0,140.0,40.0,1.0,0.7,0.8,35.0088,True,all_dynamic_snr,2.9686,0.9582
145,v3,v11,20.0,10.0,10.0,0.6,0.05,0.2,17.699,False,all_dynamic_snr,2.9564,0.9646
145,v3,v15,20.0,20.0,10.0,0.6,0.1,0.2,17.0969,False,all_dynamic_snr,2.9546,0.9563
145,v3,v4,20.0,20.22,0.0,0.6,0.1011,0.0,17.3883,False,all_dynamic_snr,2.9541,0.9592
145,v3,v7,20.0,40.0,20.0,0.6,0.2,0.4,16.3188,True,all_dynamic_snr,2.9511,0.9582
145,v3,v8,20.0,130.03,40.0,0.6,0.6502,0.8,15.0729,True,all_dynamic_snr,2.9449,0.9553
145,v4,v11,40.0,10.44,10.0,1.0,0.0522,0.2,37.6615,False,all_dynamic_snr,2.9687,0.9592
145,v4,v3,40.0,20.22,0.0,1.0,0.1011,0.0,37.3883,False,all_dynamic_snr,2.9687,0.9582
145,v4,v15,40.0,40.11,10.0,1.0,0.2006,0.2,36.4924,False,all_dynamic_snr,2.9688,0.9582
145,v4,v7,40.0,60.07,20.0,1.0,0.3004,0.4,35.9655,False,all_dynamic_snr,2.9694,0.9582
145,v4,v8,40.0,110.0,40.0,1.0,0.55,0.8,35.2182,True,all_dynamic_snr,2.9692,0.9582
146,v1,v13,40.0,10.0,40.0,1.0,0.05,0.8,37.301,True,all_dynamic_snr,2.969,0.9592
146,v1,v5,40.0,100.0,40.0,1.0,0.5,0.8,35.301,True,all_dynamic_snr,2.9685,0.9592
146,v1,v6,40.0,180.02,20.0,1.0,0.9001,0.4,35.0122,True,all_dynamic_snr,2.9686,0.9592
146,v3,v15,20.0,10.0,10.0,0.6,0.05,0.2,17.699,False,all_dynamic_snr,2.956,0.9582
146,v3,v7,20.0,20.0,0.0,0.6,0.1,0.0,17.3979,False,all_dynamic_snr,2.9542,0.9598
146,v3,v11,20.0,20.0,10.0,0.6,0.1,0.2,17.0969,False,all_dynamic_snr,2.9534,0.9592
146,v3,v4,20.0,20.22,10.0,0.6,0.1011,0.2,17.0872,False,all_dynamic_snr,2.9564,0.9582
146,v3,v19,20.0,150.0,10.0,0.6,0.75,0.2,15.3468,True,all_dynamic_snr,2.9469,0.9617
146,v4,v11,40.0,3.0,20.0,1.0,0.015,0.4,38.5686,False,all_dynamic_snr,2.9691,0.9592
146,v4,v3,40.0,20.22,10.0,1.0,0.1011,0.2,37.0872,False,all_dynamic_snr,2.9691,0.9592
146,v4,v15,40.0,30.15,0.0,1.0,0.1507,0.0,37.0414,False,all_dynamic_snr,2.9689,0.9592
146,v4,v7,40.0,40.11,10.0,1.0,0.2006,0.2,36.4924,False,all_dynamic_snr,2.969,0.9582
146,v4,v19,40.0,130.03,20.0,1.0,0.6502,0.4,35.2948,True,all_dynamic_snr,2.9688,0.9592
147,v1,v13,40.0,30.0,10.0,1.0,0.15,0.2,36.7447,False,all_dynamic_snr,2.9686,0.9592
147,v1,v5,40.0,140.0,20.0,1.0,0.7,0.4,35.2306,True,all_dynamic_snr,2.9691,0.9592
147,v3,v15,20.0,0.0,10.0,0.6,0.0,0.2,21.699,False,all_dynamic_snr,2.9632,0.9582
147,v3,v11,20.0,10.0,10.0,0.6,0.05,0.2,17.699,False,all_dynamic_snr,2.9557,0.9602
147,v3,v7,20.0,20.0,30.0,0.6,0.1,0.6,16.7959,True,all_dynamic_snr,2.9528,0.9568
147,v3,v4,20.0,30.15,20.0,0.6,0.1507,0.4,16.5643,True,all_dynamic_snr,2.9506,0.9621
147,v3,v19,20.0,140.0,20.0,0.6,0.7,0.4,15.2306,True,all_dynamic_snr,2.9444,0.9572
147,v4,v11,40.0,20.22,30.0,1.0,0.1011,0.6,36.7862,False,all_dynamic_snr,2.9688,0.9592
147,v4,v3,40.0,30.15,20.0,1.0,0.1507,0.4,36.5643,False,all_dynamic_snr,2.9693,0.9582
147,v4,v15,40.0,30.15,30.0,1.0,0.1507,0.6,36.4394,False,all_dynamic_snr,2.969,0.9592
147,v4,v7,40.0,50.09,10.0,1.0,0.2504,0.2,36.2995,False,all_dynamic_snr,2.9689,0.9602
147,v4,v19,40.0,110.04,0.0,1.0,0.5502,0.0,35.9169,False,all_dynamic_snr,2.9691,0.9592
148,v1,v13,40.0,20.0,0.0,1.0,0.1,0.0,37.3979,False,all_dynamic_snr,2.9688,0.9592
148,v1,v5,40.0,120.0,20.0,1.0,0.6,0.4,35.3645,False,all_dynamic_snr,2.9689,0.9582
148,v1,v6,40.0,170.03,10.0,1.0,0.8501,0.2,35.2379,True,all_dynamic_snr,2.9691,0.9602
148,v3,v15,20.0,10.0,10.0,0.6,0.05,0.2,17.699,False,all_dynamic_snr,2.9573,0.9572
148,v3,v4,20.0,10.44,30.0,0.6,0.0522,0.6,17.3605,True,all_dynamic_snr,2.9543,0.9572
148,v3,v11,20.0,20.0,20.0,0.6,0.1,0.4,16.9208,True,all_dynamic_snr,2.9533,0.9611
148,v3,v7,20.0,50.0,10.0,0.6,0.25,0.2,16.301,False,all_dynamic_snr,2.951,0.9553
148,v3,v19,20.0,120.0,20.0,0.6,0.6,0.4,15.3645,True,all_dynamic_snr,2.9436,0.9617
148,v4,v15,40.0,3.0,20.0,1.0,0.015,0.4,38.5686,False,all_dynamic_snr,2.9689,0.9592
148,v4,v3,40.0,10.44,30.0,1.0,0.0522,0.6,37.3605,False,all_dynamic_snr,2.9692,0.9582
148,v4,v11,40.0,10.44,10.0,1.0,0.0522,0.2,37.6615,False,all_dynamic_snr,2.9689,0.9592
148,v4,v7,40.0,60.07,40.0,1.0,0.3004,0.8,35.7436,True,all_dynamic_snr,2.9691,0.9582
148,v4,v8,40.0,110.0,40.0,1.0,0.55,0.8,35.2182,True,all_dynamic_snr,2.9685,0.9592
149,v1,v13,40.0,20.0,10.0,1.0,0.1,0.2,37.0969,False,all_dynamic_snr,2.9693,0.9582
149,v1,v5,40.0,100.0,20.0,1.0,0.5,0.4,35.5229,False,all_dynamic_snr,2.9688,0.9582
149,v1,v6,40.0,180.02,0.0,1.0,0.9001,0.0,35.4893,True,all_dynamic_snr,2.9683,0.9592
149,v3,v15,20.0,20.0,10.0,0.6,0.1,0.2,17.0969,False,all_dynamic_snr,2.9532,0.9588
149,v3,v11,20.0,40.0,20.0,0.6,0.2,0.4,16.3188,True,all_dynamic_snr,2.9509,0.9563
149,v3,v4,20.0,40.11,10.0,0.6,0.2006,0.2,16.4924,False,all_dynamic_snr,2.9523,0.9611
149,v3,v7,20.0,60.0,0.0,0.6,0.3,0.0,16.4437,True,all_dynamic_snr,2.9518,0.9572
149,v3,v8,20.0,110.04,10.0,0.6,0.5502,0.2,15.6159,True,all_dynamic_snr,2.9487,0.9572
149,v4,v11,40.0,3.0,10.0,1.0,0.015,0.2,38.7447,False,all_dynamic_snr,2.9687,0.9592
149,v4,v15,40.0,20.22,20.0,1.0,0.1011,0.4,36.9112,False,all_dynamic_snr,2.9692,0.9592
149,v4,v3,40.0,40.11,10.0,1.0,0.2006,0.2,36.4924,False,all_dynamic_snr,2.9686,0.9592
149,v4,v8,40.0,70.0,20.0,1.0,0.35,0.4,35.8327,False,all_dynamic_snr,2.9688,0.9602
149,v4,v7,40.0,100.04,10.0,1.0,0.5002,0.2,35.6986,False,all_dynamic_snr,2.9689,0.9592
150,v1,v13,40.0,10.0,10.0,1.0,0.05,0.2,37.699,False,all_dynamic_snr,2.969,0.9592
150,v1,v5,40.0,120.0,0.0,1.0,0.6,0.0,35.8416,False,all_dynamic_snr,2.9689,0.9592
150,v1,v6,40.0,180.02,10.0,1.0,0.9001,0.2,35.1883,True,all_dynamic_snr,2.9691,0.9602
150,v3,v11,20.0,20.0,20.0,0.6,0.1,0.4,16.9208,True,all_dynamic_snr,2.9524,0.9582
150,v3,v15,20.0,30.0,0.0,0.6,0.15,0.0,17.0458,False,all_dynamic_snr,2.9517,0.9578
150,v3,v4,20.0,30.15,10.0,0.6,0.1507,0.2,16.7404,False,all_dynamic_snr,2.9524,0.9572
150,v3,v7,20.0,60.0,20.0,0.6,0.3,0.4,15.9666,True,all_dynamic_snr,2.9508,0.9607
150,v3,v8,20.0,120.04,10.0,0.6,0.6002,0.2,15.5403,True,all_dynamic_snr,2.9485,0.9555
150,v4,v15,40.0,3.0,10.0,1.0,0.015,0.2,38.7447,False,all_dynamic_snr,2.9691,0.9592
150,v4,v11,40.0,10.44,10.0,1.0,0.0522,0.2,37.6615,False,all_dynamic_snr,2.969,0.9592
150,v4,v3,40.0,30.15,10.0,1.0,0.1507,0.2,36.7404,False,all_dynamic_snr,2.9692,0.9602
150,v4,v8,40.0,90.0,0.0,1.0,0.45,0.0,36.0915,False,all_dynamic_snr,2.969,0.9572
150,v4,v7,40.0,90.05,10.0,1.0,0.4502,0.2,35.79,False,all_dynamic_snr,2.969,0.9602
151,v1,v13,40.0,20.0,20.0,1.0,0.1,0.4,36.9208,False,all_dynamic_snr,2.9692,0.9592
151,v1,v5,40.0,120.0,0.0,1.0,0.6,0.0,35.8416,False,all_dynamic_snr,2.9687,0.9563
151,v1,v6,40.0,170.03,20.0,1.0,0.8501,0.4,35.0618,True,all_dynamic_snr,2.9688,0.9592
151,v3,v15,20.0,30.0,10.0,0.6,0.15,0.2,16.7447,False,all_dynamic_snr,2.9533,0.9533
151,v3,v7,20.0,40.0,20.0,0.6,0.2,0.4,16.3188,True,all_dynamic_snr,2.9508,0.9559
151,v3,v11,20.0,40.0,10.0,0.6,0.2,0.2,16.4949,False,all_dynamic_snr,2.953,0.9588
151,v3,v4,20.0,40.11,10.0,0.6,0.2006,0.2,16.4924,False,all_dynamic_snr,2.9485,0.9568
151,v3,v19,20.0,130.0,10.0,0.6,0.65,0.2,15.4711,True,all_dynamic_snr,2.9466,0.9607
151,v4,v11,40.0,3.0,20.0,1.0,0.015,0.4,38.5686,False,all_dynamic_snr,2.9691,0.9592
151,v4,v15,40.0,10.44,20.0,1.0,0.0522,0.4,37.4855,False,all_dynamic_snr,2.9691,0.9602
151,v4,v3,40.0,40.11,10.0,1.0,0.2006,0.2,36.4924,False,all_dynamic_snr,2.969,0.9582
151,v4,v7,40.0,80.06,10.0,1.0,0.4003,0.2,35.8922,False,all_dynamic_snr,2.9682,0.9592
151,v4,v8,40.0,90.0,20.0,1.0,0.45,0.4,35.6144,False,all_dynamic_snr,2.9696,0.9582
152,v1,v13,40.0,40.0,20.0,1.0,0.2,0.4,36.3188,False,all_dynamic_snr,2.9684,0.9572
152,v1,v5,40.0,120.0,0.0,1.0,0.6,0.0,35.8416,False,all_dynamic_snr,2.969,0.9592
152,v1,v6,40.0,190.02,20.0,1.0,0.9501,0.4,34.9653,True,all_dynamic_snr,2.9693,0.9592
152,v3,v4,20.0,30.15,10.0,0.6,0.1507,0.2,16.7404,False,all_dynamic_snr,2.9517,0.9578
152,v3,v15,20.0,40.0,30.0,0.6,0.2,0.6,16.1938,True,all_dynamic_snr,2.95,0.9617
152,v3,v11,20.0,50.0,20.0,0.6,0.25,0.4,16.1249,True,all_dynamic_snr,2.9507,0.9563
152,v3,v7,20.0,60.0,20.0,0.6,0.3,0.4,15.9666,True,all_dynamic_snr,2.9488,0.9592
152,v3,v19,20.0,120.0,10.0,0.6,0.6,0.2,15.5406,True,all_dynamic_snr,2.9468,0.9578
152,v4,v15,40.0,10.44,20.0,1.0,0.0522,0.4,37.4855,False,all_dynamic_snr,2.9685,0.9582
152,v4,v11,40.0,20.22,10.0,1.0,0.1011,0.2,37.0872,False,all_dynamic_snr,2.9687,0.9592
152,v4,v3,40.0,30.15,10.0,1.0,0.1507,0.2,36.7404,False,all_dynamic_snr,2.9688,0.9602
152,v4,v7,40.0,90.05,10.0,1.0,0.4502,0.2,35.79,False,all_dynamic_snr,2.9685,0.9592
152,v4,v19,40.0,90.05,0.0,1.0,0.4502,0.0,36.091,False,all_dynamic_snr,2.969,0.9572
153,v1,v13,40.0,20.0,40.0,1.0,0.1,0.8,36.699,True,all_dynamic_snr,2.9685,0.9582
153,v1,v5,40.0,120.0,20.0,1.0,0.6,0.4,35.3645,False,all_dynamic_snr,2.9684,0.9592
153,v1,v6,40.0,170.03,30.0,1.0,0.8501,0.6,34.9369,True,all_dynamic_snr,2.968,0.9611
153,v3,v15,20.0,10.0,0.0,0.6,0.05,0.0,18.0,False,all_dynamic_snr,2.9565,0.9582
153,v3,v4,20.0,20.22,10.0,0.6,0.1011,0.2,17.0872,False,all_dynamic_snr,2.9527,0.9572
153,v3,v11,20.0,30.0,20.0,0.6,0.15,0.4,16.5686,True,all_dynamic_snr,2.9518,0.9582
153,v3,v7,20.0,80.0,40.0,0.6,0.4,0.8,15.4949,True,all_dynamic_snr,2.9469,0.9617
153,v3,v19,20.0,110.0,40.0,0.6,0.55,0.8,15.2182,True,all_dynamic_snr,2.9448,0.9588
153,v4,v11,40.0,10.44,10.0,1.0,0.0522,0.2,37.6615,False,all_dynamic_snr,2.9692,0.9592
153,v4,v15,40.0,10.44,10.0,1.0,0.0522,0.2,37.6615,False,all_dynamic_snr,2.969,0.9592
153,v4,v3,40.0,20.22,10.0,1.0,0.1011,0.2,37.0872,False,all_dynamic_snr,2.9688,0.9572
153,v4,v19,40.0,90.05,30.0,1.0,0.4502,0.6,35.489,True,all_dynamic_snr,2.969,0.9582
153,v4,v7,40.0,100.04,30.0,1.0,0.5002,0.6,35.3975,True,all_dynamic_snr,2.969,0.9602
154,v1,v13,40.0,60.0,10.0,1.0,0.3,0.2,36.1427,False,all_dynamic_snr,2.9689,0.9582
154,v1,v5,40.0,140.0,20.0,1.0,0.7,0.4,35.2306,True,all_dynamic_snr,2.9687,0.9602
154,v3,v11,20.0,10.0,10.0,0.6,0.05,0.2,17.699,False,all_dynamic_snr,2.9553,0.9611
154,v3,v15,20.0,10.0,10.0,0.6,0.05,0.2,17.699,False,all_dynamic_snr,2.9543,0.9598
154,v3,v4,20.0,10.44,20.0,0.6,0.0522,0.4,17.4855,True,all_dynamic_snr,2.9544,0.9582
154,v3,v19,20.0,70.0,0.0,0.6,0.35,0.0,16.3098,True,all_dynamic_snr,2.9495,0.9572
154,v3,v7,20.0,120.0,20.0,0.6,0.6,0.4,15.3645,True,all_dynamic_snr,2.9461,0.9559
154,v4,v11,40.0,3.0,10.0,1.0,0.015,0.2,38.7447,False,all_dynamic_snr,2.9691,0.9592
154,v4,v15,40.0,3.0,10.0,1.0,0.015,0.2,38.7447,False,all_dynamic_snr,2.9686,0.9592
154,v4,v3,40.0,10.44,20.0,1.0,0.0522,0.4,37.4855,False,all_dynamic_snr,2.9691,0.9582
154,v4,v19,40.0,60.07,20.0,1.0,0.3004,0.4,35.9655,False,all_dynamic_snr,2.9685,0.9582
154,v4,v7,40.0,130.03,0.0,1.0,0.6502,0.0,35.7719,False,all_dynamic_snr,2.9688,0.9602
155,v1,v13,40.0,70.0,20.0,1.0,0.35,0.4,35.8327,False,all_dynamic_snr,2.9685,0.9602
155,v1,v5,40.0,160.0,20.0,1.0,0.8,0.4,35.1146,True,all_dynamic_snr,2.9685,0.9582
155,v3,v11,20.0,0.0,0.0,0.6,0.0,0.0,22.0,False,all_dynamic_snr,2.9646,0.9553
155,v3,v15,20.0,0.0,30.0,0.6,0.0,0.6,21.3979,True,all_dynamic_snr,2.9642,0.9572
155,v3,v4,20.0,10.44,20.0,0.6,0.0522,0.4,17.4855,True,all_dynamic_snr,2.9539,0.9592
155,v3,v19,20.0,70.0,30.0,0.6,0.35,0.6,15.7077,True,all_dynamic_snr,2.9477,0.9592
155,v3,v8,20.0,120.04,0.0,0.6,0.6002,0.0,15.8414,True,all_dynamic_snr,2.9495,0.9637
155,v4,v3,40.0,10.44,20.0,1.0,0.0522,0.4,37.4855,False,all_dynamic_snr,2.969,0.9592
155,v4,v11,40.0,10.44,20.0,1.0,0.0522,0.4,37.4855,False,all_dynamic_snr,2.9688,0.9582
155,v4,v15,40.0,10.44,10.0,1.0,0.0522,0.2,37.6615,False,all_dynamic_snr,2.9691,0.9592
155,v4,v19,40.0,80.06,10.0,1.0,0.4003,0.2,35.8922,False,all_dynamic_snr,2.969,0.9592
155,v4,v8,40.0,130.0,20.0,1.0,0.65,0.4,35.295,True,all_dynamic_snr,2.9692,0.9582
156,v1,v13,40.0,90.0,0.0,1.0,0.45,0.0,36.0915,False,all_dynamic_snr,2.9682,0.9582
156,v1,v5,40.0,140.0,0.0,1.0,0.7,0.0,35.7077,False,all_dynamic_snr,2.9685,0.9602
156,v3,v11,20.0,0.0,20.0,0.6,0.0,0.4,21.5229,True,all_dynamic_snr,2.9642,0.9592
156,v3,v4,20.0,10.44,30.0,0.6,0.0522,0.6,17.3605,True,all_dynamic_snr,2.9537,0.9617
156,v3,v15,20.0,30.0,20.0,0.6,0.15,0.4,16.5686,True,all_dynamic_snr,2.952,0.9627
156,v3,v19,20.0,100.0,20.0,0.6,0.5,0.4,15.5229,True,all_dynamic_snr,2.9489,0.9553
156,v3,v8,20.0,120.04,20.0,0.6,0.6002,0.4,15.3642,True,all_dynamic_snr,2.9459,0.9602
156,v4,v3,40.0,10.44,30.0,1.0,0.0522,0.6,37.3605,False,all_dynamic_snr,2.9688,0.9582
156,v4,v11,40.0,10.44,10.0,1.0,0.0522,0.2,37.6615,False,all_dynamic_snr,2.9689,0.9602
156,v4,v15,40.0,20.22,10.0,1.0,0.1011,0.2,37.0872,False,all_dynamic_snr,2.9688,0.9582
156,v4,v19,40.0,90.05,10.0,1.0,0.4502,0.2,35.79,False,all_dynamic_snr,2.9683,0.9592
156,v4,v8,40.0,110.0,10.0,1.0,0.55,0.2,35.6162,False,all_dynamic_snr,2.9687,0.9582
157,v1,v13,40.0,90.0,10.0,1.0,0.45,0.2,35.7905,False,all_dynamic_snr,2.9688,0.9592
157,v1,v5,40.0,140.0,20.0,1.0,0.7,0.4,35.2306,True,all_dynamic_snr,2.9691,0.9582
157,v1,v6,40.0,190.02,20.0,1.0,0.9501,0.4,34.9653,True,all_dynamic_snr,2.9689,0.9582
157,v3,v15,20.0,10.0,20.0,0.6,0.05,0.4,17.5229,True,all_dynamic_snr,2.9523,0.9592
157,v3,v11,20.0,20.0,10.0,0.6,0.1,0.2,17.0969,False,all_dynamic_snr,2.9535,0.9592
157,v3,v4,20.0,20.22,30.0,0.6,0.1011,0.6,16.7862,True,all_dynamic_snr,2.9529,0.9504
157,v3,v19,20.0,80.0,0.0,0.6,0.4,0.0,16.1938,True,all_dynamic_snr,2.9488,0.9553
157,v3,v8,20.0,100.04,30.0,0.6,0.5002,0.6,15.3975,True,all_dynamic_snr,2.9424,0.9582
157,v4,v11,40.0,3.0,40.0,1.0,0.015,0.8,38.3468,True,all_dynamic_snr,2.9685,0.9602
157,v4,v3,40.0,20.22,30.0,1.0,0.1011,0.6,36.7862,False,all_dynamic_snr,2.9689,0.9582
157,v4,v15,40.0,30.15,10.0,1.0,0.1507,0.2,36.7404,False,all_dynamic_snr,2.9687,0.9592
157,v4,v19,40.0,100.04,30.0,1.0,0.5002,0.6,35.3975,True,all_dynamic_snr,2.9688,0.9592
157,v4,v8,40.0,120.0,0.0,1.0,0.6,0.0,35.8416,False,all_dynamic_snr,2.9692,0.9592
158,v1,v13,40.0,100.0,10.0,1.0,0.5,0.2,35.699,False,all_dynamic_snr,2.9686,0.9582
158,v1,v5,40.0,160.0,20.0,1.0,0.8,0.4,35.1146,True,all_dynamic_snr,2.9685,0.9592
158,v3,v4,20.0,10.44,10.0,0.6,0.0522,0.2,17.6615,False,all_dynamic_snr,2.9562,0.9572
158,v3,v11,20.0,30.0,10.0,0.6,0.15,0.2,16.7447,False,all_dynamic_snr,2.953,0.9617
158,v3,v15,20.0,30.0,0.0,0.6,0.15,0.0,17.0458,False,all_dynamic_snr,2.9532,0.9553
158,v3,v19,20.0,80.0,20.0,0.6,0.4,0.4,15.7167,True,all_dynamic_snr,2.948,0.9582
158,v3,v8,20.0,130.03,40.0,0.6,0.6502,0.8,15.0729,True,all_dynamic_snr,2.9445,0.9553
158,v4,v3,40.0,10.44,10.0,1.0,0.0522,0.2,37.6615,False,all_dynamic_snr,2.9692,0.9592
158,v4,v15,40.0,20.22,10.0,1.0,0.1011,0.2,37.0872,False,all_dynamic_snr,2.9687,0.9602
158,v4,v11,40.0,40.11,0.0,1.0,0.2006,0.0,36.7934,False,all_dynamic_snr,2.9691,0.9592
158,v4,v19,40.0,70.06,10.0,1.0,0.3503,0.2,36.008,False,all_dynamic_snr,2.9683,0.9592
158,v4,v8,40.0,120.0,30.0,1.0,0.6,0.6,35.2396,True,all_dynamic_snr,2.9684,0.9592
159,v1,v13,40.0,110.0,30.0,1.0,0.55,0.6,35.3152,True,all_dynamic_snr,2.9689,0.9592
159,v1,v5,40.0,140.0,0.0,1.0,0.7,0.0,35.7077,False,all_dynamic_snr,2.9688,0.9582
159,v3,v11,20.0,20.0,20.0,0.6,0.1,0.4,16.9208,True,all_dynamic_snr,2.9534,0.9553
159,v3,v4,20.0,20.22,20.0,0.6,0.1011,0.4,16.9112,True,all_dynamic_snr,2.9537,0.9553
159,v3,v15,20.0,30.0,10.0,0.6,0.15,0.2,16.7447,False,all_dynamic_snr,2.9529,0.9592
159,v3,v19,20.0,100.0,10.0,0.6,0.5,0.2,15.699,True,all_dynamic_snr,2.9471,0.9598
159,v3,v7,20.0,150.0,10.0,0.6,0.75,0.2,15.3468,True,all_dynamic_snr,2.9465,0.9588
159,v4,v15,40.0,10.44,30.0,1.0,0.0522,0.6,37.3605,False,all_dynamic_snr,2.9687,0.9602
159,v4,v3,40.0,20.22,20.0,1.0,0.1011,0.4,36.9112,False,all_dynamic_snr,2.9686,0.9582
159,v4,v11,40.0,40.11,40.0,1.0,0.2006,0.8,36.0945,True,all_dynamic_snr,2.9687,0.9582
159,v4,v19,40.0,80.06,10.0,1.0,0.4003,0.2,35.8922,False,all_dynamic_snr,2.9688,0.9592
159,v4,v8,40.0,150.0,40.0,1.0,0.75,0.8,34.9488,True,all_dynamic_snr,2.9688,0.9592
160,v1,v13,40.0,80.0,20.0,1.0,0.4,0.4,35.7167,False,all_dynamic_snr,2.9685,0.9592
160,v1,v5,40.0,140.0,0.0,1.0,0.7,0.0,35.7077,False,all_dynamic_snr,2.969,0.9582
160,v1,v6,40.0,190.02,0.0,1.0,0.9501,0.0,35.4424,True,all_dynamic_snr,2.9692,0.9602
160,v3,v15,20.0,20.0,20.0,0.6,0.1,0.4,16.9208,True,all_dynamic_snr,2.9518,0.9598
160,v3,v11,20.0,40.0,10.0,0.6,0.2,0.2,16.4949,False,all_dynamic_snr,2.9496,0.9607
160,v3,v4,20.0,40.11,10.0,0.6,0.2006,0.2,16.4924,False,all_dynamic_snr,2.9525,0.9598
160,v3,v19,20.0,110.0,0.0,0.6,0.55,0.0,15.9172,True,all_dynamic_snr,2.9506,0.9602
160,v3,v7,20.0,140.0,10.0,0.6,0.7,0.2,15.4067,True,all_dynamic_snr,2.9485,0.9543
160,v4,v15,40.0,20.22,10.0,1.0,0.1011,0.2,37.0872,False,all_dynamic_snr,2.9689,0.9572
160,v4,v3,40.0,40.11,10.0,1.0,0.2006,0.2,36.4924,False,all_dynamic_snr,2.9686,0.9582
160,v4,v19,40.0,70.06,10.0,1.0,0.3503,0.2,36.008,False,all_dynamic_snr,2.9689,0.9592
160,v4,v11,40.0,80.06,0.0,1.0,0.4003,0.0,36.1932,False,all_dynamic_snr,2.9686,0.9592
160,v4,v8,40.0,110.0,10.0,1.0,0.55,0.2,35.6162,False,all_dynamic_snr,2.9692,0.9582
10,v1,v2,40.0,20.22,20.0,1.0,0.1011,0.4,36.9112,False,all_direct,36.8907,0.998
10,v1,v5,40.0,110.0,20.0,1.0,0.55,0.4,35.4401,False,all_direct,35.4087,0.999
10,v1,v6,40.0,190.02,10.0,1.0,0.9501,0.2,35.1414,True,all_direct,35.1155,0.998
10,v2,v1,20.0,20.22,20.0,0.6,0.1011,0.4,16.9112,True,all_direct,16.8832,0.9941
10,v2,v5,20.0,130.03,40.0,0.6,0.6502,0.8,15.0729,True,all_direct,15.052,0.9971
10,v3,v4,20.0,50.09,30.0,0.6,0.2504,0.6,15.9984,True,all_direct,15.9721,0.999
10,v3,v7,20.0,100.0,30.0,0.6,0.5,0.6,15.3979,True,all_direct,15.376,0.998
10,v3,v8,20.0,130.03,10.0,0.6,0.6502,0.2,15.4709,True,all_direct,15.4377,0.9961
10,v4,v3,40.0,50.09,30.0,1.0,0.2504,0.6,35.9984,False,all_direct,35.965,0.999
10,v4,v7,40.0,50.09,0.0,1.0,0.2504,0.0,36.6005,False,all_direct,36.5766,1.0
10,v4,v8,40.0,80.0,20.0,1.0,0.4,0.4,35.7167,False,all_direct,35.6963,0.999
10,v4,v12,40.0,170.0,20.0,1.0,0.85,0.4,35.062,True,all_direct,35.0408,0.998
10,v4,v16,40.0,170.0,20.0,1.0,0.85,0.4,35.062,True,all_direct,35.0361,0.999
11,v1,v2,40.0,3.0,10.0,1.0,0.015,0.2,38.7447,False,all_direct,38.7313,1.0
11,v1,v5,40.0,90.0,10.0,1.0,0.45,0.2,35.7905,False,all_direct,35.7781,0.999
11,v2,v1,20.0,3.0,10.0,0.6,0.015,0.2,18.7447,False,all_direct,18.7253,0.998
11,v2,v5,20.0,90.05,20.0,0.6,0.4502,0.4,15.6139,True,all_direct,15.6001,0.998
11,v2,v6,20.0,200.0,0.0,0.6,1.0,0.0,15.3979,True,all_direct,15.3677,0.9971
11,v3,v4,20.0,80.06,10.0,0.6,0.4003,0.2,15.8922,True,all_direct,15.8572,0.9971
11,v3,v7,20.0,130.0,30.0,0.6,0.65,0.6,15.1701,True,all_direct,15.1546,0.998
11,v3,v8,20.0,140.03,20.0,0.6,0.7002,0.4,15.2304,True,all_direct,15.2043,0.9961
11,v4,v7,40.0,50.09,20.0,1.0,0.2504,0.4,36.1234,False,all_direct,36.1043,1.0
11,v4,v8,40.0,60.0,10.0,1.0,0.3,0.2,36.1427,False,all_direct,36.1037,1.0
11,v4,v3,40.0,80.06,10.0,1.0,0.4003,0.2,35.8922,False,all_direct,35.879,1.0
11,v4,v11,40.0,140.03,30.0,1.0,0.7002,0.6,35.1055,True,all_direct,35.0823,1.0
11,v4,v12,40.0,190.0,10.0,1.0,0.95,0.2,35.1415,True,all_direct,35.1176,0.999
12,v1,v2,40.0,10.44,20.0,1.0,0.0522,0.4,37.4855,False,all_direct,37.461,1.0
12,v1,v5,40.0,100.0,0.0,1.0,0.5,0.0,36.0,False,all_direct,35.967,0.999
12,v1,v6,40.0,190.02,10.0,1.0,0.9501,0.2,35.1414,True,all_direct,35.1137,1.0
12,v2,v1,20.0,10.44,20.0,0.6,0.0522,0.4,17.4855,True,all_direct,17.4625,0.998
12,v2,v5,20.0,110.04,20.0,0.6,0.5502,0.4,15.4398,True,all_direct,15.4218,1.0
12,v2,v6,20.0,200.0,10.0,0.6,1.0,0.2,15.0969,True,all_direct,15.0713,0.9961
12,v3,v4,20.0,70.06,0.0,0.6,0.3503,0.0,16.309,True,all_direct,16.2791,0.999
12,v3,v7,20.0,100.0,20.0,0.6,0.5,0.4,15.5229,True,all_direct,15.5018,0.998
12,v3,v8,20.0,120.04,20.0,0.6,0.6002,0.4,15.3642,True,all_direct,15.3383,0.9922
12,v3,v11,20.0,180.0,10.0,0.6,0.9,0.2,15.1884,True,all_direct,15.1627,0.998
12,v4,v7,40.0,30.15,20.0,1.0,0.1507,0.4,36.5643,False,all_direct,36.5421,0.999
12,v4,v8,40.0,50.0,20.0,1.0,0.25,0.4,36.1249,False,all_direct,36.0996,0.999
12,v4,v3,40.0,70.06,0.0,1.0,0.3503,0.0,36.309,False,all_direct,36.2893,1.0
12,v4,v11,40.0,110.04,10.0,1.0,0.5502,0.2,35.6159,False,all_direct,35.5868,1.0
12,v4,v12,40.0,180.0,10.0,1.0,0.9,0.2,35.1884,True,all_direct,35.1511,1.0
13,v1,v2,40.0,30.15,10.0,1.0,0.1507,0.2,36.7404,False,all_direct,36.7279,1.0
13,v1,v5,40.0,100.0,30.0,1.0,0.5,0.6,35.3979,True,all_direct,35.3765,1.0
13,v1,v6,40.0,180.02,0.0,1.0,0.9001,0.0,35.4893,True,all_direct,35.4732,0.999
13,v2,v1,20.0,30.15,10.0,0.6,0.1507,0.2,16.7404,False,all_direct,16.7183,0.9951
13,v2,v5,20.0,130.03,20.0,0.6,0.6502,0.4,15.2948,True,all_direct,15.2667,0.9961
13,v3,v4,20.0,70.06,10.0,0.6,0.3503,0.2,16.008,True,all_direct,15.9899,0.9941
13,v3,v7,20.0,120.0,10.0,0.6,0.6,0.2,15.5406,True,all_direct,15.5233,0.998
13,v3,v8,20.0,140.03,20.0,0.6,0.7002,0.4,15.2304,True,all_direct,15.1973,0.9961
13,v3,v11,20.0,190.0,10.0,0.6,0.95,0.2,15.1415,True,all_direct,15.1083,0.9961
13,v4,v7,40.0,50.09,20.0,1.0,0.2504,0.4,36.1234,False,all_direct,36.1066,1.0
13,v4,v8,40.0,70.0,10.0,1.0,0.35,0.2,36.0088,False,all_direct,35.9828,0.999
13,v4,v3,40.0,70.06,10.0,1.0,0.3503,0.2,36.008,False,all_direct,35.9759,0.999
13,v4,v11,40.0,120.04,0.0,1.0,0.6002,0.0,35.8414,False,all_direct,35.8158,0.998
13,v4,v12,40.0,170.0,0.0,1.0,0.85,0.0,35.5391,True,all_direct,35.5054,1.0
14,v1,v2,40.0,20.22,30.0,1.0,0.1011,0.6,36.7862,False,all_direct,36.7466,1.0
14,v1,v5,40.0,130.0,30.0,1.0,0.65,0.6,35.1701,True,all_direct,35.1462,0.999
14,v1,v6,40.0,180.02,40.0,1.0,0.9001,0.8,34.7904,True,all_direct,34.7642,0.999
14,v2,v1,20.0,20.22,30.0,0.6,0.1011,0.6,16.7862,True,all_direct,16.7675,0.9961
14,v2,v5,20.0,150.03,0.0,0.6,0.7501,0.0,15.6476,True,all_direct,15.6247,0.9951
14,v2,v6,20.0,200.0,10.0,0.6,1.0,0.2,15.0969,True,all_direct,15.0663,0.9971
14,v3,v4,20.0,80.06,10.0,0.6,0.4003,0.2,15.8922,True,all_direct,15.869,0.9941
14,v3,v7,20.0,110.0,10.0,0.6,0.55,0.2,15.6162,True,all_direct,15.5899,0.9951
14,v3,v8,20.0,160.03,10.0,0.6,0.8001,0.2,15.2906,True,all_direct,15.2556,0.9951
14,v3,v11,20.0,200.0,10.0,0.6,1.0,0.2,15.0969,True,all_direct,15.0685,0.9971
14,v4,v7,40.0,30.15,20.0,1.0,0.1507,0.4,36.5643,False,all_direct,36.5351,1.0
14,v4,v8,40.0,80.0,0.0,1.0,0.4,0.0,36.1938,False,all_direct,36.1632,1.0
14,v4,v3,40.0,80.06,10.0,1.0,0.4003,0.2,35.8922,False,all_direct,35.8651,0.998
14,v4,v11,40.0,120.04,0.0,1.0,0.6002,0.0,35.8414,False,all_direct,35.8057,1.0
14,v4,v12,40.0,170.0,20.0,1.0,0.85,0.4,35.062,True,all_direct,35.0516,0.999
15,v1,v2,40.0,50.09,20.0,1.0,0.2504,0.4,36.1234,False,all_direct,36.0947,1.0
15,v1,v5,40.0,100.0,10.0,1.0,0.5,0.2,35.699,False,all_direct,35.6653,1.0
15,v1,v6,40.0,140.03,10.0,1.0,0.7002,0.2,35.4065,False,all_direct,35.3791,0.999
15,v2,v1,20.0,50.09,20.0,0.6,0.2504,0.4,16.1234,True,all_direct,16.0993,0.998
15,v2,v5,20.0,150.03,10.0,0.6,0.7501,0.2,15.3466,True,all_direct,15.3352,0.9971
15,v2,v6,20.0,190.0,30.0,0.6,0.95,0.6,14.8404,True,all_direct,14.8221,0.9971
15,v3,v4,20.0,70.06,30.0,0.6,0.3503,0.6,15.7069,True,all_direct,15.6764,0.9971
15,v3,v7,20.0,120.0,20.0,0.6,0.6,0.4,15.3645,True,all_direct,15.3466,0.9955
15,v3,v8,20.0,150.03,10.0,0.6,0.7501,0.2,15.3466,True,all_direct,15.3245,0.9951
15,v3,v11,20.0,190.0,10.0,0.6,0.95,0.2,15.1415,True,all_direct,15.1083,0.998
15,v4,v7,40.0,50.09,10.0,1.0,0.2504,0.2,36.2995,False,all_direct,36.2775,1.0
15,v4,v3,40.0,70.06,30.0,1.0,0.3503,0.6,35.7069,False,all_direct,35.6778,0.999
15,v4,v8,40.0,80.0,40.0,1.0,0.4,0.8,35.4949,True,all_direct,35.47,1.0
15,v4,v11,40.0,120.04,40.0,1.0,0.6002,0.8,35.1424,True,all_direct,35.1221,0.998
15,v4,v12,40.0,190.0,40.0,1.0,0.95,0.8,34.7435,True,all_direct,34.7093,1.0
16,v1,v2,40.0,30.15,0.0,1.0,0.1507,0.0,37.0414,False,all_direct,37.0194,1.0
16,v1,v5,40.0,110.0,20.0,1.0,0.55,0.4,35.4401,False,all_direct,35.4237,1.0
16,v1,v6,40.0,130.03,10.0,1.0,0.6502,0.2,35.4709,False,all_direct,35.4347,0.998
16,v2,v1,20.0,30.15,0.0,0.6,0.1507,0.0,17.0414,False,all_direct,17.0156,0.9961
16,v2,v5,20.0,140.03,20.0,0.6,0.7002,0.4,15.2304,True,all_direct,15.215,0.9961
16,v2,v6,20.0,160.0,10.0,0.6,0.8,0.2,15.2907,True,all_direct,15.2774,0.9951
16,v3,v4,20.0,100.04,40.0,0.6,0.5002,0.8,15.3006,True,all_direct,15.277,0.9971
16,v3,v7,20.0,140.0,0.0,0.6,0.7,0.0,15.7077,True,all_direct,15.6804,0.998
16,v3,v8,20.0,140.03,0.0,0.6,0.7002,0.0,15.7075,True,all_direct,15.6707,0.9971
16,v3,v11,20.0,180.0,10.0,0.6,0.9,0.2,15.1884,True,all_direct,15.1551,0.9941
16,v4,v8,40.0,40.0,40.0,1.0,0.2,0.8,36.0969,True,all_direct,36.0791,0.998
16,v4,v7,40.0,40.11,40.0,1.0,0.2006,0.8,36.0945,True,all_direct,36.0723,1.0
16,v4,v11,40.0,80.06,30.0,1.0,0.4003,0.6,35.5911,False,all_direct,35.5613,1.0
16,v4,v3,40.0,100.04,40.0,1.0,0.5002,0.8,35.3006,True,all_direct,35.2733,0.999
16,v4,v12,40.0,150.0,40.0,1.0,0.75,0.8,34.9488,True,all_direct,34.9186,0.999
17,v1,v2,40.0,30.15,40.0,1.0,0.1507,0.8,36.3425,True,all_direct,36.3164,1.0
17,v1,v5,40.0,130.0,30.0,1.0,0.65,0.6,35.1701,True,all_direct,35.15,1.0
17,v1,v6,40.0,140.03,40.0,1.0,0.7002,0.8,35.0086,True,all_direct,34.9872,0.999
17,v2,v1,20.0,30.15,40.0,0.6,0.1507,0.8,16.3425,True,all_direct,16.3164,0.9941
17,v2,v5,20.0,160.03,10.0,0.6,0.8001,0.2,15.2906,True,all_direct,15.2622,0.9961
17,v2,v6,20.0,170.0,0.0,0.6,0.85,0.0,15.5391,True,all_direct,15.5167,0.9932
17,v3,v4,20.0,60.07,0.0,0.6,0.3004,0.0,16.4426,True,all_direct,16.4208,0.998
17,v3,v7,20.0,140.0,0.0,0.6,0.7,0.0,15.7077,True,all_direct,15.6689,0.9971
17,v3,v8,20.0,140.03,10.0,0.6,0.7002,0.2,15.4065,True,all_direct,15.3741,0.9961
17,v3,v11,20.0,170.0,20.0,0.6,0.85,0.4,15.062,True,all_direct,15.029,0.998
17,v4,v3,40.0,60.07,0.0,1.0,0.3004,0.0,36.4426,False,all_direct,36.4218,0.998
17,v4,v8,40.0,80.0,10.0,1.0,0.4,0.2,35.8928,False,all_direct,35.8648,1.0
17,v4,v7,40.0,80.06,0.0,1.0,0.4003,0.0,36.1932,False,all_direct,36.1819,0.999
17,v4,v11,40.0,110.04,20.0,1.0,0.5502,0.4,35.4398,False,all_direct,35.4116,0.999
17,v4,v12,40.0,190.0,0.0,1.0,0.95,0.0,35.4425,True,all_direct,35.4022,1.0
18,v1,v2,40.0,70.06,10.0,1.0,0.3503,0.2,36.008,False,all_direct,35.9788,0.998
18,v1,v5,40.0,100.0,30.0,1.0,0.5,0.6,35.3979,True,all_direct,35.3773,0.999
18,v1,v6,40.0,100.04,40.0,1.0,0.5002,0.8,35.3006,True,all_direct,35.2698,0.999
18,v2,v1,20.0,70.06,10.0,0.6,0.3503,0.2,16.008,True,all_direct,15.9737,0.998
18,v2,v6,20.0,170.0,30.0,0.6,0.85,0.6,14.937,True,all_direct,14.9163,0.9951
18,v2,v5,20.0,170.03,20.0,0.6,0.8501,0.4,15.0618,True,all_direct,15.0356,0.999
18,v3,v4,20.0,60.07,10.0,0.6,0.3004,0.2,16.1416,True,all_direct,16.1233,0.9961
18,v3,v8,20.0,130.03,0.0,0.6,0.6502,0.0,15.7719,True,all_direct,15.7403,0.9971
18,v3,v7,20.0,140.0,20.0,0.6,0.7,0.4,15.2306,True,all_direct,15.2051,0.9932
18,v3,v11,20.0,150.0,10.0,0.6,0.75,0.2,15.3468,True,all_direct,15.3261,0.9941
18,v4,v3,40.0,60.07,10.0,1.0,0.3004,0.2,36.1416,False,all_direct,36.1164,1.0
18,v4,v8,40.0,70.0,10.0,1.0,0.35,0.2,36.0088,False,all_direct,35.989,0.999
18,v4,v7,40.0,80.06,10.0,1.0,0.4003,0.2,35.8922,False,all_direct,35.8699,1.0
18,v4,v11,40.0,90.05,0.0,1.0,0.4502,0.0,36.091,False,all_direct,36.0614,0.999
18,v4,v12,40.0,190.0,30.0,1.0,0.95,0.6,34.8404,True,all_direct,34.8024,1.0
19,v1,v2,40.0,60.07,20.0,1.0,0.3004,0.4,35.9655,False,all_direct,35.9387,1.0
19,v1,v5,40.0,130.0,0.0,1.0,0.65,0.0,35.7721,False,all_direct,35.7432,1.0
19,v1,v6,40.0,140.03,10.0,1.0,0.7002,0.2,35.4065,False,all_direct,35.3751,0.999
19,v2,v1,20.0,60.07,20.0,0.6,0.3004,0.4,15.9655,True,all_direct,15.943,0.9961
19,v2,v5,20.0,190.02,20.0,0.6,0.9501,0.4,14.9653,True,all_direct,14.935,0.999
19,v2,v6,20.0,200.0,30.0,0.6,1.0,0.6,14.7959,True,all_direct,14.7745,0.9961
19,v3,v4,20.0,50.09,30.0,0.6,0.2504,0.6,15.9984,True,all_direct,15.9656,0.998
19,v3,v7,20.0,120.0,30.0,0.6,0.6,0.6,15.2396,True,all_direct,15.2151,0.9951
19,v3,v8,20.0,130.03,0.0,0.6,0.6502,0.0,15.7719,True,all_direct,15.7483,0.9961
19,v3,v11,20.0,140.0,0.0,0.6,0.7,0.0,15.7077,True,all_direct,15.6808,0.9961
19,v4,v3,40.0,50.09,30.0,1.0,0.2504,0.6,35.9984,False,all_direct,35.9722,0.998
19,v4,v7,40.0,70.06,0.0,1.0,0.3503,0.0,36.309,False,all_direct,36.2712,1.0
19,v4,v8,40.0,80.0,30.0,1.0,0.4,0.6,35.5918,False,all_direct,35.5624,0.999
19,v4,v11,40.0,90.05,30.0,1.0,0.4502,0.6,35.489,True,all_direct,35.4535,1.0
19,v4,v12,40.0,160.0,20.0,1.0,0.8,0.4,35.1146,True,all_direct,35.092,0.999
20,v1,v2,40.0,40.11,0.0,1.0,0.2006,0.0,36.7934,False,all_direct,36.7641,1.0
20,v1,v5,40.0,130.0,30.0,1.0,0.65,0.6,35.1701,True,all_direct,35.147,0.999
20,v1,v6,40.0,130.03,30.0,1.0,0.6502,0.6,35.1698,True,all_direct,35.1459,1.0
20,v2,v1,20.0,40.11,0.0,0.6,0.2006,0.0,16.7934,False,all_direct,16.7727,0.9971
20,v2,v6,20.0,170.0,30.0,0.6,0.85,0.6,14.937,True,all_direct,14.9222,0.9971
20,v2,v5,20.0,170.03,30.0,0.6,0.8501,0.6,14.9369,True,all_direct,14.9033,0.9951
20,v3,v4,20.0,80.06,30.0,0.6,0.4003,0.6,15.5911,True,all_direct,15.5638,0.9971
20,v3,v8,20.0,130.03,10.0,0.6,0.6502,0.2,15.4709,True,all_direct,15.436,0.9941
20,v3,v11,20.0,140.0,20.0,0.6,0.7,0.4,15.2306,True,all_direct,15.2025,0.9955
20,v3,v7,20.0,150.0,0.0,0.6,0.75,0.0,15.6478,True,all_direct,15.623,0.9971
20,v4,v8,40.0,50.0,20.0,1.0,0.25,0.4,36.1249,False,all_direct,36.0953,0.998
20,v4,v11,40.0,60.07,10.0,1.0,0.3004,0.2,36.1416,False,all_direct,36.1067,1.0
20,v4,v7,40.0,70.06,30.0,1.0,0.3503,0.6,35.7069,False,all_direct,35.696,0.999
20,v4,v3,40.0,80.06,30.0,1.0,0.4003,0.6,35.5911,False,all_direct,35.5593,1.0
20,v4,v12,40.0,140.0,10.0,1.0,0.7,0.2,35.4067,False,all_direct,35.3828,1.0
21,v1,v2,40.0,40.11,30.0,1.0,0.2006,0.6,36.1914,False,all_direct,36.1649,1.0
21,v1,v5,40.0,160.0,0.0,1.0,0.8,0.0,35.5918,True,all_direct,35.5723,0.999
21,v1,v6,40.0,160.03,40.0,1.0,0.8001,0.8,34.8926,True,all_direct,34.8601,0.999
21,v2,v1,20.0,40.11,30.0,0.6,0.2006,0.6,16.1914,True,all_direct,16.1636,0.9961
21,v2,v6,20.0,200.0,10.0,0.6,1.0,0.2,15.0969,True,all_direct,15.0958,1.0
21,v3,v4,20.0,110.04,40.0,0.6,0.5502,0.8,15.2179,True,all_direct,15.1851,0.9961
21,v3,v8,20.0,140.03,40.0,0.6,0.7002,0.8,15.0086,True,all_direct,14.9845,0.9951
21,v3,v7,20.0,150.0,40.0,0.6,0.75,0.8,14.9488,True,all_direct,14.9241,0.9932
21,v3,v11,20.0,160.0,10.0,0.6,0.8,0.2,15.2907,True,all_direct,15.2599,0.9961
21,v4,v8,40.0,30.0,0.0,1.0,0.15,0.0,37.0458,False,all_direct,37.0278,1.0
21,v4,v7,40.0,40.11,0.0,1.0,0.2006,0.0,36.7934,False,all_direct,36.7565,0.998
21,v4,v11,40.0,50.09,30.0,1.0,0.2504,0.6,35.9984,False,all_direct,35.9612,1.0
21,v4,v3,40.0,110.04,40.0,1.0,0.5502,0.8,35.2179,True,all_direct,35.1905,0.999
21,v4,v12,40.0,130.0,30.0,1.0,0.65,0.6,35.1701,True,all_direct,35.1504,0.998
22,v1,v2,40.0,70.06,10.0,1.0,0.3503,0.2,36.008,False,all_direct,35.9796,0.999
22,v1,v6,40.0,120.04,10.0,1.0,0.6002,0.2,35.5403,False,all_direct,35.5096,0.999
22,v1,v5,40.0,160.0,20.0,1.0,0.8,0.4,35.1146,True,all_direct,35.0817,1.0
22,v2,v1,20.0,70.06,10.0,0.6,0.3503,0.2,16.008,True,all_direct,15.9791,0.9961
22,v2,v6,20.0,190.0,0.0,0.6,0.95,0.0,15.4425,True,all_direct,15.4102,0.9961
22,v3,v4,20.0,150.03,10.0,0.6,0.7501,0.2,15.3466,True,all_direct,15.3153,0.9932
22,v3,v11,20.0,170.0,20.0,0.6,0.85,0.4,15.062,True,all_direct,15.023,0.998
22,v3,v8,20.0,180.02,10.0,0.6,0.9001,0.2,15.1883,True,all_direct,15.1539,0.999
22,v3,v7,20.0,190.0,10.0,0.6,0.95,0.2,15.1415,True,all_direct,15.1146,0.9971
22,v4,v11,40.0,20.22,30.0,1.0,0.1011,0.6,36.7862,False,all_direct,36.7442,0.998
22,v4,v8,40.0,30.0,20.0,1.0,0.15,0.4,36.5686,False,all_direct,36.5283,1.0
22,v4,v7,40.0,40.11,20.0,1.0,0.2006,0.4,36.3163,False,all_direct,36.2766,1.0
22,v4,v12,40.0,100.0,10.0,1.0,0.5,0.2,35.699,False,all_direct,35.6741,0.999
22,v4,v3,40.0,150.03,10.0,1.0,0.7501,0.2,35.3466,False,all_direct,35.3114,0.999
23,v1,v2,40.0,80.06,30.0,1.0,0.4003,0.6,35.5911,False,all_direct,35.5588,0.999
23,v1,v6,40.0,110.04,30.0,1.0,0.5502,0.6,35.3148,True,all_direct,35.2841,1.0
23,v1,v5,40.0,140.0,40.0,1.0,0.7,0.8,35.0088,True,all_direct,34.975,1.0
23,v2,v1,20.0,80.06,30.0,0.6,0.4003,0.6,15.5911,True,all_direct,15.5714,0.9951
23,v2,v6,20.0,190.0,0.0,0.6,0.95,0.0,15.4425,True,all_direct,15.4167,0.9971
23,v3,v4,20.0,140.03,40.0,0.6,0.7002,0.8,15.0086,True,all_direct,14.9789,0.9951
23,v3,v11,20.0,190.0,30.0,0.6,0.95,0.6,14.8404,True,all_direct,14.8192,0.9926
23,v3,v8,20.0,190.02,40.0,0.6,0.9501,0.8,14.7434,True,all_direct,14.7172,0.9932
23,v3,v7,20.0,200.0,0.0,0.6,1.0,0.0,15.3979,True,all_direct,15.375,0.9941
23,v4,v8,40.0,50.0,0.0,1.0,0.25,0.0,36.6021,False,all_direct,36.5775,1.0
23,v4,v11,40.0,50.09,10.0,1.0,0.2504,0.2,36.2995,False,all_direct,36.2752,0.999
23,v4,v7,40.0,60.07,40.0,1.0,0.3004,0.8,35.7436,True,all_direct,35.7192,0.999
23,v4,v12,40.0,90.0,40.0,1.0,0.45,0.8,35.3925,True,all_direct,35.3635,0.999
23,v4,v3,40.0,140.03,40.0,1.0,0.7002,0.8,35.0086,True,all_direct,34.963,0.998
24,v1,v2,40.0,50.09,0.0,1.0,0.2504,0.0,36.6005,False,all_direct,36.5782,0.999
24,v1,v6,40.0,140.03,30.0,1.0,0.7002,0.6,35.1055,True,all_direct,35.0854,1.0
24,v1,v5,40.0,180.0,20.0,1.0,0.9,0.4,35.0123,True,all_direct,34.9892,0.999
24,v2,v1,20.0,50.09,0.0,0.6,0.2504,0.0,16.6005,False,all_direct,16.5762,0.998
24,v2,v6,20.0,190.0,30.0,0.6,0.95,0.6,14.8404,True,all_direct,14.8077,0.9961
24,v3,v4,20.0,100.04,20.0,0.6,0.5002,0.4,15.5225,True,all_direct,15.4942,0.9971
24,v3,v8,20.0,150.03,30.0,0.6,0.7501,0.6,15.0456,True,all_direct,15.0165,0.9971
24,v3,v11,20.0,160.0,30.0,0.6,0.8,0.6,14.9897,True,all_direct,14.9714,0.9971
24,v3,v7,20.0,200.0,20.0,0.6,1.0,0.4,14.9208,True,all_direct,14.909,0.9971
24,v4,v8,40.0,50.0,10.0,1.0,0.25,0.2,36.301,False,all_direct,36.2688,0.999
24,v4,v11,40.0,60.07,10.0,1.0,0.3004,0.2,36.1416,False,all_direct,36.1128,1.0
24,v4,v3,40.0,100.04,20.0,1.0,0.5002,0.4,35.5225,False,all_direct,35.4926,1.0
24,v4,v7,40.0,100.04,0.0,1.0,0.5002,0.0,35.9996,False,all_direct,35.9843,0.999
24,v4,v12,40.0,130.0,0.0,1.0,0.65,0.0,35.7721,False,all_direct,35.748,1.0
25,v1,v2,40.0,50.09,40.0,1.0,0.2504,0.8,35.9015,True,all_direct,35.8721,0.9971
25,v1,v6,40.0,170.03,10.0,1.0,0.8501,0.2,35.2379,True,all_direct,35.2048,1.0
25,v1,v5,40.0,200.0,20.0,1.0,1.0,0.4,34.9208,True,all_direct,34.9049,0.998
25,v2,v1,20.0,50.09,40.0,0.6,0.2504,0.8,15.9015,True,all_direct,15.8727,0.998
25,v3,v4,20.0,120.04,30.0,0.6,0.6002,0.6,15.2393,True,all_direct,15.2128,0.9971
25,v3,v8,20.0,180.02,10.0,0.6,0.9001,0.2,15.1883,True,all_direct,15.1679,0.9951
25,v3,v11,20.0,190.0,10.0,0.6,0.95,0.2,15.1415,True,all_direct,15.1053,0.9971
25,v4,v8,40.0,60.0,40.0,1.0,0.3,0.8,35.7447,True,all_direct,35.7238,1.0
25,v4,v11,40.0,70.06,20.0,1.0,0.3503,0.4,35.8319,False,all_direct,35.8038,1.0
25,v4,v7,40.0,100.04,20.0,1.0,0.5002,0.4,35.5225,False,all_direct,35.502,0.9971
25,v4,v3,40.0,120.04,30.0,1.0,0.6002,0.6,35.2393,True,all_direct,35.2105,0.999
25,v4,v12,40.0,130.0,30.0,1.0,0.65,0.6,35.1701,True,all_direct,35.1483,1.0
26,v1,v2,40.0,90.05,10.0,1.0,0.4502,0.2,35.79,False,all_direct,35.7663,0.998
26,v1,v6,40.0,160.03,40.0,1.0,0.8001,0.8,34.8926,True,all_direct,34.8626,1.0
26,v1,v5,40.0,180.0,0.0,1.0,0.9,0.0,35.4895,True,all_direct,35.4654,0.998
26,v2,v1,20.0,90.05,10.0,0.6,0.4502,0.2,15.79,True,all_direct,15.7726,0.9971
26,v3,v4,20.0,90.05,20.0,0.6,0.4502,0.4,15.6139,True,all_direct,15.5759,0.9971
26,v3,v11,20.0,180.0,10.0,0.6,0.9,0.2,15.1884,True,all_direct,15.1591,0.998
26,v3,v8,20.0,190.02,0.0,0.6,0.9501,0.0,15.4424,True,all_direct,15.4092,0.9961
26,v4,v3,40.0,90.05,20.0,1.0,0.4502,0.4,35.6139,False,all_direct,35.5995,1.0
26,v4,v11,40.0,90.05,10.0,1.0,0.4502,0.2,35.79,False,all_direct,35.7648,1.0
26,v4,v8,40.0,100.0,20.0,1.0,0.5,0.4,35.5229,False,all_direct,35.4937,1.0
26,v4,v7,40.0,120.04,10.0,1.0,0.6002,0.2,35.5403,False,all_direct,35.5061,0.998
26,v4,v12,40.0,160.0,20.0,1.0,0.8,0.4,35.1146,True,all_direct,35.0918,0.999
27,v1,v2,40.0,100.04,20.0,1.0,0.5002,0.4,35.5225,False,all_direct,35.498,0.999
27,v1,v6,40.0,120.04,0.0,1.0,0.6002,0.0,35.8414,False,all_direct,35.8105,0.999
27,v1,v5,40.0,180.0,10.0,1.0,0.9,0.2,35.1884,True,all_direct,35.1694,1.0
27,v2,v1,20.0,100.04,20.0,0.6,0.5002,0.4,15.5225,True,all_direct,15.5006,0.9965
27,v3,v4,20.0,110.04,20.0,0.6,0.5502,0.4,15.4398,True,all_direct,15.4065,0.9951
27,v3,v11,20.0,190.0,40.0,0.6,0.95,0.8,14.7435,True,all_direct,14.7176,0.9961
27,v3,v8,20.0,190.02,30.0,0.6,0.9501,0.6,14.8403,True,all_direct,14.8171,0.9941
27,v4,v8,40.0,80.0,10.0,1.0,0.4,0.2,35.8928,False,all_direct,35.8661,1.0
27,v4,v11,40.0,80.06,20.0,1.0,0.4003,0.4,35.7161,False,all_direct,35.7011,1.0
27,v4,v3,40.0,110.04,20.0,1.0,0.5502,0.4,35.4398,False,all_direct,35.4053,1.0
27,v4,v7,40.0,110.04,10.0,1.0,0.5502,0.2,35.6159,False,all_direct,35.5871,0.999
27,v4,v12,40.0,140.0,20.0,1.0,0.7,0.4,35.2306,True,all_direct,35.2048,1.0
28,v1,v2,40.0,80.06,20.0,1.0,0.4003,0.4,35.7161,False,all_direct,35.6826,1.0
28,v1,v6,40.0,120.04,10.0,1.0,0.6002,0.2,35.5403,False,all_direct,35.5068,0.999
28,v1,v5,40.0,190.0,10.0,1.0,0.95,0.2,35.1415,True,all_direct,35.1225,0.9971
28,v2,v1,20.0,80.06,20.0,0.6,0.4003,0.4,15.7161,True,all_direct,15.6862,0.9951
28,v2,v6,20.0,200.0,10.0,0.6,1.0,0.2,15.0969,True,all_direct,15.0665,0.9941
28,v3,v4,20.0,90.05,10.0,0.6,0.4502,0.2,15.79,True,all_direct,15.7677,0.9961
28,v3,v11,20.0,150.0,10.0,0.6,0.75,0.2,15.3468,True,all_direct,15.313,0.9971
28,v3,v8,20.0,160.03,10.0,0.6,0.8001,0.2,15.2906,True,all_direct,15.2591,0.998
28,v4,v11,40.0,60.07,0.0,1.0,0.3004,0.0,36.4426,False,all_direct,36.4137,0.999
28,v4,v8,40.0,70.0,20.0,1.0,0.35,0.4,35.8327,False,all_direct,35.8005,1.0
28,v4,v3,40.0,90.05,10.0,1.0,0.4502,0.2,35.79,False,all_direct,35.7667,0.999
28,v4,v7,40.0,120.04,0.0,1.0,0.6002,0.0,35.8414,False,all_direct,35.8293,1.0
28,v4,v12,40.0,160.0,20.0,1.0,0.8,0.4,35.1146,True,all_direct,35.089,1.0
29,v1,v2,40.0,100.04,10.0,1.0,0.5002,0.2,35.6986,False,all_direct,35.6677,1.0
29,v1,v6,40.0,110.04,20.0,1.0,0.5502,0.4,35.4398,False,all_direct,35.4221,1.0
29,v1,v5,40.0,180.0,10.0,1.0,0.9,0.2,35.1884,True,all_direct,35.164,0.999
29,v2,v1,20.0,100.04,10.0,0.6,0.5002,0.2,15.6986,True,all_direct,15.6755,0.9961
29,v3,v4,20.0,100.04,10.0,0.6,0.5002,0.2,15.6986,True,all_direct,15.6722,0.9971
29,v3,v8,20.0,150.03,20.0,0.6,0.7501,0.4,15.1705,True,all_direct,15.1375,0.9955
29,v3,v11,20.0,160.0,10.0,0.6,0.8,0.2,15.2907,True,all_direct,15.2618,0.9955
29,v4,v8,40.0,50.0,30.0,1.0,0.25,0.6,36.0,False,all_direct,35.9692,1.0
29,v4,v11,40.0,60.07,0.0,1.0,0.3004,0.0,36.4426,False,all_direct,36.4076,0.999
29,v4,v3,40.0,100.04,10.0,1.0,0.5002,0.2,35.6986,False,all_direct,35.6678,0.999
29,v4,v7,40.0,120.04,20.0,1.0,0.6002,0.4,35.3642,False,all_direct,35.3356,0.999
29,v4,v12,40.0,140.0,20.0,1.0,0.7,0.4,35.2306,True,all_direct,35.2072,0.999
30,v1,v6,40.0,90.05,10.0,1.0,0.4502,0.2,35.79,False,all_direct,35.7648,0.999
30,v1,v2,40.0,110.04,10.0,1.0,0.5502,0.2,35.6159,False,all_direct,35.5818,0.999
30,v1,v5,40.0,170.0,10.0,1.0,0.85,0.2,35.2381,True,all_direct,35.2153,0.999
30,v2,v1,20.0,110.04,10.0,0.6,0.5502,0.2,15.6159,True,all_direct,15.5868,0.9961
30,v2,v6,20.0,200.0,0.0,0.6,1.0,0.0,15.3979,True,all_direct,15.3714,0.9961
30,v3,v4,20.0,90.05,20.0,0.6,0.4502,0.4,15.6139,True,all_direct,15.5879,0.999
30,v3,v11,20.0,150.0,20.0,0.6,0.75,0.4,15.1707,True,all_direct,15.1365,0.998
30,v3,v8,20.0,170.03,10.0,0.6,0.8501,0.2,15.2379,True,all_direct,15.209,0.999
30,v4,v11,40.0,60.07,0.0,1.0,0.3004,0.0,36.4426,False,all_direct,36.4193,0.999
30,v4,v8,40.0,80.0,30.0,1.0,0.4,0.6,35.5918,False,all_direct,35.5621,0.999
30,v4,v3,40.0,90.05,20.0,1.0,0.4502,0.4,35.6139,False,all_direct,35.5927,0.999
30,v4,v7,40.0,140.03,40.0,1.0,0.7002,0.8,35.0086,True,all_direct,34.9727,1.0
30,v4,v12,40.0,160.0,0.0,1.0,0.8,0.0,35.5918,True,all_direct,35.5592,1.0
31,v1,v2,40.0,100.04,0.0,1.0,0.5002,0.0,35.9996,False,all_direct,35.9709,0.999
31,v1,v6,40.0,100.04,20.0,1.0,0.5002,0.4,35.5225,False,all_direct,35.4823,0.999
31,v1,v5,40.0,180.0,20.0,1.0,0.9,0.4,35.0123,True,all_direct,34.986,0.998
31,v2,v1,20.0,100.04,0.0,0.6,0.5002,0.0,15.9996,True,all_direct,15.9816,0.999
31,v2,v6,20.0,200.0,20.0,0.6,1.0,0.4,14.9208,True,all_direct,14.8938,0.9941
31,v3,v4,20.0,110.04,10.0,0.6,0.5502,0.2,15.6159,True,all_direct,15.5888,0.998
31,v3,v8,20.0,160.03,10.0,0.6,0.8001,0.2,15.2906,True,all_direct,15.281,0.9971
31,v3,v11,20.0,170.0,30.0,0.6,0.85,0.6,14.937,True,all_direct,14.9069,0.9941
31,v4,v8,40.0,50.0,0.0,1.0,0.25,0.0,36.6021,False,all_direct,36.5771,1.0
31,v4,v11,40.0,60.07,40.0,1.0,0.3004,0.8,35.7436,True,all_direct,35.7244,0.999
31,v4,v7,40.0,100.04,10.0,1.0,0.5002,0.2,35.6986,False,all_direct,35.6649,0.998
31,v4,v3,40.0,110.04,10.0,1.0,0.5502,0.2,35.6159,False,all_direct,35.5842,0.999
31,v4,v12,40.0,160.0,10.0,1.0,0.8,0.2,35.2907,True,all_direct,35.2604,1.0
32,v1,v2,40.0,100.04,20.0,1.0,0.5002,0.4,35.5225,False,all_direct,35.4962,1.0
32,v1,v6,40.0,120.04,20.0,1.0,0.6002,0.4,35.3642,False,all_direct,35.333,0.9971
32,v1,v5,40.0,160.0,0.0,1.0,0.8,0.0,35.5918,True,all_direct,35.5595,1.0
32,v2,v1,20.0,100.04,20.0,0.6,0.5002,0.4,15.5225,True,all_direct,15.4896,0.9971
32,v3,v4,20.0,100.04,20.0,0.6,0.5002,0.4,15.5225,True,all_direct,15.4983,0.9941
32,v3,v8,20.0,150.03,20.0,0.6,0.7501,0.4,15.1705,True,all_direct,15.1445,0.9961
32,v3,v11,20.0,200.0,40.0,0.6,1.0,0.8,14.699,True,all_direct,14.6687,0.9932
32,v4,v8,40.0,50.0,0.0,1.0,0.25,0.0,36.6021,False,all_direct,36.5829,1.0
32,v4,v3,40.0,100.04,20.0,1.0,0.5002,0.4,35.5225,False,all_direct,35.4964,0.998
32,v4,v11,40.0,100.04,20.0,1.0,0.5002,0.4,35.5225,False,all_direct,35.4853,0.9971
32,v4,v7,40.0,110.04,10.0,1.0,0.5502,0.2,35.6159,False,all_direct,35.5888,0.998
32,v4,v12,40.0,170.0,10.0,1.0,0.85,0.2,35.2381,True,all_direct,35.2072,0.999
33,v1,v2,40.0,80.06,40.0,1.0,0.4003,0.8,35.4942,True,all_direct,35.4661,0.999
33,v1,v6,40.0,140.03,10.0,1.0,0.7002,0.2,35.4065,False,all_direct,35.3878,0.999
33,v1,v5,40.0,160.0,30.0,1.0,0.8,0.6,34.9897,True,all_direct,34.9676,1.0
33,v2,v1,20.0,80.06,40.0,0.6,0.4003,0.8,15.4942,True,all_direct,15.4743,0.9951
33,v3,v4,20.0,80.06,0.0,0.6,0.4003,0.0,16.1932,True,all_direct,16.1665,0.999
33,v3,v8,20.0,130.03,20.0,0.6,0.6502,0.4,15.2948,True,all_direct,15.2808,0.9951
33,v3,v11,20.0,160.0,10.0,0.6,0.8,0.2,15.2907,True,all_direct,15.2599,0.9961
33,v3,v7,20.0,180.0,20.0,0.6,0.9,0.4,15.0123,True,all_direct,15.0053,0.9951
33,v4,v8,40.0,50.0,20.0,1.0,0.25,0.4,36.1249,False,all_direct,36.0986,1.0
33,v4,v3,40.0,80.06,0.0,1.0,0.4003,0.0,36.1932,False,all_direct,36.1656,1.0
33,v4,v11,40.0,80.06,10.0,1.0,0.4003,0.2,35.8922,False,all_direct,35.8673,0.999
33,v4,v7,40.0,100.04,20.0,1.0,0.5002,0.4,35.5225,False,all_direct,35.4879,1.0
33,v4,v12,40.0,180.0,10.0,1.0,0.9,0.2,35.1884,True,all_direct,35.1721,0.998
34,v1,v2,40.0,40.11,20.0,1.0,0.2006,0.4,36.3163,False,all_direct,36.2881,0.999
34,v1,v6,40.0,150.03,10.0,1.0,0.7501,0.2,35.3466,False,all_direct,35.3185,0.9971
34,v1,v5,40.0,190.0,10.0,1.0,0.95,0.2,35.1415,True,all_direct,35.1037,1.0
34,v2,v1,20.0,40.11,20.0,0.6,0.2006,0.4,16.3163,True,all_direct,16.2955,0.998
34,v2,v6,20.0,190.0,10.0,0.6,0.95,0.2,15.1415,True,all_direct,15.1171,0.9961
34,v3,v4,20.0,80.06,10.0,0.6,0.4003,0.2,15.8922,True,all_direct,15.8712,0.9971
34,v3,v8,20.0,110.04,10.0,0.6,0.5502,0.2,15.6159,True,all_direct,15.5921,0.9971
34,v3,v11,20.0,150.0,20.0,0.6,0.75,0.4,15.1707,True,all_direct,15.1485,0.9961
34,v3,v7,20.0,160.0,0.0,0.6,0.8,0.0,15.5918,True,all_direct,15.557,0.9971
34,v4,v8,40.0,30.0,20.0,1.0,0.15,0.4,36.5686,False,all_direct,36.5477,1.0
34,v4,v11,40.0,70.06,10.0,1.0,0.3503,0.2,36.008,False,all_direct,35.9808,0.999
34,v4,v3,40.0,80.06,10.0,1.0,0.4003,0.2,35.8922,False,all_direct,35.862,1.0
34,v4,v7,40.0,80.06,10.0,1.0,0.4003,0.2,35.8922,False,all_direct,35.8673,1.0
34,v4,v12,40.0,170.0,20.0,1.0,0.85,0.4,35.062,True,all_direct,35.0338,0.999
35,v1,v2,40.0,20.22,0.0,1.0,0.1011,0.0,37.3883,False,all_direct,37.3591,0.999
35,v1,v6,40.0,160.03,0.0,1.0,0.8001,0.0,35.5916,True,all_direct,35.5549,1.0
35,v1,v5,40.0,200.0,20.0,1.0,1.0,0.4,34.9208,True,all_direct,34.8995,1.0
35,v2,v1,20.0,20.22,0.0,0.6,0.1011,0.0,17.3883,False,all_direct,17.3535,0.998
35,v2,v6,20.0,180.0,0.0,0.6,0.9,0.0,15.4895,True,all_direct,15.4604,0.9971
35,v3,v4,20.0,70.06,0.0,0.6,0.3503,0.0,16.309,True,all_direct,16.2748,0.9971
35,v3,v8,20.0,120.04,40.0,0.6,0.6002,0.8,15.1424,True,all_direct,15.1117,0.9961
35,v3,v11,20.0,130.0,40.0,0.6,0.65,0.8,15.0731,True,all_direct,15.0561,0.9951
35,v3,v7,20.0,160.0,10.0,0.6,0.8,0.2,15.2907,True,all_direct,15.267,0.9951
35,v4,v8,40.0,50.0,40.0,1.0,0.25,0.8,35.9031,True,all_direct,35.8732,0.998
35,v4,v11,40.0,60.07,40.0,1.0,0.3004,0.8,35.7436,True,all_direct,35.7108,0.999
35,v4,v3,40.0,70.06,0.0,1.0,0.3503,0.0,36.309,False,all_direct,36.2888,0.999
35,v4,v7,40.0,90.05,10.0,1.0,0.4502,0.2,35.79,False,all_direct,35.758,1.0
35,v4,v12,40.0,150.0,10.0,1.0,0.75,0.2,35.3468,False,all_direct,35.3258,0.9971
36,v1,v2,40.0,20.22,10.0,1.0,0.1011,0.2,37.0872,False,all_direct,37.0626,1.0
36,v1,v6,40.0,160.03,0.0,1.0,0.8001,0.0,35.5916,True,all_direct,35.5582,1.0
36,v1,v5,40.0,180.0,10.0,1.0,0.9,0.2,35.1884,True,all_direct,35.1477,1.0
36,v2,v1,20.0,20.22,10.0,0.6,0.1011,0.2,17.0872,False,all_direct,17.0526,1.0
36,v2,v6,20.0,180.0,10.0,0.6,0.9,0.2,15.1884,True,all_direct,15.1613,0.9971
36,v3,v4,20.0,70.06,10.0,0.6,0.3503,0.2,16.008,True,all_direct,15.9783,0.999
36,v3,v8,20.0,80.06,10.0,0.6,0.4003,0.2,15.8922,True,all_direct,15.8578,0.9971
36,v3,v11,20.0,90.0,30.0,0.6,0.45,0.6,15.4895,True,all_direct,15.4566,0.9951
36,v3,v7,20.0,150.0,30.0,0.6,0.75,0.6,15.0458,True,all_direct,15.027,0.9961
36,v4,v8,40.0,10.0,0.0,1.0,0.05,0.0,38.0,False,all_direct,37.9669,1.0
36,v4,v11,40.0,20.22,20.0,1.0,0.1011,0.4,36.9112,False,all_direct,36.8728,0.998
36,v4,v3,40.0,70.06,10.0,1.0,0.3503,0.2,36.008,False,all_direct,35.9884,1.0
36,v4,v7,40.0,80.06,20.0,1.0,0.4003,0.4,35.7161,False,all_direct,35.6906,1.0
36,v4,v12,40.0,140.0,10.0,1.0,0.7,0.2,35.4067,False,all_direct,35.3801,0.998
37,v1,v2,40.0,30.15,0.0,1.0,0.1507,0.0,37.0414,False,all_direct,37.0031,0.998
37,v1,v6,40.0,160.03,10.0,1.0,0.8001,0.2,35.2906,True,all_direct,35.2595,0.999
37,v1,v5,40.0,170.0,20.0,1.0,0.85,0.4,35.062,True,all_direct,35.03,0.999
37,v2,v1,20.0,30.15,0.0,0.6,0.1507,0.0,17.0414,False,all_direct,17.0149,0.9971
37,v2,v6,20.0,190.0,10.0,0.6,0.95,0.2,15.1415,True,all_direct,15.1178,0.9951
37,v3,v4,20.0,80.06,20.0,0.6,0.4003,0.4,15.7161,True,all_direct,15.693,0.9961
37,v3,v8,20.0,90.05,10.0,0.6,0.4502,0.2,15.79,True,all_direct,15.7611,0.9961
37,v3,v11,20.0,120.0,10.0,0.6,0.6,0.2,15.5406,True,all_direct,15.5133,0.9971
37,v3,v7,20.0,180.0,10.0,0.6,0.9,0.2,15.1884,True,all_direct,15.1707,0.9971
37,v4,v8,40.0,10.0,30.0,1.0,0.05,0.6,37.3979,False,all_direct,37.365,1.0
37,v4,v11,40.0,40.11,30.0,1.0,0.2006,0.6,36.1914,False,all_direct,36.1637,1.0
37,v4,v3,40.0,80.06,20.0,1.0,0.4003,0.4,35.7161,False,all_direct,35.6952,0.998
37,v4,v7,40.0,100.04,30.0,1.0,0.5002,0.6,35.3975,True,all_direct,35.3841,0.998
37,v4,v12,40.0,150.0,40.0,1.0,0.75,0.8,34.9488,True,all_direct,34.9221,0.999
38,v1,v2,40.0,30.15,0.0,1.0,0.1507,0.0,37.0414,False,all_direct,37.0133,1.0
38,v1,v6,40.0,170.03,0.0,1.0,0.8501,0.0,35.539,True,all_direct,35.5169,1.0
38,v1,v5,40.0,190.0,10.0,1.0,0.95,0.2,35.1415,True,all_direct,35.1144,0.999
38,v2,v1,20.0,30.15,0.0,0.6,0.1507,0.0,17.0414,False,all_direct,17.0256,0.9961
38,v2,v6,20.0,200.0,0.0,0.6,1.0,0.0,15.3979,True,all_direct,15.3765,0.9971
38,v3,v4,20.0,60.07,40.0,0.6,0.3004,0.8,15.7436,True,all_direct,15.7058,0.998
38,v3,v8,20.0,100.04,40.0,0.6,0.5002,0.8,15.3006,True,all_direct,15.2794,0.9961
38,v3,v11,20.0,130.0,10.0,0.6,0.65,0.2,15.4711,True,all_direct,15.4516,0.9932
38,v3,v7,20.0,190.0,10.0,0.6,0.95,0.2,15.1415,True,all_direct,15.1114,0.9961
38,v4,v8,40.0,40.0,0.0,1.0,0.2,0.0,36.7959,False,all_direct,36.7664,1.0
38,v4,v3,40.0,60.07,40.0,1.0,0.3004,0.8,35.7436,True,all_direct,35.7261,0.999
38,v4,v11,40.0,70.06,30.0,1.0,0.3503,0.6,35.7069,False,all_direct,35.6837,1.0
38,v4,v7,40.0,130.03,30.0,1.0,0.6502,0.6,35.1698,True,all_direct,35.1446,0.999
38,v4,v12,40.0,190.0,30.0,1.0,0.95,0.6,34.8404,True,all_direct,34.8029,0.999
39,v1,v2,40.0,30.15,30.0,1.0,0.1507,0.6,36.4394,False,all_direct,36.4276,1.0
39,v1,v6,40.0,170.03,20.0,1.0,0.8501,0.4,35.0618,True,all_direct,35.0382,1.0
39,v1,v5,40.0,180.0,0.0,1.0,0.9,0.0,35.4895,True,all_direct,35.4611,0.999
39,v2,v1,20.0,30.15,30.0,0.6,0.1507,0.6,16.4394,True,all_direct,16.4108,0.9971
39,v2,v6,20.0,200.0,10.0,0.6,1.0,0.2,15.0969,True,all_direct,15.0762,0.9971
39,v3,v4,20.0,100.04,10.0,0.6,0.5002,0.2,15.6986,True,all_direct,15.66,0.9971
39,v3,v11,20.0,140.0,30.0,0.6,0.7,0.6,15.1057,True,all_direct,15.0742,0.9932
39,v3,v8,20.0,140.03,20.0,0.6,0.7002,0.4,15.2304,True,all_direct,15.192,0.998
39,v3,v7,20.0,200.0,0.0,0.6,1.0,0.0,15.3979,True,all_direct,15.3732,0.9951
39,v4,v8,40.0,40.0,10.0,1.0,0.2,0.2,36.4949,False,all_direct,36.4635,0.999
39,v4,v11,40.0,40.11,20.0,1.0,0.2006,0.4,36.3163,False,all_direct,36.2766,0.999
39,v4,v3,40.0,100.04,10.0,1.0,0.5002,0.2,35.6986,False,all_direct,35.663,1.0
39,v4,v7,40.0,100.04,10.0,1.0,0.5002,0.2,35.6986,False,all_direct,35.6748,0.998
39,v4,v12,40.0,160.0,10.0,1.0,0.8,0.2,35.2907,True,all_direct,35.2613,0.999
40,v1,v2,40.0,3.0,20.0,1.0,0.015,0.4,38.5686,False,all_direct,38.5467,0.998
40,v1,v5,40.0,180.0,10.0,1.0,0.9,0.2,35.1884,True,all_direct,35.1592,0.999
40,v1,v6,40.0,190.02,30.0,1.0,0.9501,0.6,34.8403,True,all_direct,34.8079,0.998
40,v2,v1,20.0,3.0,20.0,0.6,0.015,0.4,18.5686,True,all_direct,18.5483,0.9961
40,v2,v5,20.0,180.02,10.0,0.6,0.9001,0.2,15.1883,True,all_direct,15.1595,0.9961
40,v2,v6,20.0,190.0,10.0,0.6,0.95,0.2,15.1415,True,all_direct,15.1147,0.9932
40,v3,v4,20.0,110.04,10.0,0.6,0.5502,0.2,15.6159,True,all_direct,15.5893,0.9932
40,v3,v8,20.0,160.03,10.0,0.6,0.8001,0.2,15.2906,True,all_direct,15.2659,0.9971
40,v3,v11,20.0,170.0,0.0,0.6,0.85,0.0,15.5391,True,all_direct,15.5158,0.9971
40,v3,v7,20.0,200.0,10.0,0.6,1.0,0.2,15.0969,True,all_direct,15.0644,0.9971
40,v4,v8,40.0,50.0,0.0,1.0,0.25,0.0,36.6021,False,all_direct,36.5711,0.999
40,v4,v11,40.0,60.07,10.0,1.0,0.3004,0.2,36.1416,False,all_direct,36.1163,0.999
40,v4,v7,40.0,90.05,0.0,1.0,0.4502,0.0,36.091,False,all_direct,36.0537,1.0
40,v4,v3,40.0,110.04,10.0,1.0,0.5502,0.2,35.6159,False,all_direct,35.5888,1.0
40,v4,v12,40.0,150.0,0.0,1.0,0.75,0.0,35.6478,False,all_direct,35.61,1.0
41,v1,v2,40.0,20.22,0.0,1.0,0.1011,0.0,37.3883,False,all_direct,37.3697,0.999
41,v1,v6,40.0,160.03,40.0,1.0,0.8001,0.8,34.8926,True,all_direct,34.8505,0.998
41,v1,v5,40.0,170.0,0.0,1.0,0.85,0.0,35.5391,True,all_direct,35.5074,0.999
41,v2,v1,20.0,20.22,0.0,0.6,0.1011,0.0,17.3883,False,all_direct,17.3577,0.9951
41,v2,v6,20.0,180.0,40.0,0.6,0.9,0.8,14.7905,True,all_direct,14.767,0.9961
41,v2,v5,20.0,190.02,0.0,0.6,0.9501,0.0,15.4424,True,all_direct,15.4208,0.9951
41,v3,v4,20.0,120.04,0.0,0.6,0.6002,0.0,15.8414,True,all_direct,15.8109,0.998
41,v3,v11,20.0,170.0,10.0,0.6,0.85,0.2,15.2381,True,all_direct,15.2237,0.998
41,v3,v8,20.0,170.03,0.0,0.6,0.8501,0.0,15.539,True,all_direct,15.5169,0.999
41,v4,v8,40.0,50.0,0.0,1.0,0.25,0.0,36.6021,False,all_direct,36.5934,1.0
41,v4,v11,40.0,50.09,10.0,1.0,0.2504,0.2,36.2995,False,all_direct,36.2779,0.999
41,v4,v7,40.0,90.05,0.0,1.0,0.4502,0.0,36.091,False,all_direct,36.0682,0.999
41,v4,v3,40.0,120.04,0.0,1.0,0.6002,0.0,35.8414,False,all_direct,35.8233,1.0
41,v4,v12,40.0,150.0,30.0,1.0,0.75,0.6,35.0458,True,all_direct,35.0265,0.999
42,v1,v2,40.0,20.22,10.0,1.0,0.1011,0.2,37.0872,False,all_direct,37.0765,0.999
42,v1,v6,40.0,120.04,10.0,1.0,0.6002,0.2,35.5403,False,all_direct,35.5172,1.0
42,v1,v5,40.0,170.0,10.0,1.0,0.85,0.2,35.2381,True,all_direct,35.2074,0.999
42,v2,v1,20.0,20.22,10.0,0.6,0.1011,0.2,17.0872,False,all_direct,17.0706,0.9961
42,v2,v6,20.0,140.0,0.0,0.6,0.7,0.0,15.7077,True,all_direct,15.6726,0.9971
42,v2,v5,20.0,190.02,20.0,0.6,0.9501,0.4,14.9653,True,all_direct,14.9503,0.9951
42,v3,v4,20.0,120.04,40.0,0.6,0.6002,0.8,15.1424,True,all_direct,15.1236,0.9971
42,v3,v8,20.0,170.03,30.0,0.6,0.8501,0.6,14.9369,True,all_direct,14.9117,0.9951
42,v3,v11,20.0,180.0,0.0,0.6,0.9,0.0,15.4895,True,all_direct,15.466,0.9961
42,v4,v8,40.0,50.0,10.0,1.0,0.25,0.2,36.301,False,all_direct,36.2777,1.0
42,v4,v11,40.0,60.07,40.0,1.0,0.3004,0.8,35.7436,True,all_direct,35.7145,0.999
42,v4,v7,40.0,90.05,0.0,1.0,0.4502,0.0,36.091,False,all_direct,36.0766,0.999
42,v4,v12,40.0,120.0,0.0,1.0,0.6,0.0,35.8416,False,all_direct,35.817,0.999
42,v4,v3,40.0,120.04,40.0,1.0,0.6002,0.8,35.1424,True,all_direct,35.1076,0.998
43,v1,v2,40.0,30.15,10.0,1.0,0.1507,0.2,36.7404,False,all_direct,36.7117,0.999
43,v1,v6,40.0,110.04,20.0,1.0,0.5502,0.4,35.4398,False,all_direct,35.4151,0.999
43,v1,v5,40.0,180.0,0.0,1.0,0.9,0.0,35.4895,True,all_direct,35.4633,0.998
43,v2,v1,20.0,30.15,10.0,0.6,0.1507,0.2,16.7404,False,all_direct,16.7092,0.9951
43,v2,v6,20.0,140.0,10.0,0.6,0.7,0.2,15.4067,True,all_direct,15.3805,0.9961
43,v3,v4,20.0,80.06,20.0,0.6,0.4003,0.4,15.7161,True,all_direct,15.6885,0.9951
43,v3,v8,20.0,140.03,10.0,0.6,0.7002,0.2,15.4065,True,all_direct,15.3832,0.998
43,v3,v7,20.0,170.0,20.0,0.6,0.85,0.4,15.062,True,all_direct,15.0372,0.9941
43,v3,v11,20.0,180.0,10.0,0.6,0.9,0.2,15.1884,True,all_direct,15.1715,0.998
43,v4,v8,40.0,60.0,30.0,1.0,0.3,0.6,35.8416,False,all_direct,35.8114,0.999
43,v4,v3,40.0,80.06,20.0,1.0,0.4003,0.4,35.7161,False,all_direct,35.682,0.998
43,v4,v7,40.0,90.05,0.0,1.0,0.4502,0.0,36.091,False,all_direct,36.0659,1.0
43,v4,v11,40.0,100.04,30.0,1.0,0.5002,0.6,35.3975,True,all_direct,35.3759,1.0
43,v4,v12,40.0,120.0,20.0,1.0,0.6,0.4,35.3645,False,all_direct,35.3366,0.999
44,v1,v2,40.0,20.22,0.0,1.0,0.1011,0.0,37.3883,False,all_direct,37.3521,0.999
44,v1,v6,40.0,130.03,10.0,1.0,0.6502,0.2,35.4709,False,all_direct,35.4459,0.999
44,v1,v5,40.0,180.0,10.0,1.0,0.9,0.2,35.1884,True,all_direct,35.1562,0.999
44,v2,v1,20.0,20.22,0.0,0.6,0.1011,0.0,17.3883,False,all_direct,17.3645,0.999
44,v2,v6,20.0,150.0,10.0,0.6,0.75,0.2,15.3468,True,all_direct,15.3271,0.998
44,v3,v4,20.0,100.04,10.0,0.6,0.5002,0.2,15.6986,True,all_direct,15.6828,0.998
44,v3,v8,20.0,130.03,30.0,0.6,0.6502,0.6,15.1698,True,all_direct,15.1346,0.9951
44,v3,v11,20.0,170.0,20.0,0.6,0.85,0.4,15.062,True,all_direct,15.0277,0.9971
44,v3,v7,20.0,190.0,20.0,0.6,0.95,0.4,14.9654,True,all_direct,14.9319,0.9951
44,v4,v8,40.0,30.0,40.0,1.0,0.15,0.8,36.3468,True,all_direct,36.3217,0.999
44,v4,v11,40.0,70.06,30.0,1.0,0.3503,0.6,35.7069,False,all_direct,35.6863,0.998
44,v4,v7,40.0,90.05,30.0,1.0,0.4502,0.6,35.489,True,all_direct,35.4517,0.999
44,v4,v12,40.0,100.0,10.0,1.0,0.5,0.2,35.699,False,all_direct,35.6681,0.999
44,v4,v3,40.0,100.04,10.0,1.0,0.5002,0.2,35.6986,False,all_direct,35.6698,1.0
45,v1,v2,40.0,20.22,20.0,1.0,0.1011,0.4,36.9112,False,all_direct,36.8957,0.999
45,v1,v6,40.0,140.03,10.0,1.0,0.7002,0.2,35.4065,False,all_direct,35.3708,0.999
45,v1,v5,40.0,190.0,10.0,1.0,0.95,0.2,35.1415,True,all_direct,35.1109,0.998
45,v2,v1,20.0,20.22,20.0,0.6,0.1011,0.4,16.9112,True,all_direct,16.8794,0.9971
45,v2,v6,20.0,160.0,10.0,0.6,0.8,0.2,15.2907,True,all_direct,15.2731,0.999
45,v3,v4,20.0,90.05,0.0,0.6,0.4502,0.0,16.091,True,all_direct,16.06,0.9971
45,v3,v8,20.0,160.03,0.0,0.6,0.8001,0.0,15.5916,True,all_direct,15.579,0.9971
45,v3,v11,20.0,190.0,20.0,0.6,0.95,0.4,14.9654,True,all_direct,14.9462,0.9951
45,v4,v8,40.0,70.0,0.0,1.0,0.35,0.0,36.3098,False,all_direct,36.2756,0.999
45,v4,v3,40.0,90.05,0.0,1.0,0.4502,0.0,36.091,False,all_direct,36.0637,0.999
45,v4,v11,40.0,100.04,20.0,1.0,0.5002,0.4,35.5225,False,all_direct,35.4841,1.0
45,v4,v12,40.0,110.0,10.0,1.0,0.55,0.2,35.6162,False,all_direct,35.5875,0.999
45,v4,v7,40.0,120.04,20.0,1.0,0.6002,0.4,35.3642,False,all_direct,35.3397,0.998
46,v1,v2,40.0,3.0,30.0,1.0,0.015,0.6,38.4437,False,all_direct,38.4148,0.998
46,v1,v6,40.0,150.03,0.0,1.0,0.7501,0.0,35.6476,False,all_direct,35.6238,1.0
46,v1,v5,40.0,200.0,20.0,1.0,1.0,0.4,34.9208,True,all_direct,34.9033,0.999
46,v2,v1,20.0,3.0,30.0,0.6,0.015,0.6,18.4437,True,all_direct,18.4218,0.9971
46,v2,v6,20.0,150.0,30.0,0.6,0.75,0.6,15.0458,True,all_direct,15.0169,0.998
46,v3,v4,20.0,90.05,20.0,0.6,0.4502,0.4,15.6139,True,all_direct,15.585,0.9961
46,v3,v8,20.0,160.03,20.0,0.6,0.8001,0.4,15.1145,True,all_direct,15.0816,0.9971
46,v3,v11,20.0,170.0,30.0,0.6,0.85,0.6,14.937,True,all_direct,14.8924,0.9961
46,v3,v7,20.0,190.0,10.0,0.6,0.95,0.2,15.1415,True,all_direct,15.1299,0.9971
46,v4,v8,40.0,70.0,0.0,1.0,0.35,0.0,36.3098,False,all_direct,36.2776,0.999
46,v4,v11,40.0,80.06,10.0,1.0,0.4003,0.2,35.8922,False,all_direct,35.8567,0.999
46,v4,v3,40.0,90.05,20.0,1.0,0.4502,0.4,35.6139,False,all_direct,35.5926,1.0
46,v4,v7,40.0,100.04,10.0,1.0,0.5002,0.2,35.6986,False,all_direct,35.6695,0.999
46,v4,v12,40.0,120.0,20.0,1.0,0.6,0.4,35.3645,False,all_direct,35.35,0.999
47,v1,v2,40.0,30.15,0.0,1.0,0.1507,0.0,37.0414,False,all_direct,37.0064,1.0
47,v1,v6,40.0,150.03,0.0,1.0,0.7501,0.0,35.6476,False,all_direct,35.6264,1.0
47,v2,v1,20.0,30.15,0.0,0.6,0.1507,0.0,17.0414,False,all_direct,17.0217,0.9932
47,v2,v6,20.0,120.0,0.0,0.6,0.6,0.0,15.8416,True,all_direct,15.8075,0.9961
47,v2,v5,20.0,190.02,10.0,0.6,0.9501,0.2,15.1414,True,all_direct,15.1139,0.9971
47,v3,v4,20.0,70.06,10.0,0.6,0.3503,0.2,16.008,True,all_direct,15.9717,0.9971
47,v3,v11,20.0,140.0,0.0,0.6,0.7,0.0,15.7077,True,all_direct,15.6837,0.9941
47,v3,v8,20.0,140.03,30.0,0.6,0.7002,0.6,15.1055,True,all_direct,15.0707,0.998
47,v3,v12,20.0,170.03,20.0,0.6,0.8501,0.4,15.0618,True,all_direct,15.0385,0.9971
47,v3,v7,20.0,180.0,10.0,0.6,0.9,0.2,15.1884,True,all_direct,15.1773,1.0
47,v4,v8,40.0,70.0,40.0,1.0,0.35,0.8,35.6108,True,all_direct,35.5775,1.0
47,v4,v3,40.0,70.06,10.0,1.0,0.3503,0.2,36.008,False,all_direct,35.983,0.999
47,v4,v11,40.0,70.06,10.0,1.0,0.3503,0.2,36.008,False,all_direct,35.9905,0.999
47,v4,v12,40.0,100.0,30.0,1.0,0.5,0.6,35.3979,True,all_direct,35.3592,1.0
47,v4,v7,40.0,110.04,0.0,1.0,0.5502,0.0,35.9169,False,all_direct,35.9002,0.998
48,v1,v2,40.0,30.15,10.0,1.0,0.1507,0.2,36.7404,False,all_direct,36.7292,1.0
48,v1,v6,40.0,150.03,30.0,1.0,0.7501,0.6,35.0456,True,all_direct,35.0159,0.999
48,v2,v1,20.0,30.15,10.0,0.6,0.1507,0.2,16.7404,False,all_direct,16.7021,0.9971
48,v2,v6,20.0,120.0,20.0,0.6,0.6,0.4,15.3645,True,all_direct,15.3369,0.9941
48,v3,v4,20.0,80.06,10.0,0.6,0.4003,0.2,15.8922,True,all_direct,15.8538,0.9971
48,v3,v8,20.0,110.04,10.0,0.6,0.5502,0.2,15.6159,True,all_direct,15.5946,0.9951
48,v3,v11,20.0,140.0,30.0,0.6,0.7,0.6,15.1057,True,all_direct,15.082,0.9941
48,v3,v12,20.0,150.03,10.0,0.6,0.7501,0.2,15.3466,True,all_direct,15.3211,0.998
48,v3,v7,20.0,190.0,0.0,0.6,0.95,0.0,15.4425,True,all_direct,15.4116,0.9951
48,v4,v8,40.0,30.0,0.0,1.0,0.15,0.0,37.0458,False,all_direct,37.0296,0.999
48,v4,v11,40.0,60.07,20.0,1.0,0.3004,0.4,35.9655,False,all_direct,35.9478,0.998
48,v4,v12,40.0,70.0,0.0,1.0,0.35,0.0,36.3098,False,all_direct,36.2912,0.999
48,v4,v3,40.0,80.06,10.0,1.0,0.4003,0.2,35.8922,False,all_direct,35.8603,1.0
48,v4,v7,40.0,110.04,10.0,1.0,0.5502,0.2,35.6159,False,all_direct,35.5885,0.999
49,v1,v2,40.0,20.22,10.0,1.0,0.1011,0.2,37.0872,False,all_direct,37.056,0.999
49,v1,v6,40.0,120.04,0.0,1.0,0.6002,0.0,35.8414,False,all_direct,35.8072,1.0
49,v2,v1,20.0,20.22,10.0,0.6,0.1011,0.2,17.0872,False,all_direct,17.0706,0.9971
49,v2,v6,20.0,100.0,10.0,0.6,0.5,0.2,15.699,True,all_direct,15.6692,0.9971
49,v3,v4,20.0,70.06,10.0,0.6,0.3503,0.2,16.008,True,all_direct,15.9707,0.9971
49,v3,v8,20.0,100.04,10.0,0.6,0.5002,0.2,15.6986,True,all_direct,15.6604,0.9951
49,v3,v11,20.0,110.0,10.0,0.6,0.55,0.2,15.6162,True,all_direct,15.5893,0.9941
49,v3,v12,20.0,140.03,30.0,0.6,0.7002,0.6,15.1055,True,all_direct,15.0727,0.9961
49,v3,v7,20.0,190.0,10.0,0.6,0.95,0.2,15.1415,True,all_direct,15.1139,0.9961
49,v4,v8,40.0,30.0,0.0,1.0,0.15,0.0,37.0458,False,all_direct,37.0145,0.999
49,v4,v11,40.0,40.11,0.0,1.0,0.2006,0.0,36.7934,False,all_direct,36.7693,0.998
49,v4,v12,40.0,70.0,40.0,1.0,0.35,0.8,35.6108,True,all_direct,35.5721,1.0
49,v4,v3,40.0,70.06,10.0,1.0,0.3503,0.2,36.008,False,all_direct,35.9836,0.998
49,v4,v7,40.0,120.04,0.0,1.0,0.6002,0.0,35.8414,False,all_direct,35.8225,1.0
50,v1,v2,40.0,30.15,10.0,1.0,0.1507,0.2,36.7404,False,all_direct,36.72,1.0
50,v1,v6,40.0,120.04,30.0,1.0,0.6002,0.6,35.2393,True,all_direct,35.2138,1.0
50,v2,v1,20.0,30.15,10.0,0.6,0.1507,0.2,16.7404,False,all_direct,16.6968,0.998
50,v2,v6,20.0,90.0,20.0,0.6,0.45,0.4,15.6144,True,all_direct,15.571,0.9971
50,v3,v4,20.0,80.06,0.0,0.6,0.4003,0.0,16.1932,True,all_direct,16.1637,0.998
50,v3,v8,20.0,110.04,10.0,0.6,0.5502,0.2,15.6159,True,all_direct,15.5899,0.9941
50,v3,v12,20.0,110.04,0.0,0.6,0.5502,0.0,15.9169,True,all_direct,15.8895,0.9961
50,v3,v11,20.0,120.0,20.0,0.6,0.6,0.4,15.3645,True,all_direct,15.3473,0.9971
50,v3,v7,20.0,200.0,0.0,0.6,1.0,0.0,15.3979,True,all_direct,15.3645,0.9971
50,v4,v8,40.0,30.0,10.0,1.0,0.15,0.2,36.7447,False,all_direct,36.7129,0.999
50,v4,v12,40.0,30.0,0.0,1.0,0.15,0.0,37.0458,False,all_direct,37.0149,0.999
50,v4,v11,40.0,40.11,20.0,1.0,0.2006,0.4,36.3163,False,all_direct,36.2919,0.999
50,v4,v3,40.0,80.06,0.0,1.0,0.4003,0.0,36.1932,False,all_direct,36.173,0.999
50,v4,v7,40.0,120.04,0.0,1.0,0.6002,0.0,35.8414,False,all_direct,35.8178,1.0
51,v1,v2,40.0,40.11,10.0,1.0,0.2006,0.2,36.4924,False,all_direct,36.4649,1.0
51,v1,v6,40.0,150.03,0.0,1.0,0.7501,0.0,35.6476,False,all_direct,35.6244,0.999
51,v2,v1,20.0,40.11,10.0,0.6,0.2006,0.2,16.4924,False,all_direct,16.464,0.998
51,v2,v6,20.0,110.0,10.0,0.6,0.55,0.2,15.6162,True,all_direct,15.6086,0.9961
51,v3,v4,20.0,80.06,10.0,0.6,0.4003,0.2,15.8922,True,all_direct,15.8672,0.9961
51,v3,v12,20.0,110.04,30.0,0.6,0.5502,0.6,15.3148,True,all_direct,15.2945,0.9971
51,v3,v8,20.0,120.04,0.0,0.6,0.6002,0.0,15.8414,True,all_direct,15.8202,0.9961
51,v3,v11,20.0,140.0,30.0,0.6,0.7,0.6,15.1057,True,all_direct,15.0806,0.999
51,v3,v7,20.0,200.0,40.0,0.6,1.0,0.8,14.699,True,all_direct,14.6774,0.9971
51,v4,v12,40.0,30.0,20.0,1.0,0.15,0.4,36.5686,False,all_direct,36.55,0.999
51,v4,v8,40.0,40.0,10.0,1.0,0.2,0.2,36.4949,False,all_direct,36.4754,0.999
51,v4,v11,40.0,60.07,20.0,1.0,0.3004,0.4,35.9655,False,all_direct,35.9359,0.998
51,v4,v3,40.0,80.06,10.0,1.0,0.4003,0.2,35.8922,False,all_direct,35.872,1.0
51,v4,v7,40.0,120.04,30.0,1.0,0.6002,0.6,35.2393,True,all_direct,35.2191,0.999
52,v1,v2,40.0,30.15,10.0,1.0,0.1507,0.2,36.7404,False,all_direct,36.7048,1.0
52,v1,v6,40.0,150.03,30.0,1.0,0.7501,0.6,35.0456,True,all_direct,35.0252,0.998
52,v2,v1,20.0,30.15,10.0,0.6,0.1507,0.2,16.7404,False,all_direct,16.7049,0.998
52,v2,v6,20.0,120.0,20.0,0.6,0.6,0.4,15.3645,True,all_direct,15.3419,0.9971
52,v3,v4,20.0,70.06,20.0,0.6,0.3503,0.4,15.8319,True,all_direct,15.8055,0.999
52,v3,v12,20.0,80.06,10.0,0.6,0.4003,0.2,15.8922,True,all_direct,15.8607,0.9951
52,v3,v11,20.0,110.0,0.0,0.6,0.55,0.0,15.9172,True,all_direct,15.8885,0.9951
52,v3,v8,20.0,120.04,20.0,0.6,0.6002,0.4,15.3642,True,all_direct,15.3443,0.999
52,v3,v7,20.0,160.0,20.0,0.6,0.8,0.4,15.1146,True,all_direct,15.0698,0.998
52,v4,v12,40.0,10.0,30.0,1.0,0.05,0.6,37.3979,False,all_direct,37.3704,1.0
52,v4,v11,40.0,40.11,20.0,1.0,0.2006,0.4,36.3163,False,all_direct,36.3106,0.999
52,v4,v8,40.0,50.0,0.0,1.0,0.25,0.0,36.6021,False,all_direct,36.5784,0.999
52,v4,v3,40.0,70.06,20.0,1.0,0.3503,0.4,35.8319,False,all_direct,35.8114,1.0
52,v4,v7,40.0,90.05,40.0,1.0,0.4502,0.8,35.3921,True,all_direct,35.3669,1.0
53,v1,v2,40.0,20.22,30.0,1.0,0.1011,0.6,36.7862,False,all_direct,36.7481,1.0
53,v1,v6,40.0,120.04,40.0,1.0,0.6002,0.8,35.1424,True,all_direct,35.1133,0.999
53,v2,v1,20.0,20.22,30.0,0.6,0.1011,0.6,16.7862,True,all_direct,16.7598,0.9951
53,v2,v6,20.0,100.0,10.0,0.6,0.5,0.2,15.699,True,all_direct,15.6595,0.9951
53,v3,v4,20.0,50.09,10.0,0.6,0.2504,0.2,16.2995,False,all_direct,16.2765,0.9971
53,v3,v12,20.0,90.05,20.0,0.6,0.4502,0.4,15.6139,True,all_direct,15.5843,0.9961
53,v3,v8,20.0,100.04,10.0,0.6,0.5002,0.2,15.6986,True,all_direct,15.6611,0.998
53,v3,v11,20.0,110.0,20.0,0.6,0.55,0.4,15.4401,True,all_direct,15.4015,0.9961
53,v3,v7,20.0,180.0,20.0,0.6,0.9,0.4,15.0123,True,all_direct,14.9853,0.9941
53,v4,v12,40.0,40.0,30.0,1.0,0.2,0.6,36.1938,False,all_direct,36.1697,0.999
53,v4,v8,40.0,50.0,0.0,1.0,0.25,0.0,36.6021,False,all_direct,36.5811,1.0
53,v4,v3,40.0,50.09,10.0,1.0,0.2504,0.2,36.2995,False,all_direct,36.2728,1.0
53,v4,v11,40.0,60.07,10.0,1.0,0.3004,0.2,36.1416,False,all_direct,36.1172,1.0
53,v4,v7,40.0,130.03,10.0,1.0,0.6502,0.2,35.4709,False,all_direct,35.4538,0.9971
54,v1,v2,40.0,10.44,40.0,1.0,0.0522,0.8,37.2636,True,all_direct,37.2348,1.0
54,v1,v6,40.0,80.06,30.0,1.0,0.4003,0.6,35.5911,False,all_direct,35.5795,0.999
54,v2,v1,20.0,10.44,40.0,0.6,0.0522,0.8,17.2636,True,all_direct,17.2314,0.9961
54,v2,v6,20.0,90.0,10.0,0.6,0.45,0.2,15.7905,True,all_direct,15.7656,0.998
54,v3,v4,20.0,40.11,20.0,0.6,0.2006,0.4,16.3163,True,all_direct,16.287,0.9961
54,v3,v11,20.0,90.0,10.0,0.6,0.45,0.2,15.7905,True,all_direct,15.7668,0.9951
54,v3,v8,20.0,90.05,20.0,0.6,0.4502,0.4,15.6139,True,all_direct,15.6052,0.9951
54,v3,v12,20.0,110.04,20.0,0.6,0.5502,0.4,15.4398,True,all_direct,15.4264,0.9961
54,v3,v7,20.0,160.0,10.0,0.6,0.8,0.2,15.2907,True,all_direct,15.2581,0.9961
54,v4,v3,40.0,40.11,20.0,1.0,0.2006,0.4,36.3163,False,all_direct,36.2799,0.999
54,v4,v8,40.0,50.0,0.0,1.0,0.25,0.0,36.6021,False,all_direct,36.5819,0.999
54,v4,v11,40.0,50.09,30.0,1.0,0.2504,0.6,35.9984,False,all_direct,35.9686,0.999
54,v4,v12,40.0,70.0,0.0,1.0,0.35,0.0,36.3098,False,all_direct,36.2785,0.999
54,v4,v7,40.0,120.04,10.0,1.0,0.6002,0.2,35.5403,False,all_direct,35.5216,0.999
55,v1,v2,40.0,30.15,10.0,1.0,0.1507,0.2,36.7404,False,all_direct,36.7257,1.0
55,v1,v6,40.0,110.04,20.0,1.0,0.5502,0.4,35.4398,False,all_direct,35.4243,1.0
55,v2,v1,20.0,30.15,10.0,0.6,0.1507,0.2,16.7404,False,all_direct,16.7056,0.9951
55,v2,v6,20.0,80.0,10.0,0.6,0.4,0.2,15.8928,True,all_direct,15.8669,0.9971
55,v3,v4,20.0,20.22,10.0,0.6,0.1011,0.2,17.0872,False,all_direct,17.0594,0.998
55,v3,v8,20.0,70.06,20.0,0.6,0.3503,0.4,15.8319,True,all_direct,15.8074,0.9971
55,v3,v12,20.0,90.05,0.0,0.6,0.4502,0.0,16.091,True,all_direct,16.073,0.9932
55,v3,v11,20.0,100.0,20.0,0.6,0.5,0.4,15.5229,True,all_direct,15.4925,0.9941
55,v3,v7,20.0,150.0,10.0,0.6,0.75,0.2,15.3468,True,all_direct,15.3244,0.9961
55,v4,v3,40.0,20.22,10.0,1.0,0.1011,0.2,37.0872,False,all_direct,37.0555,1.0
55,v4,v8,40.0,50.0,10.0,1.0,0.25,0.2,36.301,False,all_direct,36.2751,0.998
55,v4,v12,40.0,70.0,10.0,1.0,0.35,0.2,36.0088,False,all_direct,35.9882,1.0
55,v4,v11,40.0,80.06,30.0,1.0,0.4003,0.6,35.5911,False,all_direct,35.5599,1.0
55,v4,v7,40.0,130.03,0.0,1.0,0.6502,0.0,35.7719,False,all_direct,35.7532,0.999
56,v1,v2,40.0,20.22,30.0,1.0,0.1011,0.6,36.7862,False,all_direct,36.7591,1.0
56,v1,v6,40.0,90.05,10.0,1.0,0.4502,0.2,35.79,False,all_direct,35.7584,0.999
56,v2,v1,20.0,20.22,30.0,0.6,0.1011,0.6,16.7862,True,all_direct,16.7416,0.9961
56,v2,v6,20.0,70.0,40.0,0.6,0.35,0.8,15.6108,True,all_direct,15.5801,0.9961
56,v3,v4,20.0,10.44,30.0,0.6,0.0522,0.6,17.3605,True,all_direct,17.3265,0.9971
56,v3,v8,20.0,50.09,20.0,0.6,0.2504,0.4,16.1234,True,all_direct,16.09,0.998
56,v3,v12,20.0,90.05,30.0,0.6,0.4502,0.6,15.489,True,all_direct,15.4461,0.998
56,v3,v11,20.0,120.0,10.0,0.6,0.6,0.2,15.5406,True,all_direct,15.5213,0.9971
56,v3,v7,20.0,140.0,20.0,0.6,0.7,0.4,15.2306,True,all_direct,15.1962,1.0
56,v4,v3,40.0,10.44,30.0,1.0,0.0522,0.6,37.3605,False,all_direct,37.3385,0.999
56,v4,v8,40.0,40.0,10.0,1.0,0.2,0.2,36.4949,False,all_direct,36.4734,1.0
56,v4,v12,40.0,80.0,0.0,1.0,0.4,0.0,36.1938,False,all_direct,36.1715,1.0
56,v4,v11,40.0,110.04,20.0,1.0,0.5502,0.4,35.4398,False,all_direct,35.4159,0.999
56,v4,v7,40.0,130.03,10.0,1.0,0.6502,0.2,35.4709,False,all_direct,35.4537,1.0
57,v1,v2,40.0,50.09,10.0,1.0,0.2504,0.2,36.2995,False,all_direct,36.2692,1.0
57,v1,v6,40.0,80.06,20.0,1.0,0.4003,0.4,35.7161,False,all_direct,35.6932,0.999
57,v2,v6,20.0,30.0,10.0,0.6,0.15,0.2,16.7447,False,all_direct,16.7162,0.9971
57,v2,v1,20.0,50.09,10.0,0.6,0.2504,0.2,16.2995,False,all_direct,16.2781,0.9971
57,v2,v5,20.0,190.02,20.0,0.6,0.9501,0.4,14.9653,True,all_direct,14.9351,0.9971
57,v3,v4,20.0,20.22,40.0,0.6,0.1011,0.8,16.6893,True,all_direct,16.6735,0.9951
57,v3,v8,20.0,30.15,30.0,0.6,0.1507,0.6,16.4394,True,all_direct,16.4097,0.9971
57,v3,v12,20.0,60.07,30.0,0.6,0.3004,0.6,15.8406,True,all_direct,15.8112,0.9951
57,v3,v11,20.0,110.0,40.0,0.6,0.55,0.8,15.2182,True,all_direct,15.1825,0.9961
57,v3,v7,20.0,120.0,40.0,0.6,0.6,0.8,15.1427,True,all_direct,15.122,0.998
57,v4,v3,40.0,20.22,40.0,1.0,0.1011,0.8,36.6893,True,all_direct,36.6724,1.0
57,v4,v8,40.0,50.0,10.0,1.0,0.25,0.2,36.301,False,all_direct,36.2708,0.999
57,v4,v12,40.0,80.0,10.0,1.0,0.4,0.2,35.8928,False,all_direct,35.8567,0.999
57,v4,v11,40.0,130.03,0.0,1.0,0.6502,0.0,35.7719,False,all_direct,35.7586,0.999
57,v4,v7,40.0,140.03,0.0,1.0,0.7002,0.0,35.7075,False,all_direct,35.6857,0.999
58,v1,v2,40.0,40.11,10.0,1.0,0.2006,0.2,36.4924,False,all_direct,36.4614,1.0
58,v1,v6,40.0,60.07,10.0,1.0,0.3004,0.2,36.1416,False,all_direct,36.1212,1.0
58,v2,v6,20.0,20.0,0.0,0.6,0.1,0.0,17.3979,False,all_direct,17.3731,0.9922
58,v2,v1,20.0,40.11,10.0,0.6,0.2006,0.2,16.4924,False,all_direct,16.4567,0.9971
58,v2,v5,20.0,170.03,30.0,0.6,0.8501,0.6,14.9369,True,all_direct,14.9129,0.9941
58,v3,v4,20.0,20.22,20.0,0.6,0.1011,0.4,16.9112,True,all_direct,16.888,0.998
58,v3,v8,20.0,60.07,0.0,0.6,0.3004,0.0,16.4426,True,all_direct,16.415,0.9951
58,v3,v12,20.0,90.05,10.0,0.6,0.4502,0.2,15.79,True,all_direct,15.7614,0.9961
58,v3,v11,20.0,150.0,20.0,0.6,0.75,0.4,15.1707,True,all_direct,15.1266,0.9961
58,v3,v7,20.0,160.0,30.0,0.6,0.8,0.6,14.9897,True,all_direct,14.972,0.9955
58,v4,v3,40.0,20.22,20.0,1.0,0.1011,0.4,36.9112,False,all_direct,36.8756,1.0
58,v4,v8,40.0,40.0,20.0,1.0,0.2,0.4,36.3188,False,all_direct,36.2942,0.999
58,v4,v12,40.0,70.0,10.0,1.0,0.35,0.2,36.0088,False,all_direct,35.9805,1.0
58,v4,v11,40.0,130.03,0.0,1.0,0.6502,0.0,35.7719,False,all_direct,35.7555,0.999
58,v4,v7,40.0,140.03,10.0,1.0,0.7002,0.2,35.4065,False,all_direct,35.3811,0.9971
59,v1,v2,40.0,30.15,20.0,1.0,0.1507,0.4,36.5643,False,all_direct,36.5348,0.999
59,v1,v6,40.0,50.09,10.0,1.0,0.2504,0.2,36.2995,False,all_direct,36.2708,1.0
59,v2,v6,20.0,20.0,10.0,0.6,0.1,0.2,17.0969,False,all_direct,17.0674,0.9941
59,v2,v1,20.0,30.15,20.0,0.6,0.1507,0.4,16.5643,True,all_direct,16.5305,0.9971
59,v3,v4,20.0,3.0,10.0,0.6,0.015,0.2,18.7447,False,all_direct,18.7099,0.9971
59,v3,v8,20.0,60.07,0.0,0.6,0.3004,0.0,16.4426,True,all_direct,16.3955,0.9971
59,v3,v12,20.0,80.06,30.0,0.6,0.4003,0.6,15.5911,True,all_direct,15.5644,0.9971
59,v3,v7,20.0,130.0,0.0,0.6,0.65,0.0,15.7721,True,all_direct,15.7562,0.9961
59,v3,v11,20.0,130.0,20.0,0.6,0.65,0.4,15.295,True,all_direct,15.2527,0.9951
59,v4,v3,40.0,3.0,10.0,1.0,0.015,0.2,38.7447,False,all_direct,38.7193,1.0
59,v4,v8,40.0,60.0,10.0,1.0,0.3,0.2,36.1427,False,all_direct,36.1289,0.999
59,v4,v12,40.0,80.0,20.0,1.0,0.4,0.4,35.7167,False,all_direct,35.6923,1.0
59,v4,v7,40.0,130.03,10.0,1.0,0.6502,0.2,35.4709,False,all_direct,35.4409,0.999
59,v4,v11,40.0,130.03,10.0,1.0,0.6502,0.2,35.4709,False,all_direct,35.4479,1.0
60,v1,v2,40.0,10.44,0.0,1.0,0.0522,0.0,37.9626,False,all_direct,37.9256,1.0
60,v1,v6,40.0,40.11,20.0,1.0,0.2006,0.4,36.3163,False,all_direct,36.2846,0.999
60,v2,v1,20.0,10.44,0.0,0.6,0.0522,0.0,17.9626,False,all_direct,17.9419,0.9961
60,v2,v6,20.0,30.0,20.0,0.6,0.15,0.4,16.5686,True,all_direct,16.5568,0.999
60,v3,v4,20.0,10.44,20.0,0.6,0.0522,0.4,17.4855,True,all_direct,17.4639,0.9961
60,v3,v8,20.0,60.07,30.0,0.6,0.3004,0.6,15.8406,True,all_direct,15.8295,0.9971
60,v3,v12,20.0,110.04,10.0,0.6,0.5502,0.2,15.6159,True,all_direct,15.5886,0.9932
60,v3,v7,20.0,130.0,30.0,0.6,0.65,0.6,15.1701,True,all_direct,15.1545,0.999
60,v3,v11,20.0,150.0,20.0,0.6,0.75,0.4,15.1707,True,all_direct,15.1442,0.9961
60,v4,v3,40.0,10.44,20.0,1.0,0.0522,0.4,37.4855,False,all_direct,37.4666,0.999
60,v4,v8,40.0,50.0,10.0,1.0,0.25,0.2,36.301,False,all_direct,36.2714,1.0
60,v4,v12,40.0,100.0,30.0,1.0,0.5,0.6,35.3979,True,all_direct,35.3667,0.999
60,v4,v7,40.0,120.04,10.0,1.0,0.6002,0.2,35.5403,False,all_direct,35.5147,1.0
60,v4,v11,40.0,140.03,0.0,1.0,0.7002,0.0,35.7075,False,all_direct,35.6925,1.0
61,v1,v2,40.0,10.44,0.0,1.0,0.0522,0.0,37.9626,False,all_direct,37.9416,1.0
61,v1,v6,40.0,60.07,0.0,1.0,0.3004,0.0,36.4426,False,all_direct,36.4093,1.0
61,v2,v1,20.0,10.44,0.0,0.6,0.0522,0.0,17.9626,False,all_direct,17.9309,0.9971
61,v2,v6,20.0,50.0,0.0,0.6,0.25,0.0,16.6021,False,all_direct,16.5746,0.9961
61,v3,v4,20.0,10.44,10.0,0.6,0.0522,0.2,17.6615,False,all_direct,17.6455,0.9971
61,v3,v8,20.0,30.15,10.0,0.6,0.1507,0.2,16.7404,False,all_direct,16.7079,0.9961
61,v3,v7,20.0,100.0,0.0,0.6,0.5,0.0,16.0,True,all_direct,15.9646,0.999
61,v3,v12,20.0,120.04,40.0,0.6,0.6002,0.8,15.1424,True,all_direct,15.1136,0.9961
61,v3,v11,20.0,130.0,0.0,0.6,0.65,0.0,15.7721,True,all_direct,15.7418,0.998
61,v4,v3,40.0,10.44,10.0,1.0,0.0522,0.2,37.6615,False,all_direct,37.6298,1.0
61,v4,v8,40.0,40.0,0.0,1.0,0.2,0.0,36.7959,False,all_direct,36.764,0.999
61,v4,v7,40.0,110.04,10.0,1.0,0.5502,0.2,35.6159,False,all_direct,35.5753,1.0
61,v4,v12,40.0,130.0,30.0,1.0,0.65,0.6,35.1701,True,all_direct,35.1406,0.999
61,v4,v11,40.0,140.03,10.0,1.0,0.7002,0.2,35.4065,False,all_direct,35.3787,1.0
62,v1,v2,40.0,10.44,30.0,1.0,0.0522,0.6,37.3605,False,all_direct,37.3295,1.0
62,v1,v6,40.0,60.07,0.0,1.0,0.3004,0.0,36.4426,False,all_direct,36.41,0.998
62,v2,v1,20.0,10.44,30.0,0.6,0.0522,0.6,17.3605,True,all_direct,17.3226,0.9941
62,v2,v6,20.0,50.0,30.0,0.6,0.25,0.6,16.0,True,all_direct,15.9761,0.9951
62,v3,v4,20.0,3.0,10.0,0.6,0.015,0.2,18.7447,False,all_direct,18.7094,0.998
62,v3,v8,20.0,40.11,10.0,0.6,0.2006,0.2,16.4924,False,all_direct,16.4701,0.9971
62,v3,v7,20.0,100.0,10.0,0.6,0.5,0.2,15.699,True,all_direct,15.6756,0.9961
62,v3,v11,20.0,130.0,10.0,0.6,0.65,0.2,15.4711,True,all_direct,15.4545,0.9971
62,v3,v12,20.0,160.03,20.0,0.6,0.8001,0.4,15.1145,True,all_direct,15.0846,0.9961
62,v4,v3,40.0,3.0,10.0,1.0,0.015,0.2,38.7447,False,all_direct,38.7147,0.999
62,v4,v8,40.0,40.0,20.0,1.0,0.2,0.4,36.3188,False,all_direct,36.2916,0.999
62,v4,v7,40.0,100.04,0.0,1.0,0.5002,0.0,35.9996,False,all_direct,35.9685,1.0
62,v4,v11,40.0,130.03,0.0,1.0,0.6502,0.0,35.7719,False,all_direct,35.7386,0.999
62,v4,v12,40.0,160.0,10.0,1.0,0.8,0.2,35.2907,True,all_direct,35.2567,0.999
63,v1,v2,40.0,20.22,40.0,1.0,0.1011,0.8,36.6893,True,all_direct,36.6611,0.999
63,v1,v6,40.0,60.07,30.0,1.0,0.3004,0.6,35.8406,False,all_direct,35.8211,0.999
63,v2,v1,20.0,20.22,40.0,0.6,0.1011,0.8,16.6893,True,all_direct,16.67,0.9971
63,v2,v6,20.0,80.0,10.0,0.6,0.4,0.2,15.8928,True,all_direct,15.8628,0.9961
63,v3,v4,20.0,10.44,10.0,0.6,0.0522,0.2,17.6615,False,all_direct,17.64,0.9941
63,v3,v8,20.0,50.09,20.0,0.6,0.2504,0.4,16.1234,True,all_direct,16.0922,0.9971
63,v3,v7,20.0,90.0,10.0,0.6,0.45,0.2,15.7905,True,all_direct,15.7712,0.998
63,v3,v11,20.0,120.0,10.0,0.6,0.6,0.2,15.5406,True,all_direct,15.5135,0.999
63,v3,v12,20.0,140.03,0.0,0.6,0.7002,0.0,15.7075,True,all_direct,15.6788,0.9961
63,v4,v3,40.0,10.44,10.0,1.0,0.0522,0.2,37.6615,False,all_direct,37.6435,0.999
63,v4,v8,40.0,60.0,30.0,1.0,0.3,0.6,35.8416,False,all_direct,35.8248,1.0
63,v4,v7,40.0,100.04,0.0,1.0,0.5002,0.0,35.9996,False,all_direct,35.9619,1.0
63,v4,v11,40.0,130.03,20.0,1.0,0.6502,0.4,35.2948,True,all_direct,35.2635,0.999
63,v4,v12,40.0,150.0,10.0,1.0,0.75,0.2,35.3468,False,all_direct,35.3196,0.999
64,v1,v6,40.0,30.15,10.0,1.0,0.1507,0.2,36.7404,False,all_direct,36.7109,0.999
64,v1,v2,40.0,60.07,20.0,1.0,0.3004,0.4,35.9655,False,all_direct,35.9408,1.0
64,v2,v1,20.0,60.07,20.0,0.6,0.3004,0.4,15.9655,True,all_direct,15.9485,0.9971
64,v2,v6,20.0,90.0,10.0,0.6,0.45,0.2,15.7905,True,all_direct,15.7735,0.998
64,v3,v4,20.0,20.22,10.0,0.6,0.1011,0.2,17.0872,False,all_direct,17.0509,0.9941
64,v3,v8,20.0,70.06,10.0,0.6,0.3503,0.2,16.008,True,all_direct,15.9705,0.9971
64,v3,v7,20.0,80.0,0.0,0.6,0.4,0.0,16.1938,True,all_direct,16.1634,0.998
64,v3,v11,20.0,130.0,20.0,0.6,0.65,0.4,15.295,True,all_direct,15.2584,0.9971
64,v3,v12,20.0,140.03,10.0,0.6,0.7002,0.2,15.4065,True,all_direct,15.3855,0.9941
64,v4,v3,40.0,20.22,10.0,1.0,0.1011,0.2,37.0872,False,all_direct,37.0671,1.0
64,v4,v8,40.0,90.0,20.0,1.0,0.45,0.4,35.6144,False,all_direct,35.5863,0.999
64,v4,v7,40.0,100.04,10.0,1.0,0.5002,0.2,35.6986,False,all_direct,35.6742,1.0
64,v4,v11,40.0,150.03,30.0,1.0,0.7501,0.6,35.0456,True,all_direct,35.0261,0.9971
64,v4,v12,40.0,160.0,20.0,1.0,0.8,0.4,35.1146,True,all_direct,35.0919,1.0
65,v1,v6,40.0,20.22,10.0,1.0,0.1011,0.2,37.0872,False,all_direct,37.0632,0.998
65,v1,v2,40.0,80.06,20.0,1.0,0.4003,0.4,35.7161,False,all_direct,35.6971,0.999
65,v2,v1,20.0,80.06,20.0,0.6,0.4003,0.4,15.7161,True,all_direct,15.6918,0.998
65,v2,v6,20.0,100.0,30.0,0.6,0.5,0.6,15.3979,True,all_direct,15.3708,0.9941
65,v3,v4,20.0,30.15,40.0,0.6,0.1507,0.8,16.3425,True,all_direct,16.3171,0.9971
65,v3,v7,20.0,80.0,20.0,0.6,0.4,0.4,15.7167,True,all_direct,15.6942,0.9951
65,v3,v8,20.0,80.06,30.0,0.6,0.4003,0.6,15.5911,True,all_direct,15.5646,0.9951
65,v3,v11,20.0,150.0,30.0,0.6,0.75,0.6,15.0458,True,all_direct,15.0151,0.9971
65,v3,v12,20.0,150.03,30.0,0.6,0.7501,0.6,15.0456,True,all_direct,15.0225,0.998
65,v4,v3,40.0,30.15,40.0,1.0,0.1507,0.8,36.3425,True,all_direct,36.3041,0.999
65,v4,v8,40.0,110.0,10.0,1.0,0.55,0.2,35.6162,False,all_direct,35.5899,0.999
65,v4,v7,40.0,110.04,20.0,1.0,0.5502,0.4,35.4398,False,all_direct,35.4241,0.998
65,v4,v12,40.0,180.0,10.0,1.0,0.9,0.2,35.1884,True,all_direct,35.1584,1.0
65,v4,v11,40.0,180.02,10.0,1.0,0.9001,0.2,35.1883,True,all_direct,35.1684,1.0
66,v1,v6,40.0,10.44,20.0,1.0,0.0522,0.4,37.4855,False,all_direct,37.4636,1.0
66,v1,v2,40.0,60.07,20.0,1.0,0.3004,0.4,35.9655,False,all_direct,35.9403,0.999
66,v2,v1,20.0,60.07,20.0,0.6,0.3004,0.4,15.9655,True,all_direct,15.935,0.9961
66,v2,v6,20.0,70.0,0.0,0.6,0.35,0.0,16.3098,True,all_direct,16.2843,0.9965
66,v3,v4,20.0,10.44,10.0,0.6,0.0522,0.2,17.6615,False,all_direct,17.6386,0.9951
66,v3,v7,20.0,100.0,20.0,0.6,0.5,0.4,15.5229,True,all_direct,15.4955,0.9961
66,v3,v8,20.0,110.04,0.0,0.6,0.5502,0.0,15.9169,True,all_direct,15.8911,0.998
66,v3,v11,20.0,180.0,30.0,0.6,0.9,0.6,14.8874,True,all_direct,14.8575,0.9951
66,v3,v12,20.0,180.02,10.0,0.6,0.9001,0.2,15.1883,True,all_direct,15.1665,0.998
66,v4,v3,40.0,10.44,10.0,1.0,0.0522,0.2,37.6615,False,all_direct,37.6344,0.999
66,v4,v7,40.0,90.05,30.0,1.0,0.4502,0.6,35.489,True,all_direct,35.4525,1.0
66,v4,v8,40.0,100.0,10.0,1.0,0.5,0.2,35.699,False,all_direct,35.6617,1.0
66,v4,v12,40.0,170.0,20.0,1.0,0.85,0.4,35.062,True,all_direct,35.035,0.9971
66,v4,v11,40.0,170.03,40.0,1.0,0.8501,0.8,34.84,True,all_direct,34.8074,1.0
67,v1,v6,40.0,30.15,30.0,1.0,0.1507,0.6,36.4394,False,all_direct,36.4163,0.999
67,v1,v2,40.0,40.11,30.0,1.0,0.2006,0.6,36.1914,False,all_direct,36.1552,1.0
67,v2,v1,20.0,40.11,30.0,0.6,0.2006,0.6,16.1914,True,all_direct,16.1678,0.9971
67,v2,v6,20.0,70.0,0.0,0.6,0.35,0.0,16.3098,True,all_direct,16.2732,0.9941
67,v3,v4,20.0,20.22,10.0,0.6,0.1011,0.2,17.0872,False,all_direct,17.063,0.9971
67,v3,v7,20.0,80.0,40.0,0.6,0.4,0.8,15.4949,True,all_direct,15.4822,0.9961
67,v3,v8,20.0,110.04,20.0,0.6,0.5502,0.4,15.4398,True,all_direct,15.4172,0.9941
67,v3,v11,20.0,150.0,0.0,0.6,0.75,0.0,15.6478,True,all_direct,15.6234,0.9961
67,v3,v12,20.0,170.03,20.0,0.6,0.8501,0.4,15.0618,True,all_direct,15.0479,0.9941
67,v4,v3,40.0,20.22,10.0,1.0,0.1011,0.2,37.0872,False,all_direct,37.0582,0.999
67,v4,v7,40.0,60.07,30.0,1.0,0.3004,0.6,35.8406,False,all_direct,35.7946,1.0
67,v4,v8,40.0,90.0,10.0,1.0,0.45,0.2,35.7905,False,all_direct,35.7466,0.999
67,v4,v11,40.0,130.03,10.0,1.0,0.6502,0.2,35.4709,False,all_direct,35.4434,0.999
67,v4,v12,40.0,150.0,10.0,1.0,0.75,0.2,35.3468,False,all_direct,35.3125,0.998
68,v1,v6,40.0,3.0,40.0,1.0,0.015,0.8,38.3468,True,all_direct,38.3203,0.999
68,v1,v2,40.0,70.06,10.0,1.0,0.3503,0.2,36.008,False,all_direct,35.9801,0.998
68,v1,v13,40.0,180.0,30.0,1.0,0.9,0.6,34.8874,True,all_direct,34.8529,0.999
68,v2,v6,20.0,70.0,30.0,0.6,0.35,0.6,15.7077,True,all_direct,15.682,0.998
68,v2,v1,20.0,70.06,10.0,0.6,0.3503,0.2,16.008,True,all_direct,15.9693,0.9932
68,v3,v4,20.0,10.44,30.0,0.6,0.0522,0.6,17.3605,True,all_direct,17.3421,0.9961
68,v3,v7,20.0,40.0,10.0,0.6,0.2,0.2,16.4949,False,all_direct,16.4643,0.998
68,v3,v8,20.0,90.05,10.0,0.6,0.4502,0.2,15.79,True,all_direct,15.7549,0.999
68,v3,v11,20.0,150.0,0.0,0.6,0.75,0.0,15.6478,True,all_direct,15.615,0.9961
68,v3,v12,20.0,150.03,10.0,0.6,0.7501,0.2,15.3466,True,all_direct,15.3238,0.9951
68,v4,v3,40.0,10.44,30.0,1.0,0.0522,0.6,37.3605,False,all_direct,37.3435,1.0
68,v4,v7,40.0,30.15,20.0,1.0,0.1507,0.4,36.5643,False,all_direct,36.5352,0.998
68,v4,v8,40.0,80.0,40.0,1.0,0.4,0.8,35.4949,True,all_direct,35.4673,0.999
68,v4,v12,40.0,140.0,20.0,1.0,0.7,0.4,35.2306,True,all_direct,35.2044,0.999
68,v4,v11,40.0,140.03,30.0,1.0,0.7002,0.6,35.1055,True,all_direct,35.0739,0.999
69,v1,v6,40.0,40.11,30.0,1.0,0.2006,0.6,36.1914,False,all_direct,36.1671,0.999
69,v1,v2,40.0,80.06,10.0,1.0,0.4003,0.2,35.8922,False,all_direct,35.869,0.998
69,v1,v13,40.0,150.0,0.0,1.0,0.75,0.0,35.6478,False,all_direct,35.6327,0.999
69,v2,v6,20.0,40.0,20.0,0.6,0.2,0.4,16.3188,True,all_direct,16.2971,0.9961
69,v2,v1,20.0,80.06,10.0,0.6,0.4003,0.2,15.8922,True,all_direct,15.8852,0.999
69,v3,v4,20.0,40.11,30.0,0.6,0.2006,0.6,16.1914,True,all_direct,16.1567,0.9961
69,v3,v7,20.0,50.0,20.0,0.6,0.25,0.4,16.1249,True,all_direct,16.1041,0.998
69,v3,v8,20.0,80.06,0.0,0.6,0.4003,0.0,16.1932,True,all_direct,16.1786,1.0
69,v3,v11,20.0,150.0,30.0,0.6,0.75,0.6,15.0458,True,all_direct,15.0197,0.999
69,v3,v12,20.0,160.03,10.0,0.6,0.8001,0.2,15.2906,True,all_direct,15.2655,0.9971
69,v4,v7,40.0,10.44,10.0,1.0,0.0522,0.2,37.6615,False,all_direct,37.647,1.0
69,v4,v8,40.0,40.0,30.0,1.0,0.2,0.6,36.1938,False,all_direct,36.1712,0.998
69,v4,v3,40.0,40.11,30.0,1.0,0.2006,0.6,36.1914,False,all_direct,36.1617,0.999
69,v4,v11,40.0,110.04,0.0,1.0,0.5502,0.0,35.9169,False,all_direct,35.8927,0.998
69,v4,v12,40.0,120.0,20.0,1.0,0.6,0.4,35.3645,False,all_direct,35.3376,0.999
70,v1,v6,40.0,70.06,10.0,1.0,0.3503,0.2,36.008,False,all_direct,35.9876,0.999
70,v1,v2,40.0,90.05,0.0,1.0,0.4502,0.0,36.091,False,all_direct,36.0591,1.0
70,v1,v13,40.0,150.0,30.0,1.0,0.75,0.6,35.0458,True,all_direct,35.0128,0.999
70,v1,v5,40.0,180.0,30.0,1.0,0.9,0.6,34.8874,True,all_direct,34.87,0.999
70,v2,v6,20.0,20.0,10.0,0.6,0.1,0.2,17.0969,False,all_direct,17.0785,0.9971
70,v2,v1,20.0,90.05,0.0,0.6,0.4502,0.0,16.091,True,all_direct,16.0484,0.9951
70,v3,v7,20.0,70.0,30.0,0.6,0.35,0.6,15.7077,True,all_direct,15.6837,0.9951
70,v3,v4,20.0,70.06,10.0,0.6,0.3503,0.2,16.008,True,all_direct,15.9751,0.999
70,v3,v8,20.0,80.06,10.0,0.6,0.4003,0.2,15.8922,True,all_direct,15.8692,0.999
70,v3,v12,20.0,170.03,0.0,0.6,0.8501,0.0,15.539,True,all_direct,15.5139,0.9971
70,v3,v11,20.0,180.0,10.0,0.6,0.9,0.2,15.1884,True,all_direct,15.1597,0.9951
70,v4,v7,40.0,3.0,20.0,1.0,0.015,0.4,38.5686,False,all_direct,38.5436,1.0
70,v4,v8,40.0,10.0,0.0,1.0,0.05,0.0,38.0,False,all_direct,37.9574,1.0
70,v4,v3,40.0,70.06,10.0,1.0,0.3503,0.2,36.008,False,all_direct,35.9828,1.0
70,v4,v12,40.0,100.0,10.0,1.0,0.5,0.2,35.699,False,all_direct,35.678,1.0
70,v4,v11,40.0,110.04,0.0,1.0,0.5502,0.0,35.9169,False,all_direct,35.8987,1.0
71,v1,v6,40.0,60.07,30.0,1.0,0.3004,0.6,35.8406,False,all_direct,35.8059,0.999
71,v1,v2,40.0,90.05,0.0,1.0,0.4502,0.0,36.091,False,all_direct,36.058,1.0
71,v1,v13,40.0,180.0,30.0,1.0,0.9,0.6,34.8874,True,all_direct,34.8606,0.999
71,v2,v6,20.0,30.0,30.0,0.6,0.15,0.6,16.4437,True,all_direct,16.4184,0.9961
71,v2,v1,20.0,90.05,0.0,0.6,0.4502,0.0,16.091,True,all_direct,16.0624,0.9961
71,v3,v7,20.0,40.0,30.0,0.6,0.2,0.6,16.1938,True,all_direct,16.1655,0.9971
71,v3,v4,20.0,60.07,30.0,0.6,0.3004,0.6,15.8406,True,all_direct,15.821,0.998
71,v3,v8,20.0,70.06,0.0,0.6,0.3503,0.0,16.309,True,all_direct,16.2777,0.9971
71,v3,v11,20.0,170.0,20.0,0.6,0.85,0.4,15.062,True,all_direct,15.0406,0.9941
71,v3,v12,20.0,170.03,30.0,0.6,0.8501,0.6,14.9369,True,all_direct,14.9267,0.9961
71,v4,v8,40.0,10.0,30.0,1.0,0.05,0.6,37.3979,False,all_direct,37.3642,1.0
71,v4,v7,40.0,20.22,0.0,1.0,0.1011,0.0,37.3883,False,all_direct,37.3577,1.0
71,v4,v3,40.0,60.07,30.0,1.0,0.3004,0.6,35.8406,False,all_direct,35.8077,0.999
71,v4,v12,40.0,110.0,0.0,1.0,0.55,0.0,35.9172,False,all_direct,35.898,0.999
71,v4,v11,40.0,110.04,10.0,1.0,0.5502,0.2,35.6159,False,all_direct,35.5788,0.998
72,v1,v2,40.0,90.05,0.0,1.0,0.4502,0.0,36.091,False,all_direct,36.0643,0.999
72,v1,v6,40.0,90.05,10.0,1.0,0.4502,0.2,35.79,False,all_direct,35.7566,0.998
72,v1,v13,40.0,150.0,10.0,1.0,0.75,0.2,35.3468,False,all_direct,35.3214,1.0
72,v2,v6,20.0,0.0,10.0,0.6,0.0,0.2,21.699,False,all_direct,21.6729,0.9971
72,v2,v1,20.0,90.05,0.0,0.6,0.4502,0.0,16.091,True,all_direct,16.0667,0.9961
72,v3,v7,20.0,70.0,30.0,0.6,0.35,0.6,15.7077,True,all_direct,15.6647,0.9971
72,v3,v8,20.0,70.06,10.0,0.6,0.3503,0.2,16.008,True,all_direct,15.9738,0.9961
72,v3,v4,20.0,90.05,10.0,0.6,0.4502,0.2,15.79,True,all_direct,15.7601,0.9961
72,v3,v11,20.0,190.0,10.0,0.6,0.95,0.2,15.1415,True,all_direct,15.11,0.9971
72,v4,v8,40.0,20.0,20.0,1.0,0.1,0.4,36.9208,False,all_direct,36.8968,0.998
72,v4,v7,40.0,20.22,40.0,1.0,0.1011,0.8,36.6893,True,all_direct,36.6594,1.0
72,v4,v3,40.0,90.05,10.0,1.0,0.4502,0.2,35.79,False,all_direct,35.7667,1.0
72,v4,v11,40.0,100.04,20.0,1.0,0.5002,0.4,35.5225,False,all_direct,35.4928,1.0
72,v4,v12,40.0,110.0,0.0,1.0,0.55,0.0,35.9172,False,all_direct,35.8958,1.0
73,v1,v2,40.0,90.05,0.0,1.0,0.4502,0.0,36.091,False,all_direct,36.0554,0.999
73,v1,v6,40.0,100.04,30.0,1.0,0.5002,0.6,35.3975,True,all_direct,35.3666,1.0
73,v1,v13,40.0,140.0,40.0,1.0,0.7,0.8,35.0088,True,all_direct,34.9961,0.999
73,v1,v5,40.0,200.0,0.0,1.0,1.0,0.0,35.3979,True,all_direct,35.371,1.0
73,v2,v6,20.0,10.0,30.0,0.6,0.05,0.6,17.3979,True,all_direct,17.3778,0.998
73,v2,v1,20.0,90.05,0.0,0.6,0.4502,0.0,16.091,True,all_direct,16.0541,0.9971
73,v3,v7,20.0,40.0,40.0,0.6,0.2,0.8,16.0969,True,all_direct,16.0641,0.9971
73,v3,v8,20.0,60.07,0.0,0.6,0.3004,0.0,16.4426,True,all_direct,16.4099,0.9961
73,v3,v4,20.0,100.04,30.0,0.6,0.5002,0.6,15.3975,True,all_direct,15.3776,0.9971
73,v3,v11,20.0,180.0,30.0,0.6,0.9,0.6,14.8874,True,all_direct,14.8568,0.9971
73,v4,v8,40.0,40.0,30.0,1.0,0.2,0.6,36.1938,False,all_direct,36.1561,1.0
73,v4,v7,40.0,60.07,10.0,1.0,0.3004,0.2,36.1416,False,all_direct,36.1248,0.999
73,v4,v11,40.0,80.06,0.0,1.0,0.4003,0.0,36.1932,False,all_direct,36.1662,0.999
73,v4,v3,40.0,100.04,30.0,1.0,0.5002,0.6,35.3975,True,all_direct,35.3759,1.0
73,v4,v12,40.0,110.0,30.0,1.0,0.55,0.6,35.3152,True,all_direct,35.291,0.999
74,v1,v6,40.0,70.06,10.0,1.0,0.3503,0.2,36.008,False,all_direct,35.9858,1.0
74,v1,v2,40.0,90.05,20.0,1.0,0.4502,0.4,35.6139,False,all_direct,35.5929,0.999
74,v1,v13,40.0,180.0,40.0,1.0,0.9,0.8,34.7905,True,all_direct,34.7572,0.998
74,v1,v5,40.0,200.0,0.0,1.0,1.0,0.0,35.3979,True,all_direct,35.3765,1.0
74,v2,v6,20.0,20.0,10.0,0.6,0.1,0.2,17.0969,False,all_direct,17.0724,0.9951
74,v2,v1,20.0,90.05,20.0,0.6,0.4502,0.4,15.6139,True,all_direct,15.5802,0.9971
74,v3,v7,20.0,0.0,20.0,0.6,0.0,0.4,21.5229,True,all_direct,21.4937,0.999
74,v3,v8,20.0,60.07,0.0,0.6,0.3004,0.0,16.4426,True,all_direct,16.4153,0.9961
74,v3,v4,20.0,70.06,30.0,0.6,0.3503,0.6,15.7069,True,all_direct,15.6673,0.9971
74,v3,v11,20.0,150.0,20.0,0.6,0.75,0.4,15.1707,True,all_direct,15.1456,0.999
74,v4,v8,40.0,10.0,30.0,1.0,0.05,0.6,37.3979,False,all_direct,37.3737,0.999
74,v4,v3,40.0,70.06,30.0,1.0,0.3503,0.6,35.7069,False,all_direct,35.6691,0.999
74,v4,v7,40.0,70.06,10.0,1.0,0.3503,0.2,36.008,False,all_direct,35.9952,1.0
74,v4,v11,40.0,80.06,10.0,1.0,0.4003,0.2,35.8922,False,all_direct,35.868,0.999
74,v4,v12,40.0,140.0,20.0,1.0,0.7,0.4,35.2306,True,all_direct,35.209,0.999
75,v1,v6,40.0,80.06,10.0,1.0,0.4003,0.2,35.8922,False,all_direct,35.8681,1.0
75,v1,v2,40.0,110.04,40.0,1.0,0.5502,0.8,35.2179,True,all_direct,35.196,0.9971
75,v1,v13,40.0,140.0,20.0,1.0,0.7,0.4,35.2306,True,all_direct,35.2067,0.998
75,v1,v14,40.0,170.03,30.0,1.0,0.8501,0.6,34.9369,True,all_direct,34.9139,0.998
75,v1,v5,40.0,200.0,30.0,1.0,1.0,0.6,34.7959,True,all_direct,34.7728,1.0
75,v2,v6,20.0,30.0,30.0,0.6,0.15,0.6,16.4437,True,all_direct,16.4125,0.9951
75,v2,v1,20.0,110.04,40.0,0.6,0.5502,0.8,15.2179,True,all_direct,15.1909,0.9971
75,v3,v7,20.0,20.0,20.0,0.6,0.1,0.4,16.9208,True,all_direct,16.8878,0.999
75,v3,v8,20.0,60.07,10.0,0.6,0.3004,0.2,16.1416,True,all_direct,16.1088,0.9961
75,v3,v4,20.0,100.04,20.0,0.6,0.5002,0.4,15.5225,True,all_direct,15.5072,0.999
75,v3,v11,20.0,170.0,20.0,0.6,0.85,0.4,15.062,True,all_direct,15.0259,0.998
75,v4,v8,40.0,40.0,10.0,1.0,0.2,0.2,36.4949,False,all_direct,36.4573,0.999
75,v4,v11,40.0,70.06,0.0,1.0,0.3503,0.0,36.309,False,all_direct,36.2819,0.999
75,v4,v7,40.0,80.06,0.0,1.0,0.4003,0.0,36.1932,False,all_direct,36.1709,0.999
75,v4,v3,40.0,100.04,20.0,1.0,0.5002,0.4,35.5225,False,all_direct,35.5106,1.0
75,v4,v12,40.0,120.0,30.0,1.0,0.6,0.6,35.2396,True,all_direct,35.2324,1.0
76,v1,v6,40.0,90.05,20.0,1.0,0.4502,0.4,35.6139,False,all_direct,35.5877,1.0
76,v1,v13,40.0,120.0,20.0,1.0,0.6,0.4,35.3645,False,all_direct,35.332,1.0
76,v1,v14,40.0,140.03,0.0,1.0,0.7002,0.0,35.7075,False,all_direct,35.677,0.999
76,v1,v2,40.0,150.03,0.0,1.0,0.7501,0.0,35.6476,False,all_direct,35.6215,1.0
76,v1,v5,40.0,170.0,0.0,1.0,0.85,0.0,35.5391,True,all_direct,35.5132,0.999
76,v2,v6,20.0,60.0,20.0,0.6,0.3,0.4,15.9666,True,all_direct,15.9481,0.998
76,v2,v1,20.0,150.03,0.0,0.6,0.7501,0.0,15.6476,True,all_direct,15.62,0.9971
76,v3,v7,20.0,0.0,10.0,0.6,0.0,0.2,21.699,False,all_direct,21.6645,1.0
76,v3,v8,20.0,50.09,40.0,0.6,0.2504,0.8,15.9015,True,all_direct,15.8855,0.9971
76,v3,v4,20.0,80.06,30.0,0.6,0.4003,0.6,15.5911,True,all_direct,15.5614,0.9971
76,v3,v11,20.0,150.0,40.0,0.6,0.75,0.8,14.9488,True,all_direct,14.9204,0.998
76,v4,v8,40.0,30.0,10.0,1.0,0.15,0.2,36.7447,False,all_direct,36.7325,0.999
76,v4,v11,40.0,70.06,10.0,1.0,0.3503,0.2,36.008,False,all_direct,35.9806,1.0
76,v4,v3,40.0,80.06,30.0,1.0,0.4003,0.6,35.5911,False,all_direct,35.5623,0.999
76,v4,v7,40.0,80.06,20.0,1.0,0.4003,0.4,35.7161,False,all_direct,35.6922,1.0
76,v4,v12,40.0,150.0,10.0,1.0,0.75,0.2,35.3468,False,all_direct,35.304,0.9971
77,v1,v13,40.0,100.0,0.0,1.0,0.5,0.0,36.0,False,all_direct,35.9687,0.999
77,v1,v6,40.0,110.04,10.0,1.0,0.5502,0.2,35.6159,False,all_direct,35.5959,1.0
77,v1,v14,40.0,140.03,20.0,1.0,0.7002,0.4,35.2304,True,all_direct,35.1982,1.0
77,v1,v2,40.0,150.03,0.0,1.0,0.7501,0.0,35.6476,False,all_direct,35.6294,0.999
77,v1,v5,40.0,170.0,20.0,1.0,0.85,0.4,35.062,True,all_direct,35.0418,0.998
77,v2,v6,20.0,40.0,10.0,0.6,0.2,0.2,16.4949,False,all_direct,16.4679,0.999
77,v2,v1,20.0,150.03,0.0,0.6,0.7501,0.0,15.6476,True,all_direct,15.6177,0.999
77,v3,v7,20.0,10.0,10.0,0.6,0.05,0.2,17.699,False,all_direct,17.6668,0.999
77,v3,v8,20.0,10.44,30.0,0.6,0.0522,0.6,17.3605,True,all_direct,17.3443,0.9971
77,v3,v4,20.0,50.09,40.0,0.6,0.2504,0.8,15.9015,True,all_direct,15.8688,0.9971
77,v3,v11,20.0,110.0,20.0,0.6,0.55,0.4,15.4401,True,all_direct,15.4201,0.9945
77,v3,v12,20.0,190.02,40.0,0.6,0.9501,0.8,14.7434,True,all_direct,14.7211,0.9912
77,v4,v8,40.0,40.0,10.0,1.0,0.2,0.2,36.4949,False,all_direct,36.454,0.999
77,v4,v3,40.0,50.09,40.0,1.0,0.2504,0.8,35.9015,True,all_direct,35.8768,0.998
77,v4,v7,40.0,60.07,30.0,1.0,0.3004,0.6,35.8406,False,all_direct,35.8159,0.999
77,v4,v11,40.0,60.07,20.0,1.0,0.3004,0.4,35.9655,False,all_direct,35.9324,1.0
77,v4,v12,40.0,140.0,0.0,1.0,0.7,0.0,35.7077,False,all_direct,35.6935,0.999
78,v1,v13,40.0,100.0,30.0,1.0,0.5,0.6,35.3979,True,all_direct,35.372,0.999
78,v1,v6,40.0,100.04,40.0,1.0,0.5002,0.8,35.3006,True,all_direct,35.2721,0.998
78,v1,v5,40.0,150.0,20.0,1.0,0.75,0.4,35.1707,True,all_direct,35.1361,1.0
78,v1,v2,40.0,150.03,0.0,1.0,0.7501,0.0,35.6476,False,all_direct,35.6216,0.998
78,v1,v14,40.0,160.03,30.0,1.0,0.8001,0.6,34.9895,True,all_direct,34.9612,1.0
78,v2,v6,20.0,50.0,40.0,0.6,0.25,0.8,15.9031,True,all_direct,15.8712,0.9932
78,v2,v1,20.0,150.03,0.0,0.6,0.7501,0.0,15.6476,True,all_direct,15.6208,0.9971
78,v3,v4,20.0,10.44,40.0,0.6,0.0522,0.8,17.2636,True,all_direct,17.2466,0.9961
78,v3,v7,20.0,20.0,10.0,0.6,0.1,0.2,17.0969,False,all_direct,17.0826,0.9971
78,v3,v8,20.0,20.22,20.0,0.6,0.1011,0.4,16.9112,True,all_direct,16.8854,0.998
78,v3,v11,20.0,90.0,20.0,0.6,0.45,0.4,15.6144,True,all_direct,15.5941,0.9932
78,v3,v12,20.0,150.03,0.0,0.6,0.7501,0.0,15.6476,True,all_direct,15.6298,0.9961
78,v4,v3,40.0,10.44,40.0,1.0,0.0522,0.8,37.2636,True,all_direct,37.2433,0.999
78,v4,v8,40.0,30.0,20.0,1.0,0.15,0.4,36.5686,False,all_direct,36.5453,1.0
78,v4,v7,40.0,30.15,30.0,1.0,0.1507,0.6,36.4394,False,all_direct,36.4113,0.998
78,v4,v11,40.0,80.06,20.0,1.0,0.4003,0.4,35.7161,False,all_direct,35.6802,0.998
78,v4,v12,40.0,140.0,40.0,1.0,0.7,0.8,35.0088,True,all_direct,34.9918,0.999
79,v1,v6,40.0,60.07,20.0,1.0,0.3004,0.4,35.9655,False,all_direct,35.9416,1.0
79,v1,v13,40.0,130.0,40.0,1.0,0.65,0.8,35.0731,True,all_direct,35.0447,0.999
79,v1,v2,40.0,150.03,30.0,1.0,0.7501,0.6,35.0456,True,all_direct,35.0231,0.999
79,v1,v5,40.0,170.0,10.0,1.0,0.85,0.2,35.2381,True,all_direct,35.2222,1.0
79,v1,v14,40.0,190.02,40.0,1.0,0.9501,0.8,34.7434,True,all_direct,34.7272,1.0
79,v2,v6,20.0,90.0,10.0,0.6,0.45,0.2,15.7905,True,all_direct,15.7584,0.9951
79,v2,v1,20.0,150.03,30.0,0.6,0.7501,0.6,15.0456,True,all_direct,15.0207,0.9971
79,v3,v7,20.0,30.0,20.0,0.6,0.15,0.4,16.5686,True,all_direct,16.5532,0.998
79,v3,v4,20.0,30.15,0.0,0.6,0.1507,0.0,17.0414,False,all_direct,17.0109,0.9961
79,v3,v8,20.0,40.11,10.0,0.6,0.2006,0.2,16.4924,False,all_direct,16.4619,0.9951
79,v3,v11,20.0,70.0,10.0,0.6,0.35,0.2,16.0088,True,all_direct,15.9789,0.9971
79,v3,v15,20.0,140.0,20.0,0.6,0.7,0.4,15.2306,True,all_direct,15.2065,0.9951
79,v4,v7,40.0,3.0,20.0,1.0,0.015,0.4,38.5686,False,all_direct,38.5472,0.998
79,v4,v8,40.0,10.0,10.0,1.0,0.05,0.2,37.699,False,all_direct,37.6817,1.0
79,v4,v3,40.0,30.15,0.0,1.0,0.1507,0.0,37.0414,False,all_direct,37.0168,0.999
79,v4,v11,40.0,100.04,10.0,1.0,0.5002,0.2,35.6986,False,all_direct,35.6793,1.0
79,v4,v15,40.0,170.03,20.0,1.0,0.8501,0.4,35.0618,True,all_direct,35.0448,1.0
80,v1,v6,40.0,40.11,0.0,1.0,0.2006,0.0,36.7934,False,all_direct,36.7676,0.999
80,v1,v2,40.0,120.04,0.0,1.0,0.6002,0.0,35.8414,False,all_direct,35.8235,0.998
80,v1,v13,40.0,170.0,30.0,1.0,0.85,0.6,34.937,True,all_direct,34.9205,1.0
80,v1,v5,40.0,180.0,0.0,1.0,0.9,0.0,35.4895,True,all_direct,35.4612,1.0
80,v2,v6,20.0,80.0,0.0,0.6,0.4,0.0,16.1938,True,all_direct,16.1604,0.9955
80,v2,v1,20.0,120.04,0.0,0.6,0.6002,0.0,15.8414,True,all_direct,15.8139,0.998
80,v3,v7,20.0,10.0,10.0,0.6,0.05,0.2,17.699,False,all_direct,17.6792,0.998
80,v3,v4,20.0,30.15,10.0,0.6,0.1507,0.2,16.7404,False,all_direct,16.7045,0.9951
80,v3,v8,20.0,30.15,20.0,0.6,0.1507,0.4,16.5643,True,all_direct,16.5343,1.0
80,v3,v11,20.0,60.0,10.0,0.6,0.3,0.2,16.1427,True,all_direct,16.107,0.9961
80,v3,v12,20.0,140.03,0.0,0.6,0.7002,0.0,15.7075,True,all_direct,15.6829,0.9961
80,v4,v8,40.0,0.0,30.0,1.0,0.0,0.6,40.0,False,all_direct,39.9679,1.0
80,v4,v7,40.0,20.22,20.0,1.0,0.1011,0.4,36.9112,False,all_direct,36.8818,1.0
80,v4,v3,40.0,30.15,10.0,1.0,0.1507,0.2,36.7404,False,all_direct,36.7,0.999
80,v4,v11,40.0,90.05,20.0,1.0,0.4502,0.4,35.6139,False,all_direct,35.5928,1.0
80,v4,v12,40.0,170.0,10.0,1.0,0.85,0.2,35.2381,True,all_direct,35.2004,1.0
81,v1,v6,40.0,40.11,10.0,1.0,0.2006,0.2,36.4924,False,all_direct,36.456,0.999
81,v1,v2,40.0,120.04,10.0,1.0,0.6002,0.2,35.5403,False,all_direct,35.5302,0.998
81,v1,v5,40.0,180.0,20.0,1.0,0.9,0.4,35.0123,True,all_direct,34.9963,1.0
81,v1,v13,40.0,200.0,30.0,1.0,1.0,0.6,34.7959,True,all_direct,34.7605,0.998
81,v2,v6,20.0,80.0,20.0,0.6,0.4,0.4,15.7167,True,all_direct,15.6832,0.9961
81,v2,v1,20.0,120.04,10.0,0.6,0.6002,0.2,15.5403,True,all_direct,15.514,0.9971
81,v2,v4,20.0,190.09,60.0,0.6,0.9505,1.2,14.597,True,all_direct,14.5757,0.9971
81,v3,v7,20.0,0.0,10.0,0.6,0.0,0.2,21.699,False,all_direct,21.6707,0.998
81,v3,v8,20.0,10.44,10.0,0.6,0.0522,0.2,17.6615,False,all_direct,17.6477,0.998
81,v3,v4,20.0,40.11,0.0,0.6,0.2006,0.0,16.7934,False,all_direct,16.7788,0.9961
81,v3,v11,20.0,70.0,20.0,0.6,0.35,0.4,15.8327,True,all_direct,15.8071,0.9951
81,v3,v12,20.0,140.03,0.0,0.6,0.7002,0.0,15.7075,True,all_direct,15.6714,0.9961
81,v4,v8,40.0,30.0,10.0,1.0,0.15,0.2,36.7447,False,all_direct,36.7099,1.0
81,v4,v3,40.0,40.11,0.0,1.0,0.2006,0.0,36.7934,False,all_direct,36.7682,0.998
81,v4,v7,40.0,40.11,10.0,1.0,0.2006,0.2,36.4924,False,all_direct,36.4677,0.999
81,v4,v11,40.0,110.04,20.0,1.0,0.5502,0.4,35.4398,False,all_direct,35.4061,0.999
81,v4,v12,40.0,180.0,0.0,1.0,0.9,0.0,35.4895,True,all_direct,35.4779,0.999
82,v1,v6,40.0,30.15,40.0,1.0,0.1507,0.8,36.3425,True,all_direct,36.3148,1.0
82,v1,v2,40.0,130.03,0.0,1.0,0.6502,0.0,35.7719,False,all_direct,35.7494,1.0
82,v1,v5,40.0,200.0,10.0,1.0,1.0,0.2,35.0969,True,all_direct,35.0752,0.999
82,v2,v6,20.0,100.0,40.0,0.6,0.5,0.8,15.301,True,all_direct,15.2739,0.998
82,v2,v1,20.0,130.03,0.0,0.6,0.6502,0.0,15.7719,True,all_direct,15.7457,0.9971
82,v2,v4,20.0,130.14,60.0,0.6,0.6507,1.2,14.9261,True,all_direct,14.8933,0.9951
82,v2,v8,20.0,150.12,60.0,0.6,0.7506,1.2,14.802,True,all_direct,14.7686,0.9961
82,v2,v7,20.0,160.03,90.0,0.6,0.8001,1.8,14.5916,True,all_direct,14.5673,0.9961
82,v3,v7,20.0,10.0,10.0,0.6,0.05,0.2,17.699,False,all_direct,17.6637,0.9971
82,v3,v8,20.0,20.22,20.0,0.6,0.1011,0.4,16.9112,True,all_direct,16.8794,0.9961
82,v3,v4,20.0,40.11,20.0,0.6,0.2006,0.4,16.3163,True,all_direct,16.2991,0.9961
82,v3,v11,20.0,50.0,0.0,0.6,0.25,0.0,16.6021,False,all_direct,16.5533,0.9961
82,v3,v15,20.0,120.0,10.0,0.6,0.6,0.2,15.5406,True,all_direct,15.5112,0.998
82,v4,v8,40.0,20.0,0.0,1.0,0.1,0.0,37.3979,False,all_direct,37.3702,0.999
82,v4,v7,40.0,30.15,30.0,1.0,0.1507,0.6,36.4394,False,all_direct,36.4098,0.999
82,v4,v3,40.0,40.11,20.0,1.0,0.2006,0.4,36.3163,False,all_direct,36.2946,1.0
82,v4,v11,40.0,90.05,20.0,1.0,0.4502,0.4,35.6139,False,all_direct,35.5982,0.998
82,v4,v2,40.0,130.14,60.0,1.0,0.6507,1.2,34.9261,True,all_direct,34.8938,1.0
83,v1,v6,40.0,10.44,20.0,1.0,0.0522,0.4,37.4855,False,all_direct,37.4561,0.999
83,v1,v2,40.0,130.03,10.0,1.0,0.6502,0.2,35.4709,False,all_direct,35.4386,0.999
83,v2,v7,20.0,70.06,60.0,0.6,0.3503,1.2,15.4639,True,all_direct,15.4275,0.9932
83,v2,v4,20.0,70.26,60.0,0.6,0.3513,1.2,15.4615,True,all_direct,15.4323,0.9941
83,v2,v3,20.0,90.05,70.0,0.6,0.4502,1.4,15.1879,True,all_direct,15.1602,0.9951
83,v2,v8,20.0,90.2,30.0,0.6,0.451,0.6,15.4875,True,all_direct,15.4637,0.9971
83,v2,v1,20.0,130.03,10.0,0.6,0.6502,0.2,15.4709,True,all_direct,15.4438,0.9961
83,v3,v8,20.0,3.0,40.0,0.6,0.015,0.8,18.3468,True,all_direct,18.3077,0.9971
83,v3,v7,20.0,20.0,10.0,0.6,0.1,0.2,17.0969,False,all_direct,17.0629,0.9961
83,v3,v4,20.0,20.22,10.0,0.6,0.1011,0.2,17.0872,False,all_direct,17.0558,0.9961
83,v3,v11,20.0,50.0,0.0,0.6,0.25,0.0,16.6021,False,all_direct,16.5776,0.9951
83,v3,v2,20.0,90.05,70.0,0.6,0.4502,1.4,15.1879,True,all_direct,15.1608,0.9941
83,v4,v7,40.0,3.0,0.0,1.0,0.015,0.0,39.0458,False,all_direct,39.025,0.999
83,v4,v8,40.0,20.0,30.0,1.0,0.1,0.6,36.7959,False,all_direct,36.7779,1.0
83,v4,v3,40.0,20.22,10.0,1.0,0.1011,0.2,37.0872,False,all_direct,37.06,0.999
83,v4,v11,40.0,70.06,10.0,1.0,0.3503,0.2,36.008,False,all_direct,35.9836,0.999
83,v4,v2,40.0,70.26,60.0,1.0,0.3513,1.2,35.4615,True,all_direct,35.4435,0.999
84,v1,v6,40.0,30.15,10.0,1.0,0.1507,0.2,36.7404,False,all_direct,36.708,0.998
84,v1,v2,40.0,120.04,40.0,1.0,0.6002,0.8,35.1424,True,all_direct,35.1101,0.999
84,v1,v7,40.0,130.14,40.0,1.0,0.6507,0.8,35.0722,True,all_direct,35.0531,0.998
84,v1,v4,40.0,130.31,60.0,1.0,0.6516,1.2,34.9249,True,all_direct,34.889,1.0
84,v1,v3,40.0,140.13,20.0,1.0,0.7006,0.4,35.2298,True,all_direct,35.1948,0.999
84,v2,v7,20.0,10.44,80.0,0.6,0.0522,1.6,17.0083,True,all_direct,16.9847,0.9961
84,v2,v4,20.0,11.66,100.0,0.6,0.0583,2.0,16.8251,True,all_direct,16.7957,0.9971
84,v2,v3,20.0,20.22,60.0,0.6,0.1011,1.2,16.5432,True,all_direct,16.5208,0.9951
84,v2,v8,20.0,60.3,80.0,0.6,0.3015,1.6,15.4851,True,all_direct,15.4621,0.9961
84,v2,v11,20.0,70.06,60.0,0.6,0.3503,1.2,15.4639,True,all_direct,15.4378,0.9971
84,v3,v7,20.0,10.0,20.0,0.6,0.05,0.4,17.5229,True,all_direct,17.4924,0.9961
84,v3,v4,20.0,10.44,40.0,0.6,0.0522,0.8,17.2636,True,all_direct,17.2384,0.9961
84,v3,v2,20.0,20.22,60.0,0.6,0.1011,1.2,16.5432,True,all_direct,16.5117,0.998
84,v3,v8,20.0,40.11,20.0,0.6,0.2006,0.4,16.3163,True,all_direct,16.2943,0.999
84,v3,v11,20.0,50.0,0.0,0.6,0.25,0.0,16.6021,False,all_direct,16.5745,0.9971
84,v4,v7,40.0,3.0,20.0,1.0,0.015,0.4,38.5686,False,all_direct,38.5439,0.999
84,v4,v3,40.0,10.44,40.0,1.0,0.0522,0.8,37.2636,True,all_direct,37.2382,0.999
84,v4,v2,40.0,11.66,100.0,1.0,0.0583,2.0,36.8251,True,all_direct,36.8004,1.0
84,v4,v8,40.0,50.0,20.0,1.0,0.25,0.4,36.1249,False,all_direct,36.1049,1.0
84,v4,v11,40.0,60.07,40.0,1.0,0.3004,0.8,35.7436,True,all_direct,35.7102,0.9971
85,v1,v6,40.0,20.22,10.0,1.0,0.1011,0.2,37.0872,False,all_direct,37.0662,0.999
85,v1,v4,40.0,70.58,80.0,1.0,0.3529,1.6,35.3484,True,all_direct,35.3182,1.0
85,v1,v7,40.0,90.2,70.0,1.0,0.451,1.4,35.1865,True,all_direct,35.1537,1.0
85,v1,v3,40.0,120.15,90.0,1.0,0.6007,1.8,34.8406,True,all_direct,34.8045,0.999
85,v1,v8,40.0,140.29,70.0,1.0,0.7014,1.4,34.8029,True,all_direct,34.7659,1.0
85,v2,v11,20.0,10.44,60.0,0.6,0.0522,1.2,17.1175,True,all_direct,17.0944,0.9961
85,v2,v8,20.0,20.88,80.0,0.6,0.1044,1.6,16.4063,True,all_direct,16.3823,0.999
85,v2,v3,20.0,40.11,100.0,0.6,0.2006,2.0,15.7521,True,all_direct,15.7125,0.9971
85,v2,v7,20.0,70.06,80.0,0.6,0.3503,1.6,15.3548,True,all_direct,15.3291,0.9941
85,v2,v15,20.0,70.06,80.0,0.6,0.3503,1.6,15.3548,True,all_direct,15.3175,0.9971
85,v3,v8,20.0,20.22,20.0,0.6,0.1011,0.4,16.9112,True,all_direct,16.8788,0.9971
85,v3,v7,20.0,30.0,20.0,0.6,0.15,0.4,16.5686,True,all_direct,16.5473,0.9971
85,v3,v2,20.0,40.11,100.0,0.6,0.2006,2.0,15.7521,True,all_direct,15.724,0.9951
85,v3,v11,20.0,50.0,40.0,0.6,0.25,0.8,15.9031,True,all_direct,15.8847,0.999
85,v3,v4,20.0,50.09,10.0,0.6,0.2504,0.2,16.2995,False,all_direct,16.2839,0.9941
85,v4,v7,40.0,20.22,10.0,1.0,0.1011,0.2,37.0872,False,all_direct,37.0517,0.999
85,v4,v3,40.0,50.09,10.0,1.0,0.2504,0.2,36.2995,False,all_direct,36.2759,1.0
85,v4,v8,40.0,70.0,10.0,1.0,0.35,0.2,36.0088,False,all_direct,35.9818,0.998
85,v4,v1,40.0,70.58,80.0,1.0,0.3529,1.6,35.3484,True,all_direct,35.326,0.999
85,v4,v2,40.0,90.2,90.0,1.0,0.451,1.8,35.0896,True,all_direct,35.063,0.999
86,v1,v6,40.0,10.44,0.0,1.0,0.0522,0.0,37.9626,False,all_direct,37.9418,1.0
86,v1,v4,40.0,13.45,40.0,1.0,0.0673,0.8,37.0434,True,all_direct,37.0226,1.0
86,v1,v7,40.0,20.88,60.0,1.0,0.1044,1.2,36.5154,True,all_direct,36.4722,0.999
86,v1,v3,40.0,30.59,70.0,1.0,0.153,1.4,36.1256,True,all_direct,36.1037,0.999
86,v1,v8,40.0,70.58,40.0,1.0,0.3529,0.8,35.6037,True,all_direct,35.576,0.998
86,v2,v15,20.0,10.44,90.0,0.6,0.0522,1.8,16.9626,True,all_direct,16.9422,0.9951
86,v2,v12,20.0,11.66,90.0,0.6,0.0583,1.8,16.8665,True,all_direct,16.8377,0.9951
86,v2,v11,20.0,50.09,90.0,0.6,0.2504,1.8,15.6005,True,all_direct,15.5699,0.9971
86,v2,v16,20.0,90.2,90.0,0.6,0.451,1.8,15.0896,True,all_direct,15.0674,0.9961
86,v2,v8,20.0,100.18,50.0,0.6,0.5009,1.0,15.2203,True,all_direct,15.1932,0.9961
86,v3,v7,20.0,10.0,10.0,0.6,0.05,0.2,17.699,False,all_direct,17.6667,0.998
86,v3,v1,20.0,30.59,70.0,0.6,0.153,1.4,16.1256,True,all_direct,16.0945,0.9971
86,v3,v4,20.0,40.11,30.0,0.6,0.2006,0.6,16.1914,True,all_direct,16.1636,0.9971
86,v3,v6,20.0,40.11,70.0,0.6,0.2006,1.4,15.8904,True,all_direct,15.8638,0.9941
86,v3,v8,20.0,40.11,30.0,0.6,0.2006,0.6,16.1914,True,all_direct,16.1569,0.9971
86,v4,v6,40.0,6.0,40.0,1.0,0.03,0.8,37.7447,True,all_direct,37.7241,1.0
86,v4,v1,40.0,13.45,40.0,1.0,0.0673,0.8,37.0434,True,all_direct,37.0313,0.999
86,v4,v7,40.0,30.15,20.0,1.0,0.1507,0.4,36.5643,False,all_direct,36.5444,1.0
86,v4,v3,40.0,40.11,30.0,1.0,0.2006,0.6,36.1914,False,all_direct,36.1714,0.999
86,v4,v8,40.0,80.0,0.0,1.0,0.4,0.0,36.1938,False,all_direct,36.1722,0.999
87,v1,v6,40.0,10.44,20.0,1.0,0.0522,0.4,37.4855,False,all_direct,37.4659,1.0
87,v1,v8,40.0,31.32,40.0,1.0,0.1566,0.8,36.3094,True,all_direct,36.2697,0.999
87,v1,v3,40.0,40.45,70.0,1.0,0.2022,1.4,35.8831,True,all_direct,35.8523,1.0
87,v1,v7,40.0,40.45,70.0,1.0,0.2022,1.4,35.8831,True,all_direct,35.8409,1.0
87,v1,v11,40.0,40.45,80.0,1.0,0.2022,1.6,35.832,True,all_direct,35.8,1.0
87,v2,v16,20.0,6.0,90.0,0.6,0.03,1.8,17.4437,True,all_direct,17.4245,0.9961
87,v2,v15,20.0,100.04,90.0,0.6,0.5002,1.8,14.9996,True,all_direct,14.9606,0.9941
87,v2,v19,20.0,100.04,100.0,0.6,0.5002,2.0,14.9582,True,all_direct,14.9251,0.999
87,v2,v12,20.0,100.18,70.0,0.6,0.5009,1.4,15.0953,True,all_direct,15.0718,0.9961
87,v2,v11,20.0,140.03,100.0,0.6,0.7002,2.0,14.6662,True,all_direct,14.621,0.9961
87,v3,v7,20.0,0.0,0.0,0.6,0.0,0.0,22.0,False,all_direct,21.9944,0.998
87,v3,v4,20.0,10.44,10.0,0.6,0.0522,0.2,17.6615,False,all_direct,17.634,0.9941
87,v3,v6,20.0,30.15,50.0,0.6,0.1507,1.0,16.2633,True,all_direct,16.2319,0.9971
87,v3,v1,20.0,40.45,70.0,0.6,0.2022,1.4,15.8831,True,all_direct,15.8518,0.9961
87,v3,v8,20.0,70.06,30.0,0.6,0.3503,0.6,15.7069,True,all_direct,15.6829,0.9961
87,v4,v3,40.0,10.44,10.0,1.0,0.0522,0.2,37.6615,False,all_direct,37.6418,1.0
87,v4,v7,40.0,10.44,10.0,1.0,0.0522,0.2,37.6615,False,all_direct,37.623,0.998
87,v4,v6,40.0,40.45,60.0,1.0,0.2022,1.2,35.9411,True,all_direct,35.9045,1.0
87,v4,v1,40.0,50.8,80.0,1.0,0.254,1.6,35.634,True,all_direct,35.61,1.0
87,v4,v8,40.0,80.0,40.0,1.0,0.4,0.8,35.4949,True,all_direct,35.4744,0.999
88,v1,v15,40.0,11.66,60.0,1.0,0.0583,1.2,37.0214,True,all_direct,37.001,1.0
88,v1,v8,40.0,13.45,40.0,1.0,0.0673,0.8,37.0434,True,all_direct,37.0485,1.0
88,v1,v6,40.0,30.15,0.0,1.0,0.1507,0.0,37.0414,False,all_direct,37.0044,1.0
88,v1,v12,40.0,31.32,40.0,1.0,0.1566,0.8,36.3094,True,all_direct,36.2828,0.999
88,v1,v11,40.0,40.45,60.0,1.0,0.2022,1.2,35.9411,True,all_direct,35.9082,0.999
88,v2,v19,20.0,3.0,60.0,0.6,0.015,1.2,18.2007,True,all_direct,18.175,0.998
88,v2,v16,20.0,90.2,60.0,0.6,0.451,1.2,15.2445,True,all_direct,15.2237,0.999
88,v2,v12,20.0,170.11,40.0,0.6,0.8505,0.8,14.8396,True,all_direct,14.8196,0.9971
88,v2,v15,20.0,190.02,60.0,0.6,0.9501,1.2,14.5973,True,all_direct,14.5629,0.998
88,v3,v7,20.0,0.0,20.0,0.6,0.0,0.4,21.5229,True,all_direct,21.499,0.9961
88,v3,v4,20.0,20.22,10.0,0.6,0.1011,0.2,17.0872,False,all_direct,17.0553,0.998
88,v3,v11,20.0,70.0,0.0,0.6,0.35,0.0,16.3098,True,all_direct,16.2935,0.9971
88,v3,v6,20.0,80.06,60.0,0.6,0.4003,1.2,15.3481,True,all_direct,15.3184,0.998
88,v3,v5,20.0,80.22,70.0,0.6,0.4011,1.4,15.2883,True,all_direct,15.2572,0.9971
88,v4,v3,40.0,20.22,10.0,1.0,0.1011,0.2,37.0872,False,all_direct,37.0661,0.999
88,v4,v7,40.0,20.22,10.0,1.0,0.1011,0.2,37.0872,False,all_direct,37.0586,1.0
88,v4,v5,40.0,60.67,80.0,1.0,0.3034,1.6,35.4798,True,all_direct,35.454,0.999
88,v4,v13,40.0,80.5,90.0,1.0,0.4025,1.8,35.1884,True,all_direct,35.1601,1.0
88,v4,v11,40.0,90.05,10.0,1.0,0.4502,0.2,35.79,False,all_direct,35.7589,1.0
89,v1,v12,40.0,13.45,80.0,1.0,0.0673,1.6,36.7881,True,all_direct,36.7705,1.0
89,v1,v6,40.0,30.15,30.0,1.0,0.1507,0.6,36.4394,False,all_direct,36.4035,0.998
89,v1,v15,40.0,50.36,60.0,1.0,0.2518,1.2,35.7508,True,all_direct,35.7247,0.999
89,v1,v8,40.0,50.8,60.0,1.0,0.254,1.2,35.7431,True,all_direct,35.7185,0.998
89,v1,v16,40.0,50.8,90.0,1.0,0.254,1.8,35.5882,True,all_direct,35.5644,1.0
89,v2,v19,20.0,60.07,30.0,0.6,0.3004,0.6,15.8406,True,all_direct,15.7984,0.9971
89,v2,v16,20.0,150.12,60.0,0.6,0.7506,1.2,14.802,True,all_direct,14.7749,0.9951
89,v3,v5,20.0,11.66,70.0,0.6,0.0583,1.4,16.9634,True,all_direct,16.9368,0.9951
89,v3,v7,20.0,20.0,20.0,0.6,0.1,0.4,16.9208,True,all_direct,16.899,0.9961
89,v3,v13,20.0,20.88,50.0,0.6,0.1044,1.0,16.5824,True,all_direct,16.5688,0.9961
89,v3,v4,20.0,30.15,0.0,0.6,0.1507,0.0,17.0414,False,all_direct,17.0163,0.9971
89,v3,v11,20.0,70.0,10.0,0.6,0.35,0.2,16.0088,True,all_direct,15.9851,0.9951
89,v4,v7,40.0,10.44,20.0,1.0,0.0522,0.4,37.4855,False,all_direct,37.4493,0.999
89,v4,v13,40.0,13.45,50.0,1.0,0.0673,1.0,36.9642,True,all_direct,36.9358,0.999
89,v4,v5,40.0,21.93,70.0,1.0,0.1097,1.4,36.4148,True,all_direct,36.3942,0.998
89,v4,v3,40.0,30.15,0.0,1.0,0.1507,0.0,37.0414,False,all_direct,37.0227,0.999
89,v4,v14,40.0,50.36,80.0,1.0,0.2518,1.6,35.6416,True,all_direct,35.6188,1.0
90,v1,v16,40.0,41.0,40.0,1.0,0.205,0.8,36.0755,True,all_direct,36.0433,1.0
90,v1,v6,40.0,60.07,10.0,1.0,0.3004,0.2,36.1416,False,all_direct,36.1094,0.999
90,v1,v19,40.0,80.22,50.0,1.0,0.4011,1.0,35.4132,True,all_direct,35.3821,1.0
90,v1,v12,40.0,90.45,40.0,1.0,0.4522,0.8,35.3882,True,all_direct,35.3621,0.998
90,v1,v15,40.0,110.16,80.0,1.0,0.5508,1.6,34.9617,True,all_direct,34.9388,0.998
90,v2,v19,20.0,90.05,40.0,0.6,0.4502,0.8,15.3921,True,all_direct,15.3668,0.998
90,v2,v20,20.0,150.12,70.0,0.6,0.7506,1.4,14.744,True,all_direct,14.7075,0.998
90,v2,v1,20.0,170.03,10.0,0.6,0.8501,0.2,15.2379,True,all_direct,15.2046,0.998
90,v3,v14,20.0,3.0,70.0,0.6,0.015,1.4,18.1427,True,all_direct,18.1152,0.998
90,v3,v4,20.0,30.15,10.0,0.6,0.1507,0.2,16.7404,False,all_direct,16.7102,1.0
90,v3,v13,20.0,30.59,70.0,0.6,0.153,1.4,16.1256,True,all_direct,16.0992,0.998
90,v3,v7,20.0,40.0,0.0,0.6,0.2,0.0,16.7959,False,all_direct,16.7772,0.9951
90,v3,v11,20.0,60.0,10.0,0.6,0.3,0.2,16.1427,True,all_direct,16.1223,0.9941
90,v4,v7,40.0,10.44,10.0,1.0,0.0522,0.2,37.6615,False,all_direct,37.6366,0.999
90,v4,v3,40.0,30.15,10.0,1.0,0.1507,0.2,36.7404,False,all_direct,36.709,0.999
90,v4,v14,40.0,30.59,80.0,1.0,0.153,1.6,36.0745,True,all_direct,36.0434,1.0
90,v4,v9,40.0,41.0,50.0,1.0,0.205,1.0,35.9963,True,all_direct,35.9703,0.999
90,v4,v10,40.0,50.36,40.0,1.0,0.2518,0.8,35.8969,True,all_direct,35.8629,1.0
91,v1,v19,40.0,30.59,70.0,1.0,0.153,1.4,36.1256,True,all_direct,36.1032,0.999
91,v1,v6,40.0,70.06,20.0,1.0,0.3503,0.4,35.8319,False,all_direct,35.8039,1.0
91,v1,v16,40.0,80.5,60.0,1.0,0.4025,1.2,35.3433,True,all_direct,35.3123,0.998
91,v1,v12,40.0,130.31,80.0,1.0,0.6516,1.6,34.8158,True,all_direct,34.7965,1.0
91,v1,v2,40.0,160.03,20.0,1.0,0.8001,0.4,35.1145,True,all_direct,35.0938,0.998
91,v2,v20,20.0,80.22,60.0,0.6,0.4011,1.2,15.3463,True,all_direct,15.327,0.9961
91,v2,v19,20.0,130.03,50.0,0.6,0.6502,1.0,14.9937,True,all_direct,14.9657,0.998
91,v2,v1,20.0,160.03,20.0,0.6,0.8001,0.4,15.1145,True,all_direct,15.0877,0.9961
91,v3,v9,20.0,30.59,60.0,0.6,0.153,1.2,16.1836,True,all_direct,16.1565,0.999
91,v3,v7,20.0,40.0,20.0,0.6,0.2,0.4,16.3188,True,all_direct,16.294,0.999
91,v3,v4,20.0,40.11,0.0,0.6,0.2006,0.0,16.7934,False,all_direct,16.7481,0.9971
91,v3,v11,20.0,50.0,0.0,0.6,0.25,0.0,16.6021,False,all_direct,16.5786,0.9961
91,v3,v10,20.0,50.09,50.0,0.6,0.2504,1.0,15.8223,True,all_direct,15.7991,0.998
91,v4,v7,40.0,3.0,20.0,1.0,0.015,0.4,38.5686,False,all_direct,38.5381,1.0
91,v4,v10,40.0,11.66,50.0,1.0,0.0583,1.0,37.0883,True,all_direct,37.0666,0.999
91,v4,v9,40.0,13.45,60.0,1.0,0.0673,1.2,36.8972,True,all_direct,36.8792,0.998
91,v4,v3,40.0,40.11,0.0,1.0,0.2006,0.0,36.7934,False,all_direct,36.7538,1.0
91,v4,v11,40.0,90.05,0.0,1.0,0.4502,0.0,36.091,False,all_direct,36.0663,1.0
92,v1,v19,40.0,40.45,70.0,1.0,0.2022,1.4,35.8831,True,all_direct,35.8562,0.999
92,v1,v6,40.0,90.05,10.0,1.0,0.4502,0.2,35.79,False,all_direct,35.7658,1.0
92,v1,v2,40.0,140.03,10.0,1.0,0.7002,0.2,35.4065,False,all_direct,35.3834,0.998
92,v1,v16,40.0,140.29,30.0,1.0,0.7014,0.6,35.1039,True,all_direct,35.0759,1.0
92,v1,v20,40.0,160.25,30.0,1.0,0.8013,0.6,34.9883,True,all_direct,34.9643,0.999
92,v2,v20,20.0,20.88,40.0,0.6,0.1044,0.8,16.6615,True,all_direct,16.6385,0.9961
92,v2,v1,20.0,140.03,10.0,0.6,0.7002,0.2,15.4065,True,all_direct,15.3782,0.9971
92,v2,v19,20.0,180.02,80.0,0.6,0.9001,1.6,14.5351,True,all_direct,14.5168,0.9941
92,v3,v10,20.0,3.0,90.0,0.6,0.015,1.8,18.0458,True,all_direct,18.0162,0.9971
92,v3,v9,20.0,30.59,100.0,0.6,0.153,2.0,15.9873,True,all_direct,15.9576,0.9961
92,v3,v4,20.0,40.11,10.0,0.6,0.2006,0.2,16.4924,False,all_direct,16.4668,0.9951
92,v3,v11,20.0,50.0,30.0,0.6,0.25,0.6,16.0,True,all_direct,15.9581,0.9951
92,v3,v7,20.0,60.0,10.0,0.6,0.3,0.2,16.1427,True,all_direct,16.1178,0.999
92,v4,v7,40.0,20.22,0.0,1.0,0.1011,0.0,37.3883,False,all_direct,37.3659,1.0
92,v4,v3,40.0,40.11,10.0,1.0,0.2006,0.2,36.4924,False,all_direct,36.4695,0.999
92,v4,v10,40.0,40.45,80.0,1.0,0.2022,1.6,35.832,True,all_direct,35.8007,1.0
92,v4,v9,40.0,70.58,90.0,1.0,0.3529,1.8,35.3027,True,all_direct,35.2766,1.0
92,v4,v11,40.0,90.05,20.0,1.0,0.4502,0.4,35.6139,False,all_direct,35.5956,0.999
93,v1,v6,40.0,80.06,20.0,1.0,0.4003,0.4,35.7161,False,all_direct,35.6844,0.999
93,v1,v19,40.0,110.16,100.0,1.0,0.5508,2.0,34.8745,True,all_direct,34.8539,0.999
93,v1,v20,40.0,130.31,80.0,1.0,0.6516,1.6,34.8158,True,all_direct,34.7901,0.998
93,v1,v5,40.0,150.0,30.0,1.0,0.75,0.6,35.0458,True,all_direct,35.0186,1.0
93,v1,v2,40.0,150.03,40.0,1.0,0.7501,0.8,34.9487,True,all_direct,34.9319,0.999
93,v2,v20,20.0,20.88,40.0,0.6,0.1044,0.8,16.6615,True,all_direct,16.6403,0.9932
93,v2,v1,20.0,150.03,40.0,0.6,0.7501,0.8,14.9487,True,all_direct,14.9277,0.9961
93,v3,v4,20.0,30.15,20.0,0.6,0.1507,0.4,16.5643,True,all_direct,16.5307,0.9961
93,v3,v7,20.0,50.0,10.0,0.6,0.25,0.2,16.301,False,all_direct,16.2728,0.9961
93,v3,v17,20.0,60.3,40.0,0.6,0.3015,0.8,15.7404,True,all_direct,15.7062,0.998
93,v3,v11,20.0,80.0,20.0,0.6,0.4,0.4,15.7167,True,all_direct,15.6899,0.998
93,v3,v10,20.0,90.05,70.0,0.6,0.4502,1.4,15.1879,True,all_direct,15.1574,0.9971
93,v4,v7,40.0,20.22,30.0,1.0,0.1011,0.6,36.7862,False,all_direct,36.7642,0.999
93,v4,v3,40.0,30.15,20.0,1.0,0.1507,0.4,36.5643,False,all_direct,36.5527,1.0
93,v4,v17,40.0,31.32,20.0,1.0,0.1566,0.4,36.5312,False,all_direct,36.5068,1.0
93,v4,v18,40.0,90.2,50.0,1.0,0.451,1.0,35.3114,True,all_direct,35.2772,0.999
93,v4,v11,40.0,110.04,0.0,1.0,0.5502,0.0,35.9169,False,all_direct,35.8874,0.999
94,v1,v20,40.0,50.8,30.0,1.0,0.254,0.6,35.9862,False,all_direct,35.9579,0.999
94,v1,v6,40.0,100.04,10.0,1.0,0.5002,0.2,35.6986,False,all_direct,35.6755,0.999
94,v1,v2,40.0,110.04,20.0,1.0,0.5502,0.4,35.4398,False,all_direct,35.419,0.999
94,v1,v13,40.0,170.0,10.0,1.0,0.85,0.2,35.2381,True,all_direct,35.2093,0.999
94,v1,v5,40.0,180.0,0.0,1.0,0.9,0.0,35.4895,True,all_direct,35.4565,1.0
94,v2,v20,20.0,60.3,50.0,0.6,0.3015,1.0,15.6612,True,all_direct,15.6401,0.9971
94,v2,v1,20.0,110.04,20.0,0.6,0.5502,0.4,15.4398,True,all_direct,15.4064,0.9961
94,v3,v4,20.0,10.44,20.0,0.6,0.0522,0.4,17.4855,True,all_direct,17.4769,0.9961
94,v3,v17,20.0,20.88,50.0,0.6,0.1044,1.0,16.5824,True,all_direct,16.5547,0.9971
94,v3,v18,20.0,50.09,60.0,0.6,0.2504,1.2,15.7554,True,all_direct,15.7256,0.9941
94,v3,v7,20.0,60.0,20.0,0.6,0.3,0.4,15.9666,True,all_direct,15.9306,1.0
94,v3,v11,20.0,100.0,10.0,0.6,0.5,0.2,15.699,True,all_direct,15.6693,0.9961
94,v4,v3,40.0,10.44,20.0,1.0,0.0522,0.4,37.4855,False,all_direct,37.4605,1.0
94,v4,v17,40.0,13.45,70.0,1.0,0.0673,1.4,36.8392,True,all_direct,36.817,1.0
94,v4,v18,40.0,40.45,80.0,1.0,0.2022,1.6,35.832,True,all_direct,35.8136,0.999
94,v4,v7,40.0,50.09,0.0,1.0,0.2504,0.0,36.6005,False,all_direct,36.5829,1.0
94,v4,v11,40.0,110.04,10.0,1.0,0.5502,0.2,35.6159,False,all_direct,35.5916,1.0
95,v1,v20,40.0,21.93,20.0,1.0,0.1097,0.4,36.8407,False,all_direct,36.814,1.0
95,v1,v6,40.0,110.04,40.0,1.0,0.5502,0.8,35.2179,True,all_direct,35.191,0.999
95,v1,v2,40.0,130.03,20.0,1.0,0.6502,0.4,35.2948,True,all_direct,35.2642,1.0
95,v1,v13,40.0,160.0,0.0,1.0,0.8,0.0,35.5918,True,all_direct,35.5736,0.999
95,v1,v5,40.0,180.0,40.0,1.0,0.9,0.8,34.7905,True,all_direct,34.7529,1.0
95,v2,v20,20.0,110.16,40.0,0.6,0.5508,0.8,15.217,True,all_direct,15.1843,0.9941
95,v2,v1,20.0,130.03,20.0,0.6,0.6502,0.4,15.2948,True,all_direct,15.2707,0.9945
95,v3,v18,20.0,10.44,60.0,0.6,0.0522,1.2,17.1175,True,all_direct,17.0874,0.998
95,v3,v4,20.0,30.15,0.0,0.6,0.1507,0.0,17.0414,False,all_direct,17.0087,0.9971
95,v3,v17,20.0,30.59,70.0,0.6,0.153,1.4,16.1256,True,all_direct,16.118,0.9961
95,v3,v7,20.0,80.0,30.0,0.6,0.4,0.6,15.5918,True,all_direct,15.566,0.9971
95,v3,v11,20.0,90.0,0.0,0.6,0.45,0.0,16.0915,True,all_direct,16.0586,0.9951
95,v4,v3,40.0,30.15,0.0,1.0,0.1507,0.0,37.0414,False,all_direct,37.0118,0.999
95,v4,v18,40.0,40.45,60.0,1.0,0.2022,1.2,35.9411,True,all_direct,35.9169,0.999
95,v4,v7,40.0,50.09,30.0,1.0,0.2504,0.6,35.9984,False,all_direct,35.9705,1.0
95,v4,v17,40.0,60.67,70.0,1.0,0.3034,1.4,35.5309,True,all_direct,35.5153,0.999
95,v4,v11,40.0,120.04,0.0,1.0,0.6002,0.0,35.8414,False,all_direct,35.8193,0.999
96,v1,v20,40.0,9.0,70.0,1.0,0.045,1.4,37.1884,True,all_direct,37.1678,0.999
96,v1,v6,40.0,70.06,10.0,1.0,0.3503,0.2,36.008,False,all_direct,35.9903,0.999
96,v1,v5,40.0,140.0,10.0,1.0,0.7,0.2,35.4067,False,all_direct,35.3803,1.0
96,v1,v2,40.0,150.03,10.0,1.0,0.7501,0.2,35.3466,False,all_direct,35.3317,1.0
96,v1,v13,40.0,160.0,10.0,1.0,0.8,0.2,35.2907,True,all_direct,35.2668,1.0
96,v2,v1,20.0,150.03,10.0,0.6,0.7501,0.2,15.3466,True,all_direct,15.3212,0.999
96,v2,v20,20.0,150.12,80.0,0.6,0.7506,1.6,14.6929,True,all_direct,14.6581,0.9941
96,v3,v4,20.0,30.15,40.0,0.6,0.1507,0.8,16.3425,True,all_direct,16.3067,0.9961
96,v3,v18,20.0,70.06,60.0,0.6,0.3503,1.2,15.4639,True,all_direct,15.4405,0.9932
96,v3,v11,20.0,90.0,40.0,0.6,0.45,0.8,15.3925,True,all_direct,15.3667,0.9971
96,v3,v17,20.0,100.18,70.0,0.6,0.5009,1.4,15.0953,True,all_direct,15.0696,0.998
96,v3,v7,20.0,110.0,30.0,0.6,0.55,0.6,15.3152,True,all_direct,15.2793,0.998
96,v4,v3,40.0,30.15,40.0,1.0,0.1507,0.8,36.3425,True,all_direct,36.3123,1.0
96,v4,v7,40.0,80.06,10.0,1.0,0.4003,0.2,35.8922,False,all_direct,35.8663,0.998
96,v4,v18,40.0,100.18,20.0,1.0,0.5009,0.4,35.5213,False,all_direct,35.4864,1.0
96,v4,v11,40.0,120.04,0.0,1.0,0.6002,0.0,35.8414,False,all_direct,35.8127,0.999
96,v4,v17,40.0,130.31,30.0,1.0,0.6516,0.6,35.168,True,all_direct,35.1457,0.998
97,v1,v6,40.0,60.07,40.0,1.0,0.3004,0.8,35.7436,True,all_direct,35.7193,0.999
97,v1,v20,40.0,70.58,60.0,1.0,0.3529,1.2,35.4576,True,all_direct,35.4394,1.0
97,v1,v5,40.0,130.0,40.0,1.0,0.65,0.8,35.0731,True,all_direct,35.0393,1.0
97,v1,v2,40.0,160.03,40.0,1.0,0.8001,0.8,34.8926,True,all_direct,34.8619,1.0
97,v1,v13,40.0,170.0,20.0,1.0,0.85,0.4,35.062,True,all_direct,35.0372,0.999
97,v2,v1,20.0,160.03,40.0,0.6,0.8001,0.8,14.8926,True,all_direct,14.8634,0.9961
97,v3,v4,20.0,10.44,0.0,0.6,0.0522,0.0,17.9626,False,all_direct,17.9343,0.9971
97,v3,v7,20.0,80.0,40.0,0.6,0.4,0.8,15.4949,True,all_direct,15.4632,0.9951
97,v3,v15,20.0,120.0,20.0,0.6,0.6,0.4,15.3645,True,all_direct,15.3433,0.9971
97,v3,v11,20.0,130.0,10.0,0.6,0.65,0.2,15.4711,True,all_direct,15.4476,0.9941
97,v3,v18,20.0,130.03,70.0,0.6,0.6502,1.4,14.8688,True,all_direct,14.8457,0.9961
97,v4,v3,40.0,10.44,0.0,1.0,0.0522,0.0,37.9626,False,all_direct,37.9449,1.0
97,v4,v7,40.0,90.05,40.0,1.0,0.4502,0.8,35.3921,True,all_direct,35.3671,1.0
97,v4,v15,40.0,110.04,20.0,1.0,0.5502,0.4,35.4398,False,all_direct,35.4088,1.0
97,v4,v11,40.0,120.04,10.0,1.0,0.6002,0.2,35.5403,False,all_direct,35.519,0.999
97,v4,v18,40.0,120.15,70.0,1.0,0.6007,1.4,34.9375,True,all_direct,34.9191,0.999
98,v1,v6,40.0,20.22,0.0,1.0,0.1011,0.0,37.3883,False,all_direct,37.3627,1.0
98,v1,v5,40.0,90.0,20.0,1.0,0.45,0.4,35.6144,False,all_direct,35.5983,0.999
98,v1,v20,40.0,130.31,60.0,1.0,0.6516,1.2,34.9249,True,all_direct,34.8979,0.998
98,v1,v13,40.0,150.0,10.0,1.0,0.75,0.2,35.3468,False,all_direct,35.3166,1.0
98,v3,v4,20.0,10.44,20.0,0.6,0.0522,0.4,17.4855,True,all_direct,17.4576,0.9971
98,v3,v7,20.0,40.0,10.0,0.6,0.2,0.2,16.4949,False,all_direct,16.4699,0.9961
98,v3,v11,20.0,140.0,10.0,0.6,0.7,0.2,15.4067,True,all_direct,15.3959,0.9961
98,v3,v15,20.0,140.0,20.0,0.6,0.7,0.4,15.2306,True,all_direct,15.1997,0.998
98,v3,v8,20.0,150.03,30.0,0.6,0.7501,0.6,15.0456,True,all_direct,15.0275,0.9961
98,v4,v3,40.0,10.44,20.0,1.0,0.0522,0.4,37.4855,False,all_direct,37.4623,1.0
98,v4,v7,40.0,50.09,10.0,1.0,0.2504,0.2,36.2995,False,all_direct,36.2706,1.0
98,v4,v11,40.0,130.03,10.0,1.0,0.6502,0.2,35.4709,False,all_direct,35.4499,0.999
98,v4,v15,40.0,130.03,0.0,1.0,0.6502,0.0,35.7719,False,all_direct,35.7464,0.999
98,v4,v8,40.0,140.0,10.0,1.0,0.7,0.2,35.4067,False,all_direct,35.377,0.999
99,v1,v6,40.0,20.22,0.0,1.0,0.1011,0.0,37.3883,False,all_direct,37.3578,1.0
99,v1,v5,40.0,70.0,10.0,1.0,0.35,0.2,36.0088,False,all_direct,35.9827,0.998
99,v1,v13,40.0,140.0,0.0,1.0,0.7,0.0,35.7077,False,all_direct,35.6803,0.999
99,v1,v2,40.0,190.02,20.0,1.0,0.9501,0.4,34.9653,True,all_direct,34.9384,0.999
99,v1,v20,40.0,190.21,60.0,1.0,0.9511,1.2,34.5964,True,all_direct,34.5782,0.998
99,v2,v1,20.0,190.02,20.0,0.6,0.9501,0.4,14.9653,True,all_direct,14.9335,0.999
99,v3,v4,20.0,10.44,10.0,0.6,0.0522,0.2,17.6615,False,all_direct,17.6401,0.9951
99,v3,v7,20.0,50.0,30.0,0.6,0.25,0.6,16.0,True,all_direct,15.9753,0.9961
99,v3,v15,20.0,120.0,10.0,0.6,0.6,0.2,15.5406,True,all_direct,15.5158,0.9961
99,v3,v8,20.0,120.04,20.0,0.6,0.6002,0.4,15.3642,True,all_direct,15.3308,0.9961
99,v3,v11,20.0,130.0,30.0,0.6,0.65,0.6,15.1701,True,all_direct,15.1455,0.998
99,v4,v3,40.0,10.44,10.0,1.0,0.0522,0.2,37.6615,False,all_direct,37.6367,0.999
99,v4,v7,40.0,40.11,40.0,1.0,0.2006,0.8,36.0945,True,all_direct,36.0647,1.0
99,v4,v8,40.0,130.0,30.0,1.0,0.65,0.6,35.1701,True,all_direct,35.1476,0.998
99,v4,v15,40.0,130.03,20.0,1.0,0.6502,0.4,35.2948,True,all_direct,35.2587,0.999
99,v4,v11,40.0,140.03,40.0,1.0,0.7002,0.8,35.0086,True,all_direct,34.9777,0.999
100,v1,v6,40.0,20.22,10.0,1.0,0.1011,0.2,37.0872,False,all_direct,37.0622,0.999
100,v1,v5,40.0,60.0,30.0,1.0,0.3,0.6,35.8416,False,all_direct,35.8026,0.999
100,v1,v13,40.0,140.0,30.0,1.0,0.7,0.6,35.1057,True,all_direct,35.0755,0.999
100,v3,v7,20.0,20.0,30.0,0.6,0.1,0.6,16.7959,True,all_direct,16.7633,0.9971
100,v3,v4,20.0,20.22,10.0,0.6,0.1011,0.2,17.0872,False,all_direct,17.0576,0.9961
100,v3,v15,20.0,130.0,10.0,0.6,0.65,0.2,15.4711,True,all_direct,15.4509,0.9932
100,v3,v8,20.0,140.03,0.0,0.6,0.7002,0.0,15.7075,True,all_direct,15.6849,0.998
100,v3,v11,20.0,160.0,10.0,0.6,0.8,0.2,15.2907,True,all_direct,15.2666,0.998
100,v4,v7,40.0,3.0,20.0,1.0,0.015,0.4,38.5686,False,all_direct,38.5412,0.999
100,v4,v3,40.0,20.22,10.0,1.0,0.1011,0.2,37.0872,False,all_direct,37.0544,0.999
100,v4,v15,40.0,150.03,0.0,1.0,0.7501,0.0,35.6476,False,all_direct,35.6245,0.999
100,v4,v8,40.0,160.0,10.0,1.0,0.8,0.2,35.2907,True,all_direct,35.2812,0.998
100,v4,v11,40.0,180.02,20.0,1.0,0.9001,0.4,35.0122,True,all_direct,34.9889,0.999
101,v1,v6,40.0,10.44,10.0,1.0,0.0522,0.2,37.6615,False,all_direct,37.6452,1.0
101,v1,v5,40.0,30.0,0.0,1.0,0.15,0.0,37.0458,False,all_direct,37.0167,0.999
101,v1,v13,40.0,110.0,30.0,1.0,0.55,0.6,35.3152,True,all_direct,35.2943,0.998
101,v3,v7,20.0,10.0,0.0,0.6,0.05,0.0,18.0,False,all_direct,17.9775,0.9961
101,v3,v4,20.0,10.44,20.0,0.6,0.0522,0.4,17.4855,True,all_direct,17.4647,0.9971
101,v3,v15,20.0,140.0,0.0,0.6,0.7,0.0,15.7077,True,all_direct,15.6827,0.9961
101,v3,v8,20.0,140.03,30.0,0.6,0.7002,0.6,15.1055,True,all_direct,15.0821,0.998
101,v3,v11,20.0,150.0,0.0,0.6,0.75,0.0,15.6478,True,all_direct,15.6166,0.999
101,v4,v3,40.0,10.44,20.0,1.0,0.0522,0.4,37.4855,False,all_direct,37.4596,1.0
101,v4,v7,40.0,20.22,20.0,1.0,0.1011,0.4,36.9112,False,all_direct,36.8919,1.0
101,v4,v8,40.0,150.0,10.0,1.0,0.75,0.2,35.3468,False,all_direct,35.317,1.0
101,v4,v15,40.0,150.03,20.0,1.0,0.7501,0.4,35.1705,True,all_direct,35.1532,1.0
101,v4,v11,40.0,160.03,20.0,1.0,0.8001,0.4,35.1145,True,all_direct,35.0818,0.998
102,v1,v6,40.0,20.22,30.0,1.0,0.1011,0.6,36.7862,False,all_direct,36.7549,0.999
102,v1,v5,40.0,30.0,40.0,1.0,0.15,0.8,36.3468,True,all_direct,36.3163,1.0
102,v1,v13,40.0,140.0,30.0,1.0,0.7,0.6,35.1057,True,all_direct,35.0881,0.999
102,v3,v7,20.0,10.0,20.0,0.6,0.05,0.4,17.5229,True,all_direct,17.5069,0.9961
102,v3,v4,20.0,10.44,10.0,0.6,0.0522,0.2,17.6615,False,all_direct,17.6356,0.9951
102,v3,v15,20.0,140.0,20.0,0.6,0.7,0.4,15.2306,True,all_direct,15.204,0.9961
102,v3,v11,20.0,150.0,0.0,0.6,0.75,0.0,15.6478,True,all_direct,15.621,0.998
102,v3,v8,20.0,170.03,20.0,0.6,0.8501,0.4,15.0618,True,all_direct,15.0303,0.9951
102,v4,v7,40.0,3.0,10.0,1.0,0.015,0.2,38.7447,False,all_direct,38.7079,0.998
102,v4,v3,40.0,10.44,10.0,1.0,0.0522,0.2,37.6615,False,all_direct,37.6438,0.999
102,v4,v15,40.0,130.03,10.0,1.0,0.6502,0.2,35.4709,False,all_direct,35.4476,0.998
102,v4,v11,40.0,140.03,10.0,1.0,0.7002,0.2,35.4065,False,all_direct,35.3765,0.999
102,v4,v8,40.0,160.0,10.0,1.0,0.8,0.2,35.2907,True,all_direct,35.2762,1.0
103,v1,v6,40.0,50.09,30.0,1.0,0.2504,0.6,35.9984,False,all_direct,35.9668,0.998
103,v1,v5,40.0,70.0,20.0,1.0,0.35,0.4,35.8327,False,all_direct,35.7939,1.0
103,v1,v13,40.0,170.0,0.0,1.0,0.85,0.0,35.5391,True,all_direct,35.5205,1.0
103,v3,v4,20.0,3.0,10.0,0.6,0.015,0.2,18.7447,False,all_direct,18.7221,0.9971
103,v3,v7,20.0,10.0,30.0,0.6,0.05,0.6,17.3979,True,all_direct,17.3592,0.9951
103,v3,v15,20.0,120.0,10.0,0.6,0.6,0.2,15.5406,True,all_direct,15.5158,0.998
103,v3,v11,20.0,150.0,10.0,0.6,0.75,0.2,15.3468,True,all_direct,15.3286,0.9971
103,v3,v8,20.0,150.03,30.0,0.6,0.7501,0.6,15.0456,True,all_direct,15.0325,0.9951
103,v4,v3,40.0,3.0,10.0,1.0,0.015,0.2,38.7447,False,all_direct,38.728,0.999
103,v4,v7,40.0,10.44,20.0,1.0,0.0522,0.4,37.4855,False,all_direct,37.4518,0.999
103,v4,v15,40.0,120.04,0.0,1.0,0.6002,0.0,35.8414,False,all_direct,35.8224,0.999
103,v4,v8,40.0,150.0,20.0,1.0,0.75,0.4,35.1707,True,all_direct,35.1449,0.999
103,v4,v11,40.0,150.03,20.0,1.0,0.7501,0.4,35.1705,True,all_direct,35.1325,0.998
104,v1,v6,40.0,80.06,0.0,1.0,0.4003,0.0,36.1932,False,all_direct,36.1635,0.999
104,v1,v5,40.0,90.0,30.0,1.0,0.45,0.6,35.4895,False,all_direct,35.4718,0.998
104,v1,v13,40.0,170.0,10.0,1.0,0.85,0.2,35.2381,True,all_direct,35.212,1.0
104,v3,v4,20.0,10.44,10.0,0.6,0.0522,0.2,17.6615,False,all_direct,17.6286,0.998
104,v3,v7,20.0,20.0,10.0,0.6,0.1,0.2,17.0969,False,all_direct,17.0744,0.9941
104,v3,v15,20.0,130.0,20.0,0.6,0.65,0.4,15.295,True,all_direct,15.2735,0.9971
104,v3,v11,20.0,140.0,20.0,0.6,0.7,0.4,15.2306,True,all_direct,15.1979,0.9941
104,v3,v8,20.0,180.02,30.0,0.6,0.9001,0.6,14.8873,True,all_direct,14.8684,0.998
104,v4,v3,40.0,10.44,10.0,1.0,0.0522,0.2,37.6615,False,all_direct,37.6368,1.0
104,v4,v7,40.0,10.44,0.0,1.0,0.0522,0.0,37.9626,False,all_direct,37.9385,1.0
104,v4,v15,40.0,120.04,10.0,1.0,0.6002,0.2,35.5403,False,all_direct,35.5157,1.0
104,v4,v11,40.0,130.03,10.0,1.0,0.6502,0.2,35.4709,False,all_direct,35.4445,0.999
104,v4,v8,40.0,170.0,20.0,1.0,0.85,0.4,35.062,True,all_direct,35.0288,0.9971
105,v1,v6,40.0,80.06,20.0,1.0,0.4003,0.4,35.7161,False,all_direct,35.69,1.0
105,v1,v5,40.0,120.0,0.0,1.0,0.6,0.0,35.8416,False,all_direct,35.8156,1.0
105,v1,v13,40.0,160.0,30.0,1.0,0.8,0.6,34.9897,True,all_direct,34.9572,1.0
105,v1,v2,40.0,190.02,10.0,1.0,0.9501,0.2,35.1414,True,all_direct,35.1107,1.0
105,v2,v1,20.0,190.02,10.0,0.6,0.9501,0.2,15.1414,True,all_direct,15.1181,0.9971
105,v3,v4,20.0,3.0,0.0,0.6,0.015,0.0,19.0458,False,all_direct,19.0165,0.999
105,v3,v7,20.0,10.0,10.0,0.6,0.05,0.2,17.699,False,all_direct,17.6705,0.9961
105,v3,v15,20.0,110.0,30.0,0.6,0.55,0.6,15.3152,True,all_direct,15.2889,0.9961
105,v3,v11,20.0,120.0,10.0,0.6,0.6,0.2,15.5406,True,all_direct,15.525,0.9971
105,v3,v8,20.0,150.03,10.0,0.6,0.7501,0.2,15.3466,True,all_direct,15.3107,0.9961
105,v4,v3,40.0,3.0,0.0,1.0,0.015,0.0,39.0458,False,all_direct,39.0252,0.999
105,v4,v7,40.0,10.44,10.0,1.0,0.0522,0.2,37.6615,False,all_direct,37.636,0.998
105,v4,v15,40.0,110.04,30.0,1.0,0.5502,0.6,35.3148,True,all_direct,35.2968,0.999
105,v4,v11,40.0,120.04,10.0,1.0,0.6002,0.2,35.5403,False,all_direct,35.506,1.0
105,v4,v8,40.0,150.0,10.0,1.0,0.75,0.2,35.3468,False,all_direct,35.3182,1.0
106,v1,v6,40.0,60.07,30.0,1.0,0.3004,0.6,35.8406,False,all_direct,35.8156,0.999
106,v1,v5,40.0,120.0,40.0,1.0,0.6,0.8,35.1427,True,all_direct,35.1022,1.0
106,v1,v13,40.0,130.0,30.0,1.0,0.65,0.6,35.1701,True,all_direct,35.1441,0.998
106,v1,v2,40.0,180.02,10.0,1.0,0.9001,0.2,35.1883,True,all_direct,35.1598,1.0
106,v2,v1,20.0,180.02,10.0,0.6,0.9001,0.2,15.1883,True,all_direct,15.1581,0.9951
106,v3,v4,20.0,3.0,10.0,0.6,0.015,0.2,18.7447,False,all_direct,18.7243,0.998
106,v3,v7,20.0,20.0,10.0,0.6,0.1,0.2,17.0969,False,all_direct,17.0793,0.9961
106,v3,v15,20.0,80.0,10.0,0.6,0.4,0.2,15.8928,True,all_direct,15.8782,0.999
106,v3,v11,20.0,110.0,10.0,0.6,0.55,0.2,15.6162,True,all_direct,15.5959,0.9941
106,v3,v8,20.0,140.03,30.0,0.6,0.7002,0.6,15.1055,True,all_direct,15.0787,0.9951
106,v4,v3,40.0,3.0,10.0,1.0,0.015,0.2,38.7447,False,all_direct,38.7099,1.0
106,v4,v7,40.0,20.22,20.0,1.0,0.1011,0.4,36.9112,False,all_direct,36.8798,0.999
106,v4,v15,40.0,80.06,0.0,1.0,0.4003,0.0,36.1932,False,all_direct,36.1738,1.0
106,v4,v11,40.0,110.04,0.0,1.0,0.5502,0.0,35.9169,False,all_direct,35.8902,0.999
106,v4,v8,40.0,140.0,40.0,1.0,0.7,0.8,35.0088,True,all_direct,34.9968,0.999
107,v1,v6,40.0,90.05,10.0,1.0,0.4502,0.2,35.79,False,all_direct,35.7556,0.999
107,v1,v5,40.0,160.0,10.0,1.0,0.8,0.2,35.2907,True,all_direct,35.2676,0.998
107,v1,v13,40.0,160.0,20.0,1.0,0.8,0.4,35.1146,True,all_direct,35.0858,1.0
107,v1,v2,40.0,170.03,40.0,1.0,0.8501,0.8,34.84,True,all_direct,34.8156,1.0
107,v2,v1,20.0,170.03,40.0,0.6,0.8501,0.8,14.84,True,all_direct,14.8107,0.9961
107,v3,v4,20.0,10.44,10.0,0.6,0.0522,0.2,17.6615,False,all_direct,17.6265,0.998
107,v3,v7,20.0,30.0,10.0,0.6,0.15,0.2,16.7447,False,all_direct,16.7227,0.999
107,v3,v15,20.0,70.0,30.0,0.6,0.35,0.6,15.7077,True,all_direct,15.6963,0.9971
107,v3,v11,20.0,100.0,10.0,0.6,0.5,0.2,15.699,True,all_direct,15.6716,0.9961
107,v3,v8,20.0,170.03,0.0,0.6,0.8501,0.0,15.539,True,all_direct,15.5191,0.9951
107,v4,v3,40.0,10.44,10.0,1.0,0.0522,0.2,37.6615,False,all_direct,37.6405,1.0
107,v4,v7,40.0,40.11,0.0,1.0,0.2006,0.0,36.7934,False,all_direct,36.7565,1.0
107,v4,v15,40.0,80.06,20.0,1.0,0.4003,0.4,35.7161,False,all_direct,35.6863,0.999
107,v4,v11,40.0,110.04,0.0,1.0,0.5502,0.0,35.9169,False,all_direct,35.8856,0.999
107,v4,v8,40.0,180.0,10.0,1.0,0.9,0.2,35.1884,True,all_direct,35.1665,0.999
108,v1,v6,40.0,80.06,10.0,1.0,0.4003,0.2,35.8922,False,all_direct,35.8749,1.0
108,v1,v13,40.0,140.0,0.0,1.0,0.7,0.0,35.7077,False,all_direct,35.6825,0.999
108,v1,v5,40.0,150.0,40.0,1.0,0.75,0.8,34.9488,True,all_direct,34.9224,0.9971
108,v3,v7,20.0,20.0,0.0,0.6,0.1,0.0,17.3979,False,all_direct,17.3661,0.999
108,v3,v4,20.0,20.22,30.0,0.6,0.1011,0.6,16.7862,True,all_direct,16.7721,0.9961
108,v3,v15,20.0,40.0,10.0,0.6,0.2,0.2,16.4949,False,all_direct,16.4712,0.9951
108,v3,v11,20.0,90.0,30.0,0.6,0.45,0.6,15.4895,True,all_direct,15.4692,0.9951
108,v3,v8,20.0,170.03,30.0,0.6,0.8501,0.6,14.9369,True,all_direct,14.8901,0.9971
108,v4,v3,40.0,20.22,30.0,1.0,0.1011,0.6,36.7862,False,all_direct,36.7657,0.998
108,v4,v7,40.0,40.11,30.0,1.0,0.2006,0.6,36.1914,False,all_direct,36.1736,0.998
108,v4,v15,40.0,60.07,40.0,1.0,0.3004,0.8,35.7436,True,all_direct,35.7281,0.999
108,v4,v11,40.0,110.04,0.0,1.0,0.5502,0.0,35.9169,False,all_direct,35.8869,0.999
108,v4,v8,40.0,190.0,0.0,1.0,0.95,0.0,35.4425,True,all_direct,35.3996,0.999
109,v1,v6,40.0,70.06,20.0,1.0,0.3503,0.4,35.8319,False,all_direct,35.8078,0.998
109,v1,v5,40.0,110.0,20.0,1.0,0.55,0.4,35.4401,False,all_direct,35.4093,1.0
109,v1,v13,40.0,140.0,40.0,1.0,0.7,0.8,35.0088,True,all_direct,34.9803,0.999
109,v3,v7,20.0,20.0,0.0,0.6,0.1,0.0,17.3979,False,all_direct,17.3853,0.9971
109,v3,v15,20.0,50.0,0.0,0.6,0.25,0.0,16.6021,False,all_direct,16.57,0.9941
109,v3,v4,20.0,50.09,10.0,0.6,0.2504,0.2,16.2995,False,all_direct,16.276,0.9971
109,v3,v11,20.0,60.0,0.0,0.6,0.3,0.0,16.4437,True,all_direct,16.4261,0.9961
109,v3,v8,20.0,140.03,20.0,0.6,0.7002,0.4,15.2304,True,all_direct,15.1974,0.9951
109,v4,v3,40.0,50.09,10.0,1.0,0.2504,0.2,36.2995,False,all_direct,36.2773,1.0
109,v4,v7,40.0,70.06,10.0,1.0,0.3503,0.2,36.008,False,all_direct,35.9798,1.0
109,v4,v15,40.0,100.04,10.0,1.0,0.5002,0.2,35.6986,False,all_direct,35.6682,0.999
109,v4,v11,40.0,110.04,10.0,1.0,0.5502,0.2,35.6159,False,all_direct,35.5962,1.0
109,v4,v8,40.0,190.0,30.0,1.0,0.95,0.6,34.8404,True,all_direct,34.8139,1.0
110,v1,v6,40.0,90.05,10.0,1.0,0.4502,0.2,35.79,False,all_direct,35.7555,0.999
110,v1,v5,40.0,130.0,20.0,1.0,0.65,0.4,35.295,True,all_direct,35.2734,1.0
110,v1,v13,40.0,180.0,30.0,1.0,0.9,0.6,34.8874,True,all_direct,34.8497,1.0
110,v3,v7,20.0,20.0,10.0,0.6,0.1,0.2,17.0969,False,all_direct,17.0623,0.9951
110,v3,v15,20.0,50.0,20.0,0.6,0.25,0.4,16.1249,True,all_direct,16.0891,0.9961
110,v3,v11,20.0,60.0,20.0,0.6,0.3,0.4,15.9666,True,all_direct,15.9397,0.9951
110,v3,v4,20.0,60.07,0.0,0.6,0.3004,0.0,16.4426,True,all_direct,16.4194,0.9971
110,v3,v8,20.0,160.03,0.0,0.6,0.8001,0.0,15.5916,True,all_direct,15.5682,0.9951
110,v4,v3,40.0,60.07,0.0,1.0,0.3004,0.0,36.4426,False,all_direct,36.4064,0.999
110,v4,v7,40.0,80.06,10.0,1.0,0.4003,0.2,35.8922,False,all_direct,35.8726,0.998
110,v4,v15,40.0,110.04,20.0,1.0,0.5502,0.4,35.4398,False,all_direct,35.4183,0.999
110,v4,v11,40.0,120.04,20.0,1.0,0.6002,0.4,35.3642,False,all_direct,35.3463,0.999
111,v1,v6,40.0,100.04,10.0,1.0,0.5002,0.2,35.6986,False,all_direct,35.6697,0.999
111,v1,v5,40.0,150.0,30.0,1.0,0.75,0.6,35.0458,True,all_direct,35.0125,0.999
111,v1,v2,40.0,180.02,20.0,1.0,0.9001,0.4,35.0122,True,all_direct,34.9778,0.999
111,v2,v1,20.0,180.02,20.0,0.6,0.9001,0.4,15.0122,True,all_direct,14.9783,0.9971
111,v3,v7,20.0,30.0,20.0,0.6,0.15,0.4,16.5686,True,all_direct,16.5329,0.9971
111,v3,v4,20.0,60.07,10.0,0.6,0.3004,0.2,16.1416,True,all_direct,16.1161,0.9961
111,v3,v15,20.0,70.0,0.0,0.6,0.35,0.0,16.3098,True,all_direct,16.2921,0.9951
111,v3,v11,20.0,80.0,20.0,0.6,0.4,0.4,15.7167,True,all_direct,15.6838,0.9971
111,v3,v8,20.0,160.03,10.0,0.6,0.8001,0.2,15.2906,True,all_direct,15.2685,0.9961
111,v4,v3,40.0,60.07,10.0,1.0,0.3004,0.2,36.1416,False,all_direct,36.1098,0.998
111,v4,v7,40.0,90.05,30.0,1.0,0.4502,0.6,35.489,True,all_direct,35.4576,0.998
111,v4,v15,40.0,130.03,10.0,1.0,0.6502,0.2,35.4709,False,all_direct,35.4553,1.0
111,v4,v11,40.0,140.03,30.0,1.0,0.7002,0.6,35.1055,True,all_direct,35.0717,0.998
112,v1,v6,40.0,90.05,10.0,1.0,0.4502,0.2,35.79,False,all_direct,35.767,0.999
112,v1,v5,40.0,120.0,20.0,1.0,0.6,0.4,35.3645,False,all_direct,35.3411,0.999
112,v1,v13,40.0,180.0,0.0,1.0,0.9,0.0,35.4895,True,all_direct,35.4623,0.999
112,v3,v7,20.0,50.0,10.0,0.6,0.25,0.2,16.301,False,all_direct,16.267,0.998
112,v3,v15,20.0,70.0,10.0,0.6,0.35,0.2,16.0088,True,all_direct,15.9761,0.998
112,v3,v4,20.0,70.06,20.0,0.6,0.3503,0.4,15.8319,True,all_direct,15.8085,0.998
112,v3,v11,20.0,100.0,0.0,0.6,0.5,0.0,16.0,True,all_direct,15.9754,0.9961
112,v3,v8,20.0,170.03,30.0,0.6,0.8501,0.6,14.9369,True,all_direct,14.9144,0.9961
112,v4,v3,40.0,70.06,20.0,1.0,0.3503,0.4,35.8319,False,all_direct,35.7988,0.999
112,v4,v7,40.0,120.04,10.0,1.0,0.6002,0.2,35.5403,False,all_direct,35.5169,0.998
112,v4,v15,40.0,140.03,30.0,1.0,0.7002,0.6,35.1055,True,all_direct,35.0855,0.999
112,v4,v11,40.0,170.03,20.0,1.0,0.8501,0.4,35.0618,True,all_direct,35.0399,1.0
113,v1,v6,40.0,80.06,20.0,1.0,0.4003,0.4,35.7161,False,all_direct,35.6997,0.999
113,v1,v5,40.0,140.0,10.0,1.0,0.7,0.2,35.4067,False,all_direct,35.3744,1.0
113,v1,v13,40.0,180.0,20.0,1.0,0.9,0.4,35.0123,True,all_direct,34.9932,1.0
113,v3,v4,20.0,50.09,20.0,0.6,0.2504,0.4,16.1234,True,all_direct,16.0967,0.9955
113,v3,v7,20.0,60.0,20.0,0.6,0.3,0.4,15.9666,True,all_direct,15.9351,0.9971
113,v3,v15,20.0,60.0,20.0,0.6,0.3,0.4,15.9666,True,all_direct,15.9385,0.9961
113,v3,v11,20.0,100.0,20.0,0.6,0.5,0.4,15.5229,True,all_direct,15.4991,0.9922
113,v4,v3,40.0,50.09,20.0,1.0,0.2504,0.4,36.1234,False,all_direct,36.0971,1.0
113,v4,v7,40.0,110.04,40.0,1.0,0.5502,0.8,35.2179,True,all_direct,35.2029,1.0
113,v4,v15,40.0,110.04,40.0,1.0,0.5502,0.8,35.2179,True,all_direct,35.1862,1.0
113,v4,v11,40.0,150.03,40.0,1.0,0.7501,0.8,34.9487,True,all_direct,34.9288,1.0
114,v1,v6,40.0,100.04,20.0,1.0,0.5002,0.4,35.5225,False,all_direct,35.4829,0.999
114,v1,v5,40.0,130.0,20.0,1.0,0.65,0.4,35.295,True,all_direct,35.2732,1.0
114,v1,v13,40.0,200.0,30.0,1.0,1.0,0.6,34.7959,True,all_direct,34.7702,1.0
114,v3,v4,20.0,30.15,30.0,0.6,0.1507,0.6,16.4394,True,all_direct,16.4078,0.9971
114,v3,v7,20.0,40.0,40.0,0.6,0.2,0.8,16.0969,True,all_direct,16.0665,0.9971
114,v3,v15,20.0,40.0,0.0,0.6,0.2,0.0,16.7959,False,all_direct,16.7779,0.9941
114,v3,v11,20.0,80.0,40.0,0.6,0.4,0.8,15.4949,True,all_direct,15.4802,0.9941
114,v3,v8,20.0,180.02,20.0,0.6,0.9001,0.4,15.0122,True,all_direct,14.9893,0.998
114,v4,v3,40.0,30.15,30.0,1.0,0.1507,0.6,36.4394,False,all_direct,36.4173,0.998
114,v4,v7,40.0,70.06,10.0,1.0,0.3503,0.2,36.008,False,all_direct,35.9883,0.999
114,v4,v15,40.0,70.06,30.0,1.0,0.3503,0.6,35.7069,False,all_direct,35.6846,0.999
114,v4,v11,40.0,110.04,10.0,1.0,0.5502,0.2,35.6159,False,all_direct,35.5994,0.999
115,v1,v6,40.0,80.06,30.0,1.0,0.4003,0.6,35.5911,False,all_direct,35.5628,0.999
115,v1,v5,40.0,110.0,0.0,1.0,0.55,0.0,35.9172,False,all_direct,35.8956,1.0
115,v1,v13,40.0,170.0,20.0,1.0,0.85,0.4,35.062,True,all_direct,35.0395,0.998
115,v3,v7,20.0,0.0,10.0,0.6,0.0,0.2,21.699,False,all_direct,21.6769,0.9971
115,v3,v11,20.0,40.0,20.0,0.6,0.2,0.4,16.3188,True,all_direct,16.2925,0.9961
115,v3,v15,20.0,40.0,10.0,0.6,0.2,0.2,16.4949,False,all_direct,16.4768,0.9951
115,v3,v4,20.0,60.07,30.0,0.6,0.3004,0.6,15.8406,True,all_direct,15.8056,0.9961
115,v3,v8,20.0,160.03,30.0,0.6,0.8001,0.6,14.9895,True,all_direct,14.9679,0.9971
115,v4,v3,40.0,60.07,30.0,1.0,0.3004,0.6,35.8406,False,all_direct,35.8232,0.999
115,v4,v7,40.0,60.07,20.0,1.0,0.3004,0.4,35.9655,False,all_direct,35.9419,0.999
115,v4,v11,40.0,100.04,10.0,1.0,0.5002,0.2,35.6986,False,all_direct,35.6726,0.999
115,v4,v15,40.0,100.04,20.0,1.0,0.5002,0.4,35.5225,False,all_direct,35.4939,0.998
116,v1,v5,40.0,110.0,0.0,1.0,0.55,0.0,35.9172,False,all_direct,35.8925,0.998
116,v1,v6,40.0,110.04,20.0,1.0,0.5502,0.4,35.4398,False,all_direct,35.4009,1.0
116,v1,v13,40.0,190.0,0.0,1.0,0.95,0.0,35.4425,True,all_direct,35.4169,0.999
116,v3,v7,20.0,10.0,30.0,0.6,0.05,0.6,17.3979,True,all_direct,17.3634,0.999
116,v3,v11,20.0,20.0,40.0,0.6,0.1,0.8,16.699,True,all_direct,16.6858,0.9961
116,v3,v15,20.0,30.0,40.0,0.6,0.15,0.8,16.3468,True,all_direct,16.3189,0.9971
116,v3,v4,20.0,90.05,20.0,0.6,0.4502,0.4,15.6139,True,all_direct,15.5801,0.998
116,v3,v8,20.0,130.03,40.0,0.6,0.6502,0.8,15.0729,True,all_direct,15.0487,0.9971
116,v4,v7,40.0,80.06,10.0,1.0,0.4003,0.2,35.8922,False,all_direct,35.8599,1.0
116,v4,v3,40.0,90.05,20.0,1.0,0.4502,0.4,35.6139,False,all_direct,35.5968,0.999
116,v4,v11,40.0,110.04,20.0,1.0,0.5502,0.4,35.4398,False,all_direct,35.4076,0.999
116,v4,v15,40.0,120.04,20.0,1.0,0.6002,0.4,35.3642,False,all_direct,35.3284,0.999
117,v1,v5,40.0,110.0,30.0,1.0,0.55,0.6,35.3152,True,all_direct,35.2955,1.0
117,v1,v6,40.0,130.03,40.0,1.0,0.6502,0.8,35.0729,True,all_direct,35.0613,0.999
117,v1,v13,40.0,190.0,10.0,1.0,0.95,0.2,35.1415,True,all_direct,35.1167,1.0
117,v3,v15,20.0,10.0,0.0,0.6,0.05,0.0,18.0,False,all_direct,17.9801,0.9971
117,v3,v11,20.0,20.0,0.0,0.6,0.1,0.0,17.3979,False,all_direct,17.3621,0.998
117,v3,v7,20.0,40.0,10.0,0.6,0.2,0.2,16.4949,False,all_direct,16.4647,0.9971
117,v3,v8,20.0,90.05,30.0,0.6,0.4502,0.6,15.489,True,all_direct,15.4612,0.9971
117,v3,v4,20.0,110.04,20.0,0.6,0.5502,0.4,15.4398,True,all_direct,15.4008,0.9941
117,v4,v7,40.0,70.06,30.0,1.0,0.3503,0.6,35.7069,False,all_direct,35.6764,0.999
117,v4,v11,40.0,90.05,20.0,1.0,0.4502,0.4,35.6139,False,all_direct,35.5859,0.999
117,v4,v15,40.0,100.04,20.0,1.0,0.5002,0.4,35.5225,False,all_direct,35.4938,0.999
117,v4,v3,40.0,110.04,20.0,1.0,0.5502,0.4,35.4398,False,all_direct,35.4185,1.0
117,v4,v8,40.0,200.0,10.0,1.0,1.0,0.2,35.0969,True,all_direct,35.0626,1.0
118,v1,v5,40.0,140.0,40.0,1.0,0.7,0.8,35.0088,True,all_direct,34.9732,1.0
118,v1,v6,40.0,170.03,20.0,1.0,0.8501,0.4,35.0618,True,all_direct,35.0487,0.999
118,v1,v13,40.0,200.0,40.0,1.0,1.0,0.8,34.699,True,all_direct,34.666,1.0
118,v3,v15,20.0,10.0,0.0,0.6,0.05,0.0,18.0,False,all_direct,17.9672,0.9971
118,v3,v11,20.0,20.0,30.0,0.6,0.1,0.6,16.7959,True,all_direct,16.7776,0.9971
118,v3,v7,20.0,50.0,10.0,0.6,0.25,0.2,16.301,False,all_direct,16.2746,0.9961
118,v3,v4,20.0,90.05,30.0,0.6,0.4502,0.6,15.489,True,all_direct,15.463,0.9932
118,v3,v8,20.0,120.04,0.0,0.6,0.6002,0.0,15.8414,True,all_direct,15.8125,0.9971
118,v4,v7,40.0,40.11,20.0,1.0,0.2006,0.4,36.3163,False,all_direct,36.2878,1.0
118,v4,v11,40.0,70.06,0.0,1.0,0.3503,0.0,36.309,False,all_direct,36.2803,0.998
118,v4,v15,40.0,80.06,30.0,1.0,0.4003,0.6,35.5911,False,all_direct,35.5621,0.999
118,v4,v3,40.0,90.05,30.0,1.0,0.4502,0.6,35.489,True,all_direct,35.4664,1.0
119,v1,v5,40.0,100.0,0.0,1.0,0.5,0.0,36.0,False,all_direct,35.9842,1.0
119,v1,v6,40.0,150.03,10.0,1.0,0.7501,0.2,35.3466,False,all_direct,35.3235,1.0
119,v1,v13,40.0,160.0,30.0,1.0,0.8,0.6,34.9897,True,all_direct,34.9577,0.999
119,v3,v11,20.0,10.0,10.0,0.6,0.05,0.2,17.699,False,all_direct,17.6696,0.998
119,v3,v15,20.0,10.0,20.0,0.6,0.05,0.4,17.5229,True,all_direct,17.4829,0.9961
119,v3,v7,20.0,40.0,20.0,0.6,0.2,0.4,16.3188,True,all_direct,16.2825,0.9951
119,v3,v4,20.0,60.07,20.0,0.6,0.3004,0.4,15.9655,True,all_direct,15.9581,0.9971
119,v3,v8,20.0,120.04,30.0,0.6,0.6002,0.6,15.2393,True,all_direct,15.2237,0.9941
119,v4,v7,40.0,20.22,0.0,1.0,0.1011,0.0,37.3883,False,all_direct,37.3552,0.998
119,v4,v15,40.0,50.09,0.0,1.0,0.2504,0.0,36.6005,False,all_direct,36.581,0.999
119,v4,v3,40.0,60.07,20.0,1.0,0.3004,0.4,35.9655,False,all_direct,35.9332,0.999
119,v4,v11,40.0,70.06,10.0,1.0,0.3503,0.2,36.008,False,all_direct,35.9661,0.999
119,v4,v8,40.0,180.0,10.0,1.0,0.9,0.2,35.1884,True,all_direct,35.1612,0.999
120,v1,v5,40.0,100.0,0.0,1.0,0.5,0.0,36.0,False,all_direct,35.9835,0.999
120,v1,v13,40.0,130.0,20.0,1.0,0.65,0.4,35.295,True,all_direct,35.2724,1.0
120,v1,v6,40.0,140.03,20.0,1.0,0.7002,0.4,35.2304,True,all_direct,35.2037,0.999
120,v3,v15,20.0,10.0,20.0,0.6,0.05,0.4,17.5229,True,all_direct,17.4852,0.9961
120,v3,v7,20.0,20.0,0.0,0.6,0.1,0.0,17.3979,False,all_direct,17.3649,0.9961
120,v3,v11,20.0,20.0,10.0,0.6,0.1,0.2,17.0969,False,all_direct,17.0743,0.9961
120,v3,v4,20.0,40.11,20.0,0.6,0.2006,0.4,16.3163,True,all_direct,16.284,0.998
120,v3,v8,20.0,150.03,10.0,0.6,0.7501,0.2,15.3466,True,all_direct,15.3225,0.9961
120,v4,v7,40.0,20.22,20.0,1.0,0.1011,0.4,36.9112,False,all_direct,36.8859,0.999
120,v4,v3,40.0,40.11,20.0,1.0,0.2006,0.4,36.3163,False,all_direct,36.2943,0.999
120,v4,v15,40.0,50.09,40.0,1.0,0.2504,0.8,35.9015,True,all_direct,35.8557,1.0
120,v4,v11,40.0,60.07,10.0,1.0,0.3004,0.2,36.1416,False,all_direct,36.1211,1.0
120,v4,v8,40.0,190.0,30.0,1.0,0.95,0.6,34.8404,True,all_direct,34.8174,0.999
121,v1,v5,40.0,100.0,0.0,1.0,0.5,0.0,36.0,False,all_direct,35.97,0.999
121,v1,v13,40.0,110.0,0.0,1.0,0.55,0.0,35.9172,False,all_direct,35.8939,0.999
121,v1,v6,40.0,160.03,0.0,1.0,0.8001,0.0,35.5916,True,all_direct,35.5663,0.999
121,v3,v15,20.0,10.0,40.0,0.6,0.05,0.8,17.301,True,all_direct,17.2709,0.998
121,v3,v7,20.0,20.0,0.0,0.6,0.1,0.0,17.3979,False,all_direct,17.3606,0.9941
121,v3,v4,20.0,20.22,40.0,0.6,0.1011,0.8,16.6893,True,all_direct,16.6678,0.998
121,v3,v11,20.0,30.0,30.0,0.6,0.15,0.6,16.4437,True,all_direct,16.43,0.999
121,v3,v8,20.0,140.03,0.0,0.6,0.7002,0.0,15.7075,True,all_direct,15.6813,0.9961
121,v4,v7,40.0,3.0,40.0,1.0,0.015,0.8,38.3468,True,all_direct,38.3169,1.0
121,v4,v15,40.0,10.44,0.0,1.0,0.0522,0.0,37.9626,False,all_direct,37.9374,1.0
121,v4,v3,40.0,20.22,40.0,1.0,0.1011,0.8,36.6893,True,all_direct,36.6599,1.0
121,v4,v11,40.0,50.09,10.0,1.0,0.2504,0.2,36.2995,False,all_direct,36.2796,0.998
121,v4,v8,40.0,160.0,40.0,1.0,0.8,0.8,34.8928,True,all_direct,34.8541,0.998
122,v1,v5,40.0,100.0,20.0,1.0,0.5,0.4,35.5229,False,all_direct,35.4938,1.0
122,v1,v13,40.0,110.0,20.0,1.0,0.55,0.4,35.4401,False,all_direct,35.4213,1.0
122,v1,v6,40.0,160.03,20.0,1.0,0.8001,0.4,35.1145,True,all_direct,35.0948,1.0
122,v3,v11,20.0,0.0,10.0,0.6,0.0,0.2,21.699,False,all_direct,21.6753,0.998
122,v3,v7,20.0,20.0,10.0,0.6,0.1,0.2,17.0969,False,all_direct,17.0794,0.9961
122,v3,v15,20.0,50.0,10.0,0.6,0.25,0.2,16.301,False,all_direct,16.2786,0.998
122,v3,v4,20.0,60.07,20.0,0.6,0.3004,0.4,15.9655,True,all_direct,15.9441,0.9961
122,v3,v8,20.0,140.03,20.0,0.6,0.7002,0.4,15.2304,True,all_direct,15.1953,0.9971
122,v4,v15,40.0,10.44,30.0,1.0,0.0522,0.6,37.3605,False,all_direct,37.3426,1.0
122,v4,v7,40.0,40.11,10.0,1.0,0.2006,0.2,36.4924,False,all_direct,36.4681,1.0
122,v4,v3,40.0,60.07,20.0,1.0,0.3004,0.4,35.9655,False,all_direct,35.94,1.0
122,v4,v11,40.0,60.07,30.0,1.0,0.3004,0.6,35.8406,False,all_direct,35.81,0.999
122,v4,v8,40.0,200.0,40.0,1.0,1.0,0.8,34.699,True,all_direct,34.6762,0.999
123,v1,v5,40.0,120.0,20.0,1.0,0.6,0.4,35.3645,False,all_direct,35.3391,0.999
123,v1,v13,40.0,130.0,20.0,1.0,0.65,0.4,35.295,True,all_direct,35.2608,0.999
123,v1,v6,40.0,140.03,10.0,1.0,0.7002,0.2,35.4065,False,all_direct,35.3865,1.0
123,v3,v7,20.0,10.0,40.0,0.6,0.05,0.8,17.301,True,all_direct,17.2716,0.9971
123,v3,v11,20.0,10.0,40.0,0.6,0.05,0.8,17.301,True,all_direct,17.2805,0.9971
123,v3,v4,20.0,40.11,20.0,0.6,0.2006,0.4,16.3163,True,all_direct,16.2854,0.9961
123,v3,v15,20.0,60.0,0.0,0.6,0.3,0.0,16.4437,True,all_direct,16.4375,0.9961
123,v3,v8,20.0,120.04,40.0,0.6,0.6002,0.8,15.1424,True,all_direct,15.1213,0.9951
123,v4,v15,40.0,20.22,20.0,1.0,0.1011,0.4,36.9112,False,all_direct,36.8868,0.998
123,v4,v7,40.0,30.15,20.0,1.0,0.1507,0.4,36.5643,False,all_direct,36.5365,1.0
123,v4,v11,40.0,30.15,20.0,1.0,0.1507,0.4,36.5643,False,all_direct,36.545,0.998
123,v4,v3,40.0,40.11,20.0,1.0,0.2006,0.4,36.3163,False,all_direct,36.2899,1.0
123,v4,v8,40.0,160.0,20.0,1.0,0.8,0.4,35.1146,True,all_direct,35.0811,1.0
124,v1,v5,40.0,140.0,10.0,1.0,0.7,0.2,35.4067,False,all_direct,35.3909,1.0
124,v1,v13,40.0,150.0,30.0,1.0,0.75,0.6,35.0458,True,all_direct,35.0178,0.999
124,v1,v6,40.0,150.03,10.0,1.0,0.7501,0.2,35.3466,False,all_direct,35.3172,1.0
124,v3,v7,20.0,50.0,20.0,0.6,0.25,0.4,16.1249,True,all_direct,16.0917,0.999
124,v3,v11,20.0,50.0,0.0,0.6,0.25,0.0,16.6021,False,all_direct,16.5845,0.9961
124,v3,v15,20.0,60.0,10.0,0.6,0.3,0.2,16.1427,True,all_direct,16.1152,0.9971
124,v3,v4,20.0,60.07,20.0,0.6,0.3004,0.4,15.9655,True,all_direct,15.9434,0.9961
124,v3,v8,20.0,80.06,10.0,0.6,0.4003,0.2,15.8922,True,all_direct,15.8731,0.9971
124,v4,v15,40.0,3.0,30.0,1.0,0.015,0.6,38.4437,False,all_direct,38.4224,1.0
124,v4,v7,40.0,10.44,0.0,1.0,0.0522,0.0,37.9626,False,all_direct,37.9479,1.0
124,v4,v11,40.0,10.44,20.0,1.0,0.0522,0.4,37.4855,False,all_direct,37.4541,0.999
124,v4,v3,40.0,60.07,20.0,1.0,0.3004,0.4,35.9655,False,all_direct,35.9316,0.999
124,v4,v8,40.0,140.0,10.0,1.0,0.7,0.2,35.4067,False,all_direct,35.3819,1.0
125,v1,v13,40.0,120.0,10.0,1.0,0.6,0.2,35.5406,False,all_direct,35.5199,1.0
125,v1,v5,40.0,130.0,0.0,1.0,0.65,0.0,35.7721,False,all_direct,35.7541,0.999
125,v1,v6,40.0,140.03,0.0,1.0,0.7002,0.0,35.7075,False,all_direct,35.6747,0.999
125,v3,v11,20.0,50.0,10.0,0.6,0.25,0.2,16.301,False,all_direct,16.2833,0.998
125,v3,v15,20.0,50.0,10.0,0.6,0.25,0.2,16.301,False,all_direct,16.2726,0.998
125,v3,v7,20.0,70.0,10.0,0.6,0.35,0.2,16.0088,True,all_direct,15.9839,0.9961
125,v3,v8,20.0,70.06,30.0,0.6,0.3503,0.6,15.7069,True,all_direct,15.6811,0.9961
125,v3,v4,20.0,80.06,20.0,0.6,0.4003,0.4,15.7161,True,all_direct,15.6708,0.998
125,v4,v7,40.0,10.44,10.0,1.0,0.0522,0.2,37.6615,False,all_direct,37.6237,0.999
125,v4,v11,40.0,30.15,10.0,1.0,0.1507,0.2,36.7404,False,all_direct,36.7059,0.999
125,v4,v15,40.0,30.15,30.0,1.0,0.1507,0.6,36.4394,False,all_direct,36.4023,1.0
125,v4,v3,40.0,80.06,20.0,1.0,0.4003,0.4,35.7161,False,all_direct,35.6895,0.999
125,v4,v8,40.0,150.0,10.0,1.0,0.75,0.2,35.3468,False,all_direct,35.3119,0.998
126,v1,v5,40.0,130.0,20.0,1.0,0.65,0.4,35.295,True,all_direct,35.2707,1.0
126,v1,v13,40.0,130.0,0.0,1.0,0.65,0.0,35.7721,False,all_direct,35.7437,1.0
126,v1,v6,40.0,140.03,10.0,1.0,0.7002,0.2,35.4065,False,all_direct,35.3742,0.999
126,v3,v15,20.0,40.0,20.0,0.6,0.2,0.4,16.3188,True,all_direct,16.2893,0.9961
126,v3,v8,20.0,40.11,10.0,0.6,0.2006,0.2,16.4924,False,all_direct,16.4706,0.9951
126,v3,v11,20.0,60.0,10.0,0.6,0.3,0.2,16.1427,True,all_direct,16.1172,0.9971
126,v3,v7,20.0,80.0,10.0,0.6,0.4,0.2,15.8928,True,all_direct,15.8714,0.999
126,v3,v4,20.0,100.04,0.0,0.6,0.5002,0.0,15.9996,True,all_direct,15.9739,0.998
126,v4,v7,40.0,20.22,10.0,1.0,0.1011,0.2,37.0872,False,all_direct,37.0723,0.999
126,v4,v11,40.0,40.11,10.0,1.0,0.2006,0.2,36.4924,False,all_direct,36.4547,0.999
126,v4,v15,40.0,60.07,20.0,1.0,0.3004,0.4,35.9655,False,all_direct,35.9303,1.0
126,v4,v3,40.0,100.04,0.0,1.0,0.5002,0.0,35.9996,False,all_direct,35.9731,0.999
126,v4,v8,40.0,140.0,10.0,1.0,0.7,0.2,35.4067,False,all_direct,35.3797,1.0
127,v1,v5,40.0,110.0,20.0,1.0,0.55,0.4,35.4401,False,all_direct,35.4144,0.999
127,v1,v13,40.0,130.0,40.0,1.0,0.65,0.8,35.0731,True,all_direct,35.0565,0.999
127,v1,v6,40.0,150.03,0.0,1.0,0.7501,0.0,35.6476,False,all_direct,35.6133,1.0
127,v3,v8,20.0,50.09,30.0,0.6,0.2504,0.6,15.9984,True,all_direct,15.9794,0.9961
127,v3,v15,20.0,60.0,20.0,0.6,0.3,0.4,15.9666,True,all_direct,15.9331,0.9961
127,v3,v7,20.0,70.0,10.0,0.6,0.35,0.2,16.0088,True,all_direct,15.9692,0.9941
127,v3,v11,20.0,70.0,10.0,0.6,0.35,0.2,16.0088,True,all_direct,15.9904,0.9971
127,v3,v4,20.0,100.04,10.0,0.6,0.5002,0.2,15.6986,True,all_direct,15.6736,0.9971
127,v4,v7,40.0,30.15,0.0,1.0,0.1507,0.0,37.0414,False,all_direct,37.01,1.0
127,v4,v11,40.0,30.15,0.0,1.0,0.1507,0.0,37.0414,False,all_direct,37.0119,0.999
127,v4,v15,40.0,40.11,30.0,1.0,0.2006,0.6,36.1914,False,all_direct,36.16,0.999
127,v4,v3,40.0,100.04,10.0,1.0,0.5002,0.2,35.6986,False,all_direct,35.6688,1.0
127,v4,v8,40.0,150.0,40.0,1.0,0.75,0.8,34.9488,True,all_direct,34.9132,1.0
128,v1,v5,40.0,90.0,30.0,1.0,0.45,0.6,35.4895,False,all_direct,35.461,1.0
128,v1,v13,40.0,90.0,30.0,1.0,0.45,0.6,35.4895,False,all_direct,35.4646,0.999
128,v1,v6,40.0,150.03,20.0,1.0,0.7501,0.4,35.1705,True,all_direct,35.1403,0.999
128,v3,v15,20.0,40.0,10.0,0.6,0.2,0.2,16.4949,False,all_direct,16.4696,0.9961
128,v3,v7,20.0,80.0,30.0,0.6,0.4,0.6,15.5918,True,all_direct,15.5695,0.9941
128,v3,v11,20.0,80.0,0.0,0.6,0.4,0.0,16.1938,True,all_direct,16.1638,0.9951
128,v3,v8,20.0,80.06,0.0,0.6,0.4003,0.0,16.1932,True,all_direct,16.1718,0.9961
128,v3,v4,20.0,110.04,30.0,0.6,0.5502,0.6,15.3148,True,all_direct,15.2861,0.998
128,v4,v7,40.0,30.15,0.0,1.0,0.1507,0.0,37.0414,False,all_direct,37.0102,1.0
128,v4,v11,40.0,30.15,30.0,1.0,0.1507,0.6,36.4394,False,all_direct,36.4195,0.999
128,v4,v15,40.0,70.06,40.0,1.0,0.3503,0.8,35.61,True,all_direct,35.5818,0.998
128,v4,v3,40.0,110.04,30.0,1.0,0.5502,0.6,35.3148,True,all_direct,35.284,0.999
128,v4,v8,40.0,190.0,30.0,1.0,0.95,0.6,34.8404,True,all_direct,34.8075,1.0
129,v1,v5,40.0,60.0,0.0,1.0,0.3,0.0,36.4437,False,all_direct,36.4167,1.0
129,v1,v13,40.0,60.0,0.0,1.0,0.3,0.0,36.4437,False,all_direct,36.431,1.0
129,v1,v6,40.0,130.03,30.0,1.0,0.6502,0.6,35.1698,True,all_direct,35.1444,0.998
129,v3,v7,20.0,50.0,20.0,0.6,0.25,0.4,16.1249,True,all_direct,16.111,0.9941
129,v3,v15,20.0,50.0,10.0,0.6,0.25,0.2,16.301,False,all_direct,16.272,0.999
129,v3,v11,20.0,80.0,40.0,0.6,0.4,0.8,15.4949,True,all_direct,15.4672,0.9961
129,v3,v4,20.0,80.06,40.0,0.6,0.4003,0.8,15.4942,True,all_direct,15.4627,0.9961
129,v3,v8,20.0,80.06,40.0,0.6,0.4003,0.8,15.4942,True,all_direct,15.4648,0.9922
129,v4,v11,40.0,3.0,0.0,1.0,0.015,0.0,39.0458,False,all_direct,39.0306,1.0
129,v4,v7,40.0,30.15,20.0,1.0,0.1507,0.4,36.5643,False,all_direct,36.5356,0.998
129,v4,v15,40.0,30.15,30.0,1.0,0.1507,0.6,36.4394,False,all_direct,36.3997,0.998
129,v4,v3,40.0,80.06,40.0,1.0,0.4003,0.8,35.4942,True,all_direct,35.4627,0.999
129,v4,v8,40.0,160.0,0.0,1.0,0.8,0.0,35.5918,True,all_direct,35.5688,1.0
130,v1,v5,40.0,60.0,10.0,1.0,0.3,0.2,36.1427,False,all_direct,36.1177,1.0
130,v1,v13,40.0,60.0,20.0,1.0,0.3,0.4,35.9666,False,all_direct,35.9482,0.998
130,v1,v6,40.0,100.04,20.0,1.0,0.5002,0.4,35.5225,False,all_direct,35.5007,0.999
130,v3,v7,20.0,30.0,10.0,0.6,0.15,0.2,16.7447,False,all_direct,16.7092,0.998
130,v3,v11,20.0,40.0,0.0,0.6,0.2,0.0,16.7959,False,all_direct,16.7574,0.9971
130,v3,v15,20.0,40.0,30.0,0.6,0.2,0.6,16.1938,True,all_direct,16.159,0.9951
130,v3,v4,20.0,40.11,30.0,0.6,0.2006,0.6,16.1914,True,all_direct,16.1628,0.9951
130,v3,v8,20.0,120.04,30.0,0.6,0.6002,0.6,15.2393,True,all_direct,15.2153,0.9951
130,v4,v11,40.0,3.0,30.0,1.0,0.015,0.6,38.4437,False,all_direct,38.412,1.0
130,v4,v15,40.0,3.0,0.0,1.0,0.015,0.0,39.0458,False,all_direct,39.0116,1.0
130,v4,v7,40.0,10.44,20.0,1.0,0.0522,0.4,37.4855,False,all_direct,37.451,0.999
130,v4,v3,40.0,40.11,30.0,1.0,0.2006,0.6,36.1914,False,all_direct,36.1713,1.0
130,v4,v8,40.0,160.0,0.0,1.0,0.8,0.0,35.5918,True,all_direct,35.5642,0.999
131,v1,v5,40.0,50.0,10.0,1.0,0.25,0.2,36.301,False,all_direct,36.2747,1.0
131,v1,v13,40.0,80.0,0.0,1.0,0.4,0.0,36.1938,False,all_direct,36.1704,1.0
131,v1,v6,40.0,120.04,20.0,1.0,0.6002,0.4,35.3642,False,all_direct,35.3389,1.0
131,v3,v15,20.0,10.0,0.0,0.6,0.05,0.0,18.0,False,all_direct,17.9616,0.999
131,v3,v4,20.0,10.44,0.0,0.6,0.0522,0.0,17.9626,False,all_direct,17.9335,0.9951
131,v3,v7,20.0,20.0,0.0,0.6,0.1,0.0,17.3979,False,all_direct,17.3668,0.9971
131,v3,v11,20.0,40.0,10.0,0.6,0.2,0.2,16.4949,False,all_direct,16.4723,0.999
131,v3,v8,20.0,150.03,10.0,0.6,0.7501,0.2,15.3466,True,all_direct,15.3223,0.9951
131,v4,v15,40.0,3.0,0.0,1.0,0.015,0.0,39.0458,False,all_direct,39.008,0.999
131,v4,v3,40.0,10.44,0.0,1.0,0.0522,0.0,37.9626,False,all_direct,37.9291,0.999
131,v4,v7,40.0,10.44,0.0,1.0,0.0522,0.0,37.9626,False,all_direct,37.9326,0.999
131,v4,v11,40.0,30.15,10.0,1.0,0.1507,0.2,36.7404,False,all_direct,36.7215,1.0
131,v4,v8,40.0,160.0,10.0,1.0,0.8,0.2,35.2907,True,all_direct,35.2673,0.998
132,v1,v5,40.0,60.0,30.0,1.0,0.3,0.6,35.8416,False,all_direct,35.8226,1.0
132,v1,v13,40.0,80.0,10.0,1.0,0.4,0.2,35.8928,False,all_direct,35.875,0.999
132,v1,v6,40.0,140.03,0.0,1.0,0.7002,0.0,35.7075,False,all_direct,35.6807,1.0
132,v3,v15,20.0,10.0,10.0,0.6,0.05,0.2,17.699,False,all_direct,17.6791,1.0
132,v3,v4,20.0,10.44,10.0,0.6,0.0522,0.2,17.6615,False,all_direct,17.6398,0.9961
132,v3,v7,20.0,20.0,30.0,0.6,0.1,0.6,16.7959,True,all_direct,16.7618,0.9961
132,v3,v11,20.0,30.0,0.0,0.6,0.15,0.0,17.0458,False,all_direct,17.0179,0.999
132,v3,v8,20.0,140.03,10.0,0.6,0.7002,0.2,15.4065,True,all_direct,15.3916,0.9932
132,v4,v15,40.0,3.0,0.0,1.0,0.015,0.0,39.0458,False,all_direct,39.0213,0.999
132,v4,v3,40.0,10.44,10.0,1.0,0.0522,0.2,37.6615,False,all_direct,37.6308,1.0
132,v4,v7,40.0,10.44,20.0,1.0,0.0522,0.4,37.4855,False,all_direct,37.4588,1.0
132,v4,v11,40.0,20.22,10.0,1.0,0.1011,0.2,37.0872,False,all_direct,37.0469,1.0
132,v4,v8,40.0,150.0,0.0,1.0,0.75,0.0,35.6478,False,all_direct,35.6213,0.999
133,v1,v13,40.0,70.0,20.0,1.0,0.35,0.4,35.8327,False,all_direct,35.8062,0.999
133,v1,v5,40.0,90.0,0.0,1.0,0.45,0.0,36.0915,False,all_direct,36.0715,0.998
133,v1,v6,40.0,140.03,20.0,1.0,0.7002,0.4,35.2304,True,all_direct,35.2132,1.0
133,v3,v15,20.0,20.0,20.0,0.6,0.1,0.4,16.9208,True,all_direct,16.8888,0.9941
133,v3,v4,20.0,20.22,30.0,0.6,0.1011,0.6,16.7862,True,all_direct,16.7627,0.9961
133,v3,v11,20.0,30.0,30.0,0.6,0.15,0.6,16.4437,True,all_direct,16.4085,0.9941
133,v3,v7,20.0,50.0,10.0,0.6,0.25,0.2,16.301,False,all_direct,16.2799,0.9961
133,v3,v19,20.0,120.0,30.0,0.6,0.6,0.6,15.2396,True,all_direct,15.2146,0.9941
133,v4,v15,40.0,3.0,10.0,1.0,0.015,0.2,38.7447,False,all_direct,38.7168,0.999
133,v4,v11,40.0,10.44,0.0,1.0,0.0522,0.0,37.9626,False,all_direct,37.931,1.0
133,v4,v3,40.0,20.22,30.0,1.0,0.1011,0.6,36.7862,False,all_direct,36.7666,1.0
133,v4,v7,40.0,30.15,20.0,1.0,0.1507,0.4,36.5643,False,all_direct,36.5516,1.0
133,v4,v19,40.0,140.03,0.0,1.0,0.7002,0.0,35.7075,False,all_direct,35.6699,0.998
134,v1,v13,40.0,50.0,0.0,1.0,0.25,0.0,36.6021,False,all_direct,36.5798,0.999
134,v1,v5,40.0,90.0,0.0,1.0,0.45,0.0,36.0915,False,all_direct,36.0605,1.0
134,v1,v6,40.0,120.04,20.0,1.0,0.6002,0.4,35.3642,False,all_direct,35.3315,0.999
134,v3,v15,20.0,40.0,30.0,0.6,0.2,0.6,16.1938,True,all_direct,16.1618,0.998
134,v3,v4,20.0,50.09,10.0,0.6,0.2504,0.2,16.2995,False,all_direct,16.2832,0.9961
134,v3,v7,20.0,60.0,30.0,0.6,0.3,0.6,15.8416,True,all_direct,15.8234,0.9971
134,v3,v11,20.0,60.0,10.0,0.6,0.3,0.2,16.1427,True,all_direct,16.1147,0.9961
134,v3,v19,20.0,90.0,30.0,0.6,0.45,0.6,15.4895,True,all_direct,15.4676,0.9932
134,v4,v7,40.0,10.44,20.0,1.0,0.0522,0.4,37.4855,False,all_direct,37.4606,1.0
134,v4,v11,40.0,10.44,0.0,1.0,0.0522,0.0,37.9626,False,all_direct,37.941,1.0
134,v4,v15,40.0,10.44,20.0,1.0,0.0522,0.4,37.4855,False,all_direct,37.4586,1.0
134,v4,v3,40.0,50.09,10.0,1.0,0.2504,0.2,36.2995,False,all_direct,36.2682,0.999
134,v4,v19,40.0,140.03,20.0,1.0,0.7002,0.4,35.2304,True,all_direct,35.1969,0.998
135,v1,v13,40.0,50.0,10.0,1.0,0.25,0.2,36.301,False,all_direct,36.2669,1.0
135,v1,v5,40.0,90.0,10.0,1.0,0.45,0.2,35.7905,False,all_direct,35.7677,0.998
135,v1,v6,40.0,140.03,30.0,1.0,0.7002,0.6,35.1055,True,all_direct,35.0683,0.999
135,v3,v19,20.0,60.0,10.0,0.6,0.3,0.2,16.1427,True,all_direct,16.1148,0.9961
135,v3,v4,20.0,60.07,10.0,0.6,0.3004,0.2,16.1416,True,all_direct,16.1211,0.9971
135,v3,v11,20.0,70.0,10.0,0.6,0.35,0.2,16.0088,True,all_direct,15.9798,0.9971
135,v3,v15,20.0,70.0,20.0,0.6,0.35,0.4,15.8327,True,all_direct,15.805,0.9961
135,v3,v7,20.0,90.0,10.0,0.6,0.45,0.2,15.7905,True,all_direct,15.7661,0.998
135,v4,v11,40.0,10.44,0.0,1.0,0.0522,0.0,37.9626,False,all_direct,37.9354,1.0
135,v4,v15,40.0,10.44,30.0,1.0,0.0522,0.6,37.3605,False,all_direct,37.3209,0.999
135,v4,v7,40.0,30.15,20.0,1.0,0.1507,0.4,36.5643,False,all_direct,36.5341,1.0
135,v4,v3,40.0,60.07,10.0,1.0,0.3004,0.2,36.1416,False,all_direct,36.1021,0.999
135,v4,v19,40.0,120.04,0.0,1.0,0.6002,0.0,35.8414,False,all_direct,35.8178,0.998
136,v1,v13,40.0,60.0,0.0,1.0,0.3,0.0,36.4437,False,all_direct,36.4093,1.0
136,v1,v5,40.0,100.0,20.0,1.0,0.5,0.4,35.5229,False,all_direct,35.5034,0.999
136,v1,v6,40.0,170.03,20.0,1.0,0.8501,0.4,35.0618,True,all_direct,35.0358,0.999
136,v3,v4,20.0,50.09,20.0,0.6,0.2504,0.4,16.1234,True,all_direct,16.0968,0.9971
136,v3,v11,20.0,60.0,0.0,0.6,0.3,0.0,16.4437,True,all_direct,16.4025,0.998
136,v3,v19,20.0,70.0,10.0,0.6,0.35,0.2,16.0088,True,all_direct,15.9884,0.9961
136,v3,v15,20.0,90.0,0.0,0.6,0.45,0.0,16.0915,True,all_direct,16.0723,0.9932
136,v3,v7,20.0,100.0,30.0,0.6,0.5,0.6,15.3979,True,all_direct,15.3773,0.9961
136,v4,v11,40.0,10.44,20.0,1.0,0.0522,0.4,37.4855,False,all_direct,37.4626,1.0
136,v4,v15,40.0,40.11,20.0,1.0,0.2006,0.4,36.3163,False,all_direct,36.2823,0.999
136,v4,v3,40.0,50.09,20.0,1.0,0.2504,0.4,36.1234,False,all_direct,36.0949,1.0
136,v4,v7,40.0,50.09,10.0,1.0,0.2504,0.2,36.2995,False,all_direct,36.2773,0.999
136,v4,v19,40.0,120.04,10.0,1.0,0.6002,0.2,35.5403,False,all_direct,35.5111,0.998
137,v1,v13,40.0,60.0,20.0,1.0,0.3,0.4,35.9666,False,all_direct,35.9321,1.0
137,v1,v5,40.0,120.0,10.0,1.0,0.6,0.2,35.5406,False,all_direct,35.5139,1.0
137,v1,v6,40.0,190.02,10.0,1.0,0.9501,0.2,35.1414,True,all_direct,35.1214,0.999
137,v3,v4,20.0,30.15,0.0,0.6,0.1507,0.0,17.0414,False,all_direct,17.0094,0.9951
137,v3,v11,20.0,60.0,10.0,0.6,0.3,0.2,16.1427,True,all_direct,16.114,0.9961
137,v3,v7,20.0,70.0,20.0,0.6,0.35,0.4,15.8327,True,all_direct,15.8015,0.9951
137,v3,v19,20.0,80.0,10.0,0.6,0.4,0.2,15.8928,True,all_direct,15.8653,0.9951
137,v3,v15,20.0,90.0,0.0,0.6,0.45,0.0,16.0915,True,all_direct,16.0626,0.9955
137,v4,v3,40.0,30.15,0.0,1.0,0.1507,0.0,37.0414,False,all_direct,37.0138,0.999
137,v4,v11,40.0,30.15,10.0,1.0,0.1507,0.2,36.7404,False,all_direct,36.7109,0.998
137,v4,v7,40.0,40.11,20.0,1.0,0.2006,0.4,36.3163,False,all_direct,36.2981,0.999
137,v4,v15,40.0,60.07,0.0,1.0,0.3004,0.0,36.4426,False,all_direct,36.4091,0.999
137,v4,v19,40.0,110.04,10.0,1.0,0.5502,0.2,35.6159,False,all_direct,35.5844,1.0
138,v1,v13,40.0,80.0,40.0,1.0,0.4,0.8,35.4949,True,all_direct,35.4589,1.0
138,v1,v5,40.0,130.0,40.0,1.0,0.65,0.8,35.0731,True,all_direct,35.0471,1.0
138,v3,v4,20.0,30.15,0.0,0.6,0.1507,0.0,17.0414,False,all_direct,17.0193,0.9961
138,v3,v11,20.0,70.0,30.0,0.6,0.35,0.6,15.7077,True,all_direct,15.685,0.9971
138,v3,v7,20.0,90.0,20.0,0.6,0.45,0.4,15.6144,True,all_direct,15.5875,0.9961
138,v3,v15,20.0,90.0,10.0,0.6,0.45,0.2,15.7905,True,all_direct,15.7693,0.9906
138,v3,v19,20.0,90.0,10.0,0.6,0.45,0.2,15.7905,True,all_direct,15.7586,0.9951
138,v4,v3,40.0,30.15,0.0,1.0,0.1507,0.0,37.0414,False,all_direct,37.0045,0.999
138,v4,v11,40.0,40.11,30.0,1.0,0.2006,0.6,36.1914,False,all_direct,36.1625,0.999
138,v4,v7,40.0,60.07,20.0,1.0,0.3004,0.4,35.9655,False,all_direct,35.945,1.0
138,v4,v15,40.0,60.07,10.0,1.0,0.3004,0.2,36.1416,False,all_direct,36.1112,1.0
138,v4,v19,40.0,120.04,10.0,1.0,0.6002,0.2,35.5403,False,all_direct,35.5136,0.999
139,v1,v13,40.0,40.0,30.0,1.0,0.2,0.6,36.1938,False,all_direct,36.1694,1.0
139,v1,v5,40.0,90.0,20.0,1.0,0.45,0.4,35.6144,False,all_direct,35.5911,1.0
139,v1,v6,40.0,170.03,10.0,1.0,0.8501,0.2,35.2379,True,all_direct,35.2132,0.999
139,v3,v4,20.0,30.15,10.0,0.6,0.1507,0.2,16.7404,False,all_direct,16.7244,0.998
139,v3,v11,20.0,40.0,20.0,0.6,0.2,0.4,16.3188,True,all_direct,16.291,0.9941
139,v3,v7,20.0,70.0,10.0,0.6,0.35,0.2,16.0088,True,all_direct,15.9884,0.998
139,v3,v15,20.0,80.0,20.0,0.6,0.4,0.4,15.7167,True,all_direct,15.6906,0.998
139,v3,v19,20.0,100.0,20.0,0.6,0.5,0.4,15.5229,True,all_direct,15.4968,0.9971
139,v4,v11,40.0,10.44,30.0,1.0,0.0522,0.6,37.3605,False,all_direct,37.3139,1.0
139,v4,v3,40.0,30.15,10.0,1.0,0.1507,0.2,36.7404,False,all_direct,36.7235,0.999
139,v4,v7,40.0,40.11,20.0,1.0,0.2006,0.4,36.3163,False,all_direct,36.2835,1.0
139,v4,v15,40.0,50.09,10.0,1.0,0.2504,0.2,36.2995,False,all_direct,36.2839,0.999
139,v4,v19,40.0,130.03,10.0,1.0,0.6502,0.2,35.4709,False,all_direct,35.4394,1.0
140,v1,v13,40.0,70.0,40.0,1.0,0.35,0.8,35.6108,True,all_direct,35.5849,1.0
140,v1,v5,40.0,110.0,20.0,1.0,0.55,0.4,35.4401,False,all_direct,35.4141,0.999
140,v1,v6,40.0,160.03,0.0,1.0,0.8001,0.0,35.5916,True,all_direct,35.5587,0.999
140,v3,v4,20.0,20.22,10.0,0.6,0.1011,0.2,17.0872,False,all_direct,17.0612,0.9951
140,v3,v11,20.0,60.0,40.0,0.6,0.3,0.8,15.7447,True,all_direct,15.7129,0.998
140,v3,v15,20.0,60.0,10.0,0.6,0.3,0.2,16.1427,True,all_direct,16.1172,0.9941
140,v3,v7,20.0,80.0,0.0,0.6,0.4,0.0,16.1938,True,all_direct,16.1679,0.9971
140,v3,v19,20.0,120.0,20.0,0.6,0.6,0.4,15.3645,True,all_direct,15.3275,0.9971
140,v4,v3,40.0,20.22,10.0,1.0,0.1011,0.2,37.0872,False,all_direct,37.0603,1.0
140,v4,v11,40.0,40.11,30.0,1.0,0.2006,0.6,36.1914,False,all_direct,36.1625,0.999
140,v4,v15,40.0,40.11,0.0,1.0,0.2006,0.0,36.7934,False,all_direct,36.7596,1.0
140,v4,v7,40.0,60.07,10.0,1.0,0.3004,0.2,36.1416,False,all_direct,36.1135,1.0
140,v4,v19,40.0,140.03,10.0,1.0,0.7002,0.2,35.4065,False,all_direct,35.3977,1.0
141,v1,v13,40.0,30.0,20.0,1.0,0.15,0.4,36.5686,False,all_direct,36.5479,1.0
141,v1,v5,40.0,90.0,10.0,1.0,0.45,0.2,35.7905,False,all_direct,35.7643,0.999
141,v1,v6,40.0,160.03,20.0,1.0,0.8001,0.4,35.1145,True,all_direct,35.0861,1.0
141,v3,v4,20.0,10.44,10.0,0.6,0.0522,0.2,17.6615,False,all_direct,17.6253,0.9961
141,v3,v11,20.0,20.0,30.0,0.6,0.1,0.6,16.7959,True,all_direct,16.7619,0.9951
141,v3,v15,20.0,50.0,20.0,0.6,0.25,0.4,16.1249,True,all_direct,16.095,0.9961
141,v3,v7,20.0,80.0,40.0,0.6,0.4,0.8,15.4949,True,all_direct,15.4688,0.9932
141,v3,v19,20.0,140.0,20.0,0.6,0.7,0.4,15.2306,True,all_direct,15.2051,0.9961
141,v4,v3,40.0,10.44,10.0,1.0,0.0522,0.2,37.6615,False,all_direct,37.6383,0.998
141,v4,v11,40.0,10.44,20.0,1.0,0.0522,0.4,37.4855,False,all_direct,37.4531,1.0
141,v4,v15,40.0,40.11,10.0,1.0,0.2006,0.2,36.4924,False,all_direct,36.4612,0.998
141,v4,v7,40.0,70.06,30.0,1.0,0.3503,0.6,35.7069,False,all_direct,35.6915,0.999
141,v4,v19,40.0,150.03,10.0,1.0,0.7501,0.2,35.3466,False,all_direct,35.3286,0.998
142,v1,v13,40.0,10.0,0.0,1.0,0.05,0.0,38.0,False,all_direct,37.9698,1.0
142,v1,v5,40.0,100.0,10.0,1.0,0.5,0.2,35.699,False,all_direct,35.6636,0.998
142,v1,v6,40.0,180.02,30.0,1.0,0.9001,0.6,34.8873,True,all_direct,34.8627,1.0
142,v3,v4,20.0,3.0,0.0,0.6,0.015,0.0,19.0458,False,all_direct,19.0168,0.9971
142,v3,v11,20.0,10.0,20.0,0.6,0.05,0.4,17.5229,True,all_direct,17.4848,0.998
142,v3,v15,20.0,30.0,10.0,0.6,0.15,0.2,16.7447,False,all_direct,16.7208,0.9951
142,v3,v7,20.0,40.0,10.0,0.6,0.2,0.2,16.4949,False,all_direct,16.4534,0.9961
142,v3,v8,20.0,150.03,10.0,0.6,0.7501,0.2,15.3466,True,all_direct,15.3217,0.9951
142,v4,v3,40.0,3.0,0.0,1.0,0.015,0.0,39.0458,False,all_direct,39.0202,0.999
142,v4,v11,40.0,10.44,20.0,1.0,0.0522,0.4,37.4855,False,all_direct,37.4592,1.0
142,v4,v15,40.0,30.15,10.0,1.0,0.1507,0.2,36.7404,False,all_direct,36.7168,0.999
142,v4,v7,40.0,40.11,10.0,1.0,0.2006,0.2,36.4924,False,all_direct,36.4644,1.0
142,v4,v8,40.0,150.0,10.0,1.0,0.75,0.2,35.3468,False,all_direct,35.3173,0.999
143,v1,v13,40.0,10.0,0.0,1.0,0.05,0.0,38.0,False,all_direct,37.9791,1.0
143,v1,v5,40.0,110.0,30.0,1.0,0.55,0.6,35.3152,True,all_direct,35.297,1.0
143,v3,v4,20.0,3.0,40.0,0.6,0.015,0.8,18.3468,True,all_direct,18.3206,0.9961
143,v3,v11,20.0,10.0,40.0,0.6,0.05,0.8,17.301,True,all_direct,17.2812,0.998
143,v3,v15,20.0,20.0,40.0,0.6,0.1,0.8,16.699,True,all_direct,16.6663,0.9961
143,v3,v7,20.0,30.0,0.0,0.6,0.15,0.0,17.0458,False,all_direct,17.0051,0.9971
143,v3,v19,20.0,140.0,30.0,0.6,0.7,0.6,15.1057,True,all_direct,15.0736,0.9971
143,v4,v3,40.0,3.0,40.0,1.0,0.015,0.8,38.3468,True,all_direct,38.3252,1.0
143,v4,v11,40.0,10.44,0.0,1.0,0.0522,0.0,37.9626,False,all_direct,37.935,0.999
143,v4,v15,40.0,20.22,0.0,1.0,0.1011,0.0,37.3883,False,all_direct,37.3518,1.0
143,v4,v7,40.0,30.15,40.0,1.0,0.1507,0.8,36.3425,True,all_direct,36.3216,0.999
143,v4,v19,40.0,140.03,10.0,1.0,0.7002,0.2,35.4065,False,all_direct,35.3836,0.998
144,v1,v13,40.0,10.0,0.0,1.0,0.05,0.0,38.0,False,all_direct,37.9615,1.0
144,v1,v5,40.0,140.0,0.0,1.0,0.7,0.0,35.7077,False,all_direct,35.6871,1.0
144,v3,v15,20.0,20.0,40.0,0.6,0.1,0.8,16.699,True,all_direct,16.6636,0.9951
144,v3,v7,20.0,30.0,10.0,0.6,0.15,0.2,16.7447,False,all_direct,16.7355,0.9961
144,v3,v11,20.0,30.0,20.0,0.6,0.15,0.4,16.5686,True,all_direct,16.5335,0.9961
144,v3,v4,20.0,40.11,20.0,0.6,0.2006,0.4,16.3163,True,all_direct,16.2861,0.9932
144,v3,v19,20.0,170.0,30.0,0.6,0.85,0.6,14.937,True,all_direct,14.9119,0.9951
144,v4,v11,40.0,10.44,0.0,1.0,0.0522,0.0,37.9626,False,all_direct,37.9314,0.999
144,v4,v15,40.0,20.22,20.0,1.0,0.1011,0.4,36.9112,False,all_direct,36.8758,0.998
144,v4,v3,40.0,40.11,20.0,1.0,0.2006,0.4,36.3163,False,all_direct,36.274,0.999
144,v4,v7,40.0,70.06,10.0,1.0,0.3503,0.2,36.008,False,all_direct,35.9797,1.0
144,v4,v8,40.0,130.0,20.0,1.0,0.65,0.4,35.295,True,all_direct,35.2667,1.0
145,v1,v13,40.0,10.0,20.0,1.0,0.05,0.4,37.5229,False,all_direct,37.4994,1.0
145,v1,v5,40.0,140.0,40.0,1.0,0.7,0.8,35.0088,True,all_direct,34.9824,1.0
145,v3,v11,20.0,10.0,10.0,0.6,0.05,0.2,17.699,False,all_direct,17.6748,0.998
145,v3,v15,20.0,20.0,10.0,0.6,0.1,0.2,17.0969,False,all_direct,17.0661,1.0
145,v3,v4,20.0,20.22,0.0,0.6,0.1011,0.0,17.3883,False,all_direct,17.3575,0.999
145,v3,v7,20.0,40.0,20.0,0.6,0.2,0.4,16.3188,True,all_direct,16.2987,0.9961
145,v3,v8,20.0,130.03,40.0,0.6,0.6502,0.8,15.0729,True,all_direct,15.0442,0.9971
145,v4,v11,40.0,10.44,10.0,1.0,0.0522,0.2,37.6615,False,all_direct,37.6406,1.0
145,v4,v3,40.0,20.22,0.0,1.0,0.1011,0.0,37.3883,False,all_direct,37.3574,1.0
145,v4,v15,40.0,40.11,10.0,1.0,0.2006,0.2,36.4924,False,all_direct,36.4573,1.0
145,v4,v7,40.0,60.07,20.0,1.0,0.3004,0.4,35.9655,False,all_direct,35.943,1.0
145,v4,v8,40.0,110.0,40.0,1.0,0.55,0.8,35.2182,True,all_direct,35.1778,0.999
146,v1,v13,40.0,10.0,40.0,1.0,0.05,0.8,37.301,True,all_direct,37.2774,0.999
146,v1,v5,40.0,100.0,40.0,1.0,0.5,0.8,35.301,True,all_direct,35.2634,1.0
146,v1,v6,40.0,180.02,20.0,1.0,0.9001,0.4,35.0122,True,all_direct,34.9813,1.0
146,v3,v15,20.0,10.0,10.0,0.6,0.05,0.2,17.699,False,all_direct,17.6741,0.999
146,v3,v7,20.0,20.0,0.0,0.6,0.1,0.0,17.3979,False,all_direct,17.3704,0.9961
146,v3,v11,20.0,20.0,10.0,0.6,0.1,0.2,17.0969,False,all_direct,17.0686,0.9961
146,v3,v4,20.0,20.22,10.0,0.6,0.1011,0.2,17.0872,False,all_direct,17.0594,0.998
146,v3,v19,20.0,150.0,10.0,0.6,0.75,0.2,15.3468,True,all_direct,15.3108,0.9971
146,v4,v11,40.0,3.0,20.0,1.0,0.015,0.4,38.5686,False,all_direct,38.5385,0.999
146,v4,v3,40.0,20.22,10.0,1.0,0.1011,0.2,37.0872,False,all_direct,37.0522,0.998
146,v4,v15,40.0,30.15,0.0,1.0,0.1507,0.0,37.0414,False,all_direct,37.0071,1.0
146,v4,v7,40.0,40.11,10.0,1.0,0.2006,0.2,36.4924,False,all_direct,36.4595,0.999
146,v4,v19,40.0,130.03,20.0,1.0,0.6502,0.4,35.2948,True,all_direct,35.2751,1.0
147,v1,v13,40.0,30.0,10.0,1.0,0.15,0.2,36.7447,False,all_direct,36.721,1.0
147,v1,v5,40.0,140.0,20.0,1.0,0.7,0.4,35.2306,True,all_direct,35.2146,0.998
147,v3,v15,20.0,0.0,10.0,0.6,0.0,0.2,21.699,False,all_direct,21.6734,0.9971
147,v3,v11,20.0,10.0,10.0,0.6,0.05,0.2,17.699,False,all_direct,17.6722,0.9971
147,v3,v7,20.0,20.0,30.0,0.6,0.1,0.6,16.7959,True,all_direct,16.7783,0.998
147,v3,v4,20.0,30.15,20.0,0.6,0.1507,0.4,16.5643,True,all_direct,16.5322,0.998
147,v3,v19,20.0,140.0,20.0,0.6,0.7,0.4,15.2306,True,all_direct,15.2005,0.9961
147,v4,v11,40.0,20.22,30.0,1.0,0.1011,0.6,36.7862,False,all_direct,36.7653,0.999
147,v4,v3,40.0,30.15,20.0,1.0,0.1507,0.4,36.5643,False,all_direct,36.5445,1.0
147,v4,v15,40.0,30.15,30.0,1.0,0.1507,0.6,36.4394,False,all_direct,36.4176,0.999
147,v4,v7,40.0,50.09,10.0,1.0,0.2504,0.2,36.2995,False,all_direct,36.2667,1.0
147,v4,v19,40.0,110.04,0.0,1.0,0.5502,0.0,35.9169,False,all_direct,35.8892,1.0
148,v1,v13,40.0,20.0,0.0,1.0,0.1,0.0,37.3979,False,all_direct,37.3723,1.0
148,v1,v5,40.0,120.0,20.0,1.0,0.6,0.4,35.3645,False,all_direct,35.3298,0.999
148,v1,v6,40.0,170.03,10.0,1.0,0.8501,0.2,35.2379,True,all_direct,35.2101,1.0
148,v3,v15,20.0,10.0,10.0,0.6,0.05,0.2,17.699,False,all_direct,17.6692,0.9971
148,v3,v4,20.0,10.44,30.0,0.6,0.0522,0.6,17.3605,True,all_direct,17.3357,0.998
148,v3,v11,20.0,20.0,20.0,0.6,0.1,0.4,16.9208,True,all_direct,16.9011,0.998
148,v3,v7,20.0,50.0,10.0,0.6,0.25,0.2,16.301,False,all_direct,16.2733,0.9971
148,v3,v19,20.0,120.0,20.0,0.6,0.6,0.4,15.3645,True,all_direct,15.3394,0.9961
148,v4,v15,40.0,3.0,20.0,1.0,0.015,0.4,38.5686,False,all_direct,38.5332,0.998
148,v4,v3,40.0,10.44,30.0,1.0,0.0522,0.6,37.3605,False,all_direct,37.3315,0.9971
148,v4,v11,40.0,10.44,10.0,1.0,0.0522,0.2,37.6615,False,all_direct,37.6411,1.0
148,v4,v7,40.0,60.07,40.0,1.0,0.3004,0.8,35.7436,True,all_direct,35.7266,1.0
148,v4,v8,40.0,110.0,40.0,1.0,0.55,0.8,35.2182,True,all_direct,35.1844,0.998
149,v1,v13,40.0,20.0,10.0,1.0,0.1,0.2,37.0969,False,all_direct,37.0531,1.0
149,v1,v5,40.0,100.0,20.0,1.0,0.5,0.4,35.5229,False,all_direct,35.4892,0.999
149,v1,v6,40.0,180.02,0.0,1.0,0.9001,0.0,35.4893,True,all_direct,35.4591,0.999
149,v3,v15,20.0,20.0,10.0,0.6,0.1,0.2,17.0969,False,all_direct,17.0824,0.9951
149,v3,v11,20.0,40.0,20.0,0.6,0.2,0.4,16.3188,True,all_direct,16.2816,1.0
149,v3,v4,20.0,40.11,10.0,0.6,0.2006,0.2,16.4924,False,all_direct,16.4697,0.9961
149,v3,v7,20.0,60.0,0.0,0.6,0.3,0.0,16.4437,True,all_direct,16.4309,0.998
149,v3,v8,20.0,110.04,10.0,0.6,0.5502,0.2,15.6159,True,all_direct,15.5874,0.9961
149,v4,v11,40.0,3.0,10.0,1.0,0.015,0.2,38.7447,False,all_direct,38.7185,0.999
149,v4,v15,40.0,20.22,20.0,1.0,0.1011,0.4,36.9112,False,all_direct,36.8806,1.0
149,v4,v3,40.0,40.11,10.0,1.0,0.2006,0.2,36.4924,False,all_direct,36.472,1.0
149,v4,v8,40.0,70.0,20.0,1.0,0.35,0.4,35.8327,False,all_direct,35.8138,0.999
149,v4,v7,40.0,100.04,10.0,1.0,0.5002,0.2,35.6986,False,all_direct,35.6717,1.0
150,v1,v13,40.0,10.0,10.0,1.0,0.05,0.2,37.699,False,all_direct,37.6627,0.998
150,v1,v5,40.0,120.0,0.0,1.0,0.6,0.0,35.8416,False,all_direct,35.8215,1.0
150,v1,v6,40.0,180.02,10.0,1.0,0.9001,0.2,35.1883,True,all_direct,35.1553,1.0
150,v3,v11,20.0,20.0,20.0,0.6,0.1,0.4,16.9208,True,all_direct,16.8892,0.9971
150,v3,v15,20.0,30.0,0.0,0.6,0.15,0.0,17.0458,False,all_direct,17.0245,0.9961
150,v3,v4,20.0,30.15,10.0,0.6,0.1507,0.2,16.7404,False,all_direct,16.7102,0.9961
150,v3,v7,20.0,60.0,20.0,0.6,0.3,0.4,15.9666,True,all_direct,15.9402,0.998
150,v3,v8,20.0,120.04,10.0,0.6,0.6002,0.2,15.5403,True,all_direct,15.5239,0.999
150,v4,v15,40.0,3.0,10.0,1.0,0.015,0.2,38.7447,False,all_direct,38.7139,0.999
150,v4,v11,40.0,10.44,10.0,1.0,0.0522,0.2,37.6615,False,all_direct,37.6352,1.0
150,v4,v3,40.0,30.15,10.0,1.0,0.1507,0.2,36.7404,False,all_direct,36.7211,0.999
150,v4,v8,40.0,90.0,0.0,1.0,0.45,0.0,36.0915,False,all_direct,36.0557,0.999
150,v4,v7,40.0,90.05,10.0,1.0,0.4502,0.2,35.79,False,all_direct,35.7569,1.0
151,v1,v13,40.0,20.0,20.0,1.0,0.1,0.4,36.9208,False,all_direct,36.8886,1.0
151,v1,v5,40.0,120.0,0.0,1.0,0.6,0.0,35.8416,False,all_direct,35.8123,0.998
151,v1,v6,40.0,170.03,20.0,1.0,0.8501,0.4,35.0618,True,all_direct,35.0424,0.999
151,v3,v15,20.0,30.0,10.0,0.6,0.15,0.2,16.7447,False,all_direct,16.7103,0.9971
151,v3,v7,20.0,40.0,20.0,0.6,0.2,0.4,16.3188,True,all_direct,16.2976,0.9971
151,v3,v11,20.0,40.0,10.0,0.6,0.2,0.2,16.4949,False,all_direct,16.4659,1.0
151,v3,v4,20.0,40.11,10.0,0.6,0.2006,0.2,16.4924,False,all_direct,16.4506,0.998
151,v3,v19,20.0,130.0,10.0,0.6,0.65,0.2,15.4711,True,all_direct,15.4428,0.9961
151,v4,v11,40.0,3.0,20.0,1.0,0.015,0.4,38.5686,False,all_direct,38.5448,0.998
151,v4,v15,40.0,10.44,20.0,1.0,0.0522,0.4,37.4855,False,all_direct,37.4538,1.0
151,v4,v3,40.0,40.11,10.0,1.0,0.2006,0.2,36.4924,False,all_direct,36.4653,0.999
151,v4,v7,40.0,80.06,10.0,1.0,0.4003,0.2,35.8922,False,all_direct,35.8653,0.999
151,v4,v8,40.0,90.0,20.0,1.0,0.45,0.4,35.6144,False,all_direct,35.5825,1.0
152,v1,v13,40.0,40.0,20.0,1.0,0.2,0.4,36.3188,False,all_direct,36.293,1.0
152,v1,v5,40.0,120.0,0.0,1.0,0.6,0.0,35.8416,False,all_direct,35.8171,0.999
152,v1,v6,40.0,190.02,20.0,1.0,0.9501,0.4,34.9653,True,all_direct,34.9534,1.0
152,v3,v4,20.0,30.15,10.0,0.6,0.1507,0.2,16.7404,False,all_direct,16.7175,0.9971
152,v3,v15,20.0,40.0,30.0,0.6,0.2,0.6,16.1938,True,all_direct,16.159,0.998
152,v3,v11,20.0,50.0,20.0,0.6,0.25,0.4,16.1249,True,all_direct,16.1061,0.998
152,v3,v7,20.0,60.0,20.0,0.6,0.3,0.4,15.9666,True,all_direct,15.9487,0.999
152,v3,v19,20.0,120.0,10.0,0.6,0.6,0.2,15.5406,True,all_direct,15.5222,0.9971
152,v4,v15,40.0,10.44,20.0,1.0,0.0522,0.4,37.4855,False,all_direct,37.4702,0.998
152,v4,v11,40.0,20.22,10.0,1.0,0.1011,0.2,37.0872,False,all_direct,37.0673,0.999
152,v4,v3,40.0,30.15,10.0,1.0,0.1507,0.2,36.7404,False,all_direct,36.7195,1.0
152,v4,v7,40.0,90.05,10.0,1.0,0.4502,0.2,35.79,False,all_direct,35.755,0.999
152,v4,v19,40.0,90.05,0.0,1.0,0.4502,0.0,36.091,False,all_direct,36.075,1.0
153,v1,v13,40.0,20.0,40.0,1.0,0.1,0.8,36.699,True,all_direct,36.665,0.998
153,v1,v5,40.0,120.0,20.0,1.0,0.6,0.4,35.3645,False,all_direct,35.3427,1.0
153,v1,v6,40.0,170.03,30.0,1.0,0.8501,0.6,34.9369,True,all_direct,34.9079,0.998
153,v3,v15,20.0,10.0,0.0,0.6,0.05,0.0,18.0,False,all_direct,17.9864,0.9961
153,v3,v4,20.0,20.22,10.0,0.6,0.1011,0.2,17.0872,False,all_direct,17.0751,0.9961
153,v3,v11,20.0,30.0,20.0,0.6,0.15,0.4,16.5686,True,all_direct,16.5373,0.9961
153,v3,v7,20.0,80.0,40.0,0.6,0.4,0.8,15.4949,True,all_direct,15.4738,0.9941
153,v3,v19,20.0,110.0,40.0,0.6,0.55,0.8,15.2182,True,all_direct,15.1974,0.9961
153,v4,v11,40.0,10.44,10.0,1.0,0.0522,0.2,37.6615,False,all_direct,37.6323,1.0
153,v4,v15,40.0,10.44,10.0,1.0,0.0522,0.2,37.6615,False,all_direct,37.647,1.0
153,v4,v3,40.0,20.22,10.0,1.0,0.1011,0.2,37.0872,False,all_direct,37.0697,0.999
153,v4,v19,40.0,90.05,30.0,1.0,0.4502,0.6,35.489,True,all_direct,35.4426,0.999
153,v4,v7,40.0,100.04,30.0,1.0,0.5002,0.6,35.3975,True,all_direct,35.3809,0.999
154,v1,v13,40.0,60.0,10.0,1.0,0.3,0.2,36.1427,False,all_direct,36.1134,1.0
154,v1,v5,40.0,140.0,20.0,1.0,0.7,0.4,35.2306,True,all_direct,35.1986,1.0
154,v3,v11,20.0,10.0,10.0,0.6,0.05,0.2,17.699,False,all_direct,17.676,0.998
154,v3,v15,20.0,10.0,10.0,0.6,0.05,0.2,17.699,False,all_direct,17.6744,0.9961
154,v3,v4,20.0,10.44,20.0,0.6,0.0522,0.4,17.4855,True,all_direct,17.4528,1.0
154,v3,v19,20.0,70.0,0.0,0.6,0.35,0.0,16.3098,True,all_direct,16.2928,0.9941
154,v3,v7,20.0,120.0,20.0,0.6,0.6,0.4,15.3645,True,all_direct,15.331,0.9971
154,v4,v11,40.0,3.0,10.0,1.0,0.015,0.2,38.7447,False,all_direct,38.7038,0.999
154,v4,v15,40.0,3.0,10.0,1.0,0.015,0.2,38.7447,False,all_direct,38.7151,0.999
154,v4,v3,40.0,10.44,20.0,1.0,0.0522,0.4,37.4855,False,all_direct,37.4571,0.999
154,v4,v19,40.0,60.07,20.0,1.0,0.3004,0.4,35.9655,False,all_direct,35.924,1.0
154,v4,v7,40.0,130.03,0.0,1.0,0.6502,0.0,35.7719,False,all_direct,35.7497,1.0
155,v1,v13,40.0,70.0,20.0,1.0,0.35,0.4,35.8327,False,all_direct,35.8258,0.999
155,v1,v5,40.0,160.0,20.0,1.0,0.8,0.4,35.1146,True,all_direct,35.0888,0.999
155,v3,v11,20.0,0.0,0.0,0.6,0.0,0.0,22.0,False,all_direct,21.9852,1.0
155,v3,v15,20.0,0.0,30.0,0.6,0.0,0.6,21.3979,True,all_direct,21.3574,0.9971
155,v3,v4,20.0,10.44,20.0,0.6,0.0522,0.4,17.4855,True,all_direct,17.4582,0.9961
155,v3,v19,20.0,70.0,30.0,0.6,0.35,0.6,15.7077,True,all_direct,15.6751,0.9922
155,v3,v8,20.0,120.04,0.0,0.6,0.6002,0.0,15.8414,True,all_direct,15.809,0.9971
155,v4,v3,40.0,10.44,20.0,1.0,0.0522,0.4,37.4855,False,all_direct,37.4549,0.999
155,v4,v11,40.0,10.44,20.0,1.0,0.0522,0.4,37.4855,False,all_direct,37.4534,0.999
155,v4,v15,40.0,10.44,10.0,1.0,0.0522,0.2,37.6615,False,all_direct,37.6362,1.0
155,v4,v19,40.0,80.06,10.0,1.0,0.4003,0.2,35.8922,False,all_direct,35.866,0.999
155,v4,v8,40.0,130.0,20.0,1.0,0.65,0.4,35.295,True,all_direct,35.2625,0.999
156,v1,v13,40.0,90.0,0.0,1.0,0.45,0.0,36.0915,False,all_direct,36.0721,0.9971
156,v1,v5,40.0,140.0,0.0,1.0,0.7,0.0,35.7077,False,all_direct,35.662,1.0
156,v3,v11,20.0,0.0,20.0,0.6,0.0,0.4,21.5229,True,all_direct,21.4829,0.999
156,v3,v4,20.0,10.44,30.0,0.6,0.0522,0.6,17.3605,True,all_direct,17.3287,0.9971
156,v3,v15,20.0,30.0,20.0,0.6,0.15,0.4,16.5686,True,all_direct,16.5407,0.998
156,v3,v19,20.0,100.0,20.0,0.6,0.5,0.4,15.5229,True,all_direct,15.4987,0.9961
156,v3,v8,20.0,120.04,20.0,0.6,0.6002,0.4,15.3642,True,all_direct,15.3336,0.9961
156,v4,v3,40.0,10.44,30.0,1.0,0.0522,0.6,37.3605,False,all_direct,37.3387,1.0
156,v4,v11,40.0,10.44,10.0,1.0,0.0522,0.2,37.6615,False,all_direct,37.6513,1.0
156,v4,v15,40.0,20.22,10.0,1.0,0.1011,0.2,37.0872,False,all_direct,37.0605,1.0
156,v4,v19,40.0,90.05,10.0,1.0,0.4502,0.2,35.79,False,all_direct,35.7572,1.0
156,v4,v8,40.0,110.0,10.0,1.0,0.55,0.2,35.6162,False,all_direct,35.5903,1.0
157,v1,v13,40.0,90.0,10.0,1.0,0.45,0.2,35.7905,False,all_direct,35.7709,0.999
157,v1,v5,40.0,140.0,20.0,1.0,0.7,0.4,35.2306,True,all_direct,35.1965,0.999
157,v1,v6,40.0,190.02,20.0,1.0,0.9501,0.4,34.9653,True,all_direct,34.9372,1.0
157,v3,v15,20.0,10.0,20.0,0.6,0.05,0.4,17.5229,True,all_direct,17.5059,0.9961
157,v3,v11,20.0,20.0,10.0,0.6,0.1,0.2,17.0969,False,all_direct,17.0644,0.9961
157,v3,v4,20.0,20.22,30.0,0.6,0.1011,0.6,16.7862,True,all_direct,16.7585,0.9971
157,v3,v19,20.0,80.0,0.0,0.6,0.4,0.0,16.1938,True,all_direct,16.1718,0.9971
157,v3,v8,20.0,100.04,30.0,0.6,0.5002,0.6,15.3975,True,all_direct,15.3804,0.9961
157,v4,v11,40.0,3.0,40.0,1.0,0.015,0.8,38.3468,True,all_direct,38.3141,1.0
157,v4,v3,40.0,20.22,30.0,1.0,0.1011,0.6,36.7862,False,all_direct,36.7575,1.0
157,v4,v15,40.0,30.15,10.0,1.0,0.1507,0.2,36.7404,False,all_direct,36.7212,0.998
157,v4,v19,40.0,100.04,30.0,1.0,0.5002,0.6,35.3975,True,all_direct,35.3769,0.999
157,v4,v8,40.0,120.0,0.0,1.0,0.6,0.0,35.8416,False,all_direct,35.8102,1.0
158,v1,v13,40.0,100.0,10.0,1.0,0.5,0.2,35.699,False,all_direct,35.679,1.0
158,v1,v5,40.0,160.0,20.0,1.0,0.8,0.4,35.1146,True,all_direct,35.0759,0.999
158,v3,v4,20.0,10.44,10.0,0.6,0.0522,0.2,17.6615,False,all_direct,17.6478,0.9971
158,v3,v11,20.0,30.0,10.0,0.6,0.15,0.2,16.7447,False,all_direct,16.7112,0.998
158,v3,v15,20.0,30.0,0.0,0.6,0.15,0.0,17.0458,False,all_direct,17.0227,0.998
158,v3,v19,20.0,80.0,20.0,0.6,0.4,0.4,15.7167,True,all_direct,15.6875,0.9971
158,v3,v8,20.0,130.03,40.0,0.6,0.6502,0.8,15.0729,True,all_direct,15.0516,0.9971
158,v4,v3,40.0,10.44,10.0,1.0,0.0522,0.2,37.6615,False,all_direct,37.6438,1.0
158,v4,v15,40.0,20.22,10.0,1.0,0.1011,0.2,37.0872,False,all_direct,37.0711,1.0
158,v4,v11,40.0,40.11,0.0,1.0,0.2006,0.0,36.7934,False,all_direct,36.7692,1.0
158,v4,v19,40.0,70.06,10.0,1.0,0.3503,0.2,36.008,False,all_direct,35.9703,0.998
158,v4,v8,40.0,120.0,30.0,1.0,0.6,0.6,35.2396,True,all_direct,35.2043,1.0
159,v1,v13,40.0,110.0,30.0,1.0,0.55,0.6,35.3152,True,all_direct,35.2982,0.999
159,v1,v5,40.0,140.0,0.0,1.0,0.7,0.0,35.7077,False,all_direct,35.6808,0.998
159,v3,v11,20.0,20.0,20.0,0.6,0.1,0.4,16.9208,True,all_direct,16.8958,0.998
159,v3,v4,20.0,20.22,20.0,0.6,0.1011,0.4,16.9112,True,all_direct,16.9022,0.9961
159,v3,v15,20.0,30.0,10.0,0.6,0.15,0.2,16.7447,False,all_direct,16.7078,0.999
159,v3,v19,20.0,100.0,10.0,0.6,0.5,0.2,15.699,True,all_direct,15.6648,0.9961
159,v3,v7,20.0,150.0,10.0,0.6,0.75,0.2,15.3468,True,all_direct,15.3287,0.998
159,v4,v15,40.0,10.44,30.0,1.0,0.0522,0.6,37.3605,False,all_direct,37.3386,1.0
159,v4,v3,40.0,20.22,20.0,1.0,0.1011,0.4,36.9112,False,all_direct,36.8908,0.999
159,v4,v11,40.0,40.11,40.0,1.0,0.2006,0.8,36.0945,True,all_direct,36.0595,0.999
159,v4,v19,40.0,80.06,10.0,1.0,0.4003,0.2,35.8922,False,all_direct,35.8629,1.0
159,v4,v8,40.0,150.0,40.0,1.0,0.75,0.8,34.9488,True,all_direct,34.9257,1.0
160,v1,v13,40.0,80.0,20.0,1.0,0.4,0.4,35.7167,False,all_direct,35.6996,1.0
160,v1,v5,40.0,140.0,0.0,1.0,0.7,0.0,35.7077,False,all_direct,35.6733,0.998
160,v1,v6,40.0,190.02,0.0,1.0,0.9501,0.0,35.4424,True,all_direct,35.4231,1.0
160,v3,v15,20.0,20.0,20.0,0.6,0.1,0.4,16.9208,True,all_direct,16.9067,0.9971
160,v3,v11,20.0,40.0,10.0,0.6,0.2,0.2,16.4949,False,all_direct,16.455,0.999
160,v3,v4,20.0,40.11,10.0,0.6,0.2006,0.2,16.4924,False,all_direct,16.456,0.9961
160,v3,v19,20.0,110.0,0.0,0.6,0.55,0.0,15.9172,True,all_direct,15.8944,0.9961
160,v3,v7,20.0,140.0,10.0,0.6,0.7,0.2,15.4067,True,all_direct,15.3833,0.9971
160,v4,v15,40.0,20.22,10.0,1.0,0.1011,0.2,37.0872,False,all_direct,37.0645,1.0
160,v4,v3,40.0,40.11,10.0,1.0,0.2006,0.2,36.4924,False,all_direct,36.4695,0.999
160,v4,v19,40.0,70.06,10.0,1.0,0.3503,0.2,36.008,False,all_direct,35.9894,0.9971
160,v4,v11,40.0,80.06,0.0,1.0,0.4003,0.0,36.1932,False,all_direct,36.1613,0.998
160,v4,v8,40.0,110.0,10.0,1.0,0.55,0.2,35.6162,False,all_direct,35.5877,1.0
