time,car_ID_TX,car_ID_RX,snr_values,distance_values,rel_speed_values,snr_values_norm,distance_values_norm,rel_speed_values_norm,composite_snr_db,use_nn,testing_case,psnr,accuracy
10,v1,v2,40.0,20.22,20.0,1.0,0.1011,0.4,15.2892,False,fuzzy_logic_fixed_snr,21.4275,0.9389
10,v1,v5,40.0,110.0,20.0,1.0,0.55,0.4,3.5207,False,fuzzy_logic_fixed_snr,9.6603,0.3459
10,v1,v6,40.0,190.02,10.0,1.0,0.9501,0.2,1.1308,True,fuzzy_logic_fixed_snr,20.5077,0.8057
10,v2,v1,20.0,20.22,20.0,0.6,0.1011,0.4,-4.7108,True,fuzzy_logic_fixed_snr,15.7429,0.5334
10,v2,v5,20.0,130.03,40.0,0.6,0.6502,0.8,-19.4167,True,fuzzy_logic_fixed_snr,1.4726,0.0986
10,v3,v4,20.0,50.09,30.0,0.6,0.2504,0.6,-12.0125,True,fuzzy_logic_fixed_snr,7.6885,0.1674
10,v3,v7,20.0,100.0,30.0,0.6,0.5,0.6,-16.8165,True,fuzzy_logic_fixed_snr,2.8683,0.1051
10,v3,v8,20.0,130.03,10.0,0.6,0.6502,0.2,-16.2332,True,fuzzy_logic_fixed_snr,3.2707,0.1125
10,v4,v3,40.0,50.09,30.0,1.0,0.2504,0.6,7.9875,False,fuzzy_logic_fixed_snr,14.1258,0.7113
10,v4,v7,40.0,50.09,0.0,1.0,0.2504,0.0,12.804,False,fuzzy_logic_fixed_snr,18.9396,0.9004
10,v4,v8,40.0,80.0,20.0,1.0,0.4,0.4,5.7336,False,fuzzy_logic_fixed_snr,11.8727,0.5244
10,v4,v12,40.0,170.0,20.0,1.0,0.85,0.4,0.4958,True,fuzzy_logic_fixed_snr,20.0519,0.8059
10,v4,v16,40.0,170.0,20.0,1.0,0.85,0.4,0.4958,True,fuzzy_logic_fixed_snr,20.0827,0.7953
11,v1,v2,40.0,3.0,10.0,1.0,0.015,0.2,29.9578,False,fuzzy_logic_fixed_snr,36.0951,0.9941
11,v1,v5,40.0,90.0,10.0,1.0,0.45,0.2,6.3239,False,fuzzy_logic_fixed_snr,12.4625,0.5768
11,v2,v1,20.0,3.0,10.0,0.6,0.015,0.2,9.9578,False,fuzzy_logic_fixed_snr,16.0975,0.8076
11,v2,v5,20.0,90.05,20.0,0.6,0.4502,0.4,-15.0887,True,fuzzy_logic_fixed_snr,4.2281,0.1291
11,v2,v6,20.0,200.0,0.0,0.6,1.0,0.0,-16.8165,True,fuzzy_logic_fixed_snr,2.871,0.1188
11,v3,v4,20.0,80.06,10.0,0.6,0.4003,0.2,-12.8626,True,fuzzy_logic_fixed_snr,6.6093,0.1607
11,v3,v7,20.0,130.0,30.0,0.6,0.65,0.6,-18.6396,True,fuzzy_logic_fixed_snr,1.8272,0.1172
11,v3,v8,20.0,140.03,20.0,0.6,0.7002,0.4,-18.1566,True,fuzzy_logic_fixed_snr,2.0688,0.1086
11,v4,v7,40.0,50.09,20.0,1.0,0.2504,0.4,8.987,False,fuzzy_logic_fixed_snr,15.1235,0.7836
11,v4,v8,40.0,60.0,10.0,1.0,0.3,0.2,9.1413,False,fuzzy_logic_fixed_snr,15.2794,0.7773
11,v4,v3,40.0,80.06,10.0,1.0,0.4003,0.2,7.1374,False,fuzzy_logic_fixed_snr,13.2757,0.6459
11,v4,v11,40.0,140.03,30.0,1.0,0.7002,0.6,0.8439,True,fuzzy_logic_fixed_snr,20.3202,0.8154
11,v4,v12,40.0,190.0,10.0,1.0,0.95,0.2,1.1317,True,fuzzy_logic_fixed_snr,20.5013,0.8152
12,v1,v2,40.0,10.44,20.0,1.0,0.0522,0.4,19.8836,False,fuzzy_logic_fixed_snr,26.0206,0.9721
12,v1,v5,40.0,100.0,0.0,1.0,0.5,0.0,8.0,False,fuzzy_logic_fixed_snr,14.1356,0.7119
12,v1,v6,40.0,190.02,10.0,1.0,0.9501,0.2,1.1308,True,fuzzy_logic_fixed_snr,20.5016,0.8318
12,v2,v1,20.0,10.44,20.0,0.6,0.0522,0.4,-0.1164,True,fuzzy_logic_fixed_snr,19.6505,0.8033
12,v2,v5,20.0,110.04,20.0,0.6,0.5502,0.4,-16.4818,True,fuzzy_logic_fixed_snr,3.096,0.1367
12,v2,v6,20.0,200.0,10.0,0.6,1.0,0.2,-19.2247,True,fuzzy_logic_fixed_snr,1.5551,0.115
12,v3,v4,20.0,70.06,0.0,0.6,0.3503,0.0,-9.5279,True,fuzzy_logic_fixed_snr,10.7262,0.2473
12,v3,v7,20.0,100.0,20.0,0.6,0.5,0.4,-15.817,True,fuzzy_logic_fixed_snr,3.6322,0.1266
12,v3,v8,20.0,120.04,20.0,0.6,0.6002,0.4,-17.086,True,fuzzy_logic_fixed_snr,2.6885,0.116
12,v3,v11,20.0,180.0,10.0,0.6,0.9,0.2,-18.4926,True,fuzzy_logic_fixed_snr,1.8871,0.1111
12,v4,v7,40.0,30.15,20.0,1.0,0.1507,0.4,12.5145,False,fuzzy_logic_fixed_snr,18.6521,0.9102
12,v4,v8,40.0,50.0,20.0,1.0,0.25,0.4,8.9995,False,fuzzy_logic_fixed_snr,15.1379,0.7912
12,v4,v3,40.0,70.06,0.0,1.0,0.3503,0.0,10.4721,False,fuzzy_logic_fixed_snr,16.6102,0.8314
12,v4,v11,40.0,110.04,10.0,1.0,0.5502,0.2,4.9269,False,fuzzy_logic_fixed_snr,11.0638,0.4455
12,v4,v12,40.0,180.0,10.0,1.0,0.9,0.2,1.5074,True,fuzzy_logic_fixed_snr,20.7475,0.84
13,v1,v2,40.0,30.15,10.0,1.0,0.1507,0.2,13.9232,False,fuzzy_logic_fixed_snr,20.0595,0.925
13,v1,v5,40.0,100.0,30.0,1.0,0.5,0.6,3.1835,True,fuzzy_logic_fixed_snr,21.7036,0.8656
13,v1,v6,40.0,180.02,0.0,1.0,0.9001,0.0,3.9147,True,fuzzy_logic_fixed_snr,22.0367,0.8695
13,v2,v1,20.0,30.15,10.0,0.6,0.1507,0.2,-6.0768,False,fuzzy_logic_fixed_snr,0.0639,0.1217
13,v2,v5,20.0,130.03,20.0,0.6,0.6502,0.4,-17.6419,True,fuzzy_logic_fixed_snr,2.3427,0.1258
13,v3,v4,20.0,70.06,10.0,0.6,0.3503,0.2,-11.9362,True,fuzzy_logic_fixed_snr,7.7976,0.1746
13,v3,v7,20.0,120.0,10.0,0.6,0.6,0.2,-15.6751,True,fuzzy_logic_fixed_snr,3.6948,0.1197
13,v3,v8,20.0,140.03,20.0,0.6,0.7002,0.4,-18.1566,True,fuzzy_logic_fixed_snr,2.0587,0.1184
13,v3,v11,20.0,190.0,10.0,0.6,0.95,0.2,-18.8683,True,fuzzy_logic_fixed_snr,1.728,0.1127
13,v4,v7,40.0,50.09,20.0,1.0,0.2504,0.4,8.987,False,fuzzy_logic_fixed_snr,15.1246,0.7887
13,v4,v8,40.0,70.0,10.0,1.0,0.35,0.2,8.0702,False,fuzzy_logic_fixed_snr,14.2072,0.708
13,v4,v3,40.0,70.06,10.0,1.0,0.3503,0.2,8.0638,False,fuzzy_logic_fixed_snr,14.2007,0.7205
13,v4,v11,40.0,120.04,0.0,1.0,0.6002,0.0,6.7309,False,fuzzy_logic_fixed_snr,12.8686,0.6006
13,v4,v12,40.0,170.0,0.0,1.0,0.85,0.0,4.3128,True,fuzzy_logic_fixed_snr,22.2275,0.8766
14,v1,v2,40.0,20.22,30.0,1.0,0.1011,0.6,14.2897,False,fuzzy_logic_fixed_snr,20.4254,0.926
14,v1,v5,40.0,130.0,30.0,1.0,0.65,0.6,1.3604,True,fuzzy_logic_fixed_snr,20.663,0.8279
14,v1,v6,40.0,180.02,40.0,1.0,0.9001,0.8,-1.6771,True,fuzzy_logic_fixed_snr,18.4692,0.7484
14,v2,v1,20.0,20.22,30.0,0.6,0.1011,0.6,-5.7103,True,fuzzy_logic_fixed_snr,14.7835,0.4859
14,v2,v5,20.0,150.03,0.0,0.6,0.7501,0.0,-14.8188,True,fuzzy_logic_fixed_snr,4.4448,0.1395
14,v2,v6,20.0,200.0,10.0,0.6,1.0,0.2,-19.2247,True,fuzzy_logic_fixed_snr,1.562,0.1086
14,v3,v4,20.0,80.06,10.0,0.6,0.4003,0.2,-12.8626,True,fuzzy_logic_fixed_snr,6.6078,0.1555
14,v3,v7,20.0,110.0,10.0,0.6,0.55,0.2,-15.0705,True,fuzzy_logic_fixed_snr,4.2317,0.1281
14,v3,v8,20.0,160.03,10.0,0.6,0.8001,0.2,-17.6754,True,fuzzy_logic_fixed_snr,2.3322,0.116
14,v3,v11,20.0,200.0,10.0,0.6,1.0,0.2,-19.2247,True,fuzzy_logic_fixed_snr,1.5475,0.0979
14,v4,v7,40.0,30.15,20.0,1.0,0.1507,0.4,12.5145,False,fuzzy_logic_fixed_snr,18.654,0.8945
14,v4,v8,40.0,80.0,0.0,1.0,0.4,0.0,9.5506,False,fuzzy_logic_fixed_snr,15.6889,0.7961
14,v4,v3,40.0,80.06,10.0,1.0,0.4003,0.2,7.1374,False,fuzzy_logic_fixed_snr,13.2738,0.6387
14,v4,v11,40.0,120.04,0.0,1.0,0.6002,0.0,6.7309,False,fuzzy_logic_fixed_snr,12.8684,0.6191
14,v4,v12,40.0,170.0,20.0,1.0,0.85,0.4,0.4958,True,fuzzy_logic_fixed_snr,20.0793,0.7984
15,v1,v2,40.0,50.09,20.0,1.0,0.2504,0.4,8.987,False,fuzzy_logic_fixed_snr,15.1236,0.7664
15,v1,v5,40.0,100.0,10.0,1.0,0.5,0.2,5.5918,False,fuzzy_logic_fixed_snr,11.7288,0.5127
15,v1,v6,40.0,140.03,10.0,1.0,0.7002,0.2,3.2521,False,fuzzy_logic_fixed_snr,9.3905,0.3289
15,v2,v1,20.0,50.09,20.0,0.6,0.2504,0.4,-11.013,True,fuzzy_logic_fixed_snr,8.9154,0.1998
15,v2,v5,20.0,150.03,10.0,0.6,0.7501,0.2,-17.2271,True,fuzzy_logic_fixed_snr,2.5851,0.1199
15,v2,v6,20.0,190.0,30.0,0.6,0.95,0.6,-21.2765,True,fuzzy_logic_fixed_snr,0.8495,0.1152
15,v3,v4,20.0,70.06,30.0,0.6,0.3503,0.6,-14.3444,True,fuzzy_logic_fixed_snr,4.9258,0.1453
15,v3,v7,20.0,120.0,20.0,0.6,0.6,0.4,-17.0839,True,fuzzy_logic_fixed_snr,2.6848,0.1254
15,v3,v8,20.0,150.03,10.0,0.6,0.7501,0.2,-17.2271,True,fuzzy_logic_fixed_snr,2.6125,0.1141
15,v3,v11,20.0,190.0,10.0,0.6,0.95,0.2,-18.8683,True,fuzzy_logic_fixed_snr,1.7149,0.1074
15,v4,v7,40.0,50.09,10.0,1.0,0.2504,0.2,10.3958,False,fuzzy_logic_fixed_snr,16.5322,0.8313
15,v4,v3,40.0,70.06,30.0,1.0,0.3503,0.6,5.6556,False,fuzzy_logic_fixed_snr,11.7951,0.5238
15,v4,v8,40.0,80.0,40.0,1.0,0.4,0.8,3.9588,True,fuzzy_logic_fixed_snr,22.0746,0.8756
15,v4,v11,40.0,120.04,40.0,1.0,0.6002,0.8,1.1392,True,fuzzy_logic_fixed_snr,20.5309,0.832
15,v4,v12,40.0,190.0,40.0,1.0,0.95,0.8,-2.0518,True,fuzzy_logic_fixed_snr,18.1377,0.7047
16,v1,v2,40.0,30.15,0.0,1.0,0.1507,0.0,16.3315,False,fuzzy_logic_fixed_snr,22.4687,0.9539
16,v1,v5,40.0,110.0,20.0,1.0,0.55,0.4,3.5207,False,fuzzy_logic_fixed_snr,9.6592,0.3451
16,v1,v6,40.0,130.03,10.0,1.0,0.6502,0.2,3.7668,False,fuzzy_logic_fixed_snr,9.9048,0.358
16,v2,v1,20.0,30.15,0.0,0.6,0.1507,0.0,-3.6685,False,fuzzy_logic_fixed_snr,2.4692,0.1369
16,v2,v5,20.0,140.03,20.0,0.6,0.7002,0.4,-18.1566,True,fuzzy_logic_fixed_snr,2.0581,0.1061
16,v2,v6,20.0,160.0,10.0,0.6,0.8,0.2,-17.6742,True,fuzzy_logic_fixed_snr,2.3186,0.1096
16,v3,v4,20.0,100.04,40.0,0.6,0.5002,0.8,-17.5949,True,fuzzy_logic_fixed_snr,2.3565,0.1242
16,v3,v7,20.0,140.0,0.0,0.6,0.7,0.0,-14.338,True,fuzzy_logic_fixed_snr,4.9438,0.1488
16,v3,v8,20.0,140.03,0.0,0.6,0.7002,0.0,-14.3396,True,fuzzy_logic_fixed_snr,4.9397,0.1371
16,v3,v11,20.0,180.0,10.0,0.6,0.9,0.2,-18.4926,True,fuzzy_logic_fixed_snr,1.8777,0.1066
16,v4,v8,40.0,40.0,40.0,1.0,0.2,0.8,8.7753,True,fuzzy_logic_fixed_snr,23.5941,0.901
16,v4,v7,40.0,40.11,40.0,1.0,0.2006,0.8,8.7558,True,fuzzy_logic_fixed_snr,23.5933,0.9195
16,v4,v11,40.0,80.06,30.0,1.0,0.4003,0.6,4.7292,False,fuzzy_logic_fixed_snr,10.8667,0.4434
16,v4,v3,40.0,100.04,40.0,1.0,0.5002,0.8,2.4051,True,fuzzy_logic_fixed_snr,21.2868,0.8406
16,v4,v12,40.0,150.0,40.0,1.0,0.75,0.8,-0.4092,True,fuzzy_logic_fixed_snr,19.438,0.768
17,v1,v2,40.0,30.15,40.0,1.0,0.1507,0.8,10.7397,True,fuzzy_logic_fixed_snr,23.918,0.9016
17,v1,v5,40.0,130.0,30.0,1.0,0.65,0.6,1.3604,True,fuzzy_logic_fixed_snr,20.6586,0.8334
17,v1,v6,40.0,140.03,40.0,1.0,0.7002,0.8,0.0686,True,fuzzy_logic_fixed_snr,19.7808,0.8004
17,v2,v1,20.0,30.15,40.0,0.6,0.1507,0.8,-9.2603,True,fuzzy_logic_fixed_snr,11.0196,0.2535
17,v2,v5,20.0,160.03,10.0,0.6,0.8001,0.2,-17.6754,True,fuzzy_logic_fixed_snr,2.3314,0.1053
17,v2,v6,20.0,170.0,0.0,0.6,0.85,0.0,-15.6872,True,fuzzy_logic_fixed_snr,3.7157,0.1232
17,v3,v4,20.0,60.07,0.0,0.6,0.3004,0.0,-8.4591,True,fuzzy_logic_fixed_snr,11.9473,0.2945
17,v3,v7,20.0,140.0,0.0,0.6,0.7,0.0,-14.338,True,fuzzy_logic_fixed_snr,4.9361,0.1414
17,v3,v8,20.0,140.03,10.0,0.6,0.7002,0.2,-16.7479,True,fuzzy_logic_fixed_snr,2.9074,0.1211
17,v3,v11,20.0,170.0,20.0,0.6,0.85,0.4,-19.5042,True,fuzzy_logic_fixed_snr,1.4437,0.1127
17,v4,v3,40.0,60.07,0.0,1.0,0.3004,0.0,11.5409,False,fuzzy_logic_fixed_snr,17.6786,0.8779
17,v4,v8,40.0,80.0,10.0,1.0,0.4,0.2,7.1423,False,fuzzy_logic_fixed_snr,13.2804,0.649
17,v4,v7,40.0,80.06,0.0,1.0,0.4003,0.0,9.5457,False,fuzzy_logic_fixed_snr,15.6843,0.8086
17,v4,v11,40.0,110.04,20.0,1.0,0.5502,0.4,3.5182,False,fuzzy_logic_fixed_snr,9.6551,0.3436
17,v4,v12,40.0,190.0,0.0,1.0,0.95,0.0,3.5399,True,fuzzy_logic_fixed_snr,21.8767,0.8605
18,v1,v2,40.0,70.06,10.0,1.0,0.3503,0.2,8.0638,False,fuzzy_logic_fixed_snr,14.2007,0.7084
18,v1,v5,40.0,100.0,30.0,1.0,0.5,0.6,3.1835,True,fuzzy_logic_fixed_snr,21.688,0.8721
18,v1,v6,40.0,100.04,40.0,1.0,0.5002,0.8,2.4051,True,fuzzy_logic_fixed_snr,21.2669,0.851
18,v2,v1,20.0,70.06,10.0,0.6,0.3503,0.2,-11.9362,True,fuzzy_logic_fixed_snr,7.7899,0.1629
18,v2,v6,20.0,170.0,30.0,0.6,0.85,0.6,-20.5037,True,fuzzy_logic_fixed_snr,1.0716,0.0895
18,v2,v5,20.0,170.03,20.0,0.6,0.8501,0.4,-19.5052,True,fuzzy_logic_fixed_snr,1.4452,0.1111
18,v3,v4,20.0,60.07,10.0,0.6,0.3004,0.2,-10.8673,True,fuzzy_logic_fixed_snr,9.1063,0.199
18,v3,v8,20.0,130.03,0.0,0.6,0.6502,0.0,-13.8249,True,fuzzy_logic_fixed_snr,5.5068,0.1486
18,v3,v7,20.0,140.0,20.0,0.6,0.7,0.4,-18.155,True,fuzzy_logic_fixed_snr,2.0835,0.1137
18,v3,v11,20.0,150.0,10.0,0.6,0.75,0.2,-17.2257,True,fuzzy_logic_fixed_snr,2.6047,0.1131
18,v4,v3,40.0,60.07,10.0,1.0,0.3004,0.2,9.1327,False,fuzzy_logic_fixed_snr,15.2715,0.7861
18,v4,v8,40.0,70.0,10.0,1.0,0.35,0.2,8.0702,False,fuzzy_logic_fixed_snr,14.2085,0.7195
18,v4,v7,40.0,80.06,10.0,1.0,0.4003,0.2,7.1374,False,fuzzy_logic_fixed_snr,13.2748,0.6406
18,v4,v11,40.0,90.05,0.0,1.0,0.4502,0.0,8.7283,False,fuzzy_logic_fixed_snr,14.8679,0.7563
18,v4,v12,40.0,190.0,30.0,1.0,0.95,0.6,-1.2765,True,fuzzy_logic_fixed_snr,18.7747,0.7568
19,v1,v2,40.0,60.07,20.0,1.0,0.3004,0.4,7.7239,False,fuzzy_logic_fixed_snr,13.8618,0.6922
19,v1,v5,40.0,130.0,0.0,1.0,0.65,0.0,6.1769,False,fuzzy_logic_fixed_snr,12.3139,0.5729
19,v1,v6,40.0,140.03,10.0,1.0,0.7002,0.2,3.2521,False,fuzzy_logic_fixed_snr,9.3889,0.3281
19,v2,v1,20.0,60.07,20.0,0.6,0.3004,0.4,-12.2761,True,fuzzy_logic_fixed_snr,7.338,0.1723
19,v2,v5,20.0,190.02,20.0,0.6,0.9501,0.4,-20.2779,True,fuzzy_logic_fixed_snr,1.1456,0.1043
19,v2,v6,20.0,200.0,30.0,0.6,1.0,0.6,-21.633,True,fuzzy_logic_fixed_snr,0.7645,0.1096
19,v3,v4,20.0,50.09,30.0,0.6,0.2504,0.6,-12.0125,True,fuzzy_logic_fixed_snr,7.6828,0.1549
19,v3,v7,20.0,120.0,30.0,0.6,0.6,0.6,-18.0834,True,fuzzy_logic_fixed_snr,2.0831,0.1146
19,v3,v8,20.0,130.03,0.0,0.6,0.6502,0.0,-13.8249,True,fuzzy_logic_fixed_snr,5.5047,0.1355
19,v3,v11,20.0,140.0,0.0,0.6,0.7,0.0,-14.338,True,fuzzy_logic_fixed_snr,4.9534,0.1463
19,v4,v3,40.0,50.09,30.0,1.0,0.2504,0.6,7.9875,False,fuzzy_logic_fixed_snr,14.1244,0.7084
19,v4,v7,40.0,70.06,0.0,1.0,0.3503,0.0,10.4721,False,fuzzy_logic_fixed_snr,16.61,0.8375
19,v4,v8,40.0,80.0,30.0,1.0,0.4,0.6,4.7341,False,fuzzy_logic_fixed_snr,10.873,0.4377
19,v4,v11,40.0,90.05,30.0,1.0,0.4502,0.6,3.9118,True,fuzzy_logic_fixed_snr,22.0528,0.8838
19,v4,v12,40.0,160.0,20.0,1.0,0.8,0.4,0.9171,True,fuzzy_logic_fixed_snr,20.3628,0.8156
20,v1,v2,40.0,40.11,0.0,1.0,0.2006,0.0,14.3476,False,fuzzy_logic_fixed_snr,20.4848,0.9305
20,v1,v5,40.0,130.0,30.0,1.0,0.65,0.6,1.3604,True,fuzzy_logic_fixed_snr,20.6442,0.8385
20,v1,v6,40.0,130.03,30.0,1.0,0.6502,0.6,1.3586,True,fuzzy_logic_fixed_snr,20.665,0.8268
20,v2,v1,20.0,40.11,0.0,0.6,0.2006,0.0,-5.6524,False,fuzzy_logic_fixed_snr,0.4835,0.1275
20,v2,v6,20.0,170.0,30.0,0.6,0.85,0.6,-20.5037,True,fuzzy_logic_fixed_snr,1.0739,0.1135
20,v2,v5,20.0,170.03,30.0,0.6,0.8501,0.6,-20.5047,True,fuzzy_logic_fixed_snr,1.0877,0.1135
20,v3,v4,20.0,80.06,30.0,0.6,0.4003,0.6,-15.2708,True,fuzzy_logic_fixed_snr,4.0712,0.1219
20,v3,v8,20.0,130.03,10.0,0.6,0.6502,0.2,-16.2332,True,fuzzy_logic_fixed_snr,3.2782,0.1248
20,v3,v11,20.0,140.0,20.0,0.6,0.7,0.4,-18.155,True,fuzzy_logic_fixed_snr,2.0531,0.1203
20,v3,v7,20.0,150.0,0.0,0.6,0.75,0.0,-14.8175,True,fuzzy_logic_fixed_snr,4.4733,0.1447
20,v4,v8,40.0,50.0,20.0,1.0,0.25,0.4,8.9995,False,fuzzy_logic_fixed_snr,15.1375,0.7758
20,v4,v11,40.0,60.07,10.0,1.0,0.3004,0.2,9.1327,False,fuzzy_logic_fixed_snr,15.2694,0.7885
20,v4,v7,40.0,70.06,30.0,1.0,0.3503,0.6,5.6556,False,fuzzy_logic_fixed_snr,11.7934,0.5186
20,v4,v3,40.0,80.06,30.0,1.0,0.4003,0.6,4.7292,False,fuzzy_logic_fixed_snr,10.8663,0.4439
20,v4,v12,40.0,140.0,10.0,1.0,0.7,0.2,3.2537,False,fuzzy_logic_fixed_snr,9.3914,0.3252
21,v1,v2,40.0,40.11,30.0,1.0,0.2006,0.6,9.5311,False,fuzzy_logic_fixed_snr,15.6658,0.7984
21,v1,v5,40.0,160.0,0.0,1.0,0.8,0.0,4.7341,True,fuzzy_logic_fixed_snr,22.4099,0.8854
21,v1,v6,40.0,160.03,40.0,1.0,0.8001,0.8,-0.8589,True,fuzzy_logic_fixed_snr,19.0969,0.7697
21,v2,v1,20.0,40.11,30.0,0.6,0.2006,0.6,-10.4689,True,fuzzy_logic_fixed_snr,9.6295,0.2084
21,v2,v6,20.0,200.0,10.0,0.6,1.0,0.2,-19.2247,True,fuzzy_logic_fixed_snr,1.535,0.126
21,v3,v4,20.0,110.04,40.0,0.6,0.5502,0.8,-18.2566,True,fuzzy_logic_fixed_snr,2.0149,0.1082
21,v3,v8,20.0,140.03,40.0,0.6,0.7002,0.8,-19.9314,True,fuzzy_logic_fixed_snr,1.2872,0.1033
21,v3,v7,20.0,150.0,40.0,0.6,0.75,0.8,-20.4092,True,fuzzy_logic_fixed_snr,1.1079,0.1178
21,v3,v11,20.0,160.0,10.0,0.6,0.8,0.2,-17.6742,True,fuzzy_logic_fixed_snr,2.3355,0.1063
21,v4,v8,40.0,30.0,0.0,1.0,0.15,0.0,16.3661,False,fuzzy_logic_fixed_snr,22.5046,0.9564
21,v4,v7,40.0,40.11,0.0,1.0,0.2006,0.0,14.3476,False,fuzzy_logic_fixed_snr,20.4835,0.9338
21,v4,v11,40.0,50.09,30.0,1.0,0.2504,0.6,7.9875,False,fuzzy_logic_fixed_snr,14.1238,0.7158
21,v4,v3,40.0,110.04,40.0,1.0,0.5502,0.8,1.7434,True,fuzzy_logic_fixed_snr,20.8623,0.8457
21,v4,v12,40.0,130.0,30.0,1.0,0.65,0.6,1.3604,True,fuzzy_logic_fixed_snr,20.6428,0.8396
22,v1,v2,40.0,70.06,10.0,1.0,0.3503,0.2,8.0638,False,fuzzy_logic_fixed_snr,14.2004,0.7156
22,v1,v6,40.0,120.04,10.0,1.0,0.6002,0.2,4.3227,False,fuzzy_logic_fixed_snr,10.4621,0.3996
22,v1,v5,40.0,160.0,20.0,1.0,0.8,0.4,0.9171,True,fuzzy_logic_fixed_snr,20.3529,0.8117
22,v2,v1,20.0,70.06,10.0,0.6,0.3503,0.2,-11.9362,True,fuzzy_logic_fixed_snr,7.7999,0.1752
22,v2,v6,20.0,190.0,0.0,0.6,0.95,0.0,-16.4601,True,fuzzy_logic_fixed_snr,3.1026,0.1287
22,v3,v4,20.0,150.03,10.0,0.6,0.7501,0.2,-17.2271,True,fuzzy_logic_fixed_snr,2.603,0.1186
22,v3,v11,20.0,170.0,20.0,0.6,0.85,0.4,-19.5042,True,fuzzy_logic_fixed_snr,1.4303,0.1041
22,v3,v8,20.0,180.02,10.0,0.6,0.9001,0.2,-18.4936,True,fuzzy_logic_fixed_snr,1.8875,0.1072
22,v3,v7,20.0,190.0,10.0,0.6,0.95,0.2,-18.8683,True,fuzzy_logic_fixed_snr,1.7109,0.1197
22,v4,v11,40.0,20.22,30.0,1.0,0.1011,0.6,14.2897,False,fuzzy_logic_fixed_snr,20.4265,0.9338
22,v4,v8,40.0,30.0,20.0,1.0,0.15,0.4,12.5491,False,fuzzy_logic_fixed_snr,18.6877,0.9064
22,v4,v7,40.0,40.11,20.0,1.0,0.2006,0.4,10.5306,False,fuzzy_logic_fixed_snr,16.667,0.8398
22,v4,v12,40.0,100.0,10.0,1.0,0.5,0.2,5.5918,False,fuzzy_logic_fixed_snr,11.7304,0.5131
22,v4,v3,40.0,150.03,10.0,1.0,0.7501,0.2,2.7729,False,fuzzy_logic_fixed_snr,8.91,0.2938
23,v1,v2,40.0,80.06,30.0,1.0,0.4003,0.6,4.7292,False,fuzzy_logic_fixed_snr,10.8651,0.4334
23,v1,v6,40.0,110.04,30.0,1.0,0.5502,0.6,2.5187,True,fuzzy_logic_fixed_snr,21.3393,0.8438
23,v1,v5,40.0,140.0,40.0,1.0,0.7,0.8,0.0702,True,fuzzy_logic_fixed_snr,19.7844,0.8039
23,v2,v1,20.0,80.06,30.0,0.6,0.4003,0.6,-15.2708,True,fuzzy_logic_fixed_snr,4.0633,0.1365
23,v2,v6,20.0,190.0,0.0,0.6,0.95,0.0,-16.4601,True,fuzzy_logic_fixed_snr,3.097,0.1109
23,v3,v4,20.0,140.03,40.0,0.6,0.7002,0.8,-19.9314,True,fuzzy_logic_fixed_snr,1.2688,0.1063
23,v3,v11,20.0,190.0,30.0,0.6,0.95,0.6,-21.2765,True,fuzzy_logic_fixed_snr,0.8493,0.0994
23,v3,v8,20.0,190.02,40.0,0.6,0.9501,0.8,-22.0527,True,fuzzy_logic_fixed_snr,0.6317,0.1125
23,v3,v7,20.0,200.0,0.0,0.6,1.0,0.0,-16.8165,True,fuzzy_logic_fixed_snr,2.87,0.1203
23,v4,v8,40.0,50.0,0.0,1.0,0.25,0.0,12.8165,False,fuzzy_logic_fixed_snr,18.9514,0.9107
23,v4,v11,40.0,50.09,10.0,1.0,0.2504,0.2,10.3958,False,fuzzy_logic_fixed_snr,16.5363,0.8441
23,v4,v7,40.0,60.07,40.0,1.0,0.3004,0.8,5.9491,True,fuzzy_logic_fixed_snr,22.842,0.8893
23,v4,v12,40.0,90.0,40.0,1.0,0.45,0.8,3.1404,True,fuzzy_logic_fixed_snr,21.6825,0.8658
23,v4,v3,40.0,140.03,40.0,1.0,0.7002,0.8,0.0686,True,fuzzy_logic_fixed_snr,19.7977,0.7973
24,v1,v2,40.0,50.09,0.0,1.0,0.2504,0.0,12.804,False,fuzzy_logic_fixed_snr,18.9429,0.9084
24,v1,v6,40.0,140.03,30.0,1.0,0.7002,0.6,0.8439,True,fuzzy_logic_fixed_snr,20.3218,0.8287
24,v1,v5,40.0,180.0,20.0,1.0,0.9,0.4,0.0987,True,fuzzy_logic_fixed_snr,19.7986,0.7787
24,v2,v1,20.0,50.09,0.0,0.6,0.2504,0.0,-7.196,False,fuzzy_logic_fixed_snr,-1.0584,0.1188
24,v2,v6,20.0,190.0,30.0,0.6,0.95,0.6,-21.2765,True,fuzzy_logic_fixed_snr,0.8378,0.1098
24,v3,v4,20.0,100.04,20.0,0.6,0.5002,0.4,-15.8201,True,fuzzy_logic_fixed_snr,3.5989,0.118
24,v3,v8,20.0,150.03,30.0,0.6,0.7501,0.6,-19.6353,True,fuzzy_logic_fixed_snr,1.3665,0.1127
24,v3,v11,20.0,160.0,30.0,0.6,0.8,0.6,-20.0824,True,fuzzy_logic_fixed_snr,1.2306,0.1135
24,v3,v7,20.0,200.0,20.0,0.6,1.0,0.4,-20.6334,True,fuzzy_logic_fixed_snr,1.0424,0.1195
24,v4,v8,40.0,50.0,10.0,1.0,0.25,0.2,10.4082,False,fuzzy_logic_fixed_snr,16.5434,0.8488
24,v4,v11,40.0,60.07,10.0,1.0,0.3004,0.2,9.1327,False,fuzzy_logic_fixed_snr,15.2703,0.775
24,v4,v3,40.0,100.04,20.0,1.0,0.5002,0.4,4.1799,False,fuzzy_logic_fixed_snr,10.3182,0.4033
24,v4,v7,40.0,100.04,0.0,1.0,0.5002,0.0,7.9969,False,fuzzy_logic_fixed_snr,14.1364,0.7168
24,v4,v12,40.0,130.0,0.0,1.0,0.65,0.0,6.1769,False,fuzzy_logic_fixed_snr,12.3167,0.5604
25,v1,v2,40.0,50.09,40.0,1.0,0.2504,0.8,7.2122,True,fuzzy_logic_fixed_snr,23.2411,0.8953
25,v1,v6,40.0,170.03,10.0,1.0,0.8501,0.2,1.9035,True,fuzzy_logic_fixed_snr,20.9996,0.8438
25,v1,v5,40.0,200.0,20.0,1.0,1.0,0.4,-0.6334,True,fuzzy_logic_fixed_snr,19.257,0.7588
25,v2,v1,20.0,50.09,40.0,0.6,0.2504,0.8,-12.7878,True,fuzzy_logic_fixed_snr,6.708,0.1705
25,v3,v4,20.0,120.04,30.0,0.6,0.6002,0.6,-18.0856,True,fuzzy_logic_fixed_snr,2.0913,0.1141
25,v3,v8,20.0,180.02,10.0,0.6,0.9001,0.2,-18.4936,True,fuzzy_logic_fixed_snr,1.9027,0.1201
25,v3,v11,20.0,190.0,10.0,0.6,0.95,0.2,-18.8683,True,fuzzy_logic_fixed_snr,1.6927,0.1158
25,v4,v8,40.0,60.0,40.0,1.0,0.3,0.8,5.9578,True,fuzzy_logic_fixed_snr,22.8581,0.8885
25,v4,v11,40.0,70.06,20.0,1.0,0.3503,0.4,6.6551,False,fuzzy_logic_fixed_snr,12.793,0.6025
25,v4,v7,40.0,100.04,20.0,1.0,0.5002,0.4,4.1799,False,fuzzy_logic_fixed_snr,10.3197,0.4021
25,v4,v3,40.0,120.04,30.0,1.0,0.6002,0.6,1.9144,True,fuzzy_logic_fixed_snr,20.9835,0.843
25,v4,v12,40.0,130.0,30.0,1.0,0.65,0.6,1.3604,True,fuzzy_logic_fixed_snr,20.6429,0.8111
26,v1,v2,40.0,90.05,10.0,1.0,0.4502,0.2,6.32,False,fuzzy_logic_fixed_snr,12.4584,0.5779
26,v1,v6,40.0,160.03,40.0,1.0,0.8001,0.8,-0.8589,True,fuzzy_logic_fixed_snr,19.0758,0.7742
26,v1,v5,40.0,180.0,0.0,1.0,0.9,0.0,3.9156,True,fuzzy_logic_fixed_snr,22.0431,0.8877
26,v2,v1,20.0,90.05,10.0,0.6,0.4502,0.2,-13.68,True,fuzzy_logic_fixed_snr,5.6651,0.143
26,v3,v4,20.0,90.05,20.0,0.6,0.4502,0.4,-15.0887,True,fuzzy_logic_fixed_snr,4.2513,0.1322
26,v3,v11,20.0,180.0,10.0,0.6,0.9,0.2,-18.4926,True,fuzzy_logic_fixed_snr,1.8861,0.1199
26,v3,v8,20.0,190.02,0.0,0.6,0.9501,0.0,-16.4609,True,fuzzy_logic_fixed_snr,3.0935,0.1367
26,v4,v3,40.0,90.05,20.0,1.0,0.4502,0.4,4.9113,False,fuzzy_logic_fixed_snr,11.049,0.4545
26,v4,v11,40.0,90.05,10.0,1.0,0.4502,0.2,6.32,False,fuzzy_logic_fixed_snr,12.4564,0.5926
26,v4,v8,40.0,100.0,20.0,1.0,0.5,0.4,4.183,False,fuzzy_logic_fixed_snr,10.3212,0.3926
26,v4,v7,40.0,120.04,10.0,1.0,0.6002,0.2,4.3227,False,fuzzy_logic_fixed_snr,10.462,0.4234
26,v4,v12,40.0,160.0,20.0,1.0,0.8,0.4,0.9171,True,fuzzy_logic_fixed_snr,20.3653,0.8258
27,v1,v2,40.0,100.04,20.0,1.0,0.5002,0.4,4.1799,False,fuzzy_logic_fixed_snr,10.3178,0.3869
27,v1,v6,40.0,120.04,0.0,1.0,0.6002,0.0,6.7309,False,fuzzy_logic_fixed_snr,12.8678,0.6125
27,v1,v5,40.0,180.0,10.0,1.0,0.9,0.2,1.5074,True,fuzzy_logic_fixed_snr,20.7342,0.8395
27,v2,v1,20.0,100.04,20.0,0.6,0.5002,0.4,-15.8201,True,fuzzy_logic_fixed_snr,3.6078,0.1273
27,v3,v4,20.0,110.04,20.0,0.6,0.5502,0.4,-16.4818,True,fuzzy_logic_fixed_snr,3.0963,0.1277
27,v3,v11,20.0,190.0,40.0,0.6,0.95,0.8,-22.0518,True,fuzzy_logic_fixed_snr,0.6456,0.0953
27,v3,v8,20.0,190.02,30.0,0.6,0.9501,0.6,-21.2774,True,fuzzy_logic_fixed_snr,0.837,0.1057
27,v4,v8,40.0,80.0,10.0,1.0,0.4,0.2,7.1423,False,fuzzy_logic_fixed_snr,13.2781,0.65
27,v4,v11,40.0,80.06,20.0,1.0,0.4003,0.4,5.7287,False,fuzzy_logic_fixed_snr,11.8685,0.5184
27,v4,v3,40.0,110.04,20.0,1.0,0.5502,0.4,3.5182,False,fuzzy_logic_fixed_snr,9.6566,0.3418
27,v4,v7,40.0,110.04,10.0,1.0,0.5502,0.2,4.9269,False,fuzzy_logic_fixed_snr,11.0645,0.4607
27,v4,v12,40.0,140.0,20.0,1.0,0.7,0.4,1.845,True,fuzzy_logic_fixed_snr,20.9504,0.8617
28,v1,v2,40.0,80.06,20.0,1.0,0.4003,0.4,5.7287,False,fuzzy_logic_fixed_snr,11.8655,0.516
28,v1,v6,40.0,120.04,10.0,1.0,0.6002,0.2,4.3227,False,fuzzy_logic_fixed_snr,10.4612,0.3998
28,v1,v5,40.0,190.0,10.0,1.0,0.95,0.2,1.1317,True,fuzzy_logic_fixed_snr,20.4795,0.8201
28,v2,v1,20.0,80.06,20.0,0.6,0.4003,0.4,-14.2713,True,fuzzy_logic_fixed_snr,5.0284,0.1174
28,v2,v6,20.0,200.0,10.0,0.6,1.0,0.2,-19.2247,True,fuzzy_logic_fixed_snr,1.5795,0.1074
28,v3,v4,20.0,90.05,10.0,0.6,0.4502,0.2,-13.68,True,fuzzy_logic_fixed_snr,5.6568,0.133
28,v3,v11,20.0,150.0,10.0,0.6,0.75,0.2,-17.2257,True,fuzzy_logic_fixed_snr,2.5852,0.1203
28,v3,v8,20.0,160.03,10.0,0.6,0.8001,0.2,-17.6754,True,fuzzy_logic_fixed_snr,2.3274,0.1002
28,v4,v11,40.0,60.07,0.0,1.0,0.3004,0.0,11.5409,False,fuzzy_logic_fixed_snr,17.6797,0.882
28,v4,v8,40.0,70.0,20.0,1.0,0.35,0.4,6.6615,False,fuzzy_logic_fixed_snr,12.7978,0.6059
28,v4,v3,40.0,90.05,10.0,1.0,0.4502,0.2,6.32,False,fuzzy_logic_fixed_snr,12.4585,0.5875
28,v4,v7,40.0,120.04,0.0,1.0,0.6002,0.0,6.7309,False,fuzzy_logic_fixed_snr,12.8708,0.6266
28,v4,v12,40.0,160.0,20.0,1.0,0.8,0.4,0.9171,True,fuzzy_logic_fixed_snr,20.3831,0.8201
29,v1,v2,40.0,100.04,10.0,1.0,0.5002,0.2,5.5886,False,fuzzy_logic_fixed_snr,11.7268,0.5285
29,v1,v6,40.0,110.04,20.0,1.0,0.5502,0.4,3.5182,False,fuzzy_logic_fixed_snr,9.6544,0.3521
29,v1,v5,40.0,180.0,10.0,1.0,0.9,0.2,1.5074,True,fuzzy_logic_fixed_snr,20.7466,0.825
29,v2,v1,20.0,100.04,10.0,0.6,0.5002,0.2,-14.4114,True,fuzzy_logic_fixed_snr,4.8754,0.1262
29,v3,v4,20.0,100.04,10.0,0.6,0.5002,0.2,-14.4114,True,fuzzy_logic_fixed_snr,4.8434,0.1289
29,v3,v8,20.0,150.03,20.0,0.6,0.7501,0.4,-18.6358,True,fuzzy_logic_fixed_snr,1.8168,0.1133
29,v3,v11,20.0,160.0,10.0,0.6,0.8,0.2,-17.6742,True,fuzzy_logic_fixed_snr,2.3077,0.1188
29,v4,v8,40.0,50.0,30.0,1.0,0.25,0.6,8.0,False,fuzzy_logic_fixed_snr,14.1382,0.7107
29,v4,v11,40.0,60.07,0.0,1.0,0.3004,0.0,11.5409,False,fuzzy_logic_fixed_snr,17.6771,0.873
29,v4,v3,40.0,100.04,10.0,1.0,0.5002,0.2,5.5886,False,fuzzy_logic_fixed_snr,11.7265,0.5104
29,v4,v7,40.0,120.04,20.0,1.0,0.6002,0.4,2.914,False,fuzzy_logic_fixed_snr,9.0529,0.3057
29,v4,v12,40.0,140.0,20.0,1.0,0.7,0.4,1.845,True,fuzzy_logic_fixed_snr,20.9256,0.8451
30,v1,v6,40.0,90.05,10.0,1.0,0.4502,0.2,6.32,False,fuzzy_logic_fixed_snr,12.4577,0.5908
30,v1,v2,40.0,110.04,10.0,1.0,0.5502,0.2,4.9269,False,fuzzy_logic_fixed_snr,11.066,0.4584
30,v1,v5,40.0,170.0,10.0,1.0,0.85,0.2,1.9046,True,fuzzy_logic_fixed_snr,20.9754,0.8441
30,v2,v1,20.0,110.04,10.0,0.6,0.5502,0.2,-15.0731,True,fuzzy_logic_fixed_snr,4.2436,0.1475
30,v2,v6,20.0,200.0,0.0,0.6,1.0,0.0,-16.8165,True,fuzzy_logic_fixed_snr,2.8684,0.1225
30,v3,v4,20.0,90.05,20.0,0.6,0.4502,0.4,-15.0887,True,fuzzy_logic_fixed_snr,4.231,0.1416
30,v3,v11,20.0,150.0,20.0,0.6,0.75,0.4,-18.6344,True,fuzzy_logic_fixed_snr,1.8237,0.1145
30,v3,v8,20.0,170.03,10.0,0.6,0.8501,0.2,-18.0965,True,fuzzy_logic_fixed_snr,2.0855,0.1164
30,v4,v11,40.0,60.07,0.0,1.0,0.3004,0.0,11.5409,False,fuzzy_logic_fixed_snr,17.6783,0.8848
30,v4,v8,40.0,80.0,30.0,1.0,0.4,0.6,4.7341,False,fuzzy_logic_fixed_snr,10.8712,0.4377
30,v4,v3,40.0,90.05,20.0,1.0,0.4502,0.4,4.9113,False,fuzzy_logic_fixed_snr,11.0497,0.4627
30,v4,v7,40.0,140.03,40.0,1.0,0.7002,0.8,0.0686,True,fuzzy_logic_fixed_snr,19.7996,0.8049
30,v4,v12,40.0,160.0,0.0,1.0,0.8,0.0,4.7341,True,fuzzy_logic_fixed_snr,22.3884,0.8797
31,v1,v2,40.0,100.04,0.0,1.0,0.5002,0.0,7.9969,False,fuzzy_logic_fixed_snr,14.1337,0.6996
31,v1,v6,40.0,100.04,20.0,1.0,0.5002,0.4,4.1799,False,fuzzy_logic_fixed_snr,10.317,0.393
31,v1,v5,40.0,180.0,20.0,1.0,0.9,0.4,0.0987,True,fuzzy_logic_fixed_snr,19.8105,0.7949
31,v2,v1,20.0,100.04,0.0,0.6,0.5002,0.0,-12.0031,True,fuzzy_logic_fixed_snr,7.6954,0.1783
31,v2,v6,20.0,200.0,20.0,0.6,1.0,0.4,-20.6334,True,fuzzy_logic_fixed_snr,1.0382,0.1273
31,v3,v4,20.0,110.04,10.0,0.6,0.5502,0.2,-15.0731,True,fuzzy_logic_fixed_snr,4.2294,0.1268
31,v3,v8,20.0,160.03,10.0,0.6,0.8001,0.2,-17.6754,True,fuzzy_logic_fixed_snr,2.3322,0.1178
31,v3,v11,20.0,170.0,30.0,0.6,0.85,0.6,-20.5037,True,fuzzy_logic_fixed_snr,1.1085,0.0891
31,v4,v8,40.0,50.0,0.0,1.0,0.25,0.0,12.8165,False,fuzzy_logic_fixed_snr,18.9551,0.9064
31,v4,v11,40.0,60.07,40.0,1.0,0.3004,0.8,5.9491,True,fuzzy_logic_fixed_snr,22.8651,0.882
31,v4,v7,40.0,100.04,10.0,1.0,0.5002,0.2,5.5886,False,fuzzy_logic_fixed_snr,11.7236,0.5184
31,v4,v3,40.0,110.04,10.0,1.0,0.5502,0.2,4.9269,False,fuzzy_logic_fixed_snr,11.0661,0.4521
31,v4,v12,40.0,160.0,10.0,1.0,0.8,0.2,2.3258,True,fuzzy_logic_fixed_snr,21.2376,0.8439
32,v1,v2,40.0,100.04,20.0,1.0,0.5002,0.4,4.1799,False,fuzzy_logic_fixed_snr,10.3186,0.3982
32,v1,v6,40.0,120.04,20.0,1.0,0.6002,0.4,2.914,False,fuzzy_logic_fixed_snr,9.053,0.3037
32,v1,v5,40.0,160.0,0.0,1.0,0.8,0.0,4.7341,True,fuzzy_logic_fixed_snr,22.3787,0.8709
32,v2,v1,20.0,100.04,20.0,0.6,0.5002,0.4,-15.8201,True,fuzzy_logic_fixed_snr,3.5908,0.1119
32,v3,v4,20.0,100.04,20.0,0.6,0.5002,0.4,-15.8201,True,fuzzy_logic_fixed_snr,3.6141,0.1189
32,v3,v8,20.0,150.03,20.0,0.6,0.7501,0.4,-18.6358,True,fuzzy_logic_fixed_snr,1.8161,0.1086
32,v3,v11,20.0,200.0,40.0,0.6,1.0,0.8,-22.4082,True,fuzzy_logic_fixed_snr,0.5596,0.1129
32,v4,v8,40.0,50.0,0.0,1.0,0.25,0.0,12.8165,False,fuzzy_logic_fixed_snr,18.9564,0.9104
32,v4,v3,40.0,100.04,20.0,1.0,0.5002,0.4,4.1799,False,fuzzy_logic_fixed_snr,10.3174,0.3873
32,v4,v11,40.0,100.04,20.0,1.0,0.5002,0.4,4.1799,False,fuzzy_logic_fixed_snr,10.3175,0.3906
32,v4,v7,40.0,110.04,10.0,1.0,0.5502,0.2,4.9269,False,fuzzy_logic_fixed_snr,11.064,0.4498
32,v4,v12,40.0,170.0,10.0,1.0,0.85,0.2,1.9046,True,fuzzy_logic_fixed_snr,20.9616,0.8326
33,v1,v2,40.0,80.06,40.0,1.0,0.4003,0.8,3.9539,True,fuzzy_logic_fixed_snr,22.0559,0.8725
33,v1,v6,40.0,140.03,10.0,1.0,0.7002,0.2,3.2521,False,fuzzy_logic_fixed_snr,9.3899,0.334
33,v1,v5,40.0,160.0,30.0,1.0,0.8,0.6,-0.0824,True,fuzzy_logic_fixed_snr,19.6597,0.7945
33,v2,v1,20.0,80.06,40.0,0.6,0.4003,0.8,-16.0461,True,fuzzy_logic_fixed_snr,3.4337,0.1289
33,v3,v4,20.0,80.06,0.0,0.6,0.4003,0.0,-10.4543,True,fuzzy_logic_fixed_snr,9.6237,0.2293
33,v3,v8,20.0,130.03,20.0,0.6,0.6502,0.4,-17.6419,True,fuzzy_logic_fixed_snr,2.3278,0.1129
33,v3,v11,20.0,160.0,10.0,0.6,0.8,0.2,-17.6742,True,fuzzy_logic_fixed_snr,2.3421,0.1057
33,v3,v7,20.0,180.0,20.0,0.6,0.9,0.4,-19.9013,True,fuzzy_logic_fixed_snr,1.2957,0.1125
33,v4,v8,40.0,50.0,20.0,1.0,0.25,0.4,8.9995,False,fuzzy_logic_fixed_snr,15.1378,0.7635
33,v4,v3,40.0,80.06,0.0,1.0,0.4003,0.0,9.5457,False,fuzzy_logic_fixed_snr,15.6824,0.807
33,v4,v11,40.0,80.06,10.0,1.0,0.4003,0.2,7.1374,False,fuzzy_logic_fixed_snr,13.2758,0.6443
33,v4,v7,40.0,100.04,20.0,1.0,0.5002,0.4,4.1799,False,fuzzy_logic_fixed_snr,10.3151,0.3816
33,v4,v12,40.0,180.0,10.0,1.0,0.9,0.2,1.5074,True,fuzzy_logic_fixed_snr,20.722,0.8299
34,v1,v2,40.0,40.11,20.0,1.0,0.2006,0.4,10.5306,False,fuzzy_logic_fixed_snr,16.6669,0.8447
34,v1,v6,40.0,150.03,10.0,1.0,0.7501,0.2,2.7729,False,fuzzy_logic_fixed_snr,8.9105,0.2959
34,v1,v5,40.0,190.0,10.0,1.0,0.95,0.2,1.1317,True,fuzzy_logic_fixed_snr,20.5326,0.8301
34,v2,v1,20.0,40.11,20.0,0.6,0.2006,0.4,-9.4694,True,fuzzy_logic_fixed_snr,10.804,0.2611
34,v2,v6,20.0,190.0,10.0,0.6,0.95,0.2,-18.8683,True,fuzzy_logic_fixed_snr,1.7369,0.117
34,v3,v4,20.0,80.06,10.0,0.6,0.4003,0.2,-12.8626,True,fuzzy_logic_fixed_snr,6.5936,0.157
34,v3,v8,20.0,110.04,10.0,0.6,0.5502,0.2,-15.0731,True,fuzzy_logic_fixed_snr,4.2312,0.1346
34,v3,v11,20.0,150.0,20.0,0.6,0.75,0.4,-18.6344,True,fuzzy_logic_fixed_snr,1.8172,0.1156
34,v3,v7,20.0,160.0,0.0,0.6,0.8,0.0,-15.2659,True,fuzzy_logic_fixed_snr,4.0619,0.1107
34,v4,v8,40.0,30.0,20.0,1.0,0.15,0.4,12.5491,False,fuzzy_logic_fixed_snr,18.6881,0.8965
34,v4,v11,40.0,70.06,10.0,1.0,0.3503,0.2,8.0638,False,fuzzy_logic_fixed_snr,14.202,0.7266
34,v4,v3,40.0,80.06,10.0,1.0,0.4003,0.2,7.1374,False,fuzzy_logic_fixed_snr,13.274,0.6514
34,v4,v7,40.0,80.06,10.0,1.0,0.4003,0.2,7.1374,False,fuzzy_logic_fixed_snr,13.2761,0.6502
34,v4,v12,40.0,170.0,20.0,1.0,0.85,0.4,0.4958,True,fuzzy_logic_fixed_snr,20.0863,0.81
35,v1,v2,40.0,20.22,0.0,1.0,0.1011,0.0,19.1062,False,fuzzy_logic_fixed_snr,25.2434,0.9662
35,v1,v6,40.0,160.03,0.0,1.0,0.8001,0.0,4.7329,True,fuzzy_logic_fixed_snr,22.4089,0.8852
35,v1,v5,40.0,200.0,20.0,1.0,1.0,0.4,-0.6334,True,fuzzy_logic_fixed_snr,19.2658,0.7754
35,v2,v1,20.0,20.22,0.0,0.6,0.1011,0.0,-0.8938,False,fuzzy_logic_fixed_snr,5.2448,0.1691
35,v2,v6,20.0,180.0,0.0,0.6,0.9,0.0,-16.0844,True,fuzzy_logic_fixed_snr,3.4017,0.1164
35,v3,v4,20.0,70.06,0.0,0.6,0.3503,0.0,-9.5279,True,fuzzy_logic_fixed_snr,10.7499,0.241
35,v3,v8,20.0,120.04,40.0,0.6,0.6002,0.8,-18.8608,True,fuzzy_logic_fixed_snr,1.6981,0.1111
35,v3,v11,20.0,130.0,40.0,0.6,0.65,0.8,-19.4149,True,fuzzy_logic_fixed_snr,1.4535,0.1105
35,v3,v7,20.0,160.0,10.0,0.6,0.8,0.2,-17.6742,True,fuzzy_logic_fixed_snr,2.3341,0.0988
35,v4,v8,40.0,50.0,40.0,1.0,0.25,0.8,7.2247,True,fuzzy_logic_fixed_snr,23.2249,0.8898
35,v4,v11,40.0,60.07,40.0,1.0,0.3004,0.8,5.9491,True,fuzzy_logic_fixed_snr,22.8512,0.8762
35,v4,v3,40.0,70.06,0.0,1.0,0.3503,0.0,10.4721,False,fuzzy_logic_fixed_snr,16.6115,0.8336
35,v4,v7,40.0,90.05,10.0,1.0,0.4502,0.2,6.32,False,fuzzy_logic_fixed_snr,12.4561,0.5729
35,v4,v12,40.0,150.0,10.0,1.0,0.75,0.2,2.7743,False,fuzzy_logic_fixed_snr,8.9107,0.2918
36,v1,v2,40.0,20.22,10.0,1.0,0.1011,0.2,16.698,False,fuzzy_logic_fixed_snr,22.8351,0.9672
36,v1,v6,40.0,160.03,0.0,1.0,0.8001,0.0,4.7329,True,fuzzy_logic_fixed_snr,22.4049,0.8916
36,v1,v5,40.0,180.0,10.0,1.0,0.9,0.2,1.5074,True,fuzzy_logic_fixed_snr,20.7361,0.8322
36,v2,v1,20.0,20.22,10.0,0.6,0.1011,0.2,-3.302,False,fuzzy_logic_fixed_snr,2.8352,0.1395
36,v2,v6,20.0,180.0,10.0,0.6,0.9,0.2,-18.4926,True,fuzzy_logic_fixed_snr,1.8787,0.1053
36,v3,v4,20.0,70.06,10.0,0.6,0.3503,0.2,-11.9362,True,fuzzy_logic_fixed_snr,7.7497,0.1846
36,v3,v8,20.0,80.06,10.0,0.6,0.4003,0.2,-12.8626,True,fuzzy_logic_fixed_snr,6.6133,0.1588
36,v3,v11,20.0,90.0,30.0,0.6,0.45,0.6,-16.0844,True,fuzzy_logic_fixed_snr,3.3882,0.1141
36,v3,v7,20.0,150.0,30.0,0.6,0.75,0.6,-19.6339,True,fuzzy_logic_fixed_snr,1.3909,0.1199
36,v4,v8,40.0,10.0,0.0,1.0,0.05,0.0,24.0,False,fuzzy_logic_fixed_snr,30.1384,0.9854
36,v4,v11,40.0,20.22,20.0,1.0,0.1011,0.4,15.2892,False,fuzzy_logic_fixed_snr,21.425,0.9406
36,v4,v3,40.0,70.06,10.0,1.0,0.3503,0.2,8.0638,False,fuzzy_logic_fixed_snr,14.2,0.7193
36,v4,v7,40.0,80.06,20.0,1.0,0.4003,0.4,5.7287,False,fuzzy_logic_fixed_snr,11.8674,0.5307
36,v4,v12,40.0,140.0,10.0,1.0,0.7,0.2,3.2537,False,fuzzy_logic_fixed_snr,9.3933,0.3336
37,v1,v2,40.0,30.15,0.0,1.0,0.1507,0.0,16.3315,False,fuzzy_logic_fixed_snr,22.4671,0.9539
37,v1,v6,40.0,160.03,10.0,1.0,0.8001,0.2,2.3246,True,fuzzy_logic_fixed_snr,21.2206,0.8564
37,v1,v5,40.0,170.0,20.0,1.0,0.85,0.4,0.4958,True,fuzzy_logic_fixed_snr,20.0733,0.8014
37,v2,v1,20.0,30.15,0.0,0.6,0.1507,0.0,-3.6685,False,fuzzy_logic_fixed_snr,2.4718,0.1363
37,v2,v6,20.0,190.0,10.0,0.6,0.95,0.2,-18.8683,True,fuzzy_logic_fixed_snr,1.7172,0.1045
37,v3,v4,20.0,80.06,20.0,0.6,0.4003,0.4,-14.2713,True,fuzzy_logic_fixed_snr,4.9991,0.1361
37,v3,v8,20.0,90.05,10.0,0.6,0.4502,0.2,-13.68,True,fuzzy_logic_fixed_snr,5.6436,0.1336
37,v3,v11,20.0,120.0,10.0,0.6,0.6,0.2,-15.6751,True,fuzzy_logic_fixed_snr,3.705,0.1166
37,v3,v7,20.0,180.0,10.0,0.6,0.9,0.2,-18.4926,True,fuzzy_logic_fixed_snr,1.9171,0.1117
37,v4,v8,40.0,10.0,30.0,1.0,0.05,0.6,19.1835,False,fuzzy_logic_fixed_snr,25.319,0.974
37,v4,v11,40.0,40.11,30.0,1.0,0.2006,0.6,9.5311,False,fuzzy_logic_fixed_snr,15.6686,0.8125
37,v4,v3,40.0,80.06,20.0,1.0,0.4003,0.4,5.7287,False,fuzzy_logic_fixed_snr,11.866,0.5258
37,v4,v7,40.0,100.04,30.0,1.0,0.5002,0.6,3.1804,True,fuzzy_logic_fixed_snr,21.6893,0.8668
37,v4,v12,40.0,150.0,40.0,1.0,0.75,0.8,-0.4092,True,fuzzy_logic_fixed_snr,19.4352,0.7861
38,v1,v2,40.0,30.15,0.0,1.0,0.1507,0.0,16.3315,False,fuzzy_logic_fixed_snr,22.4707,0.948
38,v1,v6,40.0,170.03,0.0,1.0,0.8501,0.0,4.3117,True,fuzzy_logic_fixed_snr,22.2179,0.8824
38,v1,v5,40.0,190.0,10.0,1.0,0.95,0.2,1.1317,True,fuzzy_logic_fixed_snr,20.5188,0.8328
38,v2,v1,20.0,30.15,0.0,0.6,0.1507,0.0,-3.6685,False,fuzzy_logic_fixed_snr,2.471,0.1408
38,v2,v6,20.0,200.0,0.0,0.6,1.0,0.0,-16.8165,True,fuzzy_logic_fixed_snr,2.8576,0.1145
38,v3,v4,20.0,60.07,40.0,0.6,0.3004,0.8,-14.0509,True,fuzzy_logic_fixed_snr,5.2162,0.1551
38,v3,v8,20.0,100.04,40.0,0.6,0.5002,0.8,-17.5949,True,fuzzy_logic_fixed_snr,2.373,0.115
38,v3,v11,20.0,130.0,10.0,0.6,0.65,0.2,-16.2313,True,fuzzy_logic_fixed_snr,3.2859,0.1236
38,v3,v7,20.0,190.0,10.0,0.6,0.95,0.2,-18.8683,True,fuzzy_logic_fixed_snr,1.7297,0.1055
38,v4,v8,40.0,40.0,0.0,1.0,0.2,0.0,14.367,False,fuzzy_logic_fixed_snr,20.5047,0.9314
38,v4,v3,40.0,60.07,40.0,1.0,0.3004,0.8,5.9491,True,fuzzy_logic_fixed_snr,22.857,0.877
38,v4,v11,40.0,70.06,30.0,1.0,0.3503,0.6,5.6556,False,fuzzy_logic_fixed_snr,11.7954,0.5193
38,v4,v7,40.0,130.03,30.0,1.0,0.6502,0.6,1.3586,True,fuzzy_logic_fixed_snr,20.6342,0.8254
38,v4,v12,40.0,190.0,30.0,1.0,0.95,0.6,-1.2765,True,fuzzy_logic_fixed_snr,18.7681,0.7406
39,v1,v2,40.0,30.15,30.0,1.0,0.1507,0.6,11.515,False,fuzzy_logic_fixed_snr,17.6524,0.885
39,v1,v6,40.0,170.03,20.0,1.0,0.8501,0.4,0.4948,True,fuzzy_logic_fixed_snr,20.0728,0.8123
39,v1,v5,40.0,180.0,0.0,1.0,0.9,0.0,3.9156,True,fuzzy_logic_fixed_snr,22.0406,0.877
39,v2,v1,20.0,30.15,30.0,0.6,0.1507,0.6,-8.485,True,fuzzy_logic_fixed_snr,11.8976,0.2748
39,v2,v6,20.0,200.0,10.0,0.6,1.0,0.2,-19.2247,True,fuzzy_logic_fixed_snr,1.5643,0.1119
39,v3,v4,20.0,100.04,10.0,0.6,0.5002,0.2,-14.4114,True,fuzzy_logic_fixed_snr,4.8715,0.1426
39,v3,v11,20.0,140.0,30.0,0.6,0.7,0.6,-19.1545,True,fuzzy_logic_fixed_snr,1.5879,0.1076
39,v3,v8,20.0,140.03,20.0,0.6,0.7002,0.4,-18.1566,True,fuzzy_logic_fixed_snr,2.0633,0.1146
39,v3,v7,20.0,200.0,0.0,0.6,1.0,0.0,-16.8165,True,fuzzy_logic_fixed_snr,2.877,0.1273
39,v4,v8,40.0,40.0,10.0,1.0,0.2,0.2,11.9588,False,fuzzy_logic_fixed_snr,18.0967,0.8854
39,v4,v11,40.0,40.11,20.0,1.0,0.2006,0.4,10.5306,False,fuzzy_logic_fixed_snr,16.6698,0.8436
39,v4,v3,40.0,100.04,10.0,1.0,0.5002,0.2,5.5886,False,fuzzy_logic_fixed_snr,11.7271,0.5186
39,v4,v7,40.0,100.04,10.0,1.0,0.5002,0.2,5.5886,False,fuzzy_logic_fixed_snr,11.728,0.5336
39,v4,v12,40.0,160.0,10.0,1.0,0.8,0.2,2.3258,True,fuzzy_logic_fixed_snr,21.2405,0.8432
40,v1,v2,40.0,3.0,20.0,1.0,0.015,0.4,28.5491,False,fuzzy_logic_fixed_snr,34.6869,0.9906
40,v1,v5,40.0,180.0,10.0,1.0,0.9,0.2,1.5074,True,fuzzy_logic_fixed_snr,20.7451,0.8398
40,v1,v6,40.0,190.02,30.0,1.0,0.9501,0.6,-1.2774,True,fuzzy_logic_fixed_snr,18.7647,0.7496
40,v2,v1,20.0,3.0,20.0,0.6,0.015,0.4,8.5491,True,fuzzy_logic_fixed_snr,23.5408,0.8957
40,v2,v5,20.0,180.02,10.0,0.6,0.9001,0.2,-18.4936,True,fuzzy_logic_fixed_snr,1.875,0.116
40,v2,v6,20.0,190.0,10.0,0.6,0.95,0.2,-18.8683,True,fuzzy_logic_fixed_snr,1.7262,0.118
40,v3,v4,20.0,110.04,10.0,0.6,0.5502,0.2,-15.0731,True,fuzzy_logic_fixed_snr,4.2464,0.1238
40,v3,v8,20.0,160.03,10.0,0.6,0.8001,0.2,-17.6754,True,fuzzy_logic_fixed_snr,2.2976,0.117
40,v3,v11,20.0,170.0,0.0,0.6,0.85,0.0,-15.6872,True,fuzzy_logic_fixed_snr,3.7107,0.1246
40,v3,v7,20.0,200.0,10.0,0.6,1.0,0.2,-19.2247,True,fuzzy_logic_fixed_snr,1.5539,0.1146
40,v4,v8,40.0,50.0,0.0,1.0,0.25,0.0,12.8165,False,fuzzy_logic_fixed_snr,18.9526,0.9107
40,v4,v11,40.0,60.07,10.0,1.0,0.3004,0.2,9.1327,False,fuzzy_logic_fixed_snr,15.2694,0.7836
40,v4,v7,40.0,90.05,0.0,1.0,0.4502,0.0,8.7283,False,fuzzy_logic_fixed_snr,14.8659,0.7574
40,v4,v3,40.0,110.04,10.0,1.0,0.5502,0.2,4.9269,False,fuzzy_logic_fixed_snr,11.064,0.466
40,v4,v12,40.0,150.0,0.0,1.0,0.75,0.0,5.1825,False,fuzzy_logic_fixed_snr,11.3194,0.4857
41,v1,v2,40.0,20.22,0.0,1.0,0.1011,0.0,19.1062,False,fuzzy_logic_fixed_snr,25.2441,0.974
41,v1,v6,40.0,160.03,40.0,1.0,0.8001,0.8,-0.8589,True,fuzzy_logic_fixed_snr,19.0813,0.7559
41,v1,v5,40.0,170.0,0.0,1.0,0.85,0.0,4.3128,True,fuzzy_logic_fixed_snr,22.2353,0.874
41,v2,v1,20.0,20.22,0.0,0.6,0.1011,0.0,-0.8938,False,fuzzy_logic_fixed_snr,5.2457,0.1652
41,v2,v6,20.0,180.0,40.0,0.6,0.9,0.8,-21.6761,True,fuzzy_logic_fixed_snr,0.7267,0.1168
41,v2,v5,20.0,190.02,0.0,0.6,0.9501,0.0,-16.4609,True,fuzzy_logic_fixed_snr,3.1165,0.1332
41,v3,v4,20.0,120.04,0.0,0.6,0.6002,0.0,-13.2691,True,fuzzy_logic_fixed_snr,6.1173,0.1568
41,v3,v11,20.0,170.0,10.0,0.6,0.85,0.2,-18.0954,True,fuzzy_logic_fixed_snr,2.0958,0.1227
41,v3,v8,20.0,170.03,0.0,0.6,0.8501,0.0,-15.6883,True,fuzzy_logic_fixed_snr,3.6918,0.1297
41,v4,v8,40.0,50.0,0.0,1.0,0.25,0.0,12.8165,False,fuzzy_logic_fixed_snr,18.9555,0.909
41,v4,v11,40.0,50.09,10.0,1.0,0.2504,0.2,10.3958,False,fuzzy_logic_fixed_snr,16.5336,0.8439
41,v4,v7,40.0,90.05,0.0,1.0,0.4502,0.0,8.7283,False,fuzzy_logic_fixed_snr,14.8658,0.7734
41,v4,v3,40.0,120.04,0.0,1.0,0.6002,0.0,6.7309,False,fuzzy_logic_fixed_snr,12.8698,0.627
41,v4,v12,40.0,150.0,30.0,1.0,0.75,0.6,0.3661,True,fuzzy_logic_fixed_snr,19.9908,0.8207
42,v1,v2,40.0,20.22,10.0,1.0,0.1011,0.2,16.698,False,fuzzy_logic_fixed_snr,22.8368,0.9631
42,v1,v6,40.0,120.04,10.0,1.0,0.6002,0.2,4.3227,False,fuzzy_logic_fixed_snr,10.4614,0.4096
42,v1,v5,40.0,170.0,10.0,1.0,0.85,0.2,1.9046,True,fuzzy_logic_fixed_snr,20.9714,0.8445
42,v2,v1,20.0,20.22,10.0,0.6,0.1011,0.2,-3.302,False,fuzzy_logic_fixed_snr,2.8363,0.1447
42,v2,v6,20.0,140.0,0.0,0.6,0.7,0.0,-14.338,True,fuzzy_logic_fixed_snr,4.9392,0.1193
42,v2,v5,20.0,190.02,20.0,0.6,0.9501,0.4,-20.2779,True,fuzzy_logic_fixed_snr,1.1566,0.1188
42,v3,v4,20.0,120.04,40.0,0.6,0.6002,0.8,-18.8608,True,fuzzy_logic_fixed_snr,1.7302,0.1115
42,v3,v8,20.0,170.03,30.0,0.6,0.8501,0.6,-20.5047,True,fuzzy_logic_fixed_snr,1.0695,0.11
42,v3,v11,20.0,180.0,0.0,0.6,0.9,0.0,-16.0844,True,fuzzy_logic_fixed_snr,3.3703,0.1197
42,v4,v8,40.0,50.0,10.0,1.0,0.25,0.2,10.4082,False,fuzzy_logic_fixed_snr,16.5452,0.8406
42,v4,v11,40.0,60.07,40.0,1.0,0.3004,0.8,5.9491,True,fuzzy_logic_fixed_snr,22.8656,0.8824
42,v4,v7,40.0,90.05,0.0,1.0,0.4502,0.0,8.7283,False,fuzzy_logic_fixed_snr,14.8667,0.757
42,v4,v12,40.0,120.0,0.0,1.0,0.6,0.0,6.7331,False,fuzzy_logic_fixed_snr,12.8689,0.624
42,v4,v3,40.0,120.04,40.0,1.0,0.6002,0.8,1.1392,True,fuzzy_logic_fixed_snr,20.4996,0.8359
43,v1,v2,40.0,30.15,10.0,1.0,0.1507,0.2,13.9232,False,fuzzy_logic_fixed_snr,20.0594,0.9324
43,v1,v6,40.0,110.04,20.0,1.0,0.5502,0.4,3.5182,False,fuzzy_logic_fixed_snr,9.6555,0.3479
43,v1,v5,40.0,180.0,0.0,1.0,0.9,0.0,3.9156,True,fuzzy_logic_fixed_snr,22.0614,0.8783
43,v2,v1,20.0,30.15,10.0,0.6,0.1507,0.2,-6.0768,False,fuzzy_logic_fixed_snr,0.0607,0.1252
43,v2,v6,20.0,140.0,10.0,0.6,0.7,0.2,-16.7463,True,fuzzy_logic_fixed_snr,2.8889,0.1227
43,v3,v4,20.0,80.06,20.0,0.6,0.4003,0.4,-14.2713,True,fuzzy_logic_fixed_snr,5.0195,0.1305
43,v3,v8,20.0,140.03,10.0,0.6,0.7002,0.2,-16.7479,True,fuzzy_logic_fixed_snr,2.9343,0.1135
43,v3,v7,20.0,170.0,20.0,0.6,0.85,0.4,-19.5042,True,fuzzy_logic_fixed_snr,1.4305,0.1098
43,v3,v11,20.0,180.0,10.0,0.6,0.9,0.2,-18.4926,True,fuzzy_logic_fixed_snr,1.9131,0.1008
43,v4,v8,40.0,60.0,30.0,1.0,0.3,0.6,6.7331,False,fuzzy_logic_fixed_snr,12.8709,0.6078
43,v4,v3,40.0,80.06,20.0,1.0,0.4003,0.4,5.7287,False,fuzzy_logic_fixed_snr,11.8659,0.5219
43,v4,v7,40.0,90.05,0.0,1.0,0.4502,0.0,8.7283,False,fuzzy_logic_fixed_snr,14.8677,0.7631
43,v4,v11,40.0,100.04,30.0,1.0,0.5002,0.6,3.1804,True,fuzzy_logic_fixed_snr,21.6903,0.8629
43,v4,v12,40.0,120.0,20.0,1.0,0.6,0.4,2.9161,False,fuzzy_logic_fixed_snr,9.0535,0.308
44,v1,v2,40.0,20.22,0.0,1.0,0.1011,0.0,19.1062,False,fuzzy_logic_fixed_snr,25.2437,0.9701
44,v1,v6,40.0,130.03,10.0,1.0,0.6502,0.2,3.7668,False,fuzzy_logic_fixed_snr,9.9061,0.3646
44,v1,v5,40.0,180.0,10.0,1.0,0.9,0.2,1.5074,True,fuzzy_logic_fixed_snr,20.7539,0.826
44,v2,v1,20.0,20.22,0.0,0.6,0.1011,0.0,-0.8938,False,fuzzy_logic_fixed_snr,5.2438,0.1598
44,v2,v6,20.0,150.0,10.0,0.6,0.75,0.2,-17.2257,True,fuzzy_logic_fixed_snr,2.6156,0.1283
44,v3,v4,20.0,100.04,10.0,0.6,0.5002,0.2,-14.4114,True,fuzzy_logic_fixed_snr,4.8498,0.1506
44,v3,v8,20.0,130.03,30.0,0.6,0.6502,0.6,-18.6414,True,fuzzy_logic_fixed_snr,1.8121,0.1215
44,v3,v11,20.0,170.0,20.0,0.6,0.85,0.4,-19.5042,True,fuzzy_logic_fixed_snr,1.4399,0.0984
44,v3,v7,20.0,190.0,20.0,0.6,0.95,0.4,-20.277,True,fuzzy_logic_fixed_snr,1.1288,0.1018
44,v4,v8,40.0,30.0,40.0,1.0,0.15,0.8,10.7743,True,fuzzy_logic_fixed_snr,23.9331,0.8961
44,v4,v11,40.0,70.06,30.0,1.0,0.3503,0.6,5.6556,False,fuzzy_logic_fixed_snr,11.7948,0.5258
44,v4,v7,40.0,90.05,30.0,1.0,0.4502,0.6,3.9118,True,fuzzy_logic_fixed_snr,22.0495,0.8643
44,v4,v12,40.0,100.0,10.0,1.0,0.5,0.2,5.5918,False,fuzzy_logic_fixed_snr,11.7301,0.524
44,v4,v3,40.0,100.04,10.0,1.0,0.5002,0.2,5.5886,False,fuzzy_logic_fixed_snr,11.7271,0.5186
45,v1,v2,40.0,20.22,20.0,1.0,0.1011,0.4,15.2892,False,fuzzy_logic_fixed_snr,21.4283,0.9484
45,v1,v6,40.0,140.03,10.0,1.0,0.7002,0.2,3.2521,False,fuzzy_logic_fixed_snr,9.3908,0.3268
45,v1,v5,40.0,190.0,10.0,1.0,0.95,0.2,1.1317,True,fuzzy_logic_fixed_snr,20.5048,0.8234
45,v2,v1,20.0,20.22,20.0,0.6,0.1011,0.4,-4.7108,True,fuzzy_logic_fixed_snr,15.7485,0.5416
45,v2,v6,20.0,160.0,10.0,0.6,0.8,0.2,-17.6742,True,fuzzy_logic_fixed_snr,2.3323,0.1199
45,v3,v4,20.0,90.05,0.0,0.6,0.4502,0.0,-11.2717,True,fuzzy_logic_fixed_snr,8.595,0.1941
45,v3,v8,20.0,160.03,0.0,0.6,0.8001,0.0,-15.2671,True,fuzzy_logic_fixed_snr,4.0518,0.1275
45,v3,v11,20.0,190.0,20.0,0.6,0.95,0.4,-20.277,True,fuzzy_logic_fixed_snr,1.1529,0.1059
45,v4,v8,40.0,70.0,0.0,1.0,0.35,0.0,10.4784,False,fuzzy_logic_fixed_snr,16.6161,0.8262
45,v4,v3,40.0,90.05,0.0,1.0,0.4502,0.0,8.7283,False,fuzzy_logic_fixed_snr,14.8666,0.7635
45,v4,v11,40.0,100.04,20.0,1.0,0.5002,0.4,4.1799,False,fuzzy_logic_fixed_snr,10.317,0.3914
45,v4,v12,40.0,110.0,10.0,1.0,0.55,0.2,4.9295,False,fuzzy_logic_fixed_snr,11.0659,0.4514
45,v4,v7,40.0,120.04,20.0,1.0,0.6002,0.4,2.914,False,fuzzy_logic_fixed_snr,9.0534,0.3018
46,v1,v2,40.0,3.0,30.0,1.0,0.015,0.6,27.5496,False,fuzzy_logic_fixed_snr,33.6859,0.9916
46,v1,v6,40.0,150.03,0.0,1.0,0.7501,0.0,5.1812,False,fuzzy_logic_fixed_snr,11.3187,0.4715
46,v1,v5,40.0,200.0,20.0,1.0,1.0,0.4,-0.6334,True,fuzzy_logic_fixed_snr,19.2672,0.7656
46,v2,v1,20.0,3.0,30.0,0.6,0.015,0.6,7.5496,True,fuzzy_logic_fixed_snr,23.316,0.8893
46,v2,v6,20.0,150.0,30.0,0.6,0.75,0.6,-19.6339,True,fuzzy_logic_fixed_snr,1.4003,0.1186
46,v3,v4,20.0,90.05,20.0,0.6,0.4502,0.4,-15.0887,True,fuzzy_logic_fixed_snr,4.2194,0.1363
46,v3,v8,20.0,160.03,20.0,0.6,0.8001,0.4,-19.0841,True,fuzzy_logic_fixed_snr,1.6085,0.1154
46,v3,v11,20.0,170.0,30.0,0.6,0.85,0.6,-20.5037,True,fuzzy_logic_fixed_snr,1.0729,0.116
46,v3,v7,20.0,190.0,10.0,0.6,0.95,0.2,-18.8683,True,fuzzy_logic_fixed_snr,1.6782,0.1178
46,v4,v8,40.0,70.0,0.0,1.0,0.35,0.0,10.4784,False,fuzzy_logic_fixed_snr,16.6145,0.8385
46,v4,v11,40.0,80.06,10.0,1.0,0.4003,0.2,7.1374,False,fuzzy_logic_fixed_snr,13.275,0.6564
46,v4,v3,40.0,90.05,20.0,1.0,0.4502,0.4,4.9113,False,fuzzy_logic_fixed_snr,11.0484,0.4598
46,v4,v7,40.0,100.04,10.0,1.0,0.5002,0.2,5.5886,False,fuzzy_logic_fixed_snr,11.7258,0.523
46,v4,v12,40.0,120.0,20.0,1.0,0.6,0.4,2.9161,False,fuzzy_logic_fixed_snr,9.0518,0.2996
47,v1,v2,40.0,30.15,0.0,1.0,0.1507,0.0,16.3315,False,fuzzy_logic_fixed_snr,22.4699,0.9617
47,v1,v6,40.0,150.03,0.0,1.0,0.7501,0.0,5.1812,False,fuzzy_logic_fixed_snr,11.3212,0.4637
47,v2,v1,20.0,30.15,0.0,0.6,0.1507,0.0,-3.6685,False,fuzzy_logic_fixed_snr,2.468,0.1379
47,v2,v6,20.0,120.0,0.0,0.6,0.6,0.0,-13.2669,True,fuzzy_logic_fixed_snr,6.0957,0.1336
47,v2,v5,20.0,190.02,10.0,0.6,0.9501,0.2,-18.8692,True,fuzzy_logic_fixed_snr,1.6953,0.1127
47,v3,v4,20.0,70.06,10.0,0.6,0.3503,0.2,-11.9362,True,fuzzy_logic_fixed_snr,7.7755,0.1762
47,v3,v11,20.0,140.0,0.0,0.6,0.7,0.0,-14.338,True,fuzzy_logic_fixed_snr,4.9442,0.1467
47,v3,v8,20.0,140.03,30.0,0.6,0.7002,0.6,-19.1561,True,fuzzy_logic_fixed_snr,1.58,0.1008
47,v3,v12,20.0,170.03,20.0,0.6,0.8501,0.4,-19.5052,True,fuzzy_logic_fixed_snr,1.435,0.1023
47,v3,v7,20.0,180.0,10.0,0.6,0.9,0.2,-18.4926,True,fuzzy_logic_fixed_snr,1.8718,0.1229
47,v4,v8,40.0,70.0,40.0,1.0,0.35,0.8,4.8867,True,fuzzy_logic_fixed_snr,22.4615,0.8727
47,v4,v3,40.0,70.06,10.0,1.0,0.3503,0.2,8.0638,False,fuzzy_logic_fixed_snr,14.2024,0.7141
47,v4,v11,40.0,70.06,10.0,1.0,0.3503,0.2,8.0638,False,fuzzy_logic_fixed_snr,14.2017,0.7178
47,v4,v12,40.0,100.0,30.0,1.0,0.5,0.6,3.1835,True,fuzzy_logic_fixed_snr,21.7058,0.843
47,v4,v7,40.0,110.04,0.0,1.0,0.5502,0.0,7.3351,False,fuzzy_logic_fixed_snr,13.4719,0.657
48,v1,v2,40.0,30.15,10.0,1.0,0.1507,0.2,13.9232,False,fuzzy_logic_fixed_snr,20.0613,0.9301
48,v1,v6,40.0,150.03,30.0,1.0,0.7501,0.6,0.3647,True,fuzzy_logic_fixed_snr,20.0056,0.8051
48,v2,v1,20.0,30.15,10.0,0.6,0.1507,0.2,-6.0768,False,fuzzy_logic_fixed_snr,0.0589,0.1145
48,v2,v6,20.0,120.0,20.0,0.6,0.6,0.4,-17.0839,True,fuzzy_logic_fixed_snr,2.6885,0.116
48,v3,v4,20.0,80.06,10.0,0.6,0.4003,0.2,-12.8626,True,fuzzy_logic_fixed_snr,6.582,0.1529
48,v3,v8,20.0,110.04,10.0,0.6,0.5502,0.2,-15.0731,True,fuzzy_logic_fixed_snr,4.24,0.1396
48,v3,v11,20.0,140.0,30.0,0.6,0.7,0.6,-19.1545,True,fuzzy_logic_fixed_snr,1.5789,0.11
48,v3,v12,20.0,150.03,10.0,0.6,0.7501,0.2,-17.2271,True,fuzzy_logic_fixed_snr,2.6121,0.1057
48,v3,v7,20.0,190.0,0.0,0.6,0.95,0.0,-16.4601,True,fuzzy_logic_fixed_snr,3.1057,0.1203
48,v4,v8,40.0,30.0,0.0,1.0,0.15,0.0,16.3661,False,fuzzy_logic_fixed_snr,22.5035,0.9545
48,v4,v11,40.0,60.07,20.0,1.0,0.3004,0.4,7.7239,False,fuzzy_logic_fixed_snr,13.8594,0.6947
48,v4,v12,40.0,70.0,0.0,1.0,0.35,0.0,10.4784,False,fuzzy_logic_fixed_snr,16.6145,0.8408
48,v4,v3,40.0,80.06,10.0,1.0,0.4003,0.2,7.1374,False,fuzzy_logic_fixed_snr,13.2752,0.6584
48,v4,v7,40.0,110.04,10.0,1.0,0.5502,0.2,4.9269,False,fuzzy_logic_fixed_snr,11.0651,0.4631
49,v1,v2,40.0,20.22,10.0,1.0,0.1011,0.2,16.698,False,fuzzy_logic_fixed_snr,22.8357,0.9584
49,v1,v6,40.0,120.04,0.0,1.0,0.6002,0.0,6.7309,False,fuzzy_logic_fixed_snr,12.8682,0.6176
49,v2,v1,20.0,20.22,10.0,0.6,0.1011,0.2,-3.302,False,fuzzy_logic_fixed_snr,2.8351,0.1471
49,v2,v6,20.0,100.0,10.0,0.6,0.5,0.2,-14.4082,True,fuzzy_logic_fixed_snr,4.877,0.1338
49,v3,v4,20.0,70.06,10.0,0.6,0.3503,0.2,-11.9362,True,fuzzy_logic_fixed_snr,7.7791,0.1805
49,v3,v8,20.0,100.04,10.0,0.6,0.5002,0.2,-14.4114,True,fuzzy_logic_fixed_snr,4.9028,0.1438
49,v3,v11,20.0,110.0,10.0,0.6,0.55,0.2,-15.0705,True,fuzzy_logic_fixed_snr,4.2519,0.1385
49,v3,v12,20.0,140.03,30.0,0.6,0.7002,0.6,-19.1561,True,fuzzy_logic_fixed_snr,1.5953,0.1066
49,v3,v7,20.0,190.0,10.0,0.6,0.95,0.2,-18.8683,True,fuzzy_logic_fixed_snr,1.7237,0.1047
49,v4,v8,40.0,30.0,0.0,1.0,0.15,0.0,16.3661,False,fuzzy_logic_fixed_snr,22.5038,0.9604
49,v4,v11,40.0,40.11,0.0,1.0,0.2006,0.0,14.3476,False,fuzzy_logic_fixed_snr,20.4845,0.9328
49,v4,v12,40.0,70.0,40.0,1.0,0.35,0.8,4.8867,True,fuzzy_logic_fixed_snr,22.4719,0.8795
49,v4,v3,40.0,70.06,10.0,1.0,0.3503,0.2,8.0638,False,fuzzy_logic_fixed_snr,14.2024,0.7211
49,v4,v7,40.0,120.04,0.0,1.0,0.6002,0.0,6.7309,False,fuzzy_logic_fixed_snr,12.8695,0.6221
50,v1,v2,40.0,30.15,10.0,1.0,0.1507,0.2,13.9232,False,fuzzy_logic_fixed_snr,20.0616,0.9309
50,v1,v6,40.0,120.04,30.0,1.0,0.6002,0.6,1.9144,True,fuzzy_logic_fixed_snr,21.0108,0.8309
50,v2,v1,20.0,30.15,10.0,0.6,0.1507,0.2,-6.0768,False,fuzzy_logic_fixed_snr,0.0589,0.1232
50,v2,v6,20.0,90.0,20.0,0.6,0.45,0.4,-15.0849,True,fuzzy_logic_fixed_snr,4.2202,0.1262
50,v3,v4,20.0,80.06,0.0,0.6,0.4003,0.0,-10.4543,True,fuzzy_logic_fixed_snr,9.6367,0.2039
50,v3,v8,20.0,110.04,10.0,0.6,0.5502,0.2,-15.0731,True,fuzzy_logic_fixed_snr,4.2194,0.1309
50,v3,v12,20.0,110.04,0.0,0.6,0.5502,0.0,-12.6649,True,fuzzy_logic_fixed_snr,6.8535,0.1588
50,v3,v11,20.0,120.0,20.0,0.6,0.6,0.4,-17.0839,True,fuzzy_logic_fixed_snr,2.672,0.1094
50,v3,v7,20.0,200.0,0.0,0.6,1.0,0.0,-16.8165,True,fuzzy_logic_fixed_snr,2.8759,0.1379
50,v4,v8,40.0,30.0,10.0,1.0,0.15,0.2,13.9578,False,fuzzy_logic_fixed_snr,20.0965,0.9266
50,v4,v12,40.0,30.0,0.0,1.0,0.15,0.0,16.3661,False,fuzzy_logic_fixed_snr,22.5028,0.9598
50,v4,v11,40.0,40.11,20.0,1.0,0.2006,0.4,10.5306,False,fuzzy_logic_fixed_snr,16.6685,0.8459
50,v4,v3,40.0,80.06,0.0,1.0,0.4003,0.0,9.5457,False,fuzzy_logic_fixed_snr,15.685,0.8244
50,v4,v7,40.0,120.04,0.0,1.0,0.6002,0.0,6.7309,False,fuzzy_logic_fixed_snr,12.8711,0.6111
51,v1,v2,40.0,40.11,10.0,1.0,0.2006,0.2,11.9393,False,fuzzy_logic_fixed_snr,18.0768,0.8727
51,v1,v6,40.0,150.03,0.0,1.0,0.7501,0.0,5.1812,False,fuzzy_logic_fixed_snr,11.3186,0.483
51,v2,v1,20.0,40.11,10.0,0.6,0.2006,0.2,-8.0607,False,fuzzy_logic_fixed_snr,-1.9219,0.1148
51,v2,v6,20.0,110.0,10.0,0.6,0.55,0.2,-15.0705,True,fuzzy_logic_fixed_snr,4.2551,0.1467
51,v3,v4,20.0,80.06,10.0,0.6,0.4003,0.2,-12.8626,True,fuzzy_logic_fixed_snr,6.5989,0.1643
51,v3,v12,20.0,110.04,30.0,0.6,0.5502,0.6,-17.4813,True,fuzzy_logic_fixed_snr,2.4391,0.0979
51,v3,v8,20.0,120.04,0.0,0.6,0.6002,0.0,-13.2691,True,fuzzy_logic_fixed_snr,6.1037,0.143
51,v3,v11,20.0,140.0,30.0,0.6,0.7,0.6,-19.1545,True,fuzzy_logic_fixed_snr,1.5867,0.1021
51,v3,v7,20.0,200.0,40.0,0.6,1.0,0.8,-22.4082,True,fuzzy_logic_fixed_snr,0.5636,0.107
51,v4,v12,40.0,30.0,20.0,1.0,0.15,0.4,12.5491,False,fuzzy_logic_fixed_snr,18.6878,0.9004
51,v4,v8,40.0,40.0,10.0,1.0,0.2,0.2,11.9588,False,fuzzy_logic_fixed_snr,18.096,0.8947
51,v4,v11,40.0,60.07,20.0,1.0,0.3004,0.4,7.7239,False,fuzzy_logic_fixed_snr,13.8621,0.7023
51,v4,v3,40.0,80.06,10.0,1.0,0.4003,0.2,7.1374,False,fuzzy_logic_fixed_snr,13.2763,0.6529
51,v4,v7,40.0,120.04,30.0,1.0,0.6002,0.6,1.9144,True,fuzzy_logic_fixed_snr,20.9671,0.8447
52,v1,v2,40.0,30.15,10.0,1.0,0.1507,0.2,13.9232,False,fuzzy_logic_fixed_snr,20.0601,0.9256
52,v1,v6,40.0,150.03,30.0,1.0,0.7501,0.6,0.3647,True,fuzzy_logic_fixed_snr,19.9844,0.8014
52,v2,v1,20.0,30.15,10.0,0.6,0.1507,0.2,-6.0768,False,fuzzy_logic_fixed_snr,0.0601,0.1236
52,v2,v6,20.0,120.0,20.0,0.6,0.6,0.4,-17.0839,True,fuzzy_logic_fixed_snr,2.7033,0.1182
52,v3,v4,20.0,70.06,20.0,0.6,0.3503,0.4,-13.3449,True,fuzzy_logic_fixed_snr,6.014,0.1613
52,v3,v12,20.0,80.06,10.0,0.6,0.4003,0.2,-12.8626,True,fuzzy_logic_fixed_snr,6.5948,0.1555
52,v3,v11,20.0,110.0,0.0,0.6,0.55,0.0,-12.6623,True,fuzzy_logic_fixed_snr,6.8407,0.1605
52,v3,v8,20.0,120.04,20.0,0.6,0.6002,0.4,-17.086,True,fuzzy_logic_fixed_snr,2.6956,0.1146
52,v3,v7,20.0,160.0,20.0,0.6,0.8,0.4,-19.0829,True,fuzzy_logic_fixed_snr,1.6058,0.1027
52,v4,v12,40.0,10.0,30.0,1.0,0.05,0.6,19.1835,False,fuzzy_logic_fixed_snr,25.3199,0.973
52,v4,v11,40.0,40.11,20.0,1.0,0.2006,0.4,10.5306,False,fuzzy_logic_fixed_snr,16.6691,0.8506
52,v4,v8,40.0,50.0,0.0,1.0,0.25,0.0,12.8165,False,fuzzy_logic_fixed_snr,18.9554,0.9045
52,v4,v3,40.0,70.06,20.0,1.0,0.3503,0.4,6.6551,False,fuzzy_logic_fixed_snr,12.7901,0.6143
52,v4,v7,40.0,90.05,40.0,1.0,0.4502,0.8,3.1365,True,fuzzy_logic_fixed_snr,21.6663,0.8623
53,v1,v2,40.0,20.22,30.0,1.0,0.1011,0.6,14.2897,False,fuzzy_logic_fixed_snr,20.4256,0.9279
53,v1,v6,40.0,120.04,40.0,1.0,0.6002,0.8,1.1392,True,fuzzy_logic_fixed_snr,20.4896,0.8213
53,v2,v1,20.0,20.22,30.0,0.6,0.1011,0.6,-5.7103,True,fuzzy_logic_fixed_snr,14.7934,0.4664
53,v2,v6,20.0,100.0,10.0,0.6,0.5,0.2,-14.4082,True,fuzzy_logic_fixed_snr,4.8751,0.1314
53,v3,v4,20.0,50.09,10.0,0.6,0.2504,0.2,-9.6042,False,fuzzy_logic_fixed_snr,-3.4659,0.107
53,v3,v12,20.0,90.05,20.0,0.6,0.4502,0.4,-15.0887,True,fuzzy_logic_fixed_snr,4.2058,0.1234
53,v3,v8,20.0,100.04,10.0,0.6,0.5002,0.2,-14.4114,True,fuzzy_logic_fixed_snr,4.864,0.1311
53,v3,v11,20.0,110.0,20.0,0.6,0.55,0.4,-16.4793,True,fuzzy_logic_fixed_snr,3.1038,0.1119
53,v3,v7,20.0,180.0,20.0,0.6,0.9,0.4,-19.9013,True,fuzzy_logic_fixed_snr,1.3094,0.0984
53,v4,v12,40.0,40.0,30.0,1.0,0.2,0.6,9.5506,False,fuzzy_logic_fixed_snr,15.6874,0.8037
53,v4,v8,40.0,50.0,0.0,1.0,0.25,0.0,12.8165,False,fuzzy_logic_fixed_snr,18.9533,0.9195
53,v4,v3,40.0,50.09,10.0,1.0,0.2504,0.2,10.3958,False,fuzzy_logic_fixed_snr,16.5321,0.8342
53,v4,v11,40.0,60.07,10.0,1.0,0.3004,0.2,9.1327,False,fuzzy_logic_fixed_snr,15.2708,0.784
53,v4,v7,40.0,130.03,10.0,1.0,0.6502,0.2,3.7668,False,fuzzy_logic_fixed_snr,9.9045,0.3596
54,v1,v2,40.0,10.44,40.0,1.0,0.0522,0.8,18.1088,True,fuzzy_logic_fixed_snr,24.4222,0.9104
54,v1,v6,40.0,80.06,30.0,1.0,0.4003,0.6,4.7292,False,fuzzy_logic_fixed_snr,10.8652,0.4479
54,v2,v1,20.0,10.44,40.0,0.6,0.0522,0.8,-1.8912,True,fuzzy_logic_fixed_snr,18.2591,0.7223
54,v2,v6,20.0,90.0,10.0,0.6,0.45,0.2,-13.6761,True,fuzzy_logic_fixed_snr,5.6505,0.1553
54,v3,v4,20.0,40.11,20.0,0.6,0.2006,0.4,-9.4694,True,fuzzy_logic_fixed_snr,10.7888,0.2412
54,v3,v11,20.0,90.0,10.0,0.6,0.45,0.2,-13.6761,True,fuzzy_logic_fixed_snr,5.6579,0.1457
54,v3,v8,20.0,90.05,20.0,0.6,0.4502,0.4,-15.0887,True,fuzzy_logic_fixed_snr,4.2293,0.1258
54,v3,v12,20.0,110.04,20.0,0.6,0.5502,0.4,-16.4818,True,fuzzy_logic_fixed_snr,3.0961,0.109
54,v3,v7,20.0,160.0,10.0,0.6,0.8,0.2,-17.6742,True,fuzzy_logic_fixed_snr,2.3251,0.1328
54,v4,v3,40.0,40.11,20.0,1.0,0.2006,0.4,10.5306,False,fuzzy_logic_fixed_snr,16.6672,0.8465
54,v4,v8,40.0,50.0,0.0,1.0,0.25,0.0,12.8165,False,fuzzy_logic_fixed_snr,18.9549,0.9104
54,v4,v11,40.0,50.09,30.0,1.0,0.2504,0.6,7.9875,False,fuzzy_logic_fixed_snr,14.1255,0.7137
54,v4,v12,40.0,70.0,0.0,1.0,0.35,0.0,10.4784,False,fuzzy_logic_fixed_snr,16.6151,0.8395
54,v4,v7,40.0,120.04,10.0,1.0,0.6002,0.2,4.3227,False,fuzzy_logic_fixed_snr,10.4584,0.4053
55,v1,v2,40.0,30.15,10.0,1.0,0.1507,0.2,13.9232,False,fuzzy_logic_fixed_snr,20.0606,0.926
55,v1,v6,40.0,110.04,20.0,1.0,0.5502,0.4,3.5182,False,fuzzy_logic_fixed_snr,9.6544,0.3391
55,v2,v1,20.0,30.15,10.0,0.6,0.1507,0.2,-6.0768,False,fuzzy_logic_fixed_snr,0.0602,0.1262
55,v2,v6,20.0,80.0,10.0,0.6,0.4,0.2,-12.8577,True,fuzzy_logic_fixed_snr,6.5873,0.1686
55,v3,v4,20.0,20.22,10.0,0.6,0.1011,0.2,-3.302,False,fuzzy_logic_fixed_snr,2.836,0.1457
55,v3,v8,20.0,70.06,20.0,0.6,0.3503,0.4,-13.3449,True,fuzzy_logic_fixed_snr,6.0453,0.1605
55,v3,v12,20.0,90.05,0.0,0.6,0.4502,0.0,-11.2717,True,fuzzy_logic_fixed_snr,8.6091,0.1816
55,v3,v11,20.0,100.0,20.0,0.6,0.5,0.4,-15.817,True,fuzzy_logic_fixed_snr,3.6117,0.1238
55,v3,v7,20.0,150.0,10.0,0.6,0.75,0.2,-17.2257,True,fuzzy_logic_fixed_snr,2.5858,0.1129
55,v4,v3,40.0,20.22,10.0,1.0,0.1011,0.2,16.698,False,fuzzy_logic_fixed_snr,22.8351,0.9564
55,v4,v8,40.0,50.0,10.0,1.0,0.25,0.2,10.4082,False,fuzzy_logic_fixed_snr,16.5469,0.8385
55,v4,v12,40.0,70.0,10.0,1.0,0.35,0.2,8.0702,False,fuzzy_logic_fixed_snr,14.2076,0.7141
55,v4,v11,40.0,80.06,30.0,1.0,0.4003,0.6,4.7292,False,fuzzy_logic_fixed_snr,10.8666,0.4367
55,v4,v7,40.0,130.03,0.0,1.0,0.6502,0.0,6.1751,False,fuzzy_logic_fixed_snr,12.3123,0.543
56,v1,v2,40.0,20.22,30.0,1.0,0.1011,0.6,14.2897,False,fuzzy_logic_fixed_snr,20.4267,0.9225
56,v1,v6,40.0,90.05,10.0,1.0,0.4502,0.2,6.32,False,fuzzy_logic_fixed_snr,12.4578,0.5816
56,v2,v1,20.0,20.22,30.0,0.6,0.1011,0.6,-5.7103,True,fuzzy_logic_fixed_snr,14.7782,0.4742
56,v2,v6,20.0,70.0,40.0,0.6,0.35,0.8,-15.1133,True,fuzzy_logic_fixed_snr,4.1999,0.132
56,v3,v4,20.0,10.44,30.0,0.6,0.0522,0.6,-1.1159,True,fuzzy_logic_fixed_snr,18.902,0.7648
56,v3,v8,20.0,50.09,20.0,0.6,0.2504,0.4,-11.013,True,fuzzy_logic_fixed_snr,8.9445,0.1984
56,v3,v12,20.0,90.05,30.0,0.6,0.4502,0.6,-16.0882,True,fuzzy_logic_fixed_snr,3.4001,0.1291
56,v3,v11,20.0,120.0,10.0,0.6,0.6,0.2,-15.6751,True,fuzzy_logic_fixed_snr,3.6993,0.1344
56,v3,v7,20.0,140.0,20.0,0.6,0.7,0.4,-18.155,True,fuzzy_logic_fixed_snr,2.0758,0.1195
56,v4,v3,40.0,10.44,30.0,1.0,0.0522,0.6,18.8841,False,fuzzy_logic_fixed_snr,25.0213,0.9721
56,v4,v8,40.0,40.0,10.0,1.0,0.2,0.2,11.9588,False,fuzzy_logic_fixed_snr,18.0958,0.898
56,v4,v12,40.0,80.0,0.0,1.0,0.4,0.0,9.5506,False,fuzzy_logic_fixed_snr,15.6873,0.8064
56,v4,v11,40.0,110.04,20.0,1.0,0.5502,0.4,3.5182,False,fuzzy_logic_fixed_snr,9.6563,0.3488
56,v4,v7,40.0,130.03,10.0,1.0,0.6502,0.2,3.7668,False,fuzzy_logic_fixed_snr,9.9043,0.3605
57,v1,v2,40.0,50.09,10.0,1.0,0.2504,0.2,10.3958,False,fuzzy_logic_fixed_snr,16.5342,0.8426
57,v1,v6,40.0,80.06,20.0,1.0,0.4003,0.4,5.7287,False,fuzzy_logic_fixed_snr,11.8657,0.5367
57,v2,v6,20.0,30.0,10.0,0.6,0.15,0.2,-6.0422,False,fuzzy_logic_fixed_snr,0.0962,0.1256
57,v2,v1,20.0,50.09,10.0,0.6,0.2504,0.2,-9.6042,False,fuzzy_logic_fixed_snr,-3.4651,0.1051
57,v2,v5,20.0,190.02,20.0,0.6,0.9501,0.4,-20.2779,True,fuzzy_logic_fixed_snr,1.1402,0.1057
57,v3,v4,20.0,20.22,40.0,0.6,0.1011,0.8,-6.4855,True,fuzzy_logic_fixed_snr,14.0195,0.441
57,v3,v8,20.0,30.15,30.0,0.6,0.1507,0.6,-8.485,True,fuzzy_logic_fixed_snr,11.9121,0.3078
57,v3,v12,20.0,60.07,30.0,0.6,0.3004,0.6,-13.2756,True,fuzzy_logic_fixed_snr,6.1044,0.1451
57,v3,v11,20.0,110.0,40.0,0.6,0.55,0.8,-18.254,True,fuzzy_logic_fixed_snr,2.0018,0.1066
57,v3,v7,20.0,120.0,40.0,0.6,0.6,0.8,-18.8587,True,fuzzy_logic_fixed_snr,1.7263,0.1248
57,v4,v3,40.0,20.22,40.0,1.0,0.1011,0.8,13.5145,True,fuzzy_logic_fixed_snr,24.2032,0.8996
57,v4,v8,40.0,50.0,10.0,1.0,0.25,0.2,10.4082,False,fuzzy_logic_fixed_snr,16.5466,0.8361
57,v4,v12,40.0,80.0,10.0,1.0,0.4,0.2,7.1423,False,fuzzy_logic_fixed_snr,13.2815,0.6455
57,v4,v11,40.0,130.03,0.0,1.0,0.6502,0.0,6.1751,False,fuzzy_logic_fixed_snr,12.3131,0.5635
57,v4,v7,40.0,140.03,0.0,1.0,0.7002,0.0,5.6604,False,fuzzy_logic_fixed_snr,11.8001,0.5203
58,v1,v2,40.0,40.11,10.0,1.0,0.2006,0.2,11.9393,False,fuzzy_logic_fixed_snr,18.0772,0.8861
58,v1,v6,40.0,60.07,10.0,1.0,0.3004,0.2,9.1327,False,fuzzy_logic_fixed_snr,15.2702,0.7953
58,v2,v6,20.0,20.0,0.0,0.6,0.1,0.0,-0.8165,False,fuzzy_logic_fixed_snr,5.3203,0.1725
58,v2,v1,20.0,40.11,10.0,0.6,0.2006,0.2,-8.0607,False,fuzzy_logic_fixed_snr,-1.9248,0.1094
58,v2,v5,20.0,170.03,30.0,0.6,0.8501,0.6,-20.5047,True,fuzzy_logic_fixed_snr,1.0689,0.1051
58,v3,v4,20.0,20.22,20.0,0.6,0.1011,0.4,-4.7108,True,fuzzy_logic_fixed_snr,15.7396,0.5559
58,v3,v8,20.0,60.07,0.0,0.6,0.3004,0.0,-8.4591,True,fuzzy_logic_fixed_snr,11.9097,0.2873
58,v3,v12,20.0,90.05,10.0,0.6,0.4502,0.2,-13.68,True,fuzzy_logic_fixed_snr,5.6572,0.1578
58,v3,v11,20.0,150.0,20.0,0.6,0.75,0.4,-18.6344,True,fuzzy_logic_fixed_snr,1.8273,0.123
58,v3,v7,20.0,160.0,30.0,0.6,0.8,0.6,-20.0824,True,fuzzy_logic_fixed_snr,1.2112,0.1051
58,v4,v3,40.0,20.22,20.0,1.0,0.1011,0.4,15.2892,False,fuzzy_logic_fixed_snr,21.4267,0.9377
58,v4,v8,40.0,40.0,20.0,1.0,0.2,0.4,10.5501,False,fuzzy_logic_fixed_snr,16.6909,0.8412
58,v4,v12,40.0,70.0,10.0,1.0,0.35,0.2,8.0702,False,fuzzy_logic_fixed_snr,14.2071,0.7133
58,v4,v11,40.0,130.03,0.0,1.0,0.6502,0.0,6.1751,False,fuzzy_logic_fixed_snr,12.3113,0.5645
58,v4,v7,40.0,140.03,10.0,1.0,0.7002,0.2,3.2521,False,fuzzy_logic_fixed_snr,9.3881,0.3316
59,v1,v2,40.0,30.15,20.0,1.0,0.1507,0.4,12.5145,False,fuzzy_logic_fixed_snr,18.6506,0.902
59,v1,v6,40.0,50.09,10.0,1.0,0.2504,0.2,10.3958,False,fuzzy_logic_fixed_snr,16.5329,0.8357
59,v2,v6,20.0,20.0,10.0,0.6,0.1,0.2,-3.2247,False,fuzzy_logic_fixed_snr,2.9145,0.1383
59,v2,v1,20.0,30.15,20.0,0.6,0.1507,0.4,-7.4855,True,fuzzy_logic_fixed_snr,12.9901,0.3623
59,v3,v4,20.0,3.0,10.0,0.6,0.015,0.2,9.9578,False,fuzzy_logic_fixed_snr,16.0961,0.8307
59,v3,v8,20.0,60.07,0.0,0.6,0.3004,0.0,-8.4591,True,fuzzy_logic_fixed_snr,11.9272,0.3031
59,v3,v12,20.0,80.06,30.0,0.6,0.4003,0.6,-15.2708,True,fuzzy_logic_fixed_snr,4.0806,0.1248
59,v3,v7,20.0,130.0,0.0,0.6,0.65,0.0,-13.8231,True,fuzzy_logic_fixed_snr,5.4945,0.1428
59,v3,v11,20.0,130.0,20.0,0.6,0.65,0.4,-17.6401,True,fuzzy_logic_fixed_snr,2.3304,0.1082
59,v4,v3,40.0,3.0,10.0,1.0,0.015,0.2,29.9578,False,fuzzy_logic_fixed_snr,36.0963,0.9906
59,v4,v8,40.0,60.0,10.0,1.0,0.3,0.2,9.1413,False,fuzzy_logic_fixed_snr,15.2805,0.791
59,v4,v12,40.0,80.0,20.0,1.0,0.4,0.4,5.7336,False,fuzzy_logic_fixed_snr,11.8708,0.5285
59,v4,v7,40.0,130.03,10.0,1.0,0.6502,0.2,3.7668,False,fuzzy_logic_fixed_snr,9.9036,0.3713
59,v4,v11,40.0,130.03,10.0,1.0,0.6502,0.2,3.7668,False,fuzzy_logic_fixed_snr,9.9028,0.368
60,v1,v2,40.0,10.44,0.0,1.0,0.0522,0.0,23.7006,False,fuzzy_logic_fixed_snr,29.8381,0.9887
60,v1,v6,40.0,40.11,20.0,1.0,0.2006,0.4,10.5306,False,fuzzy_logic_fixed_snr,16.6702,0.843
60,v2,v1,20.0,10.44,0.0,0.6,0.0522,0.0,3.7006,False,fuzzy_logic_fixed_snr,9.8377,0.3635
60,v2,v6,20.0,30.0,20.0,0.6,0.15,0.4,-7.4509,True,fuzzy_logic_fixed_snr,13.0339,0.368
60,v3,v4,20.0,10.44,20.0,0.6,0.0522,0.4,-0.1164,True,fuzzy_logic_fixed_snr,19.6589,0.7904
60,v3,v8,20.0,60.07,30.0,0.6,0.3004,0.6,-13.2756,True,fuzzy_logic_fixed_snr,6.1102,0.1365
60,v3,v12,20.0,110.04,10.0,0.6,0.5502,0.2,-15.0731,True,fuzzy_logic_fixed_snr,4.2182,0.1268
60,v3,v7,20.0,130.0,30.0,0.6,0.65,0.6,-18.6396,True,fuzzy_logic_fixed_snr,1.8119,0.1254
60,v3,v11,20.0,150.0,20.0,0.6,0.75,0.4,-18.6344,True,fuzzy_logic_fixed_snr,1.819,0.1078
60,v4,v3,40.0,10.44,20.0,1.0,0.0522,0.4,19.8836,False,fuzzy_logic_fixed_snr,26.0235,0.9691
60,v4,v8,40.0,50.0,10.0,1.0,0.25,0.2,10.4082,False,fuzzy_logic_fixed_snr,16.547,0.8418
60,v4,v12,40.0,100.0,30.0,1.0,0.5,0.6,3.1835,True,fuzzy_logic_fixed_snr,21.6852,0.8596
60,v4,v7,40.0,120.04,10.0,1.0,0.6002,0.2,4.3227,False,fuzzy_logic_fixed_snr,10.4633,0.41
60,v4,v11,40.0,140.03,0.0,1.0,0.7002,0.0,5.6604,False,fuzzy_logic_fixed_snr,11.7985,0.518
61,v1,v2,40.0,10.44,0.0,1.0,0.0522,0.0,23.7006,False,fuzzy_logic_fixed_snr,29.8362,0.9887
61,v1,v6,40.0,60.07,0.0,1.0,0.3004,0.0,11.5409,False,fuzzy_logic_fixed_snr,17.6798,0.8834
61,v2,v1,20.0,10.44,0.0,0.6,0.0522,0.0,3.7006,False,fuzzy_logic_fixed_snr,9.8387,0.3609
61,v2,v6,20.0,50.0,0.0,0.6,0.25,0.0,-7.1835,False,fuzzy_logic_fixed_snr,-1.0463,0.1139
61,v3,v4,20.0,10.44,10.0,0.6,0.0522,0.2,1.2923,False,fuzzy_logic_fixed_snr,7.4303,0.2271
61,v3,v8,20.0,30.15,10.0,0.6,0.1507,0.2,-6.0768,False,fuzzy_logic_fixed_snr,0.0607,0.1354
61,v3,v7,20.0,100.0,0.0,0.6,0.5,0.0,-12.0,True,fuzzy_logic_fixed_snr,7.686,0.1746
61,v3,v12,20.0,120.04,40.0,0.6,0.6002,0.8,-18.8608,True,fuzzy_logic_fixed_snr,1.7167,0.0977
61,v3,v11,20.0,130.0,0.0,0.6,0.65,0.0,-13.8231,True,fuzzy_logic_fixed_snr,5.5026,0.1531
61,v4,v3,40.0,10.44,10.0,1.0,0.0522,0.2,21.2923,False,fuzzy_logic_fixed_snr,27.431,0.977
61,v4,v8,40.0,40.0,0.0,1.0,0.2,0.0,14.367,False,fuzzy_logic_fixed_snr,20.5041,0.926
61,v4,v7,40.0,110.04,10.0,1.0,0.5502,0.2,4.9269,False,fuzzy_logic_fixed_snr,11.065,0.4701
61,v4,v12,40.0,130.0,30.0,1.0,0.65,0.6,1.3604,True,fuzzy_logic_fixed_snr,20.6363,0.8463
61,v4,v11,40.0,140.03,10.0,1.0,0.7002,0.2,3.2521,False,fuzzy_logic_fixed_snr,9.3894,0.3164
62,v1,v2,40.0,10.44,30.0,1.0,0.0522,0.6,18.8841,False,fuzzy_logic_fixed_snr,25.0221,0.9678
62,v1,v6,40.0,60.07,0.0,1.0,0.3004,0.0,11.5409,False,fuzzy_logic_fixed_snr,17.6791,0.8838
62,v2,v1,20.0,10.44,30.0,0.6,0.0522,0.6,-1.1159,True,fuzzy_logic_fixed_snr,18.8866,0.7553
62,v2,v6,20.0,50.0,30.0,0.6,0.25,0.6,-12.0,True,fuzzy_logic_fixed_snr,7.697,0.1854
62,v3,v4,20.0,3.0,10.0,0.6,0.015,0.2,9.9578,False,fuzzy_logic_fixed_snr,16.0967,0.8285
62,v3,v8,20.0,40.11,10.0,0.6,0.2006,0.2,-8.0607,False,fuzzy_logic_fixed_snr,-1.9216,0.1006
62,v3,v7,20.0,100.0,10.0,0.6,0.5,0.2,-14.4082,True,fuzzy_logic_fixed_snr,4.8629,0.1281
62,v3,v11,20.0,130.0,10.0,0.6,0.65,0.2,-16.2313,True,fuzzy_logic_fixed_snr,3.2892,0.1271
62,v3,v12,20.0,160.03,20.0,0.6,0.8001,0.4,-19.0841,True,fuzzy_logic_fixed_snr,1.6147,0.1092
62,v4,v3,40.0,3.0,10.0,1.0,0.015,0.2,29.9578,False,fuzzy_logic_fixed_snr,36.095,0.9916
62,v4,v8,40.0,40.0,20.0,1.0,0.2,0.4,10.5501,False,fuzzy_logic_fixed_snr,16.6878,0.8441
62,v4,v7,40.0,100.04,0.0,1.0,0.5002,0.0,7.9969,False,fuzzy_logic_fixed_snr,14.1348,0.7082
62,v4,v11,40.0,130.03,0.0,1.0,0.6502,0.0,6.1751,False,fuzzy_logic_fixed_snr,12.3136,0.5693
62,v4,v12,40.0,160.0,10.0,1.0,0.8,0.2,2.3258,True,fuzzy_logic_fixed_snr,21.2245,0.8574
63,v1,v2,40.0,20.22,40.0,1.0,0.1011,0.8,13.5145,True,fuzzy_logic_fixed_snr,24.2076,0.909
63,v1,v6,40.0,60.07,30.0,1.0,0.3004,0.6,6.7244,False,fuzzy_logic_fixed_snr,12.8595,0.6064
63,v2,v1,20.0,20.22,40.0,0.6,0.1011,0.8,-6.4855,True,fuzzy_logic_fixed_snr,13.9842,0.4223
63,v2,v6,20.0,80.0,10.0,0.6,0.4,0.2,-12.8577,True,fuzzy_logic_fixed_snr,6.5901,0.159
63,v3,v4,20.0,10.44,10.0,0.6,0.0522,0.2,1.2923,False,fuzzy_logic_fixed_snr,7.433,0.2209
63,v3,v8,20.0,50.09,20.0,0.6,0.2504,0.4,-11.013,True,fuzzy_logic_fixed_snr,8.9257,0.1854
63,v3,v7,20.0,90.0,10.0,0.6,0.45,0.2,-13.6761,True,fuzzy_logic_fixed_snr,5.6571,0.1451
63,v3,v11,20.0,120.0,10.0,0.6,0.6,0.2,-15.6751,True,fuzzy_logic_fixed_snr,3.7441,0.1174
63,v3,v12,20.0,140.03,0.0,0.6,0.7002,0.0,-14.3396,True,fuzzy_logic_fixed_snr,4.9459,0.135
63,v4,v3,40.0,10.44,10.0,1.0,0.0522,0.2,21.2923,False,fuzzy_logic_fixed_snr,27.4304,0.9828
63,v4,v8,40.0,60.0,30.0,1.0,0.3,0.6,6.7331,False,fuzzy_logic_fixed_snr,12.8697,0.6297
63,v4,v7,40.0,100.04,0.0,1.0,0.5002,0.0,7.9969,False,fuzzy_logic_fixed_snr,14.1354,0.7088
63,v4,v11,40.0,130.03,20.0,1.0,0.6502,0.4,2.3581,True,fuzzy_logic_fixed_snr,21.2559,0.8486
63,v4,v12,40.0,150.0,10.0,1.0,0.75,0.2,2.7743,False,fuzzy_logic_fixed_snr,8.9111,0.3014
64,v1,v6,40.0,30.15,10.0,1.0,0.1507,0.2,13.9232,False,fuzzy_logic_fixed_snr,20.0603,0.927
64,v1,v2,40.0,60.07,20.0,1.0,0.3004,0.4,7.7239,False,fuzzy_logic_fixed_snr,13.8624,0.6764
64,v2,v1,20.0,60.07,20.0,0.6,0.3004,0.4,-12.2761,True,fuzzy_logic_fixed_snr,7.3507,0.1535
64,v2,v6,20.0,90.0,10.0,0.6,0.45,0.2,-13.6761,True,fuzzy_logic_fixed_snr,5.6703,0.1387
64,v3,v4,20.0,20.22,10.0,0.6,0.1011,0.2,-3.302,False,fuzzy_logic_fixed_snr,2.8349,0.1377
64,v3,v8,20.0,70.06,10.0,0.6,0.3503,0.2,-11.9362,True,fuzzy_logic_fixed_snr,7.7695,0.1719
64,v3,v7,20.0,80.0,0.0,0.6,0.4,0.0,-10.4494,True,fuzzy_logic_fixed_snr,9.6491,0.199
64,v3,v11,20.0,130.0,20.0,0.6,0.65,0.4,-17.6401,True,fuzzy_logic_fixed_snr,2.3704,0.1084
64,v3,v12,20.0,140.03,10.0,0.6,0.7002,0.2,-16.7479,True,fuzzy_logic_fixed_snr,2.9087,0.117
64,v4,v3,40.0,20.22,10.0,1.0,0.1011,0.2,16.698,False,fuzzy_logic_fixed_snr,22.8355,0.9623
64,v4,v8,40.0,90.0,20.0,1.0,0.45,0.4,4.9151,False,fuzzy_logic_fixed_snr,11.0503,0.4502
64,v4,v7,40.0,100.04,10.0,1.0,0.5002,0.2,5.5886,False,fuzzy_logic_fixed_snr,11.7266,0.5213
64,v4,v11,40.0,150.03,30.0,1.0,0.7501,0.6,0.3647,True,fuzzy_logic_fixed_snr,19.9787,0.801
64,v4,v12,40.0,160.0,20.0,1.0,0.8,0.4,0.9171,True,fuzzy_logic_fixed_snr,20.3528,0.8135
65,v1,v6,40.0,20.22,10.0,1.0,0.1011,0.2,16.698,False,fuzzy_logic_fixed_snr,22.8354,0.9588
65,v1,v2,40.0,80.06,20.0,1.0,0.4003,0.4,5.7287,False,fuzzy_logic_fixed_snr,11.866,0.5189
65,v2,v1,20.0,80.06,20.0,0.6,0.4003,0.4,-14.2713,True,fuzzy_logic_fixed_snr,5.0274,0.1193
65,v2,v6,20.0,100.0,30.0,0.6,0.5,0.6,-16.8165,True,fuzzy_logic_fixed_snr,2.8691,0.1164
65,v3,v4,20.0,30.15,40.0,0.6,0.1507,0.8,-9.2603,True,fuzzy_logic_fixed_snr,11.0289,0.2842
65,v3,v7,20.0,80.0,20.0,0.6,0.4,0.4,-14.2664,True,fuzzy_logic_fixed_snr,5.0247,0.1346
65,v3,v8,20.0,80.06,30.0,0.6,0.4003,0.6,-15.2708,True,fuzzy_logic_fixed_snr,4.0554,0.132
65,v3,v11,20.0,150.0,30.0,0.6,0.75,0.6,-19.6339,True,fuzzy_logic_fixed_snr,1.3756,0.1088
65,v3,v12,20.0,150.03,30.0,0.6,0.7501,0.6,-19.6353,True,fuzzy_logic_fixed_snr,1.3862,0.1121
65,v4,v3,40.0,30.15,40.0,1.0,0.1507,0.8,10.7397,True,fuzzy_logic_fixed_snr,23.9264,0.8951
65,v4,v8,40.0,110.0,10.0,1.0,0.55,0.2,4.9295,False,fuzzy_logic_fixed_snr,11.0678,0.4637
65,v4,v7,40.0,110.04,20.0,1.0,0.5502,0.4,3.5182,False,fuzzy_logic_fixed_snr,9.6549,0.3434
65,v4,v12,40.0,180.0,10.0,1.0,0.9,0.2,1.5074,True,fuzzy_logic_fixed_snr,20.742,0.8205
65,v4,v11,40.0,180.02,10.0,1.0,0.9001,0.2,1.5064,True,fuzzy_logic_fixed_snr,20.7475,0.8322
66,v1,v6,40.0,10.44,20.0,1.0,0.0522,0.4,19.8836,False,fuzzy_logic_fixed_snr,26.0198,0.9682
66,v1,v2,40.0,60.07,20.0,1.0,0.3004,0.4,7.7239,False,fuzzy_logic_fixed_snr,13.8622,0.6938
66,v2,v1,20.0,60.07,20.0,0.6,0.3004,0.4,-12.2761,True,fuzzy_logic_fixed_snr,7.3634,0.1594
66,v2,v6,20.0,70.0,0.0,0.6,0.35,0.0,-9.5216,True,fuzzy_logic_fixed_snr,10.7278,0.2402
66,v3,v4,20.0,10.44,10.0,0.6,0.0522,0.2,1.2923,False,fuzzy_logic_fixed_snr,7.4311,0.2225
66,v3,v7,20.0,100.0,20.0,0.6,0.5,0.4,-15.817,True,fuzzy_logic_fixed_snr,3.6125,0.1164
66,v3,v8,20.0,110.04,0.0,0.6,0.5502,0.0,-12.6649,True,fuzzy_logic_fixed_snr,6.8642,0.159
66,v3,v11,20.0,180.0,30.0,0.6,0.9,0.6,-20.9008,True,fuzzy_logic_fixed_snr,0.9508,0.1129
66,v3,v12,20.0,180.02,10.0,0.6,0.9001,0.2,-18.4936,True,fuzzy_logic_fixed_snr,1.8972,0.1076
66,v4,v3,40.0,10.44,10.0,1.0,0.0522,0.2,21.2923,False,fuzzy_logic_fixed_snr,27.4304,0.9818
66,v4,v7,40.0,90.05,30.0,1.0,0.4502,0.6,3.9118,True,fuzzy_logic_fixed_snr,22.05,0.8668
66,v4,v8,40.0,100.0,10.0,1.0,0.5,0.2,5.5918,False,fuzzy_logic_fixed_snr,11.729,0.5213
66,v4,v12,40.0,170.0,20.0,1.0,0.85,0.4,0.4958,True,fuzzy_logic_fixed_snr,20.0994,0.8209
66,v4,v11,40.0,170.03,40.0,1.0,0.8501,0.8,-1.28,True,fuzzy_logic_fixed_snr,18.7555,0.7383
67,v1,v6,40.0,30.15,30.0,1.0,0.1507,0.6,11.515,False,fuzzy_logic_fixed_snr,17.6518,0.8676
67,v1,v2,40.0,40.11,30.0,1.0,0.2006,0.6,9.5311,False,fuzzy_logic_fixed_snr,15.6687,0.8035
67,v2,v1,20.0,40.11,30.0,0.6,0.2006,0.6,-10.4689,True,fuzzy_logic_fixed_snr,9.5973,0.2129
67,v2,v6,20.0,70.0,0.0,0.6,0.35,0.0,-9.5216,True,fuzzy_logic_fixed_snr,10.7386,0.257
67,v3,v4,20.0,20.22,10.0,0.6,0.1011,0.2,-3.302,False,fuzzy_logic_fixed_snr,2.8349,0.1471
67,v3,v7,20.0,80.0,40.0,0.6,0.4,0.8,-16.0412,True,fuzzy_logic_fixed_snr,3.4219,0.1232
67,v3,v8,20.0,110.04,20.0,0.6,0.5502,0.4,-16.4818,True,fuzzy_logic_fixed_snr,3.1106,0.1195
67,v3,v11,20.0,150.0,0.0,0.6,0.75,0.0,-14.8175,True,fuzzy_logic_fixed_snr,4.4729,0.1359
67,v3,v12,20.0,170.03,20.0,0.6,0.8501,0.4,-19.5052,True,fuzzy_logic_fixed_snr,1.4387,0.1066
67,v4,v3,40.0,20.22,10.0,1.0,0.1011,0.2,16.698,False,fuzzy_logic_fixed_snr,22.8354,0.9588
67,v4,v7,40.0,60.07,30.0,1.0,0.3004,0.6,6.7244,False,fuzzy_logic_fixed_snr,12.8617,0.6012
67,v4,v8,40.0,90.0,10.0,1.0,0.45,0.2,6.3239,False,fuzzy_logic_fixed_snr,12.4609,0.5781
67,v4,v11,40.0,130.03,10.0,1.0,0.6502,0.2,3.7668,False,fuzzy_logic_fixed_snr,9.9032,0.3664
67,v4,v12,40.0,150.0,10.0,1.0,0.75,0.2,2.7743,False,fuzzy_logic_fixed_snr,8.913,0.2945
68,v1,v6,40.0,3.0,40.0,1.0,0.015,0.8,26.7743,True,fuzzy_logic_fixed_snr,24.5285,0.9094
68,v1,v2,40.0,70.06,10.0,1.0,0.3503,0.2,8.0638,False,fuzzy_logic_fixed_snr,14.2,0.7156
68,v1,v13,40.0,180.0,30.0,1.0,0.9,0.6,-0.9008,True,fuzzy_logic_fixed_snr,19.0605,0.766
68,v2,v6,20.0,70.0,30.0,0.6,0.35,0.6,-14.338,True,fuzzy_logic_fixed_snr,4.9534,0.1328
68,v2,v1,20.0,70.06,10.0,0.6,0.3503,0.2,-11.9362,True,fuzzy_logic_fixed_snr,7.7911,0.1682
68,v3,v4,20.0,10.44,30.0,0.6,0.0522,0.6,-1.1159,True,fuzzy_logic_fixed_snr,18.9088,0.7641
68,v3,v7,20.0,40.0,10.0,0.6,0.2,0.2,-8.0412,False,fuzzy_logic_fixed_snr,-1.9031,0.1139
68,v3,v8,20.0,90.05,10.0,0.6,0.4502,0.2,-13.68,True,fuzzy_logic_fixed_snr,5.6217,0.1502
68,v3,v11,20.0,150.0,0.0,0.6,0.75,0.0,-14.8175,True,fuzzy_logic_fixed_snr,4.4738,0.1529
68,v3,v12,20.0,150.03,10.0,0.6,0.7501,0.2,-17.2271,True,fuzzy_logic_fixed_snr,2.5983,0.1148
68,v4,v3,40.0,10.44,30.0,1.0,0.0522,0.6,18.8841,False,fuzzy_logic_fixed_snr,25.0206,0.977
68,v4,v7,40.0,30.15,20.0,1.0,0.1507,0.4,12.5145,False,fuzzy_logic_fixed_snr,18.6541,0.8967
68,v4,v8,40.0,80.0,40.0,1.0,0.4,0.8,3.9588,True,fuzzy_logic_fixed_snr,22.0477,0.8766
68,v4,v12,40.0,140.0,20.0,1.0,0.7,0.4,1.845,True,fuzzy_logic_fixed_snr,20.9493,0.848
68,v4,v11,40.0,140.03,30.0,1.0,0.7002,0.6,0.8439,True,fuzzy_logic_fixed_snr,20.3112,0.8264
69,v1,v6,40.0,40.11,30.0,1.0,0.2006,0.6,9.5311,False,fuzzy_logic_fixed_snr,15.6679,0.8043
69,v1,v2,40.0,80.06,10.0,1.0,0.4003,0.2,7.1374,False,fuzzy_logic_fixed_snr,13.2733,0.652
69,v1,v13,40.0,150.0,0.0,1.0,0.75,0.0,5.1825,False,fuzzy_logic_fixed_snr,11.3226,0.466
69,v2,v6,20.0,40.0,20.0,0.6,0.2,0.4,-9.4499,True,fuzzy_logic_fixed_snr,10.8182,0.2576
69,v2,v1,20.0,80.06,10.0,0.6,0.4003,0.2,-12.8626,True,fuzzy_logic_fixed_snr,6.6178,0.1506
69,v3,v4,20.0,40.11,30.0,0.6,0.2006,0.6,-10.4689,True,fuzzy_logic_fixed_snr,9.6321,0.2213
69,v3,v7,20.0,50.0,20.0,0.6,0.25,0.4,-11.0005,True,fuzzy_logic_fixed_snr,8.9669,0.2037
69,v3,v8,20.0,80.06,0.0,0.6,0.4003,0.0,-10.4543,True,fuzzy_logic_fixed_snr,9.6347,0.224
69,v3,v11,20.0,150.0,30.0,0.6,0.75,0.6,-19.6339,True,fuzzy_logic_fixed_snr,1.3946,0.1061
69,v3,v12,20.0,160.03,10.0,0.6,0.8001,0.2,-17.6754,True,fuzzy_logic_fixed_snr,2.3248,0.1119
69,v4,v7,40.0,10.44,10.0,1.0,0.0522,0.2,21.2923,False,fuzzy_logic_fixed_snr,27.4294,0.9779
69,v4,v8,40.0,40.0,30.0,1.0,0.2,0.6,9.5506,False,fuzzy_logic_fixed_snr,15.6863,0.7914
69,v4,v3,40.0,40.11,30.0,1.0,0.2006,0.6,9.5311,False,fuzzy_logic_fixed_snr,15.6685,0.8145
69,v4,v11,40.0,110.04,0.0,1.0,0.5502,0.0,7.3351,False,fuzzy_logic_fixed_snr,13.4724,0.6691
69,v4,v12,40.0,120.0,20.0,1.0,0.6,0.4,2.9161,False,fuzzy_logic_fixed_snr,9.0542,0.3016
70,v1,v6,40.0,70.06,10.0,1.0,0.3503,0.2,8.0638,False,fuzzy_logic_fixed_snr,14.2019,0.7203
70,v1,v2,40.0,90.05,0.0,1.0,0.4502,0.0,8.7283,False,fuzzy_logic_fixed_snr,14.8673,0.7586
70,v1,v13,40.0,150.0,30.0,1.0,0.75,0.6,0.3661,True,fuzzy_logic_fixed_snr,19.9801,0.8098
70,v1,v5,40.0,180.0,30.0,1.0,0.9,0.6,-0.9008,True,fuzzy_logic_fixed_snr,19.0452,0.7537
70,v2,v6,20.0,20.0,10.0,0.6,0.1,0.2,-3.2247,False,fuzzy_logic_fixed_snr,2.9111,0.1447
70,v2,v1,20.0,90.05,0.0,0.6,0.4502,0.0,-11.2717,True,fuzzy_logic_fixed_snr,8.6256,0.1736
70,v3,v7,20.0,70.0,30.0,0.6,0.35,0.6,-14.338,True,fuzzy_logic_fixed_snr,4.9235,0.1439
70,v3,v4,20.0,70.06,10.0,0.6,0.3503,0.2,-11.9362,True,fuzzy_logic_fixed_snr,7.7684,0.1586
70,v3,v8,20.0,80.06,10.0,0.6,0.4003,0.2,-12.8626,True,fuzzy_logic_fixed_snr,6.6107,0.1453
70,v3,v12,20.0,170.03,0.0,0.6,0.8501,0.0,-15.6883,True,fuzzy_logic_fixed_snr,3.7019,0.1332
70,v3,v11,20.0,180.0,10.0,0.6,0.9,0.2,-18.4926,True,fuzzy_logic_fixed_snr,1.8986,0.1125
70,v4,v7,40.0,3.0,20.0,1.0,0.015,0.4,28.5491,False,fuzzy_logic_fixed_snr,34.6866,0.9883
70,v4,v8,40.0,10.0,0.0,1.0,0.05,0.0,24.0,False,fuzzy_logic_fixed_snr,30.1394,0.9848
70,v4,v3,40.0,70.06,10.0,1.0,0.3503,0.2,8.0638,False,fuzzy_logic_fixed_snr,14.2005,0.7219
70,v4,v12,40.0,100.0,10.0,1.0,0.5,0.2,5.5918,False,fuzzy_logic_fixed_snr,11.7296,0.5111
70,v4,v11,40.0,110.04,0.0,1.0,0.5502,0.0,7.3351,False,fuzzy_logic_fixed_snr,13.4709,0.6633
71,v1,v6,40.0,60.07,30.0,1.0,0.3004,0.6,6.7244,False,fuzzy_logic_fixed_snr,12.8616,0.6143
71,v1,v2,40.0,90.05,0.0,1.0,0.4502,0.0,8.7283,False,fuzzy_logic_fixed_snr,14.8655,0.7537
71,v1,v13,40.0,180.0,30.0,1.0,0.9,0.6,-0.9008,True,fuzzy_logic_fixed_snr,19.0622,0.7596
71,v2,v6,20.0,30.0,30.0,0.6,0.15,0.6,-8.4504,True,fuzzy_logic_fixed_snr,11.9533,0.2939
71,v2,v1,20.0,90.05,0.0,0.6,0.4502,0.0,-11.2717,True,fuzzy_logic_fixed_snr,8.6011,0.1883
71,v3,v7,20.0,40.0,30.0,0.6,0.2,0.6,-10.4494,True,fuzzy_logic_fixed_snr,9.6478,0.2154
71,v3,v4,20.0,60.07,30.0,0.6,0.3004,0.6,-13.2756,True,fuzzy_logic_fixed_snr,6.1029,0.1535
71,v3,v8,20.0,70.06,0.0,0.6,0.3503,0.0,-9.5279,True,fuzzy_logic_fixed_snr,10.7194,0.2402
71,v3,v11,20.0,170.0,20.0,0.6,0.85,0.4,-19.5042,True,fuzzy_logic_fixed_snr,1.4427,0.118
71,v3,v12,20.0,170.03,30.0,0.6,0.8501,0.6,-20.5047,True,fuzzy_logic_fixed_snr,1.0766,0.1002
71,v4,v8,40.0,10.0,30.0,1.0,0.05,0.6,19.1835,False,fuzzy_logic_fixed_snr,25.3219,0.9656
71,v4,v7,40.0,20.22,0.0,1.0,0.1011,0.0,19.1062,False,fuzzy_logic_fixed_snr,25.2443,0.9725
71,v4,v3,40.0,60.07,30.0,1.0,0.3004,0.6,6.7244,False,fuzzy_logic_fixed_snr,12.8625,0.6197
71,v4,v12,40.0,110.0,0.0,1.0,0.55,0.0,7.3377,False,fuzzy_logic_fixed_snr,13.4749,0.6451
71,v4,v11,40.0,110.04,10.0,1.0,0.5502,0.2,4.9269,False,fuzzy_logic_fixed_snr,11.0643,0.4633
72,v1,v2,40.0,90.05,0.0,1.0,0.4502,0.0,8.7283,False,fuzzy_logic_fixed_snr,14.8669,0.7625
72,v1,v6,40.0,90.05,10.0,1.0,0.4502,0.2,6.32,False,fuzzy_logic_fixed_snr,12.4568,0.5805
72,v1,v13,40.0,150.0,10.0,1.0,0.75,0.2,2.7743,False,fuzzy_logic_fixed_snr,8.9115,0.3074
72,v2,v6,20.0,0.0,10.0,0.6,0.0,0.2,33.5918,False,fuzzy_logic_fixed_snr,39.7297,0.9932
72,v2,v1,20.0,90.05,0.0,0.6,0.4502,0.0,-11.2717,True,fuzzy_logic_fixed_snr,8.612,0.1938
72,v3,v7,20.0,70.0,30.0,0.6,0.35,0.6,-14.338,True,fuzzy_logic_fixed_snr,4.9287,0.1359
72,v3,v8,20.0,70.06,10.0,0.6,0.3503,0.2,-11.9362,True,fuzzy_logic_fixed_snr,7.761,0.1736
72,v3,v4,20.0,90.05,10.0,0.6,0.4502,0.2,-13.68,True,fuzzy_logic_fixed_snr,5.6424,0.1383
72,v3,v11,20.0,190.0,10.0,0.6,0.95,0.2,-18.8683,True,fuzzy_logic_fixed_snr,1.716,0.107
72,v4,v8,40.0,20.0,20.0,1.0,0.1,0.4,15.3666,False,fuzzy_logic_fixed_snr,21.5057,0.951
72,v4,v7,40.0,20.22,40.0,1.0,0.1011,0.8,13.5145,True,fuzzy_logic_fixed_snr,24.2066,0.9123
72,v4,v3,40.0,90.05,10.0,1.0,0.4502,0.2,6.32,False,fuzzy_logic_fixed_snr,12.4574,0.5869
72,v4,v11,40.0,100.04,20.0,1.0,0.5002,0.4,4.1799,False,fuzzy_logic_fixed_snr,10.3175,0.4004
72,v4,v12,40.0,110.0,0.0,1.0,0.55,0.0,7.3377,False,fuzzy_logic_fixed_snr,13.4767,0.6523
73,v1,v2,40.0,90.05,0.0,1.0,0.4502,0.0,8.7283,False,fuzzy_logic_fixed_snr,14.866,0.7531
73,v1,v6,40.0,100.04,30.0,1.0,0.5002,0.6,3.1804,True,fuzzy_logic_fixed_snr,21.6909,0.8551
73,v1,v13,40.0,140.0,40.0,1.0,0.7,0.8,0.0702,True,fuzzy_logic_fixed_snr,19.7757,0.8082
73,v1,v5,40.0,200.0,0.0,1.0,1.0,0.0,3.1835,True,fuzzy_logic_fixed_snr,21.6948,0.852
73,v2,v6,20.0,10.0,30.0,0.6,0.05,0.6,-0.8165,True,fuzzy_logic_fixed_snr,19.106,0.7521
73,v2,v1,20.0,90.05,0.0,0.6,0.4502,0.0,-11.2717,True,fuzzy_logic_fixed_snr,8.6206,0.1893
73,v3,v7,20.0,40.0,40.0,0.6,0.2,0.8,-11.2247,True,fuzzy_logic_fixed_snr,8.6781,0.1973
73,v3,v8,20.0,60.07,0.0,0.6,0.3004,0.0,-8.4591,True,fuzzy_logic_fixed_snr,11.9374,0.2955
73,v3,v4,20.0,100.04,30.0,0.6,0.5002,0.6,-16.8196,True,fuzzy_logic_fixed_snr,2.8537,0.1236
73,v3,v11,20.0,180.0,30.0,0.6,0.9,0.6,-20.9008,True,fuzzy_logic_fixed_snr,0.948,0.1018
73,v4,v8,40.0,40.0,30.0,1.0,0.2,0.6,9.5506,False,fuzzy_logic_fixed_snr,15.6885,0.7945
73,v4,v7,40.0,60.07,10.0,1.0,0.3004,0.2,9.1327,False,fuzzy_logic_fixed_snr,15.2722,0.7869
73,v4,v11,40.0,80.06,0.0,1.0,0.4003,0.0,9.5457,False,fuzzy_logic_fixed_snr,15.6827,0.7973
73,v4,v3,40.0,100.04,30.0,1.0,0.5002,0.6,3.1804,True,fuzzy_logic_fixed_snr,21.6977,0.8703
73,v4,v12,40.0,110.0,30.0,1.0,0.55,0.6,2.5212,True,fuzzy_logic_fixed_snr,21.3316,0.8643
74,v1,v6,40.0,70.06,10.0,1.0,0.3503,0.2,8.0638,False,fuzzy_logic_fixed_snr,14.2028,0.7139
74,v1,v2,40.0,90.05,20.0,1.0,0.4502,0.4,4.9113,False,fuzzy_logic_fixed_snr,11.0494,0.46
74,v1,v13,40.0,180.0,40.0,1.0,0.9,0.8,-1.6761,True,fuzzy_logic_fixed_snr,18.4383,0.7225
74,v1,v5,40.0,200.0,0.0,1.0,1.0,0.0,3.1835,True,fuzzy_logic_fixed_snr,21.7013,0.8611
74,v2,v6,20.0,20.0,10.0,0.6,0.1,0.2,-3.2247,False,fuzzy_logic_fixed_snr,2.9131,0.1451
74,v2,v1,20.0,90.05,20.0,0.6,0.4502,0.4,-15.0887,True,fuzzy_logic_fixed_snr,4.2353,0.1371
74,v3,v7,20.0,0.0,20.0,0.6,0.0,0.4,32.183,True,fuzzy_logic_fixed_snr,24.5407,0.9104
74,v3,v8,20.0,60.07,0.0,0.6,0.3004,0.0,-8.4591,True,fuzzy_logic_fixed_snr,11.9579,0.2982
74,v3,v4,20.0,70.06,30.0,0.6,0.3503,0.6,-14.3444,True,fuzzy_logic_fixed_snr,4.937,0.1455
74,v3,v11,20.0,150.0,20.0,0.6,0.75,0.4,-18.6344,True,fuzzy_logic_fixed_snr,1.8117,0.1234
74,v4,v8,40.0,10.0,30.0,1.0,0.05,0.6,19.1835,False,fuzzy_logic_fixed_snr,25.3233,0.9711
74,v4,v3,40.0,70.06,30.0,1.0,0.3503,0.6,5.6556,False,fuzzy_logic_fixed_snr,11.7936,0.509
74,v4,v7,40.0,70.06,10.0,1.0,0.3503,0.2,8.0638,False,fuzzy_logic_fixed_snr,14.203,0.7182
74,v4,v11,40.0,80.06,10.0,1.0,0.4003,0.2,7.1374,False,fuzzy_logic_fixed_snr,13.2746,0.6598
74,v4,v12,40.0,140.0,20.0,1.0,0.7,0.4,1.845,True,fuzzy_logic_fixed_snr,20.9429,0.8283
75,v1,v6,40.0,80.06,10.0,1.0,0.4003,0.2,7.1374,False,fuzzy_logic_fixed_snr,13.2747,0.643
75,v1,v2,40.0,110.04,40.0,1.0,0.5502,0.8,1.7434,True,fuzzy_logic_fixed_snr,20.8935,0.8367
75,v1,v13,40.0,140.0,20.0,1.0,0.7,0.4,1.845,True,fuzzy_logic_fixed_snr,20.9443,0.8266
75,v1,v14,40.0,170.03,30.0,1.0,0.8501,0.6,-0.5047,True,fuzzy_logic_fixed_snr,19.3696,0.7928
75,v1,v5,40.0,200.0,30.0,1.0,1.0,0.6,-1.633,True,fuzzy_logic_fixed_snr,18.4718,0.7363
75,v2,v6,20.0,30.0,30.0,0.6,0.15,0.6,-8.4504,True,fuzzy_logic_fixed_snr,11.9465,0.2959
75,v2,v1,20.0,110.04,40.0,0.6,0.5502,0.8,-18.2566,True,fuzzy_logic_fixed_snr,2.0118,0.1186
75,v3,v7,20.0,20.0,20.0,0.6,0.1,0.4,-4.6334,True,fuzzy_logic_fixed_snr,15.7953,0.5637
75,v3,v8,20.0,60.07,10.0,0.6,0.3004,0.2,-10.8673,True,fuzzy_logic_fixed_snr,9.1164,0.198
75,v3,v4,20.0,100.04,20.0,0.6,0.5002,0.4,-15.8201,True,fuzzy_logic_fixed_snr,3.6167,0.1287
75,v3,v11,20.0,170.0,20.0,0.6,0.85,0.4,-19.5042,True,fuzzy_logic_fixed_snr,1.4465,0.1174
75,v4,v8,40.0,40.0,10.0,1.0,0.2,0.2,11.9588,False,fuzzy_logic_fixed_snr,18.0973,0.8893
75,v4,v11,40.0,70.06,0.0,1.0,0.3503,0.0,10.4721,False,fuzzy_logic_fixed_snr,16.6099,0.8436
75,v4,v7,40.0,80.06,0.0,1.0,0.4003,0.0,9.5457,False,fuzzy_logic_fixed_snr,15.6829,0.8229
75,v4,v3,40.0,100.04,20.0,1.0,0.5002,0.4,4.1799,False,fuzzy_logic_fixed_snr,10.3172,0.3992
75,v4,v12,40.0,120.0,30.0,1.0,0.6,0.6,1.9166,True,fuzzy_logic_fixed_snr,21.0095,0.8492
76,v1,v6,40.0,90.05,20.0,1.0,0.4502,0.4,4.9113,False,fuzzy_logic_fixed_snr,11.0498,0.4482
76,v1,v13,40.0,120.0,20.0,1.0,0.6,0.4,2.9161,False,fuzzy_logic_fixed_snr,9.053,0.3109
76,v1,v14,40.0,140.03,0.0,1.0,0.7002,0.0,5.6604,False,fuzzy_logic_fixed_snr,11.7989,0.5096
76,v1,v2,40.0,150.03,0.0,1.0,0.7501,0.0,5.1812,False,fuzzy_logic_fixed_snr,11.3176,0.4758
76,v1,v5,40.0,170.0,0.0,1.0,0.85,0.0,4.3128,True,fuzzy_logic_fixed_snr,22.236,0.8672
76,v2,v6,20.0,60.0,20.0,0.6,0.3,0.4,-12.2674,True,fuzzy_logic_fixed_snr,7.3378,0.1674
76,v2,v1,20.0,150.03,0.0,0.6,0.7501,0.0,-14.8188,True,fuzzy_logic_fixed_snr,4.4901,0.1256
76,v3,v7,20.0,0.0,10.0,0.6,0.0,0.2,33.5918,False,fuzzy_logic_fixed_snr,39.73,0.998
76,v3,v8,20.0,50.09,40.0,0.6,0.2504,0.8,-12.7878,True,fuzzy_logic_fixed_snr,6.7146,0.1682
76,v3,v4,20.0,80.06,30.0,0.6,0.4003,0.6,-15.2708,True,fuzzy_logic_fixed_snr,4.036,0.1311
76,v3,v11,20.0,150.0,40.0,0.6,0.75,0.8,-20.4092,True,fuzzy_logic_fixed_snr,1.0777,0.1102
76,v4,v8,40.0,30.0,10.0,1.0,0.15,0.2,13.9578,False,fuzzy_logic_fixed_snr,20.0944,0.9215
76,v4,v11,40.0,70.06,10.0,1.0,0.3503,0.2,8.0638,False,fuzzy_logic_fixed_snr,14.2009,0.7156
76,v4,v3,40.0,80.06,30.0,1.0,0.4003,0.6,4.7292,False,fuzzy_logic_fixed_snr,10.8679,0.4332
76,v4,v7,40.0,80.06,20.0,1.0,0.4003,0.4,5.7287,False,fuzzy_logic_fixed_snr,11.8678,0.5301
76,v4,v12,40.0,150.0,10.0,1.0,0.75,0.2,2.7743,False,fuzzy_logic_fixed_snr,8.9136,0.2896
77,v1,v13,40.0,100.0,0.0,1.0,0.5,0.0,8.0,False,fuzzy_logic_fixed_snr,14.1354,0.7188
77,v1,v6,40.0,110.04,10.0,1.0,0.5502,0.2,4.9269,False,fuzzy_logic_fixed_snr,11.0626,0.4705
77,v1,v14,40.0,140.03,20.0,1.0,0.7002,0.4,1.8434,True,fuzzy_logic_fixed_snr,20.9378,0.8354
77,v1,v2,40.0,150.03,0.0,1.0,0.7501,0.0,5.1812,False,fuzzy_logic_fixed_snr,11.3183,0.476
77,v1,v5,40.0,170.0,20.0,1.0,0.85,0.4,0.4958,True,fuzzy_logic_fixed_snr,20.0867,0.81
77,v2,v6,20.0,40.0,10.0,0.6,0.2,0.2,-8.0412,False,fuzzy_logic_fixed_snr,-1.9043,0.11
77,v2,v1,20.0,150.03,0.0,0.6,0.7501,0.0,-14.8188,True,fuzzy_logic_fixed_snr,4.4737,0.1455
77,v3,v7,20.0,10.0,10.0,0.6,0.05,0.2,1.5918,False,fuzzy_logic_fixed_snr,7.7307,0.2248
77,v3,v8,20.0,10.44,30.0,0.6,0.0522,0.6,-1.1159,True,fuzzy_logic_fixed_snr,18.8673,0.7576
77,v3,v4,20.0,50.09,40.0,0.6,0.2504,0.8,-12.7878,True,fuzzy_logic_fixed_snr,6.708,0.1639
77,v3,v11,20.0,110.0,20.0,0.6,0.55,0.4,-16.4793,True,fuzzy_logic_fixed_snr,3.0909,0.1346
77,v3,v12,20.0,190.02,40.0,0.6,0.9501,0.8,-22.0527,True,fuzzy_logic_fixed_snr,0.669,0.1076
77,v4,v8,40.0,40.0,10.0,1.0,0.2,0.2,11.9588,False,fuzzy_logic_fixed_snr,18.0987,0.9
77,v4,v3,40.0,50.09,40.0,1.0,0.2504,0.8,7.2122,True,fuzzy_logic_fixed_snr,23.2428,0.8971
77,v4,v7,40.0,60.07,30.0,1.0,0.3004,0.6,6.7244,False,fuzzy_logic_fixed_snr,12.8602,0.6131
77,v4,v11,40.0,60.07,20.0,1.0,0.3004,0.4,7.7239,False,fuzzy_logic_fixed_snr,13.8623,0.6879
77,v4,v12,40.0,140.0,0.0,1.0,0.7,0.0,5.662,False,fuzzy_logic_fixed_snr,11.7993,0.5219
78,v1,v13,40.0,100.0,30.0,1.0,0.5,0.6,3.1835,True,fuzzy_logic_fixed_snr,21.6863,0.8732
78,v1,v6,40.0,100.04,40.0,1.0,0.5002,0.8,2.4051,True,fuzzy_logic_fixed_snr,21.2709,0.851
78,v1,v5,40.0,150.0,20.0,1.0,0.75,0.4,1.3656,True,fuzzy_logic_fixed_snr,20.6619,0.8322
78,v1,v2,40.0,150.03,0.0,1.0,0.7501,0.0,5.1812,False,fuzzy_logic_fixed_snr,11.3188,0.4711
78,v1,v14,40.0,160.03,30.0,1.0,0.8001,0.6,-0.0836,True,fuzzy_logic_fixed_snr,19.67,0.7844
78,v2,v6,20.0,50.0,40.0,0.6,0.25,0.8,-12.7753,True,fuzzy_logic_fixed_snr,6.721,0.1654
78,v2,v1,20.0,150.03,0.0,0.6,0.7501,0.0,-14.8188,True,fuzzy_logic_fixed_snr,4.4549,0.1338
78,v3,v4,20.0,10.44,40.0,0.6,0.0522,0.8,-1.8912,True,fuzzy_logic_fixed_snr,18.2446,0.7371
78,v3,v7,20.0,20.0,10.0,0.6,0.1,0.2,-3.2247,False,fuzzy_logic_fixed_snr,2.9127,0.1354
78,v3,v8,20.0,20.22,20.0,0.6,0.1011,0.4,-4.7108,True,fuzzy_logic_fixed_snr,15.7688,0.5441
78,v3,v11,20.0,90.0,20.0,0.6,0.45,0.4,-15.0849,True,fuzzy_logic_fixed_snr,4.2224,0.1256
78,v3,v12,20.0,150.03,0.0,0.6,0.7501,0.0,-14.8188,True,fuzzy_logic_fixed_snr,4.4749,0.1277
78,v4,v3,40.0,10.44,40.0,1.0,0.0522,0.8,18.1088,True,fuzzy_logic_fixed_snr,24.423,0.907
78,v4,v8,40.0,30.0,20.0,1.0,0.15,0.4,12.5491,False,fuzzy_logic_fixed_snr,18.6871,0.9039
78,v4,v7,40.0,30.15,30.0,1.0,0.1507,0.6,11.515,False,fuzzy_logic_fixed_snr,17.6534,0.874
78,v4,v11,40.0,80.06,20.0,1.0,0.4003,0.4,5.7287,False,fuzzy_logic_fixed_snr,11.8669,0.5307
78,v4,v12,40.0,140.0,40.0,1.0,0.7,0.8,0.0702,True,fuzzy_logic_fixed_snr,19.7903,0.8117
79,v1,v6,40.0,60.07,20.0,1.0,0.3004,0.4,7.7239,False,fuzzy_logic_fixed_snr,13.8626,0.69
79,v1,v13,40.0,130.0,40.0,1.0,0.65,0.8,0.5851,True,fuzzy_logic_fixed_snr,20.1251,0.8168
79,v1,v2,40.0,150.03,30.0,1.0,0.7501,0.6,0.3647,True,fuzzy_logic_fixed_snr,19.9864,0.8111
79,v1,v5,40.0,170.0,10.0,1.0,0.85,0.2,1.9046,True,fuzzy_logic_fixed_snr,21.0159,0.833
79,v1,v14,40.0,190.02,40.0,1.0,0.9501,0.8,-2.0527,True,fuzzy_logic_fixed_snr,18.1407,0.7063
79,v2,v6,20.0,90.0,10.0,0.6,0.45,0.2,-13.6761,True,fuzzy_logic_fixed_snr,5.6647,0.1402
79,v2,v1,20.0,150.03,30.0,0.6,0.7501,0.6,-19.6353,True,fuzzy_logic_fixed_snr,1.3835,0.1096
79,v3,v7,20.0,30.0,20.0,0.6,0.15,0.4,-7.4509,True,fuzzy_logic_fixed_snr,13.0293,0.3926
79,v3,v4,20.0,30.15,0.0,0.6,0.1507,0.0,-3.6685,False,fuzzy_logic_fixed_snr,2.468,0.1318
79,v3,v8,20.0,40.11,10.0,0.6,0.2006,0.2,-8.0607,False,fuzzy_logic_fixed_snr,-1.9225,0.109
79,v3,v11,20.0,70.0,10.0,0.6,0.35,0.2,-11.9298,True,fuzzy_logic_fixed_snr,7.7917,0.1809
79,v3,v15,20.0,140.0,20.0,0.6,0.7,0.4,-18.155,True,fuzzy_logic_fixed_snr,2.0627,0.0994
79,v4,v7,40.0,3.0,20.0,1.0,0.015,0.4,28.5491,False,fuzzy_logic_fixed_snr,34.686,0.9912
79,v4,v8,40.0,10.0,10.0,1.0,0.05,0.2,21.5918,False,fuzzy_logic_fixed_snr,27.7303,0.9828
79,v4,v3,40.0,30.15,0.0,1.0,0.1507,0.0,16.3315,False,fuzzy_logic_fixed_snr,22.4675,0.9523
79,v4,v11,40.0,100.04,10.0,1.0,0.5002,0.2,5.5886,False,fuzzy_logic_fixed_snr,11.7276,0.5152
79,v4,v15,40.0,170.03,20.0,1.0,0.8501,0.4,0.4948,True,fuzzy_logic_fixed_snr,20.0738,0.8166
80,v1,v6,40.0,40.11,0.0,1.0,0.2006,0.0,14.3476,False,fuzzy_logic_fixed_snr,20.485,0.925
80,v1,v2,40.0,120.04,0.0,1.0,0.6002,0.0,6.7309,False,fuzzy_logic_fixed_snr,12.8689,0.608
80,v1,v13,40.0,170.0,30.0,1.0,0.85,0.6,-0.5037,True,fuzzy_logic_fixed_snr,19.3483,0.7666
80,v1,v5,40.0,180.0,0.0,1.0,0.9,0.0,3.9156,True,fuzzy_logic_fixed_snr,22.0481,0.8686
80,v2,v6,20.0,80.0,0.0,0.6,0.4,0.0,-10.4494,True,fuzzy_logic_fixed_snr,9.6421,0.2197
80,v2,v1,20.0,120.04,0.0,0.6,0.6002,0.0,-13.2691,True,fuzzy_logic_fixed_snr,6.1142,0.1389
80,v3,v7,20.0,10.0,10.0,0.6,0.05,0.2,1.5918,False,fuzzy_logic_fixed_snr,7.7309,0.2301
80,v3,v4,20.0,30.15,10.0,0.6,0.1507,0.2,-6.0768,False,fuzzy_logic_fixed_snr,0.0609,0.1275
80,v3,v8,20.0,30.15,20.0,0.6,0.1507,0.4,-7.4855,True,fuzzy_logic_fixed_snr,12.9929,0.3676
80,v3,v11,20.0,60.0,10.0,0.6,0.3,0.2,-10.8587,True,fuzzy_logic_fixed_snr,9.1585,0.2021
80,v3,v12,20.0,140.03,0.0,0.6,0.7002,0.0,-14.3396,True,fuzzy_logic_fixed_snr,4.9376,0.1295
80,v4,v8,40.0,0.0,30.0,1.0,0.0,0.6,40.0,False,fuzzy_logic_fixed_snr,46.1385,0.9961
80,v4,v7,40.0,20.22,20.0,1.0,0.1011,0.4,15.2892,False,fuzzy_logic_fixed_snr,21.4258,0.9422
80,v4,v3,40.0,30.15,10.0,1.0,0.1507,0.2,13.9232,False,fuzzy_logic_fixed_snr,20.0625,0.9211
80,v4,v11,40.0,90.05,20.0,1.0,0.4502,0.4,4.9113,False,fuzzy_logic_fixed_snr,11.0503,0.46
80,v4,v12,40.0,170.0,10.0,1.0,0.85,0.2,1.9046,True,fuzzy_logic_fixed_snr,20.9699,0.8416
81,v1,v6,40.0,40.11,10.0,1.0,0.2006,0.2,11.9393,False,fuzzy_logic_fixed_snr,18.0761,0.8893
81,v1,v2,40.0,120.04,10.0,1.0,0.6002,0.2,4.3227,False,fuzzy_logic_fixed_snr,10.4614,0.3961
81,v1,v5,40.0,180.0,20.0,1.0,0.9,0.4,0.0987,True,fuzzy_logic_fixed_snr,19.8101,0.7934
81,v1,v13,40.0,200.0,30.0,1.0,1.0,0.6,-1.633,True,fuzzy_logic_fixed_snr,18.4509,0.743
81,v2,v6,20.0,80.0,20.0,0.6,0.4,0.4,-14.2664,True,fuzzy_logic_fixed_snr,5.0428,0.1373
81,v2,v1,20.0,120.04,10.0,0.6,0.6002,0.2,-15.6773,True,fuzzy_logic_fixed_snr,3.7059,0.1227
81,v2,v4,20.0,190.09,60.0,0.6,0.9505,1.2,-23.2243,True,fuzzy_logic_fixed_snr,0.4021,0.1131
81,v3,v7,20.0,0.0,10.0,0.6,0.0,0.2,33.5918,False,fuzzy_logic_fixed_snr,39.7285,0.9912
81,v3,v8,20.0,10.44,10.0,0.6,0.0522,0.2,1.2923,False,fuzzy_logic_fixed_snr,7.4304,0.2174
81,v3,v4,20.0,40.11,0.0,0.6,0.2006,0.0,-5.6524,False,fuzzy_logic_fixed_snr,0.4845,0.1256
81,v3,v11,20.0,70.0,20.0,0.6,0.35,0.4,-13.3385,True,fuzzy_logic_fixed_snr,6.0632,0.15
81,v3,v12,20.0,140.03,0.0,0.6,0.7002,0.0,-14.3396,True,fuzzy_logic_fixed_snr,4.9333,0.1336
81,v4,v8,40.0,30.0,10.0,1.0,0.15,0.2,13.9578,False,fuzzy_logic_fixed_snr,20.0939,0.9211
81,v4,v3,40.0,40.11,0.0,1.0,0.2006,0.0,14.3476,False,fuzzy_logic_fixed_snr,20.4845,0.9289
81,v4,v7,40.0,40.11,10.0,1.0,0.2006,0.2,11.9393,False,fuzzy_logic_fixed_snr,18.0793,0.8822
81,v4,v11,40.0,110.04,20.0,1.0,0.5502,0.4,3.5182,False,fuzzy_logic_fixed_snr,9.659,0.3408
81,v4,v12,40.0,180.0,0.0,1.0,0.9,0.0,3.9156,True,fuzzy_logic_fixed_snr,22.0671,0.8773
82,v1,v6,40.0,30.15,40.0,1.0,0.1507,0.8,10.7397,True,fuzzy_logic_fixed_snr,23.9271,0.9025
82,v1,v2,40.0,130.03,0.0,1.0,0.6502,0.0,6.1751,False,fuzzy_logic_fixed_snr,12.3128,0.5619
82,v1,v5,40.0,200.0,10.0,1.0,1.0,0.2,0.7753,True,fuzzy_logic_fixed_snr,20.2677,0.8318
82,v2,v6,20.0,100.0,40.0,0.6,0.5,0.8,-17.5918,True,fuzzy_logic_fixed_snr,2.3744,0.1215
82,v2,v1,20.0,130.03,0.0,0.6,0.6502,0.0,-13.8249,True,fuzzy_logic_fixed_snr,5.4902,0.1385
82,v2,v4,20.0,130.14,60.0,0.6,0.6507,1.2,-20.5913,True,fuzzy_logic_fixed_snr,1.0297,0.1131
82,v2,v8,20.0,150.12,60.0,0.6,0.7506,1.2,-21.5838,True,fuzzy_logic_fixed_snr,0.7566,0.1059
82,v2,v7,20.0,160.03,90.0,0.6,0.8001,1.8,-23.2671,True,fuzzy_logic_fixed_snr,0.3983,0.0988
82,v3,v7,20.0,10.0,10.0,0.6,0.05,0.2,1.5918,False,fuzzy_logic_fixed_snr,7.7304,0.2336
82,v3,v8,20.0,20.22,20.0,0.6,0.1011,0.4,-4.7108,True,fuzzy_logic_fixed_snr,15.7572,0.5525
82,v3,v4,20.0,40.11,20.0,0.6,0.2006,0.4,-9.4694,True,fuzzy_logic_fixed_snr,10.7979,0.2549
82,v3,v11,20.0,50.0,0.0,0.6,0.25,0.0,-7.1835,False,fuzzy_logic_fixed_snr,-1.0449,0.1109
82,v3,v15,20.0,120.0,10.0,0.6,0.6,0.2,-15.6751,True,fuzzy_logic_fixed_snr,3.716,0.1164
82,v4,v8,40.0,20.0,0.0,1.0,0.1,0.0,19.1835,False,fuzzy_logic_fixed_snr,25.3212,0.9701
82,v4,v7,40.0,30.15,30.0,1.0,0.1507,0.6,11.515,False,fuzzy_logic_fixed_snr,17.6521,0.8799
82,v4,v3,40.0,40.11,20.0,1.0,0.2006,0.4,10.5306,False,fuzzy_logic_fixed_snr,16.6674,0.8529
82,v4,v11,40.0,90.05,20.0,1.0,0.4502,0.4,4.9113,False,fuzzy_logic_fixed_snr,11.0481,0.4557
82,v4,v2,40.0,130.14,60.0,1.0,0.6507,1.2,-0.5913,True,fuzzy_logic_fixed_snr,19.3013,0.776
83,v1,v6,40.0,10.44,20.0,1.0,0.0522,0.4,19.8836,False,fuzzy_logic_fixed_snr,26.0217,0.9711
83,v1,v2,40.0,130.03,10.0,1.0,0.6502,0.2,3.7668,False,fuzzy_logic_fixed_snr,9.9031,0.3709
83,v2,v7,20.0,70.06,60.0,0.6,0.3503,1.2,-16.2887,True,fuzzy_logic_fixed_snr,3.2568,0.123
83,v2,v4,20.0,70.26,60.0,0.6,0.3513,1.2,-16.3078,True,fuzzy_logic_fixed_snr,3.2077,0.118
83,v2,v3,20.0,90.05,70.0,0.6,0.4502,1.4,-18.4965,True,fuzzy_logic_fixed_snr,1.8791,0.1313
83,v2,v8,20.0,90.2,30.0,0.6,0.451,0.6,-16.0998,True,fuzzy_logic_fixed_snr,3.3836,0.1246
83,v2,v1,20.0,130.03,10.0,0.6,0.6502,0.2,-16.2332,True,fuzzy_logic_fixed_snr,3.2762,0.1203
83,v3,v8,20.0,3.0,40.0,0.6,0.015,0.8,6.7743,True,fuzzy_logic_fixed_snr,23.1104,0.8971
83,v3,v7,20.0,20.0,10.0,0.6,0.1,0.2,-3.2247,False,fuzzy_logic_fixed_snr,2.9121,0.1438
83,v3,v4,20.0,20.22,10.0,0.6,0.1011,0.2,-3.302,False,fuzzy_logic_fixed_snr,2.8364,0.1373
83,v3,v11,20.0,50.0,0.0,0.6,0.25,0.0,-7.1835,False,fuzzy_logic_fixed_snr,-1.0451,0.1148
83,v3,v2,20.0,90.05,70.0,0.6,0.4502,1.4,-18.4965,True,fuzzy_logic_fixed_snr,1.8973,0.1066
83,v4,v7,40.0,3.0,0.0,1.0,0.015,0.0,32.3661,False,fuzzy_logic_fixed_snr,38.5049,0.9961
83,v4,v8,40.0,20.0,30.0,1.0,0.1,0.6,14.367,False,fuzzy_logic_fixed_snr,20.5065,0.9354
83,v4,v3,40.0,20.22,10.0,1.0,0.1011,0.2,16.698,False,fuzzy_logic_fixed_snr,22.8327,0.9563
83,v4,v11,40.0,70.06,10.0,1.0,0.3503,0.2,8.0638,False,fuzzy_logic_fixed_snr,14.2026,0.7316
83,v4,v2,40.0,70.26,60.0,1.0,0.3513,1.2,3.6922,True,fuzzy_logic_fixed_snr,21.9477,0.8791
84,v1,v6,40.0,30.15,10.0,1.0,0.1507,0.2,13.9232,False,fuzzy_logic_fixed_snr,20.0608,0.9318
84,v1,v2,40.0,120.04,40.0,1.0,0.6002,0.8,1.1392,True,fuzzy_logic_fixed_snr,20.5108,0.8338
84,v1,v7,40.0,130.14,40.0,1.0,0.6507,0.8,0.5778,True,fuzzy_logic_fixed_snr,20.117,0.8084
84,v1,v4,40.0,130.31,60.0,1.0,0.6516,1.2,-0.6005,True,fuzzy_logic_fixed_snr,19.274,0.7641
84,v1,v3,40.0,140.13,20.0,1.0,0.7006,0.4,1.8386,True,fuzzy_logic_fixed_snr,20.9547,0.8467
84,v2,v7,20.0,10.44,80.0,0.6,0.0522,1.6,-3.9334,True,fuzzy_logic_fixed_snr,16.4875,0.6172
84,v2,v4,20.0,11.66,100.0,0.6,0.0583,2.0,-5.3995,True,fuzzy_logic_fixed_snr,15.0788,0.4926
84,v2,v3,20.0,20.22,60.0,0.6,0.1011,1.2,-7.6546,True,fuzzy_logic_fixed_snr,12.8136,0.35
84,v2,v8,20.0,60.3,80.0,0.6,0.3015,1.6,-16.1189,True,fuzzy_logic_fixed_snr,3.3625,0.1115
84,v2,v11,20.0,70.06,60.0,0.6,0.3503,1.2,-16.2887,True,fuzzy_logic_fixed_snr,3.2452,0.1297
84,v3,v7,20.0,10.0,20.0,0.6,0.05,0.4,0.183,True,fuzzy_logic_fixed_snr,19.8572,0.7957
84,v3,v4,20.0,10.44,40.0,0.6,0.0522,0.8,-1.8912,True,fuzzy_logic_fixed_snr,18.2556,0.7305
84,v3,v2,20.0,20.22,60.0,0.6,0.1011,1.2,-7.6546,True,fuzzy_logic_fixed_snr,12.8078,0.3289
84,v3,v8,20.0,40.11,20.0,0.6,0.2006,0.4,-9.4694,True,fuzzy_logic_fixed_snr,10.7903,0.2543
84,v3,v11,20.0,50.0,0.0,0.6,0.25,0.0,-7.1835,False,fuzzy_logic_fixed_snr,-1.0458,0.1084
84,v4,v7,40.0,3.0,20.0,1.0,0.015,0.4,28.5491,False,fuzzy_logic_fixed_snr,34.6874,0.9896
84,v4,v3,40.0,10.44,40.0,1.0,0.0522,0.8,18.1088,True,fuzzy_logic_fixed_snr,24.425,0.9045
84,v4,v2,40.0,11.66,100.0,1.0,0.0583,2.0,14.6005,True,fuzzy_logic_fixed_snr,24.2816,0.9113
84,v4,v8,40.0,50.0,20.0,1.0,0.25,0.4,8.9995,False,fuzzy_logic_fixed_snr,15.1357,0.7662
84,v4,v11,40.0,60.07,40.0,1.0,0.3004,0.8,5.9491,True,fuzzy_logic_fixed_snr,22.8543,0.8771
85,v1,v6,40.0,20.22,10.0,1.0,0.1011,0.2,16.698,False,fuzzy_logic_fixed_snr,22.8361,0.9545
85,v1,v4,40.0,70.58,80.0,1.0,0.3529,1.6,2.7875,True,fuzzy_logic_fixed_snr,21.4859,0.8492
85,v1,v7,40.0,90.2,70.0,1.0,0.451,1.4,1.492,True,fuzzy_logic_fixed_snr,20.73,0.8385
85,v1,v3,40.0,120.15,90.0,1.0,0.6007,1.8,-1.2756,True,fuzzy_logic_fixed_snr,18.7738,0.7402
85,v1,v8,40.0,140.29,70.0,1.0,0.7014,1.4,-1.5771,True,fuzzy_logic_fixed_snr,18.5352,0.7375
85,v2,v11,20.0,10.44,60.0,0.6,0.0522,1.2,-3.0602,True,fuzzy_logic_fixed_snr,17.2767,0.6768
85,v2,v8,20.0,20.88,80.0,0.6,0.1044,1.6,-8.7498,True,fuzzy_logic_fixed_snr,11.6105,0.2699
85,v2,v3,20.0,40.11,100.0,0.6,0.2006,2.0,-13.9836,True,fuzzy_logic_fixed_snr,5.3053,0.1494
85,v2,v7,20.0,70.06,80.0,0.6,0.3503,1.6,-17.1619,True,fuzzy_logic_fixed_snr,2.6312,0.1029
85,v2,v15,20.0,70.06,80.0,0.6,0.3503,1.6,-17.1619,True,fuzzy_logic_fixed_snr,2.6392,0.1127
85,v3,v8,20.0,20.22,20.0,0.6,0.1011,0.4,-4.7108,True,fuzzy_logic_fixed_snr,15.7528,0.5473
85,v3,v7,20.0,30.0,20.0,0.6,0.15,0.4,-7.4509,True,fuzzy_logic_fixed_snr,12.984,0.3668
85,v3,v2,20.0,40.11,100.0,0.6,0.2006,2.0,-13.9836,True,fuzzy_logic_fixed_snr,5.3346,0.1432
85,v3,v11,20.0,50.0,40.0,0.6,0.25,0.8,-12.7753,True,fuzzy_logic_fixed_snr,6.7101,0.1564
85,v3,v4,20.0,50.09,10.0,0.6,0.2504,0.2,-9.6042,False,fuzzy_logic_fixed_snr,-3.4651,0.1021
85,v4,v7,40.0,20.22,10.0,1.0,0.1011,0.2,16.698,False,fuzzy_logic_fixed_snr,22.8364,0.9594
85,v4,v3,40.0,50.09,10.0,1.0,0.2504,0.2,10.3958,False,fuzzy_logic_fixed_snr,16.5317,0.8305
85,v4,v8,40.0,70.0,10.0,1.0,0.35,0.2,8.0702,False,fuzzy_logic_fixed_snr,14.2086,0.7275
85,v4,v1,40.0,70.58,80.0,1.0,0.3529,1.6,2.7875,True,fuzzy_logic_fixed_snr,21.489,0.8555
85,v4,v2,40.0,90.2,90.0,1.0,0.451,1.8,0.7167,True,fuzzy_logic_fixed_snr,20.2258,0.8182
86,v1,v6,40.0,10.44,0.0,1.0,0.0522,0.0,23.7006,False,fuzzy_logic_fixed_snr,29.8389,0.9854
86,v1,v4,40.0,13.45,40.0,1.0,0.0673,0.8,16.3468,True,fuzzy_logic_fixed_snr,24.366,0.909
86,v1,v7,40.0,20.88,60.0,1.0,0.1044,1.2,12.1233,True,fuzzy_logic_fixed_snr,24.0854,0.9088
86,v1,v3,40.0,30.59,70.0,1.0,0.153,1.4,9.0051,True,fuzzy_logic_fixed_snr,23.6376,0.9041
86,v1,v8,40.0,70.58,40.0,1.0,0.3529,0.8,4.8297,True,fuzzy_logic_fixed_snr,22.4305,0.9061
86,v2,v15,20.0,10.44,90.0,0.6,0.0522,1.8,-4.2994,True,fuzzy_logic_fixed_snr,16.1429,0.5871
86,v2,v12,20.0,11.66,90.0,0.6,0.0583,1.8,-5.0683,True,fuzzy_logic_fixed_snr,15.4159,0.5252
86,v2,v11,20.0,50.09,90.0,0.6,0.2504,1.8,-15.196,True,fuzzy_logic_fixed_snr,4.1279,0.1145
86,v2,v16,20.0,90.2,90.0,0.6,0.451,1.8,-19.2833,True,fuzzy_logic_fixed_snr,1.5171,0.1141
86,v2,v8,20.0,100.18,50.0,0.6,0.5009,1.0,-18.2377,True,fuzzy_logic_fixed_snr,2.0087,0.1082
86,v3,v7,20.0,10.0,10.0,0.6,0.05,0.2,1.5918,False,fuzzy_logic_fixed_snr,7.7308,0.2322
86,v3,v1,20.0,30.59,70.0,0.6,0.153,1.4,-10.9949,True,fuzzy_logic_fixed_snr,8.9347,0.2113
86,v3,v4,20.0,40.11,30.0,0.6,0.2006,0.6,-10.4689,True,fuzzy_logic_fixed_snr,9.6147,0.2172
86,v3,v6,20.0,40.11,70.0,0.6,0.2006,1.4,-12.8772,True,fuzzy_logic_fixed_snr,6.6035,0.1535
86,v3,v8,20.0,40.11,30.0,0.6,0.2006,0.6,-10.4689,True,fuzzy_logic_fixed_snr,9.6291,0.2158
86,v4,v6,40.0,6.0,40.0,1.0,0.03,0.8,21.9578,True,fuzzy_logic_fixed_snr,24.4965,0.9148
86,v4,v1,40.0,13.45,40.0,1.0,0.0673,0.8,16.3468,True,fuzzy_logic_fixed_snr,24.3695,0.9084
86,v4,v7,40.0,30.15,20.0,1.0,0.1507,0.4,12.5145,False,fuzzy_logic_fixed_snr,18.654,0.898
86,v4,v3,40.0,40.11,30.0,1.0,0.2006,0.6,9.5311,False,fuzzy_logic_fixed_snr,15.6683,0.7959
86,v4,v8,40.0,80.0,0.0,1.0,0.4,0.0,9.5506,False,fuzzy_logic_fixed_snr,15.688,0.8139
87,v1,v6,40.0,10.44,20.0,1.0,0.0522,0.4,19.8836,False,fuzzy_logic_fixed_snr,26.021,0.9691
87,v1,v8,40.0,31.32,40.0,1.0,0.1566,0.8,10.4749,True,fuzzy_logic_fixed_snr,23.8915,0.9002
87,v1,v3,40.0,40.45,70.0,1.0,0.2022,1.4,7.065,True,fuzzy_logic_fixed_snr,23.1942,0.8955
87,v1,v7,40.0,40.45,70.0,1.0,0.2022,1.4,7.065,True,fuzzy_logic_fixed_snr,23.1939,0.891
87,v1,v11,40.0,40.45,80.0,1.0,0.2022,1.6,6.6558,True,fuzzy_logic_fixed_snr,23.0656,0.8957
87,v2,v16,20.0,6.0,90.0,0.6,0.03,1.8,-0.4504,True,fuzzy_logic_fixed_snr,19.4077,0.7836
87,v2,v15,20.0,100.04,90.0,0.6,0.5002,1.8,-20.0031,True,fuzzy_logic_fixed_snr,1.2522,0.1061
87,v2,v19,20.0,100.04,100.0,0.6,0.5002,2.0,-20.3343,True,fuzzy_logic_fixed_snr,1.1503,0.1053
87,v2,v12,20.0,100.18,70.0,0.6,0.5009,1.4,-19.2372,True,fuzzy_logic_fixed_snr,1.5402,0.117
87,v2,v11,20.0,140.03,100.0,0.6,0.7002,2.0,-22.6708,True,fuzzy_logic_fixed_snr,0.4983,0.1063
87,v3,v7,20.0,0.0,0.0,0.6,0.0,0.0,36.0,False,fuzzy_logic_fixed_snr,42.1362,0.9932
87,v3,v4,20.0,10.44,10.0,0.6,0.0522,0.2,1.2923,False,fuzzy_logic_fixed_snr,7.4289,0.2273
87,v3,v6,20.0,30.15,50.0,0.6,0.1507,1.0,-9.8937,True,fuzzy_logic_fixed_snr,10.3109,0.2547
87,v3,v1,20.0,40.45,70.0,0.6,0.2022,1.4,-12.935,True,fuzzy_logic_fixed_snr,6.5267,0.1586
87,v3,v8,20.0,70.06,30.0,0.6,0.3503,0.6,-14.3444,True,fuzzy_logic_fixed_snr,4.9291,0.1398
87,v4,v3,40.0,10.44,10.0,1.0,0.0522,0.2,21.2923,False,fuzzy_logic_fixed_snr,27.4299,0.9818
87,v4,v7,40.0,10.44,10.0,1.0,0.0522,0.2,21.2923,False,fuzzy_logic_fixed_snr,27.4294,0.9799
87,v4,v6,40.0,40.45,60.0,1.0,0.2022,1.2,7.5289,True,fuzzy_logic_fixed_snr,23.3073,0.8898
87,v4,v1,40.0,50.8,80.0,1.0,0.254,1.6,5.0718,True,fuzzy_logic_fixed_snr,22.5499,0.8875
87,v4,v8,40.0,80.0,40.0,1.0,0.4,0.8,3.9588,True,fuzzy_logic_fixed_snr,22.0607,0.8721
88,v1,v15,40.0,11.66,60.0,1.0,0.0583,1.2,16.1709,True,fuzzy_logic_fixed_snr,24.3592,0.9074
88,v1,v8,40.0,13.45,40.0,1.0,0.0673,0.8,16.3468,True,fuzzy_logic_fixed_snr,24.3692,0.9094
88,v1,v6,40.0,30.15,0.0,1.0,0.1507,0.0,16.3315,False,fuzzy_logic_fixed_snr,22.4704,0.9559
88,v1,v12,40.0,31.32,40.0,1.0,0.1566,0.8,10.4749,True,fuzzy_logic_fixed_snr,23.8777,0.9078
88,v1,v11,40.0,40.45,60.0,1.0,0.2022,1.2,7.5289,True,fuzzy_logic_fixed_snr,23.3172,0.8941
88,v2,v19,20.0,3.0,60.0,0.6,0.015,1.2,5.6053,True,fuzzy_logic_fixed_snr,22.7389,0.8898
88,v2,v16,20.0,90.2,60.0,0.6,0.451,1.2,-18.0441,True,fuzzy_logic_fixed_snr,2.113,0.1244
88,v2,v12,20.0,170.11,40.0,0.6,0.8505,0.8,-21.2833,True,fuzzy_logic_fixed_snr,0.8354,0.1105
88,v2,v15,20.0,190.02,60.0,0.6,0.9501,1.2,-23.2217,True,fuzzy_logic_fixed_snr,0.4051,0.1012
88,v3,v7,20.0,0.0,20.0,0.6,0.0,0.4,32.183,True,fuzzy_logic_fixed_snr,24.5408,0.9094
88,v3,v4,20.0,20.22,10.0,0.6,0.1011,0.2,-3.302,False,fuzzy_logic_fixed_snr,2.835,0.1502
88,v3,v11,20.0,70.0,0.0,0.6,0.35,0.0,-9.5216,True,fuzzy_logic_fixed_snr,10.745,0.2457
88,v3,v6,20.0,80.06,60.0,0.6,0.4003,1.2,-17.2151,True,fuzzy_logic_fixed_snr,2.6361,0.0949
88,v3,v5,20.0,80.22,70.0,0.6,0.4011,1.4,-17.6936,True,fuzzy_logic_fixed_snr,2.3176,0.1205
88,v4,v3,40.0,20.22,10.0,1.0,0.1011,0.2,16.698,False,fuzzy_logic_fixed_snr,22.8365,0.9631
88,v4,v7,40.0,20.22,10.0,1.0,0.1011,0.2,16.698,False,fuzzy_logic_fixed_snr,22.8353,0.9529
88,v4,v5,40.0,60.67,80.0,1.0,0.3034,1.6,3.8383,True,fuzzy_logic_fixed_snr,22.0274,0.8701
88,v4,v13,40.0,80.5,90.0,1.0,0.4025,1.8,1.5069,True,fuzzy_logic_fixed_snr,20.7314,0.8393
88,v4,v11,40.0,90.05,10.0,1.0,0.4502,0.2,6.32,False,fuzzy_logic_fixed_snr,12.4575,0.5674
89,v1,v12,40.0,13.45,80.0,1.0,0.0673,1.6,14.3046,True,fuzzy_logic_fixed_snr,24.2636,0.907
89,v1,v6,40.0,30.15,30.0,1.0,0.1507,0.6,11.515,False,fuzzy_logic_fixed_snr,17.652,0.8799
89,v1,v15,40.0,50.36,60.0,1.0,0.2518,1.2,6.006,True,fuzzy_logic_fixed_snr,22.8698,0.8844
89,v1,v8,40.0,50.8,60.0,1.0,0.254,1.2,5.9449,True,fuzzy_logic_fixed_snr,22.8657,0.8885
89,v1,v16,40.0,50.8,90.0,1.0,0.254,1.8,4.7057,True,fuzzy_logic_fixed_snr,22.3946,0.8811
89,v2,v19,20.0,60.07,30.0,0.6,0.3004,0.6,-13.2756,True,fuzzy_logic_fixed_snr,6.1178,0.1566
89,v2,v16,20.0,150.12,60.0,0.6,0.7506,1.2,-21.5838,True,fuzzy_logic_fixed_snr,0.7715,0.1131
89,v3,v5,20.0,11.66,70.0,0.6,0.0583,1.4,-4.293,True,fuzzy_logic_fixed_snr,16.154,0.5852
89,v3,v7,20.0,20.0,20.0,0.6,0.1,0.4,-4.6334,True,fuzzy_logic_fixed_snr,15.8305,0.5678
89,v3,v13,20.0,20.88,50.0,0.6,0.1044,1.0,-7.3411,True,fuzzy_logic_fixed_snr,13.1296,0.3559
89,v3,v4,20.0,30.15,0.0,0.6,0.1507,0.0,-3.6685,False,fuzzy_logic_fixed_snr,2.4685,0.1369
89,v3,v11,20.0,70.0,10.0,0.6,0.35,0.2,-11.9298,True,fuzzy_logic_fixed_snr,7.7794,0.1609
89,v4,v7,40.0,10.44,20.0,1.0,0.0522,0.4,19.8836,False,fuzzy_logic_fixed_snr,26.0217,0.973
89,v4,v13,40.0,13.45,50.0,1.0,0.0673,1.0,15.7134,True,fuzzy_logic_fixed_snr,24.3384,0.9045
89,v4,v5,40.0,21.93,70.0,1.0,0.1097,1.4,11.3181,True,fuzzy_logic_fixed_snr,23.999,0.9064
89,v4,v3,40.0,30.15,0.0,1.0,0.1507,0.0,16.3315,False,fuzzy_logic_fixed_snr,22.4685,0.9568
89,v4,v14,40.0,50.36,80.0,1.0,0.2518,1.6,5.1329,True,fuzzy_logic_fixed_snr,22.5627,0.8854
90,v1,v16,40.0,41.0,40.0,1.0,0.205,0.8,8.6037,True,fuzzy_logic_fixed_snr,23.5709,0.898
90,v1,v6,40.0,60.07,10.0,1.0,0.3004,0.2,9.1327,False,fuzzy_logic_fixed_snr,15.2679,0.7896
90,v1,v19,40.0,80.22,50.0,1.0,0.4011,1.0,3.3059,True,fuzzy_logic_fixed_snr,21.7508,0.8596
90,v1,v12,40.0,90.45,40.0,1.0,0.4522,0.8,3.1058,True,fuzzy_logic_fixed_snr,21.6462,0.8586
90,v1,v15,40.0,110.16,80.0,1.0,0.5508,1.6,-0.3065,True,fuzzy_logic_fixed_snr,19.5135,0.7896
90,v2,v19,20.0,90.05,40.0,0.6,0.4502,0.8,-16.8635,True,fuzzy_logic_fixed_snr,2.8214,0.118
90,v2,v20,20.0,150.12,70.0,0.6,0.7506,1.4,-22.0477,True,fuzzy_logic_fixed_snr,0.641,0.1092
90,v2,v1,20.0,170.03,10.0,0.6,0.8501,0.2,-18.0965,True,fuzzy_logic_fixed_snr,2.0848,0.1043
90,v3,v14,20.0,3.0,70.0,0.6,0.015,1.4,5.1413,True,fuzzy_logic_fixed_snr,22.5564,0.8846
90,v3,v4,20.0,30.15,10.0,0.6,0.1507,0.2,-6.0768,False,fuzzy_logic_fixed_snr,0.0604,0.1246
90,v3,v13,20.0,30.59,70.0,0.6,0.153,1.4,-10.9949,True,fuzzy_logic_fixed_snr,8.957,0.2014
90,v3,v7,20.0,40.0,0.0,0.6,0.2,0.0,-5.633,False,fuzzy_logic_fixed_snr,0.5048,0.1271
90,v3,v11,20.0,60.0,10.0,0.6,0.3,0.2,-10.8587,True,fuzzy_logic_fixed_snr,9.1416,0.1936
90,v4,v7,40.0,10.44,10.0,1.0,0.0522,0.2,21.2923,False,fuzzy_logic_fixed_snr,27.4304,0.977
90,v4,v3,40.0,30.15,10.0,1.0,0.1507,0.2,13.9232,False,fuzzy_logic_fixed_snr,20.0627,0.9264
90,v4,v14,40.0,30.59,80.0,1.0,0.153,1.6,8.5959,True,fuzzy_logic_fixed_snr,23.5691,0.8963
90,v4,v9,40.0,41.0,50.0,1.0,0.205,1.0,7.9702,True,fuzzy_logic_fixed_snr,23.4292,0.9133
90,v4,v10,40.0,50.36,40.0,1.0,0.2518,0.8,7.175,True,fuzzy_logic_fixed_snr,23.23,0.8941
91,v1,v19,40.0,30.59,70.0,1.0,0.153,1.4,9.0051,True,fuzzy_logic_fixed_snr,23.6352,0.9039
91,v1,v6,40.0,70.06,20.0,1.0,0.3503,0.4,6.6551,False,fuzzy_logic_fixed_snr,12.7949,0.6172
91,v1,v16,40.0,80.5,60.0,1.0,0.4025,1.2,2.7461,True,fuzzy_logic_fixed_snr,21.4502,0.8492
91,v1,v12,40.0,130.31,80.0,1.0,0.6516,1.6,-1.4736,True,fuzzy_logic_fixed_snr,18.6006,0.7311
91,v1,v2,40.0,160.03,20.0,1.0,0.8001,0.4,0.9159,True,fuzzy_logic_fixed_snr,20.3641,0.8225
91,v2,v20,20.0,80.22,60.0,0.6,0.4011,1.2,-17.2297,True,fuzzy_logic_fixed_snr,2.5902,0.1109
91,v2,v19,20.0,130.03,50.0,0.6,0.6502,1.0,-20.0502,True,fuzzy_logic_fixed_snr,1.2498,0.1119
91,v2,v1,20.0,160.03,20.0,0.6,0.8001,0.4,-19.0841,True,fuzzy_logic_fixed_snr,1.5994,0.1082
91,v3,v9,20.0,30.59,60.0,0.6,0.153,1.2,-10.531,True,fuzzy_logic_fixed_snr,9.5595,0.2016
91,v3,v7,20.0,40.0,20.0,0.6,0.2,0.4,-9.4499,True,fuzzy_logic_fixed_snr,10.8403,0.2584
91,v3,v4,20.0,40.11,0.0,0.6,0.2006,0.0,-5.6524,False,fuzzy_logic_fixed_snr,0.4853,0.1148
91,v3,v11,20.0,50.0,0.0,0.6,0.25,0.0,-7.1835,False,fuzzy_logic_fixed_snr,-1.0445,0.1021
91,v3,v10,20.0,50.09,50.0,0.6,0.2504,1.0,-13.4212,True,fuzzy_logic_fixed_snr,5.9507,0.1465
91,v4,v7,40.0,3.0,20.0,1.0,0.015,0.4,28.5491,False,fuzzy_logic_fixed_snr,34.687,0.9906
91,v4,v10,40.0,11.66,50.0,1.0,0.0583,1.0,16.7065,True,fuzzy_logic_fixed_snr,24.3761,0.9055
91,v4,v9,40.0,13.45,60.0,1.0,0.0673,1.2,15.1778,True,fuzzy_logic_fixed_snr,24.3151,0.91
91,v4,v3,40.0,40.11,0.0,1.0,0.2006,0.0,14.3476,False,fuzzy_logic_fixed_snr,20.4854,0.9293
91,v4,v11,40.0,90.05,0.0,1.0,0.4502,0.0,8.7283,False,fuzzy_logic_fixed_snr,14.8652,0.7613
92,v1,v19,40.0,40.45,70.0,1.0,0.2022,1.4,7.065,True,fuzzy_logic_fixed_snr,23.1793,0.9025
92,v1,v6,40.0,90.05,10.0,1.0,0.4502,0.2,6.32,False,fuzzy_logic_fixed_snr,12.4582,0.5791
92,v1,v2,40.0,140.03,10.0,1.0,0.7002,0.2,3.2521,False,fuzzy_logic_fixed_snr,9.3905,0.3287
92,v1,v16,40.0,140.29,30.0,1.0,0.7014,0.6,0.8311,True,fuzzy_logic_fixed_snr,20.3261,0.7941
92,v1,v20,40.0,160.25,30.0,1.0,0.8013,0.6,-0.0934,True,fuzzy_logic_fixed_snr,19.6528,0.7895
92,v2,v20,20.0,20.88,40.0,0.6,0.1044,0.8,-6.7077,True,fuzzy_logic_fixed_snr,13.7823,0.423
92,v2,v1,20.0,140.03,10.0,0.6,0.7002,0.2,-16.7479,True,fuzzy_logic_fixed_snr,2.899,0.1184
92,v2,v19,20.0,180.02,80.0,0.6,0.9001,1.6,-23.7193,True,fuzzy_logic_fixed_snr,0.328,0.1037
92,v3,v10,20.0,3.0,90.0,0.6,0.015,1.8,4.3661,True,fuzzy_logic_fixed_snr,22.2474,0.8779
92,v3,v9,20.0,30.59,100.0,0.6,0.153,2.0,-12.1013,True,fuzzy_logic_fixed_snr,7.5578,0.1715
92,v3,v4,20.0,40.11,10.0,0.6,0.2006,0.2,-8.0607,False,fuzzy_logic_fixed_snr,-1.9246,0.1096
92,v3,v11,20.0,50.0,30.0,0.6,0.25,0.6,-12.0,True,fuzzy_logic_fixed_snr,7.7085,0.1795
92,v3,v7,20.0,60.0,10.0,0.6,0.3,0.2,-10.8587,True,fuzzy_logic_fixed_snr,9.1391,0.2092
92,v4,v7,40.0,20.22,0.0,1.0,0.1011,0.0,19.1062,False,fuzzy_logic_fixed_snr,25.2456,0.9682
92,v4,v3,40.0,40.11,10.0,1.0,0.2006,0.2,11.9393,False,fuzzy_logic_fixed_snr,18.0769,0.8887
92,v4,v10,40.0,40.45,80.0,1.0,0.2022,1.6,6.6558,True,fuzzy_logic_fixed_snr,23.0705,0.8928
92,v4,v9,40.0,70.58,90.0,1.0,0.3529,1.8,2.4215,True,fuzzy_logic_fixed_snr,21.2994,0.8455
92,v4,v11,40.0,90.05,20.0,1.0,0.4502,0.4,4.9113,False,fuzzy_logic_fixed_snr,11.0492,0.4672
93,v1,v6,40.0,80.06,20.0,1.0,0.4003,0.4,5.7287,False,fuzzy_logic_fixed_snr,11.8649,0.5367
93,v1,v19,40.0,110.16,100.0,1.0,0.5508,2.0,-1.0037,True,fuzzy_logic_fixed_snr,18.9622,0.7553
93,v1,v20,40.0,130.31,80.0,1.0,0.6516,1.6,-1.4736,True,fuzzy_logic_fixed_snr,18.6025,0.7361
93,v1,v5,40.0,150.0,30.0,1.0,0.75,0.6,0.3661,True,fuzzy_logic_fixed_snr,19.9861,0.8082
93,v1,v2,40.0,150.03,40.0,1.0,0.7501,0.8,-0.4106,True,fuzzy_logic_fixed_snr,19.4229,0.7869
93,v2,v20,20.0,20.88,40.0,0.6,0.1044,0.8,-6.7077,True,fuzzy_logic_fixed_snr,13.8091,0.4166
93,v2,v1,20.0,150.03,40.0,0.6,0.7501,0.8,-20.4106,True,fuzzy_logic_fixed_snr,1.12,0.124
93,v3,v4,20.0,30.15,20.0,0.6,0.1507,0.4,-7.4855,True,fuzzy_logic_fixed_snr,12.9785,0.358
93,v3,v7,20.0,50.0,10.0,0.6,0.25,0.2,-9.5918,False,fuzzy_logic_fixed_snr,-3.4541,0.1012
93,v3,v17,20.0,60.3,40.0,0.6,0.3015,0.8,-14.0768,True,fuzzy_logic_fixed_snr,5.2264,0.1385
93,v3,v11,20.0,80.0,20.0,0.6,0.4,0.4,-14.2664,True,fuzzy_logic_fixed_snr,5.0081,0.1525
93,v3,v10,20.0,90.05,70.0,0.6,0.4502,1.4,-18.4965,True,fuzzy_logic_fixed_snr,1.9034,0.1246
93,v4,v7,40.0,20.22,30.0,1.0,0.1011,0.6,14.2897,False,fuzzy_logic_fixed_snr,20.4286,0.9221
93,v4,v3,40.0,30.15,20.0,1.0,0.1507,0.4,12.5145,False,fuzzy_logic_fixed_snr,18.6522,0.8938
93,v4,v17,40.0,31.32,20.0,1.0,0.1566,0.4,12.2497,False,fuzzy_logic_fixed_snr,18.3876,0.8916
93,v4,v18,40.0,90.2,50.0,1.0,0.451,1.0,2.4915,True,fuzzy_logic_fixed_snr,21.3389,0.8436
93,v4,v11,40.0,110.04,0.0,1.0,0.5502,0.0,7.3351,False,fuzzy_logic_fixed_snr,13.4718,0.666
94,v1,v20,40.0,50.8,30.0,1.0,0.254,0.6,7.8892,False,fuzzy_logic_fixed_snr,14.0264,0.6934
94,v1,v6,40.0,100.04,10.0,1.0,0.5002,0.2,5.5886,False,fuzzy_logic_fixed_snr,11.7262,0.5062
94,v1,v2,40.0,110.04,20.0,1.0,0.5502,0.4,3.5182,False,fuzzy_logic_fixed_snr,9.6567,0.3525
94,v1,v13,40.0,170.0,10.0,1.0,0.85,0.2,1.9046,True,fuzzy_logic_fixed_snr,21.0005,0.8396
94,v1,v5,40.0,180.0,0.0,1.0,0.9,0.0,3.9156,True,fuzzy_logic_fixed_snr,22.0499,0.8662
94,v2,v20,20.0,60.3,50.0,0.6,0.3015,1.0,-14.7102,True,fuzzy_logic_fixed_snr,4.5877,0.1311
94,v2,v1,20.0,110.04,20.0,0.6,0.5502,0.4,-16.4818,True,fuzzy_logic_fixed_snr,3.1038,0.1219
94,v3,v4,20.0,10.44,20.0,0.6,0.0522,0.4,-0.1164,True,fuzzy_logic_fixed_snr,19.6484,0.8063
94,v3,v17,20.0,20.88,50.0,0.6,0.1044,1.0,-7.3411,True,fuzzy_logic_fixed_snr,13.1171,0.3725
94,v3,v18,20.0,50.09,60.0,0.6,0.2504,1.2,-13.9568,True,fuzzy_logic_fixed_snr,5.3571,0.1482
94,v3,v7,20.0,60.0,20.0,0.6,0.3,0.4,-12.2674,True,fuzzy_logic_fixed_snr,7.327,0.1711
94,v3,v11,20.0,100.0,10.0,0.6,0.5,0.2,-14.4082,True,fuzzy_logic_fixed_snr,4.8738,0.1488
94,v4,v3,40.0,10.44,20.0,1.0,0.0522,0.4,19.8836,False,fuzzy_logic_fixed_snr,26.0206,0.9715
94,v4,v17,40.0,13.45,70.0,1.0,0.0673,1.4,14.7139,True,fuzzy_logic_fixed_snr,24.2843,0.9094
94,v4,v18,40.0,40.45,80.0,1.0,0.2022,1.6,6.6558,True,fuzzy_logic_fixed_snr,23.0686,0.8824
94,v4,v7,40.0,50.09,0.0,1.0,0.2504,0.0,12.804,False,fuzzy_logic_fixed_snr,18.9405,0.9055
94,v4,v11,40.0,110.04,10.0,1.0,0.5502,0.2,4.9269,False,fuzzy_logic_fixed_snr,11.0648,0.4605
95,v1,v20,40.0,21.93,20.0,1.0,0.1097,0.4,14.7259,False,fuzzy_logic_fixed_snr,20.8622,0.9377
95,v1,v6,40.0,110.04,40.0,1.0,0.5502,0.8,1.7434,True,fuzzy_logic_fixed_snr,20.8916,0.8389
95,v1,v2,40.0,130.03,20.0,1.0,0.6502,0.4,2.3581,True,fuzzy_logic_fixed_snr,21.2569,0.8479
95,v1,v13,40.0,160.0,0.0,1.0,0.8,0.0,4.7341,True,fuzzy_logic_fixed_snr,22.4019,0.8803
95,v1,v5,40.0,180.0,40.0,1.0,0.9,0.8,-1.6761,True,fuzzy_logic_fixed_snr,18.4386,0.7311
95,v2,v20,20.0,110.16,40.0,0.6,0.5508,0.8,-18.2644,True,fuzzy_logic_fixed_snr,1.9938,0.1172
95,v2,v1,20.0,130.03,20.0,0.6,0.6502,0.4,-17.6419,True,fuzzy_logic_fixed_snr,2.3415,0.1213
95,v3,v18,20.0,10.44,60.0,0.6,0.0522,1.2,-3.0602,True,fuzzy_logic_fixed_snr,17.2763,0.6652
95,v3,v4,20.0,30.15,0.0,0.6,0.1507,0.0,-3.6685,False,fuzzy_logic_fixed_snr,2.471,0.1438
95,v3,v17,20.0,30.59,70.0,0.6,0.153,1.4,-10.9949,True,fuzzy_logic_fixed_snr,8.9862,0.1898
95,v3,v7,20.0,80.0,30.0,0.6,0.4,0.6,-15.2659,True,fuzzy_logic_fixed_snr,4.0865,0.132
95,v3,v11,20.0,90.0,0.0,0.6,0.45,0.0,-11.2679,True,fuzzy_logic_fixed_snr,8.6347,0.1787
95,v4,v3,40.0,30.15,0.0,1.0,0.1507,0.0,16.3315,False,fuzzy_logic_fixed_snr,22.4694,0.9672
95,v4,v18,40.0,40.45,60.0,1.0,0.2022,1.2,7.5289,True,fuzzy_logic_fixed_snr,23.3166,0.9006
95,v4,v7,40.0,50.09,30.0,1.0,0.2504,0.6,7.9875,False,fuzzy_logic_fixed_snr,14.1248,0.7115
95,v4,v17,40.0,60.67,70.0,1.0,0.3034,1.4,4.2476,True,fuzzy_logic_fixed_snr,22.188,0.8754
95,v4,v11,40.0,120.04,0.0,1.0,0.6002,0.0,6.7309,False,fuzzy_logic_fixed_snr,12.8684,0.6012
96,v1,v20,40.0,9.0,70.0,1.0,0.045,1.4,17.5074,True,fuzzy_logic_fixed_snr,24.4088,0.9162
96,v1,v6,40.0,70.06,10.0,1.0,0.3503,0.2,8.0638,False,fuzzy_logic_fixed_snr,14.2007,0.7236
96,v1,v5,40.0,140.0,10.0,1.0,0.7,0.2,3.2537,False,fuzzy_logic_fixed_snr,9.3916,0.3193
96,v1,v2,40.0,150.03,10.0,1.0,0.7501,0.2,2.7729,False,fuzzy_logic_fixed_snr,8.9118,0.2885
96,v1,v13,40.0,160.0,10.0,1.0,0.8,0.2,2.3258,True,fuzzy_logic_fixed_snr,21.2339,0.8479
96,v2,v1,20.0,150.03,10.0,0.6,0.7501,0.2,-17.2271,True,fuzzy_logic_fixed_snr,2.6013,0.1189
96,v2,v20,20.0,150.12,80.0,0.6,0.7506,1.6,-22.457,True,fuzzy_logic_fixed_snr,0.5573,0.1031
96,v3,v4,20.0,30.15,40.0,0.6,0.1507,0.8,-9.2603,True,fuzzy_logic_fixed_snr,11.0369,0.2479
96,v3,v18,20.0,70.06,60.0,0.6,0.3503,1.2,-16.2887,True,fuzzy_logic_fixed_snr,3.2426,0.1363
96,v3,v11,20.0,90.0,40.0,0.6,0.45,0.8,-16.8596,True,fuzzy_logic_fixed_snr,2.8173,0.1123
96,v3,v17,20.0,100.18,70.0,0.6,0.5009,1.4,-19.2372,True,fuzzy_logic_fixed_snr,1.5454,0.1234
96,v3,v7,20.0,110.0,30.0,0.6,0.55,0.6,-17.4788,True,fuzzy_logic_fixed_snr,2.4527,0.1127
96,v4,v3,40.0,30.15,40.0,1.0,0.1507,0.8,10.7397,True,fuzzy_logic_fixed_snr,23.9215,0.9041
96,v4,v7,40.0,80.06,10.0,1.0,0.4003,0.2,7.1374,False,fuzzy_logic_fixed_snr,13.2758,0.6584
96,v4,v18,40.0,100.18,20.0,1.0,0.5009,0.4,4.1705,False,fuzzy_logic_fixed_snr,10.3081,0.3889
96,v4,v11,40.0,120.04,0.0,1.0,0.6002,0.0,6.7309,False,fuzzy_logic_fixed_snr,12.8685,0.6174
96,v4,v17,40.0,130.31,30.0,1.0,0.6516,0.6,1.3438,True,fuzzy_logic_fixed_snr,20.6615,0.8213
97,v1,v6,40.0,60.07,40.0,1.0,0.3004,0.8,5.9491,True,fuzzy_logic_fixed_snr,22.8444,0.885
97,v1,v20,40.0,70.58,60.0,1.0,0.3529,1.2,3.6607,True,fuzzy_logic_fixed_snr,21.9021,0.8785
97,v1,v5,40.0,130.0,40.0,1.0,0.65,0.8,0.5851,True,fuzzy_logic_fixed_snr,20.1373,0.8082
97,v1,v2,40.0,160.03,40.0,1.0,0.8001,0.8,-0.8589,True,fuzzy_logic_fixed_snr,19.0837,0.765
97,v1,v13,40.0,170.0,20.0,1.0,0.85,0.4,0.4958,True,fuzzy_logic_fixed_snr,20.0845,0.8004
97,v2,v1,20.0,160.03,40.0,0.6,0.8001,0.8,-20.8589,True,fuzzy_logic_fixed_snr,0.946,0.1086
97,v3,v4,20.0,10.44,0.0,0.6,0.0522,0.0,3.7006,False,fuzzy_logic_fixed_snr,9.8397,0.357
97,v3,v7,20.0,80.0,40.0,0.6,0.4,0.8,-16.0412,True,fuzzy_logic_fixed_snr,3.4092,0.1189
97,v3,v15,20.0,120.0,20.0,0.6,0.6,0.4,-17.0839,True,fuzzy_logic_fixed_snr,2.6907,0.1184
97,v3,v11,20.0,130.0,10.0,0.6,0.65,0.2,-16.2313,True,fuzzy_logic_fixed_snr,3.2697,0.118
97,v3,v18,20.0,130.03,70.0,0.6,0.6502,1.4,-21.0497,True,fuzzy_logic_fixed_snr,0.9138,0.0975
97,v4,v3,40.0,10.44,0.0,1.0,0.0522,0.0,23.7006,False,fuzzy_logic_fixed_snr,29.8401,0.9893
97,v4,v7,40.0,90.05,40.0,1.0,0.4502,0.8,3.1365,True,fuzzy_logic_fixed_snr,21.6869,0.8615
97,v4,v15,40.0,110.04,20.0,1.0,0.5502,0.4,3.5182,False,fuzzy_logic_fixed_snr,9.6573,0.3252
97,v4,v11,40.0,120.04,10.0,1.0,0.6002,0.2,4.3227,False,fuzzy_logic_fixed_snr,10.4629,0.407
97,v4,v18,40.0,120.15,70.0,1.0,0.6007,1.4,-0.5003,True,fuzzy_logic_fixed_snr,19.3723,0.7807
98,v1,v6,40.0,20.22,0.0,1.0,0.1011,0.0,19.1062,False,fuzzy_logic_fixed_snr,25.2444,0.975
98,v1,v5,40.0,90.0,20.0,1.0,0.45,0.4,4.9151,False,fuzzy_logic_fixed_snr,11.0529,0.4586
98,v1,v20,40.0,130.31,60.0,1.0,0.6516,1.2,-0.6005,True,fuzzy_logic_fixed_snr,19.2888,0.7512
98,v1,v13,40.0,150.0,10.0,1.0,0.75,0.2,2.7743,False,fuzzy_logic_fixed_snr,8.913,0.2914
98,v3,v4,20.0,10.44,20.0,0.6,0.0522,0.4,-0.1164,True,fuzzy_logic_fixed_snr,19.6573,0.7729
98,v3,v7,20.0,40.0,10.0,0.6,0.2,0.2,-8.0412,False,fuzzy_logic_fixed_snr,-1.9041,0.1105
98,v3,v11,20.0,140.0,10.0,0.6,0.7,0.2,-16.7463,True,fuzzy_logic_fixed_snr,2.935,0.1322
98,v3,v15,20.0,140.0,20.0,0.6,0.7,0.4,-18.155,True,fuzzy_logic_fixed_snr,2.0593,0.1252
98,v3,v8,20.0,150.03,30.0,0.6,0.7501,0.6,-19.6353,True,fuzzy_logic_fixed_snr,1.3725,0.1045
98,v4,v3,40.0,10.44,20.0,1.0,0.0522,0.4,19.8836,False,fuzzy_logic_fixed_snr,26.0202,0.977
98,v4,v7,40.0,50.09,10.0,1.0,0.2504,0.2,10.3958,False,fuzzy_logic_fixed_snr,16.5343,0.8418
98,v4,v11,40.0,130.03,10.0,1.0,0.6502,0.2,3.7668,False,fuzzy_logic_fixed_snr,9.9038,0.3643
98,v4,v15,40.0,130.03,0.0,1.0,0.6502,0.0,6.1751,False,fuzzy_logic_fixed_snr,12.3147,0.566
98,v4,v8,40.0,140.0,10.0,1.0,0.7,0.2,3.2537,False,fuzzy_logic_fixed_snr,9.391,0.3396
99,v1,v6,40.0,20.22,0.0,1.0,0.1011,0.0,19.1062,False,fuzzy_logic_fixed_snr,25.2433,0.9672
99,v1,v5,40.0,70.0,10.0,1.0,0.35,0.2,8.0702,False,fuzzy_logic_fixed_snr,14.207,0.7123
99,v1,v13,40.0,140.0,0.0,1.0,0.7,0.0,5.662,False,fuzzy_logic_fixed_snr,11.7991,0.5352
99,v1,v2,40.0,190.02,20.0,1.0,0.9501,0.4,-0.2779,True,fuzzy_logic_fixed_snr,19.5349,0.7842
99,v1,v20,40.0,190.21,60.0,1.0,0.9511,1.2,-3.2286,True,fuzzy_logic_fixed_snr,17.0993,0.6568
99,v2,v1,20.0,190.02,20.0,0.6,0.9501,0.4,-20.2779,True,fuzzy_logic_fixed_snr,1.1756,0.107
99,v3,v4,20.0,10.44,10.0,0.6,0.0522,0.2,1.2923,False,fuzzy_logic_fixed_snr,7.4278,0.2258
99,v3,v7,20.0,50.0,30.0,0.6,0.25,0.6,-12.0,True,fuzzy_logic_fixed_snr,7.6891,0.1865
99,v3,v15,20.0,120.0,10.0,0.6,0.6,0.2,-15.6751,True,fuzzy_logic_fixed_snr,3.7219,0.1268
99,v3,v8,20.0,120.04,20.0,0.6,0.6002,0.4,-17.086,True,fuzzy_logic_fixed_snr,2.6882,0.116
99,v3,v11,20.0,130.0,30.0,0.6,0.65,0.6,-18.6396,True,fuzzy_logic_fixed_snr,1.7886,0.1193
99,v4,v3,40.0,10.44,10.0,1.0,0.0522,0.2,21.2923,False,fuzzy_logic_fixed_snr,27.4312,0.977
99,v4,v7,40.0,40.11,40.0,1.0,0.2006,0.8,8.7558,True,fuzzy_logic_fixed_snr,23.5935,0.8982
99,v4,v8,40.0,130.0,30.0,1.0,0.65,0.6,1.3604,True,fuzzy_logic_fixed_snr,20.651,0.8373
99,v4,v15,40.0,130.03,20.0,1.0,0.6502,0.4,2.3581,True,fuzzy_logic_fixed_snr,21.2566,0.8582
99,v4,v11,40.0,140.03,40.0,1.0,0.7002,0.8,0.0686,True,fuzzy_logic_fixed_snr,19.7899,0.7828
100,v1,v6,40.0,20.22,10.0,1.0,0.1011,0.2,16.698,False,fuzzy_logic_fixed_snr,22.8361,0.9633
100,v1,v5,40.0,60.0,30.0,1.0,0.3,0.6,6.7331,False,fuzzy_logic_fixed_snr,12.8716,0.6148
100,v1,v13,40.0,140.0,30.0,1.0,0.7,0.6,0.8455,True,fuzzy_logic_fixed_snr,20.2896,0.8141
100,v3,v7,20.0,20.0,30.0,0.6,0.1,0.6,-5.633,True,fuzzy_logic_fixed_snr,14.8502,0.5023
100,v3,v4,20.0,20.22,10.0,0.6,0.1011,0.2,-3.302,False,fuzzy_logic_fixed_snr,2.8356,0.1467
100,v3,v15,20.0,130.0,10.0,0.6,0.65,0.2,-16.2313,True,fuzzy_logic_fixed_snr,3.2761,0.1189
100,v3,v8,20.0,140.03,0.0,0.6,0.7002,0.0,-14.3396,True,fuzzy_logic_fixed_snr,4.9185,0.1258
100,v3,v11,20.0,160.0,10.0,0.6,0.8,0.2,-17.6742,True,fuzzy_logic_fixed_snr,2.331,0.1176
100,v4,v7,40.0,3.0,20.0,1.0,0.015,0.4,28.5491,False,fuzzy_logic_fixed_snr,34.6861,0.998
100,v4,v3,40.0,20.22,10.0,1.0,0.1011,0.2,16.698,False,fuzzy_logic_fixed_snr,22.8358,0.9545
100,v4,v15,40.0,150.03,0.0,1.0,0.7501,0.0,5.1812,False,fuzzy_logic_fixed_snr,11.3188,0.4699
100,v4,v8,40.0,160.0,10.0,1.0,0.8,0.2,2.3258,True,fuzzy_logic_fixed_snr,21.224,0.8623
100,v4,v11,40.0,180.02,20.0,1.0,0.9001,0.4,0.0977,True,fuzzy_logic_fixed_snr,19.8026,0.8045
101,v1,v6,40.0,10.44,10.0,1.0,0.0522,0.2,21.2923,False,fuzzy_logic_fixed_snr,27.4306,0.977
101,v1,v5,40.0,30.0,0.0,1.0,0.15,0.0,16.3661,False,fuzzy_logic_fixed_snr,22.5043,0.9447
101,v1,v13,40.0,110.0,30.0,1.0,0.55,0.6,2.5212,True,fuzzy_logic_fixed_snr,21.3061,0.851
101,v3,v7,20.0,10.0,0.0,0.6,0.05,0.0,4.0,False,fuzzy_logic_fixed_snr,10.1368,0.3744
101,v3,v4,20.0,10.44,20.0,0.6,0.0522,0.4,-0.1164,True,fuzzy_logic_fixed_snr,19.6733,0.7951
101,v3,v15,20.0,140.0,0.0,0.6,0.7,0.0,-14.338,True,fuzzy_logic_fixed_snr,4.9574,0.1309
101,v3,v8,20.0,140.03,30.0,0.6,0.7002,0.6,-19.1561,True,fuzzy_logic_fixed_snr,1.6035,0.1156
101,v3,v11,20.0,150.0,0.0,0.6,0.75,0.0,-14.8175,True,fuzzy_logic_fixed_snr,4.4843,0.1414
101,v4,v3,40.0,10.44,20.0,1.0,0.0522,0.4,19.8836,False,fuzzy_logic_fixed_snr,26.0212,0.9711
101,v4,v7,40.0,20.22,20.0,1.0,0.1011,0.4,15.2892,False,fuzzy_logic_fixed_snr,21.4246,0.9471
101,v4,v8,40.0,150.0,10.0,1.0,0.75,0.2,2.7743,False,fuzzy_logic_fixed_snr,8.9093,0.2859
101,v4,v15,40.0,150.03,20.0,1.0,0.7501,0.4,1.3642,True,fuzzy_logic_fixed_snr,20.668,0.8256
101,v4,v11,40.0,160.03,20.0,1.0,0.8001,0.4,0.9159,True,fuzzy_logic_fixed_snr,20.373,0.8152
102,v1,v6,40.0,20.22,30.0,1.0,0.1011,0.6,14.2897,False,fuzzy_logic_fixed_snr,20.429,0.9299
102,v1,v5,40.0,30.0,40.0,1.0,0.15,0.8,10.7743,True,fuzzy_logic_fixed_snr,23.931,0.9143
102,v1,v13,40.0,140.0,30.0,1.0,0.7,0.6,0.8455,True,fuzzy_logic_fixed_snr,20.336,0.8236
102,v3,v7,20.0,10.0,20.0,0.6,0.05,0.4,0.183,True,fuzzy_logic_fixed_snr,19.852,0.7791
102,v3,v4,20.0,10.44,10.0,0.6,0.0522,0.2,1.2923,False,fuzzy_logic_fixed_snr,7.4299,0.2252
102,v3,v15,20.0,140.0,20.0,0.6,0.7,0.4,-18.155,True,fuzzy_logic_fixed_snr,2.0461,0.1197
102,v3,v11,20.0,150.0,0.0,0.6,0.75,0.0,-14.8175,True,fuzzy_logic_fixed_snr,4.467,0.1475
102,v3,v8,20.0,170.03,20.0,0.6,0.8501,0.4,-19.5052,True,fuzzy_logic_fixed_snr,1.4368,0.1139
102,v4,v7,40.0,3.0,10.0,1.0,0.015,0.2,29.9578,False,fuzzy_logic_fixed_snr,36.0941,0.9916
102,v4,v3,40.0,10.44,10.0,1.0,0.0522,0.2,21.2923,False,fuzzy_logic_fixed_snr,27.4312,0.9775
102,v4,v15,40.0,130.03,10.0,1.0,0.6502,0.2,3.7668,False,fuzzy_logic_fixed_snr,9.9026,0.3691
102,v4,v11,40.0,140.03,10.0,1.0,0.7002,0.2,3.2521,False,fuzzy_logic_fixed_snr,9.3893,0.3229
102,v4,v8,40.0,160.0,10.0,1.0,0.8,0.2,2.3258,True,fuzzy_logic_fixed_snr,21.2336,0.8422
103,v1,v6,40.0,50.09,30.0,1.0,0.2504,0.6,7.9875,False,fuzzy_logic_fixed_snr,14.127,0.7203
103,v1,v5,40.0,70.0,20.0,1.0,0.35,0.4,6.6615,False,fuzzy_logic_fixed_snr,12.7991,0.6008
103,v1,v13,40.0,170.0,0.0,1.0,0.85,0.0,4.3128,True,fuzzy_logic_fixed_snr,22.2315,0.874
103,v3,v4,20.0,3.0,10.0,0.6,0.015,0.2,9.9578,False,fuzzy_logic_fixed_snr,16.0944,0.8234
103,v3,v7,20.0,10.0,30.0,0.6,0.05,0.6,-0.8165,True,fuzzy_logic_fixed_snr,19.1393,0.7607
103,v3,v15,20.0,120.0,10.0,0.6,0.6,0.2,-15.6751,True,fuzzy_logic_fixed_snr,3.7088,0.1229
103,v3,v11,20.0,150.0,10.0,0.6,0.75,0.2,-17.2257,True,fuzzy_logic_fixed_snr,2.5902,0.1146
103,v3,v8,20.0,150.03,30.0,0.6,0.7501,0.6,-19.6353,True,fuzzy_logic_fixed_snr,1.3906,0.1189
103,v4,v3,40.0,3.0,10.0,1.0,0.015,0.2,29.9578,False,fuzzy_logic_fixed_snr,36.0946,0.9912
103,v4,v7,40.0,10.44,20.0,1.0,0.0522,0.4,19.8836,False,fuzzy_logic_fixed_snr,26.0223,0.975
103,v4,v15,40.0,120.04,0.0,1.0,0.6002,0.0,6.7309,False,fuzzy_logic_fixed_snr,12.8696,0.6354
103,v4,v8,40.0,150.0,20.0,1.0,0.75,0.4,1.3656,True,fuzzy_logic_fixed_snr,20.6455,0.8213
103,v4,v11,40.0,150.03,20.0,1.0,0.7501,0.4,1.3642,True,fuzzy_logic_fixed_snr,20.6581,0.8348
104,v1,v6,40.0,80.06,0.0,1.0,0.4003,0.0,9.5457,False,fuzzy_logic_fixed_snr,15.6837,0.802
104,v1,v5,40.0,90.0,30.0,1.0,0.45,0.6,3.9156,False,fuzzy_logic_fixed_snr,10.0535,0.3678
104,v1,v13,40.0,170.0,10.0,1.0,0.85,0.2,1.9046,True,fuzzy_logic_fixed_snr,20.9833,0.8566
104,v3,v4,20.0,10.44,10.0,0.6,0.0522,0.2,1.2923,False,fuzzy_logic_fixed_snr,7.4304,0.226
104,v3,v7,20.0,20.0,10.0,0.6,0.1,0.2,-3.2247,False,fuzzy_logic_fixed_snr,2.9122,0.1375
104,v3,v15,20.0,130.0,20.0,0.6,0.65,0.4,-17.6401,True,fuzzy_logic_fixed_snr,2.3574,0.1268
104,v3,v11,20.0,140.0,20.0,0.6,0.7,0.4,-18.155,True,fuzzy_logic_fixed_snr,2.0448,0.1049
104,v3,v8,20.0,180.02,30.0,0.6,0.9001,0.6,-20.9018,True,fuzzy_logic_fixed_snr,0.9358,0.108
104,v4,v3,40.0,10.44,10.0,1.0,0.0522,0.2,21.2923,False,fuzzy_logic_fixed_snr,27.4294,0.9805
104,v4,v7,40.0,10.44,0.0,1.0,0.0522,0.0,23.7006,False,fuzzy_logic_fixed_snr,29.8399,0.9828
104,v4,v15,40.0,120.04,10.0,1.0,0.6002,0.2,4.3227,False,fuzzy_logic_fixed_snr,10.4609,0.4027
104,v4,v11,40.0,130.03,10.0,1.0,0.6502,0.2,3.7668,False,fuzzy_logic_fixed_snr,9.9049,0.3625
104,v4,v8,40.0,170.0,20.0,1.0,0.85,0.4,0.4958,True,fuzzy_logic_fixed_snr,20.076,0.8035
105,v1,v6,40.0,80.06,20.0,1.0,0.4003,0.4,5.7287,False,fuzzy_logic_fixed_snr,11.8667,0.5225
105,v1,v5,40.0,120.0,0.0,1.0,0.6,0.0,6.7331,False,fuzzy_logic_fixed_snr,12.8717,0.6191
105,v1,v13,40.0,160.0,30.0,1.0,0.8,0.6,-0.0824,True,fuzzy_logic_fixed_snr,19.6528,0.7768
105,v1,v2,40.0,190.02,10.0,1.0,0.9501,0.2,1.1308,True,fuzzy_logic_fixed_snr,20.4982,0.8201
105,v2,v1,20.0,190.02,10.0,0.6,0.9501,0.2,-18.8692,True,fuzzy_logic_fixed_snr,1.7065,0.0994
105,v3,v4,20.0,3.0,0.0,0.6,0.015,0.0,12.3661,False,fuzzy_logic_fixed_snr,18.4999,0.9043
105,v3,v7,20.0,10.0,10.0,0.6,0.05,0.2,1.5918,False,fuzzy_logic_fixed_snr,7.7295,0.2252
105,v3,v15,20.0,110.0,30.0,0.6,0.55,0.6,-17.4788,True,fuzzy_logic_fixed_snr,2.4381,0.1072
105,v3,v11,20.0,120.0,10.0,0.6,0.6,0.2,-15.6751,True,fuzzy_logic_fixed_snr,3.7087,0.1268
105,v3,v8,20.0,150.03,10.0,0.6,0.7501,0.2,-17.2271,True,fuzzy_logic_fixed_snr,2.5992,0.1008
105,v4,v3,40.0,3.0,0.0,1.0,0.015,0.0,32.3661,False,fuzzy_logic_fixed_snr,38.504,0.9961
105,v4,v7,40.0,10.44,10.0,1.0,0.0522,0.2,21.2923,False,fuzzy_logic_fixed_snr,27.4297,0.975
105,v4,v15,40.0,110.04,30.0,1.0,0.5502,0.6,2.5187,True,fuzzy_logic_fixed_snr,21.3402,0.8539
105,v4,v11,40.0,120.04,10.0,1.0,0.6002,0.2,4.3227,False,fuzzy_logic_fixed_snr,10.4599,0.3965
105,v4,v8,40.0,150.0,10.0,1.0,0.75,0.2,2.7743,False,fuzzy_logic_fixed_snr,8.9119,0.2982
106,v1,v6,40.0,60.07,30.0,1.0,0.3004,0.6,6.7244,False,fuzzy_logic_fixed_snr,12.8624,0.6061
106,v1,v5,40.0,120.0,40.0,1.0,0.6,0.8,1.1413,True,fuzzy_logic_fixed_snr,20.5176,0.8285
106,v1,v13,40.0,130.0,30.0,1.0,0.65,0.6,1.3604,True,fuzzy_logic_fixed_snr,20.6603,0.8355
106,v1,v2,40.0,180.02,10.0,1.0,0.9001,0.2,1.5064,True,fuzzy_logic_fixed_snr,20.7183,0.8264
106,v2,v1,20.0,180.02,10.0,0.6,0.9001,0.2,-18.4936,True,fuzzy_logic_fixed_snr,1.9045,0.1102
106,v3,v4,20.0,3.0,10.0,0.6,0.015,0.2,9.9578,False,fuzzy_logic_fixed_snr,16.0963,0.8215
106,v3,v7,20.0,20.0,10.0,0.6,0.1,0.2,-3.2247,False,fuzzy_logic_fixed_snr,2.9131,0.1373
106,v3,v15,20.0,80.0,10.0,0.6,0.4,0.2,-12.8577,True,fuzzy_logic_fixed_snr,6.5755,0.1521
106,v3,v11,20.0,110.0,10.0,0.6,0.55,0.2,-15.0705,True,fuzzy_logic_fixed_snr,4.264,0.1311
106,v3,v8,20.0,140.03,30.0,0.6,0.7002,0.6,-19.1561,True,fuzzy_logic_fixed_snr,1.5736,0.1109
106,v4,v3,40.0,3.0,10.0,1.0,0.015,0.2,29.9578,False,fuzzy_logic_fixed_snr,36.0955,0.9932
106,v4,v7,40.0,20.22,20.0,1.0,0.1011,0.4,15.2892,False,fuzzy_logic_fixed_snr,21.4251,0.9506
106,v4,v15,40.0,80.06,0.0,1.0,0.4003,0.0,9.5457,False,fuzzy_logic_fixed_snr,15.6823,0.8027
106,v4,v11,40.0,110.04,0.0,1.0,0.5502,0.0,7.3351,False,fuzzy_logic_fixed_snr,13.4729,0.666
106,v4,v8,40.0,140.0,40.0,1.0,0.7,0.8,0.0702,True,fuzzy_logic_fixed_snr,19.772,0.7955
107,v1,v6,40.0,90.05,10.0,1.0,0.4502,0.2,6.32,False,fuzzy_logic_fixed_snr,12.4573,0.574
107,v1,v5,40.0,160.0,10.0,1.0,0.8,0.2,2.3258,True,fuzzy_logic_fixed_snr,21.2187,0.8562
107,v1,v13,40.0,160.0,20.0,1.0,0.8,0.4,0.9171,True,fuzzy_logic_fixed_snr,20.3536,0.8238
107,v1,v2,40.0,170.03,40.0,1.0,0.8501,0.8,-1.28,True,fuzzy_logic_fixed_snr,18.7832,0.7557
107,v2,v1,20.0,170.03,40.0,0.6,0.8501,0.8,-21.28,True,fuzzy_logic_fixed_snr,0.8296,0.1154
107,v3,v4,20.0,10.44,10.0,0.6,0.0522,0.2,1.2923,False,fuzzy_logic_fixed_snr,7.4291,0.2164
107,v3,v7,20.0,30.0,10.0,0.6,0.15,0.2,-6.0422,False,fuzzy_logic_fixed_snr,0.096,0.1213
107,v3,v15,20.0,70.0,30.0,0.6,0.35,0.6,-14.338,True,fuzzy_logic_fixed_snr,4.9386,0.1459
107,v3,v11,20.0,100.0,10.0,0.6,0.5,0.2,-14.4082,True,fuzzy_logic_fixed_snr,4.8771,0.1432
107,v3,v8,20.0,170.03,0.0,0.6,0.8501,0.0,-15.6883,True,fuzzy_logic_fixed_snr,3.7096,0.1125
107,v4,v3,40.0,10.44,10.0,1.0,0.0522,0.2,21.2923,False,fuzzy_logic_fixed_snr,27.4309,0.9754
107,v4,v7,40.0,40.11,0.0,1.0,0.2006,0.0,14.3476,False,fuzzy_logic_fixed_snr,20.4844,0.9324
107,v4,v15,40.0,80.06,20.0,1.0,0.4003,0.4,5.7287,False,fuzzy_logic_fixed_snr,11.8667,0.5381
107,v4,v11,40.0,110.04,0.0,1.0,0.5502,0.0,7.3351,False,fuzzy_logic_fixed_snr,13.473,0.6527
107,v4,v8,40.0,180.0,10.0,1.0,0.9,0.2,1.5074,True,fuzzy_logic_fixed_snr,20.7243,0.8318
108,v1,v6,40.0,80.06,10.0,1.0,0.4003,0.2,7.1374,False,fuzzy_logic_fixed_snr,13.2748,0.6326
108,v1,v13,40.0,140.0,0.0,1.0,0.7,0.0,5.662,False,fuzzy_logic_fixed_snr,11.8005,0.5215
108,v1,v5,40.0,150.0,40.0,1.0,0.75,0.8,-0.4092,True,fuzzy_logic_fixed_snr,19.4462,0.7844
108,v3,v7,20.0,20.0,0.0,0.6,0.1,0.0,-0.8165,False,fuzzy_logic_fixed_snr,5.3202,0.1725
108,v3,v4,20.0,20.22,30.0,0.6,0.1011,0.6,-5.7103,True,fuzzy_logic_fixed_snr,14.7917,0.4863
108,v3,v15,20.0,40.0,10.0,0.6,0.2,0.2,-8.0412,False,fuzzy_logic_fixed_snr,-1.9035,0.107
108,v3,v11,20.0,90.0,30.0,0.6,0.45,0.6,-16.0844,True,fuzzy_logic_fixed_snr,3.3651,0.1105
108,v3,v8,20.0,170.03,30.0,0.6,0.8501,0.6,-20.5047,True,fuzzy_logic_fixed_snr,1.0732,0.1174
108,v4,v3,40.0,20.22,30.0,1.0,0.1011,0.6,14.2897,False,fuzzy_logic_fixed_snr,20.4266,0.9299
108,v4,v7,40.0,40.11,30.0,1.0,0.2006,0.6,9.5311,False,fuzzy_logic_fixed_snr,15.6675,0.8059
108,v4,v15,40.0,60.07,40.0,1.0,0.3004,0.8,5.9491,True,fuzzy_logic_fixed_snr,22.8658,0.8893
108,v4,v11,40.0,110.04,0.0,1.0,0.5502,0.0,7.3351,False,fuzzy_logic_fixed_snr,13.4712,0.6715
108,v4,v8,40.0,190.0,0.0,1.0,0.95,0.0,3.5399,True,fuzzy_logic_fixed_snr,21.8755,0.8688
109,v1,v6,40.0,70.06,20.0,1.0,0.3503,0.4,6.6551,False,fuzzy_logic_fixed_snr,12.7937,0.6021
109,v1,v5,40.0,110.0,20.0,1.0,0.55,0.4,3.5207,False,fuzzy_logic_fixed_snr,9.6582,0.3576
109,v1,v13,40.0,140.0,40.0,1.0,0.7,0.8,0.0702,True,fuzzy_logic_fixed_snr,19.7888,0.8133
109,v3,v7,20.0,20.0,0.0,0.6,0.1,0.0,-0.8165,False,fuzzy_logic_fixed_snr,5.3214,0.1617
109,v3,v15,20.0,50.0,0.0,0.6,0.25,0.0,-7.1835,False,fuzzy_logic_fixed_snr,-1.0465,0.1119
109,v3,v4,20.0,50.09,10.0,0.6,0.2504,0.2,-9.6042,False,fuzzy_logic_fixed_snr,-3.4657,0.1002
109,v3,v11,20.0,60.0,0.0,0.6,0.3,0.0,-8.4504,True,fuzzy_logic_fixed_snr,11.9327,0.293
109,v3,v8,20.0,140.03,20.0,0.6,0.7002,0.4,-18.1566,True,fuzzy_logic_fixed_snr,2.0361,0.1172
109,v4,v3,40.0,50.09,10.0,1.0,0.2504,0.2,10.3958,False,fuzzy_logic_fixed_snr,16.5342,0.8318
109,v4,v7,40.0,70.06,10.0,1.0,0.3503,0.2,8.0638,False,fuzzy_logic_fixed_snr,14.2005,0.7205
109,v4,v15,40.0,100.04,10.0,1.0,0.5002,0.2,5.5886,False,fuzzy_logic_fixed_snr,11.7247,0.5105
109,v4,v11,40.0,110.04,10.0,1.0,0.5502,0.2,4.9269,False,fuzzy_logic_fixed_snr,11.0647,0.4643
109,v4,v8,40.0,190.0,30.0,1.0,0.95,0.6,-1.2765,True,fuzzy_logic_fixed_snr,18.7827,0.7443
110,v1,v6,40.0,90.05,10.0,1.0,0.4502,0.2,6.32,False,fuzzy_logic_fixed_snr,12.4559,0.5596
110,v1,v5,40.0,130.0,20.0,1.0,0.65,0.4,2.3599,True,fuzzy_logic_fixed_snr,21.2432,0.8531
110,v1,v13,40.0,180.0,30.0,1.0,0.9,0.6,-0.9008,True,fuzzy_logic_fixed_snr,19.0643,0.7705
110,v3,v7,20.0,20.0,10.0,0.6,0.1,0.2,-3.2247,False,fuzzy_logic_fixed_snr,2.9135,0.1314
110,v3,v15,20.0,50.0,20.0,0.6,0.25,0.4,-11.0005,True,fuzzy_logic_fixed_snr,8.9434,0.1906
110,v3,v11,20.0,60.0,20.0,0.6,0.3,0.4,-12.2674,True,fuzzy_logic_fixed_snr,7.3566,0.1584
110,v3,v4,20.0,60.07,0.0,0.6,0.3004,0.0,-8.4591,True,fuzzy_logic_fixed_snr,11.9384,0.2885
110,v3,v8,20.0,160.03,0.0,0.6,0.8001,0.0,-15.2671,True,fuzzy_logic_fixed_snr,4.0677,0.1248
110,v4,v3,40.0,60.07,0.0,1.0,0.3004,0.0,11.5409,False,fuzzy_logic_fixed_snr,17.6781,0.8699
110,v4,v7,40.0,80.06,10.0,1.0,0.4003,0.2,7.1374,False,fuzzy_logic_fixed_snr,13.2745,0.6525
110,v4,v15,40.0,110.04,20.0,1.0,0.5502,0.4,3.5182,False,fuzzy_logic_fixed_snr,9.6559,0.3457
110,v4,v11,40.0,120.04,20.0,1.0,0.6002,0.4,2.914,False,fuzzy_logic_fixed_snr,9.0508,0.3037
111,v1,v6,40.0,100.04,10.0,1.0,0.5002,0.2,5.5886,False,fuzzy_logic_fixed_snr,11.7261,0.5217
111,v1,v5,40.0,150.0,30.0,1.0,0.75,0.6,0.3661,True,fuzzy_logic_fixed_snr,19.9729,0.7996
111,v1,v2,40.0,180.02,20.0,1.0,0.9001,0.4,0.0977,True,fuzzy_logic_fixed_snr,19.7904,0.8
111,v2,v1,20.0,180.02,20.0,0.6,0.9001,0.4,-19.9023,True,fuzzy_logic_fixed_snr,1.2702,0.1008
111,v3,v7,20.0,30.0,20.0,0.6,0.15,0.4,-7.4509,True,fuzzy_logic_fixed_snr,13.0025,0.3602
111,v3,v4,20.0,60.07,10.0,0.6,0.3004,0.2,-10.8673,True,fuzzy_logic_fixed_snr,9.142,0.1969
111,v3,v15,20.0,70.0,0.0,0.6,0.35,0.0,-9.5216,True,fuzzy_logic_fixed_snr,10.7511,0.2461
111,v3,v11,20.0,80.0,20.0,0.6,0.4,0.4,-14.2664,True,fuzzy_logic_fixed_snr,5.0313,0.1414
111,v3,v8,20.0,160.03,10.0,0.6,0.8001,0.2,-17.6754,True,fuzzy_logic_fixed_snr,2.3227,0.1168
111,v4,v3,40.0,60.07,10.0,1.0,0.3004,0.2,9.1327,False,fuzzy_logic_fixed_snr,15.2679,0.7857
111,v4,v7,40.0,90.05,30.0,1.0,0.4502,0.6,3.9118,True,fuzzy_logic_fixed_snr,22.053,0.8676
111,v4,v15,40.0,130.03,10.0,1.0,0.6502,0.2,3.7668,False,fuzzy_logic_fixed_snr,9.9062,0.3568
111,v4,v11,40.0,140.03,30.0,1.0,0.7002,0.6,0.8439,True,fuzzy_logic_fixed_snr,20.3155,0.8084
112,v1,v6,40.0,90.05,10.0,1.0,0.4502,0.2,6.32,False,fuzzy_logic_fixed_snr,12.4602,0.5611
112,v1,v5,40.0,120.0,20.0,1.0,0.6,0.4,2.9161,False,fuzzy_logic_fixed_snr,9.0515,0.3006
112,v1,v13,40.0,180.0,0.0,1.0,0.9,0.0,3.9156,True,fuzzy_logic_fixed_snr,22.049,0.8613
112,v3,v7,20.0,50.0,10.0,0.6,0.25,0.2,-9.5918,False,fuzzy_logic_fixed_snr,-3.452,0.0982
112,v3,v15,20.0,70.0,10.0,0.6,0.35,0.2,-11.9298,True,fuzzy_logic_fixed_snr,7.782,0.1762
112,v3,v4,20.0,70.06,20.0,0.6,0.3503,0.4,-13.3449,True,fuzzy_logic_fixed_snr,6.0461,0.1518
112,v3,v11,20.0,100.0,0.0,0.6,0.5,0.0,-12.0,True,fuzzy_logic_fixed_snr,7.6717,0.1635
112,v3,v8,20.0,170.03,30.0,0.6,0.8501,0.6,-20.5047,True,fuzzy_logic_fixed_snr,1.0662,0.1115
112,v4,v3,40.0,70.06,20.0,1.0,0.3503,0.4,6.6551,False,fuzzy_logic_fixed_snr,12.7932,0.6082
112,v4,v7,40.0,120.04,10.0,1.0,0.6002,0.2,4.3227,False,fuzzy_logic_fixed_snr,10.461,0.4176
112,v4,v15,40.0,140.03,30.0,1.0,0.7002,0.6,0.8439,True,fuzzy_logic_fixed_snr,20.3221,0.817
112,v4,v11,40.0,170.03,20.0,1.0,0.8501,0.4,0.4948,True,fuzzy_logic_fixed_snr,20.0751,0.798
113,v1,v6,40.0,80.06,20.0,1.0,0.4003,0.4,5.7287,False,fuzzy_logic_fixed_snr,11.8662,0.5385
113,v1,v5,40.0,140.0,10.0,1.0,0.7,0.2,3.2537,False,fuzzy_logic_fixed_snr,9.3919,0.324
113,v1,v13,40.0,180.0,20.0,1.0,0.9,0.4,0.0987,True,fuzzy_logic_fixed_snr,19.796,0.7912
113,v3,v4,20.0,50.09,20.0,0.6,0.2504,0.4,-11.013,True,fuzzy_logic_fixed_snr,8.9511,0.1832
113,v3,v7,20.0,60.0,20.0,0.6,0.3,0.4,-12.2674,True,fuzzy_logic_fixed_snr,7.3692,0.1561
113,v3,v15,20.0,60.0,20.0,0.6,0.3,0.4,-12.2674,True,fuzzy_logic_fixed_snr,7.3437,0.1531
113,v3,v11,20.0,100.0,20.0,0.6,0.5,0.4,-15.817,True,fuzzy_logic_fixed_snr,3.6078,0.1264
113,v4,v3,40.0,50.09,20.0,1.0,0.2504,0.4,8.987,False,fuzzy_logic_fixed_snr,15.1251,0.7695
113,v4,v7,40.0,110.04,40.0,1.0,0.5502,0.8,1.7434,True,fuzzy_logic_fixed_snr,20.9013,0.8385
113,v4,v15,40.0,110.04,40.0,1.0,0.5502,0.8,1.7434,True,fuzzy_logic_fixed_snr,20.8874,0.8328
113,v4,v11,40.0,150.03,40.0,1.0,0.7501,0.8,-0.4106,True,fuzzy_logic_fixed_snr,19.4218,0.7949
114,v1,v6,40.0,100.04,20.0,1.0,0.5002,0.4,4.1799,False,fuzzy_logic_fixed_snr,10.3157,0.4006
114,v1,v5,40.0,130.0,20.0,1.0,0.65,0.4,2.3599,True,fuzzy_logic_fixed_snr,21.2587,0.8609
114,v1,v13,40.0,200.0,30.0,1.0,1.0,0.6,-1.633,True,fuzzy_logic_fixed_snr,18.4817,0.7461
114,v3,v4,20.0,30.15,30.0,0.6,0.1507,0.6,-8.485,True,fuzzy_logic_fixed_snr,11.9119,0.2812
114,v3,v7,20.0,40.0,40.0,0.6,0.2,0.8,-11.2247,True,fuzzy_logic_fixed_snr,8.6702,0.1814
114,v3,v15,20.0,40.0,0.0,0.6,0.2,0.0,-5.633,False,fuzzy_logic_fixed_snr,0.5039,0.1271
114,v3,v11,20.0,80.0,40.0,0.6,0.4,0.8,-16.0412,True,fuzzy_logic_fixed_snr,3.4151,0.1256
114,v3,v8,20.0,180.02,20.0,0.6,0.9001,0.4,-19.9023,True,fuzzy_logic_fixed_snr,1.2733,0.1127
114,v4,v3,40.0,30.15,30.0,1.0,0.1507,0.6,11.515,False,fuzzy_logic_fixed_snr,17.6513,0.8756
114,v4,v7,40.0,70.06,10.0,1.0,0.3503,0.2,8.0638,False,fuzzy_logic_fixed_snr,14.2012,0.7148
114,v4,v15,40.0,70.06,30.0,1.0,0.3503,0.6,5.6556,False,fuzzy_logic_fixed_snr,11.7911,0.532
114,v4,v11,40.0,110.04,10.0,1.0,0.5502,0.2,4.9269,False,fuzzy_logic_fixed_snr,11.0652,0.4631
115,v1,v6,40.0,80.06,30.0,1.0,0.4003,0.6,4.7292,False,fuzzy_logic_fixed_snr,10.8667,0.4395
115,v1,v5,40.0,110.0,0.0,1.0,0.55,0.0,7.3377,False,fuzzy_logic_fixed_snr,13.4782,0.6574
115,v1,v13,40.0,170.0,20.0,1.0,0.85,0.4,0.4958,True,fuzzy_logic_fixed_snr,20.0626,0.816
115,v3,v7,20.0,0.0,10.0,0.6,0.0,0.2,33.5918,False,fuzzy_logic_fixed_snr,39.7293,0.9951
115,v3,v11,20.0,40.0,20.0,0.6,0.2,0.4,-9.4499,True,fuzzy_logic_fixed_snr,10.8294,0.2459
115,v3,v15,20.0,40.0,10.0,0.6,0.2,0.2,-8.0412,False,fuzzy_logic_fixed_snr,-1.9034,0.1041
115,v3,v4,20.0,60.07,30.0,0.6,0.3004,0.6,-13.2756,True,fuzzy_logic_fixed_snr,6.1123,0.1443
115,v3,v8,20.0,160.03,30.0,0.6,0.8001,0.6,-20.0836,True,fuzzy_logic_fixed_snr,1.2162,0.1023
115,v4,v3,40.0,60.07,30.0,1.0,0.3004,0.6,6.7244,False,fuzzy_logic_fixed_snr,12.8641,0.6004
115,v4,v7,40.0,60.07,20.0,1.0,0.3004,0.4,7.7239,False,fuzzy_logic_fixed_snr,13.8631,0.7023
115,v4,v11,40.0,100.04,10.0,1.0,0.5002,0.2,5.5886,False,fuzzy_logic_fixed_snr,11.7262,0.5188
115,v4,v15,40.0,100.04,20.0,1.0,0.5002,0.4,4.1799,False,fuzzy_logic_fixed_snr,10.3187,0.3957
116,v1,v5,40.0,110.0,0.0,1.0,0.55,0.0,7.3377,False,fuzzy_logic_fixed_snr,13.4754,0.6537
116,v1,v6,40.0,110.04,20.0,1.0,0.5502,0.4,3.5182,False,fuzzy_logic_fixed_snr,9.6574,0.3537
116,v1,v13,40.0,190.0,0.0,1.0,0.95,0.0,3.5399,True,fuzzy_logic_fixed_snr,21.8899,0.8883
116,v3,v7,20.0,10.0,30.0,0.6,0.05,0.6,-0.8165,True,fuzzy_logic_fixed_snr,19.117,0.7777
116,v3,v11,20.0,20.0,40.0,0.6,0.1,0.8,-6.4082,True,fuzzy_logic_fixed_snr,14.09,0.4512
116,v3,v15,20.0,30.0,40.0,0.6,0.15,0.8,-9.2257,True,fuzzy_logic_fixed_snr,11.0921,0.2613
116,v3,v4,20.0,90.05,20.0,0.6,0.4502,0.4,-15.0887,True,fuzzy_logic_fixed_snr,4.2352,0.1369
116,v3,v8,20.0,130.03,40.0,0.6,0.6502,0.8,-19.4167,True,fuzzy_logic_fixed_snr,1.4803,0.1047
116,v4,v7,40.0,80.06,10.0,1.0,0.4003,0.2,7.1374,False,fuzzy_logic_fixed_snr,13.2758,0.648
116,v4,v3,40.0,90.05,20.0,1.0,0.4502,0.4,4.9113,False,fuzzy_logic_fixed_snr,11.0512,0.4508
116,v4,v11,40.0,110.04,20.0,1.0,0.5502,0.4,3.5182,False,fuzzy_logic_fixed_snr,9.6558,0.3389
116,v4,v15,40.0,120.04,20.0,1.0,0.6002,0.4,2.914,False,fuzzy_logic_fixed_snr,9.0506,0.309
117,v1,v5,40.0,110.0,30.0,1.0,0.55,0.6,2.5212,True,fuzzy_logic_fixed_snr,21.3456,0.8588
117,v1,v6,40.0,130.03,40.0,1.0,0.6502,0.8,0.5833,True,fuzzy_logic_fixed_snr,20.1405,0.8059
117,v1,v13,40.0,190.0,10.0,1.0,0.95,0.2,1.1317,True,fuzzy_logic_fixed_snr,20.516,0.8201
117,v3,v15,20.0,10.0,0.0,0.6,0.05,0.0,4.0,False,fuzzy_logic_fixed_snr,10.1373,0.384
117,v3,v11,20.0,20.0,0.0,0.6,0.1,0.0,-0.8165,False,fuzzy_logic_fixed_snr,5.3225,0.1637
117,v3,v7,20.0,40.0,10.0,0.6,0.2,0.2,-8.0412,False,fuzzy_logic_fixed_snr,-1.9023,0.1119
117,v3,v8,20.0,90.05,30.0,0.6,0.4502,0.6,-16.0882,True,fuzzy_logic_fixed_snr,3.4031,0.1326
117,v3,v4,20.0,110.04,20.0,0.6,0.5502,0.4,-16.4818,True,fuzzy_logic_fixed_snr,3.079,0.1252
117,v4,v7,40.0,70.06,30.0,1.0,0.3503,0.6,5.6556,False,fuzzy_logic_fixed_snr,11.7926,0.5262
117,v4,v11,40.0,90.05,20.0,1.0,0.4502,0.4,4.9113,False,fuzzy_logic_fixed_snr,11.0476,0.4523
117,v4,v15,40.0,100.04,20.0,1.0,0.5002,0.4,4.1799,False,fuzzy_logic_fixed_snr,10.3161,0.3934
117,v4,v3,40.0,110.04,20.0,1.0,0.5502,0.4,3.5182,False,fuzzy_logic_fixed_snr,9.6539,0.3332
117,v4,v8,40.0,200.0,10.0,1.0,1.0,0.2,0.7753,True,fuzzy_logic_fixed_snr,20.275,0.8252
118,v1,v5,40.0,140.0,40.0,1.0,0.7,0.8,0.0702,True,fuzzy_logic_fixed_snr,19.7841,0.7848
118,v1,v6,40.0,170.03,20.0,1.0,0.8501,0.4,0.4948,True,fuzzy_logic_fixed_snr,20.0737,0.8115
118,v1,v13,40.0,200.0,40.0,1.0,1.0,0.8,-2.4082,True,fuzzy_logic_fixed_snr,17.8379,0.7219
118,v3,v15,20.0,10.0,0.0,0.6,0.05,0.0,4.0,False,fuzzy_logic_fixed_snr,10.1393,0.3854
118,v3,v11,20.0,20.0,30.0,0.6,0.1,0.6,-5.633,True,fuzzy_logic_fixed_snr,14.8571,0.4719
118,v3,v7,20.0,50.0,10.0,0.6,0.25,0.2,-9.5918,False,fuzzy_logic_fixed_snr,-3.4539,0.1051
118,v3,v4,20.0,90.05,30.0,0.6,0.4502,0.6,-16.0882,True,fuzzy_logic_fixed_snr,3.4012,0.1215
118,v3,v8,20.0,120.04,0.0,0.6,0.6002,0.0,-13.2691,True,fuzzy_logic_fixed_snr,6.1352,0.1486
118,v4,v7,40.0,40.11,20.0,1.0,0.2006,0.4,10.5306,False,fuzzy_logic_fixed_snr,16.6689,0.8465
118,v4,v11,40.0,70.06,0.0,1.0,0.3503,0.0,10.4721,False,fuzzy_logic_fixed_snr,16.6097,0.8484
118,v4,v15,40.0,80.06,30.0,1.0,0.4003,0.6,4.7292,False,fuzzy_logic_fixed_snr,10.8668,0.4426
118,v4,v3,40.0,90.05,30.0,1.0,0.4502,0.6,3.9118,True,fuzzy_logic_fixed_snr,22.0653,0.8963
119,v1,v5,40.0,100.0,0.0,1.0,0.5,0.0,8.0,False,fuzzy_logic_fixed_snr,14.1376,0.7168
119,v1,v6,40.0,150.03,10.0,1.0,0.7501,0.2,2.7729,False,fuzzy_logic_fixed_snr,8.9121,0.2953
119,v1,v13,40.0,160.0,30.0,1.0,0.8,0.6,-0.0824,True,fuzzy_logic_fixed_snr,19.6762,0.7873
119,v3,v11,20.0,10.0,10.0,0.6,0.05,0.2,1.5918,False,fuzzy_logic_fixed_snr,7.7304,0.2395
119,v3,v15,20.0,10.0,20.0,0.6,0.05,0.4,0.183,True,fuzzy_logic_fixed_snr,19.8566,0.7914
119,v3,v7,20.0,40.0,20.0,0.6,0.2,0.4,-9.4499,True,fuzzy_logic_fixed_snr,10.8333,0.2598
119,v3,v4,20.0,60.07,20.0,0.6,0.3004,0.4,-12.2761,True,fuzzy_logic_fixed_snr,7.3416,0.1678
119,v3,v8,20.0,120.04,30.0,0.6,0.6002,0.6,-18.0856,True,fuzzy_logic_fixed_snr,2.0959,0.1268
119,v4,v7,40.0,20.22,0.0,1.0,0.1011,0.0,19.1062,False,fuzzy_logic_fixed_snr,25.2449,0.977
119,v4,v15,40.0,50.09,0.0,1.0,0.2504,0.0,12.804,False,fuzzy_logic_fixed_snr,18.9421,0.9012
119,v4,v3,40.0,60.07,20.0,1.0,0.3004,0.4,7.7239,False,fuzzy_logic_fixed_snr,13.862,0.7076
119,v4,v11,40.0,70.06,10.0,1.0,0.3503,0.2,8.0638,False,fuzzy_logic_fixed_snr,14.2016,0.7256
119,v4,v8,40.0,180.0,10.0,1.0,0.9,0.2,1.5074,True,fuzzy_logic_fixed_snr,20.7508,0.826
120,v1,v5,40.0,100.0,0.0,1.0,0.5,0.0,8.0,False,fuzzy_logic_fixed_snr,14.1397,0.7094
120,v1,v13,40.0,130.0,20.0,1.0,0.65,0.4,2.3599,True,fuzzy_logic_fixed_snr,21.2632,0.8449
120,v1,v6,40.0,140.03,20.0,1.0,0.7002,0.4,1.8434,True,fuzzy_logic_fixed_snr,20.9373,0.8328
120,v3,v15,20.0,10.0,20.0,0.6,0.05,0.4,0.183,True,fuzzy_logic_fixed_snr,19.865,0.8023
120,v3,v7,20.0,20.0,0.0,0.6,0.1,0.0,-0.8165,False,fuzzy_logic_fixed_snr,5.3206,0.1672
120,v3,v11,20.0,20.0,10.0,0.6,0.1,0.2,-3.2247,False,fuzzy_logic_fixed_snr,2.9129,0.1414
120,v3,v4,20.0,40.11,20.0,0.6,0.2006,0.4,-9.4694,True,fuzzy_logic_fixed_snr,10.8033,0.2518
120,v3,v8,20.0,150.03,10.0,0.6,0.7501,0.2,-17.2271,True,fuzzy_logic_fixed_snr,2.6071,0.116
120,v4,v7,40.0,20.22,20.0,1.0,0.1011,0.4,15.2892,False,fuzzy_logic_fixed_snr,21.4272,0.9418
120,v4,v3,40.0,40.11,20.0,1.0,0.2006,0.4,10.5306,False,fuzzy_logic_fixed_snr,16.6688,0.8549
120,v4,v15,40.0,50.09,40.0,1.0,0.2504,0.8,7.2122,True,fuzzy_logic_fixed_snr,23.2565,0.8963
120,v4,v11,40.0,60.07,10.0,1.0,0.3004,0.2,9.1327,False,fuzzy_logic_fixed_snr,15.2695,0.7777
120,v4,v8,40.0,190.0,30.0,1.0,0.95,0.6,-1.2765,True,fuzzy_logic_fixed_snr,18.7638,0.7488
121,v1,v5,40.0,100.0,0.0,1.0,0.5,0.0,8.0,False,fuzzy_logic_fixed_snr,14.1375,0.7018
121,v1,v13,40.0,110.0,0.0,1.0,0.55,0.0,7.3377,False,fuzzy_logic_fixed_snr,13.4737,0.6691
121,v1,v6,40.0,160.03,0.0,1.0,0.8001,0.0,4.7329,True,fuzzy_logic_fixed_snr,22.3874,0.8752
121,v3,v15,20.0,10.0,40.0,0.6,0.05,0.8,-1.5918,True,fuzzy_logic_fixed_snr,18.4986,0.7266
121,v3,v7,20.0,20.0,0.0,0.6,0.1,0.0,-0.8165,False,fuzzy_logic_fixed_snr,5.3228,0.1637
121,v3,v4,20.0,20.22,40.0,0.6,0.1011,0.8,-6.4855,True,fuzzy_logic_fixed_snr,13.9933,0.4357
121,v3,v11,20.0,30.0,30.0,0.6,0.15,0.6,-8.4504,True,fuzzy_logic_fixed_snr,11.9052,0.3131
121,v3,v8,20.0,140.03,0.0,0.6,0.7002,0.0,-14.3396,True,fuzzy_logic_fixed_snr,4.9564,0.1271
121,v4,v7,40.0,3.0,40.0,1.0,0.015,0.8,26.7743,True,fuzzy_logic_fixed_snr,24.5282,0.91
121,v4,v15,40.0,10.44,0.0,1.0,0.0522,0.0,23.7006,False,fuzzy_logic_fixed_snr,29.8402,0.9803
121,v4,v3,40.0,20.22,40.0,1.0,0.1011,0.8,13.5145,True,fuzzy_logic_fixed_snr,24.2062,0.9029
121,v4,v11,40.0,50.09,10.0,1.0,0.2504,0.2,10.3958,False,fuzzy_logic_fixed_snr,16.533,0.8406
121,v4,v8,40.0,160.0,40.0,1.0,0.8,0.8,-0.8577,True,fuzzy_logic_fixed_snr,19.0994,0.7576
122,v1,v5,40.0,100.0,20.0,1.0,0.5,0.4,4.183,False,fuzzy_logic_fixed_snr,10.3217,0.3939
122,v1,v13,40.0,110.0,20.0,1.0,0.55,0.4,3.5207,False,fuzzy_logic_fixed_snr,9.6588,0.3428
122,v1,v6,40.0,160.03,20.0,1.0,0.8001,0.4,0.9159,True,fuzzy_logic_fixed_snr,20.3851,0.8182
122,v3,v11,20.0,0.0,10.0,0.6,0.0,0.2,33.5918,False,fuzzy_logic_fixed_snr,39.7282,0.9951
122,v3,v7,20.0,20.0,10.0,0.6,0.1,0.2,-3.2247,False,fuzzy_logic_fixed_snr,2.9134,0.1418
122,v3,v15,20.0,50.0,10.0,0.6,0.25,0.2,-9.5918,False,fuzzy_logic_fixed_snr,-3.4533,0.1021
122,v3,v4,20.0,60.07,20.0,0.6,0.3004,0.4,-12.2761,True,fuzzy_logic_fixed_snr,7.365,0.1672
122,v3,v8,20.0,140.03,20.0,0.6,0.7002,0.4,-18.1566,True,fuzzy_logic_fixed_snr,2.0543,0.1023
122,v4,v15,40.0,10.44,30.0,1.0,0.0522,0.6,18.8841,False,fuzzy_logic_fixed_snr,25.0212,0.973
122,v4,v7,40.0,40.11,10.0,1.0,0.2006,0.2,11.9393,False,fuzzy_logic_fixed_snr,18.079,0.8799
122,v4,v3,40.0,60.07,20.0,1.0,0.3004,0.4,7.7239,False,fuzzy_logic_fixed_snr,13.8632,0.7045
122,v4,v11,40.0,60.07,30.0,1.0,0.3004,0.6,6.7244,False,fuzzy_logic_fixed_snr,12.86,0.626
122,v4,v8,40.0,200.0,40.0,1.0,1.0,0.8,-2.4082,True,fuzzy_logic_fixed_snr,17.8265,0.7066
123,v1,v5,40.0,120.0,20.0,1.0,0.6,0.4,2.9161,False,fuzzy_logic_fixed_snr,9.0551,0.2893
123,v1,v13,40.0,130.0,20.0,1.0,0.65,0.4,2.3599,True,fuzzy_logic_fixed_snr,21.2371,0.8555
123,v1,v6,40.0,140.03,10.0,1.0,0.7002,0.2,3.2521,False,fuzzy_logic_fixed_snr,9.3901,0.3287
123,v3,v7,20.0,10.0,40.0,0.6,0.05,0.8,-1.5918,True,fuzzy_logic_fixed_snr,18.4936,0.7426
123,v3,v11,20.0,10.0,40.0,0.6,0.05,0.8,-1.5918,True,fuzzy_logic_fixed_snr,18.4968,0.7277
123,v3,v4,20.0,40.11,20.0,0.6,0.2006,0.4,-9.4694,True,fuzzy_logic_fixed_snr,10.8021,0.2514
123,v3,v15,20.0,60.0,0.0,0.6,0.3,0.0,-8.4504,True,fuzzy_logic_fixed_snr,11.9364,0.2914
123,v3,v8,20.0,120.04,40.0,0.6,0.6002,0.8,-18.8608,True,fuzzy_logic_fixed_snr,1.6954,0.1164
123,v4,v15,40.0,20.22,20.0,1.0,0.1011,0.4,15.2892,False,fuzzy_logic_fixed_snr,21.4276,0.9486
123,v4,v7,40.0,30.15,20.0,1.0,0.1507,0.4,12.5145,False,fuzzy_logic_fixed_snr,18.6528,0.8986
123,v4,v11,40.0,30.15,20.0,1.0,0.1507,0.4,12.5145,False,fuzzy_logic_fixed_snr,18.6545,0.8961
123,v4,v3,40.0,40.11,20.0,1.0,0.2006,0.4,10.5306,False,fuzzy_logic_fixed_snr,16.6681,0.8482
123,v4,v8,40.0,160.0,20.0,1.0,0.8,0.4,0.9171,True,fuzzy_logic_fixed_snr,20.3813,0.8215
124,v1,v5,40.0,140.0,10.0,1.0,0.7,0.2,3.2537,False,fuzzy_logic_fixed_snr,9.3927,0.3316
124,v1,v13,40.0,150.0,30.0,1.0,0.75,0.6,0.3661,True,fuzzy_logic_fixed_snr,19.9696,0.8102
124,v1,v6,40.0,150.03,10.0,1.0,0.7501,0.2,2.7729,False,fuzzy_logic_fixed_snr,8.9097,0.2789
124,v3,v7,20.0,50.0,20.0,0.6,0.25,0.4,-11.0005,True,fuzzy_logic_fixed_snr,8.9671,0.1975
124,v3,v11,20.0,50.0,0.0,0.6,0.25,0.0,-7.1835,False,fuzzy_logic_fixed_snr,-1.0446,0.1164
124,v3,v15,20.0,60.0,10.0,0.6,0.3,0.2,-10.8587,True,fuzzy_logic_fixed_snr,9.1676,0.1953
124,v3,v4,20.0,60.07,20.0,0.6,0.3004,0.4,-12.2761,True,fuzzy_logic_fixed_snr,7.353,0.1686
124,v3,v8,20.0,80.06,10.0,0.6,0.4003,0.2,-12.8626,True,fuzzy_logic_fixed_snr,6.6079,0.1576
124,v4,v15,40.0,3.0,30.0,1.0,0.015,0.6,27.5496,False,fuzzy_logic_fixed_snr,33.6891,0.9932
124,v4,v7,40.0,10.44,0.0,1.0,0.0522,0.0,23.7006,False,fuzzy_logic_fixed_snr,29.8389,0.9854
124,v4,v11,40.0,10.44,20.0,1.0,0.0522,0.4,19.8836,False,fuzzy_logic_fixed_snr,26.0194,0.9691
124,v4,v3,40.0,60.07,20.0,1.0,0.3004,0.4,7.7239,False,fuzzy_logic_fixed_snr,13.861,0.6947
124,v4,v8,40.0,140.0,10.0,1.0,0.7,0.2,3.2537,False,fuzzy_logic_fixed_snr,9.3913,0.3295
125,v1,v13,40.0,120.0,10.0,1.0,0.6,0.2,4.3249,False,fuzzy_logic_fixed_snr,10.4622,0.3967
125,v1,v5,40.0,130.0,0.0,1.0,0.65,0.0,6.1769,False,fuzzy_logic_fixed_snr,12.3155,0.5609
125,v1,v6,40.0,140.03,0.0,1.0,0.7002,0.0,5.6604,False,fuzzy_logic_fixed_snr,11.7985,0.523
125,v3,v11,20.0,50.0,10.0,0.6,0.25,0.2,-9.5918,False,fuzzy_logic_fixed_snr,-3.4529,0.1047
125,v3,v15,20.0,50.0,10.0,0.6,0.25,0.2,-9.5918,False,fuzzy_logic_fixed_snr,-3.4528,0.0963
125,v3,v7,20.0,70.0,10.0,0.6,0.35,0.2,-11.9298,True,fuzzy_logic_fixed_snr,7.7784,0.174
125,v3,v8,20.0,70.06,30.0,0.6,0.3503,0.6,-14.3444,True,fuzzy_logic_fixed_snr,4.94,0.133
125,v3,v4,20.0,80.06,20.0,0.6,0.4003,0.4,-14.2713,True,fuzzy_logic_fixed_snr,5.0338,0.1391
125,v4,v7,40.0,10.44,10.0,1.0,0.0522,0.2,21.2923,False,fuzzy_logic_fixed_snr,27.4315,0.9828
125,v4,v11,40.0,30.15,10.0,1.0,0.1507,0.2,13.9232,False,fuzzy_logic_fixed_snr,20.0622,0.9367
125,v4,v15,40.0,30.15,30.0,1.0,0.1507,0.6,11.515,False,fuzzy_logic_fixed_snr,17.653,0.8816
125,v4,v3,40.0,80.06,20.0,1.0,0.4003,0.4,5.7287,False,fuzzy_logic_fixed_snr,11.8666,0.5211
125,v4,v8,40.0,150.0,10.0,1.0,0.75,0.2,2.7743,False,fuzzy_logic_fixed_snr,8.9111,0.2975
126,v1,v5,40.0,130.0,20.0,1.0,0.65,0.4,2.3599,True,fuzzy_logic_fixed_snr,21.272,0.851
126,v1,v13,40.0,130.0,0.0,1.0,0.65,0.0,6.1769,False,fuzzy_logic_fixed_snr,12.3142,0.5713
126,v1,v6,40.0,140.03,10.0,1.0,0.7002,0.2,3.2521,False,fuzzy_logic_fixed_snr,9.3901,0.3439
126,v3,v15,20.0,40.0,20.0,0.6,0.2,0.4,-9.4499,True,fuzzy_logic_fixed_snr,10.8164,0.2445
126,v3,v8,20.0,40.11,10.0,0.6,0.2006,0.2,-8.0607,False,fuzzy_logic_fixed_snr,-1.9237,0.1164
126,v3,v11,20.0,60.0,10.0,0.6,0.3,0.2,-10.8587,True,fuzzy_logic_fixed_snr,9.1507,0.2115
126,v3,v7,20.0,80.0,10.0,0.6,0.4,0.2,-12.8577,True,fuzzy_logic_fixed_snr,6.6446,0.1605
126,v3,v4,20.0,100.04,0.0,0.6,0.5002,0.0,-12.0031,True,fuzzy_logic_fixed_snr,7.6878,0.1672
126,v4,v7,40.0,20.22,10.0,1.0,0.1011,0.2,16.698,False,fuzzy_logic_fixed_snr,22.8351,0.9564
126,v4,v11,40.0,40.11,10.0,1.0,0.2006,0.2,11.9393,False,fuzzy_logic_fixed_snr,18.075,0.8824
126,v4,v15,40.0,60.07,20.0,1.0,0.3004,0.4,7.7239,False,fuzzy_logic_fixed_snr,13.8614,0.6977
126,v4,v3,40.0,100.04,0.0,1.0,0.5002,0.0,7.9969,False,fuzzy_logic_fixed_snr,14.1327,0.7205
126,v4,v8,40.0,140.0,10.0,1.0,0.7,0.2,3.2537,False,fuzzy_logic_fixed_snr,9.3915,0.3371
127,v1,v5,40.0,110.0,20.0,1.0,0.55,0.4,3.5207,False,fuzzy_logic_fixed_snr,9.6603,0.3605
127,v1,v13,40.0,130.0,40.0,1.0,0.65,0.8,0.5851,True,fuzzy_logic_fixed_snr,20.1303,0.8086
127,v1,v6,40.0,150.03,0.0,1.0,0.7501,0.0,5.1812,False,fuzzy_logic_fixed_snr,11.3189,0.4713
127,v3,v8,20.0,50.09,30.0,0.6,0.2504,0.6,-12.0125,True,fuzzy_logic_fixed_snr,7.6743,0.1613
127,v3,v15,20.0,60.0,20.0,0.6,0.3,0.4,-12.2674,True,fuzzy_logic_fixed_snr,7.3404,0.1658
127,v3,v7,20.0,70.0,10.0,0.6,0.35,0.2,-11.9298,True,fuzzy_logic_fixed_snr,7.7895,0.1762
127,v3,v11,20.0,70.0,10.0,0.6,0.35,0.2,-11.9298,True,fuzzy_logic_fixed_snr,7.8045,0.1566
127,v3,v4,20.0,100.04,10.0,0.6,0.5002,0.2,-14.4114,True,fuzzy_logic_fixed_snr,4.8939,0.1467
127,v4,v7,40.0,30.15,0.0,1.0,0.1507,0.0,16.3315,False,fuzzy_logic_fixed_snr,22.4703,0.9623
127,v4,v11,40.0,30.15,0.0,1.0,0.1507,0.0,16.3315,False,fuzzy_logic_fixed_snr,22.4695,0.948
127,v4,v15,40.0,40.11,30.0,1.0,0.2006,0.6,9.5311,False,fuzzy_logic_fixed_snr,15.6691,0.798
127,v4,v3,40.0,100.04,10.0,1.0,0.5002,0.2,5.5886,False,fuzzy_logic_fixed_snr,11.7237,0.5168
127,v4,v8,40.0,150.0,40.0,1.0,0.75,0.8,-0.4092,True,fuzzy_logic_fixed_snr,19.401,0.7811
128,v1,v5,40.0,90.0,30.0,1.0,0.45,0.6,3.9156,False,fuzzy_logic_fixed_snr,10.0528,0.3713
128,v1,v13,40.0,90.0,30.0,1.0,0.45,0.6,3.9156,False,fuzzy_logic_fixed_snr,10.0516,0.3832
128,v1,v6,40.0,150.03,20.0,1.0,0.7501,0.4,1.3642,True,fuzzy_logic_fixed_snr,20.6615,0.8174
128,v3,v15,20.0,40.0,10.0,0.6,0.2,0.2,-8.0412,False,fuzzy_logic_fixed_snr,-1.9036,0.1047
128,v3,v7,20.0,80.0,30.0,0.6,0.4,0.6,-15.2659,True,fuzzy_logic_fixed_snr,4.084,0.1279
128,v3,v11,20.0,80.0,0.0,0.6,0.4,0.0,-10.4494,True,fuzzy_logic_fixed_snr,9.6258,0.209
128,v3,v8,20.0,80.06,0.0,0.6,0.4003,0.0,-10.4543,True,fuzzy_logic_fixed_snr,9.6221,0.2039
128,v3,v4,20.0,110.04,30.0,0.6,0.5502,0.6,-17.4813,True,fuzzy_logic_fixed_snr,2.4424,0.1223
128,v4,v7,40.0,30.15,0.0,1.0,0.1507,0.0,16.3315,False,fuzzy_logic_fixed_snr,22.4684,0.949
128,v4,v11,40.0,30.15,30.0,1.0,0.1507,0.6,11.515,False,fuzzy_logic_fixed_snr,17.6524,0.8775
128,v4,v15,40.0,70.06,40.0,1.0,0.3503,0.8,4.8803,True,fuzzy_logic_fixed_snr,22.4682,0.8785
128,v4,v3,40.0,110.04,30.0,1.0,0.5502,0.6,2.5187,True,fuzzy_logic_fixed_snr,21.3372,0.8543
128,v4,v8,40.0,190.0,30.0,1.0,0.95,0.6,-1.2765,True,fuzzy_logic_fixed_snr,18.7771,0.7531
129,v1,v5,40.0,60.0,0.0,1.0,0.3,0.0,11.5496,False,fuzzy_logic_fixed_snr,17.6875,0.8818
129,v1,v13,40.0,60.0,0.0,1.0,0.3,0.0,11.5496,False,fuzzy_logic_fixed_snr,17.6884,0.875
129,v1,v6,40.0,130.03,30.0,1.0,0.6502,0.6,1.3586,True,fuzzy_logic_fixed_snr,20.6533,0.8205
129,v3,v7,20.0,50.0,20.0,0.6,0.25,0.4,-11.0005,True,fuzzy_logic_fixed_snr,8.9733,0.1938
129,v3,v15,20.0,50.0,10.0,0.6,0.25,0.2,-9.5918,False,fuzzy_logic_fixed_snr,-3.4529,0.1025
129,v3,v11,20.0,80.0,40.0,0.6,0.4,0.8,-16.0412,True,fuzzy_logic_fixed_snr,3.4066,0.1203
129,v3,v4,20.0,80.06,40.0,0.6,0.4003,0.8,-16.0461,True,fuzzy_logic_fixed_snr,3.4254,0.1277
129,v3,v8,20.0,80.06,40.0,0.6,0.4003,0.8,-16.0461,True,fuzzy_logic_fixed_snr,3.4161,0.123
129,v4,v11,40.0,3.0,0.0,1.0,0.015,0.0,32.3661,False,fuzzy_logic_fixed_snr,38.5022,0.9971
129,v4,v7,40.0,30.15,20.0,1.0,0.1507,0.4,12.5145,False,fuzzy_logic_fixed_snr,18.6509,0.9055
129,v4,v15,40.0,30.15,30.0,1.0,0.1507,0.6,11.515,False,fuzzy_logic_fixed_snr,17.6518,0.8742
129,v4,v3,40.0,80.06,40.0,1.0,0.4003,0.8,3.9539,True,fuzzy_logic_fixed_snr,22.0463,0.8789
129,v4,v8,40.0,160.0,0.0,1.0,0.8,0.0,4.7341,True,fuzzy_logic_fixed_snr,22.4056,0.8779
130,v1,v5,40.0,60.0,10.0,1.0,0.3,0.2,9.1413,False,fuzzy_logic_fixed_snr,15.2805,0.7924
130,v1,v13,40.0,60.0,20.0,1.0,0.3,0.4,7.7326,False,fuzzy_logic_fixed_snr,13.8695,0.6961
130,v1,v6,40.0,100.04,20.0,1.0,0.5002,0.4,4.1799,False,fuzzy_logic_fixed_snr,10.3186,0.3986
130,v3,v7,20.0,30.0,10.0,0.6,0.15,0.2,-6.0422,False,fuzzy_logic_fixed_snr,0.0936,0.1256
130,v3,v11,20.0,40.0,0.0,0.6,0.2,0.0,-5.633,False,fuzzy_logic_fixed_snr,0.5053,0.1256
130,v3,v15,20.0,40.0,30.0,0.6,0.2,0.6,-10.4494,True,fuzzy_logic_fixed_snr,9.6468,0.2137
130,v3,v4,20.0,40.11,30.0,0.6,0.2006,0.6,-10.4689,True,fuzzy_logic_fixed_snr,9.6138,0.2121
130,v3,v8,20.0,120.04,30.0,0.6,0.6002,0.6,-18.0856,True,fuzzy_logic_fixed_snr,2.0925,0.1086
130,v4,v11,40.0,3.0,30.0,1.0,0.015,0.6,27.5496,False,fuzzy_logic_fixed_snr,33.6886,0.9916
130,v4,v15,40.0,3.0,0.0,1.0,0.015,0.0,32.3661,False,fuzzy_logic_fixed_snr,38.5015,0.9936
130,v4,v7,40.0,10.44,20.0,1.0,0.0522,0.4,19.8836,False,fuzzy_logic_fixed_snr,26.0198,0.974
130,v4,v3,40.0,40.11,30.0,1.0,0.2006,0.6,9.5311,False,fuzzy_logic_fixed_snr,15.6696,0.8
130,v4,v8,40.0,160.0,0.0,1.0,0.8,0.0,4.7341,True,fuzzy_logic_fixed_snr,22.3842,0.8771
131,v1,v5,40.0,50.0,10.0,1.0,0.25,0.2,10.4082,False,fuzzy_logic_fixed_snr,16.5458,0.8303
131,v1,v13,40.0,80.0,0.0,1.0,0.4,0.0,9.5506,False,fuzzy_logic_fixed_snr,15.6896,0.8033
131,v1,v6,40.0,120.04,20.0,1.0,0.6002,0.4,2.914,False,fuzzy_logic_fixed_snr,9.0532,0.3082
131,v3,v15,20.0,10.0,0.0,0.6,0.05,0.0,4.0,False,fuzzy_logic_fixed_snr,10.1369,0.3764
131,v3,v4,20.0,10.44,0.0,0.6,0.0522,0.0,3.7006,False,fuzzy_logic_fixed_snr,9.8372,0.3504
131,v3,v7,20.0,20.0,0.0,0.6,0.1,0.0,-0.8165,False,fuzzy_logic_fixed_snr,5.3205,0.1627
131,v3,v11,20.0,40.0,10.0,0.6,0.2,0.2,-8.0412,False,fuzzy_logic_fixed_snr,-1.9015,0.1133
131,v3,v8,20.0,150.03,10.0,0.6,0.7501,0.2,-17.2271,True,fuzzy_logic_fixed_snr,2.5922,0.1168
131,v4,v15,40.0,3.0,0.0,1.0,0.015,0.0,32.3661,False,fuzzy_logic_fixed_snr,38.5066,0.9932
131,v4,v3,40.0,10.44,0.0,1.0,0.0522,0.0,23.7006,False,fuzzy_logic_fixed_snr,29.8386,0.9838
131,v4,v7,40.0,10.44,0.0,1.0,0.0522,0.0,23.7006,False,fuzzy_logic_fixed_snr,29.8402,0.9854
131,v4,v11,40.0,30.15,10.0,1.0,0.1507,0.2,13.9232,False,fuzzy_logic_fixed_snr,20.0604,0.9357
131,v4,v8,40.0,160.0,10.0,1.0,0.8,0.2,2.3258,True,fuzzy_logic_fixed_snr,21.2303,0.8506
132,v1,v5,40.0,60.0,30.0,1.0,0.3,0.6,6.7331,False,fuzzy_logic_fixed_snr,12.8722,0.6217
132,v1,v13,40.0,80.0,10.0,1.0,0.4,0.2,7.1423,False,fuzzy_logic_fixed_snr,13.2799,0.6391
132,v1,v6,40.0,140.03,0.0,1.0,0.7002,0.0,5.6604,False,fuzzy_logic_fixed_snr,11.7972,0.5189
132,v3,v15,20.0,10.0,10.0,0.6,0.05,0.2,1.5918,False,fuzzy_logic_fixed_snr,7.7296,0.2281
132,v3,v4,20.0,10.44,10.0,0.6,0.0522,0.2,1.2923,False,fuzzy_logic_fixed_snr,7.4303,0.2145
132,v3,v7,20.0,20.0,30.0,0.6,0.1,0.6,-5.633,True,fuzzy_logic_fixed_snr,14.873,0.4793
132,v3,v11,20.0,30.0,0.0,0.6,0.15,0.0,-3.6339,False,fuzzy_logic_fixed_snr,2.5035,0.1398
132,v3,v8,20.0,140.03,10.0,0.6,0.7002,0.2,-16.7479,True,fuzzy_logic_fixed_snr,2.9018,0.1098
132,v4,v15,40.0,3.0,0.0,1.0,0.015,0.0,32.3661,False,fuzzy_logic_fixed_snr,38.5035,0.9916
132,v4,v3,40.0,10.44,10.0,1.0,0.0522,0.2,21.2923,False,fuzzy_logic_fixed_snr,27.4292,0.9766
132,v4,v7,40.0,10.44,20.0,1.0,0.0522,0.4,19.8836,False,fuzzy_logic_fixed_snr,26.0212,0.973
132,v4,v11,40.0,20.22,10.0,1.0,0.1011,0.2,16.698,False,fuzzy_logic_fixed_snr,22.8341,0.9564
132,v4,v8,40.0,150.0,0.0,1.0,0.75,0.0,5.1825,False,fuzzy_logic_fixed_snr,11.3185,0.4768
133,v1,v13,40.0,70.0,20.0,1.0,0.35,0.4,6.6615,False,fuzzy_logic_fixed_snr,12.7976,0.5996
133,v1,v5,40.0,90.0,0.0,1.0,0.45,0.0,8.7321,False,fuzzy_logic_fixed_snr,14.8706,0.7701
133,v1,v6,40.0,140.03,20.0,1.0,0.7002,0.4,1.8434,True,fuzzy_logic_fixed_snr,20.9689,0.8508
133,v3,v15,20.0,20.0,20.0,0.6,0.1,0.4,-4.6334,True,fuzzy_logic_fixed_snr,15.8213,0.5717
133,v3,v4,20.0,20.22,30.0,0.6,0.1011,0.6,-5.7103,True,fuzzy_logic_fixed_snr,14.8019,0.4914
133,v3,v11,20.0,30.0,30.0,0.6,0.15,0.6,-8.4504,True,fuzzy_logic_fixed_snr,11.9264,0.2945
133,v3,v7,20.0,50.0,10.0,0.6,0.25,0.2,-9.5918,False,fuzzy_logic_fixed_snr,-3.4536,0.1012
133,v3,v19,20.0,120.0,30.0,0.6,0.6,0.6,-18.0834,True,fuzzy_logic_fixed_snr,2.0931,0.1148
133,v4,v15,40.0,3.0,10.0,1.0,0.015,0.2,29.9578,False,fuzzy_logic_fixed_snr,36.0943,0.9912
133,v4,v11,40.0,10.44,0.0,1.0,0.0522,0.0,23.7006,False,fuzzy_logic_fixed_snr,29.8376,0.9848
133,v4,v3,40.0,20.22,30.0,1.0,0.1011,0.6,14.2897,False,fuzzy_logic_fixed_snr,20.4274,0.9402
133,v4,v7,40.0,30.15,20.0,1.0,0.1507,0.4,12.5145,False,fuzzy_logic_fixed_snr,18.6513,0.8971
133,v4,v19,40.0,140.03,0.0,1.0,0.7002,0.0,5.6604,False,fuzzy_logic_fixed_snr,11.7971,0.5338
134,v1,v13,40.0,50.0,0.0,1.0,0.25,0.0,12.8165,False,fuzzy_logic_fixed_snr,18.9544,0.9094
134,v1,v5,40.0,90.0,0.0,1.0,0.45,0.0,8.7321,False,fuzzy_logic_fixed_snr,14.8703,0.7527
134,v1,v6,40.0,120.04,20.0,1.0,0.6002,0.4,2.914,False,fuzzy_logic_fixed_snr,9.0498,0.2973
134,v3,v15,20.0,40.0,30.0,0.6,0.2,0.6,-10.4494,True,fuzzy_logic_fixed_snr,9.6178,0.2275
134,v3,v4,20.0,50.09,10.0,0.6,0.2504,0.2,-9.6042,False,fuzzy_logic_fixed_snr,-3.4679,0.1021
134,v3,v7,20.0,60.0,30.0,0.6,0.3,0.6,-13.2669,True,fuzzy_logic_fixed_snr,6.1348,0.1541
134,v3,v11,20.0,60.0,10.0,0.6,0.3,0.2,-10.8587,True,fuzzy_logic_fixed_snr,9.145,0.201
134,v3,v19,20.0,90.0,30.0,0.6,0.45,0.6,-16.0844,True,fuzzy_logic_fixed_snr,3.3843,0.1328
134,v4,v7,40.0,10.44,20.0,1.0,0.0522,0.4,19.8836,False,fuzzy_logic_fixed_snr,26.0218,0.9682
134,v4,v11,40.0,10.44,0.0,1.0,0.0522,0.0,23.7006,False,fuzzy_logic_fixed_snr,29.837,0.9828
134,v4,v15,40.0,10.44,20.0,1.0,0.0522,0.4,19.8836,False,fuzzy_logic_fixed_snr,26.0218,0.9727
134,v4,v3,40.0,50.09,10.0,1.0,0.2504,0.2,10.3958,False,fuzzy_logic_fixed_snr,16.5333,0.8445
134,v4,v19,40.0,140.03,20.0,1.0,0.7002,0.4,1.8434,True,fuzzy_logic_fixed_snr,20.9262,0.8363
135,v1,v13,40.0,50.0,10.0,1.0,0.25,0.2,10.4082,False,fuzzy_logic_fixed_snr,16.5499,0.8455
135,v1,v5,40.0,90.0,10.0,1.0,0.45,0.2,6.3239,False,fuzzy_logic_fixed_snr,12.4606,0.5791
135,v1,v6,40.0,140.03,30.0,1.0,0.7002,0.6,0.8439,True,fuzzy_logic_fixed_snr,20.3189,0.8148
135,v3,v19,20.0,60.0,10.0,0.6,0.3,0.2,-10.8587,True,fuzzy_logic_fixed_snr,9.152,0.1996
135,v3,v4,20.0,60.07,10.0,0.6,0.3004,0.2,-10.8673,True,fuzzy_logic_fixed_snr,9.1296,0.1898
135,v3,v11,20.0,70.0,10.0,0.6,0.35,0.2,-11.9298,True,fuzzy_logic_fixed_snr,7.7618,0.1857
135,v3,v15,20.0,70.0,20.0,0.6,0.35,0.4,-13.3385,True,fuzzy_logic_fixed_snr,6.0787,0.1564
135,v3,v7,20.0,90.0,10.0,0.6,0.45,0.2,-13.6761,True,fuzzy_logic_fixed_snr,5.6365,0.1408
135,v4,v11,40.0,10.44,0.0,1.0,0.0522,0.0,23.7006,False,fuzzy_logic_fixed_snr,29.8373,0.9863
135,v4,v15,40.0,10.44,30.0,1.0,0.0522,0.6,18.8841,False,fuzzy_logic_fixed_snr,25.0224,0.9662
135,v4,v7,40.0,30.15,20.0,1.0,0.1507,0.4,12.5145,False,fuzzy_logic_fixed_snr,18.6528,0.8986
135,v4,v3,40.0,60.07,10.0,1.0,0.3004,0.2,9.1327,False,fuzzy_logic_fixed_snr,15.2697,0.785
135,v4,v19,40.0,120.04,0.0,1.0,0.6002,0.0,6.7309,False,fuzzy_logic_fixed_snr,12.8677,0.6205
136,v1,v13,40.0,60.0,0.0,1.0,0.3,0.0,11.5496,False,fuzzy_logic_fixed_snr,17.6883,0.8766
136,v1,v5,40.0,100.0,20.0,1.0,0.5,0.4,4.183,False,fuzzy_logic_fixed_snr,10.3202,0.3863
136,v1,v6,40.0,170.03,20.0,1.0,0.8501,0.4,0.4948,True,fuzzy_logic_fixed_snr,20.0763,0.7971
136,v3,v4,20.0,50.09,20.0,0.6,0.2504,0.4,-11.013,True,fuzzy_logic_fixed_snr,8.9106,0.1941
136,v3,v11,20.0,60.0,0.0,0.6,0.3,0.0,-8.4504,True,fuzzy_logic_fixed_snr,11.9481,0.2986
136,v3,v19,20.0,70.0,10.0,0.6,0.35,0.2,-11.9298,True,fuzzy_logic_fixed_snr,7.7682,0.1723
136,v3,v15,20.0,90.0,0.0,0.6,0.45,0.0,-11.2679,True,fuzzy_logic_fixed_snr,8.607,0.1965
136,v3,v7,20.0,100.0,30.0,0.6,0.5,0.6,-16.8165,True,fuzzy_logic_fixed_snr,2.8779,0.1199
136,v4,v11,40.0,10.44,20.0,1.0,0.0522,0.4,19.8836,False,fuzzy_logic_fixed_snr,26.0209,0.9789
136,v4,v15,40.0,40.11,20.0,1.0,0.2006,0.4,10.5306,False,fuzzy_logic_fixed_snr,16.6683,0.8447
136,v4,v3,40.0,50.09,20.0,1.0,0.2504,0.4,8.987,False,fuzzy_logic_fixed_snr,15.1232,0.7639
136,v4,v7,40.0,50.09,10.0,1.0,0.2504,0.2,10.3958,False,fuzzy_logic_fixed_snr,16.5324,0.8395
136,v4,v19,40.0,120.04,10.0,1.0,0.6002,0.2,4.3227,False,fuzzy_logic_fixed_snr,10.4593,0.4184
137,v1,v13,40.0,60.0,20.0,1.0,0.3,0.4,7.7326,False,fuzzy_logic_fixed_snr,13.8704,0.6938
137,v1,v5,40.0,120.0,10.0,1.0,0.6,0.2,4.3249,False,fuzzy_logic_fixed_snr,10.4619,0.418
137,v1,v6,40.0,190.02,10.0,1.0,0.9501,0.2,1.1308,True,fuzzy_logic_fixed_snr,20.5091,0.824
137,v3,v4,20.0,30.15,0.0,0.6,0.1507,0.0,-3.6685,False,fuzzy_logic_fixed_snr,2.47,0.1404
137,v3,v11,20.0,60.0,10.0,0.6,0.3,0.2,-10.8587,True,fuzzy_logic_fixed_snr,9.154,0.2025
137,v3,v7,20.0,70.0,20.0,0.6,0.35,0.4,-13.3385,True,fuzzy_logic_fixed_snr,6.0491,0.1438
137,v3,v19,20.0,80.0,10.0,0.6,0.4,0.2,-12.8577,True,fuzzy_logic_fixed_snr,6.6296,0.158
137,v3,v15,20.0,90.0,0.0,0.6,0.45,0.0,-11.2679,True,fuzzy_logic_fixed_snr,8.6386,0.1855
137,v4,v3,40.0,30.15,0.0,1.0,0.1507,0.0,16.3315,False,fuzzy_logic_fixed_snr,22.4713,0.949
137,v4,v11,40.0,30.15,10.0,1.0,0.1507,0.2,13.9232,False,fuzzy_logic_fixed_snr,20.0608,0.924
137,v4,v7,40.0,40.11,20.0,1.0,0.2006,0.4,10.5306,False,fuzzy_logic_fixed_snr,16.6664,0.8346
137,v4,v15,40.0,60.07,0.0,1.0,0.3004,0.0,11.5409,False,fuzzy_logic_fixed_snr,17.6782,0.8734
137,v4,v19,40.0,110.04,10.0,1.0,0.5502,0.2,4.9269,False,fuzzy_logic_fixed_snr,11.0636,0.4619
138,v1,v13,40.0,80.0,40.0,1.0,0.4,0.8,3.9588,True,fuzzy_logic_fixed_snr,22.0524,0.8588
138,v1,v5,40.0,130.0,40.0,1.0,0.65,0.8,0.5851,True,fuzzy_logic_fixed_snr,20.1368,0.8258
138,v3,v4,20.0,30.15,0.0,0.6,0.1507,0.0,-3.6685,False,fuzzy_logic_fixed_snr,2.4685,0.1324
138,v3,v11,20.0,70.0,30.0,0.6,0.35,0.6,-14.338,True,fuzzy_logic_fixed_snr,4.9544,0.1316
138,v3,v7,20.0,90.0,20.0,0.6,0.45,0.4,-15.0849,True,fuzzy_logic_fixed_snr,4.2352,0.1279
138,v3,v15,20.0,90.0,10.0,0.6,0.45,0.2,-13.6761,True,fuzzy_logic_fixed_snr,5.654,0.1402
138,v3,v19,20.0,90.0,10.0,0.6,0.45,0.2,-13.6761,True,fuzzy_logic_fixed_snr,5.6675,0.1428
138,v4,v3,40.0,30.15,0.0,1.0,0.1507,0.0,16.3315,False,fuzzy_logic_fixed_snr,22.4682,0.9525
138,v4,v11,40.0,40.11,30.0,1.0,0.2006,0.6,9.5311,False,fuzzy_logic_fixed_snr,15.6676,0.7986
138,v4,v7,40.0,60.07,20.0,1.0,0.3004,0.4,7.7239,False,fuzzy_logic_fixed_snr,13.8634,0.6912
138,v4,v15,40.0,60.07,10.0,1.0,0.3004,0.2,9.1327,False,fuzzy_logic_fixed_snr,15.2706,0.7822
138,v4,v19,40.0,120.04,10.0,1.0,0.6002,0.2,4.3227,False,fuzzy_logic_fixed_snr,10.4597,0.4154
139,v1,v13,40.0,40.0,30.0,1.0,0.2,0.6,9.5506,False,fuzzy_logic_fixed_snr,15.6874,0.8012
139,v1,v5,40.0,90.0,20.0,1.0,0.45,0.4,4.9151,False,fuzzy_logic_fixed_snr,11.0534,0.4621
139,v1,v6,40.0,170.03,10.0,1.0,0.8501,0.2,1.9035,True,fuzzy_logic_fixed_snr,20.9968,0.8225
139,v3,v4,20.0,30.15,10.0,0.6,0.1507,0.2,-6.0768,False,fuzzy_logic_fixed_snr,0.0584,0.1246
139,v3,v11,20.0,40.0,20.0,0.6,0.2,0.4,-9.4499,True,fuzzy_logic_fixed_snr,10.809,0.2432
139,v3,v7,20.0,70.0,10.0,0.6,0.35,0.2,-11.9298,True,fuzzy_logic_fixed_snr,7.7739,0.1852
139,v3,v15,20.0,80.0,20.0,0.6,0.4,0.4,-14.2664,True,fuzzy_logic_fixed_snr,5.0146,0.1502
139,v3,v19,20.0,100.0,20.0,0.6,0.5,0.4,-15.817,True,fuzzy_logic_fixed_snr,3.5988,0.134
139,v4,v11,40.0,10.44,30.0,1.0,0.0522,0.6,18.8841,False,fuzzy_logic_fixed_snr,25.0204,0.9721
139,v4,v3,40.0,30.15,10.0,1.0,0.1507,0.2,13.9232,False,fuzzy_logic_fixed_snr,20.0609,0.9197
139,v4,v7,40.0,40.11,20.0,1.0,0.2006,0.4,10.5306,False,fuzzy_logic_fixed_snr,16.6675,0.8449
139,v4,v15,40.0,50.09,10.0,1.0,0.2504,0.2,10.3958,False,fuzzy_logic_fixed_snr,16.5322,0.8391
139,v4,v19,40.0,130.03,10.0,1.0,0.6502,0.2,3.7668,False,fuzzy_logic_fixed_snr,9.9048,0.3605
140,v1,v13,40.0,70.0,40.0,1.0,0.35,0.8,4.8867,True,fuzzy_logic_fixed_snr,22.4572,0.8676
140,v1,v5,40.0,110.0,20.0,1.0,0.55,0.4,3.5207,False,fuzzy_logic_fixed_snr,9.6574,0.341
140,v1,v6,40.0,160.03,0.0,1.0,0.8001,0.0,4.7329,True,fuzzy_logic_fixed_snr,22.3907,0.8781
140,v3,v4,20.0,20.22,10.0,0.6,0.1011,0.2,-3.302,False,fuzzy_logic_fixed_snr,2.8346,0.1471
140,v3,v11,20.0,60.0,40.0,0.6,0.3,0.8,-14.0422,True,fuzzy_logic_fixed_snr,5.246,0.1551
140,v3,v15,20.0,60.0,10.0,0.6,0.3,0.2,-10.8587,True,fuzzy_logic_fixed_snr,9.1453,0.1955
140,v3,v7,20.0,80.0,0.0,0.6,0.4,0.0,-10.4494,True,fuzzy_logic_fixed_snr,9.6389,0.2076
140,v3,v19,20.0,120.0,20.0,0.6,0.6,0.4,-17.0839,True,fuzzy_logic_fixed_snr,2.7142,0.1156
140,v4,v3,40.0,20.22,10.0,1.0,0.1011,0.2,16.698,False,fuzzy_logic_fixed_snr,22.8376,0.9568
140,v4,v11,40.0,40.11,30.0,1.0,0.2006,0.6,9.5311,False,fuzzy_logic_fixed_snr,15.6685,0.7924
140,v4,v15,40.0,40.11,0.0,1.0,0.2006,0.0,14.3476,False,fuzzy_logic_fixed_snr,20.4848,0.9299
140,v4,v7,40.0,60.07,10.0,1.0,0.3004,0.2,9.1327,False,fuzzy_logic_fixed_snr,15.2694,0.774
140,v4,v19,40.0,140.03,10.0,1.0,0.7002,0.2,3.2521,False,fuzzy_logic_fixed_snr,9.3915,0.3293
141,v1,v13,40.0,30.0,20.0,1.0,0.15,0.4,12.5491,False,fuzzy_logic_fixed_snr,18.6871,0.9072
141,v1,v5,40.0,90.0,10.0,1.0,0.45,0.2,6.3239,False,fuzzy_logic_fixed_snr,12.4605,0.5779
141,v1,v6,40.0,160.03,20.0,1.0,0.8001,0.4,0.9159,True,fuzzy_logic_fixed_snr,20.3754,0.8346
141,v3,v4,20.0,10.44,10.0,0.6,0.0522,0.2,1.2923,False,fuzzy_logic_fixed_snr,7.431,0.2184
141,v3,v11,20.0,20.0,30.0,0.6,0.1,0.6,-5.633,True,fuzzy_logic_fixed_snr,14.8799,0.4852
141,v3,v15,20.0,50.0,20.0,0.6,0.25,0.4,-11.0005,True,fuzzy_logic_fixed_snr,8.9692,0.1977
141,v3,v7,20.0,80.0,40.0,0.6,0.4,0.8,-16.0412,True,fuzzy_logic_fixed_snr,3.427,0.118
141,v3,v19,20.0,140.0,20.0,0.6,0.7,0.4,-18.155,True,fuzzy_logic_fixed_snr,2.0595,0.1117
141,v4,v3,40.0,10.44,10.0,1.0,0.0522,0.2,21.2923,False,fuzzy_logic_fixed_snr,27.4304,0.9809
141,v4,v11,40.0,10.44,20.0,1.0,0.0522,0.4,19.8836,False,fuzzy_logic_fixed_snr,26.0208,0.9764
141,v4,v15,40.0,40.11,10.0,1.0,0.2006,0.2,11.9393,False,fuzzy_logic_fixed_snr,18.0777,0.8887
141,v4,v7,40.0,70.06,30.0,1.0,0.3503,0.6,5.6556,False,fuzzy_logic_fixed_snr,11.7924,0.5189
141,v4,v19,40.0,150.03,10.0,1.0,0.7501,0.2,2.7729,False,fuzzy_logic_fixed_snr,8.9106,0.3078
142,v1,v13,40.0,10.0,0.0,1.0,0.05,0.0,24.0,False,fuzzy_logic_fixed_snr,30.1391,0.9844
142,v1,v5,40.0,100.0,10.0,1.0,0.5,0.2,5.5918,False,fuzzy_logic_fixed_snr,11.7294,0.5199
142,v1,v6,40.0,180.02,30.0,1.0,0.9001,0.6,-0.9018,True,fuzzy_logic_fixed_snr,19.0494,0.7785
142,v3,v4,20.0,3.0,0.0,0.6,0.015,0.0,12.3661,False,fuzzy_logic_fixed_snr,18.5041,0.9016
142,v3,v11,20.0,10.0,20.0,0.6,0.05,0.4,0.183,True,fuzzy_logic_fixed_snr,19.845,0.793
142,v3,v15,20.0,30.0,10.0,0.6,0.15,0.2,-6.0422,False,fuzzy_logic_fixed_snr,0.0931,0.1246
142,v3,v7,20.0,40.0,10.0,0.6,0.2,0.2,-8.0412,False,fuzzy_logic_fixed_snr,-1.904,0.1109
142,v3,v8,20.0,150.03,10.0,0.6,0.7501,0.2,-17.2271,True,fuzzy_logic_fixed_snr,2.6065,0.1041
142,v4,v3,40.0,3.0,0.0,1.0,0.015,0.0,32.3661,False,fuzzy_logic_fixed_snr,38.5038,0.9941
142,v4,v11,40.0,10.44,20.0,1.0,0.0522,0.4,19.8836,False,fuzzy_logic_fixed_snr,26.0221,0.9818
142,v4,v15,40.0,30.15,10.0,1.0,0.1507,0.2,13.9232,False,fuzzy_logic_fixed_snr,20.0609,0.9266
142,v4,v7,40.0,40.11,10.0,1.0,0.2006,0.2,11.9393,False,fuzzy_logic_fixed_snr,18.0758,0.8838
142,v4,v8,40.0,150.0,10.0,1.0,0.75,0.2,2.7743,False,fuzzy_logic_fixed_snr,8.9124,0.2996
143,v1,v13,40.0,10.0,0.0,1.0,0.05,0.0,24.0,False,fuzzy_logic_fixed_snr,30.1377,0.9867
143,v1,v5,40.0,110.0,30.0,1.0,0.55,0.6,2.5212,True,fuzzy_logic_fixed_snr,21.3498,0.8527
143,v3,v4,20.0,3.0,40.0,0.6,0.015,0.8,6.7743,True,fuzzy_logic_fixed_snr,23.1073,0.9068
143,v3,v11,20.0,10.0,40.0,0.6,0.05,0.8,-1.5918,True,fuzzy_logic_fixed_snr,18.4859,0.7312
143,v3,v15,20.0,20.0,40.0,0.6,0.1,0.8,-6.4082,True,fuzzy_logic_fixed_snr,14.0739,0.4391
143,v3,v7,20.0,30.0,0.0,0.6,0.15,0.0,-3.6339,False,fuzzy_logic_fixed_snr,2.5029,0.1369
143,v3,v19,20.0,140.0,30.0,0.6,0.7,0.6,-19.1545,True,fuzzy_logic_fixed_snr,1.589,0.1111
143,v4,v3,40.0,3.0,40.0,1.0,0.015,0.8,26.7743,True,fuzzy_logic_fixed_snr,24.5288,0.9104
143,v4,v11,40.0,10.44,0.0,1.0,0.0522,0.0,23.7006,False,fuzzy_logic_fixed_snr,29.8372,0.9848
143,v4,v15,40.0,20.22,0.0,1.0,0.1011,0.0,19.1062,False,fuzzy_logic_fixed_snr,25.2426,0.974
143,v4,v7,40.0,30.15,40.0,1.0,0.1507,0.8,10.7397,True,fuzzy_logic_fixed_snr,23.9184,0.9139
143,v4,v19,40.0,140.03,10.0,1.0,0.7002,0.2,3.2521,False,fuzzy_logic_fixed_snr,9.3897,0.3273
144,v1,v13,40.0,10.0,0.0,1.0,0.05,0.0,24.0,False,fuzzy_logic_fixed_snr,30.1397,0.9863
144,v1,v5,40.0,140.0,0.0,1.0,0.7,0.0,5.662,False,fuzzy_logic_fixed_snr,11.7999,0.5342
144,v3,v15,20.0,20.0,40.0,0.6,0.1,0.8,-6.4082,True,fuzzy_logic_fixed_snr,14.0941,0.434
144,v3,v7,20.0,30.0,10.0,0.6,0.15,0.2,-6.0422,False,fuzzy_logic_fixed_snr,0.0959,0.1197
144,v3,v11,20.0,30.0,20.0,0.6,0.15,0.4,-7.4509,True,fuzzy_logic_fixed_snr,13.0174,0.3514
144,v3,v4,20.0,40.11,20.0,0.6,0.2006,0.4,-9.4694,True,fuzzy_logic_fixed_snr,10.8122,0.243
144,v3,v19,20.0,170.0,30.0,0.6,0.85,0.6,-20.5037,True,fuzzy_logic_fixed_snr,1.0981,0.1115
144,v4,v11,40.0,10.44,0.0,1.0,0.0522,0.0,23.7006,False,fuzzy_logic_fixed_snr,29.8375,0.9857
144,v4,v15,40.0,20.22,20.0,1.0,0.1011,0.4,15.2892,False,fuzzy_logic_fixed_snr,21.4266,0.9398
144,v4,v3,40.0,40.11,20.0,1.0,0.2006,0.4,10.5306,False,fuzzy_logic_fixed_snr,16.6682,0.8529
144,v4,v7,40.0,70.06,10.0,1.0,0.3503,0.2,8.0638,False,fuzzy_logic_fixed_snr,14.2012,0.7129
144,v4,v8,40.0,130.0,20.0,1.0,0.65,0.4,2.3599,True,fuzzy_logic_fixed_snr,21.2695,0.8521
145,v1,v13,40.0,10.0,20.0,1.0,0.05,0.4,20.183,False,fuzzy_logic_fixed_snr,26.3225,0.9711
145,v1,v5,40.0,140.0,40.0,1.0,0.7,0.8,0.0702,True,fuzzy_logic_fixed_snr,19.7742,0.7867
145,v3,v11,20.0,10.0,10.0,0.6,0.05,0.2,1.5918,False,fuzzy_logic_fixed_snr,7.7272,0.2225
145,v3,v15,20.0,20.0,10.0,0.6,0.1,0.2,-3.2247,False,fuzzy_logic_fixed_snr,2.9126,0.1383
145,v3,v4,20.0,20.22,0.0,0.6,0.1011,0.0,-0.8938,False,fuzzy_logic_fixed_snr,5.2432,0.1676
145,v3,v7,20.0,40.0,20.0,0.6,0.2,0.4,-9.4499,True,fuzzy_logic_fixed_snr,10.7775,0.2523
145,v3,v8,20.0,130.03,40.0,0.6,0.6502,0.8,-19.4167,True,fuzzy_logic_fixed_snr,1.4697,0.1152
145,v4,v11,40.0,10.44,10.0,1.0,0.0522,0.2,21.2923,False,fuzzy_logic_fixed_snr,27.4298,0.9789
145,v4,v3,40.0,20.22,0.0,1.0,0.1011,0.0,19.1062,False,fuzzy_logic_fixed_snr,25.2437,0.9695
145,v4,v15,40.0,40.11,10.0,1.0,0.2006,0.2,11.9393,False,fuzzy_logic_fixed_snr,18.0781,0.8873
145,v4,v7,40.0,60.07,20.0,1.0,0.3004,0.4,7.7239,False,fuzzy_logic_fixed_snr,13.8617,0.6898
145,v4,v8,40.0,110.0,40.0,1.0,0.55,0.8,1.746,True,fuzzy_logic_fixed_snr,20.8992,0.8357
146,v1,v13,40.0,10.0,40.0,1.0,0.05,0.8,18.4082,True,fuzzy_logic_fixed_snr,24.431,0.9094
146,v1,v5,40.0,100.0,40.0,1.0,0.5,0.8,2.4082,True,fuzzy_logic_fixed_snr,21.2771,0.8391
146,v1,v6,40.0,180.02,20.0,1.0,0.9001,0.4,0.0977,True,fuzzy_logic_fixed_snr,19.7949,0.8088
146,v3,v15,20.0,10.0,10.0,0.6,0.05,0.2,1.5918,False,fuzzy_logic_fixed_snr,7.7289,0.2385
146,v3,v7,20.0,20.0,0.0,0.6,0.1,0.0,-0.8165,False,fuzzy_logic_fixed_snr,5.3227,0.1646
146,v3,v11,20.0,20.0,10.0,0.6,0.1,0.2,-3.2247,False,fuzzy_logic_fixed_snr,2.9132,0.1363
146,v3,v4,20.0,20.22,10.0,0.6,0.1011,0.2,-3.302,False,fuzzy_logic_fixed_snr,2.8361,0.1379
146,v3,v19,20.0,150.0,10.0,0.6,0.75,0.2,-17.2257,True,fuzzy_logic_fixed_snr,2.6084,0.1223
146,v4,v11,40.0,3.0,20.0,1.0,0.015,0.4,28.5491,False,fuzzy_logic_fixed_snr,34.6862,0.9902
146,v4,v3,40.0,20.22,10.0,1.0,0.1011,0.2,16.698,False,fuzzy_logic_fixed_snr,22.8349,0.9613
146,v4,v15,40.0,30.15,0.0,1.0,0.1507,0.0,16.3315,False,fuzzy_logic_fixed_snr,22.4684,0.9529
146,v4,v7,40.0,40.11,10.0,1.0,0.2006,0.2,11.9393,False,fuzzy_logic_fixed_snr,18.0766,0.8775
146,v4,v19,40.0,130.03,20.0,1.0,0.6502,0.4,2.3581,True,fuzzy_logic_fixed_snr,21.2375,0.8627
147,v1,v13,40.0,30.0,10.0,1.0,0.15,0.2,13.9578,False,fuzzy_logic_fixed_snr,20.0951,0.9229
147,v1,v5,40.0,140.0,20.0,1.0,0.7,0.4,1.845,True,fuzzy_logic_fixed_snr,20.9571,0.8254
147,v3,v15,20.0,0.0,10.0,0.6,0.0,0.2,33.5918,False,fuzzy_logic_fixed_snr,39.7297,0.9961
147,v3,v11,20.0,10.0,10.0,0.6,0.05,0.2,1.5918,False,fuzzy_logic_fixed_snr,7.7283,0.2238
147,v3,v7,20.0,20.0,30.0,0.6,0.1,0.6,-5.633,True,fuzzy_logic_fixed_snr,14.8526,0.5072
147,v3,v4,20.0,30.15,20.0,0.6,0.1507,0.4,-7.4855,True,fuzzy_logic_fixed_snr,12.9782,0.3725
147,v3,v19,20.0,140.0,20.0,0.6,0.7,0.4,-18.155,True,fuzzy_logic_fixed_snr,2.0621,0.1164
147,v4,v11,40.0,20.22,30.0,1.0,0.1011,0.6,14.2897,False,fuzzy_logic_fixed_snr,20.4285,0.9289
147,v4,v3,40.0,30.15,20.0,1.0,0.1507,0.4,12.5145,False,fuzzy_logic_fixed_snr,18.6526,0.8973
147,v4,v15,40.0,30.15,30.0,1.0,0.1507,0.6,11.515,False,fuzzy_logic_fixed_snr,17.6516,0.8688
147,v4,v7,40.0,50.09,10.0,1.0,0.2504,0.2,10.3958,False,fuzzy_logic_fixed_snr,16.5326,0.8447
147,v4,v19,40.0,110.04,0.0,1.0,0.5502,0.0,7.3351,False,fuzzy_logic_fixed_snr,13.4736,0.6549
148,v1,v13,40.0,20.0,0.0,1.0,0.1,0.0,19.1835,False,fuzzy_logic_fixed_snr,25.3203,0.976
148,v1,v5,40.0,120.0,20.0,1.0,0.6,0.4,2.9161,False,fuzzy_logic_fixed_snr,9.0546,0.3131
148,v1,v6,40.0,170.03,10.0,1.0,0.8501,0.2,1.9035,True,fuzzy_logic_fixed_snr,20.9846,0.8461
148,v3,v15,20.0,10.0,10.0,0.6,0.05,0.2,1.5918,False,fuzzy_logic_fixed_snr,7.7296,0.2287
148,v3,v4,20.0,10.44,30.0,0.6,0.0522,0.6,-1.1159,True,fuzzy_logic_fixed_snr,18.8951,0.7504
148,v3,v11,20.0,20.0,20.0,0.6,0.1,0.4,-4.6334,True,fuzzy_logic_fixed_snr,15.8164,0.5486
148,v3,v7,20.0,50.0,10.0,0.6,0.25,0.2,-9.5918,False,fuzzy_logic_fixed_snr,-3.4533,0.0988
148,v3,v19,20.0,120.0,20.0,0.6,0.6,0.4,-17.0839,True,fuzzy_logic_fixed_snr,2.6974,0.1184
148,v4,v15,40.0,3.0,20.0,1.0,0.015,0.4,28.5491,False,fuzzy_logic_fixed_snr,34.687,0.9896
148,v4,v3,40.0,10.44,30.0,1.0,0.0522,0.6,18.8841,False,fuzzy_logic_fixed_snr,25.0231,0.9711
148,v4,v11,40.0,10.44,10.0,1.0,0.0522,0.2,21.2923,False,fuzzy_logic_fixed_snr,27.4281,0.9863
148,v4,v7,40.0,60.07,40.0,1.0,0.3004,0.8,5.9491,True,fuzzy_logic_fixed_snr,22.8425,0.8854
148,v4,v8,40.0,110.0,40.0,1.0,0.55,0.8,1.746,True,fuzzy_logic_fixed_snr,20.8848,0.823
149,v1,v13,40.0,20.0,10.0,1.0,0.1,0.2,16.7753,False,fuzzy_logic_fixed_snr,22.9124,0.9623
149,v1,v5,40.0,100.0,20.0,1.0,0.5,0.4,4.183,False,fuzzy_logic_fixed_snr,10.3208,0.4021
149,v1,v6,40.0,180.02,0.0,1.0,0.9001,0.0,3.9147,True,fuzzy_logic_fixed_snr,22.0509,0.8719
149,v3,v15,20.0,20.0,10.0,0.6,0.1,0.2,-3.2247,False,fuzzy_logic_fixed_snr,2.9128,0.133
149,v3,v11,20.0,40.0,20.0,0.6,0.2,0.4,-9.4499,True,fuzzy_logic_fixed_snr,10.8358,0.2471
149,v3,v4,20.0,40.11,10.0,0.6,0.2006,0.2,-8.0607,False,fuzzy_logic_fixed_snr,-1.9217,0.108
149,v3,v7,20.0,60.0,0.0,0.6,0.3,0.0,-8.4504,True,fuzzy_logic_fixed_snr,11.9328,0.2936
149,v3,v8,20.0,110.04,10.0,0.6,0.5502,0.2,-15.0731,True,fuzzy_logic_fixed_snr,4.2591,0.1357
149,v4,v11,40.0,3.0,10.0,1.0,0.015,0.2,29.9578,False,fuzzy_logic_fixed_snr,36.0941,0.9932
149,v4,v15,40.0,20.22,20.0,1.0,0.1011,0.4,15.2892,False,fuzzy_logic_fixed_snr,21.4261,0.9432
149,v4,v3,40.0,40.11,10.0,1.0,0.2006,0.2,11.9393,False,fuzzy_logic_fixed_snr,18.0788,0.8891
149,v4,v8,40.0,70.0,20.0,1.0,0.35,0.4,6.6615,False,fuzzy_logic_fixed_snr,12.7986,0.6053
149,v4,v7,40.0,100.04,10.0,1.0,0.5002,0.2,5.5886,False,fuzzy_logic_fixed_snr,11.7257,0.5041
150,v1,v13,40.0,10.0,10.0,1.0,0.05,0.2,21.5918,False,fuzzy_logic_fixed_snr,27.7295,0.9721
150,v1,v5,40.0,120.0,0.0,1.0,0.6,0.0,6.7331,False,fuzzy_logic_fixed_snr,12.8718,0.6084
150,v1,v6,40.0,180.02,10.0,1.0,0.9001,0.2,1.5064,True,fuzzy_logic_fixed_snr,20.75,0.8277
150,v3,v11,20.0,20.0,20.0,0.6,0.1,0.4,-4.6334,True,fuzzy_logic_fixed_snr,15.8073,0.5639
150,v3,v15,20.0,30.0,0.0,0.6,0.15,0.0,-3.6339,False,fuzzy_logic_fixed_snr,2.5025,0.134
150,v3,v4,20.0,30.15,10.0,0.6,0.1507,0.2,-6.0768,False,fuzzy_logic_fixed_snr,0.0607,0.1197
150,v3,v7,20.0,60.0,20.0,0.6,0.3,0.4,-12.2674,True,fuzzy_logic_fixed_snr,7.3594,0.1742
150,v3,v8,20.0,120.04,10.0,0.6,0.6002,0.2,-15.6773,True,fuzzy_logic_fixed_snr,3.7223,0.1301
150,v4,v15,40.0,3.0,10.0,1.0,0.015,0.2,29.9578,False,fuzzy_logic_fixed_snr,36.096,0.9922
150,v4,v11,40.0,10.44,10.0,1.0,0.0522,0.2,21.2923,False,fuzzy_logic_fixed_snr,27.4313,0.9799
150,v4,v3,40.0,30.15,10.0,1.0,0.1507,0.2,13.9232,False,fuzzy_logic_fixed_snr,20.061,0.9301
150,v4,v8,40.0,90.0,0.0,1.0,0.45,0.0,8.7321,False,fuzzy_logic_fixed_snr,14.8691,0.7646
150,v4,v7,40.0,90.05,10.0,1.0,0.4502,0.2,6.32,False,fuzzy_logic_fixed_snr,12.4576,0.5779
151,v1,v13,40.0,20.0,20.0,1.0,0.1,0.4,15.3666,False,fuzzy_logic_fixed_snr,21.5057,0.9418
151,v1,v5,40.0,120.0,0.0,1.0,0.6,0.0,6.7331,False,fuzzy_logic_fixed_snr,12.8706,0.6162
151,v1,v6,40.0,170.03,20.0,1.0,0.8501,0.4,0.4948,True,fuzzy_logic_fixed_snr,20.0718,0.81
151,v3,v15,20.0,30.0,10.0,0.6,0.15,0.2,-6.0422,False,fuzzy_logic_fixed_snr,0.0942,0.1174
151,v3,v7,20.0,40.0,20.0,0.6,0.2,0.4,-9.4499,True,fuzzy_logic_fixed_snr,10.8124,0.2494
151,v3,v11,20.0,40.0,10.0,0.6,0.2,0.2,-8.0412,False,fuzzy_logic_fixed_snr,-1.9042,0.1145
151,v3,v4,20.0,40.11,10.0,0.6,0.2006,0.2,-8.0607,False,fuzzy_logic_fixed_snr,-1.922,0.1139
151,v3,v19,20.0,130.0,10.0,0.6,0.65,0.2,-16.2313,True,fuzzy_logic_fixed_snr,3.2883,0.1172
151,v4,v11,40.0,3.0,20.0,1.0,0.015,0.4,28.5491,False,fuzzy_logic_fixed_snr,34.6855,0.9951
151,v4,v15,40.0,10.44,20.0,1.0,0.0522,0.4,19.8836,False,fuzzy_logic_fixed_snr,26.0212,0.974
151,v4,v3,40.0,40.11,10.0,1.0,0.2006,0.2,11.9393,False,fuzzy_logic_fixed_snr,18.077,0.89
151,v4,v7,40.0,80.06,10.0,1.0,0.4003,0.2,7.1374,False,fuzzy_logic_fixed_snr,13.273,0.6344
151,v4,v8,40.0,90.0,20.0,1.0,0.45,0.4,4.9151,False,fuzzy_logic_fixed_snr,11.054,0.465
152,v1,v13,40.0,40.0,20.0,1.0,0.2,0.4,10.5501,False,fuzzy_logic_fixed_snr,16.6875,0.832
152,v1,v5,40.0,120.0,0.0,1.0,0.6,0.0,6.7331,False,fuzzy_logic_fixed_snr,12.8703,0.6082
152,v1,v6,40.0,190.02,20.0,1.0,0.9501,0.4,-0.2779,True,fuzzy_logic_fixed_snr,19.5322,0.782
152,v3,v4,20.0,30.15,10.0,0.6,0.1507,0.2,-6.0768,False,fuzzy_logic_fixed_snr,0.062,0.1213
152,v3,v15,20.0,40.0,30.0,0.6,0.2,0.6,-10.4494,True,fuzzy_logic_fixed_snr,9.6218,0.2271
152,v3,v11,20.0,50.0,20.0,0.6,0.25,0.4,-11.0005,True,fuzzy_logic_fixed_snr,8.9533,0.1871
152,v3,v7,20.0,60.0,20.0,0.6,0.3,0.4,-12.2674,True,fuzzy_logic_fixed_snr,7.3385,0.1697
152,v3,v19,20.0,120.0,10.0,0.6,0.6,0.2,-15.6751,True,fuzzy_logic_fixed_snr,3.7142,0.1172
152,v4,v15,40.0,10.44,20.0,1.0,0.0522,0.4,19.8836,False,fuzzy_logic_fixed_snr,26.0215,0.977
152,v4,v11,40.0,20.22,10.0,1.0,0.1011,0.2,16.698,False,fuzzy_logic_fixed_snr,22.8358,0.9574
152,v4,v3,40.0,30.15,10.0,1.0,0.1507,0.2,13.9232,False,fuzzy_logic_fixed_snr,20.0616,0.9295
152,v4,v7,40.0,90.05,10.0,1.0,0.4502,0.2,6.32,False,fuzzy_logic_fixed_snr,12.4588,0.5813
152,v4,v19,40.0,90.05,0.0,1.0,0.4502,0.0,8.7283,False,fuzzy_logic_fixed_snr,14.865,0.7473
153,v1,v13,40.0,20.0,40.0,1.0,0.1,0.8,13.5918,True,fuzzy_logic_fixed_snr,24.2143,0.9045
153,v1,v5,40.0,120.0,20.0,1.0,0.6,0.4,2.9161,False,fuzzy_logic_fixed_snr,9.0538,0.293
153,v1,v6,40.0,170.03,30.0,1.0,0.8501,0.6,-0.5047,True,fuzzy_logic_fixed_snr,19.3558,0.7783
153,v3,v15,20.0,10.0,0.0,0.6,0.05,0.0,4.0,False,fuzzy_logic_fixed_snr,10.1368,0.3834
153,v3,v4,20.0,20.22,10.0,0.6,0.1011,0.2,-3.302,False,fuzzy_logic_fixed_snr,2.8361,0.1434
153,v3,v11,20.0,30.0,20.0,0.6,0.15,0.4,-7.4509,True,fuzzy_logic_fixed_snr,13.007,0.3512
153,v3,v7,20.0,80.0,40.0,0.6,0.4,0.8,-16.0412,True,fuzzy_logic_fixed_snr,3.4222,0.1146
153,v3,v19,20.0,110.0,40.0,0.6,0.55,0.8,-18.254,True,fuzzy_logic_fixed_snr,2.0046,0.1092
153,v4,v11,40.0,10.44,10.0,1.0,0.0522,0.2,21.2923,False,fuzzy_logic_fixed_snr,27.4293,0.9789
153,v4,v15,40.0,10.44,10.0,1.0,0.0522,0.2,21.2923,False,fuzzy_logic_fixed_snr,27.4309,0.9789
153,v4,v3,40.0,20.22,10.0,1.0,0.1011,0.2,16.698,False,fuzzy_logic_fixed_snr,22.8338,0.9545
153,v4,v19,40.0,90.05,30.0,1.0,0.4502,0.6,3.9118,True,fuzzy_logic_fixed_snr,22.0619,0.877
153,v4,v7,40.0,100.04,30.0,1.0,0.5002,0.6,3.1804,True,fuzzy_logic_fixed_snr,21.6826,0.8541
154,v1,v13,40.0,60.0,10.0,1.0,0.3,0.2,9.1413,False,fuzzy_logic_fixed_snr,15.2781,0.7811
154,v1,v5,40.0,140.0,20.0,1.0,0.7,0.4,1.845,True,fuzzy_logic_fixed_snr,20.9483,0.8309
154,v3,v11,20.0,10.0,10.0,0.6,0.05,0.2,1.5918,False,fuzzy_logic_fixed_snr,7.7291,0.2395
154,v3,v15,20.0,10.0,10.0,0.6,0.05,0.2,1.5918,False,fuzzy_logic_fixed_snr,7.7308,0.2346
154,v3,v4,20.0,10.44,20.0,0.6,0.0522,0.4,-0.1164,True,fuzzy_logic_fixed_snr,19.6432,0.7842
154,v3,v19,20.0,70.0,0.0,0.6,0.35,0.0,-9.5216,True,fuzzy_logic_fixed_snr,10.7564,0.2469
154,v3,v7,20.0,120.0,20.0,0.6,0.6,0.4,-17.0839,True,fuzzy_logic_fixed_snr,2.6727,0.115
154,v4,v11,40.0,3.0,10.0,1.0,0.015,0.2,29.9578,False,fuzzy_logic_fixed_snr,36.0953,0.9906
154,v4,v15,40.0,3.0,10.0,1.0,0.015,0.2,29.9578,False,fuzzy_logic_fixed_snr,36.0949,0.9922
154,v4,v3,40.0,10.44,20.0,1.0,0.0522,0.4,19.8836,False,fuzzy_logic_fixed_snr,26.0225,0.975
154,v4,v19,40.0,60.07,20.0,1.0,0.3004,0.4,7.7239,False,fuzzy_logic_fixed_snr,13.8623,0.6908
154,v4,v7,40.0,130.03,0.0,1.0,0.6502,0.0,6.1751,False,fuzzy_logic_fixed_snr,12.3145,0.5764
155,v1,v13,40.0,70.0,20.0,1.0,0.35,0.4,6.6615,False,fuzzy_logic_fixed_snr,12.7995,0.6162
155,v1,v5,40.0,160.0,20.0,1.0,0.8,0.4,0.9171,True,fuzzy_logic_fixed_snr,20.3684,0.8166
155,v3,v11,20.0,0.0,0.0,0.6,0.0,0.0,36.0,False,fuzzy_logic_fixed_snr,42.1404,0.9961
155,v3,v15,20.0,0.0,30.0,0.6,0.0,0.6,31.1835,True,fuzzy_logic_fixed_snr,24.5389,0.9104
155,v3,v4,20.0,10.44,20.0,0.6,0.0522,0.4,-0.1164,True,fuzzy_logic_fixed_snr,19.6557,0.802
155,v3,v19,20.0,70.0,30.0,0.6,0.35,0.6,-14.338,True,fuzzy_logic_fixed_snr,4.9421,0.1375
155,v3,v8,20.0,120.04,0.0,0.6,0.6002,0.0,-13.2691,True,fuzzy_logic_fixed_snr,6.1018,0.157
155,v4,v3,40.0,10.44,20.0,1.0,0.0522,0.4,19.8836,False,fuzzy_logic_fixed_snr,26.0226,0.9789
155,v4,v11,40.0,10.44,20.0,1.0,0.0522,0.4,19.8836,False,fuzzy_logic_fixed_snr,26.0211,0.9662
155,v4,v15,40.0,10.44,10.0,1.0,0.0522,0.2,21.2923,False,fuzzy_logic_fixed_snr,27.4297,0.9795
155,v4,v19,40.0,80.06,10.0,1.0,0.4003,0.2,7.1374,False,fuzzy_logic_fixed_snr,13.2735,0.6432
155,v4,v8,40.0,130.0,20.0,1.0,0.65,0.4,2.3599,True,fuzzy_logic_fixed_snr,21.2464,0.8533
156,v1,v13,40.0,90.0,0.0,1.0,0.45,0.0,8.7321,False,fuzzy_logic_fixed_snr,14.869,0.7533
156,v1,v5,40.0,140.0,0.0,1.0,0.7,0.0,5.662,False,fuzzy_logic_fixed_snr,11.8002,0.5143
156,v3,v11,20.0,0.0,20.0,0.6,0.0,0.4,32.183,True,fuzzy_logic_fixed_snr,24.5392,0.9113
156,v3,v4,20.0,10.44,30.0,0.6,0.0522,0.6,-1.1159,True,fuzzy_logic_fixed_snr,18.9048,0.7732
156,v3,v15,20.0,30.0,20.0,0.6,0.15,0.4,-7.4509,True,fuzzy_logic_fixed_snr,13.0137,0.3479
156,v3,v19,20.0,100.0,20.0,0.6,0.5,0.4,-15.817,True,fuzzy_logic_fixed_snr,3.6118,0.133
156,v3,v8,20.0,120.04,20.0,0.6,0.6002,0.4,-17.086,True,fuzzy_logic_fixed_snr,2.6788,0.117
156,v4,v3,40.0,10.44,30.0,1.0,0.0522,0.6,18.8841,False,fuzzy_logic_fixed_snr,25.0213,0.9672
156,v4,v11,40.0,10.44,10.0,1.0,0.0522,0.2,21.2923,False,fuzzy_logic_fixed_snr,27.4309,0.975
156,v4,v15,40.0,20.22,10.0,1.0,0.1011,0.2,16.698,False,fuzzy_logic_fixed_snr,22.8359,0.9574
156,v4,v19,40.0,90.05,10.0,1.0,0.4502,0.2,6.32,False,fuzzy_logic_fixed_snr,12.4581,0.5703
156,v4,v8,40.0,110.0,10.0,1.0,0.55,0.2,4.9295,False,fuzzy_logic_fixed_snr,11.0688,0.4574
157,v1,v13,40.0,90.0,10.0,1.0,0.45,0.2,6.3239,False,fuzzy_logic_fixed_snr,12.4624,0.5762
157,v1,v5,40.0,140.0,20.0,1.0,0.7,0.4,1.845,True,fuzzy_logic_fixed_snr,20.9591,0.8443
157,v1,v6,40.0,190.02,20.0,1.0,0.9501,0.4,-0.2779,True,fuzzy_logic_fixed_snr,19.5415,0.7953
157,v3,v15,20.0,10.0,20.0,0.6,0.05,0.4,0.183,True,fuzzy_logic_fixed_snr,19.8641,0.7926
157,v3,v11,20.0,20.0,10.0,0.6,0.1,0.2,-3.2247,False,fuzzy_logic_fixed_snr,2.9146,0.1383
157,v3,v4,20.0,20.22,30.0,0.6,0.1011,0.6,-5.7103,True,fuzzy_logic_fixed_snr,14.777,0.4688
157,v3,v19,20.0,80.0,0.0,0.6,0.4,0.0,-10.4494,True,fuzzy_logic_fixed_snr,9.6296,0.2211
157,v3,v8,20.0,100.04,30.0,0.6,0.5002,0.6,-16.8196,True,fuzzy_logic_fixed_snr,2.8624,0.1254
157,v4,v11,40.0,3.0,40.0,1.0,0.015,0.8,26.7743,True,fuzzy_logic_fixed_snr,24.5284,0.9084
157,v4,v3,40.0,20.22,30.0,1.0,0.1011,0.6,14.2897,False,fuzzy_logic_fixed_snr,20.4282,0.9209
157,v4,v15,40.0,30.15,10.0,1.0,0.1507,0.2,13.9232,False,fuzzy_logic_fixed_snr,20.0602,0.9187
157,v4,v19,40.0,100.04,30.0,1.0,0.5002,0.6,3.1804,True,fuzzy_logic_fixed_snr,21.6823,0.8756
157,v4,v8,40.0,120.0,0.0,1.0,0.6,0.0,6.7331,False,fuzzy_logic_fixed_snr,12.8707,0.6139
158,v1,v13,40.0,100.0,10.0,1.0,0.5,0.2,5.5918,False,fuzzy_logic_fixed_snr,11.7303,0.5213
158,v1,v5,40.0,160.0,20.0,1.0,0.8,0.4,0.9171,True,fuzzy_logic_fixed_snr,20.3766,0.8289
158,v3,v4,20.0,10.44,10.0,0.6,0.0522,0.2,1.2923,False,fuzzy_logic_fixed_snr,7.4312,0.218
158,v3,v11,20.0,30.0,10.0,0.6,0.15,0.2,-6.0422,False,fuzzy_logic_fixed_snr,0.0967,0.1256
158,v3,v15,20.0,30.0,0.0,0.6,0.15,0.0,-3.6339,False,fuzzy_logic_fixed_snr,2.505,0.1324
158,v3,v19,20.0,80.0,20.0,0.6,0.4,0.4,-14.2664,True,fuzzy_logic_fixed_snr,5.0229,0.133
158,v3,v8,20.0,130.03,40.0,0.6,0.6502,0.8,-19.4167,True,fuzzy_logic_fixed_snr,1.4835,0.117
158,v4,v3,40.0,10.44,10.0,1.0,0.0522,0.2,21.2923,False,fuzzy_logic_fixed_snr,27.4323,0.9799
158,v4,v15,40.0,20.22,10.0,1.0,0.1011,0.2,16.698,False,fuzzy_logic_fixed_snr,22.8348,0.9613
158,v4,v11,40.0,40.11,0.0,1.0,0.2006,0.0,14.3476,False,fuzzy_logic_fixed_snr,20.4848,0.9354
158,v4,v19,40.0,70.06,10.0,1.0,0.3503,0.2,8.0638,False,fuzzy_logic_fixed_snr,14.2013,0.7178
158,v4,v8,40.0,120.0,30.0,1.0,0.6,0.6,1.9166,True,fuzzy_logic_fixed_snr,21.0039,0.848
159,v1,v13,40.0,110.0,30.0,1.0,0.55,0.6,2.5212,True,fuzzy_logic_fixed_snr,21.3513,0.8473
159,v1,v5,40.0,140.0,0.0,1.0,0.7,0.0,5.662,False,fuzzy_logic_fixed_snr,11.7984,0.5191
159,v3,v11,20.0,20.0,20.0,0.6,0.1,0.4,-4.6334,True,fuzzy_logic_fixed_snr,15.8122,0.5668
159,v3,v4,20.0,20.22,20.0,0.6,0.1011,0.4,-4.7108,True,fuzzy_logic_fixed_snr,15.7306,0.5363
159,v3,v15,20.0,30.0,10.0,0.6,0.15,0.2,-6.0422,False,fuzzy_logic_fixed_snr,0.0954,0.1178
159,v3,v19,20.0,100.0,10.0,0.6,0.5,0.2,-14.4082,True,fuzzy_logic_fixed_snr,4.8831,0.1457
159,v3,v7,20.0,150.0,10.0,0.6,0.75,0.2,-17.2257,True,fuzzy_logic_fixed_snr,2.6055,0.1266
159,v4,v15,40.0,10.44,30.0,1.0,0.0522,0.6,18.8841,False,fuzzy_logic_fixed_snr,25.0231,0.9775
159,v4,v3,40.0,20.22,20.0,1.0,0.1011,0.4,15.2892,False,fuzzy_logic_fixed_snr,21.4242,0.9471
159,v4,v11,40.0,40.11,40.0,1.0,0.2006,0.8,8.7558,True,fuzzy_logic_fixed_snr,23.5818,0.8902
159,v4,v19,40.0,80.06,10.0,1.0,0.4003,0.2,7.1374,False,fuzzy_logic_fixed_snr,13.276,0.6359
159,v4,v8,40.0,150.0,40.0,1.0,0.75,0.8,-0.4092,True,fuzzy_logic_fixed_snr,19.4307,0.7715
160,v1,v13,40.0,80.0,20.0,1.0,0.4,0.4,5.7336,False,fuzzy_logic_fixed_snr,11.8707,0.5355
160,v1,v5,40.0,140.0,0.0,1.0,0.7,0.0,5.662,False,fuzzy_logic_fixed_snr,11.7992,0.5221
160,v1,v6,40.0,190.02,0.0,1.0,0.9501,0.0,3.5391,True,fuzzy_logic_fixed_snr,21.866,0.8641
160,v3,v15,20.0,20.0,20.0,0.6,0.1,0.4,-4.6334,True,fuzzy_logic_fixed_snr,15.8175,0.5525
160,v3,v11,20.0,40.0,10.0,0.6,0.2,0.2,-8.0412,False,fuzzy_logic_fixed_snr,-1.9064,0.109
160,v3,v4,20.0,40.11,10.0,0.6,0.2006,0.2,-8.0607,False,fuzzy_logic_fixed_snr,-1.9254,0.108
160,v3,v19,20.0,110.0,0.0,0.6,0.55,0.0,-12.6623,True,fuzzy_logic_fixed_snr,6.859,0.1607
160,v3,v7,20.0,140.0,10.0,0.6,0.7,0.2,-16.7463,True,fuzzy_logic_fixed_snr,2.9097,0.1246
160,v4,v15,40.0,20.22,10.0,1.0,0.1011,0.2,16.698,False,fuzzy_logic_fixed_snr,22.8341,0.9633
160,v4,v3,40.0,40.11,10.0,1.0,0.2006,0.2,11.9393,False,fuzzy_logic_fixed_snr,18.0792,0.8857
160,v4,v19,40.0,70.06,10.0,1.0,0.3503,0.2,8.0638,False,fuzzy_logic_fixed_snr,14.2015,0.715
160,v4,v11,40.0,80.06,0.0,1.0,0.4003,0.0,9.5457,False,fuzzy_logic_fixed_snr,15.6859,0.8014
160,v4,v8,40.0,110.0,10.0,1.0,0.55,0.2,4.9295,False,fuzzy_logic_fixed_snr,11.0649,0.4566
10,v1,v2,40.0,20.22,20.0,1.0,0.1011,0.4,15.2892,False,fuzzy_logic_dynamic_snr,21.4269,0.9393
10,v1,v5,40.0,110.0,20.0,1.0,0.55,0.4,3.5207,False,fuzzy_logic_dynamic_snr,9.6562,0.3434
10,v1,v6,40.0,190.02,10.0,1.0,0.9501,0.2,1.1308,True,fuzzy_logic_dynamic_snr,20.9172,0.8566
10,v2,v1,20.0,20.22,20.0,0.6,0.1011,0.4,-4.7108,True,fuzzy_logic_dynamic_snr,18.6996,0.7615
10,v2,v5,20.0,130.03,40.0,0.6,0.6502,0.8,-19.4167,True,fuzzy_logic_dynamic_snr,9.4079,0.2209
10,v3,v4,20.0,50.09,30.0,0.6,0.2504,0.6,-12.0125,True,fuzzy_logic_dynamic_snr,14.4852,0.4832
10,v3,v7,20.0,100.0,30.0,0.6,0.5,0.6,-16.8165,True,fuzzy_logic_dynamic_snr,11.2161,0.2707
10,v3,v8,20.0,130.03,10.0,0.6,0.6502,0.2,-16.2332,True,fuzzy_logic_dynamic_snr,11.6273,0.3115
10,v4,v3,40.0,50.09,30.0,1.0,0.2504,0.6,7.9875,False,fuzzy_logic_dynamic_snr,14.1241,0.7072
10,v4,v7,40.0,50.09,0.0,1.0,0.2504,0.0,12.804,False,fuzzy_logic_dynamic_snr,18.9427,0.9107
10,v4,v8,40.0,80.0,20.0,1.0,0.4,0.4,5.7336,False,fuzzy_logic_dynamic_snr,11.8707,0.5344
10,v4,v12,40.0,170.0,20.0,1.0,0.85,0.4,0.4958,True,fuzzy_logic_dynamic_snr,20.7496,0.8479
10,v4,v16,40.0,170.0,20.0,1.0,0.85,0.4,0.4958,True,fuzzy_logic_dynamic_snr,20.7527,0.8521
11,v1,v2,40.0,3.0,10.0,1.0,0.015,0.2,29.9578,False,fuzzy_logic_dynamic_snr,36.0959,0.9941
11,v1,v5,40.0,90.0,10.0,1.0,0.45,0.2,6.3239,False,fuzzy_logic_dynamic_snr,12.4633,0.5912
11,v2,v1,20.0,3.0,10.0,0.6,0.015,0.2,9.9578,False,fuzzy_logic_dynamic_snr,16.0974,0.8273
11,v2,v5,20.0,90.05,20.0,0.6,0.4502,0.4,-15.0887,True,fuzzy_logic_dynamic_snr,12.4304,0.3297
11,v2,v6,20.0,200.0,0.0,0.6,1.0,0.0,-16.8165,True,fuzzy_logic_dynamic_snr,11.1615,0.2682
11,v3,v4,20.0,80.06,10.0,0.6,0.4003,0.2,-12.8626,True,fuzzy_logic_dynamic_snr,13.9256,0.4361
11,v3,v7,20.0,130.0,30.0,0.6,0.65,0.6,-18.6396,True,fuzzy_logic_dynamic_snr,9.9323,0.2283
11,v3,v8,20.0,140.03,20.0,0.6,0.7002,0.4,-18.1566,True,fuzzy_logic_dynamic_snr,10.2947,0.2254
11,v4,v7,40.0,50.09,20.0,1.0,0.2504,0.4,8.987,False,fuzzy_logic_dynamic_snr,15.1229,0.7764
11,v4,v8,40.0,60.0,10.0,1.0,0.3,0.2,9.1413,False,fuzzy_logic_dynamic_snr,15.2791,0.7889
11,v4,v3,40.0,80.06,10.0,1.0,0.4003,0.2,7.1374,False,fuzzy_logic_dynamic_snr,13.2744,0.6523
11,v4,v11,40.0,140.03,30.0,1.0,0.7002,0.6,0.8439,True,fuzzy_logic_dynamic_snr,20.8441,0.8463
11,v4,v12,40.0,190.0,10.0,1.0,0.95,0.2,1.1317,True,fuzzy_logic_dynamic_snr,20.9167,0.8541
12,v1,v2,40.0,10.44,20.0,1.0,0.0522,0.4,19.8836,False,fuzzy_logic_dynamic_snr,26.018,0.977
12,v1,v5,40.0,100.0,0.0,1.0,0.5,0.0,8.0,False,fuzzy_logic_dynamic_snr,14.1387,0.7137
12,v1,v6,40.0,190.02,10.0,1.0,0.9501,0.2,1.1308,True,fuzzy_logic_dynamic_snr,20.9243,0.8439
12,v2,v1,20.0,10.44,20.0,0.6,0.0522,0.4,-0.1164,True,fuzzy_logic_dynamic_snr,20.556,0.8355
12,v2,v5,20.0,110.04,20.0,0.6,0.5502,0.4,-16.4818,True,fuzzy_logic_dynamic_snr,11.4465,0.2812
12,v2,v6,20.0,200.0,10.0,0.6,1.0,0.2,-19.2247,True,fuzzy_logic_dynamic_snr,9.4925,0.2229
12,v3,v4,20.0,70.06,0.0,0.6,0.3503,0.0,-9.5279,True,fuzzy_logic_dynamic_snr,16.0605,0.6074
12,v3,v7,20.0,100.0,20.0,0.6,0.5,0.4,-15.817,True,fuzzy_logic_dynamic_snr,11.8908,0.3301
12,v3,v8,20.0,120.04,20.0,0.6,0.6002,0.4,-17.086,True,fuzzy_logic_dynamic_snr,11.0032,0.2812
12,v3,v11,20.0,180.0,10.0,0.6,0.9,0.2,-18.4926,True,fuzzy_logic_dynamic_snr,10.0432,0.225
12,v4,v7,40.0,30.15,20.0,1.0,0.1507,0.4,12.5145,False,fuzzy_logic_dynamic_snr,18.6541,0.8984
12,v4,v8,40.0,50.0,20.0,1.0,0.25,0.4,8.9995,False,fuzzy_logic_dynamic_snr,15.1379,0.7676
12,v4,v3,40.0,70.06,0.0,1.0,0.3503,0.0,10.4721,False,fuzzy_logic_dynamic_snr,16.6101,0.8385
12,v4,v11,40.0,110.04,10.0,1.0,0.5502,0.2,4.9269,False,fuzzy_logic_dynamic_snr,11.0656,0.4615
12,v4,v12,40.0,180.0,10.0,1.0,0.9,0.2,1.5074,True,fuzzy_logic_dynamic_snr,21.0123,0.849
13,v1,v2,40.0,30.15,10.0,1.0,0.1507,0.2,13.9232,False,fuzzy_logic_dynamic_snr,20.0608,0.9166
13,v1,v5,40.0,100.0,30.0,1.0,0.5,0.6,3.1835,True,fuzzy_logic_dynamic_snr,21.422,0.8682
13,v1,v6,40.0,180.02,0.0,1.0,0.9001,0.0,3.9147,True,fuzzy_logic_dynamic_snr,21.5642,0.8793
13,v2,v1,20.0,30.15,10.0,0.6,0.1507,0.2,-6.0768,False,fuzzy_logic_dynamic_snr,0.0577,0.1188
13,v2,v5,20.0,130.03,20.0,0.6,0.6502,0.4,-17.6419,True,fuzzy_logic_dynamic_snr,10.6103,0.2578
13,v3,v4,20.0,70.06,10.0,0.6,0.3503,0.2,-11.9362,True,fuzzy_logic_dynamic_snr,14.5541,0.4773
13,v3,v7,20.0,120.0,10.0,0.6,0.6,0.2,-15.6751,True,fuzzy_logic_dynamic_snr,12.0586,0.2973
13,v3,v8,20.0,140.03,20.0,0.6,0.7002,0.4,-18.1566,True,fuzzy_logic_dynamic_snr,10.2814,0.2324
13,v3,v11,20.0,190.0,10.0,0.6,0.95,0.2,-18.8683,True,fuzzy_logic_dynamic_snr,9.8031,0.2168
13,v4,v7,40.0,50.09,20.0,1.0,0.2504,0.4,8.987,False,fuzzy_logic_dynamic_snr,15.1236,0.7748
13,v4,v8,40.0,70.0,10.0,1.0,0.35,0.2,8.0702,False,fuzzy_logic_dynamic_snr,14.2075,0.6963
13,v4,v3,40.0,70.06,10.0,1.0,0.3503,0.2,8.0638,False,fuzzy_logic_dynamic_snr,14.2032,0.7232
13,v4,v11,40.0,120.04,0.0,1.0,0.6002,0.0,6.7309,False,fuzzy_logic_dynamic_snr,12.8697,0.6105
13,v4,v12,40.0,170.0,0.0,1.0,0.85,0.0,4.3128,True,fuzzy_logic_dynamic_snr,21.6216,0.8813
14,v1,v2,40.0,20.22,30.0,1.0,0.1011,0.6,14.2897,False,fuzzy_logic_dynamic_snr,20.4268,0.927
14,v1,v5,40.0,130.0,30.0,1.0,0.65,0.6,1.3604,True,fuzzy_logic_dynamic_snr,20.9767,0.8492
14,v1,v6,40.0,180.02,40.0,1.0,0.9001,0.8,-1.6771,True,fuzzy_logic_dynamic_snr,19.9952,0.8057
14,v2,v1,20.0,20.22,30.0,0.6,0.1011,0.6,-5.7103,True,fuzzy_logic_dynamic_snr,18.2072,0.7252
14,v2,v5,20.0,150.03,0.0,0.6,0.7501,0.0,-14.8188,True,fuzzy_logic_dynamic_snr,12.6049,0.3535
14,v2,v6,20.0,200.0,10.0,0.6,1.0,0.2,-19.2247,True,fuzzy_logic_dynamic_snr,9.526,0.2262
14,v3,v4,20.0,80.06,10.0,0.6,0.4003,0.2,-12.8626,True,fuzzy_logic_dynamic_snr,13.9177,0.4455
14,v3,v7,20.0,110.0,10.0,0.6,0.55,0.2,-15.0705,True,fuzzy_logic_dynamic_snr,12.4298,0.3803
14,v3,v8,20.0,160.03,10.0,0.6,0.8001,0.2,-17.6754,True,fuzzy_logic_dynamic_snr,10.6398,0.2527
14,v3,v11,20.0,200.0,10.0,0.6,1.0,0.2,-19.2247,True,fuzzy_logic_dynamic_snr,9.5337,0.2199
14,v4,v7,40.0,30.15,20.0,1.0,0.1507,0.4,12.5145,False,fuzzy_logic_dynamic_snr,18.6521,0.9078
14,v4,v8,40.0,80.0,0.0,1.0,0.4,0.0,9.5506,False,fuzzy_logic_dynamic_snr,15.6879,0.8199
14,v4,v3,40.0,80.06,10.0,1.0,0.4003,0.2,7.1374,False,fuzzy_logic_dynamic_snr,13.2763,0.6465
14,v4,v11,40.0,120.04,0.0,1.0,0.6002,0.0,6.7309,False,fuzzy_logic_dynamic_snr,12.869,0.6182
14,v4,v12,40.0,170.0,20.0,1.0,0.85,0.4,0.4958,True,fuzzy_logic_dynamic_snr,20.7492,0.8373
15,v1,v2,40.0,50.09,20.0,1.0,0.2504,0.4,8.987,False,fuzzy_logic_dynamic_snr,15.1274,0.7768
15,v1,v5,40.0,100.0,10.0,1.0,0.5,0.2,5.5918,False,fuzzy_logic_dynamic_snr,11.7301,0.5207
15,v1,v6,40.0,140.03,10.0,1.0,0.7002,0.2,3.2521,False,fuzzy_logic_dynamic_snr,9.3897,0.3336
15,v2,v1,20.0,50.09,20.0,0.6,0.2504,0.4,-11.013,True,fuzzy_logic_dynamic_snr,15.1052,0.5225
15,v2,v5,20.0,150.03,10.0,0.6,0.7501,0.2,-17.2271,True,fuzzy_logic_dynamic_snr,10.9054,0.2654
15,v2,v6,20.0,190.0,30.0,0.6,0.95,0.6,-21.2765,True,fuzzy_logic_dynamic_snr,8.0931,0.1787
15,v3,v4,20.0,70.06,30.0,0.6,0.3503,0.6,-14.3444,True,fuzzy_logic_dynamic_snr,12.9441,0.3797
15,v3,v7,20.0,120.0,20.0,0.6,0.6,0.4,-17.0839,True,fuzzy_logic_dynamic_snr,11.0094,0.2863
15,v3,v8,20.0,150.03,10.0,0.6,0.7501,0.2,-17.2271,True,fuzzy_logic_dynamic_snr,10.928,0.2543
15,v3,v11,20.0,190.0,10.0,0.6,0.95,0.2,-18.8683,True,fuzzy_logic_dynamic_snr,9.809,0.2303
15,v4,v7,40.0,50.09,10.0,1.0,0.2504,0.2,10.3958,False,fuzzy_logic_dynamic_snr,16.5339,0.8307
15,v4,v3,40.0,70.06,30.0,1.0,0.3503,0.6,5.6556,False,fuzzy_logic_dynamic_snr,11.7906,0.515
15,v4,v8,40.0,80.0,40.0,1.0,0.4,0.8,3.9588,True,fuzzy_logic_dynamic_snr,21.5696,0.8789
15,v4,v11,40.0,120.04,40.0,1.0,0.6002,0.8,1.1392,True,fuzzy_logic_dynamic_snr,20.9152,0.8582
15,v4,v12,40.0,190.0,40.0,1.0,0.95,0.8,-2.0518,True,fuzzy_logic_dynamic_snr,19.8716,0.8084
16,v1,v2,40.0,30.15,0.0,1.0,0.1507,0.0,16.3315,False,fuzzy_logic_dynamic_snr,22.4711,0.9525
16,v1,v5,40.0,110.0,20.0,1.0,0.55,0.4,3.5207,False,fuzzy_logic_dynamic_snr,9.6589,0.3357
16,v1,v6,40.0,130.03,10.0,1.0,0.6502,0.2,3.7668,False,fuzzy_logic_dynamic_snr,9.9052,0.3686
16,v2,v1,20.0,30.15,0.0,0.6,0.1507,0.0,-3.6685,False,fuzzy_logic_dynamic_snr,2.4714,0.1363
16,v2,v5,20.0,140.03,20.0,0.6,0.7002,0.4,-18.1566,True,fuzzy_logic_dynamic_snr,10.311,0.235
16,v2,v6,20.0,160.0,10.0,0.6,0.8,0.2,-17.6742,True,fuzzy_logic_dynamic_snr,10.647,0.2359
16,v3,v4,20.0,100.04,40.0,0.6,0.5002,0.8,-17.5949,True,fuzzy_logic_dynamic_snr,10.6999,0.2469
16,v3,v7,20.0,140.0,0.0,0.6,0.7,0.0,-14.338,True,fuzzy_logic_dynamic_snr,12.9311,0.3689
16,v3,v8,20.0,140.03,0.0,0.6,0.7002,0.0,-14.3396,True,fuzzy_logic_dynamic_snr,12.9252,0.3586
16,v3,v11,20.0,180.0,10.0,0.6,0.9,0.2,-18.4926,True,fuzzy_logic_dynamic_snr,10.0489,0.2092
16,v4,v8,40.0,40.0,40.0,1.0,0.2,0.8,8.7753,True,fuzzy_logic_dynamic_snr,22.1481,0.8945
16,v4,v7,40.0,40.11,40.0,1.0,0.2006,0.8,8.7558,True,fuzzy_logic_dynamic_snr,22.1552,0.8998
16,v4,v11,40.0,80.06,30.0,1.0,0.4003,0.6,4.7292,False,fuzzy_logic_dynamic_snr,10.8657,0.4453
16,v4,v3,40.0,100.04,40.0,1.0,0.5002,0.8,2.4051,True,fuzzy_logic_dynamic_snr,21.24,0.8639
16,v4,v12,40.0,150.0,40.0,1.0,0.75,0.8,-0.4092,True,fuzzy_logic_dynamic_snr,20.4541,0.8389
17,v1,v2,40.0,30.15,40.0,1.0,0.1507,0.8,10.7397,True,fuzzy_logic_dynamic_snr,22.2756,0.8977
17,v1,v5,40.0,130.0,30.0,1.0,0.65,0.6,1.3604,True,fuzzy_logic_dynamic_snr,20.9832,0.8564
17,v1,v6,40.0,140.03,40.0,1.0,0.7002,0.8,0.0686,True,fuzzy_logic_dynamic_snr,20.6134,0.8508
17,v2,v1,20.0,30.15,40.0,0.6,0.1507,0.8,-9.2603,True,fuzzy_logic_dynamic_snr,16.1863,0.6049
17,v2,v5,20.0,160.03,10.0,0.6,0.8001,0.2,-17.6754,True,fuzzy_logic_dynamic_snr,10.6385,0.2496
17,v2,v6,20.0,170.0,0.0,0.6,0.85,0.0,-15.6872,True,fuzzy_logic_dynamic_snr,11.9966,0.3211
17,v3,v4,20.0,60.07,0.0,0.6,0.3004,0.0,-8.4591,True,fuzzy_logic_dynamic_snr,16.6913,0.6453
17,v3,v7,20.0,140.0,0.0,0.6,0.7,0.0,-14.338,True,fuzzy_logic_dynamic_snr,12.9506,0.3582
17,v3,v8,20.0,140.03,10.0,0.6,0.7002,0.2,-16.7479,True,fuzzy_logic_dynamic_snr,11.277,0.2805
17,v3,v11,20.0,170.0,20.0,0.6,0.85,0.4,-19.5042,True,fuzzy_logic_dynamic_snr,9.3599,0.2076
17,v4,v3,40.0,60.07,0.0,1.0,0.3004,0.0,11.5409,False,fuzzy_logic_dynamic_snr,17.6786,0.8797
17,v4,v8,40.0,80.0,10.0,1.0,0.4,0.2,7.1423,False,fuzzy_logic_dynamic_snr,13.2806,0.6602
17,v4,v7,40.0,80.06,0.0,1.0,0.4003,0.0,9.5457,False,fuzzy_logic_dynamic_snr,15.682,0.7973
17,v4,v11,40.0,110.04,20.0,1.0,0.5502,0.4,3.5182,False,fuzzy_logic_dynamic_snr,9.6572,0.3385
17,v4,v12,40.0,190.0,0.0,1.0,0.95,0.0,3.5399,True,fuzzy_logic_dynamic_snr,21.4762,0.8676
18,v1,v2,40.0,70.06,10.0,1.0,0.3503,0.2,8.0638,False,fuzzy_logic_dynamic_snr,14.2009,0.7109
18,v1,v5,40.0,100.0,30.0,1.0,0.5,0.6,3.1835,True,fuzzy_logic_dynamic_snr,21.4286,0.875
18,v1,v6,40.0,100.04,40.0,1.0,0.5002,0.8,2.4051,True,fuzzy_logic_dynamic_snr,21.2461,0.8646
18,v2,v1,20.0,70.06,10.0,0.6,0.3503,0.2,-11.9362,True,fuzzy_logic_dynamic_snr,14.5509,0.4914
18,v2,v6,20.0,170.0,30.0,0.6,0.85,0.6,-20.5037,True,fuzzy_logic_dynamic_snr,8.6712,0.1832
18,v2,v5,20.0,170.03,20.0,0.6,0.8501,0.4,-19.5052,True,fuzzy_logic_dynamic_snr,9.364,0.2207
18,v3,v4,20.0,60.07,10.0,0.6,0.3004,0.2,-10.8673,True,fuzzy_logic_dynamic_snr,15.2011,0.5578
18,v3,v8,20.0,130.03,0.0,0.6,0.6502,0.0,-13.8249,True,fuzzy_logic_dynamic_snr,13.2845,0.3908
18,v3,v7,20.0,140.0,20.0,0.6,0.7,0.4,-18.155,True,fuzzy_logic_dynamic_snr,10.2794,0.2211
18,v3,v11,20.0,150.0,10.0,0.6,0.75,0.2,-17.2257,True,fuzzy_logic_dynamic_snr,10.9517,0.266
18,v4,v3,40.0,60.07,10.0,1.0,0.3004,0.2,9.1327,False,fuzzy_logic_dynamic_snr,15.2688,0.7764
18,v4,v8,40.0,70.0,10.0,1.0,0.35,0.2,8.0702,False,fuzzy_logic_dynamic_snr,14.2095,0.7223
18,v4,v7,40.0,80.06,10.0,1.0,0.4003,0.2,7.1374,False,fuzzy_logic_dynamic_snr,13.2754,0.659
18,v4,v11,40.0,90.05,0.0,1.0,0.4502,0.0,8.7283,False,fuzzy_logic_dynamic_snr,14.8642,0.7633
18,v4,v12,40.0,190.0,30.0,1.0,0.95,0.6,-1.2765,True,fuzzy_logic_dynamic_snr,20.1617,0.8336
19,v1,v2,40.0,60.07,20.0,1.0,0.3004,0.4,7.7239,False,fuzzy_logic_dynamic_snr,13.86,0.6902
19,v1,v5,40.0,130.0,0.0,1.0,0.65,0.0,6.1769,False,fuzzy_logic_dynamic_snr,12.3147,0.5723
19,v1,v6,40.0,140.03,10.0,1.0,0.7002,0.2,3.2521,False,fuzzy_logic_dynamic_snr,9.3905,0.3334
19,v2,v1,20.0,60.07,20.0,0.6,0.3004,0.4,-12.2761,True,fuzzy_logic_dynamic_snr,14.2659,0.4568
19,v2,v5,20.0,190.02,20.0,0.6,0.9501,0.4,-20.2779,True,fuzzy_logic_dynamic_snr,8.7858,0.1961
19,v2,v6,20.0,200.0,30.0,0.6,1.0,0.6,-21.633,True,fuzzy_logic_dynamic_snr,7.8542,0.1893
19,v3,v4,20.0,50.09,30.0,0.6,0.2504,0.6,-12.0125,True,fuzzy_logic_dynamic_snr,14.4746,0.501
19,v3,v7,20.0,120.0,30.0,0.6,0.6,0.6,-18.0834,True,fuzzy_logic_dynamic_snr,10.3549,0.248
19,v3,v8,20.0,130.03,0.0,0.6,0.6502,0.0,-13.8249,True,fuzzy_logic_dynamic_snr,13.2914,0.3863
19,v3,v11,20.0,140.0,0.0,0.6,0.7,0.0,-14.338,True,fuzzy_logic_dynamic_snr,12.9397,0.3617
19,v4,v3,40.0,50.09,30.0,1.0,0.2504,0.6,7.9875,False,fuzzy_logic_dynamic_snr,14.1263,0.7188
19,v4,v7,40.0,70.06,0.0,1.0,0.3503,0.0,10.4721,False,fuzzy_logic_dynamic_snr,16.6092,0.8441
19,v4,v8,40.0,80.0,30.0,1.0,0.4,0.6,4.7341,False,fuzzy_logic_dynamic_snr,10.8728,0.4307
19,v4,v11,40.0,90.05,30.0,1.0,0.4502,0.6,3.9118,True,fuzzy_logic_dynamic_snr,21.5479,0.8783
19,v4,v12,40.0,160.0,20.0,1.0,0.8,0.4,0.9171,True,fuzzy_logic_dynamic_snr,20.8524,0.8422
20,v1,v2,40.0,40.11,0.0,1.0,0.2006,0.0,14.3476,False,fuzzy_logic_dynamic_snr,20.4841,0.9311
20,v1,v5,40.0,130.0,30.0,1.0,0.65,0.6,1.3604,True,fuzzy_logic_dynamic_snr,20.9972,0.8686
20,v1,v6,40.0,130.03,30.0,1.0,0.6502,0.6,1.3586,True,fuzzy_logic_dynamic_snr,20.9907,0.8643
20,v2,v1,20.0,40.11,0.0,0.6,0.2006,0.0,-5.6524,False,fuzzy_logic_dynamic_snr,0.4856,0.1252
20,v2,v6,20.0,170.0,30.0,0.6,0.85,0.6,-20.5037,True,fuzzy_logic_dynamic_snr,8.6526,0.1928
20,v2,v5,20.0,170.03,30.0,0.6,0.8501,0.6,-20.5047,True,fuzzy_logic_dynamic_snr,8.6038,0.192
20,v3,v4,20.0,80.06,30.0,0.6,0.4003,0.6,-15.2708,True,fuzzy_logic_dynamic_snr,12.2636,0.3365
20,v3,v8,20.0,130.03,10.0,0.6,0.6502,0.2,-16.2332,True,fuzzy_logic_dynamic_snr,11.6157,0.3057
20,v3,v11,20.0,140.0,20.0,0.6,0.7,0.4,-18.155,True,fuzzy_logic_dynamic_snr,10.2726,0.225
20,v3,v7,20.0,150.0,0.0,0.6,0.75,0.0,-14.8175,True,fuzzy_logic_dynamic_snr,12.6155,0.3518
20,v4,v8,40.0,50.0,20.0,1.0,0.25,0.4,8.9995,False,fuzzy_logic_dynamic_snr,15.1353,0.7781
20,v4,v11,40.0,60.07,10.0,1.0,0.3004,0.2,9.1327,False,fuzzy_logic_dynamic_snr,15.2717,0.7814
20,v4,v7,40.0,70.06,30.0,1.0,0.3503,0.6,5.6556,False,fuzzy_logic_dynamic_snr,11.7928,0.5238
20,v4,v3,40.0,80.06,30.0,1.0,0.4003,0.6,4.7292,False,fuzzy_logic_dynamic_snr,10.866,0.4398
20,v4,v12,40.0,140.0,10.0,1.0,0.7,0.2,3.2537,False,fuzzy_logic_dynamic_snr,9.3904,0.3293
21,v1,v2,40.0,40.11,30.0,1.0,0.2006,0.6,9.5311,False,fuzzy_logic_dynamic_snr,15.6702,0.8139
21,v1,v5,40.0,160.0,0.0,1.0,0.8,0.0,4.7341,True,fuzzy_logic_dynamic_snr,21.6869,0.8795
21,v1,v6,40.0,160.03,40.0,1.0,0.8001,0.8,-0.8589,True,fuzzy_logic_dynamic_snr,20.296,0.834
21,v2,v1,20.0,40.11,30.0,0.6,0.2006,0.6,-10.4689,True,fuzzy_logic_dynamic_snr,15.4829,0.5564
21,v2,v6,20.0,200.0,10.0,0.6,1.0,0.2,-19.2247,True,fuzzy_logic_dynamic_snr,9.5751,0.21
21,v3,v4,20.0,110.04,40.0,0.6,0.5502,0.8,-18.2566,True,fuzzy_logic_dynamic_snr,10.2298,0.2512
21,v3,v8,20.0,140.03,40.0,0.6,0.7002,0.8,-19.9314,True,fuzzy_logic_dynamic_snr,9.0085,0.1916
21,v3,v7,20.0,150.0,40.0,0.6,0.75,0.8,-20.4092,True,fuzzy_logic_dynamic_snr,8.7154,0.1973
21,v3,v11,20.0,160.0,10.0,0.6,0.8,0.2,-17.6742,True,fuzzy_logic_dynamic_snr,10.61,0.2418
21,v4,v8,40.0,30.0,0.0,1.0,0.15,0.0,16.3661,False,fuzzy_logic_dynamic_snr,22.5054,0.9529
21,v4,v7,40.0,40.11,0.0,1.0,0.2006,0.0,14.3476,False,fuzzy_logic_dynamic_snr,20.4866,0.9275
21,v4,v11,40.0,50.09,30.0,1.0,0.2504,0.6,7.9875,False,fuzzy_logic_dynamic_snr,14.1233,0.7047
21,v4,v3,40.0,110.04,40.0,1.0,0.5502,0.8,1.7434,True,fuzzy_logic_dynamic_snr,21.0887,0.8617
21,v4,v12,40.0,130.0,30.0,1.0,0.65,0.6,1.3604,True,fuzzy_logic_dynamic_snr,20.9883,0.8514
22,v1,v2,40.0,70.06,10.0,1.0,0.3503,0.2,8.0638,False,fuzzy_logic_dynamic_snr,14.2025,0.726
22,v1,v6,40.0,120.04,10.0,1.0,0.6002,0.2,4.3227,False,fuzzy_logic_dynamic_snr,10.4608,0.4139
22,v1,v5,40.0,160.0,20.0,1.0,0.8,0.4,0.9171,True,fuzzy_logic_dynamic_snr,20.8504,0.8496
22,v2,v1,20.0,70.06,10.0,0.6,0.3503,0.2,-11.9362,True,fuzzy_logic_dynamic_snr,14.5553,0.4912
22,v2,v6,20.0,190.0,0.0,0.6,0.95,0.0,-16.4601,True,fuzzy_logic_dynamic_snr,11.4837,0.2918
22,v3,v4,20.0,150.03,10.0,0.6,0.7501,0.2,-17.2271,True,fuzzy_logic_dynamic_snr,10.9168,0.2875
22,v3,v11,20.0,170.0,20.0,0.6,0.85,0.4,-19.5042,True,fuzzy_logic_dynamic_snr,9.3701,0.2059
22,v3,v8,20.0,180.02,10.0,0.6,0.9001,0.2,-18.4936,True,fuzzy_logic_dynamic_snr,10.0615,0.2197
22,v3,v7,20.0,190.0,10.0,0.6,0.95,0.2,-18.8683,True,fuzzy_logic_dynamic_snr,9.8084,0.2191
22,v4,v11,40.0,20.22,30.0,1.0,0.1011,0.6,14.2897,False,fuzzy_logic_dynamic_snr,20.4265,0.9412
22,v4,v8,40.0,30.0,20.0,1.0,0.15,0.4,12.5491,False,fuzzy_logic_dynamic_snr,18.6872,0.9035
22,v4,v7,40.0,40.11,20.0,1.0,0.2006,0.4,10.5306,False,fuzzy_logic_dynamic_snr,16.6685,0.8367
22,v4,v12,40.0,100.0,10.0,1.0,0.5,0.2,5.5918,False,fuzzy_logic_dynamic_snr,11.7281,0.5119
22,v4,v3,40.0,150.03,10.0,1.0,0.7501,0.2,2.7729,False,fuzzy_logic_dynamic_snr,8.9122,0.3031
23,v1,v2,40.0,80.06,30.0,1.0,0.4003,0.6,4.7292,False,fuzzy_logic_dynamic_snr,10.8658,0.4316
23,v1,v6,40.0,110.04,30.0,1.0,0.5502,0.6,2.5187,True,fuzzy_logic_dynamic_snr,21.2793,0.8652
23,v1,v5,40.0,140.0,40.0,1.0,0.7,0.8,0.0702,True,fuzzy_logic_dynamic_snr,20.6096,0.8387
23,v2,v1,20.0,80.06,30.0,0.6,0.4003,0.6,-15.2708,True,fuzzy_logic_dynamic_snr,12.2734,0.3375
23,v2,v6,20.0,190.0,0.0,0.6,0.95,0.0,-16.4601,True,fuzzy_logic_dynamic_snr,11.4475,0.2949
23,v3,v4,20.0,140.03,40.0,0.6,0.7002,0.8,-19.9314,True,fuzzy_logic_dynamic_snr,9.0472,0.1818
23,v3,v11,20.0,190.0,30.0,0.6,0.95,0.6,-21.2765,True,fuzzy_logic_dynamic_snr,8.1137,0.1666
23,v3,v8,20.0,190.02,40.0,0.6,0.9501,0.8,-22.0527,True,fuzzy_logic_dynamic_snr,7.5351,0.1547
23,v3,v7,20.0,200.0,0.0,0.6,1.0,0.0,-16.8165,True,fuzzy_logic_dynamic_snr,11.215,0.2789
23,v4,v8,40.0,50.0,0.0,1.0,0.25,0.0,12.8165,False,fuzzy_logic_dynamic_snr,18.9521,0.9
23,v4,v11,40.0,50.09,10.0,1.0,0.2504,0.2,10.3958,False,fuzzy_logic_dynamic_snr,16.5333,0.8449
23,v4,v7,40.0,60.07,40.0,1.0,0.3004,0.8,5.9491,True,fuzzy_logic_dynamic_snr,21.8562,0.892
23,v4,v12,40.0,90.0,40.0,1.0,0.45,0.8,3.1404,True,fuzzy_logic_dynamic_snr,21.406,0.8701
23,v4,v3,40.0,140.03,40.0,1.0,0.7002,0.8,0.0686,True,fuzzy_logic_dynamic_snr,20.6186,0.8297
24,v1,v2,40.0,50.09,0.0,1.0,0.2504,0.0,12.804,False,fuzzy_logic_dynamic_snr,18.9433,0.9064
24,v1,v6,40.0,140.03,30.0,1.0,0.7002,0.6,0.8439,True,fuzzy_logic_dynamic_snr,20.8508,0.8408
24,v1,v5,40.0,180.0,20.0,1.0,0.9,0.4,0.0987,True,fuzzy_logic_dynamic_snr,20.6214,0.8451
24,v2,v1,20.0,50.09,0.0,0.6,0.2504,0.0,-7.196,False,fuzzy_logic_dynamic_snr,-1.057,0.1064
24,v2,v6,20.0,190.0,30.0,0.6,0.95,0.6,-21.2765,True,fuzzy_logic_dynamic_snr,8.0558,0.1811
24,v3,v4,20.0,100.04,20.0,0.6,0.5002,0.4,-15.8201,True,fuzzy_logic_dynamic_snr,11.915,0.3154
24,v3,v8,20.0,150.03,30.0,0.6,0.7501,0.6,-19.6353,True,fuzzy_logic_dynamic_snr,9.2594,0.2053
24,v3,v11,20.0,160.0,30.0,0.6,0.8,0.6,-20.0824,True,fuzzy_logic_dynamic_snr,8.9202,0.193
24,v3,v7,20.0,200.0,20.0,0.6,1.0,0.4,-20.6334,True,fuzzy_logic_dynamic_snr,8.5588,0.1982
24,v4,v8,40.0,50.0,10.0,1.0,0.25,0.2,10.4082,False,fuzzy_logic_dynamic_snr,16.5451,0.8449
24,v4,v11,40.0,60.07,10.0,1.0,0.3004,0.2,9.1327,False,fuzzy_logic_dynamic_snr,15.272,0.7734
24,v4,v3,40.0,100.04,20.0,1.0,0.5002,0.4,4.1799,False,fuzzy_logic_dynamic_snr,10.3153,0.401
24,v4,v7,40.0,100.04,0.0,1.0,0.5002,0.0,7.9969,False,fuzzy_logic_dynamic_snr,14.1343,0.7258
24,v4,v12,40.0,130.0,0.0,1.0,0.65,0.0,6.1769,False,fuzzy_logic_dynamic_snr,12.314,0.5781
25,v1,v2,40.0,50.09,40.0,1.0,0.2504,0.8,7.2122,True,fuzzy_logic_dynamic_snr,22.0165,0.8891
25,v1,v6,40.0,170.03,10.0,1.0,0.8501,0.2,1.9035,True,fuzzy_logic_dynamic_snr,21.1312,0.8736
25,v1,v5,40.0,200.0,20.0,1.0,1.0,0.4,-0.6334,True,fuzzy_logic_dynamic_snr,20.3593,0.8223
25,v2,v1,20.0,50.09,40.0,0.6,0.2504,0.8,-12.7878,True,fuzzy_logic_dynamic_snr,13.9569,0.4412
25,v3,v4,20.0,120.04,30.0,0.6,0.6002,0.6,-18.0856,True,fuzzy_logic_dynamic_snr,10.3402,0.243
25,v3,v8,20.0,180.02,10.0,0.6,0.9001,0.2,-18.4936,True,fuzzy_logic_dynamic_snr,10.0343,0.2385
25,v3,v11,20.0,190.0,10.0,0.6,0.95,0.2,-18.8683,True,fuzzy_logic_dynamic_snr,9.8038,0.2168
25,v4,v8,40.0,60.0,40.0,1.0,0.3,0.8,5.9578,True,fuzzy_logic_dynamic_snr,21.8687,0.8846
25,v4,v11,40.0,70.06,20.0,1.0,0.3503,0.4,6.6551,False,fuzzy_logic_dynamic_snr,12.7937,0.6107
25,v4,v7,40.0,100.04,20.0,1.0,0.5002,0.4,4.1799,False,fuzzy_logic_dynamic_snr,10.3195,0.3844
25,v4,v3,40.0,120.04,30.0,1.0,0.6002,0.6,1.9144,True,fuzzy_logic_dynamic_snr,21.1293,0.8594
25,v4,v12,40.0,130.0,30.0,1.0,0.65,0.6,1.3604,True,fuzzy_logic_dynamic_snr,20.9823,0.8561
26,v1,v2,40.0,90.05,10.0,1.0,0.4502,0.2,6.32,False,fuzzy_logic_dynamic_snr,12.4566,0.5732
26,v1,v6,40.0,160.03,40.0,1.0,0.8001,0.8,-0.8589,True,fuzzy_logic_dynamic_snr,20.306,0.8318
26,v1,v5,40.0,180.0,0.0,1.0,0.9,0.0,3.9156,True,fuzzy_logic_dynamic_snr,21.5478,0.8834
26,v2,v1,20.0,90.05,10.0,0.6,0.4502,0.2,-13.68,True,fuzzy_logic_dynamic_snr,13.3837,0.4299
26,v3,v4,20.0,90.05,20.0,0.6,0.4502,0.4,-15.0887,True,fuzzy_logic_dynamic_snr,12.4057,0.3484
26,v3,v11,20.0,180.0,10.0,0.6,0.9,0.2,-18.4926,True,fuzzy_logic_dynamic_snr,10.0642,0.2377
26,v3,v8,20.0,190.02,0.0,0.6,0.9501,0.0,-16.4609,True,fuzzy_logic_dynamic_snr,11.456,0.3031
26,v4,v3,40.0,90.05,20.0,1.0,0.4502,0.4,4.9113,False,fuzzy_logic_dynamic_snr,11.0493,0.4635
26,v4,v11,40.0,90.05,10.0,1.0,0.4502,0.2,6.32,False,fuzzy_logic_dynamic_snr,12.4585,0.5807
26,v4,v8,40.0,100.0,20.0,1.0,0.5,0.4,4.183,False,fuzzy_logic_dynamic_snr,10.3205,0.3801
26,v4,v7,40.0,120.04,10.0,1.0,0.6002,0.2,4.3227,False,fuzzy_logic_dynamic_snr,10.4606,0.3975
26,v4,v12,40.0,160.0,20.0,1.0,0.8,0.4,0.9171,True,fuzzy_logic_dynamic_snr,20.8617,0.8584
27,v1,v2,40.0,100.04,20.0,1.0,0.5002,0.4,4.1799,False,fuzzy_logic_dynamic_snr,10.3165,0.3842
27,v1,v6,40.0,120.04,0.0,1.0,0.6002,0.0,6.7309,False,fuzzy_logic_dynamic_snr,12.8683,0.6176
27,v1,v5,40.0,180.0,10.0,1.0,0.9,0.2,1.5074,True,fuzzy_logic_dynamic_snr,21.0199,0.8396
27,v2,v1,20.0,100.04,20.0,0.6,0.5002,0.4,-15.8201,True,fuzzy_logic_dynamic_snr,11.9195,0.3107
27,v3,v4,20.0,110.04,20.0,0.6,0.5502,0.4,-16.4818,True,fuzzy_logic_dynamic_snr,11.4455,0.2779
27,v3,v11,20.0,190.0,40.0,0.6,0.95,0.8,-22.0518,True,fuzzy_logic_dynamic_snr,7.5789,0.1635
27,v3,v8,20.0,190.02,30.0,0.6,0.9501,0.6,-21.2774,True,fuzzy_logic_dynamic_snr,8.1295,0.1656
27,v4,v8,40.0,80.0,10.0,1.0,0.4,0.2,7.1423,False,fuzzy_logic_dynamic_snr,13.2782,0.6449
27,v4,v11,40.0,80.06,20.0,1.0,0.4003,0.4,5.7287,False,fuzzy_logic_dynamic_snr,11.8661,0.5322
27,v4,v3,40.0,110.04,20.0,1.0,0.5502,0.4,3.5182,False,fuzzy_logic_dynamic_snr,9.6565,0.3473
27,v4,v7,40.0,110.04,10.0,1.0,0.5502,0.2,4.9269,False,fuzzy_logic_dynamic_snr,11.0648,0.4625
27,v4,v12,40.0,140.0,20.0,1.0,0.7,0.4,1.845,True,fuzzy_logic_dynamic_snr,21.1195,0.8463
28,v1,v2,40.0,80.06,20.0,1.0,0.4003,0.4,5.7287,False,fuzzy_logic_dynamic_snr,11.8683,0.5287
28,v1,v6,40.0,120.04,10.0,1.0,0.6002,0.2,4.3227,False,fuzzy_logic_dynamic_snr,10.4592,0.3965
28,v1,v5,40.0,190.0,10.0,1.0,0.95,0.2,1.1317,True,fuzzy_logic_dynamic_snr,20.9183,0.8477
28,v2,v1,20.0,80.06,20.0,0.6,0.4003,0.4,-14.2713,True,fuzzy_logic_dynamic_snr,12.9597,0.3713
28,v2,v6,20.0,200.0,10.0,0.6,1.0,0.2,-19.2247,True,fuzzy_logic_dynamic_snr,9.5614,0.2256
28,v3,v4,20.0,90.05,10.0,0.6,0.4502,0.2,-13.68,True,fuzzy_logic_dynamic_snr,13.4171,0.4141
28,v3,v11,20.0,150.0,10.0,0.6,0.75,0.2,-17.2257,True,fuzzy_logic_dynamic_snr,10.9463,0.2445
28,v3,v8,20.0,160.03,10.0,0.6,0.8001,0.2,-17.6754,True,fuzzy_logic_dynamic_snr,10.6396,0.2436
28,v4,v11,40.0,60.07,0.0,1.0,0.3004,0.0,11.5409,False,fuzzy_logic_dynamic_snr,17.678,0.8754
28,v4,v8,40.0,70.0,20.0,1.0,0.35,0.4,6.6615,False,fuzzy_logic_dynamic_snr,12.7995,0.6068
28,v4,v3,40.0,90.05,10.0,1.0,0.4502,0.2,6.32,False,fuzzy_logic_dynamic_snr,12.4563,0.5715
28,v4,v7,40.0,120.04,0.0,1.0,0.6002,0.0,6.7309,False,fuzzy_logic_dynamic_snr,12.8693,0.6049
28,v4,v12,40.0,160.0,20.0,1.0,0.8,0.4,0.9171,True,fuzzy_logic_dynamic_snr,20.8761,0.8523
29,v1,v2,40.0,100.04,10.0,1.0,0.5002,0.2,5.5886,False,fuzzy_logic_dynamic_snr,11.7273,0.5168
29,v1,v6,40.0,110.04,20.0,1.0,0.5502,0.4,3.5182,False,fuzzy_logic_dynamic_snr,9.6583,0.3631
29,v1,v5,40.0,180.0,10.0,1.0,0.9,0.2,1.5074,True,fuzzy_logic_dynamic_snr,21.016,0.8555
29,v2,v1,20.0,100.04,10.0,0.6,0.5002,0.2,-14.4114,True,fuzzy_logic_dynamic_snr,12.9069,0.3883
29,v3,v4,20.0,100.04,10.0,0.6,0.5002,0.2,-14.4114,True,fuzzy_logic_dynamic_snr,12.8673,0.3758
29,v3,v8,20.0,150.03,20.0,0.6,0.7501,0.4,-18.6358,True,fuzzy_logic_dynamic_snr,9.9944,0.21
29,v3,v11,20.0,160.0,10.0,0.6,0.8,0.2,-17.6742,True,fuzzy_logic_dynamic_snr,10.6334,0.2492
29,v4,v8,40.0,50.0,30.0,1.0,0.25,0.6,8.0,False,fuzzy_logic_dynamic_snr,14.1402,0.7096
29,v4,v11,40.0,60.07,0.0,1.0,0.3004,0.0,11.5409,False,fuzzy_logic_dynamic_snr,17.6783,0.8686
29,v4,v3,40.0,100.04,10.0,1.0,0.5002,0.2,5.5886,False,fuzzy_logic_dynamic_snr,11.7269,0.5119
29,v4,v7,40.0,120.04,20.0,1.0,0.6002,0.4,2.914,False,fuzzy_logic_dynamic_snr,9.0526,0.2986
29,v4,v12,40.0,140.0,20.0,1.0,0.7,0.4,1.845,True,fuzzy_logic_dynamic_snr,21.1051,0.8639
30,v1,v6,40.0,90.05,10.0,1.0,0.4502,0.2,6.32,False,fuzzy_logic_dynamic_snr,12.4576,0.5828
30,v1,v2,40.0,110.04,10.0,1.0,0.5502,0.2,4.9269,False,fuzzy_logic_dynamic_snr,11.0663,0.4463
30,v1,v5,40.0,170.0,10.0,1.0,0.85,0.2,1.9046,True,fuzzy_logic_dynamic_snr,21.1268,0.8576
30,v2,v1,20.0,110.04,10.0,0.6,0.5502,0.2,-15.0731,True,fuzzy_logic_dynamic_snr,12.4262,0.3605
30,v2,v6,20.0,200.0,0.0,0.6,1.0,0.0,-16.8165,True,fuzzy_logic_dynamic_snr,11.2074,0.2764
30,v3,v4,20.0,90.05,20.0,0.6,0.4502,0.4,-15.0887,True,fuzzy_logic_dynamic_snr,12.4263,0.3307
30,v3,v11,20.0,150.0,20.0,0.6,0.75,0.4,-18.6344,True,fuzzy_logic_dynamic_snr,9.9369,0.2125
30,v3,v8,20.0,170.03,10.0,0.6,0.8501,0.2,-18.0965,True,fuzzy_logic_dynamic_snr,10.3013,0.2447
30,v4,v11,40.0,60.07,0.0,1.0,0.3004,0.0,11.5409,False,fuzzy_logic_dynamic_snr,17.6792,0.8715
30,v4,v8,40.0,80.0,30.0,1.0,0.4,0.6,4.7341,False,fuzzy_logic_dynamic_snr,10.8714,0.4445
30,v4,v3,40.0,90.05,20.0,1.0,0.4502,0.4,4.9113,False,fuzzy_logic_dynamic_snr,11.0478,0.4609
30,v4,v7,40.0,140.03,40.0,1.0,0.7002,0.8,0.0686,True,fuzzy_logic_dynamic_snr,20.608,0.8402
30,v4,v12,40.0,160.0,0.0,1.0,0.8,0.0,4.7341,True,fuzzy_logic_dynamic_snr,21.6943,0.8859
31,v1,v2,40.0,100.04,0.0,1.0,0.5002,0.0,7.9969,False,fuzzy_logic_dynamic_snr,14.1332,0.7025
31,v1,v6,40.0,100.04,20.0,1.0,0.5002,0.4,4.1799,False,fuzzy_logic_dynamic_snr,10.3177,0.391
31,v1,v5,40.0,180.0,20.0,1.0,0.9,0.4,0.0987,True,fuzzy_logic_dynamic_snr,20.6094,0.8373
31,v2,v1,20.0,100.04,0.0,0.6,0.5002,0.0,-12.0031,True,fuzzy_logic_dynamic_snr,14.4901,0.4596
31,v2,v6,20.0,200.0,20.0,0.6,1.0,0.4,-20.6334,True,fuzzy_logic_dynamic_snr,8.5852,0.1971
31,v3,v4,20.0,110.04,10.0,0.6,0.5502,0.2,-15.0731,True,fuzzy_logic_dynamic_snr,12.4141,0.3244
31,v3,v8,20.0,160.03,10.0,0.6,0.8001,0.2,-17.6754,True,fuzzy_logic_dynamic_snr,10.5889,0.258
31,v3,v11,20.0,170.0,30.0,0.6,0.85,0.6,-20.5037,True,fuzzy_logic_dynamic_snr,8.6815,0.1947
31,v4,v8,40.0,50.0,0.0,1.0,0.25,0.0,12.8165,False,fuzzy_logic_dynamic_snr,18.9546,0.8996
31,v4,v11,40.0,60.07,40.0,1.0,0.3004,0.8,5.9491,True,fuzzy_logic_dynamic_snr,21.8628,0.8914
31,v4,v7,40.0,100.04,10.0,1.0,0.5002,0.2,5.5886,False,fuzzy_logic_dynamic_snr,11.7272,0.5018
31,v4,v3,40.0,110.04,10.0,1.0,0.5502,0.2,4.9269,False,fuzzy_logic_dynamic_snr,11.0627,0.4484
31,v4,v12,40.0,160.0,10.0,1.0,0.8,0.2,2.3258,True,fuzzy_logic_dynamic_snr,21.2081,0.8574
32,v1,v2,40.0,100.04,20.0,1.0,0.5002,0.4,4.1799,False,fuzzy_logic_dynamic_snr,10.3178,0.3982
32,v1,v6,40.0,120.04,20.0,1.0,0.6002,0.4,2.914,False,fuzzy_logic_dynamic_snr,9.0538,0.2953
32,v1,v5,40.0,160.0,0.0,1.0,0.8,0.0,4.7341,True,fuzzy_logic_dynamic_snr,21.7007,0.8799
32,v2,v1,20.0,100.04,20.0,0.6,0.5002,0.4,-15.8201,True,fuzzy_logic_dynamic_snr,11.8728,0.3227
32,v3,v4,20.0,100.04,20.0,0.6,0.5002,0.4,-15.8201,True,fuzzy_logic_dynamic_snr,11.8916,0.3082
32,v3,v8,20.0,150.03,20.0,0.6,0.7501,0.4,-18.6358,True,fuzzy_logic_dynamic_snr,9.9378,0.2191
32,v3,v11,20.0,200.0,40.0,0.6,1.0,0.8,-22.4082,True,fuzzy_logic_dynamic_snr,7.353,0.1467
32,v4,v8,40.0,50.0,0.0,1.0,0.25,0.0,12.8165,False,fuzzy_logic_dynamic_snr,18.9538,0.9053
32,v4,v3,40.0,100.04,20.0,1.0,0.5002,0.4,4.1799,False,fuzzy_logic_dynamic_snr,10.3184,0.3951
32,v4,v11,40.0,100.04,20.0,1.0,0.5002,0.4,4.1799,False,fuzzy_logic_dynamic_snr,10.3178,0.3939
32,v4,v7,40.0,110.04,10.0,1.0,0.5502,0.2,4.9269,False,fuzzy_logic_dynamic_snr,11.0647,0.4477
32,v4,v12,40.0,170.0,10.0,1.0,0.85,0.2,1.9046,True,fuzzy_logic_dynamic_snr,21.1159,0.852
33,v1,v2,40.0,80.06,40.0,1.0,0.4003,0.8,3.9539,True,fuzzy_logic_dynamic_snr,21.5599,0.8865
33,v1,v6,40.0,140.03,10.0,1.0,0.7002,0.2,3.2521,False,fuzzy_logic_dynamic_snr,9.3895,0.3293
33,v1,v5,40.0,160.0,30.0,1.0,0.8,0.6,-0.0824,True,fuzzy_logic_dynamic_snr,20.5399,0.8508
33,v2,v1,20.0,80.06,40.0,0.6,0.4003,0.8,-16.0461,True,fuzzy_logic_dynamic_snr,11.7895,0.3355
33,v3,v4,20.0,80.06,0.0,0.6,0.4003,0.0,-10.4543,True,fuzzy_logic_dynamic_snr,15.4776,0.5777
33,v3,v8,20.0,130.03,20.0,0.6,0.6502,0.4,-17.6419,True,fuzzy_logic_dynamic_snr,10.6163,0.2385
33,v3,v11,20.0,160.0,10.0,0.6,0.8,0.2,-17.6742,True,fuzzy_logic_dynamic_snr,10.6218,0.2684
33,v3,v7,20.0,180.0,20.0,0.6,0.9,0.4,-19.9013,True,fuzzy_logic_dynamic_snr,9.0708,0.1973
33,v4,v8,40.0,50.0,20.0,1.0,0.25,0.4,8.9995,False,fuzzy_logic_dynamic_snr,15.1377,0.758
33,v4,v3,40.0,80.06,0.0,1.0,0.4003,0.0,9.5457,False,fuzzy_logic_dynamic_snr,15.6817,0.8076
33,v4,v11,40.0,80.06,10.0,1.0,0.4003,0.2,7.1374,False,fuzzy_logic_dynamic_snr,13.2758,0.6498
33,v4,v7,40.0,100.04,20.0,1.0,0.5002,0.4,4.1799,False,fuzzy_logic_dynamic_snr,10.3166,0.3994
33,v4,v12,40.0,180.0,10.0,1.0,0.9,0.2,1.5074,True,fuzzy_logic_dynamic_snr,21.0157,0.8566
34,v1,v2,40.0,40.11,20.0,1.0,0.2006,0.4,10.5306,False,fuzzy_logic_dynamic_snr,16.6685,0.8475
34,v1,v6,40.0,150.03,10.0,1.0,0.7501,0.2,2.7729,False,fuzzy_logic_dynamic_snr,8.9099,0.2922
34,v1,v5,40.0,190.0,10.0,1.0,0.95,0.2,1.1317,True,fuzzy_logic_dynamic_snr,20.9366,0.851
34,v2,v1,20.0,40.11,20.0,0.6,0.2006,0.4,-9.4694,True,fuzzy_logic_dynamic_snr,16.0634,0.6023
34,v2,v6,20.0,190.0,10.0,0.6,0.95,0.2,-18.8683,True,fuzzy_logic_dynamic_snr,9.7742,0.1992
34,v3,v4,20.0,80.06,10.0,0.6,0.4003,0.2,-12.8626,True,fuzzy_logic_dynamic_snr,13.9487,0.4621
34,v3,v8,20.0,110.04,10.0,0.6,0.5502,0.2,-15.0731,True,fuzzy_logic_dynamic_snr,12.3988,0.3373
34,v3,v11,20.0,150.0,20.0,0.6,0.75,0.4,-18.6344,True,fuzzy_logic_dynamic_snr,9.968,0.2197
34,v3,v7,20.0,160.0,0.0,0.6,0.8,0.0,-15.2659,True,fuzzy_logic_dynamic_snr,12.3118,0.3547
34,v4,v8,40.0,30.0,20.0,1.0,0.15,0.4,12.5491,False,fuzzy_logic_dynamic_snr,18.685,0.8967
34,v4,v11,40.0,70.06,10.0,1.0,0.3503,0.2,8.0638,False,fuzzy_logic_dynamic_snr,14.2035,0.7084
34,v4,v3,40.0,80.06,10.0,1.0,0.4003,0.2,7.1374,False,fuzzy_logic_dynamic_snr,13.276,0.6621
34,v4,v7,40.0,80.06,10.0,1.0,0.4003,0.2,7.1374,False,fuzzy_logic_dynamic_snr,13.2744,0.6531
34,v4,v12,40.0,170.0,20.0,1.0,0.85,0.4,0.4958,True,fuzzy_logic_dynamic_snr,20.7407,0.8482
35,v1,v2,40.0,20.22,0.0,1.0,0.1011,0.0,19.1062,False,fuzzy_logic_dynamic_snr,25.2433,0.9676
35,v1,v6,40.0,160.03,0.0,1.0,0.8001,0.0,4.7329,True,fuzzy_logic_dynamic_snr,21.694,0.8801
35,v1,v5,40.0,200.0,20.0,1.0,1.0,0.4,-0.6334,True,fuzzy_logic_dynamic_snr,20.3872,0.8289
35,v2,v1,20.0,20.22,0.0,0.6,0.1011,0.0,-0.8938,False,fuzzy_logic_dynamic_snr,5.2451,0.1652
35,v2,v6,20.0,180.0,0.0,0.6,0.9,0.0,-16.0844,True,fuzzy_logic_dynamic_snr,11.6929,0.3074
35,v3,v4,20.0,70.06,0.0,0.6,0.3503,0.0,-9.5279,True,fuzzy_logic_dynamic_snr,16.0244,0.6057
35,v3,v8,20.0,120.04,40.0,0.6,0.6002,0.8,-18.8608,True,fuzzy_logic_dynamic_snr,9.7959,0.2361
35,v3,v11,20.0,130.0,40.0,0.6,0.65,0.8,-19.4149,True,fuzzy_logic_dynamic_snr,9.4178,0.2174
35,v3,v7,20.0,160.0,10.0,0.6,0.8,0.2,-17.6742,True,fuzzy_logic_dynamic_snr,10.5706,0.2438
35,v4,v8,40.0,50.0,40.0,1.0,0.25,0.8,7.2247,True,fuzzy_logic_dynamic_snr,22.014,0.8873
35,v4,v11,40.0,60.07,40.0,1.0,0.3004,0.8,5.9491,True,fuzzy_logic_dynamic_snr,21.8723,0.885
35,v4,v3,40.0,70.06,0.0,1.0,0.3503,0.0,10.4721,False,fuzzy_logic_dynamic_snr,16.6102,0.8471
35,v4,v7,40.0,90.05,10.0,1.0,0.4502,0.2,6.32,False,fuzzy_logic_dynamic_snr,12.4585,0.5732
35,v4,v12,40.0,150.0,10.0,1.0,0.75,0.2,2.7743,False,fuzzy_logic_dynamic_snr,8.9109,0.2975
36,v1,v2,40.0,20.22,10.0,1.0,0.1011,0.2,16.698,False,fuzzy_logic_dynamic_snr,22.8363,0.9555
36,v1,v6,40.0,160.03,0.0,1.0,0.8001,0.0,4.7329,True,fuzzy_logic_dynamic_snr,21.7048,0.8867
36,v1,v5,40.0,180.0,10.0,1.0,0.9,0.2,1.5074,True,fuzzy_logic_dynamic_snr,21.0139,0.8574
36,v2,v1,20.0,20.22,10.0,0.6,0.1011,0.2,-3.302,False,fuzzy_logic_dynamic_snr,2.8357,0.1314
36,v2,v6,20.0,180.0,10.0,0.6,0.9,0.2,-18.4926,True,fuzzy_logic_dynamic_snr,10.0703,0.242
36,v3,v4,20.0,70.06,10.0,0.6,0.3503,0.2,-11.9362,True,fuzzy_logic_dynamic_snr,14.564,0.4816
36,v3,v8,20.0,80.06,10.0,0.6,0.4003,0.2,-12.8626,True,fuzzy_logic_dynamic_snr,13.8878,0.4479
36,v3,v11,20.0,90.0,30.0,0.6,0.45,0.6,-16.0844,True,fuzzy_logic_dynamic_snr,11.7579,0.2916
36,v3,v7,20.0,150.0,30.0,0.6,0.75,0.6,-19.6339,True,fuzzy_logic_dynamic_snr,9.2079,0.2113
36,v4,v8,40.0,10.0,0.0,1.0,0.05,0.0,24.0,False,fuzzy_logic_dynamic_snr,30.1383,0.9877
36,v4,v11,40.0,20.22,20.0,1.0,0.1011,0.4,15.2892,False,fuzzy_logic_dynamic_snr,21.4274,0.9506
36,v4,v3,40.0,70.06,10.0,1.0,0.3503,0.2,8.0638,False,fuzzy_logic_dynamic_snr,14.2009,0.7109
36,v4,v7,40.0,80.06,20.0,1.0,0.4003,0.4,5.7287,False,fuzzy_logic_dynamic_snr,11.867,0.5307
36,v4,v12,40.0,140.0,10.0,1.0,0.7,0.2,3.2537,False,fuzzy_logic_dynamic_snr,9.3924,0.3305
37,v1,v2,40.0,30.15,0.0,1.0,0.1507,0.0,16.3315,False,fuzzy_logic_dynamic_snr,22.4707,0.9617
37,v1,v6,40.0,160.03,10.0,1.0,0.8001,0.2,2.3246,True,fuzzy_logic_dynamic_snr,21.248,0.8682
37,v1,v5,40.0,170.0,20.0,1.0,0.85,0.4,0.4958,True,fuzzy_logic_dynamic_snr,20.7404,0.8424
37,v2,v1,20.0,30.15,0.0,0.6,0.1507,0.0,-3.6685,False,fuzzy_logic_dynamic_snr,2.4675,0.1379
37,v2,v6,20.0,190.0,10.0,0.6,0.95,0.2,-18.8683,True,fuzzy_logic_dynamic_snr,9.7303,0.2127
37,v3,v4,20.0,80.06,20.0,0.6,0.4003,0.4,-14.2713,True,fuzzy_logic_dynamic_snr,12.9884,0.3756
37,v3,v8,20.0,90.05,10.0,0.6,0.4502,0.2,-13.68,True,fuzzy_logic_dynamic_snr,13.397,0.4014
37,v3,v11,20.0,120.0,10.0,0.6,0.6,0.2,-15.6751,True,fuzzy_logic_dynamic_snr,12.0163,0.3096
37,v3,v7,20.0,180.0,10.0,0.6,0.9,0.2,-18.4926,True,fuzzy_logic_dynamic_snr,10.0205,0.2309
37,v4,v8,40.0,10.0,30.0,1.0,0.05,0.6,19.1835,False,fuzzy_logic_dynamic_snr,25.3217,0.9707
37,v4,v11,40.0,40.11,30.0,1.0,0.2006,0.6,9.5311,False,fuzzy_logic_dynamic_snr,15.6685,0.8061
37,v4,v3,40.0,80.06,20.0,1.0,0.4003,0.4,5.7287,False,fuzzy_logic_dynamic_snr,11.8659,0.5164
37,v4,v7,40.0,100.04,30.0,1.0,0.5002,0.6,3.1804,True,fuzzy_logic_dynamic_snr,21.4058,0.8678
37,v4,v12,40.0,150.0,40.0,1.0,0.75,0.8,-0.4092,True,fuzzy_logic_dynamic_snr,20.4351,0.8295
38,v1,v2,40.0,30.15,0.0,1.0,0.1507,0.0,16.3315,False,fuzzy_logic_dynamic_snr,22.4708,0.948
38,v1,v6,40.0,170.03,0.0,1.0,0.8501,0.0,4.3117,True,fuzzy_logic_dynamic_snr,21.6135,0.876
38,v1,v5,40.0,190.0,10.0,1.0,0.95,0.2,1.1317,True,fuzzy_logic_dynamic_snr,20.9218,0.8535
38,v2,v1,20.0,30.15,0.0,0.6,0.1507,0.0,-3.6685,False,fuzzy_logic_dynamic_snr,2.4685,0.1305
38,v2,v6,20.0,200.0,0.0,0.6,1.0,0.0,-16.8165,True,fuzzy_logic_dynamic_snr,11.2192,0.2947
38,v3,v4,20.0,60.07,40.0,0.6,0.3004,0.8,-14.0509,True,fuzzy_logic_dynamic_snr,13.135,0.3824
38,v3,v8,20.0,100.04,40.0,0.6,0.5002,0.8,-17.5949,True,fuzzy_logic_dynamic_snr,10.6241,0.2695
38,v3,v11,20.0,130.0,10.0,0.6,0.65,0.2,-16.2313,True,fuzzy_logic_dynamic_snr,11.6488,0.2814
38,v3,v7,20.0,190.0,10.0,0.6,0.95,0.2,-18.8683,True,fuzzy_logic_dynamic_snr,9.8044,0.1988
38,v4,v8,40.0,40.0,0.0,1.0,0.2,0.0,14.367,False,fuzzy_logic_dynamic_snr,20.5049,0.9393
38,v4,v3,40.0,60.07,40.0,1.0,0.3004,0.8,5.9491,True,fuzzy_logic_dynamic_snr,21.8805,0.8898
38,v4,v11,40.0,70.06,30.0,1.0,0.3503,0.6,5.6556,False,fuzzy_logic_dynamic_snr,11.7932,0.516
38,v4,v7,40.0,130.03,30.0,1.0,0.6502,0.6,1.3586,True,fuzzy_logic_dynamic_snr,20.9963,0.8574
38,v4,v12,40.0,190.0,30.0,1.0,0.95,0.6,-1.2765,True,fuzzy_logic_dynamic_snr,20.1575,0.833
39,v1,v2,40.0,30.15,30.0,1.0,0.1507,0.6,11.515,False,fuzzy_logic_dynamic_snr,17.6523,0.8711
39,v1,v6,40.0,170.03,20.0,1.0,0.8501,0.4,0.4948,True,fuzzy_logic_dynamic_snr,20.7375,0.8543
39,v1,v5,40.0,180.0,0.0,1.0,0.9,0.0,3.9156,True,fuzzy_logic_dynamic_snr,21.5503,0.8727
39,v2,v1,20.0,30.15,30.0,0.6,0.1507,0.6,-8.485,True,fuzzy_logic_dynamic_snr,16.69,0.6361
39,v2,v6,20.0,200.0,10.0,0.6,1.0,0.2,-19.2247,True,fuzzy_logic_dynamic_snr,9.5639,0.1988
39,v3,v4,20.0,100.04,10.0,0.6,0.5002,0.2,-14.4114,True,fuzzy_logic_dynamic_snr,12.8967,0.3873
39,v3,v11,20.0,140.0,30.0,0.6,0.7,0.6,-19.1545,True,fuzzy_logic_dynamic_snr,9.6226,0.1994
39,v3,v8,20.0,140.03,20.0,0.6,0.7002,0.4,-18.1566,True,fuzzy_logic_dynamic_snr,10.331,0.2506
39,v3,v7,20.0,200.0,0.0,0.6,1.0,0.0,-16.8165,True,fuzzy_logic_dynamic_snr,11.2055,0.2904
39,v4,v8,40.0,40.0,10.0,1.0,0.2,0.2,11.9588,False,fuzzy_logic_dynamic_snr,18.0949,0.89
39,v4,v11,40.0,40.11,20.0,1.0,0.2006,0.4,10.5306,False,fuzzy_logic_dynamic_snr,16.6661,0.8484
39,v4,v3,40.0,100.04,10.0,1.0,0.5002,0.2,5.5886,False,fuzzy_logic_dynamic_snr,11.725,0.5164
39,v4,v7,40.0,100.04,10.0,1.0,0.5002,0.2,5.5886,False,fuzzy_logic_dynamic_snr,11.7285,0.5182
39,v4,v12,40.0,160.0,10.0,1.0,0.8,0.2,2.3258,True,fuzzy_logic_dynamic_snr,21.2322,0.8652
40,v1,v2,40.0,3.0,20.0,1.0,0.015,0.4,28.5491,False,fuzzy_logic_dynamic_snr,34.6887,0.9912
40,v1,v5,40.0,180.0,10.0,1.0,0.9,0.2,1.5074,True,fuzzy_logic_dynamic_snr,21.0146,0.8523
40,v1,v6,40.0,190.02,30.0,1.0,0.9501,0.6,-1.2774,True,fuzzy_logic_dynamic_snr,20.1588,0.8191
40,v2,v1,20.0,3.0,20.0,0.6,0.015,0.4,8.5491,True,fuzzy_logic_dynamic_snr,22.1356,0.8939
40,v2,v5,20.0,180.02,10.0,0.6,0.9001,0.2,-18.4936,True,fuzzy_logic_dynamic_snr,10.0332,0.2412
40,v2,v6,20.0,190.0,10.0,0.6,0.95,0.2,-18.8683,True,fuzzy_logic_dynamic_snr,9.8102,0.2256
40,v3,v4,20.0,110.04,10.0,0.6,0.5502,0.2,-15.0731,True,fuzzy_logic_dynamic_snr,12.4684,0.3631
40,v3,v8,20.0,160.03,10.0,0.6,0.8001,0.2,-17.6754,True,fuzzy_logic_dynamic_snr,10.6276,0.2627
40,v3,v11,20.0,170.0,0.0,0.6,0.85,0.0,-15.6872,True,fuzzy_logic_dynamic_snr,11.9762,0.3371
40,v3,v7,20.0,200.0,10.0,0.6,1.0,0.2,-19.2247,True,fuzzy_logic_dynamic_snr,9.5287,0.2072
40,v4,v8,40.0,50.0,0.0,1.0,0.25,0.0,12.8165,False,fuzzy_logic_dynamic_snr,18.9547,0.9088
40,v4,v11,40.0,60.07,10.0,1.0,0.3004,0.2,9.1327,False,fuzzy_logic_dynamic_snr,15.2726,0.7803
40,v4,v7,40.0,90.05,0.0,1.0,0.4502,0.0,8.7283,False,fuzzy_logic_dynamic_snr,14.8658,0.7654
40,v4,v3,40.0,110.04,10.0,1.0,0.5502,0.2,4.9269,False,fuzzy_logic_dynamic_snr,11.0637,0.4502
40,v4,v12,40.0,150.0,0.0,1.0,0.75,0.0,5.1825,False,fuzzy_logic_dynamic_snr,11.3202,0.4896
41,v1,v2,40.0,20.22,0.0,1.0,0.1011,0.0,19.1062,False,fuzzy_logic_dynamic_snr,25.2432,0.974
41,v1,v6,40.0,160.03,40.0,1.0,0.8001,0.8,-0.8589,True,fuzzy_logic_dynamic_snr,20.2886,0.8422
41,v1,v5,40.0,170.0,0.0,1.0,0.85,0.0,4.3128,True,fuzzy_logic_dynamic_snr,21.635,0.8646
41,v2,v1,20.0,20.22,0.0,0.6,0.1011,0.0,-0.8938,False,fuzzy_logic_dynamic_snr,5.2455,0.1643
41,v2,v6,20.0,180.0,40.0,0.6,0.9,0.8,-21.6761,True,fuzzy_logic_dynamic_snr,7.8536,0.1748
41,v2,v5,20.0,190.02,0.0,0.6,0.9501,0.0,-16.4609,True,fuzzy_logic_dynamic_snr,11.47,0.3008
41,v3,v4,20.0,120.04,0.0,0.6,0.6002,0.0,-13.2691,True,fuzzy_logic_dynamic_snr,13.6717,0.4381
41,v3,v11,20.0,170.0,10.0,0.6,0.85,0.2,-18.0954,True,fuzzy_logic_dynamic_snr,10.3125,0.2498
41,v3,v8,20.0,170.03,0.0,0.6,0.8501,0.0,-15.6883,True,fuzzy_logic_dynamic_snr,12.0345,0.3186
41,v4,v8,40.0,50.0,0.0,1.0,0.25,0.0,12.8165,False,fuzzy_logic_dynamic_snr,18.9534,0.9082
41,v4,v11,40.0,50.09,10.0,1.0,0.2504,0.2,10.3958,False,fuzzy_logic_dynamic_snr,16.5335,0.8469
41,v4,v7,40.0,90.05,0.0,1.0,0.4502,0.0,8.7283,False,fuzzy_logic_dynamic_snr,14.8683,0.7672
41,v4,v3,40.0,120.04,0.0,1.0,0.6002,0.0,6.7309,False,fuzzy_logic_dynamic_snr,12.8684,0.6078
41,v4,v12,40.0,150.0,30.0,1.0,0.75,0.6,0.3661,True,fuzzy_logic_dynamic_snr,20.6956,0.8438
42,v1,v2,40.0,20.22,10.0,1.0,0.1011,0.2,16.698,False,fuzzy_logic_dynamic_snr,22.8354,0.9584
42,v1,v6,40.0,120.04,10.0,1.0,0.6002,0.2,4.3227,False,fuzzy_logic_dynamic_snr,10.4621,0.4121
42,v1,v5,40.0,170.0,10.0,1.0,0.85,0.2,1.9046,True,fuzzy_logic_dynamic_snr,21.1251,0.8713
42,v2,v1,20.0,20.22,10.0,0.6,0.1011,0.2,-3.302,False,fuzzy_logic_dynamic_snr,2.8345,0.1457
42,v2,v6,20.0,140.0,0.0,0.6,0.7,0.0,-14.338,True,fuzzy_logic_dynamic_snr,12.9113,0.3662
42,v2,v5,20.0,190.02,20.0,0.6,0.9501,0.4,-20.2779,True,fuzzy_logic_dynamic_snr,8.7765,0.1971
42,v3,v4,20.0,120.04,40.0,0.6,0.6002,0.8,-18.8608,True,fuzzy_logic_dynamic_snr,9.7898,0.2168
42,v3,v8,20.0,170.03,30.0,0.6,0.8501,0.6,-20.5047,True,fuzzy_logic_dynamic_snr,8.6557,0.176
42,v3,v11,20.0,180.0,0.0,0.6,0.9,0.0,-16.0844,True,fuzzy_logic_dynamic_snr,11.7601,0.2951
42,v4,v8,40.0,50.0,10.0,1.0,0.25,0.2,10.4082,False,fuzzy_logic_dynamic_snr,16.5446,0.8264
42,v4,v11,40.0,60.07,40.0,1.0,0.3004,0.8,5.9491,True,fuzzy_logic_dynamic_snr,21.8639,0.8854
42,v4,v7,40.0,90.05,0.0,1.0,0.4502,0.0,8.7283,False,fuzzy_logic_dynamic_snr,14.8657,0.7531
42,v4,v12,40.0,120.0,0.0,1.0,0.6,0.0,6.7331,False,fuzzy_logic_dynamic_snr,12.871,0.6066
42,v4,v3,40.0,120.04,40.0,1.0,0.6002,0.8,1.1392,True,fuzzy_logic_dynamic_snr,20.9325,0.841
43,v1,v2,40.0,30.15,10.0,1.0,0.1507,0.2,13.9232,False,fuzzy_logic_dynamic_snr,20.0618,0.9359
43,v1,v6,40.0,110.04,20.0,1.0,0.5502,0.4,3.5182,False,fuzzy_logic_dynamic_snr,9.6551,0.335
43,v1,v5,40.0,180.0,0.0,1.0,0.9,0.0,3.9156,True,fuzzy_logic_dynamic_snr,21.5612,0.8756
43,v2,v1,20.0,30.15,10.0,0.6,0.1507,0.2,-6.0768,False,fuzzy_logic_dynamic_snr,0.0575,0.1285
43,v2,v6,20.0,140.0,10.0,0.6,0.7,0.2,-16.7463,True,fuzzy_logic_dynamic_snr,11.2746,0.3033
43,v3,v4,20.0,80.06,20.0,0.6,0.4003,0.4,-14.2713,True,fuzzy_logic_dynamic_snr,13.0141,0.3564
43,v3,v8,20.0,140.03,10.0,0.6,0.7002,0.2,-16.7479,True,fuzzy_logic_dynamic_snr,11.2908,0.252
43,v3,v7,20.0,170.0,20.0,0.6,0.85,0.4,-19.5042,True,fuzzy_logic_dynamic_snr,9.3193,0.2115
43,v3,v11,20.0,180.0,10.0,0.6,0.9,0.2,-18.4926,True,fuzzy_logic_dynamic_snr,10.0595,0.2252
43,v4,v8,40.0,60.0,30.0,1.0,0.3,0.6,6.7331,False,fuzzy_logic_dynamic_snr,12.8718,0.6031
43,v4,v3,40.0,80.06,20.0,1.0,0.4003,0.4,5.7287,False,fuzzy_logic_dynamic_snr,11.8664,0.5172
43,v4,v7,40.0,90.05,0.0,1.0,0.4502,0.0,8.7283,False,fuzzy_logic_dynamic_snr,14.8677,0.7625
43,v4,v11,40.0,100.04,30.0,1.0,0.5002,0.6,3.1804,True,fuzzy_logic_dynamic_snr,21.4079,0.8828
43,v4,v12,40.0,120.0,20.0,1.0,0.6,0.4,2.9161,False,fuzzy_logic_dynamic_snr,9.0538,0.2957
44,v1,v2,40.0,20.22,0.0,1.0,0.1011,0.0,19.1062,False,fuzzy_logic_dynamic_snr,25.2437,0.9789
44,v1,v6,40.0,130.03,10.0,1.0,0.6502,0.2,3.7668,False,fuzzy_logic_dynamic_snr,9.9031,0.3643
44,v1,v5,40.0,180.0,10.0,1.0,0.9,0.2,1.5074,True,fuzzy_logic_dynamic_snr,21.0176,0.8604
44,v2,v1,20.0,20.22,0.0,0.6,0.1011,0.0,-0.8938,False,fuzzy_logic_dynamic_snr,5.2449,0.1676
44,v2,v6,20.0,150.0,10.0,0.6,0.75,0.2,-17.2257,True,fuzzy_logic_dynamic_snr,10.9546,0.2654
44,v3,v4,20.0,100.04,10.0,0.6,0.5002,0.2,-14.4114,True,fuzzy_logic_dynamic_snr,12.8785,0.3746
44,v3,v8,20.0,130.03,30.0,0.6,0.6502,0.6,-18.6414,True,fuzzy_logic_dynamic_snr,9.9621,0.2271
44,v3,v11,20.0,170.0,20.0,0.6,0.85,0.4,-19.5042,True,fuzzy_logic_dynamic_snr,9.3407,0.2314
44,v3,v7,20.0,190.0,20.0,0.6,0.95,0.4,-20.277,True,fuzzy_logic_dynamic_snr,8.8347,0.1941
44,v4,v8,40.0,30.0,40.0,1.0,0.15,0.8,10.7743,True,fuzzy_logic_dynamic_snr,22.2713,0.9012
44,v4,v11,40.0,70.06,30.0,1.0,0.3503,0.6,5.6556,False,fuzzy_logic_dynamic_snr,11.795,0.5166
44,v4,v7,40.0,90.05,30.0,1.0,0.4502,0.6,3.9118,True,fuzzy_logic_dynamic_snr,21.5435,0.8863
44,v4,v12,40.0,100.0,10.0,1.0,0.5,0.2,5.5918,False,fuzzy_logic_dynamic_snr,11.7297,0.5189
44,v4,v3,40.0,100.04,10.0,1.0,0.5002,0.2,5.5886,False,fuzzy_logic_dynamic_snr,11.7253,0.5207
45,v1,v2,40.0,20.22,20.0,1.0,0.1011,0.4,15.2892,False,fuzzy_logic_dynamic_snr,21.4269,0.9506
45,v1,v6,40.0,140.03,10.0,1.0,0.7002,0.2,3.2521,False,fuzzy_logic_dynamic_snr,9.3896,0.3232
45,v1,v5,40.0,190.0,10.0,1.0,0.95,0.2,1.1317,True,fuzzy_logic_dynamic_snr,20.922,0.8559
45,v2,v1,20.0,20.22,20.0,0.6,0.1011,0.4,-4.7108,True,fuzzy_logic_dynamic_snr,18.7037,0.759
45,v2,v6,20.0,160.0,10.0,0.6,0.8,0.2,-17.6742,True,fuzzy_logic_dynamic_snr,10.63,0.2496
45,v3,v4,20.0,90.05,0.0,0.6,0.4502,0.0,-11.2717,True,fuzzy_logic_dynamic_snr,14.9347,0.5096
45,v3,v8,20.0,160.03,0.0,0.6,0.8001,0.0,-15.2671,True,fuzzy_logic_dynamic_snr,12.2804,0.301
45,v3,v11,20.0,190.0,20.0,0.6,0.95,0.4,-20.277,True,fuzzy_logic_dynamic_snr,8.8201,0.1893
45,v4,v8,40.0,70.0,0.0,1.0,0.35,0.0,10.4784,False,fuzzy_logic_dynamic_snr,16.616,0.8438
45,v4,v3,40.0,90.05,0.0,1.0,0.4502,0.0,8.7283,False,fuzzy_logic_dynamic_snr,14.8648,0.7545
45,v4,v11,40.0,100.04,20.0,1.0,0.5002,0.4,4.1799,False,fuzzy_logic_dynamic_snr,10.3178,0.3936
45,v4,v12,40.0,110.0,10.0,1.0,0.55,0.2,4.9295,False,fuzzy_logic_dynamic_snr,11.0666,0.4471
45,v4,v7,40.0,120.04,20.0,1.0,0.6002,0.4,2.914,False,fuzzy_logic_dynamic_snr,9.0513,0.3043
46,v1,v2,40.0,3.0,30.0,1.0,0.015,0.6,27.5496,False,fuzzy_logic_dynamic_snr,33.6866,0.9922
46,v1,v6,40.0,150.03,0.0,1.0,0.7501,0.0,5.1812,False,fuzzy_logic_dynamic_snr,11.3185,0.4832
46,v1,v5,40.0,200.0,20.0,1.0,1.0,0.4,-0.6334,True,fuzzy_logic_dynamic_snr,20.3794,0.8387
46,v2,v1,20.0,3.0,30.0,0.6,0.015,0.6,7.5496,True,fuzzy_logic_dynamic_snr,22.0439,0.883
46,v2,v6,20.0,150.0,30.0,0.6,0.75,0.6,-19.6339,True,fuzzy_logic_dynamic_snr,9.2549,0.2059
46,v3,v4,20.0,90.05,20.0,0.6,0.4502,0.4,-15.0887,True,fuzzy_logic_dynamic_snr,12.3788,0.3385
46,v3,v8,20.0,160.03,20.0,0.6,0.8001,0.4,-19.0841,True,fuzzy_logic_dynamic_snr,9.6365,0.2285
46,v3,v11,20.0,170.0,30.0,0.6,0.85,0.6,-20.5037,True,fuzzy_logic_dynamic_snr,8.6706,0.1951
46,v3,v7,20.0,190.0,10.0,0.6,0.95,0.2,-18.8683,True,fuzzy_logic_dynamic_snr,9.7685,0.2242
46,v4,v8,40.0,70.0,0.0,1.0,0.35,0.0,10.4784,False,fuzzy_logic_dynamic_snr,16.6172,0.8387
46,v4,v11,40.0,80.06,10.0,1.0,0.4003,0.2,7.1374,False,fuzzy_logic_dynamic_snr,13.275,0.6531
46,v4,v3,40.0,90.05,20.0,1.0,0.4502,0.4,4.9113,False,fuzzy_logic_dynamic_snr,11.049,0.4592
46,v4,v7,40.0,100.04,10.0,1.0,0.5002,0.2,5.5886,False,fuzzy_logic_dynamic_snr,11.7258,0.5135
46,v4,v12,40.0,120.0,20.0,1.0,0.6,0.4,2.9161,False,fuzzy_logic_dynamic_snr,9.0517,0.3111
47,v1,v2,40.0,30.15,0.0,1.0,0.1507,0.0,16.3315,False,fuzzy_logic_dynamic_snr,22.469,0.9545
47,v1,v6,40.0,150.03,0.0,1.0,0.7501,0.0,5.1812,False,fuzzy_logic_dynamic_snr,11.3165,0.483
47,v2,v1,20.0,30.15,0.0,0.6,0.1507,0.0,-3.6685,False,fuzzy_logic_dynamic_snr,2.4681,0.1393
47,v2,v6,20.0,120.0,0.0,0.6,0.6,0.0,-13.2669,True,fuzzy_logic_dynamic_snr,13.6486,0.4398
47,v2,v5,20.0,190.02,10.0,0.6,0.9501,0.2,-18.8692,True,fuzzy_logic_dynamic_snr,9.8051,0.2105
47,v3,v4,20.0,70.06,10.0,0.6,0.3503,0.2,-11.9362,True,fuzzy_logic_dynamic_snr,14.5277,0.4758
47,v3,v11,20.0,140.0,0.0,0.6,0.7,0.0,-14.338,True,fuzzy_logic_dynamic_snr,12.9571,0.383
47,v3,v8,20.0,140.03,30.0,0.6,0.7002,0.6,-19.1561,True,fuzzy_logic_dynamic_snr,9.6139,0.2258
47,v3,v12,20.0,170.03,20.0,0.6,0.8501,0.4,-19.5052,True,fuzzy_logic_dynamic_snr,9.3278,0.2242
47,v3,v7,20.0,180.0,10.0,0.6,0.9,0.2,-18.4926,True,fuzzy_logic_dynamic_snr,10.018,0.2428
47,v4,v8,40.0,70.0,40.0,1.0,0.35,0.8,4.8867,True,fuzzy_logic_dynamic_snr,21.7224,0.8832
47,v4,v3,40.0,70.06,10.0,1.0,0.3503,0.2,8.0638,False,fuzzy_logic_dynamic_snr,14.2022,0.7223
47,v4,v11,40.0,70.06,10.0,1.0,0.3503,0.2,8.0638,False,fuzzy_logic_dynamic_snr,14.2034,0.7119
47,v4,v12,40.0,100.0,30.0,1.0,0.5,0.6,3.1835,True,fuzzy_logic_dynamic_snr,21.425,0.8756
47,v4,v7,40.0,110.04,0.0,1.0,0.5502,0.0,7.3351,False,fuzzy_logic_dynamic_snr,13.4732,0.674
48,v1,v2,40.0,30.15,10.0,1.0,0.1507,0.2,13.9232,False,fuzzy_logic_dynamic_snr,20.0614,0.9289
48,v1,v6,40.0,150.03,30.0,1.0,0.7501,0.6,0.3647,True,fuzzy_logic_dynamic_snr,20.7026,0.8508
48,v2,v1,20.0,30.15,10.0,0.6,0.1507,0.2,-6.0768,False,fuzzy_logic_dynamic_snr,0.0619,0.1246
48,v2,v6,20.0,120.0,20.0,0.6,0.6,0.4,-17.0839,True,fuzzy_logic_dynamic_snr,11.0532,0.2758
48,v3,v4,20.0,80.06,10.0,0.6,0.4003,0.2,-12.8626,True,fuzzy_logic_dynamic_snr,13.9498,0.4465
48,v3,v8,20.0,110.04,10.0,0.6,0.5502,0.2,-15.0731,True,fuzzy_logic_dynamic_snr,12.4643,0.349
48,v3,v11,20.0,140.0,30.0,0.6,0.7,0.6,-19.1545,True,fuzzy_logic_dynamic_snr,9.6207,0.226
48,v3,v12,20.0,150.03,10.0,0.6,0.7501,0.2,-17.2271,True,fuzzy_logic_dynamic_snr,10.9232,0.2682
48,v3,v7,20.0,190.0,0.0,0.6,0.95,0.0,-16.4601,True,fuzzy_logic_dynamic_snr,11.4752,0.2988
48,v4,v8,40.0,30.0,0.0,1.0,0.15,0.0,16.3661,False,fuzzy_logic_dynamic_snr,22.5026,0.9516
48,v4,v11,40.0,60.07,20.0,1.0,0.3004,0.4,7.7239,False,fuzzy_logic_dynamic_snr,13.8621,0.6865
48,v4,v12,40.0,70.0,0.0,1.0,0.35,0.0,10.4784,False,fuzzy_logic_dynamic_snr,16.6157,0.834
48,v4,v3,40.0,80.06,10.0,1.0,0.4003,0.2,7.1374,False,fuzzy_logic_dynamic_snr,13.2759,0.6354
48,v4,v7,40.0,110.04,10.0,1.0,0.5502,0.2,4.9269,False,fuzzy_logic_dynamic_snr,11.0677,0.4602
49,v1,v2,40.0,20.22,10.0,1.0,0.1011,0.2,16.698,False,fuzzy_logic_dynamic_snr,22.834,0.9529
49,v1,v6,40.0,120.04,0.0,1.0,0.6002,0.0,6.7309,False,fuzzy_logic_dynamic_snr,12.8692,0.6068
49,v2,v1,20.0,20.22,10.0,0.6,0.1011,0.2,-3.302,False,fuzzy_logic_dynamic_snr,2.8336,0.1418
49,v2,v6,20.0,100.0,10.0,0.6,0.5,0.2,-14.4082,True,fuzzy_logic_dynamic_snr,12.9055,0.3637
49,v3,v4,20.0,70.06,10.0,0.6,0.3503,0.2,-11.9362,True,fuzzy_logic_dynamic_snr,14.5405,0.4828
49,v3,v8,20.0,100.04,10.0,0.6,0.5002,0.2,-14.4114,True,fuzzy_logic_dynamic_snr,12.8756,0.3762
49,v3,v11,20.0,110.0,10.0,0.6,0.55,0.2,-15.0705,True,fuzzy_logic_dynamic_snr,12.4102,0.3543
49,v3,v12,20.0,140.03,30.0,0.6,0.7002,0.6,-19.1561,True,fuzzy_logic_dynamic_snr,9.5692,0.225
49,v3,v7,20.0,190.0,10.0,0.6,0.95,0.2,-18.8683,True,fuzzy_logic_dynamic_snr,9.7724,0.2053
49,v4,v8,40.0,30.0,0.0,1.0,0.15,0.0,16.3661,False,fuzzy_logic_dynamic_snr,22.5029,0.9535
49,v4,v11,40.0,40.11,0.0,1.0,0.2006,0.0,14.3476,False,fuzzy_logic_dynamic_snr,20.4853,0.9344
49,v4,v12,40.0,70.0,40.0,1.0,0.35,0.8,4.8867,True,fuzzy_logic_dynamic_snr,21.7145,0.8746
49,v4,v3,40.0,70.06,10.0,1.0,0.3503,0.2,8.0638,False,fuzzy_logic_dynamic_snr,14.2028,0.7203
49,v4,v7,40.0,120.04,0.0,1.0,0.6002,0.0,6.7309,False,fuzzy_logic_dynamic_snr,12.8692,0.6082
50,v1,v2,40.0,30.15,10.0,1.0,0.1507,0.2,13.9232,False,fuzzy_logic_dynamic_snr,20.0616,0.915
50,v1,v6,40.0,120.04,30.0,1.0,0.6002,0.6,1.9144,True,fuzzy_logic_dynamic_snr,21.127,0.8561
50,v2,v1,20.0,30.15,10.0,0.6,0.1507,0.2,-6.0768,False,fuzzy_logic_dynamic_snr,0.0617,0.1178
50,v2,v6,20.0,90.0,20.0,0.6,0.45,0.4,-15.0849,True,fuzzy_logic_dynamic_snr,12.4664,0.3553
50,v3,v4,20.0,80.06,0.0,0.6,0.4003,0.0,-10.4543,True,fuzzy_logic_dynamic_snr,15.4709,0.5592
50,v3,v8,20.0,110.04,10.0,0.6,0.5502,0.2,-15.0731,True,fuzzy_logic_dynamic_snr,12.4253,0.3268
50,v3,v12,20.0,110.04,0.0,0.6,0.5502,0.0,-12.6649,True,fuzzy_logic_dynamic_snr,14.0464,0.4465
50,v3,v11,20.0,120.0,20.0,0.6,0.6,0.4,-17.0839,True,fuzzy_logic_dynamic_snr,11.0345,0.2523
50,v3,v7,20.0,200.0,0.0,0.6,1.0,0.0,-16.8165,True,fuzzy_logic_dynamic_snr,11.2378,0.2789
50,v4,v8,40.0,30.0,10.0,1.0,0.15,0.2,13.9578,False,fuzzy_logic_dynamic_snr,20.0948,0.9303
50,v4,v12,40.0,30.0,0.0,1.0,0.15,0.0,16.3661,False,fuzzy_logic_dynamic_snr,22.5028,0.9555
50,v4,v11,40.0,40.11,20.0,1.0,0.2006,0.4,10.5306,False,fuzzy_logic_dynamic_snr,16.6679,0.8439
50,v4,v3,40.0,80.06,0.0,1.0,0.4003,0.0,9.5457,False,fuzzy_logic_dynamic_snr,15.683,0.798
50,v4,v7,40.0,120.04,0.0,1.0,0.6002,0.0,6.7309,False,fuzzy_logic_dynamic_snr,12.8685,0.6094
51,v1,v2,40.0,40.11,10.0,1.0,0.2006,0.2,11.9393,False,fuzzy_logic_dynamic_snr,18.0785,0.8844
51,v1,v6,40.0,150.03,0.0,1.0,0.7501,0.0,5.1812,False,fuzzy_logic_dynamic_snr,11.3171,0.467
51,v2,v1,20.0,40.11,10.0,0.6,0.2006,0.2,-8.0607,False,fuzzy_logic_dynamic_snr,-1.9215,0.1021
51,v2,v6,20.0,110.0,10.0,0.6,0.55,0.2,-15.0705,True,fuzzy_logic_dynamic_snr,12.4476,0.3525
51,v3,v4,20.0,80.06,10.0,0.6,0.4003,0.2,-12.8626,True,fuzzy_logic_dynamic_snr,13.9609,0.4576
51,v3,v12,20.0,110.04,30.0,0.6,0.5502,0.6,-17.4813,True,fuzzy_logic_dynamic_snr,10.7692,0.2463
51,v3,v8,20.0,120.04,0.0,0.6,0.6002,0.0,-13.2691,True,fuzzy_logic_dynamic_snr,13.6493,0.4313
51,v3,v11,20.0,140.0,30.0,0.6,0.7,0.6,-19.1545,True,fuzzy_logic_dynamic_snr,9.5906,0.2309
51,v3,v7,20.0,200.0,40.0,0.6,1.0,0.8,-22.4082,True,fuzzy_logic_dynamic_snr,7.2875,0.1434
51,v4,v12,40.0,30.0,20.0,1.0,0.15,0.4,12.5491,False,fuzzy_logic_dynamic_snr,18.6882,0.9018
51,v4,v8,40.0,40.0,10.0,1.0,0.2,0.2,11.9588,False,fuzzy_logic_dynamic_snr,18.097,0.8848
51,v4,v11,40.0,60.07,20.0,1.0,0.3004,0.4,7.7239,False,fuzzy_logic_dynamic_snr,13.8615,0.6867
51,v4,v3,40.0,80.06,10.0,1.0,0.4003,0.2,7.1374,False,fuzzy_logic_dynamic_snr,13.273,0.6439
51,v4,v7,40.0,120.04,30.0,1.0,0.6002,0.6,1.9144,True,fuzzy_logic_dynamic_snr,21.1266,0.8643
52,v1,v2,40.0,30.15,10.0,1.0,0.1507,0.2,13.9232,False,fuzzy_logic_dynamic_snr,20.0597,0.9402
52,v1,v6,40.0,150.03,30.0,1.0,0.7501,0.6,0.3647,True,fuzzy_logic_dynamic_snr,20.7103,0.8588
52,v2,v1,20.0,30.15,10.0,0.6,0.1507,0.2,-6.0768,False,fuzzy_logic_dynamic_snr,0.0589,0.1148
52,v2,v6,20.0,120.0,20.0,0.6,0.6,0.4,-17.0839,True,fuzzy_logic_dynamic_snr,10.9828,0.2701
52,v3,v4,20.0,70.06,20.0,0.6,0.3503,0.4,-13.3449,True,fuzzy_logic_dynamic_snr,13.5897,0.4297
52,v3,v12,20.0,80.06,10.0,0.6,0.4003,0.2,-12.8626,True,fuzzy_logic_dynamic_snr,13.9308,0.466
52,v3,v11,20.0,110.0,0.0,0.6,0.55,0.0,-12.6623,True,fuzzy_logic_dynamic_snr,14.0792,0.4553
52,v3,v8,20.0,120.04,20.0,0.6,0.6002,0.4,-17.086,True,fuzzy_logic_dynamic_snr,11.001,0.273
52,v3,v7,20.0,160.0,20.0,0.6,0.8,0.4,-19.0829,True,fuzzy_logic_dynamic_snr,9.6047,0.2104
52,v4,v12,40.0,10.0,30.0,1.0,0.05,0.6,19.1835,False,fuzzy_logic_dynamic_snr,25.3205,0.975
52,v4,v11,40.0,40.11,20.0,1.0,0.2006,0.4,10.5306,False,fuzzy_logic_dynamic_snr,16.6669,0.8393
52,v4,v8,40.0,50.0,0.0,1.0,0.25,0.0,12.8165,False,fuzzy_logic_dynamic_snr,18.954,0.9107
52,v4,v3,40.0,70.06,20.0,1.0,0.3503,0.4,6.6551,False,fuzzy_logic_dynamic_snr,12.7953,0.5994
52,v4,v7,40.0,90.05,40.0,1.0,0.4502,0.8,3.1365,True,fuzzy_logic_dynamic_snr,21.4092,0.8705
53,v1,v2,40.0,20.22,30.0,1.0,0.1011,0.6,14.2897,False,fuzzy_logic_dynamic_snr,20.4291,0.9236
53,v1,v6,40.0,120.04,40.0,1.0,0.6002,0.8,1.1392,True,fuzzy_logic_dynamic_snr,20.912,0.8482
53,v2,v1,20.0,20.22,30.0,0.6,0.1011,0.6,-5.7103,True,fuzzy_logic_dynamic_snr,18.1904,0.723
53,v2,v6,20.0,100.0,10.0,0.6,0.5,0.2,-14.4082,True,fuzzy_logic_dynamic_snr,12.9219,0.3908
53,v3,v4,20.0,50.09,10.0,0.6,0.2504,0.2,-9.6042,False,fuzzy_logic_dynamic_snr,-3.465,0.1061
53,v3,v12,20.0,90.05,20.0,0.6,0.4502,0.4,-15.0887,True,fuzzy_logic_dynamic_snr,12.4624,0.3613
53,v3,v8,20.0,100.04,10.0,0.6,0.5002,0.2,-14.4114,True,fuzzy_logic_dynamic_snr,12.901,0.3727
53,v3,v11,20.0,110.0,20.0,0.6,0.55,0.4,-16.4793,True,fuzzy_logic_dynamic_snr,11.4884,0.3104
53,v3,v7,20.0,180.0,20.0,0.6,0.9,0.4,-19.9013,True,fuzzy_logic_dynamic_snr,9.0753,0.217
53,v4,v12,40.0,40.0,30.0,1.0,0.2,0.6,9.5506,False,fuzzy_logic_dynamic_snr,15.6889,0.7988
53,v4,v8,40.0,50.0,0.0,1.0,0.25,0.0,12.8165,False,fuzzy_logic_dynamic_snr,18.9552,0.9104
53,v4,v3,40.0,50.09,10.0,1.0,0.2504,0.2,10.3958,False,fuzzy_logic_dynamic_snr,16.531,0.8383
53,v4,v11,40.0,60.07,10.0,1.0,0.3004,0.2,9.1327,False,fuzzy_logic_dynamic_snr,15.2719,0.7703
53,v4,v7,40.0,130.03,10.0,1.0,0.6502,0.2,3.7668,False,fuzzy_logic_dynamic_snr,9.9041,0.3576
54,v1,v2,40.0,10.44,40.0,1.0,0.0522,0.8,18.1088,True,fuzzy_logic_dynamic_snr,22.4521,0.8979
54,v1,v6,40.0,80.06,30.0,1.0,0.4003,0.6,4.7292,False,fuzzy_logic_dynamic_snr,10.867,0.4412
54,v2,v1,20.0,10.44,40.0,0.6,0.0522,0.8,-1.8912,True,fuzzy_logic_dynamic_snr,19.9376,0.8111
54,v2,v6,20.0,90.0,10.0,0.6,0.45,0.2,-13.6761,True,fuzzy_logic_dynamic_snr,13.3556,0.3934
54,v3,v4,20.0,40.11,20.0,0.6,0.2006,0.4,-9.4694,True,fuzzy_logic_dynamic_snr,16.0855,0.6037
54,v3,v11,20.0,90.0,10.0,0.6,0.45,0.2,-13.6761,True,fuzzy_logic_dynamic_snr,13.3816,0.423
54,v3,v8,20.0,90.05,20.0,0.6,0.4502,0.4,-15.0887,True,fuzzy_logic_dynamic_snr,12.4269,0.3293
54,v3,v12,20.0,110.04,20.0,0.6,0.5502,0.4,-16.4818,True,fuzzy_logic_dynamic_snr,11.4628,0.2744
54,v3,v7,20.0,160.0,10.0,0.6,0.8,0.2,-17.6742,True,fuzzy_logic_dynamic_snr,10.6121,0.2477
54,v4,v3,40.0,40.11,20.0,1.0,0.2006,0.4,10.5306,False,fuzzy_logic_dynamic_snr,16.6691,0.842
54,v4,v8,40.0,50.0,0.0,1.0,0.25,0.0,12.8165,False,fuzzy_logic_dynamic_snr,18.954,0.9152
54,v4,v11,40.0,50.09,30.0,1.0,0.2504,0.6,7.9875,False,fuzzy_logic_dynamic_snr,14.1246,0.7178
54,v4,v12,40.0,70.0,0.0,1.0,0.35,0.0,10.4784,False,fuzzy_logic_dynamic_snr,16.6137,0.8365
54,v4,v7,40.0,120.04,10.0,1.0,0.6002,0.2,4.3227,False,fuzzy_logic_dynamic_snr,10.4606,0.408
55,v1,v2,40.0,30.15,10.0,1.0,0.1507,0.2,13.9232,False,fuzzy_logic_dynamic_snr,20.0604,0.926
55,v1,v6,40.0,110.04,20.0,1.0,0.5502,0.4,3.5182,False,fuzzy_logic_dynamic_snr,9.657,0.3428
55,v2,v1,20.0,30.15,10.0,0.6,0.1507,0.2,-6.0768,False,fuzzy_logic_dynamic_snr,0.0608,0.1262
55,v2,v6,20.0,80.0,10.0,0.6,0.4,0.2,-12.8577,True,fuzzy_logic_dynamic_snr,13.9662,0.4334
55,v3,v4,20.0,20.22,10.0,0.6,0.1011,0.2,-3.302,False,fuzzy_logic_dynamic_snr,2.8353,0.1354
55,v3,v8,20.0,70.06,20.0,0.6,0.3503,0.4,-13.3449,True,fuzzy_logic_dynamic_snr,13.6038,0.4264
55,v3,v12,20.0,90.05,0.0,0.6,0.4502,0.0,-11.2717,True,fuzzy_logic_dynamic_snr,14.9615,0.5246
55,v3,v11,20.0,100.0,20.0,0.6,0.5,0.4,-15.817,True,fuzzy_logic_dynamic_snr,11.9201,0.3068
55,v3,v7,20.0,150.0,10.0,0.6,0.75,0.2,-17.2257,True,fuzzy_logic_dynamic_snr,10.9553,0.2574
55,v4,v3,40.0,20.22,10.0,1.0,0.1011,0.2,16.698,False,fuzzy_logic_dynamic_snr,22.8368,0.9537
55,v4,v8,40.0,50.0,10.0,1.0,0.25,0.2,10.4082,False,fuzzy_logic_dynamic_snr,16.5442,0.8391
55,v4,v12,40.0,70.0,10.0,1.0,0.35,0.2,8.0702,False,fuzzy_logic_dynamic_snr,14.2096,0.7086
55,v4,v11,40.0,80.06,30.0,1.0,0.4003,0.6,4.7292,False,fuzzy_logic_dynamic_snr,10.8666,0.4455
55,v4,v7,40.0,130.03,0.0,1.0,0.6502,0.0,6.1751,False,fuzzy_logic_dynamic_snr,12.3134,0.5557
56,v1,v2,40.0,20.22,30.0,1.0,0.1011,0.6,14.2897,False,fuzzy_logic_dynamic_snr,20.4263,0.9383
56,v1,v6,40.0,90.05,10.0,1.0,0.4502,0.2,6.32,False,fuzzy_logic_dynamic_snr,12.4577,0.593
56,v2,v1,20.0,20.22,30.0,0.6,0.1011,0.6,-5.7103,True,fuzzy_logic_dynamic_snr,18.1775,0.7432
56,v2,v6,20.0,70.0,40.0,0.6,0.35,0.8,-15.1133,True,fuzzy_logic_dynamic_snr,12.3904,0.3486
56,v3,v4,20.0,10.44,30.0,0.6,0.0522,0.6,-1.1159,True,fuzzy_logic_dynamic_snr,20.208,0.8256
56,v3,v8,20.0,50.09,20.0,0.6,0.2504,0.4,-11.013,True,fuzzy_logic_dynamic_snr,15.1206,0.5326
56,v3,v12,20.0,90.05,30.0,0.6,0.4502,0.6,-16.0882,True,fuzzy_logic_dynamic_snr,11.7308,0.3299
56,v3,v11,20.0,120.0,10.0,0.6,0.6,0.2,-15.6751,True,fuzzy_logic_dynamic_snr,12.0337,0.326
56,v3,v7,20.0,140.0,20.0,0.6,0.7,0.4,-18.155,True,fuzzy_logic_dynamic_snr,10.2892,0.2607
56,v4,v3,40.0,10.44,30.0,1.0,0.0522,0.6,18.8841,False,fuzzy_logic_dynamic_snr,25.0211,0.9695
56,v4,v8,40.0,40.0,10.0,1.0,0.2,0.2,11.9588,False,fuzzy_logic_dynamic_snr,18.0959,0.8857
56,v4,v12,40.0,80.0,0.0,1.0,0.4,0.0,9.5506,False,fuzzy_logic_dynamic_snr,15.6861,0.8141
56,v4,v11,40.0,110.04,20.0,1.0,0.5502,0.4,3.5182,False,fuzzy_logic_dynamic_snr,9.6564,0.3434
56,v4,v7,40.0,130.03,10.0,1.0,0.6502,0.2,3.7668,False,fuzzy_logic_dynamic_snr,9.9035,0.3625
57,v1,v2,40.0,50.09,10.0,1.0,0.2504,0.2,10.3958,False,fuzzy_logic_dynamic_snr,16.5331,0.8373
57,v1,v6,40.0,80.06,20.0,1.0,0.4003,0.4,5.7287,False,fuzzy_logic_dynamic_snr,11.8664,0.5229
57,v2,v6,20.0,30.0,10.0,0.6,0.15,0.2,-6.0422,False,fuzzy_logic_dynamic_snr,0.0969,0.1297
57,v2,v1,20.0,50.09,10.0,0.6,0.2504,0.2,-9.6042,False,fuzzy_logic_dynamic_snr,-3.4645,0.1008
57,v2,v5,20.0,190.02,20.0,0.6,0.9501,0.4,-20.2779,True,fuzzy_logic_dynamic_snr,8.7947,0.1988
57,v3,v4,20.0,20.22,40.0,0.6,0.1011,0.8,-6.4855,True,fuzzy_logic_dynamic_snr,17.7676,0.7104
57,v3,v8,20.0,30.15,30.0,0.6,0.1507,0.6,-8.485,True,fuzzy_logic_dynamic_snr,16.6576,0.6324
57,v3,v12,20.0,60.07,30.0,0.6,0.3004,0.6,-13.2756,True,fuzzy_logic_dynamic_snr,13.6912,0.4227
57,v3,v11,20.0,110.0,40.0,0.6,0.55,0.8,-18.254,True,fuzzy_logic_dynamic_snr,10.1834,0.2484
57,v3,v7,20.0,120.0,40.0,0.6,0.6,0.8,-18.8587,True,fuzzy_logic_dynamic_snr,9.8192,0.2336
57,v4,v3,40.0,20.22,40.0,1.0,0.1011,0.8,13.5145,True,fuzzy_logic_dynamic_snr,22.3744,0.8979
57,v4,v8,40.0,50.0,10.0,1.0,0.25,0.2,10.4082,False,fuzzy_logic_dynamic_snr,16.5439,0.8322
57,v4,v12,40.0,80.0,10.0,1.0,0.4,0.2,7.1423,False,fuzzy_logic_dynamic_snr,13.2794,0.6529
57,v4,v11,40.0,130.03,0.0,1.0,0.6502,0.0,6.1751,False,fuzzy_logic_dynamic_snr,12.3133,0.5643
57,v4,v7,40.0,140.03,0.0,1.0,0.7002,0.0,5.6604,False,fuzzy_logic_dynamic_snr,11.7972,0.5125
58,v1,v2,40.0,40.11,10.0,1.0,0.2006,0.2,11.9393,False,fuzzy_logic_dynamic_snr,18.0764,0.8943
58,v1,v6,40.0,60.07,10.0,1.0,0.3004,0.2,9.1327,False,fuzzy_logic_dynamic_snr,15.271,0.7711
58,v2,v6,20.0,20.0,0.0,0.6,0.1,0.0,-0.8165,False,fuzzy_logic_dynamic_snr,5.3204,0.1691
58,v2,v1,20.0,40.11,10.0,0.6,0.2006,0.2,-8.0607,False,fuzzy_logic_dynamic_snr,-1.9228,0.1148
58,v2,v5,20.0,170.03,30.0,0.6,0.8501,0.6,-20.5047,True,fuzzy_logic_dynamic_snr,8.6453,0.1914
58,v3,v4,20.0,20.22,20.0,0.6,0.1011,0.4,-4.7108,True,fuzzy_logic_dynamic_snr,18.6931,0.7533
58,v3,v8,20.0,60.07,0.0,0.6,0.3004,0.0,-8.4591,True,fuzzy_logic_dynamic_snr,16.6712,0.6594
58,v3,v12,20.0,90.05,10.0,0.6,0.4502,0.2,-13.68,True,fuzzy_logic_dynamic_snr,13.4011,0.4066
58,v3,v11,20.0,150.0,20.0,0.6,0.75,0.4,-18.6344,True,fuzzy_logic_dynamic_snr,9.9834,0.2256
58,v3,v7,20.0,160.0,30.0,0.6,0.8,0.6,-20.0824,True,fuzzy_logic_dynamic_snr,8.9588,0.2064
58,v4,v3,40.0,20.22,20.0,1.0,0.1011,0.4,15.2892,False,fuzzy_logic_dynamic_snr,21.4283,0.9436
58,v4,v8,40.0,40.0,20.0,1.0,0.2,0.4,10.5501,False,fuzzy_logic_dynamic_snr,16.6858,0.8396
58,v4,v12,40.0,70.0,10.0,1.0,0.35,0.2,8.0702,False,fuzzy_logic_dynamic_snr,14.2063,0.7178
58,v4,v11,40.0,130.03,0.0,1.0,0.6502,0.0,6.1751,False,fuzzy_logic_dynamic_snr,12.3116,0.5604
58,v4,v7,40.0,140.03,10.0,1.0,0.7002,0.2,3.2521,False,fuzzy_logic_dynamic_snr,9.3906,0.332
59,v1,v2,40.0,30.15,20.0,1.0,0.1507,0.4,12.5145,False,fuzzy_logic_dynamic_snr,18.651,0.8971
59,v1,v6,40.0,50.09,10.0,1.0,0.2504,0.2,10.3958,False,fuzzy_logic_dynamic_snr,16.5331,0.841
59,v2,v6,20.0,20.0,10.0,0.6,0.1,0.2,-3.2247,False,fuzzy_logic_dynamic_snr,2.9131,0.1389
59,v2,v1,20.0,30.15,20.0,0.6,0.1507,0.4,-7.4855,True,fuzzy_logic_dynamic_snr,17.2184,0.7104
59,v3,v4,20.0,3.0,10.0,0.6,0.015,0.2,9.9578,False,fuzzy_logic_dynamic_snr,16.0963,0.8318
59,v3,v8,20.0,60.07,0.0,0.6,0.3004,0.0,-8.4591,True,fuzzy_logic_dynamic_snr,16.6708,0.6256
59,v3,v12,20.0,80.06,30.0,0.6,0.4003,0.6,-15.2708,True,fuzzy_logic_dynamic_snr,12.3022,0.3424
59,v3,v7,20.0,130.0,0.0,0.6,0.65,0.0,-13.8231,True,fuzzy_logic_dynamic_snr,13.2987,0.4059
59,v3,v11,20.0,130.0,20.0,0.6,0.65,0.4,-17.6401,True,fuzzy_logic_dynamic_snr,10.6047,0.2529
59,v4,v3,40.0,3.0,10.0,1.0,0.015,0.2,29.9578,False,fuzzy_logic_dynamic_snr,36.0977,0.9941
59,v4,v8,40.0,60.0,10.0,1.0,0.3,0.2,9.1413,False,fuzzy_logic_dynamic_snr,15.2802,0.7836
59,v4,v12,40.0,80.0,20.0,1.0,0.4,0.4,5.7336,False,fuzzy_logic_dynamic_snr,11.8728,0.5324
59,v4,v7,40.0,130.03,10.0,1.0,0.6502,0.2,3.7668,False,fuzzy_logic_dynamic_snr,9.9056,0.3455
59,v4,v11,40.0,130.03,10.0,1.0,0.6502,0.2,3.7668,False,fuzzy_logic_dynamic_snr,9.9091,0.3574
60,v1,v2,40.0,10.44,0.0,1.0,0.0522,0.0,23.7006,False,fuzzy_logic_dynamic_snr,29.8371,0.9838
60,v1,v6,40.0,40.11,20.0,1.0,0.2006,0.4,10.5306,False,fuzzy_logic_dynamic_snr,16.6659,0.849
60,v2,v1,20.0,10.44,0.0,0.6,0.0522,0.0,3.7006,False,fuzzy_logic_dynamic_snr,9.8374,0.3525
60,v2,v6,20.0,30.0,20.0,0.6,0.15,0.4,-7.4509,True,fuzzy_logic_dynamic_snr,17.2358,0.6771
60,v3,v4,20.0,10.44,20.0,0.6,0.0522,0.4,-0.1164,True,fuzzy_logic_dynamic_snr,20.5344,0.8332
60,v3,v8,20.0,60.07,30.0,0.6,0.3004,0.6,-13.2756,True,fuzzy_logic_dynamic_snr,13.6621,0.4311
60,v3,v12,20.0,110.04,10.0,0.6,0.5502,0.2,-15.0731,True,fuzzy_logic_dynamic_snr,12.4144,0.3621
60,v3,v7,20.0,130.0,30.0,0.6,0.65,0.6,-18.6396,True,fuzzy_logic_dynamic_snr,9.9159,0.2096
60,v3,v11,20.0,150.0,20.0,0.6,0.75,0.4,-18.6344,True,fuzzy_logic_dynamic_snr,9.943,0.2004
60,v4,v3,40.0,10.44,20.0,1.0,0.0522,0.4,19.8836,False,fuzzy_logic_dynamic_snr,26.0213,0.975
60,v4,v8,40.0,50.0,10.0,1.0,0.25,0.2,10.4082,False,fuzzy_logic_dynamic_snr,16.5453,0.8289
60,v4,v12,40.0,100.0,30.0,1.0,0.5,0.6,3.1835,True,fuzzy_logic_dynamic_snr,21.4134,0.8756
60,v4,v7,40.0,120.04,10.0,1.0,0.6002,0.2,4.3227,False,fuzzy_logic_dynamic_snr,10.4613,0.4125
60,v4,v11,40.0,140.03,0.0,1.0,0.7002,0.0,5.6604,False,fuzzy_logic_dynamic_snr,11.7977,0.5197
61,v1,v2,40.0,10.44,0.0,1.0,0.0522,0.0,23.7006,False,fuzzy_logic_dynamic_snr,29.8358,0.9818
61,v1,v6,40.0,60.07,0.0,1.0,0.3004,0.0,11.5409,False,fuzzy_logic_dynamic_snr,17.6788,0.8818
61,v2,v1,20.0,10.44,0.0,0.6,0.0522,0.0,3.7006,False,fuzzy_logic_dynamic_snr,9.8394,0.3551
61,v2,v6,20.0,50.0,0.0,0.6,0.25,0.0,-7.1835,False,fuzzy_logic_dynamic_snr,-1.0469,0.1236
61,v3,v4,20.0,10.44,10.0,0.6,0.0522,0.2,1.2923,False,fuzzy_logic_dynamic_snr,7.431,0.2293
61,v3,v8,20.0,30.15,10.0,0.6,0.1507,0.2,-6.0768,False,fuzzy_logic_dynamic_snr,0.0623,0.1188
61,v3,v7,20.0,100.0,0.0,0.6,0.5,0.0,-12.0,True,fuzzy_logic_dynamic_snr,14.4641,0.4785
61,v3,v12,20.0,120.04,40.0,0.6,0.6002,0.8,-18.8608,True,fuzzy_logic_dynamic_snr,9.786,0.2117
61,v3,v11,20.0,130.0,0.0,0.6,0.65,0.0,-13.8231,True,fuzzy_logic_dynamic_snr,13.2746,0.4102
61,v4,v3,40.0,10.44,10.0,1.0,0.0522,0.2,21.2923,False,fuzzy_logic_dynamic_snr,27.4303,0.9779
61,v4,v8,40.0,40.0,0.0,1.0,0.2,0.0,14.367,False,fuzzy_logic_dynamic_snr,20.5057,0.9254
61,v4,v7,40.0,110.04,10.0,1.0,0.5502,0.2,4.9269,False,fuzzy_logic_dynamic_snr,11.0658,0.4547
61,v4,v12,40.0,130.0,30.0,1.0,0.65,0.6,1.3604,True,fuzzy_logic_dynamic_snr,20.9911,0.8545
61,v4,v11,40.0,140.03,10.0,1.0,0.7002,0.2,3.2521,False,fuzzy_logic_dynamic_snr,9.3905,0.3266
62,v1,v2,40.0,10.44,30.0,1.0,0.0522,0.6,18.8841,False,fuzzy_logic_dynamic_snr,25.0217,0.9686
62,v1,v6,40.0,60.07,0.0,1.0,0.3004,0.0,11.5409,False,fuzzy_logic_dynamic_snr,17.6789,0.8756
62,v2,v1,20.0,10.44,30.0,0.6,0.0522,0.6,-1.1159,True,fuzzy_logic_dynamic_snr,20.2071,0.8271
62,v2,v6,20.0,50.0,30.0,0.6,0.25,0.6,-12.0,True,fuzzy_logic_dynamic_snr,14.4855,0.4746
62,v3,v4,20.0,3.0,10.0,0.6,0.015,0.2,9.9578,False,fuzzy_logic_dynamic_snr,16.0961,0.8148
62,v3,v8,20.0,40.11,10.0,0.6,0.2006,0.2,-8.0607,False,fuzzy_logic_dynamic_snr,-1.9235,0.1109
62,v3,v7,20.0,100.0,10.0,0.6,0.5,0.2,-14.4082,True,fuzzy_logic_dynamic_snr,12.8816,0.376
62,v3,v11,20.0,130.0,10.0,0.6,0.65,0.2,-16.2313,True,fuzzy_logic_dynamic_snr,11.6348,0.2865
62,v3,v12,20.0,160.03,20.0,0.6,0.8001,0.4,-19.0841,True,fuzzy_logic_dynamic_snr,9.619,0.2234
62,v4,v3,40.0,3.0,10.0,1.0,0.015,0.2,29.9578,False,fuzzy_logic_dynamic_snr,36.0948,0.9922
62,v4,v8,40.0,40.0,20.0,1.0,0.2,0.4,10.5501,False,fuzzy_logic_dynamic_snr,16.6877,0.8469
62,v4,v7,40.0,100.04,0.0,1.0,0.5002,0.0,7.9969,False,fuzzy_logic_dynamic_snr,14.1347,0.7332
62,v4,v11,40.0,130.03,0.0,1.0,0.6502,0.0,6.1751,False,fuzzy_logic_dynamic_snr,12.313,0.5674
62,v4,v12,40.0,160.0,10.0,1.0,0.8,0.2,2.3258,True,fuzzy_logic_dynamic_snr,21.2249,0.8623
63,v1,v2,40.0,20.22,40.0,1.0,0.1011,0.8,13.5145,True,fuzzy_logic_dynamic_snr,22.3727,0.8994
63,v1,v6,40.0,60.07,30.0,1.0,0.3004,0.6,6.7244,False,fuzzy_logic_dynamic_snr,12.8621,0.6203
63,v2,v1,20.0,20.22,40.0,0.6,0.1011,0.8,-6.4855,True,fuzzy_logic_dynamic_snr,17.7735,0.6924
63,v2,v6,20.0,80.0,10.0,0.6,0.4,0.2,-12.8577,True,fuzzy_logic_dynamic_snr,13.94,0.434
63,v3,v4,20.0,10.44,10.0,0.6,0.0522,0.2,1.2923,False,fuzzy_logic_dynamic_snr,7.4303,0.2131
63,v3,v8,20.0,50.09,20.0,0.6,0.2504,0.4,-11.013,True,fuzzy_logic_dynamic_snr,15.125,0.5371
63,v3,v7,20.0,90.0,10.0,0.6,0.45,0.2,-13.6761,True,fuzzy_logic_dynamic_snr,13.3732,0.4098
63,v3,v11,20.0,120.0,10.0,0.6,0.6,0.2,-15.6751,True,fuzzy_logic_dynamic_snr,11.9836,0.3191
63,v3,v12,20.0,140.03,0.0,0.6,0.7002,0.0,-14.3396,True,fuzzy_logic_dynamic_snr,12.9146,0.3943
63,v4,v3,40.0,10.44,10.0,1.0,0.0522,0.2,21.2923,False,fuzzy_logic_dynamic_snr,27.4309,0.9756
63,v4,v8,40.0,60.0,30.0,1.0,0.3,0.6,6.7331,False,fuzzy_logic_dynamic_snr,12.8697,0.6063
63,v4,v7,40.0,100.04,0.0,1.0,0.5002,0.0,7.9969,False,fuzzy_logic_dynamic_snr,14.133,0.7041
63,v4,v11,40.0,130.03,20.0,1.0,0.6502,0.4,2.3581,True,fuzzy_logic_dynamic_snr,21.242,0.8639
63,v4,v12,40.0,150.0,10.0,1.0,0.75,0.2,2.7743,False,fuzzy_logic_dynamic_snr,8.9106,0.293
64,v1,v6,40.0,30.15,10.0,1.0,0.1507,0.2,13.9232,False,fuzzy_logic_dynamic_snr,20.0612,0.9338
64,v1,v2,40.0,60.07,20.0,1.0,0.3004,0.4,7.7239,False,fuzzy_logic_dynamic_snr,13.8614,0.7059
64,v2,v1,20.0,60.07,20.0,0.6,0.3004,0.4,-12.2761,True,fuzzy_logic_dynamic_snr,14.3079,0.4705
64,v2,v6,20.0,90.0,10.0,0.6,0.45,0.2,-13.6761,True,fuzzy_logic_dynamic_snr,13.3928,0.392
64,v3,v4,20.0,20.22,10.0,0.6,0.1011,0.2,-3.302,False,fuzzy_logic_dynamic_snr,2.8371,0.1393
64,v3,v8,20.0,70.06,10.0,0.6,0.3503,0.2,-11.9362,True,fuzzy_logic_dynamic_snr,14.5532,0.4979
64,v3,v7,20.0,80.0,0.0,0.6,0.4,0.0,-10.4494,True,fuzzy_logic_dynamic_snr,15.4826,0.543
64,v3,v11,20.0,130.0,20.0,0.6,0.65,0.4,-17.6401,True,fuzzy_logic_dynamic_snr,10.64,0.2486
64,v3,v12,20.0,140.03,10.0,0.6,0.7002,0.2,-16.7479,True,fuzzy_logic_dynamic_snr,11.2712,0.2854
64,v4,v3,40.0,20.22,10.0,1.0,0.1011,0.2,16.698,False,fuzzy_logic_dynamic_snr,22.8379,0.9643
64,v4,v8,40.0,90.0,20.0,1.0,0.45,0.4,4.9151,False,fuzzy_logic_dynamic_snr,11.0523,0.4541
64,v4,v7,40.0,100.04,10.0,1.0,0.5002,0.2,5.5886,False,fuzzy_logic_dynamic_snr,11.7269,0.5094
64,v4,v11,40.0,150.03,30.0,1.0,0.7501,0.6,0.3647,True,fuzzy_logic_dynamic_snr,20.6837,0.8604
64,v4,v12,40.0,160.0,20.0,1.0,0.8,0.4,0.9171,True,fuzzy_logic_dynamic_snr,20.8798,0.8635
65,v1,v6,40.0,20.22,10.0,1.0,0.1011,0.2,16.698,False,fuzzy_logic_dynamic_snr,22.8369,0.948
65,v1,v2,40.0,80.06,20.0,1.0,0.4003,0.4,5.7287,False,fuzzy_logic_dynamic_snr,11.8686,0.5311
65,v2,v1,20.0,80.06,20.0,0.6,0.4003,0.4,-14.2713,True,fuzzy_logic_dynamic_snr,13.01,0.3598
65,v2,v6,20.0,100.0,30.0,0.6,0.5,0.6,-16.8165,True,fuzzy_logic_dynamic_snr,11.1941,0.2777
65,v3,v4,20.0,30.15,40.0,0.6,0.1507,0.8,-9.2603,True,fuzzy_logic_dynamic_snr,16.1779,0.6197
65,v3,v7,20.0,80.0,20.0,0.6,0.4,0.4,-14.2664,True,fuzzy_logic_dynamic_snr,12.9695,0.3672
65,v3,v8,20.0,80.06,30.0,0.6,0.4003,0.6,-15.2708,True,fuzzy_logic_dynamic_snr,12.3117,0.3156
65,v3,v11,20.0,150.0,30.0,0.6,0.75,0.6,-19.6339,True,fuzzy_logic_dynamic_snr,9.2872,0.1988
65,v3,v12,20.0,150.03,30.0,0.6,0.7501,0.6,-19.6353,True,fuzzy_logic_dynamic_snr,9.2756,0.2
65,v4,v3,40.0,30.15,40.0,1.0,0.1507,0.8,10.7397,True,fuzzy_logic_dynamic_snr,22.2696,0.8898
65,v4,v8,40.0,110.0,10.0,1.0,0.55,0.2,4.9295,False,fuzzy_logic_dynamic_snr,11.067,0.435
65,v4,v7,40.0,110.04,20.0,1.0,0.5502,0.4,3.5182,False,fuzzy_logic_dynamic_snr,9.6548,0.3283
65,v4,v12,40.0,180.0,10.0,1.0,0.9,0.2,1.5074,True,fuzzy_logic_dynamic_snr,21.0283,0.852
65,v4,v11,40.0,180.02,10.0,1.0,0.9001,0.2,1.5064,True,fuzzy_logic_dynamic_snr,21.0289,0.858
66,v1,v6,40.0,10.44,20.0,1.0,0.0522,0.4,19.8836,False,fuzzy_logic_dynamic_snr,26.0223,0.973
66,v1,v2,40.0,60.07,20.0,1.0,0.3004,0.4,7.7239,False,fuzzy_logic_dynamic_snr,13.862,0.6953
66,v2,v1,20.0,60.07,20.0,0.6,0.3004,0.4,-12.2761,True,fuzzy_logic_dynamic_snr,14.304,0.4869
66,v2,v6,20.0,70.0,0.0,0.6,0.35,0.0,-9.5216,True,fuzzy_logic_dynamic_snr,16.0573,0.6115
66,v3,v4,20.0,10.44,10.0,0.6,0.0522,0.2,1.2923,False,fuzzy_logic_dynamic_snr,7.4308,0.2232
66,v3,v7,20.0,100.0,20.0,0.6,0.5,0.4,-15.817,True,fuzzy_logic_dynamic_snr,11.9383,0.3023
66,v3,v8,20.0,110.04,0.0,0.6,0.5502,0.0,-12.6649,True,fuzzy_logic_dynamic_snr,14.0646,0.4648
66,v3,v11,20.0,180.0,30.0,0.6,0.9,0.6,-20.9008,True,fuzzy_logic_dynamic_snr,8.4019,0.1729
66,v3,v12,20.0,180.02,10.0,0.6,0.9001,0.2,-18.4936,True,fuzzy_logic_dynamic_snr,10.0493,0.2129
66,v4,v3,40.0,10.44,10.0,1.0,0.0522,0.2,21.2923,False,fuzzy_logic_dynamic_snr,27.4307,0.9799
66,v4,v7,40.0,90.05,30.0,1.0,0.4502,0.6,3.9118,True,fuzzy_logic_dynamic_snr,21.552,0.8854
66,v4,v8,40.0,100.0,10.0,1.0,0.5,0.2,5.5918,False,fuzzy_logic_dynamic_snr,11.7279,0.5115
66,v4,v12,40.0,170.0,20.0,1.0,0.85,0.4,0.4958,True,fuzzy_logic_dynamic_snr,20.7409,0.8402
66,v4,v11,40.0,170.03,40.0,1.0,0.8501,0.8,-1.28,True,fuzzy_logic_dynamic_snr,20.1704,0.8357
67,v1,v6,40.0,30.15,30.0,1.0,0.1507,0.6,11.515,False,fuzzy_logic_dynamic_snr,17.655,0.8773
67,v1,v2,40.0,40.11,30.0,1.0,0.2006,0.6,9.5311,False,fuzzy_logic_dynamic_snr,15.6703,0.807
67,v2,v1,20.0,40.11,30.0,0.6,0.2006,0.6,-10.4689,True,fuzzy_logic_dynamic_snr,15.4391,0.5662
67,v2,v6,20.0,70.0,0.0,0.6,0.35,0.0,-9.5216,True,fuzzy_logic_dynamic_snr,16.0239,0.6029
67,v3,v4,20.0,20.22,10.0,0.6,0.1011,0.2,-3.302,False,fuzzy_logic_dynamic_snr,2.8365,0.1379
67,v3,v7,20.0,80.0,40.0,0.6,0.4,0.8,-16.0412,True,fuzzy_logic_dynamic_snr,11.7657,0.2814
67,v3,v8,20.0,110.04,20.0,0.6,0.5502,0.4,-16.4818,True,fuzzy_logic_dynamic_snr,11.4437,0.2783
67,v3,v11,20.0,150.0,0.0,0.6,0.75,0.0,-14.8175,True,fuzzy_logic_dynamic_snr,12.6281,0.3625
67,v3,v12,20.0,170.03,20.0,0.6,0.8501,0.4,-19.5052,True,fuzzy_logic_dynamic_snr,9.2862,0.2221
67,v4,v3,40.0,20.22,10.0,1.0,0.1011,0.2,16.698,False,fuzzy_logic_dynamic_snr,22.8348,0.9447
67,v4,v7,40.0,60.07,30.0,1.0,0.3004,0.6,6.7244,False,fuzzy_logic_dynamic_snr,12.8612,0.6049
67,v4,v8,40.0,90.0,10.0,1.0,0.45,0.2,6.3239,False,fuzzy_logic_dynamic_snr,12.4625,0.5832
67,v4,v11,40.0,130.03,10.0,1.0,0.6502,0.2,3.7668,False,fuzzy_logic_dynamic_snr,9.9028,0.3557
67,v4,v12,40.0,150.0,10.0,1.0,0.75,0.2,2.7743,False,fuzzy_logic_dynamic_snr,8.912,0.2895
68,v1,v6,40.0,3.0,40.0,1.0,0.015,0.8,26.7743,True,fuzzy_logic_dynamic_snr,22.4913,0.9018
68,v1,v2,40.0,70.06,10.0,1.0,0.3503,0.2,8.0638,False,fuzzy_logic_dynamic_snr,14.2022,0.7184
68,v1,v13,40.0,180.0,30.0,1.0,0.9,0.6,-0.9008,True,fuzzy_logic_dynamic_snr,20.2901,0.8293
68,v2,v6,20.0,70.0,30.0,0.6,0.35,0.6,-14.338,True,fuzzy_logic_dynamic_snr,12.9361,0.3824
68,v2,v1,20.0,70.06,10.0,0.6,0.3503,0.2,-11.9362,True,fuzzy_logic_dynamic_snr,14.5262,0.4805
68,v3,v4,20.0,10.44,30.0,0.6,0.0522,0.6,-1.1159,True,fuzzy_logic_dynamic_snr,20.1959,0.8314
68,v3,v7,20.0,40.0,10.0,0.6,0.2,0.2,-8.0412,False,fuzzy_logic_dynamic_snr,-1.9028,0.107
68,v3,v8,20.0,90.05,10.0,0.6,0.4502,0.2,-13.68,True,fuzzy_logic_dynamic_snr,13.3448,0.4049
68,v3,v11,20.0,150.0,0.0,0.6,0.75,0.0,-14.8175,True,fuzzy_logic_dynamic_snr,12.6103,0.34
68,v3,v12,20.0,150.03,10.0,0.6,0.7501,0.2,-17.2271,True,fuzzy_logic_dynamic_snr,10.8964,0.2527
68,v4,v3,40.0,10.44,30.0,1.0,0.0522,0.6,18.8841,False,fuzzy_logic_dynamic_snr,25.0222,0.9736
68,v4,v7,40.0,30.15,20.0,1.0,0.1507,0.4,12.5145,False,fuzzy_logic_dynamic_snr,18.6534,0.8984
68,v4,v8,40.0,80.0,40.0,1.0,0.4,0.8,3.9588,True,fuzzy_logic_dynamic_snr,21.5633,0.8699
68,v4,v12,40.0,140.0,20.0,1.0,0.7,0.4,1.845,True,fuzzy_logic_dynamic_snr,21.1201,0.8537
68,v4,v11,40.0,140.03,30.0,1.0,0.7002,0.6,0.8439,True,fuzzy_logic_dynamic_snr,20.8432,0.843
69,v1,v6,40.0,40.11,30.0,1.0,0.2006,0.6,9.5311,False,fuzzy_logic_dynamic_snr,15.6687,0.8063
69,v1,v2,40.0,80.06,10.0,1.0,0.4003,0.2,7.1374,False,fuzzy_logic_dynamic_snr,13.2752,0.6346
69,v1,v13,40.0,150.0,0.0,1.0,0.75,0.0,5.1825,False,fuzzy_logic_dynamic_snr,11.319,0.4842
69,v2,v6,20.0,40.0,20.0,0.6,0.2,0.4,-9.4499,True,fuzzy_logic_dynamic_snr,16.0831,0.5932
69,v2,v1,20.0,80.06,10.0,0.6,0.4003,0.2,-12.8626,True,fuzzy_logic_dynamic_snr,13.9256,0.4469
69,v3,v4,20.0,40.11,30.0,0.6,0.2006,0.6,-10.4689,True,fuzzy_logic_dynamic_snr,15.435,0.5424
69,v3,v7,20.0,50.0,20.0,0.6,0.25,0.4,-11.0005,True,fuzzy_logic_dynamic_snr,15.1411,0.5365
69,v3,v8,20.0,80.06,0.0,0.6,0.4003,0.0,-10.4543,True,fuzzy_logic_dynamic_snr,15.4543,0.5607
69,v3,v11,20.0,150.0,30.0,0.6,0.75,0.6,-19.6339,True,fuzzy_logic_dynamic_snr,9.2066,0.2188
69,v3,v12,20.0,160.03,10.0,0.6,0.8001,0.2,-17.6754,True,fuzzy_logic_dynamic_snr,10.6553,0.2508
69,v4,v7,40.0,10.44,10.0,1.0,0.0522,0.2,21.2923,False,fuzzy_logic_dynamic_snr,27.4282,0.977
69,v4,v8,40.0,40.0,30.0,1.0,0.2,0.6,9.5506,False,fuzzy_logic_dynamic_snr,15.688,0.8021
69,v4,v3,40.0,40.11,30.0,1.0,0.2006,0.6,9.5311,False,fuzzy_logic_dynamic_snr,15.667,0.785
69,v4,v11,40.0,110.04,0.0,1.0,0.5502,0.0,7.3351,False,fuzzy_logic_dynamic_snr,13.4724,0.6672
69,v4,v12,40.0,120.0,20.0,1.0,0.6,0.4,2.9161,False,fuzzy_logic_dynamic_snr,9.0553,0.309
70,v1,v6,40.0,70.06,10.0,1.0,0.3503,0.2,8.0638,False,fuzzy_logic_dynamic_snr,14.1997,0.715
70,v1,v2,40.0,90.05,0.0,1.0,0.4502,0.0,8.7283,False,fuzzy_logic_dynamic_snr,14.8657,0.7635
70,v1,v13,40.0,150.0,30.0,1.0,0.75,0.6,0.3661,True,fuzzy_logic_dynamic_snr,20.7062,0.8498
70,v1,v5,40.0,180.0,30.0,1.0,0.9,0.6,-0.9008,True,fuzzy_logic_dynamic_snr,20.2702,0.8416
70,v2,v6,20.0,20.0,10.0,0.6,0.1,0.2,-3.2247,False,fuzzy_logic_dynamic_snr,2.9114,0.1438
70,v2,v1,20.0,90.05,0.0,0.6,0.4502,0.0,-11.2717,True,fuzzy_logic_dynamic_snr,14.9495,0.5264
70,v3,v7,20.0,70.0,30.0,0.6,0.35,0.6,-14.338,True,fuzzy_logic_dynamic_snr,12.9458,0.3662
70,v3,v4,20.0,70.06,10.0,0.6,0.3503,0.2,-11.9362,True,fuzzy_logic_dynamic_snr,14.5284,0.4721
70,v3,v8,20.0,80.06,10.0,0.6,0.4003,0.2,-12.8626,True,fuzzy_logic_dynamic_snr,13.9086,0.4512
70,v3,v12,20.0,170.03,0.0,0.6,0.8501,0.0,-15.6883,True,fuzzy_logic_dynamic_snr,12.0095,0.3387
70,v3,v11,20.0,180.0,10.0,0.6,0.9,0.2,-18.4926,True,fuzzy_logic_dynamic_snr,10.044,0.242
70,v4,v7,40.0,3.0,20.0,1.0,0.015,0.4,28.5491,False,fuzzy_logic_dynamic_snr,34.6853,0.9932
70,v4,v8,40.0,10.0,0.0,1.0,0.05,0.0,24.0,False,fuzzy_logic_dynamic_snr,30.1395,0.9857
70,v4,v3,40.0,70.06,10.0,1.0,0.3503,0.2,8.0638,False,fuzzy_logic_dynamic_snr,14.1999,0.7236
70,v4,v12,40.0,100.0,10.0,1.0,0.5,0.2,5.5918,False,fuzzy_logic_dynamic_snr,11.7303,0.5189
70,v4,v11,40.0,110.04,0.0,1.0,0.5502,0.0,7.3351,False,fuzzy_logic_dynamic_snr,13.4739,0.6629
71,v1,v6,40.0,60.07,30.0,1.0,0.3004,0.6,6.7244,False,fuzzy_logic_dynamic_snr,12.8635,0.6012
71,v1,v2,40.0,90.05,0.0,1.0,0.4502,0.0,8.7283,False,fuzzy_logic_dynamic_snr,14.8647,0.7525
71,v1,v13,40.0,180.0,30.0,1.0,0.9,0.6,-0.9008,True,fuzzy_logic_dynamic_snr,20.3087,0.823
71,v2,v6,20.0,30.0,30.0,0.6,0.15,0.6,-8.4504,True,fuzzy_logic_dynamic_snr,16.6995,0.6529
71,v2,v1,20.0,90.05,0.0,0.6,0.4502,0.0,-11.2717,True,fuzzy_logic_dynamic_snr,14.9672,0.516
71,v3,v7,20.0,40.0,30.0,0.6,0.2,0.6,-10.4494,True,fuzzy_logic_dynamic_snr,15.4836,0.5471
71,v3,v4,20.0,60.07,30.0,0.6,0.3004,0.6,-13.2756,True,fuzzy_logic_dynamic_snr,13.6484,0.4148
71,v3,v8,20.0,70.06,0.0,0.6,0.3503,0.0,-9.5279,True,fuzzy_logic_dynamic_snr,16.0404,0.6002
71,v3,v11,20.0,170.0,20.0,0.6,0.85,0.4,-19.5042,True,fuzzy_logic_dynamic_snr,9.3608,0.2119
71,v3,v12,20.0,170.03,30.0,0.6,0.8501,0.6,-20.5047,True,fuzzy_logic_dynamic_snr,8.6278,0.1752
71,v4,v8,40.0,10.0,30.0,1.0,0.05,0.6,19.1835,False,fuzzy_logic_dynamic_snr,25.3222,0.9701
71,v4,v7,40.0,20.22,0.0,1.0,0.1011,0.0,19.1062,False,fuzzy_logic_dynamic_snr,25.2406,0.9701
71,v4,v3,40.0,60.07,30.0,1.0,0.3004,0.6,6.7244,False,fuzzy_logic_dynamic_snr,12.8629,0.6111
71,v4,v12,40.0,110.0,0.0,1.0,0.55,0.0,7.3377,False,fuzzy_logic_dynamic_snr,13.4771,0.6686
71,v4,v11,40.0,110.04,10.0,1.0,0.5502,0.2,4.9269,False,fuzzy_logic_dynamic_snr,11.0637,0.4438
72,v1,v2,40.0,90.05,0.0,1.0,0.4502,0.0,8.7283,False,fuzzy_logic_dynamic_snr,14.8658,0.7576
72,v1,v6,40.0,90.05,10.0,1.0,0.4502,0.2,6.32,False,fuzzy_logic_dynamic_snr,12.4571,0.5891
72,v1,v13,40.0,150.0,10.0,1.0,0.75,0.2,2.7743,False,fuzzy_logic_dynamic_snr,8.9124,0.3018
72,v2,v6,20.0,0.0,10.0,0.6,0.0,0.2,33.5918,False,fuzzy_logic_dynamic_snr,39.7281,0.9971
72,v2,v1,20.0,90.05,0.0,0.6,0.4502,0.0,-11.2717,True,fuzzy_logic_dynamic_snr,14.9749,0.5225
72,v3,v7,20.0,70.0,30.0,0.6,0.35,0.6,-14.338,True,fuzzy_logic_dynamic_snr,12.9354,0.3756
72,v3,v8,20.0,70.06,10.0,0.6,0.3503,0.2,-11.9362,True,fuzzy_logic_dynamic_snr,14.5216,0.4775
72,v3,v4,20.0,90.05,10.0,0.6,0.4502,0.2,-13.68,True,fuzzy_logic_dynamic_snr,13.3872,0.3865
72,v3,v11,20.0,190.0,10.0,0.6,0.95,0.2,-18.8683,True,fuzzy_logic_dynamic_snr,9.8158,0.2172
72,v4,v8,40.0,20.0,20.0,1.0,0.1,0.4,15.3666,False,fuzzy_logic_dynamic_snr,21.5048,0.9482
72,v4,v7,40.0,20.22,40.0,1.0,0.1011,0.8,13.5145,True,fuzzy_logic_dynamic_snr,22.3769,0.8965
72,v4,v3,40.0,90.05,10.0,1.0,0.4502,0.2,6.32,False,fuzzy_logic_dynamic_snr,12.4553,0.5783
72,v4,v11,40.0,100.04,20.0,1.0,0.5002,0.4,4.1799,False,fuzzy_logic_dynamic_snr,10.3165,0.4033
72,v4,v12,40.0,110.0,0.0,1.0,0.55,0.0,7.3377,False,fuzzy_logic_dynamic_snr,13.4771,0.6615
73,v1,v2,40.0,90.05,0.0,1.0,0.4502,0.0,8.7283,False,fuzzy_logic_dynamic_snr,14.8644,0.7775
73,v1,v6,40.0,100.04,30.0,1.0,0.5002,0.6,3.1804,True,fuzzy_logic_dynamic_snr,21.4033,0.8756
73,v1,v13,40.0,140.0,40.0,1.0,0.7,0.8,0.0702,True,fuzzy_logic_dynamic_snr,20.6068,0.8254
73,v1,v5,40.0,200.0,0.0,1.0,1.0,0.0,3.1835,True,fuzzy_logic_dynamic_snr,21.413,0.8715
73,v2,v6,20.0,10.0,30.0,0.6,0.05,0.6,-0.8165,True,fuzzy_logic_dynamic_snr,20.335,0.8271
73,v2,v1,20.0,90.05,0.0,0.6,0.4502,0.0,-11.2717,True,fuzzy_logic_dynamic_snr,14.9906,0.5258
73,v3,v7,20.0,40.0,40.0,0.6,0.2,0.8,-11.2247,True,fuzzy_logic_dynamic_snr,14.9687,0.5373
73,v3,v8,20.0,60.07,0.0,0.6,0.3004,0.0,-8.4591,True,fuzzy_logic_dynamic_snr,16.6774,0.6377
73,v3,v4,20.0,100.04,30.0,0.6,0.5002,0.6,-16.8196,True,fuzzy_logic_dynamic_snr,11.1977,0.2684
73,v3,v11,20.0,180.0,30.0,0.6,0.9,0.6,-20.9008,True,fuzzy_logic_dynamic_snr,8.4072,0.1906
73,v4,v8,40.0,40.0,30.0,1.0,0.2,0.6,9.5506,False,fuzzy_logic_dynamic_snr,15.6869,0.8051
73,v4,v7,40.0,60.07,10.0,1.0,0.3004,0.2,9.1327,False,fuzzy_logic_dynamic_snr,15.2688,0.7723
73,v4,v11,40.0,80.06,0.0,1.0,0.4003,0.0,9.5457,False,fuzzy_logic_dynamic_snr,15.6872,0.8123
73,v4,v3,40.0,100.04,30.0,1.0,0.5002,0.6,3.1804,True,fuzzy_logic_dynamic_snr,21.4136,0.8684
73,v4,v12,40.0,110.0,30.0,1.0,0.55,0.6,2.5212,True,fuzzy_logic_dynamic_snr,21.2728,0.8678
74,v1,v6,40.0,70.06,10.0,1.0,0.3503,0.2,8.0638,False,fuzzy_logic_dynamic_snr,14.2023,0.716
74,v1,v2,40.0,90.05,20.0,1.0,0.4502,0.4,4.9113,False,fuzzy_logic_dynamic_snr,11.0488,0.4654
74,v1,v13,40.0,180.0,40.0,1.0,0.9,0.8,-1.6761,True,fuzzy_logic_dynamic_snr,20.0044,0.8186
74,v1,v5,40.0,200.0,0.0,1.0,1.0,0.0,3.1835,True,fuzzy_logic_dynamic_snr,21.4075,0.8734
74,v2,v6,20.0,20.0,10.0,0.6,0.1,0.2,-3.2247,False,fuzzy_logic_dynamic_snr,2.9118,0.1408
74,v2,v1,20.0,90.05,20.0,0.6,0.4502,0.4,-15.0887,True,fuzzy_logic_dynamic_snr,12.423,0.3521
74,v3,v7,20.0,0.0,20.0,0.6,0.0,0.4,32.183,True,fuzzy_logic_dynamic_snr,22.4954,0.9027
74,v3,v8,20.0,60.07,0.0,0.6,0.3004,0.0,-8.4591,True,fuzzy_logic_dynamic_snr,16.6741,0.6543
74,v3,v4,20.0,70.06,30.0,0.6,0.3503,0.6,-14.3444,True,fuzzy_logic_dynamic_snr,12.9626,0.3783
74,v3,v11,20.0,150.0,20.0,0.6,0.75,0.4,-18.6344,True,fuzzy_logic_dynamic_snr,9.9559,0.2205
74,v4,v8,40.0,10.0,30.0,1.0,0.05,0.6,19.1835,False,fuzzy_logic_dynamic_snr,25.3241,0.9721
74,v4,v3,40.0,70.06,30.0,1.0,0.3503,0.6,5.6556,False,fuzzy_logic_dynamic_snr,11.7961,0.4969
74,v4,v7,40.0,70.06,10.0,1.0,0.3503,0.2,8.0638,False,fuzzy_logic_dynamic_snr,14.2021,0.7117
74,v4,v11,40.0,80.06,10.0,1.0,0.4003,0.2,7.1374,False,fuzzy_logic_dynamic_snr,13.2739,0.6453
74,v4,v12,40.0,140.0,20.0,1.0,0.7,0.4,1.845,True,fuzzy_logic_dynamic_snr,21.1154,0.8543
75,v1,v6,40.0,80.06,10.0,1.0,0.4003,0.2,7.1374,False,fuzzy_logic_dynamic_snr,13.2755,0.66
75,v1,v2,40.0,110.04,40.0,1.0,0.5502,0.8,1.7434,True,fuzzy_logic_dynamic_snr,21.0818,0.8564
75,v1,v13,40.0,140.0,20.0,1.0,0.7,0.4,1.845,True,fuzzy_logic_dynamic_snr,21.1162,0.8715
75,v1,v14,40.0,170.03,30.0,1.0,0.8501,0.6,-0.5047,True,fuzzy_logic_dynamic_snr,20.4284,0.8404
75,v1,v5,40.0,200.0,30.0,1.0,1.0,0.6,-1.633,True,fuzzy_logic_dynamic_snr,20.0295,0.8254
75,v2,v6,20.0,30.0,30.0,0.6,0.15,0.6,-8.4504,True,fuzzy_logic_dynamic_snr,16.6581,0.6299
75,v2,v1,20.0,110.04,40.0,0.6,0.5502,0.8,-18.2566,True,fuzzy_logic_dynamic_snr,10.2097,0.2557
75,v3,v7,20.0,20.0,20.0,0.6,0.1,0.4,-4.6334,True,fuzzy_logic_dynamic_snr,18.7325,0.7754
75,v3,v8,20.0,60.07,10.0,0.6,0.3004,0.2,-10.8673,True,fuzzy_logic_dynamic_snr,15.196,0.5129
75,v3,v4,20.0,100.04,20.0,0.6,0.5002,0.4,-15.8201,True,fuzzy_logic_dynamic_snr,11.9272,0.3262
75,v3,v11,20.0,170.0,20.0,0.6,0.85,0.4,-19.5042,True,fuzzy_logic_dynamic_snr,9.3547,0.2283
75,v4,v8,40.0,40.0,10.0,1.0,0.2,0.2,11.9588,False,fuzzy_logic_dynamic_snr,18.0956,0.893
75,v4,v11,40.0,70.06,0.0,1.0,0.3503,0.0,10.4721,False,fuzzy_logic_dynamic_snr,16.6106,0.8436
75,v4,v7,40.0,80.06,0.0,1.0,0.4003,0.0,9.5457,False,fuzzy_logic_dynamic_snr,15.6832,0.7994
75,v4,v3,40.0,100.04,20.0,1.0,0.5002,0.4,4.1799,False,fuzzy_logic_dynamic_snr,10.3185,0.3854
75,v4,v12,40.0,120.0,30.0,1.0,0.6,0.6,1.9166,True,fuzzy_logic_dynamic_snr,21.1107,0.8592
76,v1,v6,40.0,90.05,20.0,1.0,0.4502,0.4,4.9113,False,fuzzy_logic_dynamic_snr,11.0484,0.4484
76,v1,v13,40.0,120.0,20.0,1.0,0.6,0.4,2.9161,False,fuzzy_logic_dynamic_snr,9.0563,0.3068
76,v1,v14,40.0,140.03,0.0,1.0,0.7002,0.0,5.6604,False,fuzzy_logic_dynamic_snr,11.7978,0.5219
76,v1,v2,40.0,150.03,0.0,1.0,0.7501,0.0,5.1812,False,fuzzy_logic_dynamic_snr,11.318,0.483
76,v1,v5,40.0,170.0,0.0,1.0,0.85,0.0,4.3128,True,fuzzy_logic_dynamic_snr,21.6322,0.8744
76,v2,v6,20.0,60.0,20.0,0.6,0.3,0.4,-12.2674,True,fuzzy_logic_dynamic_snr,14.307,0.4656
76,v2,v1,20.0,150.03,0.0,0.6,0.7501,0.0,-14.8188,True,fuzzy_logic_dynamic_snr,12.6135,0.3715
76,v3,v7,20.0,0.0,10.0,0.6,0.0,0.2,33.5918,False,fuzzy_logic_dynamic_snr,39.7304,0.9951
76,v3,v8,20.0,50.09,40.0,0.6,0.2504,0.8,-12.7878,True,fuzzy_logic_dynamic_snr,13.9828,0.4555
76,v3,v4,20.0,80.06,30.0,0.6,0.4003,0.6,-15.2708,True,fuzzy_logic_dynamic_snr,12.3086,0.3318
76,v3,v11,20.0,150.0,40.0,0.6,0.75,0.8,-20.4092,True,fuzzy_logic_dynamic_snr,8.7392,0.173
76,v4,v8,40.0,30.0,10.0,1.0,0.15,0.2,13.9578,False,fuzzy_logic_dynamic_snr,20.0941,0.934
76,v4,v11,40.0,70.06,10.0,1.0,0.3503,0.2,8.0638,False,fuzzy_logic_dynamic_snr,14.202,0.7129
76,v4,v3,40.0,80.06,30.0,1.0,0.4003,0.6,4.7292,False,fuzzy_logic_dynamic_snr,10.8671,0.4525
76,v4,v7,40.0,80.06,20.0,1.0,0.4003,0.4,5.7287,False,fuzzy_logic_dynamic_snr,11.8669,0.5455
76,v4,v12,40.0,150.0,10.0,1.0,0.75,0.2,2.7743,False,fuzzy_logic_dynamic_snr,8.913,0.3037
77,v1,v13,40.0,100.0,0.0,1.0,0.5,0.0,8.0,False,fuzzy_logic_dynamic_snr,14.1385,0.7215
77,v1,v6,40.0,110.04,10.0,1.0,0.5502,0.2,4.9269,False,fuzzy_logic_dynamic_snr,11.0641,0.4574
77,v1,v14,40.0,140.03,20.0,1.0,0.7002,0.4,1.8434,True,fuzzy_logic_dynamic_snr,21.0939,0.8619
77,v1,v2,40.0,150.03,0.0,1.0,0.7501,0.0,5.1812,False,fuzzy_logic_dynamic_snr,11.3204,0.4934
77,v1,v5,40.0,170.0,20.0,1.0,0.85,0.4,0.4958,True,fuzzy_logic_dynamic_snr,20.7476,0.8504
77,v2,v6,20.0,40.0,10.0,0.6,0.2,0.2,-8.0412,False,fuzzy_logic_dynamic_snr,-1.9029,0.11
77,v2,v1,20.0,150.03,0.0,0.6,0.7501,0.0,-14.8188,True,fuzzy_logic_dynamic_snr,12.6163,0.3348
77,v3,v7,20.0,10.0,10.0,0.6,0.05,0.2,1.5918,False,fuzzy_logic_dynamic_snr,7.7303,0.242
77,v3,v8,20.0,10.44,30.0,0.6,0.0522,0.6,-1.1159,True,fuzzy_logic_dynamic_snr,20.2139,0.8268
77,v3,v4,20.0,50.09,40.0,0.6,0.2504,0.8,-12.7878,True,fuzzy_logic_dynamic_snr,14.0064,0.4545
77,v3,v11,20.0,110.0,20.0,0.6,0.55,0.4,-16.4793,True,fuzzy_logic_dynamic_snr,11.4591,0.3061
77,v3,v12,20.0,190.02,40.0,0.6,0.9501,0.8,-22.0527,True,fuzzy_logic_dynamic_snr,7.6146,0.1773
77,v4,v8,40.0,40.0,10.0,1.0,0.2,0.2,11.9588,False,fuzzy_logic_dynamic_snr,18.0972,0.8836
77,v4,v3,40.0,50.09,40.0,1.0,0.2504,0.8,7.2122,True,fuzzy_logic_dynamic_snr,22.015,0.8826
77,v4,v7,40.0,60.07,30.0,1.0,0.3004,0.6,6.7244,False,fuzzy_logic_dynamic_snr,12.8614,0.6133
77,v4,v11,40.0,60.07,20.0,1.0,0.3004,0.4,7.7239,False,fuzzy_logic_dynamic_snr,13.8628,0.6992
77,v4,v12,40.0,140.0,0.0,1.0,0.7,0.0,5.662,False,fuzzy_logic_dynamic_snr,11.8002,0.5219
78,v1,v13,40.0,100.0,30.0,1.0,0.5,0.6,3.1835,True,fuzzy_logic_dynamic_snr,21.4155,0.8721
78,v1,v6,40.0,100.04,40.0,1.0,0.5002,0.8,2.4051,True,fuzzy_logic_dynamic_snr,21.2596,0.8693
78,v1,v5,40.0,150.0,20.0,1.0,0.75,0.4,1.3656,True,fuzzy_logic_dynamic_snr,20.9786,0.858
78,v1,v2,40.0,150.03,0.0,1.0,0.7501,0.0,5.1812,False,fuzzy_logic_dynamic_snr,11.3181,0.483
78,v1,v14,40.0,160.03,30.0,1.0,0.8001,0.6,-0.0836,True,fuzzy_logic_dynamic_snr,20.5581,0.8379
78,v2,v6,20.0,50.0,40.0,0.6,0.25,0.8,-12.7753,True,fuzzy_logic_dynamic_snr,14.0014,0.4664
78,v2,v1,20.0,150.03,0.0,0.6,0.7501,0.0,-14.8188,True,fuzzy_logic_dynamic_snr,12.6148,0.3631
78,v3,v4,20.0,10.44,40.0,0.6,0.0522,0.8,-1.8912,True,fuzzy_logic_dynamic_snr,19.9335,0.8154
78,v3,v7,20.0,20.0,10.0,0.6,0.1,0.2,-3.2247,False,fuzzy_logic_dynamic_snr,2.9146,0.1398
78,v3,v8,20.0,20.22,20.0,0.6,0.1011,0.4,-4.7108,True,fuzzy_logic_dynamic_snr,18.6911,0.7641
78,v3,v11,20.0,90.0,20.0,0.6,0.45,0.4,-15.0849,True,fuzzy_logic_dynamic_snr,12.4467,0.3486
78,v3,v12,20.0,150.03,0.0,0.6,0.7501,0.0,-14.8188,True,fuzzy_logic_dynamic_snr,12.6099,0.3656
78,v4,v3,40.0,10.44,40.0,1.0,0.0522,0.8,18.1088,True,fuzzy_logic_dynamic_snr,22.4548,0.8965
78,v4,v8,40.0,30.0,20.0,1.0,0.15,0.4,12.5491,False,fuzzy_logic_dynamic_snr,18.6856,0.9043
78,v4,v7,40.0,30.15,30.0,1.0,0.1507,0.6,11.515,False,fuzzy_logic_dynamic_snr,17.6498,0.8721
78,v4,v11,40.0,80.06,20.0,1.0,0.4003,0.4,5.7287,False,fuzzy_logic_dynamic_snr,11.8653,0.5336
78,v4,v12,40.0,140.0,40.0,1.0,0.7,0.8,0.0702,True,fuzzy_logic_dynamic_snr,20.6005,0.8342
79,v1,v6,40.0,60.07,20.0,1.0,0.3004,0.4,7.7239,False,fuzzy_logic_dynamic_snr,13.8628,0.6943
79,v1,v13,40.0,130.0,40.0,1.0,0.65,0.8,0.5851,True,fuzzy_logic_dynamic_snr,20.7575,0.8527
79,v1,v2,40.0,150.03,30.0,1.0,0.7501,0.6,0.3647,True,fuzzy_logic_dynamic_snr,20.6926,0.8479
79,v1,v5,40.0,170.0,10.0,1.0,0.85,0.2,1.9046,True,fuzzy_logic_dynamic_snr,21.1169,0.8504
79,v1,v14,40.0,190.02,40.0,1.0,0.9501,0.8,-2.0527,True,fuzzy_logic_dynamic_snr,19.8488,0.8162
79,v2,v6,20.0,90.0,10.0,0.6,0.45,0.2,-13.6761,True,fuzzy_logic_dynamic_snr,13.3501,0.4084
79,v2,v1,20.0,150.03,30.0,0.6,0.7501,0.6,-19.6353,True,fuzzy_logic_dynamic_snr,9.271,0.1813
79,v3,v7,20.0,30.0,20.0,0.6,0.15,0.4,-7.4509,True,fuzzy_logic_dynamic_snr,17.2529,0.6656
79,v3,v4,20.0,30.15,0.0,0.6,0.1507,0.0,-3.6685,False,fuzzy_logic_dynamic_snr,2.4673,0.1369
79,v3,v8,20.0,40.11,10.0,0.6,0.2006,0.2,-8.0607,False,fuzzy_logic_dynamic_snr,-1.9237,0.1139
79,v3,v11,20.0,70.0,10.0,0.6,0.35,0.2,-11.9298,True,fuzzy_logic_dynamic_snr,14.5449,0.4717
79,v3,v15,20.0,140.0,20.0,0.6,0.7,0.4,-18.155,True,fuzzy_logic_dynamic_snr,10.2771,0.2492
79,v4,v7,40.0,3.0,20.0,1.0,0.015,0.4,28.5491,False,fuzzy_logic_dynamic_snr,34.6883,0.9922
79,v4,v8,40.0,10.0,10.0,1.0,0.05,0.2,21.5918,False,fuzzy_logic_dynamic_snr,27.7302,0.9814
79,v4,v3,40.0,30.15,0.0,1.0,0.1507,0.0,16.3315,False,fuzzy_logic_dynamic_snr,22.4679,0.9539
79,v4,v11,40.0,100.04,10.0,1.0,0.5002,0.2,5.5886,False,fuzzy_logic_dynamic_snr,11.7272,0.5234
79,v4,v15,40.0,170.03,20.0,1.0,0.8501,0.4,0.4948,True,fuzzy_logic_dynamic_snr,20.7299,0.8332
80,v1,v6,40.0,40.11,0.0,1.0,0.2006,0.0,14.3476,False,fuzzy_logic_dynamic_snr,20.4829,0.9314
80,v1,v2,40.0,120.04,0.0,1.0,0.6002,0.0,6.7309,False,fuzzy_logic_dynamic_snr,12.8676,0.6066
80,v1,v13,40.0,170.0,30.0,1.0,0.85,0.6,-0.5037,True,fuzzy_logic_dynamic_snr,20.4375,0.8326
80,v1,v5,40.0,180.0,0.0,1.0,0.9,0.0,3.9156,True,fuzzy_logic_dynamic_snr,21.5486,0.8775
80,v2,v6,20.0,80.0,0.0,0.6,0.4,0.0,-10.4494,True,fuzzy_logic_dynamic_snr,15.4782,0.5553
80,v2,v1,20.0,120.04,0.0,0.6,0.6002,0.0,-13.2691,True,fuzzy_logic_dynamic_snr,13.6637,0.4105
80,v3,v7,20.0,10.0,10.0,0.6,0.05,0.2,1.5918,False,fuzzy_logic_dynamic_snr,7.7293,0.2262
80,v3,v4,20.0,30.15,10.0,0.6,0.1507,0.2,-6.0768,False,fuzzy_logic_dynamic_snr,0.0601,0.1227
80,v3,v8,20.0,30.15,20.0,0.6,0.1507,0.4,-7.4855,True,fuzzy_logic_dynamic_snr,17.2274,0.6885
80,v3,v11,20.0,60.0,10.0,0.6,0.3,0.2,-10.8587,True,fuzzy_logic_dynamic_snr,15.2157,0.5404
80,v3,v12,20.0,140.03,0.0,0.6,0.7002,0.0,-14.3396,True,fuzzy_logic_dynamic_snr,12.9323,0.3855
80,v4,v8,40.0,0.0,30.0,1.0,0.0,0.6,40.0,False,fuzzy_logic_dynamic_snr,46.1375,0.9971
80,v4,v7,40.0,20.22,20.0,1.0,0.1011,0.4,15.2892,False,fuzzy_logic_dynamic_snr,21.4267,0.9416
80,v4,v3,40.0,30.15,10.0,1.0,0.1507,0.2,13.9232,False,fuzzy_logic_dynamic_snr,20.0615,0.9279
80,v4,v11,40.0,90.05,20.0,1.0,0.4502,0.4,4.9113,False,fuzzy_logic_dynamic_snr,11.0483,0.4535
80,v4,v12,40.0,170.0,10.0,1.0,0.85,0.2,1.9046,True,fuzzy_logic_dynamic_snr,21.1127,0.8695
81,v1,v6,40.0,40.11,10.0,1.0,0.2006,0.2,11.9393,False,fuzzy_logic_dynamic_snr,18.0762,0.8809
81,v1,v2,40.0,120.04,10.0,1.0,0.6002,0.2,4.3227,False,fuzzy_logic_dynamic_snr,10.459,0.4027
81,v1,v5,40.0,180.0,20.0,1.0,0.9,0.4,0.0987,True,fuzzy_logic_dynamic_snr,20.6376,0.8432
81,v1,v13,40.0,200.0,30.0,1.0,1.0,0.6,-1.633,True,fuzzy_logic_dynamic_snr,20.0268,0.8186
81,v2,v6,20.0,80.0,20.0,0.6,0.4,0.4,-14.2664,True,fuzzy_logic_dynamic_snr,12.9605,0.383
81,v2,v1,20.0,120.04,10.0,0.6,0.6002,0.2,-15.6773,True,fuzzy_logic_dynamic_snr,12.0495,0.3125
81,v2,v4,20.0,190.09,60.0,0.6,0.9505,1.2,-23.2243,True,fuzzy_logic_dynamic_snr,6.735,0.1303
81,v3,v7,20.0,0.0,10.0,0.6,0.0,0.2,33.5918,False,fuzzy_logic_dynamic_snr,39.7299,0.9971
81,v3,v8,20.0,10.44,10.0,0.6,0.0522,0.2,1.2923,False,fuzzy_logic_dynamic_snr,7.4305,0.2131
81,v3,v4,20.0,40.11,0.0,0.6,0.2006,0.0,-5.6524,False,fuzzy_logic_dynamic_snr,0.4832,0.1295
81,v3,v11,20.0,70.0,20.0,0.6,0.35,0.4,-13.3385,True,fuzzy_logic_dynamic_snr,13.5992,0.4344
81,v3,v12,20.0,140.03,0.0,0.6,0.7002,0.0,-14.3396,True,fuzzy_logic_dynamic_snr,12.9368,0.3904
81,v4,v8,40.0,30.0,10.0,1.0,0.15,0.2,13.9578,False,fuzzy_logic_dynamic_snr,20.0954,0.9322
81,v4,v3,40.0,40.11,0.0,1.0,0.2006,0.0,14.3476,False,fuzzy_logic_dynamic_snr,20.4851,0.9398
81,v4,v7,40.0,40.11,10.0,1.0,0.2006,0.2,11.9393,False,fuzzy_logic_dynamic_snr,18.0758,0.8795
81,v4,v11,40.0,110.04,20.0,1.0,0.5502,0.4,3.5182,False,fuzzy_logic_dynamic_snr,9.6539,0.3525
81,v4,v12,40.0,180.0,0.0,1.0,0.9,0.0,3.9156,True,fuzzy_logic_dynamic_snr,21.5541,0.8863
82,v1,v6,40.0,30.15,40.0,1.0,0.1507,0.8,10.7397,True,fuzzy_logic_dynamic_snr,22.2704,0.8953
82,v1,v2,40.0,130.03,0.0,1.0,0.6502,0.0,6.1751,False,fuzzy_logic_dynamic_snr,12.3127,0.5703
82,v1,v5,40.0,200.0,10.0,1.0,1.0,0.2,0.7753,True,fuzzy_logic_dynamic_snr,20.8236,0.841
82,v2,v6,20.0,100.0,40.0,0.6,0.5,0.8,-17.5918,True,fuzzy_logic_dynamic_snr,10.6471,0.2455
82,v2,v1,20.0,130.03,0.0,0.6,0.6502,0.0,-13.8249,True,fuzzy_logic_dynamic_snr,13.2526,0.3975
82,v2,v4,20.0,130.14,60.0,0.6,0.6507,1.2,-20.5913,True,fuzzy_logic_dynamic_snr,8.5966,0.1846
82,v2,v8,20.0,150.12,60.0,0.6,0.7506,1.2,-21.5838,True,fuzzy_logic_dynamic_snr,7.9141,0.1797
82,v2,v7,20.0,160.03,90.0,0.6,0.8001,1.8,-23.2671,True,fuzzy_logic_dynamic_snr,6.7373,0.1406
82,v3,v7,20.0,10.0,10.0,0.6,0.05,0.2,1.5918,False,fuzzy_logic_dynamic_snr,7.7293,0.2338
82,v3,v8,20.0,20.22,20.0,0.6,0.1011,0.4,-4.7108,True,fuzzy_logic_dynamic_snr,18.6845,0.7635
82,v3,v4,20.0,40.11,20.0,0.6,0.2006,0.4,-9.4694,True,fuzzy_logic_dynamic_snr,16.0453,0.6033
82,v3,v11,20.0,50.0,0.0,0.6,0.25,0.0,-7.1835,False,fuzzy_logic_dynamic_snr,-1.0468,0.1119
82,v3,v15,20.0,120.0,10.0,0.6,0.6,0.2,-15.6751,True,fuzzy_logic_dynamic_snr,12.0022,0.3275
82,v4,v8,40.0,20.0,0.0,1.0,0.1,0.0,19.1835,False,fuzzy_logic_dynamic_snr,25.3212,0.9746
82,v4,v7,40.0,30.15,30.0,1.0,0.1507,0.6,11.515,False,fuzzy_logic_dynamic_snr,17.6529,0.8857
82,v4,v3,40.0,40.11,20.0,1.0,0.2006,0.4,10.5306,False,fuzzy_logic_dynamic_snr,16.6677,0.842
82,v4,v11,40.0,90.05,20.0,1.0,0.4502,0.4,4.9113,False,fuzzy_logic_dynamic_snr,11.0497,0.4566
82,v4,v2,40.0,130.14,60.0,1.0,0.6507,1.2,-0.5913,True,fuzzy_logic_dynamic_snr,20.3819,0.8346
83,v1,v6,40.0,10.44,20.0,1.0,0.0522,0.4,19.8836,False,fuzzy_logic_dynamic_snr,26.0209,0.9789
83,v1,v2,40.0,130.03,10.0,1.0,0.6502,0.2,3.7668,False,fuzzy_logic_dynamic_snr,9.905,0.3668
83,v2,v7,20.0,70.06,60.0,0.6,0.3503,1.2,-16.2887,True,fuzzy_logic_dynamic_snr,11.5642,0.3047
83,v2,v4,20.0,70.26,60.0,0.6,0.3513,1.2,-16.3078,True,fuzzy_logic_dynamic_snr,11.5721,0.2953
83,v2,v3,20.0,90.05,70.0,0.6,0.4502,1.4,-18.4965,True,fuzzy_logic_dynamic_snr,10.0701,0.2174
83,v2,v8,20.0,90.2,30.0,0.6,0.451,0.6,-16.0998,True,fuzzy_logic_dynamic_snr,11.729,0.3137
83,v2,v1,20.0,130.03,10.0,0.6,0.6502,0.2,-16.2332,True,fuzzy_logic_dynamic_snr,11.6093,0.2875
83,v3,v8,20.0,3.0,40.0,0.6,0.015,0.8,6.7743,True,fuzzy_logic_dynamic_snr,21.9695,0.8787
83,v3,v7,20.0,20.0,10.0,0.6,0.1,0.2,-3.2247,False,fuzzy_logic_dynamic_snr,2.9133,0.1393
83,v3,v4,20.0,20.22,10.0,0.6,0.1011,0.2,-3.302,False,fuzzy_logic_dynamic_snr,2.8359,0.1451
83,v3,v11,20.0,50.0,0.0,0.6,0.25,0.0,-7.1835,False,fuzzy_logic_dynamic_snr,-1.0439,0.1129
83,v3,v2,20.0,90.05,70.0,0.6,0.4502,1.4,-18.4965,True,fuzzy_logic_dynamic_snr,10.0428,0.2311
83,v4,v7,40.0,3.0,0.0,1.0,0.015,0.0,32.3661,False,fuzzy_logic_dynamic_snr,38.5044,0.9941
83,v4,v8,40.0,20.0,30.0,1.0,0.1,0.6,14.367,False,fuzzy_logic_dynamic_snr,20.506,0.9283
83,v4,v3,40.0,20.22,10.0,1.0,0.1011,0.2,16.698,False,fuzzy_logic_dynamic_snr,22.8364,0.9588
83,v4,v11,40.0,70.06,10.0,1.0,0.3503,0.2,8.0638,False,fuzzy_logic_dynamic_snr,14.201,0.715
83,v4,v2,40.0,70.26,60.0,1.0,0.3513,1.2,3.6922,True,fuzzy_logic_dynamic_snr,21.5157,0.8803
84,v1,v6,40.0,30.15,10.0,1.0,0.1507,0.2,13.9232,False,fuzzy_logic_dynamic_snr,20.0626,0.927
84,v1,v2,40.0,120.04,40.0,1.0,0.6002,0.8,1.1392,True,fuzzy_logic_dynamic_snr,20.9351,0.8496
84,v1,v7,40.0,130.14,40.0,1.0,0.6507,0.8,0.5778,True,fuzzy_logic_dynamic_snr,20.7588,0.8668
84,v1,v4,40.0,130.31,60.0,1.0,0.6516,1.2,-0.6005,True,fuzzy_logic_dynamic_snr,20.3993,0.8248
84,v1,v3,40.0,140.13,20.0,1.0,0.7006,0.4,1.8386,True,fuzzy_logic_dynamic_snr,21.1071,0.859
84,v2,v7,20.0,10.44,80.0,0.6,0.0522,1.6,-3.9334,True,fuzzy_logic_dynamic_snr,19.0755,0.7686
84,v2,v4,20.0,11.66,100.0,0.6,0.0583,2.0,-5.3995,True,fuzzy_logic_dynamic_snr,18.347,0.7354
84,v2,v3,20.0,20.22,60.0,0.6,0.1011,1.2,-7.6546,True,fuzzy_logic_dynamic_snr,17.134,0.691
84,v2,v8,20.0,60.3,80.0,0.6,0.3015,1.6,-16.1189,True,fuzzy_logic_dynamic_snr,11.6894,0.3191
84,v2,v11,20.0,70.06,60.0,0.6,0.3503,1.2,-16.2887,True,fuzzy_logic_dynamic_snr,11.5927,0.2967
84,v3,v7,20.0,10.0,20.0,0.6,0.05,0.4,0.183,True,fuzzy_logic_dynamic_snr,20.6381,0.8299
84,v3,v4,20.0,10.44,40.0,0.6,0.0522,0.8,-1.8912,True,fuzzy_logic_dynamic_snr,19.9354,0.825
84,v3,v2,20.0,20.22,60.0,0.6,0.1011,1.2,-7.6546,True,fuzzy_logic_dynamic_snr,17.1511,0.6604
84,v3,v8,20.0,40.11,20.0,0.6,0.2006,0.4,-9.4694,True,fuzzy_logic_dynamic_snr,16.085,0.5922
84,v3,v11,20.0,50.0,0.0,0.6,0.25,0.0,-7.1835,False,fuzzy_logic_dynamic_snr,-1.0471,0.1105
84,v4,v7,40.0,3.0,20.0,1.0,0.015,0.4,28.5491,False,fuzzy_logic_dynamic_snr,34.6863,0.9926
84,v4,v3,40.0,10.44,40.0,1.0,0.0522,0.8,18.1088,True,fuzzy_logic_dynamic_snr,22.4522,0.8988
84,v4,v2,40.0,11.66,100.0,1.0,0.0583,2.0,14.6005,True,fuzzy_logic_dynamic_snr,22.4015,0.8959
84,v4,v8,40.0,50.0,20.0,1.0,0.25,0.4,8.9995,False,fuzzy_logic_dynamic_snr,15.1369,0.7861
84,v4,v11,40.0,60.07,40.0,1.0,0.3004,0.8,5.9491,True,fuzzy_logic_dynamic_snr,21.8759,0.8816
85,v1,v6,40.0,20.22,10.0,1.0,0.1011,0.2,16.698,False,fuzzy_logic_dynamic_snr,22.8342,0.9584
85,v1,v4,40.0,70.58,80.0,1.0,0.3529,1.6,2.7875,True,fuzzy_logic_dynamic_snr,21.3405,0.8623
85,v1,v7,40.0,90.2,70.0,1.0,0.451,1.4,1.492,True,fuzzy_logic_dynamic_snr,21.0092,0.8561
85,v1,v3,40.0,120.15,90.0,1.0,0.6007,1.8,-1.2756,True,fuzzy_logic_dynamic_snr,20.137,0.826
85,v1,v8,40.0,140.29,70.0,1.0,0.7014,1.4,-1.5771,True,fuzzy_logic_dynamic_snr,20.0384,0.8156
85,v2,v11,20.0,10.44,60.0,0.6,0.0522,1.2,-3.0602,True,fuzzy_logic_dynamic_snr,19.4274,0.7871
85,v2,v8,20.0,20.88,80.0,0.6,0.1044,1.6,-8.7498,True,fuzzy_logic_dynamic_snr,16.5187,0.623
85,v2,v3,20.0,40.11,100.0,0.6,0.2006,2.0,-13.9836,True,fuzzy_logic_dynamic_snr,13.1338,0.4014
85,v2,v7,20.0,70.06,80.0,0.6,0.3503,1.6,-17.1619,True,fuzzy_logic_dynamic_snr,11.0017,0.2828
85,v2,v15,20.0,70.06,80.0,0.6,0.3503,1.6,-17.1619,True,fuzzy_logic_dynamic_snr,10.973,0.2676
85,v3,v8,20.0,20.22,20.0,0.6,0.1011,0.4,-4.7108,True,fuzzy_logic_dynamic_snr,18.683,0.7563
85,v3,v7,20.0,30.0,20.0,0.6,0.15,0.4,-7.4509,True,fuzzy_logic_dynamic_snr,17.2443,0.6857
85,v3,v2,20.0,40.11,100.0,0.6,0.2006,2.0,-13.9836,True,fuzzy_logic_dynamic_snr,13.1742,0.3912
85,v3,v11,20.0,50.0,40.0,0.6,0.25,0.8,-12.7753,True,fuzzy_logic_dynamic_snr,13.998,0.4445
85,v3,v4,20.0,50.09,10.0,0.6,0.2504,0.2,-9.6042,False,fuzzy_logic_dynamic_snr,-3.465,0.1061
85,v4,v7,40.0,20.22,10.0,1.0,0.1011,0.2,16.698,False,fuzzy_logic_dynamic_snr,22.8336,0.9555
85,v4,v3,40.0,50.09,10.0,1.0,0.2504,0.2,10.3958,False,fuzzy_logic_dynamic_snr,16.5339,0.834
85,v4,v8,40.0,70.0,10.0,1.0,0.35,0.2,8.0702,False,fuzzy_logic_dynamic_snr,14.2083,0.7203
85,v4,v1,40.0,70.58,80.0,1.0,0.3529,1.6,2.7875,True,fuzzy_logic_dynamic_snr,21.3336,0.8775
85,v4,v2,40.0,90.2,90.0,1.0,0.451,1.8,0.7167,True,fuzzy_logic_dynamic_snr,20.7869,0.8494
86,v1,v6,40.0,10.44,0.0,1.0,0.0522,0.0,23.7006,False,fuzzy_logic_dynamic_snr,29.8371,0.9877
86,v1,v4,40.0,13.45,40.0,1.0,0.0673,0.8,16.3468,True,fuzzy_logic_dynamic_snr,22.431,0.8939
86,v1,v7,40.0,20.88,60.0,1.0,0.1044,1.2,12.1233,True,fuzzy_logic_dynamic_snr,22.3366,0.9008
86,v1,v3,40.0,30.59,70.0,1.0,0.153,1.4,9.0051,True,fuzzy_logic_dynamic_snr,22.17,0.9027
86,v1,v8,40.0,70.58,40.0,1.0,0.3529,0.8,4.8297,True,fuzzy_logic_dynamic_snr,21.6939,0.8842
86,v2,v15,20.0,10.44,90.0,0.6,0.0522,1.8,-4.2994,True,fuzzy_logic_dynamic_snr,18.8798,0.7869
86,v2,v12,20.0,11.66,90.0,0.6,0.0583,1.8,-5.0683,True,fuzzy_logic_dynamic_snr,18.5097,0.7607
86,v2,v11,20.0,50.09,90.0,0.6,0.2504,1.8,-15.196,True,fuzzy_logic_dynamic_snr,12.3706,0.3584
86,v2,v16,20.0,90.2,90.0,0.6,0.451,1.8,-19.2833,True,fuzzy_logic_dynamic_snr,9.4958,0.225
86,v2,v8,20.0,100.18,50.0,0.6,0.5009,1.0,-18.2377,True,fuzzy_logic_dynamic_snr,10.1925,0.2188
86,v3,v7,20.0,10.0,10.0,0.6,0.05,0.2,1.5918,False,fuzzy_logic_dynamic_snr,7.7294,0.2287
86,v3,v1,20.0,30.59,70.0,0.6,0.153,1.4,-10.9949,True,fuzzy_logic_dynamic_snr,15.1198,0.5068
86,v3,v4,20.0,40.11,30.0,0.6,0.2006,0.6,-10.4689,True,fuzzy_logic_dynamic_snr,15.4721,0.565
86,v3,v6,20.0,40.11,70.0,0.6,0.2006,1.4,-12.8772,True,fuzzy_logic_dynamic_snr,13.9274,0.4439
86,v3,v8,20.0,40.11,30.0,0.6,0.2006,0.6,-10.4689,True,fuzzy_logic_dynamic_snr,15.4874,0.5457
86,v4,v6,40.0,6.0,40.0,1.0,0.03,0.8,21.9578,True,fuzzy_logic_dynamic_snr,22.4809,0.8994
86,v4,v1,40.0,13.45,40.0,1.0,0.0673,0.8,16.3468,True,fuzzy_logic_dynamic_snr,22.4312,0.8979
86,v4,v7,40.0,30.15,20.0,1.0,0.1507,0.4,12.5145,False,fuzzy_logic_dynamic_snr,18.6518,0.8975
86,v4,v3,40.0,40.11,30.0,1.0,0.2006,0.6,9.5311,False,fuzzy_logic_dynamic_snr,15.6687,0.7949
86,v4,v8,40.0,80.0,0.0,1.0,0.4,0.0,9.5506,False,fuzzy_logic_dynamic_snr,15.6877,0.8082
87,v1,v6,40.0,10.44,20.0,1.0,0.0522,0.4,19.8836,False,fuzzy_logic_dynamic_snr,26.0208,0.9779
87,v1,v8,40.0,31.32,40.0,1.0,0.1566,0.8,10.4749,True,fuzzy_logic_dynamic_snr,22.2528,0.8982
87,v1,v3,40.0,40.45,70.0,1.0,0.2022,1.4,7.065,True,fuzzy_logic_dynamic_snr,22.0032,0.8947
87,v1,v7,40.0,40.45,70.0,1.0,0.2022,1.4,7.065,True,fuzzy_logic_dynamic_snr,22.001,0.8885
87,v1,v11,40.0,40.45,80.0,1.0,0.2022,1.6,6.6558,True,fuzzy_logic_dynamic_snr,21.9557,0.8885
87,v2,v16,20.0,6.0,90.0,0.6,0.03,1.8,-0.4504,True,fuzzy_logic_dynamic_snr,20.4409,0.8283
87,v2,v15,20.0,100.04,90.0,0.6,0.5002,1.8,-20.0031,True,fuzzy_logic_dynamic_snr,9.0201,0.1867
87,v2,v19,20.0,100.04,100.0,0.6,0.5002,2.0,-20.3343,True,fuzzy_logic_dynamic_snr,8.7868,0.1836
87,v2,v12,20.0,100.18,70.0,0.6,0.5009,1.4,-19.2372,True,fuzzy_logic_dynamic_snr,9.5319,0.2043
87,v2,v11,20.0,140.03,100.0,0.6,0.7002,2.0,-22.6708,True,fuzzy_logic_dynamic_snr,7.1442,0.149
87,v3,v7,20.0,0.0,0.0,0.6,0.0,0.0,36.0,False,fuzzy_logic_dynamic_snr,42.1374,0.9961
87,v3,v4,20.0,10.44,10.0,0.6,0.0522,0.2,1.2923,False,fuzzy_logic_dynamic_snr,7.4305,0.2301
87,v3,v6,20.0,30.15,50.0,0.6,0.1507,1.0,-9.8937,True,fuzzy_logic_dynamic_snr,15.8209,0.5703
87,v3,v1,20.0,40.45,70.0,0.6,0.2022,1.4,-12.935,True,fuzzy_logic_dynamic_snr,13.8868,0.4498
87,v3,v8,20.0,70.06,30.0,0.6,0.3503,0.6,-14.3444,True,fuzzy_logic_dynamic_snr,12.9333,0.3768
87,v4,v3,40.0,10.44,10.0,1.0,0.0522,0.2,21.2923,False,fuzzy_logic_dynamic_snr,27.43,0.9789
87,v4,v7,40.0,10.44,10.0,1.0,0.0522,0.2,21.2923,False,fuzzy_logic_dynamic_snr,27.4324,0.9838
87,v4,v6,40.0,40.45,60.0,1.0,0.2022,1.2,7.5289,True,fuzzy_logic_dynamic_snr,22.0484,0.8826
87,v4,v1,40.0,50.8,80.0,1.0,0.254,1.6,5.0718,True,fuzzy_logic_dynamic_snr,21.736,0.8748
87,v4,v8,40.0,80.0,40.0,1.0,0.4,0.8,3.9588,True,fuzzy_logic_dynamic_snr,21.5638,0.8809
88,v1,v15,40.0,11.66,60.0,1.0,0.0583,1.2,16.1709,True,fuzzy_logic_dynamic_snr,22.4306,0.8949
88,v1,v8,40.0,13.45,40.0,1.0,0.0673,0.8,16.3468,True,fuzzy_logic_dynamic_snr,22.4329,0.8988
88,v1,v6,40.0,30.15,0.0,1.0,0.1507,0.0,16.3315,False,fuzzy_logic_dynamic_snr,22.4685,0.9545
88,v1,v12,40.0,31.32,40.0,1.0,0.1566,0.8,10.4749,True,fuzzy_logic_dynamic_snr,22.2547,0.8953
88,v1,v11,40.0,40.45,60.0,1.0,0.2022,1.2,7.5289,True,fuzzy_logic_dynamic_snr,22.0442,0.884
88,v2,v19,20.0,3.0,60.0,0.6,0.015,1.2,5.6053,True,fuzzy_logic_dynamic_snr,21.8266,0.8693
88,v2,v16,20.0,90.2,60.0,0.6,0.451,1.2,-18.0441,True,fuzzy_logic_dynamic_snr,10.3591,0.235
88,v2,v12,20.0,170.11,40.0,0.6,0.8505,0.8,-21.2833,True,fuzzy_logic_dynamic_snr,8.0893,0.1791
88,v2,v15,20.0,190.02,60.0,0.6,0.9501,1.2,-23.2217,True,fuzzy_logic_dynamic_snr,6.7779,0.1385
88,v3,v7,20.0,0.0,20.0,0.6,0.0,0.4,32.183,True,fuzzy_logic_dynamic_snr,22.4945,0.8988
88,v3,v4,20.0,20.22,10.0,0.6,0.1011,0.2,-3.302,False,fuzzy_logic_dynamic_snr,2.8354,0.1393
88,v3,v11,20.0,70.0,0.0,0.6,0.35,0.0,-9.5216,True,fuzzy_logic_dynamic_snr,16.0477,0.6219
88,v3,v6,20.0,80.06,60.0,0.6,0.4003,1.2,-17.2151,True,fuzzy_logic_dynamic_snr,10.9365,0.2436
88,v3,v5,20.0,80.22,70.0,0.6,0.4011,1.4,-17.6936,True,fuzzy_logic_dynamic_snr,10.6342,0.2475
88,v4,v3,40.0,20.22,10.0,1.0,0.1011,0.2,16.698,False,fuzzy_logic_dynamic_snr,22.8359,0.9598
88,v4,v7,40.0,20.22,10.0,1.0,0.1011,0.2,16.698,False,fuzzy_logic_dynamic_snr,22.8347,0.9633
88,v4,v5,40.0,60.67,80.0,1.0,0.3034,1.6,3.8383,True,fuzzy_logic_dynamic_snr,21.5449,0.8738
88,v4,v13,40.0,80.5,90.0,1.0,0.4025,1.8,1.5069,True,fuzzy_logic_dynamic_snr,21.0149,0.8695
88,v4,v11,40.0,90.05,10.0,1.0,0.4502,0.2,6.32,False,fuzzy_logic_dynamic_snr,12.459,0.5877
89,v1,v12,40.0,13.45,80.0,1.0,0.0673,1.6,14.3046,True,fuzzy_logic_dynamic_snr,22.3994,0.8939
89,v1,v6,40.0,30.15,30.0,1.0,0.1507,0.6,11.515,False,fuzzy_logic_dynamic_snr,17.6523,0.8775
89,v1,v15,40.0,50.36,60.0,1.0,0.2518,1.2,6.006,True,fuzzy_logic_dynamic_snr,21.8699,0.8893
89,v1,v8,40.0,50.8,60.0,1.0,0.254,1.2,5.9449,True,fuzzy_logic_dynamic_snr,21.86,0.877
89,v1,v16,40.0,50.8,90.0,1.0,0.254,1.8,4.7057,True,fuzzy_logic_dynamic_snr,21.6843,0.8688
89,v2,v19,20.0,60.07,30.0,0.6,0.3004,0.6,-13.2756,True,fuzzy_logic_dynamic_snr,13.6447,0.4133
89,v2,v16,20.0,150.12,60.0,0.6,0.7506,1.2,-21.5838,True,fuzzy_logic_dynamic_snr,7.9039,0.1605
89,v3,v5,20.0,11.66,70.0,0.6,0.0583,1.4,-4.293,True,fuzzy_logic_dynamic_snr,18.8793,0.7807
89,v3,v7,20.0,20.0,20.0,0.6,0.1,0.4,-4.6334,True,fuzzy_logic_dynamic_snr,18.7179,0.766
89,v3,v13,20.0,20.88,50.0,0.6,0.1044,1.0,-7.3411,True,fuzzy_logic_dynamic_snr,17.3,0.6777
89,v3,v4,20.0,30.15,0.0,0.6,0.1507,0.0,-3.6685,False,fuzzy_logic_dynamic_snr,2.4675,0.1418
89,v3,v11,20.0,70.0,10.0,0.6,0.35,0.2,-11.9298,True,fuzzy_logic_dynamic_snr,14.5244,0.4758
89,v4,v7,40.0,10.44,20.0,1.0,0.0522,0.4,19.8836,False,fuzzy_logic_dynamic_snr,26.0196,0.9805
89,v4,v13,40.0,13.45,50.0,1.0,0.0673,1.0,15.7134,True,fuzzy_logic_dynamic_snr,22.4237,0.8979
89,v4,v5,40.0,21.93,70.0,1.0,0.1097,1.4,11.3181,True,fuzzy_logic_dynamic_snr,22.2996,0.8934
89,v4,v3,40.0,30.15,0.0,1.0,0.1507,0.0,16.3315,False,fuzzy_logic_dynamic_snr,22.4685,0.949
89,v4,v14,40.0,50.36,80.0,1.0,0.2518,1.6,5.1329,True,fuzzy_logic_dynamic_snr,21.7548,0.8789
90,v1,v16,40.0,41.0,40.0,1.0,0.205,0.8,8.6037,True,fuzzy_logic_dynamic_snr,22.1372,0.8889
90,v1,v6,40.0,60.07,10.0,1.0,0.3004,0.2,9.1327,False,fuzzy_logic_dynamic_snr,15.2722,0.7908
90,v1,v19,40.0,80.22,50.0,1.0,0.4011,1.0,3.3059,True,fuzzy_logic_dynamic_snr,21.4376,0.8727
90,v1,v12,40.0,90.45,40.0,1.0,0.4522,0.8,3.1058,True,fuzzy_logic_dynamic_snr,21.3899,0.8598
90,v1,v15,40.0,110.16,80.0,1.0,0.5508,1.6,-0.3065,True,fuzzy_logic_dynamic_snr,20.4744,0.8387
90,v2,v19,20.0,90.05,40.0,0.6,0.4502,0.8,-16.8635,True,fuzzy_logic_dynamic_snr,11.1923,0.2857
90,v2,v20,20.0,150.12,70.0,0.6,0.7506,1.4,-22.0477,True,fuzzy_logic_dynamic_snr,7.5691,0.1668
90,v2,v1,20.0,170.03,10.0,0.6,0.8501,0.2,-18.0965,True,fuzzy_logic_dynamic_snr,10.3366,0.223
90,v3,v14,20.0,3.0,70.0,0.6,0.015,1.4,5.1413,True,fuzzy_logic_dynamic_snr,21.7609,0.8811
90,v3,v4,20.0,30.15,10.0,0.6,0.1507,0.2,-6.0768,False,fuzzy_logic_dynamic_snr,0.0619,0.1236
90,v3,v13,20.0,30.59,70.0,0.6,0.153,1.4,-10.9949,True,fuzzy_logic_dynamic_snr,15.1724,0.5461
90,v3,v7,20.0,40.0,0.0,0.6,0.2,0.0,-5.633,False,fuzzy_logic_dynamic_snr,0.5029,0.1188
90,v3,v11,20.0,60.0,10.0,0.6,0.3,0.2,-10.8587,True,fuzzy_logic_dynamic_snr,15.2257,0.5381
90,v4,v7,40.0,10.44,10.0,1.0,0.0522,0.2,21.2923,False,fuzzy_logic_dynamic_snr,27.4287,0.9799
90,v4,v3,40.0,30.15,10.0,1.0,0.1507,0.2,13.9232,False,fuzzy_logic_dynamic_snr,20.0593,0.9236
90,v4,v14,40.0,30.59,80.0,1.0,0.153,1.6,8.5959,True,fuzzy_logic_dynamic_snr,22.1313,0.8963
90,v4,v9,40.0,41.0,50.0,1.0,0.205,1.0,7.9702,True,fuzzy_logic_dynamic_snr,22.087,0.8846
90,v4,v10,40.0,50.36,40.0,1.0,0.2518,0.8,7.175,True,fuzzy_logic_dynamic_snr,22.0129,0.8787
91,v1,v19,40.0,30.59,70.0,1.0,0.153,1.4,9.0051,True,fuzzy_logic_dynamic_snr,22.1695,0.8949
91,v1,v6,40.0,70.06,20.0,1.0,0.3503,0.4,6.6551,False,fuzzy_logic_dynamic_snr,12.7927,0.6195
91,v1,v16,40.0,80.5,60.0,1.0,0.4025,1.2,2.7461,True,fuzzy_logic_dynamic_snr,21.316,0.8646
91,v1,v12,40.0,130.31,80.0,1.0,0.6516,1.6,-1.4736,True,fuzzy_logic_dynamic_snr,20.0797,0.8139
91,v1,v2,40.0,160.03,20.0,1.0,0.8001,0.4,0.9159,True,fuzzy_logic_dynamic_snr,20.8608,0.8447
91,v2,v20,20.0,80.22,60.0,0.6,0.4011,1.2,-17.2297,True,fuzzy_logic_dynamic_snr,10.9201,0.2859
91,v2,v19,20.0,130.03,50.0,0.6,0.6502,1.0,-20.0502,True,fuzzy_logic_dynamic_snr,8.9673,0.1811
91,v2,v1,20.0,160.03,20.0,0.6,0.8001,0.4,-19.0841,True,fuzzy_logic_dynamic_snr,9.6478,0.2234
91,v3,v9,20.0,30.59,60.0,0.6,0.153,1.2,-10.531,True,fuzzy_logic_dynamic_snr,15.438,0.5639
91,v3,v7,20.0,40.0,20.0,0.6,0.2,0.4,-9.4499,True,fuzzy_logic_dynamic_snr,16.0809,0.6084
91,v3,v4,20.0,40.11,0.0,0.6,0.2006,0.0,-5.6524,False,fuzzy_logic_dynamic_snr,0.4847,0.1266
91,v3,v11,20.0,50.0,0.0,0.6,0.25,0.0,-7.1835,False,fuzzy_logic_dynamic_snr,-1.0451,0.108
91,v3,v10,20.0,50.09,50.0,0.6,0.2504,1.0,-13.4212,True,fuzzy_logic_dynamic_snr,13.5695,0.4141
91,v4,v7,40.0,3.0,20.0,1.0,0.015,0.4,28.5491,False,fuzzy_logic_dynamic_snr,34.6867,0.9912
91,v4,v10,40.0,11.66,50.0,1.0,0.0583,1.0,16.7065,True,fuzzy_logic_dynamic_snr,22.4358,0.8975
91,v4,v9,40.0,13.45,60.0,1.0,0.0673,1.2,15.1778,True,fuzzy_logic_dynamic_snr,22.4128,0.8979
91,v4,v3,40.0,40.11,0.0,1.0,0.2006,0.0,14.3476,False,fuzzy_logic_dynamic_snr,20.4853,0.9342
91,v4,v11,40.0,90.05,0.0,1.0,0.4502,0.0,8.7283,False,fuzzy_logic_dynamic_snr,14.8659,0.7465
92,v1,v19,40.0,40.45,70.0,1.0,0.2022,1.4,7.065,True,fuzzy_logic_dynamic_snr,21.9892,0.8979
92,v1,v6,40.0,90.05,10.0,1.0,0.4502,0.2,6.32,False,fuzzy_logic_dynamic_snr,12.4583,0.5752
92,v1,v2,40.0,140.03,10.0,1.0,0.7002,0.2,3.2521,False,fuzzy_logic_dynamic_snr,9.3902,0.3361
92,v1,v16,40.0,140.29,30.0,1.0,0.7014,0.6,0.8311,True,fuzzy_logic_dynamic_snr,20.8311,0.8633
92,v1,v20,40.0,160.25,30.0,1.0,0.8013,0.6,-0.0934,True,fuzzy_logic_dynamic_snr,20.5671,0.8311
92,v2,v20,20.0,20.88,40.0,0.6,0.1044,0.8,-6.7077,True,fuzzy_logic_dynamic_snr,17.6477,0.6945
92,v2,v1,20.0,140.03,10.0,0.6,0.7002,0.2,-16.7479,True,fuzzy_logic_dynamic_snr,11.2383,0.2926
92,v2,v19,20.0,180.02,80.0,0.6,0.9001,1.6,-23.7193,True,fuzzy_logic_dynamic_snr,6.4033,0.1385
92,v3,v10,20.0,3.0,90.0,0.6,0.015,1.8,4.3661,True,fuzzy_logic_dynamic_snr,21.6305,0.8895
92,v3,v9,20.0,30.59,100.0,0.6,0.153,2.0,-12.1013,True,fuzzy_logic_dynamic_snr,14.4193,0.4725
92,v3,v4,20.0,40.11,10.0,0.6,0.2006,0.2,-8.0607,False,fuzzy_logic_dynamic_snr,-1.9236,0.1086
92,v3,v11,20.0,50.0,30.0,0.6,0.25,0.6,-12.0,True,fuzzy_logic_dynamic_snr,14.5095,0.4705
92,v3,v7,20.0,60.0,10.0,0.6,0.3,0.2,-10.8587,True,fuzzy_logic_dynamic_snr,15.2376,0.5174
92,v4,v7,40.0,20.22,0.0,1.0,0.1011,0.0,19.1062,False,fuzzy_logic_dynamic_snr,25.2451,0.976
92,v4,v3,40.0,40.11,10.0,1.0,0.2006,0.2,11.9393,False,fuzzy_logic_dynamic_snr,18.0784,0.8951
92,v4,v10,40.0,40.45,80.0,1.0,0.2022,1.6,6.6558,True,fuzzy_logic_dynamic_snr,21.9649,0.8828
92,v4,v9,40.0,70.58,90.0,1.0,0.3529,1.8,2.4215,True,fuzzy_logic_dynamic_snr,21.2304,0.8668
92,v4,v11,40.0,90.05,20.0,1.0,0.4502,0.4,4.9113,False,fuzzy_logic_dynamic_snr,11.0473,0.4602
93,v1,v6,40.0,80.06,20.0,1.0,0.4003,0.4,5.7287,False,fuzzy_logic_dynamic_snr,11.8684,0.533
93,v1,v19,40.0,110.16,100.0,1.0,0.5508,2.0,-1.0037,True,fuzzy_logic_dynamic_snr,20.2353,0.8172
93,v1,v20,40.0,130.31,80.0,1.0,0.6516,1.6,-1.4736,True,fuzzy_logic_dynamic_snr,20.0705,0.8205
93,v1,v5,40.0,150.0,30.0,1.0,0.75,0.6,0.3661,True,fuzzy_logic_dynamic_snr,20.6969,0.857
93,v1,v2,40.0,150.03,40.0,1.0,0.7501,0.8,-0.4106,True,fuzzy_logic_dynamic_snr,20.4528,0.8328
93,v2,v20,20.0,20.88,40.0,0.6,0.1044,0.8,-6.7077,True,fuzzy_logic_dynamic_snr,17.6734,0.6924
93,v2,v1,20.0,150.03,40.0,0.6,0.7501,0.8,-20.4106,True,fuzzy_logic_dynamic_snr,8.7379,0.1914
93,v3,v4,20.0,30.15,20.0,0.6,0.1507,0.4,-7.4855,True,fuzzy_logic_dynamic_snr,17.2405,0.6854
93,v3,v7,20.0,50.0,10.0,0.6,0.25,0.2,-9.5918,False,fuzzy_logic_dynamic_snr,-3.4534,0.0992
93,v3,v17,20.0,60.3,40.0,0.6,0.3015,0.8,-14.0768,True,fuzzy_logic_dynamic_snr,13.0961,0.4102
93,v3,v11,20.0,80.0,20.0,0.6,0.4,0.4,-14.2664,True,fuzzy_logic_dynamic_snr,13.0435,0.3688
93,v3,v10,20.0,90.05,70.0,0.6,0.4502,1.4,-18.4965,True,fuzzy_logic_dynamic_snr,10.0483,0.234
93,v4,v7,40.0,20.22,30.0,1.0,0.1011,0.6,14.2897,False,fuzzy_logic_dynamic_snr,20.4269,0.9295
93,v4,v3,40.0,30.15,20.0,1.0,0.1507,0.4,12.5145,False,fuzzy_logic_dynamic_snr,18.6515,0.8896
93,v4,v17,40.0,31.32,20.0,1.0,0.1566,0.4,12.2497,False,fuzzy_logic_dynamic_snr,18.3886,0.893
93,v4,v18,40.0,90.2,50.0,1.0,0.451,1.0,2.4915,True,fuzzy_logic_dynamic_snr,21.2562,0.8598
93,v4,v11,40.0,110.04,0.0,1.0,0.5502,0.0,7.3351,False,fuzzy_logic_dynamic_snr,13.4722,0.6734
94,v1,v20,40.0,50.8,30.0,1.0,0.254,0.6,7.8892,False,fuzzy_logic_dynamic_snr,14.026,0.7031
94,v1,v6,40.0,100.04,10.0,1.0,0.5002,0.2,5.5886,False,fuzzy_logic_dynamic_snr,11.7266,0.5219
94,v1,v2,40.0,110.04,20.0,1.0,0.5502,0.4,3.5182,False,fuzzy_logic_dynamic_snr,9.6574,0.3459
94,v1,v13,40.0,170.0,10.0,1.0,0.85,0.2,1.9046,True,fuzzy_logic_dynamic_snr,21.1243,0.851
94,v1,v5,40.0,180.0,0.0,1.0,0.9,0.0,3.9156,True,fuzzy_logic_dynamic_snr,21.5557,0.8836
94,v2,v20,20.0,60.3,50.0,0.6,0.3015,1.0,-14.7102,True,fuzzy_logic_dynamic_snr,12.6622,0.3492
94,v2,v1,20.0,110.04,20.0,0.6,0.5502,0.4,-16.4818,True,fuzzy_logic_dynamic_snr,11.4486,0.2691
94,v3,v4,20.0,10.44,20.0,0.6,0.0522,0.4,-0.1164,True,fuzzy_logic_dynamic_snr,20.5448,0.8467
94,v3,v17,20.0,20.88,50.0,0.6,0.1044,1.0,-7.3411,True,fuzzy_logic_dynamic_snr,17.2725,0.6861
94,v3,v18,20.0,50.09,60.0,0.6,0.2504,1.2,-13.9568,True,fuzzy_logic_dynamic_snr,13.2,0.3953
94,v3,v7,20.0,60.0,20.0,0.6,0.3,0.4,-12.2674,True,fuzzy_logic_dynamic_snr,14.3369,0.4795
94,v3,v11,20.0,100.0,10.0,0.6,0.5,0.2,-14.4082,True,fuzzy_logic_dynamic_snr,12.8735,0.3422
94,v4,v3,40.0,10.44,20.0,1.0,0.0522,0.4,19.8836,False,fuzzy_logic_dynamic_snr,26.0225,0.976
94,v4,v17,40.0,13.45,70.0,1.0,0.0673,1.4,14.7139,True,fuzzy_logic_dynamic_snr,22.4056,0.8943
94,v4,v18,40.0,40.45,80.0,1.0,0.2022,1.6,6.6558,True,fuzzy_logic_dynamic_snr,21.9527,0.8859
94,v4,v7,40.0,50.09,0.0,1.0,0.2504,0.0,12.804,False,fuzzy_logic_dynamic_snr,18.9416,0.8912
94,v4,v11,40.0,110.04,10.0,1.0,0.5502,0.2,4.9269,False,fuzzy_logic_dynamic_snr,11.065,0.4646
95,v1,v20,40.0,21.93,20.0,1.0,0.1097,0.4,14.7259,False,fuzzy_logic_dynamic_snr,20.8634,0.9383
95,v1,v6,40.0,110.04,40.0,1.0,0.5502,0.8,1.7434,True,fuzzy_logic_dynamic_snr,21.0762,0.8684
95,v1,v2,40.0,130.03,20.0,1.0,0.6502,0.4,2.3581,True,fuzzy_logic_dynamic_snr,21.2252,0.8629
95,v1,v13,40.0,160.0,0.0,1.0,0.8,0.0,4.7341,True,fuzzy_logic_dynamic_snr,21.6802,0.8879
95,v1,v5,40.0,180.0,40.0,1.0,0.9,0.8,-1.6761,True,fuzzy_logic_dynamic_snr,20.0057,0.8156
95,v2,v20,20.0,110.16,40.0,0.6,0.5508,0.8,-18.2644,True,fuzzy_logic_dynamic_snr,10.1865,0.2574
95,v2,v1,20.0,130.03,20.0,0.6,0.6502,0.4,-17.6419,True,fuzzy_logic_dynamic_snr,10.6547,0.2432
95,v3,v18,20.0,10.44,60.0,0.6,0.0522,1.2,-3.0602,True,fuzzy_logic_dynamic_snr,19.4352,0.7645
95,v3,v4,20.0,30.15,0.0,0.6,0.1507,0.0,-3.6685,False,fuzzy_logic_dynamic_snr,2.4681,0.134
95,v3,v17,20.0,30.59,70.0,0.6,0.153,1.4,-10.9949,True,fuzzy_logic_dynamic_snr,15.1497,0.5359
95,v3,v7,20.0,80.0,30.0,0.6,0.4,0.6,-15.2659,True,fuzzy_logic_dynamic_snr,12.2819,0.3455
95,v3,v11,20.0,90.0,0.0,0.6,0.45,0.0,-11.2679,True,fuzzy_logic_dynamic_snr,14.9817,0.5236
95,v4,v3,40.0,30.15,0.0,1.0,0.1507,0.0,16.3315,False,fuzzy_logic_dynamic_snr,22.4691,0.9529
95,v4,v18,40.0,40.45,60.0,1.0,0.2022,1.2,7.5289,True,fuzzy_logic_dynamic_snr,22.0483,0.8949
95,v4,v7,40.0,50.09,30.0,1.0,0.2504,0.6,7.9875,False,fuzzy_logic_dynamic_snr,14.1237,0.7117
95,v4,v17,40.0,60.67,70.0,1.0,0.3034,1.4,4.2476,True,fuzzy_logic_dynamic_snr,21.6119,0.8789
95,v4,v11,40.0,120.04,0.0,1.0,0.6002,0.0,6.7309,False,fuzzy_logic_dynamic_snr,12.8682,0.6143
96,v1,v20,40.0,9.0,70.0,1.0,0.045,1.4,17.5074,True,fuzzy_logic_dynamic_snr,22.4474,0.9018
96,v1,v6,40.0,70.06,10.0,1.0,0.3503,0.2,8.0638,False,fuzzy_logic_dynamic_snr,14.202,0.7188
96,v1,v5,40.0,140.0,10.0,1.0,0.7,0.2,3.2537,False,fuzzy_logic_dynamic_snr,9.3897,0.3227
96,v1,v2,40.0,150.03,10.0,1.0,0.7501,0.2,2.7729,False,fuzzy_logic_dynamic_snr,8.9115,0.2965
96,v1,v13,40.0,160.0,10.0,1.0,0.8,0.2,2.3258,True,fuzzy_logic_dynamic_snr,21.2232,0.8576
96,v2,v1,20.0,150.03,10.0,0.6,0.7501,0.2,-17.2271,True,fuzzy_logic_dynamic_snr,10.9532,0.277
96,v2,v20,20.0,150.12,80.0,0.6,0.7506,1.6,-22.457,True,fuzzy_logic_dynamic_snr,7.3135,0.1467
96,v3,v4,20.0,30.15,40.0,0.6,0.1507,0.8,-9.2603,True,fuzzy_logic_dynamic_snr,16.1829,0.593
96,v3,v18,20.0,70.06,60.0,0.6,0.3503,1.2,-16.2887,True,fuzzy_logic_dynamic_snr,11.6095,0.3037
96,v3,v11,20.0,90.0,40.0,0.6,0.45,0.8,-16.8596,True,fuzzy_logic_dynamic_snr,11.2016,0.2602
96,v3,v17,20.0,100.18,70.0,0.6,0.5009,1.4,-19.2372,True,fuzzy_logic_dynamic_snr,9.5817,0.2135
96,v3,v7,20.0,110.0,30.0,0.6,0.55,0.6,-17.4788,True,fuzzy_logic_dynamic_snr,10.7752,0.2697
96,v4,v3,40.0,30.15,40.0,1.0,0.1507,0.8,10.7397,True,fuzzy_logic_dynamic_snr,22.2711,0.8973
96,v4,v7,40.0,80.06,10.0,1.0,0.4003,0.2,7.1374,False,fuzzy_logic_dynamic_snr,13.2735,0.6508
96,v4,v18,40.0,100.18,20.0,1.0,0.5009,0.4,4.1705,False,fuzzy_logic_dynamic_snr,10.3066,0.4023
96,v4,v11,40.0,120.04,0.0,1.0,0.6002,0.0,6.7309,False,fuzzy_logic_dynamic_snr,12.8684,0.6193
96,v4,v17,40.0,130.31,30.0,1.0,0.6516,0.6,1.3438,True,fuzzy_logic_dynamic_snr,20.9837,0.8512
97,v1,v6,40.0,60.07,40.0,1.0,0.3004,0.8,5.9491,True,fuzzy_logic_dynamic_snr,21.8709,0.8846
97,v1,v20,40.0,70.58,60.0,1.0,0.3529,1.2,3.6607,True,fuzzy_logic_dynamic_snr,21.5028,0.8691
97,v1,v5,40.0,130.0,40.0,1.0,0.65,0.8,0.5851,True,fuzzy_logic_dynamic_snr,20.7679,0.8355
97,v1,v2,40.0,160.03,40.0,1.0,0.8001,0.8,-0.8589,True,fuzzy_logic_dynamic_snr,20.3012,0.8248
97,v1,v13,40.0,170.0,20.0,1.0,0.85,0.4,0.4958,True,fuzzy_logic_dynamic_snr,20.7333,0.8299
97,v2,v1,20.0,160.03,40.0,0.6,0.8001,0.8,-20.8589,True,fuzzy_logic_dynamic_snr,8.4049,0.1818
97,v3,v4,20.0,10.44,0.0,0.6,0.0522,0.0,3.7006,False,fuzzy_logic_dynamic_snr,9.84,0.3557
97,v3,v7,20.0,80.0,40.0,0.6,0.4,0.8,-16.0412,True,fuzzy_logic_dynamic_snr,11.7201,0.2957
97,v3,v15,20.0,120.0,20.0,0.6,0.6,0.4,-17.0839,True,fuzzy_logic_dynamic_snr,11.0498,0.282
97,v3,v11,20.0,130.0,10.0,0.6,0.65,0.2,-16.2313,True,fuzzy_logic_dynamic_snr,11.6211,0.3027
97,v3,v18,20.0,130.03,70.0,0.6,0.6502,1.4,-21.0497,True,fuzzy_logic_dynamic_snr,8.2985,0.1861
97,v4,v3,40.0,10.44,0.0,1.0,0.0522,0.0,23.7006,False,fuzzy_logic_dynamic_snr,29.8403,0.9838
97,v4,v7,40.0,90.05,40.0,1.0,0.4502,0.8,3.1365,True,fuzzy_logic_dynamic_snr,21.4017,0.873
97,v4,v15,40.0,110.04,20.0,1.0,0.5502,0.4,3.5182,False,fuzzy_logic_dynamic_snr,9.6548,0.3652
97,v4,v11,40.0,120.04,10.0,1.0,0.6002,0.2,4.3227,False,fuzzy_logic_dynamic_snr,10.4637,0.408
97,v4,v18,40.0,120.15,70.0,1.0,0.6007,1.4,-0.5003,True,fuzzy_logic_dynamic_snr,20.4418,0.8441
98,v1,v6,40.0,20.22,0.0,1.0,0.1011,0.0,19.1062,False,fuzzy_logic_dynamic_snr,25.2426,0.9701
98,v1,v5,40.0,90.0,20.0,1.0,0.45,0.4,4.9151,False,fuzzy_logic_dynamic_snr,11.0525,0.4559
98,v1,v20,40.0,130.31,60.0,1.0,0.6516,1.2,-0.6005,True,fuzzy_logic_dynamic_snr,20.4026,0.8283
98,v1,v13,40.0,150.0,10.0,1.0,0.75,0.2,2.7743,False,fuzzy_logic_dynamic_snr,8.9127,0.3002
98,v3,v4,20.0,10.44,20.0,0.6,0.0522,0.4,-0.1164,True,fuzzy_logic_dynamic_snr,20.5386,0.8486
98,v3,v7,20.0,40.0,10.0,0.6,0.2,0.2,-8.0412,False,fuzzy_logic_dynamic_snr,-1.9047,0.1125
98,v3,v11,20.0,140.0,10.0,0.6,0.7,0.2,-16.7463,True,fuzzy_logic_dynamic_snr,11.2803,0.2676
98,v3,v15,20.0,140.0,20.0,0.6,0.7,0.4,-18.155,True,fuzzy_logic_dynamic_snr,10.234,0.2469
98,v3,v8,20.0,150.03,30.0,0.6,0.7501,0.6,-19.6353,True,fuzzy_logic_dynamic_snr,9.2298,0.1975
98,v4,v3,40.0,10.44,20.0,1.0,0.0522,0.4,19.8836,False,fuzzy_logic_dynamic_snr,26.0206,0.9779
98,v4,v7,40.0,50.09,10.0,1.0,0.2504,0.2,10.3958,False,fuzzy_logic_dynamic_snr,16.5324,0.8348
98,v4,v11,40.0,130.03,10.0,1.0,0.6502,0.2,3.7668,False,fuzzy_logic_dynamic_snr,9.9015,0.366
98,v4,v15,40.0,130.03,0.0,1.0,0.6502,0.0,6.1751,False,fuzzy_logic_dynamic_snr,12.3131,0.5717
98,v4,v8,40.0,140.0,10.0,1.0,0.7,0.2,3.2537,False,fuzzy_logic_dynamic_snr,9.3924,0.3229
99,v1,v6,40.0,20.22,0.0,1.0,0.1011,0.0,19.1062,False,fuzzy_logic_dynamic_snr,25.246,0.9701
99,v1,v5,40.0,70.0,10.0,1.0,0.35,0.2,8.0702,False,fuzzy_logic_dynamic_snr,14.2096,0.7281
99,v1,v13,40.0,140.0,0.0,1.0,0.7,0.0,5.662,False,fuzzy_logic_dynamic_snr,11.7995,0.5248
99,v1,v2,40.0,190.02,20.0,1.0,0.9501,0.4,-0.2779,True,fuzzy_logic_dynamic_snr,20.5007,0.8404
99,v1,v20,40.0,190.21,60.0,1.0,0.9511,1.2,-3.2286,True,fuzzy_logic_dynamic_snr,19.368,0.7852
99,v2,v1,20.0,190.02,20.0,0.6,0.9501,0.4,-20.2779,True,fuzzy_logic_dynamic_snr,8.7702,0.1939
99,v3,v4,20.0,10.44,10.0,0.6,0.0522,0.2,1.2923,False,fuzzy_logic_dynamic_snr,7.432,0.2248
99,v3,v7,20.0,50.0,30.0,0.6,0.25,0.6,-12.0,True,fuzzy_logic_dynamic_snr,14.4948,0.4854
99,v3,v15,20.0,120.0,10.0,0.6,0.6,0.2,-15.6751,True,fuzzy_logic_dynamic_snr,12.0162,0.2959
99,v3,v8,20.0,120.04,20.0,0.6,0.6002,0.4,-17.086,True,fuzzy_logic_dynamic_snr,11.0035,0.2885
99,v3,v11,20.0,130.0,30.0,0.6,0.65,0.6,-18.6396,True,fuzzy_logic_dynamic_snr,9.9211,0.216
99,v4,v3,40.0,10.44,10.0,1.0,0.0522,0.2,21.2923,False,fuzzy_logic_dynamic_snr,27.4294,0.976
99,v4,v7,40.0,40.11,40.0,1.0,0.2006,0.8,8.7558,True,fuzzy_logic_dynamic_snr,22.1503,0.8928
99,v4,v8,40.0,130.0,30.0,1.0,0.65,0.6,1.3604,True,fuzzy_logic_dynamic_snr,20.99,0.8566
99,v4,v15,40.0,130.03,20.0,1.0,0.6502,0.4,2.3581,True,fuzzy_logic_dynamic_snr,21.2402,0.8695
99,v4,v11,40.0,140.03,40.0,1.0,0.7002,0.8,0.0686,True,fuzzy_logic_dynamic_snr,20.6109,0.8348
100,v1,v6,40.0,20.22,10.0,1.0,0.1011,0.2,16.698,False,fuzzy_logic_dynamic_snr,22.8361,0.9598
100,v1,v5,40.0,60.0,30.0,1.0,0.3,0.6,6.7331,False,fuzzy_logic_dynamic_snr,12.8719,0.6045
100,v1,v13,40.0,140.0,30.0,1.0,0.7,0.6,0.8455,True,fuzzy_logic_dynamic_snr,20.8471,0.8393
100,v3,v7,20.0,20.0,30.0,0.6,0.1,0.6,-5.633,True,fuzzy_logic_dynamic_snr,18.2112,0.7508
100,v3,v4,20.0,20.22,10.0,0.6,0.1011,0.2,-3.302,False,fuzzy_logic_dynamic_snr,2.8365,0.1418
100,v3,v15,20.0,130.0,10.0,0.6,0.65,0.2,-16.2313,True,fuzzy_logic_dynamic_snr,11.629,0.3068
100,v3,v8,20.0,140.03,0.0,0.6,0.7002,0.0,-14.3396,True,fuzzy_logic_dynamic_snr,12.9475,0.3615
100,v3,v11,20.0,160.0,10.0,0.6,0.8,0.2,-17.6742,True,fuzzy_logic_dynamic_snr,10.6435,0.2676
100,v4,v7,40.0,3.0,20.0,1.0,0.015,0.4,28.5491,False,fuzzy_logic_dynamic_snr,34.6856,0.9932
100,v4,v3,40.0,20.22,10.0,1.0,0.1011,0.2,16.698,False,fuzzy_logic_dynamic_snr,22.8367,0.9574
100,v4,v15,40.0,150.03,0.0,1.0,0.7501,0.0,5.1812,False,fuzzy_logic_dynamic_snr,11.3185,0.482
100,v4,v8,40.0,160.0,10.0,1.0,0.8,0.2,2.3258,True,fuzzy_logic_dynamic_snr,21.2317,0.86
100,v4,v11,40.0,180.02,20.0,1.0,0.9001,0.4,0.0977,True,fuzzy_logic_dynamic_snr,20.6198,0.8498
101,v1,v6,40.0,10.44,10.0,1.0,0.0522,0.2,21.2923,False,fuzzy_logic_dynamic_snr,27.4275,0.9799
101,v1,v5,40.0,30.0,0.0,1.0,0.15,0.0,16.3661,False,fuzzy_logic_dynamic_snr,22.5042,0.951
101,v1,v13,40.0,110.0,30.0,1.0,0.55,0.6,2.5212,True,fuzzy_logic_dynamic_snr,21.2411,0.8654
101,v3,v7,20.0,10.0,0.0,0.6,0.05,0.0,4.0,False,fuzzy_logic_dynamic_snr,10.1369,0.3803
101,v3,v4,20.0,10.44,20.0,0.6,0.0522,0.4,-0.1164,True,fuzzy_logic_dynamic_snr,20.554,0.8367
101,v3,v15,20.0,140.0,0.0,0.6,0.7,0.0,-14.338,True,fuzzy_logic_dynamic_snr,12.9262,0.3473
101,v3,v8,20.0,140.03,30.0,0.6,0.7002,0.6,-19.1561,True,fuzzy_logic_dynamic_snr,9.6016,0.2051
101,v3,v11,20.0,150.0,0.0,0.6,0.75,0.0,-14.8175,True,fuzzy_logic_dynamic_snr,12.5906,0.3707
101,v4,v3,40.0,10.44,20.0,1.0,0.0522,0.4,19.8836,False,fuzzy_logic_dynamic_snr,26.0224,0.975
101,v4,v7,40.0,20.22,20.0,1.0,0.1011,0.4,15.2892,False,fuzzy_logic_dynamic_snr,21.4281,0.9457
101,v4,v8,40.0,150.0,10.0,1.0,0.75,0.2,2.7743,False,fuzzy_logic_dynamic_snr,8.9129,0.2947
101,v4,v15,40.0,150.03,20.0,1.0,0.7501,0.4,1.3642,True,fuzzy_logic_dynamic_snr,20.9854,0.8498
101,v4,v11,40.0,160.03,20.0,1.0,0.8001,0.4,0.9159,True,fuzzy_logic_dynamic_snr,20.8483,0.8434
102,v1,v6,40.0,20.22,30.0,1.0,0.1011,0.6,14.2897,False,fuzzy_logic_dynamic_snr,20.4266,0.9359
102,v1,v5,40.0,30.0,40.0,1.0,0.15,0.8,10.7743,True,fuzzy_logic_dynamic_snr,22.2761,0.893
102,v1,v13,40.0,140.0,30.0,1.0,0.7,0.6,0.8455,True,fuzzy_logic_dynamic_snr,20.8447,0.8492
102,v3,v7,20.0,10.0,20.0,0.6,0.05,0.4,0.183,True,fuzzy_logic_dynamic_snr,20.6444,0.8361
102,v3,v4,20.0,10.44,10.0,0.6,0.0522,0.2,1.2923,False,fuzzy_logic_dynamic_snr,7.4291,0.2141
102,v3,v15,20.0,140.0,20.0,0.6,0.7,0.4,-18.155,True,fuzzy_logic_dynamic_snr,10.2653,0.2488
102,v3,v11,20.0,150.0,0.0,0.6,0.75,0.0,-14.8175,True,fuzzy_logic_dynamic_snr,12.5628,0.373
102,v3,v8,20.0,170.03,20.0,0.6,0.8501,0.4,-19.5052,True,fuzzy_logic_dynamic_snr,9.3807,0.2111
102,v4,v7,40.0,3.0,10.0,1.0,0.015,0.2,29.9578,False,fuzzy_logic_dynamic_snr,36.0936,0.9941
102,v4,v3,40.0,10.44,10.0,1.0,0.0522,0.2,21.2923,False,fuzzy_logic_dynamic_snr,27.4288,0.9779
102,v4,v15,40.0,130.03,10.0,1.0,0.6502,0.2,3.7668,False,fuzzy_logic_dynamic_snr,9.9054,0.3777
102,v4,v11,40.0,140.03,10.0,1.0,0.7002,0.2,3.2521,False,fuzzy_logic_dynamic_snr,9.3884,0.3299
102,v4,v8,40.0,160.0,10.0,1.0,0.8,0.2,2.3258,True,fuzzy_logic_dynamic_snr,21.2164,0.8619
103,v1,v6,40.0,50.09,30.0,1.0,0.2504,0.6,7.9875,False,fuzzy_logic_dynamic_snr,14.1238,0.7127
103,v1,v5,40.0,70.0,20.0,1.0,0.35,0.4,6.6615,False,fuzzy_logic_dynamic_snr,12.8003,0.6037
103,v1,v13,40.0,170.0,0.0,1.0,0.85,0.0,4.3128,True,fuzzy_logic_dynamic_snr,21.6119,0.8697
103,v3,v4,20.0,3.0,10.0,0.6,0.015,0.2,9.9578,False,fuzzy_logic_dynamic_snr,16.0953,0.8086
103,v3,v7,20.0,10.0,30.0,0.6,0.05,0.6,-0.8165,True,fuzzy_logic_dynamic_snr,20.3169,0.8293
103,v3,v15,20.0,120.0,10.0,0.6,0.6,0.2,-15.6751,True,fuzzy_logic_dynamic_snr,12.018,0.3412
103,v3,v11,20.0,150.0,10.0,0.6,0.75,0.2,-17.2257,True,fuzzy_logic_dynamic_snr,10.9451,0.2387
103,v3,v8,20.0,150.03,30.0,0.6,0.7501,0.6,-19.6353,True,fuzzy_logic_dynamic_snr,9.2667,0.2111
103,v4,v3,40.0,3.0,10.0,1.0,0.015,0.2,29.9578,False,fuzzy_logic_dynamic_snr,36.0954,0.9922
103,v4,v7,40.0,10.44,20.0,1.0,0.0522,0.4,19.8836,False,fuzzy_logic_dynamic_snr,26.0219,0.9691
103,v4,v15,40.0,120.04,0.0,1.0,0.6002,0.0,6.7309,False,fuzzy_logic_dynamic_snr,12.8688,0.6275
103,v4,v8,40.0,150.0,20.0,1.0,0.75,0.4,1.3656,True,fuzzy_logic_dynamic_snr,20.9823,0.851
103,v4,v11,40.0,150.03,20.0,1.0,0.7501,0.4,1.3642,True,fuzzy_logic_dynamic_snr,20.9708,0.8516
104,v1,v6,40.0,80.06,0.0,1.0,0.4003,0.0,9.5457,False,fuzzy_logic_dynamic_snr,15.6828,0.8014
104,v1,v5,40.0,90.0,30.0,1.0,0.45,0.6,3.9156,False,fuzzy_logic_dynamic_snr,10.0539,0.366
104,v1,v13,40.0,170.0,10.0,1.0,0.85,0.2,1.9046,True,fuzzy_logic_dynamic_snr,21.1198,0.8715
104,v3,v4,20.0,10.44,10.0,0.6,0.0522,0.2,1.2923,False,fuzzy_logic_dynamic_snr,7.431,0.2244
104,v3,v7,20.0,20.0,10.0,0.6,0.1,0.2,-3.2247,False,fuzzy_logic_dynamic_snr,2.9119,0.1369
104,v3,v15,20.0,130.0,20.0,0.6,0.65,0.4,-17.6401,True,fuzzy_logic_dynamic_snr,10.6246,0.2791
104,v3,v11,20.0,140.0,20.0,0.6,0.7,0.4,-18.155,True,fuzzy_logic_dynamic_snr,10.2904,0.2457
104,v3,v8,20.0,180.02,30.0,0.6,0.9001,0.6,-20.9018,True,fuzzy_logic_dynamic_snr,8.391,0.174
104,v4,v3,40.0,10.44,10.0,1.0,0.0522,0.2,21.2923,False,fuzzy_logic_dynamic_snr,27.4297,0.9785
104,v4,v7,40.0,10.44,0.0,1.0,0.0522,0.0,23.7006,False,fuzzy_logic_dynamic_snr,29.8366,0.9902
104,v4,v15,40.0,120.04,10.0,1.0,0.6002,0.2,4.3227,False,fuzzy_logic_dynamic_snr,10.4607,0.4066
104,v4,v11,40.0,130.03,10.0,1.0,0.6502,0.2,3.7668,False,fuzzy_logic_dynamic_snr,9.9037,0.3637
104,v4,v8,40.0,170.0,20.0,1.0,0.85,0.4,0.4958,True,fuzzy_logic_dynamic_snr,20.7405,0.85
105,v1,v6,40.0,80.06,20.0,1.0,0.4003,0.4,5.7287,False,fuzzy_logic_dynamic_snr,11.8673,0.5307
105,v1,v5,40.0,120.0,0.0,1.0,0.6,0.0,6.7331,False,fuzzy_logic_dynamic_snr,12.8722,0.6129
105,v1,v13,40.0,160.0,30.0,1.0,0.8,0.6,-0.0824,True,fuzzy_logic_dynamic_snr,20.5596,0.8531
105,v1,v2,40.0,190.02,10.0,1.0,0.9501,0.2,1.1308,True,fuzzy_logic_dynamic_snr,20.9104,0.8549
105,v2,v1,20.0,190.02,10.0,0.6,0.9501,0.2,-18.8692,True,fuzzy_logic_dynamic_snr,9.7772,0.2445
105,v3,v4,20.0,3.0,0.0,0.6,0.015,0.0,12.3661,False,fuzzy_logic_dynamic_snr,18.5042,0.8854
105,v3,v7,20.0,10.0,10.0,0.6,0.05,0.2,1.5918,False,fuzzy_logic_dynamic_snr,7.7288,0.2229
105,v3,v15,20.0,110.0,30.0,0.6,0.55,0.6,-17.4788,True,fuzzy_logic_dynamic_snr,10.7629,0.2422
105,v3,v11,20.0,120.0,10.0,0.6,0.6,0.2,-15.6751,True,fuzzy_logic_dynamic_snr,12.0071,0.3141
105,v3,v8,20.0,150.03,10.0,0.6,0.7501,0.2,-17.2271,True,fuzzy_logic_dynamic_snr,10.9306,0.2939
105,v4,v3,40.0,3.0,0.0,1.0,0.015,0.0,32.3661,False,fuzzy_logic_dynamic_snr,38.5035,0.998
105,v4,v7,40.0,10.44,10.0,1.0,0.0522,0.2,21.2923,False,fuzzy_logic_dynamic_snr,27.4303,0.975
105,v4,v15,40.0,110.04,30.0,1.0,0.5502,0.6,2.5187,True,fuzzy_logic_dynamic_snr,21.2692,0.8572
105,v4,v11,40.0,120.04,10.0,1.0,0.6002,0.2,4.3227,False,fuzzy_logic_dynamic_snr,10.461,0.4031
105,v4,v8,40.0,150.0,10.0,1.0,0.75,0.2,2.7743,False,fuzzy_logic_dynamic_snr,8.9096,0.3002
106,v1,v6,40.0,60.07,30.0,1.0,0.3004,0.6,6.7244,False,fuzzy_logic_dynamic_snr,12.86,0.6229
106,v1,v5,40.0,120.0,40.0,1.0,0.6,0.8,1.1413,True,fuzzy_logic_dynamic_snr,20.9178,0.8604
106,v1,v13,40.0,130.0,30.0,1.0,0.65,0.6,1.3604,True,fuzzy_logic_dynamic_snr,20.9889,0.8584
106,v1,v2,40.0,180.02,10.0,1.0,0.9001,0.2,1.5064,True,fuzzy_logic_dynamic_snr,21.0226,0.8588
106,v2,v1,20.0,180.02,10.0,0.6,0.9001,0.2,-18.4936,True,fuzzy_logic_dynamic_snr,10.0767,0.2416
106,v3,v4,20.0,3.0,10.0,0.6,0.015,0.2,9.9578,False,fuzzy_logic_dynamic_snr,16.0961,0.8326
106,v3,v7,20.0,20.0,10.0,0.6,0.1,0.2,-3.2247,False,fuzzy_logic_dynamic_snr,2.9133,0.1324
106,v3,v15,20.0,80.0,10.0,0.6,0.4,0.2,-12.8577,True,fuzzy_logic_dynamic_snr,13.9243,0.4391
106,v3,v11,20.0,110.0,10.0,0.6,0.55,0.2,-15.0705,True,fuzzy_logic_dynamic_snr,12.4266,0.3328
106,v3,v8,20.0,140.03,30.0,0.6,0.7002,0.6,-19.1561,True,fuzzy_logic_dynamic_snr,9.6024,0.2104
106,v4,v3,40.0,3.0,10.0,1.0,0.015,0.2,29.9578,False,fuzzy_logic_dynamic_snr,36.0966,0.9941
106,v4,v7,40.0,20.22,20.0,1.0,0.1011,0.4,15.2892,False,fuzzy_logic_dynamic_snr,21.4263,0.95
106,v4,v15,40.0,80.06,0.0,1.0,0.4003,0.0,9.5457,False,fuzzy_logic_dynamic_snr,15.6838,0.8014
106,v4,v11,40.0,110.04,0.0,1.0,0.5502,0.0,7.3351,False,fuzzy_logic_dynamic_snr,13.4733,0.6703
106,v4,v8,40.0,140.0,40.0,1.0,0.7,0.8,0.0702,True,fuzzy_logic_dynamic_snr,20.6233,0.8494
107,v1,v6,40.0,90.05,10.0,1.0,0.4502,0.2,6.32,False,fuzzy_logic_dynamic_snr,12.4566,0.5764
107,v1,v5,40.0,160.0,10.0,1.0,0.8,0.2,2.3258,True,fuzzy_logic_dynamic_snr,21.2068,0.8744
107,v1,v13,40.0,160.0,20.0,1.0,0.8,0.4,0.9171,True,fuzzy_logic_dynamic_snr,20.8557,0.8523
107,v1,v2,40.0,170.03,40.0,1.0,0.8501,0.8,-1.28,True,fuzzy_logic_dynamic_snr,20.1665,0.8316
107,v2,v1,20.0,170.03,40.0,0.6,0.8501,0.8,-21.28,True,fuzzy_logic_dynamic_snr,8.1025,0.1803
107,v3,v4,20.0,10.44,10.0,0.6,0.0522,0.2,1.2923,False,fuzzy_logic_dynamic_snr,7.4301,0.2188
107,v3,v7,20.0,30.0,10.0,0.6,0.15,0.2,-6.0422,False,fuzzy_logic_dynamic_snr,0.096,0.1246
107,v3,v15,20.0,70.0,30.0,0.6,0.35,0.6,-14.338,True,fuzzy_logic_dynamic_snr,12.911,0.3945
107,v3,v11,20.0,100.0,10.0,0.6,0.5,0.2,-14.4082,True,fuzzy_logic_dynamic_snr,12.915,0.3555
107,v3,v8,20.0,170.03,0.0,0.6,0.8501,0.0,-15.6883,True,fuzzy_logic_dynamic_snr,12.0072,0.3461
107,v4,v3,40.0,10.44,10.0,1.0,0.0522,0.2,21.2923,False,fuzzy_logic_dynamic_snr,27.4311,0.9775
107,v4,v7,40.0,40.11,0.0,1.0,0.2006,0.0,14.3476,False,fuzzy_logic_dynamic_snr,20.4869,0.9379
107,v4,v15,40.0,80.06,20.0,1.0,0.4003,0.4,5.7287,False,fuzzy_logic_dynamic_snr,11.8675,0.5312
107,v4,v11,40.0,110.04,0.0,1.0,0.5502,0.0,7.3351,False,fuzzy_logic_dynamic_snr,13.4733,0.6666
107,v4,v8,40.0,180.0,10.0,1.0,0.9,0.2,1.5074,True,fuzzy_logic_dynamic_snr,21.022,0.859
108,v1,v6,40.0,80.06,10.0,1.0,0.4003,0.2,7.1374,False,fuzzy_logic_dynamic_snr,13.2764,0.6475
108,v1,v13,40.0,140.0,0.0,1.0,0.7,0.0,5.662,False,fuzzy_logic_dynamic_snr,11.8023,0.5297
108,v1,v5,40.0,150.0,40.0,1.0,0.75,0.8,-0.4092,True,fuzzy_logic_dynamic_snr,20.4305,0.8342
108,v3,v7,20.0,20.0,0.0,0.6,0.1,0.0,-0.8165,False,fuzzy_logic_dynamic_snr,5.3215,0.1701
108,v3,v4,20.0,20.22,30.0,0.6,0.1011,0.6,-5.7103,True,fuzzy_logic_dynamic_snr,18.1946,0.7457
108,v3,v15,20.0,40.0,10.0,0.6,0.2,0.2,-8.0412,False,fuzzy_logic_dynamic_snr,-1.9044,0.1045
108,v3,v11,20.0,90.0,30.0,0.6,0.45,0.6,-16.0844,True,fuzzy_logic_dynamic_snr,11.7148,0.2826
108,v3,v8,20.0,170.03,30.0,0.6,0.8501,0.6,-20.5047,True,fuzzy_logic_dynamic_snr,8.6569,0.2053
108,v4,v3,40.0,20.22,30.0,1.0,0.1011,0.6,14.2897,False,fuzzy_logic_dynamic_snr,20.4262,0.9371
108,v4,v7,40.0,40.11,30.0,1.0,0.2006,0.6,9.5311,False,fuzzy_logic_dynamic_snr,15.6684,0.8082
108,v4,v15,40.0,60.07,40.0,1.0,0.3004,0.8,5.9491,True,fuzzy_logic_dynamic_snr,21.8684,0.8854
108,v4,v11,40.0,110.04,0.0,1.0,0.5502,0.0,7.3351,False,fuzzy_logic_dynamic_snr,13.4716,0.6574
108,v4,v8,40.0,190.0,0.0,1.0,0.95,0.0,3.5399,True,fuzzy_logic_dynamic_snr,21.4889,0.876
109,v1,v6,40.0,70.06,20.0,1.0,0.3503,0.4,6.6551,False,fuzzy_logic_dynamic_snr,12.7911,0.6107
109,v1,v5,40.0,110.0,20.0,1.0,0.55,0.4,3.5207,False,fuzzy_logic_dynamic_snr,9.657,0.3385
109,v1,v13,40.0,140.0,40.0,1.0,0.7,0.8,0.0702,True,fuzzy_logic_dynamic_snr,20.6137,0.8545
109,v3,v7,20.0,20.0,0.0,0.6,0.1,0.0,-0.8165,False,fuzzy_logic_dynamic_snr,5.3197,0.1617
109,v3,v15,20.0,50.0,0.0,0.6,0.25,0.0,-7.1835,False,fuzzy_logic_dynamic_snr,-1.0447,0.1162
109,v3,v4,20.0,50.09,10.0,0.6,0.2504,0.2,-9.6042,False,fuzzy_logic_dynamic_snr,-3.4657,0.1035
109,v3,v11,20.0,60.0,0.0,0.6,0.3,0.0,-8.4504,True,fuzzy_logic_dynamic_snr,16.6852,0.6379
109,v3,v8,20.0,140.03,20.0,0.6,0.7002,0.4,-18.1566,True,fuzzy_logic_dynamic_snr,10.2383,0.2336
109,v4,v3,40.0,50.09,10.0,1.0,0.2504,0.2,10.3958,False,fuzzy_logic_dynamic_snr,16.5324,0.8357
109,v4,v7,40.0,70.06,10.0,1.0,0.3503,0.2,8.0638,False,fuzzy_logic_dynamic_snr,14.2004,0.7277
109,v4,v15,40.0,100.04,10.0,1.0,0.5002,0.2,5.5886,False,fuzzy_logic_dynamic_snr,11.7248,0.5105
109,v4,v11,40.0,110.04,10.0,1.0,0.5502,0.2,4.9269,False,fuzzy_logic_dynamic_snr,11.0647,0.4469
109,v4,v8,40.0,190.0,30.0,1.0,0.95,0.6,-1.2765,True,fuzzy_logic_dynamic_snr,20.1461,0.8277
110,v1,v6,40.0,90.05,10.0,1.0,0.4502,0.2,6.32,False,fuzzy_logic_dynamic_snr,12.4574,0.5713
110,v1,v5,40.0,130.0,20.0,1.0,0.65,0.4,2.3599,True,fuzzy_logic_dynamic_snr,21.2256,0.8602
110,v1,v13,40.0,180.0,30.0,1.0,0.9,0.6,-0.9008,True,fuzzy_logic_dynamic_snr,20.2805,0.8332
110,v3,v7,20.0,20.0,10.0,0.6,0.1,0.2,-3.2247,False,fuzzy_logic_dynamic_snr,2.9128,0.1385
110,v3,v15,20.0,50.0,20.0,0.6,0.25,0.4,-11.0005,True,fuzzy_logic_dynamic_snr,15.1133,0.5268
110,v3,v11,20.0,60.0,20.0,0.6,0.3,0.4,-12.2674,True,fuzzy_logic_dynamic_snr,14.3107,0.4693
110,v3,v4,20.0,60.07,0.0,0.6,0.3004,0.0,-8.4591,True,fuzzy_logic_dynamic_snr,16.6752,0.6605
110,v3,v8,20.0,160.03,0.0,0.6,0.8001,0.0,-15.2671,True,fuzzy_logic_dynamic_snr,12.2768,0.332
110,v4,v3,40.0,60.07,0.0,1.0,0.3004,0.0,11.5409,False,fuzzy_logic_dynamic_snr,17.6787,0.8697
110,v4,v7,40.0,80.06,10.0,1.0,0.4003,0.2,7.1374,False,fuzzy_logic_dynamic_snr,13.2739,0.6496
110,v4,v15,40.0,110.04,20.0,1.0,0.5502,0.4,3.5182,False,fuzzy_logic_dynamic_snr,9.6551,0.3457
110,v4,v11,40.0,120.04,20.0,1.0,0.6002,0.4,2.914,False,fuzzy_logic_dynamic_snr,9.0508,0.3061
111,v1,v6,40.0,100.04,10.0,1.0,0.5002,0.2,5.5886,False,fuzzy_logic_dynamic_snr,11.7257,0.5164
111,v1,v5,40.0,150.0,30.0,1.0,0.75,0.6,0.3661,True,fuzzy_logic_dynamic_snr,20.6949,0.8455
111,v1,v2,40.0,180.02,20.0,1.0,0.9001,0.4,0.0977,True,fuzzy_logic_dynamic_snr,20.6078,0.8457
111,v2,v1,20.0,180.02,20.0,0.6,0.9001,0.4,-19.9023,True,fuzzy_logic_dynamic_snr,9.0767,0.2004
111,v3,v7,20.0,30.0,20.0,0.6,0.15,0.4,-7.4509,True,fuzzy_logic_dynamic_snr,17.26,0.6803
111,v3,v4,20.0,60.07,10.0,0.6,0.3004,0.2,-10.8673,True,fuzzy_logic_dynamic_snr,15.2518,0.532
111,v3,v15,20.0,70.0,0.0,0.6,0.35,0.0,-9.5216,True,fuzzy_logic_dynamic_snr,16.0326,0.5902
111,v3,v11,20.0,80.0,20.0,0.6,0.4,0.4,-14.2664,True,fuzzy_logic_dynamic_snr,13.0011,0.377
111,v3,v8,20.0,160.03,10.0,0.6,0.8001,0.2,-17.6754,True,fuzzy_logic_dynamic_snr,10.6176,0.2561
111,v4,v3,40.0,60.07,10.0,1.0,0.3004,0.2,9.1327,False,fuzzy_logic_dynamic_snr,15.2681,0.782
111,v4,v7,40.0,90.05,30.0,1.0,0.4502,0.6,3.9118,True,fuzzy_logic_dynamic_snr,21.5578,0.8705
111,v4,v15,40.0,130.03,10.0,1.0,0.6502,0.2,3.7668,False,fuzzy_logic_dynamic_snr,9.9057,0.3639
111,v4,v11,40.0,140.03,30.0,1.0,0.7002,0.6,0.8439,True,fuzzy_logic_dynamic_snr,20.8456,0.8537
112,v1,v6,40.0,90.05,10.0,1.0,0.4502,0.2,6.32,False,fuzzy_logic_dynamic_snr,12.4588,0.5787
112,v1,v5,40.0,120.0,20.0,1.0,0.6,0.4,2.9161,False,fuzzy_logic_dynamic_snr,9.0538,0.3049
112,v1,v13,40.0,180.0,0.0,1.0,0.9,0.0,3.9156,True,fuzzy_logic_dynamic_snr,21.5373,0.8912
112,v3,v7,20.0,50.0,10.0,0.6,0.25,0.2,-9.5918,False,fuzzy_logic_dynamic_snr,-3.4537,0.1041
112,v3,v15,20.0,70.0,10.0,0.6,0.35,0.2,-11.9298,True,fuzzy_logic_dynamic_snr,14.5416,0.4902
112,v3,v4,20.0,70.06,20.0,0.6,0.3503,0.4,-13.3449,True,fuzzy_logic_dynamic_snr,13.6197,0.4186
112,v3,v11,20.0,100.0,0.0,0.6,0.5,0.0,-12.0,True,fuzzy_logic_dynamic_snr,14.5193,0.4746
112,v3,v8,20.0,170.03,30.0,0.6,0.8501,0.6,-20.5047,True,fuzzy_logic_dynamic_snr,8.6163,0.1822
112,v4,v3,40.0,70.06,20.0,1.0,0.3503,0.4,6.6551,False,fuzzy_logic_dynamic_snr,12.7921,0.6105
112,v4,v7,40.0,120.04,10.0,1.0,0.6002,0.2,4.3227,False,fuzzy_logic_dynamic_snr,10.4624,0.3955
112,v4,v15,40.0,140.03,30.0,1.0,0.7002,0.6,0.8439,True,fuzzy_logic_dynamic_snr,20.8241,0.8396
112,v4,v11,40.0,170.03,20.0,1.0,0.8501,0.4,0.4948,True,fuzzy_logic_dynamic_snr,20.7349,0.849
113,v1,v6,40.0,80.06,20.0,1.0,0.4003,0.4,5.7287,False,fuzzy_logic_dynamic_snr,11.8653,0.5244
113,v1,v5,40.0,140.0,10.0,1.0,0.7,0.2,3.2537,False,fuzzy_logic_dynamic_snr,9.3906,0.3242
113,v1,v13,40.0,180.0,20.0,1.0,0.9,0.4,0.0987,True,fuzzy_logic_dynamic_snr,20.6078,0.8293
113,v3,v4,20.0,50.09,20.0,0.6,0.2504,0.4,-11.013,True,fuzzy_logic_dynamic_snr,15.1263,0.5395
113,v3,v7,20.0,60.0,20.0,0.6,0.3,0.4,-12.2674,True,fuzzy_logic_dynamic_snr,14.3067,0.4527
113,v3,v15,20.0,60.0,20.0,0.6,0.3,0.4,-12.2674,True,fuzzy_logic_dynamic_snr,14.3364,0.4811
113,v3,v11,20.0,100.0,20.0,0.6,0.5,0.4,-15.817,True,fuzzy_logic_dynamic_snr,11.872,0.3191
113,v4,v3,40.0,50.09,20.0,1.0,0.2504,0.4,8.987,False,fuzzy_logic_dynamic_snr,15.1223,0.7723
113,v4,v7,40.0,110.04,40.0,1.0,0.5502,0.8,1.7434,True,fuzzy_logic_dynamic_snr,21.084,0.8668
113,v4,v15,40.0,110.04,40.0,1.0,0.5502,0.8,1.7434,True,fuzzy_logic_dynamic_snr,21.0807,0.8598
113,v4,v11,40.0,150.03,40.0,1.0,0.7501,0.8,-0.4106,True,fuzzy_logic_dynamic_snr,20.4333,0.8428
114,v1,v6,40.0,100.04,20.0,1.0,0.5002,0.4,4.1799,False,fuzzy_logic_dynamic_snr,10.3195,0.3941
114,v1,v5,40.0,130.0,20.0,1.0,0.65,0.4,2.3599,True,fuzzy_logic_dynamic_snr,21.225,0.8717
114,v1,v13,40.0,200.0,30.0,1.0,1.0,0.6,-1.633,True,fuzzy_logic_dynamic_snr,20.0181,0.8244
114,v3,v4,20.0,30.15,30.0,0.6,0.1507,0.6,-8.485,True,fuzzy_logic_dynamic_snr,16.6427,0.658
114,v3,v7,20.0,40.0,40.0,0.6,0.2,0.8,-11.2247,True,fuzzy_logic_dynamic_snr,15.0057,0.5307
114,v3,v15,20.0,40.0,0.0,0.6,0.2,0.0,-5.633,False,fuzzy_logic_dynamic_snr,0.5042,0.1266
114,v3,v11,20.0,80.0,40.0,0.6,0.4,0.8,-16.0412,True,fuzzy_logic_dynamic_snr,11.7588,0.2959
114,v3,v8,20.0,180.02,20.0,0.6,0.9001,0.4,-19.9023,True,fuzzy_logic_dynamic_snr,9.0475,0.1832
114,v4,v3,40.0,30.15,30.0,1.0,0.1507,0.6,11.515,False,fuzzy_logic_dynamic_snr,17.6541,0.8783
114,v4,v7,40.0,70.06,10.0,1.0,0.3503,0.2,8.0638,False,fuzzy_logic_dynamic_snr,14.1997,0.7314
114,v4,v15,40.0,70.06,30.0,1.0,0.3503,0.6,5.6556,False,fuzzy_logic_dynamic_snr,11.7922,0.5143
114,v4,v11,40.0,110.04,10.0,1.0,0.5502,0.2,4.9269,False,fuzzy_logic_dynamic_snr,11.064,0.4512
115,v1,v6,40.0,80.06,30.0,1.0,0.4003,0.6,4.7292,False,fuzzy_logic_dynamic_snr,10.8673,0.4336
115,v1,v5,40.0,110.0,0.0,1.0,0.55,0.0,7.3377,False,fuzzy_logic_dynamic_snr,13.4744,0.6682
115,v1,v13,40.0,170.0,20.0,1.0,0.85,0.4,0.4958,True,fuzzy_logic_dynamic_snr,20.7377,0.8404
115,v3,v7,20.0,0.0,10.0,0.6,0.0,0.2,33.5918,False,fuzzy_logic_dynamic_snr,39.7292,0.9941
115,v3,v11,20.0,40.0,20.0,0.6,0.2,0.4,-9.4499,True,fuzzy_logic_dynamic_snr,16.1022,0.6121
115,v3,v15,20.0,40.0,10.0,0.6,0.2,0.2,-8.0412,False,fuzzy_logic_dynamic_snr,-1.9046,0.1174
115,v3,v4,20.0,60.07,30.0,0.6,0.3004,0.6,-13.2756,True,fuzzy_logic_dynamic_snr,13.6355,0.4301
115,v3,v8,20.0,160.03,30.0,0.6,0.8001,0.6,-20.0836,True,fuzzy_logic_dynamic_snr,8.9101,0.2061
115,v4,v3,40.0,60.07,30.0,1.0,0.3004,0.6,6.7244,False,fuzzy_logic_dynamic_snr,12.863,0.6137
115,v4,v7,40.0,60.07,20.0,1.0,0.3004,0.4,7.7239,False,fuzzy_logic_dynamic_snr,13.8627,0.6842
115,v4,v11,40.0,100.04,10.0,1.0,0.5002,0.2,5.5886,False,fuzzy_logic_dynamic_snr,11.7271,0.5174
115,v4,v15,40.0,100.04,20.0,1.0,0.5002,0.4,4.1799,False,fuzzy_logic_dynamic_snr,10.3155,0.3895
116,v1,v5,40.0,110.0,0.0,1.0,0.55,0.0,7.3377,False,fuzzy_logic_dynamic_snr,13.4775,0.6574
116,v1,v6,40.0,110.04,20.0,1.0,0.5502,0.4,3.5182,False,fuzzy_logic_dynamic_snr,9.6547,0.3398
116,v1,v13,40.0,190.0,0.0,1.0,0.95,0.0,3.5399,True,fuzzy_logic_dynamic_snr,21.4842,0.8717
116,v3,v7,20.0,10.0,30.0,0.6,0.05,0.6,-0.8165,True,fuzzy_logic_dynamic_snr,20.3303,0.8346
116,v3,v11,20.0,20.0,40.0,0.6,0.1,0.8,-6.4082,True,fuzzy_logic_dynamic_snr,17.8282,0.7074
116,v3,v15,20.0,30.0,40.0,0.6,0.15,0.8,-9.2257,True,fuzzy_logic_dynamic_snr,16.2109,0.6227
116,v3,v4,20.0,90.05,20.0,0.6,0.4502,0.4,-15.0887,True,fuzzy_logic_dynamic_snr,12.4451,0.3428
116,v3,v8,20.0,130.03,40.0,0.6,0.6502,0.8,-19.4167,True,fuzzy_logic_dynamic_snr,9.4049,0.198
116,v4,v7,40.0,80.06,10.0,1.0,0.4003,0.2,7.1374,False,fuzzy_logic_dynamic_snr,13.2757,0.6459
116,v4,v3,40.0,90.05,20.0,1.0,0.4502,0.4,4.9113,False,fuzzy_logic_dynamic_snr,11.0478,0.4586
116,v4,v11,40.0,110.04,20.0,1.0,0.5502,0.4,3.5182,False,fuzzy_logic_dynamic_snr,9.6582,0.3395
116,v4,v15,40.0,120.04,20.0,1.0,0.6002,0.4,2.914,False,fuzzy_logic_dynamic_snr,9.053,0.3094
117,v1,v5,40.0,110.0,30.0,1.0,0.55,0.6,2.5212,True,fuzzy_logic_dynamic_snr,21.2624,0.8619
117,v1,v6,40.0,130.03,40.0,1.0,0.6502,0.8,0.5833,True,fuzzy_logic_dynamic_snr,20.7615,0.8447
117,v1,v13,40.0,190.0,10.0,1.0,0.95,0.2,1.1317,True,fuzzy_logic_dynamic_snr,20.9302,0.8594
117,v3,v15,20.0,10.0,0.0,0.6,0.05,0.0,4.0,False,fuzzy_logic_dynamic_snr,10.139,0.3725
117,v3,v11,20.0,20.0,0.0,0.6,0.1,0.0,-0.8165,False,fuzzy_logic_dynamic_snr,5.3226,0.1652
117,v3,v7,20.0,40.0,10.0,0.6,0.2,0.2,-8.0412,False,fuzzy_logic_dynamic_snr,-1.9041,0.1129
117,v3,v8,20.0,90.05,30.0,0.6,0.4502,0.6,-16.0882,True,fuzzy_logic_dynamic_snr,11.7495,0.315
117,v3,v4,20.0,110.04,20.0,0.6,0.5502,0.4,-16.4818,True,fuzzy_logic_dynamic_snr,11.4367,0.2809
117,v4,v7,40.0,70.06,30.0,1.0,0.3503,0.6,5.6556,False,fuzzy_logic_dynamic_snr,11.7942,0.5316
117,v4,v11,40.0,90.05,20.0,1.0,0.4502,0.4,4.9113,False,fuzzy_logic_dynamic_snr,11.0484,0.4572
117,v4,v15,40.0,100.04,20.0,1.0,0.5002,0.4,4.1799,False,fuzzy_logic_dynamic_snr,10.3166,0.4
117,v4,v3,40.0,110.04,20.0,1.0,0.5502,0.4,3.5182,False,fuzzy_logic_dynamic_snr,9.656,0.3463
117,v4,v8,40.0,200.0,10.0,1.0,1.0,0.2,0.7753,True,fuzzy_logic_dynamic_snr,20.8046,0.8396
118,v1,v5,40.0,140.0,40.0,1.0,0.7,0.8,0.0702,True,fuzzy_logic_dynamic_snr,20.6074,0.8346
118,v1,v6,40.0,170.03,20.0,1.0,0.8501,0.4,0.4948,True,fuzzy_logic_dynamic_snr,20.7483,0.842
118,v1,v13,40.0,200.0,40.0,1.0,1.0,0.8,-2.4082,True,fuzzy_logic_dynamic_snr,19.715,0.802
118,v3,v15,20.0,10.0,0.0,0.6,0.05,0.0,4.0,False,fuzzy_logic_dynamic_snr,10.137,0.3725
118,v3,v11,20.0,20.0,30.0,0.6,0.1,0.6,-5.633,True,fuzzy_logic_dynamic_snr,18.2421,0.7346
118,v3,v7,20.0,50.0,10.0,0.6,0.25,0.2,-9.5918,False,fuzzy_logic_dynamic_snr,-3.4532,0.1002
118,v3,v4,20.0,90.05,30.0,0.6,0.4502,0.6,-16.0882,True,fuzzy_logic_dynamic_snr,11.7213,0.3184
118,v3,v8,20.0,120.04,0.0,0.6,0.6002,0.0,-13.2691,True,fuzzy_logic_dynamic_snr,13.6911,0.4289
118,v4,v7,40.0,40.11,20.0,1.0,0.2006,0.4,10.5306,False,fuzzy_logic_dynamic_snr,16.6703,0.8545
118,v4,v11,40.0,70.06,0.0,1.0,0.3503,0.0,10.4721,False,fuzzy_logic_dynamic_snr,16.6092,0.8355
118,v4,v15,40.0,80.06,30.0,1.0,0.4003,0.6,4.7292,False,fuzzy_logic_dynamic_snr,10.8679,0.4256
118,v4,v3,40.0,90.05,30.0,1.0,0.4502,0.6,3.9118,True,fuzzy_logic_dynamic_snr,21.5422,0.8797
119,v1,v5,40.0,100.0,0.0,1.0,0.5,0.0,8.0,False,fuzzy_logic_dynamic_snr,14.1389,0.7119
119,v1,v6,40.0,150.03,10.0,1.0,0.7501,0.2,2.7729,False,fuzzy_logic_dynamic_snr,8.9114,0.2943
119,v1,v13,40.0,160.0,30.0,1.0,0.8,0.6,-0.0824,True,fuzzy_logic_dynamic_snr,20.5777,0.8379
119,v3,v11,20.0,10.0,10.0,0.6,0.05,0.2,1.5918,False,fuzzy_logic_dynamic_snr,7.7277,0.2277
119,v3,v15,20.0,10.0,20.0,0.6,0.05,0.4,0.183,True,fuzzy_logic_dynamic_snr,20.6542,0.8322
119,v3,v7,20.0,40.0,20.0,0.6,0.2,0.4,-9.4499,True,fuzzy_logic_dynamic_snr,16.0518,0.6014
119,v3,v4,20.0,60.07,20.0,0.6,0.3004,0.4,-12.2761,True,fuzzy_logic_dynamic_snr,14.3179,0.4717
119,v3,v8,20.0,120.04,30.0,0.6,0.6002,0.6,-18.0856,True,fuzzy_logic_dynamic_snr,10.2958,0.2537
119,v4,v7,40.0,20.22,0.0,1.0,0.1011,0.0,19.1062,False,fuzzy_logic_dynamic_snr,25.2435,0.974
119,v4,v15,40.0,50.09,0.0,1.0,0.2504,0.0,12.804,False,fuzzy_logic_dynamic_snr,18.9401,0.9004
119,v4,v3,40.0,60.07,20.0,1.0,0.3004,0.4,7.7239,False,fuzzy_logic_dynamic_snr,13.8623,0.7076
119,v4,v11,40.0,70.06,10.0,1.0,0.3503,0.2,8.0638,False,fuzzy_logic_dynamic_snr,14.2013,0.7174
119,v4,v8,40.0,180.0,10.0,1.0,0.9,0.2,1.5074,True,fuzzy_logic_dynamic_snr,21.0127,0.8666
120,v1,v5,40.0,100.0,0.0,1.0,0.5,0.0,8.0,False,fuzzy_logic_dynamic_snr,14.1363,0.7281
120,v1,v13,40.0,130.0,20.0,1.0,0.65,0.4,2.3599,True,fuzzy_logic_dynamic_snr,21.2252,0.8531
120,v1,v6,40.0,140.03,20.0,1.0,0.7002,0.4,1.8434,True,fuzzy_logic_dynamic_snr,21.109,0.8621
120,v3,v15,20.0,10.0,20.0,0.6,0.05,0.4,0.183,True,fuzzy_logic_dynamic_snr,20.6525,0.8496
120,v3,v7,20.0,20.0,0.0,0.6,0.1,0.0,-0.8165,False,fuzzy_logic_dynamic_snr,5.3201,0.1688
120,v3,v11,20.0,20.0,10.0,0.6,0.1,0.2,-3.2247,False,fuzzy_logic_dynamic_snr,2.9128,0.1453
120,v3,v4,20.0,40.11,20.0,0.6,0.2006,0.4,-9.4694,True,fuzzy_logic_dynamic_snr,16.083,0.59
120,v3,v8,20.0,150.03,10.0,0.6,0.7501,0.2,-17.2271,True,fuzzy_logic_dynamic_snr,10.9122,0.2379
120,v4,v7,40.0,20.22,20.0,1.0,0.1011,0.4,15.2892,False,fuzzy_logic_dynamic_snr,21.4286,0.9467
120,v4,v3,40.0,40.11,20.0,1.0,0.2006,0.4,10.5306,False,fuzzy_logic_dynamic_snr,16.6676,0.8479
120,v4,v15,40.0,50.09,40.0,1.0,0.2504,0.8,7.2122,True,fuzzy_logic_dynamic_snr,22.0087,0.8973
120,v4,v11,40.0,60.07,10.0,1.0,0.3004,0.2,9.1327,False,fuzzy_logic_dynamic_snr,15.2692,0.7863
120,v4,v8,40.0,190.0,30.0,1.0,0.95,0.6,-1.2765,True,fuzzy_logic_dynamic_snr,20.1444,0.8178
121,v1,v5,40.0,100.0,0.0,1.0,0.5,0.0,8.0,False,fuzzy_logic_dynamic_snr,14.1371,0.7164
121,v1,v13,40.0,110.0,0.0,1.0,0.55,0.0,7.3377,False,fuzzy_logic_dynamic_snr,13.477,0.6717
121,v1,v6,40.0,160.03,0.0,1.0,0.8001,0.0,4.7329,True,fuzzy_logic_dynamic_snr,21.6926,0.8744
121,v3,v15,20.0,10.0,40.0,0.6,0.05,0.8,-1.5918,True,fuzzy_logic_dynamic_snr,20.0524,0.8117
121,v3,v7,20.0,20.0,0.0,0.6,0.1,0.0,-0.8165,False,fuzzy_logic_dynamic_snr,5.323,0.1691
121,v3,v4,20.0,20.22,40.0,0.6,0.1011,0.8,-6.4855,True,fuzzy_logic_dynamic_snr,17.7796,0.71
121,v3,v11,20.0,30.0,30.0,0.6,0.15,0.6,-8.4504,True,fuzzy_logic_dynamic_snr,16.6624,0.6484
121,v3,v8,20.0,140.03,0.0,0.6,0.7002,0.0,-14.3396,True,fuzzy_logic_dynamic_snr,12.9694,0.3729
121,v4,v7,40.0,3.0,40.0,1.0,0.015,0.8,26.7743,True,fuzzy_logic_dynamic_snr,22.4909,0.9008
121,v4,v15,40.0,10.44,0.0,1.0,0.0522,0.0,23.7006,False,fuzzy_logic_dynamic_snr,29.8374,0.9854
121,v4,v3,40.0,20.22,40.0,1.0,0.1011,0.8,13.5145,True,fuzzy_logic_dynamic_snr,22.3722,0.8992
121,v4,v11,40.0,50.09,10.0,1.0,0.2504,0.2,10.3958,False,fuzzy_logic_dynamic_snr,16.5319,0.8461
121,v4,v8,40.0,160.0,40.0,1.0,0.8,0.8,-0.8577,True,fuzzy_logic_dynamic_snr,20.2689,0.8324
122,v1,v5,40.0,100.0,20.0,1.0,0.5,0.4,4.183,False,fuzzy_logic_dynamic_snr,10.3227,0.3875
122,v1,v13,40.0,110.0,20.0,1.0,0.55,0.4,3.5207,False,fuzzy_logic_dynamic_snr,9.6588,0.3541
122,v1,v6,40.0,160.03,20.0,1.0,0.8001,0.4,0.9159,True,fuzzy_logic_dynamic_snr,20.8629,0.8588
122,v3,v11,20.0,0.0,10.0,0.6,0.0,0.2,33.5918,False,fuzzy_logic_dynamic_snr,39.7305,0.9922
122,v3,v7,20.0,20.0,10.0,0.6,0.1,0.2,-3.2247,False,fuzzy_logic_dynamic_snr,2.9139,0.1383
122,v3,v15,20.0,50.0,10.0,0.6,0.25,0.2,-9.5918,False,fuzzy_logic_dynamic_snr,-3.4527,0.1002
122,v3,v4,20.0,60.07,20.0,0.6,0.3004,0.4,-12.2761,True,fuzzy_logic_dynamic_snr,14.3296,0.4697
122,v3,v8,20.0,140.03,20.0,0.6,0.7002,0.4,-18.1566,True,fuzzy_logic_dynamic_snr,10.2838,0.2432
122,v4,v15,40.0,10.44,30.0,1.0,0.0522,0.6,18.8841,False,fuzzy_logic_dynamic_snr,25.0194,0.9691
122,v4,v7,40.0,40.11,10.0,1.0,0.2006,0.2,11.9393,False,fuzzy_logic_dynamic_snr,18.0766,0.8863
122,v4,v3,40.0,60.07,20.0,1.0,0.3004,0.4,7.7239,False,fuzzy_logic_dynamic_snr,13.8638,0.6982
122,v4,v11,40.0,60.07,30.0,1.0,0.3004,0.6,6.7244,False,fuzzy_logic_dynamic_snr,12.8613,0.6098
122,v4,v8,40.0,200.0,40.0,1.0,1.0,0.8,-2.4082,True,fuzzy_logic_dynamic_snr,19.7205,0.8086
123,v1,v5,40.0,120.0,20.0,1.0,0.6,0.4,2.9161,False,fuzzy_logic_dynamic_snr,9.0542,0.2996
123,v1,v13,40.0,130.0,20.0,1.0,0.65,0.4,2.3599,True,fuzzy_logic_dynamic_snr,21.2509,0.8658
123,v1,v6,40.0,140.03,10.0,1.0,0.7002,0.2,3.2521,False,fuzzy_logic_dynamic_snr,9.3898,0.3256
123,v3,v7,20.0,10.0,40.0,0.6,0.05,0.8,-1.5918,True,fuzzy_logic_dynamic_snr,20.0297,0.823
123,v3,v11,20.0,10.0,40.0,0.6,0.05,0.8,-1.5918,True,fuzzy_logic_dynamic_snr,20.0217,0.8139
123,v3,v4,20.0,40.11,20.0,0.6,0.2006,0.4,-9.4694,True,fuzzy_logic_dynamic_snr,16.0856,0.592
123,v3,v15,20.0,60.0,0.0,0.6,0.3,0.0,-8.4504,True,fuzzy_logic_dynamic_snr,16.6873,0.6324
123,v3,v8,20.0,120.04,40.0,0.6,0.6002,0.8,-18.8608,True,fuzzy_logic_dynamic_snr,9.7811,0.2258
123,v4,v15,40.0,20.22,20.0,1.0,0.1011,0.4,15.2892,False,fuzzy_logic_dynamic_snr,21.4283,0.9471
123,v4,v7,40.0,30.15,20.0,1.0,0.1507,0.4,12.5145,False,fuzzy_logic_dynamic_snr,18.6524,0.9029
123,v4,v11,40.0,30.15,20.0,1.0,0.1507,0.4,12.5145,False,fuzzy_logic_dynamic_snr,18.651,0.8947
123,v4,v3,40.0,40.11,20.0,1.0,0.2006,0.4,10.5306,False,fuzzy_logic_dynamic_snr,16.6677,0.8387
123,v4,v8,40.0,160.0,20.0,1.0,0.8,0.4,0.9171,True,fuzzy_logic_dynamic_snr,20.8573,0.843
124,v1,v5,40.0,140.0,10.0,1.0,0.7,0.2,3.2537,False,fuzzy_logic_dynamic_snr,9.3909,0.3221
124,v1,v13,40.0,150.0,30.0,1.0,0.75,0.6,0.3661,True,fuzzy_logic_dynamic_snr,20.6983,0.8629
124,v1,v6,40.0,150.03,10.0,1.0,0.7501,0.2,2.7729,False,fuzzy_logic_dynamic_snr,8.9113,0.3027
124,v3,v7,20.0,50.0,20.0,0.6,0.25,0.4,-11.0005,True,fuzzy_logic_dynamic_snr,15.1365,0.5312
124,v3,v11,20.0,50.0,0.0,0.6,0.25,0.0,-7.1835,False,fuzzy_logic_dynamic_snr,-1.0464,0.1203
124,v3,v15,20.0,60.0,10.0,0.6,0.3,0.2,-10.8587,True,fuzzy_logic_dynamic_snr,15.2245,0.5465
124,v3,v4,20.0,60.07,20.0,0.6,0.3004,0.4,-12.2761,True,fuzzy_logic_dynamic_snr,14.2587,0.482
124,v3,v8,20.0,80.06,10.0,0.6,0.4003,0.2,-12.8626,True,fuzzy_logic_dynamic_snr,13.9084,0.4373
124,v4,v15,40.0,3.0,30.0,1.0,0.015,0.6,27.5496,False,fuzzy_logic_dynamic_snr,33.6862,0.9922
124,v4,v7,40.0,10.44,0.0,1.0,0.0522,0.0,23.7006,False,fuzzy_logic_dynamic_snr,29.8367,0.9873
124,v4,v11,40.0,10.44,20.0,1.0,0.0522,0.4,19.8836,False,fuzzy_logic_dynamic_snr,26.0217,0.9789
124,v4,v3,40.0,60.07,20.0,1.0,0.3004,0.4,7.7239,False,fuzzy_logic_dynamic_snr,13.8601,0.6898
124,v4,v8,40.0,140.0,10.0,1.0,0.7,0.2,3.2537,False,fuzzy_logic_dynamic_snr,9.3915,0.3342
125,v1,v13,40.0,120.0,10.0,1.0,0.6,0.2,4.3249,False,fuzzy_logic_dynamic_snr,10.465,0.4127
125,v1,v5,40.0,130.0,0.0,1.0,0.65,0.0,6.1769,False,fuzzy_logic_dynamic_snr,12.3155,0.577
125,v1,v6,40.0,140.03,0.0,1.0,0.7002,0.0,5.6604,False,fuzzy_logic_dynamic_snr,11.7975,0.518
125,v3,v11,20.0,50.0,10.0,0.6,0.25,0.2,-9.5918,False,fuzzy_logic_dynamic_snr,-3.4561,0.108
125,v3,v15,20.0,50.0,10.0,0.6,0.25,0.2,-9.5918,False,fuzzy_logic_dynamic_snr,-3.4533,0.1041
125,v3,v7,20.0,70.0,10.0,0.6,0.35,0.2,-11.9298,True,fuzzy_logic_dynamic_snr,14.5401,0.4945
125,v3,v8,20.0,70.06,30.0,0.6,0.3503,0.6,-14.3444,True,fuzzy_logic_dynamic_snr,12.938,0.3729
125,v3,v4,20.0,80.06,20.0,0.6,0.4003,0.4,-14.2713,True,fuzzy_logic_dynamic_snr,13.0177,0.3801
125,v4,v7,40.0,10.44,10.0,1.0,0.0522,0.2,21.2923,False,fuzzy_logic_dynamic_snr,27.4285,0.9824
125,v4,v11,40.0,30.15,10.0,1.0,0.1507,0.2,13.9232,False,fuzzy_logic_dynamic_snr,20.0618,0.9227
125,v4,v15,40.0,30.15,30.0,1.0,0.1507,0.6,11.515,False,fuzzy_logic_dynamic_snr,17.6513,0.8779
125,v4,v3,40.0,80.06,20.0,1.0,0.4003,0.4,5.7287,False,fuzzy_logic_dynamic_snr,11.8675,0.525
125,v4,v8,40.0,150.0,10.0,1.0,0.75,0.2,2.7743,False,fuzzy_logic_dynamic_snr,8.914,0.3061
126,v1,v5,40.0,130.0,20.0,1.0,0.65,0.4,2.3599,True,fuzzy_logic_dynamic_snr,21.2178,0.8658
126,v1,v13,40.0,130.0,0.0,1.0,0.65,0.0,6.1769,False,fuzzy_logic_dynamic_snr,12.3138,0.5678
126,v1,v6,40.0,140.03,10.0,1.0,0.7002,0.2,3.2521,False,fuzzy_logic_dynamic_snr,9.3897,0.3121
126,v3,v15,20.0,40.0,20.0,0.6,0.2,0.4,-9.4499,True,fuzzy_logic_dynamic_snr,16.0577,0.5883
126,v3,v8,20.0,40.11,10.0,0.6,0.2006,0.2,-8.0607,False,fuzzy_logic_dynamic_snr,-1.9225,0.1041
126,v3,v11,20.0,60.0,10.0,0.6,0.3,0.2,-10.8587,True,fuzzy_logic_dynamic_snr,15.223,0.5076
126,v3,v7,20.0,80.0,10.0,0.6,0.4,0.2,-12.8577,True,fuzzy_logic_dynamic_snr,13.9302,0.418
126,v3,v4,20.0,100.04,0.0,0.6,0.5002,0.0,-12.0031,True,fuzzy_logic_dynamic_snr,14.4886,0.4689
126,v4,v7,40.0,20.22,10.0,1.0,0.1011,0.2,16.698,False,fuzzy_logic_dynamic_snr,22.8342,0.9545
126,v4,v11,40.0,40.11,10.0,1.0,0.2006,0.2,11.9393,False,fuzzy_logic_dynamic_snr,18.0768,0.8875
126,v4,v15,40.0,60.07,20.0,1.0,0.3004,0.4,7.7239,False,fuzzy_logic_dynamic_snr,13.8624,0.7041
126,v4,v3,40.0,100.04,0.0,1.0,0.5002,0.0,7.9969,False,fuzzy_logic_dynamic_snr,14.136,0.7242
126,v4,v8,40.0,140.0,10.0,1.0,0.7,0.2,3.2537,False,fuzzy_logic_dynamic_snr,9.3905,0.3254
127,v1,v5,40.0,110.0,20.0,1.0,0.55,0.4,3.5207,False,fuzzy_logic_dynamic_snr,9.6588,0.3443
127,v1,v13,40.0,130.0,40.0,1.0,0.65,0.8,0.5851,True,fuzzy_logic_dynamic_snr,20.7733,0.8387
127,v1,v6,40.0,150.03,0.0,1.0,0.7501,0.0,5.1812,False,fuzzy_logic_dynamic_snr,11.3201,0.4756
127,v3,v8,20.0,50.09,30.0,0.6,0.2504,0.6,-12.0125,True,fuzzy_logic_dynamic_snr,14.4821,0.4799
127,v3,v15,20.0,60.0,20.0,0.6,0.3,0.4,-12.2674,True,fuzzy_logic_dynamic_snr,14.3127,0.4705
127,v3,v7,20.0,70.0,10.0,0.6,0.35,0.2,-11.9298,True,fuzzy_logic_dynamic_snr,14.5353,0.5049
127,v3,v11,20.0,70.0,10.0,0.6,0.35,0.2,-11.9298,True,fuzzy_logic_dynamic_snr,14.5636,0.4969
127,v3,v4,20.0,100.04,10.0,0.6,0.5002,0.2,-14.4114,True,fuzzy_logic_dynamic_snr,12.9074,0.3523
127,v4,v7,40.0,30.15,0.0,1.0,0.1507,0.0,16.3315,False,fuzzy_logic_dynamic_snr,22.4691,0.9447
127,v4,v11,40.0,30.15,0.0,1.0,0.1507,0.0,16.3315,False,fuzzy_logic_dynamic_snr,22.4692,0.9486
127,v4,v15,40.0,40.11,30.0,1.0,0.2006,0.6,9.5311,False,fuzzy_logic_dynamic_snr,15.6688,0.7996
127,v4,v3,40.0,100.04,10.0,1.0,0.5002,0.2,5.5886,False,fuzzy_logic_dynamic_snr,11.7259,0.5143
127,v4,v8,40.0,150.0,40.0,1.0,0.75,0.8,-0.4092,True,fuzzy_logic_dynamic_snr,20.4764,0.8246
128,v1,v5,40.0,90.0,30.0,1.0,0.45,0.6,3.9156,False,fuzzy_logic_dynamic_snr,10.0529,0.3852
128,v1,v13,40.0,90.0,30.0,1.0,0.45,0.6,3.9156,False,fuzzy_logic_dynamic_snr,10.0531,0.3789
128,v1,v6,40.0,150.03,20.0,1.0,0.7501,0.4,1.3642,True,fuzzy_logic_dynamic_snr,20.9801,0.8492
128,v3,v15,20.0,40.0,10.0,0.6,0.2,0.2,-8.0412,False,fuzzy_logic_dynamic_snr,-1.9016,0.1041
128,v3,v7,20.0,80.0,30.0,0.6,0.4,0.6,-15.2659,True,fuzzy_logic_dynamic_snr,12.2659,0.3389
128,v3,v11,20.0,80.0,0.0,0.6,0.4,0.0,-10.4494,True,fuzzy_logic_dynamic_snr,15.4574,0.5643
128,v3,v8,20.0,80.06,0.0,0.6,0.4003,0.0,-10.4543,True,fuzzy_logic_dynamic_snr,15.4592,0.5479
128,v3,v4,20.0,110.04,30.0,0.6,0.5502,0.6,-17.4813,True,fuzzy_logic_dynamic_snr,10.6757,0.2611
128,v4,v7,40.0,30.15,0.0,1.0,0.1507,0.0,16.3315,False,fuzzy_logic_dynamic_snr,22.468,0.952
128,v4,v11,40.0,30.15,30.0,1.0,0.1507,0.6,11.515,False,fuzzy_logic_dynamic_snr,17.6528,0.8773
128,v4,v15,40.0,70.06,40.0,1.0,0.3503,0.8,4.8803,True,fuzzy_logic_dynamic_snr,21.7151,0.8766
128,v4,v3,40.0,110.04,30.0,1.0,0.5502,0.6,2.5187,True,fuzzy_logic_dynamic_snr,21.2604,0.8652
128,v4,v8,40.0,190.0,30.0,1.0,0.95,0.6,-1.2765,True,fuzzy_logic_dynamic_snr,20.152,0.8119
129,v1,v5,40.0,60.0,0.0,1.0,0.3,0.0,11.5496,False,fuzzy_logic_dynamic_snr,17.6877,0.8754
129,v1,v13,40.0,60.0,0.0,1.0,0.3,0.0,11.5496,False,fuzzy_logic_dynamic_snr,17.6876,0.8779
129,v1,v6,40.0,130.03,30.0,1.0,0.6502,0.6,1.3586,True,fuzzy_logic_dynamic_snr,20.9728,0.8404
129,v3,v7,20.0,50.0,20.0,0.6,0.25,0.4,-11.0005,True,fuzzy_logic_dynamic_snr,15.1159,0.5459
129,v3,v15,20.0,50.0,10.0,0.6,0.25,0.2,-9.5918,False,fuzzy_logic_dynamic_snr,-3.4523,0.1002
129,v3,v11,20.0,80.0,40.0,0.6,0.4,0.8,-16.0412,True,fuzzy_logic_dynamic_snr,11.8035,0.3162
129,v3,v4,20.0,80.06,40.0,0.6,0.4003,0.8,-16.0461,True,fuzzy_logic_dynamic_snr,11.7522,0.2943
129,v3,v8,20.0,80.06,40.0,0.6,0.4003,0.8,-16.0461,True,fuzzy_logic_dynamic_snr,11.7133,0.2875
129,v4,v11,40.0,3.0,0.0,1.0,0.015,0.0,32.3661,False,fuzzy_logic_dynamic_snr,38.5029,0.9951
129,v4,v7,40.0,30.15,20.0,1.0,0.1507,0.4,12.5145,False,fuzzy_logic_dynamic_snr,18.6508,0.898
129,v4,v15,40.0,30.15,30.0,1.0,0.1507,0.6,11.515,False,fuzzy_logic_dynamic_snr,17.6523,0.8838
129,v4,v3,40.0,80.06,40.0,1.0,0.4003,0.8,3.9539,True,fuzzy_logic_dynamic_snr,21.5617,0.8811
129,v4,v8,40.0,160.0,0.0,1.0,0.8,0.0,4.7341,True,fuzzy_logic_dynamic_snr,21.6892,0.8781
130,v1,v5,40.0,60.0,10.0,1.0,0.3,0.2,9.1413,False,fuzzy_logic_dynamic_snr,15.2785,0.7861
130,v1,v13,40.0,60.0,20.0,1.0,0.3,0.4,7.7326,False,fuzzy_logic_dynamic_snr,13.8716,0.6906
130,v1,v6,40.0,100.04,20.0,1.0,0.5002,0.4,4.1799,False,fuzzy_logic_dynamic_snr,10.3184,0.3918
130,v3,v7,20.0,30.0,10.0,0.6,0.15,0.2,-6.0422,False,fuzzy_logic_dynamic_snr,0.0941,0.1285
130,v3,v11,20.0,40.0,0.0,0.6,0.2,0.0,-5.633,False,fuzzy_logic_dynamic_snr,0.5039,0.1275
130,v3,v15,20.0,40.0,30.0,0.6,0.2,0.6,-10.4494,True,fuzzy_logic_dynamic_snr,15.478,0.5611
130,v3,v4,20.0,40.11,30.0,0.6,0.2006,0.6,-10.4689,True,fuzzy_logic_dynamic_snr,15.432,0.5447
130,v3,v8,20.0,120.04,30.0,0.6,0.6002,0.6,-18.0856,True,fuzzy_logic_dynamic_snr,10.3535,0.2273
130,v4,v11,40.0,3.0,30.0,1.0,0.015,0.6,27.5496,False,fuzzy_logic_dynamic_snr,33.6872,0.9893
130,v4,v15,40.0,3.0,0.0,1.0,0.015,0.0,32.3661,False,fuzzy_logic_dynamic_snr,38.5037,0.9932
130,v4,v7,40.0,10.44,20.0,1.0,0.0522,0.4,19.8836,False,fuzzy_logic_dynamic_snr,26.0209,0.9809
130,v4,v3,40.0,40.11,30.0,1.0,0.2006,0.6,9.5311,False,fuzzy_logic_dynamic_snr,15.669,0.8078
130,v4,v8,40.0,160.0,0.0,1.0,0.8,0.0,4.7341,True,fuzzy_logic_dynamic_snr,21.6973,0.8756
131,v1,v5,40.0,50.0,10.0,1.0,0.25,0.2,10.4082,False,fuzzy_logic_dynamic_snr,16.5462,0.8311
131,v1,v13,40.0,80.0,0.0,1.0,0.4,0.0,9.5506,False,fuzzy_logic_dynamic_snr,15.6879,0.8002
131,v1,v6,40.0,120.04,20.0,1.0,0.6002,0.4,2.914,False,fuzzy_logic_dynamic_snr,9.0526,0.3057
131,v3,v15,20.0,10.0,0.0,0.6,0.05,0.0,4.0,False,fuzzy_logic_dynamic_snr,10.1376,0.385
131,v3,v4,20.0,10.44,0.0,0.6,0.0522,0.0,3.7006,False,fuzzy_logic_dynamic_snr,9.8384,0.3527
131,v3,v7,20.0,20.0,0.0,0.6,0.1,0.0,-0.8165,False,fuzzy_logic_dynamic_snr,5.3213,0.1701
131,v3,v11,20.0,40.0,10.0,0.6,0.2,0.2,-8.0412,False,fuzzy_logic_dynamic_snr,-1.903,0.1158
131,v3,v8,20.0,150.03,10.0,0.6,0.7501,0.2,-17.2271,True,fuzzy_logic_dynamic_snr,10.9451,0.2756
131,v4,v15,40.0,3.0,0.0,1.0,0.015,0.0,32.3661,False,fuzzy_logic_dynamic_snr,38.505,0.9932
131,v4,v3,40.0,10.44,0.0,1.0,0.0522,0.0,23.7006,False,fuzzy_logic_dynamic_snr,29.8402,0.977
131,v4,v7,40.0,10.44,0.0,1.0,0.0522,0.0,23.7006,False,fuzzy_logic_dynamic_snr,29.8351,0.9848
131,v4,v11,40.0,30.15,10.0,1.0,0.1507,0.2,13.9232,False,fuzzy_logic_dynamic_snr,20.0614,0.9318
131,v4,v8,40.0,160.0,10.0,1.0,0.8,0.2,2.3258,True,fuzzy_logic_dynamic_snr,21.2381,0.8691
132,v1,v5,40.0,60.0,30.0,1.0,0.3,0.6,6.7331,False,fuzzy_logic_dynamic_snr,12.8695,0.632
132,v1,v13,40.0,80.0,10.0,1.0,0.4,0.2,7.1423,False,fuzzy_logic_dynamic_snr,13.2799,0.6436
132,v1,v6,40.0,140.03,0.0,1.0,0.7002,0.0,5.6604,False,fuzzy_logic_dynamic_snr,11.7991,0.5244
132,v3,v15,20.0,10.0,10.0,0.6,0.05,0.2,1.5918,False,fuzzy_logic_dynamic_snr,7.7301,0.2223
132,v3,v4,20.0,10.44,10.0,0.6,0.0522,0.2,1.2923,False,fuzzy_logic_dynamic_snr,7.4307,0.2234
132,v3,v7,20.0,20.0,30.0,0.6,0.1,0.6,-5.633,True,fuzzy_logic_dynamic_snr,18.2208,0.7447
132,v3,v11,20.0,30.0,0.0,0.6,0.15,0.0,-3.6339,False,fuzzy_logic_dynamic_snr,2.5042,0.1373
132,v3,v8,20.0,140.03,10.0,0.6,0.7002,0.2,-16.7479,True,fuzzy_logic_dynamic_snr,11.3187,0.2939
132,v4,v15,40.0,3.0,0.0,1.0,0.015,0.0,32.3661,False,fuzzy_logic_dynamic_snr,38.5044,0.9941
132,v4,v3,40.0,10.44,10.0,1.0,0.0522,0.2,21.2923,False,fuzzy_logic_dynamic_snr,27.4298,0.9814
132,v4,v7,40.0,10.44,20.0,1.0,0.0522,0.4,19.8836,False,fuzzy_logic_dynamic_snr,26.0204,0.9746
132,v4,v11,40.0,20.22,10.0,1.0,0.1011,0.2,16.698,False,fuzzy_logic_dynamic_snr,22.8354,0.9574
132,v4,v8,40.0,150.0,0.0,1.0,0.75,0.0,5.1825,False,fuzzy_logic_dynamic_snr,11.3206,0.4707
133,v1,v13,40.0,70.0,20.0,1.0,0.35,0.4,6.6615,False,fuzzy_logic_dynamic_snr,12.7975,0.6176
133,v1,v5,40.0,90.0,0.0,1.0,0.45,0.0,8.7321,False,fuzzy_logic_dynamic_snr,14.8707,0.7621
133,v1,v6,40.0,140.03,20.0,1.0,0.7002,0.4,1.8434,True,fuzzy_logic_dynamic_snr,21.1018,0.8695
133,v3,v15,20.0,20.0,20.0,0.6,0.1,0.4,-4.6334,True,fuzzy_logic_dynamic_snr,18.7122,0.7609
133,v3,v4,20.0,20.22,30.0,0.6,0.1011,0.6,-5.7103,True,fuzzy_logic_dynamic_snr,18.1587,0.725
133,v3,v11,20.0,30.0,30.0,0.6,0.15,0.6,-8.4504,True,fuzzy_logic_dynamic_snr,16.6617,0.648
133,v3,v7,20.0,50.0,10.0,0.6,0.25,0.2,-9.5918,False,fuzzy_logic_dynamic_snr,-3.4551,0.0963
133,v3,v19,20.0,120.0,30.0,0.6,0.6,0.6,-18.0834,True,fuzzy_logic_dynamic_snr,10.3411,0.2352
133,v4,v15,40.0,3.0,10.0,1.0,0.015,0.2,29.9578,False,fuzzy_logic_dynamic_snr,36.0968,0.9951
133,v4,v11,40.0,10.44,0.0,1.0,0.0522,0.0,23.7006,False,fuzzy_logic_dynamic_snr,29.8384,0.9844
133,v4,v3,40.0,20.22,30.0,1.0,0.1011,0.6,14.2897,False,fuzzy_logic_dynamic_snr,20.4279,0.9279
133,v4,v7,40.0,30.15,20.0,1.0,0.1507,0.4,12.5145,False,fuzzy_logic_dynamic_snr,18.6517,0.8998
133,v4,v19,40.0,140.03,0.0,1.0,0.7002,0.0,5.6604,False,fuzzy_logic_dynamic_snr,11.7986,0.5148
134,v1,v13,40.0,50.0,0.0,1.0,0.25,0.0,12.8165,False,fuzzy_logic_dynamic_snr,18.9543,0.9055
134,v1,v5,40.0,90.0,0.0,1.0,0.45,0.0,8.7321,False,fuzzy_logic_dynamic_snr,14.8715,0.7625
134,v1,v6,40.0,120.04,20.0,1.0,0.6002,0.4,2.914,False,fuzzy_logic_dynamic_snr,9.0517,0.2953
134,v3,v15,20.0,40.0,30.0,0.6,0.2,0.6,-10.4494,True,fuzzy_logic_dynamic_snr,15.4682,0.5674
134,v3,v4,20.0,50.09,10.0,0.6,0.2504,0.2,-9.6042,False,fuzzy_logic_dynamic_snr,-3.465,0.1002
134,v3,v7,20.0,60.0,30.0,0.6,0.3,0.6,-13.2669,True,fuzzy_logic_dynamic_snr,13.6489,0.4078
134,v3,v11,20.0,60.0,10.0,0.6,0.3,0.2,-10.8587,True,fuzzy_logic_dynamic_snr,15.2176,0.5301
134,v3,v19,20.0,90.0,30.0,0.6,0.45,0.6,-16.0844,True,fuzzy_logic_dynamic_snr,11.7276,0.299
134,v4,v7,40.0,10.44,20.0,1.0,0.0522,0.4,19.8836,False,fuzzy_logic_dynamic_snr,26.0211,0.975
134,v4,v11,40.0,10.44,0.0,1.0,0.0522,0.0,23.7006,False,fuzzy_logic_dynamic_snr,29.8382,0.9848
134,v4,v15,40.0,10.44,20.0,1.0,0.0522,0.4,19.8836,False,fuzzy_logic_dynamic_snr,26.0194,0.9785
134,v4,v3,40.0,50.09,10.0,1.0,0.2504,0.2,10.3958,False,fuzzy_logic_dynamic_snr,16.5341,0.8355
134,v4,v19,40.0,140.03,20.0,1.0,0.7002,0.4,1.8434,True,fuzzy_logic_dynamic_snr,21.1071,0.8594
135,v1,v13,40.0,50.0,10.0,1.0,0.25,0.2,10.4082,False,fuzzy_logic_dynamic_snr,16.5451,0.8387
135,v1,v5,40.0,90.0,10.0,1.0,0.45,0.2,6.3239,False,fuzzy_logic_dynamic_snr,12.4632,0.5828
135,v1,v6,40.0,140.03,30.0,1.0,0.7002,0.6,0.8439,True,fuzzy_logic_dynamic_snr,20.8277,0.8662
135,v3,v19,20.0,60.0,10.0,0.6,0.3,0.2,-10.8587,True,fuzzy_logic_dynamic_snr,15.2209,0.5512
135,v3,v4,20.0,60.07,10.0,0.6,0.3004,0.2,-10.8673,True,fuzzy_logic_dynamic_snr,15.235,0.5498
135,v3,v11,20.0,70.0,10.0,0.6,0.35,0.2,-11.9298,True,fuzzy_logic_dynamic_snr,14.4964,0.492
135,v3,v15,20.0,70.0,20.0,0.6,0.35,0.4,-13.3385,True,fuzzy_logic_dynamic_snr,13.6415,0.4301
135,v3,v7,20.0,90.0,10.0,0.6,0.45,0.2,-13.6761,True,fuzzy_logic_dynamic_snr,13.3734,0.3938
135,v4,v11,40.0,10.44,0.0,1.0,0.0522,0.0,23.7006,False,fuzzy_logic_dynamic_snr,29.838,0.9877
135,v4,v15,40.0,10.44,30.0,1.0,0.0522,0.6,18.8841,False,fuzzy_logic_dynamic_snr,25.0237,0.9682
135,v4,v7,40.0,30.15,20.0,1.0,0.1507,0.4,12.5145,False,fuzzy_logic_dynamic_snr,18.6501,0.901
135,v4,v3,40.0,60.07,10.0,1.0,0.3004,0.2,9.1327,False,fuzzy_logic_dynamic_snr,15.2713,0.7881
135,v4,v19,40.0,120.04,0.0,1.0,0.6002,0.0,6.7309,False,fuzzy_logic_dynamic_snr,12.8692,0.5963
136,v1,v13,40.0,60.0,0.0,1.0,0.3,0.0,11.5496,False,fuzzy_logic_dynamic_snr,17.687,0.8779
136,v1,v5,40.0,100.0,20.0,1.0,0.5,0.4,4.183,False,fuzzy_logic_dynamic_snr,10.3225,0.3895
136,v1,v6,40.0,170.03,20.0,1.0,0.8501,0.4,0.4948,True,fuzzy_logic_dynamic_snr,20.7495,0.8488
136,v3,v4,20.0,50.09,20.0,0.6,0.2504,0.4,-11.013,True,fuzzy_logic_dynamic_snr,15.1217,0.5361
136,v3,v11,20.0,60.0,0.0,0.6,0.3,0.0,-8.4504,True,fuzzy_logic_dynamic_snr,16.662,0.6551
136,v3,v19,20.0,70.0,10.0,0.6,0.35,0.2,-11.9298,True,fuzzy_logic_dynamic_snr,14.5506,0.4906
136,v3,v15,20.0,90.0,0.0,0.6,0.45,0.0,-11.2679,True,fuzzy_logic_dynamic_snr,14.9621,0.5273
136,v3,v7,20.0,100.0,30.0,0.6,0.5,0.6,-16.8165,True,fuzzy_logic_dynamic_snr,11.205,0.2686
136,v4,v11,40.0,10.44,20.0,1.0,0.0522,0.4,19.8836,False,fuzzy_logic_dynamic_snr,26.0227,0.9721
136,v4,v15,40.0,40.11,20.0,1.0,0.2006,0.4,10.5306,False,fuzzy_logic_dynamic_snr,16.6691,0.8404
136,v4,v3,40.0,50.09,20.0,1.0,0.2504,0.4,8.987,False,fuzzy_logic_dynamic_snr,15.1245,0.7725
136,v4,v7,40.0,50.09,10.0,1.0,0.2504,0.2,10.3958,False,fuzzy_logic_dynamic_snr,16.535,0.8371
136,v4,v19,40.0,120.04,10.0,1.0,0.6002,0.2,4.3227,False,fuzzy_logic_dynamic_snr,10.4609,0.4021
137,v1,v13,40.0,60.0,20.0,1.0,0.3,0.4,7.7326,False,fuzzy_logic_dynamic_snr,13.8698,0.6785
137,v1,v5,40.0,120.0,10.0,1.0,0.6,0.2,4.3249,False,fuzzy_logic_dynamic_snr,10.4616,0.3879
137,v1,v6,40.0,190.02,10.0,1.0,0.9501,0.2,1.1308,True,fuzzy_logic_dynamic_snr,20.9238,0.8549
137,v3,v4,20.0,30.15,0.0,0.6,0.1507,0.0,-3.6685,False,fuzzy_logic_dynamic_snr,2.468,0.1422
137,v3,v11,20.0,60.0,10.0,0.6,0.3,0.2,-10.8587,True,fuzzy_logic_dynamic_snr,15.2012,0.5465
137,v3,v7,20.0,70.0,20.0,0.6,0.35,0.4,-13.3385,True,fuzzy_logic_dynamic_snr,13.5874,0.4043
137,v3,v19,20.0,80.0,10.0,0.6,0.4,0.2,-12.8577,True,fuzzy_logic_dynamic_snr,13.9284,0.435
137,v3,v15,20.0,90.0,0.0,0.6,0.45,0.0,-11.2679,True,fuzzy_logic_dynamic_snr,14.9612,0.5311
137,v4,v3,40.0,30.15,0.0,1.0,0.1507,0.0,16.3315,False,fuzzy_logic_dynamic_snr,22.4722,0.952
137,v4,v11,40.0,30.15,10.0,1.0,0.1507,0.2,13.9232,False,fuzzy_logic_dynamic_snr,20.0614,0.9227
137,v4,v7,40.0,40.11,20.0,1.0,0.2006,0.4,10.5306,False,fuzzy_logic_dynamic_snr,16.6699,0.8459
137,v4,v15,40.0,60.07,0.0,1.0,0.3004,0.0,11.5409,False,fuzzy_logic_dynamic_snr,17.6785,0.8711
137,v4,v19,40.0,110.04,10.0,1.0,0.5502,0.2,4.9269,False,fuzzy_logic_dynamic_snr,11.0627,0.4582
138,v1,v13,40.0,80.0,40.0,1.0,0.4,0.8,3.9588,True,fuzzy_logic_dynamic_snr,21.5622,0.8654
138,v1,v5,40.0,130.0,40.0,1.0,0.65,0.8,0.5851,True,fuzzy_logic_dynamic_snr,20.7654,0.8361
138,v3,v4,20.0,30.15,0.0,0.6,0.1507,0.0,-3.6685,False,fuzzy_logic_dynamic_snr,2.4705,0.133
138,v3,v11,20.0,70.0,30.0,0.6,0.35,0.6,-14.338,True,fuzzy_logic_dynamic_snr,12.9327,0.3822
138,v3,v7,20.0,90.0,20.0,0.6,0.45,0.4,-15.0849,True,fuzzy_logic_dynamic_snr,12.424,0.3164
138,v3,v15,20.0,90.0,10.0,0.6,0.45,0.2,-13.6761,True,fuzzy_logic_dynamic_snr,13.3643,0.3857
138,v3,v19,20.0,90.0,10.0,0.6,0.45,0.2,-13.6761,True,fuzzy_logic_dynamic_snr,13.3973,0.4105
138,v4,v3,40.0,30.15,0.0,1.0,0.1507,0.0,16.3315,False,fuzzy_logic_dynamic_snr,22.4683,0.9652
138,v4,v11,40.0,40.11,30.0,1.0,0.2006,0.6,9.5311,False,fuzzy_logic_dynamic_snr,15.6682,0.8096
138,v4,v7,40.0,60.07,20.0,1.0,0.3004,0.4,7.7239,False,fuzzy_logic_dynamic_snr,13.8594,0.6986
138,v4,v15,40.0,60.07,10.0,1.0,0.3004,0.2,9.1327,False,fuzzy_logic_dynamic_snr,15.2723,0.7699
138,v4,v19,40.0,120.04,10.0,1.0,0.6002,0.2,4.3227,False,fuzzy_logic_dynamic_snr,10.4606,0.4158
139,v1,v13,40.0,40.0,30.0,1.0,0.2,0.6,9.5506,False,fuzzy_logic_dynamic_snr,15.6881,0.8035
139,v1,v5,40.0,90.0,20.0,1.0,0.45,0.4,4.9151,False,fuzzy_logic_dynamic_snr,11.0545,0.4557
139,v1,v6,40.0,170.03,10.0,1.0,0.8501,0.2,1.9035,True,fuzzy_logic_dynamic_snr,21.1123,0.8496
139,v3,v4,20.0,30.15,10.0,0.6,0.1507,0.2,-6.0768,False,fuzzy_logic_dynamic_snr,0.0602,0.1158
139,v3,v11,20.0,40.0,20.0,0.6,0.2,0.4,-9.4499,True,fuzzy_logic_dynamic_snr,16.1009,0.6043
139,v3,v7,20.0,70.0,10.0,0.6,0.35,0.2,-11.9298,True,fuzzy_logic_dynamic_snr,14.5498,0.4982
139,v3,v15,20.0,80.0,20.0,0.6,0.4,0.4,-14.2664,True,fuzzy_logic_dynamic_snr,12.9898,0.3768
139,v3,v19,20.0,100.0,20.0,0.6,0.5,0.4,-15.817,True,fuzzy_logic_dynamic_snr,11.8967,0.3244
139,v4,v11,40.0,10.44,30.0,1.0,0.0522,0.6,18.8841,False,fuzzy_logic_dynamic_snr,25.02,0.9662
139,v4,v3,40.0,30.15,10.0,1.0,0.1507,0.2,13.9232,False,fuzzy_logic_dynamic_snr,20.0592,0.9254
139,v4,v7,40.0,40.11,20.0,1.0,0.2006,0.4,10.5306,False,fuzzy_logic_dynamic_snr,16.6704,0.8393
139,v4,v15,40.0,50.09,10.0,1.0,0.2504,0.2,10.3958,False,fuzzy_logic_dynamic_snr,16.5341,0.84
139,v4,v19,40.0,130.03,10.0,1.0,0.6502,0.2,3.7668,False,fuzzy_logic_dynamic_snr,9.9044,0.3615
140,v1,v13,40.0,70.0,40.0,1.0,0.35,0.8,4.8867,True,fuzzy_logic_dynamic_snr,21.7123,0.8775
140,v1,v5,40.0,110.0,20.0,1.0,0.55,0.4,3.5207,False,fuzzy_logic_dynamic_snr,9.6578,0.3537
140,v1,v6,40.0,160.03,0.0,1.0,0.8001,0.0,4.7329,True,fuzzy_logic_dynamic_snr,21.6881,0.8752
140,v3,v4,20.0,20.22,10.0,0.6,0.1011,0.2,-3.302,False,fuzzy_logic_dynamic_snr,2.8341,0.1447
140,v3,v11,20.0,60.0,40.0,0.6,0.3,0.8,-14.0422,True,fuzzy_logic_dynamic_snr,13.1235,0.3648
140,v3,v15,20.0,60.0,10.0,0.6,0.3,0.2,-10.8587,True,fuzzy_logic_dynamic_snr,15.2188,0.5344
140,v3,v7,20.0,80.0,0.0,0.6,0.4,0.0,-10.4494,True,fuzzy_logic_dynamic_snr,15.488,0.5578
140,v3,v19,20.0,120.0,20.0,0.6,0.6,0.4,-17.0839,True,fuzzy_logic_dynamic_snr,10.9873,0.2516
140,v4,v3,40.0,20.22,10.0,1.0,0.1011,0.2,16.698,False,fuzzy_logic_dynamic_snr,22.838,0.9506
140,v4,v11,40.0,40.11,30.0,1.0,0.2006,0.6,9.5311,False,fuzzy_logic_dynamic_snr,15.6686,0.7955
140,v4,v15,40.0,40.11,0.0,1.0,0.2006,0.0,14.3476,False,fuzzy_logic_dynamic_snr,20.4866,0.9318
140,v4,v7,40.0,60.07,10.0,1.0,0.3004,0.2,9.1327,False,fuzzy_logic_dynamic_snr,15.2698,0.7859
140,v4,v19,40.0,140.03,10.0,1.0,0.7002,0.2,3.2521,False,fuzzy_logic_dynamic_snr,9.3898,0.3229
141,v1,v13,40.0,30.0,20.0,1.0,0.15,0.4,12.5491,False,fuzzy_logic_dynamic_snr,18.6882,0.9053
141,v1,v5,40.0,90.0,10.0,1.0,0.45,0.2,6.3239,False,fuzzy_logic_dynamic_snr,12.4623,0.5801
141,v1,v6,40.0,160.03,20.0,1.0,0.8001,0.4,0.9159,True,fuzzy_logic_dynamic_snr,20.8574,0.8484
141,v3,v4,20.0,10.44,10.0,0.6,0.0522,0.2,1.2923,False,fuzzy_logic_dynamic_snr,7.4301,0.2131
141,v3,v11,20.0,20.0,30.0,0.6,0.1,0.6,-5.633,True,fuzzy_logic_dynamic_snr,18.2192,0.7328
141,v3,v15,20.0,50.0,20.0,0.6,0.25,0.4,-11.0005,True,fuzzy_logic_dynamic_snr,15.1408,0.5484
141,v3,v7,20.0,80.0,40.0,0.6,0.4,0.8,-16.0412,True,fuzzy_logic_dynamic_snr,11.7679,0.3174
141,v3,v19,20.0,140.0,20.0,0.6,0.7,0.4,-18.155,True,fuzzy_logic_dynamic_snr,10.2809,0.2475
141,v4,v3,40.0,10.44,10.0,1.0,0.0522,0.2,21.2923,False,fuzzy_logic_dynamic_snr,27.4292,0.976
141,v4,v11,40.0,10.44,20.0,1.0,0.0522,0.4,19.8836,False,fuzzy_logic_dynamic_snr,26.0194,0.9711
141,v4,v15,40.0,40.11,10.0,1.0,0.2006,0.2,11.9393,False,fuzzy_logic_dynamic_snr,18.0779,0.8779
141,v4,v7,40.0,70.06,30.0,1.0,0.3503,0.6,5.6556,False,fuzzy_logic_dynamic_snr,11.7922,0.5199
141,v4,v19,40.0,150.03,10.0,1.0,0.7501,0.2,2.7729,False,fuzzy_logic_dynamic_snr,8.9095,0.2998
142,v1,v13,40.0,10.0,0.0,1.0,0.05,0.0,24.0,False,fuzzy_logic_dynamic_snr,30.1389,0.9828
142,v1,v5,40.0,100.0,10.0,1.0,0.5,0.2,5.5918,False,fuzzy_logic_dynamic_snr,11.732,0.5213
142,v1,v6,40.0,180.02,30.0,1.0,0.9001,0.6,-0.9018,True,fuzzy_logic_dynamic_snr,20.2659,0.8365
142,v3,v4,20.0,3.0,0.0,0.6,0.015,0.0,12.3661,False,fuzzy_logic_dynamic_snr,18.5009,0.8902
142,v3,v11,20.0,10.0,20.0,0.6,0.05,0.4,0.183,True,fuzzy_logic_dynamic_snr,20.6363,0.8338
142,v3,v15,20.0,30.0,10.0,0.6,0.15,0.2,-6.0422,False,fuzzy_logic_dynamic_snr,0.0941,0.1191
142,v3,v7,20.0,40.0,10.0,0.6,0.2,0.2,-8.0412,False,fuzzy_logic_dynamic_snr,-1.9034,0.108
142,v3,v8,20.0,150.03,10.0,0.6,0.7501,0.2,-17.2271,True,fuzzy_logic_dynamic_snr,10.9256,0.2604
142,v4,v3,40.0,3.0,0.0,1.0,0.015,0.0,32.3661,False,fuzzy_logic_dynamic_snr,38.5033,0.9951
142,v4,v11,40.0,10.44,20.0,1.0,0.0522,0.4,19.8836,False,fuzzy_logic_dynamic_snr,26.0221,0.974
142,v4,v15,40.0,30.15,10.0,1.0,0.1507,0.2,13.9232,False,fuzzy_logic_dynamic_snr,20.0622,0.9217
142,v4,v7,40.0,40.11,10.0,1.0,0.2006,0.2,11.9393,False,fuzzy_logic_dynamic_snr,18.077,0.8898
142,v4,v8,40.0,150.0,10.0,1.0,0.75,0.2,2.7743,False,fuzzy_logic_dynamic_snr,8.9111,0.2861
143,v1,v13,40.0,10.0,0.0,1.0,0.05,0.0,24.0,False,fuzzy_logic_dynamic_snr,30.1375,0.9867
143,v1,v5,40.0,110.0,30.0,1.0,0.55,0.6,2.5212,True,fuzzy_logic_dynamic_snr,21.2807,0.8518
143,v3,v4,20.0,3.0,40.0,0.6,0.015,0.8,6.7743,True,fuzzy_logic_dynamic_snr,21.9713,0.8869
143,v3,v11,20.0,10.0,40.0,0.6,0.05,0.8,-1.5918,True,fuzzy_logic_dynamic_snr,20.0375,0.8156
143,v3,v15,20.0,20.0,40.0,0.6,0.1,0.8,-6.4082,True,fuzzy_logic_dynamic_snr,17.8188,0.7064
143,v3,v7,20.0,30.0,0.0,0.6,0.15,0.0,-3.6339,False,fuzzy_logic_dynamic_snr,2.5052,0.1281
143,v3,v19,20.0,140.0,30.0,0.6,0.7,0.6,-19.1545,True,fuzzy_logic_dynamic_snr,9.5188,0.2225
143,v4,v3,40.0,3.0,40.0,1.0,0.015,0.8,26.7743,True,fuzzy_logic_dynamic_snr,22.4895,0.9018
143,v4,v11,40.0,10.44,0.0,1.0,0.0522,0.0,23.7006,False,fuzzy_logic_dynamic_snr,29.8376,0.9896
143,v4,v15,40.0,20.22,0.0,1.0,0.1011,0.0,19.1062,False,fuzzy_logic_dynamic_snr,25.2455,0.9779
143,v4,v7,40.0,30.15,40.0,1.0,0.1507,0.8,10.7397,True,fuzzy_logic_dynamic_snr,22.26,0.8939
143,v4,v19,40.0,140.03,10.0,1.0,0.7002,0.2,3.2521,False,fuzzy_logic_dynamic_snr,9.388,0.3379
144,v1,v13,40.0,10.0,0.0,1.0,0.05,0.0,24.0,False,fuzzy_logic_dynamic_snr,30.1372,0.9828
144,v1,v5,40.0,140.0,0.0,1.0,0.7,0.0,5.662,False,fuzzy_logic_dynamic_snr,11.7992,0.5229
144,v3,v15,20.0,20.0,40.0,0.6,0.1,0.8,-6.4082,True,fuzzy_logic_dynamic_snr,17.8283,0.6951
144,v3,v7,20.0,30.0,10.0,0.6,0.15,0.2,-6.0422,False,fuzzy_logic_dynamic_snr,0.0951,0.1213
144,v3,v11,20.0,30.0,20.0,0.6,0.15,0.4,-7.4509,True,fuzzy_logic_dynamic_snr,17.2373,0.6543
144,v3,v4,20.0,40.11,20.0,0.6,0.2006,0.4,-9.4694,True,fuzzy_logic_dynamic_snr,16.0682,0.6285
144,v3,v19,20.0,170.0,30.0,0.6,0.85,0.6,-20.5037,True,fuzzy_logic_dynamic_snr,8.6675,0.1855
144,v4,v11,40.0,10.44,0.0,1.0,0.0522,0.0,23.7006,False,fuzzy_logic_dynamic_snr,29.8376,0.9857
144,v4,v15,40.0,20.22,20.0,1.0,0.1011,0.4,15.2892,False,fuzzy_logic_dynamic_snr,21.4266,0.943
144,v4,v3,40.0,40.11,20.0,1.0,0.2006,0.4,10.5306,False,fuzzy_logic_dynamic_snr,16.6681,0.8313
144,v4,v7,40.0,70.06,10.0,1.0,0.3503,0.2,8.0638,False,fuzzy_logic_dynamic_snr,14.2022,0.7223
144,v4,v8,40.0,130.0,20.0,1.0,0.65,0.4,2.3599,True,fuzzy_logic_dynamic_snr,21.2406,0.8555
145,v1,v13,40.0,10.0,20.0,1.0,0.05,0.4,20.183,False,fuzzy_logic_dynamic_snr,26.3218,0.9725
145,v1,v5,40.0,140.0,40.0,1.0,0.7,0.8,0.0702,True,fuzzy_logic_dynamic_snr,20.6066,0.8451
145,v3,v11,20.0,10.0,10.0,0.6,0.05,0.2,1.5918,False,fuzzy_logic_dynamic_snr,7.728,0.2283
145,v3,v15,20.0,20.0,10.0,0.6,0.1,0.2,-3.2247,False,fuzzy_logic_dynamic_snr,2.9136,0.1344
145,v3,v4,20.0,20.22,0.0,0.6,0.1011,0.0,-0.8938,False,fuzzy_logic_dynamic_snr,5.2419,0.1672
145,v3,v7,20.0,40.0,20.0,0.6,0.2,0.4,-9.4499,True,fuzzy_logic_dynamic_snr,16.0823,0.6141
145,v3,v8,20.0,130.03,40.0,0.6,0.6502,0.8,-19.4167,True,fuzzy_logic_dynamic_snr,9.3921,0.2119
145,v4,v11,40.0,10.44,10.0,1.0,0.0522,0.2,21.2923,False,fuzzy_logic_dynamic_snr,27.4301,0.9818
145,v4,v3,40.0,20.22,0.0,1.0,0.1011,0.0,19.1062,False,fuzzy_logic_dynamic_snr,25.2436,0.9686
145,v4,v15,40.0,40.11,10.0,1.0,0.2006,0.2,11.9393,False,fuzzy_logic_dynamic_snr,18.077,0.8932
145,v4,v7,40.0,60.07,20.0,1.0,0.3004,0.4,7.7239,False,fuzzy_logic_dynamic_snr,13.8592,0.6875
145,v4,v8,40.0,110.0,40.0,1.0,0.55,0.8,1.746,True,fuzzy_logic_dynamic_snr,21.0818,0.8551
146,v1,v13,40.0,10.0,40.0,1.0,0.05,0.8,18.4082,True,fuzzy_logic_dynamic_snr,22.4578,0.9018
146,v1,v5,40.0,100.0,40.0,1.0,0.5,0.8,2.4082,True,fuzzy_logic_dynamic_snr,21.2547,0.8697
146,v1,v6,40.0,180.02,20.0,1.0,0.9001,0.4,0.0977,True,fuzzy_logic_dynamic_snr,20.6099,0.851
146,v3,v15,20.0,10.0,10.0,0.6,0.05,0.2,1.5918,False,fuzzy_logic_dynamic_snr,7.7289,0.2361
146,v3,v7,20.0,20.0,0.0,0.6,0.1,0.0,-0.8165,False,fuzzy_logic_dynamic_snr,5.3217,0.1646
146,v3,v11,20.0,20.0,10.0,0.6,0.1,0.2,-3.2247,False,fuzzy_logic_dynamic_snr,2.9137,0.1389
146,v3,v4,20.0,20.22,10.0,0.6,0.1011,0.2,-3.302,False,fuzzy_logic_dynamic_snr,2.8348,0.1379
146,v3,v19,20.0,150.0,10.0,0.6,0.75,0.2,-17.2257,True,fuzzy_logic_dynamic_snr,10.9388,0.2793
146,v4,v11,40.0,3.0,20.0,1.0,0.015,0.4,28.5491,False,fuzzy_logic_dynamic_snr,34.6871,0.9906
146,v4,v3,40.0,20.22,10.0,1.0,0.1011,0.2,16.698,False,fuzzy_logic_dynamic_snr,22.8357,0.9598
146,v4,v15,40.0,30.15,0.0,1.0,0.1507,0.0,16.3315,False,fuzzy_logic_dynamic_snr,22.4701,0.9555
146,v4,v7,40.0,40.11,10.0,1.0,0.2006,0.2,11.9393,False,fuzzy_logic_dynamic_snr,18.0766,0.8814
146,v4,v19,40.0,130.03,20.0,1.0,0.6502,0.4,2.3581,True,fuzzy_logic_dynamic_snr,21.2408,0.865
147,v1,v13,40.0,30.0,10.0,1.0,0.15,0.2,13.9578,False,fuzzy_logic_dynamic_snr,20.0966,0.9199
147,v1,v5,40.0,140.0,20.0,1.0,0.7,0.4,1.845,True,fuzzy_logic_dynamic_snr,21.1127,0.8576
147,v3,v15,20.0,0.0,10.0,0.6,0.0,0.2,33.5918,False,fuzzy_logic_dynamic_snr,39.7315,0.9932
147,v3,v11,20.0,10.0,10.0,0.6,0.05,0.2,1.5918,False,fuzzy_logic_dynamic_snr,7.7282,0.2346
147,v3,v7,20.0,20.0,30.0,0.6,0.1,0.6,-5.633,True,fuzzy_logic_dynamic_snr,18.211,0.7168
147,v3,v4,20.0,30.15,20.0,0.6,0.1507,0.4,-7.4855,True,fuzzy_logic_dynamic_snr,17.233,0.6676
147,v3,v19,20.0,140.0,20.0,0.6,0.7,0.4,-18.155,True,fuzzy_logic_dynamic_snr,10.2628,0.2381
147,v4,v11,40.0,20.22,30.0,1.0,0.1011,0.6,14.2897,False,fuzzy_logic_dynamic_snr,20.4279,0.924
147,v4,v3,40.0,30.15,20.0,1.0,0.1507,0.4,12.5145,False,fuzzy_logic_dynamic_snr,18.6525,0.9072
147,v4,v15,40.0,30.15,30.0,1.0,0.1507,0.6,11.515,False,fuzzy_logic_dynamic_snr,17.6528,0.8701
147,v4,v7,40.0,50.09,10.0,1.0,0.2504,0.2,10.3958,False,fuzzy_logic_dynamic_snr,16.5328,0.842
147,v4,v19,40.0,110.04,0.0,1.0,0.5502,0.0,7.3351,False,fuzzy_logic_dynamic_snr,13.4727,0.6637
148,v1,v13,40.0,20.0,0.0,1.0,0.1,0.0,19.1835,False,fuzzy_logic_dynamic_snr,25.3189,0.9721
148,v1,v5,40.0,120.0,20.0,1.0,0.6,0.4,2.9161,False,fuzzy_logic_dynamic_snr,9.0539,0.2967
148,v1,v6,40.0,170.03,10.0,1.0,0.8501,0.2,1.9035,True,fuzzy_logic_dynamic_snr,21.119,0.8561
148,v3,v15,20.0,10.0,10.0,0.6,0.05,0.2,1.5918,False,fuzzy_logic_dynamic_snr,7.7297,0.2316
148,v3,v4,20.0,10.44,30.0,0.6,0.0522,0.6,-1.1159,True,fuzzy_logic_dynamic_snr,20.1934,0.8365
148,v3,v11,20.0,20.0,20.0,0.6,0.1,0.4,-4.6334,True,fuzzy_logic_dynamic_snr,18.7156,0.7756
148,v3,v7,20.0,50.0,10.0,0.6,0.25,0.2,-9.5918,False,fuzzy_logic_dynamic_snr,-3.4532,0.1027
148,v3,v19,20.0,120.0,20.0,0.6,0.6,0.4,-17.0839,True,fuzzy_logic_dynamic_snr,11.0064,0.2676
148,v4,v15,40.0,3.0,20.0,1.0,0.015,0.4,28.5491,False,fuzzy_logic_dynamic_snr,34.6894,0.9922
148,v4,v3,40.0,10.44,30.0,1.0,0.0522,0.6,18.8841,False,fuzzy_logic_dynamic_snr,25.0228,0.9691
148,v4,v11,40.0,10.44,10.0,1.0,0.0522,0.2,21.2923,False,fuzzy_logic_dynamic_snr,27.4297,0.976
148,v4,v7,40.0,60.07,40.0,1.0,0.3004,0.8,5.9491,True,fuzzy_logic_dynamic_snr,21.8665,0.8811
148,v4,v8,40.0,110.0,40.0,1.0,0.55,0.8,1.746,True,fuzzy_logic_dynamic_snr,21.0778,0.8492
149,v1,v13,40.0,20.0,10.0,1.0,0.1,0.2,16.7753,False,fuzzy_logic_dynamic_snr,22.9149,0.9652
149,v1,v5,40.0,100.0,20.0,1.0,0.5,0.4,4.183,False,fuzzy_logic_dynamic_snr,10.3209,0.3875
149,v1,v6,40.0,180.02,0.0,1.0,0.9001,0.0,3.9147,True,fuzzy_logic_dynamic_snr,21.5534,0.8855
149,v3,v15,20.0,20.0,10.0,0.6,0.1,0.2,-3.2247,False,fuzzy_logic_dynamic_snr,2.9123,0.1402
149,v3,v11,20.0,40.0,20.0,0.6,0.2,0.4,-9.4499,True,fuzzy_logic_dynamic_snr,16.0978,0.5967
149,v3,v4,20.0,40.11,10.0,0.6,0.2006,0.2,-8.0607,False,fuzzy_logic_dynamic_snr,-1.9222,0.1148
149,v3,v7,20.0,60.0,0.0,0.6,0.3,0.0,-8.4504,True,fuzzy_logic_dynamic_snr,16.6896,0.6256
149,v3,v8,20.0,110.04,10.0,0.6,0.5502,0.2,-15.0731,True,fuzzy_logic_dynamic_snr,12.423,0.3313
149,v4,v11,40.0,3.0,10.0,1.0,0.015,0.2,29.9578,False,fuzzy_logic_dynamic_snr,36.0955,0.9912
149,v4,v15,40.0,20.22,20.0,1.0,0.1011,0.4,15.2892,False,fuzzy_logic_dynamic_snr,21.4272,0.948
149,v4,v3,40.0,40.11,10.0,1.0,0.2006,0.2,11.9393,False,fuzzy_logic_dynamic_snr,18.0772,0.8838
149,v4,v8,40.0,70.0,20.0,1.0,0.35,0.4,6.6615,False,fuzzy_logic_dynamic_snr,12.7974,0.598
149,v4,v7,40.0,100.04,10.0,1.0,0.5002,0.2,5.5886,False,fuzzy_logic_dynamic_snr,11.7274,0.5137
150,v1,v13,40.0,10.0,10.0,1.0,0.05,0.2,21.5918,False,fuzzy_logic_dynamic_snr,27.7289,0.9818
150,v1,v5,40.0,120.0,0.0,1.0,0.6,0.0,6.7331,False,fuzzy_logic_dynamic_snr,12.8708,0.6219
150,v1,v6,40.0,180.02,10.0,1.0,0.9001,0.2,1.5064,True,fuzzy_logic_dynamic_snr,21.0414,0.8633
150,v3,v11,20.0,20.0,20.0,0.6,0.1,0.4,-4.6334,True,fuzzy_logic_dynamic_snr,18.7456,0.7711
150,v3,v15,20.0,30.0,0.0,0.6,0.15,0.0,-3.6339,False,fuzzy_logic_dynamic_snr,2.5038,0.1324
150,v3,v4,20.0,30.15,10.0,0.6,0.1507,0.2,-6.0768,False,fuzzy_logic_dynamic_snr,0.0605,0.1281
150,v3,v7,20.0,60.0,20.0,0.6,0.3,0.4,-12.2674,True,fuzzy_logic_dynamic_snr,14.3777,0.4848
150,v3,v8,20.0,120.04,10.0,0.6,0.6002,0.2,-15.6773,True,fuzzy_logic_dynamic_snr,12.0443,0.3457
150,v4,v15,40.0,3.0,10.0,1.0,0.015,0.2,29.9578,False,fuzzy_logic_dynamic_snr,36.0941,0.9922
150,v4,v11,40.0,10.44,10.0,1.0,0.0522,0.2,21.2923,False,fuzzy_logic_dynamic_snr,27.4318,0.9799
150,v4,v3,40.0,30.15,10.0,1.0,0.1507,0.2,13.9232,False,fuzzy_logic_dynamic_snr,20.062,0.9275
150,v4,v8,40.0,90.0,0.0,1.0,0.45,0.0,8.7321,False,fuzzy_logic_dynamic_snr,14.8702,0.7686
150,v4,v7,40.0,90.05,10.0,1.0,0.4502,0.2,6.32,False,fuzzy_logic_dynamic_snr,12.4554,0.5982
151,v1,v13,40.0,20.0,20.0,1.0,0.1,0.4,15.3666,False,fuzzy_logic_dynamic_snr,21.5044,0.9486
151,v1,v5,40.0,120.0,0.0,1.0,0.6,0.0,6.7331,False,fuzzy_logic_dynamic_snr,12.8725,0.6234
151,v1,v6,40.0,170.03,20.0,1.0,0.8501,0.4,0.4948,True,fuzzy_logic_dynamic_snr,20.7537,0.8371
151,v3,v15,20.0,30.0,10.0,0.6,0.15,0.2,-6.0422,False,fuzzy_logic_dynamic_snr,0.0945,0.1252
151,v3,v7,20.0,40.0,20.0,0.6,0.2,0.4,-9.4499,True,fuzzy_logic_dynamic_snr,16.1059,0.6094
151,v3,v11,20.0,40.0,10.0,0.6,0.2,0.2,-8.0412,False,fuzzy_logic_dynamic_snr,-1.9041,0.1061
151,v3,v4,20.0,40.11,10.0,0.6,0.2006,0.2,-8.0607,False,fuzzy_logic_dynamic_snr,-1.9231,0.1041
151,v3,v19,20.0,130.0,10.0,0.6,0.65,0.2,-16.2313,True,fuzzy_logic_dynamic_snr,11.6195,0.3027
151,v4,v11,40.0,3.0,20.0,1.0,0.015,0.4,28.5491,False,fuzzy_logic_dynamic_snr,34.6855,0.9848
151,v4,v15,40.0,10.44,20.0,1.0,0.0522,0.4,19.8836,False,fuzzy_logic_dynamic_snr,26.0223,0.9789
151,v4,v3,40.0,40.11,10.0,1.0,0.2006,0.2,11.9393,False,fuzzy_logic_dynamic_snr,18.0775,0.8867
151,v4,v7,40.0,80.06,10.0,1.0,0.4003,0.2,7.1374,False,fuzzy_logic_dynamic_snr,13.274,0.6309
151,v4,v8,40.0,90.0,20.0,1.0,0.45,0.4,4.9151,False,fuzzy_logic_dynamic_snr,11.0537,0.4688
152,v1,v13,40.0,40.0,20.0,1.0,0.2,0.4,10.5501,False,fuzzy_logic_dynamic_snr,16.6885,0.8535
152,v1,v5,40.0,120.0,0.0,1.0,0.6,0.0,6.7331,False,fuzzy_logic_dynamic_snr,12.8704,0.6006
152,v1,v6,40.0,190.02,20.0,1.0,0.9501,0.4,-0.2779,True,fuzzy_logic_dynamic_snr,20.5111,0.8383
152,v3,v4,20.0,30.15,10.0,0.6,0.1507,0.2,-6.0768,False,fuzzy_logic_dynamic_snr,0.0618,0.1168
152,v3,v15,20.0,40.0,30.0,0.6,0.2,0.6,-10.4494,True,fuzzy_logic_dynamic_snr,15.4683,0.5414
152,v3,v11,20.0,50.0,20.0,0.6,0.25,0.4,-11.0005,True,fuzzy_logic_dynamic_snr,15.1278,0.5186
152,v3,v7,20.0,60.0,20.0,0.6,0.3,0.4,-12.2674,True,fuzzy_logic_dynamic_snr,14.3119,0.4836
152,v3,v19,20.0,120.0,10.0,0.6,0.6,0.2,-15.6751,True,fuzzy_logic_dynamic_snr,12.0019,0.3113
152,v4,v15,40.0,10.44,20.0,1.0,0.0522,0.4,19.8836,False,fuzzy_logic_dynamic_snr,26.0202,0.9789
152,v4,v11,40.0,20.22,10.0,1.0,0.1011,0.2,16.698,False,fuzzy_logic_dynamic_snr,22.8354,0.9658
152,v4,v3,40.0,30.15,10.0,1.0,0.1507,0.2,13.9232,False,fuzzy_logic_dynamic_snr,20.0616,0.927
152,v4,v7,40.0,90.05,10.0,1.0,0.4502,0.2,6.32,False,fuzzy_logic_dynamic_snr,12.4572,0.576
152,v4,v19,40.0,90.05,0.0,1.0,0.4502,0.0,8.7283,False,fuzzy_logic_dynamic_snr,14.8633,0.7541
153,v1,v13,40.0,20.0,40.0,1.0,0.1,0.8,13.5918,True,fuzzy_logic_dynamic_snr,22.3755,0.9018
153,v1,v5,40.0,120.0,20.0,1.0,0.6,0.4,2.9161,False,fuzzy_logic_dynamic_snr,9.0531,0.284
153,v1,v6,40.0,170.03,30.0,1.0,0.8501,0.6,-0.5047,True,fuzzy_logic_dynamic_snr,20.4042,0.825
153,v3,v15,20.0,10.0,0.0,0.6,0.05,0.0,4.0,False,fuzzy_logic_dynamic_snr,10.1387,0.383
153,v3,v4,20.0,20.22,10.0,0.6,0.1011,0.2,-3.302,False,fuzzy_logic_dynamic_snr,2.8365,0.1422
153,v3,v11,20.0,30.0,20.0,0.6,0.15,0.4,-7.4509,True,fuzzy_logic_dynamic_snr,17.2574,0.6832
153,v3,v7,20.0,80.0,40.0,0.6,0.4,0.8,-16.0412,True,fuzzy_logic_dynamic_snr,11.7785,0.299
153,v3,v19,20.0,110.0,40.0,0.6,0.55,0.8,-18.254,True,fuzzy_logic_dynamic_snr,10.213,0.2328
153,v4,v11,40.0,10.44,10.0,1.0,0.0522,0.2,21.2923,False,fuzzy_logic_dynamic_snr,27.4301,0.975
153,v4,v15,40.0,10.44,10.0,1.0,0.0522,0.2,21.2923,False,fuzzy_logic_dynamic_snr,27.4317,0.975
153,v4,v3,40.0,20.22,10.0,1.0,0.1011,0.2,16.698,False,fuzzy_logic_dynamic_snr,22.8357,0.9666
153,v4,v19,40.0,90.05,30.0,1.0,0.4502,0.6,3.9118,True,fuzzy_logic_dynamic_snr,21.5533,0.8746
153,v4,v7,40.0,100.04,30.0,1.0,0.5002,0.6,3.1804,True,fuzzy_logic_dynamic_snr,21.4151,0.8668
154,v1,v13,40.0,60.0,10.0,1.0,0.3,0.2,9.1413,False,fuzzy_logic_dynamic_snr,15.2784,0.7797
154,v1,v5,40.0,140.0,20.0,1.0,0.7,0.4,1.845,True,fuzzy_logic_dynamic_snr,21.0999,0.8615
154,v3,v11,20.0,10.0,10.0,0.6,0.05,0.2,1.5918,False,fuzzy_logic_dynamic_snr,7.7279,0.2229
154,v3,v15,20.0,10.0,10.0,0.6,0.05,0.2,1.5918,False,fuzzy_logic_dynamic_snr,7.7319,0.2357
154,v3,v4,20.0,10.44,20.0,0.6,0.0522,0.4,-0.1164,True,fuzzy_logic_dynamic_snr,20.5431,0.8533
154,v3,v19,20.0,70.0,0.0,0.6,0.35,0.0,-9.5216,True,fuzzy_logic_dynamic_snr,16.0346,0.6012
154,v3,v7,20.0,120.0,20.0,0.6,0.6,0.4,-17.0839,True,fuzzy_logic_dynamic_snr,11.0308,0.2848
154,v4,v11,40.0,3.0,10.0,1.0,0.015,0.2,29.9578,False,fuzzy_logic_dynamic_snr,36.0966,0.9877
154,v4,v15,40.0,3.0,10.0,1.0,0.015,0.2,29.9578,False,fuzzy_logic_dynamic_snr,36.0967,0.9951
154,v4,v3,40.0,10.44,20.0,1.0,0.0522,0.4,19.8836,False,fuzzy_logic_dynamic_snr,26.02,0.9746
154,v4,v19,40.0,60.07,20.0,1.0,0.3004,0.4,7.7239,False,fuzzy_logic_dynamic_snr,13.8619,0.6818
154,v4,v7,40.0,130.03,0.0,1.0,0.6502,0.0,6.1751,False,fuzzy_logic_dynamic_snr,12.3119,0.5729
155,v1,v13,40.0,70.0,20.0,1.0,0.35,0.4,6.6615,False,fuzzy_logic_dynamic_snr,12.799,0.6166
155,v1,v5,40.0,160.0,20.0,1.0,0.8,0.4,0.9171,True,fuzzy_logic_dynamic_snr,20.8497,0.8664
155,v3,v11,20.0,0.0,0.0,0.6,0.0,0.0,36.0,False,fuzzy_logic_dynamic_snr,42.1379,0.9971
155,v3,v15,20.0,0.0,30.0,0.6,0.0,0.6,31.1835,True,fuzzy_logic_dynamic_snr,22.4951,0.8998
155,v3,v4,20.0,10.44,20.0,0.6,0.0522,0.4,-0.1164,True,fuzzy_logic_dynamic_snr,20.558,0.8256
155,v3,v19,20.0,70.0,30.0,0.6,0.35,0.6,-14.338,True,fuzzy_logic_dynamic_snr,12.9485,0.3873
155,v3,v8,20.0,120.04,0.0,0.6,0.6002,0.0,-13.2691,True,fuzzy_logic_dynamic_snr,13.6625,0.3986
155,v4,v3,40.0,10.44,20.0,1.0,0.0522,0.4,19.8836,False,fuzzy_logic_dynamic_snr,26.0195,0.9721
155,v4,v11,40.0,10.44,20.0,1.0,0.0522,0.4,19.8836,False,fuzzy_logic_dynamic_snr,26.0211,0.9717
155,v4,v15,40.0,10.44,10.0,1.0,0.0522,0.2,21.2923,False,fuzzy_logic_dynamic_snr,27.4292,0.9809
155,v4,v19,40.0,80.06,10.0,1.0,0.4003,0.2,7.1374,False,fuzzy_logic_dynamic_snr,13.2753,0.6543
155,v4,v8,40.0,130.0,20.0,1.0,0.65,0.4,2.3599,True,fuzzy_logic_dynamic_snr,21.2292,0.8654
156,v1,v13,40.0,90.0,0.0,1.0,0.45,0.0,8.7321,False,fuzzy_logic_dynamic_snr,14.8702,0.759
156,v1,v5,40.0,140.0,0.0,1.0,0.7,0.0,5.662,False,fuzzy_logic_dynamic_snr,11.7999,0.5205
156,v3,v11,20.0,0.0,20.0,0.6,0.0,0.4,32.183,True,fuzzy_logic_dynamic_snr,22.4956,0.8988
156,v3,v4,20.0,10.44,30.0,0.6,0.0522,0.6,-1.1159,True,fuzzy_logic_dynamic_snr,20.2186,0.8277
156,v3,v15,20.0,30.0,20.0,0.6,0.15,0.4,-7.4509,True,fuzzy_logic_dynamic_snr,17.2337,0.6793
156,v3,v19,20.0,100.0,20.0,0.6,0.5,0.4,-15.817,True,fuzzy_logic_dynamic_snr,11.8886,0.3225
156,v3,v8,20.0,120.04,20.0,0.6,0.6002,0.4,-17.086,True,fuzzy_logic_dynamic_snr,10.9987,0.2809
156,v4,v3,40.0,10.44,30.0,1.0,0.0522,0.6,18.8841,False,fuzzy_logic_dynamic_snr,25.0227,0.9707
156,v4,v11,40.0,10.44,10.0,1.0,0.0522,0.2,21.2923,False,fuzzy_logic_dynamic_snr,27.4299,0.9844
156,v4,v15,40.0,20.22,10.0,1.0,0.1011,0.2,16.698,False,fuzzy_logic_dynamic_snr,22.8358,0.9617
156,v4,v19,40.0,90.05,10.0,1.0,0.4502,0.2,6.32,False,fuzzy_logic_dynamic_snr,12.4566,0.5629
156,v4,v8,40.0,110.0,10.0,1.0,0.55,0.2,4.9295,False,fuzzy_logic_dynamic_snr,11.0674,0.4572
157,v1,v13,40.0,90.0,10.0,1.0,0.45,0.2,6.3239,False,fuzzy_logic_dynamic_snr,12.4624,0.5875
157,v1,v5,40.0,140.0,20.0,1.0,0.7,0.4,1.845,True,fuzzy_logic_dynamic_snr,21.1103,0.8465
157,v1,v6,40.0,190.02,20.0,1.0,0.9501,0.4,-0.2779,True,fuzzy_logic_dynamic_snr,20.4716,0.8441
157,v3,v15,20.0,10.0,20.0,0.6,0.05,0.4,0.183,True,fuzzy_logic_dynamic_snr,20.6564,0.8402
157,v3,v11,20.0,20.0,10.0,0.6,0.1,0.2,-3.2247,False,fuzzy_logic_dynamic_snr,2.9125,0.1451
157,v3,v4,20.0,20.22,30.0,0.6,0.1011,0.6,-5.7103,True,fuzzy_logic_dynamic_snr,18.2194,0.7316
157,v3,v19,20.0,80.0,0.0,0.6,0.4,0.0,-10.4494,True,fuzzy_logic_dynamic_snr,15.4878,0.5629
157,v3,v8,20.0,100.04,30.0,0.6,0.5002,0.6,-16.8196,True,fuzzy_logic_dynamic_snr,11.2016,0.285
157,v4,v11,40.0,3.0,40.0,1.0,0.015,0.8,26.7743,True,fuzzy_logic_dynamic_snr,22.4911,0.9018
157,v4,v3,40.0,20.22,30.0,1.0,0.1011,0.6,14.2897,False,fuzzy_logic_dynamic_snr,20.4262,0.926
157,v4,v15,40.0,30.15,10.0,1.0,0.1507,0.2,13.9232,False,fuzzy_logic_dynamic_snr,20.06,0.926
157,v4,v19,40.0,100.04,30.0,1.0,0.5002,0.6,3.1804,True,fuzzy_logic_dynamic_snr,21.4132,0.8801
157,v4,v8,40.0,120.0,0.0,1.0,0.6,0.0,6.7331,False,fuzzy_logic_dynamic_snr,12.8704,0.6189
158,v1,v13,40.0,100.0,10.0,1.0,0.5,0.2,5.5918,False,fuzzy_logic_dynamic_snr,11.7312,0.5289
158,v1,v5,40.0,160.0,20.0,1.0,0.8,0.4,0.9171,True,fuzzy_logic_dynamic_snr,20.8669,0.8609
158,v3,v4,20.0,10.44,10.0,0.6,0.0522,0.2,1.2923,False,fuzzy_logic_dynamic_snr,7.4306,0.2199
158,v3,v11,20.0,30.0,10.0,0.6,0.15,0.2,-6.0422,False,fuzzy_logic_dynamic_snr,0.0958,0.1129
158,v3,v15,20.0,30.0,0.0,0.6,0.15,0.0,-3.6339,False,fuzzy_logic_dynamic_snr,2.5036,0.1379
158,v3,v19,20.0,80.0,20.0,0.6,0.4,0.4,-14.2664,True,fuzzy_logic_dynamic_snr,12.9877,0.3893
158,v3,v8,20.0,130.03,40.0,0.6,0.6502,0.8,-19.4167,True,fuzzy_logic_dynamic_snr,9.4323,0.2025
158,v4,v3,40.0,10.44,10.0,1.0,0.0522,0.2,21.2923,False,fuzzy_logic_dynamic_snr,27.4314,0.9799
158,v4,v15,40.0,20.22,10.0,1.0,0.1011,0.2,16.698,False,fuzzy_logic_dynamic_snr,22.838,0.9604
158,v4,v11,40.0,40.11,0.0,1.0,0.2006,0.0,14.3476,False,fuzzy_logic_dynamic_snr,20.4863,0.927
158,v4,v19,40.0,70.06,10.0,1.0,0.3503,0.2,8.0638,False,fuzzy_logic_dynamic_snr,14.2018,0.7045
158,v4,v8,40.0,120.0,30.0,1.0,0.6,0.6,1.9166,True,fuzzy_logic_dynamic_snr,21.1381,0.8779
159,v1,v13,40.0,110.0,30.0,1.0,0.55,0.6,2.5212,True,fuzzy_logic_dynamic_snr,21.2802,0.8594
159,v1,v5,40.0,140.0,0.0,1.0,0.7,0.0,5.662,False,fuzzy_logic_dynamic_snr,11.7983,0.5068
159,v3,v11,20.0,20.0,20.0,0.6,0.1,0.4,-4.6334,True,fuzzy_logic_dynamic_snr,18.7238,0.7557
159,v3,v4,20.0,20.22,20.0,0.6,0.1011,0.4,-4.7108,True,fuzzy_logic_dynamic_snr,18.6886,0.7627
159,v3,v15,20.0,30.0,10.0,0.6,0.15,0.2,-6.0422,False,fuzzy_logic_dynamic_snr,0.0932,0.1242
159,v3,v19,20.0,100.0,10.0,0.6,0.5,0.2,-14.4082,True,fuzzy_logic_dynamic_snr,12.8765,0.3779
159,v3,v7,20.0,150.0,10.0,0.6,0.75,0.2,-17.2257,True,fuzzy_logic_dynamic_snr,10.9358,0.2592
159,v4,v15,40.0,10.44,30.0,1.0,0.0522,0.6,18.8841,False,fuzzy_logic_dynamic_snr,25.021,0.9682
159,v4,v3,40.0,20.22,20.0,1.0,0.1011,0.4,15.2892,False,fuzzy_logic_dynamic_snr,21.4261,0.9412
159,v4,v11,40.0,40.11,40.0,1.0,0.2006,0.8,8.7558,True,fuzzy_logic_dynamic_snr,22.1459,0.8881
159,v4,v19,40.0,80.06,10.0,1.0,0.4003,0.2,7.1374,False,fuzzy_logic_dynamic_snr,13.2764,0.6533
159,v4,v8,40.0,150.0,40.0,1.0,0.75,0.8,-0.4092,True,fuzzy_logic_dynamic_snr,20.4552,0.8396
160,v1,v13,40.0,80.0,20.0,1.0,0.4,0.4,5.7336,False,fuzzy_logic_dynamic_snr,11.8711,0.5453
160,v1,v5,40.0,140.0,0.0,1.0,0.7,0.0,5.662,False,fuzzy_logic_dynamic_snr,11.8001,0.5234
160,v1,v6,40.0,190.02,0.0,1.0,0.9501,0.0,3.5391,True,fuzzy_logic_dynamic_snr,21.4774,0.8721
160,v3,v15,20.0,20.0,20.0,0.6,0.1,0.4,-4.6334,True,fuzzy_logic_dynamic_snr,18.7407,0.7566
160,v3,v11,20.0,40.0,10.0,0.6,0.2,0.2,-8.0412,False,fuzzy_logic_dynamic_snr,-1.9043,0.108
160,v3,v4,20.0,40.11,10.0,0.6,0.2006,0.2,-8.0607,False,fuzzy_logic_dynamic_snr,-1.9223,0.1066
160,v3,v19,20.0,110.0,0.0,0.6,0.55,0.0,-12.6623,True,fuzzy_logic_dynamic_snr,14.0609,0.4545
160,v3,v7,20.0,140.0,10.0,0.6,0.7,0.2,-16.7463,True,fuzzy_logic_dynamic_snr,11.2437,0.2826
160,v4,v15,40.0,20.22,10.0,1.0,0.1011,0.2,16.698,False,fuzzy_logic_dynamic_snr,22.8347,0.9545
160,v4,v3,40.0,40.11,10.0,1.0,0.2006,0.2,11.9393,False,fuzzy_logic_dynamic_snr,18.0773,0.8936
160,v4,v19,40.0,70.06,10.0,1.0,0.3503,0.2,8.0638,False,fuzzy_logic_dynamic_snr,14.2028,0.7086
160,v4,v11,40.0,80.06,0.0,1.0,0.4003,0.0,9.5457,False,fuzzy_logic_dynamic_snr,15.6838,0.8113
160,v4,v8,40.0,110.0,10.0,1.0,0.55,0.2,4.9295,False,fuzzy_logic_dynamic_snr,11.0666,0.4674
10,v1,v2,40.0,20.22,20.0,1.0,0.1011,0.4,15.2892,False,all_dynamic_snr,22.4158,0.9053
10,v1,v5,40.0,110.0,20.0,1.0,0.55,0.4,3.5207,False,all_dynamic_snr,21.4667,0.8703
10,v1,v6,40.0,190.02,10.0,1.0,0.9501,0.2,1.1308,True,all_dynamic_snr,20.9188,0.8404
10,v2,v1,20.0,20.22,20.0,0.6,0.1011,0.4,-4.7108,True,all_dynamic_snr,18.6853,0.75
10,v2,v5,20.0,130.03,40.0,0.6,0.6502,0.8,-19.4167,True,all_dynamic_snr,9.4338,0.2045
10,v3,v4,20.0,50.09,30.0,0.6,0.2504,0.6,-12.0125,True,all_dynamic_snr,14.5067,0.4984
10,v3,v7,20.0,100.0,30.0,0.6,0.5,0.6,-16.8165,True,all_dynamic_snr,11.2208,0.277
10,v3,v8,20.0,130.03,10.0,0.6,0.6502,0.2,-16.2332,True,all_dynamic_snr,11.6257,0.2949
10,v4,v3,40.0,50.09,30.0,1.0,0.2504,0.6,7.9875,False,all_dynamic_snr,22.0898,0.8824
10,v4,v7,40.0,50.09,0.0,1.0,0.2504,0.0,12.804,False,all_dynamic_snr,22.356,0.8984
10,v4,v8,40.0,80.0,20.0,1.0,0.4,0.4,5.7336,False,all_dynamic_snr,21.8286,0.8895
10,v4,v12,40.0,170.0,20.0,1.0,0.85,0.4,0.4958,True,all_dynamic_snr,20.7329,0.8387
10,v4,v16,40.0,170.0,20.0,1.0,0.85,0.4,0.4958,True,all_dynamic_snr,20.7573,0.8418
11,v1,v2,40.0,3.0,10.0,1.0,0.015,0.2,29.9578,False,all_dynamic_snr,22.4944,0.9033
11,v1,v5,40.0,90.0,10.0,1.0,0.45,0.2,6.3239,False,all_dynamic_snr,21.908,0.8816
11,v2,v1,20.0,3.0,10.0,0.6,0.015,0.2,9.9578,False,all_dynamic_snr,22.2276,0.8955
11,v2,v5,20.0,90.05,20.0,0.6,0.4502,0.4,-15.0887,True,all_dynamic_snr,12.4049,0.3547
11,v2,v6,20.0,200.0,0.0,0.6,1.0,0.0,-16.8165,True,all_dynamic_snr,11.2406,0.2916
11,v3,v4,20.0,80.06,10.0,0.6,0.4003,0.2,-12.8626,True,all_dynamic_snr,13.9271,0.4295
11,v3,v7,20.0,130.0,30.0,0.6,0.65,0.6,-18.6396,True,all_dynamic_snr,9.9215,0.2199
11,v3,v8,20.0,140.03,20.0,0.6,0.7002,0.4,-18.1566,True,all_dynamic_snr,10.2791,0.2494
11,v4,v7,40.0,50.09,20.0,1.0,0.2504,0.4,8.987,False,all_dynamic_snr,22.1624,0.8826
11,v4,v8,40.0,60.0,10.0,1.0,0.3,0.2,9.1413,False,all_dynamic_snr,22.1779,0.8893
11,v4,v3,40.0,80.06,10.0,1.0,0.4003,0.2,7.1374,False,all_dynamic_snr,22.0071,0.8998
11,v4,v11,40.0,140.03,30.0,1.0,0.7002,0.6,0.8439,True,all_dynamic_snr,20.8187,0.8688
11,v4,v12,40.0,190.0,10.0,1.0,0.95,0.2,1.1317,True,all_dynamic_snr,20.9262,0.8629
12,v1,v2,40.0,10.44,20.0,1.0,0.0522,0.4,19.8836,False,all_dynamic_snr,22.4693,0.9008
12,v1,v5,40.0,100.0,0.0,1.0,0.5,0.0,8.0,False,all_dynamic_snr,22.0881,0.8881
12,v1,v6,40.0,190.02,10.0,1.0,0.9501,0.2,1.1308,True,all_dynamic_snr,20.9137,0.8506
12,v2,v1,20.0,10.44,20.0,0.6,0.0522,0.4,-0.1164,True,all_dynamic_snr,20.5304,0.8377
12,v2,v5,20.0,110.04,20.0,0.6,0.5502,0.4,-16.4818,True,all_dynamic_snr,11.4546,0.3016
12,v2,v6,20.0,200.0,10.0,0.6,1.0,0.2,-19.2247,True,all_dynamic_snr,9.5195,0.2314
12,v3,v4,20.0,70.06,0.0,0.6,0.3503,0.0,-9.5279,True,all_dynamic_snr,16.0138,0.6064
12,v3,v7,20.0,100.0,20.0,0.6,0.5,0.4,-15.817,True,all_dynamic_snr,11.9025,0.3191
12,v3,v8,20.0,120.04,20.0,0.6,0.6002,0.4,-17.086,True,all_dynamic_snr,11.0169,0.2643
12,v3,v11,20.0,180.0,10.0,0.6,0.9,0.2,-18.4926,True,all_dynamic_snr,10.0259,0.2242
12,v4,v7,40.0,30.15,20.0,1.0,0.1507,0.4,12.5145,False,all_dynamic_snr,22.3484,0.893
12,v4,v8,40.0,50.0,20.0,1.0,0.25,0.4,8.9995,False,all_dynamic_snr,22.1729,0.9027
12,v4,v3,40.0,70.06,0.0,1.0,0.3503,0.0,10.4721,False,all_dynamic_snr,22.265,0.8936
12,v4,v11,40.0,110.04,10.0,1.0,0.5502,0.2,4.9269,False,all_dynamic_snr,21.7257,0.8826
12,v4,v12,40.0,180.0,10.0,1.0,0.9,0.2,1.5074,True,all_dynamic_snr,21.0314,0.849
13,v1,v2,40.0,30.15,10.0,1.0,0.1507,0.2,13.9232,False,all_dynamic_snr,22.3869,0.8982
13,v1,v5,40.0,100.0,30.0,1.0,0.5,0.6,3.1835,True,all_dynamic_snr,21.4103,0.8719
13,v1,v6,40.0,180.02,0.0,1.0,0.9001,0.0,3.9147,True,all_dynamic_snr,21.5503,0.8877
13,v2,v1,20.0,30.15,10.0,0.6,0.1507,0.2,-6.0768,False,all_dynamic_snr,17.9981,0.7189
13,v2,v5,20.0,130.03,20.0,0.6,0.6502,0.4,-17.6419,True,all_dynamic_snr,10.6681,0.2557
13,v3,v4,20.0,70.06,10.0,0.6,0.3503,0.2,-11.9362,True,all_dynamic_snr,14.5552,0.5014
13,v3,v7,20.0,120.0,10.0,0.6,0.6,0.2,-15.6751,True,all_dynamic_snr,12.058,0.3316
13,v3,v8,20.0,140.03,20.0,0.6,0.7002,0.4,-18.1566,True,all_dynamic_snr,10.3008,0.2434
13,v3,v11,20.0,190.0,10.0,0.6,0.95,0.2,-18.8683,True,all_dynamic_snr,9.7795,0.223
13,v4,v7,40.0,50.09,20.0,1.0,0.2504,0.4,8.987,False,all_dynamic_snr,22.1655,0.8898
13,v4,v8,40.0,70.0,10.0,1.0,0.35,0.2,8.0702,False,all_dynamic_snr,22.0975,0.8885
13,v4,v3,40.0,70.06,10.0,1.0,0.3503,0.2,8.0638,False,all_dynamic_snr,22.0993,0.885
13,v4,v11,40.0,120.04,0.0,1.0,0.6002,0.0,6.7309,False,all_dynamic_snr,21.9669,0.8949
13,v4,v12,40.0,170.0,0.0,1.0,0.85,0.0,4.3128,True,all_dynamic_snr,21.6237,0.8762
14,v1,v2,40.0,20.22,30.0,1.0,0.1011,0.6,14.2897,False,all_dynamic_snr,22.3984,0.9033
14,v1,v5,40.0,130.0,30.0,1.0,0.65,0.6,1.3604,True,all_dynamic_snr,20.9967,0.8619
14,v1,v6,40.0,180.02,40.0,1.0,0.9001,0.8,-1.6771,True,all_dynamic_snr,19.9978,0.807
14,v2,v1,20.0,20.22,30.0,0.6,0.1011,0.6,-5.7103,True,all_dynamic_snr,18.1815,0.7312
14,v2,v5,20.0,150.03,0.0,0.6,0.7501,0.0,-14.8188,True,all_dynamic_snr,12.5943,0.3631
14,v2,v6,20.0,200.0,10.0,0.6,1.0,0.2,-19.2247,True,all_dynamic_snr,9.5381,0.2057
14,v3,v4,20.0,80.06,10.0,0.6,0.4003,0.2,-12.8626,True,all_dynamic_snr,13.9311,0.4654
14,v3,v7,20.0,110.0,10.0,0.6,0.55,0.2,-15.0705,True,all_dynamic_snr,12.4201,0.3369
14,v3,v8,20.0,160.03,10.0,0.6,0.8001,0.2,-17.6754,True,all_dynamic_snr,10.6161,0.2467
14,v3,v11,20.0,200.0,10.0,0.6,1.0,0.2,-19.2247,True,all_dynamic_snr,9.5463,0.2064
14,v4,v7,40.0,30.15,20.0,1.0,0.1507,0.4,12.5145,False,all_dynamic_snr,22.3461,0.8979
14,v4,v8,40.0,80.0,0.0,1.0,0.4,0.0,9.5506,False,all_dynamic_snr,22.2096,0.893
14,v4,v3,40.0,80.06,10.0,1.0,0.4003,0.2,7.1374,False,all_dynamic_snr,22.0064,0.8951
14,v4,v11,40.0,120.04,0.0,1.0,0.6002,0.0,6.7309,False,all_dynamic_snr,21.982,0.891
14,v4,v12,40.0,170.0,20.0,1.0,0.85,0.4,0.4958,True,all_dynamic_snr,20.7365,0.8545
15,v1,v2,40.0,50.09,20.0,1.0,0.2504,0.4,8.987,False,all_dynamic_snr,22.1713,0.892
15,v1,v5,40.0,100.0,10.0,1.0,0.5,0.2,5.5918,False,all_dynamic_snr,21.8164,0.8846
15,v1,v6,40.0,140.03,10.0,1.0,0.7002,0.2,3.2521,False,all_dynamic_snr,21.4278,0.8799
15,v2,v1,20.0,50.09,20.0,0.6,0.2504,0.4,-11.013,True,all_dynamic_snr,15.1173,0.5494
15,v2,v5,20.0,150.03,10.0,0.6,0.7501,0.2,-17.2271,True,all_dynamic_snr,10.9451,0.2822
15,v2,v6,20.0,190.0,30.0,0.6,0.95,0.6,-21.2765,True,all_dynamic_snr,8.1174,0.1869
15,v3,v4,20.0,70.06,30.0,0.6,0.3503,0.6,-14.3444,True,all_dynamic_snr,12.9505,0.3746
15,v3,v7,20.0,120.0,20.0,0.6,0.6,0.4,-17.0839,True,all_dynamic_snr,11.0808,0.2564
15,v3,v8,20.0,150.03,10.0,0.6,0.7501,0.2,-17.2271,True,all_dynamic_snr,10.9182,0.2689
15,v3,v11,20.0,190.0,10.0,0.6,0.95,0.2,-18.8683,True,all_dynamic_snr,9.7748,0.2133
15,v4,v7,40.0,50.09,10.0,1.0,0.2504,0.2,10.3958,False,all_dynamic_snr,22.2493,0.8881
15,v4,v3,40.0,70.06,30.0,1.0,0.3503,0.6,5.6556,False,all_dynamic_snr,21.828,0.8904
15,v4,v8,40.0,80.0,40.0,1.0,0.4,0.8,3.9588,True,all_dynamic_snr,21.5614,0.8898
15,v4,v11,40.0,120.04,40.0,1.0,0.6002,0.8,1.1392,True,all_dynamic_snr,20.9228,0.8395
15,v4,v12,40.0,190.0,40.0,1.0,0.95,0.8,-2.0518,True,all_dynamic_snr,19.8582,0.8137
16,v1,v2,40.0,30.15,0.0,1.0,0.1507,0.0,16.3315,False,all_dynamic_snr,22.4357,0.8969
16,v1,v5,40.0,110.0,20.0,1.0,0.55,0.4,3.5207,False,all_dynamic_snr,21.4756,0.883
16,v1,v6,40.0,130.03,10.0,1.0,0.6502,0.2,3.7668,False,all_dynamic_snr,21.5218,0.8777
16,v2,v1,20.0,30.15,0.0,0.6,0.1507,0.0,-3.6685,False,all_dynamic_snr,19.1546,0.7779
16,v2,v5,20.0,140.03,20.0,0.6,0.7002,0.4,-18.1566,True,all_dynamic_snr,10.2711,0.2496
16,v2,v6,20.0,160.0,10.0,0.6,0.8,0.2,-17.6742,True,all_dynamic_snr,10.6228,0.2744
16,v3,v4,20.0,100.04,40.0,0.6,0.5002,0.8,-17.5949,True,all_dynamic_snr,10.7017,0.2494
16,v3,v7,20.0,140.0,0.0,0.6,0.7,0.0,-14.338,True,all_dynamic_snr,12.9198,0.3568
16,v3,v8,20.0,140.03,0.0,0.6,0.7002,0.0,-14.3396,True,all_dynamic_snr,12.9295,0.3559
16,v3,v11,20.0,180.0,10.0,0.6,0.9,0.2,-18.4926,True,all_dynamic_snr,10.1023,0.2584
16,v4,v8,40.0,40.0,40.0,1.0,0.2,0.8,8.7753,True,all_dynamic_snr,22.1481,0.8982
16,v4,v7,40.0,40.11,40.0,1.0,0.2006,0.8,8.7558,True,all_dynamic_snr,22.1555,0.8998
16,v4,v11,40.0,80.06,30.0,1.0,0.4003,0.6,4.7292,False,all_dynamic_snr,21.691,0.8768
16,v4,v3,40.0,100.04,40.0,1.0,0.5002,0.8,2.4051,True,all_dynamic_snr,21.2587,0.8785
16,v4,v12,40.0,150.0,40.0,1.0,0.75,0.8,-0.4092,True,all_dynamic_snr,20.4626,0.8277
17,v1,v2,40.0,30.15,40.0,1.0,0.1507,0.8,10.7397,True,all_dynamic_snr,22.2667,0.8945
17,v1,v5,40.0,130.0,30.0,1.0,0.65,0.6,1.3604,True,all_dynamic_snr,20.9871,0.8721
17,v1,v6,40.0,140.03,40.0,1.0,0.7002,0.8,0.0686,True,all_dynamic_snr,20.6008,0.8436
17,v2,v1,20.0,30.15,40.0,0.6,0.1507,0.8,-9.2603,True,all_dynamic_snr,16.1859,0.5967
17,v2,v5,20.0,160.03,10.0,0.6,0.8001,0.2,-17.6754,True,all_dynamic_snr,10.6048,0.2607
17,v2,v6,20.0,170.0,0.0,0.6,0.85,0.0,-15.6872,True,all_dynamic_snr,11.9996,0.327
17,v3,v4,20.0,60.07,0.0,0.6,0.3004,0.0,-8.4591,True,all_dynamic_snr,16.673,0.6396
17,v3,v7,20.0,140.0,0.0,0.6,0.7,0.0,-14.338,True,all_dynamic_snr,12.9394,0.3826
17,v3,v8,20.0,140.03,10.0,0.6,0.7002,0.2,-16.7479,True,all_dynamic_snr,11.2225,0.2727
17,v3,v11,20.0,170.0,20.0,0.6,0.85,0.4,-19.5042,True,all_dynamic_snr,9.3144,0.2285
17,v4,v3,40.0,60.07,0.0,1.0,0.3004,0.0,11.5409,False,all_dynamic_snr,22.3029,0.8889
17,v4,v8,40.0,80.0,10.0,1.0,0.4,0.2,7.1423,False,all_dynamic_snr,22.015,0.8918
17,v4,v7,40.0,80.06,0.0,1.0,0.4003,0.0,9.5457,False,all_dynamic_snr,22.2086,0.8943
17,v4,v11,40.0,110.04,20.0,1.0,0.5502,0.4,3.5182,False,all_dynamic_snr,21.4664,0.8682
17,v4,v12,40.0,190.0,0.0,1.0,0.95,0.0,3.5399,True,all_dynamic_snr,21.4749,0.884
18,v1,v2,40.0,70.06,10.0,1.0,0.3503,0.2,8.0638,False,all_dynamic_snr,22.0947,0.8939
18,v1,v5,40.0,100.0,30.0,1.0,0.5,0.6,3.1835,True,all_dynamic_snr,21.4227,0.8695
18,v1,v6,40.0,100.04,40.0,1.0,0.5002,0.8,2.4051,True,all_dynamic_snr,21.2175,0.865
18,v2,v1,20.0,70.06,10.0,0.6,0.3503,0.2,-11.9362,True,all_dynamic_snr,14.5105,0.4996
18,v2,v6,20.0,170.0,30.0,0.6,0.85,0.6,-20.5037,True,all_dynamic_snr,8.6416,0.193
18,v2,v5,20.0,170.03,20.0,0.6,0.8501,0.4,-19.5052,True,all_dynamic_snr,9.3624,0.2357
18,v3,v4,20.0,60.07,10.0,0.6,0.3004,0.2,-10.8673,True,all_dynamic_snr,15.2434,0.5443
18,v3,v8,20.0,130.03,0.0,0.6,0.6502,0.0,-13.8249,True,all_dynamic_snr,13.3,0.4158
18,v3,v7,20.0,140.0,20.0,0.6,0.7,0.4,-18.155,True,all_dynamic_snr,10.2587,0.2379
18,v3,v11,20.0,150.0,10.0,0.6,0.75,0.2,-17.2257,True,all_dynamic_snr,10.938,0.2848
18,v4,v3,40.0,60.07,10.0,1.0,0.3004,0.2,9.1327,False,all_dynamic_snr,22.169,0.89
18,v4,v8,40.0,70.0,10.0,1.0,0.35,0.2,8.0702,False,all_dynamic_snr,22.0957,0.8924
18,v4,v7,40.0,80.06,10.0,1.0,0.4003,0.2,7.1374,False,all_dynamic_snr,22.0015,0.885
18,v4,v11,40.0,90.05,0.0,1.0,0.4502,0.0,8.7283,False,all_dynamic_snr,22.1541,0.8885
18,v4,v12,40.0,190.0,30.0,1.0,0.95,0.6,-1.2765,True,all_dynamic_snr,20.1517,0.8211
19,v1,v2,40.0,60.07,20.0,1.0,0.3004,0.4,7.7239,False,all_dynamic_snr,22.0583,0.8914
19,v1,v5,40.0,130.0,0.0,1.0,0.65,0.0,6.1769,False,all_dynamic_snr,21.8908,0.8846
19,v1,v6,40.0,140.03,10.0,1.0,0.7002,0.2,3.2521,False,all_dynamic_snr,21.4207,0.8814
19,v2,v1,20.0,60.07,20.0,0.6,0.3004,0.4,-12.2761,True,all_dynamic_snr,14.3244,0.4652
19,v2,v5,20.0,190.02,20.0,0.6,0.9501,0.4,-20.2779,True,all_dynamic_snr,8.8344,0.1971
19,v2,v6,20.0,200.0,30.0,0.6,1.0,0.6,-21.633,True,all_dynamic_snr,7.8805,0.1633
19,v3,v4,20.0,50.09,30.0,0.6,0.2504,0.6,-12.0125,True,all_dynamic_snr,14.4888,0.4859
19,v3,v7,20.0,120.0,30.0,0.6,0.6,0.6,-18.0834,True,all_dynamic_snr,10.329,0.2264
19,v3,v8,20.0,130.03,0.0,0.6,0.6502,0.0,-13.8249,True,all_dynamic_snr,13.2812,0.4078
19,v3,v11,20.0,140.0,0.0,0.6,0.7,0.0,-14.338,True,all_dynamic_snr,12.936,0.416
19,v4,v3,40.0,50.09,30.0,1.0,0.2504,0.6,7.9875,False,all_dynamic_snr,22.0941,0.8902
19,v4,v7,40.0,70.06,0.0,1.0,0.3503,0.0,10.4721,False,all_dynamic_snr,22.2532,0.8963
19,v4,v8,40.0,80.0,30.0,1.0,0.4,0.6,4.7341,False,all_dynamic_snr,21.6862,0.8738
19,v4,v11,40.0,90.05,30.0,1.0,0.4502,0.6,3.9118,True,all_dynamic_snr,21.5606,0.8732
19,v4,v12,40.0,160.0,20.0,1.0,0.8,0.4,0.9171,True,all_dynamic_snr,20.8604,0.8557
20,v1,v2,40.0,40.11,0.0,1.0,0.2006,0.0,14.3476,False,all_dynamic_snr,22.4005,0.8984
20,v1,v5,40.0,130.0,30.0,1.0,0.65,0.6,1.3604,True,all_dynamic_snr,20.9898,0.8564
20,v1,v6,40.0,130.03,30.0,1.0,0.6502,0.6,1.3586,True,all_dynamic_snr,20.977,0.8469
20,v2,v1,20.0,40.11,0.0,0.6,0.2006,0.0,-5.6524,False,all_dynamic_snr,18.2257,0.7287
20,v2,v6,20.0,170.0,30.0,0.6,0.85,0.6,-20.5037,True,all_dynamic_snr,8.6347,0.1896
20,v2,v5,20.0,170.03,30.0,0.6,0.8501,0.6,-20.5047,True,all_dynamic_snr,8.687,0.1855
20,v3,v4,20.0,80.06,30.0,0.6,0.4003,0.6,-15.2708,True,all_dynamic_snr,12.3089,0.3307
20,v3,v8,20.0,130.03,10.0,0.6,0.6502,0.2,-16.2332,True,all_dynamic_snr,11.5915,0.3094
20,v3,v11,20.0,140.0,20.0,0.6,0.7,0.4,-18.155,True,all_dynamic_snr,10.2864,0.2504
20,v3,v7,20.0,150.0,0.0,0.6,0.75,0.0,-14.8175,True,all_dynamic_snr,12.5717,0.3592
20,v4,v8,40.0,50.0,20.0,1.0,0.25,0.4,8.9995,False,all_dynamic_snr,22.1623,0.8883
20,v4,v11,40.0,60.07,10.0,1.0,0.3004,0.2,9.1327,False,all_dynamic_snr,22.1773,0.8939
20,v4,v7,40.0,70.06,30.0,1.0,0.3503,0.6,5.6556,False,all_dynamic_snr,21.8275,0.8826
20,v4,v3,40.0,80.06,30.0,1.0,0.4003,0.6,4.7292,False,all_dynamic_snr,21.6909,0.8736
20,v4,v12,40.0,140.0,10.0,1.0,0.7,0.2,3.2537,False,all_dynamic_snr,21.4304,0.8807
21,v1,v2,40.0,40.11,30.0,1.0,0.2006,0.6,9.5311,False,all_dynamic_snr,22.2054,0.8965
21,v1,v5,40.0,160.0,0.0,1.0,0.8,0.0,4.7341,True,all_dynamic_snr,21.6886,0.8801
21,v1,v6,40.0,160.03,40.0,1.0,0.8001,0.8,-0.8589,True,all_dynamic_snr,20.3207,0.8266
21,v2,v1,20.0,40.11,30.0,0.6,0.2006,0.6,-10.4689,True,all_dynamic_snr,15.461,0.5521
21,v2,v6,20.0,200.0,10.0,0.6,1.0,0.2,-19.2247,True,all_dynamic_snr,9.5499,0.2006
21,v3,v4,20.0,110.04,40.0,0.6,0.5502,0.8,-18.2566,True,all_dynamic_snr,10.2159,0.2436
21,v3,v8,20.0,140.03,40.0,0.6,0.7002,0.8,-19.9314,True,all_dynamic_snr,9.0624,0.1826
21,v3,v7,20.0,150.0,40.0,0.6,0.75,0.8,-20.4092,True,all_dynamic_snr,8.7858,0.1762
21,v3,v11,20.0,160.0,10.0,0.6,0.8,0.2,-17.6742,True,all_dynamic_snr,10.6219,0.2572
21,v4,v8,40.0,30.0,0.0,1.0,0.15,0.0,16.3661,False,all_dynamic_snr,22.4334,0.9027
21,v4,v7,40.0,40.11,0.0,1.0,0.2006,0.0,14.3476,False,all_dynamic_snr,22.3961,0.9008
21,v4,v11,40.0,50.09,30.0,1.0,0.2504,0.6,7.9875,False,all_dynamic_snr,22.0864,0.8924
21,v4,v3,40.0,110.04,40.0,1.0,0.5502,0.8,1.7434,True,all_dynamic_snr,21.0861,0.8611
21,v4,v12,40.0,130.0,30.0,1.0,0.65,0.6,1.3604,True,all_dynamic_snr,20.9879,0.8539
22,v1,v2,40.0,70.06,10.0,1.0,0.3503,0.2,8.0638,False,all_dynamic_snr,22.1,0.8916
22,v1,v6,40.0,120.04,10.0,1.0,0.6002,0.2,4.3227,False,all_dynamic_snr,21.6103,0.8869
22,v1,v5,40.0,160.0,20.0,1.0,0.8,0.4,0.9171,True,all_dynamic_snr,20.8469,0.8467
22,v2,v1,20.0,70.06,10.0,0.6,0.3503,0.2,-11.9362,True,all_dynamic_snr,14.552,0.4764
22,v2,v6,20.0,190.0,0.0,0.6,0.95,0.0,-16.4601,True,all_dynamic_snr,11.4718,0.2977
22,v3,v4,20.0,150.03,10.0,0.6,0.7501,0.2,-17.2271,True,all_dynamic_snr,10.8732,0.2621
22,v3,v11,20.0,170.0,20.0,0.6,0.85,0.4,-19.5042,True,all_dynamic_snr,9.3425,0.2082
22,v3,v8,20.0,180.02,10.0,0.6,0.9001,0.2,-18.4936,True,all_dynamic_snr,10.0635,0.2363
22,v3,v7,20.0,190.0,10.0,0.6,0.95,0.2,-18.8683,True,all_dynamic_snr,9.836,0.2115
22,v4,v11,40.0,20.22,30.0,1.0,0.1011,0.6,14.2897,False,all_dynamic_snr,22.3996,0.8979
22,v4,v8,40.0,30.0,20.0,1.0,0.15,0.4,12.5491,False,all_dynamic_snr,22.3422,0.8943
22,v4,v7,40.0,40.11,20.0,1.0,0.2006,0.4,10.5306,False,all_dynamic_snr,22.2571,0.8953
22,v4,v12,40.0,100.0,10.0,1.0,0.5,0.2,5.5918,False,all_dynamic_snr,21.8132,0.8914
22,v4,v3,40.0,150.03,10.0,1.0,0.7501,0.2,2.7729,False,all_dynamic_snr,21.31,0.8801
23,v1,v2,40.0,80.06,30.0,1.0,0.4003,0.6,4.7292,False,all_dynamic_snr,21.6928,0.8912
23,v1,v6,40.0,110.04,30.0,1.0,0.5502,0.6,2.5187,True,all_dynamic_snr,21.28,0.8717
23,v1,v5,40.0,140.0,40.0,1.0,0.7,0.8,0.0702,True,all_dynamic_snr,20.6111,0.8488
23,v2,v1,20.0,80.06,30.0,0.6,0.4003,0.6,-15.2708,True,all_dynamic_snr,12.2999,0.3291
23,v2,v6,20.0,190.0,0.0,0.6,0.95,0.0,-16.4601,True,all_dynamic_snr,11.4662,0.2883
23,v3,v4,20.0,140.03,40.0,0.6,0.7002,0.8,-19.9314,True,all_dynamic_snr,9.0356,0.1965
23,v3,v11,20.0,190.0,30.0,0.6,0.95,0.6,-21.2765,True,all_dynamic_snr,8.1379,0.1904
23,v3,v8,20.0,190.02,40.0,0.6,0.9501,0.8,-22.0527,True,all_dynamic_snr,7.5817,0.1633
23,v3,v7,20.0,200.0,0.0,0.6,1.0,0.0,-16.8165,True,all_dynamic_snr,11.1974,0.2746
23,v4,v8,40.0,50.0,0.0,1.0,0.25,0.0,12.8165,False,all_dynamic_snr,22.3551,0.8908
23,v4,v11,40.0,50.09,10.0,1.0,0.2504,0.2,10.3958,False,all_dynamic_snr,22.2583,0.8844
23,v4,v7,40.0,60.07,40.0,1.0,0.3004,0.8,5.9491,True,all_dynamic_snr,21.8744,0.8791
23,v4,v12,40.0,90.0,40.0,1.0,0.45,0.8,3.1404,True,all_dynamic_snr,21.4194,0.8756
23,v4,v3,40.0,140.03,40.0,1.0,0.7002,0.8,0.0686,True,all_dynamic_snr,20.6226,0.8402
24,v1,v2,40.0,50.09,0.0,1.0,0.2504,0.0,12.804,False,all_dynamic_snr,22.3547,0.9004
24,v1,v6,40.0,140.03,30.0,1.0,0.7002,0.6,0.8439,True,all_dynamic_snr,20.8369,0.8508
24,v1,v5,40.0,180.0,20.0,1.0,0.9,0.4,0.0987,True,all_dynamic_snr,20.5909,0.8436
24,v2,v1,20.0,50.09,0.0,0.6,0.2504,0.0,-7.196,False,all_dynamic_snr,17.3959,0.6799
24,v2,v6,20.0,190.0,30.0,0.6,0.95,0.6,-21.2765,True,all_dynamic_snr,8.1334,0.1605
24,v3,v4,20.0,100.04,20.0,0.6,0.5002,0.4,-15.8201,True,all_dynamic_snr,11.9042,0.325
24,v3,v8,20.0,150.03,30.0,0.6,0.7501,0.6,-19.6353,True,all_dynamic_snr,9.2466,0.2342
24,v3,v11,20.0,160.0,30.0,0.6,0.8,0.6,-20.0824,True,all_dynamic_snr,8.9386,0.2055
24,v3,v7,20.0,200.0,20.0,0.6,1.0,0.4,-20.6334,True,all_dynamic_snr,8.592,0.1604
24,v4,v8,40.0,50.0,10.0,1.0,0.25,0.2,10.4082,False,all_dynamic_snr,22.2607,0.8939
24,v4,v11,40.0,60.07,10.0,1.0,0.3004,0.2,9.1327,False,all_dynamic_snr,22.1821,0.8916
24,v4,v3,40.0,100.04,20.0,1.0,0.5002,0.4,4.1799,False,all_dynamic_snr,21.6068,0.8762
24,v4,v7,40.0,100.04,0.0,1.0,0.5002,0.0,7.9969,False,all_dynamic_snr,22.0851,0.8898
24,v4,v12,40.0,130.0,0.0,1.0,0.65,0.0,6.1769,False,all_dynamic_snr,21.8889,0.8842
25,v1,v2,40.0,50.09,40.0,1.0,0.2504,0.8,7.2122,True,all_dynamic_snr,22.0238,0.9027
25,v1,v6,40.0,170.03,10.0,1.0,0.8501,0.2,1.9035,True,all_dynamic_snr,21.1028,0.8689
25,v1,v5,40.0,200.0,20.0,1.0,1.0,0.4,-0.6334,True,all_dynamic_snr,20.3711,0.8426
25,v2,v1,20.0,50.09,40.0,0.6,0.2504,0.8,-12.7878,True,all_dynamic_snr,13.9667,0.457
25,v3,v4,20.0,120.04,30.0,0.6,0.6002,0.6,-18.0856,True,all_dynamic_snr,10.3234,0.2512
25,v3,v8,20.0,180.02,10.0,0.6,0.9001,0.2,-18.4936,True,all_dynamic_snr,10.0403,0.2252
25,v3,v11,20.0,190.0,10.0,0.6,0.95,0.2,-18.8683,True,all_dynamic_snr,9.7672,0.224
25,v4,v8,40.0,60.0,40.0,1.0,0.3,0.8,5.9578,True,all_dynamic_snr,21.8709,0.8865
25,v4,v11,40.0,70.06,20.0,1.0,0.3503,0.4,6.6551,False,all_dynamic_snr,21.9565,0.8816
25,v4,v7,40.0,100.04,20.0,1.0,0.5002,0.4,4.1799,False,all_dynamic_snr,21.6046,0.873
25,v4,v3,40.0,120.04,30.0,1.0,0.6002,0.6,1.9144,True,all_dynamic_snr,21.118,0.8527
25,v4,v12,40.0,130.0,30.0,1.0,0.65,0.6,1.3604,True,all_dynamic_snr,20.9656,0.8633
26,v1,v2,40.0,90.05,10.0,1.0,0.4502,0.2,6.32,False,all_dynamic_snr,21.914,0.8795
26,v1,v6,40.0,160.03,40.0,1.0,0.8001,0.8,-0.8589,True,all_dynamic_snr,20.293,0.8344
26,v1,v5,40.0,180.0,0.0,1.0,0.9,0.0,3.9156,True,all_dynamic_snr,21.5548,0.8791
26,v2,v1,20.0,90.05,10.0,0.6,0.4502,0.2,-13.68,True,all_dynamic_snr,13.3945,0.4029
26,v3,v4,20.0,90.05,20.0,0.6,0.4502,0.4,-15.0887,True,all_dynamic_snr,12.3783,0.3443
26,v3,v11,20.0,180.0,10.0,0.6,0.9,0.2,-18.4926,True,all_dynamic_snr,10.0366,0.2539
26,v3,v8,20.0,190.02,0.0,0.6,0.9501,0.0,-16.4609,True,all_dynamic_snr,11.4458,0.285
26,v4,v3,40.0,90.05,20.0,1.0,0.4502,0.4,4.9113,False,all_dynamic_snr,21.7257,0.885
26,v4,v11,40.0,90.05,10.0,1.0,0.4502,0.2,6.32,False,all_dynamic_snr,21.9095,0.885
26,v4,v8,40.0,100.0,20.0,1.0,0.5,0.4,4.183,False,all_dynamic_snr,21.596,0.8885
26,v4,v7,40.0,120.04,10.0,1.0,0.6002,0.2,4.3227,False,all_dynamic_snr,21.635,0.8742
26,v4,v12,40.0,160.0,20.0,1.0,0.8,0.4,0.9171,True,all_dynamic_snr,20.8718,0.8547
27,v1,v2,40.0,100.04,20.0,1.0,0.5002,0.4,4.1799,False,all_dynamic_snr,21.6054,0.8791
27,v1,v6,40.0,120.04,0.0,1.0,0.6002,0.0,6.7309,False,all_dynamic_snr,21.969,0.8805
27,v1,v5,40.0,180.0,10.0,1.0,0.9,0.2,1.5074,True,all_dynamic_snr,21.0269,0.8658
27,v2,v1,20.0,100.04,20.0,0.6,0.5002,0.4,-15.8201,True,all_dynamic_snr,11.9197,0.3145
27,v3,v4,20.0,110.04,20.0,0.6,0.5502,0.4,-16.4818,True,all_dynamic_snr,11.422,0.2859
27,v3,v11,20.0,190.0,40.0,0.6,0.95,0.8,-22.0518,True,all_dynamic_snr,7.5832,0.1623
27,v3,v8,20.0,190.02,30.0,0.6,0.9501,0.6,-21.2774,True,all_dynamic_snr,8.1378,0.1871
27,v4,v8,40.0,80.0,10.0,1.0,0.4,0.2,7.1423,False,all_dynamic_snr,22.0041,0.8939
27,v4,v11,40.0,80.06,20.0,1.0,0.4003,0.4,5.7287,False,all_dynamic_snr,21.8312,0.883
27,v4,v3,40.0,110.04,20.0,1.0,0.5502,0.4,3.5182,False,all_dynamic_snr,21.4769,0.8582
27,v4,v7,40.0,110.04,10.0,1.0,0.5502,0.2,4.9269,False,all_dynamic_snr,21.7199,0.8801
27,v4,v12,40.0,140.0,20.0,1.0,0.7,0.4,1.845,True,all_dynamic_snr,21.105,0.865
28,v1,v2,40.0,80.06,20.0,1.0,0.4003,0.4,5.7287,False,all_dynamic_snr,21.8385,0.8982
28,v1,v6,40.0,120.04,10.0,1.0,0.6002,0.2,4.3227,False,all_dynamic_snr,21.628,0.8814
28,v1,v5,40.0,190.0,10.0,1.0,0.95,0.2,1.1317,True,all_dynamic_snr,20.9244,0.8396
28,v2,v1,20.0,80.06,20.0,0.6,0.4003,0.4,-14.2713,True,all_dynamic_snr,12.9866,0.3738
28,v2,v6,20.0,200.0,10.0,0.6,1.0,0.2,-19.2247,True,all_dynamic_snr,9.5149,0.2088
28,v3,v4,20.0,90.05,10.0,0.6,0.4502,0.2,-13.68,True,all_dynamic_snr,13.3665,0.383
28,v3,v11,20.0,150.0,10.0,0.6,0.75,0.2,-17.2257,True,all_dynamic_snr,10.9298,0.2561
28,v3,v8,20.0,160.03,10.0,0.6,0.8001,0.2,-17.6754,True,all_dynamic_snr,10.6215,0.2402
28,v4,v11,40.0,60.07,0.0,1.0,0.3004,0.0,11.5409,False,all_dynamic_snr,22.3018,0.8924
28,v4,v8,40.0,70.0,20.0,1.0,0.35,0.4,6.6615,False,all_dynamic_snr,21.9598,0.8959
28,v4,v3,40.0,90.05,10.0,1.0,0.4502,0.2,6.32,False,all_dynamic_snr,21.9085,0.8895
28,v4,v7,40.0,120.04,0.0,1.0,0.6002,0.0,6.7309,False,all_dynamic_snr,21.9586,0.8941
28,v4,v12,40.0,160.0,20.0,1.0,0.8,0.4,0.9171,True,all_dynamic_snr,20.8565,0.8613
29,v1,v2,40.0,100.04,10.0,1.0,0.5002,0.2,5.5886,False,all_dynamic_snr,21.823,0.8918
29,v1,v6,40.0,110.04,20.0,1.0,0.5502,0.4,3.5182,False,all_dynamic_snr,21.4782,0.8707
29,v1,v5,40.0,180.0,10.0,1.0,0.9,0.2,1.5074,True,all_dynamic_snr,21.0234,0.849
29,v2,v1,20.0,100.04,10.0,0.6,0.5002,0.2,-14.4114,True,all_dynamic_snr,12.9023,0.3773
29,v3,v4,20.0,100.04,10.0,0.6,0.5002,0.2,-14.4114,True,all_dynamic_snr,12.8877,0.3717
29,v3,v8,20.0,150.03,20.0,0.6,0.7501,0.4,-18.6358,True,all_dynamic_snr,9.9423,0.2406
29,v3,v11,20.0,160.0,10.0,0.6,0.8,0.2,-17.6742,True,all_dynamic_snr,10.589,0.2758
29,v4,v8,40.0,50.0,30.0,1.0,0.25,0.6,8.0,False,all_dynamic_snr,22.087,0.8965
29,v4,v11,40.0,60.07,0.0,1.0,0.3004,0.0,11.5409,False,all_dynamic_snr,22.313,0.8988
29,v4,v3,40.0,100.04,10.0,1.0,0.5002,0.2,5.5886,False,all_dynamic_snr,21.8209,0.8723
29,v4,v7,40.0,120.04,20.0,1.0,0.6002,0.4,2.914,False,all_dynamic_snr,21.3731,0.8605
29,v4,v12,40.0,140.0,20.0,1.0,0.7,0.4,1.845,True,all_dynamic_snr,21.0959,0.8584
30,v1,v6,40.0,90.05,10.0,1.0,0.4502,0.2,6.32,False,all_dynamic_snr,21.9211,0.8857
30,v1,v2,40.0,110.04,10.0,1.0,0.5502,0.2,4.9269,False,all_dynamic_snr,21.7258,0.8711
30,v1,v5,40.0,170.0,10.0,1.0,0.85,0.2,1.9046,True,all_dynamic_snr,21.1259,0.8676
30,v2,v1,20.0,110.04,10.0,0.6,0.5502,0.2,-15.0731,True,all_dynamic_snr,12.4577,0.34
30,v2,v6,20.0,200.0,0.0,0.6,1.0,0.0,-16.8165,True,all_dynamic_snr,11.2334,0.258
30,v3,v4,20.0,90.05,20.0,0.6,0.4502,0.4,-15.0887,True,all_dynamic_snr,12.4163,0.3342
30,v3,v11,20.0,150.0,20.0,0.6,0.75,0.4,-18.6344,True,all_dynamic_snr,9.9354,0.2344
30,v3,v8,20.0,170.03,10.0,0.6,0.8501,0.2,-18.0965,True,all_dynamic_snr,10.2827,0.2398
30,v4,v11,40.0,60.07,0.0,1.0,0.3004,0.0,11.5409,False,all_dynamic_snr,22.3085,0.8969
30,v4,v8,40.0,80.0,30.0,1.0,0.4,0.6,4.7341,False,all_dynamic_snr,21.6914,0.8795
30,v4,v3,40.0,90.05,20.0,1.0,0.4502,0.4,4.9113,False,all_dynamic_snr,21.724,0.8922
30,v4,v7,40.0,140.03,40.0,1.0,0.7002,0.8,0.0686,True,all_dynamic_snr,20.5894,0.8486
30,v4,v12,40.0,160.0,0.0,1.0,0.8,0.0,4.7341,True,all_dynamic_snr,21.6899,0.8736
31,v1,v2,40.0,100.04,0.0,1.0,0.5002,0.0,7.9969,False,all_dynamic_snr,22.0856,0.8938
31,v1,v6,40.0,100.04,20.0,1.0,0.5002,0.4,4.1799,False,all_dynamic_snr,21.5932,0.8805
31,v1,v5,40.0,180.0,20.0,1.0,0.9,0.4,0.0987,True,all_dynamic_snr,20.6178,0.8477
31,v2,v1,20.0,100.04,0.0,0.6,0.5002,0.0,-12.0031,True,all_dynamic_snr,14.5078,0.5076
31,v2,v6,20.0,200.0,20.0,0.6,1.0,0.4,-20.6334,True,all_dynamic_snr,8.5545,0.1979
31,v3,v4,20.0,110.04,10.0,0.6,0.5502,0.2,-15.0731,True,all_dynamic_snr,12.4612,0.3533
31,v3,v8,20.0,160.03,10.0,0.6,0.8001,0.2,-17.6754,True,all_dynamic_snr,10.629,0.2674
31,v3,v11,20.0,170.0,30.0,0.6,0.85,0.6,-20.5037,True,all_dynamic_snr,8.6314,0.176
31,v4,v8,40.0,50.0,0.0,1.0,0.25,0.0,12.8165,False,all_dynamic_snr,22.356,0.8965
31,v4,v11,40.0,60.07,40.0,1.0,0.3004,0.8,5.9491,True,all_dynamic_snr,21.8673,0.8789
31,v4,v7,40.0,100.04,10.0,1.0,0.5002,0.2,5.5886,False,all_dynamic_snr,21.8333,0.8857
31,v4,v3,40.0,110.04,10.0,1.0,0.5502,0.2,4.9269,False,all_dynamic_snr,21.7186,0.8756
31,v4,v12,40.0,160.0,10.0,1.0,0.8,0.2,2.3258,True,all_dynamic_snr,21.2248,0.8584
32,v1,v2,40.0,100.04,20.0,1.0,0.5002,0.4,4.1799,False,all_dynamic_snr,21.6011,0.8814
32,v1,v6,40.0,120.04,20.0,1.0,0.6002,0.4,2.914,False,all_dynamic_snr,21.3657,0.8688
32,v1,v5,40.0,160.0,0.0,1.0,0.8,0.0,4.7341,True,all_dynamic_snr,21.701,0.8846
32,v2,v1,20.0,100.04,20.0,0.6,0.5002,0.4,-15.8201,True,all_dynamic_snr,11.9101,0.3078
32,v3,v4,20.0,100.04,20.0,0.6,0.5002,0.4,-15.8201,True,all_dynamic_snr,11.894,0.3199
32,v3,v8,20.0,150.03,20.0,0.6,0.7501,0.4,-18.6358,True,all_dynamic_snr,9.9381,0.2281
32,v3,v11,20.0,200.0,40.0,0.6,1.0,0.8,-22.4082,True,all_dynamic_snr,7.3698,0.1625
32,v4,v8,40.0,50.0,0.0,1.0,0.25,0.0,12.8165,False,all_dynamic_snr,22.3503,0.8998
32,v4,v3,40.0,100.04,20.0,1.0,0.5002,0.4,4.1799,False,all_dynamic_snr,21.5898,0.883
32,v4,v11,40.0,100.04,20.0,1.0,0.5002,0.4,4.1799,False,all_dynamic_snr,21.6035,0.883
32,v4,v7,40.0,110.04,10.0,1.0,0.5502,0.2,4.9269,False,all_dynamic_snr,21.7196,0.8859
32,v4,v12,40.0,170.0,10.0,1.0,0.85,0.2,1.9046,True,all_dynamic_snr,21.1207,0.8621
33,v1,v2,40.0,80.06,40.0,1.0,0.4003,0.8,3.9539,True,all_dynamic_snr,21.5604,0.873
33,v1,v6,40.0,140.03,10.0,1.0,0.7002,0.2,3.2521,False,all_dynamic_snr,21.4198,0.875
33,v1,v5,40.0,160.0,30.0,1.0,0.8,0.6,-0.0824,True,all_dynamic_snr,20.5709,0.8445
33,v2,v1,20.0,80.06,40.0,0.6,0.4003,0.8,-16.0461,True,all_dynamic_snr,11.7391,0.3211
33,v3,v4,20.0,80.06,0.0,0.6,0.4003,0.0,-10.4543,True,all_dynamic_snr,15.4742,0.557
33,v3,v8,20.0,130.03,20.0,0.6,0.6502,0.4,-17.6419,True,all_dynamic_snr,10.6472,0.2547
33,v3,v11,20.0,160.0,10.0,0.6,0.8,0.2,-17.6742,True,all_dynamic_snr,10.577,0.2428
33,v3,v7,20.0,180.0,20.0,0.6,0.9,0.4,-19.9013,True,all_dynamic_snr,9.0277,0.2002
33,v4,v8,40.0,50.0,20.0,1.0,0.25,0.4,8.9995,False,all_dynamic_snr,22.1717,0.89
33,v4,v3,40.0,80.06,0.0,1.0,0.4003,0.0,9.5457,False,all_dynamic_snr,22.2086,0.893
33,v4,v11,40.0,80.06,10.0,1.0,0.4003,0.2,7.1374,False,all_dynamic_snr,22.0013,0.8891
33,v4,v7,40.0,100.04,20.0,1.0,0.5002,0.4,4.1799,False,all_dynamic_snr,21.5853,0.8711
33,v4,v12,40.0,180.0,10.0,1.0,0.9,0.2,1.5074,True,all_dynamic_snr,21.0107,0.8531
34,v1,v2,40.0,40.11,20.0,1.0,0.2006,0.4,10.5306,False,all_dynamic_snr,22.2595,0.8992
34,v1,v6,40.0,150.03,10.0,1.0,0.7501,0.2,2.7729,False,all_dynamic_snr,21.3232,0.8598
34,v1,v5,40.0,190.0,10.0,1.0,0.95,0.2,1.1317,True,all_dynamic_snr,20.9153,0.851
34,v2,v1,20.0,40.11,20.0,0.6,0.2006,0.4,-9.4694,True,all_dynamic_snr,16.0788,0.6066
34,v2,v6,20.0,190.0,10.0,0.6,0.95,0.2,-18.8683,True,all_dynamic_snr,9.7557,0.2412
34,v3,v4,20.0,80.06,10.0,0.6,0.4003,0.2,-12.8626,True,all_dynamic_snr,13.9251,0.4387
34,v3,v8,20.0,110.04,10.0,0.6,0.5502,0.2,-15.0731,True,all_dynamic_snr,12.4391,0.3486
34,v3,v11,20.0,150.0,20.0,0.6,0.75,0.4,-18.6344,True,all_dynamic_snr,9.9053,0.2393
34,v3,v7,20.0,160.0,0.0,0.6,0.8,0.0,-15.2659,True,all_dynamic_snr,12.3302,0.3414
34,v4,v8,40.0,30.0,20.0,1.0,0.15,0.4,12.5491,False,all_dynamic_snr,22.348,0.8984
34,v4,v11,40.0,70.06,10.0,1.0,0.3503,0.2,8.0638,False,all_dynamic_snr,22.0962,0.884
34,v4,v3,40.0,80.06,10.0,1.0,0.4003,0.2,7.1374,False,all_dynamic_snr,22.0061,0.8889
34,v4,v7,40.0,80.06,10.0,1.0,0.4003,0.2,7.1374,False,all_dynamic_snr,22.007,0.8855
34,v4,v12,40.0,170.0,20.0,1.0,0.85,0.4,0.4958,True,all_dynamic_snr,20.744,0.8318
35,v1,v2,40.0,20.22,0.0,1.0,0.1011,0.0,19.1062,False,all_dynamic_snr,22.4612,0.9018
35,v1,v6,40.0,160.03,0.0,1.0,0.8001,0.0,4.7329,True,all_dynamic_snr,21.7043,0.8963
35,v1,v5,40.0,200.0,20.0,1.0,1.0,0.4,-0.6334,True,all_dynamic_snr,20.3742,0.8426
35,v2,v1,20.0,20.22,0.0,0.6,0.1011,0.0,-0.8938,False,all_dynamic_snr,20.2694,0.8348
35,v2,v6,20.0,180.0,0.0,0.6,0.9,0.0,-16.0844,True,all_dynamic_snr,11.7422,0.2967
35,v3,v4,20.0,70.06,0.0,0.6,0.3503,0.0,-9.5279,True,all_dynamic_snr,16.0206,0.6061
35,v3,v8,20.0,120.04,40.0,0.6,0.6002,0.8,-18.8608,True,all_dynamic_snr,9.8038,0.2117
35,v3,v11,20.0,130.0,40.0,0.6,0.65,0.8,-19.4149,True,all_dynamic_snr,9.4079,0.2268
35,v3,v7,20.0,160.0,10.0,0.6,0.8,0.2,-17.6742,True,all_dynamic_snr,10.6168,0.2705
35,v4,v8,40.0,50.0,40.0,1.0,0.25,0.8,7.2247,True,all_dynamic_snr,22.0161,0.8869
35,v4,v11,40.0,60.07,40.0,1.0,0.3004,0.8,5.9491,True,all_dynamic_snr,21.8627,0.8754
35,v4,v3,40.0,70.06,0.0,1.0,0.3503,0.0,10.4721,False,all_dynamic_snr,22.249,0.8938
35,v4,v7,40.0,90.05,10.0,1.0,0.4502,0.2,6.32,False,all_dynamic_snr,21.9221,0.8873
35,v4,v12,40.0,150.0,10.0,1.0,0.75,0.2,2.7743,False,all_dynamic_snr,21.3332,0.8594
36,v1,v2,40.0,20.22,10.0,1.0,0.1011,0.2,16.698,False,all_dynamic_snr,22.4388,0.8969
36,v1,v6,40.0,160.03,0.0,1.0,0.8001,0.0,4.7329,True,all_dynamic_snr,21.6956,0.8697
36,v1,v5,40.0,180.0,10.0,1.0,0.9,0.2,1.5074,True,all_dynamic_snr,21.0375,0.8613
36,v2,v1,20.0,20.22,10.0,0.6,0.1011,0.2,-3.302,False,all_dynamic_snr,19.3439,0.7932
36,v2,v6,20.0,180.0,10.0,0.6,0.9,0.2,-18.4926,True,all_dynamic_snr,10.0534,0.2344
36,v3,v4,20.0,70.06,10.0,0.6,0.3503,0.2,-11.9362,True,all_dynamic_snr,14.523,0.4811
36,v3,v8,20.0,80.06,10.0,0.6,0.4003,0.2,-12.8626,True,all_dynamic_snr,13.9175,0.4375
36,v3,v11,20.0,90.0,30.0,0.6,0.45,0.6,-16.0844,True,all_dynamic_snr,11.7479,0.2936
36,v3,v7,20.0,150.0,30.0,0.6,0.75,0.6,-19.6339,True,all_dynamic_snr,9.2552,0.2182
36,v4,v8,40.0,10.0,0.0,1.0,0.05,0.0,24.0,False,all_dynamic_snr,22.4878,0.8988
36,v4,v11,40.0,20.22,20.0,1.0,0.1011,0.4,15.2892,False,all_dynamic_snr,22.4161,0.9008
36,v4,v3,40.0,70.06,10.0,1.0,0.3503,0.2,8.0638,False,all_dynamic_snr,22.1015,0.8936
36,v4,v7,40.0,80.06,20.0,1.0,0.4003,0.4,5.7287,False,all_dynamic_snr,21.8332,0.8848
36,v4,v12,40.0,140.0,10.0,1.0,0.7,0.2,3.2537,False,all_dynamic_snr,21.4271,0.875
37,v1,v2,40.0,30.15,0.0,1.0,0.1507,0.0,16.3315,False,all_dynamic_snr,22.4312,0.8975
37,v1,v6,40.0,160.03,10.0,1.0,0.8001,0.2,2.3246,True,all_dynamic_snr,21.2056,0.8756
37,v1,v5,40.0,170.0,20.0,1.0,0.85,0.4,0.4958,True,all_dynamic_snr,20.7249,0.8359
37,v2,v1,20.0,30.15,0.0,0.6,0.1507,0.0,-3.6685,False,all_dynamic_snr,19.171,0.7625
37,v2,v6,20.0,190.0,10.0,0.6,0.95,0.2,-18.8683,True,all_dynamic_snr,9.791,0.2324
37,v3,v4,20.0,80.06,20.0,0.6,0.4003,0.4,-14.2713,True,all_dynamic_snr,12.9902,0.3779
37,v3,v8,20.0,90.05,10.0,0.6,0.4502,0.2,-13.68,True,all_dynamic_snr,13.3681,0.4213
37,v3,v11,20.0,120.0,10.0,0.6,0.6,0.2,-15.6751,True,all_dynamic_snr,12.0376,0.3201
37,v3,v7,20.0,180.0,10.0,0.6,0.9,0.2,-18.4926,True,all_dynamic_snr,9.9997,0.2346
37,v4,v8,40.0,10.0,30.0,1.0,0.05,0.6,19.1835,False,all_dynamic_snr,22.4622,0.9027
37,v4,v11,40.0,40.11,30.0,1.0,0.2006,0.6,9.5311,False,all_dynamic_snr,22.2064,0.8918
37,v4,v3,40.0,80.06,20.0,1.0,0.4003,0.4,5.7287,False,all_dynamic_snr,21.835,0.8889
37,v4,v7,40.0,100.04,30.0,1.0,0.5002,0.6,3.1804,True,all_dynamic_snr,21.4036,0.873
37,v4,v12,40.0,150.0,40.0,1.0,0.75,0.8,-0.4092,True,all_dynamic_snr,20.4567,0.8348
38,v1,v2,40.0,30.15,0.0,1.0,0.1507,0.0,16.3315,False,all_dynamic_snr,22.4271,0.8988
38,v1,v6,40.0,170.03,0.0,1.0,0.8501,0.0,4.3117,True,all_dynamic_snr,21.6308,0.8721
38,v1,v5,40.0,190.0,10.0,1.0,0.95,0.2,1.1317,True,all_dynamic_snr,20.9194,0.8646
38,v2,v1,20.0,30.15,0.0,0.6,0.1507,0.0,-3.6685,False,all_dynamic_snr,19.1879,0.7951
38,v2,v6,20.0,200.0,0.0,0.6,1.0,0.0,-16.8165,True,all_dynamic_snr,11.2423,0.2807
38,v3,v4,20.0,60.07,40.0,0.6,0.3004,0.8,-14.0509,True,all_dynamic_snr,13.1767,0.4084
38,v3,v8,20.0,100.04,40.0,0.6,0.5002,0.8,-17.5949,True,all_dynamic_snr,10.7038,0.2621
38,v3,v11,20.0,130.0,10.0,0.6,0.65,0.2,-16.2313,True,all_dynamic_snr,11.6029,0.3023
38,v3,v7,20.0,190.0,10.0,0.6,0.95,0.2,-18.8683,True,all_dynamic_snr,9.8352,0.2291
38,v4,v8,40.0,40.0,0.0,1.0,0.2,0.0,14.367,False,all_dynamic_snr,22.3983,0.8914
38,v4,v3,40.0,60.07,40.0,1.0,0.3004,0.8,5.9491,True,all_dynamic_snr,21.8596,0.8797
38,v4,v11,40.0,70.06,30.0,1.0,0.3503,0.6,5.6556,False,all_dynamic_snr,21.8273,0.8834
38,v4,v7,40.0,130.03,30.0,1.0,0.6502,0.6,1.3586,True,all_dynamic_snr,20.9893,0.8582
38,v4,v12,40.0,190.0,30.0,1.0,0.95,0.6,-1.2765,True,all_dynamic_snr,20.1437,0.8371
39,v1,v2,40.0,30.15,30.0,1.0,0.1507,0.6,11.515,False,all_dynamic_snr,22.3051,0.8908
39,v1,v6,40.0,170.03,20.0,1.0,0.8501,0.4,0.4948,True,all_dynamic_snr,20.7317,0.8357
39,v1,v5,40.0,180.0,0.0,1.0,0.9,0.0,3.9156,True,all_dynamic_snr,21.5626,0.8695
39,v2,v1,20.0,30.15,30.0,0.6,0.1507,0.6,-8.485,True,all_dynamic_snr,16.6736,0.6203
39,v2,v6,20.0,200.0,10.0,0.6,1.0,0.2,-19.2247,True,all_dynamic_snr,9.562,0.2008
39,v3,v4,20.0,100.04,10.0,0.6,0.5002,0.2,-14.4114,True,all_dynamic_snr,12.916,0.3637
39,v3,v11,20.0,140.0,30.0,0.6,0.7,0.6,-19.1545,True,all_dynamic_snr,9.543,0.2037
39,v3,v8,20.0,140.03,20.0,0.6,0.7002,0.4,-18.1566,True,all_dynamic_snr,10.2717,0.242
39,v3,v7,20.0,200.0,0.0,0.6,1.0,0.0,-16.8165,True,all_dynamic_snr,11.256,0.2801
39,v4,v8,40.0,40.0,10.0,1.0,0.2,0.2,11.9588,False,all_dynamic_snr,22.3236,0.8992
39,v4,v11,40.0,40.11,20.0,1.0,0.2006,0.4,10.5306,False,all_dynamic_snr,22.2575,0.8982
39,v4,v3,40.0,100.04,10.0,1.0,0.5002,0.2,5.5886,False,all_dynamic_snr,21.8258,0.8811
39,v4,v7,40.0,100.04,10.0,1.0,0.5002,0.2,5.5886,False,all_dynamic_snr,21.8249,0.8986
39,v4,v12,40.0,160.0,10.0,1.0,0.8,0.2,2.3258,True,all_dynamic_snr,21.2467,0.8643
40,v1,v2,40.0,3.0,20.0,1.0,0.015,0.4,28.5491,False,all_dynamic_snr,22.4928,0.8988
40,v1,v5,40.0,180.0,10.0,1.0,0.9,0.2,1.5074,True,all_dynamic_snr,21.0195,0.8635
40,v1,v6,40.0,190.02,30.0,1.0,0.9501,0.6,-1.2774,True,all_dynamic_snr,20.1643,0.8098
40,v2,v1,20.0,3.0,20.0,0.6,0.015,0.4,8.5491,True,all_dynamic_snr,22.1359,0.8875
40,v2,v5,20.0,180.02,10.0,0.6,0.9001,0.2,-18.4936,True,all_dynamic_snr,10.0535,0.2449
40,v2,v6,20.0,190.0,10.0,0.6,0.95,0.2,-18.8683,True,all_dynamic_snr,9.7848,0.207
40,v3,v4,20.0,110.04,10.0,0.6,0.5502,0.2,-15.0731,True,all_dynamic_snr,12.4217,0.3367
40,v3,v8,20.0,160.03,10.0,0.6,0.8001,0.2,-17.6754,True,all_dynamic_snr,10.6138,0.233
40,v3,v11,20.0,170.0,0.0,0.6,0.85,0.0,-15.6872,True,all_dynamic_snr,12.0253,0.3277
40,v3,v7,20.0,200.0,10.0,0.6,1.0,0.2,-19.2247,True,all_dynamic_snr,9.5235,0.2115
40,v4,v8,40.0,50.0,0.0,1.0,0.25,0.0,12.8165,False,all_dynamic_snr,22.351,0.8889
40,v4,v11,40.0,60.07,10.0,1.0,0.3004,0.2,9.1327,False,all_dynamic_snr,22.1825,0.8959
40,v4,v7,40.0,90.05,0.0,1.0,0.4502,0.0,8.7283,False,all_dynamic_snr,22.1527,0.8939
40,v4,v3,40.0,110.04,10.0,1.0,0.5502,0.2,4.9269,False,all_dynamic_snr,21.7195,0.8652
40,v4,v12,40.0,150.0,0.0,1.0,0.75,0.0,5.1825,False,all_dynamic_snr,21.749,0.8811
41,v1,v2,40.0,20.22,0.0,1.0,0.1011,0.0,19.1062,False,all_dynamic_snr,22.4605,0.9014
41,v1,v6,40.0,160.03,40.0,1.0,0.8001,0.8,-0.8589,True,all_dynamic_snr,20.3109,0.8293
41,v1,v5,40.0,170.0,0.0,1.0,0.85,0.0,4.3128,True,all_dynamic_snr,21.6264,0.8895
41,v2,v1,20.0,20.22,0.0,0.6,0.1011,0.0,-0.8938,False,all_dynamic_snr,20.2682,0.8238
41,v2,v6,20.0,180.0,40.0,0.6,0.9,0.8,-21.6761,True,all_dynamic_snr,7.7957,0.1836
41,v2,v5,20.0,190.02,0.0,0.6,0.9501,0.0,-16.4609,True,all_dynamic_snr,11.4464,0.2736
41,v3,v4,20.0,120.04,0.0,0.6,0.6002,0.0,-13.2691,True,all_dynamic_snr,13.6471,0.4348
41,v3,v11,20.0,170.0,10.0,0.6,0.85,0.2,-18.0954,True,all_dynamic_snr,10.3163,0.2391
41,v3,v8,20.0,170.03,0.0,0.6,0.8501,0.0,-15.6883,True,all_dynamic_snr,11.9992,0.3109
41,v4,v8,40.0,50.0,0.0,1.0,0.25,0.0,12.8165,False,all_dynamic_snr,22.3548,0.8994
41,v4,v11,40.0,50.09,10.0,1.0,0.2504,0.2,10.3958,False,all_dynamic_snr,22.253,0.9004
41,v4,v7,40.0,90.05,0.0,1.0,0.4502,0.0,8.7283,False,all_dynamic_snr,22.1505,0.8861
41,v4,v3,40.0,120.04,0.0,1.0,0.6002,0.0,6.7309,False,all_dynamic_snr,21.9624,0.8844
41,v4,v12,40.0,150.0,30.0,1.0,0.75,0.6,0.3661,True,all_dynamic_snr,20.684,0.8432
42,v1,v2,40.0,20.22,10.0,1.0,0.1011,0.2,16.698,False,all_dynamic_snr,22.4422,0.9062
42,v1,v6,40.0,120.04,10.0,1.0,0.6002,0.2,4.3227,False,all_dynamic_snr,21.6264,0.8754
42,v1,v5,40.0,170.0,10.0,1.0,0.85,0.2,1.9046,True,all_dynamic_snr,21.1288,0.8688
42,v2,v1,20.0,20.22,10.0,0.6,0.1011,0.2,-3.302,False,all_dynamic_snr,19.3233,0.8049
42,v2,v6,20.0,140.0,0.0,0.6,0.7,0.0,-14.338,True,all_dynamic_snr,12.9482,0.377
42,v2,v5,20.0,190.02,20.0,0.6,0.9501,0.4,-20.2779,True,all_dynamic_snr,8.8183,0.1934
42,v3,v4,20.0,120.04,40.0,0.6,0.6002,0.8,-18.8608,True,all_dynamic_snr,9.7634,0.2377
42,v3,v8,20.0,170.03,30.0,0.6,0.8501,0.6,-20.5047,True,all_dynamic_snr,8.6917,0.2027
42,v3,v11,20.0,180.0,0.0,0.6,0.9,0.0,-16.0844,True,all_dynamic_snr,11.7279,0.3135
42,v4,v8,40.0,50.0,10.0,1.0,0.25,0.2,10.4082,False,all_dynamic_snr,22.2491,0.8982
42,v4,v11,40.0,60.07,40.0,1.0,0.3004,0.8,5.9491,True,all_dynamic_snr,21.878,0.8854
42,v4,v7,40.0,90.05,0.0,1.0,0.4502,0.0,8.7283,False,all_dynamic_snr,22.1489,0.8904
42,v4,v12,40.0,120.0,0.0,1.0,0.6,0.0,6.7331,False,all_dynamic_snr,21.9737,0.8805
42,v4,v3,40.0,120.04,40.0,1.0,0.6002,0.8,1.1392,True,all_dynamic_snr,20.9176,0.8559
43,v1,v2,40.0,30.15,10.0,1.0,0.1507,0.2,13.9232,False,all_dynamic_snr,22.3836,0.892
43,v1,v6,40.0,110.04,20.0,1.0,0.5502,0.4,3.5182,False,all_dynamic_snr,21.4756,0.8779
43,v1,v5,40.0,180.0,0.0,1.0,0.9,0.0,3.9156,True,all_dynamic_snr,21.5441,0.8588
43,v2,v1,20.0,30.15,10.0,0.6,0.1507,0.2,-6.0768,False,all_dynamic_snr,17.9823,0.6955
43,v2,v6,20.0,140.0,10.0,0.6,0.7,0.2,-16.7463,True,all_dynamic_snr,11.2499,0.2832
43,v3,v4,20.0,80.06,20.0,0.6,0.4003,0.4,-14.2713,True,all_dynamic_snr,12.9676,0.3893
43,v3,v8,20.0,140.03,10.0,0.6,0.7002,0.2,-16.7479,True,all_dynamic_snr,11.2545,0.2684
43,v3,v7,20.0,170.0,20.0,0.6,0.85,0.4,-19.5042,True,all_dynamic_snr,9.3369,0.1869
43,v3,v11,20.0,180.0,10.0,0.6,0.9,0.2,-18.4926,True,all_dynamic_snr,10.0368,0.2258
43,v4,v8,40.0,60.0,30.0,1.0,0.3,0.6,6.7331,False,all_dynamic_snr,21.9718,0.8791
43,v4,v3,40.0,80.06,20.0,1.0,0.4003,0.4,5.7287,False,all_dynamic_snr,21.83,0.8998
43,v4,v7,40.0,90.05,0.0,1.0,0.4502,0.0,8.7283,False,all_dynamic_snr,22.1428,0.8854
43,v4,v11,40.0,100.04,30.0,1.0,0.5002,0.6,3.1804,True,all_dynamic_snr,21.4171,0.8717
43,v4,v12,40.0,120.0,20.0,1.0,0.6,0.4,2.9161,False,all_dynamic_snr,21.3629,0.8594
44,v1,v2,40.0,20.22,0.0,1.0,0.1011,0.0,19.1062,False,all_dynamic_snr,22.4651,0.8979
44,v1,v6,40.0,130.03,10.0,1.0,0.6502,0.2,3.7668,False,all_dynamic_snr,21.5291,0.8781
44,v1,v5,40.0,180.0,10.0,1.0,0.9,0.2,1.5074,True,all_dynamic_snr,21.0257,0.8529
44,v2,v1,20.0,20.22,0.0,0.6,0.1011,0.0,-0.8938,False,all_dynamic_snr,20.287,0.823
44,v2,v6,20.0,150.0,10.0,0.6,0.75,0.2,-17.2257,True,all_dynamic_snr,10.9509,0.277
44,v3,v4,20.0,100.04,10.0,0.6,0.5002,0.2,-14.4114,True,all_dynamic_snr,12.8974,0.3729
44,v3,v8,20.0,130.03,30.0,0.6,0.6502,0.6,-18.6414,True,all_dynamic_snr,9.9714,0.2346
44,v3,v11,20.0,170.0,20.0,0.6,0.85,0.4,-19.5042,True,all_dynamic_snr,9.3732,0.1965
44,v3,v7,20.0,190.0,20.0,0.6,0.95,0.4,-20.277,True,all_dynamic_snr,8.8109,0.177
44,v4,v8,40.0,30.0,40.0,1.0,0.15,0.8,10.7743,True,all_dynamic_snr,22.2769,0.8973
44,v4,v11,40.0,70.06,30.0,1.0,0.3503,0.6,5.6556,False,all_dynamic_snr,21.8348,0.885
44,v4,v7,40.0,90.05,30.0,1.0,0.4502,0.6,3.9118,True,all_dynamic_snr,21.5629,0.8768
44,v4,v12,40.0,100.0,10.0,1.0,0.5,0.2,5.5918,False,all_dynamic_snr,21.8178,0.8746
44,v4,v3,40.0,100.04,10.0,1.0,0.5002,0.2,5.5886,False,all_dynamic_snr,21.8183,0.8797
45,v1,v2,40.0,20.22,20.0,1.0,0.1011,0.4,15.2892,False,all_dynamic_snr,22.4144,0.8979
45,v1,v6,40.0,140.03,10.0,1.0,0.7002,0.2,3.2521,False,all_dynamic_snr,21.4293,0.8588
45,v1,v5,40.0,190.0,10.0,1.0,0.95,0.2,1.1317,True,all_dynamic_snr,20.9103,0.8576
45,v2,v1,20.0,20.22,20.0,0.6,0.1011,0.4,-4.7108,True,all_dynamic_snr,18.6664,0.7668
45,v2,v6,20.0,160.0,10.0,0.6,0.8,0.2,-17.6742,True,all_dynamic_snr,10.5947,0.2457
45,v3,v4,20.0,90.05,0.0,0.6,0.4502,0.0,-11.2717,True,all_dynamic_snr,14.9606,0.5051
45,v3,v8,20.0,160.03,0.0,0.6,0.8001,0.0,-15.2671,True,all_dynamic_snr,12.2938,0.3336
45,v3,v11,20.0,190.0,20.0,0.6,0.95,0.4,-20.277,True,all_dynamic_snr,8.8284,0.1871
45,v4,v8,40.0,70.0,0.0,1.0,0.35,0.0,10.4784,False,all_dynamic_snr,22.2575,0.8889
45,v4,v3,40.0,90.05,0.0,1.0,0.4502,0.0,8.7283,False,all_dynamic_snr,22.1398,0.8982
45,v4,v11,40.0,100.04,20.0,1.0,0.5002,0.4,4.1799,False,all_dynamic_snr,21.5963,0.8658
45,v4,v12,40.0,110.0,10.0,1.0,0.55,0.2,4.9295,False,all_dynamic_snr,21.7217,0.8824
45,v4,v7,40.0,120.04,20.0,1.0,0.6002,0.4,2.914,False,all_dynamic_snr,21.355,0.8775
46,v1,v2,40.0,3.0,30.0,1.0,0.015,0.6,27.5496,False,all_dynamic_snr,22.4923,0.9008
46,v1,v6,40.0,150.03,0.0,1.0,0.7501,0.0,5.1812,False,all_dynamic_snr,21.7567,0.8857
46,v1,v5,40.0,200.0,20.0,1.0,1.0,0.4,-0.6334,True,all_dynamic_snr,20.3961,0.827
46,v2,v1,20.0,3.0,30.0,0.6,0.015,0.6,7.5496,True,all_dynamic_snr,22.0427,0.8996
46,v2,v6,20.0,150.0,30.0,0.6,0.75,0.6,-19.6339,True,all_dynamic_snr,9.2566,0.1961
46,v3,v4,20.0,90.05,20.0,0.6,0.4502,0.4,-15.0887,True,all_dynamic_snr,12.4153,0.3398
46,v3,v8,20.0,160.03,20.0,0.6,0.8001,0.4,-19.0841,True,all_dynamic_snr,9.6267,0.2387
46,v3,v11,20.0,170.0,30.0,0.6,0.85,0.6,-20.5037,True,all_dynamic_snr,8.6357,0.1789
46,v3,v7,20.0,190.0,10.0,0.6,0.95,0.2,-18.8683,True,all_dynamic_snr,9.7805,0.2168
46,v4,v8,40.0,70.0,0.0,1.0,0.35,0.0,10.4784,False,all_dynamic_snr,22.2622,0.9021
46,v4,v11,40.0,80.06,10.0,1.0,0.4003,0.2,7.1374,False,all_dynamic_snr,22.004,0.8848
46,v4,v3,40.0,90.05,20.0,1.0,0.4502,0.4,4.9113,False,all_dynamic_snr,21.7302,0.8785
46,v4,v7,40.0,100.04,10.0,1.0,0.5002,0.2,5.5886,False,all_dynamic_snr,21.8323,0.8791
46,v4,v12,40.0,120.0,20.0,1.0,0.6,0.4,2.9161,False,all_dynamic_snr,21.3437,0.8752
47,v1,v2,40.0,30.15,0.0,1.0,0.1507,0.0,16.3315,False,all_dynamic_snr,22.4324,0.8994
47,v1,v6,40.0,150.03,0.0,1.0,0.7501,0.0,5.1812,False,all_dynamic_snr,21.7778,0.8863
47,v2,v1,20.0,30.15,0.0,0.6,0.1507,0.0,-3.6685,False,all_dynamic_snr,19.1687,0.7822
47,v2,v6,20.0,120.0,0.0,0.6,0.6,0.0,-13.2669,True,all_dynamic_snr,13.6673,0.4494
47,v2,v5,20.0,190.02,10.0,0.6,0.9501,0.2,-18.8692,True,all_dynamic_snr,9.7803,0.2146
47,v3,v4,20.0,70.06,10.0,0.6,0.3503,0.2,-11.9362,True,all_dynamic_snr,14.5473,0.4752
47,v3,v11,20.0,140.0,0.0,0.6,0.7,0.0,-14.338,True,all_dynamic_snr,12.9465,0.382
47,v3,v8,20.0,140.03,30.0,0.6,0.7002,0.6,-19.1561,True,all_dynamic_snr,9.5629,0.2248
47,v3,v12,20.0,170.03,20.0,0.6,0.8501,0.4,-19.5052,True,all_dynamic_snr,9.2882,0.2098
47,v3,v7,20.0,180.0,10.0,0.6,0.9,0.2,-18.4926,True,all_dynamic_snr,10.0799,0.2488
47,v4,v8,40.0,70.0,40.0,1.0,0.35,0.8,4.8867,True,all_dynamic_snr,21.7093,0.873
47,v4,v3,40.0,70.06,10.0,1.0,0.3503,0.2,8.0638,False,all_dynamic_snr,22.0891,0.8869
47,v4,v11,40.0,70.06,10.0,1.0,0.3503,0.2,8.0638,False,all_dynamic_snr,22.095,0.8895
47,v4,v12,40.0,100.0,30.0,1.0,0.5,0.6,3.1835,True,all_dynamic_snr,21.4037,0.8854
47,v4,v7,40.0,110.04,0.0,1.0,0.5502,0.0,7.3351,False,all_dynamic_snr,22.0279,0.8963
48,v1,v2,40.0,30.15,10.0,1.0,0.1507,0.2,13.9232,False,all_dynamic_snr,22.3869,0.8939
48,v1,v6,40.0,150.03,30.0,1.0,0.7501,0.6,0.3647,True,all_dynamic_snr,20.706,0.8404
48,v2,v1,20.0,30.15,10.0,0.6,0.1507,0.2,-6.0768,False,all_dynamic_snr,17.997,0.7311
48,v2,v6,20.0,120.0,20.0,0.6,0.6,0.4,-17.0839,True,all_dynamic_snr,10.9975,0.2795
48,v3,v4,20.0,80.06,10.0,0.6,0.4003,0.2,-12.8626,True,all_dynamic_snr,13.9213,0.4439
48,v3,v8,20.0,110.04,10.0,0.6,0.5502,0.2,-15.0731,True,all_dynamic_snr,12.4267,0.3451
48,v3,v11,20.0,140.0,30.0,0.6,0.7,0.6,-19.1545,True,all_dynamic_snr,9.5822,0.2301
48,v3,v12,20.0,150.03,10.0,0.6,0.7501,0.2,-17.2271,True,all_dynamic_snr,10.9263,0.2756
48,v3,v7,20.0,190.0,0.0,0.6,0.95,0.0,-16.4601,True,all_dynamic_snr,11.4556,0.2895
48,v4,v8,40.0,30.0,0.0,1.0,0.15,0.0,16.3661,False,all_dynamic_snr,22.4357,0.8969
48,v4,v11,40.0,60.07,20.0,1.0,0.3004,0.4,7.7239,False,all_dynamic_snr,22.0551,0.8928
48,v4,v12,40.0,70.0,0.0,1.0,0.35,0.0,10.4784,False,all_dynamic_snr,22.2647,0.9021
48,v4,v3,40.0,80.06,10.0,1.0,0.4003,0.2,7.1374,False,all_dynamic_snr,22.0074,0.8926
48,v4,v7,40.0,110.04,10.0,1.0,0.5502,0.2,4.9269,False,all_dynamic_snr,21.7279,0.8652
49,v1,v2,40.0,20.22,10.0,1.0,0.1011,0.2,16.698,False,all_dynamic_snr,22.438,0.9004
49,v1,v6,40.0,120.04,0.0,1.0,0.6002,0.0,6.7309,False,all_dynamic_snr,21.9551,0.8818
49,v2,v1,20.0,20.22,10.0,0.6,0.1011,0.2,-3.302,False,all_dynamic_snr,19.3336,0.7775
49,v2,v6,20.0,100.0,10.0,0.6,0.5,0.2,-14.4082,True,all_dynamic_snr,12.8948,0.3682
49,v3,v4,20.0,70.06,10.0,0.6,0.3503,0.2,-11.9362,True,all_dynamic_snr,14.5533,0.4912
49,v3,v8,20.0,100.04,10.0,0.6,0.5002,0.2,-14.4114,True,all_dynamic_snr,12.8926,0.3684
49,v3,v11,20.0,110.0,10.0,0.6,0.55,0.2,-15.0705,True,all_dynamic_snr,12.433,0.3533
49,v3,v12,20.0,140.03,30.0,0.6,0.7002,0.6,-19.1561,True,all_dynamic_snr,9.592,0.2154
49,v3,v7,20.0,190.0,10.0,0.6,0.95,0.2,-18.8683,True,all_dynamic_snr,9.7844,0.2139
49,v4,v8,40.0,30.0,0.0,1.0,0.15,0.0,16.3661,False,all_dynamic_snr,22.434,0.8963
49,v4,v11,40.0,40.11,0.0,1.0,0.2006,0.0,14.3476,False,all_dynamic_snr,22.3995,0.9018
49,v4,v12,40.0,70.0,40.0,1.0,0.35,0.8,4.8867,True,all_dynamic_snr,21.7263,0.8848
49,v4,v3,40.0,70.06,10.0,1.0,0.3503,0.2,8.0638,False,all_dynamic_snr,22.0943,0.8943
49,v4,v7,40.0,120.04,0.0,1.0,0.6002,0.0,6.7309,False,all_dynamic_snr,21.9567,0.8893
50,v1,v2,40.0,30.15,10.0,1.0,0.1507,0.2,13.9232,False,all_dynamic_snr,22.3881,0.9033
50,v1,v6,40.0,120.04,30.0,1.0,0.6002,0.6,1.9144,True,all_dynamic_snr,21.1181,0.8678
50,v2,v1,20.0,30.15,10.0,0.6,0.1507,0.2,-6.0768,False,all_dynamic_snr,17.9994,0.7402
50,v2,v6,20.0,90.0,20.0,0.6,0.45,0.4,-15.0849,True,all_dynamic_snr,12.4269,0.349
50,v3,v4,20.0,80.06,0.0,0.6,0.4003,0.0,-10.4543,True,all_dynamic_snr,15.4854,0.5623
50,v3,v8,20.0,110.04,10.0,0.6,0.5502,0.2,-15.0731,True,all_dynamic_snr,12.4204,0.3203
50,v3,v12,20.0,110.04,0.0,0.6,0.5502,0.0,-12.6649,True,all_dynamic_snr,14.0678,0.4701
50,v3,v11,20.0,120.0,20.0,0.6,0.6,0.4,-17.0839,True,all_dynamic_snr,11.0293,0.2617
50,v3,v7,20.0,200.0,0.0,0.6,1.0,0.0,-16.8165,True,all_dynamic_snr,11.2051,0.2893
50,v4,v8,40.0,30.0,10.0,1.0,0.15,0.2,13.9578,False,all_dynamic_snr,22.3871,0.8953
50,v4,v12,40.0,30.0,0.0,1.0,0.15,0.0,16.3661,False,all_dynamic_snr,22.4285,0.8959
50,v4,v11,40.0,40.11,20.0,1.0,0.2006,0.4,10.5306,False,all_dynamic_snr,22.2584,0.892
50,v4,v3,40.0,80.06,0.0,1.0,0.4003,0.0,9.5457,False,all_dynamic_snr,22.206,0.8924
50,v4,v7,40.0,120.04,0.0,1.0,0.6002,0.0,6.7309,False,all_dynamic_snr,21.956,0.885
51,v1,v2,40.0,40.11,10.0,1.0,0.2006,0.2,11.9393,False,all_dynamic_snr,22.3244,0.89
51,v1,v6,40.0,150.03,0.0,1.0,0.7501,0.0,5.1812,False,all_dynamic_snr,21.7616,0.8873
51,v2,v1,20.0,40.11,10.0,0.6,0.2006,0.2,-8.0607,False,all_dynamic_snr,16.8654,0.6621
51,v2,v6,20.0,110.0,10.0,0.6,0.55,0.2,-15.0705,True,all_dynamic_snr,12.4192,0.3488
51,v3,v4,20.0,80.06,10.0,0.6,0.4003,0.2,-12.8626,True,all_dynamic_snr,13.9254,0.4297
51,v3,v12,20.0,110.04,30.0,0.6,0.5502,0.6,-17.4813,True,all_dynamic_snr,10.7753,0.2346
51,v3,v8,20.0,120.04,0.0,0.6,0.6002,0.0,-13.2691,True,all_dynamic_snr,13.644,0.4373
51,v3,v11,20.0,140.0,30.0,0.6,0.7,0.6,-19.1545,True,all_dynamic_snr,9.5961,0.2133
51,v3,v7,20.0,200.0,40.0,0.6,1.0,0.8,-22.4082,True,all_dynamic_snr,7.3188,0.1465
51,v4,v12,40.0,30.0,20.0,1.0,0.15,0.4,12.5491,False,all_dynamic_snr,22.3413,0.9002
51,v4,v8,40.0,40.0,10.0,1.0,0.2,0.2,11.9588,False,all_dynamic_snr,22.3227,0.8969
51,v4,v11,40.0,60.07,20.0,1.0,0.3004,0.4,7.7239,False,all_dynamic_snr,22.0605,0.8865
51,v4,v3,40.0,80.06,10.0,1.0,0.4003,0.2,7.1374,False,all_dynamic_snr,22.0074,0.8855
51,v4,v7,40.0,120.04,30.0,1.0,0.6002,0.6,1.9144,True,all_dynamic_snr,21.1242,0.8617
52,v1,v2,40.0,30.15,10.0,1.0,0.1507,0.2,13.9232,False,all_dynamic_snr,22.387,0.8885
52,v1,v6,40.0,150.03,30.0,1.0,0.7501,0.6,0.3647,True,all_dynamic_snr,20.6862,0.8496
52,v2,v1,20.0,30.15,10.0,0.6,0.1507,0.2,-6.0768,False,all_dynamic_snr,18.0047,0.7246
52,v2,v6,20.0,120.0,20.0,0.6,0.6,0.4,-17.0839,True,all_dynamic_snr,11.0179,0.2914
52,v3,v4,20.0,70.06,20.0,0.6,0.3503,0.4,-13.3449,True,all_dynamic_snr,13.6108,0.457
52,v3,v12,20.0,80.06,10.0,0.6,0.4003,0.2,-12.8626,True,all_dynamic_snr,13.957,0.4164
52,v3,v11,20.0,110.0,0.0,0.6,0.55,0.0,-12.6623,True,all_dynamic_snr,14.0797,0.4607
52,v3,v8,20.0,120.04,20.0,0.6,0.6002,0.4,-17.086,True,all_dynamic_snr,11.0444,0.2688
52,v3,v7,20.0,160.0,20.0,0.6,0.8,0.4,-19.0829,True,all_dynamic_snr,9.6386,0.234
52,v4,v12,40.0,10.0,30.0,1.0,0.05,0.6,19.1835,False,all_dynamic_snr,22.468,0.9053
52,v4,v11,40.0,40.11,20.0,1.0,0.2006,0.4,10.5306,False,all_dynamic_snr,22.2595,0.8924
52,v4,v8,40.0,50.0,0.0,1.0,0.25,0.0,12.8165,False,all_dynamic_snr,22.3573,0.8973
52,v4,v3,40.0,70.06,20.0,1.0,0.3503,0.4,6.6551,False,all_dynamic_snr,21.9545,0.8875
52,v4,v7,40.0,90.05,40.0,1.0,0.4502,0.8,3.1365,True,all_dynamic_snr,21.4033,0.873
53,v1,v2,40.0,20.22,30.0,1.0,0.1011,0.6,14.2897,False,all_dynamic_snr,22.3938,0.8998
53,v1,v6,40.0,120.04,40.0,1.0,0.6002,0.8,1.1392,True,all_dynamic_snr,20.91,0.8496
53,v2,v1,20.0,20.22,30.0,0.6,0.1011,0.6,-5.7103,True,all_dynamic_snr,18.1866,0.71
53,v2,v6,20.0,100.0,10.0,0.6,0.5,0.2,-14.4082,True,all_dynamic_snr,12.8774,0.3672
53,v3,v4,20.0,50.09,10.0,0.6,0.2504,0.2,-9.6042,False,all_dynamic_snr,16.0112,0.6152
53,v3,v12,20.0,90.05,20.0,0.6,0.4502,0.4,-15.0887,True,all_dynamic_snr,12.4137,0.3357
53,v3,v8,20.0,100.04,10.0,0.6,0.5002,0.2,-14.4114,True,all_dynamic_snr,12.8841,0.3621
53,v3,v11,20.0,110.0,20.0,0.6,0.55,0.4,-16.4793,True,all_dynamic_snr,11.4472,0.3088
53,v3,v7,20.0,180.0,20.0,0.6,0.9,0.4,-19.9013,True,all_dynamic_snr,9.0633,0.201
53,v4,v12,40.0,40.0,30.0,1.0,0.2,0.6,9.5506,False,all_dynamic_snr,22.1989,0.8943
53,v4,v8,40.0,50.0,0.0,1.0,0.25,0.0,12.8165,False,all_dynamic_snr,22.3549,0.9047
53,v4,v3,40.0,50.09,10.0,1.0,0.2504,0.2,10.3958,False,all_dynamic_snr,22.2546,0.8953
53,v4,v11,40.0,60.07,10.0,1.0,0.3004,0.2,9.1327,False,all_dynamic_snr,22.1786,0.8902
53,v4,v7,40.0,130.03,10.0,1.0,0.6502,0.2,3.7668,False,all_dynamic_snr,21.5258,0.8643
54,v1,v2,40.0,10.44,40.0,1.0,0.0522,0.8,18.1088,True,all_dynamic_snr,22.4535,0.8973
54,v1,v6,40.0,80.06,30.0,1.0,0.4003,0.6,4.7292,False,all_dynamic_snr,21.6856,0.8875
54,v2,v1,20.0,10.44,40.0,0.6,0.0522,0.8,-1.8912,True,all_dynamic_snr,19.9304,0.8213
54,v2,v6,20.0,90.0,10.0,0.6,0.45,0.2,-13.6761,True,all_dynamic_snr,13.4067,0.4217
54,v3,v4,20.0,40.11,20.0,0.6,0.2006,0.4,-9.4694,True,all_dynamic_snr,16.078,0.5959
54,v3,v11,20.0,90.0,10.0,0.6,0.45,0.2,-13.6761,True,all_dynamic_snr,13.3742,0.3832
54,v3,v8,20.0,90.05,20.0,0.6,0.4502,0.4,-15.0887,True,all_dynamic_snr,12.4101,0.3359
54,v3,v12,20.0,110.04,20.0,0.6,0.5502,0.4,-16.4818,True,all_dynamic_snr,11.449,0.3053
54,v3,v7,20.0,160.0,10.0,0.6,0.8,0.2,-17.6742,True,all_dynamic_snr,10.6125,0.2561
54,v4,v3,40.0,40.11,20.0,1.0,0.2006,0.4,10.5306,False,all_dynamic_snr,22.2596,0.9051
54,v4,v8,40.0,50.0,0.0,1.0,0.25,0.0,12.8165,False,all_dynamic_snr,22.3598,0.8955
54,v4,v11,40.0,50.09,30.0,1.0,0.2504,0.6,7.9875,False,all_dynamic_snr,22.0835,0.8908
54,v4,v12,40.0,70.0,0.0,1.0,0.35,0.0,10.4784,False,all_dynamic_snr,22.253,0.8834
54,v4,v7,40.0,120.04,10.0,1.0,0.6002,0.2,4.3227,False,all_dynamic_snr,21.6419,0.8797
55,v1,v2,40.0,30.15,10.0,1.0,0.1507,0.2,13.9232,False,all_dynamic_snr,22.3872,0.8969
55,v1,v6,40.0,110.04,20.0,1.0,0.5502,0.4,3.5182,False,all_dynamic_snr,21.485,0.8801
55,v2,v1,20.0,30.15,10.0,0.6,0.1507,0.2,-6.0768,False,all_dynamic_snr,18.0173,0.7123
55,v2,v6,20.0,80.0,10.0,0.6,0.4,0.2,-12.8577,True,all_dynamic_snr,13.9327,0.4539
55,v3,v4,20.0,20.22,10.0,0.6,0.1011,0.2,-3.302,False,all_dynamic_snr,19.3366,0.8002
55,v3,v8,20.0,70.06,20.0,0.6,0.3503,0.4,-13.3449,True,all_dynamic_snr,13.6258,0.4232
55,v3,v12,20.0,90.05,0.0,0.6,0.4502,0.0,-11.2717,True,all_dynamic_snr,14.9624,0.5172
55,v3,v11,20.0,100.0,20.0,0.6,0.5,0.4,-15.817,True,all_dynamic_snr,11.8976,0.3119
55,v3,v7,20.0,150.0,10.0,0.6,0.75,0.2,-17.2257,True,all_dynamic_snr,10.9276,0.2604
55,v4,v3,40.0,20.22,10.0,1.0,0.1011,0.2,16.698,False,all_dynamic_snr,22.4379,0.8973
55,v4,v8,40.0,50.0,10.0,1.0,0.25,0.2,10.4082,False,all_dynamic_snr,22.2573,0.8914
55,v4,v12,40.0,70.0,10.0,1.0,0.35,0.2,8.0702,False,all_dynamic_snr,22.0966,0.8959
55,v4,v11,40.0,80.06,30.0,1.0,0.4003,0.6,4.7292,False,all_dynamic_snr,21.7018,0.8758
55,v4,v7,40.0,130.03,0.0,1.0,0.6502,0.0,6.1751,False,all_dynamic_snr,21.8889,0.8844
56,v1,v2,40.0,20.22,30.0,1.0,0.1011,0.6,14.2897,False,all_dynamic_snr,22.3972,0.9027
56,v1,v6,40.0,90.05,10.0,1.0,0.4502,0.2,6.32,False,all_dynamic_snr,21.9172,0.8947
56,v2,v1,20.0,20.22,30.0,0.6,0.1011,0.6,-5.7103,True,all_dynamic_snr,18.1773,0.7135
56,v2,v6,20.0,70.0,40.0,0.6,0.35,0.8,-15.1133,True,all_dynamic_snr,12.3703,0.3297
56,v3,v4,20.0,10.44,30.0,0.6,0.0522,0.6,-1.1159,True,all_dynamic_snr,20.2092,0.8402
56,v3,v8,20.0,50.09,20.0,0.6,0.2504,0.4,-11.013,True,all_dynamic_snr,15.1369,0.54
56,v3,v12,20.0,90.05,30.0,0.6,0.4502,0.6,-16.0882,True,all_dynamic_snr,11.7175,0.3025
56,v3,v11,20.0,120.0,10.0,0.6,0.6,0.2,-15.6751,True,all_dynamic_snr,11.9832,0.3211
56,v3,v7,20.0,140.0,20.0,0.6,0.7,0.4,-18.155,True,all_dynamic_snr,10.2933,0.241
56,v4,v3,40.0,10.44,30.0,1.0,0.0522,0.6,18.8841,False,all_dynamic_snr,22.4596,0.8979
56,v4,v8,40.0,40.0,10.0,1.0,0.2,0.2,11.9588,False,all_dynamic_snr,22.3294,0.8955
56,v4,v12,40.0,80.0,0.0,1.0,0.4,0.0,9.5506,False,all_dynamic_snr,22.2057,0.8914
56,v4,v11,40.0,110.04,20.0,1.0,0.5502,0.4,3.5182,False,all_dynamic_snr,21.4783,0.8684
56,v4,v7,40.0,130.03,10.0,1.0,0.6502,0.2,3.7668,False,all_dynamic_snr,21.5184,0.8682
57,v1,v2,40.0,50.09,10.0,1.0,0.2504,0.2,10.3958,False,all_dynamic_snr,22.2484,0.8934
57,v1,v6,40.0,80.06,20.0,1.0,0.4003,0.4,5.7287,False,all_dynamic_snr,21.8351,0.8824
57,v2,v6,20.0,30.0,10.0,0.6,0.15,0.2,-6.0422,False,all_dynamic_snr,18.022,0.7344
57,v2,v1,20.0,50.09,10.0,0.6,0.2504,0.2,-9.6042,False,all_dynamic_snr,16.0,0.5775
57,v2,v5,20.0,190.02,20.0,0.6,0.9501,0.4,-20.2779,True,all_dynamic_snr,8.7764,0.1721
57,v3,v4,20.0,20.22,40.0,0.6,0.1011,0.8,-6.4855,True,all_dynamic_snr,17.7969,0.7053
57,v3,v8,20.0,30.15,30.0,0.6,0.1507,0.6,-8.485,True,all_dynamic_snr,16.662,0.6395
57,v3,v12,20.0,60.07,30.0,0.6,0.3004,0.6,-13.2756,True,all_dynamic_snr,13.6827,0.4184
57,v3,v11,20.0,110.0,40.0,0.6,0.55,0.8,-18.254,True,all_dynamic_snr,10.2432,0.2348
57,v3,v7,20.0,120.0,40.0,0.6,0.6,0.8,-18.8587,True,all_dynamic_snr,9.7493,0.2441
57,v4,v3,40.0,20.22,40.0,1.0,0.1011,0.8,13.5145,True,all_dynamic_snr,22.3738,0.9066
57,v4,v8,40.0,50.0,10.0,1.0,0.25,0.2,10.4082,False,all_dynamic_snr,22.2587,0.8898
57,v4,v12,40.0,80.0,10.0,1.0,0.4,0.2,7.1423,False,all_dynamic_snr,21.9971,0.8895
57,v4,v11,40.0,130.03,0.0,1.0,0.6502,0.0,6.1751,False,all_dynamic_snr,21.8991,0.8811
57,v4,v7,40.0,140.03,0.0,1.0,0.7002,0.0,5.6604,False,all_dynamic_snr,21.8215,0.8854
58,v1,v2,40.0,40.11,10.0,1.0,0.2006,0.2,11.9393,False,all_dynamic_snr,22.3222,0.8945
58,v1,v6,40.0,60.07,10.0,1.0,0.3004,0.2,9.1327,False,all_dynamic_snr,22.182,0.892
58,v2,v6,20.0,20.0,0.0,0.6,0.1,0.0,-0.8165,False,all_dynamic_snr,20.3165,0.827
58,v2,v1,20.0,40.11,10.0,0.6,0.2006,0.2,-8.0607,False,all_dynamic_snr,16.9138,0.6471
58,v2,v5,20.0,170.03,30.0,0.6,0.8501,0.6,-20.5047,True,all_dynamic_snr,8.6107,0.1676
58,v3,v4,20.0,20.22,20.0,0.6,0.1011,0.4,-4.7108,True,all_dynamic_snr,18.6784,0.7637
58,v3,v8,20.0,60.07,0.0,0.6,0.3004,0.0,-8.4591,True,all_dynamic_snr,16.6547,0.6211
58,v3,v12,20.0,90.05,10.0,0.6,0.4502,0.2,-13.68,True,all_dynamic_snr,13.3516,0.4023
58,v3,v11,20.0,150.0,20.0,0.6,0.75,0.4,-18.6344,True,all_dynamic_snr,9.9384,0.2195
58,v3,v7,20.0,160.0,30.0,0.6,0.8,0.6,-20.0824,True,all_dynamic_snr,8.9381,0.1967
58,v4,v3,40.0,20.22,20.0,1.0,0.1011,0.4,15.2892,False,all_dynamic_snr,22.4161,0.9014
58,v4,v8,40.0,40.0,20.0,1.0,0.2,0.4,10.5501,False,all_dynamic_snr,22.2616,0.9014
58,v4,v12,40.0,70.0,10.0,1.0,0.35,0.2,8.0702,False,all_dynamic_snr,22.093,0.8938
58,v4,v11,40.0,130.03,0.0,1.0,0.6502,0.0,6.1751,False,all_dynamic_snr,21.8963,0.8846
58,v4,v7,40.0,140.03,10.0,1.0,0.7002,0.2,3.2521,False,all_dynamic_snr,21.426,0.8789
59,v1,v2,40.0,30.15,20.0,1.0,0.1507,0.4,12.5145,False,all_dynamic_snr,22.3436,0.8943
59,v1,v6,40.0,50.09,10.0,1.0,0.2504,0.2,10.3958,False,all_dynamic_snr,22.2488,0.8953
59,v2,v6,20.0,20.0,10.0,0.6,0.1,0.2,-3.2247,False,all_dynamic_snr,19.3797,0.7717
59,v2,v1,20.0,30.15,20.0,0.6,0.1507,0.4,-7.4855,True,all_dynamic_snr,17.243,0.6756
59,v3,v4,20.0,3.0,10.0,0.6,0.015,0.2,9.9578,False,all_dynamic_snr,22.2316,0.9008
59,v3,v8,20.0,60.07,0.0,0.6,0.3004,0.0,-8.4591,True,all_dynamic_snr,16.6845,0.6516
59,v3,v12,20.0,80.06,30.0,0.6,0.4003,0.6,-15.2708,True,all_dynamic_snr,12.2603,0.3102
59,v3,v7,20.0,130.0,0.0,0.6,0.65,0.0,-13.8231,True,all_dynamic_snr,13.2684,0.3957
59,v3,v11,20.0,130.0,20.0,0.6,0.65,0.4,-17.6401,True,all_dynamic_snr,10.6476,0.2412
59,v4,v3,40.0,3.0,10.0,1.0,0.015,0.2,29.9578,False,all_dynamic_snr,22.494,0.9004
59,v4,v8,40.0,60.0,10.0,1.0,0.3,0.2,9.1413,False,all_dynamic_snr,22.1788,0.8998
59,v4,v12,40.0,80.0,20.0,1.0,0.4,0.4,5.7336,False,all_dynamic_snr,21.8423,0.8977
59,v4,v7,40.0,130.03,10.0,1.0,0.6502,0.2,3.7668,False,all_dynamic_snr,21.5351,0.876
59,v4,v11,40.0,130.03,10.0,1.0,0.6502,0.2,3.7668,False,all_dynamic_snr,21.5271,0.8686
60,v1,v2,40.0,10.44,0.0,1.0,0.0522,0.0,23.7006,False,all_dynamic_snr,22.4856,0.9033
60,v1,v6,40.0,40.11,20.0,1.0,0.2006,0.4,10.5306,False,all_dynamic_snr,22.258,0.9008
60,v2,v1,20.0,10.44,0.0,0.6,0.0522,0.0,3.7006,False,all_dynamic_snr,21.513,0.8834
60,v2,v6,20.0,30.0,20.0,0.6,0.15,0.4,-7.4509,True,all_dynamic_snr,17.2597,0.6939
60,v3,v4,20.0,10.44,20.0,0.6,0.0522,0.4,-0.1164,True,all_dynamic_snr,20.5609,0.832
60,v3,v8,20.0,60.07,30.0,0.6,0.3004,0.6,-13.2756,True,all_dynamic_snr,13.6591,0.4188
60,v3,v12,20.0,110.04,10.0,0.6,0.5502,0.2,-15.0731,True,all_dynamic_snr,12.4403,0.3182
60,v3,v7,20.0,130.0,30.0,0.6,0.65,0.6,-18.6396,True,all_dynamic_snr,9.9031,0.2346
60,v3,v11,20.0,150.0,20.0,0.6,0.75,0.4,-18.6344,True,all_dynamic_snr,9.9406,0.2227
60,v4,v3,40.0,10.44,20.0,1.0,0.0522,0.4,19.8836,False,all_dynamic_snr,22.4683,0.8969
60,v4,v8,40.0,50.0,10.0,1.0,0.25,0.2,10.4082,False,all_dynamic_snr,22.2506,0.8992
60,v4,v12,40.0,100.0,30.0,1.0,0.5,0.6,3.1835,True,all_dynamic_snr,21.4235,0.8705
60,v4,v7,40.0,120.04,10.0,1.0,0.6002,0.2,4.3227,False,all_dynamic_snr,21.6298,0.8672
60,v4,v11,40.0,140.03,0.0,1.0,0.7002,0.0,5.6604,False,all_dynamic_snr,21.8373,0.8871
61,v1,v2,40.0,10.44,0.0,1.0,0.0522,0.0,23.7006,False,all_dynamic_snr,22.4848,0.8963
61,v1,v6,40.0,60.07,0.0,1.0,0.3004,0.0,11.5409,False,all_dynamic_snr,22.3027,0.8984
61,v2,v1,20.0,10.44,0.0,0.6,0.0522,0.0,3.7006,False,all_dynamic_snr,21.5239,0.8688
61,v2,v6,20.0,50.0,0.0,0.6,0.25,0.0,-7.1835,False,all_dynamic_snr,17.3797,0.6803
61,v3,v4,20.0,10.44,10.0,0.6,0.0522,0.2,1.2923,False,all_dynamic_snr,20.978,0.8738
61,v3,v8,20.0,30.15,10.0,0.6,0.1507,0.2,-6.0768,False,all_dynamic_snr,17.9845,0.7297
61,v3,v7,20.0,100.0,0.0,0.6,0.5,0.0,-12.0,True,all_dynamic_snr,14.5267,0.493
61,v3,v12,20.0,120.04,40.0,0.6,0.6002,0.8,-18.8608,True,all_dynamic_snr,9.7723,0.2215
61,v3,v11,20.0,130.0,0.0,0.6,0.65,0.0,-13.8231,True,all_dynamic_snr,13.2825,0.3957
61,v4,v3,40.0,10.44,10.0,1.0,0.0522,0.2,21.2923,False,all_dynamic_snr,22.4754,0.8969
61,v4,v8,40.0,40.0,0.0,1.0,0.2,0.0,14.367,False,all_dynamic_snr,22.3989,0.8994
61,v4,v7,40.0,110.04,10.0,1.0,0.5502,0.2,4.9269,False,all_dynamic_snr,21.7296,0.8875
61,v4,v12,40.0,130.0,30.0,1.0,0.65,0.6,1.3604,True,all_dynamic_snr,20.9817,0.851
61,v4,v11,40.0,140.03,10.0,1.0,0.7002,0.2,3.2521,False,all_dynamic_snr,21.429,0.8646
62,v1,v2,40.0,10.44,30.0,1.0,0.0522,0.6,18.8841,False,all_dynamic_snr,22.459,0.9008
62,v1,v6,40.0,60.07,0.0,1.0,0.3004,0.0,11.5409,False,all_dynamic_snr,22.3061,0.8883
62,v2,v1,20.0,10.44,30.0,0.6,0.0522,0.6,-1.1159,True,all_dynamic_snr,20.2079,0.8275
62,v2,v6,20.0,50.0,30.0,0.6,0.25,0.6,-12.0,True,all_dynamic_snr,14.4899,0.4947
62,v3,v4,20.0,3.0,10.0,0.6,0.015,0.2,9.9578,False,all_dynamic_snr,22.2322,0.8875
62,v3,v8,20.0,40.11,10.0,0.6,0.2006,0.2,-8.0607,False,all_dynamic_snr,16.9027,0.6574
62,v3,v7,20.0,100.0,10.0,0.6,0.5,0.2,-14.4082,True,all_dynamic_snr,12.9028,0.36
62,v3,v11,20.0,130.0,10.0,0.6,0.65,0.2,-16.2313,True,all_dynamic_snr,11.6214,0.2893
62,v3,v12,20.0,160.03,20.0,0.6,0.8001,0.4,-19.0841,True,all_dynamic_snr,9.6401,0.226
62,v4,v3,40.0,3.0,10.0,1.0,0.015,0.2,29.9578,False,all_dynamic_snr,22.494,0.8988
62,v4,v8,40.0,40.0,20.0,1.0,0.2,0.4,10.5501,False,all_dynamic_snr,22.2616,0.8973
62,v4,v7,40.0,100.04,0.0,1.0,0.5002,0.0,7.9969,False,all_dynamic_snr,22.0818,0.8881
62,v4,v11,40.0,130.03,0.0,1.0,0.6502,0.0,6.1751,False,all_dynamic_snr,21.9046,0.89
62,v4,v12,40.0,160.0,10.0,1.0,0.8,0.2,2.3258,True,all_dynamic_snr,21.2245,0.8678
63,v1,v2,40.0,20.22,40.0,1.0,0.1011,0.8,13.5145,True,all_dynamic_snr,22.3815,0.9053
63,v1,v6,40.0,60.07,30.0,1.0,0.3004,0.6,6.7244,False,all_dynamic_snr,21.9502,0.8879
63,v2,v1,20.0,20.22,40.0,0.6,0.1011,0.8,-6.4855,True,all_dynamic_snr,17.7856,0.7086
63,v2,v6,20.0,80.0,10.0,0.6,0.4,0.2,-12.8577,True,all_dynamic_snr,13.9367,0.451
63,v3,v4,20.0,10.44,10.0,0.6,0.0522,0.2,1.2923,False,all_dynamic_snr,20.9592,0.8604
63,v3,v8,20.0,50.09,20.0,0.6,0.2504,0.4,-11.013,True,all_dynamic_snr,15.0968,0.5332
63,v3,v7,20.0,90.0,10.0,0.6,0.45,0.2,-13.6761,True,all_dynamic_snr,13.4181,0.4168
63,v3,v11,20.0,120.0,10.0,0.6,0.6,0.2,-15.6751,True,all_dynamic_snr,12.0087,0.3133
63,v3,v12,20.0,140.03,0.0,0.6,0.7002,0.0,-14.3396,True,all_dynamic_snr,12.9191,0.3689
63,v4,v3,40.0,10.44,10.0,1.0,0.0522,0.2,21.2923,False,all_dynamic_snr,22.4753,0.9033
63,v4,v8,40.0,60.0,30.0,1.0,0.3,0.6,6.7331,False,all_dynamic_snr,21.957,0.8908
63,v4,v7,40.0,100.04,0.0,1.0,0.5002,0.0,7.9969,False,all_dynamic_snr,22.0916,0.8967
63,v4,v11,40.0,130.03,20.0,1.0,0.6502,0.4,2.3581,True,all_dynamic_snr,21.2308,0.8717
63,v4,v12,40.0,150.0,10.0,1.0,0.75,0.2,2.7743,False,all_dynamic_snr,21.3298,0.8564
64,v1,v6,40.0,30.15,10.0,1.0,0.1507,0.2,13.9232,False,all_dynamic_snr,22.3823,0.893
64,v1,v2,40.0,60.07,20.0,1.0,0.3004,0.4,7.7239,False,all_dynamic_snr,22.069,0.8914
64,v2,v1,20.0,60.07,20.0,0.6,0.3004,0.4,-12.2761,True,all_dynamic_snr,14.3337,0.4863
64,v2,v6,20.0,90.0,10.0,0.6,0.45,0.2,-13.6761,True,all_dynamic_snr,13.4082,0.4012
64,v3,v4,20.0,20.22,10.0,0.6,0.1011,0.2,-3.302,False,all_dynamic_snr,19.3461,0.7852
64,v3,v8,20.0,70.06,10.0,0.6,0.3503,0.2,-11.9362,True,all_dynamic_snr,14.5227,0.4889
64,v3,v7,20.0,80.0,0.0,0.6,0.4,0.0,-10.4494,True,all_dynamic_snr,15.4951,0.5398
64,v3,v11,20.0,130.0,20.0,0.6,0.65,0.4,-17.6401,True,all_dynamic_snr,10.6255,0.273
64,v3,v12,20.0,140.03,10.0,0.6,0.7002,0.2,-16.7479,True,all_dynamic_snr,11.2771,0.2732
64,v4,v3,40.0,20.22,10.0,1.0,0.1011,0.2,16.698,False,all_dynamic_snr,22.4375,0.8998
64,v4,v8,40.0,90.0,20.0,1.0,0.45,0.4,4.9151,False,all_dynamic_snr,21.7243,0.8883
64,v4,v7,40.0,100.04,10.0,1.0,0.5002,0.2,5.5886,False,all_dynamic_snr,21.8306,0.8865
64,v4,v11,40.0,150.03,30.0,1.0,0.7501,0.6,0.3647,True,all_dynamic_snr,20.7132,0.8357
64,v4,v12,40.0,160.0,20.0,1.0,0.8,0.4,0.9171,True,all_dynamic_snr,20.8553,0.8482
65,v1,v6,40.0,20.22,10.0,1.0,0.1011,0.2,16.698,False,all_dynamic_snr,22.4389,0.8994
65,v1,v2,40.0,80.06,20.0,1.0,0.4003,0.4,5.7287,False,all_dynamic_snr,21.8385,0.883
65,v2,v1,20.0,80.06,20.0,0.6,0.4003,0.4,-14.2713,True,all_dynamic_snr,12.9849,0.3881
65,v2,v6,20.0,100.0,30.0,0.6,0.5,0.6,-16.8165,True,all_dynamic_snr,11.1874,0.2559
65,v3,v4,20.0,30.15,40.0,0.6,0.1507,0.8,-9.2603,True,all_dynamic_snr,16.1929,0.5959
65,v3,v7,20.0,80.0,20.0,0.6,0.4,0.4,-14.2664,True,all_dynamic_snr,12.9879,0.3822
65,v3,v8,20.0,80.06,30.0,0.6,0.4003,0.6,-15.2708,True,all_dynamic_snr,12.3107,0.3348
65,v3,v11,20.0,150.0,30.0,0.6,0.75,0.6,-19.6339,True,all_dynamic_snr,9.254,0.2182
65,v3,v12,20.0,150.03,30.0,0.6,0.7501,0.6,-19.6353,True,all_dynamic_snr,9.2666,0.2168
65,v4,v3,40.0,30.15,40.0,1.0,0.1507,0.8,10.7397,True,all_dynamic_snr,22.2691,0.8949
65,v4,v8,40.0,110.0,10.0,1.0,0.55,0.2,4.9295,False,all_dynamic_snr,21.7135,0.8844
65,v4,v7,40.0,110.04,20.0,1.0,0.5502,0.4,3.5182,False,all_dynamic_snr,21.4881,0.8725
65,v4,v12,40.0,180.0,10.0,1.0,0.9,0.2,1.5074,True,all_dynamic_snr,21.0256,0.8529
65,v4,v11,40.0,180.02,10.0,1.0,0.9001,0.2,1.5064,True,all_dynamic_snr,21.0089,0.8463
66,v1,v6,40.0,10.44,20.0,1.0,0.0522,0.4,19.8836,False,all_dynamic_snr,22.4674,0.8949
66,v1,v2,40.0,60.07,20.0,1.0,0.3004,0.4,7.7239,False,all_dynamic_snr,22.0678,0.8826
66,v2,v1,20.0,60.07,20.0,0.6,0.3004,0.4,-12.2761,True,all_dynamic_snr,14.2983,0.4689
66,v2,v6,20.0,70.0,0.0,0.6,0.35,0.0,-9.5216,True,all_dynamic_snr,16.0484,0.5934
66,v3,v4,20.0,10.44,10.0,0.6,0.0522,0.2,1.2923,False,all_dynamic_snr,20.9663,0.8609
66,v3,v7,20.0,100.0,20.0,0.6,0.5,0.4,-15.817,True,all_dynamic_snr,11.9356,0.2916
66,v3,v8,20.0,110.04,0.0,0.6,0.5502,0.0,-12.6649,True,all_dynamic_snr,14.0701,0.4424
66,v3,v11,20.0,180.0,30.0,0.6,0.9,0.6,-20.9008,True,all_dynamic_snr,8.403,0.1795
66,v3,v12,20.0,180.02,10.0,0.6,0.9001,0.2,-18.4936,True,all_dynamic_snr,10.0137,0.2355
66,v4,v3,40.0,10.44,10.0,1.0,0.0522,0.2,21.2923,False,all_dynamic_snr,22.4768,0.9008
66,v4,v7,40.0,90.05,30.0,1.0,0.4502,0.6,3.9118,True,all_dynamic_snr,21.5627,0.8762
66,v4,v8,40.0,100.0,10.0,1.0,0.5,0.2,5.5918,False,all_dynamic_snr,21.8052,0.8846
66,v4,v12,40.0,170.0,20.0,1.0,0.85,0.4,0.4958,True,all_dynamic_snr,20.7508,0.8578
66,v4,v11,40.0,170.03,40.0,1.0,0.8501,0.8,-1.28,True,all_dynamic_snr,20.1581,0.8219
67,v1,v6,40.0,30.15,30.0,1.0,0.1507,0.6,11.515,False,all_dynamic_snr,22.3006,0.8943
67,v1,v2,40.0,40.11,30.0,1.0,0.2006,0.6,9.5311,False,all_dynamic_snr,22.2036,0.8943
67,v2,v1,20.0,40.11,30.0,0.6,0.2006,0.6,-10.4689,True,all_dynamic_snr,15.466,0.5691
67,v2,v6,20.0,70.0,0.0,0.6,0.35,0.0,-9.5216,True,all_dynamic_snr,16.036,0.5758
67,v3,v4,20.0,20.22,10.0,0.6,0.1011,0.2,-3.302,False,all_dynamic_snr,19.3573,0.7877
67,v3,v7,20.0,80.0,40.0,0.6,0.4,0.8,-16.0412,True,all_dynamic_snr,11.762,0.2826
67,v3,v8,20.0,110.04,20.0,0.6,0.5502,0.4,-16.4818,True,all_dynamic_snr,11.4554,0.292
67,v3,v11,20.0,150.0,0.0,0.6,0.75,0.0,-14.8175,True,all_dynamic_snr,12.6314,0.374
67,v3,v12,20.0,170.03,20.0,0.6,0.8501,0.4,-19.5052,True,all_dynamic_snr,9.3603,0.2207
67,v4,v3,40.0,20.22,10.0,1.0,0.1011,0.2,16.698,False,all_dynamic_snr,22.4407,0.8994
67,v4,v7,40.0,60.07,30.0,1.0,0.3004,0.6,6.7244,False,all_dynamic_snr,21.9602,0.882
67,v4,v8,40.0,90.0,10.0,1.0,0.45,0.2,6.3239,False,all_dynamic_snr,21.9243,0.8779
67,v4,v11,40.0,130.03,10.0,1.0,0.6502,0.2,3.7668,False,all_dynamic_snr,21.5291,0.8734
67,v4,v12,40.0,150.0,10.0,1.0,0.75,0.2,2.7743,False,all_dynamic_snr,21.3255,0.8729
68,v1,v6,40.0,3.0,40.0,1.0,0.015,0.8,26.7743,True,all_dynamic_snr,22.4907,0.8984
68,v1,v2,40.0,70.06,10.0,1.0,0.3503,0.2,8.0638,False,all_dynamic_snr,22.0895,0.8939
68,v1,v13,40.0,180.0,30.0,1.0,0.9,0.6,-0.9008,True,all_dynamic_snr,20.3002,0.8242
68,v2,v6,20.0,70.0,30.0,0.6,0.35,0.6,-14.338,True,all_dynamic_snr,12.9277,0.3711
68,v2,v1,20.0,70.06,10.0,0.6,0.3503,0.2,-11.9362,True,all_dynamic_snr,14.5491,0.4844
68,v3,v4,20.0,10.44,30.0,0.6,0.0522,0.6,-1.1159,True,all_dynamic_snr,20.1962,0.8395
68,v3,v7,20.0,40.0,10.0,0.6,0.2,0.2,-8.0412,False,all_dynamic_snr,16.9326,0.6863
68,v3,v8,20.0,90.05,10.0,0.6,0.4502,0.2,-13.68,True,all_dynamic_snr,13.4216,0.4178
68,v3,v11,20.0,150.0,0.0,0.6,0.75,0.0,-14.8175,True,all_dynamic_snr,12.5852,0.3453
68,v3,v12,20.0,150.03,10.0,0.6,0.7501,0.2,-17.2271,True,all_dynamic_snr,10.9252,0.26
68,v4,v3,40.0,10.44,30.0,1.0,0.0522,0.6,18.8841,False,all_dynamic_snr,22.4621,0.8994
68,v4,v7,40.0,30.15,20.0,1.0,0.1507,0.4,12.5145,False,all_dynamic_snr,22.3449,0.8949
68,v4,v8,40.0,80.0,40.0,1.0,0.4,0.8,3.9588,True,all_dynamic_snr,21.5727,0.8865
68,v4,v12,40.0,140.0,20.0,1.0,0.7,0.4,1.845,True,all_dynamic_snr,21.1225,0.8652
68,v4,v11,40.0,140.03,30.0,1.0,0.7002,0.6,0.8439,True,all_dynamic_snr,20.8372,0.8467
69,v1,v6,40.0,40.11,30.0,1.0,0.2006,0.6,9.5311,False,all_dynamic_snr,22.2009,0.8967
69,v1,v2,40.0,80.06,10.0,1.0,0.4003,0.2,7.1374,False,all_dynamic_snr,22.0069,0.8895
69,v1,v13,40.0,150.0,0.0,1.0,0.75,0.0,5.1825,False,all_dynamic_snr,21.754,0.8797
69,v2,v6,20.0,40.0,20.0,0.6,0.2,0.4,-9.4499,True,all_dynamic_snr,16.0897,0.5973
69,v2,v1,20.0,80.06,10.0,0.6,0.4003,0.2,-12.8626,True,all_dynamic_snr,13.9221,0.4309
69,v3,v4,20.0,40.11,30.0,0.6,0.2006,0.6,-10.4689,True,all_dynamic_snr,15.4743,0.5656
69,v3,v7,20.0,50.0,20.0,0.6,0.25,0.4,-11.0005,True,all_dynamic_snr,15.1604,0.5586
69,v3,v8,20.0,80.06,0.0,0.6,0.4003,0.0,-10.4543,True,all_dynamic_snr,15.4348,0.5607
69,v3,v11,20.0,150.0,30.0,0.6,0.75,0.6,-19.6339,True,all_dynamic_snr,9.2838,0.2102
69,v3,v12,20.0,160.03,10.0,0.6,0.8001,0.2,-17.6754,True,all_dynamic_snr,10.6411,0.2443
69,v4,v7,40.0,10.44,10.0,1.0,0.0522,0.2,21.2923,False,all_dynamic_snr,22.4752,0.8975
69,v4,v8,40.0,40.0,30.0,1.0,0.2,0.6,9.5506,False,all_dynamic_snr,22.1985,0.8875
69,v4,v3,40.0,40.11,30.0,1.0,0.2006,0.6,9.5311,False,all_dynamic_snr,22.2032,0.8953
69,v4,v11,40.0,110.04,0.0,1.0,0.5502,0.0,7.3351,False,all_dynamic_snr,22.0348,0.891
69,v4,v12,40.0,120.0,20.0,1.0,0.6,0.4,2.9161,False,all_dynamic_snr,21.3582,0.8594
70,v1,v6,40.0,70.06,10.0,1.0,0.3503,0.2,8.0638,False,all_dynamic_snr,22.0956,0.8932
70,v1,v2,40.0,90.05,0.0,1.0,0.4502,0.0,8.7283,False,all_dynamic_snr,22.1463,0.8973
70,v1,v13,40.0,150.0,30.0,1.0,0.75,0.6,0.3661,True,all_dynamic_snr,20.7122,0.8539
70,v1,v5,40.0,180.0,30.0,1.0,0.9,0.6,-0.9008,True,all_dynamic_snr,20.2782,0.8383
70,v2,v6,20.0,20.0,10.0,0.6,0.1,0.2,-3.2247,False,all_dynamic_snr,19.3666,0.7799
70,v2,v1,20.0,90.05,0.0,0.6,0.4502,0.0,-11.2717,True,all_dynamic_snr,14.9627,0.5248
70,v3,v7,20.0,70.0,30.0,0.6,0.35,0.6,-14.338,True,all_dynamic_snr,12.9123,0.3746
70,v3,v4,20.0,70.06,10.0,0.6,0.3503,0.2,-11.9362,True,all_dynamic_snr,14.5436,0.4984
70,v3,v8,20.0,80.06,10.0,0.6,0.4003,0.2,-12.8626,True,all_dynamic_snr,13.9598,0.4508
70,v3,v12,20.0,170.03,0.0,0.6,0.8501,0.0,-15.6883,True,all_dynamic_snr,12.0053,0.3
70,v3,v11,20.0,180.0,10.0,0.6,0.9,0.2,-18.4926,True,all_dynamic_snr,10.0363,0.2445
70,v4,v7,40.0,3.0,20.0,1.0,0.015,0.4,28.5491,False,all_dynamic_snr,22.4939,0.8979
70,v4,v8,40.0,10.0,0.0,1.0,0.05,0.0,24.0,False,all_dynamic_snr,22.4851,0.8988
70,v4,v3,40.0,70.06,10.0,1.0,0.3503,0.2,8.0638,False,all_dynamic_snr,22.085,0.9035
70,v4,v12,40.0,100.0,10.0,1.0,0.5,0.2,5.5918,False,all_dynamic_snr,21.8217,0.8877
70,v4,v11,40.0,110.04,0.0,1.0,0.5502,0.0,7.3351,False,all_dynamic_snr,22.0256,0.8844
71,v1,v6,40.0,60.07,30.0,1.0,0.3004,0.6,6.7244,False,all_dynamic_snr,21.9613,0.8914
71,v1,v2,40.0,90.05,0.0,1.0,0.4502,0.0,8.7283,False,all_dynamic_snr,22.1523,0.8883
71,v1,v13,40.0,180.0,30.0,1.0,0.9,0.6,-0.9008,True,all_dynamic_snr,20.28,0.8264
71,v2,v6,20.0,30.0,30.0,0.6,0.15,0.6,-8.4504,True,all_dynamic_snr,16.6747,0.6338
71,v2,v1,20.0,90.05,0.0,0.6,0.4502,0.0,-11.2717,True,all_dynamic_snr,14.9473,0.5223
71,v3,v7,20.0,40.0,30.0,0.6,0.2,0.6,-10.4494,True,all_dynamic_snr,15.484,0.5357
71,v3,v4,20.0,60.07,30.0,0.6,0.3004,0.6,-13.2756,True,all_dynamic_snr,13.6455,0.4457
71,v3,v8,20.0,70.06,0.0,0.6,0.3503,0.0,-9.5279,True,all_dynamic_snr,16.0485,0.5879
71,v3,v11,20.0,170.0,20.0,0.6,0.85,0.4,-19.5042,True,all_dynamic_snr,9.3385,0.208
71,v3,v12,20.0,170.03,30.0,0.6,0.8501,0.6,-20.5047,True,all_dynamic_snr,8.6477,0.1807
71,v4,v8,40.0,10.0,30.0,1.0,0.05,0.6,19.1835,False,all_dynamic_snr,22.463,0.8955
71,v4,v7,40.0,20.22,0.0,1.0,0.1011,0.0,19.1062,False,all_dynamic_snr,22.4633,0.8979
71,v4,v3,40.0,60.07,30.0,1.0,0.3004,0.6,6.7244,False,all_dynamic_snr,21.9595,0.8885
71,v4,v12,40.0,110.0,0.0,1.0,0.55,0.0,7.3377,False,all_dynamic_snr,22.03,0.8904
71,v4,v11,40.0,110.04,10.0,1.0,0.5502,0.2,4.9269,False,all_dynamic_snr,21.7324,0.8924
72,v1,v2,40.0,90.05,0.0,1.0,0.4502,0.0,8.7283,False,all_dynamic_snr,22.1541,0.8898
72,v1,v6,40.0,90.05,10.0,1.0,0.4502,0.2,6.32,False,all_dynamic_snr,21.919,0.8869
72,v1,v13,40.0,150.0,10.0,1.0,0.75,0.2,2.7743,False,all_dynamic_snr,21.3403,0.8715
72,v2,v6,20.0,0.0,10.0,0.6,0.0,0.2,33.5918,False,all_dynamic_snr,22.4961,0.9018
72,v2,v1,20.0,90.05,0.0,0.6,0.4502,0.0,-11.2717,True,all_dynamic_snr,14.9593,0.5291
72,v3,v7,20.0,70.0,30.0,0.6,0.35,0.6,-14.338,True,all_dynamic_snr,12.9277,0.3863
72,v3,v8,20.0,70.06,10.0,0.6,0.3503,0.2,-11.9362,True,all_dynamic_snr,14.5327,0.4822
72,v3,v4,20.0,90.05,10.0,0.6,0.4502,0.2,-13.68,True,all_dynamic_snr,13.3634,0.4145
72,v3,v11,20.0,190.0,10.0,0.6,0.95,0.2,-18.8683,True,all_dynamic_snr,9.8023,0.2439
72,v4,v8,40.0,20.0,20.0,1.0,0.1,0.4,15.3666,False,all_dynamic_snr,22.4198,0.8969
72,v4,v7,40.0,20.22,40.0,1.0,0.1011,0.8,13.5145,True,all_dynamic_snr,22.3733,0.8994
72,v4,v3,40.0,90.05,10.0,1.0,0.4502,0.2,6.32,False,all_dynamic_snr,21.9109,0.8775
72,v4,v11,40.0,100.04,20.0,1.0,0.5002,0.4,4.1799,False,all_dynamic_snr,21.6118,0.8691
72,v4,v12,40.0,110.0,0.0,1.0,0.55,0.0,7.3377,False,all_dynamic_snr,22.0285,0.8871
73,v1,v2,40.0,90.05,0.0,1.0,0.4502,0.0,8.7283,False,all_dynamic_snr,22.1461,0.8963
73,v1,v6,40.0,100.04,30.0,1.0,0.5002,0.6,3.1804,True,all_dynamic_snr,21.419,0.8697
73,v1,v13,40.0,140.0,40.0,1.0,0.7,0.8,0.0702,True,all_dynamic_snr,20.6127,0.8432
73,v1,v5,40.0,200.0,0.0,1.0,1.0,0.0,3.1835,True,all_dynamic_snr,21.417,0.8766
73,v2,v6,20.0,10.0,30.0,0.6,0.05,0.6,-0.8165,True,all_dynamic_snr,20.2856,0.8432
73,v2,v1,20.0,90.05,0.0,0.6,0.4502,0.0,-11.2717,True,all_dynamic_snr,14.9727,0.5342
73,v3,v7,20.0,40.0,40.0,0.6,0.2,0.8,-11.2247,True,all_dynamic_snr,15.0206,0.5334
73,v3,v8,20.0,60.07,0.0,0.6,0.3004,0.0,-8.4591,True,all_dynamic_snr,16.656,0.6496
73,v3,v4,20.0,100.04,30.0,0.6,0.5002,0.6,-16.8196,True,all_dynamic_snr,11.2474,0.283
73,v3,v11,20.0,180.0,30.0,0.6,0.9,0.6,-20.9008,True,all_dynamic_snr,8.3921,0.1961
73,v4,v8,40.0,40.0,30.0,1.0,0.2,0.6,9.5506,False,all_dynamic_snr,22.1974,0.8994
73,v4,v7,40.0,60.07,10.0,1.0,0.3004,0.2,9.1327,False,all_dynamic_snr,22.1732,0.8855
73,v4,v11,40.0,80.06,0.0,1.0,0.4003,0.0,9.5457,False,all_dynamic_snr,22.2042,0.893
73,v4,v3,40.0,100.04,30.0,1.0,0.5002,0.6,3.1804,True,all_dynamic_snr,21.4149,0.8658
73,v4,v12,40.0,110.0,30.0,1.0,0.55,0.6,2.5212,True,all_dynamic_snr,21.2734,0.8639
74,v1,v6,40.0,70.06,10.0,1.0,0.3503,0.2,8.0638,False,all_dynamic_snr,22.0908,0.8963
74,v1,v2,40.0,90.05,20.0,1.0,0.4502,0.4,4.9113,False,all_dynamic_snr,21.7191,0.8732
74,v1,v13,40.0,180.0,40.0,1.0,0.9,0.8,-1.6761,True,all_dynamic_snr,19.9814,0.8152
74,v1,v5,40.0,200.0,0.0,1.0,1.0,0.0,3.1835,True,all_dynamic_snr,21.4149,0.8781
74,v2,v6,20.0,20.0,10.0,0.6,0.1,0.2,-3.2247,False,all_dynamic_snr,19.3766,0.8057
74,v2,v1,20.0,90.05,20.0,0.6,0.4502,0.4,-15.0887,True,all_dynamic_snr,12.4132,0.3387
74,v3,v7,20.0,0.0,20.0,0.6,0.0,0.4,32.183,True,all_dynamic_snr,22.4955,0.8979
74,v3,v8,20.0,60.07,0.0,0.6,0.3004,0.0,-8.4591,True,all_dynamic_snr,16.6757,0.6236
74,v3,v4,20.0,70.06,30.0,0.6,0.3503,0.6,-14.3444,True,all_dynamic_snr,12.9348,0.3695
74,v3,v11,20.0,150.0,20.0,0.6,0.75,0.4,-18.6344,True,all_dynamic_snr,9.9434,0.2184
74,v4,v8,40.0,10.0,30.0,1.0,0.05,0.6,19.1835,False,all_dynamic_snr,22.4623,0.8959
74,v4,v3,40.0,70.06,30.0,1.0,0.3503,0.6,5.6556,False,all_dynamic_snr,21.8313,0.8904
74,v4,v7,40.0,70.06,10.0,1.0,0.3503,0.2,8.0638,False,all_dynamic_snr,22.0894,0.892
74,v4,v11,40.0,80.06,10.0,1.0,0.4003,0.2,7.1374,False,all_dynamic_snr,22.0118,0.8879
74,v4,v12,40.0,140.0,20.0,1.0,0.7,0.4,1.845,True,all_dynamic_snr,21.1211,0.8656
75,v1,v6,40.0,80.06,10.0,1.0,0.4003,0.2,7.1374,False,all_dynamic_snr,22.009,0.8896
75,v1,v2,40.0,110.04,40.0,1.0,0.5502,0.8,1.7434,True,all_dynamic_snr,21.0767,0.8584
75,v1,v13,40.0,140.0,20.0,1.0,0.7,0.4,1.845,True,all_dynamic_snr,21.0957,0.8678
75,v1,v14,40.0,170.03,30.0,1.0,0.8501,0.6,-0.5047,True,all_dynamic_snr,20.4112,0.8393
75,v1,v5,40.0,200.0,30.0,1.0,1.0,0.6,-1.633,True,all_dynamic_snr,20.0307,0.8197
75,v2,v6,20.0,30.0,30.0,0.6,0.15,0.6,-8.4504,True,all_dynamic_snr,16.7107,0.6412
75,v2,v1,20.0,110.04,40.0,0.6,0.5502,0.8,-18.2566,True,all_dynamic_snr,10.1999,0.2291
75,v3,v7,20.0,20.0,20.0,0.6,0.1,0.4,-4.6334,True,all_dynamic_snr,18.7184,0.7469
75,v3,v8,20.0,60.07,10.0,0.6,0.3004,0.2,-10.8673,True,all_dynamic_snr,15.205,0.5473
75,v3,v4,20.0,100.04,20.0,0.6,0.5002,0.4,-15.8201,True,all_dynamic_snr,11.8966,0.315
75,v3,v11,20.0,170.0,20.0,0.6,0.85,0.4,-19.5042,True,all_dynamic_snr,9.3425,0.2287
75,v4,v8,40.0,40.0,10.0,1.0,0.2,0.2,11.9588,False,all_dynamic_snr,22.3241,0.8949
75,v4,v11,40.0,70.06,0.0,1.0,0.3503,0.0,10.4721,False,all_dynamic_snr,22.2544,0.9018
75,v4,v7,40.0,80.06,0.0,1.0,0.4003,0.0,9.5457,False,all_dynamic_snr,22.2064,0.892
75,v4,v3,40.0,100.04,20.0,1.0,0.5002,0.4,4.1799,False,all_dynamic_snr,21.5957,0.8682
75,v4,v12,40.0,120.0,30.0,1.0,0.6,0.6,1.9166,True,all_dynamic_snr,21.1139,0.8588
76,v1,v6,40.0,90.05,20.0,1.0,0.4502,0.4,4.9113,False,all_dynamic_snr,21.7161,0.875
76,v1,v13,40.0,120.0,20.0,1.0,0.6,0.4,2.9161,False,all_dynamic_snr,21.3481,0.8645
76,v1,v14,40.0,140.03,0.0,1.0,0.7002,0.0,5.6604,False,all_dynamic_snr,21.8298,0.8777
76,v1,v2,40.0,150.03,0.0,1.0,0.7501,0.0,5.1812,False,all_dynamic_snr,21.7638,0.8719
76,v1,v5,40.0,170.0,0.0,1.0,0.85,0.0,4.3128,True,all_dynamic_snr,21.6164,0.8672
76,v2,v6,20.0,60.0,20.0,0.6,0.3,0.4,-12.2674,True,all_dynamic_snr,14.3539,0.4736
76,v2,v1,20.0,150.03,0.0,0.6,0.7501,0.0,-14.8188,True,all_dynamic_snr,12.5831,0.3578
76,v3,v7,20.0,0.0,10.0,0.6,0.0,0.2,33.5918,False,all_dynamic_snr,22.4954,0.8998
76,v3,v8,20.0,50.09,40.0,0.6,0.2504,0.8,-12.7878,True,all_dynamic_snr,13.9652,0.4584
76,v3,v4,20.0,80.06,30.0,0.6,0.4003,0.6,-15.2708,True,all_dynamic_snr,12.2986,0.3344
76,v3,v11,20.0,150.0,40.0,0.6,0.75,0.8,-20.4092,True,all_dynamic_snr,8.6753,0.1936
76,v4,v8,40.0,30.0,10.0,1.0,0.15,0.2,13.9578,False,all_dynamic_snr,22.3899,0.8979
76,v4,v11,40.0,70.06,10.0,1.0,0.3503,0.2,8.0638,False,all_dynamic_snr,22.0929,0.8873
76,v4,v3,40.0,80.06,30.0,1.0,0.4003,0.6,4.7292,False,all_dynamic_snr,21.7025,0.8852
76,v4,v7,40.0,80.06,20.0,1.0,0.4003,0.4,5.7287,False,all_dynamic_snr,21.8381,0.8861
76,v4,v12,40.0,150.0,10.0,1.0,0.75,0.2,2.7743,False,all_dynamic_snr,21.3233,0.8742
77,v1,v13,40.0,100.0,0.0,1.0,0.5,0.0,8.0,False,all_dynamic_snr,22.0888,0.8924
77,v1,v6,40.0,110.04,10.0,1.0,0.5502,0.2,4.9269,False,all_dynamic_snr,21.7261,0.885
77,v1,v14,40.0,140.03,20.0,1.0,0.7002,0.4,1.8434,True,all_dynamic_snr,21.0922,0.8551
77,v1,v2,40.0,150.03,0.0,1.0,0.7501,0.0,5.1812,False,all_dynamic_snr,21.7636,0.8746
77,v1,v5,40.0,170.0,20.0,1.0,0.85,0.4,0.4958,True,all_dynamic_snr,20.7315,0.84
77,v2,v6,20.0,40.0,10.0,0.6,0.2,0.2,-8.0412,False,all_dynamic_snr,16.912,0.6604
77,v2,v1,20.0,150.03,0.0,0.6,0.7501,0.0,-14.8188,True,all_dynamic_snr,12.5864,0.334
77,v3,v7,20.0,10.0,10.0,0.6,0.05,0.2,1.5918,False,all_dynamic_snr,21.05,0.8457
77,v3,v8,20.0,10.44,30.0,0.6,0.0522,0.6,-1.1159,True,all_dynamic_snr,20.2051,0.8098
77,v3,v4,20.0,50.09,40.0,0.6,0.2504,0.8,-12.7878,True,all_dynamic_snr,13.9814,0.4437
77,v3,v11,20.0,110.0,20.0,0.6,0.55,0.4,-16.4793,True,all_dynamic_snr,11.4656,0.3
77,v3,v12,20.0,190.02,40.0,0.6,0.9501,0.8,-22.0527,True,all_dynamic_snr,7.5713,0.1449
77,v4,v8,40.0,40.0,10.0,1.0,0.2,0.2,11.9588,False,all_dynamic_snr,22.3284,0.8945
77,v4,v3,40.0,50.09,40.0,1.0,0.2504,0.8,7.2122,True,all_dynamic_snr,22.0138,0.8914
77,v4,v7,40.0,60.07,30.0,1.0,0.3004,0.6,6.7244,False,all_dynamic_snr,21.9678,0.8881
77,v4,v11,40.0,60.07,20.0,1.0,0.3004,0.4,7.7239,False,all_dynamic_snr,22.0677,0.8844
77,v4,v12,40.0,140.0,0.0,1.0,0.7,0.0,5.662,False,all_dynamic_snr,21.8299,0.8922
78,v1,v13,40.0,100.0,30.0,1.0,0.5,0.6,3.1835,True,all_dynamic_snr,21.4112,0.857
78,v1,v6,40.0,100.04,40.0,1.0,0.5002,0.8,2.4051,True,all_dynamic_snr,21.2387,0.8553
78,v1,v5,40.0,150.0,20.0,1.0,0.75,0.4,1.3656,True,all_dynamic_snr,20.9893,0.8572
78,v1,v2,40.0,150.03,0.0,1.0,0.7501,0.0,5.1812,False,all_dynamic_snr,21.7489,0.8834
78,v1,v14,40.0,160.03,30.0,1.0,0.8001,0.6,-0.0836,True,all_dynamic_snr,20.5659,0.8369
78,v2,v6,20.0,50.0,40.0,0.6,0.25,0.8,-12.7753,True,all_dynamic_snr,14.0007,0.4529
78,v2,v1,20.0,150.03,0.0,0.6,0.7501,0.0,-14.8188,True,all_dynamic_snr,12.6258,0.3654
78,v3,v4,20.0,10.44,40.0,0.6,0.0522,0.8,-1.8912,True,all_dynamic_snr,19.9159,0.8096
78,v3,v7,20.0,20.0,10.0,0.6,0.1,0.2,-3.2247,False,all_dynamic_snr,19.3717,0.7877
78,v3,v8,20.0,20.22,20.0,0.6,0.1011,0.4,-4.7108,True,all_dynamic_snr,18.677,0.7568
78,v3,v11,20.0,90.0,20.0,0.6,0.45,0.4,-15.0849,True,all_dynamic_snr,12.4003,0.3313
78,v3,v12,20.0,150.03,0.0,0.6,0.7501,0.0,-14.8188,True,all_dynamic_snr,12.6116,0.3598
78,v4,v3,40.0,10.44,40.0,1.0,0.0522,0.8,18.1088,True,all_dynamic_snr,22.4553,0.8965
78,v4,v8,40.0,30.0,20.0,1.0,0.15,0.4,12.5491,False,all_dynamic_snr,22.3508,0.8943
78,v4,v7,40.0,30.15,30.0,1.0,0.1507,0.6,11.515,False,all_dynamic_snr,22.3131,0.8939
78,v4,v11,40.0,80.06,20.0,1.0,0.4003,0.4,5.7287,False,all_dynamic_snr,21.8366,0.882
78,v4,v12,40.0,140.0,40.0,1.0,0.7,0.8,0.0702,True,all_dynamic_snr,20.6182,0.8363
79,v1,v6,40.0,60.07,20.0,1.0,0.3004,0.4,7.7239,False,all_dynamic_snr,22.069,0.8854
79,v1,v13,40.0,130.0,40.0,1.0,0.65,0.8,0.5851,True,all_dynamic_snr,20.7733,0.8422
79,v1,v2,40.0,150.03,30.0,1.0,0.7501,0.6,0.3647,True,all_dynamic_snr,20.6809,0.8391
79,v1,v5,40.0,170.0,10.0,1.0,0.85,0.2,1.9046,True,all_dynamic_snr,21.1125,0.8402
79,v1,v14,40.0,190.02,40.0,1.0,0.9501,0.8,-2.0527,True,all_dynamic_snr,19.8448,0.8088
79,v2,v6,20.0,90.0,10.0,0.6,0.45,0.2,-13.6761,True,all_dynamic_snr,13.3873,0.4053
79,v2,v1,20.0,150.03,30.0,0.6,0.7501,0.6,-19.6353,True,all_dynamic_snr,9.2644,0.1975
79,v3,v7,20.0,30.0,20.0,0.6,0.15,0.4,-7.4509,True,all_dynamic_snr,17.2526,0.6691
79,v3,v4,20.0,30.15,0.0,0.6,0.1507,0.0,-3.6685,False,all_dynamic_snr,19.1644,0.7943
79,v3,v8,20.0,40.11,10.0,0.6,0.2006,0.2,-8.0607,False,all_dynamic_snr,16.9309,0.6471
79,v3,v11,20.0,70.0,10.0,0.6,0.35,0.2,-11.9298,True,all_dynamic_snr,14.5379,0.4854
79,v3,v15,20.0,140.0,20.0,0.6,0.7,0.4,-18.155,True,all_dynamic_snr,10.3331,0.227
79,v4,v7,40.0,3.0,20.0,1.0,0.015,0.4,28.5491,False,all_dynamic_snr,22.4934,0.8998
79,v4,v8,40.0,10.0,10.0,1.0,0.05,0.2,21.5918,False,all_dynamic_snr,22.4785,0.9014
79,v4,v3,40.0,30.15,0.0,1.0,0.1507,0.0,16.3315,False,all_dynamic_snr,22.4317,0.8969
79,v4,v11,40.0,100.04,10.0,1.0,0.5002,0.2,5.5886,False,all_dynamic_snr,21.8246,0.8814
79,v4,v15,40.0,170.03,20.0,1.0,0.8501,0.4,0.4948,True,all_dynamic_snr,20.7349,0.8422
80,v1,v6,40.0,40.11,0.0,1.0,0.2006,0.0,14.3476,False,all_dynamic_snr,22.3921,0.8895
80,v1,v2,40.0,120.04,0.0,1.0,0.6002,0.0,6.7309,False,all_dynamic_snr,21.968,0.884
80,v1,v13,40.0,170.0,30.0,1.0,0.85,0.6,-0.5037,True,all_dynamic_snr,20.4376,0.823
80,v1,v5,40.0,180.0,0.0,1.0,0.9,0.0,3.9156,True,all_dynamic_snr,21.5545,0.884
80,v2,v6,20.0,80.0,0.0,0.6,0.4,0.0,-10.4494,True,all_dynamic_snr,15.4688,0.5775
80,v2,v1,20.0,120.04,0.0,0.6,0.6002,0.0,-13.2691,True,all_dynamic_snr,13.6404,0.4367
80,v3,v7,20.0,10.0,10.0,0.6,0.05,0.2,1.5918,False,all_dynamic_snr,21.0284,0.8588
80,v3,v4,20.0,30.15,10.0,0.6,0.1507,0.2,-6.0768,False,all_dynamic_snr,18.0029,0.724
80,v3,v8,20.0,30.15,20.0,0.6,0.1507,0.4,-7.4855,True,all_dynamic_snr,17.2218,0.6941
80,v3,v11,20.0,60.0,10.0,0.6,0.3,0.2,-10.8587,True,all_dynamic_snr,15.226,0.5514
80,v3,v12,20.0,140.03,0.0,0.6,0.7002,0.0,-14.3396,True,all_dynamic_snr,12.9236,0.3656
80,v4,v8,40.0,0.0,30.0,1.0,0.0,0.6,40.0,False,all_dynamic_snr,22.4964,0.8998
80,v4,v7,40.0,20.22,20.0,1.0,0.1011,0.4,15.2892,False,all_dynamic_snr,22.4176,0.8959
80,v4,v3,40.0,30.15,10.0,1.0,0.1507,0.2,13.9232,False,all_dynamic_snr,22.3856,0.8936
80,v4,v11,40.0,90.05,20.0,1.0,0.4502,0.4,4.9113,False,all_dynamic_snr,21.7295,0.8697
80,v4,v12,40.0,170.0,10.0,1.0,0.85,0.2,1.9046,True,all_dynamic_snr,21.1194,0.8682
81,v1,v6,40.0,40.11,10.0,1.0,0.2006,0.2,11.9393,False,all_dynamic_snr,22.3214,0.8934
81,v1,v2,40.0,120.04,10.0,1.0,0.6002,0.2,4.3227,False,all_dynamic_snr,21.6223,0.8805
81,v1,v5,40.0,180.0,20.0,1.0,0.9,0.4,0.0987,True,all_dynamic_snr,20.6162,0.8283
81,v1,v13,40.0,200.0,30.0,1.0,1.0,0.6,-1.633,True,all_dynamic_snr,20.0058,0.807
81,v2,v6,20.0,80.0,20.0,0.6,0.4,0.4,-14.2664,True,all_dynamic_snr,12.9746,0.3697
81,v2,v1,20.0,120.04,10.0,0.6,0.6002,0.2,-15.6773,True,all_dynamic_snr,12.0555,0.3299
81,v2,v4,20.0,190.09,60.0,0.6,0.9505,1.2,-23.2243,True,all_dynamic_snr,6.7843,0.1396
81,v3,v7,20.0,0.0,10.0,0.6,0.0,0.2,33.5918,False,all_dynamic_snr,22.4954,0.9018
81,v3,v8,20.0,10.44,10.0,0.6,0.0522,0.2,1.2923,False,all_dynamic_snr,20.9635,0.8361
81,v3,v4,20.0,40.11,0.0,0.6,0.2006,0.0,-5.6524,False,all_dynamic_snr,18.2108,0.7387
81,v3,v11,20.0,70.0,20.0,0.6,0.35,0.4,-13.3385,True,all_dynamic_snr,13.6099,0.4297
81,v3,v12,20.0,140.03,0.0,0.6,0.7002,0.0,-14.3396,True,all_dynamic_snr,12.8968,0.3832
81,v4,v8,40.0,30.0,10.0,1.0,0.15,0.2,13.9578,False,all_dynamic_snr,22.3873,0.8939
81,v4,v3,40.0,40.11,0.0,1.0,0.2006,0.0,14.3476,False,all_dynamic_snr,22.3972,0.8965
81,v4,v7,40.0,40.11,10.0,1.0,0.2006,0.2,11.9393,False,all_dynamic_snr,22.3201,0.9057
81,v4,v11,40.0,110.04,20.0,1.0,0.5502,0.4,3.5182,False,all_dynamic_snr,21.4774,0.8789
81,v4,v12,40.0,180.0,0.0,1.0,0.9,0.0,3.9156,True,all_dynamic_snr,21.5409,0.89
82,v1,v6,40.0,30.15,40.0,1.0,0.1507,0.8,10.7397,True,all_dynamic_snr,22.2726,0.8924
82,v1,v2,40.0,130.03,0.0,1.0,0.6502,0.0,6.1751,False,all_dynamic_snr,21.8967,0.8807
82,v1,v5,40.0,200.0,10.0,1.0,1.0,0.2,0.7753,True,all_dynamic_snr,20.8216,0.8508
82,v2,v6,20.0,100.0,40.0,0.6,0.5,0.8,-17.5918,True,all_dynamic_snr,10.6589,0.2574
82,v2,v1,20.0,130.03,0.0,0.6,0.6502,0.0,-13.8249,True,all_dynamic_snr,13.2597,0.4053
82,v2,v4,20.0,130.14,60.0,0.6,0.6507,1.2,-20.5913,True,all_dynamic_snr,8.5891,0.183
82,v2,v8,20.0,150.12,60.0,0.6,0.7506,1.2,-21.5838,True,all_dynamic_snr,7.8945,0.1914
82,v2,v7,20.0,160.03,90.0,0.6,0.8001,1.8,-23.2671,True,all_dynamic_snr,6.758,0.1432
82,v3,v7,20.0,10.0,10.0,0.6,0.05,0.2,1.5918,False,all_dynamic_snr,21.0358,0.8697
82,v3,v8,20.0,20.22,20.0,0.6,0.1011,0.4,-4.7108,True,all_dynamic_snr,18.675,0.7623
82,v3,v4,20.0,40.11,20.0,0.6,0.2006,0.4,-9.4694,True,all_dynamic_snr,16.0853,0.6014
82,v3,v11,20.0,50.0,0.0,0.6,0.25,0.0,-7.1835,False,all_dynamic_snr,17.4026,0.6969
82,v3,v15,20.0,120.0,10.0,0.6,0.6,0.2,-15.6751,True,all_dynamic_snr,11.9904,0.3104
82,v4,v8,40.0,20.0,0.0,1.0,0.1,0.0,19.1835,False,all_dynamic_snr,22.465,0.9008
82,v4,v7,40.0,30.15,30.0,1.0,0.1507,0.6,11.515,False,all_dynamic_snr,22.3031,0.9033
82,v4,v3,40.0,40.11,20.0,1.0,0.2006,0.4,10.5306,False,all_dynamic_snr,22.2559,0.8875
82,v4,v11,40.0,90.05,20.0,1.0,0.4502,0.4,4.9113,False,all_dynamic_snr,21.7158,0.8727
82,v4,v2,40.0,130.14,60.0,1.0,0.6507,1.2,-0.5913,True,all_dynamic_snr,20.3934,0.8266
83,v1,v6,40.0,10.44,20.0,1.0,0.0522,0.4,19.8836,False,all_dynamic_snr,22.469,0.8975
83,v1,v2,40.0,130.03,10.0,1.0,0.6502,0.2,3.7668,False,all_dynamic_snr,21.5256,0.8584
83,v2,v7,20.0,70.06,60.0,0.6,0.3503,1.2,-16.2887,True,all_dynamic_snr,11.5881,0.3008
83,v2,v4,20.0,70.26,60.0,0.6,0.3513,1.2,-16.3078,True,all_dynamic_snr,11.627,0.2846
83,v2,v3,20.0,90.05,70.0,0.6,0.4502,1.4,-18.4965,True,all_dynamic_snr,10.0645,0.2344
83,v2,v8,20.0,90.2,30.0,0.6,0.451,0.6,-16.0998,True,all_dynamic_snr,11.713,0.3059
83,v2,v1,20.0,130.03,10.0,0.6,0.6502,0.2,-16.2332,True,all_dynamic_snr,11.6152,0.302
83,v3,v8,20.0,3.0,40.0,0.6,0.015,0.8,6.7743,True,all_dynamic_snr,21.9686,0.8832
83,v3,v7,20.0,20.0,10.0,0.6,0.1,0.2,-3.2247,False,all_dynamic_snr,19.3665,0.7939
83,v3,v4,20.0,20.22,10.0,0.6,0.1011,0.2,-3.302,False,all_dynamic_snr,19.3267,0.7725
83,v3,v11,20.0,50.0,0.0,0.6,0.25,0.0,-7.1835,False,all_dynamic_snr,17.4054,0.6938
83,v3,v2,20.0,90.05,70.0,0.6,0.4502,1.4,-18.4965,True,all_dynamic_snr,10.0722,0.2385
83,v4,v7,40.0,3.0,0.0,1.0,0.015,0.0,32.3661,False,all_dynamic_snr,22.4957,0.9004
83,v4,v8,40.0,20.0,30.0,1.0,0.1,0.6,14.367,False,all_dynamic_snr,22.3953,0.9018
83,v4,v3,40.0,20.22,10.0,1.0,0.1011,0.2,16.698,False,all_dynamic_snr,22.4387,0.8994
83,v4,v11,40.0,70.06,10.0,1.0,0.3503,0.2,8.0638,False,all_dynamic_snr,22.0939,0.8943
83,v4,v2,40.0,70.26,60.0,1.0,0.3513,1.2,3.6922,True,all_dynamic_snr,21.5041,0.8801
84,v1,v6,40.0,30.15,10.0,1.0,0.1507,0.2,13.9232,False,all_dynamic_snr,22.3888,0.892
84,v1,v2,40.0,120.04,40.0,1.0,0.6002,0.8,1.1392,True,all_dynamic_snr,20.9286,0.8646
84,v1,v7,40.0,130.14,40.0,1.0,0.6507,0.8,0.5778,True,all_dynamic_snr,20.7815,0.8545
84,v1,v4,40.0,130.31,60.0,1.0,0.6516,1.2,-0.6005,True,all_dynamic_snr,20.4061,0.8324
84,v1,v3,40.0,140.13,20.0,1.0,0.7006,0.4,1.8386,True,all_dynamic_snr,21.0954,0.857
84,v2,v7,20.0,10.44,80.0,0.6,0.0522,1.6,-3.9334,True,all_dynamic_snr,19.0275,0.7789
84,v2,v4,20.0,11.66,100.0,0.6,0.0583,2.0,-5.3995,True,all_dynamic_snr,18.3284,0.7277
84,v2,v3,20.0,20.22,60.0,0.6,0.1011,1.2,-7.6546,True,all_dynamic_snr,17.1424,0.643
84,v2,v8,20.0,60.3,80.0,0.6,0.3015,1.6,-16.1189,True,all_dynamic_snr,11.6882,0.3043
84,v2,v11,20.0,70.06,60.0,0.6,0.3503,1.2,-16.2887,True,all_dynamic_snr,11.5663,0.2928
84,v3,v7,20.0,10.0,20.0,0.6,0.05,0.4,0.183,True,all_dynamic_snr,20.6521,0.8389
84,v3,v4,20.0,10.44,40.0,0.6,0.0522,0.8,-1.8912,True,all_dynamic_snr,19.9182,0.807
84,v3,v2,20.0,20.22,60.0,0.6,0.1011,1.2,-7.6546,True,all_dynamic_snr,17.1287,0.6598
84,v3,v8,20.0,40.11,20.0,0.6,0.2006,0.4,-9.4694,True,all_dynamic_snr,16.0536,0.5805
84,v3,v11,20.0,50.0,0.0,0.6,0.25,0.0,-7.1835,False,all_dynamic_snr,17.4172,0.6854
84,v4,v7,40.0,3.0,20.0,1.0,0.015,0.4,28.5491,False,all_dynamic_snr,22.4927,0.8998
84,v4,v3,40.0,10.44,40.0,1.0,0.0522,0.8,18.1088,True,all_dynamic_snr,22.4534,0.8994
84,v4,v2,40.0,11.66,100.0,1.0,0.0583,2.0,14.6005,True,all_dynamic_snr,22.4,0.9023
84,v4,v8,40.0,50.0,20.0,1.0,0.25,0.4,8.9995,False,all_dynamic_snr,22.1636,0.8973
84,v4,v11,40.0,60.07,40.0,1.0,0.3004,0.8,5.9491,True,all_dynamic_snr,21.8633,0.8844
85,v1,v6,40.0,20.22,10.0,1.0,0.1011,0.2,16.698,False,all_dynamic_snr,22.4373,0.9053
85,v1,v4,40.0,70.58,80.0,1.0,0.3529,1.6,2.7875,True,all_dynamic_snr,21.3136,0.8568
85,v1,v7,40.0,90.2,70.0,1.0,0.451,1.4,1.492,True,all_dynamic_snr,21.0169,0.86
85,v1,v3,40.0,120.15,90.0,1.0,0.6007,1.8,-1.2756,True,all_dynamic_snr,20.14,0.8242
85,v1,v8,40.0,140.29,70.0,1.0,0.7014,1.4,-1.5771,True,all_dynamic_snr,20.028,0.8416
85,v2,v11,20.0,10.44,60.0,0.6,0.0522,1.2,-3.0602,True,all_dynamic_snr,19.4352,0.7971
85,v2,v8,20.0,20.88,80.0,0.6,0.1044,1.6,-8.7498,True,all_dynamic_snr,16.4905,0.6367
85,v2,v3,20.0,40.11,100.0,0.6,0.2006,2.0,-13.9836,True,all_dynamic_snr,13.1813,0.3779
85,v2,v7,20.0,70.06,80.0,0.6,0.3503,1.6,-17.1619,True,all_dynamic_snr,10.979,0.2764
85,v2,v15,20.0,70.06,80.0,0.6,0.3503,1.6,-17.1619,True,all_dynamic_snr,10.9798,0.2879
85,v3,v8,20.0,20.22,20.0,0.6,0.1011,0.4,-4.7108,True,all_dynamic_snr,18.6745,0.7607
85,v3,v7,20.0,30.0,20.0,0.6,0.15,0.4,-7.4509,True,all_dynamic_snr,17.2425,0.673
85,v3,v2,20.0,40.11,100.0,0.6,0.2006,2.0,-13.9836,True,all_dynamic_snr,13.1643,0.3973
85,v3,v11,20.0,50.0,40.0,0.6,0.25,0.8,-12.7753,True,all_dynamic_snr,14.004,0.44
85,v3,v4,20.0,50.09,10.0,0.6,0.2504,0.2,-9.6042,False,all_dynamic_snr,15.9961,0.5689
85,v4,v7,40.0,20.22,10.0,1.0,0.1011,0.2,16.698,False,all_dynamic_snr,22.4376,0.8973
85,v4,v3,40.0,50.09,10.0,1.0,0.2504,0.2,10.3958,False,all_dynamic_snr,22.2537,0.8949
85,v4,v8,40.0,70.0,10.0,1.0,0.35,0.2,8.0702,False,all_dynamic_snr,22.0844,0.8939
85,v4,v1,40.0,70.58,80.0,1.0,0.3529,1.6,2.7875,True,all_dynamic_snr,21.3276,0.8678
85,v4,v2,40.0,90.2,90.0,1.0,0.451,1.8,0.7167,True,all_dynamic_snr,20.7912,0.8379
86,v1,v6,40.0,10.44,0.0,1.0,0.0522,0.0,23.7006,False,all_dynamic_snr,22.4853,0.8994
86,v1,v4,40.0,13.45,40.0,1.0,0.0673,0.8,16.3468,True,all_dynamic_snr,22.4329,0.8945
86,v1,v7,40.0,20.88,60.0,1.0,0.1044,1.2,12.1233,True,all_dynamic_snr,22.3317,0.8928
86,v1,v3,40.0,30.59,70.0,1.0,0.153,1.4,9.0051,True,all_dynamic_snr,22.1671,0.9021
86,v1,v8,40.0,70.58,40.0,1.0,0.3529,0.8,4.8297,True,all_dynamic_snr,21.7159,0.8816
86,v2,v15,20.0,10.44,90.0,0.6,0.0522,1.8,-4.2994,True,all_dynamic_snr,18.8822,0.7514
86,v2,v12,20.0,11.66,90.0,0.6,0.0583,1.8,-5.0683,True,all_dynamic_snr,18.5069,0.7486
86,v2,v11,20.0,50.09,90.0,0.6,0.2504,1.8,-15.196,True,all_dynamic_snr,12.3603,0.3449
86,v2,v16,20.0,90.2,90.0,0.6,0.451,1.8,-19.2833,True,all_dynamic_snr,9.4906,0.2174
86,v2,v8,20.0,100.18,50.0,0.6,0.5009,1.0,-18.2377,True,all_dynamic_snr,10.2476,0.2316
86,v3,v7,20.0,10.0,10.0,0.6,0.05,0.2,1.5918,False,all_dynamic_snr,21.0479,0.8662
86,v3,v1,20.0,30.59,70.0,0.6,0.153,1.4,-10.9949,True,all_dynamic_snr,15.137,0.5441
86,v3,v4,20.0,40.11,30.0,0.6,0.2006,0.6,-10.4689,True,all_dynamic_snr,15.4641,0.5686
86,v3,v6,20.0,40.11,70.0,0.6,0.2006,1.4,-12.8772,True,all_dynamic_snr,13.9195,0.443
86,v3,v8,20.0,40.11,30.0,0.6,0.2006,0.6,-10.4689,True,all_dynamic_snr,15.4676,0.552
86,v4,v6,40.0,6.0,40.0,1.0,0.03,0.8,21.9578,True,all_dynamic_snr,22.4769,0.8988
86,v4,v1,40.0,13.45,40.0,1.0,0.0673,0.8,16.3468,True,all_dynamic_snr,22.4325,0.8998
86,v4,v7,40.0,30.15,20.0,1.0,0.1507,0.4,12.5145,False,all_dynamic_snr,22.3423,0.8982
86,v4,v3,40.0,40.11,30.0,1.0,0.2006,0.6,9.5311,False,all_dynamic_snr,22.1976,0.9041
86,v4,v8,40.0,80.0,0.0,1.0,0.4,0.0,9.5506,False,all_dynamic_snr,22.2067,0.8992
87,v1,v6,40.0,10.44,20.0,1.0,0.0522,0.4,19.8836,False,all_dynamic_snr,22.4692,0.9023
87,v1,v8,40.0,31.32,40.0,1.0,0.1566,0.8,10.4749,True,all_dynamic_snr,22.2623,0.8943
87,v1,v3,40.0,40.45,70.0,1.0,0.2022,1.4,7.065,True,all_dynamic_snr,22.0048,0.8885
87,v1,v7,40.0,40.45,70.0,1.0,0.2022,1.4,7.065,True,all_dynamic_snr,22.0026,0.8873
87,v1,v11,40.0,40.45,80.0,1.0,0.2022,1.6,6.6558,True,all_dynamic_snr,21.9537,0.8855
87,v2,v16,20.0,6.0,90.0,0.6,0.03,1.8,-0.4504,True,all_dynamic_snr,20.46,0.8334
87,v2,v15,20.0,100.04,90.0,0.6,0.5002,1.8,-20.0031,True,all_dynamic_snr,8.9614,0.1945
87,v2,v19,20.0,100.04,100.0,0.6,0.5002,2.0,-20.3343,True,all_dynamic_snr,8.7674,0.1908
87,v2,v12,20.0,100.18,70.0,0.6,0.5009,1.4,-19.2372,True,all_dynamic_snr,9.5235,0.2363
87,v2,v11,20.0,140.03,100.0,0.6,0.7002,2.0,-22.6708,True,all_dynamic_snr,7.1464,0.1471
87,v3,v7,20.0,0.0,0.0,0.6,0.0,0.0,36.0,False,all_dynamic_snr,22.4963,0.8979
87,v3,v4,20.0,10.44,10.0,0.6,0.0522,0.2,1.2923,False,all_dynamic_snr,20.9682,0.8547
87,v3,v6,20.0,30.15,50.0,0.6,0.1507,1.0,-9.8937,True,all_dynamic_snr,15.8228,0.577
87,v3,v1,20.0,40.45,70.0,0.6,0.2022,1.4,-12.935,True,all_dynamic_snr,13.8903,0.4475
87,v3,v8,20.0,70.06,30.0,0.6,0.3503,0.6,-14.3444,True,all_dynamic_snr,12.9506,0.3746
87,v4,v3,40.0,10.44,10.0,1.0,0.0522,0.2,21.2923,False,all_dynamic_snr,22.4767,0.9014
87,v4,v7,40.0,10.44,10.0,1.0,0.0522,0.2,21.2923,False,all_dynamic_snr,22.4756,0.8998
87,v4,v6,40.0,40.45,60.0,1.0,0.2022,1.2,7.5289,True,all_dynamic_snr,22.0496,0.8873
87,v4,v1,40.0,50.8,80.0,1.0,0.254,1.6,5.0718,True,all_dynamic_snr,21.7515,0.8799
87,v4,v8,40.0,80.0,40.0,1.0,0.4,0.8,3.9588,True,all_dynamic_snr,21.5661,0.8818
88,v1,v15,40.0,11.66,60.0,1.0,0.0583,1.2,16.1709,True,all_dynamic_snr,22.4271,0.9033
88,v1,v8,40.0,13.45,40.0,1.0,0.0673,0.8,16.3468,True,all_dynamic_snr,22.4318,0.8943
88,v1,v6,40.0,30.15,0.0,1.0,0.1507,0.0,16.3315,False,all_dynamic_snr,22.4296,0.8998
88,v1,v12,40.0,31.32,40.0,1.0,0.1566,0.8,10.4749,True,all_dynamic_snr,22.2584,0.8984
88,v1,v11,40.0,40.45,60.0,1.0,0.2022,1.2,7.5289,True,all_dynamic_snr,22.0462,0.8912
88,v2,v19,20.0,3.0,60.0,0.6,0.015,1.2,5.6053,True,all_dynamic_snr,21.8139,0.885
88,v2,v16,20.0,90.2,60.0,0.6,0.451,1.2,-18.0441,True,all_dynamic_snr,10.4165,0.2533
88,v2,v12,20.0,170.11,40.0,0.6,0.8505,0.8,-21.2833,True,all_dynamic_snr,8.1271,0.1891
88,v2,v15,20.0,190.02,60.0,0.6,0.9501,1.2,-23.2217,True,all_dynamic_snr,6.7532,0.1426
88,v3,v7,20.0,0.0,20.0,0.6,0.0,0.4,32.183,True,all_dynamic_snr,22.4955,0.9018
88,v3,v4,20.0,20.22,10.0,0.6,0.1011,0.2,-3.302,False,all_dynamic_snr,19.3265,0.7979
88,v3,v11,20.0,70.0,0.0,0.6,0.35,0.0,-9.5216,True,all_dynamic_snr,16.0285,0.5955
88,v3,v6,20.0,80.06,60.0,0.6,0.4003,1.2,-17.2151,True,all_dynamic_snr,10.9335,0.2748
88,v3,v5,20.0,80.22,70.0,0.6,0.4011,1.4,-17.6936,True,all_dynamic_snr,10.5944,0.2293
88,v4,v3,40.0,20.22,10.0,1.0,0.1011,0.2,16.698,False,all_dynamic_snr,22.4379,0.8969
88,v4,v7,40.0,20.22,10.0,1.0,0.1011,0.2,16.698,False,all_dynamic_snr,22.4374,0.8979
88,v4,v5,40.0,60.67,80.0,1.0,0.3034,1.6,3.8383,True,all_dynamic_snr,21.537,0.8742
88,v4,v13,40.0,80.5,90.0,1.0,0.4025,1.8,1.5069,True,all_dynamic_snr,21.0189,0.8578
88,v4,v11,40.0,90.05,10.0,1.0,0.4502,0.2,6.32,False,all_dynamic_snr,21.9095,0.8889
89,v1,v12,40.0,13.45,80.0,1.0,0.0673,1.6,14.3046,True,all_dynamic_snr,22.3929,0.9002
89,v1,v6,40.0,30.15,30.0,1.0,0.1507,0.6,11.515,False,all_dynamic_snr,22.3107,0.9082
89,v1,v15,40.0,50.36,60.0,1.0,0.2518,1.2,6.006,True,all_dynamic_snr,21.8769,0.8885
89,v1,v8,40.0,50.8,60.0,1.0,0.254,1.2,5.9449,True,all_dynamic_snr,21.8696,0.8834
89,v1,v16,40.0,50.8,90.0,1.0,0.254,1.8,4.7057,True,all_dynamic_snr,21.6881,0.8818
89,v2,v19,20.0,60.07,30.0,0.6,0.3004,0.6,-13.2756,True,all_dynamic_snr,13.6483,0.4084
89,v2,v16,20.0,150.12,60.0,0.6,0.7506,1.2,-21.5838,True,all_dynamic_snr,7.8994,0.1658
89,v3,v5,20.0,11.66,70.0,0.6,0.0583,1.4,-4.293,True,all_dynamic_snr,18.8931,0.7697
89,v3,v7,20.0,20.0,20.0,0.6,0.1,0.4,-4.6334,True,all_dynamic_snr,18.6956,0.7525
89,v3,v13,20.0,20.88,50.0,0.6,0.1044,1.0,-7.3411,True,all_dynamic_snr,17.3194,0.6783
89,v3,v4,20.0,30.15,0.0,0.6,0.1507,0.0,-3.6685,False,all_dynamic_snr,19.1832,0.7912
89,v3,v11,20.0,70.0,10.0,0.6,0.35,0.2,-11.9298,True,all_dynamic_snr,14.5014,0.5088
89,v4,v7,40.0,10.44,20.0,1.0,0.0522,0.4,19.8836,False,all_dynamic_snr,22.4679,0.8979
89,v4,v13,40.0,13.45,50.0,1.0,0.0673,1.0,15.7134,True,all_dynamic_snr,22.4194,0.8939
89,v4,v5,40.0,21.93,70.0,1.0,0.1097,1.4,11.3181,True,all_dynamic_snr,22.2982,0.8918
89,v4,v3,40.0,30.15,0.0,1.0,0.1507,0.0,16.3315,False,all_dynamic_snr,22.4342,0.8984
89,v4,v14,40.0,50.36,80.0,1.0,0.2518,1.6,5.1329,True,all_dynamic_snr,21.7544,0.8947
90,v1,v16,40.0,41.0,40.0,1.0,0.205,0.8,8.6037,True,all_dynamic_snr,22.1419,0.8994
90,v1,v6,40.0,60.07,10.0,1.0,0.3004,0.2,9.1327,False,all_dynamic_snr,22.1774,0.8906
90,v1,v19,40.0,80.22,50.0,1.0,0.4011,1.0,3.3059,True,all_dynamic_snr,21.4468,0.882
90,v1,v12,40.0,90.45,40.0,1.0,0.4522,0.8,3.1058,True,all_dynamic_snr,21.3803,0.8707
90,v1,v15,40.0,110.16,80.0,1.0,0.5508,1.6,-0.3065,True,all_dynamic_snr,20.4969,0.8453
90,v2,v19,20.0,90.05,40.0,0.6,0.4502,0.8,-16.8635,True,all_dynamic_snr,11.2238,0.2848
90,v2,v20,20.0,150.12,70.0,0.6,0.7506,1.4,-22.0477,True,all_dynamic_snr,7.5887,0.1664
90,v2,v1,20.0,170.03,10.0,0.6,0.8501,0.2,-18.0965,True,all_dynamic_snr,10.3018,0.2396
90,v3,v14,20.0,3.0,70.0,0.6,0.015,1.4,5.1413,True,all_dynamic_snr,21.7533,0.8832
90,v3,v4,20.0,30.15,10.0,0.6,0.1507,0.2,-6.0768,False,all_dynamic_snr,17.998,0.7162
90,v3,v13,20.0,30.59,70.0,0.6,0.153,1.4,-10.9949,True,all_dynamic_snr,15.1278,0.5221
90,v3,v7,20.0,40.0,0.0,0.6,0.2,0.0,-5.633,False,all_dynamic_snr,18.2297,0.7404
90,v3,v11,20.0,60.0,10.0,0.6,0.3,0.2,-10.8587,True,all_dynamic_snr,15.2147,0.54
90,v4,v7,40.0,10.44,10.0,1.0,0.0522,0.2,21.2923,False,all_dynamic_snr,22.4766,0.8994
90,v4,v3,40.0,30.15,10.0,1.0,0.1507,0.2,13.9232,False,all_dynamic_snr,22.3863,0.8992
90,v4,v14,40.0,30.59,80.0,1.0,0.153,1.6,8.5959,True,all_dynamic_snr,22.14,0.8973
90,v4,v9,40.0,41.0,50.0,1.0,0.205,1.0,7.9702,True,all_dynamic_snr,22.0865,0.8953
90,v4,v10,40.0,50.36,40.0,1.0,0.2518,0.8,7.175,True,all_dynamic_snr,22.0029,0.8826
91,v1,v19,40.0,30.59,70.0,1.0,0.153,1.4,9.0051,True,all_dynamic_snr,22.1662,0.9008
91,v1,v6,40.0,70.06,20.0,1.0,0.3503,0.4,6.6551,False,all_dynamic_snr,21.9577,0.883
91,v1,v16,40.0,80.5,60.0,1.0,0.4025,1.2,2.7461,True,all_dynamic_snr,21.3175,0.8535
91,v1,v12,40.0,130.31,80.0,1.0,0.6516,1.6,-1.4736,True,all_dynamic_snr,20.085,0.8037
91,v1,v2,40.0,160.03,20.0,1.0,0.8001,0.4,0.9159,True,all_dynamic_snr,20.8589,0.8545
91,v2,v20,20.0,80.22,60.0,0.6,0.4011,1.2,-17.2297,True,all_dynamic_snr,10.9647,0.2576
91,v2,v19,20.0,130.03,50.0,0.6,0.6502,1.0,-20.0502,True,all_dynamic_snr,8.9766,0.2104
91,v2,v1,20.0,160.03,20.0,0.6,0.8001,0.4,-19.0841,True,all_dynamic_snr,9.5923,0.2119
91,v3,v9,20.0,30.59,60.0,0.6,0.153,1.2,-10.531,True,all_dynamic_snr,15.4082,0.5666
91,v3,v7,20.0,40.0,20.0,0.6,0.2,0.4,-9.4499,True,all_dynamic_snr,16.0826,0.59
91,v3,v4,20.0,40.11,0.0,0.6,0.2006,0.0,-5.6524,False,all_dynamic_snr,18.2312,0.7354
91,v3,v11,20.0,50.0,0.0,0.6,0.25,0.0,-7.1835,False,all_dynamic_snr,17.4193,0.6773
91,v3,v10,20.0,50.09,50.0,0.6,0.2504,1.0,-13.4212,True,all_dynamic_snr,13.5814,0.4219
91,v4,v7,40.0,3.0,20.0,1.0,0.015,0.4,28.5491,False,all_dynamic_snr,22.4923,0.8998
91,v4,v10,40.0,11.66,50.0,1.0,0.0583,1.0,16.7065,True,all_dynamic_snr,22.4373,0.8992
91,v4,v9,40.0,13.45,60.0,1.0,0.0673,1.2,15.1778,True,all_dynamic_snr,22.4109,0.8988
91,v4,v3,40.0,40.11,0.0,1.0,0.2006,0.0,14.3476,False,all_dynamic_snr,22.3973,0.9012
91,v4,v11,40.0,90.05,0.0,1.0,0.4502,0.0,8.7283,False,all_dynamic_snr,22.1408,0.8934
92,v1,v19,40.0,40.45,70.0,1.0,0.2022,1.4,7.065,True,all_dynamic_snr,21.999,0.8895
92,v1,v6,40.0,90.05,10.0,1.0,0.4502,0.2,6.32,False,all_dynamic_snr,21.9169,0.8861
92,v1,v2,40.0,140.03,10.0,1.0,0.7002,0.2,3.2521,False,all_dynamic_snr,21.4206,0.8617
92,v1,v16,40.0,140.29,30.0,1.0,0.7014,0.6,0.8311,True,all_dynamic_snr,20.8222,0.8525
92,v1,v20,40.0,160.25,30.0,1.0,0.8013,0.6,-0.0934,True,all_dynamic_snr,20.5496,0.8625
92,v2,v20,20.0,20.88,40.0,0.6,0.1044,0.8,-6.7077,True,all_dynamic_snr,17.6575,0.6973
92,v2,v1,20.0,140.03,10.0,0.6,0.7002,0.2,-16.7479,True,all_dynamic_snr,11.2518,0.2781
92,v2,v19,20.0,180.02,80.0,0.6,0.9001,1.6,-23.7193,True,all_dynamic_snr,6.4411,0.1338
92,v3,v10,20.0,3.0,90.0,0.6,0.015,1.8,4.3661,True,all_dynamic_snr,21.625,0.8699
92,v3,v9,20.0,30.59,100.0,0.6,0.153,2.0,-12.1013,True,all_dynamic_snr,14.4342,0.4617
92,v3,v4,20.0,40.11,10.0,0.6,0.2006,0.2,-8.0607,False,all_dynamic_snr,16.9004,0.65
92,v3,v11,20.0,50.0,30.0,0.6,0.25,0.6,-12.0,True,all_dynamic_snr,14.489,0.4836
92,v3,v7,20.0,60.0,10.0,0.6,0.3,0.2,-10.8587,True,all_dynamic_snr,15.2044,0.5398
92,v4,v7,40.0,20.22,0.0,1.0,0.1011,0.0,19.1062,False,all_dynamic_snr,22.4648,0.8969
92,v4,v3,40.0,40.11,10.0,1.0,0.2006,0.2,11.9393,False,all_dynamic_snr,22.3277,0.9012
92,v4,v10,40.0,40.45,80.0,1.0,0.2022,1.6,6.6558,True,all_dynamic_snr,21.9511,0.8807
92,v4,v9,40.0,70.58,90.0,1.0,0.3529,1.8,2.4215,True,all_dynamic_snr,21.2284,0.866
92,v4,v11,40.0,90.05,20.0,1.0,0.4502,0.4,4.9113,False,all_dynamic_snr,21.7103,0.8766
93,v1,v6,40.0,80.06,20.0,1.0,0.4003,0.4,5.7287,False,all_dynamic_snr,21.8344,0.892
93,v1,v19,40.0,110.16,100.0,1.0,0.5508,2.0,-1.0037,True,all_dynamic_snr,20.2484,0.8152
93,v1,v20,40.0,130.31,80.0,1.0,0.6516,1.6,-1.4736,True,all_dynamic_snr,20.0765,0.8104
93,v1,v5,40.0,150.0,30.0,1.0,0.75,0.6,0.3661,True,all_dynamic_snr,20.7012,0.8402
93,v1,v2,40.0,150.03,40.0,1.0,0.7501,0.8,-0.4106,True,all_dynamic_snr,20.4566,0.8273
93,v2,v20,20.0,20.88,40.0,0.6,0.1044,0.8,-6.7077,True,all_dynamic_snr,17.6627,0.6971
93,v2,v1,20.0,150.03,40.0,0.6,0.7501,0.8,-20.4106,True,all_dynamic_snr,8.7337,0.1895
93,v3,v4,20.0,30.15,20.0,0.6,0.1507,0.4,-7.4855,True,all_dynamic_snr,17.2148,0.6824
93,v3,v7,20.0,50.0,10.0,0.6,0.25,0.2,-9.5918,False,all_dynamic_snr,15.9973,0.5934
93,v3,v17,20.0,60.3,40.0,0.6,0.3015,0.8,-14.0768,True,all_dynamic_snr,13.1063,0.3939
93,v3,v11,20.0,80.0,20.0,0.6,0.4,0.4,-14.2664,True,all_dynamic_snr,12.9933,0.377
93,v3,v10,20.0,90.05,70.0,0.6,0.4502,1.4,-18.4965,True,all_dynamic_snr,10.0526,0.2314
93,v4,v7,40.0,20.22,30.0,1.0,0.1011,0.6,14.2897,False,all_dynamic_snr,22.3931,0.8988
93,v4,v3,40.0,30.15,20.0,1.0,0.1507,0.4,12.5145,False,all_dynamic_snr,22.3432,0.8945
93,v4,v17,40.0,31.32,20.0,1.0,0.1566,0.4,12.2497,False,all_dynamic_snr,22.3344,0.8984
93,v4,v18,40.0,90.2,50.0,1.0,0.451,1.0,2.4915,True,all_dynamic_snr,21.2698,0.8727
93,v4,v11,40.0,110.04,0.0,1.0,0.5502,0.0,7.3351,False,all_dynamic_snr,22.0266,0.8795
94,v1,v20,40.0,50.8,30.0,1.0,0.254,0.6,7.8892,False,all_dynamic_snr,22.0826,0.8855
94,v1,v6,40.0,100.04,10.0,1.0,0.5002,0.2,5.5886,False,all_dynamic_snr,21.8195,0.8896
94,v1,v2,40.0,110.04,20.0,1.0,0.5502,0.4,3.5182,False,all_dynamic_snr,21.4794,0.8646
94,v1,v13,40.0,170.0,10.0,1.0,0.85,0.2,1.9046,True,all_dynamic_snr,21.1235,0.8617
94,v1,v5,40.0,180.0,0.0,1.0,0.9,0.0,3.9156,True,all_dynamic_snr,21.552,0.8705
94,v2,v20,20.0,60.3,50.0,0.6,0.3015,1.0,-14.7102,True,all_dynamic_snr,12.6519,0.3688
94,v2,v1,20.0,110.04,20.0,0.6,0.5502,0.4,-16.4818,True,all_dynamic_snr,11.4655,0.2807
94,v3,v4,20.0,10.44,20.0,0.6,0.0522,0.4,-0.1164,True,all_dynamic_snr,20.5269,0.8402
94,v3,v17,20.0,20.88,50.0,0.6,0.1044,1.0,-7.3411,True,all_dynamic_snr,17.3144,0.6904
94,v3,v18,20.0,50.09,60.0,0.6,0.2504,1.2,-13.9568,True,all_dynamic_snr,13.1783,0.3877
94,v3,v7,20.0,60.0,20.0,0.6,0.3,0.4,-12.2674,True,all_dynamic_snr,14.3146,0.4604
94,v3,v11,20.0,100.0,10.0,0.6,0.5,0.2,-14.4082,True,all_dynamic_snr,12.9151,0.384
94,v4,v3,40.0,10.44,20.0,1.0,0.0522,0.4,19.8836,False,all_dynamic_snr,22.4687,0.8998
94,v4,v17,40.0,13.45,70.0,1.0,0.0673,1.4,14.7139,True,all_dynamic_snr,22.4067,0.8984
94,v4,v18,40.0,40.45,80.0,1.0,0.2022,1.6,6.6558,True,all_dynamic_snr,21.9537,0.8779
94,v4,v7,40.0,50.09,0.0,1.0,0.2504,0.0,12.804,False,all_dynamic_snr,22.3528,0.9012
94,v4,v11,40.0,110.04,10.0,1.0,0.5502,0.2,4.9269,False,all_dynamic_snr,21.7164,0.8797
95,v1,v20,40.0,21.93,20.0,1.0,0.1097,0.4,14.7259,False,all_dynamic_snr,22.3991,0.8959
95,v1,v6,40.0,110.04,40.0,1.0,0.5502,0.8,1.7434,True,all_dynamic_snr,21.0681,0.8512
95,v1,v2,40.0,130.03,20.0,1.0,0.6502,0.4,2.3581,True,all_dynamic_snr,21.24,0.8609
95,v1,v13,40.0,160.0,0.0,1.0,0.8,0.0,4.7341,True,all_dynamic_snr,21.7057,0.8807
95,v1,v5,40.0,180.0,40.0,1.0,0.9,0.8,-1.6761,True,all_dynamic_snr,20.0087,0.8238
95,v2,v20,20.0,110.16,40.0,0.6,0.5508,0.8,-18.2644,True,all_dynamic_snr,10.2219,0.2365
95,v2,v1,20.0,130.03,20.0,0.6,0.6502,0.4,-17.6419,True,all_dynamic_snr,10.6625,0.2471
95,v3,v18,20.0,10.44,60.0,0.6,0.0522,1.2,-3.0602,True,all_dynamic_snr,19.4446,0.7937
95,v3,v4,20.0,30.15,0.0,0.6,0.1507,0.0,-3.6685,False,all_dynamic_snr,19.154,0.7658
95,v3,v17,20.0,30.59,70.0,0.6,0.153,1.4,-10.9949,True,all_dynamic_snr,15.1344,0.5428
95,v3,v7,20.0,80.0,30.0,0.6,0.4,0.6,-15.2659,True,all_dynamic_snr,12.3221,0.3322
95,v3,v11,20.0,90.0,0.0,0.6,0.45,0.0,-11.2679,True,all_dynamic_snr,14.9665,0.5088
95,v4,v3,40.0,30.15,0.0,1.0,0.1507,0.0,16.3315,False,all_dynamic_snr,22.4326,0.8988
95,v4,v18,40.0,40.45,60.0,1.0,0.2022,1.2,7.5289,True,all_dynamic_snr,22.0379,0.882
95,v4,v7,40.0,50.09,30.0,1.0,0.2504,0.6,7.9875,False,all_dynamic_snr,22.086,0.8879
95,v4,v17,40.0,60.67,70.0,1.0,0.3034,1.4,4.2476,True,all_dynamic_snr,21.6267,0.8787
95,v4,v11,40.0,120.04,0.0,1.0,0.6002,0.0,6.7309,False,all_dynamic_snr,21.966,0.891
96,v1,v20,40.0,9.0,70.0,1.0,0.045,1.4,17.5074,True,all_dynamic_snr,22.4456,0.8969
96,v1,v6,40.0,70.06,10.0,1.0,0.3503,0.2,8.0638,False,all_dynamic_snr,22.0918,0.8902
96,v1,v5,40.0,140.0,10.0,1.0,0.7,0.2,3.2537,False,all_dynamic_snr,21.4344,0.8707
96,v1,v2,40.0,150.03,10.0,1.0,0.7501,0.2,2.7729,False,all_dynamic_snr,21.3117,0.8764
96,v1,v13,40.0,160.0,10.0,1.0,0.8,0.2,2.3258,True,all_dynamic_snr,21.2267,0.8652
96,v2,v1,20.0,150.03,10.0,0.6,0.7501,0.2,-17.2271,True,all_dynamic_snr,10.9041,0.2576
96,v2,v20,20.0,150.12,80.0,0.6,0.7506,1.6,-22.457,True,all_dynamic_snr,7.3136,0.1357
96,v3,v4,20.0,30.15,40.0,0.6,0.1507,0.8,-9.2603,True,all_dynamic_snr,16.1861,0.6211
96,v3,v18,20.0,70.06,60.0,0.6,0.3503,1.2,-16.2887,True,all_dynamic_snr,11.5925,0.3051
96,v3,v11,20.0,90.0,40.0,0.6,0.45,0.8,-16.8596,True,all_dynamic_snr,11.1928,0.2713
96,v3,v17,20.0,100.18,70.0,0.6,0.5009,1.4,-19.2372,True,all_dynamic_snr,9.5154,0.2064
96,v3,v7,20.0,110.0,30.0,0.6,0.55,0.6,-17.4788,True,all_dynamic_snr,10.7616,0.2717
96,v4,v3,40.0,30.15,40.0,1.0,0.1507,0.8,10.7397,True,all_dynamic_snr,22.2705,0.9041
96,v4,v7,40.0,80.06,10.0,1.0,0.4003,0.2,7.1374,False,all_dynamic_snr,22.0065,0.89
96,v4,v18,40.0,100.18,20.0,1.0,0.5009,0.4,4.1705,False,all_dynamic_snr,21.6023,0.8701
96,v4,v11,40.0,120.04,0.0,1.0,0.6002,0.0,6.7309,False,all_dynamic_snr,21.9676,0.8908
96,v4,v17,40.0,130.31,30.0,1.0,0.6516,0.6,1.3438,True,all_dynamic_snr,20.9723,0.8549
97,v1,v6,40.0,60.07,40.0,1.0,0.3004,0.8,5.9491,True,all_dynamic_snr,21.8714,0.884
97,v1,v20,40.0,70.58,60.0,1.0,0.3529,1.2,3.6607,True,all_dynamic_snr,21.4987,0.8631
97,v1,v5,40.0,130.0,40.0,1.0,0.65,0.8,0.5851,True,all_dynamic_snr,20.7572,0.8432
97,v1,v2,40.0,160.03,40.0,1.0,0.8001,0.8,-0.8589,True,all_dynamic_snr,20.2901,0.833
97,v1,v13,40.0,170.0,20.0,1.0,0.85,0.4,0.4958,True,all_dynamic_snr,20.7462,0.852
97,v2,v1,20.0,160.03,40.0,0.6,0.8001,0.8,-20.8589,True,all_dynamic_snr,8.3899,0.1709
97,v3,v4,20.0,10.44,0.0,0.6,0.0522,0.0,3.7006,False,all_dynamic_snr,21.5059,0.8723
97,v3,v7,20.0,80.0,40.0,0.6,0.4,0.8,-16.0412,True,all_dynamic_snr,11.7778,0.3391
97,v3,v15,20.0,120.0,20.0,0.6,0.6,0.4,-17.0839,True,all_dynamic_snr,11.0405,0.2785
97,v3,v11,20.0,130.0,10.0,0.6,0.65,0.2,-16.2313,True,all_dynamic_snr,11.6157,0.3029
97,v3,v18,20.0,130.03,70.0,0.6,0.6502,1.4,-21.0497,True,all_dynamic_snr,8.287,0.1607
97,v4,v3,40.0,10.44,0.0,1.0,0.0522,0.0,23.7006,False,all_dynamic_snr,22.4849,0.8998
97,v4,v7,40.0,90.05,40.0,1.0,0.4502,0.8,3.1365,True,all_dynamic_snr,21.4049,0.8646
97,v4,v15,40.0,110.04,20.0,1.0,0.5502,0.4,3.5182,False,all_dynamic_snr,21.4842,0.8729
97,v4,v11,40.0,120.04,10.0,1.0,0.6002,0.2,4.3227,False,all_dynamic_snr,21.6313,0.882
97,v4,v18,40.0,120.15,70.0,1.0,0.6007,1.4,-0.5003,True,all_dynamic_snr,20.423,0.8441
98,v1,v6,40.0,20.22,0.0,1.0,0.1011,0.0,19.1062,False,all_dynamic_snr,22.4614,0.8998
98,v1,v5,40.0,90.0,20.0,1.0,0.45,0.4,4.9151,False,all_dynamic_snr,21.7231,0.8814
98,v1,v20,40.0,130.31,60.0,1.0,0.6516,1.2,-0.6005,True,all_dynamic_snr,20.3964,0.8189
98,v1,v13,40.0,150.0,10.0,1.0,0.75,0.2,2.7743,False,all_dynamic_snr,21.3382,0.8686
98,v3,v4,20.0,10.44,20.0,0.6,0.0522,0.4,-0.1164,True,all_dynamic_snr,20.5463,0.8338
98,v3,v7,20.0,40.0,10.0,0.6,0.2,0.2,-8.0412,False,all_dynamic_snr,16.896,0.6641
98,v3,v11,20.0,140.0,10.0,0.6,0.7,0.2,-16.7463,True,all_dynamic_snr,11.2786,0.3187
98,v3,v15,20.0,140.0,20.0,0.6,0.7,0.4,-18.155,True,all_dynamic_snr,10.3048,0.2422
98,v3,v8,20.0,150.03,30.0,0.6,0.7501,0.6,-19.6353,True,all_dynamic_snr,9.2759,0.2012
98,v4,v3,40.0,10.44,20.0,1.0,0.0522,0.4,19.8836,False,all_dynamic_snr,22.4696,0.8994
98,v4,v7,40.0,50.09,10.0,1.0,0.2504,0.2,10.3958,False,all_dynamic_snr,22.2508,0.8969
98,v4,v11,40.0,130.03,10.0,1.0,0.6502,0.2,3.7668,False,all_dynamic_snr,21.5165,0.8742
98,v4,v15,40.0,130.03,0.0,1.0,0.6502,0.0,6.1751,False,all_dynamic_snr,21.9027,0.8873
98,v4,v8,40.0,140.0,10.0,1.0,0.7,0.2,3.2537,False,all_dynamic_snr,21.4292,0.8758
99,v1,v6,40.0,20.22,0.0,1.0,0.1011,0.0,19.1062,False,all_dynamic_snr,22.4583,0.8988
99,v1,v5,40.0,70.0,10.0,1.0,0.35,0.2,8.0702,False,all_dynamic_snr,22.0871,0.8871
99,v1,v13,40.0,140.0,0.0,1.0,0.7,0.0,5.662,False,all_dynamic_snr,21.8339,0.89
99,v1,v2,40.0,190.02,20.0,1.0,0.9501,0.4,-0.2779,True,all_dynamic_snr,20.4782,0.8361
99,v1,v20,40.0,190.21,60.0,1.0,0.9511,1.2,-3.2286,True,all_dynamic_snr,19.3636,0.7877
99,v2,v1,20.0,190.02,20.0,0.6,0.9501,0.4,-20.2779,True,all_dynamic_snr,8.8098,0.2006
99,v3,v4,20.0,10.44,10.0,0.6,0.0522,0.2,1.2923,False,all_dynamic_snr,20.956,0.8525
99,v3,v7,20.0,50.0,30.0,0.6,0.25,0.6,-12.0,True,all_dynamic_snr,14.4956,0.4785
99,v3,v15,20.0,120.0,10.0,0.6,0.6,0.2,-15.6751,True,all_dynamic_snr,12.0021,0.3271
99,v3,v8,20.0,120.04,20.0,0.6,0.6002,0.4,-17.086,True,all_dynamic_snr,11.0253,0.2434
99,v3,v11,20.0,130.0,30.0,0.6,0.65,0.6,-18.6396,True,all_dynamic_snr,9.9164,0.2369
99,v4,v3,40.0,10.44,10.0,1.0,0.0522,0.2,21.2923,False,all_dynamic_snr,22.4778,0.9004
99,v4,v7,40.0,40.11,40.0,1.0,0.2006,0.8,8.7558,True,all_dynamic_snr,22.1516,0.8979
99,v4,v8,40.0,130.0,30.0,1.0,0.65,0.6,1.3604,True,all_dynamic_snr,20.9793,0.8406
99,v4,v15,40.0,130.03,20.0,1.0,0.6502,0.4,2.3581,True,all_dynamic_snr,21.2512,0.8697
99,v4,v11,40.0,140.03,40.0,1.0,0.7002,0.8,0.0686,True,all_dynamic_snr,20.6148,0.849
100,v1,v6,40.0,20.22,10.0,1.0,0.1011,0.2,16.698,False,all_dynamic_snr,22.4386,0.8988
100,v1,v5,40.0,60.0,30.0,1.0,0.3,0.6,6.7331,False,all_dynamic_snr,21.9684,0.8979
100,v1,v13,40.0,140.0,30.0,1.0,0.7,0.6,0.8455,True,all_dynamic_snr,20.8371,0.8555
100,v3,v7,20.0,20.0,30.0,0.6,0.1,0.6,-5.633,True,all_dynamic_snr,18.2319,0.743
100,v3,v4,20.0,20.22,10.0,0.6,0.1011,0.2,-3.302,False,all_dynamic_snr,19.341,0.7801
100,v3,v15,20.0,130.0,10.0,0.6,0.65,0.2,-16.2313,True,all_dynamic_snr,11.6245,0.2838
100,v3,v8,20.0,140.03,0.0,0.6,0.7002,0.0,-14.3396,True,all_dynamic_snr,12.934,0.3766
100,v3,v11,20.0,160.0,10.0,0.6,0.8,0.2,-17.6742,True,all_dynamic_snr,10.5945,0.2494
100,v4,v7,40.0,3.0,20.0,1.0,0.015,0.4,28.5491,False,all_dynamic_snr,22.4931,0.9014
100,v4,v3,40.0,20.22,10.0,1.0,0.1011,0.2,16.698,False,all_dynamic_snr,22.4375,0.893
100,v4,v15,40.0,150.03,0.0,1.0,0.7501,0.0,5.1812,False,all_dynamic_snr,21.7575,0.883
100,v4,v8,40.0,160.0,10.0,1.0,0.8,0.2,2.3258,True,all_dynamic_snr,21.2298,0.8568
100,v4,v11,40.0,180.02,20.0,1.0,0.9001,0.4,0.0977,True,all_dynamic_snr,20.6262,0.8453
101,v1,v6,40.0,10.44,10.0,1.0,0.0522,0.2,21.2923,False,all_dynamic_snr,22.4779,0.9014
101,v1,v5,40.0,30.0,0.0,1.0,0.15,0.0,16.3661,False,all_dynamic_snr,22.4361,0.8998
101,v1,v13,40.0,110.0,30.0,1.0,0.55,0.6,2.5212,True,all_dynamic_snr,21.265,0.8766
101,v3,v7,20.0,10.0,0.0,0.6,0.05,0.0,4.0,False,all_dynamic_snr,21.5678,0.8771
101,v3,v4,20.0,10.44,20.0,0.6,0.0522,0.4,-0.1164,True,all_dynamic_snr,20.5289,0.8424
101,v3,v15,20.0,140.0,0.0,0.6,0.7,0.0,-14.338,True,all_dynamic_snr,12.9308,0.3432
101,v3,v8,20.0,140.03,30.0,0.6,0.7002,0.6,-19.1561,True,all_dynamic_snr,9.5464,0.2287
101,v3,v11,20.0,150.0,0.0,0.6,0.75,0.0,-14.8175,True,all_dynamic_snr,12.6192,0.3682
101,v4,v3,40.0,10.44,20.0,1.0,0.0522,0.4,19.8836,False,all_dynamic_snr,22.4702,0.8945
101,v4,v7,40.0,20.22,20.0,1.0,0.1011,0.4,15.2892,False,all_dynamic_snr,22.4142,0.8965
101,v4,v8,40.0,150.0,10.0,1.0,0.75,0.2,2.7743,False,all_dynamic_snr,21.3361,0.8564
101,v4,v15,40.0,150.03,20.0,1.0,0.7501,0.4,1.3642,True,all_dynamic_snr,20.9805,0.8498
101,v4,v11,40.0,160.03,20.0,1.0,0.8001,0.4,0.9159,True,all_dynamic_snr,20.8438,0.8445
102,v1,v6,40.0,20.22,30.0,1.0,0.1011,0.6,14.2897,False,all_dynamic_snr,22.3945,0.8973
102,v1,v5,40.0,30.0,40.0,1.0,0.15,0.8,10.7743,True,all_dynamic_snr,22.272,0.8914
102,v1,v13,40.0,140.0,30.0,1.0,0.7,0.6,0.8455,True,all_dynamic_snr,20.8442,0.859
102,v3,v7,20.0,10.0,20.0,0.6,0.05,0.4,0.183,True,all_dynamic_snr,20.6531,0.8389
102,v3,v4,20.0,10.44,10.0,0.6,0.0522,0.2,1.2923,False,all_dynamic_snr,20.9637,0.8742
102,v3,v15,20.0,140.0,20.0,0.6,0.7,0.4,-18.155,True,all_dynamic_snr,10.2693,0.2463
102,v3,v11,20.0,150.0,0.0,0.6,0.75,0.0,-14.8175,True,all_dynamic_snr,12.6122,0.3643
102,v3,v8,20.0,170.03,20.0,0.6,0.8501,0.4,-19.5052,True,all_dynamic_snr,9.3296,0.2127
102,v4,v7,40.0,3.0,10.0,1.0,0.015,0.2,29.9578,False,all_dynamic_snr,22.4934,0.8988
102,v4,v3,40.0,10.44,10.0,1.0,0.0522,0.2,21.2923,False,all_dynamic_snr,22.4756,0.9023
102,v4,v15,40.0,130.03,10.0,1.0,0.6502,0.2,3.7668,False,all_dynamic_snr,21.5298,0.8736
102,v4,v11,40.0,140.03,10.0,1.0,0.7002,0.2,3.2521,False,all_dynamic_snr,21.428,0.8555
102,v4,v8,40.0,160.0,10.0,1.0,0.8,0.2,2.3258,True,all_dynamic_snr,21.2276,0.8566
103,v1,v6,40.0,50.09,30.0,1.0,0.2504,0.6,7.9875,False,all_dynamic_snr,22.0868,0.8928
103,v1,v5,40.0,70.0,20.0,1.0,0.35,0.4,6.6615,False,all_dynamic_snr,21.9546,0.8791
103,v1,v13,40.0,170.0,0.0,1.0,0.85,0.0,4.3128,True,all_dynamic_snr,21.6259,0.8775
103,v3,v4,20.0,3.0,10.0,0.6,0.015,0.2,9.9578,False,all_dynamic_snr,22.2324,0.8881
103,v3,v7,20.0,10.0,30.0,0.6,0.05,0.6,-0.8165,True,all_dynamic_snr,20.3188,0.8359
103,v3,v15,20.0,120.0,10.0,0.6,0.6,0.2,-15.6751,True,all_dynamic_snr,12.0082,0.3094
103,v3,v11,20.0,150.0,10.0,0.6,0.75,0.2,-17.2257,True,all_dynamic_snr,10.9531,0.243
103,v3,v8,20.0,150.03,30.0,0.6,0.7501,0.6,-19.6353,True,all_dynamic_snr,9.2335,0.2023
103,v4,v3,40.0,3.0,10.0,1.0,0.015,0.2,29.9578,False,all_dynamic_snr,22.4934,0.8998
103,v4,v7,40.0,10.44,20.0,1.0,0.0522,0.4,19.8836,False,all_dynamic_snr,22.4707,0.8979
103,v4,v15,40.0,120.04,0.0,1.0,0.6002,0.0,6.7309,False,all_dynamic_snr,21.9669,0.8881
103,v4,v8,40.0,150.0,20.0,1.0,0.75,0.4,1.3656,True,all_dynamic_snr,20.9783,0.8527
103,v4,v11,40.0,150.03,20.0,1.0,0.7501,0.4,1.3642,True,all_dynamic_snr,20.993,0.8662
104,v1,v6,40.0,80.06,0.0,1.0,0.4003,0.0,9.5457,False,all_dynamic_snr,22.2093,0.9018
104,v1,v5,40.0,90.0,30.0,1.0,0.45,0.6,3.9156,False,all_dynamic_snr,21.56,0.8701
104,v1,v13,40.0,170.0,10.0,1.0,0.85,0.2,1.9046,True,all_dynamic_snr,21.1278,0.851
104,v3,v4,20.0,10.44,10.0,0.6,0.0522,0.2,1.2923,False,all_dynamic_snr,20.9728,0.8594
104,v3,v7,20.0,20.0,10.0,0.6,0.1,0.2,-3.2247,False,all_dynamic_snr,19.3684,0.7797
104,v3,v15,20.0,130.0,20.0,0.6,0.65,0.4,-17.6401,True,all_dynamic_snr,10.6244,0.2635
104,v3,v11,20.0,140.0,20.0,0.6,0.7,0.4,-18.155,True,all_dynamic_snr,10.3404,0.2336
104,v3,v8,20.0,180.02,30.0,0.6,0.9001,0.6,-20.9018,True,all_dynamic_snr,8.3699,0.1797
104,v4,v3,40.0,10.44,10.0,1.0,0.0522,0.2,21.2923,False,all_dynamic_snr,22.4752,0.8984
104,v4,v7,40.0,10.44,0.0,1.0,0.0522,0.0,23.7006,False,all_dynamic_snr,22.4859,0.8979
104,v4,v15,40.0,120.04,10.0,1.0,0.6002,0.2,4.3227,False,all_dynamic_snr,21.6176,0.8768
104,v4,v11,40.0,130.03,10.0,1.0,0.6502,0.2,3.7668,False,all_dynamic_snr,21.538,0.8809
104,v4,v8,40.0,170.0,20.0,1.0,0.85,0.4,0.4958,True,all_dynamic_snr,20.7459,0.8469
105,v1,v6,40.0,80.06,20.0,1.0,0.4003,0.4,5.7287,False,all_dynamic_snr,21.8341,0.8814
105,v1,v5,40.0,120.0,0.0,1.0,0.6,0.0,6.7331,False,all_dynamic_snr,21.9598,0.8801
105,v1,v13,40.0,160.0,30.0,1.0,0.8,0.6,-0.0824,True,all_dynamic_snr,20.5733,0.8467
105,v1,v2,40.0,190.02,10.0,1.0,0.9501,0.2,1.1308,True,all_dynamic_snr,20.9201,0.8416
105,v2,v1,20.0,190.02,10.0,0.6,0.9501,0.2,-18.8692,True,all_dynamic_snr,9.7798,0.2154
105,v3,v4,20.0,3.0,0.0,0.6,0.015,0.0,12.3661,False,all_dynamic_snr,22.3348,0.8979
105,v3,v7,20.0,10.0,10.0,0.6,0.05,0.2,1.5918,False,all_dynamic_snr,21.0401,0.849
105,v3,v15,20.0,110.0,30.0,0.6,0.55,0.6,-17.4788,True,all_dynamic_snr,10.7252,0.2656
105,v3,v11,20.0,120.0,10.0,0.6,0.6,0.2,-15.6751,True,all_dynamic_snr,11.9902,0.317
105,v3,v8,20.0,150.03,10.0,0.6,0.7501,0.2,-17.2271,True,all_dynamic_snr,10.9081,0.2836
105,v4,v3,40.0,3.0,0.0,1.0,0.015,0.0,32.3661,False,all_dynamic_snr,22.4948,0.8988
105,v4,v7,40.0,10.44,10.0,1.0,0.0522,0.2,21.2923,False,all_dynamic_snr,22.4768,0.9004
105,v4,v15,40.0,110.04,30.0,1.0,0.5502,0.6,2.5187,True,all_dynamic_snr,21.265,0.8652
105,v4,v11,40.0,120.04,10.0,1.0,0.6002,0.2,4.3227,False,all_dynamic_snr,21.6365,0.8721
105,v4,v8,40.0,150.0,10.0,1.0,0.75,0.2,2.7743,False,all_dynamic_snr,21.3277,0.8619
106,v1,v6,40.0,60.07,30.0,1.0,0.3004,0.6,6.7244,False,all_dynamic_snr,21.9583,0.8928
106,v1,v5,40.0,120.0,40.0,1.0,0.6,0.8,1.1413,True,all_dynamic_snr,20.9285,0.8627
106,v1,v13,40.0,130.0,30.0,1.0,0.65,0.6,1.3604,True,all_dynamic_snr,20.9801,0.8578
106,v1,v2,40.0,180.02,10.0,1.0,0.9001,0.2,1.5064,True,all_dynamic_snr,21.0234,0.8512
106,v2,v1,20.0,180.02,10.0,0.6,0.9001,0.2,-18.4936,True,all_dynamic_snr,10.0562,0.2285
106,v3,v4,20.0,3.0,10.0,0.6,0.015,0.2,9.9578,False,all_dynamic_snr,22.2297,0.8998
106,v3,v7,20.0,20.0,10.0,0.6,0.1,0.2,-3.2247,False,all_dynamic_snr,19.3575,0.8006
106,v3,v15,20.0,80.0,10.0,0.6,0.4,0.2,-12.8577,True,all_dynamic_snr,13.9072,0.4406
106,v3,v11,20.0,110.0,10.0,0.6,0.55,0.2,-15.0705,True,all_dynamic_snr,12.4368,0.3645
106,v3,v8,20.0,140.03,30.0,0.6,0.7002,0.6,-19.1561,True,all_dynamic_snr,9.5962,0.2158
106,v4,v3,40.0,3.0,10.0,1.0,0.015,0.2,29.9578,False,all_dynamic_snr,22.4946,0.8998
106,v4,v7,40.0,20.22,20.0,1.0,0.1011,0.4,15.2892,False,all_dynamic_snr,22.4177,0.8943
106,v4,v15,40.0,80.06,0.0,1.0,0.4003,0.0,9.5457,False,all_dynamic_snr,22.209,0.8941
106,v4,v11,40.0,110.04,0.0,1.0,0.5502,0.0,7.3351,False,all_dynamic_snr,22.0187,0.8836
106,v4,v8,40.0,140.0,40.0,1.0,0.7,0.8,0.0702,True,all_dynamic_snr,20.6174,0.8373
107,v1,v6,40.0,90.05,10.0,1.0,0.4502,0.2,6.32,False,all_dynamic_snr,21.9178,0.8818
107,v1,v5,40.0,160.0,10.0,1.0,0.8,0.2,2.3258,True,all_dynamic_snr,21.2182,0.8635
107,v1,v13,40.0,160.0,20.0,1.0,0.8,0.4,0.9171,True,all_dynamic_snr,20.8643,0.8467
107,v1,v2,40.0,170.03,40.0,1.0,0.8501,0.8,-1.28,True,all_dynamic_snr,20.1436,0.8295
107,v2,v1,20.0,170.03,40.0,0.6,0.8501,0.8,-21.28,True,all_dynamic_snr,8.1118,0.1758
107,v3,v4,20.0,10.44,10.0,0.6,0.0522,0.2,1.2923,False,all_dynamic_snr,20.9625,0.852
107,v3,v7,20.0,30.0,10.0,0.6,0.15,0.2,-6.0422,False,all_dynamic_snr,18.0196,0.7293
107,v3,v15,20.0,70.0,30.0,0.6,0.35,0.6,-14.338,True,all_dynamic_snr,12.9344,0.3602
107,v3,v11,20.0,100.0,10.0,0.6,0.5,0.2,-14.4082,True,all_dynamic_snr,12.8802,0.3693
107,v3,v8,20.0,170.03,0.0,0.6,0.8501,0.0,-15.6883,True,all_dynamic_snr,11.9828,0.3094
107,v4,v3,40.0,10.44,10.0,1.0,0.0522,0.2,21.2923,False,all_dynamic_snr,22.4769,0.9023
107,v4,v7,40.0,40.11,0.0,1.0,0.2006,0.0,14.3476,False,all_dynamic_snr,22.3945,0.9018
107,v4,v15,40.0,80.06,20.0,1.0,0.4003,0.4,5.7287,False,all_dynamic_snr,21.8369,0.8742
107,v4,v11,40.0,110.04,0.0,1.0,0.5502,0.0,7.3351,False,all_dynamic_snr,22.0257,0.8816
107,v4,v8,40.0,180.0,10.0,1.0,0.9,0.2,1.5074,True,all_dynamic_snr,21.0298,0.852
108,v1,v6,40.0,80.06,10.0,1.0,0.4003,0.2,7.1374,False,all_dynamic_snr,22.0116,0.8889
108,v1,v13,40.0,140.0,0.0,1.0,0.7,0.0,5.662,False,all_dynamic_snr,21.8323,0.8697
108,v1,v5,40.0,150.0,40.0,1.0,0.75,0.8,-0.4092,True,all_dynamic_snr,20.4643,0.851
108,v3,v7,20.0,20.0,0.0,0.6,0.1,0.0,-0.8165,False,all_dynamic_snr,20.3262,0.8387
108,v3,v4,20.0,20.22,30.0,0.6,0.1011,0.6,-5.7103,True,all_dynamic_snr,18.1939,0.7199
108,v3,v15,20.0,40.0,10.0,0.6,0.2,0.2,-8.0412,False,all_dynamic_snr,16.9342,0.6477
108,v3,v11,20.0,90.0,30.0,0.6,0.45,0.6,-16.0844,True,all_dynamic_snr,11.723,0.3082
108,v3,v8,20.0,170.03,30.0,0.6,0.8501,0.6,-20.5047,True,all_dynamic_snr,8.6699,0.1834
108,v4,v3,40.0,20.22,30.0,1.0,0.1011,0.6,14.2897,False,all_dynamic_snr,22.3933,0.8982
108,v4,v7,40.0,40.11,30.0,1.0,0.2006,0.6,9.5311,False,all_dynamic_snr,22.2022,0.8941
108,v4,v15,40.0,60.07,40.0,1.0,0.3004,0.8,5.9491,True,all_dynamic_snr,21.8625,0.8865
108,v4,v11,40.0,110.04,0.0,1.0,0.5502,0.0,7.3351,False,all_dynamic_snr,22.0311,0.8863
108,v4,v8,40.0,190.0,0.0,1.0,0.95,0.0,3.5399,True,all_dynamic_snr,21.4802,0.8813
109,v1,v6,40.0,70.06,20.0,1.0,0.3503,0.4,6.6551,False,all_dynamic_snr,21.9589,0.8852
109,v1,v5,40.0,110.0,20.0,1.0,0.55,0.4,3.5207,False,all_dynamic_snr,21.4782,0.8758
109,v1,v13,40.0,140.0,40.0,1.0,0.7,0.8,0.0702,True,all_dynamic_snr,20.6022,0.8502
109,v3,v7,20.0,20.0,0.0,0.6,0.1,0.0,-0.8165,False,all_dynamic_snr,20.3142,0.8355
109,v3,v15,20.0,50.0,0.0,0.6,0.25,0.0,-7.1835,False,all_dynamic_snr,17.4031,0.6975
109,v3,v4,20.0,50.09,10.0,0.6,0.2504,0.2,-9.6042,False,all_dynamic_snr,16.0108,0.5918
109,v3,v11,20.0,60.0,0.0,0.6,0.3,0.0,-8.4504,True,all_dynamic_snr,16.681,0.6316
109,v3,v8,20.0,140.03,20.0,0.6,0.7002,0.4,-18.1566,True,all_dynamic_snr,10.2788,0.2383
109,v4,v3,40.0,50.09,10.0,1.0,0.2504,0.2,10.3958,False,all_dynamic_snr,22.2507,0.8955
109,v4,v7,40.0,70.06,10.0,1.0,0.3503,0.2,8.0638,False,all_dynamic_snr,22.0898,0.9014
109,v4,v15,40.0,100.04,10.0,1.0,0.5002,0.2,5.5886,False,all_dynamic_snr,21.8251,0.8869
109,v4,v11,40.0,110.04,10.0,1.0,0.5502,0.2,4.9269,False,all_dynamic_snr,21.7214,0.8811
109,v4,v8,40.0,190.0,30.0,1.0,0.95,0.6,-1.2765,True,all_dynamic_snr,20.1555,0.8318
110,v1,v6,40.0,90.05,10.0,1.0,0.4502,0.2,6.32,False,all_dynamic_snr,21.917,0.8811
110,v1,v5,40.0,130.0,20.0,1.0,0.65,0.4,2.3599,True,all_dynamic_snr,21.2252,0.8578
110,v1,v13,40.0,180.0,30.0,1.0,0.9,0.6,-0.9008,True,all_dynamic_snr,20.2674,0.8266
110,v3,v7,20.0,20.0,10.0,0.6,0.1,0.2,-3.2247,False,all_dynamic_snr,19.3614,0.79
110,v3,v15,20.0,50.0,20.0,0.6,0.25,0.4,-11.0005,True,all_dynamic_snr,15.1549,0.5344
110,v3,v11,20.0,60.0,20.0,0.6,0.3,0.4,-12.2674,True,all_dynamic_snr,14.3135,0.4719
110,v3,v4,20.0,60.07,0.0,0.6,0.3004,0.0,-8.4591,True,all_dynamic_snr,16.6472,0.642
110,v3,v8,20.0,160.03,0.0,0.6,0.8001,0.0,-15.2671,True,all_dynamic_snr,12.3081,0.3365
110,v4,v3,40.0,60.07,0.0,1.0,0.3004,0.0,11.5409,False,all_dynamic_snr,22.3074,0.8984
110,v4,v7,40.0,80.06,10.0,1.0,0.4003,0.2,7.1374,False,all_dynamic_snr,22.0044,0.8908
110,v4,v15,40.0,110.04,20.0,1.0,0.5502,0.4,3.5182,False,all_dynamic_snr,21.4828,0.8623
110,v4,v11,40.0,120.04,20.0,1.0,0.6002,0.4,2.914,False,all_dynamic_snr,21.3666,0.8539
111,v1,v6,40.0,100.04,10.0,1.0,0.5002,0.2,5.5886,False,all_dynamic_snr,21.827,0.8727
111,v1,v5,40.0,150.0,30.0,1.0,0.75,0.6,0.3661,True,all_dynamic_snr,20.7105,0.851
111,v1,v2,40.0,180.02,20.0,1.0,0.9001,0.4,0.0977,True,all_dynamic_snr,20.6278,0.8215
111,v2,v1,20.0,180.02,20.0,0.6,0.9001,0.4,-19.9023,True,all_dynamic_snr,9.0849,0.2145
111,v3,v7,20.0,30.0,20.0,0.6,0.15,0.4,-7.4509,True,all_dynamic_snr,17.2699,0.6605
111,v3,v4,20.0,60.07,10.0,0.6,0.3004,0.2,-10.8673,True,all_dynamic_snr,15.2122,0.5416
111,v3,v15,20.0,70.0,0.0,0.6,0.35,0.0,-9.5216,True,all_dynamic_snr,16.016,0.5943
111,v3,v11,20.0,80.0,20.0,0.6,0.4,0.4,-14.2664,True,all_dynamic_snr,13.0129,0.3668
111,v3,v8,20.0,160.03,10.0,0.6,0.8001,0.2,-17.6754,True,all_dynamic_snr,10.6382,0.2459
111,v4,v3,40.0,60.07,10.0,1.0,0.3004,0.2,9.1327,False,all_dynamic_snr,22.1679,0.8949
111,v4,v7,40.0,90.05,30.0,1.0,0.4502,0.6,3.9118,True,all_dynamic_snr,21.5532,0.8781
111,v4,v15,40.0,130.03,10.0,1.0,0.6502,0.2,3.7668,False,all_dynamic_snr,21.5387,0.8762
111,v4,v11,40.0,140.03,30.0,1.0,0.7002,0.6,0.8439,True,all_dynamic_snr,20.8522,0.8555
112,v1,v6,40.0,90.05,10.0,1.0,0.4502,0.2,6.32,False,all_dynamic_snr,21.922,0.877
112,v1,v5,40.0,120.0,20.0,1.0,0.6,0.4,2.9161,False,all_dynamic_snr,21.3479,0.8549
112,v1,v13,40.0,180.0,0.0,1.0,0.9,0.0,3.9156,True,all_dynamic_snr,21.556,0.8746
112,v3,v7,20.0,50.0,10.0,0.6,0.25,0.2,-9.5918,False,all_dynamic_snr,16.0038,0.5963
112,v3,v15,20.0,70.0,10.0,0.6,0.35,0.2,-11.9298,True,all_dynamic_snr,14.5322,0.4994
112,v3,v4,20.0,70.06,20.0,0.6,0.3503,0.4,-13.3449,True,all_dynamic_snr,13.6372,0.4209
112,v3,v11,20.0,100.0,0.0,0.6,0.5,0.0,-12.0,True,all_dynamic_snr,14.5047,0.4762
112,v3,v8,20.0,170.03,30.0,0.6,0.8501,0.6,-20.5047,True,all_dynamic_snr,8.701,0.1922
112,v4,v3,40.0,70.06,20.0,1.0,0.3503,0.4,6.6551,False,all_dynamic_snr,21.9559,0.8967
112,v4,v7,40.0,120.04,10.0,1.0,0.6002,0.2,4.3227,False,all_dynamic_snr,21.6395,0.8727
112,v4,v15,40.0,140.03,30.0,1.0,0.7002,0.6,0.8439,True,all_dynamic_snr,20.8298,0.852
112,v4,v11,40.0,170.03,20.0,1.0,0.8501,0.4,0.4948,True,all_dynamic_snr,20.7335,0.85
113,v1,v6,40.0,80.06,20.0,1.0,0.4003,0.4,5.7287,False,all_dynamic_snr,21.8333,0.8844
113,v1,v5,40.0,140.0,10.0,1.0,0.7,0.2,3.2537,False,all_dynamic_snr,21.4046,0.8635
113,v1,v13,40.0,180.0,20.0,1.0,0.9,0.4,0.0987,True,all_dynamic_snr,20.6283,0.843
113,v3,v4,20.0,50.09,20.0,0.6,0.2504,0.4,-11.013,True,all_dynamic_snr,15.1084,0.5254
113,v3,v7,20.0,60.0,20.0,0.6,0.3,0.4,-12.2674,True,all_dynamic_snr,14.3254,0.4891
113,v3,v15,20.0,60.0,20.0,0.6,0.3,0.4,-12.2674,True,all_dynamic_snr,14.3024,0.465
113,v3,v11,20.0,100.0,20.0,0.6,0.5,0.4,-15.817,True,all_dynamic_snr,11.8472,0.2953
113,v4,v3,40.0,50.09,20.0,1.0,0.2504,0.4,8.987,False,all_dynamic_snr,22.1634,0.8963
113,v4,v7,40.0,110.04,40.0,1.0,0.5502,0.8,1.7434,True,all_dynamic_snr,21.0815,0.8762
113,v4,v15,40.0,110.04,40.0,1.0,0.5502,0.8,1.7434,True,all_dynamic_snr,21.086,0.849
113,v4,v11,40.0,150.03,40.0,1.0,0.7501,0.8,-0.4106,True,all_dynamic_snr,20.4554,0.8385
114,v1,v6,40.0,100.04,20.0,1.0,0.5002,0.4,4.1799,False,all_dynamic_snr,21.5869,0.8758
114,v1,v5,40.0,130.0,20.0,1.0,0.65,0.4,2.3599,True,all_dynamic_snr,21.236,0.8648
114,v1,v13,40.0,200.0,30.0,1.0,1.0,0.6,-1.633,True,all_dynamic_snr,20.016,0.818
114,v3,v4,20.0,30.15,30.0,0.6,0.1507,0.6,-8.485,True,all_dynamic_snr,16.6691,0.6289
114,v3,v7,20.0,40.0,40.0,0.6,0.2,0.8,-11.2247,True,all_dynamic_snr,14.993,0.523
114,v3,v15,20.0,40.0,0.0,0.6,0.2,0.0,-5.633,False,all_dynamic_snr,18.2383,0.7244
114,v3,v11,20.0,80.0,40.0,0.6,0.4,0.8,-16.0412,True,all_dynamic_snr,11.7377,0.2881
114,v3,v8,20.0,180.02,20.0,0.6,0.9001,0.4,-19.9023,True,all_dynamic_snr,9.0514,0.2121
114,v4,v3,40.0,30.15,30.0,1.0,0.1507,0.6,11.515,False,all_dynamic_snr,22.3095,0.893
114,v4,v7,40.0,70.06,10.0,1.0,0.3503,0.2,8.0638,False,all_dynamic_snr,22.0979,0.89
114,v4,v15,40.0,70.06,30.0,1.0,0.3503,0.6,5.6556,False,all_dynamic_snr,21.8299,0.8902
114,v4,v11,40.0,110.04,10.0,1.0,0.5502,0.2,4.9269,False,all_dynamic_snr,21.7238,0.8742
115,v1,v6,40.0,80.06,30.0,1.0,0.4003,0.6,4.7292,False,all_dynamic_snr,21.6941,0.873
115,v1,v5,40.0,110.0,0.0,1.0,0.55,0.0,7.3377,False,all_dynamic_snr,22.0218,0.8811
115,v1,v13,40.0,170.0,20.0,1.0,0.85,0.4,0.4958,True,all_dynamic_snr,20.7145,0.8391
115,v3,v7,20.0,0.0,10.0,0.6,0.0,0.2,33.5918,False,all_dynamic_snr,22.4956,0.8998
115,v3,v11,20.0,40.0,20.0,0.6,0.2,0.4,-9.4499,True,all_dynamic_snr,16.1019,0.6006
115,v3,v15,20.0,40.0,10.0,0.6,0.2,0.2,-8.0412,False,all_dynamic_snr,16.9139,0.6697
115,v3,v4,20.0,60.07,30.0,0.6,0.3004,0.6,-13.2756,True,all_dynamic_snr,13.6429,0.4324
115,v3,v8,20.0,160.03,30.0,0.6,0.8001,0.6,-20.0836,True,all_dynamic_snr,8.9618,0.2158
115,v4,v3,40.0,60.07,30.0,1.0,0.3004,0.6,6.7244,False,all_dynamic_snr,21.9658,0.8959
115,v4,v7,40.0,60.07,20.0,1.0,0.3004,0.4,7.7239,False,all_dynamic_snr,22.0588,0.8943
115,v4,v11,40.0,100.04,10.0,1.0,0.5002,0.2,5.5886,False,all_dynamic_snr,21.8217,0.8736
115,v4,v15,40.0,100.04,20.0,1.0,0.5002,0.4,4.1799,False,all_dynamic_snr,21.6039,0.8834
116,v1,v5,40.0,110.0,0.0,1.0,0.55,0.0,7.3377,False,all_dynamic_snr,22.0234,0.8904
116,v1,v6,40.0,110.04,20.0,1.0,0.5502,0.4,3.5182,False,all_dynamic_snr,21.4655,0.8779
116,v1,v13,40.0,190.0,0.0,1.0,0.95,0.0,3.5399,True,all_dynamic_snr,21.4861,0.8732
116,v3,v7,20.0,10.0,30.0,0.6,0.05,0.6,-0.8165,True,all_dynamic_snr,20.3108,0.8457
116,v3,v11,20.0,20.0,40.0,0.6,0.1,0.8,-6.4082,True,all_dynamic_snr,17.8224,0.7061
116,v3,v15,20.0,30.0,40.0,0.6,0.15,0.8,-9.2257,True,all_dynamic_snr,16.2413,0.6021
116,v3,v4,20.0,90.05,20.0,0.6,0.4502,0.4,-15.0887,True,all_dynamic_snr,12.4309,0.3564
116,v3,v8,20.0,130.03,40.0,0.6,0.6502,0.8,-19.4167,True,all_dynamic_snr,9.4046,0.2139
116,v4,v7,40.0,80.06,10.0,1.0,0.4003,0.2,7.1374,False,all_dynamic_snr,22.0124,0.882
116,v4,v3,40.0,90.05,20.0,1.0,0.4502,0.4,4.9113,False,all_dynamic_snr,21.7166,0.882
116,v4,v11,40.0,110.04,20.0,1.0,0.5502,0.4,3.5182,False,all_dynamic_snr,21.4753,0.8695
116,v4,v15,40.0,120.04,20.0,1.0,0.6002,0.4,2.914,False,all_dynamic_snr,21.3502,0.8748
117,v1,v5,40.0,110.0,30.0,1.0,0.55,0.6,2.5212,True,all_dynamic_snr,21.2676,0.8609
117,v1,v6,40.0,130.03,40.0,1.0,0.6502,0.8,0.5833,True,all_dynamic_snr,20.7719,0.8447
117,v1,v13,40.0,190.0,10.0,1.0,0.95,0.2,1.1317,True,all_dynamic_snr,20.9256,0.8643
117,v3,v15,20.0,10.0,0.0,0.6,0.05,0.0,4.0,False,all_dynamic_snr,21.5691,0.8799
117,v3,v11,20.0,20.0,0.0,0.6,0.1,0.0,-0.8165,False,all_dynamic_snr,20.3137,0.8166
117,v3,v7,20.0,40.0,10.0,0.6,0.2,0.2,-8.0412,False,all_dynamic_snr,16.9157,0.6443
117,v3,v8,20.0,90.05,30.0,0.6,0.4502,0.6,-16.0882,True,all_dynamic_snr,11.7465,0.3164
117,v3,v4,20.0,110.04,20.0,0.6,0.5502,0.4,-16.4818,True,all_dynamic_snr,11.4605,0.285
117,v4,v7,40.0,70.06,30.0,1.0,0.3503,0.6,5.6556,False,all_dynamic_snr,21.8326,0.8881
117,v4,v11,40.0,90.05,20.0,1.0,0.4502,0.4,4.9113,False,all_dynamic_snr,21.7257,0.8844
117,v4,v15,40.0,100.04,20.0,1.0,0.5002,0.4,4.1799,False,all_dynamic_snr,21.5902,0.8629
117,v4,v3,40.0,110.04,20.0,1.0,0.5502,0.4,3.5182,False,all_dynamic_snr,21.4846,0.8648
117,v4,v8,40.0,200.0,10.0,1.0,1.0,0.2,0.7753,True,all_dynamic_snr,20.8214,0.8514
118,v1,v5,40.0,140.0,40.0,1.0,0.7,0.8,0.0702,True,all_dynamic_snr,20.6035,0.8367
118,v1,v6,40.0,170.03,20.0,1.0,0.8501,0.4,0.4948,True,all_dynamic_snr,20.7416,0.852
118,v1,v13,40.0,200.0,40.0,1.0,1.0,0.8,-2.4082,True,all_dynamic_snr,19.7196,0.8061
118,v3,v15,20.0,10.0,0.0,0.6,0.05,0.0,4.0,False,all_dynamic_snr,21.5758,0.8762
118,v3,v11,20.0,20.0,30.0,0.6,0.1,0.6,-5.633,True,all_dynamic_snr,18.2533,0.7418
118,v3,v7,20.0,50.0,10.0,0.6,0.25,0.2,-9.5918,False,all_dynamic_snr,15.9933,0.5859
118,v3,v4,20.0,90.05,30.0,0.6,0.4502,0.6,-16.0882,True,all_dynamic_snr,11.7329,0.3156
118,v3,v8,20.0,120.04,0.0,0.6,0.6002,0.0,-13.2691,True,all_dynamic_snr,13.6365,0.4268
118,v4,v7,40.0,40.11,20.0,1.0,0.2006,0.4,10.5306,False,all_dynamic_snr,22.2561,0.8895
118,v4,v11,40.0,70.06,0.0,1.0,0.3503,0.0,10.4721,False,all_dynamic_snr,22.2593,0.8918
118,v4,v15,40.0,80.06,30.0,1.0,0.4003,0.6,4.7292,False,all_dynamic_snr,21.6761,0.8863
118,v4,v3,40.0,90.05,30.0,1.0,0.4502,0.6,3.9118,True,all_dynamic_snr,21.5413,0.8779
119,v1,v5,40.0,100.0,0.0,1.0,0.5,0.0,8.0,False,all_dynamic_snr,22.0913,0.8865
119,v1,v6,40.0,150.03,10.0,1.0,0.7501,0.2,2.7729,False,all_dynamic_snr,21.3392,0.8684
119,v1,v13,40.0,160.0,30.0,1.0,0.8,0.6,-0.0824,True,all_dynamic_snr,20.5547,0.8389
119,v3,v11,20.0,10.0,10.0,0.6,0.05,0.2,1.5918,False,all_dynamic_snr,21.0507,0.8514
119,v3,v15,20.0,10.0,20.0,0.6,0.05,0.4,0.183,True,all_dynamic_snr,20.6385,0.8285
119,v3,v7,20.0,40.0,20.0,0.6,0.2,0.4,-9.4499,True,all_dynamic_snr,16.0707,0.5826
119,v3,v4,20.0,60.07,20.0,0.6,0.3004,0.4,-12.2761,True,all_dynamic_snr,14.328,0.4604
119,v3,v8,20.0,120.04,30.0,0.6,0.6002,0.6,-18.0856,True,all_dynamic_snr,10.3571,0.2383
119,v4,v7,40.0,20.22,0.0,1.0,0.1011,0.0,19.1062,False,all_dynamic_snr,22.464,0.8988
119,v4,v15,40.0,50.09,0.0,1.0,0.2504,0.0,12.804,False,all_dynamic_snr,22.3571,0.8924
119,v4,v3,40.0,60.07,20.0,1.0,0.3004,0.4,7.7239,False,all_dynamic_snr,22.07,0.8889
119,v4,v11,40.0,70.06,10.0,1.0,0.3503,0.2,8.0638,False,all_dynamic_snr,22.0922,0.893
119,v4,v8,40.0,180.0,10.0,1.0,0.9,0.2,1.5074,True,all_dynamic_snr,21.0184,0.8605
120,v1,v5,40.0,100.0,0.0,1.0,0.5,0.0,8.0,False,all_dynamic_snr,22.0893,0.8908
120,v1,v13,40.0,130.0,20.0,1.0,0.65,0.4,2.3599,True,all_dynamic_snr,21.2314,0.8557
120,v1,v6,40.0,140.03,20.0,1.0,0.7002,0.4,1.8434,True,all_dynamic_snr,21.1183,0.8717
120,v3,v15,20.0,10.0,20.0,0.6,0.05,0.4,0.183,True,all_dynamic_snr,20.6427,0.8342
120,v3,v7,20.0,20.0,0.0,0.6,0.1,0.0,-0.8165,False,all_dynamic_snr,20.3168,0.8264
120,v3,v11,20.0,20.0,10.0,0.6,0.1,0.2,-3.2247,False,all_dynamic_snr,19.3687,0.7951
120,v3,v4,20.0,40.11,20.0,0.6,0.2006,0.4,-9.4694,True,all_dynamic_snr,16.0935,0.6018
120,v3,v8,20.0,150.03,10.0,0.6,0.7501,0.2,-17.2271,True,all_dynamic_snr,10.9587,0.2641
120,v4,v7,40.0,20.22,20.0,1.0,0.1011,0.4,15.2892,False,all_dynamic_snr,22.414,0.8926
120,v4,v3,40.0,40.11,20.0,1.0,0.2006,0.4,10.5306,False,all_dynamic_snr,22.2607,0.8943
120,v4,v15,40.0,50.09,40.0,1.0,0.2504,0.8,7.2122,True,all_dynamic_snr,22.0128,0.8988
120,v4,v11,40.0,60.07,10.0,1.0,0.3004,0.2,9.1327,False,all_dynamic_snr,22.18,0.8852
120,v4,v8,40.0,190.0,30.0,1.0,0.95,0.6,-1.2765,True,all_dynamic_snr,20.1507,0.8117
121,v1,v5,40.0,100.0,0.0,1.0,0.5,0.0,8.0,False,all_dynamic_snr,22.0909,0.8988
121,v1,v13,40.0,110.0,0.0,1.0,0.55,0.0,7.3377,False,all_dynamic_snr,22.0279,0.8953
121,v1,v6,40.0,160.03,0.0,1.0,0.8001,0.0,4.7329,True,all_dynamic_snr,21.6957,0.8746
121,v3,v15,20.0,10.0,40.0,0.6,0.05,0.8,-1.5918,True,all_dynamic_snr,20.0331,0.8221
121,v3,v7,20.0,20.0,0.0,0.6,0.1,0.0,-0.8165,False,all_dynamic_snr,20.3135,0.8133
121,v3,v4,20.0,20.22,40.0,0.6,0.1011,0.8,-6.4855,True,all_dynamic_snr,17.7746,0.7211
121,v3,v11,20.0,30.0,30.0,0.6,0.15,0.6,-8.4504,True,all_dynamic_snr,16.6935,0.6391
121,v3,v8,20.0,140.03,0.0,0.6,0.7002,0.0,-14.3396,True,all_dynamic_snr,12.9216,0.3775
121,v4,v7,40.0,3.0,40.0,1.0,0.015,0.8,26.7743,True,all_dynamic_snr,22.491,0.8979
121,v4,v15,40.0,10.44,0.0,1.0,0.0522,0.0,23.7006,False,all_dynamic_snr,22.4839,0.8959
121,v4,v3,40.0,20.22,40.0,1.0,0.1011,0.8,13.5145,True,all_dynamic_snr,22.3758,0.8998
121,v4,v11,40.0,50.09,10.0,1.0,0.2504,0.2,10.3958,False,all_dynamic_snr,22.2522,0.8889
121,v4,v8,40.0,160.0,40.0,1.0,0.8,0.8,-0.8577,True,all_dynamic_snr,20.3068,0.8451
122,v1,v5,40.0,100.0,20.0,1.0,0.5,0.4,4.183,False,all_dynamic_snr,21.6004,0.8832
122,v1,v13,40.0,110.0,20.0,1.0,0.55,0.4,3.5207,False,all_dynamic_snr,21.4738,0.8674
122,v1,v6,40.0,160.03,20.0,1.0,0.8001,0.4,0.9159,True,all_dynamic_snr,20.8673,0.8561
122,v3,v11,20.0,0.0,10.0,0.6,0.0,0.2,33.5918,False,all_dynamic_snr,22.495,0.8979
122,v3,v7,20.0,20.0,10.0,0.6,0.1,0.2,-3.2247,False,all_dynamic_snr,19.3748,0.7885
122,v3,v15,20.0,50.0,10.0,0.6,0.25,0.2,-9.5918,False,all_dynamic_snr,16.0083,0.5828
122,v3,v4,20.0,60.07,20.0,0.6,0.3004,0.4,-12.2761,True,all_dynamic_snr,14.3163,0.4684
122,v3,v8,20.0,140.03,20.0,0.6,0.7002,0.4,-18.1566,True,all_dynamic_snr,10.3011,0.2307
122,v4,v15,40.0,10.44,30.0,1.0,0.0522,0.6,18.8841,False,all_dynamic_snr,22.4593,0.8988
122,v4,v7,40.0,40.11,10.0,1.0,0.2006,0.2,11.9393,False,all_dynamic_snr,22.3236,0.8957
122,v4,v3,40.0,60.07,20.0,1.0,0.3004,0.4,7.7239,False,all_dynamic_snr,22.0588,0.8963
122,v4,v11,40.0,60.07,30.0,1.0,0.3004,0.6,6.7244,False,all_dynamic_snr,21.9612,0.885
122,v4,v8,40.0,200.0,40.0,1.0,1.0,0.8,-2.4082,True,all_dynamic_snr,19.7152,0.7934
123,v1,v5,40.0,120.0,20.0,1.0,0.6,0.4,2.9161,False,all_dynamic_snr,21.3615,0.8688
123,v1,v13,40.0,130.0,20.0,1.0,0.65,0.4,2.3599,True,all_dynamic_snr,21.2439,0.8625
123,v1,v6,40.0,140.03,10.0,1.0,0.7002,0.2,3.2521,False,all_dynamic_snr,21.4293,0.8791
123,v3,v7,20.0,10.0,40.0,0.6,0.05,0.8,-1.5918,True,all_dynamic_snr,20.0178,0.8223
123,v3,v11,20.0,10.0,40.0,0.6,0.05,0.8,-1.5918,True,all_dynamic_snr,20.0383,0.8146
123,v3,v4,20.0,40.11,20.0,0.6,0.2006,0.4,-9.4694,True,all_dynamic_snr,16.0556,0.5932
123,v3,v15,20.0,60.0,0.0,0.6,0.3,0.0,-8.4504,True,all_dynamic_snr,16.6749,0.6391
123,v3,v8,20.0,120.04,40.0,0.6,0.6002,0.8,-18.8608,True,all_dynamic_snr,9.7976,0.2168
123,v4,v15,40.0,20.22,20.0,1.0,0.1011,0.4,15.2892,False,all_dynamic_snr,22.4144,0.8949
123,v4,v7,40.0,30.15,20.0,1.0,0.1507,0.4,12.5145,False,all_dynamic_snr,22.3457,0.8988
123,v4,v11,40.0,30.15,20.0,1.0,0.1507,0.4,12.5145,False,all_dynamic_snr,22.3455,0.89
123,v4,v3,40.0,40.11,20.0,1.0,0.2006,0.4,10.5306,False,all_dynamic_snr,22.2644,0.8973
123,v4,v8,40.0,160.0,20.0,1.0,0.8,0.4,0.9171,True,all_dynamic_snr,20.8659,0.8594
124,v1,v5,40.0,140.0,10.0,1.0,0.7,0.2,3.2537,False,all_dynamic_snr,21.4104,0.8863
124,v1,v13,40.0,150.0,30.0,1.0,0.75,0.6,0.3661,True,all_dynamic_snr,20.7002,0.8316
124,v1,v6,40.0,150.03,10.0,1.0,0.7501,0.2,2.7729,False,all_dynamic_snr,21.3392,0.8615
124,v3,v7,20.0,50.0,20.0,0.6,0.25,0.4,-11.0005,True,all_dynamic_snr,15.1333,0.535
124,v3,v11,20.0,50.0,0.0,0.6,0.25,0.0,-7.1835,False,all_dynamic_snr,17.373,0.6785
124,v3,v15,20.0,60.0,10.0,0.6,0.3,0.2,-10.8587,True,all_dynamic_snr,15.2204,0.5355
124,v3,v4,20.0,60.07,20.0,0.6,0.3004,0.4,-12.2761,True,all_dynamic_snr,14.2949,0.4963
124,v3,v8,20.0,80.06,10.0,0.6,0.4003,0.2,-12.8626,True,all_dynamic_snr,13.946,0.4439
124,v4,v15,40.0,3.0,30.0,1.0,0.015,0.6,27.5496,False,all_dynamic_snr,22.4923,0.8988
124,v4,v7,40.0,10.44,0.0,1.0,0.0522,0.0,23.7006,False,all_dynamic_snr,22.4858,0.8988
124,v4,v11,40.0,10.44,20.0,1.0,0.0522,0.4,19.8836,False,all_dynamic_snr,22.4715,0.8988
124,v4,v3,40.0,60.07,20.0,1.0,0.3004,0.4,7.7239,False,all_dynamic_snr,22.063,0.8889
124,v4,v8,40.0,140.0,10.0,1.0,0.7,0.2,3.2537,False,all_dynamic_snr,21.4325,0.876
125,v1,v13,40.0,120.0,10.0,1.0,0.6,0.2,4.3249,False,all_dynamic_snr,21.6168,0.8785
125,v1,v5,40.0,130.0,0.0,1.0,0.65,0.0,6.1769,False,all_dynamic_snr,21.8841,0.8924
125,v1,v6,40.0,140.03,0.0,1.0,0.7002,0.0,5.6604,False,all_dynamic_snr,21.8234,0.8881
125,v3,v11,20.0,50.0,10.0,0.6,0.25,0.2,-9.5918,False,all_dynamic_snr,15.9896,0.5986
125,v3,v15,20.0,50.0,10.0,0.6,0.25,0.2,-9.5918,False,all_dynamic_snr,16.0225,0.591
125,v3,v7,20.0,70.0,10.0,0.6,0.35,0.2,-11.9298,True,all_dynamic_snr,14.5435,0.4803
125,v3,v8,20.0,70.06,30.0,0.6,0.3503,0.6,-14.3444,True,all_dynamic_snr,12.9204,0.3945
125,v3,v4,20.0,80.06,20.0,0.6,0.4003,0.4,-14.2713,True,all_dynamic_snr,12.9482,0.3781
125,v4,v7,40.0,10.44,10.0,1.0,0.0522,0.2,21.2923,False,all_dynamic_snr,22.4765,0.9004
125,v4,v11,40.0,30.15,10.0,1.0,0.1507,0.2,13.9232,False,all_dynamic_snr,22.3883,0.8963
125,v4,v15,40.0,30.15,30.0,1.0,0.1507,0.6,11.515,False,all_dynamic_snr,22.31,0.8957
125,v4,v3,40.0,80.06,20.0,1.0,0.4003,0.4,5.7287,False,all_dynamic_snr,21.8297,0.8814
125,v4,v8,40.0,150.0,10.0,1.0,0.75,0.2,2.7743,False,all_dynamic_snr,21.3412,0.8613
126,v1,v5,40.0,130.0,20.0,1.0,0.65,0.4,2.3599,True,all_dynamic_snr,21.2318,0.8662
126,v1,v13,40.0,130.0,0.0,1.0,0.65,0.0,6.1769,False,all_dynamic_snr,21.8976,0.8813
126,v1,v6,40.0,140.03,10.0,1.0,0.7002,0.2,3.2521,False,all_dynamic_snr,21.4368,0.8771
126,v3,v15,20.0,40.0,20.0,0.6,0.2,0.4,-9.4499,True,all_dynamic_snr,16.0838,0.5889
126,v3,v8,20.0,40.11,10.0,0.6,0.2006,0.2,-8.0607,False,all_dynamic_snr,16.9071,0.6637
126,v3,v11,20.0,60.0,10.0,0.6,0.3,0.2,-10.8587,True,all_dynamic_snr,15.2543,0.5437
126,v3,v7,20.0,80.0,10.0,0.6,0.4,0.2,-12.8577,True,all_dynamic_snr,13.9113,0.452
126,v3,v4,20.0,100.04,0.0,0.6,0.5002,0.0,-12.0031,True,all_dynamic_snr,14.4503,0.4949
126,v4,v7,40.0,20.22,10.0,1.0,0.1011,0.2,16.698,False,all_dynamic_snr,22.44,0.8994
126,v4,v11,40.0,40.11,10.0,1.0,0.2006,0.2,11.9393,False,all_dynamic_snr,22.3329,0.8939
126,v4,v15,40.0,60.07,20.0,1.0,0.3004,0.4,7.7239,False,all_dynamic_snr,22.0614,0.884
126,v4,v3,40.0,100.04,0.0,1.0,0.5002,0.0,7.9969,False,all_dynamic_snr,22.1001,0.8969
126,v4,v8,40.0,140.0,10.0,1.0,0.7,0.2,3.2537,False,all_dynamic_snr,21.4136,0.8584
127,v1,v5,40.0,110.0,20.0,1.0,0.55,0.4,3.5207,False,all_dynamic_snr,21.4797,0.8797
127,v1,v13,40.0,130.0,40.0,1.0,0.65,0.8,0.5851,True,all_dynamic_snr,20.7731,0.8531
127,v1,v6,40.0,150.03,0.0,1.0,0.7501,0.0,5.1812,False,all_dynamic_snr,21.7679,0.8861
127,v3,v8,20.0,50.09,30.0,0.6,0.2504,0.6,-12.0125,True,all_dynamic_snr,14.4762,0.4709
127,v3,v15,20.0,60.0,20.0,0.6,0.3,0.4,-12.2674,True,all_dynamic_snr,14.2932,0.4602
127,v3,v7,20.0,70.0,10.0,0.6,0.35,0.2,-11.9298,True,all_dynamic_snr,14.5108,0.4836
127,v3,v11,20.0,70.0,10.0,0.6,0.35,0.2,-11.9298,True,all_dynamic_snr,14.5554,0.4756
127,v3,v4,20.0,100.04,10.0,0.6,0.5002,0.2,-14.4114,True,all_dynamic_snr,12.9094,0.3586
127,v4,v7,40.0,30.15,0.0,1.0,0.1507,0.0,16.3315,False,all_dynamic_snr,22.4328,0.9008
127,v4,v11,40.0,30.15,0.0,1.0,0.1507,0.0,16.3315,False,all_dynamic_snr,22.4354,0.9004
127,v4,v15,40.0,40.11,30.0,1.0,0.2006,0.6,9.5311,False,all_dynamic_snr,22.2007,0.8988
127,v4,v3,40.0,100.04,10.0,1.0,0.5002,0.2,5.5886,False,all_dynamic_snr,21.8243,0.8846
127,v4,v8,40.0,150.0,40.0,1.0,0.75,0.8,-0.4092,True,all_dynamic_snr,20.4459,0.842
128,v1,v5,40.0,90.0,30.0,1.0,0.45,0.6,3.9156,False,all_dynamic_snr,21.5441,0.8732
128,v1,v13,40.0,90.0,30.0,1.0,0.45,0.6,3.9156,False,all_dynamic_snr,21.5456,0.8846
128,v1,v6,40.0,150.03,20.0,1.0,0.7501,0.4,1.3642,True,all_dynamic_snr,20.9775,0.848
128,v3,v15,20.0,40.0,10.0,0.6,0.2,0.2,-8.0412,False,all_dynamic_snr,16.8904,0.6504
128,v3,v7,20.0,80.0,30.0,0.6,0.4,0.6,-15.2659,True,all_dynamic_snr,12.28,0.3441
128,v3,v11,20.0,80.0,0.0,0.6,0.4,0.0,-10.4494,True,all_dynamic_snr,15.4925,0.5611
128,v3,v8,20.0,80.06,0.0,0.6,0.4003,0.0,-10.4543,True,all_dynamic_snr,15.451,0.5508
128,v3,v4,20.0,110.04,30.0,0.6,0.5502,0.6,-17.4813,True,all_dynamic_snr,10.7762,0.2746
128,v4,v7,40.0,30.15,0.0,1.0,0.1507,0.0,16.3315,False,all_dynamic_snr,22.4336,0.8998
128,v4,v11,40.0,30.15,30.0,1.0,0.1507,0.6,11.515,False,all_dynamic_snr,22.3087,0.8949
128,v4,v15,40.0,70.06,40.0,1.0,0.3503,0.8,4.8803,True,all_dynamic_snr,21.7164,0.8748
128,v4,v3,40.0,110.04,30.0,1.0,0.5502,0.6,2.5187,True,all_dynamic_snr,21.2572,0.8707
128,v4,v8,40.0,190.0,30.0,1.0,0.95,0.6,-1.2765,True,all_dynamic_snr,20.1345,0.8375
129,v1,v5,40.0,60.0,0.0,1.0,0.3,0.0,11.5496,False,all_dynamic_snr,22.3134,0.8943
129,v1,v13,40.0,60.0,0.0,1.0,0.3,0.0,11.5496,False,all_dynamic_snr,22.307,0.9018
129,v1,v6,40.0,130.03,30.0,1.0,0.6502,0.6,1.3586,True,all_dynamic_snr,20.9835,0.8537
129,v3,v7,20.0,50.0,20.0,0.6,0.25,0.4,-11.0005,True,all_dynamic_snr,15.1152,0.5328
129,v3,v15,20.0,50.0,10.0,0.6,0.25,0.2,-9.5918,False,all_dynamic_snr,15.9853,0.5752
129,v3,v11,20.0,80.0,40.0,0.6,0.4,0.8,-16.0412,True,all_dynamic_snr,11.7649,0.2879
129,v3,v4,20.0,80.06,40.0,0.6,0.4003,0.8,-16.0461,True,all_dynamic_snr,11.7766,0.3086
129,v3,v8,20.0,80.06,40.0,0.6,0.4003,0.8,-16.0461,True,all_dynamic_snr,11.7449,0.3068
129,v4,v11,40.0,3.0,0.0,1.0,0.015,0.0,32.3661,False,all_dynamic_snr,22.495,0.8998
129,v4,v7,40.0,30.15,20.0,1.0,0.1507,0.4,12.5145,False,all_dynamic_snr,22.3441,0.9053
129,v4,v15,40.0,30.15,30.0,1.0,0.1507,0.6,11.515,False,all_dynamic_snr,22.3072,0.8959
129,v4,v3,40.0,80.06,40.0,1.0,0.4003,0.8,3.9539,True,all_dynamic_snr,21.5574,0.8723
129,v4,v8,40.0,160.0,0.0,1.0,0.8,0.0,4.7341,True,all_dynamic_snr,21.7002,0.8867
130,v1,v5,40.0,60.0,10.0,1.0,0.3,0.2,9.1413,False,all_dynamic_snr,22.1836,0.8982
130,v1,v13,40.0,60.0,20.0,1.0,0.3,0.4,7.7326,False,all_dynamic_snr,22.0622,0.8914
130,v1,v6,40.0,100.04,20.0,1.0,0.5002,0.4,4.1799,False,all_dynamic_snr,21.5854,0.8738
130,v3,v7,20.0,30.0,10.0,0.6,0.15,0.2,-6.0422,False,all_dynamic_snr,18.0021,0.7369
130,v3,v11,20.0,40.0,0.0,0.6,0.2,0.0,-5.633,False,all_dynamic_snr,18.2097,0.7441
130,v3,v15,20.0,40.0,30.0,0.6,0.2,0.6,-10.4494,True,all_dynamic_snr,15.4722,0.5826
130,v3,v4,20.0,40.11,30.0,0.6,0.2006,0.6,-10.4689,True,all_dynamic_snr,15.4629,0.5818
130,v3,v8,20.0,120.04,30.0,0.6,0.6002,0.6,-18.0856,True,all_dynamic_snr,10.3659,0.2396
130,v4,v11,40.0,3.0,30.0,1.0,0.015,0.6,27.5496,False,all_dynamic_snr,22.4928,0.9008
130,v4,v15,40.0,3.0,0.0,1.0,0.015,0.0,32.3661,False,all_dynamic_snr,22.4955,0.9008
130,v4,v7,40.0,10.44,20.0,1.0,0.0522,0.4,19.8836,False,all_dynamic_snr,22.47,0.8979
130,v4,v3,40.0,40.11,30.0,1.0,0.2006,0.6,9.5311,False,all_dynamic_snr,22.2062,0.8885
130,v4,v8,40.0,160.0,0.0,1.0,0.8,0.0,4.7341,True,all_dynamic_snr,21.6922,0.8871
131,v1,v5,40.0,50.0,10.0,1.0,0.25,0.2,10.4082,False,all_dynamic_snr,22.2531,0.8943
131,v1,v13,40.0,80.0,0.0,1.0,0.4,0.0,9.5506,False,all_dynamic_snr,22.1985,0.8953
131,v1,v6,40.0,120.04,20.0,1.0,0.6002,0.4,2.914,False,all_dynamic_snr,21.3539,0.8604
131,v3,v15,20.0,10.0,0.0,0.6,0.05,0.0,4.0,False,all_dynamic_snr,21.5683,0.8656
131,v3,v4,20.0,10.44,0.0,0.6,0.0522,0.0,3.7006,False,all_dynamic_snr,21.4935,0.8734
131,v3,v7,20.0,20.0,0.0,0.6,0.1,0.0,-0.8165,False,all_dynamic_snr,20.3268,0.8371
131,v3,v11,20.0,40.0,10.0,0.6,0.2,0.2,-8.0412,False,all_dynamic_snr,16.9014,0.6572
131,v3,v8,20.0,150.03,10.0,0.6,0.7501,0.2,-17.2271,True,all_dynamic_snr,10.952,0.2645
131,v4,v15,40.0,3.0,0.0,1.0,0.015,0.0,32.3661,False,all_dynamic_snr,22.4949,0.8988
131,v4,v3,40.0,10.44,0.0,1.0,0.0522,0.0,23.7006,False,all_dynamic_snr,22.486,0.8998
131,v4,v7,40.0,10.44,0.0,1.0,0.0522,0.0,23.7006,False,all_dynamic_snr,22.4842,0.8959
131,v4,v11,40.0,30.15,10.0,1.0,0.1507,0.2,13.9232,False,all_dynamic_snr,22.385,0.8965
131,v4,v8,40.0,160.0,10.0,1.0,0.8,0.2,2.3258,True,all_dynamic_snr,21.2144,0.8502
132,v1,v5,40.0,60.0,30.0,1.0,0.3,0.6,6.7331,False,all_dynamic_snr,21.9666,0.8852
132,v1,v13,40.0,80.0,10.0,1.0,0.4,0.2,7.1423,False,all_dynamic_snr,21.9993,0.8947
132,v1,v6,40.0,140.03,0.0,1.0,0.7002,0.0,5.6604,False,all_dynamic_snr,21.8369,0.8766
132,v3,v15,20.0,10.0,10.0,0.6,0.05,0.2,1.5918,False,all_dynamic_snr,21.0296,0.8473
132,v3,v4,20.0,10.44,10.0,0.6,0.0522,0.2,1.2923,False,all_dynamic_snr,20.9582,0.8406
132,v3,v7,20.0,20.0,30.0,0.6,0.1,0.6,-5.633,True,all_dynamic_snr,18.2246,0.7443
132,v3,v11,20.0,30.0,0.0,0.6,0.15,0.0,-3.6339,False,all_dynamic_snr,19.2002,0.7918
132,v3,v8,20.0,140.03,10.0,0.6,0.7002,0.2,-16.7479,True,all_dynamic_snr,11.2372,0.2816
132,v4,v15,40.0,3.0,0.0,1.0,0.015,0.0,32.3661,False,all_dynamic_snr,22.495,0.8979
132,v4,v3,40.0,10.44,10.0,1.0,0.0522,0.2,21.2923,False,all_dynamic_snr,22.4776,0.8998
132,v4,v7,40.0,10.44,20.0,1.0,0.0522,0.4,19.8836,False,all_dynamic_snr,22.4691,0.8949
132,v4,v11,40.0,20.22,10.0,1.0,0.1011,0.2,16.698,False,all_dynamic_snr,22.4384,0.9008
132,v4,v8,40.0,150.0,0.0,1.0,0.75,0.0,5.1825,False,all_dynamic_snr,21.757,0.8898
133,v1,v13,40.0,70.0,20.0,1.0,0.35,0.4,6.6615,False,all_dynamic_snr,21.9466,0.8908
133,v1,v5,40.0,90.0,0.0,1.0,0.45,0.0,8.7321,False,all_dynamic_snr,22.1503,0.8822
133,v1,v6,40.0,140.03,20.0,1.0,0.7002,0.4,1.8434,True,all_dynamic_snr,21.11,0.8639
133,v3,v15,20.0,20.0,20.0,0.6,0.1,0.4,-4.6334,True,all_dynamic_snr,18.7243,0.7686
133,v3,v4,20.0,20.22,30.0,0.6,0.1011,0.6,-5.7103,True,all_dynamic_snr,18.2021,0.7291
133,v3,v11,20.0,30.0,30.0,0.6,0.15,0.6,-8.4504,True,all_dynamic_snr,16.683,0.6492
133,v3,v7,20.0,50.0,10.0,0.6,0.25,0.2,-9.5918,False,all_dynamic_snr,16.0037,0.5912
133,v3,v19,20.0,120.0,30.0,0.6,0.6,0.6,-18.0834,True,all_dynamic_snr,10.3116,0.2406
133,v4,v15,40.0,3.0,10.0,1.0,0.015,0.2,29.9578,False,all_dynamic_snr,22.4942,0.9004
133,v4,v11,40.0,10.44,0.0,1.0,0.0522,0.0,23.7006,False,all_dynamic_snr,22.4852,0.8979
133,v4,v3,40.0,20.22,30.0,1.0,0.1011,0.6,14.2897,False,all_dynamic_snr,22.3931,0.8969
133,v4,v7,40.0,30.15,20.0,1.0,0.1507,0.4,12.5145,False,all_dynamic_snr,22.3447,0.9023
133,v4,v19,40.0,140.03,0.0,1.0,0.7002,0.0,5.6604,False,all_dynamic_snr,21.8318,0.8807
134,v1,v13,40.0,50.0,0.0,1.0,0.25,0.0,12.8165,False,all_dynamic_snr,22.3505,0.8939
134,v1,v5,40.0,90.0,0.0,1.0,0.45,0.0,8.7321,False,all_dynamic_snr,22.1562,0.8943
134,v1,v6,40.0,120.04,20.0,1.0,0.6002,0.4,2.914,False,all_dynamic_snr,21.3552,0.8662
134,v3,v15,20.0,40.0,30.0,0.6,0.2,0.6,-10.4494,True,all_dynamic_snr,15.4638,0.56
134,v3,v4,20.0,50.09,10.0,0.6,0.2504,0.2,-9.6042,False,all_dynamic_snr,15.9821,0.6092
134,v3,v7,20.0,60.0,30.0,0.6,0.3,0.6,-13.2669,True,all_dynamic_snr,13.6563,0.4209
134,v3,v11,20.0,60.0,10.0,0.6,0.3,0.2,-10.8587,True,all_dynamic_snr,15.2217,0.5578
134,v3,v19,20.0,90.0,30.0,0.6,0.45,0.6,-16.0844,True,all_dynamic_snr,11.7275,0.2932
134,v4,v7,40.0,10.44,20.0,1.0,0.0522,0.4,19.8836,False,all_dynamic_snr,22.4667,0.8988
134,v4,v11,40.0,10.44,0.0,1.0,0.0522,0.0,23.7006,False,all_dynamic_snr,22.484,0.9008
134,v4,v15,40.0,10.44,20.0,1.0,0.0522,0.4,19.8836,False,all_dynamic_snr,22.4679,0.8965
134,v4,v3,40.0,50.09,10.0,1.0,0.2504,0.2,10.3958,False,all_dynamic_snr,22.2463,0.8992
134,v4,v19,40.0,140.03,20.0,1.0,0.7002,0.4,1.8434,True,all_dynamic_snr,21.0922,0.8531
135,v1,v13,40.0,50.0,10.0,1.0,0.25,0.2,10.4082,False,all_dynamic_snr,22.2528,0.8945
135,v1,v5,40.0,90.0,10.0,1.0,0.45,0.2,6.3239,False,all_dynamic_snr,21.9077,0.8824
135,v1,v6,40.0,140.03,30.0,1.0,0.7002,0.6,0.8439,True,all_dynamic_snr,20.828,0.8609
135,v3,v19,20.0,60.0,10.0,0.6,0.3,0.2,-10.8587,True,all_dynamic_snr,15.2209,0.5256
135,v3,v4,20.0,60.07,10.0,0.6,0.3004,0.2,-10.8673,True,all_dynamic_snr,15.2089,0.5201
135,v3,v11,20.0,70.0,10.0,0.6,0.35,0.2,-11.9298,True,all_dynamic_snr,14.5442,0.4881
135,v3,v15,20.0,70.0,20.0,0.6,0.35,0.4,-13.3385,True,all_dynamic_snr,13.6281,0.4221
135,v3,v7,20.0,90.0,10.0,0.6,0.45,0.2,-13.6761,True,all_dynamic_snr,13.3913,0.4213
135,v4,v11,40.0,10.44,0.0,1.0,0.0522,0.0,23.7006,False,all_dynamic_snr,22.4835,0.9043
135,v4,v15,40.0,10.44,30.0,1.0,0.0522,0.6,18.8841,False,all_dynamic_snr,22.4623,0.8955
135,v4,v7,40.0,30.15,20.0,1.0,0.1507,0.4,12.5145,False,all_dynamic_snr,22.3448,0.8908
135,v4,v3,40.0,60.07,10.0,1.0,0.3004,0.2,9.1327,False,all_dynamic_snr,22.1793,0.8939
135,v4,v19,40.0,120.04,0.0,1.0,0.6002,0.0,6.7309,False,all_dynamic_snr,21.962,0.8881
136,v1,v13,40.0,60.0,0.0,1.0,0.3,0.0,11.5496,False,all_dynamic_snr,22.3057,0.892
136,v1,v5,40.0,100.0,20.0,1.0,0.5,0.4,4.183,False,all_dynamic_snr,21.6153,0.8883
136,v1,v6,40.0,170.03,20.0,1.0,0.8501,0.4,0.4948,True,all_dynamic_snr,20.7402,0.8479
136,v3,v4,20.0,50.09,20.0,0.6,0.2504,0.4,-11.013,True,all_dynamic_snr,15.1365,0.5246
136,v3,v11,20.0,60.0,0.0,0.6,0.3,0.0,-8.4504,True,all_dynamic_snr,16.6601,0.6373
136,v3,v19,20.0,70.0,10.0,0.6,0.35,0.2,-11.9298,True,all_dynamic_snr,14.5827,0.4727
136,v3,v15,20.0,90.0,0.0,0.6,0.45,0.0,-11.2679,True,all_dynamic_snr,14.9733,0.4996
136,v3,v7,20.0,100.0,30.0,0.6,0.5,0.6,-16.8165,True,all_dynamic_snr,11.2026,0.2898
136,v4,v11,40.0,10.44,20.0,1.0,0.0522,0.4,19.8836,False,all_dynamic_snr,22.4682,0.8949
136,v4,v15,40.0,40.11,20.0,1.0,0.2006,0.4,10.5306,False,all_dynamic_snr,22.2694,0.8949
136,v4,v3,40.0,50.09,20.0,1.0,0.2504,0.4,8.987,False,all_dynamic_snr,22.1651,0.8973
136,v4,v7,40.0,50.09,10.0,1.0,0.2504,0.2,10.3958,False,all_dynamic_snr,22.258,0.8896
136,v4,v19,40.0,120.04,10.0,1.0,0.6002,0.2,4.3227,False,all_dynamic_snr,21.6344,0.874
137,v1,v13,40.0,60.0,20.0,1.0,0.3,0.4,7.7326,False,all_dynamic_snr,22.0672,0.8879
137,v1,v5,40.0,120.0,10.0,1.0,0.6,0.2,4.3249,False,all_dynamic_snr,21.6223,0.8715
137,v1,v6,40.0,190.02,10.0,1.0,0.9501,0.2,1.1308,True,all_dynamic_snr,20.9204,0.8564
137,v3,v4,20.0,30.15,0.0,0.6,0.1507,0.0,-3.6685,False,all_dynamic_snr,19.1767,0.7803
137,v3,v11,20.0,60.0,10.0,0.6,0.3,0.2,-10.8587,True,all_dynamic_snr,15.2257,0.5369
137,v3,v7,20.0,70.0,20.0,0.6,0.35,0.4,-13.3385,True,all_dynamic_snr,13.5951,0.4135
137,v3,v19,20.0,80.0,10.0,0.6,0.4,0.2,-12.8577,True,all_dynamic_snr,13.9331,0.4492
137,v3,v15,20.0,90.0,0.0,0.6,0.45,0.0,-11.2679,True,all_dynamic_snr,14.979,0.5443
137,v4,v3,40.0,30.15,0.0,1.0,0.1507,0.0,16.3315,False,all_dynamic_snr,22.4291,0.8955
137,v4,v11,40.0,30.15,10.0,1.0,0.1507,0.2,13.9232,False,all_dynamic_snr,22.3859,0.8979
137,v4,v7,40.0,40.11,20.0,1.0,0.2006,0.4,10.5306,False,all_dynamic_snr,22.2512,0.8893
137,v4,v15,40.0,60.07,0.0,1.0,0.3004,0.0,11.5409,False,all_dynamic_snr,22.3056,0.8979
137,v4,v19,40.0,110.04,10.0,1.0,0.5502,0.2,4.9269,False,all_dynamic_snr,21.7164,0.8723
138,v1,v13,40.0,80.0,40.0,1.0,0.4,0.8,3.9588,True,all_dynamic_snr,21.555,0.8813
138,v1,v5,40.0,130.0,40.0,1.0,0.65,0.8,0.5851,True,all_dynamic_snr,20.7559,0.8469
138,v3,v4,20.0,30.15,0.0,0.6,0.1507,0.0,-3.6685,False,all_dynamic_snr,19.1779,0.7688
138,v3,v11,20.0,70.0,30.0,0.6,0.35,0.6,-14.338,True,all_dynamic_snr,12.9244,0.3812
138,v3,v7,20.0,90.0,20.0,0.6,0.45,0.4,-15.0849,True,all_dynamic_snr,12.4207,0.348
138,v3,v15,20.0,90.0,10.0,0.6,0.45,0.2,-13.6761,True,all_dynamic_snr,13.4034,0.4035
138,v3,v19,20.0,90.0,10.0,0.6,0.45,0.2,-13.6761,True,all_dynamic_snr,13.3625,0.4102
138,v4,v3,40.0,30.15,0.0,1.0,0.1507,0.0,16.3315,False,all_dynamic_snr,22.4323,0.8945
138,v4,v11,40.0,40.11,30.0,1.0,0.2006,0.6,9.5311,False,all_dynamic_snr,22.2091,0.8891
138,v4,v7,40.0,60.07,20.0,1.0,0.3004,0.4,7.7239,False,all_dynamic_snr,22.0688,0.8928
138,v4,v15,40.0,60.07,10.0,1.0,0.3004,0.2,9.1327,False,all_dynamic_snr,22.1733,0.8959
138,v4,v19,40.0,120.04,10.0,1.0,0.6002,0.2,4.3227,False,all_dynamic_snr,21.6278,0.8691
139,v1,v13,40.0,40.0,30.0,1.0,0.2,0.6,9.5506,False,all_dynamic_snr,22.2046,0.8914
139,v1,v5,40.0,90.0,20.0,1.0,0.45,0.4,4.9151,False,all_dynamic_snr,21.7194,0.8934
139,v1,v6,40.0,170.03,10.0,1.0,0.8501,0.2,1.9035,True,all_dynamic_snr,21.1408,0.8676
139,v3,v4,20.0,30.15,10.0,0.6,0.1507,0.2,-6.0768,False,all_dynamic_snr,18.0171,0.7211
139,v3,v11,20.0,40.0,20.0,0.6,0.2,0.4,-9.4499,True,all_dynamic_snr,16.0737,0.6047
139,v3,v7,20.0,70.0,10.0,0.6,0.35,0.2,-11.9298,True,all_dynamic_snr,14.5351,0.4969
139,v3,v15,20.0,80.0,20.0,0.6,0.4,0.4,-14.2664,True,all_dynamic_snr,12.9669,0.3842
139,v3,v19,20.0,100.0,20.0,0.6,0.5,0.4,-15.817,True,all_dynamic_snr,11.909,0.3133
139,v4,v11,40.0,10.44,30.0,1.0,0.0522,0.6,18.8841,False,all_dynamic_snr,22.4591,0.8953
139,v4,v3,40.0,30.15,10.0,1.0,0.1507,0.2,13.9232,False,all_dynamic_snr,22.3905,0.8969
139,v4,v7,40.0,40.11,20.0,1.0,0.2006,0.4,10.5306,False,all_dynamic_snr,22.2611,0.8943
139,v4,v15,40.0,50.09,10.0,1.0,0.2504,0.2,10.3958,False,all_dynamic_snr,22.2547,0.8891
139,v4,v19,40.0,130.03,10.0,1.0,0.6502,0.2,3.7668,False,all_dynamic_snr,21.5269,0.8734
140,v1,v13,40.0,70.0,40.0,1.0,0.35,0.8,4.8867,True,all_dynamic_snr,21.7196,0.8877
140,v1,v5,40.0,110.0,20.0,1.0,0.55,0.4,3.5207,False,all_dynamic_snr,21.4763,0.8764
140,v1,v6,40.0,160.03,0.0,1.0,0.8001,0.0,4.7329,True,all_dynamic_snr,21.7028,0.8791
140,v3,v4,20.0,20.22,10.0,0.6,0.1011,0.2,-3.302,False,all_dynamic_snr,19.3318,0.8047
140,v3,v11,20.0,60.0,40.0,0.6,0.3,0.8,-14.0422,True,all_dynamic_snr,13.1453,0.3902
140,v3,v15,20.0,60.0,10.0,0.6,0.3,0.2,-10.8587,True,all_dynamic_snr,15.2268,0.5285
140,v3,v7,20.0,80.0,0.0,0.6,0.4,0.0,-10.4494,True,all_dynamic_snr,15.4855,0.5619
140,v3,v19,20.0,120.0,20.0,0.6,0.6,0.4,-17.0839,True,all_dynamic_snr,11.0214,0.2986
140,v4,v3,40.0,20.22,10.0,1.0,0.1011,0.2,16.698,False,all_dynamic_snr,22.4382,0.9014
140,v4,v11,40.0,40.11,30.0,1.0,0.2006,0.6,9.5311,False,all_dynamic_snr,22.2016,0.8963
140,v4,v15,40.0,40.11,0.0,1.0,0.2006,0.0,14.3476,False,all_dynamic_snr,22.3971,0.8979
140,v4,v7,40.0,60.07,10.0,1.0,0.3004,0.2,9.1327,False,all_dynamic_snr,22.1756,0.892
140,v4,v19,40.0,140.03,10.0,1.0,0.7002,0.2,3.2521,False,all_dynamic_snr,21.4226,0.8678
141,v1,v13,40.0,30.0,20.0,1.0,0.15,0.4,12.5491,False,all_dynamic_snr,22.3474,0.8979
141,v1,v5,40.0,90.0,10.0,1.0,0.45,0.2,6.3239,False,all_dynamic_snr,21.9151,0.8863
141,v1,v6,40.0,160.03,20.0,1.0,0.8001,0.4,0.9159,True,all_dynamic_snr,20.8636,0.85
141,v3,v4,20.0,10.44,10.0,0.6,0.0522,0.2,1.2923,False,all_dynamic_snr,20.9523,0.865
141,v3,v11,20.0,20.0,30.0,0.6,0.1,0.6,-5.633,True,all_dynamic_snr,18.2173,0.748
141,v3,v15,20.0,50.0,20.0,0.6,0.25,0.4,-11.0005,True,all_dynamic_snr,15.1195,0.5408
141,v3,v7,20.0,80.0,40.0,0.6,0.4,0.8,-16.0412,True,all_dynamic_snr,11.7284,0.3045
141,v3,v19,20.0,140.0,20.0,0.6,0.7,0.4,-18.155,True,all_dynamic_snr,10.3072,0.2264
141,v4,v3,40.0,10.44,10.0,1.0,0.0522,0.2,21.2923,False,all_dynamic_snr,22.4774,0.8969
141,v4,v11,40.0,10.44,20.0,1.0,0.0522,0.4,19.8836,False,all_dynamic_snr,22.4686,0.8998
141,v4,v15,40.0,40.11,10.0,1.0,0.2006,0.2,11.9393,False,all_dynamic_snr,22.3192,0.8963
141,v4,v7,40.0,70.06,30.0,1.0,0.3503,0.6,5.6556,False,all_dynamic_snr,21.8372,0.8766
141,v4,v19,40.0,150.03,10.0,1.0,0.7501,0.2,2.7729,False,all_dynamic_snr,21.3319,0.8559
142,v1,v13,40.0,10.0,0.0,1.0,0.05,0.0,24.0,False,all_dynamic_snr,22.4845,0.9027
142,v1,v5,40.0,100.0,10.0,1.0,0.5,0.2,5.5918,False,all_dynamic_snr,21.8296,0.8775
142,v1,v6,40.0,180.02,30.0,1.0,0.9001,0.6,-0.9018,True,all_dynamic_snr,20.2923,0.8145
142,v3,v4,20.0,3.0,0.0,0.6,0.015,0.0,12.3661,False,all_dynamic_snr,22.3417,0.9014
142,v3,v11,20.0,10.0,20.0,0.6,0.05,0.4,0.183,True,all_dynamic_snr,20.6505,0.8191
142,v3,v15,20.0,30.0,10.0,0.6,0.15,0.2,-6.0422,False,all_dynamic_snr,18.0206,0.7049
142,v3,v7,20.0,40.0,10.0,0.6,0.2,0.2,-8.0412,False,all_dynamic_snr,16.9038,0.659
142,v3,v8,20.0,150.03,10.0,0.6,0.7501,0.2,-17.2271,True,all_dynamic_snr,10.9142,0.2693
142,v4,v3,40.0,3.0,0.0,1.0,0.015,0.0,32.3661,False,all_dynamic_snr,22.4954,0.8979
142,v4,v11,40.0,10.44,20.0,1.0,0.0522,0.4,19.8836,False,all_dynamic_snr,22.4701,0.893
142,v4,v15,40.0,30.15,10.0,1.0,0.1507,0.2,13.9232,False,all_dynamic_snr,22.3847,0.8998
142,v4,v7,40.0,40.11,10.0,1.0,0.2006,0.2,11.9393,False,all_dynamic_snr,22.3275,0.8936
142,v4,v8,40.0,150.0,10.0,1.0,0.75,0.2,2.7743,False,all_dynamic_snr,21.3315,0.8725
143,v1,v13,40.0,10.0,0.0,1.0,0.05,0.0,24.0,False,all_dynamic_snr,22.4847,0.8994
143,v1,v5,40.0,110.0,30.0,1.0,0.55,0.6,2.5212,True,all_dynamic_snr,21.269,0.866
143,v3,v4,20.0,3.0,40.0,0.6,0.015,0.8,6.7743,True,all_dynamic_snr,21.9804,0.8785
143,v3,v11,20.0,10.0,40.0,0.6,0.05,0.8,-1.5918,True,all_dynamic_snr,20.03,0.8105
143,v3,v15,20.0,20.0,40.0,0.6,0.1,0.8,-6.4082,True,all_dynamic_snr,17.8147,0.707
143,v3,v7,20.0,30.0,0.0,0.6,0.15,0.0,-3.6339,False,all_dynamic_snr,19.1899,0.7814
143,v3,v19,20.0,140.0,30.0,0.6,0.7,0.6,-19.1545,True,all_dynamic_snr,9.5527,0.217
143,v4,v3,40.0,3.0,40.0,1.0,0.015,0.8,26.7743,True,all_dynamic_snr,22.4908,0.8998
143,v4,v11,40.0,10.44,0.0,1.0,0.0522,0.0,23.7006,False,all_dynamic_snr,22.4851,0.8979
143,v4,v15,40.0,20.22,0.0,1.0,0.1011,0.0,19.1062,False,all_dynamic_snr,22.4639,0.8979
143,v4,v7,40.0,30.15,40.0,1.0,0.1507,0.8,10.7397,True,all_dynamic_snr,22.2698,0.8949
143,v4,v19,40.0,140.03,10.0,1.0,0.7002,0.2,3.2521,False,all_dynamic_snr,21.4176,0.8701
144,v1,v13,40.0,10.0,0.0,1.0,0.05,0.0,24.0,False,all_dynamic_snr,22.4861,0.8994
144,v1,v5,40.0,140.0,0.0,1.0,0.7,0.0,5.662,False,all_dynamic_snr,21.8358,0.8883
144,v3,v15,20.0,20.0,40.0,0.6,0.1,0.8,-6.4082,True,all_dynamic_snr,17.7967,0.7086
144,v3,v7,20.0,30.0,10.0,0.6,0.15,0.2,-6.0422,False,all_dynamic_snr,18.0096,0.727
144,v3,v11,20.0,30.0,20.0,0.6,0.15,0.4,-7.4509,True,all_dynamic_snr,17.2713,0.702
144,v3,v4,20.0,40.11,20.0,0.6,0.2006,0.4,-9.4694,True,all_dynamic_snr,16.0825,0.6121
144,v3,v19,20.0,170.0,30.0,0.6,0.85,0.6,-20.5037,True,all_dynamic_snr,8.6452,0.185
144,v4,v11,40.0,10.44,0.0,1.0,0.0522,0.0,23.7006,False,all_dynamic_snr,22.4865,0.9027
144,v4,v15,40.0,20.22,20.0,1.0,0.1011,0.4,15.2892,False,all_dynamic_snr,22.4157,0.893
144,v4,v3,40.0,40.11,20.0,1.0,0.2006,0.4,10.5306,False,all_dynamic_snr,22.2532,0.8924
144,v4,v7,40.0,70.06,10.0,1.0,0.3503,0.2,8.0638,False,all_dynamic_snr,22.0932,0.8797
144,v4,v8,40.0,130.0,20.0,1.0,0.65,0.4,2.3599,True,all_dynamic_snr,21.2262,0.8576
145,v1,v13,40.0,10.0,20.0,1.0,0.05,0.4,20.183,False,all_dynamic_snr,22.4693,0.9023
145,v1,v5,40.0,140.0,40.0,1.0,0.7,0.8,0.0702,True,all_dynamic_snr,20.5996,0.8541
145,v3,v11,20.0,10.0,10.0,0.6,0.05,0.2,1.5918,False,all_dynamic_snr,21.0419,0.8693
145,v3,v15,20.0,20.0,10.0,0.6,0.1,0.2,-3.2247,False,all_dynamic_snr,19.3717,0.7936
145,v3,v4,20.0,20.22,0.0,0.6,0.1011,0.0,-0.8938,False,all_dynamic_snr,20.3052,0.8172
145,v3,v7,20.0,40.0,20.0,0.6,0.2,0.4,-9.4499,True,all_dynamic_snr,16.0662,0.5938
145,v3,v8,20.0,130.03,40.0,0.6,0.6502,0.8,-19.4167,True,all_dynamic_snr,9.4239,0.217
145,v4,v11,40.0,10.44,10.0,1.0,0.0522,0.2,21.2923,False,all_dynamic_snr,22.4772,0.8994
145,v4,v3,40.0,20.22,0.0,1.0,0.1011,0.0,19.1062,False,all_dynamic_snr,22.4621,0.8984
145,v4,v15,40.0,40.11,10.0,1.0,0.2006,0.2,11.9393,False,all_dynamic_snr,22.3269,0.8986
145,v4,v7,40.0,60.07,20.0,1.0,0.3004,0.4,7.7239,False,all_dynamic_snr,22.0528,0.8918
145,v4,v8,40.0,110.0,40.0,1.0,0.55,0.8,1.746,True,all_dynamic_snr,21.0646,0.849
146,v1,v13,40.0,10.0,40.0,1.0,0.05,0.8,18.4082,True,all_dynamic_snr,22.4566,0.8969
146,v1,v5,40.0,100.0,40.0,1.0,0.5,0.8,2.4082,True,all_dynamic_snr,21.2486,0.8707
146,v1,v6,40.0,180.02,20.0,1.0,0.9001,0.4,0.0977,True,all_dynamic_snr,20.6006,0.8473
146,v3,v15,20.0,10.0,10.0,0.6,0.05,0.2,1.5918,False,all_dynamic_snr,21.0247,0.8711
146,v3,v7,20.0,20.0,0.0,0.6,0.1,0.0,-0.8165,False,all_dynamic_snr,20.323,0.8387
146,v3,v11,20.0,20.0,10.0,0.6,0.1,0.2,-3.2247,False,all_dynamic_snr,19.3595,0.7918
146,v3,v4,20.0,20.22,10.0,0.6,0.1011,0.2,-3.302,False,all_dynamic_snr,19.2988,0.7734
146,v3,v19,20.0,150.0,10.0,0.6,0.75,0.2,-17.2257,True,all_dynamic_snr,10.9197,0.2791
146,v4,v11,40.0,3.0,20.0,1.0,0.015,0.4,28.5491,False,all_dynamic_snr,22.4929,0.8988
146,v4,v3,40.0,20.22,10.0,1.0,0.1011,0.2,16.698,False,all_dynamic_snr,22.4394,0.8914
146,v4,v15,40.0,30.15,0.0,1.0,0.1507,0.0,16.3315,False,all_dynamic_snr,22.4318,0.8994
146,v4,v7,40.0,40.11,10.0,1.0,0.2006,0.2,11.9393,False,all_dynamic_snr,22.3246,0.9008
146,v4,v19,40.0,130.03,20.0,1.0,0.6502,0.4,2.3581,True,all_dynamic_snr,21.2399,0.8629
147,v1,v13,40.0,30.0,10.0,1.0,0.15,0.2,13.9578,False,all_dynamic_snr,22.3783,0.8939
147,v1,v5,40.0,140.0,20.0,1.0,0.7,0.4,1.845,True,all_dynamic_snr,21.103,0.8633
147,v3,v15,20.0,0.0,10.0,0.6,0.0,0.2,33.5918,False,all_dynamic_snr,22.4957,0.8998
147,v3,v11,20.0,10.0,10.0,0.6,0.05,0.2,1.5918,False,all_dynamic_snr,21.047,0.8652
147,v3,v7,20.0,20.0,30.0,0.6,0.1,0.6,-5.633,True,all_dynamic_snr,18.2152,0.7488
147,v3,v4,20.0,30.15,20.0,0.6,0.1507,0.4,-7.4855,True,all_dynamic_snr,17.2265,0.6943
147,v3,v19,20.0,140.0,20.0,0.6,0.7,0.4,-18.155,True,all_dynamic_snr,10.2484,0.2529
147,v4,v11,40.0,20.22,30.0,1.0,0.1011,0.6,14.2897,False,all_dynamic_snr,22.3951,0.9004
147,v4,v3,40.0,30.15,20.0,1.0,0.1507,0.4,12.5145,False,all_dynamic_snr,22.3429,0.8963
147,v4,v15,40.0,30.15,30.0,1.0,0.1507,0.6,11.515,False,all_dynamic_snr,22.3033,0.8953
147,v4,v7,40.0,50.09,10.0,1.0,0.2504,0.2,10.3958,False,all_dynamic_snr,22.2594,0.8949
147,v4,v19,40.0,110.04,0.0,1.0,0.5502,0.0,7.3351,False,all_dynamic_snr,22.0185,0.884
148,v1,v13,40.0,20.0,0.0,1.0,0.1,0.0,19.1835,False,all_dynamic_snr,22.462,0.9027
148,v1,v5,40.0,120.0,20.0,1.0,0.6,0.4,2.9161,False,all_dynamic_snr,21.36,0.8688
148,v1,v6,40.0,170.03,10.0,1.0,0.8501,0.2,1.9035,True,all_dynamic_snr,21.1267,0.8557
148,v3,v15,20.0,10.0,10.0,0.6,0.05,0.2,1.5918,False,all_dynamic_snr,21.0354,0.8557
148,v3,v4,20.0,10.44,30.0,0.6,0.0522,0.6,-1.1159,True,all_dynamic_snr,20.2052,0.8383
148,v3,v11,20.0,20.0,20.0,0.6,0.1,0.4,-4.6334,True,all_dynamic_snr,18.734,0.7553
148,v3,v7,20.0,50.0,10.0,0.6,0.25,0.2,-9.5918,False,all_dynamic_snr,16.0038,0.5861
148,v3,v19,20.0,120.0,20.0,0.6,0.6,0.4,-17.0839,True,all_dynamic_snr,11.036,0.2666
148,v4,v15,40.0,3.0,20.0,1.0,0.015,0.4,28.5491,False,all_dynamic_snr,22.4929,0.8998
148,v4,v3,40.0,10.44,30.0,1.0,0.0522,0.6,18.8841,False,all_dynamic_snr,22.4577,0.8936
148,v4,v11,40.0,10.44,10.0,1.0,0.0522,0.2,21.2923,False,all_dynamic_snr,22.4767,0.8959
148,v4,v7,40.0,60.07,40.0,1.0,0.3004,0.8,5.9491,True,all_dynamic_snr,21.8757,0.8873
148,v4,v8,40.0,110.0,40.0,1.0,0.55,0.8,1.746,True,all_dynamic_snr,21.0904,0.8617
149,v1,v13,40.0,20.0,10.0,1.0,0.1,0.2,16.7753,False,all_dynamic_snr,22.4402,0.9018
149,v1,v5,40.0,100.0,20.0,1.0,0.5,0.4,4.183,False,all_dynamic_snr,21.5998,0.8803
149,v1,v6,40.0,180.02,0.0,1.0,0.9001,0.0,3.9147,True,all_dynamic_snr,21.5569,0.8691
149,v3,v15,20.0,20.0,10.0,0.6,0.1,0.2,-3.2247,False,all_dynamic_snr,19.3692,0.8041
149,v3,v11,20.0,40.0,20.0,0.6,0.2,0.4,-9.4499,True,all_dynamic_snr,16.103,0.6076
149,v3,v4,20.0,40.11,10.0,0.6,0.2006,0.2,-8.0607,False,all_dynamic_snr,16.8994,0.6467
149,v3,v7,20.0,60.0,0.0,0.6,0.3,0.0,-8.4504,True,all_dynamic_snr,16.695,0.6613
149,v3,v8,20.0,110.04,10.0,0.6,0.5502,0.2,-15.0731,True,all_dynamic_snr,12.4279,0.3453
149,v4,v11,40.0,3.0,10.0,1.0,0.015,0.2,29.9578,False,all_dynamic_snr,22.494,0.8998
149,v4,v15,40.0,20.22,20.0,1.0,0.1011,0.4,15.2892,False,all_dynamic_snr,22.4164,0.9014
149,v4,v3,40.0,40.11,10.0,1.0,0.2006,0.2,11.9393,False,all_dynamic_snr,22.3226,0.8889
149,v4,v8,40.0,70.0,20.0,1.0,0.35,0.4,6.6615,False,all_dynamic_snr,21.9626,0.8811
149,v4,v7,40.0,100.04,10.0,1.0,0.5002,0.2,5.5886,False,all_dynamic_snr,21.8218,0.8793
150,v1,v13,40.0,10.0,10.0,1.0,0.05,0.2,21.5918,False,all_dynamic_snr,22.4782,0.8988
150,v1,v5,40.0,120.0,0.0,1.0,0.6,0.0,6.7331,False,all_dynamic_snr,21.9629,0.8891
150,v1,v6,40.0,180.02,10.0,1.0,0.9001,0.2,1.5064,True,all_dynamic_snr,21.0164,0.8531
150,v3,v11,20.0,20.0,20.0,0.6,0.1,0.4,-4.6334,True,all_dynamic_snr,18.697,0.7576
150,v3,v15,20.0,30.0,0.0,0.6,0.15,0.0,-3.6339,False,all_dynamic_snr,19.1848,0.7912
150,v3,v4,20.0,30.15,10.0,0.6,0.1507,0.2,-6.0768,False,all_dynamic_snr,17.9794,0.7184
150,v3,v7,20.0,60.0,20.0,0.6,0.3,0.4,-12.2674,True,all_dynamic_snr,14.308,0.4508
150,v3,v8,20.0,120.04,10.0,0.6,0.6002,0.2,-15.6773,True,all_dynamic_snr,12.0203,0.3215
150,v4,v15,40.0,3.0,10.0,1.0,0.015,0.2,29.9578,False,all_dynamic_snr,22.4937,0.8969
150,v4,v11,40.0,10.44,10.0,1.0,0.0522,0.2,21.2923,False,all_dynamic_snr,22.4756,0.8979
150,v4,v3,40.0,30.15,10.0,1.0,0.1507,0.2,13.9232,False,all_dynamic_snr,22.3847,0.8998
150,v4,v8,40.0,90.0,0.0,1.0,0.45,0.0,8.7321,False,all_dynamic_snr,22.1474,0.8855
150,v4,v7,40.0,90.05,10.0,1.0,0.4502,0.2,6.32,False,all_dynamic_snr,21.9203,0.8766
151,v1,v13,40.0,20.0,20.0,1.0,0.1,0.4,15.3666,False,all_dynamic_snr,22.4158,0.8924
151,v1,v5,40.0,120.0,0.0,1.0,0.6,0.0,6.7331,False,all_dynamic_snr,21.9644,0.893
151,v1,v6,40.0,170.03,20.0,1.0,0.8501,0.4,0.4948,True,all_dynamic_snr,20.7298,0.8424
151,v3,v15,20.0,30.0,10.0,0.6,0.15,0.2,-6.0422,False,all_dynamic_snr,17.9907,0.7264
151,v3,v7,20.0,40.0,20.0,0.6,0.2,0.4,-9.4499,True,all_dynamic_snr,16.1013,0.5953
151,v3,v11,20.0,40.0,10.0,0.6,0.2,0.2,-8.0412,False,all_dynamic_snr,16.8933,0.6434
151,v3,v4,20.0,40.11,10.0,0.6,0.2006,0.2,-8.0607,False,all_dynamic_snr,16.9277,0.6691
151,v3,v19,20.0,130.0,10.0,0.6,0.65,0.2,-16.2313,True,all_dynamic_snr,11.6666,0.2961
151,v4,v11,40.0,3.0,20.0,1.0,0.015,0.4,28.5491,False,all_dynamic_snr,22.4932,0.8979
151,v4,v15,40.0,10.44,20.0,1.0,0.0522,0.4,19.8836,False,all_dynamic_snr,22.4658,0.9008
151,v4,v3,40.0,40.11,10.0,1.0,0.2006,0.2,11.9393,False,all_dynamic_snr,22.3254,0.8969
151,v4,v7,40.0,80.06,10.0,1.0,0.4003,0.2,7.1374,False,all_dynamic_snr,22.0175,0.885
151,v4,v8,40.0,90.0,20.0,1.0,0.45,0.4,4.9151,False,all_dynamic_snr,21.7206,0.8881
152,v1,v13,40.0,40.0,20.0,1.0,0.2,0.4,10.5501,False,all_dynamic_snr,22.267,0.8955
152,v1,v5,40.0,120.0,0.0,1.0,0.6,0.0,6.7331,False,all_dynamic_snr,21.9657,0.8863
152,v1,v6,40.0,190.02,20.0,1.0,0.9501,0.4,-0.2779,True,all_dynamic_snr,20.4991,0.8293
152,v3,v4,20.0,30.15,10.0,0.6,0.1507,0.2,-6.0768,False,all_dynamic_snr,17.9815,0.7033
152,v3,v15,20.0,40.0,30.0,0.6,0.2,0.6,-10.4494,True,all_dynamic_snr,15.4603,0.5418
152,v3,v11,20.0,50.0,20.0,0.6,0.25,0.4,-11.0005,True,all_dynamic_snr,15.1121,0.533
152,v3,v7,20.0,60.0,20.0,0.6,0.3,0.4,-12.2674,True,all_dynamic_snr,14.3108,0.45
152,v3,v19,20.0,120.0,10.0,0.6,0.6,0.2,-15.6751,True,all_dynamic_snr,12.0384,0.3078
152,v4,v15,40.0,10.44,20.0,1.0,0.0522,0.4,19.8836,False,all_dynamic_snr,22.4685,0.8969
152,v4,v11,40.0,20.22,10.0,1.0,0.1011,0.2,16.698,False,all_dynamic_snr,22.4385,0.8979
152,v4,v3,40.0,30.15,10.0,1.0,0.1507,0.2,13.9232,False,all_dynamic_snr,22.3856,0.8949
152,v4,v7,40.0,90.05,10.0,1.0,0.4502,0.2,6.32,False,all_dynamic_snr,21.9139,0.8898
152,v4,v19,40.0,90.05,0.0,1.0,0.4502,0.0,8.7283,False,all_dynamic_snr,22.1473,0.8928
153,v1,v13,40.0,20.0,40.0,1.0,0.1,0.8,13.5918,True,all_dynamic_snr,22.3775,0.8959
153,v1,v5,40.0,120.0,20.0,1.0,0.6,0.4,2.9161,False,all_dynamic_snr,21.3609,0.8615
153,v1,v6,40.0,170.03,30.0,1.0,0.8501,0.6,-0.5047,True,all_dynamic_snr,20.4384,0.8533
153,v3,v15,20.0,10.0,0.0,0.6,0.05,0.0,4.0,False,all_dynamic_snr,21.571,0.8717
153,v3,v4,20.0,20.22,10.0,0.6,0.1011,0.2,-3.302,False,all_dynamic_snr,19.3419,0.7947
153,v3,v11,20.0,30.0,20.0,0.6,0.15,0.4,-7.4509,True,all_dynamic_snr,17.2423,0.6793
153,v3,v7,20.0,80.0,40.0,0.6,0.4,0.8,-16.0412,True,all_dynamic_snr,11.7749,0.3125
153,v3,v19,20.0,110.0,40.0,0.6,0.55,0.8,-18.254,True,all_dynamic_snr,10.1764,0.2152
153,v4,v11,40.0,10.44,10.0,1.0,0.0522,0.2,21.2923,False,all_dynamic_snr,22.4743,0.8988
153,v4,v15,40.0,10.44,10.0,1.0,0.0522,0.2,21.2923,False,all_dynamic_snr,22.4766,0.8979
153,v4,v3,40.0,20.22,10.0,1.0,0.1011,0.2,16.698,False,all_dynamic_snr,22.4379,0.8969
153,v4,v19,40.0,90.05,30.0,1.0,0.4502,0.6,3.9118,True,all_dynamic_snr,21.5505,0.8779
153,v4,v7,40.0,100.04,30.0,1.0,0.5002,0.6,3.1804,True,all_dynamic_snr,21.4168,0.8664
154,v1,v13,40.0,60.0,10.0,1.0,0.3,0.2,9.1413,False,all_dynamic_snr,22.1773,0.8936
154,v1,v5,40.0,140.0,20.0,1.0,0.7,0.4,1.845,True,all_dynamic_snr,21.126,0.8566
154,v3,v11,20.0,10.0,10.0,0.6,0.05,0.2,1.5918,False,all_dynamic_snr,21.016,0.8539
154,v3,v15,20.0,10.0,10.0,0.6,0.05,0.2,1.5918,False,all_dynamic_snr,21.0299,0.8613
154,v3,v4,20.0,10.44,20.0,0.6,0.0522,0.4,-0.1164,True,all_dynamic_snr,20.5319,0.8586
154,v3,v19,20.0,70.0,0.0,0.6,0.35,0.0,-9.5216,True,all_dynamic_snr,16.0578,0.598
154,v3,v7,20.0,120.0,20.0,0.6,0.6,0.4,-17.0839,True,all_dynamic_snr,11.0539,0.2656
154,v4,v11,40.0,3.0,10.0,1.0,0.015,0.2,29.9578,False,all_dynamic_snr,22.4937,0.8998
154,v4,v15,40.0,3.0,10.0,1.0,0.015,0.2,29.9578,False,all_dynamic_snr,22.4941,0.9008
154,v4,v3,40.0,10.44,20.0,1.0,0.0522,0.4,19.8836,False,all_dynamic_snr,22.4688,0.8939
154,v4,v19,40.0,60.07,20.0,1.0,0.3004,0.4,7.7239,False,all_dynamic_snr,22.06,0.8949
154,v4,v7,40.0,130.03,0.0,1.0,0.6502,0.0,6.1751,False,all_dynamic_snr,21.9078,0.8879
155,v1,v13,40.0,70.0,20.0,1.0,0.35,0.4,6.6615,False,all_dynamic_snr,21.9611,0.8863
155,v1,v5,40.0,160.0,20.0,1.0,0.8,0.4,0.9171,True,all_dynamic_snr,20.8486,0.8619
155,v3,v11,20.0,0.0,0.0,0.6,0.0,0.0,36.0,False,all_dynamic_snr,22.4965,0.8988
155,v3,v15,20.0,0.0,30.0,0.6,0.0,0.6,31.1835,True,all_dynamic_snr,22.4942,0.8988
155,v3,v4,20.0,10.44,20.0,0.6,0.0522,0.4,-0.1164,True,all_dynamic_snr,20.5582,0.8457
155,v3,v19,20.0,70.0,30.0,0.6,0.35,0.6,-14.338,True,all_dynamic_snr,12.9568,0.3574
155,v3,v8,20.0,120.04,0.0,0.6,0.6002,0.0,-13.2691,True,all_dynamic_snr,13.6536,0.4328
155,v4,v3,40.0,10.44,20.0,1.0,0.0522,0.4,19.8836,False,all_dynamic_snr,22.4702,0.9014
155,v4,v11,40.0,10.44,20.0,1.0,0.0522,0.4,19.8836,False,all_dynamic_snr,22.4705,0.8994
155,v4,v15,40.0,10.44,10.0,1.0,0.0522,0.2,21.2923,False,all_dynamic_snr,22.4768,0.8998
155,v4,v19,40.0,80.06,10.0,1.0,0.4003,0.2,7.1374,False,all_dynamic_snr,22.0057,0.8836
155,v4,v8,40.0,130.0,20.0,1.0,0.65,0.4,2.3599,True,all_dynamic_snr,21.2348,0.8762
156,v1,v13,40.0,90.0,0.0,1.0,0.45,0.0,8.7321,False,all_dynamic_snr,22.143,0.8908
156,v1,v5,40.0,140.0,0.0,1.0,0.7,0.0,5.662,False,all_dynamic_snr,21.8301,0.8814
156,v3,v11,20.0,0.0,20.0,0.6,0.0,0.4,32.183,True,all_dynamic_snr,22.4955,0.8988
156,v3,v4,20.0,10.44,30.0,0.6,0.0522,0.6,-1.1159,True,all_dynamic_snr,20.1996,0.8156
156,v3,v15,20.0,30.0,20.0,0.6,0.15,0.4,-7.4509,True,all_dynamic_snr,17.2691,0.6748
156,v3,v19,20.0,100.0,20.0,0.6,0.5,0.4,-15.817,True,all_dynamic_snr,11.9088,0.3459
156,v3,v8,20.0,120.04,20.0,0.6,0.6002,0.4,-17.086,True,all_dynamic_snr,11.0442,0.277
156,v4,v3,40.0,10.44,30.0,1.0,0.0522,0.6,18.8841,False,all_dynamic_snr,22.458,0.8969
156,v4,v11,40.0,10.44,10.0,1.0,0.0522,0.2,21.2923,False,all_dynamic_snr,22.4767,0.8979
156,v4,v15,40.0,20.22,10.0,1.0,0.1011,0.2,16.698,False,all_dynamic_snr,22.4368,0.8936
156,v4,v19,40.0,90.05,10.0,1.0,0.4502,0.2,6.32,False,all_dynamic_snr,21.9046,0.8973
156,v4,v8,40.0,110.0,10.0,1.0,0.55,0.2,4.9295,False,all_dynamic_snr,21.724,0.867
157,v1,v13,40.0,90.0,10.0,1.0,0.45,0.2,6.3239,False,all_dynamic_snr,21.9208,0.8875
157,v1,v5,40.0,140.0,20.0,1.0,0.7,0.4,1.845,True,all_dynamic_snr,21.1065,0.8688
157,v1,v6,40.0,190.02,20.0,1.0,0.9501,0.4,-0.2779,True,all_dynamic_snr,20.4822,0.8256
157,v3,v15,20.0,10.0,20.0,0.6,0.05,0.4,0.183,True,all_dynamic_snr,20.6527,0.8354
157,v3,v11,20.0,20.0,10.0,0.6,0.1,0.2,-3.2247,False,all_dynamic_snr,19.3733,0.7898
157,v3,v4,20.0,20.22,30.0,0.6,0.1011,0.6,-5.7103,True,all_dynamic_snr,18.1806,0.7297
157,v3,v19,20.0,80.0,0.0,0.6,0.4,0.0,-10.4494,True,all_dynamic_snr,15.478,0.5754
157,v3,v8,20.0,100.04,30.0,0.6,0.5002,0.6,-16.8196,True,all_dynamic_snr,11.2237,0.2793
157,v4,v11,40.0,3.0,40.0,1.0,0.015,0.8,26.7743,True,all_dynamic_snr,22.4903,0.8998
157,v4,v3,40.0,20.22,30.0,1.0,0.1011,0.6,14.2897,False,all_dynamic_snr,22.3916,0.9043
157,v4,v15,40.0,30.15,10.0,1.0,0.1507,0.2,13.9232,False,all_dynamic_snr,22.387,0.8924
157,v4,v19,40.0,100.04,30.0,1.0,0.5002,0.6,3.1804,True,all_dynamic_snr,21.4181,0.8635
157,v4,v8,40.0,120.0,0.0,1.0,0.6,0.0,6.7331,False,all_dynamic_snr,21.9663,0.8934
158,v1,v13,40.0,100.0,10.0,1.0,0.5,0.2,5.5918,False,all_dynamic_snr,21.8093,0.8844
158,v1,v5,40.0,160.0,20.0,1.0,0.8,0.4,0.9171,True,all_dynamic_snr,20.8663,0.8484
158,v3,v4,20.0,10.44,10.0,0.6,0.0522,0.2,1.2923,False,all_dynamic_snr,20.9679,0.8604
158,v3,v11,20.0,30.0,10.0,0.6,0.15,0.2,-6.0422,False,all_dynamic_snr,18.0243,0.7125
158,v3,v15,20.0,30.0,0.0,0.6,0.15,0.0,-3.6339,False,all_dynamic_snr,19.1838,0.7797
158,v3,v19,20.0,80.0,20.0,0.6,0.4,0.4,-14.2664,True,all_dynamic_snr,12.9638,0.3738
158,v3,v8,20.0,130.03,40.0,0.6,0.6502,0.8,-19.4167,True,all_dynamic_snr,9.4162,0.2199
158,v4,v3,40.0,10.44,10.0,1.0,0.0522,0.2,21.2923,False,all_dynamic_snr,22.475,0.8988
158,v4,v15,40.0,20.22,10.0,1.0,0.1011,0.2,16.698,False,all_dynamic_snr,22.4358,0.8939
158,v4,v11,40.0,40.11,0.0,1.0,0.2006,0.0,14.3476,False,all_dynamic_snr,22.3927,0.8955
158,v4,v19,40.0,70.06,10.0,1.0,0.3503,0.2,8.0638,False,all_dynamic_snr,22.087,0.8936
158,v4,v8,40.0,120.0,30.0,1.0,0.6,0.6,1.9166,True,all_dynamic_snr,21.1251,0.8646
159,v1,v13,40.0,110.0,30.0,1.0,0.55,0.6,2.5212,True,all_dynamic_snr,21.2776,0.8656
159,v1,v5,40.0,140.0,0.0,1.0,0.7,0.0,5.662,False,all_dynamic_snr,21.8386,0.8885
159,v3,v11,20.0,20.0,20.0,0.6,0.1,0.4,-4.6334,True,all_dynamic_snr,18.716,0.7666
159,v3,v4,20.0,20.22,20.0,0.6,0.1011,0.4,-4.7108,True,all_dynamic_snr,18.713,0.7555
159,v3,v15,20.0,30.0,10.0,0.6,0.15,0.2,-6.0422,False,all_dynamic_snr,18.0014,0.7275
159,v3,v19,20.0,100.0,10.0,0.6,0.5,0.2,-14.4082,True,all_dynamic_snr,12.8805,0.3637
159,v3,v7,20.0,150.0,10.0,0.6,0.75,0.2,-17.2257,True,all_dynamic_snr,10.9396,0.2676
159,v4,v15,40.0,10.44,30.0,1.0,0.0522,0.6,18.8841,False,all_dynamic_snr,22.4628,0.8998
159,v4,v3,40.0,20.22,20.0,1.0,0.1011,0.4,15.2892,False,all_dynamic_snr,22.4116,0.8982
159,v4,v11,40.0,40.11,40.0,1.0,0.2006,0.8,8.7558,True,all_dynamic_snr,22.1505,0.8932
159,v4,v19,40.0,80.06,10.0,1.0,0.4003,0.2,7.1374,False,all_dynamic_snr,22.0095,0.8852
159,v4,v8,40.0,150.0,40.0,1.0,0.75,0.8,-0.4092,True,all_dynamic_snr,20.4412,0.8396
160,v1,v13,40.0,80.0,20.0,1.0,0.4,0.4,5.7336,False,all_dynamic_snr,21.8412,0.8924
160,v1,v5,40.0,140.0,0.0,1.0,0.7,0.0,5.662,False,all_dynamic_snr,21.8331,0.8814
160,v1,v6,40.0,190.02,0.0,1.0,0.9501,0.0,3.5391,True,all_dynamic_snr,21.4789,0.8742
160,v3,v15,20.0,20.0,20.0,0.6,0.1,0.4,-4.6334,True,all_dynamic_snr,18.7267,0.7705
160,v3,v11,20.0,40.0,10.0,0.6,0.2,0.2,-8.0412,False,all_dynamic_snr,16.9136,0.6697
160,v3,v4,20.0,40.11,10.0,0.6,0.2006,0.2,-8.0607,False,all_dynamic_snr,16.9176,0.6436
160,v3,v19,20.0,110.0,0.0,0.6,0.55,0.0,-12.6623,True,all_dynamic_snr,14.0566,0.4453
160,v3,v7,20.0,140.0,10.0,0.6,0.7,0.2,-16.7463,True,all_dynamic_snr,11.2643,0.2732
160,v4,v15,40.0,20.22,10.0,1.0,0.1011,0.2,16.698,False,all_dynamic_snr,22.4332,0.8994
160,v4,v3,40.0,40.11,10.0,1.0,0.2006,0.2,11.9393,False,all_dynamic_snr,22.3273,0.8975
160,v4,v19,40.0,70.06,10.0,1.0,0.3503,0.2,8.0638,False,all_dynamic_snr,22.1004,0.8988
160,v4,v11,40.0,80.06,0.0,1.0,0.4003,0.0,9.5457,False,all_dynamic_snr,22.2093,0.8908
160,v4,v8,40.0,110.0,10.0,1.0,0.55,0.2,4.9295,False,all_dynamic_snr,21.7366,0.8742
10,v1,v2,40.0,20.22,20.0,1.0,0.1011,0.4,15.2892,False,all_direct,21.4265,0.9416
10,v1,v5,40.0,110.0,20.0,1.0,0.55,0.4,3.5207,False,all_direct,9.6581,0.3434
10,v1,v6,40.0,190.02,10.0,1.0,0.9501,0.2,1.1308,True,all_direct,7.2679,0.199
10,v2,v1,20.0,20.22,20.0,0.6,0.1011,0.4,-4.7108,True,all_direct,1.4258,0.1324
10,v2,v5,20.0,130.03,40.0,0.6,0.6502,0.8,-19.4167,True,all_direct,-13.2759,0.1045
10,v3,v4,20.0,50.09,30.0,0.6,0.2504,0.6,-12.0125,True,all_direct,-5.8746,0.0947
10,v3,v7,20.0,100.0,30.0,0.6,0.5,0.6,-16.8165,True,all_direct,-10.6794,0.1209
10,v3,v8,20.0,130.03,10.0,0.6,0.6502,0.2,-16.2332,True,all_direct,-10.0956,0.1217
10,v4,v3,40.0,50.09,30.0,1.0,0.2504,0.6,7.9875,False,all_direct,14.1256,0.7033
10,v4,v7,40.0,50.09,0.0,1.0,0.2504,0.0,12.804,False,all_direct,18.9412,0.9029
10,v4,v8,40.0,80.0,20.0,1.0,0.4,0.4,5.7336,False,all_direct,11.8708,0.5293
10,v4,v12,40.0,170.0,20.0,1.0,0.85,0.4,0.4958,True,all_direct,6.6321,0.1906
10,v4,v16,40.0,170.0,20.0,1.0,0.85,0.4,0.4958,True,all_direct,6.6326,0.1994
11,v1,v2,40.0,3.0,10.0,1.0,0.015,0.2,29.9578,False,all_direct,36.0938,0.9912
11,v1,v5,40.0,90.0,10.0,1.0,0.45,0.2,6.3239,False,all_direct,12.4635,0.5844
11,v2,v1,20.0,3.0,10.0,0.6,0.015,0.2,9.9578,False,all_direct,16.0967,0.8334
11,v2,v5,20.0,90.05,20.0,0.6,0.4502,0.4,-15.0887,True,all_direct,-8.952,0.1139
11,v2,v6,20.0,200.0,0.0,0.6,1.0,0.0,-16.8165,True,all_direct,-10.6782,0.1178
11,v3,v4,20.0,80.06,10.0,0.6,0.4003,0.2,-12.8626,True,all_direct,-6.725,0.1027
11,v3,v7,20.0,130.0,30.0,0.6,0.65,0.6,-18.6396,True,all_direct,-12.501,0.1131
11,v3,v8,20.0,140.03,20.0,0.6,0.7002,0.4,-18.1566,True,all_direct,-12.0193,0.1115
11,v4,v7,40.0,50.09,20.0,1.0,0.2504,0.4,8.987,False,all_direct,15.1248,0.7738
11,v4,v8,40.0,60.0,10.0,1.0,0.3,0.2,9.1413,False,all_direct,15.2798,0.79
11,v4,v3,40.0,80.06,10.0,1.0,0.4003,0.2,7.1374,False,all_direct,13.275,0.6533
11,v4,v11,40.0,140.03,30.0,1.0,0.7002,0.6,0.8439,True,all_direct,6.9807,0.1965
11,v4,v12,40.0,190.0,10.0,1.0,0.95,0.2,1.1317,True,all_direct,7.2694,0.2102
12,v1,v2,40.0,10.44,20.0,1.0,0.0522,0.4,19.8836,False,all_direct,26.0227,0.9701
12,v1,v5,40.0,100.0,0.0,1.0,0.5,0.0,8.0,False,all_direct,14.1388,0.7037
12,v1,v6,40.0,190.02,10.0,1.0,0.9501,0.2,1.1308,True,all_direct,7.2691,0.2111
12,v2,v1,20.0,10.44,20.0,0.6,0.0522,0.4,-0.1164,True,all_direct,6.022,0.1773
12,v2,v5,20.0,110.04,20.0,0.6,0.5502,0.4,-16.4818,True,all_direct,-10.3449,0.108
12,v2,v6,20.0,200.0,10.0,0.6,1.0,0.2,-19.2247,True,all_direct,-13.0862,0.0988
12,v3,v4,20.0,70.06,0.0,0.6,0.3503,0.0,-9.5279,True,all_direct,-3.3891,0.0982
12,v3,v7,20.0,100.0,20.0,0.6,0.5,0.4,-15.817,True,all_direct,-9.6794,0.1158
12,v3,v8,20.0,120.04,20.0,0.6,0.6002,0.4,-17.086,True,all_direct,-10.9468,0.1225
12,v3,v11,20.0,180.0,10.0,0.6,0.9,0.2,-18.4926,True,all_direct,-12.3539,0.1139
12,v4,v7,40.0,30.15,20.0,1.0,0.1507,0.4,12.5145,False,all_direct,18.6521,0.9035
12,v4,v8,40.0,50.0,20.0,1.0,0.25,0.4,8.9995,False,all_direct,15.1357,0.7738
12,v4,v3,40.0,70.06,0.0,1.0,0.3503,0.0,10.4721,False,all_direct,16.6089,0.8352
12,v4,v11,40.0,110.04,10.0,1.0,0.5502,0.2,4.9269,False,all_direct,11.0662,0.4523
12,v4,v12,40.0,180.0,10.0,1.0,0.9,0.2,1.5074,True,all_direct,7.6454,0.2367
13,v1,v2,40.0,30.15,10.0,1.0,0.1507,0.2,13.9232,False,all_direct,20.0601,0.9195
13,v1,v5,40.0,100.0,30.0,1.0,0.5,0.6,3.1835,True,all_direct,9.3227,0.3207
13,v1,v6,40.0,180.02,0.0,1.0,0.9001,0.0,3.9147,True,all_direct,10.0517,0.3664
13,v2,v1,20.0,30.15,10.0,0.6,0.1507,0.2,-6.0768,False,all_direct,0.0623,0.1236
13,v2,v5,20.0,130.03,20.0,0.6,0.6502,0.4,-17.6419,True,all_direct,-11.5046,0.1076
13,v3,v4,20.0,70.06,10.0,0.6,0.3503,0.2,-11.9362,True,all_direct,-5.7988,0.1012
13,v3,v7,20.0,120.0,10.0,0.6,0.6,0.2,-15.6751,True,all_direct,-9.5357,0.1238
13,v3,v8,20.0,140.03,20.0,0.6,0.7002,0.4,-18.1566,True,all_direct,-12.0207,0.1137
13,v3,v11,20.0,190.0,10.0,0.6,0.95,0.2,-18.8683,True,all_direct,-12.7308,0.11
13,v4,v7,40.0,50.09,20.0,1.0,0.2504,0.4,8.987,False,all_direct,15.1248,0.7797
13,v4,v8,40.0,70.0,10.0,1.0,0.35,0.2,8.0702,False,all_direct,14.2086,0.7168
13,v4,v3,40.0,70.06,10.0,1.0,0.3503,0.2,8.0638,False,all_direct,14.2024,0.7127
13,v4,v11,40.0,120.04,0.0,1.0,0.6002,0.0,6.7309,False,all_direct,12.8699,0.6201
13,v4,v12,40.0,170.0,0.0,1.0,0.85,0.0,4.3128,True,all_direct,10.4521,0.4115
14,v1,v2,40.0,20.22,30.0,1.0,0.1011,0.6,14.2897,False,all_direct,20.427,0.9322
14,v1,v5,40.0,130.0,30.0,1.0,0.65,0.6,1.3604,True,all_direct,7.4982,0.2229
14,v1,v6,40.0,180.02,40.0,1.0,0.9001,0.8,-1.6771,True,all_direct,4.4584,0.1598
14,v2,v1,20.0,20.22,30.0,0.6,0.1011,0.6,-5.7103,True,all_direct,0.4297,0.1246
14,v2,v5,20.0,150.03,0.0,0.6,0.7501,0.0,-14.8188,True,all_direct,-8.6806,0.1059
14,v2,v6,20.0,200.0,10.0,0.6,1.0,0.2,-19.2247,True,all_direct,-13.0867,0.1178
14,v3,v4,20.0,80.06,10.0,0.6,0.4003,0.2,-12.8626,True,all_direct,-6.7243,0.1012
14,v3,v7,20.0,110.0,10.0,0.6,0.55,0.2,-15.0705,True,all_direct,-8.9308,0.099
14,v3,v8,20.0,160.03,10.0,0.6,0.8001,0.2,-17.6754,True,all_direct,-11.5374,0.1119
14,v3,v11,20.0,200.0,10.0,0.6,1.0,0.2,-19.2247,True,all_direct,-13.0884,0.0986
14,v4,v7,40.0,30.15,20.0,1.0,0.1507,0.4,12.5145,False,all_direct,18.6538,0.8961
14,v4,v8,40.0,80.0,0.0,1.0,0.4,0.0,9.5506,False,all_direct,15.6872,0.816
14,v4,v3,40.0,80.06,10.0,1.0,0.4003,0.2,7.1374,False,all_direct,13.2753,0.6477
14,v4,v11,40.0,120.04,0.0,1.0,0.6002,0.0,6.7309,False,all_direct,12.8682,0.6016
14,v4,v12,40.0,170.0,20.0,1.0,0.85,0.4,0.4958,True,all_direct,6.632,0.1971
15,v1,v2,40.0,50.09,20.0,1.0,0.2504,0.4,8.987,False,all_direct,15.1231,0.782
15,v1,v5,40.0,100.0,10.0,1.0,0.5,0.2,5.5918,False,all_direct,11.7282,0.5209
15,v1,v6,40.0,140.03,10.0,1.0,0.7002,0.2,3.2521,False,all_direct,9.3904,0.3193
15,v2,v1,20.0,50.09,20.0,0.6,0.2504,0.4,-11.013,True,all_direct,-4.8741,0.0979
15,v2,v5,20.0,150.03,10.0,0.6,0.7501,0.2,-17.2271,True,all_direct,-11.0884,0.1047
15,v2,v6,20.0,190.0,30.0,0.6,0.95,0.6,-21.2765,True,all_direct,-15.14,0.1008
15,v3,v4,20.0,70.06,30.0,0.6,0.3503,0.6,-14.3444,True,all_direct,-8.2054,0.1107
15,v3,v7,20.0,120.0,20.0,0.6,0.6,0.4,-17.0839,True,all_direct,-10.9457,0.1148
15,v3,v8,20.0,150.03,10.0,0.6,0.7501,0.2,-17.2271,True,all_direct,-11.0889,0.1158
15,v3,v11,20.0,190.0,10.0,0.6,0.95,0.2,-18.8683,True,all_direct,-12.7313,0.1115
15,v4,v7,40.0,50.09,10.0,1.0,0.2504,0.2,10.3958,False,all_direct,16.5327,0.8412
15,v4,v3,40.0,70.06,30.0,1.0,0.3503,0.6,5.6556,False,all_direct,11.7921,0.5164
15,v4,v8,40.0,80.0,40.0,1.0,0.4,0.8,3.9588,True,all_direct,10.0955,0.3787
15,v4,v11,40.0,120.04,40.0,1.0,0.6002,0.8,1.1392,True,all_direct,7.2756,0.2273
15,v4,v12,40.0,190.0,40.0,1.0,0.95,0.8,-2.0518,True,all_direct,4.0872,0.159
16,v1,v2,40.0,30.15,0.0,1.0,0.1507,0.0,16.3315,False,all_direct,22.4684,0.9535
16,v1,v5,40.0,110.0,20.0,1.0,0.55,0.4,3.5207,False,all_direct,9.6587,0.3473
16,v1,v6,40.0,130.03,10.0,1.0,0.6502,0.2,3.7668,False,all_direct,9.9049,0.3518
16,v2,v1,20.0,30.15,0.0,0.6,0.1507,0.0,-3.6685,False,all_direct,2.469,0.1369
16,v2,v5,20.0,140.03,20.0,0.6,0.7002,0.4,-18.1566,True,all_direct,-12.0188,0.1074
16,v2,v6,20.0,160.0,10.0,0.6,0.8,0.2,-17.6742,True,all_direct,-11.5377,0.1242
16,v3,v4,20.0,100.04,40.0,0.6,0.5002,0.8,-17.5949,True,all_direct,-11.4558,0.1186
16,v3,v7,20.0,140.0,0.0,0.6,0.7,0.0,-14.338,True,all_direct,-8.1995,0.118
16,v3,v8,20.0,140.03,0.0,0.6,0.7002,0.0,-14.3396,True,all_direct,-8.2025,0.098
16,v3,v11,20.0,180.0,10.0,0.6,0.9,0.2,-18.4926,True,all_direct,-12.3551,0.1104
16,v4,v8,40.0,40.0,40.0,1.0,0.2,0.8,8.7753,True,all_direct,14.9147,0.7561
16,v4,v7,40.0,40.11,40.0,1.0,0.2006,0.8,8.7558,True,all_direct,14.8921,0.7658
16,v4,v11,40.0,80.06,30.0,1.0,0.4003,0.6,4.7292,False,all_direct,10.8659,0.4434
16,v4,v3,40.0,100.04,40.0,1.0,0.5002,0.8,2.4051,True,all_direct,8.5433,0.2602
16,v4,v12,40.0,150.0,40.0,1.0,0.75,0.8,-0.4092,True,all_direct,5.7294,0.174
17,v1,v2,40.0,30.15,40.0,1.0,0.1507,0.8,10.7397,True,all_direct,16.8767,0.8525
17,v1,v5,40.0,130.0,30.0,1.0,0.65,0.6,1.3604,True,all_direct,7.4976,0.2262
17,v1,v6,40.0,140.03,40.0,1.0,0.7002,0.8,0.0686,True,all_direct,6.2073,0.1871
17,v2,v1,20.0,30.15,40.0,0.6,0.1507,0.8,-9.2603,True,all_direct,-3.122,0.1021
17,v2,v5,20.0,160.03,10.0,0.6,0.8001,0.2,-17.6754,True,all_direct,-11.5377,0.1193
17,v2,v6,20.0,170.0,0.0,0.6,0.85,0.0,-15.6872,True,all_direct,-9.5501,0.1057
17,v3,v4,20.0,60.07,0.0,0.6,0.3004,0.0,-8.4591,True,all_direct,-2.3205,0.109
17,v3,v7,20.0,140.0,0.0,0.6,0.7,0.0,-14.338,True,all_direct,-8.1987,0.1072
17,v3,v8,20.0,140.03,10.0,0.6,0.7002,0.2,-16.7479,True,all_direct,-10.6094,0.1137
17,v3,v11,20.0,170.0,20.0,0.6,0.85,0.4,-19.5042,True,all_direct,-13.365,0.1111
17,v4,v3,40.0,60.07,0.0,1.0,0.3004,0.0,11.5409,False,all_direct,17.6811,0.8904
17,v4,v8,40.0,80.0,10.0,1.0,0.4,0.2,7.1423,False,all_direct,13.2797,0.6424
17,v4,v7,40.0,80.06,0.0,1.0,0.4003,0.0,9.5457,False,all_direct,15.6825,0.7957
17,v4,v11,40.0,110.04,20.0,1.0,0.5502,0.4,3.5182,False,all_direct,9.6541,0.3482
17,v4,v12,40.0,190.0,0.0,1.0,0.95,0.0,3.5399,True,all_direct,9.6776,0.3598
18,v1,v2,40.0,70.06,10.0,1.0,0.3503,0.2,8.0638,False,all_direct,14.2008,0.7178
18,v1,v5,40.0,100.0,30.0,1.0,0.5,0.6,3.1835,True,all_direct,9.3212,0.3264
18,v1,v6,40.0,100.04,40.0,1.0,0.5002,0.8,2.4051,True,all_direct,8.5436,0.2674
18,v2,v1,20.0,70.06,10.0,0.6,0.3503,0.2,-11.9362,True,all_direct,-5.8003,0.1002
18,v2,v6,20.0,170.0,30.0,0.6,0.85,0.6,-20.5037,True,all_direct,-14.3681,0.1172
18,v2,v5,20.0,170.03,20.0,0.6,0.8501,0.4,-19.5052,True,all_direct,-13.366,0.1258
18,v3,v4,20.0,60.07,10.0,0.6,0.3004,0.2,-10.8673,True,all_direct,-4.7298,0.1021
18,v3,v8,20.0,130.03,0.0,0.6,0.6502,0.0,-13.8249,True,all_direct,-7.6869,0.0891
18,v3,v7,20.0,140.0,20.0,0.6,0.7,0.4,-18.155,True,all_direct,-12.0165,0.1072
18,v3,v11,20.0,150.0,10.0,0.6,0.75,0.2,-17.2257,True,all_direct,-11.0881,0.1213
18,v4,v3,40.0,60.07,10.0,1.0,0.3004,0.2,9.1327,False,all_direct,15.2701,0.7723
18,v4,v8,40.0,70.0,10.0,1.0,0.35,0.2,8.0702,False,all_direct,14.2065,0.7105
18,v4,v7,40.0,80.06,10.0,1.0,0.4003,0.2,7.1374,False,all_direct,13.2767,0.6467
18,v4,v11,40.0,90.05,0.0,1.0,0.4502,0.0,8.7283,False,all_direct,14.869,0.7564
18,v4,v12,40.0,190.0,30.0,1.0,0.95,0.6,-1.2765,True,all_direct,4.8614,0.1578
19,v1,v2,40.0,60.07,20.0,1.0,0.3004,0.4,7.7239,False,all_direct,13.8609,0.6914
19,v1,v5,40.0,130.0,0.0,1.0,0.65,0.0,6.1769,False,all_direct,12.3163,0.5615
19,v1,v6,40.0,140.03,10.0,1.0,0.7002,0.2,3.2521,False,all_direct,9.3897,0.326
19,v2,v1,20.0,60.07,20.0,0.6,0.3004,0.4,-12.2761,True,all_direct,-6.1374,0.1021
19,v2,v5,20.0,190.02,20.0,0.6,0.9501,0.4,-20.2779,True,all_direct,-14.1399,0.0992
19,v2,v6,20.0,200.0,30.0,0.6,1.0,0.6,-21.633,True,all_direct,-15.495,0.0945
19,v3,v4,20.0,50.09,30.0,0.6,0.2504,0.6,-12.0125,True,all_direct,-5.8725,0.1002
19,v3,v7,20.0,120.0,30.0,0.6,0.6,0.6,-18.0834,True,all_direct,-11.9467,0.1104
19,v3,v8,20.0,130.03,0.0,0.6,0.6502,0.0,-13.8249,True,all_direct,-7.6864,0.0896
19,v3,v11,20.0,140.0,0.0,0.6,0.7,0.0,-14.338,True,all_direct,-8.1988,0.1063
19,v4,v3,40.0,50.09,30.0,1.0,0.2504,0.6,7.9875,False,all_direct,14.1279,0.7041
19,v4,v7,40.0,70.06,0.0,1.0,0.3503,0.0,10.4721,False,all_direct,16.6106,0.8357
19,v4,v8,40.0,80.0,30.0,1.0,0.4,0.6,4.7341,False,all_direct,10.8716,0.432
19,v4,v11,40.0,90.05,30.0,1.0,0.4502,0.6,3.9118,True,all_direct,10.0494,0.3797
19,v4,v12,40.0,160.0,20.0,1.0,0.8,0.4,0.9171,True,all_direct,7.0544,0.2053
20,v1,v2,40.0,40.11,0.0,1.0,0.2006,0.0,14.3476,False,all_direct,20.4847,0.927
20,v1,v5,40.0,130.0,30.0,1.0,0.65,0.6,1.3604,True,all_direct,7.4989,0.2234
20,v1,v6,40.0,130.03,30.0,1.0,0.6502,0.6,1.3586,True,all_direct,7.4958,0.2238
20,v2,v1,20.0,40.11,0.0,0.6,0.2006,0.0,-5.6524,False,all_direct,0.486,0.1246
20,v2,v6,20.0,170.0,30.0,0.6,0.85,0.6,-20.5037,True,all_direct,-14.3653,0.1025
20,v2,v5,20.0,170.03,30.0,0.6,0.8501,0.6,-20.5047,True,all_direct,-14.3667,0.1061
20,v3,v4,20.0,80.06,30.0,0.6,0.4003,0.6,-15.2708,True,all_direct,-9.1317,0.116
20,v3,v8,20.0,130.03,10.0,0.6,0.6502,0.2,-16.2332,True,all_direct,-10.0977,0.1301
20,v3,v11,20.0,140.0,20.0,0.6,0.7,0.4,-18.155,True,all_direct,-12.0157,0.1045
20,v3,v7,20.0,150.0,0.0,0.6,0.75,0.0,-14.8175,True,all_direct,-8.6793,0.1098
20,v4,v8,40.0,50.0,20.0,1.0,0.25,0.4,8.9995,False,all_direct,15.1371,0.791
20,v4,v11,40.0,60.07,10.0,1.0,0.3004,0.2,9.1327,False,all_direct,15.2691,0.7797
20,v4,v7,40.0,70.06,30.0,1.0,0.3503,0.6,5.6556,False,all_direct,11.7938,0.5102
20,v4,v3,40.0,80.06,30.0,1.0,0.4003,0.6,4.7292,False,all_direct,10.868,0.4365
20,v4,v12,40.0,140.0,10.0,1.0,0.7,0.2,3.2537,False,all_direct,9.3927,0.3246
21,v1,v2,40.0,40.11,30.0,1.0,0.2006,0.6,9.5311,False,all_direct,15.669,0.8039
21,v1,v5,40.0,160.0,0.0,1.0,0.8,0.0,4.7341,True,all_direct,10.872,0.4357
21,v1,v6,40.0,160.03,40.0,1.0,0.8001,0.8,-0.8589,True,all_direct,5.2785,0.1711
21,v2,v1,20.0,40.11,30.0,0.6,0.2006,0.6,-10.4689,True,all_direct,-4.3311,0.108
21,v2,v6,20.0,200.0,10.0,0.6,1.0,0.2,-19.2247,True,all_direct,-13.0872,0.109
21,v3,v4,20.0,110.04,40.0,0.6,0.5502,0.8,-18.2566,True,all_direct,-12.1176,0.1186
21,v3,v8,20.0,140.03,40.0,0.6,0.7002,0.8,-19.9314,True,all_direct,-13.7939,0.109
21,v3,v7,20.0,150.0,40.0,0.6,0.75,0.8,-20.4092,True,all_direct,-14.2732,0.1057
21,v3,v11,20.0,160.0,10.0,0.6,0.8,0.2,-17.6742,True,all_direct,-11.5373,0.1189
21,v4,v8,40.0,30.0,0.0,1.0,0.15,0.0,16.3661,False,all_direct,22.504,0.9574
21,v4,v7,40.0,40.11,0.0,1.0,0.2006,0.0,14.3476,False,all_direct,20.4847,0.9344
21,v4,v11,40.0,50.09,30.0,1.0,0.2504,0.6,7.9875,False,all_direct,14.1256,0.7027
21,v4,v3,40.0,110.04,40.0,1.0,0.5502,0.8,1.7434,True,all_direct,7.882,0.2297
21,v4,v12,40.0,130.0,30.0,1.0,0.65,0.6,1.3604,True,all_direct,7.4988,0.215
22,v1,v2,40.0,70.06,10.0,1.0,0.3503,0.2,8.0638,False,all_direct,14.2024,0.7033
22,v1,v6,40.0,120.04,10.0,1.0,0.6002,0.2,4.3227,False,all_direct,10.4624,0.4066
22,v1,v5,40.0,160.0,20.0,1.0,0.8,0.4,0.9171,True,all_direct,7.0558,0.2053
22,v2,v1,20.0,70.06,10.0,0.6,0.3503,0.2,-11.9362,True,all_direct,-5.7982,0.0963
22,v2,v6,20.0,190.0,0.0,0.6,0.95,0.0,-16.4601,True,all_direct,-10.3239,0.1162
22,v3,v4,20.0,150.03,10.0,0.6,0.7501,0.2,-17.2271,True,all_direct,-11.0885,0.1266
22,v3,v11,20.0,170.0,20.0,0.6,0.85,0.4,-19.5042,True,all_direct,-13.3668,0.115
22,v3,v8,20.0,180.02,10.0,0.6,0.9001,0.2,-18.4936,True,all_direct,-12.3546,0.1225
22,v3,v7,20.0,190.0,10.0,0.6,0.95,0.2,-18.8683,True,all_direct,-12.7312,0.109
22,v4,v11,40.0,20.22,30.0,1.0,0.1011,0.6,14.2897,False,all_direct,20.4287,0.9428
22,v4,v8,40.0,30.0,20.0,1.0,0.15,0.4,12.5491,False,all_direct,18.6862,0.9053
22,v4,v7,40.0,40.11,20.0,1.0,0.2006,0.4,10.5306,False,all_direct,16.6686,0.8465
22,v4,v12,40.0,100.0,10.0,1.0,0.5,0.2,5.5918,False,all_direct,11.7285,0.5111
22,v4,v3,40.0,150.03,10.0,1.0,0.7501,0.2,2.7729,False,all_direct,8.9082,0.2939
23,v1,v2,40.0,80.06,30.0,1.0,0.4003,0.6,4.7292,False,all_direct,10.8663,0.435
23,v1,v6,40.0,110.04,30.0,1.0,0.5502,0.6,2.5187,True,all_direct,8.6581,0.2799
23,v1,v5,40.0,140.0,40.0,1.0,0.7,0.8,0.0702,True,all_direct,6.2079,0.1848
23,v2,v1,20.0,80.06,30.0,0.6,0.4003,0.6,-15.2708,True,all_direct,-9.1329,0.1039
23,v2,v6,20.0,190.0,0.0,0.6,0.95,0.0,-16.4601,True,all_direct,-10.3207,0.1258
23,v3,v4,20.0,140.03,40.0,0.6,0.7002,0.8,-19.9314,True,all_direct,-13.796,0.1189
23,v3,v11,20.0,190.0,30.0,0.6,0.95,0.6,-21.2765,True,all_direct,-15.1404,0.1105
23,v3,v8,20.0,190.02,40.0,0.6,0.9501,0.8,-22.0527,True,all_direct,-15.9131,0.1027
23,v3,v7,20.0,200.0,0.0,0.6,1.0,0.0,-16.8165,True,all_direct,-10.6778,0.107
23,v4,v8,40.0,50.0,0.0,1.0,0.25,0.0,12.8165,False,all_direct,18.9519,0.915
23,v4,v11,40.0,50.09,10.0,1.0,0.2504,0.2,10.3958,False,all_direct,16.532,0.8406
23,v4,v7,40.0,60.07,40.0,1.0,0.3004,0.8,5.9491,True,all_direct,12.0864,0.5504
23,v4,v12,40.0,90.0,40.0,1.0,0.45,0.8,3.1404,True,all_direct,9.2788,0.3113
23,v4,v3,40.0,140.03,40.0,1.0,0.7002,0.8,0.0686,True,all_direct,6.2053,0.1893
24,v1,v2,40.0,50.09,0.0,1.0,0.2504,0.0,12.804,False,all_direct,18.9409,0.9023
24,v1,v6,40.0,140.03,30.0,1.0,0.7002,0.6,0.8439,True,all_direct,6.9814,0.2049
24,v1,v5,40.0,180.0,20.0,1.0,0.9,0.4,0.0987,True,all_direct,6.236,0.1902
24,v2,v1,20.0,50.09,0.0,0.6,0.2504,0.0,-7.196,False,all_direct,-1.0571,0.1168
24,v2,v6,20.0,190.0,30.0,0.6,0.95,0.6,-21.2765,True,all_direct,-15.1379,0.0867
24,v3,v4,20.0,100.04,20.0,0.6,0.5002,0.4,-15.8201,True,all_direct,-9.6832,0.1115
24,v3,v8,20.0,150.03,30.0,0.6,0.7501,0.6,-19.6353,True,all_direct,-13.4976,0.1213
24,v3,v11,20.0,160.0,30.0,0.6,0.8,0.6,-20.0824,True,all_direct,-13.9435,0.1047
24,v3,v7,20.0,200.0,20.0,0.6,1.0,0.4,-20.6334,True,all_direct,-14.496,0.1104
24,v4,v8,40.0,50.0,10.0,1.0,0.25,0.2,10.4082,False,all_direct,16.5453,0.8289
24,v4,v11,40.0,60.07,10.0,1.0,0.3004,0.2,9.1327,False,all_direct,15.2707,0.7791
24,v4,v3,40.0,100.04,20.0,1.0,0.5002,0.4,4.1799,False,all_direct,10.3185,0.391
24,v4,v7,40.0,100.04,0.0,1.0,0.5002,0.0,7.9969,False,all_direct,14.1334,0.7064
24,v4,v12,40.0,130.0,0.0,1.0,0.65,0.0,6.1769,False,all_direct,12.3165,0.567
25,v1,v2,40.0,50.09,40.0,1.0,0.2504,0.8,7.2122,True,all_direct,13.3501,0.6461
25,v1,v6,40.0,170.03,10.0,1.0,0.8501,0.2,1.9035,True,all_direct,8.0415,0.2443
25,v1,v5,40.0,200.0,20.0,1.0,1.0,0.4,-0.6334,True,all_direct,5.5056,0.1658
25,v2,v1,20.0,50.09,40.0,0.6,0.2504,0.8,-12.7878,True,all_direct,-6.651,0.1031
25,v3,v4,20.0,120.04,30.0,0.6,0.6002,0.6,-18.0856,True,all_direct,-11.9478,0.1072
25,v3,v8,20.0,180.02,10.0,0.6,0.9001,0.2,-18.4936,True,all_direct,-12.3573,0.1049
25,v3,v11,20.0,190.0,10.0,0.6,0.95,0.2,-18.8683,True,all_direct,-12.7301,0.1125
25,v4,v8,40.0,60.0,40.0,1.0,0.3,0.8,5.9578,True,all_direct,12.0972,0.5506
25,v4,v11,40.0,70.06,20.0,1.0,0.3503,0.4,6.6551,False,all_direct,12.7928,0.6031
25,v4,v7,40.0,100.04,20.0,1.0,0.5002,0.4,4.1799,False,all_direct,10.3188,0.3895
25,v4,v3,40.0,120.04,30.0,1.0,0.6002,0.6,1.9144,True,all_direct,8.0522,0.2463
25,v4,v12,40.0,130.0,30.0,1.0,0.65,0.6,1.3604,True,all_direct,7.5002,0.2309
26,v1,v2,40.0,90.05,10.0,1.0,0.4502,0.2,6.32,False,all_direct,12.4582,0.5803
26,v1,v6,40.0,160.03,40.0,1.0,0.8001,0.8,-0.8589,True,all_direct,5.2783,0.1598
26,v1,v5,40.0,180.0,0.0,1.0,0.9,0.0,3.9156,True,all_direct,10.0532,0.376
26,v2,v1,20.0,90.05,10.0,0.6,0.4502,0.2,-13.68,True,all_direct,-7.5441,0.1072
26,v3,v4,20.0,90.05,20.0,0.6,0.4502,0.4,-15.0887,True,all_direct,-8.9522,0.1008
26,v3,v11,20.0,180.0,10.0,0.6,0.9,0.2,-18.4926,True,all_direct,-12.3558,0.0988
26,v3,v8,20.0,190.02,0.0,0.6,0.9501,0.0,-16.4609,True,all_direct,-10.3221,0.1156
26,v4,v3,40.0,90.05,20.0,1.0,0.4502,0.4,4.9113,False,all_direct,11.048,0.4469
26,v4,v11,40.0,90.05,10.0,1.0,0.4502,0.2,6.32,False,all_direct,12.456,0.5807
26,v4,v8,40.0,100.0,20.0,1.0,0.5,0.4,4.183,False,all_direct,10.3187,0.3908
26,v4,v7,40.0,120.04,10.0,1.0,0.6002,0.2,4.3227,False,all_direct,10.4588,0.3953
26,v4,v12,40.0,160.0,20.0,1.0,0.8,0.4,0.9171,True,all_direct,7.0533,0.2076
27,v1,v2,40.0,100.04,20.0,1.0,0.5002,0.4,4.1799,False,all_direct,10.3167,0.3977
27,v1,v6,40.0,120.04,0.0,1.0,0.6002,0.0,6.7309,False,all_direct,12.8702,0.5975
27,v1,v5,40.0,180.0,10.0,1.0,0.9,0.2,1.5074,True,all_direct,7.6438,0.2342
27,v2,v1,20.0,100.04,20.0,0.6,0.5002,0.4,-15.8201,True,all_direct,-9.6804,0.1236
27,v3,v4,20.0,110.04,20.0,0.6,0.5502,0.4,-16.4818,True,all_direct,-10.3443,0.1193
27,v3,v11,20.0,190.0,40.0,0.6,0.95,0.8,-22.0518,True,all_direct,-15.9127,0.1031
27,v3,v8,20.0,190.02,30.0,0.6,0.9501,0.6,-21.2774,True,all_direct,-15.1394,0.1123
27,v4,v8,40.0,80.0,10.0,1.0,0.4,0.2,7.1423,False,all_direct,13.2804,0.65
27,v4,v11,40.0,80.06,20.0,1.0,0.4003,0.4,5.7287,False,all_direct,11.867,0.5297
27,v4,v3,40.0,110.04,20.0,1.0,0.5502,0.4,3.5182,False,all_direct,9.6574,0.3418
27,v4,v7,40.0,110.04,10.0,1.0,0.5502,0.2,4.9269,False,all_direct,11.0656,0.4385
27,v4,v12,40.0,140.0,20.0,1.0,0.7,0.4,1.845,True,all_direct,7.9819,0.2473
28,v1,v2,40.0,80.06,20.0,1.0,0.4003,0.4,5.7287,False,all_direct,11.8662,0.5244
28,v1,v6,40.0,120.04,10.0,1.0,0.6002,0.2,4.3227,False,all_direct,10.4618,0.4051
28,v1,v5,40.0,190.0,10.0,1.0,0.95,0.2,1.1317,True,all_direct,7.2682,0.2117
28,v2,v1,20.0,80.06,20.0,0.6,0.4003,0.4,-14.2713,True,all_direct,-8.1327,0.1082
28,v2,v6,20.0,200.0,10.0,0.6,1.0,0.2,-19.2247,True,all_direct,-13.0859,0.1088
28,v3,v4,20.0,90.05,10.0,0.6,0.4502,0.2,-13.68,True,all_direct,-7.5424,0.108
28,v3,v11,20.0,150.0,10.0,0.6,0.75,0.2,-17.2257,True,all_direct,-11.0858,0.1146
28,v3,v8,20.0,160.03,10.0,0.6,0.8001,0.2,-17.6754,True,all_direct,-11.538,0.1303
28,v4,v11,40.0,60.07,0.0,1.0,0.3004,0.0,11.5409,False,all_direct,17.6811,0.8824
28,v4,v8,40.0,70.0,20.0,1.0,0.35,0.4,6.6615,False,all_direct,12.7998,0.6154
28,v4,v3,40.0,90.05,10.0,1.0,0.4502,0.2,6.32,False,all_direct,12.4578,0.566
28,v4,v7,40.0,120.04,0.0,1.0,0.6002,0.0,6.7309,False,all_direct,12.8683,0.6068
28,v4,v12,40.0,160.0,20.0,1.0,0.8,0.4,0.9171,True,all_direct,7.055,0.1988
29,v1,v2,40.0,100.04,10.0,1.0,0.5002,0.2,5.5886,False,all_direct,11.7267,0.5236
29,v1,v6,40.0,110.04,20.0,1.0,0.5502,0.4,3.5182,False,all_direct,9.6557,0.3559
29,v1,v5,40.0,180.0,10.0,1.0,0.9,0.2,1.5074,True,all_direct,7.6461,0.2242
29,v2,v1,20.0,100.04,10.0,0.6,0.5002,0.2,-14.4114,True,all_direct,-8.2733,0.099
29,v3,v4,20.0,100.04,10.0,0.6,0.5002,0.2,-14.4114,True,all_direct,-8.2736,0.1066
29,v3,v8,20.0,150.03,20.0,0.6,0.7501,0.4,-18.6358,True,all_direct,-12.4983,0.108
29,v3,v11,20.0,160.0,10.0,0.6,0.8,0.2,-17.6742,True,all_direct,-11.537,0.1178
29,v4,v8,40.0,50.0,30.0,1.0,0.25,0.6,8.0,False,all_direct,14.1379,0.7078
29,v4,v11,40.0,60.07,0.0,1.0,0.3004,0.0,11.5409,False,all_direct,17.6781,0.8754
29,v4,v3,40.0,100.04,10.0,1.0,0.5002,0.2,5.5886,False,all_direct,11.7251,0.524
29,v4,v7,40.0,120.04,20.0,1.0,0.6002,0.4,2.914,False,all_direct,9.052,0.298
29,v4,v12,40.0,140.0,20.0,1.0,0.7,0.4,1.845,True,all_direct,7.9851,0.2359
30,v1,v6,40.0,90.05,10.0,1.0,0.4502,0.2,6.32,False,all_direct,12.4582,0.5811
30,v1,v2,40.0,110.04,10.0,1.0,0.5502,0.2,4.9269,False,all_direct,11.0656,0.4602
30,v1,v5,40.0,170.0,10.0,1.0,0.85,0.2,1.9046,True,all_direct,8.0435,0.2385
30,v2,v1,20.0,110.04,10.0,0.6,0.5502,0.2,-15.0731,True,all_direct,-8.9362,0.1154
30,v2,v6,20.0,200.0,0.0,0.6,1.0,0.0,-16.8165,True,all_direct,-10.6787,0.116
30,v3,v4,20.0,90.05,20.0,0.6,0.4502,0.4,-15.0887,True,all_direct,-8.9497,0.1039
30,v3,v11,20.0,150.0,20.0,0.6,0.75,0.4,-18.6344,True,all_direct,-12.4977,0.108
30,v3,v8,20.0,170.03,10.0,0.6,0.8501,0.2,-18.0965,True,all_direct,-11.9569,0.1131
30,v4,v11,40.0,60.07,0.0,1.0,0.3004,0.0,11.5409,False,all_direct,17.6793,0.8779
30,v4,v8,40.0,80.0,30.0,1.0,0.4,0.6,4.7341,False,all_direct,10.8723,0.4307
30,v4,v3,40.0,90.05,20.0,1.0,0.4502,0.4,4.9113,False,all_direct,11.0485,0.4516
30,v4,v7,40.0,140.03,40.0,1.0,0.7002,0.8,0.0686,True,all_direct,6.2063,0.1932
30,v4,v12,40.0,160.0,0.0,1.0,0.8,0.0,4.7341,True,all_direct,10.8732,0.4293
31,v1,v2,40.0,100.04,0.0,1.0,0.5002,0.0,7.9969,False,all_direct,14.1349,0.7248
31,v1,v6,40.0,100.04,20.0,1.0,0.5002,0.4,4.1799,False,all_direct,10.3178,0.4049
31,v1,v5,40.0,180.0,20.0,1.0,0.9,0.4,0.0987,True,all_direct,6.238,0.1877
31,v2,v1,20.0,100.04,0.0,0.6,0.5002,0.0,-12.0031,True,all_direct,-5.8668,0.0979
31,v2,v6,20.0,200.0,20.0,0.6,1.0,0.4,-20.6334,True,all_direct,-14.4933,0.1068
31,v3,v4,20.0,110.04,10.0,0.6,0.5502,0.2,-15.0731,True,all_direct,-8.9357,0.1137
31,v3,v8,20.0,160.03,10.0,0.6,0.8001,0.2,-17.6754,True,all_direct,-11.5389,0.1086
31,v3,v11,20.0,170.0,30.0,0.6,0.85,0.6,-20.5037,True,all_direct,-14.366,0.1102
31,v4,v8,40.0,50.0,0.0,1.0,0.25,0.0,12.8165,False,all_direct,18.9529,0.9049
31,v4,v11,40.0,60.07,40.0,1.0,0.3004,0.8,5.9491,True,all_direct,12.0853,0.5604
31,v4,v7,40.0,100.04,10.0,1.0,0.5002,0.2,5.5886,False,all_direct,11.7265,0.5205
31,v4,v3,40.0,110.04,10.0,1.0,0.5502,0.2,4.9269,False,all_direct,11.0656,0.4617
31,v4,v12,40.0,160.0,10.0,1.0,0.8,0.2,2.3258,True,all_direct,8.4624,0.2697
32,v1,v2,40.0,100.04,20.0,1.0,0.5002,0.4,4.1799,False,all_direct,10.3165,0.4008
32,v1,v6,40.0,120.04,20.0,1.0,0.6002,0.4,2.914,False,all_direct,9.0512,0.3063
32,v1,v5,40.0,160.0,0.0,1.0,0.8,0.0,4.7341,True,all_direct,10.871,0.4277
32,v2,v1,20.0,100.04,20.0,0.6,0.5002,0.4,-15.8201,True,all_direct,-9.6838,0.1166
32,v3,v4,20.0,100.04,20.0,0.6,0.5002,0.4,-15.8201,True,all_direct,-9.6821,0.1123
32,v3,v8,20.0,150.03,20.0,0.6,0.7501,0.4,-18.6358,True,all_direct,-12.4977,0.0904
32,v3,v11,20.0,200.0,40.0,0.6,1.0,0.8,-22.4082,True,all_direct,-16.2689,0.0865
32,v4,v8,40.0,50.0,0.0,1.0,0.25,0.0,12.8165,False,all_direct,18.9538,0.9055
32,v4,v3,40.0,100.04,20.0,1.0,0.5002,0.4,4.1799,False,all_direct,10.3163,0.3932
32,v4,v11,40.0,100.04,20.0,1.0,0.5002,0.4,4.1799,False,all_direct,10.3163,0.4066
32,v4,v7,40.0,110.04,10.0,1.0,0.5502,0.2,4.9269,False,all_direct,11.0629,0.4645
32,v4,v12,40.0,170.0,10.0,1.0,0.85,0.2,1.9046,True,all_direct,8.0413,0.2287
33,v1,v2,40.0,80.06,40.0,1.0,0.4003,0.8,3.9539,True,all_direct,10.0948,0.3609
33,v1,v6,40.0,140.03,10.0,1.0,0.7002,0.2,3.2521,False,all_direct,9.389,0.3205
33,v1,v5,40.0,160.0,30.0,1.0,0.8,0.6,-0.0824,True,all_direct,6.058,0.1887
33,v2,v1,20.0,80.06,40.0,0.6,0.4003,0.8,-16.0461,True,all_direct,-9.908,0.1111
33,v3,v4,20.0,80.06,0.0,0.6,0.4003,0.0,-10.4543,True,all_direct,-4.3173,0.1002
33,v3,v8,20.0,130.03,20.0,0.6,0.6502,0.4,-17.6419,True,all_direct,-11.5034,0.1141
33,v3,v11,20.0,160.0,10.0,0.6,0.8,0.2,-17.6742,True,all_direct,-11.536,0.1244
33,v3,v7,20.0,180.0,20.0,0.6,0.9,0.4,-19.9013,True,all_direct,-13.7659,0.1141
33,v4,v8,40.0,50.0,20.0,1.0,0.25,0.4,8.9995,False,all_direct,15.1376,0.7732
33,v4,v3,40.0,80.06,0.0,1.0,0.4003,0.0,9.5457,False,all_direct,15.6843,0.7988
33,v4,v11,40.0,80.06,10.0,1.0,0.4003,0.2,7.1374,False,all_direct,13.2746,0.6551
33,v4,v7,40.0,100.04,20.0,1.0,0.5002,0.4,4.1799,False,all_direct,10.3181,0.3914
33,v4,v12,40.0,180.0,10.0,1.0,0.9,0.2,1.5074,True,all_direct,7.6451,0.2297
34,v1,v2,40.0,40.11,20.0,1.0,0.2006,0.4,10.5306,False,all_direct,16.6657,0.85
34,v1,v6,40.0,150.03,10.0,1.0,0.7501,0.2,2.7729,False,all_direct,8.9081,0.2947
34,v1,v5,40.0,190.0,10.0,1.0,0.95,0.2,1.1317,True,all_direct,7.2691,0.2105
34,v2,v1,20.0,40.11,20.0,0.6,0.2006,0.4,-9.4694,True,all_direct,-3.331,0.11
34,v2,v6,20.0,190.0,10.0,0.6,0.95,0.2,-18.8683,True,all_direct,-12.7306,0.1285
34,v3,v4,20.0,80.06,10.0,0.6,0.4003,0.2,-12.8626,True,all_direct,-6.7262,0.1012
34,v3,v8,20.0,110.04,10.0,0.6,0.5502,0.2,-15.0731,True,all_direct,-8.9361,0.1115
34,v3,v11,20.0,150.0,20.0,0.6,0.75,0.4,-18.6344,True,all_direct,-12.4963,0.1066
34,v3,v7,20.0,160.0,0.0,0.6,0.8,0.0,-15.2659,True,all_direct,-9.1298,0.1064
34,v4,v8,40.0,30.0,20.0,1.0,0.15,0.4,12.5491,False,all_direct,18.6891,0.8902
34,v4,v11,40.0,70.06,10.0,1.0,0.3503,0.2,8.0638,False,all_direct,14.2002,0.7164
34,v4,v3,40.0,80.06,10.0,1.0,0.4003,0.2,7.1374,False,all_direct,13.2751,0.6504
34,v4,v7,40.0,80.06,10.0,1.0,0.4003,0.2,7.1374,False,all_direct,13.2749,0.634
34,v4,v12,40.0,170.0,20.0,1.0,0.85,0.4,0.4958,True,all_direct,6.6331,0.1969
35,v1,v2,40.0,20.22,0.0,1.0,0.1011,0.0,19.1062,False,all_direct,25.2443,0.9682
35,v1,v6,40.0,160.03,0.0,1.0,0.8001,0.0,4.7329,True,all_direct,10.8684,0.4371
35,v1,v5,40.0,200.0,20.0,1.0,1.0,0.4,-0.6334,True,all_direct,5.5049,0.1725
35,v2,v1,20.0,20.22,0.0,0.6,0.1011,0.0,-0.8938,False,all_direct,5.2428,0.173
35,v2,v6,20.0,180.0,0.0,0.6,0.9,0.0,-16.0844,True,all_direct,-9.9481,0.1326
35,v3,v4,20.0,70.06,0.0,0.6,0.3503,0.0,-9.5279,True,all_direct,-3.3901,0.1031
35,v3,v8,20.0,120.04,40.0,0.6,0.6002,0.8,-18.8608,True,all_direct,-12.725,0.1039
35,v3,v11,20.0,130.0,40.0,0.6,0.65,0.8,-19.4149,True,all_direct,-13.276,0.1109
35,v3,v7,20.0,160.0,10.0,0.6,0.8,0.2,-17.6742,True,all_direct,-11.5341,0.1021
35,v4,v8,40.0,50.0,40.0,1.0,0.25,0.8,7.2247,True,all_direct,13.3594,0.6473
35,v4,v11,40.0,60.07,40.0,1.0,0.3004,0.8,5.9491,True,all_direct,12.0872,0.5348
35,v4,v3,40.0,70.06,0.0,1.0,0.3503,0.0,10.4721,False,all_direct,16.6095,0.8326
35,v4,v7,40.0,90.05,10.0,1.0,0.4502,0.2,6.32,False,all_direct,12.4574,0.5842
35,v4,v12,40.0,150.0,10.0,1.0,0.75,0.2,2.7743,False,all_direct,8.9126,0.2826
36,v1,v2,40.0,20.22,10.0,1.0,0.1011,0.2,16.698,False,all_direct,22.8344,0.9574
36,v1,v6,40.0,160.03,0.0,1.0,0.8001,0.0,4.7329,True,all_direct,10.8725,0.441
36,v1,v5,40.0,180.0,10.0,1.0,0.9,0.2,1.5074,True,all_direct,7.6456,0.2313
36,v2,v1,20.0,20.22,10.0,0.6,0.1011,0.2,-3.302,False,all_direct,2.835,0.135
36,v2,v6,20.0,180.0,10.0,0.6,0.9,0.2,-18.4926,True,all_direct,-12.3551,0.1193
36,v3,v4,20.0,70.06,10.0,0.6,0.3503,0.2,-11.9362,True,all_direct,-5.7987,0.1031
36,v3,v8,20.0,80.06,10.0,0.6,0.4003,0.2,-12.8626,True,all_direct,-6.7248,0.0967
36,v3,v11,20.0,90.0,30.0,0.6,0.45,0.6,-16.0844,True,all_direct,-9.9476,0.1111
36,v3,v7,20.0,150.0,30.0,0.6,0.75,0.6,-19.6339,True,all_direct,-13.496,0.1186
36,v4,v8,40.0,10.0,0.0,1.0,0.05,0.0,24.0,False,all_direct,30.1361,0.9848
36,v4,v11,40.0,20.22,20.0,1.0,0.1011,0.4,15.2892,False,all_direct,21.4272,0.9486
36,v4,v3,40.0,70.06,10.0,1.0,0.3503,0.2,8.0638,False,all_direct,14.1992,0.7115
36,v4,v7,40.0,80.06,20.0,1.0,0.4003,0.4,5.7287,False,all_direct,11.8644,0.5309
36,v4,v12,40.0,140.0,10.0,1.0,0.7,0.2,3.2537,False,all_direct,9.3929,0.3209
37,v1,v2,40.0,30.15,0.0,1.0,0.1507,0.0,16.3315,False,all_direct,22.4682,0.9623
37,v1,v6,40.0,160.03,10.0,1.0,0.8001,0.2,2.3246,True,all_direct,8.463,0.2695
37,v1,v5,40.0,170.0,20.0,1.0,0.85,0.4,0.4958,True,all_direct,6.6316,0.1939
37,v2,v1,20.0,30.15,0.0,0.6,0.1507,0.0,-3.6685,False,all_direct,2.4696,0.1428
37,v2,v6,20.0,190.0,10.0,0.6,0.95,0.2,-18.8683,True,all_direct,-12.7298,0.0947
37,v3,v4,20.0,80.06,20.0,0.6,0.4003,0.4,-14.2713,True,all_direct,-8.131,0.1199
37,v3,v8,20.0,90.05,10.0,0.6,0.4502,0.2,-13.68,True,all_direct,-7.5438,0.0943
37,v3,v11,20.0,120.0,10.0,0.6,0.6,0.2,-15.6751,True,all_direct,-9.5387,0.1211
37,v3,v7,20.0,180.0,10.0,0.6,0.9,0.2,-18.4926,True,all_direct,-12.3537,0.1164
37,v4,v8,40.0,10.0,30.0,1.0,0.05,0.6,19.1835,False,all_direct,25.3229,0.9721
37,v4,v11,40.0,40.11,30.0,1.0,0.2006,0.6,9.5311,False,all_direct,15.6686,0.8016
37,v4,v3,40.0,80.06,20.0,1.0,0.4003,0.4,5.7287,False,all_direct,11.8651,0.5385
37,v4,v7,40.0,100.04,30.0,1.0,0.5002,0.6,3.1804,True,all_direct,9.3156,0.3273
37,v4,v12,40.0,150.0,40.0,1.0,0.75,0.8,-0.4092,True,all_direct,5.7288,0.1734
38,v1,v2,40.0,30.15,0.0,1.0,0.1507,0.0,16.3315,False,all_direct,22.4702,0.9535
38,v1,v6,40.0,170.03,0.0,1.0,0.8501,0.0,4.3117,True,all_direct,10.4509,0.4062
38,v1,v5,40.0,190.0,10.0,1.0,0.95,0.2,1.1317,True,all_direct,7.2705,0.216
38,v2,v1,20.0,30.15,0.0,0.6,0.1507,0.0,-3.6685,False,all_direct,2.4688,0.1412
38,v2,v6,20.0,200.0,0.0,0.6,1.0,0.0,-16.8165,True,all_direct,-10.6798,0.1021
38,v3,v4,20.0,60.07,40.0,0.6,0.3004,0.8,-14.0509,True,all_direct,-7.9132,0.098
38,v3,v8,20.0,100.04,40.0,0.6,0.5002,0.8,-17.5949,True,all_direct,-11.4542,0.1057
38,v3,v11,20.0,130.0,10.0,0.6,0.65,0.2,-16.2313,True,all_direct,-10.0918,0.1123
38,v3,v7,20.0,190.0,10.0,0.6,0.95,0.2,-18.8683,True,all_direct,-12.7318,0.1176
38,v4,v8,40.0,40.0,0.0,1.0,0.2,0.0,14.367,False,all_direct,20.5048,0.9379
38,v4,v3,40.0,60.07,40.0,1.0,0.3004,0.8,5.9491,True,all_direct,12.0878,0.552
38,v4,v11,40.0,70.06,30.0,1.0,0.3503,0.6,5.6556,False,all_direct,11.7927,0.5125
38,v4,v7,40.0,130.03,30.0,1.0,0.6502,0.6,1.3586,True,all_direct,7.4965,0.2205
38,v4,v12,40.0,190.0,30.0,1.0,0.95,0.6,-1.2765,True,all_direct,4.8607,0.1613
39,v1,v2,40.0,30.15,30.0,1.0,0.1507,0.6,11.515,False,all_direct,17.6552,0.8838
39,v1,v6,40.0,170.03,20.0,1.0,0.8501,0.4,0.4948,True,all_direct,6.6334,0.1969
39,v1,v5,40.0,180.0,0.0,1.0,0.9,0.0,3.9156,True,all_direct,10.0532,0.3699
39,v2,v1,20.0,30.15,30.0,0.6,0.1507,0.6,-8.485,True,all_direct,-2.3462,0.109
39,v2,v6,20.0,200.0,10.0,0.6,1.0,0.2,-19.2247,True,all_direct,-13.086,0.1066
39,v3,v4,20.0,100.04,10.0,0.6,0.5002,0.2,-14.4114,True,all_direct,-8.2748,0.1111
39,v3,v11,20.0,140.0,30.0,0.6,0.7,0.6,-19.1545,True,all_direct,-13.0173,0.1045
39,v3,v8,20.0,140.03,20.0,0.6,0.7002,0.4,-18.1566,True,all_direct,-12.0192,0.0959
39,v3,v7,20.0,200.0,0.0,0.6,1.0,0.0,-16.8165,True,all_direct,-10.6792,0.1145
39,v4,v8,40.0,40.0,10.0,1.0,0.2,0.2,11.9588,False,all_direct,18.0975,0.885
39,v4,v11,40.0,40.11,20.0,1.0,0.2006,0.4,10.5306,False,all_direct,16.6684,0.8564
39,v4,v3,40.0,100.04,10.0,1.0,0.5002,0.2,5.5886,False,all_direct,11.7262,0.5229
39,v4,v7,40.0,100.04,10.0,1.0,0.5002,0.2,5.5886,False,all_direct,11.7266,0.5357
39,v4,v12,40.0,160.0,10.0,1.0,0.8,0.2,2.3258,True,all_direct,8.4619,0.2758
40,v1,v2,40.0,3.0,20.0,1.0,0.015,0.4,28.5491,False,all_direct,34.6873,0.9883
40,v1,v5,40.0,180.0,10.0,1.0,0.9,0.2,1.5074,True,all_direct,7.6458,0.2281
40,v1,v6,40.0,190.02,30.0,1.0,0.9501,0.6,-1.2774,True,all_direct,4.8602,0.1643
40,v2,v1,20.0,3.0,20.0,0.6,0.015,0.4,8.5491,True,all_direct,14.6864,0.7342
40,v2,v5,20.0,180.02,10.0,0.6,0.9001,0.2,-18.4936,True,all_direct,-12.3561,0.1055
40,v2,v6,20.0,190.0,10.0,0.6,0.95,0.2,-18.8683,True,all_direct,-12.7298,0.1066
40,v3,v4,20.0,110.04,10.0,0.6,0.5502,0.2,-15.0731,True,all_direct,-8.9351,0.1119
40,v3,v8,20.0,160.03,10.0,0.6,0.8001,0.2,-17.6754,True,all_direct,-11.5353,0.1072
40,v3,v11,20.0,170.0,0.0,0.6,0.85,0.0,-15.6872,True,all_direct,-9.5477,0.1166
40,v3,v7,20.0,200.0,10.0,0.6,1.0,0.2,-19.2247,True,all_direct,-13.0884,0.1057
40,v4,v8,40.0,50.0,0.0,1.0,0.25,0.0,12.8165,False,all_direct,18.9539,0.9113
40,v4,v11,40.0,60.07,10.0,1.0,0.3004,0.2,9.1327,False,all_direct,15.2689,0.7768
40,v4,v7,40.0,90.05,0.0,1.0,0.4502,0.0,8.7283,False,all_direct,14.8676,0.7541
40,v4,v3,40.0,110.04,10.0,1.0,0.5502,0.2,4.9269,False,all_direct,11.0641,0.4646
40,v4,v12,40.0,150.0,0.0,1.0,0.75,0.0,5.1825,False,all_direct,11.3186,0.4723
41,v1,v2,40.0,20.22,0.0,1.0,0.1011,0.0,19.1062,False,all_direct,25.2448,0.9711
41,v1,v6,40.0,160.03,40.0,1.0,0.8001,0.8,-0.8589,True,all_direct,5.2776,0.1646
41,v1,v5,40.0,170.0,0.0,1.0,0.85,0.0,4.3128,True,all_direct,10.4509,0.4037
41,v2,v1,20.0,20.22,0.0,0.6,0.1011,0.0,-0.8938,False,all_direct,5.2418,0.1623
41,v2,v6,20.0,180.0,40.0,0.6,0.9,0.8,-21.6761,True,all_direct,-15.5388,0.1078
41,v2,v5,20.0,190.02,0.0,0.6,0.9501,0.0,-16.4609,True,all_direct,-10.3229,0.1176
41,v3,v4,20.0,120.04,0.0,0.6,0.6002,0.0,-13.2691,True,all_direct,-7.1301,0.1031
41,v3,v11,20.0,170.0,10.0,0.6,0.85,0.2,-18.0954,True,all_direct,-11.9589,0.1104
41,v3,v8,20.0,170.03,0.0,0.6,0.8501,0.0,-15.6883,True,all_direct,-9.5502,0.1084
41,v4,v8,40.0,50.0,0.0,1.0,0.25,0.0,12.8165,False,all_direct,18.9571,0.9033
41,v4,v11,40.0,50.09,10.0,1.0,0.2504,0.2,10.3958,False,all_direct,16.5329,0.8396
41,v4,v7,40.0,90.05,0.0,1.0,0.4502,0.0,8.7283,False,all_direct,14.8661,0.7639
41,v4,v3,40.0,120.04,0.0,1.0,0.6002,0.0,6.7309,False,all_direct,12.8687,0.6143
41,v4,v12,40.0,150.0,30.0,1.0,0.75,0.6,0.3661,True,all_direct,6.5053,0.1912
42,v1,v2,40.0,20.22,10.0,1.0,0.1011,0.2,16.698,False,all_direct,22.8353,0.9613
42,v1,v6,40.0,120.04,10.0,1.0,0.6002,0.2,4.3227,False,all_direct,10.4616,0.4195
42,v1,v5,40.0,170.0,10.0,1.0,0.85,0.2,1.9046,True,all_direct,8.0436,0.2408
42,v2,v1,20.0,20.22,10.0,0.6,0.1011,0.2,-3.302,False,all_direct,2.8349,0.1389
42,v2,v6,20.0,140.0,0.0,0.6,0.7,0.0,-14.338,True,all_direct,-8.1983,0.1037
42,v2,v5,20.0,190.02,20.0,0.6,0.9501,0.4,-20.2779,True,all_direct,-14.1402,0.0967
42,v3,v4,20.0,120.04,40.0,0.6,0.6002,0.8,-18.8608,True,all_direct,-12.7223,0.1125
42,v3,v8,20.0,170.03,30.0,0.6,0.8501,0.6,-20.5047,True,all_direct,-14.3694,0.1035
42,v3,v11,20.0,180.0,0.0,0.6,0.9,0.0,-16.0844,True,all_direct,-9.9453,0.1289
42,v4,v8,40.0,50.0,10.0,1.0,0.25,0.2,10.4082,False,all_direct,16.5465,0.8465
42,v4,v11,40.0,60.07,40.0,1.0,0.3004,0.8,5.9491,True,all_direct,12.0859,0.557
42,v4,v7,40.0,90.05,0.0,1.0,0.4502,0.0,8.7283,False,all_direct,14.8661,0.7504
42,v4,v12,40.0,120.0,0.0,1.0,0.6,0.0,6.7331,False,all_direct,12.8732,0.6246
42,v4,v3,40.0,120.04,40.0,1.0,0.6002,0.8,1.1392,True,all_direct,7.2777,0.2146
43,v1,v2,40.0,30.15,10.0,1.0,0.1507,0.2,13.9232,False,all_direct,20.0606,0.9256
43,v1,v6,40.0,110.04,20.0,1.0,0.5502,0.4,3.5182,False,all_direct,9.6553,0.3414
43,v1,v5,40.0,180.0,0.0,1.0,0.9,0.0,3.9156,True,all_direct,10.0527,0.3713
43,v2,v1,20.0,30.15,10.0,0.6,0.1507,0.2,-6.0768,False,all_direct,0.0601,0.1217
43,v2,v6,20.0,140.0,10.0,0.6,0.7,0.2,-16.7463,True,all_direct,-10.6072,0.1029
43,v3,v4,20.0,80.06,20.0,0.6,0.4003,0.4,-14.2713,True,all_direct,-8.1337,0.1074
43,v3,v8,20.0,140.03,10.0,0.6,0.7002,0.2,-16.7479,True,all_direct,-10.6095,0.1139
43,v3,v7,20.0,170.0,20.0,0.6,0.85,0.4,-19.5042,True,all_direct,-13.368,0.1057
43,v3,v11,20.0,180.0,10.0,0.6,0.9,0.2,-18.4926,True,all_direct,-12.3517,0.1107
43,v4,v8,40.0,60.0,30.0,1.0,0.3,0.6,6.7331,False,all_direct,12.8698,0.601
43,v4,v3,40.0,80.06,20.0,1.0,0.4003,0.4,5.7287,False,all_direct,11.8669,0.534
43,v4,v7,40.0,90.05,0.0,1.0,0.4502,0.0,8.7283,False,all_direct,14.8655,0.7709
43,v4,v11,40.0,100.04,30.0,1.0,0.5002,0.6,3.1804,True,all_direct,9.3199,0.3191
43,v4,v12,40.0,120.0,20.0,1.0,0.6,0.4,2.9161,False,all_direct,9.0533,0.3047
44,v1,v2,40.0,20.22,0.0,1.0,0.1011,0.0,19.1062,False,all_direct,25.2437,0.9727
44,v1,v6,40.0,130.03,10.0,1.0,0.6502,0.2,3.7668,False,all_direct,9.9027,0.3803
44,v1,v5,40.0,180.0,10.0,1.0,0.9,0.2,1.5074,True,all_direct,7.6459,0.2271
44,v2,v1,20.0,20.22,0.0,0.6,0.1011,0.0,-0.8938,False,all_direct,5.2431,0.1695
44,v2,v6,20.0,150.0,10.0,0.6,0.75,0.2,-17.2257,True,all_direct,-11.0874,0.1098
44,v3,v4,20.0,100.04,10.0,0.6,0.5002,0.2,-14.4114,True,all_direct,-8.2746,0.1064
44,v3,v8,20.0,130.03,30.0,0.6,0.6502,0.6,-18.6414,True,all_direct,-12.5026,0.1148
44,v3,v11,20.0,170.0,20.0,0.6,0.85,0.4,-19.5042,True,all_direct,-13.366,0.109
44,v3,v7,20.0,190.0,20.0,0.6,0.95,0.4,-20.277,True,all_direct,-14.1417,0.0912
44,v4,v8,40.0,30.0,40.0,1.0,0.15,0.8,10.7743,True,all_direct,16.9108,0.8578
44,v4,v11,40.0,70.06,30.0,1.0,0.3503,0.6,5.6556,False,all_direct,11.7897,0.5268
44,v4,v7,40.0,90.05,30.0,1.0,0.4502,0.6,3.9118,True,all_direct,10.0485,0.3785
44,v4,v12,40.0,100.0,10.0,1.0,0.5,0.2,5.5918,False,all_direct,11.7303,0.5125
44,v4,v3,40.0,100.04,10.0,1.0,0.5002,0.2,5.5886,False,all_direct,11.7265,0.4998
45,v1,v2,40.0,20.22,20.0,1.0,0.1011,0.4,15.2892,False,all_direct,21.4275,0.948
45,v1,v6,40.0,140.03,10.0,1.0,0.7002,0.2,3.2521,False,all_direct,9.3901,0.3223
45,v1,v5,40.0,190.0,10.0,1.0,0.95,0.2,1.1317,True,all_direct,7.2694,0.2145
45,v2,v1,20.0,20.22,20.0,0.6,0.1011,0.4,-4.7108,True,all_direct,1.4275,0.1217
45,v2,v6,20.0,160.0,10.0,0.6,0.8,0.2,-17.6742,True,all_direct,-11.5371,0.1207
45,v3,v4,20.0,90.05,0.0,0.6,0.4502,0.0,-11.2717,True,all_direct,-5.1332,0.0992
45,v3,v8,20.0,160.03,0.0,0.6,0.8001,0.0,-15.2671,True,all_direct,-9.1305,0.132
45,v3,v11,20.0,190.0,20.0,0.6,0.95,0.4,-20.277,True,all_direct,-14.1399,0.1014
45,v4,v8,40.0,70.0,0.0,1.0,0.35,0.0,10.4784,False,all_direct,16.6155,0.8426
45,v4,v3,40.0,90.05,0.0,1.0,0.4502,0.0,8.7283,False,all_direct,14.8673,0.7801
45,v4,v11,40.0,100.04,20.0,1.0,0.5002,0.4,4.1799,False,all_direct,10.3183,0.4072
45,v4,v12,40.0,110.0,10.0,1.0,0.55,0.2,4.9295,False,all_direct,11.0693,0.4568
45,v4,v7,40.0,120.04,20.0,1.0,0.6002,0.4,2.914,False,all_direct,9.0527,0.3189
46,v1,v2,40.0,3.0,30.0,1.0,0.015,0.6,27.5496,False,all_direct,33.6878,0.9893
46,v1,v6,40.0,150.03,0.0,1.0,0.7501,0.0,5.1812,False,all_direct,11.3181,0.4895
46,v1,v5,40.0,200.0,20.0,1.0,1.0,0.4,-0.6334,True,all_direct,5.5038,0.1848
46,v2,v1,20.0,3.0,30.0,0.6,0.015,0.6,7.5496,True,all_direct,13.6877,0.6613
46,v2,v6,20.0,150.0,30.0,0.6,0.75,0.6,-19.6339,True,all_direct,-13.4981,0.117
46,v3,v4,20.0,90.05,20.0,0.6,0.4502,0.4,-15.0887,True,all_direct,-8.9501,0.1092
46,v3,v8,20.0,160.03,20.0,0.6,0.8001,0.4,-19.0841,True,all_direct,-12.9462,0.1143
46,v3,v11,20.0,170.0,30.0,0.6,0.85,0.6,-20.5037,True,all_direct,-14.3655,0.1033
46,v3,v7,20.0,190.0,10.0,0.6,0.95,0.2,-18.8683,True,all_direct,-12.7321,0.1
46,v4,v8,40.0,70.0,0.0,1.0,0.35,0.0,10.4784,False,all_direct,16.6154,0.8525
46,v4,v11,40.0,80.06,10.0,1.0,0.4003,0.2,7.1374,False,all_direct,13.2773,0.6516
46,v4,v3,40.0,90.05,20.0,1.0,0.4502,0.4,4.9113,False,all_direct,11.0473,0.4475
46,v4,v7,40.0,100.04,10.0,1.0,0.5002,0.2,5.5886,False,all_direct,11.7284,0.5262
46,v4,v12,40.0,120.0,20.0,1.0,0.6,0.4,2.9161,False,all_direct,9.0525,0.3145
47,v1,v2,40.0,30.15,0.0,1.0,0.1507,0.0,16.3315,False,all_direct,22.4685,0.9525
47,v1,v6,40.0,150.03,0.0,1.0,0.7501,0.0,5.1812,False,all_direct,11.3187,0.4768
47,v2,v1,20.0,30.15,0.0,0.6,0.1507,0.0,-3.6685,False,all_direct,2.4692,0.1314
47,v2,v6,20.0,120.0,0.0,0.6,0.6,0.0,-13.2669,True,all_direct,-7.1295,0.1078
47,v2,v5,20.0,190.02,10.0,0.6,0.9501,0.2,-18.8692,True,all_direct,-12.7314,0.1145
47,v3,v4,20.0,70.06,10.0,0.6,0.3503,0.2,-11.9362,True,all_direct,-5.7984,0.0904
47,v3,v11,20.0,140.0,0.0,0.6,0.7,0.0,-14.338,True,all_direct,-8.1995,0.1068
47,v3,v8,20.0,140.03,30.0,0.6,0.7002,0.6,-19.1561,True,all_direct,-13.0179,0.1098
47,v3,v12,20.0,170.03,20.0,0.6,0.8501,0.4,-19.5052,True,all_direct,-13.3694,0.1145
47,v3,v7,20.0,180.0,10.0,0.6,0.9,0.2,-18.4926,True,all_direct,-12.3533,0.1068
47,v4,v8,40.0,70.0,40.0,1.0,0.35,0.8,4.8867,True,all_direct,11.0249,0.4445
47,v4,v3,40.0,70.06,10.0,1.0,0.3503,0.2,8.0638,False,all_direct,14.2029,0.7207
47,v4,v11,40.0,70.06,10.0,1.0,0.3503,0.2,8.0638,False,all_direct,14.2002,0.7035
47,v4,v12,40.0,100.0,30.0,1.0,0.5,0.6,3.1835,True,all_direct,9.3213,0.3154
47,v4,v7,40.0,110.04,0.0,1.0,0.5502,0.0,7.3351,False,all_direct,13.4733,0.6586
48,v1,v2,40.0,30.15,10.0,1.0,0.1507,0.2,13.9232,False,all_direct,20.0601,0.9176
48,v1,v6,40.0,150.03,30.0,1.0,0.7501,0.6,0.3647,True,all_direct,6.5004,0.1891
48,v2,v1,20.0,30.15,10.0,0.6,0.1507,0.2,-6.0768,False,all_direct,0.0629,0.1139
48,v2,v6,20.0,120.0,20.0,0.6,0.6,0.4,-17.0839,True,all_direct,-10.9466,0.1133
48,v3,v4,20.0,80.06,10.0,0.6,0.4003,0.2,-12.8626,True,all_direct,-6.725,0.0992
48,v3,v8,20.0,110.04,10.0,0.6,0.5502,0.2,-15.0731,True,all_direct,-8.9357,0.1168
48,v3,v11,20.0,140.0,30.0,0.6,0.7,0.6,-19.1545,True,all_direct,-13.017,0.1176
48,v3,v12,20.0,150.03,10.0,0.6,0.7501,0.2,-17.2271,True,all_direct,-11.0918,0.1066
48,v3,v7,20.0,190.0,0.0,0.6,0.95,0.0,-16.4601,True,all_direct,-10.3224,0.1227
48,v4,v8,40.0,30.0,0.0,1.0,0.15,0.0,16.3661,False,all_direct,22.506,0.9543
48,v4,v11,40.0,60.07,20.0,1.0,0.3004,0.4,7.7239,False,all_direct,13.863,0.6904
48,v4,v12,40.0,70.0,0.0,1.0,0.35,0.0,10.4784,False,all_direct,16.616,0.8471
48,v4,v3,40.0,80.06,10.0,1.0,0.4003,0.2,7.1374,False,all_direct,13.2757,0.6414
48,v4,v7,40.0,110.04,10.0,1.0,0.5502,0.2,4.9269,False,all_direct,11.0642,0.4672
49,v1,v2,40.0,20.22,10.0,1.0,0.1011,0.2,16.698,False,all_direct,22.8365,0.9578
49,v1,v6,40.0,120.04,0.0,1.0,0.6002,0.0,6.7309,False,all_direct,12.8674,0.6277
49,v2,v1,20.0,20.22,10.0,0.6,0.1011,0.2,-3.302,False,all_direct,2.8361,0.1447
49,v2,v6,20.0,100.0,10.0,0.6,0.5,0.2,-14.4082,True,all_direct,-8.2713,0.1021
49,v3,v4,20.0,70.06,10.0,0.6,0.3503,0.2,-11.9362,True,all_direct,-5.7977,0.1037
49,v3,v8,20.0,100.04,10.0,0.6,0.5002,0.2,-14.4114,True,all_direct,-8.2741,0.1061
49,v3,v11,20.0,110.0,10.0,0.6,0.55,0.2,-15.0705,True,all_direct,-8.9336,0.1229
49,v3,v12,20.0,140.03,30.0,0.6,0.7002,0.6,-19.1561,True,all_direct,-13.018,0.1129
49,v3,v7,20.0,190.0,10.0,0.6,0.95,0.2,-18.8683,True,all_direct,-12.7301,0.1121
49,v4,v8,40.0,30.0,0.0,1.0,0.15,0.0,16.3661,False,all_direct,22.5063,0.9613
49,v4,v11,40.0,40.11,0.0,1.0,0.2006,0.0,14.3476,False,all_direct,20.4845,0.9383
49,v4,v12,40.0,70.0,40.0,1.0,0.35,0.8,4.8867,True,all_direct,11.0266,0.4668
49,v4,v3,40.0,70.06,10.0,1.0,0.3503,0.2,8.0638,False,all_direct,14.2036,0.732
49,v4,v7,40.0,120.04,0.0,1.0,0.6002,0.0,6.7309,False,all_direct,12.8699,0.5996
50,v1,v2,40.0,30.15,10.0,1.0,0.1507,0.2,13.9232,False,all_direct,20.06,0.927
50,v1,v6,40.0,120.04,30.0,1.0,0.6002,0.6,1.9144,True,all_direct,8.0523,0.2449
50,v2,v1,20.0,30.15,10.0,0.6,0.1507,0.2,-6.0768,False,all_direct,0.0623,0.1291
50,v2,v6,20.0,90.0,20.0,0.6,0.45,0.4,-15.0849,True,all_direct,-8.9474,0.11
50,v3,v4,20.0,80.06,0.0,0.6,0.4003,0.0,-10.4543,True,all_direct,-4.3176,0.0973
50,v3,v8,20.0,110.04,10.0,0.6,0.5502,0.2,-15.0731,True,all_direct,-8.9363,0.1059
50,v3,v12,20.0,110.04,0.0,0.6,0.5502,0.0,-12.6649,True,all_direct,-6.5279,0.0992
50,v3,v11,20.0,120.0,20.0,0.6,0.6,0.4,-17.0839,True,all_direct,-10.947,0.0967
50,v3,v7,20.0,200.0,0.0,0.6,1.0,0.0,-16.8165,True,all_direct,-10.6772,0.1225
50,v4,v8,40.0,30.0,10.0,1.0,0.15,0.2,13.9578,False,all_direct,20.0958,0.9383
50,v4,v12,40.0,30.0,0.0,1.0,0.15,0.0,16.3661,False,all_direct,22.5032,0.9496
50,v4,v11,40.0,40.11,20.0,1.0,0.2006,0.4,10.5306,False,all_direct,16.6686,0.8471
50,v4,v3,40.0,80.06,0.0,1.0,0.4003,0.0,9.5457,False,all_direct,15.684,0.8004
50,v4,v7,40.0,120.04,0.0,1.0,0.6002,0.0,6.7309,False,all_direct,12.867,0.6037
51,v1,v2,40.0,40.11,10.0,1.0,0.2006,0.2,11.9393,False,all_direct,18.0754,0.8795
51,v1,v6,40.0,150.03,0.0,1.0,0.7501,0.0,5.1812,False,all_direct,11.32,0.4844
51,v2,v1,20.0,40.11,10.0,0.6,0.2006,0.2,-8.0607,False,all_direct,-1.9216,0.1051
51,v2,v6,20.0,110.0,10.0,0.6,0.55,0.2,-15.0705,True,all_direct,-8.9334,0.1162
51,v3,v4,20.0,80.06,10.0,0.6,0.4003,0.2,-12.8626,True,all_direct,-6.7237,0.1012
51,v3,v12,20.0,110.04,30.0,0.6,0.5502,0.6,-17.4813,True,all_direct,-11.3424,0.1006
51,v3,v8,20.0,120.04,0.0,0.6,0.6002,0.0,-13.2691,True,all_direct,-7.132,0.1043
51,v3,v11,20.0,140.0,30.0,0.6,0.7,0.6,-19.1545,True,all_direct,-13.0159,0.1266
51,v3,v7,20.0,200.0,40.0,0.6,1.0,0.8,-22.4082,True,all_direct,-16.2693,0.1029
51,v4,v12,40.0,30.0,20.0,1.0,0.15,0.4,12.5491,False,all_direct,18.6863,0.9006
51,v4,v8,40.0,40.0,10.0,1.0,0.2,0.2,11.9588,False,all_direct,18.0958,0.8893
51,v4,v11,40.0,60.07,20.0,1.0,0.3004,0.4,7.7239,False,all_direct,13.8598,0.6932
51,v4,v3,40.0,80.06,10.0,1.0,0.4003,0.2,7.1374,False,all_direct,13.2753,0.6602
51,v4,v7,40.0,120.04,30.0,1.0,0.6002,0.6,1.9144,True,all_direct,8.0508,0.2479
52,v1,v2,40.0,30.15,10.0,1.0,0.1507,0.2,13.9232,False,all_direct,20.059,0.9186
52,v1,v6,40.0,150.03,30.0,1.0,0.7501,0.6,0.3647,True,all_direct,6.5038,0.1906
52,v2,v1,20.0,30.15,10.0,0.6,0.1507,0.2,-6.0768,False,all_direct,0.0599,0.1223
52,v2,v6,20.0,120.0,20.0,0.6,0.6,0.4,-17.0839,True,all_direct,-10.9446,0.1271
52,v3,v4,20.0,70.06,20.0,0.6,0.3503,0.4,-13.3449,True,all_direct,-7.2055,0.1051
52,v3,v12,20.0,80.06,10.0,0.6,0.4003,0.2,-12.8626,True,all_direct,-6.7261,0.0939
52,v3,v11,20.0,110.0,0.0,0.6,0.55,0.0,-12.6623,True,all_direct,-6.5232,0.1031
52,v3,v8,20.0,120.04,20.0,0.6,0.6002,0.4,-17.086,True,all_direct,-10.9496,0.1047
52,v3,v7,20.0,160.0,20.0,0.6,0.8,0.4,-19.0829,True,all_direct,-12.9454,0.1207
52,v4,v12,40.0,10.0,30.0,1.0,0.05,0.6,19.1835,False,all_direct,25.3222,0.9643
52,v4,v11,40.0,40.11,20.0,1.0,0.2006,0.4,10.5306,False,all_direct,16.668,0.8361
52,v4,v8,40.0,50.0,0.0,1.0,0.25,0.0,12.8165,False,all_direct,18.9543,0.9131
52,v4,v3,40.0,70.06,20.0,1.0,0.3503,0.4,6.6551,False,all_direct,12.7961,0.6094
52,v4,v7,40.0,90.05,40.0,1.0,0.4502,0.8,3.1365,True,all_direct,9.2766,0.3168
53,v1,v2,40.0,20.22,30.0,1.0,0.1011,0.6,14.2897,False,all_direct,20.4284,0.9406
53,v1,v6,40.0,120.04,40.0,1.0,0.6002,0.8,1.1392,True,all_direct,7.2753,0.216
53,v2,v1,20.0,20.22,30.0,0.6,0.1011,0.6,-5.7103,True,all_direct,0.4284,0.1232
53,v2,v6,20.0,100.0,10.0,0.6,0.5,0.2,-14.4082,True,all_direct,-8.2686,0.1029
53,v3,v4,20.0,50.09,10.0,0.6,0.2504,0.2,-9.6042,False,all_direct,-3.4659,0.1041
53,v3,v12,20.0,90.05,20.0,0.6,0.4502,0.4,-15.0887,True,all_direct,-8.9518,0.1289
53,v3,v8,20.0,100.04,10.0,0.6,0.5002,0.2,-14.4114,True,all_direct,-8.2742,0.1092
53,v3,v11,20.0,110.0,20.0,0.6,0.55,0.4,-16.4793,True,all_direct,-10.3434,0.1162
53,v3,v7,20.0,180.0,20.0,0.6,0.9,0.4,-19.9013,True,all_direct,-13.7652,0.1129
53,v4,v12,40.0,40.0,30.0,1.0,0.2,0.6,9.5506,False,all_direct,15.6875,0.8086
53,v4,v8,40.0,50.0,0.0,1.0,0.25,0.0,12.8165,False,all_direct,18.9535,0.8984
53,v4,v3,40.0,50.09,10.0,1.0,0.2504,0.2,10.3958,False,all_direct,16.5345,0.8449
53,v4,v11,40.0,60.07,10.0,1.0,0.3004,0.2,9.1327,False,all_direct,15.2701,0.7789
53,v4,v7,40.0,130.03,10.0,1.0,0.6502,0.2,3.7668,False,all_direct,9.9066,0.3596
54,v1,v2,40.0,10.44,40.0,1.0,0.0522,0.8,18.1088,True,all_direct,24.2476,0.9711
54,v1,v6,40.0,80.06,30.0,1.0,0.4003,0.6,4.7292,False,all_direct,10.8648,0.4486
54,v2,v1,20.0,10.44,40.0,0.6,0.0522,0.8,-1.8912,True,all_direct,4.2483,0.148
54,v2,v6,20.0,90.0,10.0,0.6,0.45,0.2,-13.6761,True,all_direct,-7.5383,0.0982
54,v3,v4,20.0,40.11,20.0,0.6,0.2006,0.4,-9.4694,True,all_direct,-3.3312,0.1041
54,v3,v11,20.0,90.0,10.0,0.6,0.45,0.2,-13.6761,True,all_direct,-7.5398,0.1023
54,v3,v8,20.0,90.05,20.0,0.6,0.4502,0.4,-15.0887,True,all_direct,-8.9519,0.1191
54,v3,v12,20.0,110.04,20.0,0.6,0.5502,0.4,-16.4818,True,all_direct,-10.3424,0.1125
54,v3,v7,20.0,160.0,10.0,0.6,0.8,0.2,-17.6742,True,all_direct,-11.5378,0.116
54,v4,v3,40.0,40.11,20.0,1.0,0.2006,0.4,10.5306,False,all_direct,16.6684,0.8459
54,v4,v8,40.0,50.0,0.0,1.0,0.25,0.0,12.8165,False,all_direct,18.9549,0.9025
54,v4,v11,40.0,50.09,30.0,1.0,0.2504,0.6,7.9875,False,all_direct,14.123,0.7053
54,v4,v12,40.0,70.0,0.0,1.0,0.35,0.0,10.4784,False,all_direct,16.6154,0.8387
54,v4,v7,40.0,120.04,10.0,1.0,0.6002,0.2,4.3227,False,all_direct,10.4595,0.4043
55,v1,v2,40.0,30.15,10.0,1.0,0.1507,0.2,13.9232,False,all_direct,20.0617,0.9324
55,v1,v6,40.0,110.04,20.0,1.0,0.5502,0.4,3.5182,False,all_direct,9.6559,0.3496
55,v2,v1,20.0,30.15,10.0,0.6,0.1507,0.2,-6.0768,False,all_direct,0.0611,0.1184
55,v2,v6,20.0,80.0,10.0,0.6,0.4,0.2,-12.8577,True,all_direct,-6.7204,0.1057
55,v3,v4,20.0,20.22,10.0,0.6,0.1011,0.2,-3.302,False,all_direct,2.8347,0.1373
55,v3,v8,20.0,70.06,20.0,0.6,0.3503,0.4,-13.3449,True,all_direct,-7.2075,0.1057
55,v3,v12,20.0,90.05,0.0,0.6,0.4502,0.0,-11.2717,True,all_direct,-5.1361,0.1041
55,v3,v11,20.0,100.0,20.0,0.6,0.5,0.4,-15.817,True,all_direct,-9.6776,0.1232
55,v3,v7,20.0,150.0,10.0,0.6,0.75,0.2,-17.2257,True,all_direct,-11.0877,0.1066
55,v4,v3,40.0,20.22,10.0,1.0,0.1011,0.2,16.698,False,all_direct,22.8334,0.9594
55,v4,v8,40.0,50.0,10.0,1.0,0.25,0.2,10.4082,False,all_direct,16.5436,0.8449
55,v4,v12,40.0,70.0,10.0,1.0,0.35,0.2,8.0702,False,all_direct,14.208,0.7178
55,v4,v11,40.0,80.06,30.0,1.0,0.4003,0.6,4.7292,False,all_direct,10.8674,0.4346
55,v4,v7,40.0,130.03,0.0,1.0,0.6502,0.0,6.1751,False,all_direct,12.3149,0.549
56,v1,v2,40.0,20.22,30.0,1.0,0.1011,0.6,14.2897,False,all_direct,20.4268,0.924
56,v1,v6,40.0,90.05,10.0,1.0,0.4502,0.2,6.32,False,all_direct,12.4577,0.5787
56,v2,v1,20.0,20.22,30.0,0.6,0.1011,0.6,-5.7103,True,all_direct,0.4277,0.1309
56,v2,v6,20.0,70.0,40.0,0.6,0.35,0.8,-15.1133,True,all_direct,-8.9757,0.1049
56,v3,v4,20.0,10.44,30.0,0.6,0.0522,0.6,-1.1159,True,all_direct,5.0222,0.1639
56,v3,v8,20.0,50.09,20.0,0.6,0.2504,0.4,-11.013,True,all_direct,-4.8749,0.0977
56,v3,v12,20.0,90.05,30.0,0.6,0.4502,0.6,-16.0882,True,all_direct,-9.952,0.1084
56,v3,v11,20.0,120.0,10.0,0.6,0.6,0.2,-15.6751,True,all_direct,-9.5365,0.1031
56,v3,v7,20.0,140.0,20.0,0.6,0.7,0.4,-18.155,True,all_direct,-12.0163,0.1148
56,v4,v3,40.0,10.44,30.0,1.0,0.0522,0.6,18.8841,False,all_direct,25.0196,0.9662
56,v4,v8,40.0,40.0,10.0,1.0,0.2,0.2,11.9588,False,all_direct,18.097,0.8887
56,v4,v12,40.0,80.0,0.0,1.0,0.4,0.0,9.5506,False,all_direct,15.6888,0.8027
56,v4,v11,40.0,110.04,20.0,1.0,0.5502,0.4,3.5182,False,all_direct,9.6549,0.3477
56,v4,v7,40.0,130.03,10.0,1.0,0.6502,0.2,3.7668,False,all_direct,9.9053,0.373
57,v1,v2,40.0,50.09,10.0,1.0,0.2504,0.2,10.3958,False,all_direct,16.533,0.8438
57,v1,v6,40.0,80.06,20.0,1.0,0.4003,0.4,5.7287,False,all_direct,11.8677,0.5371
57,v2,v6,20.0,30.0,10.0,0.6,0.15,0.2,-6.0422,False,all_direct,0.0964,0.124
57,v2,v1,20.0,50.09,10.0,0.6,0.2504,0.2,-9.6042,False,all_direct,-3.4674,0.11
57,v2,v5,20.0,190.02,20.0,0.6,0.9501,0.4,-20.2779,True,all_direct,-14.1382,0.1189
57,v3,v4,20.0,20.22,40.0,0.6,0.1011,0.8,-6.4855,True,all_direct,-0.3483,0.1217
57,v3,v8,20.0,30.15,30.0,0.6,0.1507,0.6,-8.485,True,all_direct,-2.3493,0.108
57,v3,v12,20.0,60.07,30.0,0.6,0.3004,0.6,-13.2756,True,all_direct,-7.138,0.1078
57,v3,v11,20.0,110.0,40.0,0.6,0.55,0.8,-18.254,True,all_direct,-12.1181,0.0957
57,v3,v7,20.0,120.0,40.0,0.6,0.6,0.8,-18.8587,True,all_direct,-12.7187,0.115
57,v4,v3,40.0,20.22,40.0,1.0,0.1011,0.8,13.5145,True,all_direct,19.6521,0.927
57,v4,v8,40.0,50.0,10.0,1.0,0.25,0.2,10.4082,False,all_direct,16.5467,0.8352
57,v4,v12,40.0,80.0,10.0,1.0,0.4,0.2,7.1423,False,all_direct,13.2802,0.6529
57,v4,v11,40.0,130.03,0.0,1.0,0.6502,0.0,6.1751,False,all_direct,12.3135,0.5678
57,v4,v7,40.0,140.03,0.0,1.0,0.7002,0.0,5.6604,False,all_direct,11.7969,0.5256
58,v1,v2,40.0,40.11,10.0,1.0,0.2006,0.2,11.9393,False,all_direct,18.0747,0.877
58,v1,v6,40.0,60.07,10.0,1.0,0.3004,0.2,9.1327,False,all_direct,15.271,0.7707
58,v2,v6,20.0,20.0,0.0,0.6,0.1,0.0,-0.8165,False,all_direct,5.3216,0.1691
58,v2,v1,20.0,40.11,10.0,0.6,0.2006,0.2,-8.0607,False,all_direct,-1.9248,0.107
58,v2,v5,20.0,170.03,30.0,0.6,0.8501,0.6,-20.5047,True,all_direct,-14.3669,0.1121
58,v3,v4,20.0,20.22,20.0,0.6,0.1011,0.4,-4.7108,True,all_direct,1.4254,0.1324
58,v3,v8,20.0,60.07,0.0,0.6,0.3004,0.0,-8.4591,True,all_direct,-2.3198,0.1109
58,v3,v12,20.0,90.05,10.0,0.6,0.4502,0.2,-13.68,True,all_direct,-7.5419,0.1043
58,v3,v11,20.0,150.0,20.0,0.6,0.75,0.4,-18.6344,True,all_direct,-12.4969,0.101
58,v3,v7,20.0,160.0,30.0,0.6,0.8,0.6,-20.0824,True,all_direct,-13.9463,0.1141
58,v4,v3,40.0,20.22,20.0,1.0,0.1011,0.4,15.2892,False,all_direct,21.4288,0.9383
58,v4,v8,40.0,40.0,20.0,1.0,0.2,0.4,10.5501,False,all_direct,16.6868,0.8443
58,v4,v12,40.0,70.0,10.0,1.0,0.35,0.2,8.0702,False,all_direct,14.2086,0.7178
58,v4,v11,40.0,130.03,0.0,1.0,0.6502,0.0,6.1751,False,all_direct,12.3137,0.5801
58,v4,v7,40.0,140.03,10.0,1.0,0.7002,0.2,3.2521,False,all_direct,9.3881,0.3355
59,v1,v2,40.0,30.15,20.0,1.0,0.1507,0.4,12.5145,False,all_direct,18.6523,0.9043
59,v1,v6,40.0,50.09,10.0,1.0,0.2504,0.2,10.3958,False,all_direct,16.5346,0.8385
59,v2,v6,20.0,20.0,10.0,0.6,0.1,0.2,-3.2247,False,all_direct,2.915,0.1408
59,v2,v1,20.0,30.15,20.0,0.6,0.1507,0.4,-7.4855,True,all_direct,-1.3484,0.107
59,v3,v4,20.0,3.0,10.0,0.6,0.015,0.2,9.9578,False,all_direct,16.0938,0.8123
59,v3,v8,20.0,60.07,0.0,0.6,0.3004,0.0,-8.4591,True,all_direct,-2.3209,0.1051
59,v3,v12,20.0,80.06,30.0,0.6,0.4003,0.6,-15.2708,True,all_direct,-9.133,0.1111
59,v3,v7,20.0,130.0,0.0,0.6,0.65,0.0,-13.8231,True,all_direct,-7.6846,0.0973
59,v3,v11,20.0,130.0,20.0,0.6,0.65,0.4,-17.6401,True,all_direct,-11.4993,0.1148
59,v4,v3,40.0,3.0,10.0,1.0,0.015,0.2,29.9578,False,all_direct,36.0979,0.9926
59,v4,v8,40.0,60.0,10.0,1.0,0.3,0.2,9.1413,False,all_direct,15.2792,0.7936
59,v4,v12,40.0,80.0,20.0,1.0,0.4,0.4,5.7336,False,all_direct,11.8703,0.515
59,v4,v7,40.0,130.03,10.0,1.0,0.6502,0.2,3.7668,False,all_direct,9.9061,0.3594
59,v4,v11,40.0,130.03,10.0,1.0,0.6502,0.2,3.7668,False,all_direct,9.9032,0.3758
60,v1,v2,40.0,10.44,0.0,1.0,0.0522,0.0,23.7006,False,all_direct,29.8389,0.9844
60,v1,v6,40.0,40.11,20.0,1.0,0.2006,0.4,10.5306,False,all_direct,16.669,0.8432
60,v2,v1,20.0,10.44,0.0,0.6,0.0522,0.0,3.7006,False,all_direct,9.8391,0.3559
60,v2,v6,20.0,30.0,20.0,0.6,0.15,0.4,-7.4509,True,all_direct,-1.3142,0.107
60,v3,v4,20.0,10.44,20.0,0.6,0.0522,0.4,-0.1164,True,all_direct,6.0229,0.1709
60,v3,v8,20.0,60.07,30.0,0.6,0.3004,0.6,-13.2756,True,all_direct,-7.1387,0.1072
60,v3,v12,20.0,110.04,10.0,0.6,0.5502,0.2,-15.0731,True,all_direct,-8.9373,0.1133
60,v3,v7,20.0,130.0,30.0,0.6,0.65,0.6,-18.6396,True,all_direct,-12.5018,0.0996
60,v3,v11,20.0,150.0,20.0,0.6,0.75,0.4,-18.6344,True,all_direct,-12.4985,0.1184
60,v4,v3,40.0,10.44,20.0,1.0,0.0522,0.4,19.8836,False,all_direct,26.0197,0.9715
60,v4,v8,40.0,50.0,10.0,1.0,0.25,0.2,10.4082,False,all_direct,16.5452,0.8416
60,v4,v12,40.0,100.0,30.0,1.0,0.5,0.6,3.1835,True,all_direct,9.3221,0.3236
60,v4,v7,40.0,120.04,10.0,1.0,0.6002,0.2,4.3227,False,all_direct,10.4618,0.4072
60,v4,v11,40.0,140.03,0.0,1.0,0.7002,0.0,5.6604,False,all_direct,11.7973,0.5154
61,v1,v2,40.0,10.44,0.0,1.0,0.0522,0.0,23.7006,False,all_direct,29.8416,0.9893
61,v1,v6,40.0,60.07,0.0,1.0,0.3004,0.0,11.5409,False,all_direct,17.6801,0.8738
61,v2,v1,20.0,10.44,0.0,0.6,0.0522,0.0,3.7006,False,all_direct,9.8389,0.3355
61,v2,v6,20.0,50.0,0.0,0.6,0.25,0.0,-7.1835,False,all_direct,-1.0449,0.1174
61,v3,v4,20.0,10.44,10.0,0.6,0.0522,0.2,1.2923,False,all_direct,7.4305,0.2205
61,v3,v8,20.0,30.15,10.0,0.6,0.1507,0.2,-6.0768,False,all_direct,0.0618,0.1184
61,v3,v7,20.0,100.0,0.0,0.6,0.5,0.0,-12.0,True,all_direct,-5.8629,0.0973
61,v3,v12,20.0,120.04,40.0,0.6,0.6002,0.8,-18.8608,True,all_direct,-12.7223,0.118
61,v3,v11,20.0,130.0,0.0,0.6,0.65,0.0,-13.8231,True,all_direct,-7.6859,0.0961
61,v4,v3,40.0,10.44,10.0,1.0,0.0522,0.2,21.2923,False,all_direct,27.4316,0.9844
61,v4,v8,40.0,40.0,0.0,1.0,0.2,0.0,14.367,False,all_direct,20.5059,0.9367
61,v4,v7,40.0,110.04,10.0,1.0,0.5502,0.2,4.9269,False,all_direct,11.0648,0.4611
61,v4,v12,40.0,130.0,30.0,1.0,0.65,0.6,1.3604,True,all_direct,7.4959,0.2141
61,v4,v11,40.0,140.03,10.0,1.0,0.7002,0.2,3.2521,False,all_direct,9.3886,0.342
62,v1,v2,40.0,10.44,30.0,1.0,0.0522,0.6,18.8841,False,all_direct,25.0214,0.9672
62,v1,v6,40.0,60.07,0.0,1.0,0.3004,0.0,11.5409,False,all_direct,17.679,0.8852
62,v2,v1,20.0,10.44,30.0,0.6,0.0522,0.6,-1.1159,True,all_direct,5.0237,0.1686
62,v2,v6,20.0,50.0,30.0,0.6,0.25,0.6,-12.0,True,all_direct,-5.8621,0.0934
62,v3,v4,20.0,3.0,10.0,0.6,0.015,0.2,9.9578,False,all_direct,16.0942,0.8174
62,v3,v8,20.0,40.11,10.0,0.6,0.2006,0.2,-8.0607,False,all_direct,-1.9226,0.1018
62,v3,v7,20.0,100.0,10.0,0.6,0.5,0.2,-14.4082,True,all_direct,-8.27,0.0973
62,v3,v11,20.0,130.0,10.0,0.6,0.65,0.2,-16.2313,True,all_direct,-10.0917,0.1092
62,v3,v12,20.0,160.03,20.0,0.6,0.8001,0.4,-19.0841,True,all_direct,-12.9469,0.1156
62,v4,v3,40.0,3.0,10.0,1.0,0.015,0.2,29.9578,False,all_direct,36.0957,0.9941
62,v4,v8,40.0,40.0,20.0,1.0,0.2,0.4,10.5501,False,all_direct,16.6881,0.8373
62,v4,v7,40.0,100.04,0.0,1.0,0.5002,0.0,7.9969,False,all_direct,14.1359,0.7217
62,v4,v11,40.0,130.03,0.0,1.0,0.6502,0.0,6.1751,False,all_direct,12.3131,0.5566
62,v4,v12,40.0,160.0,10.0,1.0,0.8,0.2,2.3258,True,all_direct,8.4634,0.2582
63,v1,v2,40.0,20.22,40.0,1.0,0.1011,0.8,13.5145,True,all_direct,19.6506,0.9299
63,v1,v6,40.0,60.07,30.0,1.0,0.3004,0.6,6.7244,False,all_direct,12.8592,0.6197
63,v2,v1,20.0,20.22,40.0,0.6,0.1011,0.8,-6.4855,True,all_direct,-0.3459,0.1139
63,v2,v6,20.0,80.0,10.0,0.6,0.4,0.2,-12.8577,True,all_direct,-6.7226,0.0904
63,v3,v4,20.0,10.44,10.0,0.6,0.0522,0.2,1.2923,False,all_direct,7.4291,0.2156
63,v3,v8,20.0,50.09,20.0,0.6,0.2504,0.4,-11.013,True,all_direct,-4.8746,0.0992
63,v3,v7,20.0,90.0,10.0,0.6,0.45,0.2,-13.6761,True,all_direct,-7.5383,0.11
63,v3,v11,20.0,120.0,10.0,0.6,0.6,0.2,-15.6751,True,all_direct,-9.5375,0.1152
63,v3,v12,20.0,140.03,0.0,0.6,0.7002,0.0,-14.3396,True,all_direct,-8.2024,0.1127
63,v4,v3,40.0,10.44,10.0,1.0,0.0522,0.2,21.2923,False,all_direct,27.4316,0.9711
63,v4,v8,40.0,60.0,30.0,1.0,0.3,0.6,6.7331,False,all_direct,12.8717,0.6014
63,v4,v7,40.0,100.04,0.0,1.0,0.5002,0.0,7.9969,False,all_direct,14.1355,0.7174
63,v4,v11,40.0,130.03,20.0,1.0,0.6502,0.4,2.3581,True,all_direct,8.4954,0.2633
63,v4,v12,40.0,150.0,10.0,1.0,0.75,0.2,2.7743,False,all_direct,8.9126,0.2934
64,v1,v6,40.0,30.15,10.0,1.0,0.1507,0.2,13.9232,False,all_direct,20.0607,0.924
64,v1,v2,40.0,60.07,20.0,1.0,0.3004,0.4,7.7239,False,all_direct,13.8627,0.685
64,v2,v1,20.0,60.07,20.0,0.6,0.3004,0.4,-12.2761,True,all_direct,-6.1399,0.0982
64,v2,v6,20.0,90.0,10.0,0.6,0.45,0.2,-13.6761,True,all_direct,-7.539,0.0992
64,v3,v4,20.0,20.22,10.0,0.6,0.1011,0.2,-3.302,False,all_direct,2.8356,0.135
64,v3,v8,20.0,70.06,10.0,0.6,0.3503,0.2,-11.9362,True,all_direct,-5.7983,0.1012
64,v3,v7,20.0,80.0,0.0,0.6,0.4,0.0,-10.4494,True,all_direct,-4.3114,0.1041
64,v3,v11,20.0,130.0,20.0,0.6,0.65,0.4,-17.6401,True,all_direct,-11.5039,0.0998
64,v3,v12,20.0,140.03,10.0,0.6,0.7002,0.2,-16.7479,True,all_direct,-10.6109,0.1213
64,v4,v3,40.0,20.22,10.0,1.0,0.1011,0.2,16.698,False,all_direct,22.836,0.9613
64,v4,v8,40.0,90.0,20.0,1.0,0.45,0.4,4.9151,False,all_direct,11.0529,0.4641
64,v4,v7,40.0,100.04,10.0,1.0,0.5002,0.2,5.5886,False,all_direct,11.7288,0.508
64,v4,v11,40.0,150.03,30.0,1.0,0.7501,0.6,0.3647,True,all_direct,6.5048,0.1994
64,v4,v12,40.0,160.0,20.0,1.0,0.8,0.4,0.9171,True,all_direct,7.0573,0.2102
65,v1,v6,40.0,20.22,10.0,1.0,0.1011,0.2,16.698,False,all_direct,22.8363,0.9604
65,v1,v2,40.0,80.06,20.0,1.0,0.4003,0.4,5.7287,False,all_direct,11.8657,0.5395
65,v2,v1,20.0,80.06,20.0,0.6,0.4003,0.4,-14.2713,True,all_direct,-8.1336,0.1141
65,v2,v6,20.0,100.0,30.0,0.6,0.5,0.6,-16.8165,True,all_direct,-10.6781,0.1084
65,v3,v4,20.0,30.15,40.0,0.6,0.1507,0.8,-9.2603,True,all_direct,-3.1232,0.11
65,v3,v7,20.0,80.0,20.0,0.6,0.4,0.4,-14.2664,True,all_direct,-8.129,0.1076
65,v3,v8,20.0,80.06,30.0,0.6,0.4003,0.6,-15.2708,True,all_direct,-9.1339,0.1266
65,v3,v11,20.0,150.0,30.0,0.6,0.75,0.6,-19.6339,True,all_direct,-13.4958,0.1018
65,v3,v12,20.0,150.03,30.0,0.6,0.7501,0.6,-19.6353,True,all_direct,-13.4974,0.1105
65,v4,v3,40.0,30.15,40.0,1.0,0.1507,0.8,10.7397,True,all_direct,16.8776,0.842
65,v4,v8,40.0,110.0,10.0,1.0,0.55,0.2,4.9295,False,all_direct,11.068,0.4689
65,v4,v7,40.0,110.04,20.0,1.0,0.5502,0.4,3.5182,False,all_direct,9.654,0.3369
65,v4,v12,40.0,180.0,10.0,1.0,0.9,0.2,1.5074,True,all_direct,7.6457,0.2186
65,v4,v11,40.0,180.02,10.0,1.0,0.9001,0.2,1.5064,True,all_direct,7.644,0.216
66,v1,v6,40.0,10.44,20.0,1.0,0.0522,0.4,19.8836,False,all_direct,26.0222,0.975
66,v1,v2,40.0,60.07,20.0,1.0,0.3004,0.4,7.7239,False,all_direct,13.8611,0.7002
66,v2,v1,20.0,60.07,20.0,0.6,0.3004,0.4,-12.2761,True,all_direct,-6.1374,0.1018
66,v2,v6,20.0,70.0,0.0,0.6,0.35,0.0,-9.5216,True,all_direct,-3.3843,0.11
66,v3,v4,20.0,10.44,10.0,0.6,0.0522,0.2,1.2923,False,all_direct,7.4317,0.2121
66,v3,v7,20.0,100.0,20.0,0.6,0.5,0.4,-15.817,True,all_direct,-9.6789,0.115
66,v3,v8,20.0,110.04,0.0,0.6,0.5502,0.0,-12.6649,True,all_direct,-6.526,0.0918
66,v3,v11,20.0,180.0,30.0,0.6,0.9,0.6,-20.9008,True,all_direct,-14.7644,0.1074
66,v3,v12,20.0,180.02,10.0,0.6,0.9001,0.2,-18.4936,True,all_direct,-12.3551,0.1096
66,v4,v3,40.0,10.44,10.0,1.0,0.0522,0.2,21.2923,False,all_direct,27.4306,0.973
66,v4,v7,40.0,90.05,30.0,1.0,0.4502,0.6,3.9118,True,all_direct,10.0497,0.3801
66,v4,v8,40.0,100.0,10.0,1.0,0.5,0.2,5.5918,False,all_direct,11.7282,0.5184
66,v4,v12,40.0,170.0,20.0,1.0,0.85,0.4,0.4958,True,all_direct,6.6361,0.1939
66,v4,v11,40.0,170.03,40.0,1.0,0.8501,0.8,-1.28,True,all_direct,4.858,0.1568
67,v1,v6,40.0,30.15,30.0,1.0,0.1507,0.6,11.515,False,all_direct,17.6525,0.8672
67,v1,v2,40.0,40.11,30.0,1.0,0.2006,0.6,9.5311,False,all_direct,15.6687,0.7939
67,v2,v1,20.0,40.11,30.0,0.6,0.2006,0.6,-10.4689,True,all_direct,-4.3292,0.1031
67,v2,v6,20.0,70.0,0.0,0.6,0.35,0.0,-9.5216,True,all_direct,-3.3818,0.1051
67,v3,v4,20.0,20.22,10.0,0.6,0.1011,0.2,-3.302,False,all_direct,2.8351,0.1334
67,v3,v7,20.0,80.0,40.0,0.6,0.4,0.8,-16.0412,True,all_direct,-9.9036,0.11
67,v3,v8,20.0,110.04,20.0,0.6,0.5502,0.4,-16.4818,True,all_direct,-10.3443,0.1076
67,v3,v11,20.0,150.0,0.0,0.6,0.75,0.0,-14.8175,True,all_direct,-8.6812,0.1086
67,v3,v12,20.0,170.03,20.0,0.6,0.8501,0.4,-19.5052,True,all_direct,-13.3652,0.1172
67,v4,v3,40.0,20.22,10.0,1.0,0.1011,0.2,16.698,False,all_direct,22.8347,0.9551
67,v4,v7,40.0,60.07,30.0,1.0,0.3004,0.6,6.7244,False,all_direct,12.863,0.6195
67,v4,v8,40.0,90.0,10.0,1.0,0.45,0.2,6.3239,False,all_direct,12.4616,0.5758
67,v4,v11,40.0,130.03,10.0,1.0,0.6502,0.2,3.7668,False,all_direct,9.905,0.3422
67,v4,v12,40.0,150.0,10.0,1.0,0.75,0.2,2.7743,False,all_direct,8.9132,0.2938
68,v1,v6,40.0,3.0,40.0,1.0,0.015,0.8,26.7743,True,all_direct,32.9113,0.9912
68,v1,v2,40.0,70.06,10.0,1.0,0.3503,0.2,8.0638,False,all_direct,14.2021,0.7088
68,v1,v13,40.0,180.0,30.0,1.0,0.9,0.6,-0.9008,True,all_direct,5.2371,0.1639
68,v2,v6,20.0,70.0,30.0,0.6,0.35,0.6,-14.338,True,all_direct,-8.1993,0.1047
68,v2,v1,20.0,70.06,10.0,0.6,0.3503,0.2,-11.9362,True,all_direct,-5.7984,0.1037
68,v3,v4,20.0,10.44,30.0,0.6,0.0522,0.6,-1.1159,True,all_direct,5.0213,0.1594
68,v3,v7,20.0,40.0,10.0,0.6,0.2,0.2,-8.0412,False,all_direct,-1.9045,0.107
68,v3,v8,20.0,90.05,10.0,0.6,0.4502,0.2,-13.68,True,all_direct,-7.5423,0.1008
68,v3,v11,20.0,150.0,0.0,0.6,0.75,0.0,-14.8175,True,all_direct,-8.6809,0.1031
68,v3,v12,20.0,150.03,10.0,0.6,0.7501,0.2,-17.2271,True,all_direct,-11.0894,0.1205
68,v4,v3,40.0,10.44,30.0,1.0,0.0522,0.6,18.8841,False,all_direct,25.022,0.9672
68,v4,v7,40.0,30.15,20.0,1.0,0.1507,0.4,12.5145,False,all_direct,18.6519,0.8955
68,v4,v8,40.0,80.0,40.0,1.0,0.4,0.8,3.9588,True,all_direct,10.0972,0.3697
68,v4,v12,40.0,140.0,20.0,1.0,0.7,0.4,1.845,True,all_direct,7.9825,0.2365
68,v4,v11,40.0,140.03,30.0,1.0,0.7002,0.6,0.8439,True,all_direct,6.9792,0.2027
69,v1,v6,40.0,40.11,30.0,1.0,0.2006,0.6,9.5311,False,all_direct,15.6699,0.7979
69,v1,v2,40.0,80.06,10.0,1.0,0.4003,0.2,7.1374,False,all_direct,13.2767,0.6539
69,v1,v13,40.0,150.0,0.0,1.0,0.75,0.0,5.1825,False,all_direct,11.3212,0.4758
69,v2,v6,20.0,40.0,20.0,0.6,0.2,0.4,-9.4499,True,all_direct,-3.3116,0.107
69,v2,v1,20.0,80.06,10.0,0.6,0.4003,0.2,-12.8626,True,all_direct,-6.7259,0.0918
69,v3,v4,20.0,40.11,30.0,0.6,0.2006,0.6,-10.4689,True,all_direct,-4.3325,0.1041
69,v3,v7,20.0,50.0,20.0,0.6,0.25,0.4,-11.0005,True,all_direct,-4.8614,0.0992
69,v3,v8,20.0,80.06,0.0,0.6,0.4003,0.0,-10.4543,True,all_direct,-4.3152,0.0943
69,v3,v11,20.0,150.0,30.0,0.6,0.75,0.6,-19.6339,True,all_direct,-13.4969,0.1164
69,v3,v12,20.0,160.03,10.0,0.6,0.8001,0.2,-17.6754,True,all_direct,-11.5374,0.1172
69,v4,v7,40.0,10.44,10.0,1.0,0.0522,0.2,21.2923,False,all_direct,27.4305,0.9828
69,v4,v8,40.0,40.0,30.0,1.0,0.2,0.6,9.5506,False,all_direct,15.6873,0.8039
69,v4,v3,40.0,40.11,30.0,1.0,0.2006,0.6,9.5311,False,all_direct,15.667,0.7936
69,v4,v11,40.0,110.04,0.0,1.0,0.5502,0.0,7.3351,False,all_direct,13.4713,0.6592
69,v4,v12,40.0,120.0,20.0,1.0,0.6,0.4,2.9161,False,all_direct,9.0546,0.3096
70,v1,v6,40.0,70.06,10.0,1.0,0.3503,0.2,8.0638,False,all_direct,14.2003,0.7229
70,v1,v2,40.0,90.05,0.0,1.0,0.4502,0.0,8.7283,False,all_direct,14.865,0.7541
70,v1,v13,40.0,150.0,30.0,1.0,0.75,0.6,0.3661,True,all_direct,6.503,0.1871
70,v1,v5,40.0,180.0,30.0,1.0,0.9,0.6,-0.9008,True,all_direct,5.2361,0.1666
70,v2,v6,20.0,20.0,10.0,0.6,0.1,0.2,-3.2247,False,all_direct,2.9098,0.1471
70,v2,v1,20.0,90.05,0.0,0.6,0.4502,0.0,-11.2717,True,all_direct,-5.1335,0.0963
70,v3,v7,20.0,70.0,30.0,0.6,0.35,0.6,-14.338,True,all_direct,-8.1988,0.1068
70,v3,v4,20.0,70.06,10.0,0.6,0.3503,0.2,-11.9362,True,all_direct,-5.798,0.1041
70,v3,v8,20.0,80.06,10.0,0.6,0.4003,0.2,-12.8626,True,all_direct,-6.7244,0.1012
70,v3,v12,20.0,170.03,0.0,0.6,0.8501,0.0,-15.6883,True,all_direct,-9.5503,0.1133
70,v3,v11,20.0,180.0,10.0,0.6,0.9,0.2,-18.4926,True,all_direct,-12.356,0.1137
70,v4,v7,40.0,3.0,20.0,1.0,0.015,0.4,28.5491,False,all_direct,34.6843,0.9902
70,v4,v8,40.0,10.0,0.0,1.0,0.05,0.0,24.0,False,all_direct,30.1383,0.9873
70,v4,v3,40.0,70.06,10.0,1.0,0.3503,0.2,8.0638,False,all_direct,14.2013,0.7105
70,v4,v12,40.0,100.0,10.0,1.0,0.5,0.2,5.5918,False,all_direct,11.7292,0.5062
70,v4,v11,40.0,110.04,0.0,1.0,0.5502,0.0,7.3351,False,all_direct,13.4726,0.6555
71,v1,v6,40.0,60.07,30.0,1.0,0.3004,0.6,6.7244,False,all_direct,12.8609,0.6043
71,v1,v2,40.0,90.05,0.0,1.0,0.4502,0.0,8.7283,False,all_direct,14.8676,0.7545
71,v1,v13,40.0,180.0,30.0,1.0,0.9,0.6,-0.9008,True,all_direct,5.2345,0.1613
71,v2,v6,20.0,30.0,30.0,0.6,0.15,0.6,-8.4504,True,all_direct,-2.313,0.107
71,v2,v1,20.0,90.05,0.0,0.6,0.4502,0.0,-11.2717,True,all_direct,-5.133,0.1002
71,v3,v7,20.0,40.0,30.0,0.6,0.2,0.6,-10.4494,True,all_direct,-4.3112,0.0992
71,v3,v4,20.0,60.07,30.0,0.6,0.3004,0.6,-13.2756,True,all_direct,-7.1383,0.1066
71,v3,v8,20.0,70.06,0.0,0.6,0.3503,0.0,-9.5279,True,all_direct,-3.3898,0.0982
71,v3,v11,20.0,170.0,20.0,0.6,0.85,0.4,-19.5042,True,all_direct,-13.3647,0.1217
71,v3,v12,20.0,170.03,30.0,0.6,0.8501,0.6,-20.5047,True,all_direct,-14.3682,0.1076
71,v4,v8,40.0,10.0,30.0,1.0,0.05,0.6,19.1835,False,all_direct,25.3207,0.973
71,v4,v7,40.0,20.22,0.0,1.0,0.1011,0.0,19.1062,False,all_direct,25.2428,0.977
71,v4,v3,40.0,60.07,30.0,1.0,0.3004,0.6,6.7244,False,all_direct,12.8625,0.6184
71,v4,v12,40.0,110.0,0.0,1.0,0.55,0.0,7.3377,False,all_direct,13.4739,0.6684
71,v4,v11,40.0,110.04,10.0,1.0,0.5502,0.2,4.9269,False,all_direct,11.0649,0.4586
72,v1,v2,40.0,90.05,0.0,1.0,0.4502,0.0,8.7283,False,all_direct,14.8679,0.7465
72,v1,v6,40.0,90.05,10.0,1.0,0.4502,0.2,6.32,False,all_direct,12.458,0.5676
72,v1,v13,40.0,150.0,10.0,1.0,0.75,0.2,2.7743,False,all_direct,8.9107,0.3057
72,v2,v6,20.0,0.0,10.0,0.6,0.0,0.2,33.5918,False,all_direct,39.7302,0.9971
72,v2,v1,20.0,90.05,0.0,0.6,0.4502,0.0,-11.2717,True,all_direct,-5.1333,0.1037
72,v3,v7,20.0,70.0,30.0,0.6,0.35,0.6,-14.338,True,all_direct,-8.2002,0.1082
72,v3,v8,20.0,70.06,10.0,0.6,0.3503,0.2,-11.9362,True,all_direct,-5.7973,0.0982
72,v3,v4,20.0,90.05,10.0,0.6,0.4502,0.2,-13.68,True,all_direct,-7.5418,0.1049
72,v3,v11,20.0,190.0,10.0,0.6,0.95,0.2,-18.8683,True,all_direct,-12.731,0.1094
72,v4,v8,40.0,20.0,20.0,1.0,0.1,0.4,15.3666,False,all_direct,21.5048,0.9418
72,v4,v7,40.0,20.22,40.0,1.0,0.1011,0.8,13.5145,True,all_direct,19.6509,0.9092
72,v4,v3,40.0,90.05,10.0,1.0,0.4502,0.2,6.32,False,all_direct,12.4567,0.5803
72,v4,v11,40.0,100.04,20.0,1.0,0.5002,0.4,4.1799,False,all_direct,10.3165,0.3928
72,v4,v12,40.0,110.0,0.0,1.0,0.55,0.0,7.3377,False,all_direct,13.4745,0.6623
73,v1,v2,40.0,90.05,0.0,1.0,0.4502,0.0,8.7283,False,all_direct,14.8656,0.7572
73,v1,v6,40.0,100.04,30.0,1.0,0.5002,0.6,3.1804,True,all_direct,9.3169,0.3125
73,v1,v13,40.0,140.0,40.0,1.0,0.7,0.8,0.0702,True,all_direct,6.2076,0.1824
73,v1,v5,40.0,200.0,0.0,1.0,1.0,0.0,3.1835,True,all_direct,9.3211,0.3174
73,v2,v6,20.0,10.0,30.0,0.6,0.05,0.6,-0.8165,True,all_direct,5.3218,0.1691
73,v2,v1,20.0,90.05,0.0,0.6,0.4502,0.0,-11.2717,True,all_direct,-5.132,0.0973
73,v3,v7,20.0,40.0,40.0,0.6,0.2,0.8,-11.2247,True,all_direct,-5.0859,0.1012
73,v3,v8,20.0,60.07,0.0,0.6,0.3004,0.0,-8.4591,True,all_direct,-2.321,0.0973
73,v3,v4,20.0,100.04,30.0,0.6,0.5002,0.6,-16.8196,True,all_direct,-10.6801,0.107
73,v3,v11,20.0,180.0,30.0,0.6,0.9,0.6,-20.9008,True,all_direct,-14.7644,0.1084
73,v4,v8,40.0,40.0,30.0,1.0,0.2,0.6,9.5506,False,all_direct,15.687,0.8029
73,v4,v7,40.0,60.07,10.0,1.0,0.3004,0.2,9.1327,False,all_direct,15.2708,0.7816
73,v4,v11,40.0,80.06,0.0,1.0,0.4003,0.0,9.5457,False,all_direct,15.6848,0.7937
73,v4,v3,40.0,100.04,30.0,1.0,0.5002,0.6,3.1804,True,all_direct,9.3173,0.3229
73,v4,v12,40.0,110.0,30.0,1.0,0.55,0.6,2.5212,True,all_direct,8.6601,0.2785
74,v1,v6,40.0,70.06,10.0,1.0,0.3503,0.2,8.0638,False,all_direct,14.2011,0.7148
74,v1,v2,40.0,90.05,20.0,1.0,0.4502,0.4,4.9113,False,all_direct,11.049,0.4377
74,v1,v13,40.0,180.0,40.0,1.0,0.9,0.8,-1.6761,True,all_direct,4.4639,0.1539
74,v1,v5,40.0,200.0,0.0,1.0,1.0,0.0,3.1835,True,all_direct,9.3218,0.3258
74,v2,v6,20.0,20.0,10.0,0.6,0.1,0.2,-3.2247,False,all_direct,2.9135,0.1285
74,v2,v1,20.0,90.05,20.0,0.6,0.4502,0.4,-15.0887,True,all_direct,-8.9502,0.1227
74,v3,v7,20.0,0.0,20.0,0.6,0.0,0.4,32.183,True,all_direct,38.3204,0.9932
74,v3,v8,20.0,60.07,0.0,0.6,0.3004,0.0,-8.4591,True,all_direct,-2.3219,0.1021
74,v3,v4,20.0,70.06,30.0,0.6,0.3503,0.6,-14.3444,True,all_direct,-8.2056,0.1137
74,v3,v11,20.0,150.0,20.0,0.6,0.75,0.4,-18.6344,True,all_direct,-12.4948,0.1078
74,v4,v8,40.0,10.0,30.0,1.0,0.05,0.6,19.1835,False,all_direct,25.322,0.976
74,v4,v3,40.0,70.06,30.0,1.0,0.3503,0.6,5.6556,False,all_direct,11.7941,0.5219
74,v4,v7,40.0,70.06,10.0,1.0,0.3503,0.2,8.0638,False,all_direct,14.2022,0.7318
74,v4,v11,40.0,80.06,10.0,1.0,0.4003,0.2,7.1374,False,all_direct,13.2769,0.6395
74,v4,v12,40.0,140.0,20.0,1.0,0.7,0.4,1.845,True,all_direct,7.9826,0.2346
75,v1,v6,40.0,80.06,10.0,1.0,0.4003,0.2,7.1374,False,all_direct,13.2753,0.6533
75,v1,v2,40.0,110.04,40.0,1.0,0.5502,0.8,1.7434,True,all_direct,7.881,0.2352
75,v1,v13,40.0,140.0,20.0,1.0,0.7,0.4,1.845,True,all_direct,7.983,0.2414
75,v1,v14,40.0,170.03,30.0,1.0,0.8501,0.6,-0.5047,True,all_direct,5.6342,0.176
75,v1,v5,40.0,200.0,30.0,1.0,1.0,0.6,-1.633,True,all_direct,4.5053,0.1545
75,v2,v6,20.0,30.0,30.0,0.6,0.15,0.6,-8.4504,True,all_direct,-2.3137,0.107
75,v2,v1,20.0,110.04,40.0,0.6,0.5502,0.8,-18.2566,True,all_direct,-12.118,0.1131
75,v3,v7,20.0,20.0,20.0,0.6,0.1,0.4,-4.6334,True,all_direct,1.5051,0.1363
75,v3,v8,20.0,60.07,10.0,0.6,0.3004,0.2,-10.8673,True,all_direct,-4.7293,0.0963
75,v3,v4,20.0,100.04,20.0,0.6,0.5002,0.4,-15.8201,True,all_direct,-9.6825,0.1252
75,v3,v11,20.0,170.0,20.0,0.6,0.85,0.4,-19.5042,True,all_direct,-13.366,0.1129
75,v4,v8,40.0,40.0,10.0,1.0,0.2,0.2,11.9588,False,all_direct,18.0992,0.8838
75,v4,v11,40.0,70.06,0.0,1.0,0.3503,0.0,10.4721,False,all_direct,16.6118,0.8393
75,v4,v7,40.0,80.06,0.0,1.0,0.4003,0.0,9.5457,False,all_direct,15.6837,0.8037
75,v4,v3,40.0,100.04,20.0,1.0,0.5002,0.4,4.1799,False,all_direct,10.3155,0.4088
75,v4,v12,40.0,120.0,30.0,1.0,0.6,0.6,1.9166,True,all_direct,8.0531,0.2523
76,v1,v6,40.0,90.05,20.0,1.0,0.4502,0.4,4.9113,False,all_direct,11.0498,0.4631
76,v1,v13,40.0,120.0,20.0,1.0,0.6,0.4,2.9161,False,all_direct,9.0526,0.3105
76,v1,v14,40.0,140.03,0.0,1.0,0.7002,0.0,5.6604,False,all_direct,11.7998,0.5391
76,v1,v2,40.0,150.03,0.0,1.0,0.7501,0.0,5.1812,False,all_direct,11.3189,0.4852
76,v1,v5,40.0,170.0,0.0,1.0,0.85,0.0,4.3128,True,all_direct,10.4489,0.4047
76,v2,v6,20.0,60.0,20.0,0.6,0.3,0.4,-12.2674,True,all_direct,-6.1304,0.1082
76,v2,v1,20.0,150.03,0.0,0.6,0.7501,0.0,-14.8188,True,all_direct,-8.6798,0.109
76,v3,v7,20.0,0.0,10.0,0.6,0.0,0.2,33.5918,False,all_direct,39.7291,0.9951
76,v3,v8,20.0,50.09,40.0,0.6,0.2504,0.8,-12.7878,True,all_direct,-6.6494,0.0963
76,v3,v4,20.0,80.06,30.0,0.6,0.4003,0.6,-15.2708,True,all_direct,-9.1329,0.0957
76,v3,v11,20.0,150.0,40.0,0.6,0.75,0.8,-20.4092,True,all_direct,-14.2701,0.1
76,v4,v8,40.0,30.0,10.0,1.0,0.15,0.2,13.9578,False,all_direct,20.0957,0.9338
76,v4,v11,40.0,70.06,10.0,1.0,0.3503,0.2,8.0638,False,all_direct,14.2012,0.7262
76,v4,v3,40.0,80.06,30.0,1.0,0.4003,0.6,4.7292,False,all_direct,10.8656,0.4498
76,v4,v7,40.0,80.06,20.0,1.0,0.4003,0.4,5.7287,False,all_direct,11.8644,0.5258
76,v4,v12,40.0,150.0,10.0,1.0,0.75,0.2,2.7743,False,all_direct,8.9112,0.3064
77,v1,v13,40.0,100.0,0.0,1.0,0.5,0.0,8.0,False,all_direct,14.14,0.7188
77,v1,v6,40.0,110.04,10.0,1.0,0.5502,0.2,4.9269,False,all_direct,11.062,0.4514
77,v1,v14,40.0,140.03,20.0,1.0,0.7002,0.4,1.8434,True,all_direct,7.9807,0.2352
77,v1,v2,40.0,150.03,0.0,1.0,0.7501,0.0,5.1812,False,all_direct,11.3198,0.4664
77,v1,v5,40.0,170.0,20.0,1.0,0.85,0.4,0.4958,True,all_direct,6.6328,0.2008
77,v2,v6,20.0,40.0,10.0,0.6,0.2,0.2,-8.0412,False,all_direct,-1.9038,0.1129
77,v2,v1,20.0,150.03,0.0,0.6,0.7501,0.0,-14.8188,True,all_direct,-8.6796,0.0957
77,v3,v7,20.0,10.0,10.0,0.6,0.05,0.2,1.5918,False,all_direct,7.7305,0.2307
77,v3,v8,20.0,10.44,30.0,0.6,0.0522,0.6,-1.1159,True,all_direct,5.0214,0.1525
77,v3,v4,20.0,50.09,40.0,0.6,0.2504,0.8,-12.7878,True,all_direct,-6.6495,0.0953
77,v3,v11,20.0,110.0,20.0,0.6,0.55,0.4,-16.4793,True,all_direct,-10.3407,0.126
77,v3,v12,20.0,190.02,40.0,0.6,0.9501,0.8,-22.0527,True,all_direct,-15.9182,0.1059
77,v4,v8,40.0,40.0,10.0,1.0,0.2,0.2,11.9588,False,all_direct,18.0953,0.8895
77,v4,v3,40.0,50.09,40.0,1.0,0.2504,0.8,7.2122,True,all_direct,13.3482,0.66
77,v4,v7,40.0,60.07,30.0,1.0,0.3004,0.6,6.7244,False,all_direct,12.8614,0.6047
77,v4,v11,40.0,60.07,20.0,1.0,0.3004,0.4,7.7239,False,all_direct,13.8593,0.6996
77,v4,v12,40.0,140.0,0.0,1.0,0.7,0.0,5.662,False,all_direct,11.8002,0.5289
78,v1,v13,40.0,100.0,30.0,1.0,0.5,0.6,3.1835,True,all_direct,9.3216,0.3219
78,v1,v6,40.0,100.04,40.0,1.0,0.5002,0.8,2.4051,True,all_direct,8.5433,0.2668
78,v1,v5,40.0,150.0,20.0,1.0,0.75,0.4,1.3656,True,all_direct,7.5052,0.2213
78,v1,v2,40.0,150.03,0.0,1.0,0.7501,0.0,5.1812,False,all_direct,11.3193,0.4742
78,v1,v14,40.0,160.03,30.0,1.0,0.8001,0.6,-0.0836,True,all_direct,6.0583,0.1783
78,v2,v6,20.0,50.0,40.0,0.6,0.25,0.8,-12.7753,True,all_direct,-6.6361,0.1043
78,v2,v1,20.0,150.03,0.0,0.6,0.7501,0.0,-14.8188,True,all_direct,-8.6824,0.1109
78,v3,v4,20.0,10.44,40.0,0.6,0.0522,0.8,-1.8912,True,all_direct,4.2461,0.1467
78,v3,v7,20.0,20.0,10.0,0.6,0.1,0.2,-3.2247,False,all_direct,2.9107,0.1432
78,v3,v8,20.0,20.22,20.0,0.6,0.1011,0.4,-4.7108,True,all_direct,1.4273,0.1295
78,v3,v11,20.0,90.0,20.0,0.6,0.45,0.4,-15.0849,True,all_direct,-8.9484,0.1133
78,v3,v12,20.0,150.03,0.0,0.6,0.7501,0.0,-14.8188,True,all_direct,-8.6816,0.1061
78,v4,v3,40.0,10.44,40.0,1.0,0.0522,0.8,18.1088,True,all_direct,24.2471,0.9611
78,v4,v8,40.0,30.0,20.0,1.0,0.15,0.4,12.5491,False,all_direct,18.6853,0.902
78,v4,v7,40.0,30.15,30.0,1.0,0.1507,0.6,11.515,False,all_direct,17.6511,0.8746
78,v4,v11,40.0,80.06,20.0,1.0,0.4003,0.4,5.7287,False,all_direct,11.8676,0.5148
78,v4,v12,40.0,140.0,40.0,1.0,0.7,0.8,0.0702,True,all_direct,6.2069,0.1852
79,v1,v6,40.0,60.07,20.0,1.0,0.3004,0.4,7.7239,False,all_direct,13.8588,0.7008
79,v1,v13,40.0,130.0,40.0,1.0,0.65,0.8,0.5851,True,all_direct,6.7233,0.1959
79,v1,v2,40.0,150.03,30.0,1.0,0.7501,0.6,0.3647,True,all_direct,6.5028,0.1896
79,v1,v5,40.0,170.0,10.0,1.0,0.85,0.2,1.9046,True,all_direct,8.0414,0.24
79,v1,v14,40.0,190.02,40.0,1.0,0.9501,0.8,-2.0527,True,all_direct,4.0845,0.1438
79,v2,v6,20.0,90.0,10.0,0.6,0.45,0.2,-13.6761,True,all_direct,-7.5394,0.0992
79,v2,v1,20.0,150.03,30.0,0.6,0.7501,0.6,-19.6353,True,all_direct,-13.499,0.1129
79,v3,v7,20.0,30.0,20.0,0.6,0.15,0.4,-7.4509,True,all_direct,-1.3136,0.1148
79,v3,v4,20.0,30.15,0.0,0.6,0.1507,0.0,-3.6685,False,all_direct,2.4687,0.1398
79,v3,v8,20.0,40.11,10.0,0.6,0.2006,0.2,-8.0607,False,all_direct,-1.9233,0.1031
79,v3,v11,20.0,70.0,10.0,0.6,0.35,0.2,-11.9298,True,all_direct,-5.7921,0.1021
79,v3,v15,20.0,140.0,20.0,0.6,0.7,0.4,-18.155,True,all_direct,-12.0186,0.1105
79,v4,v7,40.0,3.0,20.0,1.0,0.015,0.4,28.5491,False,all_direct,34.6873,0.9906
79,v4,v8,40.0,10.0,10.0,1.0,0.05,0.2,21.5918,False,all_direct,27.7282,0.9779
79,v4,v3,40.0,30.15,0.0,1.0,0.1507,0.0,16.3315,False,all_direct,22.47,0.95
79,v4,v11,40.0,100.04,10.0,1.0,0.5002,0.2,5.5886,False,all_direct,11.7274,0.5309
79,v4,v15,40.0,170.03,20.0,1.0,0.8501,0.4,0.4948,True,all_direct,6.6318,0.1998
80,v1,v6,40.0,40.11,0.0,1.0,0.2006,0.0,14.3476,False,all_direct,20.4859,0.9373
80,v1,v2,40.0,120.04,0.0,1.0,0.6002,0.0,6.7309,False,all_direct,12.8688,0.6215
80,v1,v13,40.0,170.0,30.0,1.0,0.85,0.6,-0.5037,True,all_direct,5.6346,0.1809
80,v1,v5,40.0,180.0,0.0,1.0,0.9,0.0,3.9156,True,all_direct,10.0538,0.3846
80,v2,v6,20.0,80.0,0.0,0.6,0.4,0.0,-10.4494,True,all_direct,-4.3129,0.1031
80,v2,v1,20.0,120.04,0.0,0.6,0.6002,0.0,-13.2691,True,all_direct,-7.1329,0.0963
80,v3,v7,20.0,10.0,10.0,0.6,0.05,0.2,1.5918,False,all_direct,7.7315,0.2396
80,v3,v4,20.0,30.15,10.0,0.6,0.1507,0.2,-6.0768,False,all_direct,0.0585,0.1227
80,v3,v8,20.0,30.15,20.0,0.6,0.1507,0.4,-7.4855,True,all_direct,-1.347,0.1129
80,v3,v11,20.0,60.0,10.0,0.6,0.3,0.2,-10.8587,True,all_direct,-4.7214,0.1012
80,v3,v12,20.0,140.03,0.0,0.6,0.7002,0.0,-14.3396,True,all_direct,-8.2025,0.1076
80,v4,v8,40.0,0.0,30.0,1.0,0.0,0.6,40.0,False,all_direct,46.1375,0.998
80,v4,v7,40.0,20.22,20.0,1.0,0.1011,0.4,15.2892,False,all_direct,21.4256,0.9426
80,v4,v3,40.0,30.15,10.0,1.0,0.1507,0.2,13.9232,False,all_direct,20.0631,0.9285
80,v4,v11,40.0,90.05,20.0,1.0,0.4502,0.4,4.9113,False,all_direct,11.0501,0.4504
80,v4,v12,40.0,170.0,10.0,1.0,0.85,0.2,1.9046,True,all_direct,8.0435,0.2502
81,v1,v6,40.0,40.11,10.0,1.0,0.2006,0.2,11.9393,False,all_direct,18.079,0.902
81,v1,v2,40.0,120.04,10.0,1.0,0.6002,0.2,4.3227,False,all_direct,10.4609,0.3979
81,v1,v5,40.0,180.0,20.0,1.0,0.9,0.4,0.0987,True,all_direct,6.2373,0.1852
81,v1,v13,40.0,200.0,30.0,1.0,1.0,0.6,-1.633,True,all_direct,4.5056,0.1555
81,v2,v6,20.0,80.0,20.0,0.6,0.4,0.4,-14.2664,True,all_direct,-8.1291,0.1146
81,v2,v1,20.0,120.04,10.0,0.6,0.6002,0.2,-15.6773,True,all_direct,-9.5391,0.118
81,v2,v4,20.0,190.09,60.0,0.6,0.9505,1.2,-23.2243,True,all_direct,-17.087,0.1033
81,v3,v7,20.0,0.0,10.0,0.6,0.0,0.2,33.5918,False,all_direct,39.731,0.9971
81,v3,v8,20.0,10.44,10.0,0.6,0.0522,0.2,1.2923,False,all_direct,7.4295,0.2283
81,v3,v4,20.0,40.11,0.0,0.6,0.2006,0.0,-5.6524,False,all_direct,0.4834,0.1182
81,v3,v11,20.0,70.0,20.0,0.6,0.35,0.4,-13.3385,True,all_direct,-7.2027,0.0992
81,v3,v12,20.0,140.03,0.0,0.6,0.7002,0.0,-14.3396,True,all_direct,-8.2021,0.1133
81,v4,v8,40.0,30.0,10.0,1.0,0.15,0.2,13.9578,False,all_direct,20.0937,0.932
81,v4,v3,40.0,40.11,0.0,1.0,0.2006,0.0,14.3476,False,all_direct,20.4864,0.9354
81,v4,v7,40.0,40.11,10.0,1.0,0.2006,0.2,11.9393,False,all_direct,18.0769,0.8873
81,v4,v11,40.0,110.04,20.0,1.0,0.5502,0.4,3.5182,False,all_direct,9.6563,0.3508
81,v4,v12,40.0,180.0,0.0,1.0,0.9,0.0,3.9156,True,all_direct,10.0543,0.373
82,v1,v6,40.0,30.15,40.0,1.0,0.1507,0.8,10.7397,True,all_direct,16.8783,0.8416
82,v1,v2,40.0,130.03,0.0,1.0,0.6502,0.0,6.1751,False,all_direct,12.3129,0.5506
82,v1,v5,40.0,200.0,10.0,1.0,1.0,0.2,0.7753,True,all_direct,6.9146,0.1939
82,v2,v6,20.0,100.0,40.0,0.6,0.5,0.8,-17.5918,True,all_direct,-11.4539,0.1117
82,v2,v1,20.0,130.03,0.0,0.6,0.6502,0.0,-13.8249,True,all_direct,-7.6879,0.1082
82,v2,v4,20.0,130.14,60.0,0.6,0.6507,1.2,-20.5913,True,all_direct,-14.4555,0.1037
82,v2,v8,20.0,150.12,60.0,0.6,0.7506,1.2,-21.5838,True,all_direct,-15.4471,0.1063
82,v2,v7,20.0,160.03,90.0,0.6,0.8001,1.8,-23.2671,True,all_direct,-17.1285,0.0988
82,v3,v7,20.0,10.0,10.0,0.6,0.05,0.2,1.5918,False,all_direct,7.7293,0.2262
82,v3,v8,20.0,20.22,20.0,0.6,0.1011,0.4,-4.7108,True,all_direct,1.4261,0.1266
82,v3,v4,20.0,40.11,20.0,0.6,0.2006,0.4,-9.4694,True,all_direct,-3.3319,0.1031
82,v3,v11,20.0,50.0,0.0,0.6,0.25,0.0,-7.1835,False,all_direct,-1.046,0.1145
82,v3,v15,20.0,120.0,10.0,0.6,0.6,0.2,-15.6751,True,all_direct,-9.5357,0.1186
82,v4,v8,40.0,20.0,0.0,1.0,0.1,0.0,19.1835,False,all_direct,25.3204,0.9691
82,v4,v7,40.0,30.15,30.0,1.0,0.1507,0.6,11.515,False,all_direct,17.6529,0.8768
82,v4,v3,40.0,40.11,20.0,1.0,0.2006,0.4,10.5306,False,all_direct,16.6694,0.8402
82,v4,v11,40.0,90.05,20.0,1.0,0.4502,0.4,4.9113,False,all_direct,11.0469,0.4527
82,v4,v2,40.0,130.14,60.0,1.0,0.6507,1.2,-0.5913,True,all_direct,5.5456,0.1734
83,v1,v6,40.0,10.44,20.0,1.0,0.0522,0.4,19.8836,False,all_direct,26.0221,0.9818
83,v1,v2,40.0,130.03,10.0,1.0,0.6502,0.2,3.7668,False,all_direct,9.9054,0.368
83,v2,v7,20.0,70.06,60.0,0.6,0.3503,1.2,-16.2887,True,all_direct,-10.15,0.1061
83,v2,v4,20.0,70.26,60.0,0.6,0.3513,1.2,-16.3078,True,all_direct,-10.1687,0.1076
83,v2,v3,20.0,90.05,70.0,0.6,0.4502,1.4,-18.4965,True,all_direct,-12.3566,0.1148
83,v2,v8,20.0,90.2,30.0,0.6,0.451,0.6,-16.0998,True,all_direct,-9.9607,0.1156
83,v2,v1,20.0,130.03,10.0,0.6,0.6502,0.2,-16.2332,True,all_direct,-10.0962,0.1197
83,v3,v8,20.0,3.0,40.0,0.6,0.015,0.8,6.7743,True,all_direct,12.9126,0.6086
83,v3,v7,20.0,20.0,10.0,0.6,0.1,0.2,-3.2247,False,all_direct,2.913,0.1402
83,v3,v4,20.0,20.22,10.0,0.6,0.1011,0.2,-3.302,False,all_direct,2.8363,0.1404
83,v3,v11,20.0,50.0,0.0,0.6,0.25,0.0,-7.1835,False,all_direct,-1.0462,0.1158
83,v3,v2,20.0,90.05,70.0,0.6,0.4502,1.4,-18.4965,True,all_direct,-12.3581,0.1258
83,v4,v7,40.0,3.0,0.0,1.0,0.015,0.0,32.3661,False,all_direct,38.5032,0.9912
83,v4,v8,40.0,20.0,30.0,1.0,0.1,0.6,14.367,False,all_direct,20.5066,0.935
83,v4,v3,40.0,20.22,10.0,1.0,0.1011,0.2,16.698,False,all_direct,22.8362,0.9574
83,v4,v11,40.0,70.06,10.0,1.0,0.3503,0.2,8.0638,False,all_direct,14.2003,0.7266
83,v4,v2,40.0,70.26,60.0,1.0,0.3513,1.2,3.6922,True,all_direct,9.8301,0.3584
84,v1,v6,40.0,30.15,10.0,1.0,0.1507,0.2,13.9232,False,all_direct,20.0605,0.9324
84,v1,v2,40.0,120.04,40.0,1.0,0.6002,0.8,1.1392,True,all_direct,7.2785,0.2146
84,v1,v7,40.0,130.14,40.0,1.0,0.6507,0.8,0.5778,True,all_direct,6.7158,0.2004
84,v1,v4,40.0,130.31,60.0,1.0,0.6516,1.2,-0.6005,True,all_direct,5.5362,0.173
84,v1,v3,40.0,140.13,20.0,1.0,0.7006,0.4,1.8386,True,all_direct,7.9759,0.2326
84,v2,v7,20.0,10.44,80.0,0.6,0.0522,1.6,-3.9334,True,all_direct,2.2033,0.1328
84,v2,v4,20.0,11.66,100.0,0.6,0.0583,2.0,-5.3995,True,all_direct,0.7367,0.124
84,v2,v3,20.0,20.22,60.0,0.6,0.1011,1.2,-7.6546,True,all_direct,-1.5152,0.1109
84,v2,v8,20.0,60.3,80.0,0.6,0.3015,1.6,-16.1189,True,all_direct,-9.9801,0.1154
84,v2,v11,20.0,70.06,60.0,0.6,0.3503,1.2,-16.2887,True,all_direct,-10.1505,0.1105
84,v3,v7,20.0,10.0,20.0,0.6,0.05,0.4,0.183,True,all_direct,6.3216,0.1857
84,v3,v4,20.0,10.44,40.0,0.6,0.0522,0.8,-1.8912,True,all_direct,4.2452,0.151
84,v3,v2,20.0,20.22,60.0,0.6,0.1011,1.2,-7.6546,True,all_direct,-1.5159,0.108
84,v3,v8,20.0,40.11,20.0,0.6,0.2006,0.4,-9.4694,True,all_direct,-3.3318,0.0986
84,v3,v11,20.0,50.0,0.0,0.6,0.25,0.0,-7.1835,False,all_direct,-1.0439,0.1123
84,v4,v7,40.0,3.0,20.0,1.0,0.015,0.4,28.5491,False,all_direct,34.687,0.9896
84,v4,v3,40.0,10.44,40.0,1.0,0.0522,0.8,18.1088,True,all_direct,24.2452,0.9686
84,v4,v2,40.0,11.66,100.0,1.0,0.0583,2.0,14.6005,True,all_direct,20.7375,0.9354
84,v4,v8,40.0,50.0,20.0,1.0,0.25,0.4,8.9995,False,all_direct,15.1396,0.7855
84,v4,v11,40.0,60.07,40.0,1.0,0.3004,0.8,5.9491,True,all_direct,12.0868,0.5482
85,v1,v6,40.0,20.22,10.0,1.0,0.1011,0.2,16.698,False,all_direct,22.8364,0.9623
85,v1,v4,40.0,70.58,80.0,1.0,0.3529,1.6,2.7875,True,all_direct,8.9243,0.2969
85,v1,v7,40.0,90.2,70.0,1.0,0.451,1.4,1.492,True,all_direct,7.6313,0.2326
85,v1,v3,40.0,120.15,90.0,1.0,0.6007,1.8,-1.2756,True,all_direct,4.8617,0.1568
85,v1,v8,40.0,140.29,70.0,1.0,0.7014,1.4,-1.5771,True,all_direct,4.5603,0.1604
85,v2,v11,20.0,10.44,60.0,0.6,0.0522,1.2,-3.0602,True,all_direct,3.0764,0.1471
85,v2,v8,20.0,20.88,80.0,0.6,0.1044,1.6,-8.7498,True,all_direct,-2.6127,0.0973
85,v2,v3,20.0,40.11,100.0,0.6,0.2006,2.0,-13.9836,True,all_direct,-7.8463,0.1121
85,v2,v7,20.0,70.06,80.0,0.6,0.3503,1.6,-17.1619,True,all_direct,-11.0227,0.1271
85,v2,v15,20.0,70.06,80.0,0.6,0.3503,1.6,-17.1619,True,all_direct,-11.0212,0.0998
85,v3,v8,20.0,20.22,20.0,0.6,0.1011,0.4,-4.7108,True,all_direct,1.4264,0.1412
85,v3,v7,20.0,30.0,20.0,0.6,0.15,0.4,-7.4509,True,all_direct,-1.3129,0.1061
85,v3,v2,20.0,40.11,100.0,0.6,0.2006,2.0,-13.9836,True,all_direct,-7.8477,0.108
85,v3,v11,20.0,50.0,40.0,0.6,0.25,0.8,-12.7753,True,all_direct,-6.6374,0.0998
85,v3,v4,20.0,50.09,10.0,0.6,0.2504,0.2,-9.6042,False,all_direct,-3.4659,0.1021
85,v4,v7,40.0,20.22,10.0,1.0,0.1011,0.2,16.698,False,all_direct,22.8347,0.9594
85,v4,v3,40.0,50.09,10.0,1.0,0.2504,0.2,10.3958,False,all_direct,16.5351,0.8314
85,v4,v8,40.0,70.0,10.0,1.0,0.35,0.2,8.0702,False,all_direct,14.2096,0.7246
85,v4,v1,40.0,70.58,80.0,1.0,0.3529,1.6,2.7875,True,all_direct,8.9243,0.2938
85,v4,v2,40.0,90.2,90.0,1.0,0.451,1.8,0.7167,True,all_direct,6.8554,0.193
86,v1,v6,40.0,10.44,0.0,1.0,0.0522,0.0,23.7006,False,all_direct,29.8376,0.9828
86,v1,v4,40.0,13.45,40.0,1.0,0.0673,0.8,16.3468,True,all_direct,22.4861,0.9529
86,v1,v7,40.0,20.88,60.0,1.0,0.1044,1.2,12.1233,True,all_direct,18.2605,0.8955
86,v1,v3,40.0,30.59,70.0,1.0,0.153,1.4,9.0051,True,all_direct,15.1412,0.7826
86,v1,v8,40.0,70.58,40.0,1.0,0.3529,0.8,4.8297,True,all_direct,10.9671,0.4455
86,v2,v15,20.0,10.44,90.0,0.6,0.0522,1.8,-4.2994,True,all_direct,1.8386,0.1393
86,v2,v12,20.0,11.66,90.0,0.6,0.0583,1.8,-5.0683,True,all_direct,1.0695,0.1178
86,v2,v11,20.0,50.09,90.0,0.6,0.2504,1.8,-15.196,True,all_direct,-9.0591,0.1074
86,v2,v16,20.0,90.2,90.0,0.6,0.451,1.8,-19.2833,True,all_direct,-13.1452,0.1248
86,v2,v8,20.0,100.18,50.0,0.6,0.5009,1.0,-18.2377,True,all_direct,-12.0982,0.1184
86,v3,v7,20.0,10.0,10.0,0.6,0.05,0.2,1.5918,False,all_direct,7.73,0.2252
86,v3,v1,20.0,30.59,70.0,0.6,0.153,1.4,-10.9949,True,all_direct,-4.8565,0.0969
86,v3,v4,20.0,40.11,30.0,0.6,0.2006,0.6,-10.4689,True,all_direct,-4.3313,0.1021
86,v3,v6,20.0,40.11,70.0,0.6,0.2006,1.4,-12.8772,True,all_direct,-6.7391,0.1047
86,v3,v8,20.0,40.11,30.0,0.6,0.2006,0.6,-10.4689,True,all_direct,-4.3309,0.1012
86,v4,v6,40.0,6.0,40.0,1.0,0.03,0.8,21.9578,True,all_direct,28.0955,0.9789
86,v4,v1,40.0,13.45,40.0,1.0,0.0673,0.8,16.3468,True,all_direct,22.481,0.9598
86,v4,v7,40.0,30.15,20.0,1.0,0.1507,0.4,12.5145,False,all_direct,18.6507,0.899
86,v4,v3,40.0,40.11,30.0,1.0,0.2006,0.6,9.5311,False,all_direct,15.6671,0.8068
86,v4,v8,40.0,80.0,0.0,1.0,0.4,0.0,9.5506,False,all_direct,15.6896,0.7943
87,v1,v6,40.0,10.44,20.0,1.0,0.0522,0.4,19.8836,False,all_direct,26.0184,0.9779
87,v1,v8,40.0,31.32,40.0,1.0,0.1566,0.8,10.4749,True,all_direct,16.6127,0.8355
87,v1,v3,40.0,40.45,70.0,1.0,0.2022,1.4,7.065,True,all_direct,13.2027,0.64
87,v1,v7,40.0,40.45,70.0,1.0,0.2022,1.4,7.065,True,all_direct,13.2019,0.6486
87,v1,v11,40.0,40.45,80.0,1.0,0.2022,1.6,6.6558,True,all_direct,12.792,0.602
87,v2,v16,20.0,6.0,90.0,0.6,0.03,1.8,-0.4504,True,all_direct,5.6864,0.1764
87,v2,v15,20.0,100.04,90.0,0.6,0.5002,1.8,-20.0031,True,all_direct,-13.864,0.1201
87,v2,v19,20.0,100.04,100.0,0.6,0.5002,2.0,-20.3343,True,all_direct,-14.1989,0.1035
87,v2,v12,20.0,100.18,70.0,0.6,0.5009,1.4,-19.2372,True,all_direct,-13.101,0.1074
87,v2,v11,20.0,140.03,100.0,0.6,0.7002,2.0,-22.6708,True,all_direct,-16.5337,0.1131
87,v3,v7,20.0,0.0,0.0,0.6,0.0,0.0,36.0,False,all_direct,42.1368,0.9941
87,v3,v4,20.0,10.44,10.0,0.6,0.0522,0.2,1.2923,False,all_direct,7.4318,0.2176
87,v3,v6,20.0,30.15,50.0,0.6,0.1507,1.0,-9.8937,True,all_direct,-3.7542,0.0982
87,v3,v1,20.0,40.45,70.0,0.6,0.2022,1.4,-12.935,True,all_direct,-6.7949,0.0947
87,v3,v8,20.0,70.06,30.0,0.6,0.3503,0.6,-14.3444,True,all_direct,-8.2051,0.1004
87,v4,v3,40.0,10.44,10.0,1.0,0.0522,0.2,21.2923,False,all_direct,27.4321,0.9818
87,v4,v7,40.0,10.44,10.0,1.0,0.0522,0.2,21.2923,False,all_direct,27.4317,0.9756
87,v4,v6,40.0,40.45,60.0,1.0,0.2022,1.2,7.5289,True,all_direct,13.6642,0.6855
87,v4,v1,40.0,50.8,80.0,1.0,0.254,1.6,5.0718,True,all_direct,11.2095,0.465
87,v4,v8,40.0,80.0,40.0,1.0,0.4,0.8,3.9588,True,all_direct,10.0976,0.3852
88,v1,v15,40.0,11.66,60.0,1.0,0.0583,1.2,16.1709,True,all_direct,22.3086,0.952
88,v1,v8,40.0,13.45,40.0,1.0,0.0673,0.8,16.3468,True,all_direct,22.4834,0.9514
88,v1,v6,40.0,30.15,0.0,1.0,0.1507,0.0,16.3315,False,all_direct,22.4714,0.9594
88,v1,v12,40.0,31.32,40.0,1.0,0.1566,0.8,10.4749,True,all_direct,16.6098,0.8418
88,v1,v11,40.0,40.45,60.0,1.0,0.2022,1.2,7.5289,True,all_direct,13.668,0.6822
88,v2,v19,20.0,3.0,60.0,0.6,0.015,1.2,5.6053,True,all_direct,11.742,0.5146
88,v2,v16,20.0,90.2,60.0,0.6,0.451,1.2,-18.0441,True,all_direct,-11.9064,0.1
88,v2,v12,20.0,170.11,40.0,0.6,0.8505,0.8,-21.2833,True,all_direct,-15.146,0.1107
88,v2,v15,20.0,190.02,60.0,0.6,0.9501,1.2,-23.2217,True,all_direct,-17.0829,0.1119
88,v3,v7,20.0,0.0,20.0,0.6,0.0,0.4,32.183,True,all_direct,38.3199,0.9941
88,v3,v4,20.0,20.22,10.0,0.6,0.1011,0.2,-3.302,False,all_direct,2.8356,0.1422
88,v3,v11,20.0,70.0,0.0,0.6,0.35,0.0,-9.5216,True,all_direct,-3.3837,0.1041
88,v3,v6,20.0,80.06,60.0,0.6,0.4003,1.2,-17.2151,True,all_direct,-11.0785,0.1154
88,v3,v5,20.0,80.22,70.0,0.6,0.4011,1.4,-17.6936,True,all_direct,-11.557,0.0984
88,v4,v3,40.0,20.22,10.0,1.0,0.1011,0.2,16.698,False,all_direct,22.8352,0.9514
88,v4,v7,40.0,20.22,10.0,1.0,0.1011,0.2,16.698,False,all_direct,22.8361,0.9623
88,v4,v5,40.0,60.67,80.0,1.0,0.3034,1.6,3.8383,True,all_direct,9.9788,0.3639
88,v4,v13,40.0,80.5,90.0,1.0,0.4025,1.8,1.5069,True,all_direct,7.6459,0.2307
88,v4,v11,40.0,90.05,10.0,1.0,0.4502,0.2,6.32,False,all_direct,12.4579,0.5855
89,v1,v12,40.0,13.45,80.0,1.0,0.0673,1.6,14.3046,True,all_direct,20.4417,0.9309
89,v1,v6,40.0,30.15,30.0,1.0,0.1507,0.6,11.515,False,all_direct,17.6537,0.8648
89,v1,v15,40.0,50.36,60.0,1.0,0.2518,1.2,6.006,True,all_direct,12.1425,0.5512
89,v1,v8,40.0,50.8,60.0,1.0,0.254,1.2,5.9449,True,all_direct,12.0828,0.5621
89,v1,v16,40.0,50.8,90.0,1.0,0.254,1.8,4.7057,True,all_direct,10.8421,0.441
89,v2,v19,20.0,60.07,30.0,0.6,0.3004,0.6,-13.2756,True,all_direct,-7.1378,0.1043
89,v2,v16,20.0,150.12,60.0,0.6,0.7506,1.2,-21.5838,True,all_direct,-15.4453,0.1033
89,v3,v5,20.0,11.66,70.0,0.6,0.0583,1.4,-4.293,True,all_direct,1.8446,0.1379
89,v3,v7,20.0,20.0,20.0,0.6,0.1,0.4,-4.6334,True,all_direct,1.5066,0.125
89,v3,v13,20.0,20.88,50.0,0.6,0.1044,1.0,-7.3411,True,all_direct,-1.2059,0.1178
89,v3,v4,20.0,30.15,0.0,0.6,0.1507,0.0,-3.6685,False,all_direct,2.468,0.1383
89,v3,v11,20.0,70.0,10.0,0.6,0.35,0.2,-11.9298,True,all_direct,-5.792,0.0992
89,v4,v7,40.0,10.44,20.0,1.0,0.0522,0.4,19.8836,False,all_direct,26.022,0.9834
89,v4,v13,40.0,13.45,50.0,1.0,0.0673,1.0,15.7134,True,all_direct,21.8493,0.9525
89,v4,v5,40.0,21.93,70.0,1.0,0.1097,1.4,11.3181,True,all_direct,17.4571,0.8643
89,v4,v3,40.0,30.15,0.0,1.0,0.1507,0.0,16.3315,False,all_direct,22.4711,0.9535
89,v4,v14,40.0,50.36,80.0,1.0,0.2518,1.6,5.1329,True,all_direct,11.2709,0.4717
90,v1,v16,40.0,41.0,40.0,1.0,0.205,0.8,8.6037,True,all_direct,14.739,0.7563
90,v1,v6,40.0,60.07,10.0,1.0,0.3004,0.2,9.1327,False,all_direct,15.2701,0.7822
90,v1,v19,40.0,80.22,50.0,1.0,0.4011,1.0,3.3059,True,all_direct,9.4436,0.3395
90,v1,v12,40.0,90.45,40.0,1.0,0.4522,0.8,3.1058,True,all_direct,9.2433,0.3111
90,v1,v15,40.0,110.16,80.0,1.0,0.5508,1.6,-0.3065,True,all_direct,5.8305,0.1656
90,v2,v19,20.0,90.05,40.0,0.6,0.4502,0.8,-16.8635,True,all_direct,-10.7267,0.0973
90,v2,v20,20.0,150.12,70.0,0.6,0.7506,1.4,-22.0477,True,all_direct,-15.9104,0.1027
90,v2,v1,20.0,170.03,10.0,0.6,0.8501,0.2,-18.0965,True,all_direct,-11.9603,0.1066
90,v3,v14,20.0,3.0,70.0,0.6,0.015,1.4,5.1413,True,all_direct,11.2791,0.4799
90,v3,v4,20.0,30.15,10.0,0.6,0.1507,0.2,-6.0768,False,all_direct,0.0616,0.125
90,v3,v13,20.0,30.59,70.0,0.6,0.153,1.4,-10.9949,True,all_direct,-4.8569,0.1018
90,v3,v7,20.0,40.0,0.0,0.6,0.2,0.0,-5.633,False,all_direct,0.5047,0.1256
90,v3,v11,20.0,60.0,10.0,0.6,0.3,0.2,-10.8587,True,all_direct,-4.7221,0.1076
90,v4,v7,40.0,10.44,10.0,1.0,0.0522,0.2,21.2923,False,all_direct,27.4295,0.9834
90,v4,v3,40.0,30.15,10.0,1.0,0.1507,0.2,13.9232,False,all_direct,20.063,0.9264
90,v4,v14,40.0,30.59,80.0,1.0,0.153,1.6,8.5959,True,all_direct,14.7326,0.7572
90,v4,v9,40.0,41.0,50.0,1.0,0.205,1.0,7.9702,True,all_direct,14.1094,0.7002
90,v4,v10,40.0,50.36,40.0,1.0,0.2518,0.8,7.175,True,all_direct,13.3111,0.6473
91,v1,v19,40.0,30.59,70.0,1.0,0.153,1.4,9.0051,True,all_direct,15.1441,0.7607
91,v1,v6,40.0,70.06,20.0,1.0,0.3503,0.4,6.6551,False,all_direct,12.7926,0.6127
91,v1,v16,40.0,80.5,60.0,1.0,0.4025,1.2,2.7461,True,all_direct,8.8839,0.3129
91,v1,v12,40.0,130.31,80.0,1.0,0.6516,1.6,-1.4736,True,all_direct,4.6625,0.149
91,v1,v2,40.0,160.03,20.0,1.0,0.8001,0.4,0.9159,True,all_direct,7.0538,0.2082
91,v2,v20,20.0,80.22,60.0,0.6,0.4011,1.2,-17.2297,True,all_direct,-11.093,0.1193
91,v2,v19,20.0,130.03,50.0,0.6,0.6502,1.0,-20.0502,True,all_direct,-13.911,0.1178
91,v2,v1,20.0,160.03,20.0,0.6,0.8001,0.4,-19.0841,True,all_direct,-12.9482,0.1086
91,v3,v9,20.0,30.59,60.0,0.6,0.153,1.2,-10.531,True,all_direct,-4.3944,0.1012
91,v3,v7,20.0,40.0,20.0,0.6,0.2,0.4,-9.4499,True,all_direct,-3.3107,0.1057
91,v3,v4,20.0,40.11,0.0,0.6,0.2006,0.0,-5.6524,False,all_direct,0.4849,0.1188
91,v3,v11,20.0,50.0,0.0,0.6,0.25,0.0,-7.1835,False,all_direct,-1.0458,0.1037
91,v3,v10,20.0,50.09,50.0,0.6,0.2504,1.0,-13.4212,True,all_direct,-7.2835,0.1037
91,v4,v7,40.0,3.0,20.0,1.0,0.015,0.4,28.5491,False,all_direct,34.6865,0.9906
91,v4,v10,40.0,11.66,50.0,1.0,0.0583,1.0,16.7065,True,all_direct,22.8436,0.9598
91,v4,v9,40.0,13.45,60.0,1.0,0.0673,1.2,15.1778,True,all_direct,21.3182,0.9383
91,v4,v3,40.0,40.11,0.0,1.0,0.2006,0.0,14.3476,False,all_direct,20.4851,0.9314
91,v4,v11,40.0,90.05,0.0,1.0,0.4502,0.0,8.7283,False,all_direct,14.8672,0.7539
92,v1,v19,40.0,40.45,70.0,1.0,0.2022,1.4,7.065,True,all_direct,13.2028,0.6283
92,v1,v6,40.0,90.05,10.0,1.0,0.4502,0.2,6.32,False,all_direct,12.4587,0.5672
92,v1,v2,40.0,140.03,10.0,1.0,0.7002,0.2,3.2521,False,all_direct,9.3911,0.3246
92,v1,v16,40.0,140.29,30.0,1.0,0.7014,0.6,0.8311,True,all_direct,6.968,0.2037
92,v1,v20,40.0,160.25,30.0,1.0,0.8013,0.6,-0.0934,True,all_direct,6.0446,0.1773
92,v2,v20,20.0,20.88,40.0,0.6,0.1044,0.8,-6.7077,True,all_direct,-0.5706,0.1188
92,v2,v1,20.0,140.03,10.0,0.6,0.7002,0.2,-16.7479,True,all_direct,-10.61,0.1219
92,v2,v19,20.0,180.02,80.0,0.6,0.9001,1.6,-23.7193,True,all_direct,-17.5816,0.1082
92,v3,v10,20.0,3.0,90.0,0.6,0.015,1.8,4.3661,True,all_direct,10.5024,0.416
92,v3,v9,20.0,30.59,100.0,0.6,0.153,2.0,-12.1013,True,all_direct,-5.9642,0.0982
92,v3,v4,20.0,40.11,10.0,0.6,0.2006,0.2,-8.0607,False,all_direct,-1.9229,0.1105
92,v3,v11,20.0,50.0,30.0,0.6,0.25,0.6,-12.0,True,all_direct,-5.8621,0.1012
92,v3,v7,20.0,60.0,10.0,0.6,0.3,0.2,-10.8587,True,all_direct,-4.7211,0.1021
92,v4,v7,40.0,20.22,0.0,1.0,0.1011,0.0,19.1062,False,all_direct,25.243,0.9662
92,v4,v3,40.0,40.11,10.0,1.0,0.2006,0.2,11.9393,False,all_direct,18.0776,0.8854
92,v4,v10,40.0,40.45,80.0,1.0,0.2022,1.6,6.6558,True,all_direct,12.7944,0.6104
92,v4,v9,40.0,70.58,90.0,1.0,0.3529,1.8,2.4215,True,all_direct,8.5606,0.266
92,v4,v11,40.0,90.05,20.0,1.0,0.4502,0.4,4.9113,False,all_direct,11.0513,0.4494
93,v1,v6,40.0,80.06,20.0,1.0,0.4003,0.4,5.7287,False,all_direct,11.8669,0.5195
93,v1,v19,40.0,110.16,100.0,1.0,0.5508,2.0,-1.0037,True,all_direct,5.1329,0.1607
93,v1,v20,40.0,130.31,80.0,1.0,0.6516,1.6,-1.4736,True,all_direct,4.6627,0.1607
93,v1,v5,40.0,150.0,30.0,1.0,0.75,0.6,0.3661,True,all_direct,6.5042,0.193
93,v1,v2,40.0,150.03,40.0,1.0,0.7501,0.8,-0.4106,True,all_direct,5.7263,0.1818
93,v2,v20,20.0,20.88,40.0,0.6,0.1044,0.8,-6.7077,True,all_direct,-0.5697,0.1145
93,v2,v1,20.0,150.03,40.0,0.6,0.7501,0.8,-20.4106,True,all_direct,-14.2717,0.1205
93,v3,v4,20.0,30.15,20.0,0.6,0.1507,0.4,-7.4855,True,all_direct,-1.3485,0.1178
93,v3,v7,20.0,50.0,10.0,0.6,0.25,0.2,-9.5918,False,all_direct,-3.4547,0.1051
93,v3,v17,20.0,60.3,40.0,0.6,0.3015,0.8,-14.0768,True,all_direct,-7.9373,0.1102
93,v3,v11,20.0,80.0,20.0,0.6,0.4,0.4,-14.2664,True,all_direct,-8.1308,0.1068
93,v3,v10,20.0,90.05,70.0,0.6,0.4502,1.4,-18.4965,True,all_direct,-12.3593,0.1049
93,v4,v7,40.0,20.22,30.0,1.0,0.1011,0.6,14.2897,False,all_direct,20.4259,0.9344
93,v4,v3,40.0,30.15,20.0,1.0,0.1507,0.4,12.5145,False,all_direct,18.651,0.8941
93,v4,v17,40.0,31.32,20.0,1.0,0.1566,0.4,12.2497,False,all_direct,18.3881,0.8922
93,v4,v18,40.0,90.2,50.0,1.0,0.451,1.0,2.4915,True,all_direct,8.6287,0.2799
93,v4,v11,40.0,110.04,0.0,1.0,0.5502,0.0,7.3351,False,all_direct,13.473,0.673
94,v1,v20,40.0,50.8,30.0,1.0,0.254,0.6,7.8892,False,all_direct,14.0281,0.7086
94,v1,v6,40.0,100.04,10.0,1.0,0.5002,0.2,5.5886,False,all_direct,11.7256,0.5082
94,v1,v2,40.0,110.04,20.0,1.0,0.5502,0.4,3.5182,False,all_direct,9.6572,0.3457
94,v1,v13,40.0,170.0,10.0,1.0,0.85,0.2,1.9046,True,all_direct,8.0423,0.2533
94,v1,v5,40.0,180.0,0.0,1.0,0.9,0.0,3.9156,True,all_direct,10.0542,0.3688
94,v2,v20,20.0,60.3,50.0,0.6,0.3015,1.0,-14.7102,True,all_direct,-8.5757,0.116
94,v2,v1,20.0,110.04,20.0,0.6,0.5502,0.4,-16.4818,True,all_direct,-10.3433,0.1145
94,v3,v4,20.0,10.44,20.0,0.6,0.0522,0.4,-0.1164,True,all_direct,6.0206,0.1887
94,v3,v17,20.0,20.88,50.0,0.6,0.1044,1.0,-7.3411,True,all_direct,-1.2039,0.1061
94,v3,v18,20.0,50.09,60.0,0.6,0.2504,1.2,-13.9568,True,all_direct,-7.8208,0.0979
94,v3,v7,20.0,60.0,20.0,0.6,0.3,0.4,-12.2674,True,all_direct,-6.1307,0.0969
94,v3,v11,20.0,100.0,10.0,0.6,0.5,0.2,-14.4082,True,all_direct,-8.2708,0.1104
94,v4,v3,40.0,10.44,20.0,1.0,0.0522,0.4,19.8836,False,all_direct,26.0209,0.9711
94,v4,v17,40.0,13.45,70.0,1.0,0.0673,1.4,14.7139,True,all_direct,20.8519,0.9367
94,v4,v18,40.0,40.45,80.0,1.0,0.2022,1.6,6.6558,True,all_direct,12.7942,0.6129
94,v4,v7,40.0,50.09,0.0,1.0,0.2504,0.0,12.804,False,all_direct,18.9417,0.916
94,v4,v11,40.0,110.04,10.0,1.0,0.5502,0.2,4.9269,False,all_direct,11.0655,0.4609
95,v1,v20,40.0,21.93,20.0,1.0,0.1097,0.4,14.7259,False,all_direct,20.8633,0.9318
95,v1,v6,40.0,110.04,40.0,1.0,0.5502,0.8,1.7434,True,all_direct,7.8804,0.2381
95,v1,v2,40.0,130.03,20.0,1.0,0.6502,0.4,2.3581,True,all_direct,8.4939,0.2492
95,v1,v13,40.0,160.0,0.0,1.0,0.8,0.0,4.7341,True,all_direct,10.8716,0.4406
95,v1,v5,40.0,180.0,40.0,1.0,0.9,0.8,-1.6761,True,all_direct,4.4617,0.1539
95,v2,v20,20.0,110.16,40.0,0.6,0.5508,0.8,-18.2644,True,all_direct,-12.1259,0.1109
95,v2,v1,20.0,130.03,20.0,0.6,0.6502,0.4,-17.6419,True,all_direct,-11.505,0.1137
95,v3,v18,20.0,10.44,60.0,0.6,0.0522,1.2,-3.0602,True,all_direct,3.0793,0.1418
95,v3,v4,20.0,30.15,0.0,0.6,0.1507,0.0,-3.6685,False,all_direct,2.4693,0.1418
95,v3,v17,20.0,30.59,70.0,0.6,0.153,1.4,-10.9949,True,all_direct,-4.8581,0.1041
95,v3,v7,20.0,80.0,30.0,0.6,0.4,0.6,-15.2659,True,all_direct,-9.1285,0.1049
95,v3,v11,20.0,90.0,0.0,0.6,0.45,0.0,-11.2679,True,all_direct,-5.1305,0.0953
95,v4,v3,40.0,30.15,0.0,1.0,0.1507,0.0,16.3315,False,all_direct,22.4696,0.9422
95,v4,v18,40.0,40.45,60.0,1.0,0.2022,1.2,7.5289,True,all_direct,13.6661,0.6844
95,v4,v7,40.0,50.09,30.0,1.0,0.2504,0.6,7.9875,False,all_direct,14.1253,0.7303
95,v4,v17,40.0,60.67,70.0,1.0,0.3034,1.4,4.2476,True,all_direct,10.3861,0.3959
95,v4,v11,40.0,120.04,0.0,1.0,0.6002,0.0,6.7309,False,all_direct,12.868,0.61
96,v1,v20,40.0,9.0,70.0,1.0,0.045,1.4,17.5074,True,all_direct,23.6452,0.9643
96,v1,v6,40.0,70.06,10.0,1.0,0.3503,0.2,8.0638,False,all_direct,14.2017,0.7041
96,v1,v5,40.0,140.0,10.0,1.0,0.7,0.2,3.2537,False,all_direct,9.3922,0.3266
96,v1,v2,40.0,150.03,10.0,1.0,0.7501,0.2,2.7729,False,all_direct,8.9122,0.2873
96,v1,v13,40.0,160.0,10.0,1.0,0.8,0.2,2.3258,True,all_direct,8.4639,0.2699
96,v2,v1,20.0,150.03,10.0,0.6,0.7501,0.2,-17.2271,True,all_direct,-11.0913,0.1049
96,v2,v20,20.0,150.12,80.0,0.6,0.7506,1.6,-22.457,True,all_direct,-16.3196,0.1113
96,v3,v4,20.0,30.15,40.0,0.6,0.1507,0.8,-9.2603,True,all_direct,-3.1224,0.1041
96,v3,v18,20.0,70.06,60.0,0.6,0.3503,1.2,-16.2887,True,all_direct,-10.1518,0.1361
96,v3,v11,20.0,90.0,40.0,0.6,0.45,0.8,-16.8596,True,all_direct,-10.7231,0.0971
96,v3,v17,20.0,100.18,70.0,0.6,0.5009,1.4,-19.2372,True,all_direct,-13.1003,0.1123
96,v3,v7,20.0,110.0,30.0,0.6,0.55,0.6,-17.4788,True,all_direct,-11.3383,0.1096
96,v4,v3,40.0,30.15,40.0,1.0,0.1507,0.8,10.7397,True,all_direct,16.876,0.8549
96,v4,v7,40.0,80.06,10.0,1.0,0.4003,0.2,7.1374,False,all_direct,13.2742,0.6332
96,v4,v18,40.0,100.18,20.0,1.0,0.5009,0.4,4.1705,False,all_direct,10.3071,0.4021
96,v4,v11,40.0,120.04,0.0,1.0,0.6002,0.0,6.7309,False,all_direct,12.8702,0.6021
96,v4,v17,40.0,130.31,30.0,1.0,0.6516,0.6,1.3438,True,all_direct,7.4841,0.2234
97,v1,v6,40.0,60.07,40.0,1.0,0.3004,0.8,5.9491,True,all_direct,12.0865,0.5594
97,v1,v20,40.0,70.58,60.0,1.0,0.3529,1.2,3.6607,True,all_direct,9.7975,0.36
97,v1,v5,40.0,130.0,40.0,1.0,0.65,0.8,0.5851,True,all_direct,6.7219,0.1965
97,v1,v2,40.0,160.03,40.0,1.0,0.8001,0.8,-0.8589,True,all_direct,5.2784,0.1646
97,v1,v13,40.0,170.0,20.0,1.0,0.85,0.4,0.4958,True,all_direct,6.6316,0.1926
97,v2,v1,20.0,160.03,40.0,0.6,0.8001,0.8,-20.8589,True,all_direct,-14.7213,0.1174
97,v3,v4,20.0,10.44,0.0,0.6,0.0522,0.0,3.7006,False,all_direct,9.8379,0.3453
97,v3,v7,20.0,80.0,40.0,0.6,0.4,0.8,-16.0412,True,all_direct,-9.9053,0.0986
97,v3,v15,20.0,120.0,20.0,0.6,0.6,0.4,-17.0839,True,all_direct,-10.9457,0.1094
97,v3,v11,20.0,130.0,10.0,0.6,0.65,0.2,-16.2313,True,all_direct,-10.0909,0.1174
97,v3,v18,20.0,130.03,70.0,0.6,0.6502,1.4,-21.0497,True,all_direct,-14.9111,0.11
97,v4,v3,40.0,10.44,0.0,1.0,0.0522,0.0,23.7006,False,all_direct,29.84,0.9824
97,v4,v7,40.0,90.05,40.0,1.0,0.4502,0.8,3.1365,True,all_direct,9.2737,0.316
97,v4,v15,40.0,110.04,20.0,1.0,0.5502,0.4,3.5182,False,all_direct,9.6556,0.3463
97,v4,v11,40.0,120.04,10.0,1.0,0.6002,0.2,4.3227,False,all_direct,10.4624,0.4125
97,v4,v18,40.0,120.15,70.0,1.0,0.6007,1.4,-0.5003,True,all_direct,5.6365,0.1773
98,v1,v6,40.0,20.22,0.0,1.0,0.1011,0.0,19.1062,False,all_direct,25.244,0.9705
98,v1,v5,40.0,90.0,20.0,1.0,0.45,0.4,4.9151,False,all_direct,11.051,0.4479
98,v1,v20,40.0,130.31,60.0,1.0,0.6516,1.2,-0.6005,True,all_direct,5.5383,0.1734
98,v1,v13,40.0,150.0,10.0,1.0,0.75,0.2,2.7743,False,all_direct,8.9104,0.2979
98,v3,v4,20.0,10.44,20.0,0.6,0.0522,0.4,-0.1164,True,all_direct,6.0219,0.1721
98,v3,v7,20.0,40.0,10.0,0.6,0.2,0.2,-8.0412,False,all_direct,-1.9032,0.109
98,v3,v11,20.0,140.0,10.0,0.6,0.7,0.2,-16.7463,True,all_direct,-10.6069,0.1229
98,v3,v15,20.0,140.0,20.0,0.6,0.7,0.4,-18.155,True,all_direct,-12.017,0.1184
98,v3,v8,20.0,150.03,30.0,0.6,0.7501,0.6,-19.6353,True,all_direct,-13.4979,0.109
98,v4,v3,40.0,10.44,20.0,1.0,0.0522,0.4,19.8836,False,all_direct,26.0207,0.9838
98,v4,v7,40.0,50.09,10.0,1.0,0.2504,0.2,10.3958,False,all_direct,16.5338,0.8438
98,v4,v11,40.0,130.03,10.0,1.0,0.6502,0.2,3.7668,False,all_direct,9.906,0.3533
98,v4,v15,40.0,130.03,0.0,1.0,0.6502,0.0,6.1751,False,all_direct,12.3096,0.566
98,v4,v8,40.0,140.0,10.0,1.0,0.7,0.2,3.2537,False,all_direct,9.3917,0.3359
99,v1,v6,40.0,20.22,0.0,1.0,0.1011,0.0,19.1062,False,all_direct,25.2448,0.9721
99,v1,v5,40.0,70.0,10.0,1.0,0.35,0.2,8.0702,False,all_direct,14.2102,0.7256
99,v1,v13,40.0,140.0,0.0,1.0,0.7,0.0,5.662,False,all_direct,11.7994,0.5119
99,v1,v2,40.0,190.02,20.0,1.0,0.9501,0.4,-0.2779,True,all_direct,5.8598,0.1844
99,v1,v20,40.0,190.21,60.0,1.0,0.9511,1.2,-3.2286,True,all_direct,2.9071,0.1389
99,v2,v1,20.0,190.02,20.0,0.6,0.9501,0.4,-20.2779,True,all_direct,-14.1406,0.1014
99,v3,v4,20.0,10.44,10.0,0.6,0.0522,0.2,1.2923,False,all_direct,7.431,0.215
99,v3,v7,20.0,50.0,30.0,0.6,0.25,0.6,-12.0,True,all_direct,-5.8637,0.0992
99,v3,v15,20.0,120.0,10.0,0.6,0.6,0.2,-15.6751,True,all_direct,-9.5406,0.1148
99,v3,v8,20.0,120.04,20.0,0.6,0.6002,0.4,-17.086,True,all_direct,-10.9466,0.1277
99,v3,v11,20.0,130.0,30.0,0.6,0.65,0.6,-18.6396,True,all_direct,-12.5007,0.1209
99,v4,v3,40.0,10.44,10.0,1.0,0.0522,0.2,21.2923,False,all_direct,27.4288,0.9799
99,v4,v7,40.0,40.11,40.0,1.0,0.2006,0.8,8.7558,True,all_direct,14.895,0.7613
99,v4,v8,40.0,130.0,30.0,1.0,0.65,0.6,1.3604,True,all_direct,7.4973,0.2297
99,v4,v15,40.0,130.03,20.0,1.0,0.6502,0.4,2.3581,True,all_direct,8.4961,0.2762
99,v4,v11,40.0,140.03,40.0,1.0,0.7002,0.8,0.0686,True,all_direct,6.2058,0.1881
100,v1,v6,40.0,20.22,10.0,1.0,0.1011,0.2,16.698,False,all_direct,22.8345,0.9539
100,v1,v5,40.0,60.0,30.0,1.0,0.3,0.6,6.7331,False,all_direct,12.8719,0.626
100,v1,v13,40.0,140.0,30.0,1.0,0.7,0.6,0.8455,True,all_direct,6.9834,0.2033
100,v3,v7,20.0,20.0,30.0,0.6,0.1,0.6,-5.633,True,all_direct,0.5048,0.1219
100,v3,v4,20.0,20.22,10.0,0.6,0.1011,0.2,-3.302,False,all_direct,2.8364,0.1402
100,v3,v15,20.0,130.0,10.0,0.6,0.65,0.2,-16.2313,True,all_direct,-10.0933,0.1141
100,v3,v8,20.0,140.03,0.0,0.6,0.7002,0.0,-14.3396,True,all_direct,-8.1992,0.1066
100,v3,v11,20.0,160.0,10.0,0.6,0.8,0.2,-17.6742,True,all_direct,-11.5383,0.11
100,v4,v7,40.0,3.0,20.0,1.0,0.015,0.4,28.5491,False,all_direct,34.6869,0.9922
100,v4,v3,40.0,20.22,10.0,1.0,0.1011,0.2,16.698,False,all_direct,22.8349,0.9555
100,v4,v15,40.0,150.03,0.0,1.0,0.7501,0.0,5.1812,False,all_direct,11.3166,0.4684
100,v4,v8,40.0,160.0,10.0,1.0,0.8,0.2,2.3258,True,all_direct,8.4642,0.2719
100,v4,v11,40.0,180.02,20.0,1.0,0.9001,0.4,0.0977,True,all_direct,6.2352,0.1725
101,v1,v6,40.0,10.44,10.0,1.0,0.0522,0.2,21.2923,False,all_direct,27.4302,0.9809
101,v1,v5,40.0,30.0,0.0,1.0,0.15,0.0,16.3661,False,all_direct,22.5043,0.948
101,v1,v13,40.0,110.0,30.0,1.0,0.55,0.6,2.5212,True,all_direct,8.6594,0.2795
101,v3,v7,20.0,10.0,0.0,0.6,0.05,0.0,4.0,False,all_direct,10.1375,0.3748
101,v3,v4,20.0,10.44,20.0,0.6,0.0522,0.4,-0.1164,True,all_direct,6.0209,0.177
101,v3,v15,20.0,140.0,0.0,0.6,0.7,0.0,-14.338,True,all_direct,-8.2005,0.1154
101,v3,v8,20.0,140.03,30.0,0.6,0.7002,0.6,-19.1561,True,all_direct,-13.0177,0.1096
101,v3,v11,20.0,150.0,0.0,0.6,0.75,0.0,-14.8175,True,all_direct,-8.681,0.1189
101,v4,v3,40.0,10.44,20.0,1.0,0.0522,0.4,19.8836,False,all_direct,26.0204,0.9701
101,v4,v7,40.0,20.22,20.0,1.0,0.1011,0.4,15.2892,False,all_direct,21.4268,0.9451
101,v4,v8,40.0,150.0,10.0,1.0,0.75,0.2,2.7743,False,all_direct,8.9137,0.2877
101,v4,v15,40.0,150.03,20.0,1.0,0.7501,0.4,1.3642,True,all_direct,7.5006,0.218
101,v4,v11,40.0,160.03,20.0,1.0,0.8001,0.4,0.9159,True,all_direct,7.0534,0.2107
102,v1,v6,40.0,20.22,30.0,1.0,0.1011,0.6,14.2897,False,all_direct,20.4277,0.9309
102,v1,v5,40.0,30.0,40.0,1.0,0.15,0.8,10.7743,True,all_direct,16.913,0.8621
102,v1,v13,40.0,140.0,30.0,1.0,0.7,0.6,0.8455,True,all_direct,6.9813,0.2098
102,v3,v7,20.0,10.0,20.0,0.6,0.05,0.4,0.183,True,all_direct,6.3217,0.1842
102,v3,v4,20.0,10.44,10.0,0.6,0.0522,0.2,1.2923,False,all_direct,7.4307,0.2215
102,v3,v15,20.0,140.0,20.0,0.6,0.7,0.4,-18.155,True,all_direct,-12.0153,0.118
102,v3,v11,20.0,150.0,0.0,0.6,0.75,0.0,-14.8175,True,all_direct,-8.6797,0.1068
102,v3,v8,20.0,170.03,20.0,0.6,0.8501,0.4,-19.5052,True,all_direct,-13.3668,0.1115
102,v4,v7,40.0,3.0,10.0,1.0,0.015,0.2,29.9578,False,all_direct,36.0967,0.9932
102,v4,v3,40.0,10.44,10.0,1.0,0.0522,0.2,21.2923,False,all_direct,27.4301,0.9795
102,v4,v15,40.0,130.03,10.0,1.0,0.6502,0.2,3.7668,False,all_direct,9.9011,0.3594
102,v4,v11,40.0,140.03,10.0,1.0,0.7002,0.2,3.2521,False,all_direct,9.3901,0.3346
102,v4,v8,40.0,160.0,10.0,1.0,0.8,0.2,2.3258,True,all_direct,8.4623,0.2742
103,v1,v6,40.0,50.09,30.0,1.0,0.2504,0.6,7.9875,False,all_direct,14.1273,0.7063
103,v1,v5,40.0,70.0,20.0,1.0,0.35,0.4,6.6615,False,all_direct,12.7997,0.6152
103,v1,v13,40.0,170.0,0.0,1.0,0.85,0.0,4.3128,True,all_direct,10.4496,0.4102
103,v3,v4,20.0,3.0,10.0,0.6,0.015,0.2,9.9578,False,all_direct,16.0952,0.8135
103,v3,v7,20.0,10.0,30.0,0.6,0.05,0.6,-0.8165,True,all_direct,5.3204,0.1707
103,v3,v15,20.0,120.0,10.0,0.6,0.6,0.2,-15.6751,True,all_direct,-9.5377,0.1104
103,v3,v11,20.0,150.0,10.0,0.6,0.75,0.2,-17.2257,True,all_direct,-11.0887,0.1195
103,v3,v8,20.0,150.03,30.0,0.6,0.7501,0.6,-19.6353,True,all_direct,-13.4943,0.1092
103,v4,v3,40.0,3.0,10.0,1.0,0.015,0.2,29.9578,False,all_direct,36.0947,0.9912
103,v4,v7,40.0,10.44,20.0,1.0,0.0522,0.4,19.8836,False,all_direct,26.0218,0.9746
103,v4,v15,40.0,120.04,0.0,1.0,0.6002,0.0,6.7309,False,all_direct,12.87,0.6299
103,v4,v8,40.0,150.0,20.0,1.0,0.75,0.4,1.3656,True,all_direct,7.5055,0.2258
103,v4,v11,40.0,150.03,20.0,1.0,0.7501,0.4,1.3642,True,all_direct,7.4988,0.2238
104,v1,v6,40.0,80.06,0.0,1.0,0.4003,0.0,9.5457,False,all_direct,15.6823,0.8002
104,v1,v5,40.0,90.0,30.0,1.0,0.45,0.6,3.9156,False,all_direct,10.053,0.3807
104,v1,v13,40.0,170.0,10.0,1.0,0.85,0.2,1.9046,True,all_direct,8.0413,0.2479
104,v3,v4,20.0,10.44,10.0,0.6,0.0522,0.2,1.2923,False,all_direct,7.4308,0.2098
104,v3,v7,20.0,20.0,10.0,0.6,0.1,0.2,-3.2247,False,all_direct,2.9119,0.1398
104,v3,v15,20.0,130.0,20.0,0.6,0.65,0.4,-17.6401,True,all_direct,-11.502,0.1135
104,v3,v11,20.0,140.0,20.0,0.6,0.7,0.4,-18.155,True,all_direct,-12.0172,0.115
104,v3,v8,20.0,180.02,30.0,0.6,0.9001,0.6,-20.9018,True,all_direct,-14.7634,0.1096
104,v4,v3,40.0,10.44,10.0,1.0,0.0522,0.2,21.2923,False,all_direct,27.4323,0.9779
104,v4,v7,40.0,10.44,0.0,1.0,0.0522,0.0,23.7006,False,all_direct,29.8376,0.9848
104,v4,v15,40.0,120.04,10.0,1.0,0.6002,0.2,4.3227,False,all_direct,10.4598,0.4213
104,v4,v11,40.0,130.03,10.0,1.0,0.6502,0.2,3.7668,False,all_direct,9.9031,0.3555
104,v4,v8,40.0,170.0,20.0,1.0,0.85,0.4,0.4958,True,all_direct,6.6332,0.1916
105,v1,v6,40.0,80.06,20.0,1.0,0.4003,0.4,5.7287,False,all_direct,11.8676,0.5414
105,v1,v5,40.0,120.0,0.0,1.0,0.6,0.0,6.7331,False,all_direct,12.8687,0.6197
105,v1,v13,40.0,160.0,30.0,1.0,0.8,0.6,-0.0824,True,all_direct,6.0553,0.1857
105,v1,v2,40.0,190.02,10.0,1.0,0.9501,0.2,1.1308,True,all_direct,7.2688,0.216
105,v2,v1,20.0,190.02,10.0,0.6,0.9501,0.2,-18.8692,True,all_direct,-12.7327,0.118
105,v3,v4,20.0,3.0,0.0,0.6,0.015,0.0,12.3661,False,all_direct,18.5041,0.8955
105,v3,v7,20.0,10.0,10.0,0.6,0.05,0.2,1.5918,False,all_direct,7.7291,0.2232
105,v3,v15,20.0,110.0,30.0,0.6,0.55,0.6,-17.4788,True,all_direct,-11.3408,0.1127
105,v3,v11,20.0,120.0,10.0,0.6,0.6,0.2,-15.6751,True,all_direct,-9.5357,0.1141
105,v3,v8,20.0,150.03,10.0,0.6,0.7501,0.2,-17.2271,True,all_direct,-11.0912,0.1076
105,v4,v3,40.0,3.0,0.0,1.0,0.015,0.0,32.3661,False,all_direct,38.5075,0.9912
105,v4,v7,40.0,10.44,10.0,1.0,0.0522,0.2,21.2923,False,all_direct,27.4291,0.977
105,v4,v15,40.0,110.04,30.0,1.0,0.5502,0.6,2.5187,True,all_direct,8.6578,0.2801
105,v4,v11,40.0,120.04,10.0,1.0,0.6002,0.2,4.3227,False,all_direct,10.4594,0.418
105,v4,v8,40.0,150.0,10.0,1.0,0.75,0.2,2.7743,False,all_direct,8.9128,0.3102
106,v1,v6,40.0,60.07,30.0,1.0,0.3004,0.6,6.7244,False,all_direct,12.8637,0.6148
106,v1,v5,40.0,120.0,40.0,1.0,0.6,0.8,1.1413,True,all_direct,7.2777,0.2238
106,v1,v13,40.0,130.0,30.0,1.0,0.65,0.6,1.3604,True,all_direct,7.4994,0.2264
106,v1,v2,40.0,180.02,10.0,1.0,0.9001,0.2,1.5064,True,all_direct,7.6445,0.2277
106,v2,v1,20.0,180.02,10.0,0.6,0.9001,0.2,-18.4936,True,all_direct,-12.3579,0.1189
106,v3,v4,20.0,3.0,10.0,0.6,0.015,0.2,9.9578,False,all_direct,16.0945,0.8229
106,v3,v7,20.0,20.0,10.0,0.6,0.1,0.2,-3.2247,False,all_direct,2.9113,0.1318
106,v3,v15,20.0,80.0,10.0,0.6,0.4,0.2,-12.8577,True,all_direct,-6.7204,0.1002
106,v3,v11,20.0,110.0,10.0,0.6,0.55,0.2,-15.0705,True,all_direct,-8.9326,0.1129
106,v3,v8,20.0,140.03,30.0,0.6,0.7002,0.6,-19.1561,True,all_direct,-13.0188,0.1143
106,v4,v3,40.0,3.0,10.0,1.0,0.015,0.2,29.9578,False,all_direct,36.0955,0.9936
106,v4,v7,40.0,20.22,20.0,1.0,0.1011,0.4,15.2892,False,all_direct,21.428,0.949
106,v4,v15,40.0,80.06,0.0,1.0,0.4003,0.0,9.5457,False,all_direct,15.6855,0.8104
106,v4,v11,40.0,110.04,0.0,1.0,0.5502,0.0,7.3351,False,all_direct,13.4727,0.6682
106,v4,v8,40.0,140.0,40.0,1.0,0.7,0.8,0.0702,True,all_direct,6.2075,0.1877
107,v1,v6,40.0,90.05,10.0,1.0,0.4502,0.2,6.32,False,all_direct,12.457,0.5752
107,v1,v5,40.0,160.0,10.0,1.0,0.8,0.2,2.3258,True,all_direct,8.4641,0.2664
107,v1,v13,40.0,160.0,20.0,1.0,0.8,0.4,0.9171,True,all_direct,7.0537,0.217
107,v1,v2,40.0,170.03,40.0,1.0,0.8501,0.8,-1.28,True,all_direct,4.8581,0.152
107,v2,v1,20.0,170.03,40.0,0.6,0.8501,0.8,-21.28,True,all_direct,-15.1414,0.1006
107,v3,v4,20.0,10.44,10.0,0.6,0.0522,0.2,1.2923,False,all_direct,7.4284,0.2184
107,v3,v7,20.0,30.0,10.0,0.6,0.15,0.2,-6.0422,False,all_direct,0.0956,0.1221
107,v3,v15,20.0,70.0,30.0,0.6,0.35,0.6,-14.338,True,all_direct,-8.2002,0.1092
107,v3,v11,20.0,100.0,10.0,0.6,0.5,0.2,-14.4082,True,all_direct,-8.2707,0.1094
107,v3,v8,20.0,170.03,0.0,0.6,0.8501,0.0,-15.6883,True,all_direct,-9.5519,0.1193
107,v4,v3,40.0,10.44,10.0,1.0,0.0522,0.2,21.2923,False,all_direct,27.4301,0.9814
107,v4,v7,40.0,40.11,0.0,1.0,0.2006,0.0,14.3476,False,all_direct,20.4844,0.9377
107,v4,v15,40.0,80.06,20.0,1.0,0.4003,0.4,5.7287,False,all_direct,11.8659,0.5258
107,v4,v11,40.0,110.04,0.0,1.0,0.5502,0.0,7.3351,False,all_direct,13.4718,0.6574
107,v4,v8,40.0,180.0,10.0,1.0,0.9,0.2,1.5074,True,all_direct,7.6446,0.2258
108,v1,v6,40.0,80.06,10.0,1.0,0.4003,0.2,7.1374,False,all_direct,13.2753,0.6484
108,v1,v13,40.0,140.0,0.0,1.0,0.7,0.0,5.662,False,all_direct,11.8025,0.5203
108,v1,v5,40.0,150.0,40.0,1.0,0.75,0.8,-0.4092,True,all_direct,5.7284,0.1783
108,v3,v7,20.0,20.0,0.0,0.6,0.1,0.0,-0.8165,False,all_direct,5.3214,0.1676
108,v3,v4,20.0,20.22,30.0,0.6,0.1011,0.6,-5.7103,True,all_direct,0.428,0.1207
108,v3,v15,20.0,40.0,10.0,0.6,0.2,0.2,-8.0412,False,all_direct,-1.9022,0.11
108,v3,v11,20.0,90.0,30.0,0.6,0.45,0.6,-16.0844,True,all_direct,-9.9471,0.1129
108,v3,v8,20.0,170.03,30.0,0.6,0.8501,0.6,-20.5047,True,all_direct,-14.3659,0.1178
108,v4,v3,40.0,20.22,30.0,1.0,0.1011,0.6,14.2897,False,all_direct,20.4269,0.9393
108,v4,v7,40.0,40.11,30.0,1.0,0.2006,0.6,9.5311,False,all_direct,15.6677,0.7908
108,v4,v15,40.0,60.07,40.0,1.0,0.3004,0.8,5.9491,True,all_direct,12.087,0.5602
108,v4,v11,40.0,110.04,0.0,1.0,0.5502,0.0,7.3351,False,all_direct,13.4738,0.6736
108,v4,v8,40.0,190.0,0.0,1.0,0.95,0.0,3.5399,True,all_direct,9.6766,0.3436
109,v1,v6,40.0,70.06,20.0,1.0,0.3503,0.4,6.6551,False,all_direct,12.7921,0.6066
109,v1,v5,40.0,110.0,20.0,1.0,0.55,0.4,3.5207,False,all_direct,9.6568,0.351
109,v1,v13,40.0,140.0,40.0,1.0,0.7,0.8,0.0702,True,all_direct,6.2075,0.1891
109,v3,v7,20.0,20.0,0.0,0.6,0.1,0.0,-0.8165,False,all_direct,5.3186,0.1598
109,v3,v15,20.0,50.0,0.0,0.6,0.25,0.0,-7.1835,False,all_direct,-1.0445,0.1061
109,v3,v4,20.0,50.09,10.0,0.6,0.2504,0.2,-9.6042,False,all_direct,-3.4657,0.1051
109,v3,v11,20.0,60.0,0.0,0.6,0.3,0.0,-8.4504,True,all_direct,-2.314,0.1031
109,v3,v8,20.0,140.03,20.0,0.6,0.7002,0.4,-18.1566,True,all_direct,-12.0188,0.1072
109,v4,v3,40.0,50.09,10.0,1.0,0.2504,0.2,10.3958,False,all_direct,16.5341,0.8254
109,v4,v7,40.0,70.06,10.0,1.0,0.3503,0.2,8.0638,False,all_direct,14.2035,0.7115
109,v4,v15,40.0,100.04,10.0,1.0,0.5002,0.2,5.5886,False,all_direct,11.7249,0.5064
109,v4,v11,40.0,110.04,10.0,1.0,0.5502,0.2,4.9269,False,all_direct,11.0643,0.4533
109,v4,v8,40.0,190.0,30.0,1.0,0.95,0.6,-1.2765,True,all_direct,4.8581,0.1764
110,v1,v6,40.0,90.05,10.0,1.0,0.4502,0.2,6.32,False,all_direct,12.4564,0.5781
110,v1,v5,40.0,130.0,20.0,1.0,0.65,0.4,2.3599,True,all_direct,8.4969,0.2752
110,v1,v13,40.0,180.0,30.0,1.0,0.9,0.6,-0.9008,True,all_direct,5.2375,0.1656
110,v3,v7,20.0,20.0,10.0,0.6,0.1,0.2,-3.2247,False,all_direct,2.9125,0.1424
110,v3,v15,20.0,50.0,20.0,0.6,0.25,0.4,-11.0005,True,all_direct,-4.862,0.0963
110,v3,v11,20.0,60.0,20.0,0.6,0.3,0.4,-12.2674,True,all_direct,-6.1327,0.0973
110,v3,v4,20.0,60.07,0.0,0.6,0.3004,0.0,-8.4591,True,all_direct,-2.3214,0.1051
110,v3,v8,20.0,160.03,0.0,0.6,0.8001,0.0,-15.2671,True,all_direct,-9.1295,0.1037
110,v4,v3,40.0,60.07,0.0,1.0,0.3004,0.0,11.5409,False,all_direct,17.6778,0.876
110,v4,v7,40.0,80.06,10.0,1.0,0.4003,0.2,7.1374,False,all_direct,13.2751,0.6465
110,v4,v15,40.0,110.04,20.0,1.0,0.5502,0.4,3.5182,False,all_direct,9.655,0.3455
110,v4,v11,40.0,120.04,20.0,1.0,0.6002,0.4,2.914,False,all_direct,9.0515,0.3002
111,v1,v6,40.0,100.04,10.0,1.0,0.5002,0.2,5.5886,False,all_direct,11.7264,0.5262
111,v1,v5,40.0,150.0,30.0,1.0,0.75,0.6,0.3661,True,all_direct,6.5041,0.1871
111,v1,v2,40.0,180.02,20.0,1.0,0.9001,0.4,0.0977,True,all_direct,6.2346,0.191
111,v2,v1,20.0,180.02,20.0,0.6,0.9001,0.4,-19.9023,True,all_direct,-13.7626,0.1014
111,v3,v7,20.0,30.0,20.0,0.6,0.15,0.4,-7.4509,True,all_direct,-1.3122,0.1104
111,v3,v4,20.0,60.07,10.0,0.6,0.3004,0.2,-10.8673,True,all_direct,-4.7288,0.1031
111,v3,v15,20.0,70.0,0.0,0.6,0.35,0.0,-9.5216,True,all_direct,-3.3835,0.0957
111,v3,v11,20.0,80.0,20.0,0.6,0.4,0.4,-14.2664,True,all_direct,-8.1259,0.1127
111,v3,v8,20.0,160.03,10.0,0.6,0.8001,0.2,-17.6754,True,all_direct,-11.5381,0.1141
111,v4,v3,40.0,60.07,10.0,1.0,0.3004,0.2,9.1327,False,all_direct,15.2711,0.7758
111,v4,v7,40.0,90.05,30.0,1.0,0.4502,0.6,3.9118,True,all_direct,10.0488,0.375
111,v4,v15,40.0,130.03,10.0,1.0,0.6502,0.2,3.7668,False,all_direct,9.9039,0.3576
111,v4,v11,40.0,140.03,30.0,1.0,0.7002,0.6,0.8439,True,all_direct,6.9798,0.2115
112,v1,v6,40.0,90.05,10.0,1.0,0.4502,0.2,6.32,False,all_direct,12.4586,0.577
112,v1,v5,40.0,120.0,20.0,1.0,0.6,0.4,2.9161,False,all_direct,9.0545,0.3078
112,v1,v13,40.0,180.0,0.0,1.0,0.9,0.0,3.9156,True,all_direct,10.0525,0.3781
112,v3,v7,20.0,50.0,10.0,0.6,0.25,0.2,-9.5918,False,all_direct,-3.4544,0.1061
112,v3,v15,20.0,70.0,10.0,0.6,0.35,0.2,-11.9298,True,all_direct,-5.7909,0.0982
112,v3,v4,20.0,70.06,20.0,0.6,0.3503,0.4,-13.3449,True,all_direct,-7.208,0.1027
112,v3,v11,20.0,100.0,0.0,0.6,0.5,0.0,-12.0,True,all_direct,-5.862,0.0953
112,v3,v8,20.0,170.03,30.0,0.6,0.8501,0.6,-20.5047,True,all_direct,-14.3658,0.1191
112,v4,v3,40.0,70.06,20.0,1.0,0.3503,0.4,6.6551,False,all_direct,12.7921,0.6102
112,v4,v7,40.0,120.04,10.0,1.0,0.6002,0.2,4.3227,False,all_direct,10.4603,0.415
112,v4,v15,40.0,140.03,30.0,1.0,0.7002,0.6,0.8439,True,all_direct,6.9817,0.2076
112,v4,v11,40.0,170.03,20.0,1.0,0.8501,0.4,0.4948,True,all_direct,6.6336,0.1818
113,v1,v6,40.0,80.06,20.0,1.0,0.4003,0.4,5.7287,False,all_direct,11.865,0.5297
113,v1,v5,40.0,140.0,10.0,1.0,0.7,0.2,3.2537,False,all_direct,9.3919,0.3256
113,v1,v13,40.0,180.0,20.0,1.0,0.9,0.4,0.0987,True,all_direct,6.236,0.1838
113,v3,v4,20.0,50.09,20.0,0.6,0.2504,0.4,-11.013,True,all_direct,-4.8756,0.0957
113,v3,v7,20.0,60.0,20.0,0.6,0.3,0.4,-12.2674,True,all_direct,-6.1313,0.1012
113,v3,v15,20.0,60.0,20.0,0.6,0.3,0.4,-12.2674,True,all_direct,-6.1312,0.0992
113,v3,v11,20.0,100.0,20.0,0.6,0.5,0.4,-15.817,True,all_direct,-9.6811,0.1236
113,v4,v3,40.0,50.09,20.0,1.0,0.2504,0.4,8.987,False,all_direct,15.1257,0.7689
113,v4,v7,40.0,110.04,40.0,1.0,0.5502,0.8,1.7434,True,all_direct,7.8815,0.2375
113,v4,v15,40.0,110.04,40.0,1.0,0.5502,0.8,1.7434,True,all_direct,7.8823,0.232
113,v4,v11,40.0,150.03,40.0,1.0,0.7501,0.8,-0.4106,True,all_direct,5.7266,0.1803
114,v1,v6,40.0,100.04,20.0,1.0,0.5002,0.4,4.1799,False,all_direct,10.3166,0.385
114,v1,v5,40.0,130.0,20.0,1.0,0.65,0.4,2.3599,True,all_direct,8.4983,0.2762
114,v1,v13,40.0,200.0,30.0,1.0,1.0,0.6,-1.633,True,all_direct,4.5055,0.1492
114,v3,v4,20.0,30.15,30.0,0.6,0.1507,0.6,-8.485,True,all_direct,-2.3458,0.109
114,v3,v7,20.0,40.0,40.0,0.6,0.2,0.8,-11.2247,True,all_direct,-5.0857,0.0953
114,v3,v15,20.0,40.0,0.0,0.6,0.2,0.0,-5.633,False,all_direct,0.5078,0.1188
114,v3,v11,20.0,80.0,40.0,0.6,0.4,0.8,-16.0412,True,all_direct,-9.9023,0.1307
114,v3,v8,20.0,180.02,20.0,0.6,0.9001,0.4,-19.9023,True,all_direct,-13.766,0.1117
114,v4,v3,40.0,30.15,30.0,1.0,0.1507,0.6,11.515,False,all_direct,17.6543,0.8766
114,v4,v7,40.0,70.06,10.0,1.0,0.3503,0.2,8.0638,False,all_direct,14.2012,0.7188
114,v4,v15,40.0,70.06,30.0,1.0,0.3503,0.6,5.6556,False,all_direct,11.7943,0.5279
114,v4,v11,40.0,110.04,10.0,1.0,0.5502,0.2,4.9269,False,all_direct,11.0654,0.4465
115,v1,v6,40.0,80.06,30.0,1.0,0.4003,0.6,4.7292,False,all_direct,10.8668,0.4303
115,v1,v5,40.0,110.0,0.0,1.0,0.55,0.0,7.3377,False,all_direct,13.4748,0.6631
115,v1,v13,40.0,170.0,20.0,1.0,0.85,0.4,0.4958,True,all_direct,6.6325,0.19
115,v3,v7,20.0,0.0,10.0,0.6,0.0,0.2,33.5918,False,all_direct,39.7298,0.9941
115,v3,v11,20.0,40.0,20.0,0.6,0.2,0.4,-9.4499,True,all_direct,-3.3122,0.0986
115,v3,v15,20.0,40.0,10.0,0.6,0.2,0.2,-8.0412,False,all_direct,-1.9038,0.109
115,v3,v4,20.0,60.07,30.0,0.6,0.3004,0.6,-13.2756,True,all_direct,-7.1375,0.0934
115,v3,v8,20.0,160.03,30.0,0.6,0.8001,0.6,-20.0836,True,all_direct,-13.9453,0.1178
115,v4,v3,40.0,60.07,30.0,1.0,0.3004,0.6,6.7244,False,all_direct,12.8624,0.616
115,v4,v7,40.0,60.07,20.0,1.0,0.3004,0.4,7.7239,False,all_direct,13.8626,0.6977
115,v4,v11,40.0,100.04,10.0,1.0,0.5002,0.2,5.5886,False,all_direct,11.725,0.5115
115,v4,v15,40.0,100.04,20.0,1.0,0.5002,0.4,4.1799,False,all_direct,10.3185,0.3867
116,v1,v5,40.0,110.0,0.0,1.0,0.55,0.0,7.3377,False,all_direct,13.4737,0.6717
116,v1,v6,40.0,110.04,20.0,1.0,0.5502,0.4,3.5182,False,all_direct,9.6546,0.3385
116,v1,v13,40.0,190.0,0.0,1.0,0.95,0.0,3.5399,True,all_direct,9.6786,0.3359
116,v3,v7,20.0,10.0,30.0,0.6,0.05,0.6,-0.8165,True,all_direct,5.3216,0.1705
116,v3,v11,20.0,20.0,40.0,0.6,0.1,0.8,-6.4082,True,all_direct,-0.2713,0.1256
116,v3,v15,20.0,30.0,40.0,0.6,0.15,0.8,-9.2257,True,all_direct,-3.0882,0.1041
116,v3,v4,20.0,90.05,20.0,0.6,0.4502,0.4,-15.0887,True,all_direct,-8.9498,0.1211
116,v3,v8,20.0,130.03,40.0,0.6,0.6502,0.8,-19.4167,True,all_direct,-13.2781,0.1145
116,v4,v7,40.0,80.06,10.0,1.0,0.4003,0.2,7.1374,False,all_direct,13.2748,0.6469
116,v4,v3,40.0,90.05,20.0,1.0,0.4502,0.4,4.9113,False,all_direct,11.0501,0.4459
116,v4,v11,40.0,110.04,20.0,1.0,0.5502,0.4,3.5182,False,all_direct,9.6568,0.3502
116,v4,v15,40.0,120.04,20.0,1.0,0.6002,0.4,2.914,False,all_direct,9.0504,0.2982
117,v1,v5,40.0,110.0,30.0,1.0,0.55,0.6,2.5212,True,all_direct,8.6595,0.2773
117,v1,v6,40.0,130.03,40.0,1.0,0.6502,0.8,0.5833,True,all_direct,6.7213,0.19
117,v1,v13,40.0,190.0,10.0,1.0,0.95,0.2,1.1317,True,all_direct,7.2699,0.2098
117,v3,v15,20.0,10.0,0.0,0.6,0.05,0.0,4.0,False,all_direct,10.1379,0.3943
117,v3,v11,20.0,20.0,0.0,0.6,0.1,0.0,-0.8165,False,all_direct,5.3214,0.1646
117,v3,v7,20.0,40.0,10.0,0.6,0.2,0.2,-8.0412,False,all_direct,-1.9061,0.1051
117,v3,v8,20.0,90.05,30.0,0.6,0.4502,0.6,-16.0882,True,all_direct,-9.9511,0.1258
117,v3,v4,20.0,110.04,20.0,0.6,0.5502,0.4,-16.4818,True,all_direct,-10.3437,0.1055
117,v4,v7,40.0,70.06,30.0,1.0,0.3503,0.6,5.6556,False,all_direct,11.7933,0.5203
117,v4,v11,40.0,90.05,20.0,1.0,0.4502,0.4,4.9113,False,all_direct,11.0483,0.4592
117,v4,v15,40.0,100.04,20.0,1.0,0.5002,0.4,4.1799,False,all_direct,10.3193,0.4195
117,v4,v3,40.0,110.04,20.0,1.0,0.5502,0.4,3.5182,False,all_direct,9.6555,0.3566
117,v4,v8,40.0,200.0,10.0,1.0,1.0,0.2,0.7753,True,all_direct,6.9136,0.1965
118,v1,v5,40.0,140.0,40.0,1.0,0.7,0.8,0.0702,True,all_direct,6.2065,0.1816
118,v1,v6,40.0,170.03,20.0,1.0,0.8501,0.4,0.4948,True,all_direct,6.632,0.1939
118,v1,v13,40.0,200.0,40.0,1.0,1.0,0.8,-2.4082,True,all_direct,3.7289,0.1482
118,v3,v15,20.0,10.0,0.0,0.6,0.05,0.0,4.0,False,all_direct,10.1371,0.3713
118,v3,v11,20.0,20.0,30.0,0.6,0.1,0.6,-5.633,True,all_direct,0.5056,0.1246
118,v3,v7,20.0,50.0,10.0,0.6,0.25,0.2,-9.5918,False,all_direct,-3.4565,0.1021
118,v3,v4,20.0,90.05,30.0,0.6,0.4502,0.6,-16.0882,True,all_direct,-9.9524,0.1244
118,v3,v8,20.0,120.04,0.0,0.6,0.6002,0.0,-13.2691,True,all_direct,-7.1313,0.0979
118,v4,v7,40.0,40.11,20.0,1.0,0.2006,0.4,10.5306,False,all_direct,16.6692,0.8436
118,v4,v11,40.0,70.06,0.0,1.0,0.3503,0.0,10.4721,False,all_direct,16.6109,0.8426
118,v4,v15,40.0,80.06,30.0,1.0,0.4003,0.6,4.7292,False,all_direct,10.8691,0.4305
118,v4,v3,40.0,90.05,30.0,1.0,0.4502,0.6,3.9118,True,all_direct,10.048,0.382
119,v1,v5,40.0,100.0,0.0,1.0,0.5,0.0,8.0,False,all_direct,14.1362,0.7152
119,v1,v6,40.0,150.03,10.0,1.0,0.7501,0.2,2.7729,False,all_direct,8.9089,0.2982
119,v1,v13,40.0,160.0,30.0,1.0,0.8,0.6,-0.0824,True,all_direct,6.0553,0.1867
119,v3,v11,20.0,10.0,10.0,0.6,0.05,0.2,1.5918,False,all_direct,7.7294,0.2336
119,v3,v15,20.0,10.0,20.0,0.6,0.05,0.4,0.183,True,all_direct,6.3227,0.2037
119,v3,v7,20.0,40.0,20.0,0.6,0.2,0.4,-9.4499,True,all_direct,-3.3126,0.0992
119,v3,v4,20.0,60.07,20.0,0.6,0.3004,0.4,-12.2761,True,all_direct,-6.1389,0.0969
119,v3,v8,20.0,120.04,30.0,0.6,0.6002,0.6,-18.0856,True,all_direct,-11.9484,0.1057
119,v4,v7,40.0,20.22,0.0,1.0,0.1011,0.0,19.1062,False,all_direct,25.2443,0.974
119,v4,v15,40.0,50.09,0.0,1.0,0.2504,0.0,12.804,False,all_direct,18.9417,0.9092
119,v4,v3,40.0,60.07,20.0,1.0,0.3004,0.4,7.7239,False,all_direct,13.8605,0.7047
119,v4,v11,40.0,70.06,10.0,1.0,0.3503,0.2,8.0638,False,all_direct,14.2008,0.7141
119,v4,v8,40.0,180.0,10.0,1.0,0.9,0.2,1.5074,True,all_direct,7.6425,0.2258
120,v1,v5,40.0,100.0,0.0,1.0,0.5,0.0,8.0,False,all_direct,14.1372,0.7246
120,v1,v13,40.0,130.0,20.0,1.0,0.65,0.4,2.3599,True,all_direct,8.4972,0.268
120,v1,v6,40.0,140.03,20.0,1.0,0.7002,0.4,1.8434,True,all_direct,7.9804,0.2346
120,v3,v15,20.0,10.0,20.0,0.6,0.05,0.4,0.183,True,all_direct,6.3224,0.1861
120,v3,v7,20.0,20.0,0.0,0.6,0.1,0.0,-0.8165,False,all_direct,5.3219,0.1658
120,v3,v11,20.0,20.0,10.0,0.6,0.1,0.2,-3.2247,False,all_direct,2.9139,0.1428
120,v3,v4,20.0,40.11,20.0,0.6,0.2006,0.4,-9.4694,True,all_direct,-3.3314,0.1012
120,v3,v8,20.0,150.03,10.0,0.6,0.7501,0.2,-17.2271,True,all_direct,-11.0883,0.1189
120,v4,v7,40.0,20.22,20.0,1.0,0.1011,0.4,15.2892,False,all_direct,21.4281,0.9465
120,v4,v3,40.0,40.11,20.0,1.0,0.2006,0.4,10.5306,False,all_direct,16.6683,0.8371
120,v4,v15,40.0,50.09,40.0,1.0,0.2504,0.8,7.2122,True,all_direct,13.3506,0.6553
120,v4,v11,40.0,60.07,10.0,1.0,0.3004,0.2,9.1327,False,all_direct,15.27,0.7871
120,v4,v8,40.0,190.0,30.0,1.0,0.95,0.6,-1.2765,True,all_direct,4.8604,0.1633
121,v1,v5,40.0,100.0,0.0,1.0,0.5,0.0,8.0,False,all_direct,14.1381,0.7311
121,v1,v13,40.0,110.0,0.0,1.0,0.55,0.0,7.3377,False,all_direct,13.476,0.6705
121,v1,v6,40.0,160.03,0.0,1.0,0.8001,0.0,4.7329,True,all_direct,10.8702,0.4494
121,v3,v15,20.0,10.0,40.0,0.6,0.05,0.8,-1.5918,True,all_direct,4.5458,0.1486
121,v3,v7,20.0,20.0,0.0,0.6,0.1,0.0,-0.8165,False,all_direct,5.322,0.1656
121,v3,v4,20.0,20.22,40.0,0.6,0.1011,0.8,-6.4855,True,all_direct,-0.3493,0.1193
121,v3,v11,20.0,30.0,30.0,0.6,0.15,0.6,-8.4504,True,all_direct,-2.3118,0.107
121,v3,v8,20.0,140.03,0.0,0.6,0.7002,0.0,-14.3396,True,all_direct,-8.2004,0.1209
121,v4,v7,40.0,3.0,40.0,1.0,0.015,0.8,26.7743,True,all_direct,32.9133,0.9887
121,v4,v15,40.0,10.44,0.0,1.0,0.0522,0.0,23.7006,False,all_direct,29.8408,0.9844
121,v4,v3,40.0,20.22,40.0,1.0,0.1011,0.8,13.5145,True,all_direct,19.6498,0.9162
121,v4,v11,40.0,50.09,10.0,1.0,0.2504,0.2,10.3958,False,all_direct,16.5328,0.8449
121,v4,v8,40.0,160.0,40.0,1.0,0.8,0.8,-0.8577,True,all_direct,5.2818,0.1746
122,v1,v5,40.0,100.0,20.0,1.0,0.5,0.4,4.183,False,all_direct,10.3215,0.3955
122,v1,v13,40.0,110.0,20.0,1.0,0.55,0.4,3.5207,False,all_direct,9.6581,0.3295
122,v1,v6,40.0,160.03,20.0,1.0,0.8001,0.4,0.9159,True,all_direct,7.0545,0.2023
122,v3,v11,20.0,0.0,10.0,0.6,0.0,0.2,33.5918,False,all_direct,39.7265,0.9941
122,v3,v7,20.0,20.0,10.0,0.6,0.1,0.2,-3.2247,False,all_direct,2.913,0.1438
122,v3,v15,20.0,50.0,10.0,0.6,0.25,0.2,-9.5918,False,all_direct,-3.4539,0.1012
122,v3,v4,20.0,60.07,20.0,0.6,0.3004,0.4,-12.2761,True,all_direct,-6.1398,0.0963
122,v3,v8,20.0,140.03,20.0,0.6,0.7002,0.4,-18.1566,True,all_direct,-12.02,0.1064
122,v4,v15,40.0,10.44,30.0,1.0,0.0522,0.6,18.8841,False,all_direct,25.0211,0.9721
122,v4,v7,40.0,40.11,10.0,1.0,0.2006,0.2,11.9393,False,all_direct,18.0772,0.8873
122,v4,v3,40.0,60.07,20.0,1.0,0.3004,0.4,7.7239,False,all_direct,13.8595,0.6906
122,v4,v11,40.0,60.07,30.0,1.0,0.3004,0.6,6.7244,False,all_direct,12.8616,0.6117
122,v4,v8,40.0,200.0,40.0,1.0,1.0,0.8,-2.4082,True,all_direct,3.7307,0.1461
123,v1,v5,40.0,120.0,20.0,1.0,0.6,0.4,2.9161,False,all_direct,9.055,0.307
123,v1,v13,40.0,130.0,20.0,1.0,0.65,0.4,2.3599,True,all_direct,8.4968,0.2719
123,v1,v6,40.0,140.03,10.0,1.0,0.7002,0.2,3.2521,False,all_direct,9.3887,0.334
123,v3,v7,20.0,10.0,40.0,0.6,0.05,0.8,-1.5918,True,all_direct,4.5464,0.1568
123,v3,v11,20.0,10.0,40.0,0.6,0.05,0.8,-1.5918,True,all_direct,4.546,0.1633
123,v3,v4,20.0,40.11,20.0,0.6,0.2006,0.4,-9.4694,True,all_direct,-3.3312,0.1051
123,v3,v15,20.0,60.0,0.0,0.6,0.3,0.0,-8.4504,True,all_direct,-2.3128,0.1061
123,v3,v8,20.0,120.04,40.0,0.6,0.6002,0.8,-18.8608,True,all_direct,-12.7219,0.1254
123,v4,v15,40.0,20.22,20.0,1.0,0.1011,0.4,15.2892,False,all_direct,21.4282,0.9436
123,v4,v7,40.0,30.15,20.0,1.0,0.1507,0.4,12.5145,False,all_direct,18.6529,0.9014
123,v4,v11,40.0,30.15,20.0,1.0,0.1507,0.4,12.5145,False,all_direct,18.6525,0.8938
123,v4,v3,40.0,40.11,20.0,1.0,0.2006,0.4,10.5306,False,all_direct,16.6696,0.8492
123,v4,v8,40.0,160.0,20.0,1.0,0.8,0.4,0.9171,True,all_direct,7.0539,0.2023
124,v1,v5,40.0,140.0,10.0,1.0,0.7,0.2,3.2537,False,all_direct,9.3923,0.3379
124,v1,v13,40.0,150.0,30.0,1.0,0.75,0.6,0.3661,True,all_direct,6.5034,0.1881
124,v1,v6,40.0,150.03,10.0,1.0,0.7501,0.2,2.7729,False,all_direct,8.9102,0.2879
124,v3,v7,20.0,50.0,20.0,0.6,0.25,0.4,-11.0005,True,all_direct,-4.8608,0.0973
124,v3,v11,20.0,50.0,0.0,0.6,0.25,0.0,-7.1835,False,all_direct,-1.0459,0.1164
124,v3,v15,20.0,60.0,10.0,0.6,0.3,0.2,-10.8587,True,all_direct,-4.7203,0.0982
124,v3,v4,20.0,60.07,20.0,0.6,0.3004,0.4,-12.2761,True,all_direct,-6.1393,0.1021
124,v3,v8,20.0,80.06,10.0,0.6,0.4003,0.2,-12.8626,True,all_direct,-6.7256,0.1037
124,v4,v15,40.0,3.0,30.0,1.0,0.015,0.6,27.5496,False,all_direct,33.6859,0.9906
124,v4,v7,40.0,10.44,0.0,1.0,0.0522,0.0,23.7006,False,all_direct,29.8414,0.9867
124,v4,v11,40.0,10.44,20.0,1.0,0.0522,0.4,19.8836,False,all_direct,26.0199,0.9799
124,v4,v3,40.0,60.07,20.0,1.0,0.3004,0.4,7.7239,False,all_direct,13.8625,0.702
124,v4,v8,40.0,140.0,10.0,1.0,0.7,0.2,3.2537,False,all_direct,9.3898,0.3289
125,v1,v13,40.0,120.0,10.0,1.0,0.6,0.2,4.3249,False,all_direct,10.4633,0.409
125,v1,v5,40.0,130.0,0.0,1.0,0.65,0.0,6.1769,False,all_direct,12.3137,0.5703
125,v1,v6,40.0,140.03,0.0,1.0,0.7002,0.0,5.6604,False,all_direct,11.7979,0.5281
125,v3,v11,20.0,50.0,10.0,0.6,0.25,0.2,-9.5918,False,all_direct,-3.4539,0.1002
125,v3,v15,20.0,50.0,10.0,0.6,0.25,0.2,-9.5918,False,all_direct,-3.4557,0.107
125,v3,v7,20.0,70.0,10.0,0.6,0.35,0.2,-11.9298,True,all_direct,-5.7926,0.1008
125,v3,v8,20.0,70.06,30.0,0.6,0.3503,0.6,-14.3444,True,all_direct,-8.2074,0.1092
125,v3,v4,20.0,80.06,20.0,0.6,0.4003,0.4,-14.2713,True,all_direct,-8.1346,0.1104
125,v4,v7,40.0,10.44,10.0,1.0,0.0522,0.2,21.2923,False,all_direct,27.4317,0.976
125,v4,v11,40.0,30.15,10.0,1.0,0.1507,0.2,13.9232,False,all_direct,20.0594,0.9217
125,v4,v15,40.0,30.15,30.0,1.0,0.1507,0.6,11.515,False,all_direct,17.6531,0.875
125,v4,v3,40.0,80.06,20.0,1.0,0.4003,0.4,5.7287,False,all_direct,11.8659,0.5186
125,v4,v8,40.0,150.0,10.0,1.0,0.75,0.2,2.7743,False,all_direct,8.9121,0.3152
126,v1,v5,40.0,130.0,20.0,1.0,0.65,0.4,2.3599,True,all_direct,8.4985,0.265
126,v1,v13,40.0,130.0,0.0,1.0,0.65,0.0,6.1769,False,all_direct,12.313,0.5641
126,v1,v6,40.0,140.03,10.0,1.0,0.7002,0.2,3.2521,False,all_direct,9.3895,0.3281
126,v3,v15,20.0,40.0,20.0,0.6,0.2,0.4,-9.4499,True,all_direct,-3.3142,0.1002
126,v3,v8,20.0,40.11,10.0,0.6,0.2006,0.2,-8.0607,False,all_direct,-1.9227,0.1096
126,v3,v11,20.0,60.0,10.0,0.6,0.3,0.2,-10.8587,True,all_direct,-4.7227,0.0979
126,v3,v7,20.0,80.0,10.0,0.6,0.4,0.2,-12.8577,True,all_direct,-6.718,0.1072
126,v3,v4,20.0,100.04,0.0,0.6,0.5002,0.0,-12.0031,True,all_direct,-5.8667,0.1041
126,v4,v7,40.0,20.22,10.0,1.0,0.1011,0.2,16.698,False,all_direct,22.8368,0.9568
126,v4,v11,40.0,40.11,10.0,1.0,0.2006,0.2,11.9393,False,all_direct,18.0765,0.8818
126,v4,v15,40.0,60.07,20.0,1.0,0.3004,0.4,7.7239,False,all_direct,13.8613,0.6986
126,v4,v3,40.0,100.04,0.0,1.0,0.5002,0.0,7.9969,False,all_direct,14.1333,0.7059
126,v4,v8,40.0,140.0,10.0,1.0,0.7,0.2,3.2537,False,all_direct,9.3931,0.316
127,v1,v5,40.0,110.0,20.0,1.0,0.55,0.4,3.5207,False,all_direct,9.6586,0.3492
127,v1,v13,40.0,130.0,40.0,1.0,0.65,0.8,0.5851,True,all_direct,6.7237,0.2082
127,v1,v6,40.0,150.03,0.0,1.0,0.7501,0.0,5.1812,False,all_direct,11.3172,0.4781
127,v3,v8,20.0,50.09,30.0,0.6,0.2504,0.6,-12.0125,True,all_direct,-5.8757,0.0982
127,v3,v15,20.0,60.0,20.0,0.6,0.3,0.4,-12.2674,True,all_direct,-6.1285,0.0973
127,v3,v7,20.0,70.0,10.0,0.6,0.35,0.2,-11.9298,True,all_direct,-5.7932,0.0992
127,v3,v11,20.0,70.0,10.0,0.6,0.35,0.2,-11.9298,True,all_direct,-5.793,0.0982
127,v3,v4,20.0,100.04,10.0,0.6,0.5002,0.2,-14.4114,True,all_direct,-8.2716,0.1113
127,v4,v7,40.0,30.15,0.0,1.0,0.1507,0.0,16.3315,False,all_direct,22.4693,0.9564
127,v4,v11,40.0,30.15,0.0,1.0,0.1507,0.0,16.3315,False,all_direct,22.4691,0.9652
127,v4,v15,40.0,40.11,30.0,1.0,0.2006,0.6,9.5311,False,all_direct,15.6695,0.809
127,v4,v3,40.0,100.04,10.0,1.0,0.5002,0.2,5.5886,False,all_direct,11.7275,0.5072
127,v4,v8,40.0,150.0,40.0,1.0,0.75,0.8,-0.4092,True,all_direct,5.728,0.1715
128,v1,v5,40.0,90.0,30.0,1.0,0.45,0.6,3.9156,False,all_direct,10.0533,0.3754
128,v1,v13,40.0,90.0,30.0,1.0,0.45,0.6,3.9156,False,all_direct,10.0524,0.3678
128,v1,v6,40.0,150.03,20.0,1.0,0.7501,0.4,1.3642,True,all_direct,7.5022,0.2264
128,v3,v15,20.0,40.0,10.0,0.6,0.2,0.2,-8.0412,False,all_direct,-1.9051,0.109
128,v3,v7,20.0,80.0,30.0,0.6,0.4,0.6,-15.2659,True,all_direct,-9.1272,0.1084
128,v3,v11,20.0,80.0,0.0,0.6,0.4,0.0,-10.4494,True,all_direct,-4.3115,0.1021
128,v3,v8,20.0,80.06,0.0,0.6,0.4003,0.0,-10.4543,True,all_direct,-4.3162,0.1002
128,v3,v4,20.0,110.04,30.0,0.6,0.5502,0.6,-17.4813,True,all_direct,-11.3443,0.1006
128,v4,v7,40.0,30.15,0.0,1.0,0.1507,0.0,16.3315,False,all_direct,22.4681,0.95
128,v4,v11,40.0,30.15,30.0,1.0,0.1507,0.6,11.515,False,all_direct,17.6526,0.8715
128,v4,v15,40.0,70.06,40.0,1.0,0.3503,0.8,4.8803,True,all_direct,11.0191,0.4541
128,v4,v3,40.0,110.04,30.0,1.0,0.5502,0.6,2.5187,True,all_direct,8.6559,0.2807
128,v4,v8,40.0,190.0,30.0,1.0,0.95,0.6,-1.2765,True,all_direct,4.8616,0.1617
129,v1,v5,40.0,60.0,0.0,1.0,0.3,0.0,11.5496,False,all_direct,17.688,0.8764
129,v1,v13,40.0,60.0,0.0,1.0,0.3,0.0,11.5496,False,all_direct,17.6858,0.8824
129,v1,v6,40.0,130.03,30.0,1.0,0.6502,0.6,1.3586,True,all_direct,7.497,0.2174
129,v3,v7,20.0,50.0,20.0,0.6,0.25,0.4,-11.0005,True,all_direct,-4.8611,0.1037
129,v3,v15,20.0,50.0,10.0,0.6,0.25,0.2,-9.5918,False,all_direct,-3.4548,0.108
129,v3,v11,20.0,80.0,40.0,0.6,0.4,0.8,-16.0412,True,all_direct,-9.904,0.1271
129,v3,v4,20.0,80.06,40.0,0.6,0.4003,0.8,-16.0461,True,all_direct,-9.908,0.1088
129,v3,v8,20.0,80.06,40.0,0.6,0.4003,0.8,-16.0461,True,all_direct,-9.9096,0.127
129,v4,v11,40.0,3.0,0.0,1.0,0.015,0.0,32.3661,False,all_direct,38.5035,0.9916
129,v4,v7,40.0,30.15,20.0,1.0,0.1507,0.4,12.5145,False,all_direct,18.6513,0.8975
129,v4,v15,40.0,30.15,30.0,1.0,0.1507,0.6,11.515,False,all_direct,17.6537,0.8652
129,v4,v3,40.0,80.06,40.0,1.0,0.4003,0.8,3.9539,True,all_direct,10.0921,0.3777
129,v4,v8,40.0,160.0,0.0,1.0,0.8,0.0,4.7341,True,all_direct,10.8719,0.4355
130,v1,v5,40.0,60.0,10.0,1.0,0.3,0.2,9.1413,False,all_direct,15.2785,0.7871
130,v1,v13,40.0,60.0,20.0,1.0,0.3,0.4,7.7326,False,all_direct,13.871,0.6947
130,v1,v6,40.0,100.04,20.0,1.0,0.5002,0.4,4.1799,False,all_direct,10.3177,0.3969
130,v3,v7,20.0,30.0,10.0,0.6,0.15,0.2,-6.0422,False,all_direct,0.0956,0.1271
130,v3,v11,20.0,40.0,0.0,0.6,0.2,0.0,-5.633,False,all_direct,0.5044,0.1207
130,v3,v15,20.0,40.0,30.0,0.6,0.2,0.6,-10.4494,True,all_direct,-4.3116,0.0982
130,v3,v4,20.0,40.11,30.0,0.6,0.2006,0.6,-10.4689,True,all_direct,-4.3304,0.0973
130,v3,v8,20.0,120.04,30.0,0.6,0.6002,0.6,-18.0856,True,all_direct,-11.9473,0.1164
130,v4,v11,40.0,3.0,30.0,1.0,0.015,0.6,27.5496,False,all_direct,33.6865,0.9902
130,v4,v15,40.0,3.0,0.0,1.0,0.015,0.0,32.3661,False,all_direct,38.5033,0.9941
130,v4,v7,40.0,10.44,20.0,1.0,0.0522,0.4,19.8836,False,all_direct,26.023,0.977
130,v4,v3,40.0,40.11,30.0,1.0,0.2006,0.6,9.5311,False,all_direct,15.667,0.7979
130,v4,v8,40.0,160.0,0.0,1.0,0.8,0.0,4.7341,True,all_direct,10.8714,0.4324
131,v1,v5,40.0,50.0,10.0,1.0,0.25,0.2,10.4082,False,all_direct,16.5446,0.8352
131,v1,v13,40.0,80.0,0.0,1.0,0.4,0.0,9.5506,False,all_direct,15.6888,0.7914
131,v1,v6,40.0,120.04,20.0,1.0,0.6002,0.4,2.914,False,all_direct,9.054,0.2961
131,v3,v15,20.0,10.0,0.0,0.6,0.05,0.0,4.0,False,all_direct,10.138,0.3818
131,v3,v4,20.0,10.44,0.0,0.6,0.0522,0.0,3.7006,False,all_direct,9.8389,0.3541
131,v3,v7,20.0,20.0,0.0,0.6,0.1,0.0,-0.8165,False,all_direct,5.3212,0.1633
131,v3,v11,20.0,40.0,10.0,0.6,0.2,0.2,-8.0412,False,all_direct,-1.9044,0.1139
131,v3,v8,20.0,150.03,10.0,0.6,0.7501,0.2,-17.2271,True,all_direct,-11.0888,0.1084
131,v4,v15,40.0,3.0,0.0,1.0,0.015,0.0,32.3661,False,all_direct,38.5048,0.9951
131,v4,v3,40.0,10.44,0.0,1.0,0.0522,0.0,23.7006,False,all_direct,29.8374,0.9838
131,v4,v7,40.0,10.44,0.0,1.0,0.0522,0.0,23.7006,False,all_direct,29.8343,0.9883
131,v4,v11,40.0,30.15,10.0,1.0,0.1507,0.2,13.9232,False,all_direct,20.0628,0.9299
131,v4,v8,40.0,160.0,10.0,1.0,0.8,0.2,2.3258,True,all_direct,8.4632,0.2621
132,v1,v5,40.0,60.0,30.0,1.0,0.3,0.6,6.7331,False,all_direct,12.871,0.617
132,v1,v13,40.0,80.0,10.0,1.0,0.4,0.2,7.1423,False,all_direct,13.2798,0.6529
132,v1,v6,40.0,140.03,0.0,1.0,0.7002,0.0,5.6604,False,all_direct,11.7976,0.5199
132,v3,v15,20.0,10.0,10.0,0.6,0.05,0.2,1.5918,False,all_direct,7.7303,0.2264
132,v3,v4,20.0,10.44,10.0,0.6,0.0522,0.2,1.2923,False,all_direct,7.4301,0.2166
132,v3,v7,20.0,20.0,30.0,0.6,0.1,0.6,-5.633,True,all_direct,0.5033,0.126
132,v3,v11,20.0,30.0,0.0,0.6,0.15,0.0,-3.6339,False,all_direct,2.5033,0.1379
132,v3,v8,20.0,140.03,10.0,0.6,0.7002,0.2,-16.7479,True,all_direct,-10.6109,0.1172
132,v4,v15,40.0,3.0,0.0,1.0,0.015,0.0,32.3661,False,all_direct,38.5027,0.9932
132,v4,v3,40.0,10.44,10.0,1.0,0.0522,0.2,21.2923,False,all_direct,27.4315,0.9818
132,v4,v7,40.0,10.44,20.0,1.0,0.0522,0.4,19.8836,False,all_direct,26.0211,0.9721
132,v4,v11,40.0,20.22,10.0,1.0,0.1011,0.2,16.698,False,all_direct,22.8361,0.957
132,v4,v8,40.0,150.0,0.0,1.0,0.75,0.0,5.1825,False,all_direct,11.3219,0.4719
133,v1,v13,40.0,70.0,20.0,1.0,0.35,0.4,6.6615,False,all_direct,12.8,0.6158
133,v1,v5,40.0,90.0,0.0,1.0,0.45,0.0,8.7321,False,all_direct,14.8716,0.7648
133,v1,v6,40.0,140.03,20.0,1.0,0.7002,0.4,1.8434,True,all_direct,7.983,0.2346
133,v3,v15,20.0,20.0,20.0,0.6,0.1,0.4,-4.6334,True,all_direct,1.5042,0.1369
133,v3,v4,20.0,20.22,30.0,0.6,0.1011,0.6,-5.7103,True,all_direct,0.4288,0.1256
133,v3,v11,20.0,30.0,30.0,0.6,0.15,0.6,-8.4504,True,all_direct,-2.313,0.1055
133,v3,v7,20.0,50.0,10.0,0.6,0.25,0.2,-9.5918,False,all_direct,-3.4539,0.1051
133,v3,v19,20.0,120.0,30.0,0.6,0.6,0.6,-18.0834,True,all_direct,-11.9455,0.1188
133,v4,v15,40.0,3.0,10.0,1.0,0.015,0.2,29.9578,False,all_direct,36.0953,0.9922
133,v4,v11,40.0,10.44,0.0,1.0,0.0522,0.0,23.7006,False,all_direct,29.8391,0.9828
133,v4,v3,40.0,20.22,30.0,1.0,0.1011,0.6,14.2897,False,all_direct,20.4267,0.9307
133,v4,v7,40.0,30.15,20.0,1.0,0.1507,0.4,12.5145,False,all_direct,18.6517,0.898
133,v4,v19,40.0,140.03,0.0,1.0,0.7002,0.0,5.6604,False,all_direct,11.7973,0.5238
134,v1,v13,40.0,50.0,0.0,1.0,0.25,0.0,12.8165,False,all_direct,18.9522,0.9068
134,v1,v5,40.0,90.0,0.0,1.0,0.45,0.0,8.7321,False,all_direct,14.8717,0.7596
134,v1,v6,40.0,120.04,20.0,1.0,0.6002,0.4,2.914,False,all_direct,9.0509,0.2965
134,v3,v15,20.0,40.0,30.0,0.6,0.2,0.6,-10.4494,True,all_direct,-4.3122,0.1051
134,v3,v4,20.0,50.09,10.0,0.6,0.2504,0.2,-9.6042,False,all_direct,-3.4685,0.1002
134,v3,v7,20.0,60.0,30.0,0.6,0.3,0.6,-13.2669,True,all_direct,-7.1279,0.092
134,v3,v11,20.0,60.0,10.0,0.6,0.3,0.2,-10.8587,True,all_direct,-4.7213,0.1041
134,v3,v19,20.0,90.0,30.0,0.6,0.45,0.6,-16.0844,True,all_direct,-9.9475,0.1262
134,v4,v7,40.0,10.44,20.0,1.0,0.0522,0.4,19.8836,False,all_direct,26.0212,0.976
134,v4,v11,40.0,10.44,0.0,1.0,0.0522,0.0,23.7006,False,all_direct,29.8376,0.9848
134,v4,v15,40.0,10.44,20.0,1.0,0.0522,0.4,19.8836,False,all_direct,26.0211,0.9721
134,v4,v3,40.0,50.09,10.0,1.0,0.2504,0.2,10.3958,False,all_direct,16.5321,0.84
134,v4,v19,40.0,140.03,20.0,1.0,0.7002,0.4,1.8434,True,all_direct,7.9826,0.2465
135,v1,v13,40.0,50.0,10.0,1.0,0.25,0.2,10.4082,False,all_direct,16.5424,0.8414
135,v1,v5,40.0,90.0,10.0,1.0,0.45,0.2,6.3239,False,all_direct,12.4585,0.5797
135,v1,v6,40.0,140.03,30.0,1.0,0.7002,0.6,0.8439,True,all_direct,6.9823,0.2115
135,v3,v19,20.0,60.0,10.0,0.6,0.3,0.2,-10.8587,True,all_direct,-4.7204,0.1002
135,v3,v4,20.0,60.07,10.0,0.6,0.3004,0.2,-10.8673,True,all_direct,-4.7308,0.1041
135,v3,v11,20.0,70.0,10.0,0.6,0.35,0.2,-11.9298,True,all_direct,-5.7921,0.0988
135,v3,v15,20.0,70.0,20.0,0.6,0.35,0.4,-13.3385,True,all_direct,-7.1992,0.0979
135,v3,v7,20.0,90.0,10.0,0.6,0.45,0.2,-13.6761,True,all_direct,-7.5389,0.1059
135,v4,v11,40.0,10.44,0.0,1.0,0.0522,0.0,23.7006,False,all_direct,29.837,0.9877
135,v4,v15,40.0,10.44,30.0,1.0,0.0522,0.6,18.8841,False,all_direct,25.021,0.9682
135,v4,v7,40.0,30.15,20.0,1.0,0.1507,0.4,12.5145,False,all_direct,18.652,0.8965
135,v4,v3,40.0,60.07,10.0,1.0,0.3004,0.2,9.1327,False,all_direct,15.271,0.7824
135,v4,v19,40.0,120.04,0.0,1.0,0.6002,0.0,6.7309,False,all_direct,12.8687,0.6098
136,v1,v13,40.0,60.0,0.0,1.0,0.3,0.0,11.5496,False,all_direct,17.688,0.8695
136,v1,v5,40.0,100.0,20.0,1.0,0.5,0.4,4.183,False,all_direct,10.3196,0.3959
136,v1,v6,40.0,170.03,20.0,1.0,0.8501,0.4,0.4948,True,all_direct,6.6332,0.1951
136,v3,v4,20.0,50.09,20.0,0.6,0.2504,0.4,-11.013,True,all_direct,-4.8741,0.1012
136,v3,v11,20.0,60.0,0.0,0.6,0.3,0.0,-8.4504,True,all_direct,-2.3111,0.1064
136,v3,v19,20.0,70.0,10.0,0.6,0.35,0.2,-11.9298,True,all_direct,-5.7928,0.1002
136,v3,v15,20.0,90.0,0.0,0.6,0.45,0.0,-11.2679,True,all_direct,-5.1284,0.1008
136,v3,v7,20.0,100.0,30.0,0.6,0.5,0.6,-16.8165,True,all_direct,-10.6769,0.1154
136,v4,v11,40.0,10.44,20.0,1.0,0.0522,0.4,19.8836,False,all_direct,26.0219,0.976
136,v4,v15,40.0,40.11,20.0,1.0,0.2006,0.4,10.5306,False,all_direct,16.6686,0.8471
136,v4,v3,40.0,50.09,20.0,1.0,0.2504,0.4,8.987,False,all_direct,15.125,0.7689
136,v4,v7,40.0,50.09,10.0,1.0,0.2504,0.2,10.3958,False,all_direct,16.5348,0.8381
136,v4,v19,40.0,120.04,10.0,1.0,0.6002,0.2,4.3227,False,all_direct,10.4585,0.3963
137,v1,v13,40.0,60.0,20.0,1.0,0.3,0.4,7.7326,False,all_direct,13.8689,0.6844
137,v1,v5,40.0,120.0,10.0,1.0,0.6,0.2,4.3249,False,all_direct,10.4634,0.402
137,v1,v6,40.0,190.02,10.0,1.0,0.9501,0.2,1.1308,True,all_direct,7.2687,0.2189
137,v3,v4,20.0,30.15,0.0,0.6,0.1507,0.0,-3.6685,False,all_direct,2.4705,0.1398
137,v3,v11,20.0,60.0,10.0,0.6,0.3,0.2,-10.8587,True,all_direct,-4.7208,0.0953
137,v3,v7,20.0,70.0,20.0,0.6,0.35,0.4,-13.3385,True,all_direct,-7.2022,0.1027
137,v3,v19,20.0,80.0,10.0,0.6,0.4,0.2,-12.8577,True,all_direct,-6.723,0.0969
137,v3,v15,20.0,90.0,0.0,0.6,0.45,0.0,-11.2679,True,all_direct,-5.129,0.0947
137,v4,v3,40.0,30.15,0.0,1.0,0.1507,0.0,16.3315,False,all_direct,22.4705,0.952
137,v4,v11,40.0,30.15,10.0,1.0,0.1507,0.2,13.9232,False,all_direct,20.0581,0.9273
137,v4,v7,40.0,40.11,20.0,1.0,0.2006,0.4,10.5306,False,all_direct,16.6673,0.851
137,v4,v15,40.0,60.07,0.0,1.0,0.3004,0.0,11.5409,False,all_direct,17.6764,0.8775
137,v4,v19,40.0,110.04,10.0,1.0,0.5502,0.2,4.9269,False,all_direct,11.066,0.4576
138,v1,v13,40.0,80.0,40.0,1.0,0.4,0.8,3.9588,True,all_direct,10.0975,0.385
138,v1,v5,40.0,130.0,40.0,1.0,0.65,0.8,0.5851,True,all_direct,6.722,0.1949
138,v3,v4,20.0,30.15,0.0,0.6,0.1507,0.0,-3.6685,False,all_direct,2.4692,0.1334
138,v3,v11,20.0,70.0,30.0,0.6,0.35,0.6,-14.338,True,all_direct,-8.2002,0.1049
138,v3,v7,20.0,90.0,20.0,0.6,0.45,0.4,-15.0849,True,all_direct,-8.9456,0.1211
138,v3,v15,20.0,90.0,10.0,0.6,0.45,0.2,-13.6761,True,all_direct,-7.5397,0.1082
138,v3,v19,20.0,90.0,10.0,0.6,0.45,0.2,-13.6761,True,all_direct,-7.5402,0.0959
138,v4,v3,40.0,30.15,0.0,1.0,0.1507,0.0,16.3315,False,all_direct,22.4702,0.9535
138,v4,v11,40.0,40.11,30.0,1.0,0.2006,0.6,9.5311,False,all_direct,15.6703,0.8137
138,v4,v7,40.0,60.07,20.0,1.0,0.3004,0.4,7.7239,False,all_direct,13.8608,0.6994
138,v4,v15,40.0,60.07,10.0,1.0,0.3004,0.2,9.1327,False,all_direct,15.2711,0.7777
138,v4,v19,40.0,120.04,10.0,1.0,0.6002,0.2,4.3227,False,all_direct,10.4611,0.4053
139,v1,v13,40.0,40.0,30.0,1.0,0.2,0.6,9.5506,False,all_direct,15.6896,0.8043
139,v1,v5,40.0,90.0,20.0,1.0,0.45,0.4,4.9151,False,all_direct,11.0527,0.4563
139,v1,v6,40.0,170.03,10.0,1.0,0.8501,0.2,1.9035,True,all_direct,8.0429,0.2475
139,v3,v4,20.0,30.15,10.0,0.6,0.1507,0.2,-6.0768,False,all_direct,0.0605,0.1291
139,v3,v11,20.0,40.0,20.0,0.6,0.2,0.4,-9.4499,True,all_direct,-3.3122,0.1021
139,v3,v7,20.0,70.0,10.0,0.6,0.35,0.2,-11.9298,True,all_direct,-5.7903,0.108
139,v3,v15,20.0,80.0,20.0,0.6,0.4,0.4,-14.2664,True,all_direct,-8.1284,0.1039
139,v3,v19,20.0,100.0,20.0,0.6,0.5,0.4,-15.817,True,all_direct,-9.6793,0.1244
139,v4,v11,40.0,10.44,30.0,1.0,0.0522,0.6,18.8841,False,all_direct,25.0219,0.9701
139,v4,v3,40.0,30.15,10.0,1.0,0.1507,0.2,13.9232,False,all_direct,20.0617,0.9221
139,v4,v7,40.0,40.11,20.0,1.0,0.2006,0.4,10.5306,False,all_direct,16.6685,0.843
139,v4,v15,40.0,50.09,10.0,1.0,0.2504,0.2,10.3958,False,all_direct,16.535,0.8281
139,v4,v19,40.0,130.03,10.0,1.0,0.6502,0.2,3.7668,False,all_direct,9.9041,0.3566
140,v1,v13,40.0,70.0,40.0,1.0,0.35,0.8,4.8867,True,all_direct,11.0241,0.4572
140,v1,v5,40.0,110.0,20.0,1.0,0.55,0.4,3.5207,False,all_direct,9.6582,0.341
140,v1,v6,40.0,160.03,0.0,1.0,0.8001,0.0,4.7329,True,all_direct,10.8725,0.4406
140,v3,v4,20.0,20.22,10.0,0.6,0.1011,0.2,-3.302,False,all_direct,2.8358,0.1359
140,v3,v11,20.0,60.0,40.0,0.6,0.3,0.8,-14.0422,True,all_direct,-7.9046,0.1119
140,v3,v15,20.0,60.0,10.0,0.6,0.3,0.2,-10.8587,True,all_direct,-4.7226,0.0992
140,v3,v7,20.0,80.0,0.0,0.6,0.4,0.0,-10.4494,True,all_direct,-4.3106,0.1041
140,v3,v19,20.0,120.0,20.0,0.6,0.6,0.4,-17.0839,True,all_direct,-10.9465,0.1074
140,v4,v3,40.0,20.22,10.0,1.0,0.1011,0.2,16.698,False,all_direct,22.8362,0.9559
140,v4,v11,40.0,40.11,30.0,1.0,0.2006,0.6,9.5311,False,all_direct,15.6697,0.7945
140,v4,v15,40.0,40.11,0.0,1.0,0.2006,0.0,14.3476,False,all_direct,20.4852,0.9318
140,v4,v7,40.0,60.07,10.0,1.0,0.3004,0.2,9.1327,False,all_direct,15.2695,0.7824
140,v4,v19,40.0,140.03,10.0,1.0,0.7002,0.2,3.2521,False,all_direct,9.3912,0.3141
141,v1,v13,40.0,30.0,20.0,1.0,0.15,0.4,12.5491,False,all_direct,18.6871,0.9
141,v1,v5,40.0,90.0,10.0,1.0,0.45,0.2,6.3239,False,all_direct,12.4627,0.5879
141,v1,v6,40.0,160.03,20.0,1.0,0.8001,0.4,0.9159,True,all_direct,7.0539,0.2078
141,v3,v4,20.0,10.44,10.0,0.6,0.0522,0.2,1.2923,False,all_direct,7.4313,0.2215
141,v3,v11,20.0,20.0,30.0,0.6,0.1,0.6,-5.633,True,all_direct,0.5059,0.1221
141,v3,v15,20.0,50.0,20.0,0.6,0.25,0.4,-11.0005,True,all_direct,-4.8634,0.1037
141,v3,v7,20.0,80.0,40.0,0.6,0.4,0.8,-16.0412,True,all_direct,-9.9035,0.117
141,v3,v19,20.0,140.0,20.0,0.6,0.7,0.4,-18.155,True,all_direct,-12.0175,0.1307
141,v4,v3,40.0,10.44,10.0,1.0,0.0522,0.2,21.2923,False,all_direct,27.4322,0.9785
141,v4,v11,40.0,10.44,20.0,1.0,0.0522,0.4,19.8836,False,all_direct,26.0227,0.9795
141,v4,v15,40.0,40.11,10.0,1.0,0.2006,0.2,11.9393,False,all_direct,18.0771,0.8848
141,v4,v7,40.0,70.06,30.0,1.0,0.3503,0.6,5.6556,False,all_direct,11.7943,0.5303
141,v4,v19,40.0,150.03,10.0,1.0,0.7501,0.2,2.7729,False,all_direct,8.9111,0.2912
142,v1,v13,40.0,10.0,0.0,1.0,0.05,0.0,24.0,False,all_direct,30.1367,0.9863
142,v1,v5,40.0,100.0,10.0,1.0,0.5,0.2,5.5918,False,all_direct,11.7299,0.5316
142,v1,v6,40.0,180.02,30.0,1.0,0.9001,0.6,-0.9018,True,all_direct,5.2367,0.1648
142,v3,v4,20.0,3.0,0.0,0.6,0.015,0.0,12.3661,False,all_direct,18.5038,0.9023
142,v3,v11,20.0,10.0,20.0,0.6,0.05,0.4,0.183,True,all_direct,6.3217,0.1916
142,v3,v15,20.0,30.0,10.0,0.6,0.15,0.2,-6.0422,False,all_direct,0.0949,0.1221
142,v3,v7,20.0,40.0,10.0,0.6,0.2,0.2,-8.0412,False,all_direct,-1.8995,0.11
142,v3,v8,20.0,150.03,10.0,0.6,0.7501,0.2,-17.2271,True,all_direct,-11.0877,0.1127
142,v4,v3,40.0,3.0,0.0,1.0,0.015,0.0,32.3661,False,all_direct,38.5024,0.9951
142,v4,v11,40.0,10.44,20.0,1.0,0.0522,0.4,19.8836,False,all_direct,26.0222,0.9705
142,v4,v15,40.0,30.15,10.0,1.0,0.1507,0.2,13.9232,False,all_direct,20.0603,0.9221
142,v4,v7,40.0,40.11,10.0,1.0,0.2006,0.2,11.9393,False,all_direct,18.0777,0.8887
142,v4,v8,40.0,150.0,10.0,1.0,0.75,0.2,2.7743,False,all_direct,8.9102,0.2932
143,v1,v13,40.0,10.0,0.0,1.0,0.05,0.0,24.0,False,all_direct,30.1386,0.9838
143,v1,v5,40.0,110.0,30.0,1.0,0.55,0.6,2.5212,True,all_direct,8.6596,0.2738
143,v3,v4,20.0,3.0,40.0,0.6,0.015,0.8,6.7743,True,all_direct,12.9111,0.6133
143,v3,v11,20.0,10.0,40.0,0.6,0.05,0.8,-1.5918,True,all_direct,4.5467,0.1561
143,v3,v15,20.0,20.0,40.0,0.6,0.1,0.8,-6.4082,True,all_direct,-0.2705,0.1162
143,v3,v7,20.0,30.0,0.0,0.6,0.15,0.0,-3.6339,False,all_direct,2.503,0.1447
143,v3,v19,20.0,140.0,30.0,0.6,0.7,0.6,-19.1545,True,all_direct,-13.0152,0.1137
143,v4,v3,40.0,3.0,40.0,1.0,0.015,0.8,26.7743,True,all_direct,32.9125,0.9906
143,v4,v11,40.0,10.44,0.0,1.0,0.0522,0.0,23.7006,False,all_direct,29.8366,0.9893
143,v4,v15,40.0,20.22,0.0,1.0,0.1011,0.0,19.1062,False,all_direct,25.2441,0.9695
143,v4,v7,40.0,30.15,40.0,1.0,0.1507,0.8,10.7397,True,all_direct,16.8768,0.858
143,v4,v19,40.0,140.03,10.0,1.0,0.7002,0.2,3.2521,False,all_direct,9.3884,0.3217
144,v1,v13,40.0,10.0,0.0,1.0,0.05,0.0,24.0,False,all_direct,30.1378,0.9906
144,v1,v5,40.0,140.0,0.0,1.0,0.7,0.0,5.662,False,all_direct,11.8015,0.5197
144,v3,v15,20.0,20.0,40.0,0.6,0.1,0.8,-6.4082,True,all_direct,-0.2704,0.1281
144,v3,v7,20.0,30.0,10.0,0.6,0.15,0.2,-6.0422,False,all_direct,0.0957,0.1227
144,v3,v11,20.0,30.0,20.0,0.6,0.15,0.4,-7.4509,True,all_direct,-1.3142,0.1129
144,v3,v4,20.0,40.11,20.0,0.6,0.2006,0.4,-9.4694,True,all_direct,-3.3304,0.0996
144,v3,v19,20.0,170.0,30.0,0.6,0.85,0.6,-20.5037,True,all_direct,-14.3639,0.1094
144,v4,v11,40.0,10.44,0.0,1.0,0.0522,0.0,23.7006,False,all_direct,29.8372,0.9848
144,v4,v15,40.0,20.22,20.0,1.0,0.1011,0.4,15.2892,False,all_direct,21.4263,0.9451
144,v4,v3,40.0,40.11,20.0,1.0,0.2006,0.4,10.5306,False,all_direct,16.6693,0.8416
144,v4,v7,40.0,70.06,10.0,1.0,0.3503,0.2,8.0638,False,all_direct,14.2023,0.7133
144,v4,v8,40.0,130.0,20.0,1.0,0.65,0.4,2.3599,True,all_direct,8.497,0.259
145,v1,v13,40.0,10.0,20.0,1.0,0.05,0.4,20.183,False,all_direct,26.3208,0.975
145,v1,v5,40.0,140.0,40.0,1.0,0.7,0.8,0.0702,True,all_direct,6.2068,0.1809
145,v3,v11,20.0,10.0,10.0,0.6,0.05,0.2,1.5918,False,all_direct,7.7306,0.2313
145,v3,v15,20.0,20.0,10.0,0.6,0.1,0.2,-3.2247,False,all_direct,2.9142,0.1443
145,v3,v4,20.0,20.22,0.0,0.6,0.1011,0.0,-0.8938,False,all_direct,5.2421,0.173
145,v3,v7,20.0,40.0,20.0,0.6,0.2,0.4,-9.4499,True,all_direct,-3.3123,0.1021
145,v3,v8,20.0,130.03,40.0,0.6,0.6502,0.8,-19.4167,True,all_direct,-13.2805,0.1133
145,v4,v11,40.0,10.44,10.0,1.0,0.0522,0.2,21.2923,False,all_direct,27.4298,0.9789
145,v4,v3,40.0,20.22,0.0,1.0,0.1011,0.0,19.1062,False,all_direct,25.244,0.974
145,v4,v15,40.0,40.11,10.0,1.0,0.2006,0.2,11.9393,False,all_direct,18.0782,0.8912
145,v4,v7,40.0,60.07,20.0,1.0,0.3004,0.4,7.7239,False,all_direct,13.8594,0.6947
145,v4,v8,40.0,110.0,40.0,1.0,0.55,0.8,1.746,True,all_direct,7.883,0.2258
146,v1,v13,40.0,10.0,40.0,1.0,0.05,0.8,18.4082,True,all_direct,24.547,0.9672
146,v1,v5,40.0,100.0,40.0,1.0,0.5,0.8,2.4082,True,all_direct,8.5465,0.2674
146,v1,v6,40.0,180.02,20.0,1.0,0.9001,0.4,0.0977,True,all_direct,6.2359,0.1881
146,v3,v15,20.0,10.0,10.0,0.6,0.05,0.2,1.5918,False,all_direct,7.7307,0.2199
146,v3,v7,20.0,20.0,0.0,0.6,0.1,0.0,-0.8165,False,all_direct,5.3241,0.1715
146,v3,v11,20.0,20.0,10.0,0.6,0.1,0.2,-3.2247,False,all_direct,2.9143,0.1408
146,v3,v4,20.0,20.22,10.0,0.6,0.1011,0.2,-3.302,False,all_direct,2.8361,0.1418
146,v3,v19,20.0,150.0,10.0,0.6,0.75,0.2,-17.2257,True,all_direct,-11.0887,0.1182
146,v4,v11,40.0,3.0,20.0,1.0,0.015,0.4,28.5491,False,all_direct,34.6859,0.9893
146,v4,v3,40.0,20.22,10.0,1.0,0.1011,0.2,16.698,False,all_direct,22.837,0.9598
146,v4,v15,40.0,30.15,0.0,1.0,0.1507,0.0,16.3315,False,all_direct,22.4696,0.95
146,v4,v7,40.0,40.11,10.0,1.0,0.2006,0.2,11.9393,False,all_direct,18.0768,0.8887
146,v4,v19,40.0,130.03,20.0,1.0,0.6502,0.4,2.3581,True,all_direct,8.4973,0.2586
147,v1,v13,40.0,30.0,10.0,1.0,0.15,0.2,13.9578,False,all_direct,20.0976,0.9275
147,v1,v5,40.0,140.0,20.0,1.0,0.7,0.4,1.845,True,all_direct,7.9835,0.2451
147,v3,v15,20.0,0.0,10.0,0.6,0.0,0.2,33.5918,False,all_direct,39.7287,0.9971
147,v3,v11,20.0,10.0,10.0,0.6,0.05,0.2,1.5918,False,all_direct,7.7289,0.2391
147,v3,v7,20.0,20.0,30.0,0.6,0.1,0.6,-5.633,True,all_direct,0.5039,0.1211
147,v3,v4,20.0,30.15,20.0,0.6,0.1507,0.4,-7.4855,True,all_direct,-1.3474,0.1188
147,v3,v19,20.0,140.0,20.0,0.6,0.7,0.4,-18.155,True,all_direct,-12.0168,0.1047
147,v4,v11,40.0,20.22,30.0,1.0,0.1011,0.6,14.2897,False,all_direct,20.4272,0.9227
147,v4,v3,40.0,30.15,20.0,1.0,0.1507,0.4,12.5145,False,all_direct,18.6544,0.9088
147,v4,v15,40.0,30.15,30.0,1.0,0.1507,0.6,11.515,False,all_direct,17.651,0.8807
147,v4,v7,40.0,50.09,10.0,1.0,0.2504,0.2,10.3958,False,all_direct,16.532,0.8416
147,v4,v19,40.0,110.04,0.0,1.0,0.5502,0.0,7.3351,False,all_direct,13.472,0.6635
148,v1,v13,40.0,20.0,0.0,1.0,0.1,0.0,19.1835,False,all_direct,25.3216,0.9691
148,v1,v5,40.0,120.0,20.0,1.0,0.6,0.4,2.9161,False,all_direct,9.0521,0.2969
148,v1,v6,40.0,170.03,10.0,1.0,0.8501,0.2,1.9035,True,all_direct,8.0421,0.2449
148,v3,v15,20.0,10.0,10.0,0.6,0.05,0.2,1.5918,False,all_direct,7.7314,0.2283
148,v3,v4,20.0,10.44,30.0,0.6,0.0522,0.6,-1.1159,True,all_direct,5.0235,0.1568
148,v3,v11,20.0,20.0,20.0,0.6,0.1,0.4,-4.6334,True,all_direct,1.5046,0.1291
148,v3,v7,20.0,50.0,10.0,0.6,0.25,0.2,-9.5918,False,all_direct,-3.4531,0.1047
148,v3,v19,20.0,120.0,20.0,0.6,0.6,0.4,-17.0839,True,all_direct,-10.9459,0.1139
148,v4,v15,40.0,3.0,20.0,1.0,0.015,0.4,28.5491,False,all_direct,34.6863,0.9902
148,v4,v3,40.0,10.44,30.0,1.0,0.0522,0.6,18.8841,False,all_direct,25.0209,0.9695
148,v4,v11,40.0,10.44,10.0,1.0,0.0522,0.2,21.2923,False,all_direct,27.4284,0.9795
148,v4,v7,40.0,60.07,40.0,1.0,0.3004,0.8,5.9491,True,all_direct,12.0873,0.543
148,v4,v8,40.0,110.0,40.0,1.0,0.55,0.8,1.746,True,all_direct,7.8811,0.2326
149,v1,v13,40.0,20.0,10.0,1.0,0.1,0.2,16.7753,False,all_direct,22.9111,0.9604
149,v1,v5,40.0,100.0,20.0,1.0,0.5,0.4,4.183,False,all_direct,10.3195,0.4076
149,v1,v6,40.0,180.02,0.0,1.0,0.9001,0.0,3.9147,True,all_direct,10.0532,0.3852
149,v3,v15,20.0,20.0,10.0,0.6,0.1,0.2,-3.2247,False,all_direct,2.9096,0.1463
149,v3,v11,20.0,40.0,20.0,0.6,0.2,0.4,-9.4499,True,all_direct,-3.3134,0.1002
149,v3,v4,20.0,40.11,10.0,0.6,0.2006,0.2,-8.0607,False,all_direct,-1.9221,0.1129
149,v3,v7,20.0,60.0,0.0,0.6,0.3,0.0,-8.4504,True,all_direct,-2.3118,0.1012
149,v3,v8,20.0,110.04,10.0,0.6,0.5502,0.2,-15.0731,True,all_direct,-8.9342,0.1123
149,v4,v11,40.0,3.0,10.0,1.0,0.015,0.2,29.9578,False,all_direct,36.0936,0.9932
149,v4,v15,40.0,20.22,20.0,1.0,0.1011,0.4,15.2892,False,all_direct,21.4261,0.9457
149,v4,v3,40.0,40.11,10.0,1.0,0.2006,0.2,11.9393,False,all_direct,18.0778,0.8955
149,v4,v8,40.0,70.0,20.0,1.0,0.35,0.4,6.6615,False,all_direct,12.7984,0.5982
149,v4,v7,40.0,100.04,10.0,1.0,0.5002,0.2,5.5886,False,all_direct,11.7262,0.5094
150,v1,v13,40.0,10.0,10.0,1.0,0.05,0.2,21.5918,False,all_direct,27.7302,0.9795
150,v1,v5,40.0,120.0,0.0,1.0,0.6,0.0,6.7331,False,all_direct,12.8682,0.6053
150,v1,v6,40.0,180.02,10.0,1.0,0.9001,0.2,1.5064,True,all_direct,7.6446,0.2367
150,v3,v11,20.0,20.0,20.0,0.6,0.1,0.4,-4.6334,True,all_direct,1.5034,0.1357
150,v3,v15,20.0,30.0,0.0,0.6,0.15,0.0,-3.6339,False,all_direct,2.5028,0.1389
150,v3,v4,20.0,30.15,10.0,0.6,0.1507,0.2,-6.0768,False,all_direct,0.0605,0.1232
150,v3,v7,20.0,60.0,20.0,0.6,0.3,0.4,-12.2674,True,all_direct,-6.1275,0.1008
150,v3,v8,20.0,120.04,10.0,0.6,0.6002,0.2,-15.6773,True,all_direct,-9.5406,0.1074
150,v4,v15,40.0,3.0,10.0,1.0,0.015,0.2,29.9578,False,all_direct,36.0959,0.9961
150,v4,v11,40.0,10.44,10.0,1.0,0.0522,0.2,21.2923,False,all_direct,27.4286,0.9789
150,v4,v3,40.0,30.15,10.0,1.0,0.1507,0.2,13.9232,False,all_direct,20.0592,0.9301
150,v4,v8,40.0,90.0,0.0,1.0,0.45,0.0,8.7321,False,all_direct,14.869,0.7557
150,v4,v7,40.0,90.05,10.0,1.0,0.4502,0.2,6.32,False,all_direct,12.4578,0.5693
151,v1,v13,40.0,20.0,20.0,1.0,0.1,0.4,15.3666,False,all_direct,21.5018,0.9367
151,v1,v5,40.0,120.0,0.0,1.0,0.6,0.0,6.7331,False,all_direct,12.8724,0.625
151,v1,v6,40.0,170.03,20.0,1.0,0.8501,0.4,0.4948,True,all_direct,6.6321,0.199
151,v3,v15,20.0,30.0,10.0,0.6,0.15,0.2,-6.0422,False,all_direct,0.0968,0.1178
151,v3,v7,20.0,40.0,20.0,0.6,0.2,0.4,-9.4499,True,all_direct,-3.3136,0.1037
151,v3,v11,20.0,40.0,10.0,0.6,0.2,0.2,-8.0412,False,all_direct,-1.9042,0.1148
151,v3,v4,20.0,40.11,10.0,0.6,0.2006,0.2,-8.0607,False,all_direct,-1.9223,0.107
151,v3,v19,20.0,130.0,10.0,0.6,0.65,0.2,-16.2313,True,all_direct,-10.0944,0.1197
151,v4,v11,40.0,3.0,20.0,1.0,0.015,0.4,28.5491,False,all_direct,34.6875,0.9873
151,v4,v15,40.0,10.44,20.0,1.0,0.0522,0.4,19.8836,False,all_direct,26.021,0.9701
151,v4,v3,40.0,40.11,10.0,1.0,0.2006,0.2,11.9393,False,all_direct,18.0756,0.8848
151,v4,v7,40.0,80.06,10.0,1.0,0.4003,0.2,7.1374,False,all_direct,13.275,0.6377
151,v4,v8,40.0,90.0,20.0,1.0,0.45,0.4,4.9151,False,all_direct,11.0529,0.4463
152,v1,v13,40.0,40.0,20.0,1.0,0.2,0.4,10.5501,False,all_direct,16.6877,0.8355
152,v1,v5,40.0,120.0,0.0,1.0,0.6,0.0,6.7331,False,all_direct,12.8735,0.6076
152,v1,v6,40.0,190.02,20.0,1.0,0.9501,0.4,-0.2779,True,all_direct,5.8593,0.1779
152,v3,v4,20.0,30.15,10.0,0.6,0.1507,0.2,-6.0768,False,all_direct,0.0626,0.1295
152,v3,v15,20.0,40.0,30.0,0.6,0.2,0.6,-10.4494,True,all_direct,-4.3114,0.1016
152,v3,v11,20.0,50.0,20.0,0.6,0.25,0.4,-11.0005,True,all_direct,-4.8619,0.0973
152,v3,v7,20.0,60.0,20.0,0.6,0.3,0.4,-12.2674,True,all_direct,-6.1293,0.1012
152,v3,v19,20.0,120.0,10.0,0.6,0.6,0.2,-15.6751,True,all_direct,-9.5391,0.1139
152,v4,v15,40.0,10.44,20.0,1.0,0.0522,0.4,19.8836,False,all_direct,26.0198,0.9785
152,v4,v11,40.0,20.22,10.0,1.0,0.1011,0.2,16.698,False,all_direct,22.8366,0.9613
152,v4,v3,40.0,30.15,10.0,1.0,0.1507,0.2,13.9232,False,all_direct,20.0636,0.9369
152,v4,v7,40.0,90.05,10.0,1.0,0.4502,0.2,6.32,False,all_direct,12.4557,0.5857
152,v4,v19,40.0,90.05,0.0,1.0,0.4502,0.0,8.7283,False,all_direct,14.8646,0.7625
153,v1,v13,40.0,20.0,40.0,1.0,0.1,0.8,13.5918,True,all_direct,19.7288,0.9123
153,v1,v5,40.0,120.0,20.0,1.0,0.6,0.4,2.9161,False,all_direct,9.0541,0.3074
153,v1,v6,40.0,170.03,30.0,1.0,0.8501,0.6,-0.5047,True,all_direct,5.6357,0.174
153,v3,v15,20.0,10.0,0.0,0.6,0.05,0.0,4.0,False,all_direct,10.1379,0.3789
153,v3,v4,20.0,20.22,10.0,0.6,0.1011,0.2,-3.302,False,all_direct,2.8378,0.1447
153,v3,v11,20.0,30.0,20.0,0.6,0.15,0.4,-7.4509,True,all_direct,-1.314,0.1113
153,v3,v7,20.0,80.0,40.0,0.6,0.4,0.8,-16.0412,True,all_direct,-9.901,0.1217
153,v3,v19,20.0,110.0,40.0,0.6,0.55,0.8,-18.254,True,all_direct,-12.1168,0.1164
153,v4,v11,40.0,10.44,10.0,1.0,0.0522,0.2,21.2923,False,all_direct,27.4283,0.9789
153,v4,v15,40.0,10.44,10.0,1.0,0.0522,0.2,21.2923,False,all_direct,27.4318,0.9834
153,v4,v3,40.0,20.22,10.0,1.0,0.1011,0.2,16.698,False,all_direct,22.8363,0.9676
153,v4,v19,40.0,90.05,30.0,1.0,0.4502,0.6,3.9118,True,all_direct,10.0492,0.3826
153,v4,v7,40.0,100.04,30.0,1.0,0.5002,0.6,3.1804,True,all_direct,9.3181,0.318
154,v1,v13,40.0,60.0,10.0,1.0,0.3,0.2,9.1413,False,all_direct,15.2783,0.7832
154,v1,v5,40.0,140.0,20.0,1.0,0.7,0.4,1.845,True,all_direct,7.9836,0.2576
154,v3,v11,20.0,10.0,10.0,0.6,0.05,0.2,1.5918,False,all_direct,7.7324,0.241
154,v3,v15,20.0,10.0,10.0,0.6,0.05,0.2,1.5918,False,all_direct,7.732,0.2389
154,v3,v4,20.0,10.44,20.0,0.6,0.0522,0.4,-0.1164,True,all_direct,6.0205,0.1764
154,v3,v19,20.0,70.0,0.0,0.6,0.35,0.0,-9.5216,True,all_direct,-3.384,0.0963
154,v3,v7,20.0,120.0,20.0,0.6,0.6,0.4,-17.0839,True,all_direct,-10.9467,0.1225
154,v4,v11,40.0,3.0,10.0,1.0,0.015,0.2,29.9578,False,all_direct,36.094,0.9902
154,v4,v15,40.0,3.0,10.0,1.0,0.015,0.2,29.9578,False,all_direct,36.0948,0.9922
154,v4,v3,40.0,10.44,20.0,1.0,0.0522,0.4,19.8836,False,all_direct,26.0214,0.973
154,v4,v19,40.0,60.07,20.0,1.0,0.3004,0.4,7.7239,False,all_direct,13.8607,0.6953
154,v4,v7,40.0,130.03,0.0,1.0,0.6502,0.0,6.1751,False,all_direct,12.313,0.5555
155,v1,v13,40.0,70.0,20.0,1.0,0.35,0.4,6.6615,False,all_direct,12.799,0.6002
155,v1,v5,40.0,160.0,20.0,1.0,0.8,0.4,0.9171,True,all_direct,7.0547,0.2033
155,v3,v11,20.0,0.0,0.0,0.6,0.0,0.0,36.0,False,all_direct,42.1382,0.9961
155,v3,v15,20.0,0.0,30.0,0.6,0.0,0.6,31.1835,True,all_direct,37.3209,0.9951
155,v3,v4,20.0,10.44,20.0,0.6,0.0522,0.4,-0.1164,True,all_direct,6.0211,0.1809
155,v3,v19,20.0,70.0,30.0,0.6,0.35,0.6,-14.338,True,all_direct,-8.2018,0.1068
155,v3,v8,20.0,120.04,0.0,0.6,0.6002,0.0,-13.2691,True,all_direct,-7.1301,0.1076
155,v4,v3,40.0,10.44,20.0,1.0,0.0522,0.4,19.8836,False,all_direct,26.0243,0.9734
155,v4,v11,40.0,10.44,20.0,1.0,0.0522,0.4,19.8836,False,all_direct,26.0208,0.9691
155,v4,v15,40.0,10.44,10.0,1.0,0.0522,0.2,21.2923,False,all_direct,27.4321,0.9795
155,v4,v19,40.0,80.06,10.0,1.0,0.4003,0.2,7.1374,False,all_direct,13.2768,0.6516
155,v4,v8,40.0,130.0,20.0,1.0,0.65,0.4,2.3599,True,all_direct,8.4961,0.2639
156,v1,v13,40.0,90.0,0.0,1.0,0.45,0.0,8.7321,False,all_direct,14.8706,0.7547
156,v1,v5,40.0,140.0,0.0,1.0,0.7,0.0,5.662,False,all_direct,11.8006,0.5193
156,v3,v11,20.0,0.0,20.0,0.6,0.0,0.4,32.183,True,all_direct,38.3217,0.9936
156,v3,v4,20.0,10.44,30.0,0.6,0.0522,0.6,-1.1159,True,all_direct,5.0221,0.1574
156,v3,v15,20.0,30.0,20.0,0.6,0.15,0.4,-7.4509,True,all_direct,-1.3138,0.1178
156,v3,v19,20.0,100.0,20.0,0.6,0.5,0.4,-15.817,True,all_direct,-9.6768,0.1012
156,v3,v8,20.0,120.04,20.0,0.6,0.6002,0.4,-17.086,True,all_direct,-10.9472,0.1205
156,v4,v3,40.0,10.44,30.0,1.0,0.0522,0.6,18.8841,False,all_direct,25.023,0.9725
156,v4,v11,40.0,10.44,10.0,1.0,0.0522,0.2,21.2923,False,all_direct,27.4284,0.9834
156,v4,v15,40.0,20.22,10.0,1.0,0.1011,0.2,16.698,False,all_direct,22.8382,0.9584
156,v4,v19,40.0,90.05,10.0,1.0,0.4502,0.2,6.32,False,all_direct,12.4566,0.5771
156,v4,v8,40.0,110.0,10.0,1.0,0.55,0.2,4.9295,False,all_direct,11.0659,0.4502
157,v1,v13,40.0,90.0,10.0,1.0,0.45,0.2,6.3239,False,all_direct,12.4623,0.5969
157,v1,v5,40.0,140.0,20.0,1.0,0.7,0.4,1.845,True,all_direct,7.9816,0.2537
157,v1,v6,40.0,190.02,20.0,1.0,0.9501,0.4,-0.2779,True,all_direct,5.8619,0.1754
157,v3,v15,20.0,10.0,20.0,0.6,0.05,0.4,0.183,True,all_direct,6.3197,0.1896
157,v3,v11,20.0,20.0,10.0,0.6,0.1,0.2,-3.2247,False,all_direct,2.9146,0.1447
157,v3,v4,20.0,20.22,30.0,0.6,0.1011,0.6,-5.7103,True,all_direct,0.4277,0.1256
157,v3,v19,20.0,80.0,0.0,0.6,0.4,0.0,-10.4494,True,all_direct,-4.31,0.107
157,v3,v8,20.0,100.04,30.0,0.6,0.5002,0.6,-16.8196,True,all_direct,-10.6829,0.1193
157,v4,v11,40.0,3.0,40.0,1.0,0.015,0.8,26.7743,True,all_direct,32.9129,0.9906
157,v4,v3,40.0,20.22,30.0,1.0,0.1011,0.6,14.2897,False,all_direct,20.428,0.9303
157,v4,v15,40.0,30.15,10.0,1.0,0.1507,0.2,13.9232,False,all_direct,20.0606,0.927
157,v4,v19,40.0,100.04,30.0,1.0,0.5002,0.6,3.1804,True,all_direct,9.316,0.3189
157,v4,v8,40.0,120.0,0.0,1.0,0.6,0.0,6.7331,False,all_direct,12.871,0.6061
158,v1,v13,40.0,100.0,10.0,1.0,0.5,0.2,5.5918,False,all_direct,11.731,0.5205
158,v1,v5,40.0,160.0,20.0,1.0,0.8,0.4,0.9171,True,all_direct,7.0545,0.2078
158,v3,v4,20.0,10.44,10.0,0.6,0.0522,0.2,1.2923,False,all_direct,7.4285,0.2193
158,v3,v11,20.0,30.0,10.0,0.6,0.15,0.2,-6.0422,False,all_direct,0.0958,0.1178
158,v3,v15,20.0,30.0,0.0,0.6,0.15,0.0,-3.6339,False,all_direct,2.5043,0.1389
158,v3,v19,20.0,80.0,20.0,0.6,0.4,0.4,-14.2664,True,all_direct,-8.1284,0.1002
158,v3,v8,20.0,130.03,40.0,0.6,0.6502,0.8,-19.4167,True,all_direct,-13.2793,0.1213
158,v4,v3,40.0,10.44,10.0,1.0,0.0522,0.2,21.2923,False,all_direct,27.4323,0.975
158,v4,v15,40.0,20.22,10.0,1.0,0.1011,0.2,16.698,False,all_direct,22.8356,0.9572
158,v4,v11,40.0,40.11,0.0,1.0,0.2006,0.0,14.3476,False,all_direct,20.4876,0.9346
158,v4,v19,40.0,70.06,10.0,1.0,0.3503,0.2,8.0638,False,all_direct,14.2014,0.7205
158,v4,v8,40.0,120.0,30.0,1.0,0.6,0.6,1.9166,True,all_direct,8.054,0.2426
159,v1,v13,40.0,110.0,30.0,1.0,0.55,0.6,2.5212,True,all_direct,8.6599,0.2814
159,v1,v5,40.0,140.0,0.0,1.0,0.7,0.0,5.662,False,all_direct,11.8009,0.5316
159,v3,v11,20.0,20.0,20.0,0.6,0.1,0.4,-4.6334,True,all_direct,1.5064,0.1379
159,v3,v4,20.0,20.22,20.0,0.6,0.1011,0.4,-4.7108,True,all_direct,1.4254,0.1373
159,v3,v15,20.0,30.0,10.0,0.6,0.15,0.2,-6.0422,False,all_direct,0.0958,0.1256
159,v3,v19,20.0,100.0,10.0,0.6,0.5,0.2,-14.4082,True,all_direct,-8.2704,0.1063
159,v3,v7,20.0,150.0,10.0,0.6,0.75,0.2,-17.2257,True,all_direct,-11.0861,0.1293
159,v4,v15,40.0,10.44,30.0,1.0,0.0522,0.6,18.8841,False,all_direct,25.0191,0.9721
159,v4,v3,40.0,20.22,20.0,1.0,0.1011,0.4,15.2892,False,all_direct,21.4289,0.9408
159,v4,v11,40.0,40.11,40.0,1.0,0.2006,0.8,8.7558,True,all_direct,14.8945,0.7582
159,v4,v19,40.0,80.06,10.0,1.0,0.4003,0.2,7.1374,False,all_direct,13.2747,0.6453
159,v4,v8,40.0,150.0,40.0,1.0,0.75,0.8,-0.4092,True,all_direct,5.7274,0.1734
160,v1,v13,40.0,80.0,20.0,1.0,0.4,0.4,5.7336,False,all_direct,11.8708,0.5242
160,v1,v5,40.0,140.0,0.0,1.0,0.7,0.0,5.662,False,all_direct,11.8001,0.5287
160,v1,v6,40.0,190.02,0.0,1.0,0.9501,0.0,3.5391,True,all_direct,9.6768,0.3504
160,v3,v15,20.0,20.0,20.0,0.6,0.1,0.4,-4.6334,True,all_direct,1.5044,0.1285
160,v3,v11,20.0,40.0,10.0,0.6,0.2,0.2,-8.0412,False,all_direct,-1.9023,0.109
160,v3,v4,20.0,40.11,10.0,0.6,0.2006,0.2,-8.0607,False,all_direct,-1.9251,0.1061
160,v3,v19,20.0,110.0,0.0,0.6,0.55,0.0,-12.6623,True,all_direct,-6.5247,0.1002
160,v3,v7,20.0,140.0,10.0,0.6,0.7,0.2,-16.7463,True,all_direct,-10.6102,0.0984
160,v4,v15,40.0,20.22,10.0,1.0,0.1011,0.2,16.698,False,all_direct,22.8354,0.9545
160,v4,v3,40.0,40.11,10.0,1.0,0.2006,0.2,11.9393,False,all_direct,18.0758,0.8863
160,v4,v19,40.0,70.06,10.0,1.0,0.3503,0.2,8.0638,False,all_direct,14.2015,0.7213
160,v4,v11,40.0,80.06,0.0,1.0,0.4003,0.0,9.5457,False,all_direct,15.6852,0.8098
160,v4,v8,40.0,110.0,10.0,1.0,0.55,0.2,4.9295,False,all_direct,11.068,0.4594
