time,car_ID_TX,car_ID_RX,snr_values,distance_values,rel_speed_values,snr_values_norm,distance_values_norm,rel_speed_values_norm,composite_snr_db,use_nn,testing_case,psnr,accuracy
10,v1,v2,40.0,23.19,20.0,1.0,0.116,0.2,14.3368,False,fuzzy_logic_fixed_snr,20.4735,0.9275
10,v1,v3,40.0,74.24,20.0,1.0,0.3712,0.2,6.2526,False,fuzzy_logic_fixed_snr,12.3896,0.5684
10,v1,v5,40.0,107.04,20.0,1.0,0.5352,0.2,3.7102,False,fuzzy_logic_fixed_snr,9.8478,0.3666
10,v1,v4,40.0,130.0,10.0,1.0,0.65,0.1,3.7687,False,fuzzy_logic_fixed_snr,9.9078,0.3617
10,v1,v7,40.0,180.0,10.0,1.0,0.9,0.1,1.5074,True,fuzzy_logic_fixed_snr,20.7453,0.8314
10,v2,v1,20.0,23.19,20.0,0.6,0.116,0.2,-5.6632,False,fuzzy_logic_fixed_snr,0.4737,0.1295
10,v2,v3,20.0,97.05,40.0,0.6,0.4852,0.4,-17.3834,True,fuzzy_logic_fixed_snr,2.5175,0.1053
10,v2,v5,20.0,130.0,40.0,0.6,0.65,0.4,-19.4149,True,fuzzy_logic_fixed_snr,1.4708,0.1125
10,v2,v4,20.0,153.03,10.0,0.6,0.7651,0.1,-17.3646,True,fuzzy_logic_fixed_snr,2.5001,0.1053
10,v3,v5,20.0,33.14,0.0,0.6,0.1657,0.0,-4.3248,False,fuzzy_logic_fixed_snr,1.8153,0.134
10,v3,v4,20.0,56.32,30.0,0.6,0.2816,0.3,-12.8271,True,fuzzy_logic_fixed_snr,6.6401,0.1543
10,v3,v1,20.0,74.24,20.0,0.6,0.3712,0.2,-13.7474,True,fuzzy_logic_fixed_snr,5.5609,0.1438
10,v3,v2,20.0,97.05,40.0,0.6,0.4852,0.4,-17.3834,True,fuzzy_logic_fixed_snr,2.503,0.1135
10,v3,v7,20.0,106.17,30.0,0.6,0.5308,0.3,-17.2325,True,fuzzy_logic_fixed_snr,2.6109,0.1135
10,v4,v5,40.0,23.19,30.0,1.0,0.116,0.3,13.3373,False,fuzzy_logic_fixed_snr,19.4742,0.9152
10,v4,v7,40.0,50.0,0.0,1.0,0.25,0.0,12.8165,False,fuzzy_logic_fixed_snr,18.9548,0.9107
10,v4,v6,40.0,54.33,0.0,1.0,0.2717,0.0,12.2391,False,fuzzy_logic_fixed_snr,18.377,0.8973
10,v4,v3,40.0,56.32,30.0,1.0,0.2816,0.3,7.1729,False,fuzzy_logic_fixed_snr,13.311,0.6498
10,v4,v8,40.0,77.06,20.0,1.0,0.3853,0.2,5.9939,False,fuzzy_logic_fixed_snr,12.1325,0.5641
11,v1,v2,40.0,4.24,10.0,1.0,0.0212,0.1,27.5496,False,fuzzy_logic_fixed_snr,33.6874,0.9922
11,v1,v3,40.0,54.33,10.0,1.0,0.2717,0.1,9.8308,False,fuzzy_logic_fixed_snr,15.9686,0.8172
11,v1,v5,40.0,87.05,10.0,1.0,0.4353,0.1,6.5553,False,fuzzy_logic_fixed_snr,12.6918,0.5914
11,v1,v4,40.0,140.0,0.0,1.0,0.7,0.0,5.662,False,fuzzy_logic_fixed_snr,11.7983,0.5275
11,v1,v7,40.0,190.0,20.0,1.0,0.95,0.2,-0.277,True,fuzzy_logic_fixed_snr,19.5255,0.774
11,v2,v1,20.0,4.24,10.0,0.6,0.0212,0.1,7.5496,False,fuzzy_logic_fixed_snr,13.6879,0.6723
11,v2,v3,20.0,57.08,20.0,0.6,0.2854,0.2,-11.9206,True,fuzzy_logic_fixed_snr,7.7921,0.185
11,v2,v5,20.0,90.0,20.0,0.6,0.45,0.2,-15.0849,True,fuzzy_logic_fixed_snr,4.2381,0.1252
11,v2,v4,20.0,143.03,10.0,0.6,0.7152,0.1,-16.8951,True,fuzzy_logic_fixed_snr,2.8196,0.1215
11,v2,v7,20.0,193.02,10.0,0.6,0.9651,0.1,-18.978,True,fuzzy_logic_fixed_snr,1.6577,0.1123
11,v3,v5,20.0,33.14,0.0,0.6,0.1657,0.0,-4.3248,False,fuzzy_logic_fixed_snr,1.8119,0.1398
11,v3,v1,20.0,54.33,10.0,0.6,0.2717,0.1,-10.1692,False,fuzzy_logic_fixed_snr,-4.0321,0.1021
11,v3,v2,20.0,57.08,20.0,0.6,0.2854,0.2,-11.9206,True,fuzzy_logic_fixed_snr,7.7758,0.1779
11,v3,v4,20.0,86.21,10.0,0.6,0.431,0.1,-13.3771,True,fuzzy_logic_fixed_snr,5.9715,0.1463
11,v3,v7,20.0,136.13,30.0,0.6,0.6807,0.3,-18.9599,True,fuzzy_logic_fixed_snr,1.6679,0.1119
11,v4,v7,40.0,50.0,20.0,1.0,0.25,0.2,8.9995,False,fuzzy_logic_fixed_snr,15.1371,0.7766
11,v4,v5,40.0,53.08,10.0,1.0,0.2654,0.1,9.9922,False,fuzzy_logic_fixed_snr,16.1291,0.815
11,v4,v6,40.0,54.33,10.0,1.0,0.2717,0.1,9.8308,False,fuzzy_logic_fixed_snr,15.968,0.8158
11,v4,v8,40.0,57.08,10.0,1.0,0.2854,0.1,9.4882,False,fuzzy_logic_fixed_snr,15.6263,0.7988
11,v4,v3,40.0,86.21,10.0,1.0,0.431,0.1,6.6229,False,fuzzy_logic_fixed_snr,12.7602,0.6043
12,v1,v2,40.0,13.34,20.0,1.0,0.0667,0.2,18.1797,False,fuzzy_logic_fixed_snr,24.3186,0.9711
12,v1,v3,40.0,64.28,20.0,1.0,0.3214,0.2,7.2537,False,fuzzy_logic_fixed_snr,13.3933,0.6562
12,v1,v5,40.0,97.05,0.0,1.0,0.4852,0.0,8.2083,False,fuzzy_logic_fixed_snr,14.3474,0.7258
12,v1,v4,40.0,140.0,20.0,1.0,0.7,0.2,1.845,False,fuzzy_logic_fixed_snr,7.9818,0.2395
12,v1,v7,40.0,170.0,0.0,1.0,0.85,0.0,4.3128,True,fuzzy_logic_fixed_snr,22.229,0.8711
12,v2,v1,20.0,13.34,20.0,0.6,0.0667,0.2,-1.8203,False,fuzzy_logic_fixed_snr,4.3185,0.1496
12,v2,v3,20.0,77.06,0.0,0.6,0.3853,0.0,-10.1891,True,fuzzy_logic_fixed_snr,9.9444,0.2143
12,v2,v5,20.0,110.0,20.0,0.6,0.55,0.2,-16.4793,True,fuzzy_logic_fixed_snr,3.1058,0.1348
12,v2,v4,20.0,153.03,0.0,0.6,0.7651,0.0,-14.9564,True,fuzzy_logic_fixed_snr,4.3652,0.1414
12,v2,v7,20.0,183.02,20.0,0.6,0.9151,0.2,-20.0171,True,fuzzy_logic_fixed_snr,1.2265,0.1145
12,v3,v5,20.0,33.14,20.0,0.6,0.1657,0.2,-8.1418,False,fuzzy_logic_fixed_snr,-2.0048,0.109
12,v3,v1,20.0,64.28,20.0,0.6,0.3214,0.2,-12.7463,True,fuzzy_logic_fixed_snr,6.7539,0.1607
12,v3,v4,20.0,76.24,0.0,0.6,0.3812,0.0,-10.1146,True,fuzzy_logic_fixed_snr,10.0463,0.2248
12,v3,v2,20.0,77.06,0.0,0.6,0.3853,0.0,-10.1891,True,fuzzy_logic_fixed_snr,9.946,0.2135
12,v3,v7,20.0,106.17,20.0,0.6,0.5308,0.2,-16.233,True,fuzzy_logic_fixed_snr,3.2888,0.1203
12,v4,v7,40.0,30.0,20.0,1.0,0.15,0.2,12.5491,False,fuzzy_logic_fixed_snr,18.6883,0.8965
12,v4,v5,40.0,43.1,20.0,1.0,0.2155,0.2,10.0307,False,fuzzy_logic_fixed_snr,16.1677,0.8254
12,v4,v6,40.0,44.41,10.0,1.0,0.222,0.1,11.2325,False,fuzzy_logic_fixed_snr,17.3706,0.8672
12,v4,v8,40.0,47.1,20.0,1.0,0.2355,0.2,9.4153,False,fuzzy_logic_fixed_snr,15.5536,0.793
12,v4,v3,40.0,76.24,0.0,1.0,0.3812,0.0,9.8854,False,fuzzy_logic_fixed_snr,16.0224,0.8164
13,v1,v2,40.0,33.14,10.0,1.0,0.1657,0.1,13.2669,False,fuzzy_logic_fixed_snr,19.4052,0.9195
13,v1,v3,40.0,44.41,20.0,1.0,0.222,0.2,9.8238,False,fuzzy_logic_fixed_snr,15.961,0.8107
13,v1,v5,40.0,97.05,30.0,1.0,0.4852,0.3,3.3919,False,fuzzy_logic_fixed_snr,9.5285,0.3348
13,v1,v4,40.0,120.0,30.0,1.0,0.6,0.3,1.9166,False,fuzzy_logic_fixed_snr,8.0545,0.2492
13,v1,v7,40.0,170.0,10.0,1.0,0.85,0.1,1.9046,True,fuzzy_logic_fixed_snr,20.9838,0.8418
13,v2,v1,20.0,33.14,10.0,0.6,0.1657,0.1,-6.7331,False,fuzzy_logic_fixed_snr,-0.596,0.1217
13,v2,v3,20.0,77.06,10.0,0.6,0.3853,0.1,-12.5974,True,fuzzy_logic_fixed_snr,6.9195,0.1633
13,v2,v5,20.0,130.0,20.0,0.6,0.65,0.2,-17.6401,True,fuzzy_logic_fixed_snr,2.3524,0.1154
13,v2,v4,20.0,153.03,20.0,0.6,0.7651,0.2,-18.7734,True,fuzzy_logic_fixed_snr,1.7437,0.0994
13,v3,v1,20.0,44.41,20.0,0.6,0.222,0.2,-10.1762,False,fuzzy_logic_fixed_snr,-4.0361,0.0973
13,v3,v5,20.0,53.08,10.0,0.6,0.2654,0.1,-10.0078,False,fuzzy_logic_fixed_snr,-3.8704,0.0982
13,v3,v4,20.0,76.24,10.0,0.6,0.3812,0.1,-12.5228,True,fuzzy_logic_fixed_snr,7.0262,0.1447
13,v3,v2,20.0,77.06,10.0,0.6,0.3853,0.1,-12.5974,True,fuzzy_logic_fixed_snr,6.9386,0.1535
13,v3,v7,20.0,126.14,10.0,0.6,0.6307,0.1,-16.022,True,fuzzy_logic_fixed_snr,3.4509,0.1223
13,v4,v5,40.0,23.19,0.0,1.0,0.116,0.0,18.1537,False,fuzzy_logic_fixed_snr,24.2956,0.9682
13,v4,v7,40.0,50.0,20.0,1.0,0.25,0.2,8.9995,False,fuzzy_logic_fixed_snr,15.138,0.777
13,v4,v6,40.0,54.33,30.0,1.0,0.2717,0.3,7.4226,False,fuzzy_logic_fixed_snr,13.5591,0.6713
13,v4,v8,40.0,67.07,10.0,1.0,0.3353,0.1,8.3676,False,fuzzy_logic_fixed_snr,14.5052,0.7316
13,v4,v3,40.0,76.24,10.0,1.0,0.3812,0.1,7.4772,False,fuzzy_logic_fixed_snr,13.6163,0.6791
14,v1,v2,40.0,23.19,30.0,1.0,0.116,0.3,13.3373,False,fuzzy_logic_fixed_snr,19.4753,0.9146
14,v1,v3,40.0,64.28,30.0,1.0,0.3214,0.3,6.2542,False,fuzzy_logic_fixed_snr,12.389,0.5703
14,v1,v5,40.0,127.04,30.0,1.0,0.6352,0.3,1.5207,False,fuzzy_logic_fixed_snr,7.658,0.2289
14,v1,v4,40.0,150.0,40.0,1.0,0.75,0.4,-0.4092,True,fuzzy_logic_fixed_snr,19.4161,0.7885
14,v1,v6,40.0,174.1,40.0,1.0,0.8705,0.4,-1.4447,True,fuzzy_logic_fixed_snr,18.6197,0.7227
14,v2,v1,20.0,23.19,30.0,0.6,0.116,0.3,-6.6627,True,fuzzy_logic_fixed_snr,13.8291,0.3855
14,v2,v3,20.0,87.05,0.0,0.6,0.4353,0.0,-11.0364,True,fuzzy_logic_fixed_snr,8.9091,0.1891
14,v2,v5,20.0,150.0,0.0,0.6,0.75,0.0,-14.8175,True,fuzzy_logic_fixed_snr,4.4677,0.1273
14,v2,v4,20.0,173.03,10.0,0.6,0.8651,0.1,-18.218,True,fuzzy_logic_fixed_snr,2.0068,0.1189
14,v2,v6,20.0,197.02,10.0,0.6,0.9851,0.1,-19.1205,True,fuzzy_logic_fixed_snr,1.5927,0.1076
14,v3,v5,20.0,63.07,0.0,0.6,0.3154,0.0,-8.7973,True,fuzzy_logic_fixed_snr,11.5531,0.2816
14,v3,v1,20.0,64.28,30.0,0.6,0.3214,0.3,-13.7458,True,fuzzy_logic_fixed_snr,5.5796,0.1477
14,v3,v4,20.0,86.21,10.0,0.6,0.431,0.1,-13.3771,True,fuzzy_logic_fixed_snr,5.9672,0.1502
14,v3,v2,20.0,87.05,0.0,0.6,0.4353,0.0,-11.0364,True,fuzzy_logic_fixed_snr,8.9187,0.1941
14,v3,v6,20.0,110.0,10.0,0.6,0.55,0.1,-15.0705,True,fuzzy_logic_fixed_snr,4.242,0.1367
14,v4,v5,40.0,23.19,10.0,1.0,0.116,0.1,15.7455,False,fuzzy_logic_fixed_snr,21.886,0.951
14,v4,v6,40.0,24.74,0.0,1.0,0.1237,0.0,17.706,False,fuzzy_logic_fixed_snr,23.8424,0.9633
14,v4,v7,40.0,30.0,20.0,1.0,0.15,0.2,12.5491,False,fuzzy_logic_fixed_snr,18.688,0.9039
14,v4,v8,40.0,77.06,0.0,1.0,0.3853,0.0,9.8109,False,fuzzy_logic_fixed_snr,15.9495,0.8143
14,v4,v3,40.0,86.21,10.0,1.0,0.431,0.1,6.6229,False,fuzzy_logic_fixed_snr,12.7587,0.6059
15,v1,v3,40.0,34.53,0.0,1.0,0.1726,0.0,15.3898,False,fuzzy_logic_fixed_snr,21.5278,0.951
15,v1,v2,40.0,53.08,20.0,1.0,0.2654,0.2,8.5835,False,fuzzy_logic_fixed_snr,14.721,0.7482
15,v1,v5,40.0,97.05,10.0,1.0,0.4852,0.1,5.8001,False,fuzzy_logic_fixed_snr,11.9387,0.5395
15,v1,v4,40.0,110.0,30.0,1.0,0.55,0.3,2.5212,False,fuzzy_logic_fixed_snr,8.6574,0.282
15,v1,v6,40.0,134.13,10.0,1.0,0.6707,0.1,3.5511,False,fuzzy_logic_fixed_snr,9.69,0.3479
15,v2,v1,20.0,53.08,20.0,0.6,0.2654,0.2,-11.4165,False,fuzzy_logic_fixed_snr,-5.2797,0.0992
15,v2,v3,20.0,87.05,20.0,0.6,0.4353,0.2,-14.8534,True,fuzzy_logic_fixed_snr,4.4294,0.1262
15,v2,v5,20.0,150.0,10.0,0.6,0.75,0.1,-17.2257,True,fuzzy_logic_fixed_snr,2.5895,0.1291
15,v2,v4,20.0,163.03,10.0,0.6,0.8151,0.1,-17.8044,True,fuzzy_logic_fixed_snr,2.2579,0.1205
15,v2,v6,20.0,187.02,30.0,0.6,0.9351,0.3,-21.1668,True,fuzzy_logic_fixed_snr,0.8853,0.1082
15,v3,v1,20.0,34.53,0.0,0.6,0.1726,0.0,-4.6102,False,fuzzy_logic_fixed_snr,1.5284,0.1295
15,v3,v5,20.0,63.07,10.0,0.6,0.3154,0.1,-11.2056,True,fuzzy_logic_fixed_snr,8.6907,0.1785
15,v3,v4,20.0,76.24,30.0,0.6,0.3812,0.3,-14.9311,True,fuzzy_logic_fixed_snr,4.3657,0.1244
15,v3,v2,20.0,87.05,20.0,0.6,0.4353,0.2,-14.8534,True,fuzzy_logic_fixed_snr,4.4314,0.1367
15,v3,v6,20.0,100.0,10.0,0.6,0.5,0.1,-14.4082,True,fuzzy_logic_fixed_snr,4.8693,0.1357
15,v4,v5,40.0,13.34,20.0,1.0,0.0667,0.2,18.1797,False,fuzzy_logic_fixed_snr,24.3176,0.9701
15,v4,v6,40.0,24.74,40.0,1.0,0.1237,0.4,12.1142,False,fuzzy_logic_fixed_snr,18.2528,0.8945
15,v4,v7,40.0,50.0,10.0,1.0,0.25,0.1,10.4082,False,fuzzy_logic_fixed_snr,16.5463,0.8361
15,v4,v3,40.0,76.24,30.0,1.0,0.3812,0.3,5.0689,False,fuzzy_logic_fixed_snr,11.2072,0.4754
15,v4,v8,40.0,77.06,40.0,1.0,0.3853,0.4,4.2191,False,fuzzy_logic_fixed_snr,10.358,0.3937
16,v1,v2,40.0,33.14,0.0,1.0,0.1657,0.0,15.6752,False,fuzzy_logic_fixed_snr,21.8137,0.9496
16,v1,v3,40.0,34.53,40.0,1.0,0.1726,0.4,9.798,False,fuzzy_logic_fixed_snr,15.9352,0.8047
16,v1,v5,40.0,107.04,20.0,1.0,0.5352,0.2,3.7102,False,fuzzy_logic_fixed_snr,9.8506,0.3574
16,v1,v6,40.0,124.15,10.0,1.0,0.6207,0.1,4.0889,False,fuzzy_logic_fixed_snr,10.2273,0.3896
16,v1,v4,40.0,140.0,0.0,1.0,0.7,0.0,5.662,False,fuzzy_logic_fixed_snr,11.7975,0.5205
16,v2,v1,20.0,33.14,0.0,0.6,0.1657,0.0,-4.3248,False,fuzzy_logic_fixed_snr,1.8145,0.1354
16,v2,v3,20.0,67.07,40.0,0.6,0.3353,0.4,-14.8159,True,fuzzy_logic_fixed_snr,4.4788,0.1307
16,v2,v5,20.0,140.0,20.0,0.6,0.7,0.2,-18.155,True,fuzzy_logic_fixed_snr,2.0535,0.1184
16,v2,v6,20.0,157.03,10.0,0.6,0.7851,0.1,-17.5439,True,fuzzy_logic_fixed_snr,2.3895,0.1131
16,v2,v4,20.0,173.03,0.0,0.6,0.8651,0.0,-15.8098,True,fuzzy_logic_fixed_snr,3.5982,0.115
16,v3,v1,20.0,34.53,40.0,0.6,0.1726,0.4,-10.202,True,fuzzy_logic_fixed_snr,9.9586,0.2334
16,v3,v2,20.0,67.07,40.0,0.6,0.3353,0.4,-14.8159,True,fuzzy_logic_fixed_snr,4.487,0.1281
16,v3,v5,20.0,73.06,20.0,0.6,0.3653,0.2,-13.636,True,fuzzy_logic_fixed_snr,5.6839,0.1395
16,v3,v6,20.0,90.0,30.0,0.6,0.45,0.3,-16.0844,True,fuzzy_logic_fixed_snr,3.4066,0.1297
16,v3,v4,20.0,106.17,40.0,0.6,0.5308,0.4,-18.0078,True,fuzzy_logic_fixed_snr,2.122,0.1195
16,v4,v6,40.0,17.09,10.0,1.0,0.0854,0.1,17.8687,False,fuzzy_logic_fixed_snr,24.006,0.9666
16,v4,v5,40.0,33.14,20.0,1.0,0.1657,0.2,11.8582,False,fuzzy_logic_fixed_snr,17.9948,0.8877
16,v4,v8,40.0,37.12,40.0,1.0,0.1856,0.4,9.2942,False,fuzzy_logic_fixed_snr,15.4313,0.7998
16,v4,v7,40.0,40.0,40.0,1.0,0.2,0.4,8.7753,False,fuzzy_logic_fixed_snr,14.9152,0.7678
16,v4,v11,40.0,77.06,30.0,1.0,0.3853,0.3,4.9944,False,fuzzy_logic_fixed_snr,11.1334,0.4574
17,v1,v2,40.0,33.14,40.0,1.0,0.1657,0.4,10.0834,False,fuzzy_logic_fixed_snr,16.2224,0.8205
17,v1,v3,40.0,74.24,10.0,1.0,0.3712,0.1,7.6613,False,fuzzy_logic_fixed_snr,13.8002,0.6801
17,v1,v5,40.0,127.04,30.0,1.0,0.6352,0.3,1.5207,False,fuzzy_logic_fixed_snr,7.6565,0.2322
17,v1,v6,40.0,134.13,40.0,1.0,0.6707,0.4,0.3676,True,fuzzy_logic_fixed_snr,19.9813,0.8008
17,v1,v4,40.0,140.0,10.0,1.0,0.7,0.1,3.2537,False,fuzzy_logic_fixed_snr,9.3901,0.3336
17,v2,v1,20.0,33.14,40.0,0.6,0.1657,0.4,-9.9166,True,fuzzy_logic_fixed_snr,10.2805,0.2244
17,v2,v3,20.0,107.04,30.0,0.6,0.5352,0.3,-17.2894,True,fuzzy_logic_fixed_snr,2.5489,0.1105
17,v2,v5,20.0,160.0,10.0,0.6,0.8,0.1,-17.6742,True,fuzzy_logic_fixed_snr,2.3265,0.1096
17,v2,v6,20.0,167.03,0.0,0.6,0.8351,0.0,-15.5646,True,fuzzy_logic_fixed_snr,3.7961,0.1492
17,v2,v4,20.0,173.03,30.0,0.6,0.8651,0.3,-20.6263,True,fuzzy_logic_fixed_snr,1.0313,0.107
17,v3,v5,20.0,53.08,20.0,0.6,0.2654,0.2,-11.4165,False,fuzzy_logic_fixed_snr,-5.2791,0.0988
17,v3,v6,20.0,60.0,30.0,0.6,0.3,0.3,-13.2669,True,fuzzy_logic_fixed_snr,6.1271,0.1414
17,v3,v4,20.0,66.27,0.0,0.6,0.3314,0.0,-9.1413,True,fuzzy_logic_fixed_snr,11.1902,0.2787
17,v3,v1,20.0,74.24,10.0,0.6,0.3712,0.1,-12.3387,True,fuzzy_logic_fixed_snr,7.2578,0.148
17,v3,v2,20.0,107.04,30.0,0.6,0.5352,0.3,-17.2894,True,fuzzy_logic_fixed_snr,2.5472,0.1176
17,v4,v6,40.0,8.49,30.0,1.0,0.0424,0.3,20.3249,False,fuzzy_logic_fixed_snr,26.4608,0.9818
17,v4,v5,40.0,13.34,20.0,1.0,0.0667,0.2,18.1797,False,fuzzy_logic_fixed_snr,24.3181,0.9682
17,v4,v3,40.0,66.27,0.0,1.0,0.3314,0.0,10.8587,False,fuzzy_logic_fixed_snr,16.9983,0.8561
17,v4,v8,40.0,77.06,10.0,1.0,0.3853,0.1,7.4026,False,fuzzy_logic_fixed_snr,13.5376,0.676
17,v4,v7,40.0,80.0,0.0,1.0,0.4,0.0,9.5506,False,fuzzy_logic_fixed_snr,15.6886,0.8008
18,v1,v3,40.0,64.28,40.0,1.0,0.3214,0.4,5.479,False,fuzzy_logic_fixed_snr,11.6152,0.5125
18,v1,v2,40.0,73.06,10.0,1.0,0.3653,0.1,7.7727,False,fuzzy_logic_fixed_snr,13.9106,0.7
18,v1,v6,40.0,94.19,40.0,1.0,0.471,0.4,2.8241,False,fuzzy_logic_fixed_snr,8.9599,0.2885
18,v1,v5,40.0,97.05,30.0,1.0,0.4852,0.3,3.3919,False,fuzzy_logic_fixed_snr,9.5294,0.3426
18,v1,v4,40.0,130.0,30.0,1.0,0.65,0.3,1.3604,False,fuzzy_logic_fixed_snr,7.498,0.2117
18,v2,v1,20.0,73.06,10.0,0.6,0.3653,0.1,-12.2273,True,fuzzy_logic_fixed_snr,7.393,0.1664
18,v2,v3,20.0,137.03,30.0,0.6,0.6852,0.3,-19.0057,True,fuzzy_logic_fixed_snr,1.6384,0.1137
18,v2,v6,20.0,167.03,30.0,0.6,0.8351,0.3,-20.3811,True,fuzzy_logic_fixed_snr,1.0965,0.1096
18,v2,v5,20.0,170.0,20.0,0.6,0.85,0.2,-19.5042,True,fuzzy_logic_fixed_snr,1.4393,0.1172
18,v3,v6,20.0,30.0,0.0,0.6,0.15,0.0,-3.6339,False,fuzzy_logic_fixed_snr,2.5034,0.1363
18,v3,v5,20.0,33.14,10.0,0.6,0.1657,0.1,-6.7331,False,fuzzy_logic_fixed_snr,-0.5956,0.1213
18,v3,v1,20.0,64.28,40.0,0.6,0.3214,0.4,-14.521,True,fuzzy_logic_fixed_snr,4.7743,0.1316
18,v3,v4,20.0,66.27,10.0,0.6,0.3314,0.1,-11.5495,True,fuzzy_logic_fixed_snr,8.2641,0.1936
18,v3,v8,20.0,133.03,0.0,0.6,0.6652,0.0,-13.9834,True,fuzzy_logic_fixed_snr,5.3168,0.1391
18,v4,v5,40.0,33.14,0.0,1.0,0.1657,0.0,15.6752,False,fuzzy_logic_fixed_snr,21.8147,0.9539
18,v4,v6,40.0,36.5,10.0,1.0,0.1825,0.1,12.5957,False,fuzzy_logic_fixed_snr,18.733,0.8951
18,v4,v3,40.0,66.27,10.0,1.0,0.3314,0.1,8.4505,False,fuzzy_logic_fixed_snr,14.5896,0.76
18,v4,v8,40.0,67.07,10.0,1.0,0.3353,0.1,8.3676,False,fuzzy_logic_fixed_snr,14.5085,0.7438
18,v4,v7,40.0,80.0,10.0,1.0,0.4,0.1,7.1423,False,fuzzy_logic_fixed_snr,13.2801,0.6385
19,v1,v2,40.0,63.07,20.0,1.0,0.3154,0.2,7.3857,False,fuzzy_logic_fixed_snr,13.5235,0.659
19,v1,v3,40.0,104.17,20.0,1.0,0.5209,0.2,3.899,False,fuzzy_logic_fixed_snr,10.0365,0.3738
19,v1,v5,40.0,127.04,0.0,1.0,0.6352,0.0,6.3372,False,fuzzy_logic_fixed_snr,12.4772,0.5844
19,v1,v6,40.0,134.13,10.0,1.0,0.6707,0.1,3.5511,False,fuzzy_logic_fixed_snr,9.6896,0.3541
19,v1,v4,40.0,160.0,10.0,1.0,0.8,0.1,2.3258,True,fuzzy_logic_fixed_snr,21.2359,0.8533
19,v2,v1,20.0,63.07,20.0,0.6,0.3154,0.2,-12.6143,True,fuzzy_logic_fixed_snr,6.8971,0.1588
19,v2,v3,20.0,167.03,40.0,0.6,0.8351,0.4,-21.1563,True,fuzzy_logic_fixed_snr,0.8861,0.1113
19,v2,v5,20.0,190.0,20.0,0.6,0.95,0.2,-20.277,True,fuzzy_logic_fixed_snr,1.1519,0.1059
19,v2,v6,20.0,197.02,30.0,0.6,0.9851,0.3,-21.5287,True,fuzzy_logic_fixed_snr,0.7763,0.1156
19,v3,v5,20.0,23.19,20.0,0.6,0.116,0.2,-5.6632,False,fuzzy_logic_fixed_snr,0.4748,0.1252
19,v3,v6,20.0,30.0,10.0,0.6,0.15,0.1,-6.0422,False,fuzzy_logic_fixed_snr,0.0974,0.1119
19,v3,v4,20.0,56.32,30.0,0.6,0.2816,0.3,-12.8271,True,fuzzy_logic_fixed_snr,6.6516,0.1545
19,v3,v1,20.0,104.17,20.0,0.6,0.5209,0.2,-16.101,True,fuzzy_logic_fixed_snr,3.3641,0.1246
19,v3,v7,20.0,126.14,30.0,0.6,0.6307,0.3,-18.4303,True,fuzzy_logic_fixed_snr,1.9172,0.1084
19,v4,v6,40.0,26.68,20.0,1.0,0.1334,0.2,13.3632,False,fuzzy_logic_fixed_snr,19.5019,0.915
19,v4,v5,40.0,33.14,10.0,1.0,0.1657,0.1,13.2669,False,fuzzy_logic_fixed_snr,19.4055,0.9107
19,v4,v3,40.0,56.32,30.0,1.0,0.2816,0.3,7.1729,False,fuzzy_logic_fixed_snr,13.3084,0.6562
19,v4,v7,40.0,70.0,0.0,1.0,0.35,0.0,10.4784,False,fuzzy_logic_fixed_snr,16.6181,0.8564
19,v4,v8,40.0,77.06,30.0,1.0,0.3853,0.3,4.9944,False,fuzzy_logic_fixed_snr,11.1341,0.4781
20,v1,v2,40.0,43.1,0.0,1.0,0.2155,0.0,13.8476,False,fuzzy_logic_fixed_snr,19.9841,0.924
20,v1,v3,40.0,84.21,0.0,1.0,0.4211,0.0,9.1939,False,fuzzy_logic_fixed_snr,15.3309,0.7822
20,v1,v6,40.0,124.15,30.0,1.0,0.6207,0.3,1.6806,False,fuzzy_logic_fixed_snr,7.819,0.2479
20,v1,v5,40.0,127.04,30.0,1.0,0.6352,0.3,1.5207,False,fuzzy_logic_fixed_snr,7.6591,0.2193
20,v1,v4,40.0,170.0,30.0,1.0,0.85,0.3,-0.5037,True,fuzzy_logic_fixed_snr,19.368,0.7518
20,v2,v1,20.0,43.1,0.0,0.6,0.2155,0.0,-6.1524,False,fuzzy_logic_fixed_snr,-0.0161,0.1217
20,v2,v3,20.0,127.04,0.0,0.6,0.6352,0.0,-13.6628,True,fuzzy_logic_fixed_snr,5.653,0.1514
20,v2,v6,20.0,167.03,30.0,0.6,0.8351,0.3,-20.3811,True,fuzzy_logic_fixed_snr,1.102,0.1121
20,v2,v5,20.0,170.0,30.0,0.6,0.85,0.3,-20.5037,True,fuzzy_logic_fixed_snr,1.039,0.1102
20,v3,v6,20.0,40.0,30.0,0.6,0.2,0.3,-10.4494,True,fuzzy_logic_fixed_snr,9.6419,0.2168
20,v3,v5,20.0,43.1,30.0,0.6,0.2155,0.3,-10.9688,True,fuzzy_logic_fixed_snr,8.9769,0.1918
20,v3,v1,20.0,84.21,0.0,0.6,0.4211,0.0,-10.8061,True,fuzzy_logic_fixed_snr,9.209,0.2131
20,v3,v4,20.0,86.21,30.0,0.6,0.431,0.3,-15.7853,True,fuzzy_logic_fixed_snr,3.6207,0.1209
20,v3,v2,20.0,127.04,0.0,0.6,0.6352,0.0,-13.6628,True,fuzzy_logic_fixed_snr,5.666,0.1459
20,v4,v5,40.0,43.1,0.0,1.0,0.2155,0.0,13.8476,False,fuzzy_logic_fixed_snr,19.9858,0.9275
20,v4,v6,40.0,46.39,0.0,1.0,0.2319,0.0,13.3373,False,fuzzy_logic_fixed_snr,19.4717,0.9246
20,v4,v8,40.0,47.1,20.0,1.0,0.2355,0.2,9.4153,False,fuzzy_logic_fixed_snr,15.5543,0.7945
20,v4,v11,40.0,57.08,10.0,1.0,0.2854,0.1,9.4882,False,fuzzy_logic_fixed_snr,15.6275,0.8029
20,v4,v7,40.0,70.0,30.0,1.0,0.35,0.3,5.662,False,fuzzy_logic_fixed_snr,11.7995,0.516
21,v1,v2,40.0,43.1,30.0,1.0,0.2155,0.3,9.0312,False,fuzzy_logic_fixed_snr,15.1692,0.7711
21,v1,v3,40.0,84.21,40.0,1.0,0.4211,0.4,3.6021,False,fuzzy_logic_fixed_snr,9.7418,0.3537
21,v1,v6,40.0,154.12,40.0,1.0,0.7706,0.4,-0.5974,True,fuzzy_logic_fixed_snr,19.271,0.7805
21,v1,v5,40.0,157.03,0.0,1.0,0.7851,0.0,4.8643,True,fuzzy_logic_fixed_snr,22.4432,0.8789
21,v1,v4,40.0,200.0,0.0,1.0,1.0,0.0,3.1835,True,fuzzy_logic_fixed_snr,21.6862,0.8609
21,v2,v1,20.0,43.1,30.0,0.6,0.2155,0.3,-10.9688,True,fuzzy_logic_fixed_snr,9.0151,0.208
21,v2,v3,20.0,127.04,10.0,0.6,0.6352,0.1,-16.071,True,fuzzy_logic_fixed_snr,3.4108,0.1244
21,v2,v6,20.0,197.02,10.0,0.6,0.9851,0.1,-19.1205,True,fuzzy_logic_fixed_snr,1.5905,0.0982
21,v2,v5,20.0,200.0,30.0,0.6,1.0,0.3,-21.633,True,fuzzy_logic_fixed_snr,0.752,0.0936
21,v3,v6,20.0,70.0,0.0,0.6,0.35,0.0,-9.5216,True,fuzzy_logic_fixed_snr,10.7262,0.2393
21,v3,v5,20.0,73.06,40.0,0.6,0.3653,0.4,-15.4108,True,fuzzy_logic_fixed_snr,3.957,0.1197
21,v3,v1,20.0,84.21,40.0,0.6,0.4211,0.4,-16.3979,True,fuzzy_logic_fixed_snr,3.1626,0.1088
21,v3,v4,20.0,116.16,40.0,0.6,0.5808,0.4,-18.6324,True,fuzzy_logic_fixed_snr,1.8155,0.1105
21,v3,v2,20.0,127.04,10.0,0.6,0.6352,0.1,-16.071,True,fuzzy_logic_fixed_snr,3.4082,0.1207
21,v4,v8,40.0,27.17,0.0,1.0,0.1358,0.0,17.0555,False,fuzzy_logic_fixed_snr,23.1933,0.9662
21,v4,v7,40.0,40.0,0.0,1.0,0.2,0.0,14.367,False,fuzzy_logic_fixed_snr,20.5049,0.9373
21,v4,v5,40.0,43.1,0.0,1.0,0.2155,0.0,13.8476,False,fuzzy_logic_fixed_snr,19.9864,0.9295
21,v4,v6,40.0,46.39,40.0,1.0,0.2319,0.4,7.7455,False,fuzzy_logic_fixed_snr,13.8818,0.6953
21,v4,v11,40.0,47.1,30.0,1.0,0.2355,0.3,8.4158,False,fuzzy_logic_fixed_snr,14.5542,0.7467
22,v1,v3,40.0,44.41,0.0,1.0,0.222,0.0,13.6407,False,fuzzy_logic_fixed_snr,19.7792,0.9211
22,v1,v2,40.0,73.06,10.0,1.0,0.3653,0.1,7.7727,False,fuzzy_logic_fixed_snr,13.9104,0.7016
22,v1,v6,40.0,114.16,10.0,1.0,0.5708,0.1,4.6717,False,fuzzy_logic_fixed_snr,10.8105,0.4264
22,v1,v5,40.0,157.03,20.0,1.0,0.7851,0.2,1.0474,True,fuzzy_logic_fixed_snr,20.4285,0.8094
22,v1,v4,40.0,200.0,10.0,1.0,1.0,0.1,0.7753,True,fuzzy_logic_fixed_snr,20.2742,0.8219
22,v2,v1,20.0,73.06,10.0,0.6,0.3653,0.1,-12.2273,True,fuzzy_logic_fixed_snr,7.4073,0.1697
22,v2,v3,20.0,117.04,10.0,0.6,0.5852,0.1,-15.5015,True,fuzzy_logic_fixed_snr,3.8613,0.1283
22,v2,v6,20.0,187.02,0.0,0.6,0.9351,0.0,-16.3504,True,fuzzy_logic_fixed_snr,3.1949,0.1326
22,v3,v1,20.0,44.41,0.0,0.6,0.222,0.0,-6.3593,False,fuzzy_logic_fixed_snr,-0.2213,0.1217
22,v3,v6,20.0,70.0,10.0,0.6,0.35,0.1,-11.9298,True,fuzzy_logic_fixed_snr,7.772,0.1686
22,v3,v5,20.0,113.04,20.0,0.6,0.5652,0.2,-16.6687,True,fuzzy_logic_fixed_snr,2.9707,0.1154
22,v3,v2,20.0,117.04,10.0,0.6,0.5852,0.1,-15.5015,True,fuzzy_logic_fixed_snr,3.8801,0.1207
22,v3,v4,20.0,156.12,10.0,0.6,0.7806,0.1,-17.5034,True,fuzzy_logic_fixed_snr,2.4423,0.108
22,v4,v11,40.0,17.26,30.0,1.0,0.0863,0.3,15.3898,False,fuzzy_logic_fixed_snr,21.5269,0.949
22,v4,v8,40.0,27.17,20.0,1.0,0.1358,0.2,13.2386,False,fuzzy_logic_fixed_snr,19.3761,0.9182
22,v4,v7,40.0,40.0,20.0,1.0,0.2,0.2,10.5501,False,fuzzy_logic_fixed_snr,16.6873,0.8367
22,v4,v5,40.0,43.1,10.0,1.0,0.2155,0.1,11.4394,False,fuzzy_logic_fixed_snr,17.5769,0.8715
22,v4,v10,40.0,70.0,20.0,1.0,0.35,0.2,6.6615,False,fuzzy_logic_fixed_snr,12.7986,0.6148
23,v1,v3,40.0,44.41,40.0,1.0,0.222,0.4,8.049,False,fuzzy_logic_fixed_snr,14.1863,0.7115
23,v1,v2,40.0,83.05,30.0,1.0,0.4153,0.3,4.4737,False,fuzzy_logic_fixed_snr,10.6098,0.4217
23,v1,v6,40.0,104.17,30.0,1.0,0.5209,0.3,2.8994,False,fuzzy_logic_fixed_snr,9.036,0.2955
23,v1,v5,40.0,137.03,40.0,1.0,0.6852,0.4,0.219,True,fuzzy_logic_fixed_snr,19.8877,0.8002
23,v1,v4,40.0,190.0,0.0,1.0,0.95,0.0,3.5399,True,fuzzy_logic_fixed_snr,21.8761,0.8656
23,v2,v1,20.0,83.05,30.0,0.6,0.4153,0.3,-15.5263,True,fuzzy_logic_fixed_snr,3.8381,0.1225
23,v2,v3,20.0,127.04,10.0,0.6,0.6352,0.1,-16.071,True,fuzzy_logic_fixed_snr,3.3867,0.1326
23,v2,v6,20.0,187.02,0.0,0.6,0.9351,0.0,-16.3504,True,fuzzy_logic_fixed_snr,3.1881,0.1203
23,v3,v1,20.0,44.41,40.0,0.6,0.222,0.4,-11.951,True,fuzzy_logic_fixed_snr,7.719,0.1707
23,v3,v6,20.0,60.0,10.0,0.6,0.3,0.1,-10.8587,True,fuzzy_logic_fixed_snr,9.1312,0.2094
23,v3,v5,20.0,93.05,0.0,0.6,0.4652,0.0,-11.4993,True,fuzzy_logic_fixed_snr,8.3408,0.1764
23,v3,v2,20.0,127.04,10.0,0.6,0.6352,0.1,-16.071,True,fuzzy_logic_fixed_snr,3.4257,0.1203
23,v3,v4,20.0,146.12,40.0,0.6,0.7306,0.4,-20.2273,True,fuzzy_logic_fixed_snr,1.1757,0.1143
23,v4,v8,40.0,47.1,0.0,1.0,0.2355,0.0,13.2323,False,fuzzy_logic_fixed_snr,19.3707,0.9182
23,v4,v11,40.0,47.1,10.0,1.0,0.2355,0.1,10.8241,False,fuzzy_logic_fixed_snr,16.9643,0.8629
23,v4,v5,40.0,53.08,40.0,1.0,0.2654,0.4,6.8087,False,fuzzy_logic_fixed_snr,12.9478,0.6053
23,v4,v7,40.0,60.0,40.0,1.0,0.3,0.4,5.9578,False,fuzzy_logic_fixed_snr,12.0945,0.5443
23,v4,v12,40.0,84.21,40.0,1.0,0.4211,0.4,3.6021,False,fuzzy_logic_fixed_snr,9.7406,0.3566
24,v1,v2,40.0,53.08,0.0,1.0,0.2654,0.0,12.4005,False,fuzzy_logic_fixed_snr,18.5369,0.8922
24,v1,v3,40.0,84.21,0.0,1.0,0.4211,0.0,9.1939,False,fuzzy_logic_fixed_snr,15.3323,0.7967
24,v1,v6,40.0,134.13,30.0,1.0,0.6707,0.3,1.1429,False,fuzzy_logic_fixed_snr,7.2817,0.2141
24,v1,v5,40.0,177.03,20.0,1.0,0.8851,0.2,0.2145,True,fuzzy_logic_fixed_snr,19.8706,0.7875
24,v1,v4,40.0,190.0,20.0,1.0,0.95,0.2,-0.277,True,fuzzy_logic_fixed_snr,19.5322,0.799
24,v2,v1,20.0,53.08,0.0,0.6,0.2654,0.0,-7.5995,False,fuzzy_logic_fixed_snr,-1.4613,0.109
24,v2,v3,20.0,137.03,0.0,0.6,0.6852,0.0,-14.1892,True,fuzzy_logic_fixed_snr,5.1101,0.1521
24,v2,v6,20.0,187.02,30.0,0.6,0.9351,0.3,-21.1668,True,fuzzy_logic_fixed_snr,0.8715,0.1121
24,v3,v6,20.0,50.0,30.0,0.6,0.25,0.3,-12.0,True,fuzzy_logic_fixed_snr,7.6857,0.182
24,v3,v1,20.0,84.21,0.0,0.6,0.4211,0.0,-10.8061,True,fuzzy_logic_fixed_snr,9.1866,0.2059
24,v3,v5,20.0,93.05,20.0,0.6,0.4652,0.2,-15.3163,True,fuzzy_logic_fixed_snr,4.0437,0.1359
24,v3,v4,20.0,106.17,20.0,0.6,0.5308,0.2,-16.233,True,fuzzy_logic_fixed_snr,3.279,0.1268
24,v3,v2,20.0,137.03,0.0,0.6,0.6852,0.0,-14.1892,True,fuzzy_logic_fixed_snr,5.1045,0.1461
24,v4,v5,40.0,13.34,0.0,1.0,0.0667,0.0,21.9966,False,fuzzy_logic_fixed_snr,28.1346,0.9799
24,v4,v8,40.0,47.1,10.0,1.0,0.2355,0.1,10.8241,False,fuzzy_logic_fixed_snr,16.9644,0.8598
24,v4,v6,40.0,56.32,10.0,1.0,0.2816,0.1,9.5811,False,fuzzy_logic_fixed_snr,15.7193,0.7949
24,v4,v11,40.0,57.08,10.0,1.0,0.2854,0.1,9.4882,False,fuzzy_logic_fixed_snr,15.6266,0.8135
24,v4,v7,40.0,100.0,0.0,1.0,0.5,0.0,8.0,False,fuzzy_logic_fixed_snr,14.1381,0.7139
25,v1,v2,40.0,53.08,40.0,1.0,0.2654,0.4,6.8087,False,fuzzy_logic_fixed_snr,12.9451,0.5982
25,v1,v3,40.0,84.21,10.0,1.0,0.4211,0.1,6.7856,False,fuzzy_logic_fixed_snr,12.9252,0.6301
25,v1,v6,40.0,164.11,10.0,1.0,0.8205,0.1,2.1496,True,fuzzy_logic_fixed_snr,21.1136,0.8416
25,v1,v5,40.0,197.02,20.0,1.0,0.9851,0.2,-0.5292,True,fuzzy_logic_fixed_snr,19.3508,0.7783
25,v2,v1,20.0,53.08,40.0,0.6,0.2654,0.4,-13.1913,True,fuzzy_logic_fixed_snr,6.2292,0.158
25,v2,v3,20.0,137.03,30.0,0.6,0.6852,0.3,-19.0057,True,fuzzy_logic_fixed_snr,1.6626,0.108
25,v3,v6,20.0,80.0,0.0,0.6,0.4,0.0,-10.4494,True,fuzzy_logic_fixed_snr,9.6277,0.2137
25,v3,v1,20.0,84.21,10.0,0.6,0.4211,0.1,-13.2144,True,fuzzy_logic_fixed_snr,6.1789,0.1428
25,v3,v5,20.0,113.04,10.0,0.6,0.5652,0.1,-15.2599,True,fuzzy_logic_fixed_snr,4.0836,0.1408
25,v3,v4,20.0,126.14,30.0,0.6,0.6307,0.3,-18.4303,True,fuzzy_logic_fixed_snr,1.9031,0.099
25,v3,v2,20.0,137.03,30.0,0.6,0.6852,0.3,-19.0057,True,fuzzy_logic_fixed_snr,1.6636,0.1188
25,v4,v5,40.0,13.34,20.0,1.0,0.0667,0.2,18.1797,False,fuzzy_logic_fixed_snr,24.3175,0.9672
25,v4,v6,40.0,46.39,30.0,1.0,0.2319,0.3,8.5208,False,fuzzy_logic_fixed_snr,14.6582,0.7391
25,v4,v8,40.0,57.08,40.0,1.0,0.2854,0.4,6.3046,False,fuzzy_logic_fixed_snr,12.4405,0.5805
25,v4,v11,40.0,67.07,20.0,1.0,0.3353,0.2,6.9589,False,fuzzy_logic_fixed_snr,13.0981,0.6268
25,v4,v7,40.0,100.0,20.0,1.0,0.5,0.2,4.183,False,fuzzy_logic_fixed_snr,10.3197,0.3939
26,v1,v3,40.0,74.24,20.0,1.0,0.3712,0.2,6.2526,False,fuzzy_logic_fixed_snr,12.391,0.5865
26,v1,v2,40.0,93.05,10.0,1.0,0.4652,0.1,6.0924,False,fuzzy_logic_fixed_snr,12.2323,0.566
26,v1,v6,40.0,154.12,40.0,1.0,0.7706,0.4,-0.5974,True,fuzzy_logic_fixed_snr,19.2847,0.7869
26,v1,v4,40.0,170.0,0.0,1.0,0.85,0.0,4.3128,True,fuzzy_logic_fixed_snr,22.2131,0.8775
26,v1,v5,40.0,177.03,0.0,1.0,0.8851,0.0,4.0314,True,fuzzy_logic_fixed_snr,22.1026,0.8633
26,v2,v1,20.0,93.05,10.0,0.6,0.4652,0.1,-13.9076,True,fuzzy_logic_fixed_snr,5.3875,0.1521
26,v2,v3,20.0,167.03,10.0,0.6,0.8351,0.1,-17.9728,True,fuzzy_logic_fixed_snr,2.1788,0.1002
26,v3,v1,20.0,74.24,20.0,0.6,0.3712,0.2,-13.7474,True,fuzzy_logic_fixed_snr,5.5725,0.1412
26,v3,v6,20.0,80.0,20.0,0.6,0.4,0.2,-14.2664,True,fuzzy_logic_fixed_snr,5.0055,0.1307
26,v3,v4,20.0,96.19,20.0,0.6,0.4809,0.2,-15.5469,True,fuzzy_logic_fixed_snr,3.8209,0.1385
26,v3,v5,20.0,103.04,20.0,0.6,0.5152,0.2,-16.0253,True,fuzzy_logic_fixed_snr,3.4433,0.1135
26,v3,v2,20.0,167.03,10.0,0.6,0.8351,0.1,-17.9728,True,fuzzy_logic_fixed_snr,2.1627,0.109
26,v4,v5,40.0,7.62,0.0,1.0,0.0381,0.0,25.8926,False,fuzzy_logic_fixed_snr,32.0285,0.9877
26,v4,v6,40.0,17.09,40.0,1.0,0.0854,0.4,14.6852,False,fuzzy_logic_fixed_snr,20.822,0.9432
26,v4,v11,40.0,87.05,10.0,1.0,0.4353,0.1,6.5553,False,fuzzy_logic_fixed_snr,12.6944,0.6107
26,v4,v3,40.0,96.19,20.0,1.0,0.4809,0.2,4.4531,False,fuzzy_logic_fixed_snr,10.5904,0.4115
26,v4,v8,40.0,97.05,20.0,1.0,0.4852,0.2,4.3914,False,fuzzy_logic_fixed_snr,10.5305,0.4027
27,v1,v3,40.0,54.33,20.0,1.0,0.2717,0.2,8.4221,False,fuzzy_logic_fixed_snr,14.5579,0.7346
27,v1,v2,40.0,103.04,20.0,1.0,0.5152,0.2,3.9747,False,fuzzy_logic_fixed_snr,10.1127,0.3736
27,v1,v6,40.0,114.16,0.0,1.0,0.5708,0.0,7.0799,False,fuzzy_logic_fixed_snr,13.2166,0.6434
27,v1,v4,40.0,170.0,0.0,1.0,0.85,0.0,4.3128,True,fuzzy_logic_fixed_snr,22.2188,0.875
27,v1,v5,40.0,177.03,10.0,1.0,0.8851,0.1,1.6232,True,fuzzy_logic_fixed_snr,20.8023,0.8295
27,v2,v1,20.0,103.04,20.0,0.6,0.5152,0.2,-16.0253,True,fuzzy_logic_fixed_snr,3.4551,0.1217
27,v2,v3,20.0,157.03,0.0,0.6,0.7851,0.0,-15.1357,True,fuzzy_logic_fixed_snr,4.1864,0.1254
27,v3,v1,20.0,54.33,20.0,0.6,0.2717,0.2,-11.5779,False,fuzzy_logic_fixed_snr,-5.4415,0.0963
27,v3,v6,20.0,60.0,20.0,0.6,0.3,0.2,-12.2674,True,fuzzy_logic_fixed_snr,7.3443,0.1652
27,v3,v4,20.0,116.16,20.0,0.6,0.5808,0.2,-16.8576,True,fuzzy_logic_fixed_snr,2.8503,0.1271
27,v3,v5,20.0,123.04,10.0,0.6,0.6152,0.1,-15.8488,True,fuzzy_logic_fixed_snr,3.5644,0.1389
27,v3,v2,20.0,157.03,0.0,0.6,0.7851,0.0,-15.1357,True,fuzzy_logic_fixed_snr,4.1942,0.1309
27,v4,v5,40.0,7.62,10.0,1.0,0.0381,0.1,23.4843,False,fuzzy_logic_fixed_snr,29.6231,0.9824
27,v4,v6,40.0,56.32,0.0,1.0,0.2816,0.0,11.9893,False,fuzzy_logic_fixed_snr,18.1281,0.8881
27,v4,v8,40.0,77.06,10.0,1.0,0.3853,0.1,7.4026,False,fuzzy_logic_fixed_snr,13.542,0.6789
27,v4,v11,40.0,77.06,20.0,1.0,0.3853,0.2,5.9939,False,fuzzy_logic_fixed_snr,12.1313,0.5379
27,v4,v10,40.0,90.0,10.0,1.0,0.45,0.1,6.3239,False,fuzzy_logic_fixed_snr,12.4607,0.5822
28,v1,v3,40.0,74.24,0.0,1.0,0.3712,0.0,10.0695,False,fuzzy_logic_fixed_snr,16.206,0.8256
28,v1,v2,40.0,83.05,20.0,1.0,0.4153,0.2,5.4732,False,fuzzy_logic_fixed_snr,11.6108,0.5135
28,v1,v6,40.0,114.16,10.0,1.0,0.5708,0.1,4.6717,False,fuzzy_logic_fixed_snr,10.8093,0.4377
28,v1,v4,40.0,170.0,10.0,1.0,0.85,0.1,1.9046,True,fuzzy_logic_fixed_snr,20.9878,0.8539
28,v1,v5,40.0,187.02,10.0,1.0,0.9351,0.1,1.2414,True,fuzzy_logic_fixed_snr,20.5611,0.8137
28,v2,v1,20.0,83.05,20.0,0.6,0.4153,0.2,-14.5268,True,fuzzy_logic_fixed_snr,4.7513,0.1336
28,v2,v3,20.0,157.03,20.0,0.6,0.7851,0.2,-18.9526,True,fuzzy_logic_fixed_snr,1.6758,0.1273
28,v2,v6,20.0,197.02,10.0,0.6,0.9851,0.1,-19.1205,True,fuzzy_logic_fixed_snr,1.5921,0.1232
28,v3,v6,20.0,40.0,10.0,0.6,0.2,0.1,-8.0412,False,fuzzy_logic_fixed_snr,-1.9044,0.1084
28,v3,v1,20.0,74.24,0.0,0.6,0.3712,0.0,-9.9305,True,fuzzy_logic_fixed_snr,10.2808,0.2453
28,v3,v4,20.0,96.19,10.0,0.6,0.4809,0.1,-14.1381,True,fuzzy_logic_fixed_snr,5.1561,0.1328
28,v3,v5,20.0,113.04,10.0,0.6,0.5652,0.1,-15.2599,True,fuzzy_logic_fixed_snr,4.0731,0.1352
28,v3,v11,20.0,153.03,10.0,0.6,0.7651,0.1,-17.3646,True,fuzzy_logic_fixed_snr,2.5181,0.1209
28,v4,v5,40.0,17.26,20.0,1.0,0.0863,0.2,16.3893,False,fuzzy_logic_fixed_snr,22.5284,0.95
28,v4,v6,40.0,56.32,20.0,1.0,0.2816,0.2,8.1724,False,fuzzy_logic_fixed_snr,14.3099,0.7268
28,v4,v11,40.0,57.08,0.0,1.0,0.2854,0.0,11.8964,False,fuzzy_logic_fixed_snr,18.0372,0.876
28,v4,v8,40.0,67.07,20.0,1.0,0.3353,0.2,6.9589,False,fuzzy_logic_fixed_snr,13.0954,0.6326
28,v4,v10,40.0,80.0,10.0,1.0,0.4,0.1,7.1423,False,fuzzy_logic_fixed_snr,13.2802,0.6561
29,v1,v3,40.0,74.24,20.0,1.0,0.3712,0.2,6.2526,False,fuzzy_logic_fixed_snr,12.3914,0.5689
29,v1,v2,40.0,103.04,10.0,1.0,0.5152,0.1,5.3834,False,fuzzy_logic_fixed_snr,11.5196,0.4988
29,v1,v6,40.0,104.17,20.0,1.0,0.5209,0.2,3.899,False,fuzzy_logic_fixed_snr,10.0376,0.358
29,v1,v5,40.0,177.03,10.0,1.0,0.8851,0.1,1.6232,True,fuzzy_logic_fixed_snr,20.8096,0.8313
29,v1,v4,40.0,180.0,30.0,1.0,0.9,0.3,-0.9008,True,fuzzy_logic_fixed_snr,19.0621,0.7619
29,v2,v1,20.0,103.04,10.0,0.6,0.5152,0.1,-14.6166,True,fuzzy_logic_fixed_snr,4.6715,0.1484
29,v2,v3,20.0,177.03,10.0,0.6,0.8851,0.1,-18.3768,True,fuzzy_logic_fixed_snr,1.9471,0.1223
29,v3,v6,20.0,30.0,0.0,0.6,0.15,0.0,-3.6339,False,fuzzy_logic_fixed_snr,2.5032,0.1432
29,v3,v1,20.0,74.24,20.0,0.6,0.3712,0.2,-13.7474,True,fuzzy_logic_fixed_snr,5.5828,0.1516
29,v3,v5,20.0,103.04,10.0,0.6,0.5152,0.1,-14.6166,True,fuzzy_logic_fixed_snr,4.6851,0.1389
29,v3,v4,20.0,106.17,10.0,0.6,0.5308,0.1,-14.8242,True,fuzzy_logic_fixed_snr,4.4592,0.133
29,v3,v8,20.0,153.03,20.0,0.6,0.7651,0.2,-18.7734,True,fuzzy_logic_fixed_snr,1.767,0.118
29,v4,v5,40.0,4.24,20.0,1.0,0.0212,0.2,26.1408,False,fuzzy_logic_fixed_snr,32.2778,0.9893
29,v4,v8,40.0,47.1,30.0,1.0,0.2355,0.3,8.4158,False,fuzzy_logic_fixed_snr,14.5536,0.7447
29,v4,v11,40.0,57.08,0.0,1.0,0.2854,0.0,11.8964,False,fuzzy_logic_fixed_snr,18.0349,0.8824
29,v4,v10,40.0,70.0,30.0,1.0,0.35,0.3,5.662,False,fuzzy_logic_fixed_snr,11.7995,0.5174
29,v4,v6,40.0,76.24,10.0,1.0,0.3812,0.1,7.4772,False,fuzzy_logic_fixed_snr,13.6144,0.6869
30,v1,v3,40.0,54.33,10.0,1.0,0.2717,0.1,9.8308,False,fuzzy_logic_fixed_snr,15.9688,0.8104
30,v1,v6,40.0,84.21,10.0,1.0,0.4211,0.1,6.7856,False,fuzzy_logic_fixed_snr,12.9225,0.6195
30,v1,v2,40.0,113.04,10.0,1.0,0.5652,0.1,4.7401,False,fuzzy_logic_fixed_snr,10.8764,0.4361
30,v1,v4,40.0,150.0,30.0,1.0,0.75,0.3,0.3661,False,fuzzy_logic_fixed_snr,6.5041,0.1949
30,v1,v5,40.0,167.03,10.0,1.0,0.8351,0.1,2.0272,True,fuzzy_logic_fixed_snr,21.0396,0.8432
30,v2,v1,20.0,113.04,10.0,0.6,0.5652,0.1,-15.2599,True,fuzzy_logic_fixed_snr,4.0737,0.1266
30,v2,v3,20.0,167.03,0.0,0.6,0.8351,0.0,-15.5646,True,fuzzy_logic_fixed_snr,3.816,0.1266
30,v2,v6,20.0,197.02,0.0,0.6,0.9851,0.0,-16.7123,True,fuzzy_logic_fixed_snr,2.9389,0.1246
30,v3,v6,20.0,30.0,0.0,0.6,0.15,0.0,-3.6339,False,fuzzy_logic_fixed_snr,2.5027,0.1334
30,v3,v1,20.0,54.33,10.0,0.6,0.2717,0.1,-10.1692,False,fuzzy_logic_fixed_snr,-4.0311,0.1012
30,v3,v4,20.0,96.19,20.0,0.6,0.4809,0.2,-15.5469,True,fuzzy_logic_fixed_snr,3.8231,0.1264
30,v3,v5,20.0,113.04,0.0,0.6,0.5652,0.0,-12.8517,True,fuzzy_logic_fixed_snr,6.6193,0.1537
30,v3,v11,20.0,153.03,20.0,0.6,0.7651,0.2,-18.7734,True,fuzzy_logic_fixed_snr,1.7568,0.1166
30,v4,v5,40.0,17.26,20.0,1.0,0.0863,0.2,16.3893,False,fuzzy_logic_fixed_snr,22.5277,0.9598
30,v4,v11,40.0,57.08,0.0,1.0,0.2854,0.0,11.8964,False,fuzzy_logic_fixed_snr,18.0347,0.8957
30,v4,v6,40.0,66.27,20.0,1.0,0.3314,0.2,7.0417,False,fuzzy_logic_fixed_snr,13.1815,0.6326
30,v4,v8,40.0,77.06,30.0,1.0,0.3853,0.3,4.9944,False,fuzzy_logic_fixed_snr,11.1293,0.4453
30,v4,v3,40.0,96.19,20.0,1.0,0.4809,0.2,4.4531,False,fuzzy_logic_fixed_snr,10.5909,0.4248
31,v1,v3,40.0,64.28,10.0,1.0,0.3214,0.1,8.6625,False,fuzzy_logic_fixed_snr,14.8002,0.7566
31,v1,v2,40.0,86.83,42.43,1.0,0.4342,0.4243,3.2246,False,fuzzy_logic_fixed_snr,9.363,0.3248
31,v1,v6,40.0,94.19,20.0,1.0,0.471,0.2,4.5989,False,fuzzy_logic_fixed_snr,10.7365,0.426
31,v1,v5,40.0,177.03,20.0,1.0,0.8851,0.2,0.2145,True,fuzzy_logic_fixed_snr,19.9017,0.8072
31,v1,v4,40.0,180.0,20.0,1.0,0.9,0.2,0.0987,True,fuzzy_logic_fixed_snr,19.7705,0.8021
31,v2,v1,20.0,86.83,42.43,0.6,0.4342,0.4243,-16.7754,True,fuzzy_logic_fixed_snr,2.8838,0.1232
31,v2,v3,20.0,148.86,50.0,0.6,0.7443,0.5,-20.9898,True,fuzzy_logic_fixed_snr,0.9284,0.1154
31,v2,v6,20.0,178.72,31.62,0.6,0.8936,0.3162,-20.9893,True,fuzzy_logic_fixed_snr,0.92,0.0992
31,v3,v6,20.0,30.0,30.0,0.6,0.15,0.3,-8.4504,True,fuzzy_logic_fixed_snr,11.951,0.3115
31,v3,v1,20.0,64.28,10.0,0.6,0.3214,0.1,-11.3375,True,fuzzy_logic_fixed_snr,8.53,0.1838
31,v3,v5,20.0,113.04,10.0,0.6,0.5652,0.1,-15.2599,True,fuzzy_logic_fixed_snr,4.0799,0.1238
31,v3,v4,20.0,116.16,10.0,0.6,0.5808,0.1,-15.4489,True,fuzzy_logic_fixed_snr,3.9127,0.11
31,v3,v2,20.0,148.86,50.0,0.6,0.7443,0.5,-20.9898,True,fuzzy_logic_fixed_snr,0.9345,0.0982
31,v4,v5,40.0,4.24,0.0,1.0,0.0212,0.0,29.9578,False,fuzzy_logic_fixed_snr,36.0958,0.9922
31,v4,v8,40.0,47.1,0.0,1.0,0.2355,0.0,13.2323,False,fuzzy_logic_fixed_snr,19.3713,0.9125
31,v4,v11,40.0,57.08,40.0,1.0,0.2854,0.4,6.3046,False,fuzzy_logic_fixed_snr,12.4414,0.5816
31,v4,v10,40.0,80.0,20.0,1.0,0.4,0.2,5.7336,False,fuzzy_logic_fixed_snr,11.8707,0.5316
31,v4,v6,40.0,86.21,40.0,1.0,0.431,0.4,3.4394,False,fuzzy_logic_fixed_snr,9.5767,0.3398
32,v1,v3,40.0,54.33,40.0,1.0,0.2717,0.4,6.6473,False,fuzzy_logic_fixed_snr,12.7862,0.5988
32,v1,v2,40.0,74.97,58.31,1.0,0.3748,0.5831,3.3263,False,fuzzy_logic_fixed_snr,9.4629,0.3209
32,v1,v6,40.0,114.16,20.0,1.0,0.5708,0.2,3.2629,False,fuzzy_logic_fixed_snr,9.3994,0.3375
32,v1,v5,40.0,157.03,0.0,1.0,0.7851,0.0,4.8643,True,fuzzy_logic_fixed_snr,22.4522,0.8854
32,v1,v4,40.0,160.0,20.0,1.0,0.8,0.2,0.9171,True,fuzzy_logic_fixed_snr,20.3626,0.8211
32,v2,v1,20.0,74.97,58.31,0.6,0.3748,0.5831,-16.6737,True,fuzzy_logic_fixed_snr,2.9537,0.1217
32,v2,v3,20.0,117.39,31.62,0.6,0.5869,0.3162,-18.0686,True,fuzzy_logic_fixed_snr,2.1346,0.1314
32,v2,v6,20.0,174.18,42.43,0.6,0.8709,0.4243,-21.6125,True,fuzzy_logic_fixed_snr,0.7615,0.099
32,v3,v1,20.0,54.33,40.0,0.6,0.2717,0.4,-13.3527,True,fuzzy_logic_fixed_snr,6.0464,0.1467
32,v3,v6,20.0,60.0,20.0,0.6,0.3,0.2,-12.2674,True,fuzzy_logic_fixed_snr,7.3551,0.1545
32,v3,v5,20.0,103.04,40.0,0.6,0.5152,0.4,-17.8001,True,fuzzy_logic_fixed_snr,2.2632,0.1203
32,v3,v4,20.0,106.17,20.0,0.6,0.5308,0.2,-16.233,True,fuzzy_logic_fixed_snr,3.2961,0.1271
32,v3,v2,20.0,117.39,31.62,0.6,0.5869,0.3162,-18.0686,True,fuzzy_logic_fixed_snr,2.1096,0.1129
32,v4,v5,40.0,4.24,20.0,1.0,0.0212,0.2,26.1408,False,fuzzy_logic_fixed_snr,32.2787,0.9896
32,v4,v6,40.0,46.39,0.0,1.0,0.2319,0.0,13.3373,False,fuzzy_logic_fixed_snr,19.4752,0.9117
32,v4,v8,40.0,47.1,0.0,1.0,0.2355,0.0,13.2323,False,fuzzy_logic_fixed_snr,19.3691,0.9172
32,v4,v11,40.0,97.05,20.0,1.0,0.4852,0.2,4.3914,False,fuzzy_logic_fixed_snr,10.5281,0.4045
32,v4,v10,40.0,100.0,0.0,1.0,0.5,0.0,8.0,False,fuzzy_logic_fixed_snr,14.1362,0.7297
33,v1,v2,40.0,82.1,50.99,1.0,0.4105,0.5099,3.0886,False,fuzzy_logic_fixed_snr,9.2257,0.3086
33,v1,v3,40.0,94.19,20.0,1.0,0.471,0.2,4.5989,False,fuzzy_logic_fixed_snr,10.737,0.4336
33,v1,v6,40.0,134.13,10.0,1.0,0.6707,0.1,3.5511,False,fuzzy_logic_fixed_snr,9.6892,0.3438
33,v1,v5,40.0,157.03,30.0,1.0,0.7851,0.3,0.0479,True,fuzzy_logic_fixed_snr,19.7564,0.793
33,v1,v4,40.0,180.0,20.0,1.0,0.9,0.2,0.0987,True,fuzzy_logic_fixed_snr,19.7964,0.7885
33,v2,v1,20.0,82.1,50.99,0.6,0.4105,0.5099,-16.9114,True,fuzzy_logic_fixed_snr,2.795,0.1313
33,v2,v3,20.0,124.02,31.62,0.6,0.6201,0.3162,-18.4503,True,fuzzy_logic_fixed_snr,1.9014,0.1217
33,v2,v6,20.0,157.54,41.23,0.6,0.7877,0.4123,-20.8347,True,fuzzy_logic_fixed_snr,0.951,0.1188
33,v2,v5,20.0,179.34,22.36,0.6,0.8967,0.2236,-20.1389,True,fuzzy_logic_fixed_snr,1.2074,0.1094
33,v3,v6,20.0,40.0,10.0,0.6,0.2,0.1,-8.0412,False,fuzzy_logic_fixed_snr,-1.9001,0.108
33,v3,v5,20.0,63.07,10.0,0.6,0.3154,0.1,-11.2056,True,fuzzy_logic_fixed_snr,8.7139,0.1838
33,v3,v4,20.0,86.21,0.0,0.6,0.431,0.0,-10.9688,True,fuzzy_logic_fixed_snr,9.0171,0.202
33,v3,v1,20.0,94.19,20.0,0.6,0.471,0.2,-15.4011,True,fuzzy_logic_fixed_snr,3.9593,0.1246
33,v3,v2,20.0,124.02,31.62,0.6,0.6201,0.3162,-18.4503,True,fuzzy_logic_fixed_snr,1.8943,0.1025
33,v4,v5,40.0,23.19,10.0,1.0,0.116,0.1,15.7455,False,fuzzy_logic_fixed_snr,21.8835,0.9457
33,v4,v6,40.0,46.39,10.0,1.0,0.2319,0.1,10.929,False,fuzzy_logic_fixed_snr,17.0654,0.849
33,v4,v8,40.0,47.1,20.0,1.0,0.2355,0.2,9.4153,False,fuzzy_logic_fixed_snr,15.5525,0.799
33,v4,v11,40.0,77.06,10.0,1.0,0.3853,0.1,7.4026,False,fuzzy_logic_fixed_snr,13.5395,0.6691
33,v4,v3,40.0,86.21,0.0,1.0,0.431,0.0,9.0312,False,fuzzy_logic_fixed_snr,15.1691,0.7775
34,v1,v2,40.0,49.09,20.0,1.0,0.2455,0.2,9.1269,False,fuzzy_logic_fixed_snr,15.2664,0.7852
34,v1,v3,40.0,80.06,36.06,1.0,0.4003,0.3606,4.2389,False,fuzzy_logic_fixed_snr,10.3773,0.3959
34,v1,v6,40.0,107.56,36.06,1.0,0.5378,0.3606,2.1871,False,fuzzy_logic_fixed_snr,8.3234,0.2674
34,v1,v5,40.0,149.45,36.06,1.0,0.7473,0.3606,-0.0983,True,fuzzy_logic_fixed_snr,19.6639,0.7879
34,v1,v4,40.0,162.78,42.43,1.0,0.8139,0.4243,-1.1421,True,fuzzy_logic_fixed_snr,18.8689,0.7439
34,v2,v1,20.0,49.09,20.0,0.6,0.2455,0.2,-10.8731,False,fuzzy_logic_fixed_snr,-4.7359,0.0977
34,v2,v3,20.0,109.64,22.36,0.6,0.5482,0.2236,-16.7194,True,fuzzy_logic_fixed_snr,2.9342,0.1295
34,v2,v6,20.0,130.38,22.36,0.6,0.6519,0.2236,-17.9237,True,fuzzy_logic_fixed_snr,2.181,0.1188
34,v2,v5,20.0,166.74,22.36,0.6,0.8337,0.2236,-19.6327,True,fuzzy_logic_fixed_snr,1.3703,0.108
34,v2,v4,20.0,179.39,31.62,0.6,0.8969,0.3162,-21.0153,True,fuzzy_logic_fixed_snr,0.9125,0.123
34,v3,v6,20.0,30.0,0.0,0.6,0.15,0.0,-3.6339,False,fuzzy_logic_fixed_snr,2.5036,0.1344
34,v3,v5,20.0,73.06,0.0,0.6,0.3653,0.0,-9.819,True,fuzzy_logic_fixed_snr,10.3773,0.2496
34,v3,v1,20.0,80.06,36.06,0.6,0.4003,0.3606,-15.7611,True,fuzzy_logic_fixed_snr,3.6575,0.116
34,v3,v4,20.0,86.21,10.0,0.6,0.431,0.1,-13.3771,True,fuzzy_logic_fixed_snr,6.0106,0.1656
34,v3,v2,20.0,109.64,22.36,0.6,0.5482,0.2236,-16.7194,True,fuzzy_logic_fixed_snr,2.9419,0.1074
34,v4,v5,40.0,13.34,10.0,1.0,0.0667,0.1,19.5884,False,fuzzy_logic_fixed_snr,25.7255,0.9672
34,v4,v8,40.0,27.17,20.0,1.0,0.1358,0.2,13.2386,False,fuzzy_logic_fixed_snr,19.3763,0.9199
34,v4,v6,40.0,56.32,10.0,1.0,0.2816,0.1,9.5811,False,fuzzy_logic_fixed_snr,15.7188,0.8076
34,v4,v11,40.0,67.07,10.0,1.0,0.3353,0.1,8.3676,False,fuzzy_logic_fixed_snr,14.5071,0.733
34,v4,v7,40.0,80.0,10.0,1.0,0.4,0.1,7.1423,False,fuzzy_logic_fixed_snr,13.281,0.6615
35,v1,v2,40.0,29.15,0.0,1.0,0.1458,0.0,16.5646,False,fuzzy_logic_fixed_snr,22.7015,0.9539
35,v1,v3,40.0,84.2,22.36,1.0,0.421,0.2236,5.1147,False,fuzzy_logic_fixed_snr,11.2525,0.4779
35,v1,v6,40.0,105.12,28.28,1.0,0.5256,0.2828,2.9889,False,fuzzy_logic_fixed_snr,9.1281,0.298
35,v1,v5,40.0,142.39,44.72,1.0,0.712,0.4472,-0.3611,True,fuzzy_logic_fixed_snr,19.4596,0.7686
35,v1,v4,40.0,146.49,22.36,1.0,0.7324,0.2236,1.2671,False,fuzzy_logic_fixed_snr,7.4042,0.2141
35,v2,v1,20.0,29.15,0.0,0.6,0.1458,0.0,-3.4354,False,fuzzy_logic_fixed_snr,2.7034,0.1408
35,v2,v3,20.0,107.33,22.36,0.6,0.5367,0.2236,-16.5718,True,fuzzy_logic_fixed_snr,3.0158,0.1143
35,v2,v6,20.0,123.69,28.28,0.6,0.6185,0.2828,-18.1417,True,fuzzy_logic_fixed_snr,2.0881,0.1033
35,v2,v5,20.0,156.34,44.72,0.6,0.7817,0.4472,-21.0103,True,fuzzy_logic_fixed_snr,0.9256,0.0994
35,v2,v4,20.0,160.56,22.36,0.6,0.8028,0.2236,-19.3704,True,fuzzy_logic_fixed_snr,1.5099,0.0984
35,v3,v6,20.0,30.0,10.0,0.6,0.15,0.1,-6.0422,False,fuzzy_logic_fixed_snr,0.0941,0.1256
35,v3,v5,20.0,73.06,30.0,0.6,0.3653,0.3,-14.6355,True,fuzzy_logic_fixed_snr,4.6441,0.1373
35,v3,v4,20.0,76.24,0.0,0.6,0.3812,0.0,-10.1146,True,fuzzy_logic_fixed_snr,10.052,0.2232
35,v3,v1,20.0,84.2,22.36,0.6,0.421,0.2236,-14.8853,True,fuzzy_logic_fixed_snr,4.4074,0.124
35,v3,v2,20.0,107.33,22.36,0.6,0.5367,0.2236,-16.5718,True,fuzzy_logic_fixed_snr,3.0515,0.1254
35,v4,v5,40.0,4.24,30.0,1.0,0.0212,0.3,25.1413,False,fuzzy_logic_fixed_snr,31.2775,0.9854
35,v4,v6,40.0,46.39,10.0,1.0,0.2319,0.1,10.929,False,fuzzy_logic_fixed_snr,17.0666,0.8553
35,v4,v8,40.0,47.1,40.0,1.0,0.2355,0.4,7.6405,False,fuzzy_logic_fixed_snr,13.7781,0.6867
35,v4,v11,40.0,57.08,40.0,1.0,0.2854,0.4,6.3046,False,fuzzy_logic_fixed_snr,12.4402,0.5752
35,v4,v3,40.0,76.24,0.0,1.0,0.3812,0.0,9.8854,False,fuzzy_logic_fixed_snr,16.0239,0.8137
36,v1,v2,40.0,29.15,10.0,1.0,0.1458,0.1,14.1564,False,fuzzy_logic_fixed_snr,20.2981,0.9256
36,v1,v3,40.0,96.18,64.03,1.0,0.4809,0.6403,1.3155,True,fuzzy_logic_fixed_snr,20.6166,0.8426
36,v1,v6,40.0,106.25,56.57,1.0,0.5313,0.5657,0.9923,True,fuzzy_logic_fixed_snr,20.4248,0.8303
36,v1,v5,40.0,123.11,64.03,1.0,0.6155,0.6403,-0.4,True,fuzzy_logic_fixed_snr,19.4595,0.7672
36,v1,v4,40.0,149.46,56.57,1.0,0.7473,0.5657,-1.3785,True,fuzzy_logic_fixed_snr,18.6968,0.7412
36,v2,v1,20.0,29.15,10.0,0.6,0.1458,0.1,-5.8436,False,fuzzy_logic_fixed_snr,0.2947,0.1119
36,v2,v3,20.0,122.07,70.71,0.6,0.6103,0.7071,-20.6409,True,fuzzy_logic_fixed_snr,1.0173,0.1037
36,v2,v6,20.0,129.69,64.03,0.6,0.6485,0.6403,-20.7619,True,fuzzy_logic_fixed_snr,0.9931,0.1086
36,v2,v5,20.0,143.95,70.71,0.6,0.7198,0.7071,-21.7869,True,fuzzy_logic_fixed_snr,0.6896,0.1164
36,v2,v4,20.0,166.97,64.03,0.6,0.8349,0.6403,-22.5177,True,fuzzy_logic_fixed_snr,0.5467,0.0988
36,v3,v6,20.0,20.0,10.0,0.6,0.1,0.1,-3.2247,False,fuzzy_logic_fixed_snr,2.9131,0.1256
36,v3,v5,20.0,43.1,0.0,0.6,0.2155,0.0,-6.1524,False,fuzzy_logic_fixed_snr,-0.0151,0.1256
36,v3,v4,20.0,76.24,10.0,0.6,0.3812,0.1,-12.5228,True,fuzzy_logic_fixed_snr,7.0368,0.1668
36,v3,v8,20.0,83.05,10.0,0.6,0.4153,0.1,-13.118,True,fuzzy_logic_fixed_snr,6.2901,0.149
36,v3,v11,20.0,93.05,30.0,0.6,0.4652,0.3,-16.3158,True,fuzzy_logic_fixed_snr,3.2387,0.1275
36,v4,v8,40.0,7.62,0.0,1.0,0.0381,0.0,25.8926,False,fuzzy_logic_fixed_snr,32.0303,0.9932
36,v4,v11,40.0,17.26,20.0,1.0,0.0863,0.2,16.3893,False,fuzzy_logic_fixed_snr,22.5276,0.9477
36,v4,v5,40.0,33.14,10.0,1.0,0.1657,0.1,13.2669,False,fuzzy_logic_fixed_snr,19.405,0.9211
36,v4,v6,40.0,56.32,0.0,1.0,0.2816,0.0,11.9893,False,fuzzy_logic_fixed_snr,18.127,0.8922
36,v4,v3,40.0,76.24,10.0,1.0,0.3812,0.1,7.4772,False,fuzzy_logic_fixed_snr,13.6157,0.6775
37,v1,v2,40.0,39.12,0.0,1.0,0.1956,0.0,14.5225,False,fuzzy_logic_fixed_snr,20.6592,0.9348
37,v1,v3,40.0,112.16,0.0,1.0,0.5608,0.0,7.2026,False,fuzzy_logic_fixed_snr,13.3422,0.6678
37,v1,v6,40.0,128.72,36.06,1.0,0.6436,0.3606,0.9392,False,fuzzy_logic_fixed_snr,7.0768,0.2018
37,v1,v5,40.0,134.37,31.62,1.0,0.6719,0.3162,0.9924,False,fuzzy_logic_fixed_snr,7.1296,0.2053
37,v1,v4,40.0,153.68,58.31,1.0,0.7684,0.5831,-1.6618,True,fuzzy_logic_fixed_snr,18.4563,0.7203
37,v2,v1,20.0,39.12,0.0,0.6,0.1956,0.0,-5.4775,False,fuzzy_logic_fixed_snr,0.6606,0.1262
37,v2,v3,20.0,151.03,0.0,0.6,0.7551,0.0,-14.865,True,fuzzy_logic_fixed_snr,4.4296,0.1445
37,v2,v6,20.0,166.97,36.06,0.6,0.8349,0.3606,-20.8686,True,fuzzy_logic_fixed_snr,0.9552,0.1086
37,v2,v5,20.0,171.82,31.62,0.6,0.8591,0.3162,-20.7158,True,fuzzy_logic_fixed_snr,1.0086,0.1029
37,v2,v4,20.0,187.24,58.31,0.6,0.9362,0.5831,-23.0343,True,fuzzy_logic_fixed_snr,0.4229,0.1043
37,v3,v6,20.0,21.21,36.06,0.6,0.1061,0.3606,-6.532,True,fuzzy_logic_fixed_snr,13.9524,0.4186
37,v3,v5,20.0,33.29,31.62,0.6,0.1664,0.3162,-9.311,True,fuzzy_logic_fixed_snr,11.0039,0.2652
37,v3,v4,20.0,74.04,58.31,0.6,0.3702,0.5831,-16.5874,True,fuzzy_logic_fixed_snr,2.9963,0.1143
37,v3,v8,20.0,80.05,36.06,0.6,0.4002,0.3606,-15.76,True,fuzzy_logic_fixed_snr,3.6403,0.1428
37,v3,v11,20.0,109.49,36.06,0.6,0.5474,0.3606,-17.9362,True,fuzzy_logic_fixed_snr,2.1848,0.1189
37,v4,v8,40.0,7.62,30.0,1.0,0.0381,0.3,21.0761,False,fuzzy_logic_fixed_snr,27.2142,0.9779
37,v4,v11,40.0,37.12,30.0,1.0,0.1856,0.3,10.0695,False,fuzzy_logic_fixed_snr,16.2089,0.8221
37,v4,v5,40.0,43.1,40.0,1.0,0.2155,0.4,8.2559,False,fuzzy_logic_fixed_snr,14.3939,0.7209
37,v4,v6,40.0,56.32,30.0,1.0,0.2816,0.3,7.1729,False,fuzzy_logic_fixed_snr,13.3113,0.6463
37,v4,v3,40.0,74.04,58.31,1.0,0.3702,0.5831,3.4126,False,fuzzy_logic_fixed_snr,9.5507,0.3281
38,v1,v2,40.0,39.12,0.0,1.0,0.1956,0.0,14.5225,False,fuzzy_logic_fixed_snr,20.659,0.9412
38,v1,v3,40.0,112.16,10.0,1.0,0.5608,0.1,4.7943,False,fuzzy_logic_fixed_snr,10.9319,0.4494
38,v1,v6,40.0,152.12,0.0,1.0,0.7606,0.0,5.0851,False,fuzzy_logic_fixed_snr,11.2226,0.4758
38,v1,v5,40.0,161.79,64.03,1.0,0.8089,0.6403,-2.2985,True,fuzzy_logic_fixed_snr,17.9103,0.7041
38,v1,v4,40.0,165.22,41.23,1.0,0.8261,0.4123,-1.1653,True,fuzzy_logic_fixed_snr,18.8366,0.741
38,v2,v1,20.0,39.12,0.0,0.6,0.1956,0.0,-5.4775,False,fuzzy_logic_fixed_snr,0.6618,0.1369
38,v2,v3,20.0,151.03,10.0,0.6,0.7551,0.1,-17.2732,True,fuzzy_logic_fixed_snr,2.5401,0.0953
38,v2,v6,20.0,191.02,0.0,0.6,0.9551,0.0,-16.4974,True,fuzzy_logic_fixed_snr,3.0825,0.1275
38,v3,v6,20.0,40.0,10.0,0.6,0.2,0.1,-8.0412,False,fuzzy_logic_fixed_snr,-1.905,0.1064
38,v3,v5,20.0,51.26,70.71,0.6,0.2563,0.7071,-14.6125,True,fuzzy_logic_fixed_snr,4.6662,0.1393
38,v3,v4,20.0,55.15,50.99,0.6,0.2758,0.5099,-14.1474,True,fuzzy_logic_fixed_snr,5.1619,0.1488
38,v3,v8,20.0,75.29,50.99,0.6,0.3764,0.5099,-16.3095,True,fuzzy_logic_fixed_snr,3.2415,0.1322
38,v3,v11,20.0,100.24,64.03,0.6,0.5012,0.6403,-18.972,True,fuzzy_logic_fixed_snr,1.6599,0.1086
38,v4,v5,40.0,4.24,40.0,1.0,0.0212,0.4,24.3661,False,fuzzy_logic_fixed_snr,30.5066,0.9877
38,v4,v6,40.0,23.71,41.23,1.0,0.1185,0.4123,12.3258,False,fuzzy_logic_fixed_snr,18.4632,0.8959
38,v4,v8,40.0,37.12,0.0,1.0,0.1856,0.0,14.886,False,fuzzy_logic_fixed_snr,21.0226,0.9363
38,v4,v3,40.0,55.15,50.99,1.0,0.2758,0.5099,5.8526,False,fuzzy_logic_fixed_snr,11.9923,0.5385
38,v4,v11,40.0,67.07,30.0,1.0,0.3353,0.3,5.9594,False,fuzzy_logic_fixed_snr,12.0961,0.5332
39,v1,v2,40.0,39.12,30.0,1.0,0.1956,0.3,9.706,False,fuzzy_logic_fixed_snr,15.8433,0.8238
39,v1,v3,40.0,102.18,0.0,1.0,0.5109,0.0,7.8504,False,fuzzy_logic_fixed_snr,13.9886,0.7092
39,v1,v6,40.0,152.12,20.0,1.0,0.7606,0.2,1.2681,False,fuzzy_logic_fixed_snr,7.4065,0.2258
39,v1,v5,40.0,171.03,0.0,1.0,0.8551,0.0,4.271,True,fuzzy_logic_fixed_snr,22.1792,0.8773
39,v2,v1,20.0,39.12,30.0,0.6,0.1956,0.3,-10.294,True,fuzzy_logic_fixed_snr,9.8383,0.2039
39,v2,v3,20.0,141.03,30.0,0.6,0.7052,0.3,-19.2056,True,fuzzy_logic_fixed_snr,1.5585,0.1115
39,v2,v6,20.0,191.02,10.0,0.6,0.9551,0.1,-18.9056,True,fuzzy_logic_fixed_snr,1.6826,0.1021
39,v3,v6,20.0,50.0,20.0,0.6,0.25,0.2,-11.0005,False,fuzzy_logic_fixed_snr,-4.8614,0.0992
39,v3,v5,20.0,69.07,0.0,0.6,0.3453,0.0,-9.4281,True,fuzzy_logic_fixed_snr,10.8414,0.2551
39,v3,v4,20.0,101.6,50.0,0.6,0.508,0.5,-18.3353,True,fuzzy_logic_fixed_snr,1.9541,0.1115
39,v3,v1,20.0,102.18,0.0,0.6,0.5109,0.0,-12.1496,True,fuzzy_logic_fixed_snr,7.5036,0.1697
39,v3,v8,20.0,109.12,44.72,0.6,0.5456,0.4472,-18.512,True,fuzzy_logic_fixed_snr,1.8679,0.1068
39,v4,v5,40.0,34.93,50.0,1.0,0.1746,0.5,9.0839,False,fuzzy_logic_fixed_snr,15.2222,0.7723
39,v4,v8,40.0,37.12,10.0,1.0,0.1856,0.1,12.4778,False,fuzzy_logic_fixed_snr,18.6139,0.8936
39,v4,v11,40.0,37.12,20.0,1.0,0.1856,0.2,11.069,False,fuzzy_logic_fixed_snr,17.2045,0.8621
39,v4,v6,40.0,52.17,36.06,1.0,0.2609,0.3606,7.2146,False,fuzzy_logic_fixed_snr,13.3543,0.659
39,v4,v9,40.0,94.19,20.0,1.0,0.471,0.2,4.5989,False,fuzzy_logic_fixed_snr,10.7378,0.4137
40,v1,v2,40.0,9.49,20.0,1.0,0.0474,0.2,20.5491,False,fuzzy_logic_fixed_snr,26.689,0.9775
40,v1,v3,40.0,102.18,30.0,1.0,0.5109,0.3,3.0339,False,fuzzy_logic_fixed_snr,9.1719,0.3086
40,v1,v5,40.0,171.03,10.0,1.0,0.8551,0.1,1.8628,True,fuzzy_logic_fixed_snr,20.9523,0.8453
40,v1,v6,40.0,172.1,30.0,1.0,0.8605,0.3,-0.5892,True,fuzzy_logic_fixed_snr,19.3169,0.773
40,v2,v1,20.0,9.49,20.0,0.6,0.0474,0.2,0.5491,False,fuzzy_logic_fixed_snr,6.6874,0.1906
40,v2,v3,20.0,111.04,10.0,0.6,0.5552,0.1,-15.1359,True,fuzzy_logic_fixed_snr,4.1792,0.1434
40,v2,v5,20.0,180.0,10.0,0.6,0.9,0.1,-18.4926,True,fuzzy_logic_fixed_snr,1.8638,0.1188
40,v2,v6,20.0,181.02,10.0,0.6,0.9051,0.1,-18.5321,True,fuzzy_logic_fixed_snr,1.8713,0.1246
40,v3,v5,20.0,69.07,20.0,0.6,0.3453,0.2,-13.2451,True,fuzzy_logic_fixed_snr,6.157,0.1525
40,v3,v6,20.0,70.0,0.0,0.6,0.35,0.0,-9.5216,True,fuzzy_logic_fixed_snr,10.753,0.2332
40,v3,v1,20.0,102.18,30.0,0.6,0.5109,0.3,-16.9661,True,fuzzy_logic_fixed_snr,2.7741,0.1096
40,v3,v2,20.0,111.04,10.0,0.6,0.5552,0.1,-15.1359,True,fuzzy_logic_fixed_snr,4.1611,0.148
40,v3,v4,20.0,128.14,10.0,0.6,0.6407,0.1,-16.1312,True,fuzzy_logic_fixed_snr,3.3531,0.1289
40,v4,v8,40.0,35.44,42.43,1.0,0.1772,0.4243,9.4517,False,fuzzy_logic_fixed_snr,15.5895,0.807
40,v4,v11,40.0,45.12,50.0,1.0,0.2256,0.5,7.3046,False,fuzzy_logic_fixed_snr,13.4398,0.6553
40,v4,v6,40.0,58.31,10.0,1.0,0.2915,0.1,9.3399,False,fuzzy_logic_fixed_snr,15.4774,0.7814
40,v4,v5,40.0,59.08,10.0,1.0,0.2954,0.1,9.2492,False,fuzzy_logic_fixed_snr,15.3843,0.7887
40,v4,v9,40.0,61.4,50.0,1.0,0.307,0.5,5.1641,False,fuzzy_logic_fixed_snr,11.3008,0.4814
41,v1,v2,40.0,29.15,0.0,1.0,0.1458,0.0,16.5646,False,fuzzy_logic_fixed_snr,22.6999,0.9604
41,v1,v3,40.0,72.25,10.0,1.0,0.3612,0.1,7.8504,False,fuzzy_logic_fixed_snr,13.9877,0.7035
41,v1,v6,40.0,142.13,40.0,1.0,0.7106,0.4,-0.0346,True,fuzzy_logic_fixed_snr,19.7019,0.8014
41,v1,v5,40.0,161.03,0.0,1.0,0.8051,0.0,4.6896,True,fuzzy_logic_fixed_snr,22.3759,0.8773
41,v2,v1,20.0,29.15,0.0,0.6,0.1458,0.0,-3.4354,False,fuzzy_logic_fixed_snr,2.7024,0.1438
41,v2,v3,20.0,101.04,10.0,0.6,0.5052,0.1,-14.4804,True,fuzzy_logic_fixed_snr,4.8232,0.1344
41,v2,v6,20.0,171.03,40.0,0.6,0.8551,0.4,-21.3208,True,fuzzy_logic_fixed_snr,0.8301,0.1008
41,v2,v5,20.0,190.0,0.0,0.6,0.95,0.0,-16.4601,True,fuzzy_logic_fixed_snr,3.0928,0.1031
41,v3,v6,20.0,70.0,30.0,0.6,0.35,0.3,-14.338,True,fuzzy_logic_fixed_snr,4.9505,0.132
41,v3,v1,20.0,72.25,10.0,0.6,0.3612,0.1,-12.1496,True,fuzzy_logic_fixed_snr,7.4928,0.1781
41,v3,v5,20.0,89.05,10.0,0.6,0.4453,0.1,-13.6024,True,fuzzy_logic_fixed_snr,5.7586,0.1738
41,v3,v2,20.0,101.04,10.0,0.6,0.5052,0.1,-14.4804,True,fuzzy_logic_fixed_snr,4.814,0.1412
41,v3,v4,20.0,138.13,0.0,0.6,0.6907,0.0,-14.2446,True,fuzzy_logic_fixed_snr,5.0323,0.1311
41,v4,v8,40.0,40.2,28.28,1.0,0.201,0.2828,9.6683,False,fuzzy_logic_fixed_snr,15.8038,0.7863
41,v4,v11,40.0,40.2,22.36,1.0,0.201,0.2236,10.2523,False,fuzzy_logic_fixed_snr,16.3915,0.8387
41,v4,v9,40.0,42.54,28.28,1.0,0.2127,0.2828,9.2744,False,fuzzy_logic_fixed_snr,15.4112,0.7939
41,v4,v5,40.0,49.09,10.0,1.0,0.2455,0.1,10.5356,False,fuzzy_logic_fixed_snr,16.6744,0.843
41,v4,v14,40.0,59.46,44.72,1.0,0.2973,0.4472,5.7066,False,fuzzy_logic_fixed_snr,11.8457,0.5338
42,v1,v2,40.0,29.15,10.0,1.0,0.1458,0.1,14.1564,False,fuzzy_logic_fixed_snr,20.2928,0.9373
42,v1,v3,40.0,62.29,10.0,1.0,0.3114,0.1,8.8811,False,fuzzy_logic_fixed_snr,15.0204,0.7693
42,v1,v6,40.0,102.18,10.0,1.0,0.5109,0.1,5.4422,False,fuzzy_logic_fixed_snr,11.5812,0.5148
42,v1,v5,40.0,161.03,10.0,1.0,0.8051,0.1,2.2813,True,fuzzy_logic_fixed_snr,21.2056,0.8463
42,v1,v4,40.0,200.0,30.0,1.0,1.0,0.3,-1.633,True,fuzzy_logic_fixed_snr,18.4867,0.7271
42,v2,v1,20.0,29.15,10.0,0.6,0.1458,0.1,-5.8436,False,fuzzy_logic_fixed_snr,0.2945,0.1232
42,v2,v3,20.0,91.05,20.0,0.6,0.4552,0.2,-15.1654,True,fuzzy_logic_fixed_snr,4.1675,0.1277
42,v2,v6,20.0,131.03,0.0,0.6,0.6552,0.0,-13.8782,True,fuzzy_logic_fixed_snr,5.4369,0.1367
42,v2,v5,20.0,190.0,20.0,0.6,0.95,0.2,-20.277,True,fuzzy_logic_fixed_snr,1.135,0.0979
42,v3,v6,20.0,40.0,20.0,0.6,0.2,0.2,-9.4499,False,fuzzy_logic_fixed_snr,-3.3127,0.107
42,v3,v1,20.0,62.29,10.0,0.6,0.3114,0.1,-11.1189,True,fuzzy_logic_fixed_snr,8.8154,0.193
42,v3,v2,20.0,91.05,20.0,0.6,0.4552,0.2,-15.1654,True,fuzzy_logic_fixed_snr,4.1508,0.1395
42,v3,v5,20.0,99.05,0.0,0.6,0.4952,0.0,-11.9334,True,fuzzy_logic_fixed_snr,7.7811,0.1746
42,v3,v4,20.0,138.13,40.0,0.6,0.6907,0.4,-19.8364,True,fuzzy_logic_fixed_snr,1.2892,0.1205
42,v4,v5,40.0,39.12,40.0,1.0,0.1956,0.4,8.9307,False,fuzzy_logic_fixed_snr,15.0709,0.7705
42,v4,v8,40.0,41.11,10.0,1.0,0.2055,0.1,11.7687,False,fuzzy_logic_fixed_snr,17.9062,0.8857
42,v4,v11,40.0,51.09,40.0,1.0,0.2554,0.4,7.0751,False,fuzzy_logic_fixed_snr,13.2128,0.6299
42,v4,v9,40.0,52.35,10.0,1.0,0.2617,0.1,10.0898,False,fuzzy_logic_fixed_snr,16.2278,0.8244
42,v4,v14,40.0,60.13,50.99,1.0,0.3007,0.5099,5.2521,False,fuzzy_logic_fixed_snr,11.3894,0.4885
43,v1,v2,40.0,39.12,10.0,1.0,0.1956,0.1,12.1142,False,fuzzy_logic_fixed_snr,18.2538,0.899
43,v1,v3,40.0,72.25,20.0,1.0,0.3612,0.2,6.4417,False,fuzzy_logic_fixed_snr,12.5786,0.5875
43,v1,v6,40.0,92.2,20.0,1.0,0.461,0.2,4.7477,False,fuzzy_logic_fixed_snr,10.8835,0.4352
43,v1,v4,40.0,170.0,40.0,1.0,0.85,0.4,-1.2789,True,fuzzy_logic_fixed_snr,18.7633,0.7391
43,v1,v5,40.0,171.03,0.0,1.0,0.8551,0.0,4.271,True,fuzzy_logic_fixed_snr,22.2013,0.8691
43,v2,v1,20.0,39.12,10.0,0.6,0.1956,0.1,-7.8858,False,fuzzy_logic_fixed_snr,-1.7492,0.1031
43,v2,v3,20.0,111.04,10.0,0.6,0.5552,0.1,-15.1359,True,fuzzy_logic_fixed_snr,4.1881,0.1375
43,v2,v6,20.0,131.03,10.0,0.6,0.6552,0.1,-16.2864,True,fuzzy_logic_fixed_snr,3.2486,0.1246
43,v3,v6,20.0,20.0,0.0,0.6,0.1,0.0,-0.8165,False,fuzzy_logic_fixed_snr,5.3211,0.1627
43,v3,v1,20.0,72.25,20.0,0.6,0.3612,0.2,-13.5583,True,fuzzy_logic_fixed_snr,5.7877,0.1477
43,v3,v4,20.0,98.18,20.0,0.6,0.4909,0.2,-15.6896,True,fuzzy_logic_fixed_snr,3.7176,0.1164
43,v3,v5,20.0,99.05,20.0,0.6,0.4952,0.2,-15.7503,True,fuzzy_logic_fixed_snr,3.6404,0.1238
43,v3,v2,20.0,111.04,10.0,0.6,0.5552,0.1,-15.1359,True,fuzzy_logic_fixed_snr,4.1899,0.1414
43,v4,v5,40.0,3.16,40.0,1.0,0.0158,0.4,26.4082,False,fuzzy_logic_fixed_snr,32.5453,0.9828
43,v4,v8,40.0,51.09,30.0,1.0,0.2554,0.3,7.8504,False,fuzzy_logic_fixed_snr,13.9872,0.7096
43,v4,v9,40.0,62.29,30.0,1.0,0.3114,0.3,6.4729,False,fuzzy_logic_fixed_snr,12.6122,0.5881
43,v4,v6,40.0,78.23,20.0,1.0,0.3912,0.2,5.889,False,fuzzy_logic_fixed_snr,12.026,0.5461
43,v4,v7,40.0,90.0,0.0,1.0,0.45,0.0,8.7321,False,fuzzy_logic_fixed_snr,14.8723,0.7678
44,v1,v2,40.0,29.15,0.0,1.0,0.1458,0.0,16.5646,False,fuzzy_logic_fixed_snr,22.7019,0.9545
44,v1,v3,40.0,92.2,0.0,1.0,0.461,0.0,8.5646,False,fuzzy_logic_fixed_snr,14.7033,0.7496
44,v1,v6,40.0,112.16,10.0,1.0,0.5608,0.1,4.7943,False,fuzzy_logic_fixed_snr,10.9337,0.4578
44,v1,v5,40.0,171.03,10.0,1.0,0.8551,0.1,1.8628,True,fuzzy_logic_fixed_snr,20.9709,0.8463
44,v2,v1,20.0,29.15,0.0,0.6,0.1458,0.0,-3.4354,False,fuzzy_logic_fixed_snr,2.702,0.1367
44,v2,v3,20.0,121.04,0.0,0.6,0.6052,0.0,-13.3267,True,fuzzy_logic_fixed_snr,6.0661,0.1617
44,v2,v6,20.0,141.03,10.0,0.6,0.7052,0.1,-16.7973,True,fuzzy_logic_fixed_snr,2.8816,0.1295
44,v2,v5,20.0,200.0,10.0,0.6,1.0,0.1,-19.2247,True,fuzzy_logic_fixed_snr,1.5575,0.117
44,v3,v6,20.0,20.0,10.0,0.6,0.1,0.1,-3.2247,False,fuzzy_logic_fixed_snr,2.9117,0.151
44,v3,v5,20.0,79.06,10.0,0.6,0.3953,0.1,-12.7753,True,fuzzy_logic_fixed_snr,6.7273,0.1674
44,v3,v1,20.0,92.2,0.0,0.6,0.461,0.0,-11.4354,True,fuzzy_logic_fixed_snr,8.4149,0.1717
44,v3,v4,20.0,118.15,10.0,0.6,0.5908,0.1,-15.5673,True,fuzzy_logic_fixed_snr,3.8157,0.1236
44,v3,v2,20.0,121.04,0.0,0.6,0.6052,0.0,-13.3267,True,fuzzy_logic_fixed_snr,6.0663,0.1584
44,v4,v8,40.0,21.21,40.0,1.0,0.1061,0.4,13.1825,False,fuzzy_logic_fixed_snr,19.3218,0.9082
44,v4,v9,40.0,32.56,20.0,1.0,0.1628,0.2,11.9806,False,fuzzy_logic_fixed_snr,18.1198,0.8939
44,v4,v5,40.0,39.12,20.0,1.0,0.1956,0.2,10.7055,False,fuzzy_logic_fixed_snr,16.8437,0.8662
44,v4,v11,40.0,61.07,30.0,1.0,0.3054,0.3,6.6098,False,fuzzy_logic_fixed_snr,12.7462,0.6082
44,v4,v12,40.0,82.22,10.0,1.0,0.4111,0.1,6.9522,False,fuzzy_logic_fixed_snr,13.0918,0.6355
45,v1,v2,40.0,29.15,20.0,1.0,0.1458,0.2,12.7477,False,fuzzy_logic_fixed_snr,18.8871,0.9084
45,v1,v3,40.0,92.2,10.0,1.0,0.461,0.1,6.1564,False,fuzzy_logic_fixed_snr,12.2947,0.5617
45,v1,v6,40.0,122.15,10.0,1.0,0.6107,0.1,4.2016,False,fuzzy_logic_fixed_snr,10.34,0.3848
45,v1,v5,40.0,181.02,10.0,1.0,0.9051,0.1,1.4679,True,fuzzy_logic_fixed_snr,20.7369,0.8412
45,v1,v4,40.0,200.0,10.0,1.0,1.0,0.1,0.7753,True,fuzzy_logic_fixed_snr,20.2746,0.8207
45,v2,v1,20.0,29.15,20.0,0.6,0.1458,0.2,-7.2523,False,fuzzy_logic_fixed_snr,-1.1148,0.1094
45,v2,v3,20.0,121.04,10.0,0.6,0.6052,0.1,-15.7349,True,fuzzy_logic_fixed_snr,3.6651,0.1135
45,v2,v6,20.0,151.03,10.0,0.6,0.7551,0.1,-17.2732,True,fuzzy_logic_fixed_snr,2.5633,0.1037
45,v3,v6,20.0,30.0,0.0,0.6,0.15,0.0,-3.6339,False,fuzzy_logic_fixed_snr,2.5051,0.135
45,v3,v5,20.0,89.05,0.0,0.6,0.4453,0.0,-11.1942,True,fuzzy_logic_fixed_snr,8.7055,0.1891
45,v3,v1,20.0,92.2,10.0,0.6,0.461,0.1,-13.8436,True,fuzzy_logic_fixed_snr,5.4764,0.1492
45,v3,v4,20.0,108.17,0.0,0.6,0.5408,0.0,-12.5455,True,fuzzy_logic_fixed_snr,7.0084,0.16
45,v3,v2,20.0,121.04,10.0,0.6,0.6052,0.1,-15.7349,True,fuzzy_logic_fixed_snr,3.6616,0.1156
45,v4,v5,40.0,19.24,0.0,1.0,0.0962,0.0,19.4544,False,fuzzy_logic_fixed_snr,25.595,0.9795
45,v4,v9,40.0,52.35,20.0,1.0,0.2617,0.2,8.681,False,fuzzy_logic_fixed_snr,14.8209,0.7686
45,v4,v8,40.0,61.07,0.0,1.0,0.3054,0.0,11.4263,False,fuzzy_logic_fixed_snr,17.5632,0.8721
45,v4,v6,40.0,78.23,0.0,1.0,0.3912,0.0,9.706,False,fuzzy_logic_fixed_snr,15.8428,0.808
45,v4,v11,40.0,91.05,20.0,1.0,0.4552,0.2,4.8346,False,fuzzy_logic_fixed_snr,10.9729,0.4539
46,v1,v2,40.0,9.49,30.0,1.0,0.0474,0.3,19.5496,False,fuzzy_logic_fixed_snr,25.6871,0.9736
46,v1,v3,40.0,102.18,30.0,1.0,0.5109,0.3,3.0339,False,fuzzy_logic_fixed_snr,9.1708,0.3041
46,v1,v6,40.0,132.14,0.0,1.0,0.6607,0.0,6.0636,False,fuzzy_logic_fixed_snr,12.1997,0.5551
46,v1,v5,40.0,191.02,20.0,1.0,0.9551,0.2,-0.3144,True,fuzzy_logic_fixed_snr,19.5158,0.793
46,v2,v1,20.0,9.49,30.0,0.6,0.0474,0.3,-0.4504,True,fuzzy_logic_fixed_snr,19.3917,0.7734
46,v2,v3,20.0,111.04,0.0,0.6,0.5552,0.0,-12.7277,True,fuzzy_logic_fixed_snr,6.7799,0.1467
46,v2,v6,20.0,141.03,30.0,0.6,0.7052,0.3,-19.2056,True,fuzzy_logic_fixed_snr,1.5453,0.1014
46,v2,v5,20.0,200.0,10.0,0.6,1.0,0.1,-19.2247,True,fuzzy_logic_fixed_snr,1.5718,0.1178
46,v3,v6,20.0,30.0,30.0,0.6,0.15,0.3,-8.4504,True,fuzzy_logic_fixed_snr,11.9599,0.2963
46,v3,v5,20.0,89.05,10.0,0.6,0.4453,0.1,-13.6024,True,fuzzy_logic_fixed_snr,5.7386,0.1383
46,v3,v1,20.0,102.18,30.0,0.6,0.5109,0.3,-16.9661,True,fuzzy_logic_fixed_snr,2.7715,0.1131
46,v3,v4,20.0,108.17,20.0,0.6,0.5408,0.2,-16.3625,True,fuzzy_logic_fixed_snr,3.2132,0.1311
46,v3,v2,20.0,111.04,0.0,0.6,0.5552,0.0,-12.7277,True,fuzzy_logic_fixed_snr,6.7781,0.1594
46,v4,v5,40.0,19.24,10.0,1.0,0.0962,0.1,17.0461,False,fuzzy_logic_fixed_snr,23.1818,0.9496
46,v4,v9,40.0,32.56,20.0,1.0,0.1628,0.2,11.9806,False,fuzzy_logic_fixed_snr,18.1175,0.8828
46,v4,v8,40.0,61.07,0.0,1.0,0.3054,0.0,11.4263,False,fuzzy_logic_fixed_snr,17.5651,0.8744
46,v4,v11,40.0,71.06,10.0,1.0,0.3553,0.1,7.9654,False,fuzzy_logic_fixed_snr,14.1038,0.7145
46,v4,v6,40.0,78.23,10.0,1.0,0.3912,0.1,7.2977,False,fuzzy_logic_fixed_snr,13.4359,0.6576
47,v1,v2,40.0,21.21,0.0,1.0,0.1061,0.0,18.7743,False,fuzzy_logic_fixed_snr,24.9116,0.9666
47,v1,v3,40.0,132.14,10.0,1.0,0.6607,0.1,3.6554,False,fuzzy_logic_fixed_snr,9.7944,0.3459
47,v1,v6,40.0,132.14,0.0,1.0,0.6607,0.0,6.0636,False,fuzzy_logic_fixed_snr,12.2018,0.5676
47,v2,v1,20.0,21.21,0.0,0.6,0.1061,0.0,-1.2257,False,fuzzy_logic_fixed_snr,4.9124,0.1539
47,v2,v3,20.0,111.04,10.0,0.6,0.5552,0.1,-15.1359,True,fuzzy_logic_fixed_snr,4.1929,0.1316
47,v2,v6,20.0,111.04,0.0,0.6,0.5552,0.0,-12.7277,True,fuzzy_logic_fixed_snr,6.7503,0.1484
47,v2,v5,20.0,190.0,10.0,0.6,0.95,0.1,-18.8683,True,fuzzy_logic_fixed_snr,1.7076,0.1154
47,v2,v4,20.0,199.02,20.0,0.6,0.9951,0.2,-20.5994,True,fuzzy_logic_fixed_snr,1.0317,0.1135
47,v3,v6,20.0,0.0,10.0,0.6,0.0,0.1,33.5918,False,fuzzy_logic_fixed_snr,39.7303,0.9961
47,v3,v5,20.0,79.06,0.0,0.6,0.3953,0.0,-10.367,True,fuzzy_logic_fixed_snr,9.7408,0.2088
47,v3,v4,20.0,88.2,10.0,0.6,0.441,0.1,-13.5361,True,fuzzy_logic_fixed_snr,5.8275,0.1334
47,v3,v9,20.0,100.0,0.0,0.6,0.5,0.0,-12.0,True,fuzzy_logic_fixed_snr,7.6959,0.1693
47,v3,v2,20.0,111.04,10.0,0.6,0.5552,0.1,-15.1359,True,fuzzy_logic_fixed_snr,4.1916,0.1465
47,v4,v5,40.0,9.49,10.0,1.0,0.0474,0.1,21.9578,False,fuzzy_logic_fixed_snr,28.0952,0.9785
47,v4,v9,40.0,13.42,10.0,1.0,0.0671,0.1,19.5496,False,fuzzy_logic_fixed_snr,25.6885,0.9746
47,v4,v8,40.0,61.07,40.0,1.0,0.3054,0.4,5.8346,False,fuzzy_logic_fixed_snr,11.9733,0.5365
47,v4,v11,40.0,61.07,10.0,1.0,0.3054,0.1,9.0181,False,fuzzy_logic_fixed_snr,15.1543,0.7697
47,v4,v12,40.0,82.22,30.0,1.0,0.4111,0.3,4.5439,False,fuzzy_logic_fixed_snr,10.6822,0.4291
48,v1,v2,40.0,21.21,10.0,1.0,0.1061,0.1,16.3661,False,fuzzy_logic_fixed_snr,22.5016,0.9539
48,v1,v6,40.0,132.14,30.0,1.0,0.6607,0.3,1.2472,False,fuzzy_logic_fixed_snr,7.3839,0.2131
48,v1,v3,40.0,142.13,0.0,1.0,0.7106,0.0,5.5572,False,fuzzy_logic_fixed_snr,11.695,0.5271
48,v2,v1,20.0,21.21,10.0,0.6,0.1061,0.1,-3.6339,False,fuzzy_logic_fixed_snr,2.5057,0.1379
48,v2,v6,20.0,111.04,20.0,0.6,0.5552,0.2,-16.5447,True,fuzzy_logic_fixed_snr,3.055,0.118
48,v2,v3,20.0,121.04,10.0,0.6,0.6052,0.1,-15.7349,True,fuzzy_logic_fixed_snr,3.6777,0.1227
48,v2,v5,20.0,200.0,20.0,0.6,1.0,0.2,-20.6334,True,fuzzy_logic_fixed_snr,1.0335,0.1145
48,v3,v6,20.0,10.0,30.0,0.6,0.05,0.3,-0.8165,True,fuzzy_logic_fixed_snr,19.1361,0.7564
48,v3,v5,20.0,79.06,10.0,0.6,0.3953,0.1,-12.7753,True,fuzzy_logic_fixed_snr,6.715,0.168
48,v3,v4,20.0,98.18,10.0,0.6,0.4909,0.1,-14.2809,True,fuzzy_logic_fixed_snr,5.0173,0.1436
48,v3,v9,20.0,100.0,10.0,0.6,0.5,0.1,-14.4082,True,fuzzy_logic_fixed_snr,4.9016,0.1148
48,v3,v8,20.0,119.04,10.0,0.6,0.5952,0.1,-15.6192,True,fuzzy_logic_fixed_snr,3.7761,0.1248
48,v4,v9,40.0,6.32,20.0,1.0,0.0316,0.2,23.3666,False,fuzzy_logic_fixed_snr,29.5033,0.9883
48,v4,v5,40.0,19.24,20.0,1.0,0.0962,0.2,15.6374,False,fuzzy_logic_fixed_snr,21.7743,0.94
48,v4,v8,40.0,21.21,0.0,1.0,0.1061,0.0,18.7743,False,fuzzy_logic_fixed_snr,24.913,0.9715
48,v4,v11,40.0,51.09,20.0,1.0,0.2554,0.2,8.8499,False,fuzzy_logic_fixed_snr,14.988,0.7791
48,v4,v12,40.0,52.35,0.0,1.0,0.2617,0.0,12.498,False,fuzzy_logic_fixed_snr,18.6361,0.902
49,v1,v2,40.0,11.4,10.0,1.0,0.057,0.1,20.6802,False,fuzzy_logic_fixed_snr,26.8183,0.977
49,v1,v6,40.0,102.18,0.0,1.0,0.5109,0.0,7.8504,False,fuzzy_logic_fixed_snr,13.9891,0.7057
49,v1,v3,40.0,142.13,20.0,1.0,0.7106,0.2,1.7402,False,fuzzy_logic_fixed_snr,7.8773,0.2477
49,v2,v1,20.0,11.4,10.0,0.6,0.057,0.1,0.6802,False,fuzzy_logic_fixed_snr,6.8201,0.1955
49,v2,v6,20.0,91.05,10.0,0.6,0.4552,0.1,-13.7567,True,fuzzy_logic_fixed_snr,5.5655,0.1441
49,v2,v3,20.0,131.03,10.0,0.6,0.6552,0.1,-16.2864,True,fuzzy_logic_fixed_snr,3.2298,0.1316
49,v3,v6,20.0,40.0,20.0,0.6,0.2,0.2,-9.4499,False,fuzzy_logic_fixed_snr,-3.3111,0.0982
49,v3,v4,20.0,88.2,10.0,0.6,0.441,0.1,-13.5361,True,fuzzy_logic_fixed_snr,5.8213,0.1424
49,v3,v5,20.0,89.05,10.0,0.6,0.4453,0.1,-13.6024,True,fuzzy_logic_fixed_snr,5.7344,0.1301
49,v3,v8,20.0,109.04,10.0,0.6,0.5452,0.1,-15.0097,True,fuzzy_logic_fixed_snr,4.2915,0.1352
49,v3,v9,20.0,110.0,20.0,0.6,0.55,0.2,-16.4793,True,fuzzy_logic_fixed_snr,3.1264,0.1195
49,v4,v5,40.0,3.16,20.0,1.0,0.0158,0.2,28.183,False,fuzzy_logic_fixed_snr,34.3202,0.9902
49,v4,v8,40.0,21.21,0.0,1.0,0.1061,0.0,18.7743,False,fuzzy_logic_fixed_snr,24.9134,0.9682
49,v4,v9,40.0,22.8,30.0,1.0,0.114,0.3,13.4555,False,fuzzy_logic_fixed_snr,19.5926,0.9084
49,v4,v11,40.0,31.14,0.0,1.0,0.1557,0.0,16.1058,False,fuzzy_logic_fixed_snr,22.2424,0.9555
49,v4,v14,40.0,51.09,10.0,1.0,0.2554,0.1,10.2586,False,fuzzy_logic_fixed_snr,16.3957,0.8273
50,v1,v2,40.0,21.21,10.0,1.0,0.1061,0.1,16.3661,False,fuzzy_logic_fixed_snr,22.5055,0.9594
50,v1,v6,40.0,102.18,30.0,1.0,0.5109,0.3,3.0339,False,fuzzy_logic_fixed_snr,9.1706,0.3064
50,v1,v3,40.0,162.11,0.0,1.0,0.8106,0.0,4.643,True,fuzzy_logic_fixed_snr,22.3577,0.8707
50,v2,v1,20.0,21.21,10.0,0.6,0.1061,0.1,-3.6339,False,fuzzy_logic_fixed_snr,2.5044,0.1408
50,v2,v6,20.0,81.06,20.0,0.6,0.4053,0.2,-14.3575,True,fuzzy_logic_fixed_snr,4.9479,0.1352
50,v2,v3,20.0,141.03,10.0,0.6,0.7052,0.1,-16.7973,True,fuzzy_logic_fixed_snr,2.8899,0.1117
50,v3,v6,20.0,60.0,30.0,0.6,0.3,0.3,-13.2669,True,fuzzy_logic_fixed_snr,6.1415,0.1557
50,v3,v5,20.0,79.06,0.0,0.6,0.3953,0.0,-10.367,True,fuzzy_logic_fixed_snr,9.7302,0.2197
50,v3,v9,20.0,90.0,10.0,0.6,0.45,0.1,-13.6761,True,fuzzy_logic_fixed_snr,5.648,0.1594
50,v3,v4,20.0,98.18,0.0,0.6,0.4909,0.0,-11.8726,True,fuzzy_logic_fixed_snr,7.8438,0.1678
50,v3,v12,20.0,110.0,0.0,0.6,0.55,0.0,-12.6623,True,fuzzy_logic_fixed_snr,6.8419,0.1668
50,v4,v9,40.0,10.0,10.0,1.0,0.05,0.1,21.5918,False,fuzzy_logic_fixed_snr,27.7289,0.9834
50,v4,v12,40.0,13.42,0.0,1.0,0.0671,0.0,21.9578,False,fuzzy_logic_fixed_snr,28.0957,0.9809
50,v4,v5,40.0,19.24,0.0,1.0,0.0962,0.0,19.4544,False,fuzzy_logic_fixed_snr,25.5937,0.9672
50,v4,v8,40.0,21.21,10.0,1.0,0.1061,0.1,16.3661,False,fuzzy_logic_fixed_snr,22.5025,0.9535
50,v4,v11,40.0,31.14,20.0,1.0,0.1557,0.2,12.2889,False,fuzzy_logic_fixed_snr,18.4248,0.8951
51,v1,v2,40.0,31.14,10.0,1.0,0.1557,0.1,13.6976,False,fuzzy_logic_fixed_snr,19.8341,0.9234
51,v1,v6,40.0,132.14,0.0,1.0,0.6607,0.0,6.0636,False,fuzzy_logic_fixed_snr,12.2009,0.567
51,v1,v3,40.0,162.11,10.0,1.0,0.8106,0.1,2.2348,True,fuzzy_logic_fixed_snr,21.159,0.8527
51,v2,v1,20.0,31.14,10.0,0.6,0.1557,0.1,-6.3024,False,fuzzy_logic_fixed_snr,-0.1665,0.1199
51,v2,v6,20.0,101.04,10.0,0.6,0.5052,0.1,-14.4804,True,fuzzy_logic_fixed_snr,4.7951,0.1336
51,v2,v3,20.0,131.03,20.0,0.6,0.6552,0.2,-17.6951,True,fuzzy_logic_fixed_snr,2.3366,0.1131
51,v3,v6,20.0,30.0,10.0,0.6,0.15,0.1,-6.0422,False,fuzzy_logic_fixed_snr,0.0962,0.1148
51,v3,v5,20.0,79.06,10.0,0.6,0.3953,0.1,-12.7753,True,fuzzy_logic_fixed_snr,6.714,0.1594
51,v3,v4,20.0,98.18,10.0,0.6,0.4909,0.1,-14.2809,True,fuzzy_logic_fixed_snr,5.023,0.1426
51,v3,v9,20.0,100.0,10.0,0.6,0.5,0.1,-14.4082,True,fuzzy_logic_fixed_snr,4.8947,0.1396
51,v3,v12,20.0,110.0,30.0,0.6,0.55,0.3,-17.4788,True,fuzzy_logic_fixed_snr,2.4471,0.115
51,v4,v9,40.0,6.32,0.0,1.0,0.0316,0.0,27.1835,False,fuzzy_logic_fixed_snr,33.3212,0.9902
51,v4,v12,40.0,13.42,20.0,1.0,0.0671,0.2,18.1408,False,fuzzy_logic_fixed_snr,24.2772,0.976
51,v4,v5,40.0,19.24,0.0,1.0,0.0962,0.0,19.4544,False,fuzzy_logic_fixed_snr,25.5933,0.9744
51,v4,v8,40.0,31.14,10.0,1.0,0.1557,0.1,13.6976,False,fuzzy_logic_fixed_snr,19.836,0.9271
51,v4,v11,40.0,51.09,20.0,1.0,0.2554,0.2,8.8499,False,fuzzy_logic_fixed_snr,14.9869,0.7615
52,v1,v2,40.0,21.21,10.0,1.0,0.1061,0.1,16.3661,False,fuzzy_logic_fixed_snr,22.5044,0.9604
52,v1,v6,40.0,132.14,30.0,1.0,0.6607,0.3,1.2472,False,fuzzy_logic_fixed_snr,7.3828,0.2232
52,v1,v3,40.0,172.1,20.0,1.0,0.8605,0.2,0.4103,True,fuzzy_logic_fixed_snr,20.0209,0.7928
52,v2,v1,20.0,21.21,10.0,0.6,0.1061,0.1,-3.6339,False,fuzzy_logic_fixed_snr,2.503,0.1398
52,v2,v6,20.0,111.04,20.0,0.6,0.5552,0.2,-16.5447,True,fuzzy_logic_fixed_snr,3.0556,0.1346
52,v2,v3,20.0,151.03,10.0,0.6,0.7551,0.1,-17.2732,True,fuzzy_logic_fixed_snr,2.5935,0.1229
52,v3,v6,20.0,40.0,10.0,0.6,0.2,0.1,-8.0412,False,fuzzy_logic_fixed_snr,-1.9047,0.1051
52,v3,v5,20.0,69.07,10.0,0.6,0.3453,0.1,-11.8364,True,fuzzy_logic_fixed_snr,7.8857,0.1848
52,v3,v12,20.0,80.0,10.0,0.6,0.4,0.1,-12.8577,True,fuzzy_logic_fixed_snr,6.584,0.1639
52,v3,v4,20.0,88.2,20.0,0.6,0.441,0.2,-14.9448,True,fuzzy_logic_fixed_snr,4.3585,0.1359
52,v3,v9,20.0,90.0,10.0,0.6,0.45,0.1,-13.6761,True,fuzzy_logic_fixed_snr,5.6654,0.1496
52,v4,v9,40.0,6.32,30.0,1.0,0.0316,0.3,22.367,False,fuzzy_logic_fixed_snr,28.5063,0.9805
52,v4,v12,40.0,10.0,30.0,1.0,0.05,0.3,19.1835,False,fuzzy_logic_fixed_snr,25.3213,0.9721
52,v4,v5,40.0,19.24,30.0,1.0,0.0962,0.3,14.6379,False,fuzzy_logic_fixed_snr,20.7759,0.9254
52,v4,v11,40.0,31.14,20.0,1.0,0.1557,0.2,12.2889,False,fuzzy_logic_fixed_snr,18.4288,0.89
52,v4,v8,40.0,41.11,0.0,1.0,0.2055,0.0,14.1769,False,fuzzy_logic_fixed_snr,20.3128,0.9236
53,v1,v2,40.0,11.4,30.0,1.0,0.057,0.3,18.272,False,fuzzy_logic_fixed_snr,24.4115,0.9717
53,v1,v6,40.0,102.18,40.0,1.0,0.5109,0.4,2.2586,False,fuzzy_logic_fixed_snr,8.3968,0.2713
53,v1,v3,40.0,152.12,20.0,1.0,0.7606,0.2,1.2681,False,fuzzy_logic_fixed_snr,7.4043,0.2215
53,v2,v1,20.0,11.4,30.0,0.6,0.057,0.3,-1.728,True,fuzzy_logic_fixed_snr,18.4023,0.7377
53,v2,v6,20.0,91.05,10.0,0.6,0.4552,0.1,-13.7567,True,fuzzy_logic_fixed_snr,5.5884,0.1457
53,v2,v3,20.0,141.03,10.0,0.6,0.7052,0.1,-16.7973,True,fuzzy_logic_fixed_snr,2.8789,0.1102
53,v3,v6,20.0,50.0,20.0,0.6,0.25,0.2,-11.0005,False,fuzzy_logic_fixed_snr,-4.8622,0.0996
53,v3,v4,20.0,68.26,10.0,0.6,0.3413,0.1,-11.7553,True,fuzzy_logic_fixed_snr,8.0238,0.1711
53,v3,v5,20.0,79.06,0.0,0.6,0.3953,0.0,-10.367,True,fuzzy_logic_fixed_snr,9.7479,0.2135
53,v3,v12,20.0,90.0,20.0,0.6,0.45,0.2,-15.0849,True,fuzzy_logic_fixed_snr,4.2205,0.1354
53,v3,v9,20.0,100.0,10.0,0.6,0.5,0.1,-14.4082,True,fuzzy_logic_fixed_snr,4.8762,0.1463
53,v4,v5,40.0,11.4,10.0,1.0,0.057,0.1,20.6802,False,fuzzy_logic_fixed_snr,26.8183,0.977
53,v4,v12,40.0,22.8,30.0,1.0,0.114,0.3,13.4555,False,fuzzy_logic_fixed_snr,19.592,0.9082
53,v4,v9,40.0,32.56,0.0,1.0,0.1628,0.0,15.7976,False,fuzzy_logic_fixed_snr,21.9368,0.9506
53,v4,v8,40.0,41.11,0.0,1.0,0.2055,0.0,14.1769,False,fuzzy_logic_fixed_snr,20.3154,0.9295
53,v4,v11,40.0,51.09,10.0,1.0,0.2554,0.1,10.2586,False,fuzzy_logic_fixed_snr,16.3939,0.8336
54,v1,v2,40.0,19.24,40.0,1.0,0.0962,0.4,13.8626,False,fuzzy_logic_fixed_snr,20.0024,0.9176
54,v1,v6,40.0,62.29,30.0,1.0,0.3114,0.3,6.4729,False,fuzzy_logic_fixed_snr,12.6095,0.5967
54,v1,v3,40.0,132.14,20.0,1.0,0.6607,0.2,2.2467,False,fuzzy_logic_fixed_snr,8.3847,0.2639
54,v1,v4,40.0,190.0,0.0,1.0,0.95,0.0,3.5399,True,fuzzy_logic_fixed_snr,21.8654,0.8707
54,v2,v1,20.0,19.24,40.0,0.6,0.0962,0.4,-6.1374,True,fuzzy_logic_fixed_snr,14.3648,0.4566
54,v2,v6,20.0,81.06,10.0,0.6,0.4053,0.1,-12.9488,True,fuzzy_logic_fixed_snr,6.4791,0.1527
54,v2,v3,20.0,151.03,20.0,0.6,0.7551,0.2,-18.682,True,fuzzy_logic_fixed_snr,1.7818,0.1115
54,v3,v4,20.0,58.31,20.0,0.6,0.2915,0.2,-12.0688,True,fuzzy_logic_fixed_snr,7.59,0.1746
54,v3,v6,20.0,70.0,10.0,0.6,0.35,0.1,-11.9298,True,fuzzy_logic_fixed_snr,7.7808,0.1697
54,v3,v5,20.0,79.06,20.0,0.6,0.3953,0.2,-14.184,True,fuzzy_logic_fixed_snr,5.1096,0.1424
54,v3,v9,20.0,90.0,10.0,0.6,0.45,0.1,-13.6761,True,fuzzy_logic_fixed_snr,5.6486,0.1461
54,v3,v8,20.0,99.05,20.0,0.6,0.4952,0.2,-15.7503,True,fuzzy_logic_fixed_snr,3.6709,0.1271
54,v4,v5,40.0,21.21,40.0,1.0,0.1061,0.4,13.1825,False,fuzzy_logic_fixed_snr,19.3187,0.9143
54,v4,v9,40.0,32.56,10.0,1.0,0.1628,0.1,13.3893,False,fuzzy_logic_fixed_snr,19.5295,0.9201
54,v4,v8,40.0,41.11,0.0,1.0,0.2055,0.0,14.1769,False,fuzzy_logic_fixed_snr,20.3144,0.9326
54,v4,v11,40.0,41.11,30.0,1.0,0.2055,0.3,9.3604,False,fuzzy_logic_fixed_snr,15.4967,0.7928
54,v4,v12,40.0,52.35,0.0,1.0,0.2617,0.0,12.498,False,fuzzy_logic_fixed_snr,18.6353,0.8971
55,v1,v2,40.0,21.21,10.0,1.0,0.1061,0.1,16.3661,False,fuzzy_logic_fixed_snr,22.5047,0.9545
55,v1,v6,40.0,92.2,20.0,1.0,0.461,0.2,4.7477,False,fuzzy_logic_fixed_snr,10.8837,0.4404
55,v1,v3,40.0,152.12,20.0,1.0,0.7606,0.2,1.2681,False,fuzzy_logic_fixed_snr,7.4041,0.2141
55,v1,v4,40.0,190.0,30.0,1.0,0.95,0.3,-1.2765,True,fuzzy_logic_fixed_snr,18.7726,0.7451
55,v2,v1,20.0,21.21,10.0,0.6,0.1061,0.1,-3.6339,False,fuzzy_logic_fixed_snr,2.5037,0.1402
55,v2,v6,20.0,71.06,10.0,0.6,0.3553,0.1,-12.0346,True,fuzzy_logic_fixed_snr,7.6634,0.1586
55,v2,v3,20.0,131.03,10.0,0.6,0.6552,0.1,-16.2864,True,fuzzy_logic_fixed_snr,3.2423,0.1324
55,v2,v4,20.0,169.03,20.0,0.6,0.8451,0.2,-19.4643,True,fuzzy_logic_fixed_snr,1.4614,0.1096
55,v3,v4,20.0,38.47,10.0,0.6,0.1924,0.1,-7.7703,False,fuzzy_logic_fixed_snr,-1.6333,0.1143
55,v3,v6,20.0,60.0,0.0,0.6,0.3,0.0,-8.4504,True,fuzzy_logic_fixed_snr,11.9472,0.3096
55,v3,v8,20.0,79.06,20.0,0.6,0.3953,0.2,-14.184,True,fuzzy_logic_fixed_snr,5.1158,0.158
55,v3,v9,20.0,80.0,20.0,0.6,0.4,0.2,-14.2664,True,fuzzy_logic_fixed_snr,5.0426,0.15
55,v3,v12,20.0,90.0,0.0,0.6,0.45,0.0,-11.2679,True,fuzzy_logic_fixed_snr,8.6188,0.1963
55,v4,v3,40.0,38.47,10.0,1.0,0.1924,0.1,12.2297,False,fuzzy_logic_fixed_snr,18.3669,0.8986
55,v4,v8,40.0,41.11,10.0,1.0,0.2055,0.1,11.7687,False,fuzzy_logic_fixed_snr,17.9068,0.8768
55,v4,v9,40.0,42.43,30.0,1.0,0.2121,0.3,9.1413,False,fuzzy_logic_fixed_snr,15.2787,0.7838
55,v4,v12,40.0,52.35,10.0,1.0,0.2617,0.1,10.0898,False,fuzzy_logic_fixed_snr,16.2258,0.8307
55,v4,v5,40.0,61.07,0.0,1.0,0.3054,0.0,11.4263,False,fuzzy_logic_fixed_snr,17.5638,0.8834
56,v1,v2,40.0,11.4,30.0,1.0,0.057,0.3,18.272,False,fuzzy_logic_fixed_snr,24.4081,0.9682
56,v1,v6,40.0,72.25,10.0,1.0,0.3612,0.1,7.8504,False,fuzzy_logic_fixed_snr,13.9876,0.7041
56,v1,v3,40.0,132.14,20.0,1.0,0.6607,0.2,2.2467,False,fuzzy_logic_fixed_snr,8.384,0.2531
56,v1,v4,40.0,160.0,10.0,1.0,0.8,0.1,2.3258,True,fuzzy_logic_fixed_snr,21.2286,0.8385
56,v1,v8,40.0,191.02,0.0,1.0,0.9551,0.0,3.5026,True,fuzzy_logic_fixed_snr,21.84,0.8826
56,v2,v1,20.0,11.4,30.0,0.6,0.057,0.3,-1.728,True,fuzzy_logic_fixed_snr,18.4019,0.7404
56,v2,v6,20.0,61.07,40.0,0.6,0.3054,0.4,-14.1654,True,fuzzy_logic_fixed_snr,5.1172,0.15
56,v2,v3,20.0,121.04,10.0,0.6,0.6052,0.1,-15.7349,True,fuzzy_logic_fixed_snr,3.6705,0.1242
56,v2,v4,20.0,149.03,40.0,0.6,0.7452,0.4,-20.3641,True,fuzzy_logic_fixed_snr,1.1193,0.0984
56,v2,v8,20.0,180.0,30.0,0.6,0.9,0.3,-20.9008,True,fuzzy_logic_fixed_snr,0.9361,0.1186
56,v3,v4,20.0,28.64,30.0,0.6,0.1432,0.3,-8.127,True,fuzzy_logic_fixed_snr,12.3138,0.3121
56,v3,v8,20.0,59.08,20.0,0.6,0.2954,0.2,-12.1596,True,fuzzy_logic_fixed_snr,7.4446,0.1604
56,v3,v6,20.0,60.0,30.0,0.6,0.3,0.3,-13.2669,True,fuzzy_logic_fixed_snr,6.1468,0.1533
56,v3,v5,20.0,89.05,10.0,0.6,0.4453,0.1,-13.6024,True,fuzzy_logic_fixed_snr,5.7591,0.1355
56,v3,v12,20.0,90.0,30.0,0.6,0.45,0.3,-16.0844,True,fuzzy_logic_fixed_snr,3.3949,0.1238
56,v4,v3,40.0,28.64,30.0,1.0,0.1432,0.3,11.873,False,fuzzy_logic_fixed_snr,18.0118,0.8834
56,v4,v8,40.0,31.14,10.0,1.0,0.1557,0.1,13.6976,False,fuzzy_logic_fixed_snr,19.8351,0.9264
56,v4,v5,40.0,61.07,20.0,1.0,0.3054,0.2,7.6094,False,fuzzy_logic_fixed_snr,13.749,0.6934
56,v4,v12,40.0,62.29,0.0,1.0,0.3114,0.0,11.2893,False,fuzzy_logic_fixed_snr,17.428,0.874
56,v4,v9,40.0,72.25,40.0,1.0,0.3612,0.4,4.6669,False,fuzzy_logic_fixed_snr,10.8057,0.4266
57,v1,v2,40.0,41.11,10.0,1.0,0.2055,0.1,11.7687,False,fuzzy_logic_fixed_snr,17.9066,0.8715
57,v1,v6,40.0,62.29,20.0,1.0,0.3114,0.2,7.4724,False,fuzzy_logic_fixed_snr,13.6112,0.6791
57,v1,v4,40.0,150.0,10.0,1.0,0.75,0.1,2.7743,False,fuzzy_logic_fixed_snr,8.911,0.3063
57,v1,v3,40.0,152.12,30.0,1.0,0.7606,0.3,0.2686,True,fuzzy_logic_fixed_snr,19.9096,0.7969
57,v1,v8,40.0,191.02,0.0,1.0,0.9551,0.0,3.5026,True,fuzzy_logic_fixed_snr,21.8575,0.8637
57,v2,v6,20.0,21.21,10.0,0.6,0.1061,0.1,-3.6339,False,fuzzy_logic_fixed_snr,2.5029,0.1324
57,v2,v1,20.0,41.11,10.0,0.6,0.2055,0.1,-8.2313,False,fuzzy_logic_fixed_snr,-2.0918,0.1061
57,v2,v4,20.0,109.04,20.0,0.6,0.5452,0.2,-16.4184,True,fuzzy_logic_fixed_snr,3.1562,0.1264
57,v2,v3,20.0,111.04,20.0,0.6,0.5552,0.2,-16.5447,True,fuzzy_logic_fixed_snr,3.0129,0.1229
57,v2,v8,20.0,150.0,10.0,0.6,0.75,0.1,-17.2257,True,fuzzy_logic_fixed_snr,2.5912,0.1145
57,v3,v4,20.0,6.32,40.0,0.6,0.0316,0.4,1.5918,True,fuzzy_logic_fixed_snr,20.7927,0.843
57,v3,v8,20.0,39.12,30.0,0.6,0.1956,0.3,-10.294,True,fuzzy_logic_fixed_snr,9.8168,0.2348
57,v3,v12,20.0,60.0,30.0,0.6,0.3,0.3,-13.2669,True,fuzzy_logic_fixed_snr,6.1271,0.1537
57,v3,v5,20.0,79.06,0.0,0.6,0.3953,0.0,-10.367,True,fuzzy_logic_fixed_snr,9.7654,0.233
57,v3,v6,20.0,90.0,10.0,0.6,0.45,0.1,-13.6761,True,fuzzy_logic_fixed_snr,5.6402,0.1484
57,v4,v3,40.0,6.32,40.0,1.0,0.0316,0.4,21.5918,False,fuzzy_logic_fixed_snr,27.7306,0.9834
57,v4,v8,40.0,41.11,10.0,1.0,0.2055,0.1,11.7687,False,fuzzy_logic_fixed_snr,17.9072,0.8822
57,v4,v12,40.0,62.29,10.0,1.0,0.3114,0.1,8.8811,False,fuzzy_logic_fixed_snr,15.0189,0.7631
57,v4,v5,40.0,81.06,40.0,1.0,0.4053,0.4,3.8677,False,fuzzy_logic_fixed_snr,10.0049,0.3797
57,v4,v6,40.0,88.2,30.0,1.0,0.441,0.3,4.0557,False,fuzzy_logic_fixed_snr,10.1934,0.3826
58,v1,v2,40.0,31.14,10.0,1.0,0.1557,0.1,13.6976,False,fuzzy_logic_fixed_snr,19.8335,0.9156
58,v1,v6,40.0,42.43,10.0,1.0,0.2121,0.1,11.5496,False,fuzzy_logic_fixed_snr,17.6875,0.8854
58,v1,v3,40.0,122.15,20.0,1.0,0.6107,0.2,2.7929,False,fuzzy_logic_fixed_snr,8.9298,0.2928
58,v1,v4,40.0,160.0,0.0,1.0,0.8,0.0,4.7341,True,fuzzy_logic_fixed_snr,22.4062,0.875
58,v1,v8,40.0,191.02,20.0,1.0,0.9551,0.2,-0.3144,True,fuzzy_logic_fixed_snr,19.4978,0.7799
58,v2,v6,20.0,11.4,0.0,0.6,0.057,0.0,3.0885,False,fuzzy_logic_fixed_snr,9.227,0.3145
58,v2,v1,20.0,31.14,10.0,0.6,0.1557,0.1,-6.3024,False,fuzzy_logic_fixed_snr,-0.1643,0.1178
58,v2,v3,20.0,91.05,30.0,0.6,0.4552,0.3,-16.1649,True,fuzzy_logic_fixed_snr,3.332,0.1283
58,v2,v4,20.0,129.03,10.0,0.6,0.6452,0.1,-16.1796,True,fuzzy_logic_fixed_snr,3.3063,0.1238
58,v2,v8,20.0,160.0,30.0,0.6,0.8,0.3,-20.0824,True,fuzzy_logic_fixed_snr,1.2129,0.1018
58,v3,v4,20.0,38.47,20.0,0.6,0.1924,0.2,-9.1791,False,fuzzy_logic_fixed_snr,-3.0429,0.1051
58,v3,v8,20.0,69.07,0.0,0.6,0.3453,0.0,-9.4281,True,fuzzy_logic_fixed_snr,10.8371,0.2459
58,v3,v5,20.0,79.06,0.0,0.6,0.3953,0.0,-10.367,True,fuzzy_logic_fixed_snr,9.7563,0.2168
58,v3,v6,20.0,80.0,30.0,0.6,0.4,0.3,-15.2659,True,fuzzy_logic_fixed_snr,4.0549,0.1207
58,v3,v12,20.0,90.0,10.0,0.6,0.45,0.1,-13.6761,True,fuzzy_logic_fixed_snr,5.6421,0.1404
58,v4,v8,40.0,31.14,20.0,1.0,0.1557,0.2,12.2889,False,fuzzy_logic_fixed_snr,18.4244,0.8912
58,v4,v3,40.0,38.47,20.0,1.0,0.1924,0.2,10.8209,False,fuzzy_logic_fixed_snr,16.9595,0.8525
58,v4,v5,40.0,41.11,20.0,1.0,0.2055,0.2,10.3599,False,fuzzy_logic_fixed_snr,16.4996,0.8391
58,v4,v12,40.0,52.35,10.0,1.0,0.2617,0.1,10.0898,False,fuzzy_logic_fixed_snr,16.2285,0.8326
58,v4,v14,40.0,111.04,10.0,1.0,0.5552,0.1,4.8641,False,fuzzy_logic_fixed_snr,11.0024,0.4441
59,v1,v2,40.0,21.21,20.0,1.0,0.1061,0.2,14.9573,False,fuzzy_logic_fixed_snr,21.0958,0.9402
59,v1,v6,40.0,32.56,10.0,1.0,0.1628,0.1,13.3893,False,fuzzy_logic_fixed_snr,19.53,0.9215
59,v1,v3,40.0,142.13,30.0,1.0,0.7106,0.3,0.7407,False,fuzzy_logic_fixed_snr,6.8781,0.1998
59,v1,v4,40.0,160.0,20.0,1.0,0.8,0.2,0.9171,True,fuzzy_logic_fixed_snr,20.37,0.8365
59,v2,v6,20.0,11.4,10.0,0.6,0.057,0.1,0.6802,False,fuzzy_logic_fixed_snr,6.8208,0.2049
59,v2,v1,20.0,21.21,20.0,0.6,0.1061,0.2,-5.0427,False,fuzzy_logic_fixed_snr,1.0953,0.1314
59,v2,v3,20.0,121.04,10.0,0.6,0.6052,0.1,-15.7349,True,fuzzy_logic_fixed_snr,3.6763,0.1289
59,v2,v4,20.0,139.03,0.0,0.6,0.6952,0.0,-14.2899,True,fuzzy_logic_fixed_snr,4.9862,0.1508
59,v2,v8,20.0,190.0,10.0,0.6,0.95,0.1,-18.8683,True,fuzzy_logic_fixed_snr,1.7117,0.107
59,v3,v4,20.0,18.97,10.0,0.6,0.0949,0.1,-2.8587,False,fuzzy_logic_fixed_snr,3.2797,0.1393
59,v3,v8,20.0,69.07,0.0,0.6,0.3453,0.0,-9.4281,True,fuzzy_logic_fixed_snr,10.844,0.2496
59,v3,v5,20.0,79.06,20.0,0.6,0.3953,0.2,-14.184,True,fuzzy_logic_fixed_snr,5.0954,0.1596
59,v3,v12,20.0,80.0,30.0,0.6,0.4,0.3,-15.2659,True,fuzzy_logic_fixed_snr,4.0892,0.1297
59,v3,v6,20.0,110.0,20.0,0.6,0.55,0.2,-16.4793,True,fuzzy_logic_fixed_snr,3.1145,0.1121
59,v4,v3,40.0,18.97,10.0,1.0,0.0949,0.1,17.1413,False,fuzzy_logic_fixed_snr,23.2799,0.9594
59,v4,v8,40.0,51.09,10.0,1.0,0.2554,0.1,10.2586,False,fuzzy_logic_fixed_snr,16.3982,0.8361
59,v4,v5,40.0,61.07,10.0,1.0,0.3054,0.1,9.0181,False,fuzzy_logic_fixed_snr,15.1557,0.7742
59,v4,v12,40.0,62.29,20.0,1.0,0.3114,0.2,7.4724,False,fuzzy_logic_fixed_snr,13.6103,0.6781
59,v4,v11,40.0,121.04,10.0,1.0,0.6052,0.1,4.2651,False,fuzzy_logic_fixed_snr,10.4027,0.4014
60,v1,v2,40.0,3.16,0.0,1.0,0.0158,0.0,32.0,False,fuzzy_logic_fixed_snr,38.1371,0.9951
60,v1,v6,40.0,22.8,20.0,1.0,0.114,0.2,14.455,False,fuzzy_logic_fixed_snr,20.5931,0.9293
60,v1,v3,40.0,112.16,20.0,1.0,0.5608,0.2,3.3856,False,fuzzy_logic_fixed_snr,9.5225,0.3391
60,v1,v4,40.0,140.0,0.0,1.0,0.7,0.0,5.662,False,fuzzy_logic_fixed_snr,11.7994,0.5236
60,v1,v8,40.0,181.02,10.0,1.0,0.9051,0.1,1.4679,True,fuzzy_logic_fixed_snr,20.7261,0.8361
60,v2,v1,20.0,3.16,0.0,0.6,0.0158,0.0,12.0,False,fuzzy_logic_fixed_snr,18.1382,0.8766
60,v2,v6,20.0,21.21,20.0,0.6,0.1061,0.2,-5.0427,False,fuzzy_logic_fixed_snr,1.0942,0.1311
60,v2,v3,20.0,111.04,20.0,0.6,0.5552,0.2,-16.5447,True,fuzzy_logic_fixed_snr,3.0569,0.1328
60,v2,v4,20.0,139.03,0.0,0.6,0.6952,0.0,-14.2899,True,fuzzy_logic_fixed_snr,5.0008,0.1361
60,v2,v8,20.0,180.0,10.0,0.6,0.9,0.1,-18.4926,True,fuzzy_logic_fixed_snr,1.8828,0.1025
60,v3,v4,20.0,28.64,20.0,0.6,0.1432,0.2,-7.1275,False,fuzzy_logic_fixed_snr,-0.9907,0.1133
60,v3,v8,20.0,69.07,30.0,0.6,0.3453,0.3,-14.2446,True,fuzzy_logic_fixed_snr,5.048,0.1271
60,v3,v6,20.0,90.0,0.0,0.6,0.45,0.0,-11.2679,True,fuzzy_logic_fixed_snr,8.6388,0.193
60,v3,v5,20.0,99.05,10.0,0.6,0.4952,0.1,-14.3416,True,fuzzy_logic_fixed_snr,4.9325,0.1363
60,v3,v12,20.0,110.0,10.0,0.6,0.55,0.1,-15.0705,True,fuzzy_logic_fixed_snr,4.25,0.1289
60,v4,v3,40.0,28.64,20.0,1.0,0.1432,0.2,12.8725,False,fuzzy_logic_fixed_snr,19.0111,0.8984
60,v4,v8,40.0,41.11,10.0,1.0,0.2055,0.1,11.7687,False,fuzzy_logic_fixed_snr,17.9075,0.8836
60,v4,v5,40.0,71.06,30.0,1.0,0.3553,0.3,5.5572,False,fuzzy_logic_fixed_snr,11.6967,0.4955
60,v4,v12,40.0,82.22,30.0,1.0,0.4111,0.3,4.5439,False,fuzzy_logic_fixed_snr,10.6829,0.4076
60,v4,v14,40.0,111.04,0.0,1.0,0.5552,0.0,7.2723,False,fuzzy_logic_fixed_snr,13.4101,0.6436
61,v1,v2,40.0,3.16,0.0,1.0,0.0158,0.0,32.0,False,fuzzy_logic_fixed_snr,38.137,0.998
61,v1,v6,40.0,42.43,0.0,1.0,0.2121,0.0,13.9578,False,fuzzy_logic_fixed_snr,20.0952,0.9338
61,v1,v3,40.0,132.14,20.0,1.0,0.6607,0.2,2.2467,False,fuzzy_logic_fixed_snr,8.3844,0.2613
61,v1,v4,40.0,140.0,10.0,1.0,0.7,0.1,3.2537,False,fuzzy_logic_fixed_snr,9.3924,0.3416
61,v1,v8,40.0,171.03,10.0,1.0,0.8551,0.1,1.8628,True,fuzzy_logic_fixed_snr,20.9596,0.8461
61,v2,v1,20.0,3.16,0.0,0.6,0.0158,0.0,12.0,False,fuzzy_logic_fixed_snr,18.1393,0.8941
61,v2,v6,20.0,41.11,0.0,0.6,0.2055,0.0,-5.8231,False,fuzzy_logic_fixed_snr,0.3148,0.1275
61,v2,v3,20.0,131.03,20.0,0.6,0.6552,0.2,-17.6951,True,fuzzy_logic_fixed_snr,2.296,0.117
61,v2,v4,20.0,139.03,10.0,0.6,0.6952,0.1,-16.6981,True,fuzzy_logic_fixed_snr,2.9474,0.1078
61,v2,v8,20.0,170.0,10.0,0.6,0.85,0.1,-18.0954,True,fuzzy_logic_fixed_snr,2.0881,0.1115
61,v3,v4,20.0,10.0,10.0,0.6,0.05,0.1,1.5918,False,fuzzy_logic_fixed_snr,7.7294,0.2313
61,v3,v8,20.0,39.12,10.0,0.6,0.1956,0.1,-7.8858,False,fuzzy_logic_fixed_snr,-1.7484,0.1129
61,v3,v6,20.0,90.0,20.0,0.6,0.45,0.2,-15.0849,True,fuzzy_logic_fixed_snr,4.2337,0.1391
61,v3,v5,20.0,109.04,40.0,0.6,0.5452,0.4,-18.1932,True,fuzzy_logic_fixed_snr,2.0366,0.116
61,v3,v7,20.0,118.15,0.0,0.6,0.5908,0.0,-13.1591,True,fuzzy_logic_fixed_snr,6.2331,0.149
61,v4,v3,40.0,10.0,10.0,1.0,0.05,0.1,21.5918,False,fuzzy_logic_fixed_snr,27.7308,0.9789
61,v4,v8,40.0,31.14,0.0,1.0,0.1557,0.0,16.1058,False,fuzzy_logic_fixed_snr,22.2435,0.9568
61,v4,v6,40.0,98.18,10.0,1.0,0.4909,0.1,5.7191,False,fuzzy_logic_fixed_snr,11.8567,0.5205
61,v4,v5,40.0,101.04,30.0,1.0,0.5052,0.3,3.1113,False,fuzzy_logic_fixed_snr,9.2486,0.31
61,v4,v7,40.0,110.0,10.0,1.0,0.55,0.1,4.9295,False,fuzzy_logic_fixed_snr,11.0672,0.4684
62,v1,v2,40.0,3.16,30.0,1.0,0.0158,0.3,27.1835,False,fuzzy_logic_fixed_snr,33.3217,0.9896
62,v1,v6,40.0,42.43,0.0,1.0,0.2121,0.0,13.9578,False,fuzzy_logic_fixed_snr,20.0972,0.9299
62,v1,v3,40.0,112.16,10.0,1.0,0.5608,0.1,4.7943,False,fuzzy_logic_fixed_snr,10.9307,0.4535
62,v1,v4,40.0,130.0,20.0,1.0,0.65,0.2,2.3599,False,fuzzy_logic_fixed_snr,8.4962,0.2678
62,v1,v8,40.0,161.03,0.0,1.0,0.8051,0.0,4.6896,True,fuzzy_logic_fixed_snr,22.374,0.8824
62,v2,v1,20.0,3.16,30.0,0.6,0.0158,0.3,7.1835,True,fuzzy_logic_fixed_snr,23.2158,0.8941
62,v2,v6,20.0,41.11,30.0,0.6,0.2055,0.3,-10.6396,True,fuzzy_logic_fixed_snr,9.3955,0.2111
62,v2,v3,20.0,111.04,20.0,0.6,0.5552,0.2,-16.5447,True,fuzzy_logic_fixed_snr,3.0375,0.1232
62,v2,v4,20.0,129.03,10.0,0.6,0.6452,0.1,-16.1796,True,fuzzy_logic_fixed_snr,3.3345,0.1193
62,v2,v8,20.0,160.0,30.0,0.6,0.8,0.3,-20.0824,True,fuzzy_logic_fixed_snr,1.2314,0.1086
62,v3,v4,20.0,18.97,10.0,0.6,0.0949,0.1,-2.8587,False,fuzzy_logic_fixed_snr,3.2803,0.1438
62,v3,v8,20.0,49.09,10.0,0.6,0.2455,0.1,-9.4644,False,fuzzy_logic_fixed_snr,-3.3274,0.1031
62,v3,v6,20.0,70.0,10.0,0.6,0.35,0.1,-11.9298,True,fuzzy_logic_fixed_snr,7.7779,0.1758
62,v3,v2,20.0,111.04,20.0,0.6,0.5552,0.2,-16.5447,True,fuzzy_logic_fixed_snr,3.07,0.1342
62,v3,v1,20.0,112.16,10.0,0.6,0.5608,0.1,-15.2057,True,fuzzy_logic_fixed_snr,4.1307,0.1365
62,v4,v3,40.0,18.97,10.0,1.0,0.0949,0.1,17.1413,False,fuzzy_logic_fixed_snr,23.2788,0.9578
62,v4,v8,40.0,31.14,20.0,1.0,0.1557,0.2,12.2889,False,fuzzy_logic_fixed_snr,18.4261,0.8945
62,v4,v6,40.0,88.2,20.0,1.0,0.441,0.2,5.0552,False,fuzzy_logic_fixed_snr,11.1927,0.4551
62,v4,v7,40.0,100.0,0.0,1.0,0.5,0.0,8.0,False,fuzzy_logic_fixed_snr,14.1364,0.71
62,v4,v11,40.0,121.04,0.0,1.0,0.6052,0.0,6.6733,False,fuzzy_logic_fixed_snr,12.8109,0.6205
63,v1,v2,40.0,29.15,40.0,1.0,0.1458,0.4,10.9729,False,fuzzy_logic_fixed_snr,17.1081,0.873
63,v1,v6,40.0,42.43,30.0,1.0,0.2121,0.3,9.1413,False,fuzzy_logic_fixed_snr,15.2793,0.7777
63,v1,v3,40.0,102.18,30.0,1.0,0.5109,0.3,3.0339,False,fuzzy_logic_fixed_snr,9.1717,0.3193
63,v1,v4,40.0,110.0,40.0,1.0,0.55,0.4,1.746,False,fuzzy_logic_fixed_snr,7.8846,0.2389
63,v1,v8,40.0,161.03,10.0,1.0,0.8051,0.1,2.2813,True,fuzzy_logic_fixed_snr,21.1894,0.8443
63,v2,v1,20.0,29.15,40.0,0.6,0.1458,0.4,-9.0271,True,fuzzy_logic_fixed_snr,11.299,0.2578
63,v2,v6,20.0,71.06,10.0,0.6,0.3553,0.1,-12.0346,True,fuzzy_logic_fixed_snr,7.6214,0.1682
63,v2,v3,20.0,131.03,10.0,0.6,0.6552,0.1,-16.2864,True,fuzzy_logic_fixed_snr,3.2256,0.1205
63,v2,v4,20.0,139.03,0.0,0.6,0.6952,0.0,-14.2899,True,fuzzy_logic_fixed_snr,5.0137,0.1438
63,v2,v8,20.0,190.0,30.0,0.6,0.95,0.3,-21.2765,True,fuzzy_logic_fixed_snr,0.8469,0.1221
63,v3,v4,20.0,10.0,10.0,0.6,0.05,0.1,1.5918,False,fuzzy_logic_fixed_snr,7.7303,0.2209
63,v3,v8,20.0,59.08,20.0,0.6,0.2954,0.2,-12.1596,True,fuzzy_logic_fixed_snr,7.5033,0.177
63,v3,v6,20.0,60.0,0.0,0.6,0.3,0.0,-8.4504,True,fuzzy_logic_fixed_snr,11.9608,0.2982
63,v3,v1,20.0,102.18,30.0,0.6,0.5109,0.3,-16.9661,True,fuzzy_logic_fixed_snr,2.7626,0.125
63,v3,v7,20.0,108.17,10.0,0.6,0.5408,0.1,-14.9537,True,fuzzy_logic_fixed_snr,4.344,0.132
63,v4,v3,40.0,10.0,10.0,1.0,0.05,0.1,21.5918,False,fuzzy_logic_fixed_snr,27.7282,0.977
63,v4,v8,40.0,51.09,30.0,1.0,0.2554,0.3,7.8504,False,fuzzy_logic_fixed_snr,13.9895,0.6934
63,v4,v6,40.0,68.26,10.0,1.0,0.3413,0.1,8.2447,False,fuzzy_logic_fixed_snr,14.3811,0.7297
63,v4,v7,40.0,100.0,0.0,1.0,0.5,0.0,8.0,False,fuzzy_logic_fixed_snr,14.1375,0.7076
63,v4,v1,40.0,110.0,40.0,1.0,0.55,0.4,1.746,False,fuzzy_logic_fixed_snr,7.8827,0.2328
64,v1,v6,40.0,13.42,10.0,1.0,0.0671,0.1,19.5496,False,fuzzy_logic_fixed_snr,25.6862,0.9711
64,v1,v2,40.0,69.07,20.0,1.0,0.3453,0.2,6.7549,False,fuzzy_logic_fixed_snr,12.892,0.6123
64,v1,v4,40.0,70.0,10.0,1.0,0.35,0.1,8.0702,False,fuzzy_logic_fixed_snr,14.2058,0.7281
64,v1,v3,40.0,72.25,0.0,1.0,0.3612,0.0,10.2586,False,fuzzy_logic_fixed_snr,16.3993,0.8219
64,v1,v8,40.0,151.03,10.0,1.0,0.7551,0.1,2.7268,False,fuzzy_logic_fixed_snr,8.8667,0.293
64,v2,v1,20.0,69.07,20.0,0.6,0.3453,0.2,-13.2451,True,fuzzy_logic_fixed_snr,6.1344,0.166
64,v2,v6,20.0,81.06,10.0,0.6,0.4053,0.1,-12.9488,True,fuzzy_logic_fixed_snr,6.508,0.1482
64,v2,v4,20.0,139.03,10.0,0.6,0.6952,0.1,-16.6981,True,fuzzy_logic_fixed_snr,2.9308,0.1338
64,v2,v3,20.0,141.03,20.0,0.6,0.7052,0.2,-18.206,True,fuzzy_logic_fixed_snr,2.0224,0.1146
64,v3,v4,20.0,6.32,10.0,0.6,0.0316,0.1,4.7753,False,fuzzy_logic_fixed_snr,10.9148,0.435
64,v3,v6,20.0,60.0,10.0,0.6,0.3,0.1,-10.8587,True,fuzzy_logic_fixed_snr,9.1156,0.1846
64,v3,v1,20.0,72.25,0.0,0.6,0.3612,0.0,-9.7414,True,fuzzy_logic_fixed_snr,10.5051,0.2404
64,v3,v8,20.0,79.06,10.0,0.6,0.3953,0.1,-12.7753,True,fuzzy_logic_fixed_snr,6.7274,0.1607
64,v3,v7,20.0,98.18,0.0,0.6,0.4909,0.0,-11.8726,True,fuzzy_logic_fixed_snr,7.8461,0.1773
64,v4,v3,40.0,6.32,10.0,1.0,0.0316,0.1,24.7753,False,fuzzy_logic_fixed_snr,30.9139,0.9838
64,v4,v6,40.0,58.31,0.0,1.0,0.2915,0.0,11.7482,False,fuzzy_logic_fixed_snr,17.8873,0.8822
64,v4,v1,40.0,70.0,10.0,1.0,0.35,0.1,8.0702,False,fuzzy_logic_fixed_snr,14.2091,0.7316
64,v4,v8,40.0,81.06,20.0,1.0,0.4053,0.2,5.6425,False,fuzzy_logic_fixed_snr,11.7798,0.5154
64,v4,v7,40.0,100.0,10.0,1.0,0.5,0.1,5.5918,False,fuzzy_logic_fixed_snr,11.7286,0.5434
65,v1,v6,40.0,6.32,10.0,1.0,0.0316,0.1,24.7753,False,fuzzy_logic_fixed_snr,30.9133,0.9867
65,v1,v4,40.0,60.0,20.0,1.0,0.3,0.2,7.7326,False,fuzzy_logic_fixed_snr,13.8714,0.6969
65,v1,v2,40.0,68.43,31.62,1.0,0.3421,0.3162,5.6819,False,fuzzy_logic_fixed_snr,11.8197,0.5193
65,v1,v3,40.0,72.25,20.0,1.0,0.3612,0.2,6.4417,False,fuzzy_logic_fixed_snr,12.5792,0.5953
65,v1,v8,40.0,161.03,10.0,1.0,0.8051,0.1,2.2813,True,fuzzy_logic_fixed_snr,21.2242,0.8523
65,v2,v6,20.0,67.78,41.23,0.6,0.3389,0.4123,-14.9738,True,fuzzy_logic_fixed_snr,4.3392,0.1422
65,v2,v1,20.0,68.43,31.62,0.6,0.3421,0.3162,-14.3181,True,fuzzy_logic_fixed_snr,4.968,0.1379
65,v2,v4,20.0,124.91,14.14,0.6,0.6245,0.1414,-16.6076,True,fuzzy_logic_fixed_snr,3.0021,0.1203
65,v2,v3,20.0,135.33,50.99,0.6,0.6766,0.5099,-20.3843,True,fuzzy_logic_fixed_snr,1.1207,0.1082
65,v3,v4,20.0,13.42,40.0,0.6,0.0671,0.4,-3.6339,True,fuzzy_logic_fixed_snr,16.7588,0.6035
65,v3,v6,20.0,70.0,10.0,0.6,0.35,0.1,-11.9298,True,fuzzy_logic_fixed_snr,7.8011,0.1723
65,v3,v1,20.0,72.25,20.0,0.6,0.3612,0.2,-13.5583,True,fuzzy_logic_fixed_snr,5.7868,0.1473
65,v3,v8,20.0,89.05,30.0,0.6,0.4453,0.3,-16.0107,True,fuzzy_logic_fixed_snr,3.4578,0.1307
65,v3,v7,20.0,98.18,20.0,0.6,0.4909,0.2,-15.6896,True,fuzzy_logic_fixed_snr,3.7099,0.1229
65,v4,v3,40.0,13.42,40.0,1.0,0.0671,0.4,16.3661,False,fuzzy_logic_fixed_snr,22.5072,0.9564
65,v4,v6,40.0,58.31,30.0,1.0,0.2915,0.3,6.9317,False,fuzzy_logic_fixed_snr,13.0704,0.625
65,v4,v1,40.0,60.0,20.0,1.0,0.3,0.2,7.7326,False,fuzzy_logic_fixed_snr,13.8698,0.6982
65,v4,v8,40.0,101.04,10.0,1.0,0.5052,0.1,5.5196,False,fuzzy_logic_fixed_snr,11.6576,0.507
65,v4,v7,40.0,110.0,20.0,1.0,0.55,0.2,3.5207,False,fuzzy_logic_fixed_snr,9.6563,0.3484
66,v1,v6,40.0,10.0,20.0,1.0,0.05,0.2,20.183,False,fuzzy_logic_fixed_snr,26.3193,0.9779
66,v1,v2,40.0,51.4,58.31,1.0,0.257,0.5831,5.9487,False,fuzzy_logic_fixed_snr,12.0861,0.5531
66,v1,v3,40.0,52.35,30.0,1.0,0.2617,0.3,7.6815,False,fuzzy_logic_fixed_snr,13.8204,0.6941
66,v1,v4,40.0,80.0,40.0,1.0,0.4,0.4,3.9588,False,fuzzy_logic_fixed_snr,10.0946,0.3689
66,v1,v7,40.0,170.0,10.0,1.0,0.85,0.1,1.9046,True,fuzzy_logic_fixed_snr,20.9926,0.8348
66,v2,v6,20.0,41.88,42.43,0.6,0.2094,0.4243,-11.7086,True,fuzzy_logic_fixed_snr,8.0412,0.1799
66,v2,v1,20.0,51.4,58.31,0.6,0.257,0.5831,-14.0513,True,fuzzy_logic_fixed_snr,5.279,0.1303
66,v2,v3,20.0,90.08,36.06,0.6,0.4504,0.3606,-16.5801,True,fuzzy_logic_fixed_snr,3.0405,0.1273
66,v2,v4,20.0,118.33,31.62,0.6,0.5917,0.3162,-18.1242,True,fuzzy_logic_fixed_snr,2.0901,0.1057
66,v3,v4,20.0,28.64,10.0,0.6,0.1432,0.1,-5.7188,False,fuzzy_logic_fixed_snr,0.4181,0.1295
66,v3,v1,20.0,52.35,30.0,0.6,0.2617,0.3,-12.3185,True,fuzzy_logic_fixed_snr,7.2881,0.173
66,v3,v6,20.0,60.0,10.0,0.6,0.3,0.1,-10.8587,True,fuzzy_logic_fixed_snr,9.1656,0.1877
66,v3,v2,20.0,90.08,36.06,0.6,0.4504,0.3606,-16.5801,True,fuzzy_logic_fixed_snr,3.0339,0.1277
66,v3,v7,20.0,118.15,20.0,0.6,0.5908,0.2,-16.9761,True,fuzzy_logic_fixed_snr,2.7483,0.0951
66,v4,v3,40.0,28.64,10.0,1.0,0.1432,0.1,14.2812,False,fuzzy_logic_fixed_snr,20.4179,0.9279
66,v4,v1,40.0,80.0,40.0,1.0,0.4,0.4,3.9588,False,fuzzy_logic_fixed_snr,10.0962,0.3779
66,v4,v6,40.0,88.2,20.0,1.0,0.441,0.2,5.0552,False,fuzzy_logic_fixed_snr,11.1947,0.4729
66,v4,v7,40.0,90.0,30.0,1.0,0.45,0.3,3.9156,False,fuzzy_logic_fixed_snr,10.0533,0.3785
66,v4,v8,40.0,91.05,10.0,1.0,0.4552,0.1,6.2433,False,fuzzy_logic_fixed_snr,12.3814,0.5775
67,v1,v6,40.0,6.0,30.0,1.0,0.03,0.3,22.7331,False,fuzzy_logic_fixed_snr,28.8691,0.9832
67,v1,v2,40.0,55.08,30.0,1.0,0.2754,0.3,7.3274,False,fuzzy_logic_fixed_snr,13.4634,0.6693
67,v1,v3,40.0,66.75,14.14,1.0,0.3338,0.1414,7.7462,False,fuzzy_logic_fixed_snr,13.8829,0.6941
67,v1,v4,40.0,105.22,22.36,1.0,0.5261,0.2236,3.5661,False,fuzzy_logic_fixed_snr,9.704,0.3537
67,v1,v7,40.0,164.78,50.99,1.0,0.8239,0.5099,-1.7525,True,fuzzy_logic_fixed_snr,18.3818,0.7328
67,v2,v1,20.0,55.08,30.0,0.6,0.2754,0.3,-12.6726,True,fuzzy_logic_fixed_snr,6.8218,0.1633
67,v2,v6,20.0,55.08,0.0,0.6,0.2754,0.0,-7.8561,True,fuzzy_logic_fixed_snr,12.5856,0.3443
67,v2,v3,20.0,90.52,41.23,0.6,0.4526,0.4123,-16.9842,True,fuzzy_logic_fixed_snr,2.7623,0.1037
67,v2,v4,20.0,123.46,44.72,0.6,0.6173,0.4472,-19.3696,True,fuzzy_logic_fixed_snr,1.5096,0.1121
67,v2,v7,20.0,175.96,64.03,0.6,0.8798,0.6403,-22.882,True,fuzzy_logic_fixed_snr,0.4718,0.0998
67,v3,v4,20.0,38.47,10.0,0.6,0.1924,0.1,-7.7703,False,fuzzy_logic_fixed_snr,-1.6325,0.109
67,v3,v6,20.0,60.83,41.23,0.6,0.3041,0.4123,-14.2219,True,fuzzy_logic_fixed_snr,5.0599,0.1445
67,v3,v1,20.0,66.75,14.14,0.6,0.3338,0.1414,-12.2538,True,fuzzy_logic_fixed_snr,7.3675,0.1629
67,v3,v2,20.0,90.52,41.23,0.6,0.4526,0.4123,-16.9842,True,fuzzy_logic_fixed_snr,2.7612,0.1238
67,v3,v7,20.0,98.18,40.0,0.6,0.4909,0.4,-17.4644,True,fuzzy_logic_fixed_snr,2.4435,0.1098
67,v4,v3,40.0,38.47,10.0,1.0,0.1924,0.1,12.2297,False,fuzzy_logic_fixed_snr,18.3671,0.9055
67,v4,v7,40.0,60.0,30.0,1.0,0.3,0.3,6.7331,False,fuzzy_logic_fixed_snr,12.8712,0.5914
67,v4,v8,40.0,81.06,10.0,1.0,0.4053,0.1,7.0512,False,fuzzy_logic_fixed_snr,13.1883,0.6352
67,v4,v6,40.0,99.3,44.72,1.0,0.4965,0.4472,2.1437,False,fuzzy_logic_fixed_snr,8.2823,0.2551
67,v4,v13,40.0,100.0,30.0,1.0,0.5,0.3,3.1835,False,fuzzy_logic_fixed_snr,9.3218,0.3238
68,v1,v6,40.0,30.59,40.0,1.0,0.153,0.4,10.638,False,fuzzy_logic_fixed_snr,16.7765,0.8611
68,v1,v3,40.0,59.46,41.23,1.0,0.2973,0.4123,5.9356,False,fuzzy_logic_fixed_snr,12.0721,0.5467
68,v1,v2,40.0,85.05,10.0,1.0,0.4253,0.1,6.7167,False,fuzzy_logic_fixed_snr,12.8535,0.6174
68,v1,v4,40.0,87.93,14.14,1.0,0.4397,0.1414,5.8315,False,fuzzy_logic_fixed_snr,11.9675,0.5557
68,v1,v7,40.0,116.93,31.62,1.0,0.5846,0.3162,1.9587,False,fuzzy_logic_fixed_snr,8.098,0.2508
68,v2,v6,20.0,55.08,30.0,0.6,0.2754,0.3,-12.6726,True,fuzzy_logic_fixed_snr,6.826,0.1537
68,v2,v1,20.0,85.05,10.0,0.6,0.4253,0.1,-13.2833,True,fuzzy_logic_fixed_snr,6.1263,0.1424
68,v2,v3,20.0,117.62,44.72,0.6,0.5881,0.4472,-19.0328,True,fuzzy_logic_fixed_snr,1.6501,0.1219
68,v2,v4,20.0,137.41,22.36,0.6,0.6871,0.2236,-18.2885,True,fuzzy_logic_fixed_snr,1.9924,0.1049
68,v2,v7,20.0,156.98,36.06,0.6,0.7849,0.3606,-20.4397,True,fuzzy_logic_fixed_snr,1.0918,0.1055
68,v3,v4,20.0,28.64,30.0,0.6,0.1432,0.3,-8.127,True,fuzzy_logic_fixed_snr,12.3163,0.3113
68,v3,v7,20.0,58.31,10.0,0.6,0.2915,0.1,-10.6601,True,fuzzy_logic_fixed_snr,9.4141,0.2127
68,v3,v1,20.0,59.46,41.23,0.6,0.2973,0.4123,-14.0644,True,fuzzy_logic_fixed_snr,5.2249,0.1354
68,v3,v6,20.0,70.71,64.03,0.6,0.3536,0.6403,-16.5471,True,fuzzy_logic_fixed_snr,3.0478,0.1318
68,v3,v13,20.0,98.18,0.0,0.6,0.4909,0.0,-11.8726,True,fuzzy_logic_fixed_snr,7.856,0.1785
68,v4,v3,40.0,28.64,30.0,1.0,0.1432,0.3,11.873,False,fuzzy_logic_fixed_snr,18.0086,0.8822
68,v4,v7,40.0,30.0,20.0,1.0,0.15,0.2,12.5491,False,fuzzy_logic_fixed_snr,18.6904,0.9033
68,v4,v13,40.0,70.0,30.0,1.0,0.35,0.3,5.662,False,fuzzy_logic_fixed_snr,11.7977,0.524
68,v4,v8,40.0,71.06,40.0,1.0,0.3553,0.4,4.7819,False,fuzzy_logic_fixed_snr,10.9193,0.4428
68,v4,v1,40.0,87.93,14.14,1.0,0.4397,0.1414,5.8315,False,fuzzy_logic_fixed_snr,11.9683,0.5371
69,v1,v3,40.0,34.0,50.99,1.0,0.17,0.5099,9.2143,False,fuzzy_logic_fixed_snr,15.3521,0.7852
69,v1,v6,40.0,70.26,30.0,1.0,0.3513,0.3,5.6365,False,fuzzy_logic_fixed_snr,11.7726,0.5268
69,v1,v4,40.0,82.29,22.36,1.0,0.4115,0.2236,5.2741,False,fuzzy_logic_fixed_snr,11.4121,0.4785
69,v1,v7,40.0,91.39,31.62,1.0,0.4569,0.3162,3.671,False,fuzzy_logic_fixed_snr,9.8087,0.349
69,v1,v2,40.0,95.05,10.0,1.0,0.4752,0.1,5.9447,False,fuzzy_logic_fixed_snr,12.0828,0.5494
69,v2,v6,20.0,25.18,20.0,0.6,0.1259,0.2,-6.2337,False,fuzzy_logic_fixed_snr,-0.0957,0.1178
69,v2,v1,20.0,95.05,10.0,0.6,0.4752,0.1,-14.0553,True,fuzzy_logic_fixed_snr,5.2326,0.15
69,v2,v3,20.0,125.67,53.85,0.6,0.6284,0.5385,-20.0293,True,fuzzy_logic_fixed_snr,1.2439,0.1082
69,v2,v4,20.0,149.0,28.28,0.6,0.745,0.2828,-19.4353,True,fuzzy_logic_fixed_snr,1.4828,0.1125
69,v2,v7,20.0,154.02,36.06,0.6,0.7701,0.3606,-20.3075,True,fuzzy_logic_fixed_snr,1.1428,0.1086
69,v3,v1,20.0,34.0,50.99,0.6,0.17,0.5099,-10.7857,True,fuzzy_logic_fixed_snr,9.2549,0.1957
69,v3,v4,20.0,58.31,30.0,0.6,0.2915,0.3,-13.0683,True,fuzzy_logic_fixed_snr,6.3673,0.1684
69,v3,v7,20.0,68.26,20.0,0.6,0.3413,0.2,-13.1641,True,fuzzy_logic_fixed_snr,6.2144,0.1609
69,v3,v8,20.0,89.05,0.0,0.6,0.4453,0.0,-11.1942,True,fuzzy_logic_fixed_snr,8.7209,0.1928
69,v3,v13,20.0,98.18,40.0,0.6,0.4909,0.4,-17.4644,True,fuzzy_logic_fixed_snr,2.4323,0.1057
69,v4,v7,40.0,10.0,10.0,1.0,0.05,0.1,21.5918,False,fuzzy_logic_fixed_snr,27.7299,0.9824
69,v4,v8,40.0,31.14,30.0,1.0,0.1557,0.3,11.2893,False,fuzzy_logic_fixed_snr,17.4254,0.8627
69,v4,v13,40.0,40.0,10.0,1.0,0.2,0.1,11.9588,False,fuzzy_logic_fixed_snr,18.0966,0.8887
69,v4,v3,40.0,58.31,30.0,1.0,0.2915,0.3,6.9317,False,fuzzy_logic_fixed_snr,13.071,0.6297
69,v4,v1,40.0,82.29,22.36,1.0,0.4115,0.2236,5.2741,False,fuzzy_logic_fixed_snr,11.4107,0.4883
70,v1,v3,40.0,6.0,20.0,1.0,0.03,0.2,23.7326,False,fuzzy_logic_fixed_snr,29.8711,0.9873
70,v1,v8,40.0,69.81,50.0,1.0,0.3491,0.5,4.2717,False,fuzzy_logic_fixed_snr,10.4074,0.3971
70,v1,v4,40.0,70.94,50.0,1.0,0.3547,0.5,4.1609,False,fuzzy_logic_fixed_snr,10.3003,0.3947
70,v1,v7,40.0,70.94,64.03,1.0,0.3547,0.6403,3.4308,False,fuzzy_logic_fixed_snr,9.5672,0.3414
70,v1,v6,40.0,100.18,10.0,1.0,0.5009,0.1,5.5793,False,fuzzy_logic_fixed_snr,11.7173,0.5141
70,v2,v6,20.0,5.83,10.0,0.6,0.0292,0.1,5.3399,False,fuzzy_logic_fixed_snr,11.4784,0.4918
70,v2,v1,20.0,105.04,0.0,0.6,0.5252,0.0,-12.3419,True,fuzzy_logic_fixed_snr,7.2728,0.1537
70,v2,v3,20.0,105.04,20.0,0.6,0.5252,0.2,-16.1588,True,fuzzy_logic_fixed_snr,3.3367,0.1225
70,v2,v8,20.0,156.87,50.0,0.6,0.7843,0.5,-21.3538,True,fuzzy_logic_fixed_snr,0.8295,0.1123
70,v2,v4,20.0,159.38,50.0,0.6,0.7969,0.5,-21.4642,True,fuzzy_logic_fixed_snr,0.7947,0.1096
70,v3,v1,20.0,6.0,20.0,0.6,0.03,0.2,3.7326,False,fuzzy_logic_fixed_snr,9.8688,0.357
70,v3,v8,20.0,65.19,36.06,0.6,0.326,0.3606,-14.3334,True,fuzzy_logic_fixed_snr,4.957,0.1344
70,v3,v4,20.0,66.48,36.06,0.6,0.3324,0.3606,-14.4696,True,fuzzy_logic_fixed_snr,4.8016,0.1361
70,v3,v7,20.0,66.48,53.85,0.6,0.3324,0.5385,-15.6048,True,fuzzy_logic_fixed_snr,3.7875,0.1275
70,v3,v6,20.0,100.0,10.0,0.6,0.5,0.1,-14.4082,True,fuzzy_logic_fixed_snr,4.8902,0.1449
70,v4,v7,40.0,0.0,20.0,1.0,0.0,0.2,40.0,False,fuzzy_logic_fixed_snr,46.1367,0.998
70,v4,v8,40.0,3.16,0.0,1.0,0.0158,0.0,32.0,False,fuzzy_logic_fixed_snr,38.139,0.9941
70,v4,v13,40.0,50.0,20.0,1.0,0.25,0.2,8.9995,False,fuzzy_logic_fixed_snr,15.1378,0.7832
70,v4,v3,40.0,66.48,36.06,1.0,0.3324,0.3606,5.5304,False,fuzzy_logic_fixed_snr,11.6666,0.5102
70,v4,v1,40.0,70.94,50.0,1.0,0.3547,0.5,4.1609,False,fuzzy_logic_fixed_snr,10.2979,0.3865
71,v1,v3,40.0,20.88,30.0,1.0,0.1044,0.3,14.0676,False,fuzzy_logic_fixed_snr,20.2057,0.9289
71,v1,v7,40.0,86.09,28.28,1.0,0.4305,0.2828,4.3764,False,fuzzy_logic_fixed_snr,10.5149,0.4209
71,v1,v8,40.0,86.68,53.85,1.0,0.4334,0.5385,2.5517,False,fuzzy_logic_fixed_snr,8.6907,0.2848
71,v1,v4,40.0,89.29,28.28,1.0,0.4464,0.2828,4.1233,False,fuzzy_logic_fixed_snr,10.2599,0.3869
71,v1,v6,40.0,90.2,30.0,1.0,0.451,0.3,3.9002,False,fuzzy_logic_fixed_snr,10.0406,0.3752
71,v2,v6,20.0,15.3,30.0,0.6,0.0765,0.3,-3.7702,True,fuzzy_logic_fixed_snr,16.6341,0.6209
71,v2,v1,20.0,105.04,0.0,0.6,0.5252,0.0,-12.3419,True,fuzzy_logic_fixed_snr,7.2509,0.1713
71,v2,v3,20.0,125.04,30.0,0.6,0.6252,0.3,-18.369,True,fuzzy_logic_fixed_snr,1.938,0.1063
71,v2,v8,20.0,189.28,53.85,0.6,0.9464,0.5385,-22.8752,True,fuzzy_logic_fixed_snr,0.4814,0.1027
71,v2,v7,20.0,191.0,28.28,0.6,0.955,0.2828,-21.1608,True,fuzzy_logic_fixed_snr,0.8707,0.0955
71,v3,v1,20.0,20.88,30.0,0.6,0.1044,0.3,-5.9324,True,fuzzy_logic_fixed_snr,14.5566,0.4641
71,v3,v8,20.0,65.8,70.71,0.6,0.329,0.7071,-16.3474,True,fuzzy_logic_fixed_snr,3.2049,0.1174
71,v3,v7,20.0,66.03,53.85,0.6,0.3302,0.5385,-15.5573,True,fuzzy_logic_fixed_snr,3.8102,0.1277
71,v3,v4,20.0,68.41,53.85,0.6,0.3421,0.5385,-15.8033,True,fuzzy_logic_fixed_snr,3.6086,0.1096
71,v3,v6,20.0,110.0,0.0,0.6,0.55,0.0,-12.6623,True,fuzzy_logic_fixed_snr,6.8675,0.1639
71,v4,v8,40.0,3.16,30.0,1.0,0.0158,0.3,27.1835,False,fuzzy_logic_fixed_snr,33.3185,0.9789
71,v4,v7,40.0,20.0,0.0,1.0,0.1,0.0,19.1835,False,fuzzy_logic_fixed_snr,25.3218,0.974
71,v4,v3,40.0,68.41,53.85,1.0,0.3421,0.5385,4.1967,False,fuzzy_logic_fixed_snr,10.3351,0.3904
71,v4,v13,40.0,70.0,30.0,1.0,0.35,0.3,5.662,False,fuzzy_logic_fixed_snr,11.8008,0.5225
71,v4,v1,40.0,89.29,28.28,1.0,0.4464,0.2828,4.1233,False,fuzzy_logic_fixed_snr,10.2606,0.392
72,v1,v3,40.0,11.66,10.0,1.0,0.0583,0.1,20.5234,False,fuzzy_logic_fixed_snr,26.6625,0.9789
72,v1,v8,40.0,75.06,20.0,1.0,0.3753,0.2,6.1765,False,fuzzy_logic_fixed_snr,12.3145,0.5654
72,v1,v7,40.0,90.0,40.0,1.0,0.45,0.4,3.1404,False,fuzzy_logic_fixed_snr,9.2784,0.3215
72,v1,v2,40.0,105.04,0.0,1.0,0.5252,0.0,7.6581,False,fuzzy_logic_fixed_snr,13.7961,0.6834
72,v1,v4,40.0,106.08,14.14,1.0,0.5304,0.1414,4.528,False,fuzzy_logic_fixed_snr,10.6664,0.424
72,v2,v6,20.0,15.3,10.0,0.6,0.0765,0.1,-1.362,False,fuzzy_logic_fixed_snr,4.7733,0.1535
72,v2,v3,20.0,95.05,10.0,0.6,0.4752,0.1,-14.0553,True,fuzzy_logic_fixed_snr,5.2348,0.1557
72,v2,v1,20.0,105.04,0.0,0.6,0.5252,0.0,-12.3419,True,fuzzy_logic_fixed_snr,7.2514,0.1713
72,v2,v8,20.0,180.0,20.0,0.6,0.9,0.2,-19.9013,True,fuzzy_logic_fixed_snr,1.3007,0.1133
72,v2,v7,20.0,195.02,40.0,0.6,0.9751,0.4,-22.2331,True,fuzzy_logic_fixed_snr,0.6096,0.1121
72,v3,v1,20.0,11.66,10.0,0.6,0.0583,0.1,0.5234,False,fuzzy_logic_fixed_snr,6.6616,0.2
72,v3,v8,20.0,85.05,10.0,0.6,0.4253,0.1,-13.2833,True,fuzzy_logic_fixed_snr,6.0983,0.1555
72,v3,v2,20.0,95.05,10.0,0.6,0.4752,0.1,-14.0553,True,fuzzy_logic_fixed_snr,5.242,0.133
72,v3,v7,20.0,100.18,30.0,0.6,0.5009,0.3,-16.829,True,fuzzy_logic_fixed_snr,2.8842,0.1082
72,v3,v6,20.0,110.0,0.0,0.6,0.55,0.0,-12.6623,True,fuzzy_logic_fixed_snr,6.866,0.1627
72,v4,v7,40.0,16.49,50.99,1.0,0.0825,0.5099,14.2414,False,fuzzy_logic_fixed_snr,20.3776,0.9348
72,v4,v8,40.0,31.02,31.62,1.0,0.1551,0.3162,11.18,False,fuzzy_logic_fixed_snr,17.3173,0.8605
72,v4,v13,40.0,40.0,10.0,1.0,0.2,0.1,11.9588,False,fuzzy_logic_fixed_snr,18.0962,0.8803
72,v4,v11,40.0,91.05,20.0,1.0,0.4552,0.2,4.8346,False,fuzzy_logic_fixed_snr,10.971,0.4607
72,v4,v12,40.0,92.2,0.0,1.0,0.461,0.0,8.5646,False,fuzzy_logic_fixed_snr,14.7002,0.7354
73,v1,v3,40.0,20.88,40.0,1.0,0.1044,0.4,13.2923,False,fuzzy_logic_fixed_snr,19.4297,0.9127
73,v1,v7,40.0,50.0,0.0,1.0,0.25,0.0,12.8165,False,fuzzy_logic_fixed_snr,18.9539,0.8986
73,v1,v8,40.0,55.08,40.0,1.0,0.2754,0.4,6.5521,False,fuzzy_logic_fixed_snr,12.6903,0.6109
73,v1,v2,40.0,105.04,0.0,1.0,0.5252,0.0,7.6581,False,fuzzy_logic_fixed_snr,13.7954,0.6838
73,v1,v4,40.0,110.0,10.0,1.0,0.55,0.1,4.9295,False,fuzzy_logic_fixed_snr,11.069,0.4604
73,v2,v6,20.0,25.18,30.0,0.6,0.1259,0.3,-7.2332,True,fuzzy_logic_fixed_snr,13.2499,0.3639
73,v2,v3,20.0,85.05,40.0,0.6,0.4253,0.4,-16.4668,True,fuzzy_logic_fixed_snr,3.1263,0.1172
73,v2,v1,20.0,105.04,0.0,0.6,0.5252,0.0,-12.3419,True,fuzzy_logic_fixed_snr,7.2491,0.1529
73,v2,v7,20.0,155.03,0.0,0.6,0.7751,0.0,-15.0466,True,fuzzy_logic_fixed_snr,4.2831,0.1281
73,v2,v8,20.0,160.0,40.0,0.6,0.8,0.4,-20.8577,True,fuzzy_logic_fixed_snr,0.9714,0.1043
73,v3,v1,20.0,20.88,40.0,0.6,0.1044,0.4,-6.7077,True,fuzzy_logic_fixed_snr,13.7693,0.4012
73,v3,v7,20.0,70.26,40.0,0.6,0.3513,0.4,-15.1388,True,fuzzy_logic_fixed_snr,4.1768,0.1207
73,v3,v8,20.0,75.06,0.0,0.6,0.3753,0.0,-10.0065,True,fuzzy_logic_fixed_snr,10.1756,0.235
73,v3,v2,20.0,85.05,40.0,0.6,0.4253,0.4,-16.4668,True,fuzzy_logic_fixed_snr,3.0993,0.1338
73,v3,v6,20.0,110.0,10.0,0.6,0.55,0.1,-15.0705,True,fuzzy_logic_fixed_snr,4.2494,0.1223
73,v4,v13,40.0,24.74,41.23,1.0,0.1237,0.4123,12.0297,False,fuzzy_logic_fixed_snr,18.1668,0.8912
73,v4,v8,40.0,55.08,30.0,1.0,0.2754,0.3,7.3274,False,fuzzy_logic_fixed_snr,13.4633,0.675
73,v4,v7,40.0,60.0,10.0,1.0,0.3,0.1,9.1413,False,fuzzy_logic_fixed_snr,15.2763,0.7969
73,v4,v11,40.0,65.07,56.57,1.0,0.3253,0.5657,4.3998,False,fuzzy_logic_fixed_snr,10.5373,0.4121
73,v4,v5,40.0,75.06,64.03,1.0,0.3753,0.6403,3.0381,False,fuzzy_logic_fixed_snr,9.1767,0.3047
74,v1,v3,40.0,20.88,40.0,1.0,0.1044,0.4,13.2923,False,fuzzy_logic_fixed_snr,19.4296,0.9117
74,v1,v7,40.0,50.0,20.0,1.0,0.25,0.2,8.9995,False,fuzzy_logic_fixed_snr,15.1357,0.7703
74,v1,v8,40.0,95.05,40.0,1.0,0.4752,0.4,2.7612,False,fuzzy_logic_fixed_snr,8.8982,0.2996
74,v1,v6,40.0,100.18,10.0,1.0,0.5009,0.1,5.5793,False,fuzzy_logic_fixed_snr,11.7185,0.5146
74,v1,v2,40.0,105.04,20.0,1.0,0.5252,0.2,3.8412,False,fuzzy_logic_fixed_snr,9.9793,0.3744
74,v2,v6,20.0,5.83,10.0,0.6,0.0292,0.1,5.3399,False,fuzzy_logic_fixed_snr,11.4766,0.4896
74,v2,v1,20.0,105.04,20.0,0.6,0.5252,0.2,-16.1588,True,fuzzy_logic_fixed_snr,3.3549,0.1207
74,v2,v3,20.0,125.04,20.0,0.6,0.6252,0.2,-17.3695,True,fuzzy_logic_fixed_snr,2.516,0.1137
74,v2,v7,20.0,155.03,0.0,0.6,0.7751,0.0,-15.0466,True,fuzzy_logic_fixed_snr,4.2766,0.1287
74,v2,v8,20.0,200.0,20.0,0.6,1.0,0.2,-20.6334,True,fuzzy_logic_fixed_snr,1.0258,0.1098
74,v3,v1,20.0,20.88,40.0,0.6,0.1044,0.4,-6.7077,True,fuzzy_logic_fixed_snr,13.7484,0.4102
74,v3,v7,20.0,30.59,20.0,0.6,0.153,0.2,-7.5872,False,fuzzy_logic_fixed_snr,-1.4494,0.1148
74,v3,v8,20.0,75.06,0.0,0.6,0.3753,0.0,-10.0065,True,fuzzy_logic_fixed_snr,10.1789,0.2334
74,v3,v4,20.0,100.18,30.0,0.6,0.5009,0.3,-16.829,True,fuzzy_logic_fixed_snr,2.8631,0.1262
74,v3,v6,20.0,120.0,30.0,0.6,0.6,0.3,-18.0834,True,fuzzy_logic_fixed_snr,2.1188,0.1115
74,v4,v8,40.0,25.18,30.0,1.0,0.1259,0.3,12.7668,False,fuzzy_logic_fixed_snr,18.9029,0.8955
74,v4,v13,40.0,48.08,53.85,1.0,0.2404,0.5385,6.6467,False,fuzzy_logic_fixed_snr,12.7835,0.6109
74,v4,v5,40.0,49.74,22.36,1.0,0.2487,0.2236,8.7727,False,fuzzy_logic_fixed_snr,14.9109,0.7629
74,v4,v11,40.0,49.74,36.06,1.0,0.2487,0.3606,7.5465,False,fuzzy_logic_fixed_snr,13.685,0.6732
74,v4,v14,40.0,55.44,53.85,1.0,0.2772,0.5385,5.657,False,fuzzy_logic_fixed_snr,11.7954,0.5127
75,v1,v3,40.0,20.88,10.0,1.0,0.1044,0.1,16.4759,False,fuzzy_logic_fixed_snr,22.6116,0.9506
75,v1,v7,40.0,30.0,30.0,1.0,0.15,0.3,11.5496,False,fuzzy_logic_fixed_snr,17.6869,0.8809
75,v1,v8,40.0,55.08,20.0,1.0,0.2754,0.2,8.3269,False,fuzzy_logic_fixed_snr,14.4638,0.7389
75,v1,v4,40.0,110.0,30.0,1.0,0.55,0.3,2.5212,False,fuzzy_logic_fixed_snr,8.6592,0.2787
75,v1,v6,40.0,110.16,10.0,1.0,0.5508,0.1,4.9192,False,fuzzy_logic_fixed_snr,11.0556,0.4445
75,v2,v6,20.0,15.3,30.0,0.6,0.0765,0.3,-3.7702,True,fuzzy_logic_fixed_snr,16.6151,0.6174
75,v2,v3,20.0,105.04,30.0,0.6,0.5252,0.3,-17.1583,True,fuzzy_logic_fixed_snr,2.6741,0.1117
75,v2,v1,20.0,125.04,40.0,0.6,0.6252,0.4,-19.1443,True,fuzzy_logic_fixed_snr,1.5898,0.1096
75,v2,v7,20.0,155.03,10.0,0.6,0.7751,0.1,-17.4548,True,fuzzy_logic_fixed_snr,2.4684,0.1129
75,v2,v8,20.0,180.0,20.0,0.6,0.9,0.2,-19.9013,True,fuzzy_logic_fixed_snr,1.2839,0.1043
75,v3,v1,20.0,20.88,10.0,0.6,0.1044,0.1,-3.5241,False,fuzzy_logic_fixed_snr,2.6146,0.1406
75,v3,v7,20.0,50.36,20.0,0.6,0.2518,0.2,-11.0502,False,fuzzy_logic_fixed_snr,-4.9129,0.0982
75,v3,v8,20.0,75.06,10.0,0.6,0.3753,0.1,-12.4148,True,fuzzy_logic_fixed_snr,7.169,0.1586
75,v3,v6,20.0,90.0,0.0,0.6,0.45,0.0,-11.2679,True,fuzzy_logic_fixed_snr,8.6199,0.1906
75,v3,v2,20.0,105.04,30.0,0.6,0.5252,0.3,-17.1583,True,fuzzy_logic_fixed_snr,2.6367,0.1279
75,v4,v13,40.0,30.0,10.0,1.0,0.15,0.1,13.9578,False,fuzzy_logic_fixed_snr,20.0955,0.9332
75,v4,v14,40.0,45.1,0.0,1.0,0.2255,0.0,13.5332,False,fuzzy_logic_fixed_snr,19.6691,0.9197
75,v4,v8,40.0,55.08,10.0,1.0,0.2754,0.1,9.7356,False,fuzzy_logic_fixed_snr,15.8705,0.8043
75,v4,v11,40.0,55.08,0.0,1.0,0.2754,0.0,12.1439,False,fuzzy_logic_fixed_snr,18.2807,0.8904
75,v4,v5,40.0,64.76,56.57,1.0,0.3238,0.5657,4.4328,False,fuzzy_logic_fixed_snr,10.5717,0.4109
76,v1,v7,40.0,0.0,10.0,1.0,0.0,0.1,40.0,False,fuzzy_logic_fixed_snr,46.1375,1.0
76,v1,v3,40.0,30.59,0.0,1.0,0.153,0.0,16.2298,False,fuzzy_logic_fixed_snr,22.367,0.9627
76,v1,v8,40.0,35.13,40.0,1.0,0.1756,0.4,9.6777,False,fuzzy_logic_fixed_snr,15.8148,0.8137
76,v1,v4,40.0,80.0,30.0,1.0,0.4,0.3,4.7341,False,fuzzy_logic_fixed_snr,10.8736,0.4371
76,v1,v13,40.0,120.0,20.0,1.0,0.6,0.2,2.9161,False,fuzzy_logic_fixed_snr,9.0557,0.2971
76,v2,v6,20.0,45.1,20.0,0.6,0.2255,0.2,-10.2838,False,fuzzy_logic_fixed_snr,-4.147,0.0982
76,v2,v3,20.0,135.03,0.0,0.6,0.6752,0.0,-14.0871,True,fuzzy_logic_fixed_snr,5.2123,0.1391
76,v2,v1,20.0,165.03,0.0,0.6,0.8251,0.0,-15.4809,True,fuzzy_logic_fixed_snr,3.8978,0.1293
76,v2,v7,20.0,165.03,10.0,0.6,0.8251,0.1,-17.8891,True,fuzzy_logic_fixed_snr,2.1862,0.1018
76,v2,v8,20.0,200.0,40.0,0.6,1.0,0.4,-22.4082,True,fuzzy_logic_fixed_snr,0.5583,0.1043
76,v3,v1,20.0,30.59,0.0,0.6,0.153,0.0,-3.7702,False,fuzzy_logic_fixed_snr,2.3664,0.1314
76,v3,v7,20.0,30.59,10.0,0.6,0.153,0.1,-6.1784,False,fuzzy_logic_fixed_snr,-0.0413,0.1246
76,v3,v8,20.0,65.07,40.0,0.6,0.3253,0.4,-14.6058,True,fuzzy_logic_fixed_snr,4.7078,0.1391
76,v3,v6,20.0,90.0,20.0,0.6,0.45,0.2,-15.0849,True,fuzzy_logic_fixed_snr,4.2126,0.1305
76,v3,v4,20.0,110.16,30.0,0.6,0.5508,0.3,-17.4891,True,fuzzy_logic_fixed_snr,2.4211,0.1229
76,v4,v13,40.0,40.0,10.0,1.0,0.2,0.1,11.9588,False,fuzzy_logic_fixed_snr,18.0969,0.8994
76,v4,v8,40.0,45.1,10.0,1.0,0.2255,0.1,11.125,False,fuzzy_logic_fixed_snr,17.2618,0.867
76,v4,v14,40.0,45.1,30.0,1.0,0.2255,0.3,8.7167,False,fuzzy_logic_fixed_snr,14.8545,0.7652
76,v4,v11,40.0,55.08,10.0,1.0,0.2754,0.1,9.7356,False,fuzzy_logic_fixed_snr,15.8734,0.8082
76,v4,v5,40.0,75.06,30.0,1.0,0.3753,0.3,5.177,False,fuzzy_logic_fixed_snr,11.3137,0.4818
77,v1,v8,40.0,5.83,10.0,1.0,0.0292,0.1,25.3399,False,fuzzy_logic_fixed_snr,31.4783,0.9873
77,v1,v7,40.0,10.0,10.0,1.0,0.05,0.1,21.5918,False,fuzzy_logic_fixed_snr,27.7299,0.9756
77,v1,v3,40.0,30.59,20.0,1.0,0.153,0.2,12.4128,False,fuzzy_logic_fixed_snr,18.5509,0.901
77,v1,v4,40.0,50.0,20.0,1.0,0.25,0.2,8.9995,False,fuzzy_logic_fixed_snr,15.1369,0.7684
77,v1,v11,40.0,95.05,0.0,1.0,0.4752,0.0,8.353,False,fuzzy_logic_fixed_snr,14.4914,0.741
77,v2,v6,20.0,25.18,10.0,0.6,0.1259,0.1,-4.825,False,fuzzy_logic_fixed_snr,1.3123,0.1242
77,v2,v3,20.0,135.03,20.0,0.6,0.6752,0.2,-17.904,True,fuzzy_logic_fixed_snr,2.1902,0.1201
77,v2,v7,20.0,155.03,10.0,0.6,0.7751,0.1,-17.4548,True,fuzzy_logic_fixed_snr,2.4506,0.1082
77,v2,v8,20.0,160.0,10.0,0.6,0.8,0.1,-17.6742,True,fuzzy_logic_fixed_snr,2.3313,0.116
77,v2,v1,20.0,165.03,0.0,0.6,0.8251,0.0,-15.4809,True,fuzzy_logic_fixed_snr,3.8659,0.1242
77,v3,v7,20.0,20.88,10.0,0.6,0.1044,0.1,-3.5241,False,fuzzy_logic_fixed_snr,2.6147,0.1389
77,v3,v8,20.0,25.18,30.0,0.6,0.1259,0.3,-7.2332,True,fuzzy_logic_fixed_snr,13.2598,0.3852
77,v3,v1,20.0,30.59,20.0,0.6,0.153,0.2,-7.5872,False,fuzzy_logic_fixed_snr,-1.4495,0.1158
77,v3,v4,20.0,80.22,40.0,0.6,0.4011,0.4,-16.0607,True,fuzzy_logic_fixed_snr,3.3995,0.1209
77,v3,v6,20.0,110.0,10.0,0.6,0.55,0.1,-15.0705,True,fuzzy_logic_fixed_snr,4.2701,0.1467
77,v4,v11,40.0,45.1,20.0,1.0,0.2255,0.2,9.7162,False,fuzzy_logic_fixed_snr,15.8521,0.8078
77,v4,v1,40.0,50.0,20.0,1.0,0.25,0.2,8.9995,False,fuzzy_logic_fixed_snr,15.1384,0.774
77,v4,v13,40.0,50.0,20.0,1.0,0.25,0.2,8.9995,False,fuzzy_logic_fixed_snr,15.1384,0.7688
77,v4,v8,40.0,55.08,10.0,1.0,0.2754,0.1,9.7356,False,fuzzy_logic_fixed_snr,15.8734,0.8047
77,v4,v7,40.0,60.0,30.0,1.0,0.3,0.3,6.7331,False,fuzzy_logic_fixed_snr,12.8687,0.6246
78,v1,v7,40.0,0.0,30.0,1.0,0.0,0.3,40.0,False,fuzzy_logic_fixed_snr,46.1395,0.9971
78,v1,v3,40.0,11.66,40.0,1.0,0.0583,0.4,17.3399,False,fuzzy_logic_fixed_snr,23.4796,0.9623
78,v1,v8,40.0,15.3,20.0,1.0,0.0765,0.2,17.2293,False,fuzzy_logic_fixed_snr,23.3673,0.9598
78,v1,v4,40.0,30.0,0.0,1.0,0.15,0.0,16.3661,False,fuzzy_logic_fixed_snr,22.5053,0.9584
78,v1,v11,40.0,95.05,20.0,1.0,0.4752,0.2,4.536,False,fuzzy_logic_fixed_snr,10.6738,0.4311
78,v2,v6,20.0,35.13,40.0,0.6,0.1756,0.4,-10.3223,True,fuzzy_logic_fixed_snr,9.7944,0.2084
78,v2,v8,20.0,150.0,20.0,0.6,0.75,0.2,-18.6344,True,fuzzy_logic_fixed_snr,1.8312,0.1119
78,v2,v3,20.0,155.03,40.0,0.6,0.7751,0.4,-20.6384,True,fuzzy_logic_fixed_snr,1.0196,0.1141
78,v2,v1,20.0,165.03,0.0,0.6,0.8251,0.0,-15.4809,True,fuzzy_logic_fixed_snr,3.8849,0.1342
78,v2,v7,20.0,165.03,30.0,0.6,0.8251,0.3,-20.2974,True,fuzzy_logic_fixed_snr,1.134,0.1049
78,v3,v8,20.0,5.83,20.0,0.6,0.0292,0.2,3.9312,False,fuzzy_logic_fixed_snr,10.0665,0.3906
78,v3,v1,20.0,11.66,40.0,0.6,0.0583,0.4,-2.6601,True,fuzzy_logic_fixed_snr,17.6324,0.6947
78,v3,v7,20.0,11.66,10.0,0.6,0.0583,0.1,0.5234,False,fuzzy_logic_fixed_snr,6.66,0.1998
78,v3,v4,20.0,40.45,40.0,0.6,0.2022,0.4,-11.302,True,fuzzy_logic_fixed_snr,8.5859,0.185
78,v3,v11,20.0,105.04,20.0,0.6,0.5252,0.2,-16.1588,True,fuzzy_logic_fixed_snr,3.3273,0.1145
78,v4,v1,40.0,30.0,0.0,1.0,0.15,0.0,16.3661,False,fuzzy_logic_fixed_snr,22.5059,0.9477
78,v4,v7,40.0,30.0,30.0,1.0,0.15,0.3,11.5496,False,fuzzy_logic_fixed_snr,17.6852,0.8676
78,v4,v3,40.0,40.45,40.0,1.0,0.2022,0.4,8.698,False,fuzzy_logic_fixed_snr,14.8337,0.7648
78,v4,v8,40.0,45.1,20.0,1.0,0.2255,0.2,9.7162,False,fuzzy_logic_fixed_snr,15.8535,0.8082
78,v4,v11,40.0,65.07,20.0,1.0,0.3253,0.2,7.169,False,fuzzy_logic_fixed_snr,13.3073,0.6502
79,v1,v8,40.0,5.83,20.0,1.0,0.0292,0.2,23.9312,False,fuzzy_logic_fixed_snr,30.0694,0.9828
79,v1,v4,40.0,30.0,10.0,1.0,0.15,0.1,13.9578,False,fuzzy_logic_fixed_snr,20.0959,0.932
79,v1,v7,40.0,30.0,30.0,1.0,0.15,0.3,11.5496,False,fuzzy_logic_fixed_snr,17.6882,0.873
79,v1,v3,40.0,30.59,10.0,1.0,0.153,0.1,13.8216,False,fuzzy_logic_fixed_snr,19.9595,0.9176
79,v1,v6,40.0,90.2,20.0,1.0,0.451,0.2,4.8997,False,fuzzy_logic_fixed_snr,11.0357,0.4533
79,v2,v6,20.0,75.06,10.0,0.6,0.3753,0.1,-12.4148,True,fuzzy_logic_fixed_snr,7.1574,0.1594
79,v2,v1,20.0,165.03,30.0,0.6,0.8251,0.3,-20.2974,True,fuzzy_logic_fixed_snr,1.1709,0.1027
79,v2,v8,20.0,170.0,10.0,0.6,0.85,0.1,-18.0954,True,fuzzy_logic_fixed_snr,2.0948,0.1131
79,v2,v3,20.0,195.02,20.0,0.6,0.9751,0.2,-20.4583,True,fuzzy_logic_fixed_snr,1.1069,0.1025
79,v2,v4,20.0,195.02,20.0,0.6,0.9751,0.2,-20.4583,True,fuzzy_logic_fixed_snr,1.0603,0.1111
79,v3,v4,20.0,6.0,0.0,0.6,0.03,0.0,7.5496,False,fuzzy_logic_fixed_snr,13.6874,0.6813
79,v3,v7,20.0,6.0,20.0,0.6,0.03,0.2,3.7326,False,fuzzy_logic_fixed_snr,9.8714,0.3631
79,v3,v8,20.0,25.18,10.0,0.6,0.1259,0.1,-4.825,False,fuzzy_logic_fixed_snr,1.3125,0.1281
79,v3,v1,20.0,30.59,10.0,0.6,0.153,0.1,-6.1784,False,fuzzy_logic_fixed_snr,-0.0391,0.1145
79,v3,v11,20.0,85.05,10.0,0.6,0.4253,0.1,-13.2833,True,fuzzy_logic_fixed_snr,6.0965,0.1459
79,v4,v7,40.0,0.0,20.0,1.0,0.0,0.2,40.0,False,fuzzy_logic_fixed_snr,46.1394,1.0
79,v4,v3,40.0,6.0,0.0,1.0,0.03,0.0,27.5496,False,fuzzy_logic_fixed_snr,33.6873,0.9896
79,v4,v8,40.0,25.18,10.0,1.0,0.1259,0.1,15.175,False,fuzzy_logic_fixed_snr,21.3129,0.9447
79,v4,v1,40.0,30.0,10.0,1.0,0.15,0.1,13.9578,False,fuzzy_logic_fixed_snr,20.0952,0.9275
79,v4,v11,40.0,85.05,10.0,1.0,0.4253,0.1,6.7167,False,fuzzy_logic_fixed_snr,12.8555,0.6146
80,v1,v8,40.0,25.18,20.0,1.0,0.1259,0.2,13.7663,False,fuzzy_logic_fixed_snr,19.9048,0.924
80,v1,v4,40.0,40.0,10.0,1.0,0.2,0.1,11.9588,False,fuzzy_logic_fixed_snr,18.0956,0.8896
80,v1,v3,40.0,40.45,0.0,1.0,0.2022,0.0,14.2897,False,fuzzy_logic_fixed_snr,20.4262,0.9264
80,v1,v7,40.0,60.0,10.0,1.0,0.3,0.1,9.1413,False,fuzzy_logic_fixed_snr,15.2773,0.7857
80,v1,v6,40.0,70.26,0.0,1.0,0.3513,0.0,10.453,False,fuzzy_logic_fixed_snr,16.5909,0.842
80,v2,v6,20.0,65.07,0.0,0.6,0.3253,0.0,-9.014,True,fuzzy_logic_fixed_snr,11.3386,0.2883
80,v2,v1,20.0,135.03,0.0,0.6,0.6752,0.0,-14.0871,True,fuzzy_logic_fixed_snr,5.2165,0.1555
80,v2,v8,20.0,160.0,20.0,0.6,0.8,0.2,-19.0829,True,fuzzy_logic_fixed_snr,1.6098,0.115
80,v2,v3,20.0,175.03,0.0,0.6,0.8751,0.0,-15.8896,True,fuzzy_logic_fixed_snr,3.5508,0.1174
80,v2,v4,20.0,175.03,10.0,0.6,0.8751,0.1,-18.2979,True,fuzzy_logic_fixed_snr,1.9968,0.115
80,v3,v4,20.0,6.0,10.0,0.6,0.03,0.1,5.1413,False,fuzzy_logic_fixed_snr,11.2805,0.4832
80,v3,v8,20.0,15.3,20.0,0.6,0.0765,0.2,-2.7707,False,fuzzy_logic_fixed_snr,3.3676,0.1486
80,v3,v7,20.0,20.88,10.0,0.6,0.1044,0.1,-3.5241,False,fuzzy_logic_fixed_snr,2.6129,0.1393
80,v3,v1,20.0,40.45,0.0,0.6,0.2022,0.0,-5.7103,False,fuzzy_logic_fixed_snr,0.4287,0.1217
80,v3,v11,20.0,75.06,10.0,0.6,0.3753,0.1,-12.4148,True,fuzzy_logic_fixed_snr,7.1516,0.1643
80,v4,v3,40.0,6.0,10.0,1.0,0.03,0.1,25.1413,False,fuzzy_logic_fixed_snr,31.2796,0.9902
80,v4,v8,40.0,15.3,30.0,1.0,0.0765,0.3,16.2298,False,fuzzy_logic_fixed_snr,22.3681,0.9549
80,v4,v7,40.0,20.0,20.0,1.0,0.1,0.2,15.3666,False,fuzzy_logic_fixed_snr,21.5031,0.9496
80,v4,v1,40.0,40.0,10.0,1.0,0.2,0.1,11.9588,False,fuzzy_logic_fixed_snr,18.0963,0.8867
80,v4,v11,40.0,75.06,20.0,1.0,0.3753,0.2,6.1765,False,fuzzy_logic_fixed_snr,12.313,0.5693
81,v1,v4,40.0,30.0,30.0,1.0,0.15,0.3,11.5496,False,fuzzy_logic_fixed_snr,17.6872,0.8711
81,v1,v3,40.0,40.45,30.0,1.0,0.2022,0.3,9.4733,False,fuzzy_logic_fixed_snr,15.6119,0.802
81,v1,v8,40.0,45.1,20.0,1.0,0.2255,0.2,9.7162,False,fuzzy_logic_fixed_snr,15.8521,0.8131
81,v1,v7,40.0,70.0,20.0,1.0,0.35,0.2,6.6615,False,fuzzy_logic_fixed_snr,12.7989,0.6203
81,v1,v6,40.0,70.26,10.0,1.0,0.3513,0.1,8.0448,False,fuzzy_logic_fixed_snr,14.182,0.7115
81,v2,v6,20.0,65.07,20.0,0.6,0.3253,0.2,-12.831,True,fuzzy_logic_fixed_snr,6.6512,0.1486
81,v2,v1,20.0,135.03,10.0,0.6,0.6752,0.1,-16.4953,True,fuzzy_logic_fixed_snr,3.079,0.1211
81,v2,v4,20.0,165.03,40.0,0.6,0.8251,0.4,-21.0727,True,fuzzy_logic_fixed_snr,0.8873,0.0992
81,v2,v3,20.0,175.03,40.0,0.6,0.8751,0.4,-21.4814,True,fuzzy_logic_fixed_snr,0.7718,0.1188
81,v2,v8,20.0,180.0,30.0,0.6,0.9,0.3,-20.9008,True,fuzzy_logic_fixed_snr,0.947,0.1031
81,v3,v8,20.0,5.83,10.0,0.6,0.0292,0.1,5.3399,False,fuzzy_logic_fixed_snr,11.4782,0.4701
81,v3,v4,20.0,11.66,0.0,0.6,0.0583,0.0,2.9317,False,fuzzy_logic_fixed_snr,9.0727,0.2871
81,v3,v7,20.0,30.59,10.0,0.6,0.153,0.1,-6.1784,False,fuzzy_logic_fixed_snr,-0.0397,0.1188
81,v3,v1,20.0,40.45,30.0,0.6,0.2022,0.3,-10.5267,True,fuzzy_logic_fixed_snr,9.5569,0.2191
81,v3,v11,20.0,85.05,20.0,0.6,0.4253,0.2,-14.692,True,fuzzy_logic_fixed_snr,4.6083,0.1352
81,v4,v3,40.0,11.66,0.0,1.0,0.0583,0.0,22.9317,False,fuzzy_logic_fixed_snr,29.0687,0.9877
81,v4,v8,40.0,15.3,10.0,1.0,0.0765,0.1,18.638,False,fuzzy_logic_fixed_snr,24.7777,0.9662
81,v4,v1,40.0,30.0,30.0,1.0,0.15,0.3,11.5496,False,fuzzy_logic_fixed_snr,17.6874,0.8799
81,v4,v7,40.0,40.0,10.0,1.0,0.2,0.1,11.9588,False,fuzzy_logic_fixed_snr,18.0951,0.8908
81,v4,v11,40.0,95.05,20.0,1.0,0.4752,0.2,4.536,False,fuzzy_logic_fixed_snr,10.6749,0.4287
82,v1,v4,40.0,60.0,40.0,1.0,0.3,0.4,5.9578,False,fuzzy_logic_fixed_snr,12.0955,0.5482
82,v1,v6,40.0,60.3,40.0,1.0,0.3015,0.4,5.9232,False,fuzzy_logic_fixed_snr,12.0622,0.5537
82,v1,v8,40.0,65.07,40.0,1.0,0.3253,0.4,5.3942,False,fuzzy_logic_fixed_snr,11.5308,0.5043
82,v1,v3,40.0,70.26,20.0,1.0,0.3513,0.2,6.636,False,fuzzy_logic_fixed_snr,12.7743,0.5965
82,v1,v7,40.0,90.0,10.0,1.0,0.45,0.1,6.3239,False,fuzzy_logic_fixed_snr,12.4605,0.5826
82,v2,v6,20.0,85.05,40.0,0.6,0.4253,0.4,-16.4668,True,fuzzy_logic_fixed_snr,3.0975,0.1213
82,v2,v1,20.0,145.03,0.0,0.6,0.7252,0.0,-14.5834,True,fuzzy_logic_fixed_snr,4.7328,0.1461
82,v3,v8,20.0,5.83,20.0,0.6,0.0292,0.2,3.9312,False,fuzzy_logic_fixed_snr,10.0693,0.3748
82,v3,v4,20.0,11.66,20.0,0.6,0.0583,0.2,-0.8853,False,fuzzy_logic_fixed_snr,5.2515,0.1691
82,v3,v7,20.0,20.88,10.0,0.6,0.1044,0.1,-3.5241,False,fuzzy_logic_fixed_snr,2.613,0.1447
82,v3,v11,20.0,65.07,0.0,0.6,0.3253,0.0,-9.014,True,fuzzy_logic_fixed_snr,11.3044,0.2471
82,v3,v1,20.0,70.26,20.0,0.6,0.3513,0.2,-13.364,True,fuzzy_logic_fixed_snr,6.0155,0.1379
82,v4,v8,40.0,5.83,0.0,1.0,0.0292,0.0,27.7482,False,fuzzy_logic_fixed_snr,33.885,0.9893
82,v4,v3,40.0,11.66,20.0,1.0,0.0583,0.2,19.1147,False,fuzzy_logic_fixed_snr,25.2551,0.973
82,v4,v7,40.0,30.0,30.0,1.0,0.15,0.3,11.5496,False,fuzzy_logic_fixed_snr,17.6875,0.8818
82,v4,v1,40.0,60.0,40.0,1.0,0.3,0.4,5.9578,False,fuzzy_logic_fixed_snr,12.0958,0.5434
82,v4,v11,40.0,75.06,20.0,1.0,0.3753,0.2,6.1765,False,fuzzy_logic_fixed_snr,12.3157,0.5703
83,v1,v6,40.0,20.88,20.0,1.0,0.1044,0.2,15.0671,False,fuzzy_logic_fixed_snr,21.2046,0.9402
83,v1,v3,40.0,90.2,20.0,1.0,0.451,0.2,4.8997,False,fuzzy_logic_fixed_snr,11.0383,0.4574
83,v1,v4,40.0,100.0,10.0,1.0,0.5,0.1,5.5918,False,fuzzy_logic_fixed_snr,11.7296,0.5102
83,v1,v7,40.0,100.0,10.0,1.0,0.5,0.1,5.5918,False,fuzzy_logic_fixed_snr,11.7301,0.5078
83,v1,v8,40.0,105.04,20.0,1.0,0.5252,0.2,3.8412,False,fuzzy_logic_fixed_snr,9.9787,0.3801
83,v2,v6,20.0,125.04,10.0,0.6,0.6252,0.1,-15.9608,True,fuzzy_logic_fixed_snr,3.4954,0.1012
83,v2,v1,20.0,145.03,10.0,0.6,0.7252,0.1,-16.9916,True,fuzzy_logic_fixed_snr,2.7398,0.1254
83,v3,v4,20.0,11.66,10.0,0.6,0.0583,0.1,0.5234,False,fuzzy_logic_fixed_snr,6.6585,0.1842
83,v3,v7,20.0,11.66,10.0,0.6,0.0583,0.1,0.5234,False,fuzzy_logic_fixed_snr,6.6593,0.1918
83,v3,v8,20.0,15.3,40.0,0.6,0.0765,0.4,-4.5455,True,fuzzy_logic_fixed_snr,15.909,0.5707
83,v3,v11,20.0,65.07,0.0,0.6,0.3253,0.0,-9.014,True,fuzzy_logic_fixed_snr,11.3283,0.2697
83,v3,v1,20.0,90.2,20.0,0.6,0.451,0.2,-15.1003,True,fuzzy_logic_fixed_snr,4.2146,0.134
83,v4,v7,40.0,0.0,0.0,1.0,0.0,0.0,40.0,False,fuzzy_logic_fixed_snr,46.1376,0.9961
83,v4,v8,40.0,5.83,30.0,1.0,0.0292,0.3,22.9317,False,fuzzy_logic_fixed_snr,29.0709,0.9779
83,v4,v3,40.0,11.66,10.0,1.0,0.0583,0.1,20.5234,False,fuzzy_logic_fixed_snr,26.6634,0.9799
83,v4,v11,40.0,55.08,10.0,1.0,0.2754,0.1,9.7356,False,fuzzy_logic_fixed_snr,15.8742,0.8174
83,v4,v5,40.0,95.05,10.0,1.0,0.4752,0.1,5.9447,False,fuzzy_logic_fixed_snr,12.0814,0.5498
84,v1,v6,40.0,6.0,10.0,1.0,0.03,0.1,25.1413,False,fuzzy_logic_fixed_snr,31.2777,0.9838
84,v1,v3,40.0,70.26,0.0,1.0,0.3513,0.0,10.453,False,fuzzy_logic_fixed_snr,16.5905,0.8322
84,v1,v4,40.0,90.0,40.0,1.0,0.45,0.4,3.1404,False,fuzzy_logic_fixed_snr,9.2785,0.3195
84,v1,v7,40.0,90.0,20.0,1.0,0.45,0.2,4.9151,False,fuzzy_logic_fixed_snr,11.0514,0.4563
84,v1,v8,40.0,125.04,20.0,1.0,0.6252,0.2,2.6305,False,fuzzy_logic_fixed_snr,8.7696,0.2801
84,v2,v1,20.0,135.03,40.0,0.6,0.6752,0.4,-19.6788,True,fuzzy_logic_fixed_snr,1.3528,0.1037
84,v2,v6,20.0,135.03,30.0,0.6,0.6752,0.3,-18.9035,True,fuzzy_logic_fixed_snr,1.6751,0.1105
84,v3,v4,20.0,20.88,40.0,0.6,0.1044,0.4,-6.7077,True,fuzzy_logic_fixed_snr,13.7802,0.3969
84,v3,v7,20.0,20.88,20.0,0.6,0.1044,0.2,-4.9329,False,fuzzy_logic_fixed_snr,1.2046,0.1324
84,v3,v8,20.0,55.08,20.0,0.6,0.2754,0.2,-11.6731,True,fuzzy_logic_fixed_snr,8.0979,0.1658
84,v3,v11,20.0,65.07,0.0,0.6,0.3253,0.0,-9.014,True,fuzzy_logic_fixed_snr,11.3505,0.2771
84,v3,v6,20.0,70.0,10.0,0.6,0.35,0.1,-11.9298,True,fuzzy_logic_fixed_snr,7.7494,0.1652
84,v4,v7,40.0,0.0,20.0,1.0,0.0,0.2,40.0,False,fuzzy_logic_fixed_snr,46.1391,0.9971
84,v4,v3,40.0,20.88,40.0,1.0,0.1044,0.4,13.2923,False,fuzzy_logic_fixed_snr,19.4307,0.9045
84,v4,v8,40.0,35.13,20.0,1.0,0.1756,0.2,11.4525,False,fuzzy_logic_fixed_snr,17.5901,0.8701
84,v4,v11,40.0,45.1,40.0,1.0,0.2255,0.4,7.9414,False,fuzzy_logic_fixed_snr,14.0792,0.7029
84,v4,v1,40.0,90.0,40.0,1.0,0.45,0.4,3.1404,False,fuzzy_logic_fixed_snr,9.278,0.3141
85,v1,v6,40.0,11.66,10.0,1.0,0.0583,0.1,20.5234,False,fuzzy_logic_fixed_snr,26.6613,0.9701
85,v1,v4,40.0,50.0,0.0,1.0,0.25,0.0,12.8165,False,fuzzy_logic_fixed_snr,18.9554,0.9049
85,v1,v7,40.0,70.0,10.0,1.0,0.35,0.1,8.0702,False,fuzzy_logic_fixed_snr,14.2076,0.7184
85,v1,v3,40.0,70.26,10.0,1.0,0.3513,0.1,8.0448,False,fuzzy_logic_fixed_snr,14.1815,0.7006
85,v1,v8,40.0,105.04,10.0,1.0,0.5252,0.1,5.2499,False,fuzzy_logic_fixed_snr,11.3872,0.4813
85,v2,v6,20.0,165.03,0.0,0.6,0.8251,0.0,-15.4809,True,fuzzy_logic_fixed_snr,3.89,0.1355
85,v2,v1,20.0,175.03,10.0,0.6,0.8751,0.1,-18.2979,True,fuzzy_logic_fixed_snr,1.9672,0.1264
85,v3,v7,20.0,6.0,20.0,0.6,0.03,0.2,3.7326,False,fuzzy_logic_fixed_snr,9.8727,0.3559
85,v3,v4,20.0,20.88,10.0,0.6,0.1044,0.1,-3.5241,False,fuzzy_logic_fixed_snr,2.6134,0.1379
85,v3,v8,20.0,35.13,20.0,0.6,0.1756,0.2,-8.5475,False,fuzzy_logic_fixed_snr,-2.4111,0.107
85,v3,v11,20.0,65.07,40.0,0.6,0.3253,0.4,-14.6058,True,fuzzy_logic_fixed_snr,4.6935,0.1375
85,v3,v1,20.0,70.26,10.0,0.6,0.3513,0.1,-11.9552,True,fuzzy_logic_fixed_snr,7.7201,0.1701
85,v4,v7,40.0,20.0,10.0,1.0,0.1,0.1,16.7753,False,fuzzy_logic_fixed_snr,22.9121,0.9568
85,v4,v3,40.0,20.88,10.0,1.0,0.1044,0.1,16.4759,False,fuzzy_logic_fixed_snr,22.6139,0.952
85,v4,v1,40.0,50.0,0.0,1.0,0.25,0.0,12.8165,False,fuzzy_logic_fixed_snr,18.9543,0.9088
85,v4,v8,40.0,55.08,10.0,1.0,0.2754,0.1,9.7356,False,fuzzy_logic_fixed_snr,15.8738,0.8184
85,v4,v6,40.0,60.3,10.0,1.0,0.3015,0.1,9.1068,False,fuzzy_logic_fixed_snr,15.2434,0.7809
86,v1,v6,40.0,20.88,0.0,1.0,0.1044,0.0,18.8841,False,fuzzy_logic_fixed_snr,25.0208,0.9711
86,v1,v4,40.0,50.0,20.0,1.0,0.25,0.2,8.9995,False,fuzzy_logic_fixed_snr,15.1386,0.7777
86,v1,v3,40.0,60.3,10.0,1.0,0.3015,0.1,9.1068,False,fuzzy_logic_fixed_snr,15.2433,0.7771
86,v1,v7,40.0,80.0,0.0,1.0,0.4,0.0,9.5506,False,fuzzy_logic_fixed_snr,15.6893,0.7951
86,v1,v8,40.0,115.04,20.0,1.0,0.5752,0.2,3.2095,False,fuzzy_logic_fixed_snr,9.3444,0.3107
86,v2,v6,20.0,165.03,10.0,0.6,0.8251,0.1,-17.8891,True,fuzzy_logic_fixed_snr,2.2097,0.1053
86,v2,v1,20.0,185.02,10.0,0.6,0.9251,0.1,-18.6839,True,fuzzy_logic_fixed_snr,1.7942,0.1217
86,v3,v4,20.0,11.66,30.0,0.6,0.0583,0.3,-1.8848,True,fuzzy_logic_fixed_snr,18.2577,0.7203
86,v3,v7,20.0,20.88,10.0,0.6,0.1044,0.1,-3.5241,False,fuzzy_logic_fixed_snr,2.6143,0.134
86,v3,v8,20.0,55.08,30.0,0.6,0.2754,0.3,-12.6726,True,fuzzy_logic_fixed_snr,6.8535,0.1654
86,v3,v1,20.0,60.3,10.0,0.6,0.3015,0.1,-10.8932,True,fuzzy_logic_fixed_snr,9.0744,0.2006
86,v3,v6,20.0,80.0,10.0,0.6,0.4,0.1,-12.8577,True,fuzzy_logic_fixed_snr,6.6009,0.1496
86,v4,v3,40.0,11.66,30.0,1.0,0.0583,0.3,18.1152,False,fuzzy_logic_fixed_snr,24.2513,0.9701
86,v4,v7,40.0,30.0,20.0,1.0,0.15,0.2,12.5491,False,fuzzy_logic_fixed_snr,18.6857,0.9068
86,v4,v1,40.0,50.0,20.0,1.0,0.25,0.2,8.9995,False,fuzzy_logic_fixed_snr,15.1357,0.7812
86,v4,v8,40.0,65.07,0.0,1.0,0.3253,0.0,10.986,False,fuzzy_logic_fixed_snr,17.1228,0.8463
86,v4,v6,40.0,70.26,20.0,1.0,0.3513,0.2,6.636,False,fuzzy_logic_fixed_snr,12.774,0.5979
87,v1,v6,40.0,20.88,20.0,1.0,0.1044,0.2,15.0671,False,fuzzy_logic_fixed_snr,21.2066,0.9416
87,v1,v3,40.0,50.36,10.0,1.0,0.2518,0.1,10.3586,False,fuzzy_logic_fixed_snr,16.4959,0.8436
87,v1,v4,40.0,70.0,20.0,1.0,0.35,0.2,6.6615,False,fuzzy_logic_fixed_snr,12.799,0.6082
87,v1,v7,40.0,80.0,10.0,1.0,0.4,0.1,7.1423,False,fuzzy_logic_fixed_snr,13.2806,0.6279
87,v1,v8,40.0,135.03,20.0,1.0,0.6752,0.2,2.096,False,fuzzy_logic_fixed_snr,8.2325,0.2547
87,v2,v6,20.0,175.03,40.0,0.6,0.8751,0.4,-21.4814,True,fuzzy_logic_fixed_snr,0.7824,0.0963
87,v2,v1,20.0,195.02,20.0,0.6,0.9751,0.2,-20.4583,True,fuzzy_logic_fixed_snr,1.0961,0.1016
87,v3,v4,20.0,20.88,10.0,0.6,0.1044,0.1,-3.5241,False,fuzzy_logic_fixed_snr,2.6142,0.1434
87,v3,v7,20.0,30.59,0.0,0.6,0.153,0.0,-3.7702,False,fuzzy_logic_fixed_snr,2.3681,0.1389
87,v3,v1,20.0,50.36,10.0,0.6,0.2518,0.1,-9.6414,False,fuzzy_logic_fixed_snr,-3.5014,0.1041
87,v3,v6,20.0,70.0,30.0,0.6,0.35,0.3,-14.338,True,fuzzy_logic_fixed_snr,4.9436,0.1348
87,v3,v8,20.0,85.05,30.0,0.6,0.4253,0.3,-15.6915,True,fuzzy_logic_fixed_snr,3.6954,0.1244
87,v4,v7,40.0,10.0,10.0,1.0,0.05,0.1,21.5918,False,fuzzy_logic_fixed_snr,27.7289,0.9789
87,v4,v3,40.0,20.88,10.0,1.0,0.1044,0.1,16.4759,False,fuzzy_logic_fixed_snr,22.6114,0.9559
87,v4,v8,40.0,65.07,40.0,1.0,0.3253,0.4,5.3942,False,fuzzy_logic_fixed_snr,11.5314,0.5049
87,v4,v1,40.0,70.0,20.0,1.0,0.35,0.2,6.6615,False,fuzzy_logic_fixed_snr,12.7999,0.618
87,v4,v11,40.0,75.06,0.0,1.0,0.3753,0.0,9.9935,False,fuzzy_logic_fixed_snr,16.1321,0.8215
88,v1,v6,40.0,6.0,0.0,1.0,0.03,0.0,27.5496,False,fuzzy_logic_fixed_snr,33.6888,0.9902
88,v1,v3,40.0,40.45,0.0,1.0,0.2022,0.0,14.2897,False,fuzzy_logic_fixed_snr,20.4258,0.9324
88,v1,v4,40.0,50.0,10.0,1.0,0.25,0.1,10.4082,False,fuzzy_logic_fixed_snr,16.5459,0.8406
88,v1,v7,40.0,70.0,20.0,1.0,0.35,0.2,6.6615,False,fuzzy_logic_fixed_snr,12.7991,0.599
88,v1,v11,40.0,125.04,0.0,1.0,0.6252,0.0,6.4474,False,fuzzy_logic_fixed_snr,12.5834,0.5799
88,v3,v4,20.0,11.66,10.0,0.6,0.0583,0.1,0.5234,False,fuzzy_logic_fixed_snr,6.6601,0.1887
88,v3,v7,20.0,30.59,20.0,0.6,0.153,0.2,-7.5872,False,fuzzy_logic_fixed_snr,-1.4505,0.1135
88,v3,v6,20.0,40.0,0.0,0.6,0.2,0.0,-5.633,False,fuzzy_logic_fixed_snr,0.5049,0.1227
88,v3,v1,20.0,40.45,0.0,0.6,0.2022,0.0,-5.7103,False,fuzzy_logic_fixed_snr,0.4282,0.1232
88,v3,v11,20.0,85.05,0.0,0.6,0.4253,0.0,-10.875,True,fuzzy_logic_fixed_snr,9.1248,0.1996
88,v4,v3,40.0,11.66,10.0,1.0,0.0583,0.1,20.5234,False,fuzzy_logic_fixed_snr,26.6612,0.9814
88,v4,v7,40.0,20.0,10.0,1.0,0.1,0.1,16.7753,False,fuzzy_logic_fixed_snr,22.9115,0.9609
88,v4,v1,40.0,50.0,10.0,1.0,0.25,0.1,10.4082,False,fuzzy_logic_fixed_snr,16.5462,0.8389
88,v4,v6,40.0,50.36,10.0,1.0,0.2518,0.1,10.3586,False,fuzzy_logic_fixed_snr,16.4965,0.8309
88,v4,v11,40.0,75.06,10.0,1.0,0.3753,0.1,7.5852,False,fuzzy_logic_fixed_snr,13.7229,0.6754
89,v1,v6,40.0,6.0,30.0,1.0,0.03,0.3,22.7331,False,fuzzy_logic_fixed_snr,28.8691,0.9844
89,v1,v4,40.0,40.0,20.0,1.0,0.2,0.2,10.5501,False,fuzzy_logic_fixed_snr,16.6871,0.8465
89,v1,v3,40.0,40.45,20.0,1.0,0.2022,0.2,10.4728,False,fuzzy_logic_fixed_snr,16.6103,0.8318
89,v1,v7,40.0,50.0,0.0,1.0,0.25,0.0,12.8165,False,fuzzy_logic_fixed_snr,18.9528,0.9043
89,v1,v11,40.0,125.04,10.0,1.0,0.6252,0.1,4.0392,False,fuzzy_logic_fixed_snr,10.1766,0.3758
89,v3,v4,20.0,6.0,0.0,0.6,0.03,0.0,7.5496,False,fuzzy_logic_fixed_snr,13.6884,0.693
89,v3,v7,20.0,11.66,20.0,0.6,0.0583,0.2,-0.8853,False,fuzzy_logic_fixed_snr,5.2538,0.1725
89,v3,v6,20.0,40.0,10.0,0.6,0.2,0.1,-8.0412,False,fuzzy_logic_fixed_snr,-1.9036,0.1125
89,v3,v1,20.0,40.45,20.0,0.6,0.2022,0.2,-9.5272,False,fuzzy_logic_fixed_snr,-3.3916,0.1031
89,v3,v11,20.0,85.05,10.0,0.6,0.4253,0.1,-13.2833,True,fuzzy_logic_fixed_snr,6.0804,0.152
89,v4,v3,40.0,6.0,0.0,1.0,0.03,0.0,27.5496,False,fuzzy_logic_fixed_snr,33.6876,0.9896
89,v4,v7,40.0,10.0,20.0,1.0,0.05,0.2,20.183,False,fuzzy_logic_fixed_snr,26.3223,0.977
89,v4,v1,40.0,40.0,20.0,1.0,0.2,0.2,10.5501,False,fuzzy_logic_fixed_snr,16.689,0.8467
89,v4,v6,40.0,40.45,10.0,1.0,0.2022,0.1,11.8815,False,fuzzy_logic_fixed_snr,18.0185,0.875
89,v4,v11,40.0,85.05,10.0,1.0,0.4253,0.1,6.7167,False,fuzzy_logic_fixed_snr,12.8545,0.6086
90,v1,v6,40.0,30.59,10.0,1.0,0.153,0.1,13.8216,False,fuzzy_logic_fixed_snr,19.9584,0.9215
90,v1,v7,40.0,50.0,10.0,1.0,0.25,0.1,10.4082,False,fuzzy_logic_fixed_snr,16.5463,0.8428
90,v1,v4,40.0,60.0,0.0,1.0,0.3,0.0,11.5496,False,fuzzy_logic_fixed_snr,17.6875,0.8744
90,v1,v3,40.0,60.3,10.0,1.0,0.3015,0.1,9.1068,False,fuzzy_logic_fixed_snr,15.2434,0.7754
90,v1,v11,40.0,135.03,0.0,1.0,0.6752,0.0,5.9129,False,fuzzy_logic_fixed_snr,12.0506,0.5426
90,v2,v1,20.0,185.02,10.0,0.6,0.9251,0.1,-18.6839,True,fuzzy_logic_fixed_snr,1.8111,0.1314
90,v3,v4,20.0,6.0,10.0,0.6,0.03,0.1,5.1413,False,fuzzy_logic_fixed_snr,11.2803,0.4744
90,v3,v7,20.0,11.66,0.0,0.6,0.0583,0.0,2.9317,False,fuzzy_logic_fixed_snr,9.068,0.3025
90,v3,v6,20.0,30.0,0.0,0.6,0.15,0.0,-3.6339,False,fuzzy_logic_fixed_snr,2.5044,0.1328
90,v3,v1,20.0,60.3,10.0,0.6,0.3015,0.1,-10.8932,True,fuzzy_logic_fixed_snr,9.0617,0.217
90,v3,v11,20.0,75.06,10.0,0.6,0.3753,0.1,-12.4148,True,fuzzy_logic_fixed_snr,7.1513,0.1559
90,v4,v3,40.0,6.0,10.0,1.0,0.03,0.1,25.1413,False,fuzzy_logic_fixed_snr,31.2808,0.9877
90,v4,v7,40.0,10.0,10.0,1.0,0.05,0.1,21.5918,False,fuzzy_logic_fixed_snr,27.7289,0.9824
90,v4,v6,40.0,30.59,10.0,1.0,0.153,0.1,13.8216,False,fuzzy_logic_fixed_snr,19.9584,0.9234
90,v4,v1,40.0,60.0,0.0,1.0,0.3,0.0,11.5496,False,fuzzy_logic_fixed_snr,17.6875,0.8813
90,v4,v11,40.0,75.06,0.0,1.0,0.3753,0.0,9.9935,False,fuzzy_logic_fixed_snr,16.1321,0.8309
91,v1,v6,40.0,40.45,20.0,1.0,0.2022,0.2,10.4728,False,fuzzy_logic_fixed_snr,16.6099,0.8492
91,v1,v4,40.0,60.0,20.0,1.0,0.3,0.2,7.7326,False,fuzzy_logic_fixed_snr,13.8705,0.6787
91,v1,v7,40.0,60.0,0.0,1.0,0.3,0.0,11.5496,False,fuzzy_logic_fixed_snr,17.6863,0.876
91,v1,v3,40.0,70.26,20.0,1.0,0.3513,0.2,6.636,False,fuzzy_logic_fixed_snr,12.7758,0.6105
91,v1,v11,40.0,135.03,20.0,1.0,0.6752,0.2,2.096,False,fuzzy_logic_fixed_snr,8.2349,0.2635
91,v2,v1,20.0,175.03,20.0,0.6,0.8751,0.2,-19.7066,True,fuzzy_logic_fixed_snr,1.3607,0.1121
91,v3,v4,20.0,11.66,0.0,0.6,0.0583,0.0,2.9317,False,fuzzy_logic_fixed_snr,9.0711,0.2965
91,v3,v7,20.0,11.66,20.0,0.6,0.0583,0.2,-0.8853,False,fuzzy_logic_fixed_snr,5.2534,0.1682
91,v3,v6,20.0,30.0,0.0,0.6,0.15,0.0,-3.6339,False,fuzzy_logic_fixed_snr,2.5024,0.1295
91,v3,v11,20.0,65.07,0.0,0.6,0.3253,0.0,-9.014,True,fuzzy_logic_fixed_snr,11.3143,0.2922
91,v3,v1,20.0,70.26,20.0,0.6,0.3513,0.2,-13.364,True,fuzzy_logic_fixed_snr,6.0193,0.1541
91,v4,v7,40.0,0.0,20.0,1.0,0.0,0.2,40.0,False,fuzzy_logic_fixed_snr,46.1371,0.9971
91,v4,v3,40.0,11.66,0.0,1.0,0.0583,0.0,22.9317,False,fuzzy_logic_fixed_snr,29.07,0.9818
91,v4,v6,40.0,20.88,0.0,1.0,0.1044,0.0,18.8841,False,fuzzy_logic_fixed_snr,25.0225,0.9736
91,v4,v1,40.0,60.0,20.0,1.0,0.3,0.2,7.7326,False,fuzzy_logic_fixed_snr,13.87,0.6955
91,v4,v11,40.0,75.06,0.0,1.0,0.3753,0.0,9.9935,False,fuzzy_logic_fixed_snr,16.1281,0.8141
92,v1,v7,40.0,60.0,20.0,1.0,0.3,0.2,7.7326,False,fuzzy_logic_fixed_snr,13.8727,0.6898
92,v1,v6,40.0,60.3,10.0,1.0,0.3015,0.1,9.1068,False,fuzzy_logic_fixed_snr,15.2468,0.7762
92,v1,v4,40.0,80.0,20.0,1.0,0.4,0.2,5.7336,False,fuzzy_logic_fixed_snr,11.8727,0.5238
92,v1,v3,40.0,90.2,30.0,1.0,0.451,0.3,3.9002,False,fuzzy_logic_fixed_snr,10.0345,0.3818
92,v1,v2,40.0,155.03,10.0,1.0,0.7751,0.1,2.5452,True,fuzzy_logic_fixed_snr,21.3355,0.8562
92,v2,v1,20.0,155.03,10.0,0.6,0.7751,0.1,-17.4548,True,fuzzy_logic_fixed_snr,2.4608,0.1229
92,v3,v4,20.0,11.66,10.0,0.6,0.0583,0.1,0.5234,False,fuzzy_logic_fixed_snr,6.6609,0.1988
92,v3,v6,20.0,30.0,20.0,0.6,0.15,0.2,-7.4509,False,fuzzy_logic_fixed_snr,-1.311,0.1109
92,v3,v7,20.0,30.59,10.0,0.6,0.153,0.1,-6.1784,False,fuzzy_logic_fixed_snr,-0.0397,0.1207
92,v3,v5,20.0,65.07,10.0,0.6,0.3253,0.1,-11.4222,True,fuzzy_logic_fixed_snr,8.4278,0.1785
92,v3,v11,20.0,65.07,30.0,0.6,0.3253,0.3,-13.8305,True,fuzzy_logic_fixed_snr,5.4986,0.1367
92,v4,v3,40.0,11.66,10.0,1.0,0.0583,0.1,20.5234,False,fuzzy_logic_fixed_snr,26.6597,0.977
92,v4,v7,40.0,20.0,0.0,1.0,0.1,0.0,19.1835,False,fuzzy_logic_fixed_snr,25.3184,0.9721
92,v4,v6,40.0,20.88,10.0,1.0,0.1044,0.1,16.4759,False,fuzzy_logic_fixed_snr,22.6121,0.9422
92,v4,v5,40.0,75.06,0.0,1.0,0.3753,0.0,9.9935,False,fuzzy_logic_fixed_snr,16.1318,0.8211
92,v4,v11,40.0,75.06,20.0,1.0,0.3753,0.2,6.1765,False,fuzzy_logic_fixed_snr,12.3142,0.5813
93,v1,v7,40.0,40.0,10.0,1.0,0.2,0.1,11.9588,False,fuzzy_logic_fixed_snr,18.0968,0.8814
93,v1,v6,40.0,50.36,20.0,1.0,0.2518,0.2,8.9498,False,fuzzy_logic_fixed_snr,15.0866,0.7773
93,v1,v4,40.0,60.0,40.0,1.0,0.3,0.4,5.9578,False,fuzzy_logic_fixed_snr,12.0965,0.5533
93,v1,v3,40.0,60.3,20.0,1.0,0.3015,0.2,7.698,False,fuzzy_logic_fixed_snr,13.8343,0.6969
93,v1,v5,40.0,135.03,30.0,1.0,0.6752,0.3,1.0965,False,fuzzy_logic_fixed_snr,7.2328,0.2111
93,v2,v1,20.0,165.03,40.0,0.6,0.8251,0.4,-21.0727,True,fuzzy_logic_fixed_snr,0.8902,0.1029
93,v3,v4,20.0,6.0,20.0,0.6,0.03,0.2,3.7326,False,fuzzy_logic_fixed_snr,9.8714,0.3547
93,v3,v6,20.0,10.0,0.0,0.6,0.05,0.0,4.0,False,fuzzy_logic_fixed_snr,10.1398,0.39
93,v3,v7,20.0,20.88,10.0,0.6,0.1044,0.1,-3.5241,False,fuzzy_logic_fixed_snr,2.6139,0.1311
93,v3,v1,20.0,60.3,20.0,0.6,0.3015,0.2,-12.302,True,fuzzy_logic_fixed_snr,7.3334,0.1701
93,v3,v5,20.0,75.06,10.0,0.6,0.3753,0.1,-12.4148,True,fuzzy_logic_fixed_snr,7.1308,0.1541
93,v4,v3,40.0,6.0,20.0,1.0,0.03,0.2,23.7326,False,fuzzy_logic_fixed_snr,29.8709,0.9902
93,v4,v6,40.0,11.66,20.0,1.0,0.0583,0.2,19.1147,False,fuzzy_logic_fixed_snr,25.251,0.975
93,v4,v7,40.0,20.0,30.0,1.0,0.1,0.3,14.367,False,fuzzy_logic_fixed_snr,20.5037,0.9344
93,v4,v1,40.0,60.0,40.0,1.0,0.3,0.4,5.9578,False,fuzzy_logic_fixed_snr,12.0939,0.5566
93,v4,v5,40.0,75.06,10.0,1.0,0.3753,0.1,7.5852,False,fuzzy_logic_fixed_snr,13.7237,0.69
94,v1,v7,40.0,50.0,10.0,1.0,0.25,0.1,10.4082,False,fuzzy_logic_fixed_snr,16.5445,0.8457
94,v1,v6,40.0,70.26,10.0,1.0,0.3513,0.1,8.0448,False,fuzzy_logic_fixed_snr,14.1827,0.7217
94,v1,v3,40.0,80.22,10.0,1.0,0.4011,0.1,7.1228,False,fuzzy_logic_fixed_snr,13.2591,0.6588
94,v1,v4,40.0,100.0,10.0,1.0,0.5,0.1,5.5918,False,fuzzy_logic_fixed_snr,11.7306,0.5131
94,v1,v2,40.0,125.04,20.0,1.0,0.6252,0.2,2.6305,False,fuzzy_logic_fixed_snr,8.7673,0.2918
94,v2,v1,20.0,125.04,20.0,0.6,0.6252,0.2,-17.3695,True,fuzzy_logic_fixed_snr,2.5042,0.1066
94,v2,v7,20.0,175.03,10.0,0.6,0.8751,0.1,-18.2979,True,fuzzy_logic_fixed_snr,1.9795,0.1277
94,v2,v6,20.0,195.02,30.0,0.6,0.9751,0.3,-21.4579,True,fuzzy_logic_fixed_snr,0.783,0.1004
94,v3,v6,20.0,10.0,0.0,0.6,0.05,0.0,4.0,False,fuzzy_logic_fixed_snr,10.1393,0.3828
94,v3,v4,20.0,20.88,20.0,0.6,0.1044,0.2,-4.9329,False,fuzzy_logic_fixed_snr,1.2041,0.1344
94,v3,v7,20.0,30.59,20.0,0.6,0.153,0.2,-7.5872,False,fuzzy_logic_fixed_snr,-1.4499,0.1129
94,v3,v1,20.0,80.22,10.0,0.6,0.4011,0.1,-12.8772,True,fuzzy_logic_fixed_snr,6.6003,0.1545
94,v3,v5,20.0,85.05,10.0,0.6,0.4253,0.1,-13.2833,True,fuzzy_logic_fixed_snr,6.1074,0.1564
94,v4,v3,40.0,20.88,20.0,1.0,0.1044,0.2,15.0671,False,fuzzy_logic_fixed_snr,21.2059,0.9387
94,v4,v6,40.0,30.59,20.0,1.0,0.153,0.2,12.4128,False,fuzzy_logic_fixed_snr,18.5506,0.8912
94,v4,v7,40.0,50.0,0.0,1.0,0.25,0.0,12.8165,False,fuzzy_logic_fixed_snr,18.953,0.9113
94,v4,v5,40.0,65.07,10.0,1.0,0.3253,0.1,8.5778,False,fuzzy_logic_fixed_snr,14.7144,0.74
94,v4,v13,40.0,70.0,0.0,1.0,0.35,0.0,10.4784,False,fuzzy_logic_fixed_snr,16.617,0.8432
95,v1,v7,40.0,40.0,40.0,1.0,0.2,0.4,8.7753,False,fuzzy_logic_fixed_snr,14.9131,0.7688
95,v1,v6,40.0,80.22,40.0,1.0,0.4011,0.4,3.9393,False,fuzzy_logic_fixed_snr,10.0758,0.3758
95,v1,v4,40.0,90.0,10.0,1.0,0.45,0.1,6.3239,False,fuzzy_logic_fixed_snr,12.4609,0.5852
95,v1,v3,40.0,90.2,10.0,1.0,0.451,0.1,6.3085,False,fuzzy_logic_fixed_snr,12.4452,0.577
95,v1,v2,40.0,145.03,20.0,1.0,0.7252,0.2,1.5997,False,fuzzy_logic_fixed_snr,7.7382,0.2377
95,v2,v1,20.0,145.03,20.0,0.6,0.7252,0.2,-18.4003,True,fuzzy_logic_fixed_snr,1.9135,0.1211
95,v2,v7,20.0,185.02,20.0,0.6,0.9251,0.2,-20.0926,True,fuzzy_logic_fixed_snr,1.2184,0.1076
95,v3,v4,20.0,6.0,0.0,0.6,0.03,0.0,7.5496,False,fuzzy_logic_fixed_snr,13.6886,0.6801
95,v3,v6,20.0,10.0,30.0,0.6,0.05,0.3,-0.8165,True,fuzzy_logic_fixed_snr,19.1466,0.7672
95,v3,v7,20.0,50.36,30.0,0.6,0.2518,0.3,-12.0497,True,fuzzy_logic_fixed_snr,7.6331,0.1801
95,v3,v13,20.0,70.26,10.0,0.6,0.3513,0.1,-11.9552,True,fuzzy_logic_fixed_snr,7.7255,0.1811
95,v3,v5,20.0,75.06,30.0,0.6,0.3753,0.3,-14.823,True,fuzzy_logic_fixed_snr,4.4516,0.1301
95,v4,v3,40.0,6.0,0.0,1.0,0.03,0.0,27.5496,False,fuzzy_logic_fixed_snr,33.6877,0.9922
95,v4,v6,40.0,11.66,30.0,1.0,0.0583,0.3,18.1152,False,fuzzy_logic_fixed_snr,24.2515,0.9652
95,v4,v7,40.0,50.0,30.0,1.0,0.25,0.3,8.0,False,fuzzy_logic_fixed_snr,14.1388,0.7158
95,v4,v13,40.0,70.0,10.0,1.0,0.35,0.1,8.0702,False,fuzzy_logic_fixed_snr,14.2085,0.7152
95,v4,v5,40.0,75.06,30.0,1.0,0.3753,0.3,5.177,False,fuzzy_logic_fixed_snr,11.3139,0.4752
96,v1,v7,40.0,0.0,20.0,1.0,0.0,0.2,40.0,False,fuzzy_logic_fixed_snr,46.1379,0.9951
96,v1,v6,40.0,40.45,10.0,1.0,0.2022,0.1,11.8815,False,fuzzy_logic_fixed_snr,18.0191,0.8898
96,v1,v4,40.0,80.0,30.0,1.0,0.4,0.3,4.7341,False,fuzzy_logic_fixed_snr,10.8725,0.434
96,v1,v3,40.0,80.22,10.0,1.0,0.4011,0.1,7.1228,False,fuzzy_logic_fixed_snr,13.2617,0.6576
96,v1,v5,40.0,125.04,10.0,1.0,0.6252,0.1,4.0392,False,fuzzy_logic_fixed_snr,10.1766,0.3756
96,v2,v1,20.0,149.35,64.03,0.6,0.7467,0.6403,-21.7424,True,fuzzy_logic_fixed_snr,0.7087,0.1273
96,v2,v7,20.0,149.35,53.85,0.6,0.7467,0.5385,-21.2284,True,fuzzy_logic_fixed_snr,0.8472,0.1131
96,v2,v6,20.0,188.52,70.71,0.6,0.9426,0.7071,-23.6612,True,fuzzy_logic_fixed_snr,0.3342,0.1063
96,v3,v4,20.0,6.0,40.0,0.6,0.03,0.4,1.9578,True,fuzzy_logic_fixed_snr,21.0279,0.8578
96,v3,v6,20.0,40.0,0.0,0.6,0.2,0.0,-5.633,False,fuzzy_logic_fixed_snr,0.5049,0.1211
96,v3,v5,20.0,45.1,0.0,0.6,0.2255,0.0,-6.4668,False,fuzzy_logic_fixed_snr,-0.3289,0.109
96,v3,v1,20.0,80.22,10.0,0.6,0.4011,0.1,-12.8772,True,fuzzy_logic_fixed_snr,6.6036,0.1385
96,v3,v7,20.0,80.22,30.0,0.6,0.4011,0.3,-15.2854,True,fuzzy_logic_fixed_snr,4.0446,0.1193
96,v4,v3,40.0,6.0,40.0,1.0,0.03,0.4,21.9578,False,fuzzy_logic_fixed_snr,28.095,0.9799
96,v4,v6,40.0,40.45,40.0,1.0,0.2022,0.4,8.698,False,fuzzy_logic_fixed_snr,14.8357,0.7684
96,v4,v5,40.0,45.1,40.0,1.0,0.2255,0.4,7.9414,False,fuzzy_logic_fixed_snr,14.0784,0.7213
96,v4,v1,40.0,80.0,30.0,1.0,0.4,0.3,4.7341,False,fuzzy_logic_fixed_snr,10.871,0.4469
96,v4,v7,40.0,80.0,10.0,1.0,0.4,0.1,7.1423,False,fuzzy_logic_fixed_snr,13.2796,0.6627
97,v1,v7,40.0,20.0,0.0,1.0,0.1,0.0,19.1835,False,fuzzy_logic_fixed_snr,25.3204,0.973
97,v1,v6,40.0,30.59,40.0,1.0,0.153,0.4,10.638,False,fuzzy_logic_fixed_snr,16.774,0.8447
97,v1,v3,40.0,70.26,40.0,1.0,0.3513,0.4,4.8612,False,fuzzy_logic_fixed_snr,11.0003,0.4537
97,v1,v4,40.0,110.0,40.0,1.0,0.55,0.4,1.746,False,fuzzy_logic_fixed_snr,7.885,0.2277
97,v1,v5,40.0,115.04,40.0,1.0,0.5752,0.4,1.4347,False,fuzzy_logic_fixed_snr,7.5716,0.2262
97,v2,v1,20.0,128.7,50.99,0.6,0.6435,0.5099,-20.0354,True,fuzzy_logic_fixed_snr,1.2153,0.1057
97,v2,v7,20.0,145.89,50.99,0.6,0.7295,0.5099,-20.9065,True,fuzzy_logic_fixed_snr,0.9471,0.0973
97,v2,v6,20.0,152.12,70.71,0.6,0.7606,0.7071,-22.1704,True,fuzzy_logic_fixed_snr,0.6059,0.1023
97,v2,v3,20.0,189.16,70.71,0.6,0.9458,0.7071,-23.6846,True,fuzzy_logic_fixed_snr,0.3179,0.099
97,v3,v6,20.0,40.0,0.0,0.6,0.2,0.0,-5.633,False,fuzzy_logic_fixed_snr,0.5045,0.1311
97,v3,v4,20.0,40.45,0.0,0.6,0.2022,0.0,-5.7103,False,fuzzy_logic_fixed_snr,0.4279,0.1246
97,v3,v5,20.0,45.1,0.0,0.6,0.2255,0.0,-6.4668,False,fuzzy_logic_fixed_snr,-0.3293,0.1197
97,v3,v7,20.0,50.36,40.0,0.6,0.2518,0.4,-12.825,True,fuzzy_logic_fixed_snr,6.6585,0.1666
97,v3,v1,20.0,70.26,40.0,0.6,0.3513,0.4,-15.1388,True,fuzzy_logic_fixed_snr,4.1859,0.1252
97,v4,v5,40.0,5.83,0.0,1.0,0.0292,0.0,27.7482,False,fuzzy_logic_fixed_snr,33.8845,0.9932
97,v4,v3,40.0,40.45,0.0,1.0,0.2022,0.0,14.2897,False,fuzzy_logic_fixed_snr,20.4262,0.9295
97,v4,v13,40.0,60.0,20.0,1.0,0.3,0.2,7.7326,False,fuzzy_logic_fixed_snr,13.8715,0.7006
97,v4,v6,40.0,80.22,0.0,1.0,0.4011,0.0,9.5311,False,fuzzy_logic_fixed_snr,15.6679,0.7998
97,v4,v15,40.0,80.22,20.0,1.0,0.4011,0.2,5.7141,False,fuzzy_logic_fixed_snr,11.851,0.5258
98,v1,v6,40.0,11.66,0.0,1.0,0.0583,0.0,22.9317,False,fuzzy_logic_fixed_snr,29.0708,0.9809
98,v1,v7,40.0,20.0,10.0,1.0,0.1,0.1,16.7753,False,fuzzy_logic_fixed_snr,22.9133,0.9588
98,v1,v3,40.0,30.59,20.0,1.0,0.153,0.2,12.4128,False,fuzzy_logic_fixed_snr,18.5513,0.898
98,v1,v4,40.0,70.0,0.0,1.0,0.35,0.0,10.4784,False,fuzzy_logic_fixed_snr,16.6174,0.8467
98,v1,v5,40.0,75.06,20.0,1.0,0.3753,0.2,6.1765,False,fuzzy_logic_fixed_snr,12.316,0.5799
98,v2,v6,20.0,144.01,36.06,0.6,0.7201,0.3606,-19.8407,True,fuzzy_logic_fixed_snr,1.2956,0.1111
98,v2,v1,20.0,154.93,36.06,0.6,0.7747,0.3606,-20.3485,True,fuzzy_logic_fixed_snr,1.1085,0.123
98,v2,v7,20.0,168.3,28.28,0.6,0.8415,0.2828,-20.2814,True,fuzzy_logic_fixed_snr,1.1467,0.1004
98,v2,v3,20.0,171.41,22.36,0.6,0.857,0.2236,-19.8246,True,fuzzy_logic_fixed_snr,1.3093,0.115
98,v3,v7,20.0,11.66,10.0,0.6,0.0583,0.1,0.5234,False,fuzzy_logic_fixed_snr,6.6615,0.1959
98,v3,v1,20.0,30.59,20.0,0.6,0.153,0.2,-7.5872,False,fuzzy_logic_fixed_snr,-1.4505,0.11
98,v3,v6,20.0,40.0,20.0,0.6,0.2,0.2,-9.4499,False,fuzzy_logic_fixed_snr,-3.3114,0.1016
98,v3,v4,20.0,40.45,20.0,0.6,0.2022,0.2,-9.5272,False,fuzzy_logic_fixed_snr,-3.387,0.1041
98,v3,v5,20.0,45.1,40.0,0.6,0.2255,0.4,-12.0586,True,fuzzy_logic_fixed_snr,7.6283,0.1633
98,v4,v5,40.0,5.83,20.0,1.0,0.0292,0.2,23.9312,False,fuzzy_logic_fixed_snr,30.0669,0.9873
98,v4,v3,40.0,40.45,20.0,1.0,0.2022,0.2,10.4728,False,fuzzy_logic_fixed_snr,16.6103,0.8426
98,v4,v7,40.0,50.0,10.0,1.0,0.25,0.1,10.4082,False,fuzzy_logic_fixed_snr,16.5452,0.8488
98,v4,v1,40.0,70.0,0.0,1.0,0.35,0.0,10.4784,False,fuzzy_logic_fixed_snr,16.6151,0.8432
98,v4,v13,40.0,80.0,10.0,1.0,0.4,0.1,7.1423,False,fuzzy_logic_fixed_snr,13.2798,0.6436
99,v1,v6,40.0,11.66,0.0,1.0,0.0583,0.0,22.9317,False,fuzzy_logic_fixed_snr,29.0681,0.9818
99,v1,v7,40.0,30.0,20.0,1.0,0.15,0.2,12.5491,False,fuzzy_logic_fixed_snr,18.688,0.9016
99,v1,v3,40.0,50.36,10.0,1.0,0.2518,0.1,10.3586,False,fuzzy_logic_fixed_snr,16.4957,0.8359
99,v1,v5,40.0,55.08,10.0,1.0,0.2754,0.1,9.7356,False,fuzzy_logic_fixed_snr,15.8731,0.798
99,v1,v4,40.0,70.0,20.0,1.0,0.35,0.2,6.6615,False,fuzzy_logic_fixed_snr,12.7995,0.6096
99,v2,v6,20.0,146.01,58.31,0.6,0.7301,0.5831,-21.3061,True,fuzzy_logic_fixed_snr,0.8181,0.1031
99,v2,v1,20.0,155.64,58.31,0.6,0.7782,0.5831,-21.7498,True,fuzzy_logic_fixed_snr,0.7158,0.1076
99,v2,v7,20.0,170.89,50.99,0.6,0.8545,0.5099,-22.0056,True,fuzzy_logic_fixed_snr,0.6504,0.1
99,v2,v3,20.0,178.55,64.03,0.6,0.8927,0.6403,-22.9835,True,fuzzy_logic_fixed_snr,0.4338,0.1119
99,v2,v5,20.0,184.11,64.03,0.6,0.9206,0.6403,-23.1967,True,fuzzy_logic_fixed_snr,0.3912,0.0949
99,v3,v5,20.0,5.83,0.0,0.6,0.0292,0.0,7.7482,False,fuzzy_logic_fixed_snr,13.8853,0.6961
99,v3,v4,20.0,20.88,10.0,0.6,0.1044,0.1,-3.5241,False,fuzzy_logic_fixed_snr,2.611,0.1408
99,v3,v7,20.0,20.88,30.0,0.6,0.1044,0.3,-5.9324,True,fuzzy_logic_fixed_snr,14.5247,0.4531
99,v3,v1,20.0,50.36,10.0,0.6,0.2518,0.1,-9.6414,False,fuzzy_logic_fixed_snr,-3.5046,0.1002
99,v3,v6,20.0,60.0,10.0,0.6,0.3,0.1,-10.8587,True,fuzzy_logic_fixed_snr,9.1321,0.1975
99,v4,v5,40.0,15.3,10.0,1.0,0.0765,0.1,18.638,False,fuzzy_logic_fixed_snr,24.7757,0.9662
99,v4,v3,40.0,20.88,10.0,1.0,0.1044,0.1,16.4759,False,fuzzy_logic_fixed_snr,22.6164,0.9643
99,v4,v7,40.0,40.0,40.0,1.0,0.2,0.4,8.7753,False,fuzzy_logic_fixed_snr,14.914,0.7621
99,v4,v1,40.0,70.0,20.0,1.0,0.35,0.2,6.6615,False,fuzzy_logic_fixed_snr,12.8,0.6166
99,v4,v13,40.0,70.0,20.0,1.0,0.35,0.2,6.6615,False,fuzzy_logic_fixed_snr,12.7991,0.6096
100,v1,v6,40.0,11.66,10.0,1.0,0.0583,0.1,20.5234,False,fuzzy_logic_fixed_snr,26.6608,0.9789
100,v1,v3,40.0,40.45,20.0,1.0,0.2022,0.2,10.4728,False,fuzzy_logic_fixed_snr,16.6096,0.8334
100,v1,v5,40.0,45.1,30.0,1.0,0.2255,0.3,8.7167,False,fuzzy_logic_fixed_snr,14.8545,0.7561
100,v1,v4,40.0,50.0,10.0,1.0,0.25,0.1,10.4082,False,fuzzy_logic_fixed_snr,16.5469,0.8486
100,v1,v7,40.0,50.0,10.0,1.0,0.25,0.1,10.4082,False,fuzzy_logic_fixed_snr,16.5466,0.8432
100,v2,v6,20.0,186.12,50.0,0.6,0.9306,0.5,-22.5418,True,fuzzy_logic_fixed_snr,0.5318,0.1037
100,v2,v1,20.0,193.76,44.72,0.6,0.9688,0.4472,-22.5016,True,fuzzy_logic_fixed_snr,0.5504,0.1145
100,v2,v3,20.0,199.85,56.57,0.6,0.9992,0.5657,-23.3974,True,fuzzy_logic_fixed_snr,0.3594,0.1027
100,v3,v5,20.0,5.83,10.0,0.6,0.0292,0.1,5.3399,False,fuzzy_logic_fixed_snr,11.4779,0.4908
100,v3,v4,20.0,11.66,10.0,0.6,0.0583,0.1,0.5234,False,fuzzy_logic_fixed_snr,6.6622,0.1955
100,v3,v7,20.0,11.66,30.0,0.6,0.0583,0.3,-1.8848,True,fuzzy_logic_fixed_snr,18.2871,0.7273
100,v3,v1,20.0,40.45,20.0,0.6,0.2022,0.2,-9.5272,False,fuzzy_logic_fixed_snr,-3.3881,0.1018
100,v3,v6,20.0,50.0,10.0,0.6,0.25,0.1,-9.5918,False,fuzzy_logic_fixed_snr,-3.4544,0.1002
100,v4,v7,40.0,0.0,20.0,1.0,0.0,0.2,40.0,False,fuzzy_logic_fixed_snr,46.138,0.9951
100,v4,v5,40.0,5.83,20.0,1.0,0.0292,0.2,23.9312,False,fuzzy_logic_fixed_snr,30.0702,0.9848
100,v4,v3,40.0,11.66,10.0,1.0,0.0583,0.1,20.5234,False,fuzzy_logic_fixed_snr,26.6595,0.9779
100,v4,v1,40.0,50.0,10.0,1.0,0.25,0.1,10.4082,False,fuzzy_logic_fixed_snr,16.5463,0.8232
100,v4,v6,40.0,60.3,0.0,1.0,0.3015,0.0,11.515,False,fuzzy_logic_fixed_snr,17.6525,0.8783
101,v1,v5,40.0,15.3,0.0,1.0,0.0765,0.0,21.0463,False,fuzzy_logic_fixed_snr,27.1821,0.9838
101,v1,v6,40.0,18.6,50.0,1.0,0.093,0.5,13.4622,False,fuzzy_logic_fixed_snr,19.5991,0.9146
101,v1,v3,40.0,20.88,0.0,1.0,0.1044,0.0,18.8841,False,fuzzy_logic_fixed_snr,25.0209,0.9766
101,v1,v4,40.0,40.0,20.0,1.0,0.2,0.2,10.5501,False,fuzzy_logic_fixed_snr,16.6876,0.8477
101,v1,v7,40.0,60.0,0.0,1.0,0.3,0.0,11.5496,False,fuzzy_logic_fixed_snr,17.688,0.8707
101,v3,v5,20.0,5.83,0.0,0.6,0.0292,0.0,7.7482,False,fuzzy_logic_fixed_snr,13.8866,0.6893
101,v3,v1,20.0,20.88,0.0,0.6,0.1044,0.0,-1.1159,False,fuzzy_logic_fixed_snr,5.0233,0.1691
101,v3,v4,20.0,20.88,20.0,0.6,0.1044,0.2,-4.9329,False,fuzzy_logic_fixed_snr,1.2053,0.1211
101,v3,v6,20.0,35.36,50.0,0.6,0.1768,0.5,-11.0005,True,fuzzy_logic_fixed_snr,8.9711,0.1992
101,v3,v7,20.0,40.45,0.0,0.6,0.2022,0.0,-5.7103,False,fuzzy_logic_fixed_snr,0.4271,0.1256
101,v4,v7,40.0,20.0,20.0,1.0,0.1,0.2,15.3666,False,fuzzy_logic_fixed_snr,21.5043,0.9432
101,v4,v3,40.0,20.88,20.0,1.0,0.1044,0.2,15.0671,False,fuzzy_logic_fixed_snr,21.204,0.9324
101,v4,v5,40.0,25.18,20.0,1.0,0.1259,0.2,13.7663,False,fuzzy_logic_fixed_snr,19.9048,0.9195
101,v4,v1,40.0,40.0,20.0,1.0,0.2,0.2,10.5501,False,fuzzy_logic_fixed_snr,16.6884,0.84
101,v4,v6,40.0,56.09,36.06,1.0,0.2804,0.3606,6.7117,False,fuzzy_logic_fixed_snr,12.8499,0.6193
102,v1,v5,40.0,9.49,40.0,1.0,0.0474,0.4,18.7743,False,fuzzy_logic_fixed_snr,24.9114,0.9672
102,v1,v3,40.0,10.0,40.0,1.0,0.05,0.4,18.4082,False,fuzzy_logic_fixed_snr,24.5451,0.9633
102,v1,v6,40.0,22.8,30.0,1.0,0.114,0.3,13.4555,False,fuzzy_logic_fixed_snr,19.5937,0.9246
102,v1,v4,40.0,45.19,53.85,1.0,0.2259,0.5385,7.0782,False,fuzzy_logic_fixed_snr,13.2158,0.6385
102,v1,v7,40.0,45.19,58.31,1.0,0.2259,0.5831,6.8437,False,fuzzy_logic_fixed_snr,12.9808,0.627
102,v3,v5,20.0,3.16,0.0,0.6,0.0158,0.0,12.0,False,fuzzy_logic_fixed_snr,18.1358,0.8867
102,v3,v1,20.0,10.0,40.0,0.6,0.05,0.4,-1.5918,True,fuzzy_logic_fixed_snr,18.5148,0.7297
102,v3,v6,20.0,30.0,10.0,0.6,0.15,0.1,-6.0422,False,fuzzy_logic_fixed_snr,0.0958,0.1158
102,v3,v4,20.0,36.69,22.36,0.6,0.1834,0.2236,-9.1125,False,fuzzy_logic_fixed_snr,-2.9753,0.1076
102,v3,v7,20.0,36.69,31.62,0.6,0.1834,0.3162,-9.987,True,fuzzy_logic_fixed_snr,10.1976,0.2309
102,v4,v7,40.0,0.0,10.0,1.0,0.0,0.1,40.0,False,fuzzy_logic_fixed_snr,46.1365,0.998
102,v4,v3,40.0,36.69,22.36,1.0,0.1834,0.2236,10.8875,False,fuzzy_logic_fixed_snr,17.024,0.8549
102,v4,v5,40.0,39.29,22.36,1.0,0.1965,0.2236,10.4107,False,fuzzy_logic_fixed_snr,16.5488,0.8363
102,v4,v1,40.0,45.19,53.85,1.0,0.2259,0.5385,7.0782,False,fuzzy_logic_fixed_snr,13.2161,0.64
102,v4,v6,40.0,53.91,28.28,1.0,0.2695,0.2828,7.6295,False,fuzzy_logic_fixed_snr,13.7684,0.6752
103,v1,v6,40.0,10.0,30.0,1.0,0.05,0.3,19.1835,False,fuzzy_logic_fixed_snr,25.3215,0.9721
103,v1,v3,40.0,48.37,10.0,1.0,0.2419,0.1,10.638,False,fuzzy_logic_fixed_snr,16.776,0.8508
103,v1,v5,40.0,49.09,20.0,1.0,0.2455,0.2,9.1269,False,fuzzy_logic_fixed_snr,15.2642,0.7934
103,v1,v7,40.0,69.87,50.99,1.0,0.3494,0.5099,4.2091,False,fuzzy_logic_fixed_snr,10.3456,0.3992
103,v1,v4,40.0,72.12,58.31,1.0,0.3606,0.5831,3.5948,False,fuzzy_logic_fixed_snr,9.7326,0.3461
103,v3,v5,20.0,3.16,10.0,0.6,0.0158,0.1,9.5918,False,fuzzy_logic_fixed_snr,15.7294,0.7992
103,v3,v7,20.0,21.59,41.23,0.6,0.1079,0.4123,-7.0234,True,fuzzy_logic_fixed_snr,13.4794,0.3939
103,v3,v4,20.0,25.81,50.0,0.6,0.129,0.5,-8.813,True,fuzzy_logic_fixed_snr,11.5628,0.2834
103,v3,v6,20.0,40.0,20.0,0.6,0.2,0.2,-9.4499,False,fuzzy_logic_fixed_snr,-3.3146,0.1061
103,v3,v1,20.0,48.37,10.0,0.6,0.2419,0.1,-9.362,False,fuzzy_logic_fixed_snr,-3.2223,0.1008
103,v4,v7,40.0,10.0,20.0,1.0,0.05,0.2,20.183,False,fuzzy_logic_fixed_snr,26.3191,0.9727
103,v4,v3,40.0,25.81,50.0,1.0,0.129,0.5,11.187,False,fuzzy_logic_fixed_snr,17.3264,0.8568
103,v4,v5,40.0,26.91,42.43,1.0,0.1345,0.4243,11.3657,False,fuzzy_logic_fixed_snr,17.5014,0.8666
103,v4,v6,40.0,62.82,36.06,1.0,0.3141,0.3606,5.9245,False,fuzzy_logic_fixed_snr,12.0632,0.5453
103,v4,v1,40.0,72.12,58.31,1.0,0.3606,0.5831,3.5948,False,fuzzy_logic_fixed_snr,9.7306,0.3512
104,v1,v6,40.0,38.47,0.0,1.0,0.1924,0.0,14.6379,False,fuzzy_logic_fixed_snr,20.7762,0.9441
104,v1,v3,40.0,58.31,30.0,1.0,0.2915,0.3,6.9317,False,fuzzy_logic_fixed_snr,13.0688,0.6215
104,v1,v5,40.0,69.07,30.0,1.0,0.3453,0.3,5.7554,False,fuzzy_logic_fixed_snr,11.8934,0.5463
104,v1,v4,40.0,110.0,20.0,1.0,0.55,0.2,3.5207,False,fuzzy_logic_fixed_snr,9.6589,0.3508
104,v1,v7,40.0,119.0,44.72,1.0,0.595,0.4472,0.8857,False,fuzzy_logic_fixed_snr,7.024,0.2092
104,v3,v5,20.0,11.4,0.0,0.6,0.057,0.0,3.0885,False,fuzzy_logic_fixed_snr,9.226,0.3223
104,v3,v6,20.0,20.0,30.0,0.6,0.1,0.3,-5.633,True,fuzzy_logic_fixed_snr,14.8481,0.4805
104,v3,v4,20.0,52.35,10.0,0.6,0.2617,0.1,-9.9102,False,fuzzy_logic_fixed_snr,-3.7708,0.0982
104,v3,v1,20.0,58.31,30.0,0.6,0.2915,0.3,-13.0683,True,fuzzy_logic_fixed_snr,6.3757,0.1275
104,v3,v7,20.0,61.2,22.36,0.6,0.306,0.2236,-12.6687,True,fuzzy_logic_fixed_snr,6.855,0.1564
104,v4,v7,40.0,9.06,28.28,1.0,0.0453,0.2828,20.0253,False,fuzzy_logic_fixed_snr,26.1614,0.9676
104,v4,v5,40.0,41.11,10.0,1.0,0.2055,0.1,11.7687,False,fuzzy_logic_fixed_snr,17.9066,0.8719
104,v4,v13,40.0,51.79,53.85,1.0,0.2589,0.5385,6.131,False,fuzzy_logic_fixed_snr,12.2704,0.5527
104,v4,v3,40.0,52.35,10.0,1.0,0.2617,0.1,10.0898,False,fuzzy_logic_fixed_snr,16.227,0.8348
104,v4,v6,40.0,72.25,20.0,1.0,0.3612,0.2,6.4417,False,fuzzy_logic_fixed_snr,12.5797,0.5881
105,v1,v6,40.0,38.47,20.0,1.0,0.1924,0.2,10.8209,False,fuzzy_logic_fixed_snr,16.9602,0.8553
105,v1,v3,40.0,88.2,0.0,1.0,0.441,0.0,8.8722,False,fuzzy_logic_fixed_snr,15.0124,0.7645
105,v1,v5,40.0,99.05,0.0,1.0,0.4952,0.0,8.0666,False,fuzzy_logic_fixed_snr,14.2054,0.7303
105,v1,v4,40.0,130.0,0.0,1.0,0.65,0.0,6.1769,False,fuzzy_logic_fixed_snr,12.3145,0.5723
105,v1,v7,40.0,140.0,10.0,1.0,0.7,0.1,3.2537,False,fuzzy_logic_fixed_snr,9.3917,0.3227
105,v3,v5,20.0,11.4,0.0,0.6,0.057,0.0,3.0885,False,fuzzy_logic_fixed_snr,9.2278,0.3148
105,v3,v4,20.0,42.43,0.0,0.6,0.2121,0.0,-6.0422,False,fuzzy_logic_fixed_snr,0.0959,0.1301
105,v3,v6,20.0,50.0,20.0,0.6,0.25,0.2,-11.0005,False,fuzzy_logic_fixed_snr,-4.8647,0.0934
105,v3,v7,20.0,52.35,10.0,0.6,0.2617,0.1,-9.9102,False,fuzzy_logic_fixed_snr,-3.7718,0.0982
105,v3,v13,20.0,71.18,53.85,0.6,0.3559,0.5385,-16.0787,True,fuzzy_logic_fixed_snr,3.3918,0.1225
105,v4,v7,40.0,10.0,10.0,1.0,0.05,0.1,21.5918,False,fuzzy_logic_fixed_snr,27.7305,0.9766
105,v4,v13,40.0,29.02,53.85,1.0,0.1451,0.5385,10.1561,False,fuzzy_logic_fixed_snr,16.2949,0.8238
105,v4,v5,40.0,31.14,0.0,1.0,0.1557,0.0,16.1058,False,fuzzy_logic_fixed_snr,22.2456,0.9551
105,v4,v3,40.0,42.43,0.0,1.0,0.2121,0.0,13.9578,False,fuzzy_logic_fixed_snr,20.0931,0.9227
105,v4,v15,40.0,55.95,53.85,1.0,0.2797,0.5385,5.5943,False,fuzzy_logic_fixed_snr,11.7342,0.5076
106,v1,v6,40.0,18.97,30.0,1.0,0.0949,0.3,14.7331,False,fuzzy_logic_fixed_snr,20.8696,0.9387
106,v1,v3,40.0,88.2,10.0,1.0,0.441,0.1,6.4639,False,fuzzy_logic_fixed_snr,12.6012,0.599
106,v1,v5,40.0,99.05,40.0,1.0,0.4952,0.4,2.4749,False,fuzzy_logic_fixed_snr,8.6112,0.2713
106,v1,v4,40.0,130.0,0.0,1.0,0.65,0.0,6.1769,False,fuzzy_logic_fixed_snr,12.3165,0.5877
106,v1,v13,40.0,130.0,30.0,1.0,0.65,0.3,1.3604,False,fuzzy_logic_fixed_snr,7.4958,0.2268
106,v3,v5,20.0,11.4,30.0,0.6,0.057,0.3,-1.728,True,fuzzy_logic_fixed_snr,18.3797,0.7246
106,v3,v4,20.0,42.43,10.0,0.6,0.2121,0.1,-8.4504,False,fuzzy_logic_fixed_snr,-2.3128,0.0996
106,v3,v13,20.0,42.43,20.0,0.6,0.2121,0.2,-9.8592,False,fuzzy_logic_fixed_snr,-3.7228,0.0992
106,v3,v7,20.0,62.29,10.0,0.6,0.3114,0.1,-11.1189,True,fuzzy_logic_fixed_snr,8.7972,0.1914
106,v3,v6,20.0,70.0,20.0,0.6,0.35,0.2,-13.3385,True,fuzzy_logic_fixed_snr,6.0578,0.1373
106,v4,v13,40.0,0.0,30.0,1.0,0.0,0.3,40.0,False,fuzzy_logic_fixed_snr,46.1376,0.999
106,v4,v7,40.0,20.0,20.0,1.0,0.1,0.2,15.3666,False,fuzzy_logic_fixed_snr,21.5054,0.9506
106,v4,v5,40.0,31.14,40.0,1.0,0.1557,0.4,10.5141,False,fuzzy_logic_fixed_snr,16.6521,0.8498
106,v4,v15,40.0,38.47,0.0,1.0,0.1924,0.0,14.6379,False,fuzzy_logic_fixed_snr,20.776,0.9342
106,v4,v3,40.0,42.43,10.0,1.0,0.2121,0.1,11.5496,False,fuzzy_logic_fixed_snr,17.6854,0.8754
107,v1,v6,40.0,48.37,10.0,1.0,0.2419,0.1,10.638,False,fuzzy_logic_fixed_snr,16.7752,0.8424
107,v1,v3,40.0,98.18,10.0,1.0,0.4909,0.1,5.7191,False,fuzzy_logic_fixed_snr,11.8583,0.5193
107,v1,v4,40.0,130.0,20.0,1.0,0.65,0.2,2.3599,False,fuzzy_logic_fixed_snr,8.4993,0.2635
107,v1,v5,40.0,139.03,10.0,1.0,0.6952,0.1,3.3019,False,fuzzy_logic_fixed_snr,9.4391,0.332
107,v1,v13,40.0,160.0,20.0,1.0,0.8,0.2,0.9171,True,fuzzy_logic_fixed_snr,20.3848,0.8148
107,v2,v1,20.0,191.02,40.0,0.6,0.9551,0.4,-22.0892,True,fuzzy_logic_fixed_snr,0.6344,0.1027
107,v3,v4,20.0,32.56,10.0,0.6,0.1628,0.1,-6.6107,False,fuzzy_logic_fixed_snr,-0.4756,0.1232
107,v3,v5,20.0,41.11,0.0,0.6,0.2055,0.0,-5.8231,False,fuzzy_logic_fixed_snr,0.3153,0.124
107,v3,v6,20.0,50.0,0.0,0.6,0.25,0.0,-7.1835,False,fuzzy_logic_fixed_snr,-1.0458,0.1174
107,v3,v13,20.0,62.29,10.0,0.6,0.3114,0.1,-11.1189,True,fuzzy_logic_fixed_snr,8.812,0.1936
107,v3,v15,20.0,70.0,30.0,0.6,0.35,0.3,-14.338,True,fuzzy_logic_fixed_snr,4.9406,0.1289
107,v4,v5,40.0,9.49,10.0,1.0,0.0474,0.1,21.9578,False,fuzzy_logic_fixed_snr,28.0959,0.9805
107,v4,v13,40.0,30.0,0.0,1.0,0.15,0.0,16.3661,False,fuzzy_logic_fixed_snr,22.5034,0.9564
107,v4,v3,40.0,32.56,10.0,1.0,0.1628,0.1,13.3893,False,fuzzy_logic_fixed_snr,19.5274,0.9172
107,v4,v15,40.0,38.47,20.0,1.0,0.1924,0.2,10.8209,False,fuzzy_logic_fixed_snr,16.9594,0.8504
107,v4,v7,40.0,40.0,0.0,1.0,0.2,0.0,14.367,False,fuzzy_logic_fixed_snr,20.5039,0.9322
108,v1,v6,40.0,38.47,10.0,1.0,0.1924,0.1,12.2297,False,fuzzy_logic_fixed_snr,18.3658,0.8961
108,v1,v3,40.0,88.2,10.0,1.0,0.441,0.1,6.4639,False,fuzzy_logic_fixed_snr,12.6002,0.5871
108,v1,v4,40.0,110.0,40.0,1.0,0.55,0.4,1.746,False,fuzzy_logic_fixed_snr,7.8844,0.241
108,v1,v15,40.0,128.14,0.0,1.0,0.6407,0.0,6.277,False,fuzzy_logic_fixed_snr,12.4131,0.5689
108,v1,v5,40.0,129.03,40.0,1.0,0.6452,0.4,0.6369,False,fuzzy_logic_fixed_snr,6.7729,0.2004
108,v3,v4,20.0,22.8,30.0,0.6,0.114,0.3,-6.5445,True,fuzzy_logic_fixed_snr,13.9516,0.3945
108,v3,v15,20.0,40.0,10.0,0.6,0.2,0.1,-8.0412,False,fuzzy_logic_fixed_snr,-1.9037,0.108
108,v3,v5,20.0,41.11,30.0,0.6,0.2055,0.3,-10.6396,True,fuzzy_logic_fixed_snr,9.4185,0.2094
108,v3,v6,20.0,50.0,0.0,0.6,0.25,0.0,-7.1835,False,fuzzy_logic_fixed_snr,-1.0462,0.1158
108,v3,v13,20.0,52.35,10.0,0.6,0.2617,0.1,-9.9102,False,fuzzy_logic_fixed_snr,-3.773,0.1041
108,v4,v15,40.0,18.97,40.0,1.0,0.0949,0.4,13.9578,False,fuzzy_logic_fixed_snr,20.0954,0.9279
108,v4,v5,40.0,19.24,0.0,1.0,0.0962,0.0,19.4544,False,fuzzy_logic_fixed_snr,25.5933,0.9682
108,v4,v3,40.0,22.8,30.0,1.0,0.114,0.3,13.4555,False,fuzzy_logic_fixed_snr,19.5932,0.9191
108,v4,v13,40.0,30.0,40.0,1.0,0.15,0.4,10.7743,False,fuzzy_logic_fixed_snr,16.9126,0.8451
108,v4,v7,40.0,40.0,30.0,1.0,0.2,0.3,9.5506,False,fuzzy_logic_fixed_snr,15.6872,0.817
109,v1,v6,40.0,28.64,20.0,1.0,0.1432,0.2,12.8725,False,fuzzy_logic_fixed_snr,19.0107,0.9146
109,v1,v4,40.0,70.0,0.0,1.0,0.35,0.0,10.4784,False,fuzzy_logic_fixed_snr,16.6177,0.8443
109,v1,v3,40.0,78.23,10.0,1.0,0.3912,0.1,7.2977,False,fuzzy_logic_fixed_snr,13.4348,0.6713
109,v1,v5,40.0,89.05,20.0,1.0,0.4453,0.2,4.9888,False,fuzzy_logic_fixed_snr,11.1258,0.4605
109,v1,v15,40.0,128.14,10.0,1.0,0.6407,0.1,3.8688,False,fuzzy_logic_fixed_snr,10.0063,0.368
109,v3,v4,20.0,10.0,10.0,0.6,0.05,0.1,1.5918,False,fuzzy_logic_fixed_snr,7.728,0.225
109,v3,v5,20.0,11.4,10.0,0.6,0.057,0.1,0.6802,False,fuzzy_logic_fixed_snr,6.818,0.1949
109,v3,v6,20.0,50.0,10.0,0.6,0.25,0.1,-9.5918,False,fuzzy_logic_fixed_snr,-3.4553,0.1031
109,v3,v15,20.0,50.0,0.0,0.6,0.25,0.0,-7.1835,False,fuzzy_logic_fixed_snr,-1.0469,0.1129
109,v3,v7,20.0,62.29,0.0,0.6,0.3114,0.0,-8.7107,True,fuzzy_logic_fixed_snr,11.6594,0.3018
109,v4,v3,40.0,10.0,10.0,1.0,0.05,0.1,21.5918,False,fuzzy_logic_fixed_snr,27.7282,0.9799
109,v4,v5,40.0,19.24,20.0,1.0,0.0962,0.2,15.6374,False,fuzzy_logic_fixed_snr,21.7736,0.9477
109,v4,v6,40.0,42.43,20.0,1.0,0.2121,0.2,10.1408,False,fuzzy_logic_fixed_snr,16.2793,0.84
109,v4,v15,40.0,58.31,10.0,1.0,0.2915,0.1,9.3399,False,fuzzy_logic_fixed_snr,15.4766,0.7992
109,v4,v1,40.0,70.0,0.0,1.0,0.35,0.0,10.4784,False,fuzzy_logic_fixed_snr,16.6187,0.8416
110,v1,v6,40.0,48.37,10.0,1.0,0.2419,0.1,10.638,False,fuzzy_logic_fixed_snr,16.7746,0.8566
110,v1,v4,40.0,70.0,20.0,1.0,0.35,0.2,6.6615,False,fuzzy_logic_fixed_snr,12.8013,0.608
110,v1,v3,40.0,88.2,20.0,1.0,0.441,0.2,5.0552,False,fuzzy_logic_fixed_snr,11.1956,0.457
110,v1,v5,40.0,109.04,20.0,1.0,0.5452,0.2,3.5816,False,fuzzy_logic_fixed_snr,9.7185,0.3521
110,v1,v15,40.0,138.13,40.0,1.0,0.6907,0.4,0.1636,True,fuzzy_logic_fixed_snr,19.8558,0.8084
110,v3,v4,20.0,18.97,0.0,0.6,0.0949,0.0,-0.4504,False,fuzzy_logic_fixed_snr,5.69,0.176
110,v3,v5,20.0,21.21,0.0,0.6,0.1061,0.0,-1.2257,False,fuzzy_logic_fixed_snr,4.9112,0.1598
110,v3,v6,20.0,40.0,10.0,0.6,0.2,0.1,-8.0412,False,fuzzy_logic_fixed_snr,-1.9025,0.11
110,v3,v15,20.0,50.0,20.0,0.6,0.25,0.2,-11.0005,False,fuzzy_logic_fixed_snr,-4.8617,0.0982
110,v3,v7,20.0,62.29,10.0,0.6,0.3114,0.1,-11.1189,True,fuzzy_logic_fixed_snr,8.8377,0.1918
110,v4,v3,40.0,18.97,0.0,1.0,0.0949,0.0,19.5496,False,fuzzy_logic_fixed_snr,25.6864,0.9662
110,v4,v6,40.0,22.8,10.0,1.0,0.114,0.1,15.8637,False,fuzzy_logic_fixed_snr,22.001,0.9506
110,v4,v5,40.0,39.12,0.0,1.0,0.1956,0.0,14.5225,False,fuzzy_logic_fixed_snr,20.6593,0.9211
110,v4,v15,40.0,68.26,20.0,1.0,0.3413,0.2,6.8359,False,fuzzy_logic_fixed_snr,12.9733,0.6225
110,v4,v1,40.0,70.0,20.0,1.0,0.35,0.2,6.6615,False,fuzzy_logic_fixed_snr,12.7996,0.6047
111,v1,v6,40.0,58.31,10.0,1.0,0.2915,0.1,9.3399,False,fuzzy_logic_fixed_snr,15.4799,0.7834
111,v1,v4,40.0,90.0,40.0,1.0,0.45,0.4,3.1404,False,fuzzy_logic_fixed_snr,9.2776,0.3105
111,v1,v3,40.0,108.17,30.0,1.0,0.5408,0.3,2.638,False,fuzzy_logic_fixed_snr,8.7768,0.2994
111,v1,v5,40.0,129.03,30.0,1.0,0.6452,0.3,1.4122,False,fuzzy_logic_fixed_snr,7.5519,0.2293
111,v1,v15,40.0,178.1,30.0,1.0,0.8905,0.3,-0.8271,True,fuzzy_logic_fixed_snr,19.1161,0.7779
111,v3,v4,20.0,18.97,10.0,0.6,0.0949,0.1,-2.8587,False,fuzzy_logic_fixed_snr,3.277,0.1418
111,v3,v5,20.0,21.21,0.0,0.6,0.1061,0.0,-1.2257,False,fuzzy_logic_fixed_snr,4.9117,0.1619
111,v3,v6,20.0,50.0,20.0,0.6,0.25,0.2,-11.0005,False,fuzzy_logic_fixed_snr,-4.8628,0.0982
111,v3,v15,20.0,70.0,0.0,0.6,0.35,0.0,-9.5216,True,fuzzy_logic_fixed_snr,10.7401,0.2426
111,v3,v7,20.0,72.25,20.0,0.6,0.3612,0.2,-13.5583,True,fuzzy_logic_fixed_snr,5.8063,0.148
111,v4,v3,40.0,18.97,10.0,1.0,0.0949,0.1,17.1413,False,fuzzy_logic_fixed_snr,23.2794,0.9641
111,v4,v6,40.0,32.56,30.0,1.0,0.1628,0.3,10.9811,False,fuzzy_logic_fixed_snr,17.1205,0.8543
111,v4,v5,40.0,39.12,10.0,1.0,0.1956,0.1,12.1142,False,fuzzy_logic_fixed_snr,18.2528,0.8828
111,v4,v15,40.0,88.2,10.0,1.0,0.441,0.1,6.4639,False,fuzzy_logic_fixed_snr,12.6005,0.5814
111,v4,v1,40.0,90.0,40.0,1.0,0.45,0.4,3.1404,False,fuzzy_logic_fixed_snr,9.2781,0.3092
112,v1,v6,40.0,48.37,10.0,1.0,0.2419,0.1,10.638,False,fuzzy_logic_fixed_snr,16.7754,0.8514
112,v1,v4,40.0,50.0,20.0,1.0,0.25,0.2,8.9995,False,fuzzy_logic_fixed_snr,15.1366,0.7777
112,v1,v3,40.0,78.23,0.0,1.0,0.3912,0.0,9.706,False,fuzzy_logic_fixed_snr,15.8448,0.8059
112,v1,v5,40.0,99.05,20.0,1.0,0.4952,0.2,4.2497,False,fuzzy_logic_fixed_snr,10.3874,0.3816
112,v1,v15,40.0,148.12,10.0,1.0,0.7406,0.1,2.8619,False,fuzzy_logic_fixed_snr,9.0002,0.2936
112,v3,v5,20.0,21.21,20.0,0.6,0.1061,0.2,-5.0427,False,fuzzy_logic_fixed_snr,1.0956,0.1256
112,v3,v4,20.0,28.64,20.0,0.6,0.1432,0.2,-7.1275,False,fuzzy_logic_fixed_snr,-0.9889,0.1203
112,v3,v6,20.0,30.0,10.0,0.6,0.15,0.1,-6.0422,False,fuzzy_logic_fixed_snr,0.0956,0.1217
112,v3,v15,20.0,70.0,10.0,0.6,0.35,0.1,-11.9298,True,fuzzy_logic_fixed_snr,7.7871,0.1721
112,v3,v1,20.0,78.23,0.0,0.6,0.3912,0.0,-10.294,True,fuzzy_logic_fixed_snr,9.8174,0.2277
112,v4,v6,40.0,6.32,30.0,1.0,0.0316,0.3,22.367,False,fuzzy_logic_fixed_snr,28.5044,0.9828
112,v4,v3,40.0,28.64,20.0,1.0,0.1432,0.2,12.8725,False,fuzzy_logic_fixed_snr,19.0116,0.9111
112,v4,v5,40.0,49.09,0.0,1.0,0.2455,0.0,12.9439,False,fuzzy_logic_fixed_snr,19.0826,0.9117
112,v4,v1,40.0,50.0,20.0,1.0,0.25,0.2,8.9995,False,fuzzy_logic_fixed_snr,15.1377,0.7717
112,v4,v15,40.0,98.18,30.0,1.0,0.4909,0.3,3.3109,False,fuzzy_logic_fixed_snr,9.4491,0.34
113,v1,v6,40.0,38.47,20.0,1.0,0.1924,0.2,10.8209,False,fuzzy_logic_fixed_snr,16.9593,0.8658
113,v1,v4,40.0,70.0,20.0,1.0,0.35,0.2,6.6615,False,fuzzy_logic_fixed_snr,12.7982,0.6078
113,v1,v3,40.0,78.23,0.0,1.0,0.3912,0.0,9.706,False,fuzzy_logic_fixed_snr,15.8441,0.8041
113,v1,v5,40.0,119.04,10.0,1.0,0.5952,0.1,4.3808,False,fuzzy_logic_fixed_snr,10.5189,0.4145
113,v1,v15,40.0,138.13,20.0,1.0,0.6907,0.2,1.9384,False,fuzzy_logic_fixed_snr,8.0745,0.2473
113,v3,v4,20.0,10.0,20.0,0.6,0.05,0.2,0.183,False,fuzzy_logic_fixed_snr,6.3222,0.1945
113,v3,v6,20.0,40.0,20.0,0.6,0.2,0.2,-9.4499,False,fuzzy_logic_fixed_snr,-3.3106,0.1031
113,v3,v5,20.0,41.11,10.0,0.6,0.2055,0.1,-8.2313,False,fuzzy_logic_fixed_snr,-2.0921,0.1035
113,v3,v15,20.0,60.0,20.0,0.6,0.3,0.2,-12.2674,True,fuzzy_logic_fixed_snr,7.3453,0.1732
113,v3,v1,20.0,78.23,0.0,0.6,0.3912,0.0,-10.294,True,fuzzy_logic_fixed_snr,9.826,0.216
113,v4,v3,40.0,10.0,20.0,1.0,0.05,0.2,20.183,False,fuzzy_logic_fixed_snr,26.3198,0.975
113,v4,v6,40.0,32.56,0.0,1.0,0.1628,0.0,15.7976,False,fuzzy_logic_fixed_snr,21.9346,0.9354
113,v4,v5,40.0,49.09,30.0,1.0,0.2455,0.3,8.1274,False,fuzzy_logic_fixed_snr,14.2659,0.7094
113,v4,v15,40.0,68.26,40.0,1.0,0.3413,0.4,5.0612,False,fuzzy_logic_fixed_snr,11.1978,0.4523
113,v4,v1,40.0,70.0,20.0,1.0,0.35,0.2,6.6615,False,fuzzy_logic_fixed_snr,12.8001,0.5959
114,v1,v6,40.0,58.31,20.0,1.0,0.2915,0.2,7.9312,False,fuzzy_logic_fixed_snr,14.068,0.7094
114,v1,v3,40.0,78.23,0.0,1.0,0.3912,0.0,9.706,False,fuzzy_logic_fixed_snr,15.8438,0.8217
114,v1,v4,40.0,90.0,30.0,1.0,0.45,0.3,3.9156,False,fuzzy_logic_fixed_snr,10.0529,0.3742
114,v1,v5,40.0,109.04,20.0,1.0,0.5452,0.2,3.5816,False,fuzzy_logic_fixed_snr,9.72,0.3459
114,v1,v15,40.0,118.15,0.0,1.0,0.5908,0.0,6.8409,False,fuzzy_logic_fixed_snr,12.9785,0.6236
114,v3,v4,20.0,13.42,30.0,0.6,0.0671,0.3,-2.8587,True,fuzzy_logic_fixed_snr,17.4583,0.6734
114,v3,v6,20.0,20.0,20.0,0.6,0.1,0.2,-4.6334,False,fuzzy_logic_fixed_snr,1.5045,0.1299
114,v3,v5,20.0,31.14,20.0,0.6,0.1557,0.2,-7.7111,False,fuzzy_logic_fixed_snr,-1.5746,0.107
114,v3,v15,20.0,40.0,0.0,0.6,0.2,0.0,-5.633,False,fuzzy_logic_fixed_snr,0.5055,0.1305
114,v3,v1,20.0,78.23,0.0,0.6,0.3912,0.0,-10.294,True,fuzzy_logic_fixed_snr,9.8287,0.2129
114,v4,v3,40.0,13.42,30.0,1.0,0.0671,0.3,17.1413,False,fuzzy_logic_fixed_snr,23.2819,0.9637
114,v4,v5,40.0,19.24,10.0,1.0,0.0962,0.1,17.0461,False,fuzzy_logic_fixed_snr,23.1858,0.9578
114,v4,v15,40.0,28.64,30.0,1.0,0.1432,0.3,11.873,False,fuzzy_logic_fixed_snr,18.0129,0.8793
114,v4,v6,40.0,32.56,10.0,1.0,0.1628,0.1,13.3893,False,fuzzy_logic_fixed_snr,19.5286,0.9117
114,v4,v7,40.0,70.0,10.0,1.0,0.35,0.1,8.0702,False,fuzzy_logic_fixed_snr,14.2062,0.7271
115,v1,v6,40.0,38.47,30.0,1.0,0.1924,0.3,9.8214,False,fuzzy_logic_fixed_snr,15.9605,0.8244
115,v1,v4,40.0,60.0,0.0,1.0,0.3,0.0,11.5496,False,fuzzy_logic_fixed_snr,17.6893,0.875
115,v1,v3,40.0,78.23,30.0,1.0,0.3912,0.3,4.8895,False,fuzzy_logic_fixed_snr,11.0254,0.4504
115,v1,v5,40.0,89.05,0.0,1.0,0.4453,0.0,8.8058,False,fuzzy_logic_fixed_snr,14.9423,0.7545
115,v1,v15,40.0,118.15,20.0,1.0,0.5908,0.2,3.0239,False,fuzzy_logic_fixed_snr,9.1623,0.3082
115,v3,v5,20.0,11.4,30.0,0.6,0.057,0.3,-1.728,True,fuzzy_logic_fixed_snr,18.3903,0.7305
115,v3,v4,20.0,18.97,30.0,0.6,0.0949,0.3,-5.2669,True,fuzzy_logic_fixed_snr,15.1931,0.4893
115,v3,v6,20.0,40.0,0.0,0.6,0.2,0.0,-5.633,False,fuzzy_logic_fixed_snr,0.5055,0.1266
115,v3,v15,20.0,40.0,10.0,0.6,0.2,0.1,-8.0412,False,fuzzy_logic_fixed_snr,-1.9047,0.1035
115,v3,v7,20.0,42.43,10.0,0.6,0.2121,0.1,-8.4504,False,fuzzy_logic_fixed_snr,-2.3119,0.1021
115,v4,v3,40.0,18.97,30.0,1.0,0.0949,0.3,14.7331,False,fuzzy_logic_fixed_snr,20.8697,0.9377
115,v4,v6,40.0,22.8,30.0,1.0,0.114,0.3,13.4555,False,fuzzy_logic_fixed_snr,19.593,0.9043
115,v4,v5,40.0,29.15,0.0,1.0,0.1458,0.0,16.5646,False,fuzzy_logic_fixed_snr,22.7021,0.9559
115,v4,v15,40.0,58.31,20.0,1.0,0.2915,0.2,7.9312,False,fuzzy_logic_fixed_snr,14.0678,0.7127
115,v4,v1,40.0,60.0,0.0,1.0,0.3,0.0,11.5496,False,fuzzy_logic_fixed_snr,17.6882,0.8615
116,v1,v4,40.0,60.0,0.0,1.0,0.3,0.0,11.5496,False,fuzzy_logic_fixed_snr,17.688,0.876
116,v1,v6,40.0,68.26,20.0,1.0,0.3413,0.2,6.8359,False,fuzzy_logic_fixed_snr,12.9743,0.6121
116,v1,v5,40.0,89.05,0.0,1.0,0.4453,0.0,8.8058,False,fuzzy_logic_fixed_snr,14.9438,0.7666
116,v1,v3,40.0,108.17,20.0,1.0,0.5408,0.2,3.6375,False,fuzzy_logic_fixed_snr,9.7766,0.3742
116,v1,v15,40.0,138.13,20.0,1.0,0.6907,0.2,1.9384,False,fuzzy_logic_fixed_snr,8.0753,0.2561
116,v3,v5,20.0,19.24,20.0,0.6,0.0962,0.2,-4.3626,False,fuzzy_logic_fixed_snr,1.7764,0.1314
116,v3,v15,20.0,30.0,40.0,0.6,0.15,0.4,-9.2257,True,fuzzy_logic_fixed_snr,11.0725,0.2572
116,v3,v7,20.0,32.56,30.0,0.6,0.1628,0.3,-9.0189,True,fuzzy_logic_fixed_snr,11.328,0.2676
116,v3,v6,20.0,40.0,0.0,0.6,0.2,0.0,-5.633,False,fuzzy_logic_fixed_snr,0.503,0.1252
116,v3,v11,20.0,41.11,40.0,0.6,0.2055,0.4,-11.4149,True,fuzzy_logic_fixed_snr,8.426,0.1879
116,v4,v6,40.0,10.0,20.0,1.0,0.05,0.2,20.183,False,fuzzy_logic_fixed_snr,26.321,0.977
116,v4,v5,40.0,29.15,0.0,1.0,0.1458,0.0,16.5646,False,fuzzy_logic_fixed_snr,22.7036,0.9506
116,v4,v3,40.0,48.37,20.0,1.0,0.2419,0.2,9.2293,False,fuzzy_logic_fixed_snr,15.367,0.7785
116,v4,v1,40.0,60.0,0.0,1.0,0.3,0.0,11.5496,False,fuzzy_logic_fixed_snr,17.6868,0.8873
116,v4,v15,40.0,78.23,20.0,1.0,0.3912,0.2,5.889,False,fuzzy_logic_fixed_snr,12.0288,0.5537
117,v1,v4,40.0,60.0,30.0,1.0,0.3,0.3,6.7331,False,fuzzy_logic_fixed_snr,12.8708,0.6016
117,v1,v6,40.0,88.2,40.0,1.0,0.441,0.4,3.2804,False,fuzzy_logic_fixed_snr,9.4179,0.333
117,v1,v5,40.0,89.05,30.0,1.0,0.4453,0.3,3.9893,False,fuzzy_logic_fixed_snr,10.1284,0.3797
117,v1,v15,40.0,118.15,10.0,1.0,0.5908,0.1,4.4327,False,fuzzy_logic_fixed_snr,10.5716,0.4176
117,v1,v3,40.0,128.14,10.0,1.0,0.6407,0.1,3.8688,False,fuzzy_logic_fixed_snr,10.0054,0.3775
117,v3,v11,20.0,3.16,0.0,0.6,0.0158,0.0,12.0,False,fuzzy_logic_fixed_snr,18.1368,0.8873
117,v3,v7,20.0,6.32,10.0,0.6,0.0316,0.1,4.7753,False,fuzzy_logic_fixed_snr,10.9133,0.433
117,v3,v15,20.0,10.0,0.0,0.6,0.05,0.0,4.0,False,fuzzy_logic_fixed_snr,10.1369,0.3768
117,v3,v5,20.0,39.12,20.0,0.6,0.1956,0.2,-9.2945,False,fuzzy_logic_fixed_snr,-3.158,0.0992
117,v3,v6,20.0,40.0,30.0,0.6,0.2,0.3,-10.4494,True,fuzzy_logic_fixed_snr,9.6408,0.2025
117,v4,v6,40.0,28.64,10.0,1.0,0.1432,0.1,14.2812,False,fuzzy_logic_fixed_snr,20.42,0.9293
117,v4,v5,40.0,29.15,0.0,1.0,0.1458,0.0,16.5646,False,fuzzy_logic_fixed_snr,22.7018,0.9477
117,v4,v15,40.0,58.31,20.0,1.0,0.2915,0.2,7.9312,False,fuzzy_logic_fixed_snr,14.0689,0.7041
117,v4,v1,40.0,60.0,30.0,1.0,0.3,0.3,6.7331,False,fuzzy_logic_fixed_snr,12.8691,0.6211
117,v4,v3,40.0,68.26,20.0,1.0,0.3413,0.2,6.8359,False,fuzzy_logic_fixed_snr,12.9736,0.6268
118,v1,v4,40.0,90.0,10.0,1.0,0.45,0.1,6.3239,False,fuzzy_logic_fixed_snr,12.4634,0.5734
118,v1,v5,40.0,119.04,40.0,1.0,0.5952,0.4,1.1973,False,fuzzy_logic_fixed_snr,7.3357,0.2164
118,v1,v6,40.0,128.14,20.0,1.0,0.6407,0.2,2.46,False,fuzzy_logic_fixed_snr,8.5951,0.2756
118,v1,v15,40.0,128.14,40.0,1.0,0.6407,0.4,0.6853,False,fuzzy_logic_fixed_snr,6.8201,0.1979
118,v1,v7,40.0,130.0,30.0,1.0,0.65,0.3,1.3604,False,fuzzy_logic_fixed_snr,7.4981,0.2234
118,v3,v11,20.0,3.16,30.0,0.6,0.0158,0.3,7.1835,True,fuzzy_logic_fixed_snr,23.2107,0.8965
118,v3,v6,20.0,10.0,20.0,0.6,0.05,0.2,0.183,False,fuzzy_logic_fixed_snr,6.3212,0.1959
118,v3,v7,20.0,10.0,10.0,0.6,0.05,0.1,1.5918,False,fuzzy_logic_fixed_snr,7.7313,0.2213
118,v3,v15,20.0,10.0,0.0,0.6,0.05,0.0,4.0,False,fuzzy_logic_fixed_snr,10.1364,0.3762
118,v3,v5,20.0,19.24,0.0,0.6,0.0962,0.0,-0.5456,False,fuzzy_logic_fixed_snr,5.5915,0.1799
118,v4,v5,40.0,29.15,30.0,1.0,0.1458,0.3,11.7482,False,fuzzy_logic_fixed_snr,17.8861,0.8932
118,v4,v6,40.0,38.47,10.0,1.0,0.1924,0.1,12.2297,False,fuzzy_logic_fixed_snr,18.3659,0.8932
118,v4,v15,40.0,38.47,30.0,1.0,0.1924,0.3,9.8214,False,fuzzy_logic_fixed_snr,15.9579,0.8195
118,v4,v7,40.0,40.0,20.0,1.0,0.2,0.2,10.5501,False,fuzzy_logic_fixed_snr,16.6893,0.8559
118,v4,v3,40.0,48.37,30.0,1.0,0.2419,0.3,8.2298,False,fuzzy_logic_fixed_snr,14.3671,0.7188
119,v1,v5,40.0,79.06,0.0,1.0,0.3953,0.0,9.633,False,fuzzy_logic_fixed_snr,15.771,0.8098
119,v1,v4,40.0,80.0,10.0,1.0,0.4,0.1,7.1423,False,fuzzy_logic_fixed_snr,13.279,0.6344
119,v1,v15,40.0,88.2,10.0,1.0,0.441,0.1,6.4639,False,fuzzy_logic_fixed_snr,12.6008,0.5855
119,v1,v3,40.0,98.18,30.0,1.0,0.4909,0.3,3.3109,False,fuzzy_logic_fixed_snr,9.4494,0.3379
119,v1,v7,40.0,100.0,10.0,1.0,0.5,0.1,5.5918,False,fuzzy_logic_fixed_snr,11.729,0.5105
119,v3,v7,20.0,6.32,20.0,0.6,0.0316,0.2,3.3666,False,fuzzy_logic_fixed_snr,9.5016,0.3184
119,v3,v6,20.0,10.0,20.0,0.6,0.05,0.2,0.183,False,fuzzy_logic_fixed_snr,6.3196,0.1852
119,v3,v15,20.0,10.0,20.0,0.6,0.05,0.2,0.183,False,fuzzy_logic_fixed_snr,6.3241,0.1867
119,v3,v4,20.0,18.97,20.0,0.6,0.0949,0.2,-4.2674,False,fuzzy_logic_fixed_snr,1.8681,0.1336
119,v3,v5,20.0,19.24,30.0,0.6,0.0962,0.3,-5.3621,True,fuzzy_logic_fixed_snr,15.111,0.4953
119,v4,v5,40.0,3.16,10.0,1.0,0.0158,0.1,29.5918,False,fuzzy_logic_fixed_snr,35.7288,0.9932
119,v4,v15,40.0,10.0,0.0,1.0,0.05,0.0,24.0,False,fuzzy_logic_fixed_snr,30.1377,0.9916
119,v4,v3,40.0,18.97,20.0,1.0,0.0949,0.2,15.7326,False,fuzzy_logic_fixed_snr,21.8708,0.9475
119,v4,v7,40.0,20.0,0.0,1.0,0.1,0.0,19.1835,False,fuzzy_logic_fixed_snr,25.3207,0.975
119,v4,v6,40.0,28.64,0.0,1.0,0.1432,0.0,16.6895,False,fuzzy_logic_fixed_snr,22.828,0.9486
120,v1,v3,40.0,68.26,0.0,1.0,0.3413,0.0,10.6529,False,fuzzy_logic_fixed_snr,16.7911,0.8439
120,v1,v4,40.0,70.0,20.0,1.0,0.35,0.2,6.6615,False,fuzzy_logic_fixed_snr,12.799,0.6047
120,v1,v15,40.0,78.23,20.0,1.0,0.3912,0.2,5.889,False,fuzzy_logic_fixed_snr,12.0268,0.5312
120,v1,v5,40.0,79.06,0.0,1.0,0.3953,0.0,9.633,False,fuzzy_logic_fixed_snr,15.7712,0.8033
120,v1,v7,40.0,90.0,0.0,1.0,0.45,0.0,8.7321,False,fuzzy_logic_fixed_snr,14.8709,0.7684
120,v3,v4,20.0,6.32,20.0,0.6,0.0316,0.2,3.3666,False,fuzzy_logic_fixed_snr,9.5048,0.3389
120,v3,v15,20.0,10.0,20.0,0.6,0.05,0.2,0.183,False,fuzzy_logic_fixed_snr,6.3196,0.1877
120,v3,v5,20.0,11.4,0.0,0.6,0.057,0.0,3.0885,False,fuzzy_logic_fixed_snr,9.2257,0.3041
120,v3,v7,20.0,22.8,0.0,0.6,0.114,0.0,-1.728,False,fuzzy_logic_fixed_snr,4.4076,0.1521
120,v3,v6,20.0,30.0,20.0,0.6,0.15,0.2,-7.4509,False,fuzzy_logic_fixed_snr,-1.3136,0.1139
120,v4,v3,40.0,6.32,20.0,1.0,0.0316,0.2,23.3666,False,fuzzy_logic_fixed_snr,29.5038,0.9844
120,v4,v5,40.0,9.49,20.0,1.0,0.0474,0.2,20.5491,False,fuzzy_logic_fixed_snr,26.6873,0.973
120,v4,v15,40.0,10.0,40.0,1.0,0.05,0.4,18.4082,False,fuzzy_logic_fixed_snr,24.5458,0.9652
120,v4,v7,40.0,20.0,20.0,1.0,0.1,0.2,15.3666,False,fuzzy_logic_fixed_snr,21.5062,0.9475
120,v4,v6,40.0,28.64,0.0,1.0,0.1432,0.0,16.6895,False,fuzzy_logic_fixed_snr,22.8274,0.9559
121,v1,v15,40.0,58.31,30.0,1.0,0.2915,0.3,6.9317,False,fuzzy_logic_fixed_snr,13.0683,0.6207
121,v1,v3,40.0,68.26,10.0,1.0,0.3413,0.1,8.2447,False,fuzzy_logic_fixed_snr,14.3828,0.7303
121,v1,v5,40.0,79.06,0.0,1.0,0.3953,0.0,9.633,False,fuzzy_logic_fixed_snr,15.7706,0.8016
121,v1,v4,40.0,90.0,30.0,1.0,0.45,0.3,3.9156,False,fuzzy_logic_fixed_snr,10.053,0.3627
121,v1,v7,40.0,90.0,10.0,1.0,0.45,0.1,6.3239,False,fuzzy_logic_fixed_snr,12.4637,0.5813
121,v3,v15,20.0,10.0,40.0,0.6,0.05,0.4,-1.5918,True,fuzzy_logic_fixed_snr,18.5276,0.7457
121,v3,v5,20.0,11.4,10.0,0.6,0.057,0.1,0.6802,False,fuzzy_logic_fixed_snr,6.818,0.2033
121,v3,v4,20.0,22.8,40.0,0.6,0.114,0.4,-7.3198,True,fuzzy_logic_fixed_snr,13.1512,0.3727
121,v3,v7,20.0,22.8,0.0,0.6,0.114,0.0,-1.728,False,fuzzy_logic_fixed_snr,4.409,0.1549
121,v3,v13,20.0,42.43,10.0,0.6,0.2121,0.1,-8.4504,False,fuzzy_logic_fixed_snr,-2.3132,0.108
121,v4,v7,40.0,0.0,40.0,1.0,0.0,0.4,40.0,False,fuzzy_logic_fixed_snr,46.1379,0.9971
121,v4,v5,40.0,11.4,30.0,1.0,0.057,0.3,18.272,False,fuzzy_logic_fixed_snr,24.4097,0.9697
121,v4,v13,40.0,20.0,30.0,1.0,0.1,0.3,14.367,False,fuzzy_logic_fixed_snr,20.5051,0.9355
121,v4,v3,40.0,22.8,40.0,1.0,0.114,0.4,12.6802,False,fuzzy_logic_fixed_snr,18.8184,0.9084
121,v4,v6,40.0,28.64,30.0,1.0,0.1432,0.3,11.873,False,fuzzy_logic_fixed_snr,18.0095,0.8824
122,v1,v15,40.0,28.64,10.0,1.0,0.1432,0.1,14.2812,False,fuzzy_logic_fixed_snr,20.4203,0.9303
122,v1,v4,40.0,60.0,20.0,1.0,0.3,0.2,7.7326,False,fuzzy_logic_fixed_snr,13.8704,0.6936
122,v1,v3,40.0,78.23,0.0,1.0,0.3912,0.0,9.706,False,fuzzy_logic_fixed_snr,15.8456,0.8137
122,v1,v5,40.0,79.06,20.0,1.0,0.3953,0.2,5.816,False,fuzzy_logic_fixed_snr,11.9549,0.5379
122,v1,v11,40.0,99.05,10.0,1.0,0.4952,0.1,5.6584,False,fuzzy_logic_fixed_snr,11.7967,0.5139
122,v3,v5,20.0,3.16,20.0,0.6,0.0158,0.2,8.183,False,fuzzy_logic_fixed_snr,14.3201,0.7283
122,v3,v4,20.0,18.97,20.0,0.6,0.0949,0.2,-4.2674,False,fuzzy_logic_fixed_snr,1.8727,0.1402
122,v3,v11,20.0,21.21,10.0,0.6,0.1061,0.1,-3.6339,False,fuzzy_logic_fixed_snr,2.5024,0.1379
122,v3,v7,20.0,22.8,10.0,0.6,0.114,0.1,-4.1363,False,fuzzy_logic_fixed_snr,2.0007,0.1334
122,v3,v13,20.0,32.56,20.0,0.6,0.1628,0.2,-8.0194,False,fuzzy_logic_fixed_snr,-1.8834,0.107
122,v4,v3,40.0,18.97,20.0,1.0,0.0949,0.2,15.7326,False,fuzzy_logic_fixed_snr,21.8721,0.9471
122,v4,v5,40.0,19.24,0.0,1.0,0.0962,0.0,19.4544,False,fuzzy_logic_fixed_snr,25.5907,0.976
122,v4,v15,40.0,32.56,30.0,1.0,0.1628,0.3,10.9811,False,fuzzy_logic_fixed_snr,17.1177,0.8652
122,v4,v11,40.0,39.12,30.0,1.0,0.1956,0.3,9.706,False,fuzzy_logic_fixed_snr,15.8448,0.8039
122,v4,v7,40.0,40.0,10.0,1.0,0.2,0.1,11.9588,False,fuzzy_logic_fixed_snr,18.0983,0.8824
123,v1,v15,40.0,18.97,40.0,1.0,0.0949,0.4,13.9578,False,fuzzy_logic_fixed_snr,20.0945,0.9246
123,v1,v3,40.0,78.23,40.0,1.0,0.3912,0.4,4.1142,False,fuzzy_logic_fixed_snr,10.2519,0.392
123,v1,v4,40.0,80.0,20.0,1.0,0.4,0.2,5.7336,False,fuzzy_logic_fixed_snr,11.8736,0.5215
123,v1,v11,40.0,89.05,0.0,1.0,0.4453,0.0,8.8058,False,fuzzy_logic_fixed_snr,14.9445,0.7607
123,v1,v6,40.0,98.18,10.0,1.0,0.4909,0.1,5.7191,False,fuzzy_logic_fixed_snr,11.8564,0.5225
123,v3,v4,20.0,6.32,20.0,0.6,0.0316,0.2,3.3666,False,fuzzy_logic_fixed_snr,9.5036,0.3174
123,v3,v11,20.0,11.4,40.0,0.6,0.057,0.4,-2.5033,True,fuzzy_logic_fixed_snr,17.7397,0.6982
123,v3,v6,20.0,20.0,30.0,0.6,0.1,0.3,-5.633,True,fuzzy_logic_fixed_snr,14.8576,0.4848
123,v3,v5,20.0,21.21,20.0,0.6,0.1061,0.2,-5.0427,False,fuzzy_logic_fixed_snr,1.0946,0.1334
123,v3,v7,20.0,32.56,40.0,0.6,0.1628,0.4,-9.7942,True,fuzzy_logic_fixed_snr,10.4275,0.2314
123,v4,v3,40.0,6.32,20.0,1.0,0.0316,0.2,23.3666,False,fuzzy_logic_fixed_snr,29.506,0.9902
123,v4,v11,40.0,9.49,20.0,1.0,0.0474,0.2,20.5491,False,fuzzy_logic_fixed_snr,26.6865,0.977
123,v4,v6,40.0,18.97,10.0,1.0,0.0949,0.1,17.1413,False,fuzzy_logic_fixed_snr,23.2795,0.9594
123,v4,v5,40.0,19.24,0.0,1.0,0.0962,0.0,19.4544,False,fuzzy_logic_fixed_snr,25.5916,0.977
123,v4,v7,40.0,30.0,20.0,1.0,0.15,0.2,12.5491,False,fuzzy_logic_fixed_snr,18.6882,0.8945
124,v1,v15,40.0,58.31,10.0,1.0,0.2915,0.1,9.3399,False,fuzzy_logic_fixed_snr,15.4768,0.7891
124,v1,v11,40.0,89.05,20.0,1.0,0.4453,0.2,4.9888,False,fuzzy_logic_fixed_snr,11.1265,0.4563
124,v1,v4,40.0,100.0,40.0,1.0,0.5,0.4,2.4082,False,fuzzy_logic_fixed_snr,8.5467,0.2797
124,v1,v6,40.0,108.17,10.0,1.0,0.5408,0.1,5.0463,False,fuzzy_logic_fixed_snr,11.186,0.4551
124,v1,v7,40.0,110.0,40.0,1.0,0.55,0.4,1.746,False,fuzzy_logic_fixed_snr,7.8847,0.2447
124,v3,v5,20.0,3.16,10.0,0.6,0.0158,0.1,9.5918,False,fuzzy_logic_fixed_snr,15.7294,0.8021
124,v3,v6,20.0,10.0,10.0,0.6,0.05,0.1,1.5918,False,fuzzy_logic_fixed_snr,7.7292,0.2301
124,v3,v7,20.0,10.0,20.0,0.6,0.05,0.2,0.183,False,fuzzy_logic_fixed_snr,6.3221,0.1975
124,v3,v4,20.0,18.97,20.0,0.6,0.0949,0.2,-4.2674,False,fuzzy_logic_fixed_snr,1.8699,0.1389
124,v3,v11,20.0,29.15,0.0,0.6,0.1458,0.0,-3.4354,False,fuzzy_logic_fixed_snr,2.7023,0.1359
124,v4,v6,40.0,10.0,30.0,1.0,0.05,0.3,19.1835,False,fuzzy_logic_fixed_snr,25.322,0.9697
124,v4,v7,40.0,10.0,0.0,1.0,0.05,0.0,24.0,False,fuzzy_logic_fixed_snr,30.1381,0.9818
124,v4,v11,40.0,11.4,20.0,1.0,0.057,0.2,19.2715,False,fuzzy_logic_fixed_snr,25.4085,0.9682
124,v4,v3,40.0,18.97,20.0,1.0,0.0949,0.2,15.7326,False,fuzzy_logic_fixed_snr,21.8692,0.9447
124,v4,v5,40.0,19.24,30.0,1.0,0.0962,0.3,14.6379,False,fuzzy_logic_fixed_snr,20.7767,0.9334
125,v1,v15,40.0,48.37,20.0,1.0,0.2419,0.2,9.2293,False,fuzzy_logic_fixed_snr,15.3682,0.8006
125,v1,v4,40.0,60.0,10.0,1.0,0.3,0.1,9.1413,False,fuzzy_logic_fixed_snr,15.2804,0.784
125,v1,v11,40.0,69.07,20.0,1.0,0.3453,0.2,6.7549,False,fuzzy_logic_fixed_snr,12.8915,0.6156
125,v1,v7,40.0,70.0,0.0,1.0,0.35,0.0,10.4784,False,fuzzy_logic_fixed_snr,16.6171,0.8289
125,v1,v3,40.0,98.18,10.0,1.0,0.4909,0.1,5.7191,False,fuzzy_logic_fixed_snr,11.8584,0.5307
125,v3,v6,20.0,0.0,10.0,0.6,0.0,0.1,33.5918,False,fuzzy_logic_fixed_snr,39.7296,0.9971
125,v3,v5,20.0,11.4,0.0,0.6,0.057,0.0,3.0885,False,fuzzy_logic_fixed_snr,9.2252,0.3104
125,v3,v13,20.0,22.8,10.0,0.6,0.114,0.1,-4.1363,False,fuzzy_logic_fixed_snr,2.0019,0.1285
125,v3,v7,20.0,28.64,10.0,0.6,0.1432,0.1,-5.7188,False,fuzzy_logic_fixed_snr,0.4203,0.1238
125,v3,v11,20.0,29.15,30.0,0.6,0.1458,0.3,-8.2518,True,fuzzy_logic_fixed_snr,12.1726,0.2969
125,v4,v11,40.0,9.49,10.0,1.0,0.0474,0.1,21.9578,False,fuzzy_logic_fixed_snr,28.0959,0.9844
125,v4,v7,40.0,10.0,10.0,1.0,0.05,0.1,21.5918,False,fuzzy_logic_fixed_snr,27.7297,0.976
125,v4,v15,40.0,13.42,10.0,1.0,0.0671,0.1,19.5496,False,fuzzy_logic_fixed_snr,25.6873,0.9727
125,v4,v3,40.0,38.47,20.0,1.0,0.1924,0.2,10.8209,False,fuzzy_logic_fixed_snr,16.9581,0.8459
125,v4,v6,40.0,38.47,10.0,1.0,0.1924,0.1,12.2297,False,fuzzy_logic_fixed_snr,18.3671,0.8986
126,v1,v15,40.0,68.26,20.0,1.0,0.3413,0.2,6.8359,False,fuzzy_logic_fixed_snr,12.9749,0.635
126,v1,v4,40.0,70.0,40.0,1.0,0.35,0.4,4.8867,False,fuzzy_logic_fixed_snr,11.0251,0.4443
126,v1,v7,40.0,70.0,0.0,1.0,0.35,0.0,10.4784,False,fuzzy_logic_fixed_snr,16.6159,0.8426
126,v1,v3,40.0,88.2,20.0,1.0,0.441,0.2,5.0552,False,fuzzy_logic_fixed_snr,11.1924,0.4705
126,v1,v11,40.0,89.05,10.0,1.0,0.4453,0.1,6.3976,False,fuzzy_logic_fixed_snr,12.5339,0.6053
126,v3,v11,20.0,3.16,10.0,0.6,0.0158,0.1,9.5918,False,fuzzy_logic_fixed_snr,15.7296,0.8125
126,v3,v6,20.0,10.0,0.0,0.6,0.05,0.0,4.0,False,fuzzy_logic_fixed_snr,10.1379,0.3875
126,v3,v5,20.0,11.4,0.0,0.6,0.057,0.0,3.0885,False,fuzzy_logic_fixed_snr,9.2252,0.3236
126,v3,v4,20.0,18.97,20.0,0.6,0.0949,0.2,-4.2674,False,fuzzy_logic_fixed_snr,1.8718,0.132
126,v3,v7,20.0,18.97,20.0,0.6,0.0949,0.2,-4.2674,False,fuzzy_logic_fixed_snr,1.8699,0.1301
126,v4,v7,40.0,0.0,40.0,1.0,0.0,0.4,40.0,False,fuzzy_logic_fixed_snr,46.1389,0.9951
126,v4,v15,40.0,6.32,20.0,1.0,0.0316,0.2,23.3666,False,fuzzy_logic_fixed_snr,29.5048,0.9799
126,v4,v3,40.0,18.97,20.0,1.0,0.0949,0.2,15.7326,False,fuzzy_logic_fixed_snr,21.8704,0.952
126,v4,v11,40.0,19.24,30.0,1.0,0.0962,0.3,14.6379,False,fuzzy_logic_fixed_snr,20.7757,0.9338
126,v4,v6,40.0,28.64,20.0,1.0,0.1432,0.2,12.8725,False,fuzzy_logic_fixed_snr,19.0103,0.902
127,v1,v7,40.0,70.0,30.0,1.0,0.35,0.3,5.662,False,fuzzy_logic_fixed_snr,11.8,0.5223
127,v1,v15,40.0,88.2,0.0,1.0,0.441,0.0,8.8722,False,fuzzy_logic_fixed_snr,15.0101,0.7629
127,v1,v11,40.0,99.05,10.0,1.0,0.4952,0.1,5.6584,False,fuzzy_logic_fixed_snr,11.7941,0.5121
127,v1,v3,40.0,108.17,30.0,1.0,0.5408,0.3,2.638,False,fuzzy_logic_fixed_snr,8.7746,0.285
127,v1,v4,40.0,110.0,10.0,1.0,0.55,0.1,4.9295,False,fuzzy_logic_fixed_snr,11.0679,0.4602
127,v2,v1,20.0,175.03,20.0,0.6,0.8751,0.2,-19.7066,True,fuzzy_logic_fixed_snr,1.349,0.1104
127,v3,v4,20.0,6.32,40.0,0.6,0.0316,0.4,1.5918,True,fuzzy_logic_fixed_snr,20.7842,0.8408
127,v3,v11,20.0,9.49,40.0,0.6,0.0474,0.4,-1.2257,True,fuzzy_logic_fixed_snr,18.8245,0.7566
127,v3,v6,20.0,10.0,10.0,0.6,0.05,0.1,1.5918,False,fuzzy_logic_fixed_snr,7.7278,0.2277
127,v3,v5,20.0,11.4,0.0,0.6,0.057,0.0,3.0885,False,fuzzy_logic_fixed_snr,9.226,0.3271
127,v3,v15,20.0,20.0,30.0,0.6,0.1,0.3,-5.633,True,fuzzy_logic_fixed_snr,14.8557,0.4928
127,v4,v3,40.0,6.32,40.0,1.0,0.0316,0.4,21.5918,False,fuzzy_logic_fixed_snr,27.7295,0.977
127,v4,v5,40.0,9.49,40.0,1.0,0.0474,0.4,18.7743,False,fuzzy_logic_fixed_snr,24.9124,0.9746
127,v4,v6,40.0,10.0,30.0,1.0,0.05,0.3,19.1835,False,fuzzy_logic_fixed_snr,25.3227,0.975
127,v4,v11,40.0,11.4,0.0,1.0,0.057,0.0,23.0885,False,fuzzy_logic_fixed_snr,29.2271,0.9867
127,v4,v13,40.0,20.0,40.0,1.0,0.1,0.4,13.5918,False,fuzzy_logic_fixed_snr,19.7301,0.9318
128,v1,v7,40.0,40.0,10.0,1.0,0.2,0.1,11.9588,False,fuzzy_logic_fixed_snr,18.0936,0.8945
128,v1,v3,40.0,78.23,10.0,1.0,0.3912,0.1,7.2977,False,fuzzy_logic_fixed_snr,13.4347,0.6445
128,v1,v15,40.0,88.2,10.0,1.0,0.441,0.1,6.4639,False,fuzzy_logic_fixed_snr,12.6017,0.5828
128,v1,v5,40.0,89.05,30.0,1.0,0.4453,0.3,3.9893,False,fuzzy_logic_fixed_snr,10.1286,0.3807
128,v1,v6,40.0,98.18,0.0,1.0,0.4909,0.0,8.1274,False,fuzzy_logic_fixed_snr,14.2642,0.7152
128,v2,v1,20.0,155.03,50.0,0.6,0.7751,0.5,-21.2718,True,fuzzy_logic_fixed_snr,0.8545,0.1076
128,v2,v7,20.0,195.02,40.0,0.6,0.9751,0.4,-22.2331,True,fuzzy_logic_fixed_snr,0.6064,0.1066
128,v3,v15,20.0,10.0,0.0,0.6,0.05,0.0,4.0,False,fuzzy_logic_fixed_snr,10.1378,0.3852
128,v3,v5,20.0,11.4,20.0,0.6,0.057,0.2,-0.7285,False,fuzzy_logic_fixed_snr,5.4081,0.175
128,v3,v6,20.0,20.0,10.0,0.6,0.1,0.1,-3.2247,False,fuzzy_logic_fixed_snr,2.9153,0.1451
128,v3,v13,20.0,22.8,20.0,0.6,0.114,0.2,-5.545,False,fuzzy_logic_fixed_snr,0.5918,0.134
128,v3,v11,20.0,31.14,30.0,0.6,0.1557,0.3,-8.7107,True,fuzzy_logic_fixed_snr,11.651,0.2926
128,v4,v11,40.0,11.4,0.0,1.0,0.057,0.0,23.0885,False,fuzzy_logic_fixed_snr,29.2284,0.9828
128,v4,v13,40.0,20.0,10.0,1.0,0.1,0.1,16.7753,False,fuzzy_logic_fixed_snr,22.9108,0.9559
128,v4,v6,40.0,22.8,40.0,1.0,0.114,0.4,12.6802,False,fuzzy_logic_fixed_snr,18.8188,0.9045
128,v4,v5,40.0,31.14,10.0,1.0,0.1557,0.1,13.6976,False,fuzzy_logic_fixed_snr,19.836,0.9195
128,v4,v15,40.0,32.56,30.0,1.0,0.1628,0.3,10.9811,False,fuzzy_logic_fixed_snr,17.1185,0.8594
129,v1,v7,40.0,50.0,10.0,1.0,0.25,0.1,10.4082,False,fuzzy_logic_fixed_snr,16.5451,0.8471
129,v1,v3,40.0,88.2,20.0,1.0,0.441,0.2,5.0552,False,fuzzy_logic_fixed_snr,11.1922,0.4537
129,v1,v6,40.0,98.18,20.0,1.0,0.4909,0.2,4.3104,False,fuzzy_logic_fixed_snr,10.448,0.4104
129,v1,v15,40.0,98.18,20.0,1.0,0.4909,0.2,4.3104,False,fuzzy_logic_fixed_snr,10.4473,0.3971
129,v1,v2,40.0,105.04,30.0,1.0,0.5252,0.3,2.8417,False,fuzzy_logic_fixed_snr,8.98,0.2975
129,v2,v1,20.0,105.04,30.0,0.6,0.5252,0.3,-17.1583,True,fuzzy_logic_fixed_snr,2.6445,0.1141
129,v2,v7,20.0,155.03,20.0,0.6,0.7751,0.2,-18.8636,True,fuzzy_logic_fixed_snr,1.7117,0.1088
129,v2,v3,20.0,193.02,10.0,0.6,0.9651,0.1,-18.978,True,fuzzy_logic_fixed_snr,1.6583,0.0949
129,v3,v6,20.0,10.0,0.0,0.6,0.05,0.0,4.0,False,fuzzy_logic_fixed_snr,10.138,0.3781
129,v3,v15,20.0,10.0,0.0,0.6,0.05,0.0,4.0,False,fuzzy_logic_fixed_snr,10.1385,0.3855
129,v3,v5,20.0,31.14,20.0,0.6,0.1557,0.2,-7.7111,False,fuzzy_logic_fixed_snr,-1.5715,0.1061
129,v3,v7,20.0,38.47,10.0,0.6,0.1924,0.1,-7.7703,False,fuzzy_logic_fixed_snr,-1.6328,0.1145
129,v3,v13,20.0,42.43,0.0,0.6,0.2121,0.0,-6.0422,False,fuzzy_logic_fixed_snr,0.0952,0.1203
129,v4,v11,40.0,11.4,0.0,1.0,0.057,0.0,23.0885,False,fuzzy_logic_fixed_snr,29.2259,0.9818
129,v4,v13,40.0,30.0,30.0,1.0,0.15,0.3,11.5496,False,fuzzy_logic_fixed_snr,17.6853,0.8844
129,v4,v5,40.0,41.11,10.0,1.0,0.2055,0.1,11.7687,False,fuzzy_logic_fixed_snr,17.9059,0.8799
129,v4,v6,40.0,62.29,30.0,1.0,0.3114,0.3,6.4729,False,fuzzy_logic_fixed_snr,12.6104,0.5891
129,v4,v15,40.0,62.29,30.0,1.0,0.3114,0.3,6.4729,False,fuzzy_logic_fixed_snr,12.6121,0.5852
130,v1,v7,40.0,60.0,20.0,1.0,0.3,0.2,7.7326,False,fuzzy_logic_fixed_snr,13.8719,0.6971
130,v1,v2,40.0,75.06,20.0,1.0,0.3753,0.2,6.1765,False,fuzzy_logic_fixed_snr,12.316,0.567
130,v1,v3,40.0,108.17,0.0,1.0,0.5408,0.0,7.4545,False,fuzzy_logic_fixed_snr,13.5919,0.6764
130,v1,v6,40.0,118.15,20.0,1.0,0.5908,0.2,3.0239,False,fuzzy_logic_fixed_snr,9.1628,0.299
130,v1,v15,40.0,118.15,0.0,1.0,0.5908,0.0,6.8409,False,fuzzy_logic_fixed_snr,12.9789,0.6184
130,v2,v1,20.0,75.06,20.0,0.6,0.3753,0.2,-13.8235,True,fuzzy_logic_fixed_snr,5.4902,0.142
130,v2,v7,20.0,135.03,40.0,0.6,0.6752,0.4,-19.6788,True,fuzzy_logic_fixed_snr,1.3618,0.0916
130,v2,v3,20.0,183.02,20.0,0.6,0.9151,0.2,-20.0171,True,fuzzy_logic_fixed_snr,1.2214,0.1098
130,v2,v6,20.0,193.02,40.0,0.6,0.9651,0.4,-22.1615,True,fuzzy_logic_fixed_snr,0.632,0.1031
130,v2,v15,20.0,193.02,20.0,0.6,0.9651,0.2,-20.3867,True,fuzzy_logic_fixed_snr,1.1255,0.1021
130,v3,v6,20.0,10.0,20.0,0.6,0.05,0.2,0.183,False,fuzzy_logic_fixed_snr,6.323,0.1813
130,v3,v15,20.0,10.0,0.0,0.6,0.05,0.0,4.0,False,fuzzy_logic_fixed_snr,10.1383,0.3797
130,v3,v5,20.0,11.4,10.0,0.6,0.057,0.1,0.6802,False,fuzzy_logic_fixed_snr,6.8175,0.1988
130,v3,v11,20.0,31.14,30.0,0.6,0.1557,0.3,-8.7107,True,fuzzy_logic_fixed_snr,11.665,0.2758
130,v3,v4,20.0,42.43,20.0,0.6,0.2121,0.2,-9.8592,False,fuzzy_logic_fixed_snr,-3.7226,0.0992
130,v4,v13,40.0,0.0,10.0,1.0,0.0,0.1,40.0,False,fuzzy_logic_fixed_snr,46.1374,0.9971
130,v4,v11,40.0,11.4,10.0,1.0,0.057,0.1,20.6802,False,fuzzy_logic_fixed_snr,26.8174,0.973
130,v4,v5,40.0,31.14,10.0,1.0,0.1557,0.1,13.6976,False,fuzzy_logic_fixed_snr,19.8347,0.9191
130,v4,v6,40.0,32.56,0.0,1.0,0.1628,0.0,15.7976,False,fuzzy_logic_fixed_snr,21.9348,0.9533
130,v4,v15,40.0,32.56,20.0,1.0,0.1628,0.2,11.9806,False,fuzzy_logic_fixed_snr,18.1173,0.8877
131,v1,v7,40.0,40.0,30.0,1.0,0.2,0.3,9.5506,False,fuzzy_logic_fixed_snr,15.6865,0.8047
131,v1,v2,40.0,55.08,10.0,1.0,0.2754,0.1,9.7356,False,fuzzy_logic_fixed_snr,15.8727,0.7928
131,v1,v6,40.0,98.18,40.0,1.0,0.4909,0.4,2.5356,False,fuzzy_logic_fixed_snr,8.6739,0.2762
131,v1,v3,40.0,108.17,0.0,1.0,0.5408,0.0,7.4545,False,fuzzy_logic_fixed_snr,13.5945,0.6629
131,v1,v5,40.0,109.04,30.0,1.0,0.5452,0.3,2.5821,False,fuzzy_logic_fixed_snr,8.7181,0.2773
131,v2,v1,20.0,55.08,10.0,0.6,0.2754,0.1,-10.2644,True,fuzzy_logic_fixed_snr,9.859,0.2158
131,v2,v7,20.0,95.05,40.0,0.6,0.4752,0.4,-17.2388,True,fuzzy_logic_fixed_snr,2.5998,0.1092
131,v2,v6,20.0,153.03,50.0,0.6,0.7651,0.5,-21.1816,True,fuzzy_logic_fixed_snr,0.8608,0.1135
131,v2,v3,20.0,163.03,10.0,0.6,0.8151,0.1,-17.8044,True,fuzzy_logic_fixed_snr,2.2587,0.1199
131,v2,v5,20.0,164.0,40.0,0.6,0.82,0.4,-21.0293,True,fuzzy_logic_fixed_snr,0.9156,0.1125
131,v3,v5,20.0,3.16,30.0,0.6,0.0158,0.3,7.1835,True,fuzzy_logic_fixed_snr,23.2123,0.8859
131,v3,v11,20.0,3.16,10.0,0.6,0.0158,0.1,9.5918,False,fuzzy_logic_fixed_snr,15.7293,0.8066
131,v3,v6,20.0,10.0,40.0,0.6,0.05,0.4,-1.5918,True,fuzzy_logic_fixed_snr,18.5163,0.7258
131,v3,v15,20.0,10.0,20.0,0.6,0.05,0.2,0.183,False,fuzzy_logic_fixed_snr,6.3196,0.1916
131,v3,v4,20.0,22.8,20.0,0.6,0.114,0.2,-5.545,False,fuzzy_logic_fixed_snr,0.5909,0.1217
131,v4,v13,40.0,10.0,0.0,1.0,0.05,0.0,24.0,False,fuzzy_logic_fixed_snr,30.1384,0.9838
131,v4,v15,40.0,13.42,0.0,1.0,0.0671,0.0,21.9578,False,fuzzy_logic_fixed_snr,28.0962,0.9848
131,v4,v5,40.0,21.21,10.0,1.0,0.1061,0.1,16.3661,False,fuzzy_logic_fixed_snr,22.5037,0.9516
131,v4,v11,40.0,21.21,10.0,1.0,0.1061,0.1,16.3661,False,fuzzy_logic_fixed_snr,22.5034,0.9682
131,v4,v3,40.0,22.8,20.0,1.0,0.114,0.2,14.455,False,fuzzy_logic_fixed_snr,20.5935,0.9328
132,v1,v7,40.0,10.0,40.0,1.0,0.05,0.4,18.4082,False,fuzzy_logic_fixed_snr,24.5462,0.9721
132,v1,v2,40.0,45.1,10.0,1.0,0.2255,0.1,11.125,False,fuzzy_logic_fixed_snr,17.2629,0.8658
132,v1,v6,40.0,58.31,0.0,1.0,0.2915,0.0,11.7482,False,fuzzy_logic_fixed_snr,17.8874,0.8793
132,v1,v5,40.0,79.06,0.0,1.0,0.3953,0.0,9.633,False,fuzzy_logic_fixed_snr,15.7692,0.7982
132,v1,v15,40.0,98.18,30.0,1.0,0.4909,0.3,3.3109,False,fuzzy_logic_fixed_snr,9.446,0.341
132,v2,v1,20.0,45.1,10.0,0.6,0.2255,0.1,-8.875,False,fuzzy_logic_fixed_snr,-2.7371,0.1061
132,v2,v7,20.0,55.08,50.0,0.6,0.2754,0.5,-14.0813,True,fuzzy_logic_fixed_snr,5.2325,0.1387
132,v2,v6,20.0,103.04,10.0,0.6,0.5152,0.1,-14.6166,True,fuzzy_logic_fixed_snr,4.6796,0.1389
132,v2,v5,20.0,124.0,10.0,0.6,0.62,0.1,-15.903,True,fuzzy_logic_fixed_snr,3.5287,0.1209
132,v2,v15,20.0,143.03,40.0,0.6,0.7152,0.4,-20.0787,True,fuzzy_logic_fixed_snr,1.2185,0.1121
132,v3,v4,20.0,6.32,0.0,0.6,0.0316,0.0,7.1835,False,fuzzy_logic_fixed_snr,13.3214,0.6516
132,v3,v11,20.0,9.49,10.0,0.6,0.0474,0.1,1.9578,False,fuzzy_logic_fixed_snr,8.094,0.2346
132,v3,v15,20.0,10.0,20.0,0.6,0.05,0.2,0.183,False,fuzzy_logic_fixed_snr,6.3205,0.1979
132,v3,v13,20.0,13.42,10.0,0.6,0.0671,0.1,-0.4504,False,fuzzy_logic_fixed_snr,5.6882,0.1725
132,v3,v5,20.0,29.15,10.0,0.6,0.1458,0.1,-5.8436,False,fuzzy_logic_fixed_snr,0.2955,0.1277
132,v4,v3,40.0,6.32,0.0,1.0,0.0316,0.0,27.1835,False,fuzzy_logic_fixed_snr,33.3206,0.9922
132,v4,v13,40.0,10.0,10.0,1.0,0.05,0.1,21.5918,False,fuzzy_logic_fixed_snr,27.7302,0.9789
132,v4,v11,40.0,11.4,10.0,1.0,0.057,0.1,20.6802,False,fuzzy_logic_fixed_snr,26.8172,0.977
132,v4,v15,40.0,13.42,20.0,1.0,0.0671,0.2,18.1408,False,fuzzy_logic_fixed_snr,24.2777,0.9682
132,v4,v5,40.0,31.14,10.0,1.0,0.1557,0.1,13.6976,False,fuzzy_logic_fixed_snr,19.8347,0.9217
133,v1,v7,40.0,30.0,0.0,1.0,0.15,0.0,16.3661,False,fuzzy_logic_fixed_snr,22.5037,0.9627
133,v1,v2,40.0,35.13,50.0,1.0,0.1756,0.5,9.0443,False,fuzzy_logic_fixed_snr,15.1809,0.7762
133,v1,v6,40.0,58.31,20.0,1.0,0.2915,0.2,7.9312,False,fuzzy_logic_fixed_snr,14.0687,0.7002
133,v1,v15,40.0,68.26,10.0,1.0,0.3413,0.1,8.2447,False,fuzzy_logic_fixed_snr,14.3812,0.7371
133,v1,v5,40.0,79.06,0.0,1.0,0.3953,0.0,9.633,False,fuzzy_logic_fixed_snr,15.7708,0.8111
133,v2,v7,20.0,5.83,50.0,0.6,0.0292,0.5,1.523,True,fuzzy_logic_fixed_snr,20.7548,0.843
133,v2,v1,20.0,35.13,50.0,0.6,0.1756,0.5,-10.9557,True,fuzzy_logic_fixed_snr,9.0088,0.1889
133,v2,v6,20.0,93.05,30.0,0.6,0.4652,0.3,-16.3158,True,fuzzy_logic_fixed_snr,3.2174,0.101
133,v2,v15,20.0,103.04,40.0,0.6,0.5152,0.4,-17.8001,True,fuzzy_logic_fixed_snr,2.2352,0.1109
133,v2,v5,20.0,114.0,50.0,0.6,0.57,0.5,-19.1357,True,fuzzy_logic_fixed_snr,1.6002,0.1131
133,v3,v11,20.0,3.16,0.0,0.6,0.0158,0.0,12.0,False,fuzzy_logic_fixed_snr,18.1391,0.8922
133,v3,v4,20.0,6.32,10.0,0.6,0.0316,0.1,4.7753,False,fuzzy_logic_fixed_snr,10.9135,0.4336
133,v3,v5,20.0,19.24,20.0,0.6,0.0962,0.2,-4.3626,False,fuzzy_logic_fixed_snr,1.7734,0.126
133,v3,v13,20.0,22.8,20.0,0.6,0.114,0.2,-5.545,False,fuzzy_logic_fixed_snr,0.5924,0.1324
133,v3,v15,20.0,30.0,10.0,0.6,0.15,0.1,-6.0422,False,fuzzy_logic_fixed_snr,0.0944,0.1246
133,v4,v11,40.0,3.16,10.0,1.0,0.0158,0.1,29.5918,False,fuzzy_logic_fixed_snr,35.7296,0.9961
133,v4,v3,40.0,6.32,10.0,1.0,0.0316,0.1,24.7753,False,fuzzy_logic_fixed_snr,30.9157,0.9867
133,v4,v13,40.0,20.0,30.0,1.0,0.1,0.3,14.367,False,fuzzy_logic_fixed_snr,20.5044,0.9244
133,v4,v5,40.0,21.21,30.0,1.0,0.1061,0.3,13.9578,False,fuzzy_logic_fixed_snr,20.0955,0.9275
133,v4,v15,40.0,32.56,20.0,1.0,0.1628,0.2,11.9806,False,fuzzy_logic_fixed_snr,18.1199,0.8902
134,v1,v7,40.0,0.0,0.0,1.0,0.0,0.0,40.0,False,fuzzy_logic_fixed_snr,46.1384,0.9961
134,v1,v2,40.0,4.24,0.0,1.0,0.0212,0.0,29.9578,False,fuzzy_logic_fixed_snr,36.0965,0.9941
134,v1,v6,40.0,66.27,40.0,1.0,0.3314,0.4,5.2669,False,fuzzy_logic_fixed_snr,11.4031,0.484
134,v1,v15,40.0,66.27,20.0,1.0,0.3314,0.2,7.0417,False,fuzzy_logic_fixed_snr,13.18,0.641
134,v1,v5,40.0,67.07,50.0,1.0,0.3353,0.5,4.5506,False,fuzzy_logic_fixed_snr,10.6867,0.4289
134,v2,v1,20.0,4.24,0.0,0.6,0.0212,0.0,9.9578,False,fuzzy_logic_fixed_snr,16.096,0.8188
134,v2,v7,20.0,4.24,0.0,0.6,0.0212,0.0,9.9578,False,fuzzy_logic_fixed_snr,16.0949,0.8322
134,v2,v6,20.0,63.07,40.0,0.6,0.3154,0.4,-14.3891,True,fuzzy_logic_fixed_snr,4.9058,0.1275
134,v2,v15,20.0,63.07,20.0,0.6,0.3154,0.2,-12.6143,True,fuzzy_logic_fixed_snr,6.9299,0.1801
134,v2,v5,20.0,64.0,50.0,0.6,0.32,0.5,-15.1241,True,fuzzy_logic_fixed_snr,4.2005,0.1232
134,v3,v11,20.0,3.16,30.0,0.6,0.0158,0.3,7.1835,True,fuzzy_logic_fixed_snr,23.2462,0.8951
134,v3,v13,20.0,6.32,20.0,0.6,0.0316,0.2,3.3666,False,fuzzy_logic_fixed_snr,9.5034,0.3281
134,v3,v4,20.0,13.42,20.0,0.6,0.0671,0.2,-1.8592,False,fuzzy_logic_fixed_snr,4.2776,0.1506
134,v3,v5,20.0,39.12,30.0,0.6,0.1956,0.3,-10.294,True,fuzzy_logic_fixed_snr,9.8302,0.2252
134,v3,v6,20.0,40.0,20.0,0.6,0.2,0.2,-9.4499,False,fuzzy_logic_fixed_snr,-3.3157,0.1041
134,v4,v13,40.0,10.0,0.0,1.0,0.05,0.0,24.0,False,fuzzy_logic_fixed_snr,30.1383,0.9867
134,v4,v11,40.0,11.4,10.0,1.0,0.057,0.1,20.6802,False,fuzzy_logic_fixed_snr,26.8171,0.9688
134,v4,v3,40.0,13.42,20.0,1.0,0.0671,0.2,18.1408,False,fuzzy_logic_fixed_snr,24.2806,0.9627
134,v4,v8,40.0,39.12,30.0,1.0,0.1956,0.3,9.706,False,fuzzy_logic_fixed_snr,15.8438,0.8074
134,v4,v5,40.0,51.09,10.0,1.0,0.2554,0.1,10.2586,False,fuzzy_logic_fixed_snr,16.3957,0.8354
135,v1,v7,40.0,0.0,0.0,1.0,0.0,0.0,40.0,False,fuzzy_logic_fixed_snr,46.1375,0.9961
135,v1,v2,40.0,4.24,0.0,1.0,0.0212,0.0,29.9578,False,fuzzy_logic_fixed_snr,36.0971,0.9922
135,v1,v5,40.0,17.26,30.0,1.0,0.0863,0.3,15.3898,False,fuzzy_logic_fixed_snr,21.5273,0.9367
135,v1,v6,40.0,26.68,20.0,1.0,0.1334,0.2,13.3632,False,fuzzy_logic_fixed_snr,19.5017,0.9111
135,v1,v15,40.0,46.39,20.0,1.0,0.2319,0.2,9.5203,False,fuzzy_logic_fixed_snr,15.6573,0.7943
135,v2,v1,20.0,4.24,0.0,0.6,0.0212,0.0,9.9578,False,fuzzy_logic_fixed_snr,16.0978,0.8129
135,v2,v7,20.0,4.24,0.0,0.6,0.0212,0.0,9.9578,False,fuzzy_logic_fixed_snr,16.0953,0.8092
135,v2,v5,20.0,14.0,30.0,0.6,0.07,0.3,-3.1545,True,fuzzy_logic_fixed_snr,17.1624,0.6459
135,v2,v6,20.0,23.19,20.0,0.6,0.116,0.2,-5.6632,False,fuzzy_logic_fixed_snr,0.4744,0.1193
135,v2,v15,20.0,43.1,20.0,0.6,0.2155,0.2,-9.9693,False,fuzzy_logic_fixed_snr,-3.8334,0.1012
135,v3,v4,20.0,10.0,0.0,0.6,0.05,0.0,4.0,False,fuzzy_logic_fixed_snr,10.1363,0.3797
135,v3,v13,20.0,18.97,30.0,0.6,0.0949,0.3,-5.2669,True,fuzzy_logic_fixed_snr,15.2279,0.5314
135,v3,v11,20.0,29.15,20.0,0.6,0.1458,0.2,-7.2523,False,fuzzy_logic_fixed_snr,-1.1124,0.1148
135,v3,v15,20.0,40.0,0.0,0.6,0.2,0.0,-5.633,False,fuzzy_logic_fixed_snr,0.5048,0.1246
135,v3,v6,20.0,60.0,0.0,0.6,0.3,0.0,-8.4504,True,fuzzy_logic_fixed_snr,11.9472,0.308
135,v4,v3,40.0,10.0,0.0,1.0,0.05,0.0,24.0,False,fuzzy_logic_fixed_snr,30.1382,0.9873
135,v4,v13,40.0,10.0,30.0,1.0,0.05,0.3,19.1835,False,fuzzy_logic_fixed_snr,25.3202,0.9686
135,v4,v11,40.0,21.21,20.0,1.0,0.1061,0.2,14.9573,False,fuzzy_logic_fixed_snr,21.0967,0.9361
135,v4,v15,40.0,32.56,0.0,1.0,0.1628,0.0,15.7976,False,fuzzy_logic_fixed_snr,21.9346,0.9506
135,v4,v6,40.0,52.35,0.0,1.0,0.2617,0.0,12.498,False,fuzzy_logic_fixed_snr,18.6363,0.8965
136,v1,v7,40.0,0.0,0.0,1.0,0.0,0.0,40.0,False,fuzzy_logic_fixed_snr,46.1386,0.998
136,v1,v2,40.0,4.24,0.0,1.0,0.0212,0.0,29.9578,False,fuzzy_logic_fixed_snr,36.0949,0.9887
136,v1,v5,40.0,4.24,0.0,1.0,0.0212,0.0,29.9578,False,fuzzy_logic_fixed_snr,36.0977,0.9906
136,v1,v6,40.0,8.49,0.0,1.0,0.0424,0.0,25.1413,False,fuzzy_logic_fixed_snr,31.2803,0.9893
136,v1,v11,40.0,17.26,20.0,1.0,0.0863,0.2,16.3893,False,fuzzy_logic_fixed_snr,22.5262,0.9584
136,v2,v5,20.0,0.0,0.0,0.6,0.0,0.0,36.0,False,fuzzy_logic_fixed_snr,42.1365,0.999
136,v2,v1,20.0,4.24,0.0,0.6,0.0212,0.0,9.9578,False,fuzzy_logic_fixed_snr,16.0955,0.8203
136,v2,v6,20.0,4.24,0.0,0.6,0.0212,0.0,9.9578,False,fuzzy_logic_fixed_snr,16.0975,0.8266
136,v2,v7,20.0,4.24,0.0,0.6,0.0212,0.0,9.9578,False,fuzzy_logic_fixed_snr,16.0965,0.8297
136,v2,v11,20.0,14.0,20.0,0.6,0.07,0.2,-2.155,False,fuzzy_logic_fixed_snr,3.9811,0.1461
136,v3,v4,20.0,10.0,30.0,0.6,0.05,0.3,-0.8165,True,fuzzy_logic_fixed_snr,19.1285,0.7715
136,v3,v15,20.0,40.0,40.0,0.6,0.2,0.4,-11.2247,True,fuzzy_logic_fixed_snr,8.6729,0.209
136,v3,v8,20.0,41.11,20.0,0.6,0.2055,0.2,-9.6401,False,fuzzy_logic_fixed_snr,-3.5012,0.0992
136,v3,v13,20.0,48.37,20.0,0.6,0.2419,0.2,-10.7707,False,fuzzy_logic_fixed_snr,-4.6304,0.0973
136,v3,v11,20.0,49.09,10.0,0.6,0.2455,0.1,-9.4644,False,fuzzy_logic_fixed_snr,-3.327,0.1002
136,v4,v3,40.0,10.0,30.0,1.0,0.05,0.3,19.1835,False,fuzzy_logic_fixed_snr,25.3197,0.9736
136,v4,v15,40.0,32.56,10.0,1.0,0.1628,0.1,13.3893,False,fuzzy_logic_fixed_snr,19.5279,0.9152
136,v4,v13,40.0,40.0,10.0,1.0,0.2,0.1,11.9588,False,fuzzy_logic_fixed_snr,18.0957,0.8873
136,v4,v11,40.0,41.11,20.0,1.0,0.2055,0.2,10.3599,False,fuzzy_logic_fixed_snr,16.4968,0.8324
136,v4,v8,40.0,49.09,10.0,1.0,0.2455,0.1,10.5356,False,fuzzy_logic_fixed_snr,16.673,0.8496
137,v1,v7,40.0,0.0,0.0,1.0,0.0,0.0,40.0,False,fuzzy_logic_fixed_snr,46.1372,0.9971
137,v1,v13,40.0,0.0,0.0,1.0,0.0,0.0,40.0,False,fuzzy_logic_fixed_snr,46.1377,0.998
137,v1,v2,40.0,4.24,0.0,1.0,0.0212,0.0,29.9578,False,fuzzy_logic_fixed_snr,36.0966,0.9941
137,v1,v5,40.0,4.24,0.0,1.0,0.0212,0.0,29.9578,False,fuzzy_logic_fixed_snr,36.0954,0.9951
137,v1,v11,40.0,4.24,0.0,1.0,0.0212,0.0,29.9578,False,fuzzy_logic_fixed_snr,36.095,0.9893
137,v2,v5,20.0,0.0,0.0,0.6,0.0,0.0,36.0,False,fuzzy_logic_fixed_snr,42.1381,0.9951
137,v2,v11,20.0,0.0,0.0,0.6,0.0,0.0,36.0,False,fuzzy_logic_fixed_snr,42.1355,0.998
137,v2,v1,20.0,4.24,0.0,0.6,0.0212,0.0,9.9578,False,fuzzy_logic_fixed_snr,16.0931,0.8059
137,v2,v6,20.0,4.24,0.0,0.6,0.0212,0.0,9.9578,False,fuzzy_logic_fixed_snr,16.0934,0.8107
137,v2,v7,20.0,4.24,0.0,0.6,0.0212,0.0,9.9578,False,fuzzy_logic_fixed_snr,16.0959,0.8162
137,v3,v8,20.0,21.21,10.0,0.6,0.1061,0.1,-3.6339,False,fuzzy_logic_fixed_snr,2.5022,0.1359
137,v3,v4,20.0,38.47,30.0,0.6,0.1924,0.3,-10.1786,True,fuzzy_logic_fixed_snr,9.9785,0.2094
137,v3,v6,20.0,50.0,50.0,0.6,0.25,0.5,-13.4087,True,fuzzy_logic_fixed_snr,5.9544,0.1553
137,v3,v15,20.0,50.0,50.0,0.6,0.25,0.5,-13.4087,True,fuzzy_logic_fixed_snr,5.9588,0.1471
137,v3,v2,20.0,53.08,50.0,0.6,0.2654,0.5,-13.8247,True,fuzzy_logic_fixed_snr,5.4574,0.1313
137,v4,v6,40.0,13.42,20.0,1.0,0.0671,0.2,18.1408,False,fuzzy_logic_fixed_snr,24.2784,0.9662
137,v4,v15,40.0,13.42,20.0,1.0,0.0671,0.2,18.1408,False,fuzzy_logic_fixed_snr,24.2765,0.9672
137,v4,v2,40.0,15.3,20.0,1.0,0.0765,0.2,17.2293,False,fuzzy_logic_fixed_snr,23.3666,0.9643
137,v4,v5,40.0,15.3,20.0,1.0,0.0765,0.2,17.2293,False,fuzzy_logic_fixed_snr,23.3682,0.9592
137,v4,v11,40.0,15.3,20.0,1.0,0.0765,0.2,17.2293,False,fuzzy_logic_fixed_snr,23.3663,0.9637
138,v1,v4,40.0,0.0,0.0,1.0,0.0,0.0,40.0,False,fuzzy_logic_fixed_snr,46.1381,0.999
138,v1,v7,40.0,0.0,0.0,1.0,0.0,0.0,40.0,False,fuzzy_logic_fixed_snr,46.1357,0.999
138,v1,v13,40.0,0.0,0.0,1.0,0.0,0.0,40.0,False,fuzzy_logic_fixed_snr,46.1374,1.0
138,v1,v2,40.0,4.24,0.0,1.0,0.0212,0.0,29.9578,False,fuzzy_logic_fixed_snr,36.0964,0.9922
138,v1,v5,40.0,4.24,0.0,1.0,0.0212,0.0,29.9578,False,fuzzy_logic_fixed_snr,36.0967,0.9941
138,v2,v5,20.0,0.0,0.0,0.6,0.0,0.0,36.0,False,fuzzy_logic_fixed_snr,42.1394,0.9951
138,v2,v11,20.0,0.0,0.0,0.6,0.0,0.0,36.0,False,fuzzy_logic_fixed_snr,42.136,0.9971
138,v2,v1,20.0,4.24,0.0,0.6,0.0212,0.0,9.9578,False,fuzzy_logic_fixed_snr,16.094,0.826
138,v2,v3,20.0,4.24,0.0,0.6,0.0212,0.0,9.9578,False,fuzzy_logic_fixed_snr,16.0945,0.8193
138,v2,v4,20.0,4.24,0.0,0.6,0.0212,0.0,9.9578,False,fuzzy_logic_fixed_snr,16.0961,0.8047
138,v3,v6,20.0,0.0,0.0,0.6,0.0,0.0,36.0,False,fuzzy_logic_fixed_snr,42.1378,0.9955
138,v3,v15,20.0,0.0,0.0,0.6,0.0,0.0,36.0,False,fuzzy_logic_fixed_snr,42.1409,0.998
138,v3,v2,20.0,4.24,0.0,0.6,0.0212,0.0,9.9578,False,fuzzy_logic_fixed_snr,16.0974,0.8189
138,v3,v5,20.0,4.24,0.0,0.6,0.0212,0.0,9.9578,False,fuzzy_logic_fixed_snr,16.0943,0.8227
138,v3,v11,20.0,4.24,0.0,0.6,0.0212,0.0,9.9578,False,fuzzy_logic_fixed_snr,16.0986,0.8248
138,v4,v1,40.0,0.0,0.0,1.0,0.0,0.0,40.0,False,fuzzy_logic_fixed_snr,46.137,0.9951
138,v4,v7,40.0,0.0,0.0,1.0,0.0,0.0,40.0,False,fuzzy_logic_fixed_snr,46.1385,0.999
138,v4,v13,40.0,0.0,0.0,1.0,0.0,0.0,40.0,False,fuzzy_logic_fixed_snr,46.138,0.998
138,v4,v2,40.0,4.24,0.0,1.0,0.0212,0.0,29.9578,False,fuzzy_logic_fixed_snr,36.0949,0.9932
138,v4,v5,40.0,4.24,0.0,1.0,0.0212,0.0,29.9578,False,fuzzy_logic_fixed_snr,36.0968,0.9941
139,v1,v4,40.0,0.0,0.0,1.0,0.0,0.0,40.0,False,fuzzy_logic_fixed_snr,46.1367,0.998
139,v1,v7,40.0,0.0,0.0,1.0,0.0,0.0,40.0,False,fuzzy_logic_fixed_snr,46.1361,0.998
139,v1,v13,40.0,0.0,0.0,1.0,0.0,0.0,40.0,False,fuzzy_logic_fixed_snr,46.1376,0.9971
139,v1,v2,40.0,4.24,0.0,1.0,0.0212,0.0,29.9578,False,fuzzy_logic_fixed_snr,36.0963,0.9932
139,v1,v5,40.0,4.24,0.0,1.0,0.0212,0.0,29.9578,False,fuzzy_logic_fixed_snr,36.0953,0.9922
139,v2,v5,20.0,0.0,0.0,0.6,0.0,0.0,36.0,False,fuzzy_logic_fixed_snr,42.1393,0.998
139,v2,v8,20.0,0.0,0.0,0.6,0.0,0.0,36.0,False,fuzzy_logic_fixed_snr,42.1397,0.998
139,v2,v11,20.0,0.0,0.0,0.6,0.0,0.0,36.0,False,fuzzy_logic_fixed_snr,42.1344,0.998
139,v2,v1,20.0,4.24,0.0,0.6,0.0212,0.0,9.9578,False,fuzzy_logic_fixed_snr,16.093,0.8221
139,v2,v3,20.0,4.24,0.0,0.6,0.0212,0.0,9.9578,False,fuzzy_logic_fixed_snr,16.0944,0.8266
139,v3,v6,20.0,0.0,0.0,0.6,0.0,0.0,36.0,False,fuzzy_logic_fixed_snr,42.1365,0.9951
139,v3,v15,20.0,0.0,0.0,0.6,0.0,0.0,36.0,False,fuzzy_logic_fixed_snr,42.1381,0.9951
139,v3,v2,20.0,4.24,0.0,0.6,0.0212,0.0,9.9578,False,fuzzy_logic_fixed_snr,16.0963,0.8199
139,v3,v5,20.0,4.24,0.0,0.6,0.0212,0.0,9.9578,False,fuzzy_logic_fixed_snr,16.0934,0.8215
139,v3,v8,20.0,4.24,0.0,0.6,0.0212,0.0,9.9578,False,fuzzy_logic_fixed_snr,16.096,0.8279
139,v4,v1,40.0,0.0,0.0,1.0,0.0,0.0,40.0,False,fuzzy_logic_fixed_snr,46.1383,0.998
139,v4,v7,40.0,0.0,0.0,1.0,0.0,0.0,40.0,False,fuzzy_logic_fixed_snr,46.138,0.999
139,v4,v13,40.0,0.0,0.0,1.0,0.0,0.0,40.0,False,fuzzy_logic_fixed_snr,46.1405,1.0
139,v4,v2,40.0,4.24,0.0,1.0,0.0212,0.0,29.9578,False,fuzzy_logic_fixed_snr,36.094,0.9922
139,v4,v5,40.0,4.24,0.0,1.0,0.0212,0.0,29.9578,False,fuzzy_logic_fixed_snr,36.0944,0.9922
140,v1,v4,40.0,0.0,0.0,1.0,0.0,0.0,40.0,False,fuzzy_logic_fixed_snr,46.1397,1.0
140,v1,v7,40.0,0.0,0.0,1.0,0.0,0.0,40.0,False,fuzzy_logic_fixed_snr,46.1374,0.999
140,v1,v13,40.0,0.0,0.0,1.0,0.0,0.0,40.0,False,fuzzy_logic_fixed_snr,46.139,0.9971
140,v1,v2,40.0,4.24,0.0,1.0,0.0212,0.0,29.9578,False,fuzzy_logic_fixed_snr,36.0963,0.9951
140,v1,v5,40.0,4.24,0.0,1.0,0.0212,0.0,29.9578,False,fuzzy_logic_fixed_snr,36.095,0.9887
140,v2,v5,20.0,0.0,0.0,0.6,0.0,0.0,36.0,False,fuzzy_logic_fixed_snr,42.1369,0.9951
140,v2,v8,20.0,0.0,0.0,0.6,0.0,0.0,36.0,False,fuzzy_logic_fixed_snr,42.137,0.998
140,v2,v11,20.0,0.0,0.0,0.6,0.0,0.0,36.0,False,fuzzy_logic_fixed_snr,42.1372,0.9961
140,v2,v1,20.0,4.24,0.0,0.6,0.0212,0.0,9.9578,False,fuzzy_logic_fixed_snr,16.0955,0.8137
140,v2,v3,20.0,4.24,0.0,0.6,0.0212,0.0,9.9578,False,fuzzy_logic_fixed_snr,16.0949,0.8215
140,v3,v6,20.0,0.0,0.0,0.6,0.0,0.0,36.0,False,fuzzy_logic_fixed_snr,42.1384,0.9955
140,v3,v15,20.0,0.0,0.0,0.6,0.0,0.0,36.0,False,fuzzy_logic_fixed_snr,42.1381,0.9961
140,v3,v2,20.0,4.24,0.0,0.6,0.0212,0.0,9.9578,False,fuzzy_logic_fixed_snr,16.0946,0.8125
140,v3,v5,20.0,4.24,0.0,0.6,0.0212,0.0,9.9578,False,fuzzy_logic_fixed_snr,16.0942,0.8162
140,v3,v8,20.0,4.24,0.0,0.6,0.0212,0.0,9.9578,False,fuzzy_logic_fixed_snr,16.0943,0.8234
140,v4,v1,40.0,0.0,0.0,1.0,0.0,0.0,40.0,False,fuzzy_logic_fixed_snr,46.1385,0.999
140,v4,v7,40.0,0.0,0.0,1.0,0.0,0.0,40.0,False,fuzzy_logic_fixed_snr,46.1378,0.9961
140,v4,v13,40.0,0.0,0.0,1.0,0.0,0.0,40.0,False,fuzzy_logic_fixed_snr,46.1384,0.998
140,v4,v2,40.0,4.24,0.0,1.0,0.0212,0.0,29.9578,False,fuzzy_logic_fixed_snr,36.0965,0.9932
140,v4,v5,40.0,4.24,0.0,1.0,0.0212,0.0,29.9578,False,fuzzy_logic_fixed_snr,36.0952,0.9922
10,v1,v2,40.0,23.19,20.0,1.0,0.116,0.2,14.3368,False,fuzzy_logic_dynamic_snr,20.4737,0.9303
10,v1,v3,40.0,74.24,20.0,1.0,0.3712,0.2,6.2526,False,fuzzy_logic_dynamic_snr,12.3905,0.5732
10,v1,v5,40.0,107.04,20.0,1.0,0.5352,0.2,3.7102,False,fuzzy_logic_dynamic_snr,9.8467,0.3561
10,v1,v4,40.0,130.0,10.0,1.0,0.65,0.1,3.7687,False,fuzzy_logic_dynamic_snr,9.9072,0.3645
10,v1,v7,40.0,180.0,10.0,1.0,0.9,0.1,1.5074,True,fuzzy_logic_dynamic_snr,21.032,0.852
10,v2,v1,20.0,23.19,20.0,0.6,0.116,0.2,-5.6632,False,fuzzy_logic_dynamic_snr,0.4758,0.1217
10,v2,v3,20.0,97.05,40.0,0.6,0.4852,0.4,-17.3834,True,fuzzy_logic_dynamic_snr,10.8489,0.2621
10,v2,v5,20.0,130.0,40.0,0.6,0.65,0.4,-19.4149,True,fuzzy_logic_dynamic_snr,9.4153,0.2039
10,v2,v4,20.0,153.03,10.0,0.6,0.7651,0.1,-17.3646,True,fuzzy_logic_dynamic_snr,10.8208,0.2846
10,v3,v5,20.0,33.14,0.0,0.6,0.1657,0.0,-4.3248,False,fuzzy_logic_dynamic_snr,1.8121,0.1344
10,v3,v4,20.0,56.32,30.0,0.6,0.2816,0.3,-12.8271,True,fuzzy_logic_dynamic_snr,13.9198,0.4473
10,v3,v1,20.0,74.24,20.0,0.6,0.3712,0.2,-13.7474,True,fuzzy_logic_dynamic_snr,13.3095,0.4049
10,v3,v2,20.0,97.05,40.0,0.6,0.4852,0.4,-17.3834,True,fuzzy_logic_dynamic_snr,10.7992,0.267
10,v3,v7,20.0,106.17,30.0,0.6,0.5308,0.3,-17.2325,True,fuzzy_logic_dynamic_snr,10.9362,0.267
10,v4,v5,40.0,23.19,30.0,1.0,0.116,0.3,13.3373,False,fuzzy_logic_dynamic_snr,19.4751,0.9217
10,v4,v7,40.0,50.0,0.0,1.0,0.25,0.0,12.8165,False,fuzzy_logic_dynamic_snr,18.9528,0.9059
10,v4,v6,40.0,54.33,0.0,1.0,0.2717,0.0,12.2391,False,fuzzy_logic_dynamic_snr,18.3763,0.8887
10,v4,v3,40.0,56.32,30.0,1.0,0.2816,0.3,7.1729,False,fuzzy_logic_dynamic_snr,13.3097,0.6484
10,v4,v8,40.0,77.06,20.0,1.0,0.3853,0.2,5.9939,False,fuzzy_logic_dynamic_snr,12.131,0.5432
11,v1,v2,40.0,4.24,10.0,1.0,0.0212,0.1,27.5496,False,fuzzy_logic_dynamic_snr,33.6888,0.9873
11,v1,v3,40.0,54.33,10.0,1.0,0.2717,0.1,9.8308,False,fuzzy_logic_dynamic_snr,15.9675,0.815
11,v1,v5,40.0,87.05,10.0,1.0,0.4353,0.1,6.5553,False,fuzzy_logic_dynamic_snr,12.6959,0.6043
11,v1,v4,40.0,140.0,0.0,1.0,0.7,0.0,5.662,False,fuzzy_logic_dynamic_snr,11.7985,0.5248
11,v1,v7,40.0,190.0,20.0,1.0,0.95,0.2,-0.277,True,fuzzy_logic_dynamic_snr,20.4846,0.823
11,v2,v1,20.0,4.24,10.0,0.6,0.0212,0.1,7.5496,False,fuzzy_logic_dynamic_snr,13.6866,0.6893
11,v2,v3,20.0,57.08,20.0,0.6,0.2854,0.2,-11.9206,True,fuzzy_logic_dynamic_snr,14.5623,0.4719
11,v2,v5,20.0,90.0,20.0,0.6,0.45,0.2,-15.0849,True,fuzzy_logic_dynamic_snr,12.4221,0.3445
11,v2,v4,20.0,143.03,10.0,0.6,0.7152,0.1,-16.8951,True,fuzzy_logic_dynamic_snr,11.1397,0.2643
11,v2,v7,20.0,193.02,10.0,0.6,0.9651,0.1,-18.978,True,fuzzy_logic_dynamic_snr,9.7102,0.2152
11,v3,v5,20.0,33.14,0.0,0.6,0.1657,0.0,-4.3248,False,fuzzy_logic_dynamic_snr,1.8124,0.1334
11,v3,v1,20.0,54.33,10.0,0.6,0.2717,0.1,-10.1692,False,fuzzy_logic_dynamic_snr,-4.0323,0.0977
11,v3,v2,20.0,57.08,20.0,0.6,0.2854,0.2,-11.9206,True,fuzzy_logic_dynamic_snr,14.5628,0.501
11,v3,v4,20.0,86.21,10.0,0.6,0.431,0.1,-13.3771,True,fuzzy_logic_dynamic_snr,13.5788,0.407
11,v3,v7,20.0,136.13,30.0,0.6,0.6807,0.3,-18.9599,True,fuzzy_logic_dynamic_snr,9.7174,0.2217
11,v4,v7,40.0,50.0,20.0,1.0,0.25,0.2,8.9995,False,fuzzy_logic_dynamic_snr,15.1383,0.765
11,v4,v5,40.0,53.08,10.0,1.0,0.2654,0.1,9.9922,False,fuzzy_logic_dynamic_snr,16.1291,0.834
11,v4,v6,40.0,54.33,10.0,1.0,0.2717,0.1,9.8308,False,fuzzy_logic_dynamic_snr,15.9695,0.8254
11,v4,v8,40.0,57.08,10.0,1.0,0.2854,0.1,9.4882,False,fuzzy_logic_dynamic_snr,15.6261,0.8076
11,v4,v3,40.0,86.21,10.0,1.0,0.431,0.1,6.6229,False,fuzzy_logic_dynamic_snr,12.7597,0.6074
12,v1,v2,40.0,13.34,20.0,1.0,0.0667,0.2,18.1797,False,fuzzy_logic_dynamic_snr,24.3157,0.9643
12,v1,v3,40.0,64.28,20.0,1.0,0.3214,0.2,7.2537,False,fuzzy_logic_dynamic_snr,13.3918,0.6568
12,v1,v5,40.0,97.05,0.0,1.0,0.4852,0.0,8.2083,False,fuzzy_logic_dynamic_snr,14.3446,0.7305
12,v1,v4,40.0,140.0,20.0,1.0,0.7,0.2,1.845,False,fuzzy_logic_dynamic_snr,7.9821,0.2514
12,v1,v7,40.0,170.0,0.0,1.0,0.85,0.0,4.3128,True,fuzzy_logic_dynamic_snr,21.6097,0.885
12,v2,v1,20.0,13.34,20.0,0.6,0.0667,0.2,-1.8203,False,fuzzy_logic_dynamic_snr,4.316,0.1561
12,v2,v3,20.0,77.06,0.0,0.6,0.3853,0.0,-10.1891,True,fuzzy_logic_dynamic_snr,15.6327,0.5504
12,v2,v5,20.0,110.0,20.0,0.6,0.55,0.2,-16.4793,True,fuzzy_logic_dynamic_snr,11.4522,0.2799
12,v2,v4,20.0,153.03,0.0,0.6,0.7651,0.0,-14.9564,True,fuzzy_logic_dynamic_snr,12.5161,0.36
12,v2,v7,20.0,183.02,20.0,0.6,0.9151,0.2,-20.0171,True,fuzzy_logic_dynamic_snr,8.9629,0.1828
12,v3,v5,20.0,33.14,20.0,0.6,0.1657,0.2,-8.1418,False,fuzzy_logic_dynamic_snr,-2.0033,0.1061
12,v3,v1,20.0,64.28,20.0,0.6,0.3214,0.2,-12.7463,True,fuzzy_logic_dynamic_snr,14.0091,0.4453
12,v3,v4,20.0,76.24,0.0,0.6,0.3812,0.0,-10.1146,True,fuzzy_logic_dynamic_snr,15.6665,0.5887
12,v3,v2,20.0,77.06,0.0,0.6,0.3853,0.0,-10.1891,True,fuzzy_logic_dynamic_snr,15.6367,0.5488
12,v3,v7,20.0,106.17,20.0,0.6,0.5308,0.2,-16.233,True,fuzzy_logic_dynamic_snr,11.6294,0.3127
12,v4,v7,40.0,30.0,20.0,1.0,0.15,0.2,12.5491,False,fuzzy_logic_dynamic_snr,18.6874,0.9
12,v4,v5,40.0,43.1,20.0,1.0,0.2155,0.2,10.0307,False,fuzzy_logic_dynamic_snr,16.1703,0.8197
12,v4,v6,40.0,44.41,10.0,1.0,0.222,0.1,11.2325,False,fuzzy_logic_dynamic_snr,17.3711,0.8646
12,v4,v8,40.0,47.1,20.0,1.0,0.2355,0.2,9.4153,False,fuzzy_logic_dynamic_snr,15.5538,0.8037
12,v4,v3,40.0,76.24,0.0,1.0,0.3812,0.0,9.8854,False,fuzzy_logic_dynamic_snr,16.0221,0.818
13,v1,v2,40.0,33.14,10.0,1.0,0.1657,0.1,13.2669,False,fuzzy_logic_dynamic_snr,19.4059,0.9113
13,v1,v3,40.0,44.41,20.0,1.0,0.222,0.2,9.8238,False,fuzzy_logic_dynamic_snr,15.9601,0.8229
13,v1,v5,40.0,97.05,30.0,1.0,0.4852,0.3,3.3919,False,fuzzy_logic_dynamic_snr,9.5298,0.3354
13,v1,v4,40.0,120.0,30.0,1.0,0.6,0.3,1.9166,False,fuzzy_logic_dynamic_snr,8.0568,0.259
13,v1,v7,40.0,170.0,10.0,1.0,0.85,0.1,1.9046,True,fuzzy_logic_dynamic_snr,21.1169,0.8568
13,v2,v1,20.0,33.14,10.0,0.6,0.1657,0.1,-6.7331,False,fuzzy_logic_dynamic_snr,-0.5957,0.1232
13,v2,v3,20.0,77.06,10.0,0.6,0.3853,0.1,-12.5974,True,fuzzy_logic_dynamic_snr,14.1211,0.4461
13,v2,v5,20.0,130.0,20.0,0.6,0.65,0.2,-17.6401,True,fuzzy_logic_dynamic_snr,10.6119,0.2684
13,v2,v4,20.0,153.03,20.0,0.6,0.7651,0.2,-18.7734,True,fuzzy_logic_dynamic_snr,9.8317,0.2232
13,v3,v1,20.0,44.41,20.0,0.6,0.222,0.2,-10.1762,False,fuzzy_logic_dynamic_snr,-4.0401,0.1012
13,v3,v5,20.0,53.08,10.0,0.6,0.2654,0.1,-10.0078,False,fuzzy_logic_dynamic_snr,-3.8712,0.0969
13,v3,v4,20.0,76.24,10.0,0.6,0.3812,0.1,-12.5228,True,fuzzy_logic_dynamic_snr,14.1883,0.4533
13,v3,v2,20.0,77.06,10.0,0.6,0.3853,0.1,-12.5974,True,fuzzy_logic_dynamic_snr,14.1262,0.4672
13,v3,v7,20.0,126.14,10.0,0.6,0.6307,0.1,-16.022,True,fuzzy_logic_dynamic_snr,11.7776,0.3148
13,v4,v5,40.0,23.19,0.0,1.0,0.116,0.0,18.1537,False,fuzzy_logic_dynamic_snr,24.2918,0.9672
13,v4,v7,40.0,50.0,20.0,1.0,0.25,0.2,8.9995,False,fuzzy_logic_dynamic_snr,15.138,0.7758
13,v4,v6,40.0,54.33,30.0,1.0,0.2717,0.3,7.4226,False,fuzzy_logic_dynamic_snr,13.5609,0.6602
13,v4,v8,40.0,67.07,10.0,1.0,0.3353,0.1,8.3676,False,fuzzy_logic_dynamic_snr,14.5049,0.7312
13,v4,v3,40.0,76.24,10.0,1.0,0.3812,0.1,7.4772,False,fuzzy_logic_dynamic_snr,13.6182,0.6701
14,v1,v2,40.0,23.19,30.0,1.0,0.116,0.3,13.3373,False,fuzzy_logic_dynamic_snr,19.4754,0.9135
14,v1,v3,40.0,64.28,30.0,1.0,0.3214,0.3,6.2542,False,fuzzy_logic_dynamic_snr,12.3907,0.5824
14,v1,v5,40.0,127.04,30.0,1.0,0.6352,0.3,1.5207,False,fuzzy_logic_dynamic_snr,7.6581,0.2252
14,v1,v4,40.0,150.0,40.0,1.0,0.75,0.4,-0.4092,True,fuzzy_logic_dynamic_snr,20.4395,0.833
14,v1,v6,40.0,174.1,40.0,1.0,0.8705,0.4,-1.4447,True,fuzzy_logic_dynamic_snr,20.092,0.8143
14,v2,v1,20.0,23.19,30.0,0.6,0.116,0.3,-6.6627,True,fuzzy_logic_dynamic_snr,17.6919,0.7186
14,v2,v3,20.0,87.05,0.0,0.6,0.4353,0.0,-11.0364,True,fuzzy_logic_dynamic_snr,15.1263,0.5412
14,v2,v5,20.0,150.0,0.0,0.6,0.75,0.0,-14.8175,True,fuzzy_logic_dynamic_snr,12.5986,0.3576
14,v2,v4,20.0,173.03,10.0,0.6,0.8651,0.1,-18.218,True,fuzzy_logic_dynamic_snr,10.2135,0.2271
14,v2,v6,20.0,197.02,10.0,0.6,0.9851,0.1,-19.1205,True,fuzzy_logic_dynamic_snr,9.6297,0.198
14,v3,v5,20.0,63.07,0.0,0.6,0.3154,0.0,-8.7973,True,fuzzy_logic_dynamic_snr,16.4414,0.6229
14,v3,v1,20.0,64.28,30.0,0.6,0.3214,0.3,-13.7458,True,fuzzy_logic_dynamic_snr,13.3118,0.3977
14,v3,v4,20.0,86.21,10.0,0.6,0.431,0.1,-13.3771,True,fuzzy_logic_dynamic_snr,13.557,0.4199
14,v3,v2,20.0,87.05,0.0,0.6,0.4353,0.0,-11.0364,True,fuzzy_logic_dynamic_snr,15.1193,0.5188
14,v3,v6,20.0,110.0,10.0,0.6,0.55,0.1,-15.0705,True,fuzzy_logic_dynamic_snr,12.4016,0.3391
14,v4,v5,40.0,23.19,10.0,1.0,0.116,0.1,15.7455,False,fuzzy_logic_dynamic_snr,21.8854,0.9486
14,v4,v6,40.0,24.74,0.0,1.0,0.1237,0.0,17.706,False,fuzzy_logic_dynamic_snr,23.8428,0.974
14,v4,v7,40.0,30.0,20.0,1.0,0.15,0.2,12.5491,False,fuzzy_logic_dynamic_snr,18.6866,0.9039
14,v4,v8,40.0,77.06,0.0,1.0,0.3853,0.0,9.8109,False,fuzzy_logic_dynamic_snr,15.9497,0.8191
14,v4,v3,40.0,86.21,10.0,1.0,0.431,0.1,6.6229,False,fuzzy_logic_dynamic_snr,12.7603,0.6102
15,v1,v3,40.0,34.53,0.0,1.0,0.1726,0.0,15.3898,False,fuzzy_logic_dynamic_snr,21.528,0.9441
15,v1,v2,40.0,53.08,20.0,1.0,0.2654,0.2,8.5835,False,fuzzy_logic_dynamic_snr,14.7234,0.7533
15,v1,v5,40.0,97.05,10.0,1.0,0.4852,0.1,5.8001,False,fuzzy_logic_dynamic_snr,11.9382,0.5309
15,v1,v4,40.0,110.0,30.0,1.0,0.55,0.3,2.5212,False,fuzzy_logic_dynamic_snr,8.6579,0.2822
15,v1,v6,40.0,134.13,10.0,1.0,0.6707,0.1,3.5511,False,fuzzy_logic_dynamic_snr,9.6885,0.3453
15,v2,v1,20.0,53.08,20.0,0.6,0.2654,0.2,-11.4165,False,fuzzy_logic_dynamic_snr,-5.2792,0.1051
15,v2,v3,20.0,87.05,20.0,0.6,0.4353,0.2,-14.8534,True,fuzzy_logic_dynamic_snr,12.6127,0.3295
15,v2,v5,20.0,150.0,10.0,0.6,0.75,0.1,-17.2257,True,fuzzy_logic_dynamic_snr,10.939,0.2686
15,v2,v4,20.0,163.03,10.0,0.6,0.8151,0.1,-17.8044,True,fuzzy_logic_dynamic_snr,10.5392,0.233
15,v2,v6,20.0,187.02,30.0,0.6,0.9351,0.3,-21.1668,True,fuzzy_logic_dynamic_snr,8.1751,0.1629
15,v3,v1,20.0,34.53,0.0,0.6,0.1726,0.0,-4.6102,False,fuzzy_logic_dynamic_snr,1.5261,0.1301
15,v3,v5,20.0,63.07,10.0,0.6,0.3154,0.1,-11.2056,True,fuzzy_logic_dynamic_snr,15.0048,0.5342
15,v3,v4,20.0,76.24,30.0,0.6,0.3812,0.3,-14.9311,True,fuzzy_logic_dynamic_snr,12.5328,0.3553
15,v3,v2,20.0,87.05,20.0,0.6,0.4353,0.2,-14.8534,True,fuzzy_logic_dynamic_snr,12.5589,0.3623
15,v3,v6,20.0,100.0,10.0,0.6,0.5,0.1,-14.4082,True,fuzzy_logic_dynamic_snr,12.8749,0.357
15,v4,v5,40.0,13.34,20.0,1.0,0.0667,0.2,18.1797,False,fuzzy_logic_dynamic_snr,24.3164,0.9627
15,v4,v6,40.0,24.74,40.0,1.0,0.1237,0.4,12.1142,False,fuzzy_logic_dynamic_snr,18.2508,0.8883
15,v4,v7,40.0,50.0,10.0,1.0,0.25,0.1,10.4082,False,fuzzy_logic_dynamic_snr,16.5436,0.8449
15,v4,v3,40.0,76.24,30.0,1.0,0.3812,0.3,5.0689,False,fuzzy_logic_dynamic_snr,11.2072,0.4615
15,v4,v8,40.0,77.06,40.0,1.0,0.3853,0.4,4.2191,False,fuzzy_logic_dynamic_snr,10.3555,0.3965
16,v1,v2,40.0,33.14,0.0,1.0,0.1657,0.0,15.6752,False,fuzzy_logic_dynamic_snr,21.8126,0.9447
16,v1,v3,40.0,34.53,40.0,1.0,0.1726,0.4,9.798,False,fuzzy_logic_dynamic_snr,15.9359,0.8213
16,v1,v5,40.0,107.04,20.0,1.0,0.5352,0.2,3.7102,False,fuzzy_logic_dynamic_snr,9.8483,0.3592
16,v1,v6,40.0,124.15,10.0,1.0,0.6207,0.1,4.0889,False,fuzzy_logic_dynamic_snr,10.2258,0.3895
16,v1,v4,40.0,140.0,0.0,1.0,0.7,0.0,5.662,False,fuzzy_logic_dynamic_snr,11.7995,0.5326
16,v2,v1,20.0,33.14,0.0,0.6,0.1657,0.0,-4.3248,False,fuzzy_logic_dynamic_snr,1.8145,0.1346
16,v2,v3,20.0,67.07,40.0,0.6,0.3353,0.4,-14.8159,True,fuzzy_logic_dynamic_snr,12.5992,0.3529
16,v2,v5,20.0,140.0,20.0,0.6,0.7,0.2,-18.155,True,fuzzy_logic_dynamic_snr,10.2839,0.2332
16,v2,v6,20.0,157.03,10.0,0.6,0.7851,0.1,-17.5439,True,fuzzy_logic_dynamic_snr,10.7058,0.2596
16,v2,v4,20.0,173.03,0.0,0.6,0.8651,0.0,-15.8098,True,fuzzy_logic_dynamic_snr,11.9552,0.3313
16,v3,v1,20.0,34.53,40.0,0.6,0.1726,0.4,-10.202,True,fuzzy_logic_dynamic_snr,15.6561,0.567
16,v3,v2,20.0,67.07,40.0,0.6,0.3353,0.4,-14.8159,True,fuzzy_logic_dynamic_snr,12.6206,0.3559
16,v3,v5,20.0,73.06,20.0,0.6,0.3653,0.2,-13.636,True,fuzzy_logic_dynamic_snr,13.438,0.4184
16,v3,v6,20.0,90.0,30.0,0.6,0.45,0.3,-16.0844,True,fuzzy_logic_dynamic_snr,11.7732,0.308
16,v3,v4,20.0,106.17,40.0,0.6,0.5308,0.4,-18.0078,True,fuzzy_logic_dynamic_snr,10.3874,0.2303
16,v4,v6,40.0,17.09,10.0,1.0,0.0854,0.1,17.8687,False,fuzzy_logic_dynamic_snr,24.0058,0.9584
16,v4,v5,40.0,33.14,20.0,1.0,0.1657,0.2,11.8582,False,fuzzy_logic_dynamic_snr,17.9984,0.8785
16,v4,v8,40.0,37.12,40.0,1.0,0.1856,0.4,9.2942,False,fuzzy_logic_dynamic_snr,15.4322,0.7965
16,v4,v7,40.0,40.0,40.0,1.0,0.2,0.4,8.7753,False,fuzzy_logic_dynamic_snr,14.9127,0.7719
16,v4,v11,40.0,77.06,30.0,1.0,0.3853,0.3,4.9944,False,fuzzy_logic_dynamic_snr,11.1322,0.4621
17,v1,v2,40.0,33.14,40.0,1.0,0.1657,0.4,10.0834,False,fuzzy_logic_dynamic_snr,16.2213,0.8275
17,v1,v3,40.0,74.24,10.0,1.0,0.3712,0.1,7.6613,False,fuzzy_logic_dynamic_snr,13.8005,0.6859
17,v1,v5,40.0,127.04,30.0,1.0,0.6352,0.3,1.5207,False,fuzzy_logic_dynamic_snr,7.6581,0.2342
17,v1,v6,40.0,134.13,40.0,1.0,0.6707,0.4,0.3676,True,fuzzy_logic_dynamic_snr,20.7064,0.8459
17,v1,v4,40.0,140.0,10.0,1.0,0.7,0.1,3.2537,False,fuzzy_logic_dynamic_snr,9.3913,0.3393
17,v2,v1,20.0,33.14,40.0,0.6,0.1657,0.4,-9.9166,True,fuzzy_logic_dynamic_snr,15.8058,0.5775
17,v2,v3,20.0,107.04,30.0,0.6,0.5352,0.3,-17.2894,True,fuzzy_logic_dynamic_snr,10.9137,0.2584
17,v2,v5,20.0,160.0,10.0,0.6,0.8,0.1,-17.6742,True,fuzzy_logic_dynamic_snr,10.6249,0.2736
17,v2,v6,20.0,167.03,0.0,0.6,0.8351,0.0,-15.5646,True,fuzzy_logic_dynamic_snr,12.0727,0.3197
17,v2,v4,20.0,173.03,30.0,0.6,0.8651,0.3,-20.6263,True,fuzzy_logic_dynamic_snr,8.6033,0.1813
17,v3,v5,20.0,53.08,20.0,0.6,0.2654,0.2,-11.4165,False,fuzzy_logic_dynamic_snr,-5.2775,0.0992
17,v3,v6,20.0,60.0,30.0,0.6,0.3,0.3,-13.2669,True,fuzzy_logic_dynamic_snr,13.6533,0.4477
17,v3,v4,20.0,66.27,0.0,0.6,0.3314,0.0,-9.1413,True,fuzzy_logic_dynamic_snr,16.2604,0.5965
17,v3,v1,20.0,74.24,10.0,0.6,0.3712,0.1,-12.3387,True,fuzzy_logic_dynamic_snr,14.2559,0.4428
17,v3,v2,20.0,107.04,30.0,0.6,0.5352,0.3,-17.2894,True,fuzzy_logic_dynamic_snr,10.8864,0.2732
17,v4,v6,40.0,8.49,30.0,1.0,0.0424,0.3,20.3249,False,fuzzy_logic_dynamic_snr,26.4615,0.9711
17,v4,v5,40.0,13.34,20.0,1.0,0.0667,0.2,18.1797,False,fuzzy_logic_dynamic_snr,24.3167,0.9682
17,v4,v3,40.0,66.27,0.0,1.0,0.3314,0.0,10.8587,False,fuzzy_logic_dynamic_snr,16.9982,0.8523
17,v4,v8,40.0,77.06,10.0,1.0,0.3853,0.1,7.4026,False,fuzzy_logic_dynamic_snr,13.5428,0.6789
17,v4,v7,40.0,80.0,0.0,1.0,0.4,0.0,9.5506,False,fuzzy_logic_dynamic_snr,15.6876,0.7996
18,v1,v3,40.0,64.28,40.0,1.0,0.3214,0.4,5.479,False,fuzzy_logic_dynamic_snr,11.6163,0.5031
18,v1,v2,40.0,73.06,10.0,1.0,0.3653,0.1,7.7727,False,fuzzy_logic_dynamic_snr,13.9103,0.6912
18,v1,v6,40.0,94.19,40.0,1.0,0.471,0.4,2.8241,False,fuzzy_logic_dynamic_snr,8.9628,0.2887
18,v1,v5,40.0,97.05,30.0,1.0,0.4852,0.3,3.3919,False,fuzzy_logic_dynamic_snr,9.5315,0.3359
18,v1,v4,40.0,130.0,30.0,1.0,0.65,0.3,1.3604,False,fuzzy_logic_dynamic_snr,7.498,0.2215
18,v2,v1,20.0,73.06,10.0,0.6,0.3653,0.1,-12.2273,True,fuzzy_logic_dynamic_snr,14.3523,0.4617
18,v2,v3,20.0,137.03,30.0,0.6,0.6852,0.3,-19.0057,True,fuzzy_logic_dynamic_snr,9.6674,0.2234
18,v2,v6,20.0,167.03,30.0,0.6,0.8351,0.3,-20.3811,True,fuzzy_logic_dynamic_snr,8.6882,0.1875
18,v2,v5,20.0,170.0,20.0,0.6,0.85,0.2,-19.5042,True,fuzzy_logic_dynamic_snr,9.367,0.1945
18,v3,v6,20.0,30.0,0.0,0.6,0.15,0.0,-3.6339,False,fuzzy_logic_dynamic_snr,2.5049,0.1408
18,v3,v5,20.0,33.14,10.0,0.6,0.1657,0.1,-6.7331,False,fuzzy_logic_dynamic_snr,-0.5954,0.108
18,v3,v1,20.0,64.28,40.0,0.6,0.3214,0.4,-14.521,True,fuzzy_logic_dynamic_snr,12.7906,0.374
18,v3,v4,20.0,66.27,10.0,0.6,0.3314,0.1,-11.5495,True,fuzzy_logic_dynamic_snr,14.7963,0.5178
18,v3,v8,20.0,133.03,0.0,0.6,0.6652,0.0,-13.9834,True,fuzzy_logic_dynamic_snr,13.1983,0.4131
18,v4,v5,40.0,33.14,0.0,1.0,0.1657,0.0,15.6752,False,fuzzy_logic_dynamic_snr,21.8123,0.9441
18,v4,v6,40.0,36.5,10.0,1.0,0.1825,0.1,12.5957,False,fuzzy_logic_dynamic_snr,18.7352,0.9053
18,v4,v3,40.0,66.27,10.0,1.0,0.3314,0.1,8.4505,False,fuzzy_logic_dynamic_snr,14.5885,0.7535
18,v4,v8,40.0,67.07,10.0,1.0,0.3353,0.1,8.3676,False,fuzzy_logic_dynamic_snr,14.5058,0.7541
18,v4,v7,40.0,80.0,10.0,1.0,0.4,0.1,7.1423,False,fuzzy_logic_dynamic_snr,13.2785,0.641
19,v1,v2,40.0,63.07,20.0,1.0,0.3154,0.2,7.3857,False,fuzzy_logic_dynamic_snr,13.5228,0.6637
19,v1,v3,40.0,104.17,20.0,1.0,0.5209,0.2,3.899,False,fuzzy_logic_dynamic_snr,10.038,0.3904
19,v1,v5,40.0,127.04,0.0,1.0,0.6352,0.0,6.3372,False,fuzzy_logic_dynamic_snr,12.4764,0.5869
19,v1,v6,40.0,134.13,10.0,1.0,0.6707,0.1,3.5511,False,fuzzy_logic_dynamic_snr,9.6887,0.3514
19,v1,v4,40.0,160.0,10.0,1.0,0.8,0.1,2.3258,True,fuzzy_logic_dynamic_snr,21.2211,0.8693
19,v2,v1,20.0,63.07,20.0,0.6,0.3154,0.2,-12.6143,True,fuzzy_logic_dynamic_snr,14.0839,0.4592
19,v2,v3,20.0,167.03,40.0,0.6,0.8351,0.4,-21.1563,True,fuzzy_logic_dynamic_snr,8.2229,0.1893
19,v2,v5,20.0,190.0,20.0,0.6,0.95,0.2,-20.277,True,fuzzy_logic_dynamic_snr,8.8137,0.2002
19,v2,v6,20.0,197.02,30.0,0.6,0.9851,0.3,-21.5287,True,fuzzy_logic_dynamic_snr,7.958,0.1602
19,v3,v5,20.0,23.19,20.0,0.6,0.116,0.2,-5.6632,False,fuzzy_logic_dynamic_snr,0.4763,0.1275
19,v3,v6,20.0,30.0,10.0,0.6,0.15,0.1,-6.0422,False,fuzzy_logic_dynamic_snr,0.0946,0.1158
19,v3,v4,20.0,56.32,30.0,0.6,0.2816,0.3,-12.8271,True,fuzzy_logic_dynamic_snr,13.9455,0.4428
19,v3,v1,20.0,104.17,20.0,0.6,0.5209,0.2,-16.101,True,fuzzy_logic_dynamic_snr,11.7582,0.3127
19,v3,v7,20.0,126.14,30.0,0.6,0.6307,0.3,-18.4303,True,fuzzy_logic_dynamic_snr,10.1038,0.2262
19,v4,v6,40.0,26.68,20.0,1.0,0.1334,0.2,13.3632,False,fuzzy_logic_dynamic_snr,19.4993,0.916
19,v4,v5,40.0,33.14,10.0,1.0,0.1657,0.1,13.2669,False,fuzzy_logic_dynamic_snr,19.4028,0.9104
19,v4,v3,40.0,56.32,30.0,1.0,0.2816,0.3,7.1729,False,fuzzy_logic_dynamic_snr,13.3125,0.6545
19,v4,v7,40.0,70.0,0.0,1.0,0.35,0.0,10.4784,False,fuzzy_logic_dynamic_snr,16.6153,0.8391
19,v4,v8,40.0,77.06,30.0,1.0,0.3853,0.3,4.9944,False,fuzzy_logic_dynamic_snr,11.1342,0.4557
20,v1,v2,40.0,43.1,0.0,1.0,0.2155,0.0,13.8476,False,fuzzy_logic_dynamic_snr,19.9846,0.9215
20,v1,v3,40.0,84.21,0.0,1.0,0.4211,0.0,9.1939,False,fuzzy_logic_dynamic_snr,15.3324,0.7937
20,v1,v6,40.0,124.15,30.0,1.0,0.6207,0.3,1.6806,False,fuzzy_logic_dynamic_snr,7.8181,0.2277
20,v1,v5,40.0,127.04,30.0,1.0,0.6352,0.3,1.5207,False,fuzzy_logic_dynamic_snr,7.6591,0.2316
20,v1,v4,40.0,170.0,30.0,1.0,0.85,0.3,-0.5037,True,fuzzy_logic_dynamic_snr,20.4305,0.8529
20,v2,v1,20.0,43.1,0.0,0.6,0.2155,0.0,-6.1524,False,fuzzy_logic_dynamic_snr,-0.0144,0.1158
20,v2,v3,20.0,127.04,0.0,0.6,0.6352,0.0,-13.6628,True,fuzzy_logic_dynamic_snr,13.3989,0.3828
20,v2,v6,20.0,167.03,30.0,0.6,0.8351,0.3,-20.3811,True,fuzzy_logic_dynamic_snr,8.7399,0.1846
20,v2,v5,20.0,170.0,30.0,0.6,0.85,0.3,-20.5037,True,fuzzy_logic_dynamic_snr,8.6883,0.1816
20,v3,v6,20.0,40.0,30.0,0.6,0.2,0.3,-10.4494,True,fuzzy_logic_dynamic_snr,15.4833,0.534
20,v3,v5,20.0,43.1,30.0,0.6,0.2155,0.3,-10.9688,True,fuzzy_logic_dynamic_snr,15.1534,0.5273
20,v3,v1,20.0,84.21,0.0,0.6,0.4211,0.0,-10.8061,True,fuzzy_logic_dynamic_snr,15.2388,0.5471
20,v3,v4,20.0,86.21,30.0,0.6,0.431,0.3,-15.7853,True,fuzzy_logic_dynamic_snr,11.9599,0.3211
20,v3,v2,20.0,127.04,0.0,0.6,0.6352,0.0,-13.6628,True,fuzzy_logic_dynamic_snr,13.4238,0.3848
20,v4,v5,40.0,43.1,0.0,1.0,0.2155,0.0,13.8476,False,fuzzy_logic_dynamic_snr,19.9816,0.9205
20,v4,v6,40.0,46.39,0.0,1.0,0.2319,0.0,13.3373,False,fuzzy_logic_dynamic_snr,19.4743,0.9176
20,v4,v8,40.0,47.1,20.0,1.0,0.2355,0.2,9.4153,False,fuzzy_logic_dynamic_snr,15.5529,0.7889
20,v4,v11,40.0,57.08,10.0,1.0,0.2854,0.1,9.4882,False,fuzzy_logic_dynamic_snr,15.6247,0.7939
20,v4,v7,40.0,70.0,30.0,1.0,0.35,0.3,5.662,False,fuzzy_logic_dynamic_snr,11.8008,0.5166
21,v1,v2,40.0,43.1,30.0,1.0,0.2155,0.3,9.0312,False,fuzzy_logic_dynamic_snr,15.168,0.7785
21,v1,v3,40.0,84.21,40.0,1.0,0.4211,0.4,3.6021,False,fuzzy_logic_dynamic_snr,9.7392,0.3424
21,v1,v6,40.0,154.12,40.0,1.0,0.7706,0.4,-0.5974,True,fuzzy_logic_dynamic_snr,20.3878,0.8441
21,v1,v5,40.0,157.03,0.0,1.0,0.7851,0.0,4.8643,True,fuzzy_logic_dynamic_snr,21.7161,0.877
21,v1,v4,40.0,200.0,0.0,1.0,1.0,0.0,3.1835,True,fuzzy_logic_dynamic_snr,21.4133,0.8607
21,v2,v1,20.0,43.1,30.0,0.6,0.2155,0.3,-10.9688,True,fuzzy_logic_dynamic_snr,15.192,0.5426
21,v2,v3,20.0,127.04,10.0,0.6,0.6352,0.1,-16.071,True,fuzzy_logic_dynamic_snr,11.7482,0.3082
21,v2,v6,20.0,197.02,10.0,0.6,0.9851,0.1,-19.1205,True,fuzzy_logic_dynamic_snr,9.6226,0.1912
21,v2,v5,20.0,200.0,30.0,0.6,1.0,0.3,-21.633,True,fuzzy_logic_dynamic_snr,7.8977,0.1848
21,v3,v6,20.0,70.0,0.0,0.6,0.35,0.0,-9.5216,True,fuzzy_logic_dynamic_snr,16.0431,0.6045
21,v3,v5,20.0,73.06,40.0,0.6,0.3653,0.4,-15.4108,True,fuzzy_logic_dynamic_snr,12.1802,0.3223
21,v3,v1,20.0,84.21,40.0,0.6,0.4211,0.4,-16.3979,True,fuzzy_logic_dynamic_snr,11.5224,0.2957
21,v3,v4,20.0,116.16,40.0,0.6,0.5808,0.4,-18.6324,True,fuzzy_logic_dynamic_snr,9.9932,0.2398
21,v3,v2,20.0,127.04,10.0,0.6,0.6352,0.1,-16.071,True,fuzzy_logic_dynamic_snr,11.7124,0.3043
21,v4,v8,40.0,27.17,0.0,1.0,0.1358,0.0,17.0555,False,fuzzy_logic_dynamic_snr,23.1936,0.9623
21,v4,v7,40.0,40.0,0.0,1.0,0.2,0.0,14.367,False,fuzzy_logic_dynamic_snr,20.5042,0.9264
21,v4,v5,40.0,43.1,0.0,1.0,0.2155,0.0,13.8476,False,fuzzy_logic_dynamic_snr,19.9849,0.9162
21,v4,v6,40.0,46.39,40.0,1.0,0.2319,0.4,7.7455,False,fuzzy_logic_dynamic_snr,13.8854,0.6859
21,v4,v11,40.0,47.1,30.0,1.0,0.2355,0.3,8.4158,False,fuzzy_logic_dynamic_snr,14.5543,0.7299
22,v1,v3,40.0,44.41,0.0,1.0,0.222,0.0,13.6407,False,fuzzy_logic_dynamic_snr,19.7784,0.9191
22,v1,v2,40.0,73.06,10.0,1.0,0.3653,0.1,7.7727,False,fuzzy_logic_dynamic_snr,13.9123,0.6998
22,v1,v6,40.0,114.16,10.0,1.0,0.5708,0.1,4.6717,False,fuzzy_logic_dynamic_snr,10.8092,0.441
22,v1,v5,40.0,157.03,20.0,1.0,0.7851,0.2,1.0474,True,fuzzy_logic_dynamic_snr,20.8966,0.8588
22,v1,v4,40.0,200.0,10.0,1.0,1.0,0.1,0.7753,True,fuzzy_logic_dynamic_snr,20.8156,0.8514
22,v2,v1,20.0,73.06,10.0,0.6,0.3653,0.1,-12.2273,True,fuzzy_logic_dynamic_snr,14.329,0.4752
22,v2,v3,20.0,117.04,10.0,0.6,0.5852,0.1,-15.5015,True,fuzzy_logic_dynamic_snr,12.1211,0.3113
22,v2,v6,20.0,187.02,0.0,0.6,0.9351,0.0,-16.3504,True,fuzzy_logic_dynamic_snr,11.5355,0.284
22,v3,v1,20.0,44.41,0.0,0.6,0.222,0.0,-6.3593,False,fuzzy_logic_dynamic_snr,-0.2218,0.1227
22,v3,v6,20.0,70.0,10.0,0.6,0.35,0.1,-11.9298,True,fuzzy_logic_dynamic_snr,14.5315,0.5063
22,v3,v5,20.0,113.04,20.0,0.6,0.5652,0.2,-16.6687,True,fuzzy_logic_dynamic_snr,11.3362,0.2938
22,v3,v2,20.0,117.04,10.0,0.6,0.5852,0.1,-15.5015,True,fuzzy_logic_dynamic_snr,12.1475,0.3461
22,v3,v4,20.0,156.12,10.0,0.6,0.7806,0.1,-17.5034,True,fuzzy_logic_dynamic_snr,10.7392,0.2553
22,v4,v11,40.0,17.26,30.0,1.0,0.0863,0.3,15.3898,False,fuzzy_logic_dynamic_snr,21.5287,0.9457
22,v4,v8,40.0,27.17,20.0,1.0,0.1358,0.2,13.2386,False,fuzzy_logic_dynamic_snr,19.3766,0.9205
22,v4,v7,40.0,40.0,20.0,1.0,0.2,0.2,10.5501,False,fuzzy_logic_dynamic_snr,16.6876,0.8439
22,v4,v5,40.0,43.1,10.0,1.0,0.2155,0.1,11.4394,False,fuzzy_logic_dynamic_snr,17.5792,0.8721
22,v4,v10,40.0,70.0,20.0,1.0,0.35,0.2,6.6615,False,fuzzy_logic_dynamic_snr,12.7981,0.6014
23,v1,v3,40.0,44.41,40.0,1.0,0.222,0.4,8.049,False,fuzzy_logic_dynamic_snr,14.185,0.7127
23,v1,v2,40.0,83.05,30.0,1.0,0.4153,0.3,4.4737,False,fuzzy_logic_dynamic_snr,10.6126,0.4189
23,v1,v6,40.0,104.17,30.0,1.0,0.5209,0.3,2.8994,False,fuzzy_logic_dynamic_snr,9.0367,0.3119
23,v1,v5,40.0,137.03,40.0,1.0,0.6852,0.4,0.219,True,fuzzy_logic_dynamic_snr,20.6505,0.8359
23,v1,v4,40.0,190.0,0.0,1.0,0.95,0.0,3.5399,True,fuzzy_logic_dynamic_snr,21.4646,0.8807
23,v2,v1,20.0,83.05,30.0,0.6,0.4153,0.3,-15.5263,True,fuzzy_logic_dynamic_snr,12.165,0.323
23,v2,v3,20.0,127.04,10.0,0.6,0.6352,0.1,-16.071,True,fuzzy_logic_dynamic_snr,11.802,0.3154
23,v2,v6,20.0,187.02,0.0,0.6,0.9351,0.0,-16.3504,True,fuzzy_logic_dynamic_snr,11.5577,0.2834
23,v3,v1,20.0,44.41,40.0,0.6,0.222,0.4,-11.951,True,fuzzy_logic_dynamic_snr,14.5209,0.4887
23,v3,v6,20.0,60.0,10.0,0.6,0.3,0.1,-10.8587,True,fuzzy_logic_dynamic_snr,15.2532,0.5057
23,v3,v5,20.0,93.05,0.0,0.6,0.4652,0.0,-11.4993,True,fuzzy_logic_dynamic_snr,14.8049,0.5166
23,v3,v2,20.0,127.04,10.0,0.6,0.6352,0.1,-16.071,True,fuzzy_logic_dynamic_snr,11.7594,0.309
23,v3,v4,20.0,146.12,40.0,0.6,0.7306,0.4,-20.2273,True,fuzzy_logic_dynamic_snr,8.8591,0.1854
23,v4,v8,40.0,47.1,0.0,1.0,0.2355,0.0,13.2323,False,fuzzy_logic_dynamic_snr,19.3684,0.9225
23,v4,v11,40.0,47.1,10.0,1.0,0.2355,0.1,10.8241,False,fuzzy_logic_dynamic_snr,16.9633,0.8568
23,v4,v5,40.0,53.08,40.0,1.0,0.2654,0.4,6.8087,False,fuzzy_logic_dynamic_snr,12.9474,0.6238
23,v4,v7,40.0,60.0,40.0,1.0,0.3,0.4,5.9578,False,fuzzy_logic_dynamic_snr,12.0958,0.5609
23,v4,v12,40.0,84.21,40.0,1.0,0.4211,0.4,3.6021,False,fuzzy_logic_dynamic_snr,9.7397,0.3434
24,v1,v2,40.0,53.08,0.0,1.0,0.2654,0.0,12.4005,False,fuzzy_logic_dynamic_snr,18.5376,0.9092
24,v1,v3,40.0,84.21,0.0,1.0,0.4211,0.0,9.1939,False,fuzzy_logic_dynamic_snr,15.334,0.7773
24,v1,v6,40.0,134.13,30.0,1.0,0.6707,0.3,1.1429,False,fuzzy_logic_dynamic_snr,7.2798,0.2086
24,v1,v5,40.0,177.03,20.0,1.0,0.8851,0.2,0.2145,True,fuzzy_logic_dynamic_snr,20.663,0.833
24,v1,v4,40.0,190.0,20.0,1.0,0.95,0.2,-0.277,True,fuzzy_logic_dynamic_snr,20.5124,0.8373
24,v2,v1,20.0,53.08,0.0,0.6,0.2654,0.0,-7.5995,False,fuzzy_logic_dynamic_snr,-1.4643,0.11
24,v2,v3,20.0,137.03,0.0,0.6,0.6852,0.0,-14.1892,True,fuzzy_logic_dynamic_snr,13.0519,0.3883
24,v2,v6,20.0,187.02,30.0,0.6,0.9351,0.3,-21.1668,True,fuzzy_logic_dynamic_snr,8.2007,0.1871
24,v3,v6,20.0,50.0,30.0,0.6,0.25,0.3,-12.0,True,fuzzy_logic_dynamic_snr,14.457,0.4854
24,v3,v1,20.0,84.21,0.0,0.6,0.4211,0.0,-10.8061,True,fuzzy_logic_dynamic_snr,15.2492,0.5635
24,v3,v5,20.0,93.05,20.0,0.6,0.4652,0.2,-15.3163,True,fuzzy_logic_dynamic_snr,12.243,0.3336
24,v3,v4,20.0,106.17,20.0,0.6,0.5308,0.2,-16.233,True,fuzzy_logic_dynamic_snr,11.6322,0.3137
24,v3,v2,20.0,137.03,0.0,0.6,0.6852,0.0,-14.1892,True,fuzzy_logic_dynamic_snr,13.0523,0.375
24,v4,v5,40.0,13.34,0.0,1.0,0.0667,0.0,21.9966,False,fuzzy_logic_dynamic_snr,28.136,0.9848
24,v4,v8,40.0,47.1,10.0,1.0,0.2355,0.1,10.8241,False,fuzzy_logic_dynamic_snr,16.9637,0.8543
24,v4,v6,40.0,56.32,10.0,1.0,0.2816,0.1,9.5811,False,fuzzy_logic_dynamic_snr,15.7201,0.7959
24,v4,v11,40.0,57.08,10.0,1.0,0.2854,0.1,9.4882,False,fuzzy_logic_dynamic_snr,15.6242,0.7996
24,v4,v7,40.0,100.0,0.0,1.0,0.5,0.0,8.0,False,fuzzy_logic_dynamic_snr,14.1392,0.7129
25,v1,v2,40.0,53.08,40.0,1.0,0.2654,0.4,6.8087,False,fuzzy_logic_dynamic_snr,12.9452,0.6088
25,v1,v3,40.0,84.21,10.0,1.0,0.4211,0.1,6.7856,False,fuzzy_logic_dynamic_snr,12.9258,0.6291
25,v1,v6,40.0,164.11,10.0,1.0,0.8205,0.1,2.1496,True,fuzzy_logic_dynamic_snr,21.1763,0.8572
25,v1,v5,40.0,197.02,20.0,1.0,0.9851,0.2,-0.5292,True,fuzzy_logic_dynamic_snr,20.4201,0.8344
25,v2,v1,20.0,53.08,40.0,0.6,0.2654,0.4,-13.1913,True,fuzzy_logic_dynamic_snr,13.7032,0.4346
25,v2,v3,20.0,137.03,30.0,0.6,0.6852,0.3,-19.0057,True,fuzzy_logic_dynamic_snr,9.7009,0.2207
25,v3,v6,20.0,80.0,0.0,0.6,0.4,0.0,-10.4494,True,fuzzy_logic_dynamic_snr,15.4555,0.5744
25,v3,v1,20.0,84.21,10.0,0.6,0.4211,0.1,-13.2144,True,fuzzy_logic_dynamic_snr,13.6848,0.4119
25,v3,v5,20.0,113.04,10.0,0.6,0.5652,0.1,-15.2599,True,fuzzy_logic_dynamic_snr,12.3184,0.3227
25,v3,v4,20.0,126.14,30.0,0.6,0.6307,0.3,-18.4303,True,fuzzy_logic_dynamic_snr,10.0697,0.2291
25,v3,v2,20.0,137.03,30.0,0.6,0.6852,0.3,-19.0057,True,fuzzy_logic_dynamic_snr,9.6836,0.225
25,v4,v5,40.0,13.34,20.0,1.0,0.0667,0.2,18.1797,False,fuzzy_logic_dynamic_snr,24.3179,0.9623
25,v4,v6,40.0,46.39,30.0,1.0,0.2319,0.3,8.5208,False,fuzzy_logic_dynamic_snr,14.6604,0.7451
25,v4,v8,40.0,57.08,40.0,1.0,0.2854,0.4,6.3046,False,fuzzy_logic_dynamic_snr,12.4432,0.5715
25,v4,v11,40.0,67.07,20.0,1.0,0.3353,0.2,6.9589,False,fuzzy_logic_dynamic_snr,13.0972,0.6256
25,v4,v7,40.0,100.0,20.0,1.0,0.5,0.2,4.183,False,fuzzy_logic_dynamic_snr,10.3212,0.4109
26,v1,v3,40.0,74.24,20.0,1.0,0.3712,0.2,6.2526,False,fuzzy_logic_dynamic_snr,12.391,0.5705
26,v1,v2,40.0,93.05,10.0,1.0,0.4652,0.1,6.0924,False,fuzzy_logic_dynamic_snr,12.2284,0.5512
26,v1,v6,40.0,154.12,40.0,1.0,0.7706,0.4,-0.5974,True,fuzzy_logic_dynamic_snr,20.3793,0.8348
26,v1,v4,40.0,170.0,0.0,1.0,0.85,0.0,4.3128,True,fuzzy_logic_dynamic_snr,21.6243,0.8684
26,v1,v5,40.0,177.03,0.0,1.0,0.8851,0.0,4.0314,True,fuzzy_logic_dynamic_snr,21.5786,0.8795
26,v2,v1,20.0,93.05,10.0,0.6,0.4652,0.1,-13.9076,True,fuzzy_logic_dynamic_snr,13.2387,0.4006
26,v2,v3,20.0,167.03,10.0,0.6,0.8351,0.1,-17.9728,True,fuzzy_logic_dynamic_snr,10.4143,0.2563
26,v3,v1,20.0,74.24,20.0,0.6,0.3712,0.2,-13.7474,True,fuzzy_logic_dynamic_snr,13.3571,0.4004
26,v3,v6,20.0,80.0,20.0,0.6,0.4,0.2,-14.2664,True,fuzzy_logic_dynamic_snr,12.9713,0.3691
26,v3,v4,20.0,96.19,20.0,0.6,0.4809,0.2,-15.5469,True,fuzzy_logic_dynamic_snr,12.0681,0.3232
26,v3,v5,20.0,103.04,20.0,0.6,0.5152,0.2,-16.0253,True,fuzzy_logic_dynamic_snr,11.7953,0.3045
26,v3,v2,20.0,167.03,10.0,0.6,0.8351,0.1,-17.9728,True,fuzzy_logic_dynamic_snr,10.4599,0.2545
26,v4,v5,40.0,7.62,0.0,1.0,0.0381,0.0,25.8926,False,fuzzy_logic_dynamic_snr,32.0322,0.9848
26,v4,v6,40.0,17.09,40.0,1.0,0.0854,0.4,14.6852,False,fuzzy_logic_dynamic_snr,20.8239,0.9305
26,v4,v11,40.0,87.05,10.0,1.0,0.4353,0.1,6.5553,False,fuzzy_logic_dynamic_snr,12.69,0.5885
26,v4,v3,40.0,96.19,20.0,1.0,0.4809,0.2,4.4531,False,fuzzy_logic_dynamic_snr,10.5905,0.4203
26,v4,v8,40.0,97.05,20.0,1.0,0.4852,0.2,4.3914,False,fuzzy_logic_dynamic_snr,10.5294,0.4045
27,v1,v3,40.0,54.33,20.0,1.0,0.2717,0.2,8.4221,False,fuzzy_logic_dynamic_snr,14.5611,0.7436
27,v1,v2,40.0,103.04,20.0,1.0,0.5152,0.2,3.9747,False,fuzzy_logic_dynamic_snr,10.1137,0.3764
27,v1,v6,40.0,114.16,0.0,1.0,0.5708,0.0,7.0799,False,fuzzy_logic_dynamic_snr,13.2165,0.6504
27,v1,v4,40.0,170.0,0.0,1.0,0.85,0.0,4.3128,True,fuzzy_logic_dynamic_snr,21.6263,0.8668
27,v1,v5,40.0,177.03,10.0,1.0,0.8851,0.1,1.6232,True,fuzzy_logic_dynamic_snr,21.036,0.8447
27,v2,v1,20.0,103.04,20.0,0.6,0.5152,0.2,-16.0253,True,fuzzy_logic_dynamic_snr,11.7996,0.34
27,v2,v3,20.0,157.03,0.0,0.6,0.7851,0.0,-15.1357,True,fuzzy_logic_dynamic_snr,12.3717,0.3418
27,v3,v1,20.0,54.33,20.0,0.6,0.2717,0.2,-11.5779,False,fuzzy_logic_dynamic_snr,-5.4398,0.1021
27,v3,v6,20.0,60.0,20.0,0.6,0.3,0.2,-12.2674,True,fuzzy_logic_dynamic_snr,14.3368,0.4477
27,v3,v4,20.0,116.16,20.0,0.6,0.5808,0.2,-16.8576,True,fuzzy_logic_dynamic_snr,11.2156,0.2947
27,v3,v5,20.0,123.04,10.0,0.6,0.6152,0.1,-15.8488,True,fuzzy_logic_dynamic_snr,11.883,0.3174
27,v3,v2,20.0,157.03,0.0,0.6,0.7851,0.0,-15.1357,True,fuzzy_logic_dynamic_snr,12.3574,0.3572
27,v4,v5,40.0,7.62,10.0,1.0,0.0381,0.1,23.4843,False,fuzzy_logic_dynamic_snr,29.6212,0.9854
27,v4,v6,40.0,56.32,0.0,1.0,0.2816,0.0,11.9893,False,fuzzy_logic_dynamic_snr,18.1264,0.8936
27,v4,v8,40.0,77.06,10.0,1.0,0.3853,0.1,7.4026,False,fuzzy_logic_dynamic_snr,13.5392,0.6533
27,v4,v11,40.0,77.06,20.0,1.0,0.3853,0.2,5.9939,False,fuzzy_logic_dynamic_snr,12.134,0.5479
27,v4,v10,40.0,90.0,10.0,1.0,0.45,0.1,6.3239,False,fuzzy_logic_dynamic_snr,12.4601,0.5896
28,v1,v3,40.0,74.24,0.0,1.0,0.3712,0.0,10.0695,False,fuzzy_logic_dynamic_snr,16.2078,0.8381
28,v1,v2,40.0,83.05,20.0,1.0,0.4153,0.2,5.4732,False,fuzzy_logic_dynamic_snr,11.6114,0.5076
28,v1,v6,40.0,114.16,10.0,1.0,0.5708,0.1,4.6717,False,fuzzy_logic_dynamic_snr,10.8093,0.434
28,v1,v4,40.0,170.0,10.0,1.0,0.85,0.1,1.9046,True,fuzzy_logic_dynamic_snr,21.1243,0.8574
28,v1,v5,40.0,187.02,10.0,1.0,0.9351,0.1,1.2414,True,fuzzy_logic_dynamic_snr,20.9577,0.8494
28,v2,v1,20.0,83.05,20.0,0.6,0.4153,0.2,-14.5268,True,fuzzy_logic_dynamic_snr,12.8157,0.365
28,v2,v3,20.0,157.03,20.0,0.6,0.7851,0.2,-18.9526,True,fuzzy_logic_dynamic_snr,9.7714,0.2002
28,v2,v6,20.0,197.02,10.0,0.6,0.9851,0.1,-19.1205,True,fuzzy_logic_dynamic_snr,9.5856,0.2105
28,v3,v6,20.0,40.0,10.0,0.6,0.2,0.1,-8.0412,False,fuzzy_logic_dynamic_snr,-1.9047,0.1154
28,v3,v1,20.0,74.24,0.0,0.6,0.3712,0.0,-9.9305,True,fuzzy_logic_dynamic_snr,15.8216,0.5775
28,v3,v4,20.0,96.19,10.0,0.6,0.4809,0.1,-14.1381,True,fuzzy_logic_dynamic_snr,13.0872,0.3553
28,v3,v5,20.0,113.04,10.0,0.6,0.5652,0.1,-15.2599,True,fuzzy_logic_dynamic_snr,12.2736,0.3309
28,v3,v11,20.0,153.03,10.0,0.6,0.7651,0.1,-17.3646,True,fuzzy_logic_dynamic_snr,10.9092,0.283
28,v4,v5,40.0,17.26,20.0,1.0,0.0863,0.2,16.3893,False,fuzzy_logic_dynamic_snr,22.526,0.9594
28,v4,v6,40.0,56.32,20.0,1.0,0.2816,0.2,8.1724,False,fuzzy_logic_dynamic_snr,14.3092,0.7211
28,v4,v11,40.0,57.08,0.0,1.0,0.2854,0.0,11.8964,False,fuzzy_logic_dynamic_snr,18.0324,0.8842
28,v4,v8,40.0,67.07,20.0,1.0,0.3353,0.2,6.9589,False,fuzzy_logic_dynamic_snr,13.0963,0.6311
28,v4,v10,40.0,80.0,10.0,1.0,0.4,0.1,7.1423,False,fuzzy_logic_dynamic_snr,13.2798,0.652
29,v1,v3,40.0,74.24,20.0,1.0,0.3712,0.2,6.2526,False,fuzzy_logic_dynamic_snr,12.3883,0.5799
29,v1,v2,40.0,103.04,10.0,1.0,0.5152,0.1,5.3834,False,fuzzy_logic_dynamic_snr,11.5207,0.5053
29,v1,v6,40.0,104.17,20.0,1.0,0.5209,0.2,3.899,False,fuzzy_logic_dynamic_snr,10.0362,0.3742
29,v1,v5,40.0,177.03,10.0,1.0,0.8851,0.1,1.6232,True,fuzzy_logic_dynamic_snr,21.039,0.859
29,v1,v4,40.0,180.0,30.0,1.0,0.9,0.3,-0.9008,True,fuzzy_logic_dynamic_snr,20.2867,0.8305
29,v2,v1,20.0,103.04,10.0,0.6,0.5152,0.1,-14.6166,True,fuzzy_logic_dynamic_snr,12.745,0.3729
29,v2,v3,20.0,177.03,10.0,0.6,0.8851,0.1,-18.3768,True,fuzzy_logic_dynamic_snr,10.0703,0.2533
29,v3,v6,20.0,30.0,0.0,0.6,0.15,0.0,-3.6339,False,fuzzy_logic_dynamic_snr,2.5034,0.1408
29,v3,v1,20.0,74.24,20.0,0.6,0.3712,0.2,-13.7474,True,fuzzy_logic_dynamic_snr,13.3459,0.4029
29,v3,v5,20.0,103.04,10.0,0.6,0.5152,0.1,-14.6166,True,fuzzy_logic_dynamic_snr,12.771,0.357
29,v3,v4,20.0,106.17,10.0,0.6,0.5308,0.1,-14.8242,True,fuzzy_logic_dynamic_snr,12.5979,0.3424
29,v3,v8,20.0,153.03,20.0,0.6,0.7651,0.2,-18.7734,True,fuzzy_logic_dynamic_snr,9.8163,0.2141
29,v4,v5,40.0,4.24,20.0,1.0,0.0212,0.2,26.1408,False,fuzzy_logic_dynamic_snr,32.2776,0.9867
29,v4,v8,40.0,47.1,30.0,1.0,0.2355,0.3,8.4158,False,fuzzy_logic_dynamic_snr,14.5544,0.7475
29,v4,v11,40.0,57.08,0.0,1.0,0.2854,0.0,11.8964,False,fuzzy_logic_dynamic_snr,18.0344,0.8789
29,v4,v10,40.0,70.0,30.0,1.0,0.35,0.3,5.662,False,fuzzy_logic_dynamic_snr,11.8003,0.5189
29,v4,v6,40.0,76.24,10.0,1.0,0.3812,0.1,7.4772,False,fuzzy_logic_dynamic_snr,13.6138,0.6775
30,v1,v3,40.0,54.33,10.0,1.0,0.2717,0.1,9.8308,False,fuzzy_logic_dynamic_snr,15.9675,0.8148
30,v1,v6,40.0,84.21,10.0,1.0,0.4211,0.1,6.7856,False,fuzzy_logic_dynamic_snr,12.9226,0.6221
30,v1,v2,40.0,113.04,10.0,1.0,0.5652,0.1,4.7401,False,fuzzy_logic_dynamic_snr,10.8775,0.434
30,v1,v4,40.0,150.0,30.0,1.0,0.75,0.3,0.3661,False,fuzzy_logic_dynamic_snr,6.5024,0.1881
30,v1,v5,40.0,167.03,10.0,1.0,0.8351,0.1,2.0272,True,fuzzy_logic_dynamic_snr,21.1464,0.8539
30,v2,v1,20.0,113.04,10.0,0.6,0.5652,0.1,-15.2599,True,fuzzy_logic_dynamic_snr,12.3585,0.3432
30,v2,v3,20.0,167.03,0.0,0.6,0.8351,0.0,-15.5646,True,fuzzy_logic_dynamic_snr,12.0577,0.3359
30,v2,v6,20.0,197.02,0.0,0.6,0.9851,0.0,-16.7123,True,fuzzy_logic_dynamic_snr,11.2986,0.2836
30,v3,v6,20.0,30.0,0.0,0.6,0.15,0.0,-3.6339,False,fuzzy_logic_dynamic_snr,2.504,0.1393
30,v3,v1,20.0,54.33,10.0,0.6,0.2717,0.1,-10.1692,False,fuzzy_logic_dynamic_snr,-4.0317,0.1061
30,v3,v4,20.0,96.19,20.0,0.6,0.4809,0.2,-15.5469,True,fuzzy_logic_dynamic_snr,12.1103,0.3234
30,v3,v5,20.0,113.04,0.0,0.6,0.5652,0.0,-12.8517,True,fuzzy_logic_dynamic_snr,13.9535,0.4498
30,v3,v11,20.0,153.03,20.0,0.6,0.7651,0.2,-18.7734,True,fuzzy_logic_dynamic_snr,9.8433,0.2328
30,v4,v5,40.0,17.26,20.0,1.0,0.0863,0.2,16.3893,False,fuzzy_logic_dynamic_snr,22.5277,0.9545
30,v4,v11,40.0,57.08,0.0,1.0,0.2854,0.0,11.8964,False,fuzzy_logic_dynamic_snr,18.0343,0.8977
30,v4,v6,40.0,66.27,20.0,1.0,0.3314,0.2,7.0417,False,fuzzy_logic_dynamic_snr,13.1801,0.6309
30,v4,v8,40.0,77.06,30.0,1.0,0.3853,0.3,4.9944,False,fuzzy_logic_dynamic_snr,11.1339,0.4563
30,v4,v3,40.0,96.19,20.0,1.0,0.4809,0.2,4.4531,False,fuzzy_logic_dynamic_snr,10.5926,0.4137
31,v1,v3,40.0,64.28,10.0,1.0,0.3214,0.1,8.6625,False,fuzzy_logic_dynamic_snr,14.7992,0.757
31,v1,v2,40.0,86.83,42.43,1.0,0.4342,0.4243,3.2246,False,fuzzy_logic_dynamic_snr,9.3616,0.3273
31,v1,v6,40.0,94.19,20.0,1.0,0.471,0.2,4.5989,False,fuzzy_logic_dynamic_snr,10.7365,0.4342
31,v1,v5,40.0,177.03,20.0,1.0,0.8851,0.2,0.2145,True,fuzzy_logic_dynamic_snr,20.6627,0.8402
31,v1,v4,40.0,180.0,20.0,1.0,0.9,0.2,0.0987,True,fuzzy_logic_dynamic_snr,20.6104,0.8424
31,v2,v1,20.0,86.83,42.43,0.6,0.4342,0.4243,-16.7754,True,fuzzy_logic_dynamic_snr,11.2912,0.2818
31,v2,v3,20.0,148.86,50.0,0.6,0.7443,0.5,-20.9898,True,fuzzy_logic_dynamic_snr,8.3294,0.198
31,v2,v6,20.0,178.72,31.62,0.6,0.8936,0.3162,-20.9893,True,fuzzy_logic_dynamic_snr,8.2847,0.1557
31,v3,v6,20.0,30.0,30.0,0.6,0.15,0.3,-8.4504,True,fuzzy_logic_dynamic_snr,16.6672,0.6326
31,v3,v1,20.0,64.28,10.0,0.6,0.3214,0.1,-11.3375,True,fuzzy_logic_dynamic_snr,14.8987,0.5139
31,v3,v5,20.0,113.04,10.0,0.6,0.5652,0.1,-15.2599,True,fuzzy_logic_dynamic_snr,12.2946,0.3186
31,v3,v4,20.0,116.16,10.0,0.6,0.5808,0.1,-15.4489,True,fuzzy_logic_dynamic_snr,12.1733,0.3238
31,v3,v2,20.0,148.86,50.0,0.6,0.7443,0.5,-20.9898,True,fuzzy_logic_dynamic_snr,8.3263,0.1736
31,v4,v5,40.0,4.24,0.0,1.0,0.0212,0.0,29.9578,False,fuzzy_logic_dynamic_snr,36.0946,0.9922
31,v4,v8,40.0,47.1,0.0,1.0,0.2355,0.0,13.2323,False,fuzzy_logic_dynamic_snr,19.3682,0.9131
31,v4,v11,40.0,57.08,40.0,1.0,0.2854,0.4,6.3046,False,fuzzy_logic_dynamic_snr,12.4431,0.5691
31,v4,v10,40.0,80.0,20.0,1.0,0.4,0.2,5.7336,False,fuzzy_logic_dynamic_snr,11.8723,0.5268
31,v4,v6,40.0,86.21,40.0,1.0,0.431,0.4,3.4394,False,fuzzy_logic_dynamic_snr,9.5786,0.3336
32,v1,v3,40.0,54.33,40.0,1.0,0.2717,0.4,6.6473,False,fuzzy_logic_dynamic_snr,12.7875,0.5996
32,v1,v2,40.0,74.97,58.31,1.0,0.3748,0.5831,3.3263,False,fuzzy_logic_dynamic_snr,9.4652,0.3291
32,v1,v6,40.0,114.16,20.0,1.0,0.5708,0.2,3.2629,False,fuzzy_logic_dynamic_snr,9.401,0.3287
32,v1,v5,40.0,157.03,0.0,1.0,0.7851,0.0,4.8643,True,fuzzy_logic_dynamic_snr,21.7171,0.8826
32,v1,v4,40.0,160.0,20.0,1.0,0.8,0.2,0.9171,True,fuzzy_logic_dynamic_snr,20.8455,0.8434
32,v2,v1,20.0,74.97,58.31,0.6,0.3748,0.5831,-16.6737,True,fuzzy_logic_dynamic_snr,11.3482,0.2834
32,v2,v3,20.0,117.39,31.62,0.6,0.5869,0.3162,-18.0686,True,fuzzy_logic_dynamic_snr,10.3064,0.2449
32,v2,v6,20.0,174.18,42.43,0.6,0.8709,0.4243,-21.6125,True,fuzzy_logic_dynamic_snr,7.9002,0.1818
32,v3,v1,20.0,54.33,40.0,0.6,0.2717,0.4,-13.3527,True,fuzzy_logic_dynamic_snr,13.5812,0.4434
32,v3,v6,20.0,60.0,20.0,0.6,0.3,0.2,-12.2674,True,fuzzy_logic_dynamic_snr,14.3222,0.4783
32,v3,v5,20.0,103.04,40.0,0.6,0.5152,0.4,-17.8001,True,fuzzy_logic_dynamic_snr,10.5835,0.2334
32,v3,v4,20.0,106.17,20.0,0.6,0.5308,0.2,-16.233,True,fuzzy_logic_dynamic_snr,11.6047,0.299
32,v3,v2,20.0,117.39,31.62,0.6,0.5869,0.3162,-18.0686,True,fuzzy_logic_dynamic_snr,10.339,0.2566
32,v4,v5,40.0,4.24,20.0,1.0,0.0212,0.2,26.1408,False,fuzzy_logic_dynamic_snr,32.2769,0.9873
32,v4,v6,40.0,46.39,0.0,1.0,0.2319,0.0,13.3373,False,fuzzy_logic_dynamic_snr,19.4763,0.9207
32,v4,v8,40.0,47.1,0.0,1.0,0.2355,0.0,13.2323,False,fuzzy_logic_dynamic_snr,19.3691,0.9057
32,v4,v11,40.0,97.05,20.0,1.0,0.4852,0.2,4.3914,False,fuzzy_logic_dynamic_snr,10.5285,0.41
32,v4,v10,40.0,100.0,0.0,1.0,0.5,0.0,8.0,False,fuzzy_logic_dynamic_snr,14.1372,0.7023
33,v1,v2,40.0,82.1,50.99,1.0,0.4105,0.5099,3.0886,False,fuzzy_logic_dynamic_snr,9.2261,0.3273
33,v1,v3,40.0,94.19,20.0,1.0,0.471,0.2,4.5989,False,fuzzy_logic_dynamic_snr,10.7353,0.4324
33,v1,v6,40.0,134.13,10.0,1.0,0.6707,0.1,3.5511,False,fuzzy_logic_dynamic_snr,9.6877,0.3379
33,v1,v5,40.0,157.03,30.0,1.0,0.7851,0.3,0.0479,True,fuzzy_logic_dynamic_snr,20.5824,0.8133
33,v1,v4,40.0,180.0,20.0,1.0,0.9,0.2,0.0987,True,fuzzy_logic_dynamic_snr,20.6149,0.8387
33,v2,v1,20.0,82.1,50.99,0.6,0.4105,0.5099,-16.9114,True,fuzzy_logic_dynamic_snr,11.124,0.2807
33,v2,v3,20.0,124.02,31.62,0.6,0.6201,0.3162,-18.4503,True,fuzzy_logic_dynamic_snr,10.0813,0.2385
33,v2,v6,20.0,157.54,41.23,0.6,0.7877,0.4123,-20.8347,True,fuzzy_logic_dynamic_snr,8.4183,0.1848
33,v2,v5,20.0,179.34,22.36,0.6,0.8967,0.2236,-20.1389,True,fuzzy_logic_dynamic_snr,8.8597,0.2105
33,v3,v6,20.0,40.0,10.0,0.6,0.2,0.1,-8.0412,False,fuzzy_logic_dynamic_snr,-1.9054,0.1051
33,v3,v5,20.0,63.07,10.0,0.6,0.3154,0.1,-11.2056,True,fuzzy_logic_dynamic_snr,14.9908,0.5395
33,v3,v4,20.0,86.21,0.0,0.6,0.431,0.0,-10.9688,True,fuzzy_logic_dynamic_snr,15.1186,0.5422
33,v3,v1,20.0,94.19,20.0,0.6,0.471,0.2,-15.4011,True,fuzzy_logic_dynamic_snr,12.2157,0.3232
33,v3,v2,20.0,124.02,31.62,0.6,0.6201,0.3162,-18.4503,True,fuzzy_logic_dynamic_snr,10.0865,0.2365
33,v4,v5,40.0,23.19,10.0,1.0,0.116,0.1,15.7455,False,fuzzy_logic_dynamic_snr,21.8839,0.9484
33,v4,v6,40.0,46.39,10.0,1.0,0.2319,0.1,10.929,False,fuzzy_logic_dynamic_snr,17.0655,0.8514
33,v4,v8,40.0,47.1,20.0,1.0,0.2355,0.2,9.4153,False,fuzzy_logic_dynamic_snr,15.5534,0.7893
33,v4,v11,40.0,77.06,10.0,1.0,0.3853,0.1,7.4026,False,fuzzy_logic_dynamic_snr,13.542,0.6611
33,v4,v3,40.0,86.21,0.0,1.0,0.431,0.0,9.0312,False,fuzzy_logic_dynamic_snr,15.167,0.7738
34,v1,v2,40.0,49.09,20.0,1.0,0.2455,0.2,9.1269,False,fuzzy_logic_dynamic_snr,15.2653,0.7865
34,v1,v3,40.0,80.06,36.06,1.0,0.4003,0.3606,4.2389,False,fuzzy_logic_dynamic_snr,10.3751,0.4041
34,v1,v6,40.0,107.56,36.06,1.0,0.5378,0.3606,2.1871,False,fuzzy_logic_dynamic_snr,8.3231,0.2555
34,v1,v5,40.0,149.45,36.06,1.0,0.7473,0.3606,-0.0983,True,fuzzy_logic_dynamic_snr,20.5555,0.8422
34,v1,v4,40.0,162.78,42.43,1.0,0.8139,0.4243,-1.1421,True,fuzzy_logic_dynamic_snr,20.2088,0.8244
34,v2,v1,20.0,49.09,20.0,0.6,0.2455,0.2,-10.8731,False,fuzzy_logic_dynamic_snr,-4.7354,0.1012
34,v2,v3,20.0,109.64,22.36,0.6,0.5482,0.2236,-16.7194,True,fuzzy_logic_dynamic_snr,11.27,0.285
34,v2,v6,20.0,130.38,22.36,0.6,0.6519,0.2236,-17.9237,True,fuzzy_logic_dynamic_snr,10.4277,0.243
34,v2,v5,20.0,166.74,22.36,0.6,0.8337,0.2236,-19.6327,True,fuzzy_logic_dynamic_snr,9.2277,0.216
34,v2,v4,20.0,179.39,31.62,0.6,0.8969,0.3162,-21.0153,True,fuzzy_logic_dynamic_snr,8.3137,0.1832
34,v3,v6,20.0,30.0,0.0,0.6,0.15,0.0,-3.6339,False,fuzzy_logic_dynamic_snr,2.5039,0.1457
34,v3,v5,20.0,73.06,0.0,0.6,0.3653,0.0,-9.819,True,fuzzy_logic_dynamic_snr,15.8662,0.5762
34,v3,v1,20.0,80.06,36.06,0.6,0.4003,0.3606,-15.7611,True,fuzzy_logic_dynamic_snr,11.9478,0.3145
34,v3,v4,20.0,86.21,10.0,0.6,0.431,0.1,-13.3771,True,fuzzy_logic_dynamic_snr,13.5681,0.4088
34,v3,v2,20.0,109.64,22.36,0.6,0.5482,0.2236,-16.7194,True,fuzzy_logic_dynamic_snr,11.3101,0.2777
34,v4,v5,40.0,13.34,10.0,1.0,0.0667,0.1,19.5884,False,fuzzy_logic_dynamic_snr,25.7267,0.9701
34,v4,v8,40.0,27.17,20.0,1.0,0.1358,0.2,13.2386,False,fuzzy_logic_dynamic_snr,19.378,0.9166
34,v4,v6,40.0,56.32,10.0,1.0,0.2816,0.1,9.5811,False,fuzzy_logic_dynamic_snr,15.7192,0.8154
34,v4,v11,40.0,67.07,10.0,1.0,0.3353,0.1,8.3676,False,fuzzy_logic_dynamic_snr,14.5069,0.7361
34,v4,v7,40.0,80.0,10.0,1.0,0.4,0.1,7.1423,False,fuzzy_logic_dynamic_snr,13.2795,0.65
35,v1,v2,40.0,29.15,0.0,1.0,0.1458,0.0,16.5646,False,fuzzy_logic_dynamic_snr,22.7005,0.952
35,v1,v3,40.0,84.2,22.36,1.0,0.421,0.2236,5.1147,False,fuzzy_logic_dynamic_snr,11.2535,0.4877
35,v1,v6,40.0,105.12,28.28,1.0,0.5256,0.2828,2.9889,False,fuzzy_logic_dynamic_snr,9.1269,0.3086
35,v1,v5,40.0,142.39,44.72,1.0,0.712,0.4472,-0.3611,True,fuzzy_logic_dynamic_snr,20.4646,0.8447
35,v1,v4,40.0,146.49,22.36,1.0,0.7324,0.2236,1.2671,False,fuzzy_logic_dynamic_snr,7.4061,0.216
35,v2,v1,20.0,29.15,0.0,0.6,0.1458,0.0,-3.4354,False,fuzzy_logic_dynamic_snr,2.7015,0.1457
35,v2,v3,20.0,107.33,22.36,0.6,0.5367,0.2236,-16.5718,True,fuzzy_logic_dynamic_snr,11.414,0.2689
35,v2,v6,20.0,123.69,28.28,0.6,0.6185,0.2828,-18.1417,True,fuzzy_logic_dynamic_snr,10.2867,0.2396
35,v2,v5,20.0,156.34,44.72,0.6,0.7817,0.4472,-21.0103,True,fuzzy_logic_dynamic_snr,8.3142,0.176
35,v2,v4,20.0,160.56,22.36,0.6,0.8028,0.2236,-19.3704,True,fuzzy_logic_dynamic_snr,9.4394,0.2078
35,v3,v6,20.0,30.0,10.0,0.6,0.15,0.1,-6.0422,False,fuzzy_logic_dynamic_snr,0.0953,0.1197
35,v3,v5,20.0,73.06,30.0,0.6,0.3653,0.3,-14.6355,True,fuzzy_logic_dynamic_snr,12.7355,0.3783
35,v3,v4,20.0,76.24,0.0,0.6,0.3812,0.0,-10.1146,True,fuzzy_logic_dynamic_snr,15.7048,0.5682
35,v3,v1,20.0,84.2,22.36,0.6,0.421,0.2236,-14.8853,True,fuzzy_logic_dynamic_snr,12.5551,0.35
35,v3,v2,20.0,107.33,22.36,0.6,0.5367,0.2236,-16.5718,True,fuzzy_logic_dynamic_snr,11.3657,0.2826
35,v4,v5,40.0,4.24,30.0,1.0,0.0212,0.3,25.1413,False,fuzzy_logic_dynamic_snr,31.2804,0.9848
35,v4,v6,40.0,46.39,10.0,1.0,0.2319,0.1,10.929,False,fuzzy_logic_dynamic_snr,17.0668,0.8549
35,v4,v8,40.0,47.1,40.0,1.0,0.2355,0.4,7.6405,False,fuzzy_logic_dynamic_snr,13.7781,0.6902
35,v4,v11,40.0,57.08,40.0,1.0,0.2854,0.4,6.3046,False,fuzzy_logic_dynamic_snr,12.4414,0.5762
35,v4,v3,40.0,76.24,0.0,1.0,0.3812,0.0,9.8854,False,fuzzy_logic_dynamic_snr,16.0214,0.8143
36,v1,v2,40.0,29.15,10.0,1.0,0.1458,0.1,14.1564,False,fuzzy_logic_dynamic_snr,20.2929,0.925
36,v1,v3,40.0,96.18,64.03,1.0,0.4809,0.6403,1.3155,True,fuzzy_logic_dynamic_snr,20.9604,0.8523
36,v1,v6,40.0,106.25,56.57,1.0,0.5313,0.5657,0.9923,True,fuzzy_logic_dynamic_snr,20.8684,0.8488
36,v1,v5,40.0,123.11,64.03,1.0,0.6155,0.6403,-0.4,True,fuzzy_logic_dynamic_snr,20.4577,0.8469
36,v1,v4,40.0,149.46,56.57,1.0,0.7473,0.5657,-1.3785,True,fuzzy_logic_dynamic_snr,20.1133,0.8092
36,v2,v1,20.0,29.15,10.0,0.6,0.1458,0.1,-5.8436,False,fuzzy_logic_dynamic_snr,0.2941,0.1227
36,v2,v3,20.0,122.07,70.71,0.6,0.6103,0.7071,-20.6409,True,fuzzy_logic_dynamic_snr,8.5954,0.173
36,v2,v6,20.0,129.69,64.03,0.6,0.6485,0.6403,-20.7619,True,fuzzy_logic_dynamic_snr,8.5023,0.1945
36,v2,v5,20.0,143.95,70.71,0.6,0.7198,0.7071,-21.7869,True,fuzzy_logic_dynamic_snr,7.7414,0.1428
36,v2,v4,20.0,166.97,64.03,0.6,0.8349,0.6403,-22.5177,True,fuzzy_logic_dynamic_snr,7.2555,0.1578
36,v3,v6,20.0,20.0,10.0,0.6,0.1,0.1,-3.2247,False,fuzzy_logic_dynamic_snr,2.914,0.1492
36,v3,v5,20.0,43.1,0.0,0.6,0.2155,0.0,-6.1524,False,fuzzy_logic_dynamic_snr,-0.0131,0.1227
36,v3,v4,20.0,76.24,10.0,0.6,0.3812,0.1,-12.5228,True,fuzzy_logic_dynamic_snr,14.1408,0.4592
36,v3,v8,20.0,83.05,10.0,0.6,0.4153,0.1,-13.118,True,fuzzy_logic_dynamic_snr,13.7748,0.4277
36,v3,v11,20.0,93.05,30.0,0.6,0.4652,0.3,-16.3158,True,fuzzy_logic_dynamic_snr,11.5576,0.2652
36,v4,v8,40.0,7.62,0.0,1.0,0.0381,0.0,25.8926,False,fuzzy_logic_dynamic_snr,32.0276,0.9848
36,v4,v11,40.0,17.26,20.0,1.0,0.0863,0.2,16.3893,False,fuzzy_logic_dynamic_snr,22.5256,0.9588
36,v4,v5,40.0,33.14,10.0,1.0,0.1657,0.1,13.2669,False,fuzzy_logic_dynamic_snr,19.4037,0.9117
36,v4,v6,40.0,56.32,0.0,1.0,0.2816,0.0,11.9893,False,fuzzy_logic_dynamic_snr,18.1246,0.8844
36,v4,v3,40.0,76.24,10.0,1.0,0.3812,0.1,7.4772,False,fuzzy_logic_dynamic_snr,13.6161,0.6676
37,v1,v2,40.0,39.12,0.0,1.0,0.1956,0.0,14.5225,False,fuzzy_logic_dynamic_snr,20.6578,0.9396
37,v1,v3,40.0,112.16,0.0,1.0,0.5608,0.0,7.2026,False,fuzzy_logic_dynamic_snr,13.3405,0.6379
37,v1,v6,40.0,128.72,36.06,1.0,0.6436,0.3606,0.9392,False,fuzzy_logic_dynamic_snr,7.0766,0.2141
37,v1,v5,40.0,134.37,31.62,1.0,0.6719,0.3162,0.9924,False,fuzzy_logic_dynamic_snr,7.1295,0.2125
37,v1,v4,40.0,153.68,58.31,1.0,0.7684,0.5831,-1.6618,True,fuzzy_logic_dynamic_snr,20.0126,0.8254
37,v2,v1,20.0,39.12,0.0,0.6,0.1956,0.0,-5.4775,False,fuzzy_logic_dynamic_snr,0.6586,0.1266
37,v2,v3,20.0,151.03,0.0,0.6,0.7551,0.0,-14.865,True,fuzzy_logic_dynamic_snr,12.5913,0.3621
37,v2,v6,20.0,166.97,36.06,0.6,0.8349,0.3606,-20.8686,True,fuzzy_logic_dynamic_snr,8.3942,0.1682
37,v2,v5,20.0,171.82,31.62,0.6,0.8591,0.3162,-20.7158,True,fuzzy_logic_dynamic_snr,8.5117,0.1719
37,v2,v4,20.0,187.24,58.31,0.6,0.9362,0.5831,-23.0343,True,fuzzy_logic_dynamic_snr,6.9435,0.1457
37,v3,v6,20.0,21.21,36.06,0.6,0.1061,0.3606,-6.532,True,fuzzy_logic_dynamic_snr,17.7292,0.7021
37,v3,v5,20.0,33.29,31.62,0.6,0.1664,0.3162,-9.311,True,fuzzy_logic_dynamic_snr,16.144,0.6188
37,v3,v4,20.0,74.04,58.31,0.6,0.3702,0.5831,-16.5874,True,fuzzy_logic_dynamic_snr,11.3975,0.2998
37,v3,v8,20.0,80.05,36.06,0.6,0.4002,0.3606,-15.76,True,fuzzy_logic_dynamic_snr,11.9795,0.323
37,v3,v11,20.0,109.49,36.06,0.6,0.5474,0.3606,-17.9362,True,fuzzy_logic_dynamic_snr,10.4818,0.2561
37,v4,v8,40.0,7.62,30.0,1.0,0.0381,0.3,21.0761,False,fuzzy_logic_dynamic_snr,27.2142,0.974
37,v4,v11,40.0,37.12,30.0,1.0,0.1856,0.3,10.0695,False,fuzzy_logic_dynamic_snr,16.2075,0.8254
37,v4,v5,40.0,43.1,40.0,1.0,0.2155,0.4,8.2559,False,fuzzy_logic_dynamic_snr,14.3934,0.7256
37,v4,v6,40.0,56.32,30.0,1.0,0.2816,0.3,7.1729,False,fuzzy_logic_dynamic_snr,13.3114,0.6543
37,v4,v3,40.0,74.04,58.31,1.0,0.3702,0.5831,3.4126,False,fuzzy_logic_dynamic_snr,9.549,0.3416
38,v1,v2,40.0,39.12,0.0,1.0,0.1956,0.0,14.5225,False,fuzzy_logic_dynamic_snr,20.6607,0.9305
38,v1,v3,40.0,112.16,10.0,1.0,0.5608,0.1,4.7943,False,fuzzy_logic_dynamic_snr,10.9324,0.4631
38,v1,v6,40.0,152.12,0.0,1.0,0.7606,0.0,5.0851,False,fuzzy_logic_dynamic_snr,11.223,0.4785
38,v1,v5,40.0,161.79,64.03,1.0,0.8089,0.6403,-2.2985,True,fuzzy_logic_dynamic_snr,19.7575,0.8041
38,v1,v4,40.0,165.22,41.23,1.0,0.8261,0.4123,-1.1653,True,fuzzy_logic_dynamic_snr,20.1931,0.8168
38,v2,v1,20.0,39.12,0.0,0.6,0.1956,0.0,-5.4775,False,fuzzy_logic_dynamic_snr,0.6585,0.1217
38,v2,v3,20.0,151.03,10.0,0.6,0.7551,0.1,-17.2732,True,fuzzy_logic_dynamic_snr,10.9176,0.2783
38,v2,v6,20.0,191.02,0.0,0.6,0.9551,0.0,-16.4974,True,fuzzy_logic_dynamic_snr,11.4538,0.2941
38,v3,v6,20.0,40.0,10.0,0.6,0.2,0.1,-8.0412,False,fuzzy_logic_dynamic_snr,-1.9024,0.1119
38,v3,v5,20.0,51.26,70.71,0.6,0.2563,0.7071,-14.6125,True,fuzzy_logic_dynamic_snr,12.7797,0.3777
38,v3,v4,20.0,55.15,50.99,0.6,0.2758,0.5099,-14.1474,True,fuzzy_logic_dynamic_snr,13.043,0.3705
38,v3,v8,20.0,75.29,50.99,0.6,0.3764,0.5099,-16.3095,True,fuzzy_logic_dynamic_snr,11.5904,0.276
38,v3,v11,20.0,100.24,64.03,0.6,0.5012,0.6403,-18.972,True,fuzzy_logic_dynamic_snr,9.682,0.2213
38,v4,v5,40.0,4.24,40.0,1.0,0.0212,0.4,24.3661,False,fuzzy_logic_dynamic_snr,30.5037,0.9854
38,v4,v6,40.0,23.71,41.23,1.0,0.1185,0.4123,12.3258,False,fuzzy_logic_dynamic_snr,18.4638,0.899
38,v4,v8,40.0,37.12,0.0,1.0,0.1856,0.0,14.886,False,fuzzy_logic_dynamic_snr,21.0213,0.9338
38,v4,v3,40.0,55.15,50.99,1.0,0.2758,0.5099,5.8526,False,fuzzy_logic_dynamic_snr,11.9884,0.541
38,v4,v11,40.0,67.07,30.0,1.0,0.3353,0.3,5.9594,False,fuzzy_logic_dynamic_snr,12.0992,0.5498
39,v1,v2,40.0,39.12,30.0,1.0,0.1956,0.3,9.706,False,fuzzy_logic_dynamic_snr,15.8447,0.8195
39,v1,v3,40.0,102.18,0.0,1.0,0.5109,0.0,7.8504,False,fuzzy_logic_dynamic_snr,13.9862,0.7117
39,v1,v6,40.0,152.12,20.0,1.0,0.7606,0.2,1.2681,False,fuzzy_logic_dynamic_snr,7.4046,0.2258
39,v1,v5,40.0,171.03,0.0,1.0,0.8551,0.0,4.271,True,fuzzy_logic_dynamic_snr,21.6109,0.8623
39,v2,v1,20.0,39.12,30.0,0.6,0.1956,0.3,-10.294,True,fuzzy_logic_dynamic_snr,15.5702,0.575
39,v2,v3,20.0,141.03,30.0,0.6,0.7052,0.3,-19.2056,True,fuzzy_logic_dynamic_snr,9.5882,0.2318
39,v2,v6,20.0,191.02,10.0,0.6,0.9551,0.1,-18.9056,True,fuzzy_logic_dynamic_snr,9.7367,0.2275
39,v3,v6,20.0,50.0,20.0,0.6,0.25,0.2,-11.0005,False,fuzzy_logic_dynamic_snr,-4.8618,0.1002
39,v3,v5,20.0,69.07,0.0,0.6,0.3453,0.0,-9.4281,True,fuzzy_logic_dynamic_snr,16.098,0.5963
39,v3,v4,20.0,101.6,50.0,0.6,0.508,0.5,-18.3353,True,fuzzy_logic_dynamic_snr,10.1696,0.2309
39,v3,v1,20.0,102.18,0.0,0.6,0.5109,0.0,-12.1496,True,fuzzy_logic_dynamic_snr,14.4059,0.4742
39,v3,v8,20.0,109.12,44.72,0.6,0.5456,0.4472,-18.512,True,fuzzy_logic_dynamic_snr,10.0301,0.2449
39,v4,v5,40.0,34.93,50.0,1.0,0.1746,0.5,9.0839,False,fuzzy_logic_dynamic_snr,15.2219,0.7867
39,v4,v8,40.0,37.12,10.0,1.0,0.1856,0.1,12.4778,False,fuzzy_logic_dynamic_snr,18.6159,0.9025
39,v4,v11,40.0,37.12,20.0,1.0,0.1856,0.2,11.069,False,fuzzy_logic_dynamic_snr,17.2061,0.8705
39,v4,v6,40.0,52.17,36.06,1.0,0.2609,0.3606,7.2146,False,fuzzy_logic_dynamic_snr,13.3518,0.6475
39,v4,v9,40.0,94.19,20.0,1.0,0.471,0.2,4.5989,False,fuzzy_logic_dynamic_snr,10.7351,0.4283
40,v1,v2,40.0,9.49,20.0,1.0,0.0474,0.2,20.5491,False,fuzzy_logic_dynamic_snr,26.686,0.973
40,v1,v3,40.0,102.18,30.0,1.0,0.5109,0.3,3.0339,False,fuzzy_logic_dynamic_snr,9.1698,0.3109
40,v1,v5,40.0,171.03,10.0,1.0,0.8551,0.1,1.8628,True,fuzzy_logic_dynamic_snr,21.1089,0.8654
40,v1,v6,40.0,172.1,30.0,1.0,0.8605,0.3,-0.5892,True,fuzzy_logic_dynamic_snr,20.3976,0.8314
40,v2,v1,20.0,9.49,20.0,0.6,0.0474,0.2,0.5491,False,fuzzy_logic_dynamic_snr,6.6891,0.1871
40,v2,v3,20.0,111.04,10.0,0.6,0.5552,0.1,-15.1359,True,fuzzy_logic_dynamic_snr,12.3942,0.3342
40,v2,v5,20.0,180.0,10.0,0.6,0.9,0.1,-18.4926,True,fuzzy_logic_dynamic_snr,10.053,0.2264
40,v2,v6,20.0,181.02,10.0,0.6,0.9051,0.1,-18.5321,True,fuzzy_logic_dynamic_snr,10.0467,0.2572
40,v3,v5,20.0,69.07,20.0,0.6,0.3453,0.2,-13.2451,True,fuzzy_logic_dynamic_snr,13.6625,0.4166
40,v3,v6,20.0,70.0,0.0,0.6,0.35,0.0,-9.5216,True,fuzzy_logic_dynamic_snr,16.0448,0.6029
40,v3,v1,20.0,102.18,30.0,0.6,0.5109,0.3,-16.9661,True,fuzzy_logic_dynamic_snr,11.1249,0.2709
40,v3,v2,20.0,111.04,10.0,0.6,0.5552,0.1,-15.1359,True,fuzzy_logic_dynamic_snr,12.3849,0.3268
40,v3,v4,20.0,128.14,10.0,0.6,0.6407,0.1,-16.1312,True,fuzzy_logic_dynamic_snr,11.7102,0.3084
40,v4,v8,40.0,35.44,42.43,1.0,0.1772,0.4243,9.4517,False,fuzzy_logic_dynamic_snr,15.5885,0.8111
40,v4,v11,40.0,45.12,50.0,1.0,0.2256,0.5,7.3046,False,fuzzy_logic_dynamic_snr,13.4434,0.6715
40,v4,v6,40.0,58.31,10.0,1.0,0.2915,0.1,9.3399,False,fuzzy_logic_dynamic_snr,15.4771,0.7936
40,v4,v5,40.0,59.08,10.0,1.0,0.2954,0.1,9.2492,False,fuzzy_logic_dynamic_snr,15.3883,0.7953
40,v4,v9,40.0,61.4,50.0,1.0,0.307,0.5,5.1641,False,fuzzy_logic_dynamic_snr,11.3015,0.4758
41,v1,v2,40.0,29.15,0.0,1.0,0.1458,0.0,16.5646,False,fuzzy_logic_dynamic_snr,22.7042,0.948
41,v1,v3,40.0,72.25,10.0,1.0,0.3612,0.1,7.8504,False,fuzzy_logic_dynamic_snr,13.9901,0.708
41,v1,v6,40.0,142.13,40.0,1.0,0.7106,0.4,-0.0346,True,fuzzy_logic_dynamic_snr,20.5853,0.8428
41,v1,v5,40.0,161.03,0.0,1.0,0.8051,0.0,4.6896,True,fuzzy_logic_dynamic_snr,21.6969,0.8791
41,v2,v1,20.0,29.15,0.0,0.6,0.1458,0.0,-3.4354,False,fuzzy_logic_dynamic_snr,2.6993,0.1412
41,v2,v3,20.0,101.04,10.0,0.6,0.5052,0.1,-14.4804,True,fuzzy_logic_dynamic_snr,12.8044,0.3545
41,v2,v6,20.0,171.03,40.0,0.6,0.8551,0.4,-21.3208,True,fuzzy_logic_dynamic_snr,8.0489,0.1711
41,v2,v5,20.0,190.0,0.0,0.6,0.95,0.0,-16.4601,True,fuzzy_logic_dynamic_snr,11.5012,0.3002
41,v3,v6,20.0,70.0,30.0,0.6,0.35,0.3,-14.338,True,fuzzy_logic_dynamic_snr,12.9569,0.3682
41,v3,v1,20.0,72.25,10.0,0.6,0.3612,0.1,-12.1496,True,fuzzy_logic_dynamic_snr,14.4093,0.4684
41,v3,v5,20.0,89.05,10.0,0.6,0.4453,0.1,-13.6024,True,fuzzy_logic_dynamic_snr,13.4574,0.4139
41,v3,v2,20.0,101.04,10.0,0.6,0.5052,0.1,-14.4804,True,fuzzy_logic_dynamic_snr,12.8586,0.3738
41,v3,v4,20.0,138.13,0.0,0.6,0.6907,0.0,-14.2446,True,fuzzy_logic_dynamic_snr,12.9764,0.3646
41,v4,v8,40.0,40.2,28.28,1.0,0.201,0.2828,9.6683,False,fuzzy_logic_dynamic_snr,15.8062,0.8098
41,v4,v11,40.0,40.2,22.36,1.0,0.201,0.2236,10.2523,False,fuzzy_logic_dynamic_snr,16.3909,0.8293
41,v4,v9,40.0,42.54,28.28,1.0,0.2127,0.2828,9.2744,False,fuzzy_logic_dynamic_snr,15.4123,0.785
41,v4,v5,40.0,49.09,10.0,1.0,0.2455,0.1,10.5356,False,fuzzy_logic_dynamic_snr,16.6767,0.8488
41,v4,v14,40.0,59.46,44.72,1.0,0.2973,0.4472,5.7066,False,fuzzy_logic_dynamic_snr,11.8454,0.524
42,v1,v2,40.0,29.15,10.0,1.0,0.1458,0.1,14.1564,False,fuzzy_logic_dynamic_snr,20.295,0.9285
42,v1,v3,40.0,62.29,10.0,1.0,0.3114,0.1,8.8811,False,fuzzy_logic_dynamic_snr,15.0174,0.7729
42,v1,v6,40.0,102.18,10.0,1.0,0.5109,0.1,5.4422,False,fuzzy_logic_dynamic_snr,11.582,0.4938
42,v1,v5,40.0,161.03,10.0,1.0,0.8051,0.1,2.2813,True,fuzzy_logic_dynamic_snr,21.2023,0.8619
42,v1,v4,40.0,200.0,30.0,1.0,1.0,0.3,-1.633,True,fuzzy_logic_dynamic_snr,19.999,0.8305
42,v2,v1,20.0,29.15,10.0,0.6,0.1458,0.1,-5.8436,False,fuzzy_logic_dynamic_snr,0.2918,0.1252
42,v2,v3,20.0,91.05,20.0,0.6,0.4552,0.2,-15.1654,True,fuzzy_logic_dynamic_snr,12.3673,0.3508
42,v2,v6,20.0,131.03,0.0,0.6,0.6552,0.0,-13.8782,True,fuzzy_logic_dynamic_snr,13.222,0.3771
42,v2,v5,20.0,190.0,20.0,0.6,0.95,0.2,-20.277,True,fuzzy_logic_dynamic_snr,8.8434,0.2107
42,v3,v6,20.0,40.0,20.0,0.6,0.2,0.2,-9.4499,False,fuzzy_logic_dynamic_snr,-3.3121,0.1031
42,v3,v1,20.0,62.29,10.0,0.6,0.3114,0.1,-11.1189,True,fuzzy_logic_dynamic_snr,15.0451,0.5311
42,v3,v2,20.0,91.05,20.0,0.6,0.4552,0.2,-15.1654,True,fuzzy_logic_dynamic_snr,12.4058,0.3441
42,v3,v5,20.0,99.05,0.0,0.6,0.4952,0.0,-11.9334,True,fuzzy_logic_dynamic_snr,14.5492,0.4863
42,v3,v4,20.0,138.13,40.0,0.6,0.6907,0.4,-19.8364,True,fuzzy_logic_dynamic_snr,9.1176,0.2082
42,v4,v5,40.0,39.12,40.0,1.0,0.1956,0.4,8.9307,False,fuzzy_logic_dynamic_snr,15.0674,0.7781
42,v4,v8,40.0,41.11,10.0,1.0,0.2055,0.1,11.7687,False,fuzzy_logic_dynamic_snr,17.9057,0.8875
42,v4,v11,40.0,51.09,40.0,1.0,0.2554,0.4,7.0751,False,fuzzy_logic_dynamic_snr,13.2134,0.6404
42,v4,v9,40.0,52.35,10.0,1.0,0.2617,0.1,10.0898,False,fuzzy_logic_dynamic_snr,16.2284,0.8291
42,v4,v14,40.0,60.13,50.99,1.0,0.3007,0.5099,5.2521,False,fuzzy_logic_dynamic_snr,11.3881,0.4877
43,v1,v2,40.0,39.12,10.0,1.0,0.1956,0.1,12.1142,False,fuzzy_logic_dynamic_snr,18.2536,0.8965
43,v1,v3,40.0,72.25,20.0,1.0,0.3612,0.2,6.4417,False,fuzzy_logic_dynamic_snr,12.5769,0.5811
43,v1,v6,40.0,92.2,20.0,1.0,0.461,0.2,4.7477,False,fuzzy_logic_dynamic_snr,10.8871,0.4361
43,v1,v4,40.0,170.0,40.0,1.0,0.85,0.4,-1.2789,True,fuzzy_logic_dynamic_snr,20.1539,0.8191
43,v1,v5,40.0,171.03,0.0,1.0,0.8551,0.0,4.271,True,fuzzy_logic_dynamic_snr,21.6112,0.8678
43,v2,v1,20.0,39.12,10.0,0.6,0.1956,0.1,-7.8858,False,fuzzy_logic_dynamic_snr,-1.7489,0.1076
43,v2,v3,20.0,111.04,10.0,0.6,0.5552,0.1,-15.1359,True,fuzzy_logic_dynamic_snr,12.35,0.3332
43,v2,v6,20.0,131.03,10.0,0.6,0.6552,0.1,-16.2864,True,fuzzy_logic_dynamic_snr,11.6329,0.3154
43,v3,v6,20.0,20.0,0.0,0.6,0.1,0.0,-0.8165,False,fuzzy_logic_dynamic_snr,5.3222,0.1732
43,v3,v1,20.0,72.25,20.0,0.6,0.3612,0.2,-13.5583,True,fuzzy_logic_dynamic_snr,13.4589,0.4168
43,v3,v4,20.0,98.18,20.0,0.6,0.4909,0.2,-15.6896,True,fuzzy_logic_dynamic_snr,11.9886,0.3057
43,v3,v5,20.0,99.05,20.0,0.6,0.4952,0.2,-15.7503,True,fuzzy_logic_dynamic_snr,11.9648,0.315
43,v3,v2,20.0,111.04,10.0,0.6,0.5552,0.1,-15.1359,True,fuzzy_logic_dynamic_snr,12.3562,0.3291
43,v4,v5,40.0,3.16,40.0,1.0,0.0158,0.4,26.4082,False,fuzzy_logic_dynamic_snr,32.5462,0.9912
43,v4,v8,40.0,51.09,30.0,1.0,0.2554,0.3,7.8504,False,fuzzy_logic_dynamic_snr,13.9874,0.7057
43,v4,v9,40.0,62.29,30.0,1.0,0.3114,0.3,6.4729,False,fuzzy_logic_dynamic_snr,12.612,0.5979
43,v4,v6,40.0,78.23,20.0,1.0,0.3912,0.2,5.889,False,fuzzy_logic_dynamic_snr,12.0275,0.5355
43,v4,v7,40.0,90.0,0.0,1.0,0.45,0.0,8.7321,False,fuzzy_logic_dynamic_snr,14.8704,0.7639
44,v1,v2,40.0,29.15,0.0,1.0,0.1458,0.0,16.5646,False,fuzzy_logic_dynamic_snr,22.702,0.9574
44,v1,v3,40.0,92.2,0.0,1.0,0.461,0.0,8.5646,False,fuzzy_logic_dynamic_snr,14.7035,0.7498
44,v1,v6,40.0,112.16,10.0,1.0,0.5608,0.1,4.7943,False,fuzzy_logic_dynamic_snr,10.9307,0.4348
44,v1,v5,40.0,171.03,10.0,1.0,0.8551,0.1,1.8628,True,fuzzy_logic_dynamic_snr,21.1033,0.8498
44,v2,v1,20.0,29.15,0.0,0.6,0.1458,0.0,-3.4354,False,fuzzy_logic_dynamic_snr,2.701,0.1324
44,v2,v3,20.0,121.04,0.0,0.6,0.6052,0.0,-13.3267,True,fuzzy_logic_dynamic_snr,13.6345,0.425
44,v2,v6,20.0,141.03,10.0,0.6,0.7052,0.1,-16.7973,True,fuzzy_logic_dynamic_snr,11.2361,0.2969
44,v2,v5,20.0,200.0,10.0,0.6,1.0,0.1,-19.2247,True,fuzzy_logic_dynamic_snr,9.511,0.2043
44,v3,v6,20.0,20.0,10.0,0.6,0.1,0.1,-3.2247,False,fuzzy_logic_dynamic_snr,2.9119,0.1395
44,v3,v5,20.0,79.06,10.0,0.6,0.3953,0.1,-12.7753,True,fuzzy_logic_dynamic_snr,14.0149,0.4387
44,v3,v1,20.0,92.2,0.0,0.6,0.461,0.0,-11.4354,True,fuzzy_logic_dynamic_snr,14.8418,0.493
44,v3,v4,20.0,118.15,10.0,0.6,0.5908,0.1,-15.5673,True,fuzzy_logic_dynamic_snr,12.0573,0.3164
44,v3,v2,20.0,121.04,0.0,0.6,0.6052,0.0,-13.3267,True,fuzzy_logic_dynamic_snr,13.64,0.4051
44,v4,v8,40.0,21.21,40.0,1.0,0.1061,0.4,13.1825,False,fuzzy_logic_dynamic_snr,19.3202,0.9064
44,v4,v9,40.0,32.56,20.0,1.0,0.1628,0.2,11.9806,False,fuzzy_logic_dynamic_snr,18.1192,0.8848
44,v4,v5,40.0,39.12,20.0,1.0,0.1956,0.2,10.7055,False,fuzzy_logic_dynamic_snr,16.8428,0.8535
44,v4,v11,40.0,61.07,30.0,1.0,0.3054,0.3,6.6098,False,fuzzy_logic_dynamic_snr,12.7474,0.6076
44,v4,v12,40.0,82.22,10.0,1.0,0.4111,0.1,6.9522,False,fuzzy_logic_dynamic_snr,13.0907,0.6369
45,v1,v2,40.0,29.15,20.0,1.0,0.1458,0.2,12.7477,False,fuzzy_logic_dynamic_snr,18.8852,0.9049
45,v1,v3,40.0,92.2,10.0,1.0,0.461,0.1,6.1564,False,fuzzy_logic_dynamic_snr,12.2944,0.5699
45,v1,v6,40.0,122.15,10.0,1.0,0.6107,0.1,4.2016,False,fuzzy_logic_dynamic_snr,10.34,0.3986
45,v1,v5,40.0,181.02,10.0,1.0,0.9051,0.1,1.4679,True,fuzzy_logic_dynamic_snr,21.0206,0.8539
45,v1,v4,40.0,200.0,10.0,1.0,1.0,0.1,0.7753,True,fuzzy_logic_dynamic_snr,20.8062,0.8463
45,v2,v1,20.0,29.15,20.0,0.6,0.1458,0.2,-7.2523,False,fuzzy_logic_dynamic_snr,-1.1149,0.1217
45,v2,v3,20.0,121.04,10.0,0.6,0.6052,0.1,-15.7349,True,fuzzy_logic_dynamic_snr,11.9946,0.3129
45,v2,v6,20.0,151.03,10.0,0.6,0.7551,0.1,-17.2732,True,fuzzy_logic_dynamic_snr,10.9077,0.2637
45,v3,v6,20.0,30.0,0.0,0.6,0.15,0.0,-3.6339,False,fuzzy_logic_dynamic_snr,2.5035,0.1426
45,v3,v5,20.0,89.05,0.0,0.6,0.4453,0.0,-11.1942,True,fuzzy_logic_dynamic_snr,14.9931,0.5334
45,v3,v1,20.0,92.2,10.0,0.6,0.461,0.1,-13.8436,True,fuzzy_logic_dynamic_snr,13.2679,0.4004
45,v3,v4,20.0,108.17,0.0,0.6,0.5408,0.0,-12.5455,True,fuzzy_logic_dynamic_snr,14.101,0.4742
45,v3,v2,20.0,121.04,10.0,0.6,0.6052,0.1,-15.7349,True,fuzzy_logic_dynamic_snr,11.9837,0.3041
45,v4,v5,40.0,19.24,0.0,1.0,0.0962,0.0,19.4544,False,fuzzy_logic_dynamic_snr,25.5926,0.9682
45,v4,v9,40.0,52.35,20.0,1.0,0.2617,0.2,8.681,False,fuzzy_logic_dynamic_snr,14.8186,0.7523
45,v4,v8,40.0,61.07,0.0,1.0,0.3054,0.0,11.4263,False,fuzzy_logic_dynamic_snr,17.5634,0.8721
45,v4,v6,40.0,78.23,0.0,1.0,0.3912,0.0,9.706,False,fuzzy_logic_dynamic_snr,15.8431,0.8135
45,v4,v11,40.0,91.05,20.0,1.0,0.4552,0.2,4.8346,False,fuzzy_logic_dynamic_snr,10.9733,0.4443
46,v1,v2,40.0,9.49,30.0,1.0,0.0474,0.3,19.5496,False,fuzzy_logic_dynamic_snr,25.6869,0.973
46,v1,v3,40.0,102.18,30.0,1.0,0.5109,0.3,3.0339,False,fuzzy_logic_dynamic_snr,9.172,0.3176
46,v1,v6,40.0,132.14,0.0,1.0,0.6607,0.0,6.0636,False,fuzzy_logic_dynamic_snr,12.2007,0.5596
46,v1,v5,40.0,191.02,20.0,1.0,0.9551,0.2,-0.3144,True,fuzzy_logic_dynamic_snr,20.4825,0.8307
46,v2,v1,20.0,9.49,30.0,0.6,0.0474,0.3,-0.4504,True,fuzzy_logic_dynamic_snr,20.4156,0.8527
46,v2,v3,20.0,111.04,0.0,0.6,0.5552,0.0,-12.7277,True,fuzzy_logic_dynamic_snr,14.0293,0.4516
46,v2,v6,20.0,141.03,30.0,0.6,0.7052,0.3,-19.2056,True,fuzzy_logic_dynamic_snr,9.566,0.2131
46,v2,v5,20.0,200.0,10.0,0.6,1.0,0.1,-19.2247,True,fuzzy_logic_dynamic_snr,9.5639,0.2213
46,v3,v6,20.0,30.0,30.0,0.6,0.15,0.3,-8.4504,True,fuzzy_logic_dynamic_snr,16.6802,0.642
46,v3,v5,20.0,89.05,10.0,0.6,0.4453,0.1,-13.6024,True,fuzzy_logic_dynamic_snr,13.4421,0.4121
46,v3,v1,20.0,102.18,30.0,0.6,0.5109,0.3,-16.9661,True,fuzzy_logic_dynamic_snr,11.1298,0.2854
46,v3,v4,20.0,108.17,20.0,0.6,0.5408,0.2,-16.3625,True,fuzzy_logic_dynamic_snr,11.5176,0.2807
46,v3,v2,20.0,111.04,0.0,0.6,0.5552,0.0,-12.7277,True,fuzzy_logic_dynamic_snr,14.0108,0.4496
46,v4,v5,40.0,19.24,10.0,1.0,0.0962,0.1,17.0461,False,fuzzy_logic_dynamic_snr,23.1851,0.9652
46,v4,v9,40.0,32.56,20.0,1.0,0.1628,0.2,11.9806,False,fuzzy_logic_dynamic_snr,18.1191,0.8795
46,v4,v8,40.0,61.07,0.0,1.0,0.3054,0.0,11.4263,False,fuzzy_logic_dynamic_snr,17.5638,0.8758
46,v4,v11,40.0,71.06,10.0,1.0,0.3553,0.1,7.9654,False,fuzzy_logic_dynamic_snr,14.1023,0.7203
46,v4,v6,40.0,78.23,10.0,1.0,0.3912,0.1,7.2977,False,fuzzy_logic_dynamic_snr,13.434,0.6645
47,v1,v2,40.0,21.21,0.0,1.0,0.1061,0.0,18.7743,False,fuzzy_logic_dynamic_snr,24.9114,0.9682
47,v1,v3,40.0,132.14,10.0,1.0,0.6607,0.1,3.6554,False,fuzzy_logic_dynamic_snr,9.7914,0.3551
47,v1,v6,40.0,132.14,0.0,1.0,0.6607,0.0,6.0636,False,fuzzy_logic_dynamic_snr,12.2022,0.5645
47,v2,v1,20.0,21.21,0.0,0.6,0.1061,0.0,-1.2257,False,fuzzy_logic_dynamic_snr,4.9131,0.1643
47,v2,v3,20.0,111.04,10.0,0.6,0.5552,0.1,-15.1359,True,fuzzy_logic_dynamic_snr,12.4029,0.3549
47,v2,v6,20.0,111.04,0.0,0.6,0.5552,0.0,-12.7277,True,fuzzy_logic_dynamic_snr,14.0046,0.4424
47,v2,v5,20.0,190.0,10.0,0.6,0.95,0.1,-18.8683,True,fuzzy_logic_dynamic_snr,9.7979,0.2123
47,v2,v4,20.0,199.02,20.0,0.6,0.9951,0.2,-20.5994,True,fuzzy_logic_dynamic_snr,8.5757,0.201
47,v3,v6,20.0,0.0,10.0,0.6,0.0,0.1,33.5918,False,fuzzy_logic_dynamic_snr,39.7273,0.9961
47,v3,v5,20.0,79.06,0.0,0.6,0.3953,0.0,-10.367,True,fuzzy_logic_dynamic_snr,15.5199,0.5828
47,v3,v4,20.0,88.2,10.0,0.6,0.441,0.1,-13.5361,True,fuzzy_logic_dynamic_snr,13.4941,0.3811
47,v3,v9,20.0,100.0,0.0,0.6,0.5,0.0,-12.0,True,fuzzy_logic_dynamic_snr,14.4843,0.4971
47,v3,v2,20.0,111.04,10.0,0.6,0.5552,0.1,-15.1359,True,fuzzy_logic_dynamic_snr,12.4071,0.3332
47,v4,v5,40.0,9.49,10.0,1.0,0.0474,0.1,21.9578,False,fuzzy_logic_dynamic_snr,28.0951,0.9828
47,v4,v9,40.0,13.42,10.0,1.0,0.0671,0.1,19.5496,False,fuzzy_logic_dynamic_snr,25.685,0.9754
47,v4,v8,40.0,61.07,40.0,1.0,0.3054,0.4,5.8346,False,fuzzy_logic_dynamic_snr,11.9739,0.5455
47,v4,v11,40.0,61.07,10.0,1.0,0.3054,0.1,9.0181,False,fuzzy_logic_dynamic_snr,15.1554,0.7807
47,v4,v12,40.0,82.22,30.0,1.0,0.4111,0.3,4.5439,False,fuzzy_logic_dynamic_snr,10.6812,0.4297
48,v1,v2,40.0,21.21,10.0,1.0,0.1061,0.1,16.3661,False,fuzzy_logic_dynamic_snr,22.5043,0.9525
48,v1,v6,40.0,132.14,30.0,1.0,0.6607,0.3,1.2472,False,fuzzy_logic_dynamic_snr,7.3826,0.2047
48,v1,v3,40.0,142.13,0.0,1.0,0.7106,0.0,5.5572,False,fuzzy_logic_dynamic_snr,11.6963,0.5117
48,v2,v1,20.0,21.21,10.0,0.6,0.1061,0.1,-3.6339,False,fuzzy_logic_dynamic_snr,2.5047,0.1324
48,v2,v6,20.0,111.04,20.0,0.6,0.5552,0.2,-16.5447,True,fuzzy_logic_dynamic_snr,11.4455,0.3004
48,v2,v3,20.0,121.04,10.0,0.6,0.6052,0.1,-15.7349,True,fuzzy_logic_dynamic_snr,11.9958,0.3318
48,v2,v5,20.0,200.0,20.0,0.6,1.0,0.2,-20.6334,True,fuzzy_logic_dynamic_snr,8.5691,0.1945
48,v3,v6,20.0,10.0,30.0,0.6,0.05,0.3,-0.8165,True,fuzzy_logic_dynamic_snr,20.3117,0.8256
48,v3,v5,20.0,79.06,10.0,0.6,0.3953,0.1,-12.7753,True,fuzzy_logic_dynamic_snr,14.0084,0.4584
48,v3,v4,20.0,98.18,10.0,0.6,0.4909,0.1,-14.2809,True,fuzzy_logic_dynamic_snr,12.9953,0.3604
48,v3,v9,20.0,100.0,10.0,0.6,0.5,0.1,-14.4082,True,fuzzy_logic_dynamic_snr,12.8857,0.3812
48,v3,v8,20.0,119.04,10.0,0.6,0.5952,0.1,-15.6192,True,fuzzy_logic_dynamic_snr,12.0708,0.307
48,v4,v9,40.0,6.32,20.0,1.0,0.0316,0.2,23.3666,False,fuzzy_logic_dynamic_snr,29.5048,0.9873
48,v4,v5,40.0,19.24,20.0,1.0,0.0962,0.2,15.6374,False,fuzzy_logic_dynamic_snr,21.776,0.949
48,v4,v8,40.0,21.21,0.0,1.0,0.1061,0.0,18.7743,False,fuzzy_logic_dynamic_snr,24.9128,0.9691
48,v4,v11,40.0,51.09,20.0,1.0,0.2554,0.2,8.8499,False,fuzzy_logic_dynamic_snr,14.9889,0.7643
48,v4,v12,40.0,52.35,0.0,1.0,0.2617,0.0,12.498,False,fuzzy_logic_dynamic_snr,18.633,0.8969
49,v1,v2,40.0,11.4,10.0,1.0,0.057,0.1,20.6802,False,fuzzy_logic_dynamic_snr,26.8175,0.9785
49,v1,v6,40.0,102.18,0.0,1.0,0.5109,0.0,7.8504,False,fuzzy_logic_dynamic_snr,13.9885,0.7041
49,v1,v3,40.0,142.13,20.0,1.0,0.7106,0.2,1.7402,False,fuzzy_logic_dynamic_snr,7.8756,0.2408
49,v2,v1,20.0,11.4,10.0,0.6,0.057,0.1,0.6802,False,fuzzy_logic_dynamic_snr,6.8188,0.1994
49,v2,v6,20.0,91.05,10.0,0.6,0.4552,0.1,-13.7567,True,fuzzy_logic_dynamic_snr,13.3245,0.408
49,v2,v3,20.0,131.03,10.0,0.6,0.6552,0.1,-16.2864,True,fuzzy_logic_dynamic_snr,11.6059,0.2699
49,v3,v6,20.0,40.0,20.0,0.6,0.2,0.2,-9.4499,False,fuzzy_logic_dynamic_snr,-3.3117,0.0992
49,v3,v4,20.0,88.2,10.0,0.6,0.441,0.1,-13.5361,True,fuzzy_logic_dynamic_snr,13.4405,0.4227
49,v3,v5,20.0,89.05,10.0,0.6,0.4453,0.1,-13.6024,True,fuzzy_logic_dynamic_snr,13.4613,0.4158
49,v3,v8,20.0,109.04,10.0,0.6,0.5452,0.1,-15.0097,True,fuzzy_logic_dynamic_snr,12.4539,0.3338
49,v3,v9,20.0,110.0,20.0,0.6,0.55,0.2,-16.4793,True,fuzzy_logic_dynamic_snr,11.4648,0.2809
49,v4,v5,40.0,3.16,20.0,1.0,0.0158,0.2,28.183,False,fuzzy_logic_dynamic_snr,34.3203,0.9857
49,v4,v8,40.0,21.21,0.0,1.0,0.1061,0.0,18.7743,False,fuzzy_logic_dynamic_snr,24.9108,0.9691
49,v4,v9,40.0,22.8,30.0,1.0,0.114,0.3,13.4555,False,fuzzy_logic_dynamic_snr,19.592,0.9236
49,v4,v11,40.0,31.14,0.0,1.0,0.1557,0.0,16.1058,False,fuzzy_logic_dynamic_snr,22.2444,0.9545
49,v4,v14,40.0,51.09,10.0,1.0,0.2554,0.1,10.2586,False,fuzzy_logic_dynamic_snr,16.3943,0.8324
50,v1,v2,40.0,21.21,10.0,1.0,0.1061,0.1,16.3661,False,fuzzy_logic_dynamic_snr,22.5031,0.9574
50,v1,v6,40.0,102.18,30.0,1.0,0.5109,0.3,3.0339,False,fuzzy_logic_dynamic_snr,9.1721,0.3213
50,v1,v3,40.0,162.11,0.0,1.0,0.8106,0.0,4.643,True,fuzzy_logic_dynamic_snr,21.6873,0.8736
50,v2,v1,20.0,21.21,10.0,0.6,0.1061,0.1,-3.6339,False,fuzzy_logic_dynamic_snr,2.5043,0.1309
50,v2,v6,20.0,81.06,20.0,0.6,0.4053,0.2,-14.3575,True,fuzzy_logic_dynamic_snr,12.9285,0.3711
50,v2,v3,20.0,141.03,10.0,0.6,0.7052,0.1,-16.7973,True,fuzzy_logic_dynamic_snr,11.2702,0.2775
50,v3,v6,20.0,60.0,30.0,0.6,0.3,0.3,-13.2669,True,fuzzy_logic_dynamic_snr,13.6366,0.3891
50,v3,v5,20.0,79.06,0.0,0.6,0.3953,0.0,-10.367,True,fuzzy_logic_dynamic_snr,15.5015,0.5742
50,v3,v9,20.0,90.0,10.0,0.6,0.45,0.1,-13.6761,True,fuzzy_logic_dynamic_snr,13.4134,0.4178
50,v3,v4,20.0,98.18,0.0,0.6,0.4909,0.0,-11.8726,True,fuzzy_logic_dynamic_snr,14.5819,0.507
50,v3,v12,20.0,110.0,0.0,0.6,0.55,0.0,-12.6623,True,fuzzy_logic_dynamic_snr,14.0697,0.4557
50,v4,v9,40.0,10.0,10.0,1.0,0.05,0.1,21.5918,False,fuzzy_logic_dynamic_snr,27.7285,0.9814
50,v4,v12,40.0,13.42,0.0,1.0,0.0671,0.0,21.9578,False,fuzzy_logic_dynamic_snr,28.0969,0.9814
50,v4,v5,40.0,19.24,0.0,1.0,0.0962,0.0,19.4544,False,fuzzy_logic_dynamic_snr,25.5923,0.9779
50,v4,v8,40.0,21.21,10.0,1.0,0.1061,0.1,16.3661,False,fuzzy_logic_dynamic_snr,22.5027,0.9529
50,v4,v11,40.0,31.14,20.0,1.0,0.1557,0.2,12.2889,False,fuzzy_logic_dynamic_snr,18.4276,0.8977
51,v1,v2,40.0,31.14,10.0,1.0,0.1557,0.1,13.6976,False,fuzzy_logic_dynamic_snr,19.8338,0.9295
51,v1,v6,40.0,132.14,0.0,1.0,0.6607,0.0,6.0636,False,fuzzy_logic_dynamic_snr,12.2017,0.5652
51,v1,v3,40.0,162.11,10.0,1.0,0.8106,0.1,2.2348,True,fuzzy_logic_dynamic_snr,21.1937,0.8656
51,v2,v1,20.0,31.14,10.0,0.6,0.1557,0.1,-6.3024,False,fuzzy_logic_dynamic_snr,-0.166,0.1148
51,v2,v6,20.0,101.04,10.0,0.6,0.5052,0.1,-14.4804,True,fuzzy_logic_dynamic_snr,12.8377,0.3605
51,v2,v3,20.0,131.03,20.0,0.6,0.6552,0.2,-17.6951,True,fuzzy_logic_dynamic_snr,10.6248,0.2541
51,v3,v6,20.0,30.0,10.0,0.6,0.15,0.1,-6.0422,False,fuzzy_logic_dynamic_snr,0.0965,0.1184
51,v3,v5,20.0,79.06,10.0,0.6,0.3953,0.1,-12.7753,True,fuzzy_logic_dynamic_snr,14.0221,0.4299
51,v3,v4,20.0,98.18,10.0,0.6,0.4909,0.1,-14.2809,True,fuzzy_logic_dynamic_snr,12.9806,0.3787
51,v3,v9,20.0,100.0,10.0,0.6,0.5,0.1,-14.4082,True,fuzzy_logic_dynamic_snr,12.8853,0.383
51,v3,v12,20.0,110.0,30.0,0.6,0.55,0.3,-17.4788,True,fuzzy_logic_dynamic_snr,10.7606,0.2623
51,v4,v9,40.0,6.32,0.0,1.0,0.0316,0.0,27.1835,False,fuzzy_logic_dynamic_snr,33.3213,0.9926
51,v4,v12,40.0,13.42,20.0,1.0,0.0671,0.2,18.1408,False,fuzzy_logic_dynamic_snr,24.2769,0.9672
51,v4,v5,40.0,19.24,0.0,1.0,0.0962,0.0,19.4544,False,fuzzy_logic_dynamic_snr,25.5918,0.9705
51,v4,v8,40.0,31.14,10.0,1.0,0.1557,0.1,13.6976,False,fuzzy_logic_dynamic_snr,19.8342,0.9113
51,v4,v11,40.0,51.09,20.0,1.0,0.2554,0.2,8.8499,False,fuzzy_logic_dynamic_snr,14.9862,0.7719
52,v1,v2,40.0,21.21,10.0,1.0,0.1061,0.1,16.3661,False,fuzzy_logic_dynamic_snr,22.5037,0.949
52,v1,v6,40.0,132.14,30.0,1.0,0.6607,0.3,1.2472,False,fuzzy_logic_dynamic_snr,7.387,0.2254
52,v1,v3,40.0,172.1,20.0,1.0,0.8605,0.2,0.4103,True,fuzzy_logic_dynamic_snr,20.7124,0.8461
52,v2,v1,20.0,21.21,10.0,0.6,0.1061,0.1,-3.6339,False,fuzzy_logic_dynamic_snr,2.5028,0.1389
52,v2,v6,20.0,111.04,20.0,0.6,0.5552,0.2,-16.5447,True,fuzzy_logic_dynamic_snr,11.4057,0.2816
52,v2,v3,20.0,151.03,10.0,0.6,0.7551,0.1,-17.2732,True,fuzzy_logic_dynamic_snr,10.8765,0.2793
52,v3,v6,20.0,40.0,10.0,0.6,0.2,0.1,-8.0412,False,fuzzy_logic_dynamic_snr,-1.9023,0.11
52,v3,v5,20.0,69.07,10.0,0.6,0.3453,0.1,-11.8364,True,fuzzy_logic_dynamic_snr,14.5779,0.4871
52,v3,v12,20.0,80.0,10.0,0.6,0.4,0.1,-12.8577,True,fuzzy_logic_dynamic_snr,13.92,0.4074
52,v3,v4,20.0,88.2,20.0,0.6,0.441,0.2,-14.9448,True,fuzzy_logic_dynamic_snr,12.5186,0.3477
52,v3,v9,20.0,90.0,10.0,0.6,0.45,0.1,-13.6761,True,fuzzy_logic_dynamic_snr,13.3673,0.4021
52,v4,v9,40.0,6.32,30.0,1.0,0.0316,0.3,22.367,False,fuzzy_logic_dynamic_snr,28.5037,0.9824
52,v4,v12,40.0,10.0,30.0,1.0,0.05,0.3,19.1835,False,fuzzy_logic_dynamic_snr,25.3224,0.9633
52,v4,v5,40.0,19.24,30.0,1.0,0.0962,0.3,14.6379,False,fuzzy_logic_dynamic_snr,20.776,0.9311
52,v4,v11,40.0,31.14,20.0,1.0,0.1557,0.2,12.2889,False,fuzzy_logic_dynamic_snr,18.427,0.8996
52,v4,v8,40.0,41.11,0.0,1.0,0.2055,0.0,14.1769,False,fuzzy_logic_dynamic_snr,20.3144,0.924
53,v1,v2,40.0,11.4,30.0,1.0,0.057,0.3,18.272,False,fuzzy_logic_dynamic_snr,24.4123,0.9646
53,v1,v6,40.0,102.18,40.0,1.0,0.5109,0.4,2.2586,False,fuzzy_logic_dynamic_snr,8.3967,0.2693
53,v1,v3,40.0,152.12,20.0,1.0,0.7606,0.2,1.2681,False,fuzzy_logic_dynamic_snr,7.4059,0.2115
53,v2,v1,20.0,11.4,30.0,0.6,0.057,0.3,-1.728,True,fuzzy_logic_dynamic_snr,19.9966,0.8125
53,v2,v6,20.0,91.05,10.0,0.6,0.4552,0.1,-13.7567,True,fuzzy_logic_dynamic_snr,13.3332,0.3875
53,v2,v3,20.0,141.03,10.0,0.6,0.7052,0.1,-16.7973,True,fuzzy_logic_dynamic_snr,11.2601,0.3041
53,v3,v6,20.0,50.0,20.0,0.6,0.25,0.2,-11.0005,False,fuzzy_logic_dynamic_snr,-4.8643,0.1002
53,v3,v4,20.0,68.26,10.0,0.6,0.3413,0.1,-11.7553,True,fuzzy_logic_dynamic_snr,14.6595,0.5232
53,v3,v5,20.0,79.06,0.0,0.6,0.3953,0.0,-10.367,True,fuzzy_logic_dynamic_snr,15.5318,0.5502
53,v3,v12,20.0,90.0,20.0,0.6,0.45,0.2,-15.0849,True,fuzzy_logic_dynamic_snr,12.3934,0.3344
53,v3,v9,20.0,100.0,10.0,0.6,0.5,0.1,-14.4082,True,fuzzy_logic_dynamic_snr,12.8955,0.39
53,v4,v5,40.0,11.4,10.0,1.0,0.057,0.1,20.6802,False,fuzzy_logic_dynamic_snr,26.8183,0.9779
53,v4,v12,40.0,22.8,30.0,1.0,0.114,0.3,13.4555,False,fuzzy_logic_dynamic_snr,19.5915,0.9273
53,v4,v9,40.0,32.56,0.0,1.0,0.1628,0.0,15.7976,False,fuzzy_logic_dynamic_snr,21.9371,0.9469
53,v4,v8,40.0,41.11,0.0,1.0,0.2055,0.0,14.1769,False,fuzzy_logic_dynamic_snr,20.3156,0.9229
53,v4,v11,40.0,51.09,10.0,1.0,0.2554,0.1,10.2586,False,fuzzy_logic_dynamic_snr,16.3967,0.8215
54,v1,v2,40.0,19.24,40.0,1.0,0.0962,0.4,13.8626,False,fuzzy_logic_dynamic_snr,19.9989,0.9305
54,v1,v6,40.0,62.29,30.0,1.0,0.3114,0.3,6.4729,False,fuzzy_logic_dynamic_snr,12.6098,0.5855
54,v1,v3,40.0,132.14,20.0,1.0,0.6607,0.2,2.2467,False,fuzzy_logic_dynamic_snr,8.3848,0.2619
54,v1,v4,40.0,190.0,0.0,1.0,0.95,0.0,3.5399,True,fuzzy_logic_dynamic_snr,21.478,0.867
54,v2,v1,20.0,19.24,40.0,0.6,0.0962,0.4,-6.1374,True,fuzzy_logic_dynamic_snr,17.9699,0.7207
54,v2,v6,20.0,81.06,10.0,0.6,0.4053,0.1,-12.9488,True,fuzzy_logic_dynamic_snr,13.8913,0.4334
54,v2,v3,20.0,151.03,20.0,0.6,0.7551,0.2,-18.682,True,fuzzy_logic_dynamic_snr,9.8831,0.2525
54,v3,v4,20.0,58.31,20.0,0.6,0.2915,0.2,-12.0688,True,fuzzy_logic_dynamic_snr,14.4303,0.4865
54,v3,v6,20.0,70.0,10.0,0.6,0.35,0.1,-11.9298,True,fuzzy_logic_dynamic_snr,14.5388,0.4945
54,v3,v5,20.0,79.06,20.0,0.6,0.3953,0.2,-14.184,True,fuzzy_logic_dynamic_snr,13.0489,0.3717
54,v3,v9,20.0,90.0,10.0,0.6,0.45,0.1,-13.6761,True,fuzzy_logic_dynamic_snr,13.4182,0.3924
54,v3,v8,20.0,99.05,20.0,0.6,0.4952,0.2,-15.7503,True,fuzzy_logic_dynamic_snr,11.9485,0.3322
54,v4,v5,40.0,21.21,40.0,1.0,0.1061,0.4,13.1825,False,fuzzy_logic_dynamic_snr,19.3211,0.9162
54,v4,v9,40.0,32.56,10.0,1.0,0.1628,0.1,13.3893,False,fuzzy_logic_dynamic_snr,19.5263,0.9186
54,v4,v8,40.0,41.11,0.0,1.0,0.2055,0.0,14.1769,False,fuzzy_logic_dynamic_snr,20.3132,0.9293
54,v4,v11,40.0,41.11,30.0,1.0,0.2055,0.3,9.3604,False,fuzzy_logic_dynamic_snr,15.498,0.7957
54,v4,v12,40.0,52.35,0.0,1.0,0.2617,0.0,12.498,False,fuzzy_logic_dynamic_snr,18.6353,0.9004
55,v1,v2,40.0,21.21,10.0,1.0,0.1061,0.1,16.3661,False,fuzzy_logic_dynamic_snr,22.5021,0.9475
55,v1,v6,40.0,92.2,20.0,1.0,0.461,0.2,4.7477,False,fuzzy_logic_dynamic_snr,10.886,0.4346
55,v1,v3,40.0,152.12,20.0,1.0,0.7606,0.2,1.2681,False,fuzzy_logic_dynamic_snr,7.4063,0.2166
55,v1,v4,40.0,190.0,30.0,1.0,0.95,0.3,-1.2765,True,fuzzy_logic_dynamic_snr,20.1641,0.818
55,v2,v1,20.0,21.21,10.0,0.6,0.1061,0.1,-3.6339,False,fuzzy_logic_dynamic_snr,2.503,0.151
55,v2,v6,20.0,71.06,10.0,0.6,0.3553,0.1,-12.0346,True,fuzzy_logic_dynamic_snr,14.4618,0.4732
55,v2,v3,20.0,131.03,10.0,0.6,0.6552,0.1,-16.2864,True,fuzzy_logic_dynamic_snr,11.5882,0.2947
55,v2,v4,20.0,169.03,20.0,0.6,0.8451,0.2,-19.4643,True,fuzzy_logic_dynamic_snr,9.3779,0.2246
55,v3,v4,20.0,38.47,10.0,0.6,0.1924,0.1,-7.7703,False,fuzzy_logic_dynamic_snr,-1.6365,0.1031
55,v3,v6,20.0,60.0,0.0,0.6,0.3,0.0,-8.4504,True,fuzzy_logic_dynamic_snr,16.6782,0.6506
55,v3,v8,20.0,79.06,20.0,0.6,0.3953,0.2,-14.184,True,fuzzy_logic_dynamic_snr,13.0526,0.3742
55,v3,v9,20.0,80.0,20.0,0.6,0.4,0.2,-14.2664,True,fuzzy_logic_dynamic_snr,12.9931,0.3801
55,v3,v12,20.0,90.0,0.0,0.6,0.45,0.0,-11.2679,True,fuzzy_logic_dynamic_snr,14.9436,0.5
55,v4,v3,40.0,38.47,10.0,1.0,0.1924,0.1,12.2297,False,fuzzy_logic_dynamic_snr,18.3682,0.8928
55,v4,v8,40.0,41.11,10.0,1.0,0.2055,0.1,11.7687,False,fuzzy_logic_dynamic_snr,17.9064,0.8855
55,v4,v9,40.0,42.43,30.0,1.0,0.2121,0.3,9.1413,False,fuzzy_logic_dynamic_snr,15.2782,0.775
55,v4,v12,40.0,52.35,10.0,1.0,0.2617,0.1,10.0898,False,fuzzy_logic_dynamic_snr,16.227,0.8209
55,v4,v5,40.0,61.07,0.0,1.0,0.3054,0.0,11.4263,False,fuzzy_logic_dynamic_snr,17.564,0.882
56,v1,v2,40.0,11.4,30.0,1.0,0.057,0.3,18.272,False,fuzzy_logic_dynamic_snr,24.4092,0.9715
56,v1,v6,40.0,72.25,10.0,1.0,0.3612,0.1,7.8504,False,fuzzy_logic_dynamic_snr,13.9887,0.6943
56,v1,v3,40.0,132.14,20.0,1.0,0.6607,0.2,2.2467,False,fuzzy_logic_dynamic_snr,8.3837,0.2596
56,v1,v4,40.0,160.0,10.0,1.0,0.8,0.1,2.3258,True,fuzzy_logic_dynamic_snr,21.2182,0.8727
56,v1,v8,40.0,191.02,0.0,1.0,0.9551,0.0,3.5026,True,fuzzy_logic_dynamic_snr,21.4991,0.8771
56,v2,v1,20.0,11.4,30.0,0.6,0.057,0.3,-1.728,True,fuzzy_logic_dynamic_snr,19.9749,0.8105
56,v2,v6,20.0,61.07,40.0,0.6,0.3054,0.4,-14.1654,True,fuzzy_logic_dynamic_snr,13.0405,0.3676
56,v2,v3,20.0,121.04,10.0,0.6,0.6052,0.1,-15.7349,True,fuzzy_logic_dynamic_snr,12.0058,0.3184
56,v2,v4,20.0,149.03,40.0,0.6,0.7452,0.4,-20.3641,True,fuzzy_logic_dynamic_snr,8.7636,0.2076
56,v2,v8,20.0,180.0,30.0,0.6,0.9,0.3,-20.9008,True,fuzzy_logic_dynamic_snr,8.4171,0.1756
56,v3,v4,20.0,28.64,30.0,0.6,0.1432,0.3,-8.127,True,fuzzy_logic_dynamic_snr,16.869,0.6521
56,v3,v8,20.0,59.08,20.0,0.6,0.2954,0.2,-12.1596,True,fuzzy_logic_dynamic_snr,14.3729,0.4799
56,v3,v6,20.0,60.0,30.0,0.6,0.3,0.3,-13.2669,True,fuzzy_logic_dynamic_snr,13.6758,0.4309
56,v3,v5,20.0,89.05,10.0,0.6,0.4453,0.1,-13.6024,True,fuzzy_logic_dynamic_snr,13.4503,0.3924
56,v3,v12,20.0,90.0,30.0,0.6,0.45,0.3,-16.0844,True,fuzzy_logic_dynamic_snr,11.7263,0.3082
56,v4,v3,40.0,28.64,30.0,1.0,0.1432,0.3,11.873,False,fuzzy_logic_dynamic_snr,18.0107,0.8848
56,v4,v8,40.0,31.14,10.0,1.0,0.1557,0.1,13.6976,False,fuzzy_logic_dynamic_snr,19.834,0.9195
56,v4,v5,40.0,61.07,20.0,1.0,0.3054,0.2,7.6094,False,fuzzy_logic_dynamic_snr,13.7446,0.6859
56,v4,v12,40.0,62.29,0.0,1.0,0.3114,0.0,11.2893,False,fuzzy_logic_dynamic_snr,17.4275,0.8662
56,v4,v9,40.0,72.25,40.0,1.0,0.3612,0.4,4.6669,False,fuzzy_logic_dynamic_snr,10.803,0.4416
57,v1,v2,40.0,41.11,10.0,1.0,0.2055,0.1,11.7687,False,fuzzy_logic_dynamic_snr,17.9081,0.8838
57,v1,v6,40.0,62.29,20.0,1.0,0.3114,0.2,7.4724,False,fuzzy_logic_dynamic_snr,13.61,0.6684
57,v1,v4,40.0,150.0,10.0,1.0,0.75,0.1,2.7743,False,fuzzy_logic_dynamic_snr,8.9118,0.2936
57,v1,v3,40.0,152.12,30.0,1.0,0.7606,0.3,0.2686,True,fuzzy_logic_dynamic_snr,20.6695,0.8584
57,v1,v8,40.0,191.02,0.0,1.0,0.9551,0.0,3.5026,True,fuzzy_logic_dynamic_snr,21.4673,0.8754
57,v2,v6,20.0,21.21,10.0,0.6,0.1061,0.1,-3.6339,False,fuzzy_logic_dynamic_snr,2.5038,0.1334
57,v2,v1,20.0,41.11,10.0,0.6,0.2055,0.1,-8.2313,False,fuzzy_logic_dynamic_snr,-2.0932,0.108
57,v2,v4,20.0,109.04,20.0,0.6,0.5452,0.2,-16.4184,True,fuzzy_logic_dynamic_snr,11.4978,0.2943
57,v2,v3,20.0,111.04,20.0,0.6,0.5552,0.2,-16.5447,True,fuzzy_logic_dynamic_snr,11.4005,0.2803
57,v2,v8,20.0,150.0,10.0,0.6,0.75,0.1,-17.2257,True,fuzzy_logic_dynamic_snr,10.9177,0.2715
57,v3,v4,20.0,6.32,40.0,0.6,0.0316,0.4,1.5918,True,fuzzy_logic_dynamic_snr,21.0516,0.8475
57,v3,v8,20.0,39.12,30.0,0.6,0.1956,0.3,-10.294,True,fuzzy_logic_dynamic_snr,15.5537,0.557
57,v3,v12,20.0,60.0,30.0,0.6,0.3,0.3,-13.2669,True,fuzzy_logic_dynamic_snr,13.6659,0.4322
57,v3,v5,20.0,79.06,0.0,0.6,0.3953,0.0,-10.367,True,fuzzy_logic_dynamic_snr,15.5416,0.5811
57,v3,v6,20.0,90.0,10.0,0.6,0.45,0.1,-13.6761,True,fuzzy_logic_dynamic_snr,13.3976,0.3855
57,v4,v3,40.0,6.32,40.0,1.0,0.0316,0.4,21.5918,False,fuzzy_logic_dynamic_snr,27.7304,0.9793
57,v4,v8,40.0,41.11,10.0,1.0,0.2055,0.1,11.7687,False,fuzzy_logic_dynamic_snr,17.9056,0.8877
57,v4,v12,40.0,62.29,10.0,1.0,0.3114,0.1,8.8811,False,fuzzy_logic_dynamic_snr,15.0191,0.7699
57,v4,v5,40.0,81.06,40.0,1.0,0.4053,0.4,3.8677,False,fuzzy_logic_dynamic_snr,10.0065,0.3787
57,v4,v6,40.0,88.2,30.0,1.0,0.441,0.3,4.0557,False,fuzzy_logic_dynamic_snr,10.1943,0.3885
58,v1,v2,40.0,31.14,10.0,1.0,0.1557,0.1,13.6976,False,fuzzy_logic_dynamic_snr,19.8372,0.9223
58,v1,v6,40.0,42.43,10.0,1.0,0.2121,0.1,11.5496,False,fuzzy_logic_dynamic_snr,17.6863,0.8824
58,v1,v3,40.0,122.15,20.0,1.0,0.6107,0.2,2.7929,False,fuzzy_logic_dynamic_snr,8.929,0.3002
58,v1,v4,40.0,160.0,0.0,1.0,0.8,0.0,4.7341,True,fuzzy_logic_dynamic_snr,21.6934,0.8705
58,v1,v8,40.0,191.02,20.0,1.0,0.9551,0.2,-0.3144,True,fuzzy_logic_dynamic_snr,20.4727,0.8301
58,v2,v6,20.0,11.4,0.0,0.6,0.057,0.0,3.0885,False,fuzzy_logic_dynamic_snr,9.2262,0.3238
58,v2,v1,20.0,31.14,10.0,0.6,0.1557,0.1,-6.3024,False,fuzzy_logic_dynamic_snr,-0.1639,0.1227
58,v2,v3,20.0,91.05,30.0,0.6,0.4552,0.3,-16.1649,True,fuzzy_logic_dynamic_snr,11.6525,0.2867
58,v2,v4,20.0,129.03,10.0,0.6,0.6452,0.1,-16.1796,True,fuzzy_logic_dynamic_snr,11.6479,0.291
58,v2,v8,20.0,160.0,30.0,0.6,0.8,0.3,-20.0824,True,fuzzy_logic_dynamic_snr,8.9855,0.2062
58,v3,v4,20.0,38.47,20.0,0.6,0.1924,0.2,-9.1791,False,fuzzy_logic_dynamic_snr,-3.0425,0.1061
58,v3,v8,20.0,69.07,0.0,0.6,0.3453,0.0,-9.4281,True,fuzzy_logic_dynamic_snr,16.1117,0.5996
58,v3,v5,20.0,79.06,0.0,0.6,0.3953,0.0,-10.367,True,fuzzy_logic_dynamic_snr,15.537,0.5646
58,v3,v6,20.0,80.0,30.0,0.6,0.4,0.3,-15.2659,True,fuzzy_logic_dynamic_snr,12.2591,0.3566
58,v3,v12,20.0,90.0,10.0,0.6,0.45,0.1,-13.6761,True,fuzzy_logic_dynamic_snr,13.3542,0.4074
58,v4,v8,40.0,31.14,20.0,1.0,0.1557,0.2,12.2889,False,fuzzy_logic_dynamic_snr,18.4266,0.8936
58,v4,v3,40.0,38.47,20.0,1.0,0.1924,0.2,10.8209,False,fuzzy_logic_dynamic_snr,16.9572,0.8539
58,v4,v5,40.0,41.11,20.0,1.0,0.2055,0.2,10.3599,False,fuzzy_logic_dynamic_snr,16.4978,0.8264
58,v4,v12,40.0,52.35,10.0,1.0,0.2617,0.1,10.0898,False,fuzzy_logic_dynamic_snr,16.2269,0.817
58,v4,v14,40.0,111.04,10.0,1.0,0.5552,0.1,4.8641,False,fuzzy_logic_dynamic_snr,11.0004,0.4666
59,v1,v2,40.0,21.21,20.0,1.0,0.1061,0.2,14.9573,False,fuzzy_logic_dynamic_snr,21.0938,0.9393
59,v1,v6,40.0,32.56,10.0,1.0,0.1628,0.1,13.3893,False,fuzzy_logic_dynamic_snr,19.5252,0.9117
59,v1,v3,40.0,142.13,30.0,1.0,0.7106,0.3,0.7407,False,fuzzy_logic_dynamic_snr,6.8785,0.2037
59,v1,v4,40.0,160.0,20.0,1.0,0.8,0.2,0.9171,True,fuzzy_logic_dynamic_snr,20.8479,0.8486
59,v2,v6,20.0,11.4,10.0,0.6,0.057,0.1,0.6802,False,fuzzy_logic_dynamic_snr,6.8182,0.2078
59,v2,v1,20.0,21.21,20.0,0.6,0.1061,0.2,-5.0427,False,fuzzy_logic_dynamic_snr,1.0962,0.1252
59,v2,v3,20.0,121.04,10.0,0.6,0.6052,0.1,-15.7349,True,fuzzy_logic_dynamic_snr,11.9842,0.3154
59,v2,v4,20.0,139.03,0.0,0.6,0.6952,0.0,-14.2899,True,fuzzy_logic_dynamic_snr,13.0038,0.3631
59,v2,v8,20.0,190.0,10.0,0.6,0.95,0.1,-18.8683,True,fuzzy_logic_dynamic_snr,9.8124,0.2279
59,v3,v4,20.0,18.97,10.0,0.6,0.0949,0.1,-2.8587,False,fuzzy_logic_dynamic_snr,3.2791,0.1447
59,v3,v8,20.0,69.07,0.0,0.6,0.3453,0.0,-9.4281,True,fuzzy_logic_dynamic_snr,16.0917,0.6098
59,v3,v5,20.0,79.06,20.0,0.6,0.3953,0.2,-14.184,True,fuzzy_logic_dynamic_snr,13.0212,0.377
59,v3,v12,20.0,80.0,30.0,0.6,0.4,0.3,-15.2659,True,fuzzy_logic_dynamic_snr,12.3174,0.3297
59,v3,v6,20.0,110.0,20.0,0.6,0.55,0.2,-16.4793,True,fuzzy_logic_dynamic_snr,11.4445,0.2938
59,v4,v3,40.0,18.97,10.0,1.0,0.0949,0.1,17.1413,False,fuzzy_logic_dynamic_snr,23.2785,0.9648
59,v4,v8,40.0,51.09,10.0,1.0,0.2554,0.1,10.2586,False,fuzzy_logic_dynamic_snr,16.3974,0.8354
59,v4,v5,40.0,61.07,10.0,1.0,0.3054,0.1,9.0181,False,fuzzy_logic_dynamic_snr,15.1543,0.7811
59,v4,v12,40.0,62.29,20.0,1.0,0.3114,0.2,7.4724,False,fuzzy_logic_dynamic_snr,13.6096,0.682
59,v4,v11,40.0,121.04,10.0,1.0,0.6052,0.1,4.2651,False,fuzzy_logic_dynamic_snr,10.4005,0.4039
60,v1,v2,40.0,3.16,0.0,1.0,0.0158,0.0,32.0,False,fuzzy_logic_dynamic_snr,38.1385,0.9951
60,v1,v6,40.0,22.8,20.0,1.0,0.114,0.2,14.455,False,fuzzy_logic_dynamic_snr,20.5924,0.9299
60,v1,v3,40.0,112.16,20.0,1.0,0.5608,0.2,3.3856,False,fuzzy_logic_dynamic_snr,9.5237,0.3287
60,v1,v4,40.0,140.0,0.0,1.0,0.7,0.0,5.662,False,fuzzy_logic_dynamic_snr,11.7977,0.532
60,v1,v8,40.0,181.02,10.0,1.0,0.9051,0.1,1.4679,True,fuzzy_logic_dynamic_snr,21.0224,0.8588
60,v2,v1,20.0,3.16,0.0,0.6,0.0158,0.0,12.0,False,fuzzy_logic_dynamic_snr,18.1375,0.8922
60,v2,v6,20.0,21.21,20.0,0.6,0.1061,0.2,-5.0427,False,fuzzy_logic_dynamic_snr,1.0963,0.1213
60,v2,v3,20.0,111.04,20.0,0.6,0.5552,0.2,-16.5447,True,fuzzy_logic_dynamic_snr,11.3798,0.2871
60,v2,v4,20.0,139.03,0.0,0.6,0.6952,0.0,-14.2899,True,fuzzy_logic_dynamic_snr,12.9773,0.3777
60,v2,v8,20.0,180.0,10.0,0.6,0.9,0.1,-18.4926,True,fuzzy_logic_dynamic_snr,10.0591,0.2434
60,v3,v4,20.0,28.64,20.0,0.6,0.1432,0.2,-7.1275,False,fuzzy_logic_dynamic_snr,-0.9892,0.1178
60,v3,v8,20.0,69.07,30.0,0.6,0.3453,0.3,-14.2446,True,fuzzy_logic_dynamic_snr,13.0028,0.3645
60,v3,v6,20.0,90.0,0.0,0.6,0.45,0.0,-11.2679,True,fuzzy_logic_dynamic_snr,14.9459,0.5078
60,v3,v5,20.0,99.05,10.0,0.6,0.4952,0.1,-14.3416,True,fuzzy_logic_dynamic_snr,12.9081,0.3812
60,v3,v12,20.0,110.0,10.0,0.6,0.55,0.1,-15.0705,True,fuzzy_logic_dynamic_snr,12.3952,0.3502
60,v4,v3,40.0,28.64,20.0,1.0,0.1432,0.2,12.8725,False,fuzzy_logic_dynamic_snr,19.0121,0.9037
60,v4,v8,40.0,41.11,10.0,1.0,0.2055,0.1,11.7687,False,fuzzy_logic_dynamic_snr,17.9054,0.882
60,v4,v5,40.0,71.06,30.0,1.0,0.3553,0.3,5.5572,False,fuzzy_logic_dynamic_snr,11.6976,0.5129
60,v4,v12,40.0,82.22,30.0,1.0,0.4111,0.3,4.5439,False,fuzzy_logic_dynamic_snr,10.6819,0.4213
60,v4,v14,40.0,111.04,0.0,1.0,0.5552,0.0,7.2723,False,fuzzy_logic_dynamic_snr,13.4077,0.6516
61,v1,v2,40.0,3.16,0.0,1.0,0.0158,0.0,32.0,False,fuzzy_logic_dynamic_snr,38.1393,0.9936
61,v1,v6,40.0,42.43,0.0,1.0,0.2121,0.0,13.9578,False,fuzzy_logic_dynamic_snr,20.0957,0.9318
61,v1,v3,40.0,132.14,20.0,1.0,0.6607,0.2,2.2467,False,fuzzy_logic_dynamic_snr,8.3837,0.2678
61,v1,v4,40.0,140.0,10.0,1.0,0.7,0.1,3.2537,False,fuzzy_logic_dynamic_snr,9.3909,0.3377
61,v1,v8,40.0,171.03,10.0,1.0,0.8551,0.1,1.8628,True,fuzzy_logic_dynamic_snr,21.1076,0.8646
61,v2,v1,20.0,3.16,0.0,0.6,0.0158,0.0,12.0,False,fuzzy_logic_dynamic_snr,18.1374,0.8945
61,v2,v6,20.0,41.11,0.0,0.6,0.2055,0.0,-5.8231,False,fuzzy_logic_dynamic_snr,0.3161,0.1143
61,v2,v3,20.0,131.03,20.0,0.6,0.6552,0.2,-17.6951,True,fuzzy_logic_dynamic_snr,10.653,0.2641
61,v2,v4,20.0,139.03,10.0,0.6,0.6952,0.1,-16.6981,True,fuzzy_logic_dynamic_snr,11.2814,0.29
61,v2,v8,20.0,170.0,10.0,0.6,0.85,0.1,-18.0954,True,fuzzy_logic_dynamic_snr,10.2907,0.2578
61,v3,v4,20.0,10.0,10.0,0.6,0.05,0.1,1.5918,False,fuzzy_logic_dynamic_snr,7.7281,0.227
61,v3,v8,20.0,39.12,10.0,0.6,0.1956,0.1,-7.8858,False,fuzzy_logic_dynamic_snr,-1.7477,0.1148
61,v3,v6,20.0,90.0,20.0,0.6,0.45,0.2,-15.0849,True,fuzzy_logic_dynamic_snr,12.4087,0.3354
61,v3,v5,20.0,109.04,40.0,0.6,0.5452,0.4,-18.1932,True,fuzzy_logic_dynamic_snr,10.2428,0.2508
61,v3,v7,20.0,118.15,0.0,0.6,0.5908,0.0,-13.1591,True,fuzzy_logic_dynamic_snr,13.7363,0.4406
61,v4,v3,40.0,10.0,10.0,1.0,0.05,0.1,21.5918,False,fuzzy_logic_dynamic_snr,27.7314,0.9834
61,v4,v8,40.0,31.14,0.0,1.0,0.1557,0.0,16.1058,False,fuzzy_logic_dynamic_snr,22.2441,0.9506
61,v4,v6,40.0,98.18,10.0,1.0,0.4909,0.1,5.7191,False,fuzzy_logic_dynamic_snr,11.8564,0.532
61,v4,v5,40.0,101.04,30.0,1.0,0.5052,0.3,3.1113,False,fuzzy_logic_dynamic_snr,9.249,0.3135
61,v4,v7,40.0,110.0,10.0,1.0,0.55,0.1,4.9295,False,fuzzy_logic_dynamic_snr,11.0692,0.4602
62,v1,v2,40.0,3.16,30.0,1.0,0.0158,0.3,27.1835,False,fuzzy_logic_dynamic_snr,33.3213,0.9902
62,v1,v6,40.0,42.43,0.0,1.0,0.2121,0.0,13.9578,False,fuzzy_logic_dynamic_snr,20.0948,0.926
62,v1,v3,40.0,112.16,10.0,1.0,0.5608,0.1,4.7943,False,fuzzy_logic_dynamic_snr,10.9339,0.4557
62,v1,v4,40.0,130.0,20.0,1.0,0.65,0.2,2.3599,False,fuzzy_logic_dynamic_snr,8.498,0.2688
62,v1,v8,40.0,161.03,0.0,1.0,0.8051,0.0,4.6896,True,fuzzy_logic_dynamic_snr,21.6823,0.8854
62,v2,v1,20.0,3.16,30.0,0.6,0.0158,0.3,7.1835,True,fuzzy_logic_dynamic_snr,22.0112,0.89
62,v2,v6,20.0,41.11,30.0,0.6,0.2055,0.3,-10.6396,True,fuzzy_logic_dynamic_snr,15.3716,0.5549
62,v2,v3,20.0,111.04,20.0,0.6,0.5552,0.2,-16.5447,True,fuzzy_logic_dynamic_snr,11.428,0.2762
62,v2,v4,20.0,129.03,10.0,0.6,0.6452,0.1,-16.1796,True,fuzzy_logic_dynamic_snr,11.6743,0.3131
62,v2,v8,20.0,160.0,30.0,0.6,0.8,0.3,-20.0824,True,fuzzy_logic_dynamic_snr,8.9485,0.2051
62,v3,v4,20.0,18.97,10.0,0.6,0.0949,0.1,-2.8587,False,fuzzy_logic_dynamic_snr,3.2778,0.1486
62,v3,v8,20.0,49.09,10.0,0.6,0.2455,0.1,-9.4644,False,fuzzy_logic_dynamic_snr,-3.3253,0.0992
62,v3,v6,20.0,70.0,10.0,0.6,0.35,0.1,-11.9298,True,fuzzy_logic_dynamic_snr,14.5609,0.4695
62,v3,v2,20.0,111.04,20.0,0.6,0.5552,0.2,-16.5447,True,fuzzy_logic_dynamic_snr,11.3527,0.2787
62,v3,v1,20.0,112.16,10.0,0.6,0.5608,0.1,-15.2057,True,fuzzy_logic_dynamic_snr,12.3271,0.3234
62,v4,v3,40.0,18.97,10.0,1.0,0.0949,0.1,17.1413,False,fuzzy_logic_dynamic_snr,23.2788,0.9467
62,v4,v8,40.0,31.14,20.0,1.0,0.1557,0.2,12.2889,False,fuzzy_logic_dynamic_snr,18.4252,0.8896
62,v4,v6,40.0,88.2,20.0,1.0,0.441,0.2,5.0552,False,fuzzy_logic_dynamic_snr,11.1917,0.4664
62,v4,v7,40.0,100.0,0.0,1.0,0.5,0.0,8.0,False,fuzzy_logic_dynamic_snr,14.1388,0.7125
62,v4,v11,40.0,121.04,0.0,1.0,0.6052,0.0,6.6733,False,fuzzy_logic_dynamic_snr,12.8106,0.6211
63,v1,v2,40.0,29.15,40.0,1.0,0.1458,0.4,10.9729,False,fuzzy_logic_dynamic_snr,17.1112,0.8646
63,v1,v6,40.0,42.43,30.0,1.0,0.2121,0.3,9.1413,False,fuzzy_logic_dynamic_snr,15.2766,0.7822
63,v1,v3,40.0,102.18,30.0,1.0,0.5109,0.3,3.0339,False,fuzzy_logic_dynamic_snr,9.1699,0.3094
63,v1,v4,40.0,110.0,40.0,1.0,0.55,0.4,1.746,False,fuzzy_logic_dynamic_snr,7.8833,0.2361
63,v1,v8,40.0,161.03,10.0,1.0,0.8051,0.1,2.2813,True,fuzzy_logic_dynamic_snr,21.2182,0.8658
63,v2,v1,20.0,29.15,40.0,0.6,0.1458,0.4,-9.0271,True,fuzzy_logic_dynamic_snr,16.3378,0.6098
63,v2,v6,20.0,71.06,10.0,0.6,0.3553,0.1,-12.0346,True,fuzzy_logic_dynamic_snr,14.4315,0.4799
63,v2,v3,20.0,131.03,10.0,0.6,0.6552,0.1,-16.2864,True,fuzzy_logic_dynamic_snr,11.5917,0.2998
63,v2,v4,20.0,139.03,0.0,0.6,0.6952,0.0,-14.2899,True,fuzzy_logic_dynamic_snr,12.9789,0.374
63,v2,v8,20.0,190.0,30.0,0.6,0.95,0.3,-21.2765,True,fuzzy_logic_dynamic_snr,8.1212,0.1869
63,v3,v4,20.0,10.0,10.0,0.6,0.05,0.1,1.5918,False,fuzzy_logic_dynamic_snr,7.732,0.2256
63,v3,v8,20.0,59.08,20.0,0.6,0.2954,0.2,-12.1596,True,fuzzy_logic_dynamic_snr,14.4371,0.4941
63,v3,v6,20.0,60.0,0.0,0.6,0.3,0.0,-8.4504,True,fuzzy_logic_dynamic_snr,16.6854,0.6363
63,v3,v1,20.0,102.18,30.0,0.6,0.5109,0.3,-16.9661,True,fuzzy_logic_dynamic_snr,11.0961,0.2744
63,v3,v7,20.0,108.17,10.0,0.6,0.5408,0.1,-14.9537,True,fuzzy_logic_dynamic_snr,12.5017,0.326
63,v4,v3,40.0,10.0,10.0,1.0,0.05,0.1,21.5918,False,fuzzy_logic_dynamic_snr,27.7316,0.9818
63,v4,v8,40.0,51.09,30.0,1.0,0.2554,0.3,7.8504,False,fuzzy_logic_dynamic_snr,13.989,0.6977
63,v4,v6,40.0,68.26,10.0,1.0,0.3413,0.1,8.2447,False,fuzzy_logic_dynamic_snr,14.3814,0.734
63,v4,v7,40.0,100.0,0.0,1.0,0.5,0.0,8.0,False,fuzzy_logic_dynamic_snr,14.1393,0.7191
63,v4,v1,40.0,110.0,40.0,1.0,0.55,0.4,1.746,False,fuzzy_logic_dynamic_snr,7.8829,0.2283
64,v1,v6,40.0,13.42,10.0,1.0,0.0671,0.1,19.5496,False,fuzzy_logic_dynamic_snr,25.6869,0.9809
64,v1,v2,40.0,69.07,20.0,1.0,0.3453,0.2,6.7549,False,fuzzy_logic_dynamic_snr,12.894,0.6039
64,v1,v4,40.0,70.0,10.0,1.0,0.35,0.1,8.0702,False,fuzzy_logic_dynamic_snr,14.2069,0.7117
64,v1,v3,40.0,72.25,0.0,1.0,0.3612,0.0,10.2586,False,fuzzy_logic_dynamic_snr,16.3955,0.8334
64,v1,v8,40.0,151.03,10.0,1.0,0.7551,0.1,2.7268,False,fuzzy_logic_dynamic_snr,8.8644,0.2928
64,v2,v1,20.0,69.07,20.0,0.6,0.3453,0.2,-13.2451,True,fuzzy_logic_dynamic_snr,13.6743,0.407
64,v2,v6,20.0,81.06,10.0,0.6,0.4053,0.1,-12.9488,True,fuzzy_logic_dynamic_snr,13.8584,0.4375
64,v2,v4,20.0,139.03,10.0,0.6,0.6952,0.1,-16.6981,True,fuzzy_logic_dynamic_snr,11.2803,0.2965
64,v2,v3,20.0,141.03,20.0,0.6,0.7052,0.2,-18.206,True,fuzzy_logic_dynamic_snr,10.242,0.2443
64,v3,v4,20.0,6.32,10.0,0.6,0.0316,0.1,4.7753,False,fuzzy_logic_dynamic_snr,10.9117,0.4498
64,v3,v6,20.0,60.0,10.0,0.6,0.3,0.1,-10.8587,True,fuzzy_logic_dynamic_snr,15.2063,0.5352
64,v3,v1,20.0,72.25,0.0,0.6,0.3612,0.0,-9.7414,True,fuzzy_logic_dynamic_snr,15.9325,0.5975
64,v3,v8,20.0,79.06,10.0,0.6,0.3953,0.1,-12.7753,True,fuzzy_logic_dynamic_snr,13.9692,0.4498
64,v3,v7,20.0,98.18,0.0,0.6,0.4909,0.0,-11.8726,True,fuzzy_logic_dynamic_snr,14.5615,0.4906
64,v4,v3,40.0,6.32,10.0,1.0,0.0316,0.1,24.7753,False,fuzzy_logic_dynamic_snr,30.9127,0.9824
64,v4,v6,40.0,58.31,0.0,1.0,0.2915,0.0,11.7482,False,fuzzy_logic_dynamic_snr,17.8847,0.8799
64,v4,v1,40.0,70.0,10.0,1.0,0.35,0.1,8.0702,False,fuzzy_logic_dynamic_snr,14.2086,0.7209
64,v4,v8,40.0,81.06,20.0,1.0,0.4053,0.2,5.6425,False,fuzzy_logic_dynamic_snr,11.7812,0.5162
64,v4,v7,40.0,100.0,10.0,1.0,0.5,0.1,5.5918,False,fuzzy_logic_dynamic_snr,11.7299,0.5225
65,v1,v6,40.0,6.32,10.0,1.0,0.0316,0.1,24.7753,False,fuzzy_logic_dynamic_snr,30.913,0.9893
65,v1,v4,40.0,60.0,20.0,1.0,0.3,0.2,7.7326,False,fuzzy_logic_dynamic_snr,13.8698,0.6939
65,v1,v2,40.0,68.43,31.62,1.0,0.3421,0.3162,5.6819,False,fuzzy_logic_dynamic_snr,11.8213,0.5236
65,v1,v3,40.0,72.25,20.0,1.0,0.3612,0.2,6.4417,False,fuzzy_logic_dynamic_snr,12.5792,0.5887
65,v1,v8,40.0,161.03,10.0,1.0,0.8051,0.1,2.2813,True,fuzzy_logic_dynamic_snr,21.1995,0.873
65,v2,v6,20.0,67.78,41.23,0.6,0.3389,0.4123,-14.9738,True,fuzzy_logic_dynamic_snr,12.5047,0.3467
65,v2,v1,20.0,68.43,31.62,0.6,0.3421,0.3162,-14.3181,True,fuzzy_logic_dynamic_snr,12.9381,0.3705
65,v2,v4,20.0,124.91,14.14,0.6,0.6245,0.1414,-16.6076,True,fuzzy_logic_dynamic_snr,11.3783,0.3068
65,v2,v3,20.0,135.33,50.99,0.6,0.6766,0.5099,-20.3843,True,fuzzy_logic_dynamic_snr,8.7462,0.1744
65,v3,v4,20.0,13.42,40.0,0.6,0.0671,0.4,-3.6339,True,fuzzy_logic_dynamic_snr,19.1879,0.7814
65,v3,v6,20.0,70.0,10.0,0.6,0.35,0.1,-11.9298,True,fuzzy_logic_dynamic_snr,14.5449,0.5051
65,v3,v1,20.0,72.25,20.0,0.6,0.3612,0.2,-13.5583,True,fuzzy_logic_dynamic_snr,13.4707,0.4
65,v3,v8,20.0,89.05,30.0,0.6,0.4453,0.3,-16.0107,True,fuzzy_logic_dynamic_snr,11.8042,0.3094
65,v3,v7,20.0,98.18,20.0,0.6,0.4909,0.2,-15.6896,True,fuzzy_logic_dynamic_snr,12.0385,0.3326
65,v4,v3,40.0,13.42,40.0,1.0,0.0671,0.4,16.3661,False,fuzzy_logic_dynamic_snr,22.5037,0.9559
65,v4,v6,40.0,58.31,30.0,1.0,0.2915,0.3,6.9317,False,fuzzy_logic_dynamic_snr,13.069,0.6205
65,v4,v1,40.0,60.0,20.0,1.0,0.3,0.2,7.7326,False,fuzzy_logic_dynamic_snr,13.8683,0.6998
65,v4,v8,40.0,101.04,10.0,1.0,0.5052,0.1,5.5196,False,fuzzy_logic_dynamic_snr,11.6579,0.4928
65,v4,v7,40.0,110.0,20.0,1.0,0.55,0.2,3.5207,False,fuzzy_logic_dynamic_snr,9.6575,0.3523
66,v1,v6,40.0,10.0,20.0,1.0,0.05,0.2,20.183,False,fuzzy_logic_dynamic_snr,26.3208,0.9809
66,v1,v2,40.0,51.4,58.31,1.0,0.257,0.5831,5.9487,False,fuzzy_logic_dynamic_snr,12.0857,0.5621
66,v1,v3,40.0,52.35,30.0,1.0,0.2617,0.3,7.6815,False,fuzzy_logic_dynamic_snr,13.8203,0.6918
66,v1,v4,40.0,80.0,40.0,1.0,0.4,0.4,3.9588,False,fuzzy_logic_dynamic_snr,10.0969,0.383
66,v1,v7,40.0,170.0,10.0,1.0,0.85,0.1,1.9046,True,fuzzy_logic_dynamic_snr,21.1143,0.8623
66,v2,v6,20.0,41.88,42.43,0.6,0.2094,0.4243,-11.7086,True,fuzzy_logic_dynamic_snr,14.6778,0.5283
66,v2,v1,20.0,51.4,58.31,0.6,0.257,0.5831,-14.0513,True,fuzzy_logic_dynamic_snr,13.1216,0.3824
66,v2,v3,20.0,90.08,36.06,0.6,0.4504,0.3606,-16.5801,True,fuzzy_logic_dynamic_snr,11.354,0.2877
66,v2,v4,20.0,118.33,31.62,0.6,0.5917,0.3162,-18.1242,True,fuzzy_logic_dynamic_snr,10.3073,0.2373
66,v3,v4,20.0,28.64,10.0,0.6,0.1432,0.1,-5.7188,False,fuzzy_logic_dynamic_snr,0.4186,0.1227
66,v3,v1,20.0,52.35,30.0,0.6,0.2617,0.3,-12.3185,True,fuzzy_logic_dynamic_snr,14.2364,0.4695
66,v3,v6,20.0,60.0,10.0,0.6,0.3,0.1,-10.8587,True,fuzzy_logic_dynamic_snr,15.2157,0.526
66,v3,v2,20.0,90.08,36.06,0.6,0.4504,0.3606,-16.5801,True,fuzzy_logic_dynamic_snr,11.3766,0.2674
66,v3,v7,20.0,118.15,20.0,0.6,0.5908,0.2,-16.9761,True,fuzzy_logic_dynamic_snr,11.095,0.2609
66,v4,v3,40.0,28.64,10.0,1.0,0.1432,0.1,14.2812,False,fuzzy_logic_dynamic_snr,20.419,0.9324
66,v4,v1,40.0,80.0,40.0,1.0,0.4,0.4,3.9588,False,fuzzy_logic_dynamic_snr,10.097,0.3699
66,v4,v6,40.0,88.2,20.0,1.0,0.441,0.2,5.0552,False,fuzzy_logic_dynamic_snr,11.1935,0.4564
66,v4,v7,40.0,90.0,30.0,1.0,0.45,0.3,3.9156,False,fuzzy_logic_dynamic_snr,10.0528,0.375
66,v4,v8,40.0,91.05,10.0,1.0,0.4552,0.1,6.2433,False,fuzzy_logic_dynamic_snr,12.3817,0.5891
67,v1,v6,40.0,6.0,30.0,1.0,0.03,0.3,22.7331,False,fuzzy_logic_dynamic_snr,28.8709,0.9799
67,v1,v2,40.0,55.08,30.0,1.0,0.2754,0.3,7.3274,False,fuzzy_logic_dynamic_snr,13.4647,0.673
67,v1,v3,40.0,66.75,14.14,1.0,0.3338,0.1414,7.7462,False,fuzzy_logic_dynamic_snr,13.8837,0.6945
67,v1,v4,40.0,105.22,22.36,1.0,0.5261,0.2236,3.5661,False,fuzzy_logic_dynamic_snr,9.7025,0.3512
67,v1,v7,40.0,164.78,50.99,1.0,0.8239,0.5099,-1.7525,True,fuzzy_logic_dynamic_snr,19.9669,0.8225
67,v2,v1,20.0,55.08,30.0,0.6,0.2754,0.3,-12.6726,True,fuzzy_logic_dynamic_snr,14.0678,0.4291
67,v2,v6,20.0,55.08,0.0,0.6,0.2754,0.0,-7.8561,True,fuzzy_logic_dynamic_snr,17.033,0.6803
67,v2,v3,20.0,90.52,41.23,0.6,0.4526,0.4123,-16.9842,True,fuzzy_logic_dynamic_snr,11.0818,0.2793
67,v2,v4,20.0,123.46,44.72,0.6,0.6173,0.4472,-19.3696,True,fuzzy_logic_dynamic_snr,9.4422,0.2037
67,v2,v7,20.0,175.96,64.03,0.6,0.8798,0.6403,-22.882,True,fuzzy_logic_dynamic_snr,7.0227,0.1508
67,v3,v4,20.0,38.47,10.0,0.6,0.1924,0.1,-7.7703,False,fuzzy_logic_dynamic_snr,-1.6323,0.1154
67,v3,v6,20.0,60.83,41.23,0.6,0.3041,0.4123,-14.2219,True,fuzzy_logic_dynamic_snr,13.0415,0.373
67,v3,v1,20.0,66.75,14.14,0.6,0.3338,0.1414,-12.2538,True,fuzzy_logic_dynamic_snr,14.3248,0.4602
67,v3,v2,20.0,90.52,41.23,0.6,0.4526,0.4123,-16.9842,True,fuzzy_logic_dynamic_snr,11.1244,0.2709
67,v3,v7,20.0,98.18,40.0,0.6,0.4909,0.4,-17.4644,True,fuzzy_logic_dynamic_snr,10.7305,0.2496
67,v4,v3,40.0,38.47,10.0,1.0,0.1924,0.1,12.2297,False,fuzzy_logic_dynamic_snr,18.3674,0.8896
67,v4,v7,40.0,60.0,30.0,1.0,0.3,0.3,6.7331,False,fuzzy_logic_dynamic_snr,12.8711,0.6166
67,v4,v8,40.0,81.06,10.0,1.0,0.4053,0.1,7.0512,False,fuzzy_logic_dynamic_snr,13.1869,0.64
67,v4,v6,40.0,99.3,44.72,1.0,0.4965,0.4472,2.1437,False,fuzzy_logic_dynamic_snr,8.2832,0.2635
67,v4,v13,40.0,100.0,30.0,1.0,0.5,0.3,3.1835,False,fuzzy_logic_dynamic_snr,9.3201,0.3133
68,v1,v6,40.0,30.59,40.0,1.0,0.153,0.4,10.638,False,fuzzy_logic_dynamic_snr,16.776,0.849
68,v1,v3,40.0,59.46,41.23,1.0,0.2973,0.4123,5.9356,False,fuzzy_logic_dynamic_snr,12.0741,0.5527
68,v1,v2,40.0,85.05,10.0,1.0,0.4253,0.1,6.7167,False,fuzzy_logic_dynamic_snr,12.8546,0.6146
68,v1,v4,40.0,87.93,14.14,1.0,0.4397,0.1414,5.8315,False,fuzzy_logic_dynamic_snr,11.9674,0.5303
68,v1,v7,40.0,116.93,31.62,1.0,0.5846,0.3162,1.9587,False,fuzzy_logic_dynamic_snr,8.0957,0.2443
68,v2,v6,20.0,55.08,30.0,0.6,0.2754,0.3,-12.6726,True,fuzzy_logic_dynamic_snr,14.0397,0.4625
68,v2,v1,20.0,85.05,10.0,0.6,0.4253,0.1,-13.2833,True,fuzzy_logic_dynamic_snr,13.665,0.4217
68,v2,v3,20.0,117.62,44.72,0.6,0.5881,0.4472,-19.0328,True,fuzzy_logic_dynamic_snr,9.6345,0.2332
68,v2,v4,20.0,137.41,22.36,0.6,0.6871,0.2236,-18.2885,True,fuzzy_logic_dynamic_snr,10.2004,0.2389
68,v2,v7,20.0,156.98,36.06,0.6,0.7849,0.3606,-20.4397,True,fuzzy_logic_dynamic_snr,8.6758,0.1936
68,v3,v4,20.0,28.64,30.0,0.6,0.1432,0.3,-8.127,True,fuzzy_logic_dynamic_snr,16.8817,0.6629
68,v3,v7,20.0,58.31,10.0,0.6,0.2915,0.1,-10.6601,True,fuzzy_logic_dynamic_snr,15.3557,0.5672
68,v3,v1,20.0,59.46,41.23,0.6,0.2973,0.4123,-14.0644,True,fuzzy_logic_dynamic_snr,13.1283,0.3793
68,v3,v6,20.0,70.71,64.03,0.6,0.3536,0.6403,-16.5471,True,fuzzy_logic_dynamic_snr,11.3783,0.2902
68,v3,v13,20.0,98.18,0.0,0.6,0.4909,0.0,-11.8726,True,fuzzy_logic_dynamic_snr,14.5573,0.4816
68,v4,v3,40.0,28.64,30.0,1.0,0.1432,0.3,11.873,False,fuzzy_logic_dynamic_snr,18.0128,0.884
68,v4,v7,40.0,30.0,20.0,1.0,0.15,0.2,12.5491,False,fuzzy_logic_dynamic_snr,18.6875,0.9055
68,v4,v13,40.0,70.0,30.0,1.0,0.35,0.3,5.662,False,fuzzy_logic_dynamic_snr,11.8014,0.5174
68,v4,v8,40.0,71.06,40.0,1.0,0.3553,0.4,4.7819,False,fuzzy_logic_dynamic_snr,10.9196,0.4436
68,v4,v1,40.0,87.93,14.14,1.0,0.4397,0.1414,5.8315,False,fuzzy_logic_dynamic_snr,11.9675,0.5381
69,v1,v3,40.0,34.0,50.99,1.0,0.17,0.5099,9.2143,False,fuzzy_logic_dynamic_snr,15.3496,0.7822
69,v1,v6,40.0,70.26,30.0,1.0,0.3513,0.3,5.6365,False,fuzzy_logic_dynamic_snr,11.7738,0.5359
69,v1,v4,40.0,82.29,22.36,1.0,0.4115,0.2236,5.2741,False,fuzzy_logic_dynamic_snr,11.4108,0.4973
69,v1,v7,40.0,91.39,31.62,1.0,0.4569,0.3162,3.671,False,fuzzy_logic_dynamic_snr,9.8076,0.3717
69,v1,v2,40.0,95.05,10.0,1.0,0.4752,0.1,5.9447,False,fuzzy_logic_dynamic_snr,12.0833,0.543
69,v2,v6,20.0,25.18,20.0,0.6,0.1259,0.2,-6.2337,False,fuzzy_logic_dynamic_snr,-0.0967,0.1148
69,v2,v1,20.0,95.05,10.0,0.6,0.4752,0.1,-14.0553,True,fuzzy_logic_dynamic_snr,13.1512,0.3863
69,v2,v3,20.0,125.67,53.85,0.6,0.6284,0.5385,-20.0293,True,fuzzy_logic_dynamic_snr,9.0017,0.1969
69,v2,v4,20.0,149.0,28.28,0.6,0.745,0.2828,-19.4353,True,fuzzy_logic_dynamic_snr,9.3976,0.207
69,v2,v7,20.0,154.02,36.06,0.6,0.7701,0.3606,-20.3075,True,fuzzy_logic_dynamic_snr,8.8434,0.1967
69,v3,v1,20.0,34.0,50.99,0.6,0.17,0.5099,-10.7857,True,fuzzy_logic_dynamic_snr,15.2496,0.56
69,v3,v4,20.0,58.31,30.0,0.6,0.2915,0.3,-13.0683,True,fuzzy_logic_dynamic_snr,13.7847,0.4217
69,v3,v7,20.0,68.26,20.0,0.6,0.3413,0.2,-13.1641,True,fuzzy_logic_dynamic_snr,13.772,0.4316
69,v3,v8,20.0,89.05,0.0,0.6,0.4453,0.0,-11.1942,True,fuzzy_logic_dynamic_snr,15.016,0.5307
69,v3,v13,20.0,98.18,40.0,0.6,0.4909,0.4,-17.4644,True,fuzzy_logic_dynamic_snr,10.8053,0.2609
69,v4,v7,40.0,10.0,10.0,1.0,0.05,0.1,21.5918,False,fuzzy_logic_dynamic_snr,27.7294,0.9863
69,v4,v8,40.0,31.14,30.0,1.0,0.1557,0.3,11.2893,False,fuzzy_logic_dynamic_snr,17.4286,0.8795
69,v4,v13,40.0,40.0,10.0,1.0,0.2,0.1,11.9588,False,fuzzy_logic_dynamic_snr,18.0978,0.899
69,v4,v3,40.0,58.31,30.0,1.0,0.2915,0.3,6.9317,False,fuzzy_logic_dynamic_snr,13.0699,0.6225
69,v4,v1,40.0,82.29,22.36,1.0,0.4115,0.2236,5.2741,False,fuzzy_logic_dynamic_snr,11.4092,0.4764
70,v1,v3,40.0,6.0,20.0,1.0,0.03,0.2,23.7326,False,fuzzy_logic_dynamic_snr,29.8691,0.9857
70,v1,v8,40.0,69.81,50.0,1.0,0.3491,0.5,4.2717,False,fuzzy_logic_dynamic_snr,10.4111,0.3986
70,v1,v4,40.0,70.94,50.0,1.0,0.3547,0.5,4.1609,False,fuzzy_logic_dynamic_snr,10.2988,0.391
70,v1,v7,40.0,70.94,64.03,1.0,0.3547,0.6403,3.4308,False,fuzzy_logic_dynamic_snr,9.5667,0.3459
70,v1,v6,40.0,100.18,10.0,1.0,0.5009,0.1,5.5793,False,fuzzy_logic_dynamic_snr,11.7169,0.5281
70,v2,v6,20.0,5.83,10.0,0.6,0.0292,0.1,5.3399,False,fuzzy_logic_dynamic_snr,11.4766,0.492
70,v2,v1,20.0,105.04,0.0,0.6,0.5252,0.0,-12.3419,True,fuzzy_logic_dynamic_snr,14.2827,0.4553
70,v2,v3,20.0,105.04,20.0,0.6,0.5252,0.2,-16.1588,True,fuzzy_logic_dynamic_snr,11.682,0.3254
70,v2,v8,20.0,156.87,50.0,0.6,0.7843,0.5,-21.3538,True,fuzzy_logic_dynamic_snr,8.0686,0.1793
70,v2,v4,20.0,159.38,50.0,0.6,0.7969,0.5,-21.4642,True,fuzzy_logic_dynamic_snr,7.9856,0.1678
70,v3,v1,20.0,6.0,20.0,0.6,0.03,0.2,3.7326,False,fuzzy_logic_dynamic_snr,9.8696,0.3664
70,v3,v8,20.0,65.19,36.06,0.6,0.326,0.3606,-14.3334,True,fuzzy_logic_dynamic_snr,12.9545,0.3623
70,v3,v4,20.0,66.48,36.06,0.6,0.3324,0.3606,-14.4696,True,fuzzy_logic_dynamic_snr,12.8279,0.3723
70,v3,v7,20.0,66.48,53.85,0.6,0.3324,0.5385,-15.6048,True,fuzzy_logic_dynamic_snr,12.0615,0.3225
70,v3,v6,20.0,100.0,10.0,0.6,0.5,0.1,-14.4082,True,fuzzy_logic_dynamic_snr,12.9161,0.373
70,v4,v7,40.0,0.0,20.0,1.0,0.0,0.2,40.0,False,fuzzy_logic_dynamic_snr,46.1358,0.998
70,v4,v8,40.0,3.16,0.0,1.0,0.0158,0.0,32.0,False,fuzzy_logic_dynamic_snr,38.138,0.9922
70,v4,v13,40.0,50.0,20.0,1.0,0.25,0.2,8.9995,False,fuzzy_logic_dynamic_snr,15.137,0.7848
70,v4,v3,40.0,66.48,36.06,1.0,0.3324,0.3606,5.5304,False,fuzzy_logic_dynamic_snr,11.6672,0.5234
70,v4,v1,40.0,70.94,50.0,1.0,0.3547,0.5,4.1609,False,fuzzy_logic_dynamic_snr,10.2977,0.3969
71,v1,v3,40.0,20.88,30.0,1.0,0.1044,0.3,14.0676,False,fuzzy_logic_dynamic_snr,20.2058,0.9211
71,v1,v7,40.0,86.09,28.28,1.0,0.4305,0.2828,4.3764,False,fuzzy_logic_dynamic_snr,10.5114,0.417
71,v1,v8,40.0,86.68,53.85,1.0,0.4334,0.5385,2.5517,False,fuzzy_logic_dynamic_snr,8.6876,0.2783
71,v1,v4,40.0,89.29,28.28,1.0,0.4464,0.2828,4.1233,False,fuzzy_logic_dynamic_snr,10.2609,0.39
71,v1,v6,40.0,90.2,30.0,1.0,0.451,0.3,3.9002,False,fuzzy_logic_dynamic_snr,10.0378,0.3736
71,v2,v6,20.0,15.3,30.0,0.6,0.0765,0.3,-3.7702,True,fuzzy_logic_dynamic_snr,19.1591,0.8037
71,v2,v1,20.0,105.04,0.0,0.6,0.5252,0.0,-12.3419,True,fuzzy_logic_dynamic_snr,14.2478,0.4766
71,v2,v3,20.0,125.04,30.0,0.6,0.6252,0.3,-18.369,True,fuzzy_logic_dynamic_snr,10.1633,0.2467
71,v2,v8,20.0,189.28,53.85,0.6,0.9464,0.5385,-22.8752,True,fuzzy_logic_dynamic_snr,6.9864,0.1469
71,v2,v7,20.0,191.0,28.28,0.6,0.955,0.2828,-21.1608,True,fuzzy_logic_dynamic_snr,8.2045,0.1809
71,v3,v1,20.0,20.88,30.0,0.6,0.1044,0.3,-5.9324,True,fuzzy_logic_dynamic_snr,18.0883,0.7156
71,v3,v8,20.0,65.8,70.71,0.6,0.329,0.7071,-16.3474,True,fuzzy_logic_dynamic_snr,11.5505,0.3121
71,v3,v7,20.0,66.03,53.85,0.6,0.3302,0.5385,-15.5573,True,fuzzy_logic_dynamic_snr,12.0927,0.3152
71,v3,v4,20.0,68.41,53.85,0.6,0.3421,0.5385,-15.8033,True,fuzzy_logic_dynamic_snr,11.9167,0.317
71,v3,v6,20.0,110.0,0.0,0.6,0.55,0.0,-12.6623,True,fuzzy_logic_dynamic_snr,14.0386,0.4766
71,v4,v8,40.0,3.16,30.0,1.0,0.0158,0.3,27.1835,False,fuzzy_logic_dynamic_snr,33.3205,0.9877
71,v4,v7,40.0,20.0,0.0,1.0,0.1,0.0,19.1835,False,fuzzy_logic_dynamic_snr,25.321,0.9725
71,v4,v3,40.0,68.41,53.85,1.0,0.3421,0.5385,4.1967,False,fuzzy_logic_dynamic_snr,10.3342,0.3855
71,v4,v13,40.0,70.0,30.0,1.0,0.35,0.3,5.662,False,fuzzy_logic_dynamic_snr,11.7998,0.5201
71,v4,v1,40.0,89.29,28.28,1.0,0.4464,0.2828,4.1233,False,fuzzy_logic_dynamic_snr,10.2617,0.3877
72,v1,v3,40.0,11.66,10.0,1.0,0.0583,0.1,20.5234,False,fuzzy_logic_dynamic_snr,26.6613,0.9848
72,v1,v8,40.0,75.06,20.0,1.0,0.3753,0.2,6.1765,False,fuzzy_logic_dynamic_snr,12.3134,0.5613
72,v1,v7,40.0,90.0,40.0,1.0,0.45,0.4,3.1404,False,fuzzy_logic_dynamic_snr,9.2793,0.3051
72,v1,v2,40.0,105.04,0.0,1.0,0.5252,0.0,7.6581,False,fuzzy_logic_dynamic_snr,13.7955,0.6824
72,v1,v4,40.0,106.08,14.14,1.0,0.5304,0.1414,4.528,False,fuzzy_logic_dynamic_snr,10.6672,0.4223
72,v2,v6,20.0,15.3,10.0,0.6,0.0765,0.1,-1.362,False,fuzzy_logic_dynamic_snr,4.7781,0.1568
72,v2,v3,20.0,95.05,10.0,0.6,0.4752,0.1,-14.0553,True,fuzzy_logic_dynamic_snr,13.1488,0.3805
72,v2,v1,20.0,105.04,0.0,0.6,0.5252,0.0,-12.3419,True,fuzzy_logic_dynamic_snr,14.2319,0.4689
72,v2,v8,20.0,180.0,20.0,0.6,0.9,0.2,-19.9013,True,fuzzy_logic_dynamic_snr,9.0531,0.2006
72,v2,v7,20.0,195.02,40.0,0.6,0.9751,0.4,-22.2331,True,fuzzy_logic_dynamic_snr,7.481,0.1668
72,v3,v1,20.0,11.66,10.0,0.6,0.0583,0.1,0.5234,False,fuzzy_logic_dynamic_snr,6.6614,0.1965
72,v3,v8,20.0,85.05,10.0,0.6,0.4253,0.1,-13.2833,True,fuzzy_logic_dynamic_snr,13.6334,0.4191
72,v3,v2,20.0,95.05,10.0,0.6,0.4752,0.1,-14.0553,True,fuzzy_logic_dynamic_snr,13.1555,0.3842
72,v3,v7,20.0,100.18,30.0,0.6,0.5009,0.3,-16.829,True,fuzzy_logic_dynamic_snr,11.2261,0.2783
72,v3,v6,20.0,110.0,0.0,0.6,0.55,0.0,-12.6623,True,fuzzy_logic_dynamic_snr,14.0863,0.4467
72,v4,v7,40.0,16.49,50.99,1.0,0.0825,0.5099,14.2414,False,fuzzy_logic_dynamic_snr,20.3775,0.9289
72,v4,v8,40.0,31.02,31.62,1.0,0.1551,0.3162,11.18,False,fuzzy_logic_dynamic_snr,17.3147,0.866
72,v4,v13,40.0,40.0,10.0,1.0,0.2,0.1,11.9588,False,fuzzy_logic_dynamic_snr,18.0971,0.8893
72,v4,v11,40.0,91.05,20.0,1.0,0.4552,0.2,4.8346,False,fuzzy_logic_dynamic_snr,10.9716,0.4365
72,v4,v12,40.0,92.2,0.0,1.0,0.461,0.0,8.5646,False,fuzzy_logic_dynamic_snr,14.7014,0.7473
73,v1,v3,40.0,20.88,40.0,1.0,0.1044,0.4,13.2923,False,fuzzy_logic_dynamic_snr,19.4315,0.9121
73,v1,v7,40.0,50.0,0.0,1.0,0.25,0.0,12.8165,False,fuzzy_logic_dynamic_snr,18.955,0.9143
73,v1,v8,40.0,55.08,40.0,1.0,0.2754,0.4,6.5521,False,fuzzy_logic_dynamic_snr,12.6902,0.6004
73,v1,v2,40.0,105.04,0.0,1.0,0.5252,0.0,7.6581,False,fuzzy_logic_dynamic_snr,13.7965,0.6822
73,v1,v4,40.0,110.0,10.0,1.0,0.55,0.1,4.9295,False,fuzzy_logic_dynamic_snr,11.0691,0.4592
73,v2,v6,20.0,25.18,30.0,0.6,0.1259,0.3,-7.2332,True,fuzzy_logic_dynamic_snr,17.3704,0.6836
73,v2,v3,20.0,85.05,40.0,0.6,0.4253,0.4,-16.4668,True,fuzzy_logic_dynamic_snr,11.4345,0.2912
73,v2,v1,20.0,105.04,0.0,0.6,0.5252,0.0,-12.3419,True,fuzzy_logic_dynamic_snr,14.2622,0.4717
73,v2,v7,20.0,155.03,0.0,0.6,0.7751,0.0,-15.0466,True,fuzzy_logic_dynamic_snr,12.4649,0.3393
73,v2,v8,20.0,160.0,40.0,0.6,0.8,0.4,-20.8577,True,fuzzy_logic_dynamic_snr,8.4206,0.1869
73,v3,v1,20.0,20.88,40.0,0.6,0.1044,0.4,-6.7077,True,fuzzy_logic_dynamic_snr,17.6548,0.6971
73,v3,v7,20.0,70.26,40.0,0.6,0.3513,0.4,-15.1388,True,fuzzy_logic_dynamic_snr,12.4269,0.3465
73,v3,v8,20.0,75.06,0.0,0.6,0.3753,0.0,-10.0065,True,fuzzy_logic_dynamic_snr,15.7275,0.5754
73,v3,v2,20.0,85.05,40.0,0.6,0.4253,0.4,-16.4668,True,fuzzy_logic_dynamic_snr,11.48,0.3035
73,v3,v6,20.0,110.0,10.0,0.6,0.55,0.1,-15.0705,True,fuzzy_logic_dynamic_snr,12.4115,0.3273
73,v4,v13,40.0,24.74,41.23,1.0,0.1237,0.4123,12.0297,False,fuzzy_logic_dynamic_snr,18.1672,0.8889
73,v4,v8,40.0,55.08,30.0,1.0,0.2754,0.3,7.3274,False,fuzzy_logic_dynamic_snr,13.4647,0.6719
73,v4,v7,40.0,60.0,10.0,1.0,0.3,0.1,9.1413,False,fuzzy_logic_dynamic_snr,15.2802,0.784
73,v4,v11,40.0,65.07,56.57,1.0,0.3253,0.5657,4.3998,False,fuzzy_logic_dynamic_snr,10.5373,0.4133
73,v4,v5,40.0,75.06,64.03,1.0,0.3753,0.6403,3.0381,False,fuzzy_logic_dynamic_snr,9.1758,0.3139
74,v1,v3,40.0,20.88,40.0,1.0,0.1044,0.4,13.2923,False,fuzzy_logic_dynamic_snr,19.4287,0.9182
74,v1,v7,40.0,50.0,20.0,1.0,0.25,0.2,8.9995,False,fuzzy_logic_dynamic_snr,15.1364,0.7768
74,v1,v8,40.0,95.05,40.0,1.0,0.4752,0.4,2.7612,False,fuzzy_logic_dynamic_snr,8.8975,0.2955
74,v1,v6,40.0,100.18,10.0,1.0,0.5009,0.1,5.5793,False,fuzzy_logic_dynamic_snr,11.718,0.5189
74,v1,v2,40.0,105.04,20.0,1.0,0.5252,0.2,3.8412,False,fuzzy_logic_dynamic_snr,9.9785,0.3854
74,v2,v6,20.0,5.83,10.0,0.6,0.0292,0.1,5.3399,False,fuzzy_logic_dynamic_snr,11.4789,0.4945
74,v2,v1,20.0,105.04,20.0,0.6,0.5252,0.2,-16.1588,True,fuzzy_logic_dynamic_snr,11.6754,0.3012
74,v2,v3,20.0,125.04,20.0,0.6,0.6252,0.2,-17.3695,True,fuzzy_logic_dynamic_snr,10.8417,0.2645
74,v2,v7,20.0,155.03,0.0,0.6,0.7751,0.0,-15.0466,True,fuzzy_logic_dynamic_snr,12.4676,0.3348
74,v2,v8,20.0,200.0,20.0,0.6,1.0,0.2,-20.6334,True,fuzzy_logic_dynamic_snr,8.5701,0.1996
74,v3,v1,20.0,20.88,40.0,0.6,0.1044,0.4,-6.7077,True,fuzzy_logic_dynamic_snr,17.6746,0.7037
74,v3,v7,20.0,30.59,20.0,0.6,0.153,0.2,-7.5872,False,fuzzy_logic_dynamic_snr,-1.4487,0.1086
74,v3,v8,20.0,75.06,0.0,0.6,0.3753,0.0,-10.0065,True,fuzzy_logic_dynamic_snr,15.7568,0.5916
74,v3,v4,20.0,100.18,30.0,0.6,0.5009,0.3,-16.829,True,fuzzy_logic_dynamic_snr,11.227,0.2896
74,v3,v6,20.0,120.0,30.0,0.6,0.6,0.3,-18.0834,True,fuzzy_logic_dynamic_snr,10.3444,0.234
74,v4,v8,40.0,25.18,30.0,1.0,0.1259,0.3,12.7668,False,fuzzy_logic_dynamic_snr,18.9052,0.9113
74,v4,v13,40.0,48.08,53.85,1.0,0.2404,0.5385,6.6467,False,fuzzy_logic_dynamic_snr,12.7853,0.5918
74,v4,v5,40.0,49.74,22.36,1.0,0.2487,0.2236,8.7727,False,fuzzy_logic_dynamic_snr,14.9108,0.7674
74,v4,v11,40.0,49.74,36.06,1.0,0.2487,0.3606,7.5465,False,fuzzy_logic_dynamic_snr,13.6828,0.691
74,v4,v14,40.0,55.44,53.85,1.0,0.2772,0.5385,5.657,False,fuzzy_logic_dynamic_snr,11.7941,0.5297
75,v1,v3,40.0,20.88,10.0,1.0,0.1044,0.1,16.4759,False,fuzzy_logic_dynamic_snr,22.6145,0.9547
75,v1,v7,40.0,30.0,30.0,1.0,0.15,0.3,11.5496,False,fuzzy_logic_dynamic_snr,17.6881,0.8771
75,v1,v8,40.0,55.08,20.0,1.0,0.2754,0.2,8.3269,False,fuzzy_logic_dynamic_snr,14.4637,0.7312
75,v1,v4,40.0,110.0,30.0,1.0,0.55,0.3,2.5212,False,fuzzy_logic_dynamic_snr,8.6591,0.274
75,v1,v6,40.0,110.16,10.0,1.0,0.5508,0.1,4.9192,False,fuzzy_logic_dynamic_snr,11.0577,0.4521
75,v2,v6,20.0,15.3,30.0,0.6,0.0765,0.3,-3.7702,True,fuzzy_logic_dynamic_snr,19.137,0.7873
75,v2,v3,20.0,105.04,30.0,0.6,0.5252,0.3,-17.1583,True,fuzzy_logic_dynamic_snr,10.9737,0.2494
75,v2,v1,20.0,125.04,40.0,0.6,0.6252,0.4,-19.1443,True,fuzzy_logic_dynamic_snr,9.5518,0.224
75,v2,v7,20.0,155.03,10.0,0.6,0.7751,0.1,-17.4548,True,fuzzy_logic_dynamic_snr,10.7745,0.2771
75,v2,v8,20.0,180.0,20.0,0.6,0.9,0.2,-19.9013,True,fuzzy_logic_dynamic_snr,9.0434,0.2125
75,v3,v1,20.0,20.88,10.0,0.6,0.1044,0.1,-3.5241,False,fuzzy_logic_dynamic_snr,2.613,0.1354
75,v3,v7,20.0,50.36,20.0,0.6,0.2518,0.2,-11.0502,False,fuzzy_logic_dynamic_snr,-4.9134,0.1021
75,v3,v8,20.0,75.06,10.0,0.6,0.3753,0.1,-12.4148,True,fuzzy_logic_dynamic_snr,14.2007,0.4627
75,v3,v6,20.0,90.0,0.0,0.6,0.45,0.0,-11.2679,True,fuzzy_logic_dynamic_snr,14.9878,0.509
75,v3,v2,20.0,105.04,30.0,0.6,0.5252,0.3,-17.1583,True,fuzzy_logic_dynamic_snr,11.0159,0.2812
75,v4,v13,40.0,30.0,10.0,1.0,0.15,0.1,13.9578,False,fuzzy_logic_dynamic_snr,20.0961,0.9264
75,v4,v14,40.0,45.1,0.0,1.0,0.2255,0.0,13.5332,False,fuzzy_logic_dynamic_snr,19.6692,0.9158
75,v4,v8,40.0,55.08,10.0,1.0,0.2754,0.1,9.7356,False,fuzzy_logic_dynamic_snr,15.8729,0.8105
75,v4,v11,40.0,55.08,0.0,1.0,0.2754,0.0,12.1439,False,fuzzy_logic_dynamic_snr,18.2818,0.8887
75,v4,v5,40.0,64.76,56.57,1.0,0.3238,0.5657,4.4328,False,fuzzy_logic_dynamic_snr,10.5706,0.4205
76,v1,v7,40.0,0.0,10.0,1.0,0.0,0.1,40.0,False,fuzzy_logic_dynamic_snr,46.1388,0.999
76,v1,v3,40.0,30.59,0.0,1.0,0.153,0.0,16.2298,False,fuzzy_logic_dynamic_snr,22.3666,0.9582
76,v1,v8,40.0,35.13,40.0,1.0,0.1756,0.4,9.6777,False,fuzzy_logic_dynamic_snr,15.8153,0.8092
76,v1,v4,40.0,80.0,30.0,1.0,0.4,0.3,4.7341,False,fuzzy_logic_dynamic_snr,10.8717,0.442
76,v1,v13,40.0,120.0,20.0,1.0,0.6,0.2,2.9161,False,fuzzy_logic_dynamic_snr,9.0517,0.301
76,v2,v6,20.0,45.1,20.0,0.6,0.2255,0.2,-10.2838,False,fuzzy_logic_dynamic_snr,-4.1463,0.0996
76,v2,v3,20.0,135.03,0.0,0.6,0.6752,0.0,-14.0871,True,fuzzy_logic_dynamic_snr,13.1137,0.3623
76,v2,v1,20.0,165.03,0.0,0.6,0.8251,0.0,-15.4809,True,fuzzy_logic_dynamic_snr,12.1636,0.3283
76,v2,v7,20.0,165.03,10.0,0.6,0.8251,0.1,-17.8891,True,fuzzy_logic_dynamic_snr,10.492,0.2377
76,v2,v8,20.0,200.0,40.0,0.6,1.0,0.4,-22.4082,True,fuzzy_logic_dynamic_snr,7.3417,0.1459
76,v3,v1,20.0,30.59,0.0,0.6,0.153,0.0,-3.7702,False,fuzzy_logic_dynamic_snr,2.3692,0.1354
76,v3,v7,20.0,30.59,10.0,0.6,0.153,0.1,-6.1784,False,fuzzy_logic_dynamic_snr,-0.0406,0.1256
76,v3,v8,20.0,65.07,40.0,0.6,0.3253,0.4,-14.6058,True,fuzzy_logic_dynamic_snr,12.7525,0.3496
76,v3,v6,20.0,90.0,20.0,0.6,0.45,0.2,-15.0849,True,fuzzy_logic_dynamic_snr,12.4111,0.3406
76,v3,v4,20.0,110.16,30.0,0.6,0.5508,0.3,-17.4891,True,fuzzy_logic_dynamic_snr,10.7779,0.2551
76,v4,v13,40.0,40.0,10.0,1.0,0.2,0.1,11.9588,False,fuzzy_logic_dynamic_snr,18.0977,0.877
76,v4,v8,40.0,45.1,10.0,1.0,0.2255,0.1,11.125,False,fuzzy_logic_dynamic_snr,17.2623,0.8543
76,v4,v14,40.0,45.1,30.0,1.0,0.2255,0.3,8.7167,False,fuzzy_logic_dynamic_snr,14.8555,0.7635
76,v4,v11,40.0,55.08,10.0,1.0,0.2754,0.1,9.7356,False,fuzzy_logic_dynamic_snr,15.8739,0.8037
76,v4,v5,40.0,75.06,30.0,1.0,0.3753,0.3,5.177,False,fuzzy_logic_dynamic_snr,11.3153,0.4768
77,v1,v8,40.0,5.83,10.0,1.0,0.0292,0.1,25.3399,False,fuzzy_logic_dynamic_snr,31.4796,0.9896
77,v1,v7,40.0,10.0,10.0,1.0,0.05,0.1,21.5918,False,fuzzy_logic_dynamic_snr,27.7289,0.9818
77,v1,v3,40.0,30.59,20.0,1.0,0.153,0.2,12.4128,False,fuzzy_logic_dynamic_snr,18.5481,0.8941
77,v1,v4,40.0,50.0,20.0,1.0,0.25,0.2,8.9995,False,fuzzy_logic_dynamic_snr,15.1378,0.7777
77,v1,v11,40.0,95.05,0.0,1.0,0.4752,0.0,8.353,False,fuzzy_logic_dynamic_snr,14.4899,0.7445
77,v2,v6,20.0,25.18,10.0,0.6,0.1259,0.1,-4.825,False,fuzzy_logic_dynamic_snr,1.3133,0.1354
77,v2,v3,20.0,135.03,20.0,0.6,0.6752,0.2,-17.904,True,fuzzy_logic_dynamic_snr,10.4543,0.2482
77,v2,v7,20.0,155.03,10.0,0.6,0.7751,0.1,-17.4548,True,fuzzy_logic_dynamic_snr,10.7625,0.2732
77,v2,v8,20.0,160.0,10.0,0.6,0.8,0.1,-17.6742,True,fuzzy_logic_dynamic_snr,10.657,0.2529
77,v2,v1,20.0,165.03,0.0,0.6,0.8251,0.0,-15.4809,True,fuzzy_logic_dynamic_snr,12.1378,0.3221
77,v3,v7,20.0,20.88,10.0,0.6,0.1044,0.1,-3.5241,False,fuzzy_logic_dynamic_snr,2.6133,0.1383
77,v3,v8,20.0,25.18,30.0,0.6,0.1259,0.3,-7.2332,True,fuzzy_logic_dynamic_snr,17.3845,0.684
77,v3,v1,20.0,30.59,20.0,0.6,0.153,0.2,-7.5872,False,fuzzy_logic_dynamic_snr,-1.4493,0.1105
77,v3,v4,20.0,80.22,40.0,0.6,0.4011,0.4,-16.0607,True,fuzzy_logic_dynamic_snr,11.7233,0.2898
77,v3,v6,20.0,110.0,10.0,0.6,0.55,0.1,-15.0705,True,fuzzy_logic_dynamic_snr,12.4118,0.3635
77,v4,v11,40.0,45.1,20.0,1.0,0.2255,0.2,9.7162,False,fuzzy_logic_dynamic_snr,15.8548,0.8061
77,v4,v1,40.0,50.0,20.0,1.0,0.25,0.2,8.9995,False,fuzzy_logic_dynamic_snr,15.1378,0.7729
77,v4,v13,40.0,50.0,20.0,1.0,0.25,0.2,8.9995,False,fuzzy_logic_dynamic_snr,15.1366,0.7654
77,v4,v8,40.0,55.08,10.0,1.0,0.2754,0.1,9.7356,False,fuzzy_logic_dynamic_snr,15.8739,0.8016
77,v4,v7,40.0,60.0,30.0,1.0,0.3,0.3,6.7331,False,fuzzy_logic_dynamic_snr,12.8707,0.6141
78,v1,v7,40.0,0.0,30.0,1.0,0.0,0.3,40.0,False,fuzzy_logic_dynamic_snr,46.1384,0.998
78,v1,v3,40.0,11.66,40.0,1.0,0.0583,0.4,17.3399,False,fuzzy_logic_dynamic_snr,23.4757,0.9721
78,v1,v8,40.0,15.3,20.0,1.0,0.0765,0.2,17.2293,False,fuzzy_logic_dynamic_snr,23.3669,0.9564
78,v1,v4,40.0,30.0,0.0,1.0,0.15,0.0,16.3661,False,fuzzy_logic_dynamic_snr,22.5055,0.9559
78,v1,v11,40.0,95.05,20.0,1.0,0.4752,0.2,4.536,False,fuzzy_logic_dynamic_snr,10.6749,0.4305
78,v2,v6,20.0,35.13,40.0,0.6,0.1756,0.4,-10.3223,True,fuzzy_logic_dynamic_snr,15.5851,0.5682
78,v2,v8,20.0,150.0,20.0,0.6,0.75,0.2,-18.6344,True,fuzzy_logic_dynamic_snr,9.9701,0.2295
78,v2,v3,20.0,155.03,40.0,0.6,0.7751,0.4,-20.6384,True,fuzzy_logic_dynamic_snr,8.5948,0.1813
78,v2,v1,20.0,165.03,0.0,0.6,0.8251,0.0,-15.4809,True,fuzzy_logic_dynamic_snr,12.1387,0.334
78,v2,v7,20.0,165.03,30.0,0.6,0.8251,0.3,-20.2974,True,fuzzy_logic_dynamic_snr,8.794,0.2068
78,v3,v8,20.0,5.83,20.0,0.6,0.0292,0.2,3.9312,False,fuzzy_logic_dynamic_snr,10.0706,0.3871
78,v3,v1,20.0,11.66,40.0,0.6,0.0583,0.4,-2.6601,True,fuzzy_logic_dynamic_snr,19.599,0.7887
78,v3,v7,20.0,11.66,10.0,0.6,0.0583,0.1,0.5234,False,fuzzy_logic_dynamic_snr,6.6605,0.2008
78,v3,v4,20.0,40.45,40.0,0.6,0.2022,0.4,-11.302,True,fuzzy_logic_dynamic_snr,14.9338,0.5029
78,v3,v11,20.0,105.04,20.0,0.6,0.5252,0.2,-16.1588,True,fuzzy_logic_dynamic_snr,11.7005,0.2902
78,v4,v1,40.0,30.0,0.0,1.0,0.15,0.0,16.3661,False,fuzzy_logic_dynamic_snr,22.502,0.9541
78,v4,v7,40.0,30.0,30.0,1.0,0.15,0.3,11.5496,False,fuzzy_logic_dynamic_snr,17.6836,0.8846
78,v4,v3,40.0,40.45,40.0,1.0,0.2022,0.4,8.698,False,fuzzy_logic_dynamic_snr,14.8348,0.7496
78,v4,v8,40.0,45.1,20.0,1.0,0.2255,0.2,9.7162,False,fuzzy_logic_dynamic_snr,15.8543,0.802
78,v4,v11,40.0,65.07,20.0,1.0,0.3253,0.2,7.169,False,fuzzy_logic_dynamic_snr,13.3065,0.6486
79,v1,v8,40.0,5.83,20.0,1.0,0.0292,0.2,23.9312,False,fuzzy_logic_dynamic_snr,30.0682,0.9863
79,v1,v4,40.0,30.0,10.0,1.0,0.15,0.1,13.9578,False,fuzzy_logic_dynamic_snr,20.096,0.927
79,v1,v7,40.0,30.0,30.0,1.0,0.15,0.3,11.5496,False,fuzzy_logic_dynamic_snr,17.6891,0.8764
79,v1,v3,40.0,30.59,10.0,1.0,0.153,0.1,13.8216,False,fuzzy_logic_dynamic_snr,19.9609,0.9295
79,v1,v6,40.0,90.2,20.0,1.0,0.451,0.2,4.8997,False,fuzzy_logic_dynamic_snr,11.0378,0.4482
79,v2,v6,20.0,75.06,10.0,0.6,0.3753,0.1,-12.4148,True,fuzzy_logic_dynamic_snr,14.2073,0.4604
79,v2,v1,20.0,165.03,30.0,0.6,0.8251,0.3,-20.2974,True,fuzzy_logic_dynamic_snr,8.7739,0.1967
79,v2,v8,20.0,170.0,10.0,0.6,0.85,0.1,-18.0954,True,fuzzy_logic_dynamic_snr,10.3301,0.2408
79,v2,v3,20.0,195.02,20.0,0.6,0.9751,0.2,-20.4583,True,fuzzy_logic_dynamic_snr,8.6368,0.1951
79,v2,v4,20.0,195.02,20.0,0.6,0.9751,0.2,-20.4583,True,fuzzy_logic_dynamic_snr,8.7402,0.1908
79,v3,v4,20.0,6.0,0.0,0.6,0.03,0.0,7.5496,False,fuzzy_logic_dynamic_snr,13.6877,0.6859
79,v3,v7,20.0,6.0,20.0,0.6,0.03,0.2,3.7326,False,fuzzy_logic_dynamic_snr,9.8685,0.3518
79,v3,v8,20.0,25.18,10.0,0.6,0.1259,0.1,-4.825,False,fuzzy_logic_dynamic_snr,1.3122,0.1256
79,v3,v1,20.0,30.59,10.0,0.6,0.153,0.1,-6.1784,False,fuzzy_logic_dynamic_snr,-0.042,0.1271
79,v3,v11,20.0,85.05,10.0,0.6,0.4253,0.1,-13.2833,True,fuzzy_logic_dynamic_snr,13.6517,0.4369
79,v4,v7,40.0,0.0,20.0,1.0,0.0,0.2,40.0,False,fuzzy_logic_dynamic_snr,46.1373,0.998
79,v4,v3,40.0,6.0,0.0,1.0,0.03,0.0,27.5496,False,fuzzy_logic_dynamic_snr,33.6871,0.9941
79,v4,v8,40.0,25.18,10.0,1.0,0.1259,0.1,15.175,False,fuzzy_logic_dynamic_snr,21.3119,0.9469
79,v4,v1,40.0,30.0,10.0,1.0,0.15,0.1,13.9578,False,fuzzy_logic_dynamic_snr,20.0947,0.9172
79,v4,v11,40.0,85.05,10.0,1.0,0.4253,0.1,6.7167,False,fuzzy_logic_dynamic_snr,12.8559,0.6068
80,v1,v8,40.0,25.18,20.0,1.0,0.1259,0.2,13.7663,False,fuzzy_logic_dynamic_snr,19.9045,0.9205
80,v1,v4,40.0,40.0,10.0,1.0,0.2,0.1,11.9588,False,fuzzy_logic_dynamic_snr,18.0979,0.8873
80,v1,v3,40.0,40.45,0.0,1.0,0.2022,0.0,14.2897,False,fuzzy_logic_dynamic_snr,20.4281,0.927
80,v1,v7,40.0,60.0,10.0,1.0,0.3,0.1,9.1413,False,fuzzy_logic_dynamic_snr,15.2765,0.7969
80,v1,v6,40.0,70.26,0.0,1.0,0.3513,0.0,10.453,False,fuzzy_logic_dynamic_snr,16.593,0.8357
80,v2,v6,20.0,65.07,0.0,0.6,0.3253,0.0,-9.014,True,fuzzy_logic_dynamic_snr,16.3671,0.6078
80,v2,v1,20.0,135.03,0.0,0.6,0.6752,0.0,-14.0871,True,fuzzy_logic_dynamic_snr,13.0978,0.3943
80,v2,v8,20.0,160.0,20.0,0.6,0.8,0.2,-19.0829,True,fuzzy_logic_dynamic_snr,9.6249,0.2367
80,v2,v3,20.0,175.03,0.0,0.6,0.8751,0.0,-15.8896,True,fuzzy_logic_dynamic_snr,11.9097,0.3029
80,v2,v4,20.0,175.03,10.0,0.6,0.8751,0.1,-18.2979,True,fuzzy_logic_dynamic_snr,10.225,0.2217
80,v3,v4,20.0,6.0,10.0,0.6,0.03,0.1,5.1413,False,fuzzy_logic_dynamic_snr,11.2796,0.4801
80,v3,v8,20.0,15.3,20.0,0.6,0.0765,0.2,-2.7707,False,fuzzy_logic_dynamic_snr,3.3651,0.1531
80,v3,v7,20.0,20.88,10.0,0.6,0.1044,0.1,-3.5241,False,fuzzy_logic_dynamic_snr,2.613,0.1359
80,v3,v1,20.0,40.45,0.0,0.6,0.2022,0.0,-5.7103,False,fuzzy_logic_dynamic_snr,0.4249,0.1188
80,v3,v11,20.0,75.06,10.0,0.6,0.3753,0.1,-12.4148,True,fuzzy_logic_dynamic_snr,14.2181,0.4891
80,v4,v3,40.0,6.0,10.0,1.0,0.03,0.1,25.1413,False,fuzzy_logic_dynamic_snr,31.2803,0.9844
80,v4,v8,40.0,15.3,30.0,1.0,0.0765,0.3,16.2298,False,fuzzy_logic_dynamic_snr,22.3672,0.9539
80,v4,v7,40.0,20.0,20.0,1.0,0.1,0.2,15.3666,False,fuzzy_logic_dynamic_snr,21.5026,0.9484
80,v4,v1,40.0,40.0,10.0,1.0,0.2,0.1,11.9588,False,fuzzy_logic_dynamic_snr,18.1004,0.876
80,v4,v11,40.0,75.06,20.0,1.0,0.3753,0.2,6.1765,False,fuzzy_logic_dynamic_snr,12.3159,0.5643
81,v1,v4,40.0,30.0,30.0,1.0,0.15,0.3,11.5496,False,fuzzy_logic_dynamic_snr,17.6871,0.8857
81,v1,v3,40.0,40.45,30.0,1.0,0.2022,0.3,9.4733,False,fuzzy_logic_dynamic_snr,15.6093,0.8002
81,v1,v8,40.0,45.1,20.0,1.0,0.2255,0.2,9.7162,False,fuzzy_logic_dynamic_snr,15.8552,0.8131
81,v1,v7,40.0,70.0,20.0,1.0,0.35,0.2,6.6615,False,fuzzy_logic_dynamic_snr,12.7984,0.6139
81,v1,v6,40.0,70.26,10.0,1.0,0.3513,0.1,8.0448,False,fuzzy_logic_dynamic_snr,14.1828,0.7328
81,v2,v6,20.0,65.07,20.0,0.6,0.3253,0.2,-12.831,True,fuzzy_logic_dynamic_snr,13.942,0.451
81,v2,v1,20.0,135.03,10.0,0.6,0.6752,0.1,-16.4953,True,fuzzy_logic_dynamic_snr,11.422,0.3123
81,v2,v4,20.0,165.03,40.0,0.6,0.8251,0.4,-21.0727,True,fuzzy_logic_dynamic_snr,8.2759,0.1729
81,v2,v3,20.0,175.03,40.0,0.6,0.8751,0.4,-21.4814,True,fuzzy_logic_dynamic_snr,7.8942,0.184
81,v2,v8,20.0,180.0,30.0,0.6,0.9,0.3,-20.9008,True,fuzzy_logic_dynamic_snr,8.3357,0.1801
81,v3,v8,20.0,5.83,10.0,0.6,0.0292,0.1,5.3399,False,fuzzy_logic_dynamic_snr,11.4787,0.4959
81,v3,v4,20.0,11.66,0.0,0.6,0.0583,0.0,2.9317,False,fuzzy_logic_dynamic_snr,9.0679,0.2967
81,v3,v7,20.0,30.59,10.0,0.6,0.153,0.1,-6.1784,False,fuzzy_logic_dynamic_snr,-0.041,0.1139
81,v3,v1,20.0,40.45,30.0,0.6,0.2022,0.3,-10.5267,True,fuzzy_logic_dynamic_snr,15.394,0.5469
81,v3,v11,20.0,85.05,20.0,0.6,0.4253,0.2,-14.692,True,fuzzy_logic_dynamic_snr,12.7118,0.3609
81,v4,v3,40.0,11.66,0.0,1.0,0.0583,0.0,22.9317,False,fuzzy_logic_dynamic_snr,29.0704,0.9824
81,v4,v8,40.0,15.3,10.0,1.0,0.0765,0.1,18.638,False,fuzzy_logic_dynamic_snr,24.777,0.9691
81,v4,v1,40.0,30.0,30.0,1.0,0.15,0.3,11.5496,False,fuzzy_logic_dynamic_snr,17.6875,0.884
81,v4,v7,40.0,40.0,10.0,1.0,0.2,0.1,11.9588,False,fuzzy_logic_dynamic_snr,18.0956,0.8814
81,v4,v11,40.0,95.05,20.0,1.0,0.4752,0.2,4.536,False,fuzzy_logic_dynamic_snr,10.674,0.4051
82,v1,v4,40.0,60.0,40.0,1.0,0.3,0.4,5.9578,False,fuzzy_logic_dynamic_snr,12.0936,0.5488
82,v1,v6,40.0,60.3,40.0,1.0,0.3015,0.4,5.9232,False,fuzzy_logic_dynamic_snr,12.0614,0.5428
82,v1,v8,40.0,65.07,40.0,1.0,0.3253,0.4,5.3942,False,fuzzy_logic_dynamic_snr,11.5301,0.4994
82,v1,v3,40.0,70.26,20.0,1.0,0.3513,0.2,6.636,False,fuzzy_logic_dynamic_snr,12.7739,0.599
82,v1,v7,40.0,90.0,10.0,1.0,0.45,0.1,6.3239,False,fuzzy_logic_dynamic_snr,12.4631,0.5711
82,v2,v6,20.0,85.05,40.0,0.6,0.4253,0.4,-16.4668,True,fuzzy_logic_dynamic_snr,11.4793,0.2918
82,v2,v1,20.0,145.03,0.0,0.6,0.7252,0.0,-14.5834,True,fuzzy_logic_dynamic_snr,12.776,0.3609
82,v3,v8,20.0,5.83,20.0,0.6,0.0292,0.2,3.9312,False,fuzzy_logic_dynamic_snr,10.0687,0.3836
82,v3,v4,20.0,11.66,20.0,0.6,0.0583,0.2,-0.8853,False,fuzzy_logic_dynamic_snr,5.2543,0.1578
82,v3,v7,20.0,20.88,10.0,0.6,0.1044,0.1,-3.5241,False,fuzzy_logic_dynamic_snr,2.6155,0.1324
82,v3,v11,20.0,65.07,0.0,0.6,0.3253,0.0,-9.014,True,fuzzy_logic_dynamic_snr,16.3597,0.6025
82,v3,v1,20.0,70.26,20.0,0.6,0.3513,0.2,-13.364,True,fuzzy_logic_dynamic_snr,13.5982,0.4217
82,v4,v8,40.0,5.83,0.0,1.0,0.0292,0.0,27.7482,False,fuzzy_logic_dynamic_snr,33.8836,0.9887
82,v4,v3,40.0,11.66,20.0,1.0,0.0583,0.2,19.1147,False,fuzzy_logic_dynamic_snr,25.2545,0.9701
82,v4,v7,40.0,30.0,30.0,1.0,0.15,0.3,11.5496,False,fuzzy_logic_dynamic_snr,17.6869,0.8709
82,v4,v1,40.0,60.0,40.0,1.0,0.3,0.4,5.9578,False,fuzzy_logic_dynamic_snr,12.0946,0.54
82,v4,v11,40.0,75.06,20.0,1.0,0.3753,0.2,6.1765,False,fuzzy_logic_dynamic_snr,12.3141,0.5613
83,v1,v6,40.0,20.88,20.0,1.0,0.1044,0.2,15.0671,False,fuzzy_logic_dynamic_snr,21.2058,0.9387
83,v1,v3,40.0,90.2,20.0,1.0,0.451,0.2,4.8997,False,fuzzy_logic_dynamic_snr,11.0363,0.465
83,v1,v4,40.0,100.0,10.0,1.0,0.5,0.1,5.5918,False,fuzzy_logic_dynamic_snr,11.7303,0.5041
83,v1,v7,40.0,100.0,10.0,1.0,0.5,0.1,5.5918,False,fuzzy_logic_dynamic_snr,11.7301,0.5244
83,v1,v8,40.0,105.04,20.0,1.0,0.5252,0.2,3.8412,False,fuzzy_logic_dynamic_snr,9.9765,0.3611
83,v2,v6,20.0,125.04,10.0,0.6,0.6252,0.1,-15.9608,True,fuzzy_logic_dynamic_snr,11.8409,0.2979
83,v2,v1,20.0,145.03,10.0,0.6,0.7252,0.1,-16.9916,True,fuzzy_logic_dynamic_snr,11.0913,0.2734
83,v3,v4,20.0,11.66,10.0,0.6,0.0583,0.1,0.5234,False,fuzzy_logic_dynamic_snr,6.6638,0.1926
83,v3,v7,20.0,11.66,10.0,0.6,0.0583,0.1,0.5234,False,fuzzy_logic_dynamic_snr,6.6623,0.1936
83,v3,v8,20.0,15.3,40.0,0.6,0.0765,0.4,-4.5455,True,fuzzy_logic_dynamic_snr,18.7608,0.784
83,v3,v11,20.0,65.07,0.0,0.6,0.3253,0.0,-9.014,True,fuzzy_logic_dynamic_snr,16.3377,0.6104
83,v3,v1,20.0,90.2,20.0,0.6,0.451,0.2,-15.1003,True,fuzzy_logic_dynamic_snr,12.4467,0.3395
83,v4,v7,40.0,0.0,0.0,1.0,0.0,0.0,40.0,False,fuzzy_logic_dynamic_snr,46.1376,0.998
83,v4,v8,40.0,5.83,30.0,1.0,0.0292,0.3,22.9317,False,fuzzy_logic_dynamic_snr,29.0696,0.9834
83,v4,v3,40.0,11.66,10.0,1.0,0.0583,0.1,20.5234,False,fuzzy_logic_dynamic_snr,26.6605,0.9775
83,v4,v11,40.0,55.08,10.0,1.0,0.2754,0.1,9.7356,False,fuzzy_logic_dynamic_snr,15.8748,0.8068
83,v4,v5,40.0,95.05,10.0,1.0,0.4752,0.1,5.9447,False,fuzzy_logic_dynamic_snr,12.0811,0.5473
84,v1,v6,40.0,6.0,10.0,1.0,0.03,0.1,25.1413,False,fuzzy_logic_dynamic_snr,31.2797,0.9887
84,v1,v3,40.0,70.26,0.0,1.0,0.3513,0.0,10.453,False,fuzzy_logic_dynamic_snr,16.5908,0.8391
84,v1,v4,40.0,90.0,40.0,1.0,0.45,0.4,3.1404,False,fuzzy_logic_dynamic_snr,9.2777,0.3121
84,v1,v7,40.0,90.0,20.0,1.0,0.45,0.2,4.9151,False,fuzzy_logic_dynamic_snr,11.0506,0.45
84,v1,v8,40.0,125.04,20.0,1.0,0.6252,0.2,2.6305,False,fuzzy_logic_dynamic_snr,8.7683,0.2879
84,v2,v1,20.0,135.03,40.0,0.6,0.6752,0.4,-19.6788,True,fuzzy_logic_dynamic_snr,9.207,0.2215
84,v2,v6,20.0,135.03,30.0,0.6,0.6752,0.3,-18.9035,True,fuzzy_logic_dynamic_snr,9.7314,0.2467
84,v3,v4,20.0,20.88,40.0,0.6,0.1044,0.4,-6.7077,True,fuzzy_logic_dynamic_snr,17.6833,0.7148
84,v3,v7,20.0,20.88,20.0,0.6,0.1044,0.2,-4.9329,False,fuzzy_logic_dynamic_snr,1.203,0.1305
84,v3,v8,20.0,55.08,20.0,0.6,0.2754,0.2,-11.6731,True,fuzzy_logic_dynamic_snr,14.7088,0.5002
84,v3,v11,20.0,65.07,0.0,0.6,0.3253,0.0,-9.014,True,fuzzy_logic_dynamic_snr,16.3463,0.6123
84,v3,v6,20.0,70.0,10.0,0.6,0.35,0.1,-11.9298,True,fuzzy_logic_dynamic_snr,14.5442,0.5062
84,v4,v7,40.0,0.0,20.0,1.0,0.0,0.2,40.0,False,fuzzy_logic_dynamic_snr,46.1367,0.9961
84,v4,v3,40.0,20.88,40.0,1.0,0.1044,0.4,13.2923,False,fuzzy_logic_dynamic_snr,19.4292,0.9117
84,v4,v8,40.0,35.13,20.0,1.0,0.1756,0.2,11.4525,False,fuzzy_logic_dynamic_snr,17.5922,0.8838
84,v4,v11,40.0,45.1,40.0,1.0,0.2255,0.4,7.9414,False,fuzzy_logic_dynamic_snr,14.0773,0.7117
84,v4,v1,40.0,90.0,40.0,1.0,0.45,0.4,3.1404,False,fuzzy_logic_dynamic_snr,9.278,0.3303
85,v1,v6,40.0,11.66,10.0,1.0,0.0583,0.1,20.5234,False,fuzzy_logic_dynamic_snr,26.661,0.974
85,v1,v4,40.0,50.0,0.0,1.0,0.25,0.0,12.8165,False,fuzzy_logic_dynamic_snr,18.9541,0.8998
85,v1,v7,40.0,70.0,10.0,1.0,0.35,0.1,8.0702,False,fuzzy_logic_dynamic_snr,14.2069,0.7193
85,v1,v3,40.0,70.26,10.0,1.0,0.3513,0.1,8.0448,False,fuzzy_logic_dynamic_snr,14.1832,0.709
85,v1,v8,40.0,105.04,10.0,1.0,0.5252,0.1,5.2499,False,fuzzy_logic_dynamic_snr,11.3899,0.4979
85,v2,v6,20.0,165.03,0.0,0.6,0.8251,0.0,-15.4809,True,fuzzy_logic_dynamic_snr,12.1422,0.3297
85,v2,v1,20.0,175.03,10.0,0.6,0.8751,0.1,-18.2979,True,fuzzy_logic_dynamic_snr,10.2021,0.2346
85,v3,v7,20.0,6.0,20.0,0.6,0.03,0.2,3.7326,False,fuzzy_logic_dynamic_snr,9.8712,0.3629
85,v3,v4,20.0,20.88,10.0,0.6,0.1044,0.1,-3.5241,False,fuzzy_logic_dynamic_snr,2.6119,0.1379
85,v3,v8,20.0,35.13,20.0,0.6,0.1756,0.2,-8.5475,False,fuzzy_logic_dynamic_snr,-2.4089,0.1061
85,v3,v11,20.0,65.07,40.0,0.6,0.3253,0.4,-14.6058,True,fuzzy_logic_dynamic_snr,12.7651,0.3797
85,v3,v1,20.0,70.26,10.0,0.6,0.3513,0.1,-11.9552,True,fuzzy_logic_dynamic_snr,14.5426,0.4826
85,v4,v7,40.0,20.0,10.0,1.0,0.1,0.1,16.7753,False,fuzzy_logic_dynamic_snr,22.9144,0.9564
85,v4,v3,40.0,20.88,10.0,1.0,0.1044,0.1,16.4759,False,fuzzy_logic_dynamic_snr,22.6157,0.9607
85,v4,v1,40.0,50.0,0.0,1.0,0.25,0.0,12.8165,False,fuzzy_logic_dynamic_snr,18.9553,0.908
85,v4,v8,40.0,55.08,10.0,1.0,0.2754,0.1,9.7356,False,fuzzy_logic_dynamic_snr,15.8734,0.8143
85,v4,v6,40.0,60.3,10.0,1.0,0.3015,0.1,9.1068,False,fuzzy_logic_dynamic_snr,15.2455,0.7869
86,v1,v6,40.0,20.88,0.0,1.0,0.1044,0.0,18.8841,False,fuzzy_logic_dynamic_snr,25.0223,0.9701
86,v1,v4,40.0,50.0,20.0,1.0,0.25,0.2,8.9995,False,fuzzy_logic_dynamic_snr,15.1377,0.7816
86,v1,v3,40.0,60.3,10.0,1.0,0.3015,0.1,9.1068,False,fuzzy_logic_dynamic_snr,15.2452,0.7791
86,v1,v7,40.0,80.0,0.0,1.0,0.4,0.0,9.5506,False,fuzzy_logic_dynamic_snr,15.691,0.8135
86,v1,v8,40.0,115.04,20.0,1.0,0.5752,0.2,3.2095,False,fuzzy_logic_dynamic_snr,9.3456,0.3195
86,v2,v6,20.0,165.03,10.0,0.6,0.8251,0.1,-17.8891,True,fuzzy_logic_dynamic_snr,10.4844,0.24
86,v2,v1,20.0,185.02,10.0,0.6,0.9251,0.1,-18.6839,True,fuzzy_logic_dynamic_snr,9.9551,0.2363
86,v3,v4,20.0,11.66,30.0,0.6,0.0583,0.3,-1.8848,True,fuzzy_logic_dynamic_snr,19.9226,0.816
86,v3,v7,20.0,20.88,10.0,0.6,0.1044,0.1,-3.5241,False,fuzzy_logic_dynamic_snr,2.6114,0.1373
86,v3,v8,20.0,55.08,30.0,0.6,0.2754,0.3,-12.6726,True,fuzzy_logic_dynamic_snr,14.0534,0.45
86,v3,v1,20.0,60.3,10.0,0.6,0.3015,0.1,-10.8932,True,fuzzy_logic_dynamic_snr,15.1911,0.5365
86,v3,v6,20.0,80.0,10.0,0.6,0.4,0.1,-12.8577,True,fuzzy_logic_dynamic_snr,13.9087,0.4568
86,v4,v3,40.0,11.66,30.0,1.0,0.0583,0.3,18.1152,False,fuzzy_logic_dynamic_snr,24.2525,0.9676
86,v4,v7,40.0,30.0,20.0,1.0,0.15,0.2,12.5491,False,fuzzy_logic_dynamic_snr,18.6857,0.8971
86,v4,v1,40.0,50.0,20.0,1.0,0.25,0.2,8.9995,False,fuzzy_logic_dynamic_snr,15.1359,0.7727
86,v4,v8,40.0,65.07,0.0,1.0,0.3253,0.0,10.986,False,fuzzy_logic_dynamic_snr,17.1233,0.858
86,v4,v6,40.0,70.26,20.0,1.0,0.3513,0.2,6.636,False,fuzzy_logic_dynamic_snr,12.7754,0.5967
87,v1,v6,40.0,20.88,20.0,1.0,0.1044,0.2,15.0671,False,fuzzy_logic_dynamic_snr,21.2043,0.9406
87,v1,v3,40.0,50.36,10.0,1.0,0.2518,0.1,10.3586,False,fuzzy_logic_dynamic_snr,16.4952,0.8402
87,v1,v4,40.0,70.0,20.0,1.0,0.35,0.2,6.6615,False,fuzzy_logic_dynamic_snr,12.7992,0.6123
87,v1,v7,40.0,80.0,10.0,1.0,0.4,0.1,7.1423,False,fuzzy_logic_dynamic_snr,13.2789,0.6418
87,v1,v8,40.0,135.03,20.0,1.0,0.6752,0.2,2.096,False,fuzzy_logic_dynamic_snr,8.2328,0.2533
87,v2,v6,20.0,175.03,40.0,0.6,0.8751,0.4,-21.4814,True,fuzzy_logic_dynamic_snr,7.9879,0.1645
87,v2,v1,20.0,195.02,20.0,0.6,0.9751,0.2,-20.4583,True,fuzzy_logic_dynamic_snr,8.6583,0.1766
87,v3,v4,20.0,20.88,10.0,0.6,0.1044,0.1,-3.5241,False,fuzzy_logic_dynamic_snr,2.614,0.1463
87,v3,v7,20.0,30.59,0.0,0.6,0.153,0.0,-3.7702,False,fuzzy_logic_dynamic_snr,2.3664,0.1359
87,v3,v1,20.0,50.36,10.0,0.6,0.2518,0.1,-9.6414,False,fuzzy_logic_dynamic_snr,-3.5013,0.1061
87,v3,v6,20.0,70.0,30.0,0.6,0.35,0.3,-14.338,True,fuzzy_logic_dynamic_snr,12.9292,0.3998
87,v3,v8,20.0,85.05,30.0,0.6,0.4253,0.3,-15.6915,True,fuzzy_logic_dynamic_snr,12.0261,0.3037
87,v4,v7,40.0,10.0,10.0,1.0,0.05,0.1,21.5918,False,fuzzy_logic_dynamic_snr,27.73,0.976
87,v4,v3,40.0,20.88,10.0,1.0,0.1044,0.1,16.4759,False,fuzzy_logic_dynamic_snr,22.613,0.9461
87,v4,v8,40.0,65.07,40.0,1.0,0.3253,0.4,5.3942,False,fuzzy_logic_dynamic_snr,11.532,0.4883
87,v4,v1,40.0,70.0,20.0,1.0,0.35,0.2,6.6615,False,fuzzy_logic_dynamic_snr,12.7988,0.6193
87,v4,v11,40.0,75.06,0.0,1.0,0.3753,0.0,9.9935,False,fuzzy_logic_dynamic_snr,16.13,0.8225
88,v1,v6,40.0,6.0,0.0,1.0,0.03,0.0,27.5496,False,fuzzy_logic_dynamic_snr,33.6852,0.9951
88,v1,v3,40.0,40.45,0.0,1.0,0.2022,0.0,14.2897,False,fuzzy_logic_dynamic_snr,20.4254,0.9313
88,v1,v4,40.0,50.0,10.0,1.0,0.25,0.1,10.4082,False,fuzzy_logic_dynamic_snr,16.546,0.8355
88,v1,v7,40.0,70.0,20.0,1.0,0.35,0.2,6.6615,False,fuzzy_logic_dynamic_snr,12.7986,0.6023
88,v1,v11,40.0,125.04,0.0,1.0,0.6252,0.0,6.4474,False,fuzzy_logic_dynamic_snr,12.5854,0.5994
88,v3,v4,20.0,11.66,10.0,0.6,0.0583,0.1,0.5234,False,fuzzy_logic_dynamic_snr,6.6624,0.1926
88,v3,v7,20.0,30.59,20.0,0.6,0.153,0.2,-7.5872,False,fuzzy_logic_dynamic_snr,-1.4507,0.1041
88,v3,v6,20.0,40.0,0.0,0.6,0.2,0.0,-5.633,False,fuzzy_logic_dynamic_snr,0.5039,0.1182
88,v3,v1,20.0,40.45,0.0,0.6,0.2022,0.0,-5.7103,False,fuzzy_logic_dynamic_snr,0.4279,0.1207
88,v3,v11,20.0,85.05,0.0,0.6,0.4253,0.0,-10.875,True,fuzzy_logic_dynamic_snr,15.2273,0.549
88,v4,v3,40.0,11.66,10.0,1.0,0.0583,0.1,20.5234,False,fuzzy_logic_dynamic_snr,26.6617,0.977
88,v4,v7,40.0,20.0,10.0,1.0,0.1,0.1,16.7753,False,fuzzy_logic_dynamic_snr,22.9121,0.9539
88,v4,v1,40.0,50.0,10.0,1.0,0.25,0.1,10.4082,False,fuzzy_logic_dynamic_snr,16.546,0.8385
88,v4,v6,40.0,50.36,10.0,1.0,0.2518,0.1,10.3586,False,fuzzy_logic_dynamic_snr,16.4957,0.835
88,v4,v11,40.0,75.06,10.0,1.0,0.3753,0.1,7.5852,False,fuzzy_logic_dynamic_snr,13.7247,0.6912
89,v1,v6,40.0,6.0,30.0,1.0,0.03,0.3,22.7331,False,fuzzy_logic_dynamic_snr,28.871,0.9828
89,v1,v4,40.0,40.0,20.0,1.0,0.2,0.2,10.5501,False,fuzzy_logic_dynamic_snr,16.6858,0.8402
89,v1,v3,40.0,40.45,20.0,1.0,0.2022,0.2,10.4728,False,fuzzy_logic_dynamic_snr,16.6101,0.8494
89,v1,v7,40.0,50.0,0.0,1.0,0.25,0.0,12.8165,False,fuzzy_logic_dynamic_snr,18.9551,0.8971
89,v1,v11,40.0,125.04,10.0,1.0,0.6252,0.1,4.0392,False,fuzzy_logic_dynamic_snr,10.1771,0.3762
89,v3,v4,20.0,6.0,0.0,0.6,0.03,0.0,7.5496,False,fuzzy_logic_dynamic_snr,13.6862,0.6877
89,v3,v7,20.0,11.66,20.0,0.6,0.0583,0.2,-0.8853,False,fuzzy_logic_dynamic_snr,5.2529,0.1715
89,v3,v6,20.0,40.0,10.0,0.6,0.2,0.1,-8.0412,False,fuzzy_logic_dynamic_snr,-1.9036,0.108
89,v3,v1,20.0,40.45,20.0,0.6,0.2022,0.2,-9.5272,False,fuzzy_logic_dynamic_snr,-3.3899,0.1047
89,v3,v11,20.0,85.05,10.0,0.6,0.4253,0.1,-13.2833,True,fuzzy_logic_dynamic_snr,13.6679,0.4223
89,v4,v3,40.0,6.0,0.0,1.0,0.03,0.0,27.5496,False,fuzzy_logic_dynamic_snr,33.6894,0.9906
89,v4,v7,40.0,10.0,20.0,1.0,0.05,0.2,20.183,False,fuzzy_logic_dynamic_snr,26.3218,0.973
89,v4,v1,40.0,40.0,20.0,1.0,0.2,0.2,10.5501,False,fuzzy_logic_dynamic_snr,16.6876,0.8471
89,v4,v6,40.0,40.45,10.0,1.0,0.2022,0.1,11.8815,False,fuzzy_logic_dynamic_snr,18.021,0.8818
89,v4,v11,40.0,85.05,10.0,1.0,0.4253,0.1,6.7167,False,fuzzy_logic_dynamic_snr,12.8539,0.6184
90,v1,v6,40.0,30.59,10.0,1.0,0.153,0.1,13.8216,False,fuzzy_logic_dynamic_snr,19.9583,0.9221
90,v1,v7,40.0,50.0,10.0,1.0,0.25,0.1,10.4082,False,fuzzy_logic_dynamic_snr,16.5447,0.8449
90,v1,v4,40.0,60.0,0.0,1.0,0.3,0.0,11.5496,False,fuzzy_logic_dynamic_snr,17.6883,0.8672
90,v1,v3,40.0,60.3,10.0,1.0,0.3015,0.1,9.1068,False,fuzzy_logic_dynamic_snr,15.2431,0.782
90,v1,v11,40.0,135.03,0.0,1.0,0.6752,0.0,5.9129,False,fuzzy_logic_dynamic_snr,12.0508,0.5469
90,v2,v1,20.0,185.02,10.0,0.6,0.9251,0.1,-18.6839,True,fuzzy_logic_dynamic_snr,9.8988,0.2473
90,v3,v4,20.0,6.0,10.0,0.6,0.03,0.1,5.1413,False,fuzzy_logic_dynamic_snr,11.279,0.4881
90,v3,v7,20.0,11.66,0.0,0.6,0.0583,0.0,2.9317,False,fuzzy_logic_dynamic_snr,9.0705,0.3045
90,v3,v6,20.0,30.0,0.0,0.6,0.15,0.0,-3.6339,False,fuzzy_logic_dynamic_snr,2.5046,0.1324
90,v3,v1,20.0,60.3,10.0,0.6,0.3015,0.1,-10.8932,True,fuzzy_logic_dynamic_snr,15.1934,0.5385
90,v3,v11,20.0,75.06,10.0,0.6,0.3753,0.1,-12.4148,True,fuzzy_logic_dynamic_snr,14.2193,0.4654
90,v4,v3,40.0,6.0,10.0,1.0,0.03,0.1,25.1413,False,fuzzy_logic_dynamic_snr,31.2788,0.9873
90,v4,v7,40.0,10.0,10.0,1.0,0.05,0.1,21.5918,False,fuzzy_logic_dynamic_snr,27.7316,0.9773
90,v4,v6,40.0,30.59,10.0,1.0,0.153,0.1,13.8216,False,fuzzy_logic_dynamic_snr,19.9605,0.9227
90,v4,v1,40.0,60.0,0.0,1.0,0.3,0.0,11.5496,False,fuzzy_logic_dynamic_snr,17.6853,0.8684
90,v4,v11,40.0,75.06,0.0,1.0,0.3753,0.0,9.9935,False,fuzzy_logic_dynamic_snr,16.1311,0.8297
91,v1,v6,40.0,40.45,20.0,1.0,0.2022,0.2,10.4728,False,fuzzy_logic_dynamic_snr,16.6084,0.8348
91,v1,v4,40.0,60.0,20.0,1.0,0.3,0.2,7.7326,False,fuzzy_logic_dynamic_snr,13.8703,0.6949
91,v1,v7,40.0,60.0,0.0,1.0,0.3,0.0,11.5496,False,fuzzy_logic_dynamic_snr,17.6875,0.8705
91,v1,v3,40.0,70.26,20.0,1.0,0.3513,0.2,6.636,False,fuzzy_logic_dynamic_snr,12.7758,0.6238
91,v1,v11,40.0,135.03,20.0,1.0,0.6752,0.2,2.096,False,fuzzy_logic_dynamic_snr,8.2365,0.2678
91,v2,v1,20.0,175.03,20.0,0.6,0.8751,0.2,-19.7066,True,fuzzy_logic_dynamic_snr,9.2217,0.2057
91,v3,v4,20.0,11.66,0.0,0.6,0.0583,0.0,2.9317,False,fuzzy_logic_dynamic_snr,9.0693,0.3057
91,v3,v7,20.0,11.66,20.0,0.6,0.0583,0.2,-0.8853,False,fuzzy_logic_dynamic_snr,5.2531,0.1668
91,v3,v6,20.0,30.0,0.0,0.6,0.15,0.0,-3.6339,False,fuzzy_logic_dynamic_snr,2.5043,0.1402
91,v3,v11,20.0,65.07,0.0,0.6,0.3253,0.0,-9.014,True,fuzzy_logic_dynamic_snr,16.3009,0.6027
91,v3,v1,20.0,70.26,20.0,0.6,0.3513,0.2,-13.364,True,fuzzy_logic_dynamic_snr,13.6196,0.4305
91,v4,v7,40.0,0.0,20.0,1.0,0.0,0.2,40.0,False,fuzzy_logic_dynamic_snr,46.1389,0.998
91,v4,v3,40.0,11.66,0.0,1.0,0.0583,0.0,22.9317,False,fuzzy_logic_dynamic_snr,29.0688,0.9834
91,v4,v6,40.0,20.88,0.0,1.0,0.1044,0.0,18.8841,False,fuzzy_logic_dynamic_snr,25.0224,0.9682
91,v4,v1,40.0,60.0,20.0,1.0,0.3,0.2,7.7326,False,fuzzy_logic_dynamic_snr,13.8713,0.6844
91,v4,v11,40.0,75.06,0.0,1.0,0.3753,0.0,9.9935,False,fuzzy_logic_dynamic_snr,16.1327,0.8248
92,v1,v7,40.0,60.0,20.0,1.0,0.3,0.2,7.7326,False,fuzzy_logic_dynamic_snr,13.8724,0.6973
92,v1,v6,40.0,60.3,10.0,1.0,0.3015,0.1,9.1068,False,fuzzy_logic_dynamic_snr,15.2432,0.7891
92,v1,v4,40.0,80.0,20.0,1.0,0.4,0.2,5.7336,False,fuzzy_logic_dynamic_snr,11.8719,0.5361
92,v1,v3,40.0,90.2,30.0,1.0,0.451,0.3,3.9002,False,fuzzy_logic_dynamic_snr,10.0391,0.3785
92,v1,v2,40.0,155.03,10.0,1.0,0.7751,0.1,2.5452,True,fuzzy_logic_dynamic_snr,21.2819,0.8699
92,v2,v1,20.0,155.03,10.0,0.6,0.7751,0.1,-17.4548,True,fuzzy_logic_dynamic_snr,10.7584,0.274
92,v3,v4,20.0,11.66,10.0,0.6,0.0583,0.1,0.5234,False,fuzzy_logic_dynamic_snr,6.6612,0.2059
92,v3,v6,20.0,30.0,20.0,0.6,0.15,0.2,-7.4509,False,fuzzy_logic_dynamic_snr,-1.3113,0.1168
92,v3,v7,20.0,30.59,10.0,0.6,0.153,0.1,-6.1784,False,fuzzy_logic_dynamic_snr,-0.0396,0.1148
92,v3,v5,20.0,65.07,10.0,0.6,0.3253,0.1,-11.4222,True,fuzzy_logic_dynamic_snr,14.8788,0.5039
92,v3,v11,20.0,65.07,30.0,0.6,0.3253,0.3,-13.8305,True,fuzzy_logic_dynamic_snr,13.2832,0.4027
92,v4,v3,40.0,11.66,10.0,1.0,0.0583,0.1,20.5234,False,fuzzy_logic_dynamic_snr,26.6608,0.9838
92,v4,v7,40.0,20.0,0.0,1.0,0.1,0.0,19.1835,False,fuzzy_logic_dynamic_snr,25.3221,0.9588
92,v4,v6,40.0,20.88,10.0,1.0,0.1044,0.1,16.4759,False,fuzzy_logic_dynamic_snr,22.613,0.9568
92,v4,v5,40.0,75.06,0.0,1.0,0.3753,0.0,9.9935,False,fuzzy_logic_dynamic_snr,16.1326,0.8191
92,v4,v11,40.0,75.06,20.0,1.0,0.3753,0.2,6.1765,False,fuzzy_logic_dynamic_snr,12.316,0.5631
93,v1,v7,40.0,40.0,10.0,1.0,0.2,0.1,11.9588,False,fuzzy_logic_dynamic_snr,18.097,0.8883
93,v1,v6,40.0,50.36,20.0,1.0,0.2518,0.2,8.9498,False,fuzzy_logic_dynamic_snr,15.0887,0.7631
93,v1,v4,40.0,60.0,40.0,1.0,0.3,0.4,5.9578,False,fuzzy_logic_dynamic_snr,12.0959,0.5566
93,v1,v3,40.0,60.3,20.0,1.0,0.3015,0.2,7.698,False,fuzzy_logic_dynamic_snr,13.8369,0.7113
93,v1,v5,40.0,135.03,30.0,1.0,0.6752,0.3,1.0965,False,fuzzy_logic_dynamic_snr,7.233,0.2164
93,v2,v1,20.0,165.03,40.0,0.6,0.8251,0.4,-21.0727,True,fuzzy_logic_dynamic_snr,8.3133,0.1861
93,v3,v4,20.0,6.0,20.0,0.6,0.03,0.2,3.7326,False,fuzzy_logic_dynamic_snr,9.8687,0.359
93,v3,v6,20.0,10.0,0.0,0.6,0.05,0.0,4.0,False,fuzzy_logic_dynamic_snr,10.1363,0.3818
93,v3,v7,20.0,20.88,10.0,0.6,0.1044,0.1,-3.5241,False,fuzzy_logic_dynamic_snr,2.6133,0.1457
93,v3,v1,20.0,60.3,20.0,0.6,0.3015,0.2,-12.302,True,fuzzy_logic_dynamic_snr,14.2862,0.4652
93,v3,v5,20.0,75.06,10.0,0.6,0.3753,0.1,-12.4148,True,fuzzy_logic_dynamic_snr,14.2054,0.4615
93,v4,v3,40.0,6.0,20.0,1.0,0.03,0.2,23.7326,False,fuzzy_logic_dynamic_snr,29.8713,0.9838
93,v4,v6,40.0,11.66,20.0,1.0,0.0583,0.2,19.1147,False,fuzzy_logic_dynamic_snr,25.2538,0.9682
93,v4,v7,40.0,20.0,30.0,1.0,0.1,0.3,14.367,False,fuzzy_logic_dynamic_snr,20.504,0.9328
93,v4,v1,40.0,60.0,40.0,1.0,0.3,0.4,5.9578,False,fuzzy_logic_dynamic_snr,12.0958,0.5547
93,v4,v5,40.0,75.06,10.0,1.0,0.3753,0.1,7.5852,False,fuzzy_logic_dynamic_snr,13.7233,0.6871
94,v1,v7,40.0,50.0,10.0,1.0,0.25,0.1,10.4082,False,fuzzy_logic_dynamic_snr,16.5449,0.8416
94,v1,v6,40.0,70.26,10.0,1.0,0.3513,0.1,8.0448,False,fuzzy_logic_dynamic_snr,14.1842,0.7246
94,v1,v3,40.0,80.22,10.0,1.0,0.4011,0.1,7.1228,False,fuzzy_logic_dynamic_snr,13.2613,0.6408
94,v1,v4,40.0,100.0,10.0,1.0,0.5,0.1,5.5918,False,fuzzy_logic_dynamic_snr,11.7302,0.5182
94,v1,v2,40.0,125.04,20.0,1.0,0.6252,0.2,2.6305,False,fuzzy_logic_dynamic_snr,8.7681,0.2811
94,v2,v1,20.0,125.04,20.0,0.6,0.6252,0.2,-17.3695,True,fuzzy_logic_dynamic_snr,10.8132,0.2822
94,v2,v7,20.0,175.03,10.0,0.6,0.8751,0.1,-18.2979,True,fuzzy_logic_dynamic_snr,10.1898,0.2582
94,v2,v6,20.0,195.02,30.0,0.6,0.9751,0.3,-21.4579,True,fuzzy_logic_dynamic_snr,8.0044,0.1754
94,v3,v6,20.0,10.0,0.0,0.6,0.05,0.0,4.0,False,fuzzy_logic_dynamic_snr,10.1383,0.3779
94,v3,v4,20.0,20.88,20.0,0.6,0.1044,0.2,-4.9329,False,fuzzy_logic_dynamic_snr,1.2061,0.1285
94,v3,v7,20.0,30.59,20.0,0.6,0.153,0.2,-7.5872,False,fuzzy_logic_dynamic_snr,-1.4522,0.107
94,v3,v1,20.0,80.22,10.0,0.6,0.4011,0.1,-12.8772,True,fuzzy_logic_dynamic_snr,13.9354,0.4266
94,v3,v5,20.0,85.05,10.0,0.6,0.4253,0.1,-13.2833,True,fuzzy_logic_dynamic_snr,13.6389,0.4279
94,v4,v3,40.0,20.88,20.0,1.0,0.1044,0.2,15.0671,False,fuzzy_logic_dynamic_snr,21.2054,0.9436
94,v4,v6,40.0,30.59,20.0,1.0,0.153,0.2,12.4128,False,fuzzy_logic_dynamic_snr,18.5505,0.9039
94,v4,v7,40.0,50.0,0.0,1.0,0.25,0.0,12.8165,False,fuzzy_logic_dynamic_snr,18.9551,0.8926
94,v4,v5,40.0,65.07,10.0,1.0,0.3253,0.1,8.5778,False,fuzzy_logic_dynamic_snr,14.7163,0.742
94,v4,v13,40.0,70.0,0.0,1.0,0.35,0.0,10.4784,False,fuzzy_logic_dynamic_snr,16.6166,0.8539
95,v1,v7,40.0,40.0,40.0,1.0,0.2,0.4,8.7753,False,fuzzy_logic_dynamic_snr,14.912,0.7664
95,v1,v6,40.0,80.22,40.0,1.0,0.4011,0.4,3.9393,False,fuzzy_logic_dynamic_snr,10.0777,0.3658
95,v1,v4,40.0,90.0,10.0,1.0,0.45,0.1,6.3239,False,fuzzy_logic_dynamic_snr,12.4609,0.5773
95,v1,v3,40.0,90.2,10.0,1.0,0.451,0.1,6.3085,False,fuzzy_logic_dynamic_snr,12.4478,0.5705
95,v1,v2,40.0,145.03,20.0,1.0,0.7252,0.2,1.5997,False,fuzzy_logic_dynamic_snr,7.7352,0.2258
95,v2,v1,20.0,145.03,20.0,0.6,0.7252,0.2,-18.4003,True,fuzzy_logic_dynamic_snr,10.1115,0.2326
95,v2,v7,20.0,185.02,20.0,0.6,0.9251,0.2,-20.0926,True,fuzzy_logic_dynamic_snr,8.947,0.2037
95,v3,v4,20.0,6.0,0.0,0.6,0.03,0.0,7.5496,False,fuzzy_logic_dynamic_snr,13.6887,0.6701
95,v3,v6,20.0,10.0,30.0,0.6,0.05,0.3,-0.8165,True,fuzzy_logic_dynamic_snr,20.3084,0.8262
95,v3,v7,20.0,50.36,30.0,0.6,0.2518,0.3,-12.0497,True,fuzzy_logic_dynamic_snr,14.4362,0.518
95,v3,v13,20.0,70.26,10.0,0.6,0.3513,0.1,-11.9552,True,fuzzy_logic_dynamic_snr,14.5121,0.476
95,v3,v5,20.0,75.06,30.0,0.6,0.3753,0.3,-14.823,True,fuzzy_logic_dynamic_snr,12.6063,0.3725
95,v4,v3,40.0,6.0,0.0,1.0,0.03,0.0,27.5496,False,fuzzy_logic_dynamic_snr,33.6892,0.9941
95,v4,v6,40.0,11.66,30.0,1.0,0.0583,0.3,18.1152,False,fuzzy_logic_dynamic_snr,24.253,0.9604
95,v4,v7,40.0,50.0,30.0,1.0,0.25,0.3,8.0,False,fuzzy_logic_dynamic_snr,14.1355,0.7084
95,v4,v13,40.0,70.0,10.0,1.0,0.35,0.1,8.0702,False,fuzzy_logic_dynamic_snr,14.2061,0.6992
95,v4,v5,40.0,75.06,30.0,1.0,0.3753,0.3,5.177,False,fuzzy_logic_dynamic_snr,11.317,0.4781
96,v1,v7,40.0,0.0,20.0,1.0,0.0,0.2,40.0,False,fuzzy_logic_dynamic_snr,46.1384,1.0
96,v1,v6,40.0,40.45,10.0,1.0,0.2022,0.1,11.8815,False,fuzzy_logic_dynamic_snr,18.0193,0.8779
96,v1,v4,40.0,80.0,30.0,1.0,0.4,0.3,4.7341,False,fuzzy_logic_dynamic_snr,10.87,0.4418
96,v1,v3,40.0,80.22,10.0,1.0,0.4011,0.1,7.1228,False,fuzzy_logic_dynamic_snr,13.2598,0.6469
96,v1,v5,40.0,125.04,10.0,1.0,0.6252,0.1,4.0392,False,fuzzy_logic_dynamic_snr,10.1768,0.3926
96,v2,v1,20.0,149.35,64.03,0.6,0.7467,0.6403,-21.7424,True,fuzzy_logic_dynamic_snr,7.7827,0.176
96,v2,v7,20.0,149.35,53.85,0.6,0.7467,0.5385,-21.2284,True,fuzzy_logic_dynamic_snr,8.0949,0.174
96,v2,v6,20.0,188.52,70.71,0.6,0.9426,0.7071,-23.6612,True,fuzzy_logic_dynamic_snr,6.51,0.1465
96,v3,v4,20.0,6.0,40.0,0.6,0.03,0.4,1.9578,True,fuzzy_logic_dynamic_snr,21.138,0.8648
96,v3,v6,20.0,40.0,0.0,0.6,0.2,0.0,-5.633,False,fuzzy_logic_dynamic_snr,0.5043,0.1271
96,v3,v5,20.0,45.1,0.0,0.6,0.2255,0.0,-6.4668,False,fuzzy_logic_dynamic_snr,-0.33,0.117
96,v3,v1,20.0,80.22,10.0,0.6,0.4011,0.1,-12.8772,True,fuzzy_logic_dynamic_snr,13.9521,0.4377
96,v3,v7,20.0,80.22,30.0,0.6,0.4011,0.3,-15.2854,True,fuzzy_logic_dynamic_snr,12.3305,0.3484
96,v4,v3,40.0,6.0,40.0,1.0,0.03,0.4,21.9578,False,fuzzy_logic_dynamic_snr,28.095,0.9824
96,v4,v6,40.0,40.45,40.0,1.0,0.2022,0.4,8.698,False,fuzzy_logic_dynamic_snr,14.8355,0.7725
96,v4,v5,40.0,45.1,40.0,1.0,0.2255,0.4,7.9414,False,fuzzy_logic_dynamic_snr,14.0799,0.7139
96,v4,v1,40.0,80.0,30.0,1.0,0.4,0.3,4.7341,False,fuzzy_logic_dynamic_snr,10.8713,0.4365
96,v4,v7,40.0,80.0,10.0,1.0,0.4,0.1,7.1423,False,fuzzy_logic_dynamic_snr,13.2816,0.6594
97,v1,v7,40.0,20.0,0.0,1.0,0.1,0.0,19.1835,False,fuzzy_logic_dynamic_snr,25.3217,0.9672
97,v1,v6,40.0,30.59,40.0,1.0,0.153,0.4,10.638,False,fuzzy_logic_dynamic_snr,16.7758,0.8531
97,v1,v3,40.0,70.26,40.0,1.0,0.3513,0.4,4.8612,False,fuzzy_logic_dynamic_snr,11.0014,0.4566
97,v1,v4,40.0,110.0,40.0,1.0,0.55,0.4,1.746,False,fuzzy_logic_dynamic_snr,7.8837,0.2316
97,v1,v5,40.0,115.04,40.0,1.0,0.5752,0.4,1.4347,False,fuzzy_logic_dynamic_snr,7.5726,0.2219
97,v2,v1,20.0,128.7,50.99,0.6,0.6435,0.5099,-20.0354,True,fuzzy_logic_dynamic_snr,8.9956,0.2062
97,v2,v7,20.0,145.89,50.99,0.6,0.7295,0.5099,-20.9065,True,fuzzy_logic_dynamic_snr,8.3731,0.1896
97,v2,v6,20.0,152.12,70.71,0.6,0.7606,0.7071,-22.1704,True,fuzzy_logic_dynamic_snr,7.4974,0.1543
97,v2,v3,20.0,189.16,70.71,0.6,0.9458,0.7071,-23.6846,True,fuzzy_logic_dynamic_snr,6.4669,0.1385
97,v3,v6,20.0,40.0,0.0,0.6,0.2,0.0,-5.633,False,fuzzy_logic_dynamic_snr,0.505,0.1236
97,v3,v4,20.0,40.45,0.0,0.6,0.2022,0.0,-5.7103,False,fuzzy_logic_dynamic_snr,0.4285,0.1217
97,v3,v5,20.0,45.1,0.0,0.6,0.2255,0.0,-6.4668,False,fuzzy_logic_dynamic_snr,-0.3281,0.1232
97,v3,v7,20.0,50.36,40.0,0.6,0.2518,0.4,-12.825,True,fuzzy_logic_dynamic_snr,13.9069,0.4348
97,v3,v1,20.0,70.26,40.0,0.6,0.3513,0.4,-15.1388,True,fuzzy_logic_dynamic_snr,12.388,0.342
97,v4,v5,40.0,5.83,0.0,1.0,0.0292,0.0,27.7482,False,fuzzy_logic_dynamic_snr,33.8859,0.9932
97,v4,v3,40.0,40.45,0.0,1.0,0.2022,0.0,14.2897,False,fuzzy_logic_dynamic_snr,20.4286,0.9406
97,v4,v13,40.0,60.0,20.0,1.0,0.3,0.2,7.7326,False,fuzzy_logic_dynamic_snr,13.8724,0.6814
97,v4,v6,40.0,80.22,0.0,1.0,0.4011,0.0,9.5311,False,fuzzy_logic_dynamic_snr,15.6685,0.8076
97,v4,v15,40.0,80.22,20.0,1.0,0.4011,0.2,5.7141,False,fuzzy_logic_dynamic_snr,11.8517,0.5309
98,v1,v6,40.0,11.66,0.0,1.0,0.0583,0.0,22.9317,False,fuzzy_logic_dynamic_snr,29.0685,0.9857
98,v1,v7,40.0,20.0,10.0,1.0,0.1,0.1,16.7753,False,fuzzy_logic_dynamic_snr,22.9127,0.952
98,v1,v3,40.0,30.59,20.0,1.0,0.153,0.2,12.4128,False,fuzzy_logic_dynamic_snr,18.5515,0.898
98,v1,v4,40.0,70.0,0.0,1.0,0.35,0.0,10.4784,False,fuzzy_logic_dynamic_snr,16.6173,0.8352
98,v1,v5,40.0,75.06,20.0,1.0,0.3753,0.2,6.1765,False,fuzzy_logic_dynamic_snr,12.315,0.5588
98,v2,v6,20.0,144.01,36.06,0.6,0.7201,0.3606,-19.8407,True,fuzzy_logic_dynamic_snr,9.1432,0.1988
98,v2,v1,20.0,154.93,36.06,0.6,0.7747,0.3606,-20.3485,True,fuzzy_logic_dynamic_snr,8.7667,0.1855
98,v2,v7,20.0,168.3,28.28,0.6,0.8415,0.2828,-20.2814,True,fuzzy_logic_dynamic_snr,8.8197,0.2068
98,v2,v3,20.0,171.41,22.36,0.6,0.857,0.2236,-19.8246,True,fuzzy_logic_dynamic_snr,9.1148,0.2062
98,v3,v7,20.0,11.66,10.0,0.6,0.0583,0.1,0.5234,False,fuzzy_logic_dynamic_snr,6.6633,0.2004
98,v3,v1,20.0,30.59,20.0,0.6,0.153,0.2,-7.5872,False,fuzzy_logic_dynamic_snr,-1.4494,0.107
98,v3,v6,20.0,40.0,20.0,0.6,0.2,0.2,-9.4499,False,fuzzy_logic_dynamic_snr,-3.3138,0.0982
98,v3,v4,20.0,40.45,20.0,0.6,0.2022,0.2,-9.5272,False,fuzzy_logic_dynamic_snr,-3.39,0.1002
98,v3,v5,20.0,45.1,40.0,0.6,0.2255,0.4,-12.0586,True,fuzzy_logic_dynamic_snr,14.4451,0.4826
98,v4,v5,40.0,5.83,20.0,1.0,0.0292,0.2,23.9312,False,fuzzy_logic_dynamic_snr,30.0685,0.9844
98,v4,v3,40.0,40.45,20.0,1.0,0.2022,0.2,10.4728,False,fuzzy_logic_dynamic_snr,16.6113,0.8424
98,v4,v7,40.0,50.0,10.0,1.0,0.25,0.1,10.4082,False,fuzzy_logic_dynamic_snr,16.5474,0.8359
98,v4,v1,40.0,70.0,0.0,1.0,0.35,0.0,10.4784,False,fuzzy_logic_dynamic_snr,16.6176,0.8484
98,v4,v13,40.0,80.0,10.0,1.0,0.4,0.1,7.1423,False,fuzzy_logic_dynamic_snr,13.2805,0.6488
99,v1,v6,40.0,11.66,0.0,1.0,0.0583,0.0,22.9317,False,fuzzy_logic_dynamic_snr,29.07,0.9857
99,v1,v7,40.0,30.0,20.0,1.0,0.15,0.2,12.5491,False,fuzzy_logic_dynamic_snr,18.6853,0.9094
99,v1,v3,40.0,50.36,10.0,1.0,0.2518,0.1,10.3586,False,fuzzy_logic_dynamic_snr,16.4976,0.8383
99,v1,v5,40.0,55.08,10.0,1.0,0.2754,0.1,9.7356,False,fuzzy_logic_dynamic_snr,15.8742,0.8141
99,v1,v4,40.0,70.0,20.0,1.0,0.35,0.2,6.6615,False,fuzzy_logic_dynamic_snr,12.7963,0.6148
99,v2,v6,20.0,146.01,58.31,0.6,0.7301,0.5831,-21.3061,True,fuzzy_logic_dynamic_snr,8.1098,0.1709
99,v2,v1,20.0,155.64,58.31,0.6,0.7782,0.5831,-21.7498,True,fuzzy_logic_dynamic_snr,7.8054,0.1695
99,v2,v7,20.0,170.89,50.99,0.6,0.8545,0.5099,-22.0056,True,fuzzy_logic_dynamic_snr,7.5786,0.1627
99,v2,v3,20.0,178.55,64.03,0.6,0.8927,0.6403,-22.9835,True,fuzzy_logic_dynamic_snr,6.9641,0.1592
99,v2,v5,20.0,184.11,64.03,0.6,0.9206,0.6403,-23.1967,True,fuzzy_logic_dynamic_snr,6.8116,0.1564
99,v3,v5,20.0,5.83,0.0,0.6,0.0292,0.0,7.7482,False,fuzzy_logic_dynamic_snr,13.8866,0.6838
99,v3,v4,20.0,20.88,10.0,0.6,0.1044,0.1,-3.5241,False,fuzzy_logic_dynamic_snr,2.6114,0.1344
99,v3,v7,20.0,20.88,30.0,0.6,0.1044,0.3,-5.9324,True,fuzzy_logic_dynamic_snr,18.0754,0.7262
99,v3,v1,20.0,50.36,10.0,0.6,0.2518,0.1,-9.6414,False,fuzzy_logic_dynamic_snr,-3.5039,0.1021
99,v3,v6,20.0,60.0,10.0,0.6,0.3,0.1,-10.8587,True,fuzzy_logic_dynamic_snr,15.2266,0.5408
99,v4,v5,40.0,15.3,10.0,1.0,0.0765,0.1,18.638,False,fuzzy_logic_dynamic_snr,24.7757,0.9672
99,v4,v3,40.0,20.88,10.0,1.0,0.1044,0.1,16.4759,False,fuzzy_logic_dynamic_snr,22.615,0.9559
99,v4,v7,40.0,40.0,40.0,1.0,0.2,0.4,8.7753,False,fuzzy_logic_dynamic_snr,14.9125,0.7527
99,v4,v1,40.0,70.0,20.0,1.0,0.35,0.2,6.6615,False,fuzzy_logic_dynamic_snr,12.7991,0.6004
99,v4,v13,40.0,70.0,20.0,1.0,0.35,0.2,6.6615,False,fuzzy_logic_dynamic_snr,12.7993,0.6092
100,v1,v6,40.0,11.66,10.0,1.0,0.0583,0.1,20.5234,False,fuzzy_logic_dynamic_snr,26.6606,0.976
100,v1,v3,40.0,40.45,20.0,1.0,0.2022,0.2,10.4728,False,fuzzy_logic_dynamic_snr,16.6114,0.8551
100,v1,v5,40.0,45.1,30.0,1.0,0.2255,0.3,8.7167,False,fuzzy_logic_dynamic_snr,14.8534,0.7576
100,v1,v4,40.0,50.0,10.0,1.0,0.25,0.1,10.4082,False,fuzzy_logic_dynamic_snr,16.5454,0.8359
100,v1,v7,40.0,50.0,10.0,1.0,0.25,0.1,10.4082,False,fuzzy_logic_dynamic_snr,16.545,0.8438
100,v2,v6,20.0,186.12,50.0,0.6,0.9306,0.5,-22.5418,True,fuzzy_logic_dynamic_snr,7.1977,0.1658
100,v2,v1,20.0,193.76,44.72,0.6,0.9688,0.4472,-22.5016,True,fuzzy_logic_dynamic_snr,7.2456,0.1547
100,v2,v3,20.0,199.85,56.57,0.6,0.9992,0.5657,-23.3974,True,fuzzy_logic_dynamic_snr,6.7037,0.1352
100,v3,v5,20.0,5.83,10.0,0.6,0.0292,0.1,5.3399,False,fuzzy_logic_dynamic_snr,11.4772,0.4785
100,v3,v4,20.0,11.66,10.0,0.6,0.0583,0.1,0.5234,False,fuzzy_logic_dynamic_snr,6.6593,0.1969
100,v3,v7,20.0,11.66,30.0,0.6,0.0583,0.3,-1.8848,True,fuzzy_logic_dynamic_snr,19.9135,0.8291
100,v3,v1,20.0,40.45,20.0,0.6,0.2022,0.2,-9.5272,False,fuzzy_logic_dynamic_snr,-3.3906,0.0992
100,v3,v6,20.0,50.0,10.0,0.6,0.25,0.1,-9.5918,False,fuzzy_logic_dynamic_snr,-3.4529,0.1025
100,v4,v7,40.0,0.0,20.0,1.0,0.0,0.2,40.0,False,fuzzy_logic_dynamic_snr,46.1374,0.9961
100,v4,v5,40.0,5.83,20.0,1.0,0.0292,0.2,23.9312,False,fuzzy_logic_dynamic_snr,30.071,0.9857
100,v4,v3,40.0,11.66,10.0,1.0,0.0583,0.1,20.5234,False,fuzzy_logic_dynamic_snr,26.6604,0.9795
100,v4,v1,40.0,50.0,10.0,1.0,0.25,0.1,10.4082,False,fuzzy_logic_dynamic_snr,16.5459,0.8422
100,v4,v6,40.0,60.3,0.0,1.0,0.3015,0.0,11.515,False,fuzzy_logic_dynamic_snr,17.6514,0.875
101,v1,v5,40.0,15.3,0.0,1.0,0.0765,0.0,21.0463,False,fuzzy_logic_dynamic_snr,27.1862,0.9812
101,v1,v6,40.0,18.6,50.0,1.0,0.093,0.5,13.4622,False,fuzzy_logic_dynamic_snr,19.5989,0.9158
101,v1,v3,40.0,20.88,0.0,1.0,0.1044,0.0,18.8841,False,fuzzy_logic_dynamic_snr,25.0224,0.9652
101,v1,v4,40.0,40.0,20.0,1.0,0.2,0.2,10.5501,False,fuzzy_logic_dynamic_snr,16.6901,0.8445
101,v1,v7,40.0,60.0,0.0,1.0,0.3,0.0,11.5496,False,fuzzy_logic_dynamic_snr,17.688,0.8834
101,v3,v5,20.0,5.83,0.0,0.6,0.0292,0.0,7.7482,False,fuzzy_logic_dynamic_snr,13.8857,0.6764
101,v3,v1,20.0,20.88,0.0,0.6,0.1044,0.0,-1.1159,False,fuzzy_logic_dynamic_snr,5.0209,0.1736
101,v3,v4,20.0,20.88,20.0,0.6,0.1044,0.2,-4.9329,False,fuzzy_logic_dynamic_snr,1.2045,0.1227
101,v3,v6,20.0,35.36,50.0,0.6,0.1768,0.5,-11.0005,True,fuzzy_logic_dynamic_snr,15.1588,0.5232
101,v3,v7,20.0,40.45,0.0,0.6,0.2022,0.0,-5.7103,False,fuzzy_logic_dynamic_snr,0.4292,0.1193
101,v4,v7,40.0,20.0,20.0,1.0,0.1,0.2,15.3666,False,fuzzy_logic_dynamic_snr,21.5064,0.9467
101,v4,v3,40.0,20.88,20.0,1.0,0.1044,0.2,15.0671,False,fuzzy_logic_dynamic_snr,21.2051,0.9422
101,v4,v5,40.0,25.18,20.0,1.0,0.1259,0.2,13.7663,False,fuzzy_logic_dynamic_snr,19.9046,0.9227
101,v4,v1,40.0,40.0,20.0,1.0,0.2,0.2,10.5501,False,fuzzy_logic_dynamic_snr,16.6883,0.8439
101,v4,v6,40.0,56.09,36.06,1.0,0.2804,0.3606,6.7117,False,fuzzy_logic_dynamic_snr,12.8488,0.6037
102,v1,v5,40.0,9.49,40.0,1.0,0.0474,0.4,18.7743,False,fuzzy_logic_dynamic_snr,24.914,0.973
102,v1,v3,40.0,10.0,40.0,1.0,0.05,0.4,18.4082,False,fuzzy_logic_dynamic_snr,24.546,0.9568
102,v1,v6,40.0,22.8,30.0,1.0,0.114,0.3,13.4555,False,fuzzy_logic_dynamic_snr,19.5914,0.9195
102,v1,v4,40.0,45.19,53.85,1.0,0.2259,0.5385,7.0782,False,fuzzy_logic_dynamic_snr,13.2158,0.6506
102,v1,v7,40.0,45.19,58.31,1.0,0.2259,0.5831,6.8437,False,fuzzy_logic_dynamic_snr,12.9822,0.6311
102,v3,v5,20.0,3.16,0.0,0.6,0.0158,0.0,12.0,False,fuzzy_logic_dynamic_snr,18.1373,0.9004
102,v3,v1,20.0,10.0,40.0,0.6,0.05,0.4,-1.5918,True,fuzzy_logic_dynamic_snr,20.0522,0.8246
102,v3,v6,20.0,30.0,10.0,0.6,0.15,0.1,-6.0422,False,fuzzy_logic_dynamic_snr,0.0951,0.1275
102,v3,v4,20.0,36.69,22.36,0.6,0.1834,0.2236,-9.1125,False,fuzzy_logic_dynamic_snr,-2.9753,0.1012
102,v3,v7,20.0,36.69,31.62,0.6,0.1834,0.3162,-9.987,True,fuzzy_logic_dynamic_snr,15.7751,0.5834
102,v4,v7,40.0,0.0,10.0,1.0,0.0,0.1,40.0,False,fuzzy_logic_dynamic_snr,46.1389,0.9971
102,v4,v3,40.0,36.69,22.36,1.0,0.1834,0.2236,10.8875,False,fuzzy_logic_dynamic_snr,17.0242,0.8494
102,v4,v5,40.0,39.29,22.36,1.0,0.1965,0.2236,10.4107,False,fuzzy_logic_dynamic_snr,16.5496,0.8289
102,v4,v1,40.0,45.19,53.85,1.0,0.2259,0.5385,7.0782,False,fuzzy_logic_dynamic_snr,13.2168,0.649
102,v4,v6,40.0,53.91,28.28,1.0,0.2695,0.2828,7.6295,False,fuzzy_logic_dynamic_snr,13.7676,0.6744
103,v1,v6,40.0,10.0,30.0,1.0,0.05,0.3,19.1835,False,fuzzy_logic_dynamic_snr,25.3215,0.9721
103,v1,v3,40.0,48.37,10.0,1.0,0.2419,0.1,10.638,False,fuzzy_logic_dynamic_snr,16.777,0.8443
103,v1,v5,40.0,49.09,20.0,1.0,0.2455,0.2,9.1269,False,fuzzy_logic_dynamic_snr,15.2651,0.7934
103,v1,v7,40.0,69.87,50.99,1.0,0.3494,0.5099,4.2091,False,fuzzy_logic_dynamic_snr,10.3443,0.3967
103,v1,v4,40.0,72.12,58.31,1.0,0.3606,0.5831,3.5948,False,fuzzy_logic_dynamic_snr,9.7357,0.3482
103,v3,v5,20.0,3.16,10.0,0.6,0.0158,0.1,9.5918,False,fuzzy_logic_dynamic_snr,15.7294,0.808
103,v3,v7,20.0,21.59,41.23,0.6,0.1079,0.4123,-7.0234,True,fuzzy_logic_dynamic_snr,17.4771,0.6813
103,v3,v4,20.0,25.81,50.0,0.6,0.129,0.5,-8.813,True,fuzzy_logic_dynamic_snr,16.4585,0.6258
103,v3,v6,20.0,40.0,20.0,0.6,0.2,0.2,-9.4499,False,fuzzy_logic_dynamic_snr,-3.3149,0.1119
103,v3,v1,20.0,48.37,10.0,0.6,0.2419,0.1,-9.362,False,fuzzy_logic_dynamic_snr,-3.2232,0.1021
103,v4,v7,40.0,10.0,20.0,1.0,0.05,0.2,20.183,False,fuzzy_logic_dynamic_snr,26.3209,0.976
103,v4,v3,40.0,25.81,50.0,1.0,0.129,0.5,11.187,False,fuzzy_logic_dynamic_snr,17.3237,0.8689
103,v4,v5,40.0,26.91,42.43,1.0,0.1345,0.4243,11.3657,False,fuzzy_logic_dynamic_snr,17.5029,0.874
103,v4,v6,40.0,62.82,36.06,1.0,0.3141,0.3606,5.9245,False,fuzzy_logic_dynamic_snr,12.0632,0.5473
103,v4,v1,40.0,72.12,58.31,1.0,0.3606,0.5831,3.5948,False,fuzzy_logic_dynamic_snr,9.7307,0.3623
104,v1,v6,40.0,38.47,0.0,1.0,0.1924,0.0,14.6379,False,fuzzy_logic_dynamic_snr,20.7759,0.9363
104,v1,v3,40.0,58.31,30.0,1.0,0.2915,0.3,6.9317,False,fuzzy_logic_dynamic_snr,13.0701,0.6205
104,v1,v5,40.0,69.07,30.0,1.0,0.3453,0.3,5.7554,False,fuzzy_logic_dynamic_snr,11.8944,0.5445
104,v1,v4,40.0,110.0,20.0,1.0,0.55,0.2,3.5207,False,fuzzy_logic_dynamic_snr,9.6581,0.3512
104,v1,v7,40.0,119.0,44.72,1.0,0.595,0.4472,0.8857,False,fuzzy_logic_dynamic_snr,7.0213,0.2135
104,v3,v5,20.0,11.4,0.0,0.6,0.057,0.0,3.0885,False,fuzzy_logic_dynamic_snr,9.2272,0.3188
104,v3,v6,20.0,20.0,30.0,0.6,0.1,0.3,-5.633,True,fuzzy_logic_dynamic_snr,18.2117,0.7225
104,v3,v4,20.0,52.35,10.0,0.6,0.2617,0.1,-9.9102,False,fuzzy_logic_dynamic_snr,-3.7741,0.0947
104,v3,v1,20.0,58.31,30.0,0.6,0.2915,0.3,-13.0683,True,fuzzy_logic_dynamic_snr,13.7831,0.4602
104,v3,v7,20.0,61.2,22.36,0.6,0.306,0.2236,-12.6687,True,fuzzy_logic_dynamic_snr,14.0444,0.4336
104,v4,v7,40.0,9.06,28.28,1.0,0.0453,0.2828,20.0253,False,fuzzy_logic_dynamic_snr,26.1628,0.973
104,v4,v5,40.0,41.11,10.0,1.0,0.2055,0.1,11.7687,False,fuzzy_logic_dynamic_snr,17.9047,0.8857
104,v4,v13,40.0,51.79,53.85,1.0,0.2589,0.5385,6.131,False,fuzzy_logic_dynamic_snr,12.2689,0.5645
104,v4,v3,40.0,52.35,10.0,1.0,0.2617,0.1,10.0898,False,fuzzy_logic_dynamic_snr,16.2259,0.8223
104,v4,v6,40.0,72.25,20.0,1.0,0.3612,0.2,6.4417,False,fuzzy_logic_dynamic_snr,12.5775,0.5887
105,v1,v6,40.0,38.47,20.0,1.0,0.1924,0.2,10.8209,False,fuzzy_logic_dynamic_snr,16.9575,0.8521
105,v1,v3,40.0,88.2,0.0,1.0,0.441,0.0,8.8722,False,fuzzy_logic_dynamic_snr,15.0115,0.7668
105,v1,v5,40.0,99.05,0.0,1.0,0.4952,0.0,8.0666,False,fuzzy_logic_dynamic_snr,14.2053,0.7365
105,v1,v4,40.0,130.0,0.0,1.0,0.65,0.0,6.1769,False,fuzzy_logic_dynamic_snr,12.3149,0.5555
105,v1,v7,40.0,140.0,10.0,1.0,0.7,0.1,3.2537,False,fuzzy_logic_dynamic_snr,9.391,0.3291
105,v3,v5,20.0,11.4,0.0,0.6,0.057,0.0,3.0885,False,fuzzy_logic_dynamic_snr,9.2265,0.3297
105,v3,v4,20.0,42.43,0.0,0.6,0.2121,0.0,-6.0422,False,fuzzy_logic_dynamic_snr,0.0973,0.1285
105,v3,v6,20.0,50.0,20.0,0.6,0.25,0.2,-11.0005,False,fuzzy_logic_dynamic_snr,-4.8637,0.1027
105,v3,v7,20.0,52.35,10.0,0.6,0.2617,0.1,-9.9102,False,fuzzy_logic_dynamic_snr,-3.7731,0.107
105,v3,v13,20.0,71.18,53.85,0.6,0.3559,0.5385,-16.0787,True,fuzzy_logic_dynamic_snr,11.72,0.2924
105,v4,v7,40.0,10.0,10.0,1.0,0.05,0.1,21.5918,False,fuzzy_logic_dynamic_snr,27.7319,0.9854
105,v4,v13,40.0,29.02,53.85,1.0,0.1451,0.5385,10.1561,False,fuzzy_logic_dynamic_snr,16.2947,0.8385
105,v4,v5,40.0,31.14,0.0,1.0,0.1557,0.0,16.1058,False,fuzzy_logic_dynamic_snr,22.2432,0.9588
105,v4,v3,40.0,42.43,0.0,1.0,0.2121,0.0,13.9578,False,fuzzy_logic_dynamic_snr,20.0954,0.9186
105,v4,v15,40.0,55.95,53.85,1.0,0.2797,0.5385,5.5943,False,fuzzy_logic_dynamic_snr,11.7328,0.5256
106,v1,v6,40.0,18.97,30.0,1.0,0.0949,0.3,14.7331,False,fuzzy_logic_dynamic_snr,20.8704,0.942
106,v1,v3,40.0,88.2,10.0,1.0,0.441,0.1,6.4639,False,fuzzy_logic_dynamic_snr,12.6019,0.5857
106,v1,v5,40.0,99.05,40.0,1.0,0.4952,0.4,2.4749,False,fuzzy_logic_dynamic_snr,8.6153,0.2773
106,v1,v4,40.0,130.0,0.0,1.0,0.65,0.0,6.1769,False,fuzzy_logic_dynamic_snr,12.3159,0.5605
106,v1,v13,40.0,130.0,30.0,1.0,0.65,0.3,1.3604,False,fuzzy_logic_dynamic_snr,7.4974,0.2254
106,v3,v5,20.0,11.4,30.0,0.6,0.057,0.3,-1.728,True,fuzzy_logic_dynamic_snr,19.9761,0.8139
106,v3,v4,20.0,42.43,10.0,0.6,0.2121,0.1,-8.4504,False,fuzzy_logic_dynamic_snr,-2.3126,0.1051
106,v3,v13,20.0,42.43,20.0,0.6,0.2121,0.2,-9.8592,False,fuzzy_logic_dynamic_snr,-3.7206,0.0973
106,v3,v7,20.0,62.29,10.0,0.6,0.3114,0.1,-11.1189,True,fuzzy_logic_dynamic_snr,15.0434,0.5
106,v3,v6,20.0,70.0,20.0,0.6,0.35,0.2,-13.3385,True,fuzzy_logic_dynamic_snr,13.6025,0.392
106,v4,v13,40.0,0.0,30.0,1.0,0.0,0.3,40.0,False,fuzzy_logic_dynamic_snr,46.1386,0.998
106,v4,v7,40.0,20.0,20.0,1.0,0.1,0.2,15.3666,False,fuzzy_logic_dynamic_snr,21.503,0.9471
106,v4,v5,40.0,31.14,40.0,1.0,0.1557,0.4,10.5141,False,fuzzy_logic_dynamic_snr,16.6527,0.8543
106,v4,v15,40.0,38.47,0.0,1.0,0.1924,0.0,14.6379,False,fuzzy_logic_dynamic_snr,20.7742,0.9377
106,v4,v3,40.0,42.43,10.0,1.0,0.2121,0.1,11.5496,False,fuzzy_logic_dynamic_snr,17.6878,0.892
107,v1,v6,40.0,48.37,10.0,1.0,0.2419,0.1,10.638,False,fuzzy_logic_dynamic_snr,16.7782,0.8416
107,v1,v3,40.0,98.18,10.0,1.0,0.4909,0.1,5.7191,False,fuzzy_logic_dynamic_snr,11.8588,0.5314
107,v1,v4,40.0,130.0,20.0,1.0,0.65,0.2,2.3599,False,fuzzy_logic_dynamic_snr,8.4979,0.2725
107,v1,v5,40.0,139.03,10.0,1.0,0.6952,0.1,3.3019,False,fuzzy_logic_dynamic_snr,9.4411,0.3256
107,v1,v13,40.0,160.0,20.0,1.0,0.8,0.2,0.9171,True,fuzzy_logic_dynamic_snr,20.8558,0.8504
107,v2,v1,20.0,191.02,40.0,0.6,0.9551,0.4,-22.0892,True,fuzzy_logic_dynamic_snr,7.5994,0.1654
107,v3,v4,20.0,32.56,10.0,0.6,0.1628,0.1,-6.6107,False,fuzzy_logic_dynamic_snr,-0.4731,0.1129
107,v3,v5,20.0,41.11,0.0,0.6,0.2055,0.0,-5.8231,False,fuzzy_logic_dynamic_snr,0.3154,0.1207
107,v3,v6,20.0,50.0,0.0,0.6,0.25,0.0,-7.1835,False,fuzzy_logic_dynamic_snr,-1.0457,0.1135
107,v3,v13,20.0,62.29,10.0,0.6,0.3114,0.1,-11.1189,True,fuzzy_logic_dynamic_snr,15.0158,0.5156
107,v3,v15,20.0,70.0,30.0,0.6,0.35,0.3,-14.338,True,fuzzy_logic_dynamic_snr,12.974,0.3857
107,v4,v5,40.0,9.49,10.0,1.0,0.0474,0.1,21.9578,False,fuzzy_logic_dynamic_snr,28.096,0.9828
107,v4,v13,40.0,30.0,0.0,1.0,0.15,0.0,16.3661,False,fuzzy_logic_dynamic_snr,22.5048,0.952
107,v4,v3,40.0,32.56,10.0,1.0,0.1628,0.1,13.3893,False,fuzzy_logic_dynamic_snr,19.5269,0.9113
107,v4,v15,40.0,38.47,20.0,1.0,0.1924,0.2,10.8209,False,fuzzy_logic_dynamic_snr,16.9573,0.8561
107,v4,v7,40.0,40.0,0.0,1.0,0.2,0.0,14.367,False,fuzzy_logic_dynamic_snr,20.5042,0.9234
108,v1,v6,40.0,38.47,10.0,1.0,0.1924,0.1,12.2297,False,fuzzy_logic_dynamic_snr,18.3661,0.8994
108,v1,v3,40.0,88.2,10.0,1.0,0.441,0.1,6.4639,False,fuzzy_logic_dynamic_snr,12.603,0.5861
108,v1,v4,40.0,110.0,40.0,1.0,0.55,0.4,1.746,False,fuzzy_logic_dynamic_snr,7.8831,0.2342
108,v1,v15,40.0,128.14,0.0,1.0,0.6407,0.0,6.277,False,fuzzy_logic_dynamic_snr,12.4162,0.5689
108,v1,v5,40.0,129.03,40.0,1.0,0.6452,0.4,0.6369,False,fuzzy_logic_dynamic_snr,6.7762,0.1939
108,v3,v4,20.0,22.8,30.0,0.6,0.114,0.3,-6.5445,True,fuzzy_logic_dynamic_snr,17.7372,0.7031
108,v3,v15,20.0,40.0,10.0,0.6,0.2,0.1,-8.0412,False,fuzzy_logic_dynamic_snr,-1.9024,0.1105
108,v3,v5,20.0,41.11,30.0,0.6,0.2055,0.3,-10.6396,True,fuzzy_logic_dynamic_snr,15.3661,0.5439
108,v3,v6,20.0,50.0,0.0,0.6,0.25,0.0,-7.1835,False,fuzzy_logic_dynamic_snr,-1.0441,0.1188
108,v3,v13,20.0,52.35,10.0,0.6,0.2617,0.1,-9.9102,False,fuzzy_logic_dynamic_snr,-3.7719,0.0982
108,v4,v15,40.0,18.97,40.0,1.0,0.0949,0.4,13.9578,False,fuzzy_logic_dynamic_snr,20.0955,0.9328
108,v4,v5,40.0,19.24,0.0,1.0,0.0962,0.0,19.4544,False,fuzzy_logic_dynamic_snr,25.5932,0.9725
108,v4,v3,40.0,22.8,30.0,1.0,0.114,0.3,13.4555,False,fuzzy_logic_dynamic_snr,19.5934,0.9053
108,v4,v13,40.0,30.0,40.0,1.0,0.15,0.4,10.7743,False,fuzzy_logic_dynamic_snr,16.9119,0.8461
108,v4,v7,40.0,40.0,30.0,1.0,0.2,0.3,9.5506,False,fuzzy_logic_dynamic_snr,15.6879,0.8043
109,v1,v6,40.0,28.64,20.0,1.0,0.1432,0.2,12.8725,False,fuzzy_logic_dynamic_snr,19.0113,0.9068
109,v1,v4,40.0,70.0,0.0,1.0,0.35,0.0,10.4784,False,fuzzy_logic_dynamic_snr,16.6157,0.8387
109,v1,v3,40.0,78.23,10.0,1.0,0.3912,0.1,7.2977,False,fuzzy_logic_dynamic_snr,13.4349,0.6566
109,v1,v5,40.0,89.05,20.0,1.0,0.4453,0.2,4.9888,False,fuzzy_logic_dynamic_snr,11.1274,0.4639
109,v1,v15,40.0,128.14,10.0,1.0,0.6407,0.1,3.8688,False,fuzzy_logic_dynamic_snr,10.0064,0.3758
109,v3,v4,20.0,10.0,10.0,0.6,0.05,0.1,1.5918,False,fuzzy_logic_dynamic_snr,7.7306,0.2379
109,v3,v5,20.0,11.4,10.0,0.6,0.057,0.1,0.6802,False,fuzzy_logic_dynamic_snr,6.8162,0.2004
109,v3,v6,20.0,50.0,10.0,0.6,0.25,0.1,-9.5918,False,fuzzy_logic_dynamic_snr,-3.4533,0.1012
109,v3,v15,20.0,50.0,0.0,0.6,0.25,0.0,-7.1835,False,fuzzy_logic_dynamic_snr,-1.0474,0.1168
109,v3,v7,20.0,62.29,0.0,0.6,0.3114,0.0,-8.7107,True,fuzzy_logic_dynamic_snr,16.5207,0.6359
109,v4,v3,40.0,10.0,10.0,1.0,0.05,0.1,21.5918,False,fuzzy_logic_dynamic_snr,27.7326,0.9838
109,v4,v5,40.0,19.24,20.0,1.0,0.0962,0.2,15.6374,False,fuzzy_logic_dynamic_snr,21.7757,0.95
109,v4,v6,40.0,42.43,20.0,1.0,0.2121,0.2,10.1408,False,fuzzy_logic_dynamic_snr,16.2771,0.8268
109,v4,v15,40.0,58.31,10.0,1.0,0.2915,0.1,9.3399,False,fuzzy_logic_dynamic_snr,15.4776,0.7926
109,v4,v1,40.0,70.0,0.0,1.0,0.35,0.0,10.4784,False,fuzzy_logic_dynamic_snr,16.6172,0.8371
110,v1,v6,40.0,48.37,10.0,1.0,0.2419,0.1,10.638,False,fuzzy_logic_dynamic_snr,16.7767,0.8566
110,v1,v4,40.0,70.0,20.0,1.0,0.35,0.2,6.6615,False,fuzzy_logic_dynamic_snr,12.7997,0.6145
110,v1,v3,40.0,88.2,20.0,1.0,0.441,0.2,5.0552,False,fuzzy_logic_dynamic_snr,11.1909,0.4623
110,v1,v5,40.0,109.04,20.0,1.0,0.5452,0.2,3.5816,False,fuzzy_logic_dynamic_snr,9.7177,0.34
110,v1,v15,40.0,138.13,40.0,1.0,0.6907,0.4,0.1636,True,fuzzy_logic_dynamic_snr,20.6597,0.8432
110,v3,v4,20.0,18.97,0.0,0.6,0.0949,0.0,-0.4504,False,fuzzy_logic_dynamic_snr,5.6862,0.1705
110,v3,v5,20.0,21.21,0.0,0.6,0.1061,0.0,-1.2257,False,fuzzy_logic_dynamic_snr,4.9115,0.1631
110,v3,v6,20.0,40.0,10.0,0.6,0.2,0.1,-8.0412,False,fuzzy_logic_dynamic_snr,-1.9031,0.11
110,v3,v15,20.0,50.0,20.0,0.6,0.25,0.2,-11.0005,False,fuzzy_logic_dynamic_snr,-4.8619,0.1012
110,v3,v7,20.0,62.29,10.0,0.6,0.3114,0.1,-11.1189,True,fuzzy_logic_dynamic_snr,15.0622,0.5398
110,v4,v3,40.0,18.97,0.0,1.0,0.0949,0.0,19.5496,False,fuzzy_logic_dynamic_snr,25.689,0.977
110,v4,v6,40.0,22.8,10.0,1.0,0.114,0.1,15.8637,False,fuzzy_logic_dynamic_snr,21.9995,0.9461
110,v4,v5,40.0,39.12,0.0,1.0,0.1956,0.0,14.5225,False,fuzzy_logic_dynamic_snr,20.6609,0.9447
110,v4,v15,40.0,68.26,20.0,1.0,0.3413,0.2,6.8359,False,fuzzy_logic_dynamic_snr,12.9741,0.6174
110,v4,v1,40.0,70.0,20.0,1.0,0.35,0.2,6.6615,False,fuzzy_logic_dynamic_snr,12.7983,0.61
111,v1,v6,40.0,58.31,10.0,1.0,0.2915,0.1,9.3399,False,fuzzy_logic_dynamic_snr,15.4789,0.807
111,v1,v4,40.0,90.0,40.0,1.0,0.45,0.4,3.1404,False,fuzzy_logic_dynamic_snr,9.2765,0.3289
111,v1,v3,40.0,108.17,30.0,1.0,0.5408,0.3,2.638,False,fuzzy_logic_dynamic_snr,8.7761,0.2959
111,v1,v5,40.0,129.03,30.0,1.0,0.6452,0.3,1.4122,False,fuzzy_logic_dynamic_snr,7.55,0.2273
111,v1,v15,40.0,178.1,30.0,1.0,0.8905,0.3,-0.8271,True,fuzzy_logic_dynamic_snr,20.2952,0.8309
111,v3,v4,20.0,18.97,10.0,0.6,0.0949,0.1,-2.8587,False,fuzzy_logic_dynamic_snr,3.2806,0.1334
111,v3,v5,20.0,21.21,0.0,0.6,0.1061,0.0,-1.2257,False,fuzzy_logic_dynamic_snr,4.9124,0.1598
111,v3,v6,20.0,50.0,20.0,0.6,0.25,0.2,-11.0005,False,fuzzy_logic_dynamic_snr,-4.8642,0.1051
111,v3,v15,20.0,70.0,0.0,0.6,0.35,0.0,-9.5216,True,fuzzy_logic_dynamic_snr,16.0692,0.5791
111,v3,v7,20.0,72.25,20.0,0.6,0.3612,0.2,-13.5583,True,fuzzy_logic_dynamic_snr,13.4898,0.4201
111,v4,v3,40.0,18.97,10.0,1.0,0.0949,0.1,17.1413,False,fuzzy_logic_dynamic_snr,23.2771,0.9588
111,v4,v6,40.0,32.56,30.0,1.0,0.1628,0.3,10.9811,False,fuzzy_logic_dynamic_snr,17.1191,0.8549
111,v4,v5,40.0,39.12,10.0,1.0,0.1956,0.1,12.1142,False,fuzzy_logic_dynamic_snr,18.2526,0.8779
111,v4,v15,40.0,88.2,10.0,1.0,0.441,0.1,6.4639,False,fuzzy_logic_dynamic_snr,12.6018,0.5793
111,v4,v1,40.0,90.0,40.0,1.0,0.45,0.4,3.1404,False,fuzzy_logic_dynamic_snr,9.2783,0.333
112,v1,v6,40.0,48.37,10.0,1.0,0.2419,0.1,10.638,False,fuzzy_logic_dynamic_snr,16.7758,0.8416
112,v1,v4,40.0,50.0,20.0,1.0,0.25,0.2,8.9995,False,fuzzy_logic_dynamic_snr,15.1382,0.7703
112,v1,v3,40.0,78.23,0.0,1.0,0.3912,0.0,9.706,False,fuzzy_logic_dynamic_snr,15.8423,0.8033
112,v1,v5,40.0,99.05,20.0,1.0,0.4952,0.2,4.2497,False,fuzzy_logic_dynamic_snr,10.3874,0.4059
112,v1,v15,40.0,148.12,10.0,1.0,0.7406,0.1,2.8619,False,fuzzy_logic_dynamic_snr,8.9986,0.317
112,v3,v5,20.0,21.21,20.0,0.6,0.1061,0.2,-5.0427,False,fuzzy_logic_dynamic_snr,1.0948,0.1318
112,v3,v4,20.0,28.64,20.0,0.6,0.1432,0.2,-7.1275,False,fuzzy_logic_dynamic_snr,-0.9904,0.1188
112,v3,v6,20.0,30.0,10.0,0.6,0.15,0.1,-6.0422,False,fuzzy_logic_dynamic_snr,0.0954,0.1285
112,v3,v15,20.0,70.0,10.0,0.6,0.35,0.1,-11.9298,True,fuzzy_logic_dynamic_snr,14.5537,0.4664
112,v3,v1,20.0,78.23,0.0,0.6,0.3912,0.0,-10.294,True,fuzzy_logic_dynamic_snr,15.5729,0.5707
112,v4,v6,40.0,6.32,30.0,1.0,0.0316,0.3,22.367,False,fuzzy_logic_dynamic_snr,28.507,0.9873
112,v4,v3,40.0,28.64,20.0,1.0,0.1432,0.2,12.8725,False,fuzzy_logic_dynamic_snr,19.0105,0.9137
112,v4,v5,40.0,49.09,0.0,1.0,0.2455,0.0,12.9439,False,fuzzy_logic_dynamic_snr,19.0811,0.9146
112,v4,v1,40.0,50.0,20.0,1.0,0.25,0.2,8.9995,False,fuzzy_logic_dynamic_snr,15.1387,0.7688
112,v4,v15,40.0,98.18,30.0,1.0,0.4909,0.3,3.3109,False,fuzzy_logic_dynamic_snr,9.4469,0.3293
113,v1,v6,40.0,38.47,20.0,1.0,0.1924,0.2,10.8209,False,fuzzy_logic_dynamic_snr,16.9592,0.8592
113,v1,v4,40.0,70.0,20.0,1.0,0.35,0.2,6.6615,False,fuzzy_logic_dynamic_snr,12.7987,0.6018
113,v1,v3,40.0,78.23,0.0,1.0,0.3912,0.0,9.706,False,fuzzy_logic_dynamic_snr,15.8434,0.8098
113,v1,v5,40.0,119.04,10.0,1.0,0.5952,0.1,4.3808,False,fuzzy_logic_dynamic_snr,10.5175,0.3992
113,v1,v15,40.0,138.13,20.0,1.0,0.6907,0.2,1.9384,False,fuzzy_logic_dynamic_snr,8.0772,0.2469
113,v3,v4,20.0,10.0,20.0,0.6,0.05,0.2,0.183,False,fuzzy_logic_dynamic_snr,6.3194,0.1818
113,v3,v6,20.0,40.0,20.0,0.6,0.2,0.2,-9.4499,False,fuzzy_logic_dynamic_snr,-3.3119,0.1021
113,v3,v5,20.0,41.11,10.0,0.6,0.2055,0.1,-8.2313,False,fuzzy_logic_dynamic_snr,-2.0951,0.1025
113,v3,v15,20.0,60.0,20.0,0.6,0.3,0.2,-12.2674,True,fuzzy_logic_dynamic_snr,14.318,0.4969
113,v3,v1,20.0,78.23,0.0,0.6,0.3912,0.0,-10.294,True,fuzzy_logic_dynamic_snr,15.5659,0.5705
113,v4,v3,40.0,10.0,20.0,1.0,0.05,0.2,20.183,False,fuzzy_logic_dynamic_snr,26.3204,0.975
113,v4,v6,40.0,32.56,0.0,1.0,0.1628,0.0,15.7976,False,fuzzy_logic_dynamic_snr,21.9341,0.9504
113,v4,v5,40.0,49.09,30.0,1.0,0.2455,0.3,8.1274,False,fuzzy_logic_dynamic_snr,14.2649,0.7164
113,v4,v15,40.0,68.26,40.0,1.0,0.3413,0.4,5.0612,False,fuzzy_logic_dynamic_snr,11.1994,0.4738
113,v4,v1,40.0,70.0,20.0,1.0,0.35,0.2,6.6615,False,fuzzy_logic_dynamic_snr,12.7991,0.6016
114,v1,v6,40.0,58.31,20.0,1.0,0.2915,0.2,7.9312,False,fuzzy_logic_dynamic_snr,14.0692,0.7035
114,v1,v3,40.0,78.23,0.0,1.0,0.3912,0.0,9.706,False,fuzzy_logic_dynamic_snr,15.8436,0.8023
114,v1,v4,40.0,90.0,30.0,1.0,0.45,0.3,3.9156,False,fuzzy_logic_dynamic_snr,10.0547,0.3852
114,v1,v5,40.0,109.04,20.0,1.0,0.5452,0.2,3.5816,False,fuzzy_logic_dynamic_snr,9.7177,0.3527
114,v1,v15,40.0,118.15,0.0,1.0,0.5908,0.0,6.8409,False,fuzzy_logic_dynamic_snr,12.9794,0.6309
114,v3,v4,20.0,13.42,30.0,0.6,0.0671,0.3,-2.8587,True,fuzzy_logic_dynamic_snr,19.5343,0.8029
114,v3,v6,20.0,20.0,20.0,0.6,0.1,0.2,-4.6334,False,fuzzy_logic_dynamic_snr,1.5038,0.1266
114,v3,v5,20.0,31.14,20.0,0.6,0.1557,0.2,-7.7111,False,fuzzy_logic_dynamic_snr,-1.5733,0.1109
114,v3,v15,20.0,40.0,0.0,0.6,0.2,0.0,-5.633,False,fuzzy_logic_dynamic_snr,0.5026,0.1221
114,v3,v1,20.0,78.23,0.0,0.6,0.3912,0.0,-10.294,True,fuzzy_logic_dynamic_snr,15.566,0.5609
114,v4,v3,40.0,13.42,30.0,1.0,0.0671,0.3,17.1413,False,fuzzy_logic_dynamic_snr,23.283,0.9629
114,v4,v5,40.0,19.24,10.0,1.0,0.0962,0.1,17.0461,False,fuzzy_logic_dynamic_snr,23.185,0.9648
114,v4,v15,40.0,28.64,30.0,1.0,0.1432,0.3,11.873,False,fuzzy_logic_dynamic_snr,18.0098,0.8916
114,v4,v6,40.0,32.56,10.0,1.0,0.1628,0.1,13.3893,False,fuzzy_logic_dynamic_snr,19.5273,0.9092
114,v4,v7,40.0,70.0,10.0,1.0,0.35,0.1,8.0702,False,fuzzy_logic_dynamic_snr,14.2062,0.7197
115,v1,v6,40.0,38.47,30.0,1.0,0.1924,0.3,9.8214,False,fuzzy_logic_dynamic_snr,15.9589,0.8109
115,v1,v4,40.0,60.0,0.0,1.0,0.3,0.0,11.5496,False,fuzzy_logic_dynamic_snr,17.6874,0.8717
115,v1,v3,40.0,78.23,30.0,1.0,0.3912,0.3,4.8895,False,fuzzy_logic_dynamic_snr,11.0283,0.4639
115,v1,v5,40.0,89.05,0.0,1.0,0.4453,0.0,8.8058,False,fuzzy_logic_dynamic_snr,14.942,0.7719
115,v1,v15,40.0,118.15,20.0,1.0,0.5908,0.2,3.0239,False,fuzzy_logic_dynamic_snr,9.1617,0.307
115,v3,v5,20.0,11.4,30.0,0.6,0.057,0.3,-1.728,True,fuzzy_logic_dynamic_snr,19.9858,0.8309
115,v3,v4,20.0,18.97,30.0,0.6,0.0949,0.3,-5.2669,True,fuzzy_logic_dynamic_snr,18.3867,0.7449
115,v3,v6,20.0,40.0,0.0,0.6,0.2,0.0,-5.633,False,fuzzy_logic_dynamic_snr,0.5035,0.1246
115,v3,v15,20.0,40.0,10.0,0.6,0.2,0.1,-8.0412,False,fuzzy_logic_dynamic_snr,-1.9015,0.1145
115,v3,v7,20.0,42.43,10.0,0.6,0.2121,0.1,-8.4504,False,fuzzy_logic_dynamic_snr,-2.3123,0.1129
115,v4,v3,40.0,18.97,30.0,1.0,0.0949,0.3,14.7331,False,fuzzy_logic_dynamic_snr,20.8711,0.9406
115,v4,v6,40.0,22.8,30.0,1.0,0.114,0.3,13.4555,False,fuzzy_logic_dynamic_snr,19.594,0.9109
115,v4,v5,40.0,29.15,0.0,1.0,0.1458,0.0,16.5646,False,fuzzy_logic_dynamic_snr,22.7046,0.9555
115,v4,v15,40.0,58.31,20.0,1.0,0.2915,0.2,7.9312,False,fuzzy_logic_dynamic_snr,14.0681,0.7146
115,v4,v1,40.0,60.0,0.0,1.0,0.3,0.0,11.5496,False,fuzzy_logic_dynamic_snr,17.6867,0.8871
116,v1,v4,40.0,60.0,0.0,1.0,0.3,0.0,11.5496,False,fuzzy_logic_dynamic_snr,17.689,0.8738
116,v1,v6,40.0,68.26,20.0,1.0,0.3413,0.2,6.8359,False,fuzzy_logic_dynamic_snr,12.9757,0.6232
116,v1,v5,40.0,89.05,0.0,1.0,0.4453,0.0,8.8058,False,fuzzy_logic_dynamic_snr,14.943,0.7773
116,v1,v3,40.0,108.17,20.0,1.0,0.5408,0.2,3.6375,False,fuzzy_logic_dynamic_snr,9.7731,0.3371
116,v1,v15,40.0,138.13,20.0,1.0,0.6907,0.2,1.9384,False,fuzzy_logic_dynamic_snr,8.0784,0.2375
116,v3,v5,20.0,19.24,20.0,0.6,0.0962,0.2,-4.3626,False,fuzzy_logic_dynamic_snr,1.7748,0.1379
116,v3,v15,20.0,30.0,40.0,0.6,0.15,0.4,-9.2257,True,fuzzy_logic_dynamic_snr,16.2006,0.6012
116,v3,v7,20.0,32.56,30.0,0.6,0.1628,0.3,-9.0189,True,fuzzy_logic_dynamic_snr,16.3427,0.6113
116,v3,v6,20.0,40.0,0.0,0.6,0.2,0.0,-5.633,False,fuzzy_logic_dynamic_snr,0.5051,0.1193
116,v3,v11,20.0,41.11,40.0,0.6,0.2055,0.4,-11.4149,True,fuzzy_logic_dynamic_snr,14.9144,0.5037
116,v4,v6,40.0,10.0,20.0,1.0,0.05,0.2,20.183,False,fuzzy_logic_dynamic_snr,26.3206,0.975
116,v4,v5,40.0,29.15,0.0,1.0,0.1458,0.0,16.5646,False,fuzzy_logic_dynamic_snr,22.703,0.9617
116,v4,v3,40.0,48.37,20.0,1.0,0.2419,0.2,9.2293,False,fuzzy_logic_dynamic_snr,15.3667,0.7834
116,v4,v1,40.0,60.0,0.0,1.0,0.3,0.0,11.5496,False,fuzzy_logic_dynamic_snr,17.6882,0.8758
116,v4,v15,40.0,78.23,20.0,1.0,0.3912,0.2,5.889,False,fuzzy_logic_dynamic_snr,12.0271,0.541
117,v1,v4,40.0,60.0,30.0,1.0,0.3,0.3,6.7331,False,fuzzy_logic_dynamic_snr,12.8719,0.6268
117,v1,v6,40.0,88.2,40.0,1.0,0.441,0.4,3.2804,False,fuzzy_logic_dynamic_snr,9.4177,0.3307
117,v1,v5,40.0,89.05,30.0,1.0,0.4453,0.3,3.9893,False,fuzzy_logic_dynamic_snr,10.1271,0.3744
117,v1,v15,40.0,118.15,10.0,1.0,0.5908,0.1,4.4327,False,fuzzy_logic_dynamic_snr,10.5728,0.4131
117,v1,v3,40.0,128.14,10.0,1.0,0.6407,0.1,3.8688,False,fuzzy_logic_dynamic_snr,10.0045,0.3566
117,v3,v11,20.0,3.16,0.0,0.6,0.0158,0.0,12.0,False,fuzzy_logic_dynamic_snr,18.1388,0.8893
117,v3,v7,20.0,6.32,10.0,0.6,0.0316,0.1,4.7753,False,fuzzy_logic_dynamic_snr,10.912,0.44
117,v3,v15,20.0,10.0,0.0,0.6,0.05,0.0,4.0,False,fuzzy_logic_dynamic_snr,10.1361,0.377
117,v3,v5,20.0,39.12,20.0,0.6,0.1956,0.2,-9.2945,False,fuzzy_logic_dynamic_snr,-3.1567,0.108
117,v3,v6,20.0,40.0,30.0,0.6,0.2,0.3,-10.4494,True,fuzzy_logic_dynamic_snr,15.4878,0.5426
117,v4,v6,40.0,28.64,10.0,1.0,0.1432,0.1,14.2812,False,fuzzy_logic_dynamic_snr,20.4184,0.9338
117,v4,v5,40.0,29.15,0.0,1.0,0.1458,0.0,16.5646,False,fuzzy_logic_dynamic_snr,22.7034,0.9535
117,v4,v15,40.0,58.31,20.0,1.0,0.2915,0.2,7.9312,False,fuzzy_logic_dynamic_snr,14.0686,0.7148
117,v4,v1,40.0,60.0,30.0,1.0,0.3,0.3,6.7331,False,fuzzy_logic_dynamic_snr,12.8701,0.6119
117,v4,v3,40.0,68.26,20.0,1.0,0.3413,0.2,6.8359,False,fuzzy_logic_dynamic_snr,12.9716,0.627
118,v1,v4,40.0,90.0,10.0,1.0,0.45,0.1,6.3239,False,fuzzy_logic_dynamic_snr,12.4601,0.5818
118,v1,v5,40.0,119.04,40.0,1.0,0.5952,0.4,1.1973,False,fuzzy_logic_dynamic_snr,7.3337,0.2131
118,v1,v6,40.0,128.14,20.0,1.0,0.6407,0.2,2.46,False,fuzzy_logic_dynamic_snr,8.5975,0.2689
118,v1,v15,40.0,128.14,40.0,1.0,0.6407,0.4,0.6853,False,fuzzy_logic_dynamic_snr,6.8208,0.1979
118,v1,v7,40.0,130.0,30.0,1.0,0.65,0.3,1.3604,False,fuzzy_logic_dynamic_snr,7.4994,0.216
118,v3,v11,20.0,3.16,30.0,0.6,0.0158,0.3,7.1835,True,fuzzy_logic_dynamic_snr,22.0159,0.882
118,v3,v6,20.0,10.0,20.0,0.6,0.05,0.2,0.183,False,fuzzy_logic_dynamic_snr,6.3198,0.1721
118,v3,v7,20.0,10.0,10.0,0.6,0.05,0.1,1.5918,False,fuzzy_logic_dynamic_snr,7.7312,0.2252
118,v3,v15,20.0,10.0,0.0,0.6,0.05,0.0,4.0,False,fuzzy_logic_dynamic_snr,10.1392,0.3645
118,v3,v5,20.0,19.24,0.0,0.6,0.0962,0.0,-0.5456,False,fuzzy_logic_dynamic_snr,5.5907,0.173
118,v4,v5,40.0,29.15,30.0,1.0,0.1458,0.3,11.7482,False,fuzzy_logic_dynamic_snr,17.8847,0.8902
118,v4,v6,40.0,38.47,10.0,1.0,0.1924,0.1,12.2297,False,fuzzy_logic_dynamic_snr,18.3668,0.8961
118,v4,v15,40.0,38.47,30.0,1.0,0.1924,0.3,9.8214,False,fuzzy_logic_dynamic_snr,15.9586,0.8131
118,v4,v7,40.0,40.0,20.0,1.0,0.2,0.2,10.5501,False,fuzzy_logic_dynamic_snr,16.6891,0.8391
118,v4,v3,40.0,48.37,30.0,1.0,0.2419,0.3,8.2298,False,fuzzy_logic_dynamic_snr,14.3664,0.7236
119,v1,v5,40.0,79.06,0.0,1.0,0.3953,0.0,9.633,False,fuzzy_logic_dynamic_snr,15.769,0.8121
119,v1,v4,40.0,80.0,10.0,1.0,0.4,0.1,7.1423,False,fuzzy_logic_dynamic_snr,13.2794,0.6432
119,v1,v15,40.0,88.2,10.0,1.0,0.441,0.1,6.4639,False,fuzzy_logic_dynamic_snr,12.6017,0.583
119,v1,v3,40.0,98.18,30.0,1.0,0.4909,0.3,3.3109,False,fuzzy_logic_dynamic_snr,9.4482,0.3242
119,v1,v7,40.0,100.0,10.0,1.0,0.5,0.1,5.5918,False,fuzzy_logic_dynamic_snr,11.73,0.5166
119,v3,v7,20.0,6.32,20.0,0.6,0.0316,0.2,3.3666,False,fuzzy_logic_dynamic_snr,9.5046,0.3271
119,v3,v6,20.0,10.0,20.0,0.6,0.05,0.2,0.183,False,fuzzy_logic_dynamic_snr,6.3236,0.176
119,v3,v15,20.0,10.0,20.0,0.6,0.05,0.2,0.183,False,fuzzy_logic_dynamic_snr,6.3216,0.1838
119,v3,v4,20.0,18.97,20.0,0.6,0.0949,0.2,-4.2674,False,fuzzy_logic_dynamic_snr,1.8713,0.1389
119,v3,v5,20.0,19.24,30.0,0.6,0.0962,0.3,-5.3621,True,fuzzy_logic_dynamic_snr,18.3694,0.7586
119,v4,v5,40.0,3.16,10.0,1.0,0.0158,0.1,29.5918,False,fuzzy_logic_dynamic_snr,35.7288,0.9883
119,v4,v15,40.0,10.0,0.0,1.0,0.05,0.0,24.0,False,fuzzy_logic_dynamic_snr,30.1368,0.9883
119,v4,v3,40.0,18.97,20.0,1.0,0.0949,0.2,15.7326,False,fuzzy_logic_dynamic_snr,21.8696,0.9486
119,v4,v7,40.0,20.0,0.0,1.0,0.1,0.0,19.1835,False,fuzzy_logic_dynamic_snr,25.3218,0.9746
119,v4,v6,40.0,28.64,0.0,1.0,0.1432,0.0,16.6895,False,fuzzy_logic_dynamic_snr,22.8279,0.9584
120,v1,v3,40.0,68.26,0.0,1.0,0.3413,0.0,10.6529,False,fuzzy_logic_dynamic_snr,16.7897,0.8455
120,v1,v4,40.0,70.0,20.0,1.0,0.35,0.2,6.6615,False,fuzzy_logic_dynamic_snr,12.7995,0.6025
120,v1,v15,40.0,78.23,20.0,1.0,0.3912,0.2,5.889,False,fuzzy_logic_dynamic_snr,12.0274,0.5516
120,v1,v5,40.0,79.06,0.0,1.0,0.3953,0.0,9.633,False,fuzzy_logic_dynamic_snr,15.7714,0.8121
120,v1,v7,40.0,90.0,0.0,1.0,0.45,0.0,8.7321,False,fuzzy_logic_dynamic_snr,14.8696,0.7699
120,v3,v4,20.0,6.32,20.0,0.6,0.0316,0.2,3.3666,False,fuzzy_logic_dynamic_snr,9.5058,0.3311
120,v3,v15,20.0,10.0,20.0,0.6,0.05,0.2,0.183,False,fuzzy_logic_dynamic_snr,6.32,0.1881
120,v3,v5,20.0,11.4,0.0,0.6,0.057,0.0,3.0885,False,fuzzy_logic_dynamic_snr,9.226,0.3104
120,v3,v7,20.0,22.8,0.0,0.6,0.114,0.0,-1.728,False,fuzzy_logic_dynamic_snr,4.4107,0.1539
120,v3,v6,20.0,30.0,20.0,0.6,0.15,0.2,-7.4509,False,fuzzy_logic_dynamic_snr,-1.3132,0.1158
120,v4,v3,40.0,6.32,20.0,1.0,0.0316,0.2,23.3666,False,fuzzy_logic_dynamic_snr,29.5035,0.9871
120,v4,v5,40.0,9.49,20.0,1.0,0.0474,0.2,20.5491,False,fuzzy_logic_dynamic_snr,26.6862,0.9795
120,v4,v15,40.0,10.0,40.0,1.0,0.05,0.4,18.4082,False,fuzzy_logic_dynamic_snr,24.5475,0.9721
120,v4,v7,40.0,20.0,20.0,1.0,0.1,0.2,15.3666,False,fuzzy_logic_dynamic_snr,21.5055,0.9445
120,v4,v6,40.0,28.64,0.0,1.0,0.1432,0.0,16.6895,False,fuzzy_logic_dynamic_snr,22.8264,0.9533
121,v1,v15,40.0,58.31,30.0,1.0,0.2915,0.3,6.9317,False,fuzzy_logic_dynamic_snr,13.0695,0.6391
121,v1,v3,40.0,68.26,10.0,1.0,0.3413,0.1,8.2447,False,fuzzy_logic_dynamic_snr,14.3836,0.7361
121,v1,v5,40.0,79.06,0.0,1.0,0.3953,0.0,9.633,False,fuzzy_logic_dynamic_snr,15.7726,0.8074
121,v1,v4,40.0,90.0,30.0,1.0,0.45,0.3,3.9156,False,fuzzy_logic_dynamic_snr,10.0525,0.3689
121,v1,v7,40.0,90.0,10.0,1.0,0.45,0.1,6.3239,False,fuzzy_logic_dynamic_snr,12.463,0.5781
121,v3,v15,20.0,10.0,40.0,0.6,0.05,0.4,-1.5918,True,fuzzy_logic_dynamic_snr,20.0565,0.826
121,v3,v5,20.0,11.4,10.0,0.6,0.057,0.1,0.6802,False,fuzzy_logic_dynamic_snr,6.8178,0.202
121,v3,v4,20.0,22.8,40.0,0.6,0.114,0.4,-7.3198,True,fuzzy_logic_dynamic_snr,17.3297,0.6746
121,v3,v7,20.0,22.8,0.0,0.6,0.114,0.0,-1.728,False,fuzzy_logic_dynamic_snr,4.4091,0.1525
121,v3,v13,20.0,42.43,10.0,0.6,0.2121,0.1,-8.4504,False,fuzzy_logic_dynamic_snr,-2.3117,0.1051
121,v4,v7,40.0,0.0,40.0,1.0,0.0,0.4,40.0,False,fuzzy_logic_dynamic_snr,46.1381,1.0
121,v4,v5,40.0,11.4,30.0,1.0,0.057,0.3,18.272,False,fuzzy_logic_dynamic_snr,24.409,0.9666
121,v4,v13,40.0,20.0,30.0,1.0,0.1,0.3,14.367,False,fuzzy_logic_dynamic_snr,20.5065,0.9322
121,v4,v3,40.0,22.8,40.0,1.0,0.114,0.4,12.6802,False,fuzzy_logic_dynamic_snr,18.8162,0.9098
121,v4,v6,40.0,28.64,30.0,1.0,0.1432,0.3,11.873,False,fuzzy_logic_dynamic_snr,18.0089,0.8848
122,v1,v15,40.0,28.64,10.0,1.0,0.1432,0.1,14.2812,False,fuzzy_logic_dynamic_snr,20.4179,0.9334
122,v1,v4,40.0,60.0,20.0,1.0,0.3,0.2,7.7326,False,fuzzy_logic_dynamic_snr,13.87,0.6854
122,v1,v3,40.0,78.23,0.0,1.0,0.3912,0.0,9.706,False,fuzzy_logic_dynamic_snr,15.842,0.8043
122,v1,v5,40.0,79.06,20.0,1.0,0.3953,0.2,5.816,False,fuzzy_logic_dynamic_snr,11.9547,0.5287
122,v1,v11,40.0,99.05,10.0,1.0,0.4952,0.1,5.6584,False,fuzzy_logic_dynamic_snr,11.796,0.5188
122,v3,v5,20.0,3.16,20.0,0.6,0.0158,0.2,8.183,False,fuzzy_logic_dynamic_snr,14.3223,0.7199
122,v3,v4,20.0,18.97,20.0,0.6,0.0949,0.2,-4.2674,False,fuzzy_logic_dynamic_snr,1.8696,0.1334
122,v3,v11,20.0,21.21,10.0,0.6,0.1061,0.1,-3.6339,False,fuzzy_logic_dynamic_snr,2.5038,0.1354
122,v3,v7,20.0,22.8,10.0,0.6,0.114,0.1,-4.1363,False,fuzzy_logic_dynamic_snr,2.0007,0.135
122,v3,v13,20.0,32.56,20.0,0.6,0.1628,0.2,-8.0194,False,fuzzy_logic_dynamic_snr,-1.883,0.11
122,v4,v3,40.0,18.97,20.0,1.0,0.0949,0.2,15.7326,False,fuzzy_logic_dynamic_snr,21.8703,0.9529
122,v4,v5,40.0,19.24,0.0,1.0,0.0962,0.0,19.4544,False,fuzzy_logic_dynamic_snr,25.5924,0.9727
122,v4,v15,40.0,32.56,30.0,1.0,0.1628,0.3,10.9811,False,fuzzy_logic_dynamic_snr,17.1163,0.8484
122,v4,v11,40.0,39.12,30.0,1.0,0.1956,0.3,9.706,False,fuzzy_logic_dynamic_snr,15.8428,0.8137
122,v4,v7,40.0,40.0,10.0,1.0,0.2,0.1,11.9588,False,fuzzy_logic_dynamic_snr,18.0985,0.8834
123,v1,v15,40.0,18.97,40.0,1.0,0.0949,0.4,13.9578,False,fuzzy_logic_dynamic_snr,20.095,0.9176
123,v1,v3,40.0,78.23,40.0,1.0,0.3912,0.4,4.1142,False,fuzzy_logic_dynamic_snr,10.2522,0.383
123,v1,v4,40.0,80.0,20.0,1.0,0.4,0.2,5.7336,False,fuzzy_logic_dynamic_snr,11.8711,0.5119
123,v1,v11,40.0,89.05,0.0,1.0,0.4453,0.0,8.8058,False,fuzzy_logic_dynamic_snr,14.9438,0.7555
123,v1,v6,40.0,98.18,10.0,1.0,0.4909,0.1,5.7191,False,fuzzy_logic_dynamic_snr,11.8562,0.5254
123,v3,v4,20.0,6.32,20.0,0.6,0.0316,0.2,3.3666,False,fuzzy_logic_dynamic_snr,9.5031,0.3504
123,v3,v11,20.0,11.4,40.0,0.6,0.057,0.4,-2.5033,True,fuzzy_logic_dynamic_snr,19.6701,0.8225
123,v3,v6,20.0,20.0,30.0,0.6,0.1,0.3,-5.633,True,fuzzy_logic_dynamic_snr,18.22,0.7188
123,v3,v5,20.0,21.21,20.0,0.6,0.1061,0.2,-5.0427,False,fuzzy_logic_dynamic_snr,1.0939,0.133
123,v3,v7,20.0,32.56,40.0,0.6,0.1628,0.4,-9.7942,True,fuzzy_logic_dynamic_snr,15.8606,0.5768
123,v4,v3,40.0,6.32,20.0,1.0,0.0316,0.2,23.3666,False,fuzzy_logic_dynamic_snr,29.5052,0.9873
123,v4,v11,40.0,9.49,20.0,1.0,0.0474,0.2,20.5491,False,fuzzy_logic_dynamic_snr,26.6863,0.9795
123,v4,v6,40.0,18.97,10.0,1.0,0.0949,0.1,17.1413,False,fuzzy_logic_dynamic_snr,23.2794,0.9584
123,v4,v5,40.0,19.24,0.0,1.0,0.0962,0.0,19.4544,False,fuzzy_logic_dynamic_snr,25.5916,0.9691
123,v4,v7,40.0,30.0,20.0,1.0,0.15,0.2,12.5491,False,fuzzy_logic_dynamic_snr,18.687,0.9025
124,v1,v15,40.0,58.31,10.0,1.0,0.2915,0.1,9.3399,False,fuzzy_logic_dynamic_snr,15.4767,0.7904
124,v1,v11,40.0,89.05,20.0,1.0,0.4453,0.2,4.9888,False,fuzzy_logic_dynamic_snr,11.1266,0.466
124,v1,v4,40.0,100.0,40.0,1.0,0.5,0.4,2.4082,False,fuzzy_logic_dynamic_snr,8.5449,0.282
124,v1,v6,40.0,108.17,10.0,1.0,0.5408,0.1,5.0463,False,fuzzy_logic_dynamic_snr,11.183,0.4541
124,v1,v7,40.0,110.0,40.0,1.0,0.55,0.4,1.746,False,fuzzy_logic_dynamic_snr,7.8845,0.2412
124,v3,v5,20.0,3.16,10.0,0.6,0.0158,0.1,9.5918,False,fuzzy_logic_dynamic_snr,15.734,0.7934
124,v3,v6,20.0,10.0,10.0,0.6,0.05,0.1,1.5918,False,fuzzy_logic_dynamic_snr,7.7288,0.2199
124,v3,v7,20.0,10.0,20.0,0.6,0.05,0.2,0.183,False,fuzzy_logic_dynamic_snr,6.3204,0.1738
124,v3,v4,20.0,18.97,20.0,0.6,0.0949,0.2,-4.2674,False,fuzzy_logic_dynamic_snr,1.8708,0.1334
124,v3,v11,20.0,29.15,0.0,0.6,0.1458,0.0,-3.4354,False,fuzzy_logic_dynamic_snr,2.7023,0.1334
124,v4,v6,40.0,10.0,30.0,1.0,0.05,0.3,19.1835,False,fuzzy_logic_dynamic_snr,25.3218,0.9711
124,v4,v7,40.0,10.0,0.0,1.0,0.05,0.0,24.0,False,fuzzy_logic_dynamic_snr,30.1368,0.9779
124,v4,v11,40.0,11.4,20.0,1.0,0.057,0.2,19.2715,False,fuzzy_logic_dynamic_snr,25.4091,0.974
124,v4,v3,40.0,18.97,20.0,1.0,0.0949,0.2,15.7326,False,fuzzy_logic_dynamic_snr,21.8693,0.9516
124,v4,v5,40.0,19.24,30.0,1.0,0.0962,0.3,14.6379,False,fuzzy_logic_dynamic_snr,20.7748,0.9275
125,v1,v15,40.0,48.37,20.0,1.0,0.2419,0.2,9.2293,False,fuzzy_logic_dynamic_snr,15.3677,0.793
125,v1,v4,40.0,60.0,10.0,1.0,0.3,0.1,9.1413,False,fuzzy_logic_dynamic_snr,15.281,0.7828
125,v1,v11,40.0,69.07,20.0,1.0,0.3453,0.2,6.7549,False,fuzzy_logic_dynamic_snr,12.895,0.6205
125,v1,v7,40.0,70.0,0.0,1.0,0.35,0.0,10.4784,False,fuzzy_logic_dynamic_snr,16.6173,0.8465
125,v1,v3,40.0,98.18,10.0,1.0,0.4909,0.1,5.7191,False,fuzzy_logic_dynamic_snr,11.8579,0.5439
125,v3,v6,20.0,0.0,10.0,0.6,0.0,0.1,33.5918,False,fuzzy_logic_dynamic_snr,39.7292,0.9961
125,v3,v5,20.0,11.4,0.0,0.6,0.057,0.0,3.0885,False,fuzzy_logic_dynamic_snr,9.2262,0.3115
125,v3,v13,20.0,22.8,10.0,0.6,0.114,0.1,-4.1363,False,fuzzy_logic_dynamic_snr,2.0008,0.1383
125,v3,v7,20.0,28.64,10.0,0.6,0.1432,0.1,-5.7188,False,fuzzy_logic_dynamic_snr,0.4206,0.1285
125,v3,v11,20.0,29.15,30.0,0.6,0.1458,0.3,-8.2518,True,fuzzy_logic_dynamic_snr,16.8106,0.6725
125,v4,v11,40.0,9.49,10.0,1.0,0.0474,0.1,21.9578,False,fuzzy_logic_dynamic_snr,28.0963,0.977
125,v4,v7,40.0,10.0,10.0,1.0,0.05,0.1,21.5918,False,fuzzy_logic_dynamic_snr,27.7301,0.9809
125,v4,v15,40.0,13.42,10.0,1.0,0.0671,0.1,19.5496,False,fuzzy_logic_dynamic_snr,25.6881,0.976
125,v4,v3,40.0,38.47,20.0,1.0,0.1924,0.2,10.8209,False,fuzzy_logic_dynamic_snr,16.9578,0.8555
125,v4,v6,40.0,38.47,10.0,1.0,0.1924,0.1,12.2297,False,fuzzy_logic_dynamic_snr,18.3674,0.8959
126,v1,v15,40.0,68.26,20.0,1.0,0.3413,0.2,6.8359,False,fuzzy_logic_dynamic_snr,12.9733,0.6209
126,v1,v4,40.0,70.0,40.0,1.0,0.35,0.4,4.8867,False,fuzzy_logic_dynamic_snr,11.0229,0.4443
126,v1,v7,40.0,70.0,0.0,1.0,0.35,0.0,10.4784,False,fuzzy_logic_dynamic_snr,16.6174,0.8426
126,v1,v3,40.0,88.2,20.0,1.0,0.441,0.2,5.0552,False,fuzzy_logic_dynamic_snr,11.1929,0.4715
126,v1,v11,40.0,89.05,10.0,1.0,0.4453,0.1,6.3976,False,fuzzy_logic_dynamic_snr,12.5329,0.5926
126,v3,v11,20.0,3.16,10.0,0.6,0.0158,0.1,9.5918,False,fuzzy_logic_dynamic_snr,15.731,0.8043
126,v3,v6,20.0,10.0,0.0,0.6,0.05,0.0,4.0,False,fuzzy_logic_dynamic_snr,10.1353,0.3752
126,v3,v5,20.0,11.4,0.0,0.6,0.057,0.0,3.0885,False,fuzzy_logic_dynamic_snr,9.2262,0.3154
126,v3,v4,20.0,18.97,20.0,0.6,0.0949,0.2,-4.2674,False,fuzzy_logic_dynamic_snr,1.8699,0.1252
126,v3,v7,20.0,18.97,20.0,0.6,0.0949,0.2,-4.2674,False,fuzzy_logic_dynamic_snr,1.8695,0.1428
126,v4,v7,40.0,0.0,40.0,1.0,0.0,0.4,40.0,False,fuzzy_logic_dynamic_snr,46.1374,0.999
126,v4,v15,40.0,6.32,20.0,1.0,0.0316,0.2,23.3666,False,fuzzy_logic_dynamic_snr,29.5038,0.9838
126,v4,v3,40.0,18.97,20.0,1.0,0.0949,0.2,15.7326,False,fuzzy_logic_dynamic_snr,21.8695,0.9494
126,v4,v11,40.0,19.24,30.0,1.0,0.0962,0.3,14.6379,False,fuzzy_logic_dynamic_snr,20.7767,0.9387
126,v4,v6,40.0,28.64,20.0,1.0,0.1432,0.2,12.8725,False,fuzzy_logic_dynamic_snr,19.008,0.9023
127,v1,v7,40.0,70.0,30.0,1.0,0.35,0.3,5.662,False,fuzzy_logic_dynamic_snr,11.8009,0.5217
127,v1,v15,40.0,88.2,0.0,1.0,0.441,0.0,8.8722,False,fuzzy_logic_dynamic_snr,15.0112,0.7797
127,v1,v11,40.0,99.05,10.0,1.0,0.4952,0.1,5.6584,False,fuzzy_logic_dynamic_snr,11.7961,0.5131
127,v1,v3,40.0,108.17,30.0,1.0,0.5408,0.3,2.638,False,fuzzy_logic_dynamic_snr,8.7753,0.3002
127,v1,v4,40.0,110.0,10.0,1.0,0.55,0.1,4.9295,False,fuzzy_logic_dynamic_snr,11.0679,0.4479
127,v2,v1,20.0,175.03,20.0,0.6,0.8751,0.2,-19.7066,True,fuzzy_logic_dynamic_snr,9.2122,0.2242
127,v3,v4,20.0,6.32,40.0,0.6,0.0316,0.4,1.5918,True,fuzzy_logic_dynamic_snr,21.0434,0.8408
127,v3,v11,20.0,9.49,40.0,0.6,0.0474,0.4,-1.2257,True,fuzzy_logic_dynamic_snr,20.1624,0.8227
127,v3,v6,20.0,10.0,10.0,0.6,0.05,0.1,1.5918,False,fuzzy_logic_dynamic_snr,7.7301,0.2232
127,v3,v5,20.0,11.4,0.0,0.6,0.057,0.0,3.0885,False,fuzzy_logic_dynamic_snr,9.2258,0.3238
127,v3,v15,20.0,20.0,30.0,0.6,0.1,0.3,-5.633,True,fuzzy_logic_dynamic_snr,18.2549,0.7176
127,v4,v3,40.0,6.32,40.0,1.0,0.0316,0.4,21.5918,False,fuzzy_logic_dynamic_snr,27.7284,0.974
127,v4,v5,40.0,9.49,40.0,1.0,0.0474,0.4,18.7743,False,fuzzy_logic_dynamic_snr,24.9098,0.9652
127,v4,v6,40.0,10.0,30.0,1.0,0.05,0.3,19.1835,False,fuzzy_logic_dynamic_snr,25.3196,0.9734
127,v4,v11,40.0,11.4,0.0,1.0,0.057,0.0,23.0885,False,fuzzy_logic_dynamic_snr,29.2259,0.9834
127,v4,v13,40.0,20.0,40.0,1.0,0.1,0.4,13.5918,False,fuzzy_logic_dynamic_snr,19.729,0.9076
128,v1,v7,40.0,40.0,10.0,1.0,0.2,0.1,11.9588,False,fuzzy_logic_dynamic_snr,18.0958,0.8922
128,v1,v3,40.0,78.23,10.0,1.0,0.3912,0.1,7.2977,False,fuzzy_logic_dynamic_snr,13.4354,0.6611
128,v1,v15,40.0,88.2,10.0,1.0,0.441,0.1,6.4639,False,fuzzy_logic_dynamic_snr,12.601,0.5797
128,v1,v5,40.0,89.05,30.0,1.0,0.4453,0.3,3.9893,False,fuzzy_logic_dynamic_snr,10.1271,0.3766
128,v1,v6,40.0,98.18,0.0,1.0,0.4909,0.0,8.1274,False,fuzzy_logic_dynamic_snr,14.2632,0.7164
128,v2,v1,20.0,155.03,50.0,0.6,0.7751,0.5,-21.2718,True,fuzzy_logic_dynamic_snr,8.0883,0.1723
128,v2,v7,20.0,195.02,40.0,0.6,0.9751,0.4,-22.2331,True,fuzzy_logic_dynamic_snr,7.5152,0.1547
128,v3,v15,20.0,10.0,0.0,0.6,0.05,0.0,4.0,False,fuzzy_logic_dynamic_snr,10.1373,0.3975
128,v3,v5,20.0,11.4,20.0,0.6,0.057,0.2,-0.7285,False,fuzzy_logic_dynamic_snr,5.4095,0.176
128,v3,v6,20.0,20.0,10.0,0.6,0.1,0.1,-3.2247,False,fuzzy_logic_dynamic_snr,2.9134,0.1402
128,v3,v13,20.0,22.8,20.0,0.6,0.114,0.2,-5.545,False,fuzzy_logic_dynamic_snr,0.5907,0.1227
128,v3,v11,20.0,31.14,30.0,0.6,0.1557,0.3,-8.7107,True,fuzzy_logic_dynamic_snr,16.5176,0.6398
128,v4,v11,40.0,11.4,0.0,1.0,0.057,0.0,23.0885,False,fuzzy_logic_dynamic_snr,29.2258,0.9824
128,v4,v13,40.0,20.0,10.0,1.0,0.1,0.1,16.7753,False,fuzzy_logic_dynamic_snr,22.9116,0.9568
128,v4,v6,40.0,22.8,40.0,1.0,0.114,0.4,12.6802,False,fuzzy_logic_dynamic_snr,18.8179,0.9088
128,v4,v5,40.0,31.14,10.0,1.0,0.1557,0.1,13.6976,False,fuzzy_logic_dynamic_snr,19.8366,0.9205
128,v4,v15,40.0,32.56,30.0,1.0,0.1628,0.3,10.9811,False,fuzzy_logic_dynamic_snr,17.1213,0.8574
129,v1,v7,40.0,50.0,10.0,1.0,0.25,0.1,10.4082,False,fuzzy_logic_dynamic_snr,16.546,0.8322
129,v1,v3,40.0,88.2,20.0,1.0,0.441,0.2,5.0552,False,fuzzy_logic_dynamic_snr,11.194,0.4541
129,v1,v6,40.0,98.18,20.0,1.0,0.4909,0.2,4.3104,False,fuzzy_logic_dynamic_snr,10.4487,0.3969
129,v1,v15,40.0,98.18,20.0,1.0,0.4909,0.2,4.3104,False,fuzzy_logic_dynamic_snr,10.4471,0.3928
129,v1,v2,40.0,105.04,30.0,1.0,0.5252,0.3,2.8417,False,fuzzy_logic_dynamic_snr,8.9775,0.2928
129,v2,v1,20.0,105.04,30.0,0.6,0.5252,0.3,-17.1583,True,fuzzy_logic_dynamic_snr,10.9785,0.2857
129,v2,v7,20.0,155.03,20.0,0.6,0.7751,0.2,-18.8636,True,fuzzy_logic_dynamic_snr,9.8091,0.2152
129,v2,v3,20.0,193.02,10.0,0.6,0.9651,0.1,-18.978,True,fuzzy_logic_dynamic_snr,9.7229,0.2133
129,v3,v6,20.0,10.0,0.0,0.6,0.05,0.0,4.0,False,fuzzy_logic_dynamic_snr,10.1384,0.374
129,v3,v15,20.0,10.0,0.0,0.6,0.05,0.0,4.0,False,fuzzy_logic_dynamic_snr,10.1368,0.3824
129,v3,v5,20.0,31.14,20.0,0.6,0.1557,0.2,-7.7111,False,fuzzy_logic_dynamic_snr,-1.5724,0.1076
129,v3,v7,20.0,38.47,10.0,0.6,0.1924,0.1,-7.7703,False,fuzzy_logic_dynamic_snr,-1.6326,0.1021
129,v3,v13,20.0,42.43,0.0,0.6,0.2121,0.0,-6.0422,False,fuzzy_logic_dynamic_snr,0.0949,0.126
129,v4,v11,40.0,11.4,0.0,1.0,0.057,0.0,23.0885,False,fuzzy_logic_dynamic_snr,29.2275,0.9799
129,v4,v13,40.0,30.0,30.0,1.0,0.15,0.3,11.5496,False,fuzzy_logic_dynamic_snr,17.6883,0.8768
129,v4,v5,40.0,41.11,10.0,1.0,0.2055,0.1,11.7687,False,fuzzy_logic_dynamic_snr,17.9071,0.8906
129,v4,v6,40.0,62.29,30.0,1.0,0.3114,0.3,6.4729,False,fuzzy_logic_dynamic_snr,12.6099,0.5992
129,v4,v15,40.0,62.29,30.0,1.0,0.3114,0.3,6.4729,False,fuzzy_logic_dynamic_snr,12.6107,0.5924
130,v1,v7,40.0,60.0,20.0,1.0,0.3,0.2,7.7326,False,fuzzy_logic_dynamic_snr,13.8691,0.6945
130,v1,v2,40.0,75.06,20.0,1.0,0.3753,0.2,6.1765,False,fuzzy_logic_dynamic_snr,12.3153,0.5742
130,v1,v3,40.0,108.17,0.0,1.0,0.5408,0.0,7.4545,False,fuzzy_logic_dynamic_snr,13.5937,0.667
130,v1,v6,40.0,118.15,20.0,1.0,0.5908,0.2,3.0239,False,fuzzy_logic_dynamic_snr,9.1619,0.3145
130,v1,v15,40.0,118.15,0.0,1.0,0.5908,0.0,6.8409,False,fuzzy_logic_dynamic_snr,12.9782,0.6178
130,v2,v1,20.0,75.06,20.0,0.6,0.3753,0.2,-13.8235,True,fuzzy_logic_dynamic_snr,13.2933,0.402
130,v2,v7,20.0,135.03,40.0,0.6,0.6752,0.4,-19.6788,True,fuzzy_logic_dynamic_snr,9.2583,0.2203
130,v2,v3,20.0,183.02,20.0,0.6,0.9151,0.2,-20.0171,True,fuzzy_logic_dynamic_snr,8.9567,0.2033
130,v2,v6,20.0,193.02,40.0,0.6,0.9651,0.4,-22.1615,True,fuzzy_logic_dynamic_snr,7.5292,0.1627
130,v2,v15,20.0,193.02,20.0,0.6,0.9651,0.2,-20.3867,True,fuzzy_logic_dynamic_snr,8.7699,0.2049
130,v3,v6,20.0,10.0,20.0,0.6,0.05,0.2,0.183,False,fuzzy_logic_dynamic_snr,6.3202,0.1916
130,v3,v15,20.0,10.0,0.0,0.6,0.05,0.0,4.0,False,fuzzy_logic_dynamic_snr,10.1403,0.3861
130,v3,v5,20.0,11.4,10.0,0.6,0.057,0.1,0.6802,False,fuzzy_logic_dynamic_snr,6.818,0.2018
130,v3,v11,20.0,31.14,30.0,0.6,0.1557,0.3,-8.7107,True,fuzzy_logic_dynamic_snr,16.5112,0.6479
130,v3,v4,20.0,42.43,20.0,0.6,0.2121,0.2,-9.8592,False,fuzzy_logic_dynamic_snr,-3.7232,0.1021
130,v4,v13,40.0,0.0,10.0,1.0,0.0,0.1,40.0,False,fuzzy_logic_dynamic_snr,46.1385,0.9971
130,v4,v11,40.0,11.4,10.0,1.0,0.057,0.1,20.6802,False,fuzzy_logic_dynamic_snr,26.8157,0.9818
130,v4,v5,40.0,31.14,10.0,1.0,0.1557,0.1,13.6976,False,fuzzy_logic_dynamic_snr,19.834,0.924
130,v4,v6,40.0,32.56,0.0,1.0,0.1628,0.0,15.7976,False,fuzzy_logic_dynamic_snr,21.9349,0.9529
130,v4,v15,40.0,32.56,20.0,1.0,0.1628,0.2,11.9806,False,fuzzy_logic_dynamic_snr,18.118,0.8975
131,v1,v7,40.0,40.0,30.0,1.0,0.2,0.3,9.5506,False,fuzzy_logic_dynamic_snr,15.6875,0.8092
131,v1,v2,40.0,55.08,10.0,1.0,0.2754,0.1,9.7356,False,fuzzy_logic_dynamic_snr,15.8734,0.8148
131,v1,v6,40.0,98.18,40.0,1.0,0.4909,0.4,2.5356,False,fuzzy_logic_dynamic_snr,8.6756,0.2861
131,v1,v3,40.0,108.17,0.0,1.0,0.5408,0.0,7.4545,False,fuzzy_logic_dynamic_snr,13.5939,0.6773
131,v1,v5,40.0,109.04,30.0,1.0,0.5452,0.3,2.5821,False,fuzzy_logic_dynamic_snr,8.7192,0.2779
131,v2,v1,20.0,55.08,10.0,0.6,0.2754,0.1,-10.2644,True,fuzzy_logic_dynamic_snr,15.578,0.5627
131,v2,v7,20.0,95.05,40.0,0.6,0.4752,0.4,-17.2388,True,fuzzy_logic_dynamic_snr,10.93,0.2799
131,v2,v6,20.0,153.03,50.0,0.6,0.7651,0.5,-21.1816,True,fuzzy_logic_dynamic_snr,8.2222,0.1672
131,v2,v3,20.0,163.03,10.0,0.6,0.8151,0.1,-17.8044,True,fuzzy_logic_dynamic_snr,10.508,0.2352
131,v2,v5,20.0,164.0,40.0,0.6,0.82,0.4,-21.0293,True,fuzzy_logic_dynamic_snr,8.3335,0.19
131,v3,v5,20.0,3.16,30.0,0.6,0.0158,0.3,7.1835,True,fuzzy_logic_dynamic_snr,22.0058,0.8949
131,v3,v11,20.0,3.16,10.0,0.6,0.0158,0.1,9.5918,False,fuzzy_logic_dynamic_snr,15.7298,0.8061
131,v3,v6,20.0,10.0,40.0,0.6,0.05,0.4,-1.5918,True,fuzzy_logic_dynamic_snr,20.0239,0.8076
131,v3,v15,20.0,10.0,20.0,0.6,0.05,0.2,0.183,False,fuzzy_logic_dynamic_snr,6.3219,0.1797
131,v3,v4,20.0,22.8,20.0,0.6,0.114,0.2,-5.545,False,fuzzy_logic_dynamic_snr,0.5909,0.1314
131,v4,v13,40.0,10.0,0.0,1.0,0.05,0.0,24.0,False,fuzzy_logic_dynamic_snr,30.1352,0.9818
131,v4,v15,40.0,13.42,0.0,1.0,0.0671,0.0,21.9578,False,fuzzy_logic_dynamic_snr,28.0955,0.9785
131,v4,v5,40.0,21.21,10.0,1.0,0.1061,0.1,16.3661,False,fuzzy_logic_dynamic_snr,22.5022,0.9525
131,v4,v11,40.0,21.21,10.0,1.0,0.1061,0.1,16.3661,False,fuzzy_logic_dynamic_snr,22.5064,0.9604
131,v4,v3,40.0,22.8,20.0,1.0,0.114,0.2,14.455,False,fuzzy_logic_dynamic_snr,20.5925,0.9283
132,v1,v7,40.0,10.0,40.0,1.0,0.05,0.4,18.4082,False,fuzzy_logic_dynamic_snr,24.5448,0.9682
132,v1,v2,40.0,45.1,10.0,1.0,0.2255,0.1,11.125,False,fuzzy_logic_dynamic_snr,17.264,0.8705
132,v1,v6,40.0,58.31,0.0,1.0,0.2915,0.0,11.7482,False,fuzzy_logic_dynamic_snr,17.8873,0.8803
132,v1,v5,40.0,79.06,0.0,1.0,0.3953,0.0,9.633,False,fuzzy_logic_dynamic_snr,15.7674,0.8141
132,v1,v15,40.0,98.18,30.0,1.0,0.4909,0.3,3.3109,False,fuzzy_logic_dynamic_snr,9.4491,0.3391
132,v2,v1,20.0,45.1,10.0,0.6,0.2255,0.1,-8.875,False,fuzzy_logic_dynamic_snr,-2.739,0.1051
132,v2,v7,20.0,55.08,50.0,0.6,0.2754,0.5,-14.0813,True,fuzzy_logic_dynamic_snr,13.1057,0.3955
132,v2,v6,20.0,103.04,10.0,0.6,0.5152,0.1,-14.6166,True,fuzzy_logic_dynamic_snr,12.7774,0.3436
132,v2,v5,20.0,124.0,10.0,0.6,0.62,0.1,-15.903,True,fuzzy_logic_dynamic_snr,11.8815,0.3371
132,v2,v15,20.0,143.03,40.0,0.6,0.7152,0.4,-20.0787,True,fuzzy_logic_dynamic_snr,8.9227,0.2086
132,v3,v4,20.0,6.32,0.0,0.6,0.0316,0.0,7.1835,False,fuzzy_logic_dynamic_snr,13.3223,0.6471
132,v3,v11,20.0,9.49,10.0,0.6,0.0474,0.1,1.9578,False,fuzzy_logic_dynamic_snr,8.0954,0.2453
132,v3,v15,20.0,10.0,20.0,0.6,0.05,0.2,0.183,False,fuzzy_logic_dynamic_snr,6.3202,0.1793
132,v3,v13,20.0,13.42,10.0,0.6,0.0671,0.1,-0.4504,False,fuzzy_logic_dynamic_snr,5.6861,0.1754
132,v3,v5,20.0,29.15,10.0,0.6,0.1458,0.1,-5.8436,False,fuzzy_logic_dynamic_snr,0.2945,0.1295
132,v4,v3,40.0,6.32,0.0,1.0,0.0316,0.0,27.1835,False,fuzzy_logic_dynamic_snr,33.3217,0.9922
132,v4,v13,40.0,10.0,10.0,1.0,0.05,0.1,21.5918,False,fuzzy_logic_dynamic_snr,27.7299,0.9701
132,v4,v11,40.0,11.4,10.0,1.0,0.057,0.1,20.6802,False,fuzzy_logic_dynamic_snr,26.8164,0.973
132,v4,v15,40.0,13.42,20.0,1.0,0.0671,0.2,18.1408,False,fuzzy_logic_dynamic_snr,24.2782,0.9646
132,v4,v5,40.0,31.14,10.0,1.0,0.1557,0.1,13.6976,False,fuzzy_logic_dynamic_snr,19.8341,0.9221
133,v1,v7,40.0,30.0,0.0,1.0,0.15,0.0,16.3661,False,fuzzy_logic_dynamic_snr,22.5045,0.9613
133,v1,v2,40.0,35.13,50.0,1.0,0.1756,0.5,9.0443,False,fuzzy_logic_dynamic_snr,15.1824,0.7754
133,v1,v6,40.0,58.31,20.0,1.0,0.2915,0.2,7.9312,False,fuzzy_logic_dynamic_snr,14.0692,0.7139
133,v1,v15,40.0,68.26,10.0,1.0,0.3413,0.1,8.2447,False,fuzzy_logic_dynamic_snr,14.3804,0.7314
133,v1,v5,40.0,79.06,0.0,1.0,0.3953,0.0,9.633,False,fuzzy_logic_dynamic_snr,15.7717,0.8078
133,v2,v7,20.0,5.83,50.0,0.6,0.0292,0.5,1.523,True,fuzzy_logic_dynamic_snr,21.0074,0.8736
133,v2,v1,20.0,35.13,50.0,0.6,0.1756,0.5,-10.9557,True,fuzzy_logic_dynamic_snr,15.1619,0.5293
133,v2,v6,20.0,93.05,30.0,0.6,0.4652,0.3,-16.3158,True,fuzzy_logic_dynamic_snr,11.565,0.2812
133,v2,v15,20.0,103.04,40.0,0.6,0.5152,0.4,-17.8001,True,fuzzy_logic_dynamic_snr,10.5611,0.2465
133,v2,v5,20.0,114.0,50.0,0.6,0.57,0.5,-19.1357,True,fuzzy_logic_dynamic_snr,9.5942,0.2107
133,v3,v11,20.0,3.16,0.0,0.6,0.0158,0.0,12.0,False,fuzzy_logic_dynamic_snr,18.1385,0.8789
133,v3,v4,20.0,6.32,10.0,0.6,0.0316,0.1,4.7753,False,fuzzy_logic_dynamic_snr,10.9131,0.4369
133,v3,v5,20.0,19.24,20.0,0.6,0.0962,0.2,-4.3626,False,fuzzy_logic_dynamic_snr,1.7762,0.1363
133,v3,v13,20.0,22.8,20.0,0.6,0.114,0.2,-5.545,False,fuzzy_logic_dynamic_snr,0.5926,0.1232
133,v3,v15,20.0,30.0,10.0,0.6,0.15,0.1,-6.0422,False,fuzzy_logic_dynamic_snr,0.0968,0.1242
133,v4,v11,40.0,3.16,10.0,1.0,0.0158,0.1,29.5918,False,fuzzy_logic_dynamic_snr,35.731,0.9893
133,v4,v3,40.0,6.32,10.0,1.0,0.0316,0.1,24.7753,False,fuzzy_logic_dynamic_snr,30.9121,0.9848
133,v4,v13,40.0,20.0,30.0,1.0,0.1,0.3,14.367,False,fuzzy_logic_dynamic_snr,20.5042,0.9279
133,v4,v5,40.0,21.21,30.0,1.0,0.1061,0.3,13.9578,False,fuzzy_logic_dynamic_snr,20.0951,0.923
133,v4,v15,40.0,32.56,20.0,1.0,0.1628,0.2,11.9806,False,fuzzy_logic_dynamic_snr,18.1179,0.8857
134,v1,v7,40.0,0.0,0.0,1.0,0.0,0.0,40.0,False,fuzzy_logic_dynamic_snr,46.1375,0.9961
134,v1,v2,40.0,4.24,0.0,1.0,0.0212,0.0,29.9578,False,fuzzy_logic_dynamic_snr,36.0954,0.9936
134,v1,v6,40.0,66.27,40.0,1.0,0.3314,0.4,5.2669,False,fuzzy_logic_dynamic_snr,11.4053,0.49
134,v1,v15,40.0,66.27,20.0,1.0,0.3314,0.2,7.0417,False,fuzzy_logic_dynamic_snr,13.1819,0.6355
134,v1,v5,40.0,67.07,50.0,1.0,0.3353,0.5,4.5506,False,fuzzy_logic_dynamic_snr,10.6877,0.427
134,v2,v1,20.0,4.24,0.0,0.6,0.0212,0.0,9.9578,False,fuzzy_logic_dynamic_snr,16.0977,0.825
134,v2,v7,20.0,4.24,0.0,0.6,0.0212,0.0,9.9578,False,fuzzy_logic_dynamic_snr,16.0956,0.8201
134,v2,v6,20.0,63.07,40.0,0.6,0.3154,0.4,-14.3891,True,fuzzy_logic_dynamic_snr,12.914,0.3656
134,v2,v15,20.0,63.07,20.0,0.6,0.3154,0.2,-12.6143,True,fuzzy_logic_dynamic_snr,14.0789,0.4467
134,v2,v5,20.0,64.0,50.0,0.6,0.32,0.5,-15.1241,True,fuzzy_logic_dynamic_snr,12.4129,0.3307
134,v3,v11,20.0,3.16,30.0,0.6,0.0158,0.3,7.1835,True,fuzzy_logic_dynamic_snr,22.0079,0.8945
134,v3,v13,20.0,6.32,20.0,0.6,0.0316,0.2,3.3666,False,fuzzy_logic_dynamic_snr,9.506,0.3273
134,v3,v4,20.0,13.42,20.0,0.6,0.0671,0.2,-1.8592,False,fuzzy_logic_dynamic_snr,4.2774,0.151
134,v3,v5,20.0,39.12,30.0,0.6,0.1956,0.3,-10.294,True,fuzzy_logic_dynamic_snr,15.5681,0.567
134,v3,v6,20.0,40.0,20.0,0.6,0.2,0.2,-9.4499,False,fuzzy_logic_dynamic_snr,-3.3124,0.1041
134,v4,v13,40.0,10.0,0.0,1.0,0.05,0.0,24.0,False,fuzzy_logic_dynamic_snr,30.1384,0.9857
134,v4,v11,40.0,11.4,10.0,1.0,0.057,0.1,20.6802,False,fuzzy_logic_dynamic_snr,26.8188,0.973
134,v4,v3,40.0,13.42,20.0,1.0,0.0671,0.2,18.1408,False,fuzzy_logic_dynamic_snr,24.2796,0.9686
134,v4,v8,40.0,39.12,30.0,1.0,0.1956,0.3,9.706,False,fuzzy_logic_dynamic_snr,15.8451,0.8004
134,v4,v5,40.0,51.09,10.0,1.0,0.2554,0.1,10.2586,False,fuzzy_logic_dynamic_snr,16.3971,0.8348
135,v1,v7,40.0,0.0,0.0,1.0,0.0,0.0,40.0,False,fuzzy_logic_dynamic_snr,46.1397,0.9971
135,v1,v2,40.0,4.24,0.0,1.0,0.0212,0.0,29.9578,False,fuzzy_logic_dynamic_snr,36.0947,0.9941
135,v1,v5,40.0,17.26,30.0,1.0,0.0863,0.3,15.3898,False,fuzzy_logic_dynamic_snr,21.5283,0.9451
135,v1,v6,40.0,26.68,20.0,1.0,0.1334,0.2,13.3632,False,fuzzy_logic_dynamic_snr,19.4999,0.9035
135,v1,v15,40.0,46.39,20.0,1.0,0.2319,0.2,9.5203,False,fuzzy_logic_dynamic_snr,15.6578,0.801
135,v2,v1,20.0,4.24,0.0,0.6,0.0212,0.0,9.9578,False,fuzzy_logic_dynamic_snr,16.0927,0.8332
135,v2,v7,20.0,4.24,0.0,0.6,0.0212,0.0,9.9578,False,fuzzy_logic_dynamic_snr,16.0965,0.8215
135,v2,v5,20.0,14.0,30.0,0.6,0.07,0.3,-3.1545,True,fuzzy_logic_dynamic_snr,19.381,0.7732
135,v2,v6,20.0,23.19,20.0,0.6,0.116,0.2,-5.6632,False,fuzzy_logic_dynamic_snr,0.4739,0.1242
135,v2,v15,20.0,43.1,20.0,0.6,0.2155,0.2,-9.9693,False,fuzzy_logic_dynamic_snr,-3.8317,0.1006
135,v3,v4,20.0,10.0,0.0,0.6,0.05,0.0,4.0,False,fuzzy_logic_dynamic_snr,10.1391,0.3779
135,v3,v13,20.0,18.97,30.0,0.6,0.0949,0.3,-5.2669,True,fuzzy_logic_dynamic_snr,18.4265,0.7527
135,v3,v11,20.0,29.15,20.0,0.6,0.1458,0.2,-7.2523,False,fuzzy_logic_dynamic_snr,-1.1154,0.1016
135,v3,v15,20.0,40.0,0.0,0.6,0.2,0.0,-5.633,False,fuzzy_logic_dynamic_snr,0.5046,0.1246
135,v3,v6,20.0,60.0,0.0,0.6,0.3,0.0,-8.4504,True,fuzzy_logic_dynamic_snr,16.6711,0.64
135,v4,v3,40.0,10.0,0.0,1.0,0.05,0.0,24.0,False,fuzzy_logic_dynamic_snr,30.1362,0.9854
135,v4,v13,40.0,10.0,30.0,1.0,0.05,0.3,19.1835,False,fuzzy_logic_dynamic_snr,25.3228,0.9744
135,v4,v11,40.0,21.21,20.0,1.0,0.1061,0.2,14.9573,False,fuzzy_logic_dynamic_snr,21.0946,0.9396
135,v4,v15,40.0,32.56,0.0,1.0,0.1628,0.0,15.7976,False,fuzzy_logic_dynamic_snr,21.9351,0.9594
135,v4,v6,40.0,52.35,0.0,1.0,0.2617,0.0,12.498,False,fuzzy_logic_dynamic_snr,18.6333,0.902
136,v1,v7,40.0,0.0,0.0,1.0,0.0,0.0,40.0,False,fuzzy_logic_dynamic_snr,46.1383,0.998
136,v1,v2,40.0,4.24,0.0,1.0,0.0212,0.0,29.9578,False,fuzzy_logic_dynamic_snr,36.0937,0.9936
136,v1,v5,40.0,4.24,0.0,1.0,0.0212,0.0,29.9578,False,fuzzy_logic_dynamic_snr,36.0959,0.9965
136,v1,v6,40.0,8.49,0.0,1.0,0.0424,0.0,25.1413,False,fuzzy_logic_dynamic_snr,31.2785,0.9873
136,v1,v11,40.0,17.26,20.0,1.0,0.0863,0.2,16.3893,False,fuzzy_logic_dynamic_snr,22.5256,0.9623
136,v2,v5,20.0,0.0,0.0,0.6,0.0,0.0,36.0,False,fuzzy_logic_dynamic_snr,42.138,0.9961
136,v2,v1,20.0,4.24,0.0,0.6,0.0212,0.0,9.9578,False,fuzzy_logic_dynamic_snr,16.0955,0.8242
136,v2,v6,20.0,4.24,0.0,0.6,0.0212,0.0,9.9578,False,fuzzy_logic_dynamic_snr,16.094,0.8078
136,v2,v7,20.0,4.24,0.0,0.6,0.0212,0.0,9.9578,False,fuzzy_logic_dynamic_snr,16.0963,0.817
136,v2,v11,20.0,14.0,20.0,0.6,0.07,0.2,-2.155,False,fuzzy_logic_dynamic_snr,3.9824,0.1574
136,v3,v4,20.0,10.0,30.0,0.6,0.05,0.3,-0.8165,True,fuzzy_logic_dynamic_snr,20.3272,0.8279
136,v3,v15,20.0,40.0,40.0,0.6,0.2,0.4,-11.2247,True,fuzzy_logic_dynamic_snr,14.9966,0.5371
136,v3,v8,20.0,41.11,20.0,0.6,0.2055,0.2,-9.6401,False,fuzzy_logic_dynamic_snr,-3.5021,0.0982
136,v3,v13,20.0,48.37,20.0,0.6,0.2419,0.2,-10.7707,False,fuzzy_logic_dynamic_snr,-4.6318,0.0963
136,v3,v11,20.0,49.09,10.0,0.6,0.2455,0.1,-9.4644,False,fuzzy_logic_dynamic_snr,-3.3263,0.1031
136,v4,v3,40.0,10.0,30.0,1.0,0.05,0.3,19.1835,False,fuzzy_logic_dynamic_snr,25.3248,0.9662
136,v4,v15,40.0,32.56,10.0,1.0,0.1628,0.1,13.3893,False,fuzzy_logic_dynamic_snr,19.5268,0.9207
136,v4,v13,40.0,40.0,10.0,1.0,0.2,0.1,11.9588,False,fuzzy_logic_dynamic_snr,18.0973,0.8844
136,v4,v11,40.0,41.11,20.0,1.0,0.2055,0.2,10.3599,False,fuzzy_logic_dynamic_snr,16.4978,0.8346
136,v4,v8,40.0,49.09,10.0,1.0,0.2455,0.1,10.5356,False,fuzzy_logic_dynamic_snr,16.6742,0.8385
137,v1,v7,40.0,0.0,0.0,1.0,0.0,0.0,40.0,False,fuzzy_logic_dynamic_snr,46.1365,0.9971
137,v1,v13,40.0,0.0,0.0,1.0,0.0,0.0,40.0,False,fuzzy_logic_dynamic_snr,46.1392,0.9971
137,v1,v2,40.0,4.24,0.0,1.0,0.0212,0.0,29.9578,False,fuzzy_logic_dynamic_snr,36.0941,0.9961
137,v1,v5,40.0,4.24,0.0,1.0,0.0212,0.0,29.9578,False,fuzzy_logic_dynamic_snr,36.0951,0.9951
137,v1,v11,40.0,4.24,0.0,1.0,0.0212,0.0,29.9578,False,fuzzy_logic_dynamic_snr,36.0945,0.9887
137,v2,v5,20.0,0.0,0.0,0.6,0.0,0.0,36.0,False,fuzzy_logic_dynamic_snr,42.1395,0.998
137,v2,v11,20.0,0.0,0.0,0.6,0.0,0.0,36.0,False,fuzzy_logic_dynamic_snr,42.1383,0.9961
137,v2,v1,20.0,4.24,0.0,0.6,0.0212,0.0,9.9578,False,fuzzy_logic_dynamic_snr,16.0951,0.8295
137,v2,v6,20.0,4.24,0.0,0.6,0.0212,0.0,9.9578,False,fuzzy_logic_dynamic_snr,16.0967,0.8291
137,v2,v7,20.0,4.24,0.0,0.6,0.0212,0.0,9.9578,False,fuzzy_logic_dynamic_snr,16.0942,0.8273
137,v3,v8,20.0,21.21,10.0,0.6,0.1061,0.1,-3.6339,False,fuzzy_logic_dynamic_snr,2.5041,0.1291
137,v3,v4,20.0,38.47,30.0,0.6,0.1924,0.3,-10.1786,True,fuzzy_logic_dynamic_snr,15.6613,0.5768
137,v3,v6,20.0,50.0,50.0,0.6,0.25,0.5,-13.4087,True,fuzzy_logic_dynamic_snr,13.5524,0.4238
137,v3,v15,20.0,50.0,50.0,0.6,0.25,0.5,-13.4087,True,fuzzy_logic_dynamic_snr,13.5592,0.4248
137,v3,v2,20.0,53.08,50.0,0.6,0.2654,0.5,-13.8247,True,fuzzy_logic_dynamic_snr,13.3075,0.3875
137,v4,v6,40.0,13.42,20.0,1.0,0.0671,0.2,18.1408,False,fuzzy_logic_dynamic_snr,24.278,0.9697
137,v4,v15,40.0,13.42,20.0,1.0,0.0671,0.2,18.1408,False,fuzzy_logic_dynamic_snr,24.2768,0.9619
137,v4,v2,40.0,15.3,20.0,1.0,0.0765,0.2,17.2293,False,fuzzy_logic_dynamic_snr,23.3659,0.9584
137,v4,v5,40.0,15.3,20.0,1.0,0.0765,0.2,17.2293,False,fuzzy_logic_dynamic_snr,23.3653,0.9648
137,v4,v11,40.0,15.3,20.0,1.0,0.0765,0.2,17.2293,False,fuzzy_logic_dynamic_snr,23.3664,0.9529
138,v1,v4,40.0,0.0,0.0,1.0,0.0,0.0,40.0,False,fuzzy_logic_dynamic_snr,46.1374,0.998
138,v1,v7,40.0,0.0,0.0,1.0,0.0,0.0,40.0,False,fuzzy_logic_dynamic_snr,46.1375,0.9971
138,v1,v13,40.0,0.0,0.0,1.0,0.0,0.0,40.0,False,fuzzy_logic_dynamic_snr,46.1389,0.9971
138,v1,v2,40.0,4.24,0.0,1.0,0.0212,0.0,29.9578,False,fuzzy_logic_dynamic_snr,36.0958,0.9922
138,v1,v5,40.0,4.24,0.0,1.0,0.0212,0.0,29.9578,False,fuzzy_logic_dynamic_snr,36.0954,0.9902
138,v2,v5,20.0,0.0,0.0,0.6,0.0,0.0,36.0,False,fuzzy_logic_dynamic_snr,42.1396,0.9961
138,v2,v11,20.0,0.0,0.0,0.6,0.0,0.0,36.0,False,fuzzy_logic_dynamic_snr,42.1355,0.9961
138,v2,v1,20.0,4.24,0.0,0.6,0.0212,0.0,9.9578,False,fuzzy_logic_dynamic_snr,16.0962,0.8211
138,v2,v3,20.0,4.24,0.0,0.6,0.0212,0.0,9.9578,False,fuzzy_logic_dynamic_snr,16.0964,0.8209
138,v2,v4,20.0,4.24,0.0,0.6,0.0212,0.0,9.9578,False,fuzzy_logic_dynamic_snr,16.0949,0.835
138,v3,v6,20.0,0.0,0.0,0.6,0.0,0.0,36.0,False,fuzzy_logic_dynamic_snr,42.1377,0.9941
138,v3,v15,20.0,0.0,0.0,0.6,0.0,0.0,36.0,False,fuzzy_logic_dynamic_snr,42.1382,0.9971
138,v3,v2,20.0,4.24,0.0,0.6,0.0212,0.0,9.9578,False,fuzzy_logic_dynamic_snr,16.0949,0.8186
138,v3,v5,20.0,4.24,0.0,0.6,0.0212,0.0,9.9578,False,fuzzy_logic_dynamic_snr,16.0964,0.8293
138,v3,v11,20.0,4.24,0.0,0.6,0.0212,0.0,9.9578,False,fuzzy_logic_dynamic_snr,16.0957,0.8184
138,v4,v1,40.0,0.0,0.0,1.0,0.0,0.0,40.0,False,fuzzy_logic_dynamic_snr,46.1373,0.9961
138,v4,v7,40.0,0.0,0.0,1.0,0.0,0.0,40.0,False,fuzzy_logic_dynamic_snr,46.1362,0.998
138,v4,v13,40.0,0.0,0.0,1.0,0.0,0.0,40.0,False,fuzzy_logic_dynamic_snr,46.1373,0.9961
138,v4,v2,40.0,4.24,0.0,1.0,0.0212,0.0,29.9578,False,fuzzy_logic_dynamic_snr,36.093,0.9912
138,v4,v5,40.0,4.24,0.0,1.0,0.0212,0.0,29.9578,False,fuzzy_logic_dynamic_snr,36.0953,0.9945
139,v1,v4,40.0,0.0,0.0,1.0,0.0,0.0,40.0,False,fuzzy_logic_dynamic_snr,46.1386,0.999
139,v1,v7,40.0,0.0,0.0,1.0,0.0,0.0,40.0,False,fuzzy_logic_dynamic_snr,46.1365,0.9961
139,v1,v13,40.0,0.0,0.0,1.0,0.0,0.0,40.0,False,fuzzy_logic_dynamic_snr,46.1396,0.9961
139,v1,v2,40.0,4.24,0.0,1.0,0.0212,0.0,29.9578,False,fuzzy_logic_dynamic_snr,36.0951,0.9936
139,v1,v5,40.0,4.24,0.0,1.0,0.0212,0.0,29.9578,False,fuzzy_logic_dynamic_snr,36.0966,0.9922
139,v2,v5,20.0,0.0,0.0,0.6,0.0,0.0,36.0,False,fuzzy_logic_dynamic_snr,42.1384,0.9941
139,v2,v8,20.0,0.0,0.0,0.6,0.0,0.0,36.0,False,fuzzy_logic_dynamic_snr,42.1386,0.9951
139,v2,v11,20.0,0.0,0.0,0.6,0.0,0.0,36.0,False,fuzzy_logic_dynamic_snr,42.1376,0.9951
139,v2,v1,20.0,4.24,0.0,0.6,0.0212,0.0,9.9578,False,fuzzy_logic_dynamic_snr,16.0945,0.8271
139,v2,v3,20.0,4.24,0.0,0.6,0.0212,0.0,9.9578,False,fuzzy_logic_dynamic_snr,16.0939,0.8313
139,v3,v6,20.0,0.0,0.0,0.6,0.0,0.0,36.0,False,fuzzy_logic_dynamic_snr,42.137,0.9951
139,v3,v15,20.0,0.0,0.0,0.6,0.0,0.0,36.0,False,fuzzy_logic_dynamic_snr,42.135,0.9971
139,v3,v2,20.0,4.24,0.0,0.6,0.0212,0.0,9.9578,False,fuzzy_logic_dynamic_snr,16.0956,0.8199
139,v3,v5,20.0,4.24,0.0,0.6,0.0212,0.0,9.9578,False,fuzzy_logic_dynamic_snr,16.097,0.8189
139,v3,v8,20.0,4.24,0.0,0.6,0.0212,0.0,9.9578,False,fuzzy_logic_dynamic_snr,16.0953,0.8201
139,v4,v1,40.0,0.0,0.0,1.0,0.0,0.0,40.0,False,fuzzy_logic_dynamic_snr,46.1375,0.9961
139,v4,v7,40.0,0.0,0.0,1.0,0.0,0.0,40.0,False,fuzzy_logic_dynamic_snr,46.1401,0.9961
139,v4,v13,40.0,0.0,0.0,1.0,0.0,0.0,40.0,False,fuzzy_logic_dynamic_snr,46.1408,0.999
139,v4,v2,40.0,4.24,0.0,1.0,0.0212,0.0,29.9578,False,fuzzy_logic_dynamic_snr,36.0959,0.9941
139,v4,v5,40.0,4.24,0.0,1.0,0.0212,0.0,29.9578,False,fuzzy_logic_dynamic_snr,36.096,0.9932
140,v1,v4,40.0,0.0,0.0,1.0,0.0,0.0,40.0,False,fuzzy_logic_dynamic_snr,46.1357,0.999
140,v1,v7,40.0,0.0,0.0,1.0,0.0,0.0,40.0,False,fuzzy_logic_dynamic_snr,46.1384,0.9971
140,v1,v13,40.0,0.0,0.0,1.0,0.0,0.0,40.0,False,fuzzy_logic_dynamic_snr,46.1375,0.999
140,v1,v2,40.0,4.24,0.0,1.0,0.0212,0.0,29.9578,False,fuzzy_logic_dynamic_snr,36.0955,0.9926
140,v1,v5,40.0,4.24,0.0,1.0,0.0212,0.0,29.9578,False,fuzzy_logic_dynamic_snr,36.0962,0.9961
140,v2,v5,20.0,0.0,0.0,0.6,0.0,0.0,36.0,False,fuzzy_logic_dynamic_snr,42.1385,0.998
140,v2,v8,20.0,0.0,0.0,0.6,0.0,0.0,36.0,False,fuzzy_logic_dynamic_snr,42.1359,0.998
140,v2,v11,20.0,0.0,0.0,0.6,0.0,0.0,36.0,False,fuzzy_logic_dynamic_snr,42.1368,0.9951
140,v2,v1,20.0,4.24,0.0,0.6,0.0212,0.0,9.9578,False,fuzzy_logic_dynamic_snr,16.0947,0.833
140,v2,v3,20.0,4.24,0.0,0.6,0.0212,0.0,9.9578,False,fuzzy_logic_dynamic_snr,16.0929,0.8252
140,v3,v6,20.0,0.0,0.0,0.6,0.0,0.0,36.0,False,fuzzy_logic_dynamic_snr,42.1356,0.9961
140,v3,v15,20.0,0.0,0.0,0.6,0.0,0.0,36.0,False,fuzzy_logic_dynamic_snr,42.137,0.998
140,v3,v2,20.0,4.24,0.0,0.6,0.0212,0.0,9.9578,False,fuzzy_logic_dynamic_snr,16.0985,0.8348
140,v3,v5,20.0,4.24,0.0,0.6,0.0212,0.0,9.9578,False,fuzzy_logic_dynamic_snr,16.0976,0.8244
140,v3,v8,20.0,4.24,0.0,0.6,0.0212,0.0,9.9578,False,fuzzy_logic_dynamic_snr,16.0962,0.8154
140,v4,v1,40.0,0.0,0.0,1.0,0.0,0.0,40.0,False,fuzzy_logic_dynamic_snr,46.1374,0.9971
140,v4,v7,40.0,0.0,0.0,1.0,0.0,0.0,40.0,False,fuzzy_logic_dynamic_snr,46.1375,0.9961
140,v4,v13,40.0,0.0,0.0,1.0,0.0,0.0,40.0,False,fuzzy_logic_dynamic_snr,46.1388,0.9941
140,v4,v2,40.0,4.24,0.0,1.0,0.0212,0.0,29.9578,False,fuzzy_logic_dynamic_snr,36.0943,0.9932
140,v4,v5,40.0,4.24,0.0,1.0,0.0212,0.0,29.9578,False,fuzzy_logic_dynamic_snr,36.0942,0.9893
10,v1,v2,40.0,23.19,20.0,1.0,0.116,0.2,14.3368,False,all_dynamic_snr,22.3953,0.8969
10,v1,v3,40.0,74.24,20.0,1.0,0.3712,0.2,6.2526,False,all_dynamic_snr,21.9126,0.8807
10,v1,v5,40.0,107.04,20.0,1.0,0.5352,0.2,3.7102,False,all_dynamic_snr,21.5183,0.8607
10,v1,v4,40.0,130.0,10.0,1.0,0.65,0.1,3.7687,False,all_dynamic_snr,21.5255,0.8807
10,v1,v7,40.0,180.0,10.0,1.0,0.9,0.1,1.5074,True,all_dynamic_snr,21.0065,0.8682
10,v2,v1,20.0,23.19,20.0,0.6,0.116,0.2,-5.6632,False,all_dynamic_snr,18.213,0.7293
10,v2,v3,20.0,97.05,40.0,0.6,0.4852,0.4,-17.3834,True,all_dynamic_snr,10.8495,0.251
10,v2,v5,20.0,130.0,40.0,0.6,0.65,0.4,-19.4149,True,all_dynamic_snr,9.3924,0.2107
10,v2,v4,20.0,153.03,10.0,0.6,0.7651,0.1,-17.3646,True,all_dynamic_snr,10.8178,0.2646
10,v3,v5,20.0,33.14,0.0,0.6,0.1657,0.0,-4.3248,False,all_dynamic_snr,18.873,0.7697
10,v3,v4,20.0,56.32,30.0,0.6,0.2816,0.3,-12.8271,True,all_dynamic_snr,13.9667,0.4502
10,v3,v1,20.0,74.24,20.0,0.6,0.3712,0.2,-13.7474,True,all_dynamic_snr,13.3511,0.4314
10,v3,v2,20.0,97.05,40.0,0.6,0.4852,0.4,-17.3834,True,all_dynamic_snr,10.8263,0.2816
10,v3,v7,20.0,106.17,30.0,0.6,0.5308,0.3,-17.2325,True,all_dynamic_snr,10.9551,0.2631
10,v4,v5,40.0,23.19,30.0,1.0,0.116,0.3,13.3373,False,all_dynamic_snr,22.372,0.9033
10,v4,v7,40.0,50.0,0.0,1.0,0.25,0.0,12.8165,False,all_dynamic_snr,22.358,0.8984
10,v4,v6,40.0,54.33,0.0,1.0,0.2717,0.0,12.2391,False,all_dynamic_snr,22.3331,0.8908
10,v4,v3,40.0,56.32,30.0,1.0,0.2816,0.3,7.1729,False,all_dynamic_snr,22.01,0.8781
10,v4,v8,40.0,77.06,20.0,1.0,0.3853,0.2,5.9939,False,all_dynamic_snr,21.8739,0.89
11,v1,v2,40.0,4.24,10.0,1.0,0.0212,0.1,27.5496,False,all_dynamic_snr,22.4918,0.8988
11,v1,v3,40.0,54.33,10.0,1.0,0.2717,0.1,9.8308,False,all_dynamic_snr,22.219,0.8914
11,v1,v5,40.0,87.05,10.0,1.0,0.4353,0.1,6.5553,False,all_dynamic_snr,21.9394,0.8889
11,v1,v4,40.0,140.0,0.0,1.0,0.7,0.0,5.662,False,all_dynamic_snr,21.8254,0.8854
11,v1,v7,40.0,190.0,20.0,1.0,0.95,0.2,-0.277,True,all_dynamic_snr,20.4808,0.8357
11,v2,v1,20.0,4.24,10.0,0.6,0.0212,0.1,7.5496,False,all_dynamic_snr,22.0406,0.8908
11,v2,v3,20.0,57.08,20.0,0.6,0.2854,0.2,-11.9206,True,all_dynamic_snr,14.5796,0.4924
11,v2,v5,20.0,90.0,20.0,0.6,0.45,0.2,-15.0849,True,all_dynamic_snr,12.3891,0.3551
11,v2,v4,20.0,143.03,10.0,0.6,0.7152,0.1,-16.8951,True,all_dynamic_snr,11.1416,0.2746
11,v2,v7,20.0,193.02,10.0,0.6,0.9651,0.1,-18.978,True,all_dynamic_snr,9.7082,0.2246
11,v3,v5,20.0,33.14,0.0,0.6,0.1657,0.0,-4.3248,False,all_dynamic_snr,18.861,0.7836
11,v3,v1,20.0,54.33,10.0,0.6,0.2717,0.1,-10.1692,False,all_dynamic_snr,15.6449,0.5629
11,v3,v2,20.0,57.08,20.0,0.6,0.2854,0.2,-11.9206,True,all_dynamic_snr,14.549,0.5006
11,v3,v4,20.0,86.21,10.0,0.6,0.431,0.1,-13.3771,True,all_dynamic_snr,13.569,0.4193
11,v3,v7,20.0,136.13,30.0,0.6,0.6807,0.3,-18.9599,True,all_dynamic_snr,9.7438,0.2184
11,v4,v7,40.0,50.0,20.0,1.0,0.25,0.2,8.9995,False,all_dynamic_snr,22.1672,0.8988
11,v4,v5,40.0,53.08,10.0,1.0,0.2654,0.1,9.9922,False,all_dynamic_snr,22.2343,0.8885
11,v4,v6,40.0,54.33,10.0,1.0,0.2717,0.1,9.8308,False,all_dynamic_snr,22.2206,0.9008
11,v4,v8,40.0,57.08,10.0,1.0,0.2854,0.1,9.4882,False,all_dynamic_snr,22.1991,0.8953
11,v4,v3,40.0,86.21,10.0,1.0,0.431,0.1,6.6229,False,all_dynamic_snr,21.9398,0.8805
12,v1,v2,40.0,13.34,20.0,1.0,0.0667,0.2,18.1797,False,all_dynamic_snr,22.4534,0.8969
12,v1,v3,40.0,64.28,20.0,1.0,0.3214,0.2,7.2537,False,all_dynamic_snr,22.0128,0.8891
12,v1,v5,40.0,97.05,0.0,1.0,0.4852,0.0,8.2083,False,all_dynamic_snr,22.1112,0.8965
12,v1,v4,40.0,140.0,20.0,1.0,0.7,0.2,1.845,False,all_dynamic_snr,21.1086,0.8672
12,v1,v7,40.0,170.0,0.0,1.0,0.85,0.0,4.3128,True,all_dynamic_snr,21.6323,0.876
12,v2,v1,20.0,13.34,20.0,0.6,0.0667,0.2,-1.8203,False,all_dynamic_snr,19.9369,0.8219
12,v2,v3,20.0,77.06,0.0,0.6,0.3853,0.0,-10.1891,True,all_dynamic_snr,15.6387,0.5861
12,v2,v5,20.0,110.0,20.0,0.6,0.55,0.2,-16.4793,True,all_dynamic_snr,11.4491,0.298
12,v2,v4,20.0,153.03,0.0,0.6,0.7651,0.0,-14.9564,True,all_dynamic_snr,12.5228,0.3283
12,v2,v7,20.0,183.02,20.0,0.6,0.9151,0.2,-20.0171,True,all_dynamic_snr,9.0143,0.217
12,v3,v5,20.0,33.14,20.0,0.6,0.1657,0.2,-8.1418,False,all_dynamic_snr,16.8471,0.6516
12,v3,v1,20.0,64.28,20.0,0.6,0.3214,0.2,-12.7463,True,all_dynamic_snr,14.0198,0.4359
12,v3,v4,20.0,76.24,0.0,0.6,0.3812,0.0,-10.1146,True,all_dynamic_snr,15.6794,0.5791
12,v3,v2,20.0,77.06,0.0,0.6,0.3853,0.0,-10.1891,True,all_dynamic_snr,15.6332,0.5664
12,v3,v7,20.0,106.17,20.0,0.6,0.5308,0.2,-16.233,True,all_dynamic_snr,11.6462,0.3002
12,v4,v7,40.0,30.0,20.0,1.0,0.15,0.2,12.5491,False,all_dynamic_snr,22.3459,0.9004
12,v4,v5,40.0,43.1,20.0,1.0,0.2155,0.2,10.0307,False,all_dynamic_snr,22.2354,0.8898
12,v4,v6,40.0,44.41,10.0,1.0,0.222,0.1,11.2325,False,all_dynamic_snr,22.2908,0.8975
12,v4,v8,40.0,47.1,20.0,1.0,0.2355,0.2,9.4153,False,all_dynamic_snr,22.1979,0.8924
12,v4,v3,40.0,76.24,0.0,1.0,0.3812,0.0,9.8854,False,all_dynamic_snr,22.231,0.8963
13,v1,v2,40.0,33.14,10.0,1.0,0.1657,0.1,13.2669,False,all_dynamic_snr,22.3693,0.8984
13,v1,v3,40.0,44.41,20.0,1.0,0.222,0.2,9.8238,False,all_dynamic_snr,22.2244,0.8939
13,v1,v5,40.0,97.05,30.0,1.0,0.4852,0.3,3.3919,False,all_dynamic_snr,21.4624,0.8652
13,v1,v4,40.0,120.0,30.0,1.0,0.6,0.3,1.9166,False,all_dynamic_snr,21.1409,0.8646
13,v1,v7,40.0,170.0,10.0,1.0,0.85,0.1,1.9046,True,all_dynamic_snr,21.1185,0.8654
13,v2,v1,20.0,33.14,10.0,0.6,0.1657,0.1,-6.7331,False,all_dynamic_snr,17.6188,0.7082
13,v2,v3,20.0,77.06,10.0,0.6,0.3853,0.1,-12.5974,True,all_dynamic_snr,14.1002,0.4564
13,v2,v5,20.0,130.0,20.0,0.6,0.65,0.2,-17.6401,True,all_dynamic_snr,10.6318,0.2664
13,v2,v4,20.0,153.03,20.0,0.6,0.7651,0.2,-18.7734,True,all_dynamic_snr,9.874,0.2131
13,v3,v1,20.0,44.41,20.0,0.6,0.222,0.2,-10.1762,False,all_dynamic_snr,15.6275,0.577
13,v3,v5,20.0,53.08,10.0,0.6,0.2654,0.1,-10.0078,False,all_dynamic_snr,15.76,0.5633
13,v3,v4,20.0,76.24,10.0,0.6,0.3812,0.1,-12.5228,True,all_dynamic_snr,14.1696,0.4551
13,v3,v2,20.0,77.06,10.0,0.6,0.3853,0.1,-12.5974,True,all_dynamic_snr,14.0866,0.457
13,v3,v7,20.0,126.14,10.0,0.6,0.6307,0.1,-16.022,True,all_dynamic_snr,11.7734,0.3014
13,v4,v5,40.0,23.19,0.0,1.0,0.116,0.0,18.1537,False,all_dynamic_snr,22.4507,0.9018
13,v4,v7,40.0,50.0,20.0,1.0,0.25,0.2,8.9995,False,all_dynamic_snr,22.1631,0.8949
13,v4,v6,40.0,54.33,30.0,1.0,0.2717,0.3,7.4226,False,all_dynamic_snr,22.0371,0.8809
13,v4,v8,40.0,67.07,10.0,1.0,0.3353,0.1,8.3676,False,all_dynamic_snr,22.1167,0.8928
13,v4,v3,40.0,76.24,10.0,1.0,0.3812,0.1,7.4772,False,all_dynamic_snr,22.0374,0.8924
14,v1,v2,40.0,23.19,30.0,1.0,0.116,0.3,13.3373,False,all_dynamic_snr,22.3692,0.8926
14,v1,v3,40.0,64.28,30.0,1.0,0.3214,0.3,6.2542,False,all_dynamic_snr,21.9099,0.8734
14,v1,v5,40.0,127.04,30.0,1.0,0.6352,0.3,1.5207,False,all_dynamic_snr,21.0286,0.8574
14,v1,v4,40.0,150.0,40.0,1.0,0.75,0.4,-0.4092,True,all_dynamic_snr,20.4435,0.8277
14,v1,v6,40.0,174.1,40.0,1.0,0.8705,0.4,-1.4447,True,all_dynamic_snr,20.1035,0.8324
14,v2,v1,20.0,23.19,30.0,0.6,0.116,0.3,-6.6627,True,all_dynamic_snr,17.6921,0.7225
14,v2,v3,20.0,87.05,0.0,0.6,0.4353,0.0,-11.0364,True,all_dynamic_snr,15.1133,0.5258
14,v2,v5,20.0,150.0,0.0,0.6,0.75,0.0,-14.8175,True,all_dynamic_snr,12.6018,0.3537
14,v2,v4,20.0,173.03,10.0,0.6,0.8651,0.1,-18.218,True,all_dynamic_snr,10.1995,0.2133
14,v2,v6,20.0,197.02,10.0,0.6,0.9851,0.1,-19.1205,True,all_dynamic_snr,9.596,0.2242
14,v3,v5,20.0,63.07,0.0,0.6,0.3154,0.0,-8.7973,True,all_dynamic_snr,16.4547,0.6326
14,v3,v1,20.0,64.28,30.0,0.6,0.3214,0.3,-13.7458,True,all_dynamic_snr,13.3439,0.4107
14,v3,v4,20.0,86.21,10.0,0.6,0.431,0.1,-13.3771,True,all_dynamic_snr,13.5841,0.4061
14,v3,v2,20.0,87.05,0.0,0.6,0.4353,0.0,-11.0364,True,all_dynamic_snr,15.1162,0.5215
14,v3,v6,20.0,110.0,10.0,0.6,0.55,0.1,-15.0705,True,all_dynamic_snr,12.4355,0.3609
14,v4,v5,40.0,23.19,10.0,1.0,0.116,0.1,15.7455,False,all_dynamic_snr,22.423,0.8979
14,v4,v6,40.0,24.74,0.0,1.0,0.1237,0.0,17.706,False,all_dynamic_snr,22.4504,0.9023
14,v4,v7,40.0,30.0,20.0,1.0,0.15,0.2,12.5491,False,all_dynamic_snr,22.3472,0.8947
14,v4,v8,40.0,77.06,0.0,1.0,0.3853,0.0,9.8109,False,all_dynamic_snr,22.2191,0.8963
14,v4,v3,40.0,86.21,10.0,1.0,0.431,0.1,6.6229,False,all_dynamic_snr,21.9484,0.8748
15,v1,v3,40.0,34.53,0.0,1.0,0.1726,0.0,15.3898,False,all_dynamic_snr,22.4141,0.9014
15,v1,v2,40.0,53.08,20.0,1.0,0.2654,0.2,8.5835,False,all_dynamic_snr,22.1373,0.8879
15,v1,v5,40.0,97.05,10.0,1.0,0.4852,0.1,5.8001,False,all_dynamic_snr,21.8532,0.8895
15,v1,v4,40.0,110.0,30.0,1.0,0.55,0.3,2.5212,False,all_dynamic_snr,21.2675,0.8688
15,v1,v6,40.0,134.13,10.0,1.0,0.6707,0.1,3.5511,False,all_dynamic_snr,21.4906,0.875
15,v2,v1,20.0,53.08,20.0,0.6,0.2654,0.2,-11.4165,False,all_dynamic_snr,14.8607,0.5199
15,v2,v3,20.0,87.05,20.0,0.6,0.4353,0.2,-14.8534,True,all_dynamic_snr,12.5624,0.3563
15,v2,v5,20.0,150.0,10.0,0.6,0.75,0.1,-17.2257,True,all_dynamic_snr,10.9389,0.2572
15,v2,v4,20.0,163.03,10.0,0.6,0.8151,0.1,-17.8044,True,all_dynamic_snr,10.5338,0.2428
15,v2,v6,20.0,187.02,30.0,0.6,0.9351,0.3,-21.1668,True,all_dynamic_snr,8.1525,0.1654
15,v3,v1,20.0,34.53,0.0,0.6,0.1726,0.0,-4.6102,False,all_dynamic_snr,18.7141,0.7521
15,v3,v5,20.0,63.07,10.0,0.6,0.3154,0.1,-11.2056,True,all_dynamic_snr,15.009,0.5271
15,v3,v4,20.0,76.24,30.0,0.6,0.3812,0.3,-14.9311,True,all_dynamic_snr,12.5515,0.326
15,v3,v2,20.0,87.05,20.0,0.6,0.4353,0.2,-14.8534,True,all_dynamic_snr,12.5925,0.3477
15,v3,v6,20.0,100.0,10.0,0.6,0.5,0.1,-14.4082,True,all_dynamic_snr,12.904,0.3658
15,v4,v5,40.0,13.34,20.0,1.0,0.0667,0.2,18.1797,False,all_dynamic_snr,22.4542,0.8969
15,v4,v6,40.0,24.74,40.0,1.0,0.1237,0.4,12.1142,False,all_dynamic_snr,22.3305,0.8979
15,v4,v7,40.0,50.0,10.0,1.0,0.25,0.1,10.4082,False,all_dynamic_snr,22.2602,0.8963
15,v4,v3,40.0,76.24,30.0,1.0,0.3812,0.3,5.0689,False,all_dynamic_snr,21.741,0.8775
15,v4,v8,40.0,77.06,40.0,1.0,0.3853,0.4,4.2191,False,all_dynamic_snr,21.6142,0.8877
16,v1,v2,40.0,33.14,0.0,1.0,0.1657,0.0,15.6752,False,all_dynamic_snr,22.4215,0.8992
16,v1,v3,40.0,34.53,40.0,1.0,0.1726,0.4,9.798,False,all_dynamic_snr,22.2225,0.8988
16,v1,v5,40.0,107.04,20.0,1.0,0.5352,0.2,3.7102,False,all_dynamic_snr,21.5124,0.8668
16,v1,v6,40.0,124.15,10.0,1.0,0.6207,0.1,4.0889,False,all_dynamic_snr,21.5795,0.8805
16,v1,v4,40.0,140.0,0.0,1.0,0.7,0.0,5.662,False,all_dynamic_snr,21.8413,0.8977
16,v2,v1,20.0,33.14,0.0,0.6,0.1657,0.0,-4.3248,False,all_dynamic_snr,18.8746,0.7609
16,v2,v3,20.0,67.07,40.0,0.6,0.3353,0.4,-14.8159,True,all_dynamic_snr,12.6255,0.3721
16,v2,v5,20.0,140.0,20.0,0.6,0.7,0.2,-18.155,True,all_dynamic_snr,10.2659,0.2447
16,v2,v6,20.0,157.03,10.0,0.6,0.7851,0.1,-17.5439,True,all_dynamic_snr,10.7143,0.2687
16,v2,v4,20.0,173.03,0.0,0.6,0.8651,0.0,-15.8098,True,all_dynamic_snr,11.9274,0.327
16,v3,v1,20.0,34.53,40.0,0.6,0.1726,0.4,-10.202,True,all_dynamic_snr,15.6456,0.5625
16,v3,v2,20.0,67.07,40.0,0.6,0.3353,0.4,-14.8159,True,all_dynamic_snr,12.6122,0.3559
16,v3,v5,20.0,73.06,20.0,0.6,0.3653,0.2,-13.636,True,all_dynamic_snr,13.427,0.4023
16,v3,v6,20.0,90.0,30.0,0.6,0.45,0.3,-16.0844,True,all_dynamic_snr,11.7509,0.2984
16,v3,v4,20.0,106.17,40.0,0.6,0.5308,0.4,-18.0078,True,all_dynamic_snr,10.3493,0.2494
16,v4,v6,40.0,17.09,10.0,1.0,0.0854,0.1,17.8687,False,all_dynamic_snr,22.4494,0.9053
16,v4,v5,40.0,33.14,20.0,1.0,0.1657,0.2,11.8582,False,all_dynamic_snr,22.3186,0.9016
16,v4,v8,40.0,37.12,40.0,1.0,0.1856,0.4,9.2942,False,all_dynamic_snr,22.1875,0.8924
16,v4,v7,40.0,40.0,40.0,1.0,0.2,0.4,8.7753,False,all_dynamic_snr,22.1583,0.8904
16,v4,v11,40.0,77.06,30.0,1.0,0.3853,0.3,4.9944,False,all_dynamic_snr,21.7208,0.8771
17,v1,v2,40.0,33.14,40.0,1.0,0.1657,0.4,10.0834,False,all_dynamic_snr,22.2359,0.8984
17,v1,v3,40.0,74.24,10.0,1.0,0.3712,0.1,7.6613,False,all_dynamic_snr,22.0483,0.8918
17,v1,v5,40.0,127.04,30.0,1.0,0.6352,0.3,1.5207,False,all_dynamic_snr,21.0386,0.8602
17,v1,v6,40.0,134.13,40.0,1.0,0.6707,0.4,0.3676,True,all_dynamic_snr,20.7022,0.8471
17,v1,v4,40.0,140.0,10.0,1.0,0.7,0.1,3.2537,False,all_dynamic_snr,21.4295,0.8693
17,v2,v1,20.0,33.14,40.0,0.6,0.1657,0.4,-9.9166,True,all_dynamic_snr,15.8003,0.5641
17,v2,v3,20.0,107.04,30.0,0.6,0.5352,0.3,-17.2894,True,all_dynamic_snr,10.8563,0.2771
17,v2,v5,20.0,160.0,10.0,0.6,0.8,0.1,-17.6742,True,all_dynamic_snr,10.616,0.2527
17,v2,v6,20.0,167.03,0.0,0.6,0.8351,0.0,-15.5646,True,all_dynamic_snr,12.0952,0.3352
17,v2,v4,20.0,173.03,30.0,0.6,0.8651,0.3,-20.6263,True,all_dynamic_snr,8.5625,0.1939
17,v3,v5,20.0,53.08,20.0,0.6,0.2654,0.2,-11.4165,False,all_dynamic_snr,14.8832,0.507
17,v3,v6,20.0,60.0,30.0,0.6,0.3,0.3,-13.2669,True,all_dynamic_snr,13.6266,0.4285
17,v3,v4,20.0,66.27,0.0,0.6,0.3314,0.0,-9.1413,True,all_dynamic_snr,16.2678,0.6365
17,v3,v1,20.0,74.24,10.0,0.6,0.3712,0.1,-12.3387,True,all_dynamic_snr,14.2479,0.458
17,v3,v2,20.0,107.04,30.0,0.6,0.5352,0.3,-17.2894,True,all_dynamic_snr,10.9028,0.2686
17,v4,v6,40.0,8.49,30.0,1.0,0.0424,0.3,20.3249,False,all_dynamic_snr,22.4675,0.9004
17,v4,v5,40.0,13.34,20.0,1.0,0.0667,0.2,18.1797,False,all_dynamic_snr,22.4558,0.8998
17,v4,v3,40.0,66.27,0.0,1.0,0.3314,0.0,10.8587,False,all_dynamic_snr,22.2707,0.8934
17,v4,v8,40.0,77.06,10.0,1.0,0.3853,0.1,7.4026,False,all_dynamic_snr,22.0347,0.8902
17,v4,v7,40.0,80.0,0.0,1.0,0.4,0.0,9.5506,False,all_dynamic_snr,22.2096,0.8908
18,v1,v3,40.0,64.28,40.0,1.0,0.3214,0.4,5.479,False,all_dynamic_snr,21.8025,0.8746
18,v1,v2,40.0,73.06,10.0,1.0,0.3653,0.1,7.7727,False,all_dynamic_snr,22.0647,0.8912
18,v1,v6,40.0,94.19,40.0,1.0,0.471,0.4,2.8241,False,all_dynamic_snr,21.3381,0.8732
18,v1,v5,40.0,97.05,30.0,1.0,0.4852,0.3,3.3919,False,all_dynamic_snr,21.4469,0.8635
18,v1,v4,40.0,130.0,30.0,1.0,0.65,0.3,1.3604,False,all_dynamic_snr,20.9822,0.8631
18,v2,v1,20.0,73.06,10.0,0.6,0.3653,0.1,-12.2273,True,all_dynamic_snr,14.3497,0.4877
18,v2,v3,20.0,137.03,30.0,0.6,0.6852,0.3,-19.0057,True,all_dynamic_snr,9.7031,0.2172
18,v2,v6,20.0,167.03,30.0,0.6,0.8351,0.3,-20.3811,True,all_dynamic_snr,8.7214,0.1793
18,v2,v5,20.0,170.0,20.0,0.6,0.85,0.2,-19.5042,True,all_dynamic_snr,9.3258,0.2105
18,v3,v6,20.0,30.0,0.0,0.6,0.15,0.0,-3.6339,False,all_dynamic_snr,19.1601,0.7869
18,v3,v5,20.0,33.14,10.0,0.6,0.1657,0.1,-6.7331,False,all_dynamic_snr,17.6469,0.6832
18,v3,v1,20.0,64.28,40.0,0.6,0.3214,0.4,-14.521,True,all_dynamic_snr,12.8154,0.3715
18,v3,v4,20.0,66.27,10.0,0.6,0.3314,0.1,-11.5495,True,all_dynamic_snr,14.7869,0.5182
18,v3,v8,20.0,133.03,0.0,0.6,0.6652,0.0,-13.9834,True,all_dynamic_snr,13.1896,0.3998
18,v4,v5,40.0,33.14,0.0,1.0,0.1657,0.0,15.6752,False,all_dynamic_snr,22.422,0.8969
18,v4,v6,40.0,36.5,10.0,1.0,0.1825,0.1,12.5957,False,all_dynamic_snr,22.3519,0.8895
18,v4,v3,40.0,66.27,10.0,1.0,0.3314,0.1,8.4505,False,all_dynamic_snr,22.1278,0.8949
18,v4,v8,40.0,67.07,10.0,1.0,0.3353,0.1,8.3676,False,all_dynamic_snr,22.1188,0.8934
18,v4,v7,40.0,80.0,10.0,1.0,0.4,0.1,7.1423,False,all_dynamic_snr,22.0006,0.8912
19,v1,v2,40.0,63.07,20.0,1.0,0.3154,0.2,7.3857,False,all_dynamic_snr,22.037,0.893
19,v1,v3,40.0,104.17,20.0,1.0,0.5209,0.2,3.899,False,all_dynamic_snr,21.5589,0.8777
19,v1,v5,40.0,127.04,0.0,1.0,0.6352,0.0,6.3372,False,all_dynamic_snr,21.9162,0.8787
19,v1,v6,40.0,134.13,10.0,1.0,0.6707,0.1,3.5511,False,all_dynamic_snr,21.497,0.8771
19,v1,v4,40.0,160.0,10.0,1.0,0.8,0.1,2.3258,True,all_dynamic_snr,21.2194,0.8711
19,v2,v1,20.0,63.07,20.0,0.6,0.3154,0.2,-12.6143,True,all_dynamic_snr,14.1001,0.4379
19,v2,v3,20.0,167.03,40.0,0.6,0.8351,0.4,-21.1563,True,all_dynamic_snr,8.2349,0.1738
19,v2,v5,20.0,190.0,20.0,0.6,0.95,0.2,-20.277,True,all_dynamic_snr,8.8244,0.1887
19,v2,v6,20.0,197.02,30.0,0.6,0.9851,0.3,-21.5287,True,all_dynamic_snr,7.9604,0.1633
19,v3,v5,20.0,23.19,20.0,0.6,0.116,0.2,-5.6632,False,all_dynamic_snr,18.216,0.7256
19,v3,v6,20.0,30.0,10.0,0.6,0.15,0.1,-6.0422,False,all_dynamic_snr,18.0127,0.7279
19,v3,v4,20.0,56.32,30.0,0.6,0.2816,0.3,-12.8271,True,all_dynamic_snr,13.9494,0.4355
19,v3,v1,20.0,104.17,20.0,0.6,0.5209,0.2,-16.101,True,all_dynamic_snr,11.7833,0.2965
19,v3,v7,20.0,126.14,30.0,0.6,0.6307,0.3,-18.4303,True,all_dynamic_snr,10.0785,0.2479
19,v4,v6,40.0,26.68,20.0,1.0,0.1334,0.2,13.3632,False,all_dynamic_snr,22.3723,0.8914
19,v4,v5,40.0,33.14,10.0,1.0,0.1657,0.1,13.2669,False,all_dynamic_snr,22.3669,0.8998
19,v4,v3,40.0,56.32,30.0,1.0,0.2816,0.3,7.1729,False,all_dynamic_snr,21.9992,0.8949
19,v4,v7,40.0,70.0,0.0,1.0,0.35,0.0,10.4784,False,all_dynamic_snr,22.2593,0.9023
19,v4,v8,40.0,77.06,30.0,1.0,0.3853,0.3,4.9944,False,all_dynamic_snr,21.7366,0.8801
20,v1,v2,40.0,43.1,0.0,1.0,0.2155,0.0,13.8476,False,all_dynamic_snr,22.3856,0.8979
20,v1,v3,40.0,84.21,0.0,1.0,0.4211,0.0,9.1939,False,all_dynamic_snr,22.1833,0.8879
20,v1,v6,40.0,124.15,30.0,1.0,0.6207,0.3,1.6806,False,all_dynamic_snr,21.0739,0.8631
20,v1,v5,40.0,127.04,30.0,1.0,0.6352,0.3,1.5207,False,all_dynamic_snr,21.0153,0.8604
20,v1,v4,40.0,170.0,30.0,1.0,0.85,0.3,-0.5037,True,all_dynamic_snr,20.4445,0.8391
20,v2,v1,20.0,43.1,0.0,0.6,0.2155,0.0,-6.1524,False,all_dynamic_snr,17.9542,0.708
20,v2,v3,20.0,127.04,0.0,0.6,0.6352,0.0,-13.6628,True,all_dynamic_snr,13.3813,0.4055
20,v2,v6,20.0,167.03,30.0,0.6,0.8351,0.3,-20.3811,True,all_dynamic_snr,8.7245,0.1891
20,v2,v5,20.0,170.0,30.0,0.6,0.85,0.3,-20.5037,True,all_dynamic_snr,8.6305,0.1758
20,v3,v6,20.0,40.0,30.0,0.6,0.2,0.3,-10.4494,True,all_dynamic_snr,15.4814,0.5678
20,v3,v5,20.0,43.1,30.0,0.6,0.2155,0.3,-10.9688,True,all_dynamic_snr,15.1581,0.5246
20,v3,v1,20.0,84.21,0.0,0.6,0.4211,0.0,-10.8061,True,all_dynamic_snr,15.2562,0.5408
20,v3,v4,20.0,86.21,30.0,0.6,0.431,0.3,-15.7853,True,all_dynamic_snr,11.9563,0.3057
20,v3,v2,20.0,127.04,0.0,0.6,0.6352,0.0,-13.6628,True,all_dynamic_snr,13.3912,0.4346
20,v4,v5,40.0,43.1,0.0,1.0,0.2155,0.0,13.8476,False,all_dynamic_snr,22.3874,0.9018
20,v4,v6,40.0,46.39,0.0,1.0,0.2319,0.0,13.3373,False,all_dynamic_snr,22.3727,0.8988
20,v4,v8,40.0,47.1,20.0,1.0,0.2355,0.2,9.4153,False,all_dynamic_snr,22.1925,0.9027
20,v4,v11,40.0,57.08,10.0,1.0,0.2854,0.1,9.4882,False,all_dynamic_snr,22.1939,0.8898
20,v4,v7,40.0,70.0,30.0,1.0,0.35,0.3,5.662,False,all_dynamic_snr,21.8366,0.8814
21,v1,v2,40.0,43.1,30.0,1.0,0.2155,0.3,9.0312,False,all_dynamic_snr,22.1685,0.8977
21,v1,v3,40.0,84.21,40.0,1.0,0.4211,0.4,3.6021,False,all_dynamic_snr,21.4905,0.8779
21,v1,v6,40.0,154.12,40.0,1.0,0.7706,0.4,-0.5974,True,all_dynamic_snr,20.3876,0.8258
21,v1,v5,40.0,157.03,0.0,1.0,0.7851,0.0,4.8643,True,all_dynamic_snr,21.7266,0.8797
21,v1,v4,40.0,200.0,0.0,1.0,1.0,0.0,3.1835,True,all_dynamic_snr,21.396,0.8689
21,v2,v1,20.0,43.1,30.0,0.6,0.2155,0.3,-10.9688,True,all_dynamic_snr,15.1332,0.5332
21,v2,v3,20.0,127.04,10.0,0.6,0.6352,0.1,-16.071,True,all_dynamic_snr,11.7638,0.3053
21,v2,v6,20.0,197.02,10.0,0.6,0.9851,0.1,-19.1205,True,all_dynamic_snr,9.617,0.2338
21,v2,v5,20.0,200.0,30.0,0.6,1.0,0.3,-21.633,True,all_dynamic_snr,7.8751,0.1752
21,v3,v6,20.0,70.0,0.0,0.6,0.35,0.0,-9.5216,True,all_dynamic_snr,16.0876,0.5961
21,v3,v5,20.0,73.06,40.0,0.6,0.3653,0.4,-15.4108,True,all_dynamic_snr,12.2032,0.3393
21,v3,v1,20.0,84.21,40.0,0.6,0.4211,0.4,-16.3979,True,all_dynamic_snr,11.4973,0.3207
21,v3,v4,20.0,116.16,40.0,0.6,0.5808,0.4,-18.6324,True,all_dynamic_snr,9.9562,0.2535
21,v3,v2,20.0,127.04,10.0,0.6,0.6352,0.1,-16.071,True,all_dynamic_snr,11.7399,0.3117
21,v4,v8,40.0,27.17,0.0,1.0,0.1358,0.0,17.0555,False,all_dynamic_snr,22.4427,0.9018
21,v4,v7,40.0,40.0,0.0,1.0,0.2,0.0,14.367,False,all_dynamic_snr,22.3965,0.8998
21,v4,v5,40.0,43.1,0.0,1.0,0.2155,0.0,13.8476,False,all_dynamic_snr,22.3818,0.8969
21,v4,v6,40.0,46.39,40.0,1.0,0.2319,0.4,7.7455,False,all_dynamic_snr,22.0697,0.8869
21,v4,v11,40.0,47.1,30.0,1.0,0.2355,0.3,8.4158,False,all_dynamic_snr,22.116,0.8869
22,v1,v3,40.0,44.41,0.0,1.0,0.222,0.0,13.6407,False,all_dynamic_snr,22.3813,0.8934
22,v1,v2,40.0,73.06,10.0,1.0,0.3653,0.1,7.7727,False,all_dynamic_snr,22.0716,0.8869
22,v1,v6,40.0,114.16,10.0,1.0,0.5708,0.1,4.6717,False,all_dynamic_snr,21.6849,0.883
22,v1,v5,40.0,157.03,20.0,1.0,0.7851,0.2,1.0474,True,all_dynamic_snr,20.9007,0.8516
22,v1,v4,40.0,200.0,10.0,1.0,1.0,0.1,0.7753,True,all_dynamic_snr,20.8171,0.8584
22,v2,v1,20.0,73.06,10.0,0.6,0.3653,0.1,-12.2273,True,all_dynamic_snr,14.3441,0.4842
22,v2,v3,20.0,117.04,10.0,0.6,0.5852,0.1,-15.5015,True,all_dynamic_snr,12.1472,0.3307
22,v2,v6,20.0,187.02,0.0,0.6,0.9351,0.0,-16.3504,True,all_dynamic_snr,11.5238,0.2963
22,v3,v1,20.0,44.41,0.0,0.6,0.222,0.0,-6.3593,False,all_dynamic_snr,17.851,0.7201
22,v3,v6,20.0,70.0,10.0,0.6,0.35,0.1,-11.9298,True,all_dynamic_snr,14.5381,0.4984
22,v3,v5,20.0,113.04,20.0,0.6,0.5652,0.2,-16.6687,True,all_dynamic_snr,11.286,0.2926
22,v3,v2,20.0,117.04,10.0,0.6,0.5852,0.1,-15.5015,True,all_dynamic_snr,12.1242,0.335
22,v3,v4,20.0,156.12,10.0,0.6,0.7806,0.1,-17.5034,True,all_dynamic_snr,10.7108,0.2533
22,v4,v11,40.0,17.26,30.0,1.0,0.0863,0.3,15.3898,False,all_dynamic_snr,22.4172,0.8979
22,v4,v8,40.0,27.17,20.0,1.0,0.1358,0.2,13.2386,False,all_dynamic_snr,22.3682,0.8959
22,v4,v7,40.0,40.0,20.0,1.0,0.2,0.2,10.5501,False,all_dynamic_snr,22.2636,0.8846
22,v4,v5,40.0,43.1,10.0,1.0,0.2155,0.1,11.4394,False,all_dynamic_snr,22.3058,0.8963
22,v4,v10,40.0,70.0,20.0,1.0,0.35,0.2,6.6615,False,all_dynamic_snr,21.9485,0.8859
23,v1,v3,40.0,44.41,40.0,1.0,0.222,0.4,8.049,False,all_dynamic_snr,22.0929,0.8891
23,v1,v2,40.0,83.05,30.0,1.0,0.4153,0.3,4.4737,False,all_dynamic_snr,21.653,0.8826
23,v1,v6,40.0,104.17,30.0,1.0,0.5209,0.3,2.8994,False,all_dynamic_snr,21.355,0.8684
23,v1,v5,40.0,137.03,40.0,1.0,0.6852,0.4,0.219,True,all_dynamic_snr,20.6481,0.8299
23,v1,v4,40.0,190.0,0.0,1.0,0.95,0.0,3.5399,True,all_dynamic_snr,21.4805,0.8752
23,v2,v1,20.0,83.05,30.0,0.6,0.4153,0.3,-15.5263,True,all_dynamic_snr,12.1126,0.3471
23,v2,v3,20.0,127.04,10.0,0.6,0.6352,0.1,-16.071,True,all_dynamic_snr,11.745,0.2908
23,v2,v6,20.0,187.02,0.0,0.6,0.9351,0.0,-16.3504,True,all_dynamic_snr,11.5646,0.3006
23,v3,v1,20.0,44.41,40.0,0.6,0.222,0.4,-11.951,True,all_dynamic_snr,14.5116,0.475
23,v3,v6,20.0,60.0,10.0,0.6,0.3,0.1,-10.8587,True,all_dynamic_snr,15.2093,0.516
23,v3,v5,20.0,93.05,0.0,0.6,0.4652,0.0,-11.4993,True,all_dynamic_snr,14.8266,0.5008
23,v3,v2,20.0,127.04,10.0,0.6,0.6352,0.1,-16.071,True,all_dynamic_snr,11.7439,0.3191
23,v3,v4,20.0,146.12,40.0,0.6,0.7306,0.4,-20.2273,True,all_dynamic_snr,8.8536,0.2207
23,v4,v8,40.0,47.1,0.0,1.0,0.2355,0.0,13.2323,False,all_dynamic_snr,22.3677,0.8934
23,v4,v11,40.0,47.1,10.0,1.0,0.2355,0.1,10.8241,False,all_dynamic_snr,22.2819,0.891
23,v4,v5,40.0,53.08,40.0,1.0,0.2654,0.4,6.8087,False,all_dynamic_snr,21.9741,0.9
23,v4,v7,40.0,60.0,40.0,1.0,0.3,0.4,5.9578,False,all_dynamic_snr,21.872,0.8795
23,v4,v12,40.0,84.21,40.0,1.0,0.4211,0.4,3.6021,False,all_dynamic_snr,21.4894,0.8672
24,v1,v2,40.0,53.08,0.0,1.0,0.2654,0.0,12.4005,False,all_dynamic_snr,22.3451,0.89
24,v1,v3,40.0,84.21,0.0,1.0,0.4211,0.0,9.1939,False,all_dynamic_snr,22.1836,0.8959
24,v1,v6,40.0,134.13,30.0,1.0,0.6707,0.3,1.1429,False,all_dynamic_snr,20.914,0.8416
24,v1,v5,40.0,177.03,20.0,1.0,0.8851,0.2,0.2145,True,all_dynamic_snr,20.6454,0.851
24,v1,v4,40.0,190.0,20.0,1.0,0.95,0.2,-0.277,True,all_dynamic_snr,20.4898,0.8438
24,v2,v1,20.0,53.08,0.0,0.6,0.2654,0.0,-7.5995,False,all_dynamic_snr,17.1737,0.6898
24,v2,v3,20.0,137.03,0.0,0.6,0.6852,0.0,-14.1892,True,all_dynamic_snr,13.0724,0.3969
24,v2,v6,20.0,187.02,30.0,0.6,0.9351,0.3,-21.1668,True,all_dynamic_snr,8.1589,0.1799
24,v3,v6,20.0,50.0,30.0,0.6,0.25,0.3,-12.0,True,all_dynamic_snr,14.4969,0.5002
24,v3,v1,20.0,84.21,0.0,0.6,0.4211,0.0,-10.8061,True,all_dynamic_snr,15.2836,0.551
24,v3,v5,20.0,93.05,20.0,0.6,0.4652,0.2,-15.3163,True,all_dynamic_snr,12.2517,0.3238
24,v3,v4,20.0,106.17,20.0,0.6,0.5308,0.2,-16.233,True,all_dynamic_snr,11.6395,0.299
24,v3,v2,20.0,137.03,0.0,0.6,0.6852,0.0,-14.1892,True,all_dynamic_snr,13.0625,0.3582
24,v4,v5,40.0,13.34,0.0,1.0,0.0667,0.0,21.9966,False,all_dynamic_snr,22.4772,0.8979
24,v4,v8,40.0,47.1,10.0,1.0,0.2355,0.1,10.8241,False,all_dynamic_snr,22.2763,0.8885
24,v4,v6,40.0,56.32,10.0,1.0,0.2816,0.1,9.5811,False,all_dynamic_snr,22.2036,0.8955
24,v4,v11,40.0,57.08,10.0,1.0,0.2854,0.1,9.4882,False,all_dynamic_snr,22.2019,0.8984
24,v4,v7,40.0,100.0,0.0,1.0,0.5,0.0,8.0,False,all_dynamic_snr,22.0831,0.89
25,v1,v2,40.0,53.08,40.0,1.0,0.2654,0.4,6.8087,False,all_dynamic_snr,21.9721,0.8826
25,v1,v3,40.0,84.21,10.0,1.0,0.4211,0.1,6.7856,False,all_dynamic_snr,21.9643,0.8885
25,v1,v6,40.0,164.11,10.0,1.0,0.8205,0.1,2.1496,True,all_dynamic_snr,21.1702,0.8553
25,v1,v5,40.0,197.02,20.0,1.0,0.9851,0.2,-0.5292,True,all_dynamic_snr,20.4001,0.8164
25,v2,v1,20.0,53.08,40.0,0.6,0.2654,0.4,-13.1913,True,all_dynamic_snr,13.7086,0.4428
25,v2,v3,20.0,137.03,30.0,0.6,0.6852,0.3,-19.0057,True,all_dynamic_snr,9.6848,0.2236
25,v3,v6,20.0,80.0,0.0,0.6,0.4,0.0,-10.4494,True,all_dynamic_snr,15.4892,0.5363
25,v3,v1,20.0,84.21,10.0,0.6,0.4211,0.1,-13.2144,True,all_dynamic_snr,13.71,0.424
25,v3,v5,20.0,113.04,10.0,0.6,0.5652,0.1,-15.2599,True,all_dynamic_snr,12.3082,0.3422
25,v3,v4,20.0,126.14,30.0,0.6,0.6307,0.3,-18.4303,True,all_dynamic_snr,10.0876,0.2412
25,v3,v2,20.0,137.03,30.0,0.6,0.6852,0.3,-19.0057,True,all_dynamic_snr,9.7244,0.2246
25,v4,v5,40.0,13.34,20.0,1.0,0.0667,0.2,18.1797,False,all_dynamic_snr,22.4526,0.8945
25,v4,v6,40.0,46.39,30.0,1.0,0.2319,0.3,8.5208,False,all_dynamic_snr,22.1298,0.8938
25,v4,v8,40.0,57.08,40.0,1.0,0.2854,0.4,6.3046,False,all_dynamic_snr,21.9085,0.892
25,v4,v11,40.0,67.07,20.0,1.0,0.3353,0.2,6.9589,False,all_dynamic_snr,21.9873,0.8875
25,v4,v7,40.0,100.0,20.0,1.0,0.5,0.2,4.183,False,all_dynamic_snr,21.6066,0.8809
26,v1,v3,40.0,74.24,20.0,1.0,0.3712,0.2,6.2526,False,all_dynamic_snr,21.9035,0.8896
26,v1,v2,40.0,93.05,10.0,1.0,0.4652,0.1,6.0924,False,all_dynamic_snr,21.8823,0.8914
26,v1,v6,40.0,154.12,40.0,1.0,0.7706,0.4,-0.5974,True,all_dynamic_snr,20.3938,0.8396
26,v1,v4,40.0,170.0,0.0,1.0,0.85,0.0,4.3128,True,all_dynamic_snr,21.6186,0.8881
26,v1,v5,40.0,177.03,0.0,1.0,0.8851,0.0,4.0314,True,all_dynamic_snr,21.5727,0.8816
26,v2,v1,20.0,93.05,10.0,0.6,0.4652,0.1,-13.9076,True,all_dynamic_snr,13.2254,0.4098
26,v2,v3,20.0,167.03,10.0,0.6,0.8351,0.1,-17.9728,True,all_dynamic_snr,10.405,0.252
26,v3,v1,20.0,74.24,20.0,0.6,0.3712,0.2,-13.7474,True,all_dynamic_snr,13.3513,0.4057
26,v3,v6,20.0,80.0,20.0,0.6,0.4,0.2,-14.2664,True,all_dynamic_snr,12.979,0.3768
26,v3,v4,20.0,96.19,20.0,0.6,0.4809,0.2,-15.5469,True,all_dynamic_snr,12.0544,0.3086
26,v3,v5,20.0,103.04,20.0,0.6,0.5152,0.2,-16.0253,True,all_dynamic_snr,11.7736,0.2861
26,v3,v2,20.0,167.03,10.0,0.6,0.8351,0.1,-17.9728,True,all_dynamic_snr,10.4301,0.2613
26,v4,v5,40.0,7.62,0.0,1.0,0.0381,0.0,25.8926,False,all_dynamic_snr,22.491,0.8998
26,v4,v6,40.0,17.09,40.0,1.0,0.0854,0.4,14.6852,False,all_dynamic_snr,22.4081,0.8963
26,v4,v11,40.0,87.05,10.0,1.0,0.4353,0.1,6.5553,False,all_dynamic_snr,21.9291,0.8926
26,v4,v3,40.0,96.19,20.0,1.0,0.4809,0.2,4.4531,False,all_dynamic_snr,21.6526,0.8764
26,v4,v8,40.0,97.05,20.0,1.0,0.4852,0.2,4.3914,False,all_dynamic_snr,21.6289,0.8775
27,v1,v3,40.0,54.33,20.0,1.0,0.2717,0.2,8.4221,False,all_dynamic_snr,22.1178,0.8979
27,v1,v2,40.0,103.04,20.0,1.0,0.5152,0.2,3.9747,False,all_dynamic_snr,21.578,0.8732
27,v1,v6,40.0,114.16,0.0,1.0,0.5708,0.0,7.0799,False,all_dynamic_snr,21.9883,0.892
27,v1,v4,40.0,170.0,0.0,1.0,0.85,0.0,4.3128,True,all_dynamic_snr,21.6289,0.8668
27,v1,v5,40.0,177.03,10.0,1.0,0.8851,0.1,1.6232,True,all_dynamic_snr,21.0349,0.8568
27,v2,v1,20.0,103.04,20.0,0.6,0.5152,0.2,-16.0253,True,all_dynamic_snr,11.7854,0.3189
27,v2,v3,20.0,157.03,0.0,0.6,0.7851,0.0,-15.1357,True,all_dynamic_snr,12.3972,0.3439
27,v3,v1,20.0,54.33,20.0,0.6,0.2717,0.2,-11.5779,False,all_dynamic_snr,14.7981,0.507
27,v3,v6,20.0,60.0,20.0,0.6,0.3,0.2,-12.2674,True,all_dynamic_snr,14.3386,0.4824
27,v3,v4,20.0,116.16,20.0,0.6,0.5808,0.2,-16.8576,True,all_dynamic_snr,11.2129,0.2725
27,v3,v5,20.0,123.04,10.0,0.6,0.6152,0.1,-15.8488,True,all_dynamic_snr,11.8914,0.307
27,v3,v2,20.0,157.03,0.0,0.6,0.7851,0.0,-15.1357,True,all_dynamic_snr,12.3523,0.3262
27,v4,v5,40.0,7.62,10.0,1.0,0.0381,0.1,23.4843,False,all_dynamic_snr,22.4842,0.9027
27,v4,v6,40.0,56.32,0.0,1.0,0.2816,0.0,11.9893,False,all_dynamic_snr,22.3294,0.8982
27,v4,v8,40.0,77.06,10.0,1.0,0.3853,0.1,7.4026,False,all_dynamic_snr,22.0306,0.8934
27,v4,v11,40.0,77.06,20.0,1.0,0.3853,0.2,5.9939,False,all_dynamic_snr,21.8762,0.8877
27,v4,v10,40.0,90.0,10.0,1.0,0.45,0.1,6.3239,False,all_dynamic_snr,21.9213,0.8891
28,v1,v3,40.0,74.24,0.0,1.0,0.3712,0.0,10.0695,False,all_dynamic_snr,22.2295,0.9023
28,v1,v2,40.0,83.05,20.0,1.0,0.4153,0.2,5.4732,False,all_dynamic_snr,21.8015,0.8795
28,v1,v6,40.0,114.16,10.0,1.0,0.5708,0.1,4.6717,False,all_dynamic_snr,21.7015,0.8869
28,v1,v4,40.0,170.0,10.0,1.0,0.85,0.1,1.9046,True,all_dynamic_snr,21.1079,0.858
28,v1,v5,40.0,187.02,10.0,1.0,0.9351,0.1,1.2414,True,all_dynamic_snr,20.9563,0.8496
28,v2,v1,20.0,83.05,20.0,0.6,0.4153,0.2,-14.5268,True,all_dynamic_snr,12.8231,0.377
28,v2,v3,20.0,157.03,20.0,0.6,0.7851,0.2,-18.9526,True,all_dynamic_snr,9.6728,0.2184
28,v2,v6,20.0,197.02,10.0,0.6,0.9851,0.1,-19.1205,True,all_dynamic_snr,9.6036,0.2309
28,v3,v6,20.0,40.0,10.0,0.6,0.2,0.1,-8.0412,False,all_dynamic_snr,16.9122,0.6715
28,v3,v1,20.0,74.24,0.0,0.6,0.3712,0.0,-9.9305,True,all_dynamic_snr,15.7866,0.5912
28,v3,v4,20.0,96.19,10.0,0.6,0.4809,0.1,-14.1381,True,all_dynamic_snr,13.0733,0.3953
28,v3,v5,20.0,113.04,10.0,0.6,0.5652,0.1,-15.2599,True,all_dynamic_snr,12.3195,0.359
28,v3,v11,20.0,153.03,10.0,0.6,0.7651,0.1,-17.3646,True,all_dynamic_snr,10.853,0.2494
28,v4,v5,40.0,17.26,20.0,1.0,0.0863,0.2,16.3893,False,all_dynamic_snr,22.4362,0.8949
28,v4,v6,40.0,56.32,20.0,1.0,0.2816,0.2,8.1724,False,all_dynamic_snr,22.0967,0.8893
28,v4,v11,40.0,57.08,0.0,1.0,0.2854,0.0,11.8964,False,all_dynamic_snr,22.3275,0.89
28,v4,v8,40.0,67.07,20.0,1.0,0.3353,0.2,6.9589,False,all_dynamic_snr,21.986,0.8895
28,v4,v10,40.0,80.0,10.0,1.0,0.4,0.1,7.1423,False,all_dynamic_snr,22.0036,0.882
29,v1,v3,40.0,74.24,20.0,1.0,0.3712,0.2,6.2526,False,all_dynamic_snr,21.9006,0.8814
29,v1,v2,40.0,103.04,10.0,1.0,0.5152,0.1,5.3834,False,all_dynamic_snr,21.8023,0.8869
29,v1,v6,40.0,104.17,20.0,1.0,0.5209,0.2,3.899,False,all_dynamic_snr,21.5545,0.8863
29,v1,v5,40.0,177.03,10.0,1.0,0.8851,0.1,1.6232,True,all_dynamic_snr,21.0565,0.8562
29,v1,v4,40.0,180.0,30.0,1.0,0.9,0.3,-0.9008,True,all_dynamic_snr,20.2882,0.8242
29,v2,v1,20.0,103.04,10.0,0.6,0.5152,0.1,-14.6166,True,all_dynamic_snr,12.7188,0.3832
29,v2,v3,20.0,177.03,10.0,0.6,0.8851,0.1,-18.3768,True,all_dynamic_snr,10.0726,0.2365
29,v3,v6,20.0,30.0,0.0,0.6,0.15,0.0,-3.6339,False,all_dynamic_snr,19.2021,0.7842
29,v3,v1,20.0,74.24,20.0,0.6,0.3712,0.2,-13.7474,True,all_dynamic_snr,13.3287,0.4203
29,v3,v5,20.0,103.04,10.0,0.6,0.5152,0.1,-14.6166,True,all_dynamic_snr,12.7414,0.3686
29,v3,v4,20.0,106.17,10.0,0.6,0.5308,0.1,-14.8242,True,all_dynamic_snr,12.6098,0.3396
29,v3,v8,20.0,153.03,20.0,0.6,0.7651,0.2,-18.7734,True,all_dynamic_snr,9.8814,0.2412
29,v4,v5,40.0,4.24,20.0,1.0,0.0212,0.2,26.1408,False,all_dynamic_snr,22.4914,0.9004
29,v4,v8,40.0,47.1,30.0,1.0,0.2355,0.3,8.4158,False,all_dynamic_snr,22.1263,0.8955
29,v4,v11,40.0,57.08,0.0,1.0,0.2854,0.0,11.8964,False,all_dynamic_snr,22.3237,0.8924
29,v4,v10,40.0,70.0,30.0,1.0,0.35,0.3,5.662,False,all_dynamic_snr,21.837,0.8943
29,v4,v6,40.0,76.24,10.0,1.0,0.3812,0.1,7.4772,False,all_dynamic_snr,22.0418,0.8975
30,v1,v3,40.0,54.33,10.0,1.0,0.2717,0.1,9.8308,False,all_dynamic_snr,22.2151,0.8963
30,v1,v6,40.0,84.21,10.0,1.0,0.4211,0.1,6.7856,False,all_dynamic_snr,21.9592,0.8943
30,v1,v2,40.0,113.04,10.0,1.0,0.5652,0.1,4.7401,False,all_dynamic_snr,21.6911,0.8834
30,v1,v4,40.0,150.0,30.0,1.0,0.75,0.3,0.3661,False,all_dynamic_snr,20.6872,0.8416
30,v1,v5,40.0,167.03,10.0,1.0,0.8351,0.1,2.0272,True,all_dynamic_snr,21.1613,0.873
30,v2,v1,20.0,113.04,10.0,0.6,0.5652,0.1,-15.2599,True,all_dynamic_snr,12.3204,0.3303
30,v2,v3,20.0,167.03,0.0,0.6,0.8351,0.0,-15.5646,True,all_dynamic_snr,12.0533,0.3203
30,v2,v6,20.0,197.02,0.0,0.6,0.9851,0.0,-16.7123,True,all_dynamic_snr,11.288,0.2846
30,v3,v6,20.0,30.0,0.0,0.6,0.15,0.0,-3.6339,False,all_dynamic_snr,19.1837,0.7893
30,v3,v1,20.0,54.33,10.0,0.6,0.2717,0.1,-10.1692,False,all_dynamic_snr,15.6549,0.5721
30,v3,v4,20.0,96.19,20.0,0.6,0.4809,0.2,-15.5469,True,all_dynamic_snr,12.1259,0.3035
30,v3,v5,20.0,113.04,0.0,0.6,0.5652,0.0,-12.8517,True,all_dynamic_snr,13.9259,0.4117
30,v3,v11,20.0,153.03,20.0,0.6,0.7651,0.2,-18.7734,True,all_dynamic_snr,9.8431,0.2463
30,v4,v5,40.0,17.26,20.0,1.0,0.0863,0.2,16.3893,False,all_dynamic_snr,22.4326,0.8979
30,v4,v11,40.0,57.08,0.0,1.0,0.2854,0.0,11.8964,False,all_dynamic_snr,22.3225,0.8969
30,v4,v6,40.0,66.27,20.0,1.0,0.3314,0.2,7.0417,False,all_dynamic_snr,21.9962,0.884
30,v4,v8,40.0,77.06,30.0,1.0,0.3853,0.3,4.9944,False,all_dynamic_snr,21.7344,0.8867
30,v4,v3,40.0,96.19,20.0,1.0,0.4809,0.2,4.4531,False,all_dynamic_snr,21.6512,0.8826
31,v1,v3,40.0,64.28,10.0,1.0,0.3214,0.1,8.6625,False,all_dynamic_snr,22.1423,0.9012
31,v1,v2,40.0,86.83,42.43,1.0,0.4342,0.4243,3.2246,False,all_dynamic_snr,21.4212,0.8648
31,v1,v6,40.0,94.19,20.0,1.0,0.471,0.2,4.5989,False,all_dynamic_snr,21.6686,0.8811
31,v1,v5,40.0,177.03,20.0,1.0,0.8851,0.2,0.2145,True,all_dynamic_snr,20.656,0.8506
31,v1,v4,40.0,180.0,20.0,1.0,0.9,0.2,0.0987,True,all_dynamic_snr,20.6301,0.8332
31,v2,v1,20.0,86.83,42.43,0.6,0.4342,0.4243,-16.7754,True,all_dynamic_snr,11.2493,0.2682
31,v2,v3,20.0,148.86,50.0,0.6,0.7443,0.5,-20.9898,True,all_dynamic_snr,8.3418,0.1523
31,v2,v6,20.0,178.72,31.62,0.6,0.8936,0.3162,-20.9893,True,all_dynamic_snr,8.3337,0.1818
31,v3,v6,20.0,30.0,30.0,0.6,0.15,0.3,-8.4504,True,all_dynamic_snr,16.6649,0.6604
31,v3,v1,20.0,64.28,10.0,0.6,0.3214,0.1,-11.3375,True,all_dynamic_snr,14.9016,0.5008
31,v3,v5,20.0,113.04,10.0,0.6,0.5652,0.1,-15.2599,True,all_dynamic_snr,12.2823,0.334
31,v3,v4,20.0,116.16,10.0,0.6,0.5808,0.1,-15.4489,True,all_dynamic_snr,12.148,0.3271
31,v3,v2,20.0,148.86,50.0,0.6,0.7443,0.5,-20.9898,True,all_dynamic_snr,8.348,0.1721
31,v4,v5,40.0,4.24,0.0,1.0,0.0212,0.0,29.9578,False,all_dynamic_snr,22.4945,0.9018
31,v4,v8,40.0,47.1,0.0,1.0,0.2355,0.0,13.2323,False,all_dynamic_snr,22.3645,0.9008
31,v4,v11,40.0,57.08,40.0,1.0,0.2854,0.4,6.3046,False,all_dynamic_snr,21.9138,0.8967
31,v4,v10,40.0,80.0,20.0,1.0,0.4,0.2,5.7336,False,all_dynamic_snr,21.8467,0.8879
31,v4,v6,40.0,86.21,40.0,1.0,0.431,0.4,3.4394,False,all_dynamic_snr,21.4646,0.8652
32,v1,v3,40.0,54.33,40.0,1.0,0.2717,0.4,6.6473,False,all_dynamic_snr,21.9575,0.8893
32,v1,v2,40.0,74.97,58.31,1.0,0.3748,0.5831,3.3263,False,all_dynamic_snr,21.4289,0.8592
32,v1,v6,40.0,114.16,20.0,1.0,0.5708,0.2,3.2629,False,all_dynamic_snr,21.4381,0.8635
32,v1,v5,40.0,157.03,0.0,1.0,0.7851,0.0,4.8643,True,all_dynamic_snr,21.7045,0.8889
32,v1,v4,40.0,160.0,20.0,1.0,0.8,0.2,0.9171,True,all_dynamic_snr,20.8738,0.8406
32,v2,v1,20.0,74.97,58.31,0.6,0.3748,0.5831,-16.6737,True,all_dynamic_snr,11.3126,0.2768
32,v2,v3,20.0,117.39,31.62,0.6,0.5869,0.3162,-18.0686,True,all_dynamic_snr,10.356,0.2385
32,v2,v6,20.0,174.18,42.43,0.6,0.8709,0.4243,-21.6125,True,all_dynamic_snr,7.9177,0.1793
32,v3,v1,20.0,54.33,40.0,0.6,0.2717,0.4,-13.3527,True,all_dynamic_snr,13.6209,0.4139
32,v3,v6,20.0,60.0,20.0,0.6,0.3,0.2,-12.2674,True,all_dynamic_snr,14.3395,0.4895
32,v3,v5,20.0,103.04,40.0,0.6,0.5152,0.4,-17.8001,True,all_dynamic_snr,10.5201,0.2547
32,v3,v4,20.0,106.17,20.0,0.6,0.5308,0.2,-16.233,True,all_dynamic_snr,11.6116,0.2953
32,v3,v2,20.0,117.39,31.62,0.6,0.5869,0.3162,-18.0686,True,all_dynamic_snr,10.3453,0.2381
32,v4,v5,40.0,4.24,20.0,1.0,0.0212,0.2,26.1408,False,all_dynamic_snr,22.4899,0.8988
32,v4,v6,40.0,46.39,0.0,1.0,0.2319,0.0,13.3373,False,all_dynamic_snr,22.3697,0.8988
32,v4,v8,40.0,47.1,0.0,1.0,0.2355,0.0,13.2323,False,all_dynamic_snr,22.3669,0.8934
32,v4,v11,40.0,97.05,20.0,1.0,0.4852,0.2,4.3914,False,all_dynamic_snr,21.6361,0.8824
32,v4,v10,40.0,100.0,0.0,1.0,0.5,0.0,8.0,False,all_dynamic_snr,22.0877,0.8898
33,v1,v2,40.0,82.1,50.99,1.0,0.4105,0.5099,3.0886,False,all_dynamic_snr,21.3807,0.8805
33,v1,v3,40.0,94.19,20.0,1.0,0.471,0.2,4.5989,False,all_dynamic_snr,21.6735,0.8803
33,v1,v6,40.0,134.13,10.0,1.0,0.6707,0.1,3.5511,False,all_dynamic_snr,21.4754,0.8775
33,v1,v5,40.0,157.03,30.0,1.0,0.7851,0.3,0.0479,True,all_dynamic_snr,20.6006,0.859
33,v1,v4,40.0,180.0,20.0,1.0,0.9,0.2,0.0987,True,all_dynamic_snr,20.6066,0.858
33,v2,v1,20.0,82.1,50.99,0.6,0.4105,0.5099,-16.9114,True,all_dynamic_snr,11.1635,0.2877
33,v2,v3,20.0,124.02,31.62,0.6,0.6201,0.3162,-18.4503,True,all_dynamic_snr,10.0853,0.235
33,v2,v6,20.0,157.54,41.23,0.6,0.7877,0.4123,-20.8347,True,all_dynamic_snr,8.4188,0.184
33,v2,v5,20.0,179.34,22.36,0.6,0.8967,0.2236,-20.1389,True,all_dynamic_snr,8.9028,0.2029
33,v3,v6,20.0,40.0,10.0,0.6,0.2,0.1,-8.0412,False,all_dynamic_snr,16.9158,0.6449
33,v3,v5,20.0,63.07,10.0,0.6,0.3154,0.1,-11.2056,True,all_dynamic_snr,14.9887,0.5373
33,v3,v4,20.0,86.21,0.0,0.6,0.431,0.0,-10.9688,True,all_dynamic_snr,15.1644,0.5305
33,v3,v1,20.0,94.19,20.0,0.6,0.471,0.2,-15.4011,True,all_dynamic_snr,12.2222,0.3254
33,v3,v2,20.0,124.02,31.62,0.6,0.6201,0.3162,-18.4503,True,all_dynamic_snr,10.0615,0.2408
33,v4,v5,40.0,23.19,10.0,1.0,0.116,0.1,15.7455,False,all_dynamic_snr,22.4227,0.893
33,v4,v6,40.0,46.39,10.0,1.0,0.2319,0.1,10.929,False,all_dynamic_snr,22.2808,0.8928
33,v4,v8,40.0,47.1,20.0,1.0,0.2355,0.2,9.4153,False,all_dynamic_snr,22.1936,0.8891
33,v4,v11,40.0,77.06,10.0,1.0,0.3853,0.1,7.4026,False,all_dynamic_snr,22.0316,0.8818
33,v4,v3,40.0,86.21,0.0,1.0,0.431,0.0,9.0312,False,all_dynamic_snr,22.1632,0.884
34,v1,v2,40.0,49.09,20.0,1.0,0.2455,0.2,9.1269,False,all_dynamic_snr,22.1739,0.9002
34,v1,v3,40.0,80.06,36.06,1.0,0.4003,0.3606,4.2389,False,all_dynamic_snr,21.614,0.8709
34,v1,v6,40.0,107.56,36.06,1.0,0.5378,0.3606,2.1871,False,all_dynamic_snr,21.1869,0.8609
34,v1,v5,40.0,149.45,36.06,1.0,0.7473,0.3606,-0.0983,True,all_dynamic_snr,20.5653,0.8322
34,v1,v4,40.0,162.78,42.43,1.0,0.8139,0.4243,-1.1421,True,all_dynamic_snr,20.202,0.8156
34,v2,v1,20.0,49.09,20.0,0.6,0.2455,0.2,-10.8731,False,all_dynamic_snr,15.1989,0.526
34,v2,v3,20.0,109.64,22.36,0.6,0.5482,0.2236,-16.7194,True,all_dynamic_snr,11.2528,0.2809
34,v2,v6,20.0,130.38,22.36,0.6,0.6519,0.2236,-17.9237,True,all_dynamic_snr,10.407,0.2541
34,v2,v5,20.0,166.74,22.36,0.6,0.8337,0.2236,-19.6327,True,all_dynamic_snr,9.24,0.2109
34,v2,v4,20.0,179.39,31.62,0.6,0.8969,0.3162,-21.0153,True,all_dynamic_snr,8.2844,0.1713
34,v3,v6,20.0,30.0,0.0,0.6,0.15,0.0,-3.6339,False,all_dynamic_snr,19.1959,0.7885
34,v3,v5,20.0,73.06,0.0,0.6,0.3653,0.0,-9.819,True,all_dynamic_snr,15.8681,0.5965
34,v3,v1,20.0,80.06,36.06,0.6,0.4003,0.3606,-15.7611,True,all_dynamic_snr,11.9331,0.2982
34,v3,v4,20.0,86.21,10.0,0.6,0.431,0.1,-13.3771,True,all_dynamic_snr,13.595,0.4125
34,v3,v2,20.0,109.64,22.36,0.6,0.5482,0.2236,-16.7194,True,all_dynamic_snr,11.274,0.29
34,v4,v5,40.0,13.34,10.0,1.0,0.0667,0.1,19.5884,False,all_dynamic_snr,22.4663,0.9008
34,v4,v8,40.0,27.17,20.0,1.0,0.1358,0.2,13.2386,False,all_dynamic_snr,22.3715,0.9008
34,v4,v6,40.0,56.32,10.0,1.0,0.2816,0.1,9.5811,False,all_dynamic_snr,22.211,0.8963
34,v4,v11,40.0,67.07,10.0,1.0,0.3353,0.1,8.3676,False,all_dynamic_snr,22.1242,0.8938
34,v4,v7,40.0,80.0,10.0,1.0,0.4,0.1,7.1423,False,all_dynamic_snr,22.0082,0.8914
35,v1,v2,40.0,29.15,0.0,1.0,0.1458,0.0,16.5646,False,all_dynamic_snr,22.4368,0.8979
35,v1,v3,40.0,84.2,22.36,1.0,0.421,0.2236,5.1147,False,all_dynamic_snr,21.7587,0.8889
35,v1,v6,40.0,105.12,28.28,1.0,0.5256,0.2828,2.9889,False,all_dynamic_snr,21.3826,0.876
35,v1,v5,40.0,142.39,44.72,1.0,0.712,0.4472,-0.3611,True,all_dynamic_snr,20.4552,0.8447
35,v1,v4,40.0,146.49,22.36,1.0,0.7324,0.2236,1.2671,False,all_dynamic_snr,20.9444,0.8605
35,v2,v1,20.0,29.15,0.0,0.6,0.1458,0.0,-3.4354,False,all_dynamic_snr,19.2594,0.7764
35,v2,v3,20.0,107.33,22.36,0.6,0.5367,0.2236,-16.5718,True,all_dynamic_snr,11.384,0.2705
35,v2,v6,20.0,123.69,28.28,0.6,0.6185,0.2828,-18.1417,True,all_dynamic_snr,10.256,0.2283
35,v2,v5,20.0,156.34,44.72,0.6,0.7817,0.4472,-21.0103,True,all_dynamic_snr,8.2738,0.1668
35,v2,v4,20.0,160.56,22.36,0.6,0.8028,0.2236,-19.3704,True,all_dynamic_snr,9.4052,0.2049
35,v3,v6,20.0,30.0,10.0,0.6,0.15,0.1,-6.0422,False,all_dynamic_snr,17.9973,0.7145
35,v3,v5,20.0,73.06,30.0,0.6,0.3653,0.3,-14.6355,True,all_dynamic_snr,12.7672,0.3807
35,v3,v4,20.0,76.24,0.0,0.6,0.3812,0.0,-10.1146,True,all_dynamic_snr,15.6877,0.5553
35,v3,v1,20.0,84.2,22.36,0.6,0.421,0.2236,-14.8853,True,all_dynamic_snr,12.5607,0.3262
35,v3,v2,20.0,107.33,22.36,0.6,0.5367,0.2236,-16.5718,True,all_dynamic_snr,11.4087,0.2861
35,v4,v5,40.0,4.24,30.0,1.0,0.0212,0.3,25.1413,False,all_dynamic_snr,22.4891,0.9023
35,v4,v6,40.0,46.39,10.0,1.0,0.2319,0.1,10.929,False,all_dynamic_snr,22.2796,0.8904
35,v4,v8,40.0,47.1,40.0,1.0,0.2355,0.4,7.6405,False,all_dynamic_snr,22.0564,0.8939
35,v4,v11,40.0,57.08,40.0,1.0,0.2854,0.4,6.3046,False,all_dynamic_snr,21.8986,0.8852
35,v4,v3,40.0,76.24,0.0,1.0,0.3812,0.0,9.8854,False,all_dynamic_snr,22.224,0.9004
36,v1,v2,40.0,29.15,10.0,1.0,0.1458,0.1,14.1564,False,all_dynamic_snr,22.3952,0.8943
36,v1,v3,40.0,96.18,64.03,1.0,0.4809,0.6403,1.3155,True,all_dynamic_snr,20.9658,0.8408
36,v1,v6,40.0,106.25,56.57,1.0,0.5313,0.5657,0.9923,True,all_dynamic_snr,20.8836,0.8727
36,v1,v5,40.0,123.11,64.03,1.0,0.6155,0.6403,-0.4,True,all_dynamic_snr,20.4539,0.834
36,v1,v4,40.0,149.46,56.57,1.0,0.7473,0.5657,-1.3785,True,all_dynamic_snr,20.1164,0.8018
36,v2,v1,20.0,29.15,10.0,0.6,0.1458,0.1,-5.8436,False,all_dynamic_snr,18.1157,0.725
36,v2,v3,20.0,122.07,70.71,0.6,0.6103,0.7071,-20.6409,True,all_dynamic_snr,8.5706,0.1854
36,v2,v6,20.0,129.69,64.03,0.6,0.6485,0.6403,-20.7619,True,all_dynamic_snr,8.4506,0.1701
36,v2,v5,20.0,143.95,70.71,0.6,0.7198,0.7071,-21.7869,True,all_dynamic_snr,7.8097,0.1805
36,v2,v4,20.0,166.97,64.03,0.6,0.8349,0.6403,-22.5177,True,all_dynamic_snr,7.2534,0.1572
36,v3,v6,20.0,20.0,10.0,0.6,0.1,0.1,-3.2247,False,all_dynamic_snr,19.372,0.7949
36,v3,v5,20.0,43.1,0.0,0.6,0.2155,0.0,-6.1524,False,all_dynamic_snr,17.9369,0.7254
36,v3,v4,20.0,76.24,10.0,0.6,0.3812,0.1,-12.5228,True,all_dynamic_snr,14.1294,0.4678
36,v3,v8,20.0,83.05,10.0,0.6,0.4153,0.1,-13.118,True,all_dynamic_snr,13.7555,0.4283
36,v3,v11,20.0,93.05,30.0,0.6,0.4652,0.3,-16.3158,True,all_dynamic_snr,11.5253,0.3066
36,v4,v8,40.0,7.62,0.0,1.0,0.0381,0.0,25.8926,False,all_dynamic_snr,22.4909,0.9023
36,v4,v11,40.0,17.26,20.0,1.0,0.0863,0.2,16.3893,False,all_dynamic_snr,22.4313,0.8979
36,v4,v5,40.0,33.14,10.0,1.0,0.1657,0.1,13.2669,False,all_dynamic_snr,22.3626,0.8979
36,v4,v6,40.0,56.32,0.0,1.0,0.2816,0.0,11.9893,False,all_dynamic_snr,22.3231,0.8959
36,v4,v3,40.0,76.24,10.0,1.0,0.3812,0.1,7.4772,False,all_dynamic_snr,22.0471,0.8928
37,v1,v2,40.0,39.12,0.0,1.0,0.1956,0.0,14.5225,False,all_dynamic_snr,22.4007,0.891
37,v1,v3,40.0,112.16,0.0,1.0,0.5608,0.0,7.2026,False,all_dynamic_snr,22.0084,0.8943
37,v1,v6,40.0,128.72,36.06,1.0,0.6436,0.3606,0.9392,False,all_dynamic_snr,20.8729,0.8426
37,v1,v5,40.0,134.37,31.62,1.0,0.6719,0.3162,0.9924,False,all_dynamic_snr,20.8953,0.8648
37,v1,v4,40.0,153.68,58.31,1.0,0.7684,0.5831,-1.6618,True,all_dynamic_snr,20.0068,0.8328
37,v2,v1,20.0,39.12,0.0,0.6,0.1956,0.0,-5.4775,False,all_dynamic_snr,18.2941,0.7441
37,v2,v3,20.0,151.03,0.0,0.6,0.7551,0.0,-14.865,True,all_dynamic_snr,12.5926,0.3379
37,v2,v6,20.0,166.97,36.06,0.6,0.8349,0.3606,-20.8686,True,all_dynamic_snr,8.3602,0.184
37,v2,v5,20.0,171.82,31.62,0.6,0.8591,0.3162,-20.7158,True,all_dynamic_snr,8.4831,0.1801
37,v2,v4,20.0,187.24,58.31,0.6,0.9362,0.5831,-23.0343,True,all_dynamic_snr,6.9198,0.1176
37,v3,v6,20.0,21.21,36.06,0.6,0.1061,0.3606,-6.532,True,all_dynamic_snr,17.765,0.7061
37,v3,v5,20.0,33.29,31.62,0.6,0.1664,0.3162,-9.311,True,all_dynamic_snr,16.1632,0.5861
37,v3,v4,20.0,74.04,58.31,0.6,0.3702,0.5831,-16.5874,True,all_dynamic_snr,11.3907,0.2801
37,v3,v8,20.0,80.05,36.06,0.6,0.4002,0.3606,-15.76,True,all_dynamic_snr,11.9407,0.3047
37,v3,v11,20.0,109.49,36.06,0.6,0.5474,0.3606,-17.9362,True,all_dynamic_snr,10.427,0.2461
37,v4,v8,40.0,7.62,30.0,1.0,0.0381,0.3,21.0761,False,all_dynamic_snr,22.4778,0.8965
37,v4,v11,40.0,37.12,30.0,1.0,0.1856,0.3,10.0695,False,all_dynamic_snr,22.2405,0.9057
37,v4,v5,40.0,43.1,40.0,1.0,0.2155,0.4,8.2559,False,all_dynamic_snr,22.1124,0.8863
37,v4,v6,40.0,56.32,30.0,1.0,0.2816,0.3,7.1729,False,all_dynamic_snr,22.0065,0.8895
37,v4,v3,40.0,74.04,58.31,1.0,0.3702,0.5831,3.4126,False,all_dynamic_snr,21.459,0.885
38,v1,v2,40.0,39.12,0.0,1.0,0.1956,0.0,14.5225,False,all_dynamic_snr,22.4021,0.8965
38,v1,v3,40.0,112.16,10.0,1.0,0.5608,0.1,4.7943,False,all_dynamic_snr,21.6948,0.8873
38,v1,v6,40.0,152.12,0.0,1.0,0.7606,0.0,5.0851,False,all_dynamic_snr,21.7473,0.8953
38,v1,v5,40.0,161.79,64.03,1.0,0.8089,0.6403,-2.2985,True,all_dynamic_snr,19.7747,0.8023
38,v1,v4,40.0,165.22,41.23,1.0,0.8261,0.4123,-1.1653,True,all_dynamic_snr,20.1879,0.8221
38,v2,v1,20.0,39.12,0.0,0.6,0.1956,0.0,-5.4775,False,all_dynamic_snr,18.3082,0.7387
38,v2,v3,20.0,151.03,10.0,0.6,0.7551,0.1,-17.2732,True,all_dynamic_snr,10.898,0.2689
38,v2,v6,20.0,191.02,0.0,0.6,0.9551,0.0,-16.4974,True,all_dynamic_snr,11.4117,0.2816
38,v3,v6,20.0,40.0,10.0,0.6,0.2,0.1,-8.0412,False,all_dynamic_snr,16.8926,0.6404
38,v3,v5,20.0,51.26,70.71,0.6,0.2563,0.7071,-14.6125,True,all_dynamic_snr,12.7457,0.3691
38,v3,v4,20.0,55.15,50.99,0.6,0.2758,0.5099,-14.1474,True,all_dynamic_snr,13.0573,0.3719
38,v3,v8,20.0,75.29,50.99,0.6,0.3764,0.5099,-16.3095,True,all_dynamic_snr,11.6153,0.307
38,v3,v11,20.0,100.24,64.03,0.6,0.5012,0.6403,-18.972,True,all_dynamic_snr,9.7504,0.2477
38,v4,v5,40.0,4.24,40.0,1.0,0.0212,0.4,24.3661,False,all_dynamic_snr,22.4862,0.9027
38,v4,v6,40.0,23.71,41.23,1.0,0.1185,0.4123,12.3258,False,all_dynamic_snr,22.3384,0.8926
38,v4,v8,40.0,37.12,0.0,1.0,0.1856,0.0,14.886,False,all_dynamic_snr,22.4106,0.9027
38,v4,v3,40.0,55.15,50.99,1.0,0.2758,0.5099,5.8526,False,all_dynamic_snr,21.8636,0.8947
38,v4,v11,40.0,67.07,30.0,1.0,0.3353,0.3,5.9594,False,all_dynamic_snr,21.869,0.8965
39,v1,v2,40.0,39.12,30.0,1.0,0.1956,0.3,9.706,False,all_dynamic_snr,22.2075,0.8982
39,v1,v3,40.0,102.18,0.0,1.0,0.5109,0.0,7.8504,False,all_dynamic_snr,22.0772,0.8873
39,v1,v6,40.0,152.12,20.0,1.0,0.7606,0.2,1.2681,False,all_dynamic_snr,20.9589,0.8543
39,v1,v5,40.0,171.03,0.0,1.0,0.8551,0.0,4.271,True,all_dynamic_snr,21.6109,0.8777
39,v2,v1,20.0,39.12,30.0,0.6,0.1956,0.3,-10.294,True,all_dynamic_snr,15.581,0.5697
39,v2,v3,20.0,141.03,30.0,0.6,0.7052,0.3,-19.2056,True,all_dynamic_snr,9.5597,0.2268
39,v2,v6,20.0,191.02,10.0,0.6,0.9551,0.1,-18.9056,True,all_dynamic_snr,9.7619,0.2277
39,v3,v6,20.0,50.0,20.0,0.6,0.25,0.2,-11.0005,False,all_dynamic_snr,15.1163,0.5445
39,v3,v5,20.0,69.07,0.0,0.6,0.3453,0.0,-9.4281,True,all_dynamic_snr,16.0653,0.6031
39,v3,v4,20.0,101.6,50.0,0.6,0.508,0.5,-18.3353,True,all_dynamic_snr,10.1768,0.2402
39,v3,v1,20.0,102.18,0.0,0.6,0.5109,0.0,-12.1496,True,all_dynamic_snr,14.3979,0.4939
39,v3,v8,20.0,109.12,44.72,0.6,0.5456,0.4472,-18.512,True,all_dynamic_snr,9.994,0.2291
39,v4,v5,40.0,34.93,50.0,1.0,0.1746,0.5,9.0839,False,all_dynamic_snr,22.1729,0.9002
39,v4,v8,40.0,37.12,10.0,1.0,0.1856,0.1,12.4778,False,all_dynamic_snr,22.3464,0.9021
39,v4,v11,40.0,37.12,20.0,1.0,0.1856,0.2,11.069,False,all_dynamic_snr,22.2859,0.892
39,v4,v6,40.0,52.17,36.06,1.0,0.2609,0.3606,7.2146,False,all_dynamic_snr,22.0041,0.8914
39,v4,v9,40.0,94.19,20.0,1.0,0.471,0.2,4.5989,False,all_dynamic_snr,21.6778,0.882
40,v1,v2,40.0,9.49,20.0,1.0,0.0474,0.2,20.5491,False,all_dynamic_snr,22.4719,0.9023
40,v1,v3,40.0,102.18,30.0,1.0,0.5109,0.3,3.0339,False,all_dynamic_snr,21.3847,0.8771
40,v1,v5,40.0,171.03,10.0,1.0,0.8551,0.1,1.8628,True,all_dynamic_snr,21.1132,0.8592
40,v1,v6,40.0,172.1,30.0,1.0,0.8605,0.3,-0.5892,True,all_dynamic_snr,20.395,0.8445
40,v2,v1,20.0,9.49,20.0,0.6,0.0474,0.2,0.5491,False,all_dynamic_snr,20.7629,0.8529
40,v2,v3,20.0,111.04,10.0,0.6,0.5552,0.1,-15.1359,True,all_dynamic_snr,12.3927,0.3721
40,v2,v5,20.0,180.0,10.0,0.6,0.9,0.1,-18.4926,True,all_dynamic_snr,10.0823,0.2205
40,v2,v6,20.0,181.02,10.0,0.6,0.9051,0.1,-18.5321,True,all_dynamic_snr,10.0568,0.2299
40,v3,v5,20.0,69.07,20.0,0.6,0.3453,0.2,-13.2451,True,all_dynamic_snr,13.6532,0.4285
40,v3,v6,20.0,70.0,0.0,0.6,0.35,0.0,-9.5216,True,all_dynamic_snr,16.0123,0.6023
40,v3,v1,20.0,102.18,30.0,0.6,0.5109,0.3,-16.9661,True,all_dynamic_snr,11.0934,0.2779
40,v3,v2,20.0,111.04,10.0,0.6,0.5552,0.1,-15.1359,True,all_dynamic_snr,12.3865,0.3545
40,v3,v4,20.0,128.14,10.0,0.6,0.6407,0.1,-16.1312,True,all_dynamic_snr,11.6706,0.274
40,v4,v8,40.0,35.44,42.43,1.0,0.1772,0.4243,9.4517,False,all_dynamic_snr,22.2014,0.8904
40,v4,v11,40.0,45.12,50.0,1.0,0.2256,0.5,7.3046,False,all_dynamic_snr,22.0311,0.8875
40,v4,v6,40.0,58.31,10.0,1.0,0.2915,0.1,9.3399,False,all_dynamic_snr,22.1916,0.8889
40,v4,v5,40.0,59.08,10.0,1.0,0.2954,0.1,9.2492,False,all_dynamic_snr,22.1828,0.8904
40,v4,v9,40.0,61.4,50.0,1.0,0.307,0.5,5.1641,False,all_dynamic_snr,21.764,0.8811
41,v1,v2,40.0,29.15,0.0,1.0,0.1458,0.0,16.5646,False,all_dynamic_snr,22.4402,0.9047
41,v1,v3,40.0,72.25,10.0,1.0,0.3612,0.1,7.8504,False,all_dynamic_snr,22.0844,0.8963
41,v1,v6,40.0,142.13,40.0,1.0,0.7106,0.4,-0.0346,True,all_dynamic_snr,20.5841,0.8389
41,v1,v5,40.0,161.03,0.0,1.0,0.8051,0.0,4.6896,True,all_dynamic_snr,21.6816,0.874
41,v2,v1,20.0,29.15,0.0,0.6,0.1458,0.0,-3.4354,False,all_dynamic_snr,19.2767,0.7771
41,v2,v3,20.0,101.04,10.0,0.6,0.5052,0.1,-14.4804,True,all_dynamic_snr,12.8228,0.3693
41,v2,v6,20.0,171.03,40.0,0.6,0.8551,0.4,-21.3208,True,all_dynamic_snr,8.1038,0.1764
41,v2,v5,20.0,190.0,0.0,0.6,0.95,0.0,-16.4601,True,all_dynamic_snr,11.4528,0.2938
41,v3,v6,20.0,70.0,30.0,0.6,0.35,0.3,-14.338,True,all_dynamic_snr,12.9225,0.374
41,v3,v1,20.0,72.25,10.0,0.6,0.3612,0.1,-12.1496,True,all_dynamic_snr,14.4162,0.4672
41,v3,v5,20.0,89.05,10.0,0.6,0.4453,0.1,-13.6024,True,all_dynamic_snr,13.4541,0.3895
41,v3,v2,20.0,101.04,10.0,0.6,0.5052,0.1,-14.4804,True,all_dynamic_snr,12.8245,0.3664
41,v3,v4,20.0,138.13,0.0,0.6,0.6907,0.0,-14.2446,True,all_dynamic_snr,12.9852,0.3805
41,v4,v8,40.0,40.2,28.28,1.0,0.201,0.2828,9.6683,False,all_dynamic_snr,22.2142,0.8934
41,v4,v11,40.0,40.2,22.36,1.0,0.201,0.2236,10.2523,False,all_dynamic_snr,22.2419,0.9008
41,v4,v9,40.0,42.54,28.28,1.0,0.2127,0.2828,9.2744,False,all_dynamic_snr,22.1936,0.8869
41,v4,v5,40.0,49.09,10.0,1.0,0.2455,0.1,10.5356,False,all_dynamic_snr,22.2575,0.8848
41,v4,v14,40.0,59.46,44.72,1.0,0.2973,0.4472,5.7066,False,all_dynamic_snr,21.8319,0.8889
42,v1,v2,40.0,29.15,10.0,1.0,0.1458,0.1,14.1564,False,all_dynamic_snr,22.3883,0.8994
42,v1,v3,40.0,62.29,10.0,1.0,0.3114,0.1,8.8811,False,all_dynamic_snr,22.1644,0.8969
42,v1,v6,40.0,102.18,10.0,1.0,0.5109,0.1,5.4422,False,all_dynamic_snr,21.8005,0.8855
42,v1,v5,40.0,161.03,10.0,1.0,0.8051,0.1,2.2813,True,all_dynamic_snr,21.2203,0.8621
42,v1,v4,40.0,200.0,30.0,1.0,1.0,0.3,-1.633,True,all_dynamic_snr,20.0036,0.8102
42,v2,v1,20.0,29.15,10.0,0.6,0.1458,0.1,-5.8436,False,all_dynamic_snr,18.0891,0.7039
42,v2,v3,20.0,91.05,20.0,0.6,0.4552,0.2,-15.1654,True,all_dynamic_snr,12.3466,0.3533
42,v2,v6,20.0,131.03,0.0,0.6,0.6552,0.0,-13.8782,True,all_dynamic_snr,13.2517,0.3855
42,v2,v5,20.0,190.0,20.0,0.6,0.95,0.2,-20.277,True,all_dynamic_snr,8.8461,0.1785
42,v3,v6,20.0,40.0,20.0,0.6,0.2,0.2,-9.4499,False,all_dynamic_snr,16.0796,0.598
42,v3,v1,20.0,62.29,10.0,0.6,0.3114,0.1,-11.1189,True,all_dynamic_snr,15.0744,0.5252
42,v3,v2,20.0,91.05,20.0,0.6,0.4552,0.2,-15.1654,True,all_dynamic_snr,12.3668,0.341
42,v3,v5,20.0,99.05,0.0,0.6,0.4952,0.0,-11.9334,True,all_dynamic_snr,14.5541,0.4738
42,v3,v4,20.0,138.13,40.0,0.6,0.6907,0.4,-19.8364,True,all_dynamic_snr,9.0975,0.2045
42,v4,v5,40.0,39.12,40.0,1.0,0.1956,0.4,8.9307,False,all_dynamic_snr,22.1544,0.8896
42,v4,v8,40.0,41.11,10.0,1.0,0.2055,0.1,11.7687,False,all_dynamic_snr,22.3186,0.8988
42,v4,v11,40.0,51.09,40.0,1.0,0.2554,0.4,7.0751,False,all_dynamic_snr,22.0006,0.8873
42,v4,v9,40.0,52.35,10.0,1.0,0.2617,0.1,10.0898,False,all_dynamic_snr,22.2384,0.8953
42,v4,v14,40.0,60.13,50.99,1.0,0.3007,0.5099,5.2521,False,all_dynamic_snr,21.7677,0.8736
43,v1,v2,40.0,39.12,10.0,1.0,0.1956,0.1,12.1142,False,all_dynamic_snr,22.3343,0.8963
43,v1,v3,40.0,72.25,20.0,1.0,0.3612,0.2,6.4417,False,all_dynamic_snr,21.9318,0.8836
43,v1,v6,40.0,92.2,20.0,1.0,0.461,0.2,4.7477,False,all_dynamic_snr,21.6888,0.8766
43,v1,v4,40.0,170.0,40.0,1.0,0.85,0.4,-1.2789,True,all_dynamic_snr,20.1476,0.8195
43,v1,v5,40.0,171.03,0.0,1.0,0.8551,0.0,4.271,True,all_dynamic_snr,21.6198,0.882
43,v2,v1,20.0,39.12,10.0,0.6,0.1956,0.1,-7.8858,False,all_dynamic_snr,17.0002,0.6678
43,v2,v3,20.0,111.04,10.0,0.6,0.5552,0.1,-15.1359,True,all_dynamic_snr,12.4204,0.341
43,v2,v6,20.0,131.03,10.0,0.6,0.6552,0.1,-16.2864,True,all_dynamic_snr,11.5654,0.3053
43,v3,v6,20.0,20.0,0.0,0.6,0.1,0.0,-0.8165,False,all_dynamic_snr,20.3096,0.8533
43,v3,v1,20.0,72.25,20.0,0.6,0.3612,0.2,-13.5583,True,all_dynamic_snr,13.4797,0.424
43,v3,v4,20.0,98.18,20.0,0.6,0.4909,0.2,-15.6896,True,all_dynamic_snr,11.9873,0.3137
43,v3,v5,20.0,99.05,20.0,0.6,0.4952,0.2,-15.7503,True,all_dynamic_snr,11.9951,0.317
43,v3,v2,20.0,111.04,10.0,0.6,0.5552,0.1,-15.1359,True,all_dynamic_snr,12.3777,0.3293
43,v4,v5,40.0,3.16,40.0,1.0,0.0158,0.4,26.4082,False,all_dynamic_snr,22.4911,0.8969
43,v4,v8,40.0,51.09,30.0,1.0,0.2554,0.3,7.8504,False,all_dynamic_snr,22.0868,0.8941
43,v4,v9,40.0,62.29,30.0,1.0,0.3114,0.3,6.4729,False,all_dynamic_snr,21.9339,0.8836
43,v4,v6,40.0,78.23,20.0,1.0,0.3912,0.2,5.889,False,all_dynamic_snr,21.8621,0.8801
43,v4,v7,40.0,90.0,0.0,1.0,0.45,0.0,8.7321,False,all_dynamic_snr,22.1579,0.8832
44,v1,v2,40.0,29.15,0.0,1.0,0.1458,0.0,16.5646,False,all_dynamic_snr,22.4385,0.8949
44,v1,v3,40.0,92.2,0.0,1.0,0.461,0.0,8.5646,False,all_dynamic_snr,22.1356,0.8865
44,v1,v6,40.0,112.16,10.0,1.0,0.5608,0.1,4.7943,False,all_dynamic_snr,21.6948,0.8918
44,v1,v5,40.0,171.03,10.0,1.0,0.8551,0.1,1.8628,True,all_dynamic_snr,21.1133,0.8613
44,v2,v1,20.0,29.15,0.0,0.6,0.1458,0.0,-3.4354,False,all_dynamic_snr,19.2691,0.7826
44,v2,v3,20.0,121.04,0.0,0.6,0.6052,0.0,-13.3267,True,all_dynamic_snr,13.6363,0.3951
44,v2,v6,20.0,141.03,10.0,0.6,0.7052,0.1,-16.7973,True,all_dynamic_snr,11.2091,0.2742
44,v2,v5,20.0,200.0,10.0,0.6,1.0,0.1,-19.2247,True,all_dynamic_snr,9.5638,0.2068
44,v3,v6,20.0,20.0,10.0,0.6,0.1,0.1,-3.2247,False,all_dynamic_snr,19.3666,0.8055
44,v3,v5,20.0,79.06,10.0,0.6,0.3953,0.1,-12.7753,True,all_dynamic_snr,13.9506,0.4254
44,v3,v1,20.0,92.2,0.0,0.6,0.461,0.0,-11.4354,True,all_dynamic_snr,14.8721,0.5154
44,v3,v4,20.0,118.15,10.0,0.6,0.5908,0.1,-15.5673,True,all_dynamic_snr,12.0591,0.3379
44,v3,v2,20.0,121.04,0.0,0.6,0.6052,0.0,-13.3267,True,all_dynamic_snr,13.6549,0.4248
44,v4,v8,40.0,21.21,40.0,1.0,0.1061,0.4,13.1825,False,all_dynamic_snr,22.3683,0.8959
44,v4,v9,40.0,32.56,20.0,1.0,0.1628,0.2,11.9806,False,all_dynamic_snr,22.3237,0.8936
44,v4,v5,40.0,39.12,20.0,1.0,0.1956,0.2,10.7055,False,all_dynamic_snr,22.2727,0.8982
44,v4,v11,40.0,61.07,30.0,1.0,0.3054,0.3,6.6098,False,all_dynamic_snr,21.9445,0.882
44,v4,v12,40.0,82.22,10.0,1.0,0.4111,0.1,6.9522,False,all_dynamic_snr,21.9871,0.883
45,v1,v2,40.0,29.15,20.0,1.0,0.1458,0.2,12.7477,False,all_dynamic_snr,22.3498,0.8998
45,v1,v3,40.0,92.2,10.0,1.0,0.461,0.1,6.1564,False,all_dynamic_snr,21.895,0.8732
45,v1,v6,40.0,122.15,10.0,1.0,0.6107,0.1,4.2016,False,all_dynamic_snr,21.6077,0.8711
45,v1,v5,40.0,181.02,10.0,1.0,0.9051,0.1,1.4679,True,all_dynamic_snr,21.0185,0.8445
45,v1,v4,40.0,200.0,10.0,1.0,1.0,0.1,0.7753,True,all_dynamic_snr,20.8227,0.8707
45,v2,v1,20.0,29.15,20.0,0.6,0.1458,0.2,-7.2523,False,all_dynamic_snr,17.368,0.6916
45,v2,v3,20.0,121.04,10.0,0.6,0.6052,0.1,-15.7349,True,all_dynamic_snr,12.0091,0.3209
45,v2,v6,20.0,151.03,10.0,0.6,0.7551,0.1,-17.2732,True,all_dynamic_snr,10.8895,0.2639
45,v3,v6,20.0,30.0,0.0,0.6,0.15,0.0,-3.6339,False,all_dynamic_snr,19.1672,0.7875
45,v3,v5,20.0,89.05,0.0,0.6,0.4453,0.0,-11.1942,True,all_dynamic_snr,15.0211,0.5176
45,v3,v1,20.0,92.2,10.0,0.6,0.461,0.1,-13.8436,True,all_dynamic_snr,13.2807,0.4039
45,v3,v4,20.0,108.17,0.0,0.6,0.5408,0.0,-12.5455,True,all_dynamic_snr,14.1596,0.4451
45,v3,v2,20.0,121.04,10.0,0.6,0.6052,0.1,-15.7349,True,all_dynamic_snr,11.9455,0.3359
45,v4,v5,40.0,19.24,0.0,1.0,0.0962,0.0,19.4544,False,all_dynamic_snr,22.4645,0.8988
45,v4,v9,40.0,52.35,20.0,1.0,0.2617,0.2,8.681,False,all_dynamic_snr,22.1453,0.8979
45,v4,v8,40.0,61.07,0.0,1.0,0.3054,0.0,11.4263,False,all_dynamic_snr,22.3042,0.8984
45,v4,v6,40.0,78.23,0.0,1.0,0.3912,0.0,9.706,False,all_dynamic_snr,22.2173,0.892
45,v4,v11,40.0,91.05,20.0,1.0,0.4552,0.2,4.8346,False,all_dynamic_snr,21.7178,0.8807
46,v1,v2,40.0,9.49,30.0,1.0,0.0474,0.3,19.5496,False,all_dynamic_snr,22.4675,0.8969
46,v1,v3,40.0,102.18,30.0,1.0,0.5109,0.3,3.0339,False,all_dynamic_snr,21.3841,0.8729
46,v1,v6,40.0,132.14,0.0,1.0,0.6607,0.0,6.0636,False,all_dynamic_snr,21.889,0.8859
46,v1,v5,40.0,191.02,20.0,1.0,0.9551,0.2,-0.3144,True,all_dynamic_snr,20.4767,0.8445
46,v2,v1,20.0,9.49,30.0,0.6,0.0474,0.3,-0.4504,True,all_dynamic_snr,20.4438,0.8385
46,v2,v3,20.0,111.04,0.0,0.6,0.5552,0.0,-12.7277,True,all_dynamic_snr,14.0425,0.4504
46,v2,v6,20.0,141.03,30.0,0.6,0.7052,0.3,-19.2056,True,all_dynamic_snr,9.5944,0.2205
46,v2,v5,20.0,200.0,10.0,0.6,1.0,0.1,-19.2247,True,all_dynamic_snr,9.5361,0.2229
46,v3,v6,20.0,30.0,30.0,0.6,0.15,0.3,-8.4504,True,all_dynamic_snr,16.6802,0.6277
46,v3,v5,20.0,89.05,10.0,0.6,0.4453,0.1,-13.6024,True,all_dynamic_snr,13.4092,0.4285
46,v3,v1,20.0,102.18,30.0,0.6,0.5109,0.3,-16.9661,True,all_dynamic_snr,11.0871,0.2795
46,v3,v4,20.0,108.17,20.0,0.6,0.5408,0.2,-16.3625,True,all_dynamic_snr,11.5174,0.2975
46,v3,v2,20.0,111.04,0.0,0.6,0.5552,0.0,-12.7277,True,all_dynamic_snr,14.003,0.4363
46,v4,v5,40.0,19.24,10.0,1.0,0.0962,0.1,17.0461,False,all_dynamic_snr,22.4416,0.9018
46,v4,v9,40.0,32.56,20.0,1.0,0.1628,0.2,11.9806,False,all_dynamic_snr,22.328,0.8959
46,v4,v8,40.0,61.07,0.0,1.0,0.3054,0.0,11.4263,False,all_dynamic_snr,22.3021,0.8947
46,v4,v11,40.0,71.06,10.0,1.0,0.3553,0.1,7.9654,False,all_dynamic_snr,22.0824,0.8955
46,v4,v6,40.0,78.23,10.0,1.0,0.3912,0.1,7.2977,False,all_dynamic_snr,22.036,0.891
47,v1,v2,40.0,21.21,0.0,1.0,0.1061,0.0,18.7743,False,all_dynamic_snr,22.4597,0.9004
47,v1,v3,40.0,132.14,10.0,1.0,0.6607,0.1,3.6554,False,all_dynamic_snr,21.5063,0.8785
47,v1,v6,40.0,132.14,0.0,1.0,0.6607,0.0,6.0636,False,all_dynamic_snr,21.8937,0.8865
47,v2,v1,20.0,21.21,0.0,0.6,0.1061,0.0,-1.2257,False,all_dynamic_snr,20.1561,0.8283
47,v2,v3,20.0,111.04,10.0,0.6,0.5552,0.1,-15.1359,True,all_dynamic_snr,12.3555,0.3596
47,v2,v6,20.0,111.04,0.0,0.6,0.5552,0.0,-12.7277,True,all_dynamic_snr,14.0038,0.4713
47,v2,v5,20.0,190.0,10.0,0.6,0.95,0.1,-18.8683,True,all_dynamic_snr,9.7774,0.2195
47,v2,v4,20.0,199.02,20.0,0.6,0.9951,0.2,-20.5994,True,all_dynamic_snr,8.5863,0.1965
47,v3,v6,20.0,0.0,10.0,0.6,0.0,0.1,33.5918,False,all_dynamic_snr,22.4959,0.8998
47,v3,v5,20.0,79.06,0.0,0.6,0.3953,0.0,-10.367,True,all_dynamic_snr,15.5171,0.5525
47,v3,v4,20.0,88.2,10.0,0.6,0.441,0.1,-13.5361,True,all_dynamic_snr,13.479,0.4221
47,v3,v9,20.0,100.0,0.0,0.6,0.5,0.0,-12.0,True,all_dynamic_snr,14.4976,0.4838
47,v3,v2,20.0,111.04,10.0,0.6,0.5552,0.1,-15.1359,True,all_dynamic_snr,12.3967,0.3383
47,v4,v5,40.0,9.49,10.0,1.0,0.0474,0.1,21.9578,False,all_dynamic_snr,22.4803,0.9008
47,v4,v9,40.0,13.42,10.0,1.0,0.0671,0.1,19.5496,False,all_dynamic_snr,22.4676,0.9023
47,v4,v8,40.0,61.07,40.0,1.0,0.3054,0.4,5.8346,False,all_dynamic_snr,21.8545,0.8891
47,v4,v11,40.0,61.07,10.0,1.0,0.3054,0.1,9.0181,False,all_dynamic_snr,22.1676,0.8963
47,v4,v12,40.0,82.22,30.0,1.0,0.4111,0.3,4.5439,False,all_dynamic_snr,21.6561,0.8805
48,v1,v2,40.0,21.21,10.0,1.0,0.1061,0.1,16.3661,False,all_dynamic_snr,22.4357,0.8988
48,v1,v6,40.0,132.14,30.0,1.0,0.6607,0.3,1.2472,False,all_dynamic_snr,20.9389,0.8555
48,v1,v3,40.0,142.13,0.0,1.0,0.7106,0.0,5.5572,False,all_dynamic_snr,21.807,0.8799
48,v2,v1,20.0,21.21,10.0,0.6,0.1061,0.1,-3.6339,False,all_dynamic_snr,19.2108,0.7922
48,v2,v6,20.0,111.04,20.0,0.6,0.5552,0.2,-16.5447,True,all_dynamic_snr,11.3802,0.2754
48,v2,v3,20.0,121.04,10.0,0.6,0.6052,0.1,-15.7349,True,all_dynamic_snr,11.9874,0.3039
48,v2,v5,20.0,200.0,20.0,0.6,1.0,0.2,-20.6334,True,all_dynamic_snr,8.5277,0.1844
48,v3,v6,20.0,10.0,30.0,0.6,0.05,0.3,-0.8165,True,all_dynamic_snr,20.3314,0.8414
48,v3,v5,20.0,79.06,10.0,0.6,0.3953,0.1,-12.7753,True,all_dynamic_snr,13.9689,0.4746
48,v3,v4,20.0,98.18,10.0,0.6,0.4909,0.1,-14.2809,True,all_dynamic_snr,12.9621,0.3643
48,v3,v9,20.0,100.0,10.0,0.6,0.5,0.1,-14.4082,True,all_dynamic_snr,12.8498,0.3648
48,v3,v8,20.0,119.04,10.0,0.6,0.5952,0.1,-15.6192,True,all_dynamic_snr,12.0625,0.3154
48,v4,v9,40.0,6.32,20.0,1.0,0.0316,0.2,23.3666,False,all_dynamic_snr,22.4839,0.9047
48,v4,v5,40.0,19.24,20.0,1.0,0.0962,0.2,15.6374,False,all_dynamic_snr,22.4178,0.9023
48,v4,v8,40.0,21.21,0.0,1.0,0.1061,0.0,18.7743,False,all_dynamic_snr,22.4597,0.8994
48,v4,v11,40.0,51.09,20.0,1.0,0.2554,0.2,8.8499,False,all_dynamic_snr,22.154,0.8936
48,v4,v12,40.0,52.35,0.0,1.0,0.2617,0.0,12.498,False,all_dynamic_snr,22.3442,0.9018
49,v1,v2,40.0,11.4,10.0,1.0,0.057,0.1,20.6802,False,all_dynamic_snr,22.471,0.8975
49,v1,v6,40.0,102.18,0.0,1.0,0.5109,0.0,7.8504,False,all_dynamic_snr,22.073,0.8844
49,v1,v3,40.0,142.13,20.0,1.0,0.7106,0.2,1.7402,False,all_dynamic_snr,21.0769,0.86
49,v2,v1,20.0,11.4,10.0,0.6,0.057,0.1,0.6802,False,all_dynamic_snr,20.7823,0.8609
49,v2,v6,20.0,91.05,10.0,0.6,0.4552,0.1,-13.7567,True,all_dynamic_snr,13.3069,0.4131
49,v2,v3,20.0,131.03,10.0,0.6,0.6552,0.1,-16.2864,True,all_dynamic_snr,11.5692,0.3004
49,v3,v6,20.0,40.0,20.0,0.6,0.2,0.2,-9.4499,False,all_dynamic_snr,16.0789,0.5756
49,v3,v4,20.0,88.2,10.0,0.6,0.441,0.1,-13.5361,True,all_dynamic_snr,13.4665,0.4359
49,v3,v5,20.0,89.05,10.0,0.6,0.4453,0.1,-13.6024,True,all_dynamic_snr,13.4217,0.3996
49,v3,v8,20.0,109.04,10.0,0.6,0.5452,0.1,-15.0097,True,all_dynamic_snr,12.4707,0.3775
49,v3,v9,20.0,110.0,20.0,0.6,0.55,0.2,-16.4793,True,all_dynamic_snr,11.4661,0.3141
49,v4,v5,40.0,3.16,20.0,1.0,0.0158,0.2,28.183,False,all_dynamic_snr,22.4923,0.8959
49,v4,v8,40.0,21.21,0.0,1.0,0.1061,0.0,18.7743,False,all_dynamic_snr,22.4596,0.9014
49,v4,v9,40.0,22.8,30.0,1.0,0.114,0.3,13.4555,False,all_dynamic_snr,22.3726,0.8982
49,v4,v11,40.0,31.14,0.0,1.0,0.1557,0.0,16.1058,False,all_dynamic_snr,22.4268,0.8949
49,v4,v14,40.0,51.09,10.0,1.0,0.2554,0.1,10.2586,False,all_dynamic_snr,22.2514,0.8943
50,v1,v2,40.0,21.21,10.0,1.0,0.1061,0.1,16.3661,False,all_dynamic_snr,22.4322,0.8904
50,v1,v6,40.0,102.18,30.0,1.0,0.5109,0.3,3.0339,False,all_dynamic_snr,21.3882,0.8605
50,v1,v3,40.0,162.11,0.0,1.0,0.8106,0.0,4.643,True,all_dynamic_snr,21.6651,0.8805
50,v2,v1,20.0,21.21,10.0,0.6,0.1061,0.1,-3.6339,False,all_dynamic_snr,19.1827,0.7859
50,v2,v6,20.0,81.06,20.0,0.6,0.4053,0.2,-14.3575,True,all_dynamic_snr,12.9082,0.373
50,v2,v3,20.0,141.03,10.0,0.6,0.7052,0.1,-16.7973,True,all_dynamic_snr,11.2392,0.2893
50,v3,v6,20.0,60.0,30.0,0.6,0.3,0.3,-13.2669,True,all_dynamic_snr,13.6496,0.4146
50,v3,v5,20.0,79.06,0.0,0.6,0.3953,0.0,-10.367,True,all_dynamic_snr,15.492,0.5477
50,v3,v9,20.0,90.0,10.0,0.6,0.45,0.1,-13.6761,True,all_dynamic_snr,13.3778,0.3844
50,v3,v4,20.0,98.18,0.0,0.6,0.4909,0.0,-11.8726,True,all_dynamic_snr,14.5511,0.4895
50,v3,v12,20.0,110.0,0.0,0.6,0.55,0.0,-12.6623,True,all_dynamic_snr,14.0914,0.4176
50,v4,v9,40.0,10.0,10.0,1.0,0.05,0.1,21.5918,False,all_dynamic_snr,22.4768,0.9043
50,v4,v12,40.0,13.42,0.0,1.0,0.0671,0.0,21.9578,False,all_dynamic_snr,22.478,0.9027
50,v4,v5,40.0,19.24,0.0,1.0,0.0962,0.0,19.4544,False,all_dynamic_snr,22.4635,0.9008
50,v4,v8,40.0,21.21,10.0,1.0,0.1061,0.1,16.3661,False,all_dynamic_snr,22.4335,0.8959
50,v4,v11,40.0,31.14,20.0,1.0,0.1557,0.2,12.2889,False,all_dynamic_snr,22.3407,0.893
51,v1,v2,40.0,31.14,10.0,1.0,0.1557,0.1,13.6976,False,all_dynamic_snr,22.3776,0.893
51,v1,v6,40.0,132.14,0.0,1.0,0.6607,0.0,6.0636,False,all_dynamic_snr,21.8815,0.8893
51,v1,v3,40.0,162.11,10.0,1.0,0.8106,0.1,2.2348,True,all_dynamic_snr,21.2106,0.8627
51,v2,v1,20.0,31.14,10.0,0.6,0.1557,0.1,-6.3024,False,all_dynamic_snr,17.8988,0.7162
51,v2,v6,20.0,101.04,10.0,0.6,0.5052,0.1,-14.4804,True,all_dynamic_snr,12.8464,0.3641
51,v2,v3,20.0,131.03,20.0,0.6,0.6552,0.2,-17.6951,True,all_dynamic_snr,10.6109,0.2471
51,v3,v6,20.0,30.0,10.0,0.6,0.15,0.1,-6.0422,False,all_dynamic_snr,18.0069,0.7145
51,v3,v5,20.0,79.06,10.0,0.6,0.3953,0.1,-12.7753,True,all_dynamic_snr,13.9828,0.4525
51,v3,v4,20.0,98.18,10.0,0.6,0.4909,0.1,-14.2809,True,all_dynamic_snr,12.9521,0.382
51,v3,v9,20.0,100.0,10.0,0.6,0.5,0.1,-14.4082,True,all_dynamic_snr,12.9006,0.3695
51,v3,v12,20.0,110.0,30.0,0.6,0.55,0.3,-17.4788,True,all_dynamic_snr,10.7461,0.268
51,v4,v9,40.0,6.32,0.0,1.0,0.0316,0.0,27.1835,False,all_dynamic_snr,22.4914,0.9008
51,v4,v12,40.0,13.42,20.0,1.0,0.0671,0.2,18.1408,False,all_dynamic_snr,22.4563,0.8955
51,v4,v5,40.0,19.24,0.0,1.0,0.0962,0.0,19.4544,False,all_dynamic_snr,22.4668,0.8975
51,v4,v8,40.0,31.14,10.0,1.0,0.1557,0.1,13.6976,False,all_dynamic_snr,22.3808,0.8994
51,v4,v11,40.0,51.09,20.0,1.0,0.2554,0.2,8.8499,False,all_dynamic_snr,22.1628,0.8922
52,v1,v2,40.0,21.21,10.0,1.0,0.1061,0.1,16.3661,False,all_dynamic_snr,22.4327,0.8945
52,v1,v6,40.0,132.14,30.0,1.0,0.6607,0.3,1.2472,False,all_dynamic_snr,20.9482,0.859
52,v1,v3,40.0,172.1,20.0,1.0,0.8605,0.2,0.4103,True,all_dynamic_snr,20.7251,0.8463
52,v2,v1,20.0,21.21,10.0,0.6,0.1061,0.1,-3.6339,False,all_dynamic_snr,19.1795,0.8
52,v2,v6,20.0,111.04,20.0,0.6,0.5552,0.2,-16.5447,True,all_dynamic_snr,11.465,0.2971
52,v2,v3,20.0,151.03,10.0,0.6,0.7551,0.1,-17.2732,True,all_dynamic_snr,10.9086,0.2523
52,v3,v6,20.0,40.0,10.0,0.6,0.2,0.1,-8.0412,False,all_dynamic_snr,16.9328,0.6416
52,v3,v5,20.0,69.07,10.0,0.6,0.3453,0.1,-11.8364,True,all_dynamic_snr,14.6009,0.4967
52,v3,v12,20.0,80.0,10.0,0.6,0.4,0.1,-12.8577,True,all_dynamic_snr,13.9335,0.4557
52,v3,v4,20.0,88.2,20.0,0.6,0.441,0.2,-14.9448,True,all_dynamic_snr,12.5481,0.3357
52,v3,v9,20.0,90.0,10.0,0.6,0.45,0.1,-13.6761,True,all_dynamic_snr,13.374,0.4131
52,v4,v9,40.0,6.32,30.0,1.0,0.0316,0.3,22.367,False,all_dynamic_snr,22.4812,0.8969
52,v4,v12,40.0,10.0,30.0,1.0,0.05,0.3,19.1835,False,all_dynamic_snr,22.4635,0.9004
52,v4,v5,40.0,19.24,30.0,1.0,0.0962,0.3,14.6379,False,all_dynamic_snr,22.4049,0.8959
52,v4,v11,40.0,31.14,20.0,1.0,0.1557,0.2,12.2889,False,all_dynamic_snr,22.3387,0.8895
52,v4,v8,40.0,41.11,0.0,1.0,0.2055,0.0,14.1769,False,all_dynamic_snr,22.3944,0.8959
53,v1,v2,40.0,11.4,30.0,1.0,0.057,0.3,18.272,False,all_dynamic_snr,22.4568,0.8969
53,v1,v6,40.0,102.18,40.0,1.0,0.5109,0.4,2.2586,False,all_dynamic_snr,21.2066,0.8576
53,v1,v3,40.0,152.12,20.0,1.0,0.7606,0.2,1.2681,False,all_dynamic_snr,20.957,0.8502
53,v2,v1,20.0,11.4,30.0,0.6,0.057,0.3,-1.728,True,all_dynamic_snr,19.9708,0.8123
53,v2,v6,20.0,91.05,10.0,0.6,0.4552,0.1,-13.7567,True,all_dynamic_snr,13.3081,0.4008
53,v2,v3,20.0,141.03,10.0,0.6,0.7052,0.1,-16.7973,True,all_dynamic_snr,11.2424,0.2646
53,v3,v6,20.0,50.0,20.0,0.6,0.25,0.2,-11.0005,False,all_dynamic_snr,15.1154,0.526
53,v3,v4,20.0,68.26,10.0,0.6,0.3413,0.1,-11.7553,True,all_dynamic_snr,14.706,0.4988
53,v3,v5,20.0,79.06,0.0,0.6,0.3953,0.0,-10.367,True,all_dynamic_snr,15.5136,0.5684
53,v3,v12,20.0,90.0,20.0,0.6,0.45,0.2,-15.0849,True,all_dynamic_snr,12.4401,0.3803
53,v3,v9,20.0,100.0,10.0,0.6,0.5,0.1,-14.4082,True,all_dynamic_snr,12.896,0.3875
53,v4,v5,40.0,11.4,10.0,1.0,0.057,0.1,20.6802,False,all_dynamic_snr,22.4753,0.9018
53,v4,v12,40.0,22.8,30.0,1.0,0.114,0.3,13.4555,False,all_dynamic_snr,22.3707,0.8994
53,v4,v9,40.0,32.56,0.0,1.0,0.1628,0.0,15.7976,False,all_dynamic_snr,22.4248,0.8998
53,v4,v8,40.0,41.11,0.0,1.0,0.2055,0.0,14.1769,False,all_dynamic_snr,22.3926,0.8959
53,v4,v11,40.0,51.09,10.0,1.0,0.2554,0.1,10.2586,False,all_dynamic_snr,22.2478,0.8977
54,v1,v2,40.0,19.24,40.0,1.0,0.0962,0.4,13.8626,False,all_dynamic_snr,22.3851,0.8979
54,v1,v6,40.0,62.29,30.0,1.0,0.3114,0.3,6.4729,False,all_dynamic_snr,21.9291,0.891
54,v1,v3,40.0,132.14,20.0,1.0,0.6607,0.2,2.2467,False,all_dynamic_snr,21.2241,0.8652
54,v1,v4,40.0,190.0,0.0,1.0,0.95,0.0,3.5399,True,all_dynamic_snr,21.4789,0.8711
54,v2,v1,20.0,19.24,40.0,0.6,0.0962,0.4,-6.1374,True,all_dynamic_snr,17.9528,0.7066
54,v2,v6,20.0,81.06,10.0,0.6,0.4053,0.1,-12.9488,True,all_dynamic_snr,13.8722,0.4461
54,v2,v3,20.0,151.03,20.0,0.6,0.7551,0.2,-18.682,True,all_dynamic_snr,9.907,0.2273
54,v3,v4,20.0,58.31,20.0,0.6,0.2915,0.2,-12.0688,True,all_dynamic_snr,14.4332,0.4859
54,v3,v6,20.0,70.0,10.0,0.6,0.35,0.1,-11.9298,True,all_dynamic_snr,14.5247,0.4807
54,v3,v5,20.0,79.06,20.0,0.6,0.3953,0.2,-14.184,True,all_dynamic_snr,13.0778,0.3797
54,v3,v9,20.0,90.0,10.0,0.6,0.45,0.1,-13.6761,True,all_dynamic_snr,13.4006,0.4119
54,v3,v8,20.0,99.05,20.0,0.6,0.4952,0.2,-15.7503,True,all_dynamic_snr,11.9689,0.3383
54,v4,v5,40.0,21.21,40.0,1.0,0.1061,0.4,13.1825,False,all_dynamic_snr,22.3615,0.8979
54,v4,v9,40.0,32.56,10.0,1.0,0.1628,0.1,13.3893,False,all_dynamic_snr,22.369,0.8979
54,v4,v8,40.0,41.11,0.0,1.0,0.2055,0.0,14.1769,False,all_dynamic_snr,22.3953,0.9037
54,v4,v11,40.0,41.11,30.0,1.0,0.2055,0.3,9.3604,False,all_dynamic_snr,22.1953,0.8889
54,v4,v12,40.0,52.35,0.0,1.0,0.2617,0.0,12.498,False,all_dynamic_snr,22.3377,0.9033
55,v1,v2,40.0,21.21,10.0,1.0,0.1061,0.1,16.3661,False,all_dynamic_snr,22.4291,0.9023
55,v1,v6,40.0,92.2,20.0,1.0,0.461,0.2,4.7477,False,all_dynamic_snr,21.6902,0.8848
55,v1,v3,40.0,152.12,20.0,1.0,0.7606,0.2,1.2681,False,all_dynamic_snr,20.9574,0.8535
55,v1,v4,40.0,190.0,30.0,1.0,0.95,0.3,-1.2765,True,all_dynamic_snr,20.1543,0.8355
55,v2,v1,20.0,21.21,10.0,0.6,0.1061,0.1,-3.6339,False,all_dynamic_snr,19.1838,0.7955
55,v2,v6,20.0,71.06,10.0,0.6,0.3553,0.1,-12.0346,True,all_dynamic_snr,14.5034,0.483
55,v2,v3,20.0,131.03,10.0,0.6,0.6552,0.1,-16.2864,True,all_dynamic_snr,11.5793,0.2881
55,v2,v4,20.0,169.03,20.0,0.6,0.8451,0.2,-19.4643,True,all_dynamic_snr,9.4074,0.198
55,v3,v4,20.0,38.47,10.0,0.6,0.1924,0.1,-7.7703,False,all_dynamic_snr,17.0542,0.6594
55,v3,v6,20.0,60.0,0.0,0.6,0.3,0.0,-8.4504,True,all_dynamic_snr,16.7026,0.6455
55,v3,v8,20.0,79.06,20.0,0.6,0.3953,0.2,-14.184,True,all_dynamic_snr,13.0568,0.377
55,v3,v9,20.0,80.0,20.0,0.6,0.4,0.2,-14.2664,True,all_dynamic_snr,12.9988,0.3689
55,v3,v12,20.0,90.0,0.0,0.6,0.45,0.0,-11.2679,True,all_dynamic_snr,14.9617,0.5256
55,v4,v3,40.0,38.47,10.0,1.0,0.1924,0.1,12.2297,False,all_dynamic_snr,22.3319,0.8969
55,v4,v8,40.0,41.11,10.0,1.0,0.2055,0.1,11.7687,False,all_dynamic_snr,22.3142,0.8955
55,v4,v9,40.0,42.43,30.0,1.0,0.2121,0.3,9.1413,False,all_dynamic_snr,22.1788,0.8924
55,v4,v12,40.0,52.35,10.0,1.0,0.2617,0.1,10.0898,False,all_dynamic_snr,22.2363,0.8939
55,v4,v5,40.0,61.07,0.0,1.0,0.3054,0.0,11.4263,False,all_dynamic_snr,22.3031,0.8918
56,v1,v2,40.0,11.4,30.0,1.0,0.057,0.3,18.272,False,all_dynamic_snr,22.4565,0.8988
56,v1,v6,40.0,72.25,10.0,1.0,0.3612,0.1,7.8504,False,all_dynamic_snr,22.0787,0.8904
56,v1,v3,40.0,132.14,20.0,1.0,0.6607,0.2,2.2467,False,all_dynamic_snr,21.1979,0.8541
56,v1,v4,40.0,160.0,10.0,1.0,0.8,0.1,2.3258,True,all_dynamic_snr,21.2246,0.8572
56,v1,v8,40.0,191.02,0.0,1.0,0.9551,0.0,3.5026,True,all_dynamic_snr,21.4719,0.8703
56,v2,v1,20.0,11.4,30.0,0.6,0.057,0.3,-1.728,True,all_dynamic_snr,19.9808,0.8211
56,v2,v6,20.0,61.07,40.0,0.6,0.3054,0.4,-14.1654,True,all_dynamic_snr,13.0811,0.393
56,v2,v3,20.0,121.04,10.0,0.6,0.6052,0.1,-15.7349,True,all_dynamic_snr,11.9773,0.3115
56,v2,v4,20.0,149.03,40.0,0.6,0.7452,0.4,-20.3641,True,all_dynamic_snr,8.7357,0.1805
56,v2,v8,20.0,180.0,30.0,0.6,0.9,0.3,-20.9008,True,all_dynamic_snr,8.3652,0.1834
56,v3,v4,20.0,28.64,30.0,0.6,0.1432,0.3,-8.127,True,all_dynamic_snr,16.8699,0.6586
56,v3,v8,20.0,59.08,20.0,0.6,0.2954,0.2,-12.1596,True,all_dynamic_snr,14.4053,0.4928
56,v3,v6,20.0,60.0,30.0,0.6,0.3,0.3,-13.2669,True,all_dynamic_snr,13.6862,0.4248
56,v3,v5,20.0,89.05,10.0,0.6,0.4453,0.1,-13.6024,True,all_dynamic_snr,13.4701,0.4154
56,v3,v12,20.0,90.0,30.0,0.6,0.45,0.3,-16.0844,True,all_dynamic_snr,11.7251,0.325
56,v4,v3,40.0,28.64,30.0,1.0,0.1432,0.3,11.873,False,all_dynamic_snr,22.3196,0.8957
56,v4,v8,40.0,31.14,10.0,1.0,0.1557,0.1,13.6976,False,all_dynamic_snr,22.3774,0.8949
56,v4,v5,40.0,61.07,20.0,1.0,0.3054,0.2,7.6094,False,all_dynamic_snr,22.0508,0.8912
56,v4,v12,40.0,62.29,0.0,1.0,0.3114,0.0,11.2893,False,all_dynamic_snr,22.2918,0.8959
56,v4,v9,40.0,72.25,40.0,1.0,0.3612,0.4,4.6669,False,all_dynamic_snr,21.6699,0.8881
57,v1,v2,40.0,41.11,10.0,1.0,0.2055,0.1,11.7687,False,all_dynamic_snr,22.3149,0.8928
57,v1,v6,40.0,62.29,20.0,1.0,0.3114,0.2,7.4724,False,all_dynamic_snr,22.0426,0.892
57,v1,v4,40.0,150.0,10.0,1.0,0.75,0.1,2.7743,False,all_dynamic_snr,21.3188,0.8633
57,v1,v3,40.0,152.12,30.0,1.0,0.7606,0.3,0.2686,True,all_dynamic_snr,20.6677,0.8381
57,v1,v8,40.0,191.02,0.0,1.0,0.9551,0.0,3.5026,True,all_dynamic_snr,21.4719,0.8805
57,v2,v6,20.0,21.21,10.0,0.6,0.1061,0.1,-3.6339,False,all_dynamic_snr,19.1942,0.7902
57,v2,v1,20.0,41.11,10.0,0.6,0.2055,0.1,-8.2313,False,all_dynamic_snr,16.8419,0.651
57,v2,v4,20.0,109.04,20.0,0.6,0.5452,0.2,-16.4184,True,all_dynamic_snr,11.4954,0.2934
57,v2,v3,20.0,111.04,20.0,0.6,0.5552,0.2,-16.5447,True,all_dynamic_snr,11.4185,0.2908
57,v2,v8,20.0,150.0,10.0,0.6,0.75,0.1,-17.2257,True,all_dynamic_snr,10.9151,0.2691
57,v3,v4,20.0,6.32,40.0,0.6,0.0316,0.4,1.5918,True,all_dynamic_snr,21.0436,0.8648
57,v3,v8,20.0,39.12,30.0,0.6,0.1956,0.3,-10.294,True,all_dynamic_snr,15.5226,0.5568
57,v3,v12,20.0,60.0,30.0,0.6,0.3,0.3,-13.2669,True,all_dynamic_snr,13.6545,0.4494
57,v3,v5,20.0,79.06,0.0,0.6,0.3953,0.0,-10.367,True,all_dynamic_snr,15.5273,0.5557
57,v3,v6,20.0,90.0,10.0,0.6,0.45,0.1,-13.6761,True,all_dynamic_snr,13.3936,0.4256
57,v4,v3,40.0,6.32,40.0,1.0,0.0316,0.4,21.5918,False,all_dynamic_snr,22.4791,0.8998
57,v4,v8,40.0,41.11,10.0,1.0,0.2055,0.1,11.7687,False,all_dynamic_snr,22.3139,0.8928
57,v4,v12,40.0,62.29,10.0,1.0,0.3114,0.1,8.8811,False,all_dynamic_snr,22.1544,0.8957
57,v4,v5,40.0,81.06,40.0,1.0,0.4053,0.4,3.8677,False,all_dynamic_snr,21.5436,0.8715
57,v4,v6,40.0,88.2,30.0,1.0,0.441,0.3,4.0557,False,all_dynamic_snr,21.5846,0.8801
58,v1,v2,40.0,31.14,10.0,1.0,0.1557,0.1,13.6976,False,all_dynamic_snr,22.3787,0.8914
58,v1,v6,40.0,42.43,10.0,1.0,0.2121,0.1,11.5496,False,all_dynamic_snr,22.3099,0.8885
58,v1,v3,40.0,122.15,20.0,1.0,0.6107,0.2,2.7929,False,all_dynamic_snr,21.3298,0.8805
58,v1,v4,40.0,160.0,0.0,1.0,0.8,0.0,4.7341,True,all_dynamic_snr,21.6903,0.8725
58,v1,v8,40.0,191.02,20.0,1.0,0.9551,0.2,-0.3144,True,all_dynamic_snr,20.4609,0.8311
58,v2,v6,20.0,11.4,0.0,0.6,0.057,0.0,3.0885,False,all_dynamic_snr,21.3897,0.8709
58,v2,v1,20.0,31.14,10.0,0.6,0.1557,0.1,-6.3024,False,all_dynamic_snr,17.8792,0.7197
58,v2,v3,20.0,91.05,30.0,0.6,0.4552,0.3,-16.1649,True,all_dynamic_snr,11.6614,0.2883
58,v2,v4,20.0,129.03,10.0,0.6,0.6452,0.1,-16.1796,True,all_dynamic_snr,11.6575,0.2752
58,v2,v8,20.0,160.0,30.0,0.6,0.8,0.3,-20.0824,True,all_dynamic_snr,8.9496,0.2154
58,v3,v4,20.0,38.47,20.0,0.6,0.1924,0.2,-9.1791,False,all_dynamic_snr,16.2544,0.6191
58,v3,v8,20.0,69.07,0.0,0.6,0.3453,0.0,-9.4281,True,all_dynamic_snr,16.0914,0.6062
58,v3,v5,20.0,79.06,0.0,0.6,0.3953,0.0,-10.367,True,all_dynamic_snr,15.5396,0.551
58,v3,v6,20.0,80.0,30.0,0.6,0.4,0.3,-15.2659,True,all_dynamic_snr,12.3046,0.3248
58,v3,v12,20.0,90.0,10.0,0.6,0.45,0.1,-13.6761,True,all_dynamic_snr,13.3972,0.4076
58,v4,v8,40.0,31.14,20.0,1.0,0.1557,0.2,12.2889,False,all_dynamic_snr,22.3415,0.9006
58,v4,v3,40.0,38.47,20.0,1.0,0.1924,0.2,10.8209,False,all_dynamic_snr,22.2739,0.8953
58,v4,v5,40.0,41.11,20.0,1.0,0.2055,0.2,10.3599,False,all_dynamic_snr,22.2495,0.8938
58,v4,v12,40.0,52.35,10.0,1.0,0.2617,0.1,10.0898,False,all_dynamic_snr,22.2352,0.8996
58,v4,v14,40.0,111.04,10.0,1.0,0.5552,0.1,4.8641,False,all_dynamic_snr,21.7131,0.8854
59,v1,v2,40.0,21.21,20.0,1.0,0.1061,0.2,14.9573,False,all_dynamic_snr,22.4087,0.8959
59,v1,v6,40.0,32.56,10.0,1.0,0.1628,0.1,13.3893,False,all_dynamic_snr,22.3664,0.8984
59,v1,v3,40.0,142.13,30.0,1.0,0.7106,0.3,0.7407,False,all_dynamic_snr,20.8153,0.8471
59,v1,v4,40.0,160.0,20.0,1.0,0.8,0.2,0.9171,True,all_dynamic_snr,20.8639,0.8506
59,v2,v6,20.0,11.4,10.0,0.6,0.057,0.1,0.6802,False,all_dynamic_snr,20.8107,0.841
59,v2,v1,20.0,21.21,20.0,0.6,0.1061,0.2,-5.0427,False,all_dynamic_snr,18.5285,0.7428
59,v2,v3,20.0,121.04,10.0,0.6,0.6052,0.1,-15.7349,True,all_dynamic_snr,11.9458,0.3342
59,v2,v4,20.0,139.03,0.0,0.6,0.6952,0.0,-14.2899,True,all_dynamic_snr,12.9824,0.3568
59,v2,v8,20.0,190.0,10.0,0.6,0.95,0.1,-18.8683,True,all_dynamic_snr,9.8059,0.2195
59,v3,v4,20.0,18.97,10.0,0.6,0.0949,0.1,-2.8587,False,all_dynamic_snr,19.5257,0.7893
59,v3,v8,20.0,69.07,0.0,0.6,0.3453,0.0,-9.4281,True,all_dynamic_snr,16.0959,0.6039
59,v3,v5,20.0,79.06,20.0,0.6,0.3953,0.2,-14.184,True,all_dynamic_snr,13.0724,0.376
59,v3,v12,20.0,80.0,30.0,0.6,0.4,0.3,-15.2659,True,all_dynamic_snr,12.3157,0.3406
59,v3,v6,20.0,110.0,20.0,0.6,0.55,0.2,-16.4793,True,all_dynamic_snr,11.4346,0.2719
59,v4,v3,40.0,18.97,10.0,1.0,0.0949,0.1,17.1413,False,all_dynamic_snr,22.4444,0.8965
59,v4,v8,40.0,51.09,10.0,1.0,0.2554,0.1,10.2586,False,all_dynamic_snr,22.2451,0.8924
59,v4,v5,40.0,61.07,10.0,1.0,0.3054,0.1,9.0181,False,all_dynamic_snr,22.1706,0.8861
59,v4,v12,40.0,62.29,20.0,1.0,0.3114,0.2,7.4724,False,all_dynamic_snr,22.0409,0.8957
59,v4,v11,40.0,121.04,10.0,1.0,0.6052,0.1,4.2651,False,all_dynamic_snr,21.6229,0.8676
60,v1,v2,40.0,3.16,0.0,1.0,0.0158,0.0,32.0,False,all_dynamic_snr,22.4947,0.8988
60,v1,v6,40.0,22.8,20.0,1.0,0.114,0.2,14.455,False,all_dynamic_snr,22.3949,0.8969
60,v1,v3,40.0,112.16,20.0,1.0,0.5608,0.2,3.3856,False,all_dynamic_snr,21.4611,0.8744
60,v1,v4,40.0,140.0,0.0,1.0,0.7,0.0,5.662,False,all_dynamic_snr,21.8268,0.8822
60,v1,v8,40.0,181.02,10.0,1.0,0.9051,0.1,1.4679,True,all_dynamic_snr,20.9903,0.8455
60,v2,v1,20.0,3.16,0.0,0.6,0.0158,0.0,12.0,False,all_dynamic_snr,22.3259,0.8924
60,v2,v6,20.0,21.21,20.0,0.6,0.1061,0.2,-5.0427,False,all_dynamic_snr,18.5106,0.7479
60,v2,v3,20.0,111.04,20.0,0.6,0.5552,0.2,-16.5447,True,all_dynamic_snr,11.4134,0.2887
60,v2,v4,20.0,139.03,0.0,0.6,0.6952,0.0,-14.2899,True,all_dynamic_snr,12.9464,0.3789
60,v2,v8,20.0,180.0,10.0,0.6,0.9,0.1,-18.4926,True,all_dynamic_snr,10.0492,0.2402
60,v3,v4,20.0,28.64,20.0,0.6,0.1432,0.2,-7.1275,False,all_dynamic_snr,17.4311,0.7064
60,v3,v8,20.0,69.07,30.0,0.6,0.3453,0.3,-14.2446,True,all_dynamic_snr,13.0092,0.4053
60,v3,v6,20.0,90.0,0.0,0.6,0.45,0.0,-11.2679,True,all_dynamic_snr,14.9765,0.5182
60,v3,v5,20.0,99.05,10.0,0.6,0.4952,0.1,-14.3416,True,all_dynamic_snr,12.9429,0.398
60,v3,v12,20.0,110.0,10.0,0.6,0.55,0.1,-15.0705,True,all_dynamic_snr,12.4603,0.3713
60,v4,v3,40.0,28.64,20.0,1.0,0.1432,0.2,12.8725,False,all_dynamic_snr,22.3573,0.8973
60,v4,v8,40.0,41.11,10.0,1.0,0.2055,0.1,11.7687,False,all_dynamic_snr,22.317,0.893
60,v4,v5,40.0,71.06,30.0,1.0,0.3553,0.3,5.5572,False,all_dynamic_snr,21.8137,0.8756
60,v4,v12,40.0,82.22,30.0,1.0,0.4111,0.3,4.5439,False,all_dynamic_snr,21.6492,0.8959
60,v4,v14,40.0,111.04,0.0,1.0,0.5552,0.0,7.2723,False,all_dynamic_snr,22.0134,0.885
61,v1,v2,40.0,3.16,0.0,1.0,0.0158,0.0,32.0,False,all_dynamic_snr,22.4953,0.9008
61,v1,v6,40.0,42.43,0.0,1.0,0.2121,0.0,13.9578,False,all_dynamic_snr,22.3812,0.9008
61,v1,v3,40.0,132.14,20.0,1.0,0.6607,0.2,2.2467,False,all_dynamic_snr,21.1942,0.8609
61,v1,v4,40.0,140.0,10.0,1.0,0.7,0.1,3.2537,False,all_dynamic_snr,21.4388,0.8604
61,v1,v8,40.0,171.03,10.0,1.0,0.8551,0.1,1.8628,True,all_dynamic_snr,21.1027,0.8684
61,v2,v1,20.0,3.16,0.0,0.6,0.0158,0.0,12.0,False,all_dynamic_snr,22.3277,0.9018
61,v2,v6,20.0,41.11,0.0,0.6,0.2055,0.0,-5.8231,False,all_dynamic_snr,18.1069,0.7363
61,v2,v3,20.0,131.03,20.0,0.6,0.6552,0.2,-17.6951,True,all_dynamic_snr,10.6049,0.2508
61,v2,v4,20.0,139.03,10.0,0.6,0.6952,0.1,-16.6981,True,all_dynamic_snr,11.2847,0.291
61,v2,v8,20.0,170.0,10.0,0.6,0.85,0.1,-18.0954,True,all_dynamic_snr,10.3012,0.2469
61,v3,v4,20.0,10.0,10.0,0.6,0.05,0.1,1.5918,False,all_dynamic_snr,21.0335,0.8531
61,v3,v8,20.0,39.12,10.0,0.6,0.1956,0.1,-7.8858,False,all_dynamic_snr,17.0389,0.6738
61,v3,v6,20.0,90.0,20.0,0.6,0.45,0.2,-15.0849,True,all_dynamic_snr,12.4221,0.3402
61,v3,v5,20.0,109.04,40.0,0.6,0.5452,0.4,-18.1932,True,all_dynamic_snr,10.2283,0.2482
61,v3,v7,20.0,118.15,0.0,0.6,0.5908,0.0,-13.1591,True,all_dynamic_snr,13.7111,0.4105
61,v4,v3,40.0,10.0,10.0,1.0,0.05,0.1,21.5918,False,all_dynamic_snr,22.4754,0.8988
61,v4,v8,40.0,31.14,0.0,1.0,0.1557,0.0,16.1058,False,all_dynamic_snr,22.4284,0.892
61,v4,v6,40.0,98.18,10.0,1.0,0.4909,0.1,5.7191,False,all_dynamic_snr,21.8426,0.8818
61,v4,v5,40.0,101.04,30.0,1.0,0.5052,0.3,3.1113,False,all_dynamic_snr,21.3896,0.877
61,v4,v7,40.0,110.0,10.0,1.0,0.55,0.1,4.9295,False,all_dynamic_snr,21.7309,0.8783
62,v1,v2,40.0,3.16,30.0,1.0,0.0158,0.3,27.1835,False,all_dynamic_snr,22.4915,0.8998
62,v1,v6,40.0,42.43,0.0,1.0,0.2121,0.0,13.9578,False,all_dynamic_snr,22.3876,0.8992
62,v1,v3,40.0,112.16,10.0,1.0,0.5608,0.1,4.7943,False,all_dynamic_snr,21.6987,0.8805
62,v1,v4,40.0,130.0,20.0,1.0,0.65,0.2,2.3599,False,all_dynamic_snr,21.2373,0.8576
62,v1,v8,40.0,161.03,0.0,1.0,0.8051,0.0,4.6896,True,all_dynamic_snr,21.687,0.8781
62,v2,v1,20.0,3.16,30.0,0.6,0.0158,0.3,7.1835,True,all_dynamic_snr,22.0074,0.8869
62,v2,v6,20.0,41.11,30.0,0.6,0.2055,0.3,-10.6396,True,all_dynamic_snr,15.3449,0.5783
62,v2,v3,20.0,111.04,20.0,0.6,0.5552,0.2,-16.5447,True,all_dynamic_snr,11.4115,0.3025
62,v2,v4,20.0,129.03,10.0,0.6,0.6452,0.1,-16.1796,True,all_dynamic_snr,11.6531,0.2955
62,v2,v8,20.0,160.0,30.0,0.6,0.8,0.3,-20.0824,True,all_dynamic_snr,8.9871,0.1881
62,v3,v4,20.0,18.97,10.0,0.6,0.0949,0.1,-2.8587,False,all_dynamic_snr,19.5167,0.7969
62,v3,v8,20.0,49.09,10.0,0.6,0.2455,0.1,-9.4644,False,all_dynamic_snr,16.0935,0.5895
62,v3,v6,20.0,70.0,10.0,0.6,0.35,0.1,-11.9298,True,all_dynamic_snr,14.5521,0.4734
62,v3,v2,20.0,111.04,20.0,0.6,0.5552,0.2,-16.5447,True,all_dynamic_snr,11.4308,0.2979
62,v3,v1,20.0,112.16,10.0,0.6,0.5608,0.1,-15.2057,True,all_dynamic_snr,12.3267,0.3305
62,v4,v3,40.0,18.97,10.0,1.0,0.0949,0.1,17.1413,False,all_dynamic_snr,22.4452,0.8988
62,v4,v8,40.0,31.14,20.0,1.0,0.1557,0.2,12.2889,False,all_dynamic_snr,22.3327,0.8973
62,v4,v6,40.0,88.2,20.0,1.0,0.441,0.2,5.0552,False,all_dynamic_snr,21.7466,0.8904
62,v4,v7,40.0,100.0,0.0,1.0,0.5,0.0,8.0,False,all_dynamic_snr,22.0934,0.8949
62,v4,v11,40.0,121.04,0.0,1.0,0.6052,0.0,6.6733,False,all_dynamic_snr,21.9618,0.8877
63,v1,v2,40.0,29.15,40.0,1.0,0.1458,0.4,10.9729,False,all_dynamic_snr,22.2864,0.8975
63,v1,v6,40.0,42.43,30.0,1.0,0.2121,0.3,9.1413,False,all_dynamic_snr,22.1853,0.892
63,v1,v3,40.0,102.18,30.0,1.0,0.5109,0.3,3.0339,False,all_dynamic_snr,21.3706,0.8869
63,v1,v4,40.0,110.0,40.0,1.0,0.55,0.4,1.746,False,all_dynamic_snr,21.0767,0.8656
63,v1,v8,40.0,161.03,10.0,1.0,0.8051,0.1,2.2813,True,all_dynamic_snr,21.2073,0.8664
63,v2,v1,20.0,29.15,40.0,0.6,0.1458,0.4,-9.0271,True,all_dynamic_snr,16.3612,0.6143
63,v2,v6,20.0,71.06,10.0,0.6,0.3553,0.1,-12.0346,True,all_dynamic_snr,14.4736,0.4842
63,v2,v3,20.0,131.03,10.0,0.6,0.6552,0.1,-16.2864,True,all_dynamic_snr,11.6359,0.2928
63,v2,v4,20.0,139.03,0.0,0.6,0.6952,0.0,-14.2899,True,all_dynamic_snr,12.9423,0.3812
63,v2,v8,20.0,190.0,30.0,0.6,0.95,0.3,-21.2765,True,all_dynamic_snr,8.1733,0.1736
63,v3,v4,20.0,10.0,10.0,0.6,0.05,0.1,1.5918,False,all_dynamic_snr,21.0258,0.8512
63,v3,v8,20.0,59.08,20.0,0.6,0.2954,0.2,-12.1596,True,all_dynamic_snr,14.3847,0.5004
63,v3,v6,20.0,60.0,0.0,0.6,0.3,0.0,-8.4504,True,all_dynamic_snr,16.6701,0.6377
63,v3,v1,20.0,102.18,30.0,0.6,0.5109,0.3,-16.9661,True,all_dynamic_snr,11.1241,0.2824
63,v3,v7,20.0,108.17,10.0,0.6,0.5408,0.1,-14.9537,True,all_dynamic_snr,12.5264,0.3588
63,v4,v3,40.0,10.0,10.0,1.0,0.05,0.1,21.5918,False,all_dynamic_snr,22.4766,0.8988
63,v4,v8,40.0,51.09,30.0,1.0,0.2554,0.3,7.8504,False,all_dynamic_snr,22.0749,0.8922
63,v4,v6,40.0,68.26,10.0,1.0,0.3413,0.1,8.2447,False,all_dynamic_snr,22.111,0.8953
63,v4,v7,40.0,100.0,0.0,1.0,0.5,0.0,8.0,False,all_dynamic_snr,22.0881,0.8924
63,v4,v1,40.0,110.0,40.0,1.0,0.55,0.4,1.746,False,all_dynamic_snr,21.0863,0.8604
64,v1,v6,40.0,13.42,10.0,1.0,0.0671,0.1,19.5496,False,all_dynamic_snr,22.4644,0.8988
64,v1,v2,40.0,69.07,20.0,1.0,0.3453,0.2,6.7549,False,all_dynamic_snr,21.9638,0.8871
64,v1,v4,40.0,70.0,10.0,1.0,0.35,0.1,8.0702,False,all_dynamic_snr,22.1004,0.8941
64,v1,v3,40.0,72.25,0.0,1.0,0.3612,0.0,10.2586,False,all_dynamic_snr,22.2467,0.892
64,v1,v8,40.0,151.03,10.0,1.0,0.7551,0.1,2.7268,False,all_dynamic_snr,21.3051,0.882
64,v2,v1,20.0,69.07,20.0,0.6,0.3453,0.2,-13.2451,True,all_dynamic_snr,13.6673,0.4445
64,v2,v6,20.0,81.06,10.0,0.6,0.4053,0.1,-12.9488,True,all_dynamic_snr,13.8749,0.4461
64,v2,v4,20.0,139.03,10.0,0.6,0.6952,0.1,-16.6981,True,all_dynamic_snr,11.3117,0.299
64,v2,v3,20.0,141.03,20.0,0.6,0.7052,0.2,-18.206,True,all_dynamic_snr,10.1927,0.2443
64,v3,v4,20.0,6.32,10.0,0.6,0.0316,0.1,4.7753,False,all_dynamic_snr,21.7017,0.8723
64,v3,v6,20.0,60.0,10.0,0.6,0.3,0.1,-10.8587,True,all_dynamic_snr,15.2202,0.5316
64,v3,v1,20.0,72.25,0.0,0.6,0.3612,0.0,-9.7414,True,all_dynamic_snr,15.9132,0.6012
64,v3,v8,20.0,79.06,10.0,0.6,0.3953,0.1,-12.7753,True,all_dynamic_snr,13.9855,0.4475
64,v3,v7,20.0,98.18,0.0,0.6,0.4909,0.0,-11.8726,True,all_dynamic_snr,14.5423,0.498
64,v4,v3,40.0,6.32,10.0,1.0,0.0316,0.1,24.7753,False,all_dynamic_snr,22.4886,0.9023
64,v4,v6,40.0,58.31,0.0,1.0,0.2915,0.0,11.7482,False,all_dynamic_snr,22.3167,0.892
64,v4,v1,40.0,70.0,10.0,1.0,0.35,0.1,8.0702,False,all_dynamic_snr,22.0953,0.885
64,v4,v8,40.0,81.06,20.0,1.0,0.4053,0.2,5.6425,False,all_dynamic_snr,21.8332,0.8719
64,v4,v7,40.0,100.0,10.0,1.0,0.5,0.1,5.5918,False,all_dynamic_snr,21.8119,0.8771
65,v1,v6,40.0,6.32,10.0,1.0,0.0316,0.1,24.7753,False,all_dynamic_snr,22.4884,0.9008
65,v1,v4,40.0,60.0,20.0,1.0,0.3,0.2,7.7326,False,all_dynamic_snr,22.0658,0.8875
65,v1,v2,40.0,68.43,31.62,1.0,0.3421,0.3162,5.6819,False,all_dynamic_snr,21.8377,0.8824
65,v1,v3,40.0,72.25,20.0,1.0,0.3612,0.2,6.4417,False,all_dynamic_snr,21.9298,0.8719
65,v1,v8,40.0,161.03,10.0,1.0,0.8051,0.1,2.2813,True,all_dynamic_snr,21.206,0.8678
65,v2,v6,20.0,67.78,41.23,0.6,0.3389,0.4123,-14.9738,True,all_dynamic_snr,12.5112,0.3627
65,v2,v1,20.0,68.43,31.62,0.6,0.3421,0.3162,-14.3181,True,all_dynamic_snr,12.9251,0.3783
65,v2,v4,20.0,124.91,14.14,0.6,0.6245,0.1414,-16.6076,True,all_dynamic_snr,11.3876,0.2939
65,v2,v3,20.0,135.33,50.99,0.6,0.6766,0.5099,-20.3843,True,all_dynamic_snr,8.7025,0.2055
65,v3,v4,20.0,13.42,40.0,0.6,0.0671,0.4,-3.6339,True,all_dynamic_snr,19.1832,0.7879
65,v3,v6,20.0,70.0,10.0,0.6,0.35,0.1,-11.9298,True,all_dynamic_snr,14.5738,0.5127
65,v3,v1,20.0,72.25,20.0,0.6,0.3612,0.2,-13.5583,True,all_dynamic_snr,13.4692,0.3945
65,v3,v8,20.0,89.05,30.0,0.6,0.4453,0.3,-16.0107,True,all_dynamic_snr,11.7588,0.3
65,v3,v7,20.0,98.18,20.0,0.6,0.4909,0.2,-15.6896,True,all_dynamic_snr,11.9837,0.3166
65,v4,v3,40.0,13.42,40.0,1.0,0.0671,0.4,16.3661,False,all_dynamic_snr,22.429,0.8984
65,v4,v6,40.0,58.31,30.0,1.0,0.2915,0.3,6.9317,False,all_dynamic_snr,21.9761,0.8828
65,v4,v1,40.0,60.0,20.0,1.0,0.3,0.2,7.7326,False,all_dynamic_snr,22.0587,0.8863
65,v4,v8,40.0,101.04,10.0,1.0,0.5052,0.1,5.5196,False,all_dynamic_snr,21.8144,0.8783
65,v4,v7,40.0,110.0,20.0,1.0,0.55,0.2,3.5207,False,all_dynamic_snr,21.4836,0.8762
66,v1,v6,40.0,10.0,20.0,1.0,0.05,0.2,20.183,False,all_dynamic_snr,22.4698,0.9014
66,v1,v2,40.0,51.4,58.31,1.0,0.257,0.5831,5.9487,False,all_dynamic_snr,21.8599,0.8785
66,v1,v3,40.0,52.35,30.0,1.0,0.2617,0.3,7.6815,False,all_dynamic_snr,22.0649,0.8861
66,v1,v4,40.0,80.0,40.0,1.0,0.4,0.4,3.9588,False,all_dynamic_snr,21.5634,0.8863
66,v1,v7,40.0,170.0,10.0,1.0,0.85,0.1,1.9046,True,all_dynamic_snr,21.1246,0.8545
66,v2,v6,20.0,41.88,42.43,0.6,0.2094,0.4243,-11.7086,True,all_dynamic_snr,14.6828,0.507
66,v2,v1,20.0,51.4,58.31,0.6,0.257,0.5831,-14.0513,True,all_dynamic_snr,13.1152,0.3812
66,v2,v3,20.0,90.08,36.06,0.6,0.4504,0.3606,-16.5801,True,all_dynamic_snr,11.3704,0.2654
66,v2,v4,20.0,118.33,31.62,0.6,0.5917,0.3162,-18.1242,True,all_dynamic_snr,10.271,0.2219
66,v3,v4,20.0,28.64,10.0,0.6,0.1432,0.1,-5.7188,False,all_dynamic_snr,18.1744,0.7289
66,v3,v1,20.0,52.35,30.0,0.6,0.2617,0.3,-12.3185,True,all_dynamic_snr,14.2856,0.4545
66,v3,v6,20.0,60.0,10.0,0.6,0.3,0.1,-10.8587,True,all_dynamic_snr,15.2239,0.5359
66,v3,v2,20.0,90.08,36.06,0.6,0.4504,0.3606,-16.5801,True,all_dynamic_snr,11.4211,0.2711
66,v3,v7,20.0,118.15,20.0,0.6,0.5908,0.2,-16.9761,True,all_dynamic_snr,11.0938,0.2898
66,v4,v3,40.0,28.64,10.0,1.0,0.1432,0.1,14.2812,False,all_dynamic_snr,22.3986,0.8926
66,v4,v1,40.0,80.0,40.0,1.0,0.4,0.4,3.9588,False,all_dynamic_snr,21.5588,0.8736
66,v4,v6,40.0,88.2,20.0,1.0,0.441,0.2,5.0552,False,all_dynamic_snr,21.7538,0.8865
66,v4,v7,40.0,90.0,30.0,1.0,0.45,0.3,3.9156,False,all_dynamic_snr,21.5533,0.8797
66,v4,v8,40.0,91.05,10.0,1.0,0.4552,0.1,6.2433,False,all_dynamic_snr,21.9113,0.8832
67,v1,v6,40.0,6.0,30.0,1.0,0.03,0.3,22.7331,False,all_dynamic_snr,22.4834,0.8979
67,v1,v2,40.0,55.08,30.0,1.0,0.2754,0.3,7.3274,False,all_dynamic_snr,22.0286,0.8889
67,v1,v3,40.0,66.75,14.14,1.0,0.3338,0.1414,7.7462,False,all_dynamic_snr,22.062,0.8869
67,v1,v4,40.0,105.22,22.36,1.0,0.5261,0.2236,3.5661,False,all_dynamic_snr,21.4974,0.8635
67,v1,v7,40.0,164.78,50.99,1.0,0.8239,0.5099,-1.7525,True,all_dynamic_snr,19.9879,0.8158
67,v2,v1,20.0,55.08,30.0,0.6,0.2754,0.3,-12.6726,True,all_dynamic_snr,14.0449,0.4549
67,v2,v6,20.0,55.08,0.0,0.6,0.2754,0.0,-7.8561,True,all_dynamic_snr,17.0194,0.6582
67,v2,v3,20.0,90.52,41.23,0.6,0.4526,0.4123,-16.9842,True,all_dynamic_snr,11.1018,0.2598
67,v2,v4,20.0,123.46,44.72,0.6,0.6173,0.4472,-19.3696,True,all_dynamic_snr,9.4817,0.2086
67,v2,v7,20.0,175.96,64.03,0.6,0.8798,0.6403,-22.882,True,all_dynamic_snr,7.0191,0.15
67,v3,v4,20.0,38.47,10.0,0.6,0.1924,0.1,-7.7703,False,all_dynamic_snr,17.0575,0.6363
67,v3,v6,20.0,60.83,41.23,0.6,0.3041,0.4123,-14.2219,True,all_dynamic_snr,13.0205,0.3857
67,v3,v1,20.0,66.75,14.14,0.6,0.3338,0.1414,-12.2538,True,all_dynamic_snr,14.3689,0.467
67,v3,v2,20.0,90.52,41.23,0.6,0.4526,0.4123,-16.9842,True,all_dynamic_snr,11.0681,0.2533
67,v3,v7,20.0,98.18,40.0,0.6,0.4909,0.4,-17.4644,True,all_dynamic_snr,10.7432,0.2578
67,v4,v3,40.0,38.47,10.0,1.0,0.1924,0.1,12.2297,False,all_dynamic_snr,22.3314,0.8918
67,v4,v7,40.0,60.0,30.0,1.0,0.3,0.3,6.7331,False,all_dynamic_snr,21.9676,0.8984
67,v4,v8,40.0,81.06,10.0,1.0,0.4053,0.1,7.0512,False,all_dynamic_snr,21.9824,0.8875
67,v4,v6,40.0,99.3,44.72,1.0,0.4965,0.4472,2.1437,False,all_dynamic_snr,21.1803,0.8721
67,v4,v13,40.0,100.0,30.0,1.0,0.5,0.3,3.1835,False,all_dynamic_snr,21.3992,0.8725
68,v1,v6,40.0,30.59,40.0,1.0,0.153,0.4,10.638,False,all_dynamic_snr,22.2577,0.8949
68,v1,v3,40.0,59.46,41.23,1.0,0.2973,0.4123,5.9356,False,all_dynamic_snr,21.8705,0.891
68,v1,v2,40.0,85.05,10.0,1.0,0.4253,0.1,6.7167,False,all_dynamic_snr,21.9625,0.8932
68,v1,v4,40.0,87.93,14.14,1.0,0.4397,0.1414,5.8315,False,all_dynamic_snr,21.8477,0.8805
68,v1,v7,40.0,116.93,31.62,1.0,0.5846,0.3162,1.9587,False,all_dynamic_snr,21.1271,0.874
68,v2,v6,20.0,55.08,30.0,0.6,0.2754,0.3,-12.6726,True,all_dynamic_snr,14.0653,0.4354
68,v2,v1,20.0,85.05,10.0,0.6,0.4253,0.1,-13.2833,True,all_dynamic_snr,13.6665,0.4373
68,v2,v3,20.0,117.62,44.72,0.6,0.5881,0.4472,-19.0328,True,all_dynamic_snr,9.6604,0.2201
68,v2,v4,20.0,137.41,22.36,0.6,0.6871,0.2236,-18.2885,True,all_dynamic_snr,10.2087,0.2334
68,v2,v7,20.0,156.98,36.06,0.6,0.7849,0.3606,-20.4397,True,all_dynamic_snr,8.6901,0.1943
68,v3,v4,20.0,28.64,30.0,0.6,0.1432,0.3,-8.127,True,all_dynamic_snr,16.8615,0.6604
68,v3,v7,20.0,58.31,10.0,0.6,0.2915,0.1,-10.6601,True,all_dynamic_snr,15.3454,0.5352
68,v3,v1,20.0,59.46,41.23,0.6,0.2973,0.4123,-14.0644,True,all_dynamic_snr,13.1283,0.3955
68,v3,v6,20.0,70.71,64.03,0.6,0.3536,0.6403,-16.5471,True,all_dynamic_snr,11.4094,0.2861
68,v3,v13,20.0,98.18,0.0,0.6,0.4909,0.0,-11.8726,True,all_dynamic_snr,14.5685,0.4893
68,v4,v3,40.0,28.64,30.0,1.0,0.1432,0.3,11.873,False,all_dynamic_snr,22.3194,0.893
68,v4,v7,40.0,30.0,20.0,1.0,0.15,0.2,12.5491,False,all_dynamic_snr,22.3385,0.8959
68,v4,v13,40.0,70.0,30.0,1.0,0.35,0.3,5.662,False,all_dynamic_snr,21.8361,0.8799
68,v4,v8,40.0,71.06,40.0,1.0,0.3553,0.4,4.7819,False,all_dynamic_snr,21.7103,0.8844
68,v4,v1,40.0,87.93,14.14,1.0,0.4397,0.1414,5.8315,False,all_dynamic_snr,21.856,0.8895
69,v1,v3,40.0,34.0,50.99,1.0,0.17,0.5099,9.2143,False,all_dynamic_snr,22.1804,0.8969
69,v1,v6,40.0,70.26,30.0,1.0,0.3513,0.3,5.6365,False,all_dynamic_snr,21.8379,0.8805
69,v1,v4,40.0,82.29,22.36,1.0,0.4115,0.2236,5.2741,False,all_dynamic_snr,21.7682,0.8832
69,v1,v7,40.0,91.39,31.62,1.0,0.4569,0.3162,3.671,False,all_dynamic_snr,21.5055,0.8791
69,v1,v2,40.0,95.05,10.0,1.0,0.4752,0.1,5.9447,False,all_dynamic_snr,21.8801,0.8766
69,v2,v6,20.0,25.18,20.0,0.6,0.1259,0.2,-6.2337,False,all_dynamic_snr,17.9475,0.725
69,v2,v1,20.0,95.05,10.0,0.6,0.4752,0.1,-14.0553,True,all_dynamic_snr,13.1331,0.3967
69,v2,v3,20.0,125.67,53.85,0.6,0.6284,0.5385,-20.0293,True,all_dynamic_snr,8.9928,0.1941
69,v2,v4,20.0,149.0,28.28,0.6,0.745,0.2828,-19.4353,True,all_dynamic_snr,9.3683,0.2434
69,v2,v7,20.0,154.02,36.06,0.6,0.7701,0.3606,-20.3075,True,all_dynamic_snr,8.8088,0.2004
69,v3,v1,20.0,34.0,50.99,0.6,0.17,0.5099,-10.7857,True,all_dynamic_snr,15.2514,0.5354
69,v3,v4,20.0,58.31,30.0,0.6,0.2915,0.3,-13.0683,True,all_dynamic_snr,13.7692,0.4119
69,v3,v7,20.0,68.26,20.0,0.6,0.3413,0.2,-13.1641,True,all_dynamic_snr,13.7429,0.435
69,v3,v8,20.0,89.05,0.0,0.6,0.4453,0.0,-11.1942,True,all_dynamic_snr,15.0146,0.533
69,v3,v13,20.0,98.18,40.0,0.6,0.4909,0.4,-17.4644,True,all_dynamic_snr,10.7505,0.2637
69,v4,v7,40.0,10.0,10.0,1.0,0.05,0.1,21.5918,False,all_dynamic_snr,22.4787,0.8969
69,v4,v8,40.0,31.14,30.0,1.0,0.1557,0.3,11.2893,False,all_dynamic_snr,22.2961,0.8982
69,v4,v13,40.0,40.0,10.0,1.0,0.2,0.1,11.9588,False,all_dynamic_snr,22.3251,0.9047
69,v4,v3,40.0,58.31,30.0,1.0,0.2915,0.3,6.9317,False,all_dynamic_snr,21.9871,0.8939
69,v4,v1,40.0,82.29,22.36,1.0,0.4115,0.2236,5.2741,False,all_dynamic_snr,21.7673,0.8814
70,v1,v3,40.0,6.0,20.0,1.0,0.03,0.2,23.7326,False,all_dynamic_snr,22.4849,0.8988
70,v1,v8,40.0,69.81,50.0,1.0,0.3491,0.5,4.2717,False,all_dynamic_snr,21.6104,0.882
70,v1,v4,40.0,70.94,50.0,1.0,0.3547,0.5,4.1609,False,all_dynamic_snr,21.5924,0.885
70,v1,v7,40.0,70.94,64.03,1.0,0.3547,0.6403,3.4308,False,all_dynamic_snr,21.4673,0.8637
70,v1,v6,40.0,100.18,10.0,1.0,0.5009,0.1,5.5793,False,all_dynamic_snr,21.813,0.8777
70,v2,v6,20.0,5.83,10.0,0.6,0.0292,0.1,5.3399,False,all_dynamic_snr,21.7906,0.8805
70,v2,v1,20.0,105.04,0.0,0.6,0.5252,0.0,-12.3419,True,all_dynamic_snr,14.2831,0.4699
70,v2,v3,20.0,105.04,20.0,0.6,0.5252,0.2,-16.1588,True,all_dynamic_snr,11.667,0.2992
70,v2,v8,20.0,156.87,50.0,0.6,0.7843,0.5,-21.3538,True,all_dynamic_snr,8.0652,0.1717
70,v2,v4,20.0,159.38,50.0,0.6,0.7969,0.5,-21.4642,True,all_dynamic_snr,8.0099,0.1771
70,v3,v1,20.0,6.0,20.0,0.6,0.03,0.2,3.7326,False,all_dynamic_snr,21.5133,0.8729
70,v3,v8,20.0,65.19,36.06,0.6,0.326,0.3606,-14.3334,True,all_dynamic_snr,12.9344,0.3703
70,v3,v4,20.0,66.48,36.06,0.6,0.3324,0.3606,-14.4696,True,all_dynamic_snr,12.8603,0.3555
70,v3,v7,20.0,66.48,53.85,0.6,0.3324,0.5385,-15.6048,True,all_dynamic_snr,12.0658,0.3209
70,v3,v6,20.0,100.0,10.0,0.6,0.5,0.1,-14.4082,True,all_dynamic_snr,12.8961,0.3783
70,v4,v7,40.0,0.0,20.0,1.0,0.0,0.2,40.0,False,all_dynamic_snr,22.4967,0.8988
70,v4,v8,40.0,3.16,0.0,1.0,0.0158,0.0,32.0,False,all_dynamic_snr,22.4951,0.8969
70,v4,v13,40.0,50.0,20.0,1.0,0.25,0.2,8.9995,False,all_dynamic_snr,22.1729,0.8934
70,v4,v3,40.0,66.48,36.06,1.0,0.3324,0.3606,5.5304,False,all_dynamic_snr,21.7985,0.8744
70,v4,v1,40.0,70.94,50.0,1.0,0.3547,0.5,4.1609,False,all_dynamic_snr,21.5863,0.8707
71,v1,v3,40.0,20.88,30.0,1.0,0.1044,0.3,14.0676,False,all_dynamic_snr,22.394,0.9023
71,v1,v7,40.0,86.09,28.28,1.0,0.4305,0.2828,4.3764,False,all_dynamic_snr,21.6449,0.8908
71,v1,v8,40.0,86.68,53.85,1.0,0.4334,0.5385,2.5517,False,all_dynamic_snr,21.289,0.8746
71,v1,v4,40.0,89.29,28.28,1.0,0.4464,0.2828,4.1233,False,all_dynamic_snr,21.5977,0.8879
71,v1,v6,40.0,90.2,30.0,1.0,0.451,0.3,3.9002,False,all_dynamic_snr,21.5475,0.8668
71,v2,v6,20.0,15.3,30.0,0.6,0.0765,0.3,-3.7702,True,all_dynamic_snr,19.1327,0.7723
71,v2,v1,20.0,105.04,0.0,0.6,0.5252,0.0,-12.3419,True,all_dynamic_snr,14.2706,0.4648
71,v2,v3,20.0,125.04,30.0,0.6,0.6252,0.3,-18.369,True,all_dynamic_snr,10.1471,0.2297
71,v2,v8,20.0,189.28,53.85,0.6,0.9464,0.5385,-22.8752,True,all_dynamic_snr,6.9936,0.1424
71,v2,v7,20.0,191.0,28.28,0.6,0.955,0.2828,-21.1608,True,all_dynamic_snr,8.2159,0.1941
71,v3,v1,20.0,20.88,30.0,0.6,0.1044,0.3,-5.9324,True,all_dynamic_snr,18.053,0.716
71,v3,v8,20.0,65.8,70.71,0.6,0.329,0.7071,-16.3474,True,all_dynamic_snr,11.5576,0.2973
71,v3,v7,20.0,66.03,53.85,0.6,0.3302,0.5385,-15.5573,True,all_dynamic_snr,12.1526,0.3051
71,v3,v4,20.0,68.41,53.85,0.6,0.3421,0.5385,-15.8033,True,all_dynamic_snr,11.9273,0.3182
71,v3,v6,20.0,110.0,0.0,0.6,0.55,0.0,-12.6623,True,all_dynamic_snr,14.0678,0.4508
71,v4,v8,40.0,3.16,30.0,1.0,0.0158,0.3,27.1835,False,all_dynamic_snr,22.4909,0.8979
71,v4,v7,40.0,20.0,0.0,1.0,0.1,0.0,19.1835,False,all_dynamic_snr,22.4647,0.8949
71,v4,v3,40.0,68.41,53.85,1.0,0.3421,0.5385,4.1967,False,all_dynamic_snr,21.5985,0.8732
71,v4,v13,40.0,70.0,30.0,1.0,0.35,0.3,5.662,False,all_dynamic_snr,21.8168,0.8875
71,v4,v1,40.0,89.29,28.28,1.0,0.4464,0.2828,4.1233,False,all_dynamic_snr,21.5853,0.8771
72,v1,v3,40.0,11.66,10.0,1.0,0.0583,0.1,20.5234,False,all_dynamic_snr,22.474,0.9008
72,v1,v8,40.0,75.06,20.0,1.0,0.3753,0.2,6.1765,False,all_dynamic_snr,21.9007,0.8762
72,v1,v7,40.0,90.0,40.0,1.0,0.45,0.4,3.1404,False,all_dynamic_snr,21.4,0.8525
72,v1,v2,40.0,105.04,0.0,1.0,0.5252,0.0,7.6581,False,all_dynamic_snr,22.0605,0.9004
72,v1,v4,40.0,106.08,14.14,1.0,0.5304,0.1414,4.528,False,all_dynamic_snr,21.6693,0.8773
72,v2,v6,20.0,15.3,10.0,0.6,0.0765,0.1,-1.362,False,all_dynamic_snr,20.1113,0.8213
72,v2,v3,20.0,95.05,10.0,0.6,0.4752,0.1,-14.0553,True,all_dynamic_snr,13.1625,0.4014
72,v2,v1,20.0,105.04,0.0,0.6,0.5252,0.0,-12.3419,True,all_dynamic_snr,14.28,0.4637
72,v2,v8,20.0,180.0,20.0,0.6,0.9,0.2,-19.9013,True,all_dynamic_snr,9.0947,0.1955
72,v2,v7,20.0,195.02,40.0,0.6,0.9751,0.4,-22.2331,True,all_dynamic_snr,7.4346,0.1557
72,v3,v1,20.0,11.66,10.0,0.6,0.0583,0.1,0.5234,False,all_dynamic_snr,20.7346,0.8451
72,v3,v8,20.0,85.05,10.0,0.6,0.4253,0.1,-13.2833,True,all_dynamic_snr,13.668,0.4391
72,v3,v2,20.0,95.05,10.0,0.6,0.4752,0.1,-14.0553,True,all_dynamic_snr,13.1392,0.3816
72,v3,v7,20.0,100.18,30.0,0.6,0.5009,0.3,-16.829,True,all_dynamic_snr,11.2215,0.276
72,v3,v6,20.0,110.0,0.0,0.6,0.55,0.0,-12.6623,True,all_dynamic_snr,14.0811,0.4391
72,v4,v7,40.0,16.49,50.99,1.0,0.0825,0.5099,14.2414,False,all_dynamic_snr,22.3984,0.8861
72,v4,v8,40.0,31.02,31.62,1.0,0.1551,0.3162,11.18,False,all_dynamic_snr,22.2957,0.8928
72,v4,v13,40.0,40.0,10.0,1.0,0.2,0.1,11.9588,False,all_dynamic_snr,22.3234,0.8904
72,v4,v11,40.0,91.05,20.0,1.0,0.4552,0.2,4.8346,False,all_dynamic_snr,21.7051,0.8895
72,v4,v12,40.0,92.2,0.0,1.0,0.461,0.0,8.5646,False,all_dynamic_snr,22.1331,0.8939
73,v1,v3,40.0,20.88,40.0,1.0,0.1044,0.4,13.2923,False,all_dynamic_snr,22.3673,0.9023
73,v1,v7,40.0,50.0,0.0,1.0,0.25,0.0,12.8165,False,all_dynamic_snr,22.3545,0.8992
73,v1,v8,40.0,55.08,40.0,1.0,0.2754,0.4,6.5521,False,all_dynamic_snr,21.9421,0.8908
73,v1,v2,40.0,105.04,0.0,1.0,0.5252,0.0,7.6581,False,all_dynamic_snr,22.0639,0.8918
73,v1,v4,40.0,110.0,10.0,1.0,0.55,0.1,4.9295,False,all_dynamic_snr,21.7206,0.8789
73,v2,v6,20.0,25.18,30.0,0.6,0.1259,0.3,-7.2332,True,all_dynamic_snr,17.3657,0.6924
73,v2,v3,20.0,85.05,40.0,0.6,0.4253,0.4,-16.4668,True,all_dynamic_snr,11.4799,0.2914
73,v2,v1,20.0,105.04,0.0,0.6,0.5252,0.0,-12.3419,True,all_dynamic_snr,14.2745,0.4971
73,v2,v7,20.0,155.03,0.0,0.6,0.7751,0.0,-15.0466,True,all_dynamic_snr,12.4145,0.3262
73,v2,v8,20.0,160.0,40.0,0.6,0.8,0.4,-20.8577,True,all_dynamic_snr,8.4352,0.1906
73,v3,v1,20.0,20.88,40.0,0.6,0.1044,0.4,-6.7077,True,all_dynamic_snr,17.6553,0.7119
73,v3,v7,20.0,70.26,40.0,0.6,0.3513,0.4,-15.1388,True,all_dynamic_snr,12.3755,0.3445
73,v3,v8,20.0,75.06,0.0,0.6,0.3753,0.0,-10.0065,True,all_dynamic_snr,15.7263,0.5807
73,v3,v2,20.0,85.05,40.0,0.6,0.4253,0.4,-16.4668,True,all_dynamic_snr,11.4837,0.2941
73,v3,v6,20.0,110.0,10.0,0.6,0.55,0.1,-15.0705,True,all_dynamic_snr,12.4499,0.3441
73,v4,v13,40.0,24.74,41.23,1.0,0.1237,0.4123,12.0297,False,all_dynamic_snr,22.327,0.9004
73,v4,v8,40.0,55.08,30.0,1.0,0.2754,0.3,7.3274,False,all_dynamic_snr,22.0259,0.8887
73,v4,v7,40.0,60.0,10.0,1.0,0.3,0.1,9.1413,False,all_dynamic_snr,22.1736,0.8992
73,v4,v11,40.0,65.07,56.57,1.0,0.3253,0.5657,4.3998,False,all_dynamic_snr,21.6342,0.877
73,v4,v5,40.0,75.06,64.03,1.0,0.3753,0.6403,3.0381,False,all_dynamic_snr,21.3773,0.868
74,v1,v3,40.0,20.88,40.0,1.0,0.1044,0.4,13.2923,False,all_dynamic_snr,22.3689,0.9018
74,v1,v7,40.0,50.0,20.0,1.0,0.25,0.2,8.9995,False,all_dynamic_snr,22.1646,0.8988
74,v1,v8,40.0,95.05,40.0,1.0,0.4752,0.4,2.7612,False,all_dynamic_snr,21.3104,0.8773
74,v1,v6,40.0,100.18,10.0,1.0,0.5009,0.1,5.5793,False,all_dynamic_snr,21.8165,0.8797
74,v1,v2,40.0,105.04,20.0,1.0,0.5252,0.2,3.8412,False,all_dynamic_snr,21.5487,0.8838
74,v2,v6,20.0,5.83,10.0,0.6,0.0292,0.1,5.3399,False,all_dynamic_snr,21.793,0.883
74,v2,v1,20.0,105.04,20.0,0.6,0.5252,0.2,-16.1588,True,all_dynamic_snr,11.6582,0.2697
74,v2,v3,20.0,125.04,20.0,0.6,0.6252,0.2,-17.3695,True,all_dynamic_snr,10.8272,0.2766
74,v2,v7,20.0,155.03,0.0,0.6,0.7751,0.0,-15.0466,True,all_dynamic_snr,12.4481,0.3473
74,v2,v8,20.0,200.0,20.0,0.6,1.0,0.2,-20.6334,True,all_dynamic_snr,8.5394,0.1818
74,v3,v1,20.0,20.88,40.0,0.6,0.1044,0.4,-6.7077,True,all_dynamic_snr,17.6579,0.6926
74,v3,v7,20.0,30.59,20.0,0.6,0.153,0.2,-7.5872,False,all_dynamic_snr,17.1463,0.6965
74,v3,v8,20.0,75.06,0.0,0.6,0.3753,0.0,-10.0065,True,all_dynamic_snr,15.7589,0.5789
74,v3,v4,20.0,100.18,30.0,0.6,0.5009,0.3,-16.829,True,all_dynamic_snr,11.2211,0.2629
74,v3,v6,20.0,120.0,30.0,0.6,0.6,0.3,-18.0834,True,all_dynamic_snr,10.292,0.2605
74,v4,v8,40.0,25.18,30.0,1.0,0.1259,0.3,12.7668,False,all_dynamic_snr,22.3532,0.9004
74,v4,v13,40.0,48.08,53.85,1.0,0.2404,0.5385,6.6467,False,all_dynamic_snr,21.9473,0.8918
74,v4,v5,40.0,49.74,22.36,1.0,0.2487,0.2236,8.7727,False,all_dynamic_snr,22.1486,0.8975
74,v4,v11,40.0,49.74,36.06,1.0,0.2487,0.3606,7.5465,False,all_dynamic_snr,22.0528,0.8832
74,v4,v14,40.0,55.44,53.85,1.0,0.2772,0.5385,5.657,False,all_dynamic_snr,21.8271,0.8836
75,v1,v3,40.0,20.88,10.0,1.0,0.1044,0.1,16.4759,False,all_dynamic_snr,22.4346,0.8949
75,v1,v7,40.0,30.0,30.0,1.0,0.15,0.3,11.5496,False,all_dynamic_snr,22.3147,0.8928
75,v1,v8,40.0,55.08,20.0,1.0,0.2754,0.2,8.3269,False,all_dynamic_snr,22.1163,0.8934
75,v1,v4,40.0,110.0,30.0,1.0,0.55,0.3,2.5212,False,all_dynamic_snr,21.2604,0.8693
75,v1,v6,40.0,110.16,10.0,1.0,0.5508,0.1,4.9192,False,all_dynamic_snr,21.7115,0.8846
75,v2,v6,20.0,15.3,30.0,0.6,0.0765,0.3,-3.7702,True,all_dynamic_snr,19.1129,0.7896
75,v2,v3,20.0,105.04,30.0,0.6,0.5252,0.3,-17.1583,True,all_dynamic_snr,10.9884,0.2674
75,v2,v1,20.0,125.04,40.0,0.6,0.6252,0.4,-19.1443,True,all_dynamic_snr,9.5967,0.2131
75,v2,v7,20.0,155.03,10.0,0.6,0.7751,0.1,-17.4548,True,all_dynamic_snr,10.7444,0.2605
75,v2,v8,20.0,180.0,20.0,0.6,0.9,0.2,-19.9013,True,all_dynamic_snr,9.0932,0.1965
75,v3,v1,20.0,20.88,10.0,0.6,0.1044,0.1,-3.5241,False,all_dynamic_snr,19.2192,0.7664
75,v3,v7,20.0,50.36,20.0,0.6,0.2518,0.2,-11.0502,False,all_dynamic_snr,15.0922,0.5105
75,v3,v8,20.0,75.06,10.0,0.6,0.3753,0.1,-12.4148,True,all_dynamic_snr,14.2182,0.467
75,v3,v6,20.0,90.0,0.0,0.6,0.45,0.0,-11.2679,True,all_dynamic_snr,14.953,0.5195
75,v3,v2,20.0,105.04,30.0,0.6,0.5252,0.3,-17.1583,True,all_dynamic_snr,10.9346,0.2748
75,v4,v13,40.0,30.0,10.0,1.0,0.15,0.1,13.9578,False,all_dynamic_snr,22.384,0.9008
75,v4,v14,40.0,45.1,0.0,1.0,0.2255,0.0,13.5332,False,all_dynamic_snr,22.3795,0.8992
75,v4,v8,40.0,55.08,10.0,1.0,0.2754,0.1,9.7356,False,all_dynamic_snr,22.2171,0.8949
75,v4,v11,40.0,55.08,0.0,1.0,0.2754,0.0,12.1439,False,all_dynamic_snr,22.3302,0.8934
75,v4,v5,40.0,64.76,56.57,1.0,0.3238,0.5657,4.4328,False,all_dynamic_snr,21.6584,0.8844
76,v1,v7,40.0,0.0,10.0,1.0,0.0,0.1,40.0,False,all_dynamic_snr,22.4967,0.8998
76,v1,v3,40.0,30.59,0.0,1.0,0.153,0.0,16.2298,False,all_dynamic_snr,22.4311,0.892
76,v1,v8,40.0,35.13,40.0,1.0,0.1756,0.4,9.6777,False,all_dynamic_snr,22.2068,0.8963
76,v1,v4,40.0,80.0,30.0,1.0,0.4,0.3,4.7341,False,all_dynamic_snr,21.6866,0.8791
76,v1,v13,40.0,120.0,20.0,1.0,0.6,0.2,2.9161,False,all_dynamic_snr,21.3545,0.8666
76,v2,v6,20.0,45.1,20.0,0.6,0.2255,0.2,-10.2838,False,all_dynamic_snr,15.5849,0.5752
76,v2,v3,20.0,135.03,0.0,0.6,0.6752,0.0,-14.0871,True,all_dynamic_snr,13.0943,0.3775
76,v2,v1,20.0,165.03,0.0,0.6,0.8251,0.0,-15.4809,True,all_dynamic_snr,12.133,0.3295
76,v2,v7,20.0,165.03,10.0,0.6,0.8251,0.1,-17.8891,True,all_dynamic_snr,10.4333,0.2646
76,v2,v8,20.0,200.0,40.0,0.6,1.0,0.4,-22.4082,True,all_dynamic_snr,7.307,0.16
76,v3,v1,20.0,30.59,0.0,0.6,0.153,0.0,-3.7702,False,all_dynamic_snr,19.1165,0.7568
76,v3,v7,20.0,30.59,10.0,0.6,0.153,0.1,-6.1784,False,all_dynamic_snr,17.9524,0.7092
76,v3,v8,20.0,65.07,40.0,0.6,0.3253,0.4,-14.6058,True,all_dynamic_snr,12.7184,0.3629
76,v3,v6,20.0,90.0,20.0,0.6,0.45,0.2,-15.0849,True,all_dynamic_snr,12.4325,0.3389
76,v3,v4,20.0,110.16,30.0,0.6,0.5508,0.3,-17.4891,True,all_dynamic_snr,10.7427,0.2697
76,v4,v13,40.0,40.0,10.0,1.0,0.2,0.1,11.9588,False,all_dynamic_snr,22.3221,0.8979
76,v4,v8,40.0,45.1,10.0,1.0,0.2255,0.1,11.125,False,all_dynamic_snr,22.2902,0.8963
76,v4,v14,40.0,45.1,30.0,1.0,0.2255,0.3,8.7167,False,all_dynamic_snr,22.1407,0.8988
76,v4,v11,40.0,55.08,10.0,1.0,0.2754,0.1,9.7356,False,all_dynamic_snr,22.2129,0.8959
76,v4,v5,40.0,75.06,30.0,1.0,0.3753,0.3,5.177,False,all_dynamic_snr,21.761,0.8773
77,v1,v8,40.0,5.83,10.0,1.0,0.0292,0.1,25.3399,False,all_dynamic_snr,22.4883,0.8988
77,v1,v7,40.0,10.0,10.0,1.0,0.05,0.1,21.5918,False,all_dynamic_snr,22.4772,0.8994
77,v1,v3,40.0,30.59,20.0,1.0,0.153,0.2,12.4128,False,all_dynamic_snr,22.3429,0.8992
77,v1,v4,40.0,50.0,20.0,1.0,0.25,0.2,8.9995,False,all_dynamic_snr,22.1661,0.8984
77,v1,v11,40.0,95.05,0.0,1.0,0.4752,0.0,8.353,False,all_dynamic_snr,22.1197,0.891
77,v2,v6,20.0,25.18,10.0,0.6,0.1259,0.1,-4.825,False,all_dynamic_snr,18.6373,0.7557
77,v2,v3,20.0,135.03,20.0,0.6,0.6752,0.2,-17.904,True,all_dynamic_snr,10.4646,0.2398
77,v2,v7,20.0,155.03,10.0,0.6,0.7751,0.1,-17.4548,True,all_dynamic_snr,10.8233,0.2562
77,v2,v8,20.0,160.0,10.0,0.6,0.8,0.1,-17.6742,True,all_dynamic_snr,10.6369,0.259
77,v2,v1,20.0,165.03,0.0,0.6,0.8251,0.0,-15.4809,True,all_dynamic_snr,12.1382,0.3346
77,v3,v7,20.0,20.88,10.0,0.6,0.1044,0.1,-3.5241,False,all_dynamic_snr,19.2371,0.7768
77,v3,v8,20.0,25.18,30.0,0.6,0.1259,0.3,-7.2332,True,all_dynamic_snr,17.356,0.6873
77,v3,v1,20.0,30.59,20.0,0.6,0.153,0.2,-7.5872,False,all_dynamic_snr,17.1792,0.6547
77,v3,v4,20.0,80.22,40.0,0.6,0.4011,0.4,-16.0607,True,all_dynamic_snr,11.7347,0.3037
77,v3,v6,20.0,110.0,10.0,0.6,0.55,0.1,-15.0705,True,all_dynamic_snr,12.4281,0.3684
77,v4,v11,40.0,45.1,20.0,1.0,0.2255,0.2,9.7162,False,all_dynamic_snr,22.2074,0.8955
77,v4,v1,40.0,50.0,20.0,1.0,0.25,0.2,8.9995,False,all_dynamic_snr,22.1655,0.8924
77,v4,v13,40.0,50.0,20.0,1.0,0.25,0.2,8.9995,False,all_dynamic_snr,22.1683,0.8859
77,v4,v8,40.0,55.08,10.0,1.0,0.2754,0.1,9.7356,False,all_dynamic_snr,22.2203,0.8973
77,v4,v7,40.0,60.0,30.0,1.0,0.3,0.3,6.7331,False,all_dynamic_snr,21.9661,0.8846
78,v1,v7,40.0,0.0,30.0,1.0,0.0,0.3,40.0,False,all_dynamic_snr,22.4964,0.9008
78,v1,v3,40.0,11.66,40.0,1.0,0.0583,0.4,17.3399,False,all_dynamic_snr,22.4461,0.8984
78,v1,v8,40.0,15.3,20.0,1.0,0.0765,0.2,17.2293,False,all_dynamic_snr,22.4431,0.9014
78,v1,v4,40.0,30.0,0.0,1.0,0.15,0.0,16.3661,False,all_dynamic_snr,22.432,0.9004
78,v1,v11,40.0,95.05,20.0,1.0,0.4752,0.2,4.536,False,all_dynamic_snr,21.6557,0.8756
78,v2,v6,20.0,35.13,40.0,0.6,0.1756,0.4,-10.3223,True,all_dynamic_snr,15.5935,0.565
78,v2,v8,20.0,150.0,20.0,0.6,0.75,0.2,-18.6344,True,all_dynamic_snr,9.9805,0.2172
78,v2,v3,20.0,155.03,40.0,0.6,0.7751,0.4,-20.6384,True,all_dynamic_snr,8.5619,0.1838
78,v2,v1,20.0,165.03,0.0,0.6,0.8251,0.0,-15.4809,True,all_dynamic_snr,12.1373,0.2996
78,v2,v7,20.0,165.03,30.0,0.6,0.8251,0.3,-20.2974,True,all_dynamic_snr,8.7998,0.1936
78,v3,v8,20.0,5.83,20.0,0.6,0.0292,0.2,3.9312,False,all_dynamic_snr,21.5727,0.875
78,v3,v1,20.0,11.66,40.0,0.6,0.0583,0.4,-2.6601,True,all_dynamic_snr,19.6241,0.7977
78,v3,v7,20.0,11.66,10.0,0.6,0.0583,0.1,0.5234,False,all_dynamic_snr,20.7394,0.8354
78,v3,v4,20.0,40.45,40.0,0.6,0.2022,0.4,-11.302,True,all_dynamic_snr,14.9513,0.5506
78,v3,v11,20.0,105.04,20.0,0.6,0.5252,0.2,-16.1588,True,all_dynamic_snr,11.6885,0.308
78,v4,v1,40.0,30.0,0.0,1.0,0.15,0.0,16.3661,False,all_dynamic_snr,22.4326,0.9008
78,v4,v7,40.0,30.0,30.0,1.0,0.15,0.3,11.5496,False,all_dynamic_snr,22.3174,0.8979
78,v4,v3,40.0,40.45,40.0,1.0,0.2022,0.4,8.698,False,all_dynamic_snr,22.1439,0.8963
78,v4,v8,40.0,45.1,20.0,1.0,0.2255,0.2,9.7162,False,all_dynamic_snr,22.2152,0.8939
78,v4,v11,40.0,65.07,20.0,1.0,0.3253,0.2,7.169,False,all_dynamic_snr,22.0162,0.8846
79,v1,v8,40.0,5.83,20.0,1.0,0.0292,0.2,23.9312,False,all_dynamic_snr,22.4844,0.8979
79,v1,v4,40.0,30.0,10.0,1.0,0.15,0.1,13.9578,False,all_dynamic_snr,22.3871,0.893
79,v1,v7,40.0,30.0,30.0,1.0,0.15,0.3,11.5496,False,all_dynamic_snr,22.3132,0.8967
79,v1,v3,40.0,30.59,10.0,1.0,0.153,0.1,13.8216,False,all_dynamic_snr,22.3894,0.8973
79,v1,v6,40.0,90.2,20.0,1.0,0.451,0.2,4.8997,False,all_dynamic_snr,21.7268,0.883
79,v2,v6,20.0,75.06,10.0,0.6,0.3753,0.1,-12.4148,True,all_dynamic_snr,14.1927,0.4568
79,v2,v1,20.0,165.03,30.0,0.6,0.8251,0.3,-20.2974,True,all_dynamic_snr,8.8048,0.1775
79,v2,v8,20.0,170.0,10.0,0.6,0.85,0.1,-18.0954,True,all_dynamic_snr,10.3489,0.2461
79,v2,v3,20.0,195.02,20.0,0.6,0.9751,0.2,-20.4583,True,all_dynamic_snr,8.6868,0.1656
79,v2,v4,20.0,195.02,20.0,0.6,0.9751,0.2,-20.4583,True,all_dynamic_snr,8.7082,0.2074
79,v3,v4,20.0,6.0,0.0,0.6,0.03,0.0,7.5496,False,all_dynamic_snr,22.0442,0.8873
79,v3,v7,20.0,6.0,20.0,0.6,0.03,0.2,3.7326,False,all_dynamic_snr,21.5252,0.8711
79,v3,v8,20.0,25.18,10.0,0.6,0.1259,0.1,-4.825,False,all_dynamic_snr,18.6435,0.7551
79,v3,v1,20.0,30.59,10.0,0.6,0.153,0.1,-6.1784,False,all_dynamic_snr,17.9631,0.7113
79,v3,v11,20.0,85.05,10.0,0.6,0.4253,0.1,-13.2833,True,all_dynamic_snr,13.6278,0.423
79,v4,v7,40.0,0.0,20.0,1.0,0.0,0.2,40.0,False,all_dynamic_snr,22.4964,0.8998
79,v4,v3,40.0,6.0,0.0,1.0,0.03,0.0,27.5496,False,all_dynamic_snr,22.4925,0.9043
79,v4,v8,40.0,25.18,10.0,1.0,0.1259,0.1,15.175,False,all_dynamic_snr,22.4156,0.9027
79,v4,v1,40.0,30.0,10.0,1.0,0.15,0.1,13.9578,False,all_dynamic_snr,22.3859,0.8998
79,v4,v11,40.0,85.05,10.0,1.0,0.4253,0.1,6.7167,False,all_dynamic_snr,21.9599,0.8975
80,v1,v8,40.0,25.18,20.0,1.0,0.1259,0.2,13.7663,False,all_dynamic_snr,22.3805,0.8973
80,v1,v4,40.0,40.0,10.0,1.0,0.2,0.1,11.9588,False,all_dynamic_snr,22.3234,0.8998
80,v1,v3,40.0,40.45,0.0,1.0,0.2022,0.0,14.2897,False,all_dynamic_snr,22.3974,0.8988
80,v1,v7,40.0,60.0,10.0,1.0,0.3,0.1,9.1413,False,all_dynamic_snr,22.1761,0.8922
80,v1,v6,40.0,70.26,0.0,1.0,0.3513,0.0,10.453,False,all_dynamic_snr,22.2612,0.8967
80,v2,v6,20.0,65.07,0.0,0.6,0.3253,0.0,-9.014,True,all_dynamic_snr,16.32,0.6055
80,v2,v1,20.0,135.03,0.0,0.6,0.6752,0.0,-14.0871,True,all_dynamic_snr,13.1443,0.3762
80,v2,v8,20.0,160.0,20.0,0.6,0.8,0.2,-19.0829,True,all_dynamic_snr,9.6691,0.2174
80,v2,v3,20.0,175.03,0.0,0.6,0.8751,0.0,-15.8896,True,all_dynamic_snr,11.8979,0.3213
80,v2,v4,20.0,175.03,10.0,0.6,0.8751,0.1,-18.2979,True,all_dynamic_snr,10.1462,0.2473
80,v3,v4,20.0,6.0,10.0,0.6,0.03,0.1,5.1413,False,all_dynamic_snr,21.7516,0.882
80,v3,v8,20.0,15.3,20.0,0.6,0.0765,0.2,-2.7707,False,all_dynamic_snr,19.5574,0.8072
80,v3,v7,20.0,20.88,10.0,0.6,0.1044,0.1,-3.5241,False,all_dynamic_snr,19.2394,0.767
80,v3,v1,20.0,40.45,0.0,0.6,0.2022,0.0,-5.7103,False,all_dynamic_snr,18.1611,0.7502
80,v3,v11,20.0,75.06,10.0,0.6,0.3753,0.1,-12.4148,True,all_dynamic_snr,14.2407,0.4752
80,v4,v3,40.0,6.0,10.0,1.0,0.03,0.1,25.1413,False,all_dynamic_snr,22.4884,0.8998
80,v4,v8,40.0,15.3,30.0,1.0,0.0765,0.3,16.2298,False,all_dynamic_snr,22.4303,0.8984
80,v4,v7,40.0,20.0,20.0,1.0,0.1,0.2,15.3666,False,all_dynamic_snr,22.4177,0.8963
80,v4,v1,40.0,40.0,10.0,1.0,0.2,0.1,11.9588,False,all_dynamic_snr,22.3219,0.9002
80,v4,v11,40.0,75.06,20.0,1.0,0.3753,0.2,6.1765,False,all_dynamic_snr,21.8954,0.891
81,v1,v4,40.0,30.0,30.0,1.0,0.15,0.3,11.5496,False,all_dynamic_snr,22.3013,0.9008
81,v1,v3,40.0,40.45,30.0,1.0,0.2022,0.3,9.4733,False,all_dynamic_snr,22.2006,0.8938
81,v1,v8,40.0,45.1,20.0,1.0,0.2255,0.2,9.7162,False,all_dynamic_snr,22.2136,0.8949
81,v1,v7,40.0,70.0,20.0,1.0,0.35,0.2,6.6615,False,all_dynamic_snr,21.9499,0.8824
81,v1,v6,40.0,70.26,10.0,1.0,0.3513,0.1,8.0448,False,all_dynamic_snr,22.0845,0.8904
81,v2,v6,20.0,65.07,20.0,0.6,0.3253,0.2,-12.831,True,all_dynamic_snr,13.9463,0.4467
81,v2,v1,20.0,135.03,10.0,0.6,0.6752,0.1,-16.4953,True,all_dynamic_snr,11.4557,0.2855
81,v2,v4,20.0,165.03,40.0,0.6,0.8251,0.4,-21.0727,True,all_dynamic_snr,8.2765,0.1914
81,v2,v3,20.0,175.03,40.0,0.6,0.8751,0.4,-21.4814,True,all_dynamic_snr,7.9907,0.1762
81,v2,v8,20.0,180.0,30.0,0.6,0.9,0.3,-20.9008,True,all_dynamic_snr,8.361,0.1852
81,v3,v8,20.0,5.83,10.0,0.6,0.0292,0.1,5.3399,False,all_dynamic_snr,21.7868,0.8797
81,v3,v4,20.0,11.66,0.0,0.6,0.0583,0.0,2.9317,False,all_dynamic_snr,21.3516,0.859
81,v3,v7,20.0,30.59,10.0,0.6,0.153,0.1,-6.1784,False,all_dynamic_snr,17.9421,0.7244
81,v3,v1,20.0,40.45,30.0,0.6,0.2022,0.3,-10.5267,True,all_dynamic_snr,15.466,0.5404
81,v3,v11,20.0,85.05,20.0,0.6,0.4253,0.2,-14.692,True,all_dynamic_snr,12.7324,0.3816
81,v4,v3,40.0,11.66,0.0,1.0,0.0583,0.0,22.9317,False,all_dynamic_snr,22.4822,0.9008
81,v4,v8,40.0,15.3,10.0,1.0,0.0765,0.1,18.638,False,all_dynamic_snr,22.4602,0.8994
81,v4,v1,40.0,30.0,30.0,1.0,0.15,0.3,11.5496,False,all_dynamic_snr,22.3066,0.892
81,v4,v7,40.0,40.0,10.0,1.0,0.2,0.1,11.9588,False,all_dynamic_snr,22.3278,0.8943
81,v4,v11,40.0,95.05,20.0,1.0,0.4752,0.2,4.536,False,all_dynamic_snr,21.6624,0.884
82,v1,v4,40.0,60.0,40.0,1.0,0.3,0.4,5.9578,False,all_dynamic_snr,21.8769,0.8846
82,v1,v6,40.0,60.3,40.0,1.0,0.3015,0.4,5.9232,False,all_dynamic_snr,21.8636,0.8869
82,v1,v8,40.0,65.07,40.0,1.0,0.3253,0.4,5.3942,False,all_dynamic_snr,21.8051,0.8701
82,v1,v3,40.0,70.26,20.0,1.0,0.3513,0.2,6.636,False,all_dynamic_snr,21.9579,0.882
82,v1,v7,40.0,90.0,10.0,1.0,0.45,0.1,6.3239,False,all_dynamic_snr,21.9081,0.882
82,v2,v6,20.0,85.05,40.0,0.6,0.4253,0.4,-16.4668,True,all_dynamic_snr,11.4569,0.2846
82,v2,v1,20.0,145.03,0.0,0.6,0.7252,0.0,-14.5834,True,all_dynamic_snr,12.7913,0.3842
82,v3,v8,20.0,5.83,20.0,0.6,0.0292,0.2,3.9312,False,all_dynamic_snr,21.5468,0.8793
82,v3,v4,20.0,11.66,20.0,0.6,0.0583,0.2,-0.8853,False,all_dynamic_snr,20.2913,0.8555
82,v3,v7,20.0,20.88,10.0,0.6,0.1044,0.1,-3.5241,False,all_dynamic_snr,19.214,0.7869
82,v3,v11,20.0,65.07,0.0,0.6,0.3253,0.0,-9.014,True,all_dynamic_snr,16.3625,0.6178
82,v3,v1,20.0,70.26,20.0,0.6,0.3513,0.2,-13.364,True,all_dynamic_snr,13.611,0.4301
82,v4,v8,40.0,5.83,0.0,1.0,0.0292,0.0,27.7482,False,all_dynamic_snr,22.4922,0.9004
82,v4,v3,40.0,11.66,20.0,1.0,0.0583,0.2,19.1147,False,all_dynamic_snr,22.4635,0.8979
82,v4,v7,40.0,30.0,30.0,1.0,0.15,0.3,11.5496,False,all_dynamic_snr,22.3016,0.893
82,v4,v1,40.0,60.0,40.0,1.0,0.3,0.4,5.9578,False,all_dynamic_snr,21.8719,0.8824
82,v4,v11,40.0,75.06,20.0,1.0,0.3753,0.2,6.1765,False,all_dynamic_snr,21.8986,0.8869
83,v1,v6,40.0,20.88,20.0,1.0,0.1044,0.2,15.0671,False,all_dynamic_snr,22.4123,0.9008
83,v1,v3,40.0,90.2,20.0,1.0,0.451,0.2,4.8997,False,all_dynamic_snr,21.7179,0.8641
83,v1,v4,40.0,100.0,10.0,1.0,0.5,0.1,5.5918,False,all_dynamic_snr,21.8231,0.8813
83,v1,v7,40.0,100.0,10.0,1.0,0.5,0.1,5.5918,False,all_dynamic_snr,21.8173,0.8877
83,v1,v8,40.0,105.04,20.0,1.0,0.5252,0.2,3.8412,False,all_dynamic_snr,21.5401,0.8723
83,v2,v6,20.0,125.04,10.0,0.6,0.6252,0.1,-15.9608,True,all_dynamic_snr,11.8028,0.2928
83,v2,v1,20.0,145.03,10.0,0.6,0.7252,0.1,-16.9916,True,all_dynamic_snr,11.0547,0.2563
83,v3,v4,20.0,11.66,10.0,0.6,0.0583,0.1,0.5234,False,all_dynamic_snr,20.7406,0.8535
83,v3,v7,20.0,11.66,10.0,0.6,0.0583,0.1,0.5234,False,all_dynamic_snr,20.7427,0.8459
83,v3,v8,20.0,15.3,40.0,0.6,0.0765,0.4,-4.5455,True,all_dynamic_snr,18.7675,0.7547
83,v3,v11,20.0,65.07,0.0,0.6,0.3253,0.0,-9.014,True,all_dynamic_snr,16.3414,0.6125
83,v3,v1,20.0,90.2,20.0,0.6,0.451,0.2,-15.1003,True,all_dynamic_snr,12.4183,0.3484
83,v4,v7,40.0,0.0,0.0,1.0,0.0,0.0,40.0,False,all_dynamic_snr,22.4965,0.9008
83,v4,v8,40.0,5.83,30.0,1.0,0.0292,0.3,22.9317,False,all_dynamic_snr,22.4824,0.9033
83,v4,v3,40.0,11.66,10.0,1.0,0.0583,0.1,20.5234,False,all_dynamic_snr,22.4734,0.8979
83,v4,v11,40.0,55.08,10.0,1.0,0.2754,0.1,9.7356,False,all_dynamic_snr,22.2193,0.892
83,v4,v5,40.0,95.05,10.0,1.0,0.4752,0.1,5.9447,False,all_dynamic_snr,21.8731,0.8893
84,v1,v6,40.0,6.0,10.0,1.0,0.03,0.1,25.1413,False,all_dynamic_snr,22.4882,0.8949
84,v1,v3,40.0,70.26,0.0,1.0,0.3513,0.0,10.453,False,all_dynamic_snr,22.2585,0.8879
84,v1,v4,40.0,90.0,40.0,1.0,0.45,0.4,3.1404,False,all_dynamic_snr,21.4131,0.8717
84,v1,v7,40.0,90.0,20.0,1.0,0.45,0.2,4.9151,False,all_dynamic_snr,21.7214,0.8842
84,v1,v8,40.0,125.04,20.0,1.0,0.6252,0.2,2.6305,False,all_dynamic_snr,21.3007,0.8637
84,v2,v1,20.0,135.03,40.0,0.6,0.6752,0.4,-19.6788,True,all_dynamic_snr,9.2201,0.2057
84,v2,v6,20.0,135.03,30.0,0.6,0.6752,0.3,-18.9035,True,all_dynamic_snr,9.7736,0.198
84,v3,v4,20.0,20.88,40.0,0.6,0.1044,0.4,-6.7077,True,all_dynamic_snr,17.6551,0.7361
84,v3,v7,20.0,20.88,20.0,0.6,0.1044,0.2,-4.9329,False,all_dynamic_snr,18.5978,0.758
84,v3,v8,20.0,55.08,20.0,0.6,0.2754,0.2,-11.6731,True,all_dynamic_snr,14.7298,0.4988
84,v3,v11,20.0,65.07,0.0,0.6,0.3253,0.0,-9.014,True,all_dynamic_snr,16.3616,0.6225
84,v3,v6,20.0,70.0,10.0,0.6,0.35,0.1,-11.9298,True,all_dynamic_snr,14.5542,0.5014
84,v4,v7,40.0,0.0,20.0,1.0,0.0,0.2,40.0,False,all_dynamic_snr,22.4966,0.8988
84,v4,v3,40.0,20.88,40.0,1.0,0.1044,0.4,13.2923,False,all_dynamic_snr,22.3689,0.8965
84,v4,v8,40.0,35.13,20.0,1.0,0.1756,0.2,11.4525,False,all_dynamic_snr,22.303,0.8959
84,v4,v11,40.0,45.1,40.0,1.0,0.2255,0.4,7.9414,False,all_dynamic_snr,22.0844,0.8943
84,v4,v1,40.0,90.0,40.0,1.0,0.45,0.4,3.1404,False,all_dynamic_snr,21.4,0.859
85,v1,v6,40.0,11.66,10.0,1.0,0.0583,0.1,20.5234,False,all_dynamic_snr,22.4728,0.8969
85,v1,v4,40.0,50.0,0.0,1.0,0.25,0.0,12.8165,False,all_dynamic_snr,22.357,0.8998
85,v1,v7,40.0,70.0,10.0,1.0,0.35,0.1,8.0702,False,all_dynamic_snr,22.0979,0.885
85,v1,v3,40.0,70.26,10.0,1.0,0.3513,0.1,8.0448,False,all_dynamic_snr,22.0887,0.8801
85,v1,v8,40.0,105.04,10.0,1.0,0.5252,0.1,5.2499,False,all_dynamic_snr,21.7786,0.8838
85,v2,v6,20.0,165.03,0.0,0.6,0.8251,0.0,-15.4809,True,all_dynamic_snr,12.1462,0.3248
85,v2,v1,20.0,175.03,10.0,0.6,0.8751,0.1,-18.2979,True,all_dynamic_snr,10.1335,0.2287
85,v3,v7,20.0,6.0,20.0,0.6,0.03,0.2,3.7326,False,all_dynamic_snr,21.5212,0.8635
85,v3,v4,20.0,20.88,10.0,0.6,0.1044,0.1,-3.5241,False,all_dynamic_snr,19.233,0.775
85,v3,v8,20.0,35.13,20.0,0.6,0.1756,0.2,-8.5475,False,all_dynamic_snr,16.6195,0.6309
85,v3,v11,20.0,65.07,40.0,0.6,0.3253,0.4,-14.6058,True,all_dynamic_snr,12.764,0.3656
85,v3,v1,20.0,70.26,10.0,0.6,0.3513,0.1,-11.9552,True,all_dynamic_snr,14.4763,0.4898
85,v4,v7,40.0,20.0,10.0,1.0,0.1,0.1,16.7753,False,all_dynamic_snr,22.4386,0.8984
85,v4,v3,40.0,20.88,10.0,1.0,0.1044,0.1,16.4759,False,all_dynamic_snr,22.438,0.8953
85,v4,v1,40.0,50.0,0.0,1.0,0.25,0.0,12.8165,False,all_dynamic_snr,22.3549,0.8918
85,v4,v8,40.0,55.08,10.0,1.0,0.2754,0.1,9.7356,False,all_dynamic_snr,22.2168,0.8891
85,v4,v6,40.0,60.3,10.0,1.0,0.3015,0.1,9.1068,False,all_dynamic_snr,22.1759,0.8969
86,v1,v6,40.0,20.88,0.0,1.0,0.1044,0.0,18.8841,False,all_dynamic_snr,22.4576,0.8998
86,v1,v4,40.0,50.0,20.0,1.0,0.25,0.2,8.9995,False,all_dynamic_snr,22.1719,0.8904
86,v1,v3,40.0,60.3,10.0,1.0,0.3015,0.1,9.1068,False,all_dynamic_snr,22.1722,0.8924
86,v1,v7,40.0,80.0,0.0,1.0,0.4,0.0,9.5506,False,all_dynamic_snr,22.2034,0.9021
86,v1,v8,40.0,115.04,20.0,1.0,0.5752,0.2,3.2095,False,all_dynamic_snr,21.4203,0.8711
86,v2,v6,20.0,165.03,10.0,0.6,0.8251,0.1,-17.8891,True,all_dynamic_snr,10.5095,0.2412
86,v2,v1,20.0,185.02,10.0,0.6,0.9251,0.1,-18.6839,True,all_dynamic_snr,9.9326,0.2283
86,v3,v4,20.0,11.66,30.0,0.6,0.0583,0.3,-1.8848,True,all_dynamic_snr,19.9262,0.8271
86,v3,v7,20.0,20.88,10.0,0.6,0.1044,0.1,-3.5241,False,all_dynamic_snr,19.2188,0.7926
86,v3,v8,20.0,55.08,30.0,0.6,0.2754,0.3,-12.6726,True,all_dynamic_snr,14.0699,0.4422
86,v3,v1,20.0,60.3,10.0,0.6,0.3015,0.1,-10.8932,True,all_dynamic_snr,15.1794,0.5518
86,v3,v6,20.0,80.0,10.0,0.6,0.4,0.1,-12.8577,True,all_dynamic_snr,13.8976,0.4338
86,v4,v3,40.0,11.66,30.0,1.0,0.0583,0.3,18.1152,False,all_dynamic_snr,22.4523,0.8988
86,v4,v7,40.0,30.0,20.0,1.0,0.15,0.2,12.5491,False,all_dynamic_snr,22.3445,0.89
86,v4,v1,40.0,50.0,20.0,1.0,0.25,0.2,8.9995,False,all_dynamic_snr,22.164,0.8869
86,v4,v8,40.0,65.07,0.0,1.0,0.3253,0.0,10.986,False,all_dynamic_snr,22.2864,0.8924
86,v4,v6,40.0,70.26,20.0,1.0,0.3513,0.2,6.636,False,all_dynamic_snr,21.9341,0.8883
87,v1,v6,40.0,20.88,20.0,1.0,0.1044,0.2,15.0671,False,all_dynamic_snr,22.4131,0.9027
87,v1,v3,40.0,50.36,10.0,1.0,0.2518,0.1,10.3586,False,all_dynamic_snr,22.2529,0.8988
87,v1,v4,40.0,70.0,20.0,1.0,0.35,0.2,6.6615,False,all_dynamic_snr,21.9474,0.8953
87,v1,v7,40.0,80.0,10.0,1.0,0.4,0.1,7.1423,False,all_dynamic_snr,22.0042,0.8895
87,v1,v8,40.0,135.03,20.0,1.0,0.6752,0.2,2.096,False,all_dynamic_snr,21.176,0.867
87,v2,v6,20.0,175.03,40.0,0.6,0.8751,0.4,-21.4814,True,all_dynamic_snr,7.9524,0.1746
87,v2,v1,20.0,195.02,20.0,0.6,0.9751,0.2,-20.4583,True,all_dynamic_snr,8.6524,0.184
87,v3,v4,20.0,20.88,10.0,0.6,0.1044,0.1,-3.5241,False,all_dynamic_snr,19.232,0.7902
87,v3,v7,20.0,30.59,0.0,0.6,0.153,0.0,-3.7702,False,all_dynamic_snr,19.1197,0.7658
87,v3,v1,20.0,50.36,10.0,0.6,0.2518,0.1,-9.6414,False,all_dynamic_snr,15.9558,0.6062
87,v3,v6,20.0,70.0,30.0,0.6,0.35,0.3,-14.338,True,all_dynamic_snr,12.9286,0.3756
87,v3,v8,20.0,85.05,30.0,0.6,0.4253,0.3,-15.6915,True,all_dynamic_snr,11.9805,0.3098
87,v4,v7,40.0,10.0,10.0,1.0,0.05,0.1,21.5918,False,all_dynamic_snr,22.4771,0.8979
87,v4,v3,40.0,20.88,10.0,1.0,0.1044,0.1,16.4759,False,all_dynamic_snr,22.4331,0.8979
87,v4,v8,40.0,65.07,40.0,1.0,0.3253,0.4,5.3942,False,all_dynamic_snr,21.7898,0.8889
87,v4,v1,40.0,70.0,20.0,1.0,0.35,0.2,6.6615,False,all_dynamic_snr,21.9611,0.8904
87,v4,v11,40.0,75.06,0.0,1.0,0.3753,0.0,9.9935,False,all_dynamic_snr,22.2351,0.8986
88,v1,v6,40.0,6.0,0.0,1.0,0.03,0.0,27.5496,False,all_dynamic_snr,22.4921,0.8959
88,v1,v3,40.0,40.45,0.0,1.0,0.2022,0.0,14.2897,False,all_dynamic_snr,22.3931,0.8969
88,v1,v4,40.0,50.0,10.0,1.0,0.25,0.1,10.4082,False,all_dynamic_snr,22.2489,0.8988
88,v1,v7,40.0,70.0,20.0,1.0,0.35,0.2,6.6615,False,all_dynamic_snr,21.9497,0.8871
88,v1,v11,40.0,125.04,0.0,1.0,0.6252,0.0,6.4474,False,all_dynamic_snr,21.9297,0.8848
88,v3,v4,20.0,11.66,10.0,0.6,0.0583,0.1,0.5234,False,all_dynamic_snr,20.7302,0.8482
88,v3,v7,20.0,30.59,20.0,0.6,0.153,0.2,-7.5872,False,all_dynamic_snr,17.1535,0.6668
88,v3,v6,20.0,40.0,0.0,0.6,0.2,0.0,-5.633,False,all_dynamic_snr,18.2452,0.7473
88,v3,v1,20.0,40.45,0.0,0.6,0.2022,0.0,-5.7103,False,all_dynamic_snr,18.1875,0.7424
88,v3,v11,20.0,85.05,0.0,0.6,0.4253,0.0,-10.875,True,all_dynamic_snr,15.2097,0.5209
88,v4,v3,40.0,11.66,10.0,1.0,0.0583,0.1,20.5234,False,all_dynamic_snr,22.4718,0.9023
88,v4,v7,40.0,20.0,10.0,1.0,0.1,0.1,16.7753,False,all_dynamic_snr,22.4389,0.8949
88,v4,v1,40.0,50.0,10.0,1.0,0.25,0.1,10.4082,False,all_dynamic_snr,22.2617,0.8982
88,v4,v6,40.0,50.36,10.0,1.0,0.2518,0.1,10.3586,False,all_dynamic_snr,22.2524,0.8943
88,v4,v11,40.0,75.06,10.0,1.0,0.3753,0.1,7.5852,False,all_dynamic_snr,22.0482,0.8992
89,v1,v6,40.0,6.0,30.0,1.0,0.03,0.3,22.7331,False,all_dynamic_snr,22.4817,0.9027
89,v1,v4,40.0,40.0,20.0,1.0,0.2,0.2,10.5501,False,all_dynamic_snr,22.2608,0.8977
89,v1,v3,40.0,40.45,20.0,1.0,0.2022,0.2,10.4728,False,all_dynamic_snr,22.2602,0.8891
89,v1,v7,40.0,50.0,0.0,1.0,0.25,0.0,12.8165,False,all_dynamic_snr,22.3544,0.8953
89,v1,v11,40.0,125.04,10.0,1.0,0.6252,0.1,4.0392,False,all_dynamic_snr,21.5774,0.882
89,v3,v4,20.0,6.0,0.0,0.6,0.03,0.0,7.5496,False,all_dynamic_snr,22.0434,0.8938
89,v3,v7,20.0,11.66,20.0,0.6,0.0583,0.2,-0.8853,False,all_dynamic_snr,20.2999,0.8244
89,v3,v6,20.0,40.0,10.0,0.6,0.2,0.1,-8.0412,False,all_dynamic_snr,16.9092,0.66
89,v3,v1,20.0,40.45,20.0,0.6,0.2022,0.2,-9.5272,False,all_dynamic_snr,16.035,0.6
89,v3,v11,20.0,85.05,10.0,0.6,0.4253,0.1,-13.2833,True,all_dynamic_snr,13.6388,0.4096
89,v4,v3,40.0,6.0,0.0,1.0,0.03,0.0,27.5496,False,all_dynamic_snr,22.4915,0.8988
89,v4,v7,40.0,10.0,20.0,1.0,0.05,0.2,20.183,False,all_dynamic_snr,22.471,0.9004
89,v4,v1,40.0,40.0,20.0,1.0,0.2,0.2,10.5501,False,all_dynamic_snr,22.2573,0.8992
89,v4,v6,40.0,40.45,10.0,1.0,0.2022,0.1,11.8815,False,all_dynamic_snr,22.3259,0.8938
89,v4,v11,40.0,85.05,10.0,1.0,0.4253,0.1,6.7167,False,all_dynamic_snr,21.96,0.8893
90,v1,v6,40.0,30.59,10.0,1.0,0.153,0.1,13.8216,False,all_dynamic_snr,22.3795,0.9004
90,v1,v7,40.0,50.0,10.0,1.0,0.25,0.1,10.4082,False,all_dynamic_snr,22.2485,0.8934
90,v1,v4,40.0,60.0,0.0,1.0,0.3,0.0,11.5496,False,all_dynamic_snr,22.3102,0.8934
90,v1,v3,40.0,60.3,10.0,1.0,0.3015,0.1,9.1068,False,all_dynamic_snr,22.1844,0.8979
90,v1,v11,40.0,135.03,0.0,1.0,0.6752,0.0,5.9129,False,all_dynamic_snr,21.8602,0.8928
90,v2,v1,20.0,185.02,10.0,0.6,0.9251,0.1,-18.6839,True,all_dynamic_snr,9.9606,0.2195
90,v3,v4,20.0,6.0,10.0,0.6,0.03,0.1,5.1413,False,all_dynamic_snr,21.7595,0.884
90,v3,v7,20.0,11.66,0.0,0.6,0.0583,0.0,2.9317,False,all_dynamic_snr,21.3671,0.8697
90,v3,v6,20.0,30.0,0.0,0.6,0.15,0.0,-3.6339,False,all_dynamic_snr,19.1822,0.7822
90,v3,v1,20.0,60.3,10.0,0.6,0.3015,0.1,-10.8932,True,all_dynamic_snr,15.2006,0.5424
90,v3,v11,20.0,75.06,10.0,0.6,0.3753,0.1,-12.4148,True,all_dynamic_snr,14.2205,0.4561
90,v4,v3,40.0,6.0,10.0,1.0,0.03,0.1,25.1413,False,all_dynamic_snr,22.4891,0.9018
90,v4,v7,40.0,10.0,10.0,1.0,0.05,0.1,21.5918,False,all_dynamic_snr,22.4792,0.9027
90,v4,v6,40.0,30.59,10.0,1.0,0.153,0.1,13.8216,False,all_dynamic_snr,22.3837,0.8994
90,v4,v1,40.0,60.0,0.0,1.0,0.3,0.0,11.5496,False,all_dynamic_snr,22.3088,0.8963
90,v4,v11,40.0,75.06,0.0,1.0,0.3753,0.0,9.9935,False,all_dynamic_snr,22.2207,0.8998
91,v1,v6,40.0,40.45,20.0,1.0,0.2022,0.2,10.4728,False,all_dynamic_snr,22.2576,0.8869
91,v1,v4,40.0,60.0,20.0,1.0,0.3,0.2,7.7326,False,all_dynamic_snr,22.0647,0.8859
91,v1,v7,40.0,60.0,0.0,1.0,0.3,0.0,11.5496,False,all_dynamic_snr,22.3119,0.8988
91,v1,v3,40.0,70.26,20.0,1.0,0.3513,0.2,6.636,False,all_dynamic_snr,21.955,0.8889
91,v1,v11,40.0,135.03,20.0,1.0,0.6752,0.2,2.096,False,all_dynamic_snr,21.177,0.873
91,v2,v1,20.0,175.03,20.0,0.6,0.8751,0.2,-19.7066,True,all_dynamic_snr,9.2072,0.2025
91,v3,v4,20.0,11.66,0.0,0.6,0.0583,0.0,2.9317,False,all_dynamic_snr,21.3535,0.8715
91,v3,v7,20.0,11.66,20.0,0.6,0.0583,0.2,-0.8853,False,all_dynamic_snr,20.3017,0.8346
91,v3,v6,20.0,30.0,0.0,0.6,0.15,0.0,-3.6339,False,all_dynamic_snr,19.1953,0.7676
91,v3,v11,20.0,65.07,0.0,0.6,0.3253,0.0,-9.014,True,all_dynamic_snr,16.3389,0.615
91,v3,v1,20.0,70.26,20.0,0.6,0.3513,0.2,-13.364,True,all_dynamic_snr,13.6364,0.4244
91,v4,v7,40.0,0.0,20.0,1.0,0.0,0.2,40.0,False,all_dynamic_snr,22.4967,0.8988
91,v4,v3,40.0,11.66,0.0,1.0,0.0583,0.0,22.9317,False,all_dynamic_snr,22.4829,0.8994
91,v4,v6,40.0,20.88,0.0,1.0,0.1044,0.0,18.8841,False,all_dynamic_snr,22.4594,0.8959
91,v4,v1,40.0,60.0,20.0,1.0,0.3,0.2,7.7326,False,all_dynamic_snr,22.0728,0.8969
91,v4,v11,40.0,75.06,0.0,1.0,0.3753,0.0,9.9935,False,all_dynamic_snr,22.2333,0.8949
92,v1,v7,40.0,60.0,20.0,1.0,0.3,0.2,7.7326,False,all_dynamic_snr,22.0721,0.8881
92,v1,v6,40.0,60.3,10.0,1.0,0.3015,0.1,9.1068,False,all_dynamic_snr,22.1763,0.8891
92,v1,v4,40.0,80.0,20.0,1.0,0.4,0.2,5.7336,False,all_dynamic_snr,21.8335,0.8854
92,v1,v3,40.0,90.2,30.0,1.0,0.451,0.3,3.9002,False,all_dynamic_snr,21.5493,0.8781
92,v1,v2,40.0,155.03,10.0,1.0,0.7751,0.1,2.5452,True,all_dynamic_snr,21.2807,0.8816
92,v2,v1,20.0,155.03,10.0,0.6,0.7751,0.1,-17.4548,True,all_dynamic_snr,10.7423,0.2668
92,v3,v4,20.0,11.66,10.0,0.6,0.0583,0.1,0.5234,False,all_dynamic_snr,20.7374,0.8391
92,v3,v6,20.0,30.0,20.0,0.6,0.15,0.2,-7.4509,False,all_dynamic_snr,17.2321,0.6852
92,v3,v7,20.0,30.59,10.0,0.6,0.153,0.1,-6.1784,False,all_dynamic_snr,17.9172,0.7266
92,v3,v5,20.0,65.07,10.0,0.6,0.3253,0.1,-11.4222,True,all_dynamic_snr,14.8668,0.5162
92,v3,v11,20.0,65.07,30.0,0.6,0.3253,0.3,-13.8305,True,all_dynamic_snr,13.2635,0.4041
92,v4,v3,40.0,11.66,10.0,1.0,0.0583,0.1,20.5234,False,all_dynamic_snr,22.4721,0.8959
92,v4,v7,40.0,20.0,0.0,1.0,0.1,0.0,19.1835,False,all_dynamic_snr,22.4616,0.8979
92,v4,v6,40.0,20.88,10.0,1.0,0.1044,0.1,16.4759,False,all_dynamic_snr,22.434,0.9018
92,v4,v5,40.0,75.06,0.0,1.0,0.3753,0.0,9.9935,False,all_dynamic_snr,22.2272,0.8902
92,v4,v11,40.0,75.06,20.0,1.0,0.3753,0.2,6.1765,False,all_dynamic_snr,21.8959,0.8916
93,v1,v7,40.0,40.0,10.0,1.0,0.2,0.1,11.9588,False,all_dynamic_snr,22.3188,0.8959
93,v1,v6,40.0,50.36,20.0,1.0,0.2518,0.2,8.9498,False,all_dynamic_snr,22.1604,0.8904
93,v1,v4,40.0,60.0,40.0,1.0,0.3,0.4,5.9578,False,all_dynamic_snr,21.872,0.8887
93,v1,v3,40.0,60.3,20.0,1.0,0.3015,0.2,7.698,False,all_dynamic_snr,22.0645,0.8943
93,v1,v5,40.0,135.03,30.0,1.0,0.6752,0.3,1.0965,False,all_dynamic_snr,20.9158,0.8488
93,v2,v1,20.0,165.03,40.0,0.6,0.8251,0.4,-21.0727,True,all_dynamic_snr,8.2563,0.1691
93,v3,v4,20.0,6.0,20.0,0.6,0.03,0.2,3.7326,False,all_dynamic_snr,21.5187,0.876
93,v3,v6,20.0,10.0,0.0,0.6,0.05,0.0,4.0,False,all_dynamic_snr,21.5664,0.882
93,v3,v7,20.0,20.88,10.0,0.6,0.1044,0.1,-3.5241,False,all_dynamic_snr,19.2424,0.7881
93,v3,v1,20.0,60.3,20.0,0.6,0.3015,0.2,-12.302,True,all_dynamic_snr,14.28,0.4723
93,v3,v5,20.0,75.06,10.0,0.6,0.3753,0.1,-12.4148,True,all_dynamic_snr,14.2135,0.4686
93,v4,v3,40.0,6.0,20.0,1.0,0.03,0.2,23.7326,False,all_dynamic_snr,22.4856,0.8998
93,v4,v6,40.0,11.66,20.0,1.0,0.0583,0.2,19.1147,False,all_dynamic_snr,22.4646,0.8998
93,v4,v7,40.0,20.0,30.0,1.0,0.1,0.3,14.367,False,all_dynamic_snr,22.3986,0.9002
93,v4,v1,40.0,60.0,40.0,1.0,0.3,0.4,5.9578,False,all_dynamic_snr,21.8718,0.8869
93,v4,v5,40.0,75.06,10.0,1.0,0.3753,0.1,7.5852,False,all_dynamic_snr,22.0467,0.8789
94,v1,v7,40.0,50.0,10.0,1.0,0.25,0.1,10.4082,False,all_dynamic_snr,22.248,0.8959
94,v1,v6,40.0,70.26,10.0,1.0,0.3513,0.1,8.0448,False,all_dynamic_snr,22.0908,0.8895
94,v1,v3,40.0,80.22,10.0,1.0,0.4011,0.1,7.1228,False,all_dynamic_snr,21.9966,0.8889
94,v1,v4,40.0,100.0,10.0,1.0,0.5,0.1,5.5918,False,all_dynamic_snr,21.8307,0.8891
94,v1,v2,40.0,125.04,20.0,1.0,0.6252,0.2,2.6305,False,all_dynamic_snr,21.2827,0.877
94,v2,v1,20.0,125.04,20.0,0.6,0.6252,0.2,-17.3695,True,all_dynamic_snr,10.81,0.2506
94,v2,v7,20.0,175.03,10.0,0.6,0.8751,0.1,-18.2979,True,all_dynamic_snr,10.1731,0.2465
94,v2,v6,20.0,195.02,30.0,0.6,0.9751,0.3,-21.4579,True,all_dynamic_snr,7.9568,0.1582
94,v3,v6,20.0,10.0,0.0,0.6,0.05,0.0,4.0,False,all_dynamic_snr,21.5741,0.8742
94,v3,v4,20.0,20.88,20.0,0.6,0.1044,0.2,-4.9329,False,all_dynamic_snr,18.5637,0.7498
94,v3,v7,20.0,30.59,20.0,0.6,0.153,0.2,-7.5872,False,all_dynamic_snr,17.1599,0.6666
94,v3,v1,20.0,80.22,10.0,0.6,0.4011,0.1,-12.8772,True,all_dynamic_snr,13.9253,0.4516
94,v3,v5,20.0,85.05,10.0,0.6,0.4253,0.1,-13.2833,True,all_dynamic_snr,13.6211,0.4299
94,v4,v3,40.0,20.88,20.0,1.0,0.1044,0.2,15.0671,False,all_dynamic_snr,22.4123,0.891
94,v4,v6,40.0,30.59,20.0,1.0,0.153,0.2,12.4128,False,all_dynamic_snr,22.3433,0.8969
94,v4,v7,40.0,50.0,0.0,1.0,0.25,0.0,12.8165,False,all_dynamic_snr,22.3592,0.8998
94,v4,v5,40.0,65.07,10.0,1.0,0.3253,0.1,8.5778,False,all_dynamic_snr,22.1372,0.8928
94,v4,v13,40.0,70.0,0.0,1.0,0.35,0.0,10.4784,False,all_dynamic_snr,22.2643,0.8953
95,v1,v7,40.0,40.0,40.0,1.0,0.2,0.4,8.7753,False,all_dynamic_snr,22.1436,0.885
95,v1,v6,40.0,80.22,40.0,1.0,0.4011,0.4,3.9393,False,all_dynamic_snr,21.5586,0.8723
95,v1,v4,40.0,90.0,10.0,1.0,0.45,0.1,6.3239,False,all_dynamic_snr,21.8967,0.8859
95,v1,v3,40.0,90.2,10.0,1.0,0.451,0.1,6.3085,False,all_dynamic_snr,21.9123,0.874
95,v1,v2,40.0,145.03,20.0,1.0,0.7252,0.2,1.5997,False,all_dynamic_snr,21.0384,0.8617
95,v2,v1,20.0,145.03,20.0,0.6,0.7252,0.2,-18.4003,True,all_dynamic_snr,10.1264,0.234
95,v2,v7,20.0,185.02,20.0,0.6,0.9251,0.2,-20.0926,True,all_dynamic_snr,8.9561,0.1863
95,v3,v4,20.0,6.0,0.0,0.6,0.03,0.0,7.5496,False,all_dynamic_snr,22.0509,0.8904
95,v3,v6,20.0,10.0,30.0,0.6,0.05,0.3,-0.8165,True,all_dynamic_snr,20.3225,0.8303
95,v3,v7,20.0,50.36,30.0,0.6,0.2518,0.3,-12.0497,True,all_dynamic_snr,14.4741,0.4732
95,v3,v13,20.0,70.26,10.0,0.6,0.3513,0.1,-11.9552,True,all_dynamic_snr,14.5209,0.4813
95,v3,v5,20.0,75.06,30.0,0.6,0.3753,0.3,-14.823,True,all_dynamic_snr,12.6039,0.3334
95,v4,v3,40.0,6.0,0.0,1.0,0.03,0.0,27.5496,False,all_dynamic_snr,22.4913,0.9014
95,v4,v6,40.0,11.66,30.0,1.0,0.0583,0.3,18.1152,False,all_dynamic_snr,22.451,0.8959
95,v4,v7,40.0,50.0,30.0,1.0,0.25,0.3,8.0,False,all_dynamic_snr,22.0957,0.9018
95,v4,v13,40.0,70.0,10.0,1.0,0.35,0.1,8.0702,False,all_dynamic_snr,22.1018,0.8906
95,v4,v5,40.0,75.06,30.0,1.0,0.3753,0.3,5.177,False,all_dynamic_snr,21.7541,0.8859
96,v1,v7,40.0,0.0,20.0,1.0,0.0,0.2,40.0,False,all_dynamic_snr,22.4965,0.8988
96,v1,v6,40.0,40.45,10.0,1.0,0.2022,0.1,11.8815,False,all_dynamic_snr,22.3216,0.8969
96,v1,v4,40.0,80.0,30.0,1.0,0.4,0.3,4.7341,False,all_dynamic_snr,21.6819,0.8885
96,v1,v3,40.0,80.22,10.0,1.0,0.4011,0.1,7.1228,False,all_dynamic_snr,22.0026,0.8863
96,v1,v5,40.0,125.04,10.0,1.0,0.6252,0.1,4.0392,False,all_dynamic_snr,21.572,0.8766
96,v2,v1,20.0,149.35,64.03,0.6,0.7467,0.6403,-21.7424,True,all_dynamic_snr,7.7739,0.1672
96,v2,v7,20.0,149.35,53.85,0.6,0.7467,0.5385,-21.2284,True,all_dynamic_snr,8.1048,0.1836
96,v2,v6,20.0,188.52,70.71,0.6,0.9426,0.7071,-23.6612,True,all_dynamic_snr,6.4658,0.1453
96,v3,v4,20.0,6.0,40.0,0.6,0.03,0.4,1.9578,True,all_dynamic_snr,21.1342,0.8641
96,v3,v6,20.0,40.0,0.0,0.6,0.2,0.0,-5.633,False,all_dynamic_snr,18.2285,0.7203
96,v3,v5,20.0,45.1,0.0,0.6,0.2255,0.0,-6.4668,False,all_dynamic_snr,17.777,0.693
96,v3,v1,20.0,80.22,10.0,0.6,0.4011,0.1,-12.8772,True,all_dynamic_snr,13.9111,0.4162
96,v3,v7,20.0,80.22,30.0,0.6,0.4011,0.3,-15.2854,True,all_dynamic_snr,12.2874,0.3254
96,v4,v3,40.0,6.0,40.0,1.0,0.03,0.4,21.9578,False,all_dynamic_snr,22.4787,0.8969
96,v4,v6,40.0,40.45,40.0,1.0,0.2022,0.4,8.698,False,all_dynamic_snr,22.1465,0.8963
96,v4,v5,40.0,45.1,40.0,1.0,0.2255,0.4,7.9414,False,all_dynamic_snr,22.0865,0.89
96,v4,v1,40.0,80.0,30.0,1.0,0.4,0.3,4.7341,False,all_dynamic_snr,21.6927,0.8854
96,v4,v7,40.0,80.0,10.0,1.0,0.4,0.1,7.1423,False,all_dynamic_snr,22.0097,0.884
97,v1,v7,40.0,20.0,0.0,1.0,0.1,0.0,19.1835,False,all_dynamic_snr,22.4647,0.8979
97,v1,v6,40.0,30.59,40.0,1.0,0.153,0.4,10.638,False,all_dynamic_snr,22.2699,0.8934
97,v1,v3,40.0,70.26,40.0,1.0,0.3513,0.4,4.8612,False,all_dynamic_snr,21.7194,0.8859
97,v1,v4,40.0,110.0,40.0,1.0,0.55,0.4,1.746,False,all_dynamic_snr,21.0861,0.8631
97,v1,v5,40.0,115.04,40.0,1.0,0.5752,0.4,1.4347,False,all_dynamic_snr,21.0116,0.8605
97,v2,v1,20.0,128.7,50.99,0.6,0.6435,0.5099,-20.0354,True,all_dynamic_snr,8.97,0.199
97,v2,v7,20.0,145.89,50.99,0.6,0.7295,0.5099,-20.9065,True,all_dynamic_snr,8.4035,0.1848
97,v2,v6,20.0,152.12,70.71,0.6,0.7606,0.7071,-22.1704,True,all_dynamic_snr,7.5229,0.1713
97,v2,v3,20.0,189.16,70.71,0.6,0.9458,0.7071,-23.6846,True,all_dynamic_snr,6.4431,0.1469
97,v3,v6,20.0,40.0,0.0,0.6,0.2,0.0,-5.633,False,all_dynamic_snr,18.2206,0.7312
97,v3,v4,20.0,40.45,0.0,0.6,0.2022,0.0,-5.7103,False,all_dynamic_snr,18.1881,0.7289
97,v3,v5,20.0,45.1,0.0,0.6,0.2255,0.0,-6.4668,False,all_dynamic_snr,17.7889,0.7127
97,v3,v7,20.0,50.36,40.0,0.6,0.2518,0.4,-12.825,True,all_dynamic_snr,13.939,0.4809
97,v3,v1,20.0,70.26,40.0,0.6,0.3513,0.4,-15.1388,True,all_dynamic_snr,12.4135,0.3838
97,v4,v5,40.0,5.83,0.0,1.0,0.0292,0.0,27.7482,False,all_dynamic_snr,22.4922,0.9008
97,v4,v3,40.0,40.45,0.0,1.0,0.2022,0.0,14.2897,False,all_dynamic_snr,22.3959,0.9037
97,v4,v13,40.0,60.0,20.0,1.0,0.3,0.2,7.7326,False,all_dynamic_snr,22.0549,0.883
97,v4,v6,40.0,80.22,0.0,1.0,0.4011,0.0,9.5311,False,all_dynamic_snr,22.1953,0.8953
97,v4,v15,40.0,80.22,20.0,1.0,0.4011,0.2,5.7141,False,all_dynamic_snr,21.8527,0.8914
98,v1,v6,40.0,11.66,0.0,1.0,0.0583,0.0,22.9317,False,all_dynamic_snr,22.4813,0.8979
98,v1,v7,40.0,20.0,10.0,1.0,0.1,0.1,16.7753,False,all_dynamic_snr,22.4372,0.8988
98,v1,v3,40.0,30.59,20.0,1.0,0.153,0.2,12.4128,False,all_dynamic_snr,22.3383,0.9072
98,v1,v4,40.0,70.0,0.0,1.0,0.35,0.0,10.4784,False,all_dynamic_snr,22.2603,0.8871
98,v1,v5,40.0,75.06,20.0,1.0,0.3753,0.2,6.1765,False,all_dynamic_snr,21.891,0.8846
98,v2,v6,20.0,144.01,36.06,0.6,0.7201,0.3606,-19.8407,True,all_dynamic_snr,9.1289,0.2014
98,v2,v1,20.0,154.93,36.06,0.6,0.7747,0.3606,-20.3485,True,all_dynamic_snr,8.791,0.1953
98,v2,v7,20.0,168.3,28.28,0.6,0.8415,0.2828,-20.2814,True,all_dynamic_snr,8.8579,0.2025
98,v2,v3,20.0,171.41,22.36,0.6,0.857,0.2236,-19.8246,True,all_dynamic_snr,9.139,0.2062
98,v3,v7,20.0,11.66,10.0,0.6,0.0583,0.1,0.5234,False,all_dynamic_snr,20.7551,0.8543
98,v3,v1,20.0,30.59,20.0,0.6,0.153,0.2,-7.5872,False,all_dynamic_snr,17.1719,0.674
98,v3,v6,20.0,40.0,20.0,0.6,0.2,0.2,-9.4499,False,all_dynamic_snr,16.0883,0.6215
98,v3,v4,20.0,40.45,20.0,0.6,0.2022,0.2,-9.5272,False,all_dynamic_snr,16.0513,0.5994
98,v3,v5,20.0,45.1,40.0,0.6,0.2255,0.4,-12.0586,True,all_dynamic_snr,14.4925,0.4918
98,v4,v5,40.0,5.83,20.0,1.0,0.0292,0.2,23.9312,False,all_dynamic_snr,22.485,0.9023
98,v4,v3,40.0,40.45,20.0,1.0,0.2022,0.2,10.4728,False,all_dynamic_snr,22.2597,0.8965
98,v4,v7,40.0,50.0,10.0,1.0,0.25,0.1,10.4082,False,all_dynamic_snr,22.2496,0.8973
98,v4,v1,40.0,70.0,0.0,1.0,0.35,0.0,10.4784,False,all_dynamic_snr,22.2598,0.8865
98,v4,v13,40.0,80.0,10.0,1.0,0.4,0.1,7.1423,False,all_dynamic_snr,22.0049,0.8889
99,v1,v6,40.0,11.66,0.0,1.0,0.0583,0.0,22.9317,False,all_dynamic_snr,22.4819,0.8998
99,v1,v7,40.0,30.0,20.0,1.0,0.15,0.2,12.5491,False,all_dynamic_snr,22.3443,0.9008
99,v1,v3,40.0,50.36,10.0,1.0,0.2518,0.1,10.3586,False,all_dynamic_snr,22.2499,0.9016
99,v1,v5,40.0,55.08,10.0,1.0,0.2754,0.1,9.7356,False,all_dynamic_snr,22.2193,0.893
99,v1,v4,40.0,70.0,20.0,1.0,0.35,0.2,6.6615,False,all_dynamic_snr,21.9606,0.8908
99,v2,v6,20.0,146.01,58.31,0.6,0.7301,0.5831,-21.3061,True,all_dynamic_snr,8.0745,0.1641
99,v2,v1,20.0,155.64,58.31,0.6,0.7782,0.5831,-21.7498,True,all_dynamic_snr,7.754,0.1541
99,v2,v7,20.0,170.89,50.99,0.6,0.8545,0.5099,-22.0056,True,all_dynamic_snr,7.5568,0.1697
99,v2,v3,20.0,178.55,64.03,0.6,0.8927,0.6403,-22.9835,True,all_dynamic_snr,6.9336,0.1428
99,v2,v5,20.0,184.11,64.03,0.6,0.9206,0.6403,-23.1967,True,all_dynamic_snr,6.839,0.1355
99,v3,v5,20.0,5.83,0.0,0.6,0.0292,0.0,7.7482,False,all_dynamic_snr,22.0708,0.8947
99,v3,v4,20.0,20.88,10.0,0.6,0.1044,0.1,-3.5241,False,all_dynamic_snr,19.2357,0.7854
99,v3,v7,20.0,20.88,30.0,0.6,0.1044,0.3,-5.9324,True,all_dynamic_snr,18.0647,0.7234
99,v3,v1,20.0,50.36,10.0,0.6,0.2518,0.1,-9.6414,False,all_dynamic_snr,15.9894,0.5832
99,v3,v6,20.0,60.0,10.0,0.6,0.3,0.1,-10.8587,True,all_dynamic_snr,15.2341,0.5332
99,v4,v5,40.0,15.3,10.0,1.0,0.0765,0.1,18.638,False,all_dynamic_snr,22.4587,0.8949
99,v4,v3,40.0,20.88,10.0,1.0,0.1044,0.1,16.4759,False,all_dynamic_snr,22.4373,0.8979
99,v4,v7,40.0,40.0,40.0,1.0,0.2,0.4,8.7753,False,all_dynamic_snr,22.1515,0.8914
99,v4,v1,40.0,70.0,20.0,1.0,0.35,0.2,6.6615,False,all_dynamic_snr,21.9479,0.8842
99,v4,v13,40.0,70.0,20.0,1.0,0.35,0.2,6.6615,False,all_dynamic_snr,21.9612,0.8979
100,v1,v6,40.0,11.66,10.0,1.0,0.0583,0.1,20.5234,False,all_dynamic_snr,22.4718,0.8982
100,v1,v3,40.0,40.45,20.0,1.0,0.2022,0.2,10.4728,False,all_dynamic_snr,22.2598,0.8904
100,v1,v5,40.0,45.1,30.0,1.0,0.2255,0.3,8.7167,False,all_dynamic_snr,22.148,0.8918
100,v1,v4,40.0,50.0,10.0,1.0,0.25,0.1,10.4082,False,all_dynamic_snr,22.2537,0.891
100,v1,v7,40.0,50.0,10.0,1.0,0.25,0.1,10.4082,False,all_dynamic_snr,22.2561,0.8938
100,v2,v6,20.0,186.12,50.0,0.6,0.9306,0.5,-22.5418,True,all_dynamic_snr,7.2413,0.1662
100,v2,v1,20.0,193.76,44.72,0.6,0.9688,0.4472,-22.5016,True,all_dynamic_snr,7.2614,0.1654
100,v2,v3,20.0,199.85,56.57,0.6,0.9992,0.5657,-23.3974,True,all_dynamic_snr,6.6569,0.143
100,v3,v5,20.0,5.83,10.0,0.6,0.0292,0.1,5.3399,False,all_dynamic_snr,21.7761,0.8801
100,v3,v4,20.0,11.66,10.0,0.6,0.0583,0.1,0.5234,False,all_dynamic_snr,20.745,0.8289
100,v3,v7,20.0,11.66,30.0,0.6,0.0583,0.3,-1.8848,True,all_dynamic_snr,19.919,0.8039
100,v3,v1,20.0,40.45,20.0,0.6,0.2022,0.2,-9.5272,False,all_dynamic_snr,16.025,0.5971
100,v3,v6,20.0,50.0,10.0,0.6,0.25,0.1,-9.5918,False,all_dynamic_snr,15.9919,0.5764
100,v4,v7,40.0,0.0,20.0,1.0,0.0,0.2,40.0,False,all_dynamic_snr,22.4962,0.8998
100,v4,v5,40.0,5.83,20.0,1.0,0.0292,0.2,23.9312,False,all_dynamic_snr,22.4866,0.8994
100,v4,v3,40.0,11.66,10.0,1.0,0.0583,0.1,20.5234,False,all_dynamic_snr,22.473,0.9043
100,v4,v1,40.0,50.0,10.0,1.0,0.25,0.1,10.4082,False,all_dynamic_snr,22.2495,0.8953
100,v4,v6,40.0,60.3,0.0,1.0,0.3015,0.0,11.515,False,all_dynamic_snr,22.3074,0.8895
101,v1,v5,40.0,15.3,0.0,1.0,0.0765,0.0,21.0463,False,all_dynamic_snr,22.4757,0.8998
101,v1,v6,40.0,18.6,50.0,1.0,0.093,0.5,13.4622,False,all_dynamic_snr,22.3717,0.8885
101,v1,v3,40.0,20.88,0.0,1.0,0.1044,0.0,18.8841,False,all_dynamic_snr,22.463,0.8939
101,v1,v4,40.0,40.0,20.0,1.0,0.2,0.2,10.5501,False,all_dynamic_snr,22.2605,0.8963
101,v1,v7,40.0,60.0,0.0,1.0,0.3,0.0,11.5496,False,all_dynamic_snr,22.3099,0.8943
101,v3,v5,20.0,5.83,0.0,0.6,0.0292,0.0,7.7482,False,all_dynamic_snr,22.0685,0.8934
101,v3,v1,20.0,20.88,0.0,0.6,0.1044,0.0,-1.1159,False,all_dynamic_snr,20.2104,0.823
101,v3,v4,20.0,20.88,20.0,0.6,0.1044,0.2,-4.9329,False,all_dynamic_snr,18.5858,0.7377
101,v3,v6,20.0,35.36,50.0,0.6,0.1768,0.5,-11.0005,True,all_dynamic_snr,15.1449,0.5445
101,v3,v7,20.0,40.45,0.0,0.6,0.2022,0.0,-5.7103,False,all_dynamic_snr,18.1819,0.7254
101,v4,v7,40.0,20.0,20.0,1.0,0.1,0.2,15.3666,False,all_dynamic_snr,22.4177,0.8979
101,v4,v3,40.0,20.88,20.0,1.0,0.1044,0.2,15.0671,False,all_dynamic_snr,22.4134,0.8994
101,v4,v5,40.0,25.18,20.0,1.0,0.1259,0.2,13.7663,False,all_dynamic_snr,22.3813,0.8988
101,v4,v1,40.0,40.0,20.0,1.0,0.2,0.2,10.5501,False,all_dynamic_snr,22.2629,0.8988
101,v4,v6,40.0,56.09,36.06,1.0,0.2804,0.3606,6.7117,False,all_dynamic_snr,21.9536,0.8824
102,v1,v5,40.0,9.49,40.0,1.0,0.0474,0.4,18.7743,False,all_dynamic_snr,22.4619,0.9008
102,v1,v3,40.0,10.0,40.0,1.0,0.05,0.4,18.4082,False,all_dynamic_snr,22.4576,0.8936
102,v1,v6,40.0,22.8,30.0,1.0,0.114,0.3,13.4555,False,all_dynamic_snr,22.3732,0.8947
102,v1,v4,40.0,45.19,53.85,1.0,0.2259,0.5385,7.0782,False,all_dynamic_snr,22.0009,0.8889
102,v1,v7,40.0,45.19,58.31,1.0,0.2259,0.5831,6.8437,False,all_dynamic_snr,21.9665,0.8826
102,v3,v5,20.0,3.16,0.0,0.6,0.0158,0.0,12.0,False,all_dynamic_snr,22.3289,0.9004
102,v3,v1,20.0,10.0,40.0,0.6,0.05,0.4,-1.5918,True,all_dynamic_snr,20.0182,0.81
102,v3,v6,20.0,30.0,10.0,0.6,0.15,0.1,-6.0422,False,all_dynamic_snr,18.0322,0.7236
102,v3,v4,20.0,36.69,22.36,0.6,0.1834,0.2236,-9.1125,False,all_dynamic_snr,16.3008,0.6078
102,v3,v7,20.0,36.69,31.62,0.6,0.1834,0.3162,-9.987,True,all_dynamic_snr,15.7451,0.5627
102,v4,v7,40.0,0.0,10.0,1.0,0.0,0.1,40.0,False,all_dynamic_snr,22.4965,0.8988
102,v4,v3,40.0,36.69,22.36,1.0,0.1834,0.2236,10.8875,False,all_dynamic_snr,22.2789,0.8973
102,v4,v5,40.0,39.29,22.36,1.0,0.1965,0.2236,10.4107,False,all_dynamic_snr,22.2537,0.8959
102,v4,v1,40.0,45.19,53.85,1.0,0.2259,0.5385,7.0782,False,all_dynamic_snr,21.9951,0.8863
102,v4,v6,40.0,53.91,28.28,1.0,0.2695,0.2828,7.6295,False,all_dynamic_snr,22.0559,0.8885
103,v1,v6,40.0,10.0,30.0,1.0,0.05,0.3,19.1835,False,all_dynamic_snr,22.463,0.8969
103,v1,v3,40.0,48.37,10.0,1.0,0.2419,0.1,10.638,False,all_dynamic_snr,22.2683,0.8998
103,v1,v5,40.0,49.09,20.0,1.0,0.2455,0.2,9.1269,False,all_dynamic_snr,22.1739,0.8902
103,v1,v7,40.0,69.87,50.99,1.0,0.3494,0.5099,4.2091,False,all_dynamic_snr,21.6081,0.8846
103,v1,v4,40.0,72.12,58.31,1.0,0.3606,0.5831,3.5948,False,all_dynamic_snr,21.5043,0.8787
103,v3,v5,20.0,3.16,10.0,0.6,0.0158,0.1,9.5918,False,all_dynamic_snr,22.2047,0.8955
103,v3,v7,20.0,21.59,41.23,0.6,0.1079,0.4123,-7.0234,True,all_dynamic_snr,17.4898,0.6945
103,v3,v4,20.0,25.81,50.0,0.6,0.129,0.5,-8.813,True,all_dynamic_snr,16.4749,0.6131
103,v3,v6,20.0,40.0,20.0,0.6,0.2,0.2,-9.4499,False,all_dynamic_snr,16.0701,0.6098
103,v3,v1,20.0,48.37,10.0,0.6,0.2419,0.1,-9.362,False,all_dynamic_snr,16.1442,0.6088
103,v4,v7,40.0,10.0,20.0,1.0,0.05,0.2,20.183,False,all_dynamic_snr,22.4712,0.893
103,v4,v3,40.0,25.81,50.0,1.0,0.129,0.5,11.187,False,all_dynamic_snr,22.2941,0.89
103,v4,v5,40.0,26.91,42.43,1.0,0.1345,0.4243,11.3657,False,all_dynamic_snr,22.3044,0.8945
103,v4,v6,40.0,62.82,36.06,1.0,0.3141,0.3606,5.9245,False,all_dynamic_snr,21.876,0.8873
103,v4,v1,40.0,72.12,58.31,1.0,0.3606,0.5831,3.5948,False,all_dynamic_snr,21.4988,0.8746
104,v1,v6,40.0,38.47,0.0,1.0,0.1924,0.0,14.6379,False,all_dynamic_snr,22.4048,0.8998
104,v1,v3,40.0,58.31,30.0,1.0,0.2915,0.3,6.9317,False,all_dynamic_snr,21.982,0.8865
104,v1,v5,40.0,69.07,30.0,1.0,0.3453,0.3,5.7554,False,all_dynamic_snr,21.8441,0.8936
104,v1,v4,40.0,110.0,20.0,1.0,0.55,0.2,3.5207,False,all_dynamic_snr,21.4867,0.875
104,v1,v7,40.0,119.0,44.72,1.0,0.595,0.4472,0.8857,False,all_dynamic_snr,20.8554,0.8484
104,v3,v5,20.0,11.4,0.0,0.6,0.057,0.0,3.0885,False,all_dynamic_snr,21.391,0.8697
104,v3,v6,20.0,20.0,30.0,0.6,0.1,0.3,-5.633,True,all_dynamic_snr,18.2296,0.7389
104,v3,v4,20.0,52.35,10.0,0.6,0.2617,0.1,-9.9102,False,all_dynamic_snr,15.8129,0.5699
104,v3,v1,20.0,58.31,30.0,0.6,0.2915,0.3,-13.0683,True,all_dynamic_snr,13.7942,0.4217
104,v3,v7,20.0,61.2,22.36,0.6,0.306,0.2236,-12.6687,True,all_dynamic_snr,14.0484,0.4787
104,v4,v7,40.0,9.06,28.28,1.0,0.0453,0.2828,20.0253,False,all_dynamic_snr,22.4675,0.8969
104,v4,v5,40.0,41.11,10.0,1.0,0.2055,0.1,11.7687,False,all_dynamic_snr,22.318,0.8953
104,v4,v13,40.0,51.79,53.85,1.0,0.2589,0.5385,6.131,False,all_dynamic_snr,21.8905,0.8842
104,v4,v3,40.0,52.35,10.0,1.0,0.2617,0.1,10.0898,False,all_dynamic_snr,22.243,0.9012
104,v4,v6,40.0,72.25,20.0,1.0,0.3612,0.2,6.4417,False,all_dynamic_snr,21.9258,0.8902
105,v1,v6,40.0,38.47,20.0,1.0,0.1924,0.2,10.8209,False,all_dynamic_snr,22.275,0.8924
105,v1,v3,40.0,88.2,0.0,1.0,0.441,0.0,8.8722,False,all_dynamic_snr,22.1585,0.89
105,v1,v5,40.0,99.05,0.0,1.0,0.4952,0.0,8.0666,False,all_dynamic_snr,22.0899,0.8898
105,v1,v4,40.0,130.0,0.0,1.0,0.65,0.0,6.1769,False,all_dynamic_snr,21.8973,0.882
105,v1,v7,40.0,140.0,10.0,1.0,0.7,0.1,3.2537,False,all_dynamic_snr,21.4277,0.875
105,v3,v5,20.0,11.4,0.0,0.6,0.057,0.0,3.0885,False,all_dynamic_snr,21.3946,0.8787
105,v3,v4,20.0,42.43,0.0,0.6,0.2121,0.0,-6.0422,False,all_dynamic_snr,18.0069,0.7203
105,v3,v6,20.0,50.0,20.0,0.6,0.25,0.2,-11.0005,False,all_dynamic_snr,15.134,0.5395
105,v3,v7,20.0,52.35,10.0,0.6,0.2617,0.1,-9.9102,False,all_dynamic_snr,15.8083,0.5975
105,v3,v13,20.0,71.18,53.85,0.6,0.3559,0.5385,-16.0787,True,all_dynamic_snr,11.7325,0.3109
105,v4,v7,40.0,10.0,10.0,1.0,0.05,0.1,21.5918,False,all_dynamic_snr,22.4771,0.9008
105,v4,v13,40.0,29.02,53.85,1.0,0.1451,0.5385,10.1561,False,all_dynamic_snr,22.2358,0.8953
105,v4,v5,40.0,31.14,0.0,1.0,0.1557,0.0,16.1058,False,all_dynamic_snr,22.4309,0.9033
105,v4,v3,40.0,42.43,0.0,1.0,0.2121,0.0,13.9578,False,all_dynamic_snr,22.3924,0.8969
105,v4,v15,40.0,55.95,53.85,1.0,0.2797,0.5385,5.5943,False,all_dynamic_snr,21.8107,0.8832
106,v1,v6,40.0,18.97,30.0,1.0,0.0949,0.3,14.7331,False,all_dynamic_snr,22.402,0.8918
106,v1,v3,40.0,88.2,10.0,1.0,0.441,0.1,6.4639,False,all_dynamic_snr,21.9298,0.8859
106,v1,v5,40.0,99.05,40.0,1.0,0.4952,0.4,2.4749,False,all_dynamic_snr,21.2621,0.859
106,v1,v4,40.0,130.0,0.0,1.0,0.65,0.0,6.1769,False,all_dynamic_snr,21.8931,0.8805
106,v1,v13,40.0,130.0,30.0,1.0,0.65,0.3,1.3604,False,all_dynamic_snr,20.9763,0.8664
106,v3,v5,20.0,11.4,30.0,0.6,0.057,0.3,-1.728,True,all_dynamic_snr,19.9917,0.8014
106,v3,v4,20.0,42.43,10.0,0.6,0.2121,0.1,-8.4504,False,all_dynamic_snr,16.6927,0.6379
106,v3,v13,20.0,42.43,20.0,0.6,0.2121,0.2,-9.8592,False,all_dynamic_snr,15.8401,0.5943
106,v3,v7,20.0,62.29,10.0,0.6,0.3114,0.1,-11.1189,True,all_dynamic_snr,15.0539,0.5311
106,v3,v6,20.0,70.0,20.0,0.6,0.35,0.2,-13.3385,True,all_dynamic_snr,13.6022,0.4189
106,v4,v13,40.0,0.0,30.0,1.0,0.0,0.3,40.0,False,all_dynamic_snr,22.4968,0.8998
106,v4,v7,40.0,20.0,20.0,1.0,0.1,0.2,15.3666,False,all_dynamic_snr,22.4203,0.8988
106,v4,v5,40.0,31.14,40.0,1.0,0.1557,0.4,10.5141,False,all_dynamic_snr,22.2629,0.8953
106,v4,v15,40.0,38.47,0.0,1.0,0.1924,0.0,14.6379,False,all_dynamic_snr,22.4006,0.8969
106,v4,v3,40.0,42.43,10.0,1.0,0.2121,0.1,11.5496,False,all_dynamic_snr,22.312,0.891
107,v1,v6,40.0,48.37,10.0,1.0,0.2419,0.1,10.638,False,all_dynamic_snr,22.2605,0.8904
107,v1,v3,40.0,98.18,10.0,1.0,0.4909,0.1,5.7191,False,all_dynamic_snr,21.8367,0.8885
107,v1,v4,40.0,130.0,20.0,1.0,0.65,0.2,2.3599,False,all_dynamic_snr,21.2368,0.8693
107,v1,v5,40.0,139.03,10.0,1.0,0.6952,0.1,3.3019,False,all_dynamic_snr,21.4322,0.8799
107,v1,v13,40.0,160.0,20.0,1.0,0.8,0.2,0.9171,True,all_dynamic_snr,20.8619,0.8387
107,v2,v1,20.0,191.02,40.0,0.6,0.9551,0.4,-22.0892,True,all_dynamic_snr,7.5609,0.1615
107,v3,v4,20.0,32.56,10.0,0.6,0.1628,0.1,-6.6107,False,all_dynamic_snr,17.7182,0.7146
107,v3,v5,20.0,41.11,0.0,0.6,0.2055,0.0,-5.8231,False,all_dynamic_snr,18.1252,0.7156
107,v3,v6,20.0,50.0,0.0,0.6,0.25,0.0,-7.1835,False,all_dynamic_snr,17.3976,0.6947
107,v3,v13,20.0,62.29,10.0,0.6,0.3114,0.1,-11.1189,True,all_dynamic_snr,15.0774,0.5086
107,v3,v15,20.0,70.0,30.0,0.6,0.35,0.3,-14.338,True,all_dynamic_snr,12.9555,0.3973
107,v4,v5,40.0,9.49,10.0,1.0,0.0474,0.1,21.9578,False,all_dynamic_snr,22.4801,0.8959
107,v4,v13,40.0,30.0,0.0,1.0,0.15,0.0,16.3661,False,all_dynamic_snr,22.4336,0.8977
107,v4,v3,40.0,32.56,10.0,1.0,0.1628,0.1,13.3893,False,all_dynamic_snr,22.3734,0.9018
107,v4,v15,40.0,38.47,20.0,1.0,0.1924,0.2,10.8209,False,all_dynamic_snr,22.2697,0.9018
107,v4,v7,40.0,40.0,0.0,1.0,0.2,0.0,14.367,False,all_dynamic_snr,22.3962,0.89
108,v1,v6,40.0,38.47,10.0,1.0,0.1924,0.1,12.2297,False,all_dynamic_snr,22.3358,0.8959
108,v1,v3,40.0,88.2,10.0,1.0,0.441,0.1,6.4639,False,all_dynamic_snr,21.9386,0.8883
108,v1,v4,40.0,110.0,40.0,1.0,0.55,0.4,1.746,False,all_dynamic_snr,21.0719,0.858
108,v1,v15,40.0,128.14,0.0,1.0,0.6407,0.0,6.277,False,all_dynamic_snr,21.9133,0.8879
108,v1,v5,40.0,129.03,40.0,1.0,0.6452,0.4,0.6369,False,all_dynamic_snr,20.7702,0.8541
108,v3,v4,20.0,22.8,30.0,0.6,0.114,0.3,-6.5445,True,all_dynamic_snr,17.7407,0.7123
108,v3,v15,20.0,40.0,10.0,0.6,0.2,0.1,-8.0412,False,all_dynamic_snr,16.8929,0.6746
108,v3,v5,20.0,41.11,30.0,0.6,0.2055,0.3,-10.6396,True,all_dynamic_snr,15.3512,0.5391
108,v3,v6,20.0,50.0,0.0,0.6,0.25,0.0,-7.1835,False,all_dynamic_snr,17.3955,0.7041
108,v3,v13,20.0,52.35,10.0,0.6,0.2617,0.1,-9.9102,False,all_dynamic_snr,15.8261,0.6008
108,v4,v15,40.0,18.97,40.0,1.0,0.0949,0.4,13.9578,False,all_dynamic_snr,22.3843,0.9027
108,v4,v5,40.0,19.24,0.0,1.0,0.0962,0.0,19.4544,False,all_dynamic_snr,22.4654,0.8975
108,v4,v3,40.0,22.8,30.0,1.0,0.114,0.3,13.4555,False,all_dynamic_snr,22.3701,0.8949
108,v4,v13,40.0,30.0,40.0,1.0,0.15,0.4,10.7743,False,all_dynamic_snr,22.2722,0.9037
108,v4,v7,40.0,40.0,30.0,1.0,0.2,0.3,9.5506,False,all_dynamic_snr,22.1968,0.9037
109,v1,v6,40.0,28.64,20.0,1.0,0.1432,0.2,12.8725,False,all_dynamic_snr,22.3552,0.8908
109,v1,v4,40.0,70.0,0.0,1.0,0.35,0.0,10.4784,False,all_dynamic_snr,22.2627,0.8969
109,v1,v3,40.0,78.23,10.0,1.0,0.3912,0.1,7.2977,False,all_dynamic_snr,22.0318,0.8865
109,v1,v5,40.0,89.05,20.0,1.0,0.4453,0.2,4.9888,False,all_dynamic_snr,21.7382,0.873
109,v1,v15,40.0,128.14,10.0,1.0,0.6407,0.1,3.8688,False,all_dynamic_snr,21.5436,0.8545
109,v3,v4,20.0,10.0,10.0,0.6,0.05,0.1,1.5918,False,all_dynamic_snr,21.0425,0.8527
109,v3,v5,20.0,11.4,10.0,0.6,0.057,0.1,0.6802,False,all_dynamic_snr,20.7947,0.8568
109,v3,v6,20.0,50.0,10.0,0.6,0.25,0.1,-9.5918,False,all_dynamic_snr,16.0343,0.5705
109,v3,v15,20.0,50.0,0.0,0.6,0.25,0.0,-7.1835,False,all_dynamic_snr,17.4186,0.673
109,v3,v7,20.0,62.29,0.0,0.6,0.3114,0.0,-8.7107,True,all_dynamic_snr,16.5169,0.6273
109,v4,v3,40.0,10.0,10.0,1.0,0.05,0.1,21.5918,False,all_dynamic_snr,22.4778,0.8988
109,v4,v5,40.0,19.24,20.0,1.0,0.0962,0.2,15.6374,False,all_dynamic_snr,22.4226,0.8953
109,v4,v6,40.0,42.43,20.0,1.0,0.2121,0.2,10.1408,False,all_dynamic_snr,22.2451,0.8969
109,v4,v15,40.0,58.31,10.0,1.0,0.2915,0.1,9.3399,False,all_dynamic_snr,22.1911,0.8936
109,v4,v1,40.0,70.0,0.0,1.0,0.35,0.0,10.4784,False,all_dynamic_snr,22.2558,0.9053
110,v1,v6,40.0,48.37,10.0,1.0,0.2419,0.1,10.638,False,all_dynamic_snr,22.2657,0.8889
110,v1,v4,40.0,70.0,20.0,1.0,0.35,0.2,6.6615,False,all_dynamic_snr,21.9474,0.8824
110,v1,v3,40.0,88.2,20.0,1.0,0.441,0.2,5.0552,False,all_dynamic_snr,21.7538,0.8762
110,v1,v5,40.0,109.04,20.0,1.0,0.5452,0.2,3.5816,False,all_dynamic_snr,21.4911,0.8549
110,v1,v15,40.0,138.13,40.0,1.0,0.6907,0.4,0.1636,True,all_dynamic_snr,20.6455,0.8498
110,v3,v4,20.0,18.97,0.0,0.6,0.0949,0.0,-0.4504,False,all_dynamic_snr,20.437,0.8387
110,v3,v5,20.0,21.21,0.0,0.6,0.1061,0.0,-1.2257,False,all_dynamic_snr,20.1606,0.824
110,v3,v6,20.0,40.0,10.0,0.6,0.2,0.1,-8.0412,False,all_dynamic_snr,16.941,0.6488
110,v3,v15,20.0,50.0,20.0,0.6,0.25,0.2,-11.0005,False,all_dynamic_snr,15.1249,0.524
110,v3,v7,20.0,62.29,10.0,0.6,0.3114,0.1,-11.1189,True,all_dynamic_snr,15.0683,0.533
110,v4,v3,40.0,18.97,0.0,1.0,0.0949,0.0,19.5496,False,all_dynamic_snr,22.4645,0.9033
110,v4,v6,40.0,22.8,10.0,1.0,0.114,0.1,15.8637,False,all_dynamic_snr,22.4235,0.8963
110,v4,v5,40.0,39.12,0.0,1.0,0.1956,0.0,14.5225,False,all_dynamic_snr,22.4051,0.8988
110,v4,v15,40.0,68.26,20.0,1.0,0.3413,0.2,6.8359,False,all_dynamic_snr,21.9708,0.8852
110,v4,v1,40.0,70.0,20.0,1.0,0.35,0.2,6.6615,False,all_dynamic_snr,21.9632,0.8895
111,v1,v6,40.0,58.31,10.0,1.0,0.2915,0.1,9.3399,False,all_dynamic_snr,22.1858,0.8982
111,v1,v4,40.0,90.0,40.0,1.0,0.45,0.4,3.1404,False,all_dynamic_snr,21.3936,0.8584
111,v1,v3,40.0,108.17,30.0,1.0,0.5408,0.3,2.638,False,all_dynamic_snr,21.3043,0.8758
111,v1,v5,40.0,129.03,30.0,1.0,0.6452,0.3,1.4122,False,all_dynamic_snr,20.9952,0.8492
111,v1,v15,40.0,178.1,30.0,1.0,0.8905,0.3,-0.8271,True,all_dynamic_snr,20.304,0.8377
111,v3,v4,20.0,18.97,10.0,0.6,0.0949,0.1,-2.8587,False,all_dynamic_snr,19.5501,0.8051
111,v3,v5,20.0,21.21,0.0,0.6,0.1061,0.0,-1.2257,False,all_dynamic_snr,20.1815,0.8297
111,v3,v6,20.0,50.0,20.0,0.6,0.25,0.2,-11.0005,False,all_dynamic_snr,15.1424,0.5285
111,v3,v15,20.0,70.0,0.0,0.6,0.35,0.0,-9.5216,True,all_dynamic_snr,16.0385,0.5979
111,v3,v7,20.0,72.25,20.0,0.6,0.3612,0.2,-13.5583,True,all_dynamic_snr,13.4646,0.4176
111,v4,v3,40.0,18.97,10.0,1.0,0.0949,0.1,17.1413,False,all_dynamic_snr,22.4411,0.8959
111,v4,v6,40.0,32.56,30.0,1.0,0.1628,0.3,10.9811,False,all_dynamic_snr,22.2812,0.9002
111,v4,v5,40.0,39.12,10.0,1.0,0.1956,0.1,12.1142,False,all_dynamic_snr,22.332,0.9037
111,v4,v15,40.0,88.2,10.0,1.0,0.441,0.1,6.4639,False,all_dynamic_snr,21.9296,0.8811
111,v4,v1,40.0,90.0,40.0,1.0,0.45,0.4,3.1404,False,all_dynamic_snr,21.3945,0.8633
112,v1,v6,40.0,48.37,10.0,1.0,0.2419,0.1,10.638,False,all_dynamic_snr,22.2683,0.8992
112,v1,v4,40.0,50.0,20.0,1.0,0.25,0.2,8.9995,False,all_dynamic_snr,22.1676,0.8887
112,v1,v3,40.0,78.23,0.0,1.0,0.3912,0.0,9.706,False,all_dynamic_snr,22.2076,0.8895
112,v1,v5,40.0,99.05,20.0,1.0,0.4952,0.2,4.2497,False,all_dynamic_snr,21.61,0.883
112,v1,v15,40.0,148.12,10.0,1.0,0.7406,0.1,2.8619,False,all_dynamic_snr,21.3547,0.8648
112,v3,v5,20.0,21.21,20.0,0.6,0.1061,0.2,-5.0427,False,all_dynamic_snr,18.5102,0.7596
112,v3,v4,20.0,28.64,20.0,0.6,0.1432,0.2,-7.1275,False,all_dynamic_snr,17.411,0.7051
112,v3,v6,20.0,30.0,10.0,0.6,0.15,0.1,-6.0422,False,all_dynamic_snr,18.0022,0.7152
112,v3,v15,20.0,70.0,10.0,0.6,0.35,0.1,-11.9298,True,all_dynamic_snr,14.5506,0.493
112,v3,v1,20.0,78.23,0.0,0.6,0.3912,0.0,-10.294,True,all_dynamic_snr,15.5683,0.5379
112,v4,v6,40.0,6.32,30.0,1.0,0.0316,0.3,22.367,False,all_dynamic_snr,22.4816,0.8998
112,v4,v3,40.0,28.64,20.0,1.0,0.1432,0.2,12.8725,False,all_dynamic_snr,22.3586,0.8889
112,v4,v5,40.0,49.09,0.0,1.0,0.2455,0.0,12.9439,False,all_dynamic_snr,22.3587,0.8994
112,v4,v1,40.0,50.0,20.0,1.0,0.25,0.2,8.9995,False,all_dynamic_snr,22.1771,0.8953
112,v4,v15,40.0,98.18,30.0,1.0,0.4909,0.3,3.3109,False,all_dynamic_snr,21.4293,0.8729
113,v1,v6,40.0,38.47,20.0,1.0,0.1924,0.2,10.8209,False,all_dynamic_snr,22.2771,0.8939
113,v1,v4,40.0,70.0,20.0,1.0,0.35,0.2,6.6615,False,all_dynamic_snr,21.9616,0.8992
113,v1,v3,40.0,78.23,0.0,1.0,0.3912,0.0,9.706,False,all_dynamic_snr,22.2116,0.8934
113,v1,v5,40.0,119.04,10.0,1.0,0.5952,0.1,4.3808,False,all_dynamic_snr,21.6423,0.8773
113,v1,v15,40.0,138.13,20.0,1.0,0.6907,0.2,1.9384,False,all_dynamic_snr,21.118,0.8609
113,v3,v4,20.0,10.0,20.0,0.6,0.05,0.2,0.183,False,all_dynamic_snr,20.6451,0.833
113,v3,v6,20.0,40.0,20.0,0.6,0.2,0.2,-9.4499,False,all_dynamic_snr,16.0828,0.6107
113,v3,v5,20.0,41.11,10.0,0.6,0.2055,0.1,-8.2313,False,all_dynamic_snr,16.8132,0.6619
113,v3,v15,20.0,60.0,20.0,0.6,0.3,0.2,-12.2674,True,all_dynamic_snr,14.3261,0.4672
113,v3,v1,20.0,78.23,0.0,0.6,0.3912,0.0,-10.294,True,all_dynamic_snr,15.559,0.5687
113,v4,v3,40.0,10.0,20.0,1.0,0.05,0.2,20.183,False,all_dynamic_snr,22.4669,0.9033
113,v4,v6,40.0,32.56,0.0,1.0,0.1628,0.0,15.7976,False,all_dynamic_snr,22.4229,0.8979
113,v4,v5,40.0,49.09,30.0,1.0,0.2455,0.3,8.1274,False,all_dynamic_snr,22.0958,0.89
113,v4,v15,40.0,68.26,40.0,1.0,0.3413,0.4,5.0612,False,all_dynamic_snr,21.7276,0.8764
113,v4,v1,40.0,70.0,20.0,1.0,0.35,0.2,6.6615,False,all_dynamic_snr,21.9521,0.8779
114,v1,v6,40.0,58.31,20.0,1.0,0.2915,0.2,7.9312,False,all_dynamic_snr,22.0793,0.8939
114,v1,v3,40.0,78.23,0.0,1.0,0.3912,0.0,9.706,False,all_dynamic_snr,22.2111,0.8943
114,v1,v4,40.0,90.0,30.0,1.0,0.45,0.3,3.9156,False,all_dynamic_snr,21.5627,0.884
114,v1,v5,40.0,109.04,20.0,1.0,0.5452,0.2,3.5816,False,all_dynamic_snr,21.4898,0.8805
114,v1,v15,40.0,118.15,0.0,1.0,0.5908,0.0,6.8409,False,all_dynamic_snr,21.9644,0.8943
114,v3,v4,20.0,13.42,30.0,0.6,0.0671,0.3,-2.8587,True,all_dynamic_snr,19.5209,0.8008
114,v3,v6,20.0,20.0,20.0,0.6,0.1,0.2,-4.6334,False,all_dynamic_snr,18.7025,0.7525
114,v3,v5,20.0,31.14,20.0,0.6,0.1557,0.2,-7.7111,False,all_dynamic_snr,17.083,0.6596
114,v3,v15,20.0,40.0,0.0,0.6,0.2,0.0,-5.633,False,all_dynamic_snr,18.2147,0.7336
114,v3,v1,20.0,78.23,0.0,0.6,0.3912,0.0,-10.294,True,all_dynamic_snr,15.6014,0.5676
114,v4,v3,40.0,13.42,30.0,1.0,0.0671,0.3,17.1413,False,all_dynamic_snr,22.4407,0.8965
114,v4,v5,40.0,19.24,10.0,1.0,0.0962,0.1,17.0461,False,all_dynamic_snr,22.4435,0.8959
114,v4,v15,40.0,28.64,30.0,1.0,0.1432,0.3,11.873,False,all_dynamic_snr,22.3199,0.9043
114,v4,v6,40.0,32.56,10.0,1.0,0.1628,0.1,13.3893,False,all_dynamic_snr,22.3689,0.8988
114,v4,v7,40.0,70.0,10.0,1.0,0.35,0.1,8.0702,False,all_dynamic_snr,22.0907,0.893
115,v1,v6,40.0,38.47,30.0,1.0,0.1924,0.3,9.8214,False,all_dynamic_snr,22.2223,0.9008
115,v1,v4,40.0,60.0,0.0,1.0,0.3,0.0,11.5496,False,all_dynamic_snr,22.3126,0.893
115,v1,v3,40.0,78.23,30.0,1.0,0.3912,0.3,4.8895,False,all_dynamic_snr,21.707,0.8746
115,v1,v5,40.0,89.05,0.0,1.0,0.4453,0.0,8.8058,False,all_dynamic_snr,22.1535,0.8949
115,v1,v15,40.0,118.15,20.0,1.0,0.5908,0.2,3.0239,False,all_dynamic_snr,21.3775,0.8672
115,v3,v5,20.0,11.4,30.0,0.6,0.057,0.3,-1.728,True,all_dynamic_snr,19.9773,0.8244
115,v3,v4,20.0,18.97,30.0,0.6,0.0949,0.3,-5.2669,True,all_dynamic_snr,18.3967,0.7369
115,v3,v6,20.0,40.0,0.0,0.6,0.2,0.0,-5.633,False,all_dynamic_snr,18.2325,0.732
115,v3,v15,20.0,40.0,10.0,0.6,0.2,0.1,-8.0412,False,all_dynamic_snr,16.9075,0.6451
115,v3,v7,20.0,42.43,10.0,0.6,0.2121,0.1,-8.4504,False,all_dynamic_snr,16.6802,0.6209
115,v4,v3,40.0,18.97,30.0,1.0,0.0949,0.3,14.7331,False,all_dynamic_snr,22.399,0.8994
115,v4,v6,40.0,22.8,30.0,1.0,0.114,0.3,13.4555,False,all_dynamic_snr,22.374,0.8939
115,v4,v5,40.0,29.15,0.0,1.0,0.1458,0.0,16.5646,False,all_dynamic_snr,22.4356,0.8953
115,v4,v15,40.0,58.31,20.0,1.0,0.2915,0.2,7.9312,False,all_dynamic_snr,22.0771,0.8963
115,v4,v1,40.0,60.0,0.0,1.0,0.3,0.0,11.5496,False,all_dynamic_snr,22.3098,0.8904
116,v1,v4,40.0,60.0,0.0,1.0,0.3,0.0,11.5496,False,all_dynamic_snr,22.3121,0.9027
116,v1,v6,40.0,68.26,20.0,1.0,0.3413,0.2,6.8359,False,all_dynamic_snr,21.9794,0.8939
116,v1,v5,40.0,89.05,0.0,1.0,0.4453,0.0,8.8058,False,all_dynamic_snr,22.1504,0.8975
116,v1,v3,40.0,108.17,20.0,1.0,0.5408,0.2,3.6375,False,all_dynamic_snr,21.5027,0.8672
116,v1,v15,40.0,138.13,20.0,1.0,0.6907,0.2,1.9384,False,all_dynamic_snr,21.1296,0.8555
116,v3,v5,20.0,19.24,20.0,0.6,0.0962,0.2,-4.3626,False,all_dynamic_snr,18.8705,0.7682
116,v3,v15,20.0,30.0,40.0,0.6,0.15,0.4,-9.2257,True,all_dynamic_snr,16.2197,0.5805
116,v3,v7,20.0,32.56,30.0,0.6,0.1628,0.3,-9.0189,True,all_dynamic_snr,16.3602,0.617
116,v3,v6,20.0,40.0,0.0,0.6,0.2,0.0,-5.633,False,all_dynamic_snr,18.2303,0.7453
116,v3,v11,20.0,41.11,40.0,0.6,0.2055,0.4,-11.4149,True,all_dynamic_snr,14.8849,0.5094
116,v4,v6,40.0,10.0,20.0,1.0,0.05,0.2,20.183,False,all_dynamic_snr,22.4678,0.8979
116,v4,v5,40.0,29.15,0.0,1.0,0.1458,0.0,16.5646,False,all_dynamic_snr,22.4375,0.8926
116,v4,v3,40.0,48.37,20.0,1.0,0.2419,0.2,9.2293,False,all_dynamic_snr,22.1846,0.8939
116,v4,v1,40.0,60.0,0.0,1.0,0.3,0.0,11.5496,False,all_dynamic_snr,22.3077,0.8959
116,v4,v15,40.0,78.23,20.0,1.0,0.3912,0.2,5.889,False,all_dynamic_snr,21.8542,0.8857
117,v1,v4,40.0,60.0,30.0,1.0,0.3,0.3,6.7331,False,all_dynamic_snr,21.9599,0.8811
117,v1,v6,40.0,88.2,40.0,1.0,0.441,0.4,3.2804,False,all_dynamic_snr,21.4305,0.8643
117,v1,v5,40.0,89.05,30.0,1.0,0.4453,0.3,3.9893,False,all_dynamic_snr,21.5707,0.8816
117,v1,v15,40.0,118.15,10.0,1.0,0.5908,0.1,4.4327,False,all_dynamic_snr,21.6494,0.8816
117,v1,v3,40.0,128.14,10.0,1.0,0.6407,0.1,3.8688,False,all_dynamic_snr,21.5467,0.8809
117,v3,v11,20.0,3.16,0.0,0.6,0.0158,0.0,12.0,False,all_dynamic_snr,22.3281,0.8949
117,v3,v7,20.0,6.32,10.0,0.6,0.0316,0.1,4.7753,False,all_dynamic_snr,21.6951,0.893
117,v3,v15,20.0,10.0,0.0,0.6,0.05,0.0,4.0,False,all_dynamic_snr,21.5518,0.8785
117,v3,v5,20.0,39.12,20.0,0.6,0.1956,0.2,-9.2945,False,all_dynamic_snr,16.1883,0.6062
117,v3,v6,20.0,40.0,30.0,0.6,0.2,0.3,-10.4494,True,all_dynamic_snr,15.5193,0.5615
117,v4,v6,40.0,28.64,10.0,1.0,0.1432,0.1,14.2812,False,all_dynamic_snr,22.3912,0.8998
117,v4,v5,40.0,29.15,0.0,1.0,0.1458,0.0,16.5646,False,all_dynamic_snr,22.438,0.9018
117,v4,v15,40.0,58.31,20.0,1.0,0.2915,0.2,7.9312,False,all_dynamic_snr,22.0793,0.8938
117,v4,v1,40.0,60.0,30.0,1.0,0.3,0.3,6.7331,False,all_dynamic_snr,21.9614,0.8873
117,v4,v3,40.0,68.26,20.0,1.0,0.3413,0.2,6.8359,False,all_dynamic_snr,21.9685,0.884
118,v1,v4,40.0,90.0,10.0,1.0,0.45,0.1,6.3239,False,all_dynamic_snr,21.9117,0.8865
118,v1,v5,40.0,119.04,40.0,1.0,0.5952,0.4,1.1973,False,all_dynamic_snr,20.9202,0.8393
118,v1,v6,40.0,128.14,20.0,1.0,0.6407,0.2,2.46,False,all_dynamic_snr,21.2653,0.8666
118,v1,v15,40.0,128.14,40.0,1.0,0.6407,0.4,0.6853,False,all_dynamic_snr,20.7883,0.8418
118,v1,v7,40.0,130.0,30.0,1.0,0.65,0.3,1.3604,False,all_dynamic_snr,20.9782,0.8525
118,v3,v11,20.0,3.16,30.0,0.6,0.0158,0.3,7.1835,True,all_dynamic_snr,22.0035,0.882
118,v3,v6,20.0,10.0,20.0,0.6,0.05,0.2,0.183,False,all_dynamic_snr,20.6476,0.8318
118,v3,v7,20.0,10.0,10.0,0.6,0.05,0.1,1.5918,False,all_dynamic_snr,21.042,0.8535
118,v3,v15,20.0,10.0,0.0,0.6,0.05,0.0,4.0,False,all_dynamic_snr,21.5732,0.8793
118,v3,v5,20.0,19.24,0.0,0.6,0.0962,0.0,-0.5456,False,all_dynamic_snr,20.4126,0.8246
118,v4,v5,40.0,29.15,30.0,1.0,0.1458,0.3,11.7482,False,all_dynamic_snr,22.3083,0.9016
118,v4,v6,40.0,38.47,10.0,1.0,0.1924,0.1,12.2297,False,all_dynamic_snr,22.3364,0.8953
118,v4,v15,40.0,38.47,30.0,1.0,0.1924,0.3,9.8214,False,all_dynamic_snr,22.2199,0.8875
118,v4,v7,40.0,40.0,20.0,1.0,0.2,0.2,10.5501,False,all_dynamic_snr,22.2651,0.8881
118,v4,v3,40.0,48.37,30.0,1.0,0.2419,0.3,8.2298,False,all_dynamic_snr,22.1086,0.8881
119,v1,v5,40.0,79.06,0.0,1.0,0.3953,0.0,9.633,False,all_dynamic_snr,22.2059,0.8889
119,v1,v4,40.0,80.0,10.0,1.0,0.4,0.1,7.1423,False,all_dynamic_snr,22.0132,0.884
119,v1,v15,40.0,88.2,10.0,1.0,0.441,0.1,6.4639,False,all_dynamic_snr,21.943,0.8875
119,v1,v3,40.0,98.18,30.0,1.0,0.4909,0.3,3.3109,False,all_dynamic_snr,21.4431,0.8688
119,v1,v7,40.0,100.0,10.0,1.0,0.5,0.1,5.5918,False,all_dynamic_snr,21.8152,0.882
119,v3,v7,20.0,6.32,20.0,0.6,0.0316,0.2,3.3666,False,all_dynamic_snr,21.4553,0.8766
119,v3,v6,20.0,10.0,20.0,0.6,0.05,0.2,0.183,False,all_dynamic_snr,20.6352,0.8383
119,v3,v15,20.0,10.0,20.0,0.6,0.05,0.2,0.183,False,all_dynamic_snr,20.6459,0.8385
119,v3,v4,20.0,18.97,20.0,0.6,0.0949,0.2,-4.2674,False,all_dynamic_snr,18.9019,0.7656
119,v3,v5,20.0,19.24,30.0,0.6,0.0962,0.3,-5.3621,True,all_dynamic_snr,18.3658,0.7346
119,v4,v5,40.0,3.16,10.0,1.0,0.0158,0.1,29.5918,False,all_dynamic_snr,22.4934,0.8949
119,v4,v15,40.0,10.0,0.0,1.0,0.05,0.0,24.0,False,all_dynamic_snr,22.4854,0.8994
119,v4,v3,40.0,18.97,20.0,1.0,0.0949,0.2,15.7326,False,all_dynamic_snr,22.4222,0.8969
119,v4,v7,40.0,20.0,0.0,1.0,0.1,0.0,19.1835,False,all_dynamic_snr,22.463,0.8936
119,v4,v6,40.0,28.64,0.0,1.0,0.1432,0.0,16.6895,False,all_dynamic_snr,22.4337,0.9004
120,v1,v3,40.0,68.26,0.0,1.0,0.3413,0.0,10.6529,False,all_dynamic_snr,22.2659,0.8979
120,v1,v4,40.0,70.0,20.0,1.0,0.35,0.2,6.6615,False,all_dynamic_snr,21.9509,0.8855
120,v1,v15,40.0,78.23,20.0,1.0,0.3912,0.2,5.889,False,all_dynamic_snr,21.8563,0.8869
120,v1,v5,40.0,79.06,0.0,1.0,0.3953,0.0,9.633,False,all_dynamic_snr,22.2048,0.8924
120,v1,v7,40.0,90.0,0.0,1.0,0.45,0.0,8.7321,False,all_dynamic_snr,22.152,0.8912
120,v3,v4,20.0,6.32,20.0,0.6,0.0316,0.2,3.3666,False,all_dynamic_snr,21.434,0.8695
120,v3,v15,20.0,10.0,20.0,0.6,0.05,0.2,0.183,False,all_dynamic_snr,20.6554,0.8434
120,v3,v5,20.0,11.4,0.0,0.6,0.057,0.0,3.0885,False,all_dynamic_snr,21.3991,0.8852
120,v3,v7,20.0,22.8,0.0,0.6,0.114,0.0,-1.728,False,all_dynamic_snr,19.969,0.8285
120,v3,v6,20.0,30.0,20.0,0.6,0.15,0.2,-7.4509,False,all_dynamic_snr,17.2625,0.6848
120,v4,v3,40.0,6.32,20.0,1.0,0.0316,0.2,23.3666,False,all_dynamic_snr,22.4835,0.9053
120,v4,v5,40.0,9.49,20.0,1.0,0.0474,0.2,20.5491,False,all_dynamic_snr,22.4725,0.9047
120,v4,v15,40.0,10.0,40.0,1.0,0.05,0.4,18.4082,False,all_dynamic_snr,22.4543,0.8994
120,v4,v7,40.0,20.0,20.0,1.0,0.1,0.2,15.3666,False,all_dynamic_snr,22.4142,0.8949
120,v4,v6,40.0,28.64,0.0,1.0,0.1432,0.0,16.6895,False,all_dynamic_snr,22.4368,0.8953
121,v1,v15,40.0,58.31,30.0,1.0,0.2915,0.3,6.9317,False,all_dynamic_snr,21.9934,0.8865
121,v1,v3,40.0,68.26,10.0,1.0,0.3413,0.1,8.2447,False,all_dynamic_snr,22.1043,0.8922
121,v1,v5,40.0,79.06,0.0,1.0,0.3953,0.0,9.633,False,all_dynamic_snr,22.2172,0.8955
121,v1,v4,40.0,90.0,30.0,1.0,0.45,0.3,3.9156,False,all_dynamic_snr,21.5438,0.8781
121,v1,v7,40.0,90.0,10.0,1.0,0.45,0.1,6.3239,False,all_dynamic_snr,21.9132,0.8791
121,v3,v15,20.0,10.0,40.0,0.6,0.05,0.4,-1.5918,True,all_dynamic_snr,20.0264,0.8186
121,v3,v5,20.0,11.4,10.0,0.6,0.057,0.1,0.6802,False,all_dynamic_snr,20.7969,0.8457
121,v3,v4,20.0,22.8,40.0,0.6,0.114,0.4,-7.3198,True,all_dynamic_snr,17.3244,0.6783
121,v3,v7,20.0,22.8,0.0,0.6,0.114,0.0,-1.728,False,all_dynamic_snr,19.9862,0.8084
121,v3,v13,20.0,42.43,10.0,0.6,0.2121,0.1,-8.4504,False,all_dynamic_snr,16.6421,0.6303
121,v4,v7,40.0,0.0,40.0,1.0,0.0,0.4,40.0,False,all_dynamic_snr,22.4965,0.8988
121,v4,v5,40.0,11.4,30.0,1.0,0.057,0.3,18.272,False,all_dynamic_snr,22.4551,0.8979
121,v4,v13,40.0,20.0,30.0,1.0,0.1,0.3,14.367,False,all_dynamic_snr,22.3955,0.8969
121,v4,v3,40.0,22.8,40.0,1.0,0.114,0.4,12.6802,False,all_dynamic_snr,22.3499,0.8982
121,v4,v6,40.0,28.64,30.0,1.0,0.1432,0.3,11.873,False,all_dynamic_snr,22.3282,0.8988
122,v1,v15,40.0,28.64,10.0,1.0,0.1432,0.1,14.2812,False,all_dynamic_snr,22.3946,0.8924
122,v1,v4,40.0,60.0,20.0,1.0,0.3,0.2,7.7326,False,all_dynamic_snr,22.0549,0.8877
122,v1,v3,40.0,78.23,0.0,1.0,0.3912,0.0,9.706,False,all_dynamic_snr,22.2111,0.8982
122,v1,v5,40.0,79.06,20.0,1.0,0.3953,0.2,5.816,False,all_dynamic_snr,21.8606,0.892
122,v1,v11,40.0,99.05,10.0,1.0,0.4952,0.1,5.6584,False,all_dynamic_snr,21.8326,0.8848
122,v3,v5,20.0,3.16,20.0,0.6,0.0158,0.2,8.183,False,all_dynamic_snr,22.102,0.8887
122,v3,v4,20.0,18.97,20.0,0.6,0.0949,0.2,-4.2674,False,all_dynamic_snr,18.9046,0.7584
122,v3,v11,20.0,21.21,10.0,0.6,0.1061,0.1,-3.6339,False,all_dynamic_snr,19.1927,0.7875
122,v3,v7,20.0,22.8,10.0,0.6,0.114,0.1,-4.1363,False,all_dynamic_snr,18.9532,0.7717
122,v3,v13,20.0,32.56,20.0,0.6,0.1628,0.2,-8.0194,False,all_dynamic_snr,16.9381,0.6709
122,v4,v3,40.0,18.97,20.0,1.0,0.0949,0.2,15.7326,False,all_dynamic_snr,22.4246,0.8959
122,v4,v5,40.0,19.24,0.0,1.0,0.0962,0.0,19.4544,False,all_dynamic_snr,22.4653,0.8955
122,v4,v15,40.0,32.56,30.0,1.0,0.1628,0.3,10.9811,False,all_dynamic_snr,22.2798,0.9018
122,v4,v11,40.0,39.12,30.0,1.0,0.1956,0.3,9.706,False,all_dynamic_snr,22.2084,0.8939
122,v4,v7,40.0,40.0,10.0,1.0,0.2,0.1,11.9588,False,all_dynamic_snr,22.3235,0.8973
123,v1,v15,40.0,18.97,40.0,1.0,0.0949,0.4,13.9578,False,all_dynamic_snr,22.3874,0.9027
123,v1,v3,40.0,78.23,40.0,1.0,0.3912,0.4,4.1142,False,all_dynamic_snr,21.5833,0.8781
123,v1,v4,40.0,80.0,20.0,1.0,0.4,0.2,5.7336,False,all_dynamic_snr,21.8333,0.885
123,v1,v11,40.0,89.05,0.0,1.0,0.4453,0.0,8.8058,False,all_dynamic_snr,22.1589,0.8957
123,v1,v6,40.0,98.18,10.0,1.0,0.4909,0.1,5.7191,False,all_dynamic_snr,21.8418,0.8859
123,v3,v4,20.0,6.32,20.0,0.6,0.0316,0.2,3.3666,False,all_dynamic_snr,21.4566,0.8713
123,v3,v11,20.0,11.4,40.0,0.6,0.057,0.4,-2.5033,True,all_dynamic_snr,19.6633,0.8018
123,v3,v6,20.0,20.0,30.0,0.6,0.1,0.3,-5.633,True,all_dynamic_snr,18.2095,0.7479
123,v3,v5,20.0,21.21,20.0,0.6,0.1061,0.2,-5.0427,False,all_dynamic_snr,18.5186,0.7447
123,v3,v7,20.0,32.56,40.0,0.6,0.1628,0.4,-9.7942,True,all_dynamic_snr,15.8703,0.5811
123,v4,v3,40.0,6.32,20.0,1.0,0.0316,0.2,23.3666,False,all_dynamic_snr,22.4839,0.9018
123,v4,v11,40.0,9.49,20.0,1.0,0.0474,0.2,20.5491,False,all_dynamic_snr,22.4736,0.8969
123,v4,v6,40.0,18.97,10.0,1.0,0.0949,0.1,17.1413,False,all_dynamic_snr,22.4424,0.8998
123,v4,v5,40.0,19.24,0.0,1.0,0.0962,0.0,19.4544,False,all_dynamic_snr,22.4674,0.8969
123,v4,v7,40.0,30.0,20.0,1.0,0.15,0.2,12.5491,False,all_dynamic_snr,22.3443,0.891
124,v1,v15,40.0,58.31,10.0,1.0,0.2915,0.1,9.3399,False,all_dynamic_snr,22.1877,0.9
124,v1,v11,40.0,89.05,20.0,1.0,0.4453,0.2,4.9888,False,all_dynamic_snr,21.7245,0.8828
124,v1,v4,40.0,100.0,40.0,1.0,0.5,0.4,2.4082,False,all_dynamic_snr,21.2478,0.8613
124,v1,v6,40.0,108.17,10.0,1.0,0.5408,0.1,5.0463,False,all_dynamic_snr,21.7485,0.8805
124,v1,v7,40.0,110.0,40.0,1.0,0.55,0.4,1.746,False,all_dynamic_snr,21.0998,0.8654
124,v3,v5,20.0,3.16,10.0,0.6,0.0158,0.1,9.5918,False,all_dynamic_snr,22.2079,0.8896
124,v3,v6,20.0,10.0,10.0,0.6,0.05,0.1,1.5918,False,all_dynamic_snr,21.0417,0.8699
124,v3,v7,20.0,10.0,20.0,0.6,0.05,0.2,0.183,False,all_dynamic_snr,20.6535,0.8389
124,v3,v4,20.0,18.97,20.0,0.6,0.0949,0.2,-4.2674,False,all_dynamic_snr,18.9117,0.7652
124,v3,v11,20.0,29.15,0.0,0.6,0.1458,0.0,-3.4354,False,all_dynamic_snr,19.2744,0.7691
124,v4,v6,40.0,10.0,30.0,1.0,0.05,0.3,19.1835,False,all_dynamic_snr,22.4652,0.8998
124,v4,v7,40.0,10.0,0.0,1.0,0.05,0.0,24.0,False,all_dynamic_snr,22.4842,0.9027
124,v4,v11,40.0,11.4,20.0,1.0,0.057,0.2,19.2715,False,all_dynamic_snr,22.4664,0.9004
124,v4,v3,40.0,18.97,20.0,1.0,0.0949,0.2,15.7326,False,all_dynamic_snr,22.4268,0.9004
124,v4,v5,40.0,19.24,30.0,1.0,0.0962,0.3,14.6379,False,all_dynamic_snr,22.3998,0.9018
125,v1,v15,40.0,48.37,20.0,1.0,0.2419,0.2,9.2293,False,all_dynamic_snr,22.1842,0.8973
125,v1,v4,40.0,60.0,10.0,1.0,0.3,0.1,9.1413,False,all_dynamic_snr,22.179,0.8855
125,v1,v11,40.0,69.07,20.0,1.0,0.3453,0.2,6.7549,False,all_dynamic_snr,21.9622,0.8934
125,v1,v7,40.0,70.0,0.0,1.0,0.35,0.0,10.4784,False,all_dynamic_snr,22.258,0.8988
125,v1,v3,40.0,98.18,10.0,1.0,0.4909,0.1,5.7191,False,all_dynamic_snr,21.8356,0.8801
125,v3,v6,20.0,0.0,10.0,0.6,0.0,0.1,33.5918,False,all_dynamic_snr,22.4959,0.8979
125,v3,v5,20.0,11.4,0.0,0.6,0.057,0.0,3.0885,False,all_dynamic_snr,21.4075,0.8646
125,v3,v13,20.0,22.8,10.0,0.6,0.114,0.1,-4.1363,False,all_dynamic_snr,18.9708,0.7797
125,v3,v7,20.0,28.64,10.0,0.6,0.1432,0.1,-5.7188,False,all_dynamic_snr,18.2073,0.7146
125,v3,v11,20.0,29.15,30.0,0.6,0.1458,0.3,-8.2518,True,all_dynamic_snr,16.8086,0.6568
125,v4,v11,40.0,9.49,10.0,1.0,0.0474,0.1,21.9578,False,all_dynamic_snr,22.4785,0.9027
125,v4,v7,40.0,10.0,10.0,1.0,0.05,0.1,21.5918,False,all_dynamic_snr,22.4775,0.8969
125,v4,v15,40.0,13.42,10.0,1.0,0.0671,0.1,19.5496,False,all_dynamic_snr,22.4675,0.8984
125,v4,v3,40.0,38.47,20.0,1.0,0.1924,0.2,10.8209,False,all_dynamic_snr,22.2724,0.8955
125,v4,v6,40.0,38.47,10.0,1.0,0.1924,0.1,12.2297,False,all_dynamic_snr,22.3418,0.9047
126,v1,v15,40.0,68.26,20.0,1.0,0.3413,0.2,6.8359,False,all_dynamic_snr,21.9675,0.8889
126,v1,v4,40.0,70.0,40.0,1.0,0.35,0.4,4.8867,False,all_dynamic_snr,21.7259,0.8775
126,v1,v7,40.0,70.0,0.0,1.0,0.35,0.0,10.4784,False,all_dynamic_snr,22.2595,0.8918
126,v1,v3,40.0,88.2,20.0,1.0,0.441,0.2,5.0552,False,all_dynamic_snr,21.7464,0.885
126,v1,v11,40.0,89.05,10.0,1.0,0.4453,0.1,6.3976,False,all_dynamic_snr,21.932,0.8846
126,v3,v11,20.0,3.16,10.0,0.6,0.0158,0.1,9.5918,False,all_dynamic_snr,22.21,0.8967
126,v3,v6,20.0,10.0,0.0,0.6,0.05,0.0,4.0,False,all_dynamic_snr,21.5744,0.8869
126,v3,v5,20.0,11.4,0.0,0.6,0.057,0.0,3.0885,False,all_dynamic_snr,21.4001,0.8789
126,v3,v4,20.0,18.97,20.0,0.6,0.0949,0.2,-4.2674,False,all_dynamic_snr,18.9222,0.7574
126,v3,v7,20.0,18.97,20.0,0.6,0.0949,0.2,-4.2674,False,all_dynamic_snr,18.8809,0.7396
126,v4,v7,40.0,0.0,40.0,1.0,0.0,0.4,40.0,False,all_dynamic_snr,22.4966,0.8969
126,v4,v15,40.0,6.32,20.0,1.0,0.0316,0.2,23.3666,False,all_dynamic_snr,22.4841,0.8988
126,v4,v3,40.0,18.97,20.0,1.0,0.0949,0.2,15.7326,False,all_dynamic_snr,22.4246,0.8953
126,v4,v11,40.0,19.24,30.0,1.0,0.0962,0.3,14.6379,False,all_dynamic_snr,22.4025,0.8949
126,v4,v6,40.0,28.64,20.0,1.0,0.1432,0.2,12.8725,False,all_dynamic_snr,22.3527,0.8988
127,v1,v7,40.0,70.0,30.0,1.0,0.35,0.3,5.662,False,all_dynamic_snr,21.8334,0.8672
127,v1,v15,40.0,88.2,0.0,1.0,0.441,0.0,8.8722,False,all_dynamic_snr,22.1596,0.8852
127,v1,v11,40.0,99.05,10.0,1.0,0.4952,0.1,5.6584,False,all_dynamic_snr,21.8432,0.8902
127,v1,v3,40.0,108.17,30.0,1.0,0.5408,0.3,2.638,False,all_dynamic_snr,21.2904,0.8855
127,v1,v4,40.0,110.0,10.0,1.0,0.55,0.1,4.9295,False,all_dynamic_snr,21.7263,0.8848
127,v2,v1,20.0,175.03,20.0,0.6,0.8751,0.2,-19.7066,True,all_dynamic_snr,9.1784,0.1996
127,v3,v4,20.0,6.32,40.0,0.6,0.0316,0.4,1.5918,True,all_dynamic_snr,21.0359,0.84
127,v3,v11,20.0,9.49,40.0,0.6,0.0474,0.4,-1.2257,True,all_dynamic_snr,20.1791,0.8154
127,v3,v6,20.0,10.0,10.0,0.6,0.05,0.1,1.5918,False,all_dynamic_snr,21.0365,0.859
127,v3,v5,20.0,11.4,0.0,0.6,0.057,0.0,3.0885,False,all_dynamic_snr,21.3993,0.8635
127,v3,v15,20.0,20.0,30.0,0.6,0.1,0.3,-5.633,True,all_dynamic_snr,18.2242,0.7387
127,v4,v3,40.0,6.32,40.0,1.0,0.0316,0.4,21.5918,False,all_dynamic_snr,22.4768,0.8994
127,v4,v5,40.0,9.49,40.0,1.0,0.0474,0.4,18.7743,False,all_dynamic_snr,22.4612,0.8975
127,v4,v6,40.0,10.0,30.0,1.0,0.05,0.3,19.1835,False,all_dynamic_snr,22.4615,0.9008
127,v4,v11,40.0,11.4,0.0,1.0,0.057,0.0,23.0885,False,all_dynamic_snr,22.4835,0.8979
127,v4,v13,40.0,20.0,40.0,1.0,0.1,0.4,13.5918,False,all_dynamic_snr,22.3795,0.8963
128,v1,v7,40.0,40.0,10.0,1.0,0.2,0.1,11.9588,False,all_dynamic_snr,22.3261,0.8957
128,v1,v3,40.0,78.23,10.0,1.0,0.3912,0.1,7.2977,False,all_dynamic_snr,22.0203,0.8895
128,v1,v15,40.0,88.2,10.0,1.0,0.441,0.1,6.4639,False,all_dynamic_snr,21.9339,0.8908
128,v1,v5,40.0,89.05,30.0,1.0,0.4453,0.3,3.9893,False,all_dynamic_snr,21.5703,0.8721
128,v1,v6,40.0,98.18,0.0,1.0,0.4909,0.0,8.1274,False,all_dynamic_snr,22.0949,0.8965
128,v2,v1,20.0,155.03,50.0,0.6,0.7751,0.5,-21.2718,True,all_dynamic_snr,8.1034,0.1627
128,v2,v7,20.0,195.02,40.0,0.6,0.9751,0.4,-22.2331,True,all_dynamic_snr,7.4378,0.1666
128,v3,v15,20.0,10.0,0.0,0.6,0.05,0.0,4.0,False,all_dynamic_snr,21.5615,0.8832
128,v3,v5,20.0,11.4,20.0,0.6,0.057,0.2,-0.7285,False,all_dynamic_snr,20.3457,0.8393
128,v3,v6,20.0,20.0,10.0,0.6,0.1,0.1,-3.2247,False,all_dynamic_snr,19.3703,0.7658
128,v3,v13,20.0,22.8,20.0,0.6,0.114,0.2,-5.545,False,all_dynamic_snr,18.2593,0.7277
128,v3,v11,20.0,31.14,30.0,0.6,0.1557,0.3,-8.7107,True,all_dynamic_snr,16.553,0.6229
128,v4,v11,40.0,11.4,0.0,1.0,0.057,0.0,23.0885,False,all_dynamic_snr,22.484,0.8994
128,v4,v13,40.0,20.0,10.0,1.0,0.1,0.1,16.7753,False,all_dynamic_snr,22.4405,0.9004
128,v4,v6,40.0,22.8,40.0,1.0,0.114,0.4,12.6802,False,all_dynamic_snr,22.3461,0.8904
128,v4,v5,40.0,31.14,10.0,1.0,0.1557,0.1,13.6976,False,all_dynamic_snr,22.3829,0.8955
128,v4,v15,40.0,32.56,30.0,1.0,0.1628,0.3,10.9811,False,all_dynamic_snr,22.2797,0.8939
129,v1,v7,40.0,50.0,10.0,1.0,0.25,0.1,10.4082,False,all_dynamic_snr,22.256,0.8953
129,v1,v3,40.0,88.2,20.0,1.0,0.441,0.2,5.0552,False,all_dynamic_snr,21.7417,0.8852
129,v1,v6,40.0,98.18,20.0,1.0,0.4909,0.2,4.3104,False,all_dynamic_snr,21.6288,0.8762
129,v1,v15,40.0,98.18,20.0,1.0,0.4909,0.2,4.3104,False,all_dynamic_snr,21.611,0.8867
129,v1,v2,40.0,105.04,30.0,1.0,0.5252,0.3,2.8417,False,all_dynamic_snr,21.3364,0.8602
129,v2,v1,20.0,105.04,30.0,0.6,0.5252,0.3,-17.1583,True,all_dynamic_snr,10.9232,0.2455
129,v2,v7,20.0,155.03,20.0,0.6,0.7751,0.2,-18.8636,True,all_dynamic_snr,9.7647,0.2393
129,v2,v3,20.0,193.02,10.0,0.6,0.9651,0.1,-18.978,True,all_dynamic_snr,9.7073,0.2383
129,v3,v6,20.0,10.0,0.0,0.6,0.05,0.0,4.0,False,all_dynamic_snr,21.5582,0.8777
129,v3,v15,20.0,10.0,0.0,0.6,0.05,0.0,4.0,False,all_dynamic_snr,21.565,0.8752
129,v3,v5,20.0,31.14,20.0,0.6,0.1557,0.2,-7.7111,False,all_dynamic_snr,17.1108,0.6646
129,v3,v7,20.0,38.47,10.0,0.6,0.1924,0.1,-7.7703,False,all_dynamic_snr,17.0553,0.684
129,v3,v13,20.0,42.43,0.0,0.6,0.2121,0.0,-6.0422,False,all_dynamic_snr,18.01,0.7102
129,v4,v11,40.0,11.4,0.0,1.0,0.057,0.0,23.0885,False,all_dynamic_snr,22.4833,0.8969
129,v4,v13,40.0,30.0,30.0,1.0,0.15,0.3,11.5496,False,all_dynamic_snr,22.3088,0.8943
129,v4,v5,40.0,41.11,10.0,1.0,0.2055,0.1,11.7687,False,all_dynamic_snr,22.315,0.8934
129,v4,v6,40.0,62.29,30.0,1.0,0.3114,0.3,6.4729,False,all_dynamic_snr,21.9297,0.8846
129,v4,v15,40.0,62.29,30.0,1.0,0.3114,0.3,6.4729,False,all_dynamic_snr,21.9412,0.8842
130,v1,v7,40.0,60.0,20.0,1.0,0.3,0.2,7.7326,False,all_dynamic_snr,22.0673,0.8977
130,v1,v2,40.0,75.06,20.0,1.0,0.3753,0.2,6.1765,False,all_dynamic_snr,21.8837,0.8811
130,v1,v3,40.0,108.17,0.0,1.0,0.5408,0.0,7.4545,False,all_dynamic_snr,22.0364,0.8836
130,v1,v6,40.0,118.15,20.0,1.0,0.5908,0.2,3.0239,False,all_dynamic_snr,21.3707,0.8652
130,v1,v15,40.0,118.15,0.0,1.0,0.5908,0.0,6.8409,False,all_dynamic_snr,21.9824,0.8844
130,v2,v1,20.0,75.06,20.0,0.6,0.3753,0.2,-13.8235,True,all_dynamic_snr,13.249,0.3971
130,v2,v7,20.0,135.03,40.0,0.6,0.6752,0.4,-19.6788,True,all_dynamic_snr,9.1854,0.2311
130,v2,v3,20.0,183.02,20.0,0.6,0.9151,0.2,-20.0171,True,all_dynamic_snr,8.9972,0.1898
130,v2,v6,20.0,193.02,40.0,0.6,0.9651,0.4,-22.1615,True,all_dynamic_snr,7.503,0.1676
130,v2,v15,20.0,193.02,20.0,0.6,0.9651,0.2,-20.3867,True,all_dynamic_snr,8.7277,0.1967
130,v3,v6,20.0,10.0,20.0,0.6,0.05,0.2,0.183,False,all_dynamic_snr,20.6392,0.8396
130,v3,v15,20.0,10.0,0.0,0.6,0.05,0.0,4.0,False,all_dynamic_snr,21.5642,0.8766
130,v3,v5,20.0,11.4,10.0,0.6,0.057,0.1,0.6802,False,all_dynamic_snr,20.79,0.8516
130,v3,v11,20.0,31.14,30.0,0.6,0.1557,0.3,-8.7107,True,all_dynamic_snr,16.5086,0.6145
130,v3,v4,20.0,42.43,20.0,0.6,0.2121,0.2,-9.8592,False,all_dynamic_snr,15.8317,0.577
130,v4,v13,40.0,0.0,10.0,1.0,0.0,0.1,40.0,False,all_dynamic_snr,22.4967,0.8988
130,v4,v11,40.0,11.4,10.0,1.0,0.057,0.1,20.6802,False,all_dynamic_snr,22.472,0.9043
130,v4,v5,40.0,31.14,10.0,1.0,0.1557,0.1,13.6976,False,all_dynamic_snr,22.3815,0.8998
130,v4,v6,40.0,32.56,0.0,1.0,0.1628,0.0,15.7976,False,all_dynamic_snr,22.4236,0.8998
130,v4,v15,40.0,32.56,20.0,1.0,0.1628,0.2,11.9806,False,all_dynamic_snr,22.3231,0.8973
131,v1,v7,40.0,40.0,30.0,1.0,0.2,0.3,9.5506,False,all_dynamic_snr,22.2093,0.8998
131,v1,v2,40.0,55.08,10.0,1.0,0.2754,0.1,9.7356,False,all_dynamic_snr,22.2074,0.8904
131,v1,v6,40.0,98.18,40.0,1.0,0.4909,0.4,2.5356,False,all_dynamic_snr,21.2701,0.875
131,v1,v3,40.0,108.17,0.0,1.0,0.5408,0.0,7.4545,False,all_dynamic_snr,22.0283,0.8895
131,v1,v5,40.0,109.04,30.0,1.0,0.5452,0.3,2.5821,False,all_dynamic_snr,21.2602,0.8678
131,v2,v1,20.0,55.08,10.0,0.6,0.2754,0.1,-10.2644,True,all_dynamic_snr,15.6098,0.5656
131,v2,v7,20.0,95.05,40.0,0.6,0.4752,0.4,-17.2388,True,all_dynamic_snr,10.9356,0.2836
131,v2,v6,20.0,153.03,50.0,0.6,0.7651,0.5,-21.1816,True,all_dynamic_snr,8.2112,0.1754
131,v2,v3,20.0,163.03,10.0,0.6,0.8151,0.1,-17.8044,True,all_dynamic_snr,10.5639,0.2604
131,v2,v5,20.0,164.0,40.0,0.6,0.82,0.4,-21.0293,True,all_dynamic_snr,8.3054,0.1729
131,v3,v5,20.0,3.16,30.0,0.6,0.0158,0.3,7.1835,True,all_dynamic_snr,22.0098,0.8906
131,v3,v11,20.0,3.16,10.0,0.6,0.0158,0.1,9.5918,False,all_dynamic_snr,22.2098,0.8992
131,v3,v6,20.0,10.0,40.0,0.6,0.05,0.4,-1.5918,True,all_dynamic_snr,20.0397,0.8217
131,v3,v15,20.0,10.0,20.0,0.6,0.05,0.2,0.183,False,all_dynamic_snr,20.6405,0.8402
131,v3,v4,20.0,22.8,20.0,0.6,0.114,0.2,-5.545,False,all_dynamic_snr,18.2925,0.7396
131,v4,v13,40.0,10.0,0.0,1.0,0.05,0.0,24.0,False,all_dynamic_snr,22.4862,0.9023
131,v4,v15,40.0,13.42,0.0,1.0,0.0671,0.0,21.9578,False,all_dynamic_snr,22.4794,0.8969
131,v4,v5,40.0,21.21,10.0,1.0,0.1061,0.1,16.3661,False,all_dynamic_snr,22.4338,0.8959
131,v4,v11,40.0,21.21,10.0,1.0,0.1061,0.1,16.3661,False,all_dynamic_snr,22.4327,0.8959
131,v4,v3,40.0,22.8,20.0,1.0,0.114,0.2,14.455,False,all_dynamic_snr,22.4003,0.9014
132,v1,v7,40.0,10.0,40.0,1.0,0.05,0.4,18.4082,False,all_dynamic_snr,22.4584,0.9023
132,v1,v2,40.0,45.1,10.0,1.0,0.2255,0.1,11.125,False,all_dynamic_snr,22.2938,0.8924
132,v1,v6,40.0,58.31,0.0,1.0,0.2915,0.0,11.7482,False,all_dynamic_snr,22.3165,0.9008
132,v1,v5,40.0,79.06,0.0,1.0,0.3953,0.0,9.633,False,all_dynamic_snr,22.2064,0.8938
132,v1,v15,40.0,98.18,30.0,1.0,0.4909,0.3,3.3109,False,all_dynamic_snr,21.4406,0.8744
132,v2,v1,20.0,45.1,10.0,0.6,0.2255,0.1,-8.875,False,all_dynamic_snr,16.4385,0.6324
132,v2,v7,20.0,55.08,50.0,0.6,0.2754,0.5,-14.0813,True,all_dynamic_snr,13.1277,0.399
132,v2,v6,20.0,103.04,10.0,0.6,0.5152,0.1,-14.6166,True,all_dynamic_snr,12.7304,0.3869
132,v2,v5,20.0,124.0,10.0,0.6,0.62,0.1,-15.903,True,all_dynamic_snr,11.8747,0.3262
132,v2,v15,20.0,143.03,40.0,0.6,0.7152,0.4,-20.0787,True,all_dynamic_snr,8.9169,0.2043
132,v3,v4,20.0,6.32,0.0,0.6,0.0316,0.0,7.1835,False,all_dynamic_snr,22.0213,0.8998
132,v3,v11,20.0,9.49,10.0,0.6,0.0474,0.1,1.9578,False,all_dynamic_snr,21.1425,0.8596
132,v3,v15,20.0,10.0,20.0,0.6,0.05,0.2,0.183,False,all_dynamic_snr,20.6397,0.8469
132,v3,v13,20.0,13.42,10.0,0.6,0.0671,0.1,-0.4504,False,all_dynamic_snr,20.4469,0.8244
132,v3,v5,20.0,29.15,10.0,0.6,0.1458,0.1,-5.8436,False,all_dynamic_snr,18.107,0.7156
132,v4,v3,40.0,6.32,0.0,1.0,0.0316,0.0,27.1835,False,all_dynamic_snr,22.4914,0.8979
132,v4,v13,40.0,10.0,10.0,1.0,0.05,0.1,21.5918,False,all_dynamic_snr,22.4768,0.9008
132,v4,v11,40.0,11.4,10.0,1.0,0.057,0.1,20.6802,False,all_dynamic_snr,22.4709,0.9014
132,v4,v15,40.0,13.42,20.0,1.0,0.0671,0.2,18.1408,False,all_dynamic_snr,22.4556,0.8988
132,v4,v5,40.0,31.14,10.0,1.0,0.1557,0.1,13.6976,False,all_dynamic_snr,22.3848,0.892
133,v1,v7,40.0,30.0,0.0,1.0,0.15,0.0,16.3661,False,all_dynamic_snr,22.4333,0.8963
133,v1,v2,40.0,35.13,50.0,1.0,0.1756,0.5,9.0443,False,all_dynamic_snr,22.1711,0.8922
133,v1,v6,40.0,58.31,20.0,1.0,0.2915,0.2,7.9312,False,all_dynamic_snr,22.0827,0.8824
133,v1,v15,40.0,68.26,10.0,1.0,0.3413,0.1,8.2447,False,all_dynamic_snr,22.107,0.893
133,v1,v5,40.0,79.06,0.0,1.0,0.3953,0.0,9.633,False,all_dynamic_snr,22.2131,0.8912
133,v2,v7,20.0,5.83,50.0,0.6,0.0292,0.5,1.523,True,all_dynamic_snr,21.0353,0.8521
133,v2,v1,20.0,35.13,50.0,0.6,0.1756,0.5,-10.9557,True,all_dynamic_snr,15.1766,0.5354
133,v2,v6,20.0,93.05,30.0,0.6,0.4652,0.3,-16.3158,True,all_dynamic_snr,11.5488,0.2855
133,v2,v15,20.0,103.04,40.0,0.6,0.5152,0.4,-17.8001,True,all_dynamic_snr,10.5296,0.2678
133,v2,v5,20.0,114.0,50.0,0.6,0.57,0.5,-19.1357,True,all_dynamic_snr,9.6154,0.2201
133,v3,v11,20.0,3.16,0.0,0.6,0.0158,0.0,12.0,False,all_dynamic_snr,22.3259,0.8877
133,v3,v4,20.0,6.32,10.0,0.6,0.0316,0.1,4.7753,False,all_dynamic_snr,21.7042,0.8824
133,v3,v5,20.0,19.24,20.0,0.6,0.0962,0.2,-4.3626,False,all_dynamic_snr,18.841,0.7699
133,v3,v13,20.0,22.8,20.0,0.6,0.114,0.2,-5.545,False,all_dynamic_snr,18.2852,0.7385
133,v3,v15,20.0,30.0,10.0,0.6,0.15,0.1,-6.0422,False,all_dynamic_snr,18.0063,0.7273
133,v4,v11,40.0,3.16,10.0,1.0,0.0158,0.1,29.5918,False,all_dynamic_snr,22.4946,0.8994
133,v4,v3,40.0,6.32,10.0,1.0,0.0316,0.1,24.7753,False,all_dynamic_snr,22.4886,0.9018
133,v4,v13,40.0,20.0,30.0,1.0,0.1,0.3,14.367,False,all_dynamic_snr,22.3953,0.9014
133,v4,v5,40.0,21.21,30.0,1.0,0.1061,0.3,13.9578,False,all_dynamic_snr,22.3847,0.893
133,v4,v15,40.0,32.56,20.0,1.0,0.1628,0.2,11.9806,False,all_dynamic_snr,22.3263,0.8982
134,v1,v7,40.0,0.0,0.0,1.0,0.0,0.0,40.0,False,all_dynamic_snr,22.4967,0.9018
134,v1,v2,40.0,4.24,0.0,1.0,0.0212,0.0,29.9578,False,all_dynamic_snr,22.4938,0.8988
134,v1,v6,40.0,66.27,40.0,1.0,0.3314,0.4,5.2669,False,all_dynamic_snr,21.778,0.8785
134,v1,v15,40.0,66.27,20.0,1.0,0.3314,0.2,7.0417,False,all_dynamic_snr,22.0033,0.8963
134,v1,v5,40.0,67.07,50.0,1.0,0.3353,0.5,4.5506,False,all_dynamic_snr,21.6683,0.8725
134,v2,v1,20.0,4.24,0.0,0.6,0.0212,0.0,9.9578,False,all_dynamic_snr,22.2256,0.898
134,v2,v7,20.0,4.24,0.0,0.6,0.0212,0.0,9.9578,False,all_dynamic_snr,22.2246,0.9014
134,v2,v6,20.0,63.07,40.0,0.6,0.3154,0.4,-14.3891,True,all_dynamic_snr,12.8782,0.3611
134,v2,v15,20.0,63.07,20.0,0.6,0.3154,0.2,-12.6143,True,all_dynamic_snr,14.1177,0.4641
134,v2,v5,20.0,64.0,50.0,0.6,0.32,0.5,-15.1241,True,all_dynamic_snr,12.3722,0.3338
134,v3,v11,20.0,3.16,30.0,0.6,0.0158,0.3,7.1835,True,all_dynamic_snr,22.0222,0.8867
134,v3,v13,20.0,6.32,20.0,0.6,0.0316,0.2,3.3666,False,all_dynamic_snr,21.4512,0.8775
134,v3,v4,20.0,13.42,20.0,0.6,0.0671,0.2,-1.8592,False,all_dynamic_snr,19.929,0.8219
134,v3,v5,20.0,39.12,30.0,0.6,0.1956,0.3,-10.294,True,all_dynamic_snr,15.5629,0.575
134,v3,v6,20.0,40.0,20.0,0.6,0.2,0.2,-9.4499,False,all_dynamic_snr,16.0876,0.5988
134,v4,v13,40.0,10.0,0.0,1.0,0.05,0.0,24.0,False,all_dynamic_snr,22.4848,0.9033
134,v4,v11,40.0,11.4,10.0,1.0,0.057,0.1,20.6802,False,all_dynamic_snr,22.4741,0.8988
134,v4,v3,40.0,13.42,20.0,1.0,0.0671,0.2,18.1408,False,all_dynamic_snr,22.452,0.8953
134,v4,v8,40.0,39.12,30.0,1.0,0.1956,0.3,9.706,False,all_dynamic_snr,22.2138,0.9072
134,v4,v5,40.0,51.09,10.0,1.0,0.2554,0.1,10.2586,False,all_dynamic_snr,22.2516,0.8912
135,v1,v7,40.0,0.0,0.0,1.0,0.0,0.0,40.0,False,all_dynamic_snr,22.4965,0.9008
135,v1,v2,40.0,4.24,0.0,1.0,0.0212,0.0,29.9578,False,all_dynamic_snr,22.4941,0.8998
135,v1,v5,40.0,17.26,30.0,1.0,0.0863,0.3,15.3898,False,all_dynamic_snr,22.4192,0.8953
135,v1,v6,40.0,26.68,20.0,1.0,0.1334,0.2,13.3632,False,all_dynamic_snr,22.3778,0.8969
135,v1,v15,40.0,46.39,20.0,1.0,0.2319,0.2,9.5203,False,all_dynamic_snr,22.2082,0.8949
135,v2,v1,20.0,4.24,0.0,0.6,0.0212,0.0,9.9578,False,all_dynamic_snr,22.2267,0.9041
135,v2,v7,20.0,4.24,0.0,0.6,0.0212,0.0,9.9578,False,all_dynamic_snr,22.2266,0.8924
135,v2,v5,20.0,14.0,30.0,0.6,0.07,0.3,-3.1545,True,all_dynamic_snr,19.403,0.7941
135,v2,v6,20.0,23.19,20.0,0.6,0.116,0.2,-5.6632,False,all_dynamic_snr,18.1886,0.7307
135,v2,v15,20.0,43.1,20.0,0.6,0.2155,0.2,-9.9693,False,all_dynamic_snr,15.7796,0.5828
135,v3,v4,20.0,10.0,0.0,0.6,0.05,0.0,4.0,False,all_dynamic_snr,21.5644,0.8766
135,v3,v13,20.0,18.97,30.0,0.6,0.0949,0.3,-5.2669,True,all_dynamic_snr,18.3877,0.7418
135,v3,v11,20.0,29.15,20.0,0.6,0.1458,0.2,-7.2523,False,all_dynamic_snr,17.3462,0.6719
135,v3,v15,20.0,40.0,0.0,0.6,0.2,0.0,-5.633,False,all_dynamic_snr,18.2425,0.7324
135,v3,v6,20.0,60.0,0.0,0.6,0.3,0.0,-8.4504,True,all_dynamic_snr,16.6964,0.6465
135,v4,v3,40.0,10.0,0.0,1.0,0.05,0.0,24.0,False,all_dynamic_snr,22.486,0.9027
135,v4,v13,40.0,10.0,30.0,1.0,0.05,0.3,19.1835,False,all_dynamic_snr,22.4645,0.8969
135,v4,v11,40.0,21.21,20.0,1.0,0.1061,0.2,14.9573,False,all_dynamic_snr,22.4102,0.8998
135,v4,v15,40.0,32.56,0.0,1.0,0.1628,0.0,15.7976,False,all_dynamic_snr,22.4239,0.8979
135,v4,v6,40.0,52.35,0.0,1.0,0.2617,0.0,12.498,False,all_dynamic_snr,22.3431,0.9023
136,v1,v7,40.0,0.0,0.0,1.0,0.0,0.0,40.0,False,all_dynamic_snr,22.4965,0.9008
136,v1,v2,40.0,4.24,0.0,1.0,0.0212,0.0,29.9578,False,all_dynamic_snr,22.4942,0.9008
136,v1,v5,40.0,4.24,0.0,1.0,0.0212,0.0,29.9578,False,all_dynamic_snr,22.4945,0.9018
136,v1,v6,40.0,8.49,0.0,1.0,0.0424,0.0,25.1413,False,all_dynamic_snr,22.4886,0.9004
136,v1,v11,40.0,17.26,20.0,1.0,0.0863,0.2,16.3893,False,all_dynamic_snr,22.4352,0.8984
136,v2,v5,20.0,0.0,0.0,0.6,0.0,0.0,36.0,False,all_dynamic_snr,22.4964,0.8998
136,v2,v1,20.0,4.24,0.0,0.6,0.0212,0.0,9.9578,False,all_dynamic_snr,22.2314,0.8852
136,v2,v6,20.0,4.24,0.0,0.6,0.0212,0.0,9.9578,False,all_dynamic_snr,22.2309,0.8893
136,v2,v7,20.0,4.24,0.0,0.6,0.0212,0.0,9.9578,False,all_dynamic_snr,22.2198,0.8934
136,v2,v11,20.0,14.0,20.0,0.6,0.07,0.2,-2.155,False,all_dynamic_snr,19.7992,0.8113
136,v3,v4,20.0,10.0,30.0,0.6,0.05,0.3,-0.8165,True,all_dynamic_snr,20.312,0.8211
136,v3,v15,20.0,40.0,40.0,0.6,0.2,0.4,-11.2247,True,all_dynamic_snr,15.0118,0.5266
136,v3,v8,20.0,41.11,20.0,0.6,0.2055,0.2,-9.6401,False,all_dynamic_snr,15.9865,0.5861
136,v3,v13,20.0,48.37,20.0,0.6,0.2419,0.2,-10.7707,False,all_dynamic_snr,15.262,0.5348
136,v3,v11,20.0,49.09,10.0,0.6,0.2455,0.1,-9.4644,False,all_dynamic_snr,16.1092,0.5896
136,v4,v3,40.0,10.0,30.0,1.0,0.05,0.3,19.1835,False,all_dynamic_snr,22.4634,0.8984
136,v4,v15,40.0,32.56,10.0,1.0,0.1628,0.1,13.3893,False,all_dynamic_snr,22.3751,0.8998
136,v4,v13,40.0,40.0,10.0,1.0,0.2,0.1,11.9588,False,all_dynamic_snr,22.33,0.8939
136,v4,v11,40.0,41.11,20.0,1.0,0.2055,0.2,10.3599,False,all_dynamic_snr,22.2507,0.8965
136,v4,v8,40.0,49.09,10.0,1.0,0.2455,0.1,10.5356,False,all_dynamic_snr,22.2632,0.891
137,v1,v7,40.0,0.0,0.0,1.0,0.0,0.0,40.0,False,all_dynamic_snr,22.4968,0.9008
137,v1,v13,40.0,0.0,0.0,1.0,0.0,0.0,40.0,False,all_dynamic_snr,22.4964,0.8969
137,v1,v2,40.0,4.24,0.0,1.0,0.0212,0.0,29.9578,False,all_dynamic_snr,22.4947,0.9027
137,v1,v5,40.0,4.24,0.0,1.0,0.0212,0.0,29.9578,False,all_dynamic_snr,22.4948,0.9008
137,v1,v11,40.0,4.24,0.0,1.0,0.0212,0.0,29.9578,False,all_dynamic_snr,22.4942,0.9008
137,v2,v5,20.0,0.0,0.0,0.6,0.0,0.0,36.0,False,all_dynamic_snr,22.4962,0.8998
137,v2,v11,20.0,0.0,0.0,0.6,0.0,0.0,36.0,False,all_dynamic_snr,22.496,0.9008
137,v2,v1,20.0,4.24,0.0,0.6,0.0212,0.0,9.9578,False,all_dynamic_snr,22.2383,0.8883
137,v2,v6,20.0,4.24,0.0,0.6,0.0212,0.0,9.9578,False,all_dynamic_snr,22.2306,0.8924
137,v2,v7,20.0,4.24,0.0,0.6,0.0212,0.0,9.9578,False,all_dynamic_snr,22.2231,0.8994
137,v3,v8,20.0,21.21,10.0,0.6,0.1061,0.1,-3.6339,False,all_dynamic_snr,19.2058,0.7861
137,v3,v4,20.0,38.47,30.0,0.6,0.1924,0.3,-10.1786,True,all_dynamic_snr,15.6664,0.5793
137,v3,v6,20.0,50.0,50.0,0.6,0.25,0.5,-13.4087,True,all_dynamic_snr,13.5533,0.4275
137,v3,v15,20.0,50.0,50.0,0.6,0.25,0.5,-13.4087,True,all_dynamic_snr,13.5461,0.4111
137,v3,v2,20.0,53.08,50.0,0.6,0.2654,0.5,-13.8247,True,all_dynamic_snr,13.3214,0.3951
137,v4,v6,40.0,13.42,20.0,1.0,0.0671,0.2,18.1408,False,all_dynamic_snr,22.4536,0.9062
137,v4,v15,40.0,13.42,20.0,1.0,0.0671,0.2,18.1408,False,all_dynamic_snr,22.4532,0.8969
137,v4,v2,40.0,15.3,20.0,1.0,0.0765,0.2,17.2293,False,all_dynamic_snr,22.4457,0.9012
137,v4,v5,40.0,15.3,20.0,1.0,0.0765,0.2,17.2293,False,all_dynamic_snr,22.4462,0.8998
137,v4,v11,40.0,15.3,20.0,1.0,0.0765,0.2,17.2293,False,all_dynamic_snr,22.4475,0.8959
138,v1,v4,40.0,0.0,0.0,1.0,0.0,0.0,40.0,False,all_dynamic_snr,22.4967,0.8998
138,v1,v7,40.0,0.0,0.0,1.0,0.0,0.0,40.0,False,all_dynamic_snr,22.4965,0.8998
138,v1,v13,40.0,0.0,0.0,1.0,0.0,0.0,40.0,False,all_dynamic_snr,22.4966,0.8998
138,v1,v2,40.0,4.24,0.0,1.0,0.0212,0.0,29.9578,False,all_dynamic_snr,22.4931,0.9023
138,v1,v5,40.0,4.24,0.0,1.0,0.0212,0.0,29.9578,False,all_dynamic_snr,22.4937,0.8969
138,v2,v5,20.0,0.0,0.0,0.6,0.0,0.0,36.0,False,all_dynamic_snr,22.4961,0.8998
138,v2,v11,20.0,0.0,0.0,0.6,0.0,0.0,36.0,False,all_dynamic_snr,22.4962,0.8979
138,v2,v1,20.0,4.24,0.0,0.6,0.0212,0.0,9.9578,False,all_dynamic_snr,22.2293,0.8959
138,v2,v3,20.0,4.24,0.0,0.6,0.0212,0.0,9.9578,False,all_dynamic_snr,22.2311,0.8939
138,v2,v4,20.0,4.24,0.0,0.6,0.0212,0.0,9.9578,False,all_dynamic_snr,22.2302,0.8953
138,v3,v6,20.0,0.0,0.0,0.6,0.0,0.0,36.0,False,all_dynamic_snr,22.4961,0.8979
138,v3,v15,20.0,0.0,0.0,0.6,0.0,0.0,36.0,False,all_dynamic_snr,22.496,0.8998
138,v3,v2,20.0,4.24,0.0,0.6,0.0212,0.0,9.9578,False,all_dynamic_snr,22.2286,0.8865
138,v3,v5,20.0,4.24,0.0,0.6,0.0212,0.0,9.9578,False,all_dynamic_snr,22.2257,0.8943
138,v3,v11,20.0,4.24,0.0,0.6,0.0212,0.0,9.9578,False,all_dynamic_snr,22.2275,0.8869
138,v4,v1,40.0,0.0,0.0,1.0,0.0,0.0,40.0,False,all_dynamic_snr,22.4967,0.8988
138,v4,v7,40.0,0.0,0.0,1.0,0.0,0.0,40.0,False,all_dynamic_snr,22.4966,0.9008
138,v4,v13,40.0,0.0,0.0,1.0,0.0,0.0,40.0,False,all_dynamic_snr,22.4968,0.8969
138,v4,v2,40.0,4.24,0.0,1.0,0.0212,0.0,29.9578,False,all_dynamic_snr,22.4941,0.9008
138,v4,v5,40.0,4.24,0.0,1.0,0.0212,0.0,29.9578,False,all_dynamic_snr,22.4947,0.8998
139,v1,v4,40.0,0.0,0.0,1.0,0.0,0.0,40.0,False,all_dynamic_snr,22.4967,0.9008
139,v1,v7,40.0,0.0,0.0,1.0,0.0,0.0,40.0,False,all_dynamic_snr,22.4966,0.8979
139,v1,v13,40.0,0.0,0.0,1.0,0.0,0.0,40.0,False,all_dynamic_snr,22.4966,0.8998
139,v1,v2,40.0,4.24,0.0,1.0,0.0212,0.0,29.9578,False,all_dynamic_snr,22.4936,0.9014
139,v1,v5,40.0,4.24,0.0,1.0,0.0212,0.0,29.9578,False,all_dynamic_snr,22.4945,0.9008
139,v2,v5,20.0,0.0,0.0,0.6,0.0,0.0,36.0,False,all_dynamic_snr,22.496,0.9008
139,v2,v8,20.0,0.0,0.0,0.6,0.0,0.0,36.0,False,all_dynamic_snr,22.4963,0.8988
139,v2,v11,20.0,0.0,0.0,0.6,0.0,0.0,36.0,False,all_dynamic_snr,22.4958,0.8998
139,v2,v1,20.0,4.24,0.0,0.6,0.0212,0.0,9.9578,False,all_dynamic_snr,22.2254,0.8945
139,v2,v3,20.0,4.24,0.0,0.6,0.0212,0.0,9.9578,False,all_dynamic_snr,22.2274,0.8953
139,v3,v6,20.0,0.0,0.0,0.6,0.0,0.0,36.0,False,all_dynamic_snr,22.496,0.8998
139,v3,v15,20.0,0.0,0.0,0.6,0.0,0.0,36.0,False,all_dynamic_snr,22.4961,0.8988
139,v3,v2,20.0,4.24,0.0,0.6,0.0212,0.0,9.9578,False,all_dynamic_snr,22.2301,0.8906
139,v3,v5,20.0,4.24,0.0,0.6,0.0212,0.0,9.9578,False,all_dynamic_snr,22.2245,0.8965
139,v3,v8,20.0,4.24,0.0,0.6,0.0212,0.0,9.9578,False,all_dynamic_snr,22.23,0.8891
139,v4,v1,40.0,0.0,0.0,1.0,0.0,0.0,40.0,False,all_dynamic_snr,22.4967,0.8998
139,v4,v7,40.0,0.0,0.0,1.0,0.0,0.0,40.0,False,all_dynamic_snr,22.497,0.8998
139,v4,v13,40.0,0.0,0.0,1.0,0.0,0.0,40.0,False,all_dynamic_snr,22.4967,0.8988
139,v4,v2,40.0,4.24,0.0,1.0,0.0212,0.0,29.9578,False,all_dynamic_snr,22.4944,0.8988
139,v4,v5,40.0,4.24,0.0,1.0,0.0212,0.0,29.9578,False,all_dynamic_snr,22.4947,0.8979
140,v1,v4,40.0,0.0,0.0,1.0,0.0,0.0,40.0,False,all_dynamic_snr,22.4965,0.8988
140,v1,v7,40.0,0.0,0.0,1.0,0.0,0.0,40.0,False,all_dynamic_snr,22.4967,0.9008
140,v1,v13,40.0,0.0,0.0,1.0,0.0,0.0,40.0,False,all_dynamic_snr,22.4965,0.9008
140,v1,v2,40.0,4.24,0.0,1.0,0.0212,0.0,29.9578,False,all_dynamic_snr,22.4944,0.9014
140,v1,v5,40.0,4.24,0.0,1.0,0.0212,0.0,29.9578,False,all_dynamic_snr,22.4937,0.8998
140,v2,v5,20.0,0.0,0.0,0.6,0.0,0.0,36.0,False,all_dynamic_snr,22.4958,0.8988
140,v2,v8,20.0,0.0,0.0,0.6,0.0,0.0,36.0,False,all_dynamic_snr,22.4958,0.8988
140,v2,v11,20.0,0.0,0.0,0.6,0.0,0.0,36.0,False,all_dynamic_snr,22.4964,0.8998
140,v2,v1,20.0,4.24,0.0,0.6,0.0212,0.0,9.9578,False,all_dynamic_snr,22.2326,0.8904
140,v2,v3,20.0,4.24,0.0,0.6,0.0212,0.0,9.9578,False,all_dynamic_snr,22.2231,0.908
140,v3,v6,20.0,0.0,0.0,0.6,0.0,0.0,36.0,False,all_dynamic_snr,22.4961,0.8979
140,v3,v15,20.0,0.0,0.0,0.6,0.0,0.0,36.0,False,all_dynamic_snr,22.4962,0.8998
140,v3,v2,20.0,4.24,0.0,0.6,0.0212,0.0,9.9578,False,all_dynamic_snr,22.227,0.8936
140,v3,v5,20.0,4.24,0.0,0.6,0.0212,0.0,9.9578,False,all_dynamic_snr,22.2235,0.8941
140,v3,v8,20.0,4.24,0.0,0.6,0.0212,0.0,9.9578,False,all_dynamic_snr,22.2325,0.8959
140,v4,v1,40.0,0.0,0.0,1.0,0.0,0.0,40.0,False,all_dynamic_snr,22.4965,0.9008
140,v4,v7,40.0,0.0,0.0,1.0,0.0,0.0,40.0,False,all_dynamic_snr,22.4964,0.8998
140,v4,v13,40.0,0.0,0.0,1.0,0.0,0.0,40.0,False,all_dynamic_snr,22.4964,0.8988
140,v4,v2,40.0,4.24,0.0,1.0,0.0212,0.0,29.9578,False,all_dynamic_snr,22.494,0.8988
140,v4,v5,40.0,4.24,0.0,1.0,0.0212,0.0,29.9578,False,all_dynamic_snr,22.4939,0.9008
10,v1,v2,40.0,23.19,20.0,1.0,0.116,0.2,14.3368,False,all_direct,20.4751,0.9314
10,v1,v3,40.0,74.24,20.0,1.0,0.3712,0.2,6.2526,False,all_direct,12.3917,0.5689
10,v1,v5,40.0,107.04,20.0,1.0,0.5352,0.2,3.7102,False,all_direct,9.847,0.3479
10,v1,v4,40.0,130.0,10.0,1.0,0.65,0.1,3.7687,False,all_direct,9.9058,0.3664
10,v1,v7,40.0,180.0,10.0,1.0,0.9,0.1,1.5074,True,all_direct,7.6475,0.2225
10,v2,v1,20.0,23.19,20.0,0.6,0.116,0.2,-5.6632,False,all_direct,0.4755,0.1285
10,v2,v3,20.0,97.05,40.0,0.6,0.4852,0.4,-17.3834,True,all_direct,-11.2468,0.1195
10,v2,v5,20.0,130.0,40.0,0.6,0.65,0.4,-19.4149,True,all_direct,-13.2768,0.1234
10,v2,v4,20.0,153.03,10.0,0.6,0.7651,0.1,-17.3646,True,all_direct,-11.2272,0.1109
10,v3,v5,20.0,33.14,0.0,0.6,0.1657,0.0,-4.3248,False,all_direct,1.8145,0.1262
10,v3,v4,20.0,56.32,30.0,0.6,0.2816,0.3,-12.8271,True,all_direct,-6.6896,0.1002
10,v3,v1,20.0,74.24,20.0,0.6,0.3712,0.2,-13.7474,True,all_direct,-7.61,0.1004
10,v3,v2,20.0,97.05,40.0,0.6,0.4852,0.4,-17.3834,True,all_direct,-11.2458,0.1197
10,v3,v7,20.0,106.17,30.0,0.6,0.5308,0.3,-17.2325,True,all_direct,-11.0941,0.115
10,v4,v5,40.0,23.19,30.0,1.0,0.116,0.3,13.3373,False,all_direct,19.4756,0.9191
10,v4,v7,40.0,50.0,0.0,1.0,0.25,0.0,12.8165,False,all_direct,18.9537,0.9072
10,v4,v6,40.0,54.33,0.0,1.0,0.2717,0.0,12.2391,False,all_direct,18.3768,0.8984
10,v4,v3,40.0,56.32,30.0,1.0,0.2816,0.3,7.1729,False,all_direct,13.3132,0.6643
10,v4,v8,40.0,77.06,20.0,1.0,0.3853,0.2,5.9939,False,all_direct,12.1323,0.5457
11,v1,v2,40.0,4.24,10.0,1.0,0.0212,0.1,27.5496,False,all_direct,33.6853,0.9912
11,v1,v3,40.0,54.33,10.0,1.0,0.2717,0.1,9.8308,False,all_direct,15.9689,0.8086
11,v1,v5,40.0,87.05,10.0,1.0,0.4353,0.1,6.5553,False,all_direct,12.6934,0.6047
11,v1,v4,40.0,140.0,0.0,1.0,0.7,0.0,5.662,False,all_direct,11.8006,0.5176
11,v1,v7,40.0,190.0,20.0,1.0,0.95,0.2,-0.277,True,all_direct,5.8615,0.1773
11,v2,v1,20.0,4.24,10.0,0.6,0.0212,0.1,7.5496,False,all_direct,13.6873,0.6914
11,v2,v3,20.0,57.08,20.0,0.6,0.2854,0.2,-11.9206,True,all_direct,-5.7813,0.1012
11,v2,v5,20.0,90.0,20.0,0.6,0.45,0.2,-15.0849,True,all_direct,-8.9477,0.1311
11,v2,v4,20.0,143.03,10.0,0.6,0.7152,0.1,-16.8951,True,all_direct,-10.7566,0.1219
11,v2,v7,20.0,193.02,10.0,0.6,0.9651,0.1,-18.978,True,all_direct,-12.8411,0.1105
11,v3,v5,20.0,33.14,0.0,0.6,0.1657,0.0,-4.3248,False,all_direct,1.8127,0.1383
11,v3,v1,20.0,54.33,10.0,0.6,0.2717,0.1,-10.1692,False,all_direct,-4.0324,0.0973
11,v3,v2,20.0,57.08,20.0,0.6,0.2854,0.2,-11.9206,True,all_direct,-5.7822,0.0992
11,v3,v4,20.0,86.21,10.0,0.6,0.431,0.1,-13.3771,True,all_direct,-7.2392,0.1057
11,v3,v7,20.0,136.13,30.0,0.6,0.6807,0.3,-18.9599,True,all_direct,-12.8212,0.1229
11,v4,v7,40.0,50.0,20.0,1.0,0.25,0.2,8.9995,False,all_direct,15.14,0.7914
11,v4,v5,40.0,53.08,10.0,1.0,0.2654,0.1,9.9922,False,all_direct,16.13,0.8242
11,v4,v6,40.0,54.33,10.0,1.0,0.2717,0.1,9.8308,False,all_direct,15.9704,0.815
11,v4,v8,40.0,57.08,10.0,1.0,0.2854,0.1,9.4882,False,all_direct,15.6259,0.7973
11,v4,v3,40.0,86.21,10.0,1.0,0.431,0.1,6.6229,False,all_direct,12.7588,0.6111
12,v1,v2,40.0,13.34,20.0,1.0,0.0667,0.2,18.1797,False,all_direct,24.3196,0.9691
12,v1,v3,40.0,64.28,20.0,1.0,0.3214,0.2,7.2537,False,all_direct,13.3938,0.6693
12,v1,v5,40.0,97.05,0.0,1.0,0.4852,0.0,8.2083,False,all_direct,14.3436,0.724
12,v1,v4,40.0,140.0,20.0,1.0,0.7,0.2,1.845,False,all_direct,7.9811,0.2527
12,v1,v7,40.0,170.0,0.0,1.0,0.85,0.0,4.3128,True,all_direct,10.4517,0.4068
12,v2,v1,20.0,13.34,20.0,0.6,0.0667,0.2,-1.8203,False,all_direct,4.3172,0.1545
12,v2,v3,20.0,77.06,0.0,0.6,0.3853,0.0,-10.1891,True,all_direct,-4.0507,0.1021
12,v2,v5,20.0,110.0,20.0,0.6,0.55,0.2,-16.4793,True,all_direct,-10.3421,0.1133
12,v2,v4,20.0,153.03,0.0,0.6,0.7651,0.0,-14.9564,True,all_direct,-8.8163,0.1084
12,v2,v7,20.0,183.02,20.0,0.6,0.9151,0.2,-20.0171,True,all_direct,-13.8788,0.117
12,v3,v5,20.0,33.14,20.0,0.6,0.1657,0.2,-8.1418,False,all_direct,-2.0032,0.1119
12,v3,v1,20.0,64.28,20.0,0.6,0.3214,0.2,-12.7463,True,all_direct,-6.6081,0.1051
12,v3,v4,20.0,76.24,0.0,0.6,0.3812,0.0,-10.1146,True,all_direct,-3.9784,0.1002
12,v3,v2,20.0,77.06,0.0,0.6,0.3853,0.0,-10.1891,True,all_direct,-4.0544,0.1012
12,v3,v7,20.0,106.17,20.0,0.6,0.5308,0.2,-16.233,True,all_direct,-10.0942,0.1037
12,v4,v7,40.0,30.0,20.0,1.0,0.15,0.2,12.5491,False,all_direct,18.6873,0.8928
12,v4,v5,40.0,43.1,20.0,1.0,0.2155,0.2,10.0307,False,all_direct,16.17,0.8264
12,v4,v6,40.0,44.41,10.0,1.0,0.222,0.1,11.2325,False,all_direct,17.372,0.8711
12,v4,v8,40.0,47.1,20.0,1.0,0.2355,0.2,9.4153,False,all_direct,15.5523,0.7988
12,v4,v3,40.0,76.24,0.0,1.0,0.3812,0.0,9.8854,False,all_direct,16.0232,0.8293
13,v1,v2,40.0,33.14,10.0,1.0,0.1657,0.1,13.2669,False,all_direct,19.4044,0.9127
13,v1,v3,40.0,44.41,20.0,1.0,0.222,0.2,9.8238,False,all_direct,15.9617,0.8125
13,v1,v5,40.0,97.05,30.0,1.0,0.4852,0.3,3.3919,False,all_direct,9.5327,0.3412
13,v1,v4,40.0,120.0,30.0,1.0,0.6,0.3,1.9166,False,all_direct,8.0545,0.2523
13,v1,v7,40.0,170.0,10.0,1.0,0.85,0.1,1.9046,True,all_direct,8.043,0.2533
13,v2,v1,20.0,33.14,10.0,0.6,0.1657,0.1,-6.7331,False,all_direct,-0.5951,0.1178
13,v2,v3,20.0,77.06,10.0,0.6,0.3853,0.1,-12.5974,True,all_direct,-6.4597,0.1031
13,v2,v5,20.0,130.0,20.0,0.6,0.65,0.2,-17.6401,True,all_direct,-11.5029,0.1186
13,v2,v4,20.0,153.03,20.0,0.6,0.7651,0.2,-18.7734,True,all_direct,-12.6344,0.11
13,v3,v1,20.0,44.41,20.0,0.6,0.222,0.2,-10.1762,False,all_direct,-4.0361,0.1045
13,v3,v5,20.0,53.08,10.0,0.6,0.2654,0.1,-10.0078,False,all_direct,-3.8696,0.1012
13,v3,v4,20.0,76.24,10.0,0.6,0.3812,0.1,-12.5228,True,all_direct,-6.3864,0.0959
13,v3,v2,20.0,77.06,10.0,0.6,0.3853,0.1,-12.5974,True,all_direct,-6.4598,0.0994
13,v3,v7,20.0,126.14,10.0,0.6,0.6307,0.1,-16.022,True,all_direct,-9.886,0.1174
13,v4,v5,40.0,23.19,0.0,1.0,0.116,0.0,18.1537,False,all_direct,24.2914,0.9574
13,v4,v7,40.0,50.0,20.0,1.0,0.25,0.2,8.9995,False,all_direct,15.1377,0.7742
13,v4,v6,40.0,54.33,30.0,1.0,0.2717,0.3,7.4226,False,all_direct,13.5579,0.6559
13,v4,v8,40.0,67.07,10.0,1.0,0.3353,0.1,8.3676,False,all_direct,14.5067,0.7285
13,v4,v3,40.0,76.24,10.0,1.0,0.3812,0.1,7.4772,False,all_direct,13.6162,0.682
14,v1,v2,40.0,23.19,30.0,1.0,0.116,0.3,13.3373,False,all_direct,19.4731,0.9148
14,v1,v3,40.0,64.28,30.0,1.0,0.3214,0.3,6.2542,False,all_direct,12.3911,0.5793
14,v1,v5,40.0,127.04,30.0,1.0,0.6352,0.3,1.5207,False,all_direct,7.66,0.2313
14,v1,v4,40.0,150.0,40.0,1.0,0.75,0.4,-0.4092,True,all_direct,5.7284,0.1715
14,v1,v6,40.0,174.1,40.0,1.0,0.8705,0.4,-1.4447,True,all_direct,4.694,0.1588
14,v2,v1,20.0,23.19,30.0,0.6,0.116,0.3,-6.6627,True,all_direct,-0.527,0.1271
14,v2,v3,20.0,87.05,0.0,0.6,0.4353,0.0,-11.0364,True,all_direct,-4.8974,0.0992
14,v2,v5,20.0,150.0,0.0,0.6,0.75,0.0,-14.8175,True,all_direct,-8.6802,0.1168
14,v2,v4,20.0,173.03,10.0,0.6,0.8651,0.1,-18.218,True,all_direct,-12.0809,0.101
14,v2,v6,20.0,197.02,10.0,0.6,0.9851,0.1,-19.1205,True,all_direct,-12.9818,0.1121
14,v3,v5,20.0,63.07,0.0,0.6,0.3154,0.0,-8.7973,True,all_direct,-2.6599,0.109
14,v3,v1,20.0,64.28,30.0,0.6,0.3214,0.3,-13.7458,True,all_direct,-7.6084,0.0955
14,v3,v4,20.0,86.21,10.0,0.6,0.431,0.1,-13.3771,True,all_direct,-7.2382,0.0998
14,v3,v2,20.0,87.05,0.0,0.6,0.4353,0.0,-11.0364,True,all_direct,-4.8989,0.1012
14,v3,v6,20.0,110.0,10.0,0.6,0.55,0.1,-15.0705,True,all_direct,-8.9322,0.1113
14,v4,v5,40.0,23.19,10.0,1.0,0.116,0.1,15.7455,False,all_direct,21.8829,0.9555
14,v4,v6,40.0,24.74,0.0,1.0,0.1237,0.0,17.706,False,all_direct,23.8421,0.9721
14,v4,v7,40.0,30.0,20.0,1.0,0.15,0.2,12.5491,False,all_direct,18.6877,0.9029
14,v4,v8,40.0,77.06,0.0,1.0,0.3853,0.0,9.8109,False,all_direct,15.9472,0.8209
14,v4,v3,40.0,86.21,10.0,1.0,0.431,0.1,6.6229,False,all_direct,12.7606,0.6279
15,v1,v3,40.0,34.53,0.0,1.0,0.1726,0.0,15.3898,False,all_direct,21.5274,0.9408
15,v1,v2,40.0,53.08,20.0,1.0,0.2654,0.2,8.5835,False,all_direct,14.7205,0.7453
15,v1,v5,40.0,97.05,10.0,1.0,0.4852,0.1,5.8001,False,all_direct,11.938,0.5295
15,v1,v4,40.0,110.0,30.0,1.0,0.55,0.3,2.5212,False,all_direct,8.6592,0.2852
15,v1,v6,40.0,134.13,10.0,1.0,0.6707,0.1,3.5511,False,all_direct,9.6878,0.3354
15,v2,v1,20.0,53.08,20.0,0.6,0.2654,0.2,-11.4165,False,all_direct,-5.2799,0.1031
15,v2,v3,20.0,87.05,20.0,0.6,0.4353,0.2,-14.8534,True,all_direct,-8.7121,0.1184
15,v2,v5,20.0,150.0,10.0,0.6,0.75,0.1,-17.2257,True,all_direct,-11.0881,0.1176
15,v2,v4,20.0,163.03,10.0,0.6,0.8151,0.1,-17.8044,True,all_direct,-11.6688,0.1184
15,v2,v6,20.0,187.02,30.0,0.6,0.9351,0.3,-21.1668,True,all_direct,-15.0287,0.1076
15,v3,v1,20.0,34.53,0.0,0.6,0.1726,0.0,-4.6102,False,all_direct,1.5276,0.1311
15,v3,v5,20.0,63.07,10.0,0.6,0.3154,0.1,-11.2056,True,all_direct,-5.0664,0.0992
15,v3,v4,20.0,76.24,30.0,0.6,0.3812,0.3,-14.9311,True,all_direct,-8.7942,0.1063
15,v3,v2,20.0,87.05,20.0,0.6,0.4353,0.2,-14.8534,True,all_direct,-8.717,0.1127
15,v3,v6,20.0,100.0,10.0,0.6,0.5,0.1,-14.4082,True,all_direct,-8.2689,0.1035
15,v4,v5,40.0,13.34,20.0,1.0,0.0667,0.2,18.1797,False,all_direct,24.3175,0.9633
15,v4,v6,40.0,24.74,40.0,1.0,0.1237,0.4,12.1142,False,all_direct,18.2509,0.8859
15,v4,v7,40.0,50.0,10.0,1.0,0.25,0.1,10.4082,False,all_direct,16.5449,0.8355
15,v4,v3,40.0,76.24,30.0,1.0,0.3812,0.3,5.0689,False,all_direct,11.2074,0.4543
15,v4,v8,40.0,77.06,40.0,1.0,0.3853,0.4,4.2191,False,all_direct,10.3547,0.3996
16,v1,v2,40.0,33.14,0.0,1.0,0.1657,0.0,15.6752,False,all_direct,21.8141,0.951
16,v1,v3,40.0,34.53,40.0,1.0,0.1726,0.4,9.798,False,all_direct,15.9363,0.8238
16,v1,v5,40.0,107.04,20.0,1.0,0.5352,0.2,3.7102,False,all_direct,9.8452,0.3621
16,v1,v6,40.0,124.15,10.0,1.0,0.6207,0.1,4.0889,False,all_direct,10.2255,0.3871
16,v1,v4,40.0,140.0,0.0,1.0,0.7,0.0,5.662,False,all_direct,11.8011,0.5229
16,v2,v1,20.0,33.14,0.0,0.6,0.1657,0.0,-4.3248,False,all_direct,1.8146,0.1301
16,v2,v3,20.0,67.07,40.0,0.6,0.3353,0.4,-14.8159,True,all_direct,-8.6779,0.1111
16,v2,v5,20.0,140.0,20.0,0.6,0.7,0.2,-18.155,True,all_direct,-12.0156,0.1029
16,v2,v6,20.0,157.03,10.0,0.6,0.7851,0.1,-17.5439,True,all_direct,-11.4085,0.1154
16,v2,v4,20.0,173.03,0.0,0.6,0.8651,0.0,-15.8098,True,all_direct,-9.6705,0.1252
16,v3,v1,20.0,34.53,40.0,0.6,0.1726,0.4,-10.202,True,all_direct,-4.0648,0.0992
16,v3,v2,20.0,67.07,40.0,0.6,0.3353,0.4,-14.8159,True,all_direct,-8.6767,0.1119
16,v3,v5,20.0,73.06,20.0,0.6,0.3653,0.2,-13.636,True,all_direct,-7.4995,0.1023
16,v3,v6,20.0,90.0,30.0,0.6,0.45,0.3,-16.0844,True,all_direct,-9.948,0.1264
16,v3,v4,20.0,106.17,40.0,0.6,0.5308,0.4,-18.0078,True,all_direct,-11.8683,0.1141
16,v4,v6,40.0,17.09,10.0,1.0,0.0854,0.1,17.8687,False,all_direct,24.0064,0.9648
16,v4,v5,40.0,33.14,20.0,1.0,0.1657,0.2,11.8582,False,all_direct,17.9973,0.8906
16,v4,v8,40.0,37.12,40.0,1.0,0.1856,0.4,9.2942,False,all_direct,15.4337,0.7949
16,v4,v7,40.0,40.0,40.0,1.0,0.2,0.4,8.7753,False,all_direct,14.913,0.7615
16,v4,v11,40.0,77.06,30.0,1.0,0.3853,0.3,4.9944,False,all_direct,11.133,0.4773
17,v1,v2,40.0,33.14,40.0,1.0,0.1657,0.4,10.0834,False,all_direct,16.2198,0.8268
17,v1,v3,40.0,74.24,10.0,1.0,0.3712,0.1,7.6613,False,all_direct,13.7986,0.6863
17,v1,v5,40.0,127.04,30.0,1.0,0.6352,0.3,1.5207,False,all_direct,7.6592,0.2301
17,v1,v6,40.0,134.13,40.0,1.0,0.6707,0.4,0.3676,True,all_direct,6.5049,0.193
17,v1,v4,40.0,140.0,10.0,1.0,0.7,0.1,3.2537,False,all_direct,9.3896,0.3297
17,v2,v1,20.0,33.14,40.0,0.6,0.1657,0.4,-9.9166,True,all_direct,-3.7794,0.1041
17,v2,v3,20.0,107.04,30.0,0.6,0.5352,0.3,-17.2894,True,all_direct,-11.1525,0.1074
17,v2,v5,20.0,160.0,10.0,0.6,0.8,0.1,-17.6742,True,all_direct,-11.5356,0.1129
17,v2,v6,20.0,167.03,0.0,0.6,0.8351,0.0,-15.5646,True,all_direct,-9.4261,0.1309
17,v2,v4,20.0,173.03,30.0,0.6,0.8651,0.3,-20.6263,True,all_direct,-14.489,0.1158
17,v3,v5,20.0,53.08,20.0,0.6,0.2654,0.2,-11.4165,False,all_direct,-5.2799,0.0973
17,v3,v6,20.0,60.0,30.0,0.6,0.3,0.3,-13.2669,True,all_direct,-7.1265,0.1027
17,v3,v4,20.0,66.27,0.0,0.6,0.3314,0.0,-9.1413,True,all_direct,-3.0061,0.1066
17,v3,v1,20.0,74.24,10.0,0.6,0.3712,0.1,-12.3387,True,all_direct,-6.1995,0.1047
17,v3,v2,20.0,107.04,30.0,0.6,0.5352,0.3,-17.2894,True,all_direct,-11.1504,0.1105
17,v4,v6,40.0,8.49,30.0,1.0,0.0424,0.3,20.3249,False,all_direct,26.4619,0.9721
17,v4,v5,40.0,13.34,20.0,1.0,0.0667,0.2,18.1797,False,all_direct,24.316,0.9633
17,v4,v3,40.0,66.27,0.0,1.0,0.3314,0.0,10.8587,False,all_direct,16.9969,0.8527
17,v4,v8,40.0,77.06,10.0,1.0,0.3853,0.1,7.4026,False,all_direct,13.5394,0.6639
17,v4,v7,40.0,80.0,0.0,1.0,0.4,0.0,9.5506,False,all_direct,15.6879,0.8051
18,v1,v3,40.0,64.28,40.0,1.0,0.3214,0.4,5.479,False,all_direct,11.6155,0.507
18,v1,v2,40.0,73.06,10.0,1.0,0.3653,0.1,7.7727,False,all_direct,13.9103,0.6789
18,v1,v6,40.0,94.19,40.0,1.0,0.471,0.4,2.8241,False,all_direct,8.9596,0.2908
18,v1,v5,40.0,97.05,30.0,1.0,0.4852,0.3,3.3919,False,all_direct,9.53,0.3301
18,v1,v4,40.0,130.0,30.0,1.0,0.65,0.3,1.3604,False,all_direct,7.4997,0.2223
18,v2,v1,20.0,73.06,10.0,0.6,0.3653,0.1,-12.2273,True,all_direct,-6.092,0.1021
18,v2,v3,20.0,137.03,30.0,0.6,0.6852,0.3,-19.0057,True,all_direct,-12.8676,0.1131
18,v2,v6,20.0,167.03,30.0,0.6,0.8351,0.3,-20.3811,True,all_direct,-14.2435,0.1184
18,v2,v5,20.0,170.0,20.0,0.6,0.85,0.2,-19.5042,True,all_direct,-13.3631,0.1109
18,v3,v6,20.0,30.0,0.0,0.6,0.15,0.0,-3.6339,False,all_direct,2.5063,0.1424
18,v3,v5,20.0,33.14,10.0,0.6,0.1657,0.1,-6.7331,False,all_direct,-0.5965,0.125
18,v3,v1,20.0,64.28,40.0,0.6,0.3214,0.4,-14.521,True,all_direct,-8.3825,0.1273
18,v3,v4,20.0,66.27,10.0,0.6,0.3314,0.1,-11.5495,True,all_direct,-5.4116,0.1021
18,v3,v8,20.0,133.03,0.0,0.6,0.6652,0.0,-13.9834,True,all_direct,-7.8478,0.0949
18,v4,v5,40.0,33.14,0.0,1.0,0.1657,0.0,15.6752,False,all_direct,21.8124,0.9479
18,v4,v6,40.0,36.5,10.0,1.0,0.1825,0.1,12.5957,False,all_direct,18.7341,0.9123
18,v4,v3,40.0,66.27,10.0,1.0,0.3314,0.1,8.4505,False,all_direct,14.5892,0.7537
18,v4,v8,40.0,67.07,10.0,1.0,0.3353,0.1,8.3676,False,all_direct,14.508,0.7348
18,v4,v7,40.0,80.0,10.0,1.0,0.4,0.1,7.1423,False,all_direct,13.2811,0.6375
19,v1,v2,40.0,63.07,20.0,1.0,0.3154,0.2,7.3857,False,all_direct,13.5223,0.6598
19,v1,v3,40.0,104.17,20.0,1.0,0.5209,0.2,3.899,False,all_direct,10.0346,0.3717
19,v1,v5,40.0,127.04,0.0,1.0,0.6352,0.0,6.3372,False,all_direct,12.4764,0.5746
19,v1,v6,40.0,134.13,10.0,1.0,0.6707,0.1,3.5511,False,all_direct,9.689,0.3387
19,v1,v4,40.0,160.0,10.0,1.0,0.8,0.1,2.3258,True,all_direct,8.4621,0.268
19,v2,v1,20.0,63.07,20.0,0.6,0.3154,0.2,-12.6143,True,all_direct,-6.4776,0.1021
19,v2,v3,20.0,167.03,40.0,0.6,0.8351,0.4,-21.1563,True,all_direct,-15.0171,0.1094
19,v2,v5,20.0,190.0,20.0,0.6,0.95,0.2,-20.277,True,all_direct,-14.1402,0.1166
19,v2,v6,20.0,197.02,30.0,0.6,0.9851,0.3,-21.5287,True,all_direct,-15.3899,0.1076
19,v3,v5,20.0,23.19,20.0,0.6,0.116,0.2,-5.6632,False,all_direct,0.4746,0.1227
19,v3,v6,20.0,30.0,10.0,0.6,0.15,0.1,-6.0422,False,all_direct,0.0973,0.1213
19,v3,v4,20.0,56.32,30.0,0.6,0.2816,0.3,-12.8271,True,all_direct,-6.6891,0.0982
19,v3,v1,20.0,104.17,20.0,0.6,0.5209,0.2,-16.101,True,all_direct,-9.9629,0.1164
19,v3,v7,20.0,126.14,30.0,0.6,0.6307,0.3,-18.4303,True,all_direct,-12.2924,0.1143
19,v4,v6,40.0,26.68,20.0,1.0,0.1334,0.2,13.3632,False,all_direct,19.5001,0.915
19,v4,v5,40.0,33.14,10.0,1.0,0.1657,0.1,13.2669,False,all_direct,19.4046,0.9088
19,v4,v3,40.0,56.32,30.0,1.0,0.2816,0.3,7.1729,False,all_direct,13.3091,0.6467
19,v4,v7,40.0,70.0,0.0,1.0,0.35,0.0,10.4784,False,all_direct,16.6172,0.8455
19,v4,v8,40.0,77.06,30.0,1.0,0.3853,0.3,4.9944,False,all_direct,11.1334,0.4699
20,v1,v2,40.0,43.1,0.0,1.0,0.2155,0.0,13.8476,False,all_direct,19.9855,0.9221
20,v1,v3,40.0,84.21,0.0,1.0,0.4211,0.0,9.1939,False,all_direct,15.3314,0.7848
20,v1,v6,40.0,124.15,30.0,1.0,0.6207,0.3,1.6806,False,all_direct,7.8191,0.233
20,v1,v5,40.0,127.04,30.0,1.0,0.6352,0.3,1.5207,False,all_direct,7.6572,0.2342
20,v1,v4,40.0,170.0,30.0,1.0,0.85,0.3,-0.5037,True,all_direct,5.633,0.1682
20,v2,v1,20.0,43.1,0.0,0.6,0.2155,0.0,-6.1524,False,all_direct,-0.0154,0.1197
20,v2,v3,20.0,127.04,0.0,0.6,0.6352,0.0,-13.6628,True,all_direct,-7.5249,0.1018
20,v2,v6,20.0,167.03,30.0,0.6,0.8351,0.3,-20.3811,True,all_direct,-14.2427,0.107
20,v2,v5,20.0,170.0,30.0,0.6,0.85,0.3,-20.5037,True,all_direct,-14.3653,0.115
20,v3,v6,20.0,40.0,30.0,0.6,0.2,0.3,-10.4494,True,all_direct,-4.3118,0.1012
20,v3,v5,20.0,43.1,30.0,0.6,0.2155,0.3,-10.9688,True,all_direct,-4.8302,0.1031
20,v3,v1,20.0,84.21,0.0,0.6,0.4211,0.0,-10.8061,True,all_direct,-4.6691,0.0934
20,v3,v4,20.0,86.21,30.0,0.6,0.431,0.3,-15.7853,True,all_direct,-9.6468,0.1172
20,v3,v2,20.0,127.04,0.0,0.6,0.6352,0.0,-13.6628,True,all_direct,-7.5253,0.1047
20,v4,v5,40.0,43.1,0.0,1.0,0.2155,0.0,13.8476,False,all_direct,19.9818,0.9217
20,v4,v6,40.0,46.39,0.0,1.0,0.2319,0.0,13.3373,False,all_direct,19.4733,0.9186
20,v4,v8,40.0,47.1,20.0,1.0,0.2355,0.2,9.4153,False,all_direct,15.5526,0.7904
20,v4,v11,40.0,57.08,10.0,1.0,0.2854,0.1,9.4882,False,all_direct,15.6268,0.7918
20,v4,v7,40.0,70.0,30.0,1.0,0.35,0.3,5.662,False,all_direct,11.7991,0.5201
21,v1,v2,40.0,43.1,30.0,1.0,0.2155,0.3,9.0312,False,all_direct,15.1676,0.7732
21,v1,v3,40.0,84.21,40.0,1.0,0.4211,0.4,3.6021,False,all_direct,9.7397,0.3453
21,v1,v6,40.0,154.12,40.0,1.0,0.7706,0.4,-0.5974,True,all_direct,5.5395,0.1691
21,v1,v5,40.0,157.03,0.0,1.0,0.7851,0.0,4.8643,True,all_direct,11.0022,0.4482
21,v1,v4,40.0,200.0,0.0,1.0,1.0,0.0,3.1835,True,all_direct,9.3203,0.3262
21,v2,v1,20.0,43.1,30.0,0.6,0.2155,0.3,-10.9688,True,all_direct,-4.8293,0.0953
21,v2,v3,20.0,127.04,10.0,0.6,0.6352,0.1,-16.071,True,all_direct,-9.9343,0.1111
21,v2,v6,20.0,197.02,10.0,0.6,0.9851,0.1,-19.1205,True,all_direct,-12.9819,0.117
21,v2,v5,20.0,200.0,30.0,0.6,1.0,0.3,-21.633,True,all_direct,-15.4971,0.1061
21,v3,v6,20.0,70.0,0.0,0.6,0.35,0.0,-9.5216,True,all_direct,-3.3828,0.1041
21,v3,v5,20.0,73.06,40.0,0.6,0.3653,0.4,-15.4108,True,all_direct,-9.2726,0.1246
21,v3,v1,20.0,84.21,40.0,0.6,0.4211,0.4,-16.3979,True,all_direct,-10.2604,0.123
21,v3,v4,20.0,116.16,40.0,0.6,0.5808,0.4,-18.6324,True,all_direct,-12.4927,0.1092
21,v3,v2,20.0,127.04,10.0,0.6,0.6352,0.1,-16.071,True,all_direct,-9.9333,0.1105
21,v4,v8,40.0,27.17,0.0,1.0,0.1358,0.0,17.0555,False,all_direct,23.1912,0.9648
21,v4,v7,40.0,40.0,0.0,1.0,0.2,0.0,14.367,False,all_direct,20.5048,0.9387
21,v4,v5,40.0,43.1,0.0,1.0,0.2155,0.0,13.8476,False,all_direct,19.9853,0.9254
21,v4,v6,40.0,46.39,40.0,1.0,0.2319,0.4,7.7455,False,all_direct,13.8834,0.6963
21,v4,v11,40.0,47.1,30.0,1.0,0.2355,0.3,8.4158,False,all_direct,14.5523,0.7414
22,v1,v3,40.0,44.41,0.0,1.0,0.222,0.0,13.6407,False,all_direct,19.7798,0.9158
22,v1,v2,40.0,73.06,10.0,1.0,0.3653,0.1,7.7727,False,all_direct,13.9081,0.6963
22,v1,v6,40.0,114.16,10.0,1.0,0.5708,0.1,4.6717,False,all_direct,10.8083,0.4498
22,v1,v5,40.0,157.03,20.0,1.0,0.7851,0.2,1.0474,True,all_direct,7.1861,0.1965
22,v1,v4,40.0,200.0,10.0,1.0,1.0,0.1,0.7753,True,all_direct,6.9152,0.1939
22,v2,v1,20.0,73.06,10.0,0.6,0.3653,0.1,-12.2273,True,all_direct,-6.0891,0.0963
22,v2,v3,20.0,117.04,10.0,0.6,0.5852,0.1,-15.5015,True,all_direct,-9.3644,0.1201
22,v2,v6,20.0,187.02,0.0,0.6,0.9351,0.0,-16.3504,True,all_direct,-10.2124,0.1252
22,v3,v1,20.0,44.41,0.0,0.6,0.222,0.0,-6.3593,False,all_direct,-0.2221,0.1164
22,v3,v6,20.0,70.0,10.0,0.6,0.35,0.1,-11.9298,True,all_direct,-5.7928,0.1008
22,v3,v5,20.0,113.04,20.0,0.6,0.5652,0.2,-16.6687,True,all_direct,-10.5314,0.1066
22,v3,v2,20.0,117.04,10.0,0.6,0.5852,0.1,-15.5015,True,all_direct,-9.363,0.1074
22,v3,v4,20.0,156.12,10.0,0.6,0.7806,0.1,-17.5034,True,all_direct,-11.3662,0.1102
22,v4,v11,40.0,17.26,30.0,1.0,0.0863,0.3,15.3898,False,all_direct,21.5288,0.9445
22,v4,v8,40.0,27.17,20.0,1.0,0.1358,0.2,13.2386,False,all_direct,19.3756,0.9172
22,v4,v7,40.0,40.0,20.0,1.0,0.2,0.2,10.5501,False,all_direct,16.6873,0.841
22,v4,v5,40.0,43.1,10.0,1.0,0.2155,0.1,11.4394,False,all_direct,17.5781,0.8734
22,v4,v10,40.0,70.0,20.0,1.0,0.35,0.2,6.6615,False,all_direct,12.7995,0.6004
23,v1,v3,40.0,44.41,40.0,1.0,0.222,0.4,8.049,False,all_direct,14.1882,0.7309
23,v1,v2,40.0,83.05,30.0,1.0,0.4153,0.3,4.4737,False,all_direct,10.6098,0.4248
23,v1,v6,40.0,104.17,30.0,1.0,0.5209,0.3,2.8994,False,all_direct,9.0383,0.3041
23,v1,v5,40.0,137.03,40.0,1.0,0.6852,0.4,0.219,True,all_direct,6.3565,0.1936
23,v1,v4,40.0,190.0,0.0,1.0,0.95,0.0,3.5399,True,all_direct,9.68,0.3492
23,v2,v1,20.0,83.05,30.0,0.6,0.4153,0.3,-15.5263,True,all_direct,-9.3869,0.1104
23,v2,v3,20.0,127.04,10.0,0.6,0.6352,0.1,-16.071,True,all_direct,-9.9323,0.1236
23,v2,v6,20.0,187.02,0.0,0.6,0.9351,0.0,-16.3504,True,all_direct,-10.2132,0.1129
23,v3,v1,20.0,44.41,40.0,0.6,0.222,0.4,-11.951,True,all_direct,-5.8118,0.0973
23,v3,v6,20.0,60.0,10.0,0.6,0.3,0.1,-10.8587,True,all_direct,-4.7204,0.0992
23,v3,v5,20.0,93.05,0.0,0.6,0.4652,0.0,-11.4993,True,all_direct,-5.362,0.0992
23,v3,v2,20.0,127.04,10.0,0.6,0.6352,0.1,-16.071,True,all_direct,-9.933,0.1316
23,v3,v4,20.0,146.12,40.0,0.6,0.7306,0.4,-20.2273,True,all_direct,-14.0888,0.116
23,v4,v8,40.0,47.1,0.0,1.0,0.2355,0.0,13.2323,False,all_direct,19.3737,0.917
23,v4,v11,40.0,47.1,10.0,1.0,0.2355,0.1,10.8241,False,all_direct,16.9618,0.8529
23,v4,v5,40.0,53.08,40.0,1.0,0.2654,0.4,6.8087,False,all_direct,12.9456,0.6367
23,v4,v7,40.0,60.0,40.0,1.0,0.3,0.4,5.9578,False,all_direct,12.0965,0.5557
23,v4,v12,40.0,84.21,40.0,1.0,0.4211,0.4,3.6021,False,all_direct,9.7409,0.3473
24,v1,v2,40.0,53.08,0.0,1.0,0.2654,0.0,12.4005,False,all_direct,18.5371,0.9064
24,v1,v3,40.0,84.21,0.0,1.0,0.4211,0.0,9.1939,False,all_direct,15.3321,0.7822
24,v1,v6,40.0,134.13,30.0,1.0,0.6707,0.3,1.1429,False,all_direct,7.28,0.2195
24,v1,v5,40.0,177.03,20.0,1.0,0.8851,0.2,0.2145,True,all_direct,6.3509,0.1891
24,v1,v4,40.0,190.0,20.0,1.0,0.95,0.2,-0.277,True,all_direct,5.8605,0.1789
24,v2,v1,20.0,53.08,0.0,0.6,0.2654,0.0,-7.5995,False,all_direct,-1.4603,0.1135
24,v2,v3,20.0,137.03,0.0,0.6,0.6852,0.0,-14.1892,True,all_direct,-8.0523,0.0969
24,v2,v6,20.0,187.02,30.0,0.6,0.9351,0.3,-21.1668,True,all_direct,-15.0312,0.0994
24,v3,v6,20.0,50.0,30.0,0.6,0.25,0.3,-12.0,True,all_direct,-5.8608,0.1037
24,v3,v1,20.0,84.21,0.0,0.6,0.4211,0.0,-10.8061,True,all_direct,-4.6679,0.1002
24,v3,v5,20.0,93.05,20.0,0.6,0.4652,0.2,-15.3163,True,all_direct,-9.1787,0.1256
24,v3,v4,20.0,106.17,20.0,0.6,0.5308,0.2,-16.233,True,all_direct,-10.0975,0.11
24,v3,v2,20.0,137.03,0.0,0.6,0.6852,0.0,-14.1892,True,all_direct,-8.0517,0.1092
24,v4,v5,40.0,13.34,0.0,1.0,0.0667,0.0,21.9966,False,all_direct,28.1345,0.9818
24,v4,v8,40.0,47.1,10.0,1.0,0.2355,0.1,10.8241,False,all_direct,16.9624,0.8559
24,v4,v6,40.0,56.32,10.0,1.0,0.2816,0.1,9.5811,False,all_direct,15.7205,0.8121
24,v4,v11,40.0,57.08,10.0,1.0,0.2854,0.1,9.4882,False,all_direct,15.6253,0.8027
24,v4,v7,40.0,100.0,0.0,1.0,0.5,0.0,8.0,False,all_direct,14.1365,0.7113
25,v1,v2,40.0,53.08,40.0,1.0,0.2654,0.4,6.8087,False,all_direct,12.947,0.6168
25,v1,v3,40.0,84.21,10.0,1.0,0.4211,0.1,6.7856,False,all_direct,12.921,0.6178
25,v1,v6,40.0,164.11,10.0,1.0,0.8205,0.1,2.1496,True,all_direct,8.2879,0.2488
25,v1,v5,40.0,197.02,20.0,1.0,0.9851,0.2,-0.5292,True,all_direct,5.6099,0.1652
25,v2,v1,20.0,53.08,40.0,0.6,0.2654,0.4,-13.1913,True,all_direct,-7.0541,0.1057
25,v2,v3,20.0,137.03,30.0,0.6,0.6852,0.3,-19.0057,True,all_direct,-12.8661,0.1232
25,v3,v6,20.0,80.0,0.0,0.6,0.4,0.0,-10.4494,True,all_direct,-4.3104,0.1012
25,v3,v1,20.0,84.21,10.0,0.6,0.4211,0.1,-13.2144,True,all_direct,-7.0753,0.0996
25,v3,v5,20.0,113.04,10.0,0.6,0.5652,0.1,-15.2599,True,all_direct,-9.1227,0.1133
25,v3,v4,20.0,126.14,30.0,0.6,0.6307,0.3,-18.4303,True,all_direct,-12.2944,0.1143
25,v3,v2,20.0,137.03,30.0,0.6,0.6852,0.3,-19.0057,True,all_direct,-12.8701,0.1078
25,v4,v5,40.0,13.34,20.0,1.0,0.0667,0.2,18.1797,False,all_direct,24.3185,0.9643
25,v4,v6,40.0,46.39,30.0,1.0,0.2319,0.3,8.5208,False,all_direct,14.6594,0.7402
25,v4,v8,40.0,57.08,40.0,1.0,0.2854,0.4,6.3046,False,all_direct,12.4444,0.5746
25,v4,v11,40.0,67.07,20.0,1.0,0.3353,0.2,6.9589,False,all_direct,13.0974,0.6209
25,v4,v7,40.0,100.0,20.0,1.0,0.5,0.2,4.183,False,all_direct,10.3211,0.3844
26,v1,v3,40.0,74.24,20.0,1.0,0.3712,0.2,6.2526,False,all_direct,12.3891,0.5723
26,v1,v2,40.0,93.05,10.0,1.0,0.4652,0.1,6.0924,False,all_direct,12.2284,0.5549
26,v1,v6,40.0,154.12,40.0,1.0,0.7706,0.4,-0.5974,True,all_direct,5.541,0.1725
26,v1,v4,40.0,170.0,0.0,1.0,0.85,0.0,4.3128,True,all_direct,10.4519,0.4107
26,v1,v5,40.0,177.03,0.0,1.0,0.8851,0.0,4.0314,True,all_direct,10.1701,0.3809
26,v2,v1,20.0,93.05,10.0,0.6,0.4652,0.1,-13.9076,True,all_direct,-7.7718,0.0994
26,v2,v3,20.0,167.03,10.0,0.6,0.8351,0.1,-17.9728,True,all_direct,-11.8355,0.1047
26,v3,v1,20.0,74.24,20.0,0.6,0.3712,0.2,-13.7474,True,all_direct,-7.6085,0.0975
26,v3,v6,20.0,80.0,20.0,0.6,0.4,0.2,-14.2664,True,all_direct,-8.1263,0.116
26,v3,v4,20.0,96.19,20.0,0.6,0.4809,0.2,-15.5469,True,all_direct,-9.409,0.1164
26,v3,v5,20.0,103.04,20.0,0.6,0.5152,0.2,-16.0253,True,all_direct,-9.8859,0.1113
26,v3,v2,20.0,167.03,10.0,0.6,0.8351,0.1,-17.9728,True,all_direct,-11.8366,0.115
26,v4,v5,40.0,7.62,0.0,1.0,0.0381,0.0,25.8926,False,all_direct,32.0322,0.9857
26,v4,v6,40.0,17.09,40.0,1.0,0.0854,0.4,14.6852,False,all_direct,20.8216,0.9357
26,v4,v11,40.0,87.05,10.0,1.0,0.4353,0.1,6.5553,False,all_direct,12.6932,0.6088
26,v4,v3,40.0,96.19,20.0,1.0,0.4809,0.2,4.4531,False,all_direct,10.5901,0.4041
26,v4,v8,40.0,97.05,20.0,1.0,0.4852,0.2,4.3914,False,all_direct,10.531,0.4129
27,v1,v3,40.0,54.33,20.0,1.0,0.2717,0.2,8.4221,False,all_direct,14.5614,0.7391
27,v1,v2,40.0,103.04,20.0,1.0,0.5152,0.2,3.9747,False,all_direct,10.1121,0.3658
27,v1,v6,40.0,114.16,0.0,1.0,0.5708,0.0,7.0799,False,all_direct,13.2191,0.6418
27,v1,v4,40.0,170.0,0.0,1.0,0.85,0.0,4.3128,True,all_direct,10.4504,0.409
27,v1,v5,40.0,177.03,10.0,1.0,0.8851,0.1,1.6232,True,all_direct,7.7594,0.2322
27,v2,v1,20.0,103.04,20.0,0.6,0.5152,0.2,-16.0253,True,all_direct,-9.8862,0.1105
27,v2,v3,20.0,157.03,0.0,0.6,0.7851,0.0,-15.1357,True,all_direct,-8.9974,0.1199
27,v3,v1,20.0,54.33,20.0,0.6,0.2717,0.2,-11.5779,False,all_direct,-5.4413,0.1027
27,v3,v6,20.0,60.0,20.0,0.6,0.3,0.2,-12.2674,True,all_direct,-6.13,0.0973
27,v3,v4,20.0,116.16,20.0,0.6,0.5808,0.2,-16.8576,True,all_direct,-10.7177,0.1152
27,v3,v5,20.0,123.04,10.0,0.6,0.6152,0.1,-15.8488,True,all_direct,-9.7097,0.1111
27,v3,v2,20.0,157.03,0.0,0.6,0.7851,0.0,-15.1357,True,all_direct,-8.9977,0.1156
27,v4,v5,40.0,7.62,10.0,1.0,0.0381,0.1,23.4843,False,all_direct,29.6227,0.9799
27,v4,v6,40.0,56.32,0.0,1.0,0.2816,0.0,11.9893,False,all_direct,18.1267,0.8844
27,v4,v8,40.0,77.06,10.0,1.0,0.3853,0.1,7.4026,False,all_direct,13.5387,0.6738
27,v4,v11,40.0,77.06,20.0,1.0,0.3853,0.2,5.9939,False,all_direct,12.1312,0.5607
27,v4,v10,40.0,90.0,10.0,1.0,0.45,0.1,6.3239,False,all_direct,12.4628,0.5939
28,v1,v3,40.0,74.24,0.0,1.0,0.3712,0.0,10.0695,False,all_direct,16.2073,0.8396
28,v1,v2,40.0,83.05,20.0,1.0,0.4153,0.2,5.4732,False,all_direct,11.6119,0.4955
28,v1,v6,40.0,114.16,10.0,1.0,0.5708,0.1,4.6717,False,all_direct,10.8113,0.4244
28,v1,v4,40.0,170.0,10.0,1.0,0.85,0.1,1.9046,True,all_direct,8.0432,0.2469
28,v1,v5,40.0,187.02,10.0,1.0,0.9351,0.1,1.2414,True,all_direct,7.3778,0.2137
28,v2,v1,20.0,83.05,20.0,0.6,0.4153,0.2,-14.5268,True,all_direct,-8.3907,0.1197
28,v2,v3,20.0,157.03,20.0,0.6,0.7851,0.2,-18.9526,True,all_direct,-12.8128,0.1096
28,v2,v6,20.0,197.02,10.0,0.6,0.9851,0.1,-19.1205,True,all_direct,-12.9837,0.1189
28,v3,v6,20.0,40.0,10.0,0.6,0.2,0.1,-8.0412,False,all_direct,-1.9042,0.1105
28,v3,v1,20.0,74.24,0.0,0.6,0.3712,0.0,-9.9305,True,all_direct,-3.7936,0.1076
28,v3,v4,20.0,96.19,10.0,0.6,0.4809,0.1,-14.1381,True,all_direct,-8.0022,0.0992
28,v3,v5,20.0,113.04,10.0,0.6,0.5652,0.1,-15.2599,True,all_direct,-9.1225,0.1188
28,v3,v11,20.0,153.03,10.0,0.6,0.7651,0.1,-17.3646,True,all_direct,-11.2282,0.1244
28,v4,v5,40.0,17.26,20.0,1.0,0.0863,0.2,16.3893,False,all_direct,22.5277,0.9553
28,v4,v6,40.0,56.32,20.0,1.0,0.2816,0.2,8.1724,False,all_direct,14.3094,0.7197
28,v4,v11,40.0,57.08,0.0,1.0,0.2854,0.0,11.8964,False,all_direct,18.0344,0.8775
28,v4,v8,40.0,67.07,20.0,1.0,0.3353,0.2,6.9589,False,all_direct,13.0964,0.6229
28,v4,v10,40.0,80.0,10.0,1.0,0.4,0.1,7.1423,False,all_direct,13.2819,0.65
29,v1,v3,40.0,74.24,20.0,1.0,0.3712,0.2,6.2526,False,all_direct,12.3898,0.5719
29,v1,v2,40.0,103.04,10.0,1.0,0.5152,0.1,5.3834,False,all_direct,11.5218,0.4859
29,v1,v6,40.0,104.17,20.0,1.0,0.5209,0.2,3.899,False,all_direct,10.034,0.3826
29,v1,v5,40.0,177.03,10.0,1.0,0.8851,0.1,1.6232,True,all_direct,7.7614,0.2365
29,v1,v4,40.0,180.0,30.0,1.0,0.9,0.3,-0.9008,True,all_direct,5.2357,0.1736
29,v2,v1,20.0,103.04,10.0,0.6,0.5152,0.1,-14.6166,True,all_direct,-8.4803,0.1215
29,v2,v3,20.0,177.03,10.0,0.6,0.8851,0.1,-18.3768,True,all_direct,-12.2371,0.1201
29,v3,v6,20.0,30.0,0.0,0.6,0.15,0.0,-3.6339,False,all_direct,2.5039,0.1359
29,v3,v1,20.0,74.24,20.0,0.6,0.3712,0.2,-13.7474,True,all_direct,-7.6099,0.0992
29,v3,v5,20.0,103.04,10.0,0.6,0.5152,0.1,-14.6166,True,all_direct,-8.4787,0.1063
29,v3,v4,20.0,106.17,10.0,0.6,0.5308,0.1,-14.8242,True,all_direct,-8.6851,0.1072
29,v3,v8,20.0,153.03,20.0,0.6,0.7651,0.2,-18.7734,True,all_direct,-12.6357,0.109
29,v4,v5,40.0,4.24,20.0,1.0,0.0212,0.2,26.1408,False,all_direct,32.2775,0.9902
29,v4,v8,40.0,47.1,30.0,1.0,0.2355,0.3,8.4158,False,all_direct,14.5553,0.7455
29,v4,v11,40.0,57.08,0.0,1.0,0.2854,0.0,11.8964,False,all_direct,18.0352,0.8834
29,v4,v10,40.0,70.0,30.0,1.0,0.35,0.3,5.662,False,all_direct,11.8006,0.516
29,v4,v6,40.0,76.24,10.0,1.0,0.3812,0.1,7.4772,False,all_direct,13.6142,0.6742
30,v1,v3,40.0,54.33,10.0,1.0,0.2717,0.1,9.8308,False,all_direct,15.9683,0.8273
30,v1,v6,40.0,84.21,10.0,1.0,0.4211,0.1,6.7856,False,all_direct,12.923,0.6232
30,v1,v2,40.0,113.04,10.0,1.0,0.5652,0.1,4.7401,False,all_direct,10.8776,0.4387
30,v1,v4,40.0,150.0,30.0,1.0,0.75,0.3,0.3661,False,all_direct,6.5035,0.1881
30,v1,v5,40.0,167.03,10.0,1.0,0.8351,0.1,2.0272,True,all_direct,8.1647,0.2537
30,v2,v1,20.0,113.04,10.0,0.6,0.5652,0.1,-15.2599,True,all_direct,-9.1204,0.1182
30,v2,v3,20.0,167.03,0.0,0.6,0.8351,0.0,-15.5646,True,all_direct,-9.4252,0.1135
30,v2,v6,20.0,197.02,0.0,0.6,0.9851,0.0,-16.7123,True,all_direct,-10.5751,0.1002
30,v3,v6,20.0,30.0,0.0,0.6,0.15,0.0,-3.6339,False,all_direct,2.5024,0.134
30,v3,v1,20.0,54.33,10.0,0.6,0.2717,0.1,-10.1692,False,all_direct,-4.0306,0.0934
30,v3,v4,20.0,96.19,20.0,0.6,0.4809,0.2,-15.5469,True,all_direct,-9.4095,0.1133
30,v3,v5,20.0,113.04,0.0,0.6,0.5652,0.0,-12.8517,True,all_direct,-6.7119,0.1027
30,v3,v11,20.0,153.03,20.0,0.6,0.7651,0.2,-18.7734,True,all_direct,-12.6361,0.1057
30,v4,v5,40.0,17.26,20.0,1.0,0.0863,0.2,16.3893,False,all_direct,22.5267,0.9594
30,v4,v11,40.0,57.08,0.0,1.0,0.2854,0.0,11.8964,False,all_direct,18.033,0.8836
30,v4,v6,40.0,66.27,20.0,1.0,0.3314,0.2,7.0417,False,all_direct,13.1796,0.6475
30,v4,v8,40.0,77.06,30.0,1.0,0.3853,0.3,4.9944,False,all_direct,11.1337,0.4631
30,v4,v3,40.0,96.19,20.0,1.0,0.4809,0.2,4.4531,False,all_direct,10.5889,0.4176
31,v1,v3,40.0,64.28,10.0,1.0,0.3214,0.1,8.6625,False,all_direct,14.8007,0.7619
31,v1,v2,40.0,86.83,42.43,1.0,0.4342,0.4243,3.2246,False,all_direct,9.3608,0.3176
31,v1,v6,40.0,94.19,20.0,1.0,0.471,0.2,4.5989,False,all_direct,10.7363,0.4365
31,v1,v5,40.0,177.03,20.0,1.0,0.8851,0.2,0.2145,True,all_direct,6.3505,0.1881
31,v1,v4,40.0,180.0,20.0,1.0,0.9,0.2,0.0987,True,all_direct,6.2374,0.1783
31,v2,v1,20.0,86.83,42.43,0.6,0.4342,0.4243,-16.7754,True,all_direct,-10.6365,0.1242
31,v2,v3,20.0,148.86,50.0,0.6,0.7443,0.5,-20.9898,True,all_direct,-14.8516,0.1092
31,v2,v6,20.0,178.72,31.62,0.6,0.8936,0.3162,-20.9893,True,all_direct,-14.8532,0.1064
31,v3,v6,20.0,30.0,30.0,0.6,0.15,0.3,-8.4504,True,all_direct,-2.3139,0.108
31,v3,v1,20.0,64.28,10.0,0.6,0.3214,0.1,-11.3375,True,all_direct,-5.2003,0.1031
31,v3,v5,20.0,113.04,10.0,0.6,0.5652,0.1,-15.2599,True,all_direct,-9.1211,0.1119
31,v3,v4,20.0,116.16,10.0,0.6,0.5808,0.1,-15.4489,True,all_direct,-9.3107,0.1115
31,v3,v2,20.0,148.86,50.0,0.6,0.7443,0.5,-20.9898,True,all_direct,-14.853,0.1094
31,v4,v5,40.0,4.24,0.0,1.0,0.0212,0.0,29.9578,False,all_direct,36.0956,0.9932
31,v4,v8,40.0,47.1,0.0,1.0,0.2355,0.0,13.2323,False,all_direct,19.3705,0.9133
31,v4,v11,40.0,57.08,40.0,1.0,0.2854,0.4,6.3046,False,all_direct,12.4443,0.5789
31,v4,v10,40.0,80.0,20.0,1.0,0.4,0.2,5.7336,False,all_direct,11.8721,0.5273
31,v4,v6,40.0,86.21,40.0,1.0,0.431,0.4,3.4394,False,all_direct,9.579,0.3312
32,v1,v3,40.0,54.33,40.0,1.0,0.2717,0.4,6.6473,False,all_direct,12.7861,0.5982
32,v1,v2,40.0,74.97,58.31,1.0,0.3748,0.5831,3.3263,False,all_direct,9.4638,0.3318
32,v1,v6,40.0,114.16,20.0,1.0,0.5708,0.2,3.2629,False,all_direct,9.4001,0.3238
32,v1,v5,40.0,157.03,0.0,1.0,0.7851,0.0,4.8643,True,all_direct,11.0025,0.4523
32,v1,v4,40.0,160.0,20.0,1.0,0.8,0.2,0.9171,True,all_direct,7.0549,0.2
32,v2,v1,20.0,74.97,58.31,0.6,0.3748,0.5831,-16.6737,True,all_direct,-10.5368,0.1121
32,v2,v3,20.0,117.39,31.62,0.6,0.5869,0.3162,-18.0686,True,all_direct,-11.9307,0.1129
32,v2,v6,20.0,174.18,42.43,0.6,0.8709,0.4243,-21.6125,True,all_direct,-15.4762,0.1145
32,v3,v1,20.0,54.33,40.0,0.6,0.2717,0.4,-13.3527,True,all_direct,-7.215,0.0963
32,v3,v6,20.0,60.0,20.0,0.6,0.3,0.2,-12.2674,True,all_direct,-6.1287,0.1031
32,v3,v5,20.0,103.04,40.0,0.6,0.5152,0.4,-17.8001,True,all_direct,-11.6622,0.1074
32,v3,v4,20.0,106.17,20.0,0.6,0.5308,0.2,-16.233,True,all_direct,-10.0959,0.1119
32,v3,v2,20.0,117.39,31.62,0.6,0.5869,0.3162,-18.0686,True,all_direct,-11.9296,0.107
32,v4,v5,40.0,4.24,20.0,1.0,0.0212,0.2,26.1408,False,all_direct,32.2792,0.9854
32,v4,v6,40.0,46.39,0.0,1.0,0.2319,0.0,13.3373,False,all_direct,19.476,0.924
32,v4,v8,40.0,47.1,0.0,1.0,0.2355,0.0,13.2323,False,all_direct,19.3698,0.9156
32,v4,v11,40.0,97.05,20.0,1.0,0.4852,0.2,4.3914,False,all_direct,10.5303,0.4105
32,v4,v10,40.0,100.0,0.0,1.0,0.5,0.0,8.0,False,all_direct,14.1364,0.718
33,v1,v2,40.0,82.1,50.99,1.0,0.4105,0.5099,3.0886,False,all_direct,9.2267,0.3273
33,v1,v3,40.0,94.19,20.0,1.0,0.471,0.2,4.5989,False,all_direct,10.7375,0.4436
33,v1,v6,40.0,134.13,10.0,1.0,0.6707,0.1,3.5511,False,all_direct,9.6886,0.343
33,v1,v5,40.0,157.03,30.0,1.0,0.7851,0.3,0.0479,True,all_direct,6.1857,0.1906
33,v1,v4,40.0,180.0,20.0,1.0,0.9,0.2,0.0987,True,all_direct,6.2382,0.1857
33,v2,v1,20.0,82.1,50.99,0.6,0.4105,0.5099,-16.9114,True,all_direct,-10.7728,0.1213
33,v2,v3,20.0,124.02,31.62,0.6,0.6201,0.3162,-18.4503,True,all_direct,-12.3127,0.1234
33,v2,v6,20.0,157.54,41.23,0.6,0.7877,0.4123,-20.8347,True,all_direct,-14.6967,0.1055
33,v2,v5,20.0,179.34,22.36,0.6,0.8967,0.2236,-20.1389,True,all_direct,-14.0013,0.1063
33,v3,v6,20.0,40.0,10.0,0.6,0.2,0.1,-8.0412,False,all_direct,-1.9028,0.11
33,v3,v5,20.0,63.07,10.0,0.6,0.3154,0.1,-11.2056,True,all_direct,-5.0686,0.1061
33,v3,v4,20.0,86.21,0.0,0.6,0.431,0.0,-10.9688,True,all_direct,-4.8316,0.1012
33,v3,v1,20.0,94.19,20.0,0.6,0.471,0.2,-15.4011,True,all_direct,-9.2631,0.1158
33,v3,v2,20.0,124.02,31.62,0.6,0.6201,0.3162,-18.4503,True,all_direct,-12.3132,0.1168
33,v4,v5,40.0,23.19,10.0,1.0,0.116,0.1,15.7455,False,all_direct,21.8852,0.9506
33,v4,v6,40.0,46.39,10.0,1.0,0.2319,0.1,10.929,False,all_direct,17.0687,0.8523
33,v4,v8,40.0,47.1,20.0,1.0,0.2355,0.2,9.4153,False,all_direct,15.5533,0.7973
33,v4,v11,40.0,77.06,10.0,1.0,0.3853,0.1,7.4026,False,all_direct,13.5391,0.6643
33,v4,v3,40.0,86.21,0.0,1.0,0.431,0.0,9.0312,False,all_direct,15.1689,0.7795
34,v1,v2,40.0,49.09,20.0,1.0,0.2455,0.2,9.1269,False,all_direct,15.2655,0.7879
34,v1,v3,40.0,80.06,36.06,1.0,0.4003,0.3606,4.2389,False,all_direct,10.3754,0.3988
34,v1,v6,40.0,107.56,36.06,1.0,0.5378,0.3606,2.1871,False,all_direct,8.3252,0.257
34,v1,v5,40.0,149.45,36.06,1.0,0.7473,0.3606,-0.0983,True,all_direct,6.0399,0.1848
34,v1,v4,40.0,162.78,42.43,1.0,0.8139,0.4243,-1.1421,True,all_direct,4.9954,0.1676
34,v2,v1,20.0,49.09,20.0,0.6,0.2455,0.2,-10.8731,False,all_direct,-4.7345,0.0992
34,v2,v3,20.0,109.64,22.36,0.6,0.5482,0.2236,-16.7194,True,all_direct,-10.5817,0.126
34,v2,v6,20.0,130.38,22.36,0.6,0.6519,0.2236,-17.9237,True,all_direct,-11.7844,0.1164
34,v2,v5,20.0,166.74,22.36,0.6,0.8337,0.2236,-19.6327,True,all_direct,-13.4952,0.1238
34,v2,v4,20.0,179.39,31.62,0.6,0.8969,0.3162,-21.0153,True,all_direct,-14.8768,0.0877
34,v3,v6,20.0,30.0,0.0,0.6,0.15,0.0,-3.6339,False,all_direct,2.5035,0.134
34,v3,v5,20.0,73.06,0.0,0.6,0.3653,0.0,-9.819,True,all_direct,-3.6822,0.1031
34,v3,v1,20.0,80.06,36.06,0.6,0.4003,0.3606,-15.7611,True,all_direct,-9.6232,0.1217
34,v3,v4,20.0,86.21,10.0,0.6,0.431,0.1,-13.3771,True,all_direct,-7.2376,0.1002
34,v3,v2,20.0,109.64,22.36,0.6,0.5482,0.2236,-16.7194,True,all_direct,-10.5811,0.1189
34,v4,v5,40.0,13.34,10.0,1.0,0.0667,0.1,19.5884,False,all_direct,25.7288,0.9779
34,v4,v8,40.0,27.17,20.0,1.0,0.1358,0.2,13.2386,False,all_direct,19.3758,0.9146
34,v4,v6,40.0,56.32,10.0,1.0,0.2816,0.1,9.5811,False,all_direct,15.7174,0.807
34,v4,v11,40.0,67.07,10.0,1.0,0.3353,0.1,8.3676,False,all_direct,14.5058,0.7334
34,v4,v7,40.0,80.0,10.0,1.0,0.4,0.1,7.1423,False,all_direct,13.2787,0.6381
35,v1,v2,40.0,29.15,0.0,1.0,0.1458,0.0,16.5646,False,all_direct,22.7031,0.9604
35,v1,v3,40.0,84.2,22.36,1.0,0.421,0.2236,5.1147,False,all_direct,11.2535,0.475
35,v1,v6,40.0,105.12,28.28,1.0,0.5256,0.2828,2.9889,False,all_direct,9.1253,0.3162
35,v1,v5,40.0,142.39,44.72,1.0,0.712,0.4472,-0.3611,True,all_direct,5.7777,0.1793
35,v1,v4,40.0,146.49,22.36,1.0,0.7324,0.2236,1.2671,False,all_direct,7.4049,0.217
35,v2,v1,20.0,29.15,0.0,0.6,0.1458,0.0,-3.4354,False,all_direct,2.7008,0.1402
35,v2,v3,20.0,107.33,22.36,0.6,0.5367,0.2236,-16.5718,True,all_direct,-10.4329,0.1115
35,v2,v6,20.0,123.69,28.28,0.6,0.6185,0.2828,-18.1417,True,all_direct,-12.0045,0.1178
35,v2,v5,20.0,156.34,44.72,0.6,0.7817,0.4472,-21.0103,True,all_direct,-14.8711,0.1189
35,v2,v4,20.0,160.56,22.36,0.6,0.8028,0.2236,-19.3704,True,all_direct,-13.2324,0.1164
35,v3,v6,20.0,30.0,10.0,0.6,0.15,0.1,-6.0422,False,all_direct,0.0955,0.1217
35,v3,v5,20.0,73.06,30.0,0.6,0.3653,0.3,-14.6355,True,all_direct,-8.4988,0.1006
35,v3,v4,20.0,76.24,0.0,0.6,0.3812,0.0,-10.1146,True,all_direct,-3.9803,0.1061
35,v3,v1,20.0,84.2,22.36,0.6,0.421,0.2236,-14.8853,True,all_direct,-8.7466,0.1068
35,v3,v2,20.0,107.33,22.36,0.6,0.5367,0.2236,-16.5718,True,all_direct,-10.433,0.1219
35,v4,v5,40.0,4.24,30.0,1.0,0.0212,0.3,25.1413,False,all_direct,31.2797,0.9883
35,v4,v6,40.0,46.39,10.0,1.0,0.2319,0.1,10.929,False,all_direct,17.0685,0.8617
35,v4,v8,40.0,47.1,40.0,1.0,0.2355,0.4,7.6405,False,all_direct,13.7791,0.6883
35,v4,v11,40.0,57.08,40.0,1.0,0.2854,0.4,6.3046,False,all_direct,12.4431,0.5779
35,v4,v3,40.0,76.24,0.0,1.0,0.3812,0.0,9.8854,False,all_direct,16.0229,0.8326
36,v1,v2,40.0,29.15,10.0,1.0,0.1458,0.1,14.1564,False,all_direct,20.2942,0.9338
36,v1,v3,40.0,96.18,64.03,1.0,0.4809,0.6403,1.3155,True,all_direct,7.4532,0.2213
36,v1,v6,40.0,106.25,56.57,1.0,0.5313,0.5657,0.9923,True,all_direct,7.128,0.2105
36,v1,v5,40.0,123.11,64.03,1.0,0.6155,0.6403,-0.4,True,all_direct,5.7386,0.1775
36,v1,v4,40.0,149.46,56.57,1.0,0.7473,0.5657,-1.3785,True,all_direct,4.7595,0.1559
36,v2,v1,20.0,29.15,10.0,0.6,0.1458,0.1,-5.8436,False,all_direct,0.2909,0.1236
36,v2,v3,20.0,122.07,70.71,0.6,0.6103,0.7071,-20.6409,True,all_direct,-14.5045,0.1119
36,v2,v6,20.0,129.69,64.03,0.6,0.6485,0.6403,-20.7619,True,all_direct,-14.624,0.1002
36,v2,v5,20.0,143.95,70.71,0.6,0.7198,0.7071,-21.7869,True,all_direct,-15.6493,0.1113
36,v2,v4,20.0,166.97,64.03,0.6,0.8349,0.6403,-22.5177,True,all_direct,-16.3788,0.0916
36,v3,v6,20.0,20.0,10.0,0.6,0.1,0.1,-3.2247,False,all_direct,2.9116,0.1344
36,v3,v5,20.0,43.1,0.0,0.6,0.2155,0.0,-6.1524,False,all_direct,-0.0153,0.1311
36,v3,v4,20.0,76.24,10.0,0.6,0.3812,0.1,-12.5228,True,all_direct,-6.3854,0.1031
36,v3,v8,20.0,83.05,10.0,0.6,0.4153,0.1,-13.118,True,all_direct,-6.9793,0.1061
36,v3,v11,20.0,93.05,30.0,0.6,0.4652,0.3,-16.3158,True,all_direct,-10.1773,0.118
36,v4,v8,40.0,7.62,0.0,1.0,0.0381,0.0,25.8926,False,all_direct,32.0322,0.9863
36,v4,v11,40.0,17.26,20.0,1.0,0.0863,0.2,16.3893,False,all_direct,22.5255,0.9564
36,v4,v5,40.0,33.14,10.0,1.0,0.1657,0.1,13.2669,False,all_direct,19.4063,0.9066
36,v4,v6,40.0,56.32,0.0,1.0,0.2816,0.0,11.9893,False,all_direct,18.1291,0.8848
36,v4,v3,40.0,76.24,10.0,1.0,0.3812,0.1,7.4772,False,all_direct,13.6155,0.6699
37,v1,v2,40.0,39.12,0.0,1.0,0.1956,0.0,14.5225,False,all_direct,20.6604,0.94
37,v1,v3,40.0,112.16,0.0,1.0,0.5608,0.0,7.2026,False,all_direct,13.3418,0.6596
37,v1,v6,40.0,128.72,36.06,1.0,0.6436,0.3606,0.9392,False,all_direct,7.0764,0.2008
37,v1,v5,40.0,134.37,31.62,1.0,0.6719,0.3162,0.9924,False,all_direct,7.1306,0.2166
37,v1,v4,40.0,153.68,58.31,1.0,0.7684,0.5831,-1.6618,True,all_direct,4.4763,0.1525
37,v2,v1,20.0,39.12,0.0,0.6,0.1956,0.0,-5.4775,False,all_direct,0.6614,0.1223
37,v2,v3,20.0,151.03,0.0,0.6,0.7551,0.0,-14.865,True,all_direct,-8.7285,0.1154
37,v2,v6,20.0,166.97,36.06,0.6,0.8349,0.3606,-20.8686,True,all_direct,-14.7315,0.1154
37,v2,v5,20.0,171.82,31.62,0.6,0.8591,0.3162,-20.7158,True,all_direct,-14.5779,0.1092
37,v2,v4,20.0,187.24,58.31,0.6,0.9362,0.5831,-23.0343,True,all_direct,-16.8958,0.1088
37,v3,v6,20.0,21.21,36.06,0.6,0.1061,0.3606,-6.532,True,all_direct,-0.3942,0.1227
37,v3,v5,20.0,33.29,31.62,0.6,0.1664,0.3162,-9.311,True,all_direct,-3.1714,0.1061
37,v3,v4,20.0,74.04,58.31,0.6,0.3702,0.5831,-16.5874,True,all_direct,-10.4496,0.1193
37,v3,v8,20.0,80.05,36.06,0.6,0.4002,0.3606,-15.76,True,all_direct,-9.6223,0.1242
37,v3,v11,20.0,109.49,36.06,0.6,0.5474,0.3606,-17.9362,True,all_direct,-11.798,0.1092
37,v4,v8,40.0,7.62,30.0,1.0,0.0381,0.3,21.0761,False,all_direct,27.2131,0.9799
37,v4,v11,40.0,37.12,30.0,1.0,0.1856,0.3,10.0695,False,all_direct,16.2078,0.8238
37,v4,v5,40.0,43.1,40.0,1.0,0.2155,0.4,8.2559,False,all_direct,14.3953,0.7297
37,v4,v6,40.0,56.32,30.0,1.0,0.2816,0.3,7.1729,False,all_direct,13.3113,0.6576
37,v4,v3,40.0,74.04,58.31,1.0,0.3702,0.5831,3.4126,False,all_direct,9.5496,0.3293
38,v1,v2,40.0,39.12,0.0,1.0,0.1956,0.0,14.5225,False,all_direct,20.6608,0.9332
38,v1,v3,40.0,112.16,10.0,1.0,0.5608,0.1,4.7943,False,all_direct,10.9316,0.4438
38,v1,v6,40.0,152.12,0.0,1.0,0.7606,0.0,5.0851,False,all_direct,11.2212,0.4719
38,v1,v5,40.0,161.79,64.03,1.0,0.8089,0.6403,-2.2985,True,all_direct,3.8384,0.1451
38,v1,v4,40.0,165.22,41.23,1.0,0.8261,0.4123,-1.1653,True,all_direct,4.9715,0.1604
38,v2,v1,20.0,39.12,0.0,0.6,0.1956,0.0,-5.4775,False,all_direct,0.6597,0.1182
38,v2,v3,20.0,151.03,10.0,0.6,0.7551,0.1,-17.2732,True,all_direct,-11.135,0.1219
38,v2,v6,20.0,191.02,0.0,0.6,0.9551,0.0,-16.4974,True,all_direct,-10.3582,0.1322
38,v3,v6,20.0,40.0,10.0,0.6,0.2,0.1,-8.0412,False,all_direct,-1.9034,0.11
38,v3,v5,20.0,51.26,70.71,0.6,0.2563,0.7071,-14.6125,True,all_direct,-8.4753,0.126
38,v3,v4,20.0,55.15,50.99,0.6,0.2758,0.5099,-14.1474,True,all_direct,-8.0113,0.0936
38,v3,v8,20.0,75.29,50.99,0.6,0.3764,0.5099,-16.3095,True,all_direct,-10.1733,0.1145
38,v3,v11,20.0,100.24,64.03,0.6,0.5012,0.6403,-18.972,True,all_direct,-12.8333,0.1094
38,v4,v5,40.0,4.24,40.0,1.0,0.0212,0.4,24.3661,False,all_direct,30.5034,0.9883
38,v4,v6,40.0,23.71,41.23,1.0,0.1185,0.4123,12.3258,False,all_direct,18.4633,0.8971
38,v4,v8,40.0,37.12,0.0,1.0,0.1856,0.0,14.886,False,all_direct,21.0242,0.9373
38,v4,v3,40.0,55.15,50.99,1.0,0.2758,0.5099,5.8526,False,all_direct,11.9888,0.5492
38,v4,v11,40.0,67.07,30.0,1.0,0.3353,0.3,5.9594,False,all_direct,12.0963,0.5359
39,v1,v2,40.0,39.12,30.0,1.0,0.1956,0.3,9.706,False,all_direct,15.844,0.7982
39,v1,v3,40.0,102.18,0.0,1.0,0.5109,0.0,7.8504,False,all_direct,13.9878,0.7213
39,v1,v6,40.0,152.12,20.0,1.0,0.7606,0.2,1.2681,False,all_direct,7.4046,0.2307
39,v1,v5,40.0,171.03,0.0,1.0,0.8551,0.0,4.271,True,all_direct,10.4096,0.4012
39,v2,v1,20.0,39.12,30.0,0.6,0.1956,0.3,-10.294,True,all_direct,-4.1572,0.0992
39,v2,v3,20.0,141.03,30.0,0.6,0.7052,0.3,-19.2056,True,all_direct,-13.0659,0.1107
39,v2,v6,20.0,191.02,10.0,0.6,0.9551,0.1,-18.9056,True,all_direct,-12.77,0.1164
39,v3,v6,20.0,50.0,20.0,0.6,0.25,0.2,-11.0005,False,all_direct,-4.8646,0.0943
39,v3,v5,20.0,69.07,0.0,0.6,0.3453,0.0,-9.4281,True,all_direct,-3.2904,0.1021
39,v3,v4,20.0,101.6,50.0,0.6,0.508,0.5,-18.3353,True,all_direct,-12.1988,0.1082
39,v3,v1,20.0,102.18,0.0,0.6,0.5109,0.0,-12.1496,True,all_direct,-6.0107,0.1031
39,v3,v8,20.0,109.12,44.72,0.6,0.5456,0.4472,-18.512,True,all_direct,-12.3736,0.0955
39,v4,v5,40.0,34.93,50.0,1.0,0.1746,0.5,9.0839,False,all_direct,15.2209,0.7779
39,v4,v8,40.0,37.12,10.0,1.0,0.1856,0.1,12.4778,False,all_direct,18.6144,0.8916
39,v4,v11,40.0,37.12,20.0,1.0,0.1856,0.2,11.069,False,all_direct,17.2064,0.8539
39,v4,v6,40.0,52.17,36.06,1.0,0.2609,0.3606,7.2146,False,all_direct,13.3509,0.6717
39,v4,v9,40.0,94.19,20.0,1.0,0.471,0.2,4.5989,False,all_direct,10.7358,0.4305
40,v1,v2,40.0,9.49,20.0,1.0,0.0474,0.2,20.5491,False,all_direct,26.6855,0.977
40,v1,v3,40.0,102.18,30.0,1.0,0.5109,0.3,3.0339,False,all_direct,9.1717,0.3184
40,v1,v5,40.0,171.03,10.0,1.0,0.8551,0.1,1.8628,True,all_direct,7.9987,0.2332
40,v1,v6,40.0,172.1,30.0,1.0,0.8605,0.3,-0.5892,True,all_direct,5.5517,0.173
40,v2,v1,20.0,9.49,20.0,0.6,0.0474,0.2,0.5491,False,all_direct,6.6872,0.2033
40,v2,v3,20.0,111.04,10.0,0.6,0.5552,0.1,-15.1359,True,all_direct,-8.9983,0.1068
40,v2,v5,20.0,180.0,10.0,0.6,0.9,0.1,-18.4926,True,all_direct,-12.3561,0.1041
40,v2,v6,20.0,181.02,10.0,0.6,0.9051,0.1,-18.5321,True,all_direct,-12.393,0.1035
40,v3,v5,20.0,69.07,20.0,0.6,0.3453,0.2,-13.2451,True,all_direct,-7.1071,0.1002
40,v3,v6,20.0,70.0,0.0,0.6,0.35,0.0,-9.5216,True,all_direct,-3.3828,0.1031
40,v3,v1,20.0,102.18,30.0,0.6,0.5109,0.3,-16.9661,True,all_direct,-10.8283,0.1184
40,v3,v2,20.0,111.04,10.0,0.6,0.5552,0.1,-15.1359,True,all_direct,-8.9982,0.1125
40,v3,v4,20.0,128.14,10.0,0.6,0.6407,0.1,-16.1312,True,all_direct,-9.9924,0.1082
40,v4,v8,40.0,35.44,42.43,1.0,0.1772,0.4243,9.4517,False,all_direct,15.5871,0.8018
40,v4,v11,40.0,45.12,50.0,1.0,0.2256,0.5,7.3046,False,all_direct,13.4418,0.6557
40,v4,v6,40.0,58.31,10.0,1.0,0.2915,0.1,9.3399,False,all_direct,15.4775,0.7863
40,v4,v5,40.0,59.08,10.0,1.0,0.2954,0.1,9.2492,False,all_direct,15.388,0.7906
40,v4,v9,40.0,61.4,50.0,1.0,0.307,0.5,5.1641,False,all_direct,11.3011,0.4611
41,v1,v2,40.0,29.15,0.0,1.0,0.1458,0.0,16.5646,False,all_direct,22.7026,0.9588
41,v1,v3,40.0,72.25,10.0,1.0,0.3612,0.1,7.8504,False,all_direct,13.9876,0.6924
41,v1,v6,40.0,142.13,40.0,1.0,0.7106,0.4,-0.0346,True,all_direct,6.1035,0.1799
41,v1,v5,40.0,161.03,0.0,1.0,0.8051,0.0,4.6896,True,all_direct,10.8264,0.435
41,v2,v1,20.0,29.15,0.0,0.6,0.1458,0.0,-3.4354,False,all_direct,2.7027,0.1389
41,v2,v3,20.0,101.04,10.0,0.6,0.5052,0.1,-14.4804,True,all_direct,-8.3433,0.1123
41,v2,v6,20.0,171.03,40.0,0.6,0.8551,0.4,-21.3208,True,all_direct,-15.1817,0.0961
41,v2,v5,20.0,190.0,0.0,0.6,0.95,0.0,-16.4601,True,all_direct,-10.3233,0.1158
41,v3,v6,20.0,70.0,30.0,0.6,0.35,0.3,-14.338,True,all_direct,-8.2015,0.1092
41,v3,v1,20.0,72.25,10.0,0.6,0.3612,0.1,-12.1496,True,all_direct,-6.011,0.1018
41,v3,v5,20.0,89.05,10.0,0.6,0.4453,0.1,-13.6024,True,all_direct,-7.4627,0.101
41,v3,v2,20.0,101.04,10.0,0.6,0.5052,0.1,-14.4804,True,all_direct,-8.3407,0.1121
41,v3,v4,20.0,138.13,0.0,0.6,0.6907,0.0,-14.2446,True,all_direct,-8.1071,0.1068
41,v4,v8,40.0,40.2,28.28,1.0,0.201,0.2828,9.6683,False,all_direct,15.8081,0.8127
41,v4,v11,40.0,40.2,22.36,1.0,0.201,0.2236,10.2523,False,all_direct,16.3905,0.8344
41,v4,v9,40.0,42.54,28.28,1.0,0.2127,0.2828,9.2744,False,all_direct,15.4123,0.7934
41,v4,v5,40.0,49.09,10.0,1.0,0.2455,0.1,10.5356,False,all_direct,16.6746,0.8385
41,v4,v14,40.0,59.46,44.72,1.0,0.2973,0.4472,5.7066,False,all_direct,11.8443,0.5164
42,v1,v2,40.0,29.15,10.0,1.0,0.1458,0.1,14.1564,False,all_direct,20.2936,0.9156
42,v1,v3,40.0,62.29,10.0,1.0,0.3114,0.1,8.8811,False,all_direct,15.0197,0.7656
42,v1,v6,40.0,102.18,10.0,1.0,0.5109,0.1,5.4422,False,all_direct,11.5817,0.4896
42,v1,v5,40.0,161.03,10.0,1.0,0.8051,0.1,2.2813,True,all_direct,8.4192,0.2635
42,v1,v4,40.0,200.0,30.0,1.0,1.0,0.3,-1.633,True,all_direct,4.5036,0.1516
42,v2,v1,20.0,29.15,10.0,0.6,0.1458,0.1,-5.8436,False,all_direct,0.2919,0.1324
42,v2,v3,20.0,91.05,20.0,0.6,0.4552,0.2,-15.1654,True,all_direct,-9.0278,0.1186
42,v2,v6,20.0,131.03,0.0,0.6,0.6552,0.0,-13.8782,True,all_direct,-7.7416,0.1018
42,v2,v5,20.0,190.0,20.0,0.6,0.95,0.2,-20.277,True,all_direct,-14.1411,0.1031
42,v3,v6,20.0,40.0,20.0,0.6,0.2,0.2,-9.4499,False,all_direct,-3.3107,0.0973
42,v3,v1,20.0,62.29,10.0,0.6,0.3114,0.1,-11.1189,True,all_direct,-4.9813,0.0992
42,v3,v2,20.0,91.05,20.0,0.6,0.4552,0.2,-15.1654,True,all_direct,-9.0282,0.1117
42,v3,v5,20.0,99.05,0.0,0.6,0.4952,0.0,-11.9334,True,all_direct,-5.7949,0.1002
42,v3,v4,20.0,138.13,40.0,0.6,0.6907,0.4,-19.8364,True,all_direct,-13.6976,0.1094
42,v4,v5,40.0,39.12,40.0,1.0,0.1956,0.4,8.9307,False,all_direct,15.0676,0.7631
42,v4,v8,40.0,41.11,10.0,1.0,0.2055,0.1,11.7687,False,all_direct,17.9057,0.8764
42,v4,v11,40.0,51.09,40.0,1.0,0.2554,0.4,7.0751,False,all_direct,13.2146,0.6332
42,v4,v9,40.0,52.35,10.0,1.0,0.2617,0.1,10.0898,False,all_direct,16.2267,0.8316
42,v4,v14,40.0,60.13,50.99,1.0,0.3007,0.5099,5.2521,False,all_direct,11.3893,0.4816
43,v1,v2,40.0,39.12,10.0,1.0,0.1956,0.1,12.1142,False,all_direct,18.2536,0.8912
43,v1,v3,40.0,72.25,20.0,1.0,0.3612,0.2,6.4417,False,all_direct,12.579,0.5715
43,v1,v6,40.0,92.2,20.0,1.0,0.461,0.2,4.7477,False,all_direct,10.8843,0.4281
43,v1,v4,40.0,170.0,40.0,1.0,0.85,0.4,-1.2789,True,all_direct,4.857,0.1588
43,v1,v5,40.0,171.03,0.0,1.0,0.8551,0.0,4.271,True,all_direct,10.4077,0.4135
43,v2,v1,20.0,39.12,10.0,0.6,0.1956,0.1,-7.8858,False,all_direct,-1.7461,0.1037
43,v2,v3,20.0,111.04,10.0,0.6,0.5552,0.1,-15.1359,True,all_direct,-8.9985,0.1201
43,v2,v6,20.0,131.03,10.0,0.6,0.6552,0.1,-16.2864,True,all_direct,-10.1503,0.1125
43,v3,v6,20.0,20.0,0.0,0.6,0.1,0.0,-0.8165,False,all_direct,5.3193,0.1715
43,v3,v1,20.0,72.25,20.0,0.6,0.3612,0.2,-13.5583,True,all_direct,-7.4171,0.1047
43,v3,v4,20.0,98.18,20.0,0.6,0.4909,0.2,-15.6896,True,all_direct,-9.5534,0.1084
43,v3,v5,20.0,99.05,20.0,0.6,0.4952,0.2,-15.7503,True,all_direct,-9.6121,0.1303
43,v3,v2,20.0,111.04,10.0,0.6,0.5552,0.1,-15.1359,True,all_direct,-8.9974,0.1191
43,v4,v5,40.0,3.16,40.0,1.0,0.0158,0.4,26.4082,False,all_direct,32.5443,0.9818
43,v4,v8,40.0,51.09,30.0,1.0,0.2554,0.3,7.8504,False,all_direct,13.9891,0.7035
43,v4,v9,40.0,62.29,30.0,1.0,0.3114,0.3,6.4729,False,all_direct,12.6116,0.5906
43,v4,v6,40.0,78.23,20.0,1.0,0.3912,0.2,5.889,False,all_direct,12.0267,0.5395
43,v4,v7,40.0,90.0,0.0,1.0,0.45,0.0,8.7321,False,all_direct,14.8686,0.7477
44,v1,v2,40.0,29.15,0.0,1.0,0.1458,0.0,16.5646,False,all_direct,22.703,0.9584
44,v1,v3,40.0,92.2,0.0,1.0,0.461,0.0,8.5646,False,all_direct,14.703,0.7545
44,v1,v6,40.0,112.16,10.0,1.0,0.5608,0.1,4.7943,False,all_direct,10.9325,0.4379
44,v1,v5,40.0,171.03,10.0,1.0,0.8551,0.1,1.8628,True,all_direct,7.9984,0.242
44,v2,v1,20.0,29.15,0.0,0.6,0.1458,0.0,-3.4354,False,all_direct,2.7034,0.1305
44,v2,v3,20.0,121.04,0.0,0.6,0.6052,0.0,-13.3267,True,all_direct,-7.1898,0.1012
44,v2,v6,20.0,141.03,10.0,0.6,0.7052,0.1,-16.7973,True,all_direct,-10.6591,0.1141
44,v2,v5,20.0,200.0,10.0,0.6,1.0,0.1,-19.2247,True,all_direct,-13.0855,0.1164
44,v3,v6,20.0,20.0,10.0,0.6,0.1,0.1,-3.2247,False,all_direct,2.9128,0.1414
44,v3,v5,20.0,79.06,10.0,0.6,0.3953,0.1,-12.7753,True,all_direct,-6.6378,0.1012
44,v3,v1,20.0,92.2,0.0,0.6,0.461,0.0,-11.4354,True,all_direct,-5.296,0.0977
44,v3,v4,20.0,118.15,10.0,0.6,0.5908,0.1,-15.5673,True,all_direct,-9.4292,0.1199
44,v3,v2,20.0,121.04,0.0,0.6,0.6052,0.0,-13.3267,True,all_direct,-7.1873,0.1025
44,v4,v8,40.0,21.21,40.0,1.0,0.1061,0.4,13.1825,False,all_direct,19.3199,0.9184
44,v4,v9,40.0,32.56,20.0,1.0,0.1628,0.2,11.9806,False,all_direct,18.1173,0.8818
44,v4,v5,40.0,39.12,20.0,1.0,0.1956,0.2,10.7055,False,all_direct,16.8413,0.8637
44,v4,v11,40.0,61.07,30.0,1.0,0.3054,0.3,6.6098,False,all_direct,12.7472,0.5965
44,v4,v12,40.0,82.22,10.0,1.0,0.4111,0.1,6.9522,False,all_direct,13.091,0.635
45,v1,v2,40.0,29.15,20.0,1.0,0.1458,0.2,12.7477,False,all_direct,18.8854,0.8965
45,v1,v3,40.0,92.2,10.0,1.0,0.461,0.1,6.1564,False,all_direct,12.2943,0.5582
45,v1,v6,40.0,122.15,10.0,1.0,0.6107,0.1,4.2016,False,all_direct,10.3397,0.3957
45,v1,v5,40.0,181.02,10.0,1.0,0.9051,0.1,1.4679,True,all_direct,7.6069,0.2277
45,v1,v4,40.0,200.0,10.0,1.0,1.0,0.1,0.7753,True,all_direct,6.9137,0.1949
45,v2,v1,20.0,29.15,20.0,0.6,0.1458,0.2,-7.2523,False,all_direct,-1.1139,0.1055
45,v2,v3,20.0,121.04,10.0,0.6,0.6052,0.1,-15.7349,True,all_direct,-9.5949,0.1025
45,v2,v6,20.0,151.03,10.0,0.6,0.7551,0.1,-17.2732,True,all_direct,-11.1354,0.1199
45,v3,v6,20.0,30.0,0.0,0.6,0.15,0.0,-3.6339,False,all_direct,2.5041,0.1344
45,v3,v5,20.0,89.05,0.0,0.6,0.4453,0.0,-11.1942,True,all_direct,-5.0559,0.1002
45,v3,v1,20.0,92.2,10.0,0.6,0.461,0.1,-13.8436,True,all_direct,-7.7055,0.1033
45,v3,v4,20.0,108.17,0.0,0.6,0.5408,0.0,-12.5455,True,all_direct,-6.4093,0.1012
45,v3,v2,20.0,121.04,10.0,0.6,0.6052,0.1,-15.7349,True,all_direct,-9.5964,0.117
45,v4,v5,40.0,19.24,0.0,1.0,0.0962,0.0,19.4544,False,all_direct,25.5919,0.977
45,v4,v9,40.0,52.35,20.0,1.0,0.2617,0.2,8.681,False,all_direct,14.8182,0.7689
45,v4,v8,40.0,61.07,0.0,1.0,0.3054,0.0,11.4263,False,all_direct,17.5641,0.8803
45,v4,v6,40.0,78.23,0.0,1.0,0.3912,0.0,9.706,False,all_direct,15.8436,0.8229
45,v4,v11,40.0,91.05,20.0,1.0,0.4552,0.2,4.8346,False,all_direct,10.9719,0.4289
46,v1,v2,40.0,9.49,30.0,1.0,0.0474,0.3,19.5496,False,all_direct,25.6874,0.975
46,v1,v3,40.0,102.18,30.0,1.0,0.5109,0.3,3.0339,False,all_direct,9.173,0.3209
46,v1,v6,40.0,132.14,0.0,1.0,0.6607,0.0,6.0636,False,all_direct,12.2006,0.5441
46,v1,v5,40.0,191.02,20.0,1.0,0.9551,0.2,-0.3144,True,all_direct,5.8251,0.1627
46,v2,v1,20.0,9.49,30.0,0.6,0.0474,0.3,-0.4504,True,all_direct,5.6859,0.1721
46,v2,v3,20.0,111.04,0.0,0.6,0.5552,0.0,-12.7277,True,all_direct,-6.5901,0.0996
46,v2,v6,20.0,141.03,30.0,0.6,0.7052,0.3,-19.2056,True,all_direct,-13.0668,0.1041
46,v2,v5,20.0,200.0,10.0,0.6,1.0,0.1,-19.2247,True,all_direct,-13.087,0.1182
46,v3,v6,20.0,30.0,30.0,0.6,0.15,0.3,-8.4504,True,all_direct,-2.3125,0.1074
46,v3,v5,20.0,89.05,10.0,0.6,0.4453,0.1,-13.6024,True,all_direct,-7.4633,0.0992
46,v3,v1,20.0,102.18,30.0,0.6,0.5109,0.3,-16.9661,True,all_direct,-10.8284,0.1023
46,v3,v4,20.0,108.17,20.0,0.6,0.5408,0.2,-16.3625,True,all_direct,-10.2239,0.1184
46,v3,v2,20.0,111.04,0.0,0.6,0.5552,0.0,-12.7277,True,all_direct,-6.5907,0.0992
46,v4,v5,40.0,19.24,10.0,1.0,0.0962,0.1,17.0461,False,all_direct,23.1845,0.9643
46,v4,v9,40.0,32.56,20.0,1.0,0.1628,0.2,11.9806,False,all_direct,18.1171,0.8906
46,v4,v8,40.0,61.07,0.0,1.0,0.3054,0.0,11.4263,False,all_direct,17.5648,0.8711
46,v4,v11,40.0,71.06,10.0,1.0,0.3553,0.1,7.9654,False,all_direct,14.1029,0.716
46,v4,v6,40.0,78.23,10.0,1.0,0.3912,0.1,7.2977,False,all_direct,13.4339,0.6623
47,v1,v2,40.0,21.21,0.0,1.0,0.1061,0.0,18.7743,False,all_direct,24.9117,0.9711
47,v1,v3,40.0,132.14,10.0,1.0,0.6607,0.1,3.6554,False,all_direct,9.793,0.3533
47,v1,v6,40.0,132.14,0.0,1.0,0.6607,0.0,6.0636,False,all_direct,12.2007,0.56
47,v2,v1,20.0,21.21,0.0,0.6,0.1061,0.0,-1.2257,False,all_direct,4.9137,0.1686
47,v2,v3,20.0,111.04,10.0,0.6,0.5552,0.1,-15.1359,True,all_direct,-8.9973,0.1232
47,v2,v6,20.0,111.04,0.0,0.6,0.5552,0.0,-12.7277,True,all_direct,-6.588,0.1037
47,v2,v5,20.0,190.0,10.0,0.6,0.95,0.1,-18.8683,True,all_direct,-12.7298,0.1223
47,v2,v4,20.0,199.02,20.0,0.6,0.9951,0.2,-20.5994,True,all_direct,-14.4617,0.116
47,v3,v6,20.0,0.0,10.0,0.6,0.0,0.1,33.5918,False,all_direct,39.7299,0.9926
47,v3,v5,20.0,79.06,0.0,0.6,0.3953,0.0,-10.367,True,all_direct,-4.2271,0.0982
47,v3,v4,20.0,88.2,10.0,0.6,0.441,0.1,-13.5361,True,all_direct,-7.3994,0.102
47,v3,v9,20.0,100.0,0.0,0.6,0.5,0.0,-12.0,True,all_direct,-5.86,0.1027
47,v3,v2,20.0,111.04,10.0,0.6,0.5552,0.1,-15.1359,True,all_direct,-8.9977,0.1072
47,v4,v5,40.0,9.49,10.0,1.0,0.0474,0.1,21.9578,False,all_direct,28.0971,0.9818
47,v4,v9,40.0,13.42,10.0,1.0,0.0671,0.1,19.5496,False,all_direct,25.6898,0.974
47,v4,v8,40.0,61.07,40.0,1.0,0.3054,0.4,5.8346,False,all_direct,11.9725,0.5414
47,v4,v11,40.0,61.07,10.0,1.0,0.3054,0.1,9.0181,False,all_direct,15.1567,0.7678
47,v4,v12,40.0,82.22,30.0,1.0,0.4111,0.3,4.5439,False,all_direct,10.6819,0.4221
48,v1,v2,40.0,21.21,10.0,1.0,0.1061,0.1,16.3661,False,all_direct,22.5049,0.9564
48,v1,v6,40.0,132.14,30.0,1.0,0.6607,0.3,1.2472,False,all_direct,7.3838,0.2131
48,v1,v3,40.0,142.13,0.0,1.0,0.7106,0.0,5.5572,False,all_direct,11.6948,0.502
48,v2,v1,20.0,21.21,10.0,0.6,0.1061,0.1,-3.6339,False,all_direct,2.5041,0.135
48,v2,v6,20.0,111.04,20.0,0.6,0.5552,0.2,-16.5447,True,all_direct,-10.4069,0.1107
48,v2,v3,20.0,121.04,10.0,0.6,0.6052,0.1,-15.7349,True,all_direct,-9.5972,0.1143
48,v2,v5,20.0,200.0,20.0,0.6,1.0,0.2,-20.6334,True,all_direct,-14.4959,0.1162
48,v3,v6,20.0,10.0,30.0,0.6,0.05,0.3,-0.8165,True,all_direct,5.3223,0.1682
48,v3,v5,20.0,79.06,10.0,0.6,0.3953,0.1,-12.7753,True,all_direct,-6.6377,0.1037
48,v3,v4,20.0,98.18,10.0,0.6,0.4909,0.1,-14.2809,True,all_direct,-8.1419,0.1027
48,v3,v9,20.0,100.0,10.0,0.6,0.5,0.1,-14.4082,True,all_direct,-8.2704,0.1055
48,v3,v8,20.0,119.04,10.0,0.6,0.5952,0.1,-15.6192,True,all_direct,-9.4802,0.1203
48,v4,v9,40.0,6.32,20.0,1.0,0.0316,0.2,23.3666,False,all_direct,29.5042,0.9848
48,v4,v5,40.0,19.24,20.0,1.0,0.0962,0.2,15.6374,False,all_direct,21.7749,0.948
48,v4,v8,40.0,21.21,0.0,1.0,0.1061,0.0,18.7743,False,all_direct,24.9125,0.9613
48,v4,v11,40.0,51.09,20.0,1.0,0.2554,0.2,8.8499,False,all_direct,14.9877,0.7586
48,v4,v12,40.0,52.35,0.0,1.0,0.2617,0.0,12.498,False,all_direct,18.6358,0.8906
49,v1,v2,40.0,11.4,10.0,1.0,0.057,0.1,20.6802,False,all_direct,26.8179,0.9775
49,v1,v6,40.0,102.18,0.0,1.0,0.5109,0.0,7.8504,False,all_direct,13.9886,0.7055
49,v1,v3,40.0,142.13,20.0,1.0,0.7106,0.2,1.7402,False,all_direct,7.8772,0.2375
49,v2,v1,20.0,11.4,10.0,0.6,0.057,0.1,0.6802,False,all_direct,6.8192,0.1969
49,v2,v6,20.0,91.05,10.0,0.6,0.4552,0.1,-13.7567,True,all_direct,-7.6216,0.0943
49,v2,v3,20.0,131.03,10.0,0.6,0.6552,0.1,-16.2864,True,all_direct,-10.1479,0.108
49,v3,v6,20.0,40.0,20.0,0.6,0.2,0.2,-9.4499,False,all_direct,-3.312,0.1012
49,v3,v4,20.0,88.2,10.0,0.6,0.441,0.1,-13.5361,True,all_direct,-7.3981,0.0949
49,v3,v5,20.0,89.05,10.0,0.6,0.4453,0.1,-13.6024,True,all_direct,-7.4647,0.107
49,v3,v8,20.0,109.04,10.0,0.6,0.5452,0.1,-15.0097,True,all_direct,-8.8712,0.1025
49,v3,v9,20.0,110.0,20.0,0.6,0.55,0.2,-16.4793,True,all_direct,-10.3421,0.1047
49,v4,v5,40.0,3.16,20.0,1.0,0.0158,0.2,28.183,False,all_direct,34.3206,0.9828
49,v4,v8,40.0,21.21,0.0,1.0,0.1061,0.0,18.7743,False,all_direct,24.9139,0.9701
49,v4,v9,40.0,22.8,30.0,1.0,0.114,0.3,13.4555,False,all_direct,19.5936,0.9186
49,v4,v11,40.0,31.14,0.0,1.0,0.1557,0.0,16.1058,False,all_direct,22.245,0.9627
49,v4,v14,40.0,51.09,10.0,1.0,0.2554,0.1,10.2586,False,all_direct,16.3959,0.8348
50,v1,v2,40.0,21.21,10.0,1.0,0.1061,0.1,16.3661,False,all_direct,22.5048,0.9578
50,v1,v6,40.0,102.18,30.0,1.0,0.5109,0.3,3.0339,False,all_direct,9.1728,0.309
50,v1,v3,40.0,162.11,0.0,1.0,0.8106,0.0,4.643,True,all_direct,10.7807,0.4295
50,v2,v1,20.0,21.21,10.0,0.6,0.1061,0.1,-3.6339,False,all_direct,2.5053,0.1354
50,v2,v6,20.0,81.06,20.0,0.6,0.4053,0.2,-14.3575,True,all_direct,-8.2195,0.1219
50,v2,v3,20.0,141.03,10.0,0.6,0.7052,0.1,-16.7973,True,all_direct,-10.6612,0.1137
50,v3,v6,20.0,60.0,30.0,0.6,0.3,0.3,-13.2669,True,all_direct,-7.1295,0.0963
50,v3,v5,20.0,79.06,0.0,0.6,0.3953,0.0,-10.367,True,all_direct,-4.2302,0.0982
50,v3,v9,20.0,90.0,10.0,0.6,0.45,0.1,-13.6761,True,all_direct,-7.5394,0.1037
50,v3,v4,20.0,98.18,0.0,0.6,0.4909,0.0,-11.8726,True,all_direct,-5.7356,0.0977
50,v3,v12,20.0,110.0,0.0,0.6,0.55,0.0,-12.6623,True,all_direct,-6.5274,0.107
50,v4,v9,40.0,10.0,10.0,1.0,0.05,0.1,21.5918,False,all_direct,27.7299,0.9844
50,v4,v12,40.0,13.42,0.0,1.0,0.0671,0.0,21.9578,False,all_direct,28.0965,0.977
50,v4,v5,40.0,19.24,0.0,1.0,0.0962,0.0,19.4544,False,all_direct,25.5931,0.9701
50,v4,v8,40.0,21.21,10.0,1.0,0.1061,0.1,16.3661,False,all_direct,22.5054,0.9461
50,v4,v11,40.0,31.14,20.0,1.0,0.1557,0.2,12.2889,False,all_direct,18.4274,0.8832
51,v1,v2,40.0,31.14,10.0,1.0,0.1557,0.1,13.6976,False,all_direct,19.8355,0.923
51,v1,v6,40.0,132.14,0.0,1.0,0.6607,0.0,6.0636,False,all_direct,12.1999,0.5658
51,v1,v3,40.0,162.11,10.0,1.0,0.8106,0.1,2.2348,True,all_direct,8.3722,0.2693
51,v2,v1,20.0,31.14,10.0,0.6,0.1557,0.1,-6.3024,False,all_direct,-0.1651,0.1256
51,v2,v6,20.0,101.04,10.0,0.6,0.5052,0.1,-14.4804,True,all_direct,-8.3449,0.1033
51,v2,v3,20.0,131.03,20.0,0.6,0.6552,0.2,-17.6951,True,all_direct,-11.5574,0.1061
51,v3,v6,20.0,30.0,10.0,0.6,0.15,0.1,-6.0422,False,all_direct,0.0959,0.1145
51,v3,v5,20.0,79.06,10.0,0.6,0.3953,0.1,-12.7753,True,all_direct,-6.6379,0.1047
51,v3,v4,20.0,98.18,10.0,0.6,0.4909,0.1,-14.2809,True,all_direct,-8.1435,0.1148
51,v3,v9,20.0,100.0,10.0,0.6,0.5,0.1,-14.4082,True,all_direct,-8.2711,0.1043
51,v3,v12,20.0,110.0,30.0,0.6,0.55,0.3,-17.4788,True,all_direct,-11.3412,0.1174
51,v4,v9,40.0,6.32,0.0,1.0,0.0316,0.0,27.1835,False,all_direct,33.3217,0.9867
51,v4,v12,40.0,13.42,20.0,1.0,0.0671,0.2,18.1408,False,all_direct,24.2773,0.9717
51,v4,v5,40.0,19.24,0.0,1.0,0.0962,0.0,19.4544,False,all_direct,25.5917,0.9725
51,v4,v8,40.0,31.14,10.0,1.0,0.1557,0.1,13.6976,False,all_direct,19.8339,0.9227
51,v4,v11,40.0,51.09,20.0,1.0,0.2554,0.2,8.8499,False,all_direct,14.9865,0.7605
52,v1,v2,40.0,21.21,10.0,1.0,0.1061,0.1,16.3661,False,all_direct,22.5043,0.9539
52,v1,v6,40.0,132.14,30.0,1.0,0.6607,0.3,1.2472,False,all_direct,7.385,0.2115
52,v1,v3,40.0,172.1,20.0,1.0,0.8605,0.2,0.4103,True,all_direct,6.5459,0.2008
52,v2,v1,20.0,21.21,10.0,0.6,0.1061,0.1,-3.6339,False,all_direct,2.5032,0.1408
52,v2,v6,20.0,111.04,20.0,0.6,0.5552,0.2,-16.5447,True,all_direct,-10.4065,0.1285
52,v2,v3,20.0,151.03,10.0,0.6,0.7551,0.1,-17.2732,True,all_direct,-11.1356,0.1141
52,v3,v6,20.0,40.0,10.0,0.6,0.2,0.1,-8.0412,False,all_direct,-1.9028,0.1031
52,v3,v5,20.0,69.07,10.0,0.6,0.3453,0.1,-11.8364,True,all_direct,-5.6984,0.0934
52,v3,v12,20.0,80.0,10.0,0.6,0.4,0.1,-12.8577,True,all_direct,-6.7197,0.0992
52,v3,v4,20.0,88.2,20.0,0.6,0.441,0.2,-14.9448,True,all_direct,-8.8065,0.115
52,v3,v9,20.0,90.0,10.0,0.6,0.45,0.1,-13.6761,True,all_direct,-7.5387,0.1023
52,v4,v9,40.0,6.32,30.0,1.0,0.0316,0.3,22.367,False,all_direct,28.503,0.9844
52,v4,v12,40.0,10.0,30.0,1.0,0.05,0.3,19.1835,False,all_direct,25.3231,0.974
52,v4,v5,40.0,19.24,30.0,1.0,0.0962,0.3,14.6379,False,all_direct,20.7749,0.9354
52,v4,v11,40.0,31.14,20.0,1.0,0.1557,0.2,12.2889,False,all_direct,18.4256,0.8947
52,v4,v8,40.0,41.11,0.0,1.0,0.2055,0.0,14.1769,False,all_direct,20.3141,0.9295
53,v1,v2,40.0,11.4,30.0,1.0,0.057,0.3,18.272,False,all_direct,24.4108,0.9643
53,v1,v6,40.0,102.18,40.0,1.0,0.5109,0.4,2.2586,False,all_direct,8.3944,0.2563
53,v1,v3,40.0,152.12,20.0,1.0,0.7606,0.2,1.2681,False,all_direct,7.407,0.2219
53,v2,v1,20.0,11.4,30.0,0.6,0.057,0.3,-1.728,True,all_direct,4.4105,0.1383
53,v2,v6,20.0,91.05,10.0,0.6,0.4552,0.1,-13.7567,True,all_direct,-7.6189,0.1041
53,v2,v3,20.0,141.03,10.0,0.6,0.7052,0.1,-16.7973,True,all_direct,-10.6589,0.11
53,v3,v6,20.0,50.0,20.0,0.6,0.25,0.2,-11.0005,False,all_direct,-4.8641,0.0979
53,v3,v4,20.0,68.26,10.0,0.6,0.3413,0.1,-11.7553,True,all_direct,-5.6169,0.0969
53,v3,v5,20.0,79.06,0.0,0.6,0.3953,0.0,-10.367,True,all_direct,-4.2271,0.1051
53,v3,v12,20.0,90.0,20.0,0.6,0.45,0.2,-15.0849,True,all_direct,-8.9505,0.1045
53,v3,v9,20.0,100.0,10.0,0.6,0.5,0.1,-14.4082,True,all_direct,-8.2694,0.1041
53,v4,v5,40.0,11.4,10.0,1.0,0.057,0.1,20.6802,False,all_direct,26.8186,0.9744
53,v4,v12,40.0,22.8,30.0,1.0,0.114,0.3,13.4555,False,all_direct,19.5939,0.9107
53,v4,v9,40.0,32.56,0.0,1.0,0.1628,0.0,15.7976,False,all_direct,21.9351,0.9578
53,v4,v8,40.0,41.11,0.0,1.0,0.2055,0.0,14.1769,False,all_direct,20.3157,0.9256
53,v4,v11,40.0,51.09,10.0,1.0,0.2554,0.1,10.2586,False,all_direct,16.3957,0.8367
54,v1,v2,40.0,19.24,40.0,1.0,0.0962,0.4,13.8626,False,all_direct,20.0001,0.9211
54,v1,v6,40.0,62.29,30.0,1.0,0.3114,0.3,6.4729,False,all_direct,12.6086,0.5994
54,v1,v3,40.0,132.14,20.0,1.0,0.6607,0.2,2.2467,False,all_direct,8.3855,0.2611
54,v1,v4,40.0,190.0,0.0,1.0,0.95,0.0,3.5399,True,all_direct,9.6775,0.3555
54,v2,v1,20.0,19.24,40.0,0.6,0.0962,0.4,-6.1374,True,all_direct,-0.0005,0.1197
54,v2,v6,20.0,81.06,10.0,0.6,0.4053,0.1,-12.9488,True,all_direct,-6.8105,0.1076
54,v2,v3,20.0,151.03,20.0,0.6,0.7551,0.2,-18.682,True,all_direct,-12.5429,0.1094
54,v3,v4,20.0,58.31,20.0,0.6,0.2915,0.2,-12.0688,True,all_direct,-5.9313,0.0988
54,v3,v6,20.0,70.0,10.0,0.6,0.35,0.1,-11.9298,True,all_direct,-5.7907,0.0963
54,v3,v5,20.0,79.06,20.0,0.6,0.3953,0.2,-14.184,True,all_direct,-8.0454,0.1193
54,v3,v9,20.0,90.0,10.0,0.6,0.45,0.1,-13.6761,True,all_direct,-7.5361,0.1057
54,v3,v8,20.0,99.05,20.0,0.6,0.4952,0.2,-15.7503,True,all_direct,-9.6122,0.1172
54,v4,v5,40.0,21.21,40.0,1.0,0.1061,0.4,13.1825,False,all_direct,19.3218,0.9197
54,v4,v9,40.0,32.56,10.0,1.0,0.1628,0.1,13.3893,False,all_direct,19.5267,0.9082
54,v4,v8,40.0,41.11,0.0,1.0,0.2055,0.0,14.1769,False,all_direct,20.3157,0.9285
54,v4,v11,40.0,41.11,30.0,1.0,0.2055,0.3,9.3604,False,all_direct,15.4977,0.793
54,v4,v12,40.0,52.35,0.0,1.0,0.2617,0.0,12.498,False,all_direct,18.6376,0.902
55,v1,v2,40.0,21.21,10.0,1.0,0.1061,0.1,16.3661,False,all_direct,22.5041,0.952
55,v1,v6,40.0,92.2,20.0,1.0,0.461,0.2,4.7477,False,all_direct,10.8858,0.4416
55,v1,v3,40.0,152.12,20.0,1.0,0.7606,0.2,1.2681,False,all_direct,7.4055,0.2318
55,v1,v4,40.0,190.0,30.0,1.0,0.95,0.3,-1.2765,True,all_direct,4.8615,0.1662
55,v2,v1,20.0,21.21,10.0,0.6,0.1061,0.1,-3.6339,False,all_direct,2.5023,0.1344
55,v2,v6,20.0,71.06,10.0,0.6,0.3553,0.1,-12.0346,True,all_direct,-5.8954,0.1047
55,v2,v3,20.0,131.03,10.0,0.6,0.6552,0.1,-16.2864,True,all_direct,-10.1519,0.1236
55,v2,v4,20.0,169.03,20.0,0.6,0.8451,0.2,-19.4643,True,all_direct,-13.3266,0.1164
55,v3,v4,20.0,38.47,10.0,0.6,0.1924,0.1,-7.7703,False,all_direct,-1.6321,0.1125
55,v3,v6,20.0,60.0,0.0,0.6,0.3,0.0,-8.4504,True,all_direct,-2.3121,0.1145
55,v3,v8,20.0,79.06,20.0,0.6,0.3953,0.2,-14.184,True,all_direct,-8.0478,0.1021
55,v3,v9,20.0,80.0,20.0,0.6,0.4,0.2,-14.2664,True,all_direct,-8.128,0.1059
55,v3,v12,20.0,90.0,0.0,0.6,0.45,0.0,-11.2679,True,all_direct,-5.1281,0.1002
55,v4,v3,40.0,38.47,10.0,1.0,0.1924,0.1,12.2297,False,all_direct,18.3671,0.8945
55,v4,v8,40.0,41.11,10.0,1.0,0.2055,0.1,11.7687,False,all_direct,17.9069,0.8859
55,v4,v9,40.0,42.43,30.0,1.0,0.2121,0.3,9.1413,False,all_direct,15.2778,0.791
55,v4,v12,40.0,52.35,10.0,1.0,0.2617,0.1,10.0898,False,all_direct,16.2291,0.8242
55,v4,v5,40.0,61.07,0.0,1.0,0.3054,0.0,11.4263,False,all_direct,17.5634,0.8775
56,v1,v2,40.0,11.4,30.0,1.0,0.057,0.3,18.272,False,all_direct,24.4107,0.9668
56,v1,v6,40.0,72.25,10.0,1.0,0.3612,0.1,7.8504,False,all_direct,13.988,0.7014
56,v1,v3,40.0,132.14,20.0,1.0,0.6607,0.2,2.2467,False,all_direct,8.3832,0.2445
56,v1,v4,40.0,160.0,10.0,1.0,0.8,0.1,2.3258,True,all_direct,8.4638,0.2645
56,v1,v8,40.0,191.02,0.0,1.0,0.9551,0.0,3.5026,True,all_direct,9.6398,0.3488
56,v2,v1,20.0,11.4,30.0,0.6,0.057,0.3,-1.728,True,all_direct,4.4077,0.1574
56,v2,v6,20.0,61.07,40.0,0.6,0.3054,0.4,-14.1654,True,all_direct,-8.0275,0.0945
56,v2,v3,20.0,121.04,10.0,0.6,0.6052,0.1,-15.7349,True,all_direct,-9.5991,0.1109
56,v2,v4,20.0,149.03,40.0,0.6,0.7452,0.4,-20.3641,True,all_direct,-14.2256,0.1123
56,v2,v8,20.0,180.0,30.0,0.6,0.9,0.3,-20.9008,True,all_direct,-14.7638,0.1049
56,v3,v4,20.0,28.64,30.0,0.6,0.1432,0.3,-8.127,True,all_direct,-1.9867,0.1066
56,v3,v8,20.0,59.08,20.0,0.6,0.2954,0.2,-12.1596,True,all_direct,-6.0214,0.1109
56,v3,v6,20.0,60.0,30.0,0.6,0.3,0.3,-13.2669,True,all_direct,-7.1308,0.0963
56,v3,v5,20.0,89.05,10.0,0.6,0.4453,0.1,-13.6024,True,all_direct,-7.4642,0.0988
56,v3,v12,20.0,90.0,30.0,0.6,0.45,0.3,-16.0844,True,all_direct,-9.9467,0.1137
56,v4,v3,40.0,28.64,30.0,1.0,0.1432,0.3,11.873,False,all_direct,18.0113,0.8879
56,v4,v8,40.0,31.14,10.0,1.0,0.1557,0.1,13.6976,False,all_direct,19.8372,0.9201
56,v4,v5,40.0,61.07,20.0,1.0,0.3054,0.2,7.6094,False,all_direct,13.7475,0.677
56,v4,v12,40.0,62.29,0.0,1.0,0.3114,0.0,11.2893,False,all_direct,17.4269,0.8646
56,v4,v9,40.0,72.25,40.0,1.0,0.3612,0.4,4.6669,False,all_direct,10.8046,0.4322
57,v1,v2,40.0,41.11,10.0,1.0,0.2055,0.1,11.7687,False,all_direct,17.9076,0.8779
57,v1,v6,40.0,62.29,20.0,1.0,0.3114,0.2,7.4724,False,all_direct,13.6117,0.6598
57,v1,v4,40.0,150.0,10.0,1.0,0.75,0.1,2.7743,False,all_direct,8.9128,0.2982
57,v1,v3,40.0,152.12,30.0,1.0,0.7606,0.3,0.2686,True,all_direct,6.4042,0.193
57,v1,v8,40.0,191.02,0.0,1.0,0.9551,0.0,3.5026,True,all_direct,9.6401,0.3549
57,v2,v6,20.0,21.21,10.0,0.6,0.1061,0.1,-3.6339,False,all_direct,2.5027,0.1324
57,v2,v1,20.0,41.11,10.0,0.6,0.2055,0.1,-8.2313,False,all_direct,-2.0944,0.107
57,v2,v4,20.0,109.04,20.0,0.6,0.5452,0.2,-16.4184,True,all_direct,-10.2805,0.1209
57,v2,v3,20.0,111.04,20.0,0.6,0.5552,0.2,-16.5447,True,all_direct,-10.4062,0.1199
57,v2,v8,20.0,150.0,10.0,0.6,0.75,0.1,-17.2257,True,all_direct,-11.0877,0.11
57,v3,v4,20.0,6.32,40.0,0.6,0.0316,0.4,1.5918,True,all_direct,7.729,0.2242
57,v3,v8,20.0,39.12,30.0,0.6,0.1956,0.3,-10.294,True,all_direct,-4.1549,0.0982
57,v3,v12,20.0,60.0,30.0,0.6,0.3,0.3,-13.2669,True,all_direct,-7.1291,0.1037
57,v3,v5,20.0,79.06,0.0,0.6,0.3953,0.0,-10.367,True,all_direct,-4.2289,0.0982
57,v3,v6,20.0,90.0,10.0,0.6,0.45,0.1,-13.6761,True,all_direct,-7.5416,0.1076
57,v4,v3,40.0,6.32,40.0,1.0,0.0316,0.4,21.5918,False,all_direct,27.7296,0.9779
57,v4,v8,40.0,41.11,10.0,1.0,0.2055,0.1,11.7687,False,all_direct,17.9055,0.8818
57,v4,v12,40.0,62.29,10.0,1.0,0.3114,0.1,8.8811,False,all_direct,15.0195,0.7656
57,v4,v5,40.0,81.06,40.0,1.0,0.4053,0.4,3.8677,False,all_direct,10.0058,0.3826
57,v4,v6,40.0,88.2,30.0,1.0,0.441,0.3,4.0557,False,all_direct,10.1942,0.3773
58,v1,v2,40.0,31.14,10.0,1.0,0.1557,0.1,13.6976,False,all_direct,19.8353,0.9137
58,v1,v6,40.0,42.43,10.0,1.0,0.2121,0.1,11.5496,False,all_direct,17.6884,0.8727
58,v1,v3,40.0,122.15,20.0,1.0,0.6107,0.2,2.7929,False,all_direct,8.9314,0.299
58,v1,v4,40.0,160.0,0.0,1.0,0.8,0.0,4.7341,True,all_direct,10.8736,0.4381
58,v1,v8,40.0,191.02,20.0,1.0,0.9551,0.2,-0.3144,True,all_direct,5.8234,0.1842
58,v2,v6,20.0,11.4,0.0,0.6,0.057,0.0,3.0885,False,all_direct,9.2247,0.3207
58,v2,v1,20.0,31.14,10.0,0.6,0.1557,0.1,-6.3024,False,all_direct,-0.1647,0.1236
58,v2,v3,20.0,91.05,30.0,0.6,0.4552,0.3,-16.1649,True,all_direct,-10.0286,0.1119
58,v2,v4,20.0,129.03,10.0,0.6,0.6452,0.1,-16.1796,True,all_direct,-10.041,0.1094
58,v2,v8,20.0,160.0,30.0,0.6,0.8,0.3,-20.0824,True,all_direct,-13.9407,0.1129
58,v3,v4,20.0,38.47,20.0,0.6,0.1924,0.2,-9.1791,False,all_direct,-3.0409,0.109
58,v3,v8,20.0,69.07,0.0,0.6,0.3453,0.0,-9.4281,True,all_direct,-3.2882,0.0982
58,v3,v5,20.0,79.06,0.0,0.6,0.3953,0.0,-10.367,True,all_direct,-4.2283,0.1031
58,v3,v6,20.0,80.0,30.0,0.6,0.4,0.3,-15.2659,True,all_direct,-9.1267,0.1258
58,v3,v12,20.0,90.0,10.0,0.6,0.45,0.1,-13.6761,True,all_direct,-7.5376,0.1063
58,v4,v8,40.0,31.14,20.0,1.0,0.1557,0.2,12.2889,False,all_direct,18.4257,0.9023
58,v4,v3,40.0,38.47,20.0,1.0,0.1924,0.2,10.8209,False,all_direct,16.9586,0.8598
58,v4,v5,40.0,41.11,20.0,1.0,0.2055,0.2,10.3599,False,all_direct,16.4971,0.8428
58,v4,v12,40.0,52.35,10.0,1.0,0.2617,0.1,10.0898,False,all_direct,16.2281,0.8314
58,v4,v14,40.0,111.04,10.0,1.0,0.5552,0.1,4.8641,False,all_direct,11.001,0.4498
59,v1,v2,40.0,21.21,20.0,1.0,0.1061,0.2,14.9573,False,all_direct,21.0952,0.9387
59,v1,v6,40.0,32.56,10.0,1.0,0.1628,0.1,13.3893,False,all_direct,19.5264,0.923
59,v1,v3,40.0,142.13,30.0,1.0,0.7106,0.3,0.7407,False,all_direct,6.8776,0.2023
59,v1,v4,40.0,160.0,20.0,1.0,0.8,0.2,0.9171,True,all_direct,7.0549,0.2092
59,v2,v6,20.0,11.4,10.0,0.6,0.057,0.1,0.6802,False,all_direct,6.8194,0.1955
59,v2,v1,20.0,21.21,20.0,0.6,0.1061,0.2,-5.0427,False,all_direct,1.0932,0.1295
59,v2,v3,20.0,121.04,10.0,0.6,0.6052,0.1,-15.7349,True,all_direct,-9.5983,0.1209
59,v2,v4,20.0,139.03,0.0,0.6,0.6952,0.0,-14.2899,True,all_direct,-8.1506,0.0924
59,v2,v8,20.0,190.0,10.0,0.6,0.95,0.1,-18.8683,True,all_direct,-12.7313,0.1061
59,v3,v4,20.0,18.97,10.0,0.6,0.0949,0.1,-2.8587,False,all_direct,3.2763,0.1373
59,v3,v8,20.0,69.07,0.0,0.6,0.3453,0.0,-9.4281,True,all_direct,-3.2914,0.1012
59,v3,v5,20.0,79.06,20.0,0.6,0.3953,0.2,-14.184,True,all_direct,-8.045,0.0998
59,v3,v12,20.0,80.0,30.0,0.6,0.4,0.3,-15.2659,True,all_direct,-9.129,0.1178
59,v3,v6,20.0,110.0,20.0,0.6,0.55,0.2,-16.4793,True,all_direct,-10.34,0.1176
59,v4,v3,40.0,18.97,10.0,1.0,0.0949,0.1,17.1413,False,all_direct,23.2787,0.9646
59,v4,v8,40.0,51.09,10.0,1.0,0.2554,0.1,10.2586,False,all_direct,16.396,0.8387
59,v4,v5,40.0,61.07,10.0,1.0,0.3054,0.1,9.0181,False,all_direct,15.1559,0.7816
59,v4,v12,40.0,62.29,20.0,1.0,0.3114,0.2,7.4724,False,all_direct,13.6094,0.6662
59,v4,v11,40.0,121.04,10.0,1.0,0.6052,0.1,4.2651,False,all_direct,10.4031,0.401
60,v1,v2,40.0,3.16,0.0,1.0,0.0158,0.0,32.0,False,all_direct,38.1373,0.9941
60,v1,v6,40.0,22.8,20.0,1.0,0.114,0.2,14.455,False,all_direct,20.5934,0.9383
60,v1,v3,40.0,112.16,20.0,1.0,0.5608,0.2,3.3856,False,all_direct,9.5237,0.3365
60,v1,v4,40.0,140.0,0.0,1.0,0.7,0.0,5.662,False,all_direct,11.7999,0.5248
60,v1,v8,40.0,181.02,10.0,1.0,0.9051,0.1,1.4679,True,all_direct,7.6045,0.2307
60,v2,v1,20.0,3.16,0.0,0.6,0.0158,0.0,12.0,False,all_direct,18.1385,0.8916
60,v2,v6,20.0,21.21,20.0,0.6,0.1061,0.2,-5.0427,False,all_direct,1.0966,0.1275
60,v2,v3,20.0,111.04,20.0,0.6,0.5552,0.2,-16.5447,True,all_direct,-10.4072,0.1213
60,v2,v4,20.0,139.03,0.0,0.6,0.6952,0.0,-14.2899,True,all_direct,-8.1521,0.1008
60,v2,v8,20.0,180.0,10.0,0.6,0.9,0.1,-18.4926,True,all_direct,-12.3556,0.1203
60,v3,v4,20.0,28.64,20.0,0.6,0.1432,0.2,-7.1275,False,all_direct,-0.9903,0.1211
60,v3,v8,20.0,69.07,30.0,0.6,0.3453,0.3,-14.2446,True,all_direct,-8.1059,0.1037
60,v3,v6,20.0,90.0,0.0,0.6,0.45,0.0,-11.2679,True,all_direct,-5.1295,0.0947
60,v3,v5,20.0,99.05,10.0,0.6,0.4952,0.1,-14.3416,True,all_direct,-8.2034,0.1166
60,v3,v12,20.0,110.0,10.0,0.6,0.55,0.1,-15.0705,True,all_direct,-8.933,0.1064
60,v4,v3,40.0,28.64,20.0,1.0,0.1432,0.2,12.8725,False,all_direct,19.0119,0.9098
60,v4,v8,40.0,41.11,10.0,1.0,0.2055,0.1,11.7687,False,all_direct,17.9072,0.8912
60,v4,v5,40.0,71.06,30.0,1.0,0.3553,0.3,5.5572,False,all_direct,11.6933,0.5104
60,v4,v12,40.0,82.22,30.0,1.0,0.4111,0.3,4.5439,False,all_direct,10.6824,0.4273
60,v4,v14,40.0,111.04,0.0,1.0,0.5552,0.0,7.2723,False,all_direct,13.4087,0.6529
61,v1,v2,40.0,3.16,0.0,1.0,0.0158,0.0,32.0,False,all_direct,38.1397,0.9961
61,v1,v6,40.0,42.43,0.0,1.0,0.2121,0.0,13.9578,False,all_direct,20.097,0.926
61,v1,v3,40.0,132.14,20.0,1.0,0.6607,0.2,2.2467,False,all_direct,8.3851,0.2697
61,v1,v4,40.0,140.0,10.0,1.0,0.7,0.1,3.2537,False,all_direct,9.3916,0.3336
61,v1,v8,40.0,171.03,10.0,1.0,0.8551,0.1,1.8628,True,all_direct,8.002,0.2531
61,v2,v1,20.0,3.16,0.0,0.6,0.0158,0.0,12.0,False,all_direct,18.1374,0.8834
61,v2,v6,20.0,41.11,0.0,0.6,0.2055,0.0,-5.8231,False,all_direct,0.3146,0.1168
61,v2,v3,20.0,131.03,20.0,0.6,0.6552,0.2,-17.6951,True,all_direct,-11.5556,0.0979
61,v2,v4,20.0,139.03,10.0,0.6,0.6952,0.1,-16.6981,True,all_direct,-10.5633,0.1145
61,v2,v8,20.0,170.0,10.0,0.6,0.85,0.1,-18.0954,True,all_direct,-11.9567,0.1068
61,v3,v4,20.0,10.0,10.0,0.6,0.05,0.1,1.5918,False,all_direct,7.7291,0.2385
61,v3,v8,20.0,39.12,10.0,0.6,0.1956,0.1,-7.8858,False,all_direct,-1.7482,0.109
61,v3,v6,20.0,90.0,20.0,0.6,0.45,0.2,-15.0849,True,all_direct,-8.9476,0.1068
61,v3,v5,20.0,109.04,40.0,0.6,0.5452,0.4,-18.1932,True,all_direct,-12.0565,0.1205
61,v3,v7,20.0,118.15,0.0,0.6,0.5908,0.0,-13.1591,True,all_direct,-7.021,0.108
61,v4,v3,40.0,10.0,10.0,1.0,0.05,0.1,21.5918,False,all_direct,27.7291,0.9828
61,v4,v8,40.0,31.14,0.0,1.0,0.1557,0.0,16.1058,False,all_direct,22.2436,0.9496
61,v4,v6,40.0,98.18,10.0,1.0,0.4909,0.1,5.7191,False,all_direct,11.856,0.5359
61,v4,v5,40.0,101.04,30.0,1.0,0.5052,0.3,3.1113,False,all_direct,9.2505,0.3197
61,v4,v7,40.0,110.0,10.0,1.0,0.55,0.1,4.9295,False,all_direct,11.0664,0.4572
62,v1,v2,40.0,3.16,30.0,1.0,0.0158,0.3,27.1835,False,all_direct,33.3211,0.9902
62,v1,v6,40.0,42.43,0.0,1.0,0.2121,0.0,13.9578,False,all_direct,20.0943,0.9215
62,v1,v3,40.0,112.16,10.0,1.0,0.5608,0.1,4.7943,False,all_direct,10.9334,0.4537
62,v1,v4,40.0,130.0,20.0,1.0,0.65,0.2,2.3599,False,all_direct,8.4981,0.2643
62,v1,v8,40.0,161.03,0.0,1.0,0.8051,0.0,4.6896,True,all_direct,10.8257,0.4375
62,v2,v1,20.0,3.16,30.0,0.6,0.0158,0.3,7.1835,True,all_direct,13.3222,0.6574
62,v2,v6,20.0,41.11,30.0,0.6,0.2055,0.3,-10.6396,True,all_direct,-4.5023,0.1027
62,v2,v3,20.0,111.04,20.0,0.6,0.5552,0.2,-16.5447,True,all_direct,-10.4076,0.1215
62,v2,v4,20.0,129.03,10.0,0.6,0.6452,0.1,-16.1796,True,all_direct,-10.0413,0.1152
62,v2,v8,20.0,160.0,30.0,0.6,0.8,0.3,-20.0824,True,all_direct,-13.9469,0.1084
62,v3,v4,20.0,18.97,10.0,0.6,0.0949,0.1,-2.8587,False,all_direct,3.2791,0.1428
62,v3,v8,20.0,49.09,10.0,0.6,0.2455,0.1,-9.4644,False,all_direct,-3.3277,0.1021
62,v3,v6,20.0,70.0,10.0,0.6,0.35,0.1,-11.9298,True,all_direct,-5.7906,0.1051
62,v3,v2,20.0,111.04,20.0,0.6,0.5552,0.2,-16.5447,True,all_direct,-10.4089,0.1166
62,v3,v1,20.0,112.16,10.0,0.6,0.5608,0.1,-15.2057,True,all_direct,-9.0704,0.11
62,v4,v3,40.0,18.97,10.0,1.0,0.0949,0.1,17.1413,False,all_direct,23.2803,0.9617
62,v4,v8,40.0,31.14,20.0,1.0,0.1557,0.2,12.2889,False,all_direct,18.4247,0.9006
62,v4,v6,40.0,88.2,20.0,1.0,0.441,0.2,5.0552,False,all_direct,11.1917,0.458
62,v4,v7,40.0,100.0,0.0,1.0,0.5,0.0,8.0,False,all_direct,14.1386,0.7041
62,v4,v11,40.0,121.04,0.0,1.0,0.6052,0.0,6.6733,False,all_direct,12.8111,0.6014
63,v1,v2,40.0,29.15,40.0,1.0,0.1458,0.4,10.9729,False,all_direct,17.1098,0.8633
63,v1,v6,40.0,42.43,30.0,1.0,0.2121,0.3,9.1413,False,all_direct,15.2793,0.783
63,v1,v3,40.0,102.18,30.0,1.0,0.5109,0.3,3.0339,False,all_direct,9.1719,0.3145
63,v1,v4,40.0,110.0,40.0,1.0,0.55,0.4,1.746,False,all_direct,7.8815,0.241
63,v1,v8,40.0,161.03,10.0,1.0,0.8051,0.1,2.2813,True,all_direct,8.4181,0.2658
63,v2,v1,20.0,29.15,40.0,0.6,0.1458,0.4,-9.0271,True,all_direct,-2.889,0.1021
63,v2,v6,20.0,71.06,10.0,0.6,0.3553,0.1,-12.0346,True,all_direct,-5.896,0.0998
63,v2,v3,20.0,131.03,10.0,0.6,0.6552,0.1,-16.2864,True,all_direct,-10.1496,0.1154
63,v2,v4,20.0,139.03,0.0,0.6,0.6952,0.0,-14.2899,True,all_direct,-8.1519,0.1127
63,v2,v8,20.0,190.0,30.0,0.6,0.95,0.3,-21.2765,True,all_direct,-15.1387,0.1076
63,v3,v4,20.0,10.0,10.0,0.6,0.05,0.1,1.5918,False,all_direct,7.7304,0.2395
63,v3,v8,20.0,59.08,20.0,0.6,0.2954,0.2,-12.1596,True,all_direct,-6.0229,0.0982
63,v3,v6,20.0,60.0,0.0,0.6,0.3,0.0,-8.4504,True,all_direct,-2.3138,0.1051
63,v3,v1,20.0,102.18,30.0,0.6,0.5109,0.3,-16.9661,True,all_direct,-10.8282,0.118
63,v3,v7,20.0,108.17,10.0,0.6,0.5408,0.1,-14.9537,True,all_direct,-8.8138,0.1096
63,v4,v3,40.0,10.0,10.0,1.0,0.05,0.1,21.5918,False,all_direct,27.7286,0.976
63,v4,v8,40.0,51.09,30.0,1.0,0.2554,0.3,7.8504,False,all_direct,13.9878,0.7107
63,v4,v6,40.0,68.26,10.0,1.0,0.3413,0.1,8.2447,False,all_direct,14.3834,0.7305
63,v4,v7,40.0,100.0,0.0,1.0,0.5,0.0,8.0,False,all_direct,14.138,0.6986
63,v4,v1,40.0,110.0,40.0,1.0,0.55,0.4,1.746,False,all_direct,7.8845,0.2322
64,v1,v6,40.0,13.42,10.0,1.0,0.0671,0.1,19.5496,False,all_direct,25.6862,0.9721
64,v1,v2,40.0,69.07,20.0,1.0,0.3453,0.2,6.7549,False,all_direct,12.8908,0.6086
64,v1,v4,40.0,70.0,10.0,1.0,0.35,0.1,8.0702,False,all_direct,14.2083,0.7346
64,v1,v3,40.0,72.25,0.0,1.0,0.3612,0.0,10.2586,False,all_direct,16.394,0.8357
64,v1,v8,40.0,151.03,10.0,1.0,0.7551,0.1,2.7268,False,all_direct,8.8646,0.2988
64,v2,v1,20.0,69.07,20.0,0.6,0.3453,0.2,-13.2451,True,all_direct,-7.1086,0.0934
64,v2,v6,20.0,81.06,10.0,0.6,0.4053,0.1,-12.9488,True,all_direct,-6.8136,0.0953
64,v2,v4,20.0,139.03,10.0,0.6,0.6952,0.1,-16.6981,True,all_direct,-10.5609,0.1105
64,v2,v3,20.0,141.03,20.0,0.6,0.7052,0.2,-18.206,True,all_direct,-12.0674,0.1078
64,v3,v4,20.0,6.32,10.0,0.6,0.0316,0.1,4.7753,False,all_direct,10.9141,0.4387
64,v3,v6,20.0,60.0,10.0,0.6,0.3,0.1,-10.8587,True,all_direct,-4.7198,0.1021
64,v3,v1,20.0,72.25,0.0,0.6,0.3612,0.0,-9.7414,True,all_direct,-3.6034,0.1002
64,v3,v8,20.0,79.06,10.0,0.6,0.3953,0.1,-12.7753,True,all_direct,-6.638,0.1051
64,v3,v7,20.0,98.18,0.0,0.6,0.4909,0.0,-11.8726,True,all_direct,-5.7362,0.0998
64,v4,v3,40.0,6.32,10.0,1.0,0.0316,0.1,24.7753,False,all_direct,30.912,0.9828
64,v4,v6,40.0,58.31,0.0,1.0,0.2915,0.0,11.7482,False,all_direct,17.8879,0.8873
64,v4,v1,40.0,70.0,10.0,1.0,0.35,0.1,8.0702,False,all_direct,14.207,0.7047
64,v4,v8,40.0,81.06,20.0,1.0,0.4053,0.2,5.6425,False,all_direct,11.7795,0.5242
64,v4,v7,40.0,100.0,10.0,1.0,0.5,0.1,5.5918,False,all_direct,11.7325,0.5225
65,v1,v6,40.0,6.32,10.0,1.0,0.0316,0.1,24.7753,False,all_direct,30.9116,0.9848
65,v1,v4,40.0,60.0,20.0,1.0,0.3,0.2,7.7326,False,all_direct,13.8707,0.6912
65,v1,v2,40.0,68.43,31.62,1.0,0.3421,0.3162,5.6819,False,all_direct,11.8199,0.5168
65,v1,v3,40.0,72.25,20.0,1.0,0.3612,0.2,6.4417,False,all_direct,12.5786,0.5904
65,v1,v8,40.0,161.03,10.0,1.0,0.8051,0.1,2.2813,True,all_direct,8.4222,0.2723
65,v2,v6,20.0,67.78,41.23,0.6,0.3389,0.4123,-14.9738,True,all_direct,-8.8355,0.1139
65,v2,v1,20.0,68.43,31.62,0.6,0.3421,0.3162,-14.3181,True,all_direct,-8.1784,0.1051
65,v2,v4,20.0,124.91,14.14,0.6,0.6245,0.1414,-16.6076,True,all_direct,-10.4719,0.1221
65,v2,v3,20.0,135.33,50.99,0.6,0.6766,0.5099,-20.3843,True,all_direct,-14.2472,0.11
65,v3,v4,20.0,13.42,40.0,0.6,0.0671,0.4,-3.6339,True,all_direct,2.5021,0.1428
65,v3,v6,20.0,70.0,10.0,0.6,0.35,0.1,-11.9298,True,all_direct,-5.7928,0.1041
65,v3,v1,20.0,72.25,20.0,0.6,0.3612,0.2,-13.5583,True,all_direct,-7.4206,0.093
65,v3,v8,20.0,89.05,30.0,0.6,0.4453,0.3,-16.0107,True,all_direct,-9.8715,0.107
65,v3,v7,20.0,98.18,20.0,0.6,0.4909,0.2,-15.6896,True,all_direct,-9.5509,0.1217
65,v4,v3,40.0,13.42,40.0,1.0,0.0671,0.4,16.3661,False,all_direct,22.5033,0.9506
65,v4,v6,40.0,58.31,30.0,1.0,0.2915,0.3,6.9317,False,all_direct,13.0679,0.6219
65,v4,v1,40.0,60.0,20.0,1.0,0.3,0.2,7.7326,False,all_direct,13.8696,0.6906
65,v4,v8,40.0,101.04,10.0,1.0,0.5052,0.1,5.5196,False,all_direct,11.656,0.5033
65,v4,v7,40.0,110.0,20.0,1.0,0.55,0.2,3.5207,False,all_direct,9.6573,0.3414
66,v1,v6,40.0,10.0,20.0,1.0,0.05,0.2,20.183,False,all_direct,26.3193,0.975
66,v1,v2,40.0,51.4,58.31,1.0,0.257,0.5831,5.9487,False,all_direct,12.0878,0.5361
66,v1,v3,40.0,52.35,30.0,1.0,0.2617,0.3,7.6815,False,all_direct,13.8204,0.6949
66,v1,v4,40.0,80.0,40.0,1.0,0.4,0.4,3.9588,False,all_direct,10.0938,0.3764
66,v1,v7,40.0,170.0,10.0,1.0,0.85,0.1,1.9046,True,all_direct,8.0438,0.234
66,v2,v6,20.0,41.88,42.43,0.6,0.2094,0.4243,-11.7086,True,all_direct,-5.5696,0.1012
66,v2,v1,20.0,51.4,58.31,0.6,0.257,0.5831,-14.0513,True,all_direct,-7.9149,0.1082
66,v2,v3,20.0,90.08,36.06,0.6,0.4504,0.3606,-16.5801,True,all_direct,-10.4417,0.1127
66,v2,v4,20.0,118.33,31.62,0.6,0.5917,0.3162,-18.1242,True,all_direct,-11.9886,0.1119
66,v3,v4,20.0,28.64,10.0,0.6,0.1432,0.1,-5.7188,False,all_direct,0.4202,0.1266
66,v3,v1,20.0,52.35,30.0,0.6,0.2617,0.3,-12.3185,True,all_direct,-6.179,0.0982
66,v3,v6,20.0,60.0,10.0,0.6,0.3,0.1,-10.8587,True,all_direct,-4.7202,0.0963
66,v3,v2,20.0,90.08,36.06,0.6,0.4504,0.3606,-16.5801,True,all_direct,-10.4431,0.1096
66,v3,v7,20.0,118.15,20.0,0.6,0.5908,0.2,-16.9761,True,all_direct,-10.8384,0.1086
66,v4,v3,40.0,28.64,10.0,1.0,0.1432,0.1,14.2812,False,all_direct,20.4189,0.9285
66,v4,v1,40.0,80.0,40.0,1.0,0.4,0.4,3.9588,False,all_direct,10.0964,0.3857
66,v4,v6,40.0,88.2,20.0,1.0,0.441,0.2,5.0552,False,all_direct,11.1937,0.4723
66,v4,v7,40.0,90.0,30.0,1.0,0.45,0.3,3.9156,False,all_direct,10.053,0.3703
66,v4,v8,40.0,91.05,10.0,1.0,0.4552,0.1,6.2433,False,all_direct,12.3819,0.5857
67,v1,v6,40.0,6.0,30.0,1.0,0.03,0.3,22.7331,False,all_direct,28.8699,0.9848
67,v1,v2,40.0,55.08,30.0,1.0,0.2754,0.3,7.3274,False,all_direct,13.4628,0.6432
67,v1,v3,40.0,66.75,14.14,1.0,0.3338,0.1414,7.7462,False,all_direct,13.8839,0.6816
67,v1,v4,40.0,105.22,22.36,1.0,0.5261,0.2236,3.5661,False,all_direct,9.7043,0.3693
67,v1,v7,40.0,164.78,50.99,1.0,0.8239,0.5099,-1.7525,True,all_direct,4.3868,0.1535
67,v2,v1,20.0,55.08,30.0,0.6,0.2754,0.3,-12.6726,True,all_direct,-6.5335,0.0963
67,v2,v6,20.0,55.08,0.0,0.6,0.2754,0.0,-7.8561,True,all_direct,-1.7184,0.108
67,v2,v3,20.0,90.52,41.23,0.6,0.4526,0.4123,-16.9842,True,all_direct,-10.8468,0.1105
67,v2,v4,20.0,123.46,44.72,0.6,0.6173,0.4472,-19.3696,True,all_direct,-13.2326,0.0965
67,v2,v7,20.0,175.96,64.03,0.6,0.8798,0.6403,-22.882,True,all_direct,-16.7432,0.099
67,v3,v4,20.0,38.47,10.0,0.6,0.1924,0.1,-7.7703,False,all_direct,-1.6329,0.1119
67,v3,v6,20.0,60.83,41.23,0.6,0.3041,0.4123,-14.2219,True,all_direct,-8.0846,0.1082
67,v3,v1,20.0,66.75,14.14,0.6,0.3338,0.1414,-12.2538,True,all_direct,-6.1134,0.0963
67,v3,v2,20.0,90.52,41.23,0.6,0.4526,0.4123,-16.9842,True,all_direct,-10.8456,0.1141
67,v3,v7,20.0,98.18,40.0,0.6,0.4909,0.4,-17.4644,True,all_direct,-11.3276,0.1055
67,v4,v3,40.0,38.47,10.0,1.0,0.1924,0.1,12.2297,False,all_direct,18.3674,0.8984
67,v4,v7,40.0,60.0,30.0,1.0,0.3,0.3,6.7331,False,all_direct,12.8721,0.5992
67,v4,v8,40.0,81.06,10.0,1.0,0.4053,0.1,7.0512,False,all_direct,13.1896,0.6422
67,v4,v6,40.0,99.3,44.72,1.0,0.4965,0.4472,2.1437,False,all_direct,8.2811,0.2459
67,v4,v13,40.0,100.0,30.0,1.0,0.5,0.3,3.1835,False,all_direct,9.3216,0.3283
68,v1,v6,40.0,30.59,40.0,1.0,0.153,0.4,10.638,False,all_direct,16.7763,0.8566
68,v1,v3,40.0,59.46,41.23,1.0,0.2973,0.4123,5.9356,False,all_direct,12.0738,0.5459
68,v1,v2,40.0,85.05,10.0,1.0,0.4253,0.1,6.7167,False,all_direct,12.8537,0.6115
68,v1,v4,40.0,87.93,14.14,1.0,0.4397,0.1414,5.8315,False,all_direct,11.97,0.5424
68,v1,v7,40.0,116.93,31.62,1.0,0.5846,0.3162,1.9587,False,all_direct,8.0969,0.252
68,v2,v6,20.0,55.08,30.0,0.6,0.2754,0.3,-12.6726,True,all_direct,-6.5333,0.1012
68,v2,v1,20.0,85.05,10.0,0.6,0.4253,0.1,-13.2833,True,all_direct,-7.146,0.1086
68,v2,v3,20.0,117.62,44.72,0.6,0.5881,0.4472,-19.0328,True,all_direct,-12.8962,0.1064
68,v2,v4,20.0,137.41,22.36,0.6,0.6871,0.2236,-18.2885,True,all_direct,-12.1512,0.1131
68,v2,v7,20.0,156.98,36.06,0.6,0.7849,0.3606,-20.4397,True,all_direct,-14.3029,0.1025
68,v3,v4,20.0,28.64,30.0,0.6,0.1432,0.3,-8.127,True,all_direct,-1.9897,0.1105
68,v3,v7,20.0,58.31,10.0,0.6,0.2915,0.1,-10.6601,True,all_direct,-4.5208,0.1002
68,v3,v1,20.0,59.46,41.23,0.6,0.2973,0.4123,-14.0644,True,all_direct,-7.9268,0.1176
68,v3,v6,20.0,70.71,64.03,0.6,0.3536,0.6403,-16.5471,True,all_direct,-10.4091,0.1234
68,v3,v13,20.0,98.18,0.0,0.6,0.4909,0.0,-11.8726,True,all_direct,-5.7357,0.1041
68,v4,v3,40.0,28.64,30.0,1.0,0.1432,0.3,11.873,False,all_direct,18.0122,0.8785
68,v4,v7,40.0,30.0,20.0,1.0,0.15,0.2,12.5491,False,all_direct,18.6882,0.899
68,v4,v13,40.0,70.0,30.0,1.0,0.35,0.3,5.662,False,all_direct,11.802,0.5102
68,v4,v8,40.0,71.06,40.0,1.0,0.3553,0.4,4.7819,False,all_direct,10.9202,0.4395
68,v4,v1,40.0,87.93,14.14,1.0,0.4397,0.1414,5.8315,False,all_direct,11.968,0.5449
69,v1,v3,40.0,34.0,50.99,1.0,0.17,0.5099,9.2143,False,all_direct,15.3511,0.7891
69,v1,v6,40.0,70.26,30.0,1.0,0.3513,0.3,5.6365,False,all_direct,11.7751,0.5289
69,v1,v4,40.0,82.29,22.36,1.0,0.4115,0.2236,5.2741,False,all_direct,11.4139,0.4852
69,v1,v7,40.0,91.39,31.62,1.0,0.4569,0.3162,3.671,False,all_direct,9.8098,0.3463
69,v1,v2,40.0,95.05,10.0,1.0,0.4752,0.1,5.9447,False,all_direct,12.0824,0.541
69,v2,v6,20.0,25.18,20.0,0.6,0.1259,0.2,-6.2337,False,all_direct,-0.0946,0.1105
69,v2,v1,20.0,95.05,10.0,0.6,0.4752,0.1,-14.0553,True,all_direct,-7.9188,0.1029
69,v2,v3,20.0,125.67,53.85,0.6,0.6284,0.5385,-20.0293,True,all_direct,-13.8899,0.1076
69,v2,v4,20.0,149.0,28.28,0.6,0.745,0.2828,-19.4353,True,all_direct,-13.2964,0.1143
69,v2,v7,20.0,154.02,36.06,0.6,0.7701,0.3606,-20.3075,True,all_direct,-14.1659,0.123
69,v3,v1,20.0,34.0,50.99,0.6,0.17,0.5099,-10.7857,True,all_direct,-4.6492,0.0992
69,v3,v4,20.0,58.31,30.0,0.6,0.2915,0.3,-13.0683,True,all_direct,-6.9304,0.1008
69,v3,v7,20.0,68.26,20.0,0.6,0.3413,0.2,-13.1641,True,all_direct,-7.0247,0.1051
69,v3,v8,20.0,89.05,0.0,0.6,0.4453,0.0,-11.1942,True,all_direct,-5.0579,0.0939
69,v3,v13,20.0,98.18,40.0,0.6,0.4909,0.4,-17.4644,True,all_direct,-11.3264,0.1084
69,v4,v7,40.0,10.0,10.0,1.0,0.05,0.1,21.5918,False,all_direct,27.7259,0.9783
69,v4,v8,40.0,31.14,30.0,1.0,0.1557,0.3,11.2893,False,all_direct,17.4257,0.8678
69,v4,v13,40.0,40.0,10.0,1.0,0.2,0.1,11.9588,False,all_direct,18.0967,0.8857
69,v4,v3,40.0,58.31,30.0,1.0,0.2915,0.3,6.9317,False,all_direct,13.07,0.6299
69,v4,v1,40.0,82.29,22.36,1.0,0.4115,0.2236,5.2741,False,all_direct,11.4137,0.4779
70,v1,v3,40.0,6.0,20.0,1.0,0.03,0.2,23.7326,False,all_direct,29.8697,0.9828
70,v1,v8,40.0,69.81,50.0,1.0,0.3491,0.5,4.2717,False,all_direct,10.4089,0.3998
70,v1,v4,40.0,70.94,50.0,1.0,0.3547,0.5,4.1609,False,all_direct,10.2985,0.3902
70,v1,v7,40.0,70.94,64.03,1.0,0.3547,0.6403,3.4308,False,all_direct,9.5672,0.3334
70,v1,v6,40.0,100.18,10.0,1.0,0.5009,0.1,5.5793,False,all_direct,11.7171,0.5129
70,v2,v6,20.0,5.83,10.0,0.6,0.0292,0.1,5.3399,False,all_direct,11.4762,0.49
70,v2,v1,20.0,105.04,0.0,0.6,0.5252,0.0,-12.3419,True,all_direct,-6.206,0.1008
70,v2,v3,20.0,105.04,20.0,0.6,0.5252,0.2,-16.1588,True,all_direct,-10.0202,0.0926
70,v2,v8,20.0,156.87,50.0,0.6,0.7843,0.5,-21.3538,True,all_direct,-15.2146,0.1084
70,v2,v4,20.0,159.38,50.0,0.6,0.7969,0.5,-21.4642,True,all_direct,-15.325,0.0953
70,v3,v1,20.0,6.0,20.0,0.6,0.03,0.2,3.7326,False,all_direct,9.8695,0.3602
70,v3,v8,20.0,65.19,36.06,0.6,0.326,0.3606,-14.3334,True,all_direct,-8.1949,0.1043
70,v3,v4,20.0,66.48,36.06,0.6,0.3324,0.3606,-14.4696,True,all_direct,-8.3334,0.1102
70,v3,v7,20.0,66.48,53.85,0.6,0.3324,0.5385,-15.6048,True,all_direct,-9.4688,0.1146
70,v3,v6,20.0,100.0,10.0,0.6,0.5,0.1,-14.4082,True,all_direct,-8.2711,0.0984
70,v4,v7,40.0,0.0,20.0,1.0,0.0,0.2,40.0,False,all_direct,46.1377,0.9971
70,v4,v8,40.0,3.16,0.0,1.0,0.0158,0.0,32.0,False,all_direct,38.1376,0.9971
70,v4,v13,40.0,50.0,20.0,1.0,0.25,0.2,8.9995,False,all_direct,15.1371,0.7729
70,v4,v3,40.0,66.48,36.06,1.0,0.3324,0.3606,5.5304,False,all_direct,11.6683,0.5014
70,v4,v1,40.0,70.94,50.0,1.0,0.3547,0.5,4.1609,False,all_direct,10.2987,0.382
71,v1,v3,40.0,20.88,30.0,1.0,0.1044,0.3,14.0676,False,all_direct,20.2033,0.9354
71,v1,v7,40.0,86.09,28.28,1.0,0.4305,0.2828,4.3764,False,all_direct,10.5137,0.4111
71,v1,v8,40.0,86.68,53.85,1.0,0.4334,0.5385,2.5517,False,all_direct,8.6889,0.285
71,v1,v4,40.0,89.29,28.28,1.0,0.4464,0.2828,4.1233,False,all_direct,10.2622,0.3973
71,v1,v6,40.0,90.2,30.0,1.0,0.451,0.3,3.9002,False,all_direct,10.0387,0.3605
71,v2,v6,20.0,15.3,30.0,0.6,0.0765,0.3,-3.7702,True,all_direct,2.3689,0.1408
71,v2,v1,20.0,105.04,0.0,0.6,0.5252,0.0,-12.3419,True,all_direct,-6.2031,0.1051
71,v2,v3,20.0,125.04,30.0,0.6,0.6252,0.3,-18.369,True,all_direct,-12.232,0.115
71,v2,v8,20.0,189.28,53.85,0.6,0.9464,0.5385,-22.8752,True,all_direct,-16.7365,0.1047
71,v2,v7,20.0,191.0,28.28,0.6,0.955,0.2828,-21.1608,True,all_direct,-15.0242,0.1164
71,v3,v1,20.0,20.88,30.0,0.6,0.1044,0.3,-5.9324,True,all_direct,0.2046,0.1359
71,v3,v8,20.0,65.8,70.71,0.6,0.329,0.7071,-16.3474,True,all_direct,-10.2101,0.1047
71,v3,v7,20.0,66.03,53.85,0.6,0.3302,0.5385,-15.5573,True,all_direct,-9.4207,0.1168
71,v3,v4,20.0,68.41,53.85,0.6,0.3421,0.5385,-15.8033,True,all_direct,-9.6635,0.1172
71,v3,v6,20.0,110.0,0.0,0.6,0.55,0.0,-12.6623,True,all_direct,-6.5232,0.1021
71,v4,v8,40.0,3.16,30.0,1.0,0.0158,0.3,27.1835,False,all_direct,33.3212,0.9896
71,v4,v7,40.0,20.0,0.0,1.0,0.1,0.0,19.1835,False,all_direct,25.3216,0.9691
71,v4,v3,40.0,68.41,53.85,1.0,0.3421,0.5385,4.1967,False,all_direct,10.3316,0.3893
71,v4,v13,40.0,70.0,30.0,1.0,0.35,0.3,5.662,False,all_direct,11.7998,0.5186
71,v4,v1,40.0,89.29,28.28,1.0,0.4464,0.2828,4.1233,False,all_direct,10.2615,0.4041
72,v1,v3,40.0,11.66,10.0,1.0,0.0583,0.1,20.5234,False,all_direct,26.6609,0.9721
72,v1,v8,40.0,75.06,20.0,1.0,0.3753,0.2,6.1765,False,all_direct,12.3134,0.5721
72,v1,v7,40.0,90.0,40.0,1.0,0.45,0.4,3.1404,False,all_direct,9.2776,0.3225
72,v1,v2,40.0,105.04,0.0,1.0,0.5252,0.0,7.6581,False,all_direct,13.7958,0.6824
72,v1,v4,40.0,106.08,14.14,1.0,0.5304,0.1414,4.528,False,all_direct,10.6661,0.4275
72,v2,v6,20.0,15.3,10.0,0.6,0.0765,0.1,-1.362,False,all_direct,4.7769,0.1594
72,v2,v3,20.0,95.05,10.0,0.6,0.4752,0.1,-14.0553,True,all_direct,-7.917,0.1086
72,v2,v1,20.0,105.04,0.0,0.6,0.5252,0.0,-12.3419,True,all_direct,-6.2038,0.0973
72,v2,v8,20.0,180.0,20.0,0.6,0.9,0.2,-19.9013,True,all_direct,-13.7632,0.1031
72,v2,v7,20.0,195.02,40.0,0.6,0.9751,0.4,-22.2331,True,all_direct,-16.094,0.1035
72,v3,v1,20.0,11.66,10.0,0.6,0.0583,0.1,0.5234,False,all_direct,6.6617,0.1988
72,v3,v8,20.0,85.05,10.0,0.6,0.4253,0.1,-13.2833,True,all_direct,-7.1427,0.0998
72,v3,v2,20.0,95.05,10.0,0.6,0.4752,0.1,-14.0553,True,all_direct,-7.9195,0.1082
72,v3,v7,20.0,100.18,30.0,0.6,0.5009,0.3,-16.829,True,all_direct,-10.6902,0.1111
72,v3,v6,20.0,110.0,0.0,0.6,0.55,0.0,-12.6623,True,all_direct,-6.5224,0.1008
72,v4,v7,40.0,16.49,50.99,1.0,0.0825,0.5099,14.2414,False,all_direct,20.3792,0.9279
72,v4,v8,40.0,31.02,31.62,1.0,0.1551,0.3162,11.18,False,all_direct,17.3187,0.8646
72,v4,v13,40.0,40.0,10.0,1.0,0.2,0.1,11.9588,False,all_direct,18.0949,0.8898
72,v4,v11,40.0,91.05,20.0,1.0,0.4552,0.2,4.8346,False,all_direct,10.9724,0.4516
72,v4,v12,40.0,92.2,0.0,1.0,0.461,0.0,8.5646,False,all_direct,14.7033,0.7465
73,v1,v3,40.0,20.88,40.0,1.0,0.1044,0.4,13.2923,False,all_direct,19.4294,0.9166
73,v1,v7,40.0,50.0,0.0,1.0,0.25,0.0,12.8165,False,all_direct,18.9543,0.9143
73,v1,v8,40.0,55.08,40.0,1.0,0.2754,0.4,6.5521,False,all_direct,12.6886,0.583
73,v1,v2,40.0,105.04,0.0,1.0,0.5252,0.0,7.6581,False,all_direct,13.7972,0.6848
73,v1,v4,40.0,110.0,10.0,1.0,0.55,0.1,4.9295,False,all_direct,11.0689,0.4662
73,v2,v6,20.0,25.18,30.0,0.6,0.1259,0.3,-7.2332,True,all_direct,-1.0964,0.1158
73,v2,v3,20.0,85.05,40.0,0.6,0.4253,0.4,-16.4668,True,all_direct,-10.33,0.1166
73,v2,v1,20.0,105.04,0.0,0.6,0.5252,0.0,-12.3419,True,all_direct,-6.205,0.0939
73,v2,v7,20.0,155.03,0.0,0.6,0.7751,0.0,-15.0466,True,all_direct,-8.9101,0.1137
73,v2,v8,20.0,160.0,40.0,0.6,0.8,0.4,-20.8577,True,all_direct,-14.7204,0.1246
73,v3,v1,20.0,20.88,40.0,0.6,0.1044,0.4,-6.7077,True,all_direct,-0.5731,0.1266
73,v3,v7,20.0,70.26,40.0,0.6,0.3513,0.4,-15.1388,True,all_direct,-8.9993,0.109
73,v3,v8,20.0,75.06,0.0,0.6,0.3753,0.0,-10.0065,True,all_direct,-3.8686,0.1012
73,v3,v2,20.0,85.05,40.0,0.6,0.4253,0.4,-16.4668,True,all_direct,-10.3287,0.1186
73,v3,v6,20.0,110.0,10.0,0.6,0.55,0.1,-15.0705,True,all_direct,-8.9333,0.1102
73,v4,v13,40.0,24.74,41.23,1.0,0.1237,0.4123,12.0297,False,all_direct,18.1689,0.8951
73,v4,v8,40.0,55.08,30.0,1.0,0.2754,0.3,7.3274,False,all_direct,13.466,0.6648
73,v4,v7,40.0,60.0,10.0,1.0,0.3,0.1,9.1413,False,all_direct,15.2805,0.7857
73,v4,v11,40.0,65.07,56.57,1.0,0.3253,0.5657,4.3998,False,all_direct,10.5372,0.4234
73,v4,v5,40.0,75.06,64.03,1.0,0.3753,0.6403,3.0381,False,all_direct,9.1741,0.3096
74,v1,v3,40.0,20.88,40.0,1.0,0.1044,0.4,13.2923,False,all_direct,19.4303,0.9146
74,v1,v7,40.0,50.0,20.0,1.0,0.25,0.2,8.9995,False,all_direct,15.1375,0.7686
74,v1,v8,40.0,95.05,40.0,1.0,0.4752,0.4,2.7612,False,all_direct,8.901,0.2949
74,v1,v6,40.0,100.18,10.0,1.0,0.5009,0.1,5.5793,False,all_direct,11.7177,0.516
74,v1,v2,40.0,105.04,20.0,1.0,0.5252,0.2,3.8412,False,all_direct,9.9784,0.3734
74,v2,v6,20.0,5.83,10.0,0.6,0.0292,0.1,5.3399,False,all_direct,11.477,0.4953
74,v2,v1,20.0,105.04,20.0,0.6,0.5252,0.2,-16.1588,True,all_direct,-10.0219,0.116
74,v2,v3,20.0,125.04,20.0,0.6,0.6252,0.2,-17.3695,True,all_direct,-11.2328,0.1033
74,v2,v7,20.0,155.03,0.0,0.6,0.7751,0.0,-15.0466,True,all_direct,-8.91,0.1049
74,v2,v8,20.0,200.0,20.0,0.6,1.0,0.2,-20.6334,True,all_direct,-14.4956,0.1025
74,v3,v1,20.0,20.88,40.0,0.6,0.1044,0.4,-6.7077,True,all_direct,-0.571,0.1139
74,v3,v7,20.0,30.59,20.0,0.6,0.153,0.2,-7.5872,False,all_direct,-1.4491,0.1164
74,v3,v8,20.0,75.06,0.0,0.6,0.3753,0.0,-10.0065,True,all_direct,-3.8689,0.0992
74,v3,v4,20.0,100.18,30.0,0.6,0.5009,0.3,-16.829,True,all_direct,-10.6907,0.1137
74,v3,v6,20.0,120.0,30.0,0.6,0.6,0.3,-18.0834,True,all_direct,-11.9465,0.1182
74,v4,v8,40.0,25.18,30.0,1.0,0.1259,0.3,12.7668,False,all_direct,18.9035,0.902
74,v4,v13,40.0,48.08,53.85,1.0,0.2404,0.5385,6.6467,False,all_direct,12.7847,0.6154
74,v4,v5,40.0,49.74,22.36,1.0,0.2487,0.2236,8.7727,False,all_direct,14.9101,0.7582
74,v4,v11,40.0,49.74,36.06,1.0,0.2487,0.3606,7.5465,False,all_direct,13.6846,0.6756
74,v4,v14,40.0,55.44,53.85,1.0,0.2772,0.5385,5.657,False,all_direct,11.7946,0.5232
75,v1,v3,40.0,20.88,10.0,1.0,0.1044,0.1,16.4759,False,all_direct,22.6131,0.9539
75,v1,v7,40.0,30.0,30.0,1.0,0.15,0.3,11.5496,False,all_direct,17.6872,0.8768
75,v1,v8,40.0,55.08,20.0,1.0,0.2754,0.2,8.3269,False,all_direct,14.465,0.7385
75,v1,v4,40.0,110.0,30.0,1.0,0.55,0.3,2.5212,False,all_direct,8.658,0.283
75,v1,v6,40.0,110.16,10.0,1.0,0.5508,0.1,4.9192,False,all_direct,11.0559,0.4588
75,v2,v6,20.0,15.3,30.0,0.6,0.0765,0.3,-3.7702,True,all_direct,2.3674,0.1395
75,v2,v3,20.0,105.04,30.0,0.6,0.5252,0.3,-17.1583,True,all_direct,-11.0196,0.1104
75,v2,v1,20.0,125.04,40.0,0.6,0.6252,0.4,-19.1443,True,all_direct,-13.0058,0.1184
75,v2,v7,20.0,155.03,10.0,0.6,0.7751,0.1,-17.4548,True,all_direct,-11.3183,0.1105
75,v2,v8,20.0,180.0,20.0,0.6,0.9,0.2,-19.9013,True,all_direct,-13.7637,0.1029
75,v3,v1,20.0,20.88,10.0,0.6,0.1044,0.1,-3.5241,False,all_direct,2.6133,0.1414
75,v3,v7,20.0,50.36,20.0,0.6,0.2518,0.2,-11.0502,False,all_direct,-4.9118,0.1002
75,v3,v8,20.0,75.06,10.0,0.6,0.3753,0.1,-12.4148,True,all_direct,-6.2788,0.1066
75,v3,v6,20.0,90.0,0.0,0.6,0.45,0.0,-11.2679,True,all_direct,-5.1294,0.0953
75,v3,v2,20.0,105.04,30.0,0.6,0.5252,0.3,-17.1583,True,all_direct,-11.0205,0.1133
75,v4,v13,40.0,30.0,10.0,1.0,0.15,0.1,13.9578,False,all_direct,20.0944,0.9234
75,v4,v14,40.0,45.1,0.0,1.0,0.2255,0.0,13.5332,False,all_direct,19.672,0.9252
75,v4,v8,40.0,55.08,10.0,1.0,0.2754,0.1,9.7356,False,all_direct,15.8756,0.8164
75,v4,v11,40.0,55.08,0.0,1.0,0.2754,0.0,12.1439,False,all_direct,18.2813,0.8932
75,v4,v5,40.0,64.76,56.57,1.0,0.3238,0.5657,4.4328,False,all_direct,10.5699,0.4271
76,v1,v7,40.0,0.0,10.0,1.0,0.0,0.1,40.0,False,all_direct,46.1379,0.9971
76,v1,v3,40.0,30.59,0.0,1.0,0.153,0.0,16.2298,False,all_direct,22.3666,0.9549
76,v1,v8,40.0,35.13,40.0,1.0,0.1756,0.4,9.6777,False,all_direct,15.8139,0.8109
76,v1,v4,40.0,80.0,30.0,1.0,0.4,0.3,4.7341,False,all_direct,10.8717,0.4498
76,v1,v13,40.0,120.0,20.0,1.0,0.6,0.2,2.9161,False,all_direct,9.0523,0.3139
76,v2,v6,20.0,45.1,20.0,0.6,0.2255,0.2,-10.2838,False,all_direct,-4.1446,0.1012
76,v2,v3,20.0,135.03,0.0,0.6,0.6752,0.0,-14.0871,True,all_direct,-7.9475,0.109
76,v2,v1,20.0,165.03,0.0,0.6,0.8251,0.0,-15.4809,True,all_direct,-9.3456,0.1145
76,v2,v7,20.0,165.03,10.0,0.6,0.8251,0.1,-17.8891,True,all_direct,-11.7518,0.1035
76,v2,v8,20.0,200.0,40.0,0.6,1.0,0.4,-22.4082,True,all_direct,-16.272,0.1094
76,v3,v1,20.0,30.59,0.0,0.6,0.153,0.0,-3.7702,False,all_direct,2.367,0.1418
76,v3,v7,20.0,30.59,10.0,0.6,0.153,0.1,-6.1784,False,all_direct,-0.0409,0.1223
76,v3,v8,20.0,65.07,40.0,0.6,0.3253,0.4,-14.6058,True,all_direct,-8.4673,0.1176
76,v3,v6,20.0,90.0,20.0,0.6,0.45,0.2,-15.0849,True,all_direct,-8.9454,0.1129
76,v3,v4,20.0,110.16,30.0,0.6,0.5508,0.3,-17.4891,True,all_direct,-11.3518,0.1105
76,v4,v13,40.0,40.0,10.0,1.0,0.2,0.1,11.9588,False,all_direct,18.094,0.8877
76,v4,v8,40.0,45.1,10.0,1.0,0.2255,0.1,11.125,False,all_direct,17.2636,0.8656
76,v4,v14,40.0,45.1,30.0,1.0,0.2255,0.3,8.7167,False,all_direct,14.854,0.7611
76,v4,v11,40.0,55.08,10.0,1.0,0.2754,0.1,9.7356,False,all_direct,15.8744,0.8094
76,v4,v5,40.0,75.06,30.0,1.0,0.3753,0.3,5.177,False,all_direct,11.3138,0.476
77,v1,v8,40.0,5.83,10.0,1.0,0.0292,0.1,25.3399,False,all_direct,31.4791,0.9848
77,v1,v7,40.0,10.0,10.0,1.0,0.05,0.1,21.5918,False,all_direct,27.7306,0.9814
77,v1,v3,40.0,30.59,20.0,1.0,0.153,0.2,12.4128,False,all_direct,18.5488,0.8947
77,v1,v4,40.0,50.0,20.0,1.0,0.25,0.2,8.9995,False,all_direct,15.1372,0.7713
77,v1,v11,40.0,95.05,0.0,1.0,0.4752,0.0,8.353,False,all_direct,14.4914,0.7307
77,v2,v6,20.0,25.18,10.0,0.6,0.1259,0.1,-4.825,False,all_direct,1.312,0.135
77,v2,v3,20.0,135.03,20.0,0.6,0.6752,0.2,-17.904,True,all_direct,-11.7676,0.1115
77,v2,v7,20.0,155.03,10.0,0.6,0.7751,0.1,-17.4548,True,all_direct,-11.3171,0.1076
77,v2,v8,20.0,160.0,10.0,0.6,0.8,0.1,-17.6742,True,all_direct,-11.5365,0.1229
77,v2,v1,20.0,165.03,0.0,0.6,0.8251,0.0,-15.4809,True,all_direct,-9.3425,0.1064
77,v3,v7,20.0,20.88,10.0,0.6,0.1044,0.1,-3.5241,False,all_direct,2.6142,0.1383
77,v3,v8,20.0,25.18,30.0,0.6,0.1259,0.3,-7.2332,True,all_direct,-1.0959,0.1119
77,v3,v1,20.0,30.59,20.0,0.6,0.153,0.2,-7.5872,False,all_direct,-1.4495,0.1158
77,v3,v4,20.0,80.22,40.0,0.6,0.4011,0.4,-16.0607,True,all_direct,-9.9214,0.1191
77,v3,v6,20.0,110.0,10.0,0.6,0.55,0.1,-15.0705,True,all_direct,-8.934,0.1045
77,v4,v11,40.0,45.1,20.0,1.0,0.2255,0.2,9.7162,False,all_direct,15.8548,0.8225
77,v4,v1,40.0,50.0,20.0,1.0,0.25,0.2,8.9995,False,all_direct,15.1353,0.7717
77,v4,v13,40.0,50.0,20.0,1.0,0.25,0.2,8.9995,False,all_direct,15.136,0.7801
77,v4,v8,40.0,55.08,10.0,1.0,0.2754,0.1,9.7356,False,all_direct,15.874,0.8025
77,v4,v7,40.0,60.0,30.0,1.0,0.3,0.3,6.7331,False,all_direct,12.871,0.6186
78,v1,v7,40.0,0.0,30.0,1.0,0.0,0.3,40.0,False,all_direct,46.1376,0.998
78,v1,v3,40.0,11.66,40.0,1.0,0.0583,0.4,17.3399,False,all_direct,23.4788,0.9574
78,v1,v8,40.0,15.3,20.0,1.0,0.0765,0.2,17.2293,False,all_direct,23.3681,0.9584
78,v1,v4,40.0,30.0,0.0,1.0,0.15,0.0,16.3661,False,all_direct,22.5031,0.9549
78,v1,v11,40.0,95.05,20.0,1.0,0.4752,0.2,4.536,False,all_direct,10.6743,0.4123
78,v2,v6,20.0,35.13,40.0,0.6,0.1756,0.4,-10.3223,True,all_direct,-4.1833,0.0992
78,v2,v8,20.0,150.0,20.0,0.6,0.75,0.2,-18.6344,True,all_direct,-12.4978,0.1158
78,v2,v3,20.0,155.03,40.0,0.6,0.7751,0.4,-20.6384,True,all_direct,-14.5008,0.1102
78,v2,v1,20.0,165.03,0.0,0.6,0.8251,0.0,-15.4809,True,all_direct,-9.3432,0.1281
78,v2,v7,20.0,165.03,30.0,0.6,0.8251,0.3,-20.2974,True,all_direct,-14.1594,0.11
78,v3,v8,20.0,5.83,20.0,0.6,0.0292,0.2,3.9312,False,all_direct,10.0695,0.3705
78,v3,v1,20.0,11.66,40.0,0.6,0.0583,0.4,-2.6601,True,all_direct,3.4784,0.1496
78,v3,v7,20.0,11.66,10.0,0.6,0.0583,0.1,0.5234,False,all_direct,6.6596,0.2023
78,v3,v4,20.0,40.45,40.0,0.6,0.2022,0.4,-11.302,True,all_direct,-5.1653,0.0924
78,v3,v11,20.0,105.04,20.0,0.6,0.5252,0.2,-16.1588,True,all_direct,-10.0195,0.1096
78,v4,v1,40.0,30.0,0.0,1.0,0.15,0.0,16.3661,False,all_direct,22.5033,0.9564
78,v4,v7,40.0,30.0,30.0,1.0,0.15,0.3,11.5496,False,all_direct,17.6881,0.8711
78,v4,v3,40.0,40.45,40.0,1.0,0.2022,0.4,8.698,False,all_direct,14.8376,0.7574
78,v4,v8,40.0,45.1,20.0,1.0,0.2255,0.2,9.7162,False,all_direct,15.8524,0.8059
78,v4,v11,40.0,65.07,20.0,1.0,0.3253,0.2,7.169,False,all_direct,13.3049,0.6375
79,v1,v8,40.0,5.83,20.0,1.0,0.0292,0.2,23.9312,False,all_direct,30.0683,0.9902
79,v1,v4,40.0,30.0,10.0,1.0,0.15,0.1,13.9578,False,all_direct,20.0975,0.9309
79,v1,v7,40.0,30.0,30.0,1.0,0.15,0.3,11.5496,False,all_direct,17.6879,0.8705
79,v1,v3,40.0,30.59,10.0,1.0,0.153,0.1,13.8216,False,all_direct,19.9601,0.9221
79,v1,v6,40.0,90.2,20.0,1.0,0.451,0.2,4.8997,False,all_direct,11.0396,0.4553
79,v2,v6,20.0,75.06,10.0,0.6,0.3753,0.1,-12.4148,True,all_direct,-6.2774,0.1012
79,v2,v1,20.0,165.03,30.0,0.6,0.8251,0.3,-20.2974,True,all_direct,-14.1594,0.1139
79,v2,v8,20.0,170.0,10.0,0.6,0.85,0.1,-18.0954,True,all_direct,-11.9559,0.1166
79,v2,v3,20.0,195.02,20.0,0.6,0.9751,0.2,-20.4583,True,all_direct,-14.3193,0.1291
79,v2,v4,20.0,195.02,20.0,0.6,0.9751,0.2,-20.4583,True,all_direct,-14.3202,0.0992
79,v3,v4,20.0,6.0,0.0,0.6,0.03,0.0,7.5496,False,all_direct,13.6874,0.6941
79,v3,v7,20.0,6.0,20.0,0.6,0.03,0.2,3.7326,False,all_direct,9.8702,0.3645
79,v3,v8,20.0,25.18,10.0,0.6,0.1259,0.1,-4.825,False,all_direct,1.3126,0.1375
79,v3,v1,20.0,30.59,10.0,0.6,0.153,0.1,-6.1784,False,all_direct,-0.041,0.1256
79,v3,v11,20.0,85.05,10.0,0.6,0.4253,0.1,-13.2833,True,all_direct,-7.1465,0.1027
79,v4,v7,40.0,0.0,20.0,1.0,0.0,0.2,40.0,False,all_direct,46.1371,0.998
79,v4,v3,40.0,6.0,0.0,1.0,0.03,0.0,27.5496,False,all_direct,33.6877,0.9883
79,v4,v8,40.0,25.18,10.0,1.0,0.1259,0.1,15.175,False,all_direct,21.3119,0.9406
79,v4,v1,40.0,30.0,10.0,1.0,0.15,0.1,13.9578,False,all_direct,20.097,0.9266
79,v4,v11,40.0,85.05,10.0,1.0,0.4253,0.1,6.7167,False,all_direct,12.8548,0.6195
80,v1,v8,40.0,25.18,20.0,1.0,0.1259,0.2,13.7663,False,all_direct,19.9058,0.9195
80,v1,v4,40.0,40.0,10.0,1.0,0.2,0.1,11.9588,False,all_direct,18.0961,0.8867
80,v1,v3,40.0,40.45,0.0,1.0,0.2022,0.0,14.2897,False,all_direct,20.4269,0.933
80,v1,v7,40.0,60.0,10.0,1.0,0.3,0.1,9.1413,False,all_direct,15.2824,0.784
80,v1,v6,40.0,70.26,0.0,1.0,0.3513,0.0,10.453,False,all_direct,16.5912,0.8461
80,v2,v6,20.0,65.07,0.0,0.6,0.3253,0.0,-9.014,True,all_direct,-2.8774,0.1041
80,v2,v1,20.0,135.03,0.0,0.6,0.6752,0.0,-14.0871,True,all_direct,-7.9493,0.1045
80,v2,v8,20.0,160.0,20.0,0.6,0.8,0.2,-19.0829,True,all_direct,-12.9462,0.108
80,v2,v3,20.0,175.03,0.0,0.6,0.8751,0.0,-15.8896,True,all_direct,-9.75,0.1109
80,v2,v4,20.0,175.03,10.0,0.6,0.8751,0.1,-18.2979,True,all_direct,-12.1608,0.1193
80,v3,v4,20.0,6.0,10.0,0.6,0.03,0.1,5.1413,False,all_direct,11.2767,0.4811
80,v3,v8,20.0,15.3,20.0,0.6,0.0765,0.2,-2.7707,False,all_direct,3.3673,0.1486
80,v3,v7,20.0,20.88,10.0,0.6,0.1044,0.1,-3.5241,False,all_direct,2.6128,0.1344
80,v3,v1,20.0,40.45,0.0,0.6,0.2022,0.0,-5.7103,False,all_direct,0.4269,0.1266
80,v3,v11,20.0,75.06,10.0,0.6,0.3753,0.1,-12.4148,True,all_direct,-6.2786,0.1061
80,v4,v3,40.0,6.0,10.0,1.0,0.03,0.1,25.1413,False,all_direct,31.28,0.9883
80,v4,v8,40.0,15.3,30.0,1.0,0.0765,0.3,16.2298,False,all_direct,22.3669,0.9643
80,v4,v7,40.0,20.0,20.0,1.0,0.1,0.2,15.3666,False,all_direct,21.5049,0.9568
80,v4,v1,40.0,40.0,10.0,1.0,0.2,0.1,11.9588,False,all_direct,18.0949,0.8916
80,v4,v11,40.0,75.06,20.0,1.0,0.3753,0.2,6.1765,False,all_direct,12.3153,0.5561
81,v1,v4,40.0,30.0,30.0,1.0,0.15,0.3,11.5496,False,all_direct,17.6891,0.8691
81,v1,v3,40.0,40.45,30.0,1.0,0.2022,0.3,9.4733,False,all_direct,15.6127,0.8174
81,v1,v8,40.0,45.1,20.0,1.0,0.2255,0.2,9.7162,False,all_direct,15.8522,0.7967
81,v1,v7,40.0,70.0,20.0,1.0,0.35,0.2,6.6615,False,all_direct,12.797,0.6143
81,v1,v6,40.0,70.26,10.0,1.0,0.3513,0.1,8.0448,False,all_direct,14.1828,0.702
81,v2,v6,20.0,65.07,20.0,0.6,0.3253,0.2,-12.831,True,all_direct,-6.6902,0.1027
81,v2,v1,20.0,135.03,10.0,0.6,0.6752,0.1,-16.4953,True,all_direct,-10.3583,0.1203
81,v2,v4,20.0,165.03,40.0,0.6,0.8251,0.4,-21.0727,True,all_direct,-14.935,0.1078
81,v2,v3,20.0,175.03,40.0,0.6,0.8751,0.4,-21.4814,True,all_direct,-15.3438,0.11
81,v2,v8,20.0,180.0,30.0,0.6,0.9,0.3,-20.9008,True,all_direct,-14.7604,0.1078
81,v3,v8,20.0,5.83,10.0,0.6,0.0292,0.1,5.3399,False,all_direct,11.4762,0.4869
81,v3,v4,20.0,11.66,0.0,0.6,0.0583,0.0,2.9317,False,all_direct,9.0697,0.3066
81,v3,v7,20.0,30.59,10.0,0.6,0.153,0.1,-6.1784,False,all_direct,-0.0401,0.1246
81,v3,v1,20.0,40.45,30.0,0.6,0.2022,0.3,-10.5267,True,all_direct,-4.3882,0.0988
81,v3,v11,20.0,85.05,20.0,0.6,0.4253,0.2,-14.692,True,all_direct,-8.5571,0.1266
81,v4,v3,40.0,11.66,0.0,1.0,0.0583,0.0,22.9317,False,all_direct,29.0697,0.9857
81,v4,v8,40.0,15.3,10.0,1.0,0.0765,0.1,18.638,False,all_direct,24.7746,0.9725
81,v4,v1,40.0,30.0,30.0,1.0,0.15,0.3,11.5496,False,all_direct,17.6867,0.8809
81,v4,v7,40.0,40.0,10.0,1.0,0.2,0.1,11.9588,False,all_direct,18.0963,0.8844
81,v4,v11,40.0,95.05,20.0,1.0,0.4752,0.2,4.536,False,all_direct,10.6752,0.4367
82,v1,v4,40.0,60.0,40.0,1.0,0.3,0.4,5.9578,False,all_direct,12.0965,0.5467
82,v1,v6,40.0,60.3,40.0,1.0,0.3015,0.4,5.9232,False,all_direct,12.0629,0.5457
82,v1,v8,40.0,65.07,40.0,1.0,0.3253,0.4,5.3942,False,all_direct,11.5311,0.5021
82,v1,v3,40.0,70.26,20.0,1.0,0.3513,0.2,6.636,False,all_direct,12.7737,0.6084
82,v1,v7,40.0,90.0,10.0,1.0,0.45,0.1,6.3239,False,all_direct,12.4636,0.5826
82,v2,v6,20.0,85.05,40.0,0.6,0.4253,0.4,-16.4668,True,all_direct,-10.3278,0.1285
82,v2,v1,20.0,145.03,0.0,0.6,0.7252,0.0,-14.5834,True,all_direct,-8.4446,0.1027
82,v3,v8,20.0,5.83,20.0,0.6,0.0292,0.2,3.9312,False,all_direct,10.0683,0.3648
82,v3,v4,20.0,11.66,20.0,0.6,0.0583,0.2,-0.8853,False,all_direct,5.2525,0.1682
82,v3,v7,20.0,20.88,10.0,0.6,0.1044,0.1,-3.5241,False,all_direct,2.6153,0.135
82,v3,v11,20.0,65.07,0.0,0.6,0.3253,0.0,-9.014,True,all_direct,-2.8748,0.107
82,v3,v1,20.0,70.26,20.0,0.6,0.3513,0.2,-13.364,True,all_direct,-7.2255,0.1002
82,v4,v8,40.0,5.83,0.0,1.0,0.0292,0.0,27.7482,False,all_direct,33.8852,0.9912
82,v4,v3,40.0,11.66,20.0,1.0,0.0583,0.2,19.1147,False,all_direct,25.2549,0.9711
82,v4,v7,40.0,30.0,30.0,1.0,0.15,0.3,11.5496,False,all_direct,17.687,0.8686
82,v4,v1,40.0,60.0,40.0,1.0,0.3,0.4,5.9578,False,all_direct,12.0946,0.5453
82,v4,v11,40.0,75.06,20.0,1.0,0.3753,0.2,6.1765,False,all_direct,12.3141,0.5787
83,v1,v6,40.0,20.88,20.0,1.0,0.1044,0.2,15.0671,False,all_direct,21.2047,0.9373
83,v1,v3,40.0,90.2,20.0,1.0,0.451,0.2,4.8997,False,all_direct,11.0384,0.4596
83,v1,v4,40.0,100.0,10.0,1.0,0.5,0.1,5.5918,False,all_direct,11.7299,0.4994
83,v1,v7,40.0,100.0,10.0,1.0,0.5,0.1,5.5918,False,all_direct,11.73,0.5248
83,v1,v8,40.0,105.04,20.0,1.0,0.5252,0.2,3.8412,False,all_direct,9.9793,0.3674
83,v2,v6,20.0,125.04,10.0,0.6,0.6252,0.1,-15.9608,True,all_direct,-9.8216,0.1203
83,v2,v1,20.0,145.03,10.0,0.6,0.7252,0.1,-16.9916,True,all_direct,-10.8532,0.1102
83,v3,v4,20.0,11.66,10.0,0.6,0.0583,0.1,0.5234,False,all_direct,6.6617,0.191
83,v3,v7,20.0,11.66,10.0,0.6,0.0583,0.1,0.5234,False,all_direct,6.6617,0.1975
83,v3,v8,20.0,15.3,40.0,0.6,0.0765,0.4,-4.5455,True,all_direct,1.5932,0.1344
83,v3,v11,20.0,65.07,0.0,0.6,0.3253,0.0,-9.014,True,all_direct,-2.8762,0.1021
83,v3,v1,20.0,90.2,20.0,0.6,0.451,0.2,-15.1003,True,all_direct,-8.9629,0.1145
83,v4,v7,40.0,0.0,0.0,1.0,0.0,0.0,40.0,False,all_direct,46.1403,0.999
83,v4,v8,40.0,5.83,30.0,1.0,0.0292,0.3,22.9317,False,all_direct,29.0683,0.9818
83,v4,v3,40.0,11.66,10.0,1.0,0.0583,0.1,20.5234,False,all_direct,26.6616,0.9814
83,v4,v11,40.0,55.08,10.0,1.0,0.2754,0.1,9.7356,False,all_direct,15.8742,0.8162
83,v4,v5,40.0,95.05,10.0,1.0,0.4752,0.1,5.9447,False,all_direct,12.0812,0.551
84,v1,v6,40.0,6.0,10.0,1.0,0.03,0.1,25.1413,False,all_direct,31.2786,0.9893
84,v1,v3,40.0,70.26,0.0,1.0,0.3513,0.0,10.453,False,all_direct,16.591,0.8273
84,v1,v4,40.0,90.0,40.0,1.0,0.45,0.4,3.1404,False,all_direct,9.2771,0.325
84,v1,v7,40.0,90.0,20.0,1.0,0.45,0.2,4.9151,False,all_direct,11.0504,0.4563
84,v1,v8,40.0,125.04,20.0,1.0,0.6252,0.2,2.6305,False,all_direct,8.7684,0.2934
84,v2,v1,20.0,135.03,40.0,0.6,0.6752,0.4,-19.6788,True,all_direct,-13.5405,0.1102
84,v2,v6,20.0,135.03,30.0,0.6,0.6752,0.3,-18.9035,True,all_direct,-12.7661,0.1152
84,v3,v4,20.0,20.88,40.0,0.6,0.1044,0.4,-6.7077,True,all_direct,-0.57,0.1184
84,v3,v7,20.0,20.88,20.0,0.6,0.1044,0.2,-4.9329,False,all_direct,1.2046,0.1271
84,v3,v8,20.0,55.08,20.0,0.6,0.2754,0.2,-11.6731,True,all_direct,-5.5344,0.1037
84,v3,v11,20.0,65.07,0.0,0.6,0.3253,0.0,-9.014,True,all_direct,-2.8747,0.11
84,v3,v6,20.0,70.0,10.0,0.6,0.35,0.1,-11.9298,True,all_direct,-5.7916,0.1037
84,v4,v7,40.0,0.0,20.0,1.0,0.0,0.2,40.0,False,all_direct,46.1376,0.998
84,v4,v3,40.0,20.88,40.0,1.0,0.1044,0.4,13.2923,False,all_direct,19.4286,0.9178
84,v4,v8,40.0,35.13,20.0,1.0,0.1756,0.2,11.4525,False,all_direct,17.5891,0.873
84,v4,v11,40.0,45.1,40.0,1.0,0.2255,0.4,7.9414,False,all_direct,14.0783,0.7133
84,v4,v1,40.0,90.0,40.0,1.0,0.45,0.4,3.1404,False,all_direct,9.277,0.3293
85,v1,v6,40.0,11.66,10.0,1.0,0.0583,0.1,20.5234,False,all_direct,26.6595,0.9775
85,v1,v4,40.0,50.0,0.0,1.0,0.25,0.0,12.8165,False,all_direct,18.952,0.8951
85,v1,v7,40.0,70.0,10.0,1.0,0.35,0.1,8.0702,False,all_direct,14.207,0.7189
85,v1,v3,40.0,70.26,10.0,1.0,0.3513,0.1,8.0448,False,all_direct,14.1826,0.7217
85,v1,v8,40.0,105.04,10.0,1.0,0.5252,0.1,5.2499,False,all_direct,11.3872,0.4734
85,v2,v6,20.0,165.03,0.0,0.6,0.8251,0.0,-15.4809,True,all_direct,-9.3426,0.1107
85,v2,v1,20.0,175.03,10.0,0.6,0.8751,0.1,-18.2979,True,all_direct,-12.1602,0.1209
85,v3,v7,20.0,6.0,20.0,0.6,0.03,0.2,3.7326,False,all_direct,9.8689,0.359
85,v3,v4,20.0,20.88,10.0,0.6,0.1044,0.1,-3.5241,False,all_direct,2.613,0.1402
85,v3,v8,20.0,35.13,20.0,0.6,0.1756,0.2,-8.5475,False,all_direct,-2.4093,0.109
85,v3,v11,20.0,65.07,40.0,0.6,0.3253,0.4,-14.6058,True,all_direct,-8.4686,0.1074
85,v3,v1,20.0,70.26,10.0,0.6,0.3513,0.1,-11.9552,True,all_direct,-5.8158,0.0982
85,v4,v7,40.0,20.0,10.0,1.0,0.1,0.1,16.7753,False,all_direct,22.9124,0.9623
85,v4,v3,40.0,20.88,10.0,1.0,0.1044,0.1,16.4759,False,all_direct,22.6138,0.9549
85,v4,v1,40.0,50.0,0.0,1.0,0.25,0.0,12.8165,False,all_direct,18.9546,0.9113
85,v4,v8,40.0,55.08,10.0,1.0,0.2754,0.1,9.7356,False,all_direct,15.8732,0.8016
85,v4,v6,40.0,60.3,10.0,1.0,0.3015,0.1,9.1068,False,all_direct,15.2432,0.7797
86,v1,v6,40.0,20.88,0.0,1.0,0.1044,0.0,18.8841,False,all_direct,25.0227,0.9734
86,v1,v4,40.0,50.0,20.0,1.0,0.25,0.2,8.9995,False,all_direct,15.1378,0.7834
86,v1,v3,40.0,60.3,10.0,1.0,0.3015,0.1,9.1068,False,all_direct,15.2438,0.7758
86,v1,v7,40.0,80.0,0.0,1.0,0.4,0.0,9.5506,False,all_direct,15.6877,0.799
86,v1,v8,40.0,115.04,20.0,1.0,0.5752,0.2,3.2095,False,all_direct,9.3465,0.3264
86,v2,v6,20.0,165.03,10.0,0.6,0.8251,0.1,-17.8891,True,all_direct,-11.7504,0.0961
86,v2,v1,20.0,185.02,10.0,0.6,0.9251,0.1,-18.6839,True,all_direct,-12.547,0.1076
86,v3,v4,20.0,11.66,30.0,0.6,0.0583,0.3,-1.8848,True,all_direct,4.2525,0.151
86,v3,v7,20.0,20.88,10.0,0.6,0.1044,0.1,-3.5241,False,all_direct,2.6141,0.1402
86,v3,v8,20.0,55.08,30.0,0.6,0.2754,0.3,-12.6726,True,all_direct,-6.5323,0.1066
86,v3,v1,20.0,60.3,10.0,0.6,0.3015,0.1,-10.8932,True,all_direct,-4.7549,0.0982
86,v3,v6,20.0,80.0,10.0,0.6,0.4,0.1,-12.8577,True,all_direct,-6.7214,0.1037
86,v4,v3,40.0,11.66,30.0,1.0,0.0583,0.3,18.1152,False,all_direct,24.253,0.9662
86,v4,v7,40.0,30.0,20.0,1.0,0.15,0.2,12.5491,False,all_direct,18.6864,0.9064
86,v4,v1,40.0,50.0,20.0,1.0,0.25,0.2,8.9995,False,all_direct,15.1354,0.7807
86,v4,v8,40.0,65.07,0.0,1.0,0.3253,0.0,10.986,False,all_direct,17.1242,0.8648
86,v4,v6,40.0,70.26,20.0,1.0,0.3513,0.2,6.636,False,all_direct,12.7743,0.6033
87,v1,v6,40.0,20.88,20.0,1.0,0.1044,0.2,15.0671,False,all_direct,21.2066,0.9518
87,v1,v3,40.0,50.36,10.0,1.0,0.2518,0.1,10.3586,False,all_direct,16.4962,0.8461
87,v1,v4,40.0,70.0,20.0,1.0,0.35,0.2,6.6615,False,all_direct,12.8011,0.6143
87,v1,v7,40.0,80.0,10.0,1.0,0.4,0.1,7.1423,False,all_direct,13.2805,0.6457
87,v1,v8,40.0,135.03,20.0,1.0,0.6752,0.2,2.096,False,all_direct,8.2344,0.257
87,v2,v6,20.0,175.03,40.0,0.6,0.8751,0.4,-21.4814,True,all_direct,-15.345,0.1182
87,v2,v1,20.0,195.02,20.0,0.6,0.9751,0.2,-20.4583,True,all_direct,-14.3189,0.1053
87,v3,v4,20.0,20.88,10.0,0.6,0.1044,0.1,-3.5241,False,all_direct,2.6142,0.1324
87,v3,v7,20.0,30.59,0.0,0.6,0.153,0.0,-3.7702,False,all_direct,2.3649,0.1281
87,v3,v1,20.0,50.36,10.0,0.6,0.2518,0.1,-9.6414,False,all_direct,-3.5034,0.1031
87,v3,v6,20.0,70.0,30.0,0.6,0.35,0.3,-14.338,True,all_direct,-8.2012,0.1123
87,v3,v8,20.0,85.05,30.0,0.6,0.4253,0.3,-15.6915,True,all_direct,-9.5516,0.1109
87,v4,v7,40.0,10.0,10.0,1.0,0.05,0.1,21.5918,False,all_direct,27.7284,0.9824
87,v4,v3,40.0,20.88,10.0,1.0,0.1044,0.1,16.4759,False,all_direct,22.6125,0.9545
87,v4,v8,40.0,65.07,40.0,1.0,0.3253,0.4,5.3942,False,all_direct,11.5333,0.5129
87,v4,v1,40.0,70.0,20.0,1.0,0.35,0.2,6.6615,False,all_direct,12.8005,0.6043
87,v4,v11,40.0,75.06,0.0,1.0,0.3753,0.0,9.9935,False,all_direct,16.1327,0.8307
88,v1,v6,40.0,6.0,0.0,1.0,0.03,0.0,27.5496,False,all_direct,33.6885,0.9941
88,v1,v3,40.0,40.45,0.0,1.0,0.2022,0.0,14.2897,False,all_direct,20.4307,0.9334
88,v1,v4,40.0,50.0,10.0,1.0,0.25,0.1,10.4082,False,all_direct,16.5453,0.842
88,v1,v7,40.0,70.0,20.0,1.0,0.35,0.2,6.6615,False,all_direct,12.7978,0.6133
88,v1,v11,40.0,125.04,0.0,1.0,0.6252,0.0,6.4474,False,all_direct,12.5855,0.5852
88,v3,v4,20.0,11.66,10.0,0.6,0.0583,0.1,0.5234,False,all_direct,6.6597,0.1949
88,v3,v7,20.0,30.59,20.0,0.6,0.153,0.2,-7.5872,False,all_direct,-1.4478,0.1129
88,v3,v6,20.0,40.0,0.0,0.6,0.2,0.0,-5.633,False,all_direct,0.5058,0.1232
88,v3,v1,20.0,40.45,0.0,0.6,0.2022,0.0,-5.7103,False,all_direct,0.4269,0.1217
88,v3,v11,20.0,85.05,0.0,0.6,0.4253,0.0,-10.875,True,all_direct,-4.7368,0.1041
88,v4,v3,40.0,11.66,10.0,1.0,0.0583,0.1,20.5234,False,all_direct,26.6617,0.9779
88,v4,v7,40.0,20.0,10.0,1.0,0.1,0.1,16.7753,False,all_direct,22.9116,0.9564
88,v4,v1,40.0,50.0,10.0,1.0,0.25,0.1,10.4082,False,all_direct,16.5457,0.8365
88,v4,v6,40.0,50.36,10.0,1.0,0.2518,0.1,10.3586,False,all_direct,16.497,0.8475
88,v4,v11,40.0,75.06,10.0,1.0,0.3753,0.1,7.5852,False,all_direct,13.7213,0.6818
89,v1,v6,40.0,6.0,30.0,1.0,0.03,0.3,22.7331,False,all_direct,28.8704,0.9854
89,v1,v4,40.0,40.0,20.0,1.0,0.2,0.2,10.5501,False,all_direct,16.6877,0.8396
89,v1,v3,40.0,40.45,20.0,1.0,0.2022,0.2,10.4728,False,all_direct,16.6113,0.8576
89,v1,v7,40.0,50.0,0.0,1.0,0.25,0.0,12.8165,False,all_direct,18.9549,0.9059
89,v1,v11,40.0,125.04,10.0,1.0,0.6252,0.1,4.0392,False,all_direct,10.1761,0.3947
89,v3,v4,20.0,6.0,0.0,0.6,0.03,0.0,7.5496,False,all_direct,13.6891,0.665
89,v3,v7,20.0,11.66,20.0,0.6,0.0583,0.2,-0.8853,False,all_direct,5.2535,0.165
89,v3,v6,20.0,40.0,10.0,0.6,0.2,0.1,-8.0412,False,all_direct,-1.9,0.107
89,v3,v1,20.0,40.45,20.0,0.6,0.2022,0.2,-9.5272,False,all_direct,-3.3895,0.1002
89,v3,v11,20.0,85.05,10.0,0.6,0.4253,0.1,-13.2833,True,all_direct,-7.1448,0.1064
89,v4,v3,40.0,6.0,0.0,1.0,0.03,0.0,27.5496,False,all_direct,33.6866,0.9844
89,v4,v7,40.0,10.0,20.0,1.0,0.05,0.2,20.183,False,all_direct,26.3204,0.9785
89,v4,v1,40.0,40.0,20.0,1.0,0.2,0.2,10.5501,False,all_direct,16.6882,0.8455
89,v4,v6,40.0,40.45,10.0,1.0,0.2022,0.1,11.8815,False,all_direct,18.0208,0.8844
89,v4,v11,40.0,85.05,10.0,1.0,0.4253,0.1,6.7167,False,all_direct,12.8535,0.6166
90,v1,v6,40.0,30.59,10.0,1.0,0.153,0.1,13.8216,False,all_direct,19.9605,0.9207
90,v1,v7,40.0,50.0,10.0,1.0,0.25,0.1,10.4082,False,all_direct,16.5465,0.827
90,v1,v4,40.0,60.0,0.0,1.0,0.3,0.0,11.5496,False,all_direct,17.6866,0.8818
90,v1,v3,40.0,60.3,10.0,1.0,0.3015,0.1,9.1068,False,all_direct,15.244,0.7871
90,v1,v11,40.0,135.03,0.0,1.0,0.6752,0.0,5.9129,False,all_direct,12.0498,0.5389
90,v2,v1,20.0,185.02,10.0,0.6,0.9251,0.1,-18.6839,True,all_direct,-12.546,0.1133
90,v3,v4,20.0,6.0,10.0,0.6,0.03,0.1,5.1413,False,all_direct,11.2779,0.4668
90,v3,v7,20.0,11.66,0.0,0.6,0.0583,0.0,2.9317,False,all_direct,9.0701,0.3102
90,v3,v6,20.0,30.0,0.0,0.6,0.15,0.0,-3.6339,False,all_direct,2.5049,0.1389
90,v3,v1,20.0,60.3,10.0,0.6,0.3015,0.1,-10.8932,True,all_direct,-4.7573,0.1031
90,v3,v11,20.0,75.06,10.0,0.6,0.3753,0.1,-12.4148,True,all_direct,-6.277,0.1012
90,v4,v3,40.0,6.0,10.0,1.0,0.03,0.1,25.1413,False,all_direct,31.279,0.9896
90,v4,v7,40.0,10.0,10.0,1.0,0.05,0.1,21.5918,False,all_direct,27.7269,0.9795
90,v4,v6,40.0,30.59,10.0,1.0,0.153,0.1,13.8216,False,all_direct,19.9582,0.926
90,v4,v1,40.0,60.0,0.0,1.0,0.3,0.0,11.5496,False,all_direct,17.6872,0.8789
90,v4,v11,40.0,75.06,0.0,1.0,0.3753,0.0,9.9935,False,all_direct,16.1329,0.8281
91,v1,v6,40.0,40.45,20.0,1.0,0.2022,0.2,10.4728,False,all_direct,16.6113,0.8381
91,v1,v4,40.0,60.0,20.0,1.0,0.3,0.2,7.7326,False,all_direct,13.8723,0.685
91,v1,v7,40.0,60.0,0.0,1.0,0.3,0.0,11.5496,False,all_direct,17.6891,0.8684
91,v1,v3,40.0,70.26,20.0,1.0,0.3513,0.2,6.636,False,all_direct,12.7744,0.609
91,v1,v11,40.0,135.03,20.0,1.0,0.6752,0.2,2.096,False,all_direct,8.2338,0.2479
91,v2,v1,20.0,175.03,20.0,0.6,0.8751,0.2,-19.7066,True,all_direct,-13.5682,0.1146
91,v3,v4,20.0,11.66,0.0,0.6,0.0583,0.0,2.9317,False,all_direct,9.0687,0.3002
91,v3,v7,20.0,11.66,20.0,0.6,0.0583,0.2,-0.8853,False,all_direct,5.2528,0.1658
91,v3,v6,20.0,30.0,0.0,0.6,0.15,0.0,-3.6339,False,all_direct,2.5038,0.1301
91,v3,v11,20.0,65.07,0.0,0.6,0.3253,0.0,-9.014,True,all_direct,-2.8772,0.1002
91,v3,v1,20.0,70.26,20.0,0.6,0.3513,0.2,-13.364,True,all_direct,-7.2244,0.1018
91,v4,v7,40.0,0.0,20.0,1.0,0.0,0.2,40.0,False,all_direct,46.1377,0.9941
91,v4,v3,40.0,11.66,0.0,1.0,0.0583,0.0,22.9317,False,all_direct,29.07,0.9828
91,v4,v6,40.0,20.88,0.0,1.0,0.1044,0.0,18.8841,False,all_direct,25.0218,0.9623
91,v4,v1,40.0,60.0,20.0,1.0,0.3,0.2,7.7326,False,all_direct,13.8718,0.6932
91,v4,v11,40.0,75.06,0.0,1.0,0.3753,0.0,9.9935,False,all_direct,16.1311,0.8191
92,v1,v7,40.0,60.0,20.0,1.0,0.3,0.2,7.7326,False,all_direct,13.8691,0.6941
92,v1,v6,40.0,60.3,10.0,1.0,0.3015,0.1,9.1068,False,all_direct,15.2434,0.7846
92,v1,v4,40.0,80.0,20.0,1.0,0.4,0.2,5.7336,False,all_direct,11.8709,0.5404
92,v1,v3,40.0,90.2,30.0,1.0,0.451,0.3,3.9002,False,all_direct,10.0376,0.3787
92,v1,v2,40.0,155.03,10.0,1.0,0.7751,0.1,2.5452,True,all_direct,8.6829,0.2781
92,v2,v1,20.0,155.03,10.0,0.6,0.7751,0.1,-17.4548,True,all_direct,-11.3158,0.116
92,v3,v4,20.0,11.66,10.0,0.6,0.0583,0.1,0.5234,False,all_direct,6.6624,0.2014
92,v3,v6,20.0,30.0,20.0,0.6,0.15,0.2,-7.4509,False,all_direct,-1.3134,0.1158
92,v3,v7,20.0,30.59,10.0,0.6,0.153,0.1,-6.1784,False,all_direct,-0.0405,0.1246
92,v3,v5,20.0,65.07,10.0,0.6,0.3253,0.1,-11.4222,True,all_direct,-5.2859,0.0992
92,v3,v11,20.0,65.07,30.0,0.6,0.3253,0.3,-13.8305,True,all_direct,-7.6916,0.1025
92,v4,v3,40.0,11.66,10.0,1.0,0.0583,0.1,20.5234,False,all_direct,26.6607,0.9814
92,v4,v7,40.0,20.0,0.0,1.0,0.1,0.0,19.1835,False,all_direct,25.3211,0.9691
92,v4,v6,40.0,20.88,10.0,1.0,0.1044,0.1,16.4759,False,all_direct,22.6144,0.9604
92,v4,v5,40.0,75.06,0.0,1.0,0.3753,0.0,9.9935,False,all_direct,16.1311,0.8277
92,v4,v11,40.0,75.06,20.0,1.0,0.3753,0.2,6.1765,False,all_direct,12.3157,0.5725
93,v1,v7,40.0,40.0,10.0,1.0,0.2,0.1,11.9588,False,all_direct,18.0961,0.8881
93,v1,v6,40.0,50.36,20.0,1.0,0.2518,0.2,8.9498,False,all_direct,15.0877,0.7842
93,v1,v4,40.0,60.0,40.0,1.0,0.3,0.4,5.9578,False,all_direct,12.0963,0.5576
93,v1,v3,40.0,60.3,20.0,1.0,0.3015,0.2,7.698,False,all_direct,13.8335,0.6941
93,v1,v5,40.0,135.03,30.0,1.0,0.6752,0.3,1.0965,False,all_direct,7.2337,0.2102
93,v2,v1,20.0,165.03,40.0,0.6,0.8251,0.4,-21.0727,True,all_direct,-14.9327,0.1219
93,v3,v4,20.0,6.0,20.0,0.6,0.03,0.2,3.7326,False,all_direct,9.8714,0.3576
93,v3,v6,20.0,10.0,0.0,0.6,0.05,0.0,4.0,False,all_direct,10.1377,0.3725
93,v3,v7,20.0,20.88,10.0,0.6,0.1044,0.1,-3.5241,False,all_direct,2.614,0.1295
93,v3,v1,20.0,60.3,20.0,0.6,0.3015,0.2,-12.302,True,all_direct,-6.1652,0.0967
93,v3,v5,20.0,75.06,10.0,0.6,0.3753,0.1,-12.4148,True,all_direct,-6.2767,0.1018
93,v4,v3,40.0,6.0,20.0,1.0,0.03,0.2,23.7326,False,all_direct,29.8701,0.9818
93,v4,v6,40.0,11.66,20.0,1.0,0.0583,0.2,19.1147,False,all_direct,25.2526,0.9711
93,v4,v7,40.0,20.0,30.0,1.0,0.1,0.3,14.367,False,all_direct,20.505,0.9301
93,v4,v1,40.0,60.0,40.0,1.0,0.3,0.4,5.9578,False,all_direct,12.0977,0.5443
93,v4,v5,40.0,75.06,10.0,1.0,0.3753,0.1,7.5852,False,all_direct,13.723,0.6768
94,v1,v7,40.0,50.0,10.0,1.0,0.25,0.1,10.4082,False,all_direct,16.5477,0.8285
94,v1,v6,40.0,70.26,10.0,1.0,0.3513,0.1,8.0448,False,all_direct,14.184,0.7141
94,v1,v3,40.0,80.22,10.0,1.0,0.4011,0.1,7.1228,False,all_direct,13.2593,0.6674
94,v1,v4,40.0,100.0,10.0,1.0,0.5,0.1,5.5918,False,all_direct,11.7295,0.5203
94,v1,v2,40.0,125.04,20.0,1.0,0.6252,0.2,2.6305,False,all_direct,8.7682,0.284
94,v2,v1,20.0,125.04,20.0,0.6,0.6252,0.2,-17.3695,True,all_direct,-11.2341,0.1205
94,v2,v7,20.0,175.03,10.0,0.6,0.8751,0.1,-18.2979,True,all_direct,-12.159,0.1084
94,v2,v6,20.0,195.02,30.0,0.6,0.9751,0.3,-21.4579,True,all_direct,-15.3195,0.1
94,v3,v6,20.0,10.0,0.0,0.6,0.05,0.0,4.0,False,all_direct,10.1389,0.3701
94,v3,v4,20.0,20.88,20.0,0.6,0.1044,0.2,-4.9329,False,all_direct,1.2063,0.1359
94,v3,v7,20.0,30.59,20.0,0.6,0.153,0.2,-7.5872,False,all_direct,-1.4488,0.1139
94,v3,v1,20.0,80.22,10.0,0.6,0.4011,0.1,-12.8772,True,all_direct,-6.7397,0.1037
94,v3,v5,20.0,85.05,10.0,0.6,0.4253,0.1,-13.2833,True,all_direct,-7.1423,0.0963
94,v4,v3,40.0,20.88,20.0,1.0,0.1044,0.2,15.0671,False,all_direct,21.2064,0.9455
94,v4,v6,40.0,30.59,20.0,1.0,0.153,0.2,12.4128,False,all_direct,18.5513,0.8984
94,v4,v7,40.0,50.0,0.0,1.0,0.25,0.0,12.8165,False,all_direct,18.9525,0.915
94,v4,v5,40.0,65.07,10.0,1.0,0.3253,0.1,8.5778,False,all_direct,14.7153,0.7625
94,v4,v13,40.0,70.0,0.0,1.0,0.35,0.0,10.4784,False,all_direct,16.6172,0.843
95,v1,v7,40.0,40.0,40.0,1.0,0.2,0.4,8.7753,False,all_direct,14.9142,0.7572
95,v1,v6,40.0,80.22,40.0,1.0,0.4011,0.4,3.9393,False,all_direct,10.0778,0.3785
95,v1,v4,40.0,90.0,10.0,1.0,0.45,0.1,6.3239,False,all_direct,12.4633,0.5826
95,v1,v3,40.0,90.2,10.0,1.0,0.451,0.1,6.3085,False,all_direct,12.4456,0.5893
95,v1,v2,40.0,145.03,20.0,1.0,0.7252,0.2,1.5997,False,all_direct,7.7383,0.2209
95,v2,v1,20.0,145.03,20.0,0.6,0.7252,0.2,-18.4003,True,all_direct,-12.261,0.1193
95,v2,v7,20.0,185.02,20.0,0.6,0.9251,0.2,-20.0926,True,all_direct,-13.955,0.1014
95,v3,v4,20.0,6.0,0.0,0.6,0.03,0.0,7.5496,False,all_direct,13.6887,0.6789
95,v3,v6,20.0,10.0,30.0,0.6,0.05,0.3,-0.8165,True,all_direct,5.3207,0.1676
95,v3,v7,20.0,50.36,30.0,0.6,0.2518,0.3,-12.0497,True,all_direct,-5.9105,0.0953
95,v3,v13,20.0,70.26,10.0,0.6,0.3513,0.1,-11.9552,True,all_direct,-5.8174,0.0992
95,v3,v5,20.0,75.06,30.0,0.6,0.3753,0.3,-14.823,True,all_direct,-8.686,0.1137
95,v4,v3,40.0,6.0,0.0,1.0,0.03,0.0,27.5496,False,all_direct,33.687,0.9922
95,v4,v6,40.0,11.66,30.0,1.0,0.0583,0.3,18.1152,False,all_direct,24.2534,0.9627
95,v4,v7,40.0,50.0,30.0,1.0,0.25,0.3,8.0,False,all_direct,14.1374,0.7088
95,v4,v13,40.0,70.0,10.0,1.0,0.35,0.1,8.0702,False,all_direct,14.2081,0.7027
95,v4,v5,40.0,75.06,30.0,1.0,0.3753,0.3,5.177,False,all_direct,11.3145,0.4787
96,v1,v7,40.0,0.0,20.0,1.0,0.0,0.2,40.0,False,all_direct,46.1401,0.9971
96,v1,v6,40.0,40.45,10.0,1.0,0.2022,0.1,11.8815,False,all_direct,18.0182,0.8857
96,v1,v4,40.0,80.0,30.0,1.0,0.4,0.3,4.7341,False,all_direct,10.8709,0.4391
96,v1,v3,40.0,80.22,10.0,1.0,0.4011,0.1,7.1228,False,all_direct,13.2622,0.6391
96,v1,v5,40.0,125.04,10.0,1.0,0.6252,0.1,4.0392,False,all_direct,10.1764,0.3887
96,v2,v1,20.0,149.35,64.03,0.6,0.7467,0.6403,-21.7424,True,all_direct,-15.6047,0.1029
96,v2,v7,20.0,149.35,53.85,0.6,0.7467,0.5385,-21.2284,True,all_direct,-15.0908,0.1213
96,v2,v6,20.0,188.52,70.71,0.6,0.9426,0.7071,-23.6612,True,all_direct,-17.5216,0.0986
96,v3,v4,20.0,6.0,40.0,0.6,0.03,0.4,1.9578,True,all_direct,8.0957,0.2465
96,v3,v6,20.0,40.0,0.0,0.6,0.2,0.0,-5.633,False,all_direct,0.5059,0.1213
96,v3,v5,20.0,45.1,0.0,0.6,0.2255,0.0,-6.4668,False,all_direct,-0.3278,0.1207
96,v3,v1,20.0,80.22,10.0,0.6,0.4011,0.1,-12.8772,True,all_direct,-6.7412,0.1025
96,v3,v7,20.0,80.22,30.0,0.6,0.4011,0.3,-15.2854,True,all_direct,-9.1481,0.1279
96,v4,v3,40.0,6.0,40.0,1.0,0.03,0.4,21.9578,False,all_direct,28.096,0.9867
96,v4,v6,40.0,40.45,40.0,1.0,0.2022,0.4,8.698,False,all_direct,14.8351,0.749
96,v4,v5,40.0,45.1,40.0,1.0,0.2255,0.4,7.9414,False,all_direct,14.0796,0.7104
96,v4,v1,40.0,80.0,30.0,1.0,0.4,0.3,4.7341,False,all_direct,10.8727,0.4391
96,v4,v7,40.0,80.0,10.0,1.0,0.4,0.1,7.1423,False,all_direct,13.2812,0.6518
97,v1,v7,40.0,20.0,0.0,1.0,0.1,0.0,19.1835,False,all_direct,25.3193,0.9711
97,v1,v6,40.0,30.59,40.0,1.0,0.153,0.4,10.638,False,all_direct,16.7736,0.8428
97,v1,v3,40.0,70.26,40.0,1.0,0.3513,0.4,4.8612,False,all_direct,11.0,0.4516
97,v1,v4,40.0,110.0,40.0,1.0,0.55,0.4,1.746,False,all_direct,7.8834,0.2385
97,v1,v5,40.0,115.04,40.0,1.0,0.5752,0.4,1.4347,False,all_direct,7.5734,0.2262
97,v2,v1,20.0,128.7,50.99,0.6,0.6435,0.5099,-20.0354,True,all_direct,-13.8995,0.1111
97,v2,v7,20.0,145.89,50.99,0.6,0.7295,0.5099,-20.9065,True,all_direct,-14.7676,0.1018
97,v2,v6,20.0,152.12,70.71,0.6,0.7606,0.7071,-22.1704,True,all_direct,-16.0334,0.1105
97,v2,v3,20.0,189.16,70.71,0.6,0.9458,0.7071,-23.6846,True,all_direct,-17.5461,0.0887
97,v3,v6,20.0,40.0,0.0,0.6,0.2,0.0,-5.633,False,all_direct,0.5055,0.1188
97,v3,v4,20.0,40.45,0.0,0.6,0.2022,0.0,-5.7103,False,all_direct,0.4302,0.1256
97,v3,v5,20.0,45.1,0.0,0.6,0.2255,0.0,-6.4668,False,all_direct,-0.3288,0.1217
97,v3,v7,20.0,50.36,40.0,0.6,0.2518,0.4,-12.825,True,all_direct,-6.6854,0.1051
97,v3,v1,20.0,70.26,40.0,0.6,0.3513,0.4,-15.1388,True,all_direct,-8.9987,0.1258
97,v4,v5,40.0,5.83,0.0,1.0,0.0292,0.0,27.7482,False,all_direct,33.8858,0.9922
97,v4,v3,40.0,40.45,0.0,1.0,0.2022,0.0,14.2897,False,all_direct,20.4287,0.9328
97,v4,v13,40.0,60.0,20.0,1.0,0.3,0.2,7.7326,False,all_direct,13.8727,0.701
97,v4,v6,40.0,80.22,0.0,1.0,0.4011,0.0,9.5311,False,all_direct,15.6686,0.8098
97,v4,v15,40.0,80.22,20.0,1.0,0.4011,0.2,5.7141,False,all_direct,11.8522,0.5102
98,v1,v6,40.0,11.66,0.0,1.0,0.0583,0.0,22.9317,False,all_direct,29.0704,0.9838
98,v1,v7,40.0,20.0,10.0,1.0,0.1,0.1,16.7753,False,all_direct,22.9141,0.9549
98,v1,v3,40.0,30.59,20.0,1.0,0.153,0.2,12.4128,False,all_direct,18.5502,0.8994
98,v1,v4,40.0,70.0,0.0,1.0,0.35,0.0,10.4784,False,all_direct,16.6156,0.8486
98,v1,v5,40.0,75.06,20.0,1.0,0.3753,0.2,6.1765,False,all_direct,12.3153,0.5748
98,v2,v6,20.0,144.01,36.06,0.6,0.7201,0.3606,-19.8407,True,all_direct,-13.7039,0.1211
98,v2,v1,20.0,154.93,36.06,0.6,0.7747,0.3606,-20.3485,True,all_direct,-14.2103,0.1076
98,v2,v7,20.0,168.3,28.28,0.6,0.8415,0.2828,-20.2814,True,all_direct,-14.1424,0.1021
98,v2,v3,20.0,171.41,22.36,0.6,0.857,0.2236,-19.8246,True,all_direct,-13.6873,0.1041
98,v3,v7,20.0,11.66,10.0,0.6,0.0583,0.1,0.5234,False,all_direct,6.6605,0.1965
98,v3,v1,20.0,30.59,20.0,0.6,0.153,0.2,-7.5872,False,all_direct,-1.45,0.1119
98,v3,v6,20.0,40.0,20.0,0.6,0.2,0.2,-9.4499,False,all_direct,-3.3125,0.1031
98,v3,v4,20.0,40.45,20.0,0.6,0.2022,0.2,-9.5272,False,all_direct,-3.389,0.1012
98,v3,v5,20.0,45.1,40.0,0.6,0.2255,0.4,-12.0586,True,all_direct,-5.9217,0.0963
98,v4,v5,40.0,5.83,20.0,1.0,0.0292,0.2,23.9312,False,all_direct,30.0679,0.9912
98,v4,v3,40.0,40.45,20.0,1.0,0.2022,0.2,10.4728,False,all_direct,16.6093,0.8438
98,v4,v7,40.0,50.0,10.0,1.0,0.25,0.1,10.4082,False,all_direct,16.5458,0.8441
98,v4,v1,40.0,70.0,0.0,1.0,0.35,0.0,10.4784,False,all_direct,16.616,0.8471
98,v4,v13,40.0,80.0,10.0,1.0,0.4,0.1,7.1423,False,all_direct,13.2786,0.6551
99,v1,v6,40.0,11.66,0.0,1.0,0.0583,0.0,22.9317,False,all_direct,29.0692,0.9844
99,v1,v7,40.0,30.0,20.0,1.0,0.15,0.2,12.5491,False,all_direct,18.6891,0.901
99,v1,v3,40.0,50.36,10.0,1.0,0.2518,0.1,10.3586,False,all_direct,16.4979,0.8357
99,v1,v5,40.0,55.08,10.0,1.0,0.2754,0.1,9.7356,False,all_direct,15.8732,0.8125
99,v1,v4,40.0,70.0,20.0,1.0,0.35,0.2,6.6615,False,all_direct,12.7991,0.6217
99,v2,v6,20.0,146.01,58.31,0.6,0.7301,0.5831,-21.3061,True,all_direct,-15.1694,0.1031
99,v2,v1,20.0,155.64,58.31,0.6,0.7782,0.5831,-21.7498,True,all_direct,-15.6101,0.0953
99,v2,v7,20.0,170.89,50.99,0.6,0.8545,0.5099,-22.0056,True,all_direct,-15.8704,0.1061
99,v2,v3,20.0,178.55,64.03,0.6,0.8927,0.6403,-22.9835,True,all_direct,-16.8446,0.1148
99,v2,v5,20.0,184.11,64.03,0.6,0.9206,0.6403,-23.1967,True,all_direct,-17.0592,0.0961
99,v3,v5,20.0,5.83,0.0,0.6,0.0292,0.0,7.7482,False,all_direct,13.8856,0.699
99,v3,v4,20.0,20.88,10.0,0.6,0.1044,0.1,-3.5241,False,all_direct,2.6137,0.1383
99,v3,v7,20.0,20.88,30.0,0.6,0.1044,0.3,-5.9324,True,all_direct,0.2049,0.1227
99,v3,v1,20.0,50.36,10.0,0.6,0.2518,0.1,-9.6414,False,all_direct,-3.5054,0.1021
99,v3,v6,20.0,60.0,10.0,0.6,0.3,0.1,-10.8587,True,all_direct,-4.7218,0.1012
99,v4,v5,40.0,15.3,10.0,1.0,0.0765,0.1,18.638,False,all_direct,24.7749,0.9721
99,v4,v3,40.0,20.88,10.0,1.0,0.1044,0.1,16.4759,False,all_direct,22.6143,0.9617
99,v4,v7,40.0,40.0,40.0,1.0,0.2,0.4,8.7753,False,all_direct,14.9124,0.7676
99,v4,v1,40.0,70.0,20.0,1.0,0.35,0.2,6.6615,False,all_direct,12.7996,0.598
99,v4,v13,40.0,70.0,20.0,1.0,0.35,0.2,6.6615,False,all_direct,12.7995,0.618
100,v1,v6,40.0,11.66,10.0,1.0,0.0583,0.1,20.5234,False,all_direct,26.6618,0.9824
100,v1,v3,40.0,40.45,20.0,1.0,0.2022,0.2,10.4728,False,all_direct,16.6104,0.8342
100,v1,v5,40.0,45.1,30.0,1.0,0.2255,0.3,8.7167,False,all_direct,14.855,0.7551
100,v1,v4,40.0,50.0,10.0,1.0,0.25,0.1,10.4082,False,all_direct,16.5472,0.8484
100,v1,v7,40.0,50.0,10.0,1.0,0.25,0.1,10.4082,False,all_direct,16.5448,0.8383
100,v2,v6,20.0,186.12,50.0,0.6,0.9306,0.5,-22.5418,True,all_direct,-16.4032,0.1078
100,v2,v1,20.0,193.76,44.72,0.6,0.9688,0.4472,-22.5016,True,all_direct,-16.3604,0.108
100,v2,v3,20.0,199.85,56.57,0.6,0.9992,0.5657,-23.3974,True,all_direct,-17.2592,0.1055
100,v3,v5,20.0,5.83,10.0,0.6,0.0292,0.1,5.3399,False,all_direct,11.4776,0.4801
100,v3,v4,20.0,11.66,10.0,0.6,0.0583,0.1,0.5234,False,all_direct,6.659,0.2004
100,v3,v7,20.0,11.66,30.0,0.6,0.0583,0.3,-1.8848,True,all_direct,4.254,0.1531
100,v3,v1,20.0,40.45,20.0,0.6,0.2022,0.2,-9.5272,False,all_direct,-3.3916,0.1002
100,v3,v6,20.0,50.0,10.0,0.6,0.25,0.1,-9.5918,False,all_direct,-3.4542,0.1021
100,v4,v7,40.0,0.0,20.0,1.0,0.0,0.2,40.0,False,all_direct,46.1377,0.9961
100,v4,v5,40.0,5.83,20.0,1.0,0.0292,0.2,23.9312,False,all_direct,30.0693,0.9844
100,v4,v3,40.0,11.66,10.0,1.0,0.0583,0.1,20.5234,False,all_direct,26.6589,0.977
100,v4,v1,40.0,50.0,10.0,1.0,0.25,0.1,10.4082,False,all_direct,16.5452,0.8416
100,v4,v6,40.0,60.3,0.0,1.0,0.3015,0.0,11.515,False,all_direct,17.6529,0.8773
101,v1,v5,40.0,15.3,0.0,1.0,0.0765,0.0,21.0463,False,all_direct,27.1823,0.976
101,v1,v6,40.0,18.6,50.0,1.0,0.093,0.5,13.4622,False,all_direct,19.6007,0.9162
101,v1,v3,40.0,20.88,0.0,1.0,0.1044,0.0,18.8841,False,all_direct,25.022,0.977
101,v1,v4,40.0,40.0,20.0,1.0,0.2,0.2,10.5501,False,all_direct,16.6885,0.8449
101,v1,v7,40.0,60.0,0.0,1.0,0.3,0.0,11.5496,False,all_direct,17.6868,0.8744
101,v3,v5,20.0,5.83,0.0,0.6,0.0292,0.0,7.7482,False,all_direct,13.8856,0.6813
101,v3,v1,20.0,20.88,0.0,0.6,0.1044,0.0,-1.1159,False,all_direct,5.022,0.1662
101,v3,v4,20.0,20.88,20.0,0.6,0.1044,0.2,-4.9329,False,all_direct,1.2062,0.1295
101,v3,v6,20.0,35.36,50.0,0.6,0.1768,0.5,-11.0005,True,all_direct,-4.8626,0.0977
101,v3,v7,20.0,40.45,0.0,0.6,0.2022,0.0,-5.7103,False,all_direct,0.4261,0.1232
101,v4,v7,40.0,20.0,20.0,1.0,0.1,0.2,15.3666,False,all_direct,21.5038,0.9441
101,v4,v3,40.0,20.88,20.0,1.0,0.1044,0.2,15.0671,False,all_direct,21.2045,0.9455
101,v4,v5,40.0,25.18,20.0,1.0,0.1259,0.2,13.7663,False,all_direct,19.9031,0.9264
101,v4,v1,40.0,40.0,20.0,1.0,0.2,0.2,10.5501,False,all_direct,16.6889,0.8439
101,v4,v6,40.0,56.09,36.06,1.0,0.2804,0.3606,6.7117,False,all_direct,12.8489,0.6006
102,v1,v5,40.0,9.49,40.0,1.0,0.0474,0.4,18.7743,False,all_direct,24.9114,0.9756
102,v1,v3,40.0,10.0,40.0,1.0,0.05,0.4,18.4082,False,all_direct,24.5464,0.975
102,v1,v6,40.0,22.8,30.0,1.0,0.114,0.3,13.4555,False,all_direct,19.5925,0.9143
102,v1,v4,40.0,45.19,53.85,1.0,0.2259,0.5385,7.0782,False,all_direct,13.2152,0.641
102,v1,v7,40.0,45.19,58.31,1.0,0.2259,0.5831,6.8437,False,all_direct,12.98,0.6352
102,v3,v5,20.0,3.16,0.0,0.6,0.0158,0.0,12.0,False,all_direct,18.138,0.8984
102,v3,v1,20.0,10.0,40.0,0.6,0.05,0.4,-1.5918,True,all_direct,4.5436,0.1619
102,v3,v6,20.0,30.0,10.0,0.6,0.15,0.1,-6.0422,False,all_direct,0.0907,0.1301
102,v3,v4,20.0,36.69,22.36,0.6,0.1834,0.2236,-9.1125,False,all_direct,-2.975,0.1027
102,v3,v7,20.0,36.69,31.62,0.6,0.1834,0.3162,-9.987,True,all_direct,-3.8493,0.0986
102,v4,v7,40.0,0.0,10.0,1.0,0.0,0.1,40.0,False,all_direct,46.1387,0.9961
102,v4,v3,40.0,36.69,22.36,1.0,0.1834,0.2236,10.8875,False,all_direct,17.0254,0.8646
102,v4,v5,40.0,39.29,22.36,1.0,0.1965,0.2236,10.4107,False,all_direct,16.5485,0.8402
102,v4,v1,40.0,45.19,53.85,1.0,0.2259,0.5385,7.0782,False,all_direct,13.2134,0.6463
102,v4,v6,40.0,53.91,28.28,1.0,0.2695,0.2828,7.6295,False,all_direct,13.7671,0.6975
103,v1,v6,40.0,10.0,30.0,1.0,0.05,0.3,19.1835,False,all_direct,25.3217,0.975
103,v1,v3,40.0,48.37,10.0,1.0,0.2419,0.1,10.638,False,all_direct,16.7756,0.8453
103,v1,v5,40.0,49.09,20.0,1.0,0.2455,0.2,9.1269,False,all_direct,15.2635,0.7824
103,v1,v7,40.0,69.87,50.99,1.0,0.3494,0.5099,4.2091,False,all_direct,10.3461,0.3932
103,v1,v4,40.0,72.12,58.31,1.0,0.3606,0.5831,3.5948,False,all_direct,9.73,0.3545
103,v3,v5,20.0,3.16,10.0,0.6,0.0158,0.1,9.5918,False,all_direct,15.7284,0.8061
103,v3,v7,20.0,21.59,41.23,0.6,0.1079,0.4123,-7.0234,True,all_direct,-0.8846,0.1109
103,v3,v4,20.0,25.81,50.0,0.6,0.129,0.5,-8.813,True,all_direct,-2.6755,0.1031
103,v3,v6,20.0,40.0,20.0,0.6,0.2,0.2,-9.4499,False,all_direct,-3.3123,0.1041
103,v3,v1,20.0,48.37,10.0,0.6,0.2419,0.1,-9.362,False,all_direct,-3.2242,0.0973
103,v4,v7,40.0,10.0,20.0,1.0,0.05,0.2,20.183,False,all_direct,26.3196,0.9799
103,v4,v3,40.0,25.81,50.0,1.0,0.129,0.5,11.187,False,all_direct,17.3256,0.868
103,v4,v5,40.0,26.91,42.43,1.0,0.1345,0.4243,11.3657,False,all_direct,17.503,0.8734
103,v4,v6,40.0,62.82,36.06,1.0,0.3141,0.3606,5.9245,False,all_direct,12.0623,0.5541
103,v4,v1,40.0,72.12,58.31,1.0,0.3606,0.5831,3.5948,False,all_direct,9.732,0.3482
104,v1,v6,40.0,38.47,0.0,1.0,0.1924,0.0,14.6379,False,all_direct,20.7748,0.9299
104,v1,v3,40.0,58.31,30.0,1.0,0.2915,0.3,6.9317,False,all_direct,13.0711,0.6252
104,v1,v5,40.0,69.07,30.0,1.0,0.3453,0.3,5.7554,False,all_direct,11.8942,0.5242
104,v1,v4,40.0,110.0,20.0,1.0,0.55,0.2,3.5207,False,all_direct,9.6599,0.3504
104,v1,v7,40.0,119.0,44.72,1.0,0.595,0.4472,0.8857,False,all_direct,7.0241,0.198
104,v3,v5,20.0,11.4,0.0,0.6,0.057,0.0,3.0885,False,all_direct,9.227,0.323
104,v3,v6,20.0,20.0,30.0,0.6,0.1,0.3,-5.633,True,all_direct,0.5032,0.1262
104,v3,v4,20.0,52.35,10.0,0.6,0.2617,0.1,-9.9102,False,all_direct,-3.7723,0.1031
104,v3,v1,20.0,58.31,30.0,0.6,0.2915,0.3,-13.0683,True,all_direct,-6.9323,0.0973
104,v3,v7,20.0,61.2,22.36,0.6,0.306,0.2236,-12.6687,True,all_direct,-6.5302,0.0973
104,v4,v7,40.0,9.06,28.28,1.0,0.0453,0.2828,20.0253,False,all_direct,26.1643,0.9766
104,v4,v5,40.0,41.11,10.0,1.0,0.2055,0.1,11.7687,False,all_direct,17.9074,0.8832
104,v4,v13,40.0,51.79,53.85,1.0,0.2589,0.5385,6.131,False,all_direct,12.2691,0.5668
104,v4,v3,40.0,52.35,10.0,1.0,0.2617,0.1,10.0898,False,all_direct,16.228,0.8258
104,v4,v6,40.0,72.25,20.0,1.0,0.3612,0.2,6.4417,False,all_direct,12.5775,0.5861
105,v1,v6,40.0,38.47,20.0,1.0,0.1924,0.2,10.8209,False,all_direct,16.9589,0.8574
105,v1,v3,40.0,88.2,0.0,1.0,0.441,0.0,8.8722,False,all_direct,15.0108,0.7693
105,v1,v5,40.0,99.05,0.0,1.0,0.4952,0.0,8.0666,False,all_direct,14.2062,0.7299
105,v1,v4,40.0,130.0,0.0,1.0,0.65,0.0,6.1769,False,all_direct,12.3157,0.567
105,v1,v7,40.0,140.0,10.0,1.0,0.7,0.1,3.2537,False,all_direct,9.3917,0.3219
105,v3,v5,20.0,11.4,0.0,0.6,0.057,0.0,3.0885,False,all_direct,9.2262,0.3119
105,v3,v4,20.0,42.43,0.0,0.6,0.2121,0.0,-6.0422,False,all_direct,0.0979,0.1227
105,v3,v6,20.0,50.0,20.0,0.6,0.25,0.2,-11.0005,False,all_direct,-4.8638,0.0963
105,v3,v7,20.0,52.35,10.0,0.6,0.2617,0.1,-9.9102,False,all_direct,-3.771,0.1012
105,v3,v13,20.0,71.18,53.85,0.6,0.3559,0.5385,-16.0787,True,all_direct,-9.9414,0.1271
105,v4,v7,40.0,10.0,10.0,1.0,0.05,0.1,21.5918,False,all_direct,27.7301,0.9814
105,v4,v13,40.0,29.02,53.85,1.0,0.1451,0.5385,10.1561,False,all_direct,16.2946,0.8266
105,v4,v5,40.0,31.14,0.0,1.0,0.1557,0.0,16.1058,False,all_direct,22.2439,0.9432
105,v4,v3,40.0,42.43,0.0,1.0,0.2121,0.0,13.9578,False,all_direct,20.096,0.9303
105,v4,v15,40.0,55.95,53.85,1.0,0.2797,0.5385,5.5943,False,all_direct,11.7335,0.508
106,v1,v6,40.0,18.97,30.0,1.0,0.0949,0.3,14.7331,False,all_direct,20.8696,0.9342
106,v1,v3,40.0,88.2,10.0,1.0,0.441,0.1,6.4639,False,all_direct,12.6017,0.5904
106,v1,v5,40.0,99.05,40.0,1.0,0.4952,0.4,2.4749,False,all_direct,8.6126,0.2787
106,v1,v4,40.0,130.0,0.0,1.0,0.65,0.0,6.1769,False,all_direct,12.3147,0.5547
106,v1,v13,40.0,130.0,30.0,1.0,0.65,0.3,1.3604,False,all_direct,7.4999,0.2287
106,v3,v5,20.0,11.4,30.0,0.6,0.057,0.3,-1.728,True,all_direct,4.4108,0.1598
106,v3,v4,20.0,42.43,10.0,0.6,0.2121,0.1,-8.4504,False,all_direct,-2.3143,0.1139
106,v3,v13,20.0,42.43,20.0,0.6,0.2121,0.2,-9.8592,False,all_direct,-3.7219,0.1012
106,v3,v7,20.0,62.29,10.0,0.6,0.3114,0.1,-11.1189,True,all_direct,-4.9817,0.0982
106,v3,v6,20.0,70.0,20.0,0.6,0.35,0.2,-13.3385,True,all_direct,-7.2014,0.1066
106,v4,v13,40.0,0.0,30.0,1.0,0.0,0.3,40.0,False,all_direct,46.1382,0.998
106,v4,v7,40.0,20.0,20.0,1.0,0.1,0.2,15.3666,False,all_direct,21.503,0.9422
106,v4,v5,40.0,31.14,40.0,1.0,0.1557,0.4,10.5141,False,all_direct,16.651,0.843
106,v4,v15,40.0,38.47,0.0,1.0,0.1924,0.0,14.6379,False,all_direct,20.7749,0.9398
106,v4,v3,40.0,42.43,10.0,1.0,0.2121,0.1,11.5496,False,all_direct,17.6871,0.8809
107,v1,v6,40.0,48.37,10.0,1.0,0.2419,0.1,10.638,False,all_direct,16.7754,0.8477
107,v1,v3,40.0,98.18,10.0,1.0,0.4909,0.1,5.7191,False,all_direct,11.8543,0.5254
107,v1,v4,40.0,130.0,20.0,1.0,0.65,0.2,2.3599,False,all_direct,8.4984,0.2688
107,v1,v5,40.0,139.03,10.0,1.0,0.6952,0.1,3.3019,False,all_direct,9.4398,0.3316
107,v1,v13,40.0,160.0,20.0,1.0,0.8,0.2,0.9171,True,all_direct,7.0552,0.1959
107,v2,v1,20.0,191.02,40.0,0.6,0.9551,0.4,-22.0892,True,all_direct,-15.9514,0.108
107,v3,v4,20.0,32.56,10.0,0.6,0.1628,0.1,-6.6107,False,all_direct,-0.4745,0.1242
107,v3,v5,20.0,41.11,0.0,0.6,0.2055,0.0,-5.8231,False,all_direct,0.3141,0.1217
107,v3,v6,20.0,50.0,0.0,0.6,0.25,0.0,-7.1835,False,all_direct,-1.0448,0.1109
107,v3,v13,20.0,62.29,10.0,0.6,0.3114,0.1,-11.1189,True,all_direct,-4.9824,0.0992
107,v3,v15,20.0,70.0,30.0,0.6,0.35,0.3,-14.338,True,all_direct,-8.199,0.0941
107,v4,v5,40.0,9.49,10.0,1.0,0.0474,0.1,21.9578,False,all_direct,28.0951,0.9828
107,v4,v13,40.0,30.0,0.0,1.0,0.15,0.0,16.3661,False,all_direct,22.5026,0.9549
107,v4,v3,40.0,32.56,10.0,1.0,0.1628,0.1,13.3893,False,all_direct,19.5269,0.9137
107,v4,v15,40.0,38.47,20.0,1.0,0.1924,0.2,10.8209,False,all_direct,16.9582,0.8613
107,v4,v7,40.0,40.0,0.0,1.0,0.2,0.0,14.367,False,all_direct,20.5045,0.9357
108,v1,v6,40.0,38.47,10.0,1.0,0.1924,0.1,12.2297,False,all_direct,18.3687,0.8922
108,v1,v3,40.0,88.2,10.0,1.0,0.441,0.1,6.4639,False,all_direct,12.6004,0.601
108,v1,v4,40.0,110.0,40.0,1.0,0.55,0.4,1.746,False,all_direct,7.8841,0.241
108,v1,v15,40.0,128.14,0.0,1.0,0.6407,0.0,6.277,False,all_direct,12.4158,0.567
108,v1,v5,40.0,129.03,40.0,1.0,0.6452,0.4,0.6369,False,all_direct,6.7743,0.2053
108,v3,v4,20.0,22.8,30.0,0.6,0.114,0.3,-6.5445,True,all_direct,-0.4061,0.1158
108,v3,v15,20.0,40.0,10.0,0.6,0.2,0.1,-8.0412,False,all_direct,-1.9039,0.11
108,v3,v5,20.0,41.11,30.0,0.6,0.2055,0.3,-10.6396,True,all_direct,-4.5028,0.0963
108,v3,v6,20.0,50.0,0.0,0.6,0.25,0.0,-7.1835,False,all_direct,-1.0448,0.1213
108,v3,v13,20.0,52.35,10.0,0.6,0.2617,0.1,-9.9102,False,all_direct,-3.7733,0.0998
108,v4,v15,40.0,18.97,40.0,1.0,0.0949,0.4,13.9578,False,all_direct,20.0962,0.9307
108,v4,v5,40.0,19.24,0.0,1.0,0.0962,0.0,19.4544,False,all_direct,25.592,0.974
108,v4,v3,40.0,22.8,30.0,1.0,0.114,0.3,13.4555,False,all_direct,19.5929,0.924
108,v4,v13,40.0,30.0,40.0,1.0,0.15,0.4,10.7743,False,all_direct,16.9133,0.8529
108,v4,v7,40.0,40.0,30.0,1.0,0.2,0.3,9.5506,False,all_direct,15.6892,0.799
109,v1,v6,40.0,28.64,20.0,1.0,0.1432,0.2,12.8725,False,all_direct,19.0087,0.9049
109,v1,v4,40.0,70.0,0.0,1.0,0.35,0.0,10.4784,False,all_direct,16.6141,0.8494
109,v1,v3,40.0,78.23,10.0,1.0,0.3912,0.1,7.2977,False,all_direct,13.4367,0.6627
109,v1,v5,40.0,89.05,20.0,1.0,0.4453,0.2,4.9888,False,all_direct,11.1251,0.4576
109,v1,v15,40.0,128.14,10.0,1.0,0.6407,0.1,3.8688,False,all_direct,10.0084,0.3666
109,v3,v4,20.0,10.0,10.0,0.6,0.05,0.1,1.5918,False,all_direct,7.7281,0.2322
109,v3,v5,20.0,11.4,10.0,0.6,0.057,0.1,0.6802,False,all_direct,6.8161,0.1939
109,v3,v6,20.0,50.0,10.0,0.6,0.25,0.1,-9.5918,False,all_direct,-3.4542,0.0992
109,v3,v15,20.0,50.0,0.0,0.6,0.25,0.0,-7.1835,False,all_direct,-1.045,0.1148
109,v3,v7,20.0,62.29,0.0,0.6,0.3114,0.0,-8.7107,True,all_direct,-2.5722,0.1021
109,v4,v3,40.0,10.0,10.0,1.0,0.05,0.1,21.5918,False,all_direct,27.7317,0.9848
109,v4,v5,40.0,19.24,20.0,1.0,0.0962,0.2,15.6374,False,all_direct,21.7739,0.9416
109,v4,v6,40.0,42.43,20.0,1.0,0.2121,0.2,10.1408,False,all_direct,16.2788,0.8244
109,v4,v15,40.0,58.31,10.0,1.0,0.2915,0.1,9.3399,False,all_direct,15.4789,0.7982
109,v4,v1,40.0,70.0,0.0,1.0,0.35,0.0,10.4784,False,all_direct,16.6171,0.8391
110,v1,v6,40.0,48.37,10.0,1.0,0.2419,0.1,10.638,False,all_direct,16.7761,0.85
110,v1,v4,40.0,70.0,20.0,1.0,0.35,0.2,6.6615,False,all_direct,12.8,0.6012
110,v1,v3,40.0,88.2,20.0,1.0,0.441,0.2,5.0552,False,all_direct,11.1916,0.4848
110,v1,v5,40.0,109.04,20.0,1.0,0.5452,0.2,3.5816,False,all_direct,9.7193,0.3512
110,v1,v15,40.0,138.13,40.0,1.0,0.6907,0.4,0.1636,True,all_direct,6.301,0.1848
110,v3,v4,20.0,18.97,0.0,0.6,0.0949,0.0,-0.4504,False,all_direct,5.6852,0.176
110,v3,v5,20.0,21.21,0.0,0.6,0.1061,0.0,-1.2257,False,all_direct,4.9149,0.1523
110,v3,v6,20.0,40.0,10.0,0.6,0.2,0.1,-8.0412,False,all_direct,-1.9032,0.1076
110,v3,v15,20.0,50.0,20.0,0.6,0.25,0.2,-11.0005,False,all_direct,-4.8633,0.0977
110,v3,v7,20.0,62.29,10.0,0.6,0.3114,0.1,-11.1189,True,all_direct,-4.9812,0.0992
110,v4,v3,40.0,18.97,0.0,1.0,0.0949,0.0,19.5496,False,all_direct,25.6878,0.973
110,v4,v6,40.0,22.8,10.0,1.0,0.114,0.1,15.8637,False,all_direct,22.0014,0.95
110,v4,v5,40.0,39.12,0.0,1.0,0.1956,0.0,14.5225,False,all_direct,20.661,0.9271
110,v4,v15,40.0,68.26,20.0,1.0,0.3413,0.2,6.8359,False,all_direct,12.972,0.6318
110,v4,v1,40.0,70.0,20.0,1.0,0.35,0.2,6.6615,False,all_direct,12.7994,0.6053
111,v1,v6,40.0,58.31,10.0,1.0,0.2915,0.1,9.3399,False,all_direct,15.4785,0.7879
111,v1,v4,40.0,90.0,40.0,1.0,0.45,0.4,3.1404,False,all_direct,9.2763,0.3209
111,v1,v3,40.0,108.17,30.0,1.0,0.5408,0.3,2.638,False,all_direct,8.7748,0.2898
111,v1,v5,40.0,129.03,30.0,1.0,0.6452,0.3,1.4122,False,all_direct,7.5495,0.2248
111,v1,v15,40.0,178.1,30.0,1.0,0.8905,0.3,-0.8271,True,all_direct,5.3115,0.1617
111,v3,v4,20.0,18.97,10.0,0.6,0.0949,0.1,-2.8587,False,all_direct,3.2781,0.1402
111,v3,v5,20.0,21.21,0.0,0.6,0.1061,0.0,-1.2257,False,all_direct,4.9111,0.1564
111,v3,v6,20.0,50.0,20.0,0.6,0.25,0.2,-11.0005,False,all_direct,-4.8628,0.0992
111,v3,v15,20.0,70.0,0.0,0.6,0.35,0.0,-9.5216,True,all_direct,-3.3836,0.1002
111,v3,v7,20.0,72.25,20.0,0.6,0.3612,0.2,-13.5583,True,all_direct,-7.4195,0.1018
111,v4,v3,40.0,18.97,10.0,1.0,0.0949,0.1,17.1413,False,all_direct,23.2792,0.9623
111,v4,v6,40.0,32.56,30.0,1.0,0.1628,0.3,10.9811,False,all_direct,17.121,0.8559
111,v4,v5,40.0,39.12,10.0,1.0,0.1956,0.1,12.1142,False,all_direct,18.2501,0.8918
111,v4,v15,40.0,88.2,10.0,1.0,0.441,0.1,6.4639,False,all_direct,12.6002,0.5895
111,v4,v1,40.0,90.0,40.0,1.0,0.45,0.4,3.1404,False,all_direct,9.2804,0.3104
112,v1,v6,40.0,48.37,10.0,1.0,0.2419,0.1,10.638,False,all_direct,16.7768,0.849
112,v1,v4,40.0,50.0,20.0,1.0,0.25,0.2,8.9995,False,all_direct,15.1368,0.7852
112,v1,v3,40.0,78.23,0.0,1.0,0.3912,0.0,9.706,False,all_direct,15.8439,0.8098
112,v1,v5,40.0,99.05,20.0,1.0,0.4952,0.2,4.2497,False,all_direct,10.3874,0.4033
112,v1,v15,40.0,148.12,10.0,1.0,0.7406,0.1,2.8619,False,all_direct,8.9985,0.2963
112,v3,v5,20.0,21.21,20.0,0.6,0.1061,0.2,-5.0427,False,all_direct,1.0948,0.1207
112,v3,v4,20.0,28.64,20.0,0.6,0.1432,0.2,-7.1275,False,all_direct,-0.9906,0.1178
112,v3,v6,20.0,30.0,10.0,0.6,0.15,0.1,-6.0422,False,all_direct,0.0963,0.1129
112,v3,v15,20.0,70.0,10.0,0.6,0.35,0.1,-11.9298,True,all_direct,-5.7927,0.0963
112,v3,v1,20.0,78.23,0.0,0.6,0.3912,0.0,-10.294,True,all_direct,-4.1578,0.1041
112,v4,v6,40.0,6.32,30.0,1.0,0.0316,0.3,22.367,False,all_direct,28.5049,0.9818
112,v4,v3,40.0,28.64,20.0,1.0,0.1432,0.2,12.8725,False,all_direct,19.0105,0.9045
112,v4,v5,40.0,49.09,0.0,1.0,0.2455,0.0,12.9439,False,all_direct,19.082,0.9068
112,v4,v1,40.0,50.0,20.0,1.0,0.25,0.2,8.9995,False,all_direct,15.1364,0.7709
112,v4,v15,40.0,98.18,30.0,1.0,0.4909,0.3,3.3109,False,all_direct,9.4486,0.3291
113,v1,v6,40.0,38.47,20.0,1.0,0.1924,0.2,10.8209,False,all_direct,16.9564,0.8436
113,v1,v4,40.0,70.0,20.0,1.0,0.35,0.2,6.6615,False,all_direct,12.8011,0.5924
113,v1,v3,40.0,78.23,0.0,1.0,0.3912,0.0,9.706,False,all_direct,15.8456,0.8029
113,v1,v5,40.0,119.04,10.0,1.0,0.5952,0.1,4.3808,False,all_direct,10.5196,0.4211
113,v1,v15,40.0,138.13,20.0,1.0,0.6907,0.2,1.9384,False,all_direct,8.0771,0.241
113,v3,v4,20.0,10.0,20.0,0.6,0.05,0.2,0.183,False,all_direct,6.3211,0.193
113,v3,v6,20.0,40.0,20.0,0.6,0.2,0.2,-9.4499,False,all_direct,-3.3118,0.0992
113,v3,v5,20.0,41.11,10.0,0.6,0.2055,0.1,-8.2313,False,all_direct,-2.0939,0.1061
113,v3,v15,20.0,60.0,20.0,0.6,0.3,0.2,-12.2674,True,all_direct,-6.1308,0.1008
113,v3,v1,20.0,78.23,0.0,0.6,0.3912,0.0,-10.294,True,all_direct,-4.1558,0.1002
113,v4,v3,40.0,10.0,20.0,1.0,0.05,0.2,20.183,False,all_direct,26.321,0.973
113,v4,v6,40.0,32.56,0.0,1.0,0.1628,0.0,15.7976,False,all_direct,21.9352,0.9564
113,v4,v5,40.0,49.09,30.0,1.0,0.2455,0.3,8.1274,False,all_direct,14.2662,0.7215
113,v4,v15,40.0,68.26,40.0,1.0,0.3413,0.4,5.0612,False,all_direct,11.199,0.4633
113,v4,v1,40.0,70.0,20.0,1.0,0.35,0.2,6.6615,False,all_direct,12.7987,0.6096
114,v1,v6,40.0,58.31,20.0,1.0,0.2915,0.2,7.9312,False,all_direct,14.069,0.7008
114,v1,v3,40.0,78.23,0.0,1.0,0.3912,0.0,9.706,False,all_direct,15.8428,0.8156
114,v1,v4,40.0,90.0,30.0,1.0,0.45,0.3,3.9156,False,all_direct,10.0531,0.3727
114,v1,v5,40.0,109.04,20.0,1.0,0.5452,0.2,3.5816,False,all_direct,9.7187,0.3484
114,v1,v15,40.0,118.15,0.0,1.0,0.5908,0.0,6.8409,False,all_direct,12.9799,0.6234
114,v3,v4,20.0,13.42,30.0,0.6,0.0671,0.3,-2.8587,True,all_direct,3.2787,0.1516
114,v3,v6,20.0,20.0,20.0,0.6,0.1,0.2,-4.6334,False,all_direct,1.5043,0.1285
114,v3,v5,20.0,31.14,20.0,0.6,0.1557,0.2,-7.7111,False,all_direct,-1.573,0.1129
114,v3,v15,20.0,40.0,0.0,0.6,0.2,0.0,-5.633,False,all_direct,0.5059,0.1258
114,v3,v1,20.0,78.23,0.0,0.6,0.3912,0.0,-10.294,True,all_direct,-4.1537,0.1041
114,v4,v3,40.0,13.42,30.0,1.0,0.0671,0.3,17.1413,False,all_direct,23.2785,0.959
114,v4,v5,40.0,19.24,10.0,1.0,0.0962,0.1,17.0461,False,all_direct,23.1864,0.9682
114,v4,v15,40.0,28.64,30.0,1.0,0.1432,0.3,11.873,False,all_direct,18.0092,0.8822
114,v4,v6,40.0,32.56,10.0,1.0,0.1628,0.1,13.3893,False,all_direct,19.5276,0.9029
114,v4,v7,40.0,70.0,10.0,1.0,0.35,0.1,8.0702,False,all_direct,14.2084,0.7049
115,v1,v6,40.0,38.47,30.0,1.0,0.1924,0.3,9.8214,False,all_direct,15.9581,0.8088
115,v1,v4,40.0,60.0,0.0,1.0,0.3,0.0,11.5496,False,all_direct,17.6873,0.8744
115,v1,v3,40.0,78.23,30.0,1.0,0.3912,0.3,4.8895,False,all_direct,11.0255,0.4533
115,v1,v5,40.0,89.05,0.0,1.0,0.4453,0.0,8.8058,False,all_direct,14.9445,0.7791
115,v1,v15,40.0,118.15,20.0,1.0,0.5908,0.2,3.0239,False,all_direct,9.1639,0.3148
115,v3,v5,20.0,11.4,30.0,0.6,0.057,0.3,-1.728,True,all_direct,4.4091,0.1627
115,v3,v4,20.0,18.97,30.0,0.6,0.0949,0.3,-5.2669,True,all_direct,0.8711,0.1305
115,v3,v6,20.0,40.0,0.0,0.6,0.2,0.0,-5.633,False,all_direct,0.505,0.1217
115,v3,v15,20.0,40.0,10.0,0.6,0.2,0.1,-8.0412,False,all_direct,-1.901,0.1188
115,v3,v7,20.0,42.43,10.0,0.6,0.2121,0.1,-8.4504,False,all_direct,-2.3153,0.1129
115,v4,v3,40.0,18.97,30.0,1.0,0.0949,0.3,14.7331,False,all_direct,20.8717,0.9369
115,v4,v6,40.0,22.8,30.0,1.0,0.114,0.3,13.4555,False,all_direct,19.5932,0.9246
115,v4,v5,40.0,29.15,0.0,1.0,0.1458,0.0,16.5646,False,all_direct,22.7038,0.957
115,v4,v15,40.0,58.31,20.0,1.0,0.2915,0.2,7.9312,False,all_direct,14.068,0.7059
115,v4,v1,40.0,60.0,0.0,1.0,0.3,0.0,11.5496,False,all_direct,17.6869,0.874
116,v1,v4,40.0,60.0,0.0,1.0,0.3,0.0,11.5496,False,all_direct,17.6885,0.8785
116,v1,v6,40.0,68.26,20.0,1.0,0.3413,0.2,6.8359,False,all_direct,12.9723,0.6125
116,v1,v5,40.0,89.05,0.0,1.0,0.4453,0.0,8.8058,False,all_direct,14.9424,0.7563
116,v1,v3,40.0,108.17,20.0,1.0,0.5408,0.2,3.6375,False,all_direct,9.7739,0.3623
116,v1,v15,40.0,138.13,20.0,1.0,0.6907,0.2,1.9384,False,all_direct,8.0764,0.2359
116,v3,v5,20.0,19.24,20.0,0.6,0.0962,0.2,-4.3626,False,all_direct,1.7766,0.1389
116,v3,v15,20.0,30.0,40.0,0.6,0.15,0.4,-9.2257,True,all_direct,-3.0896,0.1021
116,v3,v7,20.0,32.56,30.0,0.6,0.1628,0.3,-9.0189,True,all_direct,-2.8808,0.107
116,v3,v6,20.0,40.0,0.0,0.6,0.2,0.0,-5.633,False,all_direct,0.5043,0.1285
116,v3,v11,20.0,41.11,40.0,0.6,0.2055,0.4,-11.4149,True,all_direct,-5.2778,0.1021
116,v4,v6,40.0,10.0,20.0,1.0,0.05,0.2,20.183,False,all_direct,26.3196,0.9779
116,v4,v5,40.0,29.15,0.0,1.0,0.1458,0.0,16.5646,False,all_direct,22.7017,0.9574
116,v4,v3,40.0,48.37,20.0,1.0,0.2419,0.2,9.2293,False,all_direct,15.3672,0.8053
116,v4,v1,40.0,60.0,0.0,1.0,0.3,0.0,11.5496,False,all_direct,17.6871,0.8732
116,v4,v15,40.0,78.23,20.0,1.0,0.3912,0.2,5.889,False,all_direct,12.0254,0.5359
117,v1,v4,40.0,60.0,30.0,1.0,0.3,0.3,6.7331,False,all_direct,12.8723,0.6113
117,v1,v6,40.0,88.2,40.0,1.0,0.441,0.4,3.2804,False,all_direct,9.4188,0.3287
117,v1,v5,40.0,89.05,30.0,1.0,0.4453,0.3,3.9893,False,all_direct,10.1267,0.3801
117,v1,v15,40.0,118.15,10.0,1.0,0.5908,0.1,4.4327,False,all_direct,10.5703,0.4043
117,v1,v3,40.0,128.14,10.0,1.0,0.6407,0.1,3.8688,False,all_direct,10.0063,0.3742
117,v3,v11,20.0,3.16,0.0,0.6,0.0158,0.0,12.0,False,all_direct,18.1393,0.8928
117,v3,v7,20.0,6.32,10.0,0.6,0.0316,0.1,4.7753,False,all_direct,10.9135,0.4406
117,v3,v15,20.0,10.0,0.0,0.6,0.05,0.0,4.0,False,all_direct,10.1389,0.3861
117,v3,v5,20.0,39.12,20.0,0.6,0.1956,0.2,-9.2945,False,all_direct,-3.1565,0.1027
117,v3,v6,20.0,40.0,30.0,0.6,0.2,0.3,-10.4494,True,all_direct,-4.3134,0.0943
117,v4,v6,40.0,28.64,10.0,1.0,0.1432,0.1,14.2812,False,all_direct,20.4172,0.9309
117,v4,v5,40.0,29.15,0.0,1.0,0.1458,0.0,16.5646,False,all_direct,22.7002,0.9574
117,v4,v15,40.0,58.31,20.0,1.0,0.2915,0.2,7.9312,False,all_direct,14.0695,0.7053
117,v4,v1,40.0,60.0,30.0,1.0,0.3,0.3,6.7331,False,all_direct,12.8705,0.6166
117,v4,v3,40.0,68.26,20.0,1.0,0.3413,0.2,6.8359,False,all_direct,12.9737,0.6303
118,v1,v4,40.0,90.0,10.0,1.0,0.45,0.1,6.3239,False,all_direct,12.4627,0.6039
118,v1,v5,40.0,119.04,40.0,1.0,0.5952,0.4,1.1973,False,all_direct,7.335,0.2215
118,v1,v6,40.0,128.14,20.0,1.0,0.6407,0.2,2.46,False,all_direct,8.5987,0.2752
118,v1,v15,40.0,128.14,40.0,1.0,0.6407,0.4,0.6853,False,all_direct,6.8221,0.1955
118,v1,v7,40.0,130.0,30.0,1.0,0.65,0.3,1.3604,False,all_direct,7.4964,0.2199
118,v3,v11,20.0,3.16,30.0,0.6,0.0158,0.3,7.1835,True,all_direct,13.3214,0.6477
118,v3,v6,20.0,10.0,20.0,0.6,0.05,0.2,0.183,False,all_direct,6.3198,0.1896
118,v3,v7,20.0,10.0,10.0,0.6,0.05,0.1,1.5918,False,all_direct,7.7285,0.234
118,v3,v15,20.0,10.0,0.0,0.6,0.05,0.0,4.0,False,all_direct,10.1399,0.3889
118,v3,v5,20.0,19.24,0.0,0.6,0.0962,0.0,-0.5456,False,all_direct,5.5937,0.1889
118,v4,v5,40.0,29.15,30.0,1.0,0.1458,0.3,11.7482,False,all_direct,17.8874,0.8805
118,v4,v6,40.0,38.47,10.0,1.0,0.1924,0.1,12.2297,False,all_direct,18.3685,0.8994
118,v4,v15,40.0,38.47,30.0,1.0,0.1924,0.3,9.8214,False,all_direct,15.9594,0.8088
118,v4,v7,40.0,40.0,20.0,1.0,0.2,0.2,10.5501,False,all_direct,16.6859,0.8486
118,v4,v3,40.0,48.37,30.0,1.0,0.2419,0.3,8.2298,False,all_direct,14.3675,0.732
119,v1,v5,40.0,79.06,0.0,1.0,0.3953,0.0,9.633,False,all_direct,15.7721,0.7902
119,v1,v4,40.0,80.0,10.0,1.0,0.4,0.1,7.1423,False,all_direct,13.2809,0.6535
119,v1,v15,40.0,88.2,10.0,1.0,0.441,0.1,6.4639,False,all_direct,12.6014,0.5824
119,v1,v3,40.0,98.18,30.0,1.0,0.4909,0.3,3.3109,False,all_direct,9.449,0.335
119,v1,v7,40.0,100.0,10.0,1.0,0.5,0.1,5.5918,False,all_direct,11.7304,0.5268
119,v3,v7,20.0,6.32,20.0,0.6,0.0316,0.2,3.3666,False,all_direct,9.5029,0.3252
119,v3,v6,20.0,10.0,20.0,0.6,0.05,0.2,0.183,False,all_direct,6.3195,0.1832
119,v3,v15,20.0,10.0,20.0,0.6,0.05,0.2,0.183,False,all_direct,6.3217,0.1842
119,v3,v4,20.0,18.97,20.0,0.6,0.0949,0.2,-4.2674,False,all_direct,1.8712,0.1344
119,v3,v5,20.0,19.24,30.0,0.6,0.0962,0.3,-5.3621,True,all_direct,0.7747,0.1252
119,v4,v5,40.0,3.16,10.0,1.0,0.0158,0.1,29.5918,False,all_direct,35.7309,0.9912
119,v4,v15,40.0,10.0,0.0,1.0,0.05,0.0,24.0,False,all_direct,30.1385,0.9857
119,v4,v3,40.0,18.97,20.0,1.0,0.0949,0.2,15.7326,False,all_direct,21.8698,0.9496
119,v4,v7,40.0,20.0,0.0,1.0,0.1,0.0,19.1835,False,all_direct,25.3202,0.975
119,v4,v6,40.0,28.64,0.0,1.0,0.1432,0.0,16.6895,False,all_direct,22.8263,0.9525
120,v1,v3,40.0,68.26,0.0,1.0,0.3413,0.0,10.6529,False,all_direct,16.7913,0.8623
120,v1,v4,40.0,70.0,20.0,1.0,0.35,0.2,6.6615,False,all_direct,12.7979,0.6076
120,v1,v15,40.0,78.23,20.0,1.0,0.3912,0.2,5.889,False,all_direct,12.026,0.5463
120,v1,v5,40.0,79.06,0.0,1.0,0.3953,0.0,9.633,False,all_direct,15.7722,0.7943
120,v1,v7,40.0,90.0,0.0,1.0,0.45,0.0,8.7321,False,all_direct,14.868,0.7531
120,v3,v4,20.0,6.32,20.0,0.6,0.0316,0.2,3.3666,False,all_direct,9.5039,0.3264
120,v3,v15,20.0,10.0,20.0,0.6,0.05,0.2,0.183,False,all_direct,6.3193,0.1834
120,v3,v5,20.0,11.4,0.0,0.6,0.057,0.0,3.0885,False,all_direct,9.2255,0.3053
120,v3,v7,20.0,22.8,0.0,0.6,0.114,0.0,-1.728,False,all_direct,4.4113,0.1584
120,v3,v6,20.0,30.0,20.0,0.6,0.15,0.2,-7.4509,False,all_direct,-1.314,0.1129
120,v4,v3,40.0,6.32,20.0,1.0,0.0316,0.2,23.3666,False,all_direct,29.5046,0.9893
120,v4,v5,40.0,9.49,20.0,1.0,0.0474,0.2,20.5491,False,all_direct,26.6856,0.9795
120,v4,v15,40.0,10.0,40.0,1.0,0.05,0.4,18.4082,False,all_direct,24.5442,0.974
120,v4,v7,40.0,20.0,20.0,1.0,0.1,0.2,15.3666,False,all_direct,21.5028,0.9451
120,v4,v6,40.0,28.64,0.0,1.0,0.1432,0.0,16.6895,False,all_direct,22.8281,0.9525
121,v1,v15,40.0,58.31,30.0,1.0,0.2915,0.3,6.9317,False,all_direct,13.0702,0.6352
121,v1,v3,40.0,68.26,10.0,1.0,0.3413,0.1,8.2447,False,all_direct,14.3834,0.7275
121,v1,v5,40.0,79.06,0.0,1.0,0.3953,0.0,9.633,False,all_direct,15.7691,0.8053
121,v1,v4,40.0,90.0,30.0,1.0,0.45,0.3,3.9156,False,all_direct,10.0534,0.3816
121,v1,v7,40.0,90.0,10.0,1.0,0.45,0.1,6.3239,False,all_direct,12.4596,0.584
121,v3,v15,20.0,10.0,40.0,0.6,0.05,0.4,-1.5918,True,all_direct,4.546,0.1559
121,v3,v5,20.0,11.4,10.0,0.6,0.057,0.1,0.6802,False,all_direct,6.8171,0.1988
121,v3,v4,20.0,22.8,40.0,0.6,0.114,0.4,-7.3198,True,all_direct,-1.1811,0.1227
121,v3,v7,20.0,22.8,0.0,0.6,0.114,0.0,-1.728,False,all_direct,4.4103,0.1564
121,v3,v13,20.0,42.43,10.0,0.6,0.2121,0.1,-8.4504,False,all_direct,-2.3127,0.1061
121,v4,v7,40.0,0.0,40.0,1.0,0.0,0.4,40.0,False,all_direct,46.1354,0.998
121,v4,v5,40.0,11.4,30.0,1.0,0.057,0.3,18.272,False,all_direct,24.4115,0.9633
121,v4,v13,40.0,20.0,30.0,1.0,0.1,0.3,14.367,False,all_direct,20.5048,0.9299
121,v4,v3,40.0,22.8,40.0,1.0,0.114,0.4,12.6802,False,all_direct,18.818,0.9078
121,v4,v6,40.0,28.64,30.0,1.0,0.1432,0.3,11.873,False,all_direct,18.0124,0.8828
122,v1,v15,40.0,28.64,10.0,1.0,0.1432,0.1,14.2812,False,all_direct,20.4197,0.926
122,v1,v4,40.0,60.0,20.0,1.0,0.3,0.2,7.7326,False,all_direct,13.8685,0.6922
122,v1,v3,40.0,78.23,0.0,1.0,0.3912,0.0,9.706,False,all_direct,15.8443,0.8133
122,v1,v5,40.0,79.06,20.0,1.0,0.3953,0.2,5.816,False,all_direct,11.9562,0.5305
122,v1,v11,40.0,99.05,10.0,1.0,0.4952,0.1,5.6584,False,all_direct,11.7951,0.5215
122,v3,v5,20.0,3.16,20.0,0.6,0.0158,0.2,8.183,False,all_direct,14.3237,0.7312
122,v3,v4,20.0,18.97,20.0,0.6,0.0949,0.2,-4.2674,False,all_direct,1.8698,0.135
122,v3,v11,20.0,21.21,10.0,0.6,0.1061,0.1,-3.6339,False,all_direct,2.5039,0.135
122,v3,v7,20.0,22.8,10.0,0.6,0.114,0.1,-4.1363,False,all_direct,2.0001,0.1305
122,v3,v13,20.0,32.56,20.0,0.6,0.1628,0.2,-8.0194,False,all_direct,-1.8819,0.109
122,v4,v3,40.0,18.97,20.0,1.0,0.0949,0.2,15.7326,False,all_direct,21.8703,0.9436
122,v4,v5,40.0,19.24,0.0,1.0,0.0962,0.0,19.4544,False,all_direct,25.5944,0.9779
122,v4,v15,40.0,32.56,30.0,1.0,0.1628,0.3,10.9811,False,all_direct,17.1205,0.8525
122,v4,v11,40.0,39.12,30.0,1.0,0.1956,0.3,9.706,False,all_direct,15.8434,0.7977
122,v4,v7,40.0,40.0,10.0,1.0,0.2,0.1,11.9588,False,all_direct,18.099,0.877
123,v1,v15,40.0,18.97,40.0,1.0,0.0949,0.4,13.9578,False,all_direct,20.0969,0.9309
123,v1,v3,40.0,78.23,40.0,1.0,0.3912,0.4,4.1142,False,all_direct,10.2511,0.384
123,v1,v4,40.0,80.0,20.0,1.0,0.4,0.2,5.7336,False,all_direct,11.8721,0.543
123,v1,v11,40.0,89.05,0.0,1.0,0.4453,0.0,8.8058,False,all_direct,14.9446,0.7688
123,v1,v6,40.0,98.18,10.0,1.0,0.4909,0.1,5.7191,False,all_direct,11.857,0.5381
123,v3,v4,20.0,6.32,20.0,0.6,0.0316,0.2,3.3666,False,all_direct,9.5047,0.3207
123,v3,v11,20.0,11.4,40.0,0.6,0.057,0.4,-2.5033,True,all_direct,3.6362,0.1377
123,v3,v6,20.0,20.0,30.0,0.6,0.1,0.3,-5.633,True,all_direct,0.5021,0.1203
123,v3,v5,20.0,21.21,20.0,0.6,0.1061,0.2,-5.0427,False,all_direct,1.0968,0.1285
123,v3,v7,20.0,32.56,40.0,0.6,0.1628,0.4,-9.7942,True,all_direct,-3.6564,0.1051
123,v4,v3,40.0,6.32,20.0,1.0,0.0316,0.2,23.3666,False,all_direct,29.5048,0.9828
123,v4,v11,40.0,9.49,20.0,1.0,0.0474,0.2,20.5491,False,all_direct,26.688,0.977
123,v4,v6,40.0,18.97,10.0,1.0,0.0949,0.1,17.1413,False,all_direct,23.2785,0.9564
123,v4,v5,40.0,19.24,0.0,1.0,0.0962,0.0,19.4544,False,all_direct,25.5909,0.973
123,v4,v7,40.0,30.0,20.0,1.0,0.15,0.2,12.5491,False,all_direct,18.689,0.8961
124,v1,v15,40.0,58.31,10.0,1.0,0.2915,0.1,9.3399,False,all_direct,15.4776,0.7916
124,v1,v11,40.0,89.05,20.0,1.0,0.4453,0.2,4.9888,False,all_direct,11.127,0.4582
124,v1,v4,40.0,100.0,40.0,1.0,0.5,0.4,2.4082,False,all_direct,8.5446,0.2703
124,v1,v6,40.0,108.17,10.0,1.0,0.5408,0.1,5.0463,False,all_direct,11.1849,0.4625
124,v1,v7,40.0,110.0,40.0,1.0,0.55,0.4,1.746,False,all_direct,7.884,0.2264
124,v3,v5,20.0,3.16,10.0,0.6,0.0158,0.1,9.5918,False,all_direct,15.7313,0.8148
124,v3,v6,20.0,10.0,10.0,0.6,0.05,0.1,1.5918,False,all_direct,7.7311,0.2395
124,v3,v7,20.0,10.0,20.0,0.6,0.05,0.2,0.183,False,all_direct,6.3233,0.1861
124,v3,v4,20.0,18.97,20.0,0.6,0.0949,0.2,-4.2674,False,all_direct,1.8715,0.1289
124,v3,v11,20.0,29.15,0.0,0.6,0.1458,0.0,-3.4354,False,all_direct,2.7024,0.1402
124,v4,v6,40.0,10.0,30.0,1.0,0.05,0.3,19.1835,False,all_direct,25.3222,0.9617
124,v4,v7,40.0,10.0,0.0,1.0,0.05,0.0,24.0,False,all_direct,30.1392,0.9863
124,v4,v11,40.0,11.4,20.0,1.0,0.057,0.2,19.2715,False,all_direct,25.4101,0.974
124,v4,v3,40.0,18.97,20.0,1.0,0.0949,0.2,15.7326,False,all_direct,21.8715,0.9461
124,v4,v5,40.0,19.24,30.0,1.0,0.0962,0.3,14.6379,False,all_direct,20.777,0.9383
125,v1,v15,40.0,48.37,20.0,1.0,0.2419,0.2,9.2293,False,all_direct,15.3672,0.7812
125,v1,v4,40.0,60.0,10.0,1.0,0.3,0.1,9.1413,False,all_direct,15.2781,0.7775
125,v1,v11,40.0,69.07,20.0,1.0,0.3453,0.2,6.7549,False,all_direct,12.8952,0.6072
125,v1,v7,40.0,70.0,0.0,1.0,0.35,0.0,10.4784,False,all_direct,16.6158,0.8391
125,v1,v3,40.0,98.18,10.0,1.0,0.4909,0.1,5.7191,False,all_direct,11.8579,0.5281
125,v3,v6,20.0,0.0,10.0,0.6,0.0,0.1,33.5918,False,all_direct,39.729,0.9906
125,v3,v5,20.0,11.4,0.0,0.6,0.057,0.0,3.0885,False,all_direct,9.2279,0.3031
125,v3,v13,20.0,22.8,10.0,0.6,0.114,0.1,-4.1363,False,all_direct,2.0011,0.1334
125,v3,v7,20.0,28.64,10.0,0.6,0.1432,0.1,-5.7188,False,all_direct,0.4205,0.1217
125,v3,v11,20.0,29.15,30.0,0.6,0.1458,0.3,-8.2518,True,all_direct,-2.1128,0.1129
125,v4,v11,40.0,9.49,10.0,1.0,0.0474,0.1,21.9578,False,all_direct,28.0957,0.9779
125,v4,v7,40.0,10.0,10.0,1.0,0.05,0.1,21.5918,False,all_direct,27.7295,0.9828
125,v4,v15,40.0,13.42,10.0,1.0,0.0671,0.1,19.5496,False,all_direct,25.6888,0.9701
125,v4,v3,40.0,38.47,20.0,1.0,0.1924,0.2,10.8209,False,all_direct,16.9565,0.8475
125,v4,v6,40.0,38.47,10.0,1.0,0.1924,0.1,12.2297,False,all_direct,18.3677,0.8912
126,v1,v15,40.0,68.26,20.0,1.0,0.3413,0.2,6.8359,False,all_direct,12.9747,0.6322
126,v1,v4,40.0,70.0,40.0,1.0,0.35,0.4,4.8867,False,all_direct,11.0238,0.4514
126,v1,v7,40.0,70.0,0.0,1.0,0.35,0.0,10.4784,False,all_direct,16.6152,0.8367
126,v1,v3,40.0,88.2,20.0,1.0,0.441,0.2,5.0552,False,all_direct,11.1934,0.4797
126,v1,v11,40.0,89.05,10.0,1.0,0.4453,0.1,6.3976,False,all_direct,12.5337,0.576
126,v3,v11,20.0,3.16,10.0,0.6,0.0158,0.1,9.5918,False,all_direct,15.7281,0.7996
126,v3,v6,20.0,10.0,0.0,0.6,0.05,0.0,4.0,False,all_direct,10.1362,0.3879
126,v3,v5,20.0,11.4,0.0,0.6,0.057,0.0,3.0885,False,all_direct,9.2242,0.3209
126,v3,v4,20.0,18.97,20.0,0.6,0.0949,0.2,-4.2674,False,all_direct,1.8698,0.1402
126,v3,v7,20.0,18.97,20.0,0.6,0.0949,0.2,-4.2674,False,all_direct,1.8701,0.1311
126,v4,v7,40.0,0.0,40.0,1.0,0.0,0.4,40.0,False,all_direct,46.1381,0.999
126,v4,v15,40.0,6.32,20.0,1.0,0.0316,0.2,23.3666,False,all_direct,29.5052,0.9844
126,v4,v3,40.0,18.97,20.0,1.0,0.0949,0.2,15.7326,False,all_direct,21.8687,0.949
126,v4,v11,40.0,19.24,30.0,1.0,0.0962,0.3,14.6379,False,all_direct,20.7749,0.9275
126,v4,v6,40.0,28.64,20.0,1.0,0.1432,0.2,12.8725,False,all_direct,19.0105,0.9068
127,v1,v7,40.0,70.0,30.0,1.0,0.35,0.3,5.662,False,all_direct,11.7977,0.5234
127,v1,v15,40.0,88.2,0.0,1.0,0.441,0.0,8.8722,False,all_direct,15.0092,0.7828
127,v1,v11,40.0,99.05,10.0,1.0,0.4952,0.1,5.6584,False,all_direct,11.7943,0.5201
127,v1,v3,40.0,108.17,30.0,1.0,0.5408,0.3,2.638,False,all_direct,8.7756,0.2945
127,v1,v4,40.0,110.0,10.0,1.0,0.55,0.1,4.9295,False,all_direct,11.0694,0.4455
127,v2,v1,20.0,175.03,20.0,0.6,0.8751,0.2,-19.7066,True,all_direct,-13.5687,0.1002
127,v3,v4,20.0,6.32,40.0,0.6,0.0316,0.4,1.5918,True,all_direct,7.7308,0.2213
127,v3,v11,20.0,9.49,40.0,0.6,0.0474,0.4,-1.2257,True,all_direct,4.9123,0.1623
127,v3,v6,20.0,10.0,10.0,0.6,0.05,0.1,1.5918,False,all_direct,7.7283,0.2252
127,v3,v5,20.0,11.4,0.0,0.6,0.057,0.0,3.0885,False,all_direct,9.2265,0.316
127,v3,v15,20.0,20.0,30.0,0.6,0.1,0.3,-5.633,True,all_direct,0.5054,0.1213
127,v4,v3,40.0,6.32,40.0,1.0,0.0316,0.4,21.5918,False,all_direct,27.729,0.9779
127,v4,v5,40.0,9.49,40.0,1.0,0.0474,0.4,18.7743,False,all_direct,24.9116,0.9711
127,v4,v6,40.0,10.0,30.0,1.0,0.05,0.3,19.1835,False,all_direct,25.3219,0.973
127,v4,v11,40.0,11.4,0.0,1.0,0.057,0.0,23.0885,False,all_direct,29.2257,0.9779
127,v4,v13,40.0,20.0,40.0,1.0,0.1,0.4,13.5918,False,all_direct,19.7295,0.923
128,v1,v7,40.0,40.0,10.0,1.0,0.2,0.1,11.9588,False,all_direct,18.0964,0.8803
128,v1,v3,40.0,78.23,10.0,1.0,0.3912,0.1,7.2977,False,all_direct,13.435,0.6662
128,v1,v15,40.0,88.2,10.0,1.0,0.441,0.1,6.4639,False,all_direct,12.6015,0.5934
128,v1,v5,40.0,89.05,30.0,1.0,0.4453,0.3,3.9893,False,all_direct,10.1266,0.3771
128,v1,v6,40.0,98.18,0.0,1.0,0.4909,0.0,8.1274,False,all_direct,14.2664,0.7242
128,v2,v1,20.0,155.03,50.0,0.6,0.7751,0.5,-21.2718,True,all_direct,-15.1331,0.1029
128,v2,v7,20.0,195.02,40.0,0.6,0.9751,0.4,-22.2331,True,all_direct,-16.092,0.1068
128,v3,v15,20.0,10.0,0.0,0.6,0.05,0.0,4.0,False,all_direct,10.1389,0.3934
128,v3,v5,20.0,11.4,20.0,0.6,0.057,0.2,-0.7285,False,all_direct,5.4094,0.1656
128,v3,v6,20.0,20.0,10.0,0.6,0.1,0.1,-3.2247,False,all_direct,2.9135,0.1393
128,v3,v13,20.0,22.8,20.0,0.6,0.114,0.2,-5.545,False,all_direct,0.5921,0.1285
128,v3,v11,20.0,31.14,30.0,0.6,0.1557,0.3,-8.7107,True,all_direct,-2.5711,0.109
128,v4,v11,40.0,11.4,0.0,1.0,0.057,0.0,23.0885,False,all_direct,29.224,0.9818
128,v4,v13,40.0,20.0,10.0,1.0,0.1,0.1,16.7753,False,all_direct,22.912,0.9594
128,v4,v6,40.0,22.8,40.0,1.0,0.114,0.4,12.6802,False,all_direct,18.8192,0.9146
128,v4,v5,40.0,31.14,10.0,1.0,0.1557,0.1,13.6976,False,all_direct,19.8353,0.9166
128,v4,v15,40.0,32.56,30.0,1.0,0.1628,0.3,10.9811,False,all_direct,17.1198,0.8588
129,v1,v7,40.0,50.0,10.0,1.0,0.25,0.1,10.4082,False,all_direct,16.546,0.8332
129,v1,v3,40.0,88.2,20.0,1.0,0.441,0.2,5.0552,False,all_direct,11.193,0.4787
129,v1,v6,40.0,98.18,20.0,1.0,0.4909,0.2,4.3104,False,all_direct,10.448,0.4027
129,v1,v15,40.0,98.18,20.0,1.0,0.4909,0.2,4.3104,False,all_direct,10.4488,0.3953
129,v1,v2,40.0,105.04,30.0,1.0,0.5252,0.3,2.8417,False,all_direct,8.9788,0.2943
129,v2,v1,20.0,105.04,30.0,0.6,0.5252,0.3,-17.1583,True,all_direct,-11.0229,0.1068
129,v2,v7,20.0,155.03,20.0,0.6,0.7751,0.2,-18.8636,True,all_direct,-12.7237,0.1104
129,v2,v3,20.0,193.02,10.0,0.6,0.9651,0.1,-18.978,True,all_direct,-12.842,0.0951
129,v3,v6,20.0,10.0,0.0,0.6,0.05,0.0,4.0,False,all_direct,10.1379,0.3699
129,v3,v15,20.0,10.0,0.0,0.6,0.05,0.0,4.0,False,all_direct,10.1379,0.3854
129,v3,v5,20.0,31.14,20.0,0.6,0.1557,0.2,-7.7111,False,all_direct,-1.5715,0.108
129,v3,v7,20.0,38.47,10.0,0.6,0.1924,0.1,-7.7703,False,all_direct,-1.6342,0.1129
129,v3,v13,20.0,42.43,0.0,0.6,0.2121,0.0,-6.0422,False,all_direct,0.0956,0.1168
129,v4,v11,40.0,11.4,0.0,1.0,0.057,0.0,23.0885,False,all_direct,29.2274,0.9818
129,v4,v13,40.0,30.0,30.0,1.0,0.15,0.3,11.5496,False,all_direct,17.6855,0.8785
129,v4,v5,40.0,41.11,10.0,1.0,0.2055,0.1,11.7687,False,all_direct,17.9032,0.8734
129,v4,v6,40.0,62.29,30.0,1.0,0.3114,0.3,6.4729,False,all_direct,12.611,0.5898
129,v4,v15,40.0,62.29,30.0,1.0,0.3114,0.3,6.4729,False,all_direct,12.6101,0.5766
130,v1,v7,40.0,60.0,20.0,1.0,0.3,0.2,7.7326,False,all_direct,13.8705,0.698
130,v1,v2,40.0,75.06,20.0,1.0,0.3753,0.2,6.1765,False,all_direct,12.3125,0.5699
130,v1,v3,40.0,108.17,0.0,1.0,0.5408,0.0,7.4545,False,all_direct,13.5921,0.6742
130,v1,v6,40.0,118.15,20.0,1.0,0.5908,0.2,3.0239,False,all_direct,9.1613,0.3098
130,v1,v15,40.0,118.15,0.0,1.0,0.5908,0.0,6.8409,False,all_direct,12.9784,0.6201
130,v2,v1,20.0,75.06,20.0,0.6,0.3753,0.2,-13.8235,True,all_direct,-7.6866,0.117
130,v2,v7,20.0,135.03,40.0,0.6,0.6752,0.4,-19.6788,True,all_direct,-13.5425,0.1088
130,v2,v3,20.0,183.02,20.0,0.6,0.9151,0.2,-20.0171,True,all_direct,-13.8779,0.1041
130,v2,v6,20.0,193.02,40.0,0.6,0.9651,0.4,-22.1615,True,all_direct,-16.0244,0.1035
130,v2,v15,20.0,193.02,20.0,0.6,0.9651,0.2,-20.3867,True,all_direct,-14.2487,0.1197
130,v3,v6,20.0,10.0,20.0,0.6,0.05,0.2,0.183,False,all_direct,6.3201,0.1871
130,v3,v15,20.0,10.0,0.0,0.6,0.05,0.0,4.0,False,all_direct,10.1372,0.3852
130,v3,v5,20.0,11.4,10.0,0.6,0.057,0.1,0.6802,False,all_direct,6.8168,0.1955
130,v3,v11,20.0,31.14,30.0,0.6,0.1557,0.3,-8.7107,True,all_direct,-2.5731,0.1021
130,v3,v4,20.0,42.43,20.0,0.6,0.2121,0.2,-9.8592,False,all_direct,-3.7218,0.1002
130,v4,v13,40.0,0.0,10.0,1.0,0.0,0.1,40.0,False,all_direct,46.1373,0.998
130,v4,v11,40.0,11.4,10.0,1.0,0.057,0.1,20.6802,False,all_direct,26.8172,0.9809
130,v4,v5,40.0,31.14,10.0,1.0,0.1557,0.1,13.6976,False,all_direct,19.835,0.9152
130,v4,v6,40.0,32.56,0.0,1.0,0.1628,0.0,15.7976,False,all_direct,21.934,0.9564
130,v4,v15,40.0,32.56,20.0,1.0,0.1628,0.2,11.9806,False,all_direct,18.1157,0.8844
131,v1,v7,40.0,40.0,30.0,1.0,0.2,0.3,9.5506,False,all_direct,15.6874,0.8135
131,v1,v2,40.0,55.08,10.0,1.0,0.2754,0.1,9.7356,False,all_direct,15.8734,0.8184
131,v1,v6,40.0,98.18,40.0,1.0,0.4909,0.4,2.5356,False,all_direct,8.671,0.2748
131,v1,v3,40.0,108.17,0.0,1.0,0.5408,0.0,7.4545,False,all_direct,13.5932,0.6613
131,v1,v5,40.0,109.04,30.0,1.0,0.5452,0.3,2.5821,False,all_direct,8.7188,0.2797
131,v2,v1,20.0,55.08,10.0,0.6,0.2754,0.1,-10.2644,True,all_direct,-4.1265,0.0973
131,v2,v7,20.0,95.05,40.0,0.6,0.4752,0.4,-17.2388,True,all_direct,-11.1015,0.1182
131,v2,v6,20.0,153.03,50.0,0.6,0.7651,0.5,-21.1816,True,all_direct,-15.0441,0.0979
131,v2,v3,20.0,163.03,10.0,0.6,0.8151,0.1,-17.8044,True,all_direct,-11.6686,0.098
131,v2,v5,20.0,164.0,40.0,0.6,0.82,0.4,-21.0293,True,all_direct,-14.8925,0.1037
131,v3,v5,20.0,3.16,30.0,0.6,0.0158,0.3,7.1835,True,all_direct,13.3219,0.6564
131,v3,v11,20.0,3.16,10.0,0.6,0.0158,0.1,9.5918,False,all_direct,15.7285,0.8096
131,v3,v6,20.0,10.0,40.0,0.6,0.05,0.4,-1.5918,True,all_direct,4.5457,0.1559
131,v3,v15,20.0,10.0,20.0,0.6,0.05,0.2,0.183,False,all_direct,6.3202,0.1896
131,v3,v4,20.0,22.8,20.0,0.6,0.114,0.2,-5.545,False,all_direct,0.5945,0.1207
131,v4,v13,40.0,10.0,0.0,1.0,0.05,0.0,24.0,False,all_direct,30.1349,0.9848
131,v4,v15,40.0,13.42,0.0,1.0,0.0671,0.0,21.9578,False,all_direct,28.0956,0.976
131,v4,v5,40.0,21.21,10.0,1.0,0.1061,0.1,16.3661,False,all_direct,22.5043,0.951
131,v4,v11,40.0,21.21,10.0,1.0,0.1061,0.1,16.3661,False,all_direct,22.5042,0.9494
131,v4,v3,40.0,22.8,20.0,1.0,0.114,0.2,14.455,False,all_direct,20.5929,0.9334
132,v1,v7,40.0,10.0,40.0,1.0,0.05,0.4,18.4082,False,all_direct,24.5438,0.9652
132,v1,v2,40.0,45.1,10.0,1.0,0.2255,0.1,11.125,False,all_direct,17.262,0.8752
132,v1,v6,40.0,58.31,0.0,1.0,0.2915,0.0,11.7482,False,all_direct,17.8872,0.8813
132,v1,v5,40.0,79.06,0.0,1.0,0.3953,0.0,9.633,False,all_direct,15.7708,0.8053
132,v1,v15,40.0,98.18,30.0,1.0,0.4909,0.3,3.3109,False,all_direct,9.4485,0.3375
132,v2,v1,20.0,45.1,10.0,0.6,0.2255,0.1,-8.875,False,all_direct,-2.7371,0.1021
132,v2,v7,20.0,55.08,50.0,0.6,0.2754,0.5,-14.0813,True,all_direct,-7.9426,0.0982
132,v2,v6,20.0,103.04,10.0,0.6,0.5152,0.1,-14.6166,True,all_direct,-8.4781,0.1236
132,v2,v5,20.0,124.0,10.0,0.6,0.62,0.1,-15.903,True,all_direct,-9.7657,0.1113
132,v2,v15,20.0,143.03,40.0,0.6,0.7152,0.4,-20.0787,True,all_direct,-13.9406,0.1135
132,v3,v4,20.0,6.32,0.0,0.6,0.0316,0.0,7.1835,False,all_direct,13.3218,0.6514
132,v3,v11,20.0,9.49,10.0,0.6,0.0474,0.1,1.9578,False,all_direct,8.0943,0.2482
132,v3,v15,20.0,10.0,20.0,0.6,0.05,0.2,0.183,False,all_direct,6.3187,0.1955
132,v3,v13,20.0,13.42,10.0,0.6,0.0671,0.1,-0.4504,False,all_direct,5.6883,0.1809
132,v3,v5,20.0,29.15,10.0,0.6,0.1458,0.1,-5.8436,False,all_direct,0.2945,0.1291
132,v4,v3,40.0,6.32,0.0,1.0,0.0316,0.0,27.1835,False,all_direct,33.3235,0.9883
132,v4,v13,40.0,10.0,10.0,1.0,0.05,0.1,21.5918,False,all_direct,27.7299,0.9824
132,v4,v11,40.0,11.4,10.0,1.0,0.057,0.1,20.6802,False,all_direct,26.8168,0.9818
132,v4,v15,40.0,13.42,20.0,1.0,0.0671,0.2,18.1408,False,all_direct,24.2747,0.9672
132,v4,v5,40.0,31.14,10.0,1.0,0.1557,0.1,13.6976,False,all_direct,19.8355,0.9295
133,v1,v7,40.0,30.0,0.0,1.0,0.15,0.0,16.3661,False,all_direct,22.503,0.9555
133,v1,v2,40.0,35.13,50.0,1.0,0.1756,0.5,9.0443,False,all_direct,15.1822,0.7873
133,v1,v6,40.0,58.31,20.0,1.0,0.2915,0.2,7.9312,False,all_direct,14.0707,0.6988
133,v1,v15,40.0,68.26,10.0,1.0,0.3413,0.1,8.2447,False,all_direct,14.3803,0.7404
133,v1,v5,40.0,79.06,0.0,1.0,0.3953,0.0,9.633,False,all_direct,15.7692,0.8096
133,v2,v7,20.0,5.83,50.0,0.6,0.0292,0.5,1.523,True,all_direct,7.6603,0.2213
133,v2,v1,20.0,35.13,50.0,0.6,0.1756,0.5,-10.9557,True,all_direct,-4.8179,0.0982
133,v2,v6,20.0,93.05,30.0,0.6,0.4652,0.3,-16.3158,True,all_direct,-10.1773,0.1152
133,v2,v15,20.0,103.04,40.0,0.6,0.5152,0.4,-17.8001,True,all_direct,-11.6627,0.1092
133,v2,v5,20.0,114.0,50.0,0.6,0.57,0.5,-19.1357,True,all_direct,-12.998,0.0992
133,v3,v11,20.0,3.16,0.0,0.6,0.0158,0.0,12.0,False,all_direct,18.1376,0.8924
133,v3,v4,20.0,6.32,10.0,0.6,0.0316,0.1,4.7753,False,all_direct,10.9131,0.4428
133,v3,v5,20.0,19.24,20.0,0.6,0.0962,0.2,-4.3626,False,all_direct,1.7772,0.1373
133,v3,v13,20.0,22.8,20.0,0.6,0.114,0.2,-5.545,False,all_direct,0.5926,0.1256
133,v3,v15,20.0,30.0,10.0,0.6,0.15,0.1,-6.0422,False,all_direct,0.0968,0.1217
133,v4,v11,40.0,3.16,10.0,1.0,0.0158,0.1,29.5918,False,all_direct,35.7288,0.9887
133,v4,v3,40.0,6.32,10.0,1.0,0.0316,0.1,24.7753,False,all_direct,30.9125,0.975
133,v4,v13,40.0,20.0,30.0,1.0,0.1,0.3,14.367,False,all_direct,20.5045,0.9318
133,v4,v5,40.0,21.21,30.0,1.0,0.1061,0.3,13.9578,False,all_direct,20.0955,0.9309
133,v4,v15,40.0,32.56,20.0,1.0,0.1628,0.2,11.9806,False,all_direct,18.1187,0.8869
134,v1,v7,40.0,0.0,0.0,1.0,0.0,0.0,40.0,False,all_direct,46.1383,0.999
134,v1,v2,40.0,4.24,0.0,1.0,0.0212,0.0,29.9578,False,all_direct,36.095,0.9951
134,v1,v6,40.0,66.27,40.0,1.0,0.3314,0.4,5.2669,False,all_direct,11.4044,0.4846
134,v1,v15,40.0,66.27,20.0,1.0,0.3314,0.2,7.0417,False,all_direct,13.1804,0.6416
134,v1,v5,40.0,67.07,50.0,1.0,0.3353,0.5,4.5506,False,all_direct,10.6889,0.4357
134,v2,v1,20.0,4.24,0.0,0.6,0.0212,0.0,9.9578,False,all_direct,16.0972,0.8111
134,v2,v7,20.0,4.24,0.0,0.6,0.0212,0.0,9.9578,False,all_direct,16.0953,0.8252
134,v2,v6,20.0,63.07,40.0,0.6,0.3154,0.4,-14.3891,True,all_direct,-8.2496,0.1168
134,v2,v15,20.0,63.07,20.0,0.6,0.3154,0.2,-12.6143,True,all_direct,-6.4771,0.1025
134,v2,v5,20.0,64.0,50.0,0.6,0.32,0.5,-15.1241,True,all_direct,-8.9851,0.1004
134,v3,v11,20.0,3.16,30.0,0.6,0.0158,0.3,7.1835,True,all_direct,13.3223,0.6395
134,v3,v13,20.0,6.32,20.0,0.6,0.0316,0.2,3.3666,False,all_direct,9.5045,0.3264
134,v3,v4,20.0,13.42,20.0,0.6,0.0671,0.2,-1.8592,False,all_direct,4.28,0.1613
134,v3,v5,20.0,39.12,30.0,0.6,0.1956,0.3,-10.294,True,all_direct,-4.1547,0.0943
134,v3,v6,20.0,40.0,20.0,0.6,0.2,0.2,-9.4499,False,all_direct,-3.3137,0.0982
134,v4,v13,40.0,10.0,0.0,1.0,0.05,0.0,24.0,False,all_direct,30.137,0.9818
134,v4,v11,40.0,11.4,10.0,1.0,0.057,0.1,20.6802,False,all_direct,26.8168,0.9828
134,v4,v3,40.0,13.42,20.0,1.0,0.0671,0.2,18.1408,False,all_direct,24.2782,0.9643
134,v4,v8,40.0,39.12,30.0,1.0,0.1956,0.3,9.706,False,all_direct,15.842,0.8018
134,v4,v5,40.0,51.09,10.0,1.0,0.2554,0.1,10.2586,False,all_direct,16.398,0.8346
135,v1,v7,40.0,0.0,0.0,1.0,0.0,0.0,40.0,False,all_direct,46.139,0.9971
135,v1,v2,40.0,4.24,0.0,1.0,0.0212,0.0,29.9578,False,all_direct,36.0945,0.9936
135,v1,v5,40.0,17.26,30.0,1.0,0.0863,0.3,15.3898,False,all_direct,21.5293,0.9412
135,v1,v6,40.0,26.68,20.0,1.0,0.1334,0.2,13.3632,False,all_direct,19.5021,0.9123
135,v1,v15,40.0,46.39,20.0,1.0,0.2319,0.2,9.5203,False,all_direct,15.6573,0.7992
135,v2,v1,20.0,4.24,0.0,0.6,0.0212,0.0,9.9578,False,all_direct,16.097,0.8275
135,v2,v7,20.0,4.24,0.0,0.6,0.0212,0.0,9.9578,False,all_direct,16.0972,0.8172
135,v2,v5,20.0,14.0,30.0,0.6,0.07,0.3,-3.1545,True,all_direct,2.9841,0.134
135,v2,v6,20.0,23.19,20.0,0.6,0.116,0.2,-5.6632,False,all_direct,0.4723,0.1281
135,v2,v15,20.0,43.1,20.0,0.6,0.2155,0.2,-9.9693,False,all_direct,-3.831,0.0957
135,v3,v4,20.0,10.0,0.0,0.6,0.05,0.0,4.0,False,all_direct,10.1371,0.3707
135,v3,v13,20.0,18.97,30.0,0.6,0.0949,0.3,-5.2669,True,all_direct,0.8702,0.1271
135,v3,v11,20.0,29.15,20.0,0.6,0.1458,0.2,-7.2523,False,all_direct,-1.1137,0.1094
135,v3,v15,20.0,40.0,0.0,0.6,0.2,0.0,-5.633,False,all_direct,0.5025,0.1236
135,v3,v6,20.0,60.0,0.0,0.6,0.3,0.0,-8.4504,True,all_direct,-2.3109,0.107
135,v4,v3,40.0,10.0,0.0,1.0,0.05,0.0,24.0,False,all_direct,30.1378,0.9873
135,v4,v13,40.0,10.0,30.0,1.0,0.05,0.3,19.1835,False,all_direct,25.3215,0.974
135,v4,v11,40.0,21.21,20.0,1.0,0.1061,0.2,14.9573,False,all_direct,21.0948,0.9406
135,v4,v15,40.0,32.56,0.0,1.0,0.1628,0.0,15.7976,False,all_direct,21.9338,0.9496
135,v4,v6,40.0,52.35,0.0,1.0,0.2617,0.0,12.498,False,all_direct,18.635,0.8955
136,v1,v7,40.0,0.0,0.0,1.0,0.0,0.0,40.0,False,all_direct,46.1389,0.9971
136,v1,v2,40.0,4.24,0.0,1.0,0.0212,0.0,29.9578,False,all_direct,36.0986,0.9916
136,v1,v5,40.0,4.24,0.0,1.0,0.0212,0.0,29.9578,False,all_direct,36.0981,0.9887
136,v1,v6,40.0,8.49,0.0,1.0,0.0424,0.0,25.1413,False,all_direct,31.2802,0.9857
136,v1,v11,40.0,17.26,20.0,1.0,0.0863,0.2,16.3893,False,all_direct,22.5271,0.9496
136,v2,v5,20.0,0.0,0.0,0.6,0.0,0.0,36.0,False,all_direct,42.1377,0.9961
136,v2,v1,20.0,4.24,0.0,0.6,0.0212,0.0,9.9578,False,all_direct,16.0955,0.8115
136,v2,v6,20.0,4.24,0.0,0.6,0.0212,0.0,9.9578,False,all_direct,16.0963,0.8209
136,v2,v7,20.0,4.24,0.0,0.6,0.0212,0.0,9.9578,False,all_direct,16.0955,0.8229
136,v2,v11,20.0,14.0,20.0,0.6,0.07,0.2,-2.155,False,all_direct,3.9824,0.1486
136,v3,v4,20.0,10.0,30.0,0.6,0.05,0.3,-0.8165,True,all_direct,5.3208,0.1633
136,v3,v15,20.0,40.0,40.0,0.6,0.2,0.4,-11.2247,True,all_direct,-5.0888,0.1021
136,v3,v8,20.0,41.11,20.0,0.6,0.2055,0.2,-9.6401,False,all_direct,-3.5034,0.1008
136,v3,v13,20.0,48.37,20.0,0.6,0.2419,0.2,-10.7707,False,all_direct,-4.633,0.1051
136,v3,v11,20.0,49.09,10.0,0.6,0.2455,0.1,-9.4644,False,all_direct,-3.3276,0.0998
136,v4,v3,40.0,10.0,30.0,1.0,0.05,0.3,19.1835,False,all_direct,25.3204,0.9691
136,v4,v15,40.0,32.56,10.0,1.0,0.1628,0.1,13.3893,False,all_direct,19.5257,0.9215
136,v4,v13,40.0,40.0,10.0,1.0,0.2,0.1,11.9588,False,all_direct,18.0961,0.8789
136,v4,v11,40.0,41.11,20.0,1.0,0.2055,0.2,10.3599,False,all_direct,16.4961,0.8467
136,v4,v8,40.0,49.09,10.0,1.0,0.2455,0.1,10.5356,False,all_direct,16.6718,0.8371
137,v1,v7,40.0,0.0,0.0,1.0,0.0,0.0,40.0,False,all_direct,46.1388,0.998
137,v1,v13,40.0,0.0,0.0,1.0,0.0,0.0,40.0,False,all_direct,46.1373,0.998
137,v1,v2,40.0,4.24,0.0,1.0,0.0212,0.0,29.9578,False,all_direct,36.0957,0.9926
137,v1,v5,40.0,4.24,0.0,1.0,0.0212,0.0,29.9578,False,all_direct,36.0986,0.9912
137,v1,v11,40.0,4.24,0.0,1.0,0.0212,0.0,29.9578,False,all_direct,36.0974,0.9906
137,v2,v5,20.0,0.0,0.0,0.6,0.0,0.0,36.0,False,all_direct,42.1375,0.9971
137,v2,v11,20.0,0.0,0.0,0.6,0.0,0.0,36.0,False,all_direct,42.1383,0.9951
137,v2,v1,20.0,4.24,0.0,0.6,0.0212,0.0,9.9578,False,all_direct,16.0968,0.8225
137,v2,v6,20.0,4.24,0.0,0.6,0.0212,0.0,9.9578,False,all_direct,16.0965,0.8156
137,v2,v7,20.0,4.24,0.0,0.6,0.0212,0.0,9.9578,False,all_direct,16.0975,0.817
137,v3,v8,20.0,21.21,10.0,0.6,0.1061,0.1,-3.6339,False,all_direct,2.5035,0.1379
137,v3,v4,20.0,38.47,30.0,0.6,0.1924,0.3,-10.1786,True,all_direct,-4.0419,0.0982
137,v3,v6,20.0,50.0,50.0,0.6,0.25,0.5,-13.4087,True,all_direct,-7.2719,0.0918
137,v3,v15,20.0,50.0,50.0,0.6,0.25,0.5,-13.4087,True,all_direct,-7.2702,0.1021
137,v3,v2,20.0,53.08,50.0,0.6,0.2654,0.5,-13.8247,True,all_direct,-7.6883,0.1041
137,v4,v6,40.0,13.42,20.0,1.0,0.0671,0.2,18.1408,False,all_direct,24.2788,0.9656
137,v4,v15,40.0,13.42,20.0,1.0,0.0671,0.2,18.1408,False,all_direct,24.2788,0.9666
137,v4,v2,40.0,15.3,20.0,1.0,0.0765,0.2,17.2293,False,all_direct,23.3684,0.9617
137,v4,v5,40.0,15.3,20.0,1.0,0.0765,0.2,17.2293,False,all_direct,23.3684,0.9564
137,v4,v11,40.0,15.3,20.0,1.0,0.0765,0.2,17.2293,False,all_direct,23.3673,0.9584
138,v1,v4,40.0,0.0,0.0,1.0,0.0,0.0,40.0,False,all_direct,46.1384,0.9971
138,v1,v7,40.0,0.0,0.0,1.0,0.0,0.0,40.0,False,all_direct,46.1374,0.999
138,v1,v13,40.0,0.0,0.0,1.0,0.0,0.0,40.0,False,all_direct,46.1374,0.9971
138,v1,v2,40.0,4.24,0.0,1.0,0.0212,0.0,29.9578,False,all_direct,36.0958,0.9922
138,v1,v5,40.0,4.24,0.0,1.0,0.0212,0.0,29.9578,False,all_direct,36.0945,0.9961
138,v2,v5,20.0,0.0,0.0,0.6,0.0,0.0,36.0,False,all_direct,42.1385,0.9932
138,v2,v11,20.0,0.0,0.0,0.6,0.0,0.0,36.0,False,all_direct,42.137,0.9951
138,v2,v1,20.0,4.24,0.0,0.6,0.0212,0.0,9.9578,False,all_direct,16.0958,0.8273
138,v2,v3,20.0,4.24,0.0,0.6,0.0212,0.0,9.9578,False,all_direct,16.0945,0.8221
138,v2,v4,20.0,4.24,0.0,0.6,0.0212,0.0,9.9578,False,all_direct,16.094,0.8242
138,v3,v6,20.0,0.0,0.0,0.6,0.0,0.0,36.0,False,all_direct,42.1367,0.9941
138,v3,v15,20.0,0.0,0.0,0.6,0.0,0.0,36.0,False,all_direct,42.1367,0.9971
138,v3,v2,20.0,4.24,0.0,0.6,0.0212,0.0,9.9578,False,all_direct,16.0971,0.8215
138,v3,v5,20.0,4.24,0.0,0.6,0.0212,0.0,9.9578,False,all_direct,16.0943,0.8242
138,v3,v11,20.0,4.24,0.0,0.6,0.0212,0.0,9.9578,False,all_direct,16.0931,0.8324
138,v4,v1,40.0,0.0,0.0,1.0,0.0,0.0,40.0,False,all_direct,46.1371,0.998
138,v4,v7,40.0,0.0,0.0,1.0,0.0,0.0,40.0,False,all_direct,46.1382,0.9961
138,v4,v13,40.0,0.0,0.0,1.0,0.0,0.0,40.0,False,all_direct,46.1368,0.9961
138,v4,v2,40.0,4.24,0.0,1.0,0.0212,0.0,29.9578,False,all_direct,36.0934,0.9941
138,v4,v5,40.0,4.24,0.0,1.0,0.0212,0.0,29.9578,False,all_direct,36.0947,0.9896
139,v1,v4,40.0,0.0,0.0,1.0,0.0,0.0,40.0,False,all_direct,46.1362,0.9971
139,v1,v7,40.0,0.0,0.0,1.0,0.0,0.0,40.0,False,all_direct,46.1363,0.998
139,v1,v13,40.0,0.0,0.0,1.0,0.0,0.0,40.0,False,all_direct,46.138,0.998
139,v1,v2,40.0,4.24,0.0,1.0,0.0212,0.0,29.9578,False,all_direct,36.0959,0.9926
139,v1,v5,40.0,4.24,0.0,1.0,0.0212,0.0,29.9578,False,all_direct,36.0948,0.9941
139,v2,v5,20.0,0.0,0.0,0.6,0.0,0.0,36.0,False,all_direct,42.1363,0.998
139,v2,v8,20.0,0.0,0.0,0.6,0.0,0.0,36.0,False,all_direct,42.1367,0.9961
139,v2,v11,20.0,0.0,0.0,0.6,0.0,0.0,36.0,False,all_direct,42.1384,0.9941
139,v2,v1,20.0,4.24,0.0,0.6,0.0212,0.0,9.9578,False,all_direct,16.0951,0.8232
139,v2,v3,20.0,4.24,0.0,0.6,0.0212,0.0,9.9578,False,all_direct,16.0951,0.8127
139,v3,v6,20.0,0.0,0.0,0.6,0.0,0.0,36.0,False,all_direct,42.1365,0.9971
139,v3,v15,20.0,0.0,0.0,0.6,0.0,0.0,36.0,False,all_direct,42.1361,0.998
139,v3,v2,20.0,4.24,0.0,0.6,0.0212,0.0,9.9578,False,all_direct,16.0964,0.8287
139,v3,v5,20.0,4.24,0.0,0.6,0.0212,0.0,9.9578,False,all_direct,16.0962,0.8205
139,v3,v8,20.0,4.24,0.0,0.6,0.0212,0.0,9.9578,False,all_direct,16.0968,0.817
139,v4,v1,40.0,0.0,0.0,1.0,0.0,0.0,40.0,False,all_direct,46.1359,0.998
139,v4,v7,40.0,0.0,0.0,1.0,0.0,0.0,40.0,False,all_direct,46.138,0.999
139,v4,v13,40.0,0.0,0.0,1.0,0.0,0.0,40.0,False,all_direct,46.1358,0.999
139,v4,v2,40.0,4.24,0.0,1.0,0.0212,0.0,29.9578,False,all_direct,36.0935,0.9922
139,v4,v5,40.0,4.24,0.0,1.0,0.0212,0.0,29.9578,False,all_direct,36.0952,0.9932
140,v1,v4,40.0,0.0,0.0,1.0,0.0,0.0,40.0,False,all_direct,46.1373,0.9951
140,v1,v7,40.0,0.0,0.0,1.0,0.0,0.0,40.0,False,all_direct,46.1372,0.998
140,v1,v13,40.0,0.0,0.0,1.0,0.0,0.0,40.0,False,all_direct,46.1385,0.9961
140,v1,v2,40.0,4.24,0.0,1.0,0.0212,0.0,29.9578,False,all_direct,36.0943,0.9932
140,v1,v5,40.0,4.24,0.0,1.0,0.0212,0.0,29.9578,False,all_direct,36.094,0.9906
140,v2,v5,20.0,0.0,0.0,0.6,0.0,0.0,36.0,False,all_direct,42.1383,0.9971
140,v2,v8,20.0,0.0,0.0,0.6,0.0,0.0,36.0,False,all_direct,42.1369,0.9941
140,v2,v11,20.0,0.0,0.0,0.6,0.0,0.0,36.0,False,all_direct,42.1388,0.9951
140,v2,v1,20.0,4.24,0.0,0.6,0.0212,0.0,9.9578,False,all_direct,16.0962,0.8115
140,v2,v3,20.0,4.24,0.0,0.6,0.0212,0.0,9.9578,False,all_direct,16.0937,0.8248
140,v3,v6,20.0,0.0,0.0,0.6,0.0,0.0,36.0,False,all_direct,42.1397,0.9951
140,v3,v15,20.0,0.0,0.0,0.6,0.0,0.0,36.0,False,all_direct,42.1385,0.9961
140,v3,v2,20.0,4.24,0.0,0.6,0.0212,0.0,9.9578,False,all_direct,16.0954,0.8252
140,v3,v5,20.0,4.24,0.0,0.6,0.0212,0.0,9.9578,False,all_direct,16.0947,0.8211
140,v3,v8,20.0,4.24,0.0,0.6,0.0212,0.0,9.9578,False,all_direct,16.0962,0.8309
140,v4,v1,40.0,0.0,0.0,1.0,0.0,0.0,40.0,False,all_direct,46.1376,0.998
140,v4,v7,40.0,0.0,0.0,1.0,0.0,0.0,40.0,False,all_direct,46.1366,0.999
140,v4,v13,40.0,0.0,0.0,1.0,0.0,0.0,40.0,False,all_direct,46.139,0.999
140,v4,v2,40.0,4.24,0.0,1.0,0.0212,0.0,29.9578,False,all_direct,36.096,0.9916
140,v4,v5,40.0,4.24,0.0,1.0,0.0212,0.0,29.9578,False,all_direct,36.0968,0.9922
